,0
0,1.928272620374586e-95
1,1.9282726201791527e-95
2,1.9282726199833757e-95
3,1.9282726197872538e-95
4,1.9282726195907875e-95
5,1.928272619393975e-95
6,1.9282726191968158e-95
7,1.9282726189993103e-95
8,1.928272618801457e-95
9,1.928272618603255e-95
10,1.928272618404705e-95
11,1.9282726182058052e-95
12,1.9282726180065553e-95
13,1.9282726178069545e-95
14,1.9282726176070027e-95
15,1.9282726174066996e-95
16,1.9282726172060436e-95
17,1.9282726170050346e-95
18,1.928272616803672e-95
19,1.9282726166019545e-95
20,1.9282726163998824e-95
21,1.9282726161974546e-95
22,1.9282726159946706e-95
23,1.9282726157915297e-95
24,1.9282726155880318e-95
25,1.9282726153841757e-95
26,1.9282726151799606e-95
27,1.928272614975386e-95
28,1.9282726147704513e-95
29,1.928272614565156e-95
30,1.9282726143594993e-95
31,1.9282726141534812e-95
32,1.9282726139471006e-95
33,1.9282726137403567e-95
34,1.9282726135332482e-95
35,1.9282726133257764e-95
36,1.928272613117939e-95
37,1.9282726129097358e-95
38,1.928272612701166e-95
39,1.9282726124922295e-95
40,1.9282726122829252e-95
41,1.928272612073253e-95
42,1.9282726118632118e-95
43,1.9282726116528e-95
44,1.9282726114420187e-95
45,1.9282726112308665e-95
46,1.9282726110193424e-95
47,1.9282726108074463e-95
48,1.9282726105951774e-95
49,1.9282726103825345e-95
50,1.9282726101695184e-95
51,1.9282726099561265e-95
52,1.9282726097423596e-95
53,1.928272609528216e-95
54,1.9282726093136955e-95
55,1.928272609098798e-95
56,1.928272608883522e-95
57,1.928272608667868e-95
58,1.9282726084518338e-95
59,1.928272608235419e-95
60,1.928272608018624e-95
61,1.9282726078014468e-95
62,1.9282726075838883e-95
63,1.9282726073659463e-95
64,1.9282726071476214e-95
65,1.9282726069289123e-95
66,1.928272606709818e-95
67,1.9282726064903378e-95
68,1.9282726062704714e-95
69,1.9282726060502187e-95
70,1.928272605829578e-95
71,1.928272605608549e-95
72,1.9282726053871313e-95
73,1.928272605165324e-95
74,1.9282726049431266e-95
75,1.9282726047205374e-95
76,1.9282726044975573e-95
77,1.9282726042741844e-95
78,1.9282726040504183e-95
79,1.928272603826258e-95
80,1.928272603601704e-95
81,1.9282726033767545e-95
82,1.9282726031514097e-95
83,1.9282726029256676e-95
84,1.9282726026995287e-95
85,1.9282726024729912e-95
86,1.9282726022460563e-95
87,1.928272602018721e-95
88,1.928272601790986e-95
89,1.92827260156285e-95
90,1.928272601334313e-95
91,1.9282726011053735e-95
92,1.9282726008760314e-95
93,1.928272600646286e-95
94,1.9282726004161355e-95
95,1.9282726001855803e-95
96,1.9282725999546196e-95
97,1.9282725997232523e-95
98,1.9282725994914776e-95
99,1.928272599259295e-95
100,1.9282725990267043e-95
101,1.928272598793704e-95
102,1.928272598560294e-95
103,1.928272598326473e-95
104,1.9282725980922398e-95
105,1.928272597857596e-95
106,1.9282725976225383e-95
107,1.9282725973870668e-95
108,1.9282725971511815e-95
109,1.92827259691488e-95
110,1.9282725966781644e-95
111,1.928272596441031e-95
112,1.9282725962034804e-95
113,1.928272595965512e-95
114,1.9282725957271254e-95
115,1.9282725954883184e-95
116,1.9282725952490913e-95
117,1.9282725950094436e-95
118,1.928272594769374e-95
119,1.9282725945288816e-95
120,1.9282725942879666e-95
121,1.9282725940466274e-95
122,1.9282725938048635e-95
123,1.928272593562674e-95
124,1.9282725933200585e-95
125,1.9282725930770165e-95
126,1.9282725928335453e-95
127,1.9282725925896467e-95
128,1.928272592345319e-95
129,1.9282725921005615e-95
130,1.9282725918553725e-95
131,1.9282725916097528e-95
132,1.9282725913637006e-95
133,1.9282725911172156e-95
134,1.9282725908702962e-95
135,1.928272590622943e-95
136,1.928272590375154e-95
137,1.9282725901269292e-95
138,1.9282725898782674e-95
139,1.9282725896291687e-95
140,1.928272589379631e-95
141,1.928272589129654e-95
142,1.9282725888792372e-95
143,1.92827258862838e-95
144,1.9282725883770817e-95
145,1.9282725881253408e-95
146,1.9282725878731568e-95
147,1.9282725876205287e-95
148,1.9282725873674562e-95
149,1.928272587113939e-95
150,1.9282725868599753e-95
151,1.928272586605565e-95
152,1.9282725863507063e-95
153,1.928272586095399e-95
154,1.9282725858396434e-95
155,1.928272585583437e-95
156,1.9282725853267798e-95
157,1.9282725850696708e-95
158,1.9282725848121095e-95
159,1.928272584554095e-95
160,1.928272584295627e-95
161,1.9282725840367037e-95
162,1.9282725837773248e-95
163,1.9282725835174895e-95
164,1.9282725832571967e-95
165,1.9282725829964462e-95
166,1.9282725827352367e-95
167,1.9282725824735674e-95
168,1.9282725822114378e-95
169,1.928272581948847e-95
170,1.9282725816857936e-95
171,1.928272581422278e-95
172,1.9282725811582983e-95
173,1.9282725808938544e-95
174,1.9282725806289444e-95
175,1.9282725803635684e-95
176,1.928272580097726e-95
177,1.928272579831416e-95
178,1.9282725795646364e-95
179,1.928272579297388e-95
180,1.928272579029668e-95
181,1.9282725787614784e-95
182,1.9282725784928164e-95
183,1.928272578223682e-95
184,1.928272577954073e-95
185,1.9282725776839907e-95
186,1.9282725774134326e-95
187,1.928272577142398e-95
188,1.928272576870887e-95
189,1.928272576598898e-95
190,1.9282725763264303e-95
191,1.9282725760534834e-95
192,1.9282725757800556e-95
193,1.928272575506147e-95
194,1.9282725752317564e-95
195,1.928272574956883e-95
196,1.9282725746815262e-95
197,1.9282725744056846e-95
198,1.928272574129357e-95
199,1.9282725738525437e-95
200,1.9282725735752427e-95
201,1.9282725732974547e-95
202,1.9282725730191774e-95
203,1.9282725727404108e-95
204,1.9282725724611522e-95
205,1.9282725721814035e-95
206,1.9282725719011626e-95
207,1.928272571620428e-95
208,1.9282725713391987e-95
209,1.9282725710574758e-95
210,1.9282725707752572e-95
211,1.928272570492541e-95
212,1.9282725702093275e-95
213,1.9282725699256156e-95
214,1.9282725696414048e-95
215,1.928272569356694e-95
216,1.928272569071482e-95
217,1.9282725687857674e-95
218,1.928272568499551e-95
219,1.9282725682128303e-95
220,1.9282725679256056e-95
221,1.9282725676378746e-95
222,1.928272567349638e-95
223,1.928272567060894e-95
224,1.928272566771642e-95
225,1.928272566481881e-95
226,1.9282725661916094e-95
227,1.9282725659008273e-95
228,1.9282725656095343e-95
229,1.9282725653177283e-95
230,1.928272565025408e-95
231,1.928272564732574e-95
232,1.928272564439225e-95
233,1.928272564145359e-95
234,1.9282725638509762e-95
235,1.9282725635560756e-95
236,1.928272563260656e-95
237,1.928272562964716e-95
238,1.9282725626682554e-95
239,1.9282725623712733e-95
240,1.9282725620737687e-95
241,1.9282725617757407e-95
242,1.9282725614771882e-95
243,1.9282725611781098e-95
244,2.3282645723702706e-19
245,5.363537003198424e-19
246,8.442657214383578e-19
247,1.1567949457710222e-18
248,1.4732581385228872e-18
249,1.7971050421084446e-18
250,2.123507850139188e-18
251,2.458238248475718e-18
252,2.7961764786908876e-18
253,3.1446827194746916e-18
254,3.4938022450615804e-18
255,3.8566960577732346e-18
256,4.221180418440748e-18
257,4.596715936431797e-18
258,4.9781617606979785e-18
259,5.3672594328965236e-18
260,5.767301266630654e-18
261,6.170929807414195e-18
262,6.591245879576119e-18
263,7.012301604084629e-18
264,7.453406243226407e-18
265,7.897235609964771e-18
266,8.355598934419506e-18
267,8.82407878077303e-18
268,9.300735132166419e-18
269,9.795801570228428e-18
270,1.0291851684263264e-17
271,1.081550541167951e-17
272,1.1340080640158424e-17
273,1.188643002319459e-17
274,1.24417169266965e-17
275,1.3011961120149243e-17
276,1.3600108671971419e-17
277,1.4195638511864057e-17
278,1.4818875513066066e-17
279,1.544320925726351e-17
280,1.61018045033558e-17
281,1.676360700388354e-17
282,1.7452858879045758e-17
283,1.8154537341874973e-17
284,1.887618719398696e-17
285,1.962024325055112e-17
286,2.03761328171384e-17
287,2.1165167283592508e-17
288,2.1957243790150127e-17
289,2.2793961422962097e-17
290,2.3632151471881963e-17
291,2.451149730605853e-17
292,2.5400272844713586e-17
293,2.632287682675194e-17
294,2.72651699591404e-17
295,2.823344311279318e-17
296,2.923230446030859e-17
297,3.024879188359698e-17
298,3.130739545229109e-17
299,3.237478319367162e-17
300,3.349643129105598e-17
301,3.462005321169331e-17
302,3.580568177703662e-17
303,3.699590079794838e-17
304,3.8241710753710114e-17
305,3.950210706093729e-17
306,4.0811389119355554e-17
307,4.2145686574129676e-17
308,4.352190825981387e-17
309,4.4933979593188e-17
310,4.6380793910614804e-17
311,4.7874666000189624e-17
312,4.9395920457268746e-17
313,5.0975779691057516e-17
314,5.257552568290757e-17
315,5.424572341496828e-17
316,5.592822597270171e-17
317,5.76932840750031e-17
318,5.946303198494038e-17
319,6.132764849945537e-17
320,6.31955462778699e-17
321,6.517030021154146e-17
322,6.715552395340487e-17
323,6.921503745783823e-17
324,7.13239525862768e-17
325,7.347196686497098e-17
326,7.571120919410568e-17
327,7.795439203590923e-17
328,8.032815594692063e-17
329,8.270882301926282e-17
330,8.518616149000212e-17
331,8.771153022871553e-17
332,9.029712305393832e-17
333,9.297471039150294e-17
334,9.567348936380023e-17
335,9.85111216754055e-17
336,1.0135374751803356e-16
337,1.0433410761737566e-16
338,1.0734522037701131e-16
339,1.1046794954912907e-16
340,1.1367394007728131e-16
341,1.1690398892104354e-16
342,1.2031712925095478e-16
343,1.237362758636416e-16
344,1.272859240114603e-16
345,1.3092410554182859e-16
346,1.3459474110455192e-16
347,1.384640045499673e-16
348,1.423400769420121e-16
349,1.4637154899252165e-16
350,1.504917258390911e-16
351,1.5466297412113282e-16
352,1.5904044003346795e-16
353,1.634256092030597e-16
354,1.6800373147448853e-16
355,1.7266044176172135e-16
356,1.7739984884971592e-16
357,1.8234251349254024e-16
358,1.872938760025709e-16
359,1.9249147672215598e-16
360,1.9774437370084742e-16
361,2.0312780493835263e-16
362,2.0869797564801587e-16
363,2.1427794848033108e-16
364,2.2017669622199548e-16
365,2.2609095652181496e-16
366,2.322034626719162e-16
367,2.3846918004827746e-16
368,2.4480798620316044e-16
369,2.514791161276983e-16
370,2.5816198559074857e-16
371,2.650693036388518e-16
372,2.721815775911101e-16
373,2.793063673862356e-16
374,2.868397827783175e-16
375,2.944346409478165e-16
376,3.0212376735511226e-16
377,3.1021507483383995e-16
378,3.183206210122387e-16
379,3.2667010546012134e-16
380,3.353003691676352e-16
381,3.439458200044474e-16
382,3.5300694920889464e-16
383,3.6220642876410737e-16
384,3.714669072488237e-16
385,3.81250025585253e-16
386,3.910503597899174e-16
387,4.011054851056716e-16
388,4.1152141135764335e-16
389,4.2195566706322334e-16
390,4.328665945608799e-16
391,4.439498130371854e-16
392,4.551185170745502e-16
393,4.668843339458467e-16
394,4.786708557442762e-16
395,4.907945565488452e-16
396,5.032999656345104e-16
397,5.158273811466237e-16
398,5.289780660704514e-16
399,5.42262221937998e-16
400,5.557449110528785e-16
401,5.698238779668599e-16
402,5.839276203797526e-16
403,5.985552581103875e-16
404,6.134948782949639e-16
405,6.285010218029749e-16
406,6.443177641416287e-16
407,6.601623400339934e-16
408,6.764443926631251e-16
409,6.932105772287312e-16
410,7.100062661314571e-16
411,7.276572534488172e-16
412,7.454208682238507e-16
413,7.635562246192724e-16
414,7.823341863269222e-16
415,8.011451926017056e-16
416,8.208040478048669e-16
417,8.406794673108079e-16
418,8.608906236651586e-16
419,8.818805670284946e-16
420,9.029074474993784e-16
421,9.248766166616436e-16
422,9.471548074259095e-16
423,9.695760857602996e-16
424,9.932111927206931e-16
425,1.0168878916220822e-15
426,1.0410278484807853e-15
427,1.0661320034679192e-15
428,1.0912803355570768e-15
429,1.1172641072481264e-15
430,1.1439133716049234e-15
431,1.1706095320739179e-15
432,1.1985700062970213e-15
433,1.2268436038441476e-15
434,1.2553173877716897e-15
435,1.2852451394077167e-15
436,1.3152255564823358e-15
437,1.3458868564848822e-15
438,1.377604129611525e-15
439,1.4093772172917744e-15
440,1.4423812671616847e-15
441,1.4759772251331582e-15
442,1.5096386401323583e-15
443,1.5451435360552457e-15
444,1.5807109118106374e-15
445,1.616964244874962e-15
446,1.6545333373958442e-15
447,1.6921685422244449e-15
448,1.7312807221110406e-15
449,1.771142091018628e-15
450,1.8110736060731417e-15
451,1.8529735366155634e-15
452,1.8952443175915734e-15
453,1.9377462643546537e-15
454,1.982469744736797e-15
455,2.027271927378927e-15
456,2.0728404982139068e-15
457,2.1202177093536752e-15
458,2.1676782926628557e-15
459,2.216525080100324e-15
460,2.266687957758375e-15
461,2.3169391096695528e-15
462,2.3692882630484893e-15
463,2.4223740657772765e-15
464,2.4755892550799497e-15
465,2.5316420917874613e-15
466,2.5877935676184813e-15
467,2.6448620632068105e-15
468,2.704123334972197e-15
469,2.7634888919127996e-15
470,2.824670765789703e-15
471,2.887294444009984e-15
472,2.950028324408717e-15
473,3.015651700703518e-15
474,3.0818600634658595e-15
475,3.148560578597192e-15
476,3.2184001863356918e-15
477,3.288362694502834e-15
478,3.3597980520284993e-15
479,3.4335607328741054e-15
480,3.5074532177861447e-15
481,3.5839398374203385e-15
482,3.661807652590955e-15
483,3.739812495848451e-15
484,3.821684399054159e-15
485,3.903846131668506e-15
486,3.987262862125754e-15
487,4.0737619868182784e-15
488,4.160413328566304e-15
489,4.249752476076253e-15
490,4.34093575744354e-15
491,4.432279498822768e-15
492,4.5279257702954475e-15
493,4.6240029224408844e-15
494,4.721597248437796e-15
495,4.822607709035701e-15
496,4.923795923048829e-15
497,5.028322469760634e-15
498,5.13465948770928e-15
499,5.2413844868403975e-15
500,5.353083841331987e-15
501,5.464979759046566e-15
502,5.579426941054068e-15
503,5.697157546740835e-15
504,5.815095329159933e-15
505,5.937339555304073e-15
506,6.0613727959992876e-15
507,6.185771765914136e-15
508,6.316159382640707e-15
509,6.446776449306328e-15
510,6.579718642113085e-15
511,6.716969274352012e-15
512,6.854461433738601e-15
513,6.996484729642561e-15
514,7.140899464538076e-15
515,7.285614942560313e-15
516,7.437238658278173e-15
517,7.589129194213074e-15
518,7.743791030985662e-15
519,7.903199442706253e-15
520,8.062888373781932e-15
521,8.228111877450573e-15
522,8.395638178494455e-15
523,8.564211241424942e-15
524,8.739890932983529e-15
525,8.915879777322194e-15
526,9.096013781684996e-15
527,9.280496939463032e-15
528,9.465304741942535e-15
529,9.657701281046447e-15
530,9.851355739239889e-15
531,1.0047897191196972e-14
532,1.0250746176283793e-14
533,1.0453952125382014e-14
534,1.0663905559283564e-14
535,1.0876681429717111e-14
536,1.1091278578981109e-14
537,1.1313994555192896e-14
538,1.153710245640264e-14
539,1.1766363148911356e-14
540,1.199981071615208e-14
541,1.2234275422148282e-14
542,1.247845620202076e-14
543,1.2723066679632173e-14
544,1.2973556010882908e-14
545,1.322932457679904e-14
546,1.3485672287160842e-14
547,1.3755844885263232e-14
548,1.4026492920270535e-14
549,1.429761722883373e-14
550,1.4581412631303863e-14
551,1.4867668512007025e-14
552,1.515442813221076e-14
553,1.5452478216927726e-14
554,1.575509960994179e-14
555,1.6058253541706718e-14
556,1.6371364043362047e-14
557,1.6691138838930497e-14
558,1.7011476358991843e-14
559,1.7340500073617367e-14
560,1.767824734870506e-14
561,1.8016588975400298e-14
562,1.836242810613408e-14
563,1.8718999111271278e-14
564,1.9076197593120738e-14
565,1.9439806182875815e-14
566,1.981608535317493e-14
567,2.0193026681677782e-14
568,2.0575413134923612e-14
569,2.097231912567156e-14
570,2.136992357272061e-14
571,2.1772153268614524e-14
572,2.219064001585341e-14
573,2.2609863196181895e-14
574,2.3033061195316146e-14
575,2.3474119001835152e-14
576,2.3915952960919856e-14
577,2.4361306807982734e-14
578,2.4825963455143884e-14
579,2.5291437782987573e-14
580,2.5760346829364315e-14
581,2.6250985637741123e-14
582,2.6742487848971433e-14
583,2.7234854982430046e-14
584,2.7751070343993364e-14
585,2.826981541150013e-14
586,2.878947334191714e-14
587,2.9329896850647394e-14
588,2.987714575175404e-14
589,3.04253576754607e-14
590,3.0991308783416724e-14
591,3.15683698632576e-14
592,3.214644642775163e-14
593,3.2739460483379705e-14
594,3.334797677247098e-14
595,3.395756389959527e-14
596,3.457832221836091e-14
597,3.5219697220267766e-14
598,3.586220088340629e-14
599,3.6512283054539817e-14
600,3.718796917090805e-14
601,3.786484432757351e-14
602,3.8545923065403864e-14
603,3.9257422828848963e-14
604,3.997017465574233e-14
605,4.068418074940491e-14
606,4.143288735550332e-14
607,4.218307250400397e-14
608,4.293457779265066e-14
609,4.371939774024723e-14
610,4.450862561192223e-14
611,4.529924232926818e-14
612,4.612220182599349e-14
613,4.695213586829979e-14
614,4.778353038905756e-14
615,4.8646767490530354e-14
616,4.9519126512896257e-14
617,5.0393020671172785e-14
618,5.129878998481734e-14
619,5.221534949527831e-14
620,5.31335219235634e-14
621,5.4084199429408157e-14
622,5.5046792991988644e-14
623,5.601108048092525e-14
624,5.70091684701822e-14
625,5.801968908320766e-14
626,5.903198796232905e-14
627,6.008012009453687e-14
628,6.114052159005879e-14
629,6.220278912967713e-14
630,6.33037356091874e-14
631,6.441603407372158e-14
632,6.553028990816523e-14
633,6.6686962780724e-14
634,6.785323799747922e-14
635,6.902156556986025e-14
636,7.023702414003829e-14
637,7.145942105283702e-14
638,7.268396908154729e-14
639,7.39614254517586e-14
640,7.52421556508481e-14
641,7.652897740536897e-14
642,7.786796434981147e-14
643,7.920930757974735e-14
644,8.056290033956929e-14
645,8.196473914019234e-14
646,8.33690448300091e-14
647,8.479305070140457e-14
648,8.626015777207756e-14
649,8.772984658793442e-14
650,8.922808253921239e-14
651,9.076294697835708e-14
652,9.230051239887191e-14
653,9.387697640068576e-14
654,9.548216158668494e-14
655,9.709017150115177e-14
656,9.874904879246549e-14
657,1.0042719400212897e-13
658,1.0210829233183024e-13
659,1.0385790556663993e-13
660,1.0561600351527197e-13
661,1.0737719528095883e-13
662,1.0921079906562301e-13
663,1.1105194597160172e-13
664,1.1289633284022986e-13
665,1.1481842163282976e-13
666,1.1674580657264329e-13
667,1.1867850757184204e-13
668,1.2069187145477954e-13
669,1.2270877835958983e-13
670,1.2473656091575318e-13
671,1.268426643809669e-13
672,1.2895247406674598e-13
673,1.3108042927346513e-13
674,1.3328274596689393e-13
675,1.354889381923364e-13
676,1.3772239930999833e-13
677,1.4002450372886653e-13
678,1.4233065928142695e-13
679,1.4468022258389504e-13
680,1.4709911895233386e-13
681,1.4952227197936607e-13
682,1.5196027789628363e-13
683,1.5450077155662853e-13
684,1.5704573585667898e-13
685,1.595951786636505e-13
686,1.6224376890915111e-13
687,1.6491551138923069e-13
688,1.6759195547442267e-13
689,1.70342994703084e-13
690,1.7314663887704673e-13
691,1.7595521677042763e-13
692,1.7881748227813587e-13
693,1.8176793613642052e-13
694,1.8472358206279943e-13
695,1.876844291940231e-13
696,1.9077688936987998e-13
697,1.9388580912213916e-13
698,1.9700019980320635e-13
699,2.001902645341224e-13
700,2.0345886372415788e-13
701,2.0673321483925342e-13
702,2.1002552457696881e-13
703,2.134604131219895e-13
704,2.1690134622013825e-13
705,2.2034833450832765e-13
706,2.2390885007261617e-13
707,2.27523195934692e-13
708,2.311439021503111e-13
709,2.3482331737285167e-13
710,2.386181206392843e-13
711,2.4241960181958294e-13
712,2.4622777266521687e-13
713,2.5020625675882443e-13
714,2.5419578887455174e-13
715,2.5819234157867005e-13
716,2.6231491225951746e-13
717,2.665098564548537e-13
718,2.70712182712948e-13
719,2.7495173098455247e-13
720,2.7936049443583286e-13
721,2.837770162187856e-13
722,2.882013099861475e-13
723,2.927704229119108e-13
724,2.9740982107752265e-13
725,3.0205738343475543e-13
726,3.067632904463948e-13
727,3.1163451021605647e-13
728,3.165143021259223e-13
729,3.214026812608292e-13
730,3.264759610420454e-13
731,3.315972138651916e-13
732,3.3672747882475747e-13
733,3.4196004655357355e-13
734,3.4733226768955096e-13
735,3.5271394260399253e-13
736,3.5811376525999674e-13
737,3.6374940446096863e-13
738,3.693949609909257e-13
739,3.750504523019026e-13
740,3.808722721432567e-13
741,3.8679207464184654e-13
742,3.927222945264039e-13
743,3.98730094760019e-13
744,4.0493481663734086e-13
745,4.1115045728813467e-13
746,4.1737703592672796e-13
747,4.238538680103809e-13
748,4.303659376734764e-13
749,4.3688946696597465e-13
750,4.435810935484471e-13
751,4.504009230620106e-13
752,4.572327537860471e-13
753,4.641495782577023e-13
754,4.712888276749596e-13
755,4.784406404025613e-13
756,4.856050385488132e-13
757,4.930643297862247e-13
758,5.005481416036152e-13
759,5.080451230757757e-13
760,5.157801655454617e-13
761,5.236328759930902e-13
762,5.314994052656566e-13
763,5.394385278068257e-13
764,5.47675064273464e-13
765,5.559260950037085e-13
766,5.641916455038598e-13
767,5.727127357746615e-13
768,5.813637073829244e-13
769,5.900299025579211e-13
770,5.987853823106491e-13
771,6.078522327041628e-13
772,6.169350385079993e-13
773,6.260338277997157e-13
774,6.354331856494678e-13
775,6.449490804610634e-13
776,6.544817208898496e-13
777,6.64149655722126e-13
778,6.741156437071731e-13
779,6.840991693618403e-13
780,6.941002635480659e-13
781,7.044799837549155e-13
782,7.149319691319723e-13
783,7.254023474135877e-13
784,7.360890496902649e-13
785,7.470276237080308e-13
786,7.579854469057514e-13
787,7.689915388897648e-13
788,7.804353992286787e-13
789,7.918993979262268e-13
790,8.033835704209146e-13
791,8.15220506424297e-13
792,8.272306170181242e-13
793,8.392618624306585e-13
794,8.514039245915374e-13
795,8.639808654748304e-13
796,8.765799386576347e-13
797,8.892011830872926e-13
798,9.02205739007428e-13
799,9.153939852098225e-13
800,9.286054394575379e-13
801,9.419629538918707e-13
802,9.557623201683341e-13
803,9.695859699099532e-13
804,9.834339458495922e-13
805,9.977454587735573e-13
806,1.0122039041187977e-12
807,1.0266877927449528e-12
808,1.0414061797054655e-12
809,1.0565226468944941e-12
810,1.0716657153197537e-12
811,1.0868354317928046e-12
812,1.102607945680919e-12
813,1.1184341000967473e-12
814,1.134288104622362e-12
815,1.1505380583896939e-12
816,1.1670894600887038e-12
817,1.183669988152918e-12
818,1.2003592913951288e-12
819,1.2176622421395136e-12
820,1.2349956417890924e-12
821,1.2523595439263675e-12
822,1.2702261585395957e-12
823,1.2883394942660117e-12
824,1.3064847049742454e-12
825,1.3248576142118443e-12
826,1.3437786805306705e-12
827,1.3627330432368935e-12
828,1.3817207609238693e-12
829,1.4013931186698686e-12
830,1.4211852218913937e-12
831,1.441012154309269e-12
832,1.461265588075781e-12
833,1.481924779372206e-12
834,1.5026203257249948e-12
835,1.5234818088457555e-12
836,1.545038208944625e-12
837,1.566632542964882e-12
838,1.5882648776607897e-12
839,1.6106150395208227e-12
840,1.6331391237964829e-12
841,1.6557028448776963e-12
842,1.6787479177242384e-12
843,1.7022335182042291e-12
844,1.725760447519863e-12
845,1.749532691208754e-12
846,1.7740123918892582e-12
847,1.7985351707752479e-12
848,1.823101103673643e-12
849,1.8485757110323337e-12
850,1.874127815206877e-12
851,1.899724884751074e-12
852,1.9261207164641446e-12
853,1.952868591167132e-12
854,1.9796635354993745e-12
855,2.0065418868800147e-12
856,2.0345293570387527e-12
857,2.062566078207342e-12
858,2.090652137055313e-12
859,2.1192186377410237e-12
860,2.148542234831122e-12
861,2.1779174341830835e-12
862,2.207344326604047e-12
863,2.237705834423952e-12
864,2.2684165753296434e-12
865,2.2991813595262533e-12
866,2.330174933821706e-12
867,2.3622688638314206e-12
868,2.394419271201839e-12
869,2.4266262553190532e-12
870,2.4596074575730506e-12
871,2.4932094235554835e-12
872,2.526870520667855e-12
873,2.560590852966252e-12
874,2.5956372113344912e-12
875,2.6308049528130422e-12
876,2.666034580798011e-12
877,2.7018342880753147e-12
878,2.7385626668633033e-12
879,2.775355678492287e-12
880,2.81221343669998e-12
881,2.850281544139292e-12
882,2.8886935228623192e-12
883,2.9271730971445726e-12
884,2.9661043719441555e-12
885,3.006192428707997e-12
886,3.0463510305126737e-12
887,3.0865803014998947e-12
888,3.128001791823463e-12
889,3.1698981955157172e-12
890,3.211868326490769e-12
891,3.2542762346331023e-12
892,3.297970810923061e-12
893,3.34174227883353e-12
894,3.3855907736746147e-12
895,3.43073050459342e-12
896,3.4763654197474752e-12
897,3.52208064103703e-12
898,3.568344465259353e-12
899,3.6159066062758065e-12
900,3.663552444867178e-12
901,3.711282128320366e-12
902,3.760540446648087e-12
903,3.81018250042253e-12
904,3.8599119119022745e-12
905,3.91044745853822e-12
906,3.962153068981683e-12
907,4.0139496684782274e-12
908,4.0658374171459416e-12
909,4.119652519884732e-12
910,4.17358555152582e-12
911,4.227613491928603e-12
912,4.2828754956305374e-12
913,4.339016025996798e-12
914,4.395255349774799e-12
915,4.452023080105129e-12
916,4.5104440374248516e-12
917,4.568967801141936e-12
918,4.6275945521700464e-12
919,4.688079184272564e-12
920,4.748962349590743e-12
921,4.809952654181329e-12
922,4.872137893601379e-12
923,4.935457368396802e-12
924,4.998888269764788e-12
925,5.062843600161156e-12
926,5.128678280653722e-12
927,5.194628813856775e-12
928,5.260695403642214e-12
929,5.328857742830407e-12
930,5.397408977858509e-12
931,5.466080846058849e-12
932,5.5362358319280095e-12
933,5.6074709179577044e-12
934,5.6788313600713916e-12
935,5.7510602365136466e-12
936,5.825064447199204e-12
937,5.899198886940951e-12
938,5.973586451546214e-12
939,6.0504472314250615e-12
940,6.127443267212957e-12
941,6.204574796926617e-12
942,6.283884989220884e-12
943,6.363832441817899e-12
944,6.443920582101777e-12
945,6.5256516959913805e-12
946,6.608642657340327e-12
947,6.691779662196163e-12
948,6.77602979229323e-12
949,6.8621586755860905e-12
950,6.948439124349674e-12
951,7.0353103965607596e-12
952,7.124673987583986e-12
953,7.2141948363606584e-12
954,7.303873219625251e-12
955,7.396491032163602e-12
956,7.4893516665858e-12
957,7.582375712689675e-12
958,7.677921419258787e-12
959,7.774223708609964e-12
960,7.870695466101203e-12
961,7.969286158091569e-12
962,8.0691345108426e-12
963,8.169158571925034e-12
964,8.271143927424792e-12
965,8.375102965023277e-12
966,8.479244944738149e-12
967,8.583570188501973e-12
968,8.691487661904096e-12
969,8.799879964778751e-12
970,8.908463011216048e-12
971,9.018643295851384e-12
972,9.131421426976605e-12
973,9.24439801963349e-12
974,9.357573423064845e-12
975,9.474239048632522e-12
976,9.591748084536003e-12
977,9.709463907188933e-12
978,9.828714768325656e-12
979,9.950898345882709e-12
980,1.0073296936222049e-11
981,1.0195910917712584e-11
982,1.0322246515328026e-11
983,1.0449473477192265e-11
984,1.0576924326942856e-11
985,1.0706203181920598e-11
986,1.0838407423289467e-11
987,1.0970844311320899e-11
988,1.1103514255415036e-11
989,1.1240525903143916e-11
990,1.1378101358708623e-11
991,1.1515918912939078e-11
992,1.1656269593256359e-11
993,1.1799139554547122e-11
994,1.1942260931519143e-11
995,1.2086093033564463e-11
996,1.2234416897860227e-11
997,1.238300177535231e-11
998,1.2531848125358882e-11
999,1.2684405620384497e-11
1000,1.2838617192026993e-11
1001,1.2993100137768548e-11
1002,1.314959250881167e-11
1003,1.3309597535213414e-11
1004,1.3469884130755949e-11
1005,1.363047923012995e-11
1006,1.3796448090457497e-11
1007,1.3962709014792574e-11
1008,1.4129262517094986e-11
1009,1.4299689404066313e-11
1010,1.4472099013239465e-11
1011,1.4644812020538303e-11
1012,1.4819857615072813e-11
1013,1.4998593994773976e-11
1014,1.517764490614573e-11
1015,1.5357504790269354e-11
1016,1.554274980889012e-11
1017,1.572832081276951e-11
1018,1.5914218375560337e-11
1019,1.6105138624461794e-11
1020,1.6297415752264443e-11
1021,1.6490031240091035e-11
1022,1.6686349271360056e-11
1023,1.6885522451581477e-11
1024,1.708504612716628e-11
1025,1.728698758511615e-11
1026,1.7493250697911816e-11
1027,1.7699876782591135e-11
1028,1.7907676754622144e-11
1029,1.8121227686872882e-11
1030,1.8335154415759328e-11
1031,1.8549457602589793e-11
1032,1.8770098373730222e-11
1033,1.899152805136579e-11
1034,1.9213347390271397e-11
1035,1.9440705957080105e-11
1036,1.9670082044332138e-11
1037,1.989986177656121e-11
1038,2.0133457045959503e-11
1039,2.0371002613738304e-11
1040,2.0608966202750435e-11
1041,2.0849057577253693e-11
1042,2.1095000282869868e-11
1043,2.134137578659591e-11
1044,2.158823359122122e-11
1045,2.1842805741307878e-11
1046,2.2097825875182816e-11
1047,2.2353294781185707e-11
1048,2.26151702477971e-11
1049,2.2879072448346778e-11
1050,2.3143439051255108e-11
1051,2.3412866036458835e-11
1052,2.3685892525428665e-11
1053,2.3959399473237744e-11
1054,2.4236731405424804e-11
1055,2.4519236617628277e-11
1056,2.4802238968868787e-11
1057,2.50874989630206e-11
1058,2.537973902819684e-11
1059,2.5672493363332488e-11
1060,2.596601006630284e-11
1061,2.626824617873134e-11
1062,2.657101415167859e-11
1063,2.6874314921086355e-11
1064,2.7185627500768963e-11
1065,2.7498675907085035e-11
1066,2.7812275200869736e-11
1067,2.8132775865912433e-11
1068,2.84563767116274e-11
1069,2.8780547014482022e-11
1070,2.911060801945095e-11
1071,2.944503859054504e-11
1072,2.978005767640414e-11
1073,3.012006501748002e-11
1074,3.04656079500177e-11
1075,3.0811758952314824e-11
1076,3.1162112667538176e-11
1077,3.151905601846843e-11
1078,3.187662750106116e-11
1079,3.223774197277939e-11
1080,3.260637929141029e-11
1081,3.29756653201803e-11
1082,3.3347969579696074e-11
1083,3.372859997985119e-11
1084,3.4109900194988106e-11
1085,3.449383822940958e-11
1086,3.4886766462274625e-11
1087,3.528038615125028e-11
1088,3.5676417212545615e-11
1089,3.608195374021379e-11
1090,3.6488203911457345e-11
1091,3.689680282771616e-11
1092,3.731526389743831e-11
1093,3.773446135471703e-11
1094,3.8156118843621863e-11
1095,3.8587826562771184e-11
1096,3.9020293980286993e-11
1097,3.9455516964799674e-11
1098,3.990079937655892e-11
1099,4.0346865374769054e-11
1100,4.079617730103871e-11
1101,4.1255368460817385e-11
1102,4.1715367682985474e-11
1103,4.217930884048273e-11
1104,4.2652748893073354e-11
1105,4.312702208256221e-11
1106,4.3606149926448547e-11
1107,4.409418518392968e-11
1108,4.4583079262240943e-11
1109,4.507941933875144e-11
1110,4.558589583705799e-11
1111,4.6093263608193996e-11
1112,4.660152422057694e-11
1113,4.712243307568925e-11
1114,4.764896652032896e-11
1115,4.817642653303623e-11
1116,4.87048511529506e-11
1117,4.925128012425394e-11
1118,4.979867067480536e-11
1119,5.0347024496744176e-11
1120,5.090126984725742e-11
1121,5.146936372945752e-11
1122,5.20384573157612e-11
1123,5.2608552365397876e-11
1124,5.318957668193117e-11
1125,5.378023013952799e-11
1126,5.437192300047067e-11
1127,5.496465709384945e-11
1128,5.557331717805924e-11
1129,5.6187357628852934e-11
1130,5.680247863828405e-11
1131,5.741900554534286e-11
1132,5.80560391407373e-11
1133,5.869419375698606e-11
1134,5.933347136680563e-11
1135,5.997959206105147e-11
1136,6.064144017011912e-11
1137,6.130445296741299e-11
1138,6.196863250249312e-11
1139,6.264590708231051e-11
1140,6.333332950317988e-11
1141,6.402196161670283e-11
1142,6.471180555163574e-11
1143,6.542185636680642e-11
1144,6.613563026630284e-11
1145,6.685066023049959e-11
1146,6.757184290224735e-11
1147,6.831146155349176e-11
1148,6.905238174977179e-11
1149,6.979460578148151e-11
1150,7.055133386660817e-11
1151,7.13188624557345e-11
1152,7.208774170444326e-11
1153,7.285797398955771e-11
1154,7.365205132673753e-11
1155,7.444831937685304e-11
1156,7.524598866085207e-11
1157,7.605395515129811e-11
1158,7.687835992602822e-11
1159,7.770421544827817e-11
1160,7.853152427100032e-11
1161,7.93799436557426e-11
1162,8.023474920050615e-11
1163,8.109105899057988e-11
1164,8.195521124123773e-11
1165,8.283974532017782e-11
1166,8.372583595925252e-11
1167,8.461348589761801e-11
1168,8.552142096824289e-11
1169,8.643808727576978e-11
1170,8.735636668815681e-11
1171,8.828205627598921e-11
1172,8.923010819540001e-11
1173,9.017982845053935e-11
1174,9.11312199772603e-11
1175,9.210425835137923e-11
1176,9.308624615681814e-11
1177,9.406996201669837e-11
1178,9.506296298411263e-11
1179,9.607806057618476e-11
1180,9.709494448768402e-11
1181,9.811361786208598e-11
1182,9.915777951371592e-11
1183,1.0020869094348388e-10
1184,1.012614517161183e-10
1185,1.0232797905695189e-10
1186,1.0341379341370524e-10
1187,1.0450151853379061e-10
1188,1.0559130483034163e-10
1189,1.067129136605714e-10
1190,1.0783649624349867e-10
1191,1.0896205605243453e-10
1192,1.1011064131066562e-10
1193,1.1127397384488952e-10
1194,1.1243935355514327e-10
1195,1.1360678404394445e-10
1196,1.1480898654578925e-10
1197,1.1601525757547976e-10
1198,1.1722365134226304e-10
1199,1.184444051426432e-10
1200,1.1969265912101817e-10
1201,1.2094310971602548e-10
1202,1.2219576079316127e-10
1203,1.2347453343679046e-10
1204,1.2476815489722278e-10
1205,1.2606405280976144e-10
1206,1.273639416567512e-10
1207,1.2870186874881675e-10
1208,1.3004215025987123e-10
1209,1.3138479033310204e-10
1210,1.3274742092649465e-10
1211,1.341332438090018e-10
1212,1.3552150539516248e-10
1213,1.3691220997648457e-10
1214,1.3834061383184304e-10
1215,1.397756780347922e-10
1216,1.412132675938562e-10
1217,1.4266763209278877e-10
1218,1.44150701558662e-10
1219,1.4563638085796086e-10
1220,1.471246745833393e-10
1221,1.4865006260285843e-10
1222,1.501850582363071e-10
1223,1.5172275508030452e-10
1224,1.5327734283226818e-10
1225,1.5486290347852018e-10
1226,1.5645125431715214e-10
1227,1.580424002582043e-10
1228,1.596736173262521e-10
1229,1.613138954150003e-10
1230,1.629570599851986e-10
1231,1.6462099923156025e-10
1232,1.663145004633714e-10
1233,1.6801098183611066e-10
1234,1.6971044859407838e-10
1235,1.7145699224920658e-10
1236,1.732081115357931e-10
1237,1.749623123567302e-10
1238,1.767453959944038e-10
1239,1.7855249750684916e-10
1240,1.8036277906842003e-10
1241,1.8218384110191633e-10
1242,1.8404829261793798e-10
1243,1.8591602510480636e-10
1244,1.8778704433620834e-10
1245,1.896997559406864e-10
1246,1.9162633331221623e-10
1247,1.9355630098062e-10
1248,1.955112545152508e-10
1249,1.9749809477546387e-10
1250,1.9948843138022306e-10
1251,2.0148726512456224e-10
1252,2.035358105943793e-10
1253,2.0558796099453915e-10
1254,2.0764372266881612e-10
1255,2.097440936690871e-10
1256,2.1185952735840909e-10
1257,2.1397868368467214e-10
1258,2.1612767049408746e-10
1259,2.183078818784142e-10
1260,2.20491929892286e-10
1261,2.2269138296119614e-10
1262,2.249378916381697e-10
1263,2.2718835361140346e-10
1264,2.2944277583770896e-10
1265,2.3175454121254114e-10
1266,2.3407296493561575e-10
1267,2.3639546850750754e-10
1268,2.3876293449085984e-10
1269,2.4115089355798534e-10
1270,2.4354305483880486e-10
1271,2.459682965091829e-10
1272,2.4842739060573877e-10
1273,2.508908120959133e-10
1274,2.53375975291671e-10
1275,2.5590783048409965e-10
1276,2.5844414111154284e-10
1277,2.609920832015634e-10
1278,2.636043296756141e-10
1279,2.6622117305330213e-10
1280,2.688426214240228e-10
1281,2.715122902773422e-10
1282,2.7421160918336926e-10
1283,2.769156782188042e-10
1284,2.7963757795153835e-10
1285,2.824213481622006e-10
1286,2.8521001711551913e-10
1287,2.880035934320529e-10
1288,2.9085643820231875e-10
1289,2.9373171974813957e-10
1290,2.9661206107374805e-10
1291,2.995230794908457e-10
1292,3.024870200932759e-10
1293,3.054561764933332e-10
1294,3.0843055786951455e-10
1295,3.114823069060098e-10
1296,3.1454236266650754e-10
1297,3.176078033633435e-10
1298,3.2072412616622703e-10
1299,3.238772001685302e-10
1300,3.2703582279608505e-10
1301,3.302199153334314e-10
1302,3.3347115646361096e-10
1303,3.3672811896871426e-10
1304,3.3999081291692584e-10
1305,3.433251570833006e-10
1306,3.466827559500427e-10
1307,3.5004626335479613e-10
1308,3.534463392159139e-10
1309,3.5690690849988516e-10
1310,3.603735675241278e-10
1311,3.6384632700505717e-10
1312,3.674079266792201e-10
1313,3.7098011354766414e-10
1314,3.745585865754858e-10
1315,3.781933384585866e-10
1316,3.8187346788661474e-10
1317,3.855600734260051e-10
1318,3.8927085234011774e-10
1319,3.930613779675381e-10
1320,3.9685857397609963e-10
1321,4.0066245210400073e-10
1322,4.0455177482341985e-10
1323,4.084620586912179e-10
1324,4.1237922368478193e-10
1325,4.1635277574938476e-10
1326,4.203786847436263e-10
1327,4.244116783350139e-10
1328,4.2847268697352384e-10
1329,4.32616798688448e-10
1330,4.367682030078225e-10
1331,4.40926912764801e-10
1332,4.4518493915542155e-10
1333,4.4945737718701855e-10
1334,4.537373336453567e-10
1335,4.5809183955683286e-10
1336,4.6248797560042047e-10
1337,4.668918477483902e-10
1338,4.713464308121005e-10
1339,4.758689709500786e-10
1340,4.803994696321088e-10
1341,4.849578440896918e-10
1342,4.896095366598063e-10
1343,4.942694150500287e-10
1344,4.989374936653445e-10
1345,5.037190496406307e-10
1346,5.085111037222922e-10
1347,5.133115906252805e-10
1348,5.182070930747608e-10
1349,5.231341621254963e-10
1350,5.280699015902131e-10
1351,5.3308345921857e-10
1352,5.38148426301784e-10
1353,5.432223064651024e-10
1354,5.483581522253881e-10
1355,5.53563944687795e-10
1356,5.587788980478275e-10
1357,5.640413909886048e-10
1358,5.693909809640412e-10
1359,5.747499848848311e-10
1360,5.801436120057092e-10
1361,5.856400169254384e-10
1362,5.911460941481759e-10
1363,5.966754722641759e-10
1364,6.023217553738069e-10
1365,6.079779745346493e-10
1366,6.136478521498284e-10
1367,6.194471230328634e-10
1368,6.252565991873968e-10
1369,6.310762985721382e-10
1370,6.370272734865281e-10
1371,6.429931686412918e-10
1372,6.489695622846521e-10
1373,6.550931297447203e-10
1374,6.612400215968896e-10
1375,6.673977304466604e-10
1376,6.736253916098799e-10
1377,6.799574820138379e-10
1378,6.86300715318614e-10
1379,6.926551111329065e-10
1380,6.991578849721925e-10
1381,7.056909245231359e-10
1382,7.122354605952014e-10
1383,7.188538641893736e-10
1384,7.255810654010202e-10
1385,7.323201048098328e-10
1386,7.39071003248057e-10
1387,7.459841498191495e-10
1388,7.529221305048226e-10
1389,7.598723203068763e-10
1390,7.669134990287151e-10
1391,7.740549349270887e-10
1392,7.812089379722116e-10
1393,7.883827485780423e-10
1394,7.957322307828304e-10
1395,8.03094646243908e-10
1396,8.104700177205485e-10
1397,8.179680512364367e-10
1398,8.255435567731453e-10
1399,8.331323933107285e-10
1400,8.407767549708653e-10
1401,8.485701079527984e-10
1402,8.563771752926947e-10
1403,8.641979811243683e-10
1404,8.722170002019513e-10
1405,8.802795844485234e-10
1406,8.883563568328114e-10
1407,8.96447342322371e-10
1408,9.047537603847488e-10
1409,9.130926952339193e-10
1410,9.214463045288172e-10
1411,9.298149477281483e-10
1412,9.384223421271448e-10
1413,9.470448833936107e-10
1414,9.556825981822211e-10
1415,9.643610811421423e-10
1416,9.732589649209296e-10
1417,9.821725067559006e-10
1418,9.911017342012847e-10
1419,1.000104881390418e-09
1420,1.0093007756816736e-09
1421,1.0185128524531242e-09
1422,1.0277411401818597e-09
1423,1.0370842955784093e-09
1424,1.0465858633833296e-09
1425,1.0561041515774224e-09
1426,1.0656391895843543e-09
1427,1.0753382256828444e-09
1428,1.0851532737908403e-09
1429,1.094985593934971e-09
1430,1.1048352165096648e-09
1431,1.1149065433628913e-09
1432,1.1250430242932288e-09
1433,1.1351973429010983e-09
1434,1.1453824761277892e-09
1435,1.155830104873532e-09
1436,1.1662961188391983e-09
1437,1.1767805503781447e-09
1438,1.1873659477780204e-09
1439,1.1981507660829325e-09
1440,1.2089545629770703e-09
1441,1.2197773718579667e-09
1442,1.2307810029078272e-09
1443,1.2419113975955182e-09
1444,1.2530613790004463e-09
1445,1.2642309815902894e-09
1446,1.2756713886368372e-09
1447,1.2871558999822697e-09
1448,1.2986606212016792e-09
1449,1.310255383267724e-09
1450,1.3220818953391191e-09
1451,1.3339292191202628e-09
1452,1.345797391234519e-09
1453,1.3578608470962244e-09
1454,1.370058372069692e-09
1455,1.3822773616427968e-09
1456,1.3945178535878275e-09
1457,1.4070702070274397e-09
1458,1.4196477421035884e-09
1459,1.4322474105020845e-09
1460,1.4449873888764695e-09
1461,1.45793131469333e-09
1462,1.4708980185886028e-09
1463,1.483887540645963e-09
1464,1.4971514082250425e-09
1465,1.5104931252237658e-09
1466,1.5238583203138428e-09
1467,1.5373319059464472e-09
1468,1.5510567333922432e-09
1469,1.5648057131079467e-09
1470,1.578578887595455e-09
1471,1.5926134094144318e-09
1472,1.6067544064822542e-09
1473,1.6209202881743535e-09
1474,1.6351990545221193e-09
1475,1.6497858243609174e-09
1476,1.664398263272569e-09
1477,1.6790364164281572e-09
1478,1.6938049659816191e-09
1479,1.7088744105450726e-09
1480,1.7239703735680837e-09
1481,1.739092901716455e-09
1482,1.7543743068700701e-09
1483,1.769938729848887e-09
1484,1.7855305423253828e-09
1485,1.8011497924981512e-09
1486,1.816967897631616e-09
1487,1.8330398504364222e-09
1488,1.849140085864345e-09
1489,1.8652686536856617e-09
1490,1.8816480889514956e-09
1491,1.8982403759631046e-09
1492,1.914861861255755e-09
1493,1.931512596211057e-09
1494,1.948478791691583e-09
1495,1.9656044757008673e-09
1496,1.982760296636359e-09
1497,1.9999463075314294e-09
1498,2.017525507791864e-09
1499,2.035197915639753e-09
1500,2.0529014225108926e-09
1501,2.070654662459236e-09
1502,2.0888553622029017e-09
1503,2.107088090631316e-09
1504,2.125352904106863e-09
1505,2.143763251538993e-09
1506,2.1625371359179877e-09
1507,2.181344057643116e-09
1508,2.200184074851764e-09
1509,2.219280101030662e-09
1510,2.238641300177802e-09
1511,2.258036570197952e-09
1512,2.2774659710472276e-09
1513,2.2972771195477545e-09
1514,2.317240051925798e-09
1515,2.3372381140765807e-09
1516,2.3572847431336434e-09
1517,2.377827971390834e-09
1518,2.3984073505961976e-09
1519,2.4190229443662543e-09
1520,2.4398345328517477e-09
1521,2.461008114481169e-09
1522,2.4822189563227393e-09
1523,2.5034671239450136e-09
1524,2.5250756063245915e-09
1525,2.5468948397945103e-09
1526,2.568752469661999e-09
1527,2.5906485634950173e-09
1528,2.6130868119149237e-09
1529,2.635567312391468e-09
1530,2.6580873729297835e-09
1531,2.6808318796788147e-09
1532,2.7039489068199644e-09
1533,2.7271066141503528e-09
1534,2.7503050732568056e-09
1535,2.7739353126369203e-09
1536,2.797744601277055e-09
1537,2.8215957883131106e-09
1538,2.8455654036929494e-09
1539,2.870040469188982e-09
1540,2.894558604681376e-09
1541,2.9191198859624217e-09
1542,2.9440341830239083e-09
1543,2.969233755907681e-09
1544,2.994477673739135e-09
1545,3.0197665477256317e-09
1546,3.0456623225938883e-09
1547,3.0716036675508394e-09
1548,3.097590662788311e-09
1549,3.1238862423391396e-09
1550,3.150540088750293e-09
1551,3.177240839265919e-09
1552,3.2039885764253784e-09
1553,3.2313300336716597e-09
1554,3.258759932566669e-09
1555,3.286238101223874e-09
1556,3.3140174840871565e-09
1557,3.342192225089846e-09
1558,3.370416546590087e-09
1559,3.398690535837007e-09
1560,3.4275829040028618e-09
1561,3.4565694096558414e-09
1562,3.4856069243085008e-09
1563,3.514978072289984e-09
1564,3.5447431126129154e-09
1565,3.5745605319613236e-09
1566,3.6044304225090046e-09
1567,3.634985014316953e-09
1568,3.665599047139907e-09
1569,3.6962669530020737e-09
1570,3.727343422006567e-09
1571,3.758771116776927e-09
1572,3.7902541164274565e-09
1573,3.821867603130518e-09
1574,3.854126358733297e-09
1575,3.8864418816748445e-09
1576,3.918814271851272e-09
1577,3.951715374264752e-09
1578,3.984881212307962e-09
1579,4.018105413927318e-09
1580,4.051589760603358e-09
1581,4.085624079717841e-09
1582,4.119718290717266e-09
1583,4.153872498996155e-09
1584,4.188723476407854e-09
1585,4.223706282018585e-09
1586,4.258750648612325e-09
1587,4.294233429392657e-09
1588,4.330123815253751e-09
1589,4.3660773592113525e-09
1590,4.402209013688755e-09
1591,4.439026379633056e-09
1592,4.475908534926157e-09
1593,4.512855593580865e-09
1594,4.550470540418438e-09
1595,4.588301170460571e-09
1596,4.626198372941802e-09
1597,4.6645879181769905e-09
1598,4.7035490022934654e-09
1599,4.7425786481645544e-09
1600,4.781676976441538e-09
1601,4.821271077897167e-09
1602,4.861485493504342e-09
1603,4.90177067641482e-09
1604,4.942126751161123e-09
1605,4.982882914106268e-09
1606,5.024380432997791e-09
1607,5.0659509771321955e-09
1608,5.1075946750153496e-09
1609,5.149570895518631e-09
1610,5.192381788395919e-09
1611,5.235268017724408e-09
1612,5.27822971607714e-09
1613,5.321485929519414e-09
1614,5.3656409722185704e-09
1615,5.409873716734947e-09
1616,5.454184299804011e-09
1617,5.49878240601599e-09
1618,5.544312885809436e-09
1619,5.5899234878438426e-09
1620,5.635614353113969e-09
1621,5.681618241600365e-09
1622,5.728555963575152e-09
1623,5.775576284183508e-09
1624,5.82267934877806e-09
1625,5.870154924035084e-09
1626,5.918532217548626e-09
1627,5.96699464297984e-09
1628,6.015542350139293e-09
1629,6.064557557071468e-09
1630,6.114407282286281e-09
1631,6.164344730528494e-09
1632,6.2143700561683106e-09
1633,6.264994905611108e-09
1634,6.316350460109563e-09
1635,6.367796387516378e-09
1636,6.419332846864921e-09
1637,6.471639441219599e-09
1638,6.524534766699662e-09
1639,6.577523174697893e-09
1640,6.6306048290158354e-09
1641,6.684667388002775e-09
1642,6.739136977056083e-09
1643,6.79370241893556e-09
1644,6.848363882317829e-09
1645,6.90425876885477e-09
1646,6.9603376718280614e-09
1647,7.016515259615268e-09
1648,7.072975021182478e-09
1649,7.13059745208869e-09
1650,7.188321284030006e-09
1651,7.2461466954464704e-09
1652,7.304570604948477e-09
1653,7.363871198460203e-09
1654,7.4232761461510244e-09
1655,7.482785631657775e-09
1656,7.54325625142741e-09
1657,7.604271708594256e-09
1658,7.66539453766879e-09
1659,7.726624927598206e-09
1660,7.789227063923263e-09
1661,7.851994670825965e-09
1662,7.914872732978918e-09
1663,7.978237945080278e-09
1664,8.042682174431764e-09
1665,8.107239809467352e-09
1666,8.171911049752206e-09
1667,8.237555268737365e-09
1668,8.303824792253167e-09
1669,8.370210933511324e-09
1670,8.436714272347077e-09
1671,8.504728418779492e-09
1672,8.57286225305172e-09
1673,8.641115985783899e-09
1674,8.710053550253982e-09
1675,8.779968293109296e-09
1676,8.850006068375605e-09
1677,8.92016709255857e-09
1678,8.991634487760393e-09
1679,9.063490007859613e-09
1680,9.135471975648991e-09
1681,9.207968442117508e-09
1682,9.281675841679767e-09
1683,9.355512947774005e-09
1684,9.429479988650624e-09
1685,9.504673804189215e-09
1686,9.580400680486117e-09
1687,9.65626081708531e-09
1688,9.732596348553312e-09
1689,9.810248068306846e-09
1690,9.88803643560261e-09
1691,9.965961690905418e-09
1692,1.0045261959288886e-08
1693,1.0125138352191691e-08
1694,1.0205155307500976e-08
1695,1.0285320273951117e-08
1696,1.0367325586003054e-08
1697,1.0449475206823223e-08
1698,1.0531769390358274e-08
1699,1.0614718401231438e-08
1700,1.0699042196605852e-08
1701,1.0783514380694857e-08
1702,1.0868135214624782e-08
1703,1.0953979746933494e-08
1704,1.104067206307544e-08
1705,1.112751693593161e-08
1706,1.1214514633962864e-08
1707,1.1303369154757122e-08
1708,1.1392480827521738e-08
1709,1.1481749314458319e-08
1710,1.1571775524523381e-08
1711,1.166333000498492e-08
1712,1.1755045598344752e-08
1713,1.1846922588120414e-08
1714,1.1939829454403393e-08
1715,1.2034041028276599e-08
1716,1.2128418390862591e-08
1717,1.2222961833907213e-08
1718,1.231887052463108e-08
1719,1.2415797886928917e-08
1720,1.2512895817042424e-08
1721,1.2610164615127365e-08
1722,1.2709199795774567e-08
1723,1.280890260208646e-08
1724,1.2908780860295502e-08
1725,1.3008834879152274e-08
1726,1.3111124759044343e-08
1727,1.3213663638305964e-08
1728,1.3316382960237757e-08
1729,1.3419708070102407e-08
1730,1.352495942163132e-08
1731,1.3630395989097874e-08
1732,1.3736018098434864e-08
1733,1.3842817938809409e-08
1734,1.3951024393065775e-08
1735,1.4059421263495002e-08
1736,1.4168008885180868e-08
1737,1.4278421899772804e-08
1738,1.4389646972642371e-08
1739,1.4501067773691761e-08
1740,1.4612745574191665e-08
1741,1.4726853005871142e-08
1742,1.4841161237955115e-08
1743,1.4955670623800887e-08
1744,1.507120052537449e-08
1745,1.518845116415497e-08
1746,1.530590813459091e-08
1747,1.5423571799773305e-08
1748,1.554310286595328e-08
1749,1.5663563226515536e-08
1750,1.578423556703316e-08
1751,1.5905285122208055e-08
1752,1.6028805419573454e-08
1753,1.6152543081610975e-08
1754,1.6276498490826912e-08
1755,1.6401807745002904e-08
1756,1.6528668125365375e-08
1757,1.6655751748102514e-08
1758,1.6783059006063715e-08
1759,1.6912788037943604e-08
1760,1.7043058132297038e-08
1761,1.7173557469260375e-08
1762,1.730508375536187e-08
1763,1.743859934822073e-08
1764,1.757234989494767e-08
1765,1.7706335809001275e-08
1766,1.7842560744531494e-08
1767,1.7979622410620514e-08
1768,1.8116925270770336e-08
1769,1.825513135295254e-08
1770,1.839556483570526e-08
1771,1.8536245446064752e-08
1772,1.867717361891234e-08
1773,1.8820370721223e-08
1774,1.8964490684056666e-08
1775,1.9108864261770095e-08
1776,1.925423738974472e-08
1777,1.940185911471994e-08
1778,1.9549740616791875e-08
1779,1.9697882353101686e-08
1780,1.984855268929425e-08
1781,2.0000005453504774e-08
1782,2.0151724736472257e-08
1783,2.030484587375228e-08
1784,2.046011657469761e-08
1785,2.0615660513004077e-08
1786,2.0771478169499493e-08
1787,2.0929845877609288e-08
1788,2.1089284885658896e-08
1789,2.1249004466236073e-08
1790,2.140941129294776e-08
1791,2.157281666935561e-08
1792,2.1736509598096936e-08
1793,2.1900490585190173e-08
1794,2.206647911347099e-08
1795,2.223421770808383e-08
1796,2.2402251480398033e-08
1797,2.2570580949850534e-08
1798,2.274235742701626e-08
1799,2.2914517332657005e-08
1800,2.3086980196387663e-08
1801,2.326116191913967e-08
1802,2.343752221736236e-08
1803,2.3614192865303958e-08
1804,2.3791174409100354e-08
1805,2.397150479713793e-08
1806,2.4152458540072827e-08
1807,2.4333730716026525e-08
1808,2.451670836774577e-08
1809,2.4702021445476337e-08
1810,2.4887660627552382e-08
1811,2.507362648783395e-08
1812,2.5263130493713175e-08
1813,2.545321399478861e-08
1814,2.5643631994946618e-08
1815,2.5836039330637636e-08
1816,2.6030645410831946e-08
1817,2.622559394870386e-08
1818,2.6421006382136695e-08
1819,2.6620214257217458e-08
1820,2.6819772687970435e-08
1821,2.7019682291283574e-08
1822,2.7222184750514466e-08
1823,2.742643339513987e-08
1824,2.76310414659147e-08
1825,2.7836825989072806e-08
1826,2.8045846142955672e-08
1827,2.8255234119636435e-08
1828,2.846499056638879e-08
1829,2.867896162811572e-08
1830,2.889401235565175e-08
1831,2.9109441518268105e-08
1832,2.9325249781913087e-08
1833,2.9545107981736973e-08
1834,2.9766357338713277e-08
1835,2.998799603878748e-08
1836,3.0210024767103337e-08
1837,3.0436099773897896e-08
1838,3.066398428810391e-08
1839,3.0892269821603787e-08
1840,3.112095708008838e-08
1841,3.135229384375155e-08
1842,3.158696109077725e-08
1843,3.1822041292988195e-08
1844,3.2057535177079115e-08
1845,3.2294392806008856e-08
1846,3.2535992689023204e-08
1847,3.277801772690522e-08
1848,3.302046866781814e-08
1849,3.326334626124146e-08
1850,3.351179983730411e-08
1851,3.376092223715748e-08
1852,3.401048302959973e-08
1853,3.426048298608893e-08
1854,3.4515119294316225e-08
1855,3.47714939697576e-08
1856,3.502831979995405e-08
1857,3.528559757882183e-08
1858,3.5546704016217e-08
1859,3.5810488296477676e-08
1860,3.6074736770519024e-08
1861,3.633945025520241e-08
1862,3.6607323351071815e-08
1863,3.687867700962064e-08
1864,3.7150508182135855e-08
1865,3.7422817708919105e-08
1866,3.769776323455292e-08
1867,3.7976848518046966e-08
1868,3.825642492120585e-08
1869,3.85364933082735e-08
1870,3.881882638692901e-08
1871,3.910580804449445e-08
1872,3.939329471733928e-08
1873,3.9681287294160214e-08
1874,3.99713325113732e-08
1875,4.026637782422094e-08
1876,4.056194234233458e-08
1877,4.085802697938159e-08
1878,4.115611849363223e-08
1879,4.145939730501071e-08
1880,4.176320981052235e-08
1881,4.206755694933093e-08
1882,4.237410879732618e-08
1883,4.268606860185451e-08
1884,4.299857737685986e-08
1885,4.331163608838863e-08
1886,4.362608294725435e-08
1887,4.394690903028891e-08
1888,4.426829968619894e-08
1889,4.459025590848711e-08
1890,4.4912953665321154e-08
1891,4.524283415434041e-08
1892,4.557329514969001e-08
1893,4.590433767291097e-08
1894,4.623596274734224e-08
1895,4.657477886485402e-08
1896,4.6914501538921334e-08
1897,4.7254822039061485e-08
1898,4.759574141729381e-08
1899,4.7943697604985555e-08
1900,4.829287621179147e-08
1901,4.8642669284708597e-08
1902,4.8993077905038646e-08
1903,4.935056459726919e-08
1904,4.9709396339962006e-08
1905,5.0068859535831317e-08
1906,5.042895529607159e-08
1907,5.079637407230685e-08
1908,5.1165059137938704e-08
1909,5.153439299609028e-08
1910,5.190437678846848e-08
1911,5.2282140499123246e-08
1912,5.266088209382169e-08
1913,5.304029017797321e-08
1914,5.3420577779525626e-08
1915,5.380889881722317e-08
1916,5.419790320175974e-08
1917,5.458759213564903e-08
1918,5.497892988739519e-08
1919,5.537770467038653e-08
1920,5.577718119614864e-08
1921,5.617736069956728e-08
1922,5.6580194008825544e-08
1923,5.6989634642240106e-08
1924,5.739979578760799e-08
1925,5.7810678712843464e-08
1926,5.822546474645393e-08
1927,5.864578649364361e-08
1928,5.9066847900776714e-08
1929,5.948865026946345e-08
1930,5.991585808225092e-08
1931,6.03472794019245e-08
1932,6.077945991396312e-08
1933,6.12124009543484e-08
1934,6.165251161822659e-08
1935,6.20952542020026e-08
1936,6.2538775900685e-08
1937,6.298309403767645e-08
1938,6.343658481905497e-08
1939,6.389087362943318e-08
1940,6.434596187313497e-08
1941,6.480401466061125e-08
1942,6.526925925665217e-08
1943,6.573532256541154e-08
1944,6.620220602761153e-08
1945,6.667450923303566e-08
1946,6.715173885674781e-08
1947,6.762980828377235e-08
1948,6.810871899194537e-08
1949,6.859580090167419e-08
1950,6.908525014748071e-08
1951,6.957556070001957e-08
1952,7.00681104208046e-08
1953,7.056913562669387e-08
1954,7.107104251005732e-08
1955,7.157383262241817e-08
1956,7.208208042194411e-08
1957,7.259578243401403e-08
1958,7.311038843150364e-08
1959,7.362590000519256e-08
1960,7.415041030365515e-08
1961,7.467703366975151e-08
1962,7.520458375955393e-08
1963,7.573556787809498e-08
1964,7.62744124524992e-08
1965,7.681420525682174e-08
1966,7.735494795970113e-08
1967,7.790318095099549e-08
1968,7.845542304929836e-08
1969,7.900863695374195e-08
1970,7.956400750089485e-08
1971,8.01289078745638e-08
1972,8.069480232971082e-08
1973,8.126169261566117e-08
1974,8.18356050156289e-08
1975,8.241484234417688e-08
1976,8.299509898358351e-08
1977,8.357637672757052e-08
1978,8.416822565309271e-08
1979,8.47620839060628e-08
1980,8.53569871989845e-08
1981,8.59556554590523e-08
1982,8.656335404575013e-08
1983,8.717212202785665e-08
1984,8.778196128722925e-08
1985,8.83996286295453e-08
1986,8.902250399273737e-08
1987,8.964647545858669e-08
1988,9.0271639528625e-08
1989,9.090886860684583e-08
1990,9.154721904659967e-08
1991,9.218669282119076e-08
1992,9.283196420158324e-08
1993,9.348494412694588e-08
1994,9.413907313130593e-08
1995,9.479435323674319e-08
1996,9.546041577688178e-08
1997,9.612945481609895e-08
1998,9.679967119424775e-08
1999,9.747441216144157e-08
2000,9.815862000095419e-08
2001,9.884403187261324e-08
2002,9.95306498952011e-08
2003,1.002273640980618e-07
2004,1.0092823476593848e-07
2005,1.0163033878827665e-07
2006,1.0233649589636868e-07
2007,1.0305309286678437e-07
2008,1.0377095086593601e-07
2009,1.0449007211290481e-07
2010,1.0521943276229084e-07
2011,1.0595331705591932e-07
2012,1.0668849279954753e-07
2013,1.0742809472912176e-07
2014,1.0817828211336066e-07
2015,1.0892978963687133e-07
2016,1.0968261962275424e-07
2017,1.1044670472321386e-07
2018,1.1121482594323297e-07
2019,1.1198429886148213e-07
2020,1.1275945760159373e-07
2021,1.1354447922485468e-07
2022,1.1433088228673312e-07
2023,1.1511866921820043e-07
2024,1.1591964128614073e-07
2025,1.1672326666886677e-07
2026,1.1752830622806028e-07
2027,1.1834121833894206e-07
2028,1.191623633643825e-07
2029,1.1998495339637856e-07
2030,1.2081013111028703e-07
2031,1.2164909843583905e-07
2032,1.22489542130634e-07
2033,1.233314647926957e-07
2034,1.241844127706384e-07
2035,1.2504301886756858e-07
2036,1.2590313589294354e-07
2037,1.2676926219802197e-07
2038,1.2764634520446503e-07
2039,1.285249716539826e-07
2040,1.2940514426263117e-07
2041,1.303004980290008e-07
2042,1.3119795497625894e-07
2043,1.3209699121950058e-07
2044,1.3300646964677615e-07
2045,1.3392308442949217e-07
2046,1.3484131222107423e-07
2047,1.3576526790538522e-07
2048,1.367013743949267e-07
2049,1.3763912819374412e-07
2050,1.3857853220067016e-07
2051,1.3953385520425968e-07
2052,1.4049147630410843e-07
2053,1.41450782573423e-07
2054,1.424240663298236e-07
2055,1.4340575902781318e-07
2056,1.4438917925511748e-07
2057,1.4537433005173605e-07
2058,1.4637124178041384e-07
2059,1.4737920425620217e-07
2060,1.4838894048937576e-07
2061,1.4940045360128214e-07
2062,1.504220118276365e-07
2063,1.514567675627542e-07
2064,1.5249334420451782e-07
2065,1.535317449572459e-07
2066,1.545789965215602e-07
2067,1.5564107659646665e-07
2068,1.5670502566184284e-07
2069,1.577708470066223e-07
2070,1.5884486735646702e-07
2071,1.599348105394856e-07
2072,1.6102667174489044e-07
2073,1.6212045434789653e-07
2074,1.6322234783229687e-07
2075,1.643407006695505e-07
2076,1.6546102152288426e-07
2077,1.665833138554898e-07
2078,1.6771421402088172e-07
2079,1.68861530927243e-07
2080,1.7001086681900382e-07
2081,1.7116222524904807e-07
2082,1.723232951370911e-07
2083,1.7350013848815177e-07
2084,1.7467905278356615e-07
2085,1.7586004166765136e-07
2086,1.7705247411494403e-07
2087,1.782594143400206e-07
2088,1.7946847847221038e-07
2089,1.806796702490318e-07
2090,1.8190468818880107e-07
2091,1.831423038649772e-07
2092,1.8438209742917145e-07
2093,1.8562407271389326e-07
2094,1.868829294797035e-07
2095,1.8815180742692805e-07
2096,1.8942291827572464e-07
2097,1.906962659554119e-07
2098,1.9199024558695082e-07
2099,1.9329098096418903e-07
2100,1.9459400530387643e-07
2101,1.9589932263398508e-07
2102,1.9722974018498695e-07
2103,1.9856293658744745e-07
2104,1.9989847907540488e-07
2105,2.0124070413051677e-07
2106,2.0260457362569841e-07
2107,2.0397084318313412e-07
2108,2.053395170263016e-07
2109,2.0672045932078846e-07
2110,2.0811796354617712e-07
2111,2.0951792702228119e-07
2112,2.1092035407673282e-07
2113,2.123414181341487e-07
2114,2.1377318548205879e-07
2115,2.152074723749491e-07
2116,2.1664428324655582e-07
2117,2.1810690580323156e-07
2118,2.195735734864848e-07
2119,2.2104282213031268e-07
2120,2.22520731315357e-07
2121,2.2402030660033883e-07
2122,2.2552252075480314e-07
2123,2.2702737842246423e-07
2124,2.285493511416487e-07
2125,2.300850644667902e-07
2126,2.3162348025504358e-07
2127,2.3316460326202972e-07
2128,2.3473216915569142e-07
2129,2.3630468364815894e-07
2130,2.3787996536429576e-07
2131,2.394655815095669e-07
2132,2.4107274132724675e-07
2133,2.426827293354431e-07
2134,2.4429555051102333e-07
2135,2.459294371271284e-07
2136,2.475746851117646e-07
2137,2.4922282831225557e-07
2138,2.5087658625128046e-07
2139,2.5255765405215287e-07
2140,2.5424168010252295e-07
2141,2.55928669608128e-07
2142,2.576334891993029e-07
2143,2.5935396514528684e-07
2144,2.610774686889211e-07
2145,2.6280407554240783e-07
2146,2.645615747055074e-07
2147,2.663221666175692e-07
2148,2.6808585672101394e-07
2149,2.6986978632353184e-07
2150,2.716749486258001e-07
2151,2.734832875518518e-07
2152,2.752948086917028e-07
2153,2.7711503362097094e-07
2154,2.7896882646070095e-07
2155,2.808258815014006e-07
2156,2.826862044836806e-07
2157,2.845498011582508e-07
2158,2.864478057225386e-07
2159,2.8835456146360605e-07
2160,2.9026467260664496e-07
2161,2.921781450562727e-07
2162,2.941170111314696e-07
2163,2.960752143680083e-07
2164,2.98036863540814e-07
2165,3.0000196471382205e-07
2166,3.0198037694668595e-07
2167,3.0399105376472863e-07
2168,3.060052688589769e-07
2169,3.080230284558576e-07
2170,3.1004433879275577e-07
2171,3.121070406633259e-07
2172,3.1417486470697126e-07
2173,3.1624632759113514e-07
2174,3.1832143571920993e-07
2175,3.204282362502e-07
2176,3.2255072761998315e-07
2177,3.24676954030634e-07
2178,3.2680692205483226e-07
2179,3.2895980303395933e-07
2180,3.3113803567374023e-07
2181,3.3332010144459485e-07
2182,3.3550600709181566e-07
2183,3.3770700601123596e-07
2184,3.3994206965646086e-07
2185,3.4218106644061406e-07
2186,3.4442400328497367e-07
2187,3.4667521385428474e-07
2188,3.489682142630248e-07
2189,3.5126524976438775e-07
2190,3.535663274590645e-07
2191,3.558714544602388e-07
2192,3.582219593131902e-07
2193,3.6057815752498716e-07
2194,3.6293850204113394e-07
2195,3.6530300015802405e-07
2196,3.677089009959201e-07
2197,3.7012540244672347e-07
2198,3.7254615631994284e-07
2199,3.749711700987094e-07
2200,3.774347431420405e-07
2201,3.7991270514993524e-07
2202,3.823950277348859e-07
2203,3.848817185703456e-07
2204,3.874052985278242e-07
2205,3.899458954633012e-07
2206,3.9249096319705326e-07
2207,3.950405095964949e-07
2208,3.976264902123153e-07
2209,4.0023091377056875e-07
2210,4.0283992044538623e-07
2211,4.054535183018293e-07
2212,4.081043529115692e-07
2213,4.107738123949436e-07
2214,4.1344796944122055e-07
2215,4.1612683231685777e-07
2216,4.188450344133673e-07
2217,4.2158075702476686e-07
2218,4.243212938049589e-07
2219,4.2706665322559564e-07
2220,4.2985479703640583e-07
2221,4.3265802818454604e-07
2222,4.3546619229895866e-07
2223,4.382792980603456e-07
2224,4.411400191383554e-07
2225,4.440120227558508e-07
2226,4.4688908036128295e-07
2227,4.4977120084832e-07
2228,4.527071966778143e-07
2229,4.5564925555316596e-07
2230,4.585964916954846e-07
2231,4.615548222330244e-07
2232,4.6456294483571046e-07
2233,4.675763609603705e-07
2234,4.70595079922188e-07
2235,4.7363332596363373e-07
2236,4.7671399970236415e-07
2237,4.79800094634183e-07
2238,4.828916202989375e-07
2239,4.860126560134806e-07
2240,4.891672200371925e-07
2241,4.923273352816504e-07
2242,4.954930115155174e-07
2243,4.986997753387049e-07
2244,5.01929589108819e-07
2245,5.051650865196267e-07
2246,5.084062775728132e-07
2247,5.117017729129621e-07
2248,5.150082166242995e-07
2249,5.183204788250549e-07
2250,5.216473360498974e-07
2251,5.250258657325483e-07
2252,5.284103407571735e-07
2253,5.318007715859785e-07
2254,5.352230598504621e-07
2255,5.386843237201557e-07
2256,5.421516785224209e-07
2257,5.456251349756656e-07
2258,5.491356334388274e-07
2259,5.526812113993782e-07
2260,5.562330286633074e-07
2261,5.597910962101166e-07
2262,5.63392971155963e-07
2263,5.670244726067843e-07
2264,5.706623645639075e-07
2265,5.74306658272905e-07
2266,5.780031412283148e-07
2267,5.817222060433885e-07
2268,5.854478154534238e-07
2269,5.891799809751501e-07
2270,5.929743695620649e-07
2271,5.967826691263982e-07
2272,6.005976703155449e-07
2273,6.044226550751925e-07
2274,6.083150437819059e-07
2275,6.122142820884054e-07
2276,6.161203820481436e-07
2277,6.200488151174073e-07
2278,6.240337175281187e-07
2279,6.280256323385534e-07
2280,6.320245718886474e-07
2281,6.360599292688817e-07
2282,6.401391150290568e-07
2283,6.442254791029929e-07
2284,6.483190341225905e-07
2285,6.524648609767242e-07
2286,6.566401359667363e-07
2287,6.6082275836242e-07
2288,6.650127410932233e-07
2289,6.692726529437704e-07
2290,6.735458606534547e-07
2291,6.778265881047613e-07
2292,6.821271914432548e-07
2293,6.864925325542331e-07
2294,6.908655555375554e-07
2295,6.952462739112445e-07
2296,6.996670168189336e-07
2297,7.041339176422378e-07
2298,7.086086790563739e-07
2299,7.130913148938618e-07
2300,7.176360001495713e-07
2301,7.222064226208638e-07
2302,7.26784887853963e-07
2303,7.313761791378582e-07
2304,7.36043915059253e-07
2305,7.407198649886773e-07
2306,7.454040433805646e-07
2307,7.501256174422231e-07
2308,7.549007433427684e-07
2309,7.596842722295399e-07
2310,7.64476218889521e-07
2311,7.693320708759269e-07
2312,7.742166821720469e-07
2313,7.791098891199569e-07
2314,7.840184440283133e-07
2315,7.890058970663922e-07
2316,7.940021267308037e-07
2317,7.990071484660367e-07
2318,8.04056570464832e-07
2319,8.091575995582115e-07
2320,8.142676051419534e-07
2321,8.19386603012249e-07
2322,8.245810475560267e-07
2323,8.297978776896427e-07
2324,8.350238880930264e-07
2325,8.40277320923435e-07
2326,8.456028601404237e-07
2327,8.509377709266722e-07
2328,8.562820697735957e-07
2329,8.616874971745196e-07
2330,8.67133241674952e-07
2331,8.725885692743307e-07
2332,8.780567829741633e-07
2333,8.836153422297746e-07
2334,8.891836831087046e-07
2335,8.947618228239557e-07
2336,9.003891639559521e-07
2337,9.060725528547095e-07
2338,9.117659430441038e-07
2339,9.174693521236914e-07
2340,9.232657591118529e-07
2341,9.29082551889832e-07
2342,9.349095807141732e-07
2343,9.407547796466732e-07
2344,9.466970222694485e-07
2345,9.526497216973826e-07
2346,9.586128963316109e-07
2347,9.64615100800652e-07
2348,9.70695553089692e-07
2349,9.767867053965047e-07
2350,9.828885765502093e-07
2351,9.890529451698177e-07
2352,9.95274193298111e-07
2353,1.0015063892077554e-06
2354,1.0077495521638654e-06
2355,1.0140813561040627e-06
2356,1.020446031735883e-06
2357,1.0268219075436471e-06
2358,1.0332142839651281e-06
2359,1.039713628213883e-06
2360,1.0462244096199328e-06
2361,1.0527466483095591e-06
2362,1.0593153981936848e-06
2363,1.0659633128068132e-06
2364,1.0726229260218757e-06
2365,1.0792942584252196e-06
2366,1.0860449684478497e-06
2367,1.0928442235515025e-06
2368,1.0996554435763992e-06
2369,1.1064786495775342e-06
2370,1.1134170265340116e-06
2371,1.1203704423803934e-06
2372,1.1273360944302032e-06
2373,1.1343479196782823e-06
2374,1.141445877380807e-06
2375,1.1485563256423453e-06
2376,1.1556792864428693e-06
2377,1.1628934604733465e-06
2378,1.1701585124504503e-06
2379,1.1774363490283453e-06
2380,1.1847269927044313e-06
2381,1.1921259956447987e-06
2382,1.1995611136890914e-06
2383,1.207009315605498e-06
2384,1.2144706244180533e-06
2385,1.2220610732455015e-06
2386,1.229669269379449e-06
2387,1.2372908539571684e-06
2388,1.2449438553965322e-06
2389,1.2527145080110491e-06
2390,1.2604988349498859e-06
2391,1.2682968602761078e-06
2392,1.2761528216540858e-06
2393,1.284102384115596e-06
2394,1.2920659357353911e-06
2395,1.3000435011305506e-06
2396,1.308109455644798e-06
2397,1.3162410579552047e-06
2398,1.3243869697658089e-06
2399,1.3325472162574012e-06
2400,1.3408303467591898e-06
2401,1.3491471609581619e-06
2402,1.3574786105811637e-06
2403,1.3658420618414676e-06
2404,1.3743323617755032e-06
2405,1.3828376024226029e-06
2406,1.3913578100743062e-06
2407,1.399951000491492e-06
2408,1.4086326477198369e-06
2409,1.4173295723817115e-06
2410,1.426041801361202e-06
2411,1.4348723449641e-06
2412,1.4437486347540366e-06
2413,1.4526405444967408e-06
2414,1.461565436312356e-06
2415,1.4706237675532314e-06
2416,1.4796980390916242e-06
2417,1.4887882789780747e-06
2418,1.497968401718037e-06
2419,1.507236667631454e-06
2420,1.5165212432716728e-06
2421,1.5258221573393084e-06
2422,1.5352397024568309e-06
2423,1.544721850296389e-06
2424,1.554220684238106e-06
2425,1.5637362336449258e-06
2426,1.5733988993722112e-06
2427,1.5830989518579203e-06
2428,1.5928160739000345e-06
2429,1.6025613104480014e-06
2430,1.6124659383846647e-06
2431,1.622387995876281e-06
2432,1.6323275135940596e-06
2433,1.6423307442284986e-06
2434,1.6524611601092982e-06
2435,1.662609402871755e-06
2436,1.6727755038862464e-06
2437,1.68304485103718e-06
2438,1.6934053099055056e-06
2439,1.7037840004698878e-06
2440,1.714180954813075e-06
2441,1.7247247068993296e-06
2442,1.7353195483768514e-06
2443,1.7459330340013748e-06
2444,1.756577191544375e-06
2445,1.7673918114932854e-06
2446,1.7782254623409092e-06
2447,1.789078177576363e-06
2448,1.800010581048539e-06
2449,1.8110680995010637e-06
2450,1.8221450762889e-06
2451,1.8332415456533103e-06
2452,1.8444709344415082e-06
2453,1.855775952464224e-06
2454,1.8671008643554415e-06
2455,1.8784457051228551e-06
2456,1.889980997177655e-06
2457,1.9015382111653058e-06
2458,1.913115762819016e-06
2459,1.924770532541891e-06
2460,1.9365639838582796e-06
2461,1.9483781885555214e-06
2462,1.9602131831538084e-06
2463,1.972188713366535e-06
2464,1.9842435915966515e-06
2465,1.996319683249124e-06
2466,2.00842306334289e-06
2467,2.020722716573338e-06
2468,2.0330440139649015e-06
2469,2.04538699360529e-06
2470,2.0578264430177016e-06
2471,2.0703971387187038e-06
2472,2.082989955543042e-06
2473,2.095604932417741e-06
2474,2.108390158092894e-06
2475,2.12123709897106e-06
2476,2.134106647090116e-06
2477,2.147034309166371e-06
2478,2.1601397509022682e-06
2479,2.1732682547715698e-06
2480,2.1864198613571894e-06
2481,2.199709377132826e-06
2482,2.2131013144966433e-06
2483,2.226516818149378e-06
2484,2.2399575813154773e-06
2485,2.253617526435926e-06
2486,2.2673015094673273e-06
2487,2.281009572709702e-06
2488,2.2948287308847605e-06
2489,2.308785875717669e-06
2490,2.3227675814532783e-06
2491,2.336773891311927e-06
2492,2.350981999745911e-06
2493,2.3652421424979398e-06
2494,2.3795273793476775e-06
2495,2.393902105464873e-06
2496,2.4084455873387835e-06
2497,2.4230146619114228e-06
2498,2.4376093742187806e-06
2499,2.4523903907520277e-06
2500,2.467248325432884e-06
2501,2.482132406164898e-06
2502,2.497089168972755e-06
2503,2.5122411018412864e-06
2504,2.5274196981190338e-06
2505,2.5426250047261085e-06
2506,2.5580098415175747e-06
2507,2.5734940845363202e-06
2508,2.5890055757407605e-06
2509,2.6045566721777486e-06
2510,2.620351027789048e-06
2511,2.636173177301062e-06
2512,2.6520231696232577e-06
2513,2.66800557411186e-06
2514,2.684142902673841e-06
2515,2.7003086286765694e-06
2516,2.7165028020915773e-06
2517,2.7329300859009914e-06
2518,2.749416121809823e-06
2519,2.7659311687903847e-06
2520,2.782550303655406e-06
2521,2.799361273640457e-06
2522,2.81620182649393e-06
2523,2.8330720142733557e-06
2524,2.850159953706246e-06
2525,2.8673306931895866e-06
2526,2.884531648638605e-06
2527,2.9018282783515955e-06
2528,2.919333934095363e-06
2529,2.936870395167356e-06
2530,2.9544377157762872e-06
2531,2.9722279635632324e-06
2532,2.990104717599294e-06
2533,3.00801292999635e-06
2534,3.026029446996231e-06
2535,3.044251331156706e-06
2536,3.0625052810142614e-06
2537,3.0807913529954867e-06
2538,3.0993687839777846e-06
2539,3.1180219206303568e-06
2540,3.1367078818680416e-06
2541,3.1554267254528485e-06
2542,3.1744191345331346e-06
2543,3.1935120784235656e-06
2544,3.2126386208410985e-06
2545,3.23179882090966e-06
2546,3.2512194950351883e-06
2547,3.270760999773164e-06
2548,3.2903368923841668e-06
2549,3.3099472333811098e-06
2550,3.329809659470239e-06
2551,3.3498086857329157e-06
2552,3.369842904982801e-06
2553,3.389912379149606e-06
2554,3.4102302414285363e-06
2555,3.4306959656604097e-06
2556,3.451197704141661e-06
2557,3.471735520247169e-06
2558,3.492522697123285e-06
2559,3.513464520755309e-06
2560,3.534443196442769e-06
2561,3.5554587890348347e-06
2562,3.5767293494564763e-06
2563,3.598156908676896e-06
2564,3.6196221747157875e-06
2565,3.6411252139264656e-06
2566,3.662893413145638e-06
2567,3.684816589257177e-06
2568,3.7067783443385845e-06
2569,3.728778746277872e-06
2570,3.751059020918402e-06
2571,3.773487951318313e-06
2572,3.795956350678436e-06
2573,3.8184642884529305e-06
2574,3.841271250771948e-06
2575,3.864216340592881e-06
2576,3.8872018076744925e-06
2577,3.910227723069272e-06
2578,3.933576154282845e-06
2579,3.9570480887347515e-06
2580,3.980561327550773e-06
2581,4.004115943414825e-06
2582,4.028019543281648e-06
2583,4.052027802959908e-06
2584,4.076078310788874e-06
2585,4.1001711411132606e-06
2586,4.124648719892381e-06
2587,4.149202566794448e-06
2588,4.173799621932331e-06
2589,4.1984473305077554e-06
2590,4.223512042806605e-06
2591,4.248620862325852e-06
2592,4.273773866681613e-06
2593,4.299030477532097e-06
2594,4.32465868105024e-06
2595,4.350331983379819e-06
2596,4.3760504638818535e-06
2597,4.401937308085409e-06
2598,4.428138622306653e-06
2599,4.454386043857918e-06
2600,4.480679653874914e-06
2601,4.507218509482593e-06
2602,4.534002681317837e-06
2603,4.560833986153457e-06
2604,4.587712506930049e-06
2605,4.614925603131989e-06
2606,4.642302508364535e-06
2607,4.669727589646405e-06
2608,4.697200931753613e-06
2609,4.7251109530800574e-06
2610,4.753090597825958e-06
2611,4.781119479277995e-06
2612,4.809285479271094e-06
2613,4.837827774636454e-06
2614,4.866420296819839e-06
2615,4.895063134206024e-06
2616,4.9239657936993296e-06
2617,4.9531301430801495e-06
2618,4.982345813923805e-06
2619,5.011612896541337e-06
2620,5.0412762113032316e-06
2621,5.071073002447528e-06
2622,5.1009222279789685e-06
2623,5.130886132653721e-06
2624,5.161272417660543e-06
2625,5.191712174402836e-06
2626,5.222205496975464e-06
2627,5.252972219519577e-06
2628,5.284010983396396e-06
2629,5.315104367192528e-06
2630,5.346252467023287e-06
2631,5.377847348805518e-06
2632,5.409549373206875e-06
2633,5.4413071846839695e-06
2634,5.473250414195668e-06
2635,5.505569747895009e-06
2636,5.537945954965661e-06
2637,5.570379135488354e-06
2638,5.603195178107848e-06
2639,5.636198554963562e-06
2640,5.669260008918478e-06
2641,5.702455808180534e-06
2642,5.736095220038611e-06
2643,5.769793828243299e-06
2644,5.803551736963065e-06
2645,5.837666647357182e-06
2646,5.8720113826046365e-06
2647,5.906416555373695e-06
2648,5.940943999454709e-06
2649,5.975943927308915e-06
2650,6.011005445644013e-06
2651,6.0461286628414065e-06
2652,6.081623187420966e-06
2653,6.117350226576532e-06
2654,6.153140135728373e-06
2655,6.189081361382399e-06
2656,6.2254831911600575e-06
2657,6.261949078380143e-06
2658,6.29847913576518e-06
2659,6.3354371102188145e-06
2660,6.372588357151784e-06
2661,6.409804980294432e-06
2662,6.44724523608641e-06
2663,6.485091320731758e-06
2664,6.523004004310034e-06
2665,6.560983404015984e-06
2666,6.599636306724641e-06
2667,6.638412585539078e-06
2668,6.677257100172073e-06
2669,6.716169970698801e-06
2670,6.75548178307516e-06
2671,6.795205166123338e-06
2672,6.834998451632516e-06
2673,6.87486176261067e-06
2674,6.914863837125737e-06
2675,6.9555514639090575e-06
2676,6.9963106899564505e-06
2677,7.037141641261681e-06
2678,7.078044444040303e-06
2679,7.119535419780158e-06
2680,7.161277988496183e-06
2681,7.2030940128816855e-06
2682,7.244983622197142e-06
2683,7.287242529621206e-06
2684,7.329986078273724e-06
2685,7.372804844043762e-06
2686,7.415698959291478e-06
2687,7.4587598600380065e-06
2688,7.502522263729006e-06
2689,7.546361677440581e-06
2690,7.590278236687829e-06
2691,7.634272077224315e-06
2692,7.678975438621152e-06
2693,7.723853647813687e-06
2694,7.768810830534294e-06
2695,7.813847125753237e-06
2696,7.859436102083736e-06
2697,7.9053714980367e-06
2698,7.95138772787344e-06
2699,7.99748493383787e-06
2700,8.04399637483447e-06
2701,8.091007595354358e-06
2702,8.138101542910801e-06
2703,8.185278363079093e-06
2704,8.232750015543805e-06
2705,8.280855947779267e-06
2706,8.32904653343999e-06
2707,8.377321921491053e-06
2708,8.42579243735989e-06
2709,8.475012220646295e-06
2710,8.524318617426234e-06
2711,8.573711780113969e-06
2712,8.623220724593668e-06
2713,8.673573753327309e-06
2714,8.724015389751234e-06
2715,8.774545789788846e-06
2716,8.825165109637943e-06
2717,8.876639576108362e-06
2718,8.928236139119406e-06
2719,8.979923498093296e-06
2720,9.031701812804117e-06
2721,9.084310427228685e-06
2722,9.1370818651272e-06
2723,9.189946166440848e-06
2724,9.2429034945818e-06
2725,9.296688770084713e-06
2726,9.350655295497422e-06
2727,9.404716787345844e-06
2728,9.458873412742799e-06
2729,9.513878810600582e-06
2730,9.569060903480782e-06
2731,9.624340101855906e-06
2732,9.6797165766029e-06
2733,9.735986514766721e-06
2734,9.792404925424351e-06
2735,9.848922617150636e-06
2736,9.905545189534232e-06
2737,9.963119626345572e-06
2738,1.0020795378509814e-05
2739,1.0078572624311885e-05
2740,1.0136536852290244e-05
2741,1.019538768475098e-05
2742,1.0254342078663504e-05
2743,1.0313400216265194e-05
2744,1.0372753273015995e-05
2745,1.0432902043098087e-05
2746,1.0493156658638318e-05
2747,1.0553517305893223e-05
2748,1.061430735445358e-05
2749,1.0675775886427408e-05
2750,1.0737352586270052e-05
2751,1.079903764432466e-05
2752,1.0861313846486275e-05
2753,1.0924124250105085e-05
2754,1.0987045182909861e-05
2755,1.1050076839399046e-05
2756,1.1113889364683188e-05
2757,1.117806403840014e-05
2758,1.1242351642034869e-05
2759,1.130675237431029e-05
2760,1.1372152409022749e-05
2761,1.1437714043240553e-05
2762,1.1503391048036276e-05
2763,1.1569369447106666e-05
2764,1.163622338279482e-05
2765,1.1703194963149513e-05
2766,1.177028439519005e-05
2767,1.1837939963327024e-05
2768,1.190622461168703e-05
2769,1.1974629422364466e-05
2770,1.2043154606808982e-05
2771,1.211254145736531e-05
2772,1.2182280363052808e-05
2773,1.2252141990140148e-05
2774,1.2322207942832456e-05
2775,1.2393299852945133e-05
2776,1.2464516865365372e-05
2777,1.2535859200235696e-05
2778,1.260775151563795e-05
2779,1.2680343051136077e-05
2780,1.2753062327858474e-05
2781,1.2825909570591226e-05
2782,1.2899685363067347e-05
2783,1.2973800950150041e-05
2784,1.3048046960356413e-05
2785,1.3122609621175281e-05
2786,1.3198141085914911e-05
2787,1.3273805465324063e-05
2788,1.3349602993292485e-05
2789,1.3426149767565779e-05
2790,1.3503252318763889e-05
2791,1.3580490549298148e-05
2792,1.3657895048683403e-05
2793,1.3736455776844541e-05
2794,1.3815154750321851e-05
2795,1.3893992212385264e-05
2796,1.3973485126261475e-05
2797,1.4053665087751438e-05
2798,1.4133986143948125e-05
2799,1.4214448543135595e-05
2800,1.4296092092946416e-05
2801,1.4377917230788944e-05
2802,1.4459886358380638e-05
2803,1.4542507344990332e-05
2804,1.4625857260587537e-05
2805,1.4709353849111246e-05
2806,1.4792997368661389e-05
2807,1.4877879078348363e-05
2808,1.496292407108987e-05
2809,1.504811871961068e-05
2810,1.513405659427967e-05
2811,1.522067114709287e-05
2812,1.53074381176661e-05
2813,1.5394494699685122e-05
2814,1.5483016784079047e-05
2815,1.5571694642949902e-05
2816,1.566052855041343e-05
2817,1.574951878106768e-05
2818,1.583974874192965e-05
2819,1.593052642743282e-05
2820,1.6021463856626474e-05
2821,1.6112561310610853e-05
2822,1.6204432676199322e-05
2823,1.6297347197693173e-05
2824,1.639042522310071e-05
2825,1.648366704013883e-05
2826,1.6577252040756224e-05
2827,1.667234090188314e-05
2828,1.6767597093141834e-05
2829,1.6863020908982293e-05
2830,1.6958612644372424e-05
2831,1.7055694771826556e-05
2832,1.715316719932945e-05
2833,1.7250811151357457e-05
2834,1.7348626929741276e-05
2835,1.744759935605427e-05
2836,1.754732659661057e-05
2837,1.7647229329518807e-05
2838,1.774730786359176e-05
2839,1.784824855314217e-05
2840,1.7950269695697408e-05
2841,1.8052470367216076e-05
2842,1.8154850883614082e-05
2843,1.8257839645356642e-05
2844,1.8362194296772462e-05
2845,1.8466732583459145e-05
2846,1.857145482855837e-05
2847,1.8676573332609767e-05
2848,1.8783301623502406e-05
2849,1.889021772659109e-05
2850,1.8997321972367382e-05
2851,1.91046537667234e-05
2852,1.9213796357363866e-05
2853,1.932313100867506e-05
2854,1.943265805862449e-05
2855,1.9542377845774505e-05
2856,1.965388667228703e-05
2857,1.9765681140199783e-05
2858,1.987767233532117e-05
2859,1.998986060383027e-05
2860,2.0103784269620066e-05
2861,2.021808036510418e-05
2862,2.0332577589941646e-05
2863,2.044727629805799e-05
2864,2.0563704413413805e-05
2865,2.068054449612625e-05
2866,2.0797590184876743e-05
2867,2.091484184146825e-05
2868,2.1033865966038528e-05
2869,2.115329295048142e-05
2870,2.127293009316334e-05
2871,2.1392777763897605e-05
2872,2.1514491424127697e-05
2873,2.1636548785871175e-05
2874,2.1758820934558123e-05
2875,2.1881308248146947e-05
2876,2.200580695485948e-05
2877,2.213053873682741e-05
2878,2.225549001194536e-05
2879,2.238081549765303e-05
2880,2.2508042432573167e-05
2881,2.2635493251395118e-05
2882,2.2763168348084864e-05
2883,2.2891445162909937e-05
2884,2.3021431475730587e-05
2885,2.3151646528158676e-05
2886,2.3282090722704636e-05
2887,2.3413420090566596e-05
2888,2.354621148422245e-05
2889,2.367923655361427e-05
2890,2.381249570993845e-05
2891,2.3946980907484237e-05
2892,2.4082623677023533e-05
2893,2.42185051398923e-05
2894,2.4354625716116095e-05
2895,2.449237209101208e-05
2896,2.4630913130202527e-05
2897,2.4769697962834172e-05
2898,2.4908727017907213e-05
2899,2.504984200728526e-05
2900,2.5191328815287705e-05
2901,2.5333064600426784e-05
2902,2.5475496135461317e-05
2903,2.5620158496316405e-05
2904,2.576507542236583e-05
2905,2.5910247361564494e-05
2906,2.6055674762655473e-05
2907,2.6202964331626004e-05
2908,2.635137773914629e-05
2909,2.6500052312607527e-05
2910,2.6648988511579713e-05
2911,2.6798547326504956e-05
2912,2.6950524924476493e-05
2913,2.7102769960327618e-05
2914,2.7255282904664876e-05
2915,2.7408064228922784e-05
2916,2.7562811581366237e-05
2917,2.7718696306651418e-05
2918,2.7874855345215972e-05
2919,2.803128917976478e-05
2920,2.8188537841792874e-05
2921,2.8348132936955007e-05
2922,2.850800887456566e-05
2923,2.866816614881865e-05
2924,2.8828605254777598e-05
2925,2.8991387111408366e-05
2926,2.9155052267030613e-05
2927,2.9319005427212426e-05
2928,2.9483247098750463e-05
2929,2.964877185974597e-05
2930,2.9816300128571783e-05
2931,2.9984123199906738e-05
2932,3.0152241592509804e-05
2933,3.0320655826052567e-05
2934,3.0492167565596366e-05
2935,3.066403269265097e-05
2936,3.083620025380897e-05
2937,3.1008670781258404e-05
2938,3.118279843450393e-05
2939,3.1358777594014407e-05
2940,3.153506642712006e-05
2941,3.171166547874786e-05
2942,3.188857529478374e-05
2943,3.20687061259005e-05
2944,3.224918929529397e-05
2945,3.2429990064010604e-05
2946,3.261110899092393e-05
2947,3.2794172942125394e-05
2948,3.297892448395792e-05
2949,3.3164001136194826e-05
2950,3.334940347092662e-05
2951,3.353553919128009e-05
2952,3.3724634124501245e-05
2953,3.391406181121756e-05
2954,3.410382283696878e-05
2955,3.4293917788325e-05
2956,3.448668691768038e-05
2957,3.468054178548391e-05
2958,3.487473778285616e-05
2959,3.506927551007599e-05
2960,3.526545819783866e-05
2961,3.546381740022048e-05
2962,3.5662525658470756e-05
2963,3.586158358681556e-05
2964,3.606132999774263e-05
2965,3.626427170642674e-05
2966,3.646757053483601e-05
2967,3.667122711138643e-05
2968,3.6875242065599426e-05
2969,3.7082294530449294e-05
2970,3.729026326981037e-05
2971,3.749859797497335e-05
2972,3.770729928992022e-05
2973,3.7918282540191023e-05
2974,3.813100157441254e-05
2975,3.834409493354675e-05
2976,3.8557563276284675e-05
2977,3.8772772543963765e-05
2978,3.899068346467052e-05
2979,3.92089778464732e-05
2980,3.942765636413931e-05
2981,3.964671969362387e-05
2982,3.986895043116797e-05
2983,4.009254629852254e-05
2984,4.031653563078312e-05
2985,4.0540919120320456e-05
2986,4.076623292601625e-05
2987,4.09952327652013e-05
2988,4.122463557867818e-05
2989,4.145444207555087e-05
2990,4.168465296617109e-05
2991,4.19175016952783e-05
2992,4.2152465052654174e-05
2993,4.2387841878329744e-05
2994,4.26236328998748e-05
2995,4.285983884613931e-05
2996,4.3100355725058124e-05
2997,4.334140558981278e-05
2998,4.358287963329597e-05
2999,4.382477860192405e-05
3000,4.406877727450504e-05
3001,4.431560450177966e-05
3002,4.4562866074217535e-05
3003,4.481056275612444e-05
3004,4.5058695313151e-05
3005,4.5310918872990166e-05
3006,4.556407413047738e-05
3007,4.581767486855822e-05
3008,4.6071721871132965e-05
3009,4.6327838050807175e-05
3010,4.6586994832799355e-05
3011,4.684660765627282e-05
3012,4.7106677323710844e-05
3013,4.7367204639009164e-05
3014,4.763212846168313e-05
3015,4.7897863121690655e-05
3016,4.816406539826031e-05
3017,4.84307361142434e-05
3018,4.869998467861695e-05
3019,4.897195268514028e-05
3020,4.9244399277044355e-05
3021,4.951732529648213e-05
3022,4.9791082661869874e-05
3023,5.0069397322031136e-05
3024,5.034820173577562e-05
3025,5.06274967649082e-05
3026,5.0907283272750355e-05
3027,5.1190727704945743e-05
3028,5.1476005287161564e-05
3029,5.176178487559257e-05
3030,5.204806735360385e-05
3031,5.233648435093296e-05
3032,5.262835232972559e-05
3033,5.292073391184369e-05
3034,5.321363000105913e-05
3035,5.3507230151307715e-05
3036,5.3806134160877645e-05
3037,5.4105564155066e-05
3038,5.440552105943146e-05
3039,5.470600580116124e-05
3040,5.5009288827393156e-05
3041,5.5315892487694976e-05
3042,5.562303568165973e-05
3043,5.593071935868742e-05
3044,5.623894446984859e-05
3045,5.65523194644745e-05
3046,5.686677608531121e-05
3047,5.718178605862925e-05
3048,5.749735035814478e-05
3049,5.7815456801068835e-05
3050,5.813735566750995e-05
3051,5.845982098252917e-05
3052,5.878285374288723e-05
3053,5.910645494709848e-05
3054,5.9435399112161495e-05
3055,5.97654505176109e-05
3056,6.0096082717614823e-05
3057,6.042729673417761e-05
3058,6.0761542498242675e-05
3059,6.109931246526648e-05
3060,6.143767680916632e-05
3061,6.177663657584598e-05
3062,6.211643340913353e-05
3063,6.246205615058227e-05
3064,6.280828708739802e-05
3065,6.31551272898007e-05
3066,6.350257782989286e-05
3067,6.38543425329064e-05
3068,6.4208576275949e-05
3069,6.456343336707517e-05
3070,6.491891490316801e-05
3071,6.527684431747182e-05
3072,6.563921886405898e-05
3073,6.600223108405565e-05
3074,6.636588209955211e-05
3075,6.673024606807971e-05
3076,6.710090121945443e-05
3077,6.747220861556798e-05
3078,6.784416940415085e-05
3079,6.821678473495311e-05
3080,6.859432170231006e-05
3081,6.897406614903739e-05
3082,6.935447883485504e-05
3083,6.973556093563768e-05
3084,7.012019078028764e-05
3085,7.050851599973537e-05
3086,7.089752455779681e-05
3087,7.128721765691639e-05
3088,7.167923114468025e-05
3089,7.207628272712434e-05
3090,7.24740330038957e-05
3091,7.287248320445867e-05
3092,7.327217782764623e-05
3093,7.3678103252304e-05
3094,7.408474298651573e-05
3095,7.449209828722316e-05
3096,7.49001704135794e-05
3097,7.531472697657764e-05
3098,7.573040582024017e-05
3099,7.614681613643884e-05
3100,7.6563959212316e-05
3101,7.698691590114004e-05
3102,7.741178544077185e-05
3103,7.783740262572103e-05
3104,7.826376877158779e-05
3105,7.86954447479047e-05
3106,7.912965852597258e-05
3107,7.956463639232152e-05
3108,8.000037969148511e-05
3109,8.044110108147271e-05
3110,8.088481461805057e-05
3111,8.13293089595352e-05
3112,8.177458547987525e-05
3113,8.222468543226365e-05
3114,8.26780562469057e-05
3115,8.313222486026045e-05
3116,8.358719267617955e-05
3117,8.404701142080522e-05
3118,8.451019905464123e-05
3119,8.49742017617342e-05
3120,8.543902097633161e-05
3121,8.5908905883207e-05
3122,8.638207192126047e-05
3123,8.685607059144835e-05
3124,8.73309033589159e-05
3125,8.781120899781984e-05
3126,8.829451709154789e-05
3127,8.877867566425792e-05
3128,8.926368621249885e-05
3129,8.975477441309196e-05
3130,9.024839030315185e-05
3131,9.074287481068759e-05
3132,9.123822946416488e-05
3133,9.17404693766342e-05
3134,9.2244560915881e-05
3135,9.274953950645991e-05
3136,9.325540670927338e-05
3137,9.376917486551161e-05
3138,9.428391204222121e-05
3139,9.479955500324021e-05
3140,9.531715395212622e-05
3141,9.584178571775608e-05
3142,9.636734067908797e-05
3143,9.689382046062455e-05
3144,9.742360619382565e-05
3145,9.79592107651326e-05
3146,9.849575784082065e-05
3147,9.903324907936815e-05
3148,9.957561936402045e-05
3149,0.00010012237296715018
3150,0.00010067008869343581
3151,0.0001012187682358776
3152,0.00010177412845848905
3153,0.00010233220954634575
3154,0.00010289127269014838
3155,0.00010345149411770564
3156,0.0001040200828482219
3157,0.000104589672124839
3158,0.00010516026370816668
3159,0.00010573418705457901
3160,0.0001063144464170248
3161,0.00010689572686217947
3162,0.00010747803018678912
3163,0.0001080660827511242
3164,0.00010865819770042298
3165,0.00010925135459449355
3166,0.00010984555526679138
3167,0.00011044817221316762
3168,0.00011105233002586852
3169,0.00011165755097494428
3170,0.00011226615381147498
3171,0.00011288146135468539
3172,0.0001134978516542762
3173,0.0001141153266155155
3174,0.00011473926093903356
3175,0.00011536697114041416
3176,0.00011599578592288954
3177,0.0001166262486730717
3178,0.00011726543081740247
3179,0.00011790573772981353
3180,0.00011854717138949725
3181,0.00011919375966991795
3182,0.00011984571252593257
3183,0.0001204988126223855
3184,0.00012115306197801042
3185,0.00012181624846666719
3186,0.00012248117060440974
3187,0.00012314726280435924
3188,0.00012381961425644682
3189,0.00012450084930761595
3190,0.00012518328312659648
3191,0.000125866917822791
3192,0.00012655175550931378
3193,0.00012723925000839945
3194,0.00012793952480769013
3195,0.0001286410318786529
3196,0.00012934377338964453
3197,0.00013004775151283628
3198,0.0001307529684242224
3199,0.00013147101028996203
3200,0.00013219199051194456
3201,0.0001329142394404497
3202,0.00013363775930794454
3203,0.0001343625523508246
3204,0.00013509784743885
3205,0.0001358387071327086
3206,0.00013658087051456256
3207,0.0001373243398784325
3208,0.00013806911752237575
3209,0.00013882263078084513
3210,0.00013958378277778433
3211,0.0001403462741706258
3212,0.00014111010731622197
3213,0.00014187528457557225
3214,0.00014264800830636194
3215,0.000143429872037687
3216,0.0001442131116108687
3217,0.0001449977294468897
3218,0.00014578372797099267
3219,0.00014657668209941212
3220,0.00014737968368745612
3221,0.00014818409831313182
3222,0.00014898992846287153
3223,0.00014979717662748262
3224,0.0001506114089749584
3225,0.00015143598132519054
3226,0.00015226200467058533
3227,0.0001530894815643649
3228,0.0001539184145642444
3229,0.00015475500112401754
3230,0.00015560158401834912
3231,0.00015644965663922964
3232,0.0001572992216080328
3233,0.00015815028155074533
3234,0.00015901032676662728
3235,0.00015987936695793846
3236,0.00016074993639330612
3237,0.00016162203776363913
3238,0.00016249567376457985
3239,0.00016338031081281976
3240,0.00016427226212072785
3241,0.00016516578298875518
3242,0.00016606087617875037
3243,0.00016695754445742055
3244,0.00016786793553173944
3245,0.00016878325893962743
3246,0.00016970019303485782
3247,0.00017061874065164628
3248,0.00017153890462919422
3249,0.0001724762412234572
3250,0.00017341540497113085
3251,0.00017435622135729826
3252,0.0001752986932899919
3253,0.0001762465396533215
3254,0.00017720832681633042
3255,0.00017817180642764813
3256,0.00017913698146535564
3257,0.00018010385491277448
3258,0.00018108080822606078
3259,0.00018206735066678744
3260,0.00018305562911692484
3261,0.00018404564663120388
3262,0.0001850374062697307
3263,0.00018604474383083653
3264,0.0001870565312151936
3265,0.00018807009903169244
3266,0.00018908545041322874
3267,0.00019010591094453458
3268,0.0001911416180566634
3269,0.00019217914769177881
3270,0.00019321850305683956
3271,0.0001942596873644471
3272,0.0001953128559000325
3273,0.00019637476474027897
3274,0.00019743854220982422
3275,0.00019850419159675453
3276,0.0001995722457462902
3277,0.00020065895619623
3278,0.00020174757891809657
3279,0.00020283811727676962
3280,0.00020393057464304924
3281,0.0002050337655501781
3282,0.00020614766215710476
3283,0.00020726351887449265
3284,0.0002083813391513974
3285,0.00020950127297215238
3286,0.00021064087764367817
3287,0.00021178248766331504
3288,0.00021292610655971646
3289,0.00021407173786774578
3290,0.0002152293481708106
3291,0.0002163971520556054
3292,0.00021756701090963932
3293,0.0002187389283488777
3294,0.00021991523394589222
3295,0.0002211096779417854
3296,0.00022230622378461592
3297,0.00022350487517283426
3298,0.0002247056358113996
3299,0.00022592226903297535
3300,0.00022714595465342624
3301,0.0002283717935761866
3302,0.0002295997895902458
3303,0.0002308371672073144
3304,0.0002320884512174046
3305,0.0002333419370937069
3306,0.000234597628710665
3307,0.00023585665286006898
3308,0.00023713599976148112
3309,0.0002384175979103555
3310,0.00023970145126802435
3311,0.0002409875638027911
3312,0.00024229092550917742
3313,0.00024360110721725013
3314,0.0002449135944315416
3315,0.00024622839120885635
3316,0.0002475555929816898
3317,0.0002488948355717721
3318,0.0002502364348054024
3319,0.00025158039482936506
3320,0.00025293240636120855
3321,0.00025430119326195924
3322,0.00025567238879423517
3323,0.00025704599719629767
3324,0.00025842380985867906
3325,0.0002598226306753895
3326,0.00026122391297312054
3327,0.000262627661083124
3328,0.0002640338793442741
3329,0.00026546163867274597
3330,0.0002668935044623274
3331,0.00026832788988071486
3332,0.00026976479936147445
3333,0.00027122074896627184
3334,0.00027268370130702446
3335,0.0002741492279783037
3336,0.00027561733350992896
3337,0.00027710253450341786
3338,0.00027859708286223514
3339,0.000280094261149763
3340,0.00028159407399364886
3341,0.00028310960985594344
3342,0.0002846362701833242
3343,0.00028616561694547085
3344,0.0002876976548694567
3345,0.0002892446316147917
3346,0.00029080392642235296
3347,0.00029236596509014983
3348,0.0002939307524462998
3349,0.0002955102987911437
3350,0.0002971027572306839
3351,0.0002986980178870305
3352,0.00030029608569098027
3353,0.00030191037524077765
3354,0.0003035383862848126
3355,0.00030516926210600746
3356,0.0003068030077452401
3357,0.00030844618640423936
3358,0.00031011034790186763
3359,0.0003117774377889897
3360,0.0003134474612184116
3361,0.00031512070714996234
3362,0.0003168216250885027
3363,0.00031852553609516913
3364,0.000320232445436574
3365,0.00032194235838859666
3366,0.00032367525097005246
3367,0.0003254165984446515
3368,0.0003271610101291966
3369,0.0003289084914154771
3370,0.0003306743093501485
3371,0.0003324537170851142
3372,0.00033423625600286085
3373,0.0003360219316130196
3374,0.00033782305961637597
3375,0.00033964378689552795
3376,0.00034146771806553176
3377,0.00034329485876395335
3378,0.0003451252146382773
3379,0.00034698454600822046
3380,0.00034885059231380813
3381,0.00035071992225580735
3382,0.00035259254161209983
3383,0.0003544794122924375
3384,0.00035638830873003613
3385,0.0003583005642053444
3386,0.00036021618462891405
3387,0.0003621351759216982
3388,0.0003640843553437
3389,0.0003660402851506606
3390,0.0003679996567574401
3391,0.0003699624762202132
3392,0.0003719422790841153
3393,0.000373942644928944
3394,0.0003759465307654452
3395,0.00037795394278737854
3396,0.0003799656866760889
3397,0.0003820112635973598
3398,0.00038406044006591457
3399,0.0003861132224154944
3400,0.00038816961699098386
3401,0.00039024982240529893
3402,0.000392345079716166
3403,0.00039444402399410394
3404,0.000396546661726671
3405,0.0003986620648226964
3406,0.0004008042074750572
3407,0.0004029501195961292
3408,0.00040509980781863584
3409,0.00040725327878697056
3410,0.0004094416449227952
3411,0.00041163534562888466
3412,0.0004138329065273882
3413,0.00041603433441066037
3414,0.0004182612786479442
3415,0.00042050360405473166
3416,0.0004227498752161358
3417,0.0004250000990750627
3418,0.00042726706150638506
3419,0.0004295588636863454
3420,0.00043185469868242974
3421,0.0004341545735907288
3422,0.00043646301395717005
3423,0.0004388051615618022
3424,0.0004411514305725366
3425,0.0004435018282413403
3426,0.00044585636183294285
3427,0.0004482466044048495
3428,0.000450644194884136
3429,0.00045304600432890504
3430,0.00045545204016278143
3431,0.00045789123614818915
3432,0.00046034650013724427
3433,0.00046280608457660685
3434,0.0004652699970684715
3435,0.0004677382452284037
3436,0.0004702480123019188
3437,0.0004727663836328007
3438,0.000475289186460098
3439,0.0004778164285813939
3440,0.0004803534462298137
3441,0.000482931629460062
3442,0.00048551434943423246
3443,0.0004881016141350923
3444,0.0004906934315594557
3445,0.0004933066380708837
3446,0.0004959503152879173
3447,0.0004985986444944712
3448,0.0005012516338760896
3449,0.0005039092916327201
3450,0.0005066020022901026
3451,0.0005093124513908131
3452,0.0005120276699751961
3453,0.0005147476664355274
3454,0.000517474418461445
3455,0.0005202480564640148
3456,0.0005230265751398706
3457,0.0005258099830769302
3458,0.0005285982888782215
3459,0.0005314105720545078
3460,0.0005342534755132225
3461,0.0005371013815269974
3462,0.0005399542988982032
3463,0.0005428122364446973
3464,0.000545713588902789
3465,0.0005486270935822824
3466,0.0005515457250489788
3467,0.0005544694923238365
3468,0.0005574122255955374
3469,0.0005603924436831719
3470,0.0005633779059492547
3471,0.0005663686216212977
3472,0.0005693645999430455
3473,0.0005724028497422083
3474,0.0005754562738570014
3475,0.0005785150709657178
3476,0.0005815792505225204
3477,0.0005846638239837445
3478,0.0005877863555115737
3479,0.0005909143816369979
3480,0.0005940479120281392
3481,0.0005971869563701334
3482,0.000600373772987593
3483,0.0006035721904227321
3484,0.0006067762359863601
3485,0.0006099859195815467
3486,0.0006132242445609586
3487,0.0006164942304868593
3488,0.0006197699704753488
3489,0.0006230514746510828
3490,0.0006263435855874345
3491,0.0006296863322509262
3492,0.0006330349610089462
3493,0.0006363894822114238
3494,0.0006397499062264927
3495,0.0006431544242884164
3496,0.0006465771514337825
3497,0.0006500059014092188
3498,0.0006534406848122782
3499,0.0006569045342326277
3500,0.0006604025848400162
3501,0.0006639067908186868
3502,0.0006674171629993973
3503,0.0006709427896985445
3504,0.0006745174044861574
3505,0.0006780983093693852
3506,0.0006816855154160326
3507,0.0006852790337133763
3508,0.0006889278547385192
3509,0.0006925867172887272
3510,0.0006962520181786026
3511,0.0006999237687367833
3512,0.00070364259107304
3513,0.000707383906033029
3514,0.0007111318044180062
3515,0.0007148862978118883
3516,0.0007186638108032077
3517,0.0007224889508661478
3518,0.0007263208218547363
3519,0.0007301594356124118
3520,0.0007340048040034542
3521,0.0007379086628044234
3522,0.0007418258986631802
3523,0.0007457500275009827
3524,0.0007496810614464
3525,0.0007536499671148237
3526,0.0007576539774506074
3527,0.000761665033455672
3528,0.0007656831475272484
3529,0.0007697199042801362
3530,0.0007738121162249781
3531,0.0007779115290404517
3532,0.0007820181553968604
3533,0.0007861320079868022
3534,0.0007903074893722361
3535,0.0007944967063845509
3536,0.0007986932949589765
3537,0.000802897268066145
3538,0.0008071533071139925
3539,0.0008114432182060513
3540,0.0008157406780436402
3541,0.0008200456999091421
3542,0.000824358297108308
3543,0.0008287330009775755
3544,0.0008331330818092853
3545,0.0008375409052428248
3546,0.0008419564849016634
3547,0.0008463798344332374
3548,0.0008508786730253231
3549,0.0008553910728487551
3550,0.0008599114129120108
3551,0.0008644397071862997
3552,0.0008689857700062198
3553,0.0008736045432836703
3554,0.0008782314439774951
3555,0.0008828664863882367
3556,0.0008875096848415955
3557,0.0008921898100804835
3558,0.0008969250941468362
3559,0.0009016687106431915
3560,0.0009064206742308053
3561,0.000911180999596727
3562,0.0009160010338945794
3563,0.0009208550732186392
3564,0.000925717653935545
3565,0.0009305887910742151
3566,0.0009354684996900087
3567,0.0009404344232745659
3568,0.0009454094961891652
3569,0.0009503933234682492
3570,0.0009553859205154508
3571,0.0009604157671042582
3572,0.0009655052306009753
3573,0.0009706036497451786
3574,0.0009757110402946575
3575,0.0009808274180349204
3576,0.0009860163222162254
3577,0.0009912342524557687
3578,0.0009964613643936322
3579,0.0010016976741853297
3580,0.0010069460032849345
3581,0.0010122856453859404
3582,0.0010176346833506696
3583,0.0010229931337114452
3584,0.001028361013029686
3585,0.0010337671968644571
3586,0.0010392404073674315
3587,0.0010447232487615107
3588,0.0010502157379925386
3589,0.001055717892036181
3590,0.001061291252003671
3591,0.0010669055147823651
3592,0.0010725296566481705
3593,0.001078163694983619
3594,0.001083807647201834
3595,0.0010895345045491345
3596,0.0010952925701708841
3597,0.0011010607679154314
3598,0.001106839115610513
3599,0.0011126276311152383
3600,0.001118515082661991
3601,0.0011244197432306049
3602,0.001130334793870464
3603,0.00113626025286315
3604,0.001142207993756553
3605,0.0011482514491566531
3606,0.001154305538851936
3607,0.0011603702815536957
3608,0.0011664456960061328
3609,0.0011725669112465239
3610,0.0011787624050494522
3611,0.0011849688006738707
3612,0.0011911861173017695
3613,0.0011974143741488744
3614,0.0012037166460961018
3615,0.0012100670931516546
3616,0.0012164287146837149
3617,0.001222801530353991
3618,0.0012291855598587733
3619,0.001235676642887681
3620,0.0012421850017048978
3621,0.001248704812859164
3622,0.0012552360965010542
3623,0.0012618091363015532
3624,0.001268466694745983
3625,0.0012751359680588305
3626,0.0012818169768525922
3627,0.001288509741776015
3628,0.0012952857145793206
3629,0.0013021069470513554
3630,0.0013089401823910983
3631,0.0013157854417177582
3632,0.0013226541879477521
3633,0.0013296299072207743
3634,0.0013366179011957257
3635,0.0013436181914700887
3636,0.0013506307996793414
3637,0.0013577172138336004
3638,0.001364862529546786
3639,0.0013720204183816915
3640,0.0013791909024608447
3641,0.0013863814416507257
3642,0.0013936866735406973
3643,0.0014010047599396398
3644,0.0014083357234651608
3645,0.0014156795867746599
3646,0.0014231031507202236
3647,0.0014305840654026388
3648,0.001438078143722735
3649,0.0014455854088420055
3650,0.001453124991720089
3651,0.0014607713974497283
3652,0.0014684312580132922
3653,0.0014761045970846185
3654,0.0014837914383791864
3655,0.0014915800338445764
3656,0.001499408376533214
3657,0.0015072504941886443
3658,0.0015151064110479474
3659,0.0015230246887038626
3660,0.00153102723521244
3661,0.0015390438632145514
3662,0.0015470745974865761
3663,0.0015551194628484915
3664,0.0015632950985717937
3665,0.0015714890342096376
3666,0.001579697388105267
3667,0.0015879201856275624
3668,0.001596226212300148
3669,0.0016046002864061916
3670,0.0016129890957387112
3671,0.001621392666224281
3672,0.0016298350438534424
3673,0.0016383921211522128
3674,0.001646964255686615
3675,0.0016555514739497639
3676,0.0016641538024813889
3677,0.0016728792636288325
3678,0.0016816376274345222
3679,0.0016904114026543378
3680,0.0016992006164045386
3681,0.0017080766645869085
3682,0.0017170241963937439
3683,0.001725987472470735
3684,0.0017349665205197685
3685,0.001743999502102653
3686,0.0017531391756602536
3687,0.0017622949315763046
3688,0.0017714667981475248
3689,0.0017806631833521948
3690,0.0017899980077925569
3691,0.0017993492579741707
3692,0.0018087169627979084
3693,0.0018181011512154756
3694,0.00182761636660856
3695,0.0018371661612934347
3696,0.0018467327599742055
3697,0.001856316192217237
3698,0.001866010159001473
3699,0.0018757615846083714
3700,0.0018855301689954314
3701,0.0018953159423532088
3702,0.001905195526774696
3703,0.0019151517062767746
3704,0.001925125404838055
3705,0.0019351166532829748
3706,0.0019451888484959645
3707,0.0019553529417974352
3708,0.001965534919996905
3709,0.0019757348145624633
3710,0.0019860067413705806
3711,0.0019963819456868385
3712,0.0020067754063652927
3713,0.0020171871555275784
3714,0.0020276660631339647
3715,0.0020382556133752127
3716,0.00204886379713456
3717,0.002059490647197204
3718,0.002070183913963617
3719,0.002080991083121916
3720,0.0020918172687129366
3721,0.002102662504195554
3722,0.002113577638410305
3723,0.002124605737950251
3724,0.0021356532426639136
3725,0.0021467201866941267
3726,0.002157864827348939
3727,0.0021691172076018436
3728,0.0021803893876642284
3729,0.0021916814023732302
3730,0.0022030633199489743
3731,0.002214543370510669
3732,0.0022260436214814445
3733,0.0022375641084032417
3734,0.0022492071261531505
3735,0.0022609459511887986
3736,0.0022727054319637455
3737,0.0022844856048210324
3738,0.0022962866622715516
3739,0.00230828851814935
3740,0.002320311492585612
3741,0.0023323556227376314
3742,0.0023444209458280832
3743,0.002356591863546489
3744,0.0023688826490549336
3745,0.0023811950615088865
3746,0.0023935291389600767
3747,0.002405884919527182
3748,0.0024184400908240523
3749,0.0024310251650584884
3750,0.0024436323840544764
3751,0.002456261786774778
3752,0.0024690053537128934
3753,0.0024818675245417018
3754,0.002494752327699248
3755,0.0025076598030060833
3756,0.0025206003226015536
3757,0.002533744081081501
3758,0.002546910967359157
3759,0.002560101022126799
3760,0.002573314286148266
3761,0.002586677128585672
3762,0.0026001306542405046
3763,0.002613607852742503
3764,0.0026271087657428692
3765,0.0026406893166551204
3766,0.00265443409625159
3767,0.002668203061171493
3768,0.002681996253967649
3769,0.0026958137172677418
3770,0.002709844361071369
3771,0.002723909774570857
3772,0.0027379999375624895
3773,0.0027521148935916446
3774,0.002766384879340378
3775,0.0027807514841908985
3776,0.002795143368494078
3777,0.0028095605767276773
3778,0.002824079447990485
3779,0.002838752048774787
3780,0.00285345046742562
3781,0.0028681747493680032
3782,0.002882952233732018
3783,0.002897935698122974
3784,0.00291294552735871
3785,0.002927981767826541
3786,0.002943044465995405
3787,0.002958327036844917
3788,0.0029736532174705946
3789,0.0029890063659619407
3790,0.0030043865297671767
3791,0.0030199510483234636
3792,0.0030355985871732953
3793,0.0030512736593315175
3794,0.0030669763132411703
3795,0.003082833098921275
3796,0.0030988070704247835
3797,0.0031148091496074957
3798,0.0031308393859229454
3799,0.0031469989424625193
3800,0.0031633044903268824
3801,0.003179638729291217
3802,0.003196001709835485
3803,0.0032124747250280037
3804,0.003229117064049146
3805,0.0032457886867660432
3806,0.0032624896447012246
3807,0.0032792869901068712
3808,0.003296271408123445
3809,0.0033132857117350793
3810,0.0033303299535232364
3811,0.003347462684154217
3812,0.003364794544160311
3813,0.0033821569010965215
3814,0.003399549808619811
3815,0.0034170291626108335
3816,0.0034347139050450136
3817,0.0034524297653163133
3818,0.003470176798174085
3819,0.00348801419644858
3820,0.0035060573416789906
3821,0.0035241322353661217
3822,0.0035422389333687678
3823,0.003560445979313821
3824,0.003578853130341628
3825,0.003597292670303714
3826,0.0036157646561856683
3827,0.003634353135351136
3828,0.003653129980757103
3829,0.0036719398655834113
3830,0.003690782847960055
3831,0.0037097759961804764
3832,0.003728954204936676
3833,0.003748166159322422
3834,0.0037674119187101084
3835,0.003786727896216994
3836,0.0038063137803432583
3837,0.003825934127413622
3838,0.0038455889980624795
3839,0.003865278453030851
3840,0.0038852407646509297
3841,0.0039052759031616333
3842,0.0039253462950853074
3843,0.003945452002446994
3844,0.003965767702570614
3845,0.003986224107705103
3846,0.0040067165074794565
3847,0.004027244965222737
3848,0.0040479433482274365
3849,0.004068865303955487
3850,0.004089824073470121
3851,0.004110819721541524
3852,0.004131852313053806
3853,0.00415314645633196
3854,0.00417457918836915
3855,0.0041960496329096755
3856,0.004217557856304803
3857,0.0042391043566309735
3858,0.004261038484157693
3859,0.004283011206403265
3860,0.004305022591271038
3861,0.004327072706783791
3862,0.004349188656616356
3863,0.004371671984268405
3864,0.004394194872961976
3865,0.004416757392300429
3866,0.004439359612009553
3867,0.004462071225178236
3868,0.004485114057809896
3869,0.004508197435935802
3870,0.004531321430891228
3871,0.004554486114136912
3872,0.004577820187535223
3873,0.0046014329783050445
3874,0.004625087317412778
3875,0.004648783277957951
3876,0.004672520933168666
3877,0.004696504850477238
3878,0.0047206982026926515
3879,0.004744934124744706
3880,0.0047692126915299966
3881,0.0047935339780768495
3882,0.004818195713515176
3883,0.004842980382501953
3884,0.004867808661746566
3885,0.004892680627975946
3886,0.004917622176594331
3887,0.004942964480170378
3888,0.004968351375165563
3889,0.004993782940032961
3890,0.005019259253363633
3891,0.005044929551942576
3892,0.005070884069404772
3893,0.0050968842554727665
3894,0.005122930190494663
3895,0.005149021954959877
3896,0.005175450692724944
3897,0.005202028627193825
3898,0.005228653327165319
3899,0.005255324874917222
3900,0.005282098689607138
3901,0.005309284742281723
3902,0.005336518630443361
3903,0.005363800438252165
3904,0.005391130250016331
3905,0.005418645226183258
3906,0.00544649819175062
3907,0.005474400166230683
3908,0.005502351235847882
3909,0.0055303514869783615
3910,0.005558639670435235
3911,0.005587171831869777
3912,0.0056157541972525525
3913,0.005644386854910329
3914,0.00567306989332527
3915,0.005702164003026587
3916,0.005731387817063939
3917,0.005760663052000585
3918,0.005789989798304168
3919,0.005819426046902585
3920,0.00584930157857848
3921,0.005879229677844673
3922,0.005909210437186136
3923,0.005939243949250477
3924,0.005969545770121549
3925,0.0060001371381983
3926,0.006030782333363705
3927,0.006061481450318441
3928,0.006092234583929729
3929,0.006123436649606177
3930,0.0061547568221625715
3931,0.006186132104120931
3932,0.00621756259243779
3933,0.006249180244083507
3934,0.006281186055534058
3935,0.00631324818275641
3936,0.006345366724829355
3937,0.006377541781005911
3938,0.006410123006800967
3939,0.006442882780863194
3940,0.0064757001972716565
3941,0.006508575357438846
3942,0.006541621475457195
3943,0.006575089820430708
3944,0.0066086170544651665
3945,0.006642203281166248
3946,0.00667584860432189
3947,0.006709924055665557
3948,0.006744172174521254
3949,0.0067784805544222814
3950,0.006812849301387889
3951,0.006847441077912932
3952,0.0068824212738955795
3953,0.006917463018993109
3954,0.006952566421490726
3955,0.006987731589864107
3956,0.0070234209123778805
3957,0.00705920736121919
3958,0.007095056777744177
3959,0.007130969272733544
3960,0.0071672284981393495
3961,0.007203771117055153
3962,0.007240378034111035
3963,0.007277049362428245
3964,0.0073139022928381875
3965,0.007351212677188003
3966,0.0073885887105341625
3967,0.007426030508374228
3968,0.007463538186408993
3969,0.007501591292215047
3970,0.007539748188127575
3971,0.00757797222243191
3972,0.00761626351324569
3973,0.007654967077882611
3974,0.007693916714429187
3975,0.007732934884162451
3976,0.007772021707653776
3977,0.00781140102038722
3978,0.007851155408715107
3979,0.007890979746155711
3980,0.00793087415577122
3981,0.007970954981738644
3982,0.008011526267378008
3983,0.0080521689394236
3984,0.008092883123466045
3985,0.00813369170519026
3986,0.008175092169371954
3987,0.008216565478859558
3988,0.008258111761810114
3989,0.008299731146606084
3990,0.008341916881723518
3991,0.008384233268764788
3992,0.008426624112620738
3993,0.008469089544283263
3994,0.008512065065112031
3995,0.008555237108444975
3996,0.008598485114073826
3997,0.008641809215638766
3998,0.008685602279522487
3999,0.00872964269787971
4000,0.008773760606389687
4001,0.008817956141380371
4002,0.008862594989972003
4003,0.008907516643465776
4004,0.008952517337593514
4005,0.008997597211410661
4006,0.009043110572312675
4007,0.00908892646383875
4008,0.009134822969355477
4009,0.00918080023068602
4010,0.009227217319116375
4011,0.009273940595775793
4012,0.009320746082911674
4013,0.00936763392515558
4014,0.009414984445640937
4015,0.009462628400182123
4016,0.009510356185070836
4017,0.009558167947788203
4018,0.009606482095886439
4019,0.009655060168168004
4020,0.00970372371431226
4021,0.009752472884691384
4022,0.009801781348743708
4023,0.009851307127218281
4024,0.009900920046976014
4025,0.009950620261322313
4026,0.0100009542242386
4027,0.010051441447460783
4028,0.010102017503556002
4029,0.010152701521605152
4030,0.01020407368988362
4031,0.010255536248041
4032,0.01030708935509734
4033,0.010358853858219363
4034,0.010411213667136331
4035,0.01046366560360697
4036,0.010516209829707975
4037,0.010569087415203685
4038,0.010622449037978219
4039,0.01067590455091497
4040,0.010729454119191273
4041,0.010783477885653934
4042,0.010837855651618954
4043,0.01089232909556318
4044,0.010946898385808826
4045,0.011002101935093654
4046,0.01105751033133753
4047,0.011113016218863502
4048,0.011168682691299019
4049,0.011225037208429127
4050,0.011281490881470322
4051,0.011338043884862746
4052,0.011395004213620535
4053,0.011452559434770679
4054,0.011510215924371781
4055,0.011567973860580182
4056,0.011625833421865467
4057,0.011684531758985789
4058,0.011743409359975216
4059,0.011802390556012664
4060,0.011861475529347063
4061,0.011921046643415012
4062,0.011981163849897966
4063,0.012041386832404877
4064,0.012101715777021183
4065,0.012162197893027606
4066,0.012223573400259065
4067,0.012285056897379402
4068,0.012346648574368346
4069,0.012408348621539769
4070,0.012470733368543862
4071,0.012533496311821053
4072,0.012596369686030642
4073,0.012659353685446212
4074,0.012722806719197744
4075,0.012787062406712858
4076,0.012851431151514655
4077,0.012915913152496666
4078,0.012980508608902222
4079,0.013045288350893497
4080,0.013111176633212488
4081,0.013177180845200994
4082,0.0132433011908052
4083,0.01330953787432995
4084,0.01337589110043946
4085,0.013443268732411551
4086,0.01351093847715322
4087,0.013578727285837018
4088,0.013646635367922346
4089,0.01371466293323699
4090,0.013783534658924962
4091,0.013852900406519155
4092,0.013922388201984324
4093,0.013991998260028653
4094,0.014061730795737982
4095,0.014132173659766477
4096,0.014203266289523588
4097,0.01427448400540257
4098,0.01434582702745595
4099,0.014417295576123293
4100,0.014489388296830991
4101,0.01456223910200092
4102,0.014635218086593677
4103,0.014708325476102908
4104,0.014781561496418901
4105,0.01485538446971054
4106,0.014930025162261527
4107,0.015004797183322675
4108,0.015079700763926925
4109,0.015154736135513528
4110,0.01523037143884424
4111,0.01530683415429364
4112,0.015383431403871852
4113,0.015460163424250458
4114,0.015537030452517293
4115,0.015614561849009915
4116,0.015692879151305683
4117,0.015771334250633633
4118,0.01584992738940473
4119,0.01592865881045632
4120,0.01600817175315197
4121,0.01608837663960756
4122,0.01616872264404553
4123,0.016249210014718338
4124,0.01632983900031505
4125,0.01641142063655842
4126,0.016493546542839826
4127,0.01657581694687153
4128,0.0166582321028509
4129,0.01674079226542239
4130,0.016824531441381442
4131,0.016908612246547643
4132,0.016992840988829524
4133,0.017077217928474216
4134,0.017161811730842066
4135,0.017247730591508005
4136,0.017333800623105883
4137,0.017420022091570998
4138,0.01750639526330635
4139,0.017593308704186798
4140,0.01768124801778544
4141,0.01776934205699895
4142,0.01785759109401514
4143,0.01794599540150049
4144,0.018035322238926895
4145,0.018125317183601948
4146,0.0182154704704568
4147,0.01830578237804053
4148,0.01839625318539213
4149,0.018488088893645095
4150,0.018580175110827483
4151,0.018672423349451236
4152,0.018764833894537
4153,0.018857800679817443
4154,0.018951848806401203
4155,0.019046062406116594
4156,0.019140441770055607
4157,0.01923498718982215
4158,0.019330637428695528
4159,0.019426845721345398
4160,0.01952322328757866
4161,0.019619770425171948
4162,0.01971668893677806
4163,0.01981492155870111
4164,0.019913327015700814
4165,0.02001190561181832
4166,0.020110657651629414
4167,0.02021044027947363
4168,0.02031090362347583
4169,0.02041154372712002
4170,0.020512360901350262
4171,0.02061355435029394
4172,0.020716105888054212
4173,0.020818837859293303
4174,0.020921750581417122
4175,0.021024844372389852
4176,0.02112908870246502
4177,0.021233943215218196
4178,0.02133898221311305
4179,0.02144420602068187
4180,0.021550009083542765
4181,0.021657017128389758
4182,0.021764213447150224
4183,0.021871598371020692
4184,0.021979172231779937
4185,0.022088219067014254
4186,0.02219760407179095
4187,0.022307181532287154
4188,0.02241695178705462
4189,0.022527710642252466
4190,0.022639316021115744
4191,0.022751117762049553
4192,0.0228631162104765
4193,0.02297565561661139
4194,0.023089513383440907
4195,0.023203571475006367
4196,0.023317830243700134
4197,0.023432290042534363
4198,0.02354836240988481
4199,0.023664709251577286
4200,0.023781260797025788
4201,0.023898017406324697
4202,0.024016031523083632
4203,0.024134699846646266
4204,0.024253576958169265
4205,0.024372663224930573
4206,0.0244926913260612
4207,0.024613714198456628
4208,0.0247349500011828
4209,0.024856399108803568
4210,0.024978514611250207
4211,0.02510192543765977
4212,0.02522555339553144
4213,0.025349398866818043
4214,0.025473676369670097
4215,0.025599508896519643
4216,0.025725562815323323
4217,0.025851838515527685
4218,0.025978353800258553
4219,0.02610664211827275
4220,0.02623515614869939
4221,0.026363896288583898
4222,0.026492862935669974
4223,0.02662350486664879
4224,0.02675451350737922
4225,0.026885752646308332
4226,0.027017222688898775
4227,0.02715027913554781
4228,0.027283817236369672
4229,0.027417590285431927
4230,0.027551598696023995
4231,0.027687149158885378
4232,0.027823251923836903
4233,0.027959594148994196
4234,0.02809617625558249
4235,0.02823430142059747
4236,0.02837300441114156
4237,0.028511951436409257
4238,0.028651142925671207
4239,0.028791924664814342
4240,0.028933263803042418
4241,0.029074851613698022
4242,0.029216688534208772
4243,0.029360209906202445
4244,0.029504221478069588
4245,0.029648486423894303
4246,0.02979300518937311
4247,0.02993974060877531
4248,0.030086881387586594
4249,0.030234281045515482
4250,0.0303819400379411
4251,0.03053000772485743
4252,0.030680323930312003
4253,0.030830904601344664
4254,0.030981750203160054
4255,0.031132861201780715
4256,0.03128477952660192
4257,0.03143858796625368
4258,0.03159266701521665
4259,0.03174701714950082
4260,0.03190163884595303
4261,0.03205756529467609
4262,0.032214925087937635
4263,0.03237256173823117
4264,0.032530475732554714
4265,0.03268866755876264
4266,0.03284876232343083
4267,0.033009733334417334
4268,0.03317098755545339
4269,0.033332525484710294
4270,0.03349441991699781
4271,0.033658773601891324
4272,0.033823416447835056
4273,0.03398834896346685
4274,0.03415357165831875
4275,0.03431992750711801
4276,0.03448800784977404
4277,0.03465638390954859
4278,0.03482505620660974
4279,0.03499402526204011
4280,0.03516512643643332
4281,0.035337150917981584
4282,0.03550947805531845
4283,0.03568210838081519
4284,0.03585504242777903
4285,0.03603040493250731
4286,0.03620644032588772
4287,0.036382785431174264
4288,0.03655944079314779
4289,0.03673641249315937
4290,0.03691621007004914
4291,0.03709632397744677
4292,0.03727675477177324
4293,0.03745750301042812
4294,0.037639058075045036
4295,0.03782299532391385
4296,0.038007256185884644
4297,0.03819184123018616
4298,0.0383767510270483
4299,0.038563074517572814
4300,0.03875122060491928
4301,0.038939697709617214
4302,0.0391285064139171
4303,0.03931764730109334
4304,0.03950892734866914
4305,0.03970135229642029
4306,0.03989411578893172
4307,0.0400872184216921
4308,0.0402806607912373
4309,0.04047708859672824
4310,0.04067386329166277
4311,0.040870984183446146
4312,0.04106845188102432
4313,0.04126719397897882
4314,0.04146803682864027
4315,0.04166923303192322
4316,0.04187078321036041
4317,0.042072687986577074
4318,0.0422769280776191
4319,0.04248225718862762
4320,0.04268794754545469
4321,0.042893999783512174
4322,0.04310083249219066
4323,0.04331035265566584
4324,0.04352024143789297
4325,0.04373049948725081
4326,0.043941127453257706
4327,0.04415381922076585
4328,0.04436796522971116
4329,0.04458248799511065
4330,0.04479738817965408
4331,0.04501296046265161
4332,0.04523142305882449
4333,0.04545027000518162
4334,0.045669501977767396
4335,0.04588911965381473
4336,0.046110922864821
4337,0.046334154022179455
4338,0.04655777791843477
4339,0.04678179524438361
4340,0.04700677639512596
4341,0.047234452363669494
4342,0.047462528890363946
4343,0.04769100667975706
4344,0.047919886437635034
4345,0.04815148116666635
4346,0.04838407160679777
4347,0.04861707125041898
4348,0.04885048081728107
4349,0.04908574227991879
4350,0.04932333233639513
4351,0.04956134039163129
4352,0.04979976718084602
4353,0.050038613440550495
4354,0.05027949037686441
4355,0.050522578213357476
4356,0.05076609372009393
4357,0.051010037649300524
4358,0.05125441075452627
4359,0.05150114442503057
4360,0.05174982079239805
4361,0.05199893466110281
4362,0.05224848680066009
4363,0.05249847798193789
4364,0.05275131359489851
4365,0.05300567032753637
4366,0.053260474554120286
4367,0.05351572706173791
4368,0.0537714286388606
4369,0.05403061534129252
4370,0.05429074536859863
4371,0.05455133304589922
4372,0.05481237917814171
4373,0.055074145232675814
4374,0.055339675440851555
4375,0.05560567279880188
4376,0.055872138128179843
4377,0.05613907225208323
4378,0.05640764580775526
4379,0.05667912803045092
4380,0.05695108787329241
4381,0.05722352617634502
4382,0.05749644378115116
4383,0.05777208529408503
4384,0.05804961564658626
4385,0.05832763425864413
4386,0.058606141989033245
4387,0.05888513969803825
4388,0.059168113528117905
4389,0.059451789265710576
4390,0.059735964073313705
4391,0.0600206388287123
4392,0.06030697844355924
4393,0.06059638881554191
4394,0.06088630834553281
4395,0.061176737929056355
4396,0.06146767846321175
4397,0.06176183537661755
4398,0.06205757797341964
4399,0.062353840867278916
4400,0.06265062497330741
4401,0.06294857018066567
4402,0.06325042874527168
4403,0.0635528183657112
4404,0.06385573997601604
4405,0.0641591945118594
4406,0.06446475113348415
4407,0.06477335196408017
4408,0.06508249571082042
4409,0.06539218332859238
4410,0.06570241577396163
4411,0.066015875394415
4412,0.06633132669243295
4413,0.0666473329571954
4414,0.06696389516477995
4415,0.06728101429297949
4416,0.0676026727341652
4417,0.06792508400542058
4418,0.06824806248660281
4419,0.0685716091753181
4420,0.06889697894197211
4421,0.06922588238456027
4422,0.06955536445747613
4423,0.0698854261784079
4424,0.07021606856683293
4425,0.07055017930489946
4426,0.07088625310592206
4427,0.07122291815044698
4428,0.07156017547834137
4429,0.0718984312721328
4430,0.0722411857679818
4431,0.07258454325928235
4432,0.07292850480656639
4433,0.07327307147223026
4434,0.07362062508537391
4435,0.07397076499125975
4436,0.07432152088396542
4437,0.07467289384686654
4438,0.07502503900487878
4439,0.07538205215137024
4440,0.07573969337524825
4441,0.0760979637811486
4442,0.07645686447564866
4443,0.07681887886482891
4444,0.07718349727979532
4445,0.0775487571501584
4446,0.07791465960407709
4447,0.07828172458024368
4448,0.07865341293575759
4449,0.07902575518315362
4450,0.07939875247245883
4451,0.07977240595572123
4452,0.08014992602603109
4453,0.08052944447056848
4454,0.08090963058036099
4455,0.08129048552965337
4456,0.08167352758632869
4457,0.08206031697322337
4458,0.08244778681533829
4459,0.08283593830940672
4460,0.08322477265426617
4461,0.08361887003401652
4462,0.08401371946588157
4463,0.0844092635307277
4464,0.08480550345021687
4465,0.08520560639240322
4466,0.08560793223729327
4467,0.08601096586646202
4468,0.08641470852469618
4469,0.08682103420202988
4470,0.08723093427086581
4471,0.08764155544728472
4472,0.08805289899949958
4473,0.08846566705193792
4474,0.0888832401667929
4475,0.0893015478863187
4476,0.08972059150246019
4477,0.09014037230943316
4478,0.09056537001129718
4479,0.09099146430816628
4480,0.0914183081983848
4481,0.09184590300025115
4482,0.09227784940854833
4483,0.0927118313829333
4484,0.0931465768251886
4485,0.09358208707800782
4486,0.09402120951800313
4487,0.09446318136590551
4488,0.09490593073591289
4489,0.09534945899542918
4490,0.09579598709789511
4491,0.09624605214363809
4492,0.09669690894741625
4493,0.09714855890166482
4494,0.09760272455571525
4495,0.09806098728731762
4496,0.09852005619662758
4497,0.09897993270143302
4498,0.09944197000661634
4499,0.09990853611437758
4500,0.10037592300537343
4501,0.10084413212307126
4502,0.10131427734082628
4503,0.10178925375947707
4504,0.10226506575493091
4505,0.1027417147966658
4506,0.10322020630127535
4507,0.10370370125610245
4508,0.10418804677161206
4509,0.10467324434362607
4510,0.10516032257283264
4511,0.10565244563022988
4512,0.10614543442485584
4513,0.10663929047921603
4514,0.10713519788470097
4515,0.10763606000765544
4516,0.1081378032395071
4517,0.10864042912978754
4518,0.10914541012775571
4519,0.10965512373683964
4520,0.11016573402417351
4521,0.11067724256666188
4522,0.11119154348881193
4523,0.11171022252932819
4524,0.11222981401781122
4525,0.112750319558891
4526,0.11327418860409694
4527,0.11380194862009956
4528,0.11433063705696003
4529,0.1148602555473908
4530,0.1153939427344651
4531,0.1159309009504754
4532,0.11646880376636382
4533,0.11700765284328643
4534,0.11755140996523583
4535,0.11809768537658588
4536,0.11864492177607455
4537,0.11919312085367113
4538,0.11974720143390122
4539,0.12030291490674608
4540,0.12085960596852023
4541,0.1214176538672189
4542,0.12198193558933688
4543,0.1225472099715362
4544,0.12311347875946897
4545,0.12368228790910682
4546,0.12425623848662626
4547,0.12483119873084689
4548,0.1254071704173186
4549,0.12598699771808766
4550,0.12657074412209585
4551,0.12715551742268655
4552,0.1277413194257011
4553,0.12833242322225005
4554,0.12892609481372963
4555,0.1295208107591365
4556,0.1301165728950033
4557,0.1307192129332272
4558,0.1313229416327409
4559,0.1319277323754919
4560,0.13253518201181375
4561,0.1331480244155345
4562,0.13376194489278606
4563,0.13437694533938158
4564,0.13499637114189872
4565,0.1356195248180855
4566,0.13624377470403018
4567,0.1368691227274289
4568,0.13750078594403767
4569,0.13813439147548415
4570,0.13876911160010943
4571,0.13940604096912207
4572,0.1400491111580398
4573,0.1406933125875539
4574,0.14133864724694595
4575,0.14198824782952482
4576,0.142642042855936
4577,0.14329698798637003
4578,0.14395308524326886
4579,0.14461664831861995
4580,0.14528254214616615
4581,0.1459496073580066
4582,0.14661784601399408
4583,0.1472908920816788
4584,0.14796903371968453
4585,0.1486483682842501
4586,0.14932889787309953
4587,0.15001177577835517
4588,0.15070231555806934
4589,0.15139407007092673
4590,0.1520870414529859
4591,0.1527812318440588
4592,0.1534831930729963
4593,0.15418751947827808
4594,0.15489308486483
4595,0.1555998914113346
4596,0.15631247911550059
4597,0.15702953073174278
4598,0.15774784371088635
4599,0.1584674202709604
4600,0.1591909939899857
4601,0.15992092553763793
4602,0.16065214110185
4603,0.16138464294047428
4604,0.16211956547348533
4605,0.16286253310424637
4606,0.1636068076797667
4607,0.16435239149820396
4608,0.16509928686175374
4609,0.1658551901688518
4610,0.1666126816470794
4611,0.16737150561432537
4612,0.16813166441364913
4613,0.16889974103138247
4614,0.16967060880247334
4615,0.17044283258891352
4616,0.17121641477511845
4617,0.17199703759535315
4618,0.1727814425842312
4619,0.17356722739771482
4620,0.17435439446207257
4621,0.17514793941693102
4622,0.17594604412195106
4623,0.1767455527465233
4624,0.17754646775926913
4625,0.17835331376301675
4626,0.17916528229753584
4627,0.1799786791350782
4628,0.18079350678712866
4629,0.18161403567935613
4630,0.18244003381650437
4631,0.18326748493158998
4632,0.18409639157947094
4633,0.18493098806984556
4634,0.18577118329081074
4635,0.18661285645906944
4636,0.18745601017337063
4637,0.18830506035860287
4638,0.18915961917191115
4639,0.19001568119459675
4640,0.19087324906981334
4641,0.19173714989600443
4642,0.19260623850350223
4643,0.19347685587464586
4644,0.19434900469750477
4645,0.19522816219237882
4646,0.19611194812270583
4647,0.19699728866545851
4648,0.19788418655414342
4649,0.1987790100826853
4650,0.19967766220270208
4651,0.20057789508078863
4652,0.2014797114964077
4653,0.20239061373106296
4654,0.20330430225742585
4655,0.20421959798673525
4656,0.2051366352074068
4657,0.20606390063677768
4658,0.20699279714767785
4659,0.20792332760802487
4660,0.20885718627919303
4661,0.2097998056416544
4662,0.21074408308871817
4663,0.21169002153576533
4664,0.21264112361220916
4665,0.21359927093896575
4666,0.21455910365932832
4667,0.2155206247366761
4668,0.21648939536627526
4669,0.21746324608384962
4670,0.21843880981241337
4671,0.2194160895638869
4672,0.22040539329729383
4673,0.22139791385826169
4674,0.2223921802653985
4675,0.22338819558834008
4676,0.22438601309877193
4677,0.22539742260658002
4678,0.22641061118090697
4679,0.22742558194977863
4680,0.228442338046716
4681,0.22946297872948007
4682,0.23049531045239577
4683,0.2315294580370599
4684,0.23256542467616975
4685,0.2336032135680303
4686,0.23464749622850228
4687,0.2357010435100752
4688,0.23675644396427334
4689,0.237813700849369
4690,0.23887281742935837
4691,0.23994156820892332
4692,0.2410166272812147
4693,0.242093577357722
4694,0.24317242176320888
4695,0.2442531638282786
4696,0.24534721610692345
4697,0.24644408612232815
4698,0.24754288549938402
4699,0.24864361763026696
4700,0.2497494619483113
4701,0.250866480216293
4702,0.2519854632799319
4703,0.2531064145936803
4704,0.254229337618061
4705,0.2553620226780544
4706,0.25650141972950824
4707,0.257642820932178
4708,0.2587862298096837
4709,0.25993198643673715
4710,0.2610920293811414
4711,0.26225411278550376
4712,0.26341824023725924
4713,0.2645844153301407
4714,0.26575857660591806
4715,0.26694157614958924
4716,0.2681266565244123
4717,0.26931382138877014
4718,0.27050307440747173
4719,0.2717065068106457
4720,0.27291277610367454
4721,0.27412116714946066
4722,0.2753316836783036
4723,0.27655021028329096
4724,0.27777790615508513
4725,0.27900776146059664
4726,0.28023977999634647
4727,0.28147400175272386
4728,0.28272336354889244
4729,0.2839749228804323
4730,0.28522868361082576
4731,0.2864846496103415
4732,0.2877504747924392
4733,0.28902397962454424
4734,0.2902997244485485
4735,0.29157771320254444
4736,0.2928605759812903
4737,0.29415626951755647
4738,0.2954542420662315
4739,0.2967544976339826
4740,0.2980570402345137
4741,0.29937313994927317
4742,0.3006935856072851
4743,0.30201635380474845
4744,0.30334144862481965
4745,0.3046760389132807
4746,0.3060193774462995
4747,0.3073650787771481
4748,0.30871314705973096
4749,0.3100661336741958
4750,0.31143261550569673
4751,0.31280150083354435
4752,0.31417279388316116
4753,0.31554649888739483
4754,0.3169346927466146
4755,0.3183270146840129
4756,0.3197217855571957
4757,0.32111900967143514
4758,0.32252701162847125
4759,0.3239430245556135
4760,0.3253615280796331
4761,0.32678252657901374
4762,0.32821098406900495
4763,0.3296509441528531
4764,0.33109343694488486
4765,0.3325384668975833
4766,0.3339880314082272
4767,0.33545219662213094
4768,0.3369189371089073
4769,0.3383882573958355
4770,0.339860162018146
4771,0.3413482145202823
4772,0.34283946295825046
4773,0.3443333342932439
4774,0.3458298331362231
4775,0.3473404397872588
4776,0.3488564582832987
4777,0.3503751432338707
4778,0.35189649932647427
4779,0.3534303237231471
4780,0.35497137625588626
4781,0.3565151392645835
4782,0.3580616175140881
4783,0.3596193269696229
4784,0.3611856794113976
4785,0.3627547868177922
4786,0.364326654031833
4787,0.3659089194960199
4788,0.36750083963554
4789,0.36909555969894453
4790,0.3706930846082586
4791,0.3723005805902524
4792,0.3739183381560168
4793,0.3755389410789337
4794,0.3771623943608589
4795,0.37879579885474285
4796,0.38043966553928
4797,0.38208642349168603
4798,0.38373607779448554
4799,0.3853960722077068
4800,0.3870663216927038
4801,0.3887395088372222
4802,0.39041563880530067
4803,0.392102907890031
4804,0.3937998158724201
4805,0.39549970839045884
4806,0.397202590690547
4807,0.39891782247811236
4808,0.4006416666972173
4809,0.40236854281615325
4810,0.40409845616454126
4811,0.4058423419030544
4812,0.4075934021688639
4813,0.40934754219037334
4814,0.4111047673812837
4815,0.4128780014766454
4816,0.41465655969932474
4817,0.4164382460289425
4818,0.4182231770864748
4819,0.4200263459246267
4820,0.4218326861453754
4821,0.423642203323408
4822,0.4254577416537316
4823,0.4272889294278096
4824,0.42912333785117535
4825,0.4309609725850772
4826,0.432807821065722
4827,0.43466731567167677
4828,0.4365300806994815
4829,0.4383961218978292
4830,0.4402749863424118
4831,0.4421630779051986
4832,0.44405449017217613
4833,0.4459492289803769
4834,0.44786081809855915
4835,0.4497777990096197
4836,0.4516981514209662
4837,0.4536241584729015
4838,0.4555669066213961
4839,0.45751307157819276
4840,0.45946265934917113
4841,0.46142267446539115
4842,0.463394851959989
4843,0.46537049800779384
4844,0.467349618705589
4845,0.4693443582746295
4846,0.4713462640274665
4847,0.4733516906036071
4848,0.475362931962991
4849,0.4773954349155807
4850,0.4794315124929355
4851,0.4814711709781896
4852,0.48351441666551465
4853,0.48557210680396196
4854,0.4876426998202649
4855,0.4897169344327938
4856,0.4917948170423369
4857,0.49387636127925455
4858,0.49598181534486663
4859,0.4980909723022523
4860,0.5002038386598875
4861,0.5023204209376664
4862,0.5044508584414864
4863,0.5065952859820856
4864,0.5087434849379926
4865,0.510895461938054
4866,0.5130518384117759
4867,0.5152318868161395
4868,0.5174157692662791
4869,0.5196034925010689
4870,0.5217950632712066
4871,0.5240027959907532
4872,0.5262227148983804
4873,0.5284465379512571
4874,0.5306742720113923
4875,0.5329100444352308
4876,0.5351663548524994
4877,0.5374266333993863
4878,0.5396908870503009
4879,0.5419591227918977
4880,0.5442487318181888
4881,0.5465458236492713
4882,0.5488469553097153
4883,0.551152133899873
4884,0.5534718980691354
4885,0.55580616311065
4886,0.5581445333391669
4887,0.5604870159698468
4888,0.5628384622970055
4889,0.5652129444470186
4890,0.567591602494146
4891,0.569974443777765
4892,0.5723614756501345
4893,0.5747621473895088
4894,0.5771814824225002
4895,0.5796050722099678
4896,0.5820329242298006
4897,0.5844650459730139
4898,0.5869165066461166
4899,0.5893812368044778
4900,0.5918503015271999
4901,0.5943237084323587
4902,0.5968014651513995
4903,0.5993052828697745
4904,0.6018159548966595
4905,0.60433104225821
4906,0.6068505527143662
4907,0.6093795653021113
4908,0.6119322413064643
4909,0.614489406494511
4910,0.6170510687559061
4911,0.6196172359941586
4912,0.6222015271664536
4913,0.6248011696529789
4914,0.6274053838932984
4915,0.6300141779220946
4916,0.6326275597881532
4917,0.6352687095507418
4918,0.6379158780755091
4919,0.6405677019070355
4920,0.6432241892267464
4921,0.6458944131576834
4922,0.6485849404305435
4923,0.6512801992388776
4924,0.6539801978980071
4925,0.6566849447378454
4926,0.6594149691222441
4927,0.6621540702697022
4928,0.6648979883460753
4929,0.6676467318166607
4930,0.6704083712162878
4931,0.6731917242797615
4932,0.6759799720696597
4933,0.6787731231879167
4934,0.6815711862515645
4935,0.6843955793523885
4936,0.6872285693969511
4937,0.6900665414286007
4938,0.6929095042025222
4939,0.6957682646897007
4940,0.6986468927988001
4941,0.7015305831281275
4942,0.7044193445737782
4943,0.7073131860474602
4944,0.7102362758208097
4945,0.7131661058385281
4946,0.7161010880867146
4947,0.7190412316195343
4948,0.7219992094669843
4949,0.7249756028823487
4950,0.7279572303864714
4951,0.7309441011772813
4952,0.7339381930016095
4953,0.7369615758697996
4954,0.7399902754332908
4955,0.7430243010350853
4956,0.7460636620345789
4957,0.7491265346055344
4958,0.7522027354093916
4959,0.7552843457568869
4960,0.7583713751540707
4961,0.7614729970033156
4962,0.7645971306337369
4963,0.7677267580710695
4964,0.7708618889693383
4965,0.7740034890084464
4966,0.77717598948462
4967,0.7803540687931642
4968,0.7835377367374187
4969,0.7867270031379171
4970,0.789941848329802
4971,0.7931688167560986
4972,0.7964014597607115
4973,0.7996397873151
4974,0.8028972514640395
4975,0.8061735487478758
4976,0.8094556073248366
4977,0.812743437318654
4978,0.8160447510539389
4979,0.8193708194565452
4980,0.8227027366436935
4981,0.8260405128927517
4982,0.829387109150511
4983,0.8327653606559863
4984,0.8361495526776864
4985,0.8395396956540598
4986,0.8429358000418709
4987,0.8463563708301256
4988,0.8497932988089717
4989,0.8532362704449421
4990,0.8566852963575855
4991,0.860146607514262
4992,0.86363673501017
4993,0.8671329996796108
4994,0.8706354123063389
4995,0.8741439836930274
4996,0.8776826282176454
4997,0.881232652766958
4998,0.8847889197738681
4999,0.8883514402069851
5000,0.8919337522421658
5001,0.8955380060211798
5002,0.899148597582187
5003,0.902765538061169
5004,0.9063928876889302
5005,0.9100518425818195
5006,0.9137172314096027
5007,0.917389065477091
5008,0.9210673561089168
5009,0.9247769523428152
5010,0.9284976137197369
5011,0.9322248174925395
5012,0.935958575156448
5013,0.9397161318903005
5014,0.9434925436993267
5015,0.9472755958994115
5016,0.9510653001578341
5017,0.9548721844489458
5018,0.9587048272045391
5019,0.9625442091899686
5020,0.9663903422460446
5021,0.970247919836419
5022,0.9741372767154399
5023,0.9780334725113281
5024,0.9819365192399102
5025,0.9858464289380912
5026,0.989792711298474
5027,0.9937462076279264
5028,0.9977066556065723
5029,1.00167406744814
5030,1.0056739565765773
5031,1.0096852428916248
5032,1.0137035824315985
5033,1.0177289875885485
5034,1.021783844706758
5035,1.02585341321932
5036,1.0299301373965881
5037,1.034014029810453
5038,1.0381252143648896
5039,1.042253560077717
5040,1.046389164763959
5041,1.050532041176861
5042,1.0547009107374474
5043,1.0588885314750849
5044,1.0630835153687066
5045,1.0672858753544459
5046,1.0715137855200145
5047,1.0757611819597828
5048,1.0800160466169462
5049,1.0842783926120723
5050,1.0885666969222996
5051,1.0928743726252712
5052,1.0971896224909463
5053,1.1015124598258637
5054,1.105862509679462
5055,1.1102309711215006
5056,1.1146071135605327
5057,1.1189909504906201
5058,1.1234040950695876
5059,1.1278338516723698
5060,1.1322713970005593
5061,1.1367167447373212
5062,1.1411943309370232
5063,1.145685895099107
5064,1.1501853566143465
5065,1.154692729356581
5066,1.1592361017214923
5067,1.1637899888494145
5068,1.1683518828628334
5069,1.1729236730460586
5070,1.1775322984927017
5071,1.182149027032106
5072,1.1867738728992476
5073,1.191413941778701
5074,1.1960858189903474
5075,1.2007659104571546
5076,1.205454230609212
5077,1.2101639149943175
5078,1.2148995676692944
5079,1.2196435466809108
5080,1.224395866655967
5081,1.2291765007858493
5082,1.233976455749758
5083,1.2387848500563263
5084,1.2436016985306886
5085,1.2484546140354353
5086,1.2533194012724012
5087,1.2581927417881036
5088,1.2630796767405872
5089,1.2680011764741221
5090,1.2729313291580748
5091,1.2778701499924863
5092,1.282831830780583
5093,1.2878191167461248
5094,1.2928151712721725
5095,1.2978200097616592
5096,1.3028577595775896
5097,1.307911370477527
5098,1.3129738664933521
5099,1.318048911555407
5100,1.32316040253417
5101,1.3282808803492137
5102,1.333410360786545
5103,1.3385639212246372
5104,1.3437427061533262
5105,1.3489305961739784
5106,1.354127607280129
5107,1.3593609975699896
5108,1.3646076241194955
5109,1.3698634749776069
5110,1.3751395287732924
5111,1.3804527419250137
5112,1.385775296408689
5113,1.3911072086324434
5114,1.3964484950331695
5115,1.4018325851288427
5116,1.4072316477590356
5117,1.4126402025786966
5118,1.4180582662606673
5119,1.4235061548214556
5120,1.428986625711019
5121,1.434476731852177
5122,1.4399764901688286
5123,1.4454859176145416
5124,1.4510324627481703
5125,1.456604889037497
5126,1.4621871121648249
5127,1.4677791493375925
5128,1.4733810177933981
5129,1.4790281761856294
5130,1.4846934616803573
5131,1.490368707185065
5132,1.4960539301934936
5133,1.501750677262328
5134,1.5074996253659512
5135,1.5132586804969388
5136,1.5190278604070022
5137,1.524807182878988
5138,1.530609683558502
5139,1.5364531523558533
5140,1.5423068942671065
5141,1.5481709273353883
5142,1.5540452696354512
5143,1.559956199550889
5144,1.565895111369301
5145,1.5718444640060525
5146,1.5778042757984907
5147,1.5837745651161217
5148,1.589796585055444
5149,1.5958318690996156
5150,1.6018777632964465
5151,1.6079342862803745
5152,1.6140153824176044
5153,1.620137212629983
5154,1.626269805070132
5155,1.6324131786393206
5156,1.638567352271931
5157,1.6447645584385744
5158,1.6509844679425654
5159,1.6572153120027466
5160,1.6634571098227007
5161,1.6697183281764325
5162,1.6760281614234451
5163,1.6823490872335949
5164,1.6886811250876834
5165,1.695024294500661
5166,1.7014001540917127
5167,1.7078117866591813
5168,1.7142346906506916
5169,1.7206688858608103
5170,1.7271143921187906
5171,1.733607680991916
5172,1.7401220801598118
5173,1.7466479313090018
5174,1.7531852545507773
5175,1.7597410315531332
5176,1.766347557928749
5177,1.7729656981565147
5178,1.7795954726316945
5179,1.7862369017852935
5180,1.7929153790070858
5181,1.799626444506642
5182,1.8063493075238606
5183,1.813083988776164
5184,1.819830509017282
5185,1.8266344193426372
5186,1.8334510113251874
5187,1.8402795862222787
5188,1.8471201650765192
5189,1.853993862632803
5190,1.860904827173646
5191,1.8678279404367948
5192,1.8747632237557064
5193,1.8817106985012197
5194,1.8887149893681667
5195,1.8957332889483853
5196,1.9027639258188789
5197,1.9098069216438291
5198,1.9168857235048649
5199,1.9239998606369002
5200,1.9311265034353409
5201,1.9382656738597008
5202,1.9454212466279197
5203,1.9526318758837158
5204,1.9598551803294768
5205,1.9670911822220436
5206,1.974339903857273
5207,1.9816346883370008
5208,1.9889569595459882
5209,1.996292102071411
5210,2.0036401385140756
5211,2.011009938123403
5212,2.018431836361346
5213,2.025866780942605
5214,2.033314794774971
5215,2.040775900806347
5216,2.0482841804445755
5217,2.0558195918973383
5218,2.063368249100239
5219,2.070930175310742
5220,2.0785183504590483
5221,2.086154897046765
5222,2.0938048670548373
5223,2.101468284052322
5224,2.1091451716495704
5225,2.116877047768587
5226,2.1246290035248454
5227,2.132394585431655
5228,2.140173817413553
5229,2.147990384936457
5230,2.1558450029464162
5231,2.1637134274535925
5232,2.171595682698787
5233,2.1794992391612724
5234,2.18745719954658
5235,2.1954291479675834
5236,2.203415108983433
5237,2.2114151071962933
5238,2.219469917594972
5239,2.2275460749189078
5240,2.235636427894816
5241,2.2437410014458488
5242,2.251887471666024
5243,2.2600685266104286
5244,2.2682639614707205
5245,2.276473801493135
5246,2.2847141669108244
5247,2.293000811974006
5248,2.3013020224303347
5249,2.309617823851278
5250,2.3179542993380844
5251,2.326347230851052
5252,2.3347549144544666
5253,2.3431773760471457
5254,2.3516146415732417
5255,2.360112058293128
5256,2.3686268995908817
5257,2.3771567071017636
5258,2.385701507099953
5259,2.3942995807244376
5260,2.4029222637619183
5261,2.4115601024346858
5262,2.420213123349013
5263,2.4289140786475745
5264,2.4376452919113754
5265,2.4463918514386354
5266,2.4551537841698274
5267,2.463959820658459
5268,2.4728002571196797
5269,2.4816562316863653
5270,2.4905277716352967
5271,2.4994410639949067
5272,2.508391421152249
5273,2.5173575094787797
5274,2.5263393565897116
5275,2.5353620550820923
5276,2.5444230350047583
5277,2.5534999403899956
5278,2.562592799193621
5279,2.5717270300750497
5280,2.580899339445689
5281,2.5900877698099984
5282,2.599292349466541
5283,2.6085402153987354
5284,2.617824565556065
5285,2.6271252334839823
5286,2.636442247825966
5287,2.6458058282842414
5288,2.6552029352657165
5289,2.6646165580486953
5290,2.674046725623761
5291,2.683528077302486
5292,2.693038661886842
5293,2.7025659615658815
5294,2.7121100056794702
5295,2.7217127338239284
5296,2.731339358376858
5297,2.740982901816417
5298,2.7506433938396717
5299,2.760362709065449
5300,2.7701061169481287
5301,2.7798666488111206
5302,2.7896443347109408
5303,2.799482343961962
5304,2.809343282954753
5305,2.8192215523309514
5306,2.8291171825088037
5307,2.8390759717856895
5308,2.8490551941393063
5309,2.8590519545966124
5310,2.869067372109561
5311,2.879147918541207
5312,2.8892461810277053
5313,2.89936219066321
5314,2.909502365466018
5315,2.919702503364349
5316,2.929920567327834
5317,2.940156588818665
5318,2.950423544931457
5319,2.9607440389244446
5320,2.971082670331601
5321,2.981439470985465
5322,2.991835212449237
5323,3.0022768318296986
5324,3.0127368013201594
5325,3.0232151531258484
5326,3.0337416642598627
5327,3.044305183035473
5328,3.054887265971923
5329,3.0654879456494957
5330,3.0761471913117897
5331,3.0868333882550543
5332,3.097538364773307
5333,3.108265384058327
5334,3.1190560796748144
5335,3.129865738372807
5336,3.140694393431579
5337,3.1515578829170834
5338,3.1624726109552697
5339,3.1734065198593315
5340,3.1843596432900987
5341,3.1953615102746333
5342,3.2064010627134727
5343,3.2174600151888004
5344,3.228538401745417
5345,3.23968053510949
5346,3.2508457088826166
5347,3.2620305032577255
5348,3.273247433910858
5349,3.284519223144178
5350,3.295810820189328
5351,3.3071222598055043
5352,3.3184830407616404
5353,3.3298818372673202
5354,3.3413006645756056
5355,3.352739628781953
5356,3.3642460235037106
5357,3.375772637956782
5358,3.3873195076219766
5359,3.398905832440663
5360,3.4105406354854577
5361,3.4221958837038855
5362,3.4338716129716453
5363,3.4456221567003054
5364,3.4574043146284086
5365,3.4692071764598604
5366,3.4810307785236145
5367,3.4928751572121817
5368,3.5047993342380184
5369,3.5167505064371327
5370,3.52872267926914
5371,3.540715889582722
5372,3.552731759939626
5373,3.564831944127593
5374,3.576953390575105
5375,3.589096136589138
5376,3.601260219541932
5377,3.613457503833506
5378,3.6257289316955843
5379,3.638021922445909
5380,3.6503365139179667
5381,3.6626727440114353
5382,3.6750552670042356
5383,3.6874992165624545
5384,3.69996503187304
5385,3.7124527512998715
5386,3.7249624132739334
5387,3.7375339347797976
5388,3.750151694366433
5389,3.762791624822873
5390,3.775453765047308
5391,3.788138154005975
5392,3.800902370102697
5393,3.8136952384845193
5394,3.826510585125021
5395,3.8393484494606502
5396,3.852222876774428
5397,3.8651694152478515
5398,3.878138701749719
5399,3.8911307761889087
5400,3.9041456785440998
5401,3.917219928378132
5402,3.9303438935360244
5403,3.9434909181640094
5404,3.956661042716271
5405,3.969854307717734
5406,3.983131890712586
5407,3.9964346110416495
5408,4.0097607046054895
5409,4.023110212407618
5410,4.036508376363548
5411,4.049967543400363
5412,4.063450358294213
5413,4.076956862529482
5414,4.0904870976630825
5415,4.1040953579798725
5416,4.117735652092228
5417,4.131399911972839
5418,4.145088179662608
5419,4.158823652916694
5420,4.172622189771222
5421,4.18644497015435
5422,4.200292036593249
5423,4.214163431689502
5424,4.2281155317955825
5425,4.242097603247471
5426,4.256104240347483
5427,4.270135486186656
5428,4.284221196548549
5429,4.298363335407734
5430,4.312530320863098
5431,4.326722196497526
5432,4.34094466155312
5433,4.355247649992628
5434,4.369575767342216
5435,4.383929057678954
5436,4.398307565156969
5437,4.4127559907755165
5438,4.427246029464241
5439,4.441761525326671
5440,4.456302523014379
5441,4.470893763152931
5442,4.485546518592391
5443,4.500225016780927
5444,4.514929302869964
5445,4.529666335344539
5446,4.544482608972838
5447,4.559324912324853
5448,4.574193291054277
5449,4.589087790894606
5450,4.604059638926288
5451,4.61906655637535
5452,4.634099838090995
5453,4.649159530312315
5454,4.664282912031204
5455,4.6794552586655564
5456,4.69465425987861
5457,4.709879962417507
5458,4.72515769829844
5459,4.740496295418895
5460,4.7558618388639005
5461,4.771254375891108
5462,4.786689235336853
5463,4.802194910514031
5464,4.817727825206171
5465,4.83328802718399
5466,4.8488827295093895
5467,4.86455631664048
5468,4.880257437932518
5469,4.895986141671781
5470,4.91174335707994
5471,4.927585696444849
5472,4.943455866083322
5473,4.959353914799737
5474,4.975279891483756
5475,4.991288203666712
5476,5.007328269847689
5477,5.023396513217672
5478,5.03949298318789
5479,5.055668964264638
5480,5.071879781689134
5481,5.088119075905317
5482,5.104386896848573
5483,5.120733077531979
5484,5.1371155074607975
5485,5.1535267152870174
5486,5.169966751472754
5487,5.186485617201897
5488,5.203040527510215
5489,5.2196245183361025
5490,5.236237640671055
5491,5.25293163254187
5492,5.269659897773369
5493,5.286417547668635
5494,5.3032046337511405
5495,5.3200761494373605
5496,5.336978650858098
5497,5.353910842626473
5498,5.370876490890025
5499,5.387924171464837
5500,5.405001797116833
5501,5.422109420349743
5502,5.439257289531896
5503,5.456480680953675
5504,5.4737343257080635
5505,5.491018276837928
5506,5.508350637585201
5507,5.525750640036929
5508,5.543181205647171
5509,5.560642388000636
5510,5.578161471103846
5511,5.59573899169154
5512,5.6133473868461135
5513,5.630986710696814
5514,5.64869470796167
5515,5.66645066076698
5516,5.684237801142077
5517,5.702056183763522
5518,5.719955248870841
5519,5.737890555003449
5520,5.75585736331545
5521,5.773867021266825
5522,5.791969176334368
5523,5.810103126322995
5524,5.828268926971446
5525,5.8464666341158
5526,5.864706270295049
5527,5.883039487973865
5528,5.9014049058762845
5529,5.919802580449706
5530,5.9382325682400205
5531,5.956706695462568
5532,5.975272364761198
5533,5.9938706420071455
5534,6.012501584360579
5535,6.031165249081477
5536,6.049878256321688
5537,6.068677780769997
5538,6.087510323335658
5539,6.106375941895892
5540,6.125274694428912
5541,6.144230850230189
5542,6.163265648003886
5543,6.182333876536678
5544,6.201435594427059
5545,6.220570860375822
5546,6.239774316200424
5547,6.259045820245128
5548,6.278351170187956
5549,6.297690425353016
5550,6.317063645167929
5551,6.336518438686641
5552,6.356028096841474
5553,6.375572018556526
5554,6.395150263885848
5555,6.414762892988316
5556,6.434472951309944
5557,6.45422222643058
5558,6.474006185322606
5559,6.493824888774451
5560,6.5136922155779535
5561,6.533647540521771
5562,6.5536379106034435
5563,6.573663387242972
5564,6.593724031967546
5565,6.613854360691164
5566,6.634051849207273
5567,6.654284807507411
5568,6.674553297753582
5569,6.694857382216214
5570,6.7152543221217105
5571,6.735695480228461
5572,6.756172535389206
5573,6.776685550512444
5574,6.797252883180837
5575,6.81790801332134
5576,6.838599415746073
5577,6.8593271540192555
5578,6.880091291816035
5579,6.900914547638005
5580,6.921820914520172
5581,6.942763994205771
5582,6.963743851028615
5583,6.9847605494347675
5584,7.005843969861354
5585,7.027003020320771
5586,7.048199226621251
5587,7.069432653870536
5588,7.090703367289993
5589,7.112051063946353
5590,7.133464261317532
5591,7.154915060114397
5592,7.176403526223
5593,7.197929725644349
5594,7.219545684329864
5595,7.241214508562069
5596,7.262921382380319
5597,7.2846663724534215
5598,7.306450115408699
5599,7.328337630169309
5600,7.350263577942444
5601,7.372228026066688
5602,7.394231041998075
5603,7.4162909504178565
5604,7.438436649637112
5605,7.460621234477422
5606,7.482844773067738
5607,7.505107333655875
5608,7.52744703262365
5609,7.549852444131485
5610,7.5722971965275
5611,7.594781358735632
5612,7.617304999800011
5613,7.639928003730523
5614,7.662594672405681
5615,7.685301139924261
5616,7.708047476009776
5617,7.730854167956128
5618,7.753743466730816
5619,7.776672954616935
5620,7.799642702019504
5621,7.8226527794662974
5622,7.845749755176996
5623,7.8689029898743215
5624,7.892096876296207
5625,7.915331485655237
5626,7.938619626632389
5627,7.96199734599099
5628,7.9854161105606805
5629,8.008875992240997
5630,8.032377063056892
5631,8.055962039987772
5632,8.079606433279565
5633,8.103292339155947
5634,8.127019830332257
5635,8.150803009029405
5636,8.174673793083036
5637,8.198586486515572
5638,8.222541162734947
5639,8.246537895277154
5640,8.27062745684935
5641,8.29477196037454
5642,8.318958852973477
5643,8.343188208891323
5644,8.367465047072466
5645,8.391842023190604
5646,8.41626179581418
5647,8.440724439899522
5648,8.465230030533526
5649,8.489803067208257
5650,8.514456396574596
5651,8.539153006714965
5652,8.563892973430661
5653,8.588676372655115
5654,8.613548956449469
5655,8.63848022362664
5656,8.663455258599978
5657,8.68847413802054
5658,8.713545676833041
5659,8.73871230512143
5660,8.763923113643758
5661,8.789178179770738
5662,8.81447758100791
5663,8.839855370103951
5664,8.865302670580833
5665,8.890794643061586
5666,8.916331365774786
5667,8.94191544601643
5668,8.967599969966644
5669,8.993329581584497
5670,9.019104359823737
5671,9.04492438377568
5672,9.0708209649146
5673,9.096788961588144
5674,9.122802542561507
5675,9.148861787654614
5676,9.174971525021443
5677,9.201178665804202
5678,9.227431809877464
5679,9.25373103779204
5680,9.280076430239024
5681,9.306504497278313
5682,9.332997977974966
5683,9.359537963571832
5684,9.386124535494389
5685,9.412772183109135
5686,9.439506787110794
5687,9.466288318431774
5688,9.493116859234183
5689,9.519992491823333
5690,9.546969569252626
5691,9.573999718407906
5692,9.60107731259281
5693,9.628202434872199
5694,9.655378881554448
5695,9.682658236635973
5696,9.709985473305872
5697,9.737360675390303
5698,9.764783926861332
5699,9.792270476123834
5700,9.819847960850314
5701,9.847473849352227
5702,9.875148226366038
5703,9.902871176775752
5704,9.930671265539049
5705,9.958548463515257
5706,9.986474590199894
5707,10.014449731244376
5708,10.042473972449345
5709,10.070590901240108
5710,10.098769418143913
5711,10.126997391473147
5712,10.155274907799038
5713,10.183607428151282
5714,10.212038992191749
5715,10.240520455853236
5716,10.269051906479529
5717,10.297633431566384
5718,10.326289482054774
5719,10.355025110443243
5720,10.383811170924949
5721,10.412647751771507
5722,10.441534941408202
5723,10.470517434322712
5724,10.499558796541395
5725,10.528651126219838
5726,10.557794512562515
5727,10.587003404797096
5728,10.616300776912764
5729,10.645649564802042
5730,10.675049858450548
5731,10.704501748000531
5732,10.734043008861523
5733,10.763648980600571
5734,10.793306908443085
5735,10.823016883315967
5736,10.8527919382094
5737,10.882658417293383
5738,10.912577308632931
5739,10.942548703949653
5740,10.972572695124748
5741,11.00267731277744
5742,11.032857812996607
5743,11.063091275247244
5744,11.0933777922085
5745,11.123717456720799
5746,11.154154556429063
5747,11.184650750196523
5748,11.215200458667617
5749,11.245803775483989
5750,11.276473562713564
5751,11.307233170597284
5752,11.33804675434974
5753,11.368914408415755
5754,11.399836227404457
5755,11.430844472804916
5756,11.461922633583525
5757,11.493055327849197
5758,11.524242651017692
5759,11.555490493303267
5760,11.586833950753125
5761,11.618232406099953
5762,11.649685955568135
5763,11.68119469554941
5764,11.71278646570757
5765,11.744451420877523
5766,11.776171936656759
5767,11.807948110249226
5768,11.839785849008992
5769,11.871718060535013
5770,11.903706300458623
5771,11.935750666798095
5772,11.967851257742163
5773,12.000037929162644
5774,12.032294668818324
5775,12.064608004825812
5776,12.096978036191778
5777,12.129416551528852
5778,12.16194258419272
5779,12.194525684508273
5780,12.22716595230252
5781,12.259863487576034
5782,12.292655514445652
5783,12.325509191364182
5784,12.358420509278478
5785,12.391389569013189
5786,12.424438857499053
5787,12.45756394090767
5788,12.490747140256532
5789,12.523988557196692
5790,12.55729794584404
5791,12.590695283160983
5792,12.624151212820447
5793,12.657665837302337
5794,12.69123925926472
5795,12.724908507031252
5796,12.75863803337927
5797,12.792426733271434
5798,12.826274710198614
5799,12.860208844554792
5800,12.894212851413245
5801,12.928276512058355
5802,12.96239993081635
5803,12.996601475013458
5804,13.030880863591337
5805,13.065220387749324
5806,13.099620152651559
5807,13.13409152892519
5808,13.168647217763297
5809,13.203263525555842
5810,13.23794055830764
5811,13.27268409191352
5812,13.307517016830273
5813,13.34241104568665
5814,13.377366285330815
5815,13.412384208458707
5816,13.44749532249697
5817,13.482668027100697
5818,13.517902429964149
5819,13.553198638968688
5820,13.588587158908041
5821,13.624039511144703
5822,13.659554050786214
5823,13.695130886564286
5824,13.730797516172837
5825,13.76653050507859
5826,13.802326172237162
5827,13.838184627233487
5828,13.874131353779715
5829,13.910145985490418
5830,13.94622378803431
5831,13.982364871852491
5832,14.018593603903884
5833,14.054890901604567
5834,14.091251864480757
5835,14.127676603832574
5836,14.16418917461016
5837,14.200770178484794
5838,14.237415343668436
5839,14.27412478232342
5840,14.310922952953542
5841,14.347788720134641
5842,14.384719146578853
5843,14.421714345313694
5844,14.458799807979428
5845,14.495951412497194
5846,14.533168176081919
5847,14.570451607074691
5848,14.607824593624334
5849,14.645263126355232
5850,14.68276731983578
5851,14.720341631804544
5852,14.758002151520124
5853,14.795728720134292
5854,14.833521453088672
5855,14.871388138343583
5856,14.90933731370125
5857,14.947353042608288
5858,14.985435441382736
5859,15.02359593508574
5860,15.061834905216356
5861,15.10014093550933
5862,15.138514143162448
5863,15.17696982601484
5864,15.215499746645362
5865,15.254097236042027
5866,15.292762412285725
5867,15.33151461312849
5868,15.370336656520124
5869,15.409226779301056
5870,15.448188216294827
5871,15.487235098767277
5872,15.52635045365016
5873,15.565534400593199
5874,15.604795202610466
5875,15.644136087847839
5876,15.68354595935054
5877,15.723024937660208
5878,15.762586282643895
5879,15.80222238999704
5880,15.841927999570936
5881,15.881703589702513
5882,15.921566256554382
5883,15.96149882158659
5884,16.001501406923467
5885,16.041580759094213
5886,16.08174255369572
5887,16.121974769214162
5888,16.162277528680917
5889,16.20265558279322
5890,16.243117539795062
5891,16.283650442225547
5892,16.324254414026075
5893,16.364932923285227
5894,16.40569609888772
5895,16.446530746242942
5896,16.487436990205328
5897,16.52841762200677
5898,16.5694830937828
5899,16.610620565484965
5900,16.651830162883858
5901,16.693114503366743
5902,16.734483370090008
5903,16.775924766798823
5904,16.81743882018302
5905,16.859028378593063
5906,16.900701760071556
5907,16.942448203517277
5908,16.984267836542628
5909,17.02616404941283
5910,17.068143086327073
5911,17.11019571914861
5912,17.152322076415672
5913,17.19452631157206
5914,17.23681216531807
5915,17.27917215090562
5916,17.321606397802025
5917,17.364119958201393
5918,17.406713810737788
5919,17.449382333079583
5920,17.49212565562661
5921,17.534949783033337
5922,17.577852836732617
5923,17.62083110026606
5924,17.66388470496938
5925,17.70702058347714
5926,17.75023406098064
5927,17.793523290446785
5928,17.836888404150873
5929,17.880337163555605
5930,17.923862307631904
5931,17.967463747933873
5932,18.011142972027816
5933,18.054904336709505
5934,18.09874241011574
5935,18.142657326179627
5936,18.186651899537146
5937,18.230726928472453
5938,18.27487921381872
5939,18.319108890457784
5940,18.363419785737246
5941,18.407809779022358
5942,18.452277578638157
5943,18.49682341300296
5944,18.541451468325203
5945,18.586157745610706
5946,18.630942381413664
5947,18.6758066796436
5948,18.720751804512933
5949,18.765775704874216
5950,18.810878518240152
5951,18.856062122763976
5952,18.90132567322241
5953,18.946668555031245
5954,18.992091025088474
5955,19.037594625942944
5956,19.083177977168216
5957,19.128841217964858
5958,19.174584862491304
5959,19.220409098650983
5960,19.26631364482901
5961,19.312298641194705
5962,19.358364196005244
5963,19.404510478112893
5964,19.450737632310094
5965,19.497045510969368
5966,19.543433973643932
5967,19.589903731061476
5968,19.636454925095553
5969,19.68308635480536
5970,19.729799174705697
5971,19.776593855384256
5972,19.82346981501822
5973,19.870426170295897
5974,19.917464811313984
5975,19.96458588166062
5976,20.0117868970657
5977,20.05906998553142
5978,20.106435929848136
5979,20.15388350872038
5980,20.201411544909053
5981,20.249022864318995
5982,20.296717612263784
5983,20.344491632743114
5984,20.39234884131051
5985,20.440289907393804
5986,20.488312370864612
5987,20.536415995340867
5988,20.58460390720773
5989,20.632875861666765
5990,20.68122644123142
5991,20.729661738976496
5992,20.778181902696872
5993,20.826782276046654
5994,20.875465511947535
5995,20.92423404629596
5996,20.973085580955093
5997,21.022017319197772
5998,21.071034789318556
5999,21.1201381408646
6000,21.169319239409468
6001,21.21858622209109
6002,21.26793952135769
6003,21.317373338569624
6004,21.36689042194784
6005,21.416494258070195
6006,21.466181671595514
6007,21.515949454844115
6008,21.565804428014697
6009,21.615746283890605
6010,21.665765376895664
6011,21.715872098037593
6012,21.766066600140192
6013,21.81633751940062
6014,21.86669308074692
6015,21.91713685690007
6016,21.967669001697136
6017,22.01828034179913
6018,22.068973594779028
6019,22.119755651321714
6020,22.170626666281088
6021,22.221579567520507
6022,22.272611760961144
6023,22.323733348850507
6024,22.374944487062812
6025,22.426240012817722
6026,22.47761242080694
6027,22.52907481630429
6028,22.580627356207913
6029,22.63226632294727
6030,22.683979329227586
6031,22.735782916688688
6032,22.787677243253363
6033,22.839662467117222
6034,22.891718626482035
6035,22.943864636483017
6036,22.996101982380587
6037,23.048430823400256
6038,23.100835132509328
6039,23.153324822303837
6040,23.205906446929458
6041,23.258580166645242
6042,23.311333665026353
6043,23.364168318224564
6044,23.417095507375397
6045,23.470115393774858
6046,23.52321904377908
6047,23.576399970036597
6048,23.629674035599997
6049,23.683041402806015
6050,23.73649609457194
6051,23.790024629288574
6052,23.84364690894032
6053,23.89736309690848
6054,23.951169653086055
6055,24.005047157112717
6056,24.05901901402365
6057,24.113085388248372
6058,24.16724456849238
6059,24.221472427848372
6060,24.275795250400776
6061,24.33021320163135
6062,24.38472570687537
6063,24.439305332473367
6064,24.493980533985678
6065,24.54875147795018
6066,24.603617954469915
6067,24.65855078185007
6068,24.713579800310523
6069,24.7687051774493
6070,24.823926220725262
6071,24.879213709797575
6072,24.934598007605924
6073,24.99007928281269
6074,25.045655441200402
6075,25.101299075995254
6076,25.157040139713175
6077,25.212878802084976
6078,25.26881058030211
6079,25.324811868728816
6080,25.380911208837727
6081,25.437108771432275
6082,25.493396633869693
6083,25.549757107483025
6084,25.606216258150194
6085,25.662774257751728
6086,25.71941863161764
6087,25.776139845391608
6088,25.83296036424374
6089,25.88988036113595
6090,25.946881639439603
6091,26.003965171549286
6092,26.06114863945378
6093,26.118432217200848
6094,26.175790761583254
6095,26.233238213193076
6096,26.29078623404601
6097,26.34843499928009
6098,26.406151142699404
6099,26.463964137759607
6100,26.52187833828178
6101,26.57988883878266
6102,26.637962054253634
6103,26.69613692790535
6104,26.754413636749266
6105,26.812792358101714
6106,26.87123437184953
6107,26.92977254329243
6108,26.988413182068637
6109,27.047156466581804
6110,27.10597291815291
6111,27.164875833315165
6112,27.223881850408524
6113,27.282991148927934
6114,27.342182531301166
6115,27.40145166238587
6116,27.460824532501146
6117,27.520301322237373
6118,27.57986806847655
6119,27.639504913514248
6120,27.699246137227952
6121,27.759091921307466
6122,27.819034409232014
6123,27.879040491638758
6124,27.939151594956137
6125,27.999367901977884
6126,28.05968645858104
6127,28.120063326720995
6128,28.180545860638222
6129,28.24113424423459
6130,28.301828661728493
6131,28.362578376612024
6132,28.42343391668081
6133,28.4843959550817
6134,28.545464677147386
6135,28.60659062969615
6136,28.66782077559035
6137,28.729158071189
6138,28.79060270294357
6139,28.852105107320302
6140,28.913711482403084
6141,28.975425661322312
6142,29.037247831652895
6143,29.09912686601325
6144,29.161111116902724
6145,29.22320382856012
6146,29.28540518968819
6147,29.347660999498817
6148,29.410024795631212
6149,29.472497712301212
6150,29.535077199856893
6151,29.59771264050623
6152,29.660457673694108
6153,29.72331249006533
6154,29.786269235352453
6155,29.849286962378958
6156,29.91241494636309
6157,29.975653379089792
6158,30.03898743481278
6159,30.10238918048318
6160,30.165901850475297
6161,30.229525637719078
6162,30.29323703586409
6163,30.357024553412522
6164,30.42092366562742
6165,30.484934566588482
6166,30.54902332084197
6167,30.613198383988987
6168,30.677485715162323
6169,30.741885509596543
6170,30.806351617597596
6171,30.870916020052828
6172,30.93559336694324
6173,31.000383854663042
6174,31.06522730009198
6175,31.130182855036672
6176,31.19525203390718
6177,31.26042135736172
6178,31.325655788767232
6179,31.39100432831468
6180,31.456467174392223
6181,31.52201396877717
6182,31.587642550687242
6183,31.653385925315035
6184,31.719244292221934
6185,31.785168501940944
6186,31.851193099431047
6187,31.917333177383927
6188,31.98358397405591
6189,32.049890499477456
6190,32.11631299472739
6191,32.18285166138296
6192,32.24947992137543
6193,32.3161855501863
6194,32.38300784180697
6195,32.44994699900145
6196,32.51695264486395
6197,32.584059288139784
6198,32.65128329045291
6199,32.71861607773036
6200,32.7860078077268
6201,32.85351739145671
6202,32.92114503372231
6203,32.98884309981453
6204,33.05661580917418
6205,33.12450703328973
6206,33.19251697809372
6207,33.260645849871906
6208,33.32882589350607
6209,33.397100243923084
6210,33.465493979683515
6211,33.53400730820942
6212,33.602640437278474
6213,33.67130103656577
6214,33.74008008360394
6215,33.80897939175969
6216,33.87799916995296
6217,33.94711341932902
6218,34.01627932900792
6219,34.08556617077034
6220,34.15497415468266
6221,34.22450349117126
6222,34.29409575564286
6223,34.36377171526011
6224,34.43356949180938
6225,34.50348929686965
6226,34.573531342382466
6227,34.643600101052584
6228,34.713789286693746
6229,34.78410117950489
6230,34.85453599258648
6231,34.92505541529024
6232,34.9956376552663
6233,35.06634328384481
6234,35.137172515289514
6235,35.20812556423119
6236,35.279118729097455
6237,35.35021976958159
6238,35.42144509835332
6239,35.49279493121309
6240,35.564236660021045
6241,35.63573481598959
6242,35.70735794853921
6243,35.77910627464488
6244,35.85098001165309
6245,35.92289262617038
6246,35.99491529578551
6247,36.067063851346965
6248,36.13933851138236
6249,36.21169743091673
6250,36.28412139710154
6251,36.35667194458969
6252,36.429349293094546
6253,36.50215349222306
6254,36.574980540108086
6255,36.64793486766355
6256,36.72101669579345
6257,36.794226245779846
6258,36.86749704625241
6259,36.94085696712177
6260,37.014345091180644
6261,37.08796164090864
6262,37.161675273720356
6263,37.235442625719735
6264,37.30933888662253
6265,37.383364280110825
6266,37.45751903024929
6267,37.531696265076846
6268,37.60600252783745
6269,37.68043863324422
6270,37.755004806571506
6271,37.82962234807996
6272,37.90434050132355
6273,37.979189210458266
6274,38.05416870197297
6275,38.129225381050574
6276,38.20435733655009
6277,38.27962056440862
6278,38.35501529233475
6279,38.43050991569455
6280,38.50605760792876
6281,38.58173729225079
6282,38.65754919759453
6283,38.73348055085024
6284,38.80944593658357
6285,38.88554403743204
6286,38.9617750835599
6287,39.038139305524695
6288,39.11452699193611
6289,39.1910454912966
6290,39.267697663534555
6291,39.344483740445206
6292,39.421305493119824
6293,39.498246394519725
6294,39.57532169977153
6295,39.6525316419137
6296,39.729786210238515
6297,39.80715153838505
6298,39.88465200476952
6299,39.96228784367913
6300,40.03997396548118
6301,40.11776576591719
6302,40.19569344242369
6303,40.27375723054202
6304,40.351873634106035
6305,40.430093972883256
6306,40.5084509290439
6307,40.58694473938921
6308,40.66549014530393
6309,40.74414110867242
6310,40.82292943425133
6311,40.90185536010719
6312,40.98082848295231
6313,41.05991217706567
6314,41.13913398176338
6315,41.21849413638319
6316,41.297893686268786
6317,41.37741223690445
6318,41.4570696500778
6319,41.5368661664035
6320,41.61669085037325
6321,41.6966464026671
6322,41.77674157306361
6323,41.856970543110876
6324,41.93722512676726
6325,42.01761984496227
6326,42.09815494046785
6327,42.17880655265755
6328,42.25950172373702
6329,42.34033779094482
6330,42.42131499834511
6331,42.50238795012986
6332,42.58352590668835
6333,42.66480552466367
6334,42.74622704941815
6335,42.827720039927456
6336,42.90930299842002
6337,42.9910283873468
6338,43.072896453374426
6339,43.1548081842601
6340,43.23683837933921
6341,43.319011777629015
6342,43.40132184988431
6343,43.48365780330362
6344,43.566137487629135
6345,43.64876115173002
6346,43.731487441219464
6347,43.814274375310106
6348,43.897205819368956
6349,43.980282023585325
6350,44.06342323761076
6351,44.14666343667692
6352,44.23004892861342
6353,44.31357996493583
6354,44.397134816166485
6355,44.48083058198154
6356,44.56467242743771
6357,44.648620777225084
6358,44.7326278123275
6359,44.81678146398333
6360,44.9010819859477
6361,44.985431048305294
6362,45.06988233801677
6363,45.15448101104913
6364,45.23922732245445
6365,45.32402599563464
6366,45.40892366297904
6367,45.493969483965834
6368,45.57916371494976
6369,45.6644101140397
6370,45.74975629836184
6371,45.83525141022862
6372,45.920895707302954
6373,46.00658794511982
6374,46.092384801711866
6375,46.17833136335711
6376,46.26442788903243
6377,46.350564077275955
6378,46.43681377700247
6379,46.523213962922114
6380,46.60976489533143
6381,46.696343145623594
6382,46.78304787454232
6383,46.869903874450024
6384,46.956911406968665
6385,47.04392983178582
6386,47.131091790763335
6387,47.21840580920512
6388,47.30586004704773
6389,47.393328863565614
6390,47.48095026788349
6391,47.56872452384362
6392,47.65661531790123
6393,47.74454501449035
6394,47.832628093441365
6395,47.92086481993741
6396,48.009190287419784
6397,48.09758310322521
6398,48.18613009969486
6399,48.274831543358516
6400,48.363589805540634
6401,48.45244799284417
6402,48.541461162875336
6403,48.630629583516566
6404,48.71981876618546
6405,48.80914458995101
6406,48.89862620228844
6407,48.98824269691556
6408,49.077882106241205
6409,49.167677843635786
6410,49.25763017924668
6411,49.347674004641505
6412,49.43778480436594
6413,49.528052744253344
6414,49.618478095819405
6415,49.708901655028164
6416,49.79942320475516
6417,49.89010260082303
6418,49.98094011593217
6419,50.071936023245186
6420,50.16296124440516
6421,50.25405374623583
6422,50.34530507718326
6423,50.436715511600816
6424,50.52828532430667
6425,50.61990577900976
6426,50.71157259531076
6427,50.803399229093095
6428,50.895385956371676
6429,50.987533053629036
6430,51.07974230400873
6431,51.171986826048766
6432,51.26439215956919
6433,51.35695858225525
6434,51.449686372262526
6435,51.54246836652171
6436,51.635271849632794
6437,51.72823710526631
6438,51.82136441272016
6439,51.91465405176495
6440,52.00810630264477
6441,52.10147544638018
6442,52.1950037754911
6443,52.28869512428941
6444,52.382549774168844
6445,52.476568006999244
6446,52.570602028241595
6447,52.66469660979793
6448,52.75895518416473
6449,52.85337803436688
6450,52.94796544390791
6451,53.04265610474017
6452,53.137320144742716
6453,53.23214915597731
6454,53.327143423108126
6455,53.42230323128068
6456,53.517628866122365
6457,53.61287901534699
6458,53.7082817012983
6459,53.803850628554876
6460,53.899586083912325
6461,53.99548835465085
6462,54.09137795626844
6463,54.18735758085184
6464,54.283504437538426
6465,54.37981881478219
6466,54.476301001524206
6467,54.57282180271873
6468,54.66938165547251
6469,54.766109736555954
6470,54.86300633608967
6471,54.96007174468422
6472,55.05721549116077
6473,55.15435888683968
6474,55.251671512542494
6475,55.349153660064616
6476,55.44680562169439
6477,55.544564059820345
6478,55.64229433802332
6479,55.74019485345005
6480,55.83826589957971
6481,55.93650777038654
6482,56.03487264903451
6483,56.133193173864704
6484,56.231684948662284
6485,56.330348268598094
6486,56.42918342934109
6487,56.528146501467134
6488,56.62706066122131
6489,56.72614708926682
6490,56.82540608247501
6491,56.92483793821791
6492,57.0243899192247
6493,57.12389576462329
6494,57.22357489291751
6495,57.323427602671444
6496,57.4234541929527
6497,57.52360914487287
6498,57.62371004402417
6499,57.72398524621184
6500,57.824435051701336
6501,57.925059761264095
6502,58.025809021140674
6503,58.12650836526618
6504,58.22738303814039
6505,58.32843334173821
6506,58.42965957854362
6507,58.530994491814155
6508,58.63229569500789
6509,58.73377325826832
6510,58.8354274852888
6511,58.93725868027395
6512,59.039159559497
6513,59.14103408640159
6514,59.2430859546744
6515,59.34531546963947
6516,59.44772293713492
6517,59.55030866351341
6518,59.652779746429125
6519,59.75540899564148
6520,59.85821687949413
6521,59.9612037054659
6522,60.06436978155288
6523,60.16753364392553
6524,60.27074337041226
6525,60.374132724532835
6526,60.47770201541457
6527,60.58145155270442
6528,60.68529684440108
6529,60.78909016458775
6530,60.89306411047734
6531,60.99721899285294
6532,61.10155512301998
6533,61.20607051031203
6534,61.31045056042967
6535,61.415012239423575
6536,61.51975585974019
6537,61.624681734350986
6538,61.729790176752985
6539,61.83481518251881
6540,61.93995433872199
6541,62.045276422881486
6542,62.15078174960221
6543,62.256470634017305
6544,62.36220326324339
6545,62.46792292163935
6546,62.57382649952818
6547,62.67991431315534
6548,62.786186679297025
6549,62.89261443788117
6550,62.99891764174181
6551,63.10540576156088
6552,63.212079115231745
6553,63.31893802118102
6554,63.42598279836927
6555,63.53293824972468
6556,63.64001397774544
6557,63.74727594269343
6558,63.85472446465278
6559,63.962359864244405
6560,64.06998459343154
6561,64.17765101377746
6562,64.28550467911336
6563,64.39354591118837
6564,64.50177503229054
6565,64.61005661778707
6566,64.718316832236
6567,64.82676530474974
6568,64.93540235874954
6569,65.04422831819836
6570,65.15315436464662
6571,65.26201149245395
6572,65.37105789643758
6573,65.48029390169827
6574,65.58971983388078
6575,65.6992779725885
6576,65.80873515032847
6577,65.91838262741685
6578,66.02822073064108
6579,66.1382497873355
6580,66.2484276766519
6581,66.35848805807672
6582,66.46873976710644
6583,66.5791831322228
6584,66.68981848245654
6585,66.80060380804143
6586,66.91127056395487
6587,67.02212968083762
6588,67.13318148887267
6589,67.24442631879523
6590,67.35580679379409
6591,67.46708311194003
6592,67.57855282955074
6593,67.69021627851787
6594,67.80207379128821
6595,67.91403715642767
6596,68.0259262413915
6597,68.1380097694692
6598,68.25028807426904
6599,68.36276148995644
6600,68.47529551356986
6601,68.5878005866912
6602,68.70050115175229
6603,68.81339754408486
6604,68.92649009958083
6605,69.03958257757479
6606,69.1527068768724
6607,69.26602772213442
6608,69.37954545042392
6609,69.49326039936646
6610,69.60689915513649
6611,69.72064593524202
6612,69.83459032055804
6613,69.94873264988594
6614,70.06307194451227
6615,70.17724614689493
6616,70.2916186789964
6617,70.40618988079738
6618,70.52096009284554
6619,70.63582237297142
6620,70.75062454704205
6621,70.86562611883483
6622,70.98082743008145
6623,71.09622882308278
6624,71.21160199828769
6625,71.32703544292981
6626,71.44266935857662
6627,71.55850408871807
6628,71.67453997741627
6629,71.79041198417531
6630,71.90648001468399
6631,72.02274959478063
6632,72.13922106972112
6633,72.25574992575277
6634,72.37225358676675
6635,72.48895953482143
6636,72.60586811636944
6637,72.72297967843996
6638,72.83998431509924
6639,72.95712815423104
6640,73.07447536787397
6641,73.19202630425889
6642,73.30966649174093
6643,73.42724975011903
6644,73.5450371264001
6645,73.66302897001961
6646,73.78122563099411
6647,73.8993186711684
6648,74.01754774562717
6649,74.13598203440334
6650,74.25462188872307
6651,74.37332931747191
6652,74.49200163058883
6653,74.61087990738983
6654,74.7299645003138
6655,74.84925576238508
6656,74.96839323749356
6657,75.08771705008313
6658,75.20724793177133
6659,75.32698623679983
6660,75.44671707353268
6661,75.56648797452348
6662,75.68646669998954
6663,75.80665360539334
6664,75.92696769667407
6665,76.0471872434849
6666,76.16761537255404
6667,76.28825244056763
6668,76.40909880480353
6669,76.52980947026452
6670,76.65068856753398
6671,76.77177736516882
6672,76.8930762216753
6673,77.01434931846137
6674,77.13568095326409
6675,77.25722305227188
6676,77.37897597522287
6677,77.50080150174782
6678,77.6225872481196
6679,77.7445842249599
6680,77.86679279324152
6681,77.98916078363769
6682,78.11140222028575
6683,78.23385565609392
6684,78.35652145327286
6685,78.479399974633
6686,78.60205908641898
6687,78.72490519836632
6688,78.84796433069774
6689,78.97123684727268
6690,79.09467999632903
6691,79.21791990708185
6692,79.34137349888469
6693,79.46504113664797
6694,79.5889231858857
6695,79.71288849783411
6696,79.83673767567078
6697,79.96080156284009
6698,80.08508052591027
6699,80.20957493205543
6700,80.33404565716363
6701,80.45850692413703
6702,80.58318393309523
6703,80.70807705226986
6704,80.83318665050105
6705,80.95814609665827
6706,81.0832222856776
6707,81.20851525371494
6708,81.33402537067072
6709,81.45970803396503
6710,81.58518453927586
6711,81.71087849406639
6712,81.83679026929946
6713,81.9629202365505
6714,82.08905972648603
6715,82.21515580791647
6716,82.34147038297584
6717,82.4680038243051
6718,82.59475650515986
6719,82.72133630635862
6720,82.84805482473004
6721,82.9749928852873
6722,83.10215086235469
6723,83.22940917656146
6724,83.35653278360721
6725,83.48387661041846
6726,83.61144103239023
6727,83.73922642553615
6728,83.86689352422978
6729,83.99464426613625
6730,84.12261628351898
6731,84.2508099534651
6732,84.37912638635068
6733,84.50728519394715
6734,84.63566595900026
6735,84.76426905967281
6736,84.89309487475013
6737,85.02178880996905
6738,85.15057947664063
6739,85.27959316365359
6740,85.40883025087209
6741,85.53814460446432
6742,85.66734632832583
6743,85.79677175891614
6744,85.92642127717941
6745,86.05629526468616
6746,86.18595607954349
6747,86.3157944125005
6748,86.4458575222642
6749,86.57614579148853
6750,86.70639836889337
6751,86.83665076448771
6752,86.96712862768756
6753,87.09783234223192
6754,87.22866290759033
6755,87.3593305274974
6756,87.4902243074727
6757,87.62134463234192
6758,87.75269188756245
6759,87.88382348617382
6760,88.01513434758681
6761,88.14667244910707
6762,88.27843817728196
6763,88.41011949665779
6764,88.5418486054069
6765,88.67380565113952
6766,88.80599102149425
6767,88.93820848604365
6768,89.07035700917262
6769,89.20273416782197
6770,89.33534035072338
6771,89.46808045182148
6772,89.60064955741976
6773,89.7334479987341
6774,89.86647616559057
6775,89.99972546129682
6776,90.13271631839373
6777,90.26593721305906
6778,90.39938853621479
6779,90.53307067942316
6780,90.66654742944247
6781,90.8001919489672
6782,90.93406760158649
6783,91.06817477996154
6784,91.20213309638018
6785,91.33620241297065
6786,91.47050356891285
6787,91.60503695796847
6788,91.73946359282363
6789,91.87395887924971
6790,92.00868671293448
6791,92.14364748874192
6792,92.27852925949496
6793,92.41345168894175
6794,92.54860737520126
6795,92.683996714241
6796,92.8193205034817
6797,92.95467124939147
6798,93.09025596331105
6799,93.22607504231321
6800,93.36182779745855
6801,93.4976080333547
6802,93.63362295009713
6803,93.76987294586493
6804,93.90604167885003
6805,94.04225257814751
6806,94.1786988727627
6807,94.31538096198261
6808,94.45195274894236
6809,94.58859548473949
6810,94.72547433195598
6811,94.86258969098836
6812,94.99955167192486
6813,95.13662741677462
6814,95.27393999077097
6815,95.41148979542086
6816,95.5487444857479
6817,95.68615696724882
6818,95.82380682890818
6819,95.96169447305985
6820,96.09965091054565
6821,96.23740075649917
6822,96.3753885343428
6823,96.51361464723692
6824,96.65207949899784
6825,96.79034087465229
6826,96.92866719658922
6827,97.06723240685035
6828,97.20603691007945
6829,97.344959539484
6830,97.48362503278753
6831,97.62252996839952
6832,97.7616747517914
6833,97.90105978909337
6834,98.0402443867987
6835,98.1794896750812
6836,98.31897536666139
6837,98.45870186849771
6838,98.598507728305
6839,98.73809399588968
6840,98.8779212229908
6841,99.01798981739535
6842,99.15830018755169
6843,99.29832552471831
6844,99.43849491395602
6845,99.57890622824058
6846,99.71955987684947
6847,99.86016697946613
6848,100.00067915671553
6849,100.14143381744638
6850,100.28243137176518
6851,100.42360120114769
6852,100.56445679151923
6853,100.70555542449328
6854,100.8468975110051
6855,100.98848346265521
6856,101.12981078082298
6857,101.27125401104423
6858,101.41294125543418
6859,101.55487292642252
6860,101.696724208406
6861,101.83851266006107
6862,101.9805456871914
6863,102.12282370305623
6864,102.26518027849019
6865,102.40731457492552
6866,102.54969400881349
6867,102.69231899424226
6868,102.83516231486927
6869,102.9776430785659
6870,103.12036954235796
6871,103.26334212116234
6872,103.40656123056594
6873,103.54948161258285
6874,103.69255572853169
6875,103.83587652362392
6876,103.979444414276
6877,104.1228137363849
6878,104.26623612582499
6879,104.40990575919386
6880,104.5538230537369
6881,104.6976231263239
6882,104.84139440964675
6883,104.98541350233269
6884,105.12968082245564
6885,105.27389357483459
6886,105.41801437146515
6887,105.56238354353601
6888,105.70700150994965
6889,105.85160898957984
6890,105.99607991795098
6891,106.14079978847714
6892,106.28576902088848
6893,106.43075339259644
6894,106.57557507012532
6895,106.7206462571557
6896,106.86596737424506
6897,107.01131091945065
6898,107.15648396251306
6899,107.301907083049
6900,107.44758070244316
6901,107.59326581838963
6902,107.73879084229458
6903,107.88456651226538
6904,108.03059325051304
6905,108.17660244950153
6906,108.32248006846716
6907,108.46860890270462
6908,108.61498937525137
6909,108.76130528387974
6910,108.90753611100725
6911,109.05401872322047
6912,109.20075354438224
6913,109.34735890278803
6914,109.49394355003574
6915,109.64078055278482
6916,109.78787033572311
6917,109.9347479968307
6918,110.08168707498898
6919,110.22887907965972
6920,110.37632443635525
6921,110.52345736512662
6922,110.67075148379124
6923,110.81829910056865
6924,110.96607579075865
6925,111.11347191448614
6926,111.26112168203227
6927,111.40902551987443
6928,111.55702485079236
6929,111.7047766585921
6930,111.85278268214807
6931,112.00104334875942
6932,112.14924862002788
6933,112.29735671718386
6934,112.44571960260407
6935,112.59433770440891
6936,112.74273232474276
6937,112.89119731524502
6938,113.03991766708326
6939,113.1888938091985
6940,113.3374612956773
6941,113.48628378219475
6942,113.63536220367737
6943,113.7844964626263
6944,113.93342096722931
6945,114.0826015510825
6946,114.2320386440803
6947,114.38131424867385
6948,114.53059687665228
6949,114.68013615778632
6950,114.82993252278798
6951,114.97933331389946
6952,115.1289746632571
6953,115.27887324021316
6954,115.42879610389772
6955,115.57853940030036
6956,115.72854006761662
6957,115.87879853750454
6958,116.02881571556723
6959,116.17891835037294
6960,116.3292789307744
6961,116.47978906184461
6962,116.6299935399858
6963,116.78045610632314
6964,116.93117719345523
6965,117.08152268285555
6966,117.23170723344286
6967,117.38214979451342
6968,117.53285079838406
6969,117.68381067805832
6970,117.83495560556113
6971,117.98537774944624
6972,118.13605825714066
6973,118.28699756136247
6974,118.43819609551622
6975,118.58965429369377
6976,118.7407460516851
6977,118.89166436376854
6978,119.0428418252136
6979,119.1942788698221
6980,119.34597593208333
6981,119.49775819146214
6982,119.64891415970875
6983,119.8003296292418
6984,119.95200503425683
6985,120.10394080963653
6986,120.25613739095186
6987,120.40775429319393
6988,120.55940761561163
6989,120.71132122490002
6990,120.86349555633154
6991,121.01593104586674
6992,121.16813200894234
6993,121.32002302291143
6994,121.47217467419347
6995,121.6245873984468
6996,121.7772616320181
6997,121.92999514177859
6998,122.08212367977367
6999,122.23451320456059
7000,122.38716415217986
7001,122.54007695935977
7002,122.69325206351746
7003,122.84565799854553
7004,122.99828522207686
7005,123.15117421731722
7006,123.30432542137312
7007,123.45773927203916
7008,123.61057496901611
7009,123.7634397101964
7010,123.91656657096088
7011,124.06995598878989
7012,124.22360840185219
7013,124.37682415219312
7014,124.52992622352804
7015,124.68329076130345
7016,124.83691820336978
7017,124.99080898826533
7018,125.14435567413446
7019,125.29769488166706
7020,125.45129690146013
7021,125.60516217172962
7022,125.75929113137973
7023,125.91312021983009
7024,126.06669636307551
7025,126.22053566334708
7026,126.37463855922266
7027,126.5290054899677
7028,126.68306902713435
7029,126.83688189901544
7030,126.99095827161635
7031,127.14529858387239
7032,127.29990327540655
7033,127.4541538807525
7034,127.60820326753341
7035,127.76251649763802
7036,127.91709401035486
7037,128.07193624565963
7038,128.22632710627386
7039,128.38061278749427
7040,128.53516265353397
7041,128.68997714403034
7042,128.84505669930792
7043,128.99954156425548
7044,129.1540633126642
7045,129.3088495862615
7046,129.4639008250289
7047,129.61921746963563
7048,129.77375064435947
7049,129.92850822584705
7050,130.0835306717471
7051,130.2388184223818
7052,130.39417984850363
7053,130.54890825953356
7054,130.70390143306463
7055,130.859159809069
7056,131.01468382820397
7057,131.16993941249444
7058,131.32474880637983
7059,131.47982303582006
7060,131.63516254068074
7061,131.79076776151243
7062,131.94656928653208
7063,132.1014566670108
7064,132.25660895034213
7065,132.4120265762743
7066,132.56770998523845
7067,132.72365961835115
7068,132.87896894529163
7069,133.03419602600135
7070,133.1896885102876
7071,133.34544683845075
7072,133.50147145147477
7073,133.65722327613622
7074,133.8125216165872
7075,133.9680854149047
7076,134.1239151112443
7077,134.28001114644465
7078,134.43615777215882
7079,134.59152352390598
7080,134.7471547805912
7081,134.9030519822119
7082,135.05921556944682
7083,135.2156459836572
7084,135.37113993617885
7085,135.52683445103878
7086,135.68279494992572
7087,135.83902187334402
7088,135.99551566247888
7089,136.1513093609522
7090,136.30706255216268
7091,136.46308175801914
7092,136.6193674188346
7093,136.77591997560233
7094,136.93197055231067
7095,137.08777741488095
7096,137.24385031352057
7097,137.40018968833448
7098,137.55679598010636
7099,137.71306243230552
7100,137.86891749149086
7101,138.02503859817347
7102,138.1814261922311
7103,138.3380807142192
7104,138.49452468986567
7105,138.65042379373702
7106,138.80658894879707
7107,138.96302059468144
7108,139.11971917170249
7109,139.2762970754573
7110,139.43223946014075
7111,139.58844789774824
7112,139.7449228276682
7113,139.90166468996432
7114,140.05831806382545
7115,140.21430295815878
7116,140.37055390517878
7117,140.52707134402098
7118,140.68385571449508
7119,140.8405269941849
7120,140.99655361966356
7121,141.15284629560145
7122,141.30940546087598
7123,141.4662315550372
7124,141.62286405946105
7125,141.7789316301831
7126,141.93526524713
7127,142.09186534891523
7128,142.24873237482387
7129,142.40527029563842
7130,142.56137801825
7131,142.71775178082748
7132,142.87439202171515
7133,143.03129917992743
7134,143.18765896548106
7135,143.34375890752938
7136,143.50012480094387
7137,143.6567570836615
7138,143.81365619428792
7139,143.9699852365004
7140,144.12606566562454
7141,144.28241193689558
7142,144.4390244878073
7143,144.5959037565205
7144,144.75218496541137
7145,144.9082328717586
7146,145.0645464882508
7147,145.22112625189914
7148,145.37797260038
7149,145.5341932982346
7150,145.69019422772197
7151,145.84646071012574
7152,146.00299318193072
7153,146.15979208028517
7154,146.3159446870453
7155,146.47188254801432
7156,146.628085776674
7157,146.7845548089351
7158,146.94129008136983
7159,147.0973825627408
7160,147.25325412090265
7161,147.40939085542578
7162,147.5657932016345
7163,147.72246159551312
7164,147.87844303765615
7165,148.0342473925816
7166,148.19031673040467
7167,148.34665148585785
7168,148.5032520943319
7169,148.65906159946786
7170,148.81479784356924
7171,148.97079887495468
7172,149.12706512775964
7173,149.2835970367757
7174,149.4391747618742
7175,149.59484198035656
7176,149.75077378834422
7177,149.9069706193699
7178,150.06338673723525
7179,150.21872005077356
7180,150.374317321585
7181,150.53017898194219
7182,150.68630546476936
7183,150.84237335254474
7184,150.9976359905979
7185,151.15316238438007
7186,151.30895296555184
7187,151.46500816642364
7188,151.62067106274066
7189,151.7758620908002
7190,151.93131667083787
7191,152.08703523389684
7192,152.24301821166773
7193,152.39822035632918
7194,152.5533388324953
7195,152.7087206546665
7196,152.8643662532624
7197,153.02018041403502
7198,153.17496268031985
7199,153.33000765525063
7200,153.48531576797487
7201,153.64088744828328
7202,153.79613240911806
7203,153.95084042716553
7204,154.10581094402573
7205,154.26104438821355
7206,154.416541188885
7207,154.57116411415572
7208,154.7257969218499
7209,154.8806920162593
7210,155.0358498252603
7211,155.19092479957212
7212,155.3452197814752
7213,155.4997764091199
7214,155.65459510910148
7215,155.80967630865206
7216,155.96402653004523
7217,156.1182445705958
7218,156.27272404086102
7219,156.42746536678825
7220,156.5821650894859
7221,156.73604441925656
7222,156.8901845357458
7223,157.04458586361577
7224,157.19924882815963
7225,157.3531247762483
7226,157.50692541152515
7227,157.66098661352092
7228,157.81530880623964
7229,157.96928564386022
7230,158.12229320147665
7231,158.27555991271612
7232,158.4290861990431
7233,158.58287248254723
7234,158.73691918594335
7235,158.89032923366315
7236,159.04306236966045
7237,159.1960540895737
7238,159.34930481357839
7239,159.5028149624715
7240,159.65658495767283
7241,159.80931913177386
7242,159.96177662673202
7243,160.11449213314407
7244,160.2674660698898
7245,160.42069885646728
7246,160.5741909129941
7247,160.72614281811977
7248,160.8783234410201
7249,161.03076150013587
7250,161.18345741304427
7251,161.33641159793765
7252,161.48904428995064
7253,161.6406903555766
7254,161.7925928637248
7255,161.94475223005136
7256,162.09716887082422
7257,162.2498432029236
7258,162.40148706713774
7259,162.5528543431073
7260,162.70447748205441
7261,162.85635689832273
7262,163.00849300686417
7263,163.1606102920626
7264,163.3114426467526
7265,163.46252986962025
7266,163.61387237308548
7267,163.7654705701722
7268,163.91732487451
7269,164.06825696393875
7270,164.2188085741076
7271,164.36961446853988
7272,164.52067505833242
7273,164.6719907551828
7274,164.82319892024663
7275,164.97321521316061
7276,165.12348479438123
7277,165.27400807307833
7278,165.42478545901886
7279,165.57581736256765
7280,165.72565379688936
7281,165.87538735275396
7282,166.0253736085775
7283,166.175612972196
7284,166.32610585203992
7285,166.47603068473558
7286,166.6252284951167
7287,166.77467800829302
7288,166.92437963017056
7289,167.07433376724535
7290,167.22425454300387
7291,167.37291687977424
7292,167.52182992251832
7293,167.67099407521206
7294,167.8204097424177
7295,167.97007732928407
7296,168.1183634300726
7297,168.2667402665701
7298,168.41536721459642
7299,168.56424467678022
7300,168.71337305633278
7301,168.86148129324377
7302,169.009322179635
7303,169.15741217945296
7304,169.30575169339298
7305,169.45434112272915
7306,169.60218579989393
7307,169.7494909842567
7308,169.89704428425102
7309,170.04484609863914
7310,170.1928968267583
7311,170.34039442412322
7312,170.48716414645614
7313,170.63418098692037
7314,170.78144534234565
7315,170.92895761013253
7316,171.07602674426758
7317,171.22226123647368
7318,171.36874184959433
7319,171.51546897852683
7320,171.6624430187354
7321,171.80900440425907
7322,171.95470389012894
7323,172.1006484999682
7324,172.24683862674203
7325,172.39327466397862
7326,172.5392510755851
7327,172.6844157707807
7328,172.82982459326058
7329,172.9754779340578
7330,173.1213761847649
7331,173.2666924198507
7332,173.41132253188928
7333,173.55619577477512
7334,173.70131253760982
7335,173.84667321005023
7336,173.9912560519249
7337,174.13535178016238
7338,174.27968964304688
7339,174.42427002774855
7340,174.56909332198884
7341,174.71287150366754
7342,174.8564330392828
7343,175.00023571356977
7344,175.1442799117676
7345,175.2885660196627
7346,175.4314701882269
7347,175.5744977142055
7348,175.71776538309427
7349,175.86127357820132
7350,176.00473044029397
7351,176.1469853649007
7352,176.28947905601936
7353,176.43221189448872
7354,176.57518426168605
7355,176.7176298548088
7356,176.85935210454997
7357,177.00131212736082
7358,177.14351030215332
7359,177.28594700837425
7360,177.4273175225527
7361,177.5685072555615
7362,177.70993376837663
7363,177.85159743798363
7364,177.99331009019446
7365,178.1337320441818
7366,178.274389410347
7367,178.41528256322275
7368,178.55641187786838
7369,178.69692301163178
7370,178.83681373142215
7371,178.9769388723729
7372,179.1172988070948
7373,179.25789390872114
7374,179.39714495582
7375,179.53650457462317
7376,179.67609762371444
7377,179.81592447378245
7378,179.95532299662878
7379,180.09391956807937
7380,180.232748210827
7381,180.37180929312382
7382,180.5111031837368
7383,180.64912540828018
7384,180.78719210901207
7385,180.9254898923422
7386,181.06401912460532
7387,181.20206527721373
7388,181.3393724853463
7389,181.47690942357866
7390,181.61467645582204
7391,181.75267394649333
7392,181.88923410291238
7393,182.02601263502703
7394,182.16301991066769
7395,182.30025629183203
7396,182.4367232907929
7397,182.57274584092784
7398,182.7089957885178
7399,182.84547349314911
7400,182.98178791454544
7401,183.1170568920431
7402,183.25255192531515
7403,183.3882733715449
7404,183.5242215884095
7405,183.65889514659946
7406,183.79363766451357
7407,183.92860525567687
7408,184.06379827536796
7409,184.1982114416978
7410,184.3322038284877
7411,184.46641995317054
7412,184.60086016863406
7413,184.73495806518034
7414,184.86820269039924
7415,185.00166972248394
7416,185.13535951193938
7417,185.2690887279474
7418,185.40158794651464
7419,185.53430824522601
7420,185.66724997221263
7421,185.80041347608227
7422,185.93231468896658
7423,186.06429059891786
7424,186.19648661234007
7425,186.32890307547046
7426,186.46016929260227
7427,186.5911730653946
7428,186.72239523755223
7429,186.85383615234835
7430,186.98547919215898
7431,187.11534141881577
7432,187.24542005909476
7433,187.37571545286394
7434,187.50622794045398
7435,187.63695786265828
7436,187.76616590596987
7437,187.89532302184716
7438,188.02469525196256
7439,188.15428293371724
7440,188.28408640496977
7441,188.41256577143463
7442,188.54080494271383
7443,188.66925759555778
7444,188.79792406445097
7445,188.92680468432994
7446,189.05446711134144
7447,189.1817918896273
7448,189.3093285233397
7449,189.43707734405885
7450,189.565038683812
7451,189.69179902547978
7452,189.8182129342914
7453,189.94483707888293
7454,190.07167178794265
7455,190.19871739060113
7456,190.32449354372798
7457,190.45000007860685
7458,190.57571523606683
7459,190.70163934191746
7460,190.82777272240483
7461,190.95248555395906
7462,191.07708818257979
7463,191.2018978269881
7464,191.3269148101268
7465,191.45213945537046
7466,191.57571273142594
7467,191.69941489370626
7468,191.8233224713431
7469,191.9474357844251
7470,192.07151386579156
7471,192.19411546957895
7472,192.31692057778633
7473,192.43992950723904
7474,192.56314257518383
7475,192.68587050522433
7476,192.8074083732298
7477,192.92914787587208
7478,193.05108932670908
7479,193.1732330397145
7480,193.2952785010789
7481,193.4157581832649
7482,193.5364376404707
7483,193.65731718300623
7484,193.7783971215914
7485,193.89966434980042
7486,194.0190913451818
7487,194.13871626604964
7488,194.25853941948483
7489,194.3785611129732
7490,194.49878165440532
7491,194.61733782838562
7492,194.73591367090478
7493,194.8546859032487
7494,194.97365482968794
7495,195.09282075489298
7496,195.21043102860506
7497,195.32796319954505
7498,195.44568992750422
7499,195.5636115135568
7500,195.68172825917145
7501,195.7983076722902
7502,195.91480152705634
7503,196.0314881158892
7504,196.14836773668634
7505,196.2654406877337
7506,196.38090772292264
7507,196.49636856537032
7508,196.61202032870335
7509,196.7278633076603
7510,196.84389779736358
7511,196.95817428916146
7512,197.0726073713698
7513,197.1872295709685
7514,197.3020411795568
7515,197.41683004815684
7516,197.53005353476289
7517,197.6434640567625
7518,197.75706190226103
7519,197.8708473597361
7520,197.98428673487572
7521,198.09649459021003
7522,198.20888769966265
7523,198.3214663482414
7524,198.43423082132122
7525,198.54625215640712
7526,198.65744946596803
7527,198.76883025778807
7528,198.88039481379602
7529,198.992143416282
7530,199.10268117109607
7531,199.21287296728792
7532,199.3232464832108
7533,199.43380199773196
7534,199.54451977820364
7535,199.65353134886263
7536,199.76272261049712
7537,199.87209383857964
7538,199.98164530893465
7539,200.0907451870848
7540,200.19876288894247
7541,200.30695854067142
7542,200.4153324147243
7543,200.52388478389994
7544,200.63130984508754
7545,200.73833853894016
7546,200.84554345061366
7547,200.95292484955795
7548,201.06030876130114
7549,201.16617902389945
7550,201.27222351510466
7551,201.37844250104553
7552,201.48483624818732
7553,201.59042786575506
7554,201.69532038605828
7555,201.80038542372142
7556,201.90562324191092
7557,202.01103410412495
7558,202.11478444627824
7559,202.21870390745974
7560,202.32279418352212
7561,202.42705553468673
7562,202.530568610598
7563,202.63335077363948
7564,202.7363018007862
7565,202.8394219490104
7566,202.942628254423
7567,203.04428130356925
7568,203.1461012807555
7569,203.24808843973153
7570,203.35024303456365
7571,203.45145316828703
7572,203.55215019945786
7573,203.65301248770706
7574,203.7540402839004
7575,203.8548263596921
7576,203.95440845289173
7577,204.05415389287222
7578,204.1540629273249
7579,204.25413580424774
7580,204.35283818925788
7581,204.45147470633702
7582,204.55027291869274
7583,204.64923307117027
7584,204.74740374237305
7585,204.84493916364298
7586,204.94263439510405
7587,205.0404896784746
7588,205.13807156617642
7589,205.23451361910378
7590,205.3311136110795
7591,205.4278717807203
7592,205.5247883669351
7593,205.62016648116193
7594,205.71567887373558
7595,205.81134758352772
7596,205.90717284636665
7597,206.00186814867226
7598,206.09630047886833
7599,206.19088727946092
7600,206.28562878322273
7601,206.37959094802255
7602,206.47295064786027
7603,206.5664629847212
7604,206.66012818834744
7605,206.75330907100687
7606,206.84560346531643
7607,206.93804867654544
7608,207.03064493142935
7609,207.12299851333853
7610,207.21423481732376
7611,207.30562013121045
7612,207.39715467875268
7613,207.48863701371153
7614,207.5788223302302
7615,207.66915486253146
7616,207.7596348314116
7617,207.85020399327877
7618,207.93934530981903
7619,208.02863206073013
7620,208.118064463874
7621,208.20764273737288
7622,208.29578468075718
7623,208.3840325315485
7624,208.4724242627599
7625,208.56096008959838
7626,208.6481229261773
7627,208.73533863546731
7628,208.82269646569486
7629,208.91019662917486
7630,208.9963440272483
7631,209.0825342268749
7632,209.1688648000769
7633,209.25533595630012
7634,209.34043340256915
7635,209.42560459302535
7636,209.5109144215989
7637,209.59635601263335
7638,209.68037784721645
7639,209.76453639260305
7640,209.84883185232823
7641,209.93314835005913
7642,210.0161654712495
7643,210.09931759370977
7644,210.18260491817614
7645,210.2657671668382
7646,210.34778563748768
7647,210.42993741105556
7648,210.51222268550063
7649,210.59420316997273
7650,210.6752288982995
7651,210.75638624212257
7652,210.83767539664396
7653,210.91844819908155
7654,210.99848693120384
7655,211.07865560206488
7656,211.15895440413084
7657,211.23849516128038
7658,211.31755247298554
7659,211.39673805705937
7660,211.47605210325167
7661,211.55433796438524
7662,211.63241925205648
7663,211.71062715582192
7664,211.78896186273528
7665,211.86597144813152
7666,211.94308191873995
7667,212.02031735895673
7668,212.0973698040693
7669,212.1733913130666
7670,212.24953597313907
7671,212.32580396579837
7672,212.4015319291458
7673,212.47659404678103
7674,212.55177769022688
7675,212.62708303835868
7676,212.70146956167392
7677,212.77557684706562
7678,212.84980404174195
7679,212.92414212570313
7680,212.99718076981927
7681,213.07033754158576
7682,213.1436126144629
7683,213.21634361136566
7684,213.2876992344282
7685,213.359170194339
7686,213.430756660227
7687,213.50245880141122
7688,213.57427678739984
7689,213.6447869755164
7690,213.71471164531536
7691,213.78474923706656
7692,213.85489991601327
7693,213.9251638475826
7694,213.99535457056334
7695,214.06375399388995
7696,214.1322637921885
7697,214.20088412669165
7698,214.26961515881052
7699,214.33845705013456
7700,214.40625275572265
7701,214.4732554954525
7702,214.54036625691097
7703,214.607585197557
7704,214.67491247502255
7705,214.74216977818722
7706,214.80768585370873
7707,214.87330747241228
7708,214.9390347878677
7709,215.00486795381278
7710,215.070807124153
7711,215.1355224091288
7712,215.19967497936764
7713,215.26393079933788
7714,215.3282900189451
7715,215.39275278825747
7716,215.4567384489702
7717,215.51944173409944
7718,215.58224585678673
7719,215.6451509631663
7720,215.70815719953026
7721,215.7712647123284
7722,215.83258616345853
7723,215.89395806055649
7724,215.95542855975
7725,216.0169978036154
7726,216.07866593488166
7727,216.1390918956131
7728,216.1990507172272
7729,216.25910579313623
7730,216.3192572622603
7731,216.37950526366694
7732,216.43894750091283
7733,216.49751208040834
7734,216.55617059965152
7735,216.61492319396461
7736,216.6737699988126
7737,216.73214624249883
7738,216.78933510127095
7739,216.84661561796256
7740,216.90398792435528
7741,216.9614521523694
7742,217.0186858363089
7743,217.0745171884853
7744,217.1304379489458
7745,217.18644824598857
7746,217.24254820804563
7747,217.29856822020264
7748,217.35305997727124
7749,217.40763892466373
7750,217.46230518725034
7751,217.51705889003114
7752,217.57179933186714
7753,217.62496910723823
7754,217.6782238861386
7755,217.73156379006565
7756,217.78498894064242
7757,217.83838889524594
7758,217.89025400874104
7759,217.94220196963465
7760,217.99423289610579
7761,218.04634690645454
7762,218.0983502151624
7763,218.148927697439
7764,218.19958590115385
7765,218.25032494122073
7766,218.30114493267004
7767,218.3516999799045
7768,218.4010065768109
7769,218.4503917988798
7770,218.49985575781233
7771,218.54939856542165
7772,218.59845807146579
7773,218.64651024833537
7774,218.69463898329815
7775,218.74284438489374
7776,218.79112656177074
7777,218.83864738322507
7778,218.88546132909866
7779,218.93234979473166
7780,218.9793128855537
7781,219.02635070709908
7782,219.0722936447574
7783,219.11788527654952
7784,219.16354941803976
7785,219.20928617159788
7786,219.25509563969416
7787,219.29942525359684
7788,219.34381022019363
7789,219.38826571424408
7790,219.43279183510714
7791,219.47694790363676
7792,219.52007311366236
7793,219.5632667999622
7794,219.60652905883956
7795,219.64985998669093
7796,219.69231950049922
7797,219.73427048015367
7798,219.7762880110432
7799,219.8183721865605
7800,219.8605231001883
7801,219.90126121903876
7802,219.9420528106727
7803,219.98290905494773
7804,220.02383004239329
7805,220.06422672649927
7806,220.10381082821843
7807,220.14345762237446
7808,220.1831671965963
7809,220.22293963859605
7810,220.26155252473063
7811,220.30000801571464
7812,220.33852435492665
7813,220.37710162722752
7814,220.41527129692244
7815,220.45255330319117
7816,220.4898942565585
7817,220.52729423908514
7818,220.56475333290882
7819,220.60108934524806
7820,220.63727243849434
7821,220.6735126871804
7822,220.70981017069153
7823,220.7456146511061
7824,220.78065709201812
7825,220.81575484432045
7826,220.85090798469534
7827,220.8861165898961
7828,220.91995195383726
7829,220.95382601491428
7830,220.98775349177595
7831,221.02173445830428
7832,221.05536473502858
7833,221.0880353746376
7834,221.12075749240506
7835,221.15353115939928
7836,221.18635644675317
7837,221.2183718681263
7838,221.2499085274479
7839,221.28149482959176
7840,221.31313084293006
7841,221.34481663589622
7842,221.37519843201642
7843,221.40561690716007
7844,221.4360832177526
7845,221.46659742951917
7846,221.49662215712414
7847,221.52589195375992
7848,221.55520774286055
7849,221.58456958749633
7850,221.61397755079344
7851,221.64208226639875
7852,221.66998844888948
7853,221.6979384372352
7854,221.72593229136098
7855,221.7539700712444
7856,221.78150733689142
7857,221.80807630556188
7858,221.83468693884134
7859,221.86133929358468
7860,221.8880334266962
7861,221.91476939512958
7862,221.9401709743074
7863,221.96546806144522
7864,221.99080477009397
7865,222.01618115415874
7866,222.04159726759048
7867,222.0662929069793
7868,222.09030163451462
7869,222.11434792692066
7870,222.13843183517494
7871,222.1625534102984
7872,222.1864671894567
7873,222.20921213559677
7874,222.23199263225385
7875,222.25480872754855
7876,222.27766046964175
7877,222.3005479067345
7878,222.3222283415595
7879,222.34376706736595
7880,222.36533941595238
7881,222.3869454326887
7882,222.4085851629822
7883,222.42938299786246
7884,222.44970339557378
7885,222.4700554805805
7886,222.49043929552855
7887,222.51085488309872
7888,222.5307125050499
7889,222.54983744843045
7890,222.56899218303718
7891,222.58817674885785
7892,222.60739118591277
7893,222.626256621696
7894,222.64420842837185
7895,222.66218816868493
7896,222.6801958800294
7897,222.69823159982903
7898,222.7160581830502
7899,222.7328586270789
7900,222.7496851847235
7901,222.76653789084696
7902,222.78341678033956
7903,222.80016283470934
7904,222.81583315886127
7905,222.83152781328357
7906,222.84724683036927
7907,222.86299024253665
7908,222.8786187805813
7909,222.89317970835071
7910,222.90776321885002
7911,222.92236934206258
7912,222.93699810799427
7913,222.95147654454672
7914,222.9649482918892
7915,222.9784409093763
7916,222.99195442463963
7917,223.00548886533173
7918,223.0187887451479
7919,223.03119103195777
7920,223.04361251045177
7921,223.0560532059671
7922,223.0685131438603
7923,223.08060988274184
7924,223.09196194406996
7925,223.10333155193595
7926,223.1147187294385
7927,223.12612349969396
7928,223.13699613851819
7929,223.14731673553908
7930,223.15765326647428
7931,223.16800575223914
7932,223.178374213764
7933,223.18800518484792
7934,223.19731261558027
7935,223.20663439935353
7936,223.21597055495266
7937,223.22532110117604
7938,223.23369600642948
7939,223.24200811621876
7940,223.25033302917134
7941,223.25867076199407
7942,223.26680580885403
7943,223.2741287317425
7944,223.2814629235064
7945,223.28880839881526
7946,223.29616517234862
7947,223.30300101083148
7948,223.30936447430472
7949,223.31573771855088
7950,223.32212075626373
7951,223.3285136001456
7952,223.33404466013044
7953,223.3394651832884
7954,223.3448940279065
7955,223.35033120475126
7956,223.35551300524713
7957,223.35999981345827
7958,223.36449350304065
7959,223.36899408287553
7960,223.37350156185016
7961,223.37735300106976
7962,223.3809300813682
7963,223.38451264109963
7964,223.3881006873138
7965,223.39153833256682
7966,223.39421686907943
7967,223.39689950456702
7968,223.39958624428962
7969,223.40227709351117
7970,223.4043690105974
7971,223.40616934843786
7972,223.40797243790098
7973,223.40977828250675
7974,223.41140352910966
7975,223.41233873813238
7976,223.4132753750461
7977,223.41421344167236
7978,223.41515293983386
7979,223.4154259779661
7980,223.415512912752
7981,223.41559998000977
7982,223.41568717990754
7983,223.41542699365797
7984,223.4146187483884
7985,223.41380927168373
7986,223.41299856198154
7987,223.4121866177184
7988,223.41076734099573
7989,223.40908049259144
7990,223.40739107751446
7991,223.40569909251928
7992,223.40396956536486
7993,223.40142397414618
7994,223.3988745136515
7995,223.39632117900172
7996,223.39376396531472
7997,223.3908523155085
7998,223.38746093991637
7999,223.38406441618503
8000,223.38066273784472
8001,223.37725589842253
8002,223.37316452206355
8003,223.36894245357976
8004,223.36471398437104
8005,223.36047910642165
8006,223.35600134636536
8007,223.3509708750988
8008,223.34593278562605
8009,223.34088706843318
8010,223.33583371400096
8011,223.33016703290548
8012,223.32433600412236
8013,223.31849615651976
8014,223.3126474791229
8015,223.30654989071363
8016,223.29994212709747
8017,223.29332438066535
8018,223.2866966390291
8019,223.28005888979456
8020,223.27277111846453
8021,223.26539124036853
8022,223.25800022804754
8023,223.25059806773436
8024,223.24284427932275
8025,223.23471758481375
8026,223.22657864271153
8027,223.21842743791638
8028,223.21018411661763
8029,223.2013254811955
8030,223.19245350975015
8031,223.18356818588825
8032,223.17466949320823
8033,223.16523809079368
8034,223.1556475618347
8035,223.14604261501643
8036,223.1364232326811
8037,223.12647955241175
8038,223.11618452070633
8039,223.10587402930315
8040,223.09554805932547
8041,223.08507487282833
8042,223.07408898731123
8043,223.06308662320475
8044,223.05206776044884
8045,223.04103237897417
8046,223.0293863385881
8047,223.01770537812504
8048,223.0060069212802
8049,222.99429094683583
8050,222.98210263059062
8051,222.9697559652418
8052,222.9573908274992
8053,222.94500719503048
8054,222.93226450760736
8055,222.91926465434344
8056,222.90624537378898
8057,222.89320664253077
8058,222.87989911698648
8059,222.8662582283775
8060,222.85259697810892
8061,222.8389153417189
8062,222.8250340293745
8063,222.81076390341616
8064,222.79647250138584
8065,222.78215979780438
8066,222.76769716407716
8067,222.7528092537596
8068,222.7378991723591
8069,222.72296689341
8070,222.7079167193048
8071,222.69242214192263
8072,222.67690451730826
8073,222.6613638180399
8074,222.6457211070243
8075,222.62963065324118
8076,222.6135162944147
8077,222.59737800219537
8078,222.5811388922004
8079,222.56446303486737
8080,222.54776243250797
8081,222.53103705587404
8082,222.51419873616643
8083,222.49694763890915
8084,222.47967097397614
8085,222.46236871124782
8086,222.44492934394344
8087,222.42711286952056
8088,222.40927002162496
8089,222.3914007692931
8090,222.37335941527888
8091,222.35498713371223
8092,222.33658768926168
8093,222.31816105014556
8094,222.29951759919243
8095,222.28059879568772
8096,222.2616520558194
8097,222.2426773470133
8098,222.22343245187932
8099,222.20397613453093
8100,222.18449112282983
8101,222.1649773834346
8102,222.14513239775349
8103,222.1251473050453
8104,222.10513277505743
8105,222.08508877370585
8106,222.06464569347708
8107,222.04414030158293
8108,222.0236047441288
8109,222.00298702081085
8110,221.98200039481134
8111,221.9609829247036
8112,221.93993457499727
8113,221.91870790125768
8114,221.89720047018469
8115,221.87566146994973
8116,221.8540908643596
8117,221.83231232927767
8118,221.81029280138688
8119,221.78824099424443
8120,221.7661568709783
8121,221.7438270508086
8122,221.72130385780832
8123,221.69874768999475
8124,221.6761585098407
8125,221.65327863553918
8126,221.6302599405257
8127,221.6072075892426
8128,221.58412154353007
8129,221.56069344341287
8130,221.5371871485801
8131,221.51364652971645
8132,221.490048900693
8133,221.4660975939662
8134,221.4421113480972
8135,221.41809012373383
8136,221.3939251787448
8137,221.36944893945378
8138,221.34493704278995
8139,221.3203894487466
8140,221.29580611731095
8141,221.27081677791455
8142,221.2457500135777
8143,221.220646792812
8144,221.19550707491308
8145,221.17030469462674
8146,221.14469618912423
8147,221.11905048967068
8148,221.09336755490162
8149,221.06764734344767
8150,221.04178610328074
8151,221.01561052718768
8152,220.98939699830603
8153,220.96314547463746
8154,220.93685591417946
8155,220.91033826509712
8156,220.8836062392463
8157,220.85683552043005
8158,220.830026066047
8159,220.80317783349216
8160,220.7760073355486
8161,220.74872903265688
8162,220.72141131458937
8163,220.6940541381712
8164,220.66661341253624
8165,220.63883865029783
8166,220.61102381169053
8167,220.583168852997
8168,220.555273730498
8169,220.52717795482278
8170,220.49887667065073
8171,220.47053462237704
8172,220.44215176576702
8173,220.41372805658494
8174,220.38492491652116
8175,220.3560399978594
8176,220.32711354845495
8177,220.29814552348074
8178,220.26913587810907
8179,220.2399696063648
8180,220.21051521761558
8181,220.18101855534655
8182,220.1514795741741
8183,220.12189822871545
8184,220.0922744735887
8185,220.06233374507474
8186,220.0322803271154
8187,220.00218386969672
8188,219.9720443269159
8189,219.94186165287184
8190,219.9115277291772
8191,219.88093031594903
8192,219.85028916441647
8193,219.81960422819026
8194,219.78887546088356
8195,219.75810281611288
8196,219.7270005120971
8197,219.69582678356383
8198,219.664608591734
8199,219.63334588976772
8200,219.60203863082938
8201,219.5705232384582
8202,219.53882841629778
8203,219.5070884720017
8204,219.47530335830794
8205,219.44347302795993
8206,219.41151074830063
8207,219.3792192773236
8208,219.3468819213986
8209,219.31449863274352
8210,219.28206936358282
8211,219.24959406614724
8212,219.21707269267463
8213,219.18441715777212
8214,219.15145571812144
8215,219.11844756634005
8216,219.0853926541858
8217,219.05229093342484
8218,219.01914235583135
8219,218.9859468731881
8220,218.9525879518684
8221,218.9189721453438
8222,218.8853088278985
8223,218.85159795087864
8224,218.81783946564016
8225,218.78403332354898
8226,218.750179475981
8227,218.71611151753424
8228,218.68185583729797
8229,218.64755187408565
8230,218.61319957887767
8231,218.57879890266597
8232,218.5443497964542
8233,218.50985221125748
8234,218.47507333133794
8235,218.44019122979225
8236,218.4052600984015
8237,218.37027988782427
8238,218.33525054873266
8239,218.3001720318118
8240,218.26500208477646
8241,218.22955574073825
8242,218.19405969336265
8243,218.15851389301397
8244,218.12291829007134
8245,218.08727283492888
8246,218.05157747799618
8247,218.0156858290807
8248,217.97963779830792
8249,217.94353936370348
8250,217.90739047539086
8251,217.8711910835101
8252,217.83494113821834
8253,217.79862218982126
8254,217.76203418254943
8255,217.72539514214554
8256,217.68870501851282
8257,217.65196376157257
8258,217.61517132126488
8259,217.57832764754863
8260,217.54128858202358
8261,217.50412009542438
8262,217.4668999163893
8263,217.4296279946551
8264,217.3923042799788
8265,217.35492872213777
8266,217.31744038664323
8267,217.27975279923038
8268,217.24201292929547
8269,217.20422072642256
8270,217.16637614021792
8271,217.1284791203102
8272,217.09052837683592
8273,217.0523312710452
8274,217.01408131065403
8275,216.97577844512492
8276,216.93742262394449
8277,216.89901379662345
8278,216.8605519126971
8279,216.82189274705763
8280,216.78314158079775
8281,216.74433695420086
8282,216.70547881666394
8283,216.66656711760945
8284,216.62760180648658
8285,216.58847349770127
8286,216.54922933955223
8287,216.50993118190104
8288,216.47057897408342
8289,216.431172665463
8290,216.39171220543125
8291,216.35210867724544
8292,216.31237911304913
8293,216.27259502531936
8294,216.23275636335833
8295,216.19286307649807
8296,216.15291511410058
8297,216.11282797937125
8298,216.07261208205225
8299,216.03234114061826
8300,215.9920151043545
8301,215.95163392257845
8302,215.91119754463898
8303,215.87067062204105
8304,215.8299758690739
8305,215.78922556639273
8306,215.74841966329353
8307,215.70755810910606
8308,215.66664085319368
8309,215.62566601469302
8310,215.58449926776404
8311,215.54327647963416
8312,215.5019975996359
8313,215.46066257713795
8314,215.41927136154465
8315,215.37782390229694
8316,215.3362101006164
8317,215.29452112783335
8318,215.25277558506286
8319,215.21097342173786
8320,215.1691145873289
8321,215.1271990313452
8322,215.08513510732982
8323,215.04298571463585
8324,215.00077928641966
8325,214.95851577220276
8326,214.91619512154716
8327,214.87381728405472
8328,214.83129985884528
8329,214.78869531134478
8330,214.74603327468145
8331,214.70331369848935
8332,214.66053653244518
8333,214.6177017262679
8334,214.5747286936457
8335,214.53167379085764
8336,214.48856095652226
8337,214.44539014040967
8338,214.4021612923345
8339,214.3588743621559
8340,214.3154446733119
8341,214.2719437810107
8342,214.22838452544576
8343,214.18476685654568
8344,214.1410907242857
8345,214.0973537397386
8346,214.0534695546481
8347,214.00952663464244
8348,213.9655249297823
8349,213.9214643901767
8350,213.87734496598324
8351,213.83314599095385
8352,213.78882377601786
8353,213.74444241400235
8354,213.7000018551679
8355,213.65550204982512
8356,213.6109429483356
8357,213.56628347408508
8358,213.52152645578755
8359,213.47670988739227
8360,213.43183371938
8361,213.38689790228435
8362,213.3419023866917
8363,213.29678432146454
8364,213.25159540101532
8365,213.2063465361741
8366,213.161037677663
8367,213.1156687762585
8368,213.07022329129745
8369,213.0246653486681
8370,212.97904712476438
8371,212.9333685705123
8372,212.8876296368949
8373,212.84183027495223
8374,212.7959266308206
8375,212.74994208047067
8376,212.70389687059517
8377,212.65779095239876
8378,212.61162427714532
8379,212.56538602008084
8380,212.51903789214418
8381,212.4726287826303
8382,212.42615864298065
8383,212.37962742469801
8384,212.33303507934653
8385,212.2863408781557
8386,212.2395703608497
8387,212.19273849838794
8388,212.14584524252663
8389,212.09889054508562
8390,212.05185713398706
8391,212.00472745525957
8392,211.95753612283244
8393,211.9102830887304
8394,211.8629683050434
8395,211.81559172392758
8396,211.76810566815456
8397,211.72055689025999
8398,211.6729461086132
8399,211.62527327558905
8400,211.5775383436299
8401,211.5297103195887
8402,211.48180590865715
8403,211.4338391978262
8404,211.38581013976915
8405,211.33771868722891
8406,211.2895464206444
8407,211.24128799224107
8408,211.19296697347514
8409,211.14458331733212
8410,211.09613697686947
8411,211.0476186534891
8412,210.99900764050508
8413,210.95033375215417
8414,210.90159694174784
8415,210.85279716267158
8416,210.8039313572938
8417,210.75496902319568
8418,210.70594353398
8419,210.6568548432976
8420,210.60770290487534
8421,210.55848767251663
8422,210.50917597041246
8423,210.4597999918144
8424,210.41036053741803
8425,210.36085756130498
8426,210.3112910176354
8427,210.26163196711238
8428,210.21190646494776
8429,210.16211721756258
8430,210.11226417940657
8431,210.0623473050095
8432,210.01233869830898
8433,209.9622628790516
8434,209.91212304783022
8435,209.86191915947356
8436,209.811651168893
8437,209.76130098081347
8438,209.7108757803762
8439,209.66038630615134
8440,209.60983251336003
8441,209.55921435730835
8442,209.50852097381076
8443,209.4577471884859
8444,209.4069088723107
8445,209.35600598091193
8446,209.30503847000307
8447,209.25400057335648
8448,209.20287887090544
8449,209.15169238515946
8450,209.10044107216325
8451,209.04912488805104
8452,208.99774140803794
8453,208.94627233800102
8454,208.89473823671412
8455,208.84313906065316
8456,208.79147476638528
8457,208.73974483800575
8458,208.6879288412949
8459,208.63604756975434
8460,208.58410098030362
8461,208.53208902995604
8462,208.480011675819
8463,208.42784937469185
8464,208.37562127837563
8465,208.32332762529978
8466,208.27096837293615
8467,208.21854347885272
8468,208.16603467812337
8469,208.11346001101293
8470,208.06081955249027
8471,208.00811326049822
8472,207.95534033061736
8473,207.90248524320768
8474,207.84956417552527
8475,207.79657708589625
8476,207.74352393274683
8477,207.69040248790776
8478,207.63720132056724
8479,207.58393394597556
8480,207.53060032295275
8481,207.47720041042118
8482,207.42373015591846
8483,207.37018292847588
8484,207.3165692707828
8485,207.2628891421652
8486,207.20914250205377
8487,207.15532319385358
8488,207.10142986257466
8489,207.04746988197454
8490,206.9934432118977
8491,206.93934981229572
8492,206.8851812430161
8493,206.83094170641027
8494,206.77663530529986
8495,206.7222620000601
8496,206.66782175117575
8497,206.61330373837376
8498,206.55871784260495
8499,206.5040648710011
8500,206.44934478448064
8501,206.39455513191484
8502,206.33968992054284
8503,206.28475746447117
8504,206.2297577250604
8505,206.1746906637841
8506,206.11955011194536
8507,206.06433732146797
8508,206.00905708083062
8509,205.95370935195828
8510,205.8982940968918
8511,205.84280686695126
8512,205.7872463622721
8513,205.73161820594285
8514,205.67592236046568
8515,205.6201587884608
8516,205.5643241006687
8517,205.50841569522876
8518,205.45243944058745
8519,205.3963952998362
8520,205.34028323618733
8521,205.2841003956766
8522,205.22784385703665
8523,205.17151927555892
8524,205.11512661493683
8525,205.05866583898657
8526,205.00213421972975
8527,204.94552927473237
8528,204.88885609715896
8529,204.83211465131703
8530,204.77530490163932
8531,204.71842393296032
8532,204.66147027250187
8533,204.60444819361678
8534,204.54735766123915
8535,204.49019864043046
8536,204.43296779573143
8537,204.37566507918024
8538,204.31829376223504
8539,204.2608538104689
8540,204.20334518958458
8541,204.1457639769878
8542,204.0881118362696
8543,204.03039091707456
8544,203.97260118562681
8545,203.9147426082829
8546,203.85681056292455
8547,203.79880860630948
8548,203.7407376970251
8549,203.6825978019591
8550,203.62438865988503
8551,203.56610556588078
8552,203.50775338148918
8553,203.44933207413686
8554,203.39084161138757
8555,203.33228051682664
8556,203.27364693332834
8557,203.21494409238167
8558,203.1561719620992
8559,203.09733051073277
8560,203.03841707646183
8561,202.9794325568863
8562,202.92037861672395
8563,202.8612552247857
8564,202.8020623500239
8565,202.74279591370257
8566,202.68345970351612
8567,202.62405391320146
8568,202.5645785122801
8569,202.50503347041672
8570,202.44541505638205
8571,202.38572672533806
8572,202.32596865864008
8573,202.26614082653197
8574,202.20624319940413
8575,202.1462722786029
8576,202.08623138637498
8577,202.02612060700633
8578,201.96593991147574
8579,201.90568923118934
8580,201.84536533616676
8581,201.784971435007
8582,201.72450749928583
8583,201.66397350072967
8584,201.60336918653337
8585,201.5426919739514
8586,201.4819446111504
8587,201.42112707046329
8588,201.36023932437655
8589,201.29928092286858
8590,201.23824993322438
8591,201.1771486533955
8592,201.11597705648512
8593,201.05473511575178
8594,200.99342218567406
8595,200.93203695886885
8596,200.87058130606567
8597,200.80905520114962
8598,200.74745861816393
8599,200.6857907291557
8600,200.62405080646056
8601,200.56224032614352
8602,200.50035926288436
8603,200.43840759152337
8604,200.3763843233042
8605,200.31428924918828
8606,200.25212349005596
8607,200.18988702139384
8608,200.1275798188518
8609,200.06520076076177
8610,200.00275008459172
8611,199.94022860028178
8612,199.877636284138
8613,199.81497311263178
8614,199.75223786346865
8615,199.6894311410943
8616,199.62655349177112
8617,199.56360489263648
8618,199.50058532099652
8619,199.4374934891009
8620,199.37433028433338
8621,199.31109603816722
8622,199.24779072858422
8623,199.18441433373673
8624,199.1209655372816
8625,199.05744542327466
8626,198.99385415782524
8627,198.93019171977167
8628,198.8664580881251
8629,198.8026519714281
8630,198.73877454871112
8631,198.67482586898024
8632,198.61080591194258
8633,198.54671457698143
8634,198.4825507934657
8635,198.41831567147102
8636,198.35400919140866
8637,198.28963133386662
8638,198.22518183006503
8639,198.16066006445632
8640,198.09606686298838
8641,198.03140220696335
8642,197.96666607786284
8643,197.90185803002754
8644,197.83697790932374
8645,197.77202625998092
8646,197.7070030642042
8647,197.6419083043813
8648,197.5767413571929
8649,197.51150252144865
8650,197.44619206893523
8651,197.38080998277394
8652,197.31535624627
8653,197.2498300636256
8654,197.1842321671683
8655,197.1185625705125
8656,197.05282125770702
8657,196.9870080013812
8658,196.92112247761398
8659,196.85516519017105
8660,196.78913612385213
8661,196.72303526364627
8662,196.65686216177
8663,196.5906170080138
8664,196.524300015759
8665,196.45791117075524
8666,196.39145042344035
8667,196.32491723344083
8668,196.25831214844658
8669,196.19163515497593
8670,196.12488623974062
8671,196.05806511871685
8672,195.9911717805596
8673,195.92420648135698
8674,195.8571692085992
8675,195.79005994997226
8676,195.72287821426687
8677,195.65562445916896
8678,195.5882986819162
8679,195.52090087098264
8680,195.45343079535684
8681,195.38588844194624
8682,195.31827402099714
8683,195.25058752177935
8684,195.1828289134971
8685,195.11499782769295
8686,195.04709463220848
8687,194.9791193171169
8688,194.91107187269353
8689,194.84295205922135
8690,194.77475996727154
8691,194.70649571765173
8692,194.63815930145014
8693,194.5697506246005
8694,194.50126952366975
8695,194.4327162303077
8696,194.3640907364236
8697,194.29539303413281
8698,194.22662284514345
8699,194.15778040873303
8700,194.08886574119626
8701,194.01987883547892
8702,193.95081952225556
8703,193.88168785383294
8704,193.8124839270431
8705,193.74320773566936
8706,193.67385919301455
8707,193.60443821436039
8708,193.53494495348815
8709,193.46537940502674
8710,193.39574154353184
8711,193.32603118754733
8712,193.25624852891173
8713,193.18639356310675
8714,193.11646628582844
8715,193.04646651977325
8716,192.97639441119068
8717,192.90624997931116
8718,192.836033220693
8719,192.7657439879239
8720,192.69538236158462
8721,192.62494839927288
8722,192.55444209841656
8723,192.48386345666202
8724,192.41321232033633
8725,192.34248880857677
8726,192.27169294998805
8727,192.2008247430954
8728,192.12988418611815
8729,192.0588711174529
8730,191.98778569722197
8731,191.91662792483663
8732,191.84539779993102
8733,191.7740952916546
8734,191.70272031785115
8735,191.6312729916249
8736,191.55975331350535
8737,191.4881612842469
8738,191.41649684556455
8739,191.34475998951766
8740,191.27295078582065
8741,191.2010692361322
8742,191.12911534233837
8743,191.05708902101426
8744,190.98499033210538
8745,190.91281930600286
8746,190.840575945506
8747,190.76826024527307
8748,190.6958721245574
8749,190.62341167912294
8750,190.55087891268968
8751,190.4782738292084
8752,190.4055963926156
8753,190.3328465982837
8754,190.26002450005953
8755,190.1871301028231
8756,190.11416341168805
8757,190.04112436411668
8758,189.96801302189414
8759,189.8948294024401
8760,189.82157351180638
8761,189.74824533545902
8762,189.67484485092479
8763,189.6013721147114
8764,189.52782713381563
8765,189.4542099154715
8766,189.38052041872186
8767,189.30675868536218
8768,189.23292473762254
8769,189.15901858369045
8770,189.08504021611628
8771,189.0109896195944
8772,188.9368668428266
8773,188.8626718949608
8774,188.7884047853859
8775,188.71406548251534
8776,188.63965402913868
8777,188.565170443623
8778,188.4906147363258
8779,188.4159868995868
8780,188.34128693681754
8781,188.26651488475872
8782,188.19167075474365
8783,188.11675455708715
8784,188.04176626711896
8785,187.96670593462753
8786,187.89157357192795
8787,187.81636919158197
8788,187.74109278275282
8789,187.6657443711177
8790,187.59032398097148
8791,187.51483162586598
8792,187.439267308353
8793,187.36363103420533
8794,187.2879228372177
8795,187.2121427319387
8796,187.13629073089908
8797,187.060366825835
8798,186.98437105760107
8799,186.90830344174907
8800,186.83216399408187
8801,186.7559527125208
8802,186.67966962496314
8803,186.60331475449135
8804,186.52688811791919
8805,186.45038972309388
8806,186.37381958392965
8807,186.29717773061049
8808,186.2204641809675
8809,186.1436789503486
8810,186.06682204322982
8811,185.9898934947955
8812,185.91289332389965
8813,185.83582154965345
8814,185.75867817613226
8815,185.68146323640664
8816,185.6041767521919
8817,185.52681874362966
8818,185.449389220874
8819,185.3718882099036
8820,185.29431573654995
8821,185.21667182199138
8822,185.13895648109335
8823,185.06116973526855
8824,184.9833116133234
8825,184.90538213747868
8826,184.82738132624584
8827,184.7493091984198
8828,184.67116578491624
8829,184.5929511090045
8830,184.51466519202052
8831,184.43630805162587
8832,184.35787972019972
8833,184.279380222065
8834,184.2008095807563
8835,184.12216781391416
8836,184.04345495491168
8837,183.96467102913107
8838,183.88581606183644
8839,183.80689007146307
8840,183.72789309204774
8841,183.64882515003777
8842,183.56968627208175
8843,183.49047647799387
8844,183.41119580225143
8845,183.33184427237242
8846,183.2524219161431
8847,183.17292875515753
8848,183.09336482419525
8849,183.01373015185
8850,182.93402476687677
8851,182.85424869290608
8852,182.774401964948
8853,182.69448461267714
8854,182.61449666570712
8855,182.53443814985684
8856,182.45430910034037
8857,182.3741095479184
8858,182.29383952299892
8859,182.21349905365653
8860,182.1330881753215
8861,182.05260691984535
8862,181.97205531840052
8863,181.89143340132603
8864,181.81074120430426
8865,181.72997876028273
8866,181.6491461011936
8867,181.56824325960466
8868,181.4872702715051
8869,181.40622717094317
8870,181.32511399062454
8871,181.24393076528034
8872,181.16267753127238
8873,181.08135432375445
8874,180.99996117623198
8875,180.9184981255143
8876,180.83696520840869
8877,180.75536246117866
8878,180.6736899177757
8879,180.59194761733838
8880,180.5101355972354
8881,180.42825389484486
8882,180.3463025469242
8883,180.2642815907359
8884,180.1821910660688
8885,180.10003101141984
8886,180.01780146556607
8887,179.9355024657331
8888,179.85313405278407
8889,179.77069626664476
8890,179.68818914721646
8891,179.60561273397258
8892,179.52296706694733
8893,179.44025218802605
8894,179.3574681382382
8895,179.27461495889577
8896,179.19169269008458
8897,179.10870137510128
8898,179.0256410561965
8899,178.94251177581535
8900,178.85931357594475
8901,178.77604649969965
8902,178.69271059101638
8903,178.60930589347691
8904,178.52583245075434
8905,178.4422903061933
8906,178.3586795052306
8907,178.27500009258895
8908,178.19125211327645
8909,178.10743561174226
8910,178.02355063422385
8911,177.93959722677488
8912,177.85557543554847
8913,177.77148530653332
8914,177.68732688646674
8915,177.60310022280314
8916,177.51880536284423
8917,177.43444235400707
8918,177.35001124374202
8919,177.26551208081236
8920,177.18094491367128
8921,177.0963097910606
8922,177.0116067613644
8923,176.92683587452754
8924,176.84199718017786
8925,176.75709072821272
8926,176.67211656838927
8927,176.58707475146613
8928,176.50196532835585
8929,176.41678835011388
8930,176.33154386781325
8931,176.24623193313852
8932,176.16085259824033
8933,176.0754059153359
8934,175.98989193676962
8935,175.904310715237
8936,175.81866230409432
8937,175.73294675672287
8938,175.64716412670725
8939,175.56131446781652
8940,175.4753978345895
8941,175.38941428157392
8942,175.30336386357095
8943,175.21724663546934
8944,175.13106265297515
8945,175.04481197180533
8946,174.95849464796098
8947,174.872110737484
8948,174.78566029723788
8949,174.69914338411076
8950,174.6125600552839
8951,174.52591036800146
8952,174.43919438025267
8953,174.3524121501081
8954,174.26556373592308
8955,174.17864919615693
8956,174.09166858992515
8957,174.00462197648176
8958,173.91750941535773
8959,173.83033096621853
8960,173.74308668932545
8961,173.65577664511088
8962,173.56840089428368
8963,173.48095949770843
8964,173.39345251680652
8965,173.3058800131865
8966,173.2182420487367
8967,173.13053868551756
8968,173.04276998611925
8969,172.95493601332603
8970,172.86703683020676
8971,172.77907249998546
8972,172.6910430864567
8973,172.60294865358122
8974,172.51478926561003
8975,172.42656498708996
8976,172.3382758827752
8977,172.24992201786034
8978,172.16150345781188
8979,172.0730202683602
8980,171.98447251553156
8981,171.8958602655942
8982,171.80718358517683
8983,171.71844254123883
8984,171.62963720099134
8985,171.54076763194178
8986,171.45183390186034
8987,171.36283607883334
8988,171.27377423130557
8989,171.1846484279704
8990,171.0954587378175
8991,171.00620523011136
8992,170.91688797441176
8993,170.82750704064367
8994,170.7380624989835
8995,170.6485544199042
8996,170.55898287415985
8997,170.46934793279263
8998,170.37964966720588
8999,170.2898881490595
9000,170.20006345031024
9001,170.11017564319855
9002,170.02022480025502
9003,169.93021099435964
9004,169.84013429865612
9005,169.7499947865852
9006,169.6597925318719
9007,169.5695276085374
9008,169.47920009093824
9009,169.38881005370217
9010,169.29835757175377
9011,169.20784272030127
9012,169.11726557485736
9013,169.02662621125498
9014,168.9359247056052
9015,168.8451611343161
9016,168.7543355740779
9017,168.6634481018941
9018,168.5724987950741
9019,168.4814877312121
9020,168.39041498819861
9021,168.29928064420528
9022,168.20808477772465
9023,168.11682746754244
9024,168.02550879273468
9025,167.93412883267314
9026,167.8426876670101
9027,167.75118537572473
9028,167.65962203907884
9029,167.56799773762862
9030,167.4763125522236
9031,167.38456656400209
9032,167.29275985442027
9033,167.20089250521775
9034,167.10896459842942
9035,167.01697621638021
9036,166.92492744169547
9037,166.8328183573029
9038,166.74064904641904
9039,166.64841959255568
9040,166.55613007951135
9041,166.46378059139388
9042,166.3713712126022
9043,166.27890202782777
9044,166.18637312205493
9045,166.09378458055915
9046,166.00113648892219
9047,165.9084289330134
9048,165.81566199899632
9049,165.72283577332448
9050,165.62995034275036
9051,165.53700579432268
9052,165.4440022153805
9053,165.3509396935565
9054,165.25781831677085
9055,165.16463817324907
9056,165.07139935150374
9057,164.97810194034045
9058,164.88474602885526
9059,164.79133170643942
9060,164.69785906277912
9061,164.60432818785048
9062,164.5107391719222
9063,164.41709210555032
9064,164.3233870795917
9065,164.22962418519083
9066,164.1358035137835
9067,164.0419251570948
9068,163.9479892071437
9069,163.85399575624177
9070,163.75994489698962
9071,163.6658367222782
9072,163.57167132528738
9073,163.4774487994917
9074,163.3831692386534
9075,163.28883273682507
9076,163.19443938834618
9077,163.09998928785
9078,163.00548253025852
9079,162.91091921078188
9080,162.8162994249184
9081,162.72162326845552
9082,162.62689083747082
9083,162.53210222832922
9084,162.4372575376831
9085,162.34235686247152
9086,162.2474002999248
9087,162.1523879475587
9088,162.0573199031762
9089,161.9621962648656
9090,161.86701713100473
9091,161.77178260025707
9092,161.67649277157176
9093,161.58114774418326
9094,161.48574761761287
9095,161.39029249166776
9096,161.29478246643964
9097,161.19921764230457
9098,161.10359811992342
9099,161.0079240002432
9100,160.91219538449405
9101,160.81641237418958
9102,160.7205750711268
9103,160.6246835773875
9104,160.52873799533592
9105,160.43273842761863
9106,160.33668497716403
9107,160.24057774718455
9108,160.1444168411742
9109,160.04820236290834
9110,159.95193441644213
9111,159.85561310611448
9112,159.75923853654362
9113,159.66281081262878
9114,159.5663300395479
9115,159.46979632276071
9116,159.37320976800547
9117,159.2765704813001
9118,159.17987856893976
9119,159.08313413750037
9120,158.98633729383567
9121,158.88948814507657
9122,158.7925867986317
9123,158.69563336218687
9124,158.59862794370588
9125,158.5015706514278
9126,158.4044615938682
9127,158.30730087981854
9128,158.2100886183468
9129,158.11282491879552
9130,158.01550989078123
9131,157.9181436441962
9132,157.8207262892061
9133,157.72325793625103
9134,157.62573869604262
9135,157.5281686795679
9136,157.43054799808544
9137,157.33287676312662
9138,157.2351550864932
9139,157.13738308026026
9140,157.03956085677373
9141,156.9416885286495
9142,156.84376620877407
9143,156.74579401030405
9144,156.64777204666612
9145,156.5497004315552
9146,156.45157927893464
9147,156.35340870303762
9148,156.25518881836493
9149,156.15691973968472
9150,156.05860158203114
9151,155.9602344607072
9152,155.8618184912806
9153,155.76335378958544
9154,155.66484047172065
9155,155.5662786540517
9156,155.46766845320755
9157,155.3690099860813
9158,155.27030336983026
9159,155.1715487218748
9160,155.0727461598985
9161,154.97389580184563
9162,154.8749977659249
9163,154.7760521706053
9164,154.67705913461748
9165,154.57801877695084
9166,154.4789312168577
9167,154.3797965738483
9168,154.28061496769257
9169,154.1813865184192
9170,154.08211134631398
9171,153.9827895719229
9172,153.88342131604742
9173,153.7840066997468
9174,153.6845458443354
9175,153.58503887138454
9176,153.4854859027209
9177,153.3858870604262
9178,153.28624246683646
9179,153.18655224454002
9180,153.08681651638116
9181,152.98703540545569
9182,152.88720903511236
9183,152.78733752895116
9184,152.68742101082304
9185,152.5874596048314
9186,152.48745343532957
9187,152.38740262692002
9188,152.2873073044545
9189,152.187167593034
9190,152.08698361800788
9191,151.9867555049734
9192,151.88648337977432
9193,151.78616736850074
9194,151.68580759748994
9195,151.58540419332493
9196,151.4849572828327
9197,151.38446699308508
9198,151.2839334513977
9199,151.18335678533018
9200,151.08273712268505
9201,150.98207459150632
9202,150.88136932007967
9203,150.78062143693242
9204,150.67983107083302
9205,150.57899835078882
9206,150.4781234060471
9207,150.37720636609305
9208,150.2762473606521
9209,150.1752465196863
9210,150.0742039733945
9211,149.97311985221157
9212,149.87199428680967
9213,149.7708274080963
9214,149.66961934721266
9215,149.5683702355347
9216,149.4670802046711
9217,149.36574938646493
9218,149.26437791299128
9219,149.1629659165558
9220,149.06151352969525
9221,148.9600208851786
9222,148.85848811600408
9223,148.75691535539843
9224,148.65530273681733
9225,148.55365039394445
9226,148.4519584606915
9227,148.35022707119657
9228,148.24845635982285
9229,148.14664646115986
9230,148.04479751002265
9231,147.94290964145037
9232,147.84098299070465
9233,147.73901769327017
9234,147.63701388485495
9235,147.53497170138846
9236,147.43289127902028
9237,147.33077275412091
9238,147.22861626327926
9239,147.1264219433052
9240,147.02418993122643
9241,146.9219203642876
9242,146.81961337995088
9243,146.7172691158929
9244,146.61488771000933
9245,146.51246930040855
9246,146.41001402541397
9247,146.30752202356237
9248,146.2049934336019
9249,146.10242839449612
9250,145.999827045418
9251,145.89718952575214
9252,145.79451597509225
9253,145.69180653324153
9254,145.58906134021353
9255,145.48628053622937
9256,145.3834642617165
9257,145.2806126573094
9258,145.17772586384822
9259,145.07480402237928
9260,144.97184727415316
9261,144.86885576062352
9262,144.76582962344708
9263,144.66276900448275
9264,144.55967404579275
9265,144.4565448896383
9266,144.35338167848184
9267,144.25018455498358
9268,144.14695366200397
9269,144.04368914260183
9270,143.94039114003218
9271,143.83705979774692
9272,143.733695259392
9273,143.63029766881107
9274,143.5268671700405
9275,143.4234039073107
9276,143.31990802504347
9277,143.21637966785295
9278,143.11281898054636
9279,143.00922610811963
9280,142.9056011957591
9281,142.80194438883828
9282,142.69825583292084
9283,142.59453567375724
9284,142.49078405728494
9285,142.38700112962619
9286,142.2831870370878
9287,142.179341926163
9288,142.07546594352704
9289,141.97155923603833
9290,141.8676219507363
9291,141.76365423484174
9292,141.6596562357568
9293,141.55562810106298
9294,141.45156997851953
9295,141.3474820160632
9296,141.2433643618097
9297,141.13921716405005
9298,141.03504057125147
9299,140.93083473205448
9300,140.826599795274
9301,140.72233590989907
9302,140.61804322509067
9303,140.51372189018048
9304,140.4093720546703
9305,140.30499386823314
9306,140.20058748071122
9307,140.09615304211454
9308,139.99169070261937
9309,139.88720061256896
9310,139.78268292247338
9311,139.67813778300726
9312,139.57356534500852
9313,139.46896575947764
9314,139.36433917757898
9315,139.25968575063825
9316,139.15500563014157
9317,139.05029896773368
9318,138.94556591521967
9319,138.8408066245627
9320,138.73602124788346
9321,138.6312099374578
9322,138.52637284571705
9323,138.4215101252491
9324,138.31662192879534
9325,138.2117084092488
9326,138.1067697196545
9327,138.00180601321065
9328,137.8968174432647
9329,137.7918041633142
9330,137.68676632700374
9331,137.58170408812722
9332,137.47661760062547
9333,137.37150701858542
9334,137.26637249623786
9335,137.161214187958
9336,137.0560322482669
9337,136.95082683182585
9338,136.84559809343892
9339,136.74034618804833
9340,136.63507127074024
9341,136.5297734967374
9342,136.42445302140132
9343,136.31911000022913
9344,136.2137445888565
9345,136.1083569430535
9346,136.00294721872484
9347,135.8975155719076
9348,135.79206215877292
9349,135.68658713562436
9350,135.58109065889525
9351,135.47557288514864
9352,135.37003397107688
9353,135.26447407350165
9354,135.1588933493706
9355,135.05329195575737
9356,134.94767004986178
9357,134.84202778900854
9358,134.73636533064592
9359,134.6306828323434
9360,134.5249804517931
9361,134.41925834680873
9362,134.31351667532346
9363,134.20775559538836
9364,134.10197526517285
9365,133.99617584296521
9366,133.89035748716825
9367,133.78452035630013
9368,133.67866460899256
9369,133.57279040399314
9370,133.46689790016012
9371,133.3609872564633
9372,133.25505863198225
9373,133.1491121859087
9374,133.04314807754105
9375,132.9371664662855
9376,132.8311675116551
9377,132.72515137326965
9378,132.61911821085366
9379,132.51306818423404
9380,132.40700145334188
9381,132.3009181782108
9382,132.1948185189752
9383,132.0887026358681
9384,131.98257068922302
9385,131.87642283947272
9386,131.77025924714562
9387,131.6640800728664
9388,131.55788547735546
9389,131.45167562142856
9390,131.3454506659935
9391,131.23921077204994
9392,131.13295610069076
9393,131.02668681309933
9394,130.9204030705474
9395,130.81410503439452
9396,130.7077928660907
9397,130.60146672717048
9398,130.49512677925475
9399,130.38877318404724
9400,130.28240610333876
9401,130.17602569900055
9402,130.06963213298584
9403,129.96322556732778
9404,129.856806164142
9405,129.75037408562153
9406,129.64392949403572
9407,129.5374725517327
9408,129.4310034211362
9409,129.32452226474487
9410,129.2180292451291
9411,129.1115245249355
9412,129.00500826688068
9413,128.89848063375254
9414,128.79194178840763
9415,128.685391893774
9416,128.57883111284693
9417,128.47225960868673
9418,128.36567754442163
9419,128.25908508324446
9420,128.15248238841247
9421,128.04586962324314
9422,127.93924695111988
9423,127.83261453548513
9424,127.72597253984169
9425,127.61932112775017
9426,127.51266046282976
9427,127.4059907087586
9428,127.29931202926888
9429,127.19262458814832
9430,127.08592854923675
9431,126.97922407643074
9432,126.87251133367643
9433,126.76579048497155
9434,126.65906169436188
9435,126.55232512594513
9436,126.44558094386642
9437,126.33882931231673
9438,126.23207039553245
9439,126.12530435779597
9440,126.01853136343465
9441,125.91175157681727
9442,125.8049651623542
9443,125.69817228449612
9444,125.59137310773703
9445,125.4845677966077
9446,125.3777565156765
9447,125.27093942954903
9448,125.16411670286422
9449,125.05728850030013
9450,124.95045498656673
9451,124.8436163264071
9452,124.73677268459535
9453,124.62992422593591
9454,124.52307111526308
9455,124.41621351744207
9456,124.30935159736477
9457,124.2024855199489
9458,124.09561545013872
9459,123.9887415528997
9460,123.88186399322672
9461,123.77498293613442
9462,123.66809854665966
9463,123.56121098985902
9464,123.45432043080771
9465,123.34742703460137
9466,123.2405309663534
9467,123.13363239119349
9468,123.02673147426576
9469,122.9198283807293
9470,122.81292327575459
9471,122.70601632452927
9472,122.59910769224936
9473,122.49219754412192
9474,122.3852860453634
9475,122.2783733611951
9476,122.17145965685191
9477,122.06454509757177
9478,121.95762984859856
9479,121.8507140751796
9480,121.74379794256431
9481,121.63688161600648
9482,121.52996526076168
9483,121.42304904208473
9484,121.31613312522889
9485,121.20921767544519
9486,121.10230285798193
9487,120.99538883808619
9488,120.88847578099757
9489,120.78156385195079
9490,120.6746532161715
9491,120.56774403887874
9492,120.46083648528376
9493,120.35393072058727
9494,120.24702690997836
9495,120.14012521863297
9496,120.03322581171393
9497,119.92632885437291
9498,119.81943451174489
9499,119.71254294894806
9500,119.60565433108346
9501,119.49876882323206
9502,119.39188659046035
9503,119.28500779781216
9504,119.17813261030949
9505,119.0712611929524
9506,118.96439371071551
9507,118.85753032855406
9508,118.75067121139477
9509,118.64381652413894
9510,118.53696643165887
9511,118.43012109879848
9512,118.32328069037538
9513,118.2164453711751
9514,118.1096153059516
9515,118.00279065942497
9516,117.89597159628259
9517,117.78915828117941
9518,117.68235087873386
9519,117.57554955352698
9520,117.4687544701018
9521,117.36196579296325
9522,117.25518368657883
9523,117.14840831537416
9524,117.04163984373261
9525,116.93487843599391
9526,116.82812425645604
9527,116.72137746937365
9528,116.61463823895376
9529,116.50790672935756
9530,116.4011831046954
9531,116.29446752903432
9532,116.18776016638944
9533,116.08106118072524
9534,115.97437073595455
9535,115.86768899593443
9536,115.76101612447458
9537,115.65435228532621
9538,115.54769764218597
9539,115.44105235869189
9540,115.33441659842534
9541,115.22779052491101
9542,115.12117430161261
9543,115.01456809193337
9544,114.90797205921174
9545,114.80138636672812
9546,114.69481117769799
9547,114.58824665527207
9548,114.48169296253442
9549,114.37515026250094
9550,114.26861871812449
9551,114.1620984922872
9552,114.05558974780158
9553,113.94909264740764
9554,113.84260735377568
9555,113.73613402950431
9556,113.62967283711802
9557,113.52322393906583
9558,113.41678749771916
9559,113.31036367537764
9560,113.20395263426207
9561,113.09755453651356
9562,112.99116954419284
9563,112.88479781928078
9564,112.7784395236796
9565,112.67209481920762
9566,112.56576386759886
9567,112.45944683050392
9568,112.35314386948575
9569,112.24685514602194
9570,112.14058082150616
9571,112.03432105724168
9572,111.92807601444255
9573,111.82184585423194
9574,111.71563073764165
9575,111.60943082560976
9576,111.50324627898726
9577,111.39707725852706
9578,111.29092392488795
9579,111.18478643863183
9580,111.07866496022378
9581,110.97255965002847
9582,110.86647066831829
9583,110.76039817526238
9584,110.65434233092846
9585,110.54830329528353
9586,110.4422812281905
9587,110.3362762894065
9588,110.23028863859085
9589,110.12431843529421
9590,110.01836583895991
9591,109.91243100892451
9592,109.80651410441621
9593,109.70061528454907
9594,109.594734708336
9595,109.48887253467423
9596,109.38302892234923
9597,109.27720403003286
9598,109.1713980162837
9599,109.06561103954117
9600,108.95984325813482
9601,108.85409483027708
9602,108.7483659140604
9603,108.64265666745952
9604,108.5369672483288
9605,108.43129781440103
9606,108.32564852328743
9607,108.22001953248193
9608,108.11441099935134
9609,108.00882308113914
9610,107.90325593496284
9611,107.7977097178146
9612,107.69218458655484
9613,107.58668069792489
9614,107.4811982085339
9615,107.3757372748601
9616,107.27029805325213
9617,107.16488069992631
9618,107.05948537096519
9619,106.9541122223184
9620,106.84876140980623
9621,106.74343308911068
9622,106.63812741577715
9623,106.53284454521494
9624,106.42758463269487
9625,106.32234783334584
9626,106.21713430216272
9627,106.111944194
9628,106.0067776635685
9629,105.90163486543759
9630,105.79651595403264
9631,105.69142108363582
9632,105.58635040837954
9633,105.48130408225826
9634,105.37628225911827
9635,105.27128509265617
9636,105.16631273642126
9637,105.06136534381262
9638,104.9564430680802
9639,104.85154606231777
9640,104.74667447947452
9641,104.64182847234659
9642,104.53700819357385
9643,104.43221379564277
9644,104.32744543088366
9645,104.22270325147147
9646,104.1179874094216
9647,104.0132980565916
9648,103.90863534468652
9649,103.80399942524825
9650,103.69939044965759
9651,103.59480856913468
9652,103.49025393473762
9653,103.38572669736092
9654,103.28122700773018
9655,103.17675501641759
9656,103.07231087382493
9657,102.96789473018674
9658,102.86350673557149
9659,102.75914703987883
9660,102.65481579284011
9661,102.55051314401261
9662,102.44623924279071
9663,102.34199423839657
9664,102.23777827987792
9665,102.13359151611073
9666,102.02943409579635
9667,101.92530616746255
9668,101.82120787945703
9669,101.71713937995791
9670,101.61310081696688
9671,101.50909233830508
9672,101.40511409161613
9673,101.30116622436348
9674,101.19724888383136
9675,101.0933622171186
9676,100.98950637114834
9677,100.88568149266162
9678,100.78188772821471
9679,100.67812522417896
9680,100.57439412674162
9681,100.47069458190443
9682,100.3670267354779
9683,100.26339073309266
9684,100.1597867201907
9685,100.05621484202399
9686,99.9526752436545
9687,99.84916806995454
9688,99.74569346560489
9689,99.64225157509019
9690,99.53884254271127
9691,99.43546651257294
9692,99.33212362858544
9693,99.22881403446351
9694,99.1255378737273
9695,99.02229528969971
9696,98.9190864255016
9697,98.81591142406765
9698,98.71277042812882
9699,98.60966358021595
9700,98.50659102266076
9701,98.40355289759412
9702,98.3005493469432
9703,98.19758051243323
9704,98.09464653559291
9705,97.99174755774362
9706,97.88888372000179
9707,97.78605516327968
9708,97.68326202828308
9709,97.58050445550752
9710,97.47778258524829
9711,97.375096557592
9712,97.27244651241543
9713,97.16983258938532
9714,97.06725492795941
9715,96.96471366738312
9716,96.86220894668736
9717,96.75974090470085
9718,96.6573096800348
9719,96.5549154110862
9720,96.4525582360385
9721,96.35023829286058
9722,96.24795571930082
9723,96.14571065289893
9724,96.04350323097708
9725,95.94133359063858
9726,95.83920186876789
9727,95.73710820203152
9728,95.635052726874
9729,95.53303557951892
9730,95.43105689597726
9731,95.329116812033
9732,95.22721546324901
9733,95.12535298496456
9734,95.02352951229635
9735,94.92174518013027
9736,94.82000012314008
9737,94.71829447576835
9738,94.61662837223176
9739,94.51500194652061
9740,94.41341533239728
9741,94.31186866339276
9742,94.21036207281551
9743,94.10889569374571
9744,94.0074696590308
9745,93.90608410128884
9746,93.80473915290608
9747,93.70343494603487
9748,93.60217161259757
9749,93.50094928428825
9750,93.39976809256405
9751,93.29862816864754
9752,93.19752964352773
9753,93.09647264795511
9754,92.99545731244578
9755,92.89448376728505
9756,92.7935521425177
9757,92.6926625679502
9758,92.59181517315166
9759,92.49101008745055
9760,92.39024743993453
9761,92.28952735945997
9762,92.1888499746373
9763,92.08821541383678
9764,91.98762380518627
9765,91.88707527657049
9766,91.78656995562991
9767,91.68610796977012
9768,91.5856894461475
9769,91.48531451167452
9770,91.38498329301913
9771,91.28469591660053
9772,91.1844525085935
9773,91.0842531949318
9774,90.98409810129856
9775,90.8839873531286
9776,90.7839210756095
9777,90.68389939367599
9778,90.5839224320176
9779,90.48399031507778
9780,90.38410316704561
9781,90.28426111186047
9782,90.18446427320963
9783,90.08471277452482
9784,89.9850067389918
9785,89.88534628954413
9786,89.78573154885913
9787,89.68616263936126
9788,89.5866396832199
9789,89.48716280234385
9790,89.38773211839906
9791,89.28834775278975
9792,89.18900982666416
9793,89.08971846091322
9794,88.99047377616974
9795,88.89127589280596
9796,88.79212493094606
9797,88.69302101044923
9798,88.59396425091639
9799,88.49495477168888
9800,88.39599269184347
9801,88.29707813020245
9802,88.19821120532809
9803,88.09939203551922
9804,88.00062073881212
9805,87.90189743298151
9806,87.80322223553195
9807,87.70459526371893
9808,87.60601663452775
9809,87.50748646467883
9810,87.40900487062915
9811,87.31057196856652
9812,87.21218787441728
9813,87.1138527038453
9814,87.01556657224532
9815,86.91732959474486
9816,86.81914188620499
9817,86.72100356121173
9818,86.62291473409785
9819,86.524875518921
9820,86.42688602946937
9821,86.32894637926307
9822,86.23105668154805
9823,86.13321704930605
9824,86.03542759524986
9825,85.93768843181937
9826,85.83999967118272
9827,85.742361425236
9828,85.64477380560045
9829,85.54723692363467
9830,85.44975089041974
9831,85.3523158167631
9832,85.25493181319976
9833,85.157598989984
9834,85.06031745710855
9835,84.96308732428652
9836,84.8659087009561
9837,84.76878169627972
9838,84.67170641914073
9839,84.57468297815237
9840,84.47771148165258
9841,84.3807920377008
9842,84.28392475407891
9843,84.18710973828966
9844,84.09034709755856
9845,83.9936369388403
9846,83.89697936880614
9847,83.8003744938496
9848,83.70382242008385
9849,83.60732325333976
9850,83.51087709917918
9851,83.41448406287803
9852,83.31814424943273
9853,83.22185776355829
9854,83.12562470968398
9855,83.0294451919704
9856,82.93331931429088
9857,82.8372471802364
9858,82.74122889311677
9859,82.64526455595245
9860,82.54935427149506
9861,82.45349814220734
9862,82.35769627026819
9863,82.26194875757405
9864,82.16625570573022
9865,82.07061721607214
9866,81.97503338964432
9867,81.87950432720724
9868,81.78403012923657
9869,81.68861089591576
9870,81.59324672715734
9871,81.4979377225814
9872,81.40268398152293
9873,81.30748560303005
9874,81.21234268585852
9875,81.11725532849115
9876,81.0222236291177
9877,80.92724768564088
9878,80.83232759567515
9879,80.73746345654325
9880,80.64265536529179
9881,80.54790341867401
9882,80.4532077131543
9883,80.35856834490794
9884,80.26398540981855
9885,80.1694590034917
9886,80.0749892212375
9887,79.9805761580776
9888,79.88621990874152
9889,79.79192056766992
9890,79.69767822902064
9891,79.60349298665625
9892,79.50936493415021
9893,79.41529416478035
9894,79.32128077154083
9895,79.22732484713568
9896,79.1334264839758
9897,79.03958577418103
9898,78.94580280957315
9899,78.85207768169501
9900,78.75841048179278
9901,78.66480130082063
9902,78.57125022943902
9903,78.47775735801311
9904,78.3843227766265
9905,78.29094657506492
9906,78.19762884282078
9907,78.10436966909087
9908,78.01116914278258
9909,77.91802735251358
9910,77.82494438660538
9911,77.73192033308578
9912,77.63895527968313
9913,77.54604931384365
9914,77.45320252271611
9915,77.36041499315381
9916,77.2676868117144
9917,77.17501806465975
9918,77.08240883796734
9919,76.98985921731457
9920,76.89736928808404
9921,76.80493913536311
9922,76.71256884393938
9923,76.62025849831925
9924,76.52800818270654
9925,76.43581798101062
9926,76.34368797684527
9927,76.2516182535221
9928,76.15960889407303
9929,76.06765998122633
9930,75.97577159741547
9931,75.88394382477735
9932,75.7921767451469
9933,75.70047044007812
9934,75.60882499082214
9935,75.51724047833353
9936,75.42571698327107
9937,75.33425458599041
9938,75.24285336656644
9939,75.15151340477058
9940,75.0602347800774
9941,74.96901757166508
9942,74.87786185840922
9943,74.78676771890387
9944,74.69573523143849
9945,74.60476447400677
9946,74.51385552430416
9947,74.42300845972566
9948,74.33222335738267
9949,74.24150029408223
9950,74.15083934633562
9951,74.06024059035398
9952,73.96970410205253
9953,73.87922995705739
9954,73.78881823069324
9955,73.69846899798719
9956,73.60818233366588
9957,73.51795831216354
9958,73.42779700762149
9959,73.3376984938806
9960,73.24766284448424
9961,73.15769013267374
9962,73.06778043140245
9963,72.9779338133265
9964,72.88815035080214
9965,72.7984301158893
9966,72.70877318034289
9967,72.61917961563674
9968,72.52964949294105
9969,72.44018288312832
9970,72.35077985677286
9971,72.26144048414918
9972,72.17216483524685
9973,72.08295297975162
9974,71.99380498705325
9975,71.90472092623942
9976,71.81570086610745
9977,71.72674487516124
9978,71.63785302160373
9979,71.54902537334213
9980,71.46026199797888
9981,71.37156296283523
9982,71.28292833492951
9983,71.19435818098363
9984,71.1058525674201
9985,71.01741156036438
9986,70.92903522565624
9987,70.84072362883245
9988,70.75247683513456
9989,70.66429490950027
9990,70.57617791658346
9991,70.48812592074056
9992,70.40013898603004
9993,70.31221717621386
9994,70.22436055475629
9995,70.13656918482442
9996,70.0488431293014
9997,69.96118245076838
9998,69.8735872115106
9999,69.78605747351898
