,0
0,8.29164493359416e-11
1,8.750328830198376e-11
2,9.231630422256376e-11
3,9.736526395115596e-11
4,1.026602875971335e-10
5,1.0821185853917391e-10
6,1.1403083364516902e-10
7,1.201284537014608e-10
8,1.265163540542067e-10
9,1.3320657546530602e-10
10,1.4021157518598883e-10
11,1.47544238250249e-10
12,1.5521788899127386e-10
13,1.632463027832967e-10
14,1.7164371801143593e-10
15,1.8042484827233478e-10
16,1.8960489480808796e-10
17,1.9919955917605477e-10
18,2.092475709100762e-10
19,2.197562662891053e-10
20,2.3073326047304542e-10
21,2.421965719573363e-10
22,2.5416479285907613e-10
23,2.6665710319644193e-10
24,2.796932854236507e-10
25,2.932937392227248e-10
26,3.0747949655530105e-10
27,3.222833642084867e-10
28,3.377992857168149e-10
29,3.540452567032291e-10
30,3.710546161769911e-10
31,3.887449048254229e-10
32,4.0713936194234384e-10
33,4.2626196674191566e-10
34,4.4627151568040975e-10
35,4.671850332035226e-10
36,4.889216266011278e-10
37,5.115327571433713e-10
38,5.349907230710971e-10
39,5.595983688255136e-10
40,5.852303493727877e-10
41,6.11818350327038e-10
42,6.393912040091856e-10
43,6.681298177351449e-10
44,6.982008796020656e-10
45,7.293809762638832e-10
46,7.617035435977835e-10
47,7.952029077738836e-10
48,8.303326423530446e-10
49,8.66801519782171e-10
50,9.04592349548252e-10
51,9.437466544962243e-10
52,9.844533611017586e-10
53,1.0270040910703836e-09
54,1.0710754201722505e-09
55,1.1167129213029523e-09
56,1.163963442928816e-09
57,1.2132553590704227e-09
58,1.2645138354051833e-09
59,1.3175760025139951e-09
60,1.3725341766435672e-09
61,1.4293739532808756e-09
62,1.488946428781584e-09
63,1.5505201159520097e-09
64,1.6141494426615076e-09
65,1.6798902268628078e-09
66,1.748638159693892e-09
67,1.8197990645331262e-09
68,1.8933147429554497e-09
69,1.9692494001178764e-09
70,2.0482763023654854e-09
71,2.130723965883975e-09
72,2.215534568276724e-09
73,2.3031028866170603e-09
74,2.394784665806684e-09
75,2.4890956683778678e-09
76,2.586082774652889e-09
77,2.6877974831505913e-09
78,2.7925605173671267e-09
79,2.9002997017131737e-09
80,3.0125206578066536e-09
81,3.128768425786133e-09
82,3.2483213691300652e-09
83,3.3719316623448915e-09
84,3.501046626911366e-09
85,3.6335664320009788e-09
86,3.770134148319423e-09
87,3.9128657007979615e-09
88,4.0593565702365325e-09
89,4.210000790636141e-09
90,4.367640399148834e-09
91,4.529427296516534e-09
92,4.695416334873832e-09
93,4.869289242329375e-09
94,5.047806073378204e-09
95,5.2309581080098005e-09
96,5.42203342622796e-09
97,5.6190641425343785e-09
98,5.820841453356572e-09
99,6.031290774854925e-09
100,6.247942824249733e-09
101,6.469829012512394e-09
102,6.701228361490936e-09
103,6.939293273563655e-09
104,7.183125576658625e-09
105,7.4371496595036414e-09
106,7.698560968563663e-09
107,7.966321926309014e-09
108,8.244748525514963e-09
109,8.532005770327693e-09
110,8.825600800438865e-09
111,9.1316394845909e-09
112,9.445949564408011e-09
113,9.767206271106486e-09
114,1.0103061208530547e-08
115,1.0446778871193485e-08
116,1.0798719585379015e-08
117,1.1166118789194037e-08
118,1.1541781184426565e-08
119,1.1927127933978238e-08
120,1.2328426683513425e-08
121,1.27387646017005e-08
122,1.3160071220797883e-08
123,1.3598137347877379e-08
124,1.4046086920840768e-08
125,1.4506056782304976e-08
126,1.4984403557570263e-08
127,1.5473069504213932e-08
128,1.597557298566021e-08
129,1.6496622764375966e-08
130,1.7028912528192228e-08
131,1.757715079568791e-08
132,1.8144390418272488e-08
133,1.8723869647081454e-08
134,1.932123020731503e-08
135,1.9938398939489744e-08
136,2.0568891185681903e-08
137,2.1218955573908664e-08
138,2.1891179386417342e-08
139,2.2576341189634348e-08
140,2.3285922349103877e-08
141,2.4014775947738274e-08
142,2.4757657602341185e-08
143,2.5531160353661098e-08
144,2.6321078685307044e-08
145,2.7128981595441777e-08
146,2.7968289283455518e-08
147,2.882402445934881e-08
148,2.9702989919367014e-08
149,3.061182963724514e-08
150,3.1538469626128966e-08
151,3.249354977135856e-08
152,3.347725053217966e-08
153,3.448023859168272e-08
154,3.5516760650457216e-08
155,3.6581019233844917e-08
156,3.7666816089764e-08
157,3.879584332629145e-08
158,3.994621939546844e-08
159,4.112782089727248e-08
160,4.234602028833161e-08
161,4.358218127635043e-08
162,4.487157725479957e-08
163,4.617934401636822e-08
164,4.752843997021225e-08
165,4.8912495515145696e-08
166,5.032235437807795e-08
167,5.178642408820229e-08
168,5.327180846911264e-08
169,5.4807220532724305e-08
170,5.637827302297631e-08
171,5.798118637051324e-08
172,5.964201305946347e-08
173,6.13275485813371e-08
174,6.306970072818778e-08
175,6.485127460740078e-08
176,6.666823407706621e-08
177,6.855036325221863e-08
178,7.046109524805426e-08
179,7.243211026035868e-08
180,7.445032313960368e-08
181,7.650405318297917e-08
182,7.863470646490647e-08
183,8.079840917260902e-08
184,8.30222088675789e-08
185,8.530875656129037e-08
186,8.762792775302111e-08
187,9.003891757836383e-08
188,9.248235183887533e-08
189,9.499793640666166e-08
190,9.75741047319771e-08
191,1.0019515711686779e-07
192,1.0291010205770982e-07
193,1.0566229549752552e-07
194,1.085002133064237e-07
195,1.1140032831230157e-07
196,1.1435462880831013e-07
197,1.1740928549976911e-07
198,1.2050667388140341e-07
199,1.2369992006197058e-07
200,1.269695338254355e-07
201,1.303050492928609e-07
202,1.3374005195412012e-07
203,1.372229571499577e-07
204,1.4083088155455063e-07
205,1.44468151338808e-07
206,1.4825510348129638e-07
207,1.5207595900753804e-07
208,1.560262370223725e-07
209,1.6003895238355902e-07
210,1.6415825094475478e-07
211,1.6837140797760396e-07
212,1.726655747201658e-07
213,1.7708807147362143e-07
214,1.8156310991944608e-07
215,1.8620416926669438e-07
216,1.9088851853170477e-07
217,1.957354201936233e-07
218,2.0065164938505013e-07
219,2.0569804744378778e-07
220,2.108562507762815e-07
221,2.161087906406083e-07
222,2.2151942025852107e-07
223,2.269849181228795e-07
224,2.3265879342208407e-07
225,2.3839038133791968e-07
226,2.442925564991219e-07
227,2.5031082475988617e-07
228,2.5646355225101263e-07
229,2.627650549122278e-07
230,2.6918105532160607e-07
231,2.7577227967426744e-07
232,2.824604985929552e-07
233,2.8935394067823287e-07
234,2.9632355294385375e-07
235,3.035321649696163e-07
236,3.107925787740993e-07
237,3.18329781249706e-07
238,3.259129674286836e-07
239,3.3377033634859054e-07
240,3.4170083797198943e-07
241,3.498781119329039e-07
242,3.581705971046836e-07
243,3.6667814145066973e-07
244,3.753477931111822e-07
245,3.8419622731477273e-07
246,3.9325875628558807e-07
247,4.0245895832632214e-07
248,4.1193061654795606e-07
249,4.214937273389745e-07
250,4.31391321302499e-07
251,4.4136436276014624e-07
252,4.516696535389558e-07
253,4.6210641875517887e-07
254,4.728586532435183e-07
255,4.837210340653285e-07
256,4.949358319942462e-07
257,5.062421279811121e-07
258,5.179419655246587e-07
259,5.297018607159773e-07
260,5.419035910092282e-07
261,5.541353742522476e-07
262,5.668562959155341e-07
263,5.79599602820099e-07
264,5.928580640149858e-07
265,6.061614725139996e-07
266,6.199229520389784e-07
267,6.33806758470989e-07
268,6.480900745487219e-07
269,6.625751682420437e-07
270,6.773998273231623e-07
271,6.925077045225556e-07
272,7.078939229386073e-07
273,7.23646700999859e-07
274,7.396154271345977e-07
275,7.560358589984967e-07
276,7.726087959779545e-07
277,7.89720284931507e-07
278,8.069199138421401e-07
279,8.247465285729276e-07
280,8.426045131266691e-07
281,8.611626221672894e-07
282,8.797617839121048e-07
283,8.990181203917763e-07
284,9.183839499599951e-07
285,9.383641411865799e-07
286,9.585228428461009e-07
287,9.792534074697278e-07
288,1.00023191543856e-06
289,1.02174028975282e-06
290,1.0435662848362211e-06
291,1.0658949149097134e-06
292,1.0886218075993942e-06
293,1.1117561897218797e-06
294,1.135413737046853e-06
295,1.1593840145916736e-06
296,1.184002717125094e-06
297,1.2088401497293598e-06
298,1.234451264345498e-06
299,1.2601882607664473e-06
300,1.2868238135211446e-06
301,1.313506237347888e-06
302,1.341186764180974e-06
303,1.3689282948419254e-06
304,1.3976085276615142e-06
305,1.426442827838776e-06
306,1.4561595748790049e-06
307,1.4861211172375988e-06
308,1.5169124847853406e-06
309,1.5480365653740534e-06
310,1.5799747443273219e-06
311,1.6123465848611257e-06
312,1.6453818007733875e-06
313,1.6790414009854116e-06
314,1.713213165571379e-06
315,1.7482014910328675e-06
316,1.783550752508141e-06
317,1.819909750404384e-06
318,1.8564789350672538e-06
319,1.8942515501224905e-06
320,1.9320906343408285e-06
321,1.971314795151355e-06
322,2.0106140197798497e-06
323,2.0511899835294995e-06
324,2.091994415878583e-06
325,2.134025288610808e-06
326,2.1764514766613015e-06
327,2.2198430710144e-06
328,2.2639414439529584e-06
329,2.308742519920151e-06
330,2.354564656939558e-06
331,2.4008257756390783e-06
332,2.4484244231825414e-06
333,2.496197996369425e-06
334,2.545627085529901e-06
335,2.595143155962181e-06
336,2.6462820898369017e-06
337,2.69768705325267e-06
338,2.7505020534973285e-06
339,2.8038523622334577e-06
340,2.8585180963346676e-06
341,2.914060555581483e-06
342,2.970248815194018e-06
343,3.028054243900245e-06
344,3.0859613938743517e-06
345,3.1459550642374603e-06
346,3.2062018054917526e-06
347,3.2678883794723843e-06
348,3.330549074899164e-06
349,3.3939833717995033e-06
350,3.4591341350041834e-06
351,3.5243995451943606e-06
352,3.5920918605882017e-06
353,3.6599297494625847e-06
354,3.7296296757214023e-06
355,3.800218643202317e-06
356,3.871758971010117e-06
357,3.945185867656837e-06
358,4.018741974950137e-06
359,4.094978821956352e-06
360,4.171466871059396e-06
361,4.249749367816665e-06
362,4.329260423936314e-06
363,4.4096539384425754e-06
364,4.4922811448004575e-06
365,4.575053751755356e-06
366,4.660692258541548e-06
367,4.746681919903878e-06
368,4.834661815926249e-06
369,4.9239660979134885e-06
370,5.014362807330104e-06
371,5.107081454126702e-06
372,5.199973277997289e-06
373,5.296208244403819e-06
374,5.392612557227014e-06
375,5.491531929189961e-06
376,5.591563131056373e-06
377,5.693243292115643e-06
378,5.797008045480569e-06
379,5.90153856013329e-06
380,6.009145841746987e-06
381,6.116942481844054e-06
382,6.2281806599225995e-06
383,6.339938110802787e-06
384,6.454322362452256e-06
385,6.570154531391502e-06
386,6.68778665921591e-06
387,6.8078098743475074e-06
388,6.928795234016891e-06
389,7.053128278965712e-06
390,7.177680115022638e-06
391,7.306340021633503e-06
392,7.435330759269263e-06
393,7.567681645828302e-06
394,7.701235303090968e-06
395,7.837396093629734e-06
396,7.97563925459389e-06
397,8.115732838800197e-06
398,8.258794689516088e-06
399,8.402948021426012e-06
400,8.55096038615966e-06
401,8.699304584117718e-06
402,8.852401961884751e-06
403,9.00576874786921e-06
404,9.163438937131473e-06
405,9.322092355900164e-06
406,9.484287600912999e-06
407,9.648370856605848e-06
408,9.815234972344211e-06
409,9.984894123143654e-06
410,1.0156726941320796e-05
411,1.0332561178933188e-05
412,1.0508704835219427e-05
413,1.0690879850496328e-05
414,1.0873385565033035e-05
415,1.1060159095996642e-05
416,1.1249206627610667e-05
417,1.1440716430344815e-05
418,1.1636489240437625e-05
419,1.1832878112655707e-05
420,1.2035563414242895e-05
421,1.2238605384797627e-05
422,1.244676814278788e-05
423,1.2656926118985188e-05
424,1.2870451594699643e-05
425,1.3087920784072543e-05
426,1.3306971307340883e-05
427,1.3531950824930244e-05
428,1.375732624301351e-05
429,1.3989387301484569e-05
430,1.422248969416112e-05
431,1.4460683588754803e-05
432,1.4701832302569596e-05
433,1.4946102585971407e-05
434,1.519552087883218e-05
435,1.544610546882717e-05
436,1.5704785420600415e-05
437,1.5963920576117065e-05
438,1.6228648209643464e-05
439,1.6497329398760555e-05
440,1.6767512410447373e-05
441,1.70460133000047e-05
442,1.7325004272559006e-05
443,1.761039269268577e-05
444,1.789950046748278e-05
445,1.8190899924899872e-05
446,1.8490410071220074e-05
447,1.8790447270896106e-05
448,1.909868848017379e-05
449,1.9410118251820264e-05
450,1.9723596940923386e-05
451,2.0046755223840145e-05
452,2.0370482174154553e-05
453,2.0700805091582687e-05
454,2.10366249183196e-05
455,2.1373035693194646e-05
456,2.1720991575369155e-05
457,2.2069868147244236e-05
458,2.2424281851311954e-05
459,2.278652282797834e-05
460,2.3149401246544086e-05
461,2.3522110657657492e-05
462,2.3898780058330827e-05
463,2.4277101425335844e-05
464,2.4667973882962605e-05
465,2.5059534165807664e-05
466,2.5457475156331304e-05
467,2.5863685460183568e-05
468,2.6270610579529862e-05
469,2.668977437435936e-05
470,2.7112681644165043e-05
471,2.7536407264716826e-05
472,2.7975786438066656e-05
473,2.8415938794750615e-05
474,2.8860408501959244e-05
475,2.9317563315697593e-05
476,2.9775522592874247e-05
477,3.024171601304243e-05
478,3.0717221250092965e-05
479,3.119356324214121e-05
480,3.168249759972766e-05
481,3.217694222990134e-05
482,3.267225694305218e-05
483,3.318498804720545e-05
484,3.369897548113217e-05
485,3.421828058590605e-05
486,3.475149063316393e-05
487,3.528563897957881e-05
488,3.583041115790712e-05
489,3.6384378657935894e-05
490,3.693932098437133e-05
491,3.7510724891477856e-05
492,3.808609699594998e-05
493,3.8665334498517626e-05
494,3.92617243447517e-05
495,3.985916366873215e-05
496,4.046689108753116e-05
497,4.108598654701245e-05
498,4.170617143970065e-05
499,4.2343670401233365e-05
500,4.298616461191745e-05
501,4.363295562885218e-05
502,4.429838701523126e-05
503,4.496498937295066e-05
504,4.5643612757534725e-05
505,4.633383460168786e-05
506,4.702527104137748e-05
507,4.773713385008239e-05
508,4.8452887606274e-05
509,4.917571803193491e-05
510,4.9916458742778696e-05
511,5.065850294808178e-05
512,5.141685164984974e-05
513,5.2184611176357544e-05
514,5.295495699662887e-05
515,5.374913000760888e-05
516,5.4544700538788543e-05
517,5.535298809999062e-05
518,5.617573196749161e-05
519,5.6999923631818985e-05
520,5.784893604038054e-05
521,5.870237678702421e-05
522,5.956252856995358e-05
523,6.044600782100781e-05
524,6.133104174598857e-05
525,6.223180946018854e-05
526,6.314774043084158e-05
527,6.406528318126811e-05
528,6.500845214254019e-05
529,6.595776847221312e-05
530,6.691424345393673e-05
531,6.789617075757484e-05
532,6.887982597586652e-05
533,6.988160253991575e-05
534,7.089878041321216e-05
535,7.191774823219193e-05
536,7.297019754410815e-05
537,7.402735168736212e-05
538,7.508636612322515e-05
539,7.618257382086886e-05
540,7.72809370185858e-05
541,7.838433231786482e-05
542,7.952316131586276e-05
543,8.066399433111077e-05
544,8.181400962454366e-05
545,8.299652073969221e-05
546,8.418111274025726e-05
547,8.537983732781709e-05
548,8.660734624697953e-05
549,8.783701523496022e-05
550,8.90866165129196e-05
551,9.036046813957437e-05
552,9.16365613850982e-05
553,9.293928670390167e-05
554,9.426085559531302e-05
555,9.558475007447479e-05
556,9.694292861381942e-05
557,9.831361942246013e-05
558,9.968672225952254e-05
559,0.00010110276692059805
560,0.0001025240148398937
561,0.00010395348984101873
562,0.00010542417306868356
563,0.00010689744428313005
564,0.00010838855795986705
565,0.00010991266809655274
566,0.00011143946023625566
567,0.0001129948615965425
568,0.0001145739254901775
569,0.00011615576808988397
570,0.00011777819725268376
571,0.00011941377406252978
572,0.0001210538126967049
573,0.00012274451919525047
574,0.00012443820085924955
575,0.00012614961076587515
576,0.00012789994238384566
577,0.00012965335409059606
578,0.00013143913268510968
579,0.00013325074542435458
580,0.00013506554608979932
581,0.00013693077420577315
582,0.00013880769997317156
583,0.00014068971414243363
584,0.00014263041032795738
585,0.0001445745215899986
586,0.0001465353270294822
587,0.0001485450009847525
588,0.00015055821139787885
589,0.00015260109375010237
590,0.00015468169759174735
591,0.00015676596270775798
592,0.00015889431857872994
593,0.00016104784696109817
594,0.0001632051649443667
595,0.00016542250443316085
596,0.00016765099527699478
597,0.00016989187162981791
598,0.0001721933569009141
599,0.00017449889213512907
600,0.0001768342710512164
601,0.00017921478833107256
602,0.00018159949464799125
603,0.00018403320429583085
604,0.00018649492199353208
605,0.00018896097161802357
606,0.0001914969635484894
607,0.0001940420963076816
608,0.00019660787149960703
609,0.00019923405964701157
610,0.0002018648691426021
611,0.0002045405226605668
612,0.00020725704424425165
613,0.00020997834613737063
614,0.0002127632594600442
615,0.0002155725542837898
616,0.0002183867926715786
617,0.00022128538750391705
618,0.00022418994466330132
619,0.0002271193676443059
620,0.0002301164522329552
621,0.00023311881084241915
622,0.0002361689436742952
623,0.0002392662432323231
624,0.00024236899316110373
625,0.00024554464733175563
626,0.00024874479858929936
627,0.00025195683246120095
628,0.00025525671744964975
629,0.00025856240930178875
630,0.0002619076722703025
631,0.00026531564946659304
632,0.00026872962373821114
633,0.0002722176725973266
634,0.00027574284529132656
635,0.0002792742212915016
636,0.0002828967306176226
637,0.0002865422364135313
638,0.00029019415726775293
639,0.00029395655884661964
640,0.00029772559788321677
641,0.00030152228151143713
642,0.000305423142915171
643,0.00030933086873069575
644,0.0003132532508718416
645,0.00031729653756755195
646,0.00032134693930317877
647,0.00032540446859915417
648,0.00032959002408741364
649,0.00033378717777789787
650,0.0003379917172705516
651,0.0003423172542404709
652,0.0003466653242800762
653,0.00035102104569182063
654,0.00035549225793811044
655,0.00035999549856541573
656,0.0003645066636210801
657,0.0003691294510124326
658,0.00037379220781764413
659,0.00037846316975443647
660,0.00038324364310762175
661,0.0003880703545628696
662,0.0003929055596633677
663,0.00039785004568979087
664,0.0004028452447027256
665,0.0004078492338512075
666,0.00041296428017731135
667,0.0004181325956683918
668,0.0004233100059309
669,0.00042860238619381747
670,0.00043394854469759733
671,0.0004393041109260388
672,0.000444790956053173
673,0.00045033377645634385
674,0.00045588635065331337
675,0.0004615344149998623
676,0.0004672794373161797
677,0.0004730345692442814
678,0.00047885062748540864
679,0.00048480350226899393
680,0.0004907668524257146
681,0.0004967579552960604
682,0.0005029244450313781
683,0.0005091017860415142
684,0.0005152899974215984
685,0.0005216612472631763
686,0.0005280584652789769
687,0.0005344669405858392
688,0.0005410334078355402
689,0.0005476565039475334
690,0.0005542912548319115
691,0.0005610609521518662
692,0.0005679160438104872
693,0.0005747831984877872
694,0.0005817644415214224
695,0.0005888577639696891
696,0.0005959635686551785
697,0.0006031649825856446
698,0.0006105028903028733
699,0.0006178537106579418
700,0.0006252842367967225
701,0.0006328732049535282
702,0.0006404755275432461
703,0.0006481444299485659
704,0.0006559910558731928
705,0.000663851489635222
706,0.0006717683617598646
707,0.0006798793664159746
708,0.0006880046441409564
709,0.0006961794155091608
710,0.0007045616449852338
711,0.0007129586248088122
712,0.0007214015677219505
713,0.0007300619947323786
714,0.0007387376616389335
715,0.000747459397909645
716,0.0007564051233076626
717,0.000765366590645906
718,0.0007743780983604256
719,0.0007836163526629656
720,0.0007928708636734783
721,0.000802183483981884
722,0.0008117216289065324
723,0.0008212765582614223
724,0.0008309020021956085
725,0.000840747532209718
726,0.0008506103875644623
727,0.0008605607428835633
728,0.0008707212867656878
729,0.0008808997103233132
730,0.0008911874483864279
731,0.0009016707708001773
732,0.000912172540887887
733,0.0009228105235538965
734,0.000933624526634364
735,0.0009444575592927512
736,0.000955475951293742
737,0.0009666605351943008
738,0.0009778648007896771
739,0.0009891946850218614
740,0.0010007596647355391
741,0.0010123449955325185
742,0.0010239985483596213
743,0.0010359539317055628
744,0.0010479303531341954
745,0.001059927849666492
746,0.0010722761833322043
747,0.0010846539167916449
748,0.0010970534315498045
749,0.0011097601130183553
750,0.0011225495787021349
751,0.0011353615502162546
752,0.0011484402759126655
753,0.0011616520956670604
754,0.0011748871644748327
755,0.0011883736430449163
756,0.0012020565223797173
757,0.0012157634796987871
758,0.0012295556342788849
759,0.0012437226282943936
760,0.0012579145521983137
761,0.0012721314498600688
762,0.0012867023245219087
763,0.001301411469344175
764,0.0013161464980859727
765,0.0013310031619025635
766,0.0013462435865285545
767,0.001361510829975398
768,0.0013768049394364947
769,0.0013924516418024394
770,0.0014082654450976633
771,0.0014241070761969684
772,0.0014400775220053388
773,0.001456452494748854
774,0.0014728562827950036
775,0.0014892889368504213
776,0.00150611530243267
777,0.00152309615061714
778,0.0015401068802725006
779,0.001557298384410859
780,0.0015748714667913981
781,0.0015924754728064555
782,0.0016101104568727177
783,0.0016282282348294226
784,0.0016464409923186269
785,0.0016646857990883467
786,0.0016832136953377702
787,0.0017020509568055045
788,0.0017209213665029725
789,0.001739876346798467
790,0.001759354145198005
791,0.001778866218989906
792,0.0017984126284889812
793,0.001818400618235538
794,0.0018385707013194954
795,0.0018587762780196066
796,0.0018792417394102167
797,0.0019000864641278024
798,0.0019209678696386885
799,0.0019419301959815141
800,0.001963466484956136
801,0.0019850406716801824
802,0.002006652822842764
803,0.0020287650893618353
804,0.0020510493036626242
805,0.002073372731848222
806,0.0020960379721008107
807,0.0021190497574972646
808,0.002142102037096377
809,0.0021653422183825523
810,0.002189099418768997
811,0.0022128984250760955
812,0.0022367393108702065
813,0.002261257088090689
814,0.0022858210005561796
815,0.002310428138525548
816,0.0023355830025316906
817,0.0023609303080405785
818,0.0023863222176018356
819,0.002412138857121407
820,0.002438288353298891
821,0.002464483865155673
822,0.0024909878264286734
823,0.0025179586249731633
824,0.002544976884454996
825,0.0025721945862181438
826,0.002600006116261941
827,0.002627866586690828
828,0.002655825335184431
829,0.0026844973466825348
830,0.002713219812767741
831,0.0027419928222255367
832,0.00277150038391264
833,0.0028011049551738693
834,0.0028307616220612486
835,0.002861084865712454
836,0.0028915919799320914
837,0.002922152777996074
838,0.00295333526706426
839,0.002984783889341123
840,0.003016287852247964
841,0.003048307444140387
842,0.0030807193643352807
843,0.003113188320289702
844,0.0031460766401663026
845,0.0031794739998781785
846,0.0032129301294419855
847,0.0032467198093259256
848,0.0032811251055798914
849,0.003315590945366507
850,0.003350315640136231
851,0.00338575172909673
852,0.0034212501754908894
853,0.003456944578899392
854,0.0034934346796120425
855,0.00352998899251822
856,0.0035666888532405855
857,0.003604256551403096
858,0.0036418903580230514
859,0.003679632495732487
860,0.0037183017474949837
861,0.0037570390461348054
862,0.003795861367607434
863,0.0038356565034023907
864,0.0038755216673091166
865,0.003915464091282519
866,0.003956547614356571
867,0.003997703432736229
868,0.004038931673640299
869,0.004080873152933214
870,0.00412335084235232
871,0.004165903280411477
872,0.004208729039629077
873,0.004252560331098304
874,0.00429646875316069
875,0.004340454441543744
876,0.004385430725777825
877,0.00443072743921769
878,0.004476103861974574
879,0.004522063280738062
880,0.004568781118643088
881,0.004615581166638288
882,0.004662561713579052
883,0.004710734039976625
884,0.004758991135948645
885,0.004807333150664989
886,0.004856692956043258
887,0.004906441059879534
888,0.004956276706207997
889,0.005006767159818269
890,0.005058040773870155
891,0.005109404614876311
892,0.005161068520353068
893,0.00521390269479148
894,0.005266829842324461
895,0.005319850126557699
896,0.005374162342322462
897,0.005428711398140594
898,0.005483356444754002
899,0.0055389056464324495
900,0.00559511520679
901,0.005651423679956167
902,0.005708252340050865
903,0.005766161680035672
904,0.005824172923955266
905,0.005882324994897267
906,0.005941974076698701
907,0.006001728123883084
908,0.006061587321159035
909,0.006122783509192516
910,0.0061844577970734255
911,0.006246240614120508
912,0.006308508727455226
913,0.0063721489567464306
914,0.006435901174698525
915,0.006499765578379037
916,0.00656493707757522
917,0.006630705209165137
918,0.006696589073914911
919,0.006762961026441739
920,0.006830792322988207
921,0.00689874298327473
922,0.006966813217346792
923,0.007036305570342555
924,0.007106371107542521
925,0.007176559940106359
926,0.007247391503634249
927,0.007319620753110286
928,0.00739197710546469
929,0.007464460784361601
930,0.007538651938816702
931,0.0076132361901089345
932,0.007687951688408227
933,0.007763600953533445
934,0.007840463502533316
935,0.007917461307692098
936,0.007994626642405309
937,0.008073818652537168
938,0.008153150018012699
939,0.008232620984056783
940,0.008313464963627077
941,0.008395181915938731
942,0.008477042666768738
943,0.008559569521035326
944,0.008643724866886856
945,0.008728028302131131
946,0.008812480087362379
947,0.008898950553194233
948,0.008985750361233035
949,0.009072702912159948
950,0.009161034522201053
951,0.009250385187422603
952,0.009339893084310208
953,0.009430197552692934
954,0.009522301846520686
955,0.0096145682176121
956,0.009706996951175962
957,0.009801388319141796
958,0.009896481230897236
959,0.009991741479026903
960,0.01008782683972953
961,0.010185816147088704
962,0.010283977887648453
963,0.010382312364840973
964,0.010482760545206426
965,0.010583895650099819
966,0.010685208723895084
967,0.010787505513969517
968,0.010891687861867966
969,0.010996053540942562
970,0.01110060287380274
971,0.011207551188686953
972,0.011315045616539003
973,0.011422729203877517
974,0.011531685794794107
975,0.01164238738725921
976,0.011753283782900926
977,0.011864375324516065
978,0.011978279355379874
979,0.012092463874939908
980,0.012206849326628485
981,0.01232293482162768
982,0.012440478975600395
983,0.012558229973694589
984,0.012676581193912297
985,0.01279755753514431
986,0.012918746760162804
987,0.013040149243581132
988,0.013163933111863188
989,0.013288634297937056
990,0.013413554922454548
991,0.013539844434240497
992,0.013668132378614119
993,0.013796646073096651
994,0.013925539544121748
995,0.01405757155149025
996,0.014189835897443999
997,0.01432233299083109
998,0.01445707161796982
999,0.01459318662562636
1000,0.014729541156775525
1001,0.014866866636820266
1002,0.015006936410277748
1003,0.01514725266648027
1004,0.015287815839165468
1005,0.015431325740142218
1006,0.015575712472933862
1007,0.015720353285078183
1008,0.015866596851423737
1009,0.016015167685033502
1010,0.016163999960811793
1011,0.016313094138820393
1012,0.016465866867339425
1013,0.016619009773457545
1014,0.016772422167277198
1015,0.01692805914105682
1016,0.017085637708017982
1017,0.017243493568169527
1018,0.0174019930326506
1019,0.017564138745350587
1020,0.017726569788105266
1021,0.017889286663012087
1022,0.018054759448824922
1023,0.01822189359928961
1024,0.018389321858024485
1025,0.018557759373432937
1026,0.018729696873604283
1027,0.018901936934560756
1028,0.019074480088720785
1029,0.019250294028572375
1030,0.01942744783165303
1031,0.019604913374710795
1032,0.019784006300816084
1033,0.01996617732719437
1034,0.020148668922420187
1035,0.020331481650600825
1036,0.02051845512545925
1037,0.02070607800028892
1038,0.020894031037649804
1039,0.021084617945651845
1040,0.021277478912270418
1041,0.021470679258955107
1042,0.02166500961153495
1043,0.021863217087872665
1044,0.022061773352595463
1045,0.022260679019468654
1046,0.022463645173343934
1047,0.022667667594846706
1048,0.022872049037362903
1049,0.02307928999100657
1050,0.023289212256713588
1051,0.023499503925462264
1052,0.02371016564729361
1053,0.023926140418472578
1054,0.024142579932924138
1055,0.024359400318897623
1056,0.02457859936273932
1057,0.024801313832871576
1058,0.02502442021664163
1059,0.025247919203702483
1060,0.02547610501241007
1061,0.02570562641096799
1062,0.02593555170139592
1063,0.026167453600416755
1064,0.02640385204751676
1065,0.02664066648811235
1066,0.02687789765422998
1067,0.027118690370133047
1068,0.027362546191985707
1069,0.027606831130163836
1070,0.02785154593978611
1071,0.028101607869260352
1072,0.028353101445579964
1073,0.028605037578470632
1074,0.028858278416140803
1075,0.029117137890590304
1076,0.02937645288346965
1077,0.02963622419635748
1078,0.029899379766740886
1079,0.03016623358141834
1080,0.03043355698225836
1081,0.030701350795594554
1082,0.030974831583758723
1083,0.03124986977247566
1084,0.03152539194949196
1085,0.03180270913433559
1086,0.03208562729501421
1087,0.032369043310471364
1088,0.032652958056784996
1089,0.03294130478687008
1090,0.03323278263189872
1091,0.03352477339427941
1092,0.033817388144306
1093,0.03411709835450679
1094,0.034417335968648204
1095,0.034718101914805996
1096,0.03502248975816546
1097,0.03533114763711942
1098,0.03564034866532695
1099,0.03595009379857086
1100,0.036266721277750234
1101,0.03658453371683328
1102,0.036902905414551206
1103,0.037224580943971526
1104,0.03755118376236135
1105,0.03787836130791681
1106,0.038206114591988485
1107,0.03854091418246486
1108,0.03887716732766487
1109,0.039214012181816874
1110,0.039554107807075814
1111,0.03989961944930647
1112,0.04024573909277096
1113,0.04059246780737231
1114,0.04094628917223057
1115,0.041301869260877554
1116,0.04165807506831291
1117,0.042017777876760254
1118,0.0423830548347666
1119,0.042748974575250835
1120,0.04311553822932041
1121,0.043490012236370765
1122,0.043866097045966154
1123,0.044242843656732325
1124,0.044622865122175524
1125,0.04500933243674889
1126,0.045396479822702056
1127,0.045784308476760016
1128,0.046179289973481086
1129,0.046577060493089135
1130,0.046975530974447205
1131,0.047376589931538066
1132,0.04778521069923574
1133,0.04819455052198389
1134,0.04860461066510697
1135,0.04902156667153241
1136,0.04944200835092351
1137,0.049863189886747566
1138,0.050286775744643714
1139,0.050718557056695625
1140,0.051151098179654776
1141,0.05158440045056379
1142,0.0520248604958192
1143,0.052469004955814
1144,0.05291393098227559
1145,0.05336159364657901
1146,0.05381759106270111
1147,0.05427439090306359
1148,0.054731994579695825
1149,0.05519754863198362
1150,0.05566647856999809
1151,0.05613623368974386
1152,0.05660958087988358
1153,0.05709090380589817
1154,0.05757307372171594
1155,0.058056092117788324
1156,0.05854838768097532
1157,0.05904324278549536
1158,0.05953896869252954
1159,0.06003966222888066
1160,0.0605474804202164
1161,0.06105619222534519
1162,0.06156579921676279
1163,0.06208653728027213
1164,0.06260852140585028
1165,0.06313142407315682
1166,0.0636611747300902
1167,0.0641967262063528
1168,0.06473322009895041
1169,0.06527216432679446
1170,0.06582158742777564
1171,0.0663719773551317
1172,0.06692333581019062
1173,0.06748389611570105
1174,0.0680484968559588
1175,0.06861409113083115
1176,0.06918445281544859
1177,0.06976358990504881
1178,0.07034374610902433
1179,0.07092492322071423
1180,0.07151807724250854
1181,0.07211313314519494
1182,0.0727092361747448
1183,0.07331278795605382
1184,0.07392309397518709
1185,0.07453447395696572
1186,0.07514855809684813
1187,0.07577447840552425
1188,0.0764015001534657
1189,0.07702962527887869
1190,0.07766814269567654
1191,0.07831118604926272
1192,0.07895536097369744
1193,0.07960494749545245
1194,0.08026440872258077
1195,0.08092503041125021
1196,0.0815868146035282
1197,0.08226204860091844
1198,0.08293953206250379
1199,0.0836182076995231
1200,0.08430498633384184
1201,0.08499976641530894
1202,0.08569576910923905
1203,0.08639409879633413
1204,0.08710663221941811
1205,0.08782041949569051
1206,0.08853546283156005
1207,0.08926102166148632
1208,0.08999307528024685
1209,0.09072641710206142
1210,0.09146381416752682
1211,0.09221464277337851
1212,0.09296679262080679
1213,0.09372026603480353
1214,0.09448601059558573
1215,0.09525750797968983
1216,0.0960303629764047
1217,0.09680819397693922
1218,0.09760031694057579
1219,0.0983938338118494
1220,0.09918874704362236
1221,0.09999423967461597
1222,0.10080884229063737
1223,0.10162487837193973
1224,0.10244235044099494
1225,0.10327652994898007
1226,0.1041141225808134
1227,0.1049531891336605
1228,0.10579805602871
1229,0.10665764848890408
1230,0.10751875358341176
1231,0.10838137397401822
1232,0.1092566426175619
1233,0.11014024044745849
1234,0.11102539315412464
1235,0.11191230859066684
1236,0.1128188640830286
1237,0.11372701485096536
1238,0.11463676370168616
1239,0.11555585588495718
1240,0.11648748187211573
1241,0.11742074725161121
1242,0.11835565490828459
1243,0.11930805399093272
1244,0.12026532606083068
1245,0.12122428265269188
1246,0.12219000705695479
1247,0.1231717889521136
1248,0.12415529849938989
1249,0.12514053873893516
1250,0.12614144064350244
1251,0.1271500210609517
1252,0.12816037628809776
1253,0.1291756005432316
1254,0.1302097846375275
1255,0.13124578859653072
1256,0.13228361562265906
1257,0.13333593786367168
1258,0.13439814032785208
1259,0.1354622119608901
1260,0.13652984205496443
1261,0.13761881006407162
1262,0.13870969434159217
1263,0.139802498259585
1264,0.14090918842945355
1265,0.14202747206890926
1266,0.14314772356372354
1267,0.14427067578613106
1268,0.1454169657309745
1269,0.14656527281410442
1270,0.14771560058507993
1271,0.14887960315878251
1272,0.15005659312973735
1273,0.15123565426205085
1274,0.15241682317132796
1275,0.15362313875219719
1276,0.15483157709893935
1277,0.15604214194698582
1278,0.15726638784611516
1279,0.15850487048227135
1280,0.15974553248890974
1281,0.16098837770106897
1282,0.16225708664641592
1283,0.16352858418469207
1284,0.16480231919001925
1285,0.1660896559206703
1286,0.16739273163376867
1287,0.16869810038228142
1288,0.1700057662012631
1289,0.1713394836484207
1290,0.17267726482947038
1291,0.17401740011739908
1292,0.1753703326527385
1293,0.17674134331089994
1294,0.1781147665501086
1295,0.17949060661578226
1296,0.18089184384005158
1297,0.18229941606529412
1298,0.18370946520923387
1299,0.1851302389706359
1300,0.18657286849249854
1301,0.18801803662364927
1302,0.18946574783127748
1303,0.19093659746292763
1304,0.19241784727980768
1305,0.19390170366637843
1306,0.19539201060622846
1307,0.19691036385232824
1308,0.198431388959299
1309,0.19995509062881223
1310,0.20149696881289722
1311,0.20305625257698218
1312,0.20461828022765027
1313,0.20618305659331623
1314,0.2077782977675916
1315,0.20938058230722378
1316,0.2109856864021963
1317,0.2125968629250734
1318,0.21424022141334598
1319,0.21588647173508385
1320,0.21753561897904305
1321,0.21919919930488543
1322,0.2208874358565361
1323,0.2225786432138769
1324,0.22427282660463005
1325,0.22599061874980356
1326,0.227724750803978
1327,0.22946193442645624
1328,0.23120217498707812
1329,0.23297601995865283
1330,0.23475709479793067
1331,0.23654130381103103
1332,0.2383345402527206
1333,0.24016042411079042
1334,0.24198952099342064
1335,0.24382183655456469
1336,0.2456740477973967
1337,0.247548980997183
1338,0.24942721353396005
1339,0.2513087512135646
1340,0.25322184463686087
1341,0.2551469757755934
1342,0.2570754945849355
1343,0.25901027322370884
1344,0.26098331882225306
1345,0.26295983640679693
1346,0.264939832086986
1347,0.2669384346937764
1348,0.2689640060536448
1349,0.2709931418294046
1350,0.27302584829334925
1351,0.27509022463226834
1352,0.2771695982350076
1353,0.2792526309297562
1354,0.281340695439616
1355,0.2834714493738534
1356,0.285605952814393
1357,0.2877442123592304
1358,0.28990091822083147
1359,0.2920880861922113
1360,0.2942791029419901
1361,0.2964739752428518
1362,0.2987012694370782
1363,0.3009462936551068
1364,0.30319526846148953
1365,0.3054482008080643
1366,0.30774803272716966
1367,0.31005242269778693
1368,0.3123608677229929
1369,0.31468650430774153
1370,0.3170476888264398
1371,0.31941302834142865
1372,0.3217825301642413
1373,0.324183236633454
1374,0.3266069267812184
1375,0.3290348819167544
1376,0.33146710954514597
1377,0.3339447050169226
1378,0.3364326552531549
1379,0.33892498355596434
1380,0.3414283273623796
1381,0.34397762171894813
1382,0.34653140208968874
1383,0.34908967636862315
1384,0.35167218337716805
1385,0.35428844490975075
1386,0.35690931029897255
1387,0.3595347876462216
1388,0.3622007076141536
1389,0.3648869904385332
1390,0.3675780003363582
1391,0.37027374562583987
1392,0.37302130043549003
1393,0.37577984107117024
1394,0.3785432359327092
1395,0.3813135407097672
1396,0.38414130248929557
1397,0.3869740403034965
1398,0.38981176290867603
1399,0.3926645184886473
1400,0.3955678246900431
1401,0.39847623986197317
1402,0.40138977299466916
1403,0.40432814969676595
1404,0.40730849984195455
1405,0.4102940945322446
1406,0.4132849429964373
1407,0.4163121876591208
1408,0.4193711035051235
1409,0.4224354021486267
1410,0.4255050930617128
1411,0.42862452987300725
1412,0.4317635557085512
1413,0.4349081053114757
1414,0.43805818840192623
1415,0.4412732197442811
1416,0.4444939226908113
1417,0.4477202931322612
1418,0.4509686118852696
1419,0.4542680295779176
1420,0.4575732532801873
1421,0.46088429320888136
1422,0.46423093499424456
1423,0.46761632350853244
1424,0.4710076693156237
1425,0.4744049828985325
1426,0.47785369231564895
1427,0.4813266715992797
1428,0.48480576230951167
1429,0.4882909752005861
1430,0.4918455786423468
1431,0.4954077902932184
1432,0.49897627039320214
1433,0.5025687457885707
1434,0.5062154361894219
1435,0.5098685436969882
1436,0.5135280796034132
1437,0.5172331466373168
1438,0.5209722558903094
1439,0.5247179448797739
1440,0.5284702251840299
1441,0.5322919455958275
1442,0.5361251787087004
1443,0.5399651571880953
1444,0.5438348876808482
1445,0.5477660463854821
1446,0.5517041227766936
1447,0.55564912902749
1448,0.5596188315703771
1449,0.5636574181107232
1450,0.5677031113787541
1451,0.5717559238801296
1452,0.575827562107267
1453,0.5799762245927825
1454,0.5841321875069634
1455,0.5882954636963212
1456,0.5924716440708464
1457,0.596732616340609
1458,0.6010010866708927
1459,0.6052770682559809
1460,0.6095620127590737
1461,0.6139375701245111
1462,0.6183208271861819
1463,0.6227117974931853
1464,0.6271104946184606
1465,0.6316022776415933
1466,0.6361026439616846
1467,0.640610929604576
1468,0.6451271485058386
1469,0.6497381502263091
1470,0.6543579933572615
1471,0.6589859660546524
1472,0.6636234188902166
1473,0.6683568239851275
1474,0.6730985584818147
1475,0.6778486370374588
1476,0.6826126236714347
1477,0.6874701654047226
1478,0.692336254983302
1479,0.6972109074487456
1480,0.7021060882974401
1481,0.7070902774893784
1482,0.7120832373884003
1483,0.7170849834282453
1484,0.7221161050037558
1485,0.7272295064885288
1486,0.7323519060555029
1487,0.7374833195385256
1488,0.7426552138234747
1489,0.747900449282429
1490,0.7531549148120598
1491,0.7584186266544399
1492,0.7637362104253571
1493,0.7691159615008867
1494,0.7745051793544376
1495,0.7799038806446138
1496,0.7853721547336967
1497,0.7908891664573133
1498,0.7964158864967127
1499,0.8019523319355273
1500,0.8075763804163645
1501,0.813233464988914
1502,0.8189005043636195
1503,0.8245775160578517
1504,0.8303624872945284
1505,0.8361625092928751
1506,0.8419727376205294
1507,0.847808876600675
1508,0.8537440253787473
1509,0.8596896182689654
1510,0.8656456736497309
1511,0.8716518148705192
1512,0.8777349422996134
1513,0.8838287742390116
1514,0.889933329525333
1515,0.8961163105711788
1516,0.9023512339436067
1517,0.9085971289417695
1518,0.9148540148723232
1519,0.9212170315821345
1520,0.9276069650109626
1521,0.934008142836809
1522,0.9404323604649488
1523,0.9469691152234176
1524,0.9535173727405846
1525,0.9600771532577319
1526,0.9666898478985936
1527,0.9733880644319489
1528,0.9800980678483344
1529,0.9868198788889996
1530,0.993626556810041
1531,1.0004897672917126
1532,1.0073650549962871
1533,1.0142524411759224
1534,1.0212586555508556
1535,1.0282905183832447
1536,1.0353347552160772
1537,1.0424146171840014
1538,1.0496283292665092
1539,1.0568547353497977
1540,1.0640938577713555
1541,1.0713457189079771
1542,1.0787240603888941
1543,1.0861488303651827
1544,1.0935866657407174
1545,1.1010375895065292
1546,1.1085642728600773
1547,1.116191277812219
1548,1.123831704036495
1549,1.131485575150157
1550,1.1391677463755245
1551,1.1470009083460286
1552,1.154847854363137
1553,1.162708608682468
1554,1.1705831956023234
1555,1.178596911702418
1556,1.186654358030359
1557,1.1947259830778396
1558,1.202811811794976
1559,1.2109988395226972
1560,1.2192708187835244
1561,1.2275573542773734
1562,1.2358584716186616
1563,1.2442266081973
1564,1.2527172056530478
1565,1.2612227440440922
1566,1.2697432496618049
1567,1.2783005049626852
1568,1.2870138832606859
1569,1.2957425945212269
1570,1.3044866657255214
1571,1.3132461239022584
1572,1.3221815249907365
1573,1.331137609181496
1574,1.3401094534238949
1575,1.349097085450684
1576,1.3582412149971739
1577,1.3674289265346784
1578,1.376632805718159
1579,1.3858528809975992
1580,1.3952186257611734
1581,1.404648027603198
1582,1.4140940223932894
1583,1.423556639329827
1584,1.4331299490814329
1585,1.442805749078142
1586,1.4524985756093614
1587,1.4622084586364428
1588,1.4719977813396248
1589,1.4819247586070947
1590,1.4918692044052742
1591,1.501831149473287
1592,1.511845146548128
1593,1.5220281525127002
1594,1.5322290775411842
1595,1.542447953165494
1596,1.5526955020723268
1597,1.5631394615302256
1598,1.5736017992513398
1599,1.5840825475756262
1600,1.5945817388999475
1601,1.6052826566526655
1602,1.6160114151050877
1603,1.6267590529806129
1604,1.6375256035010748
1605,1.6484821550859439
1606,1.659482417978134
1607,1.6705020380590963
1608,1.6815410493913798
1609,1.692762826315202
1610,1.7040397541351135
1611,1.7153365259903142
1612,1.7266531768000375
1613,1.7381499982837578
1614,1.7497088294252452
1615,1.7612880006664673
1616,1.7728875477995727
1617,1.7846694636866125
1618,1.7965155155923744
1619,1.8083824130193513
1620,1.8202701926490696
1621,1.832347486379258
1622,1.8444861567009594
1623,1.8566461874635305
1624,1.8688276162545845
1625,1.8812108079043797
1626,1.8936475756796824
1627,1.906106228456893
1628,1.9185868047466816
1629,1.931286654136818
1630,1.9440270809838422
1631,1.9567899271805136
1632,1.969575954338345
1633,1.9826091045508363
1634,1.9956651892174722
1635,2.008744248695618
1636,2.0218467033366783
1637,2.0352006319952745
1638,2.0485780595805734
1639,2.0619790274432255
1640,2.0754099410396187
1641,2.0890903973517725
1642,2.1027949271799726
1643,2.116523572885964
1644,2.130295243692305
1645,2.14430805181232
1646,2.1583455182864024
1647,2.172407686505417
1648,2.1865326814677983
1649,2.200883741359027
1650,2.2152600548244124
1651,2.2296616663022064
1652,2.2441528229969223
1653,2.258848111304567
1654,2.273569258923457
1655,2.2883163113577436
1656,2.3031867399611166
1657,2.3182323108956955
1658,2.3333043575321
1659,2.3484029264591264
1660,2.3636660117488253
1661,2.3790679979804032
1662,2.394497087095941
1663,2.409953326787867
1664,2.425622730176484
1665,2.4413873437400326
1666,2.457179698300881
1667,2.472999842674326
1668,2.489089504275868
1669,2.505223037487565
1670,2.521384960882379
1671,2.53761963831737
1672,2.554099465147954
1673,2.5706082915329027
1674,2.587146168502157
1675,2.6038253657896018
1676,2.6206862708854146
1677,2.637576846116708
1678,2.6544971436934217
1679,2.6716356009174964
1680,2.6888841115643127
1681,2.7061629744136657
1682,2.723473250880856
1683,2.7410849869094744
1684,2.758727714306407
1685,2.776401487606528
1686,2.7941967635619354
1687,2.812208708181133
1688,2.830252348413032
1689,2.848327740031739
1690,2.8666280923486354
1691,2.885053721658706
1692,2.903511774539615
1693,2.9220023080464332
1694,2.9408111259818153
1695,2.959665498459017
1696,2.9785530489634477
1697,2.997523364594417
1698,3.0167799522756416
1699,3.0360704257598075
1700,3.055394844675034
1701,3.0748774811783277
1702,3.0945858452453296
1703,3.1143288901029345
1704,3.1341066767781625
1705,3.154091633618108
1706,3.174259529889091
1707,3.194462915586084
1708,3.2147018531590357
1709,3.2352064988752334
1710,3.2558417986441697
1711,3.276513410325473
1712,3.2972213978163905
1713,3.3182634094563315
1714,3.339374103007822
1715,3.3605219450183634
1716,3.3817480983853376
1717,3.4033043662463887
1718,3.4248985666405467
1719,3.4465307663168208
1720,3.468324901701617
1721,3.4903720525210478
1722,3.5124579996762497
1723,3.534582811436222
1724,3.5569634590180725
1725,3.579509849278711
1726,3.6020959143824975
1727,3.6247217241443024
1728,3.64770773006101
1729,3.6707618520490706
1730,3.693856542331328
1731,3.7170733194953742
1732,3.7406024023851243
1733,3.764172889354106
1734,3.787784853260071
1735,3.8116396060150377
1736,3.835692911242427
1737,3.859788543018256
1738,3.8839265758235078
1739,3.9084390171087833
1740,3.9330254614746436
1741,3.9576551705488336
1742,3.982433874186392
1743,4.00751839234605
1744,4.032647051670329
1745,4.05781992983333
1746,4.0832903780284235
1747,4.108925384516138
1748,4.134605500857328
1749,4.160364713699226
1750,4.186513594041552
1751,4.212708488496668
1752,4.238949478034422
1753,4.265435358708391
1754,4.292152708746342
1755,4.318917073227315
1756,4.345728534881403
1757,4.372962232290962
1758,4.400257808755017
1759,4.4276014171610045
1760,4.455161377105483
1761,4.482996157768726
1762,4.510879919206447
1763,4.538812747608812
1764,4.5671568420986475
1765,4.595588928354712
1766,4.624071046457304
1767,4.65276482314427
1768,4.681753582602661
1769,4.710793353479935
1770,4.739884225539491
1771,4.769399260992954
1772,4.799005236894728
1773,4.828663310324054
1774,4.858551572140518
1775,4.8887325080539386
1776,4.918966553246138
1777,4.9492538011720395
1778,4.980001209167799
1779,5.010820214650665
1780,5.041693452215709
1781,5.072837598464999
1782,5.104250787575469
1783,5.135719254346685
1784,5.167268132213345
1785,5.1992849816111315
1786,5.2313581709241035
1787,5.263487799291998
1788,5.29594970314063
1789,5.3286373827236515
1790,5.361382582673286
1791,5.394272031103628
1792,5.427584266050669
1793,5.460955120387331
1794,5.494384697264449
1795,5.528226365621563
1796,5.562233280718891
1797,5.596300037625446
1798,5.630626025358757
1799,5.665378092971025
1800,5.700191313629341
1801,5.735065794942899
1802,5.770132495000478
1803,5.8057030550193405
1804,5.841336208375119
1805,5.87703206521142
1806,5.9128684157831
1807,5.949271232010594
1808,5.98573810608564
1809,6.022269150728868
1810,6.058904702047941
1811,6.096153700484822
1812,6.133468245785046
1813,6.170848453289404
1814,6.2083133699257855
1815,6.246422640380815
1816,6.284598971508388
1817,6.322842481313076
1818,6.361167544497887
1819,6.40015134221184
1820,6.439203739492053
1821,6.478324857051005
1822,6.517541467033543
1823,6.557414214318184
1824,6.597357125441275
1825,6.637370323867879
1826,6.677510502305562
1827,6.718286790197758
1828,6.75913483187598
1829,6.800054753603052
1830,6.8411511459846315
1831,6.882845735916116
1832,6.924613695556416
1833,6.966455154011817
1834,7.008541032114523
1835,7.051168857596542
1836,7.093871694988183
1837,7.136649676285421
1838,7.179758940665715
1839,7.223335108989845
1840,7.266987958008195
1841,7.3107176226532085
1842,7.354884805172402
1843,7.399424599126857
1844,7.444042769452722
1845,7.488739454066247
1846,7.534001292356585
1847,7.579522326761293
1848,7.625123464210858
1849,7.670804845659861
1850,7.717189939337268
1851,7.763707838387438
1852,7.810307594649256
1853,7.857087264096599
1854,7.90453434084789
1855,7.95206490987126
1856,7.999679118085147
1857,8.047645343497697
1858,8.096119271534544
1859,8.144678498776708
1860,8.193323175322186
1861,8.242513770334314
1862,8.292030694211938
1863,8.341634752637098
1864,8.391326098937338
1865,8.44177951771821
1866,8.492355768200195
1867,8.543021017308575
1868,8.593969398082711
1869,8.645530761856595
1870,8.697182857745233
1871,8.74892584540663
1872,8.801204891841302
1873,8.853856890538651
1874,8.906601540521711
1875,8.959439004825528
1876,9.013117581258275
1877,9.066906309236002
1878,9.12078968878172
1879,9.174943706054588
1880,9.229792150566109
1881,9.284737111411491
1882,9.33977875842691
1883,9.395302705034794
1884,9.451323677209336
1885,9.507443228993145
1886,9.563661533853017
1887,9.620599054832887
1888,9.677812952548091
1889,9.735127529041362
1890,9.792608191627904
1891,9.850931625247677
1892,9.909357690076785
1893,9.967886566711412
1894,10.026848204037305
1895,10.086401196011602
1896,10.146058982825409
1897,10.20582174888211
1898,10.266307762163
1899,10.327110158032658
1900,10.388019547293402
1901,10.449127629931915
1902,10.511090577964774
1903,10.573162561591424
1904,10.63534377267747
1905,10.698051255125353
1906,10.761302061315607
1907,10.82466416931769
1908,10.888137774984928
1909,10.952489844356846
1910,11.0170493770479
1911,11.08172251448999
1912,11.146778224462807
1913,11.212551995418172
1914,11.278441507796693
1915,11.344446965263801
1916,11.411225141649396
1917,11.478348174627994
1918,11.545589323297675
1919,11.613122435641891
1920,11.68149645511927
1921,11.749990791624317
1922,11.818605656873876
1923,11.88794079415422
1924,11.957706155395837
1925,12.027594281979058
1926,12.097736123087898
1927,12.168790707598331
1928,12.239970326070724
1929,12.311275198522019
1930,12.383300229777774
1931,12.455789956469195
1932,12.528407242510282
1933,12.6012909693132
1934,12.675109832179498
1935,12.749058593248998
1936,12.823137481097955
1937,12.897987079640352
1938,12.973286818040725
1939,13.048719060507091
1940,13.124479263807023
1941,13.201149954139341
1942,13.277955560972734
1943,13.354896321713852
1944,13.432706477456478
1945,13.510905966296065
1946,13.589243061827556
1947,13.668015264822529
1948,13.747629699620454
1949,13.827384230959915
1950,13.907279105362509
1951,13.988186581944131
1952,14.069380239990268
1953,14.15071677349904
1954,14.232636781542466
1955,14.315291894309775
1956,14.398092454228992
1957,14.481040935919173
1958,14.565275065862563
1959,14.649657421519667
1960,14.734188263716458
1961,14.819186544831359
1962,14.905174047608886
1963,14.991312861467662
1964,15.077603252662772
1965,15.1647074443561
1966,15.252478134025653
1967,15.340403272606427
1968,15.428483131874923
1969,15.51775006523466
1970,15.607334445081316
1971,15.697076465344393
1972,15.787194930699194
1973,15.878463631977839
1974,15.969892937534134
1975,16.06148312997579
1976,16.15385794996824
1977,16.247000295058072
1978,16.3403065414285
1979,16.433776977488684
1980,16.528466498200398
1981,16.623515276214576
1982,16.718731310209744
1983,16.814359622788793
1984,16.91117814035408
1985,17.00816702806822
1986,17.105326585723166
1987,17.203363997651604
1988,17.302153784010226
1989,17.40111740930681
1990,17.500255179437126
1991,17.60093243683126
1992,17.70191690584989
1993,17.80307907573252
1994,17.904419259170478
1995,18.007098993419458
1996,18.110313332248477
1997,18.213709295784597
1998,18.31728720362363
1999,18.422041876530926
2000,18.5275217132314
2001,18.633187161174924
2002,18.73903854697211
2003,18.84594194083835
2004,18.953723350428373
2005,19.0616944212767
2006,19.169855487120486
2007,19.27898271355855
2008,19.3891022241719
2009,19.49941551033546
2010,19.60992291302595
2011,19.721350422126534
2012,19.833845021270953
2013,19.94653757534243
2014,20.05942843267178
2015,20.173234022596215
2016,20.288141163514563
2017,20.40325050464119
2018,20.518562401777093
2019,20.634928562293535
2020,20.75251266020074
2021,20.87030366888308
2022,20.988301952430383
2023,21.106507875573065
2024,21.226724774402776
2025,21.34724029280433
2026,21.467967880313537
2027,21.588907910096903
2028,21.7109929688447
2029,21.834276318649653
2030,21.957776608035726
2031,22.08149421873962
2032,22.205535911906253
2033,22.33163090019089
2034,22.457947775614986
2035,22.584486928621068
2036,22.71124875033867
2037,22.839526419216966
2038,22.968704257130014
2039,23.09810940697593
2040,23.227742268742794
2041,23.358188502596345
2042,23.490272177962005
2043,23.622588278575286
2044,23.75513721342174
2045,23.887919392206616
2046,24.022880932668862
2047,24.15815344379334
2048,24.293663991456093
2049,24.429412994516426
2050,24.56676320353952
2051,24.705038097369105
2052,24.843556310936616
2053,24.98231827239776
2054,25.122154979882207
2055,25.263478747916537
2056,25.40505120069674
2057,25.546872775818862
2058,25.689295578104833
2059,25.83371523824456
2060,25.97838903087262
2061,26.123317403171015
2062,26.26850080310857
2063,26.415990766555662
2064,26.563813534358847
2065,26.71189642298173
2066,26.860239890143397
2067,27.010551908597797
2068,27.16157182923871
2069,27.312857496623863
2070,27.46440937837182
2071,27.617648640856924
2072,27.771914442274607
2073,27.92645170210456
2074,28.08126089801569
2075,28.23753436488042
2076,28.39509533355518
2077,28.552933559036514
2078,28.711049529196217
2079,28.8704659328422
2080,29.03137192240761
2081,29.192561054898093
2082,29.354033828542725
2083,29.51670367446141
2084,29.681005114692756
2085,29.84559567270557
2086,30.010475857242387
2087,30.17651142540888
2088,30.344259331617263
2089,30.51230242023183
2090,30.6806412106665
2091,30.850156557343567
2092,31.021402540210236
2093,31.192949860923655
2094,31.364799049728838
2095,31.537910009743314
2096,31.712706285628702
2097,31.887810146682895
2098,32.06322213414382
2099,32.240046323705094
2100,32.41844572547262
2101,32.59715905269744
2102,32.776186857773844
2103,32.95684367791563
2104,33.138899666314025
2105,33.321276014529275
2106,33.503973286277635
2107,33.68858392701445
2108,33.87435060266396
2109,34.06044416768701
2110,34.24686519728921
2111,34.43555264259139
2112,34.62508475862686
2113,34.814950389937664
2114,35.005150123388425
2115,35.198039157093504
2116,35.39139213251871
2117,35.5850853466379
2118,35.77945312832351
2119,35.976336610940294
2120,36.17356654475626
2121,36.37114353939818
2122,36.56993167811993
2123,36.77074200318491
2124,36.9719056893585
2125,37.17342335842612
2126,37.376761674771885
2127,37.581556246090805
2128,37.78671118943697
2129,37.99222713893219
2130,38.20024727621099
2131,38.4090842240357
2132,38.618288657093714
2133,38.82813250314613
2134,39.040696658244364
2135,39.25363485720035
2136,39.46694775819292
2137,39.681704346909676
2138,39.89842208235827
2139,40.11552117054779
2140,40.333002282517704
2141,40.552808337634616
2142,40.773739969265804
2143,40.99506036865413
2144,41.216953277282
2145,41.44176433093642
2146,41.66697097881368
2147,41.892573917012484
2148,42.11975608593651
2149,42.348896485237056
2150,42.57844009692421
2151,42.8083876305016
2152,43.04100092020315
2153,43.27453335483462
2154,43.50847673032654
2155,43.74344996246081
2156,43.98101995415735
2157,44.219007991438374
2158,44.45741480990795
2159,44.698067813341716
2160,44.940149941515614
2161,45.18265805508035
2162,45.425846491341225
2163,45.672072774209504
2164,45.91873233476445
2165,46.165825935412435
2166,46.414948335175474
2167,46.66581015806165
2168,46.91711341558414
2169,47.16895010653876
2170,47.424065700494786
2171,47.67963021426638
2172,47.93564443778373
2173,48.193674789216864
2174,48.45355288578205
2175,48.7138882825182
2176,48.97481488638952
2177,49.2390596548065
2178,49.50376940723647
2179,49.768944961875896
2180,50.03633040067584
2181,50.30546849360803
2182,50.575080181105086
2183,50.84554663949751
2184,51.11916790192495
2185,51.39327064775089
2186,51.66785572420395
2187,51.94505165431707
2188,52.223701275251116
2189,52.502841227743495
2190,52.783305415246105
2191,53.066558669102186
2192,53.35031035532012
2193,53.634561350951714
2194,53.92203110858184
2195,54.21045238322437
2196,54.49938118414052
2197,54.79030852498599
2198,55.08345829905968
2199,55.37712391992799
2200,55.671582475613384
2201,55.96952078121404
2202,56.26798335976399
2203,56.56697113378376
2204,56.86883417371339
2205,57.17215504170628
2206,57.47600965407086
2207,57.78159445537126
2208,58.08983621628959
2209,58.39862038063988
2210,58.708004782594536
2211,59.02159635484834
2212,59.335739744345446
2213,59.65043592207286
2214,59.9668847245311
2215,60.286447105046
2216,60.60657180933168
2217,60.92725982686223
2218,61.250971760051065
2219,61.57658529015155
2220,61.902771791919214
2221,62.22954535406973
2222,62.56070844061705
2223,62.892454264116076
2224,63.22478384995946
2225,63.55917568817324
2226,63.8965421061988
2227,64.23450217685229
2228,64.57305694473324
2229,64.91527253650275
2230,65.25892491183284
2231,65.60318200085541
2232,65.94896275455156
2233,66.29873342228879
2234,66.64911956977616
2235,67.0001222800198
2236,67.3532167587434
2237,67.70980622117136
2238,68.0670231620196
2239,68.42486868540671
2240,68.78548808032895
2241,69.14899449932223
2242,69.51314056813185
2243,69.87792741229286
2244,70.24628559586327
2245,70.61680848595506
2246,70.98798337236525
2247,71.35981140235353
2248,71.73612493841749
2249,72.11376521132216
2250,72.49207000461175
2251,72.87134466767773
2252,73.25552864503658
2253,73.64038865739623
2254,74.02592589431416
2255,74.41353161250824
2256,74.80502631787377
2257,75.1972099225174
2258,75.59008363863192
2259,75.98624414802418
2260,76.38515480036052
2261,76.7847674013952
2262,77.18508318628258
2263,77.59002494391612
2264,77.99645836990794
2265,78.40360698199054
2266,78.81208688779613
2267,79.22542425099975
2268,79.63948894877709
2269,80.0542822609507
2270,80.47193485215988
2271,80.89300012707213
2272,81.31480633491128
2273,81.73735477942704
2274,82.16441364186531
2275,82.5933186842345
2276,83.02297845470507
2277,83.45401056732197
2278,83.89014967567095
2279,84.32705624150242
2280,84.76473161523717
2281,85.20545759016693
2282,85.64969196995395
2283,86.09470805198434
2284,86.54050721174336
2285,86.9911845541338
2286,87.44362329984418
2287,87.89685818452014
2288,88.35183560728785
2289,88.81177978985146
2290,89.27253331826398
2291,89.7340976166523
2292,90.19948266566266
2293,90.66783860109493
2294,91.13701868401428
2295,91.60703977305418
2296,92.0830827502645
2297,92.55996340139684
2298,93.03768320042205
2299,93.51857720312061
2300,94.00324410815351
2301,94.4887638620869
2302,94.97513796559274
2303,95.4671758854278
2304,95.96058236548043
2305,96.45485707290293
2306,96.95207654858535
2307,97.4534574941688
2308,97.95572069930404
2309,98.4588677164137
2310,98.96771079399085
2311,99.47805139654896
2312,99.98929002438106
2313,100.5036665674734
2314,101.02217451180455
2315,101.54159485297545
2316,102.06192919643583
2317,102.58841818476557
2318,103.11611143013808
2319,103.6447332351118
2320,104.17711334466782
2321,104.71317181835454
2322,105.25017357140574
2323,105.7885937071127
2324,106.3331109150088
2325,106.87858628656556
2326,107.4250215077619
2327,107.97626645275096
2328,108.53031034957932
2329,109.0853291735298
2330,109.64297899974778
2331,110.2056876216415
2332,110.76938641741111
2333,111.33407712935889
2334,111.9050628607361
2335,112.4775393540932
2336,113.05102320916744
2337,113.62878372617176
2338,114.21013706603064
2339,114.79251338760537
2340,115.37720078284227
2341,115.96753161322036
2342,116.55890122240592
2343,117.15131143822363
2344,117.7500780429401
2345,118.35054333671864
2346,118.95206524219262
2347,119.55956720797678
2348,120.17170637723916
2349,120.78492269997733
2350,121.39921807153908
2351,122.01459439060572
2352,122.63910293016879
2353,123.26524891386379
2354,123.89249669782711
2355,124.52084822077218
2356,125.15319105610067
2357,125.79244704432519
2358,126.4328279015908
2359,127.07433560720165
2360,127.71697214394528
2361,128.36745391129165
2362,129.02115036121086
2363,129.67599708999478
2364,130.3319961216581
2365,130.99121687476583
2366,131.65841313872528
2367,132.32678343621976
2368,132.99632983306148
2369,133.6670543986956
2370,134.3455768391706
2371,135.02765696036266
2372,135.71093730509833
2373,136.3954199852703
2374,137.08361362507452
2375,137.7795915485349
2376,138.47679415049654
2377,139.17522358588164
2378,139.8748820134049
2379,140.58357267602483
2380,141.29488758679565
2381,142.00745416338543
2382,142.7212746082024
2383,143.4405968651098
2384,144.16621466907554
2385,144.8931093066014
2386,145.6212830243793
2387,146.35167373622278
2388,147.09178273179594
2389,147.83319405999333
2390,148.57591001237296
2391,149.31993288452347
2392,150.07261888711685
2393,150.82873727270282
2394,151.58618616136292
2395,152.34496789422045
2396,153.10976094514595
2397,153.88077850910247
2398,154.6531527930733
2399,155.42688618431097
2400,156.20425744570454
2401,156.99036808073276
2402,157.77786199388038
2403,158.56674161913017
2404,159.35716769210873
2405,160.15856708024086
2406,160.96137664891017
2407,161.76559887943606
2408,162.57123625750154
2409,163.38644741730974
2410,164.2047704781279
2411,165.02453349866062
2412,165.8457390126221
2413,166.67509185657133
2414,167.5091280744034
2415,168.3446319011287
2416,169.18160591911075
2417,170.0255940574753
2418,170.8755449435388
2419,171.72699144224327
2420,172.57993618522545
2421,173.4390586161058
2422,174.30512754624166
2423,175.17272045061586
2424,176.04184001076774
2425,176.9166011089268
2426,177.79899334202958
2427,178.68293827213066
2428,179.56843863130763
2429,180.45934813844178
2430,181.35827083505012
2431,182.2587753159252
2432,183.16086436432386
2433,184.06843738075142
2434,184.98409962180293
2435,185.90137310227666
2436,186.82026065725583
2437,187.7450176350029
2438,188.67763044075136
2439,189.61188431237642
2440,190.54778213744086
2441,191.49024887470588
2442,192.44002522380993
2443,193.39147283998904
2444,194.34459466394574
2445,195.30530230092558
2446,196.27245714970203
2447,197.2413138449762
2448,198.2118753812552
2449,199.19175277899654
2450,200.17708875062948
2451,201.1641585604892
2452,202.15296525937228
2453,203.1504598939731
2454,204.1542108709253
2455,205.15972808935874
2456,206.16701465708323
2457,207.18342421265314
2458,208.20712689344913
2459,209.23263092299322
2460,210.2599394708669
2461,211.29058295931512
2462,212.33450093527674
2463,213.38025583105295
2464,214.42785087881236
2465,215.47728931641294
2466,216.53772435255397
2467,217.60399664327076
2468,218.67214518859205
2469,219.7421732898981
2470,220.81820378105814
2471,221.90526249503765
2472,222.99423403960813
2473,224.08512178050404
2474,225.17792908938242
2475,226.28547788041914
2476,227.3955444563489
2477,228.50756434759498
2478,229.6215409911258
2479,230.74608270822432
2480,231.87751890476073
2481,233.0109460187534
2482,234.1463675533315
2483,235.28853236119687
2484,236.44161535174382
2485,237.59672734958207
2486,238.75387192485937
2487,239.914297758332
2488,241.08930732778074
2489,242.26638448664525
2490,243.44553287295795
2491,244.6267561311498
2492,245.82208399271062
2493,247.02140923356004
2494,248.22284484967363
2495,249.42639455436273
2496,250.6414502046586
2497,251.8633091202483
2498,253.08731806142595
2499,254.31348081126674
2500,255.54912039648937
2501,256.79418748156127
2502,258.041445429377
2503,259.2908980948637
2504,260.5462913844312
2505,261.8148662155617
2506,263.0856732737029
2507,264.3587164865622
2508,265.63454571718245
2509,266.9269308631402
2510,268.22159013275194
2511,269.51852752744134
2512,270.81774705567426
2513,272.13198368846497
2514,273.45080131063173
2515,274.77193956689626
2516,276.0954025405186
2517,277.43164379585323
2518,278.77492899518006
2519,280.1205778817108
2520,281.4685946144565
2521,282.827547253399
2522,284.1956123827155
2523,285.5660848019317
2524,286.93896874677614
2525,288.3213472236234
2526,289.7145078098555
2527,291.11011984385664
2528,292.5081876390502
2529,293.9147141014134
2530,295.33328889267784
2531,296.7543598504217
2532,298.1779313667491
2533,299.60971743073543
2534,301.0551552508218
2535,302.5031365054516
2536,303.9536656698957
2537,305.407316279173
2538,306.8799569821814
2539,308.3551889857734
2540,309.833016849439
2541,311.3134451406867
2542,312.8095125891231
2543,314.3123389419759
2544,315.81780970972665
2545,317.3259295453173
2546,318.84565902933974
2547,320.37642652442696
2548,321.9098875994214
2549,323.4460469937689
2550,324.9902517863433
2551,326.54931045536017
2552,328.1111124851748
2553,329.6756627028206
2554,331.24516494762713
2555,332.832868108733
2556,334.4233650331904
2557,336.0166606367138
2558,337.6127598436644
2559,339.22899559831967
2560,340.84854469914865
2561,342.4709435989155
2562,344.0961973119235
2563,345.7396078745638
2564,347.38856982704385
2565,349.0404333329391
2566,350.69520349761297
2567,352.36663883080206
2568,354.045377757551
2569,355.72707063286407
2570,357.4117226542911
2571,359.1120414195385
2572,360.8209249466223
2573,362.53281546425393
2574,364.2477182633079
2575,365.9777877795362
2576,367.71718709509526
2577,369.459647096287
2578,371.20517316845934
2579,372.96586937459216
2580,374.73615929019115
2581,376.5095642459837
2582,378.286089722952
2583,380.0782971449551
2584,381.87985615989277
2585,383.6845852355485
2586,385.4924899497103
2587,387.3171016724753
2588,389.1503120413019
2589,390.98674816394185
2590,392.8264157161711
2591,394.68433336069285
2592,396.549581164216
2593,398.41811109394894
2594,400.2899289248512
2595,402.1820626312291
2596,404.0797378513103
2597,405.9807522561625
2598,407.88527450955786
2599,409.81238013799674
2600,411.7428767364663
2601,413.6767702714347
2602,415.6171303182617
2603,417.57739700091105
2604,419.54111300297217
2605,421.50828439357497
2606,423.4854158536716
2607,425.479245061018
2608,427.47658264353356
2609,429.47743477425223
2610,431.4922797187902
2611,433.52007715913254
2612,435.5514427442335
2613,437.5863827522869
2614,439.6398917216697
2615,441.7020674403553
2616,443.7678717948521
2617,445.8373111697795
2618,447.93044320210873
2619,450.0274116870884
2620,452.1280700282079
2621,454.2377123189474
2622,456.36614738922185
2623,458.498327683504
2624,460.6342597915455
2625,462.7852317884637
2626,464.9492397930756
2627,467.1170556147031
2628,469.2886859532256
2629,471.48196992634416
2630,473.68197863393976
2631,475.88585850420134
2632,478.0976894488531
2633,480.3302032022068
2634,482.5666453132394
2635,484.80702269390684
2636,487.0629114644865
2637,489.3322316370485
2638,491.6055449305663
2639,493.8828583709406
2640,496.1838105315589
2641,498.4903793604511
2642,500.80100685167224
2643,503.1225827327262
2644,505.4627301050158
2645,507.80699522342417
2646,510.1553853331239
2647,512.5247565569857
2648,514.9042716708358
2649,517.2879738008114
2650,519.6758703139595
2651,522.0900977475976
2652,524.5094367033581
2653,526.9330327477344
2654,529.3657983400244
2655,531.8211009400745
2656,534.2807239092115
2657,536.7446748490996
2658,539.2243030751879
2659,541.7202823961138
2660,544.2206536592092
2661,546.7254245920647
2662,549.254172355555
2663,551.7927188514841
2664,554.335732189042
2665,556.8832202275964
2666,559.4579059262301
2667,562.0400025873677
2668,564.6266427191845
2669,567.2178343158697
2670,569.8378673703393
2671,572.464018413596
2672,575.09479044372
2673,577.7308006764011
2674,580.3968237654615
2675,583.0675379987805
2676,585.7429516303682
2677,588.426545455464
2678,591.1375660116415
2679,593.8533568875627
2680,596.5739264765382
2681,599.3063737441237
2682,602.0629090093075
2683,604.8242946797695
2684,607.5905392897224
2685,610.3731198818207
2686,613.1756918450149
2687,615.9831952174254
2688,618.7956386757769
2689,621.6296425306573
2690,624.4787779853509
2691,627.3329267800502
2692,630.1920977356259
2693,633.0788248765582
2694,635.9750554795318
2695,638.8763822887075
2696,641.7848834260515
2697,644.7235748394232
2698,647.6674371711442
2699,650.6164795193323
2700,653.5800451989148
2701,656.5668252930465
2702,659.5588609197646
2703,662.5561613260552
2704,665.576119864619
2705,668.6115342953765
2706,671.6522898329916
2707,674.6983958750071
2708,677.7760858000753
2709,680.8606853298734
2710,683.9507125098174
2711,687.054111912517
2712,690.1829469933072
2713,693.3172875589131
2714,696.4571432960724
2715,699.621297900297
2716,702.8012973220976
2717,705.9868922544765
2718,709.1780925425584
2719,712.4015340179106
2720,715.6332834729152
2721,718.8707194947298
2722,722.1198568039617
2723,725.3991675416622
2724,728.684248532526
2725,731.9751099291223
2726,735.2835562632476
2727,738.6167046578315
2728,741.9557180349738
2729,745.300606713905
2730,748.6698496719313
2731,752.0574409220442
2732,755.4509929488949
2733,758.8505162402498
2734,762.2820545661958
2735,765.724699327634
2736,769.173401734373
2737,772.631346420096
2738,776.12351607349
2739,779.6218305133281
2740,783.1263005511091
2741,786.6492449319575
2742,790.1976071240815
2743,793.7522129752109
2744,797.3130734707948
2745,800.9025476840508
2746,804.5077286668263
2747,808.1192532829871
2748,811.7384799061728
2749,815.3946781975756
2750,819.0573098892513
2751,822.7263863004769
2752,826.4160159384618
2753,830.1329571303376
2754,833.856438601441
2755,837.5864718590861
2756,841.3399750135778
2757,845.1183563077143
2758,848.9033859866847
2759,852.69507574799
2760,856.5145557515717
2761,860.355857147757
2762,864.2039176384208
2763,868.0587491158399
2764,871.944278590241
2765,875.8509051637933
2766,879.7644057732556
2767,883.6847925131243
2768,887.6319819668736
2769,891.6048269134478
2770,895.5846624088622
2771,899.5715007525974
2772,903.5816795416251
2773,907.6216552132033
2774,911.668739551755
2775,915.7229450645689
2776,919.7985047544074
2777,923.9097624507733
2778,928.0282542366333
2779,932.153992839936
2780,936.2869910110287
2781,940.4675855188713
2782,944.6586361479831
2783,948.8570612635223
2784,953.0628738404474
2785,957.2992254428215
2786,961.5640338577412
2787,965.8363465375329
2788,970.1161766854774
2789,974.4087891063631
2790,978.7486061690113
2791,983.0960594757883
2792,987.4511624621684
2793,991.813928587253
2794,996.2165132586831
2795,1000.640417175991
2796,1005.0721052891869
2797,1009.5115912940283
2798,1013.9719050097284
2799,1018.4736319566767
2800,1022.9832800304847
2801,1027.5008631678156
2802,1032.0263953298568
2803,1036.5998967976661
2804,1041.1889484305427
2805,1045.7860748387448
2806,1050.3912902292573
2807,1055.0233663027063
2808,1059.6933408761422
2809,1064.3715326099737
2810,1069.057955961684
2811,1073.7526254141803
2812,1078.500632541664
2813,1083.2614955260892
2814,1088.0307355895
2815,1092.8083674707127
2816,1097.6148279390386
2817,1102.459852078225
2818,1107.3134013788851
2819,1112.1754908403582
2820,1117.0461354883787
2821,1121.9704430788688
2822,1126.9092536726869
2823,1131.8567544453233
2824,1136.8129606864377
2825,1141.7985204513595
2826,1146.8235524440925
2827,1151.857426322809
2828,1156.900157644056
2829,1161.9517619917567
2830,1167.0616017148286
2831,1172.18281864535
2832,1177.3130466989185
2833,1182.4523017298277
2834,1187.6287497112469
2835,1192.8382878771772
2836,1198.0569925676243
2837,1203.284879910275
2838,1208.5303890323962
2839,1213.8292349426424
2840,1219.1374045144678
2841,1224.454914152009
2842,1229.7817802882491
2843,1235.161105406315
2844,1240.5597365318042
2845,1245.967866889992
2846,1251.3855131938776
2847,1256.8393896642897
2848,1262.329487531726
2849,1267.8292455672927
2850,1273.338680767118
2851,1278.8696231465215
2852,1284.4522015487255
2853,1290.0446028380748
2854,1295.6468442969644
2855,1301.2589432382053
2856,1306.9334679529259
2857,1312.6195367811674
2858,1318.31561058627
2859,1324.0217069709843
2860,1329.7789216735928
2861,1335.5596911239552
2862,1341.3506321760135
2863,1347.151762725653
2864,1352.994243432653
2865,1358.8707554762773
2866,1364.757607579579
2867,1370.6548179348035
2868,1376.5851599879113
2869,1382.5584655740006
2870,1388.5422815266843
2871,1394.5366263378223
2872,1400.557444385587
2873,1406.6286035320124
2874,1412.7104452168392
2875,1418.8029882348185
2876,1424.9169162221824
2877,1431.0869981064143
2878,1437.2679365818517
2879,1443.4597507494482
2880,1449.6694419149355
2881,1455.9395249654717
2882,1462.2206405572858
2883,1468.5128081008709
2884,1474.8209349811941
2885,1481.1921069693726
2886,1487.574489362607
2887,1493.9681018842912
2888,1500.3773563260343
2889,1506.8507144583043
2890,1513.335462789702
2891,1519.8316213599228
2892,1526.34484244656
2893,1532.92283223457
2894,1539.51239631848
2895,1546.1135550618524
2896,1552.7293255480104
2897,1559.413080417523
2898,1566.1085956737213
2899,1572.8158920075346
2900,1579.537024149666
2901,1586.3276875750867
2902,1593.1302994896596
2903,1599.944880915225
2904,1606.774206147993
2905,1613.67293176063
2906,1620.5837959944313
2907,1627.5068202057196
2908,1634.4471891997493
2909,1641.4551408980315
2910,1648.4754233970955
2911,1655.508058391348
2912,1662.5623411171875
2913,1669.6806931788403
2914,1676.8115702867535
2915,1683.9549944770517
2916,1691.12608027536
2917,1698.3560174717297
2918,1705.5986760441551
2919,1712.8540783741455
2920,1720.1448760323117
2921,1727.487593744972
2922,1734.8432312664613
2923,1742.2118113273734
2924,1749.62524916278
2925,1757.0819535025998
2926,1764.5517782058723
2927,1772.0347463560036
2928,1779.5737723062557
2929,1787.1456802351847
2930,1794.7309112231198
2931,1802.3294887100515
2932,1809.9970704305
2933,1817.6854098861386
2934,1825.387277256581
2935,1833.109522116044
2936,1840.9018213112
2937,1848.707831334554
2938,1856.5275763082702
2939,1864.383744858758
2940,1872.2947560294667
2941,1880.2196868960236
2942,1888.1585619480281
2943,1896.1516769129114
2944,1904.1826594882084
2945,1912.2277728426259
2946,1920.2870418370962
2947,1928.4201460524828
2948,1936.572370949005
2949,1944.7389399437504
2950,1952.9358191652666
2951,1961.1960348267312
2952,1969.4707845913701
2953,1977.760094029616
2954,1986.1024637549835
2955,1994.486281139154
2956,2002.8848500963145
2957,2011.2981965794631
2958,2019.7891557854623
2959,2028.2978788525802
2960,2036.8215732564504
2961,2045.383155602054
2962,2054.0029336462953
2963,2062.637878422866
2964,2071.2880166151126
2965,2080.0037888336133
2966,2088.750892821933
2967,2097.513387564101
2968,2106.3042398201483
2969,2115.1644183514504
2970,2124.040186585038
2971,2132.9315719483316
2972,2141.88227811182
2973,2150.872243393146
2974,2159.878026727333
2975,2168.9083164556196
2976,2178.0134090732977
2977,2187.1345223035846
2978,2196.271684331919
2979,2205.4675561381036
2980,2214.704938058598
2981,2223.958573344763
2982,2233.2400173249507
2983,2242.604364364071
2984,2251.9851881567447
2985,2261.3825176908467
2986,2270.811823515737
2987,2280.32087426045
2988,2289.846656354293
2989,2299.3891992330086
2990,2308.970077433116
2991,2318.625359230584
2992,2328.2976296596444
2993,2337.986918608635
2994,2347.723103592549
2995,2357.526157532311
2996,2367.346460097187
2997,2377.184041632872
2998,2387.0792917893577
2999,2397.031672868869
3000,2407.0015653025275
3001,2416.9889998982017
3002,2427.0470977089185
3003,2437.150375003789
3004,2447.2714291421166
3005,2457.410291398794
3006,2467.635043562274
3007,2477.890800401449
3008,2488.1646023587296
3009,2498.460168638581
3010,2508.8517187485654
3011,2519.261552894945
3012,2529.689703244807
3013,2540.1588141870557
3014,2550.705780546835
3015,2561.2713043838116
3016,2571.8554183460806
3017,2582.5019478907734
3018,2593.205954839728
3019,2603.9287955641457
3020,2614.6705031981555
3021,2625.498350007404
3022,2636.3610368719496
3023,2647.242836694044
3024,2658.153210433769
3025,2669.1568707460156
3026,2680.1798920468686
3027,2691.222308397899
3028,2702.3210509479954
3029,2713.486431097401
3030,2724.671456765171
3031,2735.8761625133875
3032,2747.16724111794
3033,2758.4960237096834
3034,2769.844739309483
3035,2781.227134822143
3036,2792.700830333378
3037,2804.1947138138767
3038,2815.7088207799184
3039,2827.290723348584
3040,2838.9309413029823
3041,2850.591640204825
3042,2862.2728560857786
3043,2874.058302850971
3044,2885.866771084698
3045,2897.696016283538
3046,2909.581705355512
3047,2921.5391292501968
3048,2933.517592182944
3049,2945.5171311671174
3050,2957.620938285509
3051,2969.7581733528614
3052,2981.9167638160807
3053,2994.0984412821094
3054,3006.3961438486826
3055,3018.71548413807
3056,3031.0565002167864
3057,3043.4358742853706
3058,3055.9176992565917
3059,3068.4214858927257
3060,3080.947272830114
3061,3093.527792420846
3062,3106.1961257621447
3063,3118.8867489078016
3064,3131.599701071371
3065,3144.3848145180928
3066,3157.2420932180044
3067,3170.121994148821
3068,3183.0245571088503
3069,3196.0177104683107
3070,3209.0664247178543
3071,3222.138098005547
3072,3235.2327707221493
3073,3248.4374058195826
3074,3261.6801013041495
3075,3274.9460971124267
3076,3288.23931076443
3077,3301.6549864096005
3078,3315.0942667177987
3079,3328.5571932154417
3080,3342.067128451194
3081,3355.68170300567
3082,3369.3202321598487
3083,3382.9827580556907
3084,3396.7131149174684
3085,3410.5301238431457
3086,3424.3714435249526
3087,3438.2371167313313
3088,3452.188323213946
3089,3466.209848893747
3090,3480.2560451491654
3091,3494.3269553815658
3092,3508.5040628622214
3093,3522.7322062972075
3094,3536.985383823097
3095,3551.263639480678
3096,3565.6717298310255
3097,3580.108610843283
3098,3594.570893190628
3099,3609.0807769998446
3100,3623.70280735827
3101,3638.3505647985235
3102,3653.024094580403
3103,3667.7741760651456
3104,3682.6088667991817
3105,3697.4696587596623
3106,3712.3565978645047
3107,3727.3520436649173
3108,3742.401568503075
3109,3757.4775725359923
3110,3772.5877178213004
3111,3787.851206579938
3112,3803.141550976373
3113,3818.4587982555336
3114,3833.8029957454078
3115,3849.2557414429707
3116,3864.7893412441013
3117,3880.350271900669
3118,3895.938581493458
3119,3911.5796453176367
3120,3927.3589588996815
3121,3943.1660356342372
3122,3959.000924362493
3123,3974.8636740115685
3124,3990.8645115831782
3125,4006.9202198884514
3126,4023.00417761695
3127,4039.116434465223
3128,4055.320196266564
3129,4071.627044654551
3130,4087.962584307818
3131,4104.326865700096
3132,4120.740300546615
3133,4137.300820779055
3134,4153.890478572235
3135,4170.509325184904
3136,4187.157411965925
3137,4203.955951268688
3138,4220.802286942107
3139,4237.678263018091
3140,4254.583931639824
3141,4271.606932605263
3142,4288.712529662511
3143,4305.848223249798
3144,4323.014066312608
3145,4340.268356070985
3146,4357.63582202092
3147,4375.033845214964
3148,4392.462479408964
3149,4409.954909085705
3150,4427.586875688433
3151,4445.249864878579
3152,4462.9439312304985
3153,4480.681430767835
3154,4498.581186103897
3155,4516.512435154663
3156,4534.475233323171
3157,4552.469636109927
3158,4570.632784262055
3159,4588.834943563318
3160,4607.069128600245
3161,4625.33539571168
3162,4643.756747189278
3163,4662.232490770988
3164,4680.740741409807
3165,4699.2815562911765
3166,4717.9682463383215
3167,4736.720272062039
3168,4755.505290909733
3169,4774.323360921796
3170,4793.282548777547
3171,4812.313578529356
3172,4831.378092259678
3173,4850.476148872263
3174,4869.715018377234
3175,4889.027798262073
3176,4908.3745578102025
3177,4927.755356797236
3178,4947.281116993353
3179,4966.8784175306955
3180,4986.51019828931
3181,5006.176519925185
3182,5025.996405648855
3183,5045.8810219698835
3184,5065.800623986587
3185,5085.755273244019
3186,5105.883795011915
3187,5126.066805576647
3188,5146.28532680183
3189,5166.539421155876
3190,5186.951987466564
3191,5207.436415598093
3192,5227.956884672695
3193,5248.513458091477
3194,5269.217576891146
3195,5290.0064729737
3196,5310.831945647363
3197,5331.694059255379
3198,5352.69727754259
3199,5373.79371933226
3200,5394.927278774622
3201,5416.098021164567
3202,5437.407925219932
3203,5458.815018165135
3204,5480.259775286837
3205,5501.742262841181
3206,5523.366478468441
3207,5545.087356040887
3208,5566.846449825148
3209,5588.6438270483
3210,5610.590019827973
3211,5632.627843864812
3212,5654.704441710143
3213,5676.819881571775
3214,5699.095757129026
3215,5721.453718187357
3216,5743.851016262735
3217,5766.287720553542
3218,5788.901024842007
3219,5811.582342566727
3220,5834.303566180047
3221,5857.064765880891
3222,5880.02328548474
3223,5903.031208991032
3224,5926.0796129722985
3225,5949.183311548204
3226,5972.480131094639
3227,5995.817939366257
3228,6019.196808466556
3229,6042.659856337398
3230,6066.289284772077
3231,6089.9602870770705
3232,6113.67293638503
3233,6137.503230857718
3234,6161.46860230333
3235,6185.476138628659
3236,6209.525914005821
3237,6233.73139417276
3238,6258.036073871463
3239,6282.383515378282
3240,6306.773793915194
3241,6331.3624410746725
3242,6356.0098258650905
3243,6380.700575366551
3244,6405.464981585831
3245,6430.414603977204
3246,6455.408122796037
3247,6480.445615259814
3248,6505.607650887272
3249,6530.906254927975
3250,6556.249369338576
3251,6581.63707241637
3252,6607.204833451325
3253,6632.855907753364
3254,6658.5521125036275
3255,6684.313762943347
3256,6710.275153460565
3257,6736.282220351518
3258,6762.335043964205
3259,6788.51707264846
3260,6814.837381003485
3261,6841.203997150781
3262,6867.617002548843
3263,6894.242747229503
3264,6920.9432483746805
3265,6947.690726159576
3266,6974.485263219006
3267,7001.502769309796
3268,7028.587265458834
3269,7055.7194137824135
3270,7082.899298103442
3271,7110.317724283733
3272,7137.790051608521
3273,7165.310713389763
3274,7192.894448044115
3275,7220.727016001393
3276,7248.608552168755
3277,7276.5391426837405
3278,7304.518873835295
3279,7332.731391480065
3280,7361.026266292477
3281,7389.370922607195
3282,7417.765447992037
3283,7446.353328853005
3284,7475.065712699812
3285,7503.828612538469
3286,7532.642117228556
3287,7561.615468266304
3288,7590.749572853422
3289,7619.93493532944
3290,7649.171645858704
3291,7678.540614215768
3292,7708.100693333659
3293,7737.7127797189805
3294,7767.376964854014
3295,7797.151738017234
3296,7827.142088349027
3297,7857.185202883671
3298,7887.281174434667
3299,7917.471980422579
3300,7947.896942395659
3301,7978.3754331408245
3302,8008.907546816196
3303,8039.5246543960075
3304,8070.388613080059
3305,8101.306872817705
3306,8132.279529125261
3307,8163.333248064108
3308,8194.640634120131
3309,8226.003101303693
3310,8257.420746503005
3311,8288.921427859355
3312,8320.676718543158
3313,8352.487878302805
3314,8384.355005412228
3315,8416.31304187322
3316,8448.520762098433
3317,8480.785147305933
3318,8513.106297169366
3319,8545.532123441395
3320,8578.19684690681
3321,8610.919039304825
3322,8643.698801723014
3323,8676.602894983356
3324,8709.729245369741
3325,8742.913876770865
3326,8776.156891702438
3327,8809.549772120656
3328,8843.142424363485
3329,8876.794177925065
3330,8910.50513676372
3331,8944.397368102827
3332,8978.461049746844
3333,9012.58466132802
3334,9046.768308261893
3335,9081.170498570269
3336,9115.709991213422
3337,9150.310250821549
3338,9184.971384282191
3339,9219.894186688534
3340,9254.914327522505
3341,9289.996080856428
3342,9325.15034219249
3343,9360.593668689846
3344,9396.099352146268
3345,9431.667502245416
3346,9467.361438651516
3347,9503.294399863875
3348,9539.290579374867
3349,9575.35008838287
3350,9611.594459598544
3351,9648.022061041043
3352,9684.513750924838
3353,9721.069641978504
3354,9757.92674412191
3355,9794.92144639466
3356,9831.98123473046
3357,9869.106223612293
3358,9906.301455360051
3359,9943.868904523466
3360,9981.502447301202
3361,10019.202199948111
3362,10056.968278923521
3363,10094.896150694489
3364,10133.109046218276
3365,10171.389170779774
3366,10209.736642630594
3367,10248.151580230186
3368,10286.833250957627
3369,10325.699402643664
3370,10364.633932525257
3371,10403.63696087477
3372,10442.70860817609
3373,10482.165355872336
3374,10521.692656458332
3375,10561.289498277789
3376,10600.956003648365
3377,10640.819686200746
3378,10680.94551806076
3379,10721.141944050356
3380,10761.409088338756
3381,10801.747075313408
3382,10842.425418366542
3383,10883.227247587512
3384,10924.100860088347
3385,10965.046382129292
3386,11006.165457449413
3387,11047.57855770727
3388,11089.064516545086
3389,11130.623462114045
3390,11172.255522790721
3391,11214.229224303173
3392,11256.333456818804
3393,11298.511763680319
3394,11340.764275176785
3395,11383.214364089497
3396,11425.947052755018
3397,11468.754921290782
3398,11511.638101929908
3399,11554.59672713809
3400,11597.92983200502
3401,11641.37357415991
3402,11684.893746986649
3403,11728.49048491791
3404,11772.315774975339
3405,11816.401523024177
3406,11860.564831097197
3407,11904.805835613031
3408,11949.139504248467
3409,11993.873441664693
3410,12038.686079331294
3411,12083.577555671958
3412,12128.548009353615
3413,12173.824451353037
3414,12219.293019359691
3415,12264.841579879474
3416,12310.470273608284
3417,12356.28917001209
3418,12402.419971823525
3419,12448.631931071854
3420,12494.925190501453
3421,12541.302938359217
3422,12588.102330460057
3423,12634.984056099467
3424,12681.948260089895
3425,12728.995087498479
3426,12776.375705146675
3427,12823.933618364992
3428,12871.575199395676
3429,12919.300595397419
3430,12967.275923837085
3431,13015.516499763395
3432,13063.84194434977
3433,13112.252406866504
3434,13160.839893709806
3435,13209.772955419603
3436,13258.792103913413
3437,13307.897490603455
3438,13357.101674153138
3439,13406.733972664098
3440,13456.453587954487
3441,13506.260673599352
3442,13556.155383443594
3443,13606.436110655271
3444,13656.862774896166
3445,13707.378153224034
3446,13757.982401670739
3447,13808.916462701574
3448,13860.056766940037
3449,13911.28704058778
3450,13962.607441883962
3451,14014.21238215393
3452,14066.072974141687
3453,14118.02480255046
3454,14170.068027847268
3455,14222.361425422429
3456,14274.949010016115
3457,14327.629109832347
3458,14380.40188758669
3459,14433.40135475659
3460,14486.72269432208
3461,14540.137839802454
3462,14593.646956182793
3463,14647.370141004107
3464,14701.432055825118
3465,14755.589079245907
3466,14809.841378542178
3467,14864.322609042072
3468,14919.184110603672
3469,14974.14212725986
3470,15029.196828759403
3471,15084.348385149306
3472,15139.921899383524
3473,15195.688616950785
3474,15251.553441882375
3475,15307.516546726578
3476,15363.688517714074
3477,15420.27171355189
3478,15476.954452950591
3479,15533.736910983711
3480,15590.619263032668
3481,15647.934837285953
3482,15705.443352854778
3483,15763.053039603603
3484,15820.764075467834
3485,15878.72166653833
3486,15937.063891541164
3487,15995.508754219092
3488,16054.056435086022
3489,16112.707114973051
3490,16171.860081292214
3491,16231.148139720324
3492,16290.540499512621
3493,16350.037344108028
3494,16409.87620010637
3495,16470.015547661118
3496,16530.260693986096
3497,16590.611825153013
3498,16651.156795185558
3499,16712.155599774036
3500,16773.261714900582
3501,16834.47532929496
3502,16895.796632018806
3503,16957.6131916011
3504,17019.58853346561
3505,17081.672903543822
3506,17143.86649358562
3507,17206.43349624733
3508,17269.286399489964
3509,17332.249874546964
3510,17395.324115882173
3511,17458.661968264627
3512,17522.400845297234
3513,17586.251852536272
3514,17650.215187185542
3515,17714.344347673272
3516,17778.97768978054
3517,17843.724735416316
3518,17908.5856845506
3519,17973.56073750471
3520,18039.063042605303
3521,18104.71471300209
3522,18170.481878082697
3523,18236.364740966055
3524,18302.703308568784
3525,18369.26827141499
3526,18435.95033537031
3527,18502.74970637803
3528,18569.945192125273
3529,18637.43219764643
3530,18705.037926086974
3531,18772.762586241548
3532,18840.83570208732
3533,18909.253584299375
3534,18977.791826773217
3535,19046.45064118229
3536,19115.422156513592
3537,19184.779834518118
3538,19254.259525808615
3539,19323.861444964714
3540,19393.752187793896
3541,19464.05866711779
3542,19534.488828585374
3543,19605.042889710334
3544,19675.87374794354
3545,19747.138121925032
3546,19818.527862895793
3547,19890.04319133159
3548,19961.835114119633
3549,20034.066565342713
3550,20106.425084545288
3551,20178.9108951936
3552,20251.684894371156
3553,20324.892696151375
3554,20398.229283205364
3555,20471.69488201846
3556,20545.473469062166
3557,20619.6706812767
3558,20693.99841902436
3559,20768.45691184996
3560,20843.249034421973
3561,20918.44502497376
3562,20993.773297788066
3563,21069.234085498083
3564,21145.061477074356
3565,21221.265704805137
3566,21297.60398815762
3567,21374.076562882616
3568,21450.961018243826
3569,21528.183034611953
3570,21605.540896753508
3571,21683.034843566355
3572,21760.998220223977
3573,21839.247671064288
3574,21917.634774788054
3575,21996.159773470037
3576,22075.223993217533
3577,22154.510620587997
3578,22233.93672507933
3579,22313.50255197328
3580,22393.68960257674
3581,22474.023246697998
3582,22554.498209477413
3583,22635.199001509016
3584,22716.44667647771
3585,22797.83727777246
3586,22879.371056738535
3587,22961.2344125287
3588,23043.547214065853
3589,23126.004815304666
3590,23208.60747088368
3591,23291.655536434286
3592,23375.043594110615
3593,23458.578342672445
3594,23542.260040082838
3595,23626.515034023105
3596,23710.988584213057
3597,23795.610734468184
3598,23880.446837016905
3599,23965.865962219774
3600,24051.43535061232
3601,24137.155266437698
3602,24223.238305668798
3603,24309.761784391612
3604,24396.43746864206
3605,24483.265626077515
3606,24570.61799524205
3607,24658.25638135683
3608,24746.048933890826
3609,24834.032005294852
3610,24922.640098236447
3611,25011.4040631463
3612,25100.32417412719
3613,25189.61677711232
3614,25279.359245804302
3615,25369.259581581504
3616,25459.318062053786
3617,25549.942779672114
3618,25640.830521026477
3619,25731.87814373945
3620,25823.183027457195
3621,25915.065434902626
3622,26007.109473134467
3623,26099.315426378438
3624,26191.99283246486
3625,26285.04064238942
3626,26378.252132761394
3627,26471.64128870882
3628,26565.700312624605
3629,26659.92479550649
3630,26754.315028309662
3631,26849.184107884856
3632,26944.57124035906
3633,27040.12616765204
3634,27135.849184825038
3635,27231.740587457596
3636,27328.449283593425
3637,27425.34729067516
3638,27522.415749807642
3639,27619.65496072268
3640,27717.402042760783
3641,27815.655914578954
3642,27914.082623093393
3643,28012.68247222765
3644,28111.497470792947
3645,28211.1201460789
3646,28310.918065451628
3647,28410.89153706636
3648,28511.040869620025
3649,28611.808458174943
3650,28712.99070845025
3651,28814.35094565329
3652,28915.889482760587
3653,29017.78970006505
3654,29120.369564651228
3655,29223.12987420141
3656,29326.0709460128
3657,29429.193097939817
3658,29533.124038269732
3659,29637.297895674274
3660,29741.655001384974
3661,29846.195677626067
3662,29951.323936357257
3663,30056.924991279062
3664,30162.711804546063
3665,30268.68470279449
3666,30375.03948054968
3667,30482.0815625456
3668,30589.31193723596
3669,30696.730935711552
3670,30804.341319417323
3671,30912.83844402949
3672,31021.52642032227
3673,31130.405583884403
3674,31239.476270894284
3675,31349.266916675886
3676,31459.426727542523
3677,31569.780314181622
3678,31680.328017321222
3679,31791.44826939678
3680,31903.112717932872
3681,32014.973588428624
3682,32127.031226263174
3683,32239.435132168393
3684,32352.617433897263
3685,32465.998827001305
3686,32579.579661551466
3687,32693.360288234046
3688,32808.016179593214
3689,32922.93143772839
3690,33038.04883486815
3691,33153.36872644004
3692,33269.38458863722
3693,33385.84715858553
3694,33502.51458873118
3695,33619.387239284435
3696,33736.79862808613
3697,33854.82206168401
3698,33973.05310049063
3699,34091.49210954086
3700,34210.33460239565
3701,34329.932557237065
3702,34449.740886303
3703,34569.759959494964
3704,34690.072719555166
3705,34811.29252875131
3706,34932.72556442709
3707,35054.37220149705
3708,35176.232815534146
3709,35298.92834154857
3710,35422.001383823925
3711,35545.29091165367
3712,35668.79730567974
3713,35792.91948529343
3714,35917.64800340762
3715,36042.59591842573
3716,36167.76361610646
3717,36293.34592827811
3718,36419.745564356606
3719,36546.36753618155
3720,36673.212234676655
3721,36800.28812912959
3722,36928.37470196896
3723,37056.686577200664
3724,37185.22415096217
3725,37313.98782008721
3726,37443.61655795991
3727,37573.634364117774
3728,37703.88086883506
3729,37834.35647421783
3730,37965.57823037421
3731,38097.35986318364
3732,38229.37329639649
3733,38361.61893757021
3734,38494.29325315039
3735,38627.85392311241
3736,38761.64952205333
3737,38895.680463028824
3738,39029.94715981997
3739,39165.203766885956
3740,39300.796921355235
3741,39436.628578979
3742,39572.69915909371
3743,39709.49692184316
3744,39846.90317811031
3745,39984.551125972655
3746,40122.44119037028
3747,40260.82123115839
3748,40400.05629618054
3749,40539.53626884184
3750,40679.261579734106
3751,40819.26486591972
3752,40960.344611907814
3753,41101.6725094723
3754,41243.24899490567
3755,41385.074505266646
3756,41527.933369185586
3757,41671.2191091332
3758,41814.756879900146
3759,41958.54712459561
3760,42102.75696324823
3761,42248.01721026853
3762,42393.53296034362
3763,42539.30466268461
3764,42685.33276729188
3765,42832.165042696695
3766,42979.67559786118
3767,43127.4456131966
3768,43275.4755448679
3769,43423.76584984095
3770,43573.283476453784
3771,43723.06879357011
3772,43873.117570945586
3773,44023.43027177379
3774,44174.45560795548
3775,44326.27335051809
3776,44478.358127353495
3777,44630.71040793586
3778,44783.33066256424
3779,44937.16479399062
3780,45091.30915239244
3781,45245.7246362849
3782,45400.41172233134
3783,45555.83080736524
3784,45712.05200900579
3785,45868.54798821247
3786,46025.319228066124
3787,46182.37242552292
3788,46340.68785929832
3789,46499.2817532703
3790,46658.154596990826
3791,46817.30688087143
3792,46977.31819400769
3793,47138.0275505328
3794,47299.01957674169
3795,47460.29476958254
3796,47622.044836921734
3797,47784.88733302067
3798,47948.01624979912
3799,48111.43209079625
3800,48275.135360435954
3801,48440.01072734462
3802,48605.35116453611
3803,48770.98241476551
3804,48936.90498928996
3805,49103.40276429735
3806,49270.97360233754
3807,49438.839175409834
3808,49607.00000166285
3809,49775.45660015484
3810,49944.99117839804
3811,50115.110168838684
3812,50285.528374896385
3813,50456.246322591825
3814,50627.51184629334
3815,50799.90353301293
3816,50972.59843166011
3817,51145.597075277714
3818,51318.8999978444
3819,51493.32775936218
3820,51668.318851748125
3821,51843.61772670133
3822,52019.224925294795
3823,52195.4917047468
3824,52372.798684225316
3825,52550.41751846977
3826,52728.348755707986
3827,52906.592945131
3828,53086.147359977396
3829,53266.10607805173
3830,53446.381313480844
3831,53626.9736226847
3832,53808.47470471047
3833,53990.79343198183
3834,54173.43282632894
3835,54356.39345146272
3836,54539.89095244531
3837,54724.59001957066
3838,54909.61393921296
3839,55094.96328243675
3840,55280.6386213091
3841,55467.60670716623
3842,55655.035728828305
3843,55842.794403018845
3844,56030.883309234836
3845,56219.95480301319
3846,56409.80971870596
3847,56599.99855240414
3848,56790.5218910988
3849,56981.74607275831
3850,57174.04789497365
3851,57366.68793758842
3852,57559.66679515229
3853,57753.0927556524
3854,57947.86272282794
3855,58142.97525011049
3856,58338.43093967393
3857,58534.230394750055
3858,58731.36716376947
3859,58928.973683574826
3860,59126.92775077935
3861,59325.22997631862
3862,59524.67469365612
3863,59724.796952008146
3864,59925.27118108197
3865,60126.09799958417
3866,60327.899321629295
3867,60530.55930910697
3868,60733.57572926296
3869,60936.94920864236
3870,61141.155609971196
3871,61346.375568435804
3872,61551.95646060999
3873,61757.898920946136
3874,61964.55869495195
3875,62172.361124634604
3876,62380.529028586556
3877,62589.0630492367
3878,62798.260818569615
3879,63008.82820030864
3880,63219.76591777033
3881,63431.07462192396
3882,63642.754964881264
3883,63855.58447435467
3884,64069.31319817171
3885,64283.41781589931
3886,64497.89898826997
3887,64712.7634627923
3888,64929.30455470932
3889,65146.22648527629
3890,65363.52992391242
3891,65581.21554121193
3892,65799.8737352955
3893,66019.6345481736
3894,66239.78186043211
3895,66460.31635143326
3896,66681.23870173257
3897,66903.8980646338
3898,67127.041695244
3899,67350.57777273297
3900,67574.50698691055
3901,67798.84671211183
3902,68025.02684453793
3903,68251.60476259667
3904,68478.58116547641
3905,68705.9567535925
3906,68933.83653640216
3907,69163.48830770317
3908,69393.54396820368
3909,69624.00422781259
3910,69854.86979768562
3911,70086.35239660884
3912,70319.50965682104
3913,70553.07696925083
3914,70787.05505463279
3915,71021.4446349664
3916,71256.63203156079
3917,71493.32895514109
3918,71730.44215397786
3919,71967.97235973568
3920,72205.92030536408
3921,72444.913928209
3922,72685.1850163575
3923,72925.8786633939
3924,73166.99561201992
3925,73408.5366062406
3926,73651.47179211142
3927,73895.40671638878
3928,74139.77064080321
3929,74384.56431936943
3930,74629.78850742613
3931,74876.52996301748
3932,75124.16509206878
3933,75372.23572637813
3934,75620.74263138598
3935,75869.68657387605
3936,76120.33699603501
3937,76371.70902204784
3938,76623.52312287927
3939,76875.78007550759
3940,77128.48065827548
3941,77383.14242556007
3942,77638.28836702663
3943,77893.88301788275
3944,78149.92716675927
3945,78406.69418912078
3946,78665.19678306502
3947,78924.15398756186
3948,79183.5666016069
3949,79443.43542559784
3950,79704.40683297133
3951,79966.75161495263
3952,80229.5577619518
3953,80492.82608482632
3954,80756.55739585748
3955,81021.83458293516
3956,81288.05950051264
3957,81554.75260421135
3958,81821.91471686799
3959,82089.56163547885
3960,82359.23073222039
3961,82629.37406994462
3962,82899.99248212212
3963,83171.08680368694
3964,83443.23044284168
3965,83716.84964018538
3966,83990.95002247348
3967,84265.53243537153
3968,84540.59772602878
3969,84817.33855368644
3970,85094.94675051127
3971,85373.0431445476
3972,85651.62859377454
3973,85931.00013841744
3974,86212.14216919173
3975,86493.77860946454
3976,86775.91032812475
3977,87058.53819558678
3978,87342.69588046713
3979,87627.89860852601
3980,87913.60288424342
3981,88199.80958904349
3982,88486.76759391106
3983,88775.563028926
3984,89064.86632725618
3985,89354.67838141661
3986,89645.00008548798
3987,89936.93187528443
3988,90229.8608408901
3989,90523.30493585374
3990,90817.26506544839
3991,91112.16527827746
3992,91408.74673611637
3993,91705.8497439369
3994,92003.47521828688
3995,92301.62407732329
3996,92601.68445979361
3997,92902.47343432781
3998,93203.79135478658
3999,93505.63915070459
4000,93808.83460330626
4001,94113.33678142111
4002,94418.37443267276
4003,94723.9484980572
4004,95030.35791121691
4005,95338.60071399911
4006,95647.38556526968
4007,95956.71341757057
4008,96266.58522511458
4009,96578.42632388276
4010,96890.98603016353
4011,97204.09537292109
4012,97517.75531801932
4013,97832.97487459077
4014,98149.33727786828
4015,98466.25600194531
4016,98783.73202442237
4017,99102.4078099992
4018,99422.60094049296
4019,99743.35712531475
4020,100064.67735388792
4021,100386.91404545234
4022,100711.10085664272
4023,101035.85774215308
4024,101361.18570373257
4025,101687.08574488878
4026,102014.74458737165
4027,102343.53082111257
4028,102672.89521352612
4029,103002.8387805548
4030,103333.70739327019
4031,103666.55181701538
4032,103999.98153266164
4033,104333.99756867571
4034,104668.60095532933
4035,105005.15234972806
4036,105342.7515631043
4037,105680.94442569252
4038,106019.73198063203
4039,106359.375216496
4040,106701.1732145616
4041,107043.57224208642
4042,107386.5733551673
4043,107730.17761175337
4044,108075.43005598479
4045,108422.06478510461
4046,108769.30904482523
4047,109117.1639061666
4048,109465.70556233852
4049,109816.60572972725
4050,110168.12292495128
4051,110520.25823219291
4052,110873.01273753718
4053,111227.37867090943
4054,111583.19879264144
4055,111939.6445894227
4056,112296.71716061576
4057,112654.56713589249
4058,113014.72037910421
4059,113375.50691338853
4060,113736.92785147828
4061,114098.98430805761
4062,114462.87136209909
4063,114828.02908805583
4064,115193.82890065674
4065,115560.27192807308
4066,115927.8353784622
4067,116297.39495841134
4068,116667.60436165276
4069,117038.46472993895
4070,117409.9772070263
4071,117783.78834316351
4072,118158.43826369748
4073,118533.74695377731
4074,118909.71557085944
4075,119287.39304756648
4076,119666.51462464934
4077,120046.30283042279
4078,120426.7588361389
4079,120808.39287640019
4080,121192.01746404062
4081,121576.31659453547
4082,121961.29145302877
4083,122346.9716471005
4084,122735.13081629438
4085,123123.97249790523
4086,123513.4978910661
4087,123903.70819701247
4088,124296.0387441476
4089,124689.4548229521
4090,125083.56265273795
4091,125478.3634488519
4092,125874.92535228313
4093,126272.94789645745
4094,126671.67028731285
4095,127071.09375440564
4096,127471.97480123154
4097,127874.63610356029
4098,128278.0054049307
4099,128682.08394920843
4100,129087.37132154452
4101,129494.70390204071
4102,129902.75269099802
4103,130311.51894669062
4104,130721.29922829995
4105,131133.33583693817
4106,131546.09692091763
4107,131959.58375302175
4108,132373.94293595685
4109,132790.7165555347
4110,133208.22297520202
4111,133626.46348235238
4112,134045.4869736298
4113,134467.0308227617
4114,134889.31585501143
4115,135312.3433724849
4116,135736.11600080584
4117,136162.46353706555
4118,136589.5606981696
4119,137017.4088010388
4120,137446.01482358165
4121,137877.1997468011
4122,138309.1427957133
4123,138741.84530215728
4124,139175.36841146153
4125,139611.42466720217
4126,140048.24760903546
4127,140485.83858382306
4128,140924.3780695956
4129,141365.5213202115
4130,141807.44019636684
4131,142250.13606061094
4132,142693.61027788167
4133,143139.43637538623
4134,143586.4851216186
4135,144034.3198705993
4136,144482.94200308566
4137,144933.3715678746
4138,145385.58434421115
4139,145838.59219787273
4140,146292.39652554056
4141,146747.52846153677
4142,147204.93965409842
4143,147663.15505887367
4144,148122.17608857332
4145,148582.1084646841
4146,149044.75268755
4147,149508.2103182283
4148,149972.48278556543
4149,150437.57152091432
4150,150905.22494300123
4151,151373.959704643
4152,151843.51857589663
4153,152313.90300438605
4154,152786.557796985
4155,153260.60482688432
4156,153735.48530097285
4157,154211.20068325326
4158,154688.95252015503
4159,155168.34718985343
4160,155648.5847003521
4161,156129.66653214037
4162,156612.61029341968
4163,157097.38821077748
4164,157583.01842799247
4165,158069.50244215058
4166,158557.73222421002
4167,159047.92923553626
4168,159538.9880686399
4169,160030.9102373119
4170,160524.51936289822
4171,161020.17155514564
4172,161516.69515437368
4173,162014.0916911896
4174,162513.17271938818
4175,163014.3164224131
4176,163516.34118132872
4177,164019.24854367046
4178,164523.89327989434
4179,165030.56506879572
4180,165538.12762663377
4181,166046.58251798362
4182,166556.88202396745
4183,167069.11872150112
4184,167582.25596558524
4185,168096.2953379481
4186,168612.33994175977
4187,169130.1786208398
4188,169648.9276890892
4189,170168.58874550252
4190,170690.4680515898
4191,171213.94603787977
4192,171738.34432140435
4193,172263.6645185388
4194,172791.46741782877
4195,173320.62229243474
4196,173850.7074382329
4197,174381.72448909434
4198,174915.53916916435
4199,175450.40877143
4200,175986.21868518894
4201,176523.21083915015
4202,177062.8845172699
4203,177603.50694769176
4204,178145.07979670714
4205,178688.250061537
4206,179233.70477594915
4207,179780.11839920946
4208,180327.49261542413
4209,180876.92706565507
4210,181428.20138079108
4211,181980.44482893075
4212,182533.6591121132
4213,183089.4431589286
4214,183646.5759094195
4215,184204.68808515088
4216,184764.02553487004
4217,185326.82637022474
4218,185890.61658997426
4219,186455.3979316805
4220,187021.17213595173
4221,187587.94094644597
4222,188158.3001835563
4223,188729.78541058363
4224,189302.27527823034
4225,189875.77155081375
4226,190450.27599574465
4227,191028.1359156784
4228,191607.37646212935
4229,192187.63527356752
4230,192768.91413820608
4231,193351.21484739106
4232,193936.7591762729
4233,194523.81584057497
4234,195111.90450078744
4235,195701.0269692034
4236,196291.18506129258
4237,196884.59488525245
4238,197479.5289561501
4239,198075.50886129032
4240,198672.5364372343
4241,199270.6135237626
4242,199872.06733209835
4243,200474.94059273365
4244,201078.87363421492
4245,201683.86831756163
4246,202289.926507053
4247,202899.60023494446
4248,203510.4749669757
4249,204122.42353559844
4250,204735.44782647837
4251,205349.76390679812
4252,205967.61679937743
4253,206586.5557871463
4254,207206.58277726808
4255,207827.69968024918
4256,208450.57358912888
4257,209076.5397770025
4258,209703.60631173864
4259,210331.7751254915
4260,210961.048153799
4261,211592.64834981668
4262,212226.79152375896
4263,212862.04940783547
4264,213498.423959383
4265,214135.91713916883
4266,214776.40969268678
4267,215418.7940580151
4268,216062.30760924227
4269,216706.95232908655
4270,217352.73032690215
4271,218002.27883753428
4272,218652.96911844556
4273,219304.80317441985
4274,219957.78301375234
4275,220612.77178183032
4276,221270.67677776373
4277,221929.73822171876
4278,222589.95814421042
4279,223251.33857931287
4280,223915.6971964702
4281,224582.0243378344
4282,225249.52271999067
4283,225918.19439938874
4284,226588.29534476594
4285,227261.92675236933
4286,227936.74223054864
4287,228612.74385824718
4288,229289.93371804862
4289,229969.7090997594
4290,230651.88057202462
4291,231335.25111418864
4292,232019.82283148638
4293,232705.63346099824
4294,233395.20008899728
4295,234085.97877583563
4296,234777.97164951926
4297,235471.18084178257
4298,236166.9616158913
4299,236865.1879435668
4300,237564.64153894244
4301,238265.32455668383
4302,238967.4245180453
4303,239673.13825061722
4304,240380.09240135446
4305,241088.28914797454
4306,241797.73067200856
4307,242510.08790385816
4308,243224.58271396428
4309,243940.33336367205
4310,244657.3420577281
4311,245376.2937242583
4312,246098.36957008753
4313,246821.7145699138
4314,247546.33095182147
4315,248272.2209477961
4316,249001.9725718294
4317,249733.24083801097
4318,250465.79440182346
4319,251199.6355196439
4320,251935.05534097916
4321,252674.28439845855
4322,253414.8127347636
4323,254156.64263077738
4324,254899.7763713788
4325,255645.13517064272
4326,256393.67614098245
4327,257143.53274296274
4328,257894.70728612656
4329,258647.2020840595
4330,259402.67231568618
4331,260160.59382440487
4332,260919.84743772438
4333,261680.4354940533
4334,262442.360335897
4335,263208.11141036666
4336,263975.4826364899
4337,264744.202561279
4338,265514.2735522229
4339,266286.36866305995
4340,267061.8963212878
4341,267838.78700173507
4342,268617.0430969928
4343,269396.66700383887
4344,270179.3696187171
4345,270964.4702207567
4346,271750.9506547623
4347,272538.81334277656
4348,273328.1814015853
4349,274121.53137150523
4350,274916.2756595349
4351,275712.4167131014
4352,276509.95698391885
4353,277310.24741276266
4354,278113.29535255954
4355,278917.7546390207
4356,279723.6277494096
4357,280530.9171653254
4358,281342.5504285951
4359,282155.6365567266
4360,282970.1516574821
4361,283786.098239005
4362,284603.6725226569
4363,285425.4205486627
4364,286248.61275723425
4365,287073.2516831659
4366,287899.3398656905
4367,288727.41985053883
4368,289559.32470766606
4369,290392.6915808364
4370,291227.5230360874
4371,292063.82164394733
4372,292902.596990164
4373,293744.7278391183
4374,294588.3386585821
4375,295433.4320460444
4376,296280.01060354203
4377,297129.6663330309
4378,297982.09303664055
4379,298836.017787436
4380,299691.44321457145
4381,300548.37195180455
4382,301409.08858373214
4383,302271.8817130816
4384,303136.1910897373
4385,304002.0193747349
4386,304869.6239596208
4387,305741.32291684067
4388,306614.5537577518
4389,307489.31917078054
4390,308365.621849057
4391,309244.63687450055
4392,310126.82713219523
4393,311010.56769207877
4394,311895.86127483484
4395,312782.71060591075
4396,313673.303641526
4397,314566.0578089223
4398,315460.3808239972
4399,316356.2754399161
4400,317254.2723559542
4401,318156.0790369888
4402,319059.47045846586
4403,319964.44940138684
4404,320871.01865161833
4405,321780.91766165715
4406,322693.4169138695
4407,323607.5196769866
4408,324523.22876487917
4409,325440.8568596081
4410,326362.5038215268
4411,327285.7703534648
4412,328210.6592974174
4413,329137.17350035475
4414,330067.01182792656
4415,330999.4825375397
4416,331933.59181698353
4417,332869.34254152444
4418,333807.2187118984
4419,334748.9344734937
4420,335692.3050341247
4421,336637.3332974774
4422,337584.0221723164
4423,338534.40165866364
4424,339487.0749181154
4425,340441.4222102487
4426,341397.44647242245
4427,342356.15695700445
4428,343318.1748109965
4429,344281.88310079806
4430,345247.28479249036
4431,346214.47071092855
4432,347185.8755399048
4433,348158.98728183296
4434,349133.8089316441
4435,350110.34348950995
4436,351090.44552786165
4437,352073.003669119
4438,353057.2882992523
4439,354043.3024474636
4440,355032.1509031992
4441,356024.1988914648
4442,357017.99002547335
4443,358013.52736358857
4444,359011.25560780603
4445,360012.8373995545
4446,361016.17907067394
4447,362021.2837088225
4448,363028.154407057
4449,364039.34515769855
4450,365052.45491194585
4451,366067.34477790596
4452,367084.01787865115
4453,368103.69691097026
4454,369126.61456372973
4455,370151.3295423486
4456,371177.8450000335
4457,372206.17225785553
4458,373238.93796509656
4459,374273.5182823978
4460,375309.91639321984
4461,376348.1354865897
4462,377389.7021214328
4463,378434.18834613246
4464,379480.50974957825
4465,380528.66955122637
4466,381579.1811905124
4467,382633.6142355495
4468,383689.89991592494
4469,384748.04148164805
4470,385808.04218841466
4471,386872.0676913049
4472,387938.3589792788
4473,389006.523711838
4474,390076.5651754087
4475,391149.81777613296
4476,392226.15635029296
4477,393304.3860009711
4478,394384.5100454505
4479,395467.1657510696
4480,396553.73911562655
4481,397642.2215175287
4482,398732.61630549055
4483,399824.92683408025
4484,400921.07786574366
4485,402019.85199223657
4486,403120.55656496773
4487,404223.19497010857
4488,405328.49670013716
4489,406437.7693511167
4490,407548.9908712779
4491,408662.1646790299
4492,409777.2941987609
4493,410895.84130333585
4494,412017.6147504065
4495,413141.3590011277
4496,414267.07751228655
4497,415394.77374671085
4498,416526.7284648979
4499,417661.07860898675
4500,418797.42162366793
4501,419935.76100433036
4502,421076.62772727147
4503,422221.6196252304
4504,423368.62306634506
4505,424517.64157867356
4506,425668.6786964429
4507,426823.2737647199
4508,427980.97396613285
4509,429140.70800722175
4510,430302.47945504833
4511,431466.3284734227
4512,432634.7621801475
4513,433805.24855895527
4514,434977.7912098515
4515,436152.3937391323
4516,437330.2714325124
4517,438511.54737012705
4518,439694.89850995166
4519,440880.3284913953
4520,442067.84096023
4521,443260.11484886106
4522,444454.54846793256
4523,445651.0803725557
4524,446849.7142425115
4525,448050.6743213097
4526,449256.2225208802
4527,450463.8885056809
4528,451673.6759895997
4529,452885.5886930171
4530,454100.23083013983
4531,455319.0635273016
4532,456540.03731403564
4533,457763.15594498604
4534,458988.42318135523
4535,460216.91049090686
4536,461449.103746197
4537,462683.4615280165
4538,463919.9876319895
4539,465158.68586037436
4540,466401.1754108832
4541,467646.8060454376
4542,468894.62477740564
4543,470144.63544362795
4544,471396.84188764583
4545,472653.4848690121
4546,473912.630469463
4547,475173.9878734716
4548,476437.5609593216
4549,477703.78830887494
4550,478974.29549902835
4551,480247.034422337
4552,481522.0089919361
4553,482799.2231277932
4554,484079.90576258284
4555,485364.0614688011
4556,486650.47284699336
4557,487939.1438521398
4558,489230.078446131
4559,490525.35066085553
4560,491823.2346558008
4561,493123.3984005782
4562,494425.8458922581
4563,495731.17907601426
4564,497040.57197941846
4565,498352.2648185558
4566,499666.26162578294
4567,500982.5664405002
4568,502302.7579654315
4569,503626.0167380908
4570,504951.5997640001
4571,506279.51111801685
4572,507610.06150155497
4573,508944.9235311643
4574,510282.13016399636
4575,511621.6855104775
4576,512963.5936882176
4577,514309.2504599218
4578,515658.1185726187
4579,517009.3558502718
4580,518362.9664462344
4581,519719.2588236867
4582,521079.82677320106
4583,522442.7844055839
4584,523808.1359100465
4585,525175.885483111
4586,526547.5127290343
4587,527922.2296235504
4588,529299.3610114757
4589,530678.9111253679
4590,532061.4307235547
4591,533447.9462700807
4592,534836.8969997391
4593,536228.2871812448
4594,537622.1210907616
4595,539020.1855662831
4596,540420.9955774742
4597,541824.2658357404
4598,543230.0006535796
4599,544639.1953214501
4600,546051.9050332452
4601,547467.095857523
4602,548884.7721432361
4603,550305.2200624876
4604,551729.8703704491
4605,553157.0227273074
4606,554586.6815185911
4607,556018.8511374865
4608,557455.1334325119
4609,558894.2887624537
4610,560335.9715717603
4611,561780.1862903809
4612,563227.9330242451
4613,564679.1332376454
4614,566132.8820481139
4615,567589.183922486
4616,569048.5050292107
4617,570511.7925014974
4618,571977.6497621245
4619,573446.0813149408
4620,574917.0916716555
4621,576392.5000889132
4622,577870.5087088622
4623,579351.1129237778
4624,580834.3172825737
4625,582321.4868289764
4626,583811.6901709189
4627,585304.5104858819
4628,586799.9523601134
4629,588298.9809481658
4630,589801.4228205298
4631,591306.5031200167
4632,592814.2264703371
4633,594325.2081686257
4634,595839.9328166222
4635,597357.3174226464
4636,598877.3666480044
4637,600400.391801235
4638,601927.4438964918
4639,603457.1775582217
4640,604989.597485459
4641,606524.7528331329
4642,608064.1774617842
4643,609606.3053436102
4644,611151.1412155062
4645,612698.6898226376
4646,614250.3526584501
4647,615804.9203262875
4648,617362.2177878404
4649,618922.2498263366
4650,620486.1864502751
4651,622053.2398558947
4652,623623.0449386225
4653,625195.6065198864
4654,626771.893685624
4655,628351.4791487562
4656,629933.8382527708
4657,631518.9758574314
4658,633107.6871569909
4659,634699.851344908
4660,636294.8112184602
4661,637892.5716758862
4662,639493.7776529208
4663,641098.5675571986
4664,642706.1752734005
4665,644316.6057383749
4666,645930.5365421849
4667,647548.4366604937
4668,649169.177566731
4669,650792.7642378449
4670,652419.2016594685
4671,654048.4948259257
4672,655682.2529086906
4673,657318.9993177722
4674,658958.6195388067
4675,660601.1186063617
4676,662246.501563787
4677,663895.6504504622
4678,665548.4578458869
4679,667204.1671961555
4680,668862.7835849391
4681,670524.3121047729
4682,672189.0442734936
4683,673857.9691057947
4684,675529.8241333258
4685,677204.6144890229
4686,678882.3453147775
4687,680563.0217614423
4688,682247.9404257804
4689,683935.998630391
4690,685627.020552127
4691,687321.0113823953
4692,689017.976321656
4693,690718.7709418657
4694,692423.090756756
4695,694130.4027786431
4696,695840.7122486265
4697,697554.0244169415
4698,699270.8520114955
4699,700991.4927832241
4700,702715.1543543166
4701,704441.8420157356
4702,706171.5610676715
4703,707904.5676065427
4704,709641.5895731845
4705,711381.6610355877
4706,713124.7873347612
4707,714870.9738210167
4708,716620.294685059
4709,718373.7589523812
4710,720130.3015173972
4711,721889.9277713294
4712,723652.6431147984
4713,725418.4529578357
4714,727188.3720569173
4715,728961.4477789429
4716,730737.6361491922
4717,732516.9426187723
4718,734299.3726482943
4719,736085.7936587173
4720,737875.4654067225
4721,739668.2788708201
4722,741464.2395527931
4723,743263.3529640062
4724,745066.3824678746
4725,746872.7138941678
4726,748682.2162143353
4727,750494.8949810124
4728,752310.7557565112
4729,754130.4914109757
4730,755953.5469169718
4731,757779.8026058142
4732,759609.2640811849
4733,761441.9369565295
4734,763278.4678844326
4735,765118.3125831103
4736,766961.3868660226
4737,768807.6963880867
4738,770657.2468140705
4739,772510.6539817969
4740,774367.3536564881
4741,776227.3124303619
4742,778090.5360097633
4743,779957.0486154236
4744,781827.3866937424
4745,783701.007752867
4746,785577.9175407502
4747,787458.121815364
4748,789341.7013263959
4749,791228.9980794265
4750,793119.6075067174
4751,795013.535407956
4752,796910.7875929247
4753,798811.4925918499
4754,800715.8154075844
4755,802623.4807073333
4756,804534.494342703
4757,806448.8621754919
4758,808366.7443223039
4759,810288.1605935608
4760,812212.9492748505
4761,814141.1162699027
4762,816072.6674927239
4763,818007.773969101
4764,819946.3516852149
4765,821888.3318546677
4766,823833.720433505
4767,825782.5233881491
4768,827734.8951815477
4769,829690.7034967694
4770,831649.9444279302
4771,833612.6239836031
4772,835578.7656798563
4773,837548.4180627012
4774,839521.5272946341
4775,841498.0994264203
4776,843478.1405193507
4777,845461.655089098
4778,847448.6495137941
4779,849439.1311419605
4780,851433.1060771983
4781,853430.5804337353
4782,855431.4845856486
4783,857435.8935671899
4784,859443.8202316802
4785,861455.2707357764
4786,863470.1993771284
4787,865488.5544974788
4788,867510.4517082211
4789,869535.897208493
4790,871564.897208219
4791,873597.2754218514
4792,875633.1629177441
4793,877672.6231863078
4794,879715.6624800727
4795,881762.2118470375
4796,883812.1102808723
4797,885865.6060053272
4798,887922.7053155944
4799,889983.4145178251
4800,892047.4445412857
4801,894114.9973168634
4802,896186.1782753023
4803,898260.9937655505
4804,900339.3110685622
4805,902420.9433904086
4806,904506.2285301732
4807,906595.1728796505
4808,908687.7828417626
4809,910783.5501288957
4810,912882.9225761279
4811,914985.9788798813
4812,917092.7254859462
4813,919203.028095649
4814,921316.5023621124
4815,923433.6851558639
4816,925554.5829656002
4817,927679.2022912981
4818,929807.1109142987
4819,931938.4357636733
4820,934073.5003684923
4821,936212.3112717539
4822,938354.8750278346
4823,940500.3155691375
4824,942649.5102125515
4825,944802.4758708462
4826,946959.2191413735
4827,949119.5788136418
4828,951282.9111930615
4829,953450.0393157507
4830,955620.9698220474
4831,957795.7093638357
4832,959973.8433638471
4833,962155.1427104748
4834,964340.2692258764
4835,966529.2296050153
4836,968722.0305545037
4837,970917.9194760253
4838,973117.2518049848
4839,975320.4428415295
4840,977527.4993354472
4841,979738.4280482535
4842,981952.0447275286
4843,984169.4772533566
4844,986390.8001409643
4845,988616.0201951411
4846,990844.7682806147
4847,993076.4541181277
4848,995312.055240931
4849,997551.5784971175
4850,999795.0307466842
4851,1002041.4881972529
4852,1004291.3803674534
4853,1006545.2196586684
4854,1008803.0129743016
4855,1011064.6881059037
4856,1013328.8850845628
4857,1015597.0541943329
4858,1017869.2023820597
4859,1020145.3366066588
4860,1022424.6731421122
4861,1024707.1867822869
4862,1026993.7045780662
4863,1029284.2335319157
4864,1031578.7806584788
4865,1033875.7166024599
4866,1036176.6196495912
4867,1038481.559001713
4868,1040790.541717132
4869,1043102.7376595348
4870,1045418.0424856562
4871,1047737.4087909425
4872,1050060.8436774057
4873,1052388.3390911536
4874,1054718.0630847844
4875,1057051.8737605028
4876,1059389.7782640632
4877,1061731.7837536414
4878,1064076.7668482063
4879,1066425.0401499644
4880,1068777.4325564771
4881,1071133.9512697915
4882,1073494.234858762
4883,1075856.989855915
4884,1078223.8892663857
4885,1080594.9403361417
4886,1082970.1503237293
4887,1085347.8006961811
4888,1087729.2270014873
4889,1090114.8303516293
4890,1092504.6180491985
4891,1094897.5466601604
4892,1097293.5205150526
4893,1099693.696834716
4894,1102098.0829658443
4895,1104506.298145407
4896,1106916.8409417444
4897,1109331.6116584498
4898,1111750.6176863723
4899,1114173.8664291976
4900,1116599.256019803
4901,1119028.6432717682
4902,1121462.2913716463
4903,1123900.2077674116
4904,1126340.8302996592
4905,1128784.856907194
4906,1131233.1699374535
4907,1133685.7768827628
4908,1136141.4705730889
4909,1138599.7908941843
4910,1141062.4226047066
4911,1143529.3732402597
4912,1146000.6503495264
4913,1148474.372909158
4914,1150951.325505267
4915,1153432.6220383358
4916,1155918.2701003975
4917,1158408.277296668
4918,1160899.9330370028
4919,1163395.5786914672
4920,1165895.6009339113
4921,1168400.0074129764
4922,1170908.2932138983
4923,1173418.2921827373
4924,1175932.6928039333
4925,1178451.502769554
4926,1180974.7297850065
4927,1183500.805506076
4928,1186029.5896261442
4929,1188562.8082054302
4930,1191100.4689928466
4931,1193642.5797507544
4932,1196186.329696439
4933,1198733.9628891244
4934,1201286.0634567451
4935,1203842.6392052488
4936,1206402.946087574
4937,1208965.0007134862
4938,1211531.5478910615
4939,1214102.595469847
4940,1216678.1513130001
4941,1219255.9506691757
4942,1221836.9520533287
4943,1224422.4790702763
4944,1227012.5396268652
4945,1229606.8371973438
4946,1232202.301094679
4947,1234802.3158688797
4948,1237406.8894704904
4949,1240016.0298638411
4950,1242627.6158897306
4951,1245242.1273919975
4952,1247861.2230230644
4953,1250484.9107910516
4954,1253112.9133463572
4955,1255741.9311369846
4956,1258375.558372436
4957,1261013.8031046381
4958,1263656.6733994875
4959,1266301.7408592529
4960,1268949.9097990876
4961,1271602.7216110567
4962,1274260.1844049573
4963,1276921.5668396696
4964,1279584.2880401616
4965,1282251.6775045
4966,1284923.743386405
4967,1287600.4938537232
4968,1290278.7005338327
4969,1292960.6786075493
4970,1295647.358551472
4971,1298338.7485774641
4972,1301033.151644304
4973,1303729.7295920358
4974,1306431.0348801313
4975,1309137.0757644984
4976,1311847.6333522103
4977,1314558.6325915544
4978,1317274.3843261092
4979,1319994.8968552658
4980,1322720.178492798
4981,1325447.7470531336
4982,1328177.9583698309
4983,1330912.9557002252
4984,1333652.7474016766
4985,1336397.051169136
4986,1339141.736451198
4987,1341891.232988983
4988,1344645.5491834686
4989,1347404.6934501824
4990,1350165.6945486052
4991,1352929.7059251647
4992,1355698.5622691545
4993,1358472.272039829
4994,1361249.8055154702
4995,1364028.348563449
4996,1366811.7619167578
4997,1369600.0540784148
4998,1372393.233566177
4999,1375187.1321292173
5000,1377985.1205314694
5001,1380788.013152987
5002,1383595.8185554096
5003,1386406.0253215209
5004,1389218.6079690964
5005,1392036.1202781093
5006,1394858.570854127
5007,1397684.994600088
5008,1400512.191823509
5009,1403344.3441837546
5010,1406181.4603303731
5011,1409023.5489278769
5012,1411865.8376987495
5013,1414712.6515878474
5014,1417564.4548178788
5015,1420421.2560974637
5016,1423279.509466426
5017,1426141.0074540663
5018,1429007.520374278
5019,1431879.0569798516
5020,1434753.1695089894
5021,1437629.3752355126
5022,1440510.6215251833
5023,1443396.9171750129
5024,1446286.7789494847
5025,1449177.717104845
5026,1452073.7214946742
5027,1454974.8009602667
5028,1457880.2978682767
5029,1460785.994171356
5030,1463696.7824227472
5031,1466612.6715080917
5032,1469533.6703283999
5033,1472454.1666855689
5034,1475379.7655702354
5035,1478310.4910913766
5036,1481246.352194494
5037,1484182.194231793
5038,1487122.631511691
5039,1490068.2212766223
5040,1493018.9725166492
5041,1495970.035909147
5042,1498925.3403167066
5043,1501885.823105566
5044,1504851.4933104257
5045,1507817.6505014703
5046,1510787.8517200896
5047,1513763.2572656209
5048,1516743.8762174803
5049,1519724.9966364964
5050,1522710.1252813078
5051,1525700.484249595
5052,1528696.082665566
5053,1531692.0329347574
5054,1534692.120533614
5055,1537697.4645050298
5056,1540708.074018087
5057,1543718.718148495
5058,1546733.7971231833
5059,1549754.1585735702
5060,1552779.8117136955
5061,1555805.0112910005
5062,1558835.1149386282
5063,1561870.5272206517
5064,1564911.0348439957
5065,1567950.871756622
5066,1570996.0342311885
5067,1574046.531555877
5068,1577101.3549287007
5069,1580156.2594318187
5070,1583216.515725918
5071,1586282.133144333
5072,1589351.1269506067
5073,1592421.1347974516
5074,1595496.520724096
5075,1598577.2941091221
5076,1601660.311277825
5077,1604745.4590225988
5078,1607836.011197141
5079,1610931.9772253768
5080,1614028.8690702417
5081,1617129.1940501342
5082,1620234.949872252
5083,1623346.1460059613
5084,1626456.7623569875
5085,1629572.3026742311
5086,1632693.300309955
5087,1635818.6339178495
5088,1638943.954106052
5089,1642074.7486099899
5090,1645211.0269737297
5091,1648349.8208947703
5092,1651490.40828621
5093,1654636.4965553468
5094,1657788.0952919216
5095,1660940.1951044567
5096,1664096.0899213823
5097,1667257.512245385
5098,1670424.0233647355
5099,1673589.721980969
5100,1676760.9651375283
5101,1679937.7624991408
5102,1683116.6076475182
5103,1686295.9651561864
5104,1689480.8909420532
5105,1692671.394710565
5106,1695867.4861839206
5107,1699061.5263587553
5108,1702260.141947743
5109,1705464.359306603
5110,1708674.1881983299
5111,1711886.2414361187
5112,1715098.5547886838
5113,1718316.493709332
5114,1721540.0680018628
5115,1724769.2874869897
5116,1727995.9647555577
5117,1731227.6339285981
5118,1734464.9623247636
5119,1737707.959805648
5120,1740952.2060301253
5121,1744197.6147946029
5122,1747448.7066467782
5123,1750705.4914891415
5124,1753967.0258667117
5125,1757225.2872652425
5126,1760489.2540598752
5127,1763758.936191274
5128,1767034.343617256
5129,1770312.5120587319
5130,1773589.355491571
5131,1776871.9366077418
5132,1780160.26540329
5133,1783454.3518914855
5134,1786748.633309738
5135,1790043.8659926269
5136,1793344.8683034612
5137,1796651.65029303
5138,1799964.2220294564
5139,1803275.2386716993
5140,1806588.8964444213
5141,1809908.3558473338
5142,1813233.6269860675
5143,1816564.719983671
5144,1819892.1273864394
5145,1823224.2451319438
5146,1826562.1965657878
5147,1829905.9918485156
5148,1833254.3399834514
5149,1836599.0957794818
5150,1839949.7071777591
5151,1843306.1843762493
5152,1846668.5375904993
5153,1850032.6869626492
5154,1853395.936517996
5155,1856765.0737835863
5156,1860140.1090123667
5157,1863521.052474938
5158,1866900.6640325675
5159,1870282.437767904
5160,1873670.1313693903
5161,1877063.75514501
5162,1880463.3194204886
5163,1883858.0559523776
5164,1887258.3822455988
5165,1890664.660605145
5166,1894076.9013940815
5167,1897491.567800946
5168,1900904.027114912
5169,1904322.4595095615
5170,1907746.8753837568
5171,1911177.285154275
5172,1914608.1810247668
5173,1918038.7690465357
5174,1921475.3615976032
5175,1924917.9691305899
5176,1928366.6021161105
5177,1931813.2638700844
5178,1935262.0360600369
5179,1938716.8443194597
5180,1942177.699154861
5181,1945644.6110908457
5182,1949106.5735561268
5183,1952573.5868286577
5184,1956046.6678048437
5185,1959525.8270452418
5186,1963008.648024396
5187,1966487.8718712004
5188,1969973.1845557685
5189,1973464.5966746055
5190,1976962.1188424425
5191,1980459.3741290816
5192,1983956.9253198307
5193,1987460.5971234606
5194,1990970.4001907145
5195,1994486.3451906575
5196,1997997.56576823
5197,2001513.505250459
5198,2005035.5972215375
5199,2008563.8523866117
5200,2012094.7816405427
5201,2015622.997939411
5202,2019157.387964928
5203,2022697.962458329
5204,2026244.7321793167
5205,2029788.752384885
5206,2033335.4507199598
5207,2036888.3548112889
5208,2040447.475454736
5209,2044010.4463540444
5210,2047569.4643181018
5211,2051134.709343098
5212,2054706.1922610747
5213,2058283.923922699
5214,2061859.1083642705
5215,2065436.7066860017
5216,2069020.5642596637
5217,2072610.691972183
5218,2076204.0634570417
5219,2079794.0284285033
5220,2083390.274030639
5221,2086992.8111866533
5222,2090601.6508385045
5223,2094206.3573174912
5224,2097815.005276366
5225,2101429.966225588
5226,2105051.2511434783
5227,2108673.3774421006
5228,2112294.4430066147
5229,2115921.8430209616
5230,2119555.5884998627
5231,2123194.7744005863
5232,2126828.2737066294
5233,2130468.128946539
5234,2134114.3511714544
5235,2137766.951451479
5236,2141416.1854892774
5237,2145068.512971184
5238,2148727.2289845804
5239,2152392.344636076
5240,2156057.8682322875
5241,2159722.685797238
5242,2163393.9134675954
5243,2167071.562386517
5244,2170753.0137015902
5245,2174430.3399849036
5246,2178114.0979763307
5247,2181804.2988556107
5248,2185500.9538216703
5249,2189191.170063624
5250,2192887.4778065397
5251,2196590.2501067217
5252,2200299.4981997777
5253,2204004.8726313487
5254,2207713.750294072
5255,2211429.114214858
5256,2215150.9756660312
5257,2218871.1464423058
5258,2222592.6149036405
5259,2226320.5913564144
5260,2230055.0871097157
5261,2233789.692484303
5262,2237523.773306967
5263,2241264.383888189
5264,2245011.53557386
5265,2248760.2140460312
5266,2252506.9294509594
5267,2256260.1964164106
5268,2260020.0263251304
5269,2263782.416775176
5270,2267541.789616584
5271,2271307.735856398
5272,2275080.266914266
5273,2278856.0087277843
5274,2282628.062469028
5275,2286406.711483502
5276,2290191.967227804
5277,2293980.7004096312
5278,2297765.459099767
5279,2301556.8349758796
5280,2305354.8395315716
5281,2309156.2048099744
5282,2312953.693060992
5283,2316757.8204495986
5284,2320568.5985064525
5285,2324382.2374281767
5286,2328192.4803928672
5287,2332009.384486529
5288,2335832.961276926
5289,2339658.347811247
5290,2343480.872321817
5291,2347310.0791213214
5292,2351145.979813178
5293,2354984.402447697
5294,2358819.228447109
5295,2362660.7579260753
5296,2366509.0025237026
5297,2370360.083014138
5298,2374207.2307772394
5299,2378061.1032417133
5300,2381921.712082388
5301,2385785.0735176974
5302,2389644.563612526
5303,2393510.7996622026
5304,2397383.7933773254
5305,2401259.0602643928
5306,2405130.91351267
5307,2409009.534001335
5308,2412894.933476796
5309,2416781.731815643
5310,2420665.969252349
5311,2424556.9952473766
5312,2428454.8215829832
5313,2432352.7789327484
5314,2436249.4217645787
5315,2440152.8745053136
5316,2444063.148973102
5317,2447971.8945089728
5318,2451880.9640715146
5319,2455796.8649263754
5320,2459719.608927636
5321,2463638.7734887977
5322,2467560.291202191
5323,2471488.661624251
5324,2475423.896645031
5325,2479353.112773698
5326,2483287.1000966355
5327,2487227.961577544
5328,2491175.016430579
5329,2495114.611113926
5330,2499061.089495718
5331,2503014.4635176784
5332,2506970.8833322036
5333,2510922.968985344
5334,2514881.9598158346
5335,2518847.867801437
5336,2522813.2905821004
5337,2526777.8884504344
5338,2530749.4130074824
5339,2534727.876267087
5340,2538701.941840248
5341,2542679.0730023393
5342,2546663.1523966347
5343,2550653.814513703
5344,2554636.542081308
5345,2558626.227390799
5346,2562622.8825076707
5347,2566621.516692097
5348,2570616.7974042427
5349,2574619.057428451
5350,2578628.3088663514
5351,2582634.5607789257
5352,2586642.414821113
5353,2590657.269775977
5354,2594679.1377813225
5355,2598687.6132791447
5356,2602702.983611116
5357,2606725.3676182325
5358,2610754.777459132
5359,2614787.7408874216
5360,2618810.6232641684
5361,2622840.532067132
5362,2626877.479475747
5363,2630921.4776902455
5364,2634964.60421091
5365,2639002.034003043
5366,2643046.5151620195
5367,2647098.059908869
5368,2651156.680485459
5369,2655209.149639691
5370,2659261.1611348717
5371,2663320.2489898675
5372,2667386.4254673547
5373,2671459.7028509085
5374,2675520.6994062015
5375,2679587.327302627
5376,2683661.056604811
5377,2687741.8996171257
5378,2691824.417472283
5379,2695898.5826553735
5380,2699979.86201852
5381,2704068.2678868645
5382,2708163.8126065577
5383,2712253.3083671085
5384,2716342.135294927
5385,2720438.101514441
5386,2724541.219392572
5387,2728650.8033225453
5388,2732747.1755416747
5389,2736850.699830789
5390,2740961.388577547
5391,2745079.254190707
5392,2749194.287427096
5393,2753305.3676832104
5394,2757423.6251880303
5395,2761549.072371056
5396,2765681.7216829685
5397,2769801.41545998
5398,2773927.239747277
5399,2778060.2665167926
5400,2782200.5082399496
5401,2786338.15910071
5402,2790471.548285523
5403,2794612.1527488995
5404,2798759.9849829758
5405,2802914.920093119
5406,2807055.8723364896
5407,2811204.052647145
5408,2815359.4735379023
5409,2819522.147542866
5410,2823679.5389207695
5411,2827835.2932330547
5412,2831998.3009271603
5413,2836168.5745578716
5414,2840341.8805166255
5415,2844505.2069400037
5416,2848675.7995391176
5417,2852853.670889407
5418,2857038.8335877093
5419,2861213.1315707588
5420,2865391.3070848337
5421,2869576.774156626
5422,2873769.545403626
5423,2877956.283583989
5424,2882137.9353527226
5425,2886326.884314668
5426,2890523.1430955436
5427,2894726.7243425366
5428,2898926.9987550816
5429,2903119.435782323
5430,2907319.188279196
5431,2911526.2689011274
5432,2915740.690325056
5433,2919953.2889449513
5434,2924156.5414464893
5435,2928367.1277391524
5436,2932585.0605081324
5437,2936810.3524601543
5438,2941034.079003385
5439,2945248.177342849
5440,2949469.6278401725
5441,2953698.4432103513
5442,2957934.636189959
5443,2962168.309879525
5444,2966393.2845442556
5445,2970625.6297789477
5446,2974865.358328439
5447,2979112.4829592067
5448,2983354.9382867767
5449,2987590.8198652077
5450,2991834.0904711275
5451,2996084.7628792846
5452,3000342.8498861017
5453,3004592.9363704477
5454,3008839.755530786
5455,3013093.9822216295
5456,3017355.6292476747
5457,3021624.709435361
5458,3025881.2913785973
5459,3030139.0788488057
5460,3034404.292398015
5461,3038676.944860945
5462,3042957.0490940674
5463,3047219.00533671
5464,3051487.791885498
5465,3055764.02310726
5466,3060047.711866752
5467,3064332.7287465045
5468,3068605.094726135
5469,3072884.9111450473
5470,3077172.1908762837
5471,3081466.946814716
5472,3085755.1821745634
5473,3090038.5901670363
5474,3094329.4672533385
5475,3098627.8263366274
5476,3102933.6803419217
5477,3107224.0553585826
5478,3111518.5361054502
5479,3115820.504645828
5480,3120129.97391303
5481,3124440.3156676986
5482,3128738.4062879165
5483,3133043.990504702
5484,3137357.081259655
5485,3141677.691516302
5486,3145988.100174644
5487,3150297.306180043
5488,3154614.0245412528
5489,3158938.2682300904
5490,3163266.6534294668
5491,3167579.4872149564
5492,3171899.839179948
5493,3176227.7223045398
5494,3180563.1495907805
5495,3184889.582201598
5496,3189213.5736339004
5497,3193545.1020635357
5498,3197884.180500834
5499,3202226.6525551844
5500,3206554.2891716836
5501,3210889.4686287036
5502,3215232.2039448447
5503,3219582.508160728
5504,3223921.0596480286
5505,3228259.8956955965
5506,3232606.293458857
5507,3236960.2659866954
5508,3241312.9712812244
5509,3245655.4693113114
5510,3250005.5349184177
5511,3254363.181159676
5512,3258728.421114286
5513,3263075.2876537275
5514,3267429.026318053
5515,3271790.3514904575
5516,3276159.276258381
5517,3280518.460812487
5518,3284875.877552348
5519,3289240.8866781495
5520,3293613.5012855413
5521,3297984.1105716755
5522,3302345.210198648
5523,3306713.9080929006
5524,3311090.2173582786
5525,3315471.3701941585
5526,3319836.157301338
5527,3324208.548560136
5528,3328588.557082557
5529,3332976.1960027153
5530,3337347.8631576314
5531,3341723.952146207
5532,3346107.664293344
5533,3350499.012741279
5534,3354879.4831047044
5535,3359259.273945234
5536,3363646.6938411263
5537,3368041.755942695
5538,3372430.183307803
5539,3376813.679866941
5540,3381204.811379482
5541,3385603.5910037626
5542,3389999.1405493678
5543,3394386.346425316
5544,3398781.193153261
5545,3403183.6938995025
5546,3407585.5420185565
5547,3411976.4605275663
5548,3416375.0257869824
5549,3420781.250970983
5550,3425188.585100823
5551,3429583.219263098
5552,3433985.506073174
5553,3438395.4587130114
5554,3442807.477167279
5555,3447205.82969207
5556,3451611.840760128
5557,3456025.5235610874
5558,3460441.4353631265
5559,3464843.5086329076
5560,3469253.246338487
5561,3473670.661677026
5562,3478089.686394568
5563,3482495.4824481914
5564,3486908.948826065
5565,3491330.0987327173
5566,3495751.4663136597
5567,3500160.9868282643
5568,3504578.18355022
5569,3509003.069691224
5570,3513426.020300176
5571,3517839.2665717336
5572,3522260.194926958
5573,3526688.8185844775
5574,3531112.602439759
5575,3535529.575362039
5576,3539954.2362358845
5577,3544386.5982865747
5578,3548810.4754972956
5579,3553231.1755390433
5580,3557659.569389994
5581,3562095.6702817464
5582,3566515.139227072
5583,3570934.595240836
5584,3575361.7422574493
5585,3579796.5934995436
5586,3584231.251395731
5587,3588649.4541801917
5588,3593075.345132529
5589,3597508.9374659224
5590,3601950.2444150425
5591,3606374.588102145
5592,3610799.213741345
5593,3615231.537886118
5594,3619671.5737609477
5595,3624108.847734428
5596,3628532.19877859
5597,3632963.2454194706
5598,3637402.0008706623
5599,3641848.478366918
5600,3646264.932830844
5601,3650685.7134942445
5602,3655114.1843899917
5603,3659550.3587140483
5604,3663994.2496832074
5605,3668432.6153653003
5606,3672850.4307684153
5607,3677275.9303155644
5608,3681709.1271823915
5609,3686150.0345650217
5610,3690598.6656800224
5611,3695024.8897806993
5612,3699447.279857542
5613,3703877.3608589727
5614,3708315.1459581787
5615,3712760.648348345
5616,3717206.9851313345
5617,3721626.250993893
5618,3726053.2013046024
5619,3730487.849211432
5620,3734930.207881798
5621,3739380.2905025203
5622,3743810.5318517457
5623,3748234.3363206503
5624,3752665.831787927
5625,3757105.03139242
5626,3761551.9482917096
5627,3765997.8486144063
5628,3770418.491687493
5629,3774846.8190502534
5630,3779282.843809582
5631,3783726.5790903727
5632,3788178.0380353616
5633,3792603.4302513176
5634,3797028.5733346413
5635,3801461.4069412644
5636,3805901.9441592563
5637,3810350.198093624
5638,3814786.9509434835
5639,3819208.8929557805
5640,3823638.518463793
5641,3828075.840513969
5642,3832520.8721685885
5643,3836966.8877226487
5644,3841385.611131837
5645,3845812.0108294007
5646,3850246.099814497
5647,3854687.891100876
5648,3859137.3977166223
5649,3863556.594818075
5650,3867979.7500798004
5651,3872410.5871582753
5652,3876849.1190119204
5653,3881295.3586119837
5654,3885719.743436523
5655,3890139.6345530236
5656,3894567.1997635914
5657,3899002.451963438
5658,3903445.404058878
5659,3907872.987487755
5660,3912289.593469348
5661,3916713.865529011
5662,3921145.8164896886
5663,3925585.4591834242
5664,3930014.2870296743
5665,3934427.5853809877
5666,3938848.5414533885
5667,3943277.167987133
5668,3947713.477729305
5669,3952141.6300073643
5670,3956551.5964695057
5671,3960969.21190008
5672,3965394.4889447787
5673,3969827.440253465
5674,3974253.030416887
5675,3978659.638673506
5676,3983073.886687867
5677,3987495.7869975073
5678,3991925.3521412066
5679,3996346.5262849648
5680,4000749.7476285575
5681,4005160.5989902583
5682,4009579.092784126
5683,4014005.241422126
5684,4018420.1774459803
5685,4022819.9804004463
5686,4027227.4030243303
5687,4031642.457590905
5688,4036065.156367625
5689,4040472.063096714
5690,4044868.412992358
5691,4049272.371509472
5692,4053683.950761149
5693,4058103.1628504265
5694,4062500.2791093863
5695,4066893.1376062175
5696,4071293.5928762825
5697,4075701.656850766
5698,4080117.3414461343
5699,4084502.9350827564
5700,4088892.25963816
5701,4093289.168205541
5702,4097693.672510049
5703,4102099.9665305754
5704,4106478.151111616
5705,4110863.8943883604
5706,4115257.207877669
5707,4119658.103071909
5708,4124049.4890200994
5709,4128424.054255016
5710,4132806.1634657905
5711,4137195.827913202
5712,4141593.058827364
5713,4145967.8864586493
5714,4150338.774684381
5715,4154717.190869125
5716,4159103.145985825
5717,4163493.6477786913
5718,4167853.2947422927
5719,4172220.441493564
5720,4176595.098726179
5721,4180977.2770904303
5722,4185347.9928625287
5723,4189703.8449969804
5724,4194067.1781542604
5725,4198438.002675456
5726,4202816.328850352
5727,4207165.680343203
5728,4211517.658740358
5729,4215877.097601704
5730,4220244.006875299
5731,4224604.238249448
5732,4228944.826293494
5733,4233292.842663474
5734,4237648.296937956
5735,4242011.198628285
5736,4246342.817402485
5737,4250674.405853042
5738,4255013.389719882
5739,4259359.778093366
5740,4263713.579986825
5741,4268036.561177029
5742,4272359.053949099
5743,4276688.906838739
5744,4281026.128398579
5745,4285370.727093764
5746,4289682.953486353
5747,4293996.242029504
5748,4298316.8527501635
5749,4302644.793610407
5750,4306980.072473611
5751,4311279.458116528
5752,4315583.420124633
5753,4319894.663460192
5754,4324213.195438522
5755,4328536.243932705
5756,4332823.51142015
5757,4337118.009460526
5758,4341419.744783432
5759,4345728.723998015
5760,4350034.818325793
5761,4354312.514620839
5762,4358597.394684161
5763,4362889.46448961
5764,4367188.729877567
5765,4371475.869001623
5766,4375743.825737863
5767,4380018.9157113945
5768,4384301.144075314
5769,4388590.51583563
5770,4392856.721710461
5771,4397114.751145281
5772,4401379.859212692
5773,4405652.050177133
5774,4409931.328141743
5775,4414174.643425637
5776,4418422.536784674
5777,4422677.449756812
5778,4426939.3856472215
5779,4431196.260906073
5780,4435426.833298689
5781,4439664.359055459
5782,4443908.840637392
5783,4448160.280317361
5784,4452390.396753221
5785,4456610.413315175
5786,4460837.315412033
5787,4465071.104412844
5788,4469310.863055992
5789,4473513.234941408
5790,4477722.418684564
5791,4481938.414702255
5792,4486161.223194889
5793,4490370.429854962
5794,4494561.741920784
5795,4498759.788002668
5796,4502964.5672866935
5797,4507176.078726365
5798,4511352.855639448
5799,4515532.779407836
5800,4519719.353230445
5801,4523912.574983462
5802,4528093.305685161
5803,4532254.918553543
5804,4536423.094254892
5805,4540597.829537662
5806,4544779.12088818
5807,4548923.705869446
5808,4553073.2735935105
5809,4557229.308227109
5810,4561391.805065102
5811,4565536.608829601
5812,4569667.340734305
5813,4573804.442354828
5814,4577947.907744095
5815,4582091.05821452
5816,4586202.707684528
5817,4590320.624956939
5818,4594444.802792601
5819,4598575.2336474005
5820,4602676.745264077
5821,4606775.20710307
5822,4610879.821334614
5823,4614990.579060014
5824,4619086.779441872
5825,4623165.494243378
5826,4627250.248109248
5827,4631341.0307376245
5828,4635429.310965757
5829,4639483.536934877
5830,4643543.675726201
5831,4647609.715577629
5832,4651681.64438085
5833,4655735.974995347
5834,4659771.193718069
5835,4663812.180302796
5836,4667858.921123426
5837,4671911.402192525
5838,4675929.420053313
5839,4679945.019713981
5840,4683966.233181361
5841,4687993.044895212
5842,4692014.928211533
5843,4696004.783459205
5844,4700000.106206385
5845,4704000.879278884
5846,4708007.085115855
5847,4711986.724284298
5848,4715953.819767194
5849,4719926.208274932
5850,4723903.870579942
5851,4727886.787054989
5852,4731829.478677319
5853,4735773.081434092
5854,4739721.792810345
5855,4743675.591467194
5856,4747623.203848025
5857,4751537.593695653
5858,4755456.920644957
5859,4759381.161613463
5860,4763310.293098429
5861,4767215.789083009
5862,4771105.271536979
5863,4774999.488262708
5864,4778898.413977217
5865,4782802.022967295
5866,4786662.808821089
5867,4790526.507662014
5868,4794394.727352633
5869,4798267.44036807
5870,4802125.439216402
5871,4805958.099096412
5872,4809795.084992841
5873,4813636.367549012
5874,4817481.91696369
5875,4821290.082703672
5876,4825095.279248024
5877,4828904.5690092025
5878,4832717.92033323
5879,4836518.217557943
5880,4840291.041198565
5881,4844067.747788122
5882,4847848.303808739
5883,4851632.675288482
5884,4855378.039088271
5885,4859121.543967429
5886,4862868.679284032
5887,4866619.409193019
5888,4870350.422775859
5889,4874056.869878566
5890,4877766.716241337
5891,4881479.924141979
5892,4885196.455400133
5893,4888877.4278430315
5894,4892549.33798539
5895,4896224.369845974
5896,4899902.483371684
5897,4903578.267796573
5898,4907211.566214619
5899,4910847.739802736
5900,4914486.746645178
5901,4918128.544369857
5902,4921748.370663229
5903,4925344.975771757
5904,4928944.159066753
5905,4932545.876331473
5906,4936150.082896226
5907,4939710.9677188685
5908,4943269.583016376
5909,4946830.468816955
5910,4950393.5786320185
5911,4953940.554114369
5912,4957457.829788802
5913,4960977.106052753
5914,4964498.334626372
5915,4968021.466788199
5916,4971503.660333036
5917,4974980.522434342
5918,4978459.0588543825
5919,4981939.219120474
5920,4985401.786352749
5921,4988835.403710891
5922,4992270.411264738
5923,4995706.756829538
5924,4999144.387796541
5925,5002536.388531956
5926,5005927.005410794
5927,5009318.668552519
5928,5012711.323690708
5929,5016078.070355385
5930,5019423.410442466
5931,5022769.499332075
5932,5026116.281150714
5933,5029454.999714161
5934,5032754.153456396
5935,5036053.753049622
5936,5039353.741068906
5937,5042654.059702114
5938,5045912.594224163
5939,5049163.426958513
5940,5052414.336327969
5941,5055665.263044778
5942,5058895.289760504
5943,5062096.413133697
5944,5065297.296476871
5945,5068497.879093599
5946,5071696.51036091
5947,5074846.96172431
5948,5077996.851804339
5949,5081146.118567504
5950,5084294.699642708
5951,5087409.300545327
5952,5090507.211496404
5953,5093604.1723326305
5954,5096700.119439817
5955,5099777.639069827
5956,5102822.567701936
5957,5105866.215540456
5958,5108908.517809612
5959,5111946.172734898
5960,5114937.0999089675
5961,5117926.412073759
5962,5120914.043377561
5963,5123899.927692074
5964,5126844.979618933
5965,5129778.919287262
5966,5132710.839715549
5967,5135640.673810155
5968,5138536.80492113
5969,5141408.204851064
5970,5144277.235364166
5971,5147143.828508705
5972,5150007.916104669
5973,5152823.894683676
5974,5155629.06207398
5975,5158431.439120211
5976,5161230.956906938
5977,5164019.408008576
5978,5166759.729571292
5979,5169496.906286523
5980,5172230.8686066
5981,5174961.546808298
5982,5177662.69492801
5983,5180333.679730001
5984,5183001.094003644
5985,5185664.867524338
5986,5188324.929922368
5987,5190935.263563733
5988,5193535.132078011
5989,5196131.002753648
5990,5198722.8048542105
5991,5201295.22180794
5992,5203826.543544075
5993,5206353.510353317
5994,5208876.051244131
5995,5211394.095137454
5996,5213868.956585603
5997,5216326.017517693
5998,5218778.295754849
5999,5221225.7201029165
6000,5223656.072749824
6001,5226042.226699164
6002,5228423.242207628
6003,5230799.048081056
6004,5233169.573097436
6005,5235495.921661028
6006,5237804.67765532
6007,5240107.869883647
6008,5242405.427267413
6009,5244680.973640193
6010,5246916.478559954
6011,5249146.067670221
6012,5251369.670152768
6013,5253587.215222422
6014,5255752.617052393
6015,5257907.621215918
6016,5260056.289647305
6017,5262198.551966597
6018,5264307.167251459
6019,5266386.614233499
6020,5268459.37953217
6021,5270525.393289949
6022,5272574.311620003
6023,5274577.240726912
6024,5276573.145825608
6025,5278561.957697819
6026,5280543.607247003
6027,5282473.811353934
6028,5284391.913136534
6029,5286302.584220213
6030,5288205.756291027
6031,5290070.759775719
6032,5291910.130999743
6033,5293741.738731395
6034,5295565.51555413
6035,5297362.648971191
6036,5299122.380170834
6037,5300874.020224117
6038,5302617.502725276
6039,5304344.177494829
6040,5306023.378859446
6041,5307694.167017082
6042,5309356.476684437
6043,5311010.185656591
6044,5312607.988879745
6045,5314197.062874797
6046,5315777.343590604
6047,5317348.767236444
6048,5318871.221697727
6049,5320377.743019505
6050,5321875.162857238
6051,5323363.418784926
6052,5324808.244355603
6053,5326231.4000155665
6054,5327645.152995534
6055,5329049.442338534
6056,5330414.385253965
6057,5331753.389507272
6058,5333082.6973068435
6059,5334402.249266176
6060,5335685.139773566
6061,5336939.235791987
6062,5338183.349406163
6063,5339417.4228984425
6064,5340616.175718949
6065,5341784.6372111775
6066,5342942.83855964
6067,5344090.7238106
6068,5345203.338567383
6069,5346285.471342944
6070,5347357.074819762
6071,5348418.094899582
6072,5349442.656507236
6073,5350437.799980378
6074,5351422.1539429
6075,5352395.666239873
6076,5353330.345250933
6077,5354237.873881211
6078,5355134.362074838
6079,5356019.759704173
6080,5356862.812608674
6081,5357682.1372751035
6082,5358490.180190934
6083,5359286.8933357205
6084,5360036.662810066
6085,5360767.23211601
6086,5361486.288278564
6087,5362193.785460142
6088,5362848.700561846
6089,5363490.002068052
6090,5364119.569250512
6091,5364732.470201245
6092,5365295.9348309515
6093,5365847.496214402
6094,5366387.112579168
6095,5366902.086636484
6096,5367375.582343306
6097,5367836.97247979
6098,5368286.217642288
6099,5368701.943842578
6100,5369085.070789681
6101,5369455.900758312
6102,5369814.396772332
6103,5370129.640472638
6104,5370422.0417311555
6105,5370701.96573927
6106,5370968.866559384
6107,5371166.167495697
6108,5371350.840667224
6109,5371522.853678013
6110,5371682.174692143
6111,5371828.772435999
6112,5371916.943830896
6113,5371977.452474872
6114,5372025.098500656
6115,5372059.853377649
6116,5372081.689150274
6117,5372078.676558539
6118,5372014.969192766
6119,5371938.215877619
6120,5371848.391447589
6121,5371745.471323038
6122,5371629.431511772
6123,5371459.2435652595
6124,5371258.145776059
6125,5371043.816323785
6126,5370816.23405279
6127,5370575.378403506
6128,5370306.782999905
6129,5369981.484018215
6130,5369642.81242445
6131,5369290.750525139
6132,5368925.2812297
6133,5368546.388051241
6134,5368105.480119068
6135,5367642.718739809
6136,5367166.449326677
6137,5366676.658284661
6138,5366173.332627056
6139,5365628.034014913
6140,5365041.525300492
6141,5364441.410653633
6142,5363827.679991815
6143,5363200.323843654
6144,5362547.691685869
6145,5361837.868542726
6146,5361114.36142041
6147,5360377.163756323
6148,5359626.269600049
6149,5358861.673613109
6150,5358031.025580244
6151,5357184.669278956
6152,5356324.5677327905
6153,5355450.718508661
6154,5354563.119784403
6155,5353620.907398297
6156,5352652.335565311
6157,5351669.983525407
6158,5350673.8523501465
6159,5349663.943719307
6160,5348608.050990449
6161,5347517.987194829
6162,5346414.1278428715
6163,5345296.477489302
6164,5344165.041292709
6165,5342993.610463489
6166,5341782.86753234
6167,5340558.3331351755
6168,5339320.015279874
6169,5338067.922572261
6170,5336779.347140437
6171,5335448.82626792
6172,5334104.5372436745
6173,5332746.491490516
6174,5331374.701021766
6175,5329967.61869571
6176,5328518.308333068
6177,5327055.272099913
6178,5325578.52478792
6179,5324088.081770352
6180,5322561.367360207
6181,5320994.341895608
6182,5319413.651512162
6183,5317819.314316769
6184,5316211.348987646
6185,5314564.107237468
6186,5312880.525475132
6187,5311183.3580819545
6188,5309472.626419304
6189,5307748.35240825
6190,5305979.9107751055
6191,5304181.0142235765
6192,5302368.629295814
6193,5300542.780540107
6194,5298703.4930516
6195,5296813.394438337
6196,5294900.505418215
6197,5292974.242839709
6198,5291034.634364113
6199,5289081.708185548
6200,5287069.703634617
6201,5285044.22321644
6202,5283005.501186071
6203,5280953.568237921
6204,5278877.965018084
6205,5276754.496940422
6206,5274617.902723603
6207,5272468.2155048475
6208,5270305.468926257
6209,5268107.121708245
6210,5265873.929682645
6211,5263627.7734267
6212,5261368.688951633
6213,5259096.712756661
6214,5256775.945237982
6215,5254434.636928444
6216,5252080.542047805
6217,5249713.699386876
6218,5247326.5759649305
6219,5244891.463307873
6220,5242443.715938133
6221,5239983.374871969
6222,5237510.481581028
6223,5235001.163098668
6224,5232461.150505378
6225,5229908.7081362745
6226,5227343.879604845
6227,5224766.708960861
6228,5222136.028602558
6229,5219492.909953981
6230,5216837.580656602
6231,5214170.086815561
6232,5211471.766860368
6233,5208739.423724148
6234,5205995.054580116
6235,5203238.70751612
6236,5200470.431020199
6237,5197651.916254811
6238,5194819.993440225
6239,5191976.288053185
6240,5189120.850473635
6241,5186234.268565555
6242,5183316.302299965
6243,5180386.757197242
6244,5177445.685453519
6245,5174490.566717868
6246,5171488.09002861
6247,5168474.246285032
6248,5165449.089422689
6249,5162412.6737223305
6250,5159339.660149751
6251,5156243.080049091
6252,5153135.407977796
6253,5150016.699860871
6254,5146875.501738625
6255,5143697.767499396
6256,5140509.169716
6257,5137309.765879107
6258,5134099.613785249
6259,5130842.992866046
6260,5127575.077165602
6261,5124296.592253358
6262,5121007.597394587
6263,5117683.606611738
6264,5114337.997789234
6265,5110982.063094746
6266,5107615.863182683
6267,5104224.616522479
6268,5100802.955068068
6269,5097371.217227507
6270,5093929.464964554
6271,5090471.1788849095
6272,5086975.119675245
6273,5083469.239359164
6274,5079953.601129929
6275,5076428.2684109
6276,5072853.59162835
6277,5069268.974781164
6278,5065674.863160236
6279,5062071.321367726
6280,5058457.197221086
6281,5054795.783002412
6282,5051125.142367101
6283,5047445.341013573
6284,5043756.444829958
6285,5040054.132171034
6286,5036308.910117133
6287,5032554.80156858
6288,5028791.873409712
6289,5025020.192692487
6290,5021230.83109655
6291,5017404.369400321
6292,5013569.36764035
6293,5009725.893765579
6294,5005874.015870705
6295,5001998.890415261
6296,4998093.773586309
6297,4994180.468974574
6298,4990259.045473593
6299,4986329.572101037
6300,4982370.103403225
6301,4978388.929127474
6302,4974399.924549414
6303,4970403.159388696
6304,4966398.703467791
6305,4962356.438017135
6306,4958301.814059358
6307,4954239.721838314
6308,4950170.231783108
6309,4946088.300781407
6310,4941970.01519188
6311,4937844.556347808
6312,4933711.995208037
6313,4929572.402796456
6314,4925407.171619012
6315,4921214.439991605
6316,4917014.906229041
6317,4912808.64183049
6318,4908595.718339703
6319,4904376.022258232
6320,4900111.752714014
6321,4895841.055129615
6322,4891564.001430455
6323,4887280.663566502
6324,4882991.113508656
6325,4878673.595168282
6326,4874334.634041181
6327,4869989.693567529
6328,4865638.845992635
6329,4861282.163563287
6330,4856911.775481631
6331,4852507.4376535965
6332,4848097.498895715
6333,4843682.031640637
6334,4839261.108303635
6335,4834834.8012792
6336,4830371.398667377
6337,4825899.33355068
6338,4821422.119502737
6339,4816939.829002931
6340,4812452.534491658
6341,4807938.56306415
6342,4803407.22449932
6343,4798871.116970111
6344,4794330.312918893
6345,4789784.8847314
6346,4785221.066335042
6347,4780633.285850941
6348,4776041.116227534
6349,4771444.629772356
6350,4766843.898719316
6351,4762231.110665166
6352,4757589.696127868
6353,4752944.271610576
6354,4748294.909191657
6355,4743641.680859429
6356,4738980.943070587
6357,4734288.676491345
6358,4729592.777920967
6359,4724893.319117767
6360,4720190.371734274
6361,4715482.8344825115
6362,4710742.469917137
6363,4705998.849693867
6364,4701252.045163693
6365,4696502.127556734
6366,4691749.05977183
6367,4686963.321313422
6368,4682174.701409464
6369,4677383.27091999
6370,4672589.100569718
6371,4667791.878705507
6372,4662963.458572162
6373,4658132.5286395345
6374,4653299.159196728
6375,4648463.420383792
6376,4643623.517824963
6377,4638755.074543697
6378,4633884.490118379
6379,4629011.834190946
6380,4624137.176241186
6381,4619256.153235046
6382,4614350.309922757
6383,4609442.690726006
6384,4604533.364567017
6385,4599622.400193468
6386,4594701.894290929
6387,4589761.237032981
6388,4584819.165370238
6389,4579875.747436407
6390,4574931.051178912
6391,4569972.768169137
6392,4564999.844495677
6393,4560025.863753211
6394,4555050.89322183
6395,4550074.99998432
6396,4545080.7053074865
6397,4540078.022767413
6398,4535074.636006503
6399,4530070.611389876
6400,4525066.015074963
6401,4520037.525697865
6402,4515007.550530035
6403,4509977.2191783115
6404,4504946.597035129
6405,4499909.692261197
6406,4494854.92601476
6407,4489800.081915798
6408,4484745.224554913
6409,4479690.418297798
6410,4474622.061312881
6411,4469544.467561476
6412,4464467.134549176
6413,4459390.125797896
6414,4454313.504596123
6415,4449215.645358562
6416,4444117.565015177
6417,4439020.078386393
6418,4433923.247877875
6419,4428818.878169886
6420,4423701.747394463
6421,4418585.4759512115
6422,4413470.125332835
6423,4408355.7567847455
6424,4403222.383926134
6425,4398085.951156838
6426,4392950.702400837
6427,4387816.697964441
6428,4382683.997899776
6429,4377537.558435272
6430,4372384.217677906
6431,4367232.379268625
6432,4362082.102287931
6433,4356933.445555908
6434,4351774.947710791
6435,4346607.037617103
6436,4341440.941657666
6437,4336276.7176512135
6438,4331114.4231504435
6439,4325944.954205185
6440,4320764.75768106
6441,4315586.680344823
6442,4310410.778720856
6443,4305237.109062443
6444,4300057.825390272
6445,4294867.569283803
6446,4289679.730520394
6447,4284494.364300713
6448,4279311.525549921
6449,4274123.643296413
6450,4268925.498163782
6451,4263730.0614823615
6452,4258537.387102987
6453,4253347.528597088
6454,4248152.314971833
6455,4242948.39491856
6456,4237747.467246038
6457,4232549.584432194
6458,4227354.798672222
6459,4222153.5638234345
6460,4216945.926418705
6461,4211741.558030415
6462,4206540.509743518
6463,4201342.832357403
6464,4196136.9218014935
6465,4190927.568062944
6466,4185721.75258329
6467,4180519.525037308
6468,4175320.9348119474
6469,4170110.426824456
6470,4164899.6753653367
6471,4159692.725403541
6472,4154489.6251908224
6473,4149290.4226892213
6474,4144084.637399721
6475,4138874.4880547402
6476,4133668.3958211783
6477,4128466.4075154015
6478,4123268.5696626813
6479,4118068.2624956896
6480,4112860.6535024946
6481,4107657.349555278
6482,4102458.3960253326
6483,4097263.837991905
6484,4092069.828678803
6485,4086866.637121983
6486,4081667.9908248726
6487,4076473.933706514
6488,4071284.5093934624
6489,4066097.6727611516
6490,4060900.715067783
6491,4055708.5350989895
6492,4050521.1753168823
6493,4045338.6778910123
6494,4040159.935327718
6495,4034970.9678117586
6496,4029787.002721085
6497,4024608.0810584733
6498,4019434.24353449
6499,4014264.555094713
6500,4009085.2745476896
6501,4003911.2133592726
6502,3998742.411072741
6503,3993578.906939911
6504,3988419.26405232
6505,3983251.3083775537
6506,3978088.781235629
6507,3972931.7207122846
6508,3967780.164602885
6509,3962631.5833465876
6510,3957476.5322344187
6511,3952327.111089482
6512,3947183.3565439186
6513,3942045.3049409846
6514,3936908.8198571424
6515,3931768.1954985005
6516,3926633.394831219
6517,3921504.453039739
6518,3916381.4050213816
6519,3911258.063428821
6520,3906133.331264554
6521,3901014.6088449415
6522,3895901.92991437
6523,3890795.32793222
6524,3885686.184717003
6525,3880578.7542204834
6526,3875477.5118996915
6527,3870382.4900683444
6528,3865293.7207575217
6529,3860199.833608085
6530,3855111.059098484
6531,3850028.643630815
6532,3844952.6180990622
6533,3839880.7493382837
6534,3834805.438177883
6535,3829736.61966176
6536,3824674.323554363
6537,3819618.579342458
6538,3814563.470095118
6539,3809509.2041525203
6540,3804461.5881912247
6541,3799420.650579208
6542,3794386.419409872
6543,3789349.1341943094
6544,3784317.1148376013
6545,3779291.8954382623
6546,3774273.50298274
6547,3769259.0945125395
6548,3764243.554613607
6549,3759234.931483191
6550,3754233.251010875
6551,3749238.538817797
6552,3744243.503823689
6553,3739252.322119733
6554,3734268.194053265
6555,3729291.1441621785
6556,3724319.2570549087
6557,3719344.874518639
6558,3714377.653319988
6559,3709417.6169224456
6560,3704464.788527784
6561,3699519.1883033616
6562,3694569.761693572
6563,3689627.621790371
6564,3684692.790736175
6565,3679765.2904157285
6566,3674845.1424569893
6567,3669923.0273127817
6568,3665007.035007901
6569,3660098.4685958186
6570,3655197.3486642586
6571,3650303.695548363
6572,3645409.342377268
6573,3640520.5107660335
6574,3635639.2152033686
6575,3630765.4750008727
6576,3625899.3092219215
6577,3621033.118770832
6578,3616172.321933446
6579,3611319.1646156553
6580,3606473.664874428
6581,3601635.840522966
6582,3596798.7186353286
6583,3591966.874367306
6584,3587142.7664384367
6585,3582326.411673441
6586,3577517.826657895
6587,3572710.2268680357
6588,3567908.20313717
6589,3563114.0060410136
6590,3558327.651195116
6591,3553549.1539805643
6592,3548771.5396037656
6593,3544000.155836545
6594,3539236.6826059814
6595,3534481.1343420525
6596,3529733.5252450826
6597,3524986.365132983
6598,3520246.393492757
6599,3515514.4100303845
6600,3510790.4280144046
6601,3506074.1058958457
6602,3501358.2252106937
6603,3496650.3918663324
6604,3491950.6182153095
6605,3487258.9163892847
6606,3482573.5843201433
6607,3477890.4567197743
6608,3473215.4431037507
6609,3468548.554707695
6610,3463889.802551355
6611,3459235.944352154
6612,3454586.21365477
6613,3449944.6577095976
6614,3445311.286660565
6615,3440686.110440763
6616,3436064.2017659894
6617,3431448.4693943555
6618,3426840.9668064453
6619,3422241.7030799715
6620,3417650.637811387
6621,3413061.1930319145
6622,3408480.019232709
6623,3403907.1246526693
6624,3399342.5173290046
6625,3394783.9890242713
6626,3390229.5780928964
6627,3385683.4831419317
6628,3381145.711390517
6629,3376616.2698612125
6630,3372090.733595439
6631,3367571.8433470447
6632,3363061.308739624
6633,3358559.1359985084
6634,3354064.5304261134
6635,3349573.2252896344
6636,3345090.304811732
6637,3340615.774437335
6638,3336149.6394240507
6639,3331688.6028759857
6640,3327233.6496556094
6641,3322787.1114467205
6642,3318348.9927474502
6643,3313918.9027955336
6644,3309492.2468158924
6645,3305074.0275039934
6646,3300664.2486153524
6647,3296262.913727404
6648,3291866.952433191
6649,3287477.3563790787
6650,3283096.2185041457
6651,3278723.541664136
6652,3274358.574544329
6653,3269997.8844191167
6654,3265645.667148018
6655,3261301.924881883
6656,3256966.6596026667
6657,3252636.350016998
6658,3248313.311992038
6659,3243998.7599541075
6660,3239692.6952010747
6661,3235393.443248526
6662,3231099.8228141186
6663,3226814.6964364913
6664,3222538.0647460967
6665,3218269.805663902
6666,3214005.8215014897
6667,3209750.336628365
6668,3205503.3510241555
6669,3201264.8645127225
6670,3197031.88196838
6671,3192806.2354755914
6672,3188589.090087089
6673,3184380.444996391
6674,3180178.530202473
6675,3175982.900602428
6676,3171795.7712693727
6677,3167617.140782844
6678,3163446.24442845
6679,3159280.792460741
6680,3155123.8373229713
6681,3150975.3769969377
6682,3146835.409321517
6683,3142700.324585815
6684,3138573.6846589856
6685,3134455.5329976026
6686,3130345.866862805
6687,3126241.863948604
6688,3122145.663686008
6689,3118057.942702263
6690,3113978.6976967077
6691,3109905.1053282465
6692,3105838.49754167
6693,3101780.358432885
6694,3097730.6841509463
6695,3093689.470714505
6696,3089655.522202997
6697,3085627.1454913043
6698,3081607.2200859236
6699,3077595.7414749167
6700,3073592.705020632
6701,3069598.105960649
6702,3065608.1708925115
6703,3061626.5818653754
6704,3057653.4181540003
6705,3053688.6744884974
6706,3049732.34547882
6707,3045781.836445609
6708,3041838.6778904037
6709,3037903.9198581963
6710,3033977.55647057
6711,3030059.5817335034
6712,3026148.3058787924
6713,3022243.6445592456
6714,3018347.355785368
6715,3014459.4330935506
6716,3010579.869909078
6717,3006707.6456279126
6718,3002841.5221876428
6719,2998983.7402582634
6720,2995134.292813954
6721,2991293.1727221813
6722,2987459.8267382747
6723,2983632.256870387
6724,2979812.994545807
6725,2976002.0321990573
6726,2972199.3621622934
6727,2968404.7269566935
6728,2964615.7025342328
6729,2960834.948876769
6730,2957062.4579013474
6731,2953298.2214268735
6732,2949542.132985019
6733,2945791.6231532474
6734,2942049.3446169803
6735,2938315.2887975117
6736,2934589.4470221964
6737,2930871.7428688984
6738,2927159.6951005273
6739,2923455.836583906
6740,2919760.158265933
6741,2916072.6510036453
6742,2912393.168498317
6743,2908719.5096126236
6744,2905053.9954750324
6745,2901396.6165789296
6746,2897747.3633318576
6747,2894105.9381985487
6748,2890470.5753454776
6749,2886843.3103886745
6750,2883224.13338849
6751,2879613.0343233324
6752,2876009.499392447
6753,2872412.3210025765
6754,2868823.191418075
6755,2865242.1002862523
6756,2861669.0371763594
6757,2858103.2213167846
6758,2854544.098018215
6759,2850992.9723015036
6760,2847449.8334205365
6761,2843914.670554874
6762,2840386.397777287
6763,2836865.1832803185
6764,2833351.913112977
6765,2829846.5761548392
6766,2826349.1612148383
6767,2822858.2499285126
6768,2819374.7818791363
6769,2815899.2029796606
6770,2812431.5017540487
6771,2808971.6666591945
6772,2805517.9290663484
6773,2802072.0298693613
6774,2798633.962813704
6775,2795203.716085951
6776,2791780.8272815743
6777,2788364.5194221395
6778,2784955.9970348557
6779,2781555.2480475255
6780,2778162.260327139
6781,2774776.1176484795
6782,2771397.040948815
6783,2768025.6896462045
6784,2764662.051362851
6785,2761306.113663499
6786,2757956.514734946
6787,2754614.4520905055
6788,2751280.0532026384
6789,2747953.305404939
6790,2744633.8220883776
6791,2741320.9305450628
6792,2738015.6525281393
6793,2734717.975150776
6794,2731427.88547448
6795,2728144.4731080304
6796,2724868.1418189933
6797,2721599.359833123
6798,2718338.1140042306
6799,2715084.3911375725
6800,2711837.0286503765
6801,2708597.0161202406
6802,2705364.4873418254
6803,2702139.428925369
6804,2698921.630283837
6805,2695710.2533227513
6806,2692506.3068911475
6807,2689309.7774142018
6808,2686120.651273904
6809,2682938.3694715262
6810,2679762.863203102
6811,2676594.7197177964
6812,2673433.9252245724
6813,2670280.465892091
6814,2667133.4356934256
6815,2663993.528222086
6816,2660860.914685101
6817,2657735.58108978
6818,2654617.292465746
6819,2651505.4643908134
6820,2648400.8745196383
6821,2645303.50870734
6822,2642213.352773687
6823,2639129.7786650565
6824,2636053.048941804
6825,2632983.4867698876
6826,2629921.0778279407
6827,2626865.710445723
6828,2623816.671481231
6829,2620774.7429736704
6830,2617739.910469194
6831,2614712.1594833164
6832,2611690.965023811
6833,2608676.494711066
6834,2605669.062632922
6835,2602668.6541828606
6836,2599675.1419165693
6837,2596687.9491608925
6838,2593707.736365309
6839,2590734.4888094408
6840,2587768.1917467
6841,2584808.3034357876
6842,2581855.1239567054
6843,2578908.8508654707
6844,2575969.469311491
6845,2573036.7447792334
6846,2570110.4081253293
6847,2567190.9185772715
6848,2564278.2611881574
6849,2561372.420989092
6850,2558472.762244447
6851,2555579.861109513
6852,2552693.732364969
6853,2549814.3609548854
6854,2546941.35060692
6855,2544074.838817604
6856,2541215.039291123
6857,2538361.936891752
6858,2535515.328721651
6859,2532675.0035324735
6860,2529841.330149888
6861,2527014.2933654264
6862,2524193.843636938
6863,2521379.4988727695
6864,2518571.7451596824
6865,2515770.567223311
6866,2512975.9497745503
6867,2510187.460580006
6868,2507405.4168985607
6869,2504629.887908336
6870,2501860.858262564
6871,2499098.0168726267
6872,2496341.4706480796
6873,2493591.3777926466
6874,2490847.7229083134
6875,2488110.2888153642
6876,2485379.024752894
6877,2482654.1525274487
6878,2479935.656695997
6879,2477223.390700655
6880,2474517.190992834
6881,2471817.3214057703
6882,2469123.7664574594
6883,2466436.430439238
6884,2463755.0749645564
6885,2461079.9877351825
6886,2458411.153236006
6887,2455748.509957363
6888,2453091.7764701825
6889,2450441.2492178828
6890,2447796.912657936
6891,2445158.7255982677
6892,2442526.3899105727
6893,2439900.198335792
6894,2437280.1353094922
6895,2434666.1685259477
6896,2432058.004681242
6897,2429455.92273862
6898,2426859.9071170962
6899,2424269.9251293736
6900,2421685.7055690456
6901,2419107.5056330557
6902,2416535.309729038
6903,2413969.077425584
6904,2411408.5731480694
6905,2408854.026171451
6906,2406305.420896999
6907,2403762.703460265
6908,2401225.6841732943
6909,2398694.559838602
6910,2396169.3148559504
6911,2393649.8777045766
6912,2391136.1119708014
6913,2388628.178835343
6914,2386126.062701153
6915,2383629.671447159
6916,2381138.9268234395
6917,2378653.952457894
6918,2376174.7327612047
6919,2373701.153180421
6920,2371233.1963510322
6921,2368770.9474719972
6922,2366314.390966122
6923,2363863.388980309
6924,2361417.9858843037
6925,2358978.228481028
6926,2356544.1012096466
6927,2354115.4428788396
6928,2351692.3588318503
6929,2349274.8582873913
6930,2346862.9143372537
6931,2344456.3772289027
6932,2342055.37703955
6933,2339659.89824659
6934,2337269.879865225
6935,2334885.253060767
6936,2332506.10114195
6937,2330132.40861349
6938,2327764.0829188493
6939,2325401.1304299706
6940,2323043.5909052202
6941,2320691.4488803465
6942,2318344.583120601
6943,2316003.0687562255
6944,2313666.9055613247
6945,2311336.057142946
6946,2309010.43968918
6947,2306690.1271530986
6948,2304375.1041331757
6949,2302065.3021590416
6950,2299760.7117641564
6951,2297461.364748306
6952,2295167.245750557
6953,2292878.258453167
6954,2290594.4587208927
6955,2288315.8409944326
6956,2286042.3581573647
6957,2283773.9442493683
6958,2281510.6664362648
6959,2279252.5094356053
6960,2276999.457977059
6961,2274751.4957041144
6962,2272508.512428365
6963,2270270.5889616697
6964,2268037.7100835037
6965,2265809.860586374
6966,2263587.0252759736
6967,2261369.1256410317
6968,2259156.1918698186
6969,2256948.2267846665
6970,2254745.2152453703
6971,2252547.1421257807
6972,2250353.9537294395
6973,2248165.6454831245
6974,2245982.230364165
6975,2243803.693303907
6976,2241630.01924855
6977,2239461.171450337
6978,2237297.125249118
6979,2235137.8969815215
6980,2232983.4716544626
6981,2230833.834290485
6982,2228688.9591219323
6983,2226548.8123744433
6984,2224413.408751892
6985,2222282.733340591
6986,2220156.7712432016
6987,2218035.503257201
6988,2215918.8944462175
6989,2213806.954355567
6990,2211699.668154573
6991,2209597.0210296055
6992,2207498.997180919
6993,2205405.566038027
6994,2203316.7296329364
6995,2201232.4732214124
6996,2199152.782076921
6997,2197077.6414907463
6998,2195007.029298234
6999,2192940.9381626225
7000,2190879.35356681
7001,2188822.2608745564
7002,2186769.6454680525
7003,2184721.4945187373
7004,2182677.7918208553
7005,2180638.522667192
7006,2178603.6725148256
7007,2176573.226839832
7008,2174547.1806826107
7009,2172525.511320519
7010,2170508.202980208
7011,2168495.241214916
7012,2166486.611597427
7013,2164482.315989222
7014,2162482.3267284823
7015,2160486.626454297
7016,2158495.2008187473
7017,2156508.0354939667
7018,2154525.138355582
7019,2152546.477959953
7020,2150572.035016091
7021,2148601.7952774325
7022,2146635.7445179424
7023,2144673.895892572
7024,2142716.215248554
7025,2140762.681034359
7026,2138813.2791071325
7027,2136867.9953449913
7028,2134926.847354526
7029,2132989.799590609
7030,2131056.8277590303
7031,2129127.9178228443
7032,2127203.0557665047
7033,2125282.2625601175
7034,2123365.503161705
7035,2121452.749733458
7036,2119543.9883464132
7037,2117639.2050933847
7038,2115738.422781902
7039,2113841.609702929
7040,2111948.733177414
7041,2110059.7793862796
7042,2108174.734532592
7043,2106293.6207837085
7044,2104416.4140140843
7045,2102543.074935998
7046,2100673.589842044
7047,2098807.9450472873
7048,2096946.162482655
7049,2095088.2257346255
7050,2093234.0883799652
7051,2091383.736824581
7052,2089537.1574971753
7053,2087694.3651136735
7054,2085855.3644031244
7055,2084020.095359558
7056,2082188.5445037347
7057,2080360.698379485
7058,2078536.558862447
7059,2076716.1631145503
7060,2074899.431886567
7061,2073086.3518155066
7062,2071276.909561711
7063,2069471.0918088998
7064,2067668.9677907457
7065,2065870.4469178023
7066,2064075.5107584975
7067,2062284.146090947
7068,2060496.3397168817
7069,2058712.1370457762
7070,2056931.5019855967
7071,2055154.3857895238
7072,2053380.775354598
7073,2051610.6576016953
7074,2049844.0420533933
7075,2048080.9688229023
7076,2046321.3492057752
7077,2044565.170219022
7078,2042812.4189036747
7079,2041063.082324822
7080,2039317.2381979078
7081,2037574.794440892
7082,2035835.726788167
7083,2034100.022401831
7084,2032367.668468207
7085,2030638.715093882
7086,2028913.129201285
7087,2027190.8554959346
7088,2025471.8812618046
7089,2023756.1938072508
7090,2022043.818845033
7091,2020334.7755960894
7092,2018628.981230241
7093,2016926.4231540635
7094,2015227.0887986384
7095,2013530.98326629
7096,2011838.170261461
7097,2010148.5434518664
7098,2008462.0903673053
7099,2006778.7985621947
7100,2005098.6567757188
7101,2003421.7644779421
7102,2001747.9963067656
7103,2000077.3399157494
7104,1998409.7829831638
7105,1996745.3132120192
7106,1995084.0242799341
7107,1993425.808730853
7108,1991770.6436392444
7109,1990118.5168076803
7110,1988469.4160635425
7111,1986823.4305565285
7112,1985180.4645464958
7113,1983540.4882954606
7114,1981903.489730649
7115,1980269.4568041621
7116,1978638.4791432521
7117,1977010.4625502399
7118,1975385.3756435825
7119,1973763.2064754476
7120,1972143.9431229176
7121,1970527.680904357
7122,1968914.3165913462
7123,1967303.822519136
7124,1965696.186865043
7125,1964091.3978313347
7126,1962489.5618055156
7127,1960890.5556410141
7128,1959294.3608997448
7129,1957700.9658843162
7130,1956110.366932712
7131,1954522.6629768375
7132,1952937.7238521734
7133,1951355.5379617184
7134,1949776.0937334476
7135,1948199.4080682574
7136,1946625.5407662825
7137,1945054.3806098897
7138,1943485.9161274608
7139,1941920.1358723522
7140,1940357.0830833474
7141,1938796.7667835653
7142,1937239.1005724773
7143,1935684.0731038095
7144,1934131.673056255
7145,1932581.9826997316
7146,1931034.9452087516
7147,1929490.50138223
7148,1927948.6399991855
7149,1926409.349863574
7150,1924872.7013147692
7151,1923338.663310979
7152,1921807.1631755251
7153,1920278.1898125673
7154,1918751.732151171
7155,1917227.8548047026
7156,1915706.5400200293
7157,1914187.7079348124
7158,1912671.3475781593
7159,1911157.4480040297
7160,1909646.0744032834
7161,1908137.20962782
7162,1906630.7730090606
7163,1905126.7537008016
7164,1903625.1408816408
7165,1902126.0066988817
7166,1900629.3217832674
7167,1899135.0111063581
7168,1897643.0639463454
7169,1896153.469606153
7170,1894666.3136248132
7171,1893181.54148051
7172,1891699.0902800758
7173,1890218.9494257474
7174,1888741.1083444322
7175,1887265.672442994
7176,1885792.54904065
7177,1884321.6939086788
7178,1882853.096572989
7179,1881386.746584071
7180,1879922.775721119
7181,1878461.0400871343
7182,1877001.5206693553
7183,1875544.2071169317
7184,1874089.1121237278
7185,1872636.3313035537
7186,1871185.7255150105
7187,1869737.2845056157
7188,1868290.9980472974
7189,1866846.917185021
7190,1865405.0622761787
7191,1863965.331454236
7192,1862527.7145890903
7193,1861092.201574952
7194,1859658.8883783782
7195,1858227.7069254194
7196,1856798.5992272894
7197,1855371.55527574
7198,1853946.5674816659
7199,1852523.7761148156
7200,1851103.0186917335
7201,1849684.2853013605
7202,1848267.5660567528
7203,1846852.9104260495
7204,1845440.34591798
7205,1844029.766117825
7206,1842621.161235356
7207,1841214.5215043447
7208,1839809.960021857
7209,1838407.3783684857
7210,1837006.7327918678
7211,1835608.013622003
7212,1834211.2646022404
7213,1832816.609689148
7214,1831423.85244002
7215,1830032.9832809332
7216,1828643.9926617264
7217,1827256.8710559814
7218,1825871.6089609875
7219,1824488.2813199325
7220,1823106.9522289315
7221,1821727.4544101749
7222,1820349.7784562788
7223,1818973.914983446
7224,1817599.8546314237
7225,1816227.5880634869
7226,1814857.2419601295
7227,1813488.779432461
7228,1812122.0829506041
7229,1810757.1432723773
7230,1809393.9511789756
7231,1808032.4974749489
7232,1806672.7729881722
7233,1805314.976658546
7234,1803958.9295267812
7235,1802604.58437002
7236,1801251.9321098642
7237,1799900.9636910944
7238,1798551.6700816334
7239,1797204.0948197981
7240,1795858.3719574078
7241,1794514.297083844
7242,1793171.8612600348
7243,1791831.0555699107
7244,1790491.871120362
7245,1789154.29904122
7246,1787818.4941849438
7247,1786484.3703586021
7248,1785151.8325699656
7249,1783820.8720410024
7250,1782491.4800164541
7251,1781163.6477638143
7252,1779837.410096355
7253,1778512.923049009
7254,1777189.9698553693
7255,1775868.541874309
7256,1774548.6304872872
7257,1773230.227098318
7258,1771913.323133939
7259,1770598.1036877127
7260,1769284.4265734442
7261,1767972.2234446716
7262,1766661.485818402
7263,1765352.205234008
7264,1764044.3732531918
7265,1762738.0902485978
7266,1761433.3855846555
7267,1760130.1044920892
7268,1758828.2386222777
7269,1757527.7796487652
7270,1756228.7192672242
7271,1754931.089905432
7272,1753635.058910076
7273,1752340.4018777867
7274,1751047.1105931115
7275,1749755.1768625616
7276,1748464.592514581
7277,1747175.3493995103
7278,1745887.687484535
7279,1744601.3613362182
7280,1743316.3522577104
7281,1742032.6521872748
7282,1740750.253084906
7283,1739469.1469322871
7284,1738189.5409058132
7285,1736911.2572233065
7286,1735634.2427227835
7287,1734358.4894730279
7288,1733083.9895643506
7289,1731810.7351085483
7290,1730538.9171802548
7291,1729268.3922612225
7292,1727999.0894188976
7293,1726731.0008513483
7294,1725464.1187779577
7295,1724198.4354393939
7296,1722934.142465138
7297,1721671.097280062
7298,1720409.227841484
7299,1719148.5264755
7300,1717888.9855293215
7301,1716630.5973712343
7302,1715373.5708082223
7303,1714117.7309568122
7304,1712863.0212892187
7305,1711609.4342583169
7306,1710356.9623378867
7307,1709105.5980225715
7308,1707855.5838848583
7309,1706606.679551994
7310,1705358.8606002268
7311,1704112.1196079466
7312,1702866.4491742433
7313,1701621.8734704214
7314,1700378.590733097
7315,1699136.3566443883
7316,1697895.163886423
7317,1696655.0051618472
7318,1695415.8731937942
7319,1694177.8573298973
7320,1692941.027487145
7321,1691705.2028642157
7322,1690470.3762664367
7323,1689236.54051944
7324,1688003.688469141
7325,1686771.9911234973
7326,1685541.35710963
7327,1684311.6856251974
7328,1683082.969597463
7329,1681855.201973787
7330,1680628.3783388806
7331,1679402.7599600179
7332,1678178.069122997
7333,1676954.2988558237
7334,1675731.4422064312
7335,1674509.4922426436
7336,1673288.5574135932
7337,1672068.6752840977
7338,1670849.6793404336
7339,1669631.5627302225
7340,1668414.3186208114
7341,1667197.9401992317
7342,1665982.6651640972
7343,1664768.2746070332
7344,1663554.7295966577
7345,1662342.023398961
7346,1661130.1492994458
7347,1659919.2122420713
7348,1658709.260613335
7349,1657500.121237699
7350,1656291.7874789247
7351,1655084.2527201187
7352,1653877.5103636875
7353,1652671.82561145
7354,1651466.928358212
7355,1650262.8040139636
7356,1649059.4460585413
7357,1647856.8479909175
7358,1646655.1700406438
7359,1645454.353828761
7360,1644254.2783015904
7361,1643054.9370348435
7362,1641856.3236231925
7363,1640658.5064204917
7364,1639461.612578807
7365,1638265.4276768374
7366,1637069.9453853068
7367,1635875.1593937331
7368,1634681.0634103923
7369,1633487.9314903663
7370,1632295.4814059797
7371,1631103.702756174
7372,1629912.5893244562
7373,1628722.134912933
7374,1627532.5492921732
7375,1626343.6805807946
7376,1625155.4525979965
7377,1623967.859220438
7378,1622780.8943432034
7379,1621594.7164543993
7380,1620409.2780133907
7381,1619224.4500605906
7382,1618040.2265649643
7383,1616856.6015137422
7384,1615673.6950840005
7385,1614491.5381316813
7386,1613309.9618886188
7387,1612128.9604152553
7388,1610948.5277901294
7389,1609768.7588207216
7390,1608589.7368755229
7391,1607411.2663178807
7392,1606233.3412988845
7393,1605055.9559875638
7394,1603879.1927338205
7395,1602703.161593596
7396,1601527.652972338
7397,1600352.6611109737
7398,1599178.1802682024
7399,1598004.293219571
7400,1596831.110941058
7401,1595658.4227619437
7402,1594486.2230121773
7403,1593314.506039323
7404,1592143.3678995678
7405,1590972.8947780393
7406,1589802.8877812994
7407,1588633.3413275185
7408,1587464.2498523258
7409,1586295.7355199074
7410,1585127.8340689933
7411,1583960.3712091998
7412,1582793.3414461238
7413,1581626.7393026687
7414,1580460.725851272
7415,1579295.2607829797
7416,1578130.2072091023
7417,1576965.5597218846
7418,1575801.3129307223
7419,1574637.6795899554
7420,1573474.5177948864
7421,1572311.7408305625
7422,1571149.3433751012
7423,1569987.3201236138
7424,1568825.9482598852
7425,1567664.9587876666
7426,1566504.3279116754
7427,1565344.0503951288
7428,1564184.1780319
7429,1563024.894115657
7430,1561865.948155591
7431,1560707.334982539
7432,1559549.0494440673
7433,1558391.2316694388
7434,1557233.8900466375
7435,1556076.8609085688
7436,1554920.139169816
7437,1553763.7197615465
7438,1552607.8674096772
7439,1551452.3723530662
7440,1550297.1647482393
7441,1549142.2395928227
7442,1547987.5919008895
7443,1546833.4622108438
7444,1545679.691094856
7445,1544526.1828127285
7446,1543372.9324444076
7447,1542219.935086136
7448,1541067.4220036133
7449,1539915.2542711846
7450,1538763.3251660604
7451,1537611.6298497806
7452,1536460.1635000473
7453,1535309.1629883014
7454,1534158.4801326331
7455,1533008.012105462
7456,1531857.7541492176
7457,1530707.7015223464
7458,1529558.1115446046
7459,1528408.7970911562
7460,1527259.6740715902
7461,1526110.7378085204
7462,1524961.9836404491
7463,1523813.7041425137
7464,1522665.643631257
7465,1521517.7515599437
7466,1520370.0233306948
7467,1519222.4566644637
7468,1518075.3872544474
7469,1516928.4682223666
7470,1515781.6950335235
7471,1514635.0631688603
7472,1513488.6334015275
7473,1512342.6172686256
7474,1511196.7292324894
7475,1510050.9648367062
7476,1508905.3196403792
7477,1507759.9321710258
7478,1506614.8604036774
7479,1505469.8948430566
7480,1504325.0311103843
7481,1503180.2648422632
7482,1502035.839659659
7483,1500891.6241439693
7484,1499747.493345623
7485,1498603.4429628386
7486,1497459.468709099
7487,1496315.8336418204
7488,1495172.3695342538
7489,1494028.9690393233
7490,1492885.6279316114
7491,1491742.3420008472
7492,1490599.4098227855
7493,1489456.5941964698
7494,1488313.8214595553
7495,1487171.0874623726
7496,1486028.38807027
7497,1484886.073417474
7498,1483743.8052462072
7499,1482601.5596194458
7500,1481459.3324626484
7501,1480317.1655183884
7502,1479175.3390712657
7503,1478033.519213814
7504,1476891.7019312154
7505,1475749.883223457
7506,1474608.1865156682
7507,1473466.7307821368
7508,1472325.261966785
7509,1471183.7761288465
7510,1470042.2693422448
7511,1468901.0092820923
7512,1467759.9072019614
7513,1466618.772791321
7514,1465477.6021829234
7515,1464336.3915241007
7516,1463195.1369767427
7517,1462054.256378059
7518,1460913.3635774257
7519,1459772.4157704245
7520,1458631.4091772235
7521,1457490.3400324367
7522,1456349.3406593883
7523,1455208.5984976373
7524,1454067.7828845736
7525,1452926.8901126394
7526,1451785.9164886125
7527,1450644.8583335911
7528,1449504.0507203646
7529,1448363.2785000817
7530,1447222.411108536
7531,1446081.4449241247
7532,1444940.3763394605
7533,1443799.3023389974
7534,1442658.4865025275
7535,1441517.5578399147
7536,1440376.512800638
7537,1439235.3478482915
7538,1438094.0594605568
7539,1436952.999619001
7540,1435811.92480949
7541,1434670.7163937897
7542,1433529.3709059488
7543,1432387.8848940104
7544,1431246.4193499906
7545,1430105.1152798526
7546,1428963.6607256222
7547,1427822.052291297
7548,1426680.2865947683
7549,1425538.3602678077
7550,1424396.741206896
7551,1423254.9594982788
7552,1422113.007450145
7553,1420970.8817497392
7554,1419828.5790980884
7555,1418686.4231745047
7556,1417544.2350289524
7557,1416401.8604304688
7558,1415259.2961351676
7559,1414116.5389128474
7560,1412973.7903304936
7561,1411831.1181860897
7562,1410688.24381888
7563,1409545.1640533672
7564,1408401.8757276533
7565,1407258.4803238024
7566,1406115.248326854
7567,1404971.7986783448
7568,1403828.1282707062
7569,1402684.2340098836
7570,1401540.1392429422
7571,1400396.2732358237
7572,1399252.1744871524
7573,1398107.8399568342
7574,1396963.2666182073
7575,1395818.4514580145
7576,1394673.8490649427
7577,1393529.029079123
7578,1392383.9586251534
7579,1391238.6347433194
7580,1390093.0544872358
7581,1388947.6402747072
7582,1387802.0285850556
7583,1386656.1520745163
7584,1385510.0078499017
7585,1384363.593031271
7586,1383217.319576572
7587,1382070.8473753852
7588,1380924.096332156
7589,1379777.0636198048
7590,1378629.7464244165
7591,1377482.567876586
7592,1376335.1680040832
7593,1375187.4755978305
7594,1374039.487896445
7595,1372891.2021516366
7596,1371743.0742202355
7597,1370594.6811537528
7598,1369445.9821891708
7599,1368296.9746304099
7600,1367147.669602062
7601,1365998.5357384945
7602,1364849.0855819264
7603,1363699.3164882353
7604,1362549.2258262644
7605,1361398.8980482891
7606,1360248.657595067
7607,1359098.0880685542
7608,1357947.1868892459
7609,1356795.951490532
7610,1355644.560973125
7611,1354493.1529347978
7612,1353341.4033646781
7613,1352189.3097475092
7614,1351036.8695808633
7615,1349884.377853899
7616,1348731.7428332847
7617,1347578.7541422697
7618,1346425.409329494
7619,1345271.7059563526
7620,1344118.0760590564
7621,1342964.1562476149
7622,1341809.8709452227
7623,1340655.2177640642
7624,1339500.2769733812
7625,1338345.3907998197
7626,1337190.1299682697
7627,1336034.4921414838
7628,1334878.4749948622
7629,1333722.387766673
7630,1332566.2199638796
7631,1331409.6663120538
7632,1330252.724536863
7633,1329095.3923765605
7634,1327937.667581973
7635,1326780.144403056
7636,1325622.2457530298
7637,1324463.9481639313
7638,1323305.249436544
7639,1322146.1473841663
7640,1320986.9363453137
7641,1319827.6420661416
7642,1318667.938342919
7643,1317507.8230386446
7644,1316347.2940287697
7645,1315186.3755994302
7646,1314025.6365984587
7647,1312864.4779575374
7648,1311702.8976015702
7649,1310540.8934678668
7650,1309378.463506129
7651,1308216.0182258303
7652,1307053.3574118456
7653,1305890.265056004
7654,1304726.739157172
7655,1303562.777726563
7656,1302398.5833105247
7657,1301234.3745881137
7658,1300069.7248026573
7659,1298904.6320143037
7660,1297739.0942954847
7661,1296573.1356598528
7662,1295407.3348056355
7663,1294241.0836713084
7664,1293074.3803780146
7665,1291907.2230591413
7666,1290739.6098603087
7667,1289572.0507805103
7668,1288404.1558807674
7669,1287235.799968381
7670,1286066.9812374222
7671,1284897.6978941518
7672,1283728.3425863406
7673,1282558.762999793
7674,1281388.713847897
7675,1280218.1933851545
7676,1279047.199878207
7677,1277876.0376158603
7678,1276704.7339089029
7679,1275532.9523834938
7680,1274360.6913543134
7681,1273187.9491481439
7682,1272014.9705434574
7683,1270841.9047630941
7684,1269668.353209441
7685,1268494.3142571226
7686,1267319.7862928193
7687,1266144.983288573
7688,1264970.1189554287
7689,1263794.7611911327
7690,1262618.908430019
7691,1261442.559118437
7692,1260265.9249799743
7693,1259089.2270814914
7694,1257912.0283897147
7695,1256734.3273984636
7696,1255556.1226135327
7697,1254377.6803452864
7698,1253199.1927278044
7699,1252020.1972901807
7700,1250840.692585438
7701,1249660.6771785358
7702,1248480.1496463732
7703,1247299.7432856404
7704,1246118.919938161
7705,1244937.5806483917
7706,1243755.7240402482
7707,1242573.3487495428
7708,1241390.7614093865
7709,1240208.0804280916
7710,1239024.8771206401
7711,1237841.1501696892
7712,1236656.8982697644
7713,1235472.1367440252
7714,1234287.5698387353
7715,1233102.4745135729
7716,1231916.8495097444
7717,1230730.6935802833
7718,1229544.0054900565
7719,1228357.2862009797
7720,1227170.2722846197
7721,1225982.7229432731
7722,1224794.6369883004
7723,1223606.0132428561
7724,1222417.1344663368
7725,1221228.176805885
7726,1220038.6782619099
7727,1218848.637703907
7728,1217658.0540131417
7729,1216467.02647609
7730,1215276.1013334575
7731,1214084.630135501
7732,1212892.611809679
7733,1211700.045295183
7734,1210506.9295429464
7735,1209313.9659773475
7736,1208120.5000821992
7737,1206926.4822308985
7738,1205731.9114204023
7739,1204536.7866593762
7740,1203341.697672068
7741,1202146.2164391791
7742,1200950.1787064348
7743,1199753.5835283883
7744,1198556.4299712784
7745,1197359.2301477382
7746,1196161.7143338437
7747,1194963.6377600224
7748,1193764.9995382682
7749,1192565.798792229
7750,1191366.5039018712
7751,1190166.9356557685
7752,1188966.8026723824
7753,1187766.1041209882
7754,1186564.8391825
7755,1185363.4661716283
7756,1184161.8290290756
7757,1182959.6234536963
7758,1181756.8486719073
7759,1180553.5039217374
7760,1179350.0709066386
7761,1178146.3497853545
7762,1176942.0568166527
7763,1175737.1912839445
7764,1174531.7524822338
7765,1173326.2787423022
7766,1172120.4599370975
7767,1170914.066149985
7768,1169707.0967212345
7769,1168499.551002687
7770,1167292.056973602
7771,1166084.1281516007
7772,1164875.6214924806
7773,1163666.5363932378
7774,1162456.8722624192
7775,1161247.3795293497
7776,1160037.3297253216
7777,1158826.6995074425
7778,1157615.488329303
7779,1156403.8251236593
7780,1155192.22694688
7781,1153980.0465586677
7782,1152767.2834575663
7783,1151553.9371536453
7784,1150340.3212732146
7785,1149126.5863471508
7786,1147912.2671311814
7787,1146697.363180225
7788,1145481.8740607065
7789,1144266.3302512595
7790,1143050.451410221
7791,1141833.98647712
7792,1140616.9350631295
7793,1139399.2967909132
7794,1138181.850922197
7795,1136963.822351109
7796,1135745.2061613814
7797,1134526.0020203318
7798,1133306.482853459
7799,1132086.8886658268
7800,1130866.7058959622
7801,1129645.9342557553
7802,1128424.5734685517
7803,1127203.2058332434
7804,1125981.4553537508
7805,1124759.1152585552
7806,1123536.1853154842
7807,1122312.7968051836
7808,1121089.4781595408
7809,1119865.569326089
7810,1118641.0701170564
7811,1117415.980356111
7812,1116190.8004676292
7813,1114965.3232832928
7814,1113739.2553684448
7815,1112512.5965910666
7816,1111285.4509534342
7817,1110058.406474325
7818,1108830.7710821468
7819,1107602.5446891221
7820,1106373.727218881
7821,1105144.850754227
7822,1103915.6497796602
7823,1102685.857837837
7824,1101455.4748965427
7825,1100224.6904806253
7826,1098993.9264831862
7827,1097762.5717236008
7828,1096530.6262137373
7829,1095298.0899768528
7830,1094065.6387073572
7831,1092832.7245233716
7832,1091599.220009362
7833,1090365.1252325873
7834,1089130.826450975
7835,1087896.356896423
7836,1086661.2976027823
7837,1085425.6486812406
7838,1084189.5321887634
7839,1082953.5119761026
7840,1081716.9027855888
7841,1080479.7047722682
7842,1079241.9181025482
7843,1078004.2353615912
7844,1076766.0818133662
7845,1075527.3404172848
7846,1074288.0113835346
7847,1073048.575109662
7848,1071808.8833974546
7849,1070568.6049818194
7850,1069327.7401166582
7851,1068086.5817264295
7852,1066845.3586967015
7853,1065603.5502770795
7854,1064361.1567651099
7855,1063118.3081590936
7856,1061875.561309206
7857,1060632.2305516887
7858,1059388.316227666
7859,1058143.818689575
7860,1056899.5472640353
7861,1055654.7024834068
7862,1054409.2758304032
7863,1053163.2677009648
7864,1051917.65947716
7865,1050671.644536943
7866,1049425.0496723447
7867,1048177.8753220007
7868,1046930.121935847
7869,1045681.86626919
7870,1044434.1146899184
7871,1043185.7857782223
7872,1041936.8800266298
7873,1040687.3979389524
7874,1039437.3400302842
7875,1038187.1023489169
7876,1036937.056661584
7877,1035686.4370386116
7878,1034435.2440375714
7879,1033183.4782272992
7880,1031931.140187905
7881,1030679.013789084
7882,1029426.6990534047
7883,1028173.8141551486
7884,1026920.3597167818
7885,1025666.3363720275
7886,1024411.8142057449
7887,1023157.8243398163
7888,1021903.2677834627
7889,1020648.145212659
7890,1019392.4573146213
7891,1018136.2047878057
7892,1016879.9767119447
7893,1015623.7699545255
7894,1014367.0009640272
7895,1013109.670481037
7896,1011851.7792573733
7897,1010593.3280560821
7898,1009335.491212187
7899,1008077.0987267027
7900,1006818.1488382244
7901,1005558.6423518071
7902,1004298.5800837191
7903,1003038.6075834057
7904,1001778.6157344466
7905,1000518.0708258967
7906,999256.9737159238
7907,997995.3252738913
7908,996733.3005491858
7909,995471.7346698253
7910,994209.6203273272
7911,992946.9584328425
7912,991683.7499087055
7913,990419.9956884359
7914,989156.6436346953
7915,987892.9866397768
7916,986628.7869943558
7917,985364.045673611
7918,984098.7636638854
7919,982833.5361202981
7920,981568.3644445048
7921,980302.6552708604
7922,979036.4096272496
7923,977769.628552711
7924,976502.6109768995
7925,975235.9537763437
7926,973968.7644808491
7927,972701.0441708755
7928,971432.793938013
7929,970164.0723829976
7930,968895.9599928146
7931,967627.3211599523
7932,966358.1570173019
7933,965088.4687088752
7934,963818.2573898011
7935,962548.593742771
7936,961278.5371294788
7937,960007.9611593626
7938,958736.8670287104
7939,957465.2559449078
7940,956194.070934513
7941,954922.6294644494
7942,953650.6748378407
7943,952378.2083031045
7944,951105.2311197346
7945,949832.6127033931
7946,948559.8204610895
7947,947286.5215088598
7948,946012.7171470982
7949,944738.4086872586
7950,943464.4453788443
7951,942190.3376037602
7952,940915.7298107079
7953,939640.623351909
7954,938365.0195906223
7955,937089.8004508438
7956,935814.4135312979
7957,934538.5335300692
7958,933262.1618510443
7959,931985.2999091267
7960,930708.9145357495
7961,929432.2860027506
7962,928155.1715676351
7963,926877.5726857918
7964,925599.4908236018
7965,924322.0293415282
7966,923044.1978624681
7967,921765.8879030726
7968,920487.1009700616
7969,919207.9138957167
7970,917929.3916323078
7971,916650.3970045343
7972,915370.9315593259
7973,914090.9968545658
7974,912810.9055355492
7975,911531.2531922652
7976,910251.1363365133
7977,908970.5565662349
7978,907689.5154902919
7979,906408.6114135683
7980,905127.8707887928
7981,903846.6737424912
7982,902565.0219234246
7983,901282.9169912509
7984,900001.2921318192
7985,898719.506134953
7986,897437.2720453697
7987,896154.591562462
7988,894871.5592959627
7989,893589.2132066797
7990,892306.4258511697
7991,891023.1989684189
7992,889739.5343082572
7993,888455.9561181357
7994,887172.64502993
7995,885888.9014261455
7996,884604.7270960328
7997,883320.1238396516
7998,882036.0929505096
7999,880751.8628290178
8000,879467.2091769733
8001,878182.1338336804
8002,876896.9346469908
8003,875612.2487321725
8004,874327.1466265204
8005,873041.6302084255
8006,871755.7013670362
8007,870470.2263376942
8008,869184.7071635313
8009,867898.78119875
8010,866612.4503714002
8011,865325.9644795662
8012,864040.0601351785
8013,862753.7566642308
8014,861467.0560335118
8015,860179.9602204928
8016,858893.3765016051
8017,857606.7280737549
8018,856319.6903301978
8019,855032.2652869469
8020,853744.828820341
8021,852457.8684898753
8022,851170.5268282193
8023,849882.8058897539
8024,848594.7077394774
8025,847307.3525529247
8026,846019.7406683193
8027,844731.7576692316
8028,843443.4056588192
8029,842155.3564648766
8030,840867.5085490269
8031,839579.2978196095
8032,838290.726417761
8033,837002.0579729561
8034,835714.0087101985
8035,834425.6050725052
8036,833136.8492388077
8037,831847.7433985347
8038,830559.4209163053
8039,829270.8596801525
8040,827981.954861065
8041,826692.7086860392
8042,825403.9264394676
8043,824115.2433983639
8044,822826.2255231299
8045,821536.8750781348
8046,820247.708042213
8047,818958.9394692247
8048,817669.8449457202
8049,816380.4267732414
8050,815090.9499599715
8051,813802.1326035181
8052,812512.9983140279
8053,811223.5494300174
8054,809933.8378832977
8055,808645.0089628836
8056,807355.8722598202
8057,806066.4301493849
8058,804776.6850171424
8059,803487.7561417024
8060,802198.6548432376
8061,800909.2574562634
8062,799619.5664028487
8063,798330.563148693
8064,797041.5355343296
8065,795752.2212810307
8066,794462.6228471494
8067,793173.6203882336
8068,791884.7051942999
8069,790595.5129406953
8070,789306.0461218323
8071,788017.1196413991
8072,786728.3560564745
8073,785439.3251197939
8074,784150.0293615997
8075,782861.2540467135
8076,781572.681706976
8077,780283.8518509867
8078,778994.767044583
8079,777706.2180806053
8080,776417.8770651037
8081,775129.2884953654
8082,773840.4549725828
8083,772552.2075375749
8084,771264.1383634305
8085,769975.8317224742
8086,768687.2902510095
8087,767399.4195100702
8088,766111.6631275917
8089,764823.679490017
8090,763535.4712685082
8091,762248.0523680456
8092,760960.6501557769
8093,759673.0310232764
8094,758385.197676311
8095,757098.3057382465
8096,755811.2994979279
8097,754524.086794231
8098,753236.7498815361
8099,751950.380483171
8100,750663.812434626
8101,749377.0485003617
8102,748090.3779170141
8103,746804.4786797334
8104,745518.3914556705
8105,744232.1190431493
8106,742946.3382572326
8107,741661.3048401758
8108,740376.0940858013
8109,739090.7088246024
8110,737805.1518966699
8111,736520.3384113405
8112,735236.0477097372
8113,733951.5932909787
8114,732666.9780269575
8115,731382.2047990935
8116,730098.4926661808
8117,728815.0131158743
8118,727531.3836481326
8119,726247.6071758016
8120,724963.6866211646
8121,723681.2094762997
8122,722398.6102647329
8123,721115.875112473
8124,719833.0069728444
8125,718550.4240296228
8126,717268.8998555826
8127,715987.2509079669
8128,714705.4801708173
8129,713423.5906374591
8130,712142.4948503711
8131,710861.9773058394
8132,709581.3492710576
8133,708300.6137696647
8134,707019.7738344951
8135,705740.5530901974
8136,704461.392535652
8137,703182.1358116283
8138,701902.7859796905
8139,700623.346110501
8140,699344.7508396605
8141,698067.0189867227
8142,696789.2054423701
8143,695511.3133055579
8144,694233.3456842495
8145,692955.5446884938
8146,691679.3138540454
8147,690403.0159606087
8148,689126.6541439951
8149,687850.2315489206
8150,686573.7513289902
8151,685298.7356080243
8152,684024.0264233534
8153,682749.2681356216
8154,681474.4639257422
8155,680199.6169834122
8156,678925.7439169488
8157,677652.6970695129
8158,676379.6160869217
8159,675106.5041857136
8160,673833.3645911131
8161,672560.7995683163
8162,671289.4892409713
8163,670018.1598910623
8164,668746.8147701792
8165,667475.4571384849
8166,666204.3643890014
8167,664934.865302511
8168,663665.3624475851
8169,662395.8591102674
8170,661126.3585850657
8171,659856.9011643111
8172,658589.2885606218
8173,657321.6875809472
8174,656054.1015451811
8175,654786.5337815647
8176,653518.987626673
8177,652253.2231811432
8178,650987.5999579249
8179,649722.0072393499
8180,648456.4483867793
8181,647190.9267697866
8182,645927.1341057954
8183,644663.5650038854
8184,643400.0420984612
8185,642136.568783365
8186,640873.1484605358
8187,639611.4869675703
8188,638350.0488179429
8189,637088.6726843542
8190,635827.3619924851
8191,634566.1201759852
8192,633306.748005014
8193,632047.5180869767
8194,630788.3661287946
8195,629529.2955873281
8196,628270.4184970284
8197,627013.3839753794
8198,625756.4399985401
8199,624499.5900461349
8200,623242.8376055276
8201,621986.5486773226
8202,620731.8620666775
8203,619477.282152666
8204,618222.8124448623
8205,616968.4564604594
8206,615714.9101074258
8207,614462.6498086286
8208,613210.5124725607
8209,611958.5016380613
8210,610706.6208514505
8211,609455.970190249
8212,608206.2149825129
8213,606956.5991142218
8214,605707.1261527681
8215,604457.7996728928
8216,603210.1965080021
8217,601963.0255299533
8218,600716.0103749625
8219,599469.154638259
8220,598222.7327942501
8221,596978.0567301523
8222,595733.5494606118
8223,594489.2146008689
8224,593245.055773253
8225,592001.9677358577
8226,590760.0185203005
8227,589518.2547588339
8228,588276.6800931963
8229,587035.2981720807
8230,585795.6918045924
8231,584556.5494420214
8232,583317.6092892356
8233,582078.875013725
8234,580840.8426757925
8235,579604.3720837561
8236,578368.116863651
8237,577132.0807012661
8238,575896.2672890715
8239,574661.9951923091
8240,573428.4753853042
8241,572195.1878620667
8242,570962.1363327362
8243,569729.6903221838
8244,568498.9564608624
8245,567268.4681528506
8246,566038.2291254447
8247,564808.2431123485
8248,563579.8307058268
8249,562352.192230669
8250,561124.8163636661
8251,559897.7068550312
8252,558671.3677153661
8253,557446.6297236761
8254,556222.1677063887
8255,554997.9854297006
8256,553774.0866659263
8257,552552.0492017183
8258,551330.5517456537
8259,550109.3474484165
8260,548888.4400976421
8261,547668.7181467414
8262,546450.235976901
8263,545232.0604179194
8264,544014.1952722146
8265,542796.9029230159
8266,541581.4867691466
8267,540366.3907097598
8268,539151.6185615084
8269,537937.1741467332
8270,536724.5693349894
8271,535512.603530241
8272,534300.9751632978
8273,533089.6880700476
8274,531879.7477004478
8275,530670.9628902113
8276,529462.5290710082
8277,528254.4500917143
8278,527047.2846746476
8279,525841.7315746954
8280,524636.5430432922
8281,523431.72294173884
8282,522227.44181934814
8283,521025.17111237283
8284,519823.2785734635
8285,518621.7680757755
8286,517420.64349757024
8287,516221.54174491705
8288,515022.9958587824
8289,513824.84564436256
8290,512627.0949910554
8291,511431.1023961904
8292,510235.95376960543
8293,509041.21446202474
8294,507846.8883733998
8295,506654.1106413059
8296,505462.40981840296
8297,504271.1319762462
8298,503080.2810247557
8299,501890.82267557335
8300,500702.62012865645
8301,499514.85423632443
8302,498327.5289178715
8303,497141.49328331323
8304,495956.839403635
8305,494772.63586210104
8306,493588.88658678386
8307,492406.37580656895
8308,491225.3208950595
8309,490044.7300125883
8310,488864.6070954016
8311,487685.72211370536
8312,486508.3163716682
8313,485331.3883544924
8314,484154.94200599147
8315,482979.78256791795
8316,481806.0760876833
8317,480632.8610306443
8318,479460.14134756976
8319,478288.8059956463
8320,477118.8487511869
8321,475949.3966283371
8322,474780.45358420303
8323,473613.039654899
8324,472446.88149241445
8325,471281.24214758724
8326,470116.1255832383
8327,468952.72920351353
8328,467790.4198319789
8329,466628.64296932315
8330,465467.402583457
8331,464308.11866733816
8332,463149.70764902164
8333,461991.84282350814
8334,460834.5281631657
8335,459679.45040835877
8336,458524.9871493098
8337,457371.0837572081
8338,456218.1638797338
8339,455068.2301901811
8340,453918.86462304695
8341,452770.07114912715
8342,451621.8537421632
8343,450474.21637880977
8344,449327.1630385874
8345,448183.36597873626
8346,447040.31398586894
8347,445897.8542117022
8348,444755.99063236284
8349,443614.72722663917
8350,442474.0679759352
8351,441336.28901147156
8352,440199.6579131614
8353,439063.63910682726
8354,437928.236569522
8355,436793.45428071136
8356,435659.2962222267
8357,434527.82911091705
8358,433397.7254355463
8359,432268.2540647296
8360,431139.418974984
8361,430011.224144984
8362,428883.6735555122
8363,427758.8046966994
8364,426635.3341330084
8365,425512.5158172357
8366,424390.35372388153
8367,423268.85182934854
8368,422148.0141118919
8369,421030.0225681298
8370,419913.28991743876
8371,418797.22938025714
8372,417681.84492758434
8373,416567.14053205994
8374,415453.1201679153
8375,414342.27768725174
8376,413232.3868156721
8377,412123.18783683743
8378,411014.6847167446
8379,409906.88142276945
8380,408800.0067906163
8381,407696.35296258866
8382,406593.40675323724
8383,405491.1721208955
8384,404389.6530250518
8385,403288.8534263102
8386,402189.64593550074
8387,401093.01903365814
8388,399997.11933891266
8389,398901.9508018374
8390,397807.5173738941
8391,396713.82300739427
8392,395622.53314746515
8393,394533.0340564993
8394,393444.2816503122
8395,392356.2798701959
8396,391269.03265806497
8397,390182.5439564116
8398,389099.41500308044
8399,388017.14349031425
8400,386935.6380206165
8401,385854.90252446727
8402,384774.9409326975
8403,383696.75190485874
8404,382621.02521750005
8405,381546.0798854289
8406,380471.919826651
8407,379398.5489592961
8408,378325.9712015778
8409,377256.40665719815
8410,376188.08443376684
8411,375120.5626727235
8412,374053.8452784577
8413,372987.93615521176
8414,371923.75851899455
8415,370862.1214983419
8416,369801.3000137118
8417,368741.2979547051
8418,367682.1192105499
8419,366623.76767004956
8420,365568.6517309599
8421,364514.59159922646
8422,363461.3658306537
8423,362408.9782984051
8424,361357.43287499814
8425,360308.12655886705
8426,359260.8879339769
8427,358214.4984836861
8428,357168.962064055
8429,356124.28253026324
8430,355080.9881419866
8431,354040.630235171
8432,353001.13618353615
8433,351962.50982498797
8434,350924.7549963253
8435,349887.8755331835
8436,348854.25039086764
8437,347821.7098508168
8438,346790.0515296299
8439,345759.2792446739
8440,344729.39681192907
8441,343702.1709193159
8442,342676.64101655956
8443,341652.00771706854
8444,340628.2748177404
8445,339605.4461138506
8446,338584.80492933316
8447,337566.3417827914
8448,336548.78947785153
8449,335532.15178989473
8450,334516.43249245116
8451,333502.5560817723
8452,332491.21478422545
8453,331480.7984158808
8454,330471.3107295647
8455,329462.75547601597
8456,328455.81855212955
8457,327451.65315108566
8458,326448.4266114718
8459,325446.14266251714
8460,324444.8050311381
8461,323444.9769943326
8462,322448.0404731335
8463,321452.05658560974
8464,320457.0290363655
8465,319462.96152745385
8466,318470.40650576365
8467,317480.7507649304
8468,316492.06126547104
8469,315504.3416863272
8470,314517.59570366103
8471,313532.4725935592
8472,312550.14843240485
8473,311568.8039512353
8474,310588.44280230557
8475,309609.0686348541
8476,308631.5311422534
8477,307656.5882407472
8478,306682.6382842548
8479,305709.68489731965
8480,304737.7317012369
8481,303767.92838278034
8482,302800.4152836942
8483,301833.9082166143
8484,300868.41077735083
8485,299903.92655823927
8486,298942.0008629063
8487,297981.96495424805
8488,297022.94798213494
8489,296064.9535126364
8490,295107.9851081124
8491,294154.0754191401
8492,293201.56291687634
8493,292250.08206888114
8494,291299.63641047257
8495,290350.4538922268
8496,289404.4691501511
8497,288459.5250812444
8498,287515.62519319175
8499,286572.77298956
8500,285631.8742428674
8501,284693.4893917601
8502,283756.15757751587
8503,282819.88227530394
8504,281884.66695594223
8505,280952.17585571186
8506,280021.43369353324
8507,279091.756733275
8508,278163.1484165989
8509,277235.7971972494
8510,276311.9139209435
8511,275389.1038435221
8512,274467.37037573074
8513,273546.71692356846
8514,272627.14688823075
8515,271711.1740171477
8516,270796.33233386424
8517,269882.57845438685
8518,268969.9157481116
8519,268058.3475794095
8520,267150.25363950385
8521,266243.41532205493
8522,265337.67578524566
8523,264433.0383609443
8524,263529.50637576904
8525,262629.438776188
8526,261730.6374459176
8527,260832.9456520418
8528,259936.36668798208
8529,259040.90384169365
8530,258149.0039289981
8531,257258.27184464352
8532,256368.6598276886
8533,255480.1711322081
8534,254592.97124030432
8535,253709.21213577298
8536,252826.5801816204
8537,251945.0785975324
8538,251064.71059733877
8539,250185.95458223377
8540,249310.31499462257
8541,248435.81266909878
8542,247562.45078443747
8543,246690.23251334354
8544,245820.09562884385
8545,244952.74473220052
8546,244086.5406297237
8547,243221.4864577747
8548,242357.585346432
8549,241495.59355623627
8550,240636.56002574833
8551,239778.68257006723
8552,238921.96428228726
8553,238066.40824900632
8554,237212.68400367582
8555,236361.9953839937
8556,235512.47186395703
8557,234664.11649254878
8558,233816.93231205244
8559,232971.5912833776
8560,232129.2740086584
8561,231288.13059821425
8562,230448.16405609483
8563,229609.3773794408
8564,228772.52852134875
8565,227938.60793865199
8566,227105.86972020176
8567,226274.3168242965
8568,225443.9522021238
8569,224615.69780935952
8570,223790.19820576385
8571,222965.88919720336
8572,222142.77369542755
8573,221320.85460487113
8574,220501.29036875264
8575,219684.23500257882
8576,218868.3781884471
8577,218053.72279076956
8578,217240.27166645072
8579,216429.48672674884
8580,215620.89786338015
8581,214813.51523057546
8582,214007.34164464523
8583,213202.37991419277
8584,212400.45690592978
8585,211600.3558587624
8586,210801.46843738266
8587,210003.79740924184
8588,209207.34553389286
8589,208414.36062745636
8590,207622.76780463476
8591,206832.39571456236
8592,206043.24707509432
8593,205255.63744140265
8594,204471.347528518
8595,203688.28248618904
8596,202906.44499018
8597,202125.83770802597
8598,201347.30732754874
8599,200571.55739428912
8600,199797.03889727284
8601,199023.7544614232
8602,198251.70670325542
8603,197482.31201184637
8604,196715.12040443555
8605,195949.16649535482
8606,195184.45285800082
8607,194420.98205717924
8608,193660.77296662953
8609,192902.15739380688
8610,192144.78547194143
8611,191388.65972222804
8612,190634.0716902518
8613,189882.80250298092
8614,189132.78012640643
8615,188384.00703776258
8616,187636.48570538947
8617,186891.16868415926
8618,186148.50404314874
8619,185407.0915808989
8620,184666.93372132408
8621,183928.0328792759
8622,183192.01577220164
8623,182457.9723993992
8624,181725.18624478384
8625,180993.65967833193
8626,180263.3950607878
8627,179536.6996172755
8628,178811.29405429092
8629,178087.15041270384
8630,177364.27100794984
8631,176643.31391129852
8632,175925.298667898
8633,175208.54743485746
8634,174493.062482
8635,173778.84606964636
8636,173067.23168086613
8637,172357.88338960134
8638,171649.80316963687
8639,170942.9932352766
8640,170237.45579116652
8641,169535.180372826
8642,168834.51645782113
8643,168135.12431241525
8644,167437.00609485045
8645,166740.44784777414
8646,166047.2054784128
8647,165355.23611686303
8648,164664.5418747209
8649,163975.12485367412
8650,163287.87811130786
8651,162603.31421161897
8652,161920.02644405092
8653,161238.01686338484
8654,160557.28751435014
8655,159879.41532658352
8656,159203.51572737566
8657,158528.89510198208
8658,157855.5554479829
8659,157183.5882733992
8660,156515.05773691853
8661,155847.80678243894
8662,155181.83736025938
8663,154517.15141040206
8664,153854.69271615703
8665,153194.79135516466
8666,152536.17190875273
8667,151878.8362694529
8668,151222.786319389
8669,150569.88064963682
8670,149918.59013652225
8671,149268.583586863
8672,148619.86283510126
8673,147973.09901401406
8674,147329.11561190855
8675,146686.4161515009
8676,146045.00241946266
8677,145404.87619185177
8678,144767.7645664017
8679,144132.34942221595
8680,143498.2197590912
8681,142865.37730515792
8682,142234.54603067273
8683,141606.39166404653
8684,140979.52235385383
8685,140353.93978023506
8686,139729.64561252296
8687,139108.54408267158
8688,138488.91065149277
8689,137870.5633074126
8690,137253.5036716536
8691,136638.80095718143
8692,136026.3781805714
8693,135415.24066530215
8694,134805.3899844504
8695,134197.149771241
8696,133591.91168180702
8697,132987.95785229822
8698,132385.2898076232
8699,131783.90906164105
8700,131185.4912378628
8701,130588.69421654087
8702,129993.18175547753
8703,129398.95532029205
8704,128807.09040165896
8705,128217.42258439442
8706,127629.03792855867
8707,127041.93785153805
8708,126456.6763232643
8709,125874.10938750138
8710,125292.82404087078
8711,124712.82165254475
8712,124134.20987541969
8713,123558.71478846965
8714,122984.49954572521
8715,122411.56546817612
8716,121839.91386550454
8717,121271.1928052412
8718,120704.01776026875
8719,120138.12191568247
8720,119573.50653297716
8721,119011.72067721712
8722,118451.88300004101
8723,117893.32115102738
8724,117336.03634312644
8725,116780.02977786762
8726,116227.1468311957
8727,115675.88036627065
8728,115125.88735932646
8729,114577.16896347524
8730,114029.79077643207
8731,113485.78037395304
8732,112943.03968545244
8733,112401.56981579737
8734,111861.37185835399
8735,111322.99390554983
8736,110787.46535841923
8737,110253.20367873799
8738,109720.20991178986
8739,109188.48509130806
8740,108659.12853806531
8741,108132.03403333957
8742,107606.20328451222
8743,107081.63727741697
8744,106558.33698629787
8745,106038.01668574192
8746,105519.30711978803
8747,105001.85793533885
8748,104485.67005894097
8749,103971.09995316133
8750,103459.46908633647
8751,102949.09408699785
8752,102439.97583422519
8753,101932.11519546059
8754,101426.62956239225
8755,100923.28547830442
8756,100421.19342749126
8757,99920.35423016529
8758,99420.76869487403
8759,98924.36476130171
8760,98429.25487477433
8761,97935.39293146014
8762,97442.77969293333
8763,96952.25767435342
8764,96464.08531303615
8765,95977.15583675171
8766,95491.46996037355
8767,95007.02838709127
8768,94525.60315844163
8769,94045.56077733649
8770,93566.75674551951
8771,93089.19171976991
8772,92613.720282687
8773,92140.51905476795
8774,91668.55078171613
8775,91197.81607419976
8776,90728.34218739021
8777,90261.93561527922
8778,89796.75646178355
8779,89332.8052917706
8780,88870.08265843334
8781,88409.7092222688
8782,87951.27201053254
8783,87494.05706072437
8784,87038.06488057517
8785,86583.73262685744
8786,86131.98965534722
8787,85681.46308676248
8788,85232.15338370783
8789,84784.06099713792
8790,84338.79579484108
8791,83894.90926172359
8792,83452.23355499463
8793,83010.76908085372
8794,82571.57116559429
8795,82134.27583033722
8796,81698.18514944706
8797,81263.29948472924
8798,80830.19100697534
8799,80399.43755506085
8800,79969.88245477618
8801,79541.52602390447
8802,79114.52522405866
8803,78690.26387900555
8804,78267.19445432672
8805,77845.31722416478
8806,77424.632451115
8807,77006.95789152899
8808,76590.70528694101
8809,76175.63653891193
8810,75761.75186753395
8811,75349.05148139938
8812,74939.05278039984
8813,74530.75407346168
8814,74123.63085736087
8815,73717.68329880846
8816,73312.91155306617
8817,72910.58014398543
8818,72510.2972533015
8819,72111.1806404527
8820,71713.23041974171
8821,71316.44669408853
8822,70921.07466248304
8823,70528.72191721412
8824,70137.52606356249
8825,69747.48716414429
8826,69358.60527026017
8827,68970.8804218894
8828,68585.74393350155
8829,68202.38229871992
8830,67820.16801263571
8831,67439.1010756721
8832,67059.18147700549
8833,66681.06676613435
8834,66305.45215381142
8835,65930.97512193512
8836,65557.63562080967
8837,65185.433589570035
8838,64814.382024917926
8839,64446.42662254781
8840,64079.598874624586
8841,63713.898682106505
8842,63349.325934868604
8843,62985.88051169796
8844,62624.98542426332
8845,62265.71841872845
8846,61907.56884130662
8847,61550.53653340611
8848,61194.62132543712
8849,60840.79753362221
8850,60489.002197189526
8851,60138.31401469944
8852,59788.73277990425
8853,59440.25827564995
8854,59093.521700310994
8855,58749.108467310834
8856,58405.79197231368
8857,58063.5719622388
8858,57722.44817319942
8859,57382.806958788475
8860,57045.68581024457
8861,56709.65084713727
8862,56374.70177039399
8863,56040.83827023647
8864,55708.29312816682
8865,55378.373630594855
8866,55049.52963444479
8867,54721.76079550312
8868,54395.06675895731
8869,54069.61130229894
8870,53746.80264621768
8871,53425.05868129907
8872,53104.37901905485
8873,52784.763260506275
8874,52466.384330146684
8875,52150.59536828
8876,51835.86016630358
8877,51522.1782923311
8878,51209.549304101405
8879,50898.227286492904
8880,50589.36657165471
8881,50281.548569673294
8882,49974.77280615582
8883,49669.03879645103
8884,49364.747933077306
8885,49062.72375572166
8886,48761.731133702015
8887,48461.769551018944
8888,48162.83848153648
8889,47865.5471702205
8890,47570.26759564732
8891,47276.00831368853
8892,46982.76876765047
8893,46690.54839082676
8894,46400.21947901032
8895,46111.592384207695
8896,45823.97421939754
8897,45537.36438811281
8898,45251.762284003846
8899,44968.608222493356
8900,44686.868307082725
8901,44406.12406453756
8902,44126.374861804055
8903,43847.620056096435
8904,43569.864611372956
8905,43294.90488993223
8906,43020.9275417989
8907,42747.93189838276
8908,42475.91728151384
8909,42204.883003452866
8910,41935.33751483228
8911,41668.02016203202
8912,41401.67114306355
8913,41136.289745428294
8914,40871.87524721412
8915,40608.42691710828
8916,40347.027069197415
8917,40087.217918757604
8918,39828.36295525571
8919,39570.4614236681
8920,39313.512559729286
8921,39057.56376804095
8922,38804.18795274891
8923,38551.752866333365
8924,38300.25772171927
8925,38049.701722752434
8926,37800.084064211755
8927,37552.18808133275
8928,37306.06658555271
8929,37060.87152432525
8930,36816.60207067055
8931,36573.25738870855
8932,36330.836633672036
8933,36090.903053358925
8934,35851.90208948499
8935,35613.81318445863
8936,35376.63547280578
8937,35140.36808033369
8938,34905.85370451546
8939,34672.941209995326
8940,34440.927220313846
8941,34209.810841468796
8942,33979.59117090791
8943,33750.503108037374
8944,33523.57385236816
8945,33297.52954755766
8946,33072.36927213838
8947,32848.09209626566
8948,32624.69708173332
8949,32403.37877530256
8950,32183.19936608968
8951,31963.890411167573
8952,31745.450954461376
8953,31527.88003170889
8954,31311.9291280985
8955,31097.51030378564
8956,30883.94837019568
8957,30671.24234608456
8958,30459.3912421951
8959,30248.793029395547
8960,30040.030994215496
8961,29832.11230284713
8962,29625.035949933335
8963,29418.800922281396
8964,29213.53412661045
8965,29010.32563506407
8966,28807.9469621294
8967,28606.397079390357
8968,28405.674950771885
8969,28205.77953255996
8970,28007.954527622795
8971,27811.013238906446
8972,27614.887219871085
8973,27419.575412608712
8974,27225.076751751592
8975,27032.47459772501
8976,26840.868681812524
8977,26650.064547716614
8978,26460.06111674016
8979,26270.857302905515
8980,26083.731933725136
8981,25897.725406429763
8982,25712.504850272082
8983,25528.06917166125
8984,25344.417269929647
8985,25161.548037353743
8986,24979.90008093144
8987,24800.1434904815
8988,24621.156082519145
8989,24442.9367427666
8990,24265.48435009289
8991,24088.797776535084
8992,23912.87588732174
8993,23738.983329052007
8994,23566.078302873942
8995,23393.92463827556
8996,23222.521195152447
8997,23051.866826793128
8998,22881.960379902437
8999,22713.49252360846
9000,22546.520622448963
9001,22380.283486515422
9002,22214.779958201747
9003,22050.00887351905
9004,21885.969062120006
9005,21722.913193759417
9006,21561.726731842802
9007,21401.258556432138
9008,21241.507493872297
9009,21082.47236434988
9010,20924.151981917395
9011,20766.545154516654
9012,20610.93622618867
9013,20456.091079514965
9014,20301.946677132713
9015,20148.50182483512
9016,19995.755322505684
9017,19843.70596414214
9018,19693.385864545027
9019,19544.01950610054
9020,19395.337656499687
9021,19247.339108553057
9022,19100.022649384628
9023,18953.387060456123
9024,18808.310765566446
9025,18664.28069799623
9026,18520.919043612575
9027,18378.22458363059
9028,18236.19609380145
9029,18094.8323444371
9030,17954.945541366444
9031,17816.11105933462
9032,17677.929041073945
9033,17540.39825756878
9034,17403.51747456051
9035,17267.285452572596
9036,17132.525371432064
9037,16998.747607521604
9038,16865.60651043025
9039,16733.100842250853
9040,16601.229360053472
9041,16469.99081591063
9042,16340.28701842791
9043,16211.428986115883
9044,16083.191982121834
9045,15955.574760962254
9046,15828.576072348667
9047,15702.194661214016
9048,15577.46978767873
9049,15453.396421430272
9050,15329.92860920303
9051,15207.065099225267
9052,15084.804635136516
9053,14963.329741407917
9054,14843.316432092588
9055,14723.89462461958
9056,14605.06306659012
9057,14486.820501205699
9058,14369.165667294033
9059,14252.551743785192
9060,14137.074004247785
9061,14022.172640975608
9062,13907.846397564868
9063,13794.094013424132
9064,13680.914223800588
9065,13569.066096051489
9066,13457.994657332916
9067,13347.48464812541
9068,13237.534809227454
9069,13128.143877460263
9070,13019.469036452092
9071,12912.128754812815
9072,12805.33639659822
9073,12699.090704785162
9074,12593.390418553729
9075,12488.234273314385
9076,12384.173977668155
9077,12281.002205696532
9078,12178.363782939285
9079,12076.257451699023
9080,11974.681950686532
9081,11873.729342523828
9082,11774.082622751932
9083,11674.95612325775
9084,11576.34859020731
9085,11478.25876635106
9086,11380.685391050307
9087,11284.178712956375
9088,11188.470333671201
9089,11093.267986117615
9090,10998.570417801793
9091,10904.376373013656
9092,10810.892561406828
9093,10718.510050961608
9094,10626.620829128522
9095,10535.223648863875
9096,10444.317260077258
9097,10353.900409658861
9098,10264.680411246647
9099,10176.01381557378
9100,10087.82671716099
9101,10000.117872207025
9102,9912.88603405769
9103,9826.588491576464
9104,9741.05558855551
9105,9655.989832788031
9106,9571.389987408127
9107,9487.25481286083
9108,9403.84372372752
9109,9321.357150321845
9110,9239.325569272147
9111,9157.747751272316
9112,9076.622464487737
9113,8996.058281249117
9114,8916.532247939385
9115,8837.449247875333
9116,8758.808059912035
9117,8680.60746053379
9118,8602.847440786774
9119,8526.197733291712
9120,8449.97929626748
9121,8374.190917309887
9122,8298.831381798365
9123,8223.899472922103
9124,8149.973898396124
9125,8076.537582562131
9126,8003.519768075579
9127,7930.919249764527
9128,7858.734820418227
9129,7787.484787013319
9130,7716.749725688806
9131,7646.42180658224
9132,7576.4998345023705
9133,7506.982612366458
9134,7438.358483487437
9135,7370.24538303931
9136,7302.528263422526
9137,7235.205939935508
9138,7168.277226129603
9139,7102.22737973676
9140,7036.65851630746
9141,6971.474670098188
9142,6906.674667384332
9143,6842.257332834804
9144,6778.728421283692
9145,6715.62763641021
9146,6652.901102835341
9147,6590.547658276249
9148,6528.575469925635
9149,6467.503333186641
9150,6406.796028352879
9151,6346.452406385039
9152,6286.471316885577
9153,6226.940145027252
9154,6168.198826718267
9155,6109.811956880887
9156,6051.77839865159
9157,5994.097013939487
9158,5936.948982854568
9159,5880.466787600719
9160,5824.328853731189
9161,5768.534056961429
9162,5713.081271907361
9163,5658.257676044749
9164,5603.964446593728
9165,5550.0054872740875
9166,5496.379686762517
9167,5443.085932760227
9168,5390.527425183921
9169,5338.354533202567
9170,5286.506115316333
9171,5234.981073523956
9172,5183.862164137915
9173,5133.434483529973
9174,5083.322685691546
9175,5033.525687358182
9176,4984.042404506102
9177,4935.069427611349
9178,4886.6462024926195
9179,4838.529368528947
9180,4790.717856633243
9181,4743.210597073133
9182,4696.325072210828
9183,4649.841498141198
9184,4603.655019409855
9185,4557.764581404244
9186,4512.208633362946
9187,4467.31238215986
9188,4422.705164554893
9189,4378.38594113587
9190,4334.353672041774
9191,4290.793396733931
9192,4247.720626335056
9193,4204.927966914592
9194,4162.414393965198
9195,4120.178882634909
9196,4078.554936143604
9197,4037.24513843465
9198,3996.2067209635275
9199,3955.4386743692276
9200,3915.062947231415
9201,3875.193248783018
9202,3835.587384151125
9203,3796.2443595102595
9204,3757.1631808679062
9205,3718.629519399498
9206,3680.414534140095
9207,3642.4550159962487
9208,3604.7499866201583
9209,3567.412706080465
9210,3530.547846706529
9211,3493.9312377096776
9212,3457.5619164102372
9213,3421.4389201268477
9214,3385.8486199309577
9215,3350.535231304785
9216,3315.4620835585865
9217,3280.6282297615626
9218,3246.17986321142
9219,3212.130904927439
9220,3178.315293028488
9221,3144.7320963367915
9222,3111.406378529026
9223,3078.583949210502
9224,3045.9881221514643
9225,3013.61798192126
9226,2981.4726133040267
9227,2949.761910909597
9228,2918.3489940138943
9229,2887.1551839500967
9230,2856.1795812957616
9231,2825.5342595356883
9232,2795.2682438603188
9233,2765.2149014000297
9234,2735.373348501019
9235,2705.7724473227076
9236,2676.61817885125
9237,2647.6702943386026
9238,2618.9279258671677
9239,2590.3902059259835
9240,2562.27313150523
9241,2534.3965371768068
9242,2506.719327653675
9243,2479.240651174099
9244,2452.1095071381037
9245,2425.2708659371356
9246,2398.6256185301977
9247,2372.1729288555143
9248,2346.040108597006
9249,2320.2934189397133
9250,2294.7333527920023
9251,2269.3590946447553
9252,2244.169829557127
9253,2219.164743172263
9254,2194.5413301918747
9255,2170.2077815501293
9256,2146.0526935630232
9257,2122.0752722048737
9258,2098.274724087982
9259,2074.650256477586
9260,2051.4782106845346
9261,2028.4921440142105
9262,2005.6766507403695
9263,1983.0309582232308
9264,1960.5542945258023
9265,1938.3326919055196
9266,1916.4671355606508
9267,1894.765287544538
9268,1873.2263957331106
9269,1851.8497087513415
9270,1830.6344759872534
9271,1809.7715181303333
9272,1789.1366324955632
9273,1768.6580814170143
9274,1748.3351338356372
9275,1728.1670594978186
9276,1708.2034737548884
9277,1688.5904343123584
9278,1669.127325671842
9279,1649.813436834408
9280,1630.648057645793
9281,1611.6304788091722
9282,1592.93088612282
9283,1574.439849745884
9284,1556.091862121278
9285,1537.8862329259932
9286,1519.822272730068
9287,1501.966747093753
9288,1484.4059071261577
9289,1466.98215253624
9290,1449.6948125559181
9291,1432.5432173425759
9292,1415.5266979909318
9293,1398.8403827948994
9294,1382.3006484707748
9295,1365.891587392722
9296,1349.612549018398
9297,1333.462883771695
9298,1317.5628719958565
9299,1301.868366526598
9300,1286.2989904880224
9301,1270.854112343822
9302,1255.533101550201
9303,1240.3977400618146
9304,1225.5110592956146
9305,1210.7441568234863
9306,1196.0964198145864
9307,1181.5672364539691
9308,1167.1741647699762
9309,1153.059257724023
9310,1139.0589656869338
9311,1125.1726942267276
9312,1111.3998499481502
9313,1097.7398405023987
9314,1084.3482974410324
9315,1071.0800670658555
9316,1057.9208951380335
9317,1044.870206367514
9318,1031.9274265285446
9319,1019.2183303547114
9320,1006.648893357602
9321,994.1837306953095
9322,981.8222848639067
9323,969.5639994390643
9324,957.5143227440944
9325,945.6116576220695
9326,933.8086560504123
9327,922.1047779879835
9328,910.4994844862307
9329,899.0860410043615
9330,887.8193395310067
9331,876.6478595159485
9332,865.5710780539114
9333,854.5884733429389
9334,843.7880261353027
9335,833.1276601005011
9336,822.5582375443526
9337,812.0792523673956
9338,801.6901995819885
9339,791.4795579983031
9340,781.3970462298062
9341,771.4013595506706
9342,761.4920083344794
9343,751.6685040732015
9344,742.024610305394
9345,732.4925860068557
9346,723.0434235365849
9347,713.6766494063571
9348,704.3917912508401
9349,695.2917972459995
9350,686.2839756835642
9351,677.3552034162979
9352,668.5050227575257
9353,659.7389925297293
9354,651.1543126003488
9355,642.6454591677201
9356,634.2119888884913
9357,625.8534595396998
9358,617.5962507970178
9359,609.4898621363459
9360,601.4557608252035
9361,593.4935186457636
9362,585.6027085000491
9363,577.8320541897949
9364,570.1805900354423
9365,562.5980123364394
9366,555.0839076629858
9367,547.6378637030559
9368,540.3437459578643
9369,533.1398139903964
9370,526.0013045503267
9371,518.9278200926656
9372,511.91896418169557
9373,505.00587824441124
9374,498.22641953313956
9375,491.50906710408606
9376,484.85343886424215
9377,478.2591538200115
9378,471.7258320817245
9379,465.33757399428146
9380,459.0194764055169
9381,452.7599443654264
9382,446.5586118933003
9383,440.41511410086514
9384,434.37408511239784
9385,428.4343149351112
9386,422.5500888367483
9387,416.7210554256119
9388,410.94686438968836
9389,405.2403717671192
9390,399.65894257632584
9391,394.1301682991428
9392,388.65371171455854
9393,383.22923666739155
9394,377.85640807184706
9395,372.6022584965178
9396,367.40998505999517
9397,362.2672814624159
9398,357.17382529196635
9399,352.12929519100186
9400,347.17665464809625
9401,342.3028018639476
9402,337.4758935763047
9403,332.69562070944573
9404,327.9616752256921
9405,323.29796187952047
9406,318.7252886751227
9407,314.19705262114707
9408,309.71295757719736
9409,305.2727084238629
9410,300.88538956956734
9411,296.5974630013501
9412,292.3515798333599
9413,288.14745646637715
9414,283.98481030433135
9415,279.8633597566787
9416,275.8426246003001
9417,271.8635485323186
9418,267.92395997806796
9419,264.0235884768134
9420,260.16216455455145
9421,256.3872853399164
9422,252.66021469995184
9423,248.97046404105026
9424,245.3177746569909
9425,241.701888808783
9426,238.16109492199115
9427,234.67194343494901
9428,231.21804509568747
9429,227.7991525789346
9430,224.41501950657874
9431,221.0967631176724
9432,217.83213192853356
9433,214.60078380869743
9434,211.40248244776237
9435,208.23699246186365
9436,205.1299791063407
9437,202.0771295515515
9438,199.05568590715941
9439,196.06542251914593
9440,193.1061146389671
9441,190.19932845478974
9442,187.34615558831192
9443,184.52260066553
9444,181.7284483380871
9445,178.96348414159226
9446,176.2462082213427
9447,173.581215100623
9448,170.94413752799636
9449,168.33477011788935
9450,165.75290834682977
9451,163.21474061860425
9452,160.72701335490734
9453,158.26558129812116
9454,155.83024869057135
9455,153.42082061448204
9456,151.05168561909852
9457,148.73086919583963
9458,146.43480627859182
9459,144.16331041076455
9460,141.9161959532017
9461,139.70635283814445
9462,137.54262770087644
9463,135.40218969522988
9464,133.284861347088
9465,131.19046597704508
9466,129.1305129779753
9467,127.11457239976332
9468,125.12052468960162
9469,123.1482010454934
9470,121.19743343723918
9471,119.27830906410624
9472,117.40133729083513
9473,115.5449331126839
9474,113.70893609778209
9475,111.89318656299912
9476,110.10822745569664
9477,108.3688816904636
9478,106.64873346553307
9479,104.94763145819672
9480,103.26542506569824
9481,101.60196440522263
9482,99.95710031385872
9483,98.3636355438271
9484,96.7883816727407
9485,95.23075341612837
9486,93.69060949354277
9487,92.16780931606219
9488,90.66221298612393
9489,89.19664778033456
9490,87.75516616938567
9491,86.32998455516655
9492,84.92097049254734
9493,83.52799219994884
9494,82.15091855904767
9495,80.80594035244302
9496,79.48786959702241
9497,78.18486268729173
9498,76.89679554590161
9499,75.62354473154167
9500,74.36498743854288
9501,73.13332926988734
9502,71.92902425770997
9503,70.73863115009713
9504,69.56203378895931
9505,68.39911662525955
9506,67.2497647185326
9507,66.12426994633802
9508,65.02475944231635
9509,63.938088108195096
9510,62.86414727524842
9511,61.802828857376944
9512,60.75402535054445
9513,59.72770021271243
9514,58.7246463872529
9515,57.733433444896036
9516,56.75395979456564
9517,55.78612440198384
9518,54.8298267890256
9519,53.895882370904864
9520,52.981542229161
9521,52.078114609378176
9522,51.18550460417305
9523,50.303617837741456
9524,49.43236046514948
9525,48.58424547457511
9526,47.75143414059832
9527,46.92867259889217
9528,46.11587224908935
9529,45.31294499782941
9530,44.519803258000806
9531,43.75122885525951
9532,42.99328466199622
9533,42.24458908822083
9534,41.50505948074133
9535,40.77461366946586
9536,40.05595907765585
9537,39.3581277605772
9538,38.668879094210304
9539,37.98813556835373
9540,37.31582013351522
9541,36.651856200073595
9542,36.00309589751877
9543,35.368941835547865
9544,34.742675680720104
9545,34.12422522144456
9546,33.51351868434107
9547,32.91048473337432
9548,32.32603897150092
9549,31.750227056464034
9550,31.1816591874201
9551,30.62026813852109
9552,30.065987100331313
9553,29.52246435543326
9554,28.99335263211034
9555,28.47095161837047
9556,27.95519837994682
9557,27.446030378794347
9558,26.943385472190638
9559,26.455599396982954
9560,25.97590054230842
9561,25.50235618058905
9562,25.034907802242778
9563,24.573497273546874
9564,24.121464796057868
9565,23.68123956605193
9566,23.246709134471477
9567,22.81781878907886
9568,22.394514174761877
9569,21.976741292609198
9570,21.5726035441218
9571,21.174112036677617
9572,20.780836026707416
9573,20.39272471866964
9574,20.009727655207413
9575,19.63649321799881
9576,19.271272212246817
9577,18.91087148514806
9578,18.555243592605876
9579,18.20434141139175
9580,17.860239208518824
9581,17.52571417699845
9582,17.19564174151669
9583,16.869977611769087
9584,16.548677801695487
9585,16.231965693408984
9586,15.925743961753955
9587,15.623632946281061
9588,15.325591322884433
9589,15.031578055752343
9590,14.741552396458813
9591,14.460413385897846
9592,14.184065716882571
9593,13.911472513382776
9594,13.642595512549848
9595,13.377396723641986
9596,13.119484525400692
9597,12.866860203597291
9598,12.617697870748227
9599,12.371961868909793
9600,12.129616797614274
9601,11.893394583882463
9602,11.662601536115236
9603,11.434999000387101
9604,11.210553764444425
9605,10.989232859507112
9606,10.773221342605034
9607,10.562505826734471
9608,10.354728977945049
9609,10.149859878920322
9610,9.947867842430226
9611,9.750649336155064
9612,9.558386877040057
9613,9.36882958303764
9614,9.181948689112055
9615,8.997715647522163
9616,8.817936874680004
9617,8.642623709127935
9618,8.469799335652985
9619,8.299437006584505
9620,8.13151017933119
9621,7.967884010531047
9622,7.808129019501792
9623,7.650662433634077
9624,7.495459395098444
9625,7.342495239491682
9626,7.1938015268591755
9627,7.048318633529328
9628,6.904938669454152
9629,6.763638546181411
9630,6.624395357574935
9631,6.489481007769083
9632,6.357082020461884
9633,6.226614386698084
9634,6.098056673672983
9635,5.971387620315831
9636,5.849166033891297
9637,5.728753913325448
9638,5.610114520996548
9639,5.493227972440802
9640,5.378606754188121
9641,5.267524533464148
9642,5.158087064260773
9643,5.050275756478393
9644,4.944072172805771
9645,4.840526505287459
9646,4.7396223069938515
9647,4.640226153910341
9648,4.542320816860609
9649,4.445889210325448
9650,4.352494468771748
9651,4.260897733177174
9652,4.170682863078183
9653,4.081833899949577
9654,3.9946000662012002
9655,3.9102286747942467
9656,3.8271376547930047
9657,3.745312105950868
9658,3.664737255411621
9659,3.5862727637787266
9660,3.509777622459146
9661,3.4344544355989166
9662,3.3602894165007715
9663,3.2872688980249176
9664,3.2168042358745494
9665,3.1474981774049673
9666,3.0792641727570387
9667,3.0120894732001204
9668,2.946523831357928
9669,2.8827832540272307
9670,2.82003462067202
9671,2.7582660438264326
9672,2.6974657416935117
9673,2.638748090784117
9674,2.5810702718594096
9675,2.5242988227202137
9676,2.4684227628007753
9677,2.4139254393900362
9678,2.3609329912001304
9679,2.308778425590055
9680,2.257451512718205
9681,2.2069421159373133
9682,2.15827291943634
9683,2.110381901968174
9684,2.063255611899468
9685,2.016884610217022
9686,1.9718244094940172
9687,1.9278687751273706
9688,1.8846194363682345
9689,1.8420676072856217
9690,1.8004020014286422
9691,1.7600771159728335
9692,1.720404289473299
9693,1.6813753471322093
9694,1.642982191261126
9695,1.6059196720147209
9696,1.5695446242305948
9697,1.533763710494824
9698,1.4985694001260699
9699,1.4645025918241041
9700,1.4313704711480801
9701,1.3987816180104313
9702,1.3667291022461283
9703,1.335206060589493
9704,1.3042255561774463
9705,1.2745680618760242
9706,1.2454005442671479
9707,1.2167166932708002
9708,1.1885102604976132
9709,1.1607750588532861
9710,1.133844905068492
9711,1.1077664578810629
9712,1.0821237145634899
9713,1.0569109927825908
9714,1.032122666652921
9715,1.0077531663651744
9716,0.9843829074892012
9717,0.9614832505145137
9718,0.9389704942785413
9719,0.916839529089277
9720,0.8950852968253186
9721,0.8738818418559469
9722,0.8534543402267696
9723,0.8333745399232488
9724,0.8136378056783318
9725,0.7942395495904028
9726,0.7751752307968025
9727,0.7568126152575537
9728,0.7389232611238532
9729,0.721341803075379
9730,0.7040640849835246
9731,0.6870859938583749
9732,0.6704414683009303
9733,0.6545224833832898
9734,0.6388794798287716
9735,0.6235086976597249
9736,0.6084064164039455
9737,0.5935689548099008
9738,0.5791729446058872
9739,0.5652658167104367
9740,0.5516024862196354
9741,0.5381795900536931
9742,0.5249938010191013
9743,0.5120418275436763
9744,0.49962549174029836
9745,0.4874895196553236
9746,0.475568697678257
9747,0.4638600206412189
9748,0.4523605159418729
9749,0.4411607626515086
9750,0.43038995567429356
9751,0.4198115367687459
9752,0.4094227934702629
9753,0.39922104306507133
9754,0.3892036323611096
9755,0.379593557340245
9756,0.3702138763965442
9757,0.36100365966285525
9758,0.3519604877128712
9759,0.3430819680671516
9760,0.3344546194607626
9761,0.32614452145634354
9762,0.317985720009822
9763,0.3099760346653108
9764,0.30211330954564924
9765,0.2943954131552496
9766,0.287030567992885
9767,0.2798090173122656
9768,0.2727204804296023
9769,0.26576301604666075
9770,0.2589347050845117
9771,0.25235287259034855
9772,0.24596612239343574
9773,0.239697934320248
9774,0.23354656154728362
9775,0.22751027748482036
9776,0.2216417511998942
9777,0.21599794066829694
9778,0.21045973133257154
9779,0.20502555250367166
9780,0.19969385190433322
9781,0.19447291656385834
9782,0.18948974896436357
9783,0.18460056703119204
9784,0.17980395948952074
9785,0.17509853180563587
9786,0.17048290604217778
9787,0.16606746723147378
9788,0.1617548596054312
9789,0.15752456838030549
9790,0.1533753416725849
9791,0.14930594267522584
9792,0.14539416571414185
9793,0.14159334016366745
9794,0.13786565264668377
9795,0.13420998018994043
9796,0.1306252135051934
9797,0.12716680493593066
9798,0.12381986909559164
9799,0.1205378650594304
9800,0.11731978626497208
9801,0.114164638561852
9802,0.11111320332534186
9803,0.10816847379242009
9804,0.10528134455008291
9805,0.10245091408342842
9806,0.0996762921260401
9807,0.0969892253848637
9808,0.09440060106590632
9809,0.09186303200196226
9810,0.08937571140253522
9811,0.08693784266273898
9812,0.08457618187001632
9813,0.08230257615120237
9814,0.08007418726915523
9815,0.07789029378604344
9816,0.075750183479509
9817,0.07367843241978063
9818,0.07168325913140854
9819,0.0697280986529361
9820,0.06781230639715172
9821,0.06593524610754987
9822,0.06412118039208098
9823,0.06237188891235651
9824,0.06065797533415237
9825,0.05897886421332085
9826,0.0573339876301177
9827,0.05574844924719819
9828,0.05421610444386595
9829,0.0527150128067544
9830,0.051244661052504255
9831,0.049804542687926
9832,0.04842122963524664
9833,0.04708013267594747
9834,0.045766621129172666
9835,0.044480237551666434
9836,0.043220530622303056
9837,0.042015786338306146
9838,0.04084313271228823
9839,0.03969480576359316
9840,0.03857039817151839
9841,0.03746950813015509
9842,0.03642211435503711
9843,0.03539768574065656
9844,0.03439469087105214
9845,0.0334127673799348
9846,0.03245584107651359
9847,0.03154253366495183
9848,0.030648420549989515
9849,0.02977317514121988
9850,0.02891647535876818
9851,0.028086943945083348
9852,0.02729041254449169
9853,0.02651076476040034
9854,0.025747710534054377
9855,0.02500096385892694
9856,0.024283044340244468
9857,0.02358900970530215
9858,0.022909812273001054
9859,0.022245194673721717
9860,0.02159490317475432
9861,0.020974580475916264
9862,0.02037042596892933
9863,0.019779297873340446
9864,0.019200968045466952
9865,0.018637110819396726
9866,0.01810006848211893
9867,0.017574656665939964
9868,0.017060670380204025
9869,0.016557907588291332
9870,0.016071912772438628
9871,0.015605228167431665
9872,0.015148736439159833
9873,0.014702256208008574
9874,0.01426560873788427
9875,0.013847345746105676
9876,0.01344219520609623
9877,0.01304596863018281
9878,0.0126585056962778
9879,0.012279648445371168
9880,0.01192019761721097
9881,0.011568812264998334
9882,0.01122523192737029
9883,0.010889315045324496
9884,0.010563845837237662
9885,0.01025244596785151
9886,0.00994799209091018
9887,0.009650357445921331
9888,0.009359417177030472
9889,0.009080264920111615
9890,0.008810673847976132
9891,0.008547146070868598
9892,0.008289569891202338
9893,0.008037835308423797
9894,0.007798707311517756
9895,0.007565546280851471
9896,0.007337672254719009
9897,0.007114986921468464
9898,0.006898933636561632
9899,0.006692791360495105
9900,0.006491341839194167
9901,0.00629449728582507
9902,0.006102171272687594
9903,0.00591733805501267
9904,0.005739334212135959
9905,0.0055654153580247
9906,0.005395504363931906
9907,0.005229525308352689
9908,0.00507168804432544
9909,0.0049180907047992614
9910,0.004768046804190509
9911,0.004621488625861024
9912,0.0044794242486110095
9913,0.004343829771476248
9914,0.004211384579320475
9915,0.004082028298100618
9916,0.003955701516541722
9917,0.0038347882216566856
9918,0.003717923629528327
9919,0.0036037952494253366
9920,0.0034923501397272445
9921,0.003383899559186897
9922,0.0032808213507072646
9923,0.003180166019474555
9924,0.0030818864072736426
9925,0.0029859361219632618
9926,0.0028939219867283685
9927,0.0028051807218090414
9928,0.0027185421153756873
9929,0.00263396486405511
9930,0.0025516960267976943
9931,0.00247348477312906
9932,0.0023971338568659576
9933,0.0023226065187149296
9934,0.002249866607605007
9935,0.0021802744397232277
9936,0.0021130106406397364
9937,0.0020473595349673698
9938,0.0019832889644350237
9939,0.0019212461791734
9940,0.0018620051123424677
9941,0.001804189791760026
9942,0.0017477716207921386
9943,0.0016927224846683788
9944,0.0016405532577530866
9945,0.0015898311557493415
9946,0.0015403373820000589
9947,0.001492047098771554
9948,0.0014449358910441426
9949,0.0014004260691456987
9950,0.0013570178000885701
9951,0.0013146672033681796
9952,0.0012733527190871385
9953,0.0012332031335104492
9954,0.001195140447096201
9955,0.0011580070487793325
9956,0.0011217839055398784
9957,0.0010864523137212696
9958,0.0010523033971618718
9959,0.001019750432659613
9960,0.0009879969734152515
9961,0.0009570265144209509
9962,0.0009268228390863903
9963,0.0008978191345787453
9964,0.0008699878699305692
9965,0.0008428441347200372
9966,0.0008163736240131757
9967,0.0007905622852793731
9968,0.0007659613634996295
9969,0.0007421740424709354
9970,0.0007189777023549463
9971,0.0006963599515485949
9972,0.0006743124197845975
9973,0.0006534678823640297
9974,0.0006331420568996808
9975,0.0006133240187191448
9976,0.0005940030390315074
9977,0.0005753433503977093
9978,0.0005575332715342472
9979,0.0005401687939016077
9980,0.0005232404616784587
9981,0.0005067389901913471
9982,0.0004909625782701459
9983,0.0004757476324543596
9984,0.00046091535523462877
9985,0.0004464575658404557
9986,0.000432372438944575
9987,0.0004190768923146757
9988,0.0004061156952789783
9989,0.00039348167642250443
9990,0.00038116779608327484
9991,0.00036916714431969855
9992,0.00035781984082726106
9993,0.00034677729305491724
9994,0.0003360144661818322
9995,0.0003255253035567449
9996,0.0003153038610876541
9997,0.0003055169742712096
9998,0.00029599247773322496
9999,0.0002867115871216881
