    time    temp    dens
   4.86140591436863E+00   1.45886745926363E-01   3.94842441079035E+00
     nin     zin       y       x
  1    0     2.25326149396406E-10   2.25326149396406E-10
  0    1     9.33852134078837E-13   9.33852134078837E-13
  1    1     1.45618608834968E-10   2.91237217669937E-10
  2    1     1.92287527392635E-12   5.76862582177904E-12
  1    2     5.81550551197277E-14   1.74465165359183E-13
  2    2     2.85450385672905E-04   1.14180154269162E-03
  4    2     1.63282183873080E-13   9.79693103238483E-13
  3    3     7.25912984459512E-13   4.35547790675707E-12
  4    3     2.63329798290542E-10   1.84330858803380E-09
  5    3     1.95001566540444E-14   1.56001253232355E-13
  6    3     1.51301561486347E-09   1.36171405337712E-08
  3    4     4.24708854899398E-18   2.97296198429578E-17
  5    4     1.13795564945499E-06   1.02416008450949E-05
  6    4     8.00214492040429E-07   8.00214492040429E-06
  7    4     1.83423064547466E-12   2.01765371002212E-11
  8    4     1.84354506154775E-20   2.21225407385730E-19
  3    5     1.00000000000000E-99   1.00000000000000E-99
  5    5     3.57221572012903E-18   3.57221572012903E-17
  6    5     3.43999739456865E-10   3.78399713402551E-09
  7    5     8.73212875835115E-17   1.04785545100214E-15
  8    5     2.98564195781733E-21   3.88133454516253E-20
  9    5     1.00000000000000E-99   1.00000000000000E-99
  3    6     1.00000000000000E-99   1.00000000000000E-99
  4    6     1.00000000000000E-99   1.00000000000000E-99
  5    6     1.00000000000000E-99   1.00000000000000E-99
  6    6     5.25411180389131E-07   6.30493416466958E-06
  7    6     1.67068015085907E-08   2.17188419611679E-07
  8    6     1.05911333787988E-08   1.48275867303183E-07
  9    6     1.81842649090405E-11   2.72763973635607E-10
 10    6     1.82313498567645E-07   2.91701597708232E-06
 11    6     7.52933940952952E-15   1.27998769962002E-13
 12    6     1.00000000000000E-99   1.00000000000000E-99
  4    7     1.00000000000000E-99   1.00000000000000E-99
  5    7     1.00000000000000E-99   1.00000000000000E-99
  6    7     9.80128946459840E-20   1.27416763039779E-18
  7    7     2.10348832315572E-12   2.94488365241801E-11
  8    7     5.28261813147492E-06   7.92392719721238E-05
  9    7     6.76341892420130E-08   1.08214702787221E-06
 10    7     1.53137744236360E-08   2.60334165201812E-07
 11    7     2.62100500074125E-10   4.71780900133425E-09
 12    7     1.62837589352817E-12   3.09391419770351E-11
 13    7     1.25097167614384E-14   2.50194335228769E-13
 14    7     1.00000000000000E-99   1.00000000000000E-99
  5    8     1.00000000000000E-99   1.00000000000000E-99
  6    8     1.00000000000000E-99   1.00000000000000E-99
  7    8     3.73058726777169E-25   5.59588090165754E-24
  8    8     3.58862116612559E-08   5.74179386580095E-07
  9    8     1.43966874357842E-09   2.44743686408332E-08
 10    8     1.38286488750484E-08   2.48915679750870E-07
 11    8     3.81477785227322E-07   7.24807791931911E-06
 12    8     6.40198847088555E-07   1.28039769417711E-05
 13    8     8.27750681033539E-08   1.73827643017043E-06
 14    8     1.91903959995496E-06   4.22188711990091E-05
  5    9     1.00000000000000E-99   1.00000000000000E-99
  6    9     1.00000000000000E-99   1.00000000000000E-99
  7    9     1.00000000000000E-99   1.00000000000000E-99
  8    9     7.81013374303664E-24   1.32772273631623E-22
  9    9     1.78320230776565E-24   3.20976415397817E-23
 10    9     3.45105333688917E-08   6.55700134008943E-07
 11    9     1.10630494596370E-07   2.21260989192740E-06
 12    9     6.88405851678258E-08   1.44565228852434E-06
 13    9     2.88586692330220E-06   6.34890723126485E-05
 14    9     5.05217430905648E-10   1.16200009108299E-08
 15    9     3.33027550610190E-12   7.99266121464455E-11
 16    9     9.33219309106420E-20   2.33304827276605E-18
 17    9     1.00000000000000E-99   1.00000000000000E-99
  7   10     1.00000000000000E-99   1.00000000000000E-99
  8   10     1.00000000000000E-99   1.00000000000000E-99
  9   10     1.00000000000000E-99   1.00000000000000E-99
 10   10     1.27980370003601E-08   2.55960740007202E-07
 11   10     2.76271206236571E-08   5.80169533096800E-07
 12   10     1.19200318249262E-06   2.62240700148376E-05
 13   10     1.73396417266692E-09   3.98811759713391E-08
 14   10     1.49478548642242E-08   3.58748516741382E-07
 15   10     8.08307101319146E-10   2.02076775329786E-08
 16   10     9.45263680462801E-15   2.45768556920328E-13
 17   10     4.10495850622753E-23   1.10833879668143E-21
 18   10     1.00000000000000E-99   1.00000000000000E-99
 19   10     1.00000000000000E-99   1.00000000000000E-99
 20   10     1.00000000000000E-99   1.00000000000000E-99
 21   10     1.00000000000000E-99   1.00000000000000E-99
 22   10     1.00000000000000E-99   1.00000000000000E-99
 23   10     1.00000000000000E-99   1.00000000000000E-99
 24   10     1.00000000000000E-99   1.00000000000000E-99
 25   10     1.00000000000000E-99   1.00000000000000E-99
 26   10     1.00000000000000E-99   1.00000000000000E-99
 27   10     1.00000000000000E-99   1.00000000000000E-99
 28   10     1.00000000000000E-99   1.00000000000000E-99
 29   10     1.00000000000000E-99   1.00000000000000E-99
 30   10     1.00000000000000E-99   1.00000000000000E-99
 31   10     1.00000000000000E-99   1.00000000000000E-99
  8   11     1.00000000000000E-99   1.00000000000000E-99
  9   11     1.00000000000000E-99   1.00000000000000E-99
 10   11     1.00000000000000E-99   1.00000000000000E-99
 11   11     5.56412557689907E-21   1.22410762691780E-19
 12   11     8.47519185530171E-11   1.94929412671939E-09
 13   11     1.75540077277876E-10   4.21296185466903E-09
 14   11     4.33282183531790E-08   1.08320545882948E-06
 15   11     5.32306305077354E-10   1.38399639320112E-08
 16   11     7.89286608245634E-13   2.13107384226321E-11
 17   11     4.78664817200011E-19   1.34026148816003E-17
 18   11     2.32954566155338E-24   6.75568241850481E-23
 19   11     1.00000000000000E-99   1.00000000000000E-99
 20   11     1.00000000000000E-99   1.00000000000000E-99
 21   11     1.00000000000000E-99   1.00000000000000E-99
 22   11     1.00000000000000E-99   1.00000000000000E-99
 23   11     1.00000000000000E-99   1.00000000000000E-99
 24   11     1.00000000000000E-99   1.00000000000000E-99
 25   11     1.00000000000000E-99   1.00000000000000E-99
 26   11     1.00000000000000E-99   1.00000000000000E-99
 27   11     1.00000000000000E-99   1.00000000000000E-99
 28   11     1.00000000000000E-99   1.00000000000000E-99
 29   11     1.00000000000000E-99   1.00000000000000E-99
 30   11     1.00000000000000E-99   1.00000000000000E-99
 31   11     1.00000000000000E-99   1.00000000000000E-99
 32   11     1.00000000000000E-99   1.00000000000000E-99
 33   11     1.00000000000000E-99   1.00000000000000E-99
  8   12     1.00000000000000E-99   1.00000000000000E-99
  9   12     1.00000000000000E-99   1.00000000000000E-99
 10   12     1.00000000000000E-99   1.00000000000000E-99
 11   12     1.00000000000000E-99   1.00000000000000E-99
 12   12     3.89684792411822E-15   9.35243501788373E-14
 13   12     1.38584154622887E-09   3.46460386557217E-08
 14   12     3.83925887789193E-09   9.98207308251901E-08
 15   12     1.57286252969214E-09   4.24672883016879E-08
 16   12     9.59449491101337E-10   2.68645857508374E-08
 17   12     8.60507887814681E-11   2.49547287466258E-09
 18   12     1.01373766548317E-12   3.04121299644950E-11
 19   12     2.42647930820852E-14   7.52208585544640E-13
 20   12     3.55118123934085E-19   1.13637799658907E-17
 21   12     2.15091066102396E-21   7.09800518137908E-20
 22   12     1.00000000000000E-99   1.00000000000000E-99
 23   12     1.00000000000000E-99   1.00000000000000E-99
 24   12     1.00000000000000E-99   1.00000000000000E-99
 25   12     1.00000000000000E-99   1.00000000000000E-99
 26   12     1.00000000000000E-99   1.00000000000000E-99
 27   12     1.00000000000000E-99   1.00000000000000E-99
 28   12     1.00000000000000E-99   1.00000000000000E-99
 29   12     1.00000000000000E-99   1.00000000000000E-99
 30   12     1.00000000000000E-99   1.00000000000000E-99
 31   12     1.00000000000000E-99   1.00000000000000E-99
 32   12     1.00000000000000E-99   1.00000000000000E-99
 33   12     1.00000000000000E-99   1.00000000000000E-99
 34   12     1.00000000000000E-99   1.00000000000000E-99
 35   12     1.00000000000000E-99   1.00000000000000E-99
  8   13     1.00000000000000E-99   1.00000000000000E-99
  9   13     1.00000000000000E-99   1.00000000000000E-99
 10   13     1.00000000000000E-99   1.00000000000000E-99
 11   13     1.00000000000000E-99   1.00000000000000E-99
 12   13     1.00000000000000E-99   1.00000000000000E-99
 13   13     9.22320863464008E-23   2.39803424500642E-21
 14   13     5.81916473091871E-12   1.57117447734805E-10
 15   13     1.07108977811192E-13   2.99905137871337E-12
 16   13     4.74110727036382E-10   1.37492110840551E-08
 17   13     7.71441991101833E-10   2.31432597330550E-08
 18   13     5.44007787208980E-11   1.68642414034784E-09
 19   13     1.49210706591716E-16   4.77474261093491E-15
 20   13     3.64852690361141E-21   1.20401387819176E-19
 21   13     1.00000000000000E-99   1.00000000000000E-99
 22   13     1.00000000000000E-99   1.00000000000000E-99
 23   13     9.02125785772268E-22   3.24765282878016E-20
 24   13     1.00000000000000E-99   1.00000000000000E-99
 25   13     1.00000000000000E-99   1.00000000000000E-99
 26   13     1.00000000000000E-99   1.00000000000000E-99
 27   13     1.00000000000000E-99   1.00000000000000E-99
 28   13     1.00000000000000E-99   1.00000000000000E-99
 29   13     1.00000000000000E-99   1.00000000000000E-99
 30   13     1.00000000000000E-99   1.00000000000000E-99
 31   13     1.00000000000000E-99   1.00000000000000E-99
 32   13     1.00000000000000E-99   1.00000000000000E-99
 33   13     1.00000000000000E-99   1.00000000000000E-99
 34   13     1.00000000000000E-99   1.00000000000000E-99
 35   13     1.00000000000000E-99   1.00000000000000E-99
 36   13     1.00000000000000E-99   1.00000000000000E-99
 37   13     1.00000000000000E-99   1.00000000000000E-99
 38   13     1.00000000000000E-99   1.00000000000000E-99
  8   14     1.00000000000000E-99   1.00000000000000E-99
  9   14     1.00000000000000E-99   1.00000000000000E-99
 10   14     1.00000000000000E-99   1.00000000000000E-99
 11   14     1.00000000000000E-99   1.00000000000000E-99
 12   14     1.00000000000000E-99   1.00000000000000E-99
 13   14     1.00000000000000E-99   1.00000000000000E-99
 14   14     1.35546320145796E-15   3.79529696408229E-14
 15   14     1.89684729810205E-12   5.50085716449593E-11
 16   14     6.09370794932748E-10   1.82811238479825E-08
 17   14     1.75762397561421E-09   5.44863432440405E-08
 18   14     7.32396648906573E-09   2.34366927650103E-07
 19   14     5.55786101779272E-09   1.83409413587160E-07
 20   14     5.98084352319297E-09   2.03348679788561E-07
 21   14     3.93059439798872E-10   1.37570803929605E-08
 22   14     1.40117978436970E-11   5.04424722373092E-10
 23   14     1.32582030468880E-17   4.90553512734855E-16
 24   14     4.14762752023708E-15   1.57609845769009E-13
 25   14     3.57365875994478E-22   1.39372691637846E-20
 26   14     1.00000000000000E-99   1.00000000000000E-99
 27   14     1.00000000000000E-99   1.00000000000000E-99
 28   14     1.00000000000000E-99   1.00000000000000E-99
 29   14     1.00000000000000E-99   1.00000000000000E-99
 30   14     1.00000000000000E-99   1.00000000000000E-99
 31   14     1.00000000000000E-99   1.00000000000000E-99
 32   14     1.00000000000000E-99   1.00000000000000E-99
 33   14     1.00000000000000E-99   1.00000000000000E-99
 34   14     1.00000000000000E-99   1.00000000000000E-99
 35   14     1.00000000000000E-99   1.00000000000000E-99
 36   14     1.00000000000000E-99   1.00000000000000E-99
 37   14     1.00000000000000E-99   1.00000000000000E-99
 38   14     1.00000000000000E-99   1.00000000000000E-99
 39   14     1.00000000000000E-99   1.00000000000000E-99
 40   14     1.00000000000000E-99   1.00000000000000E-99
  8   15     1.00000000000000E-99   1.00000000000000E-99
  9   15     1.00000000000000E-99   1.00000000000000E-99
 10   15     1.00000000000000E-99   1.00000000000000E-99
 11   15     1.00000000000000E-99   1.00000000000000E-99
 12   15     1.00000000000000E-99   1.00000000000000E-99
 13   15     1.00000000000000E-99   1.00000000000000E-99
 14   15     1.00000000000000E-99   1.00000000000000E-99
 15   15     1.00000000000000E-99   1.00000000000000E-99
 16   15     3.25980211950812E-13   1.01053865704752E-11
 17   15     1.07135384901843E-15   3.42833231685897E-14
 18   15     2.65992297741669E-09   8.77774582547509E-08
 19   15     7.33455365264301E-09   2.49374824189863E-07
 20   15     9.61062915520852E-09   3.36372020432298E-07
 21   15     2.11808408247635E-09   7.62510269691487E-08
 22   15     2.95334349650877E-09   1.09273709370825E-07
 23   15     1.43225282363141E-10   5.44256072979935E-09
 24   15     6.28663615578574E-13   2.45178810075644E-11
 25   15     2.10246085238625E-17   8.40984340954499E-16
 26   15     1.73747317783133E-19   7.12364002910844E-18
 27   15     1.14537793026839E-25   4.81058730712725E-24
 28   15     1.00000000000000E-99   1.00000000000000E-99
 29   15     1.00000000000000E-99   1.00000000000000E-99
 30   15     1.00000000000000E-99   1.00000000000000E-99
 31   15     1.00000000000000E-99   1.00000000000000E-99
 32   15     1.00000000000000E-99   1.00000000000000E-99
 33   15     1.00000000000000E-99   1.00000000000000E-99
 34   15     1.00000000000000E-99   1.00000000000000E-99
 35   15     1.00000000000000E-99   1.00000000000000E-99
 36   15     1.00000000000000E-99   1.00000000000000E-99
 37   15     1.00000000000000E-99   1.00000000000000E-99
 38   15     1.00000000000000E-99   1.00000000000000E-99
 39   15     1.00000000000000E-99   1.00000000000000E-99
 40   15     1.00000000000000E-99   1.00000000000000E-99
 41   15     1.00000000000000E-99   1.00000000000000E-99
 42   15     1.00000000000000E-99   1.00000000000000E-99
  8   16     1.00000000000000E-99   1.00000000000000E-99
  9   16     1.00000000000000E-99   1.00000000000000E-99
 10   16     1.00000000000000E-99   1.00000000000000E-99
 11   16     1.00000000000000E-99   1.00000000000000E-99
 12   16     1.00000000000000E-99   1.00000000000000E-99
 13   16     1.00000000000000E-99   1.00000000000000E-99
 14   16     1.00000000000000E-99   1.00000000000000E-99
 15   16     1.00000000000000E-99   1.00000000000000E-99
 16   16     1.52715966108437E-21   4.88691091546998E-20
 17   16     1.38595178029695E-15   4.57364087497993E-14
 18   16     8.52820425624115E-10   2.89958944712199E-08
 19   16     3.77010516259731E-10   1.31953680690906E-08
 20   16     9.44201050097240E-10   3.39912378035006E-08
 21   16     5.82322409863356E-09   2.15459291649442E-07
 22   16     5.33942865364134E-09   2.02898288838371E-07
 23   16     1.79208532972283E-09   6.98913278591903E-08
 24   16     2.69824925898205E-09   1.07929970359282E-07
 25   16     1.77865211919597E-09   7.29247368870349E-08
 26   16     6.27358343687582E-09   2.63490504348784E-07
 27   16     2.09440890277061E-12   9.00595828191363E-11
 28   16     4.32849218958719E-18   1.90453656341836E-16
 29   16     8.19852715400045E-25   3.68933721930020E-23
 30   16     1.00000000000000E-99   1.00000000000000E-99
 31   16     1.00000000000000E-99   1.00000000000000E-99
 32   16     1.00000000000000E-99   1.00000000000000E-99
 33   16     1.00000000000000E-99   1.00000000000000E-99
 34   16     1.00000000000000E-99   1.00000000000000E-99
 35   16     1.00000000000000E-99   1.00000000000000E-99
 36   16     1.00000000000000E-99   1.00000000000000E-99
 37   16     1.00000000000000E-99   1.00000000000000E-99
 38   16     1.00000000000000E-99   1.00000000000000E-99
 39   16     1.00000000000000E-99   1.00000000000000E-99
 40   16     1.00000000000000E-99   1.00000000000000E-99
 41   16     1.00000000000000E-99   1.00000000000000E-99
 42   16     1.00000000000000E-99   1.00000000000000E-99
 43   16     1.00000000000000E-99   1.00000000000000E-99
 44   16     1.00000000000000E-99   1.00000000000000E-99
  9   17     1.00000000000000E-99   1.00000000000000E-99
 10   17     1.00000000000000E-99   1.00000000000000E-99
 11   17     1.00000000000000E-99   1.00000000000000E-99
 12   17     1.00000000000000E-99   1.00000000000000E-99
 13   17     1.00000000000000E-99   1.00000000000000E-99
 14   17     1.00000000000000E-99   1.00000000000000E-99
 15   17     1.00000000000000E-99   1.00000000000000E-99
 16   17     1.00000000000000E-99   1.00000000000000E-99
 17   17     1.00000000000000E-99   1.00000000000000E-99
 18   17     5.01064478991844E-17   1.75372567647146E-15
 19   17     2.85696808686308E-19   1.02850851127071E-17
 20   17     2.75041740297875E-11   1.01765443910214E-09
 21   17     1.02971997177597E-12   3.91293589274867E-11
 22   17     3.65971227218899E-10   1.42728778615370E-08
 23   17     7.69419207899095E-10   3.07767683159638E-08
 24   17     3.95412616985085E-09   1.62119172963885E-07
 25   17     4.76426032702673E-08   2.00098933735122E-06
 26   17     8.75014411567943E-09   3.76256196974215E-07
 27   17     9.05132589834193E-11   3.98258339527045E-09
 28   17     1.23384146042941E-10   5.55228657193234E-09
 29   17     2.28043661651220E-13   1.04900084359561E-11
 30   17     8.85616672390969E-18   4.16239836023756E-16
 31   17     4.52617663634770E-25   2.17256478544690E-23
 32   17     1.00000000000000E-99   1.00000000000000E-99
 33   17     1.00000000000000E-99   1.00000000000000E-99
 34   17     1.00000000000000E-99   1.00000000000000E-99
 35   17     1.00000000000000E-99   1.00000000000000E-99
 36   17     1.00000000000000E-99   1.00000000000000E-99
 37   17     1.00000000000000E-99   1.00000000000000E-99
 38   17     1.00000000000000E-99   1.00000000000000E-99
 39   17     1.00000000000000E-99   1.00000000000000E-99
 40   17     1.00000000000000E-99   1.00000000000000E-99
 41   17     1.00000000000000E-99   1.00000000000000E-99
 42   17     1.00000000000000E-99   1.00000000000000E-99
 43   17     1.00000000000000E-99   1.00000000000000E-99
 44   17     1.00000000000000E-99   1.00000000000000E-99
 45   17     1.00000000000000E-99   1.00000000000000E-99
 46   17     1.00000000000000E-99   1.00000000000000E-99
  9   18     1.00000000000000E-99   1.00000000000000E-99
 10   18     1.00000000000000E-99   1.00000000000000E-99
 11   18     1.00000000000000E-99   1.00000000000000E-99
 12   18     1.00000000000000E-99   1.00000000000000E-99
 13   18     1.00000000000000E-99   1.00000000000000E-99
 14   18     1.00000000000000E-99   1.00000000000000E-99
 15   18     1.00000000000000E-99   1.00000000000000E-99
 16   18     1.00000000000000E-99   1.00000000000000E-99
 17   18     1.00000000000000E-99   1.00000000000000E-99
 18   18     1.00000000000000E-99   1.00000000000000E-99
 19   18     1.00000000000000E-99   1.00000000000000E-99
 20   18     4.76796535705809E-16   1.81182683568207E-14
 21   18     1.21976358493776E-13   4.75707798125727E-12
 22   18     1.14016186493367E-11   4.56064745973466E-10
 23   18     1.48408547913021E-10   6.08475046443386E-09
 24   18     1.30742822985079E-08   5.49119856537332E-07
 25   18     9.06603934485398E-09   3.89839691828721E-07
 26   18     1.62910581453091E-08   7.16806558393601E-07
 27   18     3.20222072281452E-08   1.44099932526653E-06
 28   18     1.91545087552979E-08   8.81107402743706E-07
 29   18     7.75733018934015E-10   3.64594518898987E-08
 30   18     5.63829895963727E-11   2.70638350062589E-09
 31   18     2.78127877501111E-16   1.36282659975544E-14
 32   18     4.75190843611549E-21   2.37595421805775E-19
 33   18     1.00000000000000E-99   1.00000000000000E-99
 34   18     1.00000000000000E-99   1.00000000000000E-99
 35   18     1.00000000000000E-99   1.00000000000000E-99
 36   18     1.00000000000000E-99   1.00000000000000E-99
 37   18     1.00000000000000E-99   1.00000000000000E-99
 38   18     1.00000000000000E-99   1.00000000000000E-99
 39   18     1.00000000000000E-99   1.00000000000000E-99
 40   18     1.00000000000000E-99   1.00000000000000E-99
 41   18     1.00000000000000E-99   1.00000000000000E-99
 42   18     1.00000000000000E-99   1.00000000000000E-99
 43   18     1.00000000000000E-99   1.00000000000000E-99
 44   18     1.00000000000000E-99   1.00000000000000E-99
 45   18     1.00000000000000E-99   1.00000000000000E-99
 46   18     1.00000000000000E-99   1.00000000000000E-99
 47   18     1.00000000000000E-99   1.00000000000000E-99
 48   18     1.00000000000000E-99   1.00000000000000E-99
 49   18     1.00000000000000E-99   1.00000000000000E-99
 10   19     1.00000000000000E-99   1.00000000000000E-99
 11   19     1.00000000000000E-99   1.00000000000000E-99
 12   19     1.00000000000000E-99   1.00000000000000E-99
 13   19     1.00000000000000E-99   1.00000000000000E-99
 14   19     1.00000000000000E-99   1.00000000000000E-99
 15   19     1.00000000000000E-99   1.00000000000000E-99
 16   19     1.00000000000000E-99   1.00000000000000E-99
 17   19     1.00000000000000E-99   1.00000000000000E-99
 18   19     1.00000000000000E-99   1.00000000000000E-99
 19   19     1.00000000000000E-99   1.00000000000000E-99
 20   19     5.95468989247271E-24   2.32232905806436E-22
 21   19     1.00000000000000E-99   1.00000000000000E-99
 22   19     1.95732714575830E-14   8.02504129760904E-13
 23   19     2.09077227645209E-16   8.78124356109879E-15
 24   19     3.53607368272676E-11   1.52051168357251E-09
 25   19     4.28652591711368E-11   1.88607140353002E-09
 26   19     3.18380907531632E-09   1.43271408389234E-07
 27   19     5.97172890789505E-09   2.74699529763172E-07
 28   19     7.44883343252580E-09   3.50095171328713E-07
 29   19     4.53924120270066E-09   2.17883577729632E-07
 30   19     5.92459210935519E-10   2.90305013358404E-08
 31   19     9.50038703115532E-12   4.75019351557766E-10
 32   19     6.15151320794090E-12   3.13727173604986E-10
 33   19     2.96660971470935E-17   1.54263705164886E-15
 34   19     1.48286935659715E-22   7.85920758996491E-21
 35   19     1.00000000000000E-99   1.00000000000000E-99
 36   19     1.00000000000000E-99   1.00000000000000E-99
 37   19     1.00000000000000E-99   1.00000000000000E-99
 38   19     1.00000000000000E-99   1.00000000000000E-99
 39   19     1.00000000000000E-99   1.00000000000000E-99
 40   19     1.00000000000000E-99   1.00000000000000E-99
 41   19     1.00000000000000E-99   1.00000000000000E-99
 42   19     1.00000000000000E-99   1.00000000000000E-99
 43   19     1.00000000000000E-99   1.00000000000000E-99
 44   19     1.00000000000000E-99   1.00000000000000E-99
 45   19     1.00000000000000E-99   1.00000000000000E-99
 46   19     1.00000000000000E-99   1.00000000000000E-99
 47   19     1.00000000000000E-99   1.00000000000000E-99
 48   19     1.00000000000000E-99   1.00000000000000E-99
 49   19     1.00000000000000E-99   1.00000000000000E-99
 50   19     1.00000000000000E-99   1.00000000000000E-99
 51   19     1.00000000000000E-99   1.00000000000000E-99
 10   20     1.00000000000000E-99   1.00000000000000E-99
 11   20     1.00000000000000E-99   1.00000000000000E-99
 12   20     1.00000000000000E-99   1.00000000000000E-99
 13   20     1.00000000000000E-99   1.00000000000000E-99
 14   20     1.00000000000000E-99   1.00000000000000E-99
 15   20     1.00000000000000E-99   1.00000000000000E-99
 16   20     1.00000000000000E-99   1.00000000000000E-99
 17   20     1.00000000000000E-99   1.00000000000000E-99
 18   20     1.00000000000000E-99   1.00000000000000E-99
 19   20     1.00000000000000E-99   1.00000000000000E-99
 20   20     1.00000000000000E-99   1.00000000000000E-99
 21   20     1.00000000000000E-99   1.00000000000000E-99
 22   20     4.86668719927789E-21   2.04400862369671E-19
 23   20     3.46345958967098E-16   1.48928762355852E-14
 24   20     3.21640436425398E-14   1.41521792027175E-12
 25   20     3.17600339545251E-12   1.42920152795363E-10
 26   20     6.94613347909533E-11   3.19522140038385E-09
 27   20     7.97252338838860E-10   3.74708599254264E-08
 28   20     4.34924140904807E-09   2.08763587634307E-07
 29   20     9.62645125627034E-10   4.71696111557247E-08
 30   20     3.16244815624789E-09   1.58122407812394E-07
 31   20     3.32072686470331E-09   1.69357070099869E-07
 32   20     4.69275983054817E-09   2.44023511188505E-07
 33   20     6.17385370905708E-15   3.27214246580025E-13
 34   20     3.49274777149275E-20   1.88608379660608E-18
 35   20     1.00000000000000E-99   1.00000000000000E-99
 36   20     1.00000000000000E-99   1.00000000000000E-99
 37   20     1.00000000000000E-99   1.00000000000000E-99
 38   20     1.00000000000000E-99   1.00000000000000E-99
 39   20     1.00000000000000E-99   1.00000000000000E-99
 40   20     1.00000000000000E-99   1.00000000000000E-99
 41   20     1.00000000000000E-99   1.00000000000000E-99
 42   20     1.00000000000000E-99   1.00000000000000E-99
 43   20     1.00000000000000E-99   1.00000000000000E-99
 44   20     1.00000000000000E-99   1.00000000000000E-99
 45   20     1.00000000000000E-99   1.00000000000000E-99
 46   20     1.00000000000000E-99   1.00000000000000E-99
 47   20     1.00000000000000E-99   1.00000000000000E-99
 48   20     1.00000000000000E-99   1.00000000000000E-99
 49   20     1.00000000000000E-99   1.00000000000000E-99
 50   20     1.00000000000000E-99   1.00000000000000E-99
 51   20     1.00000000000000E-99   1.00000000000000E-99
 52   20     1.00000000000000E-99   1.00000000000000E-99
 53   20     1.00000000000000E-99   1.00000000000000E-99
 11   21     1.00000000000000E-99   1.00000000000000E-99
 12   21     1.00000000000000E-99   1.00000000000000E-99
 13   21     1.00000000000000E-99   1.00000000000000E-99
 14   21     1.00000000000000E-99   1.00000000000000E-99
 15   21     1.00000000000000E-99   1.00000000000000E-99
 16   21     1.00000000000000E-99   1.00000000000000E-99
 17   21     1.00000000000000E-99   1.00000000000000E-99
 18   21     1.00000000000000E-99   1.00000000000000E-99
 19   21     1.00000000000000E-99   1.00000000000000E-99
 20   21     1.00000000000000E-99   1.00000000000000E-99
 21   21     1.00000000000000E-99   1.00000000000000E-99
 22   21     1.00000000000000E-99   1.00000000000000E-99
 23   21     1.00000000000000E-99   1.00000000000000E-99
 24   21     1.62435497997581E-19   7.30959740989113E-18
 25   21     3.36824511203547E-21   1.54939275153632E-19
 26   21     2.09784328695648E-15   9.85986344869548E-14
 27   21     6.29042918550628E-19   3.01940600904301E-17
 28   21     3.27891390878118E-12   1.60666781530278E-10
 29   21     4.93460570534882E-10   2.46730285267441E-08
 30   21     1.25359955606830E-09   6.39335773594835E-08
 31   21     2.91758607840162E-09   1.51714476076884E-07
 32   21     9.62634634725803E-10   5.10196356404676E-08
 33   21     2.07910962946327E-11   1.12271919991017E-09
 34   21     1.06943819639540E-16   5.88191008017472E-15
 35   21     1.56008466256699E-22   8.73647411037516E-21
 36   21     1.00000000000000E-99   1.00000000000000E-99
 37   21     1.00000000000000E-99   1.00000000000000E-99
 38   21     1.00000000000000E-99   1.00000000000000E-99
 39   21     1.00000000000000E-99   1.00000000000000E-99
 40   21     1.00000000000000E-99   1.00000000000000E-99
 41   21     1.00000000000000E-99   1.00000000000000E-99
 42   21     1.00000000000000E-99   1.00000000000000E-99
 43   21     1.00000000000000E-99   1.00000000000000E-99
 44   21     1.00000000000000E-99   1.00000000000000E-99
 45   21     1.00000000000000E-99   1.00000000000000E-99
 46   21     1.00000000000000E-99   1.00000000000000E-99
 47   21     1.00000000000000E-99   1.00000000000000E-99
 48   21     1.00000000000000E-99   1.00000000000000E-99
 49   21     1.00000000000000E-99   1.00000000000000E-99
 50   21     1.00000000000000E-99   1.00000000000000E-99
 51   21     1.00000000000000E-99   1.00000000000000E-99
 52   21     1.00000000000000E-99   1.00000000000000E-99
 53   21     1.00000000000000E-99   1.00000000000000E-99
 54   21     1.00000000000000E-99   1.00000000000000E-99
 55   21     1.00000000000000E-99   1.00000000000000E-99
 12   22     1.00000000000000E-99   1.00000000000000E-99
 13   22     1.00000000000000E-99   1.00000000000000E-99
 14   22     1.00000000000000E-99   1.00000000000000E-99
 15   22     1.00000000000000E-99   1.00000000000000E-99
 16   22     1.00000000000000E-99   1.00000000000000E-99
 17   22     1.00000000000000E-99   1.00000000000000E-99
 18   22     1.00000000000000E-99   1.00000000000000E-99
 19   22     1.00000000000000E-99   1.00000000000000E-99
 20   22     1.00000000000000E-99   1.00000000000000E-99
 21   22     1.00000000000000E-99   1.00000000000000E-99
 22   22     1.00000000000000E-99   1.00000000000000E-99
 23   22     1.00000000000000E-99   1.00000000000000E-99
 24   22     1.00000000000000E-99   1.00000000000000E-99
 25   22     4.96998274612655E-21   2.33589189067948E-19
 26   22     3.60325183306310E-22   1.72956087987029E-20
 27   22     9.54373221902174E-16   4.67642878732065E-14
 28   22     5.76354129647814E-12   2.88177064823907E-10
 29   22     1.33046572229817E-10   6.78537518372067E-09
 30   22     6.21530545506797E-10   3.23195883663534E-08
 31   22     1.57282597329454E-09   8.33597765846105E-08
 32   22     1.95838960010296E-09   1.05753038405560E-07
 33   22     3.18845558198371E-10   1.75365057009104E-08
 34   22     6.60850026842522E-14   3.70076015031813E-12
 35   22     2.52572558468215E-19   1.43966358326882E-17
 36   22     5.06675869511440E-24   2.93872004316635E-22
 37   22     1.00000000000000E-99   1.00000000000000E-99
 38   22     1.00000000000000E-99   1.00000000000000E-99
 39   22     1.00000000000000E-99   1.00000000000000E-99
 40   22     1.00000000000000E-99   1.00000000000000E-99
 41   22     1.00000000000000E-99   1.00000000000000E-99
 42   22     1.00000000000000E-99   1.00000000000000E-99
 43   22     1.00000000000000E-99   1.00000000000000E-99
 44   22     1.00000000000000E-99   1.00000000000000E-99
 45   22     1.00000000000000E-99   1.00000000000000E-99
 46   22     1.00000000000000E-99   1.00000000000000E-99
 47   22     1.00000000000000E-99   1.00000000000000E-99
 48   22     1.00000000000000E-99   1.00000000000000E-99
 49   22     1.00000000000000E-99   1.00000000000000E-99
 50   22     1.00000000000000E-99   1.00000000000000E-99
 51   22     1.00000000000000E-99   1.00000000000000E-99
 52   22     1.00000000000000E-99   1.00000000000000E-99
 53   22     1.00000000000000E-99   1.00000000000000E-99
 54   22     1.00000000000000E-99   1.00000000000000E-99
 55   22     1.00000000000000E-99   1.00000000000000E-99
 56   22     1.00000000000000E-99   1.00000000000000E-99
 57   22     1.00000000000000E-99   1.00000000000000E-99
 58   22     1.00000000000000E-99   1.00000000000000E-99
 13   23     1.00000000000000E-99   1.00000000000000E-99
 14   23     1.00000000000000E-99   1.00000000000000E-99
 15   23     1.00000000000000E-99   1.00000000000000E-99
 16   23     1.00000000000000E-99   1.00000000000000E-99
 17   23     1.00000000000000E-99   1.00000000000000E-99
 18   23     1.00000000000000E-99   1.00000000000000E-99
 19   23     1.00000000000000E-99   1.00000000000000E-99
 20   23     1.00000000000000E-99   1.00000000000000E-99
 21   23     1.00000000000000E-99   1.00000000000000E-99
 22   23     1.00000000000000E-99   1.00000000000000E-99
 23   23     1.00000000000000E-99   1.00000000000000E-99
 24   23     1.00000000000000E-99   1.00000000000000E-99
 25   23     1.00000000000000E-99   1.00000000000000E-99
 26   23     1.00000000000000E-99   1.00000000000000E-99
 27   23     1.00000000000000E-99   1.00000000000000E-99
 28   23     3.07777473335264E-13   1.56966511400984E-11
 29   23     5.61765659798340E-12   2.92118143095137E-10
 30   23     5.46255004593714E-11   2.89515152434668E-09
 31   23     1.91596420037282E-10   1.03462066820132E-08
 32   23     6.21872027871327E-10   3.42029615329230E-08
 33   23     3.05119175874449E-10   1.70866738489691E-08
 34   23     2.45609379711815E-12   1.39997346435734E-10
 35   23     3.20233420148525E-16   1.85735383686144E-14
 36   23     3.09560050199101E-19   1.82640429617470E-17
 37   23     1.81055198658287E-23   1.08633119194972E-21
 38   23     1.00000000000000E-99   1.00000000000000E-99
 39   23     1.00000000000000E-99   1.00000000000000E-99
 40   23     1.00000000000000E-99   1.00000000000000E-99
 41   23     1.00000000000000E-99   1.00000000000000E-99
 42   23     1.00000000000000E-99   1.00000000000000E-99
 43   23     1.00000000000000E-99   1.00000000000000E-99
 44   23     1.00000000000000E-99   1.00000000000000E-99
 45   23     1.00000000000000E-99   1.00000000000000E-99
 46   23     1.00000000000000E-99   1.00000000000000E-99
 47   23     1.00000000000000E-99   1.00000000000000E-99
 48   23     1.00000000000000E-99   1.00000000000000E-99
 49   23     1.00000000000000E-99   1.00000000000000E-99
 50   23     1.00000000000000E-99   1.00000000000000E-99
 51   23     1.00000000000000E-99   1.00000000000000E-99
 52   23     1.00000000000000E-99   1.00000000000000E-99
 53   23     1.00000000000000E-99   1.00000000000000E-99
 54   23     1.00000000000000E-99   1.00000000000000E-99
 55   23     1.00000000000000E-99   1.00000000000000E-99
 56   23     1.00000000000000E-99   1.00000000000000E-99
 57   23     1.00000000000000E-99   1.00000000000000E-99
 58   23     1.00000000000000E-99   1.00000000000000E-99
 59   23     1.00000000000000E-99   1.00000000000000E-99
 60   23     1.00000000000000E-99   1.00000000000000E-99
 14   24     1.00000000000000E-99   1.00000000000000E-99
 15   24     1.00000000000000E-99   1.00000000000000E-99
 16   24     1.00000000000000E-99   1.00000000000000E-99
 17   24     1.00000000000000E-99   1.00000000000000E-99
 18   24     1.00000000000000E-99   1.00000000000000E-99
 19   24     1.00000000000000E-99   1.00000000000000E-99
 20   24     1.00000000000000E-99   1.00000000000000E-99
 21   24     1.00000000000000E-99   1.00000000000000E-99
 22   24     1.00000000000000E-99   1.00000000000000E-99
 23   24     1.00000000000000E-99   1.00000000000000E-99
 24   24     1.00000000000000E-99   1.00000000000000E-99
 25   24     1.00000000000000E-99   1.00000000000000E-99
 26   24     1.00000000000000E-99   1.00000000000000E-99
 27   24     1.00000000000000E-99   1.00000000000000E-99
 28   24     1.16877349036296E-14   6.07762214988740E-13
 29   24     4.73411962630175E-13   2.50908340193993E-11
 30   24     5.14361447957130E-12   2.77755181896850E-10
 31   24     1.59328274798641E-10   8.76305511392525E-09
 32   24     1.34700743191532E-09   7.54324161872580E-08
 33   24     2.79852332529440E-09   1.59515829541781E-07
 34   24     1.91202935455445E-09   1.10897702564158E-07
 35   24     1.79973515252582E-10   1.06184373999023E-08
 36   24     8.51493994963521E-12   5.10896396978113E-10
 37   24     9.65102405650221E-14   5.88712467446635E-12
 38   24     6.16940482769121E-14   3.82503099316855E-12
 39   24     3.54724614350586E-17   2.23476507040869E-15
 40   24     1.09582519550462E-21   7.01328125122956E-20
 41   24     1.00000000000000E-99   1.00000000000000E-99
 42   24     1.00000000000000E-99   1.00000000000000E-99
 43   24     1.00000000000000E-99   1.00000000000000E-99
 44   24     1.00000000000000E-99   1.00000000000000E-99
 45   24     1.00000000000000E-99   1.00000000000000E-99
 46   24     1.00000000000000E-99   1.00000000000000E-99
 47   24     1.00000000000000E-99   1.00000000000000E-99
 48   24     1.00000000000000E-99   1.00000000000000E-99
 49   24     1.00000000000000E-99   1.00000000000000E-99
 50   24     1.00000000000000E-99   1.00000000000000E-99
 51   24     1.00000000000000E-99   1.00000000000000E-99
 52   24     1.00000000000000E-99   1.00000000000000E-99
 53   24     1.00000000000000E-99   1.00000000000000E-99
 54   24     1.00000000000000E-99   1.00000000000000E-99
 55   24     1.00000000000000E-99   1.00000000000000E-99
 56   24     1.00000000000000E-99   1.00000000000000E-99
 57   24     1.00000000000000E-99   1.00000000000000E-99
 58   24     1.00000000000000E-99   1.00000000000000E-99
 59   24     1.00000000000000E-99   1.00000000000000E-99
 60   24     1.00000000000000E-99   1.00000000000000E-99
 61   24     1.00000000000000E-99   1.00000000000000E-99
 62   24     1.00000000000000E-99   1.00000000000000E-99
 15   25     1.00000000000000E-99   1.00000000000000E-99
 16   25     1.00000000000000E-99   1.00000000000000E-99
 17   25     1.00000000000000E-99   1.00000000000000E-99
 18   25     1.00000000000000E-99   1.00000000000000E-99
 19   25     1.00000000000000E-99   1.00000000000000E-99
 20   25     1.00000000000000E-99   1.00000000000000E-99
 21   25     1.00000000000000E-99   1.00000000000000E-99
 22   25     1.00000000000000E-99   1.00000000000000E-99
 23   25     1.00000000000000E-99   1.00000000000000E-99
 24   25     1.00000000000000E-99   1.00000000000000E-99
 25   25     1.00000000000000E-99   1.00000000000000E-99
 26   25     1.00000000000000E-99   1.00000000000000E-99
 27   25     1.00000000000000E-99   1.00000000000000E-99
 28   25     1.00000000000000E-99   1.00000000000000E-99
 29   25     1.00000000000000E-99   1.00000000000000E-99
 30   25     6.71079847471926E-13   3.69093916109559E-11
 31   25     5.40477939887888E-12   3.02667646337217E-10
 32   25     2.94345784914894E-10   1.67777097401490E-08
 33   25     5.52948398579792E-10   3.20710071176280E-08
 34   25     1.73747453725149E-09   1.02510997697838E-07
 35   25     4.73305527621351E-12   2.83983316572811E-10
 36   25     2.27637660299046E-12   1.38858972782418E-10
 37   25     3.26258150890920E-13   2.02280053552370E-11
 38   25     1.31324883820758E-12   8.27346768070775E-11
 39   25     2.83253564170544E-16   1.81282281069148E-14
 40   25     3.05894053399558E-19   1.98831134709713E-17
 41   25     2.47616956078540E-23   1.63427191011836E-21
 42   25     1.00000000000000E-99   1.00000000000000E-99
 43   25     1.00000000000000E-99   1.00000000000000E-99
 44   25     1.00000000000000E-99   1.00000000000000E-99
 45   25     1.00000000000000E-99   1.00000000000000E-99
 46   25     1.00000000000000E-99   1.00000000000000E-99
 47   25     1.00000000000000E-99   1.00000000000000E-99
 48   25     1.00000000000000E-99   1.00000000000000E-99
 49   25     1.00000000000000E-99   1.00000000000000E-99
 50   25     1.00000000000000E-99   1.00000000000000E-99
 51   25     1.00000000000000E-99   1.00000000000000E-99
 52   25     1.00000000000000E-99   1.00000000000000E-99
 53   25     1.00000000000000E-99   1.00000000000000E-99
 54   25     1.00000000000000E-99   1.00000000000000E-99
 55   25     1.00000000000000E-99   1.00000000000000E-99
 56   25     1.00000000000000E-99   1.00000000000000E-99
 57   25     1.00000000000000E-99   1.00000000000000E-99
 58   25     1.00000000000000E-99   1.00000000000000E-99
 59   25     1.00000000000000E-99   1.00000000000000E-99
 60   25     1.00000000000000E-99   1.00000000000000E-99
 61   25     1.00000000000000E-99   1.00000000000000E-99
 62   25     1.00000000000000E-99   1.00000000000000E-99
 63   25     1.00000000000000E-99   1.00000000000000E-99
 64   25     1.00000000000000E-99   1.00000000000000E-99
 16   26     1.00000000000000E-99   1.00000000000000E-99
 17   26     1.00000000000000E-99   1.00000000000000E-99
 18   26     1.00000000000000E-99   1.00000000000000E-99
 19   26     1.00000000000000E-99   1.00000000000000E-99
 20   26     1.00000000000000E-99   1.00000000000000E-99
 21   26     1.00000000000000E-99   1.00000000000000E-99
 22   26     1.00000000000000E-99   1.00000000000000E-99
 23   26     1.00000000000000E-99   1.00000000000000E-99
 24   26     1.00000000000000E-99   1.00000000000000E-99
 25   26     1.00000000000000E-99   1.00000000000000E-99
 26   26     1.00000000000000E-99   1.00000000000000E-99
 27   26     1.00000000000000E-99   1.00000000000000E-99
 28   26     1.00000000000000E-99   1.00000000000000E-99
 29   26     1.00000000000000E-99   1.00000000000000E-99
 30   26     1.26480870821876E-15   7.08292876602507E-14
 31   26     3.61112667380964E-12   2.05834220407149E-10
 32   26     2.20770510388654E-10   1.28046896025419E-08
 33   26     4.58096306208025E-10   2.70276820662735E-08
 34   26     2.08658969647510E-09   1.25195381788506E-07
 35   26     1.88610222537663E-09   1.15052235747975E-07
 36   26     4.69883475078333E-09   2.91327754548567E-07
 37   26     3.63667852594399E-09   2.29110747134472E-07
 38   26     7.84290742891441E-10   5.01946075450522E-08
 39   26     3.04105493933980E-10   1.97668571057087E-08
 40   26     2.85812079610673E-11   1.88635972543044E-09
 41   26     1.41067498549564E-11   9.45152240282081E-10
 42   26     1.77312511295875E-14   1.20572507681195E-12
 43   26     1.19840099442734E-18   8.26896686154867E-17
 44   26     9.49700566255022E-23   6.64790396378516E-21
 45   26     1.00000000000000E-99   1.00000000000000E-99
 46   26     2.12179049423603E-19   1.52768915584994E-17
 47   26     1.87447480001110E-25   1.36836660400811E-23
 48   26     1.00000000000000E-99   1.00000000000000E-99
 49   26     1.00000000000000E-99   1.00000000000000E-99
 50   26     1.00000000000000E-99   1.00000000000000E-99
 51   26     1.00000000000000E-99   1.00000000000000E-99
 52   26     1.00000000000000E-99   1.00000000000000E-99
 53   26     1.00000000000000E-99   1.00000000000000E-99
 54   26     1.00000000000000E-99   1.00000000000000E-99
 55   26     1.00000000000000E-99   1.00000000000000E-99
 56   26     1.00000000000000E-99   1.00000000000000E-99
 57   26     1.00000000000000E-99   1.00000000000000E-99
 58   26     1.00000000000000E-99   1.00000000000000E-99
 59   26     1.00000000000000E-99   1.00000000000000E-99
 60   26     1.00000000000000E-99   1.00000000000000E-99
 61   26     1.00000000000000E-99   1.00000000000000E-99
 62   26     1.00000000000000E-99   1.00000000000000E-99
 63   26     1.00000000000000E-99   1.00000000000000E-99
 64   26     1.00000000000000E-99   1.00000000000000E-99
 65   26     1.00000000000000E-99   1.00000000000000E-99
 66   26     1.00000000000000E-99   1.00000000000000E-99
 17   27     1.00000000000000E-99   1.00000000000000E-99
 18   27     1.00000000000000E-99   1.00000000000000E-99
 19   27     1.00000000000000E-99   1.00000000000000E-99
 20   27     1.00000000000000E-99   1.00000000000000E-99
 21   27     1.00000000000000E-99   1.00000000000000E-99
 22   27     1.00000000000000E-99   1.00000000000000E-99
 23   27     1.00000000000000E-99   1.00000000000000E-99
 24   27     1.00000000000000E-99   1.00000000000000E-99
 25   27     1.00000000000000E-99   1.00000000000000E-99
 26   27     1.00000000000000E-99   1.00000000000000E-99
 27   27     1.00000000000000E-99   1.00000000000000E-99
 28   27     1.00000000000000E-99   1.00000000000000E-99
 29   27     1.00000000000000E-99   1.00000000000000E-99
 30   27     1.00000000000000E-99   1.00000000000000E-99
 31   27     1.00000000000000E-99   1.00000000000000E-99
 32   27     1.09638329712557E-16   6.46866145304089E-15
 33   27     1.85789772733694E-18   1.11473863640217E-16
 34   27     1.32294721589854E-11   8.06997801698108E-10
 35   27     1.30976468800478E-10   8.12054106562964E-09
 36   27     1.22097461726426E-09   7.69214008876482E-08
 37   27     1.81217738396420E-10   1.15979352573709E-08
 38   27     1.50594749398960E-09   9.78865871093239E-08
 39   27     2.45075768209828E-11   1.61750007018486E-09
 40   27     1.01461654245432E-10   6.79793083444397E-09
 41   27     3.89781612321340E-13   2.65051496378512E-11
 42   27     3.55990018287884E-13   2.45633112618640E-11
 43   27     5.36274153580523E-17   3.75391907506366E-15
 44   27     1.53625115711264E-19   1.09073832154998E-17
 45   27     2.56867117290874E-19   1.84944324449429E-17
 46   27     2.13187245709179E-23   1.55626689367701E-21
 47   27     1.00000000000000E-99   1.00000000000000E-99
 48   27     1.00000000000000E-99   1.00000000000000E-99
 49   27     1.00000000000000E-99   1.00000000000000E-99
 50   27     1.00000000000000E-99   1.00000000000000E-99
 51   27     1.00000000000000E-99   1.00000000000000E-99
 52   27     1.00000000000000E-99   1.00000000000000E-99
 53   27     1.00000000000000E-99   1.00000000000000E-99
 54   27     1.00000000000000E-99   1.00000000000000E-99
 55   27     1.00000000000000E-99   1.00000000000000E-99
 56   27     1.00000000000000E-99   1.00000000000000E-99
 57   27     1.00000000000000E-99   1.00000000000000E-99
 58   27     1.00000000000000E-99   1.00000000000000E-99
 59   27     1.00000000000000E-99   1.00000000000000E-99
 60   27     1.00000000000000E-99   1.00000000000000E-99
 61   27     1.00000000000000E-99   1.00000000000000E-99
 62   27     1.00000000000000E-99   1.00000000000000E-99
 63   27     1.00000000000000E-99   1.00000000000000E-99
 64   27     1.00000000000000E-99   1.00000000000000E-99
 65   27     1.00000000000000E-99   1.00000000000000E-99
 66   27     1.00000000000000E-99   1.00000000000000E-99
 67   27     1.00000000000000E-99   1.00000000000000E-99
 68   27     1.00000000000000E-99   1.00000000000000E-99
 69   27     1.00000000000000E-99   1.00000000000000E-99
 18   28     1.00000000000000E-99   1.00000000000000E-99
 19   28     1.00000000000000E-99   1.00000000000000E-99
 20   28     1.00000000000000E-99   1.00000000000000E-99
 21   28     1.00000000000000E-99   1.00000000000000E-99
 22   28     1.00000000000000E-99   1.00000000000000E-99
 23   28     1.00000000000000E-99   1.00000000000000E-99
 24   28     1.00000000000000E-99   1.00000000000000E-99
 25   28     1.00000000000000E-99   1.00000000000000E-99
 26   28     1.00000000000000E-99   1.00000000000000E-99
 27   28     1.00000000000000E-99   1.00000000000000E-99
 28   28     1.00000000000000E-99   1.00000000000000E-99
 29   28     1.00000000000000E-99   1.00000000000000E-99
 30   28     1.00000000000000E-99   1.00000000000000E-99
 31   28     1.00000000000000E-99   1.00000000000000E-99
 32   28     1.00000000000000E-99   1.00000000000000E-99
 33   28     2.09218331769983E-15   1.27623182379690E-13
 34   28     1.09047259720652E-12   6.76093010268042E-11
 35   28     5.05064826763813E-11   3.18190840861202E-09
 36   28     2.08142123094992E-09   1.33210958780795E-07
 37   28     3.28807497647662E-09   2.13724873470980E-07
 38   28     4.03774467352092E-09   2.66491148452381E-07
 39   28     5.11777496601943E-09   3.42890922723302E-07
 40   28     3.53869554591065E-09   2.40631297121924E-07
 41   28     4.80138666614843E-09   3.31295679964241E-07
 42   28     1.58661111245296E-09   1.11062777871707E-07
 43   28     1.44903526264220E-09   1.02881503647596E-07
 44   28     1.16660656615112E-09   8.39956727628809E-08
 45   28     2.38111363506792E-10   1.73821295359958E-08
 46   28     1.64058304824231E-10   1.21403145569931E-08
 47   28     1.32208708744411E-11   9.91565315583086E-10
 48   28     5.59653836264675E-13   4.25336915561153E-11
 49   28     7.59748583357227E-17   5.85006409185065E-15
 50   28     1.32329316914768E-17   1.03216867193519E-15
 51   28     1.00000000000000E-99   1.00000000000000E-99
 52   28     1.02405300990164E-22   8.19242407921314E-21
 53   28     1.00000000000000E-99   1.00000000000000E-99
 54   28     1.00000000000000E-99   1.00000000000000E-99
 55   28     1.00000000000000E-99   1.00000000000000E-99
 56   28     1.00000000000000E-99   1.00000000000000E-99
 57   28     1.00000000000000E-99   1.00000000000000E-99
 58   28     1.00000000000000E-99   1.00000000000000E-99
 59   28     1.00000000000000E-99   1.00000000000000E-99
 60   28     1.00000000000000E-99   1.00000000000000E-99
 61   28     1.00000000000000E-99   1.00000000000000E-99
 62   28     1.00000000000000E-99   1.00000000000000E-99
 63   28     1.00000000000000E-99   1.00000000000000E-99
 64   28     1.00000000000000E-99   1.00000000000000E-99
 65   28     1.00000000000000E-99   1.00000000000000E-99
 66   28     1.00000000000000E-99   1.00000000000000E-99
 67   28     1.00000000000000E-99   1.00000000000000E-99
 68   28     1.00000000000000E-99   1.00000000000000E-99
 69   28     1.00000000000000E-99   1.00000000000000E-99
 70   28     1.00000000000000E-99   1.00000000000000E-99
 71   28     1.00000000000000E-99   1.00000000000000E-99
 19   29     1.00000000000000E-99   1.00000000000000E-99
 20   29     1.00000000000000E-99   1.00000000000000E-99
 21   29     1.00000000000000E-99   1.00000000000000E-99
 22   29     1.00000000000000E-99   1.00000000000000E-99
 23   29     1.00000000000000E-99   1.00000000000000E-99
 24   29     1.00000000000000E-99   1.00000000000000E-99
 25   29     1.00000000000000E-99   1.00000000000000E-99
 26   29     1.00000000000000E-99   1.00000000000000E-99
 27   29     1.00000000000000E-99   1.00000000000000E-99
 28   29     1.00000000000000E-99   1.00000000000000E-99
 29   29     1.00000000000000E-99   1.00000000000000E-99
 30   29     1.00000000000000E-99   1.00000000000000E-99
 31   29     1.00000000000000E-99   1.00000000000000E-99
 32   29     1.00000000000000E-99   1.00000000000000E-99
 33   29     1.00000000000000E-99   1.00000000000000E-99
 34   29     1.50327472389799E-20   9.47063076055734E-19
 35   29     2.50418663096827E-22   1.60267944381969E-20
 36   29     5.70218821316358E-13   3.70642233855632E-11
 37   29     3.98412362817551E-14   2.62952159459584E-12
 38   29     3.95560754782785E-10   2.65025705704466E-08
 39   29     2.28360724458972E-10   1.55285292632101E-08
 40   29     9.61326340569479E-10   6.63315174992940E-08
 41   29     6.06127257264581E-10   4.24289080085207E-08
 42   29     1.97986350075309E-09   1.40570308553469E-07
 43   29     2.55937535464584E-09   1.84275025534500E-07
 44   29     3.21136753593270E-09   2.34429830123087E-07
 45   29     1.66358186944555E-09   1.23105058338971E-07
 46   29     3.43483774551975E-09   2.57612830913982E-07
 47   29     3.72833287385585E-10   2.83353298413044E-08
 48   29     2.17525509822327E-10   1.67494642563192E-08
 49   29     2.85089143649934E-11   2.22369532046948E-09
 50   29     2.24944889154973E-13   1.77706462432428E-11
 51   29     7.06311301519592E-16   5.65049041215674E-14
 52   29     3.42859771694686E-20   2.77716415072695E-18
 53   29     1.00000000000000E-99   1.00000000000000E-99
 54   29     1.00000000000000E-99   1.00000000000000E-99
 55   29     1.00000000000000E-99   1.00000000000000E-99
 56   29     1.00000000000000E-99   1.00000000000000E-99
 57   29     1.00000000000000E-99   1.00000000000000E-99
 58   29     1.00000000000000E-99   1.00000000000000E-99
 59   29     1.00000000000000E-99   1.00000000000000E-99
 60   29     1.00000000000000E-99   1.00000000000000E-99
 61   29     1.00000000000000E-99   1.00000000000000E-99
 62   29     1.00000000000000E-99   1.00000000000000E-99
 63   29     1.00000000000000E-99   1.00000000000000E-99
 64   29     1.00000000000000E-99   1.00000000000000E-99
 65   29     1.00000000000000E-99   1.00000000000000E-99
 66   29     1.00000000000000E-99   1.00000000000000E-99
 67   29     1.00000000000000E-99   1.00000000000000E-99
 68   29     1.00000000000000E-99   1.00000000000000E-99
 69   29     1.00000000000000E-99   1.00000000000000E-99
 70   29     1.00000000000000E-99   1.00000000000000E-99
 71   29     1.00000000000000E-99   1.00000000000000E-99
 72   29     1.00000000000000E-99   1.00000000000000E-99
 73   29     1.00000000000000E-99   1.00000000000000E-99
 21   30     1.00000000000000E-99   1.00000000000000E-99
 22   30     1.00000000000000E-99   1.00000000000000E-99
 23   30     1.00000000000000E-99   1.00000000000000E-99
 24   30     1.00000000000000E-99   1.00000000000000E-99
 25   30     1.00000000000000E-99   1.00000000000000E-99
 26   30     1.00000000000000E-99   1.00000000000000E-99
 27   30     1.00000000000000E-99   1.00000000000000E-99
 28   30     1.00000000000000E-99   1.00000000000000E-99
 29   30     1.00000000000000E-99   1.00000000000000E-99
 30   30     1.00000000000000E-99   1.00000000000000E-99
 31   30     1.00000000000000E-99   1.00000000000000E-99
 32   30     1.00000000000000E-99   1.00000000000000E-99
 33   30     1.00000000000000E-99   1.00000000000000E-99
 34   30     1.00000000000000E-99   1.00000000000000E-99
 35   30     1.00000000000000E-99   1.00000000000000E-99
 36   30     1.19109749175130E-16   7.86124344555861E-15
 37   30     1.48821566727900E-15   9.97104497076931E-14
 38   30     7.31318993346110E-12   4.97296915475355E-10
 39   30     5.91317593555070E-12   4.08009139552998E-10
 40   30     1.52926314718377E-11   1.07048420302864E-09
 41   30     1.31951378715445E-10   9.36854788879657E-09
 42   30     5.47840690755865E-10   3.94445297344223E-08
 43   30     1.46353125244393E-09   1.06837781428407E-07
 44   30     3.56099468485827E-09   2.63513606679512E-07
 45   30     1.29366316172342E-08   9.70247371292564E-07
 46   30     1.46872291078442E-08   1.11622941219616E-06
 47   30     1.64180984230255E-08   1.26419357857296E-06
 48   30     1.09994889880922E-08   8.57960141071188E-07
 49   30     4.59545862990634E-09   3.63041231762601E-07
 50   30     1.09170708579591E-10   8.73365668636728E-09
 51   30     3.68298113030354E-13   2.98321471554586E-11
 52   30     7.80539444011959E-13   6.40042344089806E-11
 53   30     6.37595250755613E-15   5.29204058127159E-13
 54   30     7.82028364278005E-16   6.56903825993524E-14
 55   30     3.10730936969495E-23   2.64121296424071E-21
 56   30     1.00000000000000E-99   1.00000000000000E-99
 57   30     1.00000000000000E-99   1.00000000000000E-99
 58   30     1.00000000000000E-99   1.00000000000000E-99
 59   30     1.00000000000000E-99   1.00000000000000E-99
 60   30     1.00000000000000E-99   1.00000000000000E-99
 61   30     1.00000000000000E-99   1.00000000000000E-99
 62   30     1.00000000000000E-99   1.00000000000000E-99
 63   30     1.00000000000000E-99   1.00000000000000E-99
 64   30     1.00000000000000E-99   1.00000000000000E-99
 65   30     1.00000000000000E-99   1.00000000000000E-99
 66   30     1.00000000000000E-99   1.00000000000000E-99
 67   30     1.00000000000000E-99   1.00000000000000E-99
 68   30     1.00000000000000E-99   1.00000000000000E-99
 69   30     1.00000000000000E-99   1.00000000000000E-99
 70   30     1.00000000000000E-99   1.00000000000000E-99
 71   30     1.00000000000000E-99   1.00000000000000E-99
 72   30     1.00000000000000E-99   1.00000000000000E-99
 73   30     1.00000000000000E-99   1.00000000000000E-99
 74   30     1.00000000000000E-99   1.00000000000000E-99
 75   30     1.00000000000000E-99   1.00000000000000E-99
 22   31     1.00000000000000E-99   1.00000000000000E-99
 23   31     1.00000000000000E-99   1.00000000000000E-99
 24   31     1.00000000000000E-99   1.00000000000000E-99
 25   31     1.00000000000000E-99   1.00000000000000E-99
 26   31     1.00000000000000E-99   1.00000000000000E-99
 27   31     1.00000000000000E-99   1.00000000000000E-99
 28   31     1.00000000000000E-99   1.00000000000000E-99
 29   31     1.00000000000000E-99   1.00000000000000E-99
 30   31     1.00000000000000E-99   1.00000000000000E-99
 31   31     1.00000000000000E-99   1.00000000000000E-99
 32   31     1.00000000000000E-99   1.00000000000000E-99
 33   31     1.00000000000000E-99   1.00000000000000E-99
 34   31     1.00000000000000E-99   1.00000000000000E-99
 35   31     1.00000000000000E-99   1.00000000000000E-99
 36   31     1.00000000000000E-99   1.00000000000000E-99
 37   31     1.00000000000000E-99   1.00000000000000E-99
 38   31     1.19670606740593E-15   8.25727186510092E-14
 39   31     3.63641068656341E-17   2.54548748059438E-15
 40   31     6.99805843653253E-13   4.96862148993810E-11
 41   31     2.71786065645789E-14   1.95685967264968E-12
 42   31     6.11227740416549E-11   4.46196250504081E-09
 43   31     4.15820146168209E-11   3.07706908164474E-09
 44   31     1.79950492156799E-09   1.34962869117599E-07
 45   31     4.50808905283697E-09   3.42614768015610E-07
 46   31     2.30662019780922E-08   1.77609755231310E-06
 47   31     2.60879861875715E-08   2.03486292263058E-06
 48   31     2.55916588927701E-08   2.02174105252884E-06
 49   31     2.13382335943657E-09   1.70705868754926E-07
 50   31     1.61462348770762E-09   1.30784502504317E-07
 51   31     9.65027893521043E-11   7.91322872687255E-09
 52   31     2.87644960354794E-12   2.38745317094479E-10
 53   31     6.25041741130847E-16   5.25035062549912E-14
 54   31     4.18958420622940E-14   3.56114657529499E-12
 55   31     1.02637580159436E-17   8.82683189371145E-16
 56   31     5.66598567369847E-22   4.92940753611767E-20
 57   31     1.00000000000000E-99   1.00000000000000E-99
 58   31     1.00000000000000E-99   1.00000000000000E-99
 59   31     1.00000000000000E-99   1.00000000000000E-99
 60   31     1.00000000000000E-99   1.00000000000000E-99
 61   31     1.00000000000000E-99   1.00000000000000E-99
 62   31     1.00000000000000E-99   1.00000000000000E-99
 63   31     1.00000000000000E-99   1.00000000000000E-99
 64   31     1.00000000000000E-99   1.00000000000000E-99
 65   31     1.00000000000000E-99   1.00000000000000E-99
 66   31     1.00000000000000E-99   1.00000000000000E-99
 67   31     1.00000000000000E-99   1.00000000000000E-99
 68   31     1.00000000000000E-99   1.00000000000000E-99
 69   31     1.00000000000000E-99   1.00000000000000E-99
 70   31     1.00000000000000E-99   1.00000000000000E-99
 71   31     1.00000000000000E-99   1.00000000000000E-99
 72   31     1.00000000000000E-99   1.00000000000000E-99
 73   31     1.00000000000000E-99   1.00000000000000E-99
 74   31     1.00000000000000E-99   1.00000000000000E-99
 75   31     1.00000000000000E-99   1.00000000000000E-99
 76   31     1.00000000000000E-99   1.00000000000000E-99
 77   31     1.00000000000000E-99   1.00000000000000E-99
 23   32     1.00000000000000E-99   1.00000000000000E-99
 24   32     1.00000000000000E-99   1.00000000000000E-99
 25   32     1.00000000000000E-99   1.00000000000000E-99
 26   32     1.00000000000000E-99   1.00000000000000E-99
 27   32     1.00000000000000E-99   1.00000000000000E-99
 28   32     1.00000000000000E-99   1.00000000000000E-99
 29   32     1.00000000000000E-99   1.00000000000000E-99
 30   32     1.00000000000000E-99   1.00000000000000E-99
 31   32     1.00000000000000E-99   1.00000000000000E-99
 32   32     1.00000000000000E-99   1.00000000000000E-99
 33   32     1.00000000000000E-99   1.00000000000000E-99
 34   32     1.00000000000000E-99   1.00000000000000E-99
 35   32     1.00000000000000E-99   1.00000000000000E-99
 36   32     1.00000000000000E-99   1.00000000000000E-99
 37   32     1.00000000000000E-99   1.00000000000000E-99
 38   32     2.12968055030331E-20   1.49077638521232E-18
 39   32     4.10628819960872E-22   2.91546462172219E-20
 40   32     4.29642711596051E-19   3.09342752349157E-17
 41   32     2.21490202608476E-15   1.61687847904187E-13
 42   32     6.17435225472290E-14   4.56902066849494E-12
 43   32     1.13522151864241E-11   8.51416138981805E-10
 44   32     1.31331172964636E-10   9.98116914531232E-09
 45   32     2.06470076017436E-09   1.58981958533426E-07
 46   32     7.52432201964276E-09   5.86897117532135E-07
 47   32     1.66165989070031E-08   1.31271131365324E-06
 48   32     4.89757953438414E-09   3.91806362750731E-07
 49   32     6.02603809490063E-09   4.88109085686951E-07
 50   32     3.58897902563596E-09   2.94296280102149E-07
 51   32     1.14638640090357E-09   9.51500712749960E-08
 52   32     7.32603985711243E-10   6.15387347997444E-08
 53   32     1.76384739928027E-11   1.49927028938823E-09
 54   32     2.84102566037161E-10   2.44328206791959E-08
 55   32     1.14525656754745E-15   9.96373213766279E-14
 56   32     1.08573765545801E-15   9.55449136803051E-14
 57   32     1.68656799451750E-22   1.50104551512058E-20
 58   32     1.00000000000000E-99   1.00000000000000E-99
 59   32     1.00000000000000E-99   1.00000000000000E-99
 60   32     1.00000000000000E-99   1.00000000000000E-99
 61   32     1.00000000000000E-99   1.00000000000000E-99
 62   32     1.00000000000000E-99   1.00000000000000E-99
 63   32     1.00000000000000E-99   1.00000000000000E-99
 64   32     1.00000000000000E-99   1.00000000000000E-99
 65   32     1.00000000000000E-99   1.00000000000000E-99
 66   32     1.00000000000000E-99   1.00000000000000E-99
 67   32     1.00000000000000E-99   1.00000000000000E-99
 68   32     1.00000000000000E-99   1.00000000000000E-99
 69   32     1.00000000000000E-99   1.00000000000000E-99
 70   32     1.00000000000000E-99   1.00000000000000E-99
 71   32     1.00000000000000E-99   1.00000000000000E-99
 72   32     1.00000000000000E-99   1.00000000000000E-99
 73   32     1.00000000000000E-99   1.00000000000000E-99
 74   32     1.00000000000000E-99   1.00000000000000E-99
 75   32     1.00000000000000E-99   1.00000000000000E-99
 76   32     1.00000000000000E-99   1.00000000000000E-99
 77   32     1.00000000000000E-99   1.00000000000000E-99
 78   32     1.00000000000000E-99   1.00000000000000E-99
 79   32     1.00000000000000E-99   1.00000000000000E-99
 80   32     1.00000000000000E-99   1.00000000000000E-99
 24   33     1.00000000000000E-99   1.00000000000000E-99
 25   33     1.00000000000000E-99   1.00000000000000E-99
 26   33     1.00000000000000E-99   1.00000000000000E-99
 27   33     1.00000000000000E-99   1.00000000000000E-99
 28   33     1.00000000000000E-99   1.00000000000000E-99
 29   33     1.00000000000000E-99   1.00000000000000E-99
 30   33     1.00000000000000E-99   1.00000000000000E-99
 31   33     1.00000000000000E-99   1.00000000000000E-99
 32   33     1.00000000000000E-99   1.00000000000000E-99
 33   33     1.00000000000000E-99   1.00000000000000E-99
 34   33     1.00000000000000E-99   1.00000000000000E-99
 35   33     1.00000000000000E-99   1.00000000000000E-99
 36   33     1.00000000000000E-99   1.00000000000000E-99
 37   33     1.00000000000000E-99   1.00000000000000E-99
 38   33     1.00000000000000E-99   1.00000000000000E-99
 39   33     1.00000000000000E-99   1.00000000000000E-99
 40   33     1.00000000000000E-99   1.00000000000000E-99
 41   33     1.00000000000000E-99   1.00000000000000E-99
 42   33     1.25857266107454E-15   9.43929495805908E-14
 43   33     7.36693093079742E-17   5.59886750740604E-15
 44   33     3.66208263192981E-14   2.81980362658595E-12
 45   33     1.07495188537770E-12   8.38462470594605E-11
 46   33     8.31271861902097E-10   6.56704770902657E-08
 47   33     2.00430006946079E-10   1.60344005556863E-08
 48   33     1.19064208999232E-09   9.64420092893778E-08
 49   33     1.53552765247303E-09   1.25913267502789E-07
 50   33     3.04063204762871E-09   2.52372459953183E-07
 51   33     3.84344577848938E-09   3.22849445393108E-07
 52   33     1.07412274131599E-09   9.13004330118590E-08
 53   33     1.72612852467116E-09   1.48447053121720E-07
 54   33     6.46725333288762E-11   5.62651039961223E-09
 55   33     1.14678380692629E-11   1.00916975009513E-09
 56   33     5.89344432665331E-14   5.24516545072145E-12
 57   33     2.55966358608878E-19   2.30369722747990E-17
 58   33     2.43238576924662E-23   2.21347105001443E-21
 59   33     1.00000000000000E-99   1.00000000000000E-99
 60   33     1.00000000000000E-99   1.00000000000000E-99
 61   33     1.00000000000000E-99   1.00000000000000E-99
 62   33     1.00000000000000E-99   1.00000000000000E-99
 63   33     1.00000000000000E-99   1.00000000000000E-99
 64   33     1.00000000000000E-99   1.00000000000000E-99
 65   33     1.00000000000000E-99   1.00000000000000E-99
 66   33     1.00000000000000E-99   1.00000000000000E-99
 67   33     1.00000000000000E-99   1.00000000000000E-99
 68   33     1.00000000000000E-99   1.00000000000000E-99
 69   33     1.00000000000000E-99   1.00000000000000E-99
 70   33     1.00000000000000E-99   1.00000000000000E-99
 71   33     1.00000000000000E-99   1.00000000000000E-99
 72   33     1.00000000000000E-99   1.00000000000000E-99
 73   33     1.00000000000000E-99   1.00000000000000E-99
 74   33     1.00000000000000E-99   1.00000000000000E-99
 75   33     1.00000000000000E-99   1.00000000000000E-99
 76   33     1.00000000000000E-99   1.00000000000000E-99
 77   33     1.00000000000000E-99   1.00000000000000E-99
 78   33     1.00000000000000E-99   1.00000000000000E-99
 79   33     1.00000000000000E-99   1.00000000000000E-99
 80   33     1.00000000000000E-99   1.00000000000000E-99
 81   33     1.00000000000000E-99   1.00000000000000E-99
 82   33     1.00000000000000E-99   1.00000000000000E-99
 25   34     1.00000000000000E-99   1.00000000000000E-99
 26   34     1.00000000000000E-99   1.00000000000000E-99
 27   34     1.00000000000000E-99   1.00000000000000E-99
 28   34     1.00000000000000E-99   1.00000000000000E-99
 29   34     1.00000000000000E-99   1.00000000000000E-99
 30   34     1.00000000000000E-99   1.00000000000000E-99
 31   34     1.00000000000000E-99   1.00000000000000E-99
 32   34     1.00000000000000E-99   1.00000000000000E-99
 33   34     1.00000000000000E-99   1.00000000000000E-99
 34   34     1.00000000000000E-99   1.00000000000000E-99
 35   34     1.00000000000000E-99   1.00000000000000E-99
 36   34     1.00000000000000E-99   1.00000000000000E-99
 37   34     1.00000000000000E-99   1.00000000000000E-99
 38   34     1.00000000000000E-99   1.00000000000000E-99
 39   34     1.00000000000000E-99   1.00000000000000E-99
 40   34     1.00000000000000E-99   1.00000000000000E-99
 41   34     1.00000000000000E-99   1.00000000000000E-99
 42   34     4.56491385384252E-22   3.46933452892031E-20
 43   34     1.33877058467141E-19   1.03085335019699E-17
 44   34     1.11926603391660E-16   8.73027506454946E-15
 45   34     9.52528437728006E-13   7.52497465805125E-11
 46   34     1.00630596646151E-11   8.05044773169209E-10
 47   34     3.05613564054902E-11   2.47546986884471E-09
 48   34     8.27124032447190E-11   6.78241706606695E-09
 49   34     3.18289389570151E-10   2.64180193343225E-08
 50   34     2.53186274957352E-09   2.12676470964176E-07
 51   34     2.51781047287920E-09   2.14013890194732E-07
 52   34     5.47756032029507E-09   4.71070187545376E-07
 53   34     2.31923737134185E-09   2.01773651306741E-07
 54   34     1.09981680748601E-09   9.67838790587688E-08
 55   34     1.19059623564712E-12   1.05963064972594E-10
 56   34     8.26400960102747E-11   7.43760864092472E-09
 57   34     3.80918068156782E-14   3.46635442022672E-12
 58   34     7.62537812309862E-17   7.01534787325073E-15
 59   34     7.03885986809797E-23   6.54613967733111E-21
 60   34     1.00000000000000E-99   1.00000000000000E-99
 61   34     1.00000000000000E-99   1.00000000000000E-99
 62   34     1.00000000000000E-99   1.00000000000000E-99
 63   34     1.00000000000000E-99   1.00000000000000E-99
 64   34     1.00000000000000E-99   1.00000000000000E-99
 65   34     1.00000000000000E-99   1.00000000000000E-99
 66   34     1.00000000000000E-99   1.00000000000000E-99
 67   34     1.00000000000000E-99   1.00000000000000E-99
 68   34     1.00000000000000E-99   1.00000000000000E-99
 69   34     1.00000000000000E-99   1.00000000000000E-99
 70   34     1.00000000000000E-99   1.00000000000000E-99
 71   34     1.00000000000000E-99   1.00000000000000E-99
 72   34     1.00000000000000E-99   1.00000000000000E-99
 73   34     1.00000000000000E-99   1.00000000000000E-99
 74   34     1.00000000000000E-99   1.00000000000000E-99
 75   34     1.00000000000000E-99   1.00000000000000E-99
 76   34     1.00000000000000E-99   1.00000000000000E-99
 77   34     1.00000000000000E-99   1.00000000000000E-99
 78   34     1.00000000000000E-99   1.00000000000000E-99
 79   34     1.00000000000000E-99   1.00000000000000E-99
 80   34     1.00000000000000E-99   1.00000000000000E-99
 81   34     1.00000000000000E-99   1.00000000000000E-99
 82   34     1.00000000000000E-99   1.00000000000000E-99
 83   34     1.00000000000000E-99   1.00000000000000E-99
 84   34     1.00000000000000E-99   1.00000000000000E-99
 26   35     1.00000000000000E-99   1.00000000000000E-99
 27   35     1.00000000000000E-99   1.00000000000000E-99
 28   35     1.00000000000000E-99   1.00000000000000E-99
 29   35     1.00000000000000E-99   1.00000000000000E-99
 30   35     1.00000000000000E-99   1.00000000000000E-99
 31   35     1.00000000000000E-99   1.00000000000000E-99
 32   35     1.00000000000000E-99   1.00000000000000E-99
 33   35     1.00000000000000E-99   1.00000000000000E-99
 34   35     1.00000000000000E-99   1.00000000000000E-99
 35   35     1.00000000000000E-99   1.00000000000000E-99
 36   35     1.00000000000000E-99   1.00000000000000E-99
 37   35     1.00000000000000E-99   1.00000000000000E-99
 38   35     1.00000000000000E-99   1.00000000000000E-99
 39   35     1.00000000000000E-99   1.00000000000000E-99
 40   35     1.00000000000000E-99   1.00000000000000E-99
 41   35     1.00000000000000E-99   1.00000000000000E-99
 42   35     1.00000000000000E-99   1.00000000000000E-99
 43   35     1.00000000000000E-99   1.00000000000000E-99
 44   35     1.00000000000000E-99   1.00000000000000E-99
 45   35     1.00000000000000E-99   1.00000000000000E-99
 46   35     1.60945128158639E-14   1.30365553808497E-12
 47   35     6.81773277630883E-16   5.59054087657324E-14
 48   35     1.91726156620519E-13   1.59132709995031E-11
 49   35     1.20506985835608E-11   1.01225868101911E-09
 50   35     9.44856433375618E-11   8.03127968369275E-09
 51   35     4.93547450757632E-10   4.24450807651563E-08
 52   35     8.45735621341569E-10   7.35789990567165E-08
 53   35     2.30187352651774E-09   2.02564870333561E-07
 54   35     5.24276713559453E-10   4.66606275067913E-08
 55   35     7.29641807528737E-10   6.56677626775863E-08
 56   35     2.33108917310988E-11   2.12129114752999E-09
 57   35     1.24533076908577E-12   1.14570430755891E-10
 58   35     1.57709905980281E-15   1.46670212561661E-13
 59   35     1.38146548512637E-19   1.29857755601878E-17
 60   35     7.66984193092613E-23   7.28634983437982E-21
 61   35     1.00000000000000E-99   1.00000000000000E-99
 62   35     1.00000000000000E-99   1.00000000000000E-99
 63   35     1.00000000000000E-99   1.00000000000000E-99
 64   35     1.00000000000000E-99   1.00000000000000E-99
 65   35     1.00000000000000E-99   1.00000000000000E-99
 66   35     1.00000000000000E-99   1.00000000000000E-99
 67   35     1.00000000000000E-99   1.00000000000000E-99
 68   35     1.00000000000000E-99   1.00000000000000E-99
 69   35     1.00000000000000E-99   1.00000000000000E-99
 70   35     1.00000000000000E-99   1.00000000000000E-99
 71   35     1.00000000000000E-99   1.00000000000000E-99
 72   35     1.00000000000000E-99   1.00000000000000E-99
 73   35     1.00000000000000E-99   1.00000000000000E-99
 74   35     1.00000000000000E-99   1.00000000000000E-99
 75   35     1.00000000000000E-99   1.00000000000000E-99
 76   35     1.00000000000000E-99   1.00000000000000E-99
 77   35     1.00000000000000E-99   1.00000000000000E-99
 78   35     1.00000000000000E-99   1.00000000000000E-99
 79   35     1.00000000000000E-99   1.00000000000000E-99
 80   35     1.00000000000000E-99   1.00000000000000E-99
 81   35     1.00000000000000E-99   1.00000000000000E-99
 82   35     1.00000000000000E-99   1.00000000000000E-99
 83   35     1.00000000000000E-99   1.00000000000000E-99
 84   35     1.00000000000000E-99   1.00000000000000E-99
 85   35     1.00000000000000E-99   1.00000000000000E-99
 86   35     1.00000000000000E-99   1.00000000000000E-99
 27   36     1.00000000000000E-99   1.00000000000000E-99
 28   36     1.00000000000000E-99   1.00000000000000E-99
 29   36     1.00000000000000E-99   1.00000000000000E-99
 30   36     1.00000000000000E-99   1.00000000000000E-99
 31   36     1.00000000000000E-99   1.00000000000000E-99
 32   36     1.00000000000000E-99   1.00000000000000E-99
 33   36     1.00000000000000E-99   1.00000000000000E-99
 34   36     1.00000000000000E-99   1.00000000000000E-99
 35   36     1.00000000000000E-99   1.00000000000000E-99
 36   36     1.00000000000000E-99   1.00000000000000E-99
 37   36     1.00000000000000E-99   1.00000000000000E-99
 38   36     1.00000000000000E-99   1.00000000000000E-99
 39   36     1.00000000000000E-99   1.00000000000000E-99
 40   36     1.00000000000000E-99   1.00000000000000E-99
 41   36     1.00000000000000E-99   1.00000000000000E-99
 42   36     1.00000000000000E-99   1.00000000000000E-99
 43   36     1.00000000000000E-99   1.00000000000000E-99
 44   36     1.00000000000000E-99   1.00000000000000E-99
 45   36     1.00000000000000E-99   1.00000000000000E-99
 46   36     3.40015300836538E-21   2.78812546685961E-19
 47   36     1.24895937019886E-17   1.03663627726505E-15
 48   36     4.10390268318733E-15   3.44727825387736E-13
 49   36     4.11007284496537E-13   3.49356191822056E-11
 50   36     7.53814826497901E-12   6.48280750788195E-10
 51   36     2.59498804904592E-11   2.25763960266995E-09
 52   36     1.96876482216857E-10   1.73251304350834E-08
 53   36     4.52840710196898E-10   4.03028232075240E-08
 54   36     8.45684249021070E-10   7.61115824118963E-08
 55   36     7.31108649047526E-10   6.65308870633248E-08
 56   36     7.04613859966059E-10   6.48244751168774E-08
 57   36     1.37530807797531E-10   1.27903651251704E-08
 58   36     1.69633086336765E-13   1.59455101156559E-11
 59   36     1.25485310929673E-17   1.19211045383189E-15
 60   36     6.63182043159617E-21   6.36654761433233E-19
 61   36     3.89027356826480E-25   3.77356536121686E-23
 62   36     1.00000000000000E-99   1.00000000000000E-99
 63   36     1.00000000000000E-99   1.00000000000000E-99
 64   36     1.00000000000000E-99   1.00000000000000E-99
 65   36     1.00000000000000E-99   1.00000000000000E-99
 66   36     1.00000000000000E-99   1.00000000000000E-99
 67   36     1.00000000000000E-99   1.00000000000000E-99
 68   36     1.00000000000000E-99   1.00000000000000E-99
 69   36     1.00000000000000E-99   1.00000000000000E-99
 70   36     1.00000000000000E-99   1.00000000000000E-99
 71   36     1.00000000000000E-99   1.00000000000000E-99
 72   36     1.00000000000000E-99   1.00000000000000E-99
 73   36     1.00000000000000E-99   1.00000000000000E-99
 74   36     1.00000000000000E-99   1.00000000000000E-99
 75   36     1.00000000000000E-99   1.00000000000000E-99
 76   36     1.00000000000000E-99   1.00000000000000E-99
 77   36     1.00000000000000E-99   1.00000000000000E-99
 78   36     1.00000000000000E-99   1.00000000000000E-99
 79   36     1.00000000000000E-99   1.00000000000000E-99
 80   36     1.00000000000000E-99   1.00000000000000E-99
 81   36     1.00000000000000E-99   1.00000000000000E-99
 82   36     1.00000000000000E-99   1.00000000000000E-99
 83   36     1.00000000000000E-99   1.00000000000000E-99
 84   36     1.00000000000000E-99   1.00000000000000E-99
 85   36     1.00000000000000E-99   1.00000000000000E-99
 86   36     1.00000000000000E-99   1.00000000000000E-99
 87   36     1.00000000000000E-99   1.00000000000000E-99
 88   36     1.00000000000000E-99   1.00000000000000E-99
 29   37     1.00000000000000E-99   1.00000000000000E-99
 30   37     1.00000000000000E-99   1.00000000000000E-99
 31   37     1.00000000000000E-99   1.00000000000000E-99
 32   37     1.00000000000000E-99   1.00000000000000E-99
 33   37     1.00000000000000E-99   1.00000000000000E-99
 34   37     1.00000000000000E-99   1.00000000000000E-99
 35   37     1.00000000000000E-99   1.00000000000000E-99
 36   37     1.00000000000000E-99   1.00000000000000E-99
 37   37     1.00000000000000E-99   1.00000000000000E-99
 38   37     1.00000000000000E-99   1.00000000000000E-99
 39   37     1.00000000000000E-99   1.00000000000000E-99
 40   37     1.00000000000000E-99   1.00000000000000E-99
 41   37     1.00000000000000E-99   1.00000000000000E-99
 42   37     1.00000000000000E-99   1.00000000000000E-99
 43   37     1.00000000000000E-99   1.00000000000000E-99
 44   37     1.00000000000000E-99   1.00000000000000E-99
 45   37     1.00000000000000E-99   1.00000000000000E-99
 46   37     1.00000000000000E-99   1.00000000000000E-99
 47   37     1.00000000000000E-99   1.00000000000000E-99
 48   37     6.52447002724496E-22   5.54579952315822E-20
 49   37     2.35332521240884E-23   2.02385968267160E-21
 50   37     4.00811491798540E-15   3.48705997864729E-13
 51   37     1.49481148360740E-14   1.31543410557451E-12
 52   37     2.42219670925993E-12   2.15575507124134E-10
 53   37     2.89646478023834E-11   2.60681830221451E-09
 54   37     1.52227882828565E-10   1.38527373373994E-08
 55   37     9.96051677661233E-10   9.16367543448335E-08
 56   37     6.93373858340874E-10   6.44837688257013E-08
 57   37     1.92574072586287E-10   1.81019628231110E-08
 58   37     1.80659460550992E-11   1.71626487523442E-09
 59   37     3.34242114204401E-14   3.20872429636225E-12
 60   37     4.31787377973759E-15   4.18833756634547E-13
 61   37     6.13342701481844E-18   6.01075847452207E-16
 62   37     3.24862725764482E-21   3.21614098506837E-19
 63   37     4.16241338791933E-21   4.16241338791933E-19
 64   37     5.01125684892423E-25   5.06136941741348E-23
 65   37     4.37572399393792E-22   4.46323847381668E-20
 66   37     1.00000000000000E-99   1.00000000000000E-99
 67   37     1.40677883466323E-22   1.46304998804976E-20
 68   37     1.00000000000000E-99   1.00000000000000E-99
 69   37     6.62959840499858E-24   7.02737430929849E-22
 70   37     1.00000000000000E-99   1.00000000000000E-99
 71   37     2.99303718108450E-25   3.23248015557126E-23
 72   37     1.00000000000000E-99   1.00000000000000E-99
 73   37     1.00000000000000E-99   1.00000000000000E-99
 74   37     1.00000000000000E-99   1.00000000000000E-99
 75   37     1.00000000000000E-99   1.00000000000000E-99
 76   37     1.00000000000000E-99   1.00000000000000E-99
 77   37     1.00000000000000E-99   1.00000000000000E-99
 78   37     1.00000000000000E-99   1.00000000000000E-99
 79   37     1.00000000000000E-99   1.00000000000000E-99
 80   37     1.00000000000000E-99   1.00000000000000E-99
 81   37     1.00000000000000E-99   1.00000000000000E-99
 82   37     1.00000000000000E-99   1.00000000000000E-99
 83   37     1.00000000000000E-99   1.00000000000000E-99
 84   37     1.00000000000000E-99   1.00000000000000E-99
 85   37     1.00000000000000E-99   1.00000000000000E-99
 86   37     1.00000000000000E-99   1.00000000000000E-99
 87   37     1.00000000000000E-99   1.00000000000000E-99
 88   37     1.00000000000000E-99   1.00000000000000E-99
 89   37     1.00000000000000E-99   1.00000000000000E-99
 90   37     1.00000000000000E-99   1.00000000000000E-99
 91   37     1.00000000000000E-99   1.00000000000000E-99
 30   38     1.00000000000000E-99   1.00000000000000E-99
 31   38     1.00000000000000E-99   1.00000000000000E-99
 32   38     1.00000000000000E-99   1.00000000000000E-99
 33   38     1.00000000000000E-99   1.00000000000000E-99
 34   38     1.00000000000000E-99   1.00000000000000E-99
 35   38     1.00000000000000E-99   1.00000000000000E-99
 36   38     1.00000000000000E-99   1.00000000000000E-99
 37   38     1.00000000000000E-99   1.00000000000000E-99
 38   38     1.00000000000000E-99   1.00000000000000E-99
 39   38     1.00000000000000E-99   1.00000000000000E-99
 40   38     1.00000000000000E-99   1.00000000000000E-99
 41   38     1.00000000000000E-99   1.00000000000000E-99
 42   38     1.00000000000000E-99   1.00000000000000E-99
 43   38     1.00000000000000E-99   1.00000000000000E-99
 44   38     1.00000000000000E-99   1.00000000000000E-99
 45   38     1.00000000000000E-99   1.00000000000000E-99
 46   38     1.00000000000000E-99   1.00000000000000E-99
 47   38     1.00000000000000E-99   1.00000000000000E-99
 48   38     1.00000000000000E-99   1.00000000000000E-99
 49   38     1.00000000000000E-99   1.00000000000000E-99
 50   38     8.04580566089654E-18   7.08030898158896E-16
 51   38     1.81117219247719E-15   1.61194325130470E-13
 52   38     1.33519064605143E-13   1.20167158144628E-11
 53   38     2.44591390869808E-12   2.22578165691525E-10
 54   38     2.95958786231969E-10   2.72282083333411E-08
 55   38     2.24163730530111E-10   2.08472269393003E-08
 56   38     4.58647762005208E-10   4.31128896284895E-08
 57   38     2.36160708114722E-09   2.24352672708986E-07
 58   38     2.78740584770338E-10   2.67590961379524E-08
 59   38     1.20064024420251E-11   1.16462103687643E-09
 60   38     7.20549511028050E-11   7.06138520807489E-09
 61   38     3.54561062654421E-13   3.51015452027877E-11
 62   38     3.24888409758067E-14   3.24888409758067E-12
 63   38     5.14322839701444E-18   5.19466068098458E-16
 64   38     2.54452578414399E-21   2.59541629982687E-19
 65   38     1.49438329296584E-20   1.53921479175481E-18
 66   38     2.30589057273454E-22   2.39812619564392E-20
 67   38     1.32885005111393E-21   1.39529255366962E-19
 68   38     6.48881589197542E-24   6.87814484549394E-22
 69   38     1.56444493185755E-22   1.67395607708758E-20
 70   38     2.64400313120303E-25   2.85552338169928E-23
 71   38     5.73957878683522E-24   6.25614087765039E-22
 72   38     1.00000000000000E-99   1.00000000000000E-99
 73   38     2.55344306639814E-25   2.83432180370193E-23
 74   38     1.00000000000000E-99   1.00000000000000E-99
 75   38     6.11974948693664E-25   6.91531692023840E-23
 76   38     1.00000000000000E-99   1.00000000000000E-99
 77   38     2.35592257851669E-23   2.70931096529420E-21
 78   38     1.00000000000000E-99   1.00000000000000E-99
 79   38     1.08241372939728E-23   1.26642406339482E-21
 80   38     1.00000000000000E-99   1.00000000000000E-99
 81   38     1.71676800029006E-25   2.04295392034517E-23
 82   38     1.00000000000000E-99   1.00000000000000E-99
 83   38     1.00000000000000E-99   1.00000000000000E-99
 84   38     1.00000000000000E-99   1.00000000000000E-99
 85   38     1.00000000000000E-99   1.00000000000000E-99
 86   38     1.00000000000000E-99   1.00000000000000E-99
 87   38     1.00000000000000E-99   1.00000000000000E-99
 88   38     1.00000000000000E-99   1.00000000000000E-99
 89   38     1.00000000000000E-99   1.00000000000000E-99
 90   38     1.00000000000000E-99   1.00000000000000E-99
 91   38     1.00000000000000E-99   1.00000000000000E-99
 92   38     1.00000000000000E-99   1.00000000000000E-99
 93   38     1.00000000000000E-99   1.00000000000000E-99
 31   39     1.00000000000000E-99   1.00000000000000E-99
 32   39     1.00000000000000E-99   1.00000000000000E-99
 33   39     1.00000000000000E-99   1.00000000000000E-99
 34   39     1.00000000000000E-99   1.00000000000000E-99
 35   39     1.00000000000000E-99   1.00000000000000E-99
 36   39     1.00000000000000E-99   1.00000000000000E-99
 37   39     1.00000000000000E-99   1.00000000000000E-99
 38   39     1.00000000000000E-99   1.00000000000000E-99
 39   39     1.00000000000000E-99   1.00000000000000E-99
 40   39     1.00000000000000E-99   1.00000000000000E-99
 41   39     1.00000000000000E-99   1.00000000000000E-99
 42   39     1.00000000000000E-99   1.00000000000000E-99
 43   39     1.00000000000000E-99   1.00000000000000E-99
 44   39     1.00000000000000E-99   1.00000000000000E-99
 45   39     1.00000000000000E-99   1.00000000000000E-99
 46   39     1.00000000000000E-99   1.00000000000000E-99
 47   39     1.00000000000000E-99   1.00000000000000E-99
 48   39     1.00000000000000E-99   1.00000000000000E-99
 49   39     1.00000000000000E-99   1.00000000000000E-99
 50   39     2.11188637944142E-22   1.87957887770287E-20
 51   39     7.49111714102454E-23   6.74200542692209E-21
 52   39     4.46404680504241E-17   4.06228259258860E-15
 53   39     2.21294015172787E-14   2.03590493958964E-12
 54   39     4.54298131989021E-13   4.22497262749789E-11
 55   39     7.91683003055281E-12   7.44182022871964E-10
 56   39     1.73799218072619E-10   1.65109257168988E-08
 57   39     8.51819543571326E-10   8.17746761828473E-08
 58   39     1.19431281042494E-09   1.15848342611219E-07
 59   39     1.26814573457992E-10   1.24278281988832E-08
 60   39     5.04737103419304E-10   4.99689732385111E-08
 61   39     7.36002243737569E-11   7.36002243737569E-09
 62   39     1.43985700287524E-11   1.45425557290399E-09
 63   39     1.03839113323444E-13   1.05915895589913E-11
 64   39     1.38136380045590E-13   1.42280471446958E-11
 65   39     1.54373985846478E-13   1.60548945280337E-11
 66   39     9.77916224029374E-17   1.02681203523084E-14
 67   39     2.69233464578622E-15   2.85387472453340E-13
 68   39     5.28983245590690E-19   5.66012072782039E-17
 69   39     5.29780995932614E-16   5.72163475607223E-14
 70   39     1.22567304402968E-20   1.33598361799235E-18
 71   39     8.19744567278223E-17   9.01719024006045E-15
 72   39     5.68917684907262E-22   6.31498630247060E-20
 73   39     2.48225697363133E-18   2.78012781046709E-16
 74   39     3.31610269624340E-23   3.74719604675504E-21
 75   39     2.60861924206189E-17   2.97382593595055E-15
 76   39     1.64287412110503E-22   1.88930523927079E-20
 77   39     3.26171383068643E-16   3.78358804359626E-14
 78   39     2.12320406260660E-22   2.48414875324972E-20
 79   39     6.40569323822769E-16   7.55871802110867E-14
 80   39     2.79605555722135E-22   3.32730611309341E-20
 81   39     5.20067813606184E-17   6.24081376327420E-15
 82   39     4.41789196973978E-20   5.34564928338514E-18
 83   39     6.96148187936243E-24   8.49300789282217E-22
 84   39     3.77224152866668E-21   4.63985708026001E-19
 85   39     1.27888492960500E-22   1.58581731271020E-20
 86   39     1.00000000000000E-99   1.00000000000000E-99
 87   39     1.00000000000000E-99   1.00000000000000E-99
 88   39     1.00000000000000E-99   1.00000000000000E-99
 89   39     1.00000000000000E-99   1.00000000000000E-99
 90   39     1.00000000000000E-99   1.00000000000000E-99
 91   39     1.00000000000000E-99   1.00000000000000E-99
 92   39     1.00000000000000E-99   1.00000000000000E-99
 93   39     1.00000000000000E-99   1.00000000000000E-99
 94   39     1.00000000000000E-99   1.00000000000000E-99
 95   39     1.00000000000000E-99   1.00000000000000E-99
 32   40     1.00000000000000E-99   1.00000000000000E-99
 33   40     1.00000000000000E-99   1.00000000000000E-99
 34   40     1.00000000000000E-99   1.00000000000000E-99
 35   40     1.00000000000000E-99   1.00000000000000E-99
 36   40     1.00000000000000E-99   1.00000000000000E-99
 37   40     1.00000000000000E-99   1.00000000000000E-99
 38   40     1.00000000000000E-99   1.00000000000000E-99
 39   40     1.00000000000000E-99   1.00000000000000E-99
 40   40     1.00000000000000E-99   1.00000000000000E-99
 41   40     1.00000000000000E-99   1.00000000000000E-99
 42   40     1.00000000000000E-99   1.00000000000000E-99
 43   40     1.00000000000000E-99   1.00000000000000E-99
 44   40     1.00000000000000E-99   1.00000000000000E-99
 45   40     1.00000000000000E-99   1.00000000000000E-99
 46   40     1.00000000000000E-99   1.00000000000000E-99
 47   40     1.00000000000000E-99   1.00000000000000E-99
 48   40     1.00000000000000E-99   1.00000000000000E-99
 49   40     1.00000000000000E-99   1.00000000000000E-99
 50   40     1.00000000000000E-99   1.00000000000000E-99
 51   40     1.00000000000000E-99   1.00000000000000E-99
 52   40     9.52676907446392E-19   8.76462754850681E-17
 53   40     7.78772968785667E-18   7.24258860970670E-16
 54   40     5.70840078080636E-15   5.36589673395798E-13
 55   40     2.54757583050247E-13   2.42019703897734E-11
 56   40     2.12904836724432E-10   2.04388643255455E-08
 57   40     6.72120587370585E-10   6.51956969749467E-08
 58   40     8.17815226359612E-10   8.01458921832420E-08
 59   40     7.13319672403210E-10   7.06186475679178E-08
 60   40     8.39366344698074E-10   8.39366344698074E-08
 61   40     4.99644670885506E-10   5.04641117594361E-08
 62   40     5.63798926270329E-10   5.75074904795735E-08
 63   40     3.16639286508872E-10   3.26138465104139E-08
 64   40     1.41050859001189E-10   1.46692893361236E-08
 65   40     2.63941889835310E-11   2.77138984327076E-09
 66   40     5.74505697077729E-14   6.08976038902393E-12
 67   40     9.21975144461631E-15   9.86513404573945E-13
 68   40     9.65422207980694E-16   1.04265598461915E-13
 69   40     2.73955798103994E-16   2.98611819933353E-14
 70   40     8.42969422133089E-17   9.27266364346398E-15
 71   40     4.12712715718979E-16   4.58111114448066E-14
 72   40     1.34956268628343E-16   1.51151020863744E-14
 73   40     2.92454535392386E-16   3.30473624993396E-14
 74   40     7.31787354794592E-16   8.34237584465835E-14
 75   40     7.61016707977083E-16   8.75169214173646E-14
 76   40     1.55684886253999E-15   1.80594468054639E-13
 77   40     8.87975401117557E-13   1.03893121930754E-10
 78   40     9.32613520719658E-17   1.10048395444920E-14
 79   40     1.98094273150461E-12   2.35732185049049E-10
 80   40     6.16018101312663E-19   7.39221721575195E-17
 81   40     1.52300971781188E-13   1.84284175855237E-11
 82   40     1.91292359619921E-16   2.33376678736304E-14
 83   40     2.24637723730368E-20   2.76304400188352E-18
 84   40     1.00000000000000E-99   1.00000000000000E-99
 85   40     1.00000000000000E-99   1.00000000000000E-99
 86   40     1.00000000000000E-99   1.00000000000000E-99
 87   40     1.00000000000000E-99   1.00000000000000E-99
 88   40     1.00000000000000E-99   1.00000000000000E-99
 89   40     1.00000000000000E-99   1.00000000000000E-99
 90   40     1.00000000000000E-99   1.00000000000000E-99
 91   40     1.00000000000000E-99   1.00000000000000E-99
 92   40     1.00000000000000E-99   1.00000000000000E-99
 93   40     1.00000000000000E-99   1.00000000000000E-99
 94   40     1.00000000000000E-99   1.00000000000000E-99
 95   40     1.00000000000000E-99   1.00000000000000E-99
 96   40     1.00000000000000E-99   1.00000000000000E-99
 97   40     1.00000000000000E-99   1.00000000000000E-99
 33   41     1.00000000000000E-99   1.00000000000000E-99
 34   41     1.00000000000000E-99   1.00000000000000E-99
 35   41     1.00000000000000E-99   1.00000000000000E-99
 36   41     1.00000000000000E-99   1.00000000000000E-99
 37   41     1.00000000000000E-99   1.00000000000000E-99
 38   41     1.00000000000000E-99   1.00000000000000E-99
 39   41     1.00000000000000E-99   1.00000000000000E-99
 40   41     1.00000000000000E-99   1.00000000000000E-99
 41   41     1.00000000000000E-99   1.00000000000000E-99
 42   41     1.00000000000000E-99   1.00000000000000E-99
 43   41     1.00000000000000E-99   1.00000000000000E-99
 44   41     1.00000000000000E-99   1.00000000000000E-99
 45   41     1.00000000000000E-99   1.00000000000000E-99
 46   41     1.00000000000000E-99   1.00000000000000E-99
 47   41     1.00000000000000E-99   1.00000000000000E-99
 48   41     1.00000000000000E-99   1.00000000000000E-99
 49   41     1.00000000000000E-99   1.00000000000000E-99
 50   41     1.00000000000000E-99   1.00000000000000E-99
 51   41     1.00000000000000E-99   1.00000000000000E-99
 52   41     1.00000000000000E-99   1.00000000000000E-99
 53   41     1.00000000000000E-99   1.00000000000000E-99
 54   41     2.74288074942711E-20   2.60573671195576E-18
 55   41     6.19067712426826E-19   5.94305003929753E-17
 56   41     1.00106710749378E-14   9.71035094268970E-13
 57   41     2.07716632759331E-11   2.03562300104144E-09
 58   41     4.23526479156858E-10   4.19291214365290E-08
 59   41     1.16778287763239E-10   1.16778287763239E-08
 60   41     4.01120302216395E-10   4.05131505238559E-08
 61   41     3.18645068916475E-10   3.25017970294804E-08
 62   41     5.50433143521293E-10   5.66946137826931E-08
 63   41     5.73852799716221E-10   5.96806911704870E-08
 64   41     8.88293788280297E-10   9.32708477694312E-08
 65   41     8.05628653014266E-11   8.53966372195122E-09
 66   41     3.56623494340854E-12   3.81587138944714E-10
 67   41     8.02888664358351E-14   8.67119757507019E-12
 68   41     8.92253361694421E-16   9.72556164246919E-14
 69   41     2.07852362039663E-14   2.28637598243629E-12
 70   41     4.49881194387145E-16   4.99368125769731E-14
 71   41     4.97742645390986E-13   5.57471762837904E-11
 72   41     1.53692057262285E-15   1.73672024706382E-13
 73   41     3.13209521857409E-12   3.57058854917446E-10
 74   41     5.63197115711451E-14   6.47676683068169E-12
 75   41     6.09768107423958E-12   7.07331004611791E-10
 76   41     3.68855930666540E-13   4.31561438879852E-11
 77   41     9.79319583673052E-10   1.15559710873420E-07
 78   41     3.32841342371691E-13   3.96081197422313E-11
 79   41     4.33398091767571E-09   5.20077710121085E-07
 80   41     1.72695528574979E-14   2.08961589575724E-12
 81   41     3.83050529044109E-09   4.67321645433813E-07
 82   41     7.55731433793543E-11   9.29549663566058E-09
 83   41     2.11250355692056E-13   2.61950441058150E-11
 84   41     1.10227322389504E-21   1.37784152986880E-19
 85   41     1.00000000000000E-99   1.00000000000000E-99
 86   41     1.00000000000000E-99   1.00000000000000E-99
 87   41     1.00000000000000E-99   1.00000000000000E-99
 88   41     1.00000000000000E-99   1.00000000000000E-99
 89   41     1.00000000000000E-99   1.00000000000000E-99
 90   41     1.00000000000000E-99   1.00000000000000E-99
 91   41     1.00000000000000E-99   1.00000000000000E-99
 92   41     1.00000000000000E-99   1.00000000000000E-99
 93   41     1.00000000000000E-99   1.00000000000000E-99
 94   41     4.43804529923869E-22   5.99136115397223E-20
 95   41     3.90467177141821E-23   5.31035360912877E-21
 96   41     1.00000000000000E-99   1.00000000000000E-99
 97   41     1.00000000000000E-99   1.00000000000000E-99
 98   41     1.00000000000000E-99   1.00000000000000E-99
 99   41     1.00000000000000E-99   1.00000000000000E-99
 35   42     1.00000000000000E-99   1.00000000000000E-99
 36   42     1.00000000000000E-99   1.00000000000000E-99
 37   42     1.00000000000000E-99   1.00000000000000E-99
 38   42     1.00000000000000E-99   1.00000000000000E-99
 39   42     1.00000000000000E-99   1.00000000000000E-99
 40   42     1.00000000000000E-99   1.00000000000000E-99
 41   42     1.00000000000000E-99   1.00000000000000E-99
 42   42     1.00000000000000E-99   1.00000000000000E-99
 43   42     1.00000000000000E-99   1.00000000000000E-99
 44   42     1.00000000000000E-99   1.00000000000000E-99
 45   42     1.00000000000000E-99   1.00000000000000E-99
 46   42     1.00000000000000E-99   1.00000000000000E-99
 47   42     1.00000000000000E-99   1.00000000000000E-99
 48   42     1.00000000000000E-99   1.00000000000000E-99
 49   42     1.00000000000000E-99   1.00000000000000E-99
 50   42     1.00000000000000E-99   1.00000000000000E-99
 51   42     1.00000000000000E-99   1.00000000000000E-99
 52   42     1.00000000000000E-99   1.00000000000000E-99
 53   42     1.00000000000000E-99   1.00000000000000E-99
 54   42     1.00000000000000E-99   1.00000000000000E-99
 55   42     1.36987377563377E-18   1.32877756236476E-16
 56   42     4.88054311182101E-12   4.78293224958459E-10
 57   42     2.07069769557602E-11   2.04999071862026E-09
 58   42     7.31626011457234E-11   7.31626011457234E-09
 59   42     5.49615407317378E-11   5.55111561390552E-09
 60   42     8.06149452941731E-11   8.22272442000565E-09
 61   42     5.60816717896842E-10   5.77641219433747E-08
 62   42     2.33606525286657E-10   2.42950786298123E-08
 63   42     5.87578048683216E-10   6.16956951117376E-08
 64   42     6.25952989287234E-10   6.63510168644468E-08
 65   42     7.48481851537892E-10   8.00875581145544E-08
 66   42     2.45980838173885E-10   2.65659305227796E-08
 67   42     5.51398026610038E-11   6.01023849004941E-09
 68   42     2.63025197345944E-12   2.89327717080539E-10
 69   42     2.16888648266920E-12   2.40746399576281E-10
 70   42     1.06726472765986E-12   1.19533649497904E-10
 71   42     5.88907855512106E-12   6.65465876728679E-10
 72   42     5.16801808942766E-12   5.89154062194753E-10
 73   42     1.44630887718463E-11   1.66325520876232E-09
 74   42     5.25914678403054E-10   6.10061026947542E-08
 75   42     2.46175723540245E-09   2.88025596542087E-07
 76   42     5.63427993188448E-09   6.64845031962368E-07
 77   42     1.85440957006121E-08   2.20674738837284E-06
 78   42     4.13974285196769E-09   4.96769142236123E-07
 79   42     3.01118430979466E-08   3.64353301485154E-06
 80   42     1.46269223209419E-10   1.78448452315491E-08
 81   42     1.01877611419592E-07   1.25309462046098E-05
 82   42     7.66922381901071E-12   9.50983753557328E-10
 83   42     1.50889340186712E-24   1.88611675233390E-22
 84   42     1.00000000000000E-99   1.00000000000000E-99
 85   42     1.00000000000000E-99   1.00000000000000E-99
 86   42     1.00000000000000E-99   1.00000000000000E-99
 87   42     1.00000000000000E-99   1.00000000000000E-99
 88   42     1.00000000000000E-99   1.00000000000000E-99
 89   42     1.00000000000000E-99   1.00000000000000E-99
 90   42     8.72874243098716E-22   1.15219400089031E-19
 91   42     4.00817233931445E-25   5.33086921128822E-23
 92   42     7.14490274477348E-23   9.57416967799646E-21
 93   42     1.00000000000000E-99   1.00000000000000E-99
 94   42     8.46328701171527E-16   1.15100703359328E-13
 95   42     7.53187390628781E-17   1.03186672516143E-14
 96   42     4.70498629086869E-22   6.49288108139879E-20
 97   42     4.63792064644013E-23   6.44670969855178E-21
 98   42     1.00000000000000E-99   1.00000000000000E-99
 99   42     1.00000000000000E-99   1.00000000000000E-99
100   42     1.00000000000000E-99   1.00000000000000E-99
101   42     1.00000000000000E-99   1.00000000000000E-99
102   42     1.00000000000000E-99   1.00000000000000E-99
 36   43     1.00000000000000E-99   1.00000000000000E-99
 37   43     1.00000000000000E-99   1.00000000000000E-99
 38   43     1.00000000000000E-99   1.00000000000000E-99
 39   43     1.00000000000000E-99   1.00000000000000E-99
 40   43     1.00000000000000E-99   1.00000000000000E-99
 41   43     1.00000000000000E-99   1.00000000000000E-99
 42   43     1.00000000000000E-99   1.00000000000000E-99
 43   43     1.00000000000000E-99   1.00000000000000E-99
 44   43     1.00000000000000E-99   1.00000000000000E-99
 45   43     1.00000000000000E-99   1.00000000000000E-99
 46   43     1.00000000000000E-99   1.00000000000000E-99
 47   43     1.00000000000000E-99   1.00000000000000E-99
 48   43     1.00000000000000E-99   1.00000000000000E-99
 49   43     1.00000000000000E-99   1.00000000000000E-99
 50   43     1.00000000000000E-99   1.00000000000000E-99
 51   43     1.00000000000000E-99   1.00000000000000E-99
 52   43     1.00000000000000E-99   1.00000000000000E-99
 53   43     1.00000000000000E-99   1.00000000000000E-99
 54   43     1.00000000000000E-99   1.00000000000000E-99
 55   43     1.00000000000000E-99   1.00000000000000E-99
 56   43     4.21962913159152E-17   4.17743284027560E-15
 57   43     3.81557701459278E-18   3.81557701459278E-16
 58   43     3.74259296106602E-14   3.78001889067668E-12
 59   43     6.67416938490176E-14   6.80765277259980E-12
 60   43     6.24253329144782E-12   6.42980929019125E-10
 61   43     3.05965474421450E-12   3.18204093398308E-10
 62   43     1.59379407632397E-11   1.67348378014017E-09
 63   43     7.24102564041830E-11   7.67548717884340E-09
 64   43     4.45157352603963E-10   4.76318367286241E-08
 65   43     4.21009728804660E-10   4.54690507109033E-08
 66   43     3.36449854890467E-10   3.66730341830609E-08
 67   43     1.69241288857957E-10   1.86165417743752E-08
 68   43     4.39904770480781E-11   4.88294295233667E-09
 69   43     5.41413031930680E-12   6.06382595762361E-10
 70   43     1.16841407534159E-11   1.32030790513599E-09
 71   43     7.36660380806313E-12   8.39792834119197E-10
 72   43     7.60032282249323E-11   8.74037124586722E-09
 73   43     1.05784107677765E-09   1.22709564906208E-07
 74   43     6.66308960509640E-09   7.79581483796278E-07
 75   43     1.14504380688619E-08   1.35115169212570E-06
 76   43     1.63518626212050E-08   1.94587165192339E-06
 77   43     2.46996857321086E-08   2.96396228785303E-06
 78   43     1.41117402286165E-08   1.70752056766260E-06
 79   43     7.13019494735081E-08   8.69883783576799E-06
 80   43     2.43895319887470E-10   2.99991243461588E-08
 81   43     1.19331850393619E-08   1.47971494488088E-06
 82   43     3.34891143907435E-14   4.18613929884294E-12
 83   43     1.25065370530716E-23   1.57582366868703E-21
 84   43     1.00000000000000E-99   1.00000000000000E-99
 85   43     1.00000000000000E-99   1.00000000000000E-99
 86   43     1.78188498065156E-21   2.29863162504052E-19
 87   43     1.24960797419041E-23   1.62449036644753E-21
 88   43     1.66743739689404E-22   2.18434298993120E-20
 89   43     1.00000000000000E-99   1.00000000000000E-99
 90   43     1.15375444647390E-15   1.53449341381029E-13
 91   43     4.55730161909075E-19   6.10678416958160E-17
 92   43     1.01945071386008E-11   1.37625846371111E-09
 93   43     1.11252060557654E-15   1.51302802358409E-13
 94   43     2.64013179254913E-14   3.61698055579231E-12
 95   43     4.35823753190490E-19   6.01436779402876E-17
 96   43     1.92312681747720E-16   2.67314627629331E-14
 97   43     3.82846524217645E-20   5.35985133904703E-18
 98   43     5.48792661390649E-19   7.73797652560815E-17
 99   43     1.61800044996876E-22   2.29756063895563E-20
100   43     1.00000000000000E-99   1.00000000000000E-99
101   43     1.00000000000000E-99   1.00000000000000E-99
102   43     1.00000000000000E-99   1.00000000000000E-99
103   43     1.00000000000000E-99   1.00000000000000E-99
104   43     1.00000000000000E-99   1.00000000000000E-99
 37   44     1.00000000000000E-99   1.00000000000000E-99
 38   44     1.00000000000000E-99   1.00000000000000E-99
 39   44     1.00000000000000E-99   1.00000000000000E-99
 40   44     1.00000000000000E-99   1.00000000000000E-99
 41   44     1.00000000000000E-99   1.00000000000000E-99
 42   44     1.00000000000000E-99   1.00000000000000E-99
 43   44     1.00000000000000E-99   1.00000000000000E-99
 44   44     1.00000000000000E-99   1.00000000000000E-99
 45   44     1.00000000000000E-99   1.00000000000000E-99
 46   44     1.00000000000000E-99   1.00000000000000E-99
 47   44     1.00000000000000E-99   1.00000000000000E-99
 48   44     1.00000000000000E-99   1.00000000000000E-99
 49   44     1.00000000000000E-99   1.00000000000000E-99
 50   44     1.00000000000000E-99   1.00000000000000E-99
 51   44     1.00000000000000E-99   1.00000000000000E-99
 52   44     1.00000000000000E-99   1.00000000000000E-99
 53   44     1.00000000000000E-99   1.00000000000000E-99
 54   44     1.00000000000000E-99   1.00000000000000E-99
 55   44     1.00000000000000E-99   1.00000000000000E-99
 56   44     1.23422785346516E-19   1.23422785346516E-17
 57   44     1.88257786920952E-17   1.90140364790161E-15
 58   44     6.13618245195423E-15   6.25890610099332E-13
 59   44     6.05355647631944E-14   6.23516317060902E-12
 60   44     5.51367389253305E-15   5.73422084823437E-13
 61   44     2.13341729060573E-14   2.24008815513602E-12
 62   44     1.47291789654453E-12   1.56129297033720E-10
 63   44     1.87660138364691E-11   2.00796348050219E-09
 64   44     9.56636727086879E-11   1.03316766525383E-08
 65   44     8.98170941277931E-10   9.79006325992944E-08
 66   44     1.03792520875220E-09   1.14171772962742E-07
 67   44     1.43866599927221E-09   1.59691925919215E-07
 68   44     1.02598836881849E-09   1.14910697307671E-07
 69   44     2.78233872607015E-10   3.14404276045927E-08
 70   44     2.03302449053654E-10   2.31764791921166E-08
 71   44     1.37405625843448E-09   1.58016469719965E-07
 72   44     7.77529027658877E-09   9.01933672084298E-07
 73   44     2.04851554832472E-08   2.39676319153992E-06
 74   44     5.64518007377250E-08   6.66131248705155E-06
 75   44     1.42747402199939E-07   1.69869408617927E-05
 76   44     1.44207101614893E-07   1.73048521937872E-05
 77   44     2.38481640861932E-07   2.88562785442937E-05
 78   44     1.94495498536292E-07   2.37284508214276E-05
 79   44     1.69170428835662E-08   2.08079627467864E-06
 80   44     2.46960425247374E-08   3.06230927306744E-06
 81   44     1.87102895893266E-13   2.33878619866583E-11
 82   44     1.38206408228354E-19   1.74140074367726E-17
 83   44     3.74359569921564E-21   4.75436653800386E-19
 84   44     6.23525080557112E-22   7.98112103113104E-20
 85   44     6.66747254790724E-22   8.60103958680035E-20
 86   44     1.00987267969496E-14   1.31283448360345E-12
 87   44     4.12590068247900E-17   5.40492989404749E-15
 88   44     2.91040820903293E-11   3.84173883592346E-09
 89   44     1.15397409591281E-15   1.53478554756404E-13
 90   44     2.54656977375890E-13   3.41240349683693E-11
 91   44     5.49574424618712E-18   7.41925473235262E-16
 92   44     5.40327113277580E-10   7.34844874057509E-08
 93   44     3.13824189298492E-14   4.29939139338935E-12
 94   44     2.88141703947075E-11   3.97635551446964E-09
 95   44     1.14372992213439E-16   1.58978459176681E-14
 96   44     2.39941350044083E-11   3.35917890061716E-09
 97   44     2.29413508688473E-15   3.23473047250747E-13
 98   44     3.02309589089939E-14   4.29279616507714E-12
 99   44     8.56568232177411E-18   1.22489257201370E-15
100   44     2.98585064939071E-18   4.29962493512262E-16
101   44     3.83841105734585E-19   5.56569603315149E-17
102   44     1.36151184001194E-25   1.98780728641743E-23
103   44     6.22087404391152E-24   9.14468484454993E-22
104   44     1.00000000000000E-99   1.00000000000000E-99
105   44     1.00000000000000E-99   1.00000000000000E-99
106   44     1.00000000000000E-99   1.00000000000000E-99
 38   45     1.00000000000000E-99   1.00000000000000E-99
 39   45     1.00000000000000E-99   1.00000000000000E-99
 40   45     1.00000000000000E-99   1.00000000000000E-99
 41   45     1.00000000000000E-99   1.00000000000000E-99
 42   45     1.00000000000000E-99   1.00000000000000E-99
 43   45     1.00000000000000E-99   1.00000000000000E-99
 44   45     1.00000000000000E-99   1.00000000000000E-99
 45   45     1.00000000000000E-99   1.00000000000000E-99
 46   45     1.00000000000000E-99   1.00000000000000E-99
 47   45     1.00000000000000E-99   1.00000000000000E-99
 48   45     1.00000000000000E-99   1.00000000000000E-99
 49   45     1.00000000000000E-99   1.00000000000000E-99
 50   45     1.00000000000000E-99   1.00000000000000E-99
 51   45     1.00000000000000E-99   1.00000000000000E-99
 52   45     1.00000000000000E-99   1.00000000000000E-99
 53   45     1.00000000000000E-99   1.00000000000000E-99
 54   45     1.00000000000000E-99   1.00000000000000E-99
 55   45     1.00000000000000E-99   1.00000000000000E-99
 56   45     1.00000000000000E-99   1.00000000000000E-99
 57   45     1.00000000000000E-99   1.00000000000000E-99
 58   45     6.97507238342994E-21   7.18432455493284E-19
 59   45     5.40843134719736E-22   5.62476860108525E-20
 60   45     5.88755813337970E-19   6.18193604004868E-17
 61   45     6.54286591277038E-20   6.93543786753661E-18
 62   45     4.76847965869623E-14   5.10227323480497E-12
 63   45     1.94139709554672E-13   2.09670886319045E-11
 64   45     2.17522457825577E-11   2.37099479029879E-09
 65   45     7.04377019902154E-11   7.74814721892369E-09
 66   45     1.12537211427532E-09   1.24916304684560E-07
 67   45     7.89068040978154E-10   8.83756205895533E-08
 68   45     1.59620012084334E-09   1.80370613655298E-07
 69   45     1.33668285663089E-09   1.52381845655921E-07
 70   45     3.01355973448195E-09   3.46559369465424E-07
 71   45     2.28964597685465E-08   2.65598933315139E-06
 72   45     6.97352477126975E-08   8.15902398238561E-06
 73   45     1.39608288369986E-07   1.64737780276583E-05
 74   45     1.62211071270446E-07   1.93031174811831E-05
 75   45     2.11621345225313E-07   2.53945614270376E-05
 76   45     4.37842322385815E-07   5.29789210086836E-05
 77   45     1.44941474583399E-07   1.76828598991747E-05
 78   45     1.78326331758887E-08   2.19341388063431E-06
 79   45     1.44050726661565E-08   1.78622901060341E-06
 80   45     3.57492556595284E-12   4.46865695744105E-10
 81   45     1.10509386566285E-16   1.39241827073519E-14
 82   45     3.41497990954203E-18   4.33702448511838E-16
 83   45     6.67769152519261E-15   8.54744515224654E-13
 84   45     6.58602816400237E-16   8.49597633156306E-14
 85   45     7.57521785586051E-11   9.84778321261866E-09
 86   45     1.31468994155675E-12   1.72224382343934E-10
 87   45     2.01499808527245E-17   2.65979747255963E-15
 88   45     4.28395176487750E-12   5.69765584728708E-10
 89   45     6.71484910153234E-10   8.99789779605334E-08
 90   45     6.77653843143004E-11   9.14832688243056E-09
 91   45     4.50350722082817E-11   6.12476982032631E-09
 92   45     4.84975794129425E-12   6.64416837957312E-10
 93   45     3.78614686252409E-11   5.22488267028324E-09
 94   45     1.17446680697061E-12   1.63250886168915E-10
 95   45     2.79920831475571E-16   3.91889164065800E-14
 96   45     1.01346789239447E-15   1.42898972827621E-13
 97   45     3.55334311369889E-22   5.04574722145243E-20
 98   45     6.46110859327846E-19   9.23938528838820E-17
 99   45     1.00000000000000E-99   1.00000000000000E-99
100   45     1.03426602762966E-23   1.49968574006300E-21
101   45     1.00000000000000E-99   1.00000000000000E-99
102   45     1.00000000000000E-99   1.00000000000000E-99
103   45     1.00000000000000E-99   1.00000000000000E-99
104   45     1.00000000000000E-99   1.00000000000000E-99
105   45     1.00000000000000E-99   1.00000000000000E-99
106   45     1.00000000000000E-99   1.00000000000000E-99
107   45     1.00000000000000E-99   1.00000000000000E-99
108   45     1.00000000000000E-99   1.00000000000000E-99
 40   46     1.00000000000000E-99   1.00000000000000E-99
 41   46     1.00000000000000E-99   1.00000000000000E-99
 42   46     1.00000000000000E-99   1.00000000000000E-99
 43   46     1.00000000000000E-99   1.00000000000000E-99
 44   46     1.00000000000000E-99   1.00000000000000E-99
 45   46     1.00000000000000E-99   1.00000000000000E-99
 46   46     1.00000000000000E-99   1.00000000000000E-99
 47   46     1.00000000000000E-99   1.00000000000000E-99
 48   46     1.00000000000000E-99   1.00000000000000E-99
 49   46     1.00000000000000E-99   1.00000000000000E-99
 50   46     1.00000000000000E-99   1.00000000000000E-99
 51   46     1.00000000000000E-99   1.00000000000000E-99
 52   46     1.00000000000000E-99   1.00000000000000E-99
 53   46     1.00000000000000E-99   1.00000000000000E-99
 54   46     1.00000000000000E-99   1.00000000000000E-99
 55   46     1.00000000000000E-99   1.00000000000000E-99
 56   46     1.00000000000000E-99   1.00000000000000E-99
 57   46     1.00000000000000E-99   1.00000000000000E-99
 58   46     2.02702412791720E-24   2.10810509303389E-22
 59   46     1.00000000000000E-99   1.00000000000000E-99
 60   46     9.56178298764400E-22   1.01354899669026E-19
 61   46     1.47386192820729E-17   1.57703226318181E-15
 62   46     5.44692613831345E-15   5.88268022937852E-13
 63   46     1.39827516762853E-13   1.52411993271510E-11
 64   46     2.23699876940739E-11   2.46069864634813E-09
 65   46     8.22508998472446E-11   9.12984988304415E-09
 66   46     2.96528681737792E-10   3.32112123546327E-08
 67   46     7.35850418429748E-10   8.31510972825616E-08
 68   46     1.46922070272676E-09   1.67491160110850E-07
 69   46     2.71857150230098E-09   3.12635722764613E-07
 70   46     3.14328591747303E-08   3.64621166426872E-06
 71   46     1.83327809321183E-07   2.14493536905784E-05
 72   46     6.25707046831029E-07   7.38334315260614E-05
 73   46     8.32220826840222E-07   9.90342783939864E-05
 74   46     9.93445845334520E-07   1.19213501440142E-04
 75   46     8.85325732074148E-07   1.07124413580972E-04
 76   46     4.57770213307034E-07   5.58479660234581E-05
 77   46     6.73202091690947E-08   8.28038572779865E-06
 78   46     1.45857384753630E-08   1.80863157094501E-06
 79   46     8.23121504955311E-11   1.02890188119414E-08
 80   46     6.69278632093586E-11   8.43291076437919E-09
 81   46     9.26276078942686E-07   1.17637062025721E-04
 82   46     8.89369432684627E-08   1.13839287383632E-05
 83   46     1.38625782744891E-09   1.78827259740909E-07
 84   46     3.24024551523504E-11   4.21231916980555E-09
 85   46     1.14796653861090E-10   1.50383616558028E-08
 86   46     8.45283885513301E-09   1.11577472887756E-06
 87   46     3.23844525288249E-15   4.30713218633371E-13
 88   46     1.39248001473322E-10   1.86592321974251E-08
 89   46     1.76801475247830E-12   2.38681991584571E-10
 90   46     4.08582247439225E-10   5.55671856517346E-08
 91   46     1.51305034854734E-10   2.07287897750986E-08
 92   46     3.32780081015678E-10   4.59236511801635E-08
 93   46     1.80848950265755E-10   2.51380040869400E-08
 94   46     2.29181003478500E-10   3.20853404869900E-08
 95   46     2.82039842710188E-13   3.97676178221366E-11
 96   46     2.71006619453182E-11   3.84829399623518E-09
 97   46     3.12090852956507E-16   4.46289919727805E-14
 98   46     1.88376961656501E-13   2.71262824785362E-11
 99   46     1.14501637507268E-19   1.66027374385539E-17
100   46     5.43114823555648E-16   7.92947642391246E-14
101   46     1.98067887617502E-20   2.91159794797727E-18
102   46     8.53025490483702E-17   1.26247772591588E-14
103   46     2.80422769185379E-23   4.17829926086215E-21
104   46     9.99600775374020E-21   1.49940116306103E-18
105   46     1.00000000000000E-99   1.00000000000000E-99
106   46     1.00000000000000E-99   1.00000000000000E-99
107   46     1.00000000000000E-99   1.00000000000000E-99
108   46     1.00000000000000E-99   1.00000000000000E-99
109   46     1.00000000000000E-99   1.00000000000000E-99
110   46     1.00000000000000E-99   1.00000000000000E-99
 41   47     1.00000000000000E-99   1.00000000000000E-99
 42   47     1.00000000000000E-99   1.00000000000000E-99
 43   47     1.00000000000000E-99   1.00000000000000E-99
 44   47     1.00000000000000E-99   1.00000000000000E-99
 45   47     1.00000000000000E-99   1.00000000000000E-99
 46   47     1.00000000000000E-99   1.00000000000000E-99
 47   47     1.00000000000000E-99   1.00000000000000E-99
 48   47     1.00000000000000E-99   1.00000000000000E-99
 49   47     1.00000000000000E-99   1.00000000000000E-99
 50   47     1.00000000000000E-99   1.00000000000000E-99
 51   47     1.00000000000000E-99   1.00000000000000E-99
 52   47     1.00000000000000E-99   1.00000000000000E-99
 53   47     1.00000000000000E-99   1.00000000000000E-99
 54   47     1.00000000000000E-99   1.00000000000000E-99
 55   47     1.00000000000000E-99   1.00000000000000E-99
 56   47     1.00000000000000E-99   1.00000000000000E-99
 57   47     1.00000000000000E-99   1.00000000000000E-99
 58   47     1.00000000000000E-99   1.00000000000000E-99
 59   47     1.00000000000000E-99   1.00000000000000E-99
 60   47     1.00000000000000E-99   1.00000000000000E-99
 61   47     1.00000000000000E-99   1.00000000000000E-99
 62   47     1.14779846039533E-18   1.25110032183091E-16
 63   47     8.07626162655943E-20   8.88388778921537E-18
 64   47     3.07792844514107E-14   3.41650057410658E-12
 65   47     4.51942354272028E-15   5.06175436784672E-13
 66   47     5.49257102544975E-12   6.20660525875822E-10
 67   47     6.99675560707994E-12   7.97630139207113E-10
 68   47     6.81887260368709E-11   7.84170349424015E-09
 69   47     1.39933903973268E-09   1.62323328608991E-07
 70   47     2.86990176157887E-08   3.35778506104728E-06
 71   47     2.29353426984012E-07   2.70637043841134E-05
 72   47     5.45201331221689E-07   6.48789584153810E-05
 73   47     1.28531551468086E-06   1.54237861761703E-04
 74   47     2.29893475605778E-06   2.78171105482992E-04
 75   47     1.29541783022524E-06   1.58040975287479E-04
 76   47     1.41205237800810E-07   1.73682442494996E-05
 77   47     6.26695978303877E-08   7.77103013096807E-06
 78   47     7.05785721429042E-10   8.82232151786303E-08
 79   47     6.84297743137823E-08   8.62215156353656E-06
 80   47     4.88062520237570E-07   6.19839400701714E-05
 81   47     5.02331916060664E-07   6.42984852557650E-05
 82   47     1.11778369850612E-07   1.44194097107290E-05
 83   47     2.60877620479905E-08   3.39140906623876E-06
 84   47     6.91906760498224E-09   9.06397856252673E-07
 85   47     7.92490096381916E-09   1.04608692722413E-06
 86   47     2.26536375001265E-09   3.01293378751683E-07
 87   47     1.25569345606512E-14   1.68262923112726E-12
 88   47     3.19994992361705E-10   4.31993239688302E-08
 89   47     1.55715743753232E-10   2.11773411504396E-08
 90   47     5.17638986182001E-10   7.09165411069342E-08
 91   47     2.70403712683795E-10   3.73157123503637E-08
 92   47     6.24549363826812E-10   8.68123615719268E-08
 93   47     8.93140036204542E-11   1.25039605068636E-08
 94   47     1.83932683366043E-10   2.59345083546121E-08
 95   47     1.97114713223591E-09   2.79902892777499E-07
 96   47     1.27537137621444E-09   1.82378106798665E-07
 97   47     1.33138891421041E-10   1.91720003646299E-08
 98   47     2.57648716296975E-11   3.73590638630614E-09
 99   47     3.93411958164007E-11   5.74381458919451E-09
100   47     1.38608458268744E-13   2.03754433655053E-11
101   47     4.43553957660027E-17   6.56459857336840E-15
102   47     5.93287435926563E-16   8.83998279530579E-14
103   47     1.00000000000000E-99   1.00000000000000E-99
104   47     1.02666261456280E-23   1.55026054798983E-21
105   47     1.00000000000000E-99   1.00000000000000E-99
106   47     1.00000000000000E-99   1.00000000000000E-99
107   47     1.00000000000000E-99   1.00000000000000E-99
108   47     1.00000000000000E-99   1.00000000000000E-99
109   47     1.00000000000000E-99   1.00000000000000E-99
110   47     1.00000000000000E-99   1.00000000000000E-99
111   47     1.00000000000000E-99   1.00000000000000E-99
112   47     1.00000000000000E-99   1.00000000000000E-99
113   47     1.00000000000000E-99   1.00000000000000E-99
 42   48     1.00000000000000E-99   1.00000000000000E-99
 43   48     1.00000000000000E-99   1.00000000000000E-99
 44   48     1.00000000000000E-99   1.00000000000000E-99
 45   48     1.00000000000000E-99   1.00000000000000E-99
 46   48     1.00000000000000E-99   1.00000000000000E-99
 47   48     1.00000000000000E-99   1.00000000000000E-99
 48   48     1.00000000000000E-99   1.00000000000000E-99
 49   48     1.00000000000000E-99   1.00000000000000E-99
 50   48     1.00000000000000E-99   1.00000000000000E-99
 51   48     1.00000000000000E-99   1.00000000000000E-99
 52   48     1.00000000000000E-99   1.00000000000000E-99
 53   48     1.00000000000000E-99   1.00000000000000E-99
 54   48     1.00000000000000E-99   1.00000000000000E-99
 55   48     1.00000000000000E-99   1.00000000000000E-99
 56   48     1.00000000000000E-99   1.00000000000000E-99
 57   48     1.00000000000000E-99   1.00000000000000E-99
 58   48     1.00000000000000E-99   1.00000000000000E-99
 59   48     1.00000000000000E-99   1.00000000000000E-99
 60   48     1.00000000000000E-99   1.00000000000000E-99
 61   48     1.00000000000000E-99   1.00000000000000E-99
 62   48     1.34680826050403E-21   1.48148908655444E-19
 63   48     1.89785707336234E-20   2.10662135143219E-18
 64   48     1.94952964399735E-19   2.18347320127703E-17
 65   48     1.35756994388362E-16   1.53405403658849E-14
 66   48     8.79991470052028E-13   1.00319027585931E-10
 67   48     4.64668931510984E-14   5.34369271237632E-12
 68   48     2.51257753631859E-12   2.91458994212956E-10
 69   48     1.85418846994391E-10   2.16940050983437E-08
 70   48     3.39269769580674E-08   4.00338328105195E-06
 71   48     4.20401919300904E-07   5.00278283968076E-05
 72   48     8.14412707341359E-07   9.77295248809630E-05
 73   48     2.65518803512867E-06   3.21277752250569E-04
 74   48     2.30065594520385E-06   2.80680025314870E-04
 75   48     5.04011976632210E-07   6.19934731257619E-05
 76   48     2.31785537166166E-07   2.87414066086046E-05
 77   48     4.42432983770820E-08   5.53041229713524E-06
 78   48     7.15426878355737E-07   9.01437866728229E-05
 79   48     2.58485627019685E-06   3.28276746315000E-04
 80   48     3.31821087612906E-06   4.24730992144519E-04
 81   48     7.17956100148676E-05   9.26163369191792E-03
 82   48     2.54421164071214E-07   3.30747513292578E-05
 83   48     4.23744513659356E-08   5.55105312893756E-06
 84   48     3.44415682422249E-08   4.54628700797369E-06
 85   48     7.70528323781512E-09   1.02480267062941E-06
 86   48     1.16597957558293E-08   1.56241263128113E-06
 87   48     1.29541744796000E-08   1.74881355474601E-06
 88   48     1.41464649992963E-08   1.92391923990430E-06
 89   48     2.58377186161597E-14   3.53976745041388E-12
 90   48     1.08510240455690E-09   1.49744131828852E-07
 91   48     1.60936867338966E-12   2.23702245601163E-10
 92   48     3.02389317966591E-09   4.23345045153228E-07
 93   48     2.57310034206242E-09   3.62807148230801E-07
 94   48     1.35942848760617E-09   1.93038845240076E-07
 95   48     4.28459381936242E-10   6.12696916168827E-08
 96   48     4.60269202084608E-10   6.62787651001835E-08
 97   48     2.21922364166408E-10   3.21787428041291E-08
 98   48     9.08351706751478E-11   1.32619349185716E-08
 99   48     7.10864394215394E-12   1.04497065949663E-09
100   48     1.05931970638172E-14   1.56779316544495E-12
101   48     3.70558875756601E-18   5.52132724877335E-16
102   48     2.56141955645531E-20   3.84212933468297E-18
103   48     1.00000000000000E-99   1.00000000000000E-99
104   48     1.00000000000000E-99   1.00000000000000E-99
105   48     1.00000000000000E-99   1.00000000000000E-99
106   48     1.00000000000000E-99   1.00000000000000E-99
107   48     1.00000000000000E-99   1.00000000000000E-99
108   48     1.00000000000000E-99   1.00000000000000E-99
109   48     1.00000000000000E-99   1.00000000000000E-99
110   48     1.00000000000000E-99   1.00000000000000E-99
111   48     1.00000000000000E-99   1.00000000000000E-99
112   48     1.00000000000000E-99   1.00000000000000E-99
113   48     1.00000000000000E-99   1.00000000000000E-99
114   48     1.00000000000000E-99   1.00000000000000E-99
115   48     1.00000000000000E-99   1.00000000000000E-99
 43   49     1.00000000000000E-99   1.00000000000000E-99
 44   49     1.00000000000000E-99   1.00000000000000E-99
 45   49     1.00000000000000E-99   1.00000000000000E-99
 46   49     1.00000000000000E-99   1.00000000000000E-99
 47   49     1.00000000000000E-99   1.00000000000000E-99
 48   49     1.00000000000000E-99   1.00000000000000E-99
 49   49     1.00000000000000E-99   1.00000000000000E-99
 50   49     1.00000000000000E-99   1.00000000000000E-99
 51   49     1.00000000000000E-99   1.00000000000000E-99
 52   49     1.00000000000000E-99   1.00000000000000E-99
 53   49     1.00000000000000E-99   1.00000000000000E-99
 54   49     1.00000000000000E-99   1.00000000000000E-99
 55   49     1.00000000000000E-99   1.00000000000000E-99
 56   49     1.00000000000000E-99   1.00000000000000E-99
 57   49     1.00000000000000E-99   1.00000000000000E-99
 58   49     1.00000000000000E-99   1.00000000000000E-99
 59   49     1.00000000000000E-99   1.00000000000000E-99
 60   49     1.00000000000000E-99   1.00000000000000E-99
 61   49     1.00000000000000E-99   1.00000000000000E-99
 62   49     1.00000000000000E-99   1.00000000000000E-99
 63   49     1.00000000000000E-99   1.00000000000000E-99
 64   49     1.00000000000000E-99   1.00000000000000E-99
 65   49     1.00000000000000E-99   1.00000000000000E-99
 66   49     1.05831094854151E-19   1.21705759082274E-17
 67   49     7.85347709131828E-21   9.11003342592921E-19
 68   49     7.36814382160195E-15   8.62072827127429E-13
 69   49     4.06464668712065E-12   4.79628309080237E-10
 70   49     1.22735140661818E-09   1.46054817387564E-07
 71   49     6.55057773910518E-09   7.86069328692622E-07
 72   49     1.11779391174921E-07   1.35253063321654E-05
 73   49     1.95913832967543E-07   2.39014876220402E-05
 74   49     2.24899569744712E-07   2.76626470785995E-05
 75   49     1.19592731444322E-07   1.48294986990959E-05
 76   49     2.08455256091531E-07   2.60569070114413E-05
 77   49     2.41361658774604E-06   3.04115690056001E-04
 78   49     1.24773684686260E-05   1.58462579551551E-03
 79   49     2.98225898418713E-05   3.81729149975953E-03
 80   49     5.41556896318971E-05   6.98608396251472E-03
 81   49     1.36020611273779E-06   1.76826794655913E-04
 82   49     5.84656923804585E-07   7.65900570184006E-05
 83   49     7.23368156249128E-08   9.54845966248849E-06
 84   49     3.59388452095179E-08   4.77986641286588E-06
 85   49     1.71494912401138E-08   2.29803182617525E-06
 86   49     9.56434277943709E-09   1.29118627522401E-06
 87   49     1.31573750214320E-09   1.78940300291475E-07
 88   49     2.30991277939452E-09   3.16458050777049E-07
 89   49     1.60926161057039E-09   2.22078102258714E-07
 90   49     6.64620044024485E-09   9.23821861194035E-07
 91   49     1.23211217483449E-09   1.72495704476828E-07
 92   49     1.29181937584415E-09   1.82146531994024E-07
 93   49     2.92123164904536E-10   4.14814894164441E-08
 94   49     7.75880674311103E-10   1.10950936426488E-07
 95   49     2.49070235409666E-10   3.58661138989919E-08
 96   49     3.23566573273224E-10   4.69171531246174E-08
 97   49     6.32768585714660E-11   9.23842135143403E-09
 98   49     2.34067209609230E-11   3.44078798125568E-09
 99   49     2.48134123483860E-16   3.67238502756112E-14
100   49     9.70934331402287E-20   1.44669215378941E-17
101   49     3.55335498296901E-23   5.33003247445351E-21
102   49     1.00000000000000E-99   1.00000000000000E-99
103   49     1.00000000000000E-99   1.00000000000000E-99
104   49     1.00000000000000E-99   1.00000000000000E-99
105   49     1.00000000000000E-99   1.00000000000000E-99
106   49     1.00000000000000E-99   1.00000000000000E-99
107   49     1.00000000000000E-99   1.00000000000000E-99
108   49     1.00000000000000E-99   1.00000000000000E-99
109   49     1.00000000000000E-99   1.00000000000000E-99
110   49     1.00000000000000E-99   1.00000000000000E-99
111   49     1.00000000000000E-99   1.00000000000000E-99
112   49     1.00000000000000E-99   1.00000000000000E-99
113   49     1.00000000000000E-99   1.00000000000000E-99
114   49     1.00000000000000E-99   1.00000000000000E-99
115   49     1.00000000000000E-99   1.00000000000000E-99
116   49     1.00000000000000E-99   1.00000000000000E-99
117   49     1.00000000000000E-99   1.00000000000000E-99
 44   50     1.00000000000000E-99   1.00000000000000E-99
 45   50     1.00000000000000E-99   1.00000000000000E-99
 46   50     1.00000000000000E-99   1.00000000000000E-99
 47   50     1.00000000000000E-99   1.00000000000000E-99
 48   50     1.00000000000000E-99   1.00000000000000E-99
 49   50     1.00000000000000E-99   1.00000000000000E-99
 50   50     1.00000000000000E-99   1.00000000000000E-99
 51   50     1.00000000000000E-99   1.00000000000000E-99
 52   50     1.00000000000000E-99   1.00000000000000E-99
 53   50     1.00000000000000E-99   1.00000000000000E-99
 54   50     1.00000000000000E-99   1.00000000000000E-99
 55   50     1.00000000000000E-99   1.00000000000000E-99
 56   50     1.00000000000000E-99   1.00000000000000E-99
 57   50     1.00000000000000E-99   1.00000000000000E-99
 58   50     1.00000000000000E-99   1.00000000000000E-99
 59   50     1.00000000000000E-99   1.00000000000000E-99
 60   50     1.00000000000000E-99   1.00000000000000E-99
 61   50     1.00000000000000E-99   1.00000000000000E-99
 62   50     1.00000000000000E-99   1.00000000000000E-99
 63   50     1.00000000000000E-99   1.00000000000000E-99
 64   50     1.00000000000000E-99   1.00000000000000E-99
 65   50     1.00000000000000E-99   1.00000000000000E-99
 66   50     2.65996389211228E-22   3.08555811485025E-20
 67   50     8.67760698449605E-19   1.01528001718604E-16
 68   50     2.72579072218118E-13   3.21643305217379E-11
 69   50     3.18588823969404E-12   3.79120700523591E-10
 70   50     8.37829261932560E-10   1.00539511431907E-07
 71   50     2.10386939282042E-09   2.54568196531271E-07
 72   50     6.17452731731628E-08   7.53292332712586E-06
 73   50     2.34073823148914E-08   2.87910802473164E-06
 74   50     2.45114334710553E-08   3.03941775041086E-06
 75   50     1.31716728803366E-07   1.64645911004207E-05
 76   50     2.38029345199408E-06   2.99916974951254E-04
 77   50     2.30080868724038E-05   2.92202703279528E-03
 78   50     1.27313911530206E-04   1.62961806758663E-02
 79   50     2.37847552324020E-04   3.06823342497986E-02
 80   50     3.39514863630638E-04   4.41369322719829E-02
 81   50     3.06366364816215E-04   4.01339937909242E-02
 82   50     3.65269867759438E-04   4.82156225442458E-02
 83   50     4.04264970893908E-05   5.37672411288898E-03
 84   50     4.51088214643010E-05   6.04458207621633E-03
 85   50     5.26531896980923E-07   7.10818060924246E-05
 86   50     6.31183501563325E-08   8.58409562126122E-06
 87   50     6.85238709203575E-08   9.38777031608898E-06
 88   50     4.04362675975908E-07   5.58020492846754E-05
 89   50     4.97880919017164E-08   6.92054477433858E-06
 90   50     1.42359612657702E-08   1.99303457720783E-06
 91   50     1.58157434885902E-09   2.23001983189122E-07
 92   50     2.37021073663992E-09   3.36569924602868E-07
 93   50     5.01074798440664E-10   7.16536961770150E-08
 94   50     7.40313160458985E-10   1.06605095106094E-07
 95   50     7.38923436814848E-11   1.07143898338153E-08
 96   50     8.94250805062891E-11   1.30560617539182E-08
 97   50     9.10771436390323E-13   1.33883401149378E-10
 98   50     3.79912536852325E-17   5.62270554541440E-15
 99   50     2.05446369638041E-22   3.06115090760681E-20
100   50     1.00000000000000E-99   1.00000000000000E-99
101   50     1.00000000000000E-99   1.00000000000000E-99
102   50     1.00000000000000E-99   1.00000000000000E-99
103   50     1.00000000000000E-99   1.00000000000000E-99
104   50     1.00000000000000E-99   1.00000000000000E-99
105   50     1.00000000000000E-99   1.00000000000000E-99
106   50     1.00000000000000E-99   1.00000000000000E-99
107   50     1.00000000000000E-99   1.00000000000000E-99
108   50     1.00000000000000E-99   1.00000000000000E-99
109   50     1.00000000000000E-99   1.00000000000000E-99
110   50     1.00000000000000E-99   1.00000000000000E-99
111   50     1.00000000000000E-99   1.00000000000000E-99
112   50     1.00000000000000E-99   1.00000000000000E-99
113   50     1.00000000000000E-99   1.00000000000000E-99
114   50     1.00000000000000E-99   1.00000000000000E-99
115   50     1.00000000000000E-99   1.00000000000000E-99
116   50     1.00000000000000E-99   1.00000000000000E-99
117   50     1.00000000000000E-99   1.00000000000000E-99
118   50     1.00000000000000E-99   1.00000000000000E-99
119   50     1.00000000000000E-99   1.00000000000000E-99
 46   51     1.00000000000000E-99   1.00000000000000E-99
 47   51     1.00000000000000E-99   1.00000000000000E-99
 48   51     1.00000000000000E-99   1.00000000000000E-99
 49   51     1.00000000000000E-99   1.00000000000000E-99
 50   51     1.00000000000000E-99   1.00000000000000E-99
 51   51     1.00000000000000E-99   1.00000000000000E-99
 52   51     1.00000000000000E-99   1.00000000000000E-99
 53   51     1.00000000000000E-99   1.00000000000000E-99
 54   51     1.00000000000000E-99   1.00000000000000E-99
 55   51     1.00000000000000E-99   1.00000000000000E-99
 56   51     1.00000000000000E-99   1.00000000000000E-99
 57   51     1.00000000000000E-99   1.00000000000000E-99
 58   51     1.00000000000000E-99   1.00000000000000E-99
 59   51     1.00000000000000E-99   1.00000000000000E-99
 60   51     1.00000000000000E-99   1.00000000000000E-99
 61   51     1.00000000000000E-99   1.00000000000000E-99
 62   51     1.00000000000000E-99   1.00000000000000E-99
 63   51     1.00000000000000E-99   1.00000000000000E-99
 64   51     1.00000000000000E-99   1.00000000000000E-99
 65   51     1.00000000000000E-99   1.00000000000000E-99
 66   51     1.00000000000000E-99   1.00000000000000E-99
 67   51     1.00000000000000E-99   1.00000000000000E-99
 68   51     1.00000000000000E-99   1.00000000000000E-99
 69   51     1.00000000000000E-99   1.00000000000000E-99
 70   51     7.40483303276671E-15   8.95984796964772E-13
 71   51     3.06306411530236E-16   3.73693822066888E-14
 72   51     1.00820320601054E-15   1.24008994339297E-13
 73   51     3.63767697414644E-17   4.51071944794158E-15
 74   51     1.19614059808372E-13   1.49517574760465E-11
 75   51     7.54437700884307E-15   9.50591503114227E-13
 76   51     2.72827955162463E-09   3.46491503056328E-07
 77   51     3.72395265387519E-08   4.76665939696025E-06
 78   51     1.83072121985684E-06   2.36163037361533E-04
 79   51     5.23900829684548E-05   6.81071078589912E-03
 80   51     9.02881971526361E-05   1.18277538269953E-02
 81   51     7.81590079441815E-05   1.03169890486320E-02
 82   51     4.87730480796606E-04   6.48681539459486E-02
 83   51     5.82006487586533E-05   7.79888693365954E-03
 84   51     3.35026864653255E-05   4.52286267281894E-03
 85   51     8.22761397669074E-06   1.11895550082994E-03
 86   51     2.89130415833966E-06   3.96108669692534E-04
 87   51     2.11990136666515E-07   2.92546388599791E-05
 88   51     1.50219593742608E-08   2.08805235302225E-06
 89   51     2.86542861551444E-08   4.01160006172022E-06
 90   51     1.11833238938439E-08   1.57684866903199E-06
 91   51     6.82390585004401E-10   9.68994630706250E-08
 92   51     1.61554899558476E-09   2.31023506368620E-07
 93   51     1.52666735757249E-10   2.19840099490438E-08
 94   51     1.61468752762760E-10   2.34129691506003E-08
 95   51     1.04960489612469E-11   1.53242314834205E-09
 96   51     3.49627447486301E-13   5.13952347804862E-11
 97   51     8.27696236354704E-18   1.22499042980496E-15
 98   51     9.54141742733354E-23   1.42167119667270E-20
 99   51     1.00000000000000E-99   1.00000000000000E-99
100   51     1.00000000000000E-99   1.00000000000000E-99
101   51     1.00000000000000E-99   1.00000000000000E-99
102   51     1.00000000000000E-99   1.00000000000000E-99
103   51     1.00000000000000E-99   1.00000000000000E-99
104   51     1.00000000000000E-99   1.00000000000000E-99
105   51     1.00000000000000E-99   1.00000000000000E-99
106   51     1.00000000000000E-99   1.00000000000000E-99
107   51     1.00000000000000E-99   1.00000000000000E-99
108   51     1.00000000000000E-99   1.00000000000000E-99
109   51     1.00000000000000E-99   1.00000000000000E-99
110   51     1.00000000000000E-99   1.00000000000000E-99
111   51     1.00000000000000E-99   1.00000000000000E-99
112   51     1.00000000000000E-99   1.00000000000000E-99
113   51     1.00000000000000E-99   1.00000000000000E-99
114   51     1.00000000000000E-99   1.00000000000000E-99
115   51     1.00000000000000E-99   1.00000000000000E-99
116   51     1.00000000000000E-99   1.00000000000000E-99
117   51     1.00000000000000E-99   1.00000000000000E-99
118   51     1.00000000000000E-99   1.00000000000000E-99
119   51     1.00000000000000E-99   1.00000000000000E-99
120   51     1.00000000000000E-99   1.00000000000000E-99
121   51     1.00000000000000E-99   1.00000000000000E-99
 47   52     1.00000000000000E-99   1.00000000000000E-99
 48   52     1.00000000000000E-99   1.00000000000000E-99
 49   52     1.00000000000000E-99   1.00000000000000E-99
 50   52     1.00000000000000E-99   1.00000000000000E-99
 51   52     1.00000000000000E-99   1.00000000000000E-99
 52   52     1.00000000000000E-99   1.00000000000000E-99
 53   52     1.00000000000000E-99   1.00000000000000E-99
 54   52     1.00000000000000E-99   1.00000000000000E-99
 55   52     1.00000000000000E-99   1.00000000000000E-99
 56   52     1.00000000000000E-99   1.00000000000000E-99
 57   52     1.00000000000000E-99   1.00000000000000E-99
 58   52     1.00000000000000E-99   1.00000000000000E-99
 59   52     1.00000000000000E-99   1.00000000000000E-99
 60   52     1.00000000000000E-99   1.00000000000000E-99
 61   52     1.00000000000000E-99   1.00000000000000E-99
 62   52     1.00000000000000E-99   1.00000000000000E-99
 63   52     1.00000000000000E-99   1.00000000000000E-99
 64   52     1.00000000000000E-99   1.00000000000000E-99
 65   52     1.00000000000000E-99   1.00000000000000E-99
 66   52     1.00000000000000E-99   1.00000000000000E-99
 67   52     1.00000000000000E-99   1.00000000000000E-99
 68   52     1.00000000000000E-99   1.00000000000000E-99
 69   52     1.00000000000000E-99   1.00000000000000E-99
 70   52     4.47490202086897E-22   5.45938046546015E-20
 71   52     8.92010435035824E-24   1.09717283509406E-21
 72   52     1.00000000000000E-99   1.00000000000000E-99
 73   52     7.10968338452904E-22   8.88710423066130E-20
 74   52     5.16565883704953E-21   6.50873013468241E-19
 75   52     4.79721107769432E-15   6.09245806867178E-13
 76   52     7.70778330647599E-13   9.86596263228927E-11
 77   52     7.57673310315660E-11   9.77398570307202E-09
 78   52     3.61288605968765E-08   4.69675187759395E-06
 79   52     1.21928256891703E-07   1.59726016528131E-05
 80   52     9.21540704634495E-07   1.21643373011753E-04
 81   52     1.39991346944431E-05   1.86188491436093E-03
 82   52     2.70741680262739E-04   3.62793851552070E-02
 83   52     7.38481621051301E-05   9.96950188419257E-03
 84   52     1.01902425306490E-04   1.38587298416827E-02
 85   52     3.42325482208302E-05   4.68985910625374E-03
 86   52     1.19140788107054E-05   1.64414287587735E-03
 87   52     2.18626979515420E-06   3.03891501526434E-04
 88   52     1.41378034660725E-06   1.97929248525016E-04
 89   52     9.36622536122902E-09   1.32063777593329E-06
 90   52     6.33183225797846E-09   8.99120180632941E-07
 91   52     5.50674381576200E-10   7.87464365653966E-08
 92   52     6.52579604101824E-10   9.39714629906626E-08
 93   52     1.62035070846529E-11   2.34950852727468E-09
 94   52     1.63105013743589E-12   2.38133320065640E-10
 95   52     8.07937668453514E-16   1.18766837262667E-13
 96   52     1.28706274441835E-19   1.90485286173915E-17
 97   52     1.47718764950737E-24   2.20100959776598E-22
 98   52     1.00000000000000E-99   1.00000000000000E-99
 99   52     1.00000000000000E-99   1.00000000000000E-99
100   52     1.00000000000000E-99   1.00000000000000E-99
101   52     1.00000000000000E-99   1.00000000000000E-99
102   52     1.00000000000000E-99   1.00000000000000E-99
103   52     1.00000000000000E-99   1.00000000000000E-99
104   52     1.00000000000000E-99   1.00000000000000E-99
105   52     1.00000000000000E-99   1.00000000000000E-99
106   52     1.00000000000000E-99   1.00000000000000E-99
107   52     1.00000000000000E-99   1.00000000000000E-99
108   52     1.00000000000000E-99   1.00000000000000E-99
109   52     1.00000000000000E-99   1.00000000000000E-99
110   52     1.00000000000000E-99   1.00000000000000E-99
111   52     1.00000000000000E-99   1.00000000000000E-99
112   52     1.00000000000000E-99   1.00000000000000E-99
113   52     1.00000000000000E-99   1.00000000000000E-99
114   52     1.00000000000000E-99   1.00000000000000E-99
115   52     1.00000000000000E-99   1.00000000000000E-99
116   52     1.00000000000000E-99   1.00000000000000E-99
117   52     1.00000000000000E-99   1.00000000000000E-99
118   52     1.00000000000000E-99   1.00000000000000E-99
119   52     1.00000000000000E-99   1.00000000000000E-99
120   52     1.00000000000000E-99   1.00000000000000E-99
121   52     1.00000000000000E-99   1.00000000000000E-99
122   52     1.00000000000000E-99   1.00000000000000E-99
123   52     1.00000000000000E-99   1.00000000000000E-99
124   52     1.00000000000000E-99   1.00000000000000E-99
 48   53     1.00000000000000E-99   1.00000000000000E-99
 49   53     1.00000000000000E-99   1.00000000000000E-99
 50   53     1.00000000000000E-99   1.00000000000000E-99
 51   53     1.00000000000000E-99   1.00000000000000E-99
 52   53     1.00000000000000E-99   1.00000000000000E-99
 53   53     1.00000000000000E-99   1.00000000000000E-99
 54   53     1.00000000000000E-99   1.00000000000000E-99
 55   53     1.00000000000000E-99   1.00000000000000E-99
 56   53     1.00000000000000E-99   1.00000000000000E-99
 57   53     1.00000000000000E-99   1.00000000000000E-99
 58   53     1.00000000000000E-99   1.00000000000000E-99
 59   53     1.00000000000000E-99   1.00000000000000E-99
 60   53     1.00000000000000E-99   1.00000000000000E-99
 61   53     1.00000000000000E-99   1.00000000000000E-99
 62   53     1.00000000000000E-99   1.00000000000000E-99
 63   53     1.00000000000000E-99   1.00000000000000E-99
 64   53     1.00000000000000E-99   1.00000000000000E-99
 65   53     1.00000000000000E-99   1.00000000000000E-99
 66   53     1.00000000000000E-99   1.00000000000000E-99
 67   53     1.00000000000000E-99   1.00000000000000E-99
 68   53     1.00000000000000E-99   1.00000000000000E-99
 69   53     1.00000000000000E-99   1.00000000000000E-99
 70   53     1.00000000000000E-99   1.00000000000000E-99
 71   53     1.00000000000000E-99   1.00000000000000E-99
 72   53     1.00000000000000E-99   1.00000000000000E-99
 73   53     1.00000000000000E-99   1.00000000000000E-99
 74   53     6.12743377453935E-20   7.78184089366498E-18
 75   53     4.12011909972691E-21   5.27375244765044E-19
 76   53     8.55081822964987E-15   1.10305555162483E-12
 77   53     4.51547139389851E-16   5.87011281206807E-14
 78   53     7.61379459349727E-11   9.97407091748143E-09
 79   53     8.72870188260180E-12   1.15218864850344E-09
 80   53     1.98826016168781E-08   2.64438601504479E-06
 81   53     1.24952676382131E-07   1.67436586352055E-05
 82   53     5.72756914509308E-06   7.73221834587566E-04
 83   53     1.02317088336385E-05   1.39151240137484E-03
 84   53     3.17900340077211E-05   4.35523465905779E-03
 85   53     2.83858147882682E-05   3.91724244078102E-03
 86   53     3.59255912764497E-06   4.99365718742650E-04
 87   53     2.65941995725183E-06   3.72318794015256E-04
 88   53     1.20126726849209E-07   1.69378684857384E-05
 89   53     1.40285102900415E-08   1.99204846118590E-06
 90   53     1.43300977792446E-09   2.04920398243198E-07
 91   53     5.08544761306685E-10   7.32304456281626E-08
 92   53     2.35650329155138E-11   3.41692977274951E-09
 93   53     7.76065665806443E-13   1.13305587207741E-10
 94   53     1.02190341573287E-15   1.50219802112732E-13
 95   53     1.29809942947051E-19   1.92118715561636E-17
 96   53     1.99465372659789E-23   2.97203405263086E-21
 97   53     1.00000000000000E-99   1.00000000000000E-99
 98   53     1.00000000000000E-99   1.00000000000000E-99
 99   53     1.00000000000000E-99   1.00000000000000E-99
100   53     1.00000000000000E-99   1.00000000000000E-99
101   53     1.00000000000000E-99   1.00000000000000E-99
102   53     1.00000000000000E-99   1.00000000000000E-99
103   53     1.00000000000000E-99   1.00000000000000E-99
104   53     1.00000000000000E-99   1.00000000000000E-99
105   53     1.00000000000000E-99   1.00000000000000E-99
106   53     1.00000000000000E-99   1.00000000000000E-99
107   53     1.00000000000000E-99   1.00000000000000E-99
108   53     1.00000000000000E-99   1.00000000000000E-99
109   53     1.00000000000000E-99   1.00000000000000E-99
110   53     1.00000000000000E-99   1.00000000000000E-99
111   53     1.00000000000000E-99   1.00000000000000E-99
112   53     1.00000000000000E-99   1.00000000000000E-99
113   53     1.00000000000000E-99   1.00000000000000E-99
114   53     1.00000000000000E-99   1.00000000000000E-99
115   53     1.00000000000000E-99   1.00000000000000E-99
116   53     1.00000000000000E-99   1.00000000000000E-99
117   53     1.00000000000000E-99   1.00000000000000E-99
118   53     1.00000000000000E-99   1.00000000000000E-99
119   53     1.00000000000000E-99   1.00000000000000E-99
120   53     1.00000000000000E-99   1.00000000000000E-99
121   53     1.00000000000000E-99   1.00000000000000E-99
122   53     1.00000000000000E-99   1.00000000000000E-99
123   53     1.00000000000000E-99   1.00000000000000E-99
124   53     1.00000000000000E-99   1.00000000000000E-99
125   53     1.00000000000000E-99   1.00000000000000E-99
126   53     1.00000000000000E-99   1.00000000000000E-99
 49   54     1.00000000000000E-99   1.00000000000000E-99
 50   54     1.00000000000000E-99   1.00000000000000E-99
 51   54     1.00000000000000E-99   1.00000000000000E-99
 52   54     1.00000000000000E-99   1.00000000000000E-99
 53   54     1.00000000000000E-99   1.00000000000000E-99
 54   54     1.00000000000000E-99   1.00000000000000E-99
 55   54     1.00000000000000E-99   1.00000000000000E-99
 56   54     1.00000000000000E-99   1.00000000000000E-99
 57   54     1.00000000000000E-99   1.00000000000000E-99
 58   54     1.00000000000000E-99   1.00000000000000E-99
 59   54     1.00000000000000E-99   1.00000000000000E-99
 60   54     1.00000000000000E-99   1.00000000000000E-99
 61   54     1.00000000000000E-99   1.00000000000000E-99
 62   54     1.00000000000000E-99   1.00000000000000E-99
 63   54     1.00000000000000E-99   1.00000000000000E-99
 64   54     1.00000000000000E-99   1.00000000000000E-99
 65   54     1.00000000000000E-99   1.00000000000000E-99
 66   54     1.00000000000000E-99   1.00000000000000E-99
 67   54     1.00000000000000E-99   1.00000000000000E-99
 68   54     1.00000000000000E-99   1.00000000000000E-99
 69   54     1.00000000000000E-99   1.00000000000000E-99
 70   54     1.00000000000000E-99   1.00000000000000E-99
 71   54     1.00000000000000E-99   1.00000000000000E-99
 72   54     1.00000000000000E-99   1.00000000000000E-99
 73   54     1.00000000000000E-99   1.00000000000000E-99
 74   54     1.00000000000000E-99   1.00000000000000E-99
 75   54     1.00000000000000E-99   1.00000000000000E-99
 76   54     5.08314754701576E-21   6.60809181112049E-19
 77   54     6.82467314604182E-17   8.94032182131478E-15
 78   54     9.21822052021576E-16   1.21680510866848E-13
 79   54     1.83100502020155E-13   2.43523667686806E-11
 80   54     2.94150878751004E-11   3.94162177526346E-09
 81   54     2.06583613240354E-10   2.78887877874478E-08
 82   54     2.15273855719188E-07   2.92772443778096E-05
 83   54     1.65274142665908E-06   2.26425575452294E-04
 84   54     6.40044188823367E-06   8.83260980576247E-04
 85   54     3.57465639784847E-06   4.96877239300937E-04
 86   54     7.53925326390884E-06   1.05549545694724E-03
 87   54     1.75658326722775E-06   2.47678240679113E-04
 88   54     5.11345371783428E-07   7.26110427932467E-05
 89   54     6.57023431974982E-09   9.39543507724224E-07
 90   54     6.06557384292499E-09   8.73442633381199E-07
 91   54     4.02304338174535E-11   5.83341290353075E-09
 92   54     3.12237117113262E-12   4.55866190985362E-10
 93   54     1.12748363730021E-15   1.65740094683130E-13
 94   54     7.86430179285960E-15   1.16391666534322E-12
 95   54     1.91143914472912E-18   2.84804432564639E-16
 96   54     3.07272234450159E-21   4.60908351675238E-19
 97   54     1.00000000000000E-99   1.00000000000000E-99
 98   54     1.00000000000000E-99   1.00000000000000E-99
 99   54     1.00000000000000E-99   1.00000000000000E-99
100   54     1.00000000000000E-99   1.00000000000000E-99
101   54     1.00000000000000E-99   1.00000000000000E-99
102   54     1.00000000000000E-99   1.00000000000000E-99
103   54     1.00000000000000E-99   1.00000000000000E-99
104   54     1.00000000000000E-99   1.00000000000000E-99
105   54     1.00000000000000E-99   1.00000000000000E-99
106   54     1.00000000000000E-99   1.00000000000000E-99
107   54     1.00000000000000E-99   1.00000000000000E-99
108   54     1.00000000000000E-99   1.00000000000000E-99
109   54     1.00000000000000E-99   1.00000000000000E-99
110   54     1.00000000000000E-99   1.00000000000000E-99
111   54     1.00000000000000E-99   1.00000000000000E-99
112   54     1.00000000000000E-99   1.00000000000000E-99
113   54     1.00000000000000E-99   1.00000000000000E-99
114   54     1.00000000000000E-99   1.00000000000000E-99
115   54     1.00000000000000E-99   1.00000000000000E-99
116   54     1.00000000000000E-99   1.00000000000000E-99
117   54     1.00000000000000E-99   1.00000000000000E-99
118   54     1.00000000000000E-99   1.00000000000000E-99
119   54     1.00000000000000E-99   1.00000000000000E-99
120   54     1.00000000000000E-99   1.00000000000000E-99
121   54     1.00000000000000E-99   1.00000000000000E-99
122   54     1.00000000000000E-99   1.00000000000000E-99
123   54     1.00000000000000E-99   1.00000000000000E-99
124   54     1.00000000000000E-99   1.00000000000000E-99
125   54     1.00000000000000E-99   1.00000000000000E-99
126   54     1.00000000000000E-99   1.00000000000000E-99
127   54     1.00000000000000E-99   1.00000000000000E-99
128   54     1.00000000000000E-99   1.00000000000000E-99
 51   55     1.00000000000000E-99   1.00000000000000E-99
 52   55     1.00000000000000E-99   1.00000000000000E-99
 53   55     1.00000000000000E-99   1.00000000000000E-99
 54   55     1.00000000000000E-99   1.00000000000000E-99
 55   55     1.00000000000000E-99   1.00000000000000E-99
 56   55     1.00000000000000E-99   1.00000000000000E-99
 57   55     1.00000000000000E-99   1.00000000000000E-99
 58   55     1.00000000000000E-99   1.00000000000000E-99
 59   55     1.00000000000000E-99   1.00000000000000E-99
 60   55     1.00000000000000E-99   1.00000000000000E-99
 61   55     1.00000000000000E-99   1.00000000000000E-99
 62   55     1.00000000000000E-99   1.00000000000000E-99
 63   55     1.00000000000000E-99   1.00000000000000E-99
 64   55     1.00000000000000E-99   1.00000000000000E-99
 65   55     1.00000000000000E-99   1.00000000000000E-99
 66   55     1.00000000000000E-99   1.00000000000000E-99
 67   55     1.00000000000000E-99   1.00000000000000E-99
 68   55     1.00000000000000E-99   1.00000000000000E-99
 69   55     1.00000000000000E-99   1.00000000000000E-99
 70   55     1.00000000000000E-99   1.00000000000000E-99
 71   55     1.00000000000000E-99   1.00000000000000E-99
 72   55     1.00000000000000E-99   1.00000000000000E-99
 73   55     1.00000000000000E-99   1.00000000000000E-99
 74   55     1.00000000000000E-99   1.00000000000000E-99
 75   55     1.00000000000000E-99   1.00000000000000E-99
 76   55     1.00000000000000E-99   1.00000000000000E-99
 77   55     1.00000000000000E-99   1.00000000000000E-99
 78   55     1.98260177990938E-19   2.63686036727947E-17
 79   55     1.33404287484719E-20   1.78761745229523E-18
 80   55     3.77404611368457E-15   5.09496225347417E-13
 81   55     1.26897305512494E-16   1.72580335496992E-14
 82   55     5.33886210045635E-09   7.31424107762520E-07
 83   55     6.27042583699654E-09   8.65318765505522E-07
 84   55     9.21250247525517E-08   1.28053784406047E-05
 85   55     6.07020281339995E-07   8.49828393875993E-05
 86   55     2.29014701920582E-06   3.22910729708020E-04
 87   55     7.43647273757275E-07   1.05597912873533E-04
 88   55     3.82614374121098E-07   5.47138554993171E-05
 89   55     7.99508283524728E-08   1.15129192827561E-05
 90   55     3.44092990021087E-08   4.98934835530577E-06
 91   55     1.08084792182344E-09   1.57803796586222E-07
 92   55     2.17635923890653E-10   3.19924808119260E-08
 93   55     1.39269737729097E-12   2.06119211839063E-10
 94   55     3.36750180446497E-11   5.01757768865281E-09
 95   55     3.66609933897823E-13   5.49914900846735E-11
 96   55     3.20371511435835E-15   4.83760982268111E-13
 97   55     4.60634252090388E-19   7.00164063177390E-17
 98   55     6.59715488967080E-22   1.00936469811963E-19
 99   55     2.39143604216353E-25   3.68281150493184E-23
100   55     1.00000000000000E-99   1.00000000000000E-99
101   55     1.00000000000000E-99   1.00000000000000E-99
102   55     1.00000000000000E-99   1.00000000000000E-99
103   55     1.00000000000000E-99   1.00000000000000E-99
104   55     1.00000000000000E-99   1.00000000000000E-99
105   55     1.00000000000000E-99   1.00000000000000E-99
106   55     1.00000000000000E-99   1.00000000000000E-99
107   55     1.00000000000000E-99   1.00000000000000E-99
108   55     1.00000000000000E-99   1.00000000000000E-99
109   55     1.00000000000000E-99   1.00000000000000E-99
110   55     1.00000000000000E-99   1.00000000000000E-99
111   55     1.00000000000000E-99   1.00000000000000E-99
112   55     1.00000000000000E-99   1.00000000000000E-99
113   55     1.00000000000000E-99   1.00000000000000E-99
114   55     1.00000000000000E-99   1.00000000000000E-99
115   55     1.00000000000000E-99   1.00000000000000E-99
116   55     1.00000000000000E-99   1.00000000000000E-99
117   55     1.00000000000000E-99   1.00000000000000E-99
118   55     1.00000000000000E-99   1.00000000000000E-99
119   55     1.00000000000000E-99   1.00000000000000E-99
120   55     1.00000000000000E-99   1.00000000000000E-99
121   55     1.00000000000000E-99   1.00000000000000E-99
122   55     1.00000000000000E-99   1.00000000000000E-99
123   55     1.00000000000000E-99   1.00000000000000E-99
124   55     1.00000000000000E-99   1.00000000000000E-99
125   55     1.00000000000000E-99   1.00000000000000E-99
126   55     1.00000000000000E-99   1.00000000000000E-99
127   55     1.00000000000000E-99   1.00000000000000E-99
128   55     1.00000000000000E-99   1.00000000000000E-99
129   55     1.00000000000000E-99   1.00000000000000E-99
130   55     1.00000000000000E-99   1.00000000000000E-99
 52   56     1.00000000000000E-99   1.00000000000000E-99
 53   56     1.00000000000000E-99   1.00000000000000E-99
 54   56     1.00000000000000E-99   1.00000000000000E-99
 55   56     1.00000000000000E-99   1.00000000000000E-99
 56   56     1.00000000000000E-99   1.00000000000000E-99
 57   56     1.00000000000000E-99   1.00000000000000E-99
 58   56     1.00000000000000E-99   1.00000000000000E-99
 59   56     1.00000000000000E-99   1.00000000000000E-99
 60   56     1.00000000000000E-99   1.00000000000000E-99
 61   56     1.00000000000000E-99   1.00000000000000E-99
 62   56     1.00000000000000E-99   1.00000000000000E-99
 63   56     1.00000000000000E-99   1.00000000000000E-99
 64   56     1.00000000000000E-99   1.00000000000000E-99
 65   56     1.00000000000000E-99   1.00000000000000E-99
 66   56     1.00000000000000E-99   1.00000000000000E-99
 67   56     1.00000000000000E-99   1.00000000000000E-99
 68   56     1.00000000000000E-99   1.00000000000000E-99
 69   56     1.00000000000000E-99   1.00000000000000E-99
 70   56     1.00000000000000E-99   1.00000000000000E-99
 71   56     1.00000000000000E-99   1.00000000000000E-99
 72   56     1.00000000000000E-99   1.00000000000000E-99
 73   56     1.00000000000000E-99   1.00000000000000E-99
 74   56     1.00000000000000E-99   1.00000000000000E-99
 75   56     1.00000000000000E-99   1.00000000000000E-99
 76   56     1.00000000000000E-99   1.00000000000000E-99
 77   56     1.00000000000000E-99   1.00000000000000E-99
 78   56     1.00000000000000E-99   1.00000000000000E-99
 79   56     1.00000000000000E-99   1.00000000000000E-99
 80   56     7.39530029904552E-23   1.00576084067019E-20
 81   56     3.09024326926860E-18   4.23363327889798E-16
 82   56     1.88282117074039E-12   2.59829321562174E-10
 83   56     1.13893060113585E-10   1.58311353557883E-08
 84   56     6.88244378606735E-09   9.63542130049429E-07
 85   56     9.28733072507375E-08   1.30951363223540E-05
 86   56     6.51828274568522E-07   9.25596149887301E-05
 87   56     4.95803628026914E-07   7.08999188078487E-05
 88   56     4.00257160277603E-07   5.76370310799749E-05
 89   56     4.89592223306763E-07   7.09908723794806E-05
 90   56     3.79989835629073E-07   5.54785160018447E-05
 91   56     1.43856902911976E-07   2.11469647280605E-05
 92   56     1.03403542625436E-07   1.53037243085646E-05
 93   56     3.36554169401313E-09   5.01465712407957E-07
 94   56     3.08762480007650E-09   4.63143720011474E-07
 95   56     3.80384886315074E-10   5.74381178335762E-08
 96   56     3.89475838057882E-11   5.92003273847981E-09
 97   56     1.27649477357644E-15   1.95303700357195E-13
 98   56     3.72925126530865E-17   5.74304694857532E-15
 99   56     3.07748930263572E-21   4.77010841908537E-19
100   56     7.71131594636188E-23   1.20296528763245E-20
101   56     1.00000000000000E-99   1.00000000000000E-99
102   56     1.00000000000000E-99   1.00000000000000E-99
103   56     1.00000000000000E-99   1.00000000000000E-99
104   56     1.00000000000000E-99   1.00000000000000E-99
105   56     1.00000000000000E-99   1.00000000000000E-99
106   56     1.00000000000000E-99   1.00000000000000E-99
107   56     1.00000000000000E-99   1.00000000000000E-99
108   56     1.00000000000000E-99   1.00000000000000E-99
109   56     1.00000000000000E-99   1.00000000000000E-99
110   56     1.00000000000000E-99   1.00000000000000E-99
111   56     1.00000000000000E-99   1.00000000000000E-99
112   56     1.00000000000000E-99   1.00000000000000E-99
113   56     1.00000000000000E-99   1.00000000000000E-99
114   56     1.00000000000000E-99   1.00000000000000E-99
115   56     1.00000000000000E-99   1.00000000000000E-99
116   56     1.00000000000000E-99   1.00000000000000E-99
117   56     1.00000000000000E-99   1.00000000000000E-99
118   56     1.00000000000000E-99   1.00000000000000E-99
119   56     1.00000000000000E-99   1.00000000000000E-99
120   56     1.00000000000000E-99   1.00000000000000E-99
121   56     1.00000000000000E-99   1.00000000000000E-99
122   56     1.00000000000000E-99   1.00000000000000E-99
123   56     1.00000000000000E-99   1.00000000000000E-99
124   56     1.00000000000000E-99   1.00000000000000E-99
125   56     1.00000000000000E-99   1.00000000000000E-99
126   56     1.00000000000000E-99   1.00000000000000E-99
127   56     1.00000000000000E-99   1.00000000000000E-99
128   56     1.00000000000000E-99   1.00000000000000E-99
129   56     1.00000000000000E-99   1.00000000000000E-99
130   56     1.00000000000000E-99   1.00000000000000E-99
131   56     1.00000000000000E-99   1.00000000000000E-99
132   56     1.00000000000000E-99   1.00000000000000E-99
133   56     1.00000000000000E-99   1.00000000000000E-99
 53   57     1.00000000000000E-99   1.00000000000000E-99
 54   57     1.00000000000000E-99   1.00000000000000E-99
 55   57     1.00000000000000E-99   1.00000000000000E-99
 56   57     1.00000000000000E-99   1.00000000000000E-99
 57   57     1.00000000000000E-99   1.00000000000000E-99
 58   57     1.00000000000000E-99   1.00000000000000E-99
 59   57     1.00000000000000E-99   1.00000000000000E-99
 60   57     1.00000000000000E-99   1.00000000000000E-99
 61   57     1.00000000000000E-99   1.00000000000000E-99
 62   57     1.00000000000000E-99   1.00000000000000E-99
 63   57     1.00000000000000E-99   1.00000000000000E-99
 64   57     1.00000000000000E-99   1.00000000000000E-99
 65   57     1.00000000000000E-99   1.00000000000000E-99
 66   57     1.00000000000000E-99   1.00000000000000E-99
 67   57     1.00000000000000E-99   1.00000000000000E-99
 68   57     1.00000000000000E-99   1.00000000000000E-99
 69   57     1.00000000000000E-99   1.00000000000000E-99
 70   57     1.00000000000000E-99   1.00000000000000E-99
 71   57     1.00000000000000E-99   1.00000000000000E-99
 72   57     1.00000000000000E-99   1.00000000000000E-99
 73   57     1.00000000000000E-99   1.00000000000000E-99
 74   57     1.00000000000000E-99   1.00000000000000E-99
 75   57     1.00000000000000E-99   1.00000000000000E-99
 76   57     1.00000000000000E-99   1.00000000000000E-99
 77   57     1.00000000000000E-99   1.00000000000000E-99
 78   57     1.00000000000000E-99   1.00000000000000E-99
 79   57     1.00000000000000E-99   1.00000000000000E-99
 80   57     1.00000000000000E-99   1.00000000000000E-99
 81   57     1.00000000000000E-99   1.00000000000000E-99
 82   57     1.19677675182006E-14   1.66351968502988E-12
 83   57     3.27299187599179E-15   4.58218862638850E-13
 84   57     5.44578878515755E-11   7.67856218707214E-09
 85   57     7.58260632608154E-10   1.07673009830358E-07
 86   57     3.60465974898719E-08   5.15466344105168E-06
 87   57     3.91686740273909E-08   5.64028905994428E-06
 88   57     1.83055609354411E-07   2.65430633563896E-05
 89   57     2.42181342878062E-07   3.53584760601970E-05
 90   57     8.94778367542748E-07   1.31532420028784E-04
 91   57     5.75957475462944E-07   8.52417063685156E-05
 92   57     2.74901810691832E-07   4.09603697930830E-05
 93   57     2.19249520887321E-07   3.28874281330982E-05
 94   57     1.86554979731828E-07   2.81698019395061E-05
 95   57     4.99736402032302E-08   7.59599331089098E-06
 96   57     6.65436305529150E-09   1.01811754745960E-06
 97   57     1.64077801968383E-11   2.52679815031310E-09
 98   57     7.48399224633832E-13   1.16001879818244E-10
 99   57     4.71368441120803E-15   7.35334768148453E-13
100   57     4.71189776196796E-17   7.39767948628970E-15
101   57     3.24123178221124E-20   5.12114621589375E-18
102   57     1.81397040186082E-23   2.88421293895870E-21
103   57     1.00000000000000E-99   1.00000000000000E-99
104   57     1.00000000000000E-99   1.00000000000000E-99
105   57     1.00000000000000E-99   1.00000000000000E-99
106   57     1.00000000000000E-99   1.00000000000000E-99
107   57     1.00000000000000E-99   1.00000000000000E-99
108   57     1.00000000000000E-99   1.00000000000000E-99
109   57     1.00000000000000E-99   1.00000000000000E-99
110   57     1.00000000000000E-99   1.00000000000000E-99
111   57     1.00000000000000E-99   1.00000000000000E-99
112   57     1.00000000000000E-99   1.00000000000000E-99
113   57     1.00000000000000E-99   1.00000000000000E-99
114   57     1.00000000000000E-99   1.00000000000000E-99
115   57     1.00000000000000E-99   1.00000000000000E-99
116   57     1.00000000000000E-99   1.00000000000000E-99
117   57     1.00000000000000E-99   1.00000000000000E-99
118   57     1.00000000000000E-99   1.00000000000000E-99
119   57     1.00000000000000E-99   1.00000000000000E-99
120   57     1.00000000000000E-99   1.00000000000000E-99
121   57     1.00000000000000E-99   1.00000000000000E-99
122   57     1.00000000000000E-99   1.00000000000000E-99
123   57     1.00000000000000E-99   1.00000000000000E-99
124   57     1.00000000000000E-99   1.00000000000000E-99
125   57     1.00000000000000E-99   1.00000000000000E-99
126   57     1.00000000000000E-99   1.00000000000000E-99
127   57     1.00000000000000E-99   1.00000000000000E-99
128   57     1.00000000000000E-99   1.00000000000000E-99
129   57     1.00000000000000E-99   1.00000000000000E-99
130   57     1.00000000000000E-99   1.00000000000000E-99
131   57     1.00000000000000E-99   1.00000000000000E-99
132   57     1.00000000000000E-99   1.00000000000000E-99
133   57     1.00000000000000E-99   1.00000000000000E-99
134   57     1.00000000000000E-99   1.00000000000000E-99
135   57     1.00000000000000E-99   1.00000000000000E-99
 55   58     1.00000000000000E-99   1.00000000000000E-99
 56   58     1.00000000000000E-99   1.00000000000000E-99
 57   58     1.00000000000000E-99   1.00000000000000E-99
 58   58     1.00000000000000E-99   1.00000000000000E-99
 59   58     1.00000000000000E-99   1.00000000000000E-99
 60   58     1.00000000000000E-99   1.00000000000000E-99
 61   58     1.00000000000000E-99   1.00000000000000E-99
 62   58     1.00000000000000E-99   1.00000000000000E-99
 63   58     1.00000000000000E-99   1.00000000000000E-99
 64   58     1.00000000000000E-99   1.00000000000000E-99
 65   58     1.00000000000000E-99   1.00000000000000E-99
 66   58     1.00000000000000E-99   1.00000000000000E-99
 67   58     1.00000000000000E-99   1.00000000000000E-99
 68   58     1.00000000000000E-99   1.00000000000000E-99
 69   58     1.00000000000000E-99   1.00000000000000E-99
 70   58     1.00000000000000E-99   1.00000000000000E-99
 71   58     1.00000000000000E-99   1.00000000000000E-99
 72   58     1.00000000000000E-99   1.00000000000000E-99
 73   58     1.00000000000000E-99   1.00000000000000E-99
 74   58     1.00000000000000E-99   1.00000000000000E-99
 75   58     1.00000000000000E-99   1.00000000000000E-99
 76   58     1.00000000000000E-99   1.00000000000000E-99
 77   58     1.00000000000000E-99   1.00000000000000E-99
 78   58     1.00000000000000E-99   1.00000000000000E-99
 79   58     1.00000000000000E-99   1.00000000000000E-99
 80   58     1.00000000000000E-99   1.00000000000000E-99
 81   58     1.00000000000000E-99   1.00000000000000E-99
 82   58     9.70133612667268E-21   1.35818705773417E-18
 83   58     1.89641580474006E-15   2.67394628468348E-13
 84   58     7.61129442787368E-14   1.08080380875806E-11
 85   58     2.76048891469419E-11   3.94749914801270E-09
 86   58     7.12106953168312E-10   1.02543401256237E-07
 87   58     6.11516048844644E-09   8.86698270824734E-07
 88   58     3.83275172633252E-08   5.59581752044548E-06
 89   58     3.03992979510570E-07   4.46869679880537E-05
 90   58     1.03980536073743E-06   1.53891193389139E-04
 91   58     6.66086771524388E-07   9.92469289571338E-05
 92   58     1.16999336354724E-06   1.75499004532086E-04
 93   58     1.09017804440361E-06   1.64616884704945E-04
 94   58     9.98596525195001E-07   1.51786671829640E-04
 95   58     4.68240418303850E-07   7.16407840004891E-05
 96   58     3.94459082624555E-07   6.07466987241814E-05
 97   58     1.35386500864061E-10   2.09849076339295E-08
 98   58     4.01498639156503E-09   6.26337877084145E-07
 99   58     2.60172576701227E-11   4.08470945420927E-09
100   58     1.48489682025164E-11   2.34613697599759E-09
101   58     7.92061152017472E-14   1.25937723170778E-11
102   58     9.37847628201362E-16   1.50055620512218E-13
103   58     2.28111150255770E-20   3.67258951911790E-18
104   58     2.10838324239095E-24   3.41558085267334E-22
105   58     1.00000000000000E-99   1.00000000000000E-99
106   58     1.00000000000000E-99   1.00000000000000E-99
107   58     1.00000000000000E-99   1.00000000000000E-99
108   58     1.00000000000000E-99   1.00000000000000E-99
109   58     1.00000000000000E-99   1.00000000000000E-99
110   58     1.00000000000000E-99   1.00000000000000E-99
111   58     1.00000000000000E-99   1.00000000000000E-99
112   58     1.00000000000000E-99   1.00000000000000E-99
113   58     1.00000000000000E-99   1.00000000000000E-99
114   58     1.00000000000000E-99   1.00000000000000E-99
115   58     1.00000000000000E-99   1.00000000000000E-99
116   58     1.00000000000000E-99   1.00000000000000E-99
117   58     1.00000000000000E-99   1.00000000000000E-99
118   58     1.00000000000000E-99   1.00000000000000E-99
119   58     1.00000000000000E-99   1.00000000000000E-99
120   58     1.00000000000000E-99   1.00000000000000E-99
121   58     1.00000000000000E-99   1.00000000000000E-99
122   58     1.00000000000000E-99   1.00000000000000E-99
123   58     1.00000000000000E-99   1.00000000000000E-99
124   58     1.00000000000000E-99   1.00000000000000E-99
125   58     1.00000000000000E-99   1.00000000000000E-99
126   58     1.00000000000000E-99   1.00000000000000E-99
127   58     1.00000000000000E-99   1.00000000000000E-99
128   58     1.00000000000000E-99   1.00000000000000E-99
129   58     1.00000000000000E-99   1.00000000000000E-99
130   58     1.00000000000000E-99   1.00000000000000E-99
131   58     1.00000000000000E-99   1.00000000000000E-99
132   58     1.00000000000000E-99   1.00000000000000E-99
133   58     1.00000000000000E-99   1.00000000000000E-99
134   58     1.00000000000000E-99   1.00000000000000E-99
135   58     1.00000000000000E-99   1.00000000000000E-99
136   58     1.00000000000000E-99   1.00000000000000E-99
137   58     1.00000000000000E-99   1.00000000000000E-99
 56   59     1.00000000000000E-99   1.00000000000000E-99
 57   59     1.00000000000000E-99   1.00000000000000E-99
 58   59     1.00000000000000E-99   1.00000000000000E-99
 59   59     1.00000000000000E-99   1.00000000000000E-99
 60   59     1.00000000000000E-99   1.00000000000000E-99
 61   59     1.00000000000000E-99   1.00000000000000E-99
 62   59     1.00000000000000E-99   1.00000000000000E-99
 63   59     1.00000000000000E-99   1.00000000000000E-99
 64   59     1.00000000000000E-99   1.00000000000000E-99
 65   59     1.00000000000000E-99   1.00000000000000E-99
 66   59     1.00000000000000E-99   1.00000000000000E-99
 67   59     1.00000000000000E-99   1.00000000000000E-99
 68   59     1.00000000000000E-99   1.00000000000000E-99
 69   59     1.00000000000000E-99   1.00000000000000E-99
 70   59     1.00000000000000E-99   1.00000000000000E-99
 71   59     1.00000000000000E-99   1.00000000000000E-99
 72   59     1.00000000000000E-99   1.00000000000000E-99
 73   59     1.00000000000000E-99   1.00000000000000E-99
 74   59     1.00000000000000E-99   1.00000000000000E-99
 75   59     1.00000000000000E-99   1.00000000000000E-99
 76   59     1.00000000000000E-99   1.00000000000000E-99
 77   59     1.00000000000000E-99   1.00000000000000E-99
 78   59     1.00000000000000E-99   1.00000000000000E-99
 79   59     1.00000000000000E-99   1.00000000000000E-99
 80   59     1.00000000000000E-99   1.00000000000000E-99
 81   59     1.00000000000000E-99   1.00000000000000E-99
 82   59     2.65366698650679E-22   3.74167045097458E-20
 83   59     1.00000000000000E-99   1.00000000000000E-99
 84   59     1.09749372390926E-16   1.56941602519024E-14
 85   59     1.91465460709597E-17   2.75710263421819E-15
 86   59     1.85625242003445E-11   2.69156600904995E-09
 87   59     2.69838730797143E-11   3.93964546963829E-09
 88   59     4.05732907687740E-09   5.96427374300978E-07
 89   59     1.43195496873100E-08   2.11929335372188E-06
 90   59     1.21811755191466E-07   1.81499515235285E-05
 91   59     2.70918399013944E-07   4.06377598520916E-05
 92   59     1.02705416220843E-06   1.55085178493474E-04
 93   59     1.17138948780797E-06   1.78051202146811E-04
 94   59     1.12351257737388E-06   1.71897424338203E-04
 95   59     1.47269161050380E-06   2.26794508017585E-04
 96   59     8.79976979058641E-08   1.36396431754089E-05
 97   59     4.09187901892678E-09   6.38333126952578E-07
 98   59     3.49991724859710E-10   5.49487008029745E-08
 99   59     4.38151409662199E-11   6.92279227266275E-09
100   59     2.49397221422831E-12   3.96541582062301E-10
101   59     1.10003415904569E-14   1.76005465447311E-12
102   59     7.12169190238360E-17   1.14659239628376E-14
103   59     3.40811261931704E-20   5.52114244329361E-18
104   59     5.41061434552487E-23   8.81930138320554E-21
105   59     1.00000000000000E-99   1.00000000000000E-99
106   59     1.00000000000000E-99   1.00000000000000E-99
107   59     1.00000000000000E-99   1.00000000000000E-99
108   59     1.00000000000000E-99   1.00000000000000E-99
109   59     1.00000000000000E-99   1.00000000000000E-99
110   59     1.00000000000000E-99   1.00000000000000E-99
111   59     1.00000000000000E-99   1.00000000000000E-99
112   59     1.00000000000000E-99   1.00000000000000E-99
113   59     1.00000000000000E-99   1.00000000000000E-99
114   59     1.00000000000000E-99   1.00000000000000E-99
115   59     1.00000000000000E-99   1.00000000000000E-99
116   59     1.00000000000000E-99   1.00000000000000E-99
117   59     1.00000000000000E-99   1.00000000000000E-99
118   59     1.00000000000000E-99   1.00000000000000E-99
119   59     1.00000000000000E-99   1.00000000000000E-99
120   59     1.00000000000000E-99   1.00000000000000E-99
121   59     1.00000000000000E-99   1.00000000000000E-99
122   59     1.00000000000000E-99   1.00000000000000E-99
123   59     1.00000000000000E-99   1.00000000000000E-99
124   59     1.00000000000000E-99   1.00000000000000E-99
125   59     1.00000000000000E-99   1.00000000000000E-99
126   59     1.00000000000000E-99   1.00000000000000E-99
127   59     1.00000000000000E-99   1.00000000000000E-99
128   59     1.00000000000000E-99   1.00000000000000E-99
129   59     1.00000000000000E-99   1.00000000000000E-99
130   59     1.00000000000000E-99   1.00000000000000E-99
131   59     1.00000000000000E-99   1.00000000000000E-99
132   59     1.00000000000000E-99   1.00000000000000E-99
133   59     1.00000000000000E-99   1.00000000000000E-99
134   59     1.00000000000000E-99   1.00000000000000E-99
135   59     1.00000000000000E-99   1.00000000000000E-99
136   59     1.00000000000000E-99   1.00000000000000E-99
137   59     1.00000000000000E-99   1.00000000000000E-99
138   59     1.00000000000000E-99   1.00000000000000E-99
139   59     1.00000000000000E-99   1.00000000000000E-99
 58   60     1.00000000000000E-99   1.00000000000000E-99
 59   60     1.00000000000000E-99   1.00000000000000E-99
 60   60     1.00000000000000E-99   1.00000000000000E-99
 61   60     1.00000000000000E-99   1.00000000000000E-99
 62   60     1.00000000000000E-99   1.00000000000000E-99
 63   60     1.00000000000000E-99   1.00000000000000E-99
 64   60     1.00000000000000E-99   1.00000000000000E-99
 65   60     1.00000000000000E-99   1.00000000000000E-99
 66   60     1.00000000000000E-99   1.00000000000000E-99
 67   60     1.00000000000000E-99   1.00000000000000E-99
 68   60     1.00000000000000E-99   1.00000000000000E-99
 69   60     1.00000000000000E-99   1.00000000000000E-99
 70   60     1.00000000000000E-99   1.00000000000000E-99
 71   60     1.00000000000000E-99   1.00000000000000E-99
 72   60     1.00000000000000E-99   1.00000000000000E-99
 73   60     1.00000000000000E-99   1.00000000000000E-99
 74   60     1.00000000000000E-99   1.00000000000000E-99
 75   60     1.00000000000000E-99   1.00000000000000E-99
 76   60     1.00000000000000E-99   1.00000000000000E-99
 77   60     1.00000000000000E-99   1.00000000000000E-99
 78   60     1.00000000000000E-99   1.00000000000000E-99
 79   60     1.00000000000000E-99   1.00000000000000E-99
 80   60     1.00000000000000E-99   1.00000000000000E-99
 81   60     1.00000000000000E-99   1.00000000000000E-99
 82   60     1.00000000000000E-99   1.00000000000000E-99
 83   60     3.42003324541361E-23   4.89064754094146E-21
 84   60     7.94138444181251E-21   1.14355935962100E-18
 85   60     3.63677440767178E-16   5.27332289112407E-14
 86   60     8.70931653465147E-15   1.27156021405911E-12
 87   60     2.53761956134261E-12   3.73030075517363E-10
 88   60     5.98925395221137E-11   8.86409584927283E-09
 89   60     5.23632945426180E-10   7.80213088685009E-08
 90   60     3.06416859326316E-08   4.59625288989474E-06
 91   60     4.33382402192143E-08   6.54407427310136E-06
 92   60     3.40670993431167E-07   5.17819910015374E-05
 93   60     2.94336425994466E-07   4.50334731771533E-05
 94   60     1.00122249314372E-06   1.54188263944133E-04
 95   60     2.02670246593600E-06   3.14138882220080E-04
 96   60     3.10666562306347E-06   4.84639837197901E-04
 97   60     1.29841202335541E-07   2.03850687666799E-05
 98   60     1.92501599353495E-06   3.04152526978523E-04
 99   60     3.01029890889240E-07   4.78637526513891E-05
100   60     5.30458205779230E-07   8.48733129246768E-05
101   60     3.73365156167144E-08   6.01117901429101E-06
102   60     2.52064596464603E-08   4.08344646272658E-06
103   60     5.87125283096920E-12   9.57014211447980E-10
104   60     6.80104021861507E-13   1.11537059585287E-10
105   60     4.64854920927094E-18   7.67010619529705E-16
106   60     1.64596795683012E-21   2.73230680833800E-19
107   60     3.85979257347814E-24   6.44585359770849E-22
108   60     1.00000000000000E-99   1.00000000000000E-99
109   60     1.00000000000000E-99   1.00000000000000E-99
110   60     1.00000000000000E-99   1.00000000000000E-99
111   60     1.00000000000000E-99   1.00000000000000E-99
112   60     1.00000000000000E-99   1.00000000000000E-99
113   60     1.00000000000000E-99   1.00000000000000E-99
114   60     1.00000000000000E-99   1.00000000000000E-99
115   60     1.00000000000000E-99   1.00000000000000E-99
116   60     1.00000000000000E-99   1.00000000000000E-99
117   60     1.00000000000000E-99   1.00000000000000E-99
118   60     1.00000000000000E-99   1.00000000000000E-99
119   60     1.00000000000000E-99   1.00000000000000E-99
120   60     1.00000000000000E-99   1.00000000000000E-99
121   60     1.00000000000000E-99   1.00000000000000E-99
122   60     1.00000000000000E-99   1.00000000000000E-99
123   60     1.00000000000000E-99   1.00000000000000E-99
124   60     1.00000000000000E-99   1.00000000000000E-99
125   60     1.00000000000000E-99   1.00000000000000E-99
126   60     1.00000000000000E-99   1.00000000000000E-99
127   60     1.00000000000000E-99   1.00000000000000E-99
128   60     1.00000000000000E-99   1.00000000000000E-99
129   60     1.00000000000000E-99   1.00000000000000E-99
130   60     1.00000000000000E-99   1.00000000000000E-99
131   60     1.00000000000000E-99   1.00000000000000E-99
132   60     1.00000000000000E-99   1.00000000000000E-99
133   60     1.00000000000000E-99   1.00000000000000E-99
134   60     1.00000000000000E-99   1.00000000000000E-99
135   60     1.00000000000000E-99   1.00000000000000E-99
136   60     1.00000000000000E-99   1.00000000000000E-99
137   60     1.00000000000000E-99   1.00000000000000E-99
138   60     1.00000000000000E-99   1.00000000000000E-99
139   60     1.00000000000000E-99   1.00000000000000E-99
140   60     1.00000000000000E-99   1.00000000000000E-99
141   60     1.00000000000000E-99   1.00000000000000E-99
 59   61     1.00000000000000E-99   1.00000000000000E-99
 60   61     1.00000000000000E-99   1.00000000000000E-99
 61   61     1.00000000000000E-99   1.00000000000000E-99
 62   61     1.00000000000000E-99   1.00000000000000E-99
 63   61     1.00000000000000E-99   1.00000000000000E-99
 64   61     1.00000000000000E-99   1.00000000000000E-99
 65   61     1.00000000000000E-99   1.00000000000000E-99
 66   61     1.00000000000000E-99   1.00000000000000E-99
 67   61     1.00000000000000E-99   1.00000000000000E-99
 68   61     1.00000000000000E-99   1.00000000000000E-99
 69   61     1.00000000000000E-99   1.00000000000000E-99
 70   61     1.00000000000000E-99   1.00000000000000E-99
 71   61     1.00000000000000E-99   1.00000000000000E-99
 72   61     1.00000000000000E-99   1.00000000000000E-99
 73   61     1.00000000000000E-99   1.00000000000000E-99
 74   61     1.00000000000000E-99   1.00000000000000E-99
 75   61     1.00000000000000E-99   1.00000000000000E-99
 76   61     1.00000000000000E-99   1.00000000000000E-99
 77   61     1.00000000000000E-99   1.00000000000000E-99
 78   61     1.00000000000000E-99   1.00000000000000E-99
 79   61     1.00000000000000E-99   1.00000000000000E-99
 80   61     1.00000000000000E-99   1.00000000000000E-99
 81   61     1.00000000000000E-99   1.00000000000000E-99
 82   61     1.00000000000000E-99   1.00000000000000E-99
 83   61     1.00000000000000E-99   1.00000000000000E-99
 84   61     1.00000000000000E-99   1.00000000000000E-99
 85   61     1.00000000000000E-99   1.00000000000000E-99
 86   61     1.04362582100622E-18   1.53412995687914E-16
 87   61     5.77853555537636E-20   8.55223262195701E-18
 88   61     2.96299367746489E-14   4.41486057942269E-12
 89   61     3.61368585632120E-15   5.42052878448181E-13
 90   61     2.83741181142258E-11   4.28449183524809E-09
 91   61     2.54040864231487E-10   3.86142113631860E-08
 92   61     5.85509634587450E-09   8.95829740918799E-07
 93   61     2.42645078754204E-08   3.73673421281474E-06
 94   61     2.95786822568626E-07   4.58469574981371E-05
 95   61     5.29112501422293E-07   8.25415502218777E-05
 96   61     2.79638424046331E-06   4.39032325752740E-04
 97   61     3.59606057267560E-06   5.68177570482744E-04
 98   61     2.77883792007373E-06   4.41835229291724E-04
 99   61     1.12825908719710E-06   1.80521453951536E-04
100   61     2.13689724025762E-07   3.44040455681476E-05
101   61     7.22389321757658E-08   1.17027070124741E-05
102   61     3.72784876063001E-09   6.07639347982692E-07
103   61     1.15754034811586E-11   1.89836617091001E-09
104   61     2.95150537608422E-13   4.86998387053896E-11
105   61     5.55418900008029E-17   9.21995374013328E-15
106   61     6.77406637856010E-19   1.13126908521954E-16
107   61     1.86089471051288E-16   3.12630311366164E-14
108   61     2.89510831842435E-18   4.89273305813715E-16
109   61     2.27870497615727E-21   3.87379845946735E-19
110   61     4.03834356947986E-23   6.90556750381056E-21
111   61     1.00000000000000E-99   1.00000000000000E-99
112   61     1.00000000000000E-99   1.00000000000000E-99
113   61     1.00000000000000E-99   1.00000000000000E-99
114   61     1.00000000000000E-99   1.00000000000000E-99
115   61     1.00000000000000E-99   1.00000000000000E-99
116   61     1.00000000000000E-99   1.00000000000000E-99
117   61     1.00000000000000E-99   1.00000000000000E-99
118   61     1.00000000000000E-99   1.00000000000000E-99
119   61     1.00000000000000E-99   1.00000000000000E-99
120   61     1.00000000000000E-99   1.00000000000000E-99
121   61     1.00000000000000E-99   1.00000000000000E-99
122   61     1.00000000000000E-99   1.00000000000000E-99
123   61     1.00000000000000E-99   1.00000000000000E-99
124   61     1.00000000000000E-99   1.00000000000000E-99
125   61     1.00000000000000E-99   1.00000000000000E-99
126   61     1.00000000000000E-99   1.00000000000000E-99
127   61     1.00000000000000E-99   1.00000000000000E-99
128   61     1.00000000000000E-99   1.00000000000000E-99
129   61     1.00000000000000E-99   1.00000000000000E-99
130   61     1.00000000000000E-99   1.00000000000000E-99
131   61     1.00000000000000E-99   1.00000000000000E-99
132   61     1.00000000000000E-99   1.00000000000000E-99
133   61     1.00000000000000E-99   1.00000000000000E-99
134   61     1.00000000000000E-99   1.00000000000000E-99
135   61     1.00000000000000E-99   1.00000000000000E-99
136   61     1.00000000000000E-99   1.00000000000000E-99
137   61     1.00000000000000E-99   1.00000000000000E-99
138   61     1.00000000000000E-99   1.00000000000000E-99
139   61     1.00000000000000E-99   1.00000000000000E-99
140   61     1.00000000000000E-99   1.00000000000000E-99
141   61     1.00000000000000E-99   1.00000000000000E-99
142   61     1.00000000000000E-99   1.00000000000000E-99
143   61     1.00000000000000E-99   1.00000000000000E-99
144   61     1.00000000000000E-99   1.00000000000000E-99
 61   62     1.00000000000000E-99   1.00000000000000E-99
 62   62     1.00000000000000E-99   1.00000000000000E-99
 63   62     1.00000000000000E-99   1.00000000000000E-99
 64   62     1.00000000000000E-99   1.00000000000000E-99
 65   62     1.00000000000000E-99   1.00000000000000E-99
 66   62     1.00000000000000E-99   1.00000000000000E-99
 67   62     1.00000000000000E-99   1.00000000000000E-99
 68   62     1.00000000000000E-99   1.00000000000000E-99
 69   62     1.00000000000000E-99   1.00000000000000E-99
 70   62     1.00000000000000E-99   1.00000000000000E-99
 71   62     1.00000000000000E-99   1.00000000000000E-99
 72   62     1.00000000000000E-99   1.00000000000000E-99
 73   62     1.00000000000000E-99   1.00000000000000E-99
 74   62     1.00000000000000E-99   1.00000000000000E-99
 75   62     1.00000000000000E-99   1.00000000000000E-99
 76   62     1.00000000000000E-99   1.00000000000000E-99
 77   62     1.00000000000000E-99   1.00000000000000E-99
 78   62     1.00000000000000E-99   1.00000000000000E-99
 79   62     1.00000000000000E-99   1.00000000000000E-99
 80   62     1.00000000000000E-99   1.00000000000000E-99
 81   62     1.00000000000000E-99   1.00000000000000E-99
 82   62     1.00000000000000E-99   1.00000000000000E-99
 83   62     1.00000000000000E-99   1.00000000000000E-99
 84   62     1.00000000000000E-99   1.00000000000000E-99
 85   62     1.00000000000000E-99   1.00000000000000E-99
 86   62     1.00000000000000E-99   1.00000000000000E-99
 87   62     4.71223976768552E-20   7.02123725385142E-18
 88   62     1.41763210204003E-19   2.12644815306004E-17
 89   62     9.00187104482065E-17   1.35928252776792E-14
 90   62     4.42948121715019E-13   6.73281145006829E-11
 91   62     7.69163251284217E-12   1.17681977446485E-09
 92   62     7.77736688345012E-11   1.19771450005132E-08
 93   62     4.99112033690748E-09   7.73623652220660E-07
 94   62     5.07941527619647E-08   7.92388783086649E-06
 95   62     3.15559596635636E-07   4.95428566717949E-05
 96   62     9.37305373348001E-07   1.48094248988984E-04
 97   62     3.17826637363896E-06   5.05344353408595E-04
 98   62     9.78770626135229E-06   1.56603300181637E-03
 99   62     8.50041460476116E-06   1.36856675136655E-03
100   62     1.15997168737809E-05   1.87915413355250E-03
101   62     9.53251742376352E-06   1.55380034007345E-03
102   62     1.32753994475288E-05   2.17716550939473E-03
103   62     5.18819037137707E-07   8.56051411277216E-05
104   62     4.49943692095022E-07   7.46906528877736E-05
105   62     3.04533701350834E-11   5.08571281255892E-09
106   62     4.80675932813427E-10   8.07535567126557E-08
107   62     3.39483045471821E-12   5.73726346847377E-10
108   62     1.71872818557649E-13   2.92183791548004E-11
109   62     2.81012910130219E-17   4.80532076322675E-15
110   62     6.95747541368942E-18   1.19668577115458E-15
111   62     4.04229175529997E-22   6.99316473666895E-20
112   62     5.38500175746913E-22   9.36990305799629E-20
113   62     1.85964820663716E-24   3.25438436161503E-22
114   62     1.00000000000000E-99   1.00000000000000E-99
115   62     1.00000000000000E-99   1.00000000000000E-99
116   62     1.00000000000000E-99   1.00000000000000E-99
117   62     1.00000000000000E-99   1.00000000000000E-99
118   62     1.00000000000000E-99   1.00000000000000E-99
119   62     1.00000000000000E-99   1.00000000000000E-99
120   62     1.00000000000000E-99   1.00000000000000E-99
121   62     1.00000000000000E-99   1.00000000000000E-99
122   62     1.00000000000000E-99   1.00000000000000E-99
123   62     1.00000000000000E-99   1.00000000000000E-99
124   62     1.00000000000000E-99   1.00000000000000E-99
125   62     1.00000000000000E-99   1.00000000000000E-99
126   62     1.00000000000000E-99   1.00000000000000E-99
127   62     1.00000000000000E-99   1.00000000000000E-99
128   62     1.00000000000000E-99   1.00000000000000E-99
129   62     1.00000000000000E-99   1.00000000000000E-99
130   62     1.00000000000000E-99   1.00000000000000E-99
131   62     1.00000000000000E-99   1.00000000000000E-99
132   62     1.00000000000000E-99   1.00000000000000E-99
133   62     1.00000000000000E-99   1.00000000000000E-99
134   62     1.00000000000000E-99   1.00000000000000E-99
135   62     1.00000000000000E-99   1.00000000000000E-99
136   62     1.00000000000000E-99   1.00000000000000E-99
137   62     1.00000000000000E-99   1.00000000000000E-99
138   62     1.00000000000000E-99   1.00000000000000E-99
139   62     1.00000000000000E-99   1.00000000000000E-99
140   62     1.00000000000000E-99   1.00000000000000E-99
141   62     1.00000000000000E-99   1.00000000000000E-99
142   62     1.00000000000000E-99   1.00000000000000E-99
143   62     1.00000000000000E-99   1.00000000000000E-99
144   62     1.00000000000000E-99   1.00000000000000E-99
145   62     1.00000000000000E-99   1.00000000000000E-99
146   62     1.00000000000000E-99   1.00000000000000E-99
 62   63     1.00000000000000E-99   1.00000000000000E-99
 63   63     1.00000000000000E-99   1.00000000000000E-99
 64   63     1.00000000000000E-99   1.00000000000000E-99
 65   63     1.00000000000000E-99   1.00000000000000E-99
 66   63     1.00000000000000E-99   1.00000000000000E-99
 67   63     1.00000000000000E-99   1.00000000000000E-99
 68   63     1.00000000000000E-99   1.00000000000000E-99
 69   63     1.00000000000000E-99   1.00000000000000E-99
 70   63     1.00000000000000E-99   1.00000000000000E-99
 71   63     1.00000000000000E-99   1.00000000000000E-99
 72   63     1.00000000000000E-99   1.00000000000000E-99
 73   63     1.00000000000000E-99   1.00000000000000E-99
 74   63     1.00000000000000E-99   1.00000000000000E-99
 75   63     1.00000000000000E-99   1.00000000000000E-99
 76   63     1.00000000000000E-99   1.00000000000000E-99
 77   63     1.00000000000000E-99   1.00000000000000E-99
 78   63     1.00000000000000E-99   1.00000000000000E-99
 79   63     1.00000000000000E-99   1.00000000000000E-99
 80   63     1.00000000000000E-99   1.00000000000000E-99
 81   63     1.00000000000000E-99   1.00000000000000E-99
 82   63     1.00000000000000E-99   1.00000000000000E-99
 83   63     1.00000000000000E-99   1.00000000000000E-99
 84   63     1.00000000000000E-99   1.00000000000000E-99
 85   63     1.00000000000000E-99   1.00000000000000E-99
 86   63     1.00000000000000E-99   1.00000000000000E-99
 87   63     1.00000000000000E-99   1.00000000000000E-99
 88   63     1.00000000000000E-99   1.00000000000000E-99
 89   63     1.00000000000000E-99   1.00000000000000E-99
 90   63     1.41772791223901E-17   2.16912370572568E-15
 91   63     2.19495960623719E-18   3.38023779360527E-16
 92   63     1.62753453372791E-12   2.52267852727826E-10
 93   63     9.41321595149424E-13   1.46846168843310E-10
 94   63     4.09507576649889E-10   6.42926895340326E-08
 95   63     1.56798133931854E-09   2.47741051612329E-07
 96   63     2.06279506433305E-07   3.27984415228954E-05
 97   63     6.62666712051466E-07   1.06026673928235E-04
 98   63     2.84213220304318E-06   4.57583284689952E-04
 99   63     6.34601169739072E-06   1.02805389497730E-03
100   63     8.44319002482913E-06   1.37623997404715E-03
101   63     9.59897467930430E-06   1.57423184740591E-03
102   63     9.08053464243110E-06   1.49828821600113E-03
103   63     3.27025901750933E-06   5.42862996906549E-04
104   63     6.23394546820750E-06   1.04106889319065E-03
105   63     1.68382806216332E-08   2.82883114443438E-06
106   63     1.28015345677251E-07   2.16345934194555E-05
107   63     1.86839000816541E-10   3.17626301388120E-08
108   63     1.58433417676478E-12   2.70921144226777E-10
109   63     1.37291413888545E-15   2.36141231888298E-13
110   63     9.38395475931660E-18   1.62342417336177E-15
111   63     7.11119983273262E-21   1.23734877089548E-18
112   63     5.68748848006475E-16   9.95310484011331E-14
113   63     2.99226577376408E-19   5.26638776182479E-17
114   63     4.98727870968294E-22   8.82748331613880E-20
115   63     1.00000000000000E-99   1.00000000000000E-99
116   63     1.00000000000000E-99   1.00000000000000E-99
117   63     1.00000000000000E-99   1.00000000000000E-99
118   63     1.00000000000000E-99   1.00000000000000E-99
119   63     1.00000000000000E-99   1.00000000000000E-99
120   63     1.00000000000000E-99   1.00000000000000E-99
121   63     1.00000000000000E-99   1.00000000000000E-99
122   63     1.00000000000000E-99   1.00000000000000E-99
123   63     1.00000000000000E-99   1.00000000000000E-99
124   63     1.00000000000000E-99   1.00000000000000E-99
125   63     1.00000000000000E-99   1.00000000000000E-99
126   63     1.00000000000000E-99   1.00000000000000E-99
127   63     1.00000000000000E-99   1.00000000000000E-99
128   63     1.00000000000000E-99   1.00000000000000E-99
129   63     1.00000000000000E-99   1.00000000000000E-99
130   63     1.00000000000000E-99   1.00000000000000E-99
131   63     1.00000000000000E-99   1.00000000000000E-99
132   63     1.00000000000000E-99   1.00000000000000E-99
133   63     1.00000000000000E-99   1.00000000000000E-99
134   63     1.00000000000000E-99   1.00000000000000E-99
135   63     1.00000000000000E-99   1.00000000000000E-99
136   63     1.00000000000000E-99   1.00000000000000E-99
137   63     1.00000000000000E-99   1.00000000000000E-99
138   63     1.00000000000000E-99   1.00000000000000E-99
139   63     1.00000000000000E-99   1.00000000000000E-99
140   63     1.00000000000000E-99   1.00000000000000E-99
141   63     1.00000000000000E-99   1.00000000000000E-99
142   63     1.00000000000000E-99   1.00000000000000E-99
143   63     1.00000000000000E-99   1.00000000000000E-99
144   63     1.00000000000000E-99   1.00000000000000E-99
145   63     1.00000000000000E-99   1.00000000000000E-99
146   63     1.00000000000000E-99   1.00000000000000E-99
147   63     1.00000000000000E-99   1.00000000000000E-99
148   63     1.00000000000000E-99   1.00000000000000E-99
 81   64     1.00000000000000E-99   1.00000000000000E-99
 82   64     1.00000000000000E-99   1.00000000000000E-99
 83   64     1.00000000000000E-99   1.00000000000000E-99
 84   64     1.00000000000000E-99   1.00000000000000E-99
 85   64     1.00000000000000E-99   1.00000000000000E-99
 86   64     1.00000000000000E-99   1.00000000000000E-99
 87   64     1.00000000000000E-99   1.00000000000000E-99
 88   64     1.00000000000000E-99   1.00000000000000E-99
 89   64     1.00000000000000E-99   1.00000000000000E-99
 90   64     1.00000000000000E-99   1.00000000000000E-99
 91   64     3.40587020007757E-21   5.27909881012024E-19
 92   64     2.84080548553683E-19   4.43165655743746E-17
 93   64     3.13261642778753E-15   4.91820779162641E-13
 94   64     2.63097795554380E-13   4.15694516975921E-11
 95   64     9.53137034054131E-11   1.51548788414607E-08
 96   64     1.01288916299167E-08   1.62062266078667E-06
 97   64     7.95334169014771E-08   1.28048801211378E-05
 98   64     5.07634651108241E-07   8.22368134795351E-05
 99   64     1.05652264706917E-06   1.72213191472274E-04
100   64     2.48850637271283E-06   4.08115045124905E-04
101   64     6.19648211348121E-06   1.02241954872440E-03
102   64     5.46498011859852E-06   9.07186699687354E-04
103   64     7.41780178075120E-06   1.23877289738545E-03
104   64     1.29780964403584E-05   2.18032020198021E-03
105   64     1.26064757354692E-07   2.13049439929429E-05
106   64     1.88931300973621E-06   3.21183211655155E-04
107   64     2.24244340396512E-07   3.83457822078036E-05
108   64     8.73998278866956E-08   1.50327703965116E-05
109   64     6.70411333092766E-10   1.15981160625048E-07
110   64     1.33693194012378E-09   2.32626157581537E-07
111   64     3.26764082166177E-12   5.71837143790810E-10
112   64     2.28282059216144E-11   4.01776424220414E-09
113   64     1.09818224247957E-12   1.94378256918883E-10
114   64     1.31210000718518E-13   2.33553801278962E-11
115   64     6.58790937301984E-18   1.17923577777055E-15
116   64     1.40516518905966E-20   2.52929734030739E-18
117   64     1.00000000000000E-99   1.00000000000000E-99
118   64     1.00000000000000E-99   1.00000000000000E-99
119   64     1.00000000000000E-99   1.00000000000000E-99
120   64     1.00000000000000E-99   1.00000000000000E-99
121   64     1.00000000000000E-99   1.00000000000000E-99
122   64     1.00000000000000E-99   1.00000000000000E-99
123   64     1.00000000000000E-99   1.00000000000000E-99
124   64     1.00000000000000E-99   1.00000000000000E-99
125   64     1.00000000000000E-99   1.00000000000000E-99
126   64     1.00000000000000E-99   1.00000000000000E-99
127   64     1.00000000000000E-99   1.00000000000000E-99
128   64     1.00000000000000E-99   1.00000000000000E-99
129   64     1.00000000000000E-99   1.00000000000000E-99
130   64     1.00000000000000E-99   1.00000000000000E-99
131   64     1.00000000000000E-99   1.00000000000000E-99
132   64     1.00000000000000E-99   1.00000000000000E-99
133   64     1.00000000000000E-99   1.00000000000000E-99
134   64     1.00000000000000E-99   1.00000000000000E-99
135   64     1.00000000000000E-99   1.00000000000000E-99
136   64     1.00000000000000E-99   1.00000000000000E-99
137   64     1.00000000000000E-99   1.00000000000000E-99
138   64     1.00000000000000E-99   1.00000000000000E-99
139   64     1.00000000000000E-99   1.00000000000000E-99
140   64     1.00000000000000E-99   1.00000000000000E-99
141   64     1.00000000000000E-99   1.00000000000000E-99
142   64     1.00000000000000E-99   1.00000000000000E-99
143   64     1.00000000000000E-99   1.00000000000000E-99
144   64     1.00000000000000E-99   1.00000000000000E-99
145   64     1.00000000000000E-99   1.00000000000000E-99
146   64     1.00000000000000E-99   1.00000000000000E-99
147   64     1.00000000000000E-99   1.00000000000000E-99
148   64     1.00000000000000E-99   1.00000000000000E-99
149   64     1.00000000000000E-99   1.00000000000000E-99
150   64     1.00000000000000E-99   1.00000000000000E-99
 82   65     1.00000000000000E-99   1.00000000000000E-99
 83   65     1.00000000000000E-99   1.00000000000000E-99
 84   65     1.00000000000000E-99   1.00000000000000E-99
 85   65     1.00000000000000E-99   1.00000000000000E-99
 86   65     1.00000000000000E-99   1.00000000000000E-99
 87   65     1.00000000000000E-99   1.00000000000000E-99
 88   65     1.00000000000000E-99   1.00000000000000E-99
 89   65     1.00000000000000E-99   1.00000000000000E-99
 90   65     1.00000000000000E-99   1.00000000000000E-99
 91   65     1.00000000000000E-99   1.00000000000000E-99
 92   65     1.00000000000000E-99   1.00000000000000E-99
 93   65     1.00000000000000E-99   1.00000000000000E-99
 94   65     5.16495292270744E-16   8.21227514710482E-14
 95   65     6.17709126578352E-17   9.88334602525363E-15
 96   65     1.70195332013221E-10   2.74014484541286E-08
 97   65     5.10070100831268E-10   8.26313563346654E-08
 98   65     9.31805963238046E-09   1.51884372007802E-06
 99   65     2.90118583826336E-08   4.75794477475191E-06
100   65     4.80145381538496E-07   7.92239879538518E-05
101   65     9.40249258251442E-07   1.56081376869739E-04
102   65     2.62775797801984E-06   4.38835582329312E-04
103   65     4.24634012997433E-06   7.13385141835687E-04
104   65     5.20920933677597E-06   8.80356377915138E-04
105   65     1.64062993883009E-06   2.78907089601116E-04
106   65     4.78709125691689E-06   8.18592604932788E-04
107   65     2.17072510068505E-06   3.73364717317829E-04
108   65     1.02352859119038E-06   1.77070446275936E-04
109   65     1.36997080151369E-07   2.38374919463382E-05
110   65     1.07725897457127E-07   1.88520320549972E-05
111   65     2.75402748560882E-09   4.84708837467152E-07
112   65     1.07594479397371E-10   1.90442228533347E-08
113   65     8.40141885938911E-13   1.49545255697126E-10
114   65     1.75405337098603E-14   3.13975553406499E-12
115   65     2.22148243140867E-17   3.99866837653560E-15
116   65     1.64843008840806E-19   2.98365846001860E-17
117   65     1.65295230037978E-23   3.00837318669121E-21
118   65     1.00000000000000E-99   1.00000000000000E-99
119   65     1.00000000000000E-99   1.00000000000000E-99
120   65     1.00000000000000E-99   1.00000000000000E-99
121   65     1.00000000000000E-99   1.00000000000000E-99
122   65     1.00000000000000E-99   1.00000000000000E-99
123   65     1.00000000000000E-99   1.00000000000000E-99
124   65     1.00000000000000E-99   1.00000000000000E-99
125   65     1.00000000000000E-99   1.00000000000000E-99
126   65     1.00000000000000E-99   1.00000000000000E-99
127   65     1.00000000000000E-99   1.00000000000000E-99
128   65     1.00000000000000E-99   1.00000000000000E-99
129   65     1.00000000000000E-99   1.00000000000000E-99
130   65     1.00000000000000E-99   1.00000000000000E-99
131   65     1.00000000000000E-99   1.00000000000000E-99
132   65     1.00000000000000E-99   1.00000000000000E-99
133   65     1.00000000000000E-99   1.00000000000000E-99
134   65     1.00000000000000E-99   1.00000000000000E-99
135   65     1.00000000000000E-99   1.00000000000000E-99
136   65     1.00000000000000E-99   1.00000000000000E-99
137   65     1.00000000000000E-99   1.00000000000000E-99
138   65     1.00000000000000E-99   1.00000000000000E-99
139   65     1.00000000000000E-99   1.00000000000000E-99
140   65     1.00000000000000E-99   1.00000000000000E-99
141   65     1.00000000000000E-99   1.00000000000000E-99
142   65     1.00000000000000E-99   1.00000000000000E-99
143   65     1.00000000000000E-99   1.00000000000000E-99
144   65     1.00000000000000E-99   1.00000000000000E-99
145   65     1.00000000000000E-99   1.00000000000000E-99
146   65     1.00000000000000E-99   1.00000000000000E-99
147   65     1.00000000000000E-99   1.00000000000000E-99
148   65     1.00000000000000E-99   1.00000000000000E-99
149   65     1.00000000000000E-99   1.00000000000000E-99
150   65     1.00000000000000E-99   1.00000000000000E-99
151   65     1.00000000000000E-99   1.00000000000000E-99
152   65     1.00000000000000E-99   1.00000000000000E-99
153   65     1.00000000000000E-99   1.00000000000000E-99
 82   66     1.00000000000000E-99   1.00000000000000E-99
 83   66     1.00000000000000E-99   1.00000000000000E-99
 84   66     1.00000000000000E-99   1.00000000000000E-99
 85   66     1.00000000000000E-99   1.00000000000000E-99
 86   66     1.00000000000000E-99   1.00000000000000E-99
 87   66     1.00000000000000E-99   1.00000000000000E-99
 88   66     1.00000000000000E-99   1.00000000000000E-99
 89   66     1.00000000000000E-99   1.00000000000000E-99
 90   66     1.00000000000000E-99   1.00000000000000E-99
 91   66     1.00000000000000E-99   1.00000000000000E-99
 92   66     1.00000000000000E-99   1.00000000000000E-99
 93   66     1.00000000000000E-99   1.00000000000000E-99
 94   66     4.19320020470830E-25   6.70912032753329E-23
 95   66     9.53850079885357E-17   1.53569862861542E-14
 96   66     4.52859792706789E-13   7.33632864184997E-11
 97   66     3.31296564191536E-12   5.40013399632203E-10
 98   66     7.41216334057398E-11   1.21559478785413E-08
 99   66     2.00457881434865E-09   3.30755504367527E-07
100   66     2.33278531624706E-08   3.87242362497012E-06
101   66     9.30490844981698E-08   1.55391971111944E-05
102   66     4.64375978284832E-07   7.80151643518517E-05
103   66     7.05068823034470E-07   1.19156631092825E-04
104   66     6.33265060708614E-06   1.07655060320464E-03
105   66     2.52347503206843E-06   4.31514230483701E-04
106   66     5.67671135581886E-06   9.76394353200845E-04
107   66     5.85736806679319E-06   1.01332467555522E-03
108   66     6.57540236883506E-06   1.14412001217730E-03
109   66     7.71405699441946E-07   1.34995997402340E-04
110   66     1.58013238009316E-06   2.78103298896397E-04
111   66     1.40299402311445E-07   2.48329942091258E-05
112   66     4.00478803748071E-07   7.12852270671566E-05
113   66     4.40377994603716E-08   7.88276610340652E-06
114   66     5.65934231453372E-08   1.01868161661607E-05
115   66     3.04336410840686E-10   5.50848903621642E-08
116   66     1.28084634874127E-10   2.33114035470912E-08
117   66     1.71425456621389E-15   3.13708585617141E-13
118   66     2.89637337129046E-19   5.32932700317445E-17
119   66     3.49662756504169E-24   6.46876099532713E-22
120   66     1.01811200907448E-23   1.89368833687854E-21
121   66     1.00000000000000E-99   1.00000000000000E-99
122   66     1.00000000000000E-99   1.00000000000000E-99
123   66     1.00000000000000E-99   1.00000000000000E-99
124   66     1.00000000000000E-99   1.00000000000000E-99
125   66     1.00000000000000E-99   1.00000000000000E-99
126   66     1.00000000000000E-99   1.00000000000000E-99
127   66     1.00000000000000E-99   1.00000000000000E-99
128   66     1.00000000000000E-99   1.00000000000000E-99
129   66     1.00000000000000E-99   1.00000000000000E-99
130   66     1.00000000000000E-99   1.00000000000000E-99
131   66     1.00000000000000E-99   1.00000000000000E-99
132   66     1.00000000000000E-99   1.00000000000000E-99
133   66     1.00000000000000E-99   1.00000000000000E-99
134   66     1.00000000000000E-99   1.00000000000000E-99
135   66     1.00000000000000E-99   1.00000000000000E-99
136   66     1.00000000000000E-99   1.00000000000000E-99
137   66     1.00000000000000E-99   1.00000000000000E-99
138   66     1.00000000000000E-99   1.00000000000000E-99
139   66     1.00000000000000E-99   1.00000000000000E-99
140   66     1.00000000000000E-99   1.00000000000000E-99
141   66     1.00000000000000E-99   1.00000000000000E-99
142   66     1.00000000000000E-99   1.00000000000000E-99
143   66     1.00000000000000E-99   1.00000000000000E-99
144   66     1.00000000000000E-99   1.00000000000000E-99
145   66     1.00000000000000E-99   1.00000000000000E-99
146   66     1.00000000000000E-99   1.00000000000000E-99
147   66     1.00000000000000E-99   1.00000000000000E-99
148   66     1.00000000000000E-99   1.00000000000000E-99
149   66     1.00000000000000E-99   1.00000000000000E-99
150   66     1.00000000000000E-99   1.00000000000000E-99
151   66     1.00000000000000E-99   1.00000000000000E-99
152   66     1.00000000000000E-99   1.00000000000000E-99
153   66     1.00000000000000E-99   1.00000000000000E-99
154   66     1.00000000000000E-99   1.00000000000000E-99
155   66     1.00000000000000E-99   1.00000000000000E-99
 84   67     1.00000000000000E-99   1.00000000000000E-99
 85   67     1.00000000000000E-99   1.00000000000000E-99
 86   67     1.00000000000000E-99   1.00000000000000E-99
 87   67     1.00000000000000E-99   1.00000000000000E-99
 88   67     1.00000000000000E-99   1.00000000000000E-99
 89   67     1.00000000000000E-99   1.00000000000000E-99
 90   67     1.00000000000000E-99   1.00000000000000E-99
 91   67     1.00000000000000E-99   1.00000000000000E-99
 92   67     1.00000000000000E-99   1.00000000000000E-99
 93   67     1.00000000000000E-99   1.00000000000000E-99
 94   67     1.00000000000000E-99   1.00000000000000E-99
 95   67     1.00000000000000E-99   1.00000000000000E-99
 96   67     1.00000000000000E-99   1.00000000000000E-99
 97   67     1.00000000000000E-99   1.00000000000000E-99
 98   67     9.00776516253864E-14   1.48628125181888E-11
 99   67     3.52693403301042E-14   5.85471049479730E-12
100   67     1.17648150898518E-10   1.96472412000524E-08
101   67     4.59652783346293E-10   7.72216676021773E-08
102   67     1.25423466395689E-08   2.11965658208715E-06
103   67     7.11289095133185E-08   1.20919146172641E-05
104   67     1.92813693943431E-06   3.29711416643267E-04
105   67     8.57006725196444E-07   1.47405156733788E-04
106   67     2.00355770513641E-06   3.46615482988598E-04
107   67     3.88476249022783E-06   6.75948673299642E-04
108   67     1.39163364322179E-06   2.43535887563813E-04
109   67     1.37724217834002E-06   2.42394623387843E-04
110   67     4.67473744637770E-07   8.27428528008853E-05
111   67     4.07025324699755E-07   7.24505077965565E-05
112   67     9.75135860815588E-08   1.74549319085990E-05
113   67     6.21100376809312E-08   1.11798067825676E-05
114   67     5.66782867628230E-09   1.02587699040710E-06
115   67     2.99634411819915E-10   5.45334629512245E-08
116   67     5.61096807823123E-12   1.02680715831631E-09
117   67     2.14659441343184E-15   3.94973372071458E-13
118   67     6.43398199434543E-18   1.19028666895390E-15
119   67     4.90512385699633E-20   9.12353037401317E-18
120   67     2.01303292716676E-17   3.76437157380184E-15
121   67     7.89123132906309E-20   1.48355148986386E-17
122   67     6.99473117180022E-19   1.32200419147024E-16
123   67     1.25300027067996E-21   2.38070051429192E-19
124   67     7.87394197622631E-25   1.50392291745922E-22
125   67     1.00000000000000E-99   1.00000000000000E-99
126   67     1.00000000000000E-99   1.00000000000000E-99
127   67     1.00000000000000E-99   1.00000000000000E-99
128   67     1.00000000000000E-99   1.00000000000000E-99
129   67     1.00000000000000E-99   1.00000000000000E-99
130   67     1.00000000000000E-99   1.00000000000000E-99
131   67     1.00000000000000E-99   1.00000000000000E-99
132   67     1.00000000000000E-99   1.00000000000000E-99
133   67     1.00000000000000E-99   1.00000000000000E-99
134   67     1.00000000000000E-99   1.00000000000000E-99
135   67     1.00000000000000E-99   1.00000000000000E-99
136   67     1.00000000000000E-99   1.00000000000000E-99
137   67     1.00000000000000E-99   1.00000000000000E-99
138   67     1.00000000000000E-99   1.00000000000000E-99
139   67     1.00000000000000E-99   1.00000000000000E-99
140   67     1.00000000000000E-99   1.00000000000000E-99
141   67     1.00000000000000E-99   1.00000000000000E-99
142   67     1.00000000000000E-99   1.00000000000000E-99
143   67     1.00000000000000E-99   1.00000000000000E-99
144   67     1.00000000000000E-99   1.00000000000000E-99
145   67     1.00000000000000E-99   1.00000000000000E-99
146   67     1.00000000000000E-99   1.00000000000000E-99
147   67     1.00000000000000E-99   1.00000000000000E-99
148   67     1.00000000000000E-99   1.00000000000000E-99
149   67     1.00000000000000E-99   1.00000000000000E-99
150   67     1.00000000000000E-99   1.00000000000000E-99
151   67     1.00000000000000E-99   1.00000000000000E-99
152   67     1.00000000000000E-99   1.00000000000000E-99
153   67     1.00000000000000E-99   1.00000000000000E-99
154   67     1.00000000000000E-99   1.00000000000000E-99
155   67     1.00000000000000E-99   1.00000000000000E-99
156   67     1.00000000000000E-99   1.00000000000000E-99
157   67     1.00000000000000E-99   1.00000000000000E-99
 85   68     1.00000000000000E-99   1.00000000000000E-99
 86   68     1.00000000000000E-99   1.00000000000000E-99
 87   68     1.00000000000000E-99   1.00000000000000E-99
 88   68     1.00000000000000E-99   1.00000000000000E-99
 89   68     1.00000000000000E-99   1.00000000000000E-99
 90   68     1.00000000000000E-99   1.00000000000000E-99
 91   68     1.00000000000000E-99   1.00000000000000E-99
 92   68     1.00000000000000E-99   1.00000000000000E-99
 93   68     1.00000000000000E-99   1.00000000000000E-99
 94   68     1.00000000000000E-99   1.00000000000000E-99
 95   68     1.00000000000000E-99   1.00000000000000E-99
 96   68     1.00000000000000E-99   1.00000000000000E-99
 97   68     1.00000000000000E-99   1.00000000000000E-99
 98   68     1.24872371618205E-19   2.07288136886220E-17
 99   68     3.79437519014575E-15   6.33660656754341E-13
100   68     1.08778804943229E-12   1.82748392304625E-10
101   68     2.12112474368094E-11   3.58470081682079E-09
102   68     2.38874250171911E-10   4.06086225292249E-08
103   68     2.25495715556020E-08   3.85597673600795E-06
104   68     2.45092143581624E-08   4.21558486960393E-06
105   68     8.03631622366505E-07   1.39028270669405E-04
106   68     3.58763030124761E-06   6.24247672417083E-04
107   68     3.34062249145849E-06   5.84608936005236E-04
108   68     7.00656041143288E-06   1.23315463241219E-03
109   68     5.69115084352850E-06   1.00733369930454E-03
110   68     1.00470942726427E-05   1.78838278053040E-03
111   68     4.45325563247073E-06   7.97132758212261E-04
112   68     6.04253400712623E-06   1.08765612128272E-03
113   68     2.54325629283070E-06   4.60329389002356E-04
114   68     3.28221769904873E-06   5.97363621226868E-04
115   68     3.02623551331522E-07   5.53801098936685E-05
116   68     3.38646622646100E-07   6.23109785668824E-05
117   68     2.78256550457778E-11   5.14774618346889E-09
118   68     4.12163159701816E-12   7.66623477045378E-10
119   68     9.29995867469671E-15   1.73909227216828E-12
120   68     5.38346973377824E-12   1.01209230995031E-09
121   68     4.70495037473258E-15   8.89235620824457E-13
122   68     2.14102786681814E-13   4.06795294695447E-11
123   68     1.37778446990930E-16   2.63156833752676E-14
124   68     1.19895443365175E-17   2.30199251261135E-15
125   68     6.26006669701875E-19   1.20819287252462E-16
126   68     3.01810817814770E-23   5.85512986560654E-21
127   68     1.00000000000000E-99   1.00000000000000E-99
128   68     2.15053174246952E-21   4.21504221524025E-19
129   68     1.00000000000000E-99   1.00000000000000E-99
130   68     1.00000000000000E-99   1.00000000000000E-99
131   68     1.00000000000000E-99   1.00000000000000E-99
132   68     1.00000000000000E-99   1.00000000000000E-99
133   68     1.00000000000000E-99   1.00000000000000E-99
134   68     1.00000000000000E-99   1.00000000000000E-99
135   68     1.00000000000000E-99   1.00000000000000E-99
136   68     1.00000000000000E-99   1.00000000000000E-99
137   68     1.00000000000000E-99   1.00000000000000E-99
138   68     1.00000000000000E-99   1.00000000000000E-99
139   68     1.00000000000000E-99   1.00000000000000E-99
140   68     1.00000000000000E-99   1.00000000000000E-99
141   68     1.00000000000000E-99   1.00000000000000E-99
142   68     1.00000000000000E-99   1.00000000000000E-99
143   68     1.00000000000000E-99   1.00000000000000E-99
144   68     1.00000000000000E-99   1.00000000000000E-99
145   68     1.00000000000000E-99   1.00000000000000E-99
146   68     1.00000000000000E-99   1.00000000000000E-99
147   68     1.00000000000000E-99   1.00000000000000E-99
148   68     1.00000000000000E-99   1.00000000000000E-99
149   68     1.00000000000000E-99   1.00000000000000E-99
150   68     1.00000000000000E-99   1.00000000000000E-99
151   68     1.00000000000000E-99   1.00000000000000E-99
152   68     1.00000000000000E-99   1.00000000000000E-99
153   68     1.00000000000000E-99   1.00000000000000E-99
154   68     1.00000000000000E-99   1.00000000000000E-99
155   68     1.00000000000000E-99   1.00000000000000E-99
156   68     1.00000000000000E-99   1.00000000000000E-99
157   68     1.00000000000000E-99   1.00000000000000E-99
158   68     1.00000000000000E-99   1.00000000000000E-99
159   68     1.00000000000000E-99   1.00000000000000E-99
 86   69     1.00000000000000E-99   1.00000000000000E-99
 87   69     1.00000000000000E-99   1.00000000000000E-99
 88   69     1.00000000000000E-99   1.00000000000000E-99
 89   69     1.00000000000000E-99   1.00000000000000E-99
 90   69     1.00000000000000E-99   1.00000000000000E-99
 91   69     1.00000000000000E-99   1.00000000000000E-99
 92   69     1.00000000000000E-99   1.00000000000000E-99
 93   69     1.00000000000000E-99   1.00000000000000E-99
 94   69     1.00000000000000E-99   1.00000000000000E-99
 95   69     1.00000000000000E-99   1.00000000000000E-99
 96   69     1.00000000000000E-99   1.00000000000000E-99
 97   69     1.00000000000000E-99   1.00000000000000E-99
 98   69     1.00000000000000E-99   1.00000000000000E-99
 99   69     1.00000000000000E-99   1.00000000000000E-99
100   69     8.85278089133933E-18   1.49611997063635E-15
101   69     1.34953258298973E-18   2.29420539108254E-16
102   69     3.65498752469317E-13   6.25002866722532E-11
103   69     8.43431533444376E-14   1.45070223752433E-11
104   69     5.11746131852770E-09   8.85320808105292E-07
105   69     1.06279629238274E-08   1.84926554874597E-06
106   69     3.93966373694793E-08   6.89441153965887E-06
107   69     2.88209915880589E-07   5.07249451949836E-05
108   69     8.72747417887958E-07   1.54476292966169E-04
109   69     1.31321004395408E-06   2.33751387823827E-04
110   69     2.91305515060765E-06   5.21436871958770E-04
111   69     2.67086407295248E-06   4.80755533131446E-04
112   69     2.88943178300831E-06   5.22987152724503E-04
113   69     3.14069374936987E-06   5.71606262385317E-04
114   69     2.78546296623577E-06   5.09739722821146E-04
115   69     1.77942820219225E-06   3.27414789203374E-04
116   69     8.93208657248636E-07   1.65243601590998E-04
117   69     4.20259690195850E-09   7.81683023764281E-07
118   69     1.16624461947515E-09   2.18087743841853E-07
119   69     8.96315305440416E-12   1.68507277422798E-09
120   69     2.41101122185068E-12   4.55681120929779E-10
121   69     5.48105377644160E-13   1.04140021752390E-10
122   69     1.31424771713159E-13   2.51021313972133E-11
123   69     3.87793632069399E-16   7.44563773573245E-14
124   69     1.31686622715859E-17   2.54155181841608E-15
125   69     4.90195968238571E-20   9.50980178382827E-18
126   69     4.00008222172633E-21   7.80016033236634E-19
127   69     1.00000000000000E-99   1.00000000000000E-99
128   69     1.00000000000000E-99   1.00000000000000E-99
129   69     1.00000000000000E-99   1.00000000000000E-99
130   69     1.00000000000000E-99   1.00000000000000E-99
131   69     1.00000000000000E-99   1.00000000000000E-99
132   69     1.00000000000000E-99   1.00000000000000E-99
133   69     1.00000000000000E-99   1.00000000000000E-99
134   69     1.00000000000000E-99   1.00000000000000E-99
135   69     1.00000000000000E-99   1.00000000000000E-99
136   69     1.00000000000000E-99   1.00000000000000E-99
137   69     1.00000000000000E-99   1.00000000000000E-99
138   69     1.00000000000000E-99   1.00000000000000E-99
139   69     1.00000000000000E-99   1.00000000000000E-99
140   69     1.00000000000000E-99   1.00000000000000E-99
141   69     1.00000000000000E-99   1.00000000000000E-99
142   69     1.00000000000000E-99   1.00000000000000E-99
143   69     1.00000000000000E-99   1.00000000000000E-99
144   69     1.00000000000000E-99   1.00000000000000E-99
145   69     1.00000000000000E-99   1.00000000000000E-99
146   69     1.00000000000000E-99   1.00000000000000E-99
147   69     1.00000000000000E-99   1.00000000000000E-99
148   69     1.00000000000000E-99   1.00000000000000E-99
149   69     1.00000000000000E-99   1.00000000000000E-99
150   69     1.00000000000000E-99   1.00000000000000E-99
151   69     1.00000000000000E-99   1.00000000000000E-99
152   69     1.00000000000000E-99   1.00000000000000E-99
153   69     1.00000000000000E-99   1.00000000000000E-99
154   69     1.00000000000000E-99   1.00000000000000E-99
155   69     1.00000000000000E-99   1.00000000000000E-99
156   69     1.00000000000000E-99   1.00000000000000E-99
157   69     1.00000000000000E-99   1.00000000000000E-99
158   69     1.00000000000000E-99   1.00000000000000E-99
159   69     1.00000000000000E-99   1.00000000000000E-99
160   69     1.00000000000000E-99   1.00000000000000E-99
161   69     1.00000000000000E-99   1.00000000000000E-99
 88   70     1.00000000000000E-99   1.00000000000000E-99
 89   70     1.00000000000000E-99   1.00000000000000E-99
 90   70     1.00000000000000E-99   1.00000000000000E-99
 91   70     1.00000000000000E-99   1.00000000000000E-99
 92   70     1.00000000000000E-99   1.00000000000000E-99
 93   70     1.00000000000000E-99   1.00000000000000E-99
 94   70     1.00000000000000E-99   1.00000000000000E-99
 95   70     1.00000000000000E-99   1.00000000000000E-99
 96   70     1.00000000000000E-99   1.00000000000000E-99
 97   70     1.00000000000000E-99   1.00000000000000E-99
 98   70     1.00000000000000E-99   1.00000000000000E-99
 99   70     1.00000000000000E-99   1.00000000000000E-99
100   70     1.00000000000000E-99   1.00000000000000E-99
101   70     2.02373976302496E-21   3.46059499477268E-19
102   70     1.44209304857653E-19   2.48040004355163E-17
103   70     6.79028971881235E-14   1.17472012135454E-11
104   70     1.49154690013450E-11   2.59529160623403E-09
105   70     2.25412253112336E-11   3.94471442946588E-09
106   70     1.44380931415875E-09   2.54110439291941E-07
107   70     5.11092964432086E-09   9.04634547044793E-07
108   70     3.14442427088208E-08   5.59707520217011E-06
109   70     1.00288218994164E-07   1.79515911999554E-05
110   70     2.55563362446434E-07   4.60014052403582E-05
111   70     3.50889352846244E-07   6.35109728651701E-05
112   70     1.22722164781602E-06   2.23354339902516E-04
113   70     6.30863789590720E-07   1.15448073495102E-04
114   70     2.72065717435178E-06   5.00600920080728E-04
115   70     7.31851518686678E-07   1.35392530957036E-04
116   70     3.08157301425022E-06   5.73172580650541E-04
117   70     9.65542878228153E-09   1.80556518228665E-06
118   70     7.02616502688771E-08   1.32091902505489E-05
119   70     1.49441850790573E-08   2.82445097994182E-06
120   70     1.15713159158873E-06   2.19855002401859E-04
121   70     4.35623162841095E-08   8.32040241026492E-06
122   70     4.41151639055628E-07   8.47011146986806E-05
123   70     1.35085981467213E-07   2.60715944231721E-05
124   70     5.08225330119014E-07   9.85957140430887E-05
125   70     2.40212690921130E-07   4.68414747296204E-05
126   70     1.18863471786389E-09   2.32972404701323E-07
127   70     1.08740070215705E-16   2.14217938324940E-14
128   70     7.87735613051237E-12   1.55971651384145E-09
129   70     1.43784076518625E-19   2.86130312272064E-17
130   70     6.15922651140600E-24   1.23184530228120E-21
131   70     1.00000000000000E-99   1.00000000000000E-99
132   70     1.00000000000000E-99   1.00000000000000E-99
133   70     1.00000000000000E-99   1.00000000000000E-99
134   70     1.00000000000000E-99   1.00000000000000E-99
135   70     1.00000000000000E-99   1.00000000000000E-99
136   70     1.00000000000000E-99   1.00000000000000E-99
137   70     1.00000000000000E-99   1.00000000000000E-99
138   70     1.00000000000000E-99   1.00000000000000E-99
139   70     1.00000000000000E-99   1.00000000000000E-99
140   70     1.00000000000000E-99   1.00000000000000E-99
141   70     1.00000000000000E-99   1.00000000000000E-99
142   70     1.00000000000000E-99   1.00000000000000E-99
143   70     1.00000000000000E-99   1.00000000000000E-99
144   70     1.00000000000000E-99   1.00000000000000E-99
145   70     1.00000000000000E-99   1.00000000000000E-99
146   70     1.00000000000000E-99   1.00000000000000E-99
147   70     1.00000000000000E-99   1.00000000000000E-99
148   70     1.00000000000000E-99   1.00000000000000E-99
149   70     1.00000000000000E-99   1.00000000000000E-99
150   70     1.00000000000000E-99   1.00000000000000E-99
151   70     1.00000000000000E-99   1.00000000000000E-99
152   70     1.00000000000000E-99   1.00000000000000E-99
153   70     1.00000000000000E-99   1.00000000000000E-99
154   70     1.00000000000000E-99   1.00000000000000E-99
155   70     1.00000000000000E-99   1.00000000000000E-99
156   70     1.00000000000000E-99   1.00000000000000E-99
157   70     1.00000000000000E-99   1.00000000000000E-99
158   70     1.00000000000000E-99   1.00000000000000E-99
159   70     1.00000000000000E-99   1.00000000000000E-99
160   70     1.00000000000000E-99   1.00000000000000E-99
161   70     1.00000000000000E-99   1.00000000000000E-99
162   70     1.00000000000000E-99   1.00000000000000E-99
163   70     1.00000000000000E-99   1.00000000000000E-99
164   70     1.00000000000000E-99   1.00000000000000E-99
 90   71     1.00000000000000E-99   1.00000000000000E-99
 91   71     1.00000000000000E-99   1.00000000000000E-99
 92   71     1.00000000000000E-99   1.00000000000000E-99
 93   71     1.00000000000000E-99   1.00000000000000E-99
 94   71     1.00000000000000E-99   1.00000000000000E-99
 95   71     1.00000000000000E-99   1.00000000000000E-99
 96   71     1.00000000000000E-99   1.00000000000000E-99
 97   71     1.00000000000000E-99   1.00000000000000E-99
 98   71     1.00000000000000E-99   1.00000000000000E-99
 99   71     1.00000000000000E-99   1.00000000000000E-99
100   71     1.00000000000000E-99   1.00000000000000E-99
101   71     1.00000000000000E-99   1.00000000000000E-99
102   71     1.00000000000000E-99   1.00000000000000E-99
103   71     1.00000000000000E-99   1.00000000000000E-99
104   71     2.31987695504245E-17   4.05978467132428E-15
105   71     2.49207339050201E-18   4.38604916728353E-16
106   71     3.30790834825751E-13   5.85499777641578E-11
107   71     3.27162297142790E-12   5.82348888914167E-10
108   71     1.08706696667329E-10   1.94584987034519E-08
109   71     9.14952765504882E-10   1.64691497790879E-07
110   71     3.56986018425592E-09   6.46144693350322E-07
111   71     6.40615419605412E-09   1.16592006368185E-06
112   71     1.75279897620819E-08   3.20762212646098E-06
113   71     9.37366856686699E-08   1.72475501630353E-05
114   71     1.76379548828868E-07   3.26302165333406E-05
115   71     7.39811517442221E-07   1.37604942244253E-04
116   71     4.56451565282384E-07   8.53564427078058E-05
117   71     1.26797031843521E-07   2.38378419865819E-05
118   71     9.06699243382134E-07   1.71366156999223E-04
119   71     5.23944400173242E-07   9.95494360329161E-05
120   71     3.30676692025243E-07   6.31592481768214E-05
121   71     6.58250415381510E-07   1.26384079753250E-04
122   71     5.04028900316162E-07   9.72775777610193E-05
123   71     5.61436265162254E-07   1.08918635441477E-04
124   71     4.09276220916603E-07   7.98088630787375E-05
125   71     7.18380334855204E-09   1.40802545631620E-06
126   71     1.23777676342827E-11   2.43842022395370E-09
127   71     9.06407144437792E-17   1.79468614598683E-14
128   71     4.53717088059740E-16   9.02897005238883E-14
129   71     2.59065967197740E-22   5.18131934395480E-20
130   71     1.00000000000000E-99   1.00000000000000E-99
131   71     1.00000000000000E-99   1.00000000000000E-99
132   71     1.00000000000000E-99   1.00000000000000E-99
133   71     1.00000000000000E-99   1.00000000000000E-99
134   71     1.00000000000000E-99   1.00000000000000E-99
135   71     1.00000000000000E-99   1.00000000000000E-99
136   71     1.00000000000000E-99   1.00000000000000E-99
137   71     1.00000000000000E-99   1.00000000000000E-99
138   71     1.00000000000000E-99   1.00000000000000E-99
139   71     1.00000000000000E-99   1.00000000000000E-99
140   71     1.00000000000000E-99   1.00000000000000E-99
141   71     1.00000000000000E-99   1.00000000000000E-99
142   71     1.00000000000000E-99   1.00000000000000E-99
143   71     1.00000000000000E-99   1.00000000000000E-99
144   71     1.00000000000000E-99   1.00000000000000E-99
145   71     1.00000000000000E-99   1.00000000000000E-99
146   71     1.00000000000000E-99   1.00000000000000E-99
147   71     1.00000000000000E-99   1.00000000000000E-99
148   71     1.00000000000000E-99   1.00000000000000E-99
149   71     1.00000000000000E-99   1.00000000000000E-99
150   71     1.00000000000000E-99   1.00000000000000E-99
151   71     1.00000000000000E-99   1.00000000000000E-99
152   71     1.00000000000000E-99   1.00000000000000E-99
153   71     1.00000000000000E-99   1.00000000000000E-99
154   71     1.00000000000000E-99   1.00000000000000E-99
155   71     1.00000000000000E-99   1.00000000000000E-99
156   71     1.00000000000000E-99   1.00000000000000E-99
157   71     1.00000000000000E-99   1.00000000000000E-99
158   71     1.00000000000000E-99   1.00000000000000E-99
159   71     1.00000000000000E-99   1.00000000000000E-99
160   71     1.00000000000000E-99   1.00000000000000E-99
161   71     1.00000000000000E-99   1.00000000000000E-99
162   71     1.00000000000000E-99   1.00000000000000E-99
163   71     1.00000000000000E-99   1.00000000000000E-99
164   71     1.00000000000000E-99   1.00000000000000E-99
165   71     1.00000000000000E-99   1.00000000000000E-99
166   71     1.00000000000000E-99   1.00000000000000E-99
 92   72     1.00000000000000E-99   1.00000000000000E-99
 93   72     1.00000000000000E-99   1.00000000000000E-99
 94   72     1.00000000000000E-99   1.00000000000000E-99
 95   72     1.00000000000000E-99   1.00000000000000E-99
 96   72     1.00000000000000E-99   1.00000000000000E-99
 97   72     1.00000000000000E-99   1.00000000000000E-99
 98   72     1.00000000000000E-99   1.00000000000000E-99
 99   72     1.00000000000000E-99   1.00000000000000E-99
100   72     1.00000000000000E-99   1.00000000000000E-99
101   72     1.00000000000000E-99   1.00000000000000E-99
102   72     1.00000000000000E-99   1.00000000000000E-99
103   72     1.00000000000000E-99   1.00000000000000E-99
104   72     1.00000000000000E-99   1.00000000000000E-99
105   72     1.91519884561208E-19   3.38990195673338E-17
106   72     7.22601234784543E-16   1.28623019791649E-13
107   72     2.56945520679263E-15   4.59932482015880E-13
108   72     1.15151240187088E-12   2.07272232336759E-10
109   72     8.08292973595647E-12   1.46301028220812E-09
110   72     2.70970250472223E-11   4.93165855859446E-09
111   72     1.74600287599348E-10   3.19518526306807E-08
112   72     3.12326040666166E-09   5.74679914825745E-07
113   72     2.44619242808721E-08   4.52545599196134E-06
114   72     3.53646560368365E-07   6.57782602285160E-05
115   72     6.57161030085994E-07   1.22889112626081E-04
116   72     3.21411662098601E-06   6.04253924745370E-04
117   72     1.60792044515124E-06   3.03896964133585E-04
118   72     1.11576626471356E-05   2.11995590295576E-03
119   72     5.20569386629071E-06   9.94287528461526E-04
120   72     3.19474983140313E-05   6.13391967629401E-03
121   72     3.39240250756920E-05   6.54733683960856E-03
122   72     1.35121053336360E-04   2.62134843472538E-02
123   72     1.66721204922083E-04   3.25106349598062E-02
124   72     1.94804369964371E-04   3.81816565130167E-02
125   72     1.98823166120057E-04   3.91681637256512E-02
126   72     1.67776661855529E-05   3.32197790473947E-03
127   72     3.18744467202425E-09   6.34301489732825E-07
128   72     2.38856499324714E-09   4.77712998649427E-07
129   72     1.50011740382848E-12   3.01523598169525E-10
130   72     1.84813079978612E-12   3.73322421556797E-10
131   72     5.66023713382048E-19   1.14902813816556E-16
132   72     2.37053712207770E-22   4.83589572903850E-20
133   72     1.00000000000000E-99   1.00000000000000E-99
134   72     1.00000000000000E-99   1.00000000000000E-99
135   72     1.00000000000000E-99   1.00000000000000E-99
136   72     1.00000000000000E-99   1.00000000000000E-99
137   72     1.00000000000000E-99   1.00000000000000E-99
138   72     1.00000000000000E-99   1.00000000000000E-99
139   72     1.00000000000000E-99   1.00000000000000E-99
140   72     1.00000000000000E-99   1.00000000000000E-99
141   72     1.00000000000000E-99   1.00000000000000E-99
142   72     1.00000000000000E-99   1.00000000000000E-99
143   72     1.00000000000000E-99   1.00000000000000E-99
144   72     1.00000000000000E-99   1.00000000000000E-99
145   72     1.00000000000000E-99   1.00000000000000E-99
146   72     1.00000000000000E-99   1.00000000000000E-99
147   72     1.00000000000000E-99   1.00000000000000E-99
148   72     1.00000000000000E-99   1.00000000000000E-99
149   72     1.00000000000000E-99   1.00000000000000E-99
150   72     1.00000000000000E-99   1.00000000000000E-99
151   72     1.00000000000000E-99   1.00000000000000E-99
152   72     1.00000000000000E-99   1.00000000000000E-99
153   72     1.00000000000000E-99   1.00000000000000E-99
154   72     1.00000000000000E-99   1.00000000000000E-99
155   72     1.00000000000000E-99   1.00000000000000E-99
156   72     1.00000000000000E-99   1.00000000000000E-99
157   72     1.00000000000000E-99   1.00000000000000E-99
158   72     1.00000000000000E-99   1.00000000000000E-99
159   72     1.00000000000000E-99   1.00000000000000E-99
160   72     1.00000000000000E-99   1.00000000000000E-99
161   72     1.00000000000000E-99   1.00000000000000E-99
162   72     1.00000000000000E-99   1.00000000000000E-99
163   72     1.00000000000000E-99   1.00000000000000E-99
164   72     1.00000000000000E-99   1.00000000000000E-99
165   72     1.00000000000000E-99   1.00000000000000E-99
166   72     1.00000000000000E-99   1.00000000000000E-99
167   72     1.00000000000000E-99   1.00000000000000E-99
168   72     1.00000000000000E-99   1.00000000000000E-99
 96   73     1.00000000000000E-99   1.00000000000000E-99
 97   73     1.00000000000000E-99   1.00000000000000E-99
 98   73     1.00000000000000E-99   1.00000000000000E-99
 99   73     1.00000000000000E-99   1.00000000000000E-99
100   73     1.00000000000000E-99   1.00000000000000E-99
101   73     1.00000000000000E-99   1.00000000000000E-99
102   73     1.00000000000000E-99   1.00000000000000E-99
103   73     1.00000000000000E-99   1.00000000000000E-99
104   73     1.00000000000000E-99   1.00000000000000E-99
105   73     1.00000000000000E-99   1.00000000000000E-99
106   73     1.00000000000000E-99   1.00000000000000E-99
107   73     1.00000000000000E-99   1.00000000000000E-99
108   73     7.90161900484811E-19   1.43019303987751E-16
109   73     6.01703641590053E-20   1.09510062769390E-17
110   73     2.00077703896500E-14   3.66142198130595E-12
111   73     9.01182588421575E-14   1.65817596269570E-11
112   73     6.13414163498353E-11   1.13481620247195E-08
113   73     1.13384818115208E-09   2.10895761694286E-07
114   73     1.19718183480480E-08   2.23873003108498E-06
115   73     4.22402669458687E-08   7.94117018582332E-06
116   73     1.91046034314252E-06   3.61077004853936E-04
117   73     2.83392622209621E-06   5.38445982198279E-04
118   73     4.60032497927649E-06   8.78662071041809E-04
119   73     5.92249150075426E-06   1.13711836814482E-03
120   73     2.13866034214601E-05   4.12761446034179E-03
121   73     3.25847940948789E-05   6.32145005440651E-03
122   73     1.15948498191258E-04   2.26099571472952E-02
123   73     6.01220775103733E-05   1.17839271920332E-02
124   73     6.21321720650968E-05   1.22400378968241E-02
125   73     1.26421050171636E-05   2.50313679339838E-03
126   73     1.49316338509854E-06   2.97139513634610E-04
127   73     8.49081998016948E-11   1.69816399603390E-08
128   73     3.20728176644379E-11   6.44663635055201E-09
129   73     4.50810064841993E-16   9.10636330980827E-14
130   73     3.26866871133627E-17   6.63539748401262E-15
131   73     2.59384602820684E-22   5.29144589754196E-20
132   73     6.16503817920062E-24   1.26383282673613E-21
133   73     1.00000000000000E-99   1.00000000000000E-99
134   73     4.80911329856992E-23   9.95486452803973E-21
135   73     1.00000000000000E-99   1.00000000000000E-99
136   73     1.00000000000000E-99   1.00000000000000E-99
137   73     1.00000000000000E-99   1.00000000000000E-99
138   73     1.00000000000000E-99   1.00000000000000E-99
139   73     1.00000000000000E-99   1.00000000000000E-99
140   73     1.00000000000000E-99   1.00000000000000E-99
141   73     1.00000000000000E-99   1.00000000000000E-99
142   73     1.00000000000000E-99   1.00000000000000E-99
143   73     1.00000000000000E-99   1.00000000000000E-99
144   73     1.00000000000000E-99   1.00000000000000E-99
145   73     1.00000000000000E-99   1.00000000000000E-99
146   73     1.00000000000000E-99   1.00000000000000E-99
147   73     1.00000000000000E-99   1.00000000000000E-99
148   73     1.00000000000000E-99   1.00000000000000E-99
149   73     1.00000000000000E-99   1.00000000000000E-99
150   73     1.00000000000000E-99   1.00000000000000E-99
151   73     1.00000000000000E-99   1.00000000000000E-99
152   73     1.00000000000000E-99   1.00000000000000E-99
153   73     1.00000000000000E-99   1.00000000000000E-99
154   73     1.00000000000000E-99   1.00000000000000E-99
155   73     1.00000000000000E-99   1.00000000000000E-99
156   73     1.00000000000000E-99   1.00000000000000E-99
157   73     1.00000000000000E-99   1.00000000000000E-99
158   73     1.00000000000000E-99   1.00000000000000E-99
159   73     1.00000000000000E-99   1.00000000000000E-99
160   73     1.00000000000000E-99   1.00000000000000E-99
161   73     1.00000000000000E-99   1.00000000000000E-99
162   73     1.00000000000000E-99   1.00000000000000E-99
163   73     1.00000000000000E-99   1.00000000000000E-99
164   73     1.00000000000000E-99   1.00000000000000E-99
165   73     1.00000000000000E-99   1.00000000000000E-99
166   73     1.00000000000000E-99   1.00000000000000E-99
167   73     1.00000000000000E-99   1.00000000000000E-99
168   73     1.00000000000000E-99   1.00000000000000E-99
169   73     1.00000000000000E-99   1.00000000000000E-99
170   73     1.00000000000000E-99   1.00000000000000E-99
 98   74     1.00000000000000E-99   1.00000000000000E-99
 99   74     1.00000000000000E-99   1.00000000000000E-99
100   74     1.00000000000000E-99   1.00000000000000E-99
101   74     1.00000000000000E-99   1.00000000000000E-99
102   74     1.00000000000000E-99   1.00000000000000E-99
103   74     1.00000000000000E-99   1.00000000000000E-99
104   74     1.00000000000000E-99   1.00000000000000E-99
105   74     1.00000000000000E-99   1.00000000000000E-99
106   74     1.00000000000000E-99   1.00000000000000E-99
107   74     1.00000000000000E-99   1.00000000000000E-99
108   74     1.00000000000000E-99   1.00000000000000E-99
109   74     1.56366056517382E-20   2.86149883426810E-18
110   74     1.06260164451914E-18   1.95518702591521E-16
111   74     8.37329089250574E-15   1.54905881511356E-12
112   74     7.88532716473727E-13   1.46667085264113E-10
113   74     4.85411382492641E-11   9.07719285261239E-09
114   74     1.38177380088072E-09   2.59773474565575E-07
115   74     1.35414339606464E-08   2.55933101856217E-06
116   74     3.91161013659262E-07   7.43205925952597E-05
117   74     2.73345926942471E-06   5.22090720460120E-04
118   74     2.30650983346501E-06   4.42849888025281E-04
119   74     1.40449956128907E-05   2.71068415328790E-03
120   74     3.92020358162275E-05   7.60519494834813E-03
121   74     1.62839912667779E-04   3.17537829702169E-02
122   74     2.12516005583431E-04   4.16531370943524E-02
123   74     2.11066030300154E-04   4.15800079691304E-02
124   74     1.54413344729687E-04   3.05738422564780E-02
125   74     4.83480432321034E-05   9.62126060318858E-03
126   74     1.96912227629884E-06   3.93824455259769E-04
127   74     7.33433762246056E-09   1.47420186211457E-06
128   74     1.95034716979171E-08   3.93970128297925E-06
129   74     8.62950154075627E-09   1.75178881277352E-06
130   74     1.33799462585848E-08   2.72950903675129E-06
131   74     1.19607019974457E-14   2.45194390947636E-12
132   74     4.15655025979361E-12   8.56249353517484E-10
133   74     9.56627103418005E-18   1.98021810407527E-15
134   74     3.26546095563611E-17   6.79215878772312E-15
135   74     1.22025759810968E-22   2.55033838004922E-20
136   74     1.00000000000000E-99   1.00000000000000E-99
137   74     1.00000000000000E-99   1.00000000000000E-99
138   74     1.00000000000000E-99   1.00000000000000E-99
139   74     1.00000000000000E-99   1.00000000000000E-99
140   74     1.00000000000000E-99   1.00000000000000E-99
141   74     1.00000000000000E-99   1.00000000000000E-99
142   74     1.00000000000000E-99   1.00000000000000E-99
143   74     1.00000000000000E-99   1.00000000000000E-99
144   74     1.00000000000000E-99   1.00000000000000E-99
145   74     1.00000000000000E-99   1.00000000000000E-99
146   74     1.00000000000000E-99   1.00000000000000E-99
147   74     1.00000000000000E-99   1.00000000000000E-99
148   74     1.00000000000000E-99   1.00000000000000E-99
149   74     1.00000000000000E-99   1.00000000000000E-99
150   74     1.00000000000000E-99   1.00000000000000E-99
151   74     1.00000000000000E-99   1.00000000000000E-99
152   74     1.00000000000000E-99   1.00000000000000E-99
153   74     1.00000000000000E-99   1.00000000000000E-99
154   74     1.00000000000000E-99   1.00000000000000E-99
155   74     1.00000000000000E-99   1.00000000000000E-99
156   74     1.00000000000000E-99   1.00000000000000E-99
157   74     1.00000000000000E-99   1.00000000000000E-99
158   74     1.00000000000000E-99   1.00000000000000E-99
159   74     1.00000000000000E-99   1.00000000000000E-99
160   74     1.00000000000000E-99   1.00000000000000E-99
161   74     1.00000000000000E-99   1.00000000000000E-99
162   74     1.00000000000000E-99   1.00000000000000E-99
163   74     1.00000000000000E-99   1.00000000000000E-99
164   74     1.00000000000000E-99   1.00000000000000E-99
165   74     1.00000000000000E-99   1.00000000000000E-99
166   74     1.00000000000000E-99   1.00000000000000E-99
167   74     1.00000000000000E-99   1.00000000000000E-99
168   74     1.00000000000000E-99   1.00000000000000E-99
169   74     1.00000000000000E-99   1.00000000000000E-99
170   74     1.00000000000000E-99   1.00000000000000E-99
171   74     1.00000000000000E-99   1.00000000000000E-99
172   74     1.00000000000000E-99   1.00000000000000E-99
173   74     1.00000000000000E-99   1.00000000000000E-99
 99   75     1.00000000000000E-99   1.00000000000000E-99
100   75     1.00000000000000E-99   1.00000000000000E-99
101   75     1.00000000000000E-99   1.00000000000000E-99
102   75     1.00000000000000E-99   1.00000000000000E-99
103   75     1.00000000000000E-99   1.00000000000000E-99
104   75     1.00000000000000E-99   1.00000000000000E-99
105   75     1.00000000000000E-99   1.00000000000000E-99
106   75     1.00000000000000E-99   1.00000000000000E-99
107   75     1.00000000000000E-99   1.00000000000000E-99
108   75     1.00000000000000E-99   1.00000000000000E-99
109   75     1.00000000000000E-99   1.00000000000000E-99
110   75     4.04708097356645E-22   7.48709980109792E-20
111   75     3.84551211453498E-23   7.15265253303507E-21
112   75     2.20634483161307E-16   4.12586483511645E-14
113   75     1.12638285013073E-16   2.11759975824577E-14
114   75     1.00509403065921E-11   1.89962771794591E-09
115   75     1.00664858867974E-10   1.91263231849150E-08
116   75     1.70477894309430E-07   3.25612778131012E-05
117   75     4.08188802185007E-08   7.83722500195213E-06
118   75     6.97891435515173E-07   1.34693047054428E-04
119   75     1.23397125066666E-06   2.39390422629333E-04
120   75     8.47982253439806E-06   1.65356539420762E-03
121   75     3.25662939636011E-06   6.38299361686581E-04
122   75     1.29848373540263E-05   2.55801295874318E-03
123   75     6.49478995757136E-06   1.28596841159913E-03
124   75     3.32960254853841E-06   6.62590907159145E-04
125   75     2.87544617423195E-07   5.75089234846389E-05
126   75     3.30660677134804E-08   6.64627961040955E-06
127   75     3.05757370658863E-09   6.17629888730902E-07
128   75     1.00252129539494E-08   2.03511822965172E-06
129   75     3.30768565809661E-12   6.74767874251708E-10
130   75     2.14843082441333E-10   4.40428319004734E-08
131   75     6.12314686517783E-15   1.26136825422663E-12
132   75     3.37167289627000E-13   6.97936289527890E-11
133   75     1.74060982053201E-17   3.62046842670659E-15
134   75     1.79338664667451E-15   3.74817809154973E-13
135   75     6.51214788489862E-19   1.36755105582871E-16
136   75     6.76824380909033E-22   1.42809944371806E-19
137   75     1.00000000000000E-99   1.00000000000000E-99
138   75     1.00000000000000E-99   1.00000000000000E-99
139   75     1.00000000000000E-99   1.00000000000000E-99
140   75     1.00000000000000E-99   1.00000000000000E-99
141   75     1.00000000000000E-99   1.00000000000000E-99
142   75     1.00000000000000E-99   1.00000000000000E-99
143   75     1.00000000000000E-99   1.00000000000000E-99
144   75     1.00000000000000E-99   1.00000000000000E-99
145   75     1.00000000000000E-99   1.00000000000000E-99
146   75     1.00000000000000E-99   1.00000000000000E-99
147   75     1.00000000000000E-99   1.00000000000000E-99
148   75     1.00000000000000E-99   1.00000000000000E-99
149   75     1.00000000000000E-99   1.00000000000000E-99
150   75     1.00000000000000E-99   1.00000000000000E-99
151   75     1.00000000000000E-99   1.00000000000000E-99
152   75     1.00000000000000E-99   1.00000000000000E-99
153   75     1.00000000000000E-99   1.00000000000000E-99
154   75     1.00000000000000E-99   1.00000000000000E-99
155   75     1.00000000000000E-99   1.00000000000000E-99
156   75     1.00000000000000E-99   1.00000000000000E-99
157   75     1.00000000000000E-99   1.00000000000000E-99
158   75     1.00000000000000E-99   1.00000000000000E-99
159   75     1.00000000000000E-99   1.00000000000000E-99
160   75     1.00000000000000E-99   1.00000000000000E-99
161   75     1.00000000000000E-99   1.00000000000000E-99
162   75     1.00000000000000E-99   1.00000000000000E-99
163   75     1.00000000000000E-99   1.00000000000000E-99
164   75     1.00000000000000E-99   1.00000000000000E-99
165   75     1.00000000000000E-99   1.00000000000000E-99
166   75     1.00000000000000E-99   1.00000000000000E-99
167   75     1.00000000000000E-99   1.00000000000000E-99
168   75     1.00000000000000E-99   1.00000000000000E-99
169   75     1.00000000000000E-99   1.00000000000000E-99
170   75     1.00000000000000E-99   1.00000000000000E-99
171   75     1.00000000000000E-99   1.00000000000000E-99
172   75     1.00000000000000E-99   1.00000000000000E-99
173   75     1.00000000000000E-99   1.00000000000000E-99
174   75     1.00000000000000E-99   1.00000000000000E-99
175   75     1.00000000000000E-99   1.00000000000000E-99
101   76     1.00000000000000E-99   1.00000000000000E-99
102   76     1.00000000000000E-99   1.00000000000000E-99
103   76     1.00000000000000E-99   1.00000000000000E-99
104   76     1.00000000000000E-99   1.00000000000000E-99
105   76     1.00000000000000E-99   1.00000000000000E-99
106   76     1.00000000000000E-99   1.00000000000000E-99
107   76     1.00000000000000E-99   1.00000000000000E-99
108   76     1.00000000000000E-99   1.00000000000000E-99
109   76     1.00000000000000E-99   1.00000000000000E-99
110   76     1.00000000000000E-99   1.00000000000000E-99
111   76     1.00000000000000E-99   1.00000000000000E-99
112   76     6.63864543283026E-22   1.24806534137209E-19
113   76     3.99098143234298E-17   7.54295490712823E-15
114   76     2.09103594139743E-13   3.97296828865511E-11
115   76     1.15637565469936E-10   2.20867750047577E-08
116   76     1.17190655367587E-09   2.25006058305767E-07
117   76     7.85934778572534E-10   1.51685412264499E-07
118   76     8.45368094945483E-09   1.64001410419424E-06
119   76     7.40543368249382E-07   1.44405956808629E-04
120   76     6.79508545070565E-07   1.33183674833831E-04
121   76     1.86566238343624E-06   3.67535489536939E-04
122   76     2.63870754345862E-06   5.22464093604806E-04
123   76     1.52129677109672E-06   3.02738057448248E-04
124   76     2.87283717789455E-07   5.74567435578909E-05
125   76     1.17383602680033E-07   2.35941041386866E-05
126   76     1.32621103061176E-07   2.67894628183575E-05
127   76     2.62881995057175E-08   5.33650449966065E-06
128   76     1.85638012763284E-07   3.78701546037099E-05
129   76     2.08576226890554E-08   4.27581265125636E-06
130   76     2.10375055239283E-07   4.33372613792923E-05
131   76     5.94828236029512E-09   1.23129444858109E-06
132   76     3.40426531995625E-08   7.08087186550900E-06
133   76     1.89338139416001E-13   3.95716711379441E-11
134   76     6.02428332970182E-11   1.26509949923738E-08
135   76     1.40679089911371E-14   2.96832879712993E-12
136   76     1.91229659012666E-14   4.05406877106853E-12
137   76     8.03730846355168E-19   1.71194670273651E-16
138   76     7.87729170829320E-20   1.68574042557475E-17
139   76     1.89140077373440E-24   4.06651166352897E-22
140   76     9.97491540187412E-24   2.15458172680481E-21
141   76     1.00000000000000E-99   1.00000000000000E-99
142   76     1.00000000000000E-99   1.00000000000000E-99
143   76     1.00000000000000E-99   1.00000000000000E-99
144   76     1.00000000000000E-99   1.00000000000000E-99
145   76     1.00000000000000E-99   1.00000000000000E-99
146   76     1.00000000000000E-99   1.00000000000000E-99
147   76     1.00000000000000E-99   1.00000000000000E-99
148   76     1.00000000000000E-99   1.00000000000000E-99
149   76     1.00000000000000E-99   1.00000000000000E-99
150   76     1.00000000000000E-99   1.00000000000000E-99
151   76     1.00000000000000E-99   1.00000000000000E-99
152   76     1.00000000000000E-99   1.00000000000000E-99
153   76     1.00000000000000E-99   1.00000000000000E-99
154   76     1.00000000000000E-99   1.00000000000000E-99
155   76     1.00000000000000E-99   1.00000000000000E-99
156   76     1.00000000000000E-99   1.00000000000000E-99
157   76     1.00000000000000E-99   1.00000000000000E-99
158   76     1.00000000000000E-99   1.00000000000000E-99
159   76     1.00000000000000E-99   1.00000000000000E-99
160   76     1.00000000000000E-99   1.00000000000000E-99
161   76     1.00000000000000E-99   1.00000000000000E-99
162   76     1.00000000000000E-99   1.00000000000000E-99
163   76     1.00000000000000E-99   1.00000000000000E-99
164   76     1.00000000000000E-99   1.00000000000000E-99
165   76     1.00000000000000E-99   1.00000000000000E-99
166   76     1.00000000000000E-99   1.00000000000000E-99
167   76     1.00000000000000E-99   1.00000000000000E-99
168   76     1.00000000000000E-99   1.00000000000000E-99
169   76     1.00000000000000E-99   1.00000000000000E-99
170   76     1.00000000000000E-99   1.00000000000000E-99
171   76     1.00000000000000E-99   1.00000000000000E-99
172   76     1.00000000000000E-99   1.00000000000000E-99
173   76     1.00000000000000E-99   1.00000000000000E-99
174   76     1.00000000000000E-99   1.00000000000000E-99
175   76     1.00000000000000E-99   1.00000000000000E-99
176   76     1.00000000000000E-99   1.00000000000000E-99
177   76     1.00000000000000E-99   1.00000000000000E-99
103   77     1.00000000000000E-99   1.00000000000000E-99
104   77     1.00000000000000E-99   1.00000000000000E-99
105   77     1.00000000000000E-99   1.00000000000000E-99
106   77     1.00000000000000E-99   1.00000000000000E-99
107   77     1.00000000000000E-99   1.00000000000000E-99
108   77     1.00000000000000E-99   1.00000000000000E-99
109   77     1.00000000000000E-99   1.00000000000000E-99
110   77     1.00000000000000E-99   1.00000000000000E-99
111   77     1.00000000000000E-99   1.00000000000000E-99
112   77     1.00000000000000E-99   1.00000000000000E-99
113   77     1.00000000000000E-99   1.00000000000000E-99
114   77     2.73154994435378E-17   5.21726039371572E-15
115   77     3.08351299232304E-18   5.92034494526023E-16
116   77     2.49566995539864E-15   4.81664301391937E-13
117   77     2.40726889288956E-16   4.67010165220575E-14
118   77     5.50868461066054E-10   1.07419349907880E-07
119   77     1.42496877569526E-10   2.79293880036272E-08
120   77     5.26741498310521E-09   1.03768075167173E-06
121   77     2.34136891779532E-09   4.63591045723474E-07
122   77     1.91800200249778E-07   3.81682398497058E-05
123   77     4.26854152756993E-08   8.53708305513987E-06
124   77     6.30633694784710E-09   1.26757372651727E-06
125   77     5.12794238214753E-09   1.03584436119380E-06
126   77     7.42575863259422E-08   1.50742900241663E-05
127   77     1.00770029614194E-08   2.05570860412956E-06
128   77     2.46458534754687E-07   5.05239996247108E-05
129   77     2.15803345161084E-08   4.44554891031834E-06
130   77     2.54237663693339E-07   5.26271963845212E-05
131   77     2.40875503350971E-09   5.01021046970020E-07
132   77     1.30719070884560E-07   2.73202858148731E-05
133   77     7.54381606904037E-11   1.58420137449848E-08
134   77     2.91130787079431E-11   6.14285960737599E-09
135   77     3.04027814464729E-14   6.44538966665225E-12
136   77     2.17564647984761E-14   4.63412700207541E-12
137   77     4.42624221809318E-18   9.47215834671940E-16
138   77     4.09263761674531E-20   8.79917087600243E-18
139   77     1.27939759003417E-23   2.76349879447381E-21
140   77     7.40910737709316E-25   1.60777630082922E-22
141   77     1.00000000000000E-99   1.00000000000000E-99
142   77     1.00000000000000E-99   1.00000000000000E-99
143   77     1.00000000000000E-99   1.00000000000000E-99
144   77     1.00000000000000E-99   1.00000000000000E-99
145   77     1.00000000000000E-99   1.00000000000000E-99
146   77     1.00000000000000E-99   1.00000000000000E-99
147   77     1.00000000000000E-99   1.00000000000000E-99
148   77     1.00000000000000E-99   1.00000000000000E-99
149   77     1.00000000000000E-99   1.00000000000000E-99
150   77     1.00000000000000E-99   1.00000000000000E-99
151   77     1.00000000000000E-99   1.00000000000000E-99
152   77     1.00000000000000E-99   1.00000000000000E-99
153   77     1.00000000000000E-99   1.00000000000000E-99
154   77     1.00000000000000E-99   1.00000000000000E-99
155   77     1.00000000000000E-99   1.00000000000000E-99
156   77     1.00000000000000E-99   1.00000000000000E-99
157   77     1.00000000000000E-99   1.00000000000000E-99
158   77     1.00000000000000E-99   1.00000000000000E-99
159   77     1.00000000000000E-99   1.00000000000000E-99
160   77     1.00000000000000E-99   1.00000000000000E-99
161   77     1.00000000000000E-99   1.00000000000000E-99
162   77     1.00000000000000E-99   1.00000000000000E-99
163   77     1.00000000000000E-99   1.00000000000000E-99
164   77     1.00000000000000E-99   1.00000000000000E-99
165   77     1.00000000000000E-99   1.00000000000000E-99
166   77     1.00000000000000E-99   1.00000000000000E-99
167   77     1.00000000000000E-99   1.00000000000000E-99
168   77     1.00000000000000E-99   1.00000000000000E-99
169   77     1.00000000000000E-99   1.00000000000000E-99
170   77     1.00000000000000E-99   1.00000000000000E-99
171   77     1.00000000000000E-99   1.00000000000000E-99
172   77     1.00000000000000E-99   1.00000000000000E-99
173   77     1.00000000000000E-99   1.00000000000000E-99
174   77     1.00000000000000E-99   1.00000000000000E-99
175   77     1.00000000000000E-99   1.00000000000000E-99
176   77     1.00000000000000E-99   1.00000000000000E-99
177   77     1.00000000000000E-99   1.00000000000000E-99
178   77     1.00000000000000E-99   1.00000000000000E-99
179   77     1.00000000000000E-99   1.00000000000000E-99
105   78     1.00000000000000E-99   1.00000000000000E-99
106   78     1.00000000000000E-99   1.00000000000000E-99
107   78     1.00000000000000E-99   1.00000000000000E-99
108   78     1.00000000000000E-99   1.00000000000000E-99
109   78     1.00000000000000E-99   1.00000000000000E-99
110   78     1.00000000000000E-99   1.00000000000000E-99
111   78     1.00000000000000E-99   1.00000000000000E-99
112   78     1.00000000000000E-99   1.00000000000000E-99
113   78     1.00000000000000E-99   1.00000000000000E-99
114   78     1.00000000000000E-99   1.00000000000000E-99
115   78     1.00000000000000E-99   1.00000000000000E-99
116   78     1.24410685522599E-21   2.41356729913842E-19
117   78     1.95144888704731E-14   3.80532532974225E-12
118   78     9.75019244500235E-13   1.91103771922046E-10
119   78     5.73969566629662E-12   1.13072004626043E-09
120   78     1.26601469341238E-10   2.50670909295651E-08
121   78     1.62238491191607E-08   3.22854597471299E-06
122   78     5.64944338793117E-10   1.12988867758623E-07
123   78     4.31820755682350E-11   8.67959718921524E-09
124   78     4.10915426409617E-10   8.30049161347427E-08
125   78     2.14699384787411E-09   4.35839751118445E-07
126   78     5.33681351356010E-08   1.08870995676626E-05
127   78     1.28860615364620E-08   2.64164261497472E-06
128   78     1.60361404514936E-07   3.30344493300769E-05
129   78     7.76982409844603E-09   1.60835358837833E-06
130   78     9.24674693809521E-07   1.92332336312380E-04
131   78     1.51942078117201E-07   3.17558943264950E-05
132   78     1.08017354099063E-06   2.26836443608033E-04
133   78     3.22933784594639E-08   6.81390285494687E-06
134   78     2.68355115322034E-08   5.68912844482712E-06
135   78     2.02207261059449E-11   4.30701466056627E-09
136   78     1.64179252666224E-10   3.51343600705719E-08
137   78     3.52187426732592E-14   7.57202967475072E-12
138   78     2.83326016313883E-12   6.11984195237987E-10
139   78     1.17041144002866E-16   2.53979282486220E-14
140   78     2.98712878714269E-15   6.51194075597106E-13
141   78     4.03387021368730E-18   8.83417576797520E-16
142   78     1.74713584680362E-19   3.84369886296796E-17
143   78     1.20072283376257E-23   2.65359746261528E-21
144   78     4.74097218315963E-23   1.05249582466144E-20
145   78     1.00000000000000E-99   1.00000000000000E-99
146   78     1.00000000000000E-99   1.00000000000000E-99
147   78     1.00000000000000E-99   1.00000000000000E-99
148   78     1.00000000000000E-99   1.00000000000000E-99
149   78     1.00000000000000E-99   1.00000000000000E-99
150   78     1.00000000000000E-99   1.00000000000000E-99
151   78     1.00000000000000E-99   1.00000000000000E-99
152   78     1.00000000000000E-99   1.00000000000000E-99
153   78     1.00000000000000E-99   1.00000000000000E-99
154   78     1.00000000000000E-99   1.00000000000000E-99
155   78     1.00000000000000E-99   1.00000000000000E-99
156   78     1.00000000000000E-99   1.00000000000000E-99
157   78     1.00000000000000E-99   1.00000000000000E-99
158   78     1.00000000000000E-99   1.00000000000000E-99
159   78     1.00000000000000E-99   1.00000000000000E-99
160   78     1.00000000000000E-99   1.00000000000000E-99
161   78     1.00000000000000E-99   1.00000000000000E-99
162   78     1.00000000000000E-99   1.00000000000000E-99
163   78     1.00000000000000E-99   1.00000000000000E-99
164   78     1.00000000000000E-99   1.00000000000000E-99
165   78     1.00000000000000E-99   1.00000000000000E-99
166   78     1.00000000000000E-99   1.00000000000000E-99
167   78     1.00000000000000E-99   1.00000000000000E-99
168   78     1.00000000000000E-99   1.00000000000000E-99
169   78     1.00000000000000E-99   1.00000000000000E-99
170   78     1.00000000000000E-99   1.00000000000000E-99
171   78     1.00000000000000E-99   1.00000000000000E-99
172   78     1.00000000000000E-99   1.00000000000000E-99
173   78     1.00000000000000E-99   1.00000000000000E-99
174   78     1.00000000000000E-99   1.00000000000000E-99
175   78     1.00000000000000E-99   1.00000000000000E-99
176   78     1.00000000000000E-99   1.00000000000000E-99
177   78     1.00000000000000E-99   1.00000000000000E-99
178   78     1.00000000000000E-99   1.00000000000000E-99
179   78     1.00000000000000E-99   1.00000000000000E-99
180   78     1.00000000000000E-99   1.00000000000000E-99
181   78     1.00000000000000E-99   1.00000000000000E-99
182   78     1.00000000000000E-99   1.00000000000000E-99
106   79     1.00000000000000E-99   1.00000000000000E-99
107   79     1.00000000000000E-99   1.00000000000000E-99
108   79     1.00000000000000E-99   1.00000000000000E-99
109   79     1.00000000000000E-99   1.00000000000000E-99
110   79     1.00000000000000E-99   1.00000000000000E-99
111   79     1.00000000000000E-99   1.00000000000000E-99
112   79     1.00000000000000E-99   1.00000000000000E-99
113   79     1.00000000000000E-99   1.00000000000000E-99
114   79     1.00000000000000E-99   1.00000000000000E-99
115   79     1.00000000000000E-99   1.00000000000000E-99
116   79     1.00000000000000E-99   1.00000000000000E-99
117   79     1.00000000000000E-99   1.00000000000000E-99
118   79     2.47631866438839E-17   4.87834776884512E-15
119   79     1.16093693883161E-18   2.29865513888659E-16
120   79     3.51071929860394E-12   6.98633140422184E-10
121   79     8.68112057680121E-14   1.73622411536024E-11
122   79     1.74160611976615E-13   3.50062830072997E-11
123   79     4.10596339824904E-15   8.29404606446306E-13
124   79     1.55179661378290E-10   3.15014712597929E-08
125   79     4.29127388241564E-09   8.75419872012791E-07
126   79     6.35774332694330E-10   1.30333738202338E-07
127   79     7.14607448567173E-09   1.47209134404838E-06
128   79     2.02052912248163E-07   4.18249528353698E-05
129   79     3.22091171795990E-08   6.69949637335659E-06
130   79     9.74371792198470E-07   2.03643704569480E-04
131   79     9.50130122204311E-09   1.99527325662905E-06
132   79     1.01815213553389E-06   2.14830100597651E-04
133   79     2.36045470096208E-07   5.00416396603962E-05
134   79     2.99250969239974E-07   6.37404564481144E-05
135   79     2.02166423635672E-09   4.32636146580339E-07
136   79     8.01811712948876E-09   1.72389518284008E-06
137   79     1.37328488179573E-10   2.96629534467877E-08
138   79     7.47658316139311E-10   1.62241854602230E-07
139   79     1.41694420437007E-12   3.08893836552676E-10
140   79     7.08205794732146E-12   1.55097069046340E-09
141   79     6.63244663436999E-13   1.45913825956140E-10
142   79     8.25288847163203E-15   1.82388835223068E-12
143   79     5.79824079703985E-18   1.28720945694285E-15
144   79     1.09194104644758E-18   2.43502853357810E-16
145   79     7.63766458696988E-22   1.71083686748125E-19
146   79     3.62610916501587E-24   8.15874562128570E-22
147   79     1.00000000000000E-99   1.00000000000000E-99
148   79     1.00000000000000E-99   1.00000000000000E-99
149   79     1.00000000000000E-99   1.00000000000000E-99
150   79     1.00000000000000E-99   1.00000000000000E-99
151   79     1.00000000000000E-99   1.00000000000000E-99
152   79     1.00000000000000E-99   1.00000000000000E-99
153   79     1.00000000000000E-99   1.00000000000000E-99
154   79     1.00000000000000E-99   1.00000000000000E-99
155   79     1.00000000000000E-99   1.00000000000000E-99
156   79     1.00000000000000E-99   1.00000000000000E-99
157   79     1.00000000000000E-99   1.00000000000000E-99
158   79     1.00000000000000E-99   1.00000000000000E-99
159   79     1.00000000000000E-99   1.00000000000000E-99
160   79     1.00000000000000E-99   1.00000000000000E-99
161   79     1.00000000000000E-99   1.00000000000000E-99
162   79     1.00000000000000E-99   1.00000000000000E-99
163   79     1.00000000000000E-99   1.00000000000000E-99
164   79     1.00000000000000E-99   1.00000000000000E-99
165   79     1.00000000000000E-99   1.00000000000000E-99
166   79     1.00000000000000E-99   1.00000000000000E-99
167   79     1.00000000000000E-99   1.00000000000000E-99
168   79     1.00000000000000E-99   1.00000000000000E-99
169   79     1.00000000000000E-99   1.00000000000000E-99
170   79     1.00000000000000E-99   1.00000000000000E-99
171   79     1.00000000000000E-99   1.00000000000000E-99
172   79     1.00000000000000E-99   1.00000000000000E-99
173   79     1.00000000000000E-99   1.00000000000000E-99
174   79     1.00000000000000E-99   1.00000000000000E-99
175   79     1.00000000000000E-99   1.00000000000000E-99
176   79     1.00000000000000E-99   1.00000000000000E-99
177   79     1.00000000000000E-99   1.00000000000000E-99
178   79     1.00000000000000E-99   1.00000000000000E-99
179   79     1.00000000000000E-99   1.00000000000000E-99
180   79     1.00000000000000E-99   1.00000000000000E-99
181   79     1.00000000000000E-99   1.00000000000000E-99
182   79     1.00000000000000E-99   1.00000000000000E-99
183   79     1.00000000000000E-99   1.00000000000000E-99
184   79     1.00000000000000E-99   1.00000000000000E-99
109   80     1.00000000000000E-99   1.00000000000000E-99
110   80     1.00000000000000E-99   1.00000000000000E-99
111   80     1.00000000000000E-99   1.00000000000000E-99
112   80     1.00000000000000E-99   1.00000000000000E-99
113   80     1.00000000000000E-99   1.00000000000000E-99
114   80     1.00000000000000E-99   1.00000000000000E-99
115   80     1.00000000000000E-99   1.00000000000000E-99
116   80     1.00000000000000E-99   1.00000000000000E-99
117   80     1.00000000000000E-99   1.00000000000000E-99
118   80     1.00000000000000E-99   1.00000000000000E-99
119   80     4.26543297679151E-18   8.48821162381511E-16
120   80     1.28757357833355E-17   2.57514715666709E-15
121   80     5.02189226795404E-17   1.00940034585876E-14
122   80     8.43972561439947E-17   1.70482457410869E-14
123   80     1.39479133712961E-12   2.83142641437310E-10
124   80     6.52101141229350E-11   1.33028632810787E-08
125   80     1.39923078228356E-11   2.86842310368131E-09
126   80     2.31355882722008E-10   4.76593118407337E-08
127   80     8.16506819693942E-09   1.69016911676646E-06
128   80     1.65195785489931E-07   3.43607233819056E-05
129   80     1.29851299487266E-08   2.71389215928387E-06
130   80     1.22296040528245E-06   2.56821685109315E-04
131   80     3.60906221710477E-07   7.61512127809106E-05
132   80     2.07902806754174E-06   4.40753950318848E-04
133   80     3.17372462988364E-07   6.76003346165215E-05
134   80     2.12593483713638E-06   4.54950055147185E-04
135   80     7.47555076546939E-10   1.60724341457592E-07
136   80     1.02532648827236E-07   2.21470521466830E-05
137   80     1.13074274770453E-09   2.45371176251882E-07
138   80     1.22864097694405E-10   2.67843732973804E-08
139   80     1.18637694387665E-12   2.59816550708986E-10
140   80     2.05853565410116E-10   4.52877843902254E-08
141   80     6.23987477404023E-11   1.37901232506289E-08
142   80     6.70326071944331E-12   1.48812387971641E-09
143   80     4.97341306759697E-15   1.10907111407412E-12
144   80     3.21208787518981E-13   7.19507684042517E-11
145   80     1.85755870198421E-15   4.17950707946448E-13
146   80     1.96024912344292E-16   4.43016301898100E-14
147   80     3.31083986721921E-20   7.51560649858760E-18
148   80     2.71219302259554E-21   6.18380009151782E-19
149   80     1.00000000000000E-99   1.00000000000000E-99
150   80     1.00000000000000E-99   1.00000000000000E-99
151   80     1.00000000000000E-99   1.00000000000000E-99
152   80     1.00000000000000E-99   1.00000000000000E-99
153   80     1.00000000000000E-99   1.00000000000000E-99
154   80     1.00000000000000E-99   1.00000000000000E-99
155   80     1.00000000000000E-99   1.00000000000000E-99
156   80     1.00000000000000E-99   1.00000000000000E-99
157   80     1.00000000000000E-99   1.00000000000000E-99
158   80     1.00000000000000E-99   1.00000000000000E-99
159   80     1.00000000000000E-99   1.00000000000000E-99
160   80     1.00000000000000E-99   1.00000000000000E-99
161   80     1.00000000000000E-99   1.00000000000000E-99
162   80     1.00000000000000E-99   1.00000000000000E-99
163   80     1.00000000000000E-99   1.00000000000000E-99
164   80     1.00000000000000E-99   1.00000000000000E-99
165   80     1.00000000000000E-99   1.00000000000000E-99
166   80     1.00000000000000E-99   1.00000000000000E-99
167   80     1.00000000000000E-99   1.00000000000000E-99
168   80     1.00000000000000E-99   1.00000000000000E-99
169   80     1.00000000000000E-99   1.00000000000000E-99
170   80     1.00000000000000E-99   1.00000000000000E-99
171   80     1.00000000000000E-99   1.00000000000000E-99
172   80     1.00000000000000E-99   1.00000000000000E-99
173   80     1.00000000000000E-99   1.00000000000000E-99
174   80     1.00000000000000E-99   1.00000000000000E-99
175   80     1.00000000000000E-99   1.00000000000000E-99
176   80     1.00000000000000E-99   1.00000000000000E-99
177   80     1.00000000000000E-99   1.00000000000000E-99
178   80     1.00000000000000E-99   1.00000000000000E-99
179   80     1.00000000000000E-99   1.00000000000000E-99
180   80     1.00000000000000E-99   1.00000000000000E-99
181   80     1.00000000000000E-99   1.00000000000000E-99
182   80     1.00000000000000E-99   1.00000000000000E-99
183   80     1.00000000000000E-99   1.00000000000000E-99
184   80     1.00000000000000E-99   1.00000000000000E-99
185   80     1.00000000000000E-99   1.00000000000000E-99
186   80     1.00000000000000E-99   1.00000000000000E-99
110   81     1.00000000000000E-99   1.00000000000000E-99
111   81     1.00000000000000E-99   1.00000000000000E-99
112   81     1.00000000000000E-99   1.00000000000000E-99
113   81     1.00000000000000E-99   1.00000000000000E-99
114   81     1.00000000000000E-99   1.00000000000000E-99
115   81     1.00000000000000E-99   1.00000000000000E-99
116   81     1.00000000000000E-99   1.00000000000000E-99
117   81     1.00000000000000E-99   1.00000000000000E-99
118   81     1.00000000000000E-99   1.00000000000000E-99
119   81     1.00000000000000E-99   1.00000000000000E-99
120   81     1.00000000000000E-99   1.00000000000000E-99
121   81     1.00000000000000E-99   1.00000000000000E-99
122   81     1.48967922282290E-19   3.02404882233049E-17
123   81     2.68298268673975E-21   5.47328468094908E-19
124   81     2.43357719524651E-14   4.98883325025534E-12
125   81     2.42893552291683E-13   5.00360717720867E-11
126   81     2.95358429694683E-11   6.11391949467994E-09
127   81     5.15456778552388E-11   1.07215009938897E-08
128   81     2.31954384539378E-08   4.84784663687299E-06
129   81     1.22011817703328E-08   2.56224817176988E-06
130   81     4.21662391869571E-08   8.89707646844795E-06
131   81     2.96093749381884E-07   6.27718748689594E-05
132   81     2.80477840564431E-07   5.97417800402239E-05
133   81     1.29052499256885E-06   2.76172348409733E-04
134   81     5.50250070904272E-07   1.18303765244419E-04
135   81     7.32954260294260E-07   1.58318120223560E-04
136   81     2.98032866822605E-07   6.46731321005053E-05
137   81     1.69534353863035E-07   3.69584891421417E-05
138   81     1.35381505521904E-07   2.96485497092970E-05
139   81     6.16944387605707E-09   1.35727765273256E-06
140   81     6.75624337500248E-08   1.49312978587555E-05
141   81     1.50591476605114E-08   3.34313078063353E-06
142   81     1.36008559438069E-08   3.03299087546895E-06
143   81     1.71128901243620E-10   3.83328738785709E-08
144   81     1.67986413692596E-09   3.77969430808342E-07
145   81     4.78444629575031E-11   1.08128486283957E-08
146   81     6.72300448433346E-12   1.52612201794370E-09
147   81     4.43120204552041E-14   1.01031406637865E-11
148   81     2.22967595047353E-15   5.10595792658437E-13
149   81     2.45339927483308E-18   5.64281833211607E-16
150   81     2.32718676544569E-20   5.37580142817954E-18
151   81     2.12220968207536E-23   4.92352646241483E-21
152   81     1.00000000000000E-99   1.00000000000000E-99
153   81     1.00000000000000E-99   1.00000000000000E-99
154   81     1.00000000000000E-99   1.00000000000000E-99
155   81     1.00000000000000E-99   1.00000000000000E-99
156   81     1.00000000000000E-99   1.00000000000000E-99
157   81     1.00000000000000E-99   1.00000000000000E-99
158   81     1.00000000000000E-99   1.00000000000000E-99
159   81     1.00000000000000E-99   1.00000000000000E-99
160   81     1.00000000000000E-99   1.00000000000000E-99
161   81     1.00000000000000E-99   1.00000000000000E-99
162   81     1.00000000000000E-99   1.00000000000000E-99
163   81     1.00000000000000E-99   1.00000000000000E-99
164   81     1.00000000000000E-99   1.00000000000000E-99
165   81     1.00000000000000E-99   1.00000000000000E-99
166   81     1.00000000000000E-99   1.00000000000000E-99
167   81     1.00000000000000E-99   1.00000000000000E-99
168   81     1.00000000000000E-99   1.00000000000000E-99
169   81     1.00000000000000E-99   1.00000000000000E-99
170   81     1.00000000000000E-99   1.00000000000000E-99
171   81     1.00000000000000E-99   1.00000000000000E-99
172   81     1.00000000000000E-99   1.00000000000000E-99
173   81     1.00000000000000E-99   1.00000000000000E-99
174   81     1.00000000000000E-99   1.00000000000000E-99
175   81     1.00000000000000E-99   1.00000000000000E-99
176   81     1.00000000000000E-99   1.00000000000000E-99
177   81     1.00000000000000E-99   1.00000000000000E-99
178   81     1.00000000000000E-99   1.00000000000000E-99
179   81     1.00000000000000E-99   1.00000000000000E-99
180   81     1.00000000000000E-99   1.00000000000000E-99
181   81     1.00000000000000E-99   1.00000000000000E-99
182   81     1.00000000000000E-99   1.00000000000000E-99
183   81     1.00000000000000E-99   1.00000000000000E-99
184   81     1.00000000000000E-99   1.00000000000000E-99
185   81     1.00000000000000E-99   1.00000000000000E-99
186   81     1.00000000000000E-99   1.00000000000000E-99
187   81     1.00000000000000E-99   1.00000000000000E-99
188   81     1.00000000000000E-99   1.00000000000000E-99
112   82     1.00000000000000E-99   1.00000000000000E-99
113   82     1.00000000000000E-99   1.00000000000000E-99
114   82     1.00000000000000E-99   1.00000000000000E-99
115   82     1.00000000000000E-99   1.00000000000000E-99
116   82     1.00000000000000E-99   1.00000000000000E-99
117   82     1.00000000000000E-99   1.00000000000000E-99
118   82     1.00000000000000E-99   1.00000000000000E-99
119   82     1.00000000000000E-99   1.00000000000000E-99
120   82     1.00000000000000E-99   1.00000000000000E-99
121   82     1.00000000000000E-99   1.00000000000000E-99
122   82     1.00000000000000E-99   1.00000000000000E-99
123   82     1.00000000000000E-99   1.00000000000000E-99
124   82     4.11677207166899E-16   8.48055046763813E-14
125   82     5.06267386355478E-14   1.04797348975584E-11
126   82     1.60248677373117E-13   3.33317248936083E-11
127   82     1.25828509303955E-10   2.62981584445266E-08
128   82     1.11004852393541E-10   2.33110190026436E-08
129   82     4.66707195071697E-10   9.84752181601280E-08
130   82     1.16067728281431E-08   2.46063583956635E-06
131   82     6.07521539053532E-08   1.29402087818402E-05
132   82     1.56689917986533E-07   3.35316424491180E-05
133   82     4.07399634219728E-07   8.75909213572416E-05
134   82     7.43999811850887E-07   1.60703959359792E-04
135   82     5.60188126505516E-07   1.21560823451697E-04
136   82     2.85147670219386E-06   6.21621921078261E-04
137   82     4.24420004835534E-07   9.29479810589819E-05
138   82     1.61006644582351E-06   3.54214618081171E-04
139   82     3.27740886960530E-08   7.24307360182770E-06
140   82     7.69457883498559E-07   1.70819650136680E-04
141   82     1.41487207368183E-07   3.15516472431048E-05
142   82     3.20253237131313E-07   7.17367251174140E-05
143   82     4.50639404254334E-09   1.01393865957225E-06
144   82     6.88706207172599E-08   1.55647602821007E-05
145   82     3.92171875056306E-10   8.90230156377814E-08
146   82     2.54748502036818E-09   5.80826584643946E-07
147   82     9.77423572020283E-12   2.23829997992645E-09
148   82     1.20441085924721E-11   2.77014497626858E-09
149   82     1.12243379767761E-15   2.59282207263527E-13
150   82     3.34718029817800E-16   7.76545829177295E-14
151   82     5.33224525795468E-19   1.24241314510344E-16
152   82     9.34046403049645E-22   2.18566858313617E-19
153   82     1.00000000000000E-99   1.00000000000000E-99
154   82     1.00000000000000E-99   1.00000000000000E-99
155   82     1.00000000000000E-99   1.00000000000000E-99
156   82     1.00000000000000E-99   1.00000000000000E-99
157   82     1.00000000000000E-99   1.00000000000000E-99
158   82     1.00000000000000E-99   1.00000000000000E-99
159   82     1.00000000000000E-99   1.00000000000000E-99
160   82     1.00000000000000E-99   1.00000000000000E-99
161   82     1.00000000000000E-99   1.00000000000000E-99
162   82     1.00000000000000E-99   1.00000000000000E-99
163   82     1.00000000000000E-99   1.00000000000000E-99
164   82     1.00000000000000E-99   1.00000000000000E-99
165   82     1.00000000000000E-99   1.00000000000000E-99
166   82     1.00000000000000E-99   1.00000000000000E-99
167   82     1.00000000000000E-99   1.00000000000000E-99
168   82     1.00000000000000E-99   1.00000000000000E-99
169   82     1.00000000000000E-99   1.00000000000000E-99
170   82     1.00000000000000E-99   1.00000000000000E-99
171   82     1.00000000000000E-99   1.00000000000000E-99
172   82     1.00000000000000E-99   1.00000000000000E-99
173   82     1.00000000000000E-99   1.00000000000000E-99
174   82     1.00000000000000E-99   1.00000000000000E-99
175   82     1.00000000000000E-99   1.00000000000000E-99
176   82     1.00000000000000E-99   1.00000000000000E-99
177   82     1.00000000000000E-99   1.00000000000000E-99
178   82     1.00000000000000E-99   1.00000000000000E-99
179   82     1.00000000000000E-99   1.00000000000000E-99
180   82     1.00000000000000E-99   1.00000000000000E-99
181   82     1.00000000000000E-99   1.00000000000000E-99
182   82     1.00000000000000E-99   1.00000000000000E-99
183   82     1.00000000000000E-99   1.00000000000000E-99
184   82     1.00000000000000E-99   1.00000000000000E-99
185   82     1.00000000000000E-99   1.00000000000000E-99
186   82     1.00000000000000E-99   1.00000000000000E-99
187   82     1.00000000000000E-99   1.00000000000000E-99
188   82     1.00000000000000E-99   1.00000000000000E-99
189   82     1.00000000000000E-99   1.00000000000000E-99
190   82     1.00000000000000E-99   1.00000000000000E-99
191   82     1.00000000000000E-99   1.00000000000000E-99
114   83     1.00000000000000E-99   1.00000000000000E-99
115   83     1.00000000000000E-99   1.00000000000000E-99
116   83     1.00000000000000E-99   1.00000000000000E-99
117   83     1.00000000000000E-99   1.00000000000000E-99
118   83     1.00000000000000E-99   1.00000000000000E-99
119   83     1.00000000000000E-99   1.00000000000000E-99
120   83     1.00000000000000E-99   1.00000000000000E-99
121   83     1.00000000000000E-99   1.00000000000000E-99
122   83     1.00000000000000E-99   1.00000000000000E-99
123   83     1.00000000000000E-99   1.00000000000000E-99
124   83     1.00000000000000E-99   1.00000000000000E-99
125   83     1.00000000000000E-99   1.00000000000000E-99
126   83     5.68793875179889E-15   1.18877919912597E-12
127   83     2.98802743109378E-18   6.27485760529694E-16
128   83     1.21717041544027E-13   2.56822957657898E-11
129   83     1.88393577847159E-13   3.99394385035976E-11
130   83     6.64143826227859E-11   1.41462634986534E-08
131   83     8.19668542861327E-11   1.75409068172324E-08
132   83     2.28454643589453E-09   4.91177483717324E-07
133   83     8.43130544449089E-10   1.82116197601003E-07
134   83     6.38949531306424E-09   1.38652048293494E-06
135   83     4.87713679048531E-08   1.06321582032580E-05
136   83     1.00679713689651E-06   2.20488572980337E-04
137   83     2.87073181355136E-07   6.31560998981298E-05
138   83     5.07381515331021E-07   1.12131314888156E-04
139   83     9.82154142505682E-07   2.18038219636261E-04
140   83     1.17469432997266E-06   2.61956835583903E-04
141   83     1.55689753465495E-06   3.48745047762709E-04
142   83     1.20359228934464E-06   2.70808265102543E-04
143   83     3.39092532989803E-07   7.66349124556955E-05
144   83     9.33619594200902E-07   2.11931647883605E-04
145   83     8.93108847694284E-08   2.03628817274297E-05
146   83     1.53925773165904E-07   3.52490020549920E-05
147   83     7.55628072396872E-09   1.73794456651281E-06
148   83     8.25097473155519E-09   1.90597516298925E-06
149   83     7.00314325965105E-11   1.62472923623904E-08
150   83     1.18130899927001E-11   2.75244996829913E-09
151   83     3.05891665881197E-13   7.15786498162000E-11
152   83     1.20953362344684E-14   2.84240401510007E-12
153   83     1.78244615636809E-17   4.20657292902870E-15
154   83     1.72370282591765E-19   4.08517569742482E-17
155   83     9.60674455623851E-23   2.28640520438477E-20
156   83     6.93173423696307E-25   1.65668448263417E-22
157   83     1.00000000000000E-99   1.00000000000000E-99
158   83     1.00000000000000E-99   1.00000000000000E-99
159   83     1.00000000000000E-99   1.00000000000000E-99
160   83     1.00000000000000E-99   1.00000000000000E-99
161   83     1.00000000000000E-99   1.00000000000000E-99
162   83     1.00000000000000E-99   1.00000000000000E-99
163   83     1.00000000000000E-99   1.00000000000000E-99
164   83     1.00000000000000E-99   1.00000000000000E-99
165   83     1.00000000000000E-99   1.00000000000000E-99
166   83     1.00000000000000E-99   1.00000000000000E-99
167   83     1.00000000000000E-99   1.00000000000000E-99
168   83     1.00000000000000E-99   1.00000000000000E-99
169   83     1.00000000000000E-99   1.00000000000000E-99
170   83     1.00000000000000E-99   1.00000000000000E-99
171   83     1.00000000000000E-99   1.00000000000000E-99
172   83     1.00000000000000E-99   1.00000000000000E-99
173   83     1.00000000000000E-99   1.00000000000000E-99
174   83     1.00000000000000E-99   1.00000000000000E-99
175   83     1.00000000000000E-99   1.00000000000000E-99
176   83     1.00000000000000E-99   1.00000000000000E-99
177   83     1.00000000000000E-99   1.00000000000000E-99
178   83     1.00000000000000E-99   1.00000000000000E-99
179   83     1.00000000000000E-99   1.00000000000000E-99
180   83     1.00000000000000E-99   1.00000000000000E-99
181   83     1.00000000000000E-99   1.00000000000000E-99
182   83     1.00000000000000E-99   1.00000000000000E-99
183   83     1.00000000000000E-99   1.00000000000000E-99
184   83     1.00000000000000E-99   1.00000000000000E-99
185   83     1.00000000000000E-99   1.00000000000000E-99
186   83     1.00000000000000E-99   1.00000000000000E-99
187   83     1.00000000000000E-99   1.00000000000000E-99
188   83     1.00000000000000E-99   1.00000000000000E-99
189   83     1.00000000000000E-99   1.00000000000000E-99
190   83     1.00000000000000E-99   1.00000000000000E-99
191   83     1.00000000000000E-99   1.00000000000000E-99
192   83     1.00000000000000E-99   1.00000000000000E-99
193   83     1.00000000000000E-99   1.00000000000000E-99
118   84     1.00000000000000E-99   1.00000000000000E-99
119   84     1.00000000000000E-99   1.00000000000000E-99
120   84     1.00000000000000E-99   1.00000000000000E-99
121   84     1.00000000000000E-99   1.00000000000000E-99
122   84     1.00000000000000E-99   1.00000000000000E-99
123   84     1.00000000000000E-99   1.00000000000000E-99
124   84     1.00000000000000E-99   1.00000000000000E-99
125   84     1.00000000000000E-99   1.00000000000000E-99
126   84     1.00000000000000E-99   1.00000000000000E-99
127   84     6.72440819312481E-19   1.41885012874934E-16
128   84     9.94346222876986E-24   2.10801399249921E-21
129   84     8.82336373145557E-20   1.87937647480004E-17
130   84     1.13126060322791E-17   2.42089769090773E-15
131   84     9.02425079514950E-15   1.94021392095714E-12
132   84     7.83859252707216E-13   1.69313598584759E-10
133   84     4.16442737689691E-11   9.03680740786630E-09
134   84     1.10721629693953E-09   2.41373152732817E-07
135   84     3.54316054642730E-08   7.75952159667579E-06
136   84     5.49254031882905E-08   1.20835887014239E-05
137   84     4.98024779395476E-08   1.10063476246400E-05
138   84     6.07111580918711E-07   1.34778770963954E-04
139   84     3.72621013580545E-07   8.30944860284614E-05
140   84     1.55198479878746E-06   3.47644594928391E-04
141   84     1.31092970620473E-06   2.94959183896064E-04
142   84     3.85893257507618E-06   8.72118761967217E-04
143   84     1.40528310082102E-06   3.18999263886371E-04
144   84     4.75249296993337E-06   1.08356839714481E-03
145   84     5.58783891295362E-07   1.27961511106638E-04
146   84     1.78983973247721E-06   4.11663138469759E-04
147   84     1.42548348585695E-07   3.29286685232956E-05
148   84     3.15561519923494E-07   7.32102726222507E-05
149   84     6.64707217655248E-10   1.54876781713673E-07
150   84     4.07638037286104E-09   9.53873007249484E-07
151   84     6.57456457479319E-11   1.54502267507640E-08
152   84     5.02344746417024E-12   1.18553360154418E-09
153   84     5.06082833855465E-16   1.19941631623745E-13
154   84     5.31484985695279E-16   1.26493426595477E-13
155   84     7.12183037279586E-20   1.70211745909821E-17
156   84     2.40785915438950E-20   5.77886197053480E-18
157   84     2.00138960782403E-24   4.82334895485591E-22
158   84     1.00000000000000E-99   1.00000000000000E-99
159   84     1.00000000000000E-99   1.00000000000000E-99
160   84     1.00000000000000E-99   1.00000000000000E-99
161   84     1.00000000000000E-99   1.00000000000000E-99
162   84     1.00000000000000E-99   1.00000000000000E-99
163   84     1.00000000000000E-99   1.00000000000000E-99
164   84     1.00000000000000E-99   1.00000000000000E-99
165   84     1.00000000000000E-99   1.00000000000000E-99
166   84     1.00000000000000E-99   1.00000000000000E-99
167   84     1.00000000000000E-99   1.00000000000000E-99
168   84     1.00000000000000E-99   1.00000000000000E-99
169   84     1.00000000000000E-99   1.00000000000000E-99
170   84     1.00000000000000E-99   1.00000000000000E-99
171   84     1.00000000000000E-99   1.00000000000000E-99
172   84     1.00000000000000E-99   1.00000000000000E-99
173   84     1.00000000000000E-99   1.00000000000000E-99
174   84     1.00000000000000E-99   1.00000000000000E-99
175   84     1.00000000000000E-99   1.00000000000000E-99
176   84     1.00000000000000E-99   1.00000000000000E-99
177   84     1.00000000000000E-99   1.00000000000000E-99
178   84     1.00000000000000E-99   1.00000000000000E-99
179   84     1.00000000000000E-99   1.00000000000000E-99
180   84     1.00000000000000E-99   1.00000000000000E-99
181   84     1.00000000000000E-99   1.00000000000000E-99
182   84     1.00000000000000E-99   1.00000000000000E-99
183   84     1.00000000000000E-99   1.00000000000000E-99
184   84     1.00000000000000E-99   1.00000000000000E-99
185   84     1.00000000000000E-99   1.00000000000000E-99
186   84     1.00000000000000E-99   1.00000000000000E-99
187   84     1.00000000000000E-99   1.00000000000000E-99
188   84     1.00000000000000E-99   1.00000000000000E-99
189   84     1.00000000000000E-99   1.00000000000000E-99
190   84     1.00000000000000E-99   1.00000000000000E-99
191   84     1.00000000000000E-99   1.00000000000000E-99
192   84     1.00000000000000E-99   1.00000000000000E-99
121   85     1.00000000000000E-99   1.00000000000000E-99
122   85     1.00000000000000E-99   1.00000000000000E-99
123   85     1.00000000000000E-99   1.00000000000000E-99
124   85     1.00000000000000E-99   1.00000000000000E-99
125   85     1.00000000000000E-99   1.00000000000000E-99
126   85     1.00000000000000E-99   1.00000000000000E-99
127   85     1.00000000000000E-99   1.00000000000000E-99
128   85     1.00000000000000E-99   1.00000000000000E-99
129   85     1.00000000000000E-99   1.00000000000000E-99
130   85     1.00000000000000E-99   1.00000000000000E-99
131   85     1.00000000000000E-99   1.00000000000000E-99
132   85     6.39913550345628E-15   1.38861240425001E-12
133   85     6.41498562011722E-16   1.39846686518555E-13
134   85     1.21902555685748E-09   2.66966596951788E-07
135   85     2.55027495037299E-10   5.61060489082058E-08
136   85     1.07855530519673E-08   2.38360722448478E-06
137   85     1.28338029998635E-08   2.84910426596969E-06
138   85     6.11870906347094E-08   1.36447212115402E-05
139   85     8.50183979224718E-08   1.90441211346337E-05
140   85     2.02436028385064E-07   4.55481063866393E-05
141   85     9.90267376973856E-07   2.23800427196092E-04
142   85     1.02350293904197E-06   2.32335167162528E-04
143   85     2.21757285877975E-06   5.05606611801784E-04
144   85     2.29528733621052E-06   5.25620799992209E-04
145   85     2.15005723748016E-06   4.94513164620436E-04
146   85     1.84809715785220E-06   4.26910443463859E-04
147   85     1.00734989080084E-06   2.33705174665795E-04
148   85     4.39175713762150E-07   1.02327941306581E-04
149   85     2.92219861966415E-08   6.83794477001412E-06
150   85     1.85683725636558E-08   4.36356755245912E-06
151   85     2.96828282273856E-08   7.00514746166300E-06
152   85     1.73736421132432E-09   4.11755318083863E-07
153   85     3.82964978943873E-12   9.11456649886418E-10
154   85     4.11877789309941E-11   9.84387916450759E-09
155   85     3.30409602136233E-14   7.92983045126960E-12
156   85     1.25609213428905E-15   3.02718204363660E-13
157   85     1.14405172904386E-17   2.76860518428615E-15
158   85     2.38556606051411E-19   5.79692552704928E-17
159   85     4.84575276176499E-22   1.18236367387066E-19
160   85     7.49508812630541E-24   1.83629659094482E-21
161   85     1.00000000000000E-99   1.00000000000000E-99
162   85     1.00000000000000E-99   1.00000000000000E-99
163   85     1.00000000000000E-99   1.00000000000000E-99
164   85     1.00000000000000E-99   1.00000000000000E-99
165   85     1.00000000000000E-99   1.00000000000000E-99
166   85     1.00000000000000E-99   1.00000000000000E-99
167   85     1.00000000000000E-99   1.00000000000000E-99
168   85     1.00000000000000E-99   1.00000000000000E-99
169   85     1.00000000000000E-99   1.00000000000000E-99
170   85     1.00000000000000E-99   1.00000000000000E-99
171   85     1.00000000000000E-99   1.00000000000000E-99
172   85     1.00000000000000E-99   1.00000000000000E-99
173   85     1.00000000000000E-99   1.00000000000000E-99
174   85     1.00000000000000E-99   1.00000000000000E-99
175   85     1.00000000000000E-99   1.00000000000000E-99
176   85     1.00000000000000E-99   1.00000000000000E-99
177   85     1.00000000000000E-99   1.00000000000000E-99
178   85     1.00000000000000E-99   1.00000000000000E-99
179   85     1.00000000000000E-99   1.00000000000000E-99
180   85     1.00000000000000E-99   1.00000000000000E-99
181   85     1.00000000000000E-99   1.00000000000000E-99
182   85     1.00000000000000E-99   1.00000000000000E-99
183   85     1.00000000000000E-99   1.00000000000000E-99
184   85     1.00000000000000E-99   1.00000000000000E-99
185   85     1.00000000000000E-99   1.00000000000000E-99
186   85     1.00000000000000E-99   1.00000000000000E-99
187   85     1.00000000000000E-99   1.00000000000000E-99
188   85     1.00000000000000E-99   1.00000000000000E-99
189   85     1.00000000000000E-99   1.00000000000000E-99
190   85     1.00000000000000E-99   1.00000000000000E-99
191   85     1.00000000000000E-99   1.00000000000000E-99
192   85     1.00000000000000E-99   1.00000000000000E-99
193   85     1.00000000000000E-99   1.00000000000000E-99
194   85     1.00000000000000E-99   1.00000000000000E-99
124   86     1.00000000000000E-99   1.00000000000000E-99
125   86     1.00000000000000E-99   1.00000000000000E-99
126   86     1.00000000000000E-99   1.00000000000000E-99
127   86     1.00000000000000E-99   1.00000000000000E-99
128   86     1.00000000000000E-99   1.00000000000000E-99
129   86     1.00000000000000E-99   1.00000000000000E-99
130   86     1.00000000000000E-99   1.00000000000000E-99
131   86     7.48295222694270E-21   1.62380063324657E-18
132   86     1.43492198253628E-20   3.12812992192910E-18
133   86     2.70930740466832E-13   5.93338321622361E-11
134   86     5.05414693352186E-13   1.11191232537481E-10
135   86     3.71506260837546E-11   8.21028836450977E-09
136   86     1.16016604030688E-10   2.57556860948127E-08
137   86     5.96776370020540E-10   1.33081130514580E-07
138   86     1.16018573286063E-08   2.59881604160781E-06
139   86     2.29707275322156E-08   5.16841369474852E-06
140   86     2.10731148241612E-07   4.76252395026043E-05
141   86     9.13858488579773E-08   2.07445876907608E-05
142   86     9.81145399646538E-07   2.23701151119411E-04
143   86     1.48135648351248E-06   3.39230634724359E-04
144   86     5.36066256737541E-06   1.23295239049634E-03
145   86     4.67911630336884E-06   1.08087586607820E-03
146   86     1.14914731869866E-05   2.66602177938089E-03
147   86     5.33525320587975E-06   1.24311399696998E-03
148   86     1.02616715096378E-05   2.40123113325525E-03
149   86     8.51667219831524E-07   2.00141796660408E-04
150   86     3.44665937362077E-06   8.13411612174501E-04
151   86     7.90881577254953E-07   1.87438933809424E-04
152   86     9.28023181248955E-07   2.20869517137251E-04
153   86     1.57559662480535E-10   3.76567593328479E-08
154   86     2.95045029655396E-09   7.08108071172950E-07
155   86     1.67162958407206E-11   4.02862729761365E-09
156   86     1.60828186735405E-11   3.89204211899680E-09
157   86     1.13907301278649E-14   2.76794742107117E-12
158   86     1.14620439929991E-14   2.79673873429178E-12
159   86     1.26874903494975E-17   3.10843513562688E-15
160   86     5.96348543640292E-18   1.46701741735512E-15
161   86     5.52768851363561E-22   1.36533906286799E-19
162   86     4.23602671715726E-24   1.05053462585500E-21
163   86     1.00000000000000E-99   1.00000000000000E-99
164   86     1.00000000000000E-99   1.00000000000000E-99
165   86     1.00000000000000E-99   1.00000000000000E-99
166   86     1.00000000000000E-99   1.00000000000000E-99
167   86     1.00000000000000E-99   1.00000000000000E-99
168   86     1.00000000000000E-99   1.00000000000000E-99
169   86     1.00000000000000E-99   1.00000000000000E-99
170   86     1.00000000000000E-99   1.00000000000000E-99
171   86     1.00000000000000E-99   1.00000000000000E-99
172   86     1.00000000000000E-99   1.00000000000000E-99
173   86     1.00000000000000E-99   1.00000000000000E-99
174   86     1.00000000000000E-99   1.00000000000000E-99
175   86     1.00000000000000E-99   1.00000000000000E-99
176   86     1.00000000000000E-99   1.00000000000000E-99
177   86     1.00000000000000E-99   1.00000000000000E-99
178   86     1.00000000000000E-99   1.00000000000000E-99
179   86     1.00000000000000E-99   1.00000000000000E-99
180   86     1.00000000000000E-99   1.00000000000000E-99
181   86     1.00000000000000E-99   1.00000000000000E-99
182   86     1.00000000000000E-99   1.00000000000000E-99
183   86     1.00000000000000E-99   1.00000000000000E-99
126   87     1.00000000000000E-99   1.00000000000000E-99
127   87     1.00000000000000E-99   1.00000000000000E-99
128   87     1.00000000000000E-99   1.00000000000000E-99
129   87     1.00000000000000E-99   1.00000000000000E-99
130   87     1.00000000000000E-99   1.00000000000000E-99
131   87     1.00000000000000E-99   1.00000000000000E-99
132   87     1.00000000000000E-99   1.00000000000000E-99
133   87     1.00000000000000E-99   1.00000000000000E-99
134   87     7.16536182337471E-15   1.58354496296581E-12
135   87     3.39569288524676E-16   7.53843820524780E-14
136   87     1.49865406007940E-13   3.34199855397706E-11
137   87     5.19859343400958E-13   1.16448492921815E-10
138   87     3.47865544206194E-11   7.82697474463936E-09
139   87     1.69965383511176E-10   3.84121766735258E-08
140   87     2.08007011207687E-09   4.72175915441450E-07
141   87     6.46539582461360E-09   1.47411024801190E-06
142   87     7.42645455110291E-08   1.70065809220257E-05
143   87     2.35186564086214E-07   5.40929097398292E-05
144   87     1.07015714555915E-06   2.47206300624163E-04
145   87     1.94103049024698E-06   4.50319073737299E-04
146   87     5.63212090123954E-06   1.31228416998881E-03
147   87     6.46312543273784E-06   1.51237135126065E-03
148   87     1.00760485743448E-05   2.36787141497103E-03
149   87     5.74064482513170E-06   1.35479217873108E-03
150   87     8.57099955528811E-06   2.03132689460328E-03
151   87     6.93070882856386E-06   1.64950870119820E-03
152   87     4.34754964368399E-06   1.03906436484047E-03
153   87     1.05867775069106E-07   2.54082660165855E-05
154   87     1.94168403128392E-08   4.67945851539424E-06
155   87     5.18817326032331E-10   1.25553792899824E-07
156   87     1.18742934946349E-08   2.88545331919629E-06
157   87     2.88165944292260E-10   7.03124904073115E-08
158   87     4.75774512203284E-11   1.16564755489805E-08
159   87     2.34281183397105E-12   5.76331711156879E-10
160   87     6.81941049805931E-13   1.68439439302065E-10
161   87     4.94701263068910E-15   1.22685913241090E-12
162   87     1.14094365070229E-16   2.84094969024870E-14
163   87     7.83511352577742E-20   1.95877838144435E-17
164   87     1.91422950212126E-24   4.80471605032436E-22
165   87     1.00000000000000E-99   1.00000000000000E-99
166   87     1.00000000000000E-99   1.00000000000000E-99
167   87     1.00000000000000E-99   1.00000000000000E-99
168   87     1.00000000000000E-99   1.00000000000000E-99
169   87     1.00000000000000E-99   1.00000000000000E-99
170   87     1.00000000000000E-99   1.00000000000000E-99
171   87     1.00000000000000E-99   1.00000000000000E-99
172   87     1.00000000000000E-99   1.00000000000000E-99
173   87     1.00000000000000E-99   1.00000000000000E-99
174   87     1.00000000000000E-99   1.00000000000000E-99
175   87     1.00000000000000E-99   1.00000000000000E-99
176   87     1.00000000000000E-99   1.00000000000000E-99
177   87     1.00000000000000E-99   1.00000000000000E-99
178   87     1.00000000000000E-99   1.00000000000000E-99
179   87     1.00000000000000E-99   1.00000000000000E-99
180   87     1.00000000000000E-99   1.00000000000000E-99
181   87     1.00000000000000E-99   1.00000000000000E-99
182   87     1.00000000000000E-99   1.00000000000000E-99
183   87     1.00000000000000E-99   1.00000000000000E-99
191   87     1.00000000000000E-99   1.00000000000000E-99
193   87     1.00000000000000E-99   1.00000000000000E-99
129   88     1.00000000000000E-99   1.00000000000000E-99
130   88     1.00000000000000E-99   1.00000000000000E-99
131   88     1.00000000000000E-99   1.00000000000000E-99
132   88     1.00000000000000E-99   1.00000000000000E-99
133   88     1.00000000000000E-99   1.00000000000000E-99
134   88     1.44874188311880E-19   3.21620698052374E-17
135   88     3.49382586515828E-17   7.79123167930297E-15
136   88     8.35543076009352E-16   1.87161649026095E-13
137   88     5.01927398539477E-14   1.12933664671382E-11
138   88     1.24606236153808E-12   2.81610093707606E-10
139   88     5.30722375027626E-12   1.20473979131271E-09
140   88     6.89462736212996E-11   1.57197503856563E-08
141   88     6.33507407218070E-10   1.45073196252938E-07
142   88     6.18532073983183E-09   1.42262377016132E-06
143   88     3.27436087416572E-08   7.56377361932281E-06
144   88     2.31580805410281E-07   5.37267468551852E-05
145   88     4.29098464344420E-07   9.99799421922498E-05
146   88     2.14181636773932E-06   5.01185030051001E-04
147   88     3.43831751168494E-06   8.08004615245960E-04
148   88     1.53535173350471E-05   3.62343009107110E-03
149   88     1.01415564869632E-05   2.40354888741029E-03
150   88     1.66132335636287E-05   3.95394958814364E-03
151   88     2.11358806452849E-05   5.05147547422308E-03
152   88     1.84100188971633E-05   4.41840453531920E-03
153   88     4.99932663533942E-07   1.20483771911680E-04
154   88     1.82797655606680E-06   4.42370326568164E-04
155   88     5.30829182299171E-08   1.28991491298699E-05
156   88     6.38889923423453E-07   1.55889141315323E-04
157   88     1.29168874929180E-08   3.16463743576492E-06
158   88     1.49493800780475E-08   3.67754749919969E-06
159   88     4.22886139439454E-10   1.04452876441545E-07
160   88     2.86241322872697E-10   7.09878480724288E-08
161   88     1.72838038286996E-12   4.30366715334621E-10
162   88     7.43716030377286E-13   1.85929007594322E-10
163   88     3.05888215771012E-16   7.67779421585240E-14
164   88     8.66166522298268E-19   2.18273963619164E-16
165   88     1.00000000000000E-99   1.00000000000000E-99
166   88     1.00000000000000E-99   1.00000000000000E-99
167   88     1.00000000000000E-99   1.00000000000000E-99
168   88     1.00000000000000E-99   1.00000000000000E-99
169   88     1.00000000000000E-99   1.00000000000000E-99
170   88     1.00000000000000E-99   1.00000000000000E-99
171   88     1.00000000000000E-99   1.00000000000000E-99
172   88     2.36825343115137E-22   6.15745892099355E-20
173   88     1.00000000000000E-99   1.00000000000000E-99
174   88     1.00000000000000E-99   1.00000000000000E-99
175   88     1.00000000000000E-99   1.00000000000000E-99
176   88     1.00000000000000E-99   1.00000000000000E-99
177   88     1.00000000000000E-99   1.00000000000000E-99
178   88     1.00000000000000E-99   1.00000000000000E-99
179   88     1.00000000000000E-99   1.00000000000000E-99
180   88     1.00000000000000E-99   1.00000000000000E-99
181   88     1.00000000000000E-99   1.00000000000000E-99
182   88     1.00000000000000E-99   1.00000000000000E-99
183   88     1.00000000000000E-99   1.00000000000000E-99
130   89     1.00000000000000E-99   1.00000000000000E-99
131   89     1.00000000000000E-99   1.00000000000000E-99
132   89     1.00000000000000E-99   1.00000000000000E-99
133   89     1.00000000000000E-99   1.00000000000000E-99
134   89     1.00000000000000E-99   1.00000000000000E-99
135   89     1.00000000000000E-99   1.00000000000000E-99
136   89     1.10177220623899E-20   2.47898746403772E-18
137   89     5.12316478703483E-22   1.15783524186987E-19
138   89     6.42077738083466E-16   1.45751646544947E-13
139   89     3.47956467972769E-17   7.93340746977914E-15
140   89     8.87828481336070E-13   2.03312722225960E-10
141   89     3.75067542429767E-13   8.62655347588465E-11
142   89     1.27379374568607E-10   2.94246355253483E-08
143   89     3.76919845732652E-10   8.74454042099753E-08
144   89     6.36799584234225E-09   1.48374303126574E-06
145   89     3.09323680903708E-08   7.23817413314677E-06
146   89     2.73001996515214E-07   6.41554691810752E-05
147   89     7.46720702505029E-07   1.76226085791187E-04
148   89     3.98903736953253E-06   9.45401856579210E-04
149   89     3.26506071802497E-06   7.77084450889942E-04
150   89     1.09691552949745E-05   2.62162811549889E-03
151   89     1.70931209075857E-05   4.10234901782056E-03
152   89     1.44930049602445E-05   3.49281419541893E-03
153   89     3.26128612229491E-06   7.89231241595368E-04
154   89     4.07352074806865E-06   9.89865541780683E-04
155   89     8.09419897366709E-07   1.97498454957477E-04
156   89     3.11753509279566E-06   7.63796097734937E-04
157   89     2.12317148242217E-07   5.22300184675853E-05
158   89     1.14306482199754E-07   2.82337011033393E-05
159   89     6.59346717694414E-08   1.63517985988215E-05
160   89     1.28070912355681E-07   3.18896571765647E-05
161   89     6.00301758086500E-09   1.50075439521625E-06
162   89     5.03243547458744E-10   1.26314130412145E-07
163   89     3.40564051858565E-11   8.58221410683583E-09
164   89     2.16100947999967E-12   5.46735398439916E-10
165   89     2.11150844891975E-17   5.36323146025617E-15
166   89     2.75158642763610E-20   7.01654539047206E-18
167   89     2.56251803140771E-23   6.56004616040374E-21
168   89     1.60704730127251E-25   4.13011156427035E-23
169   89     1.00000000000000E-99   1.00000000000000E-99
170   89     1.69608000353884E-22   4.39284720916561E-20
171   89     3.27351745287421E-23   8.51114537747293E-21
172   89     2.57335776990320E-19   6.71646377944735E-17
173   89     1.13261403695882E-25   2.96744877683211E-23
174   89     1.00000000000000E-99   1.00000000000000E-99
175   89     1.00000000000000E-99   1.00000000000000E-99
176   89     1.00000000000000E-99   1.00000000000000E-99
177   89     1.00000000000000E-99   1.00000000000000E-99
178   89     1.00000000000000E-99   1.00000000000000E-99
179   89     1.00000000000000E-99   1.00000000000000E-99
180   89     1.00000000000000E-99   1.00000000000000E-99
181   89     1.00000000000000E-99   1.00000000000000E-99
182   89     1.00000000000000E-99   1.00000000000000E-99
183   89     1.00000000000000E-99   1.00000000000000E-99
185   89     1.00000000000000E-99   1.00000000000000E-99
187   89     1.00000000000000E-99   1.00000000000000E-99
188   89     1.00000000000000E-99   1.00000000000000E-99
189   89     1.00000000000000E-99   1.00000000000000E-99
190   89     1.00000000000000E-99   1.00000000000000E-99
191   89     1.00000000000000E-99   1.00000000000000E-99
192   89     1.00000000000000E-99   1.00000000000000E-99
193   89     1.00000000000000E-99   1.00000000000000E-99
195   89     1.00000000000000E-99   1.00000000000000E-99
197   89     1.00000000000000E-99   1.00000000000000E-99
198   89     1.00000000000000E-99   1.00000000000000E-99
199   89     1.00000000000000E-99   1.00000000000000E-99
132   90     1.00000000000000E-99   1.00000000000000E-99
133   90     1.00000000000000E-99   1.00000000000000E-99
134   90     1.00000000000000E-99   1.00000000000000E-99
135   90     1.00000000000000E-99   1.00000000000000E-99
136   90     1.00000000000000E-99   1.00000000000000E-99
137   90     1.00000000000000E-99   1.00000000000000E-99
138   90     4.83058788726478E-22   1.10137403829637E-19
139   90     6.42299637590163E-17   1.47086617008147E-14
140   90     9.31472570991459E-16   2.14238691328036E-13
141   90     8.73710591770153E-14   2.01827146698905E-11
142   90     1.12814814336063E-12   2.61730369259666E-10
143   90     1.62554152849099E-11   3.78751176138402E-09
144   90     2.91025401922023E-10   6.80999440497533E-08
145   90     1.94750450954832E-09   4.57663559743855E-07
146   90     6.27855825676552E-08   1.48173974859666E-05
147   90     4.33965560458761E-07   1.02849837828726E-04
148   90     1.07326556306462E-06   2.55437204009380E-04
149   90     2.86616179426445E-06   6.85012668829204E-04
150   90     5.53224115817993E-06   1.32773787796318E-03
151   90     1.09155404170501E-05   2.63064524050909E-03
152   90     2.11873637005920E-05   5.12734201554327E-03
153   90     8.07043515034650E-06   1.96111574153420E-03
154   90     1.53226592905807E-05   3.73872886690168E-03
155   90     1.10383924911078E-06   2.70440616032142E-04
156   90     1.11721860782116E-05   2.74835777524004E-03
157   90     2.77783704843116E-06   6.86125750962497E-04
158   90     4.63713782146752E-06   1.15001017972394E-03
159   90     7.46607654187195E-07   1.85905305892612E-04
160   90     1.39445484520186E-06   3.48613711300464E-04
161   90     1.01472527698345E-07   2.54696044522846E-05
162   90     1.32678610333419E-07   3.34350098040216E-05
163   90     6.23439056694714E-10   1.57730081343763E-07
164   90     1.42526949026761E-10   3.62018450527973E-08
165   90     2.34882267418519E-15   5.98949781917224E-13
166   90     3.71933317203121E-20   9.52149292039990E-18
167   90     6.80172889963764E-25   1.74804432720687E-22
168   90     3.89944308399850E-19   1.00605631567161E-16
169   90     4.64253204046384E-19   1.20241579848013E-16
170   90     1.48190083217135E-18   3.85294216364550E-16
171   90     6.13232200610906E-23   1.60053604359446E-20
172   90     3.47176867337699E-14   9.09603392424771E-12
173   90     1.87487747124560E-21   4.93092774937592E-19
174   90     1.15927784482079E-25   3.06049351032687E-23
175   90     1.00000000000000E-99   1.00000000000000E-99
176   90     1.00000000000000E-99   1.00000000000000E-99
177   90     1.00000000000000E-99   1.00000000000000E-99
178   90     1.00000000000000E-99   1.00000000000000E-99
179   90     1.00000000000000E-99   1.00000000000000E-99
180   90     1.00000000000000E-99   1.00000000000000E-99
181   90     1.00000000000000E-99   1.00000000000000E-99
182   90     1.00000000000000E-99   1.00000000000000E-99
183   90     1.00000000000000E-99   1.00000000000000E-99
189   90     1.00000000000000E-99   1.00000000000000E-99
190   90     1.00000000000000E-99   1.00000000000000E-99
191   90     1.00000000000000E-99   1.00000000000000E-99
192   90     1.00000000000000E-99   1.00000000000000E-99
193   90     1.00000000000000E-99   1.00000000000000E-99
195   90     1.00000000000000E-99   1.00000000000000E-99
197   90     1.00000000000000E-99   1.00000000000000E-99
202   90     1.00000000000000E-99   1.00000000000000E-99
203   90     1.00000000000000E-99   1.00000000000000E-99
134   91     1.00000000000000E-99   1.00000000000000E-99
135   91     1.00000000000000E-99   1.00000000000000E-99
136   91     1.00000000000000E-99   1.00000000000000E-99
137   91     1.00000000000000E-99   1.00000000000000E-99
138   91     1.00000000000000E-99   1.00000000000000E-99
139   91     1.00000000000000E-99   1.00000000000000E-99
140   91     2.51418301760138E-19   5.80776277065918E-17
141   91     1.39809072055157E-20   3.24357047167964E-18
142   91     3.67989932650197E-15   8.57416543074959E-13
143   91     2.81613675493536E-16   6.58976000654874E-14
144   91     1.57540016608539E-12   3.70219039030066E-10
145   91     9.49251530617138E-12   2.24023361225645E-09
146   91     6.59352448637863E-10   1.56266530327174E-07
147   91     7.36211923805812E-10   1.75218437865783E-07
148   91     1.46884196364003E-07   3.51053229309968E-05
149   91     8.89561339039825E-08   2.13494721369558E-05
150   91     3.39724143609713E-07   8.18735186099408E-05
151   91     9.40790008555277E-07   2.27671182070377E-04
152   91     5.73811653350874E-06   1.39436231764262E-03
153   91     5.53561320541596E-06   1.35068962212150E-03
154   91     5.99328261238326E-06   1.46835424003390E-03
155   91     3.50939060297193E-06   8.63310088331096E-04
156   91     7.86183651991474E-06   1.94187362041894E-03
157   91     7.13369492645665E-06   1.76915634176125E-03
158   91     9.61216004568698E-06   2.39342785137606E-03
159   91     2.77194119726367E-06   6.92985299315916E-04
160   91     2.93896662464143E-06   7.37680622785000E-04
161   91     6.31693665105767E-07   1.59186803606653E-04
162   91     3.85709481971078E-07   9.75844989386827E-05
163   91     2.97353404564796E-08   7.55277647594582E-06
164   91     4.67743942533555E-09   1.19274705346056E-06
165   91     1.76624241038682E-11   4.52158057059027E-09
166   91     6.74598375752966E-12   1.73371782568512E-09
167   91     8.83843782028635E-16   2.28031695763388E-13
168   91     1.60806482790261E-17   4.16488790426777E-15
169   91     6.03260765466466E-19   1.56847799021281E-16
170   91     3.06802927837329E-14   8.00755641655429E-12
171   91     5.92236740651048E-15   1.55166026050575E-12
172   91     3.17170384128153E-14   8.34158110257043E-12
173   91     1.68563556907276E-19   4.45007790235210E-17
174   91     3.51116273624547E-22   9.30458125105049E-20
175   91     1.00000000000000E-99   1.00000000000000E-99
176   91     3.19905154045884E-22   8.54146761302511E-20
177   91     1.00000000000000E-99   1.00000000000000E-99
178   91     1.00000000000000E-99   1.00000000000000E-99
179   91     1.00000000000000E-99   1.00000000000000E-99
180   91     1.00000000000000E-99   1.00000000000000E-99
181   91     1.00000000000000E-99   1.00000000000000E-99
182   91     1.00000000000000E-99   1.00000000000000E-99
183   91     1.00000000000000E-99   1.00000000000000E-99
184   91     1.00000000000000E-99   1.00000000000000E-99
185   91     1.00000000000000E-99   1.00000000000000E-99
187   91     1.00000000000000E-99   1.00000000000000E-99
188   91     1.00000000000000E-99   1.00000000000000E-99
189   91     1.00000000000000E-99   1.00000000000000E-99
190   91     1.00000000000000E-99   1.00000000000000E-99
191   91     1.00000000000000E-99   1.00000000000000E-99
192   91     1.00000000000000E-99   1.00000000000000E-99
193   91     1.00000000000000E-99   1.00000000000000E-99
194   91     1.00000000000000E-99   1.00000000000000E-99
195   91     1.00000000000000E-99   1.00000000000000E-99
196   91     1.00000000000000E-99   1.00000000000000E-99
197   91     1.00000000000000E-99   1.00000000000000E-99
201   91     1.00000000000000E-99   1.00000000000000E-99
203   91     1.00000000000000E-99   1.00000000000000E-99
205   91     1.00000000000000E-99   1.00000000000000E-99
135   92     1.00000000000000E-99   1.00000000000000E-99
136   92     1.00000000000000E-99   1.00000000000000E-99
137   92     1.00000000000000E-99   1.00000000000000E-99
138   92     1.00000000000000E-99   1.00000000000000E-99
139   92     1.00000000000000E-99   1.00000000000000E-99
140   92     1.00000000000000E-99   1.00000000000000E-99
141   92     3.76100587060879E-22   8.76314367851848E-20
142   92     3.43129762962964E-21   8.02923645333336E-19
143   92     2.72697766340733E-16   6.40839750900722E-14
144   92     5.39501977104484E-15   1.27322466596658E-12
145   92     4.04335364392025E-13   9.58274813609098E-11
146   92     1.96582328757828E-12   4.67865942443631E-10
147   92     8.43219981433224E-12   2.01529575562541E-09
148   92     2.10250100245364E-09   5.04600240588874E-07
149   92     2.63358215194761E-09   6.34693298619373E-07
150   92     1.76890852309125E-08   4.28075862588082E-06
151   92     1.21828660293970E-07   2.96043644514346E-05
152   92     8.95230931457956E-07   2.18436347275741E-04
153   92     1.09054481039968E-06   2.67183478547921E-04
154   92     4.54665034729736E-06   1.11847598543515E-03
155   92     8.51600643794639E-07   2.10345359017276E-04
156   92     5.79019143721990E-06   1.43596747643053E-03
157   92     4.29341450928913E-06   1.06906021281299E-03
158   92     1.31278300041226E-05   3.28195750103066E-03
159   92     9.66438800818982E-06   2.42576139005565E-03
160   92     1.87749140941875E-05   4.73127835173525E-03
161   92     5.73955183317073E-06   1.45210661379219E-03
162   92     5.55156206563964E-06   1.41009676467247E-03
163   92     4.76392047806063E-07   1.21479972190546E-04
164   92     9.87393243808491E-07   2.52772670414974E-04
165   92     1.49168862685406E-08   3.83363977101493E-06
166   92     7.04068009799838E-09   1.81649546528358E-06
167   92     3.62034439275067E-10   9.37669197722423E-08
168   92     4.05615342656164E-12   1.05459989090603E-09
169   92     2.31111464569428E-13   6.03200922526207E-11
170   92     2.48365083636046E-12   6.50716519126441E-10
171   92     1.23830434529217E-14   3.25674042811841E-12
172   92     2.34436996917061E-09   6.18913671861040E-07
173   92     1.96204778707284E-15   5.19942663574302E-13
174   92     1.14929767387290E-17   3.05713181250192E-15
175   92     9.73695035055987E-20   2.59976574359949E-17
176   92     1.27926746609160E-15   3.42843680912548E-13
177   92     7.66875163392615E-21   2.06289418952613E-18
178   92     9.44835771797664E-25   2.55105658385369E-22
179   92     1.00000000000000E-99   1.00000000000000E-99
180   92     1.00000000000000E-99   1.00000000000000E-99
181   92     1.00000000000000E-99   1.00000000000000E-99
182   92     1.00000000000000E-99   1.00000000000000E-99
183   92     1.00000000000000E-99   1.00000000000000E-99
184   92     1.00000000000000E-99   1.00000000000000E-99
185   92     1.00000000000000E-99   1.00000000000000E-99
186   92     1.00000000000000E-99   1.00000000000000E-99
187   92     1.00000000000000E-99   1.00000000000000E-99
188   92     1.00000000000000E-99   1.00000000000000E-99
189   92     1.00000000000000E-99   1.00000000000000E-99
190   92     1.00000000000000E-99   1.00000000000000E-99
191   92     1.00000000000000E-99   1.00000000000000E-99
192   92     1.00000000000000E-99   1.00000000000000E-99
193   92     1.00000000000000E-99   1.00000000000000E-99
194   92     1.00000000000000E-99   1.00000000000000E-99
195   92     1.00000000000000E-99   1.00000000000000E-99
196   92     1.00000000000000E-99   1.00000000000000E-99
197   92     1.00000000000000E-99   1.00000000000000E-99
199   92     1.00000000000000E-99   1.00000000000000E-99
201   92     1.00000000000000E-99   1.00000000000000E-99
203   92     1.00000000000000E-99   1.00000000000000E-99
137   93     1.00000000000000E-99   1.00000000000000E-99
138   93     1.00000000000000E-99   1.00000000000000E-99
139   93     1.00000000000000E-99   1.00000000000000E-99
140   93     1.00000000000000E-99   1.00000000000000E-99
141   93     1.00000000000000E-99   1.00000000000000E-99
142   93     1.00000000000000E-99   1.00000000000000E-99
143   93     1.00000000000000E-99   1.00000000000000E-99
144   93     1.85948647700434E-19   4.40698295050028E-17
145   93     1.32782935005079E-20   3.16023385312088E-18
146   93     1.74973413533746E-15   4.18186458345654E-13
147   93     1.17213681015810E-14   2.81312834437945E-12
148   93     1.32653620957766E-11   3.19695226508217E-09
149   93     7.95145130026605E-12   1.92425121466439E-09
150   93     2.01467280471653E-10   4.89565491546117E-08
151   93     1.61374534352489E-09   3.93753863820072E-07
152   93     4.85957996176862E-08   1.19059709063331E-05
153   93     1.18505840334782E-07   2.91524367223563E-05
154   93     2.75010669328469E-07   6.79276353241320E-05
155   93     2.63154936665064E-07   6.52624242929358E-05
156   93     4.53255763458235E-07   1.12860685101101E-04
157   93     8.62628221124459E-07   2.15657055281115E-04
158   93     3.05664977520158E-06   7.67219093575596E-04
159   93     2.62781319666644E-06   6.62208925559942E-04
160   93     6.58459006696614E-06   1.66590128694243E-03
161   93     2.43717480706301E-06   6.19042400994004E-04
162   93     3.99494369496272E-06   1.01871064221549E-03
163   93     1.13118203401849E-06   2.89582600708734E-04
164   93     5.89351499036468E-07   1.51463335252372E-04
165   93     4.24154335309186E-08   1.09431818509770E-05
166   93     5.37259612805025E-09   1.39150239716502E-06
167   93     8.77627792716873E-11   2.28183226106387E-08
168   93     5.86628816079674E-09   1.53110120996795E-06
169   93     3.97810084061904E-11   1.04226242024219E-08
170   93     4.49221138476212E-09   1.18145159419244E-06
171   93     2.76536273122716E-09   7.30055761043970E-07
172   93     4.98978679847072E-08   1.32229350159474E-05
173   93     3.57411617315270E-12   9.50714902058617E-10
174   93     4.16891798444439E-14   1.11310110184665E-11
175   93     3.66585885582520E-16   9.82450173361153E-14
176   93     2.19060885868772E-15   5.89273782986996E-13
177   93     9.43437955092884E-19   2.54728247875079E-16
178   93     2.27385558169130E-18   6.16214862638342E-16
179   93     1.03449091289885E-22   2.81381528308488E-20
180   93     1.33377171260386E-25   3.64119677540853E-23
181   93     1.00000000000000E-99   1.00000000000000E-99
182   93     1.00000000000000E-99   1.00000000000000E-99
183   93     1.00000000000000E-99   1.00000000000000E-99
184   93     1.00000000000000E-99   1.00000000000000E-99
185   93     1.00000000000000E-99   1.00000000000000E-99
186   93     1.00000000000000E-99   1.00000000000000E-99
187   93     1.00000000000000E-99   1.00000000000000E-99
188   93     1.00000000000000E-99   1.00000000000000E-99
189   93     1.00000000000000E-99   1.00000000000000E-99
190   93     1.00000000000000E-99   1.00000000000000E-99
191   93     1.00000000000000E-99   1.00000000000000E-99
192   93     1.00000000000000E-99   1.00000000000000E-99
193   93     1.00000000000000E-99   1.00000000000000E-99
194   93     1.00000000000000E-99   1.00000000000000E-99
195   93     1.00000000000000E-99   1.00000000000000E-99
197   93     1.00000000000000E-99   1.00000000000000E-99
199   93     1.00000000000000E-99   1.00000000000000E-99
200   93     1.00000000000000E-99   1.00000000000000E-99
201   93     1.00000000000000E-99   1.00000000000000E-99
202   93     1.00000000000000E-99   1.00000000000000E-99
203   93     1.00000000000000E-99   1.00000000000000E-99
205   93     1.00000000000000E-99   1.00000000000000E-99
206   93     1.00000000000000E-99   1.00000000000000E-99
207   93     1.00000000000000E-99   1.00000000000000E-99
209   93     1.00000000000000E-99   1.00000000000000E-99
139   94     1.00000000000000E-99   1.00000000000000E-99
140   94     1.00000000000000E-99   1.00000000000000E-99
141   94     1.00000000000000E-99   1.00000000000000E-99
142   94     1.00000000000000E-99   1.00000000000000E-99
143   94     1.00000000000000E-99   1.00000000000000E-99
144   94     1.00000000000000E-99   1.00000000000000E-99
145   94     1.96976929363052E-21   4.70774861177695E-19
146   94     8.71916653890707E-19   2.09259996933770E-16
147   94     3.93981584542813E-15   9.49495618748178E-13
148   94     2.02020578478790E-14   4.88889799918673E-12
149   94     4.92674987676730E-13   1.19720022005445E-10
150   94     4.35588986174414E-12   1.06283712626557E-09
151   94     8.23145494411933E-10   2.01670646130924E-07
152   94     6.69798716256416E-09   1.64770484199078E-06
153   94     1.65235856987235E-08   4.08132566758470E-06
154   94     5.48303585646204E-09   1.35979289240259E-06
155   94     8.58486826613242E-09   2.13763219826697E-06
156   94     3.69382477163080E-08   9.23456192907701E-06
157   94     1.20025064176318E-07   3.01262911082558E-05
158   94     4.81369508509076E-07   1.21305116144287E-04
159   94     5.30675324066254E-07   1.34260856988762E-04
160   94     1.45626861628320E-06   3.69892228535932E-04
161   94     8.47285061982512E-07   2.16057690805541E-04
162   94     5.33699489094931E-06   1.36627069208302E-03
163   94     3.12591086442047E-07   8.03359092156061E-05
164   94     1.39228393216460E-06   3.59209254498468E-04
165   94     5.51558906474153E-09   1.42853756776806E-06
166   94     2.60178211233606E-07   6.76463349207374E-05
167   94     3.11490862400187E-10   8.12991150864488E-08
168   94     1.00365812550331E-07   2.62958428881867E-05
169   94     9.99473748264498E-10   2.62861595793563E-07
170   94     2.05723702030710E-08   5.43110573361074E-06
171   94     5.88183785775938E-09   1.55868703230624E-06
172   94     1.89104220295168E-07   5.03017225985147E-05
173   94     1.43415726250388E-12   3.82919989088537E-10
174   94     6.37140473541565E-10   1.70753646909140E-07
175   94     4.32361198253047E-13   1.16305162330070E-10
176   94     1.32353210878567E-08   3.57353669372130E-06
177   94     3.63747905961499E-13   9.85756825155662E-11
178   94     2.69905588579720E-14   7.34143200936839E-12
179   94     1.75627138609759E-19   4.79462088404643E-17
180   94     1.19165832792443E-15   3.26514381851295E-13
181   94     1.48044614751122E-19   4.07122690565585E-17
182   94     1.86413534913030E-20   5.14501356359964E-18
183   94     1.00000000000000E-99   1.00000000000000E-99
184   94     1.00000000000000E-99   1.00000000000000E-99
185   94     1.00000000000000E-99   1.00000000000000E-99
186   94     1.00000000000000E-99   1.00000000000000E-99
187   94     1.00000000000000E-99   1.00000000000000E-99
188   94     1.00000000000000E-99   1.00000000000000E-99
189   94     1.00000000000000E-99   1.00000000000000E-99
190   94     1.00000000000000E-99   1.00000000000000E-99
191   94     1.00000000000000E-99   1.00000000000000E-99
192   94     1.00000000000000E-99   1.00000000000000E-99
193   94     1.00000000000000E-99   1.00000000000000E-99
194   94     1.00000000000000E-99   1.00000000000000E-99
195   94     1.00000000000000E-99   1.00000000000000E-99
196   94     1.00000000000000E-99   1.00000000000000E-99
197   94     1.00000000000000E-99   1.00000000000000E-99
198   94     1.00000000000000E-99   1.00000000000000E-99
199   94     1.00000000000000E-99   1.00000000000000E-99
200   94     1.00000000000000E-99   1.00000000000000E-99
201   94     1.00000000000000E-99   1.00000000000000E-99
203   94     1.00000000000000E-99   1.00000000000000E-99
205   94     1.00000000000000E-99   1.00000000000000E-99
207   94     1.00000000000000E-99   1.00000000000000E-99
209   94     1.00000000000000E-99   1.00000000000000E-99
141   95     1.00000000000000E-99   1.00000000000000E-99
142   95     1.00000000000000E-99   1.00000000000000E-99
143   95     1.00000000000000E-99   1.00000000000000E-99
144   95     1.00000000000000E-99   1.00000000000000E-99
145   95     1.00000000000000E-99   1.00000000000000E-99
146   95     1.00000000000000E-99   1.00000000000000E-99
147   95     1.00000000000000E-99   1.00000000000000E-99
148   95     7.30501908231809E-18   1.77511963700330E-15
149   95     5.01644592862195E-19   1.22401280658376E-16
150   95     6.74110082893887E-15   1.65156970309002E-12
151   95     2.50770906998460E-15   6.16896431216212E-13
152   95     2.68905411203162E-14   6.64196365671809E-12
153   95     2.61532066110842E-12   6.48599523954888E-10
154   95     2.61033285954529E-11   6.49972882026777E-09
155   95     5.71190572263316E-11   1.42797643065829E-08
156   95     4.29552468406557E-10   1.07817669570046E-07
157   95     2.34263442366253E-09   5.90343874762958E-07
158   95     8.49230473653081E-09   2.14855309834229E-06
159   95     2.50836516371816E-08   6.37124751584414E-06
160   95     4.60663080318922E-08   1.17469085481325E-05
161   95     2.65095810171367E-07   6.78645274038699E-05
162   95     6.59302206362969E-08   1.69440667035283E-05
163   95     1.77778884166208E-07   4.58669521148817E-05
164   95     5.11717623590626E-08   1.32534864509972E-05
165   95     1.25553602550402E-07   3.26439366631046E-05
166   95     5.15408949430413E-09   1.34521735801338E-06
167   95     2.87301457314953E-08   7.52729818165177E-06
168   95     1.09540643517991E-08   2.88091892452315E-06
169   95     1.26395829685683E-08   3.33684990370202E-06
170   95     1.01309248628914E-08   2.68469508866621E-06
171   95     4.78006243296563E-08   1.27149660716886E-05
172   95     1.12548891038629E-07   3.00505539073139E-05
173   95     7.12072698157617E-11   1.90835483106241E-08
174   95     1.57789349569934E-08   4.24453350343124E-06
175   95     1.41363498233877E-09   3.81681445231469E-07
176   95     3.04440789255737E-08   8.25034538883046E-06
177   95     2.24988675574204E-10   6.11969197561836E-08
178   95     7.62714020679685E-11   2.08220927645554E-08
179   95     2.67387755274164E-14   7.32642449451208E-12
180   95     8.26695524677917E-16   2.27341269286427E-13
181   95     7.81138582399620E-19   2.15594248742295E-16
182   95     1.20490366587990E-20   3.33758315448732E-18
183   95     3.56942150935856E-24   9.92299179601679E-22
184   95     1.00000000000000E-99   1.00000000000000E-99
185   95     1.00000000000000E-99   1.00000000000000E-99
186   95     1.00000000000000E-99   1.00000000000000E-99
187   95     1.00000000000000E-99   1.00000000000000E-99
188   95     1.00000000000000E-99   1.00000000000000E-99
189   95     1.00000000000000E-99   1.00000000000000E-99
190   95     1.00000000000000E-99   1.00000000000000E-99
191   95     1.00000000000000E-99   1.00000000000000E-99
192   95     1.00000000000000E-99   1.00000000000000E-99
193   95     1.00000000000000E-99   1.00000000000000E-99
194   95     1.00000000000000E-99   1.00000000000000E-99
195   95     1.00000000000000E-99   1.00000000000000E-99
196   95     1.00000000000000E-99   1.00000000000000E-99
197   95     1.00000000000000E-99   1.00000000000000E-99
198   95     1.00000000000000E-99   1.00000000000000E-99
199   95     1.00000000000000E-99   1.00000000000000E-99
200   95     1.00000000000000E-99   1.00000000000000E-99
201   95     1.00000000000000E-99   1.00000000000000E-99
202   95     1.00000000000000E-99   1.00000000000000E-99
203   95     1.00000000000000E-99   1.00000000000000E-99
204   95     1.00000000000000E-99   1.00000000000000E-99
205   95     1.00000000000000E-99   1.00000000000000E-99
206   95     1.00000000000000E-99   1.00000000000000E-99
207   95     1.00000000000000E-99   1.00000000000000E-99
208   95     1.00000000000000E-99   1.00000000000000E-99
209   95     1.00000000000000E-99   1.00000000000000E-99
211   95     1.00000000000000E-99   1.00000000000000E-99
213   95     1.00000000000000E-99   1.00000000000000E-99
144   96     1.00000000000000E-99   1.00000000000000E-99
145   96     1.00000000000000E-99   1.00000000000000E-99
146   96     1.00000000000000E-99   1.00000000000000E-99
147   96     1.00000000000000E-99   1.00000000000000E-99
148   96     1.60155036157033E-24   3.90778288223162E-22
149   96     1.93881658046049E-19   4.75010062212821E-17
150   96     3.05108360064179E-19   7.50566565757880E-17
151   96     5.18240536262357E-18   1.28005412456802E-15
152   96     1.21031052661105E-15   3.00157010599541E-13
153   96     1.93136790944099E-14   4.80910609450807E-12
154   96     5.74436599123916E-13   1.43609149780979E-10
155   96     3.69734420706450E-12   9.28033395973189E-10
156   96     3.96927761230352E-11   1.00025795830049E-08
157   96     1.26203253990497E-10   3.19294232595958E-08
158   96     7.22924756234181E-10   1.83622888083482E-07
159   96     1.63559544688944E-09   4.17076838956807E-07
160   96     1.69848669032181E-08   4.34812592722384E-06
161   96     7.14819202475297E-09   1.83708535036151E-06
162   96     2.47013076932933E-08   6.37293738486968E-06
163   96     1.39397338827562E-08   3.61039107563385E-06
164   96     1.14907609299798E-08   2.98759784179476E-06
165   96     3.95898799069666E-09   1.03329586557183E-06
166   96     6.61158494062133E-09   1.73223525444279E-06
167   96     1.72375946650418E-09   4.53348739690600E-07
168   96     1.26896350904845E-08   3.35006366388790E-06
169   96     1.54651919824770E-08   4.09827587535640E-06
170   96     1.23148281579455E-08   3.27574429001349E-06
171   96     2.53432397400867E-08   6.76664501060315E-06
172   96     2.18318146645319E-07   5.85092633009456E-05
173   96     2.89652328108461E-09   7.79164762611761E-07
174   96     4.26337046408665E-08   1.15111002530340E-05
175   96     5.55029576784287E-09   1.50413015308542E-06
176   96     8.42593284439397E-07   2.29185373367516E-04
177   96     3.43283502358231E-10   9.37163961437970E-08
178   96     1.15553916336068E-08   3.16617730760826E-06
179   96     1.02726311374165E-12   2.82497356278953E-10
180   96     1.01674219551709E-08   2.80620845962718E-06
181   96     1.16497448862562E-12   3.22697933349297E-10
182   96     1.61536148069051E-11   4.49070491631961E-09
183   96     3.34891582167465E-16   9.34347514247228E-14
184   96     2.90149388184968E-21   8.12418286917910E-19
185   96     1.00000000000000E-99   1.00000000000000E-99
186   96     1.00000000000000E-99   1.00000000000000E-99
187   96     1.00000000000000E-99   1.00000000000000E-99
188   96     1.00000000000000E-99   1.00000000000000E-99
189   96     1.00000000000000E-99   1.00000000000000E-99
190   96     1.00000000000000E-99   1.00000000000000E-99
191   96     1.00000000000000E-99   1.00000000000000E-99
192   96     1.00000000000000E-99   1.00000000000000E-99
193   96     1.00000000000000E-99   1.00000000000000E-99
194   96     1.00000000000000E-99   1.00000000000000E-99
195   96     1.00000000000000E-99   1.00000000000000E-99
196   96     1.00000000000000E-99   1.00000000000000E-99
197   96     1.00000000000000E-99   1.00000000000000E-99
198   96     1.00000000000000E-99   1.00000000000000E-99
199   96     1.00000000000000E-99   1.00000000000000E-99
200   96     1.00000000000000E-99   1.00000000000000E-99
201   96     1.00000000000000E-99   1.00000000000000E-99
202   96     1.00000000000000E-99   1.00000000000000E-99
203   96     1.00000000000000E-99   1.00000000000000E-99
204   96     1.00000000000000E-99   1.00000000000000E-99
205   96     1.00000000000000E-99   1.00000000000000E-99
206   96     1.00000000000000E-99   1.00000000000000E-99
207   96     1.00000000000000E-99   1.00000000000000E-99
208   96     1.00000000000000E-99   1.00000000000000E-99
209   96     1.00000000000000E-99   1.00000000000000E-99
211   96     1.00000000000000E-99   1.00000000000000E-99
213   96     1.00000000000000E-99   1.00000000000000E-99
215   96     1.00000000000000E-99   1.00000000000000E-99
145   97     1.00000000000000E-99   1.00000000000000E-99
146   97     1.00000000000000E-99   1.00000000000000E-99
147   97     1.00000000000000E-99   1.00000000000000E-99
148   97     1.00000000000000E-99   1.00000000000000E-99
149   97     1.00000000000000E-99   1.00000000000000E-99
150   97     1.00000000000000E-99   1.00000000000000E-99
151   97     1.00000000000000E-99   1.00000000000000E-99
152   97     1.15082692439590E-18   2.86555904174580E-16
153   97     6.27931504813003E-20   1.56982876203251E-17
154   97     7.01703163500540E-16   1.76127494038636E-13
155   97     6.31651759900347E-16   1.59176243494887E-13
156   97     4.70400244570767E-14   1.19011261876404E-11
157   97     1.16974222603813E-13   2.97114525413684E-11
158   97     1.99749040286555E-12   5.09360052730716E-10
159   97     2.30982107574579E-11   5.91314195390922E-09
160   97     4.42139015340924E-11   1.13629726942618E-08
161   97     1.63203377015590E-10   4.21064712700222E-08
162   97     2.98354617069733E-10   7.72738458210609E-08
163   97     2.80676284662935E-10   7.29758340123630E-08
164   97     1.73202557947740E-10   4.52058676243602E-08
165   97     3.66309321418772E-10   9.59730422117182E-08
166   97     3.00436807665041E-10   7.90148804159059E-08
167   97     5.46993600993260E-10   1.44406310662221E-07
168   97     5.90207488441467E-10   1.56404984436989E-07
169   97     8.47840235239634E-09   2.25525502573743E-06
170   97     1.56774370120799E-09   4.18587568222534E-07
171   97     1.75749973012352E-08   4.71009927673102E-06
172   97     2.49906603914461E-08   6.72248764529901E-06
173   97     8.78857027949993E-09   2.37291397546498E-06
174   97     3.05636860315718E-07   8.28275891455595E-05
175   97     1.27148370389280E-07   3.45843567458841E-05
176   97     1.14173216114936E-07   3.11692879993777E-05
177   97     1.60025683492118E-08   4.38470372768402E-06
178   97     8.97380897413701E-08   2.46779746788768E-05
179   97     2.20161655254483E-11   6.07646168502374E-09
180   97     3.16839206216530E-10   8.77644601219787E-08
181   97     2.63009464402790E-13   7.31166311039757E-11
182   97     1.16132328258812E-17   3.24009195842087E-15
183   97     3.27109432163886E-21   9.15906410058880E-19
184   97     1.00000000000000E-99   1.00000000000000E-99
185   97     1.00000000000000E-99   1.00000000000000E-99
186   97     1.00000000000000E-99   1.00000000000000E-99
187   97     1.00000000000000E-99   1.00000000000000E-99
188   97     1.00000000000000E-99   1.00000000000000E-99
189   97     1.00000000000000E-99   1.00000000000000E-99
190   97     1.00000000000000E-99   1.00000000000000E-99
191   97     1.00000000000000E-99   1.00000000000000E-99
192   97     1.00000000000000E-99   1.00000000000000E-99
193   97     1.00000000000000E-99   1.00000000000000E-99
194   97     1.00000000000000E-99   1.00000000000000E-99
195   97     1.00000000000000E-99   1.00000000000000E-99
196   97     1.00000000000000E-99   1.00000000000000E-99
197   97     1.00000000000000E-99   1.00000000000000E-99
198   97     1.00000000000000E-99   1.00000000000000E-99
199   97     1.00000000000000E-99   1.00000000000000E-99
200   97     1.00000000000000E-99   1.00000000000000E-99
201   97     1.00000000000000E-99   1.00000000000000E-99
202   97     1.00000000000000E-99   1.00000000000000E-99
203   97     1.00000000000000E-99   1.00000000000000E-99
204   97     1.00000000000000E-99   1.00000000000000E-99
205   97     1.00000000000000E-99   1.00000000000000E-99
206   97     1.00000000000000E-99   1.00000000000000E-99
207   97     1.00000000000000E-99   1.00000000000000E-99
208   97     1.00000000000000E-99   1.00000000000000E-99
209   97     1.00000000000000E-99   1.00000000000000E-99
210   97     1.00000000000000E-99   1.00000000000000E-99
211   97     1.00000000000000E-99   1.00000000000000E-99
213   97     1.00000000000000E-99   1.00000000000000E-99
215   97     1.00000000000000E-99   1.00000000000000E-99
217   97     1.00000000000000E-99   1.00000000000000E-99
147   98     1.00000000000000E-99   1.00000000000000E-99
148   98     1.00000000000000E-99   1.00000000000000E-99
149   98     1.00000000000000E-99   1.00000000000000E-99
150   98     1.00000000000000E-99   1.00000000000000E-99
151   98     1.00000000000000E-99   1.00000000000000E-99
152   98     1.00000000000000E-99   1.00000000000000E-99
153   98     3.53738048573098E-20   8.87882501918477E-18
154   98     1.65500661199727E-19   4.17061666223312E-17
155   98     3.67086064832214E-18   9.28727744025501E-16
156   98     5.50697674780283E-17   1.39877209394192E-14
157   98     7.22612359571907E-16   1.84266151690836E-13
158   98     2.17224439724942E-14   5.56094565695851E-12
159   98     3.43036395315799E-14   8.81603535961604E-12
160   98     3.92759821931813E-13   1.01332034058408E-10
161   98     1.01327005008974E-12   2.62436942973242E-10
162   98     1.55026813817442E-12   4.03069715925349E-10
163   98     2.47889277821531E-12   6.46991015114196E-10
164   98     5.34461186047645E-12   1.40028830744483E-09
165   98     4.11410016554154E-12   1.08200834353743E-09
166   98     9.70970580490395E-12   2.56336233249464E-09
167   98     1.13582830772053E-11   3.00994501545940E-09
168   98     1.42578835095743E-10   3.79259701354676E-08
169   98     8.69110460471580E-10   2.32052492945912E-07
170   98     5.11044108286890E-10   1.36959821020887E-07
171   98     1.74342513711837E-09   4.68981361884842E-07
172   98     1.41401294488412E-07   3.81783495118713E-05
173   98     2.13316396936651E-08   5.78087435698324E-06
174   98     2.57606541500978E-08   7.00689792882659E-06
175   98     2.03176710172177E-08   5.54672418770043E-06
176   98     1.83057829422013E-07   5.01578452616314E-05
177   98     6.69595077870403E-08   1.84138646414361E-05
178   98     2.48385551744993E-08   6.85544122816180E-06
179   98     5.17757459636733E-12   1.43418816319375E-09
180   98     2.04230538634338E-13   5.67760897403461E-11
181   98     1.22060847215721E-17   3.40549763731861E-15
182   98     1.03585523472383E-20   2.90039465722671E-18
183   98     1.54202899516278E-25   4.33310147640742E-23
184   98     1.00000000000000E-99   1.00000000000000E-99
185   98     1.00000000000000E-99   1.00000000000000E-99
186   98     1.00000000000000E-99   1.00000000000000E-99
187   98     1.00000000000000E-99   1.00000000000000E-99
188   98     1.00000000000000E-99   1.00000000000000E-99
189   98     1.00000000000000E-99   1.00000000000000E-99
190   98     1.00000000000000E-99   1.00000000000000E-99
191   98     1.00000000000000E-99   1.00000000000000E-99
192   98     1.00000000000000E-99   1.00000000000000E-99
193   98     1.00000000000000E-99   1.00000000000000E-99
194   98     1.00000000000000E-99   1.00000000000000E-99
195   98     1.00000000000000E-99   1.00000000000000E-99
196   98     1.00000000000000E-99   1.00000000000000E-99
197   98     1.00000000000000E-99   1.00000000000000E-99
198   98     1.00000000000000E-99   1.00000000000000E-99
199   98     1.00000000000000E-99   1.00000000000000E-99
200   98     1.00000000000000E-99   1.00000000000000E-99
201   98     1.00000000000000E-99   1.00000000000000E-99
202   98     1.00000000000000E-99   1.00000000000000E-99
203   98     1.00000000000000E-99   1.00000000000000E-99
204   98     1.00000000000000E-99   1.00000000000000E-99
205   98     1.00000000000000E-99   1.00000000000000E-99
206   98     1.00000000000000E-99   1.00000000000000E-99
207   98     1.00000000000000E-99   1.00000000000000E-99
208   98     1.00000000000000E-99   1.00000000000000E-99
209   98     1.00000000000000E-99   1.00000000000000E-99
210   98     1.00000000000000E-99   1.00000000000000E-99
211   98     1.00000000000000E-99   1.00000000000000E-99
213   98     1.00000000000000E-99   1.00000000000000E-99
215   98     1.00000000000000E-99   1.00000000000000E-99
217   98     1.00000000000000E-99   1.00000000000000E-99
219   98     1.00000000000000E-99   1.00000000000000E-99
221   98     1.00000000000000E-99   1.00000000000000E-99
149   99     1.00000000000000E-99   1.00000000000000E-99
150   99     1.00000000000000E-99   1.00000000000000E-99
151   99     1.00000000000000E-99   1.00000000000000E-99
152   99     1.00000000000000E-99   1.00000000000000E-99
153   99     1.00000000000000E-99   1.00000000000000E-99
154   99     1.00000000000000E-99   1.00000000000000E-99
155   99     3.26882201468023E-25   8.30280791728778E-23
156   99     2.35534831094959E-20   6.00613819292145E-18
157   99     5.76510100808712E-18   1.47586585807030E-15
158   99     2.25989484597428E-18   5.80792975415390E-16
159   99     2.54145474434536E-19   6.55695324041103E-17
160   99     2.79338785107226E-16   7.23487453427716E-14
161   99     1.45987824637505E-16   3.79568344057513E-14
162   99     2.71688209052099E-15   7.09106225625978E-13
163   99     7.44317399236914E-15   1.95011158600071E-12
164   99     5.32062506940249E-14   1.39932439325285E-11
165   99     4.83603266665466E-14   1.27671262399683E-11
166   99     7.95004003821312E-13   2.10676061012648E-10
167   99     8.55970449543196E-13   2.27688139578490E-10
168   99     4.71972742324290E-12   1.26016722200585E-09
169   99     2.55459569669810E-11   6.84631646715091E-09
170   99     1.89309596538689E-11   5.09242814689073E-09
171   99     9.53077972204877E-09   2.57331052495317E-06
172   99     4.86896809711594E-10   1.31949035431842E-07
173   99     1.87076853297267E-09   5.08849040968565E-07
174   99     2.67877876006631E-09   7.31306601498103E-07
175   99     2.48066577426828E-08   6.79702422149508E-06
176   99     9.31864740877844E-09   2.56262803741407E-06
177   99     9.86886527165060E-09   2.72380681497556E-06
178   99     9.75167112214571E-14   2.70121290083436E-11
179   99     5.22439186623795E-18   1.45238093881415E-15
180   99     9.38730629584152E-21   2.61905845653978E-18
181   99     1.00000000000000E-99   1.00000000000000E-99
182   99     1.00000000000000E-99   1.00000000000000E-99
183   99     1.00000000000000E-99   1.00000000000000E-99
184   99     1.00000000000000E-99   1.00000000000000E-99
185   99     1.00000000000000E-99   1.00000000000000E-99
186   99     1.00000000000000E-99   1.00000000000000E-99
187   99     1.00000000000000E-99   1.00000000000000E-99
188   99     1.00000000000000E-99   1.00000000000000E-99
189   99     1.00000000000000E-99   1.00000000000000E-99
190   99     1.00000000000000E-99   1.00000000000000E-99
191   99     1.00000000000000E-99   1.00000000000000E-99
192   99     1.00000000000000E-99   1.00000000000000E-99
193   99     1.00000000000000E-99   1.00000000000000E-99
194   99     1.00000000000000E-99   1.00000000000000E-99
195   99     1.00000000000000E-99   1.00000000000000E-99
196   99     1.00000000000000E-99   1.00000000000000E-99
197   99     1.00000000000000E-99   1.00000000000000E-99
198   99     1.00000000000000E-99   1.00000000000000E-99
199   99     1.00000000000000E-99   1.00000000000000E-99
200   99     1.00000000000000E-99   1.00000000000000E-99
201   99     1.00000000000000E-99   1.00000000000000E-99
202   99     1.00000000000000E-99   1.00000000000000E-99
203   99     1.00000000000000E-99   1.00000000000000E-99
204   99     1.00000000000000E-99   1.00000000000000E-99
205   99     1.00000000000000E-99   1.00000000000000E-99
206   99     1.00000000000000E-99   1.00000000000000E-99
207   99     1.00000000000000E-99   1.00000000000000E-99
208   99     1.00000000000000E-99   1.00000000000000E-99
209   99     1.00000000000000E-99   1.00000000000000E-99
210   99     1.00000000000000E-99   1.00000000000000E-99
211   99     1.00000000000000E-99   1.00000000000000E-99
212   99     1.00000000000000E-99   1.00000000000000E-99
213   99     1.00000000000000E-99   1.00000000000000E-99
215   99     1.00000000000000E-99   1.00000000000000E-99
216   99     1.00000000000000E-99   1.00000000000000E-99
217   99     1.00000000000000E-99   1.00000000000000E-99
219   99     1.00000000000000E-99   1.00000000000000E-99
221   99     1.00000000000000E-99   1.00000000000000E-99
223   99     1.00000000000000E-99   1.00000000000000E-99
151  100     1.00000000000000E-99   1.00000000000000E-99
152  100     1.00000000000000E-99   1.00000000000000E-99
153  100     1.00000000000000E-99   1.00000000000000E-99
154  100     1.00000000000000E-99   1.00000000000000E-99
155  100     1.00000000000000E-99   1.00000000000000E-99
156  100     6.64374139703024E-22   1.70079779763974E-19
157  100     1.00000000000000E-99   1.00000000000000E-99
158  100     2.10966824908948E-25   5.44294408265085E-23
159  100     2.03417431463749E-19   5.26851147491111E-17
160  100     1.97763907068549E-19   5.14186158378228E-17
161  100     4.63699294041094E-18   1.21025515744725E-15
162  100     3.29025084332306E-17   8.62045720950643E-15
163  100     3.07188468672920E-16   8.07905672609779E-14
164  100     4.62908315665595E-16   1.22207795335717E-13
165  100     8.65497505647576E-15   2.29356838996608E-12
166  100     6.67308763202147E-15   1.77504131011771E-12
167  100     1.56188043462103E-14   4.17022076043814E-12
168  100     5.79766719881398E-14   1.55377480928215E-11
169  100     2.43992039271726E-12   6.56338585640943E-10
170  100     2.65434142034136E-11   7.16672183492167E-09
171  100     1.89625955429879E-11   5.13886339214971E-09
172  100     1.30724827844620E-10   3.55571531737367E-08
173  100     6.51116702578605E-10   1.77754859803959E-07
174  100     1.86482275465387E-09   5.10961434775160E-07
175  100     2.98875812862219E-10   8.21908485371103E-08
176  100     2.36130867895431E-10   6.51721195391390E-08
177  100     1.61343138912612E-14   4.46920494787934E-12
178  100     9.72868049944773E-20   2.70457317884647E-17
179  100     1.00000000000000E-99   1.00000000000000E-99
180  100     1.00000000000000E-99   1.00000000000000E-99
181  100     1.00000000000000E-99   1.00000000000000E-99
182  100     1.00000000000000E-99   1.00000000000000E-99
183  100     1.00000000000000E-99   1.00000000000000E-99
184  100     1.00000000000000E-99   1.00000000000000E-99
185  100     1.00000000000000E-99   1.00000000000000E-99
186  100     1.00000000000000E-99   1.00000000000000E-99
187  100     1.00000000000000E-99   1.00000000000000E-99
188  100     1.00000000000000E-99   1.00000000000000E-99
189  100     1.00000000000000E-99   1.00000000000000E-99
190  100     1.00000000000000E-99   1.00000000000000E-99
191  100     1.00000000000000E-99   1.00000000000000E-99
192  100     1.00000000000000E-99   1.00000000000000E-99
193  100     1.00000000000000E-99   1.00000000000000E-99
194  100     1.00000000000000E-99   1.00000000000000E-99
195  100     1.00000000000000E-99   1.00000000000000E-99
196  100     1.00000000000000E-99   1.00000000000000E-99
197  100     1.00000000000000E-99   1.00000000000000E-99
198  100     1.00000000000000E-99   1.00000000000000E-99
199  100     1.00000000000000E-99   1.00000000000000E-99
200  100     1.00000000000000E-99   1.00000000000000E-99
201  100     1.00000000000000E-99   1.00000000000000E-99
202  100     1.00000000000000E-99   1.00000000000000E-99
203  100     1.00000000000000E-99   1.00000000000000E-99
204  100     1.00000000000000E-99   1.00000000000000E-99
205  100     1.00000000000000E-99   1.00000000000000E-99
206  100     1.00000000000000E-99   1.00000000000000E-99
207  100     1.00000000000000E-99   1.00000000000000E-99
208  100     1.00000000000000E-99   1.00000000000000E-99
209  100     1.00000000000000E-99   1.00000000000000E-99
210  100     1.00000000000000E-99   1.00000000000000E-99
211  100     1.00000000000000E-99   1.00000000000000E-99
213  100     1.00000000000000E-99   1.00000000000000E-99
215  100     1.00000000000000E-99   1.00000000000000E-99
217  100     1.00000000000000E-99   1.00000000000000E-99
218  100     1.00000000000000E-99   1.00000000000000E-99
219  100     1.00000000000000E-99   1.00000000000000E-99
221  100     1.00000000000000E-99   1.00000000000000E-99
223  100     1.00000000000000E-99   1.00000000000000E-99
225  100     1.00000000000000E-99   1.00000000000000E-99
152  101     1.00000000000000E-99   1.00000000000000E-99
153  101     1.00000000000000E-99   1.00000000000000E-99
154  101     1.00000000000000E-99   1.00000000000000E-99
155  101     1.00000000000000E-99   1.00000000000000E-99
156  101     1.00000000000000E-99   1.00000000000000E-99
157  101     1.00000000000000E-99   1.00000000000000E-99
158  101     1.00000000000000E-99   1.00000000000000E-99
159  101     1.00000000000000E-99   1.00000000000000E-99
160  101     1.38145207822015E-23   3.60558992415458E-21
161  101     1.00000000000000E-99   1.00000000000000E-99
162  101     2.00633146963697E-20   5.27665176514523E-18
163  101     7.51127753832055E-21   1.98297727011662E-18
164  101     1.72949397362108E-17   4.58315903009587E-15
165  101     1.36544806597997E-18   3.63209185550673E-16
166  101     4.61683805416756E-16   1.23269576046274E-13
167  101     9.89886578161841E-17   2.65289602947373E-14
168  101     3.41078814910895E-15   9.17502012110308E-13
169  101     9.85925461224831E-14   2.66199874530704E-11
170  101     5.82332417042868E-14   1.57812085018617E-11
171  101     4.16948043763491E-13   1.13409867903670E-10
172  101     4.69482197517278E-12   1.28168639922217E-09
173  101     1.80943803122655E-11   4.95786020556074E-09
174  101     4.34269822474136E-12   1.19424201180387E-09
175  101     1.01189997255804E-11   2.79284392426019E-09
176  101     6.46154076195781E-16   1.78984679106231E-13
177  101     7.13992356300697E-21   1.98489875051594E-18
178  101     1.00000000000000E-99   1.00000000000000E-99
179  101     1.00000000000000E-99   1.00000000000000E-99
180  101     1.00000000000000E-99   1.00000000000000E-99
181  101     1.00000000000000E-99   1.00000000000000E-99
182  101     1.00000000000000E-99   1.00000000000000E-99
183  101     1.00000000000000E-99   1.00000000000000E-99
184  101     1.00000000000000E-99   1.00000000000000E-99
185  101     1.00000000000000E-99   1.00000000000000E-99
186  101     1.00000000000000E-99   1.00000000000000E-99
187  101     1.00000000000000E-99   1.00000000000000E-99
188  101     1.00000000000000E-99   1.00000000000000E-99
189  101     1.00000000000000E-99   1.00000000000000E-99
190  101     1.00000000000000E-99   1.00000000000000E-99
191  101     1.00000000000000E-99   1.00000000000000E-99
192  101     1.00000000000000E-99   1.00000000000000E-99
193  101     1.00000000000000E-99   1.00000000000000E-99
194  101     1.00000000000000E-99   1.00000000000000E-99
195  101     1.00000000000000E-99   1.00000000000000E-99
196  101     1.00000000000000E-99   1.00000000000000E-99
197  101     1.00000000000000E-99   1.00000000000000E-99
198  101     1.00000000000000E-99   1.00000000000000E-99
199  101     1.00000000000000E-99   1.00000000000000E-99
200  101     1.00000000000000E-99   1.00000000000000E-99
201  101     1.00000000000000E-99   1.00000000000000E-99
202  101     1.00000000000000E-99   1.00000000000000E-99
203  101     1.00000000000000E-99   1.00000000000000E-99
204  101     1.00000000000000E-99   1.00000000000000E-99
205  101     1.00000000000000E-99   1.00000000000000E-99
206  101     1.00000000000000E-99   1.00000000000000E-99
207  101     1.00000000000000E-99   1.00000000000000E-99
208  101     1.00000000000000E-99   1.00000000000000E-99
209  101     1.00000000000000E-99   1.00000000000000E-99
210  101     1.00000000000000E-99   1.00000000000000E-99
211  101     1.00000000000000E-99   1.00000000000000E-99
212  101     1.00000000000000E-99   1.00000000000000E-99
213  101     1.00000000000000E-99   1.00000000000000E-99
214  101     1.00000000000000E-99   1.00000000000000E-99
215  101     1.00000000000000E-99   1.00000000000000E-99
216  101     1.00000000000000E-99   1.00000000000000E-99
217  101     1.00000000000000E-99   1.00000000000000E-99
218  101     1.00000000000000E-99   1.00000000000000E-99
219  101     1.00000000000000E-99   1.00000000000000E-99
220  101     1.00000000000000E-99   1.00000000000000E-99
221  101     1.00000000000000E-99   1.00000000000000E-99
223  101     1.00000000000000E-99   1.00000000000000E-99
225  101     1.00000000000000E-99   1.00000000000000E-99
227  101     1.00000000000000E-99   1.00000000000000E-99
152  102     1.00000000000000E-99   1.00000000000000E-99
153  102     1.00000000000000E-99   1.00000000000000E-99
154  102     1.00000000000000E-99   1.00000000000000E-99
155  102     1.00000000000000E-99   1.00000000000000E-99
156  102     1.00000000000000E-99   1.00000000000000E-99
157  102     1.00000000000000E-99   1.00000000000000E-99
158  102     1.00000000000000E-99   1.00000000000000E-99
159  102     1.00000000000000E-99   1.00000000000000E-99
160  102     1.00000000000000E-99   1.00000000000000E-99
161  102     1.00000000000000E-99   1.00000000000000E-99
162  102     1.00000000000000E-99   1.00000000000000E-99
163  102     2.53196022980915E-21   6.70969460899426E-19
164  102     1.65859218437935E-21   4.41185521044908E-19
165  102     2.11121768862409E-19   5.63695122862631E-17
166  102     3.17095582890621E-19   8.49816162146865E-17
167  102     3.65403327945896E-18   9.82934952174459E-16
168  102     1.19126676868136E-17   3.21642027543968E-15
169  102     5.06705910851380E-17   1.37317301840724E-14
170  102     2.14327228334631E-16   5.82970061070195E-14
171  102     1.57042853096711E-14   4.28726988954020E-12
172  102     5.48268517802846E-14   1.50225573877980E-11
173  102     5.07305787842182E-14   1.39509091656600E-11
174  102     6.50174207144677E-14   1.79448081171931E-11
175  102     9.53276172632735E-18   2.64057499819268E-15
176  102     1.40053446021449E-22   3.89348579939627E-20
177  102     1.00000000000000E-99   1.00000000000000E-99
178  102     1.00000000000000E-99   1.00000000000000E-99
179  102     1.00000000000000E-99   1.00000000000000E-99
180  102     1.00000000000000E-99   1.00000000000000E-99
181  102     1.00000000000000E-99   1.00000000000000E-99
182  102     1.00000000000000E-99   1.00000000000000E-99
183  102     1.00000000000000E-99   1.00000000000000E-99
184  102     1.00000000000000E-99   1.00000000000000E-99
185  102     1.00000000000000E-99   1.00000000000000E-99
186  102     1.00000000000000E-99   1.00000000000000E-99
187  102     1.00000000000000E-99   1.00000000000000E-99
188  102     1.00000000000000E-99   1.00000000000000E-99
189  102     1.00000000000000E-99   1.00000000000000E-99
190  102     1.00000000000000E-99   1.00000000000000E-99
191  102     1.00000000000000E-99   1.00000000000000E-99
192  102     1.00000000000000E-99   1.00000000000000E-99
193  102     1.00000000000000E-99   1.00000000000000E-99
194  102     1.00000000000000E-99   1.00000000000000E-99
195  102     1.00000000000000E-99   1.00000000000000E-99
196  102     1.00000000000000E-99   1.00000000000000E-99
197  102     1.00000000000000E-99   1.00000000000000E-99
198  102     1.00000000000000E-99   1.00000000000000E-99
199  102     1.00000000000000E-99   1.00000000000000E-99
200  102     1.00000000000000E-99   1.00000000000000E-99
201  102     1.00000000000000E-99   1.00000000000000E-99
202  102     1.00000000000000E-99   1.00000000000000E-99
203  102     1.00000000000000E-99   1.00000000000000E-99
204  102     1.00000000000000E-99   1.00000000000000E-99
205  102     1.00000000000000E-99   1.00000000000000E-99
206  102     1.00000000000000E-99   1.00000000000000E-99
207  102     1.00000000000000E-99   1.00000000000000E-99
208  102     1.00000000000000E-99   1.00000000000000E-99
209  102     1.00000000000000E-99   1.00000000000000E-99
210  102     1.00000000000000E-99   1.00000000000000E-99
211  102     1.00000000000000E-99   1.00000000000000E-99
212  102     1.00000000000000E-99   1.00000000000000E-99
213  102     1.00000000000000E-99   1.00000000000000E-99
214  102     1.00000000000000E-99   1.00000000000000E-99
215  102     1.00000000000000E-99   1.00000000000000E-99
216  102     1.00000000000000E-99   1.00000000000000E-99
217  102     1.00000000000000E-99   1.00000000000000E-99
218  102     1.00000000000000E-99   1.00000000000000E-99
219  102     1.00000000000000E-99   1.00000000000000E-99
221  102     1.00000000000000E-99   1.00000000000000E-99
223  102     1.00000000000000E-99   1.00000000000000E-99
225  102     1.00000000000000E-99   1.00000000000000E-99
227  102     1.00000000000000E-99   1.00000000000000E-99
229  102     1.00000000000000E-99   1.00000000000000E-99
153  103     1.00000000000000E-99   1.00000000000000E-99
154  103     1.00000000000000E-99   1.00000000000000E-99
155  103     1.00000000000000E-99   1.00000000000000E-99
156  103     1.00000000000000E-99   1.00000000000000E-99
157  103     1.00000000000000E-99   1.00000000000000E-99
158  103     1.00000000000000E-99   1.00000000000000E-99
159  103     1.00000000000000E-99   1.00000000000000E-99
160  103     1.00000000000000E-99   1.00000000000000E-99
161  103     1.00000000000000E-99   1.00000000000000E-99
162  103     1.00000000000000E-99   1.00000000000000E-99
163  103     1.00000000000000E-99   1.00000000000000E-99
164  103     3.52565109313954E-23   9.41348841868257E-21
165  103     1.00000000000000E-99   1.00000000000000E-99
166  103     4.96607445590914E-21   1.33587402863956E-18
167  103     2.44211586252979E-22   6.59371282883045E-20
168  103     6.42706166452993E-22   1.74173371108761E-19
169  103     5.71467856192559E-22   1.55439256884376E-19
170  103     8.64212170224702E-19   2.35929922471344E-16
171  103     6.59562997957491E-18   1.80720261440352E-15
172  103     6.86371030984047E-17   1.88752033520613E-14
173  103     4.75384274709234E-17   1.31206059819749E-14
174  103     2.83464941731787E-20   7.85197888597050E-18
175  103     1.00000000000000E-99   1.00000000000000E-99
176  103     1.00000000000000E-99   1.00000000000000E-99
177  103     1.00000000000000E-99   1.00000000000000E-99
178  103     1.00000000000000E-99   1.00000000000000E-99
179  103     1.00000000000000E-99   1.00000000000000E-99
180  103     1.00000000000000E-99   1.00000000000000E-99
181  103     1.00000000000000E-99   1.00000000000000E-99
182  103     1.00000000000000E-99   1.00000000000000E-99
183  103     1.00000000000000E-99   1.00000000000000E-99
184  103     1.00000000000000E-99   1.00000000000000E-99
185  103     1.00000000000000E-99   1.00000000000000E-99
186  103     1.00000000000000E-99   1.00000000000000E-99
187  103     1.00000000000000E-99   1.00000000000000E-99
188  103     1.00000000000000E-99   1.00000000000000E-99
189  103     1.00000000000000E-99   1.00000000000000E-99
190  103     1.00000000000000E-99   1.00000000000000E-99
191  103     1.00000000000000E-99   1.00000000000000E-99
192  103     1.00000000000000E-99   1.00000000000000E-99
193  103     1.00000000000000E-99   1.00000000000000E-99
194  103     1.00000000000000E-99   1.00000000000000E-99
195  103     1.00000000000000E-99   1.00000000000000E-99
196  103     1.00000000000000E-99   1.00000000000000E-99
197  103     1.00000000000000E-99   1.00000000000000E-99
198  103     1.00000000000000E-99   1.00000000000000E-99
199  103     1.00000000000000E-99   1.00000000000000E-99
200  103     1.00000000000000E-99   1.00000000000000E-99
201  103     1.00000000000000E-99   1.00000000000000E-99
202  103     1.00000000000000E-99   1.00000000000000E-99
203  103     1.00000000000000E-99   1.00000000000000E-99
204  103     1.00000000000000E-99   1.00000000000000E-99
205  103     1.00000000000000E-99   1.00000000000000E-99
206  103     1.00000000000000E-99   1.00000000000000E-99
207  103     1.00000000000000E-99   1.00000000000000E-99
208  103     1.00000000000000E-99   1.00000000000000E-99
209  103     1.00000000000000E-99   1.00000000000000E-99
210  103     1.00000000000000E-99   1.00000000000000E-99
211  103     1.00000000000000E-99   1.00000000000000E-99
212  103     1.00000000000000E-99   1.00000000000000E-99
213  103     1.00000000000000E-99   1.00000000000000E-99
214  103     1.00000000000000E-99   1.00000000000000E-99
215  103     1.00000000000000E-99   1.00000000000000E-99
216  103     1.00000000000000E-99   1.00000000000000E-99
217  103     1.00000000000000E-99   1.00000000000000E-99
218  103     1.00000000000000E-99   1.00000000000000E-99
219  103     1.00000000000000E-99   1.00000000000000E-99
220  103     1.00000000000000E-99   1.00000000000000E-99
221  103     1.00000000000000E-99   1.00000000000000E-99
222  103     1.00000000000000E-99   1.00000000000000E-99
223  103     1.00000000000000E-99   1.00000000000000E-99
225  103     1.00000000000000E-99   1.00000000000000E-99
229  103     1.00000000000000E-99   1.00000000000000E-99
231  103     1.00000000000000E-99   1.00000000000000E-99
156  104     1.00000000000000E-99   1.00000000000000E-99
157  104     1.00000000000000E-99   1.00000000000000E-99
158  104     1.00000000000000E-99   1.00000000000000E-99
159  104     1.00000000000000E-99   1.00000000000000E-99
160  104     1.00000000000000E-99   1.00000000000000E-99
161  104     1.00000000000000E-99   1.00000000000000E-99
162  104     1.00000000000000E-99   1.00000000000000E-99
163  104     1.00000000000000E-99   1.00000000000000E-99
164  104     1.00000000000000E-99   1.00000000000000E-99
165  104     1.00000000000000E-99   1.00000000000000E-99
166  104     1.00000000000000E-99   1.00000000000000E-99
167  104     1.00000000000000E-99   1.00000000000000E-99
168  104     1.00000000000000E-99   1.00000000000000E-99
169  104     1.22599333145393E-23   3.34696179486922E-21
170  104     7.55824923561907E-23   2.07096029055963E-20
171  104     3.64493510396763E-21   1.00235715359110E-18
172  104     1.19982240741678E-20   3.31150984447031E-18
173  104     9.19088126137722E-23   2.54587410940149E-20
174  104     1.00000000000000E-99   1.00000000000000E-99
175  104     1.00000000000000E-99   1.00000000000000E-99
176  104     1.00000000000000E-99   1.00000000000000E-99
177  104     1.00000000000000E-99   1.00000000000000E-99
178  104     1.00000000000000E-99   1.00000000000000E-99
179  104     1.00000000000000E-99   1.00000000000000E-99
180  104     1.00000000000000E-99   1.00000000000000E-99
181  104     1.00000000000000E-99   1.00000000000000E-99
182  104     1.00000000000000E-99   1.00000000000000E-99
183  104     1.00000000000000E-99   1.00000000000000E-99
184  104     1.00000000000000E-99   1.00000000000000E-99
185  104     1.00000000000000E-99   1.00000000000000E-99
186  104     1.00000000000000E-99   1.00000000000000E-99
187  104     1.00000000000000E-99   1.00000000000000E-99
188  104     1.00000000000000E-99   1.00000000000000E-99
189  104     1.00000000000000E-99   1.00000000000000E-99
190  104     1.00000000000000E-99   1.00000000000000E-99
191  104     1.00000000000000E-99   1.00000000000000E-99
192  104     1.00000000000000E-99   1.00000000000000E-99
193  104     1.00000000000000E-99   1.00000000000000E-99
194  104     1.00000000000000E-99   1.00000000000000E-99
195  104     1.00000000000000E-99   1.00000000000000E-99
196  104     1.00000000000000E-99   1.00000000000000E-99
197  104     1.00000000000000E-99   1.00000000000000E-99
198  104     1.00000000000000E-99   1.00000000000000E-99
199  104     1.00000000000000E-99   1.00000000000000E-99
200  104     1.00000000000000E-99   1.00000000000000E-99
201  104     1.00000000000000E-99   1.00000000000000E-99
202  104     1.00000000000000E-99   1.00000000000000E-99
203  104     1.00000000000000E-99   1.00000000000000E-99
204  104     1.00000000000000E-99   1.00000000000000E-99
205  104     1.00000000000000E-99   1.00000000000000E-99
206  104     1.00000000000000E-99   1.00000000000000E-99
207  104     1.00000000000000E-99   1.00000000000000E-99
208  104     1.00000000000000E-99   1.00000000000000E-99
209  104     1.00000000000000E-99   1.00000000000000E-99
210  104     1.00000000000000E-99   1.00000000000000E-99
211  104     1.00000000000000E-99   1.00000000000000E-99
212  104     1.00000000000000E-99   1.00000000000000E-99
213  104     1.00000000000000E-99   1.00000000000000E-99
214  104     1.00000000000000E-99   1.00000000000000E-99
215  104     1.00000000000000E-99   1.00000000000000E-99
216  104     1.00000000000000E-99   1.00000000000000E-99
217  104     1.00000000000000E-99   1.00000000000000E-99
218  104     1.00000000000000E-99   1.00000000000000E-99
219  104     1.00000000000000E-99   1.00000000000000E-99
220  104     1.00000000000000E-99   1.00000000000000E-99
221  104     1.00000000000000E-99   1.00000000000000E-99
222  104     1.00000000000000E-99   1.00000000000000E-99
223  104     1.00000000000000E-99   1.00000000000000E-99
225  104     1.00000000000000E-99   1.00000000000000E-99
229  104     1.00000000000000E-99   1.00000000000000E-99
231  104     1.00000000000000E-99   1.00000000000000E-99
233  104     1.00000000000000E-99   1.00000000000000E-99
157  105     1.00000000000000E-99   1.00000000000000E-99
158  105     1.00000000000000E-99   1.00000000000000E-99
159  105     1.00000000000000E-99   1.00000000000000E-99
160  105     1.00000000000000E-99   1.00000000000000E-99
161  105     1.00000000000000E-99   1.00000000000000E-99
162  105     1.00000000000000E-99   1.00000000000000E-99
163  105     1.00000000000000E-99   1.00000000000000E-99
164  105     1.00000000000000E-99   1.00000000000000E-99
165  105     1.00000000000000E-99   1.00000000000000E-99
166  105     1.00000000000000E-99   1.00000000000000E-99
167  105     1.00000000000000E-99   1.00000000000000E-99
168  105     1.00000000000000E-99   1.00000000000000E-99
169  105     1.00000000000000E-99   1.00000000000000E-99
170  105     1.00000000000000E-99   1.00000000000000E-99
171  105     1.00000000000000E-99   1.00000000000000E-99
172  105     1.00000000000000E-99   1.00000000000000E-99
173  105     1.00000000000000E-99   1.00000000000000E-99
174  105     1.00000000000000E-99   1.00000000000000E-99
175  105     1.00000000000000E-99   1.00000000000000E-99
176  105     1.00000000000000E-99   1.00000000000000E-99
177  105     1.00000000000000E-99   1.00000000000000E-99
178  105     1.00000000000000E-99   1.00000000000000E-99
179  105     1.00000000000000E-99   1.00000000000000E-99
180  105     1.00000000000000E-99   1.00000000000000E-99
181  105     1.00000000000000E-99   1.00000000000000E-99
182  105     1.00000000000000E-99   1.00000000000000E-99
183  105     1.00000000000000E-99   1.00000000000000E-99
184  105     1.00000000000000E-99   1.00000000000000E-99
185  105     1.00000000000000E-99   1.00000000000000E-99
186  105     1.00000000000000E-99   1.00000000000000E-99
187  105     1.00000000000000E-99   1.00000000000000E-99
188  105     1.00000000000000E-99   1.00000000000000E-99
189  105     1.00000000000000E-99   1.00000000000000E-99
190  105     1.00000000000000E-99   1.00000000000000E-99
191  105     1.00000000000000E-99   1.00000000000000E-99
192  105     1.00000000000000E-99   1.00000000000000E-99
193  105     1.00000000000000E-99   1.00000000000000E-99
194  105     1.00000000000000E-99   1.00000000000000E-99
195  105     1.00000000000000E-99   1.00000000000000E-99
196  105     1.00000000000000E-99   1.00000000000000E-99
197  105     1.00000000000000E-99   1.00000000000000E-99
198  105     1.00000000000000E-99   1.00000000000000E-99
199  105     1.00000000000000E-99   1.00000000000000E-99
200  105     1.00000000000000E-99   1.00000000000000E-99
201  105     1.00000000000000E-99   1.00000000000000E-99
202  105     1.00000000000000E-99   1.00000000000000E-99
203  105     1.00000000000000E-99   1.00000000000000E-99
204  105     1.00000000000000E-99   1.00000000000000E-99
205  105     1.00000000000000E-99   1.00000000000000E-99
206  105     1.00000000000000E-99   1.00000000000000E-99
207  105     1.00000000000000E-99   1.00000000000000E-99
208  105     1.00000000000000E-99   1.00000000000000E-99
209  105     1.00000000000000E-99   1.00000000000000E-99
210  105     1.00000000000000E-99   1.00000000000000E-99
211  105     1.00000000000000E-99   1.00000000000000E-99
212  105     1.00000000000000E-99   1.00000000000000E-99
213  105     1.00000000000000E-99   1.00000000000000E-99
214  105     1.00000000000000E-99   1.00000000000000E-99
215  105     1.00000000000000E-99   1.00000000000000E-99
216  105     1.00000000000000E-99   1.00000000000000E-99
217  105     1.00000000000000E-99   1.00000000000000E-99
218  105     1.00000000000000E-99   1.00000000000000E-99
219  105     1.00000000000000E-99   1.00000000000000E-99
220  105     1.00000000000000E-99   1.00000000000000E-99
221  105     1.00000000000000E-99   1.00000000000000E-99
222  105     1.00000000000000E-99   1.00000000000000E-99
223  105     1.00000000000000E-99   1.00000000000000E-99
224  105     1.00000000000000E-99   1.00000000000000E-99
225  105     1.00000000000000E-99   1.00000000000000E-99
228  105     1.00000000000000E-99   1.00000000000000E-99
229  105     1.00000000000000E-99   1.00000000000000E-99
231  105     1.00000000000000E-99   1.00000000000000E-99
160  106     1.00000000000000E-99   1.00000000000000E-99
161  106     1.00000000000000E-99   1.00000000000000E-99
162  106     1.00000000000000E-99   1.00000000000000E-99
163  106     1.00000000000000E-99   1.00000000000000E-99
164  106     1.00000000000000E-99   1.00000000000000E-99
165  106     1.00000000000000E-99   1.00000000000000E-99
166  106     1.00000000000000E-99   1.00000000000000E-99
167  106     1.00000000000000E-99   1.00000000000000E-99
168  106     1.00000000000000E-99   1.00000000000000E-99
169  106     1.00000000000000E-99   1.00000000000000E-99
170  106     1.00000000000000E-99   1.00000000000000E-99
171  106     1.00000000000000E-99   1.00000000000000E-99
172  106     1.00000000000000E-99   1.00000000000000E-99
173  106     1.00000000000000E-99   1.00000000000000E-99
174  106     1.00000000000000E-99   1.00000000000000E-99
175  106     1.00000000000000E-99   1.00000000000000E-99
176  106     1.00000000000000E-99   1.00000000000000E-99
177  106     1.00000000000000E-99   1.00000000000000E-99
178  106     1.00000000000000E-99   1.00000000000000E-99
179  106     1.00000000000000E-99   1.00000000000000E-99
180  106     1.00000000000000E-99   1.00000000000000E-99
181  106     1.00000000000000E-99   1.00000000000000E-99
182  106     1.00000000000000E-99   1.00000000000000E-99
183  106     1.00000000000000E-99   1.00000000000000E-99
184  106     1.00000000000000E-99   1.00000000000000E-99
185  106     1.00000000000000E-99   1.00000000000000E-99
186  106     1.00000000000000E-99   1.00000000000000E-99
187  106     1.00000000000000E-99   1.00000000000000E-99
188  106     1.00000000000000E-99   1.00000000000000E-99
189  106     1.00000000000000E-99   1.00000000000000E-99
190  106     1.00000000000000E-99   1.00000000000000E-99
191  106     1.00000000000000E-99   1.00000000000000E-99
192  106     1.00000000000000E-99   1.00000000000000E-99
193  106     1.00000000000000E-99   1.00000000000000E-99
194  106     1.00000000000000E-99   1.00000000000000E-99
195  106     1.00000000000000E-99   1.00000000000000E-99
196  106     1.00000000000000E-99   1.00000000000000E-99
197  106     1.00000000000000E-99   1.00000000000000E-99
198  106     1.00000000000000E-99   1.00000000000000E-99
199  106     1.00000000000000E-99   1.00000000000000E-99
200  106     1.00000000000000E-99   1.00000000000000E-99
201  106     1.00000000000000E-99   1.00000000000000E-99
202  106     1.00000000000000E-99   1.00000000000000E-99
203  106     1.00000000000000E-99   1.00000000000000E-99
204  106     1.00000000000000E-99   1.00000000000000E-99
205  106     1.00000000000000E-99   1.00000000000000E-99
206  106     1.00000000000000E-99   1.00000000000000E-99
207  106     1.00000000000000E-99   1.00000000000000E-99
208  106     1.00000000000000E-99   1.00000000000000E-99
209  106     1.00000000000000E-99   1.00000000000000E-99
210  106     1.00000000000000E-99   1.00000000000000E-99
211  106     1.00000000000000E-99   1.00000000000000E-99
212  106     1.00000000000000E-99   1.00000000000000E-99
213  106     1.00000000000000E-99   1.00000000000000E-99
214  106     1.00000000000000E-99   1.00000000000000E-99
215  106     1.00000000000000E-99   1.00000000000000E-99
216  106     1.00000000000000E-99   1.00000000000000E-99
217  106     1.00000000000000E-99   1.00000000000000E-99
218  106     1.00000000000000E-99   1.00000000000000E-99
219  106     1.00000000000000E-99   1.00000000000000E-99
220  106     1.00000000000000E-99   1.00000000000000E-99
221  106     1.00000000000000E-99   1.00000000000000E-99
222  106     1.00000000000000E-99   1.00000000000000E-99
223  106     1.00000000000000E-99   1.00000000000000E-99
224  106     1.00000000000000E-99   1.00000000000000E-99
225  106     1.00000000000000E-99   1.00000000000000E-99
227  106     1.00000000000000E-99   1.00000000000000E-99
228  106     1.00000000000000E-99   1.00000000000000E-99
229  106     1.00000000000000E-99   1.00000000000000E-99
231  106     1.00000000000000E-99   1.00000000000000E-99
162  107     1.00000000000000E-99   1.00000000000000E-99
163  107     1.00000000000000E-99   1.00000000000000E-99
164  107     1.00000000000000E-99   1.00000000000000E-99
165  107     1.00000000000000E-99   1.00000000000000E-99
166  107     1.00000000000000E-99   1.00000000000000E-99
167  107     1.00000000000000E-99   1.00000000000000E-99
168  107     1.00000000000000E-99   1.00000000000000E-99
169  107     1.00000000000000E-99   1.00000000000000E-99
170  107     1.00000000000000E-99   1.00000000000000E-99
171  107     1.00000000000000E-99   1.00000000000000E-99
172  107     1.00000000000000E-99   1.00000000000000E-99
173  107     1.00000000000000E-99   1.00000000000000E-99
174  107     1.00000000000000E-99   1.00000000000000E-99
175  107     1.00000000000000E-99   1.00000000000000E-99
176  107     1.00000000000000E-99   1.00000000000000E-99
177  107     1.00000000000000E-99   1.00000000000000E-99
178  107     1.00000000000000E-99   1.00000000000000E-99
179  107     1.00000000000000E-99   1.00000000000000E-99
180  107     1.00000000000000E-99   1.00000000000000E-99
181  107     1.00000000000000E-99   1.00000000000000E-99
182  107     1.00000000000000E-99   1.00000000000000E-99
183  107     1.00000000000000E-99   1.00000000000000E-99
184  107     1.00000000000000E-99   1.00000000000000E-99
185  107     1.00000000000000E-99   1.00000000000000E-99
186  107     1.00000000000000E-99   1.00000000000000E-99
187  107     1.00000000000000E-99   1.00000000000000E-99
188  107     1.00000000000000E-99   1.00000000000000E-99
189  107     1.00000000000000E-99   1.00000000000000E-99
190  107     1.00000000000000E-99   1.00000000000000E-99
191  107     1.00000000000000E-99   1.00000000000000E-99
192  107     1.00000000000000E-99   1.00000000000000E-99
193  107     1.00000000000000E-99   1.00000000000000E-99
194  107     1.00000000000000E-99   1.00000000000000E-99
195  107     1.00000000000000E-99   1.00000000000000E-99
196  107     1.00000000000000E-99   1.00000000000000E-99
197  107     1.00000000000000E-99   1.00000000000000E-99
198  107     1.00000000000000E-99   1.00000000000000E-99
199  107     1.00000000000000E-99   1.00000000000000E-99
200  107     1.00000000000000E-99   1.00000000000000E-99
201  107     1.00000000000000E-99   1.00000000000000E-99
202  107     1.00000000000000E-99   1.00000000000000E-99
203  107     1.00000000000000E-99   1.00000000000000E-99
204  107     1.00000000000000E-99   1.00000000000000E-99
205  107     1.00000000000000E-99   1.00000000000000E-99
206  107     1.00000000000000E-99   1.00000000000000E-99
207  107     1.00000000000000E-99   1.00000000000000E-99
208  107     1.00000000000000E-99   1.00000000000000E-99
209  107     1.00000000000000E-99   1.00000000000000E-99
210  107     1.00000000000000E-99   1.00000000000000E-99
211  107     1.00000000000000E-99   1.00000000000000E-99
212  107     1.00000000000000E-99   1.00000000000000E-99
213  107     1.00000000000000E-99   1.00000000000000E-99
214  107     1.00000000000000E-99   1.00000000000000E-99
215  107     1.00000000000000E-99   1.00000000000000E-99
216  107     1.00000000000000E-99   1.00000000000000E-99
217  107     1.00000000000000E-99   1.00000000000000E-99
218  107     1.00000000000000E-99   1.00000000000000E-99
219  107     1.00000000000000E-99   1.00000000000000E-99
220  107     1.00000000000000E-99   1.00000000000000E-99
221  107     1.00000000000000E-99   1.00000000000000E-99
222  107     1.00000000000000E-99   1.00000000000000E-99
223  107     1.00000000000000E-99   1.00000000000000E-99
224  107     1.00000000000000E-99   1.00000000000000E-99
225  107     1.00000000000000E-99   1.00000000000000E-99
227  107     1.00000000000000E-99   1.00000000000000E-99
228  107     1.00000000000000E-99   1.00000000000000E-99
229  107     1.00000000000000E-99   1.00000000000000E-99
230  107     1.00000000000000E-99   1.00000000000000E-99
165  108     1.00000000000000E-99   1.00000000000000E-99
166  108     1.00000000000000E-99   1.00000000000000E-99
167  108     1.00000000000000E-99   1.00000000000000E-99
168  108     1.00000000000000E-99   1.00000000000000E-99
169  108     1.00000000000000E-99   1.00000000000000E-99
170  108     1.00000000000000E-99   1.00000000000000E-99
171  108     1.00000000000000E-99   1.00000000000000E-99
172  108     1.00000000000000E-99   1.00000000000000E-99
173  108     1.00000000000000E-99   1.00000000000000E-99
174  108     1.00000000000000E-99   1.00000000000000E-99
175  108     1.00000000000000E-99   1.00000000000000E-99
176  108     1.00000000000000E-99   1.00000000000000E-99
177  108     1.00000000000000E-99   1.00000000000000E-99
178  108     1.00000000000000E-99   1.00000000000000E-99
179  108     1.00000000000000E-99   1.00000000000000E-99
180  108     1.00000000000000E-99   1.00000000000000E-99
181  108     1.00000000000000E-99   1.00000000000000E-99
182  108     1.00000000000000E-99   1.00000000000000E-99
183  108     1.00000000000000E-99   1.00000000000000E-99
184  108     1.00000000000000E-99   1.00000000000000E-99
185  108     1.00000000000000E-99   1.00000000000000E-99
186  108     1.00000000000000E-99   1.00000000000000E-99
187  108     1.00000000000000E-99   1.00000000000000E-99
188  108     1.00000000000000E-99   1.00000000000000E-99
189  108     1.00000000000000E-99   1.00000000000000E-99
190  108     1.00000000000000E-99   1.00000000000000E-99
191  108     1.00000000000000E-99   1.00000000000000E-99
192  108     1.00000000000000E-99   1.00000000000000E-99
193  108     1.00000000000000E-99   1.00000000000000E-99
194  108     1.00000000000000E-99   1.00000000000000E-99
195  108     1.00000000000000E-99   1.00000000000000E-99
196  108     1.00000000000000E-99   1.00000000000000E-99
197  108     1.00000000000000E-99   1.00000000000000E-99
198  108     1.00000000000000E-99   1.00000000000000E-99
199  108     1.00000000000000E-99   1.00000000000000E-99
200  108     1.00000000000000E-99   1.00000000000000E-99
201  108     1.00000000000000E-99   1.00000000000000E-99
202  108     1.00000000000000E-99   1.00000000000000E-99
203  108     1.00000000000000E-99   1.00000000000000E-99
204  108     1.00000000000000E-99   1.00000000000000E-99
205  108     1.00000000000000E-99   1.00000000000000E-99
206  108     1.00000000000000E-99   1.00000000000000E-99
207  108     1.00000000000000E-99   1.00000000000000E-99
208  108     1.00000000000000E-99   1.00000000000000E-99
209  108     1.00000000000000E-99   1.00000000000000E-99
210  108     1.00000000000000E-99   1.00000000000000E-99
211  108     1.00000000000000E-99   1.00000000000000E-99
212  108     1.00000000000000E-99   1.00000000000000E-99
213  108     1.00000000000000E-99   1.00000000000000E-99
214  108     1.00000000000000E-99   1.00000000000000E-99
215  108     1.00000000000000E-99   1.00000000000000E-99
216  108     1.00000000000000E-99   1.00000000000000E-99
217  108     1.00000000000000E-99   1.00000000000000E-99
218  108     1.00000000000000E-99   1.00000000000000E-99
219  108     1.00000000000000E-99   1.00000000000000E-99
221  108     1.00000000000000E-99   1.00000000000000E-99
222  108     1.00000000000000E-99   1.00000000000000E-99
223  108     1.00000000000000E-99   1.00000000000000E-99
224  108     1.00000000000000E-99   1.00000000000000E-99
226  108     1.00000000000000E-99   1.00000000000000E-99
227  108     1.00000000000000E-99   1.00000000000000E-99
228  108     1.00000000000000E-99   1.00000000000000E-99
229  108     1.00000000000000E-99   1.00000000000000E-99
166  109     1.00000000000000E-99   1.00000000000000E-99
167  109     1.00000000000000E-99   1.00000000000000E-99
168  109     1.00000000000000E-99   1.00000000000000E-99
169  109     1.00000000000000E-99   1.00000000000000E-99
170  109     1.00000000000000E-99   1.00000000000000E-99
171  109     1.00000000000000E-99   1.00000000000000E-99
172  109     1.00000000000000E-99   1.00000000000000E-99
173  109     1.00000000000000E-99   1.00000000000000E-99
174  109     1.00000000000000E-99   1.00000000000000E-99
175  109     1.00000000000000E-99   1.00000000000000E-99
176  109     1.00000000000000E-99   1.00000000000000E-99
177  109     1.00000000000000E-99   1.00000000000000E-99
178  109     1.00000000000000E-99   1.00000000000000E-99
179  109     1.00000000000000E-99   1.00000000000000E-99
180  109     1.00000000000000E-99   1.00000000000000E-99
181  109     1.00000000000000E-99   1.00000000000000E-99
182  109     1.00000000000000E-99   1.00000000000000E-99
183  109     1.00000000000000E-99   1.00000000000000E-99
184  109     1.00000000000000E-99   1.00000000000000E-99
185  109     1.00000000000000E-99   1.00000000000000E-99
186  109     1.00000000000000E-99   1.00000000000000E-99
187  109     1.00000000000000E-99   1.00000000000000E-99
188  109     1.00000000000000E-99   1.00000000000000E-99
189  109     1.00000000000000E-99   1.00000000000000E-99
190  109     1.00000000000000E-99   1.00000000000000E-99
191  109     1.00000000000000E-99   1.00000000000000E-99
192  109     1.00000000000000E-99   1.00000000000000E-99
193  109     1.00000000000000E-99   1.00000000000000E-99
194  109     1.00000000000000E-99   1.00000000000000E-99
195  109     1.00000000000000E-99   1.00000000000000E-99
196  109     1.00000000000000E-99   1.00000000000000E-99
197  109     1.00000000000000E-99   1.00000000000000E-99
198  109     1.00000000000000E-99   1.00000000000000E-99
199  109     1.00000000000000E-99   1.00000000000000E-99
200  109     1.00000000000000E-99   1.00000000000000E-99
201  109     1.00000000000000E-99   1.00000000000000E-99
202  109     1.00000000000000E-99   1.00000000000000E-99
203  109     1.00000000000000E-99   1.00000000000000E-99
204  109     1.00000000000000E-99   1.00000000000000E-99
205  109     1.00000000000000E-99   1.00000000000000E-99
206  109     1.00000000000000E-99   1.00000000000000E-99
207  109     1.00000000000000E-99   1.00000000000000E-99
208  109     1.00000000000000E-99   1.00000000000000E-99
209  109     1.00000000000000E-99   1.00000000000000E-99
210  109     1.00000000000000E-99   1.00000000000000E-99
211  109     1.00000000000000E-99   1.00000000000000E-99
212  109     1.00000000000000E-99   1.00000000000000E-99
213  109     1.00000000000000E-99   1.00000000000000E-99
214  109     1.00000000000000E-99   1.00000000000000E-99
215  109     1.00000000000000E-99   1.00000000000000E-99
216  109     1.00000000000000E-99   1.00000000000000E-99
217  109     1.00000000000000E-99   1.00000000000000E-99
218  109     1.00000000000000E-99   1.00000000000000E-99
220  109     1.00000000000000E-99   1.00000000000000E-99
221  109     1.00000000000000E-99   1.00000000000000E-99
222  109     1.00000000000000E-99   1.00000000000000E-99
223  109     1.00000000000000E-99   1.00000000000000E-99
224  109     1.00000000000000E-99   1.00000000000000E-99
225  109     1.00000000000000E-99   1.00000000000000E-99
226  109     1.00000000000000E-99   1.00000000000000E-99
227  109     1.00000000000000E-99   1.00000000000000E-99
228  109     1.00000000000000E-99   1.00000000000000E-99
169  110     1.00000000000000E-99   1.00000000000000E-99
170  110     1.00000000000000E-99   1.00000000000000E-99
171  110     1.00000000000000E-99   1.00000000000000E-99
172  110     1.00000000000000E-99   1.00000000000000E-99
173  110     1.00000000000000E-99   1.00000000000000E-99
174  110     1.00000000000000E-99   1.00000000000000E-99
175  110     1.00000000000000E-99   1.00000000000000E-99
176  110     1.00000000000000E-99   1.00000000000000E-99
177  110     1.00000000000000E-99   1.00000000000000E-99
178  110     1.00000000000000E-99   1.00000000000000E-99
179  110     1.00000000000000E-99   1.00000000000000E-99
180  110     1.00000000000000E-99   1.00000000000000E-99
181  110     1.00000000000000E-99   1.00000000000000E-99
182  110     1.00000000000000E-99   1.00000000000000E-99
183  110     1.00000000000000E-99   1.00000000000000E-99
184  110     1.00000000000000E-99   1.00000000000000E-99
185  110     1.00000000000000E-99   1.00000000000000E-99
186  110     1.00000000000000E-99   1.00000000000000E-99
187  110     1.00000000000000E-99   1.00000000000000E-99
188  110     1.00000000000000E-99   1.00000000000000E-99
189  110     1.00000000000000E-99   1.00000000000000E-99
190  110     1.00000000000000E-99   1.00000000000000E-99
191  110     1.00000000000000E-99   1.00000000000000E-99
192  110     1.00000000000000E-99   1.00000000000000E-99
193  110     1.00000000000000E-99   1.00000000000000E-99
194  110     1.00000000000000E-99   1.00000000000000E-99
195  110     1.00000000000000E-99   1.00000000000000E-99
196  110     1.00000000000000E-99   1.00000000000000E-99
197  110     1.00000000000000E-99   1.00000000000000E-99
198  110     1.00000000000000E-99   1.00000000000000E-99
199  110     1.00000000000000E-99   1.00000000000000E-99
200  110     1.00000000000000E-99   1.00000000000000E-99
201  110     1.00000000000000E-99   1.00000000000000E-99
202  110     1.00000000000000E-99   1.00000000000000E-99
203  110     1.00000000000000E-99   1.00000000000000E-99
204  110     1.00000000000000E-99   1.00000000000000E-99
205  110     1.00000000000000E-99   1.00000000000000E-99
206  110     1.00000000000000E-99   1.00000000000000E-99
207  110     1.00000000000000E-99   1.00000000000000E-99
208  110     1.00000000000000E-99   1.00000000000000E-99
209  110     1.00000000000000E-99   1.00000000000000E-99
210  110     1.00000000000000E-99   1.00000000000000E-99
211  110     1.00000000000000E-99   1.00000000000000E-99
212  110     1.00000000000000E-99   1.00000000000000E-99
213  110     1.00000000000000E-99   1.00000000000000E-99
214  110     1.00000000000000E-99   1.00000000000000E-99
215  110     1.00000000000000E-99   1.00000000000000E-99
216  110     1.00000000000000E-99   1.00000000000000E-99
217  110     1.00000000000000E-99   1.00000000000000E-99
218  110     1.00000000000000E-99   1.00000000000000E-99
219  110     1.00000000000000E-99   1.00000000000000E-99
220  110     1.00000000000000E-99   1.00000000000000E-99
221  110     1.00000000000000E-99   1.00000000000000E-99
222  110     1.00000000000000E-99   1.00000000000000E-99
223  110     1.00000000000000E-99   1.00000000000000E-99
224  110     1.00000000000000E-99   1.00000000000000E-99
225  110     1.00000000000000E-99   1.00000000000000E-99
226  110     1.00000000000000E-99   1.00000000000000E-99
227  110     1.00000000000000E-99   1.00000000000000E-99
172  111     1.00000000000000E-99   1.00000000000000E-99
173  111     1.00000000000000E-99   1.00000000000000E-99
174  111     1.00000000000000E-99   1.00000000000000E-99
175  111     1.00000000000000E-99   1.00000000000000E-99
176  111     1.00000000000000E-99   1.00000000000000E-99
177  111     1.00000000000000E-99   1.00000000000000E-99
178  111     1.00000000000000E-99   1.00000000000000E-99
179  111     1.00000000000000E-99   1.00000000000000E-99
180  111     1.00000000000000E-99   1.00000000000000E-99
181  111     1.00000000000000E-99   1.00000000000000E-99
182  111     1.00000000000000E-99   1.00000000000000E-99
183  111     1.00000000000000E-99   1.00000000000000E-99
184  111     1.00000000000000E-99   1.00000000000000E-99
185  111     1.00000000000000E-99   1.00000000000000E-99
186  111     1.00000000000000E-99   1.00000000000000E-99
187  111     1.00000000000000E-99   1.00000000000000E-99
188  111     1.00000000000000E-99   1.00000000000000E-99
189  111     1.00000000000000E-99   1.00000000000000E-99
190  111     1.00000000000000E-99   1.00000000000000E-99
191  111     1.00000000000000E-99   1.00000000000000E-99
192  111     1.00000000000000E-99   1.00000000000000E-99
193  111     1.00000000000000E-99   1.00000000000000E-99
194  111     1.00000000000000E-99   1.00000000000000E-99
195  111     1.00000000000000E-99   1.00000000000000E-99
196  111     1.00000000000000E-99   1.00000000000000E-99
197  111     1.00000000000000E-99   1.00000000000000E-99
198  111     1.00000000000000E-99   1.00000000000000E-99
199  111     1.00000000000000E-99   1.00000000000000E-99
200  111     1.00000000000000E-99   1.00000000000000E-99
201  111     1.00000000000000E-99   1.00000000000000E-99
202  111     1.00000000000000E-99   1.00000000000000E-99
203  111     1.00000000000000E-99   1.00000000000000E-99
204  111     1.00000000000000E-99   1.00000000000000E-99
205  111     1.00000000000000E-99   1.00000000000000E-99
206  111     1.00000000000000E-99   1.00000000000000E-99
207  111     1.00000000000000E-99   1.00000000000000E-99
208  111     1.00000000000000E-99   1.00000000000000E-99
209  111     1.00000000000000E-99   1.00000000000000E-99
210  111     1.00000000000000E-99   1.00000000000000E-99
211  111     1.00000000000000E-99   1.00000000000000E-99
212  111     1.00000000000000E-99   1.00000000000000E-99
213  111     1.00000000000000E-99   1.00000000000000E-99
214  111     1.00000000000000E-99   1.00000000000000E-99
215  111     1.00000000000000E-99   1.00000000000000E-99
216  111     1.00000000000000E-99   1.00000000000000E-99
217  111     1.00000000000000E-99   1.00000000000000E-99
218  111     1.00000000000000E-99   1.00000000000000E-99
219  111     1.00000000000000E-99   1.00000000000000E-99
220  111     1.00000000000000E-99   1.00000000000000E-99
221  111     1.00000000000000E-99   1.00000000000000E-99
222  111     1.00000000000000E-99   1.00000000000000E-99
223  111     1.00000000000000E-99   1.00000000000000E-99
224  111     1.00000000000000E-99   1.00000000000000E-99
225  111     1.00000000000000E-99   1.00000000000000E-99
226  111     1.00000000000000E-99   1.00000000000000E-99
