    time    temp    dens
   5.36472928676095E+00   1.25384253289672E-01   2.55900722279306E+00
     nin     zin       y       x
  1    0     2.36058936839829E-10   2.36058936839829E-10
  0    1     9.74633408266942E-13   9.74633408266942E-13
  1    1     8.87473656552125E-16   1.77494731310425E-15
  2    1     2.32073600283303E-08   6.96220800849910E-08
  1    2     9.26743126403378E-16   2.78022937921013E-15
  2    2     2.69785833630524E-04   1.07914333452210E-03
  4    2     2.61931220386244E-09   1.57158732231746E-08
  3    3     1.43545059443967E-08   8.61270356663801E-08
  4    3     2.76655328658951E-09   1.93658730061266E-08
  5    3     1.43733626616542E-13   1.14986901293233E-12
  6    3     5.17186273865813E-10   4.65467646479232E-09
  3    4     3.01460567712360E-19   2.11022397398652E-18
  5    4     1.15230127573167E-06   1.03707114815850E-05
  6    4     7.65285986850123E-07   7.65285986850123E-06
  7    4     2.25852514290973E-12   2.48437765720071E-11
  8    4     1.53823333394364E-20   1.84588000073237E-19
  3    5     1.00000000000000E-99   1.00000000000000E-99
  5    5     3.39488384173188E-15   3.39488384173188E-14
  6    5     2.28581515469574E-08   2.51439667016531E-07
  7    5     3.87126106556008E-15   4.64551327867210E-14
  8    5     1.90795902569873E-22   2.48034673340835E-21
  9    5     1.00000000000000E-99   1.00000000000000E-99
  3    6     1.00000000000000E-99   1.00000000000000E-99
  4    6     1.00000000000000E-99   1.00000000000000E-99
  5    6     1.00000000000000E-99   1.00000000000000E-99
  6    6     4.61298174710480E-07   5.53557809652576E-06
  7    6     1.58729800784235E-08   2.06348741019506E-07
  8    6     1.12462339098056E-08   1.57447274737278E-07
  9    6     2.01685133670922E-11   3.02527700506383E-10
 10    6     1.45167010598222E-07   2.32267216957155E-06
 11    6     2.88781391837059E-15   4.90928366123001E-14
 12    6     1.00000000000000E-99   1.00000000000000E-99
  4    7     1.00000000000000E-99   1.00000000000000E-99
  5    7     1.00000000000000E-99   1.00000000000000E-99
  6    7     4.41792552706609E-20   5.74330318518591E-19
  7    7     1.61037803217856E-11   2.25452924504998E-10
  8    7     7.15402440354988E-06   1.07310366053248E-04
  9    7     8.66353896767434E-08   1.38616623482789E-06
 10    7     1.84160885537177E-08   3.13073505413201E-07
 11    7     1.85572756120755E-10   3.34030961017359E-09
 12    7     6.90785581739865E-13   1.31249260530574E-11
 13    7     1.16027915294042E-15   2.32055830588084E-14
 14    7     1.00000000000000E-99   1.00000000000000E-99
  5    8     1.00000000000000E-99   1.00000000000000E-99
  6    8     1.00000000000000E-99   1.00000000000000E-99
  7    8     1.27293733155471E-24   1.90940599733207E-23
  8    8     5.43674019147953E-08   8.69878430636725E-07
  9    8     2.00215010350513E-09   3.40365517595871E-08
 10    8     1.83621582405701E-08   3.30518848330261E-07
 11    8     5.14980576154658E-07   9.78463094693849E-06
 12    8     8.57933987251276E-07   1.71586797450255E-05
 13    8     1.00511232673960E-07   2.11073588615316E-06
 14    8     2.33127397061610E-06   5.12880273535542E-05
  5    9     1.00000000000000E-99   1.00000000000000E-99
  6    9     1.00000000000000E-99   1.00000000000000E-99
  7    9     1.00000000000000E-99   1.00000000000000E-99
  8    9     4.62285304659169E-24   7.85885017920587E-23
  9    9     3.61215143899875E-24   6.50187259019775E-23
 10    9     5.47293757853650E-08   1.03985813992193E-06
 11    9     1.71902321881968E-07   3.43804643763937E-06
 12    9     9.70704624354965E-08   2.03847971114543E-06
 13    9     4.22070453634146E-06   9.28554997995122E-05
 14    9     6.12517020967587E-10   1.40878914822545E-08
 15    9     1.78331540683119E-12   4.27995697639485E-11
 16    9     2.74950598437307E-20   6.87376496093267E-19
 17    9     1.00000000000000E-99   1.00000000000000E-99
  7   10     1.00000000000000E-99   1.00000000000000E-99
  8   10     1.00000000000000E-99   1.00000000000000E-99
  9   10     1.00000000000000E-99   1.00000000000000E-99
 10   10     2.33576539693963E-08   4.67153079387926E-07
 11   10     4.67180209778612E-08   9.81078440535086E-07
 12   10     2.11052968536295E-06   4.64316530779848E-05
 13   10     2.62452351353697E-09   6.03640408113503E-08
 14   10     2.09627065012323E-08   5.03104956029574E-07
 15   10     5.97467200649362E-10   1.49366800162340E-08
 16   10     2.03823426101184E-15   5.29940907863078E-14
 17   10     5.12112552461566E-24   1.38270389164623E-22
 18   10     1.00000000000000E-99   1.00000000000000E-99
 19   10     1.00000000000000E-99   1.00000000000000E-99
 20   10     1.00000000000000E-99   1.00000000000000E-99
 21   10     1.00000000000000E-99   1.00000000000000E-99
 22   10     1.00000000000000E-99   1.00000000000000E-99
 23   10     1.00000000000000E-99   1.00000000000000E-99
 24   10     1.00000000000000E-99   1.00000000000000E-99
 25   10     1.00000000000000E-99   1.00000000000000E-99
 26   10     1.00000000000000E-99   1.00000000000000E-99
 27   10     1.00000000000000E-99   1.00000000000000E-99
 28   10     1.00000000000000E-99   1.00000000000000E-99
 29   10     1.00000000000000E-99   1.00000000000000E-99
 30   10     1.00000000000000E-99   1.00000000000000E-99
 31   10     1.00000000000000E-99   1.00000000000000E-99
  8   11     1.00000000000000E-99   1.00000000000000E-99
  9   11     1.00000000000000E-99   1.00000000000000E-99
 10   11     1.00000000000000E-99   1.00000000000000E-99
 11   11     3.57603528939223E-21   7.86727763666292E-20
 12   11     1.50883126679151E-10   3.47031191362048E-09
 13   11     2.86719249437342E-10   6.88126198649621E-09
 14   11     6.07100041110606E-08   1.51775010277651E-06
 15   11     5.37903468193782E-10   1.39854901730383E-08
 16   11     3.65772841246095E-13   9.87586671364456E-12
 17   11     1.58325263516158E-19   4.43310737845242E-18
 18   11     5.34784863321194E-25   1.55087610363146E-23
 19   11     1.00000000000000E-99   1.00000000000000E-99
 20   11     1.00000000000000E-99   1.00000000000000E-99
 21   11     1.00000000000000E-99   1.00000000000000E-99
 22   11     1.00000000000000E-99   1.00000000000000E-99
 23   11     1.00000000000000E-99   1.00000000000000E-99
 24   11     1.00000000000000E-99   1.00000000000000E-99
 25   11     1.00000000000000E-99   1.00000000000000E-99
 26   11     1.00000000000000E-99   1.00000000000000E-99
 27   11     1.00000000000000E-99   1.00000000000000E-99
 28   11     1.00000000000000E-99   1.00000000000000E-99
 29   11     1.00000000000000E-99   1.00000000000000E-99
 30   11     1.00000000000000E-99   1.00000000000000E-99
 31   11     1.00000000000000E-99   1.00000000000000E-99
 32   11     1.00000000000000E-99   1.00000000000000E-99
 33   11     1.00000000000000E-99   1.00000000000000E-99
  8   12     1.00000000000000E-99   1.00000000000000E-99
  9   12     1.00000000000000E-99   1.00000000000000E-99
 10   12     1.00000000000000E-99   1.00000000000000E-99
 11   12     1.00000000000000E-99   1.00000000000000E-99
 12   12     7.39997640658928E-15   1.77599433758143E-13
 13   12     2.33674885104879E-09   5.84187212762196E-08
 14   12     5.74828433571075E-09   1.49455392728480E-07
 15   12     2.27748908544423E-09   6.14922053069942E-08
 16   12     1.38434836609217E-09   3.87617542505808E-08
 17   12     9.10764678586844E-11   2.64121756790185E-09
 18   12     4.75460586653160E-13   1.42638175995948E-11
 19   12     6.80433968818314E-15   2.10934530333677E-13
 20   12     6.88386543495109E-20   2.20283693918435E-18
 21   12     5.92091897024135E-23   1.95390326017965E-21
 22   12     1.00000000000000E-99   1.00000000000000E-99
 23   12     1.00000000000000E-99   1.00000000000000E-99
 24   12     1.00000000000000E-99   1.00000000000000E-99
 25   12     1.00000000000000E-99   1.00000000000000E-99
 26   12     1.00000000000000E-99   1.00000000000000E-99
 27   12     1.00000000000000E-99   1.00000000000000E-99
 28   12     1.00000000000000E-99   1.00000000000000E-99
 29   12     1.00000000000000E-99   1.00000000000000E-99
 30   12     1.00000000000000E-99   1.00000000000000E-99
 31   12     1.00000000000000E-99   1.00000000000000E-99
 32   12     1.00000000000000E-99   1.00000000000000E-99
 33   12     1.00000000000000E-99   1.00000000000000E-99
 34   12     1.00000000000000E-99   1.00000000000000E-99
 35   12     1.00000000000000E-99   1.00000000000000E-99
  8   13     1.00000000000000E-99   1.00000000000000E-99
  9   13     1.00000000000000E-99   1.00000000000000E-99
 10   13     1.00000000000000E-99   1.00000000000000E-99
 11   13     1.00000000000000E-99   1.00000000000000E-99
 12   13     1.00000000000000E-99   1.00000000000000E-99
 13   13     6.19903179239238E-23   1.61174826602202E-21
 14   13     9.98201658243423E-12   2.69514447725724E-10
 15   13     1.66774894898627E-13   4.66969705716157E-12
 16   13     7.05989472245658E-10   2.04736946951241E-08
 17   13     9.96264598735628E-10   2.98879379620689E-08
 18   13     4.30518327888333E-11   1.33460681645383E-09
 19   13     8.42666178026553E-17   2.69653176968497E-15
 20   13     8.52554127728325E-22   2.81342862150347E-20
 21   13     1.00000000000000E-99   1.00000000000000E-99
 22   13     1.00000000000000E-99   1.00000000000000E-99
 23   13     2.54263305255147E-23   9.15347898918529E-22
 24   13     1.00000000000000E-99   1.00000000000000E-99
 25   13     1.00000000000000E-99   1.00000000000000E-99
 26   13     1.00000000000000E-99   1.00000000000000E-99
 27   13     1.00000000000000E-99   1.00000000000000E-99
 28   13     1.00000000000000E-99   1.00000000000000E-99
 29   13     1.00000000000000E-99   1.00000000000000E-99
 30   13     1.00000000000000E-99   1.00000000000000E-99
 31   13     1.00000000000000E-99   1.00000000000000E-99
 32   13     1.00000000000000E-99   1.00000000000000E-99
 33   13     1.00000000000000E-99   1.00000000000000E-99
 34   13     1.00000000000000E-99   1.00000000000000E-99
 35   13     1.00000000000000E-99   1.00000000000000E-99
 36   13     1.00000000000000E-99   1.00000000000000E-99
 37   13     1.00000000000000E-99   1.00000000000000E-99
 38   13     1.00000000000000E-99   1.00000000000000E-99
  8   14     1.00000000000000E-99   1.00000000000000E-99
  9   14     1.00000000000000E-99   1.00000000000000E-99
 10   14     1.00000000000000E-99   1.00000000000000E-99
 11   14     1.00000000000000E-99   1.00000000000000E-99
 12   14     1.00000000000000E-99   1.00000000000000E-99
 13   14     1.00000000000000E-99   1.00000000000000E-99
 14   14     2.47535754316895E-15   6.93100112087305E-14
 15   14     3.38215635103564E-12   9.80825341800335E-11
 16   14     9.87089673375024E-10   2.96126902012507E-08
 17   14     2.54877836451252E-09   7.90121292998880E-08
 18   14     1.05007094651165E-08   3.36022702883728E-07
 19   14     7.52298721804450E-09   2.48258578195468E-07
 20   14     7.61458333958473E-09   2.58895833545881E-07
 21   14     3.50610393621350E-10   1.22713637767472E-08
 22   14     8.90274563294870E-12   3.20498842786153E-10
 23   14     5.82930250069426E-18   2.15684192525688E-16
 24   14     6.65426262856163E-16   2.52861979885342E-14
 25   14     3.99639868982184E-23   1.55859548903052E-21
 26   14     1.00000000000000E-99   1.00000000000000E-99
 27   14     1.00000000000000E-99   1.00000000000000E-99
 28   14     1.00000000000000E-99   1.00000000000000E-99
 29   14     1.00000000000000E-99   1.00000000000000E-99
 30   14     1.00000000000000E-99   1.00000000000000E-99
 31   14     1.00000000000000E-99   1.00000000000000E-99
 32   14     1.00000000000000E-99   1.00000000000000E-99
 33   14     1.00000000000000E-99   1.00000000000000E-99
 34   14     1.00000000000000E-99   1.00000000000000E-99
 35   14     1.00000000000000E-99   1.00000000000000E-99
 36   14     1.00000000000000E-99   1.00000000000000E-99
 37   14     1.00000000000000E-99   1.00000000000000E-99
 38   14     1.00000000000000E-99   1.00000000000000E-99
 39   14     1.00000000000000E-99   1.00000000000000E-99
 40   14     1.00000000000000E-99   1.00000000000000E-99
  8   15     1.00000000000000E-99   1.00000000000000E-99
  9   15     1.00000000000000E-99   1.00000000000000E-99
 10   15     1.00000000000000E-99   1.00000000000000E-99
 11   15     1.00000000000000E-99   1.00000000000000E-99
 12   15     1.00000000000000E-99   1.00000000000000E-99
 13   15     1.00000000000000E-99   1.00000000000000E-99
 14   15     1.00000000000000E-99   1.00000000000000E-99
 15   15     1.00000000000000E-99   1.00000000000000E-99
 16   15     5.70732888691966E-13   1.76927195494509E-11
 17   15     1.60210167985808E-15   5.12672537554586E-14
 18   15     4.32686628437165E-09   1.42786587384265E-07
 19   15     1.15168813933562E-08   3.91573967374109E-07
 20   15     1.42162986759942E-08   4.97570453659796E-07
 21   15     2.92227859710026E-09   1.05202029495609E-07
 22   15     3.64538594342961E-09   1.34879279906896E-07
 23   15     1.14290801551622E-10   4.34305045896163E-09
 24   15     2.53677854213445E-13   9.89343631432436E-12
 25   15     4.46348855911038E-18   1.78539542364415E-16
 26   15     7.08540308737630E-21   2.90501526582428E-19
 27   15     1.00000000000000E-99   1.00000000000000E-99
 28   15     1.00000000000000E-99   1.00000000000000E-99
 29   15     1.00000000000000E-99   1.00000000000000E-99
 30   15     1.00000000000000E-99   1.00000000000000E-99
 31   15     1.00000000000000E-99   1.00000000000000E-99
 32   15     1.00000000000000E-99   1.00000000000000E-99
 33   15     1.00000000000000E-99   1.00000000000000E-99
 34   15     1.00000000000000E-99   1.00000000000000E-99
 35   15     1.00000000000000E-99   1.00000000000000E-99
 36   15     1.00000000000000E-99   1.00000000000000E-99
 37   15     1.00000000000000E-99   1.00000000000000E-99
 38   15     1.00000000000000E-99   1.00000000000000E-99
 39   15     1.00000000000000E-99   1.00000000000000E-99
 40   15     1.00000000000000E-99   1.00000000000000E-99
 41   15     1.00000000000000E-99   1.00000000000000E-99
 42   15     1.00000000000000E-99   1.00000000000000E-99
  8   16     1.00000000000000E-99   1.00000000000000E-99
  9   16     1.00000000000000E-99   1.00000000000000E-99
 10   16     1.00000000000000E-99   1.00000000000000E-99
 11   16     1.00000000000000E-99   1.00000000000000E-99
 12   16     1.00000000000000E-99   1.00000000000000E-99
 13   16     1.00000000000000E-99   1.00000000000000E-99
 14   16     1.00000000000000E-99   1.00000000000000E-99
 15   16     1.00000000000000E-99   1.00000000000000E-99
 16   16     2.73901933714550E-21   8.76486187886560E-20
 17   16     2.69625698800543E-15   8.89764806041790E-14
 18   16     1.59625693255658E-09   5.42727357069237E-08
 19   16     6.69822388469817E-10   2.34437835964436E-08
 20   16     1.60106328559988E-09   5.76382782815956E-08
 21   16     9.16057553804368E-09   3.38941294907616E-07
 22   16     7.88376675975115E-09   2.99583136870544E-07
 23   16     2.57158248965300E-09   1.00291717096467E-07
 24   16     3.80614163599095E-09   1.52245665439638E-07
 25   16     2.12422781364916E-09   8.70933403596156E-08
 26   16     6.29439737936878E-09   2.64364689933489E-07
 27   16     8.16387692253663E-13   3.51046707669075E-11
 28   16     1.09159212685882E-18   4.80300535817882E-17
 29   16     1.10650106845099E-25   4.97925480802944E-24
 30   16     1.00000000000000E-99   1.00000000000000E-99
 31   16     1.00000000000000E-99   1.00000000000000E-99
 32   16     1.00000000000000E-99   1.00000000000000E-99
 33   16     1.00000000000000E-99   1.00000000000000E-99
 34   16     1.00000000000000E-99   1.00000000000000E-99
 35   16     1.00000000000000E-99   1.00000000000000E-99
 36   16     1.00000000000000E-99   1.00000000000000E-99
 37   16     1.00000000000000E-99   1.00000000000000E-99
 38   16     1.00000000000000E-99   1.00000000000000E-99
 39   16     1.00000000000000E-99   1.00000000000000E-99
 40   16     1.00000000000000E-99   1.00000000000000E-99
 41   16     1.00000000000000E-99   1.00000000000000E-99
 42   16     1.00000000000000E-99   1.00000000000000E-99
 43   16     1.00000000000000E-99   1.00000000000000E-99
 44   16     1.00000000000000E-99   1.00000000000000E-99
  9   17     1.00000000000000E-99   1.00000000000000E-99
 10   17     1.00000000000000E-99   1.00000000000000E-99
 11   17     1.00000000000000E-99   1.00000000000000E-99
 12   17     1.00000000000000E-99   1.00000000000000E-99
 13   17     1.00000000000000E-99   1.00000000000000E-99
 14   17     1.00000000000000E-99   1.00000000000000E-99
 15   17     1.00000000000000E-99   1.00000000000000E-99
 16   17     1.00000000000000E-99   1.00000000000000E-99
 17   17     1.00000000000000E-99   1.00000000000000E-99
 18   17     1.05146714938499E-16   3.68013502284746E-15
 19   17     4.99430551393226E-19   1.79794998501561E-17
 20   17     5.14854422993416E-11   1.90496136507564E-09
 21   17     1.81541501809854E-12   6.89857706877446E-11
 22   17     6.30853475252663E-10   2.46032855348539E-08
 23   17     1.29627982015353E-09   5.18511928061411E-08
 24   17     6.13193463024086E-09   2.51409319839875E-07
 25   17     6.82510287989789E-08   2.86654320955711E-06
 26   17     1.15446345365520E-08   4.96419285071736E-07
 27   17     6.73351382196389E-11   2.96274608166411E-09
 28   17     7.07032158420725E-11   3.18164471289326E-09
 29   17     6.41057324583592E-14   2.94886369308452E-12
 30   17     1.47765437317418E-18   6.94497555391865E-17
 31   17     1.00000000000000E-99   1.00000000000000E-99
 32   17     1.00000000000000E-99   1.00000000000000E-99
 33   17     1.00000000000000E-99   1.00000000000000E-99
 34   17     1.00000000000000E-99   1.00000000000000E-99
 35   17     1.00000000000000E-99   1.00000000000000E-99
 36   17     1.00000000000000E-99   1.00000000000000E-99
 37   17     1.00000000000000E-99   1.00000000000000E-99
 38   17     1.00000000000000E-99   1.00000000000000E-99
 39   17     1.00000000000000E-99   1.00000000000000E-99
 40   17     1.00000000000000E-99   1.00000000000000E-99
 41   17     1.00000000000000E-99   1.00000000000000E-99
 42   17     1.00000000000000E-99   1.00000000000000E-99
 43   17     1.00000000000000E-99   1.00000000000000E-99
 44   17     1.00000000000000E-99   1.00000000000000E-99
 45   17     1.00000000000000E-99   1.00000000000000E-99
 46   17     1.00000000000000E-99   1.00000000000000E-99
  9   18     1.00000000000000E-99   1.00000000000000E-99
 10   18     1.00000000000000E-99   1.00000000000000E-99
 11   18     1.00000000000000E-99   1.00000000000000E-99
 12   18     1.00000000000000E-99   1.00000000000000E-99
 13   18     1.00000000000000E-99   1.00000000000000E-99
 14   18     1.00000000000000E-99   1.00000000000000E-99
 15   18     1.00000000000000E-99   1.00000000000000E-99
 16   18     1.00000000000000E-99   1.00000000000000E-99
 17   18     1.00000000000000E-99   1.00000000000000E-99
 18   18     1.00000000000000E-99   1.00000000000000E-99
 19   18     1.00000000000000E-99   1.00000000000000E-99
 20   18     9.92185529826960E-16   3.77030501334245E-14
 21   18     2.48551758316906E-13   9.69351857435932E-12
 22   18     2.25848766346644E-11   9.03395065386576E-10
 23   18     2.75305648259934E-10   1.12875315786573E-08
 24   18     2.29716940883517E-08   9.64811151710772E-07
 25   18     1.50101155277998E-08   6.45434967695391E-07
 26   18     2.36858330751168E-08   1.04217665530514E-06
 27   18     4.51368289879218E-08   2.03115730445648E-06
 28   18     2.67097798355956E-08   1.22864987243740E-06
 29   18     8.41358410085882E-10   3.95438452740364E-08
 30   18     3.58761418344464E-11   1.72205480805342E-09
 31   18     6.42165916299697E-17   3.14661298986851E-15
 32   18     4.54544811819001E-22   2.27272405909500E-20
 33   18     1.00000000000000E-99   1.00000000000000E-99
 34   18     1.00000000000000E-99   1.00000000000000E-99
 35   18     1.00000000000000E-99   1.00000000000000E-99
 36   18     1.00000000000000E-99   1.00000000000000E-99
 37   18     1.00000000000000E-99   1.00000000000000E-99
 38   18     1.00000000000000E-99   1.00000000000000E-99
 39   18     1.00000000000000E-99   1.00000000000000E-99
 40   18     1.00000000000000E-99   1.00000000000000E-99
 41   18     1.00000000000000E-99   1.00000000000000E-99
 42   18     1.00000000000000E-99   1.00000000000000E-99
 43   18     1.00000000000000E-99   1.00000000000000E-99
 44   18     1.00000000000000E-99   1.00000000000000E-99
 45   18     1.00000000000000E-99   1.00000000000000E-99
 46   18     1.00000000000000E-99   1.00000000000000E-99
 47   18     1.00000000000000E-99   1.00000000000000E-99
 48   18     1.00000000000000E-99   1.00000000000000E-99
 49   18     1.00000000000000E-99   1.00000000000000E-99
 10   19     1.00000000000000E-99   1.00000000000000E-99
 11   19     1.00000000000000E-99   1.00000000000000E-99
 12   19     1.00000000000000E-99   1.00000000000000E-99
 13   19     1.00000000000000E-99   1.00000000000000E-99
 14   19     1.00000000000000E-99   1.00000000000000E-99
 15   19     1.00000000000000E-99   1.00000000000000E-99
 16   19     1.00000000000000E-99   1.00000000000000E-99
 17   19     1.00000000000000E-99   1.00000000000000E-99
 18   19     1.00000000000000E-99   1.00000000000000E-99
 19   19     1.00000000000000E-99   1.00000000000000E-99
 20   19     2.14082534854731E-23   8.34921885933451E-22
 21   19     1.00000000000000E-99   1.00000000000000E-99
 22   19     4.28585491508690E-14   1.75720051518563E-12
 23   19     3.78322691411071E-16   1.58895530392650E-14
 24   19     6.98018519527932E-11   3.00147963397011E-09
 25   19     7.47960128783028E-11   3.29102456664532E-09
 26   19     5.38037105417945E-09   2.42116697438075E-07
 27   19     9.93796007630433E-09   4.57146163509999E-07
 28   19     1.09341486754853E-08   5.13904987747810E-07
 29   19     6.10472616888559E-09   2.93026856106508E-07
 30   19     6.38077327910649E-10   3.12657890676218E-08
 31   19     5.99043386884869E-12   2.99521693442434E-10
 32   19     3.18056725080515E-12   1.62208929791062E-10
 33   19     9.47204368745076E-18   4.92546271747439E-16
 34   19     3.21201562152643E-23   1.70236827940901E-21
 35   19     1.00000000000000E-99   1.00000000000000E-99
 36   19     1.00000000000000E-99   1.00000000000000E-99
 37   19     1.00000000000000E-99   1.00000000000000E-99
 38   19     1.00000000000000E-99   1.00000000000000E-99
 39   19     1.00000000000000E-99   1.00000000000000E-99
 40   19     1.00000000000000E-99   1.00000000000000E-99
 41   19     1.00000000000000E-99   1.00000000000000E-99
 42   19     1.00000000000000E-99   1.00000000000000E-99
 43   19     1.00000000000000E-99   1.00000000000000E-99
 44   19     1.00000000000000E-99   1.00000000000000E-99
 45   19     1.00000000000000E-99   1.00000000000000E-99
 46   19     1.00000000000000E-99   1.00000000000000E-99
 47   19     1.00000000000000E-99   1.00000000000000E-99
 48   19     1.00000000000000E-99   1.00000000000000E-99
 49   19     1.00000000000000E-99   1.00000000000000E-99
 50   19     1.00000000000000E-99   1.00000000000000E-99
 51   19     1.00000000000000E-99   1.00000000000000E-99
 10   20     1.00000000000000E-99   1.00000000000000E-99
 11   20     1.00000000000000E-99   1.00000000000000E-99
 12   20     1.00000000000000E-99   1.00000000000000E-99
 13   20     1.00000000000000E-99   1.00000000000000E-99
 14   20     1.00000000000000E-99   1.00000000000000E-99
 15   20     1.00000000000000E-99   1.00000000000000E-99
 16   20     1.00000000000000E-99   1.00000000000000E-99
 17   20     1.00000000000000E-99   1.00000000000000E-99
 18   20     1.00000000000000E-99   1.00000000000000E-99
 19   20     1.00000000000000E-99   1.00000000000000E-99
 20   20     1.00000000000000E-99   1.00000000000000E-99
 21   20     1.00000000000000E-99   1.00000000000000E-99
 22   20     1.03275615826999E-20   4.33757586473394E-19
 23   20     8.08685474715520E-16   3.47734754127674E-14
 24   20     6.64894259865838E-14   2.92553474340969E-12
 25   20     6.35174360966738E-12   2.85828462435032E-10
 26   20     1.35879415825877E-10   6.25045312799036E-09
 27   20     1.40274852271525E-09   6.59291805676170E-08
 28   20     6.83372508064067E-09   3.28018803870752E-07
 29   20     1.42683990091824E-09   6.99151551449937E-08
 30   20     4.47406706225031E-09   2.23703353112515E-07
 31   20     5.24457100850980E-09   2.67473121434000E-07
 32   20     6.33583830614061E-09   3.29463591919312E-07
 33   20     5.69958294191302E-15   3.02077895921390E-13
 34   20     2.13008947582960E-20   1.15024831694798E-18
 35   20     1.00000000000000E-99   1.00000000000000E-99
 36   20     1.00000000000000E-99   1.00000000000000E-99
 37   20     1.00000000000000E-99   1.00000000000000E-99
 38   20     1.00000000000000E-99   1.00000000000000E-99
 39   20     1.00000000000000E-99   1.00000000000000E-99
 40   20     1.00000000000000E-99   1.00000000000000E-99
 41   20     1.00000000000000E-99   1.00000000000000E-99
 42   20     1.00000000000000E-99   1.00000000000000E-99
 43   20     1.00000000000000E-99   1.00000000000000E-99
 44   20     1.00000000000000E-99   1.00000000000000E-99
 45   20     1.00000000000000E-99   1.00000000000000E-99
 46   20     1.00000000000000E-99   1.00000000000000E-99
 47   20     1.00000000000000E-99   1.00000000000000E-99
 48   20     1.00000000000000E-99   1.00000000000000E-99
 49   20     1.00000000000000E-99   1.00000000000000E-99
 50   20     1.00000000000000E-99   1.00000000000000E-99
 51   20     1.00000000000000E-99   1.00000000000000E-99
 52   20     1.00000000000000E-99   1.00000000000000E-99
 53   20     1.00000000000000E-99   1.00000000000000E-99
 11   21     1.00000000000000E-99   1.00000000000000E-99
 12   21     1.00000000000000E-99   1.00000000000000E-99
 13   21     1.00000000000000E-99   1.00000000000000E-99
 14   21     1.00000000000000E-99   1.00000000000000E-99
 15   21     1.00000000000000E-99   1.00000000000000E-99
 16   21     1.00000000000000E-99   1.00000000000000E-99
 17   21     1.00000000000000E-99   1.00000000000000E-99
 18   21     1.00000000000000E-99   1.00000000000000E-99
 19   21     1.00000000000000E-99   1.00000000000000E-99
 20   21     1.00000000000000E-99   1.00000000000000E-99
 21   21     1.00000000000000E-99   1.00000000000000E-99
 22   21     1.00000000000000E-99   1.00000000000000E-99
 23   21     1.00000000000000E-99   1.00000000000000E-99
 24   21     3.80685951609803E-19   1.71308678224411E-17
 25   21     6.47090075572643E-21   2.97661434763416E-19
 26   21     4.16409643756979E-15   1.95712532565780E-13
 27   21     7.91716519888723E-17   3.80023929546587E-15
 28   21     5.78448020264390E-12   2.83439529929551E-10
 29   21     8.47864400754242E-10   4.23932200377121E-08
 30   21     1.49520636340015E-09   7.62555245334078E-08
 31   21     4.69744805555112E-09   2.44267298888658E-07
 32   21     1.21326601743327E-09   6.43030989239630E-08
 33   21     1.50276134542466E-11   8.11491126529317E-10
 34   21     5.24382177405590E-17   2.88410197573074E-15
 35   21     5.35921118929356E-23   3.00115826600439E-21
 36   21     1.00000000000000E-99   1.00000000000000E-99
 37   21     1.00000000000000E-99   1.00000000000000E-99
 38   21     1.00000000000000E-99   1.00000000000000E-99
 39   21     1.00000000000000E-99   1.00000000000000E-99
 40   21     1.00000000000000E-99   1.00000000000000E-99
 41   21     1.00000000000000E-99   1.00000000000000E-99
 42   21     1.00000000000000E-99   1.00000000000000E-99
 43   21     1.00000000000000E-99   1.00000000000000E-99
 44   21     1.00000000000000E-99   1.00000000000000E-99
 45   21     1.00000000000000E-99   1.00000000000000E-99
 46   21     1.00000000000000E-99   1.00000000000000E-99
 47   21     1.00000000000000E-99   1.00000000000000E-99
 48   21     1.00000000000000E-99   1.00000000000000E-99
 49   21     1.00000000000000E-99   1.00000000000000E-99
 50   21     1.00000000000000E-99   1.00000000000000E-99
 51   21     1.00000000000000E-99   1.00000000000000E-99
 52   21     1.00000000000000E-99   1.00000000000000E-99
 53   21     1.00000000000000E-99   1.00000000000000E-99
 54   21     1.00000000000000E-99   1.00000000000000E-99
 55   21     1.00000000000000E-99   1.00000000000000E-99
 12   22     1.00000000000000E-99   1.00000000000000E-99
 13   22     1.00000000000000E-99   1.00000000000000E-99
 14   22     1.00000000000000E-99   1.00000000000000E-99
 15   22     1.00000000000000E-99   1.00000000000000E-99
 16   22     1.00000000000000E-99   1.00000000000000E-99
 17   22     1.00000000000000E-99   1.00000000000000E-99
 18   22     1.00000000000000E-99   1.00000000000000E-99
 19   22     1.00000000000000E-99   1.00000000000000E-99
 20   22     1.00000000000000E-99   1.00000000000000E-99
 21   22     1.00000000000000E-99   1.00000000000000E-99
 22   22     1.00000000000000E-99   1.00000000000000E-99
 23   22     1.00000000000000E-99   1.00000000000000E-99
 24   22     1.00000000000000E-99   1.00000000000000E-99
 25   22     1.14688967854036E-20   5.39038148913967E-19
 26   22     8.60649205528168E-22   4.13111618653521E-20
 27   22     1.94477787274456E-15   9.52941157644836E-14
 28   22     1.08373245784301E-11   5.41866228921507E-10
 29   22     1.74130702008976E-10   8.88066580245776E-09
 30   22     1.01551590251518E-09   5.28068269307895E-08
 31   22     2.49120159010547E-09   1.32033684275590E-07
 32   22     7.26526169638369E-10   3.92324131604719E-08
 33   22     1.92734647974632E-10   1.06004056386048E-08
 34   22     1.03917396189927E-14   5.81937418663594E-13
 35   22     2.03314120403946E-20   1.15889048630249E-18
 36   22     2.46741815117702E-25   1.43110252768267E-23
 37   22     1.00000000000000E-99   1.00000000000000E-99
 38   22     1.00000000000000E-99   1.00000000000000E-99
 39   22     1.00000000000000E-99   1.00000000000000E-99
 40   22     1.00000000000000E-99   1.00000000000000E-99
 41   22     1.00000000000000E-99   1.00000000000000E-99
 42   22     1.00000000000000E-99   1.00000000000000E-99
 43   22     1.00000000000000E-99   1.00000000000000E-99
 44   22     1.00000000000000E-99   1.00000000000000E-99
 45   22     1.00000000000000E-99   1.00000000000000E-99
 46   22     1.00000000000000E-99   1.00000000000000E-99
 47   22     1.00000000000000E-99   1.00000000000000E-99
 48   22     1.00000000000000E-99   1.00000000000000E-99
 49   22     1.00000000000000E-99   1.00000000000000E-99
 50   22     1.00000000000000E-99   1.00000000000000E-99
 51   22     1.00000000000000E-99   1.00000000000000E-99
 52   22     1.00000000000000E-99   1.00000000000000E-99
 53   22     1.00000000000000E-99   1.00000000000000E-99
 54   22     1.00000000000000E-99   1.00000000000000E-99
 55   22     1.00000000000000E-99   1.00000000000000E-99
 56   22     1.00000000000000E-99   1.00000000000000E-99
 57   22     1.00000000000000E-99   1.00000000000000E-99
 58   22     1.00000000000000E-99   1.00000000000000E-99
 13   23     1.00000000000000E-99   1.00000000000000E-99
 14   23     1.00000000000000E-99   1.00000000000000E-99
 15   23     1.00000000000000E-99   1.00000000000000E-99
 16   23     1.00000000000000E-99   1.00000000000000E-99
 17   23     1.00000000000000E-99   1.00000000000000E-99
 18   23     1.00000000000000E-99   1.00000000000000E-99
 19   23     1.00000000000000E-99   1.00000000000000E-99
 20   23     1.00000000000000E-99   1.00000000000000E-99
 21   23     1.00000000000000E-99   1.00000000000000E-99
 22   23     1.00000000000000E-99   1.00000000000000E-99
 23   23     1.00000000000000E-99   1.00000000000000E-99
 24   23     1.00000000000000E-99   1.00000000000000E-99
 25   23     1.00000000000000E-99   1.00000000000000E-99
 26   23     1.00000000000000E-99   1.00000000000000E-99
 27   23     1.00000000000000E-99   1.00000000000000E-99
 28   23     4.65098348250453E-13   2.37200157607731E-11
 29   23     1.06890315488035E-11   5.55829640537781E-10
 30   23     1.25728643428049E-10   6.66361810168661E-09
 31   23     2.25695310365237E-09   1.21875467597228E-07
 32   23     1.17714531233002E-09   6.47429921781513E-08
 33   23     2.82559373156261E-13   1.58233248967506E-11
 34   23     1.05845775124758E-12   6.03320918211121E-11
 35   23     1.93654998144487E-15   1.12319898923802E-13
 36   23     5.03268890384346E-19   2.96928645326764E-17
 37   23     1.00840645047752E-23   6.05043870286514E-22
 38   23     1.00000000000000E-99   1.00000000000000E-99
 39   23     1.00000000000000E-99   1.00000000000000E-99
 40   23     1.00000000000000E-99   1.00000000000000E-99
 41   23     1.00000000000000E-99   1.00000000000000E-99
 42   23     1.00000000000000E-99   1.00000000000000E-99
 43   23     1.00000000000000E-99   1.00000000000000E-99
 44   23     1.00000000000000E-99   1.00000000000000E-99
 45   23     1.00000000000000E-99   1.00000000000000E-99
 46   23     1.00000000000000E-99   1.00000000000000E-99
 47   23     1.00000000000000E-99   1.00000000000000E-99
 48   23     1.00000000000000E-99   1.00000000000000E-99
 49   23     1.00000000000000E-99   1.00000000000000E-99
 50   23     1.00000000000000E-99   1.00000000000000E-99
 51   23     1.00000000000000E-99   1.00000000000000E-99
 52   23     1.00000000000000E-99   1.00000000000000E-99
 53   23     1.00000000000000E-99   1.00000000000000E-99
 54   23     1.00000000000000E-99   1.00000000000000E-99
 55   23     1.00000000000000E-99   1.00000000000000E-99
 56   23     1.00000000000000E-99   1.00000000000000E-99
 57   23     1.00000000000000E-99   1.00000000000000E-99
 58   23     1.00000000000000E-99   1.00000000000000E-99
 59   23     1.00000000000000E-99   1.00000000000000E-99
 60   23     1.00000000000000E-99   1.00000000000000E-99
 14   24     1.00000000000000E-99   1.00000000000000E-99
 15   24     1.00000000000000E-99   1.00000000000000E-99
 16   24     1.00000000000000E-99   1.00000000000000E-99
 17   24     1.00000000000000E-99   1.00000000000000E-99
 18   24     1.00000000000000E-99   1.00000000000000E-99
 19   24     1.00000000000000E-99   1.00000000000000E-99
 20   24     1.00000000000000E-99   1.00000000000000E-99
 21   24     1.00000000000000E-99   1.00000000000000E-99
 22   24     1.00000000000000E-99   1.00000000000000E-99
 23   24     1.00000000000000E-99   1.00000000000000E-99
 24   24     1.00000000000000E-99   1.00000000000000E-99
 25   24     1.00000000000000E-99   1.00000000000000E-99
 26   24     1.00000000000000E-99   1.00000000000000E-99
 27   24     1.00000000000000E-99   1.00000000000000E-99
 28   24     3.70974878104077E-14   1.92906936614120E-12
 29   24     1.34471848675556E-12   7.12700797980445E-11
 30   24     6.71211065205510E-11   3.62453975210976E-09
 31   24     3.72345671394345E-10   2.04790119266890E-08
 32   24     2.41789823853021E-09   1.35402301357692E-07
 33   24     3.88830752529205E-09   2.21633528941647E-07
 34   24     2.64619561834373E-09   1.53479345863936E-07
 35   24     2.86192273929392E-10   1.68853441618341E-08
 36   24     1.61914095540573E-11   9.71484573243436E-10
 37   24     3.23243111490478E-14   1.97178298009191E-12
 38   24     1.45479297952675E-14   9.01971647306582E-13
 39   24     3.30003190211830E-18   2.07902009833453E-16
 40   24     6.98458529219583E-23   4.47013458700533E-21
 41   24     1.00000000000000E-99   1.00000000000000E-99
 42   24     1.00000000000000E-99   1.00000000000000E-99
 43   24     1.00000000000000E-99   1.00000000000000E-99
 44   24     1.00000000000000E-99   1.00000000000000E-99
 45   24     1.00000000000000E-99   1.00000000000000E-99
 46   24     1.00000000000000E-99   1.00000000000000E-99
 47   24     1.00000000000000E-99   1.00000000000000E-99
 48   24     1.00000000000000E-99   1.00000000000000E-99
 49   24     1.00000000000000E-99   1.00000000000000E-99
 50   24     1.00000000000000E-99   1.00000000000000E-99
 51   24     1.00000000000000E-99   1.00000000000000E-99
 52   24     1.00000000000000E-99   1.00000000000000E-99
 53   24     1.00000000000000E-99   1.00000000000000E-99
 54   24     1.00000000000000E-99   1.00000000000000E-99
 55   24     1.00000000000000E-99   1.00000000000000E-99
 56   24     1.00000000000000E-99   1.00000000000000E-99
 57   24     1.00000000000000E-99   1.00000000000000E-99
 58   24     1.00000000000000E-99   1.00000000000000E-99
 59   24     1.00000000000000E-99   1.00000000000000E-99
 60   24     1.00000000000000E-99   1.00000000000000E-99
 61   24     1.00000000000000E-99   1.00000000000000E-99
 62   24     1.00000000000000E-99   1.00000000000000E-99
 15   25     1.00000000000000E-99   1.00000000000000E-99
 16   25     1.00000000000000E-99   1.00000000000000E-99
 17   25     1.00000000000000E-99   1.00000000000000E-99
 18   25     1.00000000000000E-99   1.00000000000000E-99
 19   25     1.00000000000000E-99   1.00000000000000E-99
 20   25     1.00000000000000E-99   1.00000000000000E-99
 21   25     1.00000000000000E-99   1.00000000000000E-99
 22   25     1.00000000000000E-99   1.00000000000000E-99
 23   25     1.00000000000000E-99   1.00000000000000E-99
 24   25     1.00000000000000E-99   1.00000000000000E-99
 25   25     1.00000000000000E-99   1.00000000000000E-99
 26   25     1.00000000000000E-99   1.00000000000000E-99
 27   25     1.00000000000000E-99   1.00000000000000E-99
 28   25     1.00000000000000E-99   1.00000000000000E-99
 29   25     1.00000000000000E-99   1.00000000000000E-99
 30   25     1.94443699230661E-12   1.06944034576863E-10
 31   25     1.48794884193736E-11   8.33251351484924E-10
 32   25     4.50958620349368E-10   2.57046413599140E-08
 33   25     7.24407898694147E-10   4.20156581242605E-08
 34   25     2.23992901386226E-09   1.32155811817873E-07
 35   25     2.19556191278224E-11   1.31733714766935E-09
 36   25     7.52010297697468E-11   4.58726281595455E-09
 37   25     1.07137310659244E-13   6.64251326087316E-12
 38   25     4.81456154289394E-13   3.03317377202318E-11
 39   25     6.93491011694716E-17   4.43834247484618E-15
 40   25     4.09570327046018E-20   2.66220712579912E-18
 41   25     1.69711771058900E-24   1.12009768898874E-22
 42   25     1.00000000000000E-99   1.00000000000000E-99
 43   25     1.00000000000000E-99   1.00000000000000E-99
 44   25     1.00000000000000E-99   1.00000000000000E-99
 45   25     1.00000000000000E-99   1.00000000000000E-99
 46   25     1.00000000000000E-99   1.00000000000000E-99
 47   25     1.00000000000000E-99   1.00000000000000E-99
 48   25     1.00000000000000E-99   1.00000000000000E-99
 49   25     1.00000000000000E-99   1.00000000000000E-99
 50   25     1.00000000000000E-99   1.00000000000000E-99
 51   25     1.00000000000000E-99   1.00000000000000E-99
 52   25     1.00000000000000E-99   1.00000000000000E-99
 53   25     1.00000000000000E-99   1.00000000000000E-99
 54   25     1.00000000000000E-99   1.00000000000000E-99
 55   25     1.00000000000000E-99   1.00000000000000E-99
 56   25     1.00000000000000E-99   1.00000000000000E-99
 57   25     1.00000000000000E-99   1.00000000000000E-99
 58   25     1.00000000000000E-99   1.00000000000000E-99
 59   25     1.00000000000000E-99   1.00000000000000E-99
 60   25     1.00000000000000E-99   1.00000000000000E-99
 61   25     1.00000000000000E-99   1.00000000000000E-99
 62   25     1.00000000000000E-99   1.00000000000000E-99
 63   25     1.00000000000000E-99   1.00000000000000E-99
 64   25     1.00000000000000E-99   1.00000000000000E-99
 16   26     1.00000000000000E-99   1.00000000000000E-99
 17   26     1.00000000000000E-99   1.00000000000000E-99
 18   26     1.00000000000000E-99   1.00000000000000E-99
 19   26     1.00000000000000E-99   1.00000000000000E-99
 20   26     1.00000000000000E-99   1.00000000000000E-99
 21   26     1.00000000000000E-99   1.00000000000000E-99
 22   26     1.00000000000000E-99   1.00000000000000E-99
 23   26     1.00000000000000E-99   1.00000000000000E-99
 24   26     1.00000000000000E-99   1.00000000000000E-99
 25   26     1.00000000000000E-99   1.00000000000000E-99
 26   26     1.00000000000000E-99   1.00000000000000E-99
 27   26     1.00000000000000E-99   1.00000000000000E-99
 28   26     1.00000000000000E-99   1.00000000000000E-99
 29   26     1.00000000000000E-99   1.00000000000000E-99
 30   26     1.85193434014977E-15   1.03708323048387E-13
 31   26     6.43240509932333E-12   3.66647090661430E-10
 32   26     3.65000207082111E-10   2.11700120107624E-08
 33   26     1.05646150548590E-09   6.23312288236680E-08
 34   26     3.11227936869062E-09   1.86736762121437E-07
 35   26     2.80583547052153E-09   1.71155963701814E-07
 36   26     6.64623340177775E-09   4.12066470910220E-07
 37   26     4.76416540467002E-09   3.00142420494211E-07
 38   26     1.33526095783145E-09   8.54567013012130E-08
 39   26     2.74379381530327E-10   1.78346597994713E-08
 40   26     1.80369831690102E-11   1.19044088915467E-09
 41   26     8.15519227826363E-12   5.46397882643663E-10
 42   26     4.28366952028164E-15   2.91289527379151E-13
 43   26     1.02370408489473E-19   7.06355818577366E-18
 44   26     4.13285150122906E-24   2.89299605086034E-22
 45   26     1.00000000000000E-99   1.00000000000000E-99
 46   26     9.20375819346080E-21   6.62670589929178E-19
 47   26     1.00000000000000E-99   1.00000000000000E-99
 48   26     1.00000000000000E-99   1.00000000000000E-99
 49   26     1.00000000000000E-99   1.00000000000000E-99
 50   26     1.00000000000000E-99   1.00000000000000E-99
 51   26     1.00000000000000E-99   1.00000000000000E-99
 52   26     1.00000000000000E-99   1.00000000000000E-99
 53   26     1.00000000000000E-99   1.00000000000000E-99
 54   26     1.00000000000000E-99   1.00000000000000E-99
 55   26     1.00000000000000E-99   1.00000000000000E-99
 56   26     1.00000000000000E-99   1.00000000000000E-99
 57   26     1.00000000000000E-99   1.00000000000000E-99
 58   26     1.00000000000000E-99   1.00000000000000E-99
 59   26     1.00000000000000E-99   1.00000000000000E-99
 60   26     1.00000000000000E-99   1.00000000000000E-99
 61   26     1.00000000000000E-99   1.00000000000000E-99
 62   26     1.00000000000000E-99   1.00000000000000E-99
 63   26     1.00000000000000E-99   1.00000000000000E-99
 64   26     1.00000000000000E-99   1.00000000000000E-99
 65   26     1.00000000000000E-99   1.00000000000000E-99
 66   26     1.00000000000000E-99   1.00000000000000E-99
 17   27     1.00000000000000E-99   1.00000000000000E-99
 18   27     1.00000000000000E-99   1.00000000000000E-99
 19   27     1.00000000000000E-99   1.00000000000000E-99
 20   27     1.00000000000000E-99   1.00000000000000E-99
 21   27     1.00000000000000E-99   1.00000000000000E-99
 22   27     1.00000000000000E-99   1.00000000000000E-99
 23   27     1.00000000000000E-99   1.00000000000000E-99
 24   27     1.00000000000000E-99   1.00000000000000E-99
 25   27     1.00000000000000E-99   1.00000000000000E-99
 26   27     1.00000000000000E-99   1.00000000000000E-99
 27   27     1.00000000000000E-99   1.00000000000000E-99
 28   27     1.00000000000000E-99   1.00000000000000E-99
 29   27     1.00000000000000E-99   1.00000000000000E-99
 30   27     1.00000000000000E-99   1.00000000000000E-99
 31   27     1.00000000000000E-99   1.00000000000000E-99
 32   27     3.01635827072796E-16   1.77965137972950E-14
 33   27     4.22371657927285E-18   2.53422994756371E-16
 34   27     1.47376615321985E-11   8.98997353464107E-10
 35   27     2.12267538873655E-10   1.31605874101666E-08
 36   27     2.18268855748893E-09   1.37509379121802E-07
 37   27     2.35967286109072E-10   1.51019063109806E-08
 38   27     1.53397476643546E-09   9.97083598183051E-08
 39   27     1.56063890305660E-11   1.03002167601736E-09
 40   27     6.91228202951619E-11   4.63122895977585E-09
 41   27     1.22038263267493E-13   8.29860190218955E-12
 42   27     1.04617351377394E-13   7.21859724504019E-12
 43   27     9.92513055098671E-18   6.94759138569069E-16
 44   27     8.88303744258677E-21   6.30695658423661E-19
 45   27     1.11428866277620E-20   8.02287837198866E-19
 46   27     6.27469668934045E-25   4.58052858321853E-23
 47   27     1.00000000000000E-99   1.00000000000000E-99
 48   27     1.00000000000000E-99   1.00000000000000E-99
 49   27     1.00000000000000E-99   1.00000000000000E-99
 50   27     1.00000000000000E-99   1.00000000000000E-99
 51   27     1.00000000000000E-99   1.00000000000000E-99
 52   27     1.00000000000000E-99   1.00000000000000E-99
 53   27     1.00000000000000E-99   1.00000000000000E-99
 54   27     1.00000000000000E-99   1.00000000000000E-99
 55   27     1.00000000000000E-99   1.00000000000000E-99
 56   27     1.00000000000000E-99   1.00000000000000E-99
 57   27     1.00000000000000E-99   1.00000000000000E-99
 58   27     1.00000000000000E-99   1.00000000000000E-99
 59   27     1.00000000000000E-99   1.00000000000000E-99
 60   27     1.00000000000000E-99   1.00000000000000E-99
 61   27     1.00000000000000E-99   1.00000000000000E-99
 62   27     1.00000000000000E-99   1.00000000000000E-99
 63   27     1.00000000000000E-99   1.00000000000000E-99
 64   27     1.00000000000000E-99   1.00000000000000E-99
 65   27     1.00000000000000E-99   1.00000000000000E-99
 66   27     1.00000000000000E-99   1.00000000000000E-99
 67   27     1.00000000000000E-99   1.00000000000000E-99
 68   27     1.00000000000000E-99   1.00000000000000E-99
 69   27     1.00000000000000E-99   1.00000000000000E-99
 18   28     1.00000000000000E-99   1.00000000000000E-99
 19   28     1.00000000000000E-99   1.00000000000000E-99
 20   28     1.00000000000000E-99   1.00000000000000E-99
 21   28     1.00000000000000E-99   1.00000000000000E-99
 22   28     1.00000000000000E-99   1.00000000000000E-99
 23   28     1.00000000000000E-99   1.00000000000000E-99
 24   28     1.00000000000000E-99   1.00000000000000E-99
 25   28     1.00000000000000E-99   1.00000000000000E-99
 26   28     1.00000000000000E-99   1.00000000000000E-99
 27   28     1.00000000000000E-99   1.00000000000000E-99
 28   28     1.00000000000000E-99   1.00000000000000E-99
 29   28     1.00000000000000E-99   1.00000000000000E-99
 30   28     1.00000000000000E-99   1.00000000000000E-99
 31   28     1.00000000000000E-99   1.00000000000000E-99
 32   28     1.00000000000000E-99   1.00000000000000E-99
 33   28     2.52285644258922E-15   1.53894242997942E-13
 34   28     2.71652588066625E-12   1.68424604601308E-10
 35   28     1.04386512757318E-10   6.57635030371101E-09
 36   28     2.99010420514668E-09   1.91366669129387E-07
 37   28     5.44988250358030E-09   3.54242362732720E-07
 38   28     6.00295280786223E-09   3.96194885318907E-07
 39   28     7.51586814561129E-09   5.03563165755956E-07
 40   28     5.21968936844082E-09   3.54938877053976E-07
 41   28     6.96279971112905E-09   4.80433180067905E-07
 42   28     2.22244498490869E-09   1.55571148943608E-07
 43   28     1.81486245661271E-09   1.28855234419502E-07
 44   28     1.34189408806416E-09   9.66163743406199E-08
 45   28     2.18656070213220E-10   1.59618931255651E-08
 46   28     1.37818148806605E-10   1.01985430116887E-08
 47   28     6.31378270574334E-12   4.73533702930750E-10
 48   28     1.70723302747335E-13   1.29749710087974E-11
 49   28     6.76311557829799E-18   5.20759899528946E-16
 50   28     7.13226652511439E-19   5.56316788958923E-17
 51   28     1.00000000000000E-99   1.00000000000000E-99
 52   28     1.23604160462023E-24   9.88833283696187E-23
 53   28     1.00000000000000E-99   1.00000000000000E-99
 54   28     1.00000000000000E-99   1.00000000000000E-99
 55   28     1.00000000000000E-99   1.00000000000000E-99
 56   28     1.00000000000000E-99   1.00000000000000E-99
 57   28     1.00000000000000E-99   1.00000000000000E-99
 58   28     1.00000000000000E-99   1.00000000000000E-99
 59   28     1.00000000000000E-99   1.00000000000000E-99
 60   28     1.00000000000000E-99   1.00000000000000E-99
 61   28     1.00000000000000E-99   1.00000000000000E-99
 62   28     1.00000000000000E-99   1.00000000000000E-99
 63   28     1.00000000000000E-99   1.00000000000000E-99
 64   28     1.00000000000000E-99   1.00000000000000E-99
 65   28     1.00000000000000E-99   1.00000000000000E-99
 66   28     1.00000000000000E-99   1.00000000000000E-99
 67   28     1.00000000000000E-99   1.00000000000000E-99
 68   28     1.00000000000000E-99   1.00000000000000E-99
 69   28     1.00000000000000E-99   1.00000000000000E-99
 70   28     1.00000000000000E-99   1.00000000000000E-99
 71   28     1.00000000000000E-99   1.00000000000000E-99
 19   29     1.00000000000000E-99   1.00000000000000E-99
 20   29     1.00000000000000E-99   1.00000000000000E-99
 21   29     1.00000000000000E-99   1.00000000000000E-99
 22   29     1.00000000000000E-99   1.00000000000000E-99
 23   29     1.00000000000000E-99   1.00000000000000E-99
 24   29     1.00000000000000E-99   1.00000000000000E-99
 25   29     1.00000000000000E-99   1.00000000000000E-99
 26   29     1.00000000000000E-99   1.00000000000000E-99
 27   29     1.00000000000000E-99   1.00000000000000E-99
 28   29     1.00000000000000E-99   1.00000000000000E-99
 29   29     1.00000000000000E-99   1.00000000000000E-99
 30   29     1.00000000000000E-99   1.00000000000000E-99
 31   29     1.00000000000000E-99   1.00000000000000E-99
 32   29     1.00000000000000E-99   1.00000000000000E-99
 33   29     1.00000000000000E-99   1.00000000000000E-99
 34   29     2.77493922198365E-20   1.74821170984970E-18
 35   29     2.75928854689145E-22   1.76594467001053E-20
 36   29     8.06084352141663E-13   5.23954828892081E-11
 37   29     6.44942988929853E-14   4.25662372693703E-12
 38   29     7.21680597699315E-10   4.83526000458541E-08
 39   29     4.05269875989274E-10   2.75583515672706E-08
 40   29     1.68309862060688E-09   1.16133804821875E-07
 41   29     1.03843636337737E-09   7.26905454364162E-08
 42   29     3.12290840294333E-09   2.21726496608976E-07
 43   29     3.88607853511113E-09   2.79797654528002E-07
 44   29     4.42141256048863E-09   3.22763116915670E-07
 45   29     1.99343619263092E-09   1.47514278254688E-07
 46   29     3.63620195798068E-09   2.72715146848551E-07
 47   29     2.98018613855094E-10   2.26494146529871E-08
 48   29     1.39639977727809E-10   1.07522782850413E-08
 49   29     1.31160835428603E-11   1.02305451634311E-09
 50   29     4.71078311218443E-14   3.72151865862570E-12
 51   29     1.19318142090494E-16   9.54545136723954E-15
 52   29     3.49918936911417E-21   2.83434338898248E-19
 53   29     1.00000000000000E-99   1.00000000000000E-99
 54   29     1.00000000000000E-99   1.00000000000000E-99
 55   29     1.00000000000000E-99   1.00000000000000E-99
 56   29     1.00000000000000E-99   1.00000000000000E-99
 57   29     1.00000000000000E-99   1.00000000000000E-99
 58   29     1.00000000000000E-99   1.00000000000000E-99
 59   29     1.00000000000000E-99   1.00000000000000E-99
 60   29     1.00000000000000E-99   1.00000000000000E-99
 61   29     1.00000000000000E-99   1.00000000000000E-99
 62   29     1.00000000000000E-99   1.00000000000000E-99
 63   29     1.00000000000000E-99   1.00000000000000E-99
 64   29     1.00000000000000E-99   1.00000000000000E-99
 65   29     1.00000000000000E-99   1.00000000000000E-99
 66   29     1.00000000000000E-99   1.00000000000000E-99
 67   29     1.00000000000000E-99   1.00000000000000E-99
 68   29     1.00000000000000E-99   1.00000000000000E-99
 69   29     1.00000000000000E-99   1.00000000000000E-99
 70   29     1.00000000000000E-99   1.00000000000000E-99
 71   29     1.00000000000000E-99   1.00000000000000E-99
 72   29     1.00000000000000E-99   1.00000000000000E-99
 73   29     1.00000000000000E-99   1.00000000000000E-99
 21   30     1.00000000000000E-99   1.00000000000000E-99
 22   30     1.00000000000000E-99   1.00000000000000E-99
 23   30     1.00000000000000E-99   1.00000000000000E-99
 24   30     1.00000000000000E-99   1.00000000000000E-99
 25   30     1.00000000000000E-99   1.00000000000000E-99
 26   30     1.00000000000000E-99   1.00000000000000E-99
 27   30     1.00000000000000E-99   1.00000000000000E-99
 28   30     1.00000000000000E-99   1.00000000000000E-99
 29   30     1.00000000000000E-99   1.00000000000000E-99
 30   30     1.00000000000000E-99   1.00000000000000E-99
 31   30     1.00000000000000E-99   1.00000000000000E-99
 32   30     1.00000000000000E-99   1.00000000000000E-99
 33   30     1.00000000000000E-99   1.00000000000000E-99
 34   30     1.00000000000000E-99   1.00000000000000E-99
 35   30     1.00000000000000E-99   1.00000000000000E-99
 36   30     2.19855108298411E-16   1.45104371476951E-14
 37   30     3.30168034340320E-15   2.21212583008014E-13
 38   30     1.55463333222590E-11   1.05715066591362E-09
 39   30     1.23771539559911E-11   8.54023622963388E-10
 40   30     3.12048119583708E-11   2.18433683708596E-09
 41   30     2.50950286397175E-10   1.78174703341994E-08
 42   30     1.02397143525781E-09   7.37259433385620E-08
 43   30     2.51840537030282E-09   1.83843592032106E-07
 44   30     5.75000213418892E-09   4.25500157929980E-07
 45   30     1.92854799201094E-08   1.44641099400820E-06
 46   30     2.02247645945441E-08   1.53708210918535E-06
 47   30     1.97240598086790E-08   1.51875260526828E-06
 48   30     1.23621397568787E-08   9.64246901036537E-07
 49   30     4.63340718054362E-09   3.66039167262946E-07
 50   30     8.03476053868022E-11   6.42780843094417E-09
 51   30     1.53849089599673E-13   1.24617762575735E-11
 52   30     2.82532515617726E-13   2.31676662806536E-11
 53   30     1.65254332478282E-15   1.37161095956974E-13
 54   30     1.06704150551480E-16   8.96314864632433E-15
 55   30     2.91938056505169E-24   2.48147348029393E-22
 56   30     1.00000000000000E-99   1.00000000000000E-99
 57   30     1.00000000000000E-99   1.00000000000000E-99
 58   30     1.00000000000000E-99   1.00000000000000E-99
 59   30     1.00000000000000E-99   1.00000000000000E-99
 60   30     1.00000000000000E-99   1.00000000000000E-99
 61   30     1.00000000000000E-99   1.00000000000000E-99
 62   30     1.00000000000000E-99   1.00000000000000E-99
 63   30     1.00000000000000E-99   1.00000000000000E-99
 64   30     1.00000000000000E-99   1.00000000000000E-99
 65   30     1.00000000000000E-99   1.00000000000000E-99
 66   30     1.00000000000000E-99   1.00000000000000E-99
 67   30     1.00000000000000E-99   1.00000000000000E-99
 68   30     1.00000000000000E-99   1.00000000000000E-99
 69   30     1.00000000000000E-99   1.00000000000000E-99
 70   30     1.00000000000000E-99   1.00000000000000E-99
 71   30     1.00000000000000E-99   1.00000000000000E-99
 72   30     1.00000000000000E-99   1.00000000000000E-99
 73   30     1.00000000000000E-99   1.00000000000000E-99
 74   30     1.00000000000000E-99   1.00000000000000E-99
 75   30     1.00000000000000E-99   1.00000000000000E-99
 22   31     1.00000000000000E-99   1.00000000000000E-99
 23   31     1.00000000000000E-99   1.00000000000000E-99
 24   31     1.00000000000000E-99   1.00000000000000E-99
 25   31     1.00000000000000E-99   1.00000000000000E-99
 26   31     1.00000000000000E-99   1.00000000000000E-99
 27   31     1.00000000000000E-99   1.00000000000000E-99
 28   31     1.00000000000000E-99   1.00000000000000E-99
 29   31     1.00000000000000E-99   1.00000000000000E-99
 30   31     1.00000000000000E-99   1.00000000000000E-99
 31   31     1.00000000000000E-99   1.00000000000000E-99
 32   31     1.00000000000000E-99   1.00000000000000E-99
 33   31     1.00000000000000E-99   1.00000000000000E-99
 34   31     1.00000000000000E-99   1.00000000000000E-99
 35   31     1.00000000000000E-99   1.00000000000000E-99
 36   31     1.00000000000000E-99   1.00000000000000E-99
 37   31     1.00000000000000E-99   1.00000000000000E-99
 38   31     2.99001342756243E-15   2.06310926501808E-13
 39   31     7.40241120570741E-17   5.18168784399518E-15
 40   31     1.59159757677337E-12   1.13003427950909E-10
 41   31     5.26605677430160E-14   3.79156087749716E-12
 42   31     1.27382311837298E-10   9.29890876412275E-09
 43   31     8.22575619672680E-11   6.08705958557784E-09
 44   31     3.31186193530767E-09   2.48389645148075E-07
 45   31     7.80552610428732E-09   5.93219983925836E-07
 46   31     3.61767520907114E-08   2.78560991098478E-06
 47   31     3.87480077366370E-08   3.02234460345768E-06
 48   31     3.52926379809426E-08   2.78811840049446E-06
 49   31     2.59582156262994E-09   2.07665725010395E-07
 50   31     1.76652702933129E-09   1.43088689375834E-07
 51   31     7.26104827989431E-11   5.95405958951333E-09
 52   31     1.24898833556848E-12   1.03666031852184E-10
 53   31     8.95032615953847E-17   7.51827397401231E-15
 54   31     9.92814931628446E-15   8.43892691884179E-13
 55   31     9.34243171057247E-19   8.03449127109232E-17
 56   31     3.25730312986090E-23   2.83385372297898E-21
 57   31     1.00000000000000E-99   1.00000000000000E-99
 58   31     1.00000000000000E-99   1.00000000000000E-99
 59   31     1.00000000000000E-99   1.00000000000000E-99
 60   31     1.00000000000000E-99   1.00000000000000E-99
 61   31     1.00000000000000E-99   1.00000000000000E-99
 62   31     1.00000000000000E-99   1.00000000000000E-99
 63   31     1.00000000000000E-99   1.00000000000000E-99
 64   31     1.00000000000000E-99   1.00000000000000E-99
 65   31     1.00000000000000E-99   1.00000000000000E-99
 66   31     1.00000000000000E-99   1.00000000000000E-99
 67   31     1.00000000000000E-99   1.00000000000000E-99
 68   31     1.00000000000000E-99   1.00000000000000E-99
 69   31     1.00000000000000E-99   1.00000000000000E-99
 70   31     1.00000000000000E-99   1.00000000000000E-99
 71   31     1.00000000000000E-99   1.00000000000000E-99
 72   31     1.00000000000000E-99   1.00000000000000E-99
 73   31     1.00000000000000E-99   1.00000000000000E-99
 74   31     1.00000000000000E-99   1.00000000000000E-99
 75   31     1.00000000000000E-99   1.00000000000000E-99
 76   31     1.00000000000000E-99   1.00000000000000E-99
 77   31     1.00000000000000E-99   1.00000000000000E-99
 23   32     1.00000000000000E-99   1.00000000000000E-99
 24   32     1.00000000000000E-99   1.00000000000000E-99
 25   32     1.00000000000000E-99   1.00000000000000E-99
 26   32     1.00000000000000E-99   1.00000000000000E-99
 27   32     1.00000000000000E-99   1.00000000000000E-99
 28   32     1.00000000000000E-99   1.00000000000000E-99
 29   32     1.00000000000000E-99   1.00000000000000E-99
 30   32     1.00000000000000E-99   1.00000000000000E-99
 31   32     1.00000000000000E-99   1.00000000000000E-99
 32   32     1.00000000000000E-99   1.00000000000000E-99
 33   32     1.00000000000000E-99   1.00000000000000E-99
 34   32     1.00000000000000E-99   1.00000000000000E-99
 35   32     1.00000000000000E-99   1.00000000000000E-99
 36   32     1.00000000000000E-99   1.00000000000000E-99
 37   32     1.00000000000000E-99   1.00000000000000E-99
 38   32     5.20836541591542E-20   3.64585579114080E-18
 39   32     8.35833679834362E-22   5.93441912682397E-20
 40   32     9.90723527846835E-19   7.13320940049721E-17
 41   32     5.55593047886710E-15   4.05582924957299E-13
 42   32     1.46325031025477E-13   1.08280522958853E-11
 43   32     2.52183048703124E-11   1.89137286527343E-09
 44   32     2.75338029537503E-10   2.09256902448502E-08
 45   32     3.97540024973255E-09   3.06105819229407E-07
 46   32     1.38951789240502E-08   1.08382395607591E-06
 47   32     2.91035217156636E-08   2.29917821553742E-06
 48   32     7.98107854747266E-09   6.38486283797813E-07
 49   32     9.09930271145253E-09   7.37043519627655E-07
 50   32     4.83164955516756E-09   3.96195263523740E-07
 51   32     1.36142532416982E-09   1.12998301906095E-07
 52   32     7.18553626786416E-10   6.03585046500589E-08
 53   32     1.28102994088967E-11   1.08887544975622E-09
 54   32     2.30799219728802E-10   1.98487328966770E-08
 55   32     5.86709615652168E-16   5.10437365617386E-14
 56   32     1.62770947949470E-16   1.43238434195534E-14
 57   32     1.73733516281141E-23   1.54622829490215E-21
 58   32     1.00000000000000E-99   1.00000000000000E-99
 59   32     1.00000000000000E-99   1.00000000000000E-99
 60   32     1.00000000000000E-99   1.00000000000000E-99
 61   32     1.00000000000000E-99   1.00000000000000E-99
 62   32     1.00000000000000E-99   1.00000000000000E-99
 63   32     1.00000000000000E-99   1.00000000000000E-99
 64   32     1.00000000000000E-99   1.00000000000000E-99
 65   32     1.00000000000000E-99   1.00000000000000E-99
 66   32     1.00000000000000E-99   1.00000000000000E-99
 67   32     1.00000000000000E-99   1.00000000000000E-99
 68   32     1.00000000000000E-99   1.00000000000000E-99
 69   32     1.00000000000000E-99   1.00000000000000E-99
 70   32     1.00000000000000E-99   1.00000000000000E-99
 71   32     1.00000000000000E-99   1.00000000000000E-99
 72   32     1.00000000000000E-99   1.00000000000000E-99
 73   32     1.00000000000000E-99   1.00000000000000E-99
 74   32     1.00000000000000E-99   1.00000000000000E-99
 75   32     1.00000000000000E-99   1.00000000000000E-99
 76   32     1.00000000000000E-99   1.00000000000000E-99
 77   32     1.00000000000000E-99   1.00000000000000E-99
 78   32     1.00000000000000E-99   1.00000000000000E-99
 79   32     1.00000000000000E-99   1.00000000000000E-99
 80   32     1.00000000000000E-99   1.00000000000000E-99
 24   33     1.00000000000000E-99   1.00000000000000E-99
 25   33     1.00000000000000E-99   1.00000000000000E-99
 26   33     1.00000000000000E-99   1.00000000000000E-99
 27   33     1.00000000000000E-99   1.00000000000000E-99
 28   33     1.00000000000000E-99   1.00000000000000E-99
 29   33     1.00000000000000E-99   1.00000000000000E-99
 30   33     1.00000000000000E-99   1.00000000000000E-99
 31   33     1.00000000000000E-99   1.00000000000000E-99
 32   33     1.00000000000000E-99   1.00000000000000E-99
 33   33     1.00000000000000E-99   1.00000000000000E-99
 34   33     1.00000000000000E-99   1.00000000000000E-99
 35   33     1.00000000000000E-99   1.00000000000000E-99
 36   33     1.00000000000000E-99   1.00000000000000E-99
 37   33     1.00000000000000E-99   1.00000000000000E-99
 38   33     1.00000000000000E-99   1.00000000000000E-99
 39   33     1.00000000000000E-99   1.00000000000000E-99
 40   33     1.00000000000000E-99   1.00000000000000E-99
 41   33     1.00000000000000E-99   1.00000000000000E-99
 42   33     3.36938588098135E-15   2.52703941073601E-13
 43   33     1.64473309663919E-16   1.24999715344578E-14
 44   33     8.50721223924122E-14   6.55055342421574E-12
 45   33     2.42946393888250E-12   1.89498187232835E-10
 46   33     1.77664529939809E-09   1.40354978652449E-07
 47   33     3.95947084557593E-10   3.16757667646074E-08
 48   33     2.21109042767559E-09   1.79098324641723E-07
 49   33     2.59683257378478E-09   2.12940271050352E-07
 50   33     4.68674129244698E-09   3.88999527273099E-07
 51   33     5.42689381217463E-09   4.55859080222669E-07
 52   33     1.32959184986374E-09   1.13015307238418E-07
 53   33     1.82604663902830E-09   1.57040010956433E-07
 54   33     5.04350403072379E-11   4.38784850672970E-09
 55   33     6.81175870270335E-12   5.99434765837894E-10
 56   33     1.68849079897359E-14   1.50275681108649E-12
 57   33     4.72388523347079E-20   4.25149671012371E-18
 58   33     2.86332285797302E-24   2.60562380075545E-22
 59   33     1.00000000000000E-99   1.00000000000000E-99
 60   33     1.00000000000000E-99   1.00000000000000E-99
 61   33     1.00000000000000E-99   1.00000000000000E-99
 62   33     1.00000000000000E-99   1.00000000000000E-99
 63   33     1.00000000000000E-99   1.00000000000000E-99
 64   33     1.00000000000000E-99   1.00000000000000E-99
 65   33     1.00000000000000E-99   1.00000000000000E-99
 66   33     1.00000000000000E-99   1.00000000000000E-99
 67   33     1.00000000000000E-99   1.00000000000000E-99
 68   33     1.00000000000000E-99   1.00000000000000E-99
 69   33     1.00000000000000E-99   1.00000000000000E-99
 70   33     1.00000000000000E-99   1.00000000000000E-99
 71   33     1.00000000000000E-99   1.00000000000000E-99
 72   33     1.00000000000000E-99   1.00000000000000E-99
 73   33     1.00000000000000E-99   1.00000000000000E-99
 74   33     1.00000000000000E-99   1.00000000000000E-99
 75   33     1.00000000000000E-99   1.00000000000000E-99
 76   33     1.00000000000000E-99   1.00000000000000E-99
 77   33     1.00000000000000E-99   1.00000000000000E-99
 78   33     1.00000000000000E-99   1.00000000000000E-99
 79   33     1.00000000000000E-99   1.00000000000000E-99
 80   33     1.00000000000000E-99   1.00000000000000E-99
 81   33     1.00000000000000E-99   1.00000000000000E-99
 82   33     1.00000000000000E-99   1.00000000000000E-99
 25   34     1.00000000000000E-99   1.00000000000000E-99
 26   34     1.00000000000000E-99   1.00000000000000E-99
 27   34     1.00000000000000E-99   1.00000000000000E-99
 28   34     1.00000000000000E-99   1.00000000000000E-99
 29   34     1.00000000000000E-99   1.00000000000000E-99
 30   34     1.00000000000000E-99   1.00000000000000E-99
 31   34     1.00000000000000E-99   1.00000000000000E-99
 32   34     1.00000000000000E-99   1.00000000000000E-99
 33   34     1.00000000000000E-99   1.00000000000000E-99
 34   34     1.00000000000000E-99   1.00000000000000E-99
 35   34     1.00000000000000E-99   1.00000000000000E-99
 36   34     1.00000000000000E-99   1.00000000000000E-99
 37   34     1.00000000000000E-99   1.00000000000000E-99
 38   34     1.00000000000000E-99   1.00000000000000E-99
 39   34     1.00000000000000E-99   1.00000000000000E-99
 40   34     1.00000000000000E-99   1.00000000000000E-99
 41   34     1.00000000000000E-99   1.00000000000000E-99
 42   34     1.22355439055954E-21   9.29901336825253E-20
 43   34     3.75185244591353E-19   2.88892638335342E-17
 44   34     3.03483859862387E-16   2.36717410692662E-14
 45   34     2.46052932077120E-12   1.94381816340925E-10
 46   34     2.39418851667502E-11   1.91535081334002E-09
 47   34     6.84272672771169E-11   5.54260864944647E-09
 48   34     1.69471987402926E-10   1.38967029670399E-08
 49   34     5.99064258770227E-10   4.97223334779288E-08
 50   34     4.38118517694941E-09   3.68019554863750E-07
 51   34     3.99152923773174E-09   3.39279985207198E-07
 52   34     8.47345145680264E-09   7.28716825285027E-07
 53   34     3.27618510143946E-09   2.85028103825233E-07
 54   34     1.26012323130356E-09   1.10890844354713E-07
 55   34     7.22323123209121E-13   6.42867579656118E-11
 56   34     7.09908823607402E-11   6.38917941246661E-09
 57   34     1.45936226078100E-14   1.32801965731071E-12
 58   34     8.75557341793456E-18   8.05512754449979E-16
 59   34     5.43244581530143E-24   5.05217460823033E-22
 60   34     1.00000000000000E-99   1.00000000000000E-99
 61   34     1.00000000000000E-99   1.00000000000000E-99
 62   34     1.00000000000000E-99   1.00000000000000E-99
 63   34     1.00000000000000E-99   1.00000000000000E-99
 64   34     1.00000000000000E-99   1.00000000000000E-99
 65   34     1.00000000000000E-99   1.00000000000000E-99
 66   34     1.00000000000000E-99   1.00000000000000E-99
 67   34     1.00000000000000E-99   1.00000000000000E-99
 68   34     1.00000000000000E-99   1.00000000000000E-99
 69   34     1.00000000000000E-99   1.00000000000000E-99
 70   34     1.00000000000000E-99   1.00000000000000E-99
 71   34     1.00000000000000E-99   1.00000000000000E-99
 72   34     1.00000000000000E-99   1.00000000000000E-99
 73   34     1.00000000000000E-99   1.00000000000000E-99
 74   34     1.00000000000000E-99   1.00000000000000E-99
 75   34     1.00000000000000E-99   1.00000000000000E-99
 76   34     1.00000000000000E-99   1.00000000000000E-99
 77   34     1.00000000000000E-99   1.00000000000000E-99
 78   34     1.00000000000000E-99   1.00000000000000E-99
 79   34     1.00000000000000E-99   1.00000000000000E-99
 80   34     1.00000000000000E-99   1.00000000000000E-99
 81   34     1.00000000000000E-99   1.00000000000000E-99
 82   34     1.00000000000000E-99   1.00000000000000E-99
 83   34     1.00000000000000E-99   1.00000000000000E-99
 84   34     1.00000000000000E-99   1.00000000000000E-99
 26   35     1.00000000000000E-99   1.00000000000000E-99
 27   35     1.00000000000000E-99   1.00000000000000E-99
 28   35     1.00000000000000E-99   1.00000000000000E-99
 29   35     1.00000000000000E-99   1.00000000000000E-99
 30   35     1.00000000000000E-99   1.00000000000000E-99
 31   35     1.00000000000000E-99   1.00000000000000E-99
 32   35     1.00000000000000E-99   1.00000000000000E-99
 33   35     1.00000000000000E-99   1.00000000000000E-99
 34   35     1.00000000000000E-99   1.00000000000000E-99
 35   35     1.00000000000000E-99   1.00000000000000E-99
 36   35     1.00000000000000E-99   1.00000000000000E-99
 37   35     1.00000000000000E-99   1.00000000000000E-99
 38   35     1.00000000000000E-99   1.00000000000000E-99
 39   35     1.00000000000000E-99   1.00000000000000E-99
 40   35     1.00000000000000E-99   1.00000000000000E-99
 41   35     1.00000000000000E-99   1.00000000000000E-99
 42   35     1.00000000000000E-99   1.00000000000000E-99
 43   35     1.00000000000000E-99   1.00000000000000E-99
 44   35     1.00000000000000E-99   1.00000000000000E-99
 45   35     1.00000000000000E-99   1.00000000000000E-99
 46   35     4.32599363912259E-14   3.50405484768930E-12
 47   35     1.52082583546056E-15   1.24707718507766E-13
 48   35     4.33311612656901E-13   3.59648638505228E-11
 49   35     2.54226430027870E-11   2.13550201223411E-09
 50   35     1.83910956995689E-10   1.56324313446336E-08
 51   35     9.43160735027774E-10   8.11118232123886E-08
 52   35     1.49114474850570E-09   1.29729593119996E-07
 53   35     3.63296987853489E-09   3.19701349311070E-07
 54   35     7.24892254555790E-10   6.45154106554653E-08
 55   35     9.08412559389142E-10   8.17571303450228E-08
 56   35     1.82257648874387E-11   1.65854460475692E-09
 57   35     5.83740819116780E-13   5.37041553587437E-11
 58   35     4.71976582841631E-16   4.38938222042717E-14
 59   35     2.66490916424876E-20   2.50501461439384E-18
 60   35     8.90835171375034E-24   8.46293412806282E-22
 61   35     1.00000000000000E-99   1.00000000000000E-99
 62   35     1.00000000000000E-99   1.00000000000000E-99
 63   35     1.00000000000000E-99   1.00000000000000E-99
 64   35     1.00000000000000E-99   1.00000000000000E-99
 65   35     1.00000000000000E-99   1.00000000000000E-99
 66   35     1.00000000000000E-99   1.00000000000000E-99
 67   35     1.00000000000000E-99   1.00000000000000E-99
 68   35     1.00000000000000E-99   1.00000000000000E-99
 69   35     1.00000000000000E-99   1.00000000000000E-99
 70   35     1.00000000000000E-99   1.00000000000000E-99
 71   35     1.00000000000000E-99   1.00000000000000E-99
 72   35     1.00000000000000E-99   1.00000000000000E-99
 73   35     1.00000000000000E-99   1.00000000000000E-99
 74   35     1.00000000000000E-99   1.00000000000000E-99
 75   35     1.00000000000000E-99   1.00000000000000E-99
 76   35     1.00000000000000E-99   1.00000000000000E-99
 77   35     1.00000000000000E-99   1.00000000000000E-99
 78   35     1.00000000000000E-99   1.00000000000000E-99
 79   35     1.00000000000000E-99   1.00000000000000E-99
 80   35     1.00000000000000E-99   1.00000000000000E-99
 81   35     1.00000000000000E-99   1.00000000000000E-99
 82   35     1.00000000000000E-99   1.00000000000000E-99
 83   35     1.00000000000000E-99   1.00000000000000E-99
 84   35     1.00000000000000E-99   1.00000000000000E-99
 85   35     1.00000000000000E-99   1.00000000000000E-99
 86   35     1.00000000000000E-99   1.00000000000000E-99
 27   36     1.00000000000000E-99   1.00000000000000E-99
 28   36     1.00000000000000E-99   1.00000000000000E-99
 29   36     1.00000000000000E-99   1.00000000000000E-99
 30   36     1.00000000000000E-99   1.00000000000000E-99
 31   36     1.00000000000000E-99   1.00000000000000E-99
 32   36     1.00000000000000E-99   1.00000000000000E-99
 33   36     1.00000000000000E-99   1.00000000000000E-99
 34   36     1.00000000000000E-99   1.00000000000000E-99
 35   36     1.00000000000000E-99   1.00000000000000E-99
 36   36     1.00000000000000E-99   1.00000000000000E-99
 37   36     1.00000000000000E-99   1.00000000000000E-99
 38   36     1.00000000000000E-99   1.00000000000000E-99
 39   36     1.00000000000000E-99   1.00000000000000E-99
 40   36     1.00000000000000E-99   1.00000000000000E-99
 41   36     1.00000000000000E-99   1.00000000000000E-99
 42   36     1.00000000000000E-99   1.00000000000000E-99
 43   36     1.00000000000000E-99   1.00000000000000E-99
 44   36     1.00000000000000E-99   1.00000000000000E-99
 45   36     1.00000000000000E-99   1.00000000000000E-99
 46   36     9.06023101254657E-21   7.42938943028819E-19
 47   36     3.38088186851189E-17   2.80613195086487E-15
 48   36     1.03601619659972E-14   8.70253605143768E-13
 49   36     9.61150622912746E-13   8.16978029475834E-11
 50   36     1.72312518623290E-11   1.48188766016030E-09
 51   36     5.31588252808854E-11   4.62481779943703E-09
 52   36     3.75561020901977E-10   3.30493698393739E-08
 53   36     7.68107728630631E-10   6.83615878481262E-08
 54   36     1.36768185505313E-09   1.23091366954781E-07
 55   36     1.03452806530926E-09   9.41420539431426E-08
 56   36     8.19350341148895E-10   7.53802313856984E-08
 57   36     1.45133952390068E-10   1.34974575722764E-08
 58   36     9.02108781639438E-14   8.47982254741072E-12
 59   36     3.26359763180858E-18   3.10041775021815E-16
 60   36     6.19299290741572E-22   5.94527319111909E-20
 61   36     1.00000000000000E-99   1.00000000000000E-99
 62   36     1.00000000000000E-99   1.00000000000000E-99
 63   36     1.00000000000000E-99   1.00000000000000E-99
 64   36     1.00000000000000E-99   1.00000000000000E-99
 65   36     1.00000000000000E-99   1.00000000000000E-99
 66   36     1.00000000000000E-99   1.00000000000000E-99
 67   36     1.00000000000000E-99   1.00000000000000E-99
 68   36     1.00000000000000E-99   1.00000000000000E-99
 69   36     1.00000000000000E-99   1.00000000000000E-99
 70   36     1.00000000000000E-99   1.00000000000000E-99
 71   36     1.00000000000000E-99   1.00000000000000E-99
 72   36     1.00000000000000E-99   1.00000000000000E-99
 73   36     1.00000000000000E-99   1.00000000000000E-99
 74   36     1.00000000000000E-99   1.00000000000000E-99
 75   36     1.00000000000000E-99   1.00000000000000E-99
 76   36     1.00000000000000E-99   1.00000000000000E-99
 77   36     1.00000000000000E-99   1.00000000000000E-99
 78   36     1.00000000000000E-99   1.00000000000000E-99
 79   36     1.00000000000000E-99   1.00000000000000E-99
 80   36     1.00000000000000E-99   1.00000000000000E-99
 81   36     1.00000000000000E-99   1.00000000000000E-99
 82   36     1.00000000000000E-99   1.00000000000000E-99
 83   36     1.00000000000000E-99   1.00000000000000E-99
 84   36     1.00000000000000E-99   1.00000000000000E-99
 85   36     1.00000000000000E-99   1.00000000000000E-99
 86   36     1.00000000000000E-99   1.00000000000000E-99
 87   36     1.00000000000000E-99   1.00000000000000E-99
 88   36     1.00000000000000E-99   1.00000000000000E-99
 29   37     1.00000000000000E-99   1.00000000000000E-99
 30   37     1.00000000000000E-99   1.00000000000000E-99
 31   37     1.00000000000000E-99   1.00000000000000E-99
 32   37     1.00000000000000E-99   1.00000000000000E-99
 33   37     1.00000000000000E-99   1.00000000000000E-99
 34   37     1.00000000000000E-99   1.00000000000000E-99
 35   37     1.00000000000000E-99   1.00000000000000E-99
 36   37     1.00000000000000E-99   1.00000000000000E-99
 37   37     1.00000000000000E-99   1.00000000000000E-99
 38   37     1.00000000000000E-99   1.00000000000000E-99
 39   37     1.00000000000000E-99   1.00000000000000E-99
 40   37     1.00000000000000E-99   1.00000000000000E-99
 41   37     1.00000000000000E-99   1.00000000000000E-99
 42   37     1.00000000000000E-99   1.00000000000000E-99
 43   37     1.00000000000000E-99   1.00000000000000E-99
 44   37     1.00000000000000E-99   1.00000000000000E-99
 45   37     1.00000000000000E-99   1.00000000000000E-99
 46   37     1.00000000000000E-99   1.00000000000000E-99
 47   37     1.00000000000000E-99   1.00000000000000E-99
 48   37     1.82887539306824E-21   1.55454408410801E-19
 49   37     5.91340078872381E-23   5.08552467830247E-21
 50   37     9.79368455838317E-15   8.52050556579336E-13
 51   37     3.42896014586994E-14   3.01748492836555E-12
 52   37     4.99298470904620E-12   4.44375639105112E-10
 53   37     5.72709621671407E-11   5.15438659504267E-09
 54   37     2.66925632809487E-10   2.42902325856633E-08
 55   37     1.48060383387918E-09   1.36215552716885E-07
 56   37     9.83509347851506E-10   9.14663693501900E-08
 57   37     2.26740795529801E-10   2.13136347798012E-08
 58   37     1.11196082037310E-11   1.05636277935444E-09
 59   37     1.00589118886914E-14   9.65655541314374E-13
 60   37     7.30395473031736E-16   7.08483608840784E-14
 61   37     5.79824842371668E-19   5.68228345524235E-17
 62   37     1.90562911126299E-22   1.88657282015036E-20
 63   37     5.59007493524669E-21   5.59007493524669E-19
 64   37     4.54981275589351E-25   4.59531088345244E-23
 65   37     4.85625978205145E-22   4.95338497769248E-20
 66   37     1.00000000000000E-99   1.00000000000000E-99
 67   37     1.46538519763280E-22   1.52400060553811E-20
 68   37     1.00000000000000E-99   1.00000000000000E-99
 69   37     5.58028372327918E-24   5.91510074667593E-22
 70   37     1.00000000000000E-99   1.00000000000000E-99
 71   37     2.08350244971626E-25   2.25018264569356E-23
 72   37     1.00000000000000E-99   1.00000000000000E-99
 73   37     1.00000000000000E-99   1.00000000000000E-99
 74   37     1.00000000000000E-99   1.00000000000000E-99
 75   37     1.00000000000000E-99   1.00000000000000E-99
 76   37     1.00000000000000E-99   1.00000000000000E-99
 77   37     1.00000000000000E-99   1.00000000000000E-99
 78   37     1.00000000000000E-99   1.00000000000000E-99
 79   37     1.00000000000000E-99   1.00000000000000E-99
 80   37     1.00000000000000E-99   1.00000000000000E-99
 81   37     1.00000000000000E-99   1.00000000000000E-99
 82   37     1.00000000000000E-99   1.00000000000000E-99
 83   37     1.00000000000000E-99   1.00000000000000E-99
 84   37     1.00000000000000E-99   1.00000000000000E-99
 85   37     1.00000000000000E-99   1.00000000000000E-99
 86   37     1.00000000000000E-99   1.00000000000000E-99
 87   37     1.00000000000000E-99   1.00000000000000E-99
 88   37     1.00000000000000E-99   1.00000000000000E-99
 89   37     1.00000000000000E-99   1.00000000000000E-99
 90   37     1.00000000000000E-99   1.00000000000000E-99
 91   37     1.00000000000000E-99   1.00000000000000E-99
 30   38     1.00000000000000E-99   1.00000000000000E-99
 31   38     1.00000000000000E-99   1.00000000000000E-99
 32   38     1.00000000000000E-99   1.00000000000000E-99
 33   38     1.00000000000000E-99   1.00000000000000E-99
 34   38     1.00000000000000E-99   1.00000000000000E-99
 35   38     1.00000000000000E-99   1.00000000000000E-99
 36   38     1.00000000000000E-99   1.00000000000000E-99
 37   38     1.00000000000000E-99   1.00000000000000E-99
 38   38     1.00000000000000E-99   1.00000000000000E-99
 39   38     1.00000000000000E-99   1.00000000000000E-99
 40   38     1.00000000000000E-99   1.00000000000000E-99
 41   38     1.00000000000000E-99   1.00000000000000E-99
 42   38     1.00000000000000E-99   1.00000000000000E-99
 43   38     1.00000000000000E-99   1.00000000000000E-99
 44   38     1.00000000000000E-99   1.00000000000000E-99
 45   38     1.00000000000000E-99   1.00000000000000E-99
 46   38     1.00000000000000E-99   1.00000000000000E-99
 47   38     1.00000000000000E-99   1.00000000000000E-99
 48   38     1.00000000000000E-99   1.00000000000000E-99
 49   38     1.00000000000000E-99   1.00000000000000E-99
 50   38     2.19230062847030E-17   1.92922455305387E-15
 51   38     4.46087243886262E-15   3.97017647058773E-13
 52   38     3.15863596810618E-13   2.84277237129557E-11
 53   38     5.16841096299913E-12   4.70325397632921E-10
 54   38     5.47046299333177E-10   5.03282595386523E-08
 55   38     3.87483929390377E-10   3.60360054333051E-08
 56   38     6.73981458128893E-10   6.33542570641159E-08
 57   38     3.34067879735291E-09   3.17364485748527E-07
 58   38     2.82921753588935E-10   2.71604883445377E-08
 59   38     7.17770025368198E-12   6.96236924607152E-10
 60   38     5.90709620714768E-11   5.78895428300473E-09
 61   38     1.35009987388020E-13   1.33659887514140E-11
 62   38     7.96056912692349E-15   7.96056912692349E-13
 63   38     6.28400302426887E-19   6.34684305451156E-17
 64   38     9.09139361990992E-22   9.27322149230812E-20
 65   38     1.99160644985563E-20   2.05135464335130E-18
 66   38     2.40365878467136E-22   2.49980513605821E-20
 67   38     1.53164396675169E-21   1.60822616508927E-19
 68   38     5.34469712201846E-24   5.66537894933957E-22
 69   38     1.51604155483158E-22   1.62216446366979E-20
 70   38     1.84314689136576E-25   1.99059864267502E-23
 71   38     4.68049077779796E-24   5.10173494779978E-22
 72   38     1.00000000000000E-99   1.00000000000000E-99
 73   38     1.82805592060957E-25   2.02914207187662E-23
 74   38     1.00000000000000E-99   1.00000000000000E-99
 75   38     2.86514533844099E-25   3.23761423243832E-23
 76   38     1.00000000000000E-99   1.00000000000000E-99
 77   38     8.85634475225696E-24   1.01847964650955E-21
 78   38     1.00000000000000E-99   1.00000000000000E-99
 79   38     3.29142329340498E-24   3.85096525328382E-22
 80   38     1.00000000000000E-99   1.00000000000000E-99
 81   38     1.00000000000000E-99   1.00000000000000E-99
 82   38     1.00000000000000E-99   1.00000000000000E-99
 83   38     1.00000000000000E-99   1.00000000000000E-99
 84   38     1.00000000000000E-99   1.00000000000000E-99
 85   38     1.00000000000000E-99   1.00000000000000E-99
 86   38     1.00000000000000E-99   1.00000000000000E-99
 87   38     1.00000000000000E-99   1.00000000000000E-99
 88   38     1.00000000000000E-99   1.00000000000000E-99
 89   38     1.00000000000000E-99   1.00000000000000E-99
 90   38     1.00000000000000E-99   1.00000000000000E-99
 91   38     1.00000000000000E-99   1.00000000000000E-99
 92   38     1.00000000000000E-99   1.00000000000000E-99
 93   38     1.00000000000000E-99   1.00000000000000E-99
 31   39     1.00000000000000E-99   1.00000000000000E-99
 32   39     1.00000000000000E-99   1.00000000000000E-99
 33   39     1.00000000000000E-99   1.00000000000000E-99
 34   39     1.00000000000000E-99   1.00000000000000E-99
 35   39     1.00000000000000E-99   1.00000000000000E-99
 36   39     1.00000000000000E-99   1.00000000000000E-99
 37   39     1.00000000000000E-99   1.00000000000000E-99
 38   39     1.00000000000000E-99   1.00000000000000E-99
 39   39     1.00000000000000E-99   1.00000000000000E-99
 40   39     1.00000000000000E-99   1.00000000000000E-99
 41   39     1.00000000000000E-99   1.00000000000000E-99
 42   39     1.00000000000000E-99   1.00000000000000E-99
 43   39     1.00000000000000E-99   1.00000000000000E-99
 44   39     1.00000000000000E-99   1.00000000000000E-99
 45   39     1.00000000000000E-99   1.00000000000000E-99
 46   39     1.00000000000000E-99   1.00000000000000E-99
 47   39     1.00000000000000E-99   1.00000000000000E-99
 48   39     1.00000000000000E-99   1.00000000000000E-99
 49   39     1.00000000000000E-99   1.00000000000000E-99
 50   39     6.21972130837759E-22   5.53555196445606E-20
 51   39     2.16084058796704E-22   1.94475652917034E-20
 52   39     1.12745769839795E-16   1.02598650554213E-14
 53   39     5.00838926585363E-14   4.60771812458534E-12
 54   39     9.46663614388272E-13   8.80397161381093E-11
 55   39     1.43027214420507E-11   1.34445581555276E-09
 56   39     3.01707466968580E-10   2.86622093620151E-08
 57   39     1.24075784480505E-09   1.19112753101285E-07
 58   39     1.57019931358272E-09   1.52309333417524E-07
 59   39     1.23239183642194E-10   1.20774399969350E-08
 60   39     5.71251016187329E-10   5.65538506025456E-08
 61   39     6.65127700308139E-11   6.65127700308139E-09
 62   39     9.57696183116947E-12   9.67273144948117E-10
 63   39     4.47118355631012E-14   4.56060722743632E-12
 64   39     4.19429206750166E-14   4.32012082952671E-12
 65   39     2.74493489221306E-13   2.85473228790159E-11
 66   39     1.15026287847154E-16   1.20777602239512E-14
 67   39     3.95866790825317E-15   4.19618798274836E-13
 68   39     5.25900903602416E-19   5.62713966854585E-17
 69   39     6.20007341853090E-16   6.69607929201337E-14
 70   39     9.80879192615081E-21   1.06915831995044E-18
 71   39     8.19426185735975E-17   9.01368804309572E-15
 72   39     3.78654582652162E-22   4.20306586743900E-20
 73   39     2.12289417126996E-18   2.37764147182236E-16
 74   39     1.66781371710499E-23   1.88462950032864E-21
 75   39     1.74220202686970E-17   1.98611031063146E-15
 76   39     7.16851210633152E-23   8.24378892228124E-21
 77   39     1.49977291742263E-16   1.73973658421025E-14
 78   39     7.10873074656965E-23   8.31721497348649E-21
 79   39     3.36415836157898E-16   3.96970686666320E-14
 80   39     1.02617449572602E-22   1.22114764991396E-20
 81   39     2.13359819345883E-17   2.56031783215059E-15
 82   39     1.24326408019729E-20   1.50434953703872E-18
 83   39     1.19023368848434E-23   1.45208509995089E-21
 84   39     4.54089935501950E-23   5.58530620667399E-21
 85   39     1.32963876413893E-22   1.64875206753228E-20
 86   39     1.00000000000000E-99   1.00000000000000E-99
 87   39     1.00000000000000E-99   1.00000000000000E-99
 88   39     1.00000000000000E-99   1.00000000000000E-99
 89   39     1.00000000000000E-99   1.00000000000000E-99
 90   39     1.00000000000000E-99   1.00000000000000E-99
 91   39     1.00000000000000E-99   1.00000000000000E-99
 92   39     1.00000000000000E-99   1.00000000000000E-99
 93   39     1.00000000000000E-99   1.00000000000000E-99
 94   39     1.00000000000000E-99   1.00000000000000E-99
 95   39     1.00000000000000E-99   1.00000000000000E-99
 32   40     1.00000000000000E-99   1.00000000000000E-99
 33   40     1.00000000000000E-99   1.00000000000000E-99
 34   40     1.00000000000000E-99   1.00000000000000E-99
 35   40     1.00000000000000E-99   1.00000000000000E-99
 36   40     1.00000000000000E-99   1.00000000000000E-99
 37   40     1.00000000000000E-99   1.00000000000000E-99
 38   40     1.00000000000000E-99   1.00000000000000E-99
 39   40     1.00000000000000E-99   1.00000000000000E-99
 40   40     1.00000000000000E-99   1.00000000000000E-99
 41   40     1.00000000000000E-99   1.00000000000000E-99
 42   40     1.00000000000000E-99   1.00000000000000E-99
 43   40     1.00000000000000E-99   1.00000000000000E-99
 44   40     1.00000000000000E-99   1.00000000000000E-99
 45   40     1.00000000000000E-99   1.00000000000000E-99
 46   40     1.00000000000000E-99   1.00000000000000E-99
 47   40     1.00000000000000E-99   1.00000000000000E-99
 48   40     1.00000000000000E-99   1.00000000000000E-99
 49   40     1.00000000000000E-99   1.00000000000000E-99
 50   40     1.00000000000000E-99   1.00000000000000E-99
 51   40     8.91173966966453E-24   8.10968309939472E-22
 52   40     2.58398764147315E-18   2.37726863015529E-16
 53   40     1.93624990767999E-17   1.80071241414239E-15
 54   40     1.23941082521404E-14   1.16504617570120E-12
 55   40     5.33099076336888E-13   5.06444122520044E-11
 56   40     3.92623924114465E-10   3.76918967149886E-08
 57   40     1.13631967523332E-09   1.10223008497632E-07
 58   40     1.27456190304844E-09   1.24907066498747E-07
 59   40     1.01505031996313E-09   1.00489981676350E-07
 60   40     1.22744472606079E-09   1.22744472606079E-07
 61   40     6.36663361699301E-10   6.43029995316294E-08
 62   40     7.44290812920898E-10   7.59176629179316E-08
 63   40     3.53325127741107E-10   3.63924881573340E-08
 64   40     1.36379920604860E-10   1.41835117429054E-08
 65   40     2.13592939673602E-11   2.24272586657283E-09
 66   40     2.86552083823177E-14   3.03745208852568E-12
 67   40     1.46677207393470E-14   1.56944611911013E-12
 68   40     1.13920833994499E-15   1.23034500714059E-13
 69   40     2.97322438110172E-16   3.24081457540087E-14
 70   40     8.39082393772116E-17   9.22990633149327E-15
 71   40     4.66062070051480E-16   5.17328897757142E-14
 72   40     9.06369201913395E-17   1.01513350614300E-14
 73   40     2.60826571810866E-16   2.94734026146279E-14
 74   40     3.35877011736018E-16   3.82899793379060E-14
 75   40     4.55145156614719E-16   5.23416930106927E-14
 76   40     8.16090287001171E-16   9.46664732921358E-14
 77   40     6.35778166391918E-13   7.43860454678544E-11
 78   40     3.82693666410280E-17   4.51578526364130E-15
 79   40     1.33233152935177E-12   1.58547451992861E-10
 80   40     2.90974701536890E-19   3.49169641844269E-17
 81   40     7.68558858014556E-14   9.29956218197613E-12
 82   40     6.30703402443209E-17   7.69458150980716E-15
 83   40     4.14700824438455E-20   5.10082014059300E-18
 84   40     1.00000000000000E-99   1.00000000000000E-99
 85   40     1.00000000000000E-99   1.00000000000000E-99
 86   40     1.00000000000000E-99   1.00000000000000E-99
 87   40     1.00000000000000E-99   1.00000000000000E-99
 88   40     1.00000000000000E-99   1.00000000000000E-99
 89   40     1.00000000000000E-99   1.00000000000000E-99
 90   40     1.00000000000000E-99   1.00000000000000E-99
 91   40     1.00000000000000E-99   1.00000000000000E-99
 92   40     1.00000000000000E-99   1.00000000000000E-99
 93   40     1.00000000000000E-99   1.00000000000000E-99
 94   40     1.00000000000000E-99   1.00000000000000E-99
 95   40     1.00000000000000E-99   1.00000000000000E-99
 96   40     1.00000000000000E-99   1.00000000000000E-99
 97   40     1.00000000000000E-99   1.00000000000000E-99
 33   41     1.00000000000000E-99   1.00000000000000E-99
 34   41     1.00000000000000E-99   1.00000000000000E-99
 35   41     1.00000000000000E-99   1.00000000000000E-99
 36   41     1.00000000000000E-99   1.00000000000000E-99
 37   41     1.00000000000000E-99   1.00000000000000E-99
 38   41     1.00000000000000E-99   1.00000000000000E-99
 39   41     1.00000000000000E-99   1.00000000000000E-99
 40   41     1.00000000000000E-99   1.00000000000000E-99
 41   41     1.00000000000000E-99   1.00000000000000E-99
 42   41     1.00000000000000E-99   1.00000000000000E-99
 43   41     1.00000000000000E-99   1.00000000000000E-99
 44   41     1.00000000000000E-99   1.00000000000000E-99
 45   41     1.00000000000000E-99   1.00000000000000E-99
 46   41     1.00000000000000E-99   1.00000000000000E-99
 47   41     1.00000000000000E-99   1.00000000000000E-99
 48   41     1.00000000000000E-99   1.00000000000000E-99
 49   41     1.00000000000000E-99   1.00000000000000E-99
 50   41     1.00000000000000E-99   1.00000000000000E-99
 51   41     1.00000000000000E-99   1.00000000000000E-99
 52   41     1.00000000000000E-99   1.00000000000000E-99
 53   41     1.00000000000000E-99   1.00000000000000E-99
 54   41     6.92092798940789E-20   6.57488158993750E-18
 55   41     1.42663216998868E-18   1.36956688318913E-16
 56   41     2.08608667132410E-14   2.02350407118438E-12
 57   41     3.97149829613350E-11   3.89206833021083E-09
 58   41     7.78779805310880E-10   7.70992007257772E-08
 59   41     1.96427103881811E-10   1.96427103881811E-08
 60   41     6.71470270977041E-10   6.78184973686811E-08
 61   41     5.30143735082902E-10   5.40746609784560E-08
 62   41     7.46364432843372E-10   7.68755365828673E-08
 63   41     8.43577401981606E-10   8.77320498060871E-08
 64   41     1.17008887969285E-09   1.22859332367749E-07
 65   41     7.80496189353193E-11   8.27325960714385E-09
 66   41     1.92142639127851E-12   2.05592623866800E-10
 67   41     4.00664708005499E-14   4.32717884645939E-12
 68   41     5.94990947819010E-16   6.48540133122721E-14
 69   41     3.26876406221480E-14   3.59564046843628E-12
 70   41     4.81195648906204E-16   5.34127170285887E-14
 71   41     6.40408610292289E-13   7.17257643527364E-11
 72   41     7.89512712144896E-16   8.92149364723733E-14
 73   41     3.58002443865154E-12   4.08122786006276E-10
 74   41     4.00335818598149E-14   4.60386191387871E-12
 75   41     5.76154105000588E-12   6.68338761800682E-10
 76   41     2.54828791289974E-13   2.98149685809269E-11
 77   41     8.86592985624637E-10   1.04617972303707E-07
 78   41     2.20963031893677E-13   2.62946007953475E-11
 79   41     3.62177859677883E-09   4.34613431613460E-07
 80   41     1.09102394676958E-14   1.32013897559119E-12
 81   41     2.49135407571712E-09   3.03945197237489E-07
 82   41     3.87294812996344E-11   4.76372619985503E-09
 83   41     3.99665800221412E-13   4.95585592274551E-11
 84   41     1.50420118156911E-21   1.88025147696138E-19
 85   41     1.00000000000000E-99   1.00000000000000E-99
 86   41     1.00000000000000E-99   1.00000000000000E-99
 87   41     1.00000000000000E-99   1.00000000000000E-99
 88   41     1.00000000000000E-99   1.00000000000000E-99
 89   41     1.00000000000000E-99   1.00000000000000E-99
 90   41     1.00000000000000E-99   1.00000000000000E-99
 91   41     1.00000000000000E-99   1.00000000000000E-99
 92   41     1.00000000000000E-99   1.00000000000000E-99
 93   41     1.00000000000000E-99   1.00000000000000E-99
 94   41     3.67571908157260E-24   4.96222076012302E-22
 95   41     4.37258292005656E-23   5.94671277127692E-21
 96   41     1.00000000000000E-99   1.00000000000000E-99
 97   41     1.00000000000000E-99   1.00000000000000E-99
 98   41     1.00000000000000E-99   1.00000000000000E-99
 99   41     1.00000000000000E-99   1.00000000000000E-99
 35   42     1.00000000000000E-99   1.00000000000000E-99
 36   42     1.00000000000000E-99   1.00000000000000E-99
 37   42     1.00000000000000E-99   1.00000000000000E-99
 38   42     1.00000000000000E-99   1.00000000000000E-99
 39   42     1.00000000000000E-99   1.00000000000000E-99
 40   42     1.00000000000000E-99   1.00000000000000E-99
 41   42     1.00000000000000E-99   1.00000000000000E-99
 42   42     1.00000000000000E-99   1.00000000000000E-99
 43   42     1.00000000000000E-99   1.00000000000000E-99
 44   42     1.00000000000000E-99   1.00000000000000E-99
 45   42     1.00000000000000E-99   1.00000000000000E-99
 46   42     1.00000000000000E-99   1.00000000000000E-99
 47   42     1.00000000000000E-99   1.00000000000000E-99
 48   42     1.00000000000000E-99   1.00000000000000E-99
 49   42     1.00000000000000E-99   1.00000000000000E-99
 50   42     1.00000000000000E-99   1.00000000000000E-99
 51   42     1.00000000000000E-99   1.00000000000000E-99
 52   42     1.00000000000000E-99   1.00000000000000E-99
 53   42     1.00000000000000E-99   1.00000000000000E-99
 54   42     6.17237658485740E-24   5.92548152146311E-22
 55   42     3.47654282362707E-18   3.37224653891826E-16
 56   42     1.16364128303800E-11   1.14036845737724E-09
 57   42     4.73863373999932E-11   4.69124740259932E-09
 58   42     1.55865083105729E-10   1.55865083105729E-08
 59   42     1.15272203999969E-10   1.16424926039969E-08
 60   42     1.66119349956618E-10   1.69441736955750E-08
 61   42     1.01780355636511E-09   1.04833766305606E-07
 62   42     4.22656329529763E-10   4.39562582710954E-08
 63   42     9.98093075995504E-10   1.04799772979528E-07
 64   42     9.00532139161135E-10   9.54564067510803E-08
 65   42     9.64550901130733E-10   1.03206946420988E-07
 66   42     2.48842888768722E-10   2.68750319870220E-08
 67   42     4.39221259121905E-11   4.78751172442877E-09
 68   42     1.07641506921639E-12   1.18405657613803E-10
 69   42     2.85387045122250E-12   3.16779620085698E-10
 70   42     1.29555646608615E-12   1.45102324201649E-10
 71   42     6.81046103061997E-12   7.69582096460057E-10
 72   42     5.64785045030264E-12   6.43854951334501E-10
 73   42     1.37737787029857E-11   1.58398455084336E-09
 74   42     4.77914690339603E-10   5.54381040793939E-08
 75   42     2.25469579356366E-09   2.63799407846948E-07
 76   42     4.78244573989309E-09   5.64328597307384E-07
 77   42     1.74903599556911E-08   2.08135283472724E-06
 78   42     2.68806803353737E-09   3.22568164024484E-07
 79   42     2.89291504613247E-08   3.50042720582028E-06
 80   42     7.94106957054290E-11   9.68810487606234E-09
 81   42     8.87664266844722E-08   1.09182704821901E-05
 82   42     5.80108148521774E-12   7.19334104167000E-10
 83   42     4.47013814272082E-24   5.58767267840102E-22
 84   42     1.00000000000000E-99   1.00000000000000E-99
 85   42     1.00000000000000E-99   1.00000000000000E-99
 86   42     1.00000000000000E-99   1.00000000000000E-99
 87   42     1.00000000000000E-99   1.00000000000000E-99
 88   42     1.00000000000000E-99   1.00000000000000E-99
 89   42     1.00000000000000E-99   1.00000000000000E-99
 90   42     7.38029988077258E-24   9.74199584261981E-22
 91   42     1.00000000000000E-99   1.00000000000000E-99
 92   42     8.08917817994421E-23   1.08394987611252E-20
 93   42     1.00000000000000E-99   1.00000000000000E-99
 94   42     1.48581901360348E-17   2.02071385850073E-15
 95   42     1.37619883048878E-16   1.88539239776962E-14
 96   42     1.80180805559752E-24   2.48649511672458E-22
 97   42     1.13340044720218E-23   1.57542662161103E-21
 98   42     1.00000000000000E-99   1.00000000000000E-99
 99   42     1.00000000000000E-99   1.00000000000000E-99
100   42     1.00000000000000E-99   1.00000000000000E-99
101   42     1.00000000000000E-99   1.00000000000000E-99
102   42     1.00000000000000E-99   1.00000000000000E-99
 36   43     1.00000000000000E-99   1.00000000000000E-99
 37   43     1.00000000000000E-99   1.00000000000000E-99
 38   43     1.00000000000000E-99   1.00000000000000E-99
 39   43     1.00000000000000E-99   1.00000000000000E-99
 40   43     1.00000000000000E-99   1.00000000000000E-99
 41   43     1.00000000000000E-99   1.00000000000000E-99
 42   43     1.00000000000000E-99   1.00000000000000E-99
 43   43     1.00000000000000E-99   1.00000000000000E-99
 44   43     1.00000000000000E-99   1.00000000000000E-99
 45   43     1.00000000000000E-99   1.00000000000000E-99
 46   43     1.00000000000000E-99   1.00000000000000E-99
 47   43     1.00000000000000E-99   1.00000000000000E-99
 48   43     1.00000000000000E-99   1.00000000000000E-99
 49   43     1.00000000000000E-99   1.00000000000000E-99
 50   43     1.00000000000000E-99   1.00000000000000E-99
 51   43     1.00000000000000E-99   1.00000000000000E-99
 52   43     1.00000000000000E-99   1.00000000000000E-99
 53   43     1.00000000000000E-99   1.00000000000000E-99
 54   43     1.00000000000000E-99   1.00000000000000E-99
 55   43     1.00000000000000E-99   1.00000000000000E-99
 56   43     1.19352204099503E-16   1.18158682058508E-14
 57   43     9.11522329992576E-18   9.11522329992576E-16
 58   43     9.65038202099342E-14   9.74688584120336E-12
 59   43     1.66727461876342E-13   1.70062011113868E-11
 60   43     1.41673972816677E-11   1.45924192001178E-09
 61   43     6.91556308727470E-12   7.19218561076568E-10
 62   43     3.31546407907008E-11   3.48123728302358E-09
 63   43     1.35769296018651E-10   1.43915453779770E-08
 64   43     7.36239813924292E-10   7.87776600898993E-08
 65   43     6.25027064924358E-10   6.75029230118306E-08
 66   43     3.55186962130201E-10   3.87153788721919E-08
 67   43     1.58255139062997E-10   1.74080652969297E-08
 68   43     2.77637584333687E-11   3.08177718610393E-09
 69   43     4.60266617775599E-12   5.15498611908671E-10
 70   43     1.37215930006409E-11   1.55054000907242E-09
 71   43     7.97351869835049E-12   9.08981131611956E-10
 72   43     7.04012919683650E-11   8.09614857636198E-09
 73   43     9.75071532208049E-10   1.13108297736134E-07
 74   43     5.97034227624940E-09   6.98530046321180E-07
 75   43     1.03428536810397E-08   1.22045673436268E-06
 76   43     1.49897164159748E-08   1.78377625350100E-06
 77   43     2.28799607639803E-08   2.74559529167764E-06
 78   43     1.34344202772370E-08   1.62556485354567E-06
 79   43     6.30936801745669E-08   7.69742898129716E-06
 80   43     2.57112210964328E-10   3.16248019486123E-08
 81   43     1.24868367073457E-08   1.54836775171086E-06
 82   43     2.46699769203536E-14   3.08374711504420E-12
 83   43     6.46577710965298E-24   8.14687915816275E-22
 84   43     1.00000000000000E-99   1.00000000000000E-99
 85   43     1.00000000000000E-99   1.00000000000000E-99
 86   43     8.98186567400799E-24   1.15866067194703E-21
 87   43     4.53997919514394E-24   5.90197295368713E-22
 88   43     1.58737417558650E-22   2.07946017001831E-20
 89   43     1.00000000000000E-99   1.00000000000000E-99
 90   43     2.05970535948768E-17   2.73940812811861E-15
 91   43     2.82908525854289E-20   3.79097424644747E-18
 92   43     3.40838092261680E-12   4.60131424553268E-10
 93   43     7.76916979093362E-16   1.05660709156697E-13
 94   43     9.66460316599316E-15   1.32405063374106E-12
 95   43     2.72180953391599E-19   3.75609715680407E-17
 96   43     2.11153698693000E-17   2.93503641183270E-15
 97   43     2.28555545610237E-20   3.19977763854331E-18
 98   43     7.54898681118240E-20   1.06440714037672E-17
 99   43     1.06582106330199E-22   1.51346590988883E-20
100   43     1.00000000000000E-99   1.00000000000000E-99
101   43     1.00000000000000E-99   1.00000000000000E-99
102   43     1.00000000000000E-99   1.00000000000000E-99
103   43     1.00000000000000E-99   1.00000000000000E-99
104   43     1.00000000000000E-99   1.00000000000000E-99
 37   44     1.00000000000000E-99   1.00000000000000E-99
 38   44     1.00000000000000E-99   1.00000000000000E-99
 39   44     1.00000000000000E-99   1.00000000000000E-99
 40   44     1.00000000000000E-99   1.00000000000000E-99
 41   44     1.00000000000000E-99   1.00000000000000E-99
 42   44     1.00000000000000E-99   1.00000000000000E-99
 43   44     1.00000000000000E-99   1.00000000000000E-99
 44   44     1.00000000000000E-99   1.00000000000000E-99
 45   44     1.00000000000000E-99   1.00000000000000E-99
 46   44     1.00000000000000E-99   1.00000000000000E-99
 47   44     1.00000000000000E-99   1.00000000000000E-99
 48   44     1.00000000000000E-99   1.00000000000000E-99
 49   44     1.00000000000000E-99   1.00000000000000E-99
 50   44     1.00000000000000E-99   1.00000000000000E-99
 51   44     1.00000000000000E-99   1.00000000000000E-99
 52   44     1.00000000000000E-99   1.00000000000000E-99
 53   44     1.00000000000000E-99   1.00000000000000E-99
 54   44     1.00000000000000E-99   1.00000000000000E-99
 55   44     1.00000000000000E-99   1.00000000000000E-99
 56   44     3.60818338583007E-19   3.60818338583007E-17
 57   44     5.97634525839939E-17   6.03610871098338E-15
 58   44     1.86191892433132E-14   1.89915730281794E-12
 59   44     1.68912909811664E-13   1.73980297106014E-11
 60   44     1.35166115525212E-14   1.40572760146220E-12
 61   44     5.38908397516704E-14   5.65853817392539E-12
 62   44     3.37889520186440E-12   3.58162891397627E-10
 63   44     3.86120091421021E-11   4.13148497820493E-09
 64   44     1.80558617206995E-10   1.95003306583555E-08
 65   44     1.41472322387935E-09   1.54204831402849E-07
 66   44     1.50749268872316E-09   1.65824195759548E-07
 67   44     1.73715669937543E-09   1.92824393630673E-07
 68   44     1.21263186256455E-09   1.35814768607229E-07
 69   44     2.68721912851869E-10   3.03655761522612E-08
 70   44     1.92651908896037E-10   2.19623176141482E-08
 71   44     1.32668394273703E-09   1.52568653414759E-07
 72   44     7.19970316103938E-09   8.35165566680568E-07
 73   44     1.85365425632335E-08   2.16877547989831E-06
 74   44     5.12272308721070E-08   6.04481324290862E-06
 75   44     1.30699728307475E-07   1.55532676685896E-05
 76   44     1.33803943917481E-07   1.60564732700977E-05
 77   44     2.14582867619451E-07   2.59645269819536E-05
 78   44     1.73210122235667E-07   2.11316349127514E-05
 79   44     1.79483008900498E-08   2.20764100947612E-06
 80   44     2.62246543106541E-08   3.25185713452111E-06
 81   44     1.35024763530294E-13   1.68780954412868E-11
 82   44     7.06867136026042E-20   8.90652591392813E-18
 83   44     2.16796487380502E-23   2.75331538973238E-21
 84   44     6.47531590023491E-23   8.28840435230068E-21
 85   44     9.65426335669985E-22   1.24539997301428E-19
 86   44     1.01341545986387E-16   1.31744009782303E-14
 87   44     2.78286049924508E-17   3.64554725401105E-15
 88   44     9.72888022788540E-12   1.28421219008087E-09
 89   44     7.72772029890334E-16   1.02778679975414E-13
 90   44     8.80784308478079E-14   1.18025097336063E-11
 91   44     3.66214898718612E-18   4.94390113270126E-16
 92   44     2.89991457947508E-10   3.94388382808611E-08
 93   44     3.39607474378479E-14   4.65262239898517E-12
 94   44     1.22406160567415E-11   1.68920501583032E-09
 95   44     5.51531698578067E-17   7.66629061023513E-15
 96   44     5.28502288726935E-12   7.39903204217710E-10
 97   44     2.69540045203531E-15   3.80051463736979E-13
 98   44     5.44264340226292E-15   7.72855363121335E-13
 99   44     1.04024703025569E-17   1.48755325326564E-15
100   44     1.11438865462092E-19   1.60471966265413E-17
101   44     9.51813143460612E-20   1.38012905801789E-17
102   44     1.00000000000000E-99   1.00000000000000E-99
103   44     1.00000000000000E-99   1.00000000000000E-99
104   44     1.00000000000000E-99   1.00000000000000E-99
105   44     1.00000000000000E-99   1.00000000000000E-99
106   44     1.00000000000000E-99   1.00000000000000E-99
 38   45     1.00000000000000E-99   1.00000000000000E-99
 39   45     1.00000000000000E-99   1.00000000000000E-99
 40   45     1.00000000000000E-99   1.00000000000000E-99
 41   45     1.00000000000000E-99   1.00000000000000E-99
 42   45     1.00000000000000E-99   1.00000000000000E-99
 43   45     1.00000000000000E-99   1.00000000000000E-99
 44   45     1.00000000000000E-99   1.00000000000000E-99
 45   45     1.00000000000000E-99   1.00000000000000E-99
 46   45     1.00000000000000E-99   1.00000000000000E-99
 47   45     1.00000000000000E-99   1.00000000000000E-99
 48   45     1.00000000000000E-99   1.00000000000000E-99
 49   45     1.00000000000000E-99   1.00000000000000E-99
 50   45     1.00000000000000E-99   1.00000000000000E-99
 51   45     1.00000000000000E-99   1.00000000000000E-99
 52   45     1.00000000000000E-99   1.00000000000000E-99
 53   45     1.00000000000000E-99   1.00000000000000E-99
 54   45     1.00000000000000E-99   1.00000000000000E-99
 55   45     1.00000000000000E-99   1.00000000000000E-99
 56   45     1.00000000000000E-99   1.00000000000000E-99
 57   45     1.00000000000000E-99   1.00000000000000E-99
 58   45     2.39016452919487E-20   2.46186946507072E-18
 59   45     1.53828044502777E-21   1.59981166282888E-19
 60   45     1.80977502808630E-18   1.90026377949061E-16
 61   45     1.72763314888625E-19   1.83129113781942E-17
 62   45     1.20764324878356E-13   1.29217827619841E-11
 63   45     4.62496190050794E-13   4.99495885254857E-11
 64   45     4.40937412753868E-11   4.80621779901716E-09
 65   45     1.25172820854800E-10   1.37690102940280E-08
 66   45     1.84727418183987E-09   2.05047434184226E-07
 67   45     1.23358299796786E-09   1.38161295772400E-07
 68   45     2.19172087838568E-09   2.47664459257581E-07
 69   45     1.68137805572240E-09   1.91677098352354E-07
 70   45     3.53958140285173E-09   4.07051861327949E-07
 71   45     2.47761273976683E-08   2.87403077812953E-06
 72   45     6.74384723801306E-08   7.89030126847528E-06
 73   45     1.29001539318755E-07   1.52221816396130E-05
 74   45     1.47547384358486E-07   1.75581387386598E-05
 75   45     1.95785159741781E-07   2.34942191690137E-05
 76   45     3.97207278631470E-07   4.80620807144079E-05
 77   45     1.29835254540216E-07   1.58399010539064E-05
 78   45     1.90050143022655E-08   2.33761675917865E-06
 79   45     1.53672796562216E-08   1.90554267737148E-06
 80   45     2.49837335132187E-12   3.12296668915234E-10
 81   45     5.18087968116194E-17   6.52790839826405E-15
 82   45     7.40042169214781E-19   9.39853554902772E-17
 83   45     7.90446534439952E-17   1.01177156408314E-14
 84   45     1.13001506748189E-16   1.45771943705164E-14
 85   45     2.53144824548273E-11   3.29088271912755E-09
 86   45     4.45725377454674E-13   5.83900244465623E-11
 87   45     1.26018223031296E-17   1.66344054401311E-15
 88   45     4.79850318463093E-14   6.38200923555913E-12
 89   45     3.62313330763683E-10   4.85499863223335E-08
 90   45     3.63934836332448E-11   4.91312029048804E-09
 91   45     1.91150289334693E-11   2.59964393495182E-09
 92   45     2.05781627616283E-12   2.81920829834308E-10
 93   45     8.33928867736554E-12   1.15082183747644E-09
 94   45     2.60144037369287E-13   3.61600211943309E-11
 95   45     3.28574366145091E-16   4.60004112603127E-14
 96   45     1.97841884369233E-16   2.78957056960619E-14
 97   45     2.58410374219959E-23   3.66942731392342E-21
 98   45     1.50666179192033E-19   2.15452636244607E-17
 99   45     1.00000000000000E-99   1.00000000000000E-99
100   45     1.00000000000000E-99   1.00000000000000E-99
101   45     1.00000000000000E-99   1.00000000000000E-99
102   45     1.00000000000000E-99   1.00000000000000E-99
103   45     1.00000000000000E-99   1.00000000000000E-99
104   45     1.00000000000000E-99   1.00000000000000E-99
105   45     1.00000000000000E-99   1.00000000000000E-99
106   45     1.00000000000000E-99   1.00000000000000E-99
107   45     1.00000000000000E-99   1.00000000000000E-99
108   45     1.00000000000000E-99   1.00000000000000E-99
 40   46     1.00000000000000E-99   1.00000000000000E-99
 41   46     1.00000000000000E-99   1.00000000000000E-99
 42   46     1.00000000000000E-99   1.00000000000000E-99
 43   46     1.00000000000000E-99   1.00000000000000E-99
 44   46     1.00000000000000E-99   1.00000000000000E-99
 45   46     1.00000000000000E-99   1.00000000000000E-99
 46   46     1.00000000000000E-99   1.00000000000000E-99
 47   46     1.00000000000000E-99   1.00000000000000E-99
 48   46     1.00000000000000E-99   1.00000000000000E-99
 49   46     1.00000000000000E-99   1.00000000000000E-99
 50   46     1.00000000000000E-99   1.00000000000000E-99
 51   46     1.00000000000000E-99   1.00000000000000E-99
 52   46     1.00000000000000E-99   1.00000000000000E-99
 53   46     1.00000000000000E-99   1.00000000000000E-99
 54   46     1.00000000000000E-99   1.00000000000000E-99
 55   46     1.00000000000000E-99   1.00000000000000E-99
 56   46     1.00000000000000E-99   1.00000000000000E-99
 57   46     1.00000000000000E-99   1.00000000000000E-99
 58   46     1.52952222549276E-23   1.59070311451247E-21
 59   46     4.51183745556703E-24   4.73742932834538E-22
 60   46     3.05417676805762E-21   3.23742737414108E-19
 61   46     4.61966173090653E-17   4.94303805206999E-15
 62   46     1.58755887452276E-14   1.71456358448458E-12
 63   46     3.54725611846414E-13   3.86650916912591E-11
 64   46     5.00625195966504E-11   5.50687715563155E-09
 65   46     1.72725588556683E-10   1.91725403297918E-08
 66   46     5.95152438500549E-10   6.66570731120615E-08
 67   46     1.34662751986713E-09   1.52168909744985E-07
 68   46     2.51221048472559E-09   2.86391995258718E-07
 69   46     4.33675580909482E-09   4.98726918045905E-07
 70   46     4.63531026856250E-08   5.37695991153250E-06
 71   46     2.39878179859455E-07   2.80657470435562E-05
 72   46     7.33687481330040E-07   8.65751227969447E-05
 73   46     8.62829553843628E-07   1.02676716907392E-04
 74   46     9.60617791201615E-07   1.15274134944194E-04
 75   46     8.32828877916579E-07   1.00772294227906E-04
 76   46     4.17566284015032E-07   5.09430866498339E-05
 77   46     7.40064504029059E-08   9.10279339955743E-06
 78   46     1.56577442874169E-08   1.94156029163970E-06
 79   46     3.86938391876457E-11   4.83672989845572E-09
 80   46     1.21743365977594E-11   1.53396641131768E-09
 81   46     6.73642373402160E-07   8.55525814220743E-05
 82   46     4.70166448981763E-08   6.01813054696657E-06
 83   46     3.68435826463377E-10   4.75282216137756E-08
 84   46     5.51442315450139E-12   7.16875010085181E-10
 85   46     2.34255394745018E-12   3.06874567115974E-10
 86   46     4.56280137158203E-09   6.02289781048828E-07
 87   46     4.02824388430402E-15   5.35756436612434E-13
 88   46     5.60455191385290E-11   7.51009956456289E-09
 89   46     2.21801461750934E-12   2.99431973363761E-10
 90   46     2.58516865827257E-10   3.51582937525070E-08
 91   46     9.99767541787868E-11   1.36968153224938E-08
 92   46     1.65013066502023E-10   2.27718031772791E-08
 93   46     9.70056267811443E-11   1.34837821225791E-08
 94   46     9.45306186902639E-11   1.32342866166369E-08
 95   46     5.23272934648114E-13   7.37814837853841E-11
 96   46     1.04441271625372E-11   1.48306605708028E-09
 97   46     2.41906275690442E-16   3.45925974237332E-14
 98   46     5.16538764734147E-14   7.43815821217171E-12
 99   46     4.18186433366639E-20   6.06370328381626E-18
100   46     8.81489663922689E-17   1.28697490932713E-14
101   46     8.58785387124793E-21   1.26241451907345E-18
102   46     1.10953669241249E-17   1.64211430477049E-15
103   46     2.22903939194912E-23   3.32126869400419E-21
104   46     5.38642414622534E-22   8.07963621933801E-20
105   46     1.00000000000000E-99   1.00000000000000E-99
106   46     1.00000000000000E-99   1.00000000000000E-99
107   46     1.00000000000000E-99   1.00000000000000E-99
108   46     1.00000000000000E-99   1.00000000000000E-99
109   46     1.00000000000000E-99   1.00000000000000E-99
110   46     1.00000000000000E-99   1.00000000000000E-99
 41   47     1.00000000000000E-99   1.00000000000000E-99
 42   47     1.00000000000000E-99   1.00000000000000E-99
 43   47     1.00000000000000E-99   1.00000000000000E-99
 44   47     1.00000000000000E-99   1.00000000000000E-99
 45   47     1.00000000000000E-99   1.00000000000000E-99
 46   47     1.00000000000000E-99   1.00000000000000E-99
 47   47     1.00000000000000E-99   1.00000000000000E-99
 48   47     1.00000000000000E-99   1.00000000000000E-99
 49   47     1.00000000000000E-99   1.00000000000000E-99
 50   47     1.00000000000000E-99   1.00000000000000E-99
 51   47     1.00000000000000E-99   1.00000000000000E-99
 52   47     1.00000000000000E-99   1.00000000000000E-99
 53   47     1.00000000000000E-99   1.00000000000000E-99
 54   47     1.00000000000000E-99   1.00000000000000E-99
 55   47     1.00000000000000E-99   1.00000000000000E-99
 56   47     1.00000000000000E-99   1.00000000000000E-99
 57   47     1.00000000000000E-99   1.00000000000000E-99
 58   47     1.00000000000000E-99   1.00000000000000E-99
 59   47     1.00000000000000E-99   1.00000000000000E-99
 60   47     1.00000000000000E-99   1.00000000000000E-99
 61   47     1.00000000000000E-99   1.00000000000000E-99
 62   47     3.59847968030687E-18   3.92234285153448E-16
 63   47     2.14344998144611E-19   2.35779497959072E-17
 64   47     8.08603644519176E-14   8.97550045416285E-12
 65   47     1.07189437679005E-14   1.20052170200486E-12
 66   47     1.26870616025973E-11   1.43363796109349E-09
 67   47     1.48737159718637E-11   1.69560362079246E-09
 68   47     1.38888522086461E-10   1.59721800399431E-08
 69   47     2.68668677885331E-09   3.11655666346984E-07
 70   47     4.90916651914642E-08   5.74372482740131E-06
 71   47     3.46537012542829E-07   4.08913674800539E-05
 72   47     6.73642315364724E-07   8.01634355284022E-05
 73   47     1.56705431841135E-06   1.88046518209362E-04
 74   47     2.49648962881594E-06   3.02075245086729E-04
 75   47     1.32939028966370E-06   1.62185615338972E-04
 76   47     1.47453322625978E-07   1.81367586829953E-05
 77   47     6.96956135213473E-08   8.64225607664706E-06
 78   47     4.55413497133983E-10   5.69266871417479E-08
 79   47     4.98191093473849E-08   6.27720777777050E-06
 80   47     3.57176998232314E-07   4.53614787755039E-05
 81   47     3.73554404807955E-07   4.78149638154182E-05
 82   47     6.37735272850572E-08   8.22678501977238E-06
 83   47     1.32476350589963E-08   1.72219255766952E-06
 84   47     3.24558682310572E-09   4.25171873826849E-07
 85   47     2.92341121867521E-09   3.85890280865128E-07
 86   47     1.10491902694612E-09   1.46954230583834E-07
 87   47     1.46474130739755E-14   1.96275335191272E-12
 88   47     2.07876828273222E-10   2.80633718168850E-08
 89   47     8.67254920541280E-11   1.17946669193614E-08
 90   47     3.38560198936756E-10   4.63827472543355E-08
 91   47     1.48637379784186E-10   2.05119584102177E-08
 92   47     4.30548313385067E-10   5.98462155605243E-08
 93   47     4.93037458182693E-11   6.90252441455770E-09
 94   47     1.14406641320150E-10   1.61313364261412E-08
 95   47     1.15788686384760E-09   1.64419934666359E-07
 96   47     7.47643900866574E-10   1.06913077823920E-07
 97   47     5.64067222212822E-11   8.12256799986464E-09
 98   47     8.73952499509518E-12   1.26723112428880E-09
 99   47     1.26746558779746E-11   1.85049975818430E-09
100   47     2.61835757811926E-14   3.84898563983530E-12
101   47     2.38552196845391E-17   3.53057251331179E-15
102   47     6.22366900473394E-17   9.27326681705357E-15
103   47     1.00000000000000E-99   1.00000000000000E-99
104   47     4.81097033725911E-25   7.26456520926126E-23
105   47     1.00000000000000E-99   1.00000000000000E-99
106   47     1.00000000000000E-99   1.00000000000000E-99
107   47     1.00000000000000E-99   1.00000000000000E-99
108   47     1.00000000000000E-99   1.00000000000000E-99
109   47     1.00000000000000E-99   1.00000000000000E-99
110   47     1.00000000000000E-99   1.00000000000000E-99
111   47     1.00000000000000E-99   1.00000000000000E-99
112   47     1.00000000000000E-99   1.00000000000000E-99
113   47     1.00000000000000E-99   1.00000000000000E-99
 42   48     1.00000000000000E-99   1.00000000000000E-99
 43   48     1.00000000000000E-99   1.00000000000000E-99
 44   48     1.00000000000000E-99   1.00000000000000E-99
 45   48     1.00000000000000E-99   1.00000000000000E-99
 46   48     1.00000000000000E-99   1.00000000000000E-99
 47   48     1.00000000000000E-99   1.00000000000000E-99
 48   48     1.00000000000000E-99   1.00000000000000E-99
 49   48     1.00000000000000E-99   1.00000000000000E-99
 50   48     1.00000000000000E-99   1.00000000000000E-99
 51   48     1.00000000000000E-99   1.00000000000000E-99
 52   48     1.00000000000000E-99   1.00000000000000E-99
 53   48     1.00000000000000E-99   1.00000000000000E-99
 54   48     1.00000000000000E-99   1.00000000000000E-99
 55   48     1.00000000000000E-99   1.00000000000000E-99
 56   48     1.00000000000000E-99   1.00000000000000E-99
 57   48     1.00000000000000E-99   1.00000000000000E-99
 58   48     1.00000000000000E-99   1.00000000000000E-99
 59   48     1.00000000000000E-99   1.00000000000000E-99
 60   48     1.00000000000000E-99   1.00000000000000E-99
 61   48     1.00000000000000E-99   1.00000000000000E-99
 62   48     4.39220330524729E-21   4.83142363577202E-19
 63   48     6.16225108461070E-20   6.84009870391787E-18
 64   48     5.65774593254604E-19   6.33667544445156E-17
 65   48     3.89411871131229E-16   4.40035414378288E-14
 66   48     2.31688314387422E-12   2.64124678401661E-10
 67   48     1.12211904108443E-13   1.29043689724709E-11
 68   48     6.03609665037787E-12   7.00187211443833E-10
 69   48     3.99931068080064E-10   4.67919349653674E-08
 70   48     6.54890548793368E-08   7.72770847576175E-06
 71   48     6.94209979286571E-07   8.26109875351020E-05
 72   48     1.30656555058000E-06   1.56787866069600E-04
 73   48     3.88783471322795E-06   4.70428000300582E-04
 74   48     3.19544443143714E-06   3.89844220635331E-04
 75   48     6.14674156109393E-07   7.56049212014553E-05
 76   48     3.07097526275561E-07   3.80800932581696E-05
 77   48     3.08409688605843E-08   3.85512110757304E-06
 78   48     5.52768516985198E-07   6.96488331401349E-05
 79   48     1.93950454727059E-06   2.46317077503365E-04
 80   48     2.37179115722708E-06   3.03589268125066E-04
 81   48     5.52508750813183E-05   7.12736288549007E-03
 82   48     1.51531225102567E-07   1.96990592633337E-05
 83   48     2.47907486171572E-08   3.24758806884759E-06
 84   48     2.06952002201637E-08   2.73176642906161E-06
 85   48     4.60880589680056E-09   6.12971184274474E-07
 86   48     6.52567915130542E-09   8.74441006274926E-07
 87   48     8.08661598661356E-09   1.09169315819283E-06
 88   48     8.96868701909425E-09   1.21974143459682E-06
 89   48     3.40565328850420E-14   4.66574500525075E-12
 90   48     8.12906867737928E-10   1.12181147747834E-07
 91   48     7.69453539029533E-12   1.06954041925105E-09
 92   48     1.80747056653301E-09   2.53045879314621E-07
 93   48     1.65234525785652E-09   2.32980681357769E-07
 94   48     9.93128117508952E-10   1.41024192686271E-07
 95   48     2.69136120404107E-10   3.84864652177873E-08
 96   48     2.36710715762994E-10   3.40863430698711E-08
 97   48     1.27329629841620E-10   1.84627963270349E-08
 98   48     4.98020366778000E-11   7.27109735495880E-09
 99   48     3.23003376257453E-12   4.74814963098456E-10
100   48     3.69788489423343E-15   5.47286964346548E-13
101   48     8.37025055622708E-18   1.24716733287784E-15
102   48     1.07672860948460E-20   1.61509291422690E-18
103   48     1.00000000000000E-99   1.00000000000000E-99
104   48     1.00000000000000E-99   1.00000000000000E-99
105   48     1.00000000000000E-99   1.00000000000000E-99
106   48     1.00000000000000E-99   1.00000000000000E-99
107   48     1.00000000000000E-99   1.00000000000000E-99
108   48     1.00000000000000E-99   1.00000000000000E-99
109   48     1.00000000000000E-99   1.00000000000000E-99
110   48     1.00000000000000E-99   1.00000000000000E-99
111   48     1.00000000000000E-99   1.00000000000000E-99
112   48     1.00000000000000E-99   1.00000000000000E-99
113   48     1.00000000000000E-99   1.00000000000000E-99
114   48     1.00000000000000E-99   1.00000000000000E-99
115   48     1.00000000000000E-99   1.00000000000000E-99
 43   49     1.00000000000000E-99   1.00000000000000E-99
 44   49     1.00000000000000E-99   1.00000000000000E-99
 45   49     1.00000000000000E-99   1.00000000000000E-99
 46   49     1.00000000000000E-99   1.00000000000000E-99
 47   49     1.00000000000000E-99   1.00000000000000E-99
 48   49     1.00000000000000E-99   1.00000000000000E-99
 49   49     1.00000000000000E-99   1.00000000000000E-99
 50   49     1.00000000000000E-99   1.00000000000000E-99
 51   49     1.00000000000000E-99   1.00000000000000E-99
 52   49     1.00000000000000E-99   1.00000000000000E-99
 53   49     1.00000000000000E-99   1.00000000000000E-99
 54   49     1.00000000000000E-99   1.00000000000000E-99
 55   49     1.00000000000000E-99   1.00000000000000E-99
 56   49     1.00000000000000E-99   1.00000000000000E-99
 57   49     1.00000000000000E-99   1.00000000000000E-99
 58   49     1.00000000000000E-99   1.00000000000000E-99
 59   49     1.00000000000000E-99   1.00000000000000E-99
 60   49     1.00000000000000E-99   1.00000000000000E-99
 61   49     1.00000000000000E-99   1.00000000000000E-99
 62   49     1.00000000000000E-99   1.00000000000000E-99
 63   49     1.00000000000000E-99   1.00000000000000E-99
 64   49     1.00000000000000E-99   1.00000000000000E-99
 65   49     1.00000000000000E-99   1.00000000000000E-99
 66   49     3.12558084410031E-19   3.59441797071535E-17
 67   49     1.95769302828065E-20   2.27092391280556E-18
 68   49     1.98138385051665E-14   2.31821910510448E-12
 69   49     9.76915249142994E-12   1.15275999398873E-09
 70   49     2.58588029580562E-09   3.07719755200869E-07
 71   49     1.31716733902453E-08   1.58060080682944E-06
 72   49     2.07486816113661E-07   2.51059047497530E-05
 73   49     3.34492834211542E-07   4.08081257738082E-05
 74   49     3.30925540693277E-07   4.07038415052731E-05
 75   49     1.88449317088369E-07   2.33677153189577E-05
 76   49     1.91029881376226E-07   2.38787351720282E-05
 77   49     2.33375372948954E-06   2.94052969915682E-04
 78   49     1.10831487422374E-05   1.40755989026415E-03
 79   49     2.22713643212157E-05   2.85073463311561E-03
 80   49     4.41872490329391E-05   5.70015512524915E-03
 81   49     6.34185205529867E-07   8.24440767188828E-05
 82   49     2.98203768380808E-07   3.90646936578858E-05
 83   49     4.10483590997768E-08   5.41838340117053E-06
 84   49     2.13292557885042E-08   2.83679101987106E-06
 85   49     1.04376649124324E-08   1.39864709826594E-06
 86   49     5.92595230141764E-09   8.00003560691382E-07
 87   49     9.78046353369269E-10   1.33014304058221E-07
 88   49     1.75029118060155E-09   2.39789891742413E-07
 89   49     9.65784122983702E-10   1.33278208971751E-07
 90   49     4.10493994819009E-09   5.70586652798423E-07
 91   49     8.45237420019235E-10   1.18333238802693E-07
 92   49     9.68045991758733E-10   1.36494484837981E-07
 93   49     1.68510017248064E-10   2.39284224492251E-08
 94   49     4.62299160795145E-10   6.61087799937057E-08
 95   49     1.71988002987266E-10   2.47662724301662E-08
 96   49     2.44691332958901E-10   3.54802432790406E-08
 97   49     4.65020373388045E-11   6.78929745146546E-09
 98   49     1.35106014323119E-11   1.98605841054984E-09
 99   49     1.37202309996673E-16   2.03059418795076E-14
100   49     1.42277550816967E-19   2.11993550717281E-17
101   49     1.92569286332839E-23   2.88853929499259E-21
102   49     1.00000000000000E-99   1.00000000000000E-99
103   49     1.00000000000000E-99   1.00000000000000E-99
104   49     1.00000000000000E-99   1.00000000000000E-99
105   49     1.00000000000000E-99   1.00000000000000E-99
106   49     1.00000000000000E-99   1.00000000000000E-99
107   49     1.00000000000000E-99   1.00000000000000E-99
108   49     1.00000000000000E-99   1.00000000000000E-99
109   49     1.00000000000000E-99   1.00000000000000E-99
110   49     1.00000000000000E-99   1.00000000000000E-99
111   49     1.00000000000000E-99   1.00000000000000E-99
112   49     1.00000000000000E-99   1.00000000000000E-99
113   49     1.00000000000000E-99   1.00000000000000E-99
114   49     1.00000000000000E-99   1.00000000000000E-99
115   49     1.00000000000000E-99   1.00000000000000E-99
116   49     1.00000000000000E-99   1.00000000000000E-99
117   49     1.00000000000000E-99   1.00000000000000E-99
 44   50     1.00000000000000E-99   1.00000000000000E-99
 45   50     1.00000000000000E-99   1.00000000000000E-99
 46   50     1.00000000000000E-99   1.00000000000000E-99
 47   50     1.00000000000000E-99   1.00000000000000E-99
 48   50     1.00000000000000E-99   1.00000000000000E-99
 49   50     1.00000000000000E-99   1.00000000000000E-99
 50   50     1.00000000000000E-99   1.00000000000000E-99
 51   50     1.00000000000000E-99   1.00000000000000E-99
 52   50     1.00000000000000E-99   1.00000000000000E-99
 53   50     1.00000000000000E-99   1.00000000000000E-99
 54   50     1.00000000000000E-99   1.00000000000000E-99
 55   50     1.00000000000000E-99   1.00000000000000E-99
 56   50     1.00000000000000E-99   1.00000000000000E-99
 57   50     1.00000000000000E-99   1.00000000000000E-99
 58   50     1.00000000000000E-99   1.00000000000000E-99
 59   50     1.00000000000000E-99   1.00000000000000E-99
 60   50     1.00000000000000E-99   1.00000000000000E-99
 61   50     1.00000000000000E-99   1.00000000000000E-99
 62   50     1.00000000000000E-99   1.00000000000000E-99
 63   50     1.00000000000000E-99   1.00000000000000E-99
 64   50     1.00000000000000E-99   1.00000000000000E-99
 65   50     1.00000000000000E-99   1.00000000000000E-99
 66   50     8.13034490405997E-22   9.43120008870956E-20
 67   50     2.86153543652693E-18   3.34799646073650E-16
 68   50     8.08642858748291E-13   9.54198573322983E-11
 69   50     8.35241258409278E-12   9.93937097507041E-10
 70   50     2.09986542367358E-09   2.51983850840830E-07
 71   50     4.83497430261519E-09   5.85031890616438E-07
 72   50     1.33415833420490E-07   1.62767316772998E-05
 73   50     4.19653079187617E-08   5.16173287400769E-06
 74   50     4.47603880090006E-08   5.55028811311607E-06
 75   50     1.56187148656152E-07   1.95233935820190E-05
 76   50     3.01219552046680E-06   3.79536635578817E-04
 77   50     2.77266431721188E-05   3.52128368285909E-03
 78   50     1.40876191176838E-04   1.80321524706353E-02
 79   50     2.77140109137244E-04   3.57510740787045E-02
 80   50     3.51896843437843E-04   4.57465896469196E-02
 81   50     3.13568797229276E-04   4.10775124370351E-02
 82   50     3.75956700378632E-04   4.96262844499794E-02
 83   50     3.08641840240876E-05   4.10493647520365E-03
 84   50     3.08685348160189E-05   4.13638366534653E-03
 85   50     2.59541359579046E-07   3.50380835431712E-05
 86   50     3.59858893410255E-08   4.89408095037946E-06
 87   50     4.15226142075283E-08   5.68859814643138E-06
 88   50     2.32922868450333E-07   3.21433558461460E-05
 89   50     3.13008723447830E-08   4.35082125592483E-06
 90   50     9.54616754663647E-09   1.33646345652911E-06
 91   50     9.48209843120815E-10   1.33697587880035E-07
 92   50     1.57017343994364E-09   2.22964628471998E-07
 93   50     3.82532083649086E-10   5.47020879618194E-08
 94   50     6.78039037062070E-10   9.76376213369381E-08
 95   50     5.95498678154655E-11   8.63473083324250E-09
 96   50     8.13583384995743E-11   1.18783174209379E-08
 97   50     7.92487465672578E-13   1.16495657453869E-10
 98   50     3.03733110826485E-17   4.49525004023197E-15
 99   50     1.79639406046309E-22   2.67662715009000E-20
100   50     1.00000000000000E-99   1.00000000000000E-99
101   50     1.00000000000000E-99   1.00000000000000E-99
102   50     1.00000000000000E-99   1.00000000000000E-99
103   50     1.00000000000000E-99   1.00000000000000E-99
104   50     1.00000000000000E-99   1.00000000000000E-99
105   50     1.00000000000000E-99   1.00000000000000E-99
106   50     1.00000000000000E-99   1.00000000000000E-99
107   50     1.00000000000000E-99   1.00000000000000E-99
108   50     1.00000000000000E-99   1.00000000000000E-99
109   50     1.00000000000000E-99   1.00000000000000E-99
110   50     1.00000000000000E-99   1.00000000000000E-99
111   50     1.00000000000000E-99   1.00000000000000E-99
112   50     1.00000000000000E-99   1.00000000000000E-99
113   50     1.00000000000000E-99   1.00000000000000E-99
114   50     1.00000000000000E-99   1.00000000000000E-99
115   50     1.00000000000000E-99   1.00000000000000E-99
116   50     1.00000000000000E-99   1.00000000000000E-99
117   50     1.00000000000000E-99   1.00000000000000E-99
118   50     1.00000000000000E-99   1.00000000000000E-99
119   50     1.00000000000000E-99   1.00000000000000E-99
 46   51     1.00000000000000E-99   1.00000000000000E-99
 47   51     1.00000000000000E-99   1.00000000000000E-99
 48   51     1.00000000000000E-99   1.00000000000000E-99
 49   51     1.00000000000000E-99   1.00000000000000E-99
 50   51     1.00000000000000E-99   1.00000000000000E-99
 51   51     1.00000000000000E-99   1.00000000000000E-99
 52   51     1.00000000000000E-99   1.00000000000000E-99
 53   51     1.00000000000000E-99   1.00000000000000E-99
 54   51     1.00000000000000E-99   1.00000000000000E-99
 55   51     1.00000000000000E-99   1.00000000000000E-99
 56   51     1.00000000000000E-99   1.00000000000000E-99
 57   51     1.00000000000000E-99   1.00000000000000E-99
 58   51     1.00000000000000E-99   1.00000000000000E-99
 59   51     1.00000000000000E-99   1.00000000000000E-99
 60   51     1.00000000000000E-99   1.00000000000000E-99
 61   51     1.00000000000000E-99   1.00000000000000E-99
 62   51     1.00000000000000E-99   1.00000000000000E-99
 63   51     1.00000000000000E-99   1.00000000000000E-99
 64   51     1.00000000000000E-99   1.00000000000000E-99
 65   51     1.00000000000000E-99   1.00000000000000E-99
 66   51     1.00000000000000E-99   1.00000000000000E-99
 67   51     1.00000000000000E-99   1.00000000000000E-99
 68   51     1.00000000000000E-99   1.00000000000000E-99
 69   51     1.00000000000000E-99   1.00000000000000E-99
 70   51     2.08646264795112E-14   2.52461980402086E-12
 71   51     7.20464162941762E-16   8.78966278788950E-14
 72   51     2.17552624276218E-15   2.67589727859749E-13
 73   51     6.56328773482799E-17   8.13847679118670E-15
 74   51     1.75584392060731E-13   2.19480490075914E-11
 75   51     9.62552625003773E-15   1.21281630750475E-12
 76   51     4.06961097846638E-09   5.16840594265230E-07
 77   51     5.18897292730215E-08   6.64188534694675E-06
 78   51     2.65619591781035E-06   3.42649273397535E-04
 79   51     5.78036580776649E-05   7.51447555009644E-03
 80   51     9.61678750466678E-05   1.25979916311135E-02
 81   51     8.58432111859491E-05   1.13313038765453E-02
 82   51     5.16130531015443E-04   6.86453606250539E-02
 83   51     4.38664952968743E-05   5.87811036978115E-03
 84   51     2.70540408562206E-05   3.65229551558978E-03
 85   51     5.43890271384656E-06   7.39690769083133E-04
 86   51     1.62974889605402E-06   2.23275598759400E-04
 87   51     1.04528699047909E-07   1.44249604686115E-05
 88   51     9.60948984737429E-09   1.33571908878503E-06
 89   51     1.64588959848737E-08   2.30424543788232E-06
 90   51     7.05995166156003E-09   9.95453184279964E-07
 91   51     5.34974929301374E-10   7.59664399607952E-08
 92   51     1.39609927643171E-09   1.99642196529734E-07
 93   51     1.31603932503670E-10   1.89509662805285E-08
 94   51     1.45118384724378E-10   2.10421657850348E-08
 95   51     9.54619313131280E-12   1.39374419717167E-09
 96   51     3.37247122973293E-13   4.95753270770741E-11
 97   51     8.17333979279070E-18   1.20965428933302E-15
 98   51     8.79452846869765E-23   1.31038474183595E-20
 99   51     1.00000000000000E-99   1.00000000000000E-99
100   51     1.00000000000000E-99   1.00000000000000E-99
101   51     1.00000000000000E-99   1.00000000000000E-99
102   51     1.00000000000000E-99   1.00000000000000E-99
103   51     1.00000000000000E-99   1.00000000000000E-99
104   51     1.00000000000000E-99   1.00000000000000E-99
105   51     1.00000000000000E-99   1.00000000000000E-99
106   51     1.00000000000000E-99   1.00000000000000E-99
107   51     1.00000000000000E-99   1.00000000000000E-99
108   51     1.00000000000000E-99   1.00000000000000E-99
109   51     1.00000000000000E-99   1.00000000000000E-99
110   51     1.00000000000000E-99   1.00000000000000E-99
111   51     1.00000000000000E-99   1.00000000000000E-99
112   51     1.00000000000000E-99   1.00000000000000E-99
113   51     1.00000000000000E-99   1.00000000000000E-99
114   51     1.00000000000000E-99   1.00000000000000E-99
115   51     1.00000000000000E-99   1.00000000000000E-99
116   51     1.00000000000000E-99   1.00000000000000E-99
117   51     1.00000000000000E-99   1.00000000000000E-99
118   51     1.00000000000000E-99   1.00000000000000E-99
119   51     1.00000000000000E-99   1.00000000000000E-99
120   51     1.00000000000000E-99   1.00000000000000E-99
121   51     1.00000000000000E-99   1.00000000000000E-99
 47   52     1.00000000000000E-99   1.00000000000000E-99
 48   52     1.00000000000000E-99   1.00000000000000E-99
 49   52     1.00000000000000E-99   1.00000000000000E-99
 50   52     1.00000000000000E-99   1.00000000000000E-99
 51   52     1.00000000000000E-99   1.00000000000000E-99
 52   52     1.00000000000000E-99   1.00000000000000E-99
 53   52     1.00000000000000E-99   1.00000000000000E-99
 54   52     1.00000000000000E-99   1.00000000000000E-99
 55   52     1.00000000000000E-99   1.00000000000000E-99
 56   52     1.00000000000000E-99   1.00000000000000E-99
 57   52     1.00000000000000E-99   1.00000000000000E-99
 58   52     1.00000000000000E-99   1.00000000000000E-99
 59   52     1.00000000000000E-99   1.00000000000000E-99
 60   52     1.00000000000000E-99   1.00000000000000E-99
 61   52     1.00000000000000E-99   1.00000000000000E-99
 62   52     1.00000000000000E-99   1.00000000000000E-99
 63   52     1.00000000000000E-99   1.00000000000000E-99
 64   52     1.00000000000000E-99   1.00000000000000E-99
 65   52     1.00000000000000E-99   1.00000000000000E-99
 66   52     1.00000000000000E-99   1.00000000000000E-99
 67   52     1.00000000000000E-99   1.00000000000000E-99
 68   52     1.00000000000000E-99   1.00000000000000E-99
 69   52     1.00000000000000E-99   1.00000000000000E-99
 70   52     1.27555172944444E-21   1.55617310992222E-19
 71   52     2.43767600080429E-23   2.99834148098928E-21
 72   52     5.33274659603013E-24   6.61260577907737E-22
 73   52     1.27918557998635E-21   1.59898197498294E-19
 74   52     8.03751301421967E-21   1.01272663979168E-18
 75   52     8.72907176751293E-15   1.10859211447414E-12
 76   52     1.31215360502887E-12   1.67955661443695E-10
 77   52     1.33884088917417E-10   1.72710474703468E-08
 78   52     4.61754149937239E-08   6.00280394918411E-06
 79   52     1.52697368425337E-07   2.00033552637191E-05
 80   52     1.16667507242153E-06   1.54001109559642E-04
 81   52     1.63319780946271E-05   2.17215308658541E-03
 82   52     2.93998328474971E-04   3.93957760156461E-02
 83   52     7.88421435341661E-05   1.06436893771124E-02
 84   52     1.03254819044767E-04   1.40426553900884E-02
 85   52     3.09902586353803E-05   4.24566543304710E-03
 86   52     9.23511850761293E-06   1.27444635405058E-03
 87   52     1.85570549426691E-06   2.57943063703101E-04
 88   52     9.42104523166759E-07   1.31894633243346E-04
 89   52     7.25097410216276E-09   1.02238734840495E-06
 90   52     5.42693602542672E-09   7.70624915610595E-07
 91   52     4.72944523932169E-10   6.76310669223002E-08
 92   52     5.85351424103027E-10   8.42906050708359E-08
 93   52     1.48074210679826E-11   2.14707605485747E-09
 94   52     1.55985052892678E-12   2.27738177223311E-10
 95   52     1.31611997885262E-15   1.93469636891336E-13
 96   52     1.91797365464991E-19   2.83860100888187E-17
 97   52     2.24185072504568E-24   3.34035758031806E-22
 98   52     1.00000000000000E-99   1.00000000000000E-99
 99   52     1.00000000000000E-99   1.00000000000000E-99
100   52     1.00000000000000E-99   1.00000000000000E-99
101   52     1.00000000000000E-99   1.00000000000000E-99
102   52     1.00000000000000E-99   1.00000000000000E-99
103   52     1.00000000000000E-99   1.00000000000000E-99
104   52     1.00000000000000E-99   1.00000000000000E-99
105   52     1.00000000000000E-99   1.00000000000000E-99
106   52     1.00000000000000E-99   1.00000000000000E-99
107   52     1.00000000000000E-99   1.00000000000000E-99
108   52     1.00000000000000E-99   1.00000000000000E-99
109   52     1.00000000000000E-99   1.00000000000000E-99
110   52     1.00000000000000E-99   1.00000000000000E-99
111   52     1.00000000000000E-99   1.00000000000000E-99
112   52     1.00000000000000E-99   1.00000000000000E-99
113   52     1.00000000000000E-99   1.00000000000000E-99
114   52     1.00000000000000E-99   1.00000000000000E-99
115   52     1.00000000000000E-99   1.00000000000000E-99
116   52     1.00000000000000E-99   1.00000000000000E-99
117   52     1.00000000000000E-99   1.00000000000000E-99
118   52     1.00000000000000E-99   1.00000000000000E-99
119   52     1.00000000000000E-99   1.00000000000000E-99
120   52     1.00000000000000E-99   1.00000000000000E-99
121   52     1.00000000000000E-99   1.00000000000000E-99
122   52     1.00000000000000E-99   1.00000000000000E-99
123   52     1.00000000000000E-99   1.00000000000000E-99
124   52     1.00000000000000E-99   1.00000000000000E-99
 48   53     1.00000000000000E-99   1.00000000000000E-99
 49   53     1.00000000000000E-99   1.00000000000000E-99
 50   53     1.00000000000000E-99   1.00000000000000E-99
 51   53     1.00000000000000E-99   1.00000000000000E-99
 52   53     1.00000000000000E-99   1.00000000000000E-99
 53   53     1.00000000000000E-99   1.00000000000000E-99
 54   53     1.00000000000000E-99   1.00000000000000E-99
 55   53     1.00000000000000E-99   1.00000000000000E-99
 56   53     1.00000000000000E-99   1.00000000000000E-99
 57   53     1.00000000000000E-99   1.00000000000000E-99
 58   53     1.00000000000000E-99   1.00000000000000E-99
 59   53     1.00000000000000E-99   1.00000000000000E-99
 60   53     1.00000000000000E-99   1.00000000000000E-99
 61   53     1.00000000000000E-99   1.00000000000000E-99
 62   53     1.00000000000000E-99   1.00000000000000E-99
 63   53     1.00000000000000E-99   1.00000000000000E-99
 64   53     1.00000000000000E-99   1.00000000000000E-99
 65   53     1.00000000000000E-99   1.00000000000000E-99
 66   53     1.00000000000000E-99   1.00000000000000E-99
 67   53     1.00000000000000E-99   1.00000000000000E-99
 68   53     1.00000000000000E-99   1.00000000000000E-99
 69   53     1.00000000000000E-99   1.00000000000000E-99
 70   53     1.00000000000000E-99   1.00000000000000E-99
 71   53     1.00000000000000E-99   1.00000000000000E-99
 72   53     1.00000000000000E-99   1.00000000000000E-99
 73   53     1.00000000000000E-99   1.00000000000000E-99
 74   53     1.35766417460971E-19   1.72423350175434E-17
 75   53     7.70843419311675E-21   9.86679576718944E-19
 76   53     1.83384320470226E-14   2.36565773406591E-12
 77   53     8.08722057520002E-16   1.05133867477600E-13
 78   53     1.13610113667476E-10   1.48829248904394E-08
 79   53     1.17191961953544E-11   1.54693389778678E-09
 80   53     2.79506823136873E-08   3.71744074772041E-06
 81   53     1.66921450742558E-07   2.23674743995028E-05
 82   53     7.39376015629506E-06   9.98157621099833E-04
 83   53     1.26422414186754E-05   1.71934483293985E-03
 84   53     3.71977380798367E-05   5.09609011693762E-03
 85   53     2.94648849782035E-05   4.06615412699208E-03
 86   53     3.43069181119909E-06   4.76866161756674E-04
 87   53     2.09410799190553E-06   2.93175118866774E-04
 88   53     6.43823724453416E-08   9.07791451479317E-06
 89   53     1.17263361540484E-08   1.66513973387487E-06
 90   53     1.21354208098330E-09   1.73536517580612E-07
 91   53     4.57848762252068E-10   6.59302217642977E-08
 92   53     2.15901356044300E-11   3.13056966264235E-09
 93   53     7.44290780404514E-13   1.08666453939059E-10
 94   53     1.40625627883095E-15   2.06719672988150E-13
 95   53     1.63354026715780E-19   2.41763959539354E-17
 96   53     1.68014991098682E-23   2.50342336737036E-21
 97   53     1.00000000000000E-99   1.00000000000000E-99
 98   53     1.00000000000000E-99   1.00000000000000E-99
 99   53     1.00000000000000E-99   1.00000000000000E-99
100   53     1.00000000000000E-99   1.00000000000000E-99
101   53     1.00000000000000E-99   1.00000000000000E-99
102   53     1.00000000000000E-99   1.00000000000000E-99
103   53     1.00000000000000E-99   1.00000000000000E-99
104   53     1.00000000000000E-99   1.00000000000000E-99
105   53     1.00000000000000E-99   1.00000000000000E-99
106   53     1.00000000000000E-99   1.00000000000000E-99
107   53     1.00000000000000E-99   1.00000000000000E-99
108   53     1.00000000000000E-99   1.00000000000000E-99
109   53     1.00000000000000E-99   1.00000000000000E-99
110   53     1.00000000000000E-99   1.00000000000000E-99
111   53     1.00000000000000E-99   1.00000000000000E-99
112   53     1.00000000000000E-99   1.00000000000000E-99
113   53     1.00000000000000E-99   1.00000000000000E-99
114   53     1.00000000000000E-99   1.00000000000000E-99
115   53     1.00000000000000E-99   1.00000000000000E-99
116   53     1.00000000000000E-99   1.00000000000000E-99
117   53     1.00000000000000E-99   1.00000000000000E-99
118   53     1.00000000000000E-99   1.00000000000000E-99
119   53     1.00000000000000E-99   1.00000000000000E-99
120   53     1.00000000000000E-99   1.00000000000000E-99
121   53     1.00000000000000E-99   1.00000000000000E-99
122   53     1.00000000000000E-99   1.00000000000000E-99
123   53     1.00000000000000E-99   1.00000000000000E-99
124   53     1.00000000000000E-99   1.00000000000000E-99
125   53     1.00000000000000E-99   1.00000000000000E-99
126   53     1.00000000000000E-99   1.00000000000000E-99
 49   54     1.00000000000000E-99   1.00000000000000E-99
 50   54     1.00000000000000E-99   1.00000000000000E-99
 51   54     1.00000000000000E-99   1.00000000000000E-99
 52   54     1.00000000000000E-99   1.00000000000000E-99
 53   54     1.00000000000000E-99   1.00000000000000E-99
 54   54     1.00000000000000E-99   1.00000000000000E-99
 55   54     1.00000000000000E-99   1.00000000000000E-99
 56   54     1.00000000000000E-99   1.00000000000000E-99
 57   54     1.00000000000000E-99   1.00000000000000E-99
 58   54     1.00000000000000E-99   1.00000000000000E-99
 59   54     1.00000000000000E-99   1.00000000000000E-99
 60   54     1.00000000000000E-99   1.00000000000000E-99
 61   54     1.00000000000000E-99   1.00000000000000E-99
 62   54     1.00000000000000E-99   1.00000000000000E-99
 63   54     1.00000000000000E-99   1.00000000000000E-99
 64   54     1.00000000000000E-99   1.00000000000000E-99
 65   54     1.00000000000000E-99   1.00000000000000E-99
 66   54     1.00000000000000E-99   1.00000000000000E-99
 67   54     1.00000000000000E-99   1.00000000000000E-99
 68   54     1.00000000000000E-99   1.00000000000000E-99
 69   54     1.00000000000000E-99   1.00000000000000E-99
 70   54     1.00000000000000E-99   1.00000000000000E-99
 71   54     1.00000000000000E-99   1.00000000000000E-99
 72   54     1.00000000000000E-99   1.00000000000000E-99
 73   54     1.00000000000000E-99   1.00000000000000E-99
 74   54     1.00000000000000E-99   1.00000000000000E-99
 75   54     1.00000000000000E-99   1.00000000000000E-99
 76   54     1.09615349215820E-20   1.42499953980566E-18
 77   54     1.21884695410778E-16   1.59668950988119E-14
 78   54     1.45675490151479E-15   1.92291646999952E-13
 79   54     3.07855041456836E-13   4.09447205137592E-11
 80   54     4.71227751563360E-11   6.31445187094902E-09
 81   54     3.16959178090433E-10   4.27894890422085E-08
 82   54     3.12067827413810E-07   4.24412245282782E-05
 83   54     2.29806029122805E-06   3.14834259898243E-04
 84   54     8.18725212965068E-06   1.12984079389179E-03
 85   54     4.18837025690559E-06   5.82183465709877E-04
 86   54     8.15068335830899E-06   1.14109567016326E-03
 87   54     1.47134749780183E-06   2.07459997190058E-04
 88   54     3.94911841738479E-07   5.60774815268640E-05
 89   54     4.14475271957413E-09   5.92699638899101E-07
 90   54     3.75750850819066E-09   5.41081225179454E-07
 91   54     3.63080305121033E-11   5.26466442425498E-09
 92   54     2.77023433318398E-12   4.04454212644861E-10
 93   54     1.38279005678363E-15   2.03270138347194E-13
 94   54     3.52319360497119E-16   5.21432653535737E-14
 95   54     3.86316569674713E-20   5.75611688815322E-18
 96   54     2.22238909485854E-23   3.33358364228781E-21
 97   54     1.00000000000000E-99   1.00000000000000E-99
 98   54     1.00000000000000E-99   1.00000000000000E-99
 99   54     1.00000000000000E-99   1.00000000000000E-99
100   54     1.00000000000000E-99   1.00000000000000E-99
101   54     1.00000000000000E-99   1.00000000000000E-99
102   54     1.00000000000000E-99   1.00000000000000E-99
103   54     1.00000000000000E-99   1.00000000000000E-99
104   54     1.00000000000000E-99   1.00000000000000E-99
105   54     1.00000000000000E-99   1.00000000000000E-99
106   54     1.00000000000000E-99   1.00000000000000E-99
107   54     1.00000000000000E-99   1.00000000000000E-99
108   54     1.00000000000000E-99   1.00000000000000E-99
109   54     1.00000000000000E-99   1.00000000000000E-99
110   54     1.00000000000000E-99   1.00000000000000E-99
111   54     1.00000000000000E-99   1.00000000000000E-99
112   54     1.00000000000000E-99   1.00000000000000E-99
113   54     1.00000000000000E-99   1.00000000000000E-99
114   54     1.00000000000000E-99   1.00000000000000E-99
115   54     1.00000000000000E-99   1.00000000000000E-99
116   54     1.00000000000000E-99   1.00000000000000E-99
117   54     1.00000000000000E-99   1.00000000000000E-99
118   54     1.00000000000000E-99   1.00000000000000E-99
119   54     1.00000000000000E-99   1.00000000000000E-99
120   54     1.00000000000000E-99   1.00000000000000E-99
121   54     1.00000000000000E-99   1.00000000000000E-99
122   54     1.00000000000000E-99   1.00000000000000E-99
123   54     1.00000000000000E-99   1.00000000000000E-99
124   54     1.00000000000000E-99   1.00000000000000E-99
125   54     1.00000000000000E-99   1.00000000000000E-99
126   54     1.00000000000000E-99   1.00000000000000E-99
127   54     1.00000000000000E-99   1.00000000000000E-99
128   54     1.00000000000000E-99   1.00000000000000E-99
 51   55     1.00000000000000E-99   1.00000000000000E-99
 52   55     1.00000000000000E-99   1.00000000000000E-99
 53   55     1.00000000000000E-99   1.00000000000000E-99
 54   55     1.00000000000000E-99   1.00000000000000E-99
 55   55     1.00000000000000E-99   1.00000000000000E-99
 56   55     1.00000000000000E-99   1.00000000000000E-99
 57   55     1.00000000000000E-99   1.00000000000000E-99
 58   55     1.00000000000000E-99   1.00000000000000E-99
 59   55     1.00000000000000E-99   1.00000000000000E-99
 60   55     1.00000000000000E-99   1.00000000000000E-99
 61   55     1.00000000000000E-99   1.00000000000000E-99
 62   55     1.00000000000000E-99   1.00000000000000E-99
 63   55     1.00000000000000E-99   1.00000000000000E-99
 64   55     1.00000000000000E-99   1.00000000000000E-99
 65   55     1.00000000000000E-99   1.00000000000000E-99
 66   55     1.00000000000000E-99   1.00000000000000E-99
 67   55     1.00000000000000E-99   1.00000000000000E-99
 68   55     1.00000000000000E-99   1.00000000000000E-99
 69   55     1.00000000000000E-99   1.00000000000000E-99
 70   55     1.00000000000000E-99   1.00000000000000E-99
 71   55     1.00000000000000E-99   1.00000000000000E-99
 72   55     1.00000000000000E-99   1.00000000000000E-99
 73   55     1.00000000000000E-99   1.00000000000000E-99
 74   55     1.00000000000000E-99   1.00000000000000E-99
 75   55     1.00000000000000E-99   1.00000000000000E-99
 76   55     1.00000000000000E-99   1.00000000000000E-99
 77   55     1.00000000000000E-99   1.00000000000000E-99
 78   55     4.00945089841776E-19   5.33256969489562E-17
 79   55     2.24015073852179E-20   3.00180198961920E-18
 80   55     6.86857021714237E-15   9.27256979314220E-13
 81   55     1.89530876387626E-16   2.57761991887171E-14
 82   55     8.82296579870091E-09   1.20874631442202E-06
 83   55     9.61785017473069E-09   1.32726332411284E-06
 84   55     1.30165056250106E-07   1.80929428187647E-05
 85   55     8.07964742260046E-07   1.13115063916406E-04
 86   55     2.59751222695678E-06   3.66249224000906E-04
 87   55     7.23528686347791E-07   1.02741073461386E-04
 88   55     3.25888415680423E-07   4.66020434423005E-05
 89   55     5.73977517366012E-08   8.26527625007058E-06
 90   55     1.88842825767434E-08   2.73822097362780E-06
 91   55     3.58537072485326E-10   5.23464125828576E-08
 92   55     4.62303798886398E-11   6.79586584363005E-09
 93   55     1.56956317923400E-13   2.32295350526632E-11
 94   55     4.87947207630761E-12   7.27041339369833E-10
 95   55     3.18025195000478E-14   4.77037792500718E-12
 96   55     1.61145913282794E-16   2.43330329057019E-14
 97   55     1.47977204479774E-20   2.24925350809256E-18
 98   55     1.28304994880306E-23   1.96306642166869E-21
 99   55     1.00000000000000E-99   1.00000000000000E-99
100   55     1.00000000000000E-99   1.00000000000000E-99
101   55     1.00000000000000E-99   1.00000000000000E-99
102   55     1.00000000000000E-99   1.00000000000000E-99
103   55     1.00000000000000E-99   1.00000000000000E-99
104   55     1.00000000000000E-99   1.00000000000000E-99
105   55     1.00000000000000E-99   1.00000000000000E-99
106   55     1.00000000000000E-99   1.00000000000000E-99
107   55     1.00000000000000E-99   1.00000000000000E-99
108   55     1.00000000000000E-99   1.00000000000000E-99
109   55     1.00000000000000E-99   1.00000000000000E-99
110   55     1.00000000000000E-99   1.00000000000000E-99
111   55     1.00000000000000E-99   1.00000000000000E-99
112   55     1.00000000000000E-99   1.00000000000000E-99
113   55     1.00000000000000E-99   1.00000000000000E-99
114   55     1.00000000000000E-99   1.00000000000000E-99
115   55     1.00000000000000E-99   1.00000000000000E-99
116   55     1.00000000000000E-99   1.00000000000000E-99
117   55     1.00000000000000E-99   1.00000000000000E-99
118   55     1.00000000000000E-99   1.00000000000000E-99
119   55     1.00000000000000E-99   1.00000000000000E-99
120   55     1.00000000000000E-99   1.00000000000000E-99
121   55     1.00000000000000E-99   1.00000000000000E-99
122   55     1.00000000000000E-99   1.00000000000000E-99
123   55     1.00000000000000E-99   1.00000000000000E-99
124   55     1.00000000000000E-99   1.00000000000000E-99
125   55     1.00000000000000E-99   1.00000000000000E-99
126   55     1.00000000000000E-99   1.00000000000000E-99
127   55     1.00000000000000E-99   1.00000000000000E-99
128   55     1.00000000000000E-99   1.00000000000000E-99
129   55     1.00000000000000E-99   1.00000000000000E-99
130   55     1.00000000000000E-99   1.00000000000000E-99
 52   56     1.00000000000000E-99   1.00000000000000E-99
 53   56     1.00000000000000E-99   1.00000000000000E-99
 54   56     1.00000000000000E-99   1.00000000000000E-99
 55   56     1.00000000000000E-99   1.00000000000000E-99
 56   56     1.00000000000000E-99   1.00000000000000E-99
 57   56     1.00000000000000E-99   1.00000000000000E-99
 58   56     1.00000000000000E-99   1.00000000000000E-99
 59   56     1.00000000000000E-99   1.00000000000000E-99
 60   56     1.00000000000000E-99   1.00000000000000E-99
 61   56     1.00000000000000E-99   1.00000000000000E-99
 62   56     1.00000000000000E-99   1.00000000000000E-99
 63   56     1.00000000000000E-99   1.00000000000000E-99
 64   56     1.00000000000000E-99   1.00000000000000E-99
 65   56     1.00000000000000E-99   1.00000000000000E-99
 66   56     1.00000000000000E-99   1.00000000000000E-99
 67   56     1.00000000000000E-99   1.00000000000000E-99
 68   56     1.00000000000000E-99   1.00000000000000E-99
 69   56     1.00000000000000E-99   1.00000000000000E-99
 70   56     1.00000000000000E-99   1.00000000000000E-99
 71   56     1.00000000000000E-99   1.00000000000000E-99
 72   56     1.00000000000000E-99   1.00000000000000E-99
 73   56     1.00000000000000E-99   1.00000000000000E-99
 74   56     1.00000000000000E-99   1.00000000000000E-99
 75   56     1.00000000000000E-99   1.00000000000000E-99
 76   56     1.00000000000000E-99   1.00000000000000E-99
 77   56     1.00000000000000E-99   1.00000000000000E-99
 78   56     1.00000000000000E-99   1.00000000000000E-99
 79   56     1.00000000000000E-99   1.00000000000000E-99
 80   56     1.33063871601787E-22   1.80966865378430E-20
 81   56     6.03442509833441E-18   8.26716238471815E-16
 82   56     3.42231102097560E-12   4.72278920894633E-10
 83   56     1.91348584379987E-10   2.65974532288182E-08
 84   56     1.09717319958878E-08   1.53604247942430E-06
 85   56     1.30171191414503E-07   1.83541379894449E-05
 86   56     8.31241266298564E-07   1.18036259814396E-04
 87   56     5.66904839934445E-07   8.10673921106256E-05
 88   56     4.14449450677863E-07   5.96807208976123E-05
 89   56     4.61974861577630E-07   6.69863549287564E-05
 90   56     3.13655796363731E-07   4.57937462691047E-05
 91   56     9.28277275371583E-08   1.36456759479623E-05
 92   56     5.42156989143711E-08   8.02392343932692E-06
 93   56     1.11165525865284E-09   1.65636633539273E-07
 94   56     8.66105872765259E-10   1.29915880914789E-07
 95   56     9.94040593173345E-11   1.50100129569175E-08
 96   56     5.65612778671492E-12   8.59731423580668E-10
 97   56     1.25766527698364E-16   1.92422787378497E-14
 98   56     7.19250213574134E-19   1.10764532890417E-16
 99   56     3.32984090548977E-23   5.16125340350914E-21
100   56     2.31785081299681E-25   3.61584726827503E-23
101   56     1.00000000000000E-99   1.00000000000000E-99
102   56     1.00000000000000E-99   1.00000000000000E-99
103   56     1.00000000000000E-99   1.00000000000000E-99
104   56     1.00000000000000E-99   1.00000000000000E-99
105   56     1.00000000000000E-99   1.00000000000000E-99
106   56     1.00000000000000E-99   1.00000000000000E-99
107   56     1.00000000000000E-99   1.00000000000000E-99
108   56     1.00000000000000E-99   1.00000000000000E-99
109   56     1.00000000000000E-99   1.00000000000000E-99
110   56     1.00000000000000E-99   1.00000000000000E-99
111   56     1.00000000000000E-99   1.00000000000000E-99
112   56     1.00000000000000E-99   1.00000000000000E-99
113   56     1.00000000000000E-99   1.00000000000000E-99
114   56     1.00000000000000E-99   1.00000000000000E-99
115   56     1.00000000000000E-99   1.00000000000000E-99
116   56     1.00000000000000E-99   1.00000000000000E-99
117   56     1.00000000000000E-99   1.00000000000000E-99
118   56     1.00000000000000E-99   1.00000000000000E-99
119   56     1.00000000000000E-99   1.00000000000000E-99
120   56     1.00000000000000E-99   1.00000000000000E-99
121   56     1.00000000000000E-99   1.00000000000000E-99
122   56     1.00000000000000E-99   1.00000000000000E-99
123   56     1.00000000000000E-99   1.00000000000000E-99
124   56     1.00000000000000E-99   1.00000000000000E-99
125   56     1.00000000000000E-99   1.00000000000000E-99
126   56     1.00000000000000E-99   1.00000000000000E-99
127   56     1.00000000000000E-99   1.00000000000000E-99
128   56     1.00000000000000E-99   1.00000000000000E-99
129   56     1.00000000000000E-99   1.00000000000000E-99
130   56     1.00000000000000E-99   1.00000000000000E-99
131   56     1.00000000000000E-99   1.00000000000000E-99
132   56     1.00000000000000E-99   1.00000000000000E-99
133   56     1.00000000000000E-99   1.00000000000000E-99
 53   57     1.00000000000000E-99   1.00000000000000E-99
 54   57     1.00000000000000E-99   1.00000000000000E-99
 55   57     1.00000000000000E-99   1.00000000000000E-99
 56   57     1.00000000000000E-99   1.00000000000000E-99
 57   57     1.00000000000000E-99   1.00000000000000E-99
 58   57     1.00000000000000E-99   1.00000000000000E-99
 59   57     1.00000000000000E-99   1.00000000000000E-99
 60   57     1.00000000000000E-99   1.00000000000000E-99
 61   57     1.00000000000000E-99   1.00000000000000E-99
 62   57     1.00000000000000E-99   1.00000000000000E-99
 63   57     1.00000000000000E-99   1.00000000000000E-99
 64   57     1.00000000000000E-99   1.00000000000000E-99
 65   57     1.00000000000000E-99   1.00000000000000E-99
 66   57     1.00000000000000E-99   1.00000000000000E-99
 67   57     1.00000000000000E-99   1.00000000000000E-99
 68   57     1.00000000000000E-99   1.00000000000000E-99
 69   57     1.00000000000000E-99   1.00000000000000E-99
 70   57     1.00000000000000E-99   1.00000000000000E-99
 71   57     1.00000000000000E-99   1.00000000000000E-99
 72   57     1.00000000000000E-99   1.00000000000000E-99
 73   57     1.00000000000000E-99   1.00000000000000E-99
 74   57     1.00000000000000E-99   1.00000000000000E-99
 75   57     1.00000000000000E-99   1.00000000000000E-99
 76   57     1.00000000000000E-99   1.00000000000000E-99
 77   57     1.00000000000000E-99   1.00000000000000E-99
 78   57     1.00000000000000E-99   1.00000000000000E-99
 79   57     1.00000000000000E-99   1.00000000000000E-99
 80   57     1.00000000000000E-99   1.00000000000000E-99
 81   57     1.00000000000000E-99   1.00000000000000E-99
 82   57     2.37589294458087E-14   3.30249119296741E-12
 83   57     6.21387216702882E-15   8.69942103384035E-13
 84   57     9.24703113969136E-11   1.30383139069648E-08
 85   57     1.20002892174828E-09   1.70404106888255E-07
 86   57     5.11765760074028E-08   7.31825036905859E-06
 87   57     5.11251472262489E-08   7.36202120057984E-06
 88   57     2.21991468930470E-07   3.21887629949182E-05
 89   57     2.66678604986565E-07   3.89350763280385E-05
 90   57     8.58994165448167E-07   1.26272142320881E-04
 91   57     4.44125053013255E-07   6.57305078459618E-05
 92   57     1.93856896222626E-07   2.88846775371712E-05
 93   57     1.37674920870378E-07   2.06512381305568E-05
 94   57     1.10389878493770E-07   1.66688716525592E-05
 95   57     2.38009083212422E-08   3.61773806482881E-06
 96   57     2.10573390353960E-09   3.22177287241558E-07
 97   57     3.11316051938477E-12   4.79426719985255E-10
 98   57     6.49397276383907E-14   1.00656577839506E-11
 99   57     2.24757927042153E-16   3.50622366185759E-14
100   57     1.45073731803243E-18   2.27765758931091E-16
101   57     6.06641742144285E-22   9.58493952587971E-20
102   57     2.17385366251181E-25   3.45642732339378E-23
103   57     1.00000000000000E-99   1.00000000000000E-99
104   57     1.00000000000000E-99   1.00000000000000E-99
105   57     1.00000000000000E-99   1.00000000000000E-99
106   57     1.00000000000000E-99   1.00000000000000E-99
107   57     1.00000000000000E-99   1.00000000000000E-99
108   57     1.00000000000000E-99   1.00000000000000E-99
109   57     1.00000000000000E-99   1.00000000000000E-99
110   57     1.00000000000000E-99   1.00000000000000E-99
111   57     1.00000000000000E-99   1.00000000000000E-99
112   57     1.00000000000000E-99   1.00000000000000E-99
113   57     1.00000000000000E-99   1.00000000000000E-99
114   57     1.00000000000000E-99   1.00000000000000E-99
115   57     1.00000000000000E-99   1.00000000000000E-99
116   57     1.00000000000000E-99   1.00000000000000E-99
117   57     1.00000000000000E-99   1.00000000000000E-99
118   57     1.00000000000000E-99   1.00000000000000E-99
119   57     1.00000000000000E-99   1.00000000000000E-99
120   57     1.00000000000000E-99   1.00000000000000E-99
121   57     1.00000000000000E-99   1.00000000000000E-99
122   57     1.00000000000000E-99   1.00000000000000E-99
123   57     1.00000000000000E-99   1.00000000000000E-99
124   57     1.00000000000000E-99   1.00000000000000E-99
125   57     1.00000000000000E-99   1.00000000000000E-99
126   57     1.00000000000000E-99   1.00000000000000E-99
127   57     1.00000000000000E-99   1.00000000000000E-99
128   57     1.00000000000000E-99   1.00000000000000E-99
129   57     1.00000000000000E-99   1.00000000000000E-99
130   57     1.00000000000000E-99   1.00000000000000E-99
131   57     1.00000000000000E-99   1.00000000000000E-99
132   57     1.00000000000000E-99   1.00000000000000E-99
133   57     1.00000000000000E-99   1.00000000000000E-99
134   57     1.00000000000000E-99   1.00000000000000E-99
135   57     1.00000000000000E-99   1.00000000000000E-99
 55   58     1.00000000000000E-99   1.00000000000000E-99
 56   58     1.00000000000000E-99   1.00000000000000E-99
 57   58     1.00000000000000E-99   1.00000000000000E-99
 58   58     1.00000000000000E-99   1.00000000000000E-99
 59   58     1.00000000000000E-99   1.00000000000000E-99
 60   58     1.00000000000000E-99   1.00000000000000E-99
 61   58     1.00000000000000E-99   1.00000000000000E-99
 62   58     1.00000000000000E-99   1.00000000000000E-99
 63   58     1.00000000000000E-99   1.00000000000000E-99
 64   58     1.00000000000000E-99   1.00000000000000E-99
 65   58     1.00000000000000E-99   1.00000000000000E-99
 66   58     1.00000000000000E-99   1.00000000000000E-99
 67   58     1.00000000000000E-99   1.00000000000000E-99
 68   58     1.00000000000000E-99   1.00000000000000E-99
 69   58     1.00000000000000E-99   1.00000000000000E-99
 70   58     1.00000000000000E-99   1.00000000000000E-99
 71   58     1.00000000000000E-99   1.00000000000000E-99
 72   58     1.00000000000000E-99   1.00000000000000E-99
 73   58     1.00000000000000E-99   1.00000000000000E-99
 74   58     1.00000000000000E-99   1.00000000000000E-99
 75   58     1.00000000000000E-99   1.00000000000000E-99
 76   58     1.00000000000000E-99   1.00000000000000E-99
 77   58     1.00000000000000E-99   1.00000000000000E-99
 78   58     1.00000000000000E-99   1.00000000000000E-99
 79   58     1.00000000000000E-99   1.00000000000000E-99
 80   58     1.00000000000000E-99   1.00000000000000E-99
 81   58     1.00000000000000E-99   1.00000000000000E-99
 82   58     2.17488702079915E-20   3.04484182911881E-18
 83   58     3.85652451930978E-15   5.43769957222679E-13
 84   58     1.45725037879607E-13   2.06929553789042E-11
 85   58     4.76617739843994E-11   6.81563367976911E-09
 86   58     1.13318083628548E-09   1.63178040425110E-07
 87   58     9.17113989438263E-09   1.32981528468548E-06
 88   58     5.24152712947249E-08   7.65262960902984E-06
 89   58     3.76427871512896E-07   5.53348971123957E-05
 90   58     1.14932004360075E-06   1.70099366452911E-04
 91   58     6.78510855192485E-07   1.01098117423680E-04
 92   58     1.10780404292415E-06   1.66170606438622E-04
 93   58     9.19061551042431E-07   1.38778294207407E-04
 94   58     7.58079775003365E-07   1.15228125800512E-04
 95   58     3.58085316307731E-07   5.47870533950829E-05
 96   58     2.40137018075084E-07   3.69811007835630E-05
 97   58     4.52310334833056E-11   7.01081018991236E-09
 98   58     1.07159567698981E-09   1.67168925610411E-07
 99   58     3.98032808468673E-12   6.24911509295816E-10
100   58     1.46597055540928E-12   2.31623347754666E-10
101   58     4.41527338317091E-15   7.02028467924175E-13
102   58     2.41388513817285E-17   3.86221622107656E-15
103   58     3.84755868322996E-22   6.19456948000023E-20
104   58     1.00000000000000E-99   1.00000000000000E-99
105   58     1.00000000000000E-99   1.00000000000000E-99
106   58     1.00000000000000E-99   1.00000000000000E-99
107   58     1.00000000000000E-99   1.00000000000000E-99
108   58     1.00000000000000E-99   1.00000000000000E-99
109   58     1.00000000000000E-99   1.00000000000000E-99
110   58     1.00000000000000E-99   1.00000000000000E-99
111   58     1.00000000000000E-99   1.00000000000000E-99
112   58     1.00000000000000E-99   1.00000000000000E-99
113   58     1.00000000000000E-99   1.00000000000000E-99
114   58     1.00000000000000E-99   1.00000000000000E-99
115   58     1.00000000000000E-99   1.00000000000000E-99
116   58     1.00000000000000E-99   1.00000000000000E-99
117   58     1.00000000000000E-99   1.00000000000000E-99
118   58     1.00000000000000E-99   1.00000000000000E-99
119   58     1.00000000000000E-99   1.00000000000000E-99
120   58     1.00000000000000E-99   1.00000000000000E-99
121   58     1.00000000000000E-99   1.00000000000000E-99
122   58     1.00000000000000E-99   1.00000000000000E-99
123   58     1.00000000000000E-99   1.00000000000000E-99
124   58     1.00000000000000E-99   1.00000000000000E-99
125   58     1.00000000000000E-99   1.00000000000000E-99
126   58     1.00000000000000E-99   1.00000000000000E-99
127   58     1.00000000000000E-99   1.00000000000000E-99
128   58     1.00000000000000E-99   1.00000000000000E-99
129   58     1.00000000000000E-99   1.00000000000000E-99
130   58     1.00000000000000E-99   1.00000000000000E-99
131   58     1.00000000000000E-99   1.00000000000000E-99
132   58     1.00000000000000E-99   1.00000000000000E-99
133   58     1.00000000000000E-99   1.00000000000000E-99
134   58     1.00000000000000E-99   1.00000000000000E-99
135   58     1.00000000000000E-99   1.00000000000000E-99
136   58     1.00000000000000E-99   1.00000000000000E-99
137   58     1.00000000000000E-99   1.00000000000000E-99
 56   59     1.00000000000000E-99   1.00000000000000E-99
 57   59     1.00000000000000E-99   1.00000000000000E-99
 58   59     1.00000000000000E-99   1.00000000000000E-99
 59   59     1.00000000000000E-99   1.00000000000000E-99
 60   59     1.00000000000000E-99   1.00000000000000E-99
 61   59     1.00000000000000E-99   1.00000000000000E-99
 62   59     1.00000000000000E-99   1.00000000000000E-99
 63   59     1.00000000000000E-99   1.00000000000000E-99
 64   59     1.00000000000000E-99   1.00000000000000E-99
 65   59     1.00000000000000E-99   1.00000000000000E-99
 66   59     1.00000000000000E-99   1.00000000000000E-99
 67   59     1.00000000000000E-99   1.00000000000000E-99
 68   59     1.00000000000000E-99   1.00000000000000E-99
 69   59     1.00000000000000E-99   1.00000000000000E-99
 70   59     1.00000000000000E-99   1.00000000000000E-99
 71   59     1.00000000000000E-99   1.00000000000000E-99
 72   59     1.00000000000000E-99   1.00000000000000E-99
 73   59     1.00000000000000E-99   1.00000000000000E-99
 74   59     1.00000000000000E-99   1.00000000000000E-99
 75   59     1.00000000000000E-99   1.00000000000000E-99
 76   59     1.00000000000000E-99   1.00000000000000E-99
 77   59     1.00000000000000E-99   1.00000000000000E-99
 78   59     1.00000000000000E-99   1.00000000000000E-99
 79   59     1.00000000000000E-99   1.00000000000000E-99
 80   59     1.00000000000000E-99   1.00000000000000E-99
 81   59     1.00000000000000E-99   1.00000000000000E-99
 82   59     6.45924405569195E-22   9.10753411852564E-20
 83   59     4.04414946554040E-24   5.74269224106737E-22
 84   59     2.29204157353732E-16   3.27761945015837E-14
 85   59     3.65407211682174E-17   5.26186384822331E-15
 86   59     3.40440726368051E-11   4.93639053233674E-09
 87   59     4.53202052790428E-11   6.61674997074025E-09
 88   59     6.21750560042238E-09   9.13973323262090E-07
 89   59     2.03085298216816E-08   3.00566241360888E-06
 90   59     1.62397107249586E-07   2.41971689801883E-05
 91   59     3.33622146004444E-07   5.00433219006666E-05
 92   59     1.19176454042399E-06   1.79956445604023E-04
 93   59     1.21435693541690E-06   1.84582254183368E-04
 94   59     1.12962984389644E-06   1.72833366116155E-04
 95   59     1.31900017051330E-06   2.03126026259049E-04
 96   59     4.79817858566091E-08   7.43717680777441E-06
 97   59     1.13083525375281E-09   1.76410299585439E-07
 98   59     5.53035836533774E-11   8.68266263358024E-09
 99   59     4.48985851861426E-12   7.09397645941053E-10
100   59     1.51895059492720E-13   2.41513144593424E-11
101   59     3.57743511358316E-16   5.72389618173305E-14
102   59     1.35611655142856E-18   2.18334764779998E-16
103   59     3.93992770180878E-22   6.38268287693023E-20
104   59     3.70460515372172E-25   6.03850640056640E-23
105   59     1.00000000000000E-99   1.00000000000000E-99
106   59     1.00000000000000E-99   1.00000000000000E-99
107   59     1.00000000000000E-99   1.00000000000000E-99
108   59     1.00000000000000E-99   1.00000000000000E-99
109   59     1.00000000000000E-99   1.00000000000000E-99
110   59     1.00000000000000E-99   1.00000000000000E-99
111   59     1.00000000000000E-99   1.00000000000000E-99
112   59     1.00000000000000E-99   1.00000000000000E-99
113   59     1.00000000000000E-99   1.00000000000000E-99
114   59     1.00000000000000E-99   1.00000000000000E-99
115   59     1.00000000000000E-99   1.00000000000000E-99
116   59     1.00000000000000E-99   1.00000000000000E-99
117   59     1.00000000000000E-99   1.00000000000000E-99
118   59     1.00000000000000E-99   1.00000000000000E-99
119   59     1.00000000000000E-99   1.00000000000000E-99
120   59     1.00000000000000E-99   1.00000000000000E-99
121   59     1.00000000000000E-99   1.00000000000000E-99
122   59     1.00000000000000E-99   1.00000000000000E-99
123   59     1.00000000000000E-99   1.00000000000000E-99
124   59     1.00000000000000E-99   1.00000000000000E-99
125   59     1.00000000000000E-99   1.00000000000000E-99
126   59     1.00000000000000E-99   1.00000000000000E-99
127   59     1.00000000000000E-99   1.00000000000000E-99
128   59     1.00000000000000E-99   1.00000000000000E-99
129   59     1.00000000000000E-99   1.00000000000000E-99
130   59     1.00000000000000E-99   1.00000000000000E-99
131   59     1.00000000000000E-99   1.00000000000000E-99
132   59     1.00000000000000E-99   1.00000000000000E-99
133   59     1.00000000000000E-99   1.00000000000000E-99
134   59     1.00000000000000E-99   1.00000000000000E-99
135   59     1.00000000000000E-99   1.00000000000000E-99
136   59     1.00000000000000E-99   1.00000000000000E-99
137   59     1.00000000000000E-99   1.00000000000000E-99
138   59     1.00000000000000E-99   1.00000000000000E-99
139   59     1.00000000000000E-99   1.00000000000000E-99
 58   60     1.00000000000000E-99   1.00000000000000E-99
 59   60     1.00000000000000E-99   1.00000000000000E-99
 60   60     1.00000000000000E-99   1.00000000000000E-99
 61   60     1.00000000000000E-99   1.00000000000000E-99
 62   60     1.00000000000000E-99   1.00000000000000E-99
 63   60     1.00000000000000E-99   1.00000000000000E-99
 64   60     1.00000000000000E-99   1.00000000000000E-99
 65   60     1.00000000000000E-99   1.00000000000000E-99
 66   60     1.00000000000000E-99   1.00000000000000E-99
 67   60     1.00000000000000E-99   1.00000000000000E-99
 68   60     1.00000000000000E-99   1.00000000000000E-99
 69   60     1.00000000000000E-99   1.00000000000000E-99
 70   60     1.00000000000000E-99   1.00000000000000E-99
 71   60     1.00000000000000E-99   1.00000000000000E-99
 72   60     1.00000000000000E-99   1.00000000000000E-99
 73   60     1.00000000000000E-99   1.00000000000000E-99
 74   60     1.00000000000000E-99   1.00000000000000E-99
 75   60     1.00000000000000E-99   1.00000000000000E-99
 76   60     1.00000000000000E-99   1.00000000000000E-99
 77   60     1.00000000000000E-99   1.00000000000000E-99
 78   60     1.00000000000000E-99   1.00000000000000E-99
 79   60     1.00000000000000E-99   1.00000000000000E-99
 80   60     1.00000000000000E-99   1.00000000000000E-99
 81   60     1.00000000000000E-99   1.00000000000000E-99
 82   60     1.00000000000000E-99   1.00000000000000E-99
 83   60     8.88003379755160E-23   1.26984483304988E-20
 84   60     1.81569674810011E-20   2.61460331726416E-18
 85   60     8.09310053488048E-16   1.17349957755767E-13
 86   60     1.76608694665762E-14   2.57848694212012E-12
 87   60     4.76960316868920E-12   7.01131665797312E-10
 88   60     1.04782648440887E-10   1.55078319692513E-08
 89   60     8.77052688175514E-10   1.30680850538152E-07
 90   60     4.74993240827920E-08   7.12489861241880E-06
 91   60     6.35687478329764E-08   9.59888092277944E-06
 92   60     4.55939969563642E-07   6.93028753736736E-05
 93   60     3.80770182643234E-07   5.82578379444148E-05
 94   60     1.18148401678808E-06   1.81948538585364E-04
 95   60     1.93534130969894E-06   2.99977903003336E-04
 96   60     2.76978543956165E-06   4.32086528571617E-04
 97   60     6.05797384639523E-08   9.51101893884052E-06
 98   60     1.36404564512934E-06   2.15519211930436E-04
 99   60     1.69383925788999E-07   2.69320442004509E-05
100   60     2.65143903154990E-07   4.24230245047984E-05
101   60     1.36387788618626E-08   2.19584339675988E-06
102   60     7.48475459438873E-09   1.21253024429097E-06
103   60     9.02475395391134E-13   1.47103489448755E-10
104   60     4.41396618151268E-14   7.23890453768080E-12
105   60     2.09370956400466E-19   3.45462078060769E-17
106   60     3.09336712134351E-23   5.13498942143022E-21
107   60     1.00000000000000E-99   1.00000000000000E-99
108   60     1.00000000000000E-99   1.00000000000000E-99
109   60     1.00000000000000E-99   1.00000000000000E-99
110   60     1.00000000000000E-99   1.00000000000000E-99
111   60     1.00000000000000E-99   1.00000000000000E-99
112   60     1.00000000000000E-99   1.00000000000000E-99
113   60     1.00000000000000E-99   1.00000000000000E-99
114   60     1.00000000000000E-99   1.00000000000000E-99
115   60     1.00000000000000E-99   1.00000000000000E-99
116   60     1.00000000000000E-99   1.00000000000000E-99
117   60     1.00000000000000E-99   1.00000000000000E-99
118   60     1.00000000000000E-99   1.00000000000000E-99
119   60     1.00000000000000E-99   1.00000000000000E-99
120   60     1.00000000000000E-99   1.00000000000000E-99
121   60     1.00000000000000E-99   1.00000000000000E-99
122   60     1.00000000000000E-99   1.00000000000000E-99
123   60     1.00000000000000E-99   1.00000000000000E-99
124   60     1.00000000000000E-99   1.00000000000000E-99
125   60     1.00000000000000E-99   1.00000000000000E-99
126   60     1.00000000000000E-99   1.00000000000000E-99
127   60     1.00000000000000E-99   1.00000000000000E-99
128   60     1.00000000000000E-99   1.00000000000000E-99
129   60     1.00000000000000E-99   1.00000000000000E-99
130   60     1.00000000000000E-99   1.00000000000000E-99
131   60     1.00000000000000E-99   1.00000000000000E-99
132   60     1.00000000000000E-99   1.00000000000000E-99
133   60     1.00000000000000E-99   1.00000000000000E-99
134   60     1.00000000000000E-99   1.00000000000000E-99
135   60     1.00000000000000E-99   1.00000000000000E-99
136   60     1.00000000000000E-99   1.00000000000000E-99
137   60     1.00000000000000E-99   1.00000000000000E-99
138   60     1.00000000000000E-99   1.00000000000000E-99
139   60     1.00000000000000E-99   1.00000000000000E-99
140   60     1.00000000000000E-99   1.00000000000000E-99
141   60     1.00000000000000E-99   1.00000000000000E-99
 59   61     1.00000000000000E-99   1.00000000000000E-99
 60   61     1.00000000000000E-99   1.00000000000000E-99
 61   61     1.00000000000000E-99   1.00000000000000E-99
 62   61     1.00000000000000E-99   1.00000000000000E-99
 63   61     1.00000000000000E-99   1.00000000000000E-99
 64   61     1.00000000000000E-99   1.00000000000000E-99
 65   61     1.00000000000000E-99   1.00000000000000E-99
 66   61     1.00000000000000E-99   1.00000000000000E-99
 67   61     1.00000000000000E-99   1.00000000000000E-99
 68   61     1.00000000000000E-99   1.00000000000000E-99
 69   61     1.00000000000000E-99   1.00000000000000E-99
 70   61     1.00000000000000E-99   1.00000000000000E-99
 71   61     1.00000000000000E-99   1.00000000000000E-99
 72   61     1.00000000000000E-99   1.00000000000000E-99
 73   61     1.00000000000000E-99   1.00000000000000E-99
 74   61     1.00000000000000E-99   1.00000000000000E-99
 75   61     1.00000000000000E-99   1.00000000000000E-99
 76   61     1.00000000000000E-99   1.00000000000000E-99
 77   61     1.00000000000000E-99   1.00000000000000E-99
 78   61     1.00000000000000E-99   1.00000000000000E-99
 79   61     1.00000000000000E-99   1.00000000000000E-99
 80   61     1.00000000000000E-99   1.00000000000000E-99
 81   61     1.00000000000000E-99   1.00000000000000E-99
 82   61     1.00000000000000E-99   1.00000000000000E-99
 83   61     1.00000000000000E-99   1.00000000000000E-99
 84   61     1.00000000000000E-99   1.00000000000000E-99
 85   61     1.00000000000000E-99   1.00000000000000E-99
 86   61     2.39292397780166E-18   3.51759824736844E-16
 87   61     1.16071151107231E-19   1.71785303638702E-17
 88   61     6.27829449233131E-14   9.35465879357365E-12
 89   61     7.57432340265283E-15   1.13614851039792E-12
 90   61     5.20308386444220E-11   7.85665663530772E-09
 91   61     4.29979743690328E-10   6.53569210409299E-08
 92   61     9.47745542303500E-09   1.45005067972436E-06
 93   61     3.71839249195984E-08   5.72632443761815E-06
 94   61     3.63072041113990E-07   5.62761663726684E-05
 95   61     6.39044796679581E-07   9.96909882820146E-05
 96   61     2.66758119135273E-06   4.18810247042378E-04
 97   61     3.55383152560180E-06   5.61505381045085E-04
 98   61     2.24547857947469E-06   3.57031094136475E-04
 99   61     6.59166820048975E-07   1.05466691207836E-04
100   61     8.53785661103287E-08   1.37459491437629E-05
101   61     2.29909716247259E-08   3.72453740320560E-06
102   61     7.43009935612447E-10   1.21110619504829E-07
103   61     1.18993050524952E-12   1.95148602860921E-10
104   61     1.48691028247532E-14   2.45340196608429E-12
105   61     1.76267987909407E-18   2.92604859929615E-16
106   61     8.86993146464865E-21   1.48127855459632E-18
107   61     5.02129399488420E-18   8.43577391140545E-16
108   61     3.87083335506936E-20   6.54170837006723E-18
109   61     1.64647632307020E-23   2.79900974921934E-21
110   61     1.19066428558790E-25   2.03603592835531E-23
111   61     1.00000000000000E-99   1.00000000000000E-99
112   61     1.00000000000000E-99   1.00000000000000E-99
113   61     1.00000000000000E-99   1.00000000000000E-99
114   61     1.00000000000000E-99   1.00000000000000E-99
115   61     1.00000000000000E-99   1.00000000000000E-99
116   61     1.00000000000000E-99   1.00000000000000E-99
117   61     1.00000000000000E-99   1.00000000000000E-99
118   61     1.00000000000000E-99   1.00000000000000E-99
119   61     1.00000000000000E-99   1.00000000000000E-99
120   61     1.00000000000000E-99   1.00000000000000E-99
121   61     1.00000000000000E-99   1.00000000000000E-99
122   61     1.00000000000000E-99   1.00000000000000E-99
123   61     1.00000000000000E-99   1.00000000000000E-99
124   61     1.00000000000000E-99   1.00000000000000E-99
125   61     1.00000000000000E-99   1.00000000000000E-99
126   61     1.00000000000000E-99   1.00000000000000E-99
127   61     1.00000000000000E-99   1.00000000000000E-99
128   61     1.00000000000000E-99   1.00000000000000E-99
129   61     1.00000000000000E-99   1.00000000000000E-99
130   61     1.00000000000000E-99   1.00000000000000E-99
131   61     1.00000000000000E-99   1.00000000000000E-99
132   61     1.00000000000000E-99   1.00000000000000E-99
133   61     1.00000000000000E-99   1.00000000000000E-99
134   61     1.00000000000000E-99   1.00000000000000E-99
135   61     1.00000000000000E-99   1.00000000000000E-99
136   61     1.00000000000000E-99   1.00000000000000E-99
137   61     1.00000000000000E-99   1.00000000000000E-99
138   61     1.00000000000000E-99   1.00000000000000E-99
139   61     1.00000000000000E-99   1.00000000000000E-99
140   61     1.00000000000000E-99   1.00000000000000E-99
141   61     1.00000000000000E-99   1.00000000000000E-99
142   61     1.00000000000000E-99   1.00000000000000E-99
143   61     1.00000000000000E-99   1.00000000000000E-99
144   61     1.00000000000000E-99   1.00000000000000E-99
 61   62     1.00000000000000E-99   1.00000000000000E-99
 62   62     1.00000000000000E-99   1.00000000000000E-99
 63   62     1.00000000000000E-99   1.00000000000000E-99
 64   62     1.00000000000000E-99   1.00000000000000E-99
 65   62     1.00000000000000E-99   1.00000000000000E-99
 66   62     1.00000000000000E-99   1.00000000000000E-99
 67   62     1.00000000000000E-99   1.00000000000000E-99
 68   62     1.00000000000000E-99   1.00000000000000E-99
 69   62     1.00000000000000E-99   1.00000000000000E-99
 70   62     1.00000000000000E-99   1.00000000000000E-99
 71   62     1.00000000000000E-99   1.00000000000000E-99
 72   62     1.00000000000000E-99   1.00000000000000E-99
 73   62     1.00000000000000E-99   1.00000000000000E-99
 74   62     1.00000000000000E-99   1.00000000000000E-99
 75   62     1.00000000000000E-99   1.00000000000000E-99
 76   62     1.00000000000000E-99   1.00000000000000E-99
 77   62     1.00000000000000E-99   1.00000000000000E-99
 78   62     1.00000000000000E-99   1.00000000000000E-99
 79   62     1.00000000000000E-99   1.00000000000000E-99
 80   62     1.00000000000000E-99   1.00000000000000E-99
 81   62     1.00000000000000E-99   1.00000000000000E-99
 82   62     1.00000000000000E-99   1.00000000000000E-99
 83   62     1.00000000000000E-99   1.00000000000000E-99
 84   62     1.00000000000000E-99   1.00000000000000E-99
 85   62     1.00000000000000E-99   1.00000000000000E-99
 86   62     1.00000000000000E-99   1.00000000000000E-99
 87   62     1.24109903202820E-19   1.84923755772201E-17
 88   62     3.60035311871171E-19   5.40052967806756E-17
 89   62     2.07564267217710E-16   3.13422043498743E-14
 90   62     9.25849830112136E-13   1.40729174177045E-10
 91   62     1.55163452209637E-11   2.37400081880745E-09
 92   62     1.46691677776576E-10   2.25905183775928E-08
 93   62     7.63162386092606E-09   1.18290169844354E-06
 94   62     7.60268884047014E-08   1.18601945911334E-05
 95   62     3.91140937685678E-07   6.14091272166514E-05
 96   62     1.17391855636645E-06   1.85479131905899E-04
 97   62     3.51952923525048E-06   5.59605148404826E-04
 98   62     9.79624319420832E-06   1.56739891107333E-03
 99   62     7.76775153641405E-06   1.25060799736266E-03
100   62     9.81891363023324E-06   1.59066400809779E-03
101   62     8.36163620672833E-06   1.36294670169672E-03
102   62     1.12225058200024E-05   1.84049095448039E-03
103   62     2.96308474809192E-07   4.88908983435168E-05
104   62     2.35341093453544E-07   3.90666215132884E-05
105   62     1.04923299866846E-11   1.75221910777633E-09
106   62     8.28324680381590E-11   1.39158546304107E-08
107   62     3.52618279364430E-13   5.95924892125886E-11
108   62     9.29991930933035E-15   1.58098628258616E-12
109   62     8.04240040599298E-19   1.37525046942480E-16
110   62     9.40499643713044E-20   1.61765938718644E-17
111   62     3.17365652423749E-24   5.49042578693085E-22
112   62     2.10749292693259E-24   3.66703769286270E-22
113   62     1.00000000000000E-99   1.00000000000000E-99
114   62     1.00000000000000E-99   1.00000000000000E-99
115   62     1.00000000000000E-99   1.00000000000000E-99
116   62     1.00000000000000E-99   1.00000000000000E-99
117   62     1.00000000000000E-99   1.00000000000000E-99
118   62     1.00000000000000E-99   1.00000000000000E-99
119   62     1.00000000000000E-99   1.00000000000000E-99
120   62     1.00000000000000E-99   1.00000000000000E-99
121   62     1.00000000000000E-99   1.00000000000000E-99
122   62     1.00000000000000E-99   1.00000000000000E-99
123   62     1.00000000000000E-99   1.00000000000000E-99
124   62     1.00000000000000E-99   1.00000000000000E-99
125   62     1.00000000000000E-99   1.00000000000000E-99
126   62     1.00000000000000E-99   1.00000000000000E-99
127   62     1.00000000000000E-99   1.00000000000000E-99
128   62     1.00000000000000E-99   1.00000000000000E-99
129   62     1.00000000000000E-99   1.00000000000000E-99
130   62     1.00000000000000E-99   1.00000000000000E-99
131   62     1.00000000000000E-99   1.00000000000000E-99
132   62     1.00000000000000E-99   1.00000000000000E-99
133   62     1.00000000000000E-99   1.00000000000000E-99
134   62     1.00000000000000E-99   1.00000000000000E-99
135   62     1.00000000000000E-99   1.00000000000000E-99
136   62     1.00000000000000E-99   1.00000000000000E-99
137   62     1.00000000000000E-99   1.00000000000000E-99
138   62     1.00000000000000E-99   1.00000000000000E-99
139   62     1.00000000000000E-99   1.00000000000000E-99
140   62     1.00000000000000E-99   1.00000000000000E-99
141   62     1.00000000000000E-99   1.00000000000000E-99
142   62     1.00000000000000E-99   1.00000000000000E-99
143   62     1.00000000000000E-99   1.00000000000000E-99
144   62     1.00000000000000E-99   1.00000000000000E-99
145   62     1.00000000000000E-99   1.00000000000000E-99
146   62     1.00000000000000E-99   1.00000000000000E-99
 62   63     1.00000000000000E-99   1.00000000000000E-99
 63   63     1.00000000000000E-99   1.00000000000000E-99
 64   63     1.00000000000000E-99   1.00000000000000E-99
 65   63     1.00000000000000E-99   1.00000000000000E-99
 66   63     1.00000000000000E-99   1.00000000000000E-99
 67   63     1.00000000000000E-99   1.00000000000000E-99
 68   63     1.00000000000000E-99   1.00000000000000E-99
 69   63     1.00000000000000E-99   1.00000000000000E-99
 70   63     1.00000000000000E-99   1.00000000000000E-99
 71   63     1.00000000000000E-99   1.00000000000000E-99
 72   63     1.00000000000000E-99   1.00000000000000E-99
 73   63     1.00000000000000E-99   1.00000000000000E-99
 74   63     1.00000000000000E-99   1.00000000000000E-99
 75   63     1.00000000000000E-99   1.00000000000000E-99
 76   63     1.00000000000000E-99   1.00000000000000E-99
 77   63     1.00000000000000E-99   1.00000000000000E-99
 78   63     1.00000000000000E-99   1.00000000000000E-99
 79   63     1.00000000000000E-99   1.00000000000000E-99
 80   63     1.00000000000000E-99   1.00000000000000E-99
 81   63     1.00000000000000E-99   1.00000000000000E-99
 82   63     1.00000000000000E-99   1.00000000000000E-99
 83   63     1.00000000000000E-99   1.00000000000000E-99
 84   63     1.00000000000000E-99   1.00000000000000E-99
 85   63     1.00000000000000E-99   1.00000000000000E-99
 86   63     1.00000000000000E-99   1.00000000000000E-99
 87   63     1.00000000000000E-99   1.00000000000000E-99
 88   63     1.00000000000000E-99   1.00000000000000E-99
 89   63     1.00000000000000E-99   1.00000000000000E-99
 90   63     3.58328833318740E-17   5.48243114977672E-15
 91   63     4.86731879474508E-18   7.49567094390742E-16
 92   63     3.10434390941136E-12   4.81173305958761E-10
 93   63     1.71448434937426E-12   2.67459558502384E-10
 94   63     6.40507198973428E-10   1.00559630238828E-07
 95   63     2.52760973543094E-09   3.99362338198089E-07
 96   63     2.94487966551627E-07   4.68235866817086E-05
 97   63     9.15226475686011E-07   1.46436236109762E-04
 98   63     3.41561707667608E-06   5.49914349344849E-04
 99   63     7.36097131267110E-06   1.19247735265272E-03
100   63     9.19872657033489E-06   1.49939243096459E-03
101   63     1.05651854142828E-05   1.73269040794238E-03
102   63     8.16993369439403E-06   1.34803905957501E-03
103   63     2.74339727421499E-06   4.55403947519689E-04
104   63     5.05436595595217E-06   8.44079114644012E-04
105   63     7.29687695016414E-09   1.22587532762758E-06
106   63     5.60207050782744E-08   9.46749915822837E-06
107   63     4.98640695146805E-11   8.47689181749568E-09
108   63     2.34993334299282E-13   4.01838601651772E-11
109   63     1.07395680285038E-16   1.84720570090265E-14
110   63     2.82976593798112E-19   4.89549507270735E-17
111   63     8.79954280104302E-23   1.53112044738148E-20
112   63     1.52884947609568E-17   2.67548658316743E-15
113   63     4.93059342004832E-21   8.67784441928505E-19
114   63     5.19869465921667E-24   9.20168954681350E-22
115   63     1.00000000000000E-99   1.00000000000000E-99
116   63     1.00000000000000E-99   1.00000000000000E-99
117   63     1.00000000000000E-99   1.00000000000000E-99
118   63     1.00000000000000E-99   1.00000000000000E-99
119   63     1.00000000000000E-99   1.00000000000000E-99
120   63     1.00000000000000E-99   1.00000000000000E-99
121   63     1.00000000000000E-99   1.00000000000000E-99
122   63     1.00000000000000E-99   1.00000000000000E-99
123   63     1.00000000000000E-99   1.00000000000000E-99
124   63     1.00000000000000E-99   1.00000000000000E-99
125   63     1.00000000000000E-99   1.00000000000000E-99
126   63     1.00000000000000E-99   1.00000000000000E-99
127   63     1.00000000000000E-99   1.00000000000000E-99
128   63     1.00000000000000E-99   1.00000000000000E-99
129   63     1.00000000000000E-99   1.00000000000000E-99
130   63     1.00000000000000E-99   1.00000000000000E-99
131   63     1.00000000000000E-99   1.00000000000000E-99
132   63     1.00000000000000E-99   1.00000000000000E-99
133   63     1.00000000000000E-99   1.00000000000000E-99
134   63     1.00000000000000E-99   1.00000000000000E-99
135   63     1.00000000000000E-99   1.00000000000000E-99
136   63     1.00000000000000E-99   1.00000000000000E-99
137   63     1.00000000000000E-99   1.00000000000000E-99
138   63     1.00000000000000E-99   1.00000000000000E-99
139   63     1.00000000000000E-99   1.00000000000000E-99
140   63     1.00000000000000E-99   1.00000000000000E-99
141   63     1.00000000000000E-99   1.00000000000000E-99
142   63     1.00000000000000E-99   1.00000000000000E-99
143   63     1.00000000000000E-99   1.00000000000000E-99
144   63     1.00000000000000E-99   1.00000000000000E-99
145   63     1.00000000000000E-99   1.00000000000000E-99
146   63     1.00000000000000E-99   1.00000000000000E-99
147   63     1.00000000000000E-99   1.00000000000000E-99
148   63     1.00000000000000E-99   1.00000000000000E-99
 81   64     1.00000000000000E-99   1.00000000000000E-99
 82   64     1.00000000000000E-99   1.00000000000000E-99
 83   64     1.00000000000000E-99   1.00000000000000E-99
 84   64     1.00000000000000E-99   1.00000000000000E-99
 85   64     1.00000000000000E-99   1.00000000000000E-99
 86   64     1.00000000000000E-99   1.00000000000000E-99
 87   64     1.00000000000000E-99   1.00000000000000E-99
 88   64     1.00000000000000E-99   1.00000000000000E-99
 89   64     1.00000000000000E-99   1.00000000000000E-99
 90   64     1.00000000000000E-99   1.00000000000000E-99
 91   64     8.16472476041834E-21   1.26553233786484E-18
 92   64     6.32727084046425E-19   9.87054251112423E-17
 93   64     6.13901627225797E-15   9.63825554744501E-13
 94   64     5.20990088095346E-13   8.23164339190646E-11
 95   64     1.70307366059379E-10   2.70788712034413E-08
 96   64     1.74612276907267E-08   2.79379643051628E-06
 97   64     1.20689465620487E-07   1.94310039648984E-05
 98   64     7.41891703164824E-07   1.20186455912702E-04
 99   64     1.45284656866645E-06   2.36813990692631E-04
100   64     3.39565420374352E-06   5.56887289413937E-04
101   64     7.32614957011813E-06   1.20881467906949E-03
102   64     5.92671500262112E-06   9.83834690435106E-04
103   64     7.67033600223017E-06   1.28094611237244E-03
104   64     1.18725687324617E-05   1.99459154705356E-03
105   64     5.95895838127822E-08   1.00706396643602E-05
106   64     1.29785255458316E-06   2.20634934279137E-04
107   64     1.16102543585503E-07   1.98535349531210E-05
108   64     3.46001952707218E-08   5.95123358656414E-06
109   64     1.60937487694758E-10   2.78421853711931E-08
110   64     2.78510539238394E-10   4.84608338274806E-08
111   64     3.47070160120370E-13   6.07372780210648E-11
112   64     2.64367731887003E-12   4.65287208121125E-10
113   64     1.01128213873612E-13   1.78996938556294E-11
114   64     7.42933009853681E-15   1.32242075753955E-12
115   64     2.17933360020191E-19   3.90100714436142E-17
116   64     1.13373682893402E-22   2.04072629208123E-20
117   64     1.00000000000000E-99   1.00000000000000E-99
118   64     1.00000000000000E-99   1.00000000000000E-99
119   64     1.00000000000000E-99   1.00000000000000E-99
120   64     1.00000000000000E-99   1.00000000000000E-99
121   64     1.00000000000000E-99   1.00000000000000E-99
122   64     1.00000000000000E-99   1.00000000000000E-99
123   64     1.00000000000000E-99   1.00000000000000E-99
124   64     1.00000000000000E-99   1.00000000000000E-99
125   64     1.00000000000000E-99   1.00000000000000E-99
126   64     1.00000000000000E-99   1.00000000000000E-99
127   64     1.00000000000000E-99   1.00000000000000E-99
128   64     1.00000000000000E-99   1.00000000000000E-99
129   64     1.00000000000000E-99   1.00000000000000E-99
130   64     1.00000000000000E-99   1.00000000000000E-99
131   64     1.00000000000000E-99   1.00000000000000E-99
132   64     1.00000000000000E-99   1.00000000000000E-99
133   64     1.00000000000000E-99   1.00000000000000E-99
134   64     1.00000000000000E-99   1.00000000000000E-99
135   64     1.00000000000000E-99   1.00000000000000E-99
136   64     1.00000000000000E-99   1.00000000000000E-99
137   64     1.00000000000000E-99   1.00000000000000E-99
138   64     1.00000000000000E-99   1.00000000000000E-99
139   64     1.00000000000000E-99   1.00000000000000E-99
140   64     1.00000000000000E-99   1.00000000000000E-99
141   64     1.00000000000000E-99   1.00000000000000E-99
142   64     1.00000000000000E-99   1.00000000000000E-99
143   64     1.00000000000000E-99   1.00000000000000E-99
144   64     1.00000000000000E-99   1.00000000000000E-99
145   64     1.00000000000000E-99   1.00000000000000E-99
146   64     1.00000000000000E-99   1.00000000000000E-99
147   64     1.00000000000000E-99   1.00000000000000E-99
148   64     1.00000000000000E-99   1.00000000000000E-99
149   64     1.00000000000000E-99   1.00000000000000E-99
150   64     1.00000000000000E-99   1.00000000000000E-99
 82   65     1.00000000000000E-99   1.00000000000000E-99
 83   65     1.00000000000000E-99   1.00000000000000E-99
 84   65     1.00000000000000E-99   1.00000000000000E-99
 85   65     1.00000000000000E-99   1.00000000000000E-99
 86   65     1.00000000000000E-99   1.00000000000000E-99
 87   65     1.00000000000000E-99   1.00000000000000E-99
 88   65     1.00000000000000E-99   1.00000000000000E-99
 89   65     1.00000000000000E-99   1.00000000000000E-99
 90   65     1.00000000000000E-99   1.00000000000000E-99
 91   65     1.00000000000000E-99   1.00000000000000E-99
 92   65     1.00000000000000E-99   1.00000000000000E-99
 93   65     1.00000000000000E-99   1.00000000000000E-99
 94   65     1.15183721324826E-15   1.83142116906474E-13
 95   65     1.20465839934068E-16   1.92745343894508E-14
 96   65     3.22855985979675E-10   5.19798137427276E-08
 97   65     9.31466957385229E-10   1.50897647096407E-07
 98   65     1.58845964963286E-08   2.58918922890156E-06
 99   65     5.00624803975205E-08   8.21024678519336E-06
100   65     7.19968254544789E-07   1.18794761999890E-04
101   65     1.31787491215874E-06   2.18767235418350E-04
102   65     3.41537835235016E-06   5.70368184842476E-04
103   65     4.99774234617002E-06   8.39620714156563E-04
104   65     5.17224397138837E-06   8.74109231164635E-04
105   65     1.26353268187120E-06   2.14800555918105E-04
106   65     4.09626793547094E-06   7.00461816965531E-04
107   65     1.61690872207818E-06   2.78108300197447E-04
108   65     6.26859376696107E-07   1.08446672168426E-04
109   65     6.18358397462857E-08   1.07594361158537E-05
110   65     4.32204888079889E-08   7.56358554139806E-06
111   65     7.29127906772202E-10   1.28326511591908E-07
112   65     1.71846203606937E-11   3.04167780384279E-09
113   65     5.95624107791859E-14   1.06021091186951E-11
114   65     6.55127809207811E-16   1.17267877848198E-13
115   65     4.77137180939511E-19   8.58846925691119E-17
116   65     1.80720513052464E-21   3.27104128624959E-19
117   65     1.12199669183237E-25   2.04203397913491E-23
118   65     1.00000000000000E-99   1.00000000000000E-99
119   65     1.00000000000000E-99   1.00000000000000E-99
120   65     1.00000000000000E-99   1.00000000000000E-99
121   65     1.00000000000000E-99   1.00000000000000E-99
122   65     1.00000000000000E-99   1.00000000000000E-99
123   65     1.00000000000000E-99   1.00000000000000E-99
124   65     1.00000000000000E-99   1.00000000000000E-99
125   65     1.00000000000000E-99   1.00000000000000E-99
126   65     1.00000000000000E-99   1.00000000000000E-99
127   65     1.00000000000000E-99   1.00000000000000E-99
128   65     1.00000000000000E-99   1.00000000000000E-99
129   65     1.00000000000000E-99   1.00000000000000E-99
130   65     1.00000000000000E-99   1.00000000000000E-99
131   65     1.00000000000000E-99   1.00000000000000E-99
132   65     1.00000000000000E-99   1.00000000000000E-99
133   65     1.00000000000000E-99   1.00000000000000E-99
134   65     1.00000000000000E-99   1.00000000000000E-99
135   65     1.00000000000000E-99   1.00000000000000E-99
136   65     1.00000000000000E-99   1.00000000000000E-99
137   65     1.00000000000000E-99   1.00000000000000E-99
138   65     1.00000000000000E-99   1.00000000000000E-99
139   65     1.00000000000000E-99   1.00000000000000E-99
140   65     1.00000000000000E-99   1.00000000000000E-99
141   65     1.00000000000000E-99   1.00000000000000E-99
142   65     1.00000000000000E-99   1.00000000000000E-99
143   65     1.00000000000000E-99   1.00000000000000E-99
144   65     1.00000000000000E-99   1.00000000000000E-99
145   65     1.00000000000000E-99   1.00000000000000E-99
146   65     1.00000000000000E-99   1.00000000000000E-99
147   65     1.00000000000000E-99   1.00000000000000E-99
148   65     1.00000000000000E-99   1.00000000000000E-99
149   65     1.00000000000000E-99   1.00000000000000E-99
150   65     1.00000000000000E-99   1.00000000000000E-99
151   65     1.00000000000000E-99   1.00000000000000E-99
152   65     1.00000000000000E-99   1.00000000000000E-99
153   65     1.00000000000000E-99   1.00000000000000E-99
 82   66     1.00000000000000E-99   1.00000000000000E-99
 83   66     1.00000000000000E-99   1.00000000000000E-99
 84   66     1.00000000000000E-99   1.00000000000000E-99
 85   66     1.00000000000000E-99   1.00000000000000E-99
 86   66     1.00000000000000E-99   1.00000000000000E-99
 87   66     1.00000000000000E-99   1.00000000000000E-99
 88   66     1.00000000000000E-99   1.00000000000000E-99
 89   66     1.00000000000000E-99   1.00000000000000E-99
 90   66     1.00000000000000E-99   1.00000000000000E-99
 91   66     1.00000000000000E-99   1.00000000000000E-99
 92   66     1.00000000000000E-99   1.00000000000000E-99
 93   66     1.00000000000000E-99   1.00000000000000E-99
 94   66     6.01104157675473E-24   9.61766652280756E-22
 95   66     2.26622680521111E-16   3.64862515638989E-14
 96   66     1.01565257504301E-12   1.64535717156968E-10
 97   66     6.99273165599765E-12   1.13981525992762E-09
 98   66     1.55701982876664E-10   2.55351251917729E-08
 99   66     3.72502690985255E-09   6.14629440125671E-07
100   66     4.02911832921574E-08   6.68833642649812E-06
101   66     1.50372969442927E-07   2.51122858969688E-05
102   66     6.76003874345234E-07   1.13568650889999E-04
103   66     8.93580184709651E-07   1.51015051215931E-04
104   66     7.20334127201115E-06   1.22456801624189E-03
105   66     2.56854328083806E-06   4.39220901023309E-04
106   66     5.94568385797038E-06   1.02265762357091E-03
107   66     5.54551618586577E-06   9.59374300154778E-04
108   66     5.36484787608502E-06   9.33483530438793E-04
109   66     5.24424380953712E-07   9.17742666668996E-05
110   66     1.03886377836873E-06   1.82840024992897E-04
111   66     6.94559858030049E-08   1.22937094871319E-05
112   66     2.09921567108873E-07   3.73660389453794E-05
113   66     1.95779807231192E-08   3.50445854943834E-06
114   66     2.33335054707166E-08   4.20003098472899E-06
115   66     6.53681479709255E-11   1.18316347827375E-08
116   66     2.14590957561132E-11   3.90555542761261E-09
117   66     1.92565996359538E-16   3.52395773337955E-14
118   66     2.04352734039973E-20   3.76009030633550E-18
119   66     1.55468272988084E-25   2.87616305027956E-23
120   66     1.00000000000000E-99   1.00000000000000E-99
121   66     1.00000000000000E-99   1.00000000000000E-99
122   66     1.00000000000000E-99   1.00000000000000E-99
123   66     1.00000000000000E-99   1.00000000000000E-99
124   66     1.00000000000000E-99   1.00000000000000E-99
125   66     1.00000000000000E-99   1.00000000000000E-99
126   66     1.00000000000000E-99   1.00000000000000E-99
127   66     1.00000000000000E-99   1.00000000000000E-99
128   66     1.00000000000000E-99   1.00000000000000E-99
129   66     1.00000000000000E-99   1.00000000000000E-99
130   66     1.00000000000000E-99   1.00000000000000E-99
131   66     1.00000000000000E-99   1.00000000000000E-99
132   66     1.00000000000000E-99   1.00000000000000E-99
133   66     1.00000000000000E-99   1.00000000000000E-99
134   66     1.00000000000000E-99   1.00000000000000E-99
135   66     1.00000000000000E-99   1.00000000000000E-99
136   66     1.00000000000000E-99   1.00000000000000E-99
137   66     1.00000000000000E-99   1.00000000000000E-99
138   66     1.00000000000000E-99   1.00000000000000E-99
139   66     1.00000000000000E-99   1.00000000000000E-99
140   66     1.00000000000000E-99   1.00000000000000E-99
141   66     1.00000000000000E-99   1.00000000000000E-99
142   66     1.00000000000000E-99   1.00000000000000E-99
143   66     1.00000000000000E-99   1.00000000000000E-99
144   66     1.00000000000000E-99   1.00000000000000E-99
145   66     1.00000000000000E-99   1.00000000000000E-99
146   66     1.00000000000000E-99   1.00000000000000E-99
147   66     1.00000000000000E-99   1.00000000000000E-99
148   66     1.00000000000000E-99   1.00000000000000E-99
149   66     1.00000000000000E-99   1.00000000000000E-99
150   66     1.00000000000000E-99   1.00000000000000E-99
151   66     1.00000000000000E-99   1.00000000000000E-99
152   66     1.00000000000000E-99   1.00000000000000E-99
153   66     1.00000000000000E-99   1.00000000000000E-99
154   66     1.00000000000000E-99   1.00000000000000E-99
155   66     1.00000000000000E-99   1.00000000000000E-99
 84   67     1.00000000000000E-99   1.00000000000000E-99
 85   67     1.00000000000000E-99   1.00000000000000E-99
 86   67     1.00000000000000E-99   1.00000000000000E-99
 87   67     1.00000000000000E-99   1.00000000000000E-99
 88   67     1.00000000000000E-99   1.00000000000000E-99
 89   67     1.00000000000000E-99   1.00000000000000E-99
 90   67     1.00000000000000E-99   1.00000000000000E-99
 91   67     1.00000000000000E-99   1.00000000000000E-99
 92   67     1.00000000000000E-99   1.00000000000000E-99
 93   67     1.00000000000000E-99   1.00000000000000E-99
 94   67     1.00000000000000E-99   1.00000000000000E-99
 95   67     1.00000000000000E-99   1.00000000000000E-99
 96   67     1.00000000000000E-99   1.00000000000000E-99
 97   67     1.00000000000000E-99   1.00000000000000E-99
 98   67     2.07391150418255E-13   3.42195398190120E-11
 99   67     7.77940512019839E-14   1.29138124995293E-11
100   67     2.34415056551896E-10   3.91473144441666E-08
101   67     8.32280281844370E-10   1.39823087349854E-07
102   67     1.98303454438136E-08   3.35132838000449E-06
103   67     1.04522733761026E-07   1.77688647393745E-05
104   67     2.59523954789398E-06   4.43785962689870E-04
105   67     1.14837210031019E-06   1.97520001253352E-04
106   67     2.31356481916879E-06   4.00246713716201E-04
107   67     3.88731349038467E-06   6.76392547326932E-04
108   67     1.10418021229265E-06   1.93231537151214E-04
109   67     9.99946476843767E-07   1.75990579924503E-04
110   67     2.53777852241672E-07   4.49186798467760E-05
111   67     2.22630791974742E-07   3.96282809715042E-05
112   67     4.16266720084614E-08   7.45117428951460E-06
113   67     2.64056079901610E-08   4.75300943822899E-06
114   67     1.41621517436024E-09   2.56334946559204E-07
115   67     5.08056179701876E-11   9.24662247057414E-09
116   67     5.57873664264280E-13   1.02090880560363E-10
117   67     1.34916896179481E-16   2.48247088970246E-14
118   67     2.30692424384635E-19   4.26780985111575E-17
119   67     5.47048970889387E-22   1.01751108585426E-19
120   67     3.72018470793499E-19   6.95674540383844E-17
121   67     8.16549943644485E-22   1.53511389405163E-19
122   67     7.59086420504188E-21   1.43467333475291E-18
123   67     7.47891655171717E-24   1.42099414482626E-21
124   67     1.00000000000000E-99   1.00000000000000E-99
125   67     1.00000000000000E-99   1.00000000000000E-99
126   67     1.00000000000000E-99   1.00000000000000E-99
127   67     1.00000000000000E-99   1.00000000000000E-99
128   67     1.00000000000000E-99   1.00000000000000E-99
129   67     1.00000000000000E-99   1.00000000000000E-99
130   67     1.00000000000000E-99   1.00000000000000E-99
131   67     1.00000000000000E-99   1.00000000000000E-99
132   67     1.00000000000000E-99   1.00000000000000E-99
133   67     1.00000000000000E-99   1.00000000000000E-99
134   67     1.00000000000000E-99   1.00000000000000E-99
135   67     1.00000000000000E-99   1.00000000000000E-99
136   67     1.00000000000000E-99   1.00000000000000E-99
137   67     1.00000000000000E-99   1.00000000000000E-99
138   67     1.00000000000000E-99   1.00000000000000E-99
139   67     1.00000000000000E-99   1.00000000000000E-99
140   67     1.00000000000000E-99   1.00000000000000E-99
141   67     1.00000000000000E-99   1.00000000000000E-99
142   67     1.00000000000000E-99   1.00000000000000E-99
143   67     1.00000000000000E-99   1.00000000000000E-99
144   67     1.00000000000000E-99   1.00000000000000E-99
145   67     1.00000000000000E-99   1.00000000000000E-99
146   67     1.00000000000000E-99   1.00000000000000E-99
147   67     1.00000000000000E-99   1.00000000000000E-99
148   67     1.00000000000000E-99   1.00000000000000E-99
149   67     1.00000000000000E-99   1.00000000000000E-99
150   67     1.00000000000000E-99   1.00000000000000E-99
151   67     1.00000000000000E-99   1.00000000000000E-99
152   67     1.00000000000000E-99   1.00000000000000E-99
153   67     1.00000000000000E-99   1.00000000000000E-99
154   67     1.00000000000000E-99   1.00000000000000E-99
155   67     1.00000000000000E-99   1.00000000000000E-99
156   67     1.00000000000000E-99   1.00000000000000E-99
157   67     1.00000000000000E-99   1.00000000000000E-99
 85   68     1.00000000000000E-99   1.00000000000000E-99
 86   68     1.00000000000000E-99   1.00000000000000E-99
 87   68     1.00000000000000E-99   1.00000000000000E-99
 88   68     1.00000000000000E-99   1.00000000000000E-99
 89   68     1.00000000000000E-99   1.00000000000000E-99
 90   68     1.00000000000000E-99   1.00000000000000E-99
 91   68     1.00000000000000E-99   1.00000000000000E-99
 92   68     1.00000000000000E-99   1.00000000000000E-99
 93   68     1.00000000000000E-99   1.00000000000000E-99
 94   68     1.00000000000000E-99   1.00000000000000E-99
 95   68     1.00000000000000E-99   1.00000000000000E-99
 96   68     1.00000000000000E-99   1.00000000000000E-99
 97   68     1.00000000000000E-99   1.00000000000000E-99
 98   68     3.37046516333461E-19   5.59497217113546E-17
 99   68     9.32496266476310E-15   1.55726876501544E-12
100   68     2.40249720099106E-12   4.03619529766498E-10
101   68     4.14043247400092E-11   6.99733088106156E-09
102   68     4.34617732487762E-10   7.38850145229196E-08
103   68     3.81307064419029E-08   6.52035080156540E-06
104   68     4.02533165157771E-08   6.92357044071367E-06
105   68     1.19429683237758E-06   2.06613352001321E-04
106   68     4.79583631560124E-06   8.34475518914616E-04
107   68     3.91292405401994E-06   6.84761709453490E-04
108   68     7.76952920834715E-06   1.36743714066910E-03
109   68     5.71380538041047E-06   1.01134355233265E-03
110   68     9.91974882377591E-06   1.76571529063211E-03
111   68     4.02534498503094E-06   7.20536752320538E-04
112   68     5.51964796041348E-06   9.93536632874426E-04
113   68     2.19167870065248E-06   3.96693844818099E-04
114   68     2.80907138082060E-06   5.11250991309349E-04
115   68     1.97862076358314E-07   3.62087599735714E-05
116   68     2.06151968823491E-07   3.79319622635223E-05
117   68     1.09706744776918E-11   2.02957477837298E-09
118   68     4.03524235017053E-13   7.50555077131718E-11
119   68     5.03492927118841E-16   9.41531773712233E-14
120   68     5.27502993635144E-13   9.91705628034070E-11
121   68     2.05370314272272E-16   3.88149893974595E-14
122   68     1.01769024098640E-14   1.93361145787416E-12
123   68     2.93182608882351E-18   5.59978782965290E-16
124   68     1.31564077909605E-19   2.52603029586441E-17
125   68     4.46735605283045E-21   8.62199718196277E-19
126   68     1.34873287301241E-25   2.61654177364407E-23
127   68     1.00000000000000E-99   1.00000000000000E-99
128   68     7.66776202870490E-24   1.50288135762616E-21
129   68     1.00000000000000E-99   1.00000000000000E-99
130   68     1.00000000000000E-99   1.00000000000000E-99
131   68     1.00000000000000E-99   1.00000000000000E-99
132   68     1.00000000000000E-99   1.00000000000000E-99
133   68     1.00000000000000E-99   1.00000000000000E-99
134   68     1.00000000000000E-99   1.00000000000000E-99
135   68     1.00000000000000E-99   1.00000000000000E-99
136   68     1.00000000000000E-99   1.00000000000000E-99
137   68     1.00000000000000E-99   1.00000000000000E-99
138   68     1.00000000000000E-99   1.00000000000000E-99
139   68     1.00000000000000E-99   1.00000000000000E-99
140   68     1.00000000000000E-99   1.00000000000000E-99
141   68     1.00000000000000E-99   1.00000000000000E-99
142   68     1.00000000000000E-99   1.00000000000000E-99
143   68     1.00000000000000E-99   1.00000000000000E-99
144   68     1.00000000000000E-99   1.00000000000000E-99
145   68     1.00000000000000E-99   1.00000000000000E-99
146   68     1.00000000000000E-99   1.00000000000000E-99
147   68     1.00000000000000E-99   1.00000000000000E-99
148   68     1.00000000000000E-99   1.00000000000000E-99
149   68     1.00000000000000E-99   1.00000000000000E-99
150   68     1.00000000000000E-99   1.00000000000000E-99
151   68     1.00000000000000E-99   1.00000000000000E-99
152   68     1.00000000000000E-99   1.00000000000000E-99
153   68     1.00000000000000E-99   1.00000000000000E-99
154   68     1.00000000000000E-99   1.00000000000000E-99
155   68     1.00000000000000E-99   1.00000000000000E-99
156   68     1.00000000000000E-99   1.00000000000000E-99
157   68     1.00000000000000E-99   1.00000000000000E-99
158   68     1.00000000000000E-99   1.00000000000000E-99
159   68     1.00000000000000E-99   1.00000000000000E-99
 86   69     1.00000000000000E-99   1.00000000000000E-99
 87   69     1.00000000000000E-99   1.00000000000000E-99
 88   69     1.00000000000000E-99   1.00000000000000E-99
 89   69     1.00000000000000E-99   1.00000000000000E-99
 90   69     1.00000000000000E-99   1.00000000000000E-99
 91   69     1.00000000000000E-99   1.00000000000000E-99
 92   69     1.00000000000000E-99   1.00000000000000E-99
 93   69     1.00000000000000E-99   1.00000000000000E-99
 94   69     1.00000000000000E-99   1.00000000000000E-99
 95   69     1.00000000000000E-99   1.00000000000000E-99
 96   69     1.00000000000000E-99   1.00000000000000E-99
 97   69     1.00000000000000E-99   1.00000000000000E-99
 98   69     1.00000000000000E-99   1.00000000000000E-99
 99   69     1.00000000000000E-99   1.00000000000000E-99
100   69     2.16141469020882E-17   3.65279082645291E-15
101   69     2.72579509275530E-18   4.63385165768401E-16
102   69     7.65133057406857E-13   1.30837752816573E-10
103   69     1.66690631126477E-13   2.86707885537540E-11
104   69     9.48257330146595E-09   1.64048518115361E-06
105   69     1.81963823653579E-08   3.16617053157228E-06
106   69     5.89587718003025E-08   1.03177850650529E-05
107   69     4.18182333616433E-07   7.36000907164922E-05
108   69     1.15360560111511E-06   2.04188191397374E-04
109   69     1.74573519732952E-06   3.10740865124654E-04
110   69     3.48594487534784E-06   6.23984132687263E-04
111   69     3.18759410482040E-06   5.73766938867672E-04
112   69     3.22736681224928E-06   5.84153393017120E-04
113   69     3.48397075498988E-06   6.34082677408158E-04
114   69     2.81262787585941E-06   5.14710901282272E-04
115   69     1.55697291837180E-06   2.86483016980412E-04
116   69     7.16418728754140E-07   1.32537464819516E-04
117   69     1.81582502538036E-09   3.37743454720747E-07
118   69     2.85079663602563E-10   5.33098970936792E-08
119   69     1.00071615558051E-12   1.88134637249135E-10
120   69     1.45793091872483E-13   2.75548943638993E-11
121   69     2.64431626624128E-14   5.02420090585843E-12
122   69     4.65937902085053E-15   8.89941392982451E-13
123   69     7.44638447968563E-18   1.42970582009964E-15
124   69     1.08503026735752E-19   2.09410841600001E-17
125   69     2.08654872346580E-22   4.04790452352365E-20
126   69     1.42434961277500E-23   2.77748174491124E-21
127   69     1.00000000000000E-99   1.00000000000000E-99
128   69     1.00000000000000E-99   1.00000000000000E-99
129   69     1.00000000000000E-99   1.00000000000000E-99
130   69     1.00000000000000E-99   1.00000000000000E-99
131   69     1.00000000000000E-99   1.00000000000000E-99
132   69     1.00000000000000E-99   1.00000000000000E-99
133   69     1.00000000000000E-99   1.00000000000000E-99
134   69     1.00000000000000E-99   1.00000000000000E-99
135   69     1.00000000000000E-99   1.00000000000000E-99
136   69     1.00000000000000E-99   1.00000000000000E-99
137   69     1.00000000000000E-99   1.00000000000000E-99
138   69     1.00000000000000E-99   1.00000000000000E-99
139   69     1.00000000000000E-99   1.00000000000000E-99
140   69     1.00000000000000E-99   1.00000000000000E-99
141   69     1.00000000000000E-99   1.00000000000000E-99
142   69     1.00000000000000E-99   1.00000000000000E-99
143   69     1.00000000000000E-99   1.00000000000000E-99
144   69     1.00000000000000E-99   1.00000000000000E-99
145   69     1.00000000000000E-99   1.00000000000000E-99
146   69     1.00000000000000E-99   1.00000000000000E-99
147   69     1.00000000000000E-99   1.00000000000000E-99
148   69     1.00000000000000E-99   1.00000000000000E-99
149   69     1.00000000000000E-99   1.00000000000000E-99
150   69     1.00000000000000E-99   1.00000000000000E-99
151   69     1.00000000000000E-99   1.00000000000000E-99
152   69     1.00000000000000E-99   1.00000000000000E-99
153   69     1.00000000000000E-99   1.00000000000000E-99
154   69     1.00000000000000E-99   1.00000000000000E-99
155   69     1.00000000000000E-99   1.00000000000000E-99
156   69     1.00000000000000E-99   1.00000000000000E-99
157   69     1.00000000000000E-99   1.00000000000000E-99
158   69     1.00000000000000E-99   1.00000000000000E-99
159   69     1.00000000000000E-99   1.00000000000000E-99
160   69     1.00000000000000E-99   1.00000000000000E-99
161   69     1.00000000000000E-99   1.00000000000000E-99
 88   70     1.00000000000000E-99   1.00000000000000E-99
 89   70     1.00000000000000E-99   1.00000000000000E-99
 90   70     1.00000000000000E-99   1.00000000000000E-99
 91   70     1.00000000000000E-99   1.00000000000000E-99
 92   70     1.00000000000000E-99   1.00000000000000E-99
 93   70     1.00000000000000E-99   1.00000000000000E-99
 94   70     1.00000000000000E-99   1.00000000000000E-99
 95   70     1.00000000000000E-99   1.00000000000000E-99
 96   70     1.00000000000000E-99   1.00000000000000E-99
 97   70     1.00000000000000E-99   1.00000000000000E-99
 98   70     1.00000000000000E-99   1.00000000000000E-99
 99   70     1.00000000000000E-99   1.00000000000000E-99
100   70     1.00000000000000E-99   1.00000000000000E-99
101   70     5.23896111089682E-21   8.95862349963357E-19
102   70     3.46183250699472E-19   5.95435191203092E-17
103   70     1.55363964351322E-13   2.68779658327788E-11
104   70     3.15194194222626E-11   5.48437897947370E-09
105   70     4.21156072351253E-11   7.37023126614693E-09
106   70     2.60728818450323E-09   4.58882720472568E-07
107   70     8.49386348019569E-09   1.50341383599464E-06
108   70     5.18316329039618E-08   9.22603065690520E-06
109   70     1.51655414819187E-07   2.71463192526345E-05
110   70     3.78456150811629E-07   6.81221071460933E-05
111   70     4.91579615620458E-07   8.89759104273028E-05
112   70     1.63138486990008E-06   2.96912046321815E-04
113   70     7.63563282153248E-07   1.39732080634044E-04
114   70     3.09430444962254E-06   5.69352018730546E-04
115   70     7.44151410687664E-07   1.37668010977218E-04
116   70     2.76093917295658E-06   5.13534686169924E-04
117   70     3.83121408666496E-09   7.16437034206348E-07
118   70     2.94592064452542E-08   5.53833081170778E-06
119   70     4.82515053791630E-09   9.11953451666181E-07
120   70     5.97156883548918E-07   1.13459807874294E-04
121   70     1.55826340982122E-08   2.97628311275853E-06
122   70     1.76338177612928E-07   3.38569301016822E-05
123   70     4.26418278688366E-08   8.22987277868546E-06
124   70     1.66780895278756E-07   3.23554936840787E-05
125   70     6.60134005383110E-08   1.28726131049706E-05
126   70     1.59767598618039E-10   3.13144493291357E-08
127   70     8.47052505415853E-18   1.66869343566923E-15
128   70     7.47259050959321E-13   1.47957292089946E-10
129   70     8.68558001902696E-21   1.72843042378637E-18
130   70     1.00000000000000E-99   1.00000000000000E-99
131   70     1.00000000000000E-99   1.00000000000000E-99
132   70     1.00000000000000E-99   1.00000000000000E-99
133   70     1.00000000000000E-99   1.00000000000000E-99
134   70     1.00000000000000E-99   1.00000000000000E-99
135   70     1.00000000000000E-99   1.00000000000000E-99
136   70     1.00000000000000E-99   1.00000000000000E-99
137   70     1.00000000000000E-99   1.00000000000000E-99
138   70     1.00000000000000E-99   1.00000000000000E-99
139   70     1.00000000000000E-99   1.00000000000000E-99
140   70     1.00000000000000E-99   1.00000000000000E-99
141   70     1.00000000000000E-99   1.00000000000000E-99
142   70     1.00000000000000E-99   1.00000000000000E-99
143   70     1.00000000000000E-99   1.00000000000000E-99
144   70     1.00000000000000E-99   1.00000000000000E-99
145   70     1.00000000000000E-99   1.00000000000000E-99
146   70     1.00000000000000E-99   1.00000000000000E-99
147   70     1.00000000000000E-99   1.00000000000000E-99
148   70     1.00000000000000E-99   1.00000000000000E-99
149   70     1.00000000000000E-99   1.00000000000000E-99
150   70     1.00000000000000E-99   1.00000000000000E-99
151   70     1.00000000000000E-99   1.00000000000000E-99
152   70     1.00000000000000E-99   1.00000000000000E-99
153   70     1.00000000000000E-99   1.00000000000000E-99
154   70     1.00000000000000E-99   1.00000000000000E-99
155   70     1.00000000000000E-99   1.00000000000000E-99
156   70     1.00000000000000E-99   1.00000000000000E-99
157   70     1.00000000000000E-99   1.00000000000000E-99
158   70     1.00000000000000E-99   1.00000000000000E-99
159   70     1.00000000000000E-99   1.00000000000000E-99
160   70     1.00000000000000E-99   1.00000000000000E-99
161   70     1.00000000000000E-99   1.00000000000000E-99
162   70     1.00000000000000E-99   1.00000000000000E-99
163   70     1.00000000000000E-99   1.00000000000000E-99
164   70     1.00000000000000E-99   1.00000000000000E-99
 90   71     1.00000000000000E-99   1.00000000000000E-99
 91   71     1.00000000000000E-99   1.00000000000000E-99
 92   71     1.00000000000000E-99   1.00000000000000E-99
 93   71     1.00000000000000E-99   1.00000000000000E-99
 94   71     1.00000000000000E-99   1.00000000000000E-99
 95   71     1.00000000000000E-99   1.00000000000000E-99
 96   71     1.00000000000000E-99   1.00000000000000E-99
 97   71     1.00000000000000E-99   1.00000000000000E-99
 98   71     1.00000000000000E-99   1.00000000000000E-99
 99   71     1.00000000000000E-99   1.00000000000000E-99
100   71     1.00000000000000E-99   1.00000000000000E-99
101   71     1.00000000000000E-99   1.00000000000000E-99
102   71     1.00000000000000E-99   1.00000000000000E-99
103   71     1.00000000000000E-99   1.00000000000000E-99
104   71     5.39145408162381E-17   9.43504464284167E-15
105   71     4.99676792689887E-18   8.79431155134200E-16
106   71     6.84919381085216E-13   1.21230730452083E-10
107   71     6.67976005144239E-12   1.18899728915675E-09
108   71     2.04639045103093E-10   3.66303890734536E-08
109   71     1.69369984428107E-09   3.04865971970592E-07
110   71     6.13824445072141E-09   1.11102224558058E-06
111   71     1.06455342948079E-08   1.93748724165503E-06
112   71     2.62969262163997E-08   4.81233749760114E-06
113   71     1.33274714815332E-07   2.45225475260210E-05
114   71     2.16801654747990E-07   4.01083061283782E-05
115   71     7.99592714132534E-07   1.48724244828651E-04
116   71     3.52922540451757E-07   6.59965150644786E-05
117   71     5.83355980505758E-08   1.09670924335083E-05
118   71     5.98934455321216E-07   1.13198612055710E-04
119   71     2.77838003940179E-07   5.27892207486340E-05
120   71     1.31091243333873E-07   2.50384274767698E-05
121   71     2.78586676666176E-07   5.34886419199057E-05
122   71     1.69095657165516E-07   3.26354618329447E-05
123   71     1.86306601043574E-07   3.61434806024533E-05
124   71     1.12130037094113E-07   2.18653572333521E-05
125   71     1.02102237518906E-09   2.00120385537056E-07
126   71     1.15673953494064E-12   2.27877688383306E-10
127   71     5.59953449397136E-18   1.10870782980633E-15
128   71     1.23892715513308E-17   2.46546503871483E-15
129   71     4.63584089024024E-24   9.27168178048047E-22
130   71     1.00000000000000E-99   1.00000000000000E-99
131   71     1.00000000000000E-99   1.00000000000000E-99
132   71     1.00000000000000E-99   1.00000000000000E-99
133   71     1.00000000000000E-99   1.00000000000000E-99
134   71     1.00000000000000E-99   1.00000000000000E-99
135   71     1.00000000000000E-99   1.00000000000000E-99
136   71     1.00000000000000E-99   1.00000000000000E-99
137   71     1.00000000000000E-99   1.00000000000000E-99
138   71     1.00000000000000E-99   1.00000000000000E-99
139   71     1.00000000000000E-99   1.00000000000000E-99
140   71     1.00000000000000E-99   1.00000000000000E-99
141   71     1.00000000000000E-99   1.00000000000000E-99
142   71     1.00000000000000E-99   1.00000000000000E-99
143   71     1.00000000000000E-99   1.00000000000000E-99
144   71     1.00000000000000E-99   1.00000000000000E-99
145   71     1.00000000000000E-99   1.00000000000000E-99
146   71     1.00000000000000E-99   1.00000000000000E-99
147   71     1.00000000000000E-99   1.00000000000000E-99
148   71     1.00000000000000E-99   1.00000000000000E-99
149   71     1.00000000000000E-99   1.00000000000000E-99
150   71     1.00000000000000E-99   1.00000000000000E-99
151   71     1.00000000000000E-99   1.00000000000000E-99
152   71     1.00000000000000E-99   1.00000000000000E-99
153   71     1.00000000000000E-99   1.00000000000000E-99
154   71     1.00000000000000E-99   1.00000000000000E-99
155   71     1.00000000000000E-99   1.00000000000000E-99
156   71     1.00000000000000E-99   1.00000000000000E-99
157   71     1.00000000000000E-99   1.00000000000000E-99
158   71     1.00000000000000E-99   1.00000000000000E-99
159   71     1.00000000000000E-99   1.00000000000000E-99
160   71     1.00000000000000E-99   1.00000000000000E-99
161   71     1.00000000000000E-99   1.00000000000000E-99
162   71     1.00000000000000E-99   1.00000000000000E-99
163   71     1.00000000000000E-99   1.00000000000000E-99
164   71     1.00000000000000E-99   1.00000000000000E-99
165   71     1.00000000000000E-99   1.00000000000000E-99
166   71     1.00000000000000E-99   1.00000000000000E-99
 92   72     1.00000000000000E-99   1.00000000000000E-99
 93   72     1.00000000000000E-99   1.00000000000000E-99
 94   72     1.00000000000000E-99   1.00000000000000E-99
 95   72     1.00000000000000E-99   1.00000000000000E-99
 96   72     1.00000000000000E-99   1.00000000000000E-99
 97   72     1.00000000000000E-99   1.00000000000000E-99
 98   72     1.00000000000000E-99   1.00000000000000E-99
 99   72     1.00000000000000E-99   1.00000000000000E-99
100   72     1.00000000000000E-99   1.00000000000000E-99
101   72     1.00000000000000E-99   1.00000000000000E-99
102   72     1.00000000000000E-99   1.00000000000000E-99
103   72     1.00000000000000E-99   1.00000000000000E-99
104   72     1.00000000000000E-99   1.00000000000000E-99
105   72     4.93179070921953E-19   8.72926955531857E-17
106   72     1.79810014278256E-15   3.20061825415296E-13
107   72     5.97146870705039E-15   1.06889289856202E-12
108   72     2.59493753781887E-12   4.67088756807397E-10
109   72     1.69006431333491E-11   3.05901640713619E-09
110   72     5.46395734896758E-11   9.94440237512099E-09
111   72     3.19532561822984E-10   5.84744588136060E-08
112   72     5.40584794089620E-09   9.94676021124901E-07
113   72     3.70958189849057E-08   6.86272651220755E-06
114   72     4.81707750193295E-07   8.95976415359528E-05
115   72     7.17583698767863E-07   1.34188151669590E-04
116   72     3.07775092088507E-06   5.78617173126394E-04
117   72     1.29596783855719E-06   2.44937921487308E-04
118   72     9.89967055987001E-06   1.88093740637530E-03
119   72     3.87857977785417E-06   7.40808737570146E-04
120   72     2.78456601700005E-05   5.34636675264010E-03
121   72     2.64474333962188E-05   5.10435464547023E-03
122   72     1.14372232369918E-04   2.21882130797641E-02
123   72     1.27970467761966E-04   2.49542412135833E-02
124   72     1.59572070153053E-04   3.12761257499983E-02
125   72     1.68127962727670E-04   3.31212086573510E-02
126   72     1.20838343704300E-05   2.39259920534513E-03
127   72     1.33361941567394E-09   2.65390263719113E-07
128   72     1.26852498381622E-09   2.53704996763243E-07
129   72     4.82164951395160E-13   9.69151552304272E-11
130   72     4.34862960177821E-13   8.78423179559198E-11
131   72     8.70065564061578E-20   1.76623309504500E-17
132   72     4.24516235972056E-24   8.66013121382995E-22
133   72     1.00000000000000E-99   1.00000000000000E-99
134   72     1.00000000000000E-99   1.00000000000000E-99
135   72     1.00000000000000E-99   1.00000000000000E-99
136   72     1.00000000000000E-99   1.00000000000000E-99
137   72     1.00000000000000E-99   1.00000000000000E-99
138   72     1.00000000000000E-99   1.00000000000000E-99
139   72     1.00000000000000E-99   1.00000000000000E-99
140   72     1.00000000000000E-99   1.00000000000000E-99
141   72     1.00000000000000E-99   1.00000000000000E-99
142   72     1.00000000000000E-99   1.00000000000000E-99
143   72     1.00000000000000E-99   1.00000000000000E-99
144   72     1.00000000000000E-99   1.00000000000000E-99
145   72     1.00000000000000E-99   1.00000000000000E-99
146   72     1.00000000000000E-99   1.00000000000000E-99
147   72     1.00000000000000E-99   1.00000000000000E-99
148   72     1.00000000000000E-99   1.00000000000000E-99
149   72     1.00000000000000E-99   1.00000000000000E-99
150   72     1.00000000000000E-99   1.00000000000000E-99
151   72     1.00000000000000E-99   1.00000000000000E-99
152   72     1.00000000000000E-99   1.00000000000000E-99
153   72     1.00000000000000E-99   1.00000000000000E-99
154   72     1.00000000000000E-99   1.00000000000000E-99
155   72     1.00000000000000E-99   1.00000000000000E-99
156   72     1.00000000000000E-99   1.00000000000000E-99
157   72     1.00000000000000E-99   1.00000000000000E-99
158   72     1.00000000000000E-99   1.00000000000000E-99
159   72     1.00000000000000E-99   1.00000000000000E-99
160   72     1.00000000000000E-99   1.00000000000000E-99
161   72     1.00000000000000E-99   1.00000000000000E-99
162   72     1.00000000000000E-99   1.00000000000000E-99
163   72     1.00000000000000E-99   1.00000000000000E-99
164   72     1.00000000000000E-99   1.00000000000000E-99
165   72     1.00000000000000E-99   1.00000000000000E-99
166   72     1.00000000000000E-99   1.00000000000000E-99
167   72     1.00000000000000E-99   1.00000000000000E-99
168   72     1.00000000000000E-99   1.00000000000000E-99
 96   73     1.00000000000000E-99   1.00000000000000E-99
 97   73     1.00000000000000E-99   1.00000000000000E-99
 98   73     1.00000000000000E-99   1.00000000000000E-99
 99   73     1.00000000000000E-99   1.00000000000000E-99
100   73     1.00000000000000E-99   1.00000000000000E-99
101   73     1.00000000000000E-99   1.00000000000000E-99
102   73     1.00000000000000E-99   1.00000000000000E-99
103   73     1.00000000000000E-99   1.00000000000000E-99
104   73     1.00000000000000E-99   1.00000000000000E-99
105   73     1.00000000000000E-99   1.00000000000000E-99
106   73     1.00000000000000E-99   1.00000000000000E-99
107   73     1.00000000000000E-99   1.00000000000000E-99
108   73     2.01451770275440E-18   3.64627704198546E-16
109   73     1.32028429724120E-19   2.40291742097899E-17
110   73     4.46770888744640E-14   8.17590726402691E-12
111   73     1.91423553866536E-13   3.52219339114426E-11
112   73     1.13620900027638E-10   2.10198665051131E-08
113   73     1.95834752953127E-09   3.64252640492816E-07
114   73     1.66171579982298E-08   3.10740854566896E-06
115   73     5.37742018536360E-08   1.01095499484836E-05
116   73     2.16469216885673E-06   4.09126819913921E-04
117   73     3.26639130816135E-06   6.20614348550657E-04
118   73     4.38046726188732E-06   8.36669247020478E-04
119   73     6.52281551143688E-06   1.25238057819588E-03
120   73     2.02820685975505E-05   3.91443923932725E-03
121   73     3.18514240495979E-05   6.17917626562198E-03
122   73     1.01166623649615E-04   1.97274916116750E-02
123   73     5.14480515412791E-05   1.00838181020907E-02
124   73     5.28068850080380E-05   1.04029563465835E-02
125   73     9.23912200442015E-06   1.82934615687519E-03
126   73     7.91596894836792E-07   1.57527782072522E-04
127   73     2.83837538179094E-11   5.67675076358187E-09
128   73     7.51350471471697E-12   1.51021444765811E-09
129   73     6.68902344423469E-17   1.35118273573541E-14
130   73     1.25128886769387E-18   2.54011640141855E-16
131   73     6.71019825571458E-24   1.36888044416577E-21
132   73     1.00000000000000E-99   1.00000000000000E-99
133   73     1.00000000000000E-99   1.00000000000000E-99
134   73     2.41549070510052E-25   5.00006575955807E-23
135   73     1.00000000000000E-99   1.00000000000000E-99
136   73     1.00000000000000E-99   1.00000000000000E-99
137   73     1.00000000000000E-99   1.00000000000000E-99
138   73     1.00000000000000E-99   1.00000000000000E-99
139   73     1.00000000000000E-99   1.00000000000000E-99
140   73     1.00000000000000E-99   1.00000000000000E-99
141   73     1.00000000000000E-99   1.00000000000000E-99
142   73     1.00000000000000E-99   1.00000000000000E-99
143   73     1.00000000000000E-99   1.00000000000000E-99
144   73     1.00000000000000E-99   1.00000000000000E-99
145   73     1.00000000000000E-99   1.00000000000000E-99
146   73     1.00000000000000E-99   1.00000000000000E-99
147   73     1.00000000000000E-99   1.00000000000000E-99
148   73     1.00000000000000E-99   1.00000000000000E-99
149   73     1.00000000000000E-99   1.00000000000000E-99
150   73     1.00000000000000E-99   1.00000000000000E-99
151   73     1.00000000000000E-99   1.00000000000000E-99
152   73     1.00000000000000E-99   1.00000000000000E-99
153   73     1.00000000000000E-99   1.00000000000000E-99
154   73     1.00000000000000E-99   1.00000000000000E-99
155   73     1.00000000000000E-99   1.00000000000000E-99
156   73     1.00000000000000E-99   1.00000000000000E-99
157   73     1.00000000000000E-99   1.00000000000000E-99
158   73     1.00000000000000E-99   1.00000000000000E-99
159   73     1.00000000000000E-99   1.00000000000000E-99
160   73     1.00000000000000E-99   1.00000000000000E-99
161   73     1.00000000000000E-99   1.00000000000000E-99
162   73     1.00000000000000E-99   1.00000000000000E-99
163   73     1.00000000000000E-99   1.00000000000000E-99
164   73     1.00000000000000E-99   1.00000000000000E-99
165   73     1.00000000000000E-99   1.00000000000000E-99
166   73     1.00000000000000E-99   1.00000000000000E-99
167   73     1.00000000000000E-99   1.00000000000000E-99
168   73     1.00000000000000E-99   1.00000000000000E-99
169   73     1.00000000000000E-99   1.00000000000000E-99
170   73     1.00000000000000E-99   1.00000000000000E-99
 98   74     1.00000000000000E-99   1.00000000000000E-99
 99   74     1.00000000000000E-99   1.00000000000000E-99
100   74     1.00000000000000E-99   1.00000000000000E-99
101   74     1.00000000000000E-99   1.00000000000000E-99
102   74     1.00000000000000E-99   1.00000000000000E-99
103   74     1.00000000000000E-99   1.00000000000000E-99
104   74     1.00000000000000E-99   1.00000000000000E-99
105   74     1.00000000000000E-99   1.00000000000000E-99
106   74     1.00000000000000E-99   1.00000000000000E-99
107   74     1.00000000000000E-99   1.00000000000000E-99
108   74     1.00000000000000E-99   1.00000000000000E-99
109   74     4.22826406140296E-20   7.73772323236743E-18
110   74     2.72201482462001E-18   5.00850727730081E-16
111   74     1.88359226832347E-14   3.48464569639841E-12
112   74     1.66461809333380E-12   3.09618965360087E-10
113   74     8.35148265631564E-11   1.56172725673103E-08
114   74     2.18888618121370E-09   4.11510602068175E-07
115   74     1.96867769073878E-08   3.72080083549630E-06
116   74     5.68538370858208E-07   1.08022290463059E-04
117   74     3.44075455742913E-06   6.57184120468964E-04
118   74     3.18292877017571E-06   6.11122323873737E-04
119   74     1.77400396867571E-05   3.42382765954413E-03
120   74     4.94169634149542E-05   9.58689090250112E-03
121   74     1.91592252244850E-04   3.73604891877457E-02
122   74     2.44764188698378E-04   4.79737809848821E-02
123   74     2.38346324277808E-04   4.69542258827283E-02
124   74     1.65422045853661E-04   3.27535650790248E-02
125   74     4.95996124639581E-05   9.87032288032767E-03
126   74     2.05364182813279E-06   4.10728365626558E-04
127   74     6.36056509644897E-09   1.27847358438624E-06
128   74     1.62562280822804E-08   3.28375807262063E-06
129   74     5.96354426035760E-09   1.21059948485259E-06
130   74     8.86681152624167E-09   1.80882955135330E-06
131   74     5.09409752085359E-15   1.04428999177499E-12
132   74     7.29371273791618E-13   1.50250482401073E-10
133   74     1.07478360885549E-18   2.22480207033087E-16
134   74     9.13318466855949E-19   1.89970241106037E-16
135   74     2.22492056973857E-24   4.65008399075362E-22
136   74     1.00000000000000E-99   1.00000000000000E-99
137   74     1.00000000000000E-99   1.00000000000000E-99
138   74     1.00000000000000E-99   1.00000000000000E-99
139   74     1.00000000000000E-99   1.00000000000000E-99
140   74     1.00000000000000E-99   1.00000000000000E-99
141   74     1.00000000000000E-99   1.00000000000000E-99
142   74     1.00000000000000E-99   1.00000000000000E-99
143   74     1.00000000000000E-99   1.00000000000000E-99
144   74     1.00000000000000E-99   1.00000000000000E-99
145   74     1.00000000000000E-99   1.00000000000000E-99
146   74     1.00000000000000E-99   1.00000000000000E-99
147   74     1.00000000000000E-99   1.00000000000000E-99
148   74     1.00000000000000E-99   1.00000000000000E-99
149   74     1.00000000000000E-99   1.00000000000000E-99
150   74     1.00000000000000E-99   1.00000000000000E-99
151   74     1.00000000000000E-99   1.00000000000000E-99
152   74     1.00000000000000E-99   1.00000000000000E-99
153   74     1.00000000000000E-99   1.00000000000000E-99
154   74     1.00000000000000E-99   1.00000000000000E-99
155   74     1.00000000000000E-99   1.00000000000000E-99
156   74     1.00000000000000E-99   1.00000000000000E-99
157   74     1.00000000000000E-99   1.00000000000000E-99
158   74     1.00000000000000E-99   1.00000000000000E-99
159   74     1.00000000000000E-99   1.00000000000000E-99
160   74     1.00000000000000E-99   1.00000000000000E-99
161   74     1.00000000000000E-99   1.00000000000000E-99
162   74     1.00000000000000E-99   1.00000000000000E-99
163   74     1.00000000000000E-99   1.00000000000000E-99
164   74     1.00000000000000E-99   1.00000000000000E-99
165   74     1.00000000000000E-99   1.00000000000000E-99
166   74     1.00000000000000E-99   1.00000000000000E-99
167   74     1.00000000000000E-99   1.00000000000000E-99
168   74     1.00000000000000E-99   1.00000000000000E-99
169   74     1.00000000000000E-99   1.00000000000000E-99
170   74     1.00000000000000E-99   1.00000000000000E-99
171   74     1.00000000000000E-99   1.00000000000000E-99
172   74     1.00000000000000E-99   1.00000000000000E-99
173   74     1.00000000000000E-99   1.00000000000000E-99
 99   75     1.00000000000000E-99   1.00000000000000E-99
100   75     1.00000000000000E-99   1.00000000000000E-99
101   75     1.00000000000000E-99   1.00000000000000E-99
102   75     1.00000000000000E-99   1.00000000000000E-99
103   75     1.00000000000000E-99   1.00000000000000E-99
104   75     1.00000000000000E-99   1.00000000000000E-99
105   75     1.00000000000000E-99   1.00000000000000E-99
106   75     1.00000000000000E-99   1.00000000000000E-99
107   75     1.00000000000000E-99   1.00000000000000E-99
108   75     1.00000000000000E-99   1.00000000000000E-99
109   75     1.00000000000000E-99   1.00000000000000E-99
110   75     1.11480667050503E-21   2.06239234043431E-19
111   75     8.97305764608744E-23   1.66898872217226E-20
112   75     4.69760127492562E-16   8.78451438411092E-14
113   75     2.24064651598707E-16   4.21241545005569E-14
114   75     1.82637683742712E-11   3.45185222273726E-09
115   75     1.82605079100906E-10   3.46949650291722E-08
116   75     2.72949946740177E-07   5.21334398273738E-05
117   75     6.70461815570226E-08   1.28728668589483E-05
118   75     1.11121545064360E-06   2.14464581974215E-04
119   75     1.95368149742347E-06   3.79014210500153E-04
120   75     1.24268756081080E-05   2.42324074358106E-03
121   75     4.55850118336645E-06   8.93466231939824E-04
122   75     1.76629060426949E-05   3.47959249041090E-03
123   75     8.15655854184583E-06   1.61499859128547E-03
124   75     3.81917834345926E-06   7.60016490348393E-04
125   75     3.03665481471738E-07   6.07330962943477E-05
126   75     2.65385290213816E-08   5.33424433329770E-06
127   75     2.12594454495642E-09   4.29440798081197E-07
128   75     6.79957451553160E-09   1.38031362665291E-06
129   75     8.66722767106225E-13   1.76811444489670E-10
130   75     5.71435235562853E-11   1.17144223290385E-08
131   75     1.08528861398400E-15   2.23569454480703E-13
132   75     3.15898039916711E-14   6.53908942627591E-12
133   75     1.07755094712585E-18   2.24130597002178E-16
134   75     8.83191996273069E-17   1.84587127221071E-14
135   75     1.84749830527161E-20   3.87974644107039E-18
136   75     1.18995315113704E-23   2.51080114889916E-21
137   75     1.00000000000000E-99   1.00000000000000E-99
138   75     1.00000000000000E-99   1.00000000000000E-99
139   75     1.00000000000000E-99   1.00000000000000E-99
140   75     1.00000000000000E-99   1.00000000000000E-99
141   75     1.00000000000000E-99   1.00000000000000E-99
142   75     1.00000000000000E-99   1.00000000000000E-99
143   75     1.00000000000000E-99   1.00000000000000E-99
144   75     1.00000000000000E-99   1.00000000000000E-99
145   75     1.00000000000000E-99   1.00000000000000E-99
146   75     1.00000000000000E-99   1.00000000000000E-99
147   75     1.00000000000000E-99   1.00000000000000E-99
148   75     1.00000000000000E-99   1.00000000000000E-99
149   75     1.00000000000000E-99   1.00000000000000E-99
150   75     1.00000000000000E-99   1.00000000000000E-99
151   75     1.00000000000000E-99   1.00000000000000E-99
152   75     1.00000000000000E-99   1.00000000000000E-99
153   75     1.00000000000000E-99   1.00000000000000E-99
154   75     1.00000000000000E-99   1.00000000000000E-99
155   75     1.00000000000000E-99   1.00000000000000E-99
156   75     1.00000000000000E-99   1.00000000000000E-99
157   75     1.00000000000000E-99   1.00000000000000E-99
158   75     1.00000000000000E-99   1.00000000000000E-99
159   75     1.00000000000000E-99   1.00000000000000E-99
160   75     1.00000000000000E-99   1.00000000000000E-99
161   75     1.00000000000000E-99   1.00000000000000E-99
162   75     1.00000000000000E-99   1.00000000000000E-99
163   75     1.00000000000000E-99   1.00000000000000E-99
164   75     1.00000000000000E-99   1.00000000000000E-99
165   75     1.00000000000000E-99   1.00000000000000E-99
166   75     1.00000000000000E-99   1.00000000000000E-99
167   75     1.00000000000000E-99   1.00000000000000E-99
168   75     1.00000000000000E-99   1.00000000000000E-99
169   75     1.00000000000000E-99   1.00000000000000E-99
170   75     1.00000000000000E-99   1.00000000000000E-99
171   75     1.00000000000000E-99   1.00000000000000E-99
172   75     1.00000000000000E-99   1.00000000000000E-99
173   75     1.00000000000000E-99   1.00000000000000E-99
174   75     1.00000000000000E-99   1.00000000000000E-99
175   75     1.00000000000000E-99   1.00000000000000E-99
101   76     1.00000000000000E-99   1.00000000000000E-99
102   76     1.00000000000000E-99   1.00000000000000E-99
103   76     1.00000000000000E-99   1.00000000000000E-99
104   76     1.00000000000000E-99   1.00000000000000E-99
105   76     1.00000000000000E-99   1.00000000000000E-99
106   76     1.00000000000000E-99   1.00000000000000E-99
107   76     1.00000000000000E-99   1.00000000000000E-99
108   76     1.00000000000000E-99   1.00000000000000E-99
109   76     1.00000000000000E-99   1.00000000000000E-99
110   76     1.00000000000000E-99   1.00000000000000E-99
111   76     1.00000000000000E-99   1.00000000000000E-99
112   76     1.61695342869357E-21   3.03987244594391E-19
113   76     9.01951106603308E-17   1.70468759148025E-14
114   76     4.63940965636212E-13   8.81487834708804E-11
115   76     2.32812531104206E-10   4.44671934409033E-08
116   76     2.33289675443184E-09   4.47916176850913E-07
117   76     1.54010921141518E-09   2.97241077803131E-07
118   76     1.63800648155381E-08   3.17773257421438E-06
119   76     1.34944060527255E-06   2.63140918028148E-04
120   76     1.17043740419903E-06   2.29405731223010E-04
121   76     3.12725457413475E-06   6.16069151104546E-04
122   76     4.10054060001694E-06   8.11907038803353E-04
123   76     2.11077840457226E-06   4.20044902509881E-04
124   76     3.63939510679366E-07   7.27879021358733E-05
125   76     1.32999771655378E-07   2.67329541027311E-05
126   76     1.32686787884918E-07   2.68027311527534E-05
127   76     2.27584271784371E-08   4.61996071722273E-06
128   76     1.66935771804102E-07   3.40548974480369E-05
129   76     1.70110990827290E-08   3.48727531195944E-06
130   76     1.73508199460384E-07   3.57426890888390E-05
131   76     3.90964283311906E-09   8.09296066455646E-07
132   76     2.08899491870228E-08   4.34510943090074E-06
133   76     7.27207440998042E-14   1.51986355168591E-11
134   76     1.14651987492412E-11   2.40769173734065E-09
135   76     1.18510582187749E-15   2.50057328416151E-13
136   76     1.03322876262510E-15   2.19044497676521E-13
137   76     2.45704176926476E-20   5.23349896853393E-18
138   76     6.98337007971926E-22   1.49444119705992E-19
139   76     1.00000000000000E-99   1.00000000000000E-99
140   76     1.00000000000000E-99   1.00000000000000E-99
141   76     1.00000000000000E-99   1.00000000000000E-99
142   76     1.00000000000000E-99   1.00000000000000E-99
143   76     1.00000000000000E-99   1.00000000000000E-99
144   76     1.00000000000000E-99   1.00000000000000E-99
145   76     1.00000000000000E-99   1.00000000000000E-99
146   76     1.00000000000000E-99   1.00000000000000E-99
147   76     1.00000000000000E-99   1.00000000000000E-99
148   76     1.00000000000000E-99   1.00000000000000E-99
149   76     1.00000000000000E-99   1.00000000000000E-99
150   76     1.00000000000000E-99   1.00000000000000E-99
151   76     1.00000000000000E-99   1.00000000000000E-99
152   76     1.00000000000000E-99   1.00000000000000E-99
153   76     1.00000000000000E-99   1.00000000000000E-99
154   76     1.00000000000000E-99   1.00000000000000E-99
155   76     1.00000000000000E-99   1.00000000000000E-99
156   76     1.00000000000000E-99   1.00000000000000E-99
157   76     1.00000000000000E-99   1.00000000000000E-99
158   76     1.00000000000000E-99   1.00000000000000E-99
159   76     1.00000000000000E-99   1.00000000000000E-99
160   76     1.00000000000000E-99   1.00000000000000E-99
161   76     1.00000000000000E-99   1.00000000000000E-99
162   76     1.00000000000000E-99   1.00000000000000E-99
163   76     1.00000000000000E-99   1.00000000000000E-99
164   76     1.00000000000000E-99   1.00000000000000E-99
165   76     1.00000000000000E-99   1.00000000000000E-99
166   76     1.00000000000000E-99   1.00000000000000E-99
167   76     1.00000000000000E-99   1.00000000000000E-99
168   76     1.00000000000000E-99   1.00000000000000E-99
169   76     1.00000000000000E-99   1.00000000000000E-99
170   76     1.00000000000000E-99   1.00000000000000E-99
171   76     1.00000000000000E-99   1.00000000000000E-99
172   76     1.00000000000000E-99   1.00000000000000E-99
173   76     1.00000000000000E-99   1.00000000000000E-99
174   76     1.00000000000000E-99   1.00000000000000E-99
175   76     1.00000000000000E-99   1.00000000000000E-99
176   76     1.00000000000000E-99   1.00000000000000E-99
177   76     1.00000000000000E-99   1.00000000000000E-99
103   77     1.00000000000000E-99   1.00000000000000E-99
104   77     1.00000000000000E-99   1.00000000000000E-99
105   77     1.00000000000000E-99   1.00000000000000E-99
106   77     1.00000000000000E-99   1.00000000000000E-99
107   77     1.00000000000000E-99   1.00000000000000E-99
108   77     1.00000000000000E-99   1.00000000000000E-99
109   77     1.00000000000000E-99   1.00000000000000E-99
110   77     1.00000000000000E-99   1.00000000000000E-99
111   77     1.00000000000000E-99   1.00000000000000E-99
112   77     1.00000000000000E-99   1.00000000000000E-99
113   77     1.00000000000000E-99   1.00000000000000E-99
114   77     6.84574713708991E-17   1.30753770318417E-14
115   77     6.71295308899275E-18   1.28888699308661E-15
116   77     6.02540023855195E-15   1.16290224604053E-12
117   77     4.98126727997195E-16   9.66365852314557E-14
118   77     1.23237993255495E-09   2.40314086848214E-07
119   77     3.04486484111771E-10   5.96793508859072E-08
120   77     1.07431490475363E-08   2.11640036236465E-06
121   77     4.39856938152447E-09   8.70916737541845E-07
122   77     3.20977806163565E-07   6.38745834265494E-05
123   77     6.66915678016194E-08   1.33383135603239E-05
124   77     8.10981481372793E-09   1.63007277755931E-06
125   77     6.05690036679396E-09   1.22349387409238E-06
126   77     8.17686146636240E-08   1.65990287767157E-05
127   77     1.01608463754156E-08   2.07281266058478E-06
128   77     2.50498022043968E-07   5.13520945190134E-05
129   77     1.91844357425944E-08   3.95199376297445E-06
130   77     2.22919885744329E-07   4.61444163490762E-05
131   77     1.66845097963974E-09   3.47037803765066E-07
132   77     8.29296172461131E-08   1.73322900044376E-05
133   77     2.45844969035820E-11   5.16274434975223E-09
134   77     4.13800775392063E-12   8.73119636077253E-10
135   77     2.43189477770659E-15   5.15561692873797E-13
136   77     1.03732672751292E-15   2.20950592960253E-13
137   77     1.36713551833568E-19   2.92567000923836E-17
138   77     6.03638376717825E-22   1.29782250994332E-19
139   77     1.00000000000000E-99   1.00000000000000E-99
140   77     1.00000000000000E-99   1.00000000000000E-99
141   77     1.00000000000000E-99   1.00000000000000E-99
142   77     1.00000000000000E-99   1.00000000000000E-99
143   77     1.00000000000000E-99   1.00000000000000E-99
144   77     1.00000000000000E-99   1.00000000000000E-99
145   77     1.00000000000000E-99   1.00000000000000E-99
146   77     1.00000000000000E-99   1.00000000000000E-99
147   77     1.00000000000000E-99   1.00000000000000E-99
148   77     1.00000000000000E-99   1.00000000000000E-99
149   77     1.00000000000000E-99   1.00000000000000E-99
150   77     1.00000000000000E-99   1.00000000000000E-99
151   77     1.00000000000000E-99   1.00000000000000E-99
152   77     1.00000000000000E-99   1.00000000000000E-99
153   77     1.00000000000000E-99   1.00000000000000E-99
154   77     1.00000000000000E-99   1.00000000000000E-99
155   77     1.00000000000000E-99   1.00000000000000E-99
156   77     1.00000000000000E-99   1.00000000000000E-99
157   77     1.00000000000000E-99   1.00000000000000E-99
158   77     1.00000000000000E-99   1.00000000000000E-99
159   77     1.00000000000000E-99   1.00000000000000E-99
160   77     1.00000000000000E-99   1.00000000000000E-99
161   77     1.00000000000000E-99   1.00000000000000E-99
162   77     1.00000000000000E-99   1.00000000000000E-99
163   77     1.00000000000000E-99   1.00000000000000E-99
164   77     1.00000000000000E-99   1.00000000000000E-99
165   77     1.00000000000000E-99   1.00000000000000E-99
166   77     1.00000000000000E-99   1.00000000000000E-99
167   77     1.00000000000000E-99   1.00000000000000E-99
168   77     1.00000000000000E-99   1.00000000000000E-99
169   77     1.00000000000000E-99   1.00000000000000E-99
170   77     1.00000000000000E-99   1.00000000000000E-99
171   77     1.00000000000000E-99   1.00000000000000E-99
172   77     1.00000000000000E-99   1.00000000000000E-99
173   77     1.00000000000000E-99   1.00000000000000E-99
174   77     1.00000000000000E-99   1.00000000000000E-99
175   77     1.00000000000000E-99   1.00000000000000E-99
176   77     1.00000000000000E-99   1.00000000000000E-99
177   77     1.00000000000000E-99   1.00000000000000E-99
178   77     1.00000000000000E-99   1.00000000000000E-99
179   77     1.00000000000000E-99   1.00000000000000E-99
105   78     1.00000000000000E-99   1.00000000000000E-99
106   78     1.00000000000000E-99   1.00000000000000E-99
107   78     1.00000000000000E-99   1.00000000000000E-99
108   78     1.00000000000000E-99   1.00000000000000E-99
109   78     1.00000000000000E-99   1.00000000000000E-99
110   78     1.00000000000000E-99   1.00000000000000E-99
111   78     1.00000000000000E-99   1.00000000000000E-99
112   78     1.00000000000000E-99   1.00000000000000E-99
113   78     1.00000000000000E-99   1.00000000000000E-99
114   78     1.00000000000000E-99   1.00000000000000E-99
115   78     1.00000000000000E-99   1.00000000000000E-99
116   78     3.11256675439882E-21   6.03837950353371E-19
117   78     5.34846011438605E-14   1.04294972230528E-11
118   78     2.53313243879364E-12   4.96493958003553E-10
119   78     1.41671490548030E-11   2.79092836379619E-09
120   78     2.87928947916952E-10   5.70099316875565E-08
121   78     3.29996197435390E-08   6.56692432896426E-06
122   78     1.01170680619364E-09   2.02341361238727E-07
123   78     6.76675295942069E-11   1.36011734484356E-08
124   78     5.81653481015866E-10   1.17494003165205E-07
125   78     2.80290077672740E-09   5.68988857675663E-07
126   78     6.50891810866609E-08   1.32781929416788E-05
127   78     1.45064477302483E-08   2.97382178470091E-06
128   78     1.78119632345788E-07   3.66926442632324E-05
129   78     7.28465216859065E-09   1.50792299889826E-06
130   78     8.81804839882663E-07   1.83415406695594E-04
131   78     1.32461961596727E-07   2.76845499737158E-05
132   78     9.24158313151500E-07   1.94073245761815E-04
133   78     2.13235662169414E-08   4.49927247177463E-06
134   78     1.15857650512008E-08   2.45618219085458E-06
135   78     4.07945085046238E-12   8.68923031148487E-10
136   78     3.11241797119469E-11   6.66057445835664E-09
137   78     3.28073121422012E-15   7.05357211057325E-13
138   78     2.82235511831941E-13   6.09628705556994E-11
139   78     7.23485049017926E-18   1.56996255636890E-15
140   78     1.11198033844394E-16   2.42411713780779E-14
141   78     7.67850629054410E-20   1.68159287762916E-17
142   78     1.54555889953720E-21   3.40022957898184E-19
143   78     1.00000000000000E-99   1.00000000000000E-99
144   78     1.37081186235214E-25   3.04320233442174E-23
145   78     1.00000000000000E-99   1.00000000000000E-99
146   78     1.00000000000000E-99   1.00000000000000E-99
147   78     1.00000000000000E-99   1.00000000000000E-99
148   78     1.00000000000000E-99   1.00000000000000E-99
149   78     1.00000000000000E-99   1.00000000000000E-99
150   78     1.00000000000000E-99   1.00000000000000E-99
151   78     1.00000000000000E-99   1.00000000000000E-99
152   78     1.00000000000000E-99   1.00000000000000E-99
153   78     1.00000000000000E-99   1.00000000000000E-99
154   78     1.00000000000000E-99   1.00000000000000E-99
155   78     1.00000000000000E-99   1.00000000000000E-99
156   78     1.00000000000000E-99   1.00000000000000E-99
157   78     1.00000000000000E-99   1.00000000000000E-99
158   78     1.00000000000000E-99   1.00000000000000E-99
159   78     1.00000000000000E-99   1.00000000000000E-99
160   78     1.00000000000000E-99   1.00000000000000E-99
161   78     1.00000000000000E-99   1.00000000000000E-99
162   78     1.00000000000000E-99   1.00000000000000E-99
163   78     1.00000000000000E-99   1.00000000000000E-99
164   78     1.00000000000000E-99   1.00000000000000E-99
165   78     1.00000000000000E-99   1.00000000000000E-99
166   78     1.00000000000000E-99   1.00000000000000E-99
167   78     1.00000000000000E-99   1.00000000000000E-99
168   78     1.00000000000000E-99   1.00000000000000E-99
169   78     1.00000000000000E-99   1.00000000000000E-99
170   78     1.00000000000000E-99   1.00000000000000E-99
171   78     1.00000000000000E-99   1.00000000000000E-99
172   78     1.00000000000000E-99   1.00000000000000E-99
173   78     1.00000000000000E-99   1.00000000000000E-99
174   78     1.00000000000000E-99   1.00000000000000E-99
175   78     1.00000000000000E-99   1.00000000000000E-99
176   78     1.00000000000000E-99   1.00000000000000E-99
177   78     1.00000000000000E-99   1.00000000000000E-99
178   78     1.00000000000000E-99   1.00000000000000E-99
179   78     1.00000000000000E-99   1.00000000000000E-99
180   78     1.00000000000000E-99   1.00000000000000E-99
181   78     1.00000000000000E-99   1.00000000000000E-99
182   78     1.00000000000000E-99   1.00000000000000E-99
106   79     1.00000000000000E-99   1.00000000000000E-99
107   79     1.00000000000000E-99   1.00000000000000E-99
108   79     1.00000000000000E-99   1.00000000000000E-99
109   79     1.00000000000000E-99   1.00000000000000E-99
110   79     1.00000000000000E-99   1.00000000000000E-99
111   79     1.00000000000000E-99   1.00000000000000E-99
112   79     1.00000000000000E-99   1.00000000000000E-99
113   79     1.00000000000000E-99   1.00000000000000E-99
114   79     1.00000000000000E-99   1.00000000000000E-99
115   79     1.00000000000000E-99   1.00000000000000E-99
116   79     1.00000000000000E-99   1.00000000000000E-99
117   79     1.00000000000000E-99   1.00000000000000E-99
118   79     7.39027057797748E-17   1.45588330386156E-14
119   79     2.94386920449536E-18   5.82886102490081E-16
120   79     8.62140672557808E-12   1.71565993839004E-09
121   79     1.74822351005155E-13   3.49644702010310E-11
122   79     3.29404678337395E-13   6.62103403458165E-11
123   79     6.60329164639755E-15   1.33386491257230E-12
124   79     2.41194241807356E-10   4.89624310868933E-08
125   79     6.26134909522255E-09   1.27731521542540E-06
126   79     8.53600926056069E-10   1.74988189841494E-07
127   79     9.54180079328675E-09   1.96561096341707E-06
128   79     2.38848332475263E-07   4.94416048223794E-05
129   79     3.47417741553429E-08   7.22628902431132E-06
130   79     1.03350798752521E-06   2.16003169392769E-04
131   79     6.30506196485198E-09   1.32406301261892E-06
132   79     8.49232082015275E-07   1.79187969305223E-04
133   79     1.86287779717162E-07   3.94930093000383E-05
134   79     1.93993311936757E-07   4.13205754425293E-05
135   79     6.52076529304516E-10   1.39544377271166E-07
136   79     2.60922965021652E-09   5.60984374796553E-07
137   79     3.02263846568392E-11   6.52889908587727E-09
138   79     1.83038983765766E-10   3.97194594771713E-08
139   79     1.88894281927627E-13   4.11789534602228E-11
140   79     8.49475216589645E-13   1.86035072433132E-10
141   79     6.10652874346638E-14   1.34343632356260E-11
142   79     4.53414223314258E-16   1.00204543352451E-13
143   79     1.98035660354997E-19   4.39639165988093E-17
144   79     1.48412311826059E-20   3.30959455372111E-18
145   79     5.88758956776119E-24   1.31882006317851E-21
146   79     1.00000000000000E-99   1.00000000000000E-99
147   79     1.00000000000000E-99   1.00000000000000E-99
148   79     1.00000000000000E-99   1.00000000000000E-99
149   79     1.00000000000000E-99   1.00000000000000E-99
150   79     1.00000000000000E-99   1.00000000000000E-99
151   79     1.00000000000000E-99   1.00000000000000E-99
152   79     1.00000000000000E-99   1.00000000000000E-99
153   79     1.00000000000000E-99   1.00000000000000E-99
154   79     1.00000000000000E-99   1.00000000000000E-99
155   79     1.00000000000000E-99   1.00000000000000E-99
156   79     1.00000000000000E-99   1.00000000000000E-99
157   79     1.00000000000000E-99   1.00000000000000E-99
158   79     1.00000000000000E-99   1.00000000000000E-99
159   79     1.00000000000000E-99   1.00000000000000E-99
160   79     1.00000000000000E-99   1.00000000000000E-99
161   79     1.00000000000000E-99   1.00000000000000E-99
162   79     1.00000000000000E-99   1.00000000000000E-99
163   79     1.00000000000000E-99   1.00000000000000E-99
164   79     1.00000000000000E-99   1.00000000000000E-99
165   79     1.00000000000000E-99   1.00000000000000E-99
166   79     1.00000000000000E-99   1.00000000000000E-99
167   79     1.00000000000000E-99   1.00000000000000E-99
168   79     1.00000000000000E-99   1.00000000000000E-99
169   79     1.00000000000000E-99   1.00000000000000E-99
170   79     1.00000000000000E-99   1.00000000000000E-99
171   79     1.00000000000000E-99   1.00000000000000E-99
172   79     1.00000000000000E-99   1.00000000000000E-99
173   79     1.00000000000000E-99   1.00000000000000E-99
174   79     1.00000000000000E-99   1.00000000000000E-99
175   79     1.00000000000000E-99   1.00000000000000E-99
176   79     1.00000000000000E-99   1.00000000000000E-99
177   79     1.00000000000000E-99   1.00000000000000E-99
178   79     1.00000000000000E-99   1.00000000000000E-99
179   79     1.00000000000000E-99   1.00000000000000E-99
180   79     1.00000000000000E-99   1.00000000000000E-99
181   79     1.00000000000000E-99   1.00000000000000E-99
182   79     1.00000000000000E-99   1.00000000000000E-99
183   79     1.00000000000000E-99   1.00000000000000E-99
184   79     1.00000000000000E-99   1.00000000000000E-99
109   80     1.00000000000000E-99   1.00000000000000E-99
110   80     1.00000000000000E-99   1.00000000000000E-99
111   80     1.00000000000000E-99   1.00000000000000E-99
112   80     1.00000000000000E-99   1.00000000000000E-99
113   80     1.00000000000000E-99   1.00000000000000E-99
114   80     1.00000000000000E-99   1.00000000000000E-99
115   80     1.00000000000000E-99   1.00000000000000E-99
116   80     1.00000000000000E-99   1.00000000000000E-99
117   80     1.00000000000000E-99   1.00000000000000E-99
118   80     3.05799583371412E-24   6.05483175075395E-22
119   80     1.26061974966559E-17   2.50863330183452E-15
120   80     3.11405269155562E-17   6.22810538311125E-15
121   80     1.14566629843565E-16   2.30278925985566E-14
122   80     1.62768625915313E-16   3.28792624348933E-14
123   80     2.57555327331810E-12   5.22837314483574E-10
124   80     1.13170651861798E-10   2.30868129798069E-08
125   80     2.21154440847378E-11   4.53366603737124E-09
126   80     3.68332800136807E-10   7.58765568281823E-08
127   80     1.16397642277310E-08   2.40943119514032E-06
128   80     2.13764957839350E-07   4.44631112305848E-05
129   80     1.33262501299060E-08   2.78518627715034E-06
130   80     1.33907784915385E-06   2.81206348322309E-04
131   80     3.82509777884498E-07   8.07095631336290E-05
132   80     2.06136968690301E-06   4.37010373623438E-04
133   80     2.80358566776214E-07   5.97163747233336E-05
134   80     1.84627282781727E-06   3.95102385152895E-04
135   80     2.17361437508076E-10   4.67327090642363E-08
136   80     5.39154208302895E-08   1.16457308993425E-05
137   80     3.66017219381375E-10   7.94257366057585E-08
138   80     1.84561431417192E-11   4.02343920489479E-09
139   80     1.14669374974260E-13   2.51125931193630E-11
140   80     3.40311313323779E-11   7.48684889312314E-09
141   80     1.23941907798382E-11   2.73911616234424E-09
142   80     6.52989292141536E-13   1.44963622855421E-10
143   80     2.39309042371793E-16   5.33659164489098E-14
144   80     1.95679337606855E-14   4.38321716239355E-12
145   80     7.03311521333933E-17   1.58245092300135E-14
146   80     4.10821730081612E-18   9.28457109984444E-16
147   80     3.60924748493945E-22   8.19299179081256E-20
148   80     1.09194061599934E-23   2.48962460447850E-21
149   80     1.00000000000000E-99   1.00000000000000E-99
150   80     1.00000000000000E-99   1.00000000000000E-99
151   80     1.00000000000000E-99   1.00000000000000E-99
152   80     1.00000000000000E-99   1.00000000000000E-99
153   80     1.00000000000000E-99   1.00000000000000E-99
154   80     1.00000000000000E-99   1.00000000000000E-99
155   80     1.00000000000000E-99   1.00000000000000E-99
156   80     1.00000000000000E-99   1.00000000000000E-99
157   80     1.00000000000000E-99   1.00000000000000E-99
158   80     1.00000000000000E-99   1.00000000000000E-99
159   80     1.00000000000000E-99   1.00000000000000E-99
160   80     1.00000000000000E-99   1.00000000000000E-99
161   80     1.00000000000000E-99   1.00000000000000E-99
162   80     1.00000000000000E-99   1.00000000000000E-99
163   80     1.00000000000000E-99   1.00000000000000E-99
164   80     1.00000000000000E-99   1.00000000000000E-99
165   80     1.00000000000000E-99   1.00000000000000E-99
166   80     1.00000000000000E-99   1.00000000000000E-99
167   80     1.00000000000000E-99   1.00000000000000E-99
168   80     1.00000000000000E-99   1.00000000000000E-99
169   80     1.00000000000000E-99   1.00000000000000E-99
170   80     1.00000000000000E-99   1.00000000000000E-99
171   80     1.00000000000000E-99   1.00000000000000E-99
172   80     1.00000000000000E-99   1.00000000000000E-99
173   80     1.00000000000000E-99   1.00000000000000E-99
174   80     1.00000000000000E-99   1.00000000000000E-99
175   80     1.00000000000000E-99   1.00000000000000E-99
176   80     1.00000000000000E-99   1.00000000000000E-99
177   80     1.00000000000000E-99   1.00000000000000E-99
178   80     1.00000000000000E-99   1.00000000000000E-99
179   80     1.00000000000000E-99   1.00000000000000E-99
180   80     1.00000000000000E-99   1.00000000000000E-99
181   80     1.00000000000000E-99   1.00000000000000E-99
182   80     1.00000000000000E-99   1.00000000000000E-99
183   80     1.00000000000000E-99   1.00000000000000E-99
184   80     1.00000000000000E-99   1.00000000000000E-99
185   80     1.00000000000000E-99   1.00000000000000E-99
186   80     1.00000000000000E-99   1.00000000000000E-99
110   81     1.00000000000000E-99   1.00000000000000E-99
111   81     1.00000000000000E-99   1.00000000000000E-99
112   81     1.00000000000000E-99   1.00000000000000E-99
113   81     1.00000000000000E-99   1.00000000000000E-99
114   81     1.00000000000000E-99   1.00000000000000E-99
115   81     1.00000000000000E-99   1.00000000000000E-99
116   81     1.00000000000000E-99   1.00000000000000E-99
117   81     1.00000000000000E-99   1.00000000000000E-99
118   81     1.00000000000000E-99   1.00000000000000E-99
119   81     1.00000000000000E-99   1.00000000000000E-99
120   81     1.00000000000000E-99   1.00000000000000E-99
121   81     1.00000000000000E-99   1.00000000000000E-99
122   81     3.26037721231159E-19   6.61856574099253E-17
123   81     4.80382164803685E-21   9.79979616199518E-19
124   81     4.52423243649640E-14   9.27467649481762E-12
125   81     4.57701304269061E-13   9.42864686794265E-11
126   81     5.01522201644743E-11   1.03815095740462E-08
127   81     7.97303907188034E-11   1.65839212695111E-08
128   81     3.10773729856151E-08   6.49517095399355E-06
129   81     1.62569364238511E-08   3.41395664900873E-06
130   81     5.37326324204604E-08   1.13375854407171E-05
131   81     3.61492335463124E-07   7.66363751181824E-05
132   81     3.14658814590494E-07   6.70223275077752E-05
133   81     1.44353907381874E-06   3.08917361797211E-04
134   81     5.16093424847056E-07   1.10960086342117E-04
135   81     6.49298944681023E-07   1.40248572051101E-04
136   81     2.23025257953789E-07   4.83964809759722E-05
137   81     1.12855265747780E-07   2.46024479330160E-05
138   81     7.19507539165090E-08   1.57572151077155E-05
139   81     1.79788655404632E-09   3.95535041890191E-07
140   81     3.44040429616867E-08   7.60329349453277E-06
141   81     6.52204264924057E-09   1.44789346813141E-06
142   81     4.51609071155476E-09   1.00708822867671E-06
143   81     3.34973451171817E-11   7.50340530624870E-09
144   81     3.77441594561574E-10   8.49243587763542E-08
145   81     7.11368695448023E-12   1.60769325171253E-09
146   81     6.00589762264893E-13   1.36333876034131E-10
147   81     2.23761675906459E-15   5.10176621066727E-13
148   81     6.11827034396281E-17   1.40108390876748E-14
149   81     3.91224144661427E-20   8.99815532721282E-18
150   81     2.08947636876830E-22   4.82669041185476E-20
151   81     1.00000000000000E-99   1.00000000000000E-99
152   81     1.00000000000000E-99   1.00000000000000E-99
153   81     1.00000000000000E-99   1.00000000000000E-99
154   81     1.00000000000000E-99   1.00000000000000E-99
155   81     1.00000000000000E-99   1.00000000000000E-99
156   81     1.00000000000000E-99   1.00000000000000E-99
157   81     1.00000000000000E-99   1.00000000000000E-99
158   81     1.00000000000000E-99   1.00000000000000E-99
159   81     1.00000000000000E-99   1.00000000000000E-99
160   81     1.00000000000000E-99   1.00000000000000E-99
161   81     1.00000000000000E-99   1.00000000000000E-99
162   81     1.00000000000000E-99   1.00000000000000E-99
163   81     1.00000000000000E-99   1.00000000000000E-99
164   81     1.00000000000000E-99   1.00000000000000E-99
165   81     1.00000000000000E-99   1.00000000000000E-99
166   81     1.00000000000000E-99   1.00000000000000E-99
167   81     1.00000000000000E-99   1.00000000000000E-99
168   81     1.00000000000000E-99   1.00000000000000E-99
169   81     1.00000000000000E-99   1.00000000000000E-99
170   81     1.00000000000000E-99   1.00000000000000E-99
171   81     1.00000000000000E-99   1.00000000000000E-99
172   81     1.00000000000000E-99   1.00000000000000E-99
173   81     1.00000000000000E-99   1.00000000000000E-99
174   81     1.00000000000000E-99   1.00000000000000E-99
175   81     1.00000000000000E-99   1.00000000000000E-99
176   81     1.00000000000000E-99   1.00000000000000E-99
177   81     1.00000000000000E-99   1.00000000000000E-99
178   81     1.00000000000000E-99   1.00000000000000E-99
179   81     1.00000000000000E-99   1.00000000000000E-99
180   81     1.00000000000000E-99   1.00000000000000E-99
181   81     1.00000000000000E-99   1.00000000000000E-99
182   81     1.00000000000000E-99   1.00000000000000E-99
183   81     1.00000000000000E-99   1.00000000000000E-99
184   81     1.00000000000000E-99   1.00000000000000E-99
185   81     1.00000000000000E-99   1.00000000000000E-99
186   81     1.00000000000000E-99   1.00000000000000E-99
187   81     1.00000000000000E-99   1.00000000000000E-99
188   81     1.00000000000000E-99   1.00000000000000E-99
112   82     1.00000000000000E-99   1.00000000000000E-99
113   82     1.00000000000000E-99   1.00000000000000E-99
114   82     1.00000000000000E-99   1.00000000000000E-99
115   82     1.00000000000000E-99   1.00000000000000E-99
116   82     1.00000000000000E-99   1.00000000000000E-99
117   82     1.00000000000000E-99   1.00000000000000E-99
118   82     1.00000000000000E-99   1.00000000000000E-99
119   82     1.00000000000000E-99   1.00000000000000E-99
120   82     1.00000000000000E-99   1.00000000000000E-99
121   82     1.00000000000000E-99   1.00000000000000E-99
122   82     1.00000000000000E-99   1.00000000000000E-99
123   82     1.00000000000000E-99   1.00000000000000E-99
124   82     9.14456336507568E-16   1.88378005320559E-13
125   82     1.01770635155795E-13   2.10665214772495E-11
126   82     2.94059035902547E-13   6.11642794677298E-11
127   82     2.02634209490375E-10   4.23505497834884E-08
128   82     1.77847259145230E-10   3.73479244204983E-08
129   82     7.16129503124095E-10   1.51103325159184E-07
130   82     1.68288681771376E-08   3.56772005355318E-06
131   82     8.35018322751007E-08   1.77858902745964E-05
132   82     1.90852881283056E-07   4.08425165945740E-05
133   82     4.80587628676685E-07   1.03326340165487E-04
134   82     8.07831984279676E-07   1.74491708604410E-04
135   82     5.63494653395877E-07   1.22278339786905E-04
136   82     2.81359541029150E-06   6.13363799443547E-04
137   82     2.97430276936470E-07   6.51372306490868E-05
138   82     1.49323859239789E-06   3.28512490327536E-04
139   82     1.66612940380352E-08   3.68214598240577E-06
140   82     5.25044957750831E-07   1.16559980620684E-04
141   82     8.35289510752925E-08   1.86269560897902E-05
142   82     1.62704298642183E-07   3.64457628958491E-05
143   82     1.29838201199975E-09   2.92135952699944E-07
144   82     2.62580726181475E-08   5.93432441170133E-06
145   82     8.23681213989363E-11   1.86975635575585E-08
146   82     5.21493132025281E-10   1.18900434101764E-07
147   82     1.05698491073312E-12   2.42049544557885E-10
148   82     1.06840561171262E-12   2.45733290693904E-10
149   82     5.86024117212226E-17   1.35371571076024E-14
150   82     6.39866216188783E-18   1.48448962155798E-15
151   82     5.14264142113962E-21   1.19823545112553E-18
152   82     4.39629656093842E-24   1.02873339525959E-21
153   82     1.00000000000000E-99   1.00000000000000E-99
154   82     1.00000000000000E-99   1.00000000000000E-99
155   82     1.00000000000000E-99   1.00000000000000E-99
156   82     1.00000000000000E-99   1.00000000000000E-99
157   82     1.00000000000000E-99   1.00000000000000E-99
158   82     1.00000000000000E-99   1.00000000000000E-99
159   82     1.00000000000000E-99   1.00000000000000E-99
160   82     1.00000000000000E-99   1.00000000000000E-99
161   82     1.00000000000000E-99   1.00000000000000E-99
162   82     1.00000000000000E-99   1.00000000000000E-99
163   82     1.00000000000000E-99   1.00000000000000E-99
164   82     1.00000000000000E-99   1.00000000000000E-99
165   82     1.00000000000000E-99   1.00000000000000E-99
166   82     1.00000000000000E-99   1.00000000000000E-99
167   82     1.00000000000000E-99   1.00000000000000E-99
168   82     1.00000000000000E-99   1.00000000000000E-99
169   82     1.00000000000000E-99   1.00000000000000E-99
170   82     1.00000000000000E-99   1.00000000000000E-99
171   82     1.00000000000000E-99   1.00000000000000E-99
172   82     1.00000000000000E-99   1.00000000000000E-99
173   82     1.00000000000000E-99   1.00000000000000E-99
174   82     1.00000000000000E-99   1.00000000000000E-99
175   82     1.00000000000000E-99   1.00000000000000E-99
176   82     1.00000000000000E-99   1.00000000000000E-99
177   82     1.00000000000000E-99   1.00000000000000E-99
178   82     1.00000000000000E-99   1.00000000000000E-99
179   82     1.00000000000000E-99   1.00000000000000E-99
180   82     1.00000000000000E-99   1.00000000000000E-99
181   82     1.00000000000000E-99   1.00000000000000E-99
182   82     1.00000000000000E-99   1.00000000000000E-99
183   82     1.00000000000000E-99   1.00000000000000E-99
184   82     1.00000000000000E-99   1.00000000000000E-99
185   82     1.00000000000000E-99   1.00000000000000E-99
186   82     1.00000000000000E-99   1.00000000000000E-99
187   82     1.00000000000000E-99   1.00000000000000E-99
188   82     1.00000000000000E-99   1.00000000000000E-99
189   82     1.00000000000000E-99   1.00000000000000E-99
190   82     1.00000000000000E-99   1.00000000000000E-99
191   82     1.00000000000000E-99   1.00000000000000E-99
114   83     1.00000000000000E-99   1.00000000000000E-99
115   83     1.00000000000000E-99   1.00000000000000E-99
116   83     1.00000000000000E-99   1.00000000000000E-99
117   83     1.00000000000000E-99   1.00000000000000E-99
118   83     1.00000000000000E-99   1.00000000000000E-99
119   83     1.00000000000000E-99   1.00000000000000E-99
120   83     1.00000000000000E-99   1.00000000000000E-99
121   83     1.00000000000000E-99   1.00000000000000E-99
122   83     1.00000000000000E-99   1.00000000000000E-99
123   83     1.00000000000000E-99   1.00000000000000E-99
124   83     1.00000000000000E-99   1.00000000000000E-99
125   83     1.00000000000000E-99   1.00000000000000E-99
126   83     1.09090259321544E-14   2.27998641982026E-12
127   83     4.78530925177400E-18   1.00491494287254E-15
128   83     2.22291314976683E-13   4.69034674600801E-11
129   83     3.26464803301291E-13   6.92105382998738E-11
130   83     1.10216096266050E-10   2.34760285046686E-08
131   83     1.20734585700576E-10   2.58372013399232E-08
132   83     3.34681739420035E-09   7.19565739753075E-07
133   83     1.15732245067407E-09   2.49981649345598E-07
134   83     8.02780636057966E-09   1.74203398024579E-06
135   83     6.13995304248004E-08   1.33850976326065E-05
136   83     1.05511301734819E-06   2.31069750799253E-04
137   83     3.29327238701584E-07   7.24519925143486E-05
138   83     4.87679906690298E-07   1.07777259378556E-04
139   83     9.23914449928679E-07   2.05109007884167E-04
140   83     1.07947944303137E-06   2.40723915795995E-04
141   83     1.33653698117345E-06   2.99384283782852E-04
142   83     9.07057524137705E-07   2.04087942930984E-04
143   83     1.89471452327218E-07   4.28205482259512E-05
144   83     5.85111332778979E-07   1.32820272540828E-04
145   83     3.76127835341994E-08   8.57571464579747E-06
146   83     6.30069067772615E-08   1.44285816519929E-05
147   83     2.18123781614907E-09   5.01684697714287E-07
148   83     1.86070166011449E-09   4.29822083486447E-07
149   83     9.20287927566576E-12   2.13506799195446E-09
150   83     9.27832098266745E-13   2.16184878896152E-10
151   83     1.48259058635232E-14   3.46926197206443E-12
152   83     3.55269047513644E-16   8.34882261657064E-14
153   83     3.17134301722961E-19   7.48436952066189E-17
154   83     1.76188351096417E-21   4.17566392098508E-19
155   83     5.72471024174878E-25   1.36248103753621E-22
156   83     1.00000000000000E-99   1.00000000000000E-99
157   83     1.00000000000000E-99   1.00000000000000E-99
158   83     1.00000000000000E-99   1.00000000000000E-99
159   83     1.00000000000000E-99   1.00000000000000E-99
160   83     1.00000000000000E-99   1.00000000000000E-99
161   83     1.00000000000000E-99   1.00000000000000E-99
162   83     1.00000000000000E-99   1.00000000000000E-99
163   83     1.00000000000000E-99   1.00000000000000E-99
164   83     1.00000000000000E-99   1.00000000000000E-99
165   83     1.00000000000000E-99   1.00000000000000E-99
166   83     1.00000000000000E-99   1.00000000000000E-99
167   83     1.00000000000000E-99   1.00000000000000E-99
168   83     1.00000000000000E-99   1.00000000000000E-99
169   83     1.00000000000000E-99   1.00000000000000E-99
170   83     1.00000000000000E-99   1.00000000000000E-99
171   83     1.00000000000000E-99   1.00000000000000E-99
172   83     1.00000000000000E-99   1.00000000000000E-99
173   83     1.00000000000000E-99   1.00000000000000E-99
174   83     1.00000000000000E-99   1.00000000000000E-99
175   83     1.00000000000000E-99   1.00000000000000E-99
176   83     1.00000000000000E-99   1.00000000000000E-99
177   83     1.00000000000000E-99   1.00000000000000E-99
178   83     1.00000000000000E-99   1.00000000000000E-99
179   83     1.00000000000000E-99   1.00000000000000E-99
180   83     1.00000000000000E-99   1.00000000000000E-99
181   83     1.00000000000000E-99   1.00000000000000E-99
182   83     1.00000000000000E-99   1.00000000000000E-99
183   83     1.00000000000000E-99   1.00000000000000E-99
184   83     1.00000000000000E-99   1.00000000000000E-99
185   83     1.00000000000000E-99   1.00000000000000E-99
186   83     1.00000000000000E-99   1.00000000000000E-99
187   83     1.00000000000000E-99   1.00000000000000E-99
188   83     1.00000000000000E-99   1.00000000000000E-99
189   83     1.00000000000000E-99   1.00000000000000E-99
190   83     1.00000000000000E-99   1.00000000000000E-99
191   83     1.00000000000000E-99   1.00000000000000E-99
192   83     1.00000000000000E-99   1.00000000000000E-99
193   83     1.00000000000000E-99   1.00000000000000E-99
118   84     1.00000000000000E-99   1.00000000000000E-99
119   84     1.00000000000000E-99   1.00000000000000E-99
120   84     1.00000000000000E-99   1.00000000000000E-99
121   84     1.00000000000000E-99   1.00000000000000E-99
122   84     1.00000000000000E-99   1.00000000000000E-99
123   84     1.00000000000000E-99   1.00000000000000E-99
124   84     1.00000000000000E-99   1.00000000000000E-99
125   84     1.00000000000000E-99   1.00000000000000E-99
126   84     4.03780302711284E-24   8.47938635693696E-22
127   84     1.34308725927350E-18   2.83391411706709E-16
128   84     1.72298890506144E-23   3.65273647873026E-21
129   84     1.46425843028247E-19   3.11887045650165E-17
130   84     1.66636348009129E-17   3.56601784739535E-15
131   84     1.32901150754713E-14   2.85737474122632E-12
132   84     1.10834600042792E-12   2.39402736092431E-10
133   84     7.00334119952328E-11   1.51972504029655E-08
134   84     1.70249351483710E-09   3.71143586234487E-07
135   84     4.71193630540013E-08   1.03191405088263E-05
136   84     7.61315941812519E-08   1.67489507198754E-05
137   84     5.95493881342341E-08   1.31604147776657E-05
138   84     7.54338562953080E-07   1.67463160975584E-04
139   84     4.38278457270533E-07   9.77360959713288E-05
140   84     1.72163018240287E-06   3.85645160858244E-04
141   84     1.36174064399555E-06   3.06391644898999E-04
142   84     3.54790461997667E-06   8.01826444114728E-04
143   84     1.25553946669031E-06   2.85007458938701E-04
144   84     3.80077405760826E-06   8.66576485134682E-04
145   84     3.48748629800379E-07   7.98634362242868E-05
146   84     1.07509961418090E-06   2.47272911261607E-04
147   84     6.25586409299526E-08   1.44510460548190E-05
148   84     1.31198293443877E-07   3.04380040789796E-05
149   84     1.28284593407355E-10   2.98903102639138E-08
150   84     8.08007335192807E-10   1.89073716435117E-07
151   84     9.14132933902960E-12   2.14821239467196E-09
152   84     3.72292461328996E-13   8.78610208736430E-11
153   84     2.17658130110217E-17   5.15849768361214E-15
154   84     1.03809299666453E-17   2.47066133206158E-15
155   84     7.37714810982803E-22   1.76313839824890E-19
156   84     1.13000503732000E-22   2.71201208956800E-20
157   84     1.00000000000000E-99   1.00000000000000E-99
158   84     1.00000000000000E-99   1.00000000000000E-99
159   84     1.00000000000000E-99   1.00000000000000E-99
160   84     1.00000000000000E-99   1.00000000000000E-99
161   84     1.00000000000000E-99   1.00000000000000E-99
162   84     1.00000000000000E-99   1.00000000000000E-99
163   84     1.00000000000000E-99   1.00000000000000E-99
164   84     1.00000000000000E-99   1.00000000000000E-99
165   84     1.00000000000000E-99   1.00000000000000E-99
166   84     1.00000000000000E-99   1.00000000000000E-99
167   84     1.00000000000000E-99   1.00000000000000E-99
168   84     1.00000000000000E-99   1.00000000000000E-99
169   84     1.00000000000000E-99   1.00000000000000E-99
170   84     1.00000000000000E-99   1.00000000000000E-99
171   84     1.00000000000000E-99   1.00000000000000E-99
172   84     1.00000000000000E-99   1.00000000000000E-99
173   84     1.00000000000000E-99   1.00000000000000E-99
174   84     1.00000000000000E-99   1.00000000000000E-99
175   84     1.00000000000000E-99   1.00000000000000E-99
176   84     1.00000000000000E-99   1.00000000000000E-99
177   84     1.00000000000000E-99   1.00000000000000E-99
178   84     1.00000000000000E-99   1.00000000000000E-99
179   84     1.00000000000000E-99   1.00000000000000E-99
180   84     1.00000000000000E-99   1.00000000000000E-99
181   84     1.00000000000000E-99   1.00000000000000E-99
182   84     1.00000000000000E-99   1.00000000000000E-99
183   84     1.00000000000000E-99   1.00000000000000E-99
184   84     1.00000000000000E-99   1.00000000000000E-99
185   84     1.00000000000000E-99   1.00000000000000E-99
186   84     1.00000000000000E-99   1.00000000000000E-99
187   84     1.00000000000000E-99   1.00000000000000E-99
188   84     1.00000000000000E-99   1.00000000000000E-99
189   84     1.00000000000000E-99   1.00000000000000E-99
190   84     1.00000000000000E-99   1.00000000000000E-99
191   84     1.00000000000000E-99   1.00000000000000E-99
192   84     1.00000000000000E-99   1.00000000000000E-99
121   85     1.00000000000000E-99   1.00000000000000E-99
122   85     1.00000000000000E-99   1.00000000000000E-99
123   85     1.00000000000000E-99   1.00000000000000E-99
124   85     1.00000000000000E-99   1.00000000000000E-99
125   85     1.00000000000000E-99   1.00000000000000E-99
126   85     1.00000000000000E-99   1.00000000000000E-99
127   85     1.00000000000000E-99   1.00000000000000E-99
128   85     1.00000000000000E-99   1.00000000000000E-99
129   85     1.00000000000000E-99   1.00000000000000E-99
130   85     1.00000000000000E-99   1.00000000000000E-99
131   85     1.00000000000000E-99   1.00000000000000E-99
132   85     1.08385155493108E-14   2.35195787420045E-12
133   85     1.07558202593848E-15   2.34476881654589E-13
134   85     2.01764615742199E-09   4.41864508475416E-07
135   85     4.24879423687518E-10   9.34734732112540E-08
136   85     1.63323796667278E-08   3.60945590634684E-06
137   85     2.03729059737784E-08   4.52278512617881E-06
138   85     9.15491642662928E-08   2.04154636313833E-05
139   85     1.19530481325292E-07   2.67748278168654E-05
140   85     2.65055819483845E-07   5.96375593838650E-05
141   85     1.19541198074277E-06   2.70163107647866E-04
142   85     1.18589340540100E-06   2.69197803026028E-04
143   85     2.33769822541632E-06   5.32995195394921E-04
144   85     2.08929110323750E-06   4.78447662641387E-04
145   85     1.62308174297577E-06   3.73308800884427E-04
146   85     1.22523259955545E-06   2.83028730497308E-04
147   85     5.38176710751120E-07   1.24856996894260E-04
148   85     1.89697435262367E-07   4.41995024161315E-05
149   85     7.57084093722310E-09   1.77157677931021E-06
150   85     4.28781479632225E-09   1.00763647713573E-06
151   85     9.99556901574991E-09   2.35895428771698E-06
152   85     3.35935204007718E-10   7.96166433498292E-08
153   85     4.21973709017141E-13   1.00429742746080E-10
154   85     4.18560693180495E-12   1.00036005670138E-09
155   85     2.22076649509512E-15   5.32983958822828E-13
156   85     3.94743556196900E-17   9.51331970434528E-15
157   85     1.62519046504417E-19   3.93296092540690E-17
158   85     1.96510487176385E-21   4.77520483838615E-19
159   85     2.18631387041517E-24   5.33460584381302E-22
160   85     1.00000000000000E-99   1.00000000000000E-99
161   85     1.00000000000000E-99   1.00000000000000E-99
162   85     1.00000000000000E-99   1.00000000000000E-99
163   85     1.00000000000000E-99   1.00000000000000E-99
164   85     1.00000000000000E-99   1.00000000000000E-99
165   85     1.00000000000000E-99   1.00000000000000E-99
166   85     1.00000000000000E-99   1.00000000000000E-99
167   85     1.00000000000000E-99   1.00000000000000E-99
168   85     1.00000000000000E-99   1.00000000000000E-99
169   85     1.00000000000000E-99   1.00000000000000E-99
170   85     1.00000000000000E-99   1.00000000000000E-99
171   85     1.00000000000000E-99   1.00000000000000E-99
172   85     1.00000000000000E-99   1.00000000000000E-99
173   85     1.00000000000000E-99   1.00000000000000E-99
174   85     1.00000000000000E-99   1.00000000000000E-99
175   85     1.00000000000000E-99   1.00000000000000E-99
176   85     1.00000000000000E-99   1.00000000000000E-99
177   85     1.00000000000000E-99   1.00000000000000E-99
178   85     1.00000000000000E-99   1.00000000000000E-99
179   85     1.00000000000000E-99   1.00000000000000E-99
180   85     1.00000000000000E-99   1.00000000000000E-99
181   85     1.00000000000000E-99   1.00000000000000E-99
182   85     1.00000000000000E-99   1.00000000000000E-99
183   85     1.00000000000000E-99   1.00000000000000E-99
184   85     1.00000000000000E-99   1.00000000000000E-99
185   85     1.00000000000000E-99   1.00000000000000E-99
186   85     1.00000000000000E-99   1.00000000000000E-99
187   85     1.00000000000000E-99   1.00000000000000E-99
188   85     1.00000000000000E-99   1.00000000000000E-99
189   85     1.00000000000000E-99   1.00000000000000E-99
190   85     1.00000000000000E-99   1.00000000000000E-99
191   85     1.00000000000000E-99   1.00000000000000E-99
192   85     1.00000000000000E-99   1.00000000000000E-99
193   85     1.00000000000000E-99   1.00000000000000E-99
194   85     1.00000000000000E-99   1.00000000000000E-99
124   86     1.00000000000000E-99   1.00000000000000E-99
125   86     1.00000000000000E-99   1.00000000000000E-99
126   86     1.00000000000000E-99   1.00000000000000E-99
127   86     1.00000000000000E-99   1.00000000000000E-99
128   86     1.00000000000000E-99   1.00000000000000E-99
129   86     1.00000000000000E-99   1.00000000000000E-99
130   86     1.00000000000000E-99   1.00000000000000E-99
131   86     1.26758394674925E-20   2.75065716444587E-18
132   86     2.43481382662130E-20   5.30789414203443E-18
133   86     5.40045910921099E-13   1.18270054491721E-10
134   86     1.00770035863686E-12   2.21694078900108E-10
135   86     7.00144873960811E-11   1.54732017145339E-08
136   86     2.25393124934016E-10   5.00372737353516E-08
137   86     1.11442300423094E-09   2.48516329943500E-07
138   86     2.03100568038180E-08   4.54945272405524E-06
139   86     3.81345385376798E-08   8.58027117097796E-06
140   86     3.24555608611230E-07   7.33495675461380E-05
141   86     1.34496107816997E-07   3.05306164744583E-05
142   86     1.33849733240167E-06   3.05177391787581E-04
143   86     1.81799071498980E-06   4.16319873732664E-04
144   86     5.95048886562051E-06   1.36861243909272E-03
145   86     4.69392820452519E-06   1.08429741524532E-03
146   86     1.08623730919024E-05   2.52007055732137E-03
147   86     4.26297876093483E-06   9.93274051297815E-04
148   86     8.26621606421788E-06   1.93429455902698E-03
149   86     4.33642863710702E-07   1.01906072972015E-04
150   86     2.11681500272048E-06   4.99568340642032E-04
151   86     4.28435741531750E-07   1.01539270743025E-04
152   86     4.22063342658395E-07   1.00451075552698E-04
153   86     3.81644583649041E-11   9.12130554921208E-09
154   86     5.55290754012798E-10   1.33269780963072E-07
155   86     1.85740254230018E-12   4.47634012694343E-10
156   86     1.43304212713761E-12   3.46796194767302E-10
157   86     4.80767665128931E-16   1.16826542626330E-13
158   86     3.53967366703453E-16   8.63680374756424E-14
159   86     1.99502341129679E-19   4.88780735767714E-17
160   86     6.46852836061719E-20   1.59125797671183E-17
161   86     3.17593919228662E-24   7.84456980494794E-22
162   86     1.00000000000000E-99   1.00000000000000E-99
163   86     1.00000000000000E-99   1.00000000000000E-99
164   86     1.00000000000000E-99   1.00000000000000E-99
165   86     1.00000000000000E-99   1.00000000000000E-99
166   86     1.00000000000000E-99   1.00000000000000E-99
167   86     1.00000000000000E-99   1.00000000000000E-99
168   86     1.00000000000000E-99   1.00000000000000E-99
169   86     1.00000000000000E-99   1.00000000000000E-99
170   86     1.00000000000000E-99   1.00000000000000E-99
171   86     1.00000000000000E-99   1.00000000000000E-99
172   86     1.00000000000000E-99   1.00000000000000E-99
173   86     1.00000000000000E-99   1.00000000000000E-99
174   86     1.00000000000000E-99   1.00000000000000E-99
175   86     1.00000000000000E-99   1.00000000000000E-99
176   86     1.00000000000000E-99   1.00000000000000E-99
177   86     1.00000000000000E-99   1.00000000000000E-99
178   86     1.00000000000000E-99   1.00000000000000E-99
179   86     1.00000000000000E-99   1.00000000000000E-99
180   86     1.00000000000000E-99   1.00000000000000E-99
181   86     1.00000000000000E-99   1.00000000000000E-99
182   86     1.00000000000000E-99   1.00000000000000E-99
183   86     1.00000000000000E-99   1.00000000000000E-99
126   87     1.00000000000000E-99   1.00000000000000E-99
127   87     1.00000000000000E-99   1.00000000000000E-99
128   87     1.00000000000000E-99   1.00000000000000E-99
129   87     1.00000000000000E-99   1.00000000000000E-99
130   87     1.00000000000000E-99   1.00000000000000E-99
131   87     1.00000000000000E-99   1.00000000000000E-99
132   87     1.00000000000000E-99   1.00000000000000E-99
133   87     1.00000000000000E-99   1.00000000000000E-99
134   87     1.66050442836710E-14   3.66971478669130E-12
135   87     6.90750557930793E-16   1.53346623860636E-13
136   87     3.47300673967338E-13   7.74480502947164E-11
137   87     1.17112249387617E-12   2.62331438628263E-10
138   87     7.18134315324320E-11   1.61580220947972E-08
139   87     3.38880849120872E-10   7.65870719013171E-08
140   87     3.86603231321749E-09   8.77589335100369E-07
141   87     1.14834649231007E-08   2.61823000246697E-06
142   87     1.17952690662992E-07   2.70111661618252E-05
143   87     3.49748762264030E-07   8.04422153207269E-05
144   87     1.43844561513082E-06   3.32280937095220E-04
145   87     2.46217986390163E-06   5.71225728425179E-04
146   87     6.43024592872089E-06   1.49824730139197E-03
147   87     7.02189831682429E-06   1.64312420613688E-03
148   87     9.58330454315666E-06   2.25207656764181E-03
149   87     4.59241154652605E-06   1.08380912498015E-03
150   87     6.73412207000143E-06   1.59598693059034E-03
151   87     5.09486723769291E-06   1.21257840257091E-03
152   87     2.52617101252391E-06   6.03754871993215E-04
153   87     3.81338627246521E-08   9.15212705391651E-06
154   87     4.60474047428452E-09   1.10974245430257E-06
155   87     7.75063624552853E-11   1.87565397141790E-08
156   87     3.00968896161382E-09   7.31354417672157E-07
157   87     4.80290529318066E-11   1.17190889153608E-08
158   87     5.01769769701448E-12   1.22933593576855E-09
159   87     1.73609734236265E-13   4.27079946221213E-11
160   87     3.51995883853576E-14   8.69429833118333E-12
161   87     1.56669775395366E-16   3.88541042980508E-14
162   87     2.10149298543950E-18   5.23271753374435E-16
163   87     8.39061641664068E-22   2.09765410416017E-19
164   87     1.00000000000000E-99   1.00000000000000E-99
165   87     1.00000000000000E-99   1.00000000000000E-99
166   87     1.00000000000000E-99   1.00000000000000E-99
167   87     1.00000000000000E-99   1.00000000000000E-99
168   87     1.00000000000000E-99   1.00000000000000E-99
169   87     1.00000000000000E-99   1.00000000000000E-99
170   87     1.00000000000000E-99   1.00000000000000E-99
171   87     1.00000000000000E-99   1.00000000000000E-99
172   87     1.00000000000000E-99   1.00000000000000E-99
173   87     1.00000000000000E-99   1.00000000000000E-99
174   87     1.00000000000000E-99   1.00000000000000E-99
175   87     1.00000000000000E-99   1.00000000000000E-99
176   87     1.00000000000000E-99   1.00000000000000E-99
177   87     1.00000000000000E-99   1.00000000000000E-99
178   87     1.00000000000000E-99   1.00000000000000E-99
179   87     1.00000000000000E-99   1.00000000000000E-99
180   87     1.00000000000000E-99   1.00000000000000E-99
181   87     1.00000000000000E-99   1.00000000000000E-99
182   87     1.00000000000000E-99   1.00000000000000E-99
183   87     1.00000000000000E-99   1.00000000000000E-99
191   87     1.00000000000000E-99   1.00000000000000E-99
193   87     1.00000000000000E-99   1.00000000000000E-99
129   88     1.00000000000000E-99   1.00000000000000E-99
130   88     1.00000000000000E-99   1.00000000000000E-99
131   88     1.00000000000000E-99   1.00000000000000E-99
132   88     1.00000000000000E-99   1.00000000000000E-99
133   88     1.00000000000000E-99   1.00000000000000E-99
134   88     3.59208646849323E-19   7.97443196005498E-17
135   88     9.92848470659585E-17   2.21405208957088E-14
136   88     2.30387141326351E-15   5.16067196571027E-13
137   88     1.27422838087440E-13   2.86701385696739E-11
138   88     3.06207631226466E-12   6.92029246571814E-10
139   88     1.21979868246574E-11   2.76894300919723E-09
140   88     1.51442849611964E-10   3.45289697115277E-08
141   88     1.27049811708526E-09   2.90944068812525E-07
142   88     1.15480479845959E-08   2.65605103645705E-06
143   88     5.63640894632161E-08   1.30201046660029E-05
144   88     3.73288432535772E-07   8.66029163482991E-05
145   88     6.37394079285703E-07   1.48512820473569E-04
146   88     2.96903493964472E-06   6.94754175876864E-04
147   88     4.29224063863658E-06   1.00867655007960E-03
148   88     1.75639444683095E-05   4.14509089452104E-03
149   88     1.03916708412627E-05   2.46282598937926E-03
150   88     1.63505821174835E-05   3.89143854396108E-03
151   88     1.88865956611092E-05   4.51389636300511E-03
152   88     1.44489214054906E-05   3.46774113731775E-03
153   88     2.41926480049640E-07   5.83042816919631E-05
154   88     9.99989000961245E-07   2.41997338232621E-04
155   88     1.96486293006839E-08   4.77461692006619E-06
156   88     3.10536828022051E-07   7.57709860373804E-05
157   88     4.08185202257294E-09   1.00005374553037E-06
158   88     3.75903572540955E-09   9.24722788450750E-07
159   88     7.52129562191438E-11   1.85776001861285E-08
160   88     3.80691681448987E-11   9.44115369993488E-09
161   88     1.31065241122243E-13   3.26352450394385E-11
162   88     4.71670616859764E-14   1.17917654214941E-11
163   88     9.24916270801505E-18   2.32153983971178E-15
164   88     1.09929651392563E-20   2.77022721509259E-18
165   88     1.00000000000000E-99   1.00000000000000E-99
166   88     1.00000000000000E-99   1.00000000000000E-99
167   88     1.00000000000000E-99   1.00000000000000E-99
168   88     1.00000000000000E-99   1.00000000000000E-99
169   88     1.00000000000000E-99   1.00000000000000E-99
170   88     1.00000000000000E-99   1.00000000000000E-99
171   88     1.00000000000000E-99   1.00000000000000E-99
172   88     7.66090716841666E-25   1.99183586378833E-22
173   88     1.00000000000000E-99   1.00000000000000E-99
174   88     1.00000000000000E-99   1.00000000000000E-99
175   88     1.00000000000000E-99   1.00000000000000E-99
176   88     1.00000000000000E-99   1.00000000000000E-99
177   88     1.00000000000000E-99   1.00000000000000E-99
178   88     1.00000000000000E-99   1.00000000000000E-99
179   88     1.00000000000000E-99   1.00000000000000E-99
180   88     1.00000000000000E-99   1.00000000000000E-99
181   88     1.00000000000000E-99   1.00000000000000E-99
182   88     1.00000000000000E-99   1.00000000000000E-99
183   88     1.00000000000000E-99   1.00000000000000E-99
130   89     1.00000000000000E-99   1.00000000000000E-99
131   89     1.00000000000000E-99   1.00000000000000E-99
132   89     1.00000000000000E-99   1.00000000000000E-99
133   89     1.00000000000000E-99   1.00000000000000E-99
134   89     1.00000000000000E-99   1.00000000000000E-99
135   89     1.00000000000000E-99   1.00000000000000E-99
136   89     3.42996866611599E-20   7.71742949876097E-18
137   89     1.34098667605941E-21   3.03062988789426E-19
138   89     1.81536376212302E-15   4.12087574001925E-13
139   89     8.41583695133310E-17   1.91881082490395E-14
140   89     2.22093635167296E-12   5.08594424533108E-10
141   89     8.96978276120847E-13   2.06305003507795E-10
142   89     2.74718380349849E-10   6.34599458608151E-08
143   89     7.72297977009527E-10   1.79173130666210E-07
144   89     1.21409328813361E-08   2.82883736135132E-06
145   89     5.60617313063360E-08   1.31184451256826E-05
146   89     4.41952466397393E-07   1.03858829603387E-04
147   89     1.12313943770081E-06   2.65060907297392E-04
148   89     5.36494109383729E-06   1.27149103923944E-03
149   89     4.08738627107804E-06   9.72797932516573E-04
150   89     1.26332434723933E-05   3.01934518990200E-03
151   89     1.83929052209486E-05   4.41429725302767E-03
152   89     1.31268063402637E-05   3.16356032800356E-03
153   89     2.22026446310162E-06   5.37304000070591E-04
154   89     2.75938073048636E-06   6.70529517508186E-04
155   89     4.44528938518159E-07   1.08465060998431E-04
156   89     2.12963890181600E-06   5.21761530944919E-04
157   89     9.43846153421418E-08   2.32186153741669E-05
158   89     3.84264844956884E-08   9.49134167043502E-06
159   89     2.62498067973796E-08   6.50995208575013E-06
160   89     4.65845799438918E-08   1.15995604060291E-05
161   89     1.53748523115538E-09   3.84371307788844E-07
162   89     8.08283470328025E-11   2.02879151052334E-08
163   89     3.69046028034330E-12   9.29995990646512E-10
164   89     1.49015148888052E-13   3.77008326686773E-11
165   89     1.01579681515382E-18   2.58012391049071E-16
166   89     1.16519582386841E-21   2.97124935086444E-19
167   89     6.88244899137700E-25   1.76190694179251E-22
168   89     1.00000000000000E-99   1.00000000000000E-99
169   89     1.00000000000000E-99   1.00000000000000E-99
170   89     5.48714465514544E-25   1.42117046568267E-22
171   89     1.05907388284041E-25   2.75359209538506E-23
172   89     1.72735075686088E-21   4.50838547540689E-19
173   89     1.00000000000000E-99   1.00000000000000E-99
174   89     1.00000000000000E-99   1.00000000000000E-99
175   89     1.00000000000000E-99   1.00000000000000E-99
176   89     1.00000000000000E-99   1.00000000000000E-99
177   89     1.00000000000000E-99   1.00000000000000E-99
178   89     1.00000000000000E-99   1.00000000000000E-99
179   89     1.00000000000000E-99   1.00000000000000E-99
180   89     1.00000000000000E-99   1.00000000000000E-99
181   89     1.00000000000000E-99   1.00000000000000E-99
182   89     1.00000000000000E-99   1.00000000000000E-99
183   89     1.00000000000000E-99   1.00000000000000E-99
185   89     1.00000000000000E-99   1.00000000000000E-99
187   89     1.00000000000000E-99   1.00000000000000E-99
188   89     1.00000000000000E-99   1.00000000000000E-99
189   89     1.00000000000000E-99   1.00000000000000E-99
190   89     1.00000000000000E-99   1.00000000000000E-99
191   89     1.00000000000000E-99   1.00000000000000E-99
192   89     1.00000000000000E-99   1.00000000000000E-99
193   89     1.00000000000000E-99   1.00000000000000E-99
195   89     1.00000000000000E-99   1.00000000000000E-99
197   89     1.00000000000000E-99   1.00000000000000E-99
198   89     1.00000000000000E-99   1.00000000000000E-99
199   89     1.00000000000000E-99   1.00000000000000E-99
132   90     1.00000000000000E-99   1.00000000000000E-99
133   90     1.00000000000000E-99   1.00000000000000E-99
134   90     1.00000000000000E-99   1.00000000000000E-99
135   90     1.00000000000000E-99   1.00000000000000E-99
136   90     1.00000000000000E-99   1.00000000000000E-99
137   90     1.00000000000000E-99   1.00000000000000E-99
138   90     1.42771334326850E-21   3.25518642265219E-19
139   90     1.99838329031897E-16   4.57629773483045E-14
140   90     2.74482571320683E-15   6.31309914037571E-13
141   90     2.35684686569384E-13   5.44431625975276E-11
142   90     2.85028352185453E-12   6.61265777070251E-10
143   90     3.86204204880024E-11   8.99855797370455E-09
144   90     6.52587041210056E-10   1.52705367643153E-07
145   90     4.00229276637421E-09   9.40538800097940E-07
146   90     1.18654902938782E-07   2.80025570935527E-05
147   90     7.50375477115209E-07   1.77838988076304E-04
148   90     1.70791466546256E-06   4.06483690380090E-04
149   90     4.23715995439033E-06   1.01268122909929E-03
150   90     7.49982125214519E-06   1.79995710051484E-03
151   90     1.31868719675419E-05   3.17803614417760E-03
152   90     2.29764074477447E-05   5.56029060235421E-03
153   90     7.57652603206542E-06   1.84109582579190E-03
154   90     1.47491989687599E-05   3.59880454837742E-03
155   90     7.34183670960277E-07   1.79874999385268E-04
156   90     9.64833494589556E-06   2.37349039669031E-03
157   90     2.10994102348330E-06   5.21155432800375E-04
158   90     3.18422072170744E-06   7.89686738983445E-04
159   90     4.41128240364716E-07   1.09840931850814E-04
160   90     7.79317732953142E-07   1.94829433238285E-04
161   90     4.04891210267370E-08   1.01627693777110E-05
162   90     4.74263934968199E-08   1.19514511611986E-05
163   90     1.36385632304047E-10   3.45055649729240E-08
164   90     2.15122755311280E-11   5.46411798490650E-09
165   90     2.14827884396723E-16   5.47811105211644E-14
166   90     2.35122947412684E-21   6.01914745376470E-19
167   90     1.00000000000000E-99   1.00000000000000E-99
168   90     2.46777335746153E-21   6.36685526225075E-19
169   90     3.52102558524002E-21   9.11945626577164E-19
170   90     9.97600596239879E-21   2.59376155022369E-18
171   90     2.70520106938730E-25   7.06057479110084E-23
172   90     1.52883799153785E-15   4.00555553782916E-13
173   90     5.78509576099546E-23   1.52148018514181E-20
174   90     1.00000000000000E-99   1.00000000000000E-99
175   90     1.00000000000000E-99   1.00000000000000E-99
176   90     1.00000000000000E-99   1.00000000000000E-99
177   90     1.00000000000000E-99   1.00000000000000E-99
178   90     1.00000000000000E-99   1.00000000000000E-99
179   90     1.00000000000000E-99   1.00000000000000E-99
180   90     1.00000000000000E-99   1.00000000000000E-99
181   90     1.00000000000000E-99   1.00000000000000E-99
182   90     1.00000000000000E-99   1.00000000000000E-99
183   90     1.00000000000000E-99   1.00000000000000E-99
189   90     1.00000000000000E-99   1.00000000000000E-99
190   90     1.00000000000000E-99   1.00000000000000E-99
191   90     1.00000000000000E-99   1.00000000000000E-99
192   90     1.00000000000000E-99   1.00000000000000E-99
193   90     1.00000000000000E-99   1.00000000000000E-99
195   90     1.00000000000000E-99   1.00000000000000E-99
197   90     1.00000000000000E-99   1.00000000000000E-99
202   90     1.00000000000000E-99   1.00000000000000E-99
203   90     1.00000000000000E-99   1.00000000000000E-99
134   91     1.00000000000000E-99   1.00000000000000E-99
135   91     1.00000000000000E-99   1.00000000000000E-99
136   91     1.00000000000000E-99   1.00000000000000E-99
137   91     1.00000000000000E-99   1.00000000000000E-99
138   91     1.00000000000000E-99   1.00000000000000E-99
139   91     1.00000000000000E-99   1.00000000000000E-99
140   91     8.40694998690384E-19   1.94200544697479E-16
141   91     3.97432817115879E-20   9.22044135708839E-18
142   91     1.08425383412256E-14   2.52631143350556E-12
143   91     7.23472851539112E-16   1.69292647260152E-13
144   91     4.02377108202101E-12   9.45586204274938E-10
145   91     2.27968214933917E-11   5.38004987244045E-09
146   91     1.42112343529508E-09   3.36806254164934E-07
147   91     1.51214484810004E-09   3.59890473847809E-07
148   91     2.77199809171806E-07   6.62507543920616E-05
149   91     1.55833602859043E-07   3.74000646861704E-05
150   91     5.28802683495762E-07   1.27441446722479E-04
151   91     1.37837327688347E-06   3.33566333005800E-04
152   91     7.47043726760206E-06   1.81531625602730E-03
153   91     7.06547083310678E-06   1.72397488327805E-03
154   91     6.54318578035006E-06   1.60308051618576E-03
155   91     3.72178070115998E-06   9.15558052485356E-04
156   91     8.46056206869575E-06   2.08975883096785E-03
157   91     7.17438710281916E-06   1.77924800149915E-03
158   91     9.21311197460419E-06   2.29406488167644E-03
159   91     2.07091003986487E-06   5.17727509966218E-04
160   91     1.86119812131322E-06   4.67160728449618E-04
161   91     3.06871065713528E-07   7.73315085598091E-05
162   91     1.54244365958938E-07   3.90238245876113E-05
163   91     9.50750321975800E-09   2.41490581781853E-06
164   91     1.04482746666728E-09   2.66431004000157E-07
165   91     2.61760976129040E-12   6.70108098890342E-10
166   91     5.68113352503300E-13   1.46005131593348E-10
167   91     5.03960595554744E-17   1.30021833653124E-14
168   91     6.41637342574606E-19   1.66184071726823E-16
169   91     4.74615872116743E-21   1.23400126750353E-18
170   91     1.35231744898611E-15   3.52954854185374E-13
171   91     2.60845814888238E-16   6.83416035007184E-14
172   91     1.02808636619853E-15   2.70386714310212E-13
173   91     3.66288184226364E-21   9.67000806357600E-19
174   91     5.81018325218409E-24   1.53969856182878E-21
175   91     1.00000000000000E-99   1.00000000000000E-99
176   91     1.28652858051426E-24   3.43503130997306E-22
177   91     1.00000000000000E-99   1.00000000000000E-99
178   91     1.00000000000000E-99   1.00000000000000E-99
179   91     1.00000000000000E-99   1.00000000000000E-99
180   91     1.00000000000000E-99   1.00000000000000E-99
181   91     1.00000000000000E-99   1.00000000000000E-99
182   91     1.00000000000000E-99   1.00000000000000E-99
183   91     1.00000000000000E-99   1.00000000000000E-99
184   91     1.00000000000000E-99   1.00000000000000E-99
185   91     1.00000000000000E-99   1.00000000000000E-99
187   91     1.00000000000000E-99   1.00000000000000E-99
188   91     1.00000000000000E-99   1.00000000000000E-99
189   91     1.00000000000000E-99   1.00000000000000E-99
190   91     1.00000000000000E-99   1.00000000000000E-99
191   91     1.00000000000000E-99   1.00000000000000E-99
192   91     1.00000000000000E-99   1.00000000000000E-99
193   91     1.00000000000000E-99   1.00000000000000E-99
194   91     1.00000000000000E-99   1.00000000000000E-99
195   91     1.00000000000000E-99   1.00000000000000E-99
196   91     1.00000000000000E-99   1.00000000000000E-99
197   91     1.00000000000000E-99   1.00000000000000E-99
201   91     1.00000000000000E-99   1.00000000000000E-99
203   91     1.00000000000000E-99   1.00000000000000E-99
205   91     1.00000000000000E-99   1.00000000000000E-99
135   92     1.00000000000000E-99   1.00000000000000E-99
136   92     1.00000000000000E-99   1.00000000000000E-99
137   92     1.00000000000000E-99   1.00000000000000E-99
138   92     1.00000000000000E-99   1.00000000000000E-99
139   92     1.00000000000000E-99   1.00000000000000E-99
140   92     1.00000000000000E-99   1.00000000000000E-99
141   92     1.39351563507681E-21   3.24689142972897E-19
142   92     1.08224732858169E-20   2.53245874888116E-18
143   92     8.84728406422594E-16   2.07911175509310E-13
144   92     1.59584057258206E-14   3.76618375129365E-12
145   92     1.08727830104817E-12   2.57684957348415E-10
146   92     4.97731011652069E-12   1.18459980773192E-09
147   92     1.98585349684086E-11   4.74618985744966E-09
148   92     4.54705991351298E-09   1.09129437924312E-06
149   92     5.14513943646010E-09   1.23997860418688E-06
150   92     3.23805301351465E-08   7.83608829270544E-06
151   92     2.04689565243339E-07   4.97395643541314E-05
152   92     1.43100409959405E-06   3.49165000300947E-04
153   92     1.54612464195737E-06   3.78800537279555E-04
154   92     6.34553466557792E-06   1.56100152773217E-03
155   92     1.12559284585398E-06   2.78021432925934E-04
156   92     7.52880843095397E-06   1.86714449087658E-03
157   92     5.32797019463045E-06   1.32666457846298E-03
158   92     1.43010486871531E-05   3.57526217178828E-03
159   92     9.78139463460176E-06   2.45513005328504E-03
160   92     1.74309162807703E-05   4.39259090275412E-03
161   92     4.69316441505423E-06   1.18737059700872E-03
162   92     4.22591175650414E-06   1.07338158615205E-03
163   92     2.94843921090905E-07   7.51851998781807E-05
164   92     5.26041462493368E-07   1.34666614398302E-04
165   92     5.29722873611809E-09   1.36138778518235E-06
166   92     1.57616478020197E-09   4.06650513292109E-07
167   92     8.14583808608493E-11   2.10977206429600E-08
168   92     2.76209231423394E-13   7.18144001700826E-11
169   92     1.19609227019846E-14   3.12180082521797E-12
170   92     1.20880051535702E-13   3.16705735023540E-11
171   92     4.86532769552572E-16   1.27958118392327E-13
172   92     5.52900396143853E-10   1.45965704581977E-07
173   92     3.21788232266072E-16   8.52738815505090E-14
174   92     2.63313813147934E-19   7.00414742973505E-17
175   92     9.84626783051979E-22   2.62895351074878E-19
176   92     3.64939413712092E-17   9.78037628748407E-15
177   92     1.49022382616476E-22   4.00870209238321E-20
178   92     1.00000000000000E-99   1.00000000000000E-99
179   92     1.00000000000000E-99   1.00000000000000E-99
180   92     1.00000000000000E-99   1.00000000000000E-99
181   92     1.00000000000000E-99   1.00000000000000E-99
182   92     1.00000000000000E-99   1.00000000000000E-99
183   92     1.00000000000000E-99   1.00000000000000E-99
184   92     1.00000000000000E-99   1.00000000000000E-99
185   92     1.00000000000000E-99   1.00000000000000E-99
186   92     1.00000000000000E-99   1.00000000000000E-99
187   92     1.00000000000000E-99   1.00000000000000E-99
188   92     1.00000000000000E-99   1.00000000000000E-99
189   92     1.00000000000000E-99   1.00000000000000E-99
190   92     1.00000000000000E-99   1.00000000000000E-99
191   92     1.00000000000000E-99   1.00000000000000E-99
192   92     1.00000000000000E-99   1.00000000000000E-99
193   92     1.00000000000000E-99   1.00000000000000E-99
194   92     1.00000000000000E-99   1.00000000000000E-99
195   92     1.00000000000000E-99   1.00000000000000E-99
196   92     1.00000000000000E-99   1.00000000000000E-99
197   92     1.00000000000000E-99   1.00000000000000E-99
199   92     1.00000000000000E-99   1.00000000000000E-99
201   92     1.00000000000000E-99   1.00000000000000E-99
203   92     1.00000000000000E-99   1.00000000000000E-99
137   93     1.00000000000000E-99   1.00000000000000E-99
138   93     1.00000000000000E-99   1.00000000000000E-99
139   93     1.00000000000000E-99   1.00000000000000E-99
140   93     1.00000000000000E-99   1.00000000000000E-99
141   93     1.00000000000000E-99   1.00000000000000E-99
142   93     1.00000000000000E-99   1.00000000000000E-99
143   93     1.00000000000000E-99   1.00000000000000E-99
144   93     6.20011525053033E-19   1.46942731437569E-16
145   93     3.72536142419486E-20   8.86636018958376E-18
146   93     5.12637480306776E-15   1.22520357793320E-12
147   93     3.25289680166020E-14   7.80695232398449E-12
148   93     3.25022328272935E-11   7.83303811137775E-09
149   93     1.79142172346523E-11   4.33524057078585E-09
150   93     4.30234825272773E-10   1.04547062541284E-07
151   93     3.35723226148244E-09   8.19164671801715E-07
152   93     8.75418802541531E-08   2.14477606622675E-05
153   93     2.12492012650878E-07   5.22730351121160E-05
154   93     4.59744284177429E-07   1.13556838191825E-04
155   93     4.67327498849767E-07   1.15897219714742E-04
156   93     7.28456654764621E-07   1.81385707036391E-04
157   93     1.36423435702726E-06   3.41058589256815E-04
158   93     4.21912479087653E-06   1.05900032251001E-03
159   93     3.57190328801365E-06   9.00119628579440E-04
160   93     7.64005976876563E-06   1.93293512149771E-03
161   93     2.72145683334060E-06   6.91250035668512E-04
162   93     3.65973255658462E-06   9.33231801929078E-04
163   93     9.06213808688923E-07   2.31990735024364E-04
164   93     3.22625113186237E-07   8.29146540888628E-05
165   93     1.71726312861313E-08   4.43053887182188E-06
166   93     1.42332156205566E-09   3.68640284572416E-07
167   93     2.33044264239570E-11   6.05915087022883E-09
168   93     1.31874740038488E-09   3.44193071500455E-07
169   93     7.69502893287229E-12   2.01609758041254E-09
170   93     1.15582830354103E-09   3.03982843831290E-07
171   93     7.41937290480094E-10   1.95871444686745E-07
172   93     1.83574997042470E-08   4.86473742162545E-06
173   93     8.63049005756173E-13   2.29571035531142E-10
174   93     6.24691384957254E-15   1.66792599783587E-12
175   93     1.55476972472188E-17   4.16678286225465E-15
176   93     5.98554526100880E-17   1.61011167521137E-14
177   93     1.67627816521752E-20   4.52595104608730E-18
178   93     2.39503757057965E-20   6.49055181627085E-18
179   93     7.30496704449039E-25   1.98695103610139E-22
180   93     1.00000000000000E-99   1.00000000000000E-99
181   93     1.00000000000000E-99   1.00000000000000E-99
182   93     1.00000000000000E-99   1.00000000000000E-99
183   93     1.00000000000000E-99   1.00000000000000E-99
184   93     1.00000000000000E-99   1.00000000000000E-99
185   93     1.00000000000000E-99   1.00000000000000E-99
186   93     1.00000000000000E-99   1.00000000000000E-99
187   93     1.00000000000000E-99   1.00000000000000E-99
188   93     1.00000000000000E-99   1.00000000000000E-99
189   93     1.00000000000000E-99   1.00000000000000E-99
190   93     1.00000000000000E-99   1.00000000000000E-99
191   93     1.00000000000000E-99   1.00000000000000E-99
192   93     1.00000000000000E-99   1.00000000000000E-99
193   93     1.00000000000000E-99   1.00000000000000E-99
194   93     1.00000000000000E-99   1.00000000000000E-99
195   93     1.00000000000000E-99   1.00000000000000E-99
197   93     1.00000000000000E-99   1.00000000000000E-99
199   93     1.00000000000000E-99   1.00000000000000E-99
200   93     1.00000000000000E-99   1.00000000000000E-99
201   93     1.00000000000000E-99   1.00000000000000E-99
202   93     1.00000000000000E-99   1.00000000000000E-99
203   93     1.00000000000000E-99   1.00000000000000E-99
205   93     1.00000000000000E-99   1.00000000000000E-99
206   93     1.00000000000000E-99   1.00000000000000E-99
207   93     1.00000000000000E-99   1.00000000000000E-99
209   93     1.00000000000000E-99   1.00000000000000E-99
139   94     1.00000000000000E-99   1.00000000000000E-99
140   94     1.00000000000000E-99   1.00000000000000E-99
141   94     1.00000000000000E-99   1.00000000000000E-99
142   94     1.00000000000000E-99   1.00000000000000E-99
143   94     1.00000000000000E-99   1.00000000000000E-99
144   94     1.00000000000000E-99   1.00000000000000E-99
145   94     7.33497210666141E-21   1.75305833349208E-18
146   94     2.97389881346000E-18   7.13735715230400E-16
147   94     1.24458414027956E-14   2.99944777807374E-12
148   94     5.57907403663402E-14   1.35013591686543E-11
149   94     1.37124599904636E-12   3.33212777768265E-10
150   94     1.11485522748061E-11   2.72024675505268E-09
151   94     1.89331057969981E-09   4.63861092026454E-07
152   94     1.48772363907889E-08   3.65980015213406E-06
153   94     3.56747357308766E-08   8.81165972552653E-06
154   94     1.19480515384676E-08   2.96311678153997E-06
155   94     1.88480894419946E-08   4.69317427105666E-06
156   94     7.33257299936845E-08   1.83314324984211E-05
157   94     2.33988876717226E-07   5.87312080560237E-05
158   94     7.94087523635830E-07   2.00110055956229E-04
159   94     8.88318154274033E-07   2.24744493031330E-04
160   94     1.94386429505848E-06   4.93741530944854E-04
161   94     1.13209202895375E-06   2.88683467383207E-04
162   94     5.17934895708957E-06   1.32591333301493E-03
163   94     2.84912942808498E-07   7.32226263017841E-05
164   94     1.18061556819069E-06   3.04598816593198E-04
165   94     3.63816385396783E-09   9.42284438177669E-07
166   94     1.49979033271242E-07   3.89945486505229E-05
167   94     1.45139629362034E-10   3.78814432634909E-08
168   94     5.82186598531932E-08   1.52532888815366E-05
169   94     3.79935350998354E-10   9.99229973125671E-08
170   94     8.92293846143880E-09   2.35565575381984E-06
171   94     3.04402700297216E-09   8.06667155787622E-07
172   94     1.11055540706140E-07   2.95407738278332E-05
173   94     6.30196522484420E-13   1.68262471503340E-10
174   94     1.22175371455082E-10   3.27429995499619E-08
175   94     6.40248045326436E-14   1.72226724192811E-11
176   94     3.73611103186578E-09   1.00874997860376E-06
177   94     6.25695832605789E-14   1.69563570636169E-11
178   94     1.16869686563172E-15   3.17885547451828E-13
179   94     4.50404965475780E-21   1.22960555574888E-18
180   94     3.29640813541990E-17   9.03215829105054E-15
181   94     1.26970767467180E-21   3.49169610534745E-19
182   94     1.04515495614216E-22   2.88462767895235E-20
183   94     1.00000000000000E-99   1.00000000000000E-99
184   94     1.00000000000000E-99   1.00000000000000E-99
185   94     1.00000000000000E-99   1.00000000000000E-99
186   94     1.00000000000000E-99   1.00000000000000E-99
187   94     1.00000000000000E-99   1.00000000000000E-99
188   94     1.00000000000000E-99   1.00000000000000E-99
189   94     1.00000000000000E-99   1.00000000000000E-99
190   94     1.00000000000000E-99   1.00000000000000E-99
191   94     1.00000000000000E-99   1.00000000000000E-99
192   94     1.00000000000000E-99   1.00000000000000E-99
193   94     1.00000000000000E-99   1.00000000000000E-99
194   94     1.00000000000000E-99   1.00000000000000E-99
195   94     1.00000000000000E-99   1.00000000000000E-99
196   94     1.00000000000000E-99   1.00000000000000E-99
197   94     1.00000000000000E-99   1.00000000000000E-99
198   94     1.00000000000000E-99   1.00000000000000E-99
199   94     1.00000000000000E-99   1.00000000000000E-99
200   94     1.00000000000000E-99   1.00000000000000E-99
201   94     1.00000000000000E-99   1.00000000000000E-99
203   94     1.00000000000000E-99   1.00000000000000E-99
205   94     1.00000000000000E-99   1.00000000000000E-99
207   94     1.00000000000000E-99   1.00000000000000E-99
209   94     1.00000000000000E-99   1.00000000000000E-99
141   95     1.00000000000000E-99   1.00000000000000E-99
142   95     1.00000000000000E-99   1.00000000000000E-99
143   95     1.00000000000000E-99   1.00000000000000E-99
144   95     1.00000000000000E-99   1.00000000000000E-99
145   95     1.00000000000000E-99   1.00000000000000E-99
146   95     6.89807321216635E-24   1.66243564413209E-21
147   95     1.00000000000000E-99   1.00000000000000E-99
148   95     2.53963640659295E-17   6.17131646802087E-15
149   95     1.47922710116840E-18   3.60931412685089E-16
150   95     1.93226822844465E-14   4.73405715968939E-12
151   95     7.00519357884095E-15   1.72327762039487E-12
152   95     7.33239830802936E-14   1.81110238208325E-11
153   95     7.65482396789946E-12   1.89839634403906E-09
154   95     7.25852571494193E-11   1.80737290302054E-08
155   95     1.57399547902278E-10   3.93498869755694E-08
156   95     1.13607256994826E-09   2.85154215057013E-07
157   95     5.45174961857266E-09   1.37384090388031E-06
158   95     1.95256888405335E-08   4.93999927665497E-06
159   95     4.78055372585263E-08   1.21426064636657E-05
160   95     8.44853091986990E-08   2.15437538456682E-05
161   95     3.72174940986000E-07   9.52767848924159E-05
162   95     8.18901861632643E-08   2.10457778439589E-05
163   95     2.16075862661327E-07   5.57475725666223E-05
164   95     4.50606918080695E-08   1.16707191782900E-05
165   95     1.08882466797323E-07   2.83094413673041E-05
166   95     3.94643586408657E-09   1.03001976052659E-06
167   95     2.21861845029569E-08   5.81278033977471E-06
168   95     7.93631711126295E-09   2.08725140026215E-06
169   95     7.94579047276211E-09   2.09768868480920E-06
170   95     6.91909056569317E-09   1.83355899990869E-06
171   95     4.04826135857350E-08   1.07683752138055E-05
172   95     7.59841209326311E-08   2.02877602890125E-05
173   95     2.24802309714836E-11   6.02470190035761E-09
174   95     5.20534720466500E-09   1.40023839805488E-06
175   95     5.25209460970202E-10   1.41806554461955E-07
176   95     1.27466154374646E-08   3.45433278355291E-06
177   95     5.97798809478741E-11   1.62601276178217E-08
178   95     1.01225360794948E-11   2.76345234970208E-09
179   95     2.31986444703852E-15   6.35642858488554E-13
180   95     2.35596979268380E-17   6.47891692988046E-15
181   95     1.16278501790396E-20   3.20928664941492E-18
182   95     7.18990735810052E-23   1.99160433819384E-20
183   95     1.00000000000000E-99   1.00000000000000E-99
184   95     1.00000000000000E-99   1.00000000000000E-99
185   95     1.00000000000000E-99   1.00000000000000E-99
186   95     1.00000000000000E-99   1.00000000000000E-99
187   95     1.00000000000000E-99   1.00000000000000E-99
188   95     1.00000000000000E-99   1.00000000000000E-99
189   95     1.00000000000000E-99   1.00000000000000E-99
190   95     1.00000000000000E-99   1.00000000000000E-99
191   95     1.00000000000000E-99   1.00000000000000E-99
192   95     1.00000000000000E-99   1.00000000000000E-99
193   95     1.00000000000000E-99   1.00000000000000E-99
194   95     1.00000000000000E-99   1.00000000000000E-99
195   95     1.00000000000000E-99   1.00000000000000E-99
196   95     1.00000000000000E-99   1.00000000000000E-99
197   95     1.00000000000000E-99   1.00000000000000E-99
198   95     1.00000000000000E-99   1.00000000000000E-99
199   95     1.00000000000000E-99   1.00000000000000E-99
200   95     1.00000000000000E-99   1.00000000000000E-99
201   95     1.00000000000000E-99   1.00000000000000E-99
202   95     1.00000000000000E-99   1.00000000000000E-99
203   95     1.00000000000000E-99   1.00000000000000E-99
204   95     1.00000000000000E-99   1.00000000000000E-99
205   95     1.00000000000000E-99   1.00000000000000E-99
206   95     1.00000000000000E-99   1.00000000000000E-99
207   95     1.00000000000000E-99   1.00000000000000E-99
208   95     1.00000000000000E-99   1.00000000000000E-99
209   95     1.00000000000000E-99   1.00000000000000E-99
211   95     1.00000000000000E-99   1.00000000000000E-99
213   95     1.00000000000000E-99   1.00000000000000E-99
144   96     1.00000000000000E-99   1.00000000000000E-99
145   96     1.00000000000000E-99   1.00000000000000E-99
146   96     1.00000000000000E-99   1.00000000000000E-99
147   96     1.00000000000000E-99   1.00000000000000E-99
148   96     1.12053597428225E-23   2.73410777724870E-21
149   96     7.22795256982758E-19   1.77084837960776E-16
150   96     1.04643778558769E-18   2.57423695254573E-16
151   96     1.77134229362374E-17   4.37521546525065E-15
152   96     4.35254764246115E-15   1.07943181533037E-12
153   96     6.90459018124937E-14   1.71924295513109E-11
154   96     1.95958284655964E-12   4.89895711639910E-10
155   96     1.33492967097293E-11   3.35067347414206E-09
156   96     1.21279001562848E-10   3.05623083938378E-08
157   96     3.97366011845647E-10   1.00533600996949E-07
158   96     1.82788093442837E-09   4.64281757344806E-07
159   96     4.13795900299122E-09   1.05517954576276E-06
160   96     3.21376316390803E-08   8.22723369960455E-06
161   96     1.26294599369701E-08   3.24577120380132E-06
162   96     3.90119199587916E-08   1.00650753493682E-05
163   96     1.85900018098799E-08   4.81481046875889E-06
164   96     1.48964684376289E-08   3.87308179378351E-06
165   96     4.96907075353891E-09   1.29692746667366E-06
166   96     8.20506909687254E-09   2.14972810338060E-06
167   96     1.80666977150679E-09   4.75154149906286E-07
168   96     1.43003099269472E-08   3.77528182071405E-06
169   96     1.87333674361876E-08   4.96434237058972E-06
170   96     1.06451057287105E-08   2.83159812383699E-06
171   96     2.49894052672291E-08   6.67217120635017E-06
172   96     1.80985473846415E-07   4.85041069908392E-05
173   96     1.67780959168361E-09   4.51330780162891E-07
174   96     2.79512271377542E-08   7.54683132719363E-06
175   96     3.49952461748641E-09   9.48371171338816E-07
176   96     5.23246399977845E-07   1.42323020793974E-04
177   96     1.44838398591995E-10   3.95408828156146E-08
178   96     3.38718126921225E-09   9.28087667764155E-07
179   96     2.09320019263317E-13   5.75630052974123E-11
180   96     3.04510938053954E-09   8.40450189028914E-07
181   96     2.17845568580822E-13   6.03432224968878E-11
182   96     2.07176348524513E-12   5.75950248898146E-10
183   96     2.57744834417433E-17   7.19108088024637E-15
184   96     1.08574739941445E-22   3.04009271836047E-20
185   96     1.00000000000000E-99   1.00000000000000E-99
186   96     1.00000000000000E-99   1.00000000000000E-99
187   96     1.00000000000000E-99   1.00000000000000E-99
188   96     1.00000000000000E-99   1.00000000000000E-99
189   96     1.00000000000000E-99   1.00000000000000E-99
190   96     1.00000000000000E-99   1.00000000000000E-99
191   96     1.00000000000000E-99   1.00000000000000E-99
192   96     1.00000000000000E-99   1.00000000000000E-99
193   96     1.00000000000000E-99   1.00000000000000E-99
194   96     1.00000000000000E-99   1.00000000000000E-99
195   96     1.00000000000000E-99   1.00000000000000E-99
196   96     1.00000000000000E-99   1.00000000000000E-99
197   96     1.00000000000000E-99   1.00000000000000E-99
198   96     1.00000000000000E-99   1.00000000000000E-99
199   96     1.00000000000000E-99   1.00000000000000E-99
200   96     1.00000000000000E-99   1.00000000000000E-99
201   96     1.00000000000000E-99   1.00000000000000E-99
202   96     1.00000000000000E-99   1.00000000000000E-99
203   96     1.00000000000000E-99   1.00000000000000E-99
204   96     1.00000000000000E-99   1.00000000000000E-99
205   96     1.00000000000000E-99   1.00000000000000E-99
206   96     1.00000000000000E-99   1.00000000000000E-99
207   96     1.00000000000000E-99   1.00000000000000E-99
208   96     1.00000000000000E-99   1.00000000000000E-99
209   96     1.00000000000000E-99   1.00000000000000E-99
211   96     1.00000000000000E-99   1.00000000000000E-99
213   96     1.00000000000000E-99   1.00000000000000E-99
215   96     1.00000000000000E-99   1.00000000000000E-99
145   97     1.00000000000000E-99   1.00000000000000E-99
146   97     1.00000000000000E-99   1.00000000000000E-99
147   97     1.00000000000000E-99   1.00000000000000E-99
148   97     1.00000000000000E-99   1.00000000000000E-99
149   97     1.00000000000000E-99   1.00000000000000E-99
150   97     1.00000000000000E-99   1.00000000000000E-99
151   97     1.00000000000000E-99   1.00000000000000E-99
152   97     5.10744116362038E-18   1.27175284974148E-15
153   97     2.46677257274492E-19   6.16693143186231E-17
154   97     3.31087871300266E-15   8.31030556963667E-13
155   97     2.58614753359777E-15   6.51709178466637E-13
156   97     1.97118012735354E-13   4.98708572220446E-11
157   97     4.07571711781591E-13   1.03523214792524E-10
158   97     6.79866218744450E-12   1.73365885779835E-09
159   97     6.03089324660177E-11   1.54390867113005E-08
160   97     1.06830564759794E-10   2.74554551432672E-08
161   97     3.58666839394854E-10   9.25360445638724E-08
162   97     5.55783556718152E-10   1.43947941190001E-07
163   97     5.23692014065191E-10   1.36159923656950E-07
164   97     3.15990101153012E-10   8.24734164009361E-08
165   97     6.77542977602939E-10   1.77516260131970E-07
166   97     4.92523045797472E-10   1.29533561044735E-07
167   97     8.81418056239131E-10   2.32694366847131E-07
168   97     9.45284679154321E-10   2.50500439975895E-07
169   97     1.13113316773048E-08   3.00881422616307E-06
170   97     2.05615211742836E-09   5.48992615353371E-07
171   97     2.08236338122913E-08   5.58073386169407E-06
172   97     2.61549413038397E-08   7.03567921073289E-06
173   97     8.79426821859146E-09   2.37445241901969E-06
174   97     2.94432651315652E-07   7.97912485065417E-05
175   97     1.18779428254426E-07   3.23080044852040E-05
176   97     7.81162403042300E-08   2.13257336030548E-05
177   97     8.97656151343320E-09   2.45957785468070E-06
178   97     4.54553958011456E-08   1.25002338453150E-05
179   97     8.25246896452240E-12   2.27768143420818E-09
180   97     6.45199967101134E-11   1.78720390887014E-08
181   97     4.61835449351168E-14   1.28390254919625E-11
182   97     1.14883158848201E-18   3.20524013186481E-16
183   97     2.52171337035594E-22   7.06079743699663E-20
184   97     1.00000000000000E-99   1.00000000000000E-99
185   97     1.00000000000000E-99   1.00000000000000E-99
186   97     1.00000000000000E-99   1.00000000000000E-99
187   97     1.00000000000000E-99   1.00000000000000E-99
188   97     1.00000000000000E-99   1.00000000000000E-99
189   97     1.00000000000000E-99   1.00000000000000E-99
190   97     1.00000000000000E-99   1.00000000000000E-99
191   97     1.00000000000000E-99   1.00000000000000E-99
192   97     1.00000000000000E-99   1.00000000000000E-99
193   97     1.00000000000000E-99   1.00000000000000E-99
194   97     1.00000000000000E-99   1.00000000000000E-99
195   97     1.00000000000000E-99   1.00000000000000E-99
196   97     1.00000000000000E-99   1.00000000000000E-99
197   97     1.00000000000000E-99   1.00000000000000E-99
198   97     1.00000000000000E-99   1.00000000000000E-99
199   97     1.00000000000000E-99   1.00000000000000E-99
200   97     1.00000000000000E-99   1.00000000000000E-99
201   97     1.00000000000000E-99   1.00000000000000E-99
202   97     1.00000000000000E-99   1.00000000000000E-99
203   97     1.00000000000000E-99   1.00000000000000E-99
204   97     1.00000000000000E-99   1.00000000000000E-99
205   97     1.00000000000000E-99   1.00000000000000E-99
206   97     1.00000000000000E-99   1.00000000000000E-99
207   97     1.00000000000000E-99   1.00000000000000E-99
208   97     1.00000000000000E-99   1.00000000000000E-99
209   97     1.00000000000000E-99   1.00000000000000E-99
210   97     1.00000000000000E-99   1.00000000000000E-99
211   97     1.00000000000000E-99   1.00000000000000E-99
213   97     1.00000000000000E-99   1.00000000000000E-99
215   97     1.00000000000000E-99   1.00000000000000E-99
217   97     1.00000000000000E-99   1.00000000000000E-99
147   98     1.00000000000000E-99   1.00000000000000E-99
148   98     1.00000000000000E-99   1.00000000000000E-99
149   98     1.00000000000000E-99   1.00000000000000E-99
150   98     1.00000000000000E-99   1.00000000000000E-99
151   98     1.00000000000000E-99   1.00000000000000E-99
152   98     4.81012454670170E-24   1.20253113667543E-21
153   98     2.16539401693473E-19   5.43513898250616E-17
154   98     8.48691476055590E-19   2.13870251966009E-16
155   98     1.95771597763899E-17   4.95302142342664E-15
156   98     2.47946681355511E-16   6.29784570642997E-14
157   98     3.21874602056470E-15   8.20780235243998E-13
158   98     7.36531591371131E-14   1.88552087391009E-11
159   98     1.11144561000342E-13   2.85641521770879E-11
160   98     1.12592291107395E-12   2.90488111057079E-10
161   98     2.57075928746370E-12   6.65826655453099E-10
162   98     3.87360859009744E-12   1.00713823342533E-09
163   98     6.25271327221421E-12   1.63195816404791E-09
164   98     1.35353316507940E-11   3.54625689250804E-09
165   98     9.69808133927163E-12   2.55059539222844E-09
166   98     2.14375399426525E-11   5.65951054486025E-09
167   98     2.30236063938036E-11   6.10125569435797E-09
168   98     2.65371728432901E-10   7.05888797631517E-08
169   98     1.47431317905334E-09   3.93641618807241E-07
170   98     8.12098282124757E-10   2.17642339609435E-07
171   98     2.66515007218188E-09   7.16925369416927E-07
172   98     1.88317513700545E-07   5.08457286991471E-05
173   98     2.97180032511697E-08   8.05357888106699E-06
174   98     2.75907182223579E-08   7.50467535648135E-06
175   98     2.10054636160028E-08   5.73449156716877E-06
176   98     1.66062281545136E-07   4.55010651433672E-05
177   98     5.85635974167269E-08   1.61049892895999E-05
178   98     1.70395008971682E-08   4.70290224761843E-06
179   98     3.05203177038384E-12   8.45412800396324E-10
180   98     1.41091716417719E-13   3.92234971641259E-11
181   98     8.34674442096210E-18   2.32874169344843E-15
182   98     5.76820688506124E-21   1.61509792781715E-18
183   98     1.00000000000000E-99   1.00000000000000E-99
184   98     1.00000000000000E-99   1.00000000000000E-99
185   98     1.00000000000000E-99   1.00000000000000E-99
186   98     1.00000000000000E-99   1.00000000000000E-99
187   98     1.00000000000000E-99   1.00000000000000E-99
188   98     1.00000000000000E-99   1.00000000000000E-99
189   98     1.00000000000000E-99   1.00000000000000E-99
190   98     1.00000000000000E-99   1.00000000000000E-99
191   98     1.00000000000000E-99   1.00000000000000E-99
192   98     1.00000000000000E-99   1.00000000000000E-99
193   98     1.00000000000000E-99   1.00000000000000E-99
194   98     1.00000000000000E-99   1.00000000000000E-99
195   98     1.00000000000000E-99   1.00000000000000E-99
196   98     1.00000000000000E-99   1.00000000000000E-99
197   98     1.00000000000000E-99   1.00000000000000E-99
198   98     1.00000000000000E-99   1.00000000000000E-99
199   98     1.00000000000000E-99   1.00000000000000E-99
200   98     1.00000000000000E-99   1.00000000000000E-99
201   98     1.00000000000000E-99   1.00000000000000E-99
202   98     1.00000000000000E-99   1.00000000000000E-99
203   98     1.00000000000000E-99   1.00000000000000E-99
204   98     1.00000000000000E-99   1.00000000000000E-99
205   98     1.00000000000000E-99   1.00000000000000E-99
206   98     1.00000000000000E-99   1.00000000000000E-99
207   98     1.00000000000000E-99   1.00000000000000E-99
208   98     1.00000000000000E-99   1.00000000000000E-99
209   98     1.00000000000000E-99   1.00000000000000E-99
210   98     1.00000000000000E-99   1.00000000000000E-99
211   98     1.00000000000000E-99   1.00000000000000E-99
213   98     1.00000000000000E-99   1.00000000000000E-99
215   98     1.00000000000000E-99   1.00000000000000E-99
217   98     1.00000000000000E-99   1.00000000000000E-99
219   98     1.00000000000000E-99   1.00000000000000E-99
221   98     1.00000000000000E-99   1.00000000000000E-99
149   99     1.00000000000000E-99   1.00000000000000E-99
150   99     1.00000000000000E-99   1.00000000000000E-99
151   99     1.00000000000000E-99   1.00000000000000E-99
152   99     1.00000000000000E-99   1.00000000000000E-99
153   99     1.00000000000000E-99   1.00000000000000E-99
154   99     1.75051390626529E-24   4.42880018285118E-22
155   99     9.98014553811356E-24   2.53495696668084E-21
156   99     1.36237594901741E-19   3.47405866999440E-17
157   99     2.53411572431329E-17   6.48733625424203E-15
158   99     9.64607591467263E-18   2.47904151007087E-15
159   99     9.75400863780137E-19   2.51653422855275E-16
160   99     9.45606593545604E-16   2.44912107728311E-13
161   99     4.93044258217042E-16   1.28191507136431E-13
162   99     9.20019668480421E-15   2.40125133473390E-12
163   99     2.57623615218710E-14   6.74973871873019E-12
164   99     1.72343632184607E-13   4.53263752645517E-11
165   99     1.45526303635198E-13   3.84189441596924E-11
166   99     2.17831102750329E-12   5.77252422288371E-10
167   99     2.21354901733356E-12   5.88804038610727E-10
168   99     1.10792916800016E-11   2.95817087856044E-09
169   99     5.68423503482855E-11   1.52337498933405E-08
170   99     3.98596453459903E-11   1.07222445980714E-08
171   99     1.78205031342523E-08   4.81153584624811E-06
172   99     9.51125073298468E-10   2.57754894863885E-07
173   99     2.84834292638644E-09   7.74749275977112E-07
174   99     3.62207709409858E-09   9.88827046688912E-07
175   99     3.14797722194651E-08   8.62545758813344E-06
176   99     1.13768121125224E-08   3.12862333094367E-06
177   99     9.32143548944523E-09   2.57271619508688E-06
178   99     8.69772251101938E-14   2.40926913555237E-11
179   99     5.32033994667514E-18   1.47905450517569E-15
180   99     8.52171017203148E-21   2.37755713799678E-18
181   99     1.00000000000000E-99   1.00000000000000E-99
182   99     1.00000000000000E-99   1.00000000000000E-99
183   99     1.00000000000000E-99   1.00000000000000E-99
184   99     1.00000000000000E-99   1.00000000000000E-99
185   99     1.00000000000000E-99   1.00000000000000E-99
186   99     1.00000000000000E-99   1.00000000000000E-99
187   99     1.00000000000000E-99   1.00000000000000E-99
188   99     1.00000000000000E-99   1.00000000000000E-99
189   99     1.00000000000000E-99   1.00000000000000E-99
190   99     1.00000000000000E-99   1.00000000000000E-99
191   99     1.00000000000000E-99   1.00000000000000E-99
192   99     1.00000000000000E-99   1.00000000000000E-99
193   99     1.00000000000000E-99   1.00000000000000E-99
194   99     1.00000000000000E-99   1.00000000000000E-99
195   99     1.00000000000000E-99   1.00000000000000E-99
196   99     1.00000000000000E-99   1.00000000000000E-99
197   99     1.00000000000000E-99   1.00000000000000E-99
198   99     1.00000000000000E-99   1.00000000000000E-99
199   99     1.00000000000000E-99   1.00000000000000E-99
200   99     1.00000000000000E-99   1.00000000000000E-99
201   99     1.00000000000000E-99   1.00000000000000E-99
202   99     1.00000000000000E-99   1.00000000000000E-99
203   99     1.00000000000000E-99   1.00000000000000E-99
204   99     1.00000000000000E-99   1.00000000000000E-99
205   99     1.00000000000000E-99   1.00000000000000E-99
206   99     1.00000000000000E-99   1.00000000000000E-99
207   99     1.00000000000000E-99   1.00000000000000E-99
208   99     1.00000000000000E-99   1.00000000000000E-99
209   99     1.00000000000000E-99   1.00000000000000E-99
210   99     1.00000000000000E-99   1.00000000000000E-99
211   99     1.00000000000000E-99   1.00000000000000E-99
212   99     1.00000000000000E-99   1.00000000000000E-99
213   99     1.00000000000000E-99   1.00000000000000E-99
215   99     1.00000000000000E-99   1.00000000000000E-99
216   99     1.00000000000000E-99   1.00000000000000E-99
217   99     1.00000000000000E-99   1.00000000000000E-99
219   99     1.00000000000000E-99   1.00000000000000E-99
221   99     1.00000000000000E-99   1.00000000000000E-99
223   99     1.00000000000000E-99   1.00000000000000E-99
151  100     1.00000000000000E-99   1.00000000000000E-99
152  100     1.00000000000000E-99   1.00000000000000E-99
153  100     1.00000000000000E-99   1.00000000000000E-99
154  100     1.00000000000000E-99   1.00000000000000E-99
155  100     1.00000000000000E-99   1.00000000000000E-99
156  100     3.72690363354817E-21   9.54087330188332E-19
157  100     2.34953120525069E-24   6.03829519749427E-22
158  100     8.09992483411720E-25   2.08978060720224E-22
159  100     8.75478386038054E-19   2.26748901983856E-16
160  100     8.65927405153693E-19   2.25141125339960E-16
161  100     2.07650136699133E-17   5.41966856784736E-15
162  100     1.49097811591522E-16   3.90636266369788E-14
163  100     1.32993273034153E-15   3.49772308079823E-13
164  100     1.80942954644943E-15   4.77689400262649E-13
165  100     3.14142674776243E-14   8.32478088157044E-12
166  100     2.25890959538468E-14   6.00869952372325E-12
167  100     4.96200874312813E-14   1.32485633441521E-11
168  100     1.65577028392475E-13   4.43746436091833E-11
169  100     6.32110834576289E-12   1.70037814501022E-09
170  100     6.70372827431062E-11   1.81000663406387E-08
171  100     4.86817953911776E-11   1.31927665510091E-08
172  100     2.55032718448544E-10   6.93688994180040E-08
173  100     1.18935112998634E-09   3.24692858486271E-07
174  100     3.26623574461376E-09   8.94948594024171E-07
175  100     4.21211281850662E-10   1.15833102508932E-07
176  100     3.26920609643828E-10   9.02300882616964E-08
177  100     2.05996498769334E-14   5.70610301591056E-12
178  100     1.34616563153669E-19   3.74234045567201E-17
179  100     1.00000000000000E-99   1.00000000000000E-99
180  100     1.00000000000000E-99   1.00000000000000E-99
181  100     1.00000000000000E-99   1.00000000000000E-99
182  100     1.00000000000000E-99   1.00000000000000E-99
183  100     1.00000000000000E-99   1.00000000000000E-99
184  100     1.00000000000000E-99   1.00000000000000E-99
185  100     1.00000000000000E-99   1.00000000000000E-99
186  100     1.00000000000000E-99   1.00000000000000E-99
187  100     1.00000000000000E-99   1.00000000000000E-99
188  100     1.00000000000000E-99   1.00000000000000E-99
189  100     1.00000000000000E-99   1.00000000000000E-99
190  100     1.00000000000000E-99   1.00000000000000E-99
191  100     1.00000000000000E-99   1.00000000000000E-99
192  100     1.00000000000000E-99   1.00000000000000E-99
193  100     1.00000000000000E-99   1.00000000000000E-99
194  100     1.00000000000000E-99   1.00000000000000E-99
195  100     1.00000000000000E-99   1.00000000000000E-99
196  100     1.00000000000000E-99   1.00000000000000E-99
197  100     1.00000000000000E-99   1.00000000000000E-99
198  100     1.00000000000000E-99   1.00000000000000E-99
199  100     1.00000000000000E-99   1.00000000000000E-99
200  100     1.00000000000000E-99   1.00000000000000E-99
201  100     1.00000000000000E-99   1.00000000000000E-99
202  100     1.00000000000000E-99   1.00000000000000E-99
203  100     1.00000000000000E-99   1.00000000000000E-99
204  100     1.00000000000000E-99   1.00000000000000E-99
205  100     1.00000000000000E-99   1.00000000000000E-99
206  100     1.00000000000000E-99   1.00000000000000E-99
207  100     1.00000000000000E-99   1.00000000000000E-99
208  100     1.00000000000000E-99   1.00000000000000E-99
209  100     1.00000000000000E-99   1.00000000000000E-99
210  100     1.00000000000000E-99   1.00000000000000E-99
211  100     1.00000000000000E-99   1.00000000000000E-99
213  100     1.00000000000000E-99   1.00000000000000E-99
215  100     1.00000000000000E-99   1.00000000000000E-99
217  100     1.00000000000000E-99   1.00000000000000E-99
218  100     1.00000000000000E-99   1.00000000000000E-99
219  100     1.00000000000000E-99   1.00000000000000E-99
221  100     1.00000000000000E-99   1.00000000000000E-99
223  100     1.00000000000000E-99   1.00000000000000E-99
225  100     1.00000000000000E-99   1.00000000000000E-99
152  101     1.00000000000000E-99   1.00000000000000E-99
153  101     1.00000000000000E-99   1.00000000000000E-99
154  101     1.00000000000000E-99   1.00000000000000E-99
155  101     1.00000000000000E-99   1.00000000000000E-99
156  101     1.00000000000000E-99   1.00000000000000E-99
157  101     1.00000000000000E-99   1.00000000000000E-99
158  101     1.00000000000000E-99   1.00000000000000E-99
159  101     1.00000000000000E-99   1.00000000000000E-99
160  101     8.33985350273466E-23   2.17670176421375E-20
161  101     1.00000000000000E-99   1.00000000000000E-99
162  101     1.13966804741585E-19   2.99732696470368E-17
163  101     3.84743224344153E-20   1.01572211226857E-17
164  101     8.15984611195872E-17   2.16235921966906E-14
165  101     6.07932608029511E-18   1.61710073735850E-15
166  101     1.90435487959722E-15   5.08462752852457E-13
167  101     3.64848833902561E-16   9.77794874858863E-14
168  101     1.09503687200542E-14   2.94564918569458E-12
169  101     3.22173453902751E-13   8.69868325537427E-11
170  101     1.93365473674505E-13   5.24020433657908E-11
171  101     1.13490711912095E-12   3.08694736400900E-10
172  101     1.17937862615369E-11   3.21970364939958E-09
173  101     4.39231852427888E-11   1.20349527565241E-08
174  101     8.57487207672265E-12   2.35808982109873E-09
175  101     1.95547900728002E-11   5.39712206009285E-09
176  101     1.15303987146982E-15   3.19392044397141E-13
177  101     1.29767159782003E-20   3.60752704193969E-18
178  101     1.00000000000000E-99   1.00000000000000E-99
179  101     1.00000000000000E-99   1.00000000000000E-99
180  101     1.00000000000000E-99   1.00000000000000E-99
181  101     1.00000000000000E-99   1.00000000000000E-99
182  101     1.00000000000000E-99   1.00000000000000E-99
183  101     1.00000000000000E-99   1.00000000000000E-99
184  101     1.00000000000000E-99   1.00000000000000E-99
185  101     1.00000000000000E-99   1.00000000000000E-99
186  101     1.00000000000000E-99   1.00000000000000E-99
187  101     1.00000000000000E-99   1.00000000000000E-99
188  101     1.00000000000000E-99   1.00000000000000E-99
189  101     1.00000000000000E-99   1.00000000000000E-99
190  101     1.00000000000000E-99   1.00000000000000E-99
191  101     1.00000000000000E-99   1.00000000000000E-99
192  101     1.00000000000000E-99   1.00000000000000E-99
193  101     1.00000000000000E-99   1.00000000000000E-99
194  101     1.00000000000000E-99   1.00000000000000E-99
195  101     1.00000000000000E-99   1.00000000000000E-99
196  101     1.00000000000000E-99   1.00000000000000E-99
197  101     1.00000000000000E-99   1.00000000000000E-99
198  101     1.00000000000000E-99   1.00000000000000E-99
199  101     1.00000000000000E-99   1.00000000000000E-99
200  101     1.00000000000000E-99   1.00000000000000E-99
201  101     1.00000000000000E-99   1.00000000000000E-99
202  101     1.00000000000000E-99   1.00000000000000E-99
203  101     1.00000000000000E-99   1.00000000000000E-99
204  101     1.00000000000000E-99   1.00000000000000E-99
205  101     1.00000000000000E-99   1.00000000000000E-99
206  101     1.00000000000000E-99   1.00000000000000E-99
207  101     1.00000000000000E-99   1.00000000000000E-99
208  101     1.00000000000000E-99   1.00000000000000E-99
209  101     1.00000000000000E-99   1.00000000000000E-99
210  101     1.00000000000000E-99   1.00000000000000E-99
211  101     1.00000000000000E-99   1.00000000000000E-99
212  101     1.00000000000000E-99   1.00000000000000E-99
213  101     1.00000000000000E-99   1.00000000000000E-99
214  101     1.00000000000000E-99   1.00000000000000E-99
215  101     1.00000000000000E-99   1.00000000000000E-99
216  101     1.00000000000000E-99   1.00000000000000E-99
217  101     1.00000000000000E-99   1.00000000000000E-99
218  101     1.00000000000000E-99   1.00000000000000E-99
219  101     1.00000000000000E-99   1.00000000000000E-99
220  101     1.00000000000000E-99   1.00000000000000E-99
221  101     1.00000000000000E-99   1.00000000000000E-99
223  101     1.00000000000000E-99   1.00000000000000E-99
225  101     1.00000000000000E-99   1.00000000000000E-99
227  101     1.00000000000000E-99   1.00000000000000E-99
152  102     1.00000000000000E-99   1.00000000000000E-99
153  102     1.00000000000000E-99   1.00000000000000E-99
154  102     1.00000000000000E-99   1.00000000000000E-99
155  102     1.00000000000000E-99   1.00000000000000E-99
156  102     1.00000000000000E-99   1.00000000000000E-99
157  102     1.00000000000000E-99   1.00000000000000E-99
158  102     1.00000000000000E-99   1.00000000000000E-99
159  102     1.00000000000000E-99   1.00000000000000E-99
160  102     1.00000000000000E-99   1.00000000000000E-99
161  102     1.00000000000000E-99   1.00000000000000E-99
162  102     5.57023564750905E-24   1.47054221094239E-21
163  102     1.53483333812487E-20   4.06730834603091E-18
164  102     9.42939123541050E-21   2.50821806861919E-18
165  102     1.12970117190917E-18   3.01630212899749E-16
166  102     1.39317731269421E-18   3.73371519802048E-16
167  102     1.31118149897817E-17   3.52707823225127E-15
168  102     4.11043586963355E-17   1.10981768480106E-14
169  102     1.82225642896805E-16   4.93831492250343E-14
170  102     6.49616264088843E-16   1.76695623832165E-13
171  102     5.23901325407179E-14   1.43025061836160E-11
172  102     1.73883900531159E-13   4.76441887455377E-11
173  102     1.34150777814122E-13   3.68914638988835E-11
174  102     1.67559883770431E-13   4.62465279206390E-11
175  102     2.26364696129739E-17   6.27030208279378E-15
176  102     3.36870036150947E-22   9.36498700499631E-20
177  102     1.00000000000000E-99   1.00000000000000E-99
178  102     1.00000000000000E-99   1.00000000000000E-99
179  102     1.00000000000000E-99   1.00000000000000E-99
180  102     1.00000000000000E-99   1.00000000000000E-99
181  102     1.00000000000000E-99   1.00000000000000E-99
182  102     1.00000000000000E-99   1.00000000000000E-99
183  102     1.00000000000000E-99   1.00000000000000E-99
184  102     1.00000000000000E-99   1.00000000000000E-99
185  102     1.00000000000000E-99   1.00000000000000E-99
186  102     1.00000000000000E-99   1.00000000000000E-99
187  102     1.00000000000000E-99   1.00000000000000E-99
188  102     1.00000000000000E-99   1.00000000000000E-99
189  102     1.00000000000000E-99   1.00000000000000E-99
190  102     1.00000000000000E-99   1.00000000000000E-99
191  102     1.00000000000000E-99   1.00000000000000E-99
192  102     1.00000000000000E-99   1.00000000000000E-99
193  102     1.00000000000000E-99   1.00000000000000E-99
194  102     1.00000000000000E-99   1.00000000000000E-99
195  102     1.00000000000000E-99   1.00000000000000E-99
196  102     1.00000000000000E-99   1.00000000000000E-99
197  102     1.00000000000000E-99   1.00000000000000E-99
198  102     1.00000000000000E-99   1.00000000000000E-99
199  102     1.00000000000000E-99   1.00000000000000E-99
200  102     1.00000000000000E-99   1.00000000000000E-99
201  102     1.00000000000000E-99   1.00000000000000E-99
202  102     1.00000000000000E-99   1.00000000000000E-99
203  102     1.00000000000000E-99   1.00000000000000E-99
204  102     1.00000000000000E-99   1.00000000000000E-99
205  102     1.00000000000000E-99   1.00000000000000E-99
206  102     1.00000000000000E-99   1.00000000000000E-99
207  102     1.00000000000000E-99   1.00000000000000E-99
208  102     1.00000000000000E-99   1.00000000000000E-99
209  102     1.00000000000000E-99   1.00000000000000E-99
210  102     1.00000000000000E-99   1.00000000000000E-99
211  102     1.00000000000000E-99   1.00000000000000E-99
212  102     1.00000000000000E-99   1.00000000000000E-99
213  102     1.00000000000000E-99   1.00000000000000E-99
214  102     1.00000000000000E-99   1.00000000000000E-99
215  102     1.00000000000000E-99   1.00000000000000E-99
216  102     1.00000000000000E-99   1.00000000000000E-99
217  102     1.00000000000000E-99   1.00000000000000E-99
218  102     1.00000000000000E-99   1.00000000000000E-99
219  102     1.00000000000000E-99   1.00000000000000E-99
221  102     1.00000000000000E-99   1.00000000000000E-99
223  102     1.00000000000000E-99   1.00000000000000E-99
225  102     1.00000000000000E-99   1.00000000000000E-99
227  102     1.00000000000000E-99   1.00000000000000E-99
229  102     1.00000000000000E-99   1.00000000000000E-99
153  103     1.00000000000000E-99   1.00000000000000E-99
154  103     1.00000000000000E-99   1.00000000000000E-99
155  103     1.00000000000000E-99   1.00000000000000E-99
156  103     1.00000000000000E-99   1.00000000000000E-99
157  103     1.00000000000000E-99   1.00000000000000E-99
158  103     1.00000000000000E-99   1.00000000000000E-99
159  103     1.00000000000000E-99   1.00000000000000E-99
160  103     1.00000000000000E-99   1.00000000000000E-99
161  103     1.00000000000000E-99   1.00000000000000E-99
162  103     1.00000000000000E-99   1.00000000000000E-99
163  103     1.00000000000000E-99   1.00000000000000E-99
164  103     2.44855845720709E-22   6.53765108074293E-20
165  103     1.00000000000000E-99   1.00000000000000E-99
166  103     2.25593087458495E-20   6.06845405263352E-18
167  103     9.29223946941730E-22   2.50890465674267E-19
168  103     2.34456712767599E-21   6.35377691600194E-19
169  103     1.74594676510054E-21   4.74897520107348E-19
170  103     2.90560421745040E-18   7.93229951363960E-16
171  103     2.28999399183224E-17   6.27458353762035E-15
172  103     2.09191159041270E-16   5.75275687363494E-14
173  103     1.63312413878075E-16   4.50742262303486E-14
174  103     8.84149225262635E-20   2.44909335397750E-17
175  103     7.96088139345868E-25   2.21312502738151E-22
176  103     1.00000000000000E-99   1.00000000000000E-99
177  103     1.00000000000000E-99   1.00000000000000E-99
178  103     1.00000000000000E-99   1.00000000000000E-99
179  103     1.00000000000000E-99   1.00000000000000E-99
180  103     1.00000000000000E-99   1.00000000000000E-99
181  103     1.00000000000000E-99   1.00000000000000E-99
182  103     1.00000000000000E-99   1.00000000000000E-99
183  103     1.00000000000000E-99   1.00000000000000E-99
184  103     1.00000000000000E-99   1.00000000000000E-99
185  103     1.00000000000000E-99   1.00000000000000E-99
186  103     1.00000000000000E-99   1.00000000000000E-99
187  103     1.00000000000000E-99   1.00000000000000E-99
188  103     1.00000000000000E-99   1.00000000000000E-99
189  103     1.00000000000000E-99   1.00000000000000E-99
190  103     1.00000000000000E-99   1.00000000000000E-99
191  103     1.00000000000000E-99   1.00000000000000E-99
192  103     1.00000000000000E-99   1.00000000000000E-99
193  103     1.00000000000000E-99   1.00000000000000E-99
194  103     1.00000000000000E-99   1.00000000000000E-99
195  103     1.00000000000000E-99   1.00000000000000E-99
196  103     1.00000000000000E-99   1.00000000000000E-99
197  103     1.00000000000000E-99   1.00000000000000E-99
198  103     1.00000000000000E-99   1.00000000000000E-99
199  103     1.00000000000000E-99   1.00000000000000E-99
200  103     1.00000000000000E-99   1.00000000000000E-99
201  103     1.00000000000000E-99   1.00000000000000E-99
202  103     1.00000000000000E-99   1.00000000000000E-99
203  103     1.00000000000000E-99   1.00000000000000E-99
204  103     1.00000000000000E-99   1.00000000000000E-99
205  103     1.00000000000000E-99   1.00000000000000E-99
206  103     1.00000000000000E-99   1.00000000000000E-99
207  103     1.00000000000000E-99   1.00000000000000E-99
208  103     1.00000000000000E-99   1.00000000000000E-99
209  103     1.00000000000000E-99   1.00000000000000E-99
210  103     1.00000000000000E-99   1.00000000000000E-99
211  103     1.00000000000000E-99   1.00000000000000E-99
212  103     1.00000000000000E-99   1.00000000000000E-99
213  103     1.00000000000000E-99   1.00000000000000E-99
214  103     1.00000000000000E-99   1.00000000000000E-99
215  103     1.00000000000000E-99   1.00000000000000E-99
216  103     1.00000000000000E-99   1.00000000000000E-99
217  103     1.00000000000000E-99   1.00000000000000E-99
218  103     1.00000000000000E-99   1.00000000000000E-99
219  103     1.00000000000000E-99   1.00000000000000E-99
220  103     1.00000000000000E-99   1.00000000000000E-99
221  103     1.00000000000000E-99   1.00000000000000E-99
222  103     1.00000000000000E-99   1.00000000000000E-99
223  103     1.00000000000000E-99   1.00000000000000E-99
225  103     1.00000000000000E-99   1.00000000000000E-99
229  103     1.00000000000000E-99   1.00000000000000E-99
231  103     1.00000000000000E-99   1.00000000000000E-99
156  104     1.00000000000000E-99   1.00000000000000E-99
157  104     1.00000000000000E-99   1.00000000000000E-99
158  104     1.00000000000000E-99   1.00000000000000E-99
159  104     1.00000000000000E-99   1.00000000000000E-99
160  104     1.00000000000000E-99   1.00000000000000E-99
161  104     1.00000000000000E-99   1.00000000000000E-99
162  104     1.00000000000000E-99   1.00000000000000E-99
163  104     1.00000000000000E-99   1.00000000000000E-99
164  104     1.00000000000000E-99   1.00000000000000E-99
165  104     1.02979226924453E-24   2.77014120426777E-22
166  104     3.17912943376164E-25   8.58364947115642E-23
167  104     4.30027170092259E-25   1.16537363095002E-22
168  104     1.00000000000000E-99   1.00000000000000E-99
169  104     4.13480880723971E-23   1.12880280437644E-20
170  104     2.62701802767489E-22   7.19802939582919E-20
171  104     1.12480659512382E-20   3.09321813659051E-18
172  104     4.24144260648787E-20   1.17063815939065E-17
173  104     3.51244690497363E-22   9.72947792677696E-20
174  104     1.00000000000000E-99   1.00000000000000E-99
175  104     1.00000000000000E-99   1.00000000000000E-99
176  104     1.00000000000000E-99   1.00000000000000E-99
177  104     1.00000000000000E-99   1.00000000000000E-99
178  104     1.00000000000000E-99   1.00000000000000E-99
179  104     1.00000000000000E-99   1.00000000000000E-99
180  104     1.00000000000000E-99   1.00000000000000E-99
181  104     1.00000000000000E-99   1.00000000000000E-99
182  104     1.00000000000000E-99   1.00000000000000E-99
183  104     1.00000000000000E-99   1.00000000000000E-99
184  104     1.00000000000000E-99   1.00000000000000E-99
185  104     1.00000000000000E-99   1.00000000000000E-99
186  104     1.00000000000000E-99   1.00000000000000E-99
187  104     1.00000000000000E-99   1.00000000000000E-99
188  104     1.00000000000000E-99   1.00000000000000E-99
189  104     1.00000000000000E-99   1.00000000000000E-99
190  104     1.00000000000000E-99   1.00000000000000E-99
191  104     1.00000000000000E-99   1.00000000000000E-99
192  104     1.00000000000000E-99   1.00000000000000E-99
193  104     1.00000000000000E-99   1.00000000000000E-99
194  104     1.00000000000000E-99   1.00000000000000E-99
195  104     1.00000000000000E-99   1.00000000000000E-99
196  104     1.00000000000000E-99   1.00000000000000E-99
197  104     1.00000000000000E-99   1.00000000000000E-99
198  104     1.00000000000000E-99   1.00000000000000E-99
199  104     1.00000000000000E-99   1.00000000000000E-99
200  104     1.00000000000000E-99   1.00000000000000E-99
201  104     1.00000000000000E-99   1.00000000000000E-99
202  104     1.00000000000000E-99   1.00000000000000E-99
203  104     1.00000000000000E-99   1.00000000000000E-99
204  104     1.00000000000000E-99   1.00000000000000E-99
205  104     1.00000000000000E-99   1.00000000000000E-99
206  104     1.00000000000000E-99   1.00000000000000E-99
207  104     1.00000000000000E-99   1.00000000000000E-99
208  104     1.00000000000000E-99   1.00000000000000E-99
209  104     1.00000000000000E-99   1.00000000000000E-99
210  104     1.00000000000000E-99   1.00000000000000E-99
211  104     1.00000000000000E-99   1.00000000000000E-99
212  104     1.00000000000000E-99   1.00000000000000E-99
213  104     1.00000000000000E-99   1.00000000000000E-99
214  104     1.00000000000000E-99   1.00000000000000E-99
215  104     1.00000000000000E-99   1.00000000000000E-99
216  104     1.00000000000000E-99   1.00000000000000E-99
217  104     1.00000000000000E-99   1.00000000000000E-99
218  104     1.00000000000000E-99   1.00000000000000E-99
219  104     1.00000000000000E-99   1.00000000000000E-99
220  104     1.00000000000000E-99   1.00000000000000E-99
221  104     1.00000000000000E-99   1.00000000000000E-99
222  104     1.00000000000000E-99   1.00000000000000E-99
223  104     1.00000000000000E-99   1.00000000000000E-99
225  104     1.00000000000000E-99   1.00000000000000E-99
229  104     1.00000000000000E-99   1.00000000000000E-99
231  104     1.00000000000000E-99   1.00000000000000E-99
233  104     1.00000000000000E-99   1.00000000000000E-99
157  105     1.00000000000000E-99   1.00000000000000E-99
158  105     1.00000000000000E-99   1.00000000000000E-99
159  105     1.00000000000000E-99   1.00000000000000E-99
160  105     1.00000000000000E-99   1.00000000000000E-99
161  105     1.00000000000000E-99   1.00000000000000E-99
162  105     1.00000000000000E-99   1.00000000000000E-99
163  105     1.00000000000000E-99   1.00000000000000E-99
164  105     1.00000000000000E-99   1.00000000000000E-99
165  105     1.00000000000000E-99   1.00000000000000E-99
166  105     1.00000000000000E-99   1.00000000000000E-99
167  105     1.00000000000000E-99   1.00000000000000E-99
168  105     1.00000000000000E-99   1.00000000000000E-99
169  105     1.00000000000000E-99   1.00000000000000E-99
170  105     1.00000000000000E-99   1.00000000000000E-99
171  105     1.00000000000000E-99   1.00000000000000E-99
172  105     1.00000000000000E-99   1.00000000000000E-99
173  105     1.00000000000000E-99   1.00000000000000E-99
174  105     1.00000000000000E-99   1.00000000000000E-99
175  105     1.00000000000000E-99   1.00000000000000E-99
176  105     1.00000000000000E-99   1.00000000000000E-99
177  105     1.00000000000000E-99   1.00000000000000E-99
178  105     1.00000000000000E-99   1.00000000000000E-99
179  105     1.00000000000000E-99   1.00000000000000E-99
180  105     1.00000000000000E-99   1.00000000000000E-99
181  105     1.00000000000000E-99   1.00000000000000E-99
182  105     1.00000000000000E-99   1.00000000000000E-99
183  105     1.00000000000000E-99   1.00000000000000E-99
184  105     1.00000000000000E-99   1.00000000000000E-99
185  105     1.00000000000000E-99   1.00000000000000E-99
186  105     1.00000000000000E-99   1.00000000000000E-99
187  105     1.00000000000000E-99   1.00000000000000E-99
188  105     1.00000000000000E-99   1.00000000000000E-99
189  105     1.00000000000000E-99   1.00000000000000E-99
190  105     1.00000000000000E-99   1.00000000000000E-99
191  105     1.00000000000000E-99   1.00000000000000E-99
192  105     1.00000000000000E-99   1.00000000000000E-99
193  105     1.00000000000000E-99   1.00000000000000E-99
194  105     1.00000000000000E-99   1.00000000000000E-99
195  105     1.00000000000000E-99   1.00000000000000E-99
196  105     1.00000000000000E-99   1.00000000000000E-99
197  105     1.00000000000000E-99   1.00000000000000E-99
198  105     1.00000000000000E-99   1.00000000000000E-99
199  105     1.00000000000000E-99   1.00000000000000E-99
200  105     1.00000000000000E-99   1.00000000000000E-99
201  105     1.00000000000000E-99   1.00000000000000E-99
202  105     1.00000000000000E-99   1.00000000000000E-99
203  105     1.00000000000000E-99   1.00000000000000E-99
204  105     1.00000000000000E-99   1.00000000000000E-99
205  105     1.00000000000000E-99   1.00000000000000E-99
206  105     1.00000000000000E-99   1.00000000000000E-99
207  105     1.00000000000000E-99   1.00000000000000E-99
208  105     1.00000000000000E-99   1.00000000000000E-99
209  105     1.00000000000000E-99   1.00000000000000E-99
210  105     1.00000000000000E-99   1.00000000000000E-99
211  105     1.00000000000000E-99   1.00000000000000E-99
212  105     1.00000000000000E-99   1.00000000000000E-99
213  105     1.00000000000000E-99   1.00000000000000E-99
214  105     1.00000000000000E-99   1.00000000000000E-99
215  105     1.00000000000000E-99   1.00000000000000E-99
216  105     1.00000000000000E-99   1.00000000000000E-99
217  105     1.00000000000000E-99   1.00000000000000E-99
218  105     1.00000000000000E-99   1.00000000000000E-99
219  105     1.00000000000000E-99   1.00000000000000E-99
220  105     1.00000000000000E-99   1.00000000000000E-99
221  105     1.00000000000000E-99   1.00000000000000E-99
222  105     1.00000000000000E-99   1.00000000000000E-99
223  105     1.00000000000000E-99   1.00000000000000E-99
224  105     1.00000000000000E-99   1.00000000000000E-99
225  105     1.00000000000000E-99   1.00000000000000E-99
228  105     1.00000000000000E-99   1.00000000000000E-99
229  105     1.00000000000000E-99   1.00000000000000E-99
231  105     1.00000000000000E-99   1.00000000000000E-99
160  106     1.00000000000000E-99   1.00000000000000E-99
161  106     1.00000000000000E-99   1.00000000000000E-99
162  106     1.00000000000000E-99   1.00000000000000E-99
163  106     1.00000000000000E-99   1.00000000000000E-99
164  106     1.00000000000000E-99   1.00000000000000E-99
165  106     1.00000000000000E-99   1.00000000000000E-99
166  106     1.00000000000000E-99   1.00000000000000E-99
167  106     1.00000000000000E-99   1.00000000000000E-99
168  106     1.00000000000000E-99   1.00000000000000E-99
169  106     1.00000000000000E-99   1.00000000000000E-99
170  106     1.00000000000000E-99   1.00000000000000E-99
171  106     1.00000000000000E-99   1.00000000000000E-99
172  106     1.00000000000000E-99   1.00000000000000E-99
173  106     1.00000000000000E-99   1.00000000000000E-99
174  106     1.00000000000000E-99   1.00000000000000E-99
175  106     1.00000000000000E-99   1.00000000000000E-99
176  106     1.00000000000000E-99   1.00000000000000E-99
177  106     1.00000000000000E-99   1.00000000000000E-99
178  106     1.00000000000000E-99   1.00000000000000E-99
179  106     1.00000000000000E-99   1.00000000000000E-99
180  106     1.00000000000000E-99   1.00000000000000E-99
181  106     1.00000000000000E-99   1.00000000000000E-99
182  106     1.00000000000000E-99   1.00000000000000E-99
183  106     1.00000000000000E-99   1.00000000000000E-99
184  106     1.00000000000000E-99   1.00000000000000E-99
185  106     1.00000000000000E-99   1.00000000000000E-99
186  106     1.00000000000000E-99   1.00000000000000E-99
187  106     1.00000000000000E-99   1.00000000000000E-99
188  106     1.00000000000000E-99   1.00000000000000E-99
189  106     1.00000000000000E-99   1.00000000000000E-99
190  106     1.00000000000000E-99   1.00000000000000E-99
191  106     1.00000000000000E-99   1.00000000000000E-99
192  106     1.00000000000000E-99   1.00000000000000E-99
193  106     1.00000000000000E-99   1.00000000000000E-99
194  106     1.00000000000000E-99   1.00000000000000E-99
195  106     1.00000000000000E-99   1.00000000000000E-99
196  106     1.00000000000000E-99   1.00000000000000E-99
197  106     1.00000000000000E-99   1.00000000000000E-99
198  106     1.00000000000000E-99   1.00000000000000E-99
199  106     1.00000000000000E-99   1.00000000000000E-99
200  106     1.00000000000000E-99   1.00000000000000E-99
201  106     1.00000000000000E-99   1.00000000000000E-99
202  106     1.00000000000000E-99   1.00000000000000E-99
203  106     1.00000000000000E-99   1.00000000000000E-99
204  106     1.00000000000000E-99   1.00000000000000E-99
205  106     1.00000000000000E-99   1.00000000000000E-99
206  106     1.00000000000000E-99   1.00000000000000E-99
207  106     1.00000000000000E-99   1.00000000000000E-99
208  106     1.00000000000000E-99   1.00000000000000E-99
209  106     1.00000000000000E-99   1.00000000000000E-99
210  106     1.00000000000000E-99   1.00000000000000E-99
211  106     1.00000000000000E-99   1.00000000000000E-99
212  106     1.00000000000000E-99   1.00000000000000E-99
213  106     1.00000000000000E-99   1.00000000000000E-99
214  106     1.00000000000000E-99   1.00000000000000E-99
215  106     1.00000000000000E-99   1.00000000000000E-99
216  106     1.00000000000000E-99   1.00000000000000E-99
217  106     1.00000000000000E-99   1.00000000000000E-99
218  106     1.00000000000000E-99   1.00000000000000E-99
219  106     1.00000000000000E-99   1.00000000000000E-99
220  106     1.00000000000000E-99   1.00000000000000E-99
221  106     1.00000000000000E-99   1.00000000000000E-99
222  106     1.00000000000000E-99   1.00000000000000E-99
223  106     1.00000000000000E-99   1.00000000000000E-99
224  106     1.00000000000000E-99   1.00000000000000E-99
225  106     1.00000000000000E-99   1.00000000000000E-99
227  106     1.00000000000000E-99   1.00000000000000E-99
228  106     1.00000000000000E-99   1.00000000000000E-99
229  106     1.00000000000000E-99   1.00000000000000E-99
231  106     1.00000000000000E-99   1.00000000000000E-99
162  107     1.00000000000000E-99   1.00000000000000E-99
163  107     1.00000000000000E-99   1.00000000000000E-99
164  107     1.00000000000000E-99   1.00000000000000E-99
165  107     1.00000000000000E-99   1.00000000000000E-99
166  107     1.00000000000000E-99   1.00000000000000E-99
167  107     1.00000000000000E-99   1.00000000000000E-99
168  107     1.00000000000000E-99   1.00000000000000E-99
169  107     1.00000000000000E-99   1.00000000000000E-99
170  107     1.00000000000000E-99   1.00000000000000E-99
171  107     1.00000000000000E-99   1.00000000000000E-99
172  107     1.00000000000000E-99   1.00000000000000E-99
173  107     1.00000000000000E-99   1.00000000000000E-99
174  107     1.00000000000000E-99   1.00000000000000E-99
175  107     1.00000000000000E-99   1.00000000000000E-99
176  107     1.00000000000000E-99   1.00000000000000E-99
177  107     1.00000000000000E-99   1.00000000000000E-99
178  107     1.00000000000000E-99   1.00000000000000E-99
179  107     1.00000000000000E-99   1.00000000000000E-99
180  107     1.00000000000000E-99   1.00000000000000E-99
181  107     1.00000000000000E-99   1.00000000000000E-99
182  107     1.00000000000000E-99   1.00000000000000E-99
183  107     1.00000000000000E-99   1.00000000000000E-99
184  107     1.00000000000000E-99   1.00000000000000E-99
185  107     1.00000000000000E-99   1.00000000000000E-99
186  107     1.00000000000000E-99   1.00000000000000E-99
187  107     1.00000000000000E-99   1.00000000000000E-99
188  107     1.00000000000000E-99   1.00000000000000E-99
189  107     1.00000000000000E-99   1.00000000000000E-99
190  107     1.00000000000000E-99   1.00000000000000E-99
191  107     1.00000000000000E-99   1.00000000000000E-99
192  107     1.00000000000000E-99   1.00000000000000E-99
193  107     1.00000000000000E-99   1.00000000000000E-99
194  107     1.00000000000000E-99   1.00000000000000E-99
195  107     1.00000000000000E-99   1.00000000000000E-99
196  107     1.00000000000000E-99   1.00000000000000E-99
197  107     1.00000000000000E-99   1.00000000000000E-99
198  107     1.00000000000000E-99   1.00000000000000E-99
199  107     1.00000000000000E-99   1.00000000000000E-99
200  107     1.00000000000000E-99   1.00000000000000E-99
201  107     1.00000000000000E-99   1.00000000000000E-99
202  107     1.00000000000000E-99   1.00000000000000E-99
203  107     1.00000000000000E-99   1.00000000000000E-99
204  107     1.00000000000000E-99   1.00000000000000E-99
205  107     1.00000000000000E-99   1.00000000000000E-99
206  107     1.00000000000000E-99   1.00000000000000E-99
207  107     1.00000000000000E-99   1.00000000000000E-99
208  107     1.00000000000000E-99   1.00000000000000E-99
209  107     1.00000000000000E-99   1.00000000000000E-99
210  107     1.00000000000000E-99   1.00000000000000E-99
211  107     1.00000000000000E-99   1.00000000000000E-99
212  107     1.00000000000000E-99   1.00000000000000E-99
213  107     1.00000000000000E-99   1.00000000000000E-99
214  107     1.00000000000000E-99   1.00000000000000E-99
215  107     1.00000000000000E-99   1.00000000000000E-99
216  107     1.00000000000000E-99   1.00000000000000E-99
217  107     1.00000000000000E-99   1.00000000000000E-99
218  107     1.00000000000000E-99   1.00000000000000E-99
219  107     1.00000000000000E-99   1.00000000000000E-99
220  107     1.00000000000000E-99   1.00000000000000E-99
221  107     1.00000000000000E-99   1.00000000000000E-99
222  107     1.00000000000000E-99   1.00000000000000E-99
223  107     1.00000000000000E-99   1.00000000000000E-99
224  107     1.00000000000000E-99   1.00000000000000E-99
225  107     1.00000000000000E-99   1.00000000000000E-99
227  107     1.00000000000000E-99   1.00000000000000E-99
228  107     1.00000000000000E-99   1.00000000000000E-99
229  107     1.00000000000000E-99   1.00000000000000E-99
230  107     1.00000000000000E-99   1.00000000000000E-99
165  108     1.00000000000000E-99   1.00000000000000E-99
166  108     1.00000000000000E-99   1.00000000000000E-99
167  108     1.00000000000000E-99   1.00000000000000E-99
168  108     1.00000000000000E-99   1.00000000000000E-99
169  108     1.00000000000000E-99   1.00000000000000E-99
170  108     1.00000000000000E-99   1.00000000000000E-99
171  108     1.00000000000000E-99   1.00000000000000E-99
172  108     1.00000000000000E-99   1.00000000000000E-99
173  108     1.00000000000000E-99   1.00000000000000E-99
174  108     1.00000000000000E-99   1.00000000000000E-99
175  108     1.00000000000000E-99   1.00000000000000E-99
176  108     1.00000000000000E-99   1.00000000000000E-99
177  108     1.00000000000000E-99   1.00000000000000E-99
178  108     1.00000000000000E-99   1.00000000000000E-99
179  108     1.00000000000000E-99   1.00000000000000E-99
180  108     1.00000000000000E-99   1.00000000000000E-99
181  108     1.00000000000000E-99   1.00000000000000E-99
182  108     1.00000000000000E-99   1.00000000000000E-99
183  108     1.00000000000000E-99   1.00000000000000E-99
184  108     1.00000000000000E-99   1.00000000000000E-99
185  108     1.00000000000000E-99   1.00000000000000E-99
186  108     1.00000000000000E-99   1.00000000000000E-99
187  108     1.00000000000000E-99   1.00000000000000E-99
188  108     1.00000000000000E-99   1.00000000000000E-99
189  108     1.00000000000000E-99   1.00000000000000E-99
190  108     1.00000000000000E-99   1.00000000000000E-99
191  108     1.00000000000000E-99   1.00000000000000E-99
192  108     1.00000000000000E-99   1.00000000000000E-99
193  108     1.00000000000000E-99   1.00000000000000E-99
194  108     1.00000000000000E-99   1.00000000000000E-99
195  108     1.00000000000000E-99   1.00000000000000E-99
196  108     1.00000000000000E-99   1.00000000000000E-99
197  108     1.00000000000000E-99   1.00000000000000E-99
198  108     1.00000000000000E-99   1.00000000000000E-99
199  108     1.00000000000000E-99   1.00000000000000E-99
200  108     1.00000000000000E-99   1.00000000000000E-99
201  108     1.00000000000000E-99   1.00000000000000E-99
202  108     1.00000000000000E-99   1.00000000000000E-99
203  108     1.00000000000000E-99   1.00000000000000E-99
204  108     1.00000000000000E-99   1.00000000000000E-99
205  108     1.00000000000000E-99   1.00000000000000E-99
206  108     1.00000000000000E-99   1.00000000000000E-99
207  108     1.00000000000000E-99   1.00000000000000E-99
208  108     1.00000000000000E-99   1.00000000000000E-99
209  108     1.00000000000000E-99   1.00000000000000E-99
210  108     1.00000000000000E-99   1.00000000000000E-99
211  108     1.00000000000000E-99   1.00000000000000E-99
212  108     1.00000000000000E-99   1.00000000000000E-99
213  108     1.00000000000000E-99   1.00000000000000E-99
214  108     1.00000000000000E-99   1.00000000000000E-99
215  108     1.00000000000000E-99   1.00000000000000E-99
216  108     1.00000000000000E-99   1.00000000000000E-99
217  108     1.00000000000000E-99   1.00000000000000E-99
218  108     1.00000000000000E-99   1.00000000000000E-99
219  108     1.00000000000000E-99   1.00000000000000E-99
221  108     1.00000000000000E-99   1.00000000000000E-99
222  108     1.00000000000000E-99   1.00000000000000E-99
223  108     1.00000000000000E-99   1.00000000000000E-99
224  108     1.00000000000000E-99   1.00000000000000E-99
226  108     1.00000000000000E-99   1.00000000000000E-99
227  108     1.00000000000000E-99   1.00000000000000E-99
228  108     1.00000000000000E-99   1.00000000000000E-99
229  108     1.00000000000000E-99   1.00000000000000E-99
166  109     1.00000000000000E-99   1.00000000000000E-99
167  109     1.00000000000000E-99   1.00000000000000E-99
168  109     1.00000000000000E-99   1.00000000000000E-99
169  109     1.00000000000000E-99   1.00000000000000E-99
170  109     1.00000000000000E-99   1.00000000000000E-99
171  109     1.00000000000000E-99   1.00000000000000E-99
172  109     1.00000000000000E-99   1.00000000000000E-99
173  109     1.00000000000000E-99   1.00000000000000E-99
174  109     1.00000000000000E-99   1.00000000000000E-99
175  109     1.00000000000000E-99   1.00000000000000E-99
176  109     1.00000000000000E-99   1.00000000000000E-99
177  109     1.00000000000000E-99   1.00000000000000E-99
178  109     1.00000000000000E-99   1.00000000000000E-99
179  109     1.00000000000000E-99   1.00000000000000E-99
180  109     1.00000000000000E-99   1.00000000000000E-99
181  109     1.00000000000000E-99   1.00000000000000E-99
182  109     1.00000000000000E-99   1.00000000000000E-99
183  109     1.00000000000000E-99   1.00000000000000E-99
184  109     1.00000000000000E-99   1.00000000000000E-99
185  109     1.00000000000000E-99   1.00000000000000E-99
186  109     1.00000000000000E-99   1.00000000000000E-99
187  109     1.00000000000000E-99   1.00000000000000E-99
188  109     1.00000000000000E-99   1.00000000000000E-99
189  109     1.00000000000000E-99   1.00000000000000E-99
190  109     1.00000000000000E-99   1.00000000000000E-99
191  109     1.00000000000000E-99   1.00000000000000E-99
192  109     1.00000000000000E-99   1.00000000000000E-99
193  109     1.00000000000000E-99   1.00000000000000E-99
194  109     1.00000000000000E-99   1.00000000000000E-99
195  109     1.00000000000000E-99   1.00000000000000E-99
196  109     1.00000000000000E-99   1.00000000000000E-99
197  109     1.00000000000000E-99   1.00000000000000E-99
198  109     1.00000000000000E-99   1.00000000000000E-99
199  109     1.00000000000000E-99   1.00000000000000E-99
200  109     1.00000000000000E-99   1.00000000000000E-99
201  109     1.00000000000000E-99   1.00000000000000E-99
202  109     1.00000000000000E-99   1.00000000000000E-99
203  109     1.00000000000000E-99   1.00000000000000E-99
204  109     1.00000000000000E-99   1.00000000000000E-99
205  109     1.00000000000000E-99   1.00000000000000E-99
206  109     1.00000000000000E-99   1.00000000000000E-99
207  109     1.00000000000000E-99   1.00000000000000E-99
208  109     1.00000000000000E-99   1.00000000000000E-99
209  109     1.00000000000000E-99   1.00000000000000E-99
210  109     1.00000000000000E-99   1.00000000000000E-99
211  109     1.00000000000000E-99   1.00000000000000E-99
212  109     1.00000000000000E-99   1.00000000000000E-99
213  109     1.00000000000000E-99   1.00000000000000E-99
214  109     1.00000000000000E-99   1.00000000000000E-99
215  109     1.00000000000000E-99   1.00000000000000E-99
216  109     1.00000000000000E-99   1.00000000000000E-99
217  109     1.00000000000000E-99   1.00000000000000E-99
218  109     1.00000000000000E-99   1.00000000000000E-99
220  109     1.00000000000000E-99   1.00000000000000E-99
221  109     1.00000000000000E-99   1.00000000000000E-99
222  109     1.00000000000000E-99   1.00000000000000E-99
223  109     1.00000000000000E-99   1.00000000000000E-99
224  109     1.00000000000000E-99   1.00000000000000E-99
225  109     1.00000000000000E-99   1.00000000000000E-99
226  109     1.00000000000000E-99   1.00000000000000E-99
227  109     1.00000000000000E-99   1.00000000000000E-99
228  109     1.00000000000000E-99   1.00000000000000E-99
169  110     1.00000000000000E-99   1.00000000000000E-99
170  110     1.00000000000000E-99   1.00000000000000E-99
171  110     1.00000000000000E-99   1.00000000000000E-99
172  110     1.00000000000000E-99   1.00000000000000E-99
173  110     1.00000000000000E-99   1.00000000000000E-99
174  110     1.00000000000000E-99   1.00000000000000E-99
175  110     1.00000000000000E-99   1.00000000000000E-99
176  110     1.00000000000000E-99   1.00000000000000E-99
177  110     1.00000000000000E-99   1.00000000000000E-99
178  110     1.00000000000000E-99   1.00000000000000E-99
179  110     1.00000000000000E-99   1.00000000000000E-99
180  110     1.00000000000000E-99   1.00000000000000E-99
181  110     1.00000000000000E-99   1.00000000000000E-99
182  110     1.00000000000000E-99   1.00000000000000E-99
183  110     1.00000000000000E-99   1.00000000000000E-99
184  110     1.00000000000000E-99   1.00000000000000E-99
185  110     1.00000000000000E-99   1.00000000000000E-99
186  110     1.00000000000000E-99   1.00000000000000E-99
187  110     1.00000000000000E-99   1.00000000000000E-99
188  110     1.00000000000000E-99   1.00000000000000E-99
189  110     1.00000000000000E-99   1.00000000000000E-99
190  110     1.00000000000000E-99   1.00000000000000E-99
191  110     1.00000000000000E-99   1.00000000000000E-99
192  110     1.00000000000000E-99   1.00000000000000E-99
193  110     1.00000000000000E-99   1.00000000000000E-99
194  110     1.00000000000000E-99   1.00000000000000E-99
195  110     1.00000000000000E-99   1.00000000000000E-99
196  110     1.00000000000000E-99   1.00000000000000E-99
197  110     1.00000000000000E-99   1.00000000000000E-99
198  110     1.00000000000000E-99   1.00000000000000E-99
199  110     1.00000000000000E-99   1.00000000000000E-99
200  110     1.00000000000000E-99   1.00000000000000E-99
201  110     1.00000000000000E-99   1.00000000000000E-99
202  110     1.00000000000000E-99   1.00000000000000E-99
203  110     1.00000000000000E-99   1.00000000000000E-99
204  110     1.00000000000000E-99   1.00000000000000E-99
205  110     1.00000000000000E-99   1.00000000000000E-99
206  110     1.00000000000000E-99   1.00000000000000E-99
207  110     1.00000000000000E-99   1.00000000000000E-99
208  110     1.00000000000000E-99   1.00000000000000E-99
209  110     1.00000000000000E-99   1.00000000000000E-99
210  110     1.00000000000000E-99   1.00000000000000E-99
211  110     1.00000000000000E-99   1.00000000000000E-99
212  110     1.00000000000000E-99   1.00000000000000E-99
213  110     1.00000000000000E-99   1.00000000000000E-99
214  110     1.00000000000000E-99   1.00000000000000E-99
215  110     1.00000000000000E-99   1.00000000000000E-99
216  110     1.00000000000000E-99   1.00000000000000E-99
217  110     1.00000000000000E-99   1.00000000000000E-99
218  110     1.00000000000000E-99   1.00000000000000E-99
219  110     1.00000000000000E-99   1.00000000000000E-99
220  110     1.00000000000000E-99   1.00000000000000E-99
221  110     1.00000000000000E-99   1.00000000000000E-99
222  110     1.00000000000000E-99   1.00000000000000E-99
223  110     1.00000000000000E-99   1.00000000000000E-99
224  110     1.00000000000000E-99   1.00000000000000E-99
225  110     1.00000000000000E-99   1.00000000000000E-99
226  110     1.00000000000000E-99   1.00000000000000E-99
227  110     1.00000000000000E-99   1.00000000000000E-99
172  111     1.00000000000000E-99   1.00000000000000E-99
173  111     1.00000000000000E-99   1.00000000000000E-99
174  111     1.00000000000000E-99   1.00000000000000E-99
175  111     1.00000000000000E-99   1.00000000000000E-99
176  111     1.00000000000000E-99   1.00000000000000E-99
177  111     1.00000000000000E-99   1.00000000000000E-99
178  111     1.00000000000000E-99   1.00000000000000E-99
179  111     1.00000000000000E-99   1.00000000000000E-99
180  111     1.00000000000000E-99   1.00000000000000E-99
181  111     1.00000000000000E-99   1.00000000000000E-99
182  111     1.00000000000000E-99   1.00000000000000E-99
183  111     1.00000000000000E-99   1.00000000000000E-99
184  111     1.00000000000000E-99   1.00000000000000E-99
185  111     1.00000000000000E-99   1.00000000000000E-99
186  111     1.00000000000000E-99   1.00000000000000E-99
187  111     1.00000000000000E-99   1.00000000000000E-99
188  111     1.00000000000000E-99   1.00000000000000E-99
189  111     1.00000000000000E-99   1.00000000000000E-99
190  111     1.00000000000000E-99   1.00000000000000E-99
191  111     1.00000000000000E-99   1.00000000000000E-99
192  111     1.00000000000000E-99   1.00000000000000E-99
193  111     1.00000000000000E-99   1.00000000000000E-99
194  111     1.00000000000000E-99   1.00000000000000E-99
195  111     1.00000000000000E-99   1.00000000000000E-99
196  111     1.00000000000000E-99   1.00000000000000E-99
197  111     1.00000000000000E-99   1.00000000000000E-99
198  111     1.00000000000000E-99   1.00000000000000E-99
199  111     1.00000000000000E-99   1.00000000000000E-99
200  111     1.00000000000000E-99   1.00000000000000E-99
201  111     1.00000000000000E-99   1.00000000000000E-99
202  111     1.00000000000000E-99   1.00000000000000E-99
203  111     1.00000000000000E-99   1.00000000000000E-99
204  111     1.00000000000000E-99   1.00000000000000E-99
205  111     1.00000000000000E-99   1.00000000000000E-99
206  111     1.00000000000000E-99   1.00000000000000E-99
207  111     1.00000000000000E-99   1.00000000000000E-99
208  111     1.00000000000000E-99   1.00000000000000E-99
209  111     1.00000000000000E-99   1.00000000000000E-99
210  111     1.00000000000000E-99   1.00000000000000E-99
211  111     1.00000000000000E-99   1.00000000000000E-99
212  111     1.00000000000000E-99   1.00000000000000E-99
213  111     1.00000000000000E-99   1.00000000000000E-99
214  111     1.00000000000000E-99   1.00000000000000E-99
215  111     1.00000000000000E-99   1.00000000000000E-99
216  111     1.00000000000000E-99   1.00000000000000E-99
217  111     1.00000000000000E-99   1.00000000000000E-99
218  111     1.00000000000000E-99   1.00000000000000E-99
219  111     1.00000000000000E-99   1.00000000000000E-99
220  111     1.00000000000000E-99   1.00000000000000E-99
221  111     1.00000000000000E-99   1.00000000000000E-99
222  111     1.00000000000000E-99   1.00000000000000E-99
223  111     1.00000000000000E-99   1.00000000000000E-99
224  111     1.00000000000000E-99   1.00000000000000E-99
225  111     1.00000000000000E-99   1.00000000000000E-99
226  111     1.00000000000000E-99   1.00000000000000E-99
