    time    temp    dens
   2.03957934019943E-02   3.16926618081410E-01   4.65685948783664E+07
     nin     zin       y       x
  1    0     8.60297239308013E-01   8.60297239308013E-01
  0    1     7.58283988265119E-16   7.58283988265119E-16
  1    1     5.62851960119893E-14   1.12570392023979E-13
  2    1     2.90444865513688E-09   8.71334596541065E-09
  1    2     1.00000000000000E-99   1.00000000000000E-99
  2    2     4.97532747457501E-07   1.99013098983000E-06
  4    2     2.69937328255821E-07   1.61962396953493E-06
  3    3     3.30094392449050E-23   1.98056635469430E-22
  4    3     3.03520435228313E-18   2.12464304659819E-17
  5    3     5.98111491589947E-18   4.78489193271958E-17
  6    3     4.01625752922106E-09   3.61463177629895E-08
  3    4     1.00000000000000E-99   1.00000000000000E-99
  5    4     3.62910087581033E-15   3.26619078822930E-14
  6    4     1.27908852673755E-14   1.27908852673755E-13
  7    4     1.53806920060531E-14   1.69187612066584E-13
  8    4     3.34255669354663E-06   4.01106803225596E-05
  3    5     1.00000000000000E-99   1.00000000000000E-99
  5    5     1.00000000000000E-99   1.00000000000000E-99
  6    5     4.06276005255671E-18   4.46903605781238E-17
  7    5     1.23099827846802E-15   1.47719793416162E-14
  8    5     1.70545317513901E-13   2.21708912768072E-12
  9    5     8.34666970138063E-07   1.16853375819329E-05
  3    6     1.00000000000000E-99   1.00000000000000E-99
  4    6     1.00000000000000E-99   1.00000000000000E-99
  5    6     1.00000000000000E-99   1.00000000000000E-99
  6    6     2.55078492995183E-24   3.06094191594219E-23
  7    6     6.08394733607196E-23   7.90913153689354E-22
  8    6     9.86784075545773E-16   1.38149770576408E-14
  9    6     6.91231704649420E-15   1.03684755697413E-13
 10    6     9.97305766344187E-15   1.59568922615070E-13
 11    6     3.43513604419809E-07   5.83973127513675E-06
 12    6     1.00000000000000E-99   1.00000000000000E-99
  4    7     1.00000000000000E-99   1.00000000000000E-99
  5    7     1.00000000000000E-99   1.00000000000000E-99
  6    7     1.00000000000000E-99   1.00000000000000E-99
  7    7     1.00000000000000E-99   1.00000000000000E-99
  8    7     3.66114462203530E-25   5.49171693305294E-24
  9    7     2.79235670164588E-17   4.46777072263341E-16
 10    7     3.33882237951781E-16   5.67599804518028E-15
 11    7     3.00803823248598E-16   5.41446881847476E-15
 12    7     6.30903794155588E-17   1.19871720889562E-15
 13    7     6.47900688895959E-09   1.29580137779192E-07
 14    7     1.00000000000000E-99   1.00000000000000E-99
  5    8     1.00000000000000E-99   1.00000000000000E-99
  6    8     1.00000000000000E-99   1.00000000000000E-99
  7    8     1.00000000000000E-99   1.00000000000000E-99
  8    8     1.00000000000000E-99   1.00000000000000E-99
  9    8     1.00000000000000E-99   1.00000000000000E-99
 10    8     1.00000000000000E-99   1.00000000000000E-99
 11    8     1.13392277998363E-20   2.15445328196890E-19
 12    8     2.13160053959877E-18   4.26320107919755E-17
 13    8     1.49457489738801E-16   3.13860728451482E-15
 14    8     1.38033763327686E-10   3.03674279320909E-09
  5    9     1.00000000000000E-99   1.00000000000000E-99
  6    9     1.00000000000000E-99   1.00000000000000E-99
  7    9     1.00000000000000E-99   1.00000000000000E-99
  8    9     1.00000000000000E-99   1.00000000000000E-99
  9    9     1.00000000000000E-99   1.00000000000000E-99
 10    9     1.00000000000000E-99   1.00000000000000E-99
 11    9     1.00000000000000E-99   1.00000000000000E-99
 12    9     1.00000000000000E-99   1.00000000000000E-99
 13    9     1.70868274186793E-20   3.75910203210944E-19
 14    9     9.51417629765365E-22   2.18826054846034E-20
 15    9     2.79082657469323E-21   6.69798377926376E-20
 16    9     3.10083551925795E-21   7.75208879814488E-20
 17    9     1.20289942754949E-13   3.12753851162868E-12
  7   10     1.00000000000000E-99   1.00000000000000E-99
  8   10     1.00000000000000E-99   1.00000000000000E-99
  9   10     1.00000000000000E-99   1.00000000000000E-99
 10   10     1.00000000000000E-99   1.00000000000000E-99
 11   10     1.00000000000000E-99   1.00000000000000E-99
 12   10     1.00000000000000E-99   1.00000000000000E-99
 13   10     1.00000000000000E-99   1.00000000000000E-99
 14   10     1.00000000000000E-99   1.00000000000000E-99
 15   10     9.53717221788248E-23   2.38429305447062E-21
 16   10     1.16517885648474E-21   3.02946502686031E-20
 17   10     5.81367085937458E-23   1.56969113203114E-21
 18   10     4.65250400773823E-22   1.30270112216670E-20
 19   10     2.85388550481019E-23   8.27626796394956E-22
 20   10     2.50613270507976E-22   7.51839811523929E-21
 21   10     7.51388632788297E-23   2.32930476164372E-21
 22   10     1.67206067792102E-14   5.35059416934727E-13
 23   10     1.00000000000000E-99   1.00000000000000E-99
 24   10     1.01824960338679E-21   3.46204865151509E-20
 25   10     1.00000000000000E-99   1.00000000000000E-99
 26   10     1.00000000000000E-99   1.00000000000000E-99
 27   10     1.00000000000000E-99   1.00000000000000E-99
 28   10     1.00000000000000E-99   1.00000000000000E-99
 29   10     1.00000000000000E-99   1.00000000000000E-99
 30   10     1.00000000000000E-99   1.00000000000000E-99
 31   10     1.00000000000000E-99   1.00000000000000E-99
  8   11     1.00000000000000E-99   1.00000000000000E-99
  9   11     1.00000000000000E-99   1.00000000000000E-99
 10   11     1.00000000000000E-99   1.00000000000000E-99
 11   11     1.00000000000000E-99   1.00000000000000E-99
 12   11     1.00000000000000E-99   1.00000000000000E-99
 13   11     1.00000000000000E-99   1.00000000000000E-99
 14   11     1.00000000000000E-99   1.00000000000000E-99
 15   11     1.00000000000000E-99   1.00000000000000E-99
 16   11     1.00000000000000E-99   1.00000000000000E-99
 17   11     1.00000000000000E-99   1.00000000000000E-99
 18   11     1.00000000000000E-99   1.00000000000000E-99
 19   11     1.00000000000000E-99   1.00000000000000E-99
 20   11     2.00863158406784E-23   6.22675791061032E-22
 21   11     1.76565942391976E-22   5.65011015654322E-21
 22   11     4.97751377837778E-22   1.64257954686467E-20
 23   11     2.09503951960113E-23   7.12313436664383E-22
 24   11     4.12784291997791E-15   1.44474502199227E-13
 25   11     1.00000000000000E-99   1.00000000000000E-99
 26   11     1.05868596157407E-25   3.91713805782406E-24
 27   11     1.00000000000000E-99   1.00000000000000E-99
 28   11     1.00000000000000E-99   1.00000000000000E-99
 29   11     1.00000000000000E-99   1.00000000000000E-99
 30   11     1.00000000000000E-99   1.00000000000000E-99
 31   11     1.00000000000000E-99   1.00000000000000E-99
 32   11     1.00000000000000E-99   1.00000000000000E-99
 33   11     1.00000000000000E-99   1.00000000000000E-99
  8   12     1.00000000000000E-99   1.00000000000000E-99
  9   12     1.00000000000000E-99   1.00000000000000E-99
 10   12     1.00000000000000E-99   1.00000000000000E-99
 11   12     1.00000000000000E-99   1.00000000000000E-99
 12   12     1.00000000000000E-99   1.00000000000000E-99
 13   12     1.00000000000000E-99   1.00000000000000E-99
 14   12     1.00000000000000E-99   1.00000000000000E-99
 15   12     1.00000000000000E-99   1.00000000000000E-99
 16   12     1.00000000000000E-99   1.00000000000000E-99
 17   12     1.00000000000000E-99   1.00000000000000E-99
 18   12     1.00000000000000E-99   1.00000000000000E-99
 19   12     1.00000000000000E-99   1.00000000000000E-99
 20   12     1.00000000000000E-99   1.00000000000000E-99
 21   12     3.87568706497702E-25   1.27897673144242E-23
 22   12     3.49438513726361E-15   1.18809094666963E-13
 23   12     2.42699415289771E-24   8.49447953514199E-23
 24   12     7.45102045144573E-16   2.68236736252046E-14
 25   12     5.37604931506672E-25   1.98913824657469E-23
 26   12     9.10900369102532E-18   3.46142140258962E-16
 27   12     1.00000000000000E-99   1.00000000000000E-99
 28   12     5.41754719286526E-20   2.16701887714611E-18
 29   12     1.00000000000000E-99   1.00000000000000E-99
 30   12     1.00000000000000E-99   1.00000000000000E-99
 31   12     1.00000000000000E-99   1.00000000000000E-99
 32   12     3.58486551070066E-20   1.57734082470829E-18
 33   12     1.00000000000000E-99   1.00000000000000E-99
 34   12     1.00000000000000E-99   1.00000000000000E-99
 35   12     1.00000000000000E-99   1.00000000000000E-99
  8   13     1.00000000000000E-99   1.00000000000000E-99
  9   13     1.00000000000000E-99   1.00000000000000E-99
 10   13     1.00000000000000E-99   1.00000000000000E-99
 11   13     1.00000000000000E-99   1.00000000000000E-99
 12   13     1.00000000000000E-99   1.00000000000000E-99
 13   13     1.00000000000000E-99   1.00000000000000E-99
 14   13     1.00000000000000E-99   1.00000000000000E-99
 15   13     1.00000000000000E-99   1.00000000000000E-99
 16   13     1.00000000000000E-99   1.00000000000000E-99
 17   13     1.00000000000000E-99   1.00000000000000E-99
 18   13     1.00000000000000E-99   1.00000000000000E-99
 19   13     1.00000000000000E-99   1.00000000000000E-99
 20   13     1.00000000000000E-99   1.00000000000000E-99
 21   13     1.00000000000000E-99   1.00000000000000E-99
 22   13     1.58423778303122E-24   5.54483224060929E-23
 23   13     1.78530855478997E-25   6.42711079724389E-24
 24   13     3.93850494490557E-23   1.45724682961506E-21
 25   13     2.21382497637474E-25   8.41253491022401E-24
 26   13     7.08350913614275E-19   2.76256856309567E-17
 27   13     2.00751621629453E-25   8.03006486517813E-24
 28   13     4.49388280657991E-16   1.84249195069776E-14
 29   13     6.24080547792678E-21   2.62113830072925E-19
 30   13     1.00000000000000E-99   1.00000000000000E-99
 31   13     1.00000000000000E-99   1.00000000000000E-99
 32   13     2.34839080790509E-19   1.05677586355729E-17
 33   13     1.00000000000000E-99   1.00000000000000E-99
 34   13     1.00000000000000E-99   1.00000000000000E-99
 35   13     1.00000000000000E-99   1.00000000000000E-99
 36   13     1.00000000000000E-99   1.00000000000000E-99
 37   13     1.00000000000000E-99   1.00000000000000E-99
 38   13     1.00000000000000E-99   1.00000000000000E-99
  8   14     1.00000000000000E-99   1.00000000000000E-99
  9   14     1.00000000000000E-99   1.00000000000000E-99
 10   14     1.00000000000000E-99   1.00000000000000E-99
 11   14     1.00000000000000E-99   1.00000000000000E-99
 12   14     1.00000000000000E-99   1.00000000000000E-99
 13   14     1.00000000000000E-99   1.00000000000000E-99
 14   14     1.00000000000000E-99   1.00000000000000E-99
 15   14     1.00000000000000E-99   1.00000000000000E-99
 16   14     1.00000000000000E-99   1.00000000000000E-99
 17   14     1.00000000000000E-99   1.00000000000000E-99
 18   14     1.00000000000000E-99   1.00000000000000E-99
 19   14     1.00000000000000E-99   1.00000000000000E-99
 20   14     1.00000000000000E-99   1.00000000000000E-99
 21   14     1.00000000000000E-99   1.00000000000000E-99
 22   14     1.00000000000000E-99   1.00000000000000E-99
 23   14     1.00000000000000E-99   1.00000000000000E-99
 24   14     1.00000000000000E-99   1.00000000000000E-99
 25   14     1.00000000000000E-99   1.00000000000000E-99
 26   14     1.97055436191708E-25   7.88221744766831E-24
 27   14     1.00000000000000E-99   1.00000000000000E-99
 28   14     1.17676362377092E-16   4.94240721983786E-15
 29   14     1.00000000000000E-99   1.00000000000000E-99
 30   14     2.81214254255834E-18   1.23734271872567E-16
 31   14     1.00000000000000E-99   1.00000000000000E-99
 32   14     1.22011695810424E-15   5.61253800727952E-14
 33   14     1.00000000000000E-99   1.00000000000000E-99
 34   14     3.31093543928691E-24   1.58924901085772E-22
 35   14     1.00000000000000E-99   1.00000000000000E-99
 36   14     1.00000000000000E-99   1.00000000000000E-99
 37   14     1.00000000000000E-99   1.00000000000000E-99
 38   14     1.29159550056767E-25   6.71629660295189E-24
 39   14     4.54293062407660E-25   2.40775323076060E-23
 40   14     1.00000000000000E-99   1.00000000000000E-99
  8   15     1.00000000000000E-99   1.00000000000000E-99
  9   15     1.00000000000000E-99   1.00000000000000E-99
 10   15     1.00000000000000E-99   1.00000000000000E-99
 11   15     1.00000000000000E-99   1.00000000000000E-99
 12   15     1.00000000000000E-99   1.00000000000000E-99
 13   15     1.00000000000000E-99   1.00000000000000E-99
 14   15     1.00000000000000E-99   1.00000000000000E-99
 15   15     1.00000000000000E-99   1.00000000000000E-99
 16   15     1.00000000000000E-99   1.00000000000000E-99
 17   15     1.00000000000000E-99   1.00000000000000E-99
 18   15     1.00000000000000E-99   1.00000000000000E-99
 19   15     1.00000000000000E-99   1.00000000000000E-99
 20   15     1.00000000000000E-99   1.00000000000000E-99
 21   15     1.00000000000000E-99   1.00000000000000E-99
 22   15     1.00000000000000E-99   1.00000000000000E-99
 23   15     1.00000000000000E-99   1.00000000000000E-99
 24   15     1.00000000000000E-99   1.00000000000000E-99
 25   15     1.00000000000000E-99   1.00000000000000E-99
 26   15     1.00000000000000E-99   1.00000000000000E-99
 27   15     1.00000000000000E-99   1.00000000000000E-99
 28   15     1.42023456066355E-17   6.10700861085326E-16
 29   15     1.00000000000000E-99   1.00000000000000E-99
 30   15     1.06203747930436E-22   4.77916865686964E-21
 31   15     1.00000000000000E-99   1.00000000000000E-99
 32   15     8.77560889877842E-16   4.12453618242586E-14
 33   15     1.00000000000000E-99   1.00000000000000E-99
 34   15     1.67755793326242E-21   8.22003387298587E-20
 35   15     1.14634974955831E-23   5.73174874779157E-22
 36   15     2.59076908098939E-23   1.32129223130459E-21
 37   15     1.00000000000000E-99   1.00000000000000E-99
 38   15     1.54105770671842E-25   8.16760584560761E-24
 39   15     1.00000000000000E-99   1.00000000000000E-99
 40   15     7.54898679859064E-25   4.15194273922485E-23
 41   15     1.00000000000000E-99   1.00000000000000E-99
 42   15     1.00000000000000E-99   1.00000000000000E-99
  8   16     1.00000000000000E-99   1.00000000000000E-99
  9   16     1.00000000000000E-99   1.00000000000000E-99
 10   16     1.00000000000000E-99   1.00000000000000E-99
 11   16     1.00000000000000E-99   1.00000000000000E-99
 12   16     1.00000000000000E-99   1.00000000000000E-99
 13   16     1.00000000000000E-99   1.00000000000000E-99
 14   16     1.00000000000000E-99   1.00000000000000E-99
 15   16     1.00000000000000E-99   1.00000000000000E-99
 16   16     1.00000000000000E-99   1.00000000000000E-99
 17   16     1.00000000000000E-99   1.00000000000000E-99
 18   16     1.00000000000000E-99   1.00000000000000E-99
 19   16     1.00000000000000E-99   1.00000000000000E-99
 20   16     1.00000000000000E-99   1.00000000000000E-99
 21   16     1.00000000000000E-99   1.00000000000000E-99
 22   16     1.00000000000000E-99   1.00000000000000E-99
 23   16     1.00000000000000E-99   1.00000000000000E-99
 24   16     1.00000000000000E-99   1.00000000000000E-99
 25   16     1.00000000000000E-99   1.00000000000000E-99
 26   16     1.00000000000000E-99   1.00000000000000E-99
 27   16     1.00000000000000E-99   1.00000000000000E-99
 28   16     1.00000000000000E-99   1.00000000000000E-99
 29   16     1.40334287609624E-25   6.31504294243310E-24
 30   16     2.19215033180771E-23   1.00838915263154E-21
 31   16     2.91348260513510E-25   1.36933682441350E-23
 32   16     2.82087337794057E-18   1.35401922141147E-16
 33   16     2.05605647999480E-24   1.00746767519745E-22
 34   16     3.70685308282108E-16   1.85342654141054E-14
 35   16     1.00000000000000E-99   1.00000000000000E-99
 36   16     6.69225900707002E-19   3.47997468367641E-17
 37   16     1.00000000000000E-99   1.00000000000000E-99
 38   16     1.35160948478967E-18   7.29869121786419E-17
 39   16     2.90415207334029E-23   1.59728364033716E-21
 40   16     8.12277608928601E-20   4.54875461000017E-18
 41   16     1.00000000000000E-99   1.00000000000000E-99
 42   16     1.00000000000000E-99   1.00000000000000E-99
 43   16     1.00000000000000E-99   1.00000000000000E-99
 44   16     1.00000000000000E-99   1.00000000000000E-99
  9   17     1.00000000000000E-99   1.00000000000000E-99
 10   17     1.00000000000000E-99   1.00000000000000E-99
 11   17     1.00000000000000E-99   1.00000000000000E-99
 12   17     1.00000000000000E-99   1.00000000000000E-99
 13   17     1.00000000000000E-99   1.00000000000000E-99
 14   17     1.00000000000000E-99   1.00000000000000E-99
 15   17     1.00000000000000E-99   1.00000000000000E-99
 16   17     1.00000000000000E-99   1.00000000000000E-99
 17   17     1.00000000000000E-99   1.00000000000000E-99
 18   17     1.00000000000000E-99   1.00000000000000E-99
 19   17     1.00000000000000E-99   1.00000000000000E-99
 20   17     1.00000000000000E-99   1.00000000000000E-99
 21   17     1.00000000000000E-99   1.00000000000000E-99
 22   17     1.00000000000000E-99   1.00000000000000E-99
 23   17     1.00000000000000E-99   1.00000000000000E-99
 24   17     1.00000000000000E-99   1.00000000000000E-99
 25   17     1.00000000000000E-99   1.00000000000000E-99
 26   17     1.00000000000000E-99   1.00000000000000E-99
 27   17     1.00000000000000E-99   1.00000000000000E-99
 28   17     1.00000000000000E-99   1.00000000000000E-99
 29   17     1.00000000000000E-99   1.00000000000000E-99
 30   17     1.00000000000000E-99   1.00000000000000E-99
 31   17     1.00000000000000E-99   1.00000000000000E-99
 32   17     3.93153002842749E-24   1.92644971392947E-22
 33   17     1.45434901683457E-25   7.27174508417287E-24
 34   17     9.15912261870742E-17   4.67115253554079E-15
 35   17     1.06487564477297E-23   5.53735335281946E-22
 36   17     4.66549604234749E-16   2.47271290244417E-14
 37   17     1.00000000000000E-99   1.00000000000000E-99
 38   17     1.16074151653719E-19   6.38407834095455E-18
 39   17     1.00000000000000E-99   1.00000000000000E-99
 40   17     1.00000000000000E-99   1.00000000000000E-99
 41   17     1.00000000000000E-99   1.00000000000000E-99
 42   17     5.96370263456249E-21   3.51858455439187E-19
 43   17     1.00000000000000E-99   1.00000000000000E-99
 44   17     1.56212707707596E-20   9.52897517016334E-19
 45   17     7.10067835324077E-24   4.40242057900928E-22
 46   17     1.00000000000000E-99   1.00000000000000E-99
  9   18     1.00000000000000E-99   1.00000000000000E-99
 10   18     1.00000000000000E-99   1.00000000000000E-99
 11   18     1.00000000000000E-99   1.00000000000000E-99
 12   18     1.00000000000000E-99   1.00000000000000E-99
 13   18     1.00000000000000E-99   1.00000000000000E-99
 14   18     1.00000000000000E-99   1.00000000000000E-99
 15   18     1.00000000000000E-99   1.00000000000000E-99
 16   18     1.00000000000000E-99   1.00000000000000E-99
 17   18     1.00000000000000E-99   1.00000000000000E-99
 18   18     1.00000000000000E-99   1.00000000000000E-99
 19   18     1.00000000000000E-99   1.00000000000000E-99
 20   18     1.00000000000000E-99   1.00000000000000E-99
 21   18     1.00000000000000E-99   1.00000000000000E-99
 22   18     1.00000000000000E-99   1.00000000000000E-99
 23   18     1.00000000000000E-99   1.00000000000000E-99
 24   18     1.00000000000000E-99   1.00000000000000E-99
 25   18     1.00000000000000E-99   1.00000000000000E-99
 26   18     1.00000000000000E-99   1.00000000000000E-99
 27   18     1.00000000000000E-99   1.00000000000000E-99
 28   18     1.00000000000000E-99   1.00000000000000E-99
 29   18     1.00000000000000E-99   1.00000000000000E-99
 30   18     1.00000000000000E-99   1.00000000000000E-99
 31   18     1.00000000000000E-99   1.00000000000000E-99
 32   18     5.30344423140884E-25   2.65172211570442E-23
 33   18     1.00000000000000E-99   1.00000000000000E-99
 34   18     9.19396865202182E-22   4.78086369905135E-20
 35   18     1.81101631848129E-24   9.59838648795083E-23
 36   18     2.14583341754462E-22   1.15875004547410E-20
 37   18     2.87008755895122E-24   1.57854815742317E-22
 38   18     1.58678429201203E-15   8.88599203526737E-14
 39   18     1.00000000000000E-99   1.00000000000000E-99
 40   18     1.13509799836434E-17   6.58356839051317E-16
 41   18     1.00000000000000E-99   1.00000000000000E-99
 42   18     1.23997289497159E-17   7.43983736982955E-16
 43   18     1.00000000000000E-99   1.00000000000000E-99
 44   18     1.24477872343320E-15   7.71762808528586E-14
 45   18     1.00000000000000E-99   1.00000000000000E-99
 46   18     1.00000000000000E-99   1.00000000000000E-99
 47   18     1.43230467229300E-18   9.30998036990451E-17
 48   18     2.76045612820874E-23   1.82190104461777E-21
 49   18     1.63491786329422E-24   1.09539496840713E-22
 10   19     1.00000000000000E-99   1.00000000000000E-99
 11   19     1.00000000000000E-99   1.00000000000000E-99
 12   19     1.00000000000000E-99   1.00000000000000E-99
 13   19     1.00000000000000E-99   1.00000000000000E-99
 14   19     1.00000000000000E-99   1.00000000000000E-99
 15   19     1.00000000000000E-99   1.00000000000000E-99
 16   19     1.00000000000000E-99   1.00000000000000E-99
 17   19     1.00000000000000E-99   1.00000000000000E-99
 18   19     1.00000000000000E-99   1.00000000000000E-99
 19   19     1.00000000000000E-99   1.00000000000000E-99
 20   19     1.00000000000000E-99   1.00000000000000E-99
 21   19     1.00000000000000E-99   1.00000000000000E-99
 22   19     1.00000000000000E-99   1.00000000000000E-99
 23   19     1.00000000000000E-99   1.00000000000000E-99
 24   19     1.00000000000000E-99   1.00000000000000E-99
 25   19     1.00000000000000E-99   1.00000000000000E-99
 26   19     1.00000000000000E-99   1.00000000000000E-99
 27   19     1.00000000000000E-99   1.00000000000000E-99
 28   19     1.00000000000000E-99   1.00000000000000E-99
 29   19     1.00000000000000E-99   1.00000000000000E-99
 30   19     1.00000000000000E-99   1.00000000000000E-99
 31   19     1.00000000000000E-99   1.00000000000000E-99
 32   19     1.00000000000000E-99   1.00000000000000E-99
 33   19     1.00000000000000E-99   1.00000000000000E-99
 34   19     1.00000000000000E-99   1.00000000000000E-99
 35   19     1.00000000000000E-99   1.00000000000000E-99
 36   19     2.29375026098195E-24   1.26156264354007E-22
 37   19     1.63811869850258E-25   9.17346471161443E-24
 38   19     2.20968398634489E-22   1.25951987221658E-20
 39   19     6.03282674966826E-25   3.49903951480759E-23
 40   19     1.13896386042722E-19   6.71988677652059E-18
 41   19     4.55969265380786E-25   2.73581559228472E-23
 42   19     6.82703243060778E-17   4.16448978267075E-15
 43   19     2.02579417700360E-23   1.25599238974223E-21
 44   19     7.41114000295257E-15   4.66901820186012E-13
 45   19     1.00000000000000E-99   1.00000000000000E-99
 46   19     1.12912351687567E-18   7.33930285969186E-17
 47   19     1.00000000000000E-99   1.00000000000000E-99
 48   19     2.75836863132990E-25   1.84810698299103E-23
 49   19     2.18403047731007E-22   1.48514072457085E-20
 50   19     5.16630684544125E-23   3.56475172335446E-21
 51   19     1.00000000000000E-99   1.00000000000000E-99
 10   20     1.00000000000000E-99   1.00000000000000E-99
 11   20     1.00000000000000E-99   1.00000000000000E-99
 12   20     1.00000000000000E-99   1.00000000000000E-99
 13   20     1.00000000000000E-99   1.00000000000000E-99
 14   20     1.00000000000000E-99   1.00000000000000E-99
 15   20     1.00000000000000E-99   1.00000000000000E-99
 16   20     1.00000000000000E-99   1.00000000000000E-99
 17   20     1.00000000000000E-99   1.00000000000000E-99
 18   20     1.00000000000000E-99   1.00000000000000E-99
 19   20     1.00000000000000E-99   1.00000000000000E-99
 20   20     1.00000000000000E-99   1.00000000000000E-99
 21   20     1.00000000000000E-99   1.00000000000000E-99
 22   20     1.00000000000000E-99   1.00000000000000E-99
 23   20     1.00000000000000E-99   1.00000000000000E-99
 24   20     1.00000000000000E-99   1.00000000000000E-99
 25   20     1.00000000000000E-99   1.00000000000000E-99
 26   20     1.00000000000000E-99   1.00000000000000E-99
 27   20     1.00000000000000E-99   1.00000000000000E-99
 28   20     1.00000000000000E-99   1.00000000000000E-99
 29   20     1.00000000000000E-99   1.00000000000000E-99
 30   20     1.00000000000000E-99   1.00000000000000E-99
 31   20     1.00000000000000E-99   1.00000000000000E-99
 32   20     1.00000000000000E-99   1.00000000000000E-99
 33   20     1.00000000000000E-99   1.00000000000000E-99
 34   20     1.00000000000000E-99   1.00000000000000E-99
 35   20     1.00000000000000E-99   1.00000000000000E-99
 36   20     1.00000000000000E-99   1.00000000000000E-99
 37   20     1.00000000000000E-99   1.00000000000000E-99
 38   20     1.00000000000000E-99   1.00000000000000E-99
 39   20     1.00000000000000E-99   1.00000000000000E-99
 40   20     3.34462925991572E-23   2.00677755594943E-21
 41   20     3.19356121204064E-21   1.94807233934479E-19
 42   20     1.05155098509643E-13   6.51961610759787E-12
 43   20     1.00000000000000E-99   1.00000000000000E-99
 44   20     9.46769862003711E-17   6.05932711682375E-15
 45   20     1.00000000000000E-99   1.00000000000000E-99
 46   20     6.61931147787557E-19   4.36874557539787E-17
 47   20     1.00000000000000E-99   1.00000000000000E-99
 48   20     9.67145573838988E-21   6.57658990210512E-19
 49   20     1.00000000000000E-99   1.00000000000000E-99
 50   20     1.55500455882967E-22   1.08850319118077E-20
 51   20     1.00000000000000E-99   1.00000000000000E-99
 52   20     1.00000000000000E-99   1.00000000000000E-99
 53   20     1.00000000000000E-99   1.00000000000000E-99
 11   21     1.00000000000000E-99   1.00000000000000E-99
 12   21     1.00000000000000E-99   1.00000000000000E-99
 13   21     1.00000000000000E-99   1.00000000000000E-99
 14   21     1.00000000000000E-99   1.00000000000000E-99
 15   21     1.00000000000000E-99   1.00000000000000E-99
 16   21     1.00000000000000E-99   1.00000000000000E-99
 17   21     1.00000000000000E-99   1.00000000000000E-99
 18   21     1.00000000000000E-99   1.00000000000000E-99
 19   21     1.00000000000000E-99   1.00000000000000E-99
 20   21     1.00000000000000E-99   1.00000000000000E-99
 21   21     1.00000000000000E-99   1.00000000000000E-99
 22   21     1.00000000000000E-99   1.00000000000000E-99
 23   21     1.00000000000000E-99   1.00000000000000E-99
 24   21     1.00000000000000E-99   1.00000000000000E-99
 25   21     1.00000000000000E-99   1.00000000000000E-99
 26   21     1.00000000000000E-99   1.00000000000000E-99
 27   21     1.00000000000000E-99   1.00000000000000E-99
 28   21     1.00000000000000E-99   1.00000000000000E-99
 29   21     1.00000000000000E-99   1.00000000000000E-99
 30   21     1.00000000000000E-99   1.00000000000000E-99
 31   21     1.00000000000000E-99   1.00000000000000E-99
 32   21     1.00000000000000E-99   1.00000000000000E-99
 33   21     1.00000000000000E-99   1.00000000000000E-99
 34   21     1.00000000000000E-99   1.00000000000000E-99
 35   21     1.00000000000000E-99   1.00000000000000E-99
 36   21     1.00000000000000E-99   1.00000000000000E-99
 37   21     1.00000000000000E-99   1.00000000000000E-99
 38   21     1.00000000000000E-99   1.00000000000000E-99
 39   21     5.07026700692638E-25   3.04216020415583E-23
 40   21     5.66365146546463E-20   3.45482739393342E-18
 41   21     1.25669483810691E-23   7.79150799626283E-22
 42   21     1.64561465631386E-21   1.03673723347773E-19
 43   21     5.70816160960027E-23   3.65322343014417E-21
 44   21     6.04813839683433E-20   3.93128995794231E-18
 45   21     1.44172722988598E-22   9.51539971724745E-21
 46   21     1.14017070597595E-16   7.63914373003885E-15
 47   21     7.44703831402423E-22   5.06398605353647E-20
 48   21     4.25600290339507E-14   2.93664200334260E-12
 49   21     3.61239639165090E-23   2.52867747415563E-21
 50   21     1.22731745767542E-16   8.71395394949546E-15
 51   21     1.00000000000000E-99   1.00000000000000E-99
 52   21     1.00000000000000E-99   1.00000000000000E-99
 53   21     1.00000000000000E-99   1.00000000000000E-99
 54   21     1.00000000000000E-99   1.00000000000000E-99
 55   21     1.00000000000000E-99   1.00000000000000E-99
 12   22     1.00000000000000E-99   1.00000000000000E-99
 13   22     1.00000000000000E-99   1.00000000000000E-99
 14   22     1.00000000000000E-99   1.00000000000000E-99
 15   22     1.00000000000000E-99   1.00000000000000E-99
 16   22     1.00000000000000E-99   1.00000000000000E-99
 17   22     1.00000000000000E-99   1.00000000000000E-99
 18   22     1.00000000000000E-99   1.00000000000000E-99
 19   22     1.00000000000000E-99   1.00000000000000E-99
 20   22     1.00000000000000E-99   1.00000000000000E-99
 21   22     1.00000000000000E-99   1.00000000000000E-99
 22   22     1.00000000000000E-99   1.00000000000000E-99
 23   22     1.00000000000000E-99   1.00000000000000E-99
 24   22     1.00000000000000E-99   1.00000000000000E-99
 25   22     1.00000000000000E-99   1.00000000000000E-99
 26   22     1.00000000000000E-99   1.00000000000000E-99
 27   22     1.00000000000000E-99   1.00000000000000E-99
 28   22     1.00000000000000E-99   1.00000000000000E-99
 29   22     1.00000000000000E-99   1.00000000000000E-99
 30   22     1.00000000000000E-99   1.00000000000000E-99
 31   22     1.00000000000000E-99   1.00000000000000E-99
 32   22     1.00000000000000E-99   1.00000000000000E-99
 33   22     1.00000000000000E-99   1.00000000000000E-99
 34   22     1.00000000000000E-99   1.00000000000000E-99
 35   22     1.00000000000000E-99   1.00000000000000E-99
 36   22     1.00000000000000E-99   1.00000000000000E-99
 37   22     1.00000000000000E-99   1.00000000000000E-99
 38   22     1.00000000000000E-99   1.00000000000000E-99
 39   22     1.00000000000000E-99   1.00000000000000E-99
 40   22     1.00000000000000E-99   1.00000000000000E-99
 41   22     1.00000000000000E-99   1.00000000000000E-99
 42   22     1.00000000000000E-99   1.00000000000000E-99
 43   22     1.00420459668516E-25   6.52732987845356E-24
 44   22     4.60970828004248E-23   3.04240746482804E-21
 45   22     2.70152362599284E-22   1.81002082941521E-20
 46   22     5.64665012522361E-19   3.83972208515205E-17
 47   22     3.08701443880715E-21   2.13003996277693E-19
 48   22     5.79586985546004E-16   4.05710889882203E-14
 49   22     1.74704280420344E-19   1.24040039098444E-17
 50   22     1.65336553452866E-13   1.19042318486064E-11
 51   22     1.00000000000000E-99   1.00000000000000E-99
 52   22     9.49878339239450E-19   7.02909971037193E-17
 53   22     5.98234370767170E-23   4.48675778075377E-21
 54   22     1.00000000000000E-99   1.00000000000000E-99
 55   22     1.00000000000000E-99   1.00000000000000E-99
 56   22     1.00000000000000E-99   1.00000000000000E-99
 57   22     1.00000000000000E-99   1.00000000000000E-99
 58   22     1.00000000000000E-99   1.00000000000000E-99
 13   23     1.00000000000000E-99   1.00000000000000E-99
 14   23     1.00000000000000E-99   1.00000000000000E-99
 15   23     1.00000000000000E-99   1.00000000000000E-99
 16   23     1.00000000000000E-99   1.00000000000000E-99
 17   23     1.00000000000000E-99   1.00000000000000E-99
 18   23     1.00000000000000E-99   1.00000000000000E-99
 19   23     1.00000000000000E-99   1.00000000000000E-99
 20   23     1.00000000000000E-99   1.00000000000000E-99
 21   23     1.00000000000000E-99   1.00000000000000E-99
 22   23     1.00000000000000E-99   1.00000000000000E-99
 23   23     1.00000000000000E-99   1.00000000000000E-99
 24   23     1.00000000000000E-99   1.00000000000000E-99
 25   23     1.00000000000000E-99   1.00000000000000E-99
 26   23     1.00000000000000E-99   1.00000000000000E-99
 27   23     1.00000000000000E-99   1.00000000000000E-99
 28   23     1.00000000000000E-99   1.00000000000000E-99
 29   23     1.00000000000000E-99   1.00000000000000E-99
 30   23     1.00000000000000E-99   1.00000000000000E-99
 31   23     1.00000000000000E-99   1.00000000000000E-99
 32   23     1.00000000000000E-99   1.00000000000000E-99
 33   23     1.00000000000000E-99   1.00000000000000E-99
 34   23     1.00000000000000E-99   1.00000000000000E-99
 35   23     1.00000000000000E-99   1.00000000000000E-99
 36   23     1.00000000000000E-99   1.00000000000000E-99
 37   23     1.00000000000000E-99   1.00000000000000E-99
 38   23     1.00000000000000E-99   1.00000000000000E-99
 39   23     1.00000000000000E-99   1.00000000000000E-99
 40   23     1.00000000000000E-99   1.00000000000000E-99
 41   23     1.00000000000000E-99   1.00000000000000E-99
 42   23     1.00000000000000E-99   1.00000000000000E-99
 43   23     1.00000000000000E-99   1.00000000000000E-99
 44   23     1.00000000000000E-99   1.00000000000000E-99
 45   23     1.00000000000000E-99   1.00000000000000E-99
 46   23     5.52873748269004E-24   3.81482886305613E-22
 47   23     2.18542613882553E-23   1.52979829717787E-21
 48   23     3.26762038046660E-21   2.32001047013129E-19
 49   23     9.46558315833745E-22   6.81521987400297E-20
 50   23     5.44811420248167E-13   3.97712336781162E-11
 51   23     1.55325522458848E-25   1.14940886619547E-23
 52   23     1.17347657684698E-17   8.80107432635232E-16
 53   23     1.00000000000000E-99   1.00000000000000E-99
 54   23     1.00000000000000E-99   1.00000000000000E-99
 55   23     1.00000000000000E-99   1.00000000000000E-99
 56   23     1.00000000000000E-99   1.00000000000000E-99
 57   23     1.00000000000000E-99   1.00000000000000E-99
 58   23     1.00000000000000E-99   1.00000000000000E-99
 59   23     1.00000000000000E-99   1.00000000000000E-99
 60   23     1.00000000000000E-99   1.00000000000000E-99
 14   24     1.00000000000000E-99   1.00000000000000E-99
 15   24     1.00000000000000E-99   1.00000000000000E-99
 16   24     1.00000000000000E-99   1.00000000000000E-99
 17   24     1.00000000000000E-99   1.00000000000000E-99
 18   24     1.00000000000000E-99   1.00000000000000E-99
 19   24     1.00000000000000E-99   1.00000000000000E-99
 20   24     1.00000000000000E-99   1.00000000000000E-99
 21   24     1.00000000000000E-99   1.00000000000000E-99
 22   24     1.00000000000000E-99   1.00000000000000E-99
 23   24     1.00000000000000E-99   1.00000000000000E-99
 24   24     1.00000000000000E-99   1.00000000000000E-99
 25   24     1.00000000000000E-99   1.00000000000000E-99
 26   24     1.00000000000000E-99   1.00000000000000E-99
 27   24     1.00000000000000E-99   1.00000000000000E-99
 28   24     1.00000000000000E-99   1.00000000000000E-99
 29   24     1.00000000000000E-99   1.00000000000000E-99
 30   24     1.00000000000000E-99   1.00000000000000E-99
 31   24     1.00000000000000E-99   1.00000000000000E-99
 32   24     1.00000000000000E-99   1.00000000000000E-99
 33   24     1.00000000000000E-99   1.00000000000000E-99
 34   24     1.00000000000000E-99   1.00000000000000E-99
 35   24     1.00000000000000E-99   1.00000000000000E-99
 36   24     1.00000000000000E-99   1.00000000000000E-99
 37   24     1.00000000000000E-99   1.00000000000000E-99
 38   24     1.00000000000000E-99   1.00000000000000E-99
 39   24     1.00000000000000E-99   1.00000000000000E-99
 40   24     1.00000000000000E-99   1.00000000000000E-99
 41   24     1.00000000000000E-99   1.00000000000000E-99
 42   24     1.00000000000000E-99   1.00000000000000E-99
 43   24     1.00000000000000E-99   1.00000000000000E-99
 44   24     1.00000000000000E-99   1.00000000000000E-99
 45   24     1.00000000000000E-99   1.00000000000000E-99
 46   24     1.00000000000000E-99   1.00000000000000E-99
 47   24     9.73547204739822E-22   6.91218515365274E-20
 48   24     1.94963917251943E-19   1.40374020421399E-17
 49   24     5.84620888122226E-20   4.26773248329225E-18
 50   24     1.18772691816454E-10   8.78917919441763E-09
 51   24     1.05923962913734E-24   7.94429721853006E-23
 52   24     4.86756277845575E-13   3.69934771162637E-11
 53   24     1.00000000000000E-99   1.00000000000000E-99
 54   24     1.35763698737445E-14   1.05895685015207E-12
 55   24     1.00000000000000E-99   1.00000000000000E-99
 56   24     1.00000000000000E-99   1.00000000000000E-99
 57   24     1.00000000000000E-99   1.00000000000000E-99
 58   24     1.00000000000000E-99   1.00000000000000E-99
 59   24     1.00000000000000E-99   1.00000000000000E-99
 60   24     1.00000000000000E-99   1.00000000000000E-99
 61   24     1.00000000000000E-99   1.00000000000000E-99
 62   24     1.00000000000000E-99   1.00000000000000E-99
 15   25     1.00000000000000E-99   1.00000000000000E-99
 16   25     1.00000000000000E-99   1.00000000000000E-99
 17   25     1.00000000000000E-99   1.00000000000000E-99
 18   25     1.00000000000000E-99   1.00000000000000E-99
 19   25     1.00000000000000E-99   1.00000000000000E-99
 20   25     1.00000000000000E-99   1.00000000000000E-99
 21   25     1.00000000000000E-99   1.00000000000000E-99
 22   25     1.00000000000000E-99   1.00000000000000E-99
 23   25     1.00000000000000E-99   1.00000000000000E-99
 24   25     1.00000000000000E-99   1.00000000000000E-99
 25   25     1.00000000000000E-99   1.00000000000000E-99
 26   25     1.00000000000000E-99   1.00000000000000E-99
 27   25     1.00000000000000E-99   1.00000000000000E-99
 28   25     1.00000000000000E-99   1.00000000000000E-99
 29   25     1.00000000000000E-99   1.00000000000000E-99
 30   25     1.00000000000000E-99   1.00000000000000E-99
 31   25     1.00000000000000E-99   1.00000000000000E-99
 32   25     1.00000000000000E-99   1.00000000000000E-99
 33   25     1.00000000000000E-99   1.00000000000000E-99
 34   25     1.00000000000000E-99   1.00000000000000E-99
 35   25     1.00000000000000E-99   1.00000000000000E-99
 36   25     1.00000000000000E-99   1.00000000000000E-99
 37   25     1.00000000000000E-99   1.00000000000000E-99
 38   25     1.00000000000000E-99   1.00000000000000E-99
 39   25     1.00000000000000E-99   1.00000000000000E-99
 40   25     1.00000000000000E-99   1.00000000000000E-99
 41   25     1.00000000000000E-99   1.00000000000000E-99
 42   25     1.00000000000000E-99   1.00000000000000E-99
 43   25     1.00000000000000E-99   1.00000000000000E-99
 44   25     1.00000000000000E-99   1.00000000000000E-99
 45   25     1.00000000000000E-99   1.00000000000000E-99
 46   25     1.00000000000000E-99   1.00000000000000E-99
 47   25     8.67361074288082E-22   6.24499973487419E-20
 48   25     7.63690482914861E-20   5.57494052527848E-18
 49   25     2.43369546751518E-20   1.80093464596124E-18
 50   25     5.58044198627054E-15   4.18533148970291E-13
 51   25     6.08253489221468E-19   4.62272651808316E-17
 52   25     1.09036202746370E-10   8.39578761147049E-09
 53   25     1.41893417530073E-21   1.10676865673457E-19
 54   25     5.25966593194532E-14   4.15513608623680E-12
 55   25     1.00000000000000E-99   1.00000000000000E-99
 56   25     7.65397361079039E-17   6.19971862474022E-15
 57   25     1.00000000000000E-99   1.00000000000000E-99
 58   25     1.00000000000000E-99   1.00000000000000E-99
 59   25     1.00000000000000E-99   1.00000000000000E-99
 60   25     8.79284226510423E-24   7.47391592533860E-22
 61   25     1.00000000000000E-99   1.00000000000000E-99
 62   25     1.00000000000000E-99   1.00000000000000E-99
 63   25     1.00000000000000E-99   1.00000000000000E-99
 64   25     1.00000000000000E-99   1.00000000000000E-99
 16   26     1.00000000000000E-99   1.00000000000000E-99
 17   26     1.00000000000000E-99   1.00000000000000E-99
 18   26     1.00000000000000E-99   1.00000000000000E-99
 19   26     1.00000000000000E-99   1.00000000000000E-99
 20   26     1.00000000000000E-99   1.00000000000000E-99
 21   26     1.00000000000000E-99   1.00000000000000E-99
 22   26     1.00000000000000E-99   1.00000000000000E-99
 23   26     1.00000000000000E-99   1.00000000000000E-99
 24   26     1.00000000000000E-99   1.00000000000000E-99
 25   26     1.00000000000000E-99   1.00000000000000E-99
 26   26     1.00000000000000E-99   1.00000000000000E-99
 27   26     1.00000000000000E-99   1.00000000000000E-99
 28   26     1.00000000000000E-99   1.00000000000000E-99
 29   26     1.00000000000000E-99   1.00000000000000E-99
 30   26     1.00000000000000E-99   1.00000000000000E-99
 31   26     1.00000000000000E-99   1.00000000000000E-99
 32   26     1.00000000000000E-99   1.00000000000000E-99
 33   26     1.00000000000000E-99   1.00000000000000E-99
 34   26     1.00000000000000E-99   1.00000000000000E-99
 35   26     1.00000000000000E-99   1.00000000000000E-99
 36   26     1.00000000000000E-99   1.00000000000000E-99
 37   26     1.00000000000000E-99   1.00000000000000E-99
 38   26     1.00000000000000E-99   1.00000000000000E-99
 39   26     1.00000000000000E-99   1.00000000000000E-99
 40   26     1.00000000000000E-99   1.00000000000000E-99
 41   26     1.00000000000000E-99   1.00000000000000E-99
 42   26     1.00000000000000E-99   1.00000000000000E-99
 43   26     1.00000000000000E-99   1.00000000000000E-99
 44   26     1.00000000000000E-99   1.00000000000000E-99
 45   26     1.00000000000000E-99   1.00000000000000E-99
 46   26     1.00000000000000E-99   1.00000000000000E-99
 47   26     1.89781907947066E-25   1.38540792801358E-23
 48   26     2.27894770131161E-23   1.68642129897060E-21
 49   26     2.54274872040916E-19   1.90706154030687E-17
 50   26     3.72502402264163E-15   2.83101825720764E-13
 51   26     1.14130329626046E-18   8.78803538120552E-17
 52   26     1.25748766464513E-11   9.80840378423202E-10
 53   26     8.37731982140266E-18   6.61808265890810E-16
 54   26     7.33165465353408E-10   5.86532372282727E-08
 55   26     3.94929129705430E-24   3.19892595061398E-22
 56   26     3.37668855011397E-13   2.76888461109346E-11
 57   26     5.03586062116031E-25   4.17976431556306E-23
 58   26     5.93125371212646E-17   4.98225311818622E-15
 59   26     1.00000000000000E-99   1.00000000000000E-99
 60   26     1.03616237593962E-16   8.91099643308070E-15
 61   26     1.00000000000000E-99   1.00000000000000E-99
 62   26     9.04868114546412E-23   7.96283940800843E-21
 63   26     1.00000000000000E-99   1.00000000000000E-99
 64   26     3.77133235467360E-25   3.39419911920624E-23
 65   26     1.00000000000000E-99   1.00000000000000E-99
 66   26     1.20739692338957E-22   1.11080516951841E-20
 17   27     1.00000000000000E-99   1.00000000000000E-99
 18   27     1.00000000000000E-99   1.00000000000000E-99
 19   27     1.00000000000000E-99   1.00000000000000E-99
 20   27     1.00000000000000E-99   1.00000000000000E-99
 21   27     1.00000000000000E-99   1.00000000000000E-99
 22   27     1.00000000000000E-99   1.00000000000000E-99
 23   27     1.00000000000000E-99   1.00000000000000E-99
 24   27     1.00000000000000E-99   1.00000000000000E-99
 25   27     1.00000000000000E-99   1.00000000000000E-99
 26   27     1.00000000000000E-99   1.00000000000000E-99
 27   27     1.00000000000000E-99   1.00000000000000E-99
 28   27     1.00000000000000E-99   1.00000000000000E-99
 29   27     1.00000000000000E-99   1.00000000000000E-99
 30   27     1.00000000000000E-99   1.00000000000000E-99
 31   27     1.00000000000000E-99   1.00000000000000E-99
 32   27     1.00000000000000E-99   1.00000000000000E-99
 33   27     1.00000000000000E-99   1.00000000000000E-99
 34   27     1.00000000000000E-99   1.00000000000000E-99
 35   27     1.00000000000000E-99   1.00000000000000E-99
 36   27     1.00000000000000E-99   1.00000000000000E-99
 37   27     1.00000000000000E-99   1.00000000000000E-99
 38   27     1.00000000000000E-99   1.00000000000000E-99
 39   27     1.00000000000000E-99   1.00000000000000E-99
 40   27     1.00000000000000E-99   1.00000000000000E-99
 41   27     1.00000000000000E-99   1.00000000000000E-99
 42   27     1.00000000000000E-99   1.00000000000000E-99
 43   27     1.00000000000000E-99   1.00000000000000E-99
 44   27     1.00000000000000E-99   1.00000000000000E-99
 45   27     1.00000000000000E-99   1.00000000000000E-99
 46   27     1.00000000000000E-99   1.00000000000000E-99
 47   27     1.00000000000000E-99   1.00000000000000E-99
 48   27     1.00000000000000E-99   1.00000000000000E-99
 49   27     7.68594711441513E-23   5.84131980695550E-21
 50   27     6.80120921007097E-20   5.23693109175464E-18
 51   27     2.58269940130748E-19   2.01450553301983E-17
 52   27     1.73405477315151E-16   1.36990327078969E-14
 53   27     1.34199234719420E-18   1.07359387775536E-16
 54   27     1.46157591606378E-11   1.18387649201166E-09
 55   27     3.41975768256423E-18   2.80420129970267E-16
 56   27     7.68024007897523E-10   6.37459926554944E-08
 57   27     3.05809696554337E-23   2.56880145105643E-21
 58   27     2.72261311909139E-15   2.31422115122768E-13
 59   27     9.88382947868290E-24   8.50009335166729E-22
 60   27     2.71915435539038E-15   2.36566428918963E-13
 61   27     1.00000000000000E-99   1.00000000000000E-99
 62   27     7.76514898237454E-19   6.91098259431335E-17
 63   27     1.00000000000000E-99   1.00000000000000E-99
 64   27     2.31274681835026E-19   2.10459960469874E-17
 65   27     2.55579192426990E-22   2.35132857032830E-20
 66   27     1.00000000000000E-99   1.00000000000000E-99
 67   27     1.00000000000000E-99   1.00000000000000E-99
 68   27     1.00000000000000E-99   1.00000000000000E-99
 69   27     1.00000000000000E-99   1.00000000000000E-99
 18   28     1.00000000000000E-99   1.00000000000000E-99
 19   28     1.00000000000000E-99   1.00000000000000E-99
 20   28     1.00000000000000E-99   1.00000000000000E-99
 21   28     1.00000000000000E-99   1.00000000000000E-99
 22   28     1.00000000000000E-99   1.00000000000000E-99
 23   28     1.00000000000000E-99   1.00000000000000E-99
 24   28     1.00000000000000E-99   1.00000000000000E-99
 25   28     1.00000000000000E-99   1.00000000000000E-99
 26   28     1.00000000000000E-99   1.00000000000000E-99
 27   28     1.00000000000000E-99   1.00000000000000E-99
 28   28     1.00000000000000E-99   1.00000000000000E-99
 29   28     1.00000000000000E-99   1.00000000000000E-99
 30   28     1.00000000000000E-99   1.00000000000000E-99
 31   28     1.00000000000000E-99   1.00000000000000E-99
 32   28     1.00000000000000E-99   1.00000000000000E-99
 33   28     1.00000000000000E-99   1.00000000000000E-99
 34   28     1.00000000000000E-99   1.00000000000000E-99
 35   28     1.00000000000000E-99   1.00000000000000E-99
 36   28     1.00000000000000E-99   1.00000000000000E-99
 37   28     1.00000000000000E-99   1.00000000000000E-99
 38   28     1.00000000000000E-99   1.00000000000000E-99
 39   28     1.00000000000000E-99   1.00000000000000E-99
 40   28     1.00000000000000E-99   1.00000000000000E-99
 41   28     1.00000000000000E-99   1.00000000000000E-99
 42   28     1.00000000000000E-99   1.00000000000000E-99
 43   28     1.00000000000000E-99   1.00000000000000E-99
 44   28     1.00000000000000E-99   1.00000000000000E-99
 45   28     1.00000000000000E-99   1.00000000000000E-99
 46   28     1.00000000000000E-99   1.00000000000000E-99
 47   28     1.00000000000000E-99   1.00000000000000E-99
 48   28     1.00000000000000E-99   1.00000000000000E-99
 49   28     1.00000000000000E-99   1.00000000000000E-99
 50   28     9.44110656556164E-24   7.36406312113808E-22
 51   28     3.94092070198002E-21   3.11332735456421E-19
 52   28     1.76251515130254E-17   1.41001212104203E-15
 53   28     1.86742803969994E-18   1.51261671215695E-16
 54   28     5.18806493960912E-09   4.25421325047948E-07
 55   28     2.51845081366590E-18   2.09031417534270E-16
 56   28     1.85793903463713E-09   1.56066878909519E-07
 57   28     1.85624337650893E-19   1.57780687003259E-17
 58   28     2.40148094829210E-12   2.06527361553121E-10
 59   28     2.02468043917458E-22   1.76147198208189E-20
 60   28     6.34977769063168E-13   5.58780436775588E-11
 61   28     5.88076673474695E-25   5.23388239392478E-23
 62   28     9.38575371067573E-14   8.44717833960816E-12
 63   28     5.29215221150007E-25   4.81585851246506E-23
 64   28     4.36218283711773E-15   4.01320821014831E-13
 65   28     1.00000000000000E-99   1.00000000000000E-99
 66   28     1.90654301405300E-21   1.79215043320982E-19
 67   28     1.00000000000000E-99   1.00000000000000E-99
 68   28     1.45584057796916E-22   1.39760695485039E-20
 69   28     2.06540189520570E-23   2.00343983834953E-21
 70   28     7.25771428074420E-23   7.11255999512931E-21
 71   28     2.61092827438085E-25   2.58481899163704E-23
 19   29     1.00000000000000E-99   1.00000000000000E-99
 20   29     1.00000000000000E-99   1.00000000000000E-99
 21   29     1.00000000000000E-99   1.00000000000000E-99
 22   29     1.00000000000000E-99   1.00000000000000E-99
 23   29     1.00000000000000E-99   1.00000000000000E-99
 24   29     1.00000000000000E-99   1.00000000000000E-99
 25   29     1.00000000000000E-99   1.00000000000000E-99
 26   29     1.00000000000000E-99   1.00000000000000E-99
 27   29     1.00000000000000E-99   1.00000000000000E-99
 28   29     1.00000000000000E-99   1.00000000000000E-99
 29   29     1.00000000000000E-99   1.00000000000000E-99
 30   29     1.00000000000000E-99   1.00000000000000E-99
 31   29     1.00000000000000E-99   1.00000000000000E-99
 32   29     1.00000000000000E-99   1.00000000000000E-99
 33   29     1.00000000000000E-99   1.00000000000000E-99
 34   29     1.00000000000000E-99   1.00000000000000E-99
 35   29     1.00000000000000E-99   1.00000000000000E-99
 36   29     1.00000000000000E-99   1.00000000000000E-99
 37   29     1.00000000000000E-99   1.00000000000000E-99
 38   29     1.00000000000000E-99   1.00000000000000E-99
 39   29     1.00000000000000E-99   1.00000000000000E-99
 40   29     1.00000000000000E-99   1.00000000000000E-99
 41   29     1.00000000000000E-99   1.00000000000000E-99
 42   29     1.00000000000000E-99   1.00000000000000E-99
 43   29     1.00000000000000E-99   1.00000000000000E-99
 44   29     1.00000000000000E-99   1.00000000000000E-99
 45   29     1.00000000000000E-99   1.00000000000000E-99
 46   29     1.00000000000000E-99   1.00000000000000E-99
 47   29     1.00000000000000E-99   1.00000000000000E-99
 48   29     1.00000000000000E-99   1.00000000000000E-99
 49   29     1.00000000000000E-99   1.00000000000000E-99
 50   29     1.00000000000000E-99   1.00000000000000E-99
 51   29     5.97096720471212E-21   4.77677376376969E-19
 52   29     6.96188209701119E-19   5.63912449857907E-17
 53   29     2.07375576569729E-19   1.70047972787178E-17
 54   29     1.34082529036425E-17   1.11288499100233E-15
 55   29     8.68568840096899E-19   7.29597825681395E-17
 56   29     4.15939827453932E-16   3.53548853335843E-14
 57   29     5.96379141545667E-18   5.12886061729274E-16
 58   29     9.57297024367687E-16   8.32848411199887E-14
 59   29     1.14483987960494E-18   1.00745909405235E-16
 60   29     2.36312316115022E-14   2.10317961342370E-12
 61   29     1.58898876350281E-17   1.43008988715253E-15
 62   29     1.01895306047466E-09   9.27247285031937E-08
 63   29     6.20495958037749E-17   5.70856281394729E-15
 64   29     1.49842753635819E-10   1.39353760881311E-08
 65   29     1.00000000000000E-99   1.00000000000000E-99
 66   29     9.67164788084064E-19   9.18806548679861E-17
 67   29     1.00000000000000E-99   1.00000000000000E-99
 68   29     1.44290760733747E-18   1.39962037911735E-16
 69   29     1.00000000000000E-99   1.00000000000000E-99
 70   29     8.48790828743489E-22   8.40302920456054E-20
 71   29     1.00000000000000E-99   1.00000000000000E-99
 72   29     1.00000000000000E-99   1.00000000000000E-99
 73   29     1.00000000000000E-99   1.00000000000000E-99
 21   30     1.00000000000000E-99   1.00000000000000E-99
 22   30     1.00000000000000E-99   1.00000000000000E-99
 23   30     1.00000000000000E-99   1.00000000000000E-99
 24   30     1.00000000000000E-99   1.00000000000000E-99
 25   30     1.00000000000000E-99   1.00000000000000E-99
 26   30     1.00000000000000E-99   1.00000000000000E-99
 27   30     1.00000000000000E-99   1.00000000000000E-99
 28   30     1.00000000000000E-99   1.00000000000000E-99
 29   30     1.00000000000000E-99   1.00000000000000E-99
 30   30     1.00000000000000E-99   1.00000000000000E-99
 31   30     1.00000000000000E-99   1.00000000000000E-99
 32   30     1.00000000000000E-99   1.00000000000000E-99
 33   30     1.00000000000000E-99   1.00000000000000E-99
 34   30     1.00000000000000E-99   1.00000000000000E-99
 35   30     1.00000000000000E-99   1.00000000000000E-99
 36   30     1.00000000000000E-99   1.00000000000000E-99
 37   30     1.00000000000000E-99   1.00000000000000E-99
 38   30     1.00000000000000E-99   1.00000000000000E-99
 39   30     1.00000000000000E-99   1.00000000000000E-99
 40   30     1.00000000000000E-99   1.00000000000000E-99
 41   30     1.00000000000000E-99   1.00000000000000E-99
 42   30     1.00000000000000E-99   1.00000000000000E-99
 43   30     1.00000000000000E-99   1.00000000000000E-99
 44   30     1.00000000000000E-99   1.00000000000000E-99
 45   30     1.00000000000000E-99   1.00000000000000E-99
 46   30     1.00000000000000E-99   1.00000000000000E-99
 47   30     1.00000000000000E-99   1.00000000000000E-99
 48   30     1.00000000000000E-99   1.00000000000000E-99
 49   30     1.00000000000000E-99   1.00000000000000E-99
 50   30     1.00000000000000E-99   1.00000000000000E-99
 51   30     1.00000000000000E-99   1.00000000000000E-99
 52   30     1.00000000000000E-99   1.00000000000000E-99
 53   30     1.00000000000000E-99   1.00000000000000E-99
 54   30     6.71126215566600E-25   5.63746021075944E-23
 55   30     2.28526453506205E-25   1.94247485480275E-23
 56   30     4.36752403092368E-22   3.75607066659436E-20
 57   30     6.94056639418782E-24   6.03829276294341E-22
 58   30     1.52826771717853E-20   1.34487559111711E-18
 59   30     3.06344549826153E-19   2.72646649345276E-17
 60   30     4.49061260782592E-14   4.04155134704333E-12
 61   30     3.59379446543993E-18   3.27035296355034E-16
 62   30     8.83653747986266E-16   8.12961448147365E-14
 63   30     9.42563897393088E-18   8.76584424575572E-16
 64   30     2.21318010261021E-09   2.08038929645360E-07
 65   30     5.23805987896598E-23   4.97615688501768E-21
 66   30     2.48438325351470E-12   2.38500792337411E-10
 67   30     1.25592662058648E-25   1.21824882196889E-23
 68   30     1.01690668978139E-13   9.96568555985760E-12
 69   30     1.00000000000000E-99   1.00000000000000E-99
 70   30     2.73958389021850E-15   2.73958389021850E-13
 71   30     1.00000000000000E-99   1.00000000000000E-99
 72   30     6.29167426236095E-24   6.41750774760817E-22
 73   30     1.00000000000000E-99   1.00000000000000E-99
 74   30     3.96631042096192E-24   4.12496283780040E-22
 75   30     1.00000000000000E-99   1.00000000000000E-99
 22   31     1.00000000000000E-99   1.00000000000000E-99
 23   31     1.00000000000000E-99   1.00000000000000E-99
 24   31     1.00000000000000E-99   1.00000000000000E-99
 25   31     1.00000000000000E-99   1.00000000000000E-99
 26   31     1.00000000000000E-99   1.00000000000000E-99
 27   31     1.00000000000000E-99   1.00000000000000E-99
 28   31     1.00000000000000E-99   1.00000000000000E-99
 29   31     1.00000000000000E-99   1.00000000000000E-99
 30   31     1.00000000000000E-99   1.00000000000000E-99
 31   31     1.00000000000000E-99   1.00000000000000E-99
 32   31     1.00000000000000E-99   1.00000000000000E-99
 33   31     1.00000000000000E-99   1.00000000000000E-99
 34   31     1.00000000000000E-99   1.00000000000000E-99
 35   31     1.00000000000000E-99   1.00000000000000E-99
 36   31     1.00000000000000E-99   1.00000000000000E-99
 37   31     1.00000000000000E-99   1.00000000000000E-99
 38   31     1.00000000000000E-99   1.00000000000000E-99
 39   31     1.00000000000000E-99   1.00000000000000E-99
 40   31     1.00000000000000E-99   1.00000000000000E-99
 41   31     1.00000000000000E-99   1.00000000000000E-99
 42   31     1.00000000000000E-99   1.00000000000000E-99
 43   31     1.00000000000000E-99   1.00000000000000E-99
 44   31     1.00000000000000E-99   1.00000000000000E-99
 45   31     1.00000000000000E-99   1.00000000000000E-99
 46   31     1.00000000000000E-99   1.00000000000000E-99
 47   31     1.00000000000000E-99   1.00000000000000E-99
 48   31     1.00000000000000E-99   1.00000000000000E-99
 49   31     1.00000000000000E-99   1.00000000000000E-99
 50   31     1.00000000000000E-99   1.00000000000000E-99
 51   31     1.00000000000000E-99   1.00000000000000E-99
 52   31     1.00000000000000E-99   1.00000000000000E-99
 53   31     1.00000000000000E-99   1.00000000000000E-99
 54   31     1.00000000000000E-99   1.00000000000000E-99
 55   31     1.00000000000000E-99   1.00000000000000E-99
 56   31     1.00000000000000E-99   1.00000000000000E-99
 57   31     1.00000000000000E-99   1.00000000000000E-99
 58   31     6.33878703181516E-23   5.64152045831549E-21
 59   31     1.59719492985633E-24   1.43747543687070E-22
 60   31     1.07281173947015E-22   9.76258682917841E-21
 61   31     1.56593343878706E-19   1.44065876368410E-17
 62   31     3.86085487246139E-17   3.59059503138909E-15
 63   31     1.97085141898188E-18   1.85260033384296E-16
 64   31     1.79820583420355E-10   1.70829554249337E-08
 65   31     4.46978905678987E-18   4.29099749451827E-16
 66   31     1.24000213840292E-12   1.20280207425083E-10
 67   31     2.78374194940538E-18   2.72806711041727E-16
 68   31     2.34733016043076E-12   2.32385685882645E-10
 69   31     2.39045025896041E-17   2.39045025896041E-15
 70   31     1.20746256554926E-09   1.21953719120475E-07
 71   31     1.30853214867168E-25   1.33470279164511E-23
 72   31     2.24962857560847E-20   2.31711743287672E-18
 73   31     1.00000000000000E-99   1.00000000000000E-99
 74   31     3.60756244443874E-22   3.78794056666068E-20
 75   31     1.00000000000000E-99   1.00000000000000E-99
 76   31     1.93226530017993E-25   2.06752387119253E-23
 77   31     3.95983519684758E-25   4.27662201259539E-23
 23   32     1.00000000000000E-99   1.00000000000000E-99
 24   32     1.00000000000000E-99   1.00000000000000E-99
 25   32     1.00000000000000E-99   1.00000000000000E-99
 26   32     1.00000000000000E-99   1.00000000000000E-99
 27   32     1.00000000000000E-99   1.00000000000000E-99
 28   32     1.00000000000000E-99   1.00000000000000E-99
 29   32     1.00000000000000E-99   1.00000000000000E-99
 30   32     1.00000000000000E-99   1.00000000000000E-99
 31   32     1.00000000000000E-99   1.00000000000000E-99
 32   32     1.00000000000000E-99   1.00000000000000E-99
 33   32     1.00000000000000E-99   1.00000000000000E-99
 34   32     1.00000000000000E-99   1.00000000000000E-99
 35   32     1.00000000000000E-99   1.00000000000000E-99
 36   32     1.00000000000000E-99   1.00000000000000E-99
 37   32     1.00000000000000E-99   1.00000000000000E-99
 38   32     1.00000000000000E-99   1.00000000000000E-99
 39   32     1.00000000000000E-99   1.00000000000000E-99
 40   32     1.00000000000000E-99   1.00000000000000E-99
 41   32     1.00000000000000E-99   1.00000000000000E-99
 42   32     1.00000000000000E-99   1.00000000000000E-99
 43   32     1.00000000000000E-99   1.00000000000000E-99
 44   32     1.00000000000000E-99   1.00000000000000E-99
 45   32     1.00000000000000E-99   1.00000000000000E-99
 46   32     1.00000000000000E-99   1.00000000000000E-99
 47   32     1.00000000000000E-99   1.00000000000000E-99
 48   32     1.00000000000000E-99   1.00000000000000E-99
 49   32     1.00000000000000E-99   1.00000000000000E-99
 50   32     1.00000000000000E-99   1.00000000000000E-99
 51   32     1.00000000000000E-99   1.00000000000000E-99
 52   32     1.00000000000000E-99   1.00000000000000E-99
 53   32     1.00000000000000E-99   1.00000000000000E-99
 54   32     1.00000000000000E-99   1.00000000000000E-99
 55   32     1.00000000000000E-99   1.00000000000000E-99
 56   32     1.00000000000000E-99   1.00000000000000E-99
 57   32     1.00000000000000E-99   1.00000000000000E-99
 58   32     1.00000000000000E-99   1.00000000000000E-99
 59   32     1.00000000000000E-99   1.00000000000000E-99
 60   32     1.00000000000000E-99   1.00000000000000E-99
 61   32     1.53373573677284E-20   1.42637423519874E-18
 62   32     5.63379703231206E-18   5.29576921037334E-16
 63   32     1.60668407769079E-19   1.52634987380625E-17
 64   32     4.84942693077382E-16   4.65544985354286E-14
 65   32     2.26837026547469E-19   2.20031915751045E-17
 66   32     1.70347352551374E-16   1.66940405500346E-14
 67   32     3.04836168634432E-18   3.01787806948088E-16
 68   32     2.71337362587572E-14   2.71337362587572E-12
 69   32     3.60239890994646E-17   3.63842289904593E-15
 70   32     4.07154576333579E-09   4.15297667860250E-07
 71   32     4.25952883472276E-25   4.38731469976444E-23
 72   32     1.08807041402803E-15   1.13159323058915E-13
 73   32     1.00000000000000E-99   1.00000000000000E-99
 74   32     1.20258492536335E-16   1.27474002088516E-14
 75   32     1.00000000000000E-99   1.00000000000000E-99
 76   32     6.77512587958748E-21   7.31713594995448E-19
 77   32     1.00000000000000E-99   1.00000000000000E-99
 78   32     1.21004621861293E-21   1.33105084047422E-19
 79   32     2.77365353783039E-22   3.07875542699173E-20
 80   32     3.25827345888158E-24   3.64926627394736E-22
 24   33     1.00000000000000E-99   1.00000000000000E-99
 25   33     1.00000000000000E-99   1.00000000000000E-99
 26   33     1.00000000000000E-99   1.00000000000000E-99
 27   33     1.00000000000000E-99   1.00000000000000E-99
 28   33     1.00000000000000E-99   1.00000000000000E-99
 29   33     1.00000000000000E-99   1.00000000000000E-99
 30   33     1.00000000000000E-99   1.00000000000000E-99
 31   33     1.00000000000000E-99   1.00000000000000E-99
 32   33     1.00000000000000E-99   1.00000000000000E-99
 33   33     1.00000000000000E-99   1.00000000000000E-99
 34   33     1.00000000000000E-99   1.00000000000000E-99
 35   33     1.00000000000000E-99   1.00000000000000E-99
 36   33     1.00000000000000E-99   1.00000000000000E-99
 37   33     1.00000000000000E-99   1.00000000000000E-99
 38   33     1.00000000000000E-99   1.00000000000000E-99
 39   33     1.00000000000000E-99   1.00000000000000E-99
 40   33     1.00000000000000E-99   1.00000000000000E-99
 41   33     1.00000000000000E-99   1.00000000000000E-99
 42   33     1.00000000000000E-99   1.00000000000000E-99
 43   33     1.00000000000000E-99   1.00000000000000E-99
 44   33     1.00000000000000E-99   1.00000000000000E-99
 45   33     1.00000000000000E-99   1.00000000000000E-99
 46   33     1.00000000000000E-99   1.00000000000000E-99
 47   33     1.00000000000000E-99   1.00000000000000E-99
 48   33     1.00000000000000E-99   1.00000000000000E-99
 49   33     1.00000000000000E-99   1.00000000000000E-99
 50   33     1.00000000000000E-99   1.00000000000000E-99
 51   33     1.00000000000000E-99   1.00000000000000E-99
 52   33     1.00000000000000E-99   1.00000000000000E-99
 53   33     1.00000000000000E-99   1.00000000000000E-99
 54   33     1.00000000000000E-99   1.00000000000000E-99
 55   33     1.00000000000000E-99   1.00000000000000E-99
 56   33     1.00000000000000E-99   1.00000000000000E-99
 57   33     1.00000000000000E-99   1.00000000000000E-99
 58   33     1.00000000000000E-99   1.00000000000000E-99
 59   33     1.00000000000000E-99   1.00000000000000E-99
 60   33     1.00000000000000E-99   1.00000000000000E-99
 61   33     1.00000000000000E-99   1.00000000000000E-99
 62   33     1.40730334624189E-25   1.33693817892980E-23
 63   33     1.00000000000000E-99   1.00000000000000E-99
 64   33     7.43896910267702E-25   7.21580002959671E-23
 65   33     7.93057874850922E-25   7.77196717353904E-23
 66   33     5.14502770623279E-23   5.09357742917046E-21
 67   33     7.96763402389106E-19   7.96763402389106E-17
 68   33     3.09891807685250E-17   3.12990725762103E-15
 69   33     3.49261316045654E-18   3.56246542366567E-16
 70   33     7.90088730490108E-11   8.13791392404811E-09
 71   33     3.18285046585403E-17   3.31016448448819E-15
 72   33     3.22569537382439E-09   3.38698014251561E-07
 73   33     6.47107715438622E-17   6.85934178364940E-15
 74   33     1.21731654526974E-09   1.30252870343862E-07
 75   33     1.89847377306595E-17   2.05035167491123E-15
 76   33     1.44415387209483E-11   1.57412772058337E-09
 77   33     9.21807355027665E-17   1.01398809053043E-14
 78   33     1.43249388060172E-11   1.59006820746791E-09
 79   33     2.66172533855249E-22   2.98113237917879E-20
 80   33     9.42948876023884E-25   1.06553222990699E-22
 81   33     2.84677386144423E-18   3.24532220204642E-16
 82   33     1.00000000000000E-99   1.00000000000000E-99
 25   34     1.00000000000000E-99   1.00000000000000E-99
 26   34     1.00000000000000E-99   1.00000000000000E-99
 27   34     1.00000000000000E-99   1.00000000000000E-99
 28   34     1.00000000000000E-99   1.00000000000000E-99
 29   34     1.00000000000000E-99   1.00000000000000E-99
 30   34     1.00000000000000E-99   1.00000000000000E-99
 31   34     1.00000000000000E-99   1.00000000000000E-99
 32   34     1.00000000000000E-99   1.00000000000000E-99
 33   34     1.00000000000000E-99   1.00000000000000E-99
 34   34     1.00000000000000E-99   1.00000000000000E-99
 35   34     1.00000000000000E-99   1.00000000000000E-99
 36   34     1.00000000000000E-99   1.00000000000000E-99
 37   34     1.00000000000000E-99   1.00000000000000E-99
 38   34     1.00000000000000E-99   1.00000000000000E-99
 39   34     1.00000000000000E-99   1.00000000000000E-99
 40   34     1.00000000000000E-99   1.00000000000000E-99
 41   34     1.00000000000000E-99   1.00000000000000E-99
 42   34     1.00000000000000E-99   1.00000000000000E-99
 43   34     1.00000000000000E-99   1.00000000000000E-99
 44   34     1.00000000000000E-99   1.00000000000000E-99
 45   34     1.00000000000000E-99   1.00000000000000E-99
 46   34     1.00000000000000E-99   1.00000000000000E-99
 47   34     1.00000000000000E-99   1.00000000000000E-99
 48   34     1.00000000000000E-99   1.00000000000000E-99
 49   34     1.00000000000000E-99   1.00000000000000E-99
 50   34     1.00000000000000E-99   1.00000000000000E-99
 51   34     1.00000000000000E-99   1.00000000000000E-99
 52   34     1.00000000000000E-99   1.00000000000000E-99
 53   34     1.00000000000000E-99   1.00000000000000E-99
 54   34     1.00000000000000E-99   1.00000000000000E-99
 55   34     1.00000000000000E-99   1.00000000000000E-99
 56   34     1.00000000000000E-99   1.00000000000000E-99
 57   34     1.00000000000000E-99   1.00000000000000E-99
 58   34     1.00000000000000E-99   1.00000000000000E-99
 59   34     1.00000000000000E-99   1.00000000000000E-99
 60   34     1.00000000000000E-99   1.00000000000000E-99
 61   34     1.00000000000000E-99   1.00000000000000E-99
 62   34     1.00000000000000E-99   1.00000000000000E-99
 63   34     1.00000000000000E-99   1.00000000000000E-99
 64   34     1.00000000000000E-99   1.00000000000000E-99
 65   34     1.00000000000000E-99   1.00000000000000E-99
 66   34     1.41857279533760E-25   1.41857279533760E-23
 67   34     2.57540407413273E-20   2.60115811487406E-18
 68   34     1.12581110074275E-18   1.14832732275761E-16
 69   34     4.48770413784596E-18   4.62233526198134E-16
 70   34     1.88630678478486E-13   1.96175905617625E-11
 71   34     4.87235991594692E-17   5.11597791174426E-15
 72   34     5.78398037067520E-11   6.13101919291572E-09
 73   34     1.17110679788639E-16   1.25308427373844E-14
 74   34     1.21573392519289E-08   1.31299263920833E-06
 75   34     2.53114233334585E-17   2.75894514334698E-15
 76   34     7.64934451810946E-11   8.41427896992041E-09
 77   34     3.13309028671943E-18   3.47773021825856E-16
 78   34     6.06970019429418E-12   6.79806421760949E-10
 79   34     1.00000000000000E-99   1.00000000000000E-99
 80   34     1.00000000000000E-99   1.00000000000000E-99
 81   34     6.50404725660379E-22   7.47965434509436E-20
 82   34     2.77249030083476E-18   3.21608874896833E-16
 83   34     1.39947133486478E-25   1.63738146179179E-23
 84   34     1.00000000000000E-99   1.00000000000000E-99
 26   35     1.00000000000000E-99   1.00000000000000E-99
 27   35     1.00000000000000E-99   1.00000000000000E-99
 28   35     1.00000000000000E-99   1.00000000000000E-99
 29   35     1.00000000000000E-99   1.00000000000000E-99
 30   35     1.00000000000000E-99   1.00000000000000E-99
 31   35     1.00000000000000E-99   1.00000000000000E-99
 32   35     1.00000000000000E-99   1.00000000000000E-99
 33   35     1.00000000000000E-99   1.00000000000000E-99
 34   35     1.00000000000000E-99   1.00000000000000E-99
 35   35     1.00000000000000E-99   1.00000000000000E-99
 36   35     1.00000000000000E-99   1.00000000000000E-99
 37   35     1.00000000000000E-99   1.00000000000000E-99
 38   35     1.00000000000000E-99   1.00000000000000E-99
 39   35     1.00000000000000E-99   1.00000000000000E-99
 40   35     1.00000000000000E-99   1.00000000000000E-99
 41   35     1.00000000000000E-99   1.00000000000000E-99
 42   35     1.00000000000000E-99   1.00000000000000E-99
 43   35     1.00000000000000E-99   1.00000000000000E-99
 44   35     1.00000000000000E-99   1.00000000000000E-99
 45   35     1.00000000000000E-99   1.00000000000000E-99
 46   35     1.00000000000000E-99   1.00000000000000E-99
 47   35     1.00000000000000E-99   1.00000000000000E-99
 48   35     1.00000000000000E-99   1.00000000000000E-99
 49   35     1.00000000000000E-99   1.00000000000000E-99
 50   35     1.00000000000000E-99   1.00000000000000E-99
 51   35     1.00000000000000E-99   1.00000000000000E-99
 52   35     1.00000000000000E-99   1.00000000000000E-99
 53   35     1.00000000000000E-99   1.00000000000000E-99
 54   35     1.00000000000000E-99   1.00000000000000E-99
 55   35     1.00000000000000E-99   1.00000000000000E-99
 56   35     1.00000000000000E-99   1.00000000000000E-99
 57   35     1.00000000000000E-99   1.00000000000000E-99
 58   35     1.00000000000000E-99   1.00000000000000E-99
 59   35     1.00000000000000E-99   1.00000000000000E-99
 60   35     1.00000000000000E-99   1.00000000000000E-99
 61   35     1.00000000000000E-99   1.00000000000000E-99
 62   35     1.00000000000000E-99   1.00000000000000E-99
 63   35     1.00000000000000E-99   1.00000000000000E-99
 64   35     1.00000000000000E-99   1.00000000000000E-99
 65   35     1.00000000000000E-99   1.00000000000000E-99
 66   35     1.00000000000000E-99   1.00000000000000E-99
 67   35     3.96530289463534E-25   4.04460895252804E-23
 68   35     5.19678905995973E-23   5.35269273175852E-21
 69   35     2.95747913549736E-21   3.07577830091725E-19
 70   35     3.77666272321592E-19   3.96549585937672E-17
 71   35     5.29346213001485E-18   5.61106985781574E-16
 72   35     6.11285484325027E-16   6.54075468227779E-14
 73   35     7.66715854685074E-17   8.28053123059880E-15
 74   35     2.58182614960888E-08   2.81419050307368E-06
 75   35     9.22750089703563E-20   1.01502509867392E-17
 76   35     1.32113846400580E-19   1.46646369504644E-17
 77   35     2.31571133140955E-19   2.59359669117869E-17
 78   35     5.71072590627315E-16   6.45312027408866E-14
 79   35     1.85202178894758E-19   2.11130483940024E-17
 80   35     4.41100676960228E-20   5.07265778504263E-18
 81   35     1.07398620239717E-17   1.24582399478071E-15
 82   35     1.74909797014926E-11   2.04644462507463E-09
 83   35     1.00000000000000E-99   1.00000000000000E-99
 84   35     1.00000000000000E-99   1.00000000000000E-99
 85   35     1.00000000000000E-99   1.00000000000000E-99
 86   35     1.00000000000000E-99   1.00000000000000E-99
 27   36     1.00000000000000E-99   1.00000000000000E-99
 28   36     1.00000000000000E-99   1.00000000000000E-99
 29   36     1.00000000000000E-99   1.00000000000000E-99
 30   36     1.00000000000000E-99   1.00000000000000E-99
 31   36     1.00000000000000E-99   1.00000000000000E-99
 32   36     1.00000000000000E-99   1.00000000000000E-99
 33   36     1.00000000000000E-99   1.00000000000000E-99
 34   36     1.00000000000000E-99   1.00000000000000E-99
 35   36     1.00000000000000E-99   1.00000000000000E-99
 36   36     1.00000000000000E-99   1.00000000000000E-99
 37   36     1.00000000000000E-99   1.00000000000000E-99
 38   36     1.00000000000000E-99   1.00000000000000E-99
 39   36     1.00000000000000E-99   1.00000000000000E-99
 40   36     1.00000000000000E-99   1.00000000000000E-99
 41   36     1.00000000000000E-99   1.00000000000000E-99
 42   36     1.00000000000000E-99   1.00000000000000E-99
 43   36     1.00000000000000E-99   1.00000000000000E-99
 44   36     1.00000000000000E-99   1.00000000000000E-99
 45   36     1.00000000000000E-99   1.00000000000000E-99
 46   36     1.00000000000000E-99   1.00000000000000E-99
 47   36     1.00000000000000E-99   1.00000000000000E-99
 48   36     1.00000000000000E-99   1.00000000000000E-99
 49   36     1.00000000000000E-99   1.00000000000000E-99
 50   36     1.00000000000000E-99   1.00000000000000E-99
 51   36     1.00000000000000E-99   1.00000000000000E-99
 52   36     1.00000000000000E-99   1.00000000000000E-99
 53   36     1.00000000000000E-99   1.00000000000000E-99
 54   36     1.00000000000000E-99   1.00000000000000E-99
 55   36     1.00000000000000E-99   1.00000000000000E-99
 56   36     1.00000000000000E-99   1.00000000000000E-99
 57   36     1.00000000000000E-99   1.00000000000000E-99
 58   36     1.00000000000000E-99   1.00000000000000E-99
 59   36     1.00000000000000E-99   1.00000000000000E-99
 60   36     1.00000000000000E-99   1.00000000000000E-99
 61   36     1.00000000000000E-99   1.00000000000000E-99
 62   36     1.00000000000000E-99   1.00000000000000E-99
 63   36     1.00000000000000E-99   1.00000000000000E-99
 64   36     1.00000000000000E-99   1.00000000000000E-99
 65   36     1.00000000000000E-99   1.00000000000000E-99
 66   36     1.00000000000000E-99   1.00000000000000E-99
 67   36     1.00000000000000E-99   1.00000000000000E-99
 68   36     1.00000000000000E-99   1.00000000000000E-99
 69   36     1.00000000000000E-99   1.00000000000000E-99
 70   36     9.32461481203350E-24   9.88409170075551E-22
 71   36     2.27340299941392E-17   2.43254120937289E-15
 72   36     5.72332452272628E-15   6.18119048454438E-13
 73   36     3.19319658679508E-15   3.48058427960663E-13
 74   36     1.00126889507369E-12   1.10139578458106E-10
 75   36     1.75445195328746E-17   1.94744166814908E-15
 76   36     2.63276780384370E-17   2.94869994030494E-15
 77   36     2.99083040737630E-16   3.37963836033522E-14
 78   36     5.66514743470759E-14   6.45826807556665E-12
 79   36     1.12245607100298E-16   1.29082448165343E-14
 80   36     4.28632393483320E-15   4.97213576440651E-13
 81   36     8.28664107993080E-13   9.69537006351904E-11
 82   36     1.96705339364521E-08   2.32112300450134E-06
 83   36     1.00000000000000E-99   1.00000000000000E-99
 84   36     1.00000000000000E-99   1.00000000000000E-99
 85   36     6.82392007885499E-24   8.25694329541454E-22
 86   36     1.00000000000000E-99   1.00000000000000E-99
 87   36     2.39276261380818E-25   2.94309801498406E-23
 88   36     1.00000000000000E-99   1.00000000000000E-99
 29   37     1.00000000000000E-99   1.00000000000000E-99
 30   37     1.00000000000000E-99   1.00000000000000E-99
 31   37     1.00000000000000E-99   1.00000000000000E-99
 32   37     1.00000000000000E-99   1.00000000000000E-99
 33   37     1.00000000000000E-99   1.00000000000000E-99
 34   37     1.00000000000000E-99   1.00000000000000E-99
 35   37     1.00000000000000E-99   1.00000000000000E-99
 36   37     1.00000000000000E-99   1.00000000000000E-99
 37   37     1.00000000000000E-99   1.00000000000000E-99
 38   37     1.00000000000000E-99   1.00000000000000E-99
 39   37     1.00000000000000E-99   1.00000000000000E-99
 40   37     1.00000000000000E-99   1.00000000000000E-99
 41   37     1.00000000000000E-99   1.00000000000000E-99
 42   37     1.00000000000000E-99   1.00000000000000E-99
 43   37     1.00000000000000E-99   1.00000000000000E-99
 44   37     1.00000000000000E-99   1.00000000000000E-99
 45   37     1.00000000000000E-99   1.00000000000000E-99
 46   37     1.00000000000000E-99   1.00000000000000E-99
 47   37     1.00000000000000E-99   1.00000000000000E-99
 48   37     1.00000000000000E-99   1.00000000000000E-99
 49   37     1.00000000000000E-99   1.00000000000000E-99
 50   37     1.00000000000000E-99   1.00000000000000E-99
 51   37     1.00000000000000E-99   1.00000000000000E-99
 52   37     1.00000000000000E-99   1.00000000000000E-99
 53   37     1.00000000000000E-99   1.00000000000000E-99
 54   37     1.00000000000000E-99   1.00000000000000E-99
 55   37     1.00000000000000E-99   1.00000000000000E-99
 56   37     1.00000000000000E-99   1.00000000000000E-99
 57   37     1.00000000000000E-99   1.00000000000000E-99
 58   37     1.00000000000000E-99   1.00000000000000E-99
 59   37     1.00000000000000E-99   1.00000000000000E-99
 60   37     1.00000000000000E-99   1.00000000000000E-99
 61   37     1.00000000000000E-99   1.00000000000000E-99
 62   37     1.00000000000000E-99   1.00000000000000E-99
 63   37     1.00000000000000E-99   1.00000000000000E-99
 64   37     1.00000000000000E-99   1.00000000000000E-99
 65   37     1.00000000000000E-99   1.00000000000000E-99
 66   37     1.00000000000000E-99   1.00000000000000E-99
 67   37     1.00000000000000E-99   1.00000000000000E-99
 68   37     1.00000000000000E-99   1.00000000000000E-99
 69   37     1.00000000000000E-99   1.00000000000000E-99
 70   37     1.74899993270295E-24   1.87142992799216E-22
 71   37     3.26222862623948E-23   3.52320691633864E-21
 72   37     1.01417961487287E-20   1.10545578021143E-18
 73   37     3.41959367825724E-21   3.76155304608296E-19
 74   37     7.57048580014972E-21   8.40323923816619E-19
 75   37     1.06047865004461E-22   1.18773608804996E-20
 76   37     4.68108971724481E-21   5.28963138048664E-19
 77   37     2.74534617110273E-22   3.12969463505711E-20
 78   37     1.38916703728169E-20   1.59754209287395E-18
 79   37     1.42156658048320E-18   1.64901723336052E-16
 80   37     8.90712430695222E-18   1.04213354391341E-15
 81   37     3.17729040430807E-16   3.74920267708352E-14
 82   37     3.54596361152497E-08   4.21969669771471E-06
 83   37     1.01069841543243E-24   1.21283809851891E-22
 84   37     2.42154113738558E-25   2.93006477623655E-23
 85   37     8.88569507496874E-22   1.08405479914619E-19
 86   37     1.00000000000000E-99   1.00000000000000E-99
 87   37     7.14746464104892E-24   8.86285615490067E-22
 88   37     1.00000000000000E-99   1.00000000000000E-99
 89   37     1.00000000000000E-99   1.00000000000000E-99
 90   37     1.00000000000000E-99   1.00000000000000E-99
 91   37     1.00000000000000E-99   1.00000000000000E-99
 30   38     1.00000000000000E-99   1.00000000000000E-99
 31   38     1.00000000000000E-99   1.00000000000000E-99
 32   38     1.00000000000000E-99   1.00000000000000E-99
 33   38     1.00000000000000E-99   1.00000000000000E-99
 34   38     1.00000000000000E-99   1.00000000000000E-99
 35   38     1.00000000000000E-99   1.00000000000000E-99
 36   38     1.00000000000000E-99   1.00000000000000E-99
 37   38     1.00000000000000E-99   1.00000000000000E-99
 38   38     1.00000000000000E-99   1.00000000000000E-99
 39   38     1.00000000000000E-99   1.00000000000000E-99
 40   38     1.00000000000000E-99   1.00000000000000E-99
 41   38     1.00000000000000E-99   1.00000000000000E-99
 42   38     1.00000000000000E-99   1.00000000000000E-99
 43   38     1.00000000000000E-99   1.00000000000000E-99
 44   38     1.00000000000000E-99   1.00000000000000E-99
 45   38     1.00000000000000E-99   1.00000000000000E-99
 46   38     1.00000000000000E-99   1.00000000000000E-99
 47   38     1.00000000000000E-99   1.00000000000000E-99
 48   38     1.00000000000000E-99   1.00000000000000E-99
 49   38     1.00000000000000E-99   1.00000000000000E-99
 50   38     1.00000000000000E-99   1.00000000000000E-99
 51   38     1.00000000000000E-99   1.00000000000000E-99
 52   38     1.00000000000000E-99   1.00000000000000E-99
 53   38     1.00000000000000E-99   1.00000000000000E-99
 54   38     1.00000000000000E-99   1.00000000000000E-99
 55   38     1.00000000000000E-99   1.00000000000000E-99
 56   38     1.00000000000000E-99   1.00000000000000E-99
 57   38     1.00000000000000E-99   1.00000000000000E-99
 58   38     1.00000000000000E-99   1.00000000000000E-99
 59   38     1.00000000000000E-99   1.00000000000000E-99
 60   38     1.00000000000000E-99   1.00000000000000E-99
 61   38     1.00000000000000E-99   1.00000000000000E-99
 62   38     1.00000000000000E-99   1.00000000000000E-99
 63   38     1.00000000000000E-99   1.00000000000000E-99
 64   38     1.00000000000000E-99   1.00000000000000E-99
 65   38     1.00000000000000E-99   1.00000000000000E-99
 66   38     1.00000000000000E-99   1.00000000000000E-99
 67   38     1.00000000000000E-99   1.00000000000000E-99
 68   38     1.00000000000000E-99   1.00000000000000E-99
 69   38     1.00000000000000E-99   1.00000000000000E-99
 70   38     1.00000000000000E-99   1.00000000000000E-99
 71   38     1.00000000000000E-99   1.00000000000000E-99
 72   38     1.00000000000000E-99   1.00000000000000E-99
 73   38     1.00000000000000E-99   1.00000000000000E-99
 74   38     1.00000000000000E-99   1.00000000000000E-99
 75   38     1.00000000000000E-99   1.00000000000000E-99
 76   38     1.00000000000000E-99   1.00000000000000E-99
 77   38     1.00000000000000E-99   1.00000000000000E-99
 78   38     6.86036668927842E-24   7.95802535956296E-22
 79   38     2.70296575052047E-17   3.16246992810895E-15
 80   38     6.01380414564701E-17   7.09628889186347E-15
 81   38     2.13754446209482E-16   2.54367790989284E-14
 82   38     3.30091648350122E-07   3.96109978020146E-05
 83   38     8.83741041544389E-21   1.06932666026871E-18
 84   38     3.03465351640062E-15   3.70227729000875E-13
 85   38     1.00000000000000E-99   1.00000000000000E-99
 86   38     1.00000000000000E-99   1.00000000000000E-99
 87   38     1.00000000000000E-99   1.00000000000000E-99
 88   38     1.00000000000000E-99   1.00000000000000E-99
 89   38     1.00000000000000E-99   1.00000000000000E-99
 90   38     1.69793855414571E-22   2.17336134930651E-20
 91   38     1.00000000000000E-99   1.00000000000000E-99
 92   38     1.16295412151314E-25   1.51184035796708E-23
 93   38     1.00000000000000E-99   1.00000000000000E-99
 31   39     1.00000000000000E-99   1.00000000000000E-99
 32   39     1.00000000000000E-99   1.00000000000000E-99
 33   39     1.00000000000000E-99   1.00000000000000E-99
 34   39     1.00000000000000E-99   1.00000000000000E-99
 35   39     1.00000000000000E-99   1.00000000000000E-99
 36   39     1.00000000000000E-99   1.00000000000000E-99
 37   39     1.00000000000000E-99   1.00000000000000E-99
 38   39     1.00000000000000E-99   1.00000000000000E-99
 39   39     1.00000000000000E-99   1.00000000000000E-99
 40   39     1.00000000000000E-99   1.00000000000000E-99
 41   39     1.00000000000000E-99   1.00000000000000E-99
 42   39     1.00000000000000E-99   1.00000000000000E-99
 43   39     1.00000000000000E-99   1.00000000000000E-99
 44   39     1.00000000000000E-99   1.00000000000000E-99
 45   39     1.00000000000000E-99   1.00000000000000E-99
 46   39     1.00000000000000E-99   1.00000000000000E-99
 47   39     1.00000000000000E-99   1.00000000000000E-99
 48   39     1.00000000000000E-99   1.00000000000000E-99
 49   39     1.00000000000000E-99   1.00000000000000E-99
 50   39     1.00000000000000E-99   1.00000000000000E-99
 51   39     1.00000000000000E-99   1.00000000000000E-99
 52   39     1.00000000000000E-99   1.00000000000000E-99
 53   39     1.00000000000000E-99   1.00000000000000E-99
 54   39     1.00000000000000E-99   1.00000000000000E-99
 55   39     1.00000000000000E-99   1.00000000000000E-99
 56   39     1.00000000000000E-99   1.00000000000000E-99
 57   39     1.00000000000000E-99   1.00000000000000E-99
 58   39     1.00000000000000E-99   1.00000000000000E-99
 59   39     1.00000000000000E-99   1.00000000000000E-99
 60   39     1.00000000000000E-99   1.00000000000000E-99
 61   39     1.00000000000000E-99   1.00000000000000E-99
 62   39     1.00000000000000E-99   1.00000000000000E-99
 63   39     1.00000000000000E-99   1.00000000000000E-99
 64   39     1.00000000000000E-99   1.00000000000000E-99
 65   39     1.00000000000000E-99   1.00000000000000E-99
 66   39     1.00000000000000E-99   1.00000000000000E-99
 67   39     1.00000000000000E-99   1.00000000000000E-99
 68   39     1.00000000000000E-99   1.00000000000000E-99
 69   39     1.00000000000000E-99   1.00000000000000E-99
 70   39     1.00000000000000E-99   1.00000000000000E-99
 71   39     1.00000000000000E-99   1.00000000000000E-99
 72   39     1.00000000000000E-99   1.00000000000000E-99
 73   39     1.00000000000000E-99   1.00000000000000E-99
 74   39     1.00000000000000E-99   1.00000000000000E-99
 75   39     1.00000000000000E-99   1.00000000000000E-99
 76   39     1.00000000000000E-99   1.00000000000000E-99
 77   39     1.00000000000000E-99   1.00000000000000E-99
 78   39     2.31343564698966E-25   2.70671970697790E-23
 79   39     3.56478143046406E-18   4.20644208794759E-16
 80   39     5.04858212580240E-17   6.00781272970486E-15
 81   39     2.09268807851504E-16   2.51122569421805E-14
 82   39     3.57617723878206E-06   4.32717445892629E-04
 83   39     2.69841035620297E-18   3.29206063456762E-16
 84   39     1.25678695229161E-11   1.54584795131868E-09
 85   39     1.00000000000000E-99   1.00000000000000E-99
 86   39     1.00000000000000E-99   1.00000000000000E-99
 87   39     1.00000000000000E-99   1.00000000000000E-99
 88   39     1.00000000000000E-99   1.00000000000000E-99
 89   39     1.00000000000000E-99   1.00000000000000E-99
 90   39     2.21409670941609E-20   2.85618475514675E-18
 91   39     1.00000000000000E-99   1.00000000000000E-99
 92   39     1.00000000000000E-99   1.00000000000000E-99
 93   39     1.00000000000000E-99   1.00000000000000E-99
 94   39     1.00000000000000E-99   1.00000000000000E-99
 95   39     1.00000000000000E-99   1.00000000000000E-99
 32   40     1.00000000000000E-99   1.00000000000000E-99
 33   40     1.00000000000000E-99   1.00000000000000E-99
 34   40     1.00000000000000E-99   1.00000000000000E-99
 35   40     1.00000000000000E-99   1.00000000000000E-99
 36   40     1.00000000000000E-99   1.00000000000000E-99
 37   40     1.00000000000000E-99   1.00000000000000E-99
 38   40     1.00000000000000E-99   1.00000000000000E-99
 39   40     1.00000000000000E-99   1.00000000000000E-99
 40   40     1.00000000000000E-99   1.00000000000000E-99
 41   40     1.00000000000000E-99   1.00000000000000E-99
 42   40     1.00000000000000E-99   1.00000000000000E-99
 43   40     1.00000000000000E-99   1.00000000000000E-99
 44   40     1.00000000000000E-99   1.00000000000000E-99
 45   40     1.00000000000000E-99   1.00000000000000E-99
 46   40     1.00000000000000E-99   1.00000000000000E-99
 47   40     1.00000000000000E-99   1.00000000000000E-99
 48   40     1.00000000000000E-99   1.00000000000000E-99
 49   40     1.00000000000000E-99   1.00000000000000E-99
 50   40     1.00000000000000E-99   1.00000000000000E-99
 51   40     1.00000000000000E-99   1.00000000000000E-99
 52   40     1.00000000000000E-99   1.00000000000000E-99
 53   40     1.00000000000000E-99   1.00000000000000E-99
 54   40     1.00000000000000E-99   1.00000000000000E-99
 55   40     1.00000000000000E-99   1.00000000000000E-99
 56   40     1.00000000000000E-99   1.00000000000000E-99
 57   40     1.00000000000000E-99   1.00000000000000E-99
 58   40     1.00000000000000E-99   1.00000000000000E-99
 59   40     1.00000000000000E-99   1.00000000000000E-99
 60   40     1.00000000000000E-99   1.00000000000000E-99
 61   40     1.00000000000000E-99   1.00000000000000E-99
 62   40     1.00000000000000E-99   1.00000000000000E-99
 63   40     1.00000000000000E-99   1.00000000000000E-99
 64   40     1.00000000000000E-99   1.00000000000000E-99
 65   40     1.00000000000000E-99   1.00000000000000E-99
 66   40     1.00000000000000E-99   1.00000000000000E-99
 67   40     1.00000000000000E-99   1.00000000000000E-99
 68   40     1.00000000000000E-99   1.00000000000000E-99
 69   40     1.00000000000000E-99   1.00000000000000E-99
 70   40     1.00000000000000E-99   1.00000000000000E-99
 71   40     1.00000000000000E-99   1.00000000000000E-99
 72   40     1.00000000000000E-99   1.00000000000000E-99
 73   40     1.00000000000000E-99   1.00000000000000E-99
 74   40     1.00000000000000E-99   1.00000000000000E-99
 75   40     1.00000000000000E-99   1.00000000000000E-99
 76   40     1.00000000000000E-99   1.00000000000000E-99
 77   40     1.00000000000000E-99   1.00000000000000E-99
 78   40     3.31287018375368E-25   3.90918681682935E-23
 79   40     3.20648088681783E-16   3.81571225531322E-14
 80   40     1.68439318229037E-15   2.02127181874844E-13
 81   40     2.89026534428881E-14   3.49722106658946E-12
 82   40     1.67492377146065E-04   2.04340700118200E-02
 83   40     4.93982881872068E-17   6.07598944702643E-15
 84   40     4.32844073633656E-09   5.36726651305734E-07
 85   40     3.34753785100096E-20   4.18442231375120E-18
 86   40     1.80411683212004E-12   2.27318720847125E-10
 87   40     2.21978874397141E-24   2.81913170484369E-22
 88   40     1.00000000000000E-99   1.00000000000000E-99
 89   40     1.00000000000000E-99   1.00000000000000E-99
 90   40     8.12907808718665E-17   1.05678015133426E-14
 91   40     1.00000000000000E-99   1.00000000000000E-99
 92   40     1.82206848741662E-20   2.40513040338994E-18
 93   40     1.00000000000000E-99   1.00000000000000E-99
 94   40     7.26219276369916E-24   9.73133830335687E-22
 95   40     1.00000000000000E-99   1.00000000000000E-99
 96   40     1.26914401742396E-25   1.72603586369659E-23
 97   40     1.00000000000000E-99   1.00000000000000E-99
 33   41     1.00000000000000E-99   1.00000000000000E-99
 34   41     1.00000000000000E-99   1.00000000000000E-99
 35   41     1.00000000000000E-99   1.00000000000000E-99
 36   41     1.00000000000000E-99   1.00000000000000E-99
 37   41     1.00000000000000E-99   1.00000000000000E-99
 38   41     1.00000000000000E-99   1.00000000000000E-99
 39   41     1.00000000000000E-99   1.00000000000000E-99
 40   41     1.00000000000000E-99   1.00000000000000E-99
 41   41     1.00000000000000E-99   1.00000000000000E-99
 42   41     1.00000000000000E-99   1.00000000000000E-99
 43   41     1.00000000000000E-99   1.00000000000000E-99
 44   41     1.00000000000000E-99   1.00000000000000E-99
 45   41     1.00000000000000E-99   1.00000000000000E-99
 46   41     1.00000000000000E-99   1.00000000000000E-99
 47   41     1.00000000000000E-99   1.00000000000000E-99
 48   41     1.00000000000000E-99   1.00000000000000E-99
 49   41     1.00000000000000E-99   1.00000000000000E-99
 50   41     1.00000000000000E-99   1.00000000000000E-99
 51   41     1.00000000000000E-99   1.00000000000000E-99
 52   41     1.00000000000000E-99   1.00000000000000E-99
 53   41     1.00000000000000E-99   1.00000000000000E-99
 54   41     1.00000000000000E-99   1.00000000000000E-99
 55   41     1.00000000000000E-99   1.00000000000000E-99
 56   41     1.00000000000000E-99   1.00000000000000E-99
 57   41     1.00000000000000E-99   1.00000000000000E-99
 58   41     1.00000000000000E-99   1.00000000000000E-99
 59   41     1.00000000000000E-99   1.00000000000000E-99
 60   41     1.00000000000000E-99   1.00000000000000E-99
 61   41     1.00000000000000E-99   1.00000000000000E-99
 62   41     1.00000000000000E-99   1.00000000000000E-99
 63   41     1.00000000000000E-99   1.00000000000000E-99
 64   41     1.00000000000000E-99   1.00000000000000E-99
 65   41     1.00000000000000E-99   1.00000000000000E-99
 66   41     1.00000000000000E-99   1.00000000000000E-99
 67   41     1.00000000000000E-99   1.00000000000000E-99
 68   41     1.00000000000000E-99   1.00000000000000E-99
 69   41     1.00000000000000E-99   1.00000000000000E-99
 70   41     1.00000000000000E-99   1.00000000000000E-99
 71   41     1.00000000000000E-99   1.00000000000000E-99
 72   41     1.00000000000000E-99   1.00000000000000E-99
 73   41     1.00000000000000E-99   1.00000000000000E-99
 74   41     1.00000000000000E-99   1.00000000000000E-99
 75   41     1.00000000000000E-99   1.00000000000000E-99
 76   41     1.00000000000000E-99   1.00000000000000E-99
 77   41     1.00000000000000E-99   1.00000000000000E-99
 78   41     2.41760351653336E-25   2.87694818467470E-23
 79   41     1.34780928165005E-16   1.61737113798006E-14
 80   41     3.85240180750923E-16   4.66140618708616E-14
 81   41     1.52165206498055E-14   1.85641551927627E-12
 82   41     1.87091520663022E-09   2.30122570415517E-07
 83   41     7.75676523922348E-13   9.61838889663712E-11
 84   41     7.03225065403894E-05   8.79031331754867E-03
 85   41     3.59527396098879E-16   4.53004519084587E-14
 86   41     4.13949930168017E-10   5.25716411313382E-08
 87   41     2.75159841276195E-21   3.52204596833529E-19
 88   41     1.35384320505832E-20   1.74645773452523E-18
 89   41     1.68498921314286E-24   2.19048597708571E-22
 90   41     1.49471672786697E-15   1.95807891350574E-13
 91   41     1.00000000000000E-99   1.00000000000000E-99
 92   41     1.39609642114732E-17   1.85680824012594E-15
 93   41     6.18854445772073E-25   8.29264957334578E-23
 94   41     5.13662675067486E-20   6.93444611341106E-18
 95   41     1.00000000000000E-99   1.00000000000000E-99
 96   41     1.00000000000000E-99   1.00000000000000E-99
 97   41     1.00000000000000E-99   1.00000000000000E-99
 98   41     1.00000000000000E-99   1.00000000000000E-99
 99   41     1.00000000000000E-99   1.00000000000000E-99
 35   42     1.00000000000000E-99   1.00000000000000E-99
 36   42     1.00000000000000E-99   1.00000000000000E-99
 37   42     1.00000000000000E-99   1.00000000000000E-99
 38   42     1.00000000000000E-99   1.00000000000000E-99
 39   42     1.00000000000000E-99   1.00000000000000E-99
 40   42     1.00000000000000E-99   1.00000000000000E-99
 41   42     1.00000000000000E-99   1.00000000000000E-99
 42   42     1.00000000000000E-99   1.00000000000000E-99
 43   42     1.00000000000000E-99   1.00000000000000E-99
 44   42     1.00000000000000E-99   1.00000000000000E-99
 45   42     1.00000000000000E-99   1.00000000000000E-99
 46   42     1.00000000000000E-99   1.00000000000000E-99
 47   42     1.00000000000000E-99   1.00000000000000E-99
 48   42     1.00000000000000E-99   1.00000000000000E-99
 49   42     1.00000000000000E-99   1.00000000000000E-99
 50   42     1.00000000000000E-99   1.00000000000000E-99
 51   42     1.00000000000000E-99   1.00000000000000E-99
 52   42     1.00000000000000E-99   1.00000000000000E-99
 53   42     1.00000000000000E-99   1.00000000000000E-99
 54   42     1.00000000000000E-99   1.00000000000000E-99
 55   42     1.00000000000000E-99   1.00000000000000E-99
 56   42     1.00000000000000E-99   1.00000000000000E-99
 57   42     1.00000000000000E-99   1.00000000000000E-99
 58   42     1.00000000000000E-99   1.00000000000000E-99
 59   42     1.00000000000000E-99   1.00000000000000E-99
 60   42     1.00000000000000E-99   1.00000000000000E-99
 61   42     1.00000000000000E-99   1.00000000000000E-99
 62   42     1.00000000000000E-99   1.00000000000000E-99
 63   42     1.00000000000000E-99   1.00000000000000E-99
 64   42     1.00000000000000E-99   1.00000000000000E-99
 65   42     1.00000000000000E-99   1.00000000000000E-99
 66   42     1.00000000000000E-99   1.00000000000000E-99
 67   42     1.00000000000000E-99   1.00000000000000E-99
 68   42     1.00000000000000E-99   1.00000000000000E-99
 69   42     1.00000000000000E-99   1.00000000000000E-99
 70   42     1.00000000000000E-99   1.00000000000000E-99
 71   42     1.00000000000000E-99   1.00000000000000E-99
 72   42     1.00000000000000E-99   1.00000000000000E-99
 73   42     1.00000000000000E-99   1.00000000000000E-99
 74   42     1.00000000000000E-99   1.00000000000000E-99
 75   42     1.00000000000000E-99   1.00000000000000E-99
 76   42     1.00000000000000E-99   1.00000000000000E-99
 77   42     1.00000000000000E-99   1.00000000000000E-99
 78   42     8.42834219644765E-25   1.01140106357372E-22
 79   42     7.45491666279300E-21   9.02044916197953E-19
 80   42     1.44244515216418E-19   1.75978308564030E-17
 81   42     7.43189606852779E-14   9.14123216428918E-12
 82   42     1.74200883821580E-10   2.16009095938759E-08
 83   42     6.63969009875922E-12   8.29961262344902E-10
 84   42     1.77861550586146E-04   2.24105553738544E-02
 85   42     2.14620615392355E-13   2.72568181548291E-11
 86   42     8.03167343845714E-07   1.02805420012251E-04
 87   42     1.78422888924122E-22   2.30165526712117E-20
 88   42     1.15037168418611E-12   1.49548318944195E-10
 89   42     2.77434136977771E-23   3.63438719440880E-21
 90   42     1.82167235954767E-13   2.40460751460292E-11
 91   42     1.60466234446788E-24   2.13420091814229E-22
 92   42     1.67659910189300E-14   2.24664279653662E-12
 93   42     1.00000000000000E-99   1.00000000000000E-99
 94   42     4.68172765253761E-16   6.36714960745115E-14
 95   42     1.00000000000000E-99   1.00000000000000E-99
 96   42     3.08031600288297E-18   4.25083608397850E-16
 97   42     1.00000000000000E-99   1.00000000000000E-99
 98   42     1.75248525086889E-23   2.45347935121644E-21
 99   42     1.00000000000000E-99   1.00000000000000E-99
100   42     2.41230821838811E-25   3.42547767011112E-23
101   42     1.48496212320216E-25   2.12349583617909E-23
102   42     1.20920254170222E-24   1.74125166005120E-22
 36   43     1.00000000000000E-99   1.00000000000000E-99
 37   43     1.00000000000000E-99   1.00000000000000E-99
 38   43     1.00000000000000E-99   1.00000000000000E-99
 39   43     1.00000000000000E-99   1.00000000000000E-99
 40   43     1.00000000000000E-99   1.00000000000000E-99
 41   43     1.00000000000000E-99   1.00000000000000E-99
 42   43     1.00000000000000E-99   1.00000000000000E-99
 43   43     1.00000000000000E-99   1.00000000000000E-99
 44   43     1.00000000000000E-99   1.00000000000000E-99
 45   43     1.00000000000000E-99   1.00000000000000E-99
 46   43     1.00000000000000E-99   1.00000000000000E-99
 47   43     1.00000000000000E-99   1.00000000000000E-99
 48   43     1.00000000000000E-99   1.00000000000000E-99
 49   43     1.00000000000000E-99   1.00000000000000E-99
 50   43     1.00000000000000E-99   1.00000000000000E-99
 51   43     1.00000000000000E-99   1.00000000000000E-99
 52   43     1.00000000000000E-99   1.00000000000000E-99
 53   43     1.00000000000000E-99   1.00000000000000E-99
 54   43     1.00000000000000E-99   1.00000000000000E-99
 55   43     1.00000000000000E-99   1.00000000000000E-99
 56   43     1.00000000000000E-99   1.00000000000000E-99
 57   43     1.00000000000000E-99   1.00000000000000E-99
 58   43     1.00000000000000E-99   1.00000000000000E-99
 59   43     1.00000000000000E-99   1.00000000000000E-99
 60   43     1.00000000000000E-99   1.00000000000000E-99
 61   43     1.00000000000000E-99   1.00000000000000E-99
 62   43     1.00000000000000E-99   1.00000000000000E-99
 63   43     1.00000000000000E-99   1.00000000000000E-99
 64   43     1.00000000000000E-99   1.00000000000000E-99
 65   43     1.00000000000000E-99   1.00000000000000E-99
 66   43     1.00000000000000E-99   1.00000000000000E-99
 67   43     1.00000000000000E-99   1.00000000000000E-99
 68   43     1.00000000000000E-99   1.00000000000000E-99
 69   43     1.00000000000000E-99   1.00000000000000E-99
 70   43     1.00000000000000E-99   1.00000000000000E-99
 71   43     1.00000000000000E-99   1.00000000000000E-99
 72   43     1.00000000000000E-99   1.00000000000000E-99
 73   43     1.00000000000000E-99   1.00000000000000E-99
 74   43     1.00000000000000E-99   1.00000000000000E-99
 75   43     1.00000000000000E-99   1.00000000000000E-99
 76   43     1.00000000000000E-99   1.00000000000000E-99
 77   43     1.00000000000000E-99   1.00000000000000E-99
 78   43     1.00000000000000E-99   1.00000000000000E-99
 79   43     1.73930445155457E-24   2.12195143089658E-22
 80   43     4.48928234090742E-23   5.52181727931613E-21
 81   43     8.79750689983351E-16   1.09089085557935E-13
 82   43     6.13277768145992E-12   7.66597210182490E-10
 83   43     3.72389104134505E-14   4.69210271209476E-12
 84   43     2.62263230921147E-09   3.33074303269857E-07
 85   43     3.36426714015403E-13   4.30626193939715E-11
 86   43     1.21620811542258E-04   1.56890846889513E-02
 87   43     3.57717421949845E-21   4.65032648534799E-19
 88   43     8.74594363279672E-12   1.14571861589637E-09
 89   43     3.98054615154949E-22   5.25432092004533E-20
 90   43     1.12423917508236E-17   1.49523810285954E-15
 91   43     5.05853920312258E-22   6.77844253218425E-20
 92   43     1.20722995986147E-12   1.62976044581299E-10
 93   43     6.39911333096947E-22   8.70279413011848E-20
 94   43     2.88919699481581E-14   3.95819988289766E-12
 95   43     1.55479233918840E-25   2.14561342807999E-23
 96   43     2.39735637737287E-16   3.33232536454829E-14
 97   43     1.00000000000000E-99   1.00000000000000E-99
 98   43     4.58876922022023E-20   6.47016460051052E-18
 99   43     1.00000000000000E-99   1.00000000000000E-99
100   43     3.37069919150826E-21   4.82009984385680E-19
101   43     1.00000000000000E-99   1.00000000000000E-99
102   43     1.00000000000000E-99   1.00000000000000E-99
103   43     1.00000000000000E-99   1.00000000000000E-99
104   43     1.00000000000000E-99   1.00000000000000E-99
 37   44     1.00000000000000E-99   1.00000000000000E-99
 38   44     1.00000000000000E-99   1.00000000000000E-99
 39   44     1.00000000000000E-99   1.00000000000000E-99
 40   44     1.00000000000000E-99   1.00000000000000E-99
 41   44     1.00000000000000E-99   1.00000000000000E-99
 42   44     1.00000000000000E-99   1.00000000000000E-99
 43   44     1.00000000000000E-99   1.00000000000000E-99
 44   44     1.00000000000000E-99   1.00000000000000E-99
 45   44     1.00000000000000E-99   1.00000000000000E-99
 46   44     1.00000000000000E-99   1.00000000000000E-99
 47   44     1.00000000000000E-99   1.00000000000000E-99
 48   44     1.00000000000000E-99   1.00000000000000E-99
 49   44     1.00000000000000E-99   1.00000000000000E-99
 50   44     1.00000000000000E-99   1.00000000000000E-99
 51   44     1.00000000000000E-99   1.00000000000000E-99
 52   44     1.00000000000000E-99   1.00000000000000E-99
 53   44     1.00000000000000E-99   1.00000000000000E-99
 54   44     1.00000000000000E-99   1.00000000000000E-99
 55   44     1.00000000000000E-99   1.00000000000000E-99
 56   44     1.00000000000000E-99   1.00000000000000E-99
 57   44     1.00000000000000E-99   1.00000000000000E-99
 58   44     1.00000000000000E-99   1.00000000000000E-99
 59   44     1.00000000000000E-99   1.00000000000000E-99
 60   44     1.00000000000000E-99   1.00000000000000E-99
 61   44     1.00000000000000E-99   1.00000000000000E-99
 62   44     1.00000000000000E-99   1.00000000000000E-99
 63   44     1.00000000000000E-99   1.00000000000000E-99
 64   44     1.00000000000000E-99   1.00000000000000E-99
 65   44     1.00000000000000E-99   1.00000000000000E-99
 66   44     1.00000000000000E-99   1.00000000000000E-99
 67   44     1.00000000000000E-99   1.00000000000000E-99
 68   44     1.00000000000000E-99   1.00000000000000E-99
 69   44     1.00000000000000E-99   1.00000000000000E-99
 70   44     1.00000000000000E-99   1.00000000000000E-99
 71   44     1.00000000000000E-99   1.00000000000000E-99
 72   44     1.00000000000000E-99   1.00000000000000E-99
 73   44     1.00000000000000E-99   1.00000000000000E-99
 74   44     1.00000000000000E-99   1.00000000000000E-99
 75   44     1.00000000000000E-99   1.00000000000000E-99
 76   44     1.00000000000000E-99   1.00000000000000E-99
 77   44     1.00000000000000E-99   1.00000000000000E-99
 78   44     1.00000000000000E-99   1.00000000000000E-99
 79   44     2.67888087190060E-25   3.29502347243774E-23
 80   44     1.23221376968982E-22   1.52794507441538E-20
 81   44     1.88740597648509E-19   2.35925747060636E-17
 82   44     4.31838075347643E-17   5.44115974938031E-15
 83   44     7.90223059140574E-13   1.00358328510853E-10
 84   44     5.59346442772485E-11   7.15963446748781E-09
 85   44     1.77650614560659E-12   2.29169292783251E-10
 86   44     2.37707040297623E-04   3.09019152386910E-02
 87   44     7.54223621938608E-20   9.88032944739577E-18
 88   44     4.84424247895158E-11   6.39440007221608E-09
 89   44     2.39703142327394E-19   3.18805179295434E-17
 90   44     1.04007983748435E-14   1.39370698222903E-12
 91   44     2.24606674536491E-19   3.03219010624262E-17
 92   44     7.85236060739044E-11   1.06792104260510E-08
 93   44     4.86451182751171E-19   6.66438120369104E-17
 94   44     2.46613638716891E-11   3.40326821429309E-09
 95   44     2.45732052461872E-21   3.41567552922002E-19
 96   44     6.78325697489361E-14   9.49655976485106E-12
 97   44     1.00000000000000E-99   1.00000000000000E-99
 98   44     3.33143845452026E-16   4.73064260541877E-14
 99   44     1.00000000000000E-99   1.00000000000000E-99
100   44     7.02902435581057E-18   1.01217950723672E-15
101   44     1.00000000000000E-99   1.00000000000000E-99
102   44     7.50309001692871E-20   1.09545114247159E-17
103   44     1.00000000000000E-99   1.00000000000000E-99
104   44     1.00000000000000E-99   1.00000000000000E-99
105   44     1.00000000000000E-99   1.00000000000000E-99
106   44     1.00000000000000E-99   1.00000000000000E-99
 38   45     1.00000000000000E-99   1.00000000000000E-99
 39   45     1.00000000000000E-99   1.00000000000000E-99
 40   45     1.00000000000000E-99   1.00000000000000E-99
 41   45     1.00000000000000E-99   1.00000000000000E-99
 42   45     1.00000000000000E-99   1.00000000000000E-99
 43   45     1.00000000000000E-99   1.00000000000000E-99
 44   45     1.00000000000000E-99   1.00000000000000E-99
 45   45     1.00000000000000E-99   1.00000000000000E-99
 46   45     1.00000000000000E-99   1.00000000000000E-99
 47   45     1.00000000000000E-99   1.00000000000000E-99
 48   45     1.00000000000000E-99   1.00000000000000E-99
 49   45     1.00000000000000E-99   1.00000000000000E-99
 50   45     1.00000000000000E-99   1.00000000000000E-99
 51   45     1.00000000000000E-99   1.00000000000000E-99
 52   45     1.00000000000000E-99   1.00000000000000E-99
 53   45     1.00000000000000E-99   1.00000000000000E-99
 54   45     1.00000000000000E-99   1.00000000000000E-99
 55   45     1.00000000000000E-99   1.00000000000000E-99
 56   45     1.00000000000000E-99   1.00000000000000E-99
 57   45     1.00000000000000E-99   1.00000000000000E-99
 58   45     1.00000000000000E-99   1.00000000000000E-99
 59   45     1.00000000000000E-99   1.00000000000000E-99
 60   45     1.00000000000000E-99   1.00000000000000E-99
 61   45     1.00000000000000E-99   1.00000000000000E-99
 62   45     1.00000000000000E-99   1.00000000000000E-99
 63   45     1.00000000000000E-99   1.00000000000000E-99
 64   45     1.00000000000000E-99   1.00000000000000E-99
 65   45     1.00000000000000E-99   1.00000000000000E-99
 66   45     1.00000000000000E-99   1.00000000000000E-99
 67   45     1.00000000000000E-99   1.00000000000000E-99
 68   45     1.00000000000000E-99   1.00000000000000E-99
 69   45     1.00000000000000E-99   1.00000000000000E-99
 70   45     1.00000000000000E-99   1.00000000000000E-99
 71   45     1.00000000000000E-99   1.00000000000000E-99
 72   45     1.00000000000000E-99   1.00000000000000E-99
 73   45     1.00000000000000E-99   1.00000000000000E-99
 74   45     1.00000000000000E-99   1.00000000000000E-99
 75   45     1.00000000000000E-99   1.00000000000000E-99
 76   45     1.00000000000000E-99   1.00000000000000E-99
 77   45     1.00000000000000E-99   1.00000000000000E-99
 78   45     1.00000000000000E-99   1.00000000000000E-99
 79   45     1.00000000000000E-99   1.00000000000000E-99
 80   45     1.00000000000000E-99   1.00000000000000E-99
 81   45     2.59662663929401E-23   3.27174956551046E-21
 82   45     4.59235615116178E-20   5.83229231197546E-18
 83   45     1.05049936525881E-14   1.34463918753128E-12
 84   45     1.34947439818025E-12   1.74082197365252E-10
 85   45     2.35419527009560E-13   3.06045385112428E-11
 86   45     8.16427426949774E-08   1.06951992930420E-05
 87   45     9.16775877233499E-14   1.21014415794822E-11
 88   45     5.91096407287789E-11   7.86158221692759E-09
 89   45     8.27794937668238E-14   1.10924521647544E-11
 90   45     1.71050390180356E-11   2.30918026743481E-09
 91   45     3.46299170698969E-14   4.70966872150598E-12
 92   45     9.66823545709387E-12   1.32454825762186E-09
 93   45     7.87691561374151E-14   1.08701435469633E-11
 94   45     2.51927247038286E-10   3.50178873383218E-08
 95   45     1.78822564744431E-13   2.50351590642204E-11
 96   45     1.62585507678504E-07   2.29245565826691E-05
 97   45     5.09161128157998E-13   7.23008801984357E-11
 98   45     4.55791150208162E-06   6.51781344797672E-04
 99   45     3.15880877576646E-13   4.54868463710370E-11
100   45     3.36153955530754E-05   4.87423235519593E-03
101   45     1.71563824395847E-13   2.50483183617937E-11
102   45     1.99318729826801E-07   2.92998532845397E-05
103   45     2.79215500481172E-22   4.13238940712135E-20
104   45     4.89025187151627E-24   7.28647528855924E-22
105   45     1.00000000000000E-99   1.00000000000000E-99
106   45     1.00000000000000E-99   1.00000000000000E-99
107   45     1.00000000000000E-99   1.00000000000000E-99
108   45     1.00000000000000E-99   1.00000000000000E-99
 40   46     1.00000000000000E-99   1.00000000000000E-99
 41   46     1.00000000000000E-99   1.00000000000000E-99
 42   46     1.00000000000000E-99   1.00000000000000E-99
 43   46     1.00000000000000E-99   1.00000000000000E-99
 44   46     1.00000000000000E-99   1.00000000000000E-99
 45   46     1.00000000000000E-99   1.00000000000000E-99
 46   46     1.00000000000000E-99   1.00000000000000E-99
 47   46     1.00000000000000E-99   1.00000000000000E-99
 48   46     1.00000000000000E-99   1.00000000000000E-99
 49   46     1.00000000000000E-99   1.00000000000000E-99
 50   46     1.00000000000000E-99   1.00000000000000E-99
 51   46     1.00000000000000E-99   1.00000000000000E-99
 52   46     1.00000000000000E-99   1.00000000000000E-99
 53   46     1.00000000000000E-99   1.00000000000000E-99
 54   46     1.00000000000000E-99   1.00000000000000E-99
 55   46     1.00000000000000E-99   1.00000000000000E-99
 56   46     1.00000000000000E-99   1.00000000000000E-99
 57   46     1.00000000000000E-99   1.00000000000000E-99
 58   46     1.00000000000000E-99   1.00000000000000E-99
 59   46     1.00000000000000E-99   1.00000000000000E-99
 60   46     1.00000000000000E-99   1.00000000000000E-99
 61   46     1.00000000000000E-99   1.00000000000000E-99
 62   46     1.00000000000000E-99   1.00000000000000E-99
 63   46     1.00000000000000E-99   1.00000000000000E-99
 64   46     1.00000000000000E-99   1.00000000000000E-99
 65   46     1.00000000000000E-99   1.00000000000000E-99
 66   46     1.00000000000000E-99   1.00000000000000E-99
 67   46     1.00000000000000E-99   1.00000000000000E-99
 68   46     1.00000000000000E-99   1.00000000000000E-99
 69   46     1.00000000000000E-99   1.00000000000000E-99
 70   46     1.00000000000000E-99   1.00000000000000E-99
 71   46     1.00000000000000E-99   1.00000000000000E-99
 72   46     1.00000000000000E-99   1.00000000000000E-99
 73   46     1.00000000000000E-99   1.00000000000000E-99
 74   46     1.00000000000000E-99   1.00000000000000E-99
 75   46     1.00000000000000E-99   1.00000000000000E-99
 76   46     1.00000000000000E-99   1.00000000000000E-99
 77   46     1.00000000000000E-99   1.00000000000000E-99
 78   46     1.00000000000000E-99   1.00000000000000E-99
 79   46     1.00000000000000E-99   1.00000000000000E-99
 80   46     1.00000000000000E-99   1.00000000000000E-99
 81   46     6.28493303127737E-24   7.98186494972226E-22
 82   46     1.29622691886243E-21   1.65917045614392E-19
 83   46     7.93440087471463E-17   1.02353771283819E-14
 84   46     6.01933071784286E-16   7.82512993319572E-14
 85   46     2.18841502132279E-16   2.86682367793286E-14
 86   46     9.08291782392731E-08   1.19894515275840E-05
 87   46     1.95048041892606E-19   2.59413895717166E-17
 88   46     1.84143818548192E-16   2.46752716854577E-14
 89   46     1.07521275850362E-19   1.45153722397989E-17
 90   46     1.03083159655644E-16   1.40193097131676E-14
 91   46     1.83961440405328E-19   2.52027173355300E-17
 92   46     4.90697696027049E-17   6.77162820517328E-15
 93   46     1.47864441946673E-16   2.05531574305875E-14
 94   46     1.02961220516260E-12   1.44145708722764E-10
 95   46     1.44399048761063E-14   2.03602658753099E-12
 96   46     3.04169995330988E-09   4.31921393370002E-07
 97   46     3.78599434901367E-13   5.41397191908955E-11
 98   46     1.51174812706039E-06   2.17691730296696E-04
 99   46     4.13276629322298E-13   5.99251112517332E-11
100   46     4.64770973896283E-05   6.78565621888574E-03
101   46     4.78747429753005E-14   7.03758721736917E-12
102   46     1.68445424143256E-07   2.49299227732019E-05
103   46     1.41186990068935E-21   2.10368615202713E-19
104   46     6.87372547459708E-17   1.03105882118956E-14
105   46     1.00000000000000E-99   1.00000000000000E-99
106   46     6.77349258473292E-24   1.02957087287940E-21
107   46     1.00000000000000E-99   1.00000000000000E-99
108   46     1.00000000000000E-99   1.00000000000000E-99
109   46     1.00000000000000E-99   1.00000000000000E-99
110   46     1.00000000000000E-99   1.00000000000000E-99
 41   47     1.00000000000000E-99   1.00000000000000E-99
 42   47     1.00000000000000E-99   1.00000000000000E-99
 43   47     1.00000000000000E-99   1.00000000000000E-99
 44   47     1.00000000000000E-99   1.00000000000000E-99
 45   47     1.00000000000000E-99   1.00000000000000E-99
 46   47     1.00000000000000E-99   1.00000000000000E-99
 47   47     1.00000000000000E-99   1.00000000000000E-99
 48   47     1.00000000000000E-99   1.00000000000000E-99
 49   47     1.00000000000000E-99   1.00000000000000E-99
 50   47     1.00000000000000E-99   1.00000000000000E-99
 51   47     1.00000000000000E-99   1.00000000000000E-99
 52   47     1.00000000000000E-99   1.00000000000000E-99
 53   47     1.00000000000000E-99   1.00000000000000E-99
 54   47     1.00000000000000E-99   1.00000000000000E-99
 55   47     1.00000000000000E-99   1.00000000000000E-99
 56   47     1.00000000000000E-99   1.00000000000000E-99
 57   47     1.00000000000000E-99   1.00000000000000E-99
 58   47     1.00000000000000E-99   1.00000000000000E-99
 59   47     1.00000000000000E-99   1.00000000000000E-99
 60   47     1.00000000000000E-99   1.00000000000000E-99
 61   47     1.00000000000000E-99   1.00000000000000E-99
 62   47     1.00000000000000E-99   1.00000000000000E-99
 63   47     1.00000000000000E-99   1.00000000000000E-99
 64   47     1.00000000000000E-99   1.00000000000000E-99
 65   47     1.00000000000000E-99   1.00000000000000E-99
 66   47     1.00000000000000E-99   1.00000000000000E-99
 67   47     1.00000000000000E-99   1.00000000000000E-99
 68   47     1.00000000000000E-99   1.00000000000000E-99
 69   47     1.00000000000000E-99   1.00000000000000E-99
 70   47     1.00000000000000E-99   1.00000000000000E-99
 71   47     1.00000000000000E-99   1.00000000000000E-99
 72   47     1.00000000000000E-99   1.00000000000000E-99
 73   47     1.00000000000000E-99   1.00000000000000E-99
 74   47     1.00000000000000E-99   1.00000000000000E-99
 75   47     1.00000000000000E-99   1.00000000000000E-99
 76   47     1.00000000000000E-99   1.00000000000000E-99
 77   47     1.00000000000000E-99   1.00000000000000E-99
 78   47     1.00000000000000E-99   1.00000000000000E-99
 79   47     1.00000000000000E-99   1.00000000000000E-99
 80   47     1.00000000000000E-99   1.00000000000000E-99
 81   47     1.00000000000000E-99   1.00000000000000E-99
 82   47     1.00000000000000E-99   1.00000000000000E-99
 83   47     3.34752737873851E-19   4.35178559236006E-17
 84   47     1.12771560886552E-17   1.47730744761383E-15
 85   47     9.90984183552818E-18   1.30809912228972E-15
 86   47     1.49548350123795E-11   1.98899305664647E-09
 87   47     3.29533194766707E-18   4.41574480987387E-16
 88   47     8.80196045178127E-16   1.18826466099047E-13
 89   47     1.66272593205722E-18   2.26130726759782E-16
 90   47     1.03598026508854E-15   1.41929296317129E-13
 91   47     3.12332975905577E-18   4.31019506749696E-16
 92   47     2.96410562184223E-17   4.12010681436070E-15
 93   47     2.53640156673034E-18   3.55096219342247E-16
 94   47     2.22552526958564E-16   3.13799063011575E-14
 95   47     3.57135051582516E-16   5.07131773247172E-14
 96   47     3.02717406533840E-14   4.32885891343391E-12
 97   47     3.10744591837601E-14   4.47472212246145E-12
 98   47     4.02544127211390E-12   5.83688984456516E-10
 99   47     5.51055918896734E-14   8.04541641589232E-12
100   47     4.94577547597537E-10   7.27028994968380E-08
101   47     2.63236643066579E-13   3.89590231738537E-11
102   47     3.54369541681472E-05   5.28010617105393E-03
103   47     2.30998076468059E-13   3.46497114702088E-11
104   47     2.22424203365691E-06   3.35860547082194E-04
105   47     3.81278272117761E-19   5.79542973618997E-17
106   47     5.54228362085500E-14   8.47969393990816E-12
107   47     1.00000000000000E-99   1.00000000000000E-99
108   47     4.35859622886410E-21   6.75582415473935E-19
109   47     1.00000000000000E-99   1.00000000000000E-99
110   47     2.24118005891305E-23   3.51865269249348E-21
111   47     1.00000000000000E-99   1.00000000000000E-99
112   47     1.00000000000000E-99   1.00000000000000E-99
113   47     1.00000000000000E-99   1.00000000000000E-99
 42   48     1.00000000000000E-99   1.00000000000000E-99
 43   48     1.00000000000000E-99   1.00000000000000E-99
 44   48     1.00000000000000E-99   1.00000000000000E-99
 45   48     1.00000000000000E-99   1.00000000000000E-99
 46   48     1.00000000000000E-99   1.00000000000000E-99
 47   48     1.00000000000000E-99   1.00000000000000E-99
 48   48     1.00000000000000E-99   1.00000000000000E-99
 49   48     1.00000000000000E-99   1.00000000000000E-99
 50   48     1.00000000000000E-99   1.00000000000000E-99
 51   48     1.00000000000000E-99   1.00000000000000E-99
 52   48     1.00000000000000E-99   1.00000000000000E-99
 53   48     1.00000000000000E-99   1.00000000000000E-99
 54   48     1.00000000000000E-99   1.00000000000000E-99
 55   48     1.00000000000000E-99   1.00000000000000E-99
 56   48     1.00000000000000E-99   1.00000000000000E-99
 57   48     1.00000000000000E-99   1.00000000000000E-99
 58   48     1.00000000000000E-99   1.00000000000000E-99
 59   48     1.00000000000000E-99   1.00000000000000E-99
 60   48     1.00000000000000E-99   1.00000000000000E-99
 61   48     1.00000000000000E-99   1.00000000000000E-99
 62   48     1.00000000000000E-99   1.00000000000000E-99
 63   48     1.00000000000000E-99   1.00000000000000E-99
 64   48     1.00000000000000E-99   1.00000000000000E-99
 65   48     1.00000000000000E-99   1.00000000000000E-99
 66   48     1.00000000000000E-99   1.00000000000000E-99
 67   48     1.00000000000000E-99   1.00000000000000E-99
 68   48     1.00000000000000E-99   1.00000000000000E-99
 69   48     1.00000000000000E-99   1.00000000000000E-99
 70   48     1.00000000000000E-99   1.00000000000000E-99
 71   48     1.00000000000000E-99   1.00000000000000E-99
 72   48     1.00000000000000E-99   1.00000000000000E-99
 73   48     1.00000000000000E-99   1.00000000000000E-99
 74   48     1.00000000000000E-99   1.00000000000000E-99
 75   48     1.00000000000000E-99   1.00000000000000E-99
 76   48     1.00000000000000E-99   1.00000000000000E-99
 77   48     1.00000000000000E-99   1.00000000000000E-99
 78   48     1.00000000000000E-99   1.00000000000000E-99
 79   48     1.00000000000000E-99   1.00000000000000E-99
 80   48     1.00000000000000E-99   1.00000000000000E-99
 81   48     1.00000000000000E-99   1.00000000000000E-99
 82   48     1.00000000000000E-99   1.00000000000000E-99
 83   48     8.21152513513537E-22   1.07570979270273E-19
 84   48     5.02047893944228E-21   6.62703220006380E-19
 85   48     4.23600131992914E-21   5.63388175550576E-19
 86   48     3.97000078002733E-20   5.31980104523662E-18
 87   48     6.45170854702996E-21   8.70980653849045E-19
 88   48     9.08106113225335E-16   1.23502431398646E-13
 89   48     2.03756909806763E-21   2.79146966435265E-19
 90   48     1.13511206962341E-17   1.56645465608031E-15
 91   48     6.69361472737380E-22   9.30412447104958E-20
 92   48     2.61347945985162E-20   3.65887124379227E-18
 93   48     7.00500429225281E-22   9.87705605207647E-20
 94   48     1.59645515336372E-19   2.26696631777648E-17
 95   48     3.27805113188201E-21   4.68761311859128E-19
 96   48     5.06817472143310E-19   7.29817159886367E-17
 97   48     4.03749489116383E-19   5.85436759218756E-17
 98   48     1.08126661306028E-16   1.57864925506801E-14
 99   48     2.44571243750053E-14   3.59519728312578E-12
100   48     7.39804436650435E-11   1.09491056624264E-08
101   48     3.61051854913238E-13   5.37967263820724E-11
102   48     7.80129192326711E-07   1.17019378849007E-04
103   48     2.36504971710546E-12   3.57122507282924E-10
104   48     3.66913128423660E-05   5.57707955203964E-03
105   48     5.92186488224303E-17   9.06045326983184E-15
106   48     9.67952429770128E-11   1.49064674184600E-08
107   48     1.82467581540633E-22   2.82824751387981E-20
108   48     8.15550164706075E-17   1.27225825694148E-14
109   48     1.00000000000000E-99   1.00000000000000E-99
110   48     7.87344187076787E-20   1.24400381558132E-17
111   48     1.00000000000000E-99   1.00000000000000E-99
112   48     3.20912004146436E-21   5.13459206634298E-19
113   48     1.00000000000000E-99   1.00000000000000E-99
114   48     1.00000000000000E-99   1.00000000000000E-99
115   48     1.00000000000000E-99   1.00000000000000E-99
 43   49     1.00000000000000E-99   1.00000000000000E-99
 44   49     1.00000000000000E-99   1.00000000000000E-99
 45   49     1.00000000000000E-99   1.00000000000000E-99
 46   49     1.00000000000000E-99   1.00000000000000E-99
 47   49     1.00000000000000E-99   1.00000000000000E-99
 48   49     1.00000000000000E-99   1.00000000000000E-99
 49   49     1.00000000000000E-99   1.00000000000000E-99
 50   49     1.00000000000000E-99   1.00000000000000E-99
 51   49     1.00000000000000E-99   1.00000000000000E-99
 52   49     1.00000000000000E-99   1.00000000000000E-99
 53   49     1.00000000000000E-99   1.00000000000000E-99
 54   49     1.00000000000000E-99   1.00000000000000E-99
 55   49     1.00000000000000E-99   1.00000000000000E-99
 56   49     1.00000000000000E-99   1.00000000000000E-99
 57   49     1.00000000000000E-99   1.00000000000000E-99
 58   49     1.00000000000000E-99   1.00000000000000E-99
 59   49     1.00000000000000E-99   1.00000000000000E-99
 60   49     1.00000000000000E-99   1.00000000000000E-99
 61   49     1.00000000000000E-99   1.00000000000000E-99
 62   49     1.00000000000000E-99   1.00000000000000E-99
 63   49     1.00000000000000E-99   1.00000000000000E-99
 64   49     1.00000000000000E-99   1.00000000000000E-99
 65   49     1.00000000000000E-99   1.00000000000000E-99
 66   49     1.00000000000000E-99   1.00000000000000E-99
 67   49     1.00000000000000E-99   1.00000000000000E-99
 68   49     1.00000000000000E-99   1.00000000000000E-99
 69   49     1.00000000000000E-99   1.00000000000000E-99
 70   49     1.00000000000000E-99   1.00000000000000E-99
 71   49     1.00000000000000E-99   1.00000000000000E-99
 72   49     1.00000000000000E-99   1.00000000000000E-99
 73   49     1.00000000000000E-99   1.00000000000000E-99
 74   49     1.00000000000000E-99   1.00000000000000E-99
 75   49     1.00000000000000E-99   1.00000000000000E-99
 76   49     1.00000000000000E-99   1.00000000000000E-99
 77   49     1.00000000000000E-99   1.00000000000000E-99
 78   49     1.00000000000000E-99   1.00000000000000E-99
 79   49     1.00000000000000E-99   1.00000000000000E-99
 80   49     1.00000000000000E-99   1.00000000000000E-99
 81   49     1.00000000000000E-99   1.00000000000000E-99
 82   49     1.00000000000000E-99   1.00000000000000E-99
 83   49     1.00000000000000E-99   1.00000000000000E-99
 84   49     1.00000000000000E-99   1.00000000000000E-99
 85   49     1.00000000000000E-99   1.00000000000000E-99
 86   49     1.00000000000000E-99   1.00000000000000E-99
 87   49     1.00000000000000E-99   1.00000000000000E-99
 88   49     4.46416370930895E-24   6.11590428175326E-22
 89   49     1.00000000000000E-99   1.00000000000000E-99
 90   49     2.19186625611616E-24   3.04669409600146E-22
 91   49     1.00000000000000E-99   1.00000000000000E-99
 92   49     1.00000000000000E-99   1.00000000000000E-99
 93   49     1.00000000000000E-99   1.00000000000000E-99
 94   49     2.77219134026046E-25   3.96423361657245E-23
 95   49     1.00000000000000E-99   1.00000000000000E-99
 96   49     3.98203361340159E-23   5.77394873943231E-21
 97   49     4.26556608129346E-21   6.22772647868845E-19
 98   49     2.28397680829672E-19   3.35744590819618E-17
 99   49     1.02447192732485E-16   1.51621845244078E-14
100   49     1.16965312388977E-14   1.74278315459576E-12
101   49     1.93785208847416E-14   2.90677813271123E-12
102   49     7.08935446809070E-12   1.07049252468170E-09
103   49     1.19938837146073E-13   1.82307032462031E-11
104   49     9.67836688666870E-10   1.48079013366031E-07
105   49     2.43864969214166E-13   3.75552052589816E-11
106   49     8.82517629893278E-07   1.36790232633458E-04
107   49     5.14747605019748E-13   8.03006263830808E-11
108   49     5.12283375824735E-06   8.04284900044834E-04
109   49     1.29663590363500E-13   2.04868472774330E-11
110   49     1.79250993049215E-05   2.85009078948252E-03
111   49     1.71530149080683E-14   2.74448238529093E-12
112   49     4.10197654393982E-10   6.60418223574311E-08
113   49     6.88374703847497E-21   1.11516702023294E-18
114   49     7.90729116133515E-19   1.28888845929763E-16
115   49     1.00000000000000E-99   1.00000000000000E-99
116   49     1.00000000000000E-99   1.00000000000000E-99
117   49     1.00000000000000E-99   1.00000000000000E-99
 44   50     1.00000000000000E-99   1.00000000000000E-99
 45   50     1.00000000000000E-99   1.00000000000000E-99
 46   50     1.00000000000000E-99   1.00000000000000E-99
 47   50     1.00000000000000E-99   1.00000000000000E-99
 48   50     1.00000000000000E-99   1.00000000000000E-99
 49   50     1.00000000000000E-99   1.00000000000000E-99
 50   50     1.00000000000000E-99   1.00000000000000E-99
 51   50     1.00000000000000E-99   1.00000000000000E-99
 52   50     1.00000000000000E-99   1.00000000000000E-99
 53   50     1.00000000000000E-99   1.00000000000000E-99
 54   50     1.00000000000000E-99   1.00000000000000E-99
 55   50     1.00000000000000E-99   1.00000000000000E-99
 56   50     1.00000000000000E-99   1.00000000000000E-99
 57   50     1.00000000000000E-99   1.00000000000000E-99
 58   50     1.00000000000000E-99   1.00000000000000E-99
 59   50     1.00000000000000E-99   1.00000000000000E-99
 60   50     1.00000000000000E-99   1.00000000000000E-99
 61   50     1.00000000000000E-99   1.00000000000000E-99
 62   50     1.00000000000000E-99   1.00000000000000E-99
 63   50     1.00000000000000E-99   1.00000000000000E-99
 64   50     1.00000000000000E-99   1.00000000000000E-99
 65   50     1.00000000000000E-99   1.00000000000000E-99
 66   50     1.00000000000000E-99   1.00000000000000E-99
 67   50     1.00000000000000E-99   1.00000000000000E-99
 68   50     1.00000000000000E-99   1.00000000000000E-99
 69   50     1.00000000000000E-99   1.00000000000000E-99
 70   50     1.00000000000000E-99   1.00000000000000E-99
 71   50     1.00000000000000E-99   1.00000000000000E-99
 72   50     1.00000000000000E-99   1.00000000000000E-99
 73   50     1.00000000000000E-99   1.00000000000000E-99
 74   50     1.00000000000000E-99   1.00000000000000E-99
 75   50     1.00000000000000E-99   1.00000000000000E-99
 76   50     1.00000000000000E-99   1.00000000000000E-99
 77   50     1.00000000000000E-99   1.00000000000000E-99
 78   50     1.00000000000000E-99   1.00000000000000E-99
 79   50     1.00000000000000E-99   1.00000000000000E-99
 80   50     1.00000000000000E-99   1.00000000000000E-99
 81   50     1.00000000000000E-99   1.00000000000000E-99
 82   50     1.00000000000000E-99   1.00000000000000E-99
 83   50     1.00000000000000E-99   1.00000000000000E-99
 84   50     1.00000000000000E-99   1.00000000000000E-99
 85   50     1.00000000000000E-99   1.00000000000000E-99
 86   50     1.00000000000000E-99   1.00000000000000E-99
 87   50     1.00000000000000E-99   1.00000000000000E-99
 88   50     1.00000000000000E-99   1.00000000000000E-99
 89   50     1.00000000000000E-99   1.00000000000000E-99
 90   50     1.00000000000000E-99   1.00000000000000E-99
 91   50     1.00000000000000E-99   1.00000000000000E-99
 92   50     1.00000000000000E-99   1.00000000000000E-99
 93   50     1.00000000000000E-99   1.00000000000000E-99
 94   50     1.00000000000000E-99   1.00000000000000E-99
 95   50     1.00000000000000E-99   1.00000000000000E-99
 96   50     3.14160739157085E-25   4.58674679169344E-23
 97   50     1.41327894298861E-24   2.07752004619326E-22
 98   50     1.81543313050189E-22   2.68684103314280E-20
 99   50     4.80158422647419E-22   7.15436049744655E-20
100   50     1.33910012454716E-19   2.00865018682075E-17
101   50     7.37179331112476E-19   1.11314078997984E-16
102   50     1.52700529008991E-16   2.32104804093666E-14
103   50     2.40755471967413E-15   3.68355872110142E-13
104   50     3.26044650422629E-11   5.02108761650848E-09
105   50     3.80609546349504E-14   5.89944796841731E-12
106   50     2.24229397211495E-08   3.49797859649932E-06
107   50     5.60824433924104E-13   8.80494361260844E-11
108   50     1.75460157245402E-07   2.77227048447736E-05
109   50     1.64586389393224E-13   2.61692359135227E-11
110   50     2.36275100608606E-05   3.78040160973770E-03
111   50     6.73496287038941E-17   1.08432902213269E-14
112   50     4.37513421177266E-10   7.08771742307171E-08
113   50     1.27312667227712E-20   2.07519647581170E-18
114   50     1.28897017886468E-14   2.11391109333808E-12
115   50     1.09310595327931E-23   1.80362482291086E-21
116   50     3.21018056337438E-21   5.32889973520147E-19
117   50     1.00000000000000E-99   1.00000000000000E-99
118   50     1.00000000000000E-99   1.00000000000000E-99
119   50     1.00000000000000E-99   1.00000000000000E-99
 46   51     1.00000000000000E-99   1.00000000000000E-99
 47   51     1.00000000000000E-99   1.00000000000000E-99
 48   51     1.00000000000000E-99   1.00000000000000E-99
 49   51     1.00000000000000E-99   1.00000000000000E-99
 50   51     1.00000000000000E-99   1.00000000000000E-99
 51   51     1.00000000000000E-99   1.00000000000000E-99
 52   51     1.00000000000000E-99   1.00000000000000E-99
 53   51     1.00000000000000E-99   1.00000000000000E-99
 54   51     1.00000000000000E-99   1.00000000000000E-99
 55   51     1.00000000000000E-99   1.00000000000000E-99
 56   51     1.00000000000000E-99   1.00000000000000E-99
 57   51     1.00000000000000E-99   1.00000000000000E-99
 58   51     1.00000000000000E-99   1.00000000000000E-99
 59   51     1.00000000000000E-99   1.00000000000000E-99
 60   51     1.00000000000000E-99   1.00000000000000E-99
 61   51     1.00000000000000E-99   1.00000000000000E-99
 62   51     1.00000000000000E-99   1.00000000000000E-99
 63   51     1.00000000000000E-99   1.00000000000000E-99
 64   51     1.00000000000000E-99   1.00000000000000E-99
 65   51     1.00000000000000E-99   1.00000000000000E-99
 66   51     1.00000000000000E-99   1.00000000000000E-99
 67   51     1.00000000000000E-99   1.00000000000000E-99
 68   51     1.00000000000000E-99   1.00000000000000E-99
 69   51     1.00000000000000E-99   1.00000000000000E-99
 70   51     1.00000000000000E-99   1.00000000000000E-99
 71   51     1.00000000000000E-99   1.00000000000000E-99
 72   51     1.00000000000000E-99   1.00000000000000E-99
 73   51     1.00000000000000E-99   1.00000000000000E-99
 74   51     1.00000000000000E-99   1.00000000000000E-99
 75   51     1.00000000000000E-99   1.00000000000000E-99
 76   51     1.00000000000000E-99   1.00000000000000E-99
 77   51     1.00000000000000E-99   1.00000000000000E-99
 78   51     1.00000000000000E-99   1.00000000000000E-99
 79   51     1.00000000000000E-99   1.00000000000000E-99
 80   51     1.00000000000000E-99   1.00000000000000E-99
 81   51     1.00000000000000E-99   1.00000000000000E-99
 82   51     1.00000000000000E-99   1.00000000000000E-99
 83   51     1.00000000000000E-99   1.00000000000000E-99
 84   51     1.00000000000000E-99   1.00000000000000E-99
 85   51     1.00000000000000E-99   1.00000000000000E-99
 86   51     1.00000000000000E-99   1.00000000000000E-99
 87   51     1.00000000000000E-99   1.00000000000000E-99
 88   51     1.00000000000000E-99   1.00000000000000E-99
 89   51     1.00000000000000E-99   1.00000000000000E-99
 90   51     1.00000000000000E-99   1.00000000000000E-99
 91   51     1.00000000000000E-99   1.00000000000000E-99
 92   51     1.00000000000000E-99   1.00000000000000E-99
 93   51     1.00000000000000E-99   1.00000000000000E-99
 94   51     1.00000000000000E-99   1.00000000000000E-99
 95   51     1.00000000000000E-99   1.00000000000000E-99
 96   51     1.00000000000000E-99   1.00000000000000E-99
 97   51     1.00000000000000E-99   1.00000000000000E-99
 98   51     1.00000000000000E-99   1.00000000000000E-99
 99   51     1.00000000000000E-99   1.00000000000000E-99
100   51     2.46566398700626E-24   3.72315262037946E-22
101   51     1.00385659924167E-21   1.52586203084735E-19
102   51     1.70859107366611E-19   2.61414434270914E-17
103   51     4.29082765129225E-18   6.60787458299007E-16
104   51     3.88704056135451E-16   6.02491287009949E-14
105   51     6.93210677244834E-17   1.08140865650194E-14
106   51     3.46170212831861E-14   5.43487234146021E-12
107   51     2.34350503192460E-14   3.70273795044087E-12
108   51     3.52144838675405E-12   5.59910293493894E-10
109   51     4.29023442180959E-14   6.86437507489535E-12
110   51     1.92831409388354E-09   3.10458569115250E-07
111   51     3.24612314698843E-14   5.25871949812126E-12
112   51     3.61168718949318E-09   5.88705011887388E-07
113   51     1.11850642671324E-13   1.83435053980971E-11
114   51     3.56796327010098E-07   5.88713939566662E-05
115   51     4.15347791750023E-13   6.89477334305038E-11
116   51     7.26742040972034E-06   1.21365920842330E-03
117   51     2.32642880042615E-11   3.90840038471594E-09
118   51     4.18801707555458E-06   7.07774885768725E-04
119   51     1.86494425075429E-15   3.17040522628229E-13
120   51     1.00000000000000E-99   1.00000000000000E-99
121   51     1.00000000000000E-99   1.00000000000000E-99
 47   52     1.00000000000000E-99   1.00000000000000E-99
 48   52     1.00000000000000E-99   1.00000000000000E-99
 49   52     1.00000000000000E-99   1.00000000000000E-99
 50   52     1.00000000000000E-99   1.00000000000000E-99
 51   52     1.00000000000000E-99   1.00000000000000E-99
 52   52     1.00000000000000E-99   1.00000000000000E-99
 53   52     1.00000000000000E-99   1.00000000000000E-99
 54   52     1.00000000000000E-99   1.00000000000000E-99
 55   52     1.00000000000000E-99   1.00000000000000E-99
 56   52     1.00000000000000E-99   1.00000000000000E-99
 57   52     1.00000000000000E-99   1.00000000000000E-99
 58   52     1.00000000000000E-99   1.00000000000000E-99
 59   52     1.00000000000000E-99   1.00000000000000E-99
 60   52     1.00000000000000E-99   1.00000000000000E-99
 61   52     1.00000000000000E-99   1.00000000000000E-99
 62   52     1.00000000000000E-99   1.00000000000000E-99
 63   52     1.00000000000000E-99   1.00000000000000E-99
 64   52     1.00000000000000E-99   1.00000000000000E-99
 65   52     1.00000000000000E-99   1.00000000000000E-99
 66   52     1.00000000000000E-99   1.00000000000000E-99
 67   52     1.00000000000000E-99   1.00000000000000E-99
 68   52     1.00000000000000E-99   1.00000000000000E-99
 69   52     1.00000000000000E-99   1.00000000000000E-99
 70   52     1.00000000000000E-99   1.00000000000000E-99
 71   52     1.00000000000000E-99   1.00000000000000E-99
 72   52     1.00000000000000E-99   1.00000000000000E-99
 73   52     1.00000000000000E-99   1.00000000000000E-99
 74   52     1.00000000000000E-99   1.00000000000000E-99
 75   52     1.00000000000000E-99   1.00000000000000E-99
 76   52     1.00000000000000E-99   1.00000000000000E-99
 77   52     1.00000000000000E-99   1.00000000000000E-99
 78   52     1.00000000000000E-99   1.00000000000000E-99
 79   52     1.00000000000000E-99   1.00000000000000E-99
 80   52     1.00000000000000E-99   1.00000000000000E-99
 81   52     1.00000000000000E-99   1.00000000000000E-99
 82   52     1.00000000000000E-99   1.00000000000000E-99
 83   52     1.00000000000000E-99   1.00000000000000E-99
 84   52     1.00000000000000E-99   1.00000000000000E-99
 85   52     1.00000000000000E-99   1.00000000000000E-99
 86   52     1.00000000000000E-99   1.00000000000000E-99
 87   52     1.00000000000000E-99   1.00000000000000E-99
 88   52     1.00000000000000E-99   1.00000000000000E-99
 89   52     1.00000000000000E-99   1.00000000000000E-99
 90   52     1.00000000000000E-99   1.00000000000000E-99
 91   52     1.00000000000000E-99   1.00000000000000E-99
 92   52     1.00000000000000E-99   1.00000000000000E-99
 93   52     1.00000000000000E-99   1.00000000000000E-99
 94   52     1.00000000000000E-99   1.00000000000000E-99
 95   52     1.00000000000000E-99   1.00000000000000E-99
 96   52     1.00000000000000E-99   1.00000000000000E-99
 97   52     1.00000000000000E-99   1.00000000000000E-99
 98   52     1.00000000000000E-99   1.00000000000000E-99
 99   52     1.00000000000000E-99   1.00000000000000E-99
100   52     1.00000000000000E-99   1.00000000000000E-99
101   52     1.00000000000000E-99   1.00000000000000E-99
102   52     1.93362115198119E-24   2.97777657405103E-22
103   52     1.38955927802198E-23   2.15381688093408E-21
104   52     2.75123250026028E-21   4.29192270040603E-19
105   52     3.47459580928940E-21   5.45511542058435E-19
106   52     1.03257102215964E-18   1.63146221501224E-16
107   52     4.36254542990741E-18   6.93644723355277E-16
108   52     8.51270476199576E-16   1.36203276191932E-13
109   52     7.05521431324956E-18   1.13588950443318E-15
110   52     1.07138845172527E-14   1.73564929179494E-12
111   52     1.58957339412543E-15   2.59100463242444E-13
112   52     1.91704417878193E-09   3.14395245320237E-07
113   52     4.85063237102814E-14   8.00354341219642E-12
114   52     9.42903149984635E-09   1.56521922897449E-06
115   52     1.03145840448917E-12   1.72253553549691E-10
116   52     2.47827981086936E-10   4.16351008226052E-08
117   52     1.00197270400389E-10   1.69333386976658E-08
118   52     1.17389001923597E-05   1.99561303270115E-03
119   52     3.42187043942183E-20   5.85139845141132E-18
120   52     3.69383233058163E-13   6.35339160860041E-11
121   52     1.20730694127142E-22   2.08864100839955E-20
122   52     1.00000000000000E-99   1.00000000000000E-99
123   52     1.00000000000000E-99   1.00000000000000E-99
124   52     1.00000000000000E-99   1.00000000000000E-99
 48   53     1.00000000000000E-99   1.00000000000000E-99
 49   53     1.00000000000000E-99   1.00000000000000E-99
 50   53     1.00000000000000E-99   1.00000000000000E-99
 51   53     1.00000000000000E-99   1.00000000000000E-99
 52   53     1.00000000000000E-99   1.00000000000000E-99
 53   53     1.00000000000000E-99   1.00000000000000E-99
 54   53     1.00000000000000E-99   1.00000000000000E-99
 55   53     1.00000000000000E-99   1.00000000000000E-99
 56   53     1.00000000000000E-99   1.00000000000000E-99
 57   53     1.00000000000000E-99   1.00000000000000E-99
 58   53     1.00000000000000E-99   1.00000000000000E-99
 59   53     1.00000000000000E-99   1.00000000000000E-99
 60   53     1.00000000000000E-99   1.00000000000000E-99
 61   53     1.00000000000000E-99   1.00000000000000E-99
 62   53     1.00000000000000E-99   1.00000000000000E-99
 63   53     1.00000000000000E-99   1.00000000000000E-99
 64   53     1.00000000000000E-99   1.00000000000000E-99
 65   53     1.00000000000000E-99   1.00000000000000E-99
 66   53     1.00000000000000E-99   1.00000000000000E-99
 67   53     1.00000000000000E-99   1.00000000000000E-99
 68   53     1.00000000000000E-99   1.00000000000000E-99
 69   53     1.00000000000000E-99   1.00000000000000E-99
 70   53     1.00000000000000E-99   1.00000000000000E-99
 71   53     1.00000000000000E-99   1.00000000000000E-99
 72   53     1.00000000000000E-99   1.00000000000000E-99
 73   53     1.00000000000000E-99   1.00000000000000E-99
 74   53     1.00000000000000E-99   1.00000000000000E-99
 75   53     1.00000000000000E-99   1.00000000000000E-99
 76   53     1.00000000000000E-99   1.00000000000000E-99
 77   53     1.00000000000000E-99   1.00000000000000E-99
 78   53     1.00000000000000E-99   1.00000000000000E-99
 79   53     1.00000000000000E-99   1.00000000000000E-99
 80   53     1.00000000000000E-99   1.00000000000000E-99
 81   53     1.00000000000000E-99   1.00000000000000E-99
 82   53     1.00000000000000E-99   1.00000000000000E-99
 83   53     1.00000000000000E-99   1.00000000000000E-99
 84   53     1.00000000000000E-99   1.00000000000000E-99
 85   53     1.00000000000000E-99   1.00000000000000E-99
 86   53     1.00000000000000E-99   1.00000000000000E-99
 87   53     1.00000000000000E-99   1.00000000000000E-99
 88   53     1.00000000000000E-99   1.00000000000000E-99
 89   53     1.00000000000000E-99   1.00000000000000E-99
 90   53     1.00000000000000E-99   1.00000000000000E-99
 91   53     1.00000000000000E-99   1.00000000000000E-99
 92   53     1.00000000000000E-99   1.00000000000000E-99
 93   53     1.00000000000000E-99   1.00000000000000E-99
 94   53     1.00000000000000E-99   1.00000000000000E-99
 95   53     1.00000000000000E-99   1.00000000000000E-99
 96   53     1.00000000000000E-99   1.00000000000000E-99
 97   53     1.00000000000000E-99   1.00000000000000E-99
 98   53     1.00000000000000E-99   1.00000000000000E-99
 99   53     1.00000000000000E-99   1.00000000000000E-99
100   53     1.00000000000000E-99   1.00000000000000E-99
101   53     1.00000000000000E-99   1.00000000000000E-99
102   53     1.00000000000000E-99   1.00000000000000E-99
103   53     1.00000000000000E-99   1.00000000000000E-99
104   53     1.00000000000000E-99   1.00000000000000E-99
105   53     1.00000000000000E-99   1.00000000000000E-99
106   53     3.22425091537565E-24   5.12655895544729E-22
107   53     1.59615254073720E-24   2.55384406517952E-22
108   53     1.15719583691491E-22   1.86308529743300E-20
109   53     4.11859448643024E-19   6.67212306801699E-17
110   53     8.31684248878338E-17   1.35564532567169E-14
111   53     1.11087820592748E-17   1.82184025772106E-15
112   53     9.20684281146826E-16   1.51912906389226E-13
113   53     4.37730352960748E-18   7.26632385914841E-16
114   53     1.10032108403008E-15   1.83753621033023E-13
115   53     6.00814091586517E-14   1.00936767386535E-11
116   53     1.10745089009189E-11   1.87159200425530E-09
117   53     8.93823918187846E-14   1.51950066091934E-11
118   53     5.09925620656521E-06   8.71972811322651E-04
119   53     9.50296857331152E-14   1.63451059460958E-11
120   53     8.73210416360575E-08   1.51065402030379E-05
121   53     7.25176323008251E-14   1.26180680203436E-11
122   53     2.31174115595778E-11   4.04554702292611E-09
123   53     3.78043091365029E-06   6.65355840802452E-04
124   53     1.00000000000000E-99   1.00000000000000E-99
125   53     1.00000000000000E-99   1.00000000000000E-99
126   53     1.00000000000000E-99   1.00000000000000E-99
 49   54     1.00000000000000E-99   1.00000000000000E-99
 50   54     1.00000000000000E-99   1.00000000000000E-99
 51   54     1.00000000000000E-99   1.00000000000000E-99
 52   54     1.00000000000000E-99   1.00000000000000E-99
 53   54     1.00000000000000E-99   1.00000000000000E-99
 54   54     1.00000000000000E-99   1.00000000000000E-99
 55   54     1.00000000000000E-99   1.00000000000000E-99
 56   54     1.00000000000000E-99   1.00000000000000E-99
 57   54     1.00000000000000E-99   1.00000000000000E-99
 58   54     1.00000000000000E-99   1.00000000000000E-99
 59   54     1.00000000000000E-99   1.00000000000000E-99
 60   54     1.00000000000000E-99   1.00000000000000E-99
 61   54     1.00000000000000E-99   1.00000000000000E-99
 62   54     1.00000000000000E-99   1.00000000000000E-99
 63   54     1.00000000000000E-99   1.00000000000000E-99
 64   54     1.00000000000000E-99   1.00000000000000E-99
 65   54     1.00000000000000E-99   1.00000000000000E-99
 66   54     1.00000000000000E-99   1.00000000000000E-99
 67   54     1.00000000000000E-99   1.00000000000000E-99
 68   54     1.00000000000000E-99   1.00000000000000E-99
 69   54     1.00000000000000E-99   1.00000000000000E-99
 70   54     1.00000000000000E-99   1.00000000000000E-99
 71   54     1.00000000000000E-99   1.00000000000000E-99
 72   54     1.00000000000000E-99   1.00000000000000E-99
 73   54     1.00000000000000E-99   1.00000000000000E-99
 74   54     1.00000000000000E-99   1.00000000000000E-99
 75   54     1.00000000000000E-99   1.00000000000000E-99
 76   54     1.00000000000000E-99   1.00000000000000E-99
 77   54     1.00000000000000E-99   1.00000000000000E-99
 78   54     1.00000000000000E-99   1.00000000000000E-99
 79   54     1.00000000000000E-99   1.00000000000000E-99
 80   54     1.00000000000000E-99   1.00000000000000E-99
 81   54     1.00000000000000E-99   1.00000000000000E-99
 82   54     1.00000000000000E-99   1.00000000000000E-99
 83   54     1.00000000000000E-99   1.00000000000000E-99
 84   54     1.00000000000000E-99   1.00000000000000E-99
 85   54     1.00000000000000E-99   1.00000000000000E-99
 86   54     1.00000000000000E-99   1.00000000000000E-99
 87   54     1.00000000000000E-99   1.00000000000000E-99
 88   54     1.00000000000000E-99   1.00000000000000E-99
 89   54     1.00000000000000E-99   1.00000000000000E-99
 90   54     1.00000000000000E-99   1.00000000000000E-99
 91   54     1.00000000000000E-99   1.00000000000000E-99
 92   54     1.00000000000000E-99   1.00000000000000E-99
 93   54     1.00000000000000E-99   1.00000000000000E-99
 94   54     1.00000000000000E-99   1.00000000000000E-99
 95   54     1.00000000000000E-99   1.00000000000000E-99
 96   54     1.00000000000000E-99   1.00000000000000E-99
 97   54     1.00000000000000E-99   1.00000000000000E-99
 98   54     1.00000000000000E-99   1.00000000000000E-99
 99   54     1.00000000000000E-99   1.00000000000000E-99
100   54     1.00000000000000E-99   1.00000000000000E-99
101   54     1.00000000000000E-99   1.00000000000000E-99
102   54     1.00000000000000E-99   1.00000000000000E-99
103   54     1.00000000000000E-99   1.00000000000000E-99
104   54     1.00000000000000E-99   1.00000000000000E-99
105   54     1.00000000000000E-99   1.00000000000000E-99
106   54     1.00000000000000E-99   1.00000000000000E-99
107   54     1.00000000000000E-99   1.00000000000000E-99
108   54     1.58314791064511E-24   2.56469961524509E-22
109   54     1.53575785213097E-25   2.50328529897347E-23
110   54     4.61711631550663E-23   7.57207075743088E-21
111   54     1.00000000000000E-99   1.00000000000000E-99
112   54     1.14944930717510E-20   1.90808584991067E-18
113   54     3.39972483092325E-20   5.67754046764183E-18
114   54     7.56383974722273E-18   1.27072507753342E-15
115   54     2.48718136450536E-14   4.20333650601407E-12
116   54     1.39877984074553E-10   2.37792572926739E-08
117   54     9.37610700095239E-14   1.60331429716286E-11
118   54     1.47955818462365E-10   2.54484007755268E-08
119   54     3.59836713422339E-14   6.22517514220647E-12
120   54     1.11769460885745E-09   1.94478861941197E-07
121   54     1.17648243010935E-13   2.05884425269137E-11
122   54     1.48236041828747E-11   2.60895433618595E-09
123   54     5.76167817283767E-13   1.01981703659227E-10
124   54     1.07149063013009E-11   1.90725332163157E-09
125   54     1.53956492057570E-12   2.75582120783050E-10
126   54     4.58321100885158E-06   8.24977981593284E-04
127   54     1.00000000000000E-99   1.00000000000000E-99
128   54     1.00000000000000E-99   1.00000000000000E-99
 51   55     1.00000000000000E-99   1.00000000000000E-99
 52   55     1.00000000000000E-99   1.00000000000000E-99
 53   55     1.00000000000000E-99   1.00000000000000E-99
 54   55     1.00000000000000E-99   1.00000000000000E-99
 55   55     1.00000000000000E-99   1.00000000000000E-99
 56   55     1.00000000000000E-99   1.00000000000000E-99
 57   55     1.00000000000000E-99   1.00000000000000E-99
 58   55     1.00000000000000E-99   1.00000000000000E-99
 59   55     1.00000000000000E-99   1.00000000000000E-99
 60   55     1.00000000000000E-99   1.00000000000000E-99
 61   55     1.00000000000000E-99   1.00000000000000E-99
 62   55     1.00000000000000E-99   1.00000000000000E-99
 63   55     1.00000000000000E-99   1.00000000000000E-99
 64   55     1.00000000000000E-99   1.00000000000000E-99
 65   55     1.00000000000000E-99   1.00000000000000E-99
 66   55     1.00000000000000E-99   1.00000000000000E-99
 67   55     1.00000000000000E-99   1.00000000000000E-99
 68   55     1.00000000000000E-99   1.00000000000000E-99
 69   55     1.00000000000000E-99   1.00000000000000E-99
 70   55     1.00000000000000E-99   1.00000000000000E-99
 71   55     1.00000000000000E-99   1.00000000000000E-99
 72   55     1.00000000000000E-99   1.00000000000000E-99
 73   55     1.00000000000000E-99   1.00000000000000E-99
 74   55     1.00000000000000E-99   1.00000000000000E-99
 75   55     1.00000000000000E-99   1.00000000000000E-99
 76   55     1.00000000000000E-99   1.00000000000000E-99
 77   55     1.00000000000000E-99   1.00000000000000E-99
 78   55     1.00000000000000E-99   1.00000000000000E-99
 79   55     1.00000000000000E-99   1.00000000000000E-99
 80   55     1.00000000000000E-99   1.00000000000000E-99
 81   55     1.00000000000000E-99   1.00000000000000E-99
 82   55     1.00000000000000E-99   1.00000000000000E-99
 83   55     1.00000000000000E-99   1.00000000000000E-99
 84   55     1.00000000000000E-99   1.00000000000000E-99
 85   55     1.00000000000000E-99   1.00000000000000E-99
 86   55     1.00000000000000E-99   1.00000000000000E-99
 87   55     1.00000000000000E-99   1.00000000000000E-99
 88   55     1.00000000000000E-99   1.00000000000000E-99
 89   55     1.00000000000000E-99   1.00000000000000E-99
 90   55     1.00000000000000E-99   1.00000000000000E-99
 91   55     1.00000000000000E-99   1.00000000000000E-99
 92   55     1.00000000000000E-99   1.00000000000000E-99
 93   55     1.00000000000000E-99   1.00000000000000E-99
 94   55     1.00000000000000E-99   1.00000000000000E-99
 95   55     1.00000000000000E-99   1.00000000000000E-99
 96   55     1.00000000000000E-99   1.00000000000000E-99
 97   55     1.00000000000000E-99   1.00000000000000E-99
 98   55     1.00000000000000E-99   1.00000000000000E-99
 99   55     1.00000000000000E-99   1.00000000000000E-99
100   55     1.00000000000000E-99   1.00000000000000E-99
101   55     1.00000000000000E-99   1.00000000000000E-99
102   55     1.00000000000000E-99   1.00000000000000E-99
103   55     1.00000000000000E-99   1.00000000000000E-99
104   55     1.00000000000000E-99   1.00000000000000E-99
105   55     1.00000000000000E-99   1.00000000000000E-99
106   55     1.00000000000000E-99   1.00000000000000E-99
107   55     1.00000000000000E-99   1.00000000000000E-99
108   55     1.00000000000000E-99   1.00000000000000E-99
109   55     1.00000000000000E-99   1.00000000000000E-99
110   55     1.00000000000000E-99   1.00000000000000E-99
111   55     1.00000000000000E-99   1.00000000000000E-99
112   55     3.64911659865293E-23   6.09402471975039E-21
113   55     2.28102920176392E-20   3.83212905896338E-18
114   55     3.61353996457089E-19   6.10688254012480E-17
115   55     1.26785183658423E-19   2.15534812219319E-17
116   55     1.91275887686254E-18   3.27081767943494E-16
117   55     1.36228113825825E-18   2.34312355780419E-16
118   55     7.76568118463625E-17   1.34346284494207E-14
119   55     1.06731583367997E-17   1.85712955060315E-15
120   55     1.77604281903977E-16   3.10807493331960E-14
121   55     1.99949299303480E-18   3.51910766774125E-16
122   55     6.81797437508608E-17   1.20678146439024E-14
123   55     4.26491594010995E-15   7.59155037339572E-13
124   55     3.75077620429379E-13   6.71388940568588E-11
125   55     2.84567229923222E-13   5.12221013861799E-11
126   55     4.10101185215645E-06   7.42283145240317E-04
127   55     1.00000000000000E-99   1.00000000000000E-99
128   55     1.00000000000000E-99   1.00000000000000E-99
129   55     1.00000000000000E-99   1.00000000000000E-99
130   55     1.00000000000000E-99   1.00000000000000E-99
 52   56     1.00000000000000E-99   1.00000000000000E-99
 53   56     1.00000000000000E-99   1.00000000000000E-99
 54   56     1.00000000000000E-99   1.00000000000000E-99
 55   56     1.00000000000000E-99   1.00000000000000E-99
 56   56     1.00000000000000E-99   1.00000000000000E-99
 57   56     1.00000000000000E-99   1.00000000000000E-99
 58   56     1.00000000000000E-99   1.00000000000000E-99
 59   56     1.00000000000000E-99   1.00000000000000E-99
 60   56     1.00000000000000E-99   1.00000000000000E-99
 61   56     1.00000000000000E-99   1.00000000000000E-99
 62   56     1.00000000000000E-99   1.00000000000000E-99
 63   56     1.00000000000000E-99   1.00000000000000E-99
 64   56     1.00000000000000E-99   1.00000000000000E-99
 65   56     1.00000000000000E-99   1.00000000000000E-99
 66   56     1.00000000000000E-99   1.00000000000000E-99
 67   56     1.00000000000000E-99   1.00000000000000E-99
 68   56     1.00000000000000E-99   1.00000000000000E-99
 69   56     1.00000000000000E-99   1.00000000000000E-99
 70   56     1.00000000000000E-99   1.00000000000000E-99
 71   56     1.00000000000000E-99   1.00000000000000E-99
 72   56     1.00000000000000E-99   1.00000000000000E-99
 73   56     1.00000000000000E-99   1.00000000000000E-99
 74   56     1.00000000000000E-99   1.00000000000000E-99
 75   56     1.00000000000000E-99   1.00000000000000E-99
 76   56     1.00000000000000E-99   1.00000000000000E-99
 77   56     1.00000000000000E-99   1.00000000000000E-99
 78   56     1.00000000000000E-99   1.00000000000000E-99
 79   56     1.00000000000000E-99   1.00000000000000E-99
 80   56     1.00000000000000E-99   1.00000000000000E-99
 81   56     1.00000000000000E-99   1.00000000000000E-99
 82   56     1.00000000000000E-99   1.00000000000000E-99
 83   56     1.00000000000000E-99   1.00000000000000E-99
 84   56     1.00000000000000E-99   1.00000000000000E-99
 85   56     1.00000000000000E-99   1.00000000000000E-99
 86   56     1.00000000000000E-99   1.00000000000000E-99
 87   56     1.00000000000000E-99   1.00000000000000E-99
 88   56     1.00000000000000E-99   1.00000000000000E-99
 89   56     1.00000000000000E-99   1.00000000000000E-99
 90   56     1.00000000000000E-99   1.00000000000000E-99
 91   56     1.00000000000000E-99   1.00000000000000E-99
 92   56     1.00000000000000E-99   1.00000000000000E-99
 93   56     1.00000000000000E-99   1.00000000000000E-99
 94   56     1.00000000000000E-99   1.00000000000000E-99
 95   56     1.00000000000000E-99   1.00000000000000E-99
 96   56     1.00000000000000E-99   1.00000000000000E-99
 97   56     1.00000000000000E-99   1.00000000000000E-99
 98   56     1.00000000000000E-99   1.00000000000000E-99
 99   56     1.00000000000000E-99   1.00000000000000E-99
100   56     1.00000000000000E-99   1.00000000000000E-99
101   56     1.00000000000000E-99   1.00000000000000E-99
102   56     1.00000000000000E-99   1.00000000000000E-99
103   56     1.00000000000000E-99   1.00000000000000E-99
104   56     1.00000000000000E-99   1.00000000000000E-99
105   56     1.00000000000000E-99   1.00000000000000E-99
106   56     1.00000000000000E-99   1.00000000000000E-99
107   56     1.00000000000000E-99   1.00000000000000E-99
108   56     1.00000000000000E-99   1.00000000000000E-99
109   56     1.00000000000000E-99   1.00000000000000E-99
110   56     1.00000000000000E-99   1.00000000000000E-99
111   56     1.00000000000000E-99   1.00000000000000E-99
112   56     1.00000000000000E-99   1.00000000000000E-99
113   56     1.00000000000000E-99   1.00000000000000E-99
114   56     1.61187612323078E-25   2.74018940949232E-23
115   56     1.04770620569516E-25   1.79157761173872E-23
116   56     7.97448451149625E-24   1.37161133597736E-21
117   56     1.68008736931324E-24   2.90655114891191E-22
118   56     2.04873316222943E-23   3.56479570227921E-21
119   56     7.14568133094718E-24   1.25049423291576E-21
120   56     6.00207520457866E-22   1.05636523600584E-19
121   56     2.41295115359487E-21   4.27092354186292E-19
122   56     3.76711604144806E-20   6.70546655377755E-18
123   56     6.65194325641628E-14   1.19069784289851E-11
124   56     3.04791780974044E-13   5.48625205753280E-11
125   56     3.23458947217242E-13   5.85460694463208E-11
126   56     3.77607819636096E-06   6.87246231737696E-04
127   56     1.00000000000000E-99   1.00000000000000E-99
128   56     1.00000000000000E-99   1.00000000000000E-99
129   56     1.00000000000000E-99   1.00000000000000E-99
130   56     1.00000000000000E-99   1.00000000000000E-99
131   56     1.00000000000000E-99   1.00000000000000E-99
132   56     1.00000000000000E-99   1.00000000000000E-99
133   56     1.00000000000000E-99   1.00000000000000E-99
 53   57     1.00000000000000E-99   1.00000000000000E-99
 54   57     1.00000000000000E-99   1.00000000000000E-99
 55   57     1.00000000000000E-99   1.00000000000000E-99
 56   57     1.00000000000000E-99   1.00000000000000E-99
 57   57     1.00000000000000E-99   1.00000000000000E-99
 58   57     1.00000000000000E-99   1.00000000000000E-99
 59   57     1.00000000000000E-99   1.00000000000000E-99
 60   57     1.00000000000000E-99   1.00000000000000E-99
 61   57     1.00000000000000E-99   1.00000000000000E-99
 62   57     1.00000000000000E-99   1.00000000000000E-99
 63   57     1.00000000000000E-99   1.00000000000000E-99
 64   57     1.00000000000000E-99   1.00000000000000E-99
 65   57     1.00000000000000E-99   1.00000000000000E-99
 66   57     1.00000000000000E-99   1.00000000000000E-99
 67   57     1.00000000000000E-99   1.00000000000000E-99
 68   57     1.00000000000000E-99   1.00000000000000E-99
 69   57     1.00000000000000E-99   1.00000000000000E-99
 70   57     1.00000000000000E-99   1.00000000000000E-99
 71   57     1.00000000000000E-99   1.00000000000000E-99
 72   57     1.00000000000000E-99   1.00000000000000E-99
 73   57     1.00000000000000E-99   1.00000000000000E-99
 74   57     1.00000000000000E-99   1.00000000000000E-99
 75   57     1.00000000000000E-99   1.00000000000000E-99
 76   57     1.00000000000000E-99   1.00000000000000E-99
 77   57     1.00000000000000E-99   1.00000000000000E-99
 78   57     1.00000000000000E-99   1.00000000000000E-99
 79   57     1.00000000000000E-99   1.00000000000000E-99
 80   57     1.00000000000000E-99   1.00000000000000E-99
 81   57     1.00000000000000E-99   1.00000000000000E-99
 82   57     1.00000000000000E-99   1.00000000000000E-99
 83   57     1.00000000000000E-99   1.00000000000000E-99
 84   57     1.00000000000000E-99   1.00000000000000E-99
 85   57     1.00000000000000E-99   1.00000000000000E-99
 86   57     1.00000000000000E-99   1.00000000000000E-99
 87   57     1.00000000000000E-99   1.00000000000000E-99
 88   57     1.00000000000000E-99   1.00000000000000E-99
 89   57     1.00000000000000E-99   1.00000000000000E-99
 90   57     1.00000000000000E-99   1.00000000000000E-99
 91   57     1.00000000000000E-99   1.00000000000000E-99
 92   57     1.00000000000000E-99   1.00000000000000E-99
 93   57     1.00000000000000E-99   1.00000000000000E-99
 94   57     1.00000000000000E-99   1.00000000000000E-99
 95   57     1.00000000000000E-99   1.00000000000000E-99
 96   57     1.00000000000000E-99   1.00000000000000E-99
 97   57     1.00000000000000E-99   1.00000000000000E-99
 98   57     1.00000000000000E-99   1.00000000000000E-99
 99   57     1.00000000000000E-99   1.00000000000000E-99
100   57     1.00000000000000E-99   1.00000000000000E-99
101   57     1.00000000000000E-99   1.00000000000000E-99
102   57     1.00000000000000E-99   1.00000000000000E-99
103   57     1.00000000000000E-99   1.00000000000000E-99
104   57     1.00000000000000E-99   1.00000000000000E-99
105   57     1.00000000000000E-99   1.00000000000000E-99
106   57     1.00000000000000E-99   1.00000000000000E-99
107   57     1.00000000000000E-99   1.00000000000000E-99
108   57     1.00000000000000E-99   1.00000000000000E-99
109   57     1.00000000000000E-99   1.00000000000000E-99
110   57     1.00000000000000E-99   1.00000000000000E-99
111   57     1.00000000000000E-99   1.00000000000000E-99
112   57     1.00000000000000E-99   1.00000000000000E-99
113   57     1.00000000000000E-99   1.00000000000000E-99
114   57     1.00000000000000E-99   1.00000000000000E-99
115   57     1.00000000000000E-99   1.00000000000000E-99
116   57     1.00000000000000E-99   1.00000000000000E-99
117   57     1.00000000000000E-99   1.00000000000000E-99
118   57     1.00000000000000E-99   1.00000000000000E-99
119   57     1.00000000000000E-99   1.00000000000000E-99
120   57     1.52410903303659E-22   2.69767298847476E-20
121   57     7.55497840534804E-23   1.34478615615195E-20
122   57     9.02221260670109E-22   1.61497605659949E-19
123   57     1.71357005172304E-15   3.08442609310148E-13
124   57     1.80318701363694E-14   3.26376849468286E-12
125   57     9.04452572849318E-15   1.64610368258576E-12
126   57     3.05990988476954E-06   5.59963508912825E-04
127   57     1.00000000000000E-99   1.00000000000000E-99
128   57     1.00000000000000E-99   1.00000000000000E-99
129   57     1.00000000000000E-99   1.00000000000000E-99
130   57     1.00000000000000E-99   1.00000000000000E-99
131   57     1.00000000000000E-99   1.00000000000000E-99
132   57     1.00000000000000E-99   1.00000000000000E-99
133   57     1.00000000000000E-99   1.00000000000000E-99
134   57     1.00000000000000E-99   1.00000000000000E-99
135   57     1.00000000000000E-99   1.00000000000000E-99
 55   58     1.00000000000000E-99   1.00000000000000E-99
 56   58     1.00000000000000E-99   1.00000000000000E-99
 57   58     1.00000000000000E-99   1.00000000000000E-99
 58   58     1.00000000000000E-99   1.00000000000000E-99
 59   58     1.00000000000000E-99   1.00000000000000E-99
 60   58     1.00000000000000E-99   1.00000000000000E-99
 61   58     1.00000000000000E-99   1.00000000000000E-99
 62   58     1.00000000000000E-99   1.00000000000000E-99
 63   58     1.00000000000000E-99   1.00000000000000E-99
 64   58     1.00000000000000E-99   1.00000000000000E-99
 65   58     1.00000000000000E-99   1.00000000000000E-99
 66   58     1.00000000000000E-99   1.00000000000000E-99
 67   58     1.00000000000000E-99   1.00000000000000E-99
 68   58     1.00000000000000E-99   1.00000000000000E-99
 69   58     1.00000000000000E-99   1.00000000000000E-99
 70   58     1.00000000000000E-99   1.00000000000000E-99
 71   58     1.00000000000000E-99   1.00000000000000E-99
 72   58     1.00000000000000E-99   1.00000000000000E-99
 73   58     1.00000000000000E-99   1.00000000000000E-99
 74   58     1.00000000000000E-99   1.00000000000000E-99
 75   58     1.00000000000000E-99   1.00000000000000E-99
 76   58     1.00000000000000E-99   1.00000000000000E-99
 77   58     1.00000000000000E-99   1.00000000000000E-99
 78   58     1.00000000000000E-99   1.00000000000000E-99
 79   58     1.00000000000000E-99   1.00000000000000E-99
 80   58     1.00000000000000E-99   1.00000000000000E-99
 81   58     1.00000000000000E-99   1.00000000000000E-99
 82   58     1.00000000000000E-99   1.00000000000000E-99
 83   58     1.00000000000000E-99   1.00000000000000E-99
 84   58     1.00000000000000E-99   1.00000000000000E-99
 85   58     1.00000000000000E-99   1.00000000000000E-99
 86   58     1.00000000000000E-99   1.00000000000000E-99
 87   58     1.00000000000000E-99   1.00000000000000E-99
 88   58     1.00000000000000E-99   1.00000000000000E-99
 89   58     1.00000000000000E-99   1.00000000000000E-99
 90   58     1.00000000000000E-99   1.00000000000000E-99
 91   58     1.00000000000000E-99   1.00000000000000E-99
 92   58     1.00000000000000E-99   1.00000000000000E-99
 93   58     1.00000000000000E-99   1.00000000000000E-99
 94   58     1.00000000000000E-99   1.00000000000000E-99
 95   58     1.00000000000000E-99   1.00000000000000E-99
 96   58     1.00000000000000E-99   1.00000000000000E-99
 97   58     1.00000000000000E-99   1.00000000000000E-99
 98   58     1.00000000000000E-99   1.00000000000000E-99
 99   58     1.00000000000000E-99   1.00000000000000E-99
100   58     1.00000000000000E-99   1.00000000000000E-99
101   58     1.00000000000000E-99   1.00000000000000E-99
102   58     1.00000000000000E-99   1.00000000000000E-99
103   58     1.00000000000000E-99   1.00000000000000E-99
104   58     1.00000000000000E-99   1.00000000000000E-99
105   58     1.00000000000000E-99   1.00000000000000E-99
106   58     1.00000000000000E-99   1.00000000000000E-99
107   58     1.00000000000000E-99   1.00000000000000E-99
108   58     1.00000000000000E-99   1.00000000000000E-99
109   58     1.00000000000000E-99   1.00000000000000E-99
110   58     1.00000000000000E-99   1.00000000000000E-99
111   58     1.00000000000000E-99   1.00000000000000E-99
112   58     1.00000000000000E-99   1.00000000000000E-99
113   58     1.00000000000000E-99   1.00000000000000E-99
114   58     1.00000000000000E-99   1.00000000000000E-99
115   58     1.00000000000000E-99   1.00000000000000E-99
116   58     1.00000000000000E-99   1.00000000000000E-99
117   58     1.00000000000000E-99   1.00000000000000E-99
118   58     1.00000000000000E-99   1.00000000000000E-99
119   58     1.00000000000000E-99   1.00000000000000E-99
120   58     1.42116858839509E-23   2.52968008734326E-21
121   58     1.36953840277090E-23   2.45147374095992E-21
122   58     1.87818279589647E-22   3.38072903261365E-20
123   58     8.50370866452037E-15   1.53917126827819E-12
124   58     4.08286960672274E-14   7.43082268423539E-12
125   58     3.66993233215609E-14   6.71597616784564E-12
126   58     2.27426014356996E-06   4.18463866416873E-04
127   58     1.00000000000000E-99   1.00000000000000E-99
128   58     1.00000000000000E-99   1.00000000000000E-99
129   58     1.00000000000000E-99   1.00000000000000E-99
130   58     1.00000000000000E-99   1.00000000000000E-99
131   58     1.00000000000000E-99   1.00000000000000E-99
132   58     1.00000000000000E-99   1.00000000000000E-99
133   58     1.00000000000000E-99   1.00000000000000E-99
134   58     1.00000000000000E-99   1.00000000000000E-99
135   58     1.00000000000000E-99   1.00000000000000E-99
136   58     1.00000000000000E-99   1.00000000000000E-99
137   58     1.00000000000000E-99   1.00000000000000E-99
 56   59     1.00000000000000E-99   1.00000000000000E-99
 57   59     1.00000000000000E-99   1.00000000000000E-99
 58   59     1.00000000000000E-99   1.00000000000000E-99
 59   59     1.00000000000000E-99   1.00000000000000E-99
 60   59     1.00000000000000E-99   1.00000000000000E-99
 61   59     1.00000000000000E-99   1.00000000000000E-99
 62   59     1.00000000000000E-99   1.00000000000000E-99
 63   59     1.00000000000000E-99   1.00000000000000E-99
 64   59     1.00000000000000E-99   1.00000000000000E-99
 65   59     1.00000000000000E-99   1.00000000000000E-99
 66   59     1.00000000000000E-99   1.00000000000000E-99
 67   59     1.00000000000000E-99   1.00000000000000E-99
 68   59     1.00000000000000E-99   1.00000000000000E-99
 69   59     1.00000000000000E-99   1.00000000000000E-99
 70   59     1.00000000000000E-99   1.00000000000000E-99
 71   59     1.00000000000000E-99   1.00000000000000E-99
 72   59     1.00000000000000E-99   1.00000000000000E-99
 73   59     1.00000000000000E-99   1.00000000000000E-99
 74   59     1.00000000000000E-99   1.00000000000000E-99
 75   59     1.00000000000000E-99   1.00000000000000E-99
 76   59     1.00000000000000E-99   1.00000000000000E-99
 77   59     1.00000000000000E-99   1.00000000000000E-99
 78   59     1.00000000000000E-99   1.00000000000000E-99
 79   59     1.00000000000000E-99   1.00000000000000E-99
 80   59     1.00000000000000E-99   1.00000000000000E-99
 81   59     1.00000000000000E-99   1.00000000000000E-99
 82   59     1.00000000000000E-99   1.00000000000000E-99
 83   59     1.00000000000000E-99   1.00000000000000E-99
 84   59     1.00000000000000E-99   1.00000000000000E-99
 85   59     1.00000000000000E-99   1.00000000000000E-99
 86   59     1.00000000000000E-99   1.00000000000000E-99
 87   59     1.00000000000000E-99   1.00000000000000E-99
 88   59     1.00000000000000E-99   1.00000000000000E-99
 89   59     1.00000000000000E-99   1.00000000000000E-99
 90   59     1.00000000000000E-99   1.00000000000000E-99
 91   59     1.00000000000000E-99   1.00000000000000E-99
 92   59     1.00000000000000E-99   1.00000000000000E-99
 93   59     1.00000000000000E-99   1.00000000000000E-99
 94   59     1.00000000000000E-99   1.00000000000000E-99
 95   59     1.00000000000000E-99   1.00000000000000E-99
 96   59     1.00000000000000E-99   1.00000000000000E-99
 97   59     1.00000000000000E-99   1.00000000000000E-99
 98   59     1.00000000000000E-99   1.00000000000000E-99
 99   59     1.00000000000000E-99   1.00000000000000E-99
100   59     1.00000000000000E-99   1.00000000000000E-99
101   59     1.00000000000000E-99   1.00000000000000E-99
102   59     1.00000000000000E-99   1.00000000000000E-99
103   59     1.00000000000000E-99   1.00000000000000E-99
104   59     1.00000000000000E-99   1.00000000000000E-99
105   59     1.00000000000000E-99   1.00000000000000E-99
106   59     1.00000000000000E-99   1.00000000000000E-99
107   59     1.00000000000000E-99   1.00000000000000E-99
108   59     1.00000000000000E-99   1.00000000000000E-99
109   59     1.00000000000000E-99   1.00000000000000E-99
110   59     1.00000000000000E-99   1.00000000000000E-99
111   59     1.00000000000000E-99   1.00000000000000E-99
112   59     1.00000000000000E-99   1.00000000000000E-99
113   59     1.00000000000000E-99   1.00000000000000E-99
114   59     1.00000000000000E-99   1.00000000000000E-99
115   59     1.00000000000000E-99   1.00000000000000E-99
116   59     1.00000000000000E-99   1.00000000000000E-99
117   59     1.00000000000000E-99   1.00000000000000E-99
118   59     1.00000000000000E-99   1.00000000000000E-99
119   59     1.00000000000000E-99   1.00000000000000E-99
120   59     8.13355814511346E-25   1.45590690797531E-22
121   59     1.44896458608367E-25   2.60813625495060E-23
122   59     7.38915474497250E-24   1.33743700884002E-21
123   59     2.23246467802181E-17   4.06308571399969E-15
124   59     2.71152776933186E-15   4.96209581787730E-13
125   59     4.21794264620772E-15   7.76101446902220E-13
126   59     1.42405158612127E-06   2.63449543432435E-04
127   59     3.56047005193795E-22   6.62247429660459E-20
128   59     1.83470431691395E-21   3.43089707262909E-19
129   59     1.00000000000000E-99   1.00000000000000E-99
130   59     1.00000000000000E-99   1.00000000000000E-99
131   59     1.00000000000000E-99   1.00000000000000E-99
132   59     1.00000000000000E-99   1.00000000000000E-99
133   59     1.00000000000000E-99   1.00000000000000E-99
134   59     1.00000000000000E-99   1.00000000000000E-99
135   59     1.00000000000000E-99   1.00000000000000E-99
136   59     1.00000000000000E-99   1.00000000000000E-99
137   59     1.00000000000000E-99   1.00000000000000E-99
138   59     1.00000000000000E-99   1.00000000000000E-99
139   59     1.00000000000000E-99   1.00000000000000E-99
 58   60     1.00000000000000E-99   1.00000000000000E-99
 59   60     1.00000000000000E-99   1.00000000000000E-99
 60   60     1.00000000000000E-99   1.00000000000000E-99
 61   60     1.00000000000000E-99   1.00000000000000E-99
 62   60     1.00000000000000E-99   1.00000000000000E-99
 63   60     1.00000000000000E-99   1.00000000000000E-99
 64   60     1.00000000000000E-99   1.00000000000000E-99
 65   60     1.00000000000000E-99   1.00000000000000E-99
 66   60     1.00000000000000E-99   1.00000000000000E-99
 67   60     1.00000000000000E-99   1.00000000000000E-99
 68   60     1.00000000000000E-99   1.00000000000000E-99
 69   60     1.00000000000000E-99   1.00000000000000E-99
 70   60     1.00000000000000E-99   1.00000000000000E-99
 71   60     1.00000000000000E-99   1.00000000000000E-99
 72   60     1.00000000000000E-99   1.00000000000000E-99
 73   60     1.00000000000000E-99   1.00000000000000E-99
 74   60     1.00000000000000E-99   1.00000000000000E-99
 75   60     1.00000000000000E-99   1.00000000000000E-99
 76   60     1.00000000000000E-99   1.00000000000000E-99
 77   60     1.00000000000000E-99   1.00000000000000E-99
 78   60     1.00000000000000E-99   1.00000000000000E-99
 79   60     1.00000000000000E-99   1.00000000000000E-99
 80   60     1.00000000000000E-99   1.00000000000000E-99
 81   60     1.00000000000000E-99   1.00000000000000E-99
 82   60     1.00000000000000E-99   1.00000000000000E-99
 83   60     1.00000000000000E-99   1.00000000000000E-99
 84   60     1.00000000000000E-99   1.00000000000000E-99
 85   60     1.00000000000000E-99   1.00000000000000E-99
 86   60     1.00000000000000E-99   1.00000000000000E-99
 87   60     1.00000000000000E-99   1.00000000000000E-99
 88   60     1.00000000000000E-99   1.00000000000000E-99
 89   60     1.00000000000000E-99   1.00000000000000E-99
 90   60     1.00000000000000E-99   1.00000000000000E-99
 91   60     1.00000000000000E-99   1.00000000000000E-99
 92   60     1.00000000000000E-99   1.00000000000000E-99
 93   60     1.00000000000000E-99   1.00000000000000E-99
 94   60     1.00000000000000E-99   1.00000000000000E-99
 95   60     1.00000000000000E-99   1.00000000000000E-99
 96   60     1.00000000000000E-99   1.00000000000000E-99
 97   60     1.00000000000000E-99   1.00000000000000E-99
 98   60     1.00000000000000E-99   1.00000000000000E-99
 99   60     1.00000000000000E-99   1.00000000000000E-99
100   60     1.00000000000000E-99   1.00000000000000E-99
101   60     1.00000000000000E-99   1.00000000000000E-99
102   60     1.00000000000000E-99   1.00000000000000E-99
103   60     1.00000000000000E-99   1.00000000000000E-99
104   60     1.00000000000000E-99   1.00000000000000E-99
105   60     1.00000000000000E-99   1.00000000000000E-99
106   60     1.00000000000000E-99   1.00000000000000E-99
107   60     1.00000000000000E-99   1.00000000000000E-99
108   60     1.00000000000000E-99   1.00000000000000E-99
109   60     1.00000000000000E-99   1.00000000000000E-99
110   60     1.00000000000000E-99   1.00000000000000E-99
111   60     1.00000000000000E-99   1.00000000000000E-99
112   60     1.00000000000000E-99   1.00000000000000E-99
113   60     1.00000000000000E-99   1.00000000000000E-99
114   60     1.00000000000000E-99   1.00000000000000E-99
115   60     1.00000000000000E-99   1.00000000000000E-99
116   60     1.00000000000000E-99   1.00000000000000E-99
117   60     1.00000000000000E-99   1.00000000000000E-99
118   60     1.00000000000000E-99   1.00000000000000E-99
119   60     1.00000000000000E-99   1.00000000000000E-99
120   60     1.00000000000000E-99   1.00000000000000E-99
121   60     1.64833047743526E-25   2.98347816415782E-23
122   60     5.63326029326138E-24   1.02525337337357E-21
123   60     7.76136793463257E-16   1.42033033203776E-13
124   60     3.67516930491745E-15   6.76231152104812E-13
125   60     4.66769102648071E-15   8.63522839898931E-13
126   60     8.13544560019855E-07   1.51319288163693E-04
127   60     2.95397808697144E-22   5.52393902263660E-20
128   60     7.43052501730052E-18   1.39693870325250E-15
129   60     1.00000000000000E-99   1.00000000000000E-99
130   60     1.00000000000000E-99   1.00000000000000E-99
131   60     1.00000000000000E-99   1.00000000000000E-99
132   60     1.00000000000000E-99   1.00000000000000E-99
133   60     1.00000000000000E-99   1.00000000000000E-99
134   60     1.00000000000000E-99   1.00000000000000E-99
135   60     1.00000000000000E-99   1.00000000000000E-99
136   60     1.00000000000000E-99   1.00000000000000E-99
137   60     1.00000000000000E-99   1.00000000000000E-99
138   60     1.00000000000000E-99   1.00000000000000E-99
139   60     1.00000000000000E-99   1.00000000000000E-99
140   60     1.00000000000000E-99   1.00000000000000E-99
141   60     1.00000000000000E-99   1.00000000000000E-99
 59   61     1.00000000000000E-99   1.00000000000000E-99
 60   61     1.00000000000000E-99   1.00000000000000E-99
 61   61     1.00000000000000E-99   1.00000000000000E-99
 62   61     1.00000000000000E-99   1.00000000000000E-99
 63   61     1.00000000000000E-99   1.00000000000000E-99
 64   61     1.00000000000000E-99   1.00000000000000E-99
 65   61     1.00000000000000E-99   1.00000000000000E-99
 66   61     1.00000000000000E-99   1.00000000000000E-99
 67   61     1.00000000000000E-99   1.00000000000000E-99
 68   61     1.00000000000000E-99   1.00000000000000E-99
 69   61     1.00000000000000E-99   1.00000000000000E-99
 70   61     1.00000000000000E-99   1.00000000000000E-99
 71   61     1.00000000000000E-99   1.00000000000000E-99
 72   61     1.00000000000000E-99   1.00000000000000E-99
 73   61     1.00000000000000E-99   1.00000000000000E-99
 74   61     1.00000000000000E-99   1.00000000000000E-99
 75   61     1.00000000000000E-99   1.00000000000000E-99
 76   61     1.00000000000000E-99   1.00000000000000E-99
 77   61     1.00000000000000E-99   1.00000000000000E-99
 78   61     1.00000000000000E-99   1.00000000000000E-99
 79   61     1.00000000000000E-99   1.00000000000000E-99
 80   61     1.00000000000000E-99   1.00000000000000E-99
 81   61     1.00000000000000E-99   1.00000000000000E-99
 82   61     1.00000000000000E-99   1.00000000000000E-99
 83   61     1.00000000000000E-99   1.00000000000000E-99
 84   61     1.00000000000000E-99   1.00000000000000E-99
 85   61     1.00000000000000E-99   1.00000000000000E-99
 86   61     1.00000000000000E-99   1.00000000000000E-99
 87   61     1.00000000000000E-99   1.00000000000000E-99
 88   61     1.00000000000000E-99   1.00000000000000E-99
 89   61     1.00000000000000E-99   1.00000000000000E-99
 90   61     1.00000000000000E-99   1.00000000000000E-99
 91   61     1.00000000000000E-99   1.00000000000000E-99
 92   61     1.00000000000000E-99   1.00000000000000E-99
 93   61     1.00000000000000E-99   1.00000000000000E-99
 94   61     1.00000000000000E-99   1.00000000000000E-99
 95   61     1.00000000000000E-99   1.00000000000000E-99
 96   61     1.00000000000000E-99   1.00000000000000E-99
 97   61     1.00000000000000E-99   1.00000000000000E-99
 98   61     1.00000000000000E-99   1.00000000000000E-99
 99   61     1.00000000000000E-99   1.00000000000000E-99
100   61     1.00000000000000E-99   1.00000000000000E-99
101   61     1.00000000000000E-99   1.00000000000000E-99
102   61     1.00000000000000E-99   1.00000000000000E-99
103   61     1.00000000000000E-99   1.00000000000000E-99
104   61     1.00000000000000E-99   1.00000000000000E-99
105   61     1.00000000000000E-99   1.00000000000000E-99
106   61     1.00000000000000E-99   1.00000000000000E-99
107   61     1.00000000000000E-99   1.00000000000000E-99
108   61     1.00000000000000E-99   1.00000000000000E-99
109   61     1.00000000000000E-99   1.00000000000000E-99
110   61     1.00000000000000E-99   1.00000000000000E-99
111   61     1.00000000000000E-99   1.00000000000000E-99
112   61     1.00000000000000E-99   1.00000000000000E-99
113   61     1.00000000000000E-99   1.00000000000000E-99
114   61     1.00000000000000E-99   1.00000000000000E-99
115   61     1.00000000000000E-99   1.00000000000000E-99
116   61     1.00000000000000E-99   1.00000000000000E-99
117   61     1.00000000000000E-99   1.00000000000000E-99
118   61     1.00000000000000E-99   1.00000000000000E-99
119   61     1.00000000000000E-99   1.00000000000000E-99
120   61     1.00000000000000E-99   1.00000000000000E-99
121   61     1.00000000000000E-99   1.00000000000000E-99
122   61     2.50468083711120E-25   4.58356593191349E-23
123   61     1.77969286541610E-19   3.27463487236562E-17
124   61     8.64638402102909E-17   1.59958104389038E-14
125   61     2.31179662875207E-16   4.29994172947885E-14
126   61     3.71326978518563E-07   6.94381449829712E-05
127   61     1.58488429864661E-18   2.97958248145562E-16
128   61     4.05831786785739E-12   7.67022077025047E-10
129   61     1.00000000000000E-99   1.00000000000000E-99
130   61     5.99460073399095E-23   1.14496874019227E-20
131   61     1.00000000000000E-99   1.00000000000000E-99
132   61     2.75452139141988E-25   5.31622628544037E-23
133   61     1.00000000000000E-99   1.00000000000000E-99
134   61     1.00000000000000E-99   1.00000000000000E-99
135   61     1.00000000000000E-99   1.00000000000000E-99
136   61     1.00000000000000E-99   1.00000000000000E-99
137   61     1.00000000000000E-99   1.00000000000000E-99
138   61     1.00000000000000E-99   1.00000000000000E-99
139   61     1.00000000000000E-99   1.00000000000000E-99
140   61     1.00000000000000E-99   1.00000000000000E-99
141   61     1.00000000000000E-99   1.00000000000000E-99
142   61     1.00000000000000E-99   1.00000000000000E-99
143   61     1.00000000000000E-99   1.00000000000000E-99
144   61     1.00000000000000E-99   1.00000000000000E-99
 61   62     1.00000000000000E-99   1.00000000000000E-99
 62   62     1.00000000000000E-99   1.00000000000000E-99
 63   62     1.00000000000000E-99   1.00000000000000E-99
 64   62     1.00000000000000E-99   1.00000000000000E-99
 65   62     1.00000000000000E-99   1.00000000000000E-99
 66   62     1.00000000000000E-99   1.00000000000000E-99
 67   62     1.00000000000000E-99   1.00000000000000E-99
 68   62     1.00000000000000E-99   1.00000000000000E-99
 69   62     1.00000000000000E-99   1.00000000000000E-99
 70   62     1.00000000000000E-99   1.00000000000000E-99
 71   62     1.00000000000000E-99   1.00000000000000E-99
 72   62     1.00000000000000E-99   1.00000000000000E-99
 73   62     1.00000000000000E-99   1.00000000000000E-99
 74   62     1.00000000000000E-99   1.00000000000000E-99
 75   62     1.00000000000000E-99   1.00000000000000E-99
 76   62     1.00000000000000E-99   1.00000000000000E-99
 77   62     1.00000000000000E-99   1.00000000000000E-99
 78   62     1.00000000000000E-99   1.00000000000000E-99
 79   62     1.00000000000000E-99   1.00000000000000E-99
 80   62     1.00000000000000E-99   1.00000000000000E-99
 81   62     1.00000000000000E-99   1.00000000000000E-99
 82   62     1.00000000000000E-99   1.00000000000000E-99
 83   62     1.00000000000000E-99   1.00000000000000E-99
 84   62     1.00000000000000E-99   1.00000000000000E-99
 85   62     1.00000000000000E-99   1.00000000000000E-99
 86   62     1.00000000000000E-99   1.00000000000000E-99
 87   62     1.00000000000000E-99   1.00000000000000E-99
 88   62     1.00000000000000E-99   1.00000000000000E-99
 89   62     1.00000000000000E-99   1.00000000000000E-99
 90   62     1.00000000000000E-99   1.00000000000000E-99
 91   62     1.00000000000000E-99   1.00000000000000E-99
 92   62     1.00000000000000E-99   1.00000000000000E-99
 93   62     1.00000000000000E-99   1.00000000000000E-99
 94   62     1.00000000000000E-99   1.00000000000000E-99
 95   62     1.00000000000000E-99   1.00000000000000E-99
 96   62     1.00000000000000E-99   1.00000000000000E-99
 97   62     1.00000000000000E-99   1.00000000000000E-99
 98   62     1.00000000000000E-99   1.00000000000000E-99
 99   62     1.00000000000000E-99   1.00000000000000E-99
100   62     1.00000000000000E-99   1.00000000000000E-99
101   62     1.00000000000000E-99   1.00000000000000E-99
102   62     1.00000000000000E-99   1.00000000000000E-99
103   62     1.00000000000000E-99   1.00000000000000E-99
104   62     1.00000000000000E-99   1.00000000000000E-99
105   62     1.00000000000000E-99   1.00000000000000E-99
106   62     1.00000000000000E-99   1.00000000000000E-99
107   62     1.00000000000000E-99   1.00000000000000E-99
108   62     1.00000000000000E-99   1.00000000000000E-99
109   62     1.00000000000000E-99   1.00000000000000E-99
110   62     1.00000000000000E-99   1.00000000000000E-99
111   62     1.00000000000000E-99   1.00000000000000E-99
112   62     1.00000000000000E-99   1.00000000000000E-99
113   62     1.00000000000000E-99   1.00000000000000E-99
114   62     1.00000000000000E-99   1.00000000000000E-99
115   62     1.00000000000000E-99   1.00000000000000E-99
116   62     1.00000000000000E-99   1.00000000000000E-99
117   62     1.00000000000000E-99   1.00000000000000E-99
118   62     1.00000000000000E-99   1.00000000000000E-99
119   62     1.00000000000000E-99   1.00000000000000E-99
120   62     1.00000000000000E-99   1.00000000000000E-99
121   62     1.00000000000000E-99   1.00000000000000E-99
122   62     1.00000000000000E-99   1.00000000000000E-99
123   62     7.76954762957811E-19   1.43736631147195E-16
124   62     1.94274948294200E-16   3.61351403827213E-14
125   62     3.07367164739640E-16   5.74776598063126E-14
126   62     1.36953795078632E-07   2.57473134747828E-05
127   62     1.37180344603555E-16   2.59270851300719E-14
128   62     2.03370173447340E-11   3.86403329549947E-09
129   62     1.00000000000000E-99   1.00000000000000E-99
130   62     3.91931434061369E-21   7.52508353397829E-19
131   62     1.00000000000000E-99   1.00000000000000E-99
132   62     8.30496537978872E-24   1.61116328367901E-21
133   62     1.00000000000000E-99   1.00000000000000E-99
134   62     1.00000000000000E-99   1.00000000000000E-99
135   62     1.00000000000000E-99   1.00000000000000E-99
136   62     2.39456560203870E-24   4.74123989203663E-22
137   62     1.00000000000000E-99   1.00000000000000E-99
138   62     1.00000000000000E-99   1.00000000000000E-99
139   62     1.00000000000000E-99   1.00000000000000E-99
140   62     1.00000000000000E-99   1.00000000000000E-99
141   62     1.00000000000000E-99   1.00000000000000E-99
142   62     1.00000000000000E-99   1.00000000000000E-99
143   62     1.00000000000000E-99   1.00000000000000E-99
144   62     1.00000000000000E-99   1.00000000000000E-99
145   62     1.00000000000000E-99   1.00000000000000E-99
146   62     1.00000000000000E-99   1.00000000000000E-99
 62   63     1.00000000000000E-99   1.00000000000000E-99
 63   63     1.00000000000000E-99   1.00000000000000E-99
 64   63     1.00000000000000E-99   1.00000000000000E-99
 65   63     1.00000000000000E-99   1.00000000000000E-99
 66   63     1.00000000000000E-99   1.00000000000000E-99
 67   63     1.00000000000000E-99   1.00000000000000E-99
 68   63     1.00000000000000E-99   1.00000000000000E-99
 69   63     1.00000000000000E-99   1.00000000000000E-99
 70   63     1.00000000000000E-99   1.00000000000000E-99
 71   63     1.00000000000000E-99   1.00000000000000E-99
 72   63     1.00000000000000E-99   1.00000000000000E-99
 73   63     1.00000000000000E-99   1.00000000000000E-99
 74   63     1.00000000000000E-99   1.00000000000000E-99
 75   63     1.00000000000000E-99   1.00000000000000E-99
 76   63     1.00000000000000E-99   1.00000000000000E-99
 77   63     1.00000000000000E-99   1.00000000000000E-99
 78   63     1.00000000000000E-99   1.00000000000000E-99
 79   63     1.00000000000000E-99   1.00000000000000E-99
 80   63     1.00000000000000E-99   1.00000000000000E-99
 81   63     1.00000000000000E-99   1.00000000000000E-99
 82   63     1.00000000000000E-99   1.00000000000000E-99
 83   63     1.00000000000000E-99   1.00000000000000E-99
 84   63     1.00000000000000E-99   1.00000000000000E-99
 85   63     1.00000000000000E-99   1.00000000000000E-99
 86   63     1.00000000000000E-99   1.00000000000000E-99
 87   63     1.00000000000000E-99   1.00000000000000E-99
 88   63     1.00000000000000E-99   1.00000000000000E-99
 89   63     1.00000000000000E-99   1.00000000000000E-99
 90   63     1.00000000000000E-99   1.00000000000000E-99
 91   63     1.00000000000000E-99   1.00000000000000E-99
 92   63     1.00000000000000E-99   1.00000000000000E-99
 93   63     1.00000000000000E-99   1.00000000000000E-99
 94   63     1.00000000000000E-99   1.00000000000000E-99
 95   63     1.00000000000000E-99   1.00000000000000E-99
 96   63     1.00000000000000E-99   1.00000000000000E-99
 97   63     1.00000000000000E-99   1.00000000000000E-99
 98   63     1.00000000000000E-99   1.00000000000000E-99
 99   63     1.00000000000000E-99   1.00000000000000E-99
100   63     1.00000000000000E-99   1.00000000000000E-99
101   63     1.00000000000000E-99   1.00000000000000E-99
102   63     1.00000000000000E-99   1.00000000000000E-99
103   63     1.00000000000000E-99   1.00000000000000E-99
104   63     1.00000000000000E-99   1.00000000000000E-99
105   63     1.00000000000000E-99   1.00000000000000E-99
106   63     1.00000000000000E-99   1.00000000000000E-99
107   63     1.00000000000000E-99   1.00000000000000E-99
108   63     1.00000000000000E-99   1.00000000000000E-99
109   63     1.00000000000000E-99   1.00000000000000E-99
110   63     1.00000000000000E-99   1.00000000000000E-99
111   63     1.00000000000000E-99   1.00000000000000E-99
112   63     1.00000000000000E-99   1.00000000000000E-99
113   63     1.00000000000000E-99   1.00000000000000E-99
114   63     1.00000000000000E-99   1.00000000000000E-99
115   63     1.00000000000000E-99   1.00000000000000E-99
116   63     1.00000000000000E-99   1.00000000000000E-99
117   63     1.00000000000000E-99   1.00000000000000E-99
118   63     1.00000000000000E-99   1.00000000000000E-99
119   63     1.00000000000000E-99   1.00000000000000E-99
120   63     1.00000000000000E-99   1.00000000000000E-99
121   63     1.00000000000000E-99   1.00000000000000E-99
122   63     1.00000000000000E-99   1.00000000000000E-99
123   63     2.38908468850001E-20   4.44369752061001E-18
124   63     4.42919537726395E-18   8.28259535548359E-16
125   63     1.64268196810946E-18   3.08824210004579E-16
126   63     1.79099176424700E-10   3.38497443442683E-08
127   63     7.95288349368998E-16   1.51104786380110E-13
128   63     2.37121538646020E-08   4.52902138813898E-06
129   63     1.57934155598312E-16   3.03233578748759E-14
130   63     1.10763394995160E-08   2.13773352340659E-06
131   63     2.93682099816211E-19   5.69743273643449E-17
132   63     6.66431957801656E-12   1.29954231771323E-09
133   63     1.01976746098610E-20   1.99874422353275E-18
134   63     8.07631222395748E-19   1.59103350811962E-16
135   63     4.63914719749755E-21   9.18551145104516E-19
136   63     7.17607926233876E-17   1.42803977320541E-14
137   63     2.47854091738787E-20   4.95708183477575E-18
138   63     1.25641849950111E-13   2.52540118399723E-11
139   63     3.86810250965461E-20   7.81356706950230E-18
140   63     2.86008173484334E-13   5.80596592173198E-11
141   63     1.97937803659433E-21   4.03793119465243E-19
142   63     1.97945514375106E-14   4.05788304468968E-12
143   63     1.53170496114458E-23   3.15531221995783E-21
144   63     2.28041633471048E-17   4.72046181285070E-15
145   63     5.15744179029020E-23   1.07274789238036E-20
146   63     1.49532743792034E-17   3.12523434525351E-15
147   63     1.00000000000000E-99   1.00000000000000E-99
148   63     1.00000000000000E-99   1.00000000000000E-99
 81   64     1.00000000000000E-99   1.00000000000000E-99
 82   64     1.00000000000000E-99   1.00000000000000E-99
 83   64     1.00000000000000E-99   1.00000000000000E-99
 84   64     1.00000000000000E-99   1.00000000000000E-99
 85   64     1.00000000000000E-99   1.00000000000000E-99
 86   64     1.00000000000000E-99   1.00000000000000E-99
 87   64     1.00000000000000E-99   1.00000000000000E-99
 88   64     1.00000000000000E-99   1.00000000000000E-99
 89   64     1.00000000000000E-99   1.00000000000000E-99
 90   64     1.00000000000000E-99   1.00000000000000E-99
 91   64     1.00000000000000E-99   1.00000000000000E-99
 92   64     1.00000000000000E-99   1.00000000000000E-99
 93   64     1.00000000000000E-99   1.00000000000000E-99
 94   64     1.00000000000000E-99   1.00000000000000E-99
 95   64     1.00000000000000E-99   1.00000000000000E-99
 96   64     1.00000000000000E-99   1.00000000000000E-99
 97   64     1.00000000000000E-99   1.00000000000000E-99
 98   64     1.00000000000000E-99   1.00000000000000E-99
 99   64     1.00000000000000E-99   1.00000000000000E-99
100   64     1.00000000000000E-99   1.00000000000000E-99
101   64     1.00000000000000E-99   1.00000000000000E-99
102   64     1.00000000000000E-99   1.00000000000000E-99
103   64     1.00000000000000E-99   1.00000000000000E-99
104   64     1.00000000000000E-99   1.00000000000000E-99
105   64     1.00000000000000E-99   1.00000000000000E-99
106   64     1.00000000000000E-99   1.00000000000000E-99
107   64     1.00000000000000E-99   1.00000000000000E-99
108   64     1.00000000000000E-99   1.00000000000000E-99
109   64     1.00000000000000E-99   1.00000000000000E-99
110   64     1.00000000000000E-99   1.00000000000000E-99
111   64     1.00000000000000E-99   1.00000000000000E-99
112   64     1.00000000000000E-99   1.00000000000000E-99
113   64     1.00000000000000E-99   1.00000000000000E-99
114   64     1.00000000000000E-99   1.00000000000000E-99
115   64     1.00000000000000E-99   1.00000000000000E-99
116   64     1.00000000000000E-99   1.00000000000000E-99
117   64     1.00000000000000E-99   1.00000000000000E-99
118   64     1.00000000000000E-99   1.00000000000000E-99
119   64     1.00000000000000E-99   1.00000000000000E-99
120   64     1.00000000000000E-99   1.00000000000000E-99
121   64     1.00000000000000E-99   1.00000000000000E-99
122   64     1.00000000000000E-99   1.00000000000000E-99
123   64     2.90183759668530E-22   5.42643630580150E-20
124   64     1.75271647846751E-20   3.29510697951892E-18
125   64     2.79987748275850E-18   5.29176844241357E-16
126   64     1.28359199576677E-12   2.43882479195687E-10
127   64     2.50731338366694E-15   4.78896856280386E-13
128   64     7.45863948133422E-09   1.43205878041617E-06
129   64     1.66392329987423E-16   3.21137196875727E-14
130   64     2.35129642641974E-09   4.56151506725430E-07
131   64     1.45159777186946E-18   2.83061565514545E-16
132   64     7.62878207952760E-13   1.49524128758741E-10
133   64     1.39291185493664E-18   2.74403635422519E-16
134   64     4.91656556729158E-17   9.73479982323733E-15
135   64     3.16444836447487E-19   6.29725224530499E-17
136   64     5.79656834607255E-15   1.15931366921451E-12
137   64     1.32501301266390E-18   2.66327615545444E-16
138   64     6.67271398799003E-13   1.34788822557399E-10
139   64     3.14190275121654E-18   6.37806258496957E-16
140   64     1.11626178285575E-11   2.27717403702572E-09
141   64     1.63149192673728E-18   3.34455844981143E-16
142   64     1.24408950507450E-11   2.56282438045346E-09
143   64     7.91664331594749E-20   1.63874516640113E-17
144   64     6.66215313908169E-13   1.38572785292899E-10
145   64     1.20804666839148E-19   2.52481753693820E-17
146   64     1.70319789754999E-14   3.57671558485497E-12
147   64     1.11054998991322E-25   2.34326047871689E-23
148   64     1.30914384551736E-21   2.77538495249680E-19
149   64     1.00000000000000E-99   1.00000000000000E-99
150   64     1.00000000000000E-99   1.00000000000000E-99
 82   65     1.00000000000000E-99   1.00000000000000E-99
 83   65     1.00000000000000E-99   1.00000000000000E-99
 84   65     1.00000000000000E-99   1.00000000000000E-99
 85   65     1.00000000000000E-99   1.00000000000000E-99
 86   65     1.00000000000000E-99   1.00000000000000E-99
 87   65     1.00000000000000E-99   1.00000000000000E-99
 88   65     1.00000000000000E-99   1.00000000000000E-99
 89   65     1.00000000000000E-99   1.00000000000000E-99
 90   65     1.00000000000000E-99   1.00000000000000E-99
 91   65     1.00000000000000E-99   1.00000000000000E-99
 92   65     1.00000000000000E-99   1.00000000000000E-99
 93   65     1.00000000000000E-99   1.00000000000000E-99
 94   65     1.00000000000000E-99   1.00000000000000E-99
 95   65     1.00000000000000E-99   1.00000000000000E-99
 96   65     1.00000000000000E-99   1.00000000000000E-99
 97   65     1.00000000000000E-99   1.00000000000000E-99
 98   65     1.00000000000000E-99   1.00000000000000E-99
 99   65     1.00000000000000E-99   1.00000000000000E-99
100   65     1.00000000000000E-99   1.00000000000000E-99
101   65     1.00000000000000E-99   1.00000000000000E-99
102   65     1.00000000000000E-99   1.00000000000000E-99
103   65     1.00000000000000E-99   1.00000000000000E-99
104   65     1.00000000000000E-99   1.00000000000000E-99
105   65     1.00000000000000E-99   1.00000000000000E-99
106   65     1.00000000000000E-99   1.00000000000000E-99
107   65     1.00000000000000E-99   1.00000000000000E-99
108   65     1.00000000000000E-99   1.00000000000000E-99
109   65     1.00000000000000E-99   1.00000000000000E-99
110   65     1.00000000000000E-99   1.00000000000000E-99
111   65     1.00000000000000E-99   1.00000000000000E-99
112   65     1.00000000000000E-99   1.00000000000000E-99
113   65     1.00000000000000E-99   1.00000000000000E-99
114   65     1.00000000000000E-99   1.00000000000000E-99
115   65     1.00000000000000E-99   1.00000000000000E-99
116   65     1.00000000000000E-99   1.00000000000000E-99
117   65     1.00000000000000E-99   1.00000000000000E-99
118   65     1.00000000000000E-99   1.00000000000000E-99
119   65     1.00000000000000E-99   1.00000000000000E-99
120   65     1.00000000000000E-99   1.00000000000000E-99
121   65     1.00000000000000E-99   1.00000000000000E-99
122   65     1.00000000000000E-99   1.00000000000000E-99
123   65     1.00000000000000E-99   1.00000000000000E-99
124   65     1.52009799008045E-24   2.87298520125206E-22
125   65     3.61678949028636E-20   6.87190003154408E-18
126   65     1.36592133137126E-15   2.60890974291911E-13
127   65     3.97397737477926E-18   7.63003655957619E-16
128   65     4.28511802942690E-15   8.27027779679391E-13
129   65     1.92827411839762E-18   3.74085178969138E-16
130   65     9.44059658422495E-16   1.84091633392386E-13
131   65     1.63272374000244E-18   3.20013853040478E-16
132   65     1.98740053743241E-12   3.91517905874184E-10
133   65     1.57304745625083E-09   3.11463396337665E-07
134   65     1.80691470874534E-22   3.59576027040323E-20
135   65     8.64752668940484E-23   1.72950533788097E-20
136   65     4.06878591760535E-20   8.17825969438675E-18
137   65     9.29190276462811E-21   1.87696435845488E-18
138   65     3.48457715899965E-18   7.07369163276929E-16
139   65     3.89800388681074E-20   7.95192792909391E-18
140   65     4.13450451908097E-17   8.47573426411598E-15
141   65     1.26307265647115E-19   2.60192967233058E-17
142   65     7.03402672623637E-18   1.45604353233093E-15
143   65     5.21874443227854E-20   1.08549884191394E-17
144   65     4.90651363218506E-15   1.02546134912668E-12
145   65     4.72325636863431E-19   9.91883837413206E-17
146   65     6.18274435629964E-12   1.30455905917922E-09
147   65     8.28935273686930E-21   1.75734278021629E-18
148   65     3.18063524874242E-15   6.77475307982136E-13
149   65     1.00000000000000E-99   1.00000000000000E-99
150   65     1.00000000000000E-99   1.00000000000000E-99
151   65     1.00000000000000E-99   1.00000000000000E-99
152   65     1.00000000000000E-99   1.00000000000000E-99
153   65     1.00000000000000E-99   1.00000000000000E-99
 82   66     1.00000000000000E-99   1.00000000000000E-99
 83   66     1.00000000000000E-99   1.00000000000000E-99
 84   66     1.00000000000000E-99   1.00000000000000E-99
 85   66     1.00000000000000E-99   1.00000000000000E-99
 86   66     1.00000000000000E-99   1.00000000000000E-99
 87   66     1.00000000000000E-99   1.00000000000000E-99
 88   66     1.00000000000000E-99   1.00000000000000E-99
 89   66     1.00000000000000E-99   1.00000000000000E-99
 90   66     1.00000000000000E-99   1.00000000000000E-99
 91   66     1.00000000000000E-99   1.00000000000000E-99
 92   66     1.00000000000000E-99   1.00000000000000E-99
 93   66     1.00000000000000E-99   1.00000000000000E-99
 94   66     1.00000000000000E-99   1.00000000000000E-99
 95   66     1.00000000000000E-99   1.00000000000000E-99
 96   66     1.00000000000000E-99   1.00000000000000E-99
 97   66     1.00000000000000E-99   1.00000000000000E-99
 98   66     1.00000000000000E-99   1.00000000000000E-99
 99   66     1.00000000000000E-99   1.00000000000000E-99
100   66     1.00000000000000E-99   1.00000000000000E-99
101   66     1.00000000000000E-99   1.00000000000000E-99
102   66     1.00000000000000E-99   1.00000000000000E-99
103   66     1.00000000000000E-99   1.00000000000000E-99
104   66     1.00000000000000E-99   1.00000000000000E-99
105   66     1.00000000000000E-99   1.00000000000000E-99
106   66     1.00000000000000E-99   1.00000000000000E-99
107   66     1.00000000000000E-99   1.00000000000000E-99
108   66     1.00000000000000E-99   1.00000000000000E-99
109   66     1.00000000000000E-99   1.00000000000000E-99
110   66     1.00000000000000E-99   1.00000000000000E-99
111   66     1.00000000000000E-99   1.00000000000000E-99
112   66     1.00000000000000E-99   1.00000000000000E-99
113   66     1.00000000000000E-99   1.00000000000000E-99
114   66     1.00000000000000E-99   1.00000000000000E-99
115   66     1.00000000000000E-99   1.00000000000000E-99
116   66     1.00000000000000E-99   1.00000000000000E-99
117   66     1.00000000000000E-99   1.00000000000000E-99
118   66     1.00000000000000E-99   1.00000000000000E-99
119   66     1.00000000000000E-99   1.00000000000000E-99
120   66     1.00000000000000E-99   1.00000000000000E-99
121   66     1.00000000000000E-99   1.00000000000000E-99
122   66     1.00000000000000E-99   1.00000000000000E-99
123   66     1.00000000000000E-99   1.00000000000000E-99
124   66     1.00000000000000E-99   1.00000000000000E-99
125   66     1.96759502623726E-25   3.75810650011317E-23
126   66     1.13894007244724E-21   2.18676493909870E-19
127   66     9.18748790876793E-23   1.77318516639221E-20
128   66     3.92344174890825E-20   7.61147699288201E-18
129   66     5.25048236130415E-21   1.02384406045431E-18
130   66     7.74523420658220E-16   1.51806590449011E-13
131   66     5.64616762713840E-19   1.11229502254626E-16
132   66     3.30133087927217E-16   6.53663514095890E-14
133   66     1.36070563397656E-18   2.70780421161335E-16
134   66     2.60622348054616E-17   5.21244696109231E-15
135   66     4.26540699110099E-19   8.57346805211298E-17
136   66     1.17101684150944E-16   2.36545401984907E-14
137   66     1.04599776530200E-18   2.12337546356307E-16
138   66     3.36007357302528E-16   6.85455008897158E-14
139   66     2.33827361437048E-18   4.79346090945948E-16
140   66     3.70144617719576E-15   7.62497912502326E-13
141   66     4.53182820936449E-18   9.38088439338450E-16
142   66     1.29132469328774E-14   2.68595536203850E-12
143   66     1.05564322884887E-18   2.20629434829415E-16
144   66     4.23444236531231E-14   8.89232896715585E-12
145   66     2.01502932305974E-17   4.25171187165604E-15
146   66     2.76649436665541E-10   5.86496805730947E-08
147   66     8.29265422301507E-18   1.76633534950221E-15
148   66     3.49691337060580E-12   7.48339461309641E-10
149   66     1.27420813024748E-23   2.73954748003209E-21
150   66     8.46344574765684E-19   1.82810428149388E-16
151   66     1.00000000000000E-99   1.00000000000000E-99
152   66     2.59154688971291E-25   5.64957221957413E-23
153   66     1.00000000000000E-99   1.00000000000000E-99
154   66     1.00000000000000E-99   1.00000000000000E-99
155   66     1.00000000000000E-99   1.00000000000000E-99
 84   67     1.00000000000000E-99   1.00000000000000E-99
 85   67     1.00000000000000E-99   1.00000000000000E-99
 86   67     1.00000000000000E-99   1.00000000000000E-99
 87   67     1.00000000000000E-99   1.00000000000000E-99
 88   67     1.00000000000000E-99   1.00000000000000E-99
 89   67     1.00000000000000E-99   1.00000000000000E-99
 90   67     1.00000000000000E-99   1.00000000000000E-99
 91   67     1.00000000000000E-99   1.00000000000000E-99
 92   67     1.00000000000000E-99   1.00000000000000E-99
 93   67     1.00000000000000E-99   1.00000000000000E-99
 94   67     1.00000000000000E-99   1.00000000000000E-99
 95   67     1.00000000000000E-99   1.00000000000000E-99
 96   67     1.00000000000000E-99   1.00000000000000E-99
 97   67     1.00000000000000E-99   1.00000000000000E-99
 98   67     1.00000000000000E-99   1.00000000000000E-99
 99   67     1.00000000000000E-99   1.00000000000000E-99
100   67     1.00000000000000E-99   1.00000000000000E-99
101   67     1.00000000000000E-99   1.00000000000000E-99
102   67     1.00000000000000E-99   1.00000000000000E-99
103   67     1.00000000000000E-99   1.00000000000000E-99
104   67     1.00000000000000E-99   1.00000000000000E-99
105   67     1.00000000000000E-99   1.00000000000000E-99
106   67     1.00000000000000E-99   1.00000000000000E-99
107   67     1.00000000000000E-99   1.00000000000000E-99
108   67     1.00000000000000E-99   1.00000000000000E-99
109   67     1.00000000000000E-99   1.00000000000000E-99
110   67     1.00000000000000E-99   1.00000000000000E-99
111   67     1.00000000000000E-99   1.00000000000000E-99
112   67     1.00000000000000E-99   1.00000000000000E-99
113   67     1.00000000000000E-99   1.00000000000000E-99
114   67     1.00000000000000E-99   1.00000000000000E-99
115   67     1.00000000000000E-99   1.00000000000000E-99
116   67     1.00000000000000E-99   1.00000000000000E-99
117   67     1.00000000000000E-99   1.00000000000000E-99
118   67     1.00000000000000E-99   1.00000000000000E-99
119   67     1.00000000000000E-99   1.00000000000000E-99
120   67     1.00000000000000E-99   1.00000000000000E-99
121   67     1.00000000000000E-99   1.00000000000000E-99
122   67     1.00000000000000E-99   1.00000000000000E-99
123   67     1.00000000000000E-99   1.00000000000000E-99
124   67     1.00000000000000E-99   1.00000000000000E-99
125   67     1.00000000000000E-99   1.00000000000000E-99
126   67     1.00000000000000E-99   1.00000000000000E-99
127   67     1.00000000000000E-99   1.00000000000000E-99
128   67     2.71298029329022E-23   5.29031157191593E-21
129   67     1.00000000000000E-99   1.00000000000000E-99
130   67     1.16284645506913E-24   2.29080751648619E-22
131   67     1.00000000000000E-99   1.00000000000000E-99
132   67     9.39021937329394E-25   1.86865365528549E-22
133   67     1.00000000000000E-99   1.00000000000000E-99
134   67     3.61198632598325E-25   7.26009251522633E-23
135   67     1.00000000000000E-99   1.00000000000000E-99
136   67     1.05407511364756E-24   2.13977248070455E-22
137   67     2.60036968993318E-25   5.30475416746369E-23
138   67     1.20441340806895E-23   2.46904748654135E-21
139   67     1.62349928793823E-24   3.34440853315275E-22
140   67     3.55431214428664E-22   7.35742613867335E-20
141   67     3.04875541201132E-23   6.34141125698355E-21
142   67     1.13152627937642E-21   2.36488992389672E-19
143   67     7.42176465348050E-20   1.55857057723090E-17
144   67     2.65627771416658E-17   5.60474597689149E-15
145   67     1.02968508111569E-18   2.18293237196527E-16
146   67     3.11051518782267E-15   6.62539735006229E-13
147   67     3.86781162478064E-18   8.27711687703057E-16
148   67     1.25009143052076E-10   2.68769657561964E-08
149   67     2.24504152491484E-19   4.84928969381606E-17
150   67     4.80200505462925E-12   1.04203509685455E-09
151   67     1.07885172879221E-19   2.35189676876701E-17
152   67     5.67565764689440E-13   1.24296902466987E-10
153   67     1.66546223812900E-24   3.66401692388379E-22
154   67     1.16031948663793E-24   2.56430606546981E-22
155   67     1.00000000000000E-99   1.00000000000000E-99
156   67     1.00000000000000E-99   1.00000000000000E-99
157   67     1.00000000000000E-99   1.00000000000000E-99
 85   68     1.00000000000000E-99   1.00000000000000E-99
 86   68     1.00000000000000E-99   1.00000000000000E-99
 87   68     1.00000000000000E-99   1.00000000000000E-99
 88   68     1.00000000000000E-99   1.00000000000000E-99
 89   68     1.00000000000000E-99   1.00000000000000E-99
 90   68     1.00000000000000E-99   1.00000000000000E-99
 91   68     1.00000000000000E-99   1.00000000000000E-99
 92   68     1.00000000000000E-99   1.00000000000000E-99
 93   68     1.00000000000000E-99   1.00000000000000E-99
 94   68     1.00000000000000E-99   1.00000000000000E-99
 95   68     1.00000000000000E-99   1.00000000000000E-99
 96   68     1.00000000000000E-99   1.00000000000000E-99
 97   68     1.00000000000000E-99   1.00000000000000E-99
 98   68     1.00000000000000E-99   1.00000000000000E-99
 99   68     1.00000000000000E-99   1.00000000000000E-99
100   68     1.00000000000000E-99   1.00000000000000E-99
101   68     1.00000000000000E-99   1.00000000000000E-99
102   68     1.00000000000000E-99   1.00000000000000E-99
103   68     1.00000000000000E-99   1.00000000000000E-99
104   68     1.00000000000000E-99   1.00000000000000E-99
105   68     1.00000000000000E-99   1.00000000000000E-99
106   68     1.00000000000000E-99   1.00000000000000E-99
107   68     1.00000000000000E-99   1.00000000000000E-99
108   68     1.00000000000000E-99   1.00000000000000E-99
109   68     1.00000000000000E-99   1.00000000000000E-99
110   68     1.00000000000000E-99   1.00000000000000E-99
111   68     1.00000000000000E-99   1.00000000000000E-99
112   68     1.00000000000000E-99   1.00000000000000E-99
113   68     1.00000000000000E-99   1.00000000000000E-99
114   68     1.00000000000000E-99   1.00000000000000E-99
115   68     1.00000000000000E-99   1.00000000000000E-99
116   68     1.00000000000000E-99   1.00000000000000E-99
117   68     1.00000000000000E-99   1.00000000000000E-99
118   68     1.00000000000000E-99   1.00000000000000E-99
119   68     1.00000000000000E-99   1.00000000000000E-99
120   68     1.00000000000000E-99   1.00000000000000E-99
121   68     1.00000000000000E-99   1.00000000000000E-99
122   68     1.00000000000000E-99   1.00000000000000E-99
123   68     1.00000000000000E-99   1.00000000000000E-99
124   68     1.00000000000000E-99   1.00000000000000E-99
125   68     1.00000000000000E-99   1.00000000000000E-99
126   68     1.00000000000000E-99   1.00000000000000E-99
127   68     1.00000000000000E-99   1.00000000000000E-99
128   68     1.00000000000000E-99   1.00000000000000E-99
129   68     1.00000000000000E-99   1.00000000000000E-99
130   68     1.00000000000000E-99   1.00000000000000E-99
131   68     1.00000000000000E-99   1.00000000000000E-99
132   68     1.00000000000000E-99   1.00000000000000E-99
133   68     1.00000000000000E-99   1.00000000000000E-99
134   68     1.00000000000000E-99   1.00000000000000E-99
135   68     1.00000000000000E-99   1.00000000000000E-99
136   68     1.00000000000000E-99   1.00000000000000E-99
137   68     1.00000000000000E-99   1.00000000000000E-99
138   68     1.00000000000000E-99   1.00000000000000E-99
139   68     1.00000000000000E-99   1.00000000000000E-99
140   68     1.00000000000000E-99   1.00000000000000E-99
141   68     1.00000000000000E-99   1.00000000000000E-99
142   68     2.53543741184562E-24   5.32441856487580E-22
143   68     9.11369564993765E-25   1.92298978213684E-22
144   68     1.58014196804956E-22   3.34990097226506E-20
145   68     3.86712622031636E-19   8.23697884927386E-17
146   68     5.50911342706532E-16   1.17895027339198E-13
147   68     2.71336650891549E-18   5.83373799416831E-16
148   68     1.02547798994665E-12   2.21503245828477E-10
149   68     9.43784303992820E-18   2.04801193966442E-15
150   68     2.20627645746812E-12   4.80968267728051E-10
151   68     2.65340404969938E-17   5.81095486884164E-15
152   68     6.23696093567786E-11   1.37213140584913E-08
153   68     7.78359986261257E-24   1.72017556963738E-21
154   68     2.38902761238840E-18   5.30364129950224E-16
155   68     1.00000000000000E-99   1.00000000000000E-99
156   68     1.00000000000000E-99   1.00000000000000E-99
157   68     1.00000000000000E-99   1.00000000000000E-99
158   68     1.00000000000000E-99   1.00000000000000E-99
159   68     1.00000000000000E-99   1.00000000000000E-99
 86   69     1.00000000000000E-99   1.00000000000000E-99
 87   69     1.00000000000000E-99   1.00000000000000E-99
 88   69     1.00000000000000E-99   1.00000000000000E-99
 89   69     1.00000000000000E-99   1.00000000000000E-99
 90   69     1.00000000000000E-99   1.00000000000000E-99
 91   69     1.00000000000000E-99   1.00000000000000E-99
 92   69     1.00000000000000E-99   1.00000000000000E-99
 93   69     1.00000000000000E-99   1.00000000000000E-99
 94   69     1.00000000000000E-99   1.00000000000000E-99
 95   69     1.00000000000000E-99   1.00000000000000E-99
 96   69     1.00000000000000E-99   1.00000000000000E-99
 97   69     1.00000000000000E-99   1.00000000000000E-99
 98   69     1.00000000000000E-99   1.00000000000000E-99
 99   69     1.00000000000000E-99   1.00000000000000E-99
100   69     1.00000000000000E-99   1.00000000000000E-99
101   69     1.00000000000000E-99   1.00000000000000E-99
102   69     1.00000000000000E-99   1.00000000000000E-99
103   69     1.00000000000000E-99   1.00000000000000E-99
104   69     1.00000000000000E-99   1.00000000000000E-99
105   69     1.00000000000000E-99   1.00000000000000E-99
106   69     1.00000000000000E-99   1.00000000000000E-99
107   69     1.00000000000000E-99   1.00000000000000E-99
108   69     1.00000000000000E-99   1.00000000000000E-99
109   69     1.00000000000000E-99   1.00000000000000E-99
110   69     1.00000000000000E-99   1.00000000000000E-99
111   69     1.00000000000000E-99   1.00000000000000E-99
112   69     1.00000000000000E-99   1.00000000000000E-99
113   69     1.00000000000000E-99   1.00000000000000E-99
114   69     1.00000000000000E-99   1.00000000000000E-99
115   69     1.00000000000000E-99   1.00000000000000E-99
116   69     1.00000000000000E-99   1.00000000000000E-99
117   69     1.00000000000000E-99   1.00000000000000E-99
118   69     1.00000000000000E-99   1.00000000000000E-99
119   69     1.00000000000000E-99   1.00000000000000E-99
120   69     1.00000000000000E-99   1.00000000000000E-99
121   69     1.00000000000000E-99   1.00000000000000E-99
122   69     1.00000000000000E-99   1.00000000000000E-99
123   69     1.00000000000000E-99   1.00000000000000E-99
124   69     1.00000000000000E-99   1.00000000000000E-99
125   69     1.00000000000000E-99   1.00000000000000E-99
126   69     1.00000000000000E-99   1.00000000000000E-99
127   69     1.00000000000000E-99   1.00000000000000E-99
128   69     1.00000000000000E-99   1.00000000000000E-99
129   69     1.00000000000000E-99   1.00000000000000E-99
130   69     1.00000000000000E-99   1.00000000000000E-99
131   69     1.00000000000000E-99   1.00000000000000E-99
132   69     1.00000000000000E-99   1.00000000000000E-99
133   69     1.00000000000000E-99   1.00000000000000E-99
134   69     1.00000000000000E-99   1.00000000000000E-99
135   69     1.00000000000000E-99   1.00000000000000E-99
136   69     1.00000000000000E-99   1.00000000000000E-99
137   69     1.00000000000000E-99   1.00000000000000E-99
138   69     1.00000000000000E-99   1.00000000000000E-99
139   69     1.00000000000000E-99   1.00000000000000E-99
140   69     1.00000000000000E-99   1.00000000000000E-99
141   69     1.00000000000000E-99   1.00000000000000E-99
142   69     1.00000000000000E-99   1.00000000000000E-99
143   69     1.00000000000000E-99   1.00000000000000E-99
144   69     1.69663077138444E-24   3.61382354304887E-22
145   69     1.16141675642572E-22   2.48543185875104E-20
146   69     2.22227436112995E-20   4.77788987642940E-18
147   69     2.12637994504918E-21   4.59298068130624E-19
148   69     6.19860132240805E-19   1.34509648696255E-16
149   69     1.63673089573072E-19   3.56807335269297E-17
150   69     2.64879901119501E-17   5.80086983451707E-15
151   69     8.59078210424343E-19   1.88997206293356E-16
152   69     3.34430278133918E-11   7.39090914675958E-09
153   69     6.31726576024296E-19   1.40243299877394E-16
154   69     4.59945771231074E-12   1.02567906984529E-09
155   69     1.29383471326225E-20   2.89818975770744E-18
156   69     3.39788346425046E-15   7.64523779456354E-13
157   69     2.55352160373132E-25   5.77095882443277E-23
158   69     8.51945774954179E-21   1.93391690914599E-18
159   69     1.00000000000000E-99   1.00000000000000E-99
160   69     1.00000000000000E-99   1.00000000000000E-99
161   69     1.00000000000000E-99   1.00000000000000E-99
 88   70     1.00000000000000E-99   1.00000000000000E-99
 89   70     1.00000000000000E-99   1.00000000000000E-99
 90   70     1.00000000000000E-99   1.00000000000000E-99
 91   70     1.00000000000000E-99   1.00000000000000E-99
 92   70     1.00000000000000E-99   1.00000000000000E-99
 93   70     1.00000000000000E-99   1.00000000000000E-99
 94   70     1.00000000000000E-99   1.00000000000000E-99
 95   70     1.00000000000000E-99   1.00000000000000E-99
 96   70     1.00000000000000E-99   1.00000000000000E-99
 97   70     1.00000000000000E-99   1.00000000000000E-99
 98   70     1.00000000000000E-99   1.00000000000000E-99
 99   70     1.00000000000000E-99   1.00000000000000E-99
100   70     1.00000000000000E-99   1.00000000000000E-99
101   70     1.00000000000000E-99   1.00000000000000E-99
102   70     1.00000000000000E-99   1.00000000000000E-99
103   70     1.00000000000000E-99   1.00000000000000E-99
104   70     1.00000000000000E-99   1.00000000000000E-99
105   70     1.00000000000000E-99   1.00000000000000E-99
106   70     1.00000000000000E-99   1.00000000000000E-99
107   70     1.00000000000000E-99   1.00000000000000E-99
108   70     1.00000000000000E-99   1.00000000000000E-99
109   70     1.00000000000000E-99   1.00000000000000E-99
110   70     1.00000000000000E-99   1.00000000000000E-99
111   70     1.00000000000000E-99   1.00000000000000E-99
112   70     1.00000000000000E-99   1.00000000000000E-99
113   70     1.00000000000000E-99   1.00000000000000E-99
114   70     1.00000000000000E-99   1.00000000000000E-99
115   70     1.00000000000000E-99   1.00000000000000E-99
116   70     1.00000000000000E-99   1.00000000000000E-99
117   70     1.00000000000000E-99   1.00000000000000E-99
118   70     1.00000000000000E-99   1.00000000000000E-99
119   70     1.00000000000000E-99   1.00000000000000E-99
120   70     1.00000000000000E-99   1.00000000000000E-99
121   70     1.00000000000000E-99   1.00000000000000E-99
122   70     1.00000000000000E-99   1.00000000000000E-99
123   70     1.00000000000000E-99   1.00000000000000E-99
124   70     1.00000000000000E-99   1.00000000000000E-99
125   70     1.00000000000000E-99   1.00000000000000E-99
126   70     1.00000000000000E-99   1.00000000000000E-99
127   70     1.00000000000000E-99   1.00000000000000E-99
128   70     1.00000000000000E-99   1.00000000000000E-99
129   70     1.00000000000000E-99   1.00000000000000E-99
130   70     1.00000000000000E-99   1.00000000000000E-99
131   70     1.00000000000000E-99   1.00000000000000E-99
132   70     1.00000000000000E-99   1.00000000000000E-99
133   70     1.00000000000000E-99   1.00000000000000E-99
134   70     1.00000000000000E-99   1.00000000000000E-99
135   70     1.00000000000000E-99   1.00000000000000E-99
136   70     1.00000000000000E-99   1.00000000000000E-99
137   70     1.00000000000000E-99   1.00000000000000E-99
138   70     1.00000000000000E-99   1.00000000000000E-99
139   70     1.00000000000000E-99   1.00000000000000E-99
140   70     1.00000000000000E-99   1.00000000000000E-99
141   70     1.00000000000000E-99   1.00000000000000E-99
142   70     1.00000000000000E-99   1.00000000000000E-99
143   70     1.00000000000000E-99   1.00000000000000E-99
144   70     1.00000000000000E-99   1.00000000000000E-99
145   70     1.00000000000000E-99   1.00000000000000E-99
146   70     1.00000000000000E-99   1.00000000000000E-99
147   70     1.00000000000000E-99   1.00000000000000E-99
148   70     7.49296099470111E-24   1.63346549684484E-21
149   70     1.46108562804157E-19   3.19977752541104E-17
150   70     2.80250805019111E-17   6.16551771042043E-15
151   70     8.71333726042960E-19   1.92564753455494E-16
152   70     1.58815411715832E-11   3.52570214009147E-09
153   70     4.92114348933372E-19   1.09741499812142E-16
154   70     5.46291124092448E-12   1.22369211796708E-09
155   70     1.36983595399598E-20   3.08213089649096E-18
156   70     1.61145047135192E-14   3.64187806525535E-12
157   70     1.94708983432894E-23   4.41989392392670E-21
158   70     3.33807713556430E-18   7.61081586908660E-16
159   70     1.00000000000000E-99   1.00000000000000E-99
160   70     8.94993503899356E-22   2.05848505896852E-19
161   70     1.00000000000000E-99   1.00000000000000E-99
162   70     1.00000000000000E-99   1.00000000000000E-99
163   70     1.00000000000000E-99   1.00000000000000E-99
164   70     1.00000000000000E-99   1.00000000000000E-99
 90   71     1.00000000000000E-99   1.00000000000000E-99
 91   71     1.00000000000000E-99   1.00000000000000E-99
 92   71     1.00000000000000E-99   1.00000000000000E-99
 93   71     1.00000000000000E-99   1.00000000000000E-99
 94   71     1.00000000000000E-99   1.00000000000000E-99
 95   71     1.00000000000000E-99   1.00000000000000E-99
 96   71     1.00000000000000E-99   1.00000000000000E-99
 97   71     1.00000000000000E-99   1.00000000000000E-99
 98   71     1.00000000000000E-99   1.00000000000000E-99
 99   71     1.00000000000000E-99   1.00000000000000E-99
100   71     1.00000000000000E-99   1.00000000000000E-99
101   71     1.00000000000000E-99   1.00000000000000E-99
102   71     1.00000000000000E-99   1.00000000000000E-99
103   71     1.00000000000000E-99   1.00000000000000E-99
104   71     1.00000000000000E-99   1.00000000000000E-99
105   71     1.00000000000000E-99   1.00000000000000E-99
106   71     1.00000000000000E-99   1.00000000000000E-99
107   71     1.00000000000000E-99   1.00000000000000E-99
108   71     1.00000000000000E-99   1.00000000000000E-99
109   71     1.00000000000000E-99   1.00000000000000E-99
110   71     1.00000000000000E-99   1.00000000000000E-99
111   71     1.00000000000000E-99   1.00000000000000E-99
112   71     1.00000000000000E-99   1.00000000000000E-99
113   71     1.00000000000000E-99   1.00000000000000E-99
114   71     1.00000000000000E-99   1.00000000000000E-99
115   71     1.00000000000000E-99   1.00000000000000E-99
116   71     1.00000000000000E-99   1.00000000000000E-99
117   71     1.00000000000000E-99   1.00000000000000E-99
118   71     1.00000000000000E-99   1.00000000000000E-99
119   71     1.00000000000000E-99   1.00000000000000E-99
120   71     1.00000000000000E-99   1.00000000000000E-99
121   71     1.00000000000000E-99   1.00000000000000E-99
122   71     1.00000000000000E-99   1.00000000000000E-99
123   71     1.00000000000000E-99   1.00000000000000E-99
124   71     1.00000000000000E-99   1.00000000000000E-99
125   71     1.00000000000000E-99   1.00000000000000E-99
126   71     1.00000000000000E-99   1.00000000000000E-99
127   71     1.00000000000000E-99   1.00000000000000E-99
128   71     1.00000000000000E-99   1.00000000000000E-99
129   71     1.00000000000000E-99   1.00000000000000E-99
130   71     1.00000000000000E-99   1.00000000000000E-99
131   71     1.00000000000000E-99   1.00000000000000E-99
132   71     1.00000000000000E-99   1.00000000000000E-99
133   71     1.00000000000000E-99   1.00000000000000E-99
134   71     1.00000000000000E-99   1.00000000000000E-99
135   71     1.00000000000000E-99   1.00000000000000E-99
136   71     1.00000000000000E-99   1.00000000000000E-99
137   71     1.00000000000000E-99   1.00000000000000E-99
138   71     1.00000000000000E-99   1.00000000000000E-99
139   71     1.00000000000000E-99   1.00000000000000E-99
140   71     1.00000000000000E-99   1.00000000000000E-99
141   71     1.00000000000000E-99   1.00000000000000E-99
142   71     1.00000000000000E-99   1.00000000000000E-99
143   71     1.00000000000000E-99   1.00000000000000E-99
144   71     1.00000000000000E-99   1.00000000000000E-99
145   71     1.00000000000000E-99   1.00000000000000E-99
146   71     1.00000000000000E-99   1.00000000000000E-99
147   71     1.00000000000000E-99   1.00000000000000E-99
148   71     1.00000000000000E-99   1.00000000000000E-99
149   71     3.99348609967075E-21   8.78566941927565E-19
150   71     8.90589738993788E-20   1.96820332317627E-17
151   71     6.06684008769076E-21   1.34683849946735E-18
152   71     1.19463440311434E-16   2.66403471894498E-14
153   71     1.25173598331266E-19   2.80388860262035E-17
154   71     1.78391311641132E-13   4.01380451192546E-11
155   71     8.15920006466346E-20   1.84397921461394E-17
156   71     3.82367083415588E-13   8.67973279353385E-11
157   71     4.08744734395276E-19   9.31937994421229E-17
158   71     2.05930577797131E-13   4.71581023155430E-11
159   71     3.08321075382051E-19   7.09138473378718E-17
160   71     6.53037334678084E-12   1.50851624310637E-09
161   71     1.06289868013952E-19   2.46592493792369E-17
162   71     4.75115339209160E-13   1.10701874035734E-10
163   71     1.00000000000000E-99   1.00000000000000E-99
164   71     1.00000000000000E-99   1.00000000000000E-99
165   71     1.00000000000000E-99   1.00000000000000E-99
166   71     1.00000000000000E-99   1.00000000000000E-99
 92   72     1.00000000000000E-99   1.00000000000000E-99
 93   72     1.00000000000000E-99   1.00000000000000E-99
 94   72     1.00000000000000E-99   1.00000000000000E-99
 95   72     1.00000000000000E-99   1.00000000000000E-99
 96   72     1.00000000000000E-99   1.00000000000000E-99
 97   72     1.00000000000000E-99   1.00000000000000E-99
 98   72     1.00000000000000E-99   1.00000000000000E-99
 99   72     1.00000000000000E-99   1.00000000000000E-99
100   72     1.00000000000000E-99   1.00000000000000E-99
101   72     1.00000000000000E-99   1.00000000000000E-99
102   72     1.00000000000000E-99   1.00000000000000E-99
103   72     1.00000000000000E-99   1.00000000000000E-99
104   72     1.00000000000000E-99   1.00000000000000E-99
105   72     1.00000000000000E-99   1.00000000000000E-99
106   72     1.00000000000000E-99   1.00000000000000E-99
107   72     1.00000000000000E-99   1.00000000000000E-99
108   72     1.00000000000000E-99   1.00000000000000E-99
109   72     1.00000000000000E-99   1.00000000000000E-99
110   72     1.00000000000000E-99   1.00000000000000E-99
111   72     1.00000000000000E-99   1.00000000000000E-99
112   72     1.00000000000000E-99   1.00000000000000E-99
113   72     1.00000000000000E-99   1.00000000000000E-99
114   72     1.00000000000000E-99   1.00000000000000E-99
115   72     1.00000000000000E-99   1.00000000000000E-99
116   72     1.00000000000000E-99   1.00000000000000E-99
117   72     1.00000000000000E-99   1.00000000000000E-99
118   72     1.00000000000000E-99   1.00000000000000E-99
119   72     1.00000000000000E-99   1.00000000000000E-99
120   72     1.00000000000000E-99   1.00000000000000E-99
121   72     1.00000000000000E-99   1.00000000000000E-99
122   72     1.00000000000000E-99   1.00000000000000E-99
123   72     1.00000000000000E-99   1.00000000000000E-99
124   72     1.00000000000000E-99   1.00000000000000E-99
125   72     1.00000000000000E-99   1.00000000000000E-99
126   72     1.00000000000000E-99   1.00000000000000E-99
127   72     1.00000000000000E-99   1.00000000000000E-99
128   72     1.00000000000000E-99   1.00000000000000E-99
129   72     1.00000000000000E-99   1.00000000000000E-99
130   72     1.00000000000000E-99   1.00000000000000E-99
131   72     1.00000000000000E-99   1.00000000000000E-99
132   72     1.00000000000000E-99   1.00000000000000E-99
133   72     1.00000000000000E-99   1.00000000000000E-99
134   72     1.00000000000000E-99   1.00000000000000E-99
135   72     1.00000000000000E-99   1.00000000000000E-99
136   72     1.00000000000000E-99   1.00000000000000E-99
137   72     1.00000000000000E-99   1.00000000000000E-99
138   72     1.00000000000000E-99   1.00000000000000E-99
139   72     1.00000000000000E-99   1.00000000000000E-99
140   72     1.00000000000000E-99   1.00000000000000E-99
141   72     1.00000000000000E-99   1.00000000000000E-99
142   72     1.00000000000000E-99   1.00000000000000E-99
143   72     1.00000000000000E-99   1.00000000000000E-99
144   72     1.00000000000000E-99   1.00000000000000E-99
145   72     1.00000000000000E-99   1.00000000000000E-99
146   72     1.00000000000000E-99   1.00000000000000E-99
147   72     1.00000000000000E-99   1.00000000000000E-99
148   72     1.00000000000000E-99   1.00000000000000E-99
149   72     1.00000000000000E-99   1.00000000000000E-99
150   72     5.32652987283871E-24   1.18248963177019E-21
151   72     2.43602932280480E-22   5.43234538985470E-20
152   72     2.98643621299092E-18   6.68961711709967E-16
153   72     1.04147130388215E-21   2.34331043373484E-19
154   72     1.58324388827510E-13   3.57813118750171E-11
155   72     6.70849944010801E-21   1.52282937290452E-18
156   72     3.54496859956100E-17   8.08252840699907E-15
157   72     3.25174749444099E-20   7.44650176226987E-18
158   72     3.06215650873028E-16   7.04295997007965E-14
159   72     6.91129921393881E-19   1.59651011841986E-16
160   72     1.12553153927967E-13   2.61123317112883E-11
161   72     1.65398366724760E-18   3.85378194468690E-16
162   72     4.19826557930341E-12   9.82394145556999E-10
163   72     3.33596571323040E-25   7.83951942609143E-23
164   72     6.92057660465737E-22   1.63325607869914E-19
165   72     1.00000000000000E-99   1.00000000000000E-99
166   72     1.00000000000000E-99   1.00000000000000E-99
167   72     1.00000000000000E-99   1.00000000000000E-99
168   72     1.00000000000000E-99   1.00000000000000E-99
 96   73     1.00000000000000E-99   1.00000000000000E-99
 97   73     1.00000000000000E-99   1.00000000000000E-99
 98   73     1.00000000000000E-99   1.00000000000000E-99
 99   73     1.00000000000000E-99   1.00000000000000E-99
100   73     1.00000000000000E-99   1.00000000000000E-99
101   73     1.00000000000000E-99   1.00000000000000E-99
102   73     1.00000000000000E-99   1.00000000000000E-99
103   73     1.00000000000000E-99   1.00000000000000E-99
104   73     1.00000000000000E-99   1.00000000000000E-99
105   73     1.00000000000000E-99   1.00000000000000E-99
106   73     1.00000000000000E-99   1.00000000000000E-99
107   73     1.00000000000000E-99   1.00000000000000E-99
108   73     1.00000000000000E-99   1.00000000000000E-99
109   73     1.00000000000000E-99   1.00000000000000E-99
110   73     1.00000000000000E-99   1.00000000000000E-99
111   73     1.00000000000000E-99   1.00000000000000E-99
112   73     1.00000000000000E-99   1.00000000000000E-99
113   73     1.00000000000000E-99   1.00000000000000E-99
114   73     1.00000000000000E-99   1.00000000000000E-99
115   73     1.00000000000000E-99   1.00000000000000E-99
116   73     1.00000000000000E-99   1.00000000000000E-99
117   73     1.00000000000000E-99   1.00000000000000E-99
118   73     1.00000000000000E-99   1.00000000000000E-99
119   73     1.00000000000000E-99   1.00000000000000E-99
120   73     1.00000000000000E-99   1.00000000000000E-99
121   73     1.00000000000000E-99   1.00000000000000E-99
122   73     1.00000000000000E-99   1.00000000000000E-99
123   73     1.00000000000000E-99   1.00000000000000E-99
124   73     1.00000000000000E-99   1.00000000000000E-99
125   73     1.00000000000000E-99   1.00000000000000E-99
126   73     1.00000000000000E-99   1.00000000000000E-99
127   73     1.00000000000000E-99   1.00000000000000E-99
128   73     1.00000000000000E-99   1.00000000000000E-99
129   73     1.00000000000000E-99   1.00000000000000E-99
130   73     1.00000000000000E-99   1.00000000000000E-99
131   73     1.00000000000000E-99   1.00000000000000E-99
132   73     1.00000000000000E-99   1.00000000000000E-99
133   73     1.00000000000000E-99   1.00000000000000E-99
134   73     1.00000000000000E-99   1.00000000000000E-99
135   73     1.00000000000000E-99   1.00000000000000E-99
136   73     1.00000000000000E-99   1.00000000000000E-99
137   73     1.00000000000000E-99   1.00000000000000E-99
138   73     1.00000000000000E-99   1.00000000000000E-99
139   73     1.00000000000000E-99   1.00000000000000E-99
140   73     1.00000000000000E-99   1.00000000000000E-99
141   73     1.00000000000000E-99   1.00000000000000E-99
142   73     1.00000000000000E-99   1.00000000000000E-99
143   73     1.00000000000000E-99   1.00000000000000E-99
144   73     1.00000000000000E-99   1.00000000000000E-99
145   73     1.00000000000000E-99   1.00000000000000E-99
146   73     1.00000000000000E-99   1.00000000000000E-99
147   73     1.00000000000000E-99   1.00000000000000E-99
148   73     1.00000000000000E-99   1.00000000000000E-99
149   73     1.00000000000000E-99   1.00000000000000E-99
150   73     1.00000000000000E-99   1.00000000000000E-99
151   73     1.29513690129244E-23   2.90110665889506E-21
152   73     7.57240152505772E-20   1.70379034313799E-17
153   73     9.80966293282779E-23   2.21698382281908E-20
154   73     9.86350195357213E-20   2.23901494346087E-17
155   73     1.42108341762116E-22   3.24007019217624E-20
156   73     1.88010448846078E-20   4.30543927857519E-18
157   73     2.91321132382680E-22   6.70038604480163E-20
158   73     1.72793621013687E-20   3.99153264541616E-18
159   73     3.69349471177233E-21   8.56890773131181E-19
160   73     1.49164049618914E-17   3.47552235612070E-15
161   73     1.15109927470424E-20   2.69357230280792E-18
162   73     2.61442371161215E-12   6.14389572228856E-10
163   73     4.88923611988126E-22   1.15385972429198E-19
164   73     4.74534699800763E-16   1.12464723852781E-13
165   73     1.00000000000000E-99   1.00000000000000E-99
166   73     4.88763321294972E-23   1.16814433789498E-20
167   73     1.00000000000000E-99   1.00000000000000E-99
168   73     1.00000000000000E-99   1.00000000000000E-99
169   73     1.00000000000000E-99   1.00000000000000E-99
170   73     1.00000000000000E-99   1.00000000000000E-99
 98   74     1.00000000000000E-99   1.00000000000000E-99
 99   74     1.00000000000000E-99   1.00000000000000E-99
100   74     1.00000000000000E-99   1.00000000000000E-99
101   74     1.00000000000000E-99   1.00000000000000E-99
102   74     1.00000000000000E-99   1.00000000000000E-99
103   74     1.00000000000000E-99   1.00000000000000E-99
104   74     1.00000000000000E-99   1.00000000000000E-99
105   74     1.00000000000000E-99   1.00000000000000E-99
106   74     1.00000000000000E-99   1.00000000000000E-99
107   74     1.00000000000000E-99   1.00000000000000E-99
108   74     1.00000000000000E-99   1.00000000000000E-99
109   74     1.00000000000000E-99   1.00000000000000E-99
110   74     1.00000000000000E-99   1.00000000000000E-99
111   74     1.00000000000000E-99   1.00000000000000E-99
112   74     1.00000000000000E-99   1.00000000000000E-99
113   74     1.00000000000000E-99   1.00000000000000E-99
114   74     1.00000000000000E-99   1.00000000000000E-99
115   74     1.00000000000000E-99   1.00000000000000E-99
116   74     1.00000000000000E-99   1.00000000000000E-99
117   74     1.00000000000000E-99   1.00000000000000E-99
118   74     1.00000000000000E-99   1.00000000000000E-99
119   74     1.00000000000000E-99   1.00000000000000E-99
120   74     1.00000000000000E-99   1.00000000000000E-99
121   74     1.00000000000000E-99   1.00000000000000E-99
122   74     1.00000000000000E-99   1.00000000000000E-99
123   74     1.00000000000000E-99   1.00000000000000E-99
124   74     1.00000000000000E-99   1.00000000000000E-99
125   74     1.00000000000000E-99   1.00000000000000E-99
126   74     1.00000000000000E-99   1.00000000000000E-99
127   74     1.00000000000000E-99   1.00000000000000E-99
128   74     1.00000000000000E-99   1.00000000000000E-99
129   74     1.00000000000000E-99   1.00000000000000E-99
130   74     1.00000000000000E-99   1.00000000000000E-99
131   74     1.00000000000000E-99   1.00000000000000E-99
132   74     1.00000000000000E-99   1.00000000000000E-99
133   74     1.00000000000000E-99   1.00000000000000E-99
134   74     1.00000000000000E-99   1.00000000000000E-99
135   74     1.00000000000000E-99   1.00000000000000E-99
136   74     1.00000000000000E-99   1.00000000000000E-99
137   74     1.00000000000000E-99   1.00000000000000E-99
138   74     1.00000000000000E-99   1.00000000000000E-99
139   74     1.00000000000000E-99   1.00000000000000E-99
140   74     1.00000000000000E-99   1.00000000000000E-99
141   74     1.00000000000000E-99   1.00000000000000E-99
142   74     1.00000000000000E-99   1.00000000000000E-99
143   74     1.00000000000000E-99   1.00000000000000E-99
144   74     1.00000000000000E-99   1.00000000000000E-99
145   74     1.00000000000000E-99   1.00000000000000E-99
146   74     1.00000000000000E-99   1.00000000000000E-99
147   74     1.00000000000000E-99   1.00000000000000E-99
148   74     1.00000000000000E-99   1.00000000000000E-99
149   74     1.00000000000000E-99   1.00000000000000E-99
150   74     1.00000000000000E-99   1.00000000000000E-99
151   74     1.00000000000000E-99   1.00000000000000E-99
152   74     1.00000000000000E-99   1.00000000000000E-99
153   74     1.00000000000000E-99   1.00000000000000E-99
154   74     1.00000000000000E-99   1.00000000000000E-99
155   74     1.00000000000000E-99   1.00000000000000E-99
156   74     1.00000000000000E-99   1.00000000000000E-99
157   74     1.00000000000000E-99   1.00000000000000E-99
158   74     2.28790656299397E-24   5.30794322614601E-22
159   74     1.11319411911497E-20   2.59374229753788E-18
160   74     3.51058167699143E-18   8.21476112415994E-16
161   74     5.99054899413777E-20   1.40777901362238E-17
162   74     8.15314502162101E-13   1.92414222510256E-10
163   74     2.24580175980070E-18   5.32255017072767E-16
164   74     5.29896255010256E-13   1.26115308692441E-10
165   74     1.33424102456536E-24   3.18883604871120E-22
166   74     1.07948550041535E-19   2.59076520099683E-17
167   74     1.00000000000000E-99   1.00000000000000E-99
168   74     1.00000000000000E-99   1.00000000000000E-99
169   74     1.00000000000000E-99   1.00000000000000E-99
170   74     1.00000000000000E-99   1.00000000000000E-99
171   74     1.00000000000000E-99   1.00000000000000E-99
172   74     1.00000000000000E-99   1.00000000000000E-99
173   74     1.00000000000000E-99   1.00000000000000E-99
 99   75     1.00000000000000E-99   1.00000000000000E-99
100   75     1.00000000000000E-99   1.00000000000000E-99
101   75     1.00000000000000E-99   1.00000000000000E-99
102   75     1.00000000000000E-99   1.00000000000000E-99
103   75     1.00000000000000E-99   1.00000000000000E-99
104   75     1.00000000000000E-99   1.00000000000000E-99
105   75     1.00000000000000E-99   1.00000000000000E-99
106   75     1.00000000000000E-99   1.00000000000000E-99
107   75     1.00000000000000E-99   1.00000000000000E-99
108   75     1.00000000000000E-99   1.00000000000000E-99
109   75     1.00000000000000E-99   1.00000000000000E-99
110   75     1.00000000000000E-99   1.00000000000000E-99
111   75     1.00000000000000E-99   1.00000000000000E-99
112   75     1.00000000000000E-99   1.00000000000000E-99
113   75     1.00000000000000E-99   1.00000000000000E-99
114   75     1.00000000000000E-99   1.00000000000000E-99
115   75     1.00000000000000E-99   1.00000000000000E-99
116   75     1.00000000000000E-99   1.00000000000000E-99
117   75     1.00000000000000E-99   1.00000000000000E-99
118   75     1.00000000000000E-99   1.00000000000000E-99
119   75     1.00000000000000E-99   1.00000000000000E-99
120   75     1.00000000000000E-99   1.00000000000000E-99
121   75     1.00000000000000E-99   1.00000000000000E-99
122   75     1.00000000000000E-99   1.00000000000000E-99
123   75     1.00000000000000E-99   1.00000000000000E-99
124   75     1.00000000000000E-99   1.00000000000000E-99
125   75     1.00000000000000E-99   1.00000000000000E-99
126   75     1.00000000000000E-99   1.00000000000000E-99
127   75     1.00000000000000E-99   1.00000000000000E-99
128   75     1.00000000000000E-99   1.00000000000000E-99
129   75     1.00000000000000E-99   1.00000000000000E-99
130   75     1.00000000000000E-99   1.00000000000000E-99
131   75     1.00000000000000E-99   1.00000000000000E-99
132   75     1.00000000000000E-99   1.00000000000000E-99
133   75     1.00000000000000E-99   1.00000000000000E-99
134   75     1.00000000000000E-99   1.00000000000000E-99
135   75     1.00000000000000E-99   1.00000000000000E-99
136   75     1.00000000000000E-99   1.00000000000000E-99
137   75     1.00000000000000E-99   1.00000000000000E-99
138   75     1.00000000000000E-99   1.00000000000000E-99
139   75     1.00000000000000E-99   1.00000000000000E-99
140   75     1.00000000000000E-99   1.00000000000000E-99
141   75     1.00000000000000E-99   1.00000000000000E-99
142   75     1.00000000000000E-99   1.00000000000000E-99
143   75     1.00000000000000E-99   1.00000000000000E-99
144   75     1.00000000000000E-99   1.00000000000000E-99
145   75     1.00000000000000E-99   1.00000000000000E-99
146   75     1.00000000000000E-99   1.00000000000000E-99
147   75     1.00000000000000E-99   1.00000000000000E-99
148   75     1.00000000000000E-99   1.00000000000000E-99
149   75     1.00000000000000E-99   1.00000000000000E-99
150   75     1.00000000000000E-99   1.00000000000000E-99
151   75     1.00000000000000E-99   1.00000000000000E-99
152   75     1.00000000000000E-99   1.00000000000000E-99
153   75     1.00000000000000E-99   1.00000000000000E-99
154   75     1.00000000000000E-99   1.00000000000000E-99
155   75     1.00000000000000E-99   1.00000000000000E-99
156   75     1.00000000000000E-99   1.00000000000000E-99
157   75     1.00000000000000E-99   1.00000000000000E-99
158   75     1.00000000000000E-99   1.00000000000000E-99
159   75     2.66868293332346E-22   6.24471806397690E-20
160   75     2.21025153978599E-20   5.19409111849707E-18
161   75     2.03341393055769E-21   4.79885687611614E-19
162   75     3.38249543079754E-17   8.01651417099017E-15
163   75     4.63915734712896E-20   1.10411944861669E-17
164   75     6.31856913459082E-13   1.51013802316720E-10
165   75     2.58680274450962E-18   6.20832658682309E-16
166   75     2.97263539376510E-17   7.16405129897389E-15
167   75     1.00000000000000E-99   1.00000000000000E-99
168   75     2.67831830516451E-24   6.50831348154975E-22
169   75     1.00000000000000E-99   1.00000000000000E-99
170   75     1.00000000000000E-99   1.00000000000000E-99
171   75     1.00000000000000E-99   1.00000000000000E-99
172   75     1.00000000000000E-99   1.00000000000000E-99
173   75     1.00000000000000E-99   1.00000000000000E-99
174   75     1.00000000000000E-99   1.00000000000000E-99
175   75     1.00000000000000E-99   1.00000000000000E-99
101   76     1.00000000000000E-99   1.00000000000000E-99
102   76     1.00000000000000E-99   1.00000000000000E-99
103   76     1.00000000000000E-99   1.00000000000000E-99
104   76     1.00000000000000E-99   1.00000000000000E-99
105   76     1.00000000000000E-99   1.00000000000000E-99
106   76     1.00000000000000E-99   1.00000000000000E-99
107   76     1.00000000000000E-99   1.00000000000000E-99
108   76     1.00000000000000E-99   1.00000000000000E-99
109   76     1.00000000000000E-99   1.00000000000000E-99
110   76     1.00000000000000E-99   1.00000000000000E-99
111   76     1.00000000000000E-99   1.00000000000000E-99
112   76     1.00000000000000E-99   1.00000000000000E-99
113   76     1.00000000000000E-99   1.00000000000000E-99
114   76     1.00000000000000E-99   1.00000000000000E-99
115   76     1.00000000000000E-99   1.00000000000000E-99
116   76     1.00000000000000E-99   1.00000000000000E-99
117   76     1.00000000000000E-99   1.00000000000000E-99
118   76     1.00000000000000E-99   1.00000000000000E-99
119   76     1.00000000000000E-99   1.00000000000000E-99
120   76     1.00000000000000E-99   1.00000000000000E-99
121   76     1.00000000000000E-99   1.00000000000000E-99
122   76     1.00000000000000E-99   1.00000000000000E-99
123   76     1.00000000000000E-99   1.00000000000000E-99
124   76     1.00000000000000E-99   1.00000000000000E-99
125   76     1.00000000000000E-99   1.00000000000000E-99
126   76     1.00000000000000E-99   1.00000000000000E-99
127   76     1.00000000000000E-99   1.00000000000000E-99
128   76     1.00000000000000E-99   1.00000000000000E-99
129   76     1.00000000000000E-99   1.00000000000000E-99
130   76     1.00000000000000E-99   1.00000000000000E-99
131   76     1.00000000000000E-99   1.00000000000000E-99
132   76     1.00000000000000E-99   1.00000000000000E-99
133   76     1.00000000000000E-99   1.00000000000000E-99
134   76     1.00000000000000E-99   1.00000000000000E-99
135   76     1.00000000000000E-99   1.00000000000000E-99
136   76     1.00000000000000E-99   1.00000000000000E-99
137   76     1.00000000000000E-99   1.00000000000000E-99
138   76     1.00000000000000E-99   1.00000000000000E-99
139   76     1.00000000000000E-99   1.00000000000000E-99
140   76     1.00000000000000E-99   1.00000000000000E-99
141   76     1.00000000000000E-99   1.00000000000000E-99
142   76     1.00000000000000E-99   1.00000000000000E-99
143   76     1.00000000000000E-99   1.00000000000000E-99
144   76     1.00000000000000E-99   1.00000000000000E-99
145   76     1.00000000000000E-99   1.00000000000000E-99
146   76     1.00000000000000E-99   1.00000000000000E-99
147   76     1.00000000000000E-99   1.00000000000000E-99
148   76     1.00000000000000E-99   1.00000000000000E-99
149   76     1.00000000000000E-99   1.00000000000000E-99
150   76     1.00000000000000E-99   1.00000000000000E-99
151   76     1.00000000000000E-99   1.00000000000000E-99
152   76     1.00000000000000E-99   1.00000000000000E-99
153   76     1.00000000000000E-99   1.00000000000000E-99
154   76     1.00000000000000E-99   1.00000000000000E-99
155   76     1.00000000000000E-99   1.00000000000000E-99
156   76     1.00000000000000E-99   1.00000000000000E-99
157   76     1.00000000000000E-99   1.00000000000000E-99
158   76     1.00000000000000E-99   1.00000000000000E-99
159   76     1.00000000000000E-99   1.00000000000000E-99
160   76     2.22381634665436E-24   5.24820657810429E-22
161   76     9.77948039951376E-22   2.31773685468476E-19
162   76     2.05905025422546E-17   4.90053960505659E-15
163   76     9.87712322194936E-20   2.36063245004590E-17
164   76     3.04352172837599E-13   7.30445214810238E-11
165   76     4.35052651995548E-22   1.04847689130927E-19
166   76     4.38786690250779E-17   1.06186379040689E-14
167   76     2.12861301048434E-22   5.17252961547695E-20
168   76     5.62103975093978E-17   1.37153369922931E-14
169   76     1.00000000000000E-99   1.00000000000000E-99
170   76     1.00000000000000E-99   1.00000000000000E-99
171   76     1.00000000000000E-99   1.00000000000000E-99
172   76     1.00000000000000E-99   1.00000000000000E-99
173   76     1.00000000000000E-99   1.00000000000000E-99
174   76     1.00000000000000E-99   1.00000000000000E-99
175   76     1.00000000000000E-99   1.00000000000000E-99
176   76     1.00000000000000E-99   1.00000000000000E-99
177   76     1.00000000000000E-99   1.00000000000000E-99
103   77     1.00000000000000E-99   1.00000000000000E-99
104   77     1.00000000000000E-99   1.00000000000000E-99
105   77     1.00000000000000E-99   1.00000000000000E-99
106   77     1.00000000000000E-99   1.00000000000000E-99
107   77     1.00000000000000E-99   1.00000000000000E-99
108   77     1.00000000000000E-99   1.00000000000000E-99
109   77     1.00000000000000E-99   1.00000000000000E-99
110   77     1.00000000000000E-99   1.00000000000000E-99
111   77     1.00000000000000E-99   1.00000000000000E-99
112   77     1.00000000000000E-99   1.00000000000000E-99
113   77     1.00000000000000E-99   1.00000000000000E-99
114   77     1.00000000000000E-99   1.00000000000000E-99
115   77     1.00000000000000E-99   1.00000000000000E-99
116   77     1.00000000000000E-99   1.00000000000000E-99
117   77     1.00000000000000E-99   1.00000000000000E-99
118   77     1.00000000000000E-99   1.00000000000000E-99
119   77     1.00000000000000E-99   1.00000000000000E-99
120   77     1.00000000000000E-99   1.00000000000000E-99
121   77     1.00000000000000E-99   1.00000000000000E-99
122   77     1.00000000000000E-99   1.00000000000000E-99
123   77     1.00000000000000E-99   1.00000000000000E-99
124   77     1.00000000000000E-99   1.00000000000000E-99
125   77     1.00000000000000E-99   1.00000000000000E-99
126   77     1.00000000000000E-99   1.00000000000000E-99
127   77     1.00000000000000E-99   1.00000000000000E-99
128   77     1.00000000000000E-99   1.00000000000000E-99
129   77     1.00000000000000E-99   1.00000000000000E-99
130   77     1.00000000000000E-99   1.00000000000000E-99
131   77     1.00000000000000E-99   1.00000000000000E-99
132   77     1.00000000000000E-99   1.00000000000000E-99
133   77     1.00000000000000E-99   1.00000000000000E-99
134   77     1.00000000000000E-99   1.00000000000000E-99
135   77     1.00000000000000E-99   1.00000000000000E-99
136   77     1.00000000000000E-99   1.00000000000000E-99
137   77     1.00000000000000E-99   1.00000000000000E-99
138   77     1.00000000000000E-99   1.00000000000000E-99
139   77     1.00000000000000E-99   1.00000000000000E-99
140   77     1.00000000000000E-99   1.00000000000000E-99
141   77     1.00000000000000E-99   1.00000000000000E-99
142   77     1.00000000000000E-99   1.00000000000000E-99
143   77     1.00000000000000E-99   1.00000000000000E-99
144   77     1.00000000000000E-99   1.00000000000000E-99
145   77     1.00000000000000E-99   1.00000000000000E-99
146   77     1.00000000000000E-99   1.00000000000000E-99
147   77     1.00000000000000E-99   1.00000000000000E-99
148   77     1.00000000000000E-99   1.00000000000000E-99
149   77     1.00000000000000E-99   1.00000000000000E-99
150   77     1.00000000000000E-99   1.00000000000000E-99
151   77     1.00000000000000E-99   1.00000000000000E-99
152   77     1.00000000000000E-99   1.00000000000000E-99
153   77     1.00000000000000E-99   1.00000000000000E-99
154   77     1.00000000000000E-99   1.00000000000000E-99
155   77     1.00000000000000E-99   1.00000000000000E-99
156   77     1.00000000000000E-99   1.00000000000000E-99
157   77     1.00000000000000E-99   1.00000000000000E-99
158   77     1.00000000000000E-99   1.00000000000000E-99
159   77     1.00000000000000E-99   1.00000000000000E-99
160   77     1.00000000000000E-99   1.00000000000000E-99
161   77     2.67016806723482E-23   6.35500000001886E-21
162   77     7.62712337233479E-20   1.82288248598801E-17
163   77     4.41307870998966E-22   1.05913889039752E-19
164   77     1.11832466057690E-13   2.69516243199034E-11
165   77     1.02963864716676E-22   2.49172552614355E-20
166   77     2.52556219707202E-15   6.13711613888500E-13
167   77     1.58121039470070E-15   3.85815336306971E-13
168   77     1.01557295630498E-20   2.48815374294721E-18
169   77     1.00000000000000E-99   1.00000000000000E-99
170   77     1.00000000000000E-99   1.00000000000000E-99
171   77     1.00000000000000E-99   1.00000000000000E-99
172   77     1.48533806651213E-20   3.69849178561522E-18
173   77     1.00000000000000E-99   1.00000000000000E-99
174   77     1.00000000000000E-99   1.00000000000000E-99
175   77     1.00000000000000E-99   1.00000000000000E-99
176   77     1.00000000000000E-99   1.00000000000000E-99
177   77     1.00000000000000E-99   1.00000000000000E-99
178   77     1.00000000000000E-99   1.00000000000000E-99
179   77     1.00000000000000E-99   1.00000000000000E-99
105   78     1.00000000000000E-99   1.00000000000000E-99
106   78     1.00000000000000E-99   1.00000000000000E-99
107   78     1.00000000000000E-99   1.00000000000000E-99
108   78     1.00000000000000E-99   1.00000000000000E-99
109   78     1.00000000000000E-99   1.00000000000000E-99
110   78     1.00000000000000E-99   1.00000000000000E-99
111   78     1.00000000000000E-99   1.00000000000000E-99
112   78     1.00000000000000E-99   1.00000000000000E-99
113   78     1.00000000000000E-99   1.00000000000000E-99
114   78     1.00000000000000E-99   1.00000000000000E-99
115   78     1.00000000000000E-99   1.00000000000000E-99
116   78     1.00000000000000E-99   1.00000000000000E-99
117   78     1.00000000000000E-99   1.00000000000000E-99
118   78     1.00000000000000E-99   1.00000000000000E-99
119   78     1.00000000000000E-99   1.00000000000000E-99
120   78     1.00000000000000E-99   1.00000000000000E-99
121   78     1.00000000000000E-99   1.00000000000000E-99
122   78     1.00000000000000E-99   1.00000000000000E-99
123   78     1.00000000000000E-99   1.00000000000000E-99
124   78     1.00000000000000E-99   1.00000000000000E-99
125   78     1.00000000000000E-99   1.00000000000000E-99
126   78     1.00000000000000E-99   1.00000000000000E-99
127   78     1.00000000000000E-99   1.00000000000000E-99
128   78     1.00000000000000E-99   1.00000000000000E-99
129   78     1.00000000000000E-99   1.00000000000000E-99
130   78     1.00000000000000E-99   1.00000000000000E-99
131   78     1.00000000000000E-99   1.00000000000000E-99
132   78     1.00000000000000E-99   1.00000000000000E-99
133   78     1.00000000000000E-99   1.00000000000000E-99
134   78     1.00000000000000E-99   1.00000000000000E-99
135   78     1.00000000000000E-99   1.00000000000000E-99
136   78     1.00000000000000E-99   1.00000000000000E-99
137   78     1.00000000000000E-99   1.00000000000000E-99
138   78     1.00000000000000E-99   1.00000000000000E-99
139   78     1.00000000000000E-99   1.00000000000000E-99
140   78     1.00000000000000E-99   1.00000000000000E-99
141   78     1.00000000000000E-99   1.00000000000000E-99
142   78     1.00000000000000E-99   1.00000000000000E-99
143   78     1.00000000000000E-99   1.00000000000000E-99
144   78     1.00000000000000E-99   1.00000000000000E-99
145   78     1.00000000000000E-99   1.00000000000000E-99
146   78     1.00000000000000E-99   1.00000000000000E-99
147   78     1.00000000000000E-99   1.00000000000000E-99
148   78     1.00000000000000E-99   1.00000000000000E-99
149   78     1.00000000000000E-99   1.00000000000000E-99
150   78     1.00000000000000E-99   1.00000000000000E-99
151   78     1.00000000000000E-99   1.00000000000000E-99
152   78     1.00000000000000E-99   1.00000000000000E-99
153   78     1.00000000000000E-99   1.00000000000000E-99
154   78     1.00000000000000E-99   1.00000000000000E-99
155   78     1.00000000000000E-99   1.00000000000000E-99
156   78     1.00000000000000E-99   1.00000000000000E-99
157   78     1.00000000000000E-99   1.00000000000000E-99
158   78     1.00000000000000E-99   1.00000000000000E-99
159   78     1.00000000000000E-99   1.00000000000000E-99
160   78     1.00000000000000E-99   1.00000000000000E-99
161   78     1.84310928994384E-23   4.40503120296578E-21
162   78     4.02147298893876E-20   9.65153517345302E-18
163   78     1.19206127974642E-21   2.87286768418887E-19
164   78     4.02994710461081E-14   9.75247199315817E-12
165   78     1.86067998040271E-22   4.52145235237859E-20
166   78     3.32744185633532E-15   8.11895812945819E-13
167   78     1.00000000000000E-99   1.00000000000000E-99
168   78     3.68195548221612E-22   9.05761048625165E-20
169   78     1.00000000000000E-99   1.00000000000000E-99
170   78     1.00000000000000E-99   1.00000000000000E-99
171   78     1.00000000000000E-99   1.00000000000000E-99
172   78     4.22569429176005E-25   1.05642357294001E-22
173   78     1.00000000000000E-99   1.00000000000000E-99
174   78     3.97934038480827E-22   1.00279377697168E-19
175   78     1.00000000000000E-99   1.00000000000000E-99
176   78     1.00000000000000E-99   1.00000000000000E-99
177   78     1.00000000000000E-99   1.00000000000000E-99
178   78     2.76624917630210E-21   7.08159789133337E-19
179   78     1.00000000000000E-99   1.00000000000000E-99
180   78     1.00000000000000E-99   1.00000000000000E-99
181   78     1.00000000000000E-99   1.00000000000000E-99
182   78     1.00000000000000E-99   1.00000000000000E-99
106   79     1.00000000000000E-99   1.00000000000000E-99
107   79     1.00000000000000E-99   1.00000000000000E-99
108   79     1.00000000000000E-99   1.00000000000000E-99
109   79     1.00000000000000E-99   1.00000000000000E-99
110   79     1.00000000000000E-99   1.00000000000000E-99
111   79     1.00000000000000E-99   1.00000000000000E-99
112   79     1.00000000000000E-99   1.00000000000000E-99
113   79     1.00000000000000E-99   1.00000000000000E-99
114   79     1.00000000000000E-99   1.00000000000000E-99
115   79     1.00000000000000E-99   1.00000000000000E-99
116   79     1.00000000000000E-99   1.00000000000000E-99
117   79     1.00000000000000E-99   1.00000000000000E-99
118   79     1.00000000000000E-99   1.00000000000000E-99
119   79     1.00000000000000E-99   1.00000000000000E-99
120   79     1.00000000000000E-99   1.00000000000000E-99
121   79     1.00000000000000E-99   1.00000000000000E-99
122   79     1.00000000000000E-99   1.00000000000000E-99
123   79     1.00000000000000E-99   1.00000000000000E-99
124   79     1.00000000000000E-99   1.00000000000000E-99
125   79     1.00000000000000E-99   1.00000000000000E-99
126   79     1.00000000000000E-99   1.00000000000000E-99
127   79     1.00000000000000E-99   1.00000000000000E-99
128   79     1.00000000000000E-99   1.00000000000000E-99
129   79     1.00000000000000E-99   1.00000000000000E-99
130   79     1.00000000000000E-99   1.00000000000000E-99
131   79     1.00000000000000E-99   1.00000000000000E-99
132   79     1.00000000000000E-99   1.00000000000000E-99
133   79     1.00000000000000E-99   1.00000000000000E-99
134   79     1.00000000000000E-99   1.00000000000000E-99
135   79     1.00000000000000E-99   1.00000000000000E-99
136   79     1.00000000000000E-99   1.00000000000000E-99
137   79     1.00000000000000E-99   1.00000000000000E-99
138   79     1.00000000000000E-99   1.00000000000000E-99
139   79     1.00000000000000E-99   1.00000000000000E-99
140   79     1.00000000000000E-99   1.00000000000000E-99
141   79     1.00000000000000E-99   1.00000000000000E-99
142   79     1.00000000000000E-99   1.00000000000000E-99
143   79     1.00000000000000E-99   1.00000000000000E-99
144   79     1.00000000000000E-99   1.00000000000000E-99
145   79     1.00000000000000E-99   1.00000000000000E-99
146   79     1.00000000000000E-99   1.00000000000000E-99
147   79     1.00000000000000E-99   1.00000000000000E-99
148   79     1.00000000000000E-99   1.00000000000000E-99
149   79     1.00000000000000E-99   1.00000000000000E-99
150   79     1.00000000000000E-99   1.00000000000000E-99
151   79     1.00000000000000E-99   1.00000000000000E-99
152   79     1.00000000000000E-99   1.00000000000000E-99
153   79     1.00000000000000E-99   1.00000000000000E-99
154   79     1.00000000000000E-99   1.00000000000000E-99
155   79     1.00000000000000E-99   1.00000000000000E-99
156   79     1.00000000000000E-99   1.00000000000000E-99
157   79     1.00000000000000E-99   1.00000000000000E-99
158   79     1.00000000000000E-99   1.00000000000000E-99
159   79     1.00000000000000E-99   1.00000000000000E-99
160   79     1.00000000000000E-99   1.00000000000000E-99
161   79     1.48179096046070E-24   3.55629830510568E-22
162   79     1.01936574078034E-22   2.45667143528062E-20
163   79     1.99338993400844E-22   4.82400364030042E-20
164   79     1.10888894389975E-14   2.69460013367639E-12
165   79     2.63174693716514E-25   6.42146252668294E-23
166   79     2.14649345960521E-24   5.25890897603277E-22
167   79     1.00000000000000E-99   1.00000000000000E-99
168   79     1.21369914187592E-23   2.99783688043351E-21
169   79     1.16992959419909E-25   2.90142539361374E-23
170   79     4.14821174291642E-25   1.03290472398619E-22
171   79     1.97443004179937E-24   4.93607510449844E-22
172   79     5.99751849031811E-22   1.50537714106985E-19
173   79     9.20709557784238E-22   2.32018808561628E-19
174   79     3.04964742310533E-22   7.71560798045648E-20
175   79     5.81537909721321E-25   1.47710629069215E-22
176   79     1.58148204133046E-20   4.03277920539268E-18
177   79     8.15080782756658E-23   2.08660680385704E-20
178   79     1.25303401068142E-16   3.22029740745124E-14
179   79     1.00000000000000E-99   1.00000000000000E-99
180   79     1.00000000000000E-99   1.00000000000000E-99
181   79     1.00000000000000E-99   1.00000000000000E-99
182   79     1.00000000000000E-99   1.00000000000000E-99
183   79     1.00000000000000E-99   1.00000000000000E-99
184   79     1.00000000000000E-99   1.00000000000000E-99
109   80     1.00000000000000E-99   1.00000000000000E-99
110   80     1.00000000000000E-99   1.00000000000000E-99
111   80     1.00000000000000E-99   1.00000000000000E-99
112   80     1.00000000000000E-99   1.00000000000000E-99
113   80     1.00000000000000E-99   1.00000000000000E-99
114   80     1.00000000000000E-99   1.00000000000000E-99
115   80     1.00000000000000E-99   1.00000000000000E-99
116   80     1.00000000000000E-99   1.00000000000000E-99
117   80     1.00000000000000E-99   1.00000000000000E-99
118   80     1.00000000000000E-99   1.00000000000000E-99
119   80     1.00000000000000E-99   1.00000000000000E-99
120   80     1.00000000000000E-99   1.00000000000000E-99
121   80     1.00000000000000E-99   1.00000000000000E-99
122   80     1.00000000000000E-99   1.00000000000000E-99
123   80     1.00000000000000E-99   1.00000000000000E-99
124   80     1.00000000000000E-99   1.00000000000000E-99
125   80     1.00000000000000E-99   1.00000000000000E-99
126   80     1.00000000000000E-99   1.00000000000000E-99
127   80     1.00000000000000E-99   1.00000000000000E-99
128   80     1.00000000000000E-99   1.00000000000000E-99
129   80     1.00000000000000E-99   1.00000000000000E-99
130   80     1.00000000000000E-99   1.00000000000000E-99
131   80     1.00000000000000E-99   1.00000000000000E-99
132   80     1.00000000000000E-99   1.00000000000000E-99
133   80     1.00000000000000E-99   1.00000000000000E-99
134   80     1.00000000000000E-99   1.00000000000000E-99
135   80     1.00000000000000E-99   1.00000000000000E-99
136   80     1.00000000000000E-99   1.00000000000000E-99
137   80     1.00000000000000E-99   1.00000000000000E-99
138   80     1.00000000000000E-99   1.00000000000000E-99
139   80     1.00000000000000E-99   1.00000000000000E-99
140   80     1.00000000000000E-99   1.00000000000000E-99
141   80     1.00000000000000E-99   1.00000000000000E-99
142   80     1.00000000000000E-99   1.00000000000000E-99
143   80     1.00000000000000E-99   1.00000000000000E-99
144   80     1.00000000000000E-99   1.00000000000000E-99
145   80     1.00000000000000E-99   1.00000000000000E-99
146   80     1.00000000000000E-99   1.00000000000000E-99
147   80     1.00000000000000E-99   1.00000000000000E-99
148   80     1.00000000000000E-99   1.00000000000000E-99
149   80     1.00000000000000E-99   1.00000000000000E-99
150   80     1.00000000000000E-99   1.00000000000000E-99
151   80     1.00000000000000E-99   1.00000000000000E-99
152   80     1.00000000000000E-99   1.00000000000000E-99
153   80     1.00000000000000E-99   1.00000000000000E-99
154   80     1.00000000000000E-99   1.00000000000000E-99
155   80     1.00000000000000E-99   1.00000000000000E-99
156   80     1.00000000000000E-99   1.00000000000000E-99
157   80     1.00000000000000E-99   1.00000000000000E-99
158   80     1.00000000000000E-99   1.00000000000000E-99
159   80     1.00000000000000E-99   1.00000000000000E-99
160   80     1.00000000000000E-99   1.00000000000000E-99
161   80     1.95344587047825E-24   4.70780454785258E-22
162   80     7.32399330532574E-21   1.77240637988883E-18
163   80     1.77667613889034E-16   4.31732301750354E-14
164   80     8.70645799356481E-23   2.12437575042981E-20
165   80     8.40942292954591E-24   2.06030861773875E-21
166   80     1.03398099945740E-22   2.54359325866520E-20
167   80     7.82933417145178E-24   1.93384554034859E-21
168   80     2.64532771159067E-22   6.56041272474486E-20
169   80     1.83064431651998E-23   4.55830434813476E-21
170   80     8.89311831706159E-22   2.22327957926540E-19
171   80     4.81326529569251E-23   1.20812958921882E-20
172   80     3.92943429297304E-21   9.90217441829206E-19
173   80     1.25714604694779E-22   3.18057949877790E-20
174   80     2.86564341693218E-21   7.27873427900774E-19
175   80     2.03953188342546E-22   5.20080630273493E-20
176   80     5.80099339762756E-19   1.48505430979266E-16
177   80     2.80111751216298E-22   7.19887200625886E-20
178   80     2.26684248604289E-15   5.84845361399065E-13
179   80     1.00000000000000E-99   1.00000000000000E-99
180   80     7.28982861422240E-23   1.89535543969783E-20
181   80     1.00000000000000E-99   1.00000000000000E-99
182   80     1.00000000000000E-99   1.00000000000000E-99
183   80     1.00000000000000E-99   1.00000000000000E-99
184   80     1.00000000000000E-99   1.00000000000000E-99
185   80     1.00000000000000E-99   1.00000000000000E-99
186   80     1.00000000000000E-99   1.00000000000000E-99
110   81     1.00000000000000E-99   1.00000000000000E-99
111   81     1.00000000000000E-99   1.00000000000000E-99
112   81     1.00000000000000E-99   1.00000000000000E-99
113   81     1.00000000000000E-99   1.00000000000000E-99
114   81     1.00000000000000E-99   1.00000000000000E-99
115   81     1.00000000000000E-99   1.00000000000000E-99
116   81     1.00000000000000E-99   1.00000000000000E-99
117   81     1.00000000000000E-99   1.00000000000000E-99
118   81     1.00000000000000E-99   1.00000000000000E-99
119   81     1.00000000000000E-99   1.00000000000000E-99
120   81     1.00000000000000E-99   1.00000000000000E-99
121   81     1.00000000000000E-99   1.00000000000000E-99
122   81     1.00000000000000E-99   1.00000000000000E-99
123   81     1.00000000000000E-99   1.00000000000000E-99
124   81     1.00000000000000E-99   1.00000000000000E-99
125   81     1.00000000000000E-99   1.00000000000000E-99
126   81     1.00000000000000E-99   1.00000000000000E-99
127   81     1.00000000000000E-99   1.00000000000000E-99
128   81     1.00000000000000E-99   1.00000000000000E-99
129   81     1.00000000000000E-99   1.00000000000000E-99
130   81     1.00000000000000E-99   1.00000000000000E-99
131   81     1.00000000000000E-99   1.00000000000000E-99
132   81     1.00000000000000E-99   1.00000000000000E-99
133   81     1.00000000000000E-99   1.00000000000000E-99
134   81     1.00000000000000E-99   1.00000000000000E-99
135   81     1.00000000000000E-99   1.00000000000000E-99
136   81     1.00000000000000E-99   1.00000000000000E-99
137   81     1.00000000000000E-99   1.00000000000000E-99
138   81     1.00000000000000E-99   1.00000000000000E-99
139   81     1.00000000000000E-99   1.00000000000000E-99
140   81     1.00000000000000E-99   1.00000000000000E-99
141   81     1.00000000000000E-99   1.00000000000000E-99
142   81     1.00000000000000E-99   1.00000000000000E-99
143   81     1.00000000000000E-99   1.00000000000000E-99
144   81     1.00000000000000E-99   1.00000000000000E-99
145   81     1.00000000000000E-99   1.00000000000000E-99
146   81     1.00000000000000E-99   1.00000000000000E-99
147   81     1.00000000000000E-99   1.00000000000000E-99
148   81     1.00000000000000E-99   1.00000000000000E-99
149   81     1.00000000000000E-99   1.00000000000000E-99
150   81     1.00000000000000E-99   1.00000000000000E-99
151   81     1.00000000000000E-99   1.00000000000000E-99
152   81     1.00000000000000E-99   1.00000000000000E-99
153   81     1.00000000000000E-99   1.00000000000000E-99
154   81     1.00000000000000E-99   1.00000000000000E-99
155   81     1.00000000000000E-99   1.00000000000000E-99
156   81     1.00000000000000E-99   1.00000000000000E-99
157   81     1.00000000000000E-99   1.00000000000000E-99
158   81     1.00000000000000E-99   1.00000000000000E-99
159   81     1.00000000000000E-99   1.00000000000000E-99
160   81     1.00000000000000E-99   1.00000000000000E-99
161   81     1.00000000000000E-99   1.00000000000000E-99
162   81     1.00000000000000E-99   1.00000000000000E-99
163   81     1.00000000000000E-99   1.00000000000000E-99
164   81     1.00000000000000E-99   1.00000000000000E-99
165   81     1.00000000000000E-99   1.00000000000000E-99
166   81     1.00000000000000E-99   1.00000000000000E-99
167   81     1.00000000000000E-99   1.00000000000000E-99
168   81     1.00000000000000E-99   1.00000000000000E-99
169   81     1.00000000000000E-99   1.00000000000000E-99
170   81     1.00000000000000E-99   1.00000000000000E-99
171   81     1.00000000000000E-99   1.00000000000000E-99
172   81     2.01469600051252E-25   5.09718088129669E-23
173   81     1.00000000000000E-99   1.00000000000000E-99
174   81     2.70377172788891E-25   6.89461790611673E-23
175   81     7.77386015053826E-25   1.99010819853780E-22
176   81     3.91074899574003E-21   1.00506249190519E-18
177   81     7.36612517609700E-24   1.90046029543303E-21
178   81     1.39645945206875E-21   3.61682998085807E-19
179   81     5.86124307808263E-23   1.52392320030148E-20
180   81     6.09360116245370E-19   1.59042990340042E-16
181   81     3.81065731186498E-22   9.98392215708625E-20
182   81     8.50026782222227E-16   2.23557043724446E-13
183   81     1.74351676987693E-22   4.60288427247508E-20
184   81     6.12040178134236E-20   1.62190647205573E-17
185   81     1.00000000000000E-99   1.00000000000000E-99
186   81     1.00000000000000E-99   1.00000000000000E-99
187   81     1.00000000000000E-99   1.00000000000000E-99
188   81     1.00000000000000E-99   1.00000000000000E-99
112   82     1.00000000000000E-99   1.00000000000000E-99
113   82     1.00000000000000E-99   1.00000000000000E-99
114   82     1.00000000000000E-99   1.00000000000000E-99
115   82     1.00000000000000E-99   1.00000000000000E-99
116   82     1.00000000000000E-99   1.00000000000000E-99
117   82     1.00000000000000E-99   1.00000000000000E-99
118   82     1.00000000000000E-99   1.00000000000000E-99
119   82     1.00000000000000E-99   1.00000000000000E-99
120   82     1.00000000000000E-99   1.00000000000000E-99
121   82     1.00000000000000E-99   1.00000000000000E-99
122   82     1.00000000000000E-99   1.00000000000000E-99
123   82     1.00000000000000E-99   1.00000000000000E-99
124   82     1.00000000000000E-99   1.00000000000000E-99
125   82     1.00000000000000E-99   1.00000000000000E-99
126   82     1.00000000000000E-99   1.00000000000000E-99
127   82     1.00000000000000E-99   1.00000000000000E-99
128   82     1.00000000000000E-99   1.00000000000000E-99
129   82     1.00000000000000E-99   1.00000000000000E-99
130   82     1.00000000000000E-99   1.00000000000000E-99
131   82     1.00000000000000E-99   1.00000000000000E-99
132   82     1.00000000000000E-99   1.00000000000000E-99
133   82     1.00000000000000E-99   1.00000000000000E-99
134   82     1.00000000000000E-99   1.00000000000000E-99
135   82     1.00000000000000E-99   1.00000000000000E-99
136   82     1.00000000000000E-99   1.00000000000000E-99
137   82     1.00000000000000E-99   1.00000000000000E-99
138   82     1.00000000000000E-99   1.00000000000000E-99
139   82     1.00000000000000E-99   1.00000000000000E-99
140   82     1.00000000000000E-99   1.00000000000000E-99
141   82     1.00000000000000E-99   1.00000000000000E-99
142   82     1.00000000000000E-99   1.00000000000000E-99
143   82     1.00000000000000E-99   1.00000000000000E-99
144   82     1.00000000000000E-99   1.00000000000000E-99
145   82     1.00000000000000E-99   1.00000000000000E-99
146   82     1.00000000000000E-99   1.00000000000000E-99
147   82     1.00000000000000E-99   1.00000000000000E-99
148   82     1.00000000000000E-99   1.00000000000000E-99
149   82     1.00000000000000E-99   1.00000000000000E-99
150   82     1.00000000000000E-99   1.00000000000000E-99
151   82     1.00000000000000E-99   1.00000000000000E-99
152   82     1.00000000000000E-99   1.00000000000000E-99
153   82     1.00000000000000E-99   1.00000000000000E-99
154   82     1.00000000000000E-99   1.00000000000000E-99
155   82     1.00000000000000E-99   1.00000000000000E-99
156   82     1.00000000000000E-99   1.00000000000000E-99
157   82     1.00000000000000E-99   1.00000000000000E-99
158   82     1.00000000000000E-99   1.00000000000000E-99
159   82     1.00000000000000E-99   1.00000000000000E-99
160   82     1.00000000000000E-99   1.00000000000000E-99
161   82     1.00000000000000E-99   1.00000000000000E-99
162   82     1.00000000000000E-99   1.00000000000000E-99
163   82     1.00000000000000E-99   1.00000000000000E-99
164   82     1.00000000000000E-99   1.00000000000000E-99
165   82     1.00000000000000E-99   1.00000000000000E-99
166   82     1.00000000000000E-99   1.00000000000000E-99
167   82     1.00000000000000E-99   1.00000000000000E-99
168   82     1.00000000000000E-99   1.00000000000000E-99
169   82     1.00000000000000E-99   1.00000000000000E-99
170   82     1.00000000000000E-99   1.00000000000000E-99
171   82     1.00000000000000E-99   1.00000000000000E-99
172   82     1.00000000000000E-99   1.00000000000000E-99
173   82     1.00000000000000E-99   1.00000000000000E-99
174   82     1.00000000000000E-99   1.00000000000000E-99
175   82     1.00000000000000E-99   1.00000000000000E-99
176   82     1.00000000000000E-99   1.00000000000000E-99
177   82     1.00000000000000E-99   1.00000000000000E-99
178   82     4.59723505775742E-25   1.19528111501693E-22
179   82     1.51431302996145E-23   3.95235700819938E-21
180   82     1.32795327420823E-20   3.47923757842556E-18
181   82     1.56705036697526E-22   4.12134246514495E-20
182   82     4.64337937214602E-16   1.22585215424655E-13
183   82     3.29889104149052E-24   8.74206125994988E-22
184   82     1.20068843163795E-18   3.19383122815695E-16
185   82     1.00000000000000E-99   1.00000000000000E-99
186   82     1.00000000000000E-99   1.00000000000000E-99
187   82     1.00000000000000E-99   1.00000000000000E-99
188   82     1.00000000000000E-99   1.00000000000000E-99
189   82     1.00000000000000E-99   1.00000000000000E-99
190   82     1.00000000000000E-99   1.00000000000000E-99
191   82     1.00000000000000E-99   1.00000000000000E-99
114   83     1.00000000000000E-99   1.00000000000000E-99
115   83     1.00000000000000E-99   1.00000000000000E-99
116   83     1.00000000000000E-99   1.00000000000000E-99
117   83     1.00000000000000E-99   1.00000000000000E-99
118   83     1.00000000000000E-99   1.00000000000000E-99
119   83     1.00000000000000E-99   1.00000000000000E-99
120   83     1.00000000000000E-99   1.00000000000000E-99
121   83     1.00000000000000E-99   1.00000000000000E-99
122   83     1.00000000000000E-99   1.00000000000000E-99
123   83     1.00000000000000E-99   1.00000000000000E-99
124   83     1.00000000000000E-99   1.00000000000000E-99
125   83     1.00000000000000E-99   1.00000000000000E-99
126   83     1.00000000000000E-99   1.00000000000000E-99
127   83     1.00000000000000E-99   1.00000000000000E-99
128   83     1.00000000000000E-99   1.00000000000000E-99
129   83     1.00000000000000E-99   1.00000000000000E-99
130   83     1.00000000000000E-99   1.00000000000000E-99
131   83     1.00000000000000E-99   1.00000000000000E-99
132   83     1.00000000000000E-99   1.00000000000000E-99
133   83     1.00000000000000E-99   1.00000000000000E-99
134   83     1.00000000000000E-99   1.00000000000000E-99
135   83     1.00000000000000E-99   1.00000000000000E-99
136   83     1.00000000000000E-99   1.00000000000000E-99
137   83     1.00000000000000E-99   1.00000000000000E-99
138   83     1.00000000000000E-99   1.00000000000000E-99
139   83     1.00000000000000E-99   1.00000000000000E-99
140   83     1.00000000000000E-99   1.00000000000000E-99
141   83     1.00000000000000E-99   1.00000000000000E-99
142   83     1.00000000000000E-99   1.00000000000000E-99
143   83     1.00000000000000E-99   1.00000000000000E-99
144   83     1.00000000000000E-99   1.00000000000000E-99
145   83     1.00000000000000E-99   1.00000000000000E-99
146   83     1.00000000000000E-99   1.00000000000000E-99
147   83     1.00000000000000E-99   1.00000000000000E-99
148   83     1.00000000000000E-99   1.00000000000000E-99
149   83     1.00000000000000E-99   1.00000000000000E-99
150   83     1.00000000000000E-99   1.00000000000000E-99
151   83     1.00000000000000E-99   1.00000000000000E-99
152   83     1.00000000000000E-99   1.00000000000000E-99
153   83     1.00000000000000E-99   1.00000000000000E-99
154   83     1.00000000000000E-99   1.00000000000000E-99
155   83     1.00000000000000E-99   1.00000000000000E-99
156   83     1.00000000000000E-99   1.00000000000000E-99
157   83     1.00000000000000E-99   1.00000000000000E-99
158   83     1.00000000000000E-99   1.00000000000000E-99
159   83     1.00000000000000E-99   1.00000000000000E-99
160   83     1.00000000000000E-99   1.00000000000000E-99
161   83     1.00000000000000E-99   1.00000000000000E-99
162   83     1.00000000000000E-99   1.00000000000000E-99
163   83     1.00000000000000E-99   1.00000000000000E-99
164   83     1.00000000000000E-99   1.00000000000000E-99
165   83     1.00000000000000E-99   1.00000000000000E-99
166   83     1.00000000000000E-99   1.00000000000000E-99
167   83     1.00000000000000E-99   1.00000000000000E-99
168   83     1.00000000000000E-99   1.00000000000000E-99
169   83     1.00000000000000E-99   1.00000000000000E-99
170   83     1.00000000000000E-99   1.00000000000000E-99
171   83     1.00000000000000E-99   1.00000000000000E-99
172   83     1.00000000000000E-99   1.00000000000000E-99
173   83     1.00000000000000E-99   1.00000000000000E-99
174   83     1.00000000000000E-99   1.00000000000000E-99
175   83     1.00000000000000E-99   1.00000000000000E-99
176   83     1.00000000000000E-99   1.00000000000000E-99
177   83     1.00000000000000E-99   1.00000000000000E-99
178   83     1.00000000000000E-99   1.00000000000000E-99
179   83     8.48651089244087E-25   2.22346585381951E-22
180   83     4.13234853520635E-22   1.08680766475927E-19
181   83     4.46918727515418E-24   1.17986544064070E-21
182   83     5.94844370393702E-19   1.57633758154331E-16
183   83     2.24787388602355E-22   5.97934453682263E-20
184   83     1.63666046810166E-16   4.36988344983143E-14
185   83     1.00000000000000E-99   1.00000000000000E-99
186   83     1.00000000000000E-99   1.00000000000000E-99
187   83     1.00000000000000E-99   1.00000000000000E-99
188   83     1.00000000000000E-99   1.00000000000000E-99
189   83     1.00000000000000E-99   1.00000000000000E-99
190   83     1.00000000000000E-99   1.00000000000000E-99
191   83     1.00000000000000E-99   1.00000000000000E-99
192   83     1.00000000000000E-99   1.00000000000000E-99
193   83     1.00000000000000E-99   1.00000000000000E-99
118   84     1.00000000000000E-99   1.00000000000000E-99
119   84     1.00000000000000E-99   1.00000000000000E-99
120   84     1.00000000000000E-99   1.00000000000000E-99
121   84     1.00000000000000E-99   1.00000000000000E-99
122   84     1.00000000000000E-99   1.00000000000000E-99
123   84     1.00000000000000E-99   1.00000000000000E-99
124   84     1.00000000000000E-99   1.00000000000000E-99
125   84     1.00000000000000E-99   1.00000000000000E-99
126   84     1.00000000000000E-99   1.00000000000000E-99
127   84     1.00000000000000E-99   1.00000000000000E-99
128   84     1.00000000000000E-99   1.00000000000000E-99
129   84     1.00000000000000E-99   1.00000000000000E-99
130   84     1.00000000000000E-99   1.00000000000000E-99
131   84     1.00000000000000E-99   1.00000000000000E-99
132   84     1.00000000000000E-99   1.00000000000000E-99
133   84     1.00000000000000E-99   1.00000000000000E-99
134   84     1.00000000000000E-99   1.00000000000000E-99
135   84     1.00000000000000E-99   1.00000000000000E-99
136   84     1.00000000000000E-99   1.00000000000000E-99
137   84     1.00000000000000E-99   1.00000000000000E-99
138   84     1.00000000000000E-99   1.00000000000000E-99
139   84     1.00000000000000E-99   1.00000000000000E-99
140   84     1.00000000000000E-99   1.00000000000000E-99
141   84     1.00000000000000E-99   1.00000000000000E-99
142   84     1.00000000000000E-99   1.00000000000000E-99
143   84     1.00000000000000E-99   1.00000000000000E-99
144   84     1.00000000000000E-99   1.00000000000000E-99
145   84     1.00000000000000E-99   1.00000000000000E-99
146   84     1.00000000000000E-99   1.00000000000000E-99
147   84     1.00000000000000E-99   1.00000000000000E-99
148   84     1.00000000000000E-99   1.00000000000000E-99
149   84     1.00000000000000E-99   1.00000000000000E-99
150   84     1.00000000000000E-99   1.00000000000000E-99
151   84     1.00000000000000E-99   1.00000000000000E-99
152   84     1.00000000000000E-99   1.00000000000000E-99
153   84     1.00000000000000E-99   1.00000000000000E-99
154   84     1.00000000000000E-99   1.00000000000000E-99
155   84     1.00000000000000E-99   1.00000000000000E-99
156   84     1.00000000000000E-99   1.00000000000000E-99
157   84     1.00000000000000E-99   1.00000000000000E-99
158   84     1.00000000000000E-99   1.00000000000000E-99
159   84     1.00000000000000E-99   1.00000000000000E-99
160   84     1.00000000000000E-99   1.00000000000000E-99
161   84     1.00000000000000E-99   1.00000000000000E-99
162   84     1.00000000000000E-99   1.00000000000000E-99
163   84     1.00000000000000E-99   1.00000000000000E-99
164   84     1.00000000000000E-99   1.00000000000000E-99
165   84     1.00000000000000E-99   1.00000000000000E-99
166   84     1.00000000000000E-99   1.00000000000000E-99
167   84     1.00000000000000E-99   1.00000000000000E-99
168   84     1.00000000000000E-99   1.00000000000000E-99
169   84     1.00000000000000E-99   1.00000000000000E-99
170   84     1.00000000000000E-99   1.00000000000000E-99
171   84     1.00000000000000E-99   1.00000000000000E-99
172   84     1.00000000000000E-99   1.00000000000000E-99
173   84     1.00000000000000E-99   1.00000000000000E-99
174   84     1.00000000000000E-99   1.00000000000000E-99
175   84     1.00000000000000E-99   1.00000000000000E-99
176   84     1.00000000000000E-99   1.00000000000000E-99
177   84     1.00000000000000E-99   1.00000000000000E-99
178   84     1.00000000000000E-99   1.00000000000000E-99
179   84     1.00000000000000E-99   1.00000000000000E-99
180   84     1.88675852425624E-25   4.98104250403646E-23
181   84     3.81225980600686E-24   1.01024884859182E-21
182   84     4.28084798692717E-17   1.13870556452263E-14
183   84     2.98534634851492E-23   7.97087475053484E-21
184   84     3.73948453114592E-17   1.00218185434711E-14
185   84     1.00000000000000E-99   1.00000000000000E-99
186   84     1.00000000000000E-99   1.00000000000000E-99
187   84     1.00000000000000E-99   1.00000000000000E-99
188   84     1.00000000000000E-99   1.00000000000000E-99
189   84     1.00000000000000E-99   1.00000000000000E-99
190   84     1.00000000000000E-99   1.00000000000000E-99
191   84     1.00000000000000E-99   1.00000000000000E-99
192   84     1.00000000000000E-99   1.00000000000000E-99
121   85     1.00000000000000E-99   1.00000000000000E-99
122   85     1.00000000000000E-99   1.00000000000000E-99
123   85     1.00000000000000E-99   1.00000000000000E-99
124   85     1.00000000000000E-99   1.00000000000000E-99
125   85     1.00000000000000E-99   1.00000000000000E-99
126   85     1.00000000000000E-99   1.00000000000000E-99
127   85     1.00000000000000E-99   1.00000000000000E-99
128   85     1.00000000000000E-99   1.00000000000000E-99
129   85     1.00000000000000E-99   1.00000000000000E-99
130   85     1.00000000000000E-99   1.00000000000000E-99
131   85     1.00000000000000E-99   1.00000000000000E-99
132   85     1.00000000000000E-99   1.00000000000000E-99
133   85     1.00000000000000E-99   1.00000000000000E-99
134   85     1.00000000000000E-99   1.00000000000000E-99
135   85     1.00000000000000E-99   1.00000000000000E-99
136   85     1.00000000000000E-99   1.00000000000000E-99
137   85     1.00000000000000E-99   1.00000000000000E-99
138   85     1.00000000000000E-99   1.00000000000000E-99
139   85     1.00000000000000E-99   1.00000000000000E-99
140   85     1.00000000000000E-99   1.00000000000000E-99
141   85     1.00000000000000E-99   1.00000000000000E-99
142   85     1.00000000000000E-99   1.00000000000000E-99
143   85     1.00000000000000E-99   1.00000000000000E-99
144   85     1.00000000000000E-99   1.00000000000000E-99
145   85     1.00000000000000E-99   1.00000000000000E-99
146   85     1.00000000000000E-99   1.00000000000000E-99
147   85     1.00000000000000E-99   1.00000000000000E-99
148   85     1.00000000000000E-99   1.00000000000000E-99
149   85     1.00000000000000E-99   1.00000000000000E-99
150   85     1.00000000000000E-99   1.00000000000000E-99
151   85     1.00000000000000E-99   1.00000000000000E-99
152   85     1.00000000000000E-99   1.00000000000000E-99
153   85     1.00000000000000E-99   1.00000000000000E-99
154   85     1.00000000000000E-99   1.00000000000000E-99
155   85     1.00000000000000E-99   1.00000000000000E-99
156   85     1.00000000000000E-99   1.00000000000000E-99
157   85     1.00000000000000E-99   1.00000000000000E-99
158   85     1.00000000000000E-99   1.00000000000000E-99
159   85     1.00000000000000E-99   1.00000000000000E-99
160   85     1.00000000000000E-99   1.00000000000000E-99
161   85     1.00000000000000E-99   1.00000000000000E-99
162   85     1.00000000000000E-99   1.00000000000000E-99
163   85     1.00000000000000E-99   1.00000000000000E-99
164   85     1.00000000000000E-99   1.00000000000000E-99
165   85     1.00000000000000E-99   1.00000000000000E-99
166   85     1.00000000000000E-99   1.00000000000000E-99
167   85     1.00000000000000E-99   1.00000000000000E-99
168   85     1.00000000000000E-99   1.00000000000000E-99
169   85     1.00000000000000E-99   1.00000000000000E-99
170   85     1.00000000000000E-99   1.00000000000000E-99
171   85     1.00000000000000E-99   1.00000000000000E-99
172   85     1.00000000000000E-99   1.00000000000000E-99
173   85     1.00000000000000E-99   1.00000000000000E-99
174   85     1.00000000000000E-99   1.00000000000000E-99
175   85     1.00000000000000E-99   1.00000000000000E-99
176   85     1.00000000000000E-99   1.00000000000000E-99
177   85     1.00000000000000E-99   1.00000000000000E-99
178   85     1.00000000000000E-99   1.00000000000000E-99
179   85     1.00000000000000E-99   1.00000000000000E-99
180   85     5.25497009718740E-25   1.39256707575466E-22
181   85     1.64498482109431E-25   4.37565962411085E-23
182   85     3.84202814767702E-23   1.02582151542976E-20
183   85     9.70755265467825E-24   2.60162411145377E-21
184   85     2.58039201100191E-17   6.94125450959515E-15
185   85     1.00000000000000E-99   1.00000000000000E-99
186   85     1.00000000000000E-99   1.00000000000000E-99
187   85     1.00000000000000E-99   1.00000000000000E-99
188   85     1.00000000000000E-99   1.00000000000000E-99
189   85     1.00000000000000E-99   1.00000000000000E-99
190   85     1.00000000000000E-99   1.00000000000000E-99
191   85     1.00000000000000E-99   1.00000000000000E-99
192   85     1.00000000000000E-99   1.00000000000000E-99
193   85     1.00000000000000E-99   1.00000000000000E-99
194   85     1.00000000000000E-99   1.00000000000000E-99
124   86     1.00000000000000E-99   1.00000000000000E-99
125   86     1.00000000000000E-99   1.00000000000000E-99
126   86     1.00000000000000E-99   1.00000000000000E-99
127   86     1.00000000000000E-99   1.00000000000000E-99
128   86     1.00000000000000E-99   1.00000000000000E-99
129   86     1.00000000000000E-99   1.00000000000000E-99
130   86     1.00000000000000E-99   1.00000000000000E-99
131   86     1.00000000000000E-99   1.00000000000000E-99
132   86     1.00000000000000E-99   1.00000000000000E-99
133   86     1.00000000000000E-99   1.00000000000000E-99
134   86     1.00000000000000E-99   1.00000000000000E-99
135   86     1.00000000000000E-99   1.00000000000000E-99
136   86     1.00000000000000E-99   1.00000000000000E-99
137   86     1.00000000000000E-99   1.00000000000000E-99
138   86     1.00000000000000E-99   1.00000000000000E-99
139   86     1.00000000000000E-99   1.00000000000000E-99
140   86     1.00000000000000E-99   1.00000000000000E-99
141   86     1.00000000000000E-99   1.00000000000000E-99
142   86     1.00000000000000E-99   1.00000000000000E-99
143   86     1.00000000000000E-99   1.00000000000000E-99
144   86     1.00000000000000E-99   1.00000000000000E-99
145   86     1.00000000000000E-99   1.00000000000000E-99
146   86     1.00000000000000E-99   1.00000000000000E-99
147   86     1.00000000000000E-99   1.00000000000000E-99
148   86     1.00000000000000E-99   1.00000000000000E-99
149   86     1.00000000000000E-99   1.00000000000000E-99
150   86     1.00000000000000E-99   1.00000000000000E-99
151   86     1.00000000000000E-99   1.00000000000000E-99
152   86     1.00000000000000E-99   1.00000000000000E-99
153   86     1.00000000000000E-99   1.00000000000000E-99
154   86     1.00000000000000E-99   1.00000000000000E-99
155   86     1.00000000000000E-99   1.00000000000000E-99
156   86     1.00000000000000E-99   1.00000000000000E-99
157   86     1.00000000000000E-99   1.00000000000000E-99
158   86     1.00000000000000E-99   1.00000000000000E-99
159   86     1.00000000000000E-99   1.00000000000000E-99
160   86     1.00000000000000E-99   1.00000000000000E-99
161   86     1.00000000000000E-99   1.00000000000000E-99
162   86     1.00000000000000E-99   1.00000000000000E-99
163   86     1.00000000000000E-99   1.00000000000000E-99
164   86     1.00000000000000E-99   1.00000000000000E-99
165   86     1.00000000000000E-99   1.00000000000000E-99
166   86     1.00000000000000E-99   1.00000000000000E-99
167   86     1.00000000000000E-99   1.00000000000000E-99
168   86     1.00000000000000E-99   1.00000000000000E-99
169   86     1.00000000000000E-99   1.00000000000000E-99
170   86     1.00000000000000E-99   1.00000000000000E-99
171   86     1.00000000000000E-99   1.00000000000000E-99
172   86     1.00000000000000E-99   1.00000000000000E-99
173   86     1.00000000000000E-99   1.00000000000000E-99
174   86     1.00000000000000E-99   1.00000000000000E-99
175   86     1.00000000000000E-99   1.00000000000000E-99
176   86     1.00000000000000E-99   1.00000000000000E-99
177   86     1.00000000000000E-99   1.00000000000000E-99
178   86     1.00000000000000E-99   1.00000000000000E-99
179   86     1.00000000000000E-99   1.00000000000000E-99
180   86     1.00000000000000E-99   1.00000000000000E-99
181   86     1.77896943333868E-25   4.74984838701427E-23
182   86     1.04602051988520E-21   2.80333499329234E-19
183   86     8.81933831836418E-18   2.37240200763996E-15
126   87     1.00000000000000E-99   1.00000000000000E-99
127   87     1.00000000000000E-99   1.00000000000000E-99
128   87     1.00000000000000E-99   1.00000000000000E-99
129   87     1.00000000000000E-99   1.00000000000000E-99
130   87     1.00000000000000E-99   1.00000000000000E-99
131   87     1.00000000000000E-99   1.00000000000000E-99
132   87     1.00000000000000E-99   1.00000000000000E-99
133   87     1.00000000000000E-99   1.00000000000000E-99
134   87     1.00000000000000E-99   1.00000000000000E-99
135   87     1.00000000000000E-99   1.00000000000000E-99
136   87     1.00000000000000E-99   1.00000000000000E-99
137   87     1.00000000000000E-99   1.00000000000000E-99
138   87     1.00000000000000E-99   1.00000000000000E-99
139   87     1.00000000000000E-99   1.00000000000000E-99
140   87     1.00000000000000E-99   1.00000000000000E-99
141   87     1.00000000000000E-99   1.00000000000000E-99
142   87     1.00000000000000E-99   1.00000000000000E-99
143   87     1.00000000000000E-99   1.00000000000000E-99
144   87     1.00000000000000E-99   1.00000000000000E-99
145   87     1.00000000000000E-99   1.00000000000000E-99
146   87     1.00000000000000E-99   1.00000000000000E-99
147   87     1.00000000000000E-99   1.00000000000000E-99
148   87     1.00000000000000E-99   1.00000000000000E-99
149   87     1.00000000000000E-99   1.00000000000000E-99
150   87     1.00000000000000E-99   1.00000000000000E-99
151   87     1.00000000000000E-99   1.00000000000000E-99
152   87     1.00000000000000E-99   1.00000000000000E-99
153   87     1.00000000000000E-99   1.00000000000000E-99
154   87     1.00000000000000E-99   1.00000000000000E-99
155   87     1.00000000000000E-99   1.00000000000000E-99
156   87     1.00000000000000E-99   1.00000000000000E-99
157   87     1.00000000000000E-99   1.00000000000000E-99
158   87     1.00000000000000E-99   1.00000000000000E-99
159   87     1.00000000000000E-99   1.00000000000000E-99
160   87     1.00000000000000E-99   1.00000000000000E-99
161   87     1.00000000000000E-99   1.00000000000000E-99
162   87     1.00000000000000E-99   1.00000000000000E-99
163   87     1.00000000000000E-99   1.00000000000000E-99
164   87     1.00000000000000E-99   1.00000000000000E-99
165   87     1.00000000000000E-99   1.00000000000000E-99
166   87     1.00000000000000E-99   1.00000000000000E-99
167   87     1.00000000000000E-99   1.00000000000000E-99
168   87     1.00000000000000E-99   1.00000000000000E-99
169   87     1.00000000000000E-99   1.00000000000000E-99
170   87     1.00000000000000E-99   1.00000000000000E-99
171   87     1.00000000000000E-99   1.00000000000000E-99
172   87     1.00000000000000E-99   1.00000000000000E-99
173   87     1.00000000000000E-99   1.00000000000000E-99
174   87     1.00000000000000E-99   1.00000000000000E-99
175   87     1.00000000000000E-99   1.00000000000000E-99
176   87     1.00000000000000E-99   1.00000000000000E-99
177   87     1.00000000000000E-99   1.00000000000000E-99
178   87     1.00000000000000E-99   1.00000000000000E-99
179   87     1.00000000000000E-99   1.00000000000000E-99
180   87     1.00000000000000E-99   1.00000000000000E-99
181   87     1.00000000000000E-99   1.00000000000000E-99
182   87     1.58206609604796E-25   4.25575779836900E-23
183   87     1.88405126209733E-18   5.08693840766278E-16
191   87     1.00000000000000E-99   1.00000000000000E-99
193   87     1.00000000000000E-99   1.00000000000000E-99
129   88     1.00000000000000E-99   1.00000000000000E-99
130   88     1.00000000000000E-99   1.00000000000000E-99
131   88     1.00000000000000E-99   1.00000000000000E-99
132   88     1.00000000000000E-99   1.00000000000000E-99
133   88     1.00000000000000E-99   1.00000000000000E-99
134   88     1.00000000000000E-99   1.00000000000000E-99
135   88     1.00000000000000E-99   1.00000000000000E-99
136   88     1.00000000000000E-99   1.00000000000000E-99
137   88     1.00000000000000E-99   1.00000000000000E-99
138   88     1.00000000000000E-99   1.00000000000000E-99
139   88     1.00000000000000E-99   1.00000000000000E-99
140   88     1.00000000000000E-99   1.00000000000000E-99
141   88     1.00000000000000E-99   1.00000000000000E-99
142   88     1.00000000000000E-99   1.00000000000000E-99
143   88     1.00000000000000E-99   1.00000000000000E-99
144   88     1.00000000000000E-99   1.00000000000000E-99
145   88     1.00000000000000E-99   1.00000000000000E-99
146   88     1.00000000000000E-99   1.00000000000000E-99
147   88     1.00000000000000E-99   1.00000000000000E-99
148   88     1.00000000000000E-99   1.00000000000000E-99
149   88     1.00000000000000E-99   1.00000000000000E-99
150   88     1.00000000000000E-99   1.00000000000000E-99
151   88     1.00000000000000E-99   1.00000000000000E-99
152   88     1.00000000000000E-99   1.00000000000000E-99
153   88     1.00000000000000E-99   1.00000000000000E-99
154   88     1.00000000000000E-99   1.00000000000000E-99
155   88     1.00000000000000E-99   1.00000000000000E-99
156   88     1.00000000000000E-99   1.00000000000000E-99
157   88     1.00000000000000E-99   1.00000000000000E-99
158   88     1.00000000000000E-99   1.00000000000000E-99
159   88     1.00000000000000E-99   1.00000000000000E-99
160   88     1.00000000000000E-99   1.00000000000000E-99
161   88     1.00000000000000E-99   1.00000000000000E-99
162   88     1.00000000000000E-99   1.00000000000000E-99
163   88     1.00000000000000E-99   1.00000000000000E-99
164   88     1.00000000000000E-99   1.00000000000000E-99
165   88     1.00000000000000E-99   1.00000000000000E-99
166   88     1.00000000000000E-99   1.00000000000000E-99
167   88     1.00000000000000E-99   1.00000000000000E-99
168   88     1.00000000000000E-99   1.00000000000000E-99
169   88     1.00000000000000E-99   1.00000000000000E-99
170   88     1.00000000000000E-99   1.00000000000000E-99
171   88     1.00000000000000E-99   1.00000000000000E-99
172   88     1.00000000000000E-99   1.00000000000000E-99
173   88     1.00000000000000E-99   1.00000000000000E-99
174   88     1.00000000000000E-99   1.00000000000000E-99
175   88     1.00000000000000E-99   1.00000000000000E-99
176   88     1.00000000000000E-99   1.00000000000000E-99
177   88     1.00000000000000E-99   1.00000000000000E-99
178   88     1.00000000000000E-99   1.00000000000000E-99
179   88     1.00000000000000E-99   1.00000000000000E-99
180   88     1.00000000000000E-99   1.00000000000000E-99
181   88     1.00000000000000E-99   1.00000000000000E-99
182   88     1.00000000000000E-99   1.00000000000000E-99
183   88     3.11971567092859E-19   8.45442946821647E-17
130   89     1.00000000000000E-99   1.00000000000000E-99
131   89     1.00000000000000E-99   1.00000000000000E-99
132   89     1.00000000000000E-99   1.00000000000000E-99
133   89     1.00000000000000E-99   1.00000000000000E-99
134   89     1.00000000000000E-99   1.00000000000000E-99
135   89     1.00000000000000E-99   1.00000000000000E-99
136   89     1.00000000000000E-99   1.00000000000000E-99
137   89     1.00000000000000E-99   1.00000000000000E-99
138   89     1.00000000000000E-99   1.00000000000000E-99
139   89     1.00000000000000E-99   1.00000000000000E-99
140   89     1.00000000000000E-99   1.00000000000000E-99
141   89     1.00000000000000E-99   1.00000000000000E-99
142   89     1.00000000000000E-99   1.00000000000000E-99
143   89     1.00000000000000E-99   1.00000000000000E-99
144   89     1.00000000000000E-99   1.00000000000000E-99
145   89     1.00000000000000E-99   1.00000000000000E-99
146   89     1.00000000000000E-99   1.00000000000000E-99
147   89     1.00000000000000E-99   1.00000000000000E-99
148   89     1.00000000000000E-99   1.00000000000000E-99
149   89     1.00000000000000E-99   1.00000000000000E-99
150   89     1.00000000000000E-99   1.00000000000000E-99
151   89     1.00000000000000E-99   1.00000000000000E-99
152   89     1.00000000000000E-99   1.00000000000000E-99
153   89     1.00000000000000E-99   1.00000000000000E-99
154   89     1.00000000000000E-99   1.00000000000000E-99
155   89     1.00000000000000E-99   1.00000000000000E-99
156   89     1.00000000000000E-99   1.00000000000000E-99
157   89     1.00000000000000E-99   1.00000000000000E-99
158   89     1.00000000000000E-99   1.00000000000000E-99
159   89     1.00000000000000E-99   1.00000000000000E-99
160   89     1.00000000000000E-99   1.00000000000000E-99
161   89     1.00000000000000E-99   1.00000000000000E-99
162   89     1.00000000000000E-99   1.00000000000000E-99
163   89     1.00000000000000E-99   1.00000000000000E-99
164   89     1.00000000000000E-99   1.00000000000000E-99
165   89     1.00000000000000E-99   1.00000000000000E-99
166   89     1.00000000000000E-99   1.00000000000000E-99
167   89     1.00000000000000E-99   1.00000000000000E-99
168   89     1.00000000000000E-99   1.00000000000000E-99
169   89     1.00000000000000E-99   1.00000000000000E-99
170   89     1.00000000000000E-99   1.00000000000000E-99
171   89     1.00000000000000E-99   1.00000000000000E-99
172   89     1.00000000000000E-99   1.00000000000000E-99
173   89     1.00000000000000E-99   1.00000000000000E-99
174   89     1.00000000000000E-99   1.00000000000000E-99
175   89     1.00000000000000E-99   1.00000000000000E-99
176   89     1.00000000000000E-99   1.00000000000000E-99
177   89     1.00000000000000E-99   1.00000000000000E-99
178   89     1.00000000000000E-99   1.00000000000000E-99
179   89     1.00000000000000E-99   1.00000000000000E-99
180   89     1.00000000000000E-99   1.00000000000000E-99
181   89     1.00000000000000E-99   1.00000000000000E-99
182   89     1.00000000000000E-99   1.00000000000000E-99
183   89     4.28784590029751E-20   1.16629408488092E-17
185   89     1.00000000000000E-99   1.00000000000000E-99
187   89     1.00000000000000E-99   1.00000000000000E-99
188   89     1.00000000000000E-99   1.00000000000000E-99
189   89     1.00000000000000E-99   1.00000000000000E-99
190   89     1.00000000000000E-99   1.00000000000000E-99
191   89     1.00000000000000E-99   1.00000000000000E-99
192   89     1.00000000000000E-99   1.00000000000000E-99
193   89     1.00000000000000E-99   1.00000000000000E-99
195   89     1.00000000000000E-99   1.00000000000000E-99
197   89     1.00000000000000E-99   1.00000000000000E-99
198   89     1.00000000000000E-99   1.00000000000000E-99
199   89     1.00000000000000E-99   1.00000000000000E-99
132   90     1.00000000000000E-99   1.00000000000000E-99
133   90     1.00000000000000E-99   1.00000000000000E-99
134   90     1.00000000000000E-99   1.00000000000000E-99
135   90     1.00000000000000E-99   1.00000000000000E-99
136   90     1.00000000000000E-99   1.00000000000000E-99
137   90     1.00000000000000E-99   1.00000000000000E-99
138   90     1.00000000000000E-99   1.00000000000000E-99
139   90     1.00000000000000E-99   1.00000000000000E-99
140   90     1.00000000000000E-99   1.00000000000000E-99
141   90     1.00000000000000E-99   1.00000000000000E-99
142   90     1.00000000000000E-99   1.00000000000000E-99
143   90     1.00000000000000E-99   1.00000000000000E-99
144   90     1.00000000000000E-99   1.00000000000000E-99
145   90     1.00000000000000E-99   1.00000000000000E-99
146   90     1.00000000000000E-99   1.00000000000000E-99
147   90     1.00000000000000E-99   1.00000000000000E-99
148   90     1.00000000000000E-99   1.00000000000000E-99
149   90     1.00000000000000E-99   1.00000000000000E-99
150   90     1.00000000000000E-99   1.00000000000000E-99
151   90     1.00000000000000E-99   1.00000000000000E-99
152   90     1.00000000000000E-99   1.00000000000000E-99
153   90     1.00000000000000E-99   1.00000000000000E-99
154   90     1.00000000000000E-99   1.00000000000000E-99
155   90     1.00000000000000E-99   1.00000000000000E-99
156   90     1.00000000000000E-99   1.00000000000000E-99
157   90     1.00000000000000E-99   1.00000000000000E-99
158   90     1.00000000000000E-99   1.00000000000000E-99
159   90     1.00000000000000E-99   1.00000000000000E-99
160   90     1.00000000000000E-99   1.00000000000000E-99
161   90     1.00000000000000E-99   1.00000000000000E-99
162   90     1.00000000000000E-99   1.00000000000000E-99
163   90     1.00000000000000E-99   1.00000000000000E-99
164   90     1.00000000000000E-99   1.00000000000000E-99
165   90     1.00000000000000E-99   1.00000000000000E-99
166   90     1.00000000000000E-99   1.00000000000000E-99
167   90     1.00000000000000E-99   1.00000000000000E-99
168   90     1.00000000000000E-99   1.00000000000000E-99
169   90     1.00000000000000E-99   1.00000000000000E-99
170   90     1.00000000000000E-99   1.00000000000000E-99
171   90     1.00000000000000E-99   1.00000000000000E-99
172   90     1.00000000000000E-99   1.00000000000000E-99
173   90     1.00000000000000E-99   1.00000000000000E-99
174   90     1.00000000000000E-99   1.00000000000000E-99
175   90     1.00000000000000E-99   1.00000000000000E-99
176   90     1.00000000000000E-99   1.00000000000000E-99
177   90     1.00000000000000E-99   1.00000000000000E-99
178   90     1.00000000000000E-99   1.00000000000000E-99
179   90     1.00000000000000E-99   1.00000000000000E-99
180   90     1.00000000000000E-99   1.00000000000000E-99
181   90     1.00000000000000E-99   1.00000000000000E-99
182   90     1.00000000000000E-99   1.00000000000000E-99
183   90     4.55883902295169E-21   1.24456305326581E-18
189   90     1.00000000000000E-99   1.00000000000000E-99
190   90     1.00000000000000E-99   1.00000000000000E-99
191   90     1.00000000000000E-99   1.00000000000000E-99
192   90     1.00000000000000E-99   1.00000000000000E-99
193   90     1.00000000000000E-99   1.00000000000000E-99
195   90     1.00000000000000E-99   1.00000000000000E-99
197   90     1.00000000000000E-99   1.00000000000000E-99
202   90     1.00000000000000E-99   1.00000000000000E-99
203   90     1.00000000000000E-99   1.00000000000000E-99
134   91     1.00000000000000E-99   1.00000000000000E-99
135   91     1.00000000000000E-99   1.00000000000000E-99
136   91     1.00000000000000E-99   1.00000000000000E-99
137   91     1.00000000000000E-99   1.00000000000000E-99
138   91     1.00000000000000E-99   1.00000000000000E-99
139   91     1.00000000000000E-99   1.00000000000000E-99
140   91     1.00000000000000E-99   1.00000000000000E-99
141   91     1.00000000000000E-99   1.00000000000000E-99
142   91     1.00000000000000E-99   1.00000000000000E-99
143   91     1.00000000000000E-99   1.00000000000000E-99
144   91     1.00000000000000E-99   1.00000000000000E-99
145   91     1.00000000000000E-99   1.00000000000000E-99
146   91     1.00000000000000E-99   1.00000000000000E-99
147   91     1.00000000000000E-99   1.00000000000000E-99
148   91     1.00000000000000E-99   1.00000000000000E-99
149   91     1.00000000000000E-99   1.00000000000000E-99
150   91     1.00000000000000E-99   1.00000000000000E-99
151   91     1.00000000000000E-99   1.00000000000000E-99
152   91     1.00000000000000E-99   1.00000000000000E-99
153   91     1.00000000000000E-99   1.00000000000000E-99
154   91     1.00000000000000E-99   1.00000000000000E-99
155   91     1.00000000000000E-99   1.00000000000000E-99
156   91     1.00000000000000E-99   1.00000000000000E-99
157   91     1.00000000000000E-99   1.00000000000000E-99
158   91     1.00000000000000E-99   1.00000000000000E-99
159   91     1.00000000000000E-99   1.00000000000000E-99
160   91     1.00000000000000E-99   1.00000000000000E-99
161   91     1.00000000000000E-99   1.00000000000000E-99
162   91     1.00000000000000E-99   1.00000000000000E-99
163   91     1.00000000000000E-99   1.00000000000000E-99
164   91     1.00000000000000E-99   1.00000000000000E-99
165   91     1.00000000000000E-99   1.00000000000000E-99
166   91     1.00000000000000E-99   1.00000000000000E-99
167   91     1.00000000000000E-99   1.00000000000000E-99
168   91     1.00000000000000E-99   1.00000000000000E-99
169   91     1.00000000000000E-99   1.00000000000000E-99
170   91     1.00000000000000E-99   1.00000000000000E-99
171   91     1.00000000000000E-99   1.00000000000000E-99
172   91     1.00000000000000E-99   1.00000000000000E-99
173   91     1.00000000000000E-99   1.00000000000000E-99
174   91     1.00000000000000E-99   1.00000000000000E-99
175   91     1.00000000000000E-99   1.00000000000000E-99
176   91     1.00000000000000E-99   1.00000000000000E-99
177   91     1.00000000000000E-99   1.00000000000000E-99
178   91     1.00000000000000E-99   1.00000000000000E-99
179   91     1.00000000000000E-99   1.00000000000000E-99
180   91     1.00000000000000E-99   1.00000000000000E-99
181   91     1.00000000000000E-99   1.00000000000000E-99
182   91     1.00000000000000E-99   1.00000000000000E-99
183   91     1.00000000000000E-99   1.00000000000000E-99
184   91     3.72141751206663E-22   1.02338981581832E-19
185   91     1.00000000000000E-99   1.00000000000000E-99
187   91     1.00000000000000E-99   1.00000000000000E-99
188   91     1.00000000000000E-99   1.00000000000000E-99
189   91     1.00000000000000E-99   1.00000000000000E-99
190   91     1.00000000000000E-99   1.00000000000000E-99
191   91     1.00000000000000E-99   1.00000000000000E-99
192   91     1.00000000000000E-99   1.00000000000000E-99
193   91     1.00000000000000E-99   1.00000000000000E-99
194   91     1.00000000000000E-99   1.00000000000000E-99
195   91     1.00000000000000E-99   1.00000000000000E-99
196   91     1.00000000000000E-99   1.00000000000000E-99
197   91     1.00000000000000E-99   1.00000000000000E-99
201   91     1.00000000000000E-99   1.00000000000000E-99
203   91     1.00000000000000E-99   1.00000000000000E-99
205   91     1.00000000000000E-99   1.00000000000000E-99
135   92     1.00000000000000E-99   1.00000000000000E-99
136   92     1.00000000000000E-99   1.00000000000000E-99
137   92     1.00000000000000E-99   1.00000000000000E-99
138   92     1.00000000000000E-99   1.00000000000000E-99
139   92     1.00000000000000E-99   1.00000000000000E-99
140   92     1.00000000000000E-99   1.00000000000000E-99
141   92     1.00000000000000E-99   1.00000000000000E-99
142   92     1.00000000000000E-99   1.00000000000000E-99
143   92     1.00000000000000E-99   1.00000000000000E-99
144   92     1.00000000000000E-99   1.00000000000000E-99
145   92     1.00000000000000E-99   1.00000000000000E-99
146   92     1.00000000000000E-99   1.00000000000000E-99
147   92     1.00000000000000E-99   1.00000000000000E-99
148   92     1.00000000000000E-99   1.00000000000000E-99
149   92     1.00000000000000E-99   1.00000000000000E-99
150   92     1.00000000000000E-99   1.00000000000000E-99
151   92     1.00000000000000E-99   1.00000000000000E-99
152   92     1.00000000000000E-99   1.00000000000000E-99
153   92     1.00000000000000E-99   1.00000000000000E-99
154   92     1.00000000000000E-99   1.00000000000000E-99
155   92     1.00000000000000E-99   1.00000000000000E-99
156   92     1.00000000000000E-99   1.00000000000000E-99
157   92     1.00000000000000E-99   1.00000000000000E-99
158   92     1.00000000000000E-99   1.00000000000000E-99
159   92     1.00000000000000E-99   1.00000000000000E-99
160   92     1.00000000000000E-99   1.00000000000000E-99
161   92     1.00000000000000E-99   1.00000000000000E-99
162   92     1.00000000000000E-99   1.00000000000000E-99
163   92     1.00000000000000E-99   1.00000000000000E-99
164   92     1.00000000000000E-99   1.00000000000000E-99
165   92     1.00000000000000E-99   1.00000000000000E-99
166   92     1.00000000000000E-99   1.00000000000000E-99
167   92     1.00000000000000E-99   1.00000000000000E-99
168   92     1.00000000000000E-99   1.00000000000000E-99
169   92     1.00000000000000E-99   1.00000000000000E-99
170   92     1.00000000000000E-99   1.00000000000000E-99
171   92     1.00000000000000E-99   1.00000000000000E-99
172   92     1.00000000000000E-99   1.00000000000000E-99
173   92     1.00000000000000E-99   1.00000000000000E-99
174   92     1.00000000000000E-99   1.00000000000000E-99
175   92     1.00000000000000E-99   1.00000000000000E-99
176   92     1.00000000000000E-99   1.00000000000000E-99
177   92     1.00000000000000E-99   1.00000000000000E-99
178   92     1.00000000000000E-99   1.00000000000000E-99
179   92     1.00000000000000E-99   1.00000000000000E-99
180   92     1.00000000000000E-99   1.00000000000000E-99
181   92     1.00000000000000E-99   1.00000000000000E-99
182   92     1.00000000000000E-99   1.00000000000000E-99
183   92     1.00000000000000E-99   1.00000000000000E-99
184   92     3.56593631660823E-23   9.84198423383870E-21
185   92     1.00000000000000E-99   1.00000000000000E-99
186   92     1.00000000000000E-99   1.00000000000000E-99
187   92     1.00000000000000E-99   1.00000000000000E-99
188   92     1.00000000000000E-99   1.00000000000000E-99
189   92     1.00000000000000E-99   1.00000000000000E-99
190   92     1.00000000000000E-99   1.00000000000000E-99
191   92     1.00000000000000E-99   1.00000000000000E-99
192   92     1.00000000000000E-99   1.00000000000000E-99
193   92     1.00000000000000E-99   1.00000000000000E-99
194   92     1.00000000000000E-99   1.00000000000000E-99
195   92     1.00000000000000E-99   1.00000000000000E-99
196   92     1.00000000000000E-99   1.00000000000000E-99
197   92     1.00000000000000E-99   1.00000000000000E-99
199   92     1.00000000000000E-99   1.00000000000000E-99
201   92     1.00000000000000E-99   1.00000000000000E-99
203   92     1.00000000000000E-99   1.00000000000000E-99
137   93     1.00000000000000E-99   1.00000000000000E-99
138   93     1.00000000000000E-99   1.00000000000000E-99
139   93     1.00000000000000E-99   1.00000000000000E-99
140   93     1.00000000000000E-99   1.00000000000000E-99
141   93     1.00000000000000E-99   1.00000000000000E-99
142   93     1.00000000000000E-99   1.00000000000000E-99
143   93     1.00000000000000E-99   1.00000000000000E-99
144   93     1.00000000000000E-99   1.00000000000000E-99
145   93     1.00000000000000E-99   1.00000000000000E-99
146   93     1.00000000000000E-99   1.00000000000000E-99
147   93     1.00000000000000E-99   1.00000000000000E-99
148   93     1.00000000000000E-99   1.00000000000000E-99
149   93     1.00000000000000E-99   1.00000000000000E-99
150   93     1.00000000000000E-99   1.00000000000000E-99
151   93     1.00000000000000E-99   1.00000000000000E-99
152   93     1.00000000000000E-99   1.00000000000000E-99
153   93     1.00000000000000E-99   1.00000000000000E-99
154   93     1.00000000000000E-99   1.00000000000000E-99
155   93     1.00000000000000E-99   1.00000000000000E-99
156   93     1.00000000000000E-99   1.00000000000000E-99
157   93     1.00000000000000E-99   1.00000000000000E-99
158   93     1.00000000000000E-99   1.00000000000000E-99
159   93     1.00000000000000E-99   1.00000000000000E-99
160   93     1.00000000000000E-99   1.00000000000000E-99
161   93     1.00000000000000E-99   1.00000000000000E-99
162   93     1.00000000000000E-99   1.00000000000000E-99
163   93     1.00000000000000E-99   1.00000000000000E-99
164   93     1.00000000000000E-99   1.00000000000000E-99
165   93     1.00000000000000E-99   1.00000000000000E-99
166   93     1.00000000000000E-99   1.00000000000000E-99
167   93     1.00000000000000E-99   1.00000000000000E-99
168   93     1.00000000000000E-99   1.00000000000000E-99
169   93     1.00000000000000E-99   1.00000000000000E-99
170   93     1.00000000000000E-99   1.00000000000000E-99
171   93     1.00000000000000E-99   1.00000000000000E-99
172   93     1.00000000000000E-99   1.00000000000000E-99
173   93     1.00000000000000E-99   1.00000000000000E-99
174   93     1.00000000000000E-99   1.00000000000000E-99
175   93     1.00000000000000E-99   1.00000000000000E-99
176   93     1.00000000000000E-99   1.00000000000000E-99
177   93     1.00000000000000E-99   1.00000000000000E-99
178   93     1.00000000000000E-99   1.00000000000000E-99
179   93     1.00000000000000E-99   1.00000000000000E-99
180   93     1.00000000000000E-99   1.00000000000000E-99
181   93     1.00000000000000E-99   1.00000000000000E-99
182   93     1.00000000000000E-99   1.00000000000000E-99
183   93     1.00000000000000E-99   1.00000000000000E-99
184   93     1.00000000000000E-99   1.00000000000000E-99
185   93     1.00000000000000E-99   1.00000000000000E-99
186   93     1.00000000000000E-99   1.00000000000000E-99
187   93     1.00000000000000E-99   1.00000000000000E-99
188   93     1.00000000000000E-99   1.00000000000000E-99
189   93     1.00000000000000E-99   1.00000000000000E-99
190   93     1.00000000000000E-99   1.00000000000000E-99
191   93     1.00000000000000E-99   1.00000000000000E-99
192   93     1.00000000000000E-99   1.00000000000000E-99
193   93     1.00000000000000E-99   1.00000000000000E-99
194   93     1.00000000000000E-99   1.00000000000000E-99
195   93     1.00000000000000E-99   1.00000000000000E-99
197   93     1.00000000000000E-99   1.00000000000000E-99
199   93     1.00000000000000E-99   1.00000000000000E-99
200   93     1.00000000000000E-99   1.00000000000000E-99
201   93     1.00000000000000E-99   1.00000000000000E-99
202   93     1.00000000000000E-99   1.00000000000000E-99
203   93     1.00000000000000E-99   1.00000000000000E-99
205   93     1.00000000000000E-99   1.00000000000000E-99
206   93     1.00000000000000E-99   1.00000000000000E-99
207   93     1.00000000000000E-99   1.00000000000000E-99
209   93     1.00000000000000E-99   1.00000000000000E-99
139   94     1.00000000000000E-99   1.00000000000000E-99
140   94     1.00000000000000E-99   1.00000000000000E-99
141   94     1.00000000000000E-99   1.00000000000000E-99
142   94     1.00000000000000E-99   1.00000000000000E-99
143   94     1.00000000000000E-99   1.00000000000000E-99
144   94     1.00000000000000E-99   1.00000000000000E-99
145   94     1.00000000000000E-99   1.00000000000000E-99
146   94     1.00000000000000E-99   1.00000000000000E-99
147   94     1.00000000000000E-99   1.00000000000000E-99
148   94     1.00000000000000E-99   1.00000000000000E-99
149   94     1.00000000000000E-99   1.00000000000000E-99
150   94     1.00000000000000E-99   1.00000000000000E-99
151   94     1.00000000000000E-99   1.00000000000000E-99
152   94     1.00000000000000E-99   1.00000000000000E-99
153   94     1.00000000000000E-99   1.00000000000000E-99
154   94     1.00000000000000E-99   1.00000000000000E-99
155   94     1.00000000000000E-99   1.00000000000000E-99
156   94     1.00000000000000E-99   1.00000000000000E-99
157   94     1.00000000000000E-99   1.00000000000000E-99
158   94     1.00000000000000E-99   1.00000000000000E-99
159   94     1.00000000000000E-99   1.00000000000000E-99
160   94     1.00000000000000E-99   1.00000000000000E-99
161   94     1.00000000000000E-99   1.00000000000000E-99
162   94     1.00000000000000E-99   1.00000000000000E-99
163   94     1.00000000000000E-99   1.00000000000000E-99
164   94     1.00000000000000E-99   1.00000000000000E-99
165   94     1.00000000000000E-99   1.00000000000000E-99
166   94     1.00000000000000E-99   1.00000000000000E-99
167   94     1.00000000000000E-99   1.00000000000000E-99
168   94     1.00000000000000E-99   1.00000000000000E-99
169   94     1.00000000000000E-99   1.00000000000000E-99
170   94     1.00000000000000E-99   1.00000000000000E-99
171   94     1.00000000000000E-99   1.00000000000000E-99
172   94     1.00000000000000E-99   1.00000000000000E-99
173   94     1.00000000000000E-99   1.00000000000000E-99
174   94     1.00000000000000E-99   1.00000000000000E-99
175   94     1.00000000000000E-99   1.00000000000000E-99
176   94     1.00000000000000E-99   1.00000000000000E-99
177   94     1.00000000000000E-99   1.00000000000000E-99
178   94     1.00000000000000E-99   1.00000000000000E-99
179   94     1.00000000000000E-99   1.00000000000000E-99
180   94     1.00000000000000E-99   1.00000000000000E-99
181   94     1.00000000000000E-99   1.00000000000000E-99
182   94     1.00000000000000E-99   1.00000000000000E-99
183   94     1.00000000000000E-99   1.00000000000000E-99
184   94     1.00000000000000E-99   1.00000000000000E-99
185   94     1.00000000000000E-99   1.00000000000000E-99
186   94     1.00000000000000E-99   1.00000000000000E-99
187   94     1.00000000000000E-99   1.00000000000000E-99
188   94     1.00000000000000E-99   1.00000000000000E-99
189   94     1.00000000000000E-99   1.00000000000000E-99
190   94     1.00000000000000E-99   1.00000000000000E-99
191   94     1.00000000000000E-99   1.00000000000000E-99
192   94     1.00000000000000E-99   1.00000000000000E-99
193   94     1.00000000000000E-99   1.00000000000000E-99
194   94     1.00000000000000E-99   1.00000000000000E-99
195   94     1.00000000000000E-99   1.00000000000000E-99
196   94     1.00000000000000E-99   1.00000000000000E-99
197   94     1.00000000000000E-99   1.00000000000000E-99
198   94     1.00000000000000E-99   1.00000000000000E-99
199   94     1.00000000000000E-99   1.00000000000000E-99
200   94     1.00000000000000E-99   1.00000000000000E-99
201   94     1.00000000000000E-99   1.00000000000000E-99
203   94     1.00000000000000E-99   1.00000000000000E-99
205   94     1.00000000000000E-99   1.00000000000000E-99
207   94     1.00000000000000E-99   1.00000000000000E-99
209   94     1.00000000000000E-99   1.00000000000000E-99
141   95     1.00000000000000E-99   1.00000000000000E-99
142   95     1.00000000000000E-99   1.00000000000000E-99
143   95     1.00000000000000E-99   1.00000000000000E-99
144   95     1.00000000000000E-99   1.00000000000000E-99
145   95     1.00000000000000E-99   1.00000000000000E-99
146   95     1.00000000000000E-99   1.00000000000000E-99
147   95     1.00000000000000E-99   1.00000000000000E-99
148   95     1.00000000000000E-99   1.00000000000000E-99
149   95     1.00000000000000E-99   1.00000000000000E-99
150   95     1.00000000000000E-99   1.00000000000000E-99
151   95     1.00000000000000E-99   1.00000000000000E-99
152   95     1.00000000000000E-99   1.00000000000000E-99
153   95     1.00000000000000E-99   1.00000000000000E-99
154   95     1.00000000000000E-99   1.00000000000000E-99
155   95     1.00000000000000E-99   1.00000000000000E-99
156   95     1.00000000000000E-99   1.00000000000000E-99
157   95     1.00000000000000E-99   1.00000000000000E-99
158   95     1.00000000000000E-99   1.00000000000000E-99
159   95     1.00000000000000E-99   1.00000000000000E-99
160   95     1.00000000000000E-99   1.00000000000000E-99
161   95     1.00000000000000E-99   1.00000000000000E-99
162   95     1.00000000000000E-99   1.00000000000000E-99
163   95     1.00000000000000E-99   1.00000000000000E-99
164   95     1.00000000000000E-99   1.00000000000000E-99
165   95     1.00000000000000E-99   1.00000000000000E-99
166   95     1.00000000000000E-99   1.00000000000000E-99
167   95     1.00000000000000E-99   1.00000000000000E-99
168   95     1.00000000000000E-99   1.00000000000000E-99
169   95     1.00000000000000E-99   1.00000000000000E-99
170   95     1.00000000000000E-99   1.00000000000000E-99
171   95     1.00000000000000E-99   1.00000000000000E-99
172   95     1.00000000000000E-99   1.00000000000000E-99
173   95     1.00000000000000E-99   1.00000000000000E-99
174   95     1.00000000000000E-99   1.00000000000000E-99
175   95     1.00000000000000E-99   1.00000000000000E-99
176   95     1.00000000000000E-99   1.00000000000000E-99
177   95     1.00000000000000E-99   1.00000000000000E-99
178   95     1.00000000000000E-99   1.00000000000000E-99
179   95     1.00000000000000E-99   1.00000000000000E-99
180   95     1.00000000000000E-99   1.00000000000000E-99
181   95     1.00000000000000E-99   1.00000000000000E-99
182   95     1.00000000000000E-99   1.00000000000000E-99
183   95     1.00000000000000E-99   1.00000000000000E-99
184   95     1.00000000000000E-99   1.00000000000000E-99
185   95     1.00000000000000E-99   1.00000000000000E-99
186   95     1.00000000000000E-99   1.00000000000000E-99
187   95     1.00000000000000E-99   1.00000000000000E-99
188   95     1.00000000000000E-99   1.00000000000000E-99
189   95     1.00000000000000E-99   1.00000000000000E-99
190   95     1.00000000000000E-99   1.00000000000000E-99
191   95     1.00000000000000E-99   1.00000000000000E-99
192   95     1.00000000000000E-99   1.00000000000000E-99
193   95     1.00000000000000E-99   1.00000000000000E-99
194   95     1.00000000000000E-99   1.00000000000000E-99
195   95     1.00000000000000E-99   1.00000000000000E-99
196   95     1.00000000000000E-99   1.00000000000000E-99
197   95     1.00000000000000E-99   1.00000000000000E-99
198   95     1.00000000000000E-99   1.00000000000000E-99
199   95     1.00000000000000E-99   1.00000000000000E-99
200   95     1.00000000000000E-99   1.00000000000000E-99
201   95     1.00000000000000E-99   1.00000000000000E-99
202   95     1.00000000000000E-99   1.00000000000000E-99
203   95     1.00000000000000E-99   1.00000000000000E-99
204   95     1.00000000000000E-99   1.00000000000000E-99
205   95     1.00000000000000E-99   1.00000000000000E-99
206   95     1.00000000000000E-99   1.00000000000000E-99
207   95     1.00000000000000E-99   1.00000000000000E-99
208   95     1.00000000000000E-99   1.00000000000000E-99
209   95     1.00000000000000E-99   1.00000000000000E-99
211   95     1.00000000000000E-99   1.00000000000000E-99
213   95     1.00000000000000E-99   1.00000000000000E-99
144   96     1.00000000000000E-99   1.00000000000000E-99
145   96     1.00000000000000E-99   1.00000000000000E-99
146   96     1.00000000000000E-99   1.00000000000000E-99
147   96     1.00000000000000E-99   1.00000000000000E-99
148   96     1.00000000000000E-99   1.00000000000000E-99
149   96     1.00000000000000E-99   1.00000000000000E-99
150   96     1.00000000000000E-99   1.00000000000000E-99
151   96     1.00000000000000E-99   1.00000000000000E-99
152   96     1.00000000000000E-99   1.00000000000000E-99
153   96     1.00000000000000E-99   1.00000000000000E-99
154   96     1.00000000000000E-99   1.00000000000000E-99
155   96     1.00000000000000E-99   1.00000000000000E-99
156   96     1.00000000000000E-99   1.00000000000000E-99
157   96     1.00000000000000E-99   1.00000000000000E-99
158   96     1.00000000000000E-99   1.00000000000000E-99
159   96     1.00000000000000E-99   1.00000000000000E-99
160   96     1.00000000000000E-99   1.00000000000000E-99
161   96     1.00000000000000E-99   1.00000000000000E-99
162   96     1.00000000000000E-99   1.00000000000000E-99
163   96     1.00000000000000E-99   1.00000000000000E-99
164   96     1.00000000000000E-99   1.00000000000000E-99
165   96     1.00000000000000E-99   1.00000000000000E-99
166   96     1.00000000000000E-99   1.00000000000000E-99
167   96     1.00000000000000E-99   1.00000000000000E-99
168   96     1.00000000000000E-99   1.00000000000000E-99
169   96     1.00000000000000E-99   1.00000000000000E-99
170   96     1.00000000000000E-99   1.00000000000000E-99
171   96     1.00000000000000E-99   1.00000000000000E-99
172   96     1.00000000000000E-99   1.00000000000000E-99
173   96     1.00000000000000E-99   1.00000000000000E-99
174   96     1.00000000000000E-99   1.00000000000000E-99
175   96     1.00000000000000E-99   1.00000000000000E-99
176   96     1.00000000000000E-99   1.00000000000000E-99
177   96     1.00000000000000E-99   1.00000000000000E-99
178   96     1.00000000000000E-99   1.00000000000000E-99
179   96     1.00000000000000E-99   1.00000000000000E-99
180   96     1.00000000000000E-99   1.00000000000000E-99
181   96     1.00000000000000E-99   1.00000000000000E-99
182   96     1.00000000000000E-99   1.00000000000000E-99
183   96     1.00000000000000E-99   1.00000000000000E-99
184   96     1.00000000000000E-99   1.00000000000000E-99
185   96     1.00000000000000E-99   1.00000000000000E-99
186   96     1.00000000000000E-99   1.00000000000000E-99
187   96     1.00000000000000E-99   1.00000000000000E-99
188   96     1.00000000000000E-99   1.00000000000000E-99
189   96     1.00000000000000E-99   1.00000000000000E-99
190   96     1.00000000000000E-99   1.00000000000000E-99
191   96     1.00000000000000E-99   1.00000000000000E-99
192   96     1.00000000000000E-99   1.00000000000000E-99
193   96     1.00000000000000E-99   1.00000000000000E-99
194   96     1.00000000000000E-99   1.00000000000000E-99
195   96     1.00000000000000E-99   1.00000000000000E-99
196   96     1.00000000000000E-99   1.00000000000000E-99
197   96     1.00000000000000E-99   1.00000000000000E-99
198   96     1.00000000000000E-99   1.00000000000000E-99
199   96     1.00000000000000E-99   1.00000000000000E-99
200   96     1.00000000000000E-99   1.00000000000000E-99
201   96     1.00000000000000E-99   1.00000000000000E-99
202   96     1.00000000000000E-99   1.00000000000000E-99
203   96     1.00000000000000E-99   1.00000000000000E-99
204   96     1.00000000000000E-99   1.00000000000000E-99
205   96     1.00000000000000E-99   1.00000000000000E-99
206   96     1.00000000000000E-99   1.00000000000000E-99
207   96     1.00000000000000E-99   1.00000000000000E-99
208   96     1.00000000000000E-99   1.00000000000000E-99
209   96     1.00000000000000E-99   1.00000000000000E-99
211   96     1.00000000000000E-99   1.00000000000000E-99
213   96     1.00000000000000E-99   1.00000000000000E-99
215   96     1.00000000000000E-99   1.00000000000000E-99
145   97     1.00000000000000E-99   1.00000000000000E-99
146   97     1.00000000000000E-99   1.00000000000000E-99
147   97     1.00000000000000E-99   1.00000000000000E-99
148   97     1.00000000000000E-99   1.00000000000000E-99
149   97     1.00000000000000E-99   1.00000000000000E-99
150   97     1.00000000000000E-99   1.00000000000000E-99
151   97     1.00000000000000E-99   1.00000000000000E-99
152   97     1.00000000000000E-99   1.00000000000000E-99
153   97     1.00000000000000E-99   1.00000000000000E-99
154   97     1.00000000000000E-99   1.00000000000000E-99
155   97     1.00000000000000E-99   1.00000000000000E-99
156   97     1.00000000000000E-99   1.00000000000000E-99
157   97     1.00000000000000E-99   1.00000000000000E-99
158   97     1.00000000000000E-99   1.00000000000000E-99
159   97     1.00000000000000E-99   1.00000000000000E-99
160   97     1.00000000000000E-99   1.00000000000000E-99
161   97     1.00000000000000E-99   1.00000000000000E-99
162   97     1.00000000000000E-99   1.00000000000000E-99
163   97     1.00000000000000E-99   1.00000000000000E-99
164   97     1.00000000000000E-99   1.00000000000000E-99
165   97     1.00000000000000E-99   1.00000000000000E-99
166   97     1.00000000000000E-99   1.00000000000000E-99
167   97     1.00000000000000E-99   1.00000000000000E-99
168   97     1.00000000000000E-99   1.00000000000000E-99
169   97     1.00000000000000E-99   1.00000000000000E-99
170   97     1.00000000000000E-99   1.00000000000000E-99
171   97     1.00000000000000E-99   1.00000000000000E-99
172   97     1.00000000000000E-99   1.00000000000000E-99
173   97     1.00000000000000E-99   1.00000000000000E-99
174   97     1.00000000000000E-99   1.00000000000000E-99
175   97     1.00000000000000E-99   1.00000000000000E-99
176   97     1.00000000000000E-99   1.00000000000000E-99
177   97     1.00000000000000E-99   1.00000000000000E-99
178   97     1.00000000000000E-99   1.00000000000000E-99
179   97     1.00000000000000E-99   1.00000000000000E-99
180   97     1.00000000000000E-99   1.00000000000000E-99
181   97     1.00000000000000E-99   1.00000000000000E-99
182   97     1.00000000000000E-99   1.00000000000000E-99
183   97     1.00000000000000E-99   1.00000000000000E-99
184   97     1.00000000000000E-99   1.00000000000000E-99
185   97     1.00000000000000E-99   1.00000000000000E-99
186   97     1.00000000000000E-99   1.00000000000000E-99
187   97     1.00000000000000E-99   1.00000000000000E-99
188   97     1.00000000000000E-99   1.00000000000000E-99
189   97     1.00000000000000E-99   1.00000000000000E-99
190   97     1.00000000000000E-99   1.00000000000000E-99
191   97     1.00000000000000E-99   1.00000000000000E-99
192   97     1.00000000000000E-99   1.00000000000000E-99
193   97     1.00000000000000E-99   1.00000000000000E-99
194   97     1.00000000000000E-99   1.00000000000000E-99
195   97     1.00000000000000E-99   1.00000000000000E-99
196   97     1.00000000000000E-99   1.00000000000000E-99
197   97     1.00000000000000E-99   1.00000000000000E-99
198   97     1.00000000000000E-99   1.00000000000000E-99
199   97     1.00000000000000E-99   1.00000000000000E-99
200   97     1.00000000000000E-99   1.00000000000000E-99
201   97     1.00000000000000E-99   1.00000000000000E-99
202   97     1.00000000000000E-99   1.00000000000000E-99
203   97     1.00000000000000E-99   1.00000000000000E-99
204   97     1.00000000000000E-99   1.00000000000000E-99
205   97     1.00000000000000E-99   1.00000000000000E-99
206   97     1.00000000000000E-99   1.00000000000000E-99
207   97     1.00000000000000E-99   1.00000000000000E-99
208   97     1.00000000000000E-99   1.00000000000000E-99
209   97     1.00000000000000E-99   1.00000000000000E-99
210   97     1.00000000000000E-99   1.00000000000000E-99
211   97     1.00000000000000E-99   1.00000000000000E-99
213   97     1.00000000000000E-99   1.00000000000000E-99
215   97     1.00000000000000E-99   1.00000000000000E-99
217   97     1.00000000000000E-99   1.00000000000000E-99
147   98     1.00000000000000E-99   1.00000000000000E-99
148   98     1.00000000000000E-99   1.00000000000000E-99
149   98     1.00000000000000E-99   1.00000000000000E-99
150   98     1.00000000000000E-99   1.00000000000000E-99
151   98     1.00000000000000E-99   1.00000000000000E-99
152   98     1.00000000000000E-99   1.00000000000000E-99
153   98     1.00000000000000E-99   1.00000000000000E-99
154   98     1.00000000000000E-99   1.00000000000000E-99
155   98     1.00000000000000E-99   1.00000000000000E-99
156   98     1.00000000000000E-99   1.00000000000000E-99
157   98     1.00000000000000E-99   1.00000000000000E-99
158   98     1.00000000000000E-99   1.00000000000000E-99
159   98     1.00000000000000E-99   1.00000000000000E-99
160   98     1.00000000000000E-99   1.00000000000000E-99
161   98     1.00000000000000E-99   1.00000000000000E-99
162   98     1.00000000000000E-99   1.00000000000000E-99
163   98     1.00000000000000E-99   1.00000000000000E-99
164   98     1.00000000000000E-99   1.00000000000000E-99
165   98     1.00000000000000E-99   1.00000000000000E-99
166   98     1.00000000000000E-99   1.00000000000000E-99
167   98     1.00000000000000E-99   1.00000000000000E-99
168   98     1.00000000000000E-99   1.00000000000000E-99
169   98     1.00000000000000E-99   1.00000000000000E-99
170   98     1.00000000000000E-99   1.00000000000000E-99
171   98     1.00000000000000E-99   1.00000000000000E-99
172   98     1.00000000000000E-99   1.00000000000000E-99
173   98     1.00000000000000E-99   1.00000000000000E-99
174   98     1.00000000000000E-99   1.00000000000000E-99
175   98     1.00000000000000E-99   1.00000000000000E-99
176   98     1.00000000000000E-99   1.00000000000000E-99
177   98     1.00000000000000E-99   1.00000000000000E-99
178   98     1.00000000000000E-99   1.00000000000000E-99
179   98     1.00000000000000E-99   1.00000000000000E-99
180   98     1.00000000000000E-99   1.00000000000000E-99
181   98     1.00000000000000E-99   1.00000000000000E-99
182   98     1.00000000000000E-99   1.00000000000000E-99
183   98     1.00000000000000E-99   1.00000000000000E-99
184   98     1.00000000000000E-99   1.00000000000000E-99
185   98     1.00000000000000E-99   1.00000000000000E-99
186   98     1.00000000000000E-99   1.00000000000000E-99
187   98     1.00000000000000E-99   1.00000000000000E-99
188   98     1.00000000000000E-99   1.00000000000000E-99
189   98     1.00000000000000E-99   1.00000000000000E-99
190   98     1.00000000000000E-99   1.00000000000000E-99
191   98     1.00000000000000E-99   1.00000000000000E-99
192   98     1.00000000000000E-99   1.00000000000000E-99
193   98     1.00000000000000E-99   1.00000000000000E-99
194   98     1.00000000000000E-99   1.00000000000000E-99
195   98     1.00000000000000E-99   1.00000000000000E-99
196   98     1.00000000000000E-99   1.00000000000000E-99
197   98     1.00000000000000E-99   1.00000000000000E-99
198   98     1.00000000000000E-99   1.00000000000000E-99
199   98     1.00000000000000E-99   1.00000000000000E-99
200   98     1.00000000000000E-99   1.00000000000000E-99
201   98     1.00000000000000E-99   1.00000000000000E-99
202   98     1.00000000000000E-99   1.00000000000000E-99
203   98     1.00000000000000E-99   1.00000000000000E-99
204   98     1.00000000000000E-99   1.00000000000000E-99
205   98     1.00000000000000E-99   1.00000000000000E-99
206   98     1.00000000000000E-99   1.00000000000000E-99
207   98     1.00000000000000E-99   1.00000000000000E-99
208   98     1.00000000000000E-99   1.00000000000000E-99
209   98     1.00000000000000E-99   1.00000000000000E-99
210   98     1.00000000000000E-99   1.00000000000000E-99
211   98     1.00000000000000E-99   1.00000000000000E-99
213   98     1.00000000000000E-99   1.00000000000000E-99
215   98     1.00000000000000E-99   1.00000000000000E-99
217   98     1.00000000000000E-99   1.00000000000000E-99
219   98     1.00000000000000E-99   1.00000000000000E-99
221   98     1.00000000000000E-99   1.00000000000000E-99
149   99     1.00000000000000E-99   1.00000000000000E-99
150   99     1.00000000000000E-99   1.00000000000000E-99
151   99     1.00000000000000E-99   1.00000000000000E-99
152   99     1.00000000000000E-99   1.00000000000000E-99
153   99     1.00000000000000E-99   1.00000000000000E-99
154   99     1.00000000000000E-99   1.00000000000000E-99
155   99     1.00000000000000E-99   1.00000000000000E-99
156   99     1.00000000000000E-99   1.00000000000000E-99
157   99     1.00000000000000E-99   1.00000000000000E-99
158   99     1.00000000000000E-99   1.00000000000000E-99
159   99     1.00000000000000E-99   1.00000000000000E-99
160   99     1.00000000000000E-99   1.00000000000000E-99
161   99     1.00000000000000E-99   1.00000000000000E-99
162   99     1.00000000000000E-99   1.00000000000000E-99
163   99     1.00000000000000E-99   1.00000000000000E-99
164   99     1.00000000000000E-99   1.00000000000000E-99
165   99     1.00000000000000E-99   1.00000000000000E-99
166   99     1.00000000000000E-99   1.00000000000000E-99
167   99     1.00000000000000E-99   1.00000000000000E-99
168   99     1.00000000000000E-99   1.00000000000000E-99
169   99     1.00000000000000E-99   1.00000000000000E-99
170   99     1.00000000000000E-99   1.00000000000000E-99
171   99     1.00000000000000E-99   1.00000000000000E-99
172   99     1.00000000000000E-99   1.00000000000000E-99
173   99     1.00000000000000E-99   1.00000000000000E-99
174   99     1.00000000000000E-99   1.00000000000000E-99
175   99     1.00000000000000E-99   1.00000000000000E-99
176   99     1.00000000000000E-99   1.00000000000000E-99
177   99     1.00000000000000E-99   1.00000000000000E-99
178   99     1.00000000000000E-99   1.00000000000000E-99
179   99     1.00000000000000E-99   1.00000000000000E-99
180   99     1.00000000000000E-99   1.00000000000000E-99
181   99     1.00000000000000E-99   1.00000000000000E-99
182   99     1.00000000000000E-99   1.00000000000000E-99
183   99     1.00000000000000E-99   1.00000000000000E-99
184   99     1.00000000000000E-99   1.00000000000000E-99
185   99     1.00000000000000E-99   1.00000000000000E-99
186   99     1.00000000000000E-99   1.00000000000000E-99
187   99     1.00000000000000E-99   1.00000000000000E-99
188   99     1.00000000000000E-99   1.00000000000000E-99
189   99     1.00000000000000E-99   1.00000000000000E-99
190   99     1.00000000000000E-99   1.00000000000000E-99
191   99     1.00000000000000E-99   1.00000000000000E-99
192   99     1.00000000000000E-99   1.00000000000000E-99
193   99     1.00000000000000E-99   1.00000000000000E-99
194   99     1.00000000000000E-99   1.00000000000000E-99
195   99     1.00000000000000E-99   1.00000000000000E-99
196   99     1.00000000000000E-99   1.00000000000000E-99
197   99     1.00000000000000E-99   1.00000000000000E-99
198   99     1.00000000000000E-99   1.00000000000000E-99
199   99     1.00000000000000E-99   1.00000000000000E-99
200   99     1.00000000000000E-99   1.00000000000000E-99
201   99     1.00000000000000E-99   1.00000000000000E-99
202   99     1.00000000000000E-99   1.00000000000000E-99
203   99     1.00000000000000E-99   1.00000000000000E-99
204   99     1.00000000000000E-99   1.00000000000000E-99
205   99     1.00000000000000E-99   1.00000000000000E-99
206   99     1.00000000000000E-99   1.00000000000000E-99
207   99     1.00000000000000E-99   1.00000000000000E-99
208   99     1.00000000000000E-99   1.00000000000000E-99
209   99     1.00000000000000E-99   1.00000000000000E-99
210   99     1.00000000000000E-99   1.00000000000000E-99
211   99     1.00000000000000E-99   1.00000000000000E-99
212   99     1.00000000000000E-99   1.00000000000000E-99
213   99     1.00000000000000E-99   1.00000000000000E-99
215   99     1.00000000000000E-99   1.00000000000000E-99
216   99     1.00000000000000E-99   1.00000000000000E-99
217   99     1.00000000000000E-99   1.00000000000000E-99
219   99     1.00000000000000E-99   1.00000000000000E-99
221   99     1.00000000000000E-99   1.00000000000000E-99
223   99     1.00000000000000E-99   1.00000000000000E-99
151  100     1.00000000000000E-99   1.00000000000000E-99
152  100     1.00000000000000E-99   1.00000000000000E-99
153  100     1.00000000000000E-99   1.00000000000000E-99
154  100     1.00000000000000E-99   1.00000000000000E-99
155  100     1.00000000000000E-99   1.00000000000000E-99
156  100     1.00000000000000E-99   1.00000000000000E-99
157  100     1.00000000000000E-99   1.00000000000000E-99
158  100     1.00000000000000E-99   1.00000000000000E-99
159  100     1.00000000000000E-99   1.00000000000000E-99
160  100     1.00000000000000E-99   1.00000000000000E-99
161  100     1.00000000000000E-99   1.00000000000000E-99
162  100     1.00000000000000E-99   1.00000000000000E-99
163  100     1.00000000000000E-99   1.00000000000000E-99
164  100     1.00000000000000E-99   1.00000000000000E-99
165  100     1.00000000000000E-99   1.00000000000000E-99
166  100     1.00000000000000E-99   1.00000000000000E-99
167  100     1.00000000000000E-99   1.00000000000000E-99
168  100     1.00000000000000E-99   1.00000000000000E-99
169  100     1.00000000000000E-99   1.00000000000000E-99
170  100     1.00000000000000E-99   1.00000000000000E-99
171  100     1.00000000000000E-99   1.00000000000000E-99
172  100     1.00000000000000E-99   1.00000000000000E-99
173  100     1.00000000000000E-99   1.00000000000000E-99
174  100     1.00000000000000E-99   1.00000000000000E-99
175  100     1.00000000000000E-99   1.00000000000000E-99
176  100     1.00000000000000E-99   1.00000000000000E-99
177  100     1.00000000000000E-99   1.00000000000000E-99
178  100     1.00000000000000E-99   1.00000000000000E-99
179  100     1.00000000000000E-99   1.00000000000000E-99
180  100     1.00000000000000E-99   1.00000000000000E-99
181  100     1.00000000000000E-99   1.00000000000000E-99
182  100     1.00000000000000E-99   1.00000000000000E-99
183  100     1.00000000000000E-99   1.00000000000000E-99
184  100     1.00000000000000E-99   1.00000000000000E-99
185  100     1.00000000000000E-99   1.00000000000000E-99
186  100     1.00000000000000E-99   1.00000000000000E-99
187  100     1.00000000000000E-99   1.00000000000000E-99
188  100     1.00000000000000E-99   1.00000000000000E-99
189  100     1.00000000000000E-99   1.00000000000000E-99
190  100     1.00000000000000E-99   1.00000000000000E-99
191  100     1.00000000000000E-99   1.00000000000000E-99
192  100     1.00000000000000E-99   1.00000000000000E-99
193  100     1.00000000000000E-99   1.00000000000000E-99
194  100     1.00000000000000E-99   1.00000000000000E-99
195  100     1.00000000000000E-99   1.00000000000000E-99
196  100     1.00000000000000E-99   1.00000000000000E-99
197  100     1.00000000000000E-99   1.00000000000000E-99
198  100     1.00000000000000E-99   1.00000000000000E-99
199  100     1.00000000000000E-99   1.00000000000000E-99
200  100     1.00000000000000E-99   1.00000000000000E-99
201  100     1.00000000000000E-99   1.00000000000000E-99
202  100     1.00000000000000E-99   1.00000000000000E-99
203  100     1.00000000000000E-99   1.00000000000000E-99
204  100     1.00000000000000E-99   1.00000000000000E-99
205  100     1.00000000000000E-99   1.00000000000000E-99
206  100     1.00000000000000E-99   1.00000000000000E-99
207  100     1.00000000000000E-99   1.00000000000000E-99
208  100     1.00000000000000E-99   1.00000000000000E-99
209  100     1.00000000000000E-99   1.00000000000000E-99
210  100     1.00000000000000E-99   1.00000000000000E-99
211  100     1.00000000000000E-99   1.00000000000000E-99
213  100     1.00000000000000E-99   1.00000000000000E-99
215  100     1.00000000000000E-99   1.00000000000000E-99
217  100     1.00000000000000E-99   1.00000000000000E-99
218  100     1.00000000000000E-99   1.00000000000000E-99
219  100     1.00000000000000E-99   1.00000000000000E-99
221  100     1.00000000000000E-99   1.00000000000000E-99
223  100     1.00000000000000E-99   1.00000000000000E-99
225  100     1.00000000000000E-99   1.00000000000000E-99
152  101     1.00000000000000E-99   1.00000000000000E-99
153  101     1.00000000000000E-99   1.00000000000000E-99
154  101     1.00000000000000E-99   1.00000000000000E-99
155  101     1.00000000000000E-99   1.00000000000000E-99
156  101     1.00000000000000E-99   1.00000000000000E-99
157  101     1.00000000000000E-99   1.00000000000000E-99
158  101     1.00000000000000E-99   1.00000000000000E-99
159  101     1.00000000000000E-99   1.00000000000000E-99
160  101     1.00000000000000E-99   1.00000000000000E-99
161  101     1.00000000000000E-99   1.00000000000000E-99
162  101     1.00000000000000E-99   1.00000000000000E-99
163  101     1.00000000000000E-99   1.00000000000000E-99
164  101     1.00000000000000E-99   1.00000000000000E-99
165  101     1.00000000000000E-99   1.00000000000000E-99
166  101     1.00000000000000E-99   1.00000000000000E-99
167  101     1.00000000000000E-99   1.00000000000000E-99
168  101     1.00000000000000E-99   1.00000000000000E-99
169  101     1.00000000000000E-99   1.00000000000000E-99
170  101     1.00000000000000E-99   1.00000000000000E-99
171  101     1.00000000000000E-99   1.00000000000000E-99
172  101     1.00000000000000E-99   1.00000000000000E-99
173  101     1.00000000000000E-99   1.00000000000000E-99
174  101     1.00000000000000E-99   1.00000000000000E-99
175  101     1.00000000000000E-99   1.00000000000000E-99
176  101     1.00000000000000E-99   1.00000000000000E-99
177  101     1.00000000000000E-99   1.00000000000000E-99
178  101     1.00000000000000E-99   1.00000000000000E-99
179  101     1.00000000000000E-99   1.00000000000000E-99
180  101     1.00000000000000E-99   1.00000000000000E-99
181  101     1.00000000000000E-99   1.00000000000000E-99
182  101     1.00000000000000E-99   1.00000000000000E-99
183  101     1.00000000000000E-99   1.00000000000000E-99
184  101     1.00000000000000E-99   1.00000000000000E-99
185  101     1.00000000000000E-99   1.00000000000000E-99
186  101     1.00000000000000E-99   1.00000000000000E-99
187  101     1.00000000000000E-99   1.00000000000000E-99
188  101     1.00000000000000E-99   1.00000000000000E-99
189  101     1.00000000000000E-99   1.00000000000000E-99
190  101     1.00000000000000E-99   1.00000000000000E-99
191  101     1.00000000000000E-99   1.00000000000000E-99
192  101     1.00000000000000E-99   1.00000000000000E-99
193  101     1.00000000000000E-99   1.00000000000000E-99
194  101     1.00000000000000E-99   1.00000000000000E-99
195  101     1.00000000000000E-99   1.00000000000000E-99
196  101     1.00000000000000E-99   1.00000000000000E-99
197  101     1.00000000000000E-99   1.00000000000000E-99
198  101     1.00000000000000E-99   1.00000000000000E-99
199  101     1.00000000000000E-99   1.00000000000000E-99
200  101     1.00000000000000E-99   1.00000000000000E-99
201  101     1.00000000000000E-99   1.00000000000000E-99
202  101     1.00000000000000E-99   1.00000000000000E-99
203  101     1.00000000000000E-99   1.00000000000000E-99
204  101     1.00000000000000E-99   1.00000000000000E-99
205  101     1.00000000000000E-99   1.00000000000000E-99
206  101     1.00000000000000E-99   1.00000000000000E-99
207  101     1.00000000000000E-99   1.00000000000000E-99
208  101     1.00000000000000E-99   1.00000000000000E-99
209  101     1.00000000000000E-99   1.00000000000000E-99
210  101     1.00000000000000E-99   1.00000000000000E-99
211  101     1.00000000000000E-99   1.00000000000000E-99
212  101     1.00000000000000E-99   1.00000000000000E-99
213  101     1.00000000000000E-99   1.00000000000000E-99
214  101     1.00000000000000E-99   1.00000000000000E-99
215  101     1.00000000000000E-99   1.00000000000000E-99
216  101     1.00000000000000E-99   1.00000000000000E-99
217  101     1.00000000000000E-99   1.00000000000000E-99
218  101     1.00000000000000E-99   1.00000000000000E-99
219  101     1.00000000000000E-99   1.00000000000000E-99
220  101     1.00000000000000E-99   1.00000000000000E-99
221  101     1.00000000000000E-99   1.00000000000000E-99
223  101     1.00000000000000E-99   1.00000000000000E-99
225  101     1.00000000000000E-99   1.00000000000000E-99
227  101     1.00000000000000E-99   1.00000000000000E-99
152  102     1.00000000000000E-99   1.00000000000000E-99
153  102     1.00000000000000E-99   1.00000000000000E-99
154  102     1.00000000000000E-99   1.00000000000000E-99
155  102     1.00000000000000E-99   1.00000000000000E-99
156  102     1.00000000000000E-99   1.00000000000000E-99
157  102     1.00000000000000E-99   1.00000000000000E-99
158  102     1.00000000000000E-99   1.00000000000000E-99
159  102     1.00000000000000E-99   1.00000000000000E-99
160  102     1.00000000000000E-99   1.00000000000000E-99
161  102     1.00000000000000E-99   1.00000000000000E-99
162  102     1.00000000000000E-99   1.00000000000000E-99
163  102     1.00000000000000E-99   1.00000000000000E-99
164  102     1.00000000000000E-99   1.00000000000000E-99
165  102     1.00000000000000E-99   1.00000000000000E-99
166  102     1.00000000000000E-99   1.00000000000000E-99
167  102     1.00000000000000E-99   1.00000000000000E-99
168  102     1.00000000000000E-99   1.00000000000000E-99
169  102     1.00000000000000E-99   1.00000000000000E-99
170  102     1.00000000000000E-99   1.00000000000000E-99
171  102     1.00000000000000E-99   1.00000000000000E-99
172  102     1.00000000000000E-99   1.00000000000000E-99
173  102     1.00000000000000E-99   1.00000000000000E-99
174  102     1.00000000000000E-99   1.00000000000000E-99
175  102     1.00000000000000E-99   1.00000000000000E-99
176  102     1.00000000000000E-99   1.00000000000000E-99
177  102     1.00000000000000E-99   1.00000000000000E-99
178  102     1.00000000000000E-99   1.00000000000000E-99
179  102     1.00000000000000E-99   1.00000000000000E-99
180  102     1.00000000000000E-99   1.00000000000000E-99
181  102     1.00000000000000E-99   1.00000000000000E-99
182  102     1.00000000000000E-99   1.00000000000000E-99
183  102     1.00000000000000E-99   1.00000000000000E-99
184  102     1.00000000000000E-99   1.00000000000000E-99
185  102     1.00000000000000E-99   1.00000000000000E-99
186  102     1.00000000000000E-99   1.00000000000000E-99
187  102     1.00000000000000E-99   1.00000000000000E-99
188  102     1.00000000000000E-99   1.00000000000000E-99
189  102     1.00000000000000E-99   1.00000000000000E-99
190  102     1.00000000000000E-99   1.00000000000000E-99
191  102     1.00000000000000E-99   1.00000000000000E-99
192  102     1.00000000000000E-99   1.00000000000000E-99
193  102     1.00000000000000E-99   1.00000000000000E-99
194  102     1.00000000000000E-99   1.00000000000000E-99
195  102     1.00000000000000E-99   1.00000000000000E-99
196  102     1.00000000000000E-99   1.00000000000000E-99
197  102     1.00000000000000E-99   1.00000000000000E-99
198  102     1.00000000000000E-99   1.00000000000000E-99
199  102     1.00000000000000E-99   1.00000000000000E-99
200  102     1.00000000000000E-99   1.00000000000000E-99
201  102     1.00000000000000E-99   1.00000000000000E-99
202  102     1.00000000000000E-99   1.00000000000000E-99
203  102     1.00000000000000E-99   1.00000000000000E-99
204  102     1.00000000000000E-99   1.00000000000000E-99
205  102     1.00000000000000E-99   1.00000000000000E-99
206  102     1.00000000000000E-99   1.00000000000000E-99
207  102     1.00000000000000E-99   1.00000000000000E-99
208  102     1.00000000000000E-99   1.00000000000000E-99
209  102     1.00000000000000E-99   1.00000000000000E-99
210  102     1.00000000000000E-99   1.00000000000000E-99
211  102     1.00000000000000E-99   1.00000000000000E-99
212  102     1.00000000000000E-99   1.00000000000000E-99
213  102     1.00000000000000E-99   1.00000000000000E-99
214  102     1.00000000000000E-99   1.00000000000000E-99
215  102     1.00000000000000E-99   1.00000000000000E-99
216  102     1.00000000000000E-99   1.00000000000000E-99
217  102     1.00000000000000E-99   1.00000000000000E-99
218  102     1.00000000000000E-99   1.00000000000000E-99
219  102     1.00000000000000E-99   1.00000000000000E-99
221  102     1.00000000000000E-99   1.00000000000000E-99
223  102     1.00000000000000E-99   1.00000000000000E-99
225  102     1.00000000000000E-99   1.00000000000000E-99
227  102     1.00000000000000E-99   1.00000000000000E-99
229  102     1.00000000000000E-99   1.00000000000000E-99
153  103     1.00000000000000E-99   1.00000000000000E-99
154  103     1.00000000000000E-99   1.00000000000000E-99
155  103     1.00000000000000E-99   1.00000000000000E-99
156  103     1.00000000000000E-99   1.00000000000000E-99
157  103     1.00000000000000E-99   1.00000000000000E-99
158  103     1.00000000000000E-99   1.00000000000000E-99
159  103     1.00000000000000E-99   1.00000000000000E-99
160  103     1.00000000000000E-99   1.00000000000000E-99
161  103     1.00000000000000E-99   1.00000000000000E-99
162  103     1.00000000000000E-99   1.00000000000000E-99
163  103     1.00000000000000E-99   1.00000000000000E-99
164  103     1.00000000000000E-99   1.00000000000000E-99
165  103     1.00000000000000E-99   1.00000000000000E-99
166  103     1.00000000000000E-99   1.00000000000000E-99
167  103     1.00000000000000E-99   1.00000000000000E-99
168  103     1.00000000000000E-99   1.00000000000000E-99
169  103     1.00000000000000E-99   1.00000000000000E-99
170  103     1.00000000000000E-99   1.00000000000000E-99
171  103     1.00000000000000E-99   1.00000000000000E-99
172  103     1.00000000000000E-99   1.00000000000000E-99
173  103     1.00000000000000E-99   1.00000000000000E-99
174  103     1.00000000000000E-99   1.00000000000000E-99
175  103     1.00000000000000E-99   1.00000000000000E-99
176  103     1.00000000000000E-99   1.00000000000000E-99
177  103     1.00000000000000E-99   1.00000000000000E-99
178  103     1.00000000000000E-99   1.00000000000000E-99
179  103     1.00000000000000E-99   1.00000000000000E-99
180  103     1.00000000000000E-99   1.00000000000000E-99
181  103     1.00000000000000E-99   1.00000000000000E-99
182  103     1.00000000000000E-99   1.00000000000000E-99
183  103     1.00000000000000E-99   1.00000000000000E-99
184  103     1.00000000000000E-99   1.00000000000000E-99
185  103     1.00000000000000E-99   1.00000000000000E-99
186  103     1.00000000000000E-99   1.00000000000000E-99
187  103     1.00000000000000E-99   1.00000000000000E-99
188  103     1.00000000000000E-99   1.00000000000000E-99
189  103     1.00000000000000E-99   1.00000000000000E-99
190  103     1.00000000000000E-99   1.00000000000000E-99
191  103     1.00000000000000E-99   1.00000000000000E-99
192  103     1.00000000000000E-99   1.00000000000000E-99
193  103     1.00000000000000E-99   1.00000000000000E-99
194  103     1.00000000000000E-99   1.00000000000000E-99
195  103     1.00000000000000E-99   1.00000000000000E-99
196  103     1.00000000000000E-99   1.00000000000000E-99
197  103     1.00000000000000E-99   1.00000000000000E-99
198  103     1.00000000000000E-99   1.00000000000000E-99
199  103     1.00000000000000E-99   1.00000000000000E-99
200  103     1.00000000000000E-99   1.00000000000000E-99
201  103     1.00000000000000E-99   1.00000000000000E-99
202  103     1.00000000000000E-99   1.00000000000000E-99
203  103     1.00000000000000E-99   1.00000000000000E-99
204  103     1.00000000000000E-99   1.00000000000000E-99
205  103     1.00000000000000E-99   1.00000000000000E-99
206  103     1.00000000000000E-99   1.00000000000000E-99
207  103     1.00000000000000E-99   1.00000000000000E-99
208  103     1.00000000000000E-99   1.00000000000000E-99
209  103     1.00000000000000E-99   1.00000000000000E-99
210  103     1.00000000000000E-99   1.00000000000000E-99
211  103     1.00000000000000E-99   1.00000000000000E-99
212  103     1.00000000000000E-99   1.00000000000000E-99
213  103     1.00000000000000E-99   1.00000000000000E-99
214  103     1.00000000000000E-99   1.00000000000000E-99
215  103     1.00000000000000E-99   1.00000000000000E-99
216  103     1.00000000000000E-99   1.00000000000000E-99
217  103     1.00000000000000E-99   1.00000000000000E-99
218  103     1.00000000000000E-99   1.00000000000000E-99
219  103     1.00000000000000E-99   1.00000000000000E-99
220  103     1.00000000000000E-99   1.00000000000000E-99
221  103     1.00000000000000E-99   1.00000000000000E-99
222  103     1.00000000000000E-99   1.00000000000000E-99
223  103     1.00000000000000E-99   1.00000000000000E-99
225  103     1.00000000000000E-99   1.00000000000000E-99
229  103     1.00000000000000E-99   1.00000000000000E-99
231  103     1.00000000000000E-99   1.00000000000000E-99
156  104     1.00000000000000E-99   1.00000000000000E-99
157  104     1.00000000000000E-99   1.00000000000000E-99
158  104     1.00000000000000E-99   1.00000000000000E-99
159  104     1.00000000000000E-99   1.00000000000000E-99
160  104     1.00000000000000E-99   1.00000000000000E-99
161  104     1.00000000000000E-99   1.00000000000000E-99
162  104     1.00000000000000E-99   1.00000000000000E-99
163  104     1.00000000000000E-99   1.00000000000000E-99
164  104     1.00000000000000E-99   1.00000000000000E-99
165  104     1.00000000000000E-99   1.00000000000000E-99
166  104     1.00000000000000E-99   1.00000000000000E-99
167  104     1.00000000000000E-99   1.00000000000000E-99
168  104     1.00000000000000E-99   1.00000000000000E-99
169  104     1.00000000000000E-99   1.00000000000000E-99
170  104     1.00000000000000E-99   1.00000000000000E-99
171  104     1.00000000000000E-99   1.00000000000000E-99
172  104     1.00000000000000E-99   1.00000000000000E-99
173  104     1.00000000000000E-99   1.00000000000000E-99
174  104     1.00000000000000E-99   1.00000000000000E-99
175  104     1.00000000000000E-99   1.00000000000000E-99
176  104     1.00000000000000E-99   1.00000000000000E-99
177  104     1.00000000000000E-99   1.00000000000000E-99
178  104     1.00000000000000E-99   1.00000000000000E-99
179  104     1.00000000000000E-99   1.00000000000000E-99
180  104     1.00000000000000E-99   1.00000000000000E-99
181  104     1.00000000000000E-99   1.00000000000000E-99
182  104     1.00000000000000E-99   1.00000000000000E-99
183  104     1.00000000000000E-99   1.00000000000000E-99
184  104     1.00000000000000E-99   1.00000000000000E-99
185  104     1.00000000000000E-99   1.00000000000000E-99
186  104     1.00000000000000E-99   1.00000000000000E-99
187  104     1.00000000000000E-99   1.00000000000000E-99
188  104     1.00000000000000E-99   1.00000000000000E-99
189  104     1.00000000000000E-99   1.00000000000000E-99
190  104     1.00000000000000E-99   1.00000000000000E-99
191  104     1.00000000000000E-99   1.00000000000000E-99
192  104     1.00000000000000E-99   1.00000000000000E-99
193  104     1.00000000000000E-99   1.00000000000000E-99
194  104     1.00000000000000E-99   1.00000000000000E-99
195  104     1.00000000000000E-99   1.00000000000000E-99
196  104     1.00000000000000E-99   1.00000000000000E-99
197  104     1.00000000000000E-99   1.00000000000000E-99
198  104     1.00000000000000E-99   1.00000000000000E-99
199  104     1.00000000000000E-99   1.00000000000000E-99
200  104     1.00000000000000E-99   1.00000000000000E-99
201  104     1.00000000000000E-99   1.00000000000000E-99
202  104     1.00000000000000E-99   1.00000000000000E-99
203  104     1.00000000000000E-99   1.00000000000000E-99
204  104     1.00000000000000E-99   1.00000000000000E-99
205  104     1.00000000000000E-99   1.00000000000000E-99
206  104     1.00000000000000E-99   1.00000000000000E-99
207  104     1.00000000000000E-99   1.00000000000000E-99
208  104     1.00000000000000E-99   1.00000000000000E-99
209  104     1.00000000000000E-99   1.00000000000000E-99
210  104     1.00000000000000E-99   1.00000000000000E-99
211  104     1.00000000000000E-99   1.00000000000000E-99
212  104     1.00000000000000E-99   1.00000000000000E-99
213  104     1.00000000000000E-99   1.00000000000000E-99
214  104     1.00000000000000E-99   1.00000000000000E-99
215  104     1.00000000000000E-99   1.00000000000000E-99
216  104     1.00000000000000E-99   1.00000000000000E-99
217  104     1.00000000000000E-99   1.00000000000000E-99
218  104     1.00000000000000E-99   1.00000000000000E-99
219  104     1.00000000000000E-99   1.00000000000000E-99
220  104     1.00000000000000E-99   1.00000000000000E-99
221  104     1.00000000000000E-99   1.00000000000000E-99
222  104     1.00000000000000E-99   1.00000000000000E-99
223  104     1.00000000000000E-99   1.00000000000000E-99
225  104     1.00000000000000E-99   1.00000000000000E-99
229  104     1.00000000000000E-99   1.00000000000000E-99
231  104     1.00000000000000E-99   1.00000000000000E-99
233  104     1.00000000000000E-99   1.00000000000000E-99
157  105     1.00000000000000E-99   1.00000000000000E-99
158  105     1.00000000000000E-99   1.00000000000000E-99
159  105     1.00000000000000E-99   1.00000000000000E-99
160  105     1.00000000000000E-99   1.00000000000000E-99
161  105     1.00000000000000E-99   1.00000000000000E-99
162  105     1.00000000000000E-99   1.00000000000000E-99
163  105     1.00000000000000E-99   1.00000000000000E-99
164  105     1.00000000000000E-99   1.00000000000000E-99
165  105     1.00000000000000E-99   1.00000000000000E-99
166  105     1.00000000000000E-99   1.00000000000000E-99
167  105     1.00000000000000E-99   1.00000000000000E-99
168  105     1.00000000000000E-99   1.00000000000000E-99
169  105     1.00000000000000E-99   1.00000000000000E-99
170  105     1.00000000000000E-99   1.00000000000000E-99
171  105     1.00000000000000E-99   1.00000000000000E-99
172  105     1.00000000000000E-99   1.00000000000000E-99
173  105     1.00000000000000E-99   1.00000000000000E-99
174  105     1.00000000000000E-99   1.00000000000000E-99
175  105     1.00000000000000E-99   1.00000000000000E-99
176  105     1.00000000000000E-99   1.00000000000000E-99
177  105     1.00000000000000E-99   1.00000000000000E-99
178  105     1.00000000000000E-99   1.00000000000000E-99
179  105     1.00000000000000E-99   1.00000000000000E-99
180  105     1.00000000000000E-99   1.00000000000000E-99
181  105     1.00000000000000E-99   1.00000000000000E-99
182  105     1.00000000000000E-99   1.00000000000000E-99
183  105     1.00000000000000E-99   1.00000000000000E-99
184  105     1.00000000000000E-99   1.00000000000000E-99
185  105     1.00000000000000E-99   1.00000000000000E-99
186  105     1.00000000000000E-99   1.00000000000000E-99
187  105     1.00000000000000E-99   1.00000000000000E-99
188  105     1.00000000000000E-99   1.00000000000000E-99
189  105     1.00000000000000E-99   1.00000000000000E-99
190  105     1.00000000000000E-99   1.00000000000000E-99
191  105     1.00000000000000E-99   1.00000000000000E-99
192  105     1.00000000000000E-99   1.00000000000000E-99
193  105     1.00000000000000E-99   1.00000000000000E-99
194  105     1.00000000000000E-99   1.00000000000000E-99
195  105     1.00000000000000E-99   1.00000000000000E-99
196  105     1.00000000000000E-99   1.00000000000000E-99
197  105     1.00000000000000E-99   1.00000000000000E-99
198  105     1.00000000000000E-99   1.00000000000000E-99
199  105     1.00000000000000E-99   1.00000000000000E-99
200  105     1.00000000000000E-99   1.00000000000000E-99
201  105     1.00000000000000E-99   1.00000000000000E-99
202  105     1.00000000000000E-99   1.00000000000000E-99
203  105     1.00000000000000E-99   1.00000000000000E-99
204  105     1.00000000000000E-99   1.00000000000000E-99
205  105     1.00000000000000E-99   1.00000000000000E-99
206  105     1.00000000000000E-99   1.00000000000000E-99
207  105     1.00000000000000E-99   1.00000000000000E-99
208  105     1.00000000000000E-99   1.00000000000000E-99
209  105     1.00000000000000E-99   1.00000000000000E-99
210  105     1.00000000000000E-99   1.00000000000000E-99
211  105     1.00000000000000E-99   1.00000000000000E-99
212  105     1.00000000000000E-99   1.00000000000000E-99
213  105     1.00000000000000E-99   1.00000000000000E-99
214  105     1.00000000000000E-99   1.00000000000000E-99
215  105     1.00000000000000E-99   1.00000000000000E-99
216  105     1.00000000000000E-99   1.00000000000000E-99
217  105     1.00000000000000E-99   1.00000000000000E-99
218  105     1.00000000000000E-99   1.00000000000000E-99
219  105     1.00000000000000E-99   1.00000000000000E-99
220  105     1.00000000000000E-99   1.00000000000000E-99
221  105     1.00000000000000E-99   1.00000000000000E-99
222  105     1.00000000000000E-99   1.00000000000000E-99
223  105     1.00000000000000E-99   1.00000000000000E-99
224  105     1.00000000000000E-99   1.00000000000000E-99
225  105     1.00000000000000E-99   1.00000000000000E-99
228  105     1.00000000000000E-99   1.00000000000000E-99
229  105     1.00000000000000E-99   1.00000000000000E-99
231  105     1.00000000000000E-99   1.00000000000000E-99
160  106     1.00000000000000E-99   1.00000000000000E-99
161  106     1.00000000000000E-99   1.00000000000000E-99
162  106     1.00000000000000E-99   1.00000000000000E-99
163  106     1.00000000000000E-99   1.00000000000000E-99
164  106     1.00000000000000E-99   1.00000000000000E-99
165  106     1.00000000000000E-99   1.00000000000000E-99
166  106     1.00000000000000E-99   1.00000000000000E-99
167  106     1.00000000000000E-99   1.00000000000000E-99
168  106     1.00000000000000E-99   1.00000000000000E-99
169  106     1.00000000000000E-99   1.00000000000000E-99
170  106     1.00000000000000E-99   1.00000000000000E-99
171  106     1.00000000000000E-99   1.00000000000000E-99
172  106     1.00000000000000E-99   1.00000000000000E-99
173  106     1.00000000000000E-99   1.00000000000000E-99
174  106     1.00000000000000E-99   1.00000000000000E-99
175  106     1.00000000000000E-99   1.00000000000000E-99
176  106     1.00000000000000E-99   1.00000000000000E-99
177  106     1.00000000000000E-99   1.00000000000000E-99
178  106     1.00000000000000E-99   1.00000000000000E-99
179  106     1.00000000000000E-99   1.00000000000000E-99
180  106     1.00000000000000E-99   1.00000000000000E-99
181  106     1.00000000000000E-99   1.00000000000000E-99
182  106     1.00000000000000E-99   1.00000000000000E-99
183  106     1.00000000000000E-99   1.00000000000000E-99
184  106     1.00000000000000E-99   1.00000000000000E-99
185  106     1.00000000000000E-99   1.00000000000000E-99
186  106     1.00000000000000E-99   1.00000000000000E-99
187  106     1.00000000000000E-99   1.00000000000000E-99
188  106     1.00000000000000E-99   1.00000000000000E-99
189  106     1.00000000000000E-99   1.00000000000000E-99
190  106     1.00000000000000E-99   1.00000000000000E-99
191  106     1.00000000000000E-99   1.00000000000000E-99
192  106     1.00000000000000E-99   1.00000000000000E-99
193  106     1.00000000000000E-99   1.00000000000000E-99
194  106     1.00000000000000E-99   1.00000000000000E-99
195  106     1.00000000000000E-99   1.00000000000000E-99
196  106     1.00000000000000E-99   1.00000000000000E-99
197  106     1.00000000000000E-99   1.00000000000000E-99
198  106     1.00000000000000E-99   1.00000000000000E-99
199  106     1.00000000000000E-99   1.00000000000000E-99
200  106     1.00000000000000E-99   1.00000000000000E-99
201  106     1.00000000000000E-99   1.00000000000000E-99
202  106     1.00000000000000E-99   1.00000000000000E-99
203  106     1.00000000000000E-99   1.00000000000000E-99
204  106     1.00000000000000E-99   1.00000000000000E-99
205  106     1.00000000000000E-99   1.00000000000000E-99
206  106     1.00000000000000E-99   1.00000000000000E-99
207  106     1.00000000000000E-99   1.00000000000000E-99
208  106     1.00000000000000E-99   1.00000000000000E-99
209  106     1.00000000000000E-99   1.00000000000000E-99
210  106     1.00000000000000E-99   1.00000000000000E-99
211  106     1.00000000000000E-99   1.00000000000000E-99
212  106     1.00000000000000E-99   1.00000000000000E-99
213  106     1.00000000000000E-99   1.00000000000000E-99
214  106     1.00000000000000E-99   1.00000000000000E-99
215  106     1.00000000000000E-99   1.00000000000000E-99
216  106     1.00000000000000E-99   1.00000000000000E-99
217  106     1.00000000000000E-99   1.00000000000000E-99
218  106     1.00000000000000E-99   1.00000000000000E-99
219  106     1.00000000000000E-99   1.00000000000000E-99
220  106     1.00000000000000E-99   1.00000000000000E-99
221  106     1.00000000000000E-99   1.00000000000000E-99
222  106     1.00000000000000E-99   1.00000000000000E-99
223  106     1.00000000000000E-99   1.00000000000000E-99
224  106     1.00000000000000E-99   1.00000000000000E-99
225  106     1.00000000000000E-99   1.00000000000000E-99
227  106     1.00000000000000E-99   1.00000000000000E-99
228  106     1.00000000000000E-99   1.00000000000000E-99
229  106     1.00000000000000E-99   1.00000000000000E-99
231  106     1.00000000000000E-99   1.00000000000000E-99
162  107     1.00000000000000E-99   1.00000000000000E-99
163  107     1.00000000000000E-99   1.00000000000000E-99
164  107     1.00000000000000E-99   1.00000000000000E-99
165  107     1.00000000000000E-99   1.00000000000000E-99
166  107     1.00000000000000E-99   1.00000000000000E-99
167  107     1.00000000000000E-99   1.00000000000000E-99
168  107     1.00000000000000E-99   1.00000000000000E-99
169  107     1.00000000000000E-99   1.00000000000000E-99
170  107     1.00000000000000E-99   1.00000000000000E-99
171  107     1.00000000000000E-99   1.00000000000000E-99
172  107     1.00000000000000E-99   1.00000000000000E-99
173  107     1.00000000000000E-99   1.00000000000000E-99
174  107     1.00000000000000E-99   1.00000000000000E-99
175  107     1.00000000000000E-99   1.00000000000000E-99
176  107     1.00000000000000E-99   1.00000000000000E-99
177  107     1.00000000000000E-99   1.00000000000000E-99
178  107     1.00000000000000E-99   1.00000000000000E-99
179  107     1.00000000000000E-99   1.00000000000000E-99
180  107     1.00000000000000E-99   1.00000000000000E-99
181  107     1.00000000000000E-99   1.00000000000000E-99
182  107     1.00000000000000E-99   1.00000000000000E-99
183  107     1.00000000000000E-99   1.00000000000000E-99
184  107     1.00000000000000E-99   1.00000000000000E-99
185  107     1.00000000000000E-99   1.00000000000000E-99
186  107     1.00000000000000E-99   1.00000000000000E-99
187  107     1.00000000000000E-99   1.00000000000000E-99
188  107     1.00000000000000E-99   1.00000000000000E-99
189  107     1.00000000000000E-99   1.00000000000000E-99
190  107     1.00000000000000E-99   1.00000000000000E-99
191  107     1.00000000000000E-99   1.00000000000000E-99
192  107     1.00000000000000E-99   1.00000000000000E-99
193  107     1.00000000000000E-99   1.00000000000000E-99
194  107     1.00000000000000E-99   1.00000000000000E-99
195  107     1.00000000000000E-99   1.00000000000000E-99
196  107     1.00000000000000E-99   1.00000000000000E-99
197  107     1.00000000000000E-99   1.00000000000000E-99
198  107     1.00000000000000E-99   1.00000000000000E-99
199  107     1.00000000000000E-99   1.00000000000000E-99
200  107     1.00000000000000E-99   1.00000000000000E-99
201  107     1.00000000000000E-99   1.00000000000000E-99
202  107     1.00000000000000E-99   1.00000000000000E-99
203  107     1.00000000000000E-99   1.00000000000000E-99
204  107     1.00000000000000E-99   1.00000000000000E-99
205  107     1.00000000000000E-99   1.00000000000000E-99
206  107     1.00000000000000E-99   1.00000000000000E-99
207  107     1.00000000000000E-99   1.00000000000000E-99
208  107     1.00000000000000E-99   1.00000000000000E-99
209  107     1.00000000000000E-99   1.00000000000000E-99
210  107     1.00000000000000E-99   1.00000000000000E-99
211  107     1.00000000000000E-99   1.00000000000000E-99
212  107     1.00000000000000E-99   1.00000000000000E-99
213  107     1.00000000000000E-99   1.00000000000000E-99
214  107     1.00000000000000E-99   1.00000000000000E-99
215  107     1.00000000000000E-99   1.00000000000000E-99
216  107     1.00000000000000E-99   1.00000000000000E-99
217  107     1.00000000000000E-99   1.00000000000000E-99
218  107     1.00000000000000E-99   1.00000000000000E-99
219  107     1.00000000000000E-99   1.00000000000000E-99
220  107     1.00000000000000E-99   1.00000000000000E-99
221  107     1.00000000000000E-99   1.00000000000000E-99
222  107     1.00000000000000E-99   1.00000000000000E-99
223  107     1.00000000000000E-99   1.00000000000000E-99
224  107     1.00000000000000E-99   1.00000000000000E-99
225  107     1.00000000000000E-99   1.00000000000000E-99
227  107     1.00000000000000E-99   1.00000000000000E-99
228  107     1.00000000000000E-99   1.00000000000000E-99
229  107     1.00000000000000E-99   1.00000000000000E-99
230  107     1.00000000000000E-99   1.00000000000000E-99
165  108     1.00000000000000E-99   1.00000000000000E-99
166  108     1.00000000000000E-99   1.00000000000000E-99
167  108     1.00000000000000E-99   1.00000000000000E-99
168  108     1.00000000000000E-99   1.00000000000000E-99
169  108     1.00000000000000E-99   1.00000000000000E-99
170  108     1.00000000000000E-99   1.00000000000000E-99
171  108     1.00000000000000E-99   1.00000000000000E-99
172  108     1.00000000000000E-99   1.00000000000000E-99
173  108     1.00000000000000E-99   1.00000000000000E-99
174  108     1.00000000000000E-99   1.00000000000000E-99
175  108     1.00000000000000E-99   1.00000000000000E-99
176  108     1.00000000000000E-99   1.00000000000000E-99
177  108     1.00000000000000E-99   1.00000000000000E-99
178  108     1.00000000000000E-99   1.00000000000000E-99
179  108     1.00000000000000E-99   1.00000000000000E-99
180  108     1.00000000000000E-99   1.00000000000000E-99
181  108     1.00000000000000E-99   1.00000000000000E-99
182  108     1.00000000000000E-99   1.00000000000000E-99
183  108     1.00000000000000E-99   1.00000000000000E-99
184  108     1.00000000000000E-99   1.00000000000000E-99
185  108     1.00000000000000E-99   1.00000000000000E-99
186  108     1.00000000000000E-99   1.00000000000000E-99
187  108     1.00000000000000E-99   1.00000000000000E-99
188  108     1.00000000000000E-99   1.00000000000000E-99
189  108     1.00000000000000E-99   1.00000000000000E-99
190  108     1.00000000000000E-99   1.00000000000000E-99
191  108     1.00000000000000E-99   1.00000000000000E-99
192  108     1.00000000000000E-99   1.00000000000000E-99
193  108     1.00000000000000E-99   1.00000000000000E-99
194  108     1.00000000000000E-99   1.00000000000000E-99
195  108     1.00000000000000E-99   1.00000000000000E-99
196  108     1.00000000000000E-99   1.00000000000000E-99
197  108     1.00000000000000E-99   1.00000000000000E-99
198  108     1.00000000000000E-99   1.00000000000000E-99
199  108     1.00000000000000E-99   1.00000000000000E-99
200  108     1.00000000000000E-99   1.00000000000000E-99
201  108     1.00000000000000E-99   1.00000000000000E-99
202  108     1.00000000000000E-99   1.00000000000000E-99
203  108     1.00000000000000E-99   1.00000000000000E-99
204  108     1.00000000000000E-99   1.00000000000000E-99
205  108     1.00000000000000E-99   1.00000000000000E-99
206  108     1.00000000000000E-99   1.00000000000000E-99
207  108     1.00000000000000E-99   1.00000000000000E-99
208  108     1.00000000000000E-99   1.00000000000000E-99
209  108     1.00000000000000E-99   1.00000000000000E-99
210  108     1.00000000000000E-99   1.00000000000000E-99
211  108     1.00000000000000E-99   1.00000000000000E-99
212  108     1.00000000000000E-99   1.00000000000000E-99
213  108     1.00000000000000E-99   1.00000000000000E-99
214  108     1.00000000000000E-99   1.00000000000000E-99
215  108     1.00000000000000E-99   1.00000000000000E-99
216  108     1.00000000000000E-99   1.00000000000000E-99
217  108     1.00000000000000E-99   1.00000000000000E-99
218  108     1.00000000000000E-99   1.00000000000000E-99
219  108     1.00000000000000E-99   1.00000000000000E-99
221  108     1.00000000000000E-99   1.00000000000000E-99
222  108     1.00000000000000E-99   1.00000000000000E-99
223  108     1.00000000000000E-99   1.00000000000000E-99
224  108     1.00000000000000E-99   1.00000000000000E-99
226  108     1.00000000000000E-99   1.00000000000000E-99
227  108     1.00000000000000E-99   1.00000000000000E-99
228  108     1.00000000000000E-99   1.00000000000000E-99
229  108     1.00000000000000E-99   1.00000000000000E-99
166  109     1.00000000000000E-99   1.00000000000000E-99
167  109     1.00000000000000E-99   1.00000000000000E-99
168  109     1.00000000000000E-99   1.00000000000000E-99
169  109     1.00000000000000E-99   1.00000000000000E-99
170  109     1.00000000000000E-99   1.00000000000000E-99
171  109     1.00000000000000E-99   1.00000000000000E-99
172  109     1.00000000000000E-99   1.00000000000000E-99
173  109     1.00000000000000E-99   1.00000000000000E-99
174  109     1.00000000000000E-99   1.00000000000000E-99
175  109     1.00000000000000E-99   1.00000000000000E-99
176  109     1.00000000000000E-99   1.00000000000000E-99
177  109     1.00000000000000E-99   1.00000000000000E-99
178  109     1.00000000000000E-99   1.00000000000000E-99
179  109     1.00000000000000E-99   1.00000000000000E-99
180  109     1.00000000000000E-99   1.00000000000000E-99
181  109     1.00000000000000E-99   1.00000000000000E-99
182  109     1.00000000000000E-99   1.00000000000000E-99
183  109     1.00000000000000E-99   1.00000000000000E-99
184  109     1.00000000000000E-99   1.00000000000000E-99
185  109     1.00000000000000E-99   1.00000000000000E-99
186  109     1.00000000000000E-99   1.00000000000000E-99
187  109     1.00000000000000E-99   1.00000000000000E-99
188  109     1.00000000000000E-99   1.00000000000000E-99
189  109     1.00000000000000E-99   1.00000000000000E-99
190  109     1.00000000000000E-99   1.00000000000000E-99
191  109     1.00000000000000E-99   1.00000000000000E-99
192  109     1.00000000000000E-99   1.00000000000000E-99
193  109     1.00000000000000E-99   1.00000000000000E-99
194  109     1.00000000000000E-99   1.00000000000000E-99
195  109     1.00000000000000E-99   1.00000000000000E-99
196  109     1.00000000000000E-99   1.00000000000000E-99
197  109     1.00000000000000E-99   1.00000000000000E-99
198  109     1.00000000000000E-99   1.00000000000000E-99
199  109     1.00000000000000E-99   1.00000000000000E-99
200  109     1.00000000000000E-99   1.00000000000000E-99
201  109     1.00000000000000E-99   1.00000000000000E-99
202  109     1.00000000000000E-99   1.00000000000000E-99
203  109     1.00000000000000E-99   1.00000000000000E-99
204  109     1.00000000000000E-99   1.00000000000000E-99
205  109     1.00000000000000E-99   1.00000000000000E-99
206  109     1.00000000000000E-99   1.00000000000000E-99
207  109     1.00000000000000E-99   1.00000000000000E-99
208  109     1.00000000000000E-99   1.00000000000000E-99
209  109     1.00000000000000E-99   1.00000000000000E-99
210  109     1.00000000000000E-99   1.00000000000000E-99
211  109     1.00000000000000E-99   1.00000000000000E-99
212  109     1.00000000000000E-99   1.00000000000000E-99
213  109     1.00000000000000E-99   1.00000000000000E-99
214  109     1.00000000000000E-99   1.00000000000000E-99
215  109     1.00000000000000E-99   1.00000000000000E-99
216  109     1.00000000000000E-99   1.00000000000000E-99
217  109     1.00000000000000E-99   1.00000000000000E-99
218  109     1.00000000000000E-99   1.00000000000000E-99
220  109     1.00000000000000E-99   1.00000000000000E-99
221  109     1.00000000000000E-99   1.00000000000000E-99
222  109     1.00000000000000E-99   1.00000000000000E-99
223  109     1.00000000000000E-99   1.00000000000000E-99
224  109     1.00000000000000E-99   1.00000000000000E-99
225  109     1.00000000000000E-99   1.00000000000000E-99
226  109     1.00000000000000E-99   1.00000000000000E-99
227  109     1.00000000000000E-99   1.00000000000000E-99
228  109     1.00000000000000E-99   1.00000000000000E-99
169  110     1.00000000000000E-99   1.00000000000000E-99
170  110     1.00000000000000E-99   1.00000000000000E-99
171  110     1.00000000000000E-99   1.00000000000000E-99
172  110     1.00000000000000E-99   1.00000000000000E-99
173  110     1.00000000000000E-99   1.00000000000000E-99
174  110     1.00000000000000E-99   1.00000000000000E-99
175  110     1.00000000000000E-99   1.00000000000000E-99
176  110     1.00000000000000E-99   1.00000000000000E-99
177  110     1.00000000000000E-99   1.00000000000000E-99
178  110     1.00000000000000E-99   1.00000000000000E-99
179  110     1.00000000000000E-99   1.00000000000000E-99
180  110     1.00000000000000E-99   1.00000000000000E-99
181  110     1.00000000000000E-99   1.00000000000000E-99
182  110     1.00000000000000E-99   1.00000000000000E-99
183  110     1.00000000000000E-99   1.00000000000000E-99
184  110     1.00000000000000E-99   1.00000000000000E-99
185  110     1.00000000000000E-99   1.00000000000000E-99
186  110     1.00000000000000E-99   1.00000000000000E-99
187  110     1.00000000000000E-99   1.00000000000000E-99
188  110     1.00000000000000E-99   1.00000000000000E-99
189  110     1.00000000000000E-99   1.00000000000000E-99
190  110     1.00000000000000E-99   1.00000000000000E-99
191  110     1.00000000000000E-99   1.00000000000000E-99
192  110     1.00000000000000E-99   1.00000000000000E-99
193  110     1.00000000000000E-99   1.00000000000000E-99
194  110     1.00000000000000E-99   1.00000000000000E-99
195  110     1.00000000000000E-99   1.00000000000000E-99
196  110     1.00000000000000E-99   1.00000000000000E-99
197  110     1.00000000000000E-99   1.00000000000000E-99
198  110     1.00000000000000E-99   1.00000000000000E-99
199  110     1.00000000000000E-99   1.00000000000000E-99
200  110     1.00000000000000E-99   1.00000000000000E-99
201  110     1.00000000000000E-99   1.00000000000000E-99
202  110     1.00000000000000E-99   1.00000000000000E-99
203  110     1.00000000000000E-99   1.00000000000000E-99
204  110     1.00000000000000E-99   1.00000000000000E-99
205  110     1.00000000000000E-99   1.00000000000000E-99
206  110     1.00000000000000E-99   1.00000000000000E-99
207  110     1.00000000000000E-99   1.00000000000000E-99
208  110     1.00000000000000E-99   1.00000000000000E-99
209  110     1.00000000000000E-99   1.00000000000000E-99
210  110     1.00000000000000E-99   1.00000000000000E-99
211  110     1.00000000000000E-99   1.00000000000000E-99
212  110     1.00000000000000E-99   1.00000000000000E-99
213  110     1.00000000000000E-99   1.00000000000000E-99
214  110     1.00000000000000E-99   1.00000000000000E-99
215  110     1.00000000000000E-99   1.00000000000000E-99
216  110     1.00000000000000E-99   1.00000000000000E-99
217  110     1.00000000000000E-99   1.00000000000000E-99
218  110     1.00000000000000E-99   1.00000000000000E-99
219  110     1.00000000000000E-99   1.00000000000000E-99
220  110     1.00000000000000E-99   1.00000000000000E-99
221  110     1.00000000000000E-99   1.00000000000000E-99
222  110     1.00000000000000E-99   1.00000000000000E-99
223  110     1.00000000000000E-99   1.00000000000000E-99
224  110     1.00000000000000E-99   1.00000000000000E-99
225  110     1.00000000000000E-99   1.00000000000000E-99
226  110     1.00000000000000E-99   1.00000000000000E-99
227  110     1.00000000000000E-99   1.00000000000000E-99
172  111     1.00000000000000E-99   1.00000000000000E-99
173  111     1.00000000000000E-99   1.00000000000000E-99
174  111     1.00000000000000E-99   1.00000000000000E-99
175  111     1.00000000000000E-99   1.00000000000000E-99
176  111     1.00000000000000E-99   1.00000000000000E-99
177  111     1.00000000000000E-99   1.00000000000000E-99
178  111     1.00000000000000E-99   1.00000000000000E-99
179  111     1.00000000000000E-99   1.00000000000000E-99
180  111     1.00000000000000E-99   1.00000000000000E-99
181  111     1.00000000000000E-99   1.00000000000000E-99
182  111     1.00000000000000E-99   1.00000000000000E-99
183  111     1.00000000000000E-99   1.00000000000000E-99
184  111     1.00000000000000E-99   1.00000000000000E-99
185  111     1.00000000000000E-99   1.00000000000000E-99
186  111     1.00000000000000E-99   1.00000000000000E-99
187  111     1.00000000000000E-99   1.00000000000000E-99
188  111     1.00000000000000E-99   1.00000000000000E-99
189  111     1.00000000000000E-99   1.00000000000000E-99
190  111     1.00000000000000E-99   1.00000000000000E-99
191  111     1.00000000000000E-99   1.00000000000000E-99
192  111     1.00000000000000E-99   1.00000000000000E-99
193  111     1.00000000000000E-99   1.00000000000000E-99
194  111     1.00000000000000E-99   1.00000000000000E-99
195  111     1.00000000000000E-99   1.00000000000000E-99
196  111     1.00000000000000E-99   1.00000000000000E-99
197  111     1.00000000000000E-99   1.00000000000000E-99
198  111     1.00000000000000E-99   1.00000000000000E-99
199  111     1.00000000000000E-99   1.00000000000000E-99
200  111     1.00000000000000E-99   1.00000000000000E-99
201  111     1.00000000000000E-99   1.00000000000000E-99
202  111     1.00000000000000E-99   1.00000000000000E-99
203  111     1.00000000000000E-99   1.00000000000000E-99
204  111     1.00000000000000E-99   1.00000000000000E-99
205  111     1.00000000000000E-99   1.00000000000000E-99
206  111     1.00000000000000E-99   1.00000000000000E-99
207  111     1.00000000000000E-99   1.00000000000000E-99
208  111     1.00000000000000E-99   1.00000000000000E-99
209  111     1.00000000000000E-99   1.00000000000000E-99
210  111     1.00000000000000E-99   1.00000000000000E-99
211  111     1.00000000000000E-99   1.00000000000000E-99
212  111     1.00000000000000E-99   1.00000000000000E-99
213  111     1.00000000000000E-99   1.00000000000000E-99
214  111     1.00000000000000E-99   1.00000000000000E-99
215  111     1.00000000000000E-99   1.00000000000000E-99
216  111     1.00000000000000E-99   1.00000000000000E-99
217  111     1.00000000000000E-99   1.00000000000000E-99
218  111     1.00000000000000E-99   1.00000000000000E-99
219  111     1.00000000000000E-99   1.00000000000000E-99
220  111     1.00000000000000E-99   1.00000000000000E-99
221  111     1.00000000000000E-99   1.00000000000000E-99
222  111     1.00000000000000E-99   1.00000000000000E-99
223  111     1.00000000000000E-99   1.00000000000000E-99
224  111     1.00000000000000E-99   1.00000000000000E-99
225  111     1.00000000000000E-99   1.00000000000000E-99
226  111     1.00000000000000E-99   1.00000000000000E-99
