,0
0,9.246997622602897e-93
1,9.24699762156426e-93
2,9.24699762052381e-93
3,9.246997619481537e-93
4,9.246997618437439e-93
5,9.246997617391514e-93
6,9.246997616343763e-93
7,9.246997615294177e-93
8,9.246997614242753e-93
9,9.246997613189492e-93
10,9.246997612134386e-93
11,9.246997611077435e-93
12,9.246997610018635e-93
13,9.246997608957982e-93
14,9.246997607895475e-93
15,9.246997606831106e-93
16,9.246997605764877e-93
17,9.246997604696781e-93
18,9.246997603626819e-93
19,9.24699760255498e-93
20,9.246997601481272e-93
21,9.246997600405684e-93
22,9.246997599328211e-93
23,9.246997598248857e-93
24,9.24699759716761e-93
25,9.246997596084472e-93
26,9.24699759499944e-93
27,9.246997593912512e-93
28,9.246997592823678e-93
29,9.246997591732942e-93
30,9.246997590640297e-93
31,9.24699758954574e-93
32,9.246997588449268e-93
33,9.246997587350876e-93
34,9.246997586250567e-93
35,9.24699758514833e-93
36,9.246997584044165e-93
37,9.246997582938068e-93
38,9.246997581830035e-93
39,9.246997580720065e-93
40,9.24699757960815e-93
41,9.246997578494291e-93
42,9.246997577378482e-93
43,9.246997576260725e-93
44,9.24699757514101e-93
45,9.246997574019335e-93
46,9.246997572895699e-93
47,9.246997571770095e-93
48,9.246997570642525e-93
49,9.246997569512978e-93
50,9.24699756838146e-93
51,9.24699756724796e-93
52,9.246997566112474e-93
53,9.246997564975003e-93
54,9.246997563835544e-93
55,9.246997562694089e-93
56,9.24699756155064e-93
57,9.246997560405187e-93
58,9.246997559257731e-93
59,9.246997558108268e-93
60,9.246997556956793e-93
61,9.246997555803303e-93
62,9.246997554647796e-93
63,9.246997553490267e-93
64,9.246997552330715e-93
65,9.246997551169132e-93
66,9.246997550005515e-93
67,9.246997548839866e-93
68,9.246997547672173e-93
69,9.246997546502442e-93
70,9.246997545330662e-93
71,9.24699754415683e-93
72,9.246997542980947e-93
73,9.246997541803007e-93
74,9.246997540623005e-93
75,9.24699753944094e-93
76,9.246997538256804e-93
77,9.246997537070596e-93
78,9.246997535882319e-93
79,9.246997534691955e-93
80,9.246997533499511e-93
81,9.246997532304983e-93
82,9.246997531108362e-93
83,9.246997529909651e-93
84,9.246997528708838e-93
85,9.246997527505927e-93
86,9.246997526300913e-93
87,9.246997525093788e-93
88,9.246997523884551e-93
89,9.246997522673202e-93
90,9.24699752145973e-93
91,9.246997520244133e-93
92,9.246997519026413e-93
93,9.246997517806564e-93
94,9.246997516584575e-93
95,9.246997515360453e-93
96,9.246997514134187e-93
97,9.246997512905775e-93
98,9.246997511675216e-93
99,9.246997510442504e-93
100,9.246997509207633e-93
101,9.246997507970603e-93
102,9.24699750673141e-93
103,9.246997505490045e-93
104,9.24699750424651e-93
105,9.246997503000801e-93
106,9.246997501752909e-93
107,9.246997500502837e-93
108,9.246997499250577e-93
109,9.246997497996128e-93
110,9.24699749673948e-93
111,9.246997495480636e-93
112,9.24699749421959e-93
113,9.246997492956333e-93
114,9.246997491690875e-93
115,9.246997490423195e-93
116,9.2469974891533e-93
117,9.246997487881183e-93
118,9.24699748660684e-93
119,9.246997485330266e-93
120,9.246997484051461e-93
121,9.246997482770418e-93
122,9.246997481487134e-93
123,9.246997480201601e-93
124,9.246997478913824e-93
125,9.246997477623791e-93
126,9.246997476331504e-93
127,9.246997475036951e-93
128,9.246997473740139e-93
129,9.246997472441055e-93
130,9.246997471139699e-93
131,9.246997469836065e-93
132,9.24699746853015e-93
133,9.246997467221951e-93
134,9.246997465911462e-93
135,9.246997464598682e-93
136,9.246997463283604e-93
137,9.246997461966224e-93
138,9.246997460646539e-93
139,9.246997459324551e-93
140,9.246997458000246e-93
141,9.246997456673624e-93
142,9.246997455344679e-93
143,9.24699745401341e-93
144,9.246997452679814e-93
145,9.246997451343885e-93
146,9.246997450005615e-93
147,9.246997448665004e-93
148,9.24699744732205e-93
149,9.246997445976747e-93
150,9.246997444629087e-93
151,9.24699744327907e-93
152,9.246997441926691e-93
153,9.246997440571948e-93
154,9.246997439214834e-93
155,9.246997437855346e-93
156,9.246997436493476e-93
157,9.24699743512923e-93
158,9.246997433762591e-93
159,9.246997432393564e-93
160,9.246997431022138e-93
161,9.246997429648315e-93
162,9.246997428272092e-93
163,9.246997426893456e-93
164,9.24699742551241e-93
165,9.246997424128949e-93
166,9.246997422743064e-93
167,9.246997421354757e-93
168,9.24699741996402e-93
169,9.246997418570848e-93
170,9.246997417175244e-93
171,9.246997415777195e-93
172,9.246997414376696e-93
173,9.246997412973751e-93
174,9.24699741156835e-93
175,9.246997410160493e-93
176,9.246997408750172e-93
177,9.246997407337384e-93
178,9.246997405922122e-93
179,9.246997404504385e-93
180,9.246997403084168e-93
181,9.246997401661464e-93
182,9.246997400236272e-93
183,9.246997398808585e-93
184,9.246997397378405e-93
185,9.246997395945719e-93
186,9.246997394510525e-93
187,9.246997393072824e-93
188,9.246997391632604e-93
189,9.246997390189866e-93
190,9.246997388744602e-93
191,9.246997387296813e-93
192,9.246997385846487e-93
193,9.246997384393627e-93
194,9.246997382938224e-93
195,9.246997381480274e-93
196,9.246997380019775e-93
197,9.246997378556718e-93
198,9.246997377091101e-93
199,9.24699737562292e-93
200,9.246997374152175e-93
201,9.246997372678852e-93
202,9.246997371202952e-93
203,9.24699736972447e-93
204,9.246997368243403e-93
205,9.24699736675974e-93
206,9.246997365273486e-93
207,9.246997363784633e-93
208,9.246997362293171e-93
209,9.246997360799101e-93
210,9.246997359302416e-93
211,9.246997357803114e-93
212,9.246997356301188e-93
213,9.246997354796636e-93
214,9.246997353289448e-93
215,9.246997351779625e-93
216,9.246997350267162e-93
217,9.24699734875205e-93
218,9.24699734723429e-93
219,9.246997345713871e-93
220,9.246997344190794e-93
221,9.246997342665051e-93
222,9.246997341136645e-93
223,9.246997339605559e-93
224,9.246997338071792e-93
225,9.246997336535345e-93
226,9.24699733499621e-93
227,9.24699733345438e-93
228,9.246997331909855e-93
229,9.246997330362628e-93
230,9.24699732881269e-93
231,9.246997327260042e-93
232,9.246997325704681e-93
233,9.246997324146596e-93
234,9.246997322585787e-93
235,9.246997321022242e-93
236,9.246997319455966e-93
237,9.246997317886949e-93
238,9.246997316315186e-93
239,9.246997314740674e-93
240,9.246997313163407e-93
241,9.24699731158338e-93
242,9.246997310000588e-93
243,9.246997308415027e-93
244,9.246997306826694e-93
245,9.246997305235578e-93
246,9.24699730364168e-93
247,9.246997302044997e-93
248,9.246997300445516e-93
249,9.246997298843239e-93
250,9.246997297238157e-93
251,9.246997295630266e-93
252,9.246997294019565e-93
253,9.246997292406043e-93
254,9.2469972907897e-93
255,9.246997289170529e-93
256,9.246997287548522e-93
257,9.24699728592368e-93
258,9.246997284295996e-93
259,9.246997282665465e-93
260,9.246997281032079e-93
261,9.246997279395834e-93
262,9.246997277756728e-93
263,9.246997276114754e-93
264,9.246997274469909e-93
265,9.246997272822184e-93
266,9.246997271171576e-93
267,9.24699726951808e-93
268,9.246997267861691e-93
269,9.246997266202405e-93
270,9.246997264540217e-93
271,9.246997262875118e-93
272,9.24699726120711e-93
273,9.246997259536179e-93
274,9.246997257862326e-93
275,9.246997256185546e-93
276,9.24699725450583e-93
277,9.246997252823177e-93
278,9.24699725113758e-93
279,9.246997249449033e-93
280,9.246997247757533e-93
281,9.246997246063071e-93
282,9.246997244365647e-93
283,9.246997242665251e-93
284,9.246997240961884e-93
285,9.246997239255532e-93
286,9.2469972375462e-93
287,9.246997235833873e-93
288,9.24699723411855e-93
289,9.24699723240023e-93
290,9.246997230678899e-93
291,9.246997228954558e-93
292,9.246997227227202e-93
293,9.246997225496822e-93
294,9.246997223763413e-93
295,9.246997222026973e-93
296,9.246997220287492e-93
297,9.246997218544973e-93
298,9.246997216799404e-93
299,9.24699721505078e-93
300,9.246997213299097e-93
301,9.246997211544348e-93
302,9.246997209786529e-93
303,9.246997208025634e-93
304,9.24699720626166e-93
305,9.246997204494598e-93
306,9.246997202724449e-93
307,9.246997200951198e-93
308,9.246997199174847e-93
309,9.246997197395385e-93
310,9.246997195612813e-93
311,9.246997193827123e-93
312,9.246997192038305e-93
313,9.246997190246358e-93
314,9.246997188451277e-93
315,9.246997186653055e-93
316,9.246997184851688e-93
317,9.24699718304717e-93
318,9.246997181239492e-93
319,9.246997179428653e-93
320,9.246997177614646e-93
321,9.246997175797462e-93
322,9.246997173977102e-93
323,9.246997172153557e-93
324,9.246997170326821e-93
325,9.246997168496891e-93
326,9.246997166663756e-93
327,9.246997164827416e-93
328,9.246997162987861e-93
329,9.246997161145088e-93
330,9.246997159299092e-93
331,9.246997157449867e-93
332,9.246997155597404e-93
333,9.246997153741703e-93
334,9.246997151882754e-93
335,9.246997150020553e-93
336,9.246997148155093e-93
337,9.24699714628637e-93
338,9.246997144414376e-93
339,9.246997142539108e-93
340,9.246997140660557e-93
341,9.246997138778723e-93
342,9.246997136893595e-93
343,9.246997135005169e-93
344,9.246997133113438e-93
345,9.246997131218397e-93
346,9.246997129320043e-93
347,9.246997127418367e-93
348,9.246997125513362e-93
349,9.246997123605025e-93
350,9.246997121693347e-93
351,9.246997119778328e-93
352,9.246997117859956e-93
353,9.24699711593823e-93
354,9.246997114013141e-93
355,9.246997112084684e-93
356,9.246997110152852e-93
357,9.246997108217639e-93
358,9.246997106279042e-93
359,9.246997104337052e-93
360,9.246997102391666e-93
361,9.246997100442875e-93
362,9.246997098490677e-93
363,9.246997096535059e-93
364,9.246997094576023e-93
365,9.246997092613558e-93
366,9.246997090647658e-93
367,9.246997088678322e-93
368,9.246997086705536e-93
369,9.246997084729301e-93
370,9.24699708274961e-93
371,9.246997080766456e-93
372,9.246997078779831e-93
373,9.246997076789729e-93
374,9.246997074796144e-93
375,9.246997072799072e-93
376,9.246997070798507e-93
377,9.246997068794444e-93
378,9.246997066786872e-93
379,9.246997064775786e-93
380,9.246997062761182e-93
381,9.246997060743057e-93
382,9.246997058721397e-93
383,9.246997056696202e-93
384,9.246997054667465e-93
385,9.246997052635176e-93
386,9.246997050599333e-93
387,9.246997048559925e-93
388,9.246997046516951e-93
389,9.246997044470404e-93
390,9.246997042420274e-93
391,9.24699704036656e-93
392,6.096331411920993e-17
393,2.0140893764299353e-16
394,3.239297910722574e-16
395,4.3417222557416177e-16
396,5.316568699825049e-16
397,6.251819230465483e-16
398,7.111733684723647e-16
399,7.964834534397062e-16
400,8.798423823232188e-16
401,9.638725308528207e-16
402,1.0492848381870894e-15
403,1.1372140860128738e-15
404,1.2277346115510355e-15
405,1.3234158806285893e-15
406,1.4214692418742701e-15
407,1.5280366359330226e-15
408,1.6370575761294663e-15
409,1.7565181548193094e-15
410,1.8796913452845383e-15
411,2.0131407400576256e-15
412,2.153118941088325e-15
413,2.302591301226175e-15
414,2.4621496965690215e-15
415,2.6297820841800098e-15
416,2.811913521850269e-15
417,2.9999955777517968e-15
418,3.2079876535481488e-15
419,3.420258503889293e-15
420,3.656504900012597e-15
421,3.89943650238388e-15
422,4.1642528035391575e-15
423,4.442119181623163e-15
424,4.738769944256662e-15
425,5.0563658953809675e-15
426,5.388443584249912e-15
427,5.751152277021077e-15
428,6.1226115911029845e-15
429,6.536619078121802e-15
430,6.96075271401403e-15
431,7.424815252511974e-15
432,7.908583386956324e-15
433,8.42752690326557e-15
434,8.978874484061909e-15
435,9.55867618754934e-15
436,1.0186527429124313e-14
437,1.0833756402140226e-14
438,1.1548120236648994e-14
439,1.2279061807412635e-14
440,1.3082076215053058e-14
441,1.3914772500940787e-14
442,1.4808849254792244e-14
443,1.5761993061651232e-14
444,1.676688197741431e-14
445,1.7842001367165062e-14
446,1.897045746027571e-14
447,2.0182731899015775e-14
448,2.1448922004701278e-14
449,2.2815387533206612e-14
450,2.423499995068449e-14
451,2.577473588371345e-14
452,2.736511237468243e-14
453,2.909945781818165e-14
454,3.0879743235301663e-14
455,3.283254091660706e-14
456,3.482384862516848e-14
457,3.7021716041835316e-14
458,3.9247308833652556e-14
459,4.1719938023429525e-14
460,4.421720715803396e-14
461,4.698591283588369e-14
462,4.979750349287048e-14
463,5.288467441895692e-14
464,5.604863778443898e-14
465,5.948821480025582e-14
466,6.304694298385895e-14
467,6.687617158993398e-14
468,7.087685639473828e-14
469,7.5136577288908e-14
470,7.963171296792589e-14
471,8.436667521367918e-14
472,8.941460888304005e-14
473,9.4673807204495e-14
474,1.0033934086406565e-13
475,1.0617637865597387e-13
476,1.1253142751992538e-13
477,1.1900490781171377e-13
478,1.2612921773746284e-13
479,1.33358350731442e-13
480,1.4134193268342737e-13
481,1.494002518223853e-13
482,1.5829148653489603e-13
483,1.6727284647862512e-13
484,1.7716539347059282e-13
485,1.8717414241541425e-13
486,1.9817043856593658e-13
487,2.0932242610490352e-13
488,2.2153436165254678e-13
489,2.339580679459591e-13
490,2.475077268240094e-13
491,2.613455105615355e-13
492,2.7636597145659727e-13
493,2.9177543882857857e-13
494,3.0841163660473873e-13
495,3.255671368078884e-13
496,3.439767856785696e-13
497,3.630710404809674e-13
498,3.834256212801308e-13
499,4.0467149749091754e-13
500,4.271573119652485e-13
501,4.5078974662443783e-13
502,4.756090420405256e-13
503,5.018871309449632e-13
504,5.292592985726515e-13
505,5.584685594729639e-13
506,5.886314107216139e-13
507,6.210862332136211e-13
508,6.542973573890708e-13
509,6.903436522041367e-13
510,7.268818600298489e-13
511,7.668999211156435e-13
512,8.074299757999168e-13
513,8.514743718128552e-13
514,8.965079900719503e-13
515,9.44851522153478e-13
516,9.948643853269828e-13
517,1.0478863912043509e-12
518,1.1034005444110286e-12
519,1.1615101919575207e-12
520,1.22309808536585e-12
521,1.2867364235551188e-12
522,1.3556176285120656e-12
523,1.4260141822665025e-12
524,1.5016456965216513e-12
525,1.579449087463816e-12
526,1.6624745826803448e-12
527,1.7483848474724063e-12
528,1.8395205674052906e-12
529,1.9342975542434844e-12
530,2.0343594002948898e-12
531,2.1388830278637223e-12
532,2.2486398596191205e-12
533,2.363811770389116e-12
534,2.4841962178622323e-12
535,2.610992329047872e-12
536,2.7430255076964266e-12
537,2.882501168493713e-12
538,3.027300510080091e-12
539,3.180595992678311e-12
540,3.3393837128909313e-12
541,3.5077300408445574e-12
542,3.681842279074487e-12
543,3.866567400795664e-12
544,4.05746407075122e-12
545,4.25999938865763e-12
546,4.469274781410933e-12
547,4.69116204911482e-12
548,4.920556232792397e-12
549,5.163454834016461e-12
550,5.415068306604283e-12
551,5.681312167871864e-12
552,5.956461235529659e-12
553,6.248058206905343e-12
554,6.548916884254e-12
555,6.868027610793156e-12
556,7.19696445141923e-12
557,7.545912173907633e-12
558,7.9055061378286e-12
559,8.286787073698007e-12
560,8.680211154362228e-12
561,9.09761678334843e-12
562,9.526395709274626e-12
563,9.982970370691564e-12
564,1.045026255316845e-11
565,1.0949275799372721e-11
566,1.1458516534864025e-11
567,1.2003476863364343e-11
568,1.255840055110195e-11
569,1.315306991341714e-11
570,1.3757733879673825e-11
571,1.4406142969228545e-11
572,1.506495297182337e-11
573,1.5771417302787545e-11
574,1.6489154796762408e-11
575,1.725829159146771e-11
576,1.804014284263213e-11
577,1.8876888749351128e-11
578,1.9729818630176642e-11
579,2.0646469850345688e-11
580,2.1566977525253972e-11
581,2.2570275581998482e-11
582,2.3575328996246884e-11
583,2.466090072909392e-11
584,2.576000742767499e-11
585,2.693191431748934e-11
586,2.813286052546476e-11
587,2.939792709879571e-11
588,3.070906212956646e-11
589,3.2074663609310586e-11
590,3.350493341416799e-11
591,3.497903895048722e-11
592,3.653802150286084e-11
593,3.812924047031645e-11
594,3.982718300411852e-11
595,4.154602477660126e-11
596,4.3404304780138854e-11
597,4.526583600667623e-11
598,4.727695076666429e-11
599,4.931240278722822e-11
600,5.146731505251689e-11
601,5.368993456126719e-11
602,5.600045520353039e-11
603,5.842410267628864e-11
604,6.090357066512621e-11
605,6.354319993961639e-11
606,6.62056614245971e-11
607,6.907739344917002e-11
608,7.195414981944131e-11
609,7.505889234538971e-11
610,7.818558039559076e-11
611,8.152208955115529e-11
612,8.49175310908846e-11
613,8.850369900283706e-11
614,9.218825932814498e-11
615,9.604289297969784e-11
616,1.0003864613597257e-10
617,1.0418143877390235e-10
618,1.0851235646510715e-10
619,1.1296383134752036e-10
620,1.1765599938806034e-10
621,1.2243741645364914e-10
622,1.2751928360886978e-10
623,1.3265249612418617e-10
624,1.3815516125874412e-10
625,1.4366745378588362e-10
626,1.4961994972852284e-10
627,1.5558791772030708e-10
628,1.6197341682999488e-10
629,1.6843457721470024e-10
630,1.7527880833895119e-10
631,1.8227450662694783e-10
632,1.8960278882445681e-10
633,1.9717873161475162e-10
634,2.05014972786684e-10
635,2.1322116823904642e-10
636,2.215884814374927e-10
637,2.304804043658606e-10
638,2.393989973614379e-10
639,2.490391802063531e-10
640,2.5869622939177467e-10
641,2.6898194053527777e-10
642,2.7945901041402274e-10
643,2.903938957590407e-10
644,3.0177041161582546e-10
645,3.1335904972851177e-10
646,3.2572490832861425e-10
647,3.381124020765332e-10
648,3.513982198745968e-10
649,3.648600523862683e-10
650,3.788907204878284e-10
651,3.935077091292228e-10
652,4.0832181924968875e-10
653,4.241799581692489e-10
654,4.4006584228539983e-10
655,4.570515349221824e-10
656,4.743248708174396e-10
657,4.921832926030986e-10
658,5.109493936125846e-10
659,5.297483275517454e-10
660,5.500882546729067e-10
661,5.704948834766689e-10
662,5.91899345723479e-10
663,6.140331597771019e-10
664,6.365501582081501e-10
665,6.605381868265324e-10
666,6.845681845919608e-10
667,7.10195559884951e-10
668,7.362182019739165e-10
669,7.63283044960905e-10
670,7.916226858872605e-10
671,8.200119094855375e-10
672,8.505905810385214e-10
673,8.814785523360334e-10
674,9.133239267754734e-10
675,9.468998021067952e-10
676,9.805344213583139e-10
677,1.0165010551334532e-09
678,1.0530298278317304e-09
679,1.090520340725132e-09
680,1.1301574747071751e-09
681,1.1698639573094306e-09
682,1.2121820924344085e-09
683,1.2552302668649904e-09
684,1.299383304515527e-09
685,1.346015022646162e-09
686,1.392728327031256e-09
687,1.442528278607915e-09
688,1.4930883309350213e-09
689,1.5450975405510716e-09
690,1.5997766347935728e-09
691,1.6545513948759477e-09
692,1.713369556008259e-09
693,1.7728018027034387e-09
694,1.833790777956231e-09
695,1.8982203090774223e-09
696,1.9627625652769877e-09
697,2.0311858165498693e-09
698,2.101095277157478e-09
699,2.172096867417552e-09
700,2.2477564927981162e-09
701,2.3235484912849163e-09
702,2.403188378043545e-09
703,2.485147092238946e-09
704,2.5678716407264197e-09
705,2.6565879107461262e-09
706,2.7454593976088024e-09
707,2.8380390565136945e-09
708,2.9341570862070983e-09
709,3.0304432827664438e-09
710,3.133882381892752e-09
711,3.237933772172614e-09
712,3.345202992737253e-09
713,3.4575548004732546e-09
714,3.5701031774832612e-09
715,3.6899338607972157e-09
716,3.81136396360537e-09
717,3.93573073886156e-09
718,4.06664134647697e-09
719,4.197780993602441e-09
720,4.336662667638692e-09
721,4.47793269602694e-09
722,4.622192839762786e-09
723,4.774261460781447e-09
724,4.92659613909638e-09
725,5.087512785523286e-09
726,5.2512459992860935e-09
727,5.418736060233429e-09
728,5.594440023612618e-09
729,5.770451396376707e-09
730,5.957361038735667e-09
731,6.1459651309122355e-09
732,6.341237717030078e-09
733,6.5430629412438354e-09
734,6.747351212180039e-09
735,6.963054014133537e-09
736,7.179134206921185e-09
737,7.407304971122373e-09
738,7.637973638181898e-09
739,7.877243446057008e-09
740,8.123217265031197e-09
741,8.374361521712453e-09
742,8.63638831699859e-09
743,8.900219170817373e-09
744,9.179079031640085e-09
745,9.458426782067194e-09
746,9.75295417108854e-09
747,1.0049979362250052e-08
748,1.0359754601028205e-08
749,1.0675306804588101e-08
750,1.1001300942932393e-08
751,1.1336265583717069e-08
752,1.1679497307082578e-08
753,1.2034796898030976e-08
754,1.2396335113111673e-08
755,1.2772930520159158e-08
756,1.3153897003993588e-08
757,1.3552788741627826e-08
758,1.3954588331641633e-08
759,1.4379335403827034e-08
760,1.4804825607984837e-08
761,1.5251339311950274e-08
762,1.570395981417412e-08
763,1.6171303219510868e-08
764,1.6652331978394624e-08
765,1.714184341032188e-08
766,1.7652610246841674e-08
767,1.8165692128771944e-08
768,1.8707581229092812e-08
769,1.9250418411553144e-08
770,1.982015419719455e-08
771,2.0395611348988468e-08
772,2.0993366211634764e-08
773,2.1602945367684847e-08
774,2.223038761445649e-08
775,2.287565176340434e-08
776,2.353452773642908e-08
777,2.4217103065954178e-08
778,2.4909240783200622e-08
779,2.5630819010816854e-08
780,2.6358131899428757e-08
781,2.7120472695742505e-08
782,2.7884963419463993e-08
783,2.868989692895266e-08
784,2.9496238739647852e-08
785,3.0343090779575546e-08
786,3.119400639422004e-08
787,3.20842263420509e-08
788,3.298169829090277e-08
789,3.391765572650252e-08
790,3.4863745345463633e-08
791,3.584791828717786e-08
792,3.684476868167574e-08
793,3.7879748101232625e-08
794,3.892958723323529e-08
795,4.0018081710348317e-08
796,4.112322561472249e-08
797,4.226806613798833e-08
798,4.3430922274829576e-08
799,4.463506719683636e-08
800,4.585813794883064e-08
801,4.712467814308548e-08
802,4.841056452279352e-08
803,4.974272854063328e-08
804,5.109413397542538e-08
805,5.24952935187788e-08
806,5.3915027797998675e-08
807,5.5388703388260006e-08
808,5.687968680374467e-08
809,5.842955361128096e-08
810,5.999482129090958e-08
811,6.162471514858703e-08
812,6.326742158965935e-08
813,6.498134520292446e-08
814,6.670476901542649e-08
815,6.850689837786547e-08
816,7.03172324300796e-08
817,7.220913827147208e-08
818,7.411305451364828e-08
819,7.609614952500896e-08
820,7.809824572446424e-08
821,8.017635034782082e-08
822,8.228141969994605e-08
823,8.445850554037631e-08
824,8.667154393614772e-08
825,8.895174003846072e-08
826,9.130551146504032e-08
827,9.375829930212304e-08
828,9.621537850475351e-08
829,9.873367624336442e-08
830,1.0137446315587236e-07
831,1.0401987035464033e-07
832,1.0671534266105672e-07
833,1.0955615522148047e-07
834,1.1240193803040805e-07
835,1.1528822794279075e-07
836,1.1834171818571721e-07
837,1.2140055077522446e-07
838,1.2449236223775219e-07
839,1.277718320879402e-07
840,1.310570396556568e-07
841,1.3437020668146944e-07
842,1.378896330296492e-07
843,1.4141521692008765e-07
844,1.4496677587227763e-07
845,1.4874083633756937e-07
846,1.5252149984961746e-07
847,1.5632976494057618e-07
848,1.6037386433728562e-07
849,1.6442503923730822e-07
850,1.685096813342035e-07
851,1.728399788534552e-07
852,1.7717785260448198e-07
853,1.8155998142267762e-07
854,1.8619341853693798e-07
855,1.9083496225201136e-07
856,1.9553721201520158e-07
857,2.0049154111323533e-07
858,2.0545453824046273e-07
859,2.1050115688469682e-07
860,2.1579497064460497e-07
861,2.2109804639159037e-07
862,2.2651498838942824e-07
863,2.321677498977773e-07
864,2.3783040140344294e-07
865,2.4364542428389814e-07
866,2.4967749790921027e-07
867,2.5572012517130584e-07
868,2.6196288981070206e-07
869,2.6839557283997714e-07
870,2.7483951040695323e-07
871,2.815416851654335e-07
872,2.88397240212598e-07
873,2.9526478964875065e-07
874,3.0246015842682214e-07
875,3.097618466222592e-07
876,3.1707630975533754e-07
877,3.248211358632816e-07
878,3.3261527244605525e-07
879,3.4042304554764953e-07
880,3.4869773108013225e-07
881,3.5701216200623443e-07
882,3.653411397512471e-07
883,3.741834123208496e-07
884,3.8304726301661074e-07
885,3.919495083973057e-07
886,4.013767354947393e-07
887,4.108204563445313e-07
888,4.203437222163786e-07
889,4.303815731440914e-07
890,4.404369861635196e-07
891,4.506256928785109e-07
892,4.613073511087278e-07
893,4.720076978273725e-07
894,4.829091779889363e-07
895,4.942692930671916e-07
896,5.056492836529713e-07
897,5.173139352972709e-07
898,5.293886731470163e-07
899,5.414845367987919e-07
900,5.539659822664145e-07
901,5.667930767849137e-07
902,5.796426134186708e-07
903,5.929978640452422e-07
904,6.066166700161548e-07
905,6.202593032701558e-07
906,6.345489300256198e-07
907,6.490004773740339e-07
908,6.6347730895877e-07
909,6.787656191669682e-07
910,6.940926685835053e-07
911,7.095830303790877e-07
912,7.258017542754067e-07
913,7.420488542366316e-07
914,7.586353642062746e-07
915,7.758188454280916e-07
916,7.930323906413756e-07
917,8.108074788949669e-07
918,8.290354085978877e-07
919,8.47295229645419e-07
920,8.662704885482935e-07
921,8.855963851810771e-07
922,9.049560941467703e-07
923,9.252119954653567e-07
924,9.456916395052575e-07
925,9.662071144591358e-07
926,9.87828952772206e-07
927,1.0095204641437563e-06
928,1.0314042417301037e-06
929,1.054328052204053e-06
930,1.0772919698729723e-06
931,1.100669200432425e-06
932,1.1249261246452245e-06
933,1.1492254884509786e-06
934,1.174195005608963e-06
935,1.1998505537992387e-06
936,1.2255509885962829e-06
937,1.252217354107013e-06
938,1.279339703376451e-06
939,1.306509505548196e-06
940,1.3349832750686833e-06
941,1.3636433581771556e-06
942,1.3925328564202816e-06
943,1.4227515827957177e-06
944,1.4530231794534428e-06
945,1.4838893323312735e-06
946,1.5157933442190948e-06
947,1.5477531749421592e-06
948,1.5807234454654603e-06
949,1.614392361375553e-06
950,1.6481201839733063e-06
951,1.6833290998581998e-06
952,1.7188456693052844e-06
953,1.7546290471620322e-06
954,1.7920138445076357e-06
955,1.8294640497972697e-06
956,1.8676951808030334e-06
957,1.907099400563324e-06
958,1.946572561421991e-06
959,1.9874059603219113e-06
960,2.0289222051783565e-06
961,2.0705110863039045e-06
962,2.1141095505436964e-06
963,2.1578339724887112e-06
964,2.2022178416988226e-06
965,2.2481698584301268e-06
966,2.294202272197462e-06
967,2.3416077358964056e-06
968,2.3899671266030624e-06
969,2.4384111262548537e-06
970,2.489024475223915e-06
971,2.5398985453848123e-06
972,2.5915783343331316e-06
973,2.6453942990340104e-06
974,2.6993044194285353e-06
975,2.7537885994419967e-06
976,2.8108483086462177e-06
977,2.8680078487558172e-06
978,2.925317386320271e-06
979,2.9857827259522706e-06
980,3.0463538549347892e-06
981,3.107030958355321e-06
982,3.170699958261881e-06
983,3.234851330566977e-06
984,3.2991149412555577e-06
985,3.36629598661712e-06
986,3.434422837149014e-06
987,3.5026688815074985e-06
988,3.5728767471975465e-06
989,3.645181145153141e-06
990,3.7176120459159604e-06
991,3.7910202593704457e-06
992,3.867712332727138e-06
993,3.9445385855087235e-06
994,4.021499252473544e-06
995,4.102630914469976e-06
996,4.184071320059691e-06
997,4.265654212692089e-06
998,4.350587228282581e-06
999,4.4368777169087875e-06
1000,4.523319178217372e-06
1001,4.612245877900537e-06
1002,4.7036221262747345e-06
1003,4.7951582453077935e-06
1004,4.888314468043264e-06
1005,4.985021093807513e-06
1006,5.0818969161867875e-06
1007,5.179533871856974e-06
1008,5.281824678626211e-06
1009,5.384294452017913e-06
1010,5.486943505149476e-06
1011,5.594817733697088e-06
1012,5.7031451575894535e-06
1013,5.811662109687598e-06
1014,5.9248212186476135e-06
1015,6.039279698468758e-06
1016,6.153938433307995e-06
1017,6.27269354531394e-06
1018,6.393566450927176e-06
1019,6.514650834150822e-06
1020,6.63933195631843e-06
1021,6.766912884931283e-06
1022,6.8947170274204725e-06
1023,7.025673936967725e-06
1024,7.160266980492516e-06
1025,7.2950955061946315e-06
1026,7.43269866075977e-06
1027,7.574618677665586e-06
1028,7.716786995921743e-06
1029,7.861428468787141e-06
1030,8.011001360482956e-06
1031,8.16083594289468e-06
1032,8.31293038332574e-06
1033,8.470493375134789e-06
1034,8.628332037030128e-06
1035,8.788317655926007e-06
1036,8.954219582635672e-06
1037,9.120411769118535e-06
1038,9.288918545926264e-06
1039,9.464225023780335e-06
1040,9.639838215482122e-06
1041,9.815758657653663e-06
1042,1.0000766389741451e-05
1043,1.0186256013375976e-05
1044,1.037207016715083e-05
1045,1.0565481446701668e-05
1046,1.0761807064232213e-05
1047,1.0958476170410269e-05
1048,1.1159054798205938e-05
1049,1.1366749172035634e-05
1050,1.1574806925133714e-05
1051,1.1783228693263124e-05
1052,1.2002481404065848e-05
1053,1.2222483383778447e-05
1054,1.244287027597815e-05
1055,1.2670465184759378e-05
1056,1.2902989600169164e-05
1057,1.3135920837148324e-05
1058,1.3372226783909458e-05
1059,1.3617875238225339e-05
1060,1.3863953475749563e-05
1061,1.4110462248424415e-05
1062,1.4368758166013837e-05
1063,1.4628610282050282e-05
1064,1.4888917031826642e-05
1065,1.5157327137544307e-05
1066,1.5431605040869482e-05
1067,1.570636281709442e-05
1068,1.598534456492701e-05
1069,1.627472602551588e-05
1070,1.6564613783981176e-05
1071,1.6855008726134124e-05
1072,1.7160355997148672e-05
1073,1.7466610836565687e-05
1074,1.7773401495290662e-05
1075,1.8089560832595485e-05
1076,1.841293134365703e-05
1077,1.8736867619370694e-05
1078,1.9064378937806615e-05
1079,1.9405640010563614e-05
1080,1.974749814905377e-05
1081,2.008995439789424e-05
1082,2.0446892682589826e-05
1083,2.080747591927855e-05
1084,2.1168690027491917e-05
1085,2.153893969777858e-05
1086,2.1919078910821018e-05
1087,2.2299883210255238e-05
1088,2.2684129316141767e-05
1089,2.3084683688488752e-05
1090,2.3485938865309207e-05
1091,2.388789607271999e-05
1092,2.4306768916211837e-05
1093,2.4729364683187013e-05
1094,2.515269981795499e-05
1095,2.5587918949275267e-05
1096,2.6032774727157373e-05
1097,2.6478408818640236e-05
1098,2.6930827503896167e-05
1099,2.739889311192403e-05
1100,2.7867777641151233e-05
1101,2.833830140432125e-05
1102,2.8830557759875416e-05
1103,2.9323675360426576e-05
1104,2.9817655712795973e-05
1105,3.033072423504317e-05
1106,3.084908940312915e-05
1107,3.1368361495828424e-05
1108,3.19024696549178e-05
1109,3.244712946869951e-05
1110,3.299274221184276e-05
1111,3.354899668024896e-05
1112,3.4121031528432555e-05
1113,3.469406720095876e-05
1114,3.527363758294896e-05
1115,3.587416190269921e-05
1116,3.6475736891576755e-05
1117,3.707985839220575e-05
1118,3.7710021416416813e-05
1119,3.834128696522143e-05
1120,3.897365696757977e-05
1121,3.963224963285684e-05
1122,4.029439259976809e-05
1123,4.09576940429349e-05
1124,4.1644629165874046e-05
1125,4.233887279113165e-05
1126,4.30343310555109e-05
1127,4.375109007062082e-05
1128,4.447869475348774e-05
1129,4.5207572443518913e-05
1130,4.5955714312804554e-05
1131,4.671797839808057e-05
1132,4.7481576130128815e-05
1133,4.826274031653426e-05
1134,4.906100089066715e-05
1135,4.98606580905279e-05
1136,5.06765675907914e-05
1137,5.1512201287632494e-05
1138,5.234929699769601e-05
1139,5.320176143454846e-05
1140,5.407618525080099e-05
1141,5.4952138946928255e-05
1142,5.584305772055617e-05
1143,5.6757729840966565e-05
1144,5.767400225912238e-05
1145,5.860536775780669e-05
1146,5.956178839014567e-05
1147,6.0519882362843484e-05
1148,6.149378323267371e-05
1149,6.249349545255973e-05
1150,6.349495675516058e-05
1151,6.451358122871567e-05
1152,6.55581718343336e-05
1153,6.660459004126216e-05
1154,6.767022932514516e-05
1155,6.876132970190896e-05
1156,6.985433905282747e-05
1157,7.096939077392235e-05
1158,7.210867776913713e-05
1159,7.324995804513868e-05
1160,7.441692975546333e-05
1161,7.560612656304117e-05
1162,7.679740397291345e-05
1163,7.801891671292552e-05
1164,7.925979376820765e-05
1165,8.050284184482007e-05
1166,8.178163376502829e-05
1167,8.307600964977237e-05
1168,8.437265015664715e-05
1169,8.571878051191123e-05
1170,8.707725960392675e-05
1171,8.843811547214452e-05
1172,8.98280659626266e-05
1173,9.125318471321955e-05
1174,9.26807968318253e-05
1175,9.411668395292882e-05
1176,9.561108373182513e-05
1177,9.710809809184757e-05
1178,9.860773160742561e-05
1179,0.00010015844737283508
1180,0.00010172754985939671
1181,0.00010329939762588608
1182,0.00010490312394089206
1183,0.00010654707831740429
1184,0.00010819390893365665
1185,0.00010985326136233162
1186,0.0001115749107854655
1187,0.00011329957238249794
1188,0.00011502725142348097
1189,0.00011681958458651702
1190,0.00011862500636122796
1191,0.00012043358687675617
1192,0.0001222899560512492
1193,0.00012417914981629745
1194,0.00012607164888845377
1195,0.00012799520965984216
1196,0.00012997127140972813
1197,0.00013195079044972025
1198,0.00013394486732054648
1199,0.00013601097881391262
1200,0.00013808070514714183
1201,0.00014015405264470075
1202,0.00014230822814278286
1203,0.00014447143661022908
1204,0.00014663842979702196
1205,0.00014887333351886988
1206,0.0001511333880948463
1207,0.0001533973968307484
1208,0.00015571697677574104
1209,0.00015807733220208709
1210,0.00016044181727330292
1211,0.0001628502172953112
1212,0.00016531442073210097
1213,0.0001677829355047636
1214,0.0001702845019795407
1215,0.00017285619467238155
1216,0.0001754323867627702
1217,0.0001780316753560064
1218,0.0001807145943200107
1219,0.00018340220728146295
1220,0.00018610407420754455
1221,0.00018890295381833596
1222,0.0001917067303096722
1223,0.00019451541224905727
1224,0.0001974510776645766
1225,0.00020039340571107486
1226,0.00020334088161345107
1227,0.0002063420082823436
1228,0.00020942838966691644
1229,0.00021252017094103604
1230,0.0002156173615522624
1231,0.00021882613666854333
1232,0.00022206919374202994
1233,0.00022531792482260543
1234,0.0002285980616863208
1235,0.00023199823270057923
1236,0.0002354043526062352
1237,0.00023881643181137391
1238,0.00024232204388010363
1239,0.0002458915684649056
1240,0.00024946733823968275
1241,0.00025305595096147517
1242,0.00025679506680688916
1243,0.0002605407245567222
1244,0.00026429293565658456
1245,0.00026813093043559467
1246,0.00027205284786496856
1247,0.00027598162702578385
1248,0.0002799172799232142
1249,0.00028402057480393157
1250,0.0002881324827999033
1251,0.0002922515849320752
1252,0.0002964613997014707
1253,0.00030076317858632943
1254,0.00030507248380277094
1255,0.00030939353523855214
1256,0.00031389515470655965
1257,0.00031840465014436586
1258,0.00032292203533163856
1259,0.00032754142877751896
1260,0.00033225839319519005
1261,0.00033698361034707226
1262,0.0003417216622036039
1263,0.00034665356724053936
1264,0.00035159410106869936
1265,0.00035654327878487606
1266,0.0003616107508017515
1267,0.0003667742825138386
1268,0.00037194684826782784
1269,0.00037715126670676284
1270,0.00038254567731171136
1271,0.00038794952590094156
1272,0.0003933628289869986
1273,0.0003989356111946726
1274,0.00040458616817343456
1275,0.0004102466112864604
1276,0.0004159555139004241
1277,0.0004218617458461905
1278,0.000427778311251448
1279,0.0004337052281954468
1280,0.00043979994624603313
1281,0.0004459818656012772
1282,0.0004521746007546951
1283,0.0004584252964538212
1284,0.0004648820559346224
1285,0.00047135011206990033
1286,0.00047782948462409566
1287,0.0004845045327501905
1288,0.00049125767281947
1289,0.0004980226280863842
1290,0.0005048758399019588
1291,0.0005119240923389834
1292,0.0005189846762979587
1293,0.0005260576133539112
1294,0.0005333771036037863
1295,0.0005407436335792711
1296,0.0005481230519304364
1297,0.0005556468861101124
1298,0.0005633331560988863
1299,0.0005710328738758144
1300,0.0005787601800184006
1301,0.0005868036402166615
1302,0.0005948611731378723
1303,0.0006029328034034378
1304,0.0006111297367219987
1305,0.0006195580264706006
1306,0.0006280010622343019
1307,0.0006364588698124867
1308,0.0006451547911212938
1309,0.000653982532980206
1310,0.0006628257197297788
1311,0.0006716843783921339
1312,0.0006809100807282563
1313,0.0006901523126949279
1314,0.0006994107147380665
1315,0.0007088177760996263
1316,0.0007184730668471704
1317,0.0007281452503527867
1318,0.0007378343561717602
1319,0.0007478236455705771
1320,0.0007579240021243044
1321,0.000768042030116688
1322,0.0007782409922329511
1323,0.0007887842723335957
1324,0.0007993459988054443
1325,0.0008099262039219592
1326,0.0008207646837851749
1327,0.0008317852500351098
1328,0.0008428250977090532
1329,0.0008539052152901559
1330,0.0008654001330940781
1331,0.0008769151622405186
1332,0.0008884503379159477
1333,0.0009002323946241242
1334,0.0009122385208115184
1335,0.0009242656527440541
1336,0.0009363257876793101
1337,0.000948861657641488
1338,0.0009614194601807235
1339,0.0009739992336698852
1340,0.0009867819784601765
1341,0.0009998885127408882
1342,0.0010130179780244951
1343,0.0010261704144306925
1344,0.0010397190630760528
1345,0.001053416758621739
1346,0.0010671384194572962
1347,0.001080958964872364
1348,0.001095243882395631
1349,0.0011095537926036642
1350,0.0011238887392232442
1351,0.0011385493056745434
1352,0.0011534669518631754
1353,0.0011684106977492288
1354,0.0011833846754927136
1355,0.00119893001366572
1356,0.0012145025497367506
1357,0.0012301023312907841
1358,0.0012459968347678996
1359,0.0012622186300155647
1360,0.001278468806680458
1361,0.001294747414418223
1362,0.0013116150640810128
1363,0.0013285366275567912
1364,0.0013454877967538326
1365,0.0013627498110626711
1366,0.0013803642480516587
1367,0.0013980095030031025
1368,0.0014156856298355848
1369,0.0014340120076221249
1370,0.0014523733767347528
1371,0.0014707668706310938
1372,0.0014895945822186191
1373,0.0015087908545556043
1374,0.001528020712410557
1375,0.0015472842145441267
1376,0.0015670522614943236
1377,0.0015871475589156272
1378,0.0016072780147757182
1379,0.0016274436905871948
1380,0.0016482096125309033
1381,0.0016692368508100734
1382,0.0016903008780377738
1383,0.0017114017585793154
1384,0.001733225985023743
1385,0.0017552189575677608
1386,0.0017772504086944656
1387,0.0017993204057253208
1388,0.0018222663402396018
1389,0.0018452597332097
1390,0.0018682933550830017
1391,0.0018915139417005945
1392,0.0019155013811797401
1393,0.0019395307887309662
1394,0.001963602237780885
1395,0.0019880495852718765
1396,0.002013107683647783
1397,0.002038209623304417
1398,0.0020633554809457214
1399,0.0020891016800026253
1400,0.002115267828267981
1401,0.0021414797564413917
1402,0.0021677375446185893
1403,0.0021948579914297145
1404,0.002222170533460678
1405,0.002249530861112858
1406,0.0022770640657233366
1407,0.002305512541030324
1408,0.0023340107893702697
1409,0.0023625588978252064
1410,0.002391593403435527
1411,0.0024212657409440727
1412,0.0024509899927362888
1413,0.0024807662496405068
1414,0.0025113871042176075
1415,0.0025423245296266966
1416,0.002573316082697998
1417,0.0026044746394477125
1418,0.002636716987934095
1419,0.0026690157471563657
1420,0.002701371015809766
1421,0.002734130368547945
1422,0.002767778279342033
1423,0.0028014850600223853
1424,0.0028352508135867428
1425,0.00286970319408653
1426,0.0029048044319213437
1427,0.002939967082361229
1428,0.0029751912528526016
1429,0.003011433011162096
1430,0.0030480365179741523
1431,0.003084704065738093
1432,0.0031214782007048278
1433,0.0031595674739106974
1434,0.0031977233875427288
1435,0.0032359460581938386
1436,0.0032746719234611503
1437,0.003314362155081445
1438,0.0033541218281401756
1439,0.003393951064130855
1440,0.0034347370219074943
1441,0.003476080706493756
1442,0.003517496725374348
1443,0.0035589852051040667
1444,0.00360199922634656
1445,0.003645105956157871
1446,0.003688288104860312
1447,0.003731870306703043
1448,0.0037767220505426032
1449,0.00382165226632312
1450,0.0038666610913377355
1451,0.003912468264856023
1452,0.003959202309771456
1453,0.0040060181198727715
1454,0.004052915838214887
1455,0.004101066613529692
1456,0.004149746666012317
1457,0.004198511888385582
1458,0.004247377393340425
1459,0.004297980375477026
1460,0.004348671891832422
1461,0.004399452097304506
1462,0.004450856844625563
1463,0.004503534910791897
1464,0.0045563051417118645
1465,0.004609167698635274
1466,0.004663244074076266
1467,0.004718066194695893
1468,0.00477298423127353
1469,0.004827998351622001
1470,0.004884884073454851
1471,0.004941921103577204
1472,0.004999057924828755
1473,0.005056911865436912
1474,0.005116132981375325
1475,0.005175457709685668
1476,0.005234886231646308
1477,0.0052957789244650125
1478,0.005357358385434426
1479,0.00541904558489943
1480,0.005481046676193068
1481,0.0055452155844729345
1482,0.0056094967617053276
1483,0.005673890404313961
1484,0.005738469860854622
1485,0.005805431197814959
1486,0.005872509689317442
1487,0.005939705540333543
1488,0.006007018956193322
1489,0.006076851753180265
1490,0.00614682581794668
1491,0.006216922308276384
1492,0.006287141438362922
1493,0.0063599177154444264
1494,0.00643288833177545
1495,0.006505986616389411
1496,0.0065792127926524125
1497,0.006655084407464588
1498,0.006731155331884304
1499,0.006807359348837304
1500,0.0068836966911798485
1501,0.0069628223983082055
1502,0.0070421002253165735
1503,0.007121516755604538
1504,0.007201167928903427
1505,0.007283617898439443
1506,0.007366212121186002
1507,0.007448950849525873
1508,0.007532100331979673
1509,0.0076179731620905555
1510,0.007703996233994797
1511,0.007790169810552714
1512,0.007876995931661157
1513,0.007966406896928985
1514,0.008055974294255518
1515,0.00814569839733139
1516,0.008236387225099695
1517,0.008329454681093175
1518,0.008422684966483587
1519,0.008516078366154207
1520,0.008610823940004009
1521,0.008707669387653764
1522,0.008804684274614678
1523,0.00890186889733463
1524,0.00900094962330365
1525,0.009101846551058902
1526,0.00920292000653055
1527,0.009304170298568205
1528,0.009407291797695854
1529,0.00951236928328683
1530,0.009617630610831644
1531,0.009723076101976761
1532,0.0098304645096297
1533,0.009939854495389111
1534,0.010049435868183888
1535,0.010159208962861196
1536,0.01027110052965009
1537,0.010384937860764722
1538,0.010498974359919089
1539,0.010613210375573844
1540,0.010729851689090178
1541,0.010848274151982876
1542,0.010966903804988439
1543,0.011085741010602789
1544,0.011207389216607275
1545,0.011330537577560165
1546,0.011453901396981355
1547,0.011577481051832893
1548,0.011704404074927347
1549,0.011832422118983148
1550,0.011960664141426493
1551,0.012089130534125732
1552,0.012221607297903832
1553,0.01235464186806053
1554,0.012487909193437948
1555,0.012621770663303567
1556,0.012759730327921428
1557,0.012897931364626492
1558,0.013036374195718781
1559,0.013176286792646295
1560,0.013319670538578356
1561,0.01346330514648261
1562,0.013607191055262412
1563,0.01375313274170441
1564,0.013902102883188876
1565,0.014051333660512751
1566,0.014200825529679526
1567,0.014353112405163135
1568,0.014507834654961796
1569,0.014662827604395245
1570,0.014818091727074361
1571,0.014977052345970384
1572,0.01513769585958682
1573,0.015298620432584967
1574,0.015459826556700874
1575,0.015625802164201317
1576,0.015792539584397015
1577,0.01595956872577402
1578,0.01612752952709447
1579,0.016300234866224752
1580,0.016473242367910652
1581,0.016646552560810067
1582,0.01682210332631288
1583,0.017001247234479662
1584,0.01718070457001713
1585,0.017360475881291793
1586,0.017544267554872595
1587,0.017730459527802937
1588,0.017916977259282835
1589,0.018103821319253106
1590,0.018294835474504157
1591,0.018488284749528308
1592,0.01868207248035881
1593,0.01887619925915136
1594,0.019074818597582845
1595,0.01927573867787394
1596,0.019477010284769582
1597,0.019678634033293833
1598,0.019885256872962668
1599,0.020093865579457346
1600,0.02030283926445035
1601,0.02051217856650101
1602,0.0207272191310543
1603,0.020943738654367685
1604,0.021160636996814006
1605,0.021377914821167823
1606,0.02160180352716842
1607,0.021826460479787087
1608,0.02205151048865047
1609,0.022277519500870927
1610,0.022510137984111292
1611,0.022743163452959573
1612,0.02297659661946983
1613,0.023212173047911386
1614,0.02345338063435459
1615,0.02369501023375804
1616,0.023937062584467435
1617,0.02418278687524643
1618,0.024433057211013687
1619,0.02468376541577681
1620,0.02493491225562276
1621,0.025190559592822074
1622,0.025450161755248
1623,0.025710218113478248
1624,0.02597072946216474
1625,0.026237483444645434
1626,0.026507791431165197
1627,0.02677857234422114
1628,0.027049827011236198
1629,0.027323884806404165
1630,0.027605224908895394
1631,0.027887057239529108
1632,0.028169382659497904
1633,0.028452202031500985
1634,0.0287438897263023
1635,0.02903710689435467
1636,0.029330837070463432
1637,0.02962508115217725
1638,0.029925256282234487
1639,0.030230198335877183
1640,0.03053567391123975
1641,0.03084168394176113
1642,0.031150838517341125
1643,0.031467852203624885
1644,0.031785420531954364
1645,0.03210354447272014
1646,0.03242222499801058
1647,0.03275208280219304
1648,0.03308254952895313
1649,0.0334135944349706
1650,0.03374521853181612
1651,0.03408378406274322
1652,0.034427554411047216
1653,0.03477192621440071
1654,0.035116900525097285
1655,0.03546461111601517
1656,0.035822099993557635
1657,0.03618021432785663
1658,0.036538955213198686
1659,0.03689832374578468
1660,0.03726790114714529
1661,0.03764018354014372
1662,0.03801311727238077
1663,0.03838670348342625
1664,0.03876684455603203
1665,0.03915398095142938
1666,0.039541794674375914
1667,0.03993028690991009
1668,0.04032044494197666
1669,0.04072287173025836
1670,0.041126002597900606
1671,0.041529838776746285
1672,0.04193438150079347
1673,0.04234876705401753
1674,0.04276766069210858
1675,0.043187287219677364
1676,0.04360764791897233
1677,0.044033633217438944
1678,0.044468743818146174
1679,0.04490461568125167
1680,0.045341250138644484
1681,0.04577949245542197
1682,0.046231282872906426
1683,0.0466838637355107
1684,0.04713723642618124
1685,0.047591402330284
1686,0.04805736560977808
1687,0.04852712790990776
1688,0.04899771209845141
1689,0.049469119613368
1690,0.04994913745697537
1691,0.05043656250490687
1692,0.050924840343691435
1693,0.051413972465354334
1694,0.05190880233385491
1695,0.05241438041162502
1696,0.05292084304047557
1697,0.05342819176799863
1698,0.0539386234655751
1699,0.05446285392787656
1700,0.05498800157514729
1701,0.05551406801207496
1702,0.05604105484615477
1703,0.056584315572984024
1704,0.05712865765806353
1705,0.05767395211505477
1706,0.05822020061020781
1707,0.05878115890172869
1708,0.05934521413903796
1709,0.05991025623804678
1710,0.060476286925347525
1711,0.06105583931784857
1712,0.06164013582238499
1713,0.06222545460238865
1714,0.06281179744641104
1715,0.06341087488749773
1716,0.0640159502819829
1717,0.06462208430631707
1718,0.06522927881265672
1719,0.06584884715310836
1720,0.06647524867679962
1721,0.0671027461421613
1722,0.06773134146662953
1723,0.06837240194812177
1724,0.06902068656735386
1725,0.06967010541453489
1726,0.07032066047408604
1727,0.07098425021308051
1728,0.07165498473359715
1729,0.07232689276001357
1730,0.07299997634547113
1731,0.07368716881358747
1732,0.07438092999473427
1733,0.07507590496881895
1734,0.07577209585946769
1735,0.07648400136067246
1736,0.07720137603151953
1737,0.07792000580904698
1738,0.07863989288916237
1739,0.07937765903413053
1740,0.08011924421160325
1741,0.08086212685402795
1742,0.08160630923142152
1743,0.08237112140943885
1744,0.0831375244185269
1745,0.08390526831340238
1746,0.08467698166054533
1747,0.0854674372888515
1748,0.08625927588498286
1749,0.08705249986854974
1750,0.08785325153280196
1751,0.08866972553735243
1752,0.08948762803101251
1753,0.09030696151303558
1754,0.0911380456668611
1755,0.09198117592413557
1756,0.0928257813078204
1757,0.09367186439876438
1758,0.09453461479135852
1759,0.09540504997034557
1760,0.09627700804794151
1761,0.09715049168857647
1762,0.09804628210996855
1763,0.09894468180383692
1764,0.09984465332252353
1765,0.10075102839263338
1766,0.10167644416136062
1767,0.10260347902174749
1768,0.10353213580652126
1769,0.10447531120648283
1770,0.10543281354317634
1771,0.10639199110960891
1772,0.10735284683672565
1773,0.10832495909620055
1774,0.10931535433775058
1775,0.11030748235786997
1776,0.11130134618818983
1777,0.11230383944788526
1778,0.11332794687778523
1779,0.1143538460684867
1780,0.11538154015481449
1781,0.11641591033788286
1782,0.11747456229866529
1783,0.1185350664587309
1784,0.11959742605864618
1785,0.12066522141092595
1786,0.12175926341592298
1787,0.12285521953797755
1788,0.12395309312598597
1789,0.12505591474404068
1790,0.12618620558967708
1791,0.12731847397267826
1792,0.128452723352899
1793,0.12959222570055326
1794,0.13075963757952883
1795,0.1319290919421464
1796,0.13310059236188937
1797,0.1342784837757036
1798,0.1354839023911558
1799,0.13669142998613487
1800,0.13790107025046466
1801,0.13911911343446948
1802,0.14036343811515728
1803,0.14160993984470455
1804,0.14285862243202693
1805,0.1441199627080401
1806,0.14540862008886346
1807,0.1466995320822215
1808,0.14799270263273268
1809,0.1492881356919182
1810,0.15061699000781853
1811,0.15195344109856854
1812,0.15329223042083476
1813,0.1546333620655334
1814,0.15599359893183598
1815,0.15737673580291095
1816,0.15876229258607724
1817,0.1601502735151572
1818,0.1615436223107709
1819,0.16297460964999327
1820,0.16440810061959563
1821,0.16584409959987223
1822,0.1672826109787809
1823,0.16875238182873692
1824,0.17023499190231306
1825,0.17172019592443
1826,0.17320799843340123
1827,0.17471549843478595
1828,0.17624843087920825
1829,0.17778404531524922
1830,0.17932234643525952
1831,0.18086953363056624
1832,0.18245401022165067
1833,0.18404125898502433
1834,0.1856312847708153
1835,0.1872240924376383
1836,0.18885745197926532
1837,0.19049757768704126
1838,0.19214057292973966
1839,0.19378644272783183
1840,0.1954646087224436
1841,0.19715887286023134
1842,0.1988561012525146
1843,0.20055629908548325
1844,0.2022824296594257
1845,0.2040340227304934
1846,0.20578868035767262
1847,0.20754640790263884
1848,0.2093151488221743
1849,0.21112545039348285
1850,0.21293891923617989
1851,0.2147555608916491
1852,0.2165753809109684
1853,0.2184395496351172
1854,0.2203132325427341
1855,0.22219019361250308
1856,0.2240704385798192
1857,0.22598368524568405
1858,0.22792039254329183
1859,0.2298604882693208
1860,0.2318039783520845
1861,0.23376289648248394
1862,0.23576412119742596
1863,0.23776884721922625
1864,0.23977708067368825
1865,0.24178882769733248
1866,0.2438513643612279
1867,0.24592223770819233
1868,0.24799673421790638
1869,0.2500748602293682
1870,0.25218922336845184
1871,0.25432778261079736
1872,0.2564700834378287
1873,0.25861613239573317
1874,0.26078495609820274
1875,0.262992761499226
1876,0.2652044296366741
1877,0.2674199672686979
1878,0.26964597802254836
1879,0.27192461169263193
1880,0.2742072320189045
1881,0.2764938459763233
1882,0.27878446055204925
1883,0.2811309292884274
1884,0.2834861087234342
1885,0.2858454087375894
1886,0.2882088365401583
1887,0.290619470176651
1888,0.293048837839942
1889,0.29548245588065447
1890,0.29792033173514537
1891,0.3003981510383587
1892,0.30290335840926386
1893,0.3054129488452545
1894,0.30792693001483457
1895,0.3104750503290182
1896,0.31305777140881635
1897,0.3156450111701589
1898,0.3182367775188205
1899,0.32085840924782666
1900,0.3235203407239484
1901,0.32618692946655914
1902,0.328858183623898
1903,0.3315566326937727
1904,0.33429949410610016
1905,0.33704715437832966
1906,0.3397996219064271
1907,0.3425782902094616
1908,0.34540382411873266
1909,0.34823430153006146
1910,0.3510697310924766
1911,0.3539321169134957
1912,0.35684208907182524
1913,0.35975715246368756
1914,0.36267731599657954
1915,0.3656270144222574
1916,0.36862321394584563
1917,0.3716246555646387
1918,0.3746313484500759
1919,0.37767205176206486
1920,0.3807562913060675
1921,0.38384592697832554
1922,0.38694096821976987
1923,0.3900764662723874
1924,0.39325058220802095
1925,0.3964302515178335
1926,0.39961548391786855
1927,0.4028549825020248
1928,0.4061293517711688
1929,0.40940944981570865
1930,0.41269528665856525
1931,0.41601037703516425
1932,0.4193871907399736
1933,0.4227699124548984
1934,0.4261585525164431
1935,0.4295531212791975
1936,0.43303516997549935
1937,0.43652335822179306
1938,0.4400176493368153
1939,0.4435180539979892
1940,0.4470835357900414
1941,0.45068022490563164
1942,0.4542832067208688
1943,0.4578924922452996
1944,0.46154225547576366
1945,0.46524978857651406
1946,0.4689638083072899
1947,0.47268432601693205
1948,0.4764225009518217
1949,0.4802432525704812
1950,0.48407068890396987
1951,0.48790482164769305
1952,0.49174566251751756
1953,0.4956720401787042
1954,0.4996153036131471
1955,0.5035654661065422
1956,0.5075225397293046
1957,0.5115477959486037
1958,0.5156093291437662
1959,0.5196779683202164
1960,0.5237537259103957
1961,0.5278823811858909
1962,0.5320646475940038
1963,0.5362542312157375
1964,0.5404511448530983
1965,0.5446878882258341
1966,0.5489933725480274
1967,0.5533063896633468
1968,0.5576269527509697
1969,0.5619766402012166
1970,0.5664078571970924
1971,0.5708468269653612
1972,0.5752935630700705
1973,0.5797611841103774
1974,0.5843206787884573
1975,0.5888881506708816
1976,0.5934636137143567
1977,0.5980542915251938
1978,0.602744639336248
1979,0.6074431932895415
1980,0.6121499677423244
1981,0.6168689592846709
1982,0.62169276631794
1983,0.626525012990892
1984,0.6313657140692994
1985,0.6362184101754456
1986,0.6411783133577841
1987,0.6461468942907523
1988,0.6511241681567117
1989,0.6561160936005044
1990,0.6612147608984551
1991,0.6663223487257872
1992,0.6714388726896199
1993,0.6765756862373475
1994,0.6818158168621646
1995,0.6870651155175883
1996,0.6923235982437581
1997,0.6976110926868393
1998,0.7029954173025076
1999,0.7083891622275065
2000,0.7137923439433536
2001,0.7192364461139906
2002,0.7247677270482111
2003,0.7303086854033827
2004,0.7358593381108613
2005,0.7414661088817324
2006,0.747147140339941
2007,0.7528381112193923
2008,0.7585390389098292
2009,0.7643146731789249
2010,0.7701482814613313
2011,0.7759920961100939
2012,0.7818461349819942
2013,0.7877969616436368
2014,0.7937860053653248
2015,0.7997855273998398
2016,0.8057955460797535
2017,0.8119280279828208
2018,0.8180753982969112
2019,0.8242335239285884
2020,0.8304255549263735
2021,0.836723157589434
2022,0.8430317784133742
2023,0.849351436675265
2024,0.8557363448659698
2025,0.8621978681580719
2026,0.8686706964029897
2027,0.8751548493795551
2028,0.8817394814638372
2029,0.888367910299998
2030,0.8950079361032398
2031,0.9016644362499494
2032,0.9084509154600575
2033,0.9152492681587541
2034,0.9220595151195652
2035,0.9289276785786098
2036,0.9358868315055348
2037,0.9428581600271544
2038,0.9498416854455493
2039,0.9569287416799899
2040,0.9640636487782046
2041,0.9712110389666992
2042,0.9783832437033366
2043,0.9856842458096917
2044,0.9929980216025133
2045,1.0003245934302882
2046,1.0077283450026016
2047,1.015211046745824
2048,1.0227068400731263
2049,1.0302157478891734
2050,1.0378586571869002
2051,1.0455262364145284
2052,1.0532072306837212
2053,1.0609495249956975
2054,1.0687914742008569
2055,1.0766471435214338
2056,1.084516556961751
2057,1.0925113744003132
2058,1.1005443271496775
2059,1.1085913341899305
2060,1.1166948870713067
2061,1.1249077514763464
2062,1.133134984941694
2063,1.1413766126070513
2064,1.1497465154334383
2065,1.1581566281057527
2066,1.166581454939442
2067,1.1750698468344951
2068,1.1836655115267978
2069,1.1922762150181248
2070,1.200901983619923
2071,1.2096710118595204
2072,1.2184702896406443
2073,1.227284962457569
2074,1.236182801043733
2075,1.245173728561208
2076,1.2541803864205299
2077,1.2632100522941205
2078,1.2723953917919626
2079,1.2815968017704449
2080,1.290814310346017
2081,1.3001450555297265
2082,1.3095440064658246
2083,1.318959401612173
2084,1.3284400452913043
2085,1.3380664303910406
2086,1.3477096576147054
2087,1.3573697564287852
2088,1.3671045125808023
2089,1.3769791975169936
2090,1.3868711589967653
2091,1.396780427246651
2092,1.4067784060244495
2093,1.4169059014866852
2094,1.4270511158039305
2095,1.4372140799765698
2096,1.4474845587418874
2097,1.4578694374559886
2098,1.4682724853368398
2099,1.478693734172672
2100,1.4892461572248077
2101,1.4998930555791123
2102,1.5105585815235936
2103,1.5212427676485272
2104,1.5320867460667478
2105,1.5430003658401368
2106,1.5539330798532316
2107,1.564884921512739
2108,1.576030233113084
2109,1.5872153433132223
2110,1.5984200227463072
2111,1.6096594739191108
2112,1.621100895070828
2113,1.6325623338911888
2114,1.6440438254024976
2115,1.6556012155711954
2116,1.6673233836191963
2117,1.6790660605239343
2118,1.6908292821670825
2119,1.702714842865354
2120,1.714722732064272
2121,1.7267516300108299
2122,1.738801573461294
2123,1.7510257022484965
2124,1.7633243625847128
2125,1.7756445403947796
2126,1.7879870000260178
2127,1.8005681525252517
2128,1.8131713167399903
2129,1.8257965311812578
2130,1.838472835357357
2131,1.851363038803913
2132,1.864275794674065
2133,1.8772111424248457
2134,1.8902329639238773
2135,1.9034373463708627
2136,1.9166648309214287
2137,1.9299154579942988
2138,1.9432946723574516
2139,1.956818411359911
2140,1.9703658112044165
2141,1.983936913287252
2142,1.9976855977586274
2143,2.011533920721195
2144,2.025406472409989
2145,2.0393032952148333
2146,2.0534337276915355
2147,2.067611912221321
2148,2.081814902595048
2149,2.096079373874402
2150,2.110567400203569
2151,2.1250807744684312
2152,2.1396195410169434
2153,2.1542873035253964
2154,2.1691153038717528
2155,2.1839692469639487
2156,2.198849178190593
2157,2.2139330826119115
2158,2.229106477877037
2159,2.2443064201823817
2160,2.259548900253461
2161,2.2750460494445766
2162,2.2905703121078944
2163,2.306121735680286
2164,2.32180297421517
2165,2.337655892795844
2166,2.353536547293946
2167,2.36944498623535
2168,2.3855783970506845
2169,2.4017926520595454
2170,2.418035275170973
2171,2.434353254664418
2172,2.450905506326953
2173,2.4674867174426645
2174,2.484096938678086
2175,2.5008907605741983
2176,2.5178149902539286
2177,2.5347688301901554
2178,2.5517642584395226
2179,2.5690359640928655
2180,2.5863378879380368
2181,2.6036700828438066
2182,2.621165701777285
2183,2.638820201764287
2184,2.6565055896703034
2185,2.6742219195358405
2186,2.6922320530281962
2187,2.7102751612302005
2188,2.728349837250189
2189,2.7465899136765106
2190,2.764995296808183
2191,2.7834328815849467
2192,2.801911229029167
2193,2.8207108834318704
2194,2.8395434292868127
2195,2.8584089241397903
2196,2.877376549158362
2197,2.8966092269085046
2198,2.915875553717381
2199,2.93517558845627
2200,2.9546481915648632
2201,2.9743205583224084
2202,2.994027343407198
2203,3.0137686070364014
2204,3.0337621199954308
2205,3.0538809013126818
2206,3.0740348819924974
2207,3.094224123618504
2208,3.1147547065012016
2209,3.135326688282595
2210,3.1559346623342472
2211,3.1766674351829405
2212,3.1976627312611354
2213,3.2186947602294578
2214,3.239763586354531
2215,3.261061946723784
2216,3.282523382457244
2217,3.304022366626499
2218,3.3255589649250203
2219,3.347439723202672
2220,3.3693742562035545
2221,3.391347165358695
2222,3.4134632041349007
2223,3.435838706501262
2224,3.4582533565304563
2225,3.4807072227138955
2226,3.5034353950710146
2227,3.5262972459654036
2228,3.54919909542503
2229,3.5721842241065462
2230,3.595498766010274
2231,3.6188540984956097
2232,3.642250292928346
2233,3.6658780723704365
2234,3.6896924180203037
2235,3.713548428694958
2236,3.737455542674093
2237,3.7617344622041964
2238,3.786055859565311
2239,3.810419809075176
2240,3.8350008599590515
2241,3.8597932452732095
2242,3.884629006764176
2243,3.9095132550155847
2244,3.934847236999148
2245,3.960225542722855
2246,3.985648249733996
2247,4.011115435715509
2248,4.036997174324385
2249,4.062970170562468
2250,4.088988608542456
2251,4.115052567767623
2252,4.141497549628818
2253,4.168074077990583
2254,4.194697104017684
2255,4.221366709060804
2256,4.248395757835183
2257,4.275584732026185
2258,4.3028212754010555
2259,4.330105471185162
2260,4.357739709426441
2261,4.385550115897502
2262,4.413409178793332
2263,4.44131698324147
2264,4.469577829046684
2265,4.498018727650658
2266,4.526509385771087
2267,4.555049890465442
2268,4.583959054224361
2269,4.613039578881079
2270,4.642170982126301
2271,4.671353352975379
2272,4.700932834218595
2273,4.73066219358818
2274,4.7604435667294425
2275,4.7902770446438065
2276,4.820549128989071
2277,4.850936607153512
2278,4.881377250515894
2279,4.9118711520921154
2280,4.942858408288514
2281,4.973913365441664
2282,5.005022655595246
2283,5.036235198084147
2284,5.067911650877627
2285,5.09964352402323
2286,5.131430914482384
2287,5.163398659416701
2288,5.195760343860764
2289,5.228178647518836
2290,5.260653669449811
2291,5.293399990051002
2292,5.326456482142504
2293,5.359570809063679
2294,5.392743072000218
2295,5.426291613452292
2296,5.460052568003262
2297,5.4938725898912635
2298,5.527751782458319
2299,5.56212645942662
2300,5.596601610793437
2301,5.631137079035485
2302,5.665820277132421
2303,5.700957963924234
2304,5.736157126744612
2305,5.7714178731497245
2306,5.806969756829741
2307,5.842840068959073
2308,5.878773138896988
2309,5.914769076442197
2310,5.951214325159068
2311,5.987827222643066
2312,6.024504177141314
2313,6.061318451975962
2314,6.098695842735431
2315,6.136138628045046
2316,6.1736469223166415
2317,6.211220840162214
2318,6.249397313825146
2319,6.287681749458581
2320,6.326033166580901
2321,6.364451682380416
2322,6.403381374494529
2323,6.442519311487129
2324,6.481725723229662
2325,6.521000729522931
2326,6.560711311222066
2327,6.600714689956664
2328,6.640788057592636
2329,6.6809315365798705
2330,6.721451057898073
2331,6.762331909023234
2332,6.80328428424954
2333,6.8443083087127965
2334,6.885665193308658
2335,6.9274356386678795
2336,6.969279164535895
2337,7.011195898771509
2338,7.053418938823802
2339,7.096091192395105
2340,7.1388381042519224
2341,7.181659805013483
2342,7.2247781562866775
2343,7.268364525132665
2344,7.312027151572814
2345,7.355766169024424
2346,7.399809346102511
2347,7.444322231330426
2348,7.488912995157603
2349,7.533581773837376
2350,7.578579645524029
2351,7.624031543255666
2352,7.66956296245436
2353,7.715174042247723
2354,7.761156827130749
2355,7.807560329481769
2356,7.854045018198283
2357,7.900611035320714
2358,7.947609299929061
2359,7.994977100423313
2360,8.0424277743895
2361,8.089961466819739
2362,8.138006102069843
2363,8.186350988001236
2364,8.234780456883126
2365,8.283294656698445
2366,8.332416905314203
2367,8.381751762966248
2368,8.431172935592627
2369,8.480680574206543
2370,8.53091144879696
2371,8.58124868334219
2372,8.6316739865891
2373,8.682295637597095
2374,8.733557764904923
2375,8.784909579078686
2376,8.836351237030883
2377,8.888000758228486
2378,8.939932108495354
2379,8.992150007833644
2380,9.044574136431756
2381,9.097365819189495
2382,9.150376296049524
2383,9.204015618464052
2384,9.257748786810238
2385,9.311575965277086
2386,9.3659586908116
2387,9.420654083739974
2388,9.475445170267335
2389,9.530332117815254
2390,9.586063900928291
2391,9.641909677975601
2392,9.697853161297525
2393,9.753894521836898
2394,9.81070518460759
2395,9.867716276556576
2396,9.924827113578019
2397,9.982037870181719
2398,10.039963642663361
2399,10.09815508739223
2400,10.156448342300974
2401,10.214843585512414
2402,10.273921812601142
2403,10.333309739872671
2404,10.392801570651397
2405,10.452397486722523
2406,10.51266143817014
2407,10.573261099099433
2408,10.633966783545926
2409,10.694778677003843
2410,10.756351022941729
2411,10.818297867892552
2412,10.88035309335048
2413,10.942516888933428
2414,11.00492605884155
2415,11.068237626618366
2416,11.131659962577297
2417,11.195193260513593
2418,11.258837714561594
2419,11.323175050141208
2420,11.387982177813367
2421,11.45290269024948
2422,11.517936785822641
2423,11.583205696733735
2424,11.649415410625867
2425,11.715740963200915
2426,11.782182557125305
2427,11.848740395419913
2428,11.91605620954666
2429,11.983804743039281
2430,12.051671807481778
2431,12.119657610250755
2432,12.188001992670063
2433,12.257191564654361
2434,12.326502188781776
2435,12.39593407683985
2436,12.46548744098664
2437,12.535999827285874
2438,12.606772218932301
2439,12.677668431969128
2440,12.748688683028794
2441,12.82033821016759
2442,12.892609395329528
2443,12.965007024120874
2444,13.037531317761772
2445,13.110283886902836
2446,13.18407277908459
2447,13.257990770224838
2448,13.332038086189385
2449,13.406214953239171
2450,13.481264813749153
2451,13.556722245893246
2452,13.632311696215444
2453,13.708033395688828
2454,13.78428883273487
2455,13.86130491862033
2456,13.938455749651348
2457,14.015741561571971
2458,14.093249055372258
2459,14.17184314387025
2460,14.25057473833303
2461,14.329444079334895
2462,14.408451407870924
2463,14.488442161729393
2464,14.568774040791439
2465,14.649246466195205
2466,14.729859683834194
2467,14.811208094098518
2468,14.89315991946186
2469,14.975255125368731
2470,15.057493962671153
2471,15.140247942413891
2472,15.223839518423864
2473,15.307577343827809
2474,15.391461674496941
2475,15.475669585890419
2476,15.560920861662327
2477,15.646321290580547
2478,15.731871133596623
2479,15.817581780276234
2480,15.904512851840636
2481,15.991596015462722
2482,16.078831537235715
2483,16.166219683718325
2484,16.254802638809828
2485,16.34367640873876
2486,16.432705669600168
2487,16.521890693433726
2488,16.611778573919104
2489,16.702464452276505
2490,16.79330899196696
2491,16.884312470576866
2492,16.97555956526288
2493,17.068079194784616
2494,17.160760693904926
2495,17.253604345823177
2496,17.346610434234314
2497,17.44064062255666
2498,17.535180904644132
2499,17.629886591589397
2500,17.72475797277691
2501,17.820269653990092
2502,17.916690687659
2503,18.01328041668057
2504,18.11003913619614
2505,18.20708813483333
2506,18.305412035917904
2507,18.403907961542682
2508,18.50257621267352
2509,18.601417090802848
2510,18.701467867712147
2511,18.801892294092873
2512,18.902492420013818
2513,19.003268552870473
2514,19.104982023043416
2515,19.207357406108823
2516,19.309911902036283
2517,19.412645824192968
2518,19.516148851874526
2519,19.620665861623316
2520,19.72536573114581
2521,19.830248780364528
2522,19.935315329761725
2523,20.041558972407582
2524,20.14842939015471
2525,20.2554867851092
2526,20.362731484397145
2527,20.470177678289758
2528,20.5792439748075
2529,20.688501090360592
2530,20.797949358796544
2531,20.907589114547065
2532,21.017951674654153
2533,21.129434044585082
2534,21.241111460620772
2535,21.352984264004192
2536,21.465052796575293
2537,21.578429082730217
2538,21.692361386872477
2539,21.806493023429763
2540,21.920824341144083
2541,22.035630717220336
2542,22.151843814884998
2543,22.26826023535459
2544,22.38488033435245
2545,22.501704468224244
2546,22.6197374608822
2547,22.738515482684214
2548,22.857501314782404
2549,22.976695320751062
2550,23.096097983891458
2551,23.217264698040065
2552,23.338643401649485
2553,23.46023446560567
2554,23.582038261443426
2555,23.704660038023377
2556,23.828458927250207
2557,23.952474411087213
2558,24.076706868477206
2559,24.201156679025964
2560,24.327101353264855
2561,24.453568797914414
2562,24.580257505972295
2563,24.707167864549575
2564,24.834725263446607
2565,24.96367239195001
2566,25.09284512221973
2567,25.222243848956843
2568,25.351868967552996
2569,25.482941077870624
2570,25.614625787391077
2571,25.74654088823883
2572,25.878686783494505
2573,26.01153185373321
2574,26.14575668809348
2575,26.28021635788277
2576,26.414911273956793
2577,26.54984184789004
2578,26.686396122786373
2579,26.823428748278946
2580,26.96070112159674
2581,27.09821366218986
2582,27.236703498024436
2583,27.376337660953023
2584,27.516216123252146
2585,27.65633931233497
2586,27.796839325492805
2587,27.93910380559307
2588,28.08161718696037
2589,28.224379905059035
2590,28.36739239611523
2591,28.51188899783768
2592,28.657066329735986
2593,28.802497659104883
2594,28.948183430324665
2595,29.094856157792638
2596,29.24272667608032
2597,29.390855903726965
2598,29.539244293356507
2599,29.688193663861384
2600,29.83893496232397
2601,29.989939992745274
2602,30.14120921653627
2603,30.292743095915267
2604,30.445560087580205
2605,30.59947516930856
2606,30.75365953571251
2607,30.90811365791776
2608,31.06283800787424
2609,31.219636213500447
2610,31.37677047516517
2611,31.53417965364551
2612,31.691864229920736
2613,31.850599130286074
2614,32.01071849905497
2615,32.1711180072582
2616,32.33179814501216
2617,32.492759403290606
2618,32.655681332335966
2619,32.81910691954871
2620,32.98281843061267
2621,33.14681636576422
2622,33.311837983249276
2623,33.47832589107724
2624,33.6451050804629
2625,33.81217606101609
2626,33.97953934323818
2627,34.14895574693829
2628,34.318839430014194
2629,34.489020335747306
2630,34.65949898414158
2631,34.83117866314493
2632,35.00420418351713
2633,35.177532423370174
2634,35.35116391232485
2635,35.5251781946102
2636,35.70138344273942
2637,35.87789697346379
2638,36.05471932613691
2639,36.23185104105594
2640,36.41056273728399
2641,36.59030008286447
2642,36.77035189063982
2643,36.95071871077498
2644,37.13192905647107
2645,37.314929328357906
2646,37.49824977111255
2647,37.681890944887385
2648,37.86585341081478
2649,38.051973800937326
2650,38.238602668159906
2651,38.4255580546761
2652,38.61284053174493
2653,38.801624141575715
2654,38.99160185436653
2655,39.181911945442444
2656,39.37255499631297
2657,39.56407257844291
2658,39.75744021244303
2659,39.951146155582904
2660,40.14519099974822
2661,40.339575337860204
2662,40.53659050237827
2663,40.73402147706533
2664,40.93179786992797
2665,41.12992028528932
2666,41.328640475164164
2667,41.52983525945588
2668,41.73138204691657
2669,41.9332814533899
2670,42.135534095796935
2671,42.33881644259851
2672,42.544172729034514
2673,42.74988829941127
2674,42.955963782310356
2675,43.16239980741298
2676,43.3704004644913
2677,43.579971634471235
2678,43.78990946255572
2679,44.00021459022762
2680,44.21088766009194
2681,44.42376361676199
2682,44.63760356242102
2683,44.851817634633996
2684,45.06640648794989
2685,45.28149774611253
2686,45.49927985371441
2687,45.71744298489528
2688,45.93598780627079
2689,46.15491498562254
2690,46.37517344995104
2691,46.59732603122345
2692,46.81986728244721
2693,47.04279788361525
2694,47.2661185159101
2695,47.49170350670951
2696,47.71828193094723
2697,47.945256768378265
2698,48.17262871254254
2699,48.400813485377085
2700,48.63147011132031
2701,48.8625302854866
2702,49.093994713898645
2703,49.32586410381432
2704,49.55967152726191
2705,49.794858428773104
2706,50.03045680445641
2707,50.266467374201
2708,50.503141137130086
2709,50.74264464878079
2710,50.98256718673979
2711,51.22290948410896
2712,51.46367227527268
2713,51.70578755667784
2714,51.95007633039327
2715,52.194792502476
2716,52.43993682067499
2717,52.685510034047304
2718,52.93324526463446
2719,53.18237777957651
2720,53.431946167255234
2721,53.681951190245485
2722,53.93239361245626
2723,54.18592767701095
2724,54.4399630021196
2725,54.69444277767624
2726,54.94936778126262
2727,55.20570558191233
2728,55.46425104197398
2729,55.72324884319486
2730,55.982699776961546
2731,56.24260463604521
2732,56.50507504804913
2733,56.76863448221927
2734,57.03265502974294
2735,57.297137497353816
2736,57.56270084153851
2737,57.83086585412902
2738,58.099500037763995
2739,58.36860421327418
2740,58.63817920292616
2741,58.91033656942746
2742,59.183805354378656
2743,59.457752589582974
2744,59.73217911210519
2745,60.00708576047452
2746,60.28532400881433
2747,60.564162028879636
2748,60.84348789293468
2749,61.123302454478626
2750,61.40434046440822
2751,61.68811733369416
2752,61.972390687730886
2753,62.257161395134744
2754,62.54243032604164
2755,62.82990474847434
2756,63.11917408499583
2757,63.4089495156007
2758,63.69923192571717
2759,63.990022202322066
2760,64.28412612093163
2761,64.57895520124652
2762,64.87430010267877
2763,65.1701617276738
2764,65.46753628204821
2765,65.76746829221787
2766,66.06792505132694
2767,66.36890747744022
2768,66.67041649022848
2769,66.97478008695961
2770,67.28039842878593
2771,67.5865514680523
2772,67.89324014022837
2773,68.2011833466312
2774,68.51201335927486
2775,68.82338718742388
2776,69.13530578250037
2777,69.44777009759044
2778,69.76306443931334
2779,70.07970960010898
2780,70.39690875027625
2781,70.71466285903615
2782,71.03384774370053
2783,71.35581515324054
2784,71.67834586367472
2785,72.00144086051456
2786,72.32510113099572
2787,72.65200178319877
2788,72.97991543632877
2789,73.30840279357136
2790,73.63746485863858
2791,73.96856892295136
2792,74.30191728268976
2793,74.63584885480924
2794,74.97036465965628
2795,75.30581751002487
2796,75.64465272596738
2797,75.98408075379501
2798,76.32410263064885
2799,76.66471939548452
2800,77.00854850305363
2801,77.35368306343527
2802,77.69942145668058
2803,78.04576473921186
2804,78.3936605388875
2805,78.74455601522028
2806,79.09606540339817
2807,79.4481897774766
2808,79.80093021339013
2809,80.15702013098633
2810,80.5143553950566
2811,80.87231583765666
2812,81.23090255255278
2813,81.59139746743335
2814,81.9546138948193
2815,82.31846579008939
2816,82.68295426501123
2817,83.04808043329773
2818,83.41716491294413
2819,83.78696405650614
2820,84.15741018469028
2821,84.52850442941268
2822,84.90233401590592
2823,85.27813661913434
2824,85.65459671029694
2825,86.03171543968551
2826,86.41047254697764
2827,86.79242208270419
2828,87.17503986068776
2829,87.55832705003465
2830,87.9422848218966
2831,88.32997865372087
2832,88.71881336342666
2833,89.10832836128213
2834,89.49852483746785
2835,89.89114336289799
2836,90.28625474568565
2837,90.68205739792678
2838,91.07855252901373
2839,91.4762550023159
2840,91.87770330274716
2841,92.2798539593336
2842,92.68270820086352
2843,93.08626725827536
2844,93.49388541392385
2845,93.90291064287743
2846,94.31265148412895
2847,94.72310918965835
2848,95.13428501363592
2849,95.55019849980317
2850,95.96688950717478
2851,96.38430953842926
2852,96.80245986901022
2853,97.22210781684181
2854,97.64581301609208
2855,98.07025951084312
2856,98.49544859800754
2857,98.92138157676706
2858,99.34981428842207
2859,99.78135184849152
2860,100.21364440708184
2861,100.64669328507901
2862,101.0804998056796
2863,101.51798083597427
2864,101.95744205043808
2865,102.39767212616023
2866,102.83867240827942
2867,103.28054230953987
2868,103.7272378386697
2869,104.174714885779
2870,104.62297481814923
2871,105.07201900545401
2872,105.52342964816245
2873,105.97821992020138
2874,106.43380587227523
2875,106.89018889644174
2876,107.34737038719398
2877,107.80865597330776
2878,108.2717240397631
2879,108.73560226856105
2880,109.20029207709577
2881,109.66628675954847
2882,110.13729775786727
2883,110.60913281499896
2884,111.08179337264964
2885,111.5552808750476
2886,112.02984568049983
2887,112.5097126932857
2888,112.99041925880714
2889,113.47196684587666
2890,113.95435692587645
2891,114.43778469800131
2892,114.92661327167198
2893,115.41629707665314
2894,115.90683760918692
2895,116.39823636813277
2896,116.89082037428913
2897,117.38871729068323
2898,117.88748530377676
2899,118.38712593756765
2900,118.88764071872028
2901,119.38967467163516
2902,119.89674797407676
2903,120.4047084276265
2904,120.91355758436953
2905,121.42329699910626
2906,121.93507508153064
2907,122.45143410194368
2908,122.96869651914847
2909,123.48686391365189
2910,124.0059378687254
2911,124.52775476115433
2912,125.05351014824465
2913,125.58018537138891
2914,126.10778203985387
2915,126.6363017657213
2916,127.16845267732909
2917,127.70371642589956
2918,128.23991664571903
2919,128.77705497515737
2920,129.31513305545025
2921,129.85791375842194
2922,130.40279923989766
2923,130.94863802615896
2924,131.49543178502566
2925,132.0432357049201
2926,132.5968890546862
2927,133.15151104892385
2928,133.7071033822891
2929,134.26366775240274
2930,134.82264703112506
2931,135.38613590756185
2932,135.95061063603495
2933,136.5160729413052
2934,137.08252455115
2935,137.65297623324923
2936,138.22641812854172
2937,138.8008632889861
2938,139.3763134698066
2939,139.95277042929771
2940,140.53499227204134
2941,141.118506188196
2942,141.70304099080968
2943,142.2885984659343
2944,142.8768013473408
2945,143.46947092938635
2946,144.0631774160213
2947,144.65792262132118
2948,145.25370836253492
2949,145.8542576397646
2950,146.4572637816729
2951,147.0613249122861
2952,147.66644287731688
2953,148.27326316786136
2954,148.88565204615736
2955,149.49911232854603
2956,150.1136458894585
2957,150.72925460660545
2958,151.34883213747057
2959,151.9717754731128
2960,152.59580867816865
2961,153.22093365937369
2962,153.84729578875235
2963,154.4798067624254
2964,155.1134243443803
2965,155.74815047063686
2966,156.38398708060217
2967,157.02391371280316
2968,157.66760410805023
2969,158.31242067028765
2970,158.95836536975258
2971,159.6054401801293
2972,160.25771546822992
2973,160.91270877773147
2974,161.5688480289784
2975,162.22613522680308
2976,162.88457237954552
2977,163.54955710731917
2978,164.21597798289628
2979,164.8835647930477
2980,165.552319577583
2981,166.22350936420415
2982,166.90029955082508
2983,167.5782738134217
2984,168.25743422354122
2985,168.93778285635435
2986,169.6223584627109
2987,170.31080863781935
2988,171.0004632883473
2989,171.69132452153
2990,172.38339444828915
2991,173.0817170482022
2992,173.7819551797635
2993,174.4834184100633
2994,175.18610888241665
2995,175.89154827571576
2996,176.60245975949388
2997,177.31461501532038
2998,178.02801621917854
2999,178.7426655508582
3000,179.4625283606396
3001,180.18546630682403
3002,180.90966906563244
3003,181.63513884985815
3004,182.3627138054683
3005,183.09652574801058
3006,183.83162152750566
3007,184.5680033900286
3008,185.305673585584
3009,186.04834831427812
3010,186.79442922724184
3011,187.54181544199162
3012,188.29050924215454
3013,189.0414905113064
3014,189.79864932231266
3015,190.55713281615087
3016,191.31694331035422
3017,192.07808312651025
3018,192.84484052377468
3019,193.6145148812562
3020,194.38553581777654
3021,195.15790568917592
3022,195.9335631150645
3023,196.71452258319306
3024,197.4968483739152
3025,198.28054287761137
3026,199.06560848884337
3027,199.8577184639864
3028,200.65144418917546
3029,201.4465585717719
3030,202.2430640412295
3031,203.04504201484028
3032,203.85086402537632
3033,204.6580958560399
3034,205.4667399733082
3035,206.27679884797303
3036,207.09407708042676
3037,207.91352604245975
3038,208.73440866523188
3039,209.55672745692806
3040,210.38170996132502
3041,211.21347642959307
3042,212.0466981083348
3043,212.8813775434355
3044,213.71751728523424
3045,214.55857551387152
3046,215.40423749566335
3047,216.2513789983754
3048,217.10000261042268
3049,217.9501109247488
3050,218.80765724274238
3051,219.6673629401494
3052,220.52857272819463
3053,221.39128923827656
3054,222.2575890090162
3055,223.12996173626237
3056,224.00386071535422
3057,224.8792886164597
3058,225.75624811441847
3059,226.63980902521564
3060,227.526500924928
3061,228.4147441280997
3062,229.30454134872565
3063,230.19753973868845
3064,231.09712900837425
3065,231.99829214569286
3066,232.90103190411398
3067,233.80535104192418
3068,234.7163819380741
3069,235.63057036794507
3070,236.54635820688466
3071,237.46374825304602
3072,238.384898030086
3073,239.31221784255865
3074,240.2411600376642
3075,241.1717274537466
3076,242.1039229341151
3077,243.04387498928796
3078,243.98607855448927
3079,244.92993054163654
3080,245.87543383462753
3081,246.8261836232466
3082,247.781756316149
3083,248.73900082048098
3084,249.6979200610593
3085,250.65978697847666
3086,251.62883730579415
3087,252.59958302385047
3088,253.57202709871265
3089,254.54617250163656
3090,255.52796695480433
3091,256.5123233390214
3092,257.4984018920835
3093,258.4862056269041
3094,259.47979216690896
3095,260.4778694311448
3096,261.47769286907595
3097,262.4792655356114
3098,263.4849613425727
3099,264.49687046767104
3100,265.51054996546833
3101,266.5260029332076
3102,267.54412440363774
3103,268.569977143043
3104,269.59762464965524
3105,270.62707006339406
3106,271.6583165296721
3107,272.6978417036623
3108,273.7395699476635
3109,274.7831207331868
3110,275.8284972487402
3111,276.8811179731254
3112,277.93704046843834
3113,278.99481033825134
3114,280.05443081451676
3115,281.12046137773814
3116,282.19069242941055
3117,283.2627958885294
3118,284.3367750308407
3119,285.41652897232376
3120,286.50118368236616
3121,287.5877360341635
3122,288.6761893476073
3123,289.76997946633077
3124,290.8691737396081
3125,291.97029109171433
3126,293.07333488704245
3127,294.181597164712
3128,295.29571959424163
3129,296.41179121951893
3130,297.5298154506249
3131,298.6518714496685
3132,299.78104021370547
3133,300.91218449715075
3134,302.0453077561368
3135,303.18148957078375
3136,304.32582364550103
3137,305.47215977142605
3138,306.6205014511065
3139,307.77114021827947
3140,308.9307593823782
3141,310.0924073390265
3142,311.2560876375543
3143,312.4218038334996
3144,313.5965383850233
3145,314.77361896964436
3146,315.95275889559247
3147,317.13396176563987
3148,318.3238531059806
3149,319.5164879300012
3150,320.7112093075445
3151,321.90802088898863
3152,323.1133975138601
3153,324.3217090080849
3154,325.5321344822097
3155,326.74467763459256
3156,327.96586711765275
3157,329.18997853749755
3158,330.41623157924363
3159,331.64462998960585
3160,332.88195899114646
3161,334.1219944218948
3162,335.36419933362043
3163,336.60857752177577
3164,337.8623717974244
3165,339.1184561595113
3166,340.3767380801881
3167,341.6377687280538
3168,342.90780581344353
3169,344.1800648677664
3170,345.4545497782979
3171,346.7326530396773
3172,348.01896295470334
3173,349.30752330796264
3174,350.59833803653515
3175,351.8938368200557
3176,353.1965468000039
3177,354.5015359100705
3178,355.8088081375292
3179,357.12202448105353
3180,358.4412626162818
3181,359.7628087975948
3182,361.08666706285237
3183,362.417922142181
3184,363.7538173835308
3185,365.0920498125177
3186,366.4326235179815
3187,367.7822376555543
3188,369.1349198198027
3189,370.48996854034095
3190,371.8484728245402
3191,373.21568063097794
3192,374.5852804063083
3193,375.9572763352064
3194,377.3347352538064
3195,378.71896246107514
3196,380.10561141258484
3197,381.4946863450987
3198,382.89141752217677
3199,384.29279634652795
3200,385.6966269217642
3201,387.1030478888907
3202,388.5192337772354
3203,389.93789732138265
3204,391.3590428559086
3205,392.78532583751354
3206,394.21890001974225
3207,395.65498227845757
3208,397.09357700145364
3209,398.54003699610683
3210,399.9911341290991
3211,401.44476999482885
3212,402.90170974262475
3213,404.367900246498
3214,405.8366558888861
3215,407.3079811574065
3216,408.7856819930858
3217,410.26963639465214
3218,411.7561870124911
3219,413.2453383885881
3220,414.7441127578057
3221,416.2459681963466
3222,417.75045116882757
3223,419.2606972497637
3224,420.77847976399005
3225,422.2989176764764
3226,423.8220156327408
3227,425.3526599035886
3228,426.88913436118173
3229,428.4282969183755
3230,429.9701522778939
3231,431.5215354170485
3232,433.076844739827
3233,434.63487511357016
3234,436.1965541420252
3235,437.76809281582047
3236,439.34238093369146
3237,440.9194233056788
3238,442.50247398583184
3239,444.09310300415257
3240,445.6865148648411
3241,447.28271443636476
3242,448.88747372930715
3243,450.4973388129068
3244,452.11002039208614
3245,453.72592466478585
3246,455.35232714339213
3247,456.98157504957004
3248,458.6136733612712
3249,460.2519110197604
3250,461.89781001662226
3251,463.546588549895
3252,465.19825165720005
3253,466.8591560903109
3254,468.524700208155
3255,470.1931582312094
3256,471.8660432708212
3257,473.54843879339614
3258,475.2337777024885
3259,476.92206514741815
3260,478.61908906928267
3261,480.32280193832094
3262,482.02949548822664
3263,483.7391749335616
3264,485.45618598825774
3265,487.18189014950804
3266,488.9106134650326
3267,490.64236121669745
3268,492.3777271686233
3269,494.12557414564725
3270,495.87647901541766
3271,497.6304471275697
3272,499.38748384109584
3273,501.15494243241335
3274,502.9283872248153
3275,504.7049346927855
3276,506.48459026429975
3277,508.27064982626507
3278,510.066809464659
3279,511.8661115178114
3280,513.6685614832176
3281,515.4741648679893
3282,517.2926841427466
3283,519.1149187742647
3284,520.9403414381205
3285,522.7689577116106
3286,524.6069495576453
3287,526.4522977021197
3288,528.3008743155342
3289,530.1526850459245
3290,532.010544005051
3291,533.8791897339114
3292,535.7511046903223
3293,537.6262945936205
3294,539.5047651731484
3295,541.3965366192014
3296,543.2919776698077
3297,545.190734825658
3298,547.0928138880943
3299,549.0052805461121
3300,550.9244390371998
3301,552.8469551266213
3302,554.772834688305
3303,556.7063642559563
3304,558.6494353907023
3305,560.5959059583508
3306,562.545781906015
3307,564.500731145703
3308,566.4679142734115
3309,568.4385390173251
3310,570.4126113983517
3311,572.3901374479301
3312,574.3808242874808
3313,576.3758073797046
3314,578.3742807233077
3315,580.3762504242778
3316,582.3891151838699
3317,584.4086656258678
3318,586.4317492991302
3319,588.4583723848328
3320,590.4937379162706
3321,592.5380699336172
3322,594.5859785368724
3323,596.637469983053
3324,598.6956446441961
3325,600.7649781257437
3326,602.8379319325087
3327,604.9145123980226
3328,606.9958000835616
3329,609.0904761119782
3330,611.1888168016147
3331,613.2908285635621
3332,615.3965178201274
3333,617.5152888205304
3334,619.6391817574606
3335,621.7667904695354
3336,623.8981214572638
3337,626.0404908987628
3338,628.1902093259802
3339,630.3436887091838
3340,632.500935627917
3341,634.6669791300498
3342,636.8427066874086
3343,639.0222407028383
3344,641.205587835481
3345,643.3957539805756
3346,645.5976766669854
3347,647.803451638921
3348,650.013085635693
3349,652.2278157067971
3350,654.4561220138831
3351,656.6883267636805
3352,658.924436776245
3353,661.1644588835604
3354,663.4190456382796
3355,665.6778716308656
3356,667.9406494590805
3357,670.2073860363819
3358,672.4874508668887
3359,674.7730923710949
3360,677.0627326236289
3361,679.3563786200147
3362,681.6623417176069
3363,683.9749959818168
3364,686.2916962521027
3365,688.6124496066578
3366,690.9448389914879
3367,693.2848769745651
3368,695.6290088704214
3369,697.977241841055
3370,700.3357830461623
3371,702.703377561987
3372,705.0751141995938
3373,707.4510002053131
3374,709.8361986857058
3375,712.2315234932599
3376,714.6310389355501
3377,717.0347523437713
3378,719.4471083650652
3379,721.8703381730525
3380,724.2978074343415
3381,726.729523565527
3382,729.1695322408502
3383,731.6208427125567
3384,734.0764417634128
3385,736.5363368959504
3386,739.0044882226725
3387,741.4840559809113
3388,743.9679617531064
3389,746.4562131282688
3390,748.9529920245228
3391,751.4609946566181
3392,753.9733850481246
3393,756.4901708750717
3394,759.0160572160507
3395,761.5526732788478
3396,764.093727158852
3397,766.6392266196593
3398,769.1946952736859
3399,771.7601042985956
3400,774.3300015125542
3401,776.9043947672736
3402,779.4899156316401
3403,782.0842981297018
3404,784.6832195044134
3405,787.2866876961538
3406,789.9027257327316
3407,792.5262631997028
3408,795.1543905484061
3409,797.7871158084454
3410,800.4341310790669
3411,803.0870060005439
3412,805.7445221280468
3413,808.407424081901
3414,811.0851352825775
3415,813.7675311391336
3416,816.4546198469623
3417,819.1493753761197
3418,821.8567401153977
3419,824.5688413877539
3420,827.28568747933
3421,830.012742120056
3422,832.7499455601064
3423,835.491937734325
3424,838.2387270201712
3425,840.9988384020661
3426,843.7664848049662
3427,846.5389732002327
3428,849.3163120584883
3429,852.1085138719905
3430,854.9067884303156
3431,857.7099585631495
3432,860.5186440994839
3433,863.3427921521525
3434,866.1718810436026
3435,869.0059194173685
3436,871.8475989352006
3437,874.7026943478306
3438,877.5627847397396
3439,880.4278788491683
3440,883.3039614975165
3441,886.1922985821792
3442,889.0856888004544
3443,891.9841409923129
3444,894.8876640131863
3445,897.8090297803251
3446,900.7358992712951
3447,903.667889305795
3448,906.6050088417139
3449,909.5540858489669
3450,912.5146151446543
3451,915.480323869602
3452,918.4512210847071
3453,921.4286570090526
3454,924.4230277422888
3455,927.4226371082235
3456,930.4274942713173
3457,933.4376084120618
3458,936.4623208491176
3459,939.4960139273808
3460,942.5350144300276
3461,945.5793316418559
3462,948.6336708520265
3463,951.7016318542984
3464,954.7749602303979
3465,957.8536653699894
3466,960.9382468820294
3467,964.040661180964
3468,967.1485031274169
3469,970.2617822164875
3470,973.3805079598831
3471,976.5142651102062
3472,979.6568075085607
3473,982.8048477555451
3474,985.9583954690581
3475,989.1235999045585
3476,992.3010308436475
3477,995.4840206663756
3478,998.6725790974092
3479,1001.8698150380757
3480,1005.0823238376823
3481,1008.3004528870874
3482,1011.5242120183037
3483,1014.7540533512548
3484,1018.0018305868547
3485,1021.2552897717588
3486,1024.5144408459068
3487,1027.7792937666275
3488,1031.060688737917
3489,1034.3496702509333
3490,1037.644405796802
3491,1040.9449054415554
3492,1044.2600296511139
3493,1047.5847269957335
3494,1050.9152408552807
3495,1054.2515814050835
3496,1057.6020788247656
3497,1060.9646045176244
3498,1064.3330129032342
3499,1067.7073142726879
3500,1071.0875189350786
3501,1074.4857657399177
3502,1077.8922289092134
3503,1081.3046516362388
3504,1084.7230443465414
3505,1088.1495493500577
3506,1091.5942282241906
3507,1095.044933511396
3508,1098.5016757541691
3509,1101.9644655134452
3510,1105.4403347798393
3511,1108.9294844945625
3512,1112.4247384202552
3513,1115.9261072354989
3514,1119.4336016375548
3515,1122.9596139530627
3516,1126.493542379867
3517,1130.0336533540449
3518,1133.5799576912075
3519,1137.1366162141724
3520,1140.709382630489
3521,1144.288399537945
3522,1147.8736778710038
3523,1151.4652285832494
3524,1155.0739650818666
3525,1158.692619646292
3526,1162.3176049789959
3527,1165.948932154863
3528,1169.5874473476601
3529,1173.2458957425165
3530,1176.9107445214745
3531,1180.5820048811925
3532,1184.2596880379133
3533,1187.9495559478169
3534,1191.6544252413817
3535,1195.3657761280122
3536,1199.083619946419
3537,1202.8079680551464
3538,1206.5499587362735
3539,1210.3015581172194
3540,1214.0597208409956
3541,1217.824458389311
3542,1221.598639675392
3543,1225.39064614444
3544,1229.1892866447472
3545,1232.9945727816685
3546,1236.8065161808684
3547,1240.6343187944817
3548,1244.473596572202
3549,1248.3195910775783
3550,1252.1723140606223
3551,1256.0338381548215
3552,1259.9139133428687
3553,1263.8007766296741
3554,1267.6944398900946
3555,1271.5949150197555
3556,1275.511483392734
3557,1279.4393765094285
3558,1283.37414137735
3559,1287.3157900176784
3560,1291.2675370837942
3561,1295.236621716669
3562,1299.212650161161
3563,1303.1956345644994
3564,1307.1855870951638
3565,1311.193727387092
3566,1315.2111820185519
3567,1319.2356650796944
3568,1323.2671888657624
3569,1327.311892997832
3570,1331.370937070344
3571,1335.4370823288932
3572,1339.5103411959888
3573,1343.5923025709897
3574,1347.693099984714
3575,1351.8010716274782
3576,1355.916230049558
3577,1360.0385878231814
3578,1364.1788401788278
3579,1368.3288030422068
3580,1372.4860261439535
3581,1376.6505221847954
3582,1380.8293120185283
3583,1385.0214315909013
3584,1389.2208851501236
3585,1393.4276855259175
3586,1397.645827907161
3587,1401.8808562420957
3588,1406.12329362796
3589,1410.3731530257762
3590,1414.6304474192395
3591,1418.9070697426944
3592,1423.1926451181412
3593,1427.485717970529
3594,1431.7863014155514
3595,1436.1012500153029
3596,1440.430118142679
3597,1444.7665594826376
3598,1449.110587283347
3599,1453.4645573227556
3600,1457.836873565546
3601,1462.2168390282652
3602,1466.6044670920344
3603,1470.9997711613794
3604,1475.4140548306723
3605,1479.8377006556611
3606,1484.269085495232
3607,1488.708222887571
3608,1493.1627881982183
3609,1497.6302712315755
3610,1502.105569967342
3611,1506.5886980778432
3612,1511.0848714081853
3613,1515.5982784321316
3614,1520.1195814969626
3615,1524.6487944155244
3616,1529.1859310248367
3617,1533.738083125023
3618,1538.3054963162963
3619,1542.8809000252847
3620,1547.4643082300947
3621,1552.0557349332814
3622,1556.6646761583468
3623,1561.2863770774366
3624,1565.9161634834902
3625,1570.5540495207301
3626,1575.200049358117
3627,1579.8665572341456
3628,1584.542828884408
3629,1589.2272814858227
3630,1593.9199293495913
3631,1598.6227421022484
3632,1603.3456064774164
3633,1608.0767333116196
3634,1612.816137058636
3635,1617.563832197514
3636,1622.3257687005053
3637,1627.1036778756882
3638,1631.8899458031544
3639,1636.6845871051062
3640,1641.4876164293187
3641,1646.3093588933714
3642,1651.142599740114
3643,1655.9842961340817
3644,1660.8344628667821
3645,1665.6949913558992
3646,1670.5753143037734
3647,1675.4641751625074
3648,1680.3615888676725
3649,1685.2675703809662
3650,1690.1892766387698
3651,1695.125411780249
3652,1700.0701824678615
3653,1705.0236038079554
3654,1709.9856909333023
3655,1714.9691657170085
3656,1719.9614038445275
3657,1724.9623756620017
3658,1729.972096447446
3659,1734.996569265323
3660,1740.036385739157
3661,1745.085019134323
3662,1750.1424848744164
3663,1755.2087984100099
3664,1760.2962338755854
3665,1765.3926403999603
3666,1770.4979628412523
3667,1775.6122167962099
3668,1780.7420273731097
3669,1785.8863190309053
3670,1791.0396103734283
3671,1796.2019171439467
3672,1801.3748191547409
3673,1806.5671084043454
3674,1811.7684813031005
3675,1816.978953741137
3676,1822.1985416363798
3677,1827.436036106068
3678,1832.685603672531
3679,1837.9443550873175
3680,1843.2123064158147
3681,1848.4941043291492
3682,1853.7919801327585
3683,1859.0991242922864
3684,1864.4155530209316
3685,1869.742290267852
3686,1875.0885883375101
3687,1880.4442394700375
3688,1885.8092600267953
3689,1891.1836663977583
3690,1896.5763813324781
3691,1901.980654128038
3692,1907.39438140345
3693,1912.8175796974604
3694,1918.2569065721511
3695,1923.7110275953396
3696,1929.174690299675
3697,1934.647911376423
3698,1940.1307075460488
3699,1945.6335059176954
3700,1951.147176497233
3701,1956.6704929296034
3702,1962.203472088278
3703,1967.7491324212194
3704,1973.3128837986587
3705,1978.8863686367822
3706,1984.469603962295
3707,1990.0626068316806
3708,1995.6728221794522
3709,2001.296548940728
3710,2006.9301140789503
3711,2012.5735348043272
3712,2018.2279683928828
3713,2023.902011050144
3714,2029.5859801031752
3715,2035.2798929161354
3716,2040.9837668835505
3717,2046.7036995358553
3718,2052.438147047634
3719,2058.182626622379
3720,2063.9371558090625
3721,2069.7025269199657
3722,2075.4875278587783
3723,2081.2826492946006
3724,2087.087908931084
3725,2092.903324502841
3726,2098.7350039950074
3727,2104.5808427950637
3728,2110.4369085164376
3729,2116.3032190489175
3730,2122.1814259963885
3731,2128.0780580421733
3732,2133.985005862533
3733,2139.902287502664
3734,2145.829921039323
3735,2151.7751155662922
3736,2157.7330218481734
3737,2163.701351091927
3738,2169.6801215302194
3739,2175.672806055108
3740,2181.681747473148
3741,2187.701201129145
3742,2193.7311854119134
3743,2199.771890887677
3744,2205.8319443856144
3745,2211.902599532045
3746,2217.9838748721636
3747,2224.0757889836013
3748,2230.1843453960073
3749,2236.30627932987
3750,2242.4389231594055
3751,2248.5822956191328
3752,2254.7396549761443
3753,2260.912945153613
3754,2267.09703506408
3755,2273.2919435991885
3756,2279.498549741853
3757,2285.7232737084028
3758,2291.9588873807747
3759,2298.205409807981
3760,2304.462860072345
3761,2310.7379142260806
3762,2317.02512934902
3763,2323.3233434927247
3764,2329.6325758973967
3765,2335.957488895633
3766,2342.2963830700533
3767,2348.6463666667637
3768,2355.0074590840786
3769,2361.382593268869
3770,2367.7732438968205
3771,2374.175074483828
3772,2380.588104586552
3773,2387.013796638649
3774,2393.456280794007
3775,2399.9100355798532
3776,2406.375080711428
3777,2412.851642386502
3778,2419.3460366646623
3779,2425.8517923785694
3780,2432.368929402276
3781,2438.8974676445987
3782,2445.443028639667
3783,2452.00086135657
3784,2458.5701664802605
3785,2465.150964078878
3786,2471.7477483261982
3787,2478.3577332635377
3788,2484.979281836062
3789,2491.612414271464
3790,2498.2606620112624
3791,2504.9228732928786
3792,2511.596739567574
3793,2518.282281222821
3794,2524.982210816379
3795,2531.6967211981614
3796,2538.4229780580154
3797,2545.1610019434183
3798,2551.9128108000523
3799,2558.679691350926
3800,2565.4584099890158
3801,2572.248987422013
3802,2579.0528530055662
3803,2585.8721727362094
3804,2592.703422283756
3805,2599.5466225163295
3806,2606.4027034529504
3807,2613.2745288831566
3808,2620.1583759761356
3809,2627.0542657606484
3810,2633.962703076647
3811,2640.887097730458
3812,2647.8236060038616
3813,2654.7722490864394
3814,2661.733167614278
3815,2668.7101914297273
3816,2675.699420926255
3817,2682.7008774544433
3818,2689.714582402222
3819,2696.74409609515
3820,2703.7861025724415
3821,2710.8404284012377
3822,2717.9070951309222
3823,2724.9890715161737
3824,2732.0839056330888
3825,2739.191151509778
3826,2746.3108308572464
3827,2753.4453508620945
3828,2760.59305722016
3829,2767.7532678241073
3830,2774.9260045466795
3831,2782.11314042586
3832,2789.3137564363296
3833,2796.5269692440334
3834,2803.7528008835766
3835,2810.992619035026
3836,2818.246172772445
3837,2825.512415907368
3838,2832.7913706363447
3839,2840.083930810984
3840,2847.390420113246
3841,2854.709691409296
3842,2862.0417670576226
3843,2869.3872138460797
3844,2876.7466370424004
3845,2884.118934825667
3846,2891.5041297163
3847,2898.9025744681826
3848,2906.314930378371
3849,2913.740253466395
3850,2921.1785664146046
3851,2928.6300879353844
3852,2936.0953758692067
3853,2943.5737235703405
3854,2951.065153883058
3855,2958.5697991199922
3856,2966.088018876508
3857,2973.619390989252
3858,2981.1639384644136
3859,2988.7217231815034
3860,2996.292875048441
3861,3003.877271860815
3862,3011.47493678674
3863,3019.0858462289702
3864,3026.7099309821137
3865,3034.347353271041
3866,3041.998136425794
3867,3049.6621259727817
3868,3057.3391448753246
3869,3065.0295939059965
3870,3072.733496556767
3871,3080.450492365952
3872,3088.1804471679097
3873,3095.9239246931897
3874,3103.6809485956924
3875,3111.450848235231
3876,3119.233741172836
3877,3127.030249432649
3878,3134.8403968305015
3879,3142.6630699019993
3880,3150.498903697079
3881,3158.3484454177956
3882,3166.2117190419235
3883,3174.0870077931495
3884,3181.975785652554
3885,3189.8783640464053
3886,3197.7946303174194
3887,3205.7224870421733
3888,3213.66421265715
3889,3221.619831421624
3890,3229.5885918854597
3891,3237.569308080427
3892,3245.56398562605
3893,3253.5726489432886
3894,3261.593666903309
3895,3269.6272472188784
3896,3277.6748813534477
3897,3285.736593889676
3898,3293.8096076520033
3899,3301.8960572203673
3900,3309.9966530848114
3901,3318.11103291352
3902,3326.2361434279655
3903,3334.375467862527
3904,3342.529031079844
3905,3350.6950819577332
3906,3358.8729810968157
3907,3367.0651864916454
3908,3375.2717231663296
3909,3383.4891113114672
3910,3391.71980563804
3911,3399.964898567233
3912,3408.2237532282124
3913,3416.492784125087
3914,3424.7762806806845
3915,3433.0742681978563
3916,3441.383024008509
3917,3449.7029221297007
3918,3458.037374883339
3919,3466.386407727862
3920,3474.7500461662357
3921,3483.1222349567315
3922,3491.507387390375
3923,3499.9072085952316
3924,3508.3217242293395
3925,3516.7502836408444
3926,3525.1858811920747
3927,3533.636235749283
3928,3542.101373124798
3929,3550.581319176089
3930,3559.072354122972
3931,3567.572988968996
3932,3576.0884945794423
3933,3584.618896965565
3934,3593.164222184102
3935,3601.716904872976
3936,3610.282527145465
3937,3618.863133853194
3938,3627.4587512061844
3939,3636.0672911692313
3940,3644.6824420221924
3941,3653.312663940937
3942,3661.9579832869804
3943,3670.618426467921
3944,3679.2883640403966
3945,3687.9679153630454
3946,3696.662650394791
3947,3705.372595694114
3948,3714.09777786593
3949,3722.828180257703
3950,3731.5720469280777
3951,3740.331209801555
3952,3749.105695633323
3953,3757.892686933847
3954,3766.6854034386674
3955,3775.493501588888
3956,3784.3170082891024
3957,3793.1559504909424
3958,3802.001888739722
3959,3810.858642098955
3960,3819.7308891096864
3961,3828.6186568723606
3962,3837.520611966345
3963,3846.425742679407
3964,3855.346451659156
3965,3864.282766153984
3966,3873.234713459942
3967,3882.1938569967406
3968,3891.162751803556
3969,3900.147336405269
3970,3909.1476382452875
3971,3918.161983004859
3972,3927.178789679479
3973,3936.211369949302
3974,3945.2597514042604
3975,3954.3239616825354
3976,3963.3935116177754
3977,3972.4738152867767
3978,3981.5700036111903
3979,3990.6821043751424
3980,3999.805812023546
3981,4008.933568976034
3982,4018.077293581423
3983,4027.237013768956
3984,4036.412757516727
3985,4045.589477470087
3986,4054.780469908555
3987,4063.9875406019078
3988,4073.2107176727814
3989,4082.4403389115328
3990,4091.6783328593588
3991,4100.932487268647
3992,4110.202830405767
3993,4119.484904885897
3994,4128.769636127366
3995,4138.070609574403
3996,4147.3878536363
3997,4156.721396772032
3998,4166.0530885459975
3999,4175.400618448096
4000,4184.764500392466
4001,4194.144762980457
4002,4203.525925895053
4003,4212.917793272788
4004,4222.326090238187
4005,4231.750845528174
4006,4241.189805776997
4007,4250.625634074046
4008,4260.077968845158
4009,4269.546838961679
4010,4279.032273345437
4011,4288.522668478327
4012,4298.018667240797
4013,4307.531277715305
4014,4317.0605289571895
4015,4326.606450072604
4016,4336.146656074683
4017,4345.702635813301
4018,4355.275332169999
4019,4364.864774383547
4020,4374.4599095274925
4021,4384.057900209499
4022,4393.672680983872
4023,4403.304281217819
4024,4412.952730329907
4025,4422.597946395372
4026,4432.254392954448
4027,4441.927731843233
4028,4451.6179926076875
4029,4461.321061991511
4030,4471.018759756003
4031,4480.733421994835
4032,4490.465078380091
4033,4500.213758635736
4034,4509.964011149932
4035,4519.719585454789
4036,4529.492225457088
4037,4539.281961005874
4038,4549.088317721271
4039,4558.884396789476
4040,4568.697612393347
4041,4578.52799450578
4042,4588.375573152071
4043,4598.2259740130075
4044,4608.079361152005
4045,4617.949985054516
4046,4627.837875868655
4047,4637.742381178725
4048,4647.635539696491
4049,4657.546004532447
4050,4667.473805956301
4051,4677.418974290683
4052,4687.364164512066
4053,4697.3140733032105
4054,4707.281387663807
4055,4717.266138037069
4056,4727.2632030587565
4057,4737.252162666902
4058,4747.258596138039
4059,4757.282534034771
4060,4767.324006973141
4061,4777.358197245982
4062,4787.403359810256
4063,4797.466094530509
4064,4807.546432141181
4065,4817.630057305723
4066,4827.713562716826
4067,4837.814707338344
4068,4847.9335220219355
4069,4858.06558101038
4070,4868.187046755717
4071,4878.326218096496
4072,4888.4831260004075
4073,4898.657801489292
4074,4908.821613880344
4075,4918.998432461532
4076,4929.1930534428075
4077,4939.405507961091
4078,4949.6150282321605
4079,4959.829118241209
4080,4970.061075829598
4081,4980.310932248184
4082,4990.565018213253
4083,5000.8160074674015
4084,5011.0849288288
4085,5021.37181366109
4086,5031.669278500558
4087,5041.956798410613
4088,5052.262314310754
4089,5062.585857676303
4090,5072.925472002884
4091,5083.249157537238
4092,5093.590902305696
4093,5103.950737894098
4094,5114.328695943529
4095,5124.690721410936
4096,5135.068332905319
4097,5145.464097940415
4098,5155.8780482669235
4099,5166.279098539343
4100,5176.692218109854
4101,5187.123553314159
4102,5197.573136011494
4103,5208.01187116751
4104,5218.460143621709
4105,5228.92669318116
4106,5239.41155181254
4107,5249.886597019144
4108,5260.369670586946
4109,5270.871082115823
4110,5281.390863678797
4111,5291.9008109867555
4112,5302.418337285648
4113,5312.954261791713
4114,5323.508616683268
4115,5334.052026771982
4116,5344.603660772542
4117,5355.173752622518
4118,5365.762334604466
4119,5376.337738477426
4120,5386.923138468959
4121,5397.527055354106
4122,5408.149521518613
4123,5418.755422150536
4124,5429.3742497069225
4125,5440.011652608819
4126,5450.667663344124
4127,5461.302537281055
4128,5471.954457226875
4129,5482.625010383483
4130,5493.310505739371
4131,5503.976528253079
4132,5514.661208629785
4133,5525.364579501566
4134,5536.076428192923
4135,5546.774825752294
4136,5557.491937784603
4137,5568.227797020862
4138,5578.964400581381
4139,5589.694848129874
4140,5600.444066192325
4141,5611.212087597689
4142,5621.97182713163
4143,5632.7340027237
4144,5643.515004307282
4145,5654.314864808268
4146,5665.096102369887
4147,5675.889687137841
4148,5686.702152816771
4149,5697.528836458124
4150,5708.3346123604
4151,5719.159290481283
4152,5730.0029038798375
4153,5740.845106418965
4154,5751.673438916357
4155,5762.520713065773
4156,5773.386961995158
4157,5784.271104206695
4158,5795.121488089365
4159,5805.990852173462
4160,5816.879229654262
4161,5827.786653785077
4162,5838.6754504774535
4163,5849.566404530331
4164,5860.4764097218
4165,5871.4054993711
4166,5882.331993286256
4167,5893.244043357604
4168,5904.175181445118
4169,5915.125440932442
4170,5926.087762873026
4171,5937.020420915002
4172,5947.9722029967215
4173,5958.943142564746
4174,5969.933273124106
4175,5980.892170942483
4176,5991.864113915228
4177,6002.855249615423
4178,6013.865611609657
4179,6024.855911002685
4180,6035.847537446718
4181,6046.858391023959
4182,6057.888505361064
4183,6068.908244725631
4184,6079.9190827883485
4185,6090.949181564358
4186,6101.998574738965
4187,6113.045763957844
4188,6124.075347236182
4189,6135.12422399178
4190,6146.192427967148
4191,6157.265050817446
4192,6168.312918238828
4193,6179.380111094625
4194,6190.466663183153
4195,6201.56267965664
4196,6212.628375358328
4197,6223.7134276539155
4198,6234.817870396103
4199,6245.935218933273
4200,6257.018292139908
4201,6268.120752311127
4202,6279.24263335266
4203,6290.379232992344
4204,6301.479237891551
4205,6312.598659345925
4206,6323.7375313128505
4207,6334.891283759163
4208,6346.007779374976
4209,6357.143720364895
4210,6368.299140736605
4211,6379.467932344772
4212,6390.600482408724
4213,6401.752505902318
4214,6412.924036882211
4215,6424.105740564833
4216,6435.253913384443
4217,6446.421586933822
4218,6457.608795317278
4219,6468.797353296181
4220,6479.943452789289
4221,6491.10904935753
4222,6502.294177098728
4223,6513.49887017031
4224,6524.701440799905
4225,6535.864275220779
4226,6547.04663595479
4227,6558.248557150767
4228,6569.470073017231
4229,6580.6824478831595
4230,6591.861370177394
4231,6603.059846890508
4232,6614.277912220357
4233,6625.515600424588
4234,6636.733546896423
4235,6647.927921198782
4236,6659.141876913082
4237,6670.375448284263
4238,6681.628669617129
4239,6692.847936301657
4240,6704.057137751935
4241,6715.285946513782
4242,6726.534396877313
4243,6737.8025231925685
4244,6749.018845124918
4245,6760.242259686792
4246,6771.485306385376
4247,6782.748019554066
4248,6794.022134476809
4249,6805.239537168427
4250,6816.476561451169
4251,6827.73324163988
4252,6839.009612109398
4253,6850.270658665288
4254,6861.495166507707
4255,6872.739308332404
4256,6884.003118475763
4257,6895.286631334195
4258,6906.554214858586
4259,6917.785153799175
4260,6929.035737933761
4261,6940.306001618209
4262,6951.595979268439
4263,6962.865416181083
4264,6974.102125621568
4265,6985.358490311882
4266,6996.634544625341
4267,7007.930322995349
4268,7019.196923305416
4269,7030.438755854293
4270,7041.700252576045
4271,7052.981447859459
4272,7064.282376153433
4273,7075.541449162743
4274,7086.787770392006
4275,7098.0537636070785
4276,7109.339463210277
4277,7120.644903664053
4278,7131.891763363508
4279,7143.141951569543
4280,7154.4118184864665
4281,7165.701398528237
4282,7177.006748273263
4283,7188.236754777259
4284,7199.486404659143
4285,7210.755732270948
4286,7222.044772024773
4287,7233.34318015051
4288,7244.572006316344
4289,7255.8204737558935
4290,7267.088616817376
4291,7278.376469909054
4292,7289.66297868751
4293,7300.889995678597
4294,7312.13665073893
4295,7323.402978210995
4296,7334.689012497294
4297,7345.958680982759
4298,7357.183273843877
4299,7368.427500493792
4300,7379.691395267344
4301,7390.974992559402
4302,7402.219035941339
4303,7413.433521186707
4304,7424.667622500324
4305,7435.921374185907
4306,7447.1948106071395
4307,7458.439678433504
4308,7469.643394757529
4309,7480.866708272247
4310,7492.109653248213
4311,7503.372264015905
4312,7514.6124732955905
4313,7525.804776517914
4314,7537.016656926317
4315,7548.248148756221
4316,7559.499286302916
4317,7570.729378400391
4318,7581.909641095121
4319,7593.1094598735635
4320,7604.3288689341025
4321,7615.567902534907
4322,7626.782449382703
4323,7637.950060515431
4324,7649.137205560441
4325,7660.343918677201
4326,7671.570234084888
4327,7682.763843995794
4328,7693.918208568262
4329,7705.092083840563
4330,7716.285503931428
4331,7727.498503019225
4332,7738.665826116316
4333,7749.806364818527
4334,7760.966389994567
4335,7772.145935720637
4336,7783.3450361325185
4337,7794.480769414291
4338,7805.606918283976
4339,7816.75252841474
4340,7827.9176338385605
4341,7839.102268646903
4342,7850.201160704211
4343,7861.312370793337
4344,7872.443015970359
4345,7883.5931302213285
4346,7894.743240044783
4347,7905.819602992566
4348,7916.915340041
4349,7928.030485069386
4350,7939.165072016215
4351,7950.268420253045
4352,7961.328818236841
4353,7972.408562352791
4354,7983.507686431122
4355,7994.626224361193
4356,8005.677721762916
4357,8016.721649829906
4358,8027.784895177058
4359,8038.867491584003
4360,8049.956369090994
4361,8060.963944980759
4362,8071.990774530693
4363,8083.036891409055
4364,8094.102329342927
4365,8105.130185418004
4366,8116.120214971171
4367,8127.129467449363
4368,8138.157976466927
4369,8149.205775696969
4370,8160.165603628377
4371,8171.135336755682
4372,8182.12425726239
4373,8193.132398700533
4374,8204.126304734442
4375,8215.056238169593
4376,8226.005289333822
4377,8236.973491657256
4378,8247.960878628423
4379,8258.886444217613
4380,8269.795359716532
4381,8280.723356136594
4382,8291.670466843389
4383,8302.620327099337
4384,8313.488854676141
4385,8324.37639249481
4386,8335.28297379724
4387,8346.208631883384
4388,8357.080261856301
4389,8367.927102036507
4390,8378.792914479387
4391,8389.677732360253
4392,8400.564172161337
4393,8411.370088910422
4394,8422.194906306207
4395,8433.03865739863
4396,8443.901375295392
4397,8454.700061756259
4398,8465.483670780633
4399,8476.2861413872
4400,8487.107506557433
4401,8497.91183511785
4402,8508.654034917721
4403,8519.415023834048
4404,8530.19483472147
4405,8540.993500492026
4406,8551.700932450916
4407,8562.420250584953
4408,8573.158317766793
4409,8583.915166780836
4410,8594.61940483295
4411,8605.296874835727
4412,8615.993020652855
4413,8626.70787494054
4414,8637.404602044231
4415,8648.040057951881
4416,8658.694116150169
4417,8669.36680916661
4418,8680.05178322148
4419,8690.645070107941
4420,8701.256885490375
4421,8711.88726176715
4422,8722.536231393227
4423,8733.098813970495
4424,8743.657983643649
4425,8754.235622091914
4426,8764.831761609054
4427,8775.412981936806
4428,8785.919335757204
4429,8796.444065936006
4430,8806.98720460526
4431,8817.548783953152
4432,8828.03554260178
4433,8838.507208826704
4434,8848.99719069146
4435,8859.505520221748
4436,8870.001320969437
4437,8880.419781863038
4438,8890.85646529869
4439,8901.31140313919
4440,8911.784627302994
4441,8922.176633260262
4442,8932.559890535847
4443,8942.961308732301
4444,8953.38091960448
4445,8963.772729658971
4446,8974.10244651046
4447,8984.450230599106
4448,8994.816113515833
4449,9005.200126906779
4450,9015.47923242734
4451,9025.773281018915
4452,9036.085334413723
4453,9046.41542409335
4454,9056.685467477755
4455,9066.92569185253
4456,9077.183826850653
4457,9087.459903788891
4458,9097.716491531157
4459,9107.902815244872
4460,9118.106955268457
4461,9128.328942753664
4462,9138.567765641335
4463,9148.700124141615
4464,9158.850204525545
4465,9169.018037779622
4466,9179.203654944487
4467,9189.313212630985
4468,9199.409180248827
4469,9209.52280605257
4470,9219.65412091717
4471,9229.737796120962
4472,9239.779609021109
4473,9249.838985349681
4474,9259.915955815828
4475,9269.969711362468
4476,9279.957338413913
4477,9289.96243408202
4478,9299.98502891001
4479,9310.004916327583
4480,9319.938336875266
4481,9329.889131191863
4482,9339.857329654622
4483,9349.839489952366
4484,9359.718693481731
4485,9369.615175914027
4486,9379.528967460494
4487,9389.460098385165
4488,9399.294617563362
4489,9409.136787409909
4490,9418.996171337565
4491,9428.872799444074
4492,9438.66243820989
4493,9448.45030428226
4494,9458.255289418263
4495,9468.07742354935
4496,9477.818603665659
4497,9487.552183978998
4498,9497.302788370152
4499,9507.070446604364
4500,9516.759680621793
4501,9526.439002093412
4502,9536.135252704275
4503,9545.848462053496
4504,9555.482353411498
4505,9565.107451567901
4506,9574.749383987275
4507,9584.408180102719
4508,9593.983423116657
4509,9603.554341808169
4510,9613.141999963253
4511,9622.746426849115
4512,9632.259806590691
4513,9641.77659771405
4514,9651.310033592517
4515,9660.86014332757
4516,9670.308535405282
4517,9679.771258633635
4518,9689.25053201317
4519,9698.734459150237
4520,9708.126754725903
4521,9717.535477246107
4522,9726.960655431254
4523,9736.373258618381
4524,9745.71172212192
4525,9755.066518378959
4526,9764.437675945102
4527,9773.776093573086
4528,9783.060806316718
4529,9792.3617577652
4530,9801.678976309573
4531,9810.940435831108
4532,9820.171485882904
4533,9829.418680745117
4534,9838.682048644494
4535,9847.863865937672
4536,9857.041347886645
4537,9866.234880917222
4538,9875.4359867102
4539,9884.544071758923
4540,9893.66808648673
4541,9902.80805874396
4542,9911.9240290521
4543,9920.978847033412
4544,9930.049501491945
4545,9939.136020114982
4546,9948.164426362622
4547,9957.166089885477
4548,9966.183496880829
4549,9975.216674873227
4550,9984.155173998373
4551,9993.103801305679
4552,10002.06807928776
4553,10011.014185012858
4554,10019.89436883658
4555,10028.79008360115
4556,10037.701356459269
4557,10046.552715314303
4558,10055.38020769366
4559,10064.223138819612
4560,10073.076436436626
4561,10081.836051077235
4562,10090.610985720516
4563,10099.401267150157
4564,10108.15529230833
4565,10116.862579320543
4566,10125.585094777945
4567,10134.322865303986
4568,10142.95590752585
4569,10151.588669001287
4570,10160.236528542104
4571,10168.899512543685
4572,10177.49236780521
4573,10186.051007358144
4574,10194.624615302955
4575,10203.213217808181
4576,10211.761657491015
4577,10220.246584612343
4578,10228.746351168602
4579,10237.260983102777
4580,10245.760925790244
4581,10254.172555470894
4582,10262.598896355737
4583,10271.039974163441
4584,10279.487483952797
4585,10287.826236320434
4586,10296.17957239671
4587,10304.547517677252
4588,10312.930097702236
4589,10321.20510235217
4590,10329.485859277333
4591,10337.781098433017
4592,10346.090845137289
4593,10354.306784626728
4594,10362.515392513902
4595,10370.738356410515
4596,10378.975701413825
4597,10387.129067087044
4598,10395.26596017828
4599,10403.417083817727
4600,10411.582462883167
4601,10419.669883527775
4602,10427.735499878376
4603,10435.815222082489
4604,10443.909074799756
4605,10451.927314527105
4606,10459.922095701308
4607,10467.930858807007
4608,10475.95362828704
4609,10483.899584349347
4610,10491.823975126486
4611,10499.762224691372
4612,10507.714357271438
4613,10515.585057823217
4614,10523.439505914139
4615,10531.307690432475
4616,10539.189635391615
4617,10546.982237202317
4618,10554.767192975598
4619,10562.565763604016
4620,10570.37797288831
4621,10578.089759012824
4622,10585.80567523051
4623,10593.535085523294
4624,10601.272410083577
4625,10608.906390893628
4626,10616.553722455927
4627,10624.214428109275
4628,10631.865056509889
4629,10639.43102843317
4630,10647.010232132065
4631,10654.602690737254
4632,10662.164271326488
4633,10669.662692007687
4634,10677.17422628864
4635,10684.698897093316
4636,10692.16919511913
4637,10699.60052362397
4638,10707.044848355974
4639,10714.50219203379
4640,10721.879087177991
4641,10729.243783770948
4642,10736.621360023819
4643,10744.00753804947
4644,10751.293322352809
4645,10758.591848282553
4646,10765.903138112037
4647,10773.19119750796
4648,10780.411387923967
4649,10787.644205215372
4650,10794.88967145479
4651,10802.077822169202
4652,10809.23288049002
4653,10816.400451743253
4654,10823.580557802203
4655,10830.667114478283
4656,10837.757502875806
4657,10844.86029107143
4658,10851.944965418066
4659,10858.958880224252
4660,10865.98506106178
4661,10873.023529372118
4662,10880.002744548032
4663,10886.953025487715
4664,10893.915461137209
4665,10900.887359853921
4666,10907.76244514433
4667,10914.649553613577
4668,10921.548706278427
4669,10928.402494788199
4670,10935.193874171624
4671,10941.997130311303
4672,10948.812283967918
4673,10955.615825905723
4674,10962.324382279854
4675,10969.044670532341
4676,10975.776711170452
4677,10982.520524737314
4678,10989.135675711223
4679,10995.756062671377
4680,11002.388027273619
4681,11009.031589755486
4682,11015.66116040067
4683,11022.182960677723
4684,11028.716166153152
4685,11035.260796762937
4686,11041.816872477846
4687,11048.321985870929
4688,11054.757739201152
4689,11061.204747206926
4690,11067.663029560941
4691,11074.132605970257
4692,11080.50966158695
4693,11086.860345987348
4694,11093.222136251614
4695,11099.595051792156
4696,11105.96914258614
4697,11112.224791812554
4698,11118.491380672465
4699,11124.768928287596
4700,11131.05745381308
4701,11137.295567628318
4702,11143.468234910451
4703,11149.65169666569
4704,11155.845971761893
4705,11162.051079099841
4706,11168.150445559246
4707,11174.241092392775
4708,11180.34239022127
4709,11186.45435766164
4710,11192.536024364279
4711,11198.535115860059
4712,11204.544698208329
4713,11210.564789745975
4714,11216.595408841864
4715,11222.532023165732
4716,11228.451140241692
4717,11234.380608271636
4718,11240.320445347736
4719,11246.230317023177
4720,11252.060207269857
4721,11257.900292401675
4722,11263.750590237876
4723,11269.61111862888
4724,11275.37062773457
4725,11281.122558626274
4726,11286.884548030019
4727,11292.656613526573
4728,11298.381358778228
4729,11304.046351988467
4730,11309.721251646637
4731,11315.406075067576
4732,11321.091577602987
4733,11326.670837460488
4734,11332.259853808648
4735,11337.858643700085
4736,11343.46722421722
4737,11348.99539147763
4738,11354.499718585657
4739,11360.013671106355
4740,11365.537265863113
4741,11371.019593635318
4742,11376.440413108556
4743,11381.870711930937
4744,11387.310506670432
4745,11392.743218554457
4746,11398.08169944948
4747,11403.42951567524
4748,11408.786683547873
4749,11414.15321941201
4750,11419.423526673043
4751,11424.690018762532
4752,11429.96572025523
4753,11435.250647247045
4754,11440.46602306216
4755,11445.65233677692
4756,11450.847719655589
4757,11456.052187548852
4758,11461.20948852136
4759,11466.316756878794
4760,11471.432956142902
4761,11476.558101922605
4762,11481.654387158895
4763,11486.683730398749
4764,11491.721868247752
4765,11496.768816076496
4766,11501.79610009287
4767,11506.723362941955
4768,11511.659241864252
4769,11516.603751918201
4770,11521.556908188555
4771,11526.496079816505
4772,11531.331659377858
4773,11536.175694650474
4774,11541.028200412416
4775,11545.889191467515
4776,11550.735859269325
4777,11555.48135029123
4778,11560.23513945227
4779,11564.997241254963
4780,11569.767670227146
4781,11574.517834616736
4782,11579.17480877822
4783,11583.839926256147
4784,11588.513201282307
4785,11593.194648113355
4786,11597.84468327413
4787,11602.414689227333
4788,11606.992686383403
4789,11611.578688708187
4790,11616.172710191871
4791,11620.719346536047
4792,11625.203909969294
4793,11629.696315160847
4794,11634.196575815204
4795,11638.704705660804
4796,11643.145012829797
4797,11647.54563655005
4798,11651.95395521295
4799,11656.369982266295
4800,11660.793731181373
4801,11665.125101585267
4802,11669.443265617912
4803,11673.768980366616
4804,11678.102259027031
4805,11682.433482118538
4806,11686.663247710097
4807,11690.900409415255
4808,11695.14498015934
4809,11699.39697289025
4810,11703.612949646951
4811,11707.763286661268
4812,11711.920880864947
4813,11716.085744940397
4814,11720.257891592193
4815,11724.356921693116
4816,11728.429240100539
4817,11732.5086792396
4818,11736.595251554108
4819,11740.680901479915
4820,11744.669614544528
4821,11748.665302122527
4822,11752.667976402116
4823,11756.677649592773
4824,11760.641824140535
4825,11764.55540354028
4826,11768.475826042282
4827,11772.403103604987
4828,11776.337248207694
4829,11780.17902309875
4830,11784.018810395239
4831,11787.865311729707
4832,11791.718538834913
4833,11795.531484902056
4834,11799.279750027208
4835,11803.034569132324
4836,11806.795953670377
4837,11810.563915114333
4838,11814.295759331013
4839,11817.960996715394
4840,11821.632642868866
4841,11825.310708990528
4842,11828.995206299027
4843,11832.642629058682
4844,11836.226595852544
4845,11839.81682927827
4846,11843.413340286466
4847,11847.016139846839
4848,11850.57619489914
4849,11854.080613771117
4850,11857.59116015105
4851,11861.107844746335
4852,11864.630678283025
4853,11868.10077190368
4854,11871.527331521833
4855,11874.959882477902
4856,11878.398435241192
4857,11881.843000299308
4858,11885.220871306263
4859,11888.571226826138
4860,11891.92744040909
4861,11895.289522291447
4862,11898.657482727387
4863,11901.94118332248
4864,11905.216956880662
4865,11908.498458064552
4866,11911.785696882427
4867,11915.0693697632
4868,11918.266560774562
4869,11921.46934198675
4870,11924.677723167826
4871,11927.891714102901
4872,11931.07612254046
4873,11934.202003516355
4874,11937.333349978831
4875,11940.470171477933
4876,11943.61247758036
4877,11946.696549274993
4878,11949.752643631417
4879,11952.814081424942
4880,11955.88087199224
4881,11958.953024686269
4882,11961.935931180731
4883,11964.923731377708
4884,11967.916755572913
4885,11970.915012894202
4886,11973.883783967702
4887,11976.799653805972
4888,11979.720621852912
4889,11982.646697016517
4890,11985.577888220323
4891,11988.440883244491
4892,11991.289275006387
4893,11994.142646967102
4894,11997.001007828343
4895,11999.852790671272
4896,12002.630345665402
4897,12005.412756982927
4898,12008.200033109022
4899,12010.992182543681
4900,12013.744554006696
4901,12016.457706672598
4902,12019.175603031901
4903,12021.898251372899
4904,12024.625659998344
4905,12027.278397989285
4906,12029.928579755517
4907,12032.583395088956
4908,12035.24285208537
4909,12037.875939915852
4910,12040.460033301824
4911,12043.048644684726
4912,12045.641781958351
4913,12048.239453030228
4914,12050.771226946461
4915,12053.295225230488
4916,12055.823636415329
4917,12058.356468211054
4918,12060.863603299522
4919,12063.324541942999
4920,12065.789783214359
4921,12068.259334630922
4922,12070.73320372313
4923,12073.138166920304
4924,12075.541757796449
4925,12077.949551009726
4926,12080.361553902138
4927,12082.737826517783
4928,12085.081250649331
4929,12087.428771904784
4930,12089.780397442257
4931,12092.124624042865
4932,12094.403977599226
4933,12096.687316241952
4934,12098.974646933331
4935,12101.265976647828
4936,12103.52356877336
4937,12105.744414803954
4938,12107.96914360551
4939,12110.19776196149
4940,12112.430276667206
4941,12114.601166249442
4942,12116.764942274018
4943,12118.932501268471
4944,12121.103849841837
4945,12123.258864395271
4946,12125.363293969413
4947,12127.471402738192
4948,12129.583197129276
4949,12131.698683581528
4950,12133.765630682836
4951,12135.815856539737
4952,12137.8696668034
4953,12139.9270677358
4954,12141.973550903942
4955,12143.967420359708
4956,12145.964775676382
4957,12147.965622943724
4958,12149.969968262121
4959,12151.92780568034
4960,12153.87019535666
4961,12155.815980870206
4962,12157.765168153379
4963,12159.698864786471
4964,12161.587739235792
4965,12163.47991594549
4966,12165.375400684423
4967,12167.274199231542
4968,12169.11935017378
4969,12170.959333030496
4970,12172.802532650621
4971,12174.648954653616
4972,12176.467088853131
4973,12178.256255750897
4974,12180.048550556017
4975,12181.843978732632
4976,12183.63312277302
4977,12185.372815471468
4978,12187.11554956774
4979,12188.861330374813
4980,12190.610163214937
4981,12192.311240882582
4982,12194.005723082808
4983,12195.70316762206
4984,12197.40357967514
4985,12199.073848172013
4986,12200.721352880373
4987,12202.371737784719
4988,12204.025007916307
4989,12205.663031756201
4990,12207.264799833689
4991,12208.8693681342
4992,12210.476741549226
4993,12212.08125554569
4994,12213.638495156216
4995,12215.198457129683
4996,12216.761146221523
4997,12218.326567195478
4998,12219.844932157624
4999,12221.36146615551
5000,12222.880651336378
5001,12224.402492331248
5002,12225.886658486887
5003,12227.360911745172
5004,12228.837742257347
5005,12230.317154525257
5006,12231.766268838532
5007,12233.19935826943
5008,12234.634952978411
5009,12236.073057341555
5010,12237.486398102026
5011,12238.879411067333
5012,12240.27485923652
5013,12241.672746863207
5014,12243.049714931909
5015,12244.403709998433
5016,12245.760072045858
5017,12247.118805208596
5018,12248.45891571917
5019,12249.774923396637
5020,12251.093231634202
5021,12252.413844450197
5022,12253.71671894482
5023,12254.995742406241
5024,12256.277001761302
5025,12257.560500915344
5026,12258.825859895995
5027,12260.06887568119
5028,12261.314064401317
5029,12262.561429851727
5030,12263.7890857282
5031,12264.997044430313
5032,12266.207114771058
5033,12267.41930043867
5034,12268.609150855149
5035,12269.782977790974
5036,12270.958856687306
5037,12272.136791128118
5038,12273.288812651062
5039,12274.429408514961
5040,12275.571998236375
5041,12276.71658529772
5042,12277.830827448384
5043,12278.939068950498
5044,12280.049247740277
5045,12281.161367201312
5046,12282.237946816947
5047,12283.314687305792
5048,12284.393310004783
5049,12285.468669436746
5050,12286.512914109573
5051,12287.558984179439
5052,12288.60688283444
5053,12289.644026453869
5054,12290.65846126035
5055,12291.674669343673
5056,12292.692653800857
5057,12293.691895407406
5058,12294.677305822415
5059,12295.664438767673
5060,12296.653297251543
5061,12297.614997718285
5062,12298.572148232819
5063,12299.530971867916
5064,12300.488022131378
5065,12301.41603462198
5066,12302.345669291584
5067,12303.276928973226
5068,12304.196417303754
5069,12305.097684864955
5070,12306.00052784469
5071,12306.904948994299
5072,12307.787376415967
5073,12308.662602593093
5074,12309.539358658603
5075,12310.415159385839
5076,12311.263545920498
5077,12312.113415420938
5078,12312.964770476983
5079,12313.803804171403
5080,12314.627543485298
5081,12315.45272267276
5082,12316.279344248329
5083,12317.082216944838
5084,12317.881956408137
5085,12318.683093784868
5086,12319.47795563074
5087,12320.25297056288
5088,12321.029340184305
5089,12321.807066860723
5090,12322.566306421848
5091,12323.318604333384
5092,12324.072217217308
5093,12324.822543955974
5094,12325.551446378615
5095,12326.281622873385
5096,12327.013075665169
5097,12327.728462200248
5098,12328.435860408874
5099,12329.144495093507
5100,12329.850280085788
5101,12330.535539354638
5102,12331.22199639636
5103,12331.90965330256
5104,12332.581299040985
5105,12333.246200643862
5106,12333.912264428393
5107,12334.571405395767
5108,12335.205039078119
5109,12335.839780283286
5110,12336.475630945224
5111,12337.11259300124
5112,12337.741099734038
5113,12338.346900821878
5114,12338.953760775155
5115,12339.561681442838
5116,12340.170664677087
5117,12340.768433992795
5118,12341.347475381157
5119,12341.927528853612
5120,12342.508596177395
5121,12343.090679122812
5122,12343.657686810526
5123,12344.210898794525
5124,12344.765077708013
5125,12345.320225239355
5126,12345.876343079835
5127,12346.413159084908
5128,12346.941539298532
5129,12347.47084303145
5130,12348.001071896184
5131,12348.532227508082
5132,12349.039060762812
5133,12349.543567200939
5134,12350.04895542325
5135,12350.55522696937
5136,12351.0588254017
5137,12351.53953778537
5138,12352.021090359625
5139,12352.503484591438
5140,12352.986721950367
5141,12353.459986502741
5142,12353.91866686128
5143,12354.378148895566
5144,12354.838434005318
5145,12355.299523592677
5146,12355.742955923995
5147,12356.180450950507
5148,12356.618710618406
5149,12357.057736262703
5150,12357.49522206498
5151,12357.910796735423
5152,12358.327097730167
5153,12358.744126317306
5154,12359.161883767181
5155,12359.57259674523
5156,12359.96785996131
5157,12360.363813995808
5158,12360.76046005483
5159,12361.157799346554
5160,12361.542145122678
5161,12361.917907399895
5162,12362.294326406824
5163,12362.671403290013
5164,12363.049139198021
5165,12363.407586842477
5166,12363.764625056778
5167,12364.122287270404
5168,12364.48057457275
5169,12364.83409391414
5170,12365.172561143267
5171,12365.511619910552
5172,12365.851271248703
5173,12366.191516192226
5174,12366.519392061487
5175,12366.840622726142
5176,12367.16241479932
5177,12367.484769261118
5178,12367.806421142865
5179,12368.110566643458
5180,12368.415243689089
5181,12368.720453207708
5182,12369.026196128863
5183,12369.322756299438
5184,12369.611030453745
5185,12369.8998084104
5186,12370.189091048896
5187,12370.478525485109
5188,12370.751078157393
5189,12371.024107152658
5190,12371.297613302417
5191,12371.571597439615
5192,12371.836713369517
5193,12372.094646541305
5194,12372.353030482078
5195,12372.611865978719
5196,12372.869279798184
5197,12373.112742083282
5198,12373.356629844393
5199,12373.600943824233
5200,12373.84568476682
5201,12374.079721871598
5202,12374.309712441875
5203,12374.540104940908
5204,12374.770900070303
5205,12374.996921334796
5206,12375.213587820743
5207,12375.430632947391
5208,12375.648057375674
5209,12375.865678506738
5210,12376.06956924114
5211,12376.273816286779
5212,12376.478420265603
5213,12376.683381800653
5214,12376.878969379793
5215,12377.070943881963
5216,12377.26325386761
5217,12377.455899922334
5218,12377.643096478225
5219,12377.823301238242
5220,12378.003820911024
5221,12378.184656046242
5222,12378.363250518185
5223,12378.532164695192
5224,12378.701374051901
5225,12378.870879103533
5226,12379.040680366212
5227,12379.198811277905
5228,12379.357176750367
5229,12379.515818965647
5230,12379.674738406768
5231,12379.824493164033
5232,12379.972460434949
5233,12380.120686275692
5234,12380.269171137565
5235,12380.410448845192
5236,12380.54844378004
5237,12380.686679856191
5238,12380.825157494539
5239,12380.957695656736
5240,12381.085763873682
5241,12381.214055883429
5242,12381.342572076559
5243,12381.467764410641
5244,12381.586322264999
5245,12381.705087291473
5246,12381.824059851648
5247,12381.941795279234
5248,12382.051240380146
5249,12382.16087672757
5250,12382.27070465528
5251,12382.380724497629
5252,12382.481624982292
5253,12382.58251301123
5254,12382.68357733195
5255,12382.784818252123
5256,12382.87856620415
5257,12382.971069129599
5258,12383.063733693261
5259,12383.156560177209
5260,12383.243135841356
5261,12383.327600495317
5262,12383.412212740212
5263,12383.496972833605
5264,12383.576385884438
5265,12383.653143444713
5266,12383.730035127574
5267,12383.807061167068
5268,12383.879347268687
5269,12383.948713955033
5270,12384.018201848376
5271,12384.08781116024
5272,12384.153028821782
5273,12384.215306561158
5274,12384.277693119751
5275,12384.340188687445
5276,12384.398416392232
5277,12384.453893454549
5278,12384.509467452208
5279,12384.565138554353
5280,12384.616472141972
5281,12384.665423747356
5282,12384.714460885307
5283,12384.763583705077
5284,12384.808133987188
5285,12384.850822886287
5286,12384.893586374474
5287,12384.936424581903
5288,12384.974315174022
5289,12385.010992202508
5290,12385.047733315083
5291,12385.084538623567
5292,12385.115903975959
5293,12385.146808584226
5294,12385.177767190156
5295,12385.208446974702
5296,12385.233763500471
5297,12385.259124259852
5298,12385.284529330007
5299,12385.308731452496
5300,12385.328731594462
5301,12385.348766680743
5302,12385.36883677231
5303,12385.386729200665
5304,12385.401620837842
5305,12385.416538493428
5306,12385.431482212804
5307,12385.443237080324
5308,12385.453218616336
5309,12385.46321759166
5310,12385.473234036719
5311,12385.479026480169
5312,12385.48428726421
5313,12385.489557239449
5314,12385.494124067924
5315,12385.494843540358
5316,12385.495564269562
5317,12385.496286257727
5318,12385.49504996668
5319,12385.491409431213
5320,12385.48776253498
5321,12385.484109266874
5322,12385.477256980714
5323,12385.469420679095
5324,12385.46157068626
5325,12385.453279547526
5326,12385.441424896584
5327,12385.429549534048
5328,12385.417653423789
5329,12385.403755585328
5330,12385.38761238978
5331,12385.371440990377
5332,12385.355241337915
5333,12385.33721386636
5334,12385.316962964242
5335,12385.296676682095
5336,12385.276354958201
5337,12385.25426013883
5338,12385.23007306705
5339,12385.205843738897
5340,12385.181572080663
5341,12385.155481111562
5342,12385.127520570326
5343,12385.099511180764
5344,12385.071452857666
5345,12385.041444364484
5346,12385.009864658523
5347,12384.978229781984
5348,12384.946539638639
5349,12384.912698341896
5350,12384.877645799368
5351,12384.842532019795
5352,12384.807356896354
5353,12384.769772418113
5354,12384.73138578876
5355,12384.692932098407
5356,12384.654411230078
5357,12384.613177027932
5358,12384.571587861059
5359,12384.529926039166
5360,12384.48799295383
5361,12384.443403852703
5362,12384.3987368564
5363,12384.353991829044
5364,12384.308308632188
5365,12384.260156594257
5366,12384.211920437769
5367,12384.163600016002
5368,12384.11519518197
5369,12384.065027360199
5370,12384.013403256575
5371,12383.96168897014
5372,12383.909884343586
5373,12383.857989219341
5374,12383.80350126916
5375,12383.74856284898
5376,12383.693528457468
5377,12383.638397927225
5378,12383.582532818764
5379,12383.524528941354
5380,12383.466423738715
5381,12383.408217034115
5382,12383.349908650525
5383,12383.289895356205
5384,12383.22886792104
5385,12383.16773388035
5386,12383.106493048204
5387,12383.044969036191
5388,12382.981158226225
5389,12382.917235949846
5390,12382.853202012655
5391,12382.789056219897
5392,12382.723589626015
5393,12382.657009090388
5394,12382.59031225173
5395,12382.52349890723
5396,12382.456453364219
5397,12382.38733599694
5398,12382.318097896661
5399,12382.248738852833
5400,12382.179258654527
5401,12382.1084949291
5402,12382.036829182907
5403,12381.96503825402
5404,12381.89312192414
5405,12381.82075863611
5406,12381.746771341031
5407,12381.672654809558
5408,12381.598408816319
5409,12381.524033135545
5410,12381.448183673796
5411,12381.37184076473
5412,12381.295364506545
5413,12381.2187546667
5414,12381.141318798198
5415,12381.062842123343
5416,12380.984228373893
5417,12380.9054773108
5418,12380.826422032907
5419,12380.745898007015
5420,12380.665233332064
5421,12380.584427762798
5422,12380.503481053545
5423,12380.421240144366
5424,12380.338605292334
5425,12380.255826106455
5426,12380.172902335044
5427,12380.089092474662
5428,12380.00456274236
5429,12379.919885368268
5430,12379.835060094947
5431,12379.749670851354
5432,12379.663316426593
5433,12379.576811174791
5434,12379.49015483295
5435,12379.40318283324
5436,12379.315069115715
5437,12379.226801500194
5438,12379.13837971836
5439,12379.049803501402
5440,12378.960015453422
5441,12378.870046492906
5442,12378.77992039644
5443,12378.689636890056
5444,12378.598341870782
5445,12378.506728370636
5446,12378.414954864205
5447,12378.323021072525
5448,12378.230226558242
5449,12378.137021374696
5450,12378.043653406934
5451,12377.950122371145
5452,12377.85583948801
5453,12377.761091775646
5454,12377.66617858707
5455,12377.571099633778
5456,12377.47534247905
5457,12377.379097922543
5458,12377.282685277689
5459,12377.186104251432
5460,12377.088889298093
5461,12376.99119032932
5462,12376.893320734245
5463,12376.79528021541
5464,12376.696625791266
5465,12376.59751179258
5466,12376.498224698496
5467,12376.398764207257
5468,12376.298690040769
5469,12376.198197535497
5470,12376.097529529594
5471,12375.996685717113
5472,12375.895212542802
5473,12375.793375373672
5474,12375.691360357852
5475,12375.589167185333
5476,12375.486316402106
5477,12375.383165898163
5478,12375.279835256271
5479,12375.176324162418
5480,12375.072117539448
5481,12374.967682672775
5482,12374.863065427564
5483,12374.758233127017
5484,12374.652724910235
5485,12374.547032442286
5486,12374.441155402003
5487,12374.334979712445
5488,12374.228240729506
5489,12374.121315348535
5490,12374.014203244626
5491,12373.906707748338
5492,12373.79876070304
5493,12373.690625152556
5494,12373.582300768332
5495,12373.47350848592
5496,12373.364374261038
5497,12373.255049460371
5498,12373.145533751758
5499,12373.035467023712
5500,12372.925164793454
5501,12372.814669950361
5502,12372.703920933138
5503,12372.592662549197
5504,12372.481209884714
5505,12372.369562601103
5506,12372.257559355843
5507,12372.145168579204
5508,12372.032581547302
5509,12371.9197979181
5510,12371.806561736948
5511,12371.693053196988
5512,12371.579346452645
5513,12371.465405497103
5514,12371.350992282258
5515,12371.236379285376
5516,12371.121566158303
5517,12371.006413850426
5518,12370.89091014449
5519,12370.77520475515
5520,12370.659297330953
5521,12370.542952969427
5522,12370.426369651621
5523,12370.309582768108
5524,12370.192521742658
5525,12370.075073672462
5526,12369.957420528774
5527,12369.839561954259
5528,12369.721329614578
5529,12369.602822324225
5530,12369.484108113818
5531,12369.365150118178
5532,12369.24579977834
5533,12369.126241048665
5534,12369.006473566038
5535,12368.886322607228
5536,12368.765864439867
5537,12368.645195951358
5538,12368.524316775241
5539,12368.403226544411
5540,12368.281693567003
5541,12368.159931203681
5542,12368.03795624591
5543,12367.915768323255
5544,12367.79330837453
5545,12367.670466114972
5546,12367.54740937859
5547,12367.424137791688
5548,12367.300650979949
5549,12367.176819045299
5550,12367.05269278375
5551,12366.928349807533
5552,12366.803789739064
5553,12366.679007142058
5554,12366.553822004931
5555,12366.428418307634
5556,12366.302795669393
5557,12366.176953708768
5558,12366.050811301471
5559,12365.924356077936
5560,12365.797680080886
5561,12365.6707829257
5562,12365.543664227107
5563,12365.416174575237
5564,12365.288453076542
5565,12365.16050859776
5566,12365.032340750446
5567,12364.903883793071
5568,12364.775123407931
5569,12364.64613823238
5570,12364.516927874825
5571,12364.387491943004
5572,12364.257679764232
5573,12364.12764070873
5574,12363.997374634817
5575,12363.866881147047
5576,12363.736159849279
5577,12363.605090935447
5578,12363.473777160052
5579,12363.342234145275
5580,12363.210461491819
5581,12363.078458799677
5582,12362.946126971481
5583,12362.81354099948
5584,12362.680723571657
5585,12362.547674284851
5586,12362.414392735232
5587,12362.280792739617
5588,12362.14693579656
5589,12362.012845183503
5590,12361.878520493443
5591,12361.743961318702
5592,12361.609088526287
5593,12361.473960656598
5594,12361.338596902928
5595,12361.202996854452
5596,12361.067160099616
5597,12360.931010259337
5598,12360.79461043166
5599,12360.657972504368
5600,12360.521096062776
5601,12360.383980691493
5602,12360.246549733083
5603,12360.10887593532
5604,12359.970961818903
5605,12359.83280696531
5606,12359.694403386029
5607,12359.55569483203
5608,12359.416744157057
5609,12359.277550939456
5610,12359.138114756857
5611,12358.998416680502
5612,12358.858429750931
5613,12358.718198473904
5614,12358.577722423908
5615,12358.437001174705
5616,12358.296004979038
5617,12358.154735208798
5618,12358.01321885696
5619,12357.871455494145
5620,12357.729444690232
5621,12357.587146415759
5622,12357.444588655912
5623,12357.301782071485
5624,12357.158726229196
5625,12357.015416882154
5626,12356.871815997702
5627,12356.72796447215
5628,12356.583861869074
5629,12356.43950775131
5630,12356.294884542014
5631,12356.14998579954
5632,12356.004834156001
5633,12355.859429171067
5634,12355.713770403636
5635,12355.56782861882
5636,12355.421625147841
5637,12355.275166503994
5638,12355.128452242996
5639,12354.981474900696
5640,12354.83421635288
5641,12354.68670079513
5642,12354.538927779995
5643,12354.390896859246
5644,12354.242586737193
5645,12354.094007694142
5646,12353.945169342089
5647,12353.796071229606
5648,12353.646712904465
5649,12353.49707711416
5650,12353.34717010334
5651,12353.19700147156
5652,12353.046570763383
5653,12352.895877522584
5654,12352.744906868358
5655,12352.593663919459
5656,12352.442157023883
5657,12352.290385722163
5658,12352.138349554025
5659,12351.98603487126
5660,12351.833447558736
5661,12351.680593959265
5662,12351.527473609334
5663,12351.374086044601
5664,12351.220418130824
5665,12351.066477611694
5666,12350.912268450069
5667,12350.757790178362
5668,12350.60304232814
5669,12350.448011889946
5670,12350.29270893757
5671,12350.137134971215
5672,12349.981289519177
5673,12349.825171760584
5674,12349.668769721417
5675,12349.512094755253
5676,12349.35514638706
5677,12349.197924141012
5678,12349.040425176952
5679,12348.882643617315
5680,12348.724586729659
5681,12348.566254034817
5682,12348.407645052774
5683,12348.248755348304
5684,12348.0895840744
5685,12347.930135053846
5686,12347.77040780328
5687,12347.610401838503
5688,12347.450111355407
5689,12347.289539521023
5690,12347.128687502594
5691,12346.967554812541
5692,12346.806140962444
5693,12346.644441550416
5694,12346.482458611295
5695,12346.320193032514
5696,12346.157644322242
5697,12345.994811987792
5698,12345.831692684815
5699,12345.668287823242
5700,12345.504597847697
5701,12345.340622262052
5702,12345.176360569338
5703,12345.011810312457
5704,12344.846972455864
5705,12344.681846991833
5706,12344.516433419927
5707,12344.35073123886
5708,12344.18473884312
5709,12344.018456680536
5710,12343.851884397496
5711,12343.685021489215
5712,12343.51786745005
5713,12343.350421592948
5714,12343.182683589463
5715,12343.014652932552
5716,12342.846329113076
5717,12342.677711727794
5718,12342.508800831296
5719,12342.339595240801
5720,12342.170094443634
5721,12342.000297926197
5722,12341.830205684302
5723,12341.659817824251
5724,12341.489132700735
5725,12341.318149796623
5726,12341.146868593882
5727,12340.975289813594
5728,12340.80341287481
5729,12340.631236082145
5730,12340.45875891398
5731,12340.28598084781
5732,12340.112903673216
5733,12339.939525359421
5734,12339.765844580075
5735,12339.591860809043
5736,12339.417573519291
5737,12339.242985920295
5738,12339.068093761787
5739,12338.892896504507
5740,12338.71739361776
5741,12338.541585763374
5742,12338.365474343085
5743,12338.189055703308
5744,12338.012329309686
5745,12337.835294626939
5746,12337.65795391557
5747,12337.480305889136
5748,12337.30234797064
5749,12337.124079621117
5750,12336.94550030066
5751,12336.766614254853
5752,12336.587416691349
5753,12336.40790654087
5754,12336.228083259786
5755,12336.047947698755
5756,12335.867502273397
5757,12335.686742090933
5758,12335.505666603975
5759,12335.3242752642
5760,12335.142571226323
5761,12334.960552688579
5762,12334.778216658078
5763,12334.595562582705
5764,12334.412589909398
5765,12334.229304430935
5766,12334.04569940021
5767,12333.861774117951
5768,12333.677528027283
5769,12333.492963206601
5770,12333.308080624369
5771,12333.122875569168
5772,12332.93734748029
5773,12332.751495796043
5774,12332.56532585719
5775,12332.378832374809
5776,12332.192013618527
5777,12332.00486902279
5778,12331.81740039972
5779,12331.629609919659
5780,12331.44149191067
5781,12331.253045803305
5782,12331.064271027124
5783,12330.875172733056
5784,12330.685746698085
5785,12330.495990290667
5786,12330.30590293644
5787,12330.115485331175
5788,12329.924742424344
5789,12329.733666855727
5790,12329.542258046991
5791,12329.35051541883
5792,12329.158443244858
5793,12328.966039583418
5794,12328.773300373145
5795,12328.580225030735
5796,12328.386813024901
5797,12328.19307227088
5798,12327.998993643765
5799,12327.80457655624
5800,12327.609820419962
5801,12327.414728425134
5802,12327.2193012997
5803,12327.023533369895
5804,12326.827424043344
5805,12326.63097272664
5806,12326.434186490835
5807,12326.237058557484
5808,12326.039586863575
5809,12325.841770811616
5810,12325.643612048745
5811,12325.445114789565
5812,12325.24627138992
5813,12325.047081248209
5814,12324.84754376181
5815,12324.647664725646
5816,12324.447440201164
5817,12324.246866534346
5818,12324.045943118432
5819,12323.844670767372
5820,12323.643055625394
5821,12323.441088924425
5822,12323.238770053524
5823,12323.03609840069
5824,12322.833079716156
5825,12322.629710399215
5826,12322.425986474973
5827,12322.221907327234
5828,12322.017474251319
5829,12321.812692664385
5830,12321.607554016131
5831,12321.402057686126
5832,12321.196203052848
5833,12320.989997149118
5834,12320.783434034385
5835,12320.576510762827
5836,12320.369226708666
5837,12320.161585004955
5838,12319.953587609818
5839,12319.745227565874
5840,12319.536504243018
5841,12319.327417104609
5842,12319.11797554411
5843,12318.908168825745
5844,12318.697996315112
5845,12318.487457376703
5846,12318.2765583595
5847,12318.065294993656
5848,12317.85366330497
5849,12317.641662653572
5850,12317.429296297603
5851,12317.216566240371
5852,12317.003465312395
5853,12316.78999286941
5854,12316.576149318507
5855,12316.361942455123
5856,12316.147362155652
5857,12315.93240777141
5858,12315.717078652591
5859,12315.501383244467
5860,12315.285313370505
5861,12315.06886682442
5862,12314.85204295193
5863,12314.634847931486
5864,12314.417278209065
5865,12314.199329209452
5866,12313.981000273881
5867,12313.762295554237
5868,12313.543215638525
5869,12313.32375382271
5870,12313.103909443516
5871,12312.883684865094
5872,12312.663084340185
5873,12312.442099274327
5874,12312.220728999673
5875,12311.998974329263
5876,12311.77684270824
5877,12311.554323887329
5878,12311.33141719412
5879,12311.108122124053
5880,12310.884448848685
5881,12310.66038569631
5882,12310.435931989901
5883,12310.211087051248
5884,12309.98586057793
5885,12309.760242446282
5886,12309.534231060508
5887,12309.30782573776
5888,12309.081035421925
5889,12308.853851591592
5890,12308.626271788571
5891,12308.398295325349
5892,12308.16993061474
5893,12307.941170294605
5894,12307.71201126464
5895,12307.48245283261
5896,12307.252503097505
5897,12307.022155424664
5898,12306.79140628614
5899,12306.560254984943
5900,12306.328709517255
5901,12306.096763556807
5902,12305.864413355996
5903,12305.631658213035
5904,12305.3985062255
5905,12305.164950970553
5906,12304.930988681588
5907,12304.696618652028
5908,12304.461849277313
5909,12304.226673648827
5910,12303.991088173605
5911,12303.755092140213
5912,12303.518694429997
5913,12303.28188727677
5914,12303.04466744488
5915,12302.807034218022
5916,12302.568997141976
5917,12302.330547240566
5918,12302.091681809248
5919,12301.852400126822
5920,12301.612712571576
5921,12301.372608626385
5922,12301.13208628061
5923,12300.891144808083
5924,12300.64979557606
5925,12300.408026219302
5926,12300.165835571708
5927,12299.923223452528
5928,12299.680200710223
5929,12299.436754502005
5930,12299.192884093009
5931,12298.948590406188
5932,12298.703882225413
5933,12298.458747654022
5934,12298.213185952103
5935,12297.967199251443
5936,12297.720794068564
5937,12297.473959550452
5938,12297.226694952136
5939,12296.979003700519
5940,12296.730889880602
5941,12296.482343760825
5942,12296.233364591126
5943,12295.983957158518
5944,12295.73412299572
5945,12295.483853548301
5946,12295.233148061065
5947,12294.982012722065
5948,12294.730446439975
5949,12294.478441868256
5950,12294.225998246531
5951,12293.973123177557
5952,12293.719812929852
5953,12293.466061367126
5954,12293.211867723814
5955,12292.95724099983
5956,12292.702174870881
5957,12292.44666438104
5958,12292.190708759494
5959,12291.934318350204
5960,12291.677484355967
5961,12291.420202934369
5962,12291.16247330932
5963,12290.904307074563
5964,12290.645693163557
5965,12290.386628737997
5966,12290.127113016484
5967,12289.867158700741
5968,12289.606752755155
5969,12289.345893186997
5970,12289.084579209532
5971,12288.822824435263
5972,12288.560614272332
5973,12288.297947357878
5974,12288.034822899786
5975,12287.771255159612
5976,12287.507228533384
5977,12287.242742005643
5978,12286.977794778855
5979,12286.712401425568
5980,12286.446546028596
5981,12286.18022755897
5982,12285.913445213719
5983,12285.646213448432
5984,12285.378516914134
5985,12285.110354114808
5986,12284.841724241996
5987,12284.572641099365
5988,12284.303091004607
5989,12284.03307143112
5990,12283.762581564906
5991,12283.491633894753
5992,12283.220217762853
5993,12282.94832891708
5994,12282.675966537896
5995,12282.403140932602
5996,12282.129846160144
5997,12281.85607541704
5998,12281.581827878159
5999,12281.307110884856
6000,12281.031924529934
6001,12280.756258925372
6002,12280.480113240394
6003,12280.203492333098
6004,12279.926401365556
6005,12279.648827847004
6006,12279.370770940994
6007,12279.092233674686
6008,12278.813225762693
6009,12278.533731977164
6010,12278.253751475964
6011,12277.97328341551
6012,12277.692344285982
6013,12277.410917013152
6014,12277.128999673732
6015,12276.846591418387
6016,12276.563704433967
6017,12276.280330363361
6018,12275.996462852403
6019,12275.712101045976
6020,12275.427253347167
6021,12275.141919077476
6022,12274.856087970678
6023,12274.569759165828
6024,12274.28293780548
6025,12273.995629844198
6026,12273.707821625905
6027,12273.419512283785
6028,12273.130704226503
6029,12272.84140898905
6030,12272.551610051381
6031,12272.261306540768
6032,12271.970498662213
6033,12271.67920247153
6034,12271.387399113959
6035,12271.09508771083
6036,12270.802267381958
6037,12270.508955883053
6038,12270.215134311657
6039,12269.920801198437
6040,12269.625955657208
6041,12269.33061444427
6042,12269.03476077128
6043,12268.73839203637
6044,12268.441507347346
6045,12268.144123002872
6046,12267.846223245813
6047,12267.54780488279
6048,12267.248867015498
6049,12266.949426030662
6050,12266.64946611193
6051,12266.348984019034
6052,12266.04797884758
6053,12265.746467621504
6054,12265.44443336762
6055,12265.141873347106
6056,12264.838786649392
6057,12264.535191488534
6058,12264.231068629544
6059,12263.926416386974
6060,12263.621234689177
6061,12263.315540961697
6062,12263.009315130508
6063,12262.7025562742
6064,12262.395266489693
6065,12262.08745898527
6066,12261.779115717083
6067,12261.470235757446
6068,12261.160823935032
6069,12260.850888115245
6070,12260.540412846729
6071,12260.229397195484
6072,12259.91784928897
6073,12259.605770516608
6074,12259.293148585484
6075,12258.979982555235
6076,12258.666284422894
6077,12258.352047961107
6078,12258.037264605287
6079,12257.721933408675
6080,12257.406070812478
6081,12257.08966182417
6082,12256.772702181153
6083,12256.455192505171
6084,12256.137149535347
6085,12255.818553082601
6086,12255.499402188892
6087,12255.179702936932
6088,12254.859461268612
6089,12254.53866231189
6090,12254.21730510222
6091,12253.895401768574
6092,12253.572946285867
6093,12253.249929683405
6094,12252.926350990083
6095,12252.602228970449
6096,12252.277544454733
6097,12251.95229496187
6098,12251.626485097622
6099,12251.300124104902
6100,12250.973195234104
6101,12250.64569750256
6102,12250.317643194125
6103,12249.989026323496
6104,12249.659837671461
6105,12249.330076248683
6106,12248.999766948218
6107,12248.668883052776
6108,12248.337423453679
6109,12248.005387154873
6110,12247.672790875891
6111,12247.339624406084
6112,12247.005878283779
6113,12246.671551506153
6114,12246.336653353808
6115,12246.001188654689
6116,12245.665140327454
6117,12245.32850736249
6118,12244.991292340872
6119,12244.653513651334
6120,12244.315147331125
6121,12243.976192363782
6122,12243.636647731115
6123,12243.29653682745
6124,12242.955836619298
6125,12242.61454372745
6126,12242.272657126798
6127,12241.930195190607
6128,12241.587145091848
6129,12241.243498245472
6130,12240.899253619436
6131,12240.55442532149
6132,12240.209009221038
6133,12239.862992281523
6134,12239.516373463914
6135,12239.169163371093
6136,12238.821365048807
6137,12238.472961768295
6138,12238.123952483495
6139,12237.774345058104
6140,12237.42414818398
6141,12237.07334220458
6142,12236.721926066759
6143,12236.36990566581
6144,12236.017293799267
6145,12235.664068652317
6146,12235.310229164697
6147,12234.955780039218
6148,12234.600736628436
6149,12234.245075733874
6150,12233.888796288062
6151,12233.531902582443
6152,12233.174410963575
6153,12232.81629762908
6154,12232.457561504289
6155,12232.098207255514
6156,12231.738250651899
6157,12231.377668072191
6158,12231.016458434427
6159,12230.654627571406
6160,12230.292189093005
6161,12229.929120349208
6162,12229.565420250754
6163,12229.201096593659
6164,12228.836159236063
6165,12228.470587294778
6166,12228.104379673146
6167,12227.737546932562
6168,12227.370093576432
6169,12227.00200128909
6170,12226.63326896647
6171,12226.263910742824
6172,12225.893924153073
6173,12225.523294255194
6174,12225.15201993766
6175,12224.78011972042
6176,12224.407582545424
6177,12224.034397655802
6178,12223.660563932508
6179,12223.28610509945
6180,12222.910999870315
6181,12222.535242490258
6182,12222.158833034515
6183,12221.781797649184
6184,12221.404106778942
6185,12221.025759291522
6186,12220.64676191439
6187,12220.267127670946
6188,12219.886833453804
6189,12219.505878123031
6190,12219.124275891721
6191,12218.742024995148
6192,12218.359109605766
6193,12217.97552857592
6194,12217.591304443218
6195,12217.206418978245
6196,12216.820864470805
6197,12216.434642176966
6198,12216.04777656897
6199,12215.660238499351
6200,12215.272026806893
6201,12214.883155878306
6202,12214.493632439546
6203,12214.103431950181
6204,12213.712553241185
6205,12213.320995141532
6206,12212.928786060509
6207,12212.535904973165
6208,12212.142341038441
6209,12211.748093077427
6210,12211.353165712273
6211,12210.9575857265
6212,12210.56131823443
6213,12210.164362049243
6214,12209.766715982061
6215,12209.368401881733
6216,12208.96941237764
6217,12208.569729482162
6218,12208.169351998458
6219,12207.768280620978
6220,12207.366550526242
6221,12206.964122310268
6222,12206.560994768151
6223,12206.157166692941
6224,12205.752659245025
6225,12205.347466973335
6226,12204.941570605713
6227,12204.534968927095
6228,12204.127664602107
6229,12203.7196894137
6230,12203.311005327498
6231,12202.901611120258
6232,12202.491505566675
6233,12202.080715073183
6234,12201.6692242485
6235,12201.257018460406
6236,12200.844096475352
6237,12200.430468889937
6238,12200.01615217929
6239,12199.601115630305
6240,12199.185358001136
6241,12198.768878047835
6242,12198.35171342277
6243,12197.933826804092
6244,12197.515214189194
6245,12197.095874325767
6246,12196.675831770814
6247,12196.255075644167
6248,12195.83358857223
6249,12195.411369294281
6250,12194.988430501302
6251,12194.564785298036
6252,12194.140404167169
6253,12193.715285839506
6254,12193.28943237475
6255,12192.862878394952
6256,12192.435583471759
6257,12192.007546327482
6258,12191.57876568223
6259,12191.149277042532
6260,12190.719048461397
6261,12190.288072601124
6262,12189.856348173256
6263,12189.423902823743
6264,12188.99072058587
6265,12188.556785976878
6266,12188.122097699652
6267,12187.686676793392
6268,12187.250520765898
6269,12186.81360724113
6270,12186.375934913258
6271,12185.937519474568
6272,12185.498369389765
6273,12185.058456647117
6274,12184.617779932047
6275,12184.176350855767
6276,12183.734186310132
6277,12183.291253911466
6278,12182.847552336389
6279,12182.403090387046
6280,12181.957890840387
6281,12181.51191821068
6282,12181.06517116566
6283,12180.617656976732
6284,12180.169401751342
6285,12179.720368177814
6286,12179.270554914952
6287,12178.819968988128
6288,12178.368637267835
6289,12177.916521899013
6290,12177.463621531488
6291,12177.00994423582
6292,12176.555515065138
6293,12176.100296910021
6294,12175.64428841124
6295,12175.187499982414
6296,12174.729952265583
6297,12174.27161019265
6298,12173.812472395286
6299,12173.352552934777
6300,12172.891865434896
6301,12172.430378171277
6302,12171.96808976641
6303,12171.505019240692
6304,12171.041170578836
6305,12170.57651670936
6306,12170.111056245543
6307,12169.644814485315
6308,12169.177783139483
6309,12168.709941105726
6310,12168.241286988034
6311,12167.771853687293
6312,12167.301617991625
6313,12166.830566091028
6314,12166.358696580148
6315,12165.886051295494
6316,12165.412589439291
6317,12164.938305824231
6318,12164.463205230388
6319,12163.987321185305
6320,12163.51061121208
6321,12163.03307388891
6322,12162.554725301236
6323,12162.075576654888
6324,12161.595596461428
6325,12161.114783289537
6326,12160.63316588245
6327,12160.150730421554
6328,12159.667457756996
6329,12159.183346447875
6330,12158.698439255222
6331,12158.212694618107
6332,12157.726107082946
6333,12157.238686264976
6334,12156.750457113323
6335,12156.261380788921
6336,12155.771455834036
6337,12155.280708298626
6338,12154.789130559462
6339,12154.29669988653
6340,12153.803414812364
6341,12153.309319202484
6342,12152.814370101647
6343,12152.318562267554
6344,12151.821909339384
6345,12151.324429037688
6346,12150.826085649142
6347,12150.326877689085
6348,12149.82683906535
6349,12149.325947264188
6350,12148.824186508858
6351,12148.321562366787
6352,12147.818109231031
6353,12147.313782736606
6354,12146.808581381514
6355,12146.302533478358
6356,12145.795628236709
6357,12145.28784370049
6358,12144.7791817443
6359,12144.26968468265
6360,12143.759303870469
6361,12143.248037788222
6362,12142.735913556226
6363,12142.222923308273
6364,12141.70904330455
6365,12141.19427614669
6366,12140.678663237844
6367,12140.16215606522
6368,12139.644753091525
6369,12139.126484689361
6370,12138.60733703458
6371,12138.087289040659
6372,12137.566348498203
6373,12137.044546982008
6374,12136.521840566036
6375,12135.998227695047
6376,12135.473746481055
6377,12134.94836817469
6378,12134.422078822265
6379,12133.894895908417
6380,12133.3668321765
6381,12132.837852784669
6382,12132.30795615955
6383,12131.777192683367
6384,12131.245509626944
6385,12130.712904692637
6386,12130.17940960825
6387,12129.645009194459
6388,12129.10968223511
6389,12128.573451579596
6390,12128.03635065229
6391,12127.498318541646
6392,12126.959353648115
6393,12126.419454369461
6394,12125.878625616417
6395,12125.336937368185
6396,12124.794310058578
6397,12124.250742074795
6398,12123.706231801292
6399,12123.160777619829
6400,12122.61445554332
6401,12122.067194169706
6402,12121.518984165179
6403,12120.969823900808
6404,12120.419711744924
6405,12119.868713935133
6406,12119.316779310275
6407,12118.76388803182
6408,12118.210038457346
6409,12117.655228941643
6410,12117.099519715295
6411,12116.542872327394
6412,12115.985260196747
6413,12115.426681667304
6414,12114.867135080241
6415,12114.306678457731
6416,12113.74527846772
6417,12113.182905578811
6418,12112.61955812123
6419,12112.055234422409
6420,12111.489994125499
6421,12110.923801364572
6422,12110.356627481053
6423,12109.78847079135
6424,12109.219329609043
6425,12108.649269058506
6426,12108.078243025393
6427,12107.50622757794
6428,12106.933221018608
6429,12106.359221647022
6430,12105.784303960281
6431,12105.208403818726
6432,12104.631505902471
6433,12104.053608499933
6434,12103.474709896669
6435,12102.894897885393
6436,12102.31408246143
6437,12101.732260833262
6438,12101.149431275153
6439,12100.565609338266
6440,12099.980861087972
6441,12099.395099890426
6442,12098.808324008567
6443,12098.220531702442
6444,12097.631721229136
6445,12097.041975189244
6446,12096.451226548863
6447,12095.859454674151
6448,12095.266657810795
6449,12094.672834201518
6450,12094.078035674822
6451,12093.482257579062
6452,12092.885447628494
6453,12092.287604054321
6454,12091.688725084801
6455,12091.088836344457
6456,12090.487986434639
6457,12089.886095978494
6458,12089.28316319267
6459,12088.679186290803
6460,12088.074169298154
6461,12087.46820486691
6462,12086.861191126258
6463,12086.25312627814
6464,12085.644008521489
6465,12085.033836052222
6466,12084.422702912141
6467,12083.810522755939
6468,12083.197282642248
6469,12082.582980755149
6470,12081.96761527573
6471,12081.351268877706
6472,12080.733878820156
6473,12080.115419882253
6474,12079.495890233158
6475,12078.875288038955
6476,12078.253689328843
6477,12077.631045526541
6478,12077.007323847636
6479,12076.382522446223
6480,12075.756639473313
6481,12075.129749074818
6482,12074.501807323952
6483,12073.872778626275
6484,12073.242661120697
6485,12072.611452943029
6486,12071.97923115529
6487,12071.345946888943
6488,12070.711566531028
6489,12070.076088205165
6490,12069.439510031827
6491,12068.801929875068
6492,12068.16327498699
6493,12067.523514816581
6494,12066.882647472106
6495,12066.240671058637
6496,12065.597603031614
6497,12064.953532506097
6498,12064.308347432278
6499,12063.662045902918
6500,12063.014626007596
6501,12062.366085832673
6502,12061.716498955824
6503,12061.065843518909
6504,12060.41406226907
6505,12059.761153280246
6506,12059.107114623148
6507,12058.451952041036
6508,12057.795780409797
6509,12057.138473531732
6510,12056.480029465027
6511,12055.820446264619
6512,12055.15972198219
6513,12054.49793361691
6514,12053.835054827841
6515,12053.171029323252
6516,12052.505855142177
6517,12051.839530320372
6518,12051.17207681677
6519,12050.50357945595
6520,12049.833925774903
6521,12049.16311379664
6522,12048.491141540877
6523,12047.818007024021
6524,12047.143819895196
6525,12046.468492188349
6526,12045.79199648721
6527,12045.114330795324
6528,12044.4354931129
6529,12043.755543843827
6530,12043.074494628305
6531,12042.392267642292
6532,12041.70886087303
6533,12041.024272304428
6534,12040.338519168326
6535,12039.65170057424
6536,12038.963694353743
6537,12038.274498477653
6538,12037.584110913425
6539,12036.892529625118
6540,12036.199875609022
6541,12035.506041813675
6542,12034.811008409933
6543,12034.11477334866
6544,12033.417334577323
6545,12032.718783403892
6546,12032.019073299723
6547,12031.318153553253
6548,12030.61602209866
6549,12029.912676866677
6550,12029.208185704276
6551,12028.502550160569
6552,12027.795694858953
6553,12027.087617716772
6554,12026.378316647913
6555,12025.667842314651
6556,12024.956231800992
6557,12024.243391331484
6558,12023.529318806512
6559,12022.814012122964
6560,12022.097511084063
6561,12021.3798756672
6562,12020.661000013588
6563,12019.940882006505
6564,12019.21951952573
6565,12018.496947890786
6566,12017.773237231626
6567,12017.048275971187
6568,12016.32206197556
6569,12015.594593107264
6570,12014.865906627609
6571,12014.136069978034
6572,12013.404972278435
6573,12012.672611377535
6574,12011.938985120489
6575,12011.204139186479
6576,12010.46812538632
6577,12009.73084000251
6578,12008.992280866274
6579,12008.25244580526
6580,12007.511395443538
6581,12006.769152917355
6582,12006.02562818835
6583,12005.280819070129
6584,12004.534723372699
6585,12003.78742324344
6586,12003.038899997407
6587,12002.289083843194
6588,12001.537972576662
6589,12000.785563990035
6590,12000.031968384212
6591,11999.277112002908
6592,11998.520951921231
6593,11997.763485917154
6594,11997.00471176499
6595,11996.244774601564
6596,11995.483532244774
6597,11994.720975307915
6598,11993.95710155094
6599,11993.191941860285
6600,11992.425583553259
6601,11991.657901952769
6602,11990.888894804355
6603,11990.1185598498
6604,11989.346975015265
6605,11988.574134803508
6606,11987.799960259854
6607,11987.02444911158
6608,11986.247599082177
6609,11985.469541968176
6610,11984.690165807055
6611,11983.909444186258
6612,11983.127374814636
6613,11982.343990706047
6614,11981.559378485483
6615,11980.773411893275
6616,11979.986088623547
6617,11979.197406366611
6618,11978.407464479473
6619,11977.616218195504
6620,11976.823606249995
6621,11976.02962631841
6622,11975.234289113012
6623,11974.43772819427
6624,11973.639792572281
6625,11972.84047990758
6626,11972.039787856827
6627,11971.237806124254
6628,11970.434511600648
6629,11969.629830919586
6630,11968.823761722682
6631,11968.01631534819
6632,11967.207626472054
6633,11966.397542265257
6634,11965.586060354271
6635,11964.773178361665
6636,11963.958999445
6637,11963.143475975683
6638,11962.326545554952
6639,11961.508205790102
6640,11960.68849189446
6641,11959.867493197053
6642,11959.04507824174
6643,11958.221244620472
6644,11957.395989921268
6645,11956.569454185254
6646,11955.74151843997
6647,11954.912154647225
6648,11954.081360379554
6649,11953.249232512011
6650,11952.415767796016
6651,11951.580865639802
6652,11950.74452360044
6653,11949.906739230984
6654,11949.0676044089
6655,11948.227127495176
6656,11947.385201230243
6657,11946.541823151572
6658,11945.696990792569
6659,11944.85079971036
6660,11944.00325253519
6661,11943.154244002362
6662,11942.303771629575
6663,11941.451832930457
6664,11940.598535883946
6665,11939.743859919545
6666,11938.887710494822
6667,11938.030085107608
6668,11937.170981251593
6669,11936.310528135142
6670,11935.448664386377
6671,11934.585314977767
6672,11933.72047738708
6673,11932.854149087916
6674,11931.986489391462
6675,11931.117378392413
6676,11930.246769436379
6677,11929.374659980918
6678,11928.501047479407
6679,11927.626130285611
6680,11926.749712096354
6681,11925.87178355463
6682,11924.992342097652
6683,11924.111424668648
6684,11923.229159139659
6685,11922.345373342712
6686,11921.460064698758
6687,11920.57323062453
6688,11919.684963409276
6689,11918.795281948023
6690,11917.90406764512
6691,11917.011317900899
6692,11916.117030111427
6693,11915.22136103721
6694,11914.324202361571
6695,11913.425498170216
6696,11912.525245842713
6697,11911.623461335137
6698,11910.720319329937
6699,11909.815621670894
6700,11908.909365720974
6701,11908.001548838809
6702,11907.092268083603
6703,11906.181537691788
6704,11905.26923879017
6705,11904.355368720662
6706,11903.439924820834
6707,11902.523094566644
6708,11901.604713137775
6709,11900.684750240716
6710,11899.763203196182
6711,11898.84013966848
6712,11897.915635889452
6713,11896.98954027689
6714,11896.061850134573
6715,11895.132562761863
6716,11894.20185320365
6717,11893.269584738731
6718,11892.335711296266
6719,11891.400230158551
6720,11890.463210266202
6721,11889.524728562004
6722,11888.584631366608
6723,11887.642915945133
6724,11886.699579558235
6725,11885.75481570324
6726,11884.808454050439
6727,11883.860463574378
6728,11882.910841518431
6729,11881.959689134183
6730,11881.00702206694
6731,11880.05271551254
6732,11879.096766696935
6733,11878.139190836926
6734,11877.180177144364
6735,11876.219513233626
6736,11875.257196313176
6737,11874.293223586954
6738,11873.32776001447
6739,11872.360697214326
6740,11871.391970588378
6741,11870.421577322939
6742,11869.449610407699
6743,11868.476106928872
6744,11867.500928740195
6745,11866.52407301024
6746,11865.545570313758
6747,11864.565609368303
6748,11863.58396280403
6749,11862.600627771777
6750,11861.615601417729
6751,11860.62898921564
6752,11859.640832181958
6753,11858.650975685225
6754,11857.659416853747
6755,11856.66615281117
6756,11855.671375242828
6757,11854.674954856175
6758,11853.67682105298
6759,11852.676970938877
6760,11851.675431322956
6761,11850.67242323969
6762,11849.66769062131
6763,11848.661230555392
6764,11847.653040124778
6765,11846.643167324213
6766,11845.63179311561
6767,11844.618680253521
6768,11843.6038258026
6769,11842.587226822745
6770,11841.568964946977
6771,11840.54915617825
6772,11839.527594526751
6773,11838.504277034062
6774,11837.479200736956
6775,11836.452493453004
6776,11835.42418115273
6777,11834.394101628704
6778,11833.36225189926
6779,11832.328628977873
6780,11831.293419507323
6781,11830.256534163591
6782,11829.217867142625
6783,11828.177415439339
6784,11827.135176043768
6785,11826.09140715971
6786,11825.04587871634
6787,11823.998554028967
6788,11822.949430068906
6789,11821.898552096432
6790,11820.846117826504
6791,11819.79187567917
6792,11818.735822606946
6793,11817.677955557416
6794,11816.6184146302
6795,11815.557210271876
6796,11814.494183264242
6797,11813.429330535924
6798,11812.362649010594
6799,11811.294386632699
6800,11810.224340589288
6801,11809.152457009117
6802,11808.07873279675
6803,11807.003232525114
6804,11805.926122066881
6805,11804.847162182676
6806,11803.766349757874
6807,11802.683681672857
6808,11801.599354112243
6809,11800.513272191272
6810,11799.42532574768
6811,11798.33551164249
6812,11797.24386206527
6813,11796.150612092633
6814,11795.055485541277
6815,11793.958479252813
6816,11792.859590063747
6817,11791.759005861555
6818,11790.656652829413
6819,11789.552407910065
6820,11788.446267920472
6821,11787.338276384131
6822,11786.228650212453
6823,11785.117119928509
6824,11784.003682329569
6825,11782.888334207737
6826,11781.7712991944
6827,11780.652436524499
6828,11779.531654219352
6829,11778.408949051262
6830,11777.284420176993
6831,11776.15817781047
6832,11775.030003412543
6833,11773.899893735574
6834,11772.767845526714
6835,11771.634162788916
6836,11770.498548620471
6837,11769.360986680462
6838,11768.221473695969
6839,11767.080209346572
6840,11765.937107436968
6841,11764.792045186408
6842,11763.64501930179
6843,11762.496134247982
6844,11761.34549633219
6845,11760.192885428765
6846,11759.038298224325
6847,11757.88175312978
6848,11756.723530646748
6849,11755.563322451699
6850,11754.401125210843
6851,11753.236935585064
6852,11752.071024585452
6853,11750.903170161911
6854,11749.733313869538
6855,11748.561452348677
6856,11747.38779121116
6857,11746.212241322604
6858,11745.034676663532
6859,11743.855093853615
6860,11742.673642438742
6861,11741.490347547346
6862,11740.305024904628
6863,11739.117671109516
6864,11737.92838902884
6865,11736.73729929386
6866,11735.544168747234
6867,11734.34899396702
6868,11733.151840581793
6869,11731.95290585791
6870,11730.751917182108
6871,11729.548871111438
6872,11728.34380553128
6873,11727.136975366942
6874,11725.92807803
6875,11724.717110056421
6876,11723.504091138004
6877,11722.289314773889
6878,11721.07245793569
6879,11719.853517138132
6880,11718.632503483952
6881,11717.40972985119
6882,11716.184862361566
6883,11714.957897508502
6884,11713.728847465434
6885,11712.498025184002
6886,11711.265095581257
6887,11710.030055129173
6888,11708.792926787239
6889,11707.55400416429
6890,11706.31296067345
6891,11705.069792765107
6892,11703.824543956118
6893,11702.577468984393
6894,11701.328259515603
6895,11700.076911978475
6896,11698.823500274751
6897,11697.568220630783
6898,11696.310792777565
6899,11695.05121312203
6900,11693.78959583499
6901,11692.526058877467
6902,11691.260359915059
6903,11689.99249533278
6904,11688.722629511642
6905,11687.45078227978
6906,11686.176759163482
6907,11684.900556525736
6908,11683.622398956211
6909,11682.342188168017
6910,11681.059787531492
6911,11679.775193387475
6912,11678.488700590371
6913,11677.20007264092
6914,11675.909240794444
6915,11674.616214306596
6916,11673.321329599446
6917,11672.024230559273
6918,11670.724913488137
6919,11669.42347578271
6920,11668.120079926199
6921,11666.814455539507
6922,11665.506598902208
6923,11664.196705767745
6924,11662.88474426409
6925,11661.570539947063
6926,11660.254089073644
6927,11658.935696028784
6928,11657.615114050948
6929,11656.292274890056
6930,11654.967226825444
6931,11653.640237072474
6932,11652.310979462402
6933,11650.979450212662
6934,11649.645824493331
6935,11648.310118138505
6936,11646.97212940548
6937,11645.631854488787
6938,11644.289605887256
6939,11642.945127193047
6940,11641.598351511828
6941,11640.249403898633
6942,11638.898620911437
6943,11637.545530455294
6944,11636.19012868521
6945,11634.832411750134
6946,11633.472375792913
6947,11632.110374785854
6948,11630.746293249415
6949,11629.379882114428
6950,11628.01113750106
6951,11626.640055523363
6952,11625.266647750366
6953,11623.891488340589
6954,11622.513980911595
6955,11621.134121554594
6956,11619.751906354639
6957,11618.367331390622
6958,11616.980706771981
6959,11615.592015475779
6960,11614.20095366483
6961,11612.807517395006
6962,11611.411702715977
6963,11610.013536540086
6964,11608.613573155313
6965,11607.21122053106
6966,11605.806474693842
6967,11604.399331663919
6968,11602.98978745529
6969,11601.578238228782
6970,11600.164505778746
6971,11598.748361222606
6972,11597.32980055103
6973,11595.908819748389
6974,11594.485591886028
6975,11593.060389940589
6976,11591.632756855994
6977,11590.202688593123
6978,11588.77018110653
6979,11587.335230344412
6980,11585.898450437653
6981,11584.459238352902
6982,11583.01757188606
6983,11581.57344696166
6984,11580.12685949785
6985,11578.678261560086
6986,11577.227379337235
6987,11575.7740233866
6988,11574.318189602514
6989,11572.859873872894
6990,11571.399410442293
6991,11569.936798414177
6992,11568.471693224627
6993,11567.004090737666
6994,11565.533986810888
6995,11564.061430347869
6996,11562.586996553327
6997,11561.110050020923
6998,11559.630586584195
6999,11558.148602070187
7000,11556.664092299441
7001,11555.177542143856
7002,11553.688661491333
7003,11552.197244183732
7004,11550.703286017373
7005,11549.206782782021
7006,11547.70800040162
7007,11546.207092174267
7008,11544.703627396342
7009,11543.197601833259
7010,11541.689011243834
7011,11540.177933350038
7012,11538.664903411556
7013,11537.149296881402
7014,11535.63110949389
7015,11534.110336976692
7016,11532.58697505084
7017,11531.061653329474
7018,11529.53381007868
7019,11528.00336575163
7020,11526.470316044673
7021,11524.934656647456
7022,11523.396955761351
7023,11521.856862315833
7024,11520.314147567458
7025,11518.76880718128
7026,11517.220836815623
7027,11515.670234503534
7028,11514.117795835155
7029,11512.562715491025
7030,11511.004989104731
7031,11509.444612303047
7032,11507.881580706004
7033,11506.316169312977
7034,11504.748627514404
7035,11503.178419121941
7036,11501.605539730668
7037,11500.02998492884
7038,11498.451750297885
7039,11496.871438425633
7040,11495.2886513318
7041,11493.703172507327
7042,11492.114997508503
7043,11490.52412188478
7044,11488.930699790317
7045,11487.335236606725
7046,11485.737060811343
7047,11484.136167928371
7048,11482.53255347505
7049,11480.926212961724
7050,11479.317722574217
7051,11477.706751572225
7052,11476.093042419001
7053,11474.476590599454
7054,11472.857391591497
7055,11471.235653598682
7056,11469.611788452263
7057,11467.985163939764
7058,11466.355775513528
7059,11464.72361861887
7060,11463.088688694097
7061,11461.451711828167
7062,11459.81207216034
7063,11458.169647179047
7064,11456.52443229682
7065,11454.876422919127
7066,11453.226058772476
7067,11451.57330344222
7068,11449.917741245597
7069,11448.259367562132
7070,11446.598177764285
7071,11444.934363035185
7072,11443.26839082038
7073,11441.59959003221
7074,11439.927956017054
7075,11438.253484114117
7076,11436.576169655467
7077,11434.896863984795
7078,11433.214722508817
7079,11431.52972591053
7080,11429.841869495734
7081,11428.15114856304
7082,11426.458249261748
7083,11424.762664277689
7084,11423.064202119975
7085,11421.362858060795
7086,11419.658627365092
7087,11417.952069595745
7088,11416.242937555182
7089,11414.530906132686
7090,11412.815970566644
7091,11411.098126088156
7092,11409.37784453057
7093,11407.655061152906
7094,11405.929356027224
7095,11404.20072435789
7096,11402.46916134199
7097,11400.735090190998
7098,11398.99855045942
7099,11397.259066455024
7100,11395.516633348
7101,11393.771246301174
7102,11392.023319264352
7103,11390.272917421742
7104,11388.519548621913
7105,11386.763208000675
7106,11385.003890686427
7107,11383.242040981839
7108,11381.477670526696
7109,11379.710310269464
7110,11377.939955311362
7111,11376.166600746155
7112,11374.390802032704
7113,11372.612428386587
7114,11370.831042055226
7115,11369.046638105265
7116,11367.25921159585
7117,11365.469053100325
7118,11363.676569420633
7119,11361.881050012174
7120,11360.082489906818
7121,11358.280884128897
7122,11356.47630255057
7123,11354.66960125149
7124,11352.85984101885
7125,11351.047016849574
7126,11349.231123732981
7127,11347.412156650831
7128,11345.591028049352
7129,11343.766918497397
7130,11341.939721606741
7131,11340.109432331514
7132,11338.276045618228
7133,11336.440350514213
7134,11334.601782395825
7135,11332.760103373483
7136,11330.915308365924
7137,11329.067392284225
7138,11327.217065858214
7139,11325.363929170353
7140,11323.507657849226
7141,11321.648246777973
7142,11319.785690832055
7143,11317.920667787894
7144,11316.052851767598
7145,11314.181877219773
7146,11312.307738991794
7147,11310.430431923292
7148,11308.550646486285
7149,11306.668039606868
7150,11304.78225013985
7151,11302.893272896641
7152,11301.001102680844
7153,11299.106488595742
7154,11297.20897856268
7155,11295.308261715261
7156,11293.40433282873
7157,11291.497186670476
7158,11289.587677199623
7159,11287.67515094679
7160,11285.759393485287
7161,11283.840399553988
7162,11281.918163883898
7163,11279.993691805295
7164,11278.066035490929
7165,11276.135123405134
7166,11274.20095025025
7167,11272.26363414629
7168,11270.324008326126
7169,11268.381107328942
7170,11266.434925828284
7171,11264.485458489738
7172,11262.533060106492
7173,11260.578099064141
7174,11258.619837979439
7175,11256.658271489036
7176,11254.693394221575
7177,11252.72584497823
7178,11250.75543269248
7179,11248.781695328196
7180,11246.804627484935
7181,11244.82422375422
7182,11242.841454578598
7183,11240.85547423787
7184,11238.866143610696
7185,11236.873457259358
7186,11234.87764686654
7187,11232.879351064841
7188,11230.877685063271
7189,11228.87264339477
7190,11226.864220584128
7191,11224.853067267159
7192,11222.838992916928
7193,11220.821522850503
7194,11218.800651563188
7195,11216.776373542116
7196,11214.75017882107
7197,11212.72058301348
7198,11210.68756643315
7199,11208.651123538579
7200,11206.611248780064
7201,11204.567936599704
7202,11202.52260392352
7203,11200.473926714458
7204,11198.421797932135
7205,11196.366211989845
7206,11194.30716329262
7207,11192.244646237232
7208,11190.18010067921
7209,11188.112170984155
7210,11186.04075866648
7211,11183.965858093996
7212,11181.887463626199
7213,11179.805581954213
7214,11177.721735573552
7215,11175.634380940257
7216,11173.543512384716
7217,11171.449124228977
7218,11169.351210786725
7219,11167.249981204077
7220,11165.146567563108
7221,11163.03961416415
7222,11160.92911529161
7223,11158.815065221515
7224,11156.697458221466
7225,11154.576803895103
7226,11152.453648036555
7227,11150.3269206618
7228,11148.196616009001
7229,11146.062728307892
7230,11143.925251779734
7231,11141.785095197552
7232,11139.642020775365
7233,11137.495342824477
7234,11135.345055536549
7235,11133.191153094733
7236,11131.033629673699
7237,11128.873892642885
7238,11126.710721914786
7239,11124.54391538981
7240,11122.373467212832
7241,11120.19937152019
7242,11118.022009836386
7243,11115.842226085064
7244,11113.658779905145
7245,11111.471665403078
7246,11109.280876676694
7247,11107.086407815235
7248,11104.889324685517
7249,11102.689117662028
7250,11100.485215473447
7251,11098.277612178948
7252,11096.06630182905
7253,11093.851483598546
7254,11091.634393768882
7255,11089.413581757653
7256,11087.189041585198
7257,11084.960767263174
7258,11082.72875279452
7259,11080.494069849963
7260,11078.256225102206
7261,11076.014624963487
7262,11073.769263406399
7263,11071.520134394797
7264,11069.267604032775
7265,11067.012602853774
7266,11064.753818878922
7267,11062.491246041563
7268,11060.224878266297
7269,11057.954709468937
7270,11055.682168846502
7271,11053.406076380958
7272,11051.12616743272
7273,11048.842435886949
7274,11046.554875619968
7275,11044.26437338926
7276,11041.9708469908
7277,11039.673476312679
7278,11037.37225520043
7279,11035.067177490724
7280,11032.758663253338
7281,11030.44757668909
7282,11028.132617870684
7283,11025.813780603885
7284,11023.491058685548
7285,11021.164481660251
7286,11018.835707903614
7287,11016.503033740119
7288,11014.166452935571
7289,11011.825959246838
7290,11009.481546421839
7291,11007.13467949709
7292,11004.78416198637
7293,11002.429709462853
7294,11000.071315643234
7295,10997.708974235244
7296,10995.343926755319
7297,10992.975437094976
7298,10990.602983870274
7299,10988.226560757596
7300,10985.846161424295
7301,10983.462881375222
7302,10981.07628995971
7303,10978.685706247774
7304,10976.291123875319
7305,10973.892536469162
7306,10971.49097145328
7307,10969.086147870956
7308,10966.677303078968
7309,10964.264430672547
7310,10961.847524237832
7311,10959.4276214737
7312,10957.004434504088
7313,10954.577197229673
7314,10952.145903204888
7315,10949.71054597499
7316,10947.272252297349
7317,10944.830569908252
7318,10942.384807936673
7319,10939.934959896043
7320,10937.481019290613
7321,10935.024281150361
7322,10932.563970495115
7323,10930.099550796476
7324,10927.631015526707
7325,10925.158358148883
7326,10922.683121613094
7327,10920.204049027834
7328,10917.72083775433
7329,10915.233481223564
7330,10912.741990691948
7331,10910.248183609301
7332,10907.750214610207
7333,10905.248077093476
7334,10902.741764448614
7335,10900.231682225292
7336,10897.71887339542
7337,10895.201872676063
7338,10892.680673424442
7339,10890.155268988437
7340,10887.626540073052
7341,10885.094593549997
7342,10882.558424978704
7343,10880.018027674641
7344,10877.473394943916
7345,10874.925963952843
7346,10872.3747429634
7347,10869.819269580592
7348,10867.259537078004
7349,10864.695706778797
7350,10862.129349886394
7351,10859.558716827563
7352,10856.98380084326
7353,10854.404595164997
7354,10851.821966909329
7355,10849.23609018982
7356,10846.645906626301
7357,10844.05140941757
7358,10841.452591752926
7359,10838.851109092446
7360,10836.245573463726
7361,10833.63570012534
7362,10831.021482233737
7363,10828.403491609286
7364,10825.782519040193
7365,10823.157184583546
7366,10820.527481362844
7367,10817.893402492084
7368,10815.256459686545
7369,10812.61557873278
7370,10809.970304690338
7371,10807.32063064015
7372,10804.667110377759
7373,10802.01059715707
7374,10799.349666409036
7375,10796.684311181447
7376,10794.014524512497
7377,10791.341953082117
7378,10788.665279352776
7379,10785.984156557688
7380,10783.298577701804
7381,10780.609358373606
7382,10777.916854994637
7383,10775.219877849113
7384,10772.518419908647
7385,10769.81252353542
7386,10767.10410344521
7387,10764.391184772765
7388,10761.673760456291
7389,10758.951823424297
7390,10756.226733450936
7391,10753.497785680913
7392,10750.764307302587
7393,10748.026291210948
7394,10745.284452392634
7395,10742.539387559638
7396,10739.789767038637
7397,10737.035583691031
7398,10734.276966284213
7399,10731.515696027282
7400,10728.749844887014
7401,10725.979405691129
7402,10723.204371257569
7403,10720.42641533293
7404,10717.64424470065
7405,10714.8574606678
7406,10712.066056018537
7407,10709.271248355453
7408,10706.472668961462
7409,10703.669450705758
7410,10700.861586338666
7411,10698.04989660169
7412,10695.234818778905
7413,10692.415076516902
7414,10689.590662532064
7415,10686.762060205769
7416,10683.930393889152
7417,10681.094037439218
7418,10678.25298353834
7419,10675.40743792784
7420,10672.559092653817
7421,10669.70603143557
7422,10666.8482469214
7423,10663.985731749692
7424,10661.120612058867
7425,10658.250755092746
7426,10655.376148868634
7427,10652.496785990768
7428,10649.614647713815
7429,10646.727903620473
7430,10643.836384189828
7431,10640.940081991857
7432,10638.04089385069
7433,10635.137170850689
7434,10632.228646316613
7435,10629.315312784121
7436,10626.399043323574
7437,10623.478249236792
7438,10620.552627301513
7439,10617.622170019018
7440,10614.689272625037
7441,10611.751869446745
7442,10608.809612903968
7443,10605.862495464922
7444,10602.910509587837
7445,10599.95618161866
7446,10596.99720382908
7447,10594.033339486065
7448,10591.06458101474
7449,10588.090922732303
7450,10585.115136706472
7451,10582.134438361802
7452,10579.148820090253
7453,10576.158274273714
7454,10573.163166040422
7455,10570.165697237702
7456,10567.163282850255
7457,10564.155915227133
7458,10561.14358670728
7459,10558.126389563391
7460,10555.107092871865
7461,10552.082817148084
7462,10549.053554698083
7463,10546.019297817786
7464,10542.980038792966
7465,10539.938726059816
7466,10536.892442942526
7467,10533.841139426484
7468,10530.78480776448
7469,10527.723440199163
7470,10524.65999600488
7471,10521.591558672855
7472,10518.518067087276
7473,10515.439513457737
7474,10512.355957329317
7475,10509.270298664082
7476,10506.179559531485
7477,10503.083732108049
7478,10499.982808560098
7479,10496.877101389184
7480,10493.769026749285
7481,10490.65583746537
7482,10487.53752567063
7483,10484.414083488015
7484,10481.286238531502
7485,10478.155726859053
7486,10475.020066393403
7487,10471.879249224645
7488,10468.733267432617
7489,10465.582744177547
7490,10462.42964935539
7491,10459.271371413472
7492,10456.10790239872
7493,10452.939234347801
7494,10449.766018933544
7495,10446.590194285889
7496,10443.409152014687
7497,10440.222884123641
7498,10437.031382606174
7499,10433.835460737964
7500,10430.63675904883
7501,10427.432805055323
7502,10424.223590717875
7503,10421.00910798661
7504,10417.790464936992
7505,10414.568738470389
7506,10411.3417248418
7507,10408.109415968334
7508,10404.871803756756
7509,10401.63042436925
7510,10398.385524891448
7511,10395.135303217558
7512,10391.879751221302
7513,10388.618860766037
7514,10385.354729461544
7515,10382.08650826563
7516,10378.812929663376
7517,10375.53398548507
7518,10372.24966755063
7519,10368.962768337109
7520,10365.671076270053
7521,10362.373991410655
7522,10359.071505545746
7523,10355.763819337995
7524,10352.45392693753
7525,10349.13861442976
7526,10345.817873568401
7527,10342.491696096746
7528,10339.161216261245
7529,10335.827589159248
7530,10332.48850625748
7531,10329.14395926614
7532,10325.793939884972
7533,10322.4406489385
7534,10319.083137008098
7535,10315.7201334114
7536,10312.351629815019
7537,10308.977617875144
7538,10305.601497966982
7539,10302.219950772555
7540,10298.832875871893
7541,10295.44026488804
7542,10292.043320027764
7543,10288.643142377188
7544,10285.237409217936
7545,10281.82611213991
7546,10278.40924272254
7547,10274.98943803958
7548,10271.56495984703
7549,10268.134889805127
7550,10264.699219460163
7551,10261.258566091497
7552,10257.815254782341
7553,10254.366323596721
7554,10250.911764047796
7555,10247.451567638223
7556,10243.988020922972
7557,10240.520135564278
7558,10237.04659367822
7559,10233.567386734307
7560,10230.082994709717
7561,10226.596061844104
7562,10223.10344418336
7563,10219.605133163877
7564,10216.101120211515
7565,10212.593837448176
7566,10209.08205027137
7567,10205.56454133138
7568,10202.041302020923
7569,10198.513196274966
7570,10194.98214553739
7571,10191.445344528784
7572,10187.902784608728
7573,10184.354457126294
7574,10180.80346247413
7575,10177.247274946265
7576,10173.685299862735
7577,10170.117528539475
7578,10166.545732482318
7579,10162.970063682527
7580,10159.388578579788
7581,10155.8012684569
7582,10152.208685880649
7583,10148.613440755002
7584,10145.012350476232
7585,10141.405406294029
7586,10137.792599447543
7587,10134.17713511012
7588,10130.556344198134
7589,10126.929670396728
7590,10123.297104911971
7591,10119.660874633248
7592,10116.020287331203
7593,10112.373788051264
7594,10108.721367966411
7595,10105.064386158427
7596,10101.403906410673
7597,10097.737485494248
7598,10094.065114549083
7599,10090.387395478238
7600,10086.7069269312
7601,10083.020487922644
7602,10079.328069559448
7603,10075.62966293793
7604,10071.929073356576
7605,10068.222519503333
7606,10064.509956867718
7607,10060.791376513047
7608,10057.070069129228
7609,10053.343303382917
7610,10049.610499324908
7611,10045.871647985527
7612,10042.12963668005
7613,10038.382561697363
7614,10034.629418772285
7615,10030.8701989022
7616,10027.107497437659
7617,10023.340015581394
7618,10019.566436050953
7619,10015.786749810775
7620,10012.003371837922
7621,10008.2153851782
7622,10004.42127101164
7623,10000.621020269817
7624,9996.81697933375
7625,9993.008389649014
7626,9989.193642524211
7627,9985.372728858065
7628,9981.548038404178
7629,9977.718747182376
7630,9973.883268486969
7631,9970.041593183882
7632,9966.196266563822
7633,9962.346175003693
7634,9958.489865836405
7635,9954.627329895151
7636,9950.761380372558
7637,9946.890389384882
7638,9943.013150556779
7639,9939.129654688752
7640,9935.243095444846
7641,9931.351105653683
7642,9927.452837689436
7643,9923.548282319942
7644,9919.641126459057
7645,9915.728038203193
7646,9911.808641342508
7647,9907.883143984349
7648,9903.955187167228
7649,9900.020900501573
7650,9896.0802747006
7651,9892.1342152626
7652,9888.184990404523
7653,9884.229405101496
7654,9880.267450034247
7655,9876.30084140811
7656,9872.330248098684
7657,9868.353263649782
7658,9864.369878709693
7659,9860.382733730748
7660,9856.390671279773
7661,9852.39218689703
7662,9848.387271198442
7663,9844.379602650635
7664,9840.365970089759
7665,9836.345884707434
7666,9832.31998725386
7667,9828.291157708201
7668,9824.255853792549
7669,9820.214066068775
7670,9816.16767894294
7671,9812.117107573831
7672,9808.060030783603
7673,9803.996439101951
7674,9799.929574946744
7675,9795.857160057514
7676,9791.778208599755
7677,9787.693440803923
7678,9783.607938923102
7679,9779.515882444357
7680,9775.417261849088
7681,9771.312067608225
7682,9767.200290182223
7683,9763.085329394853
7684,9758.96696133181
7685,9754.841991987087
7686,9750.710411794618
7687,9746.57221117789
7688,9742.427380549945
7689,9738.282400893353
7690,9734.13093936744
7691,9729.972829667517
7692,9725.808062180266
7693,9721.636627281918
7694,9717.461788984983
7695,9713.283691463404
7696,9709.098908318474
7697,9704.907429900184
7698,9700.709246548156
7699,9696.50471206554
7700,9692.299834356902
7701,9688.088233453469
7702,9683.869899668784
7703,9679.644823305975
7704,9675.412994657805
7705,9671.178952770599
7706,9666.940389425361
7707,9662.695055470127
7708,9658.442941171737
7709,9654.184036786703
7710,9649.920630099761
7711,9645.654959265214
7712,9641.382479972182
7713,9637.10318245143
7714,9632.81705692337
7715,9628.524448446153
7716,9624.231524716943
7717,9619.93175456218
7718,9615.625128176698
7719,9611.311635745047
7720,9606.991267441452
7721,9602.669666270773
7722,9598.342459379952
7723,9594.008358138177
7724,9589.667352694307
7725,9585.319433186904
7726,9580.968963197722
7727,9576.614173352655
7728,9572.252450920354
7729,9567.883786014176
7730,9563.508168737253
7731,9559.128993585015
7732,9554.74647423035
7733,9550.35698393733
7734,9545.960512784062
7735,9541.55705083842
7736,9537.149334372192
7737,9532.738938622066
7738,9528.321533468918
7739,9523.897108955798
7740,9519.46565511556
7741,9515.029561387277
7742,9510.591142032323
7743,9506.14567469742
7744,9501.693149390767
7745,9497.23355611044
7746,9492.769249384319
7747,9488.302658898783
7748,9483.828981745399
7749,9479.348207897794
7750,9474.860327319462
7751,9470.367972081522
7752,9465.873062630473
7753,9461.371027714113
7754,9456.861857271693
7755,9452.345541232406
7756,9447.82530219995
7757,9443.301925646598
7758,9438.771384722275
7759,9434.23366933211
7760,9429.688769371223
7761,9425.14081150252
7762,9420.588819415952
7763,9416.029623945968
7764,9411.463214963853
7765,9406.889582330896
7766,9402.314070834944
7767,9397.733314497586
7768,9393.145315659065
7769,9388.550064157062
7770,9383.947549819315
7771,9379.344650165669
7772,9374.734980581392
7773,9370.11802927438
7774,9365.49378604899
7775,9360.863539898657
7776,9356.2321186284
7777,9351.593386530385
7778,9346.94733338578
7779,9342.293948965887
7780,9337.636638485284
7781,9332.976044563791
7782,9328.308100422772
7783,9323.63279581059
7784,9318.950120465757
7785,9314.265911819475
7786,9309.575995562866
7787,9304.878689595553
7788,9300.173983633358
7789,9295.462896563611
7790,9290.750927033734
7791,9286.031538510872
7792,9281.304720688344
7793,9276.57046324974
7794,9271.832802903133
7795,9267.091250590547
7796,9262.342239631871
7797,9257.585759688438
7798,9252.821800411924
7799,9248.057733727961
7800,9243.286448328057
7801,9238.50766453421
7802,9233.72137197611
7803,9228.930895691403
7804,9224.13725451991
7805,9219.33608550573
7806,9214.527378256777
7807,9209.711122371375
7808,9204.894565845292
7809,9200.070930220227
7810,9195.239726851472
7811,9190.400945315869
7812,9185.55828985282
7813,9180.712106209767
7814,9175.858325276695
7815,9170.99693660919
7816,9166.128334018498
7817,9161.25952093762
7818,9156.383080983976
7819,9151.499003692108
7820,9146.607278587106
7821,9141.713081814627
7822,9136.813901376632
7823,9131.907053961431
7824,9126.992529073379
7825,9122.072696216243
7826,9117.150693826545
7827,9112.220994786489
7828,9107.283588579925
7829,9102.338464681394
7830,9097.395755655929
7831,9092.445576832968
7832,9087.487664948925
7833,9082.522009463355
7834,9077.54859982658
7835,9072.571215811835
7836,9067.592738717487
7837,9062.606492108638
7838,9057.61246542097
7839,9052.610648080963
7840,9047.601029505962
7841,9042.592063939486
7842,9037.577360783667
7843,9032.554841031548
7844,9027.524494086203
7845,9022.486309341626
7846,9017.443437048298
7847,9012.400155592495
7848,9007.349020984895
7849,9002.290022605588
7850,8997.223149825613
7851,8992.14839200704
7852,8987.074761308675
7853,8981.994890136615
7854,8976.907118578929
7855,8971.811435984173
7856,8966.707831691981
7857,8961.601062916048
7858,8956.492333563467
7859,8951.375667178176
7860,8946.251053086658
7861,8941.118480606552
7862,8935.978945664723
7863,8930.841236619644
7864,8925.695553863856
7865,8920.541886702205
7866,8915.380224430803
7867,8910.210556336979
7868,8905.041484993722
7869,8899.866664442061
7870,8894.683822756757
7871,8889.492949212814
7872,8884.294033076576
7873,8879.092964765974
7874,8873.888885122135
7875,8868.67674759105
7876,8863.456541427113
7877,8858.2282558761
7878,8852.995562466958
7879,8847.762102575141
7880,8842.520548019069
7881,8837.270888032974
7882,8832.013111842558
7883,8826.749165135914
7884,8821.48620399279
7885,8816.215111387417
7886,8810.93587653433
7887,8805.64848863966
7888,8800.3536603812
7889,8795.061077147651
7890,8789.760325635321
7891,8784.451395039576
7892,8779.134274547427
7893,8773.808953337595
7894,8768.48746636541
7895,8763.157793793538
7896,8757.819906610019
7897,8752.473793985027
7898,8747.119445080514
7899,8741.764046251921
7900,8736.405341783488
7901,8731.03838717413
7902,8725.663171577671
7903,8720.279684139812
7904,8714.890822832813
7905,8709.502975892723
7906,8704.106843283966
7907,8698.70241414453
7908,8693.289677604414
7909,8687.868622785572
7910,8682.450703126495
7911,8677.025282221779
7912,8671.591529247527
7913,8666.149433318531
7914,8660.69898354167
7915,8655.24853127118
7916,8649.79371206365
7917,8644.33052525511
7918,8638.858959945692
7919,8633.379005227749
7920,8627.896468958437
7921,8622.412141743873
7922,8616.919411406918
7923,8611.418267033638
7924,8605.908697702374
7925,8600.394525730368
7926,8594.880581120164
7927,8589.358197879097
7928,8583.827365079664
7929,8578.288071786805
7930,8572.742712104933
7931,8567.199041039383
7932,8561.646895850152
7933,8556.08626559678
7934,8550.517139331349
7935,8544.941039642346
7936,8539.367533403965
7937,8533.785517567601
7938,8528.19498118043
7939,8522.595913282239
7940,8516.989521011938
7941,8511.386071239018
7942,8505.77407641523
7943,8500.153525575943
7944,8494.524407749272
7945,8488.888170059783
7946,8483.254668760133
7947,8477.612586981044
7948,8471.961913746682
7949,8466.302638074088
7950,8460.637001877038
7951,8454.973341441828
7952,8449.30106512589
7953,8443.62016194282
7954,8437.930620899153
7955,8432.236032868868
7956,8426.542106086687
7957,8420.839528052795
7958,8415.128287770778
7959,8409.40837423736
7960,8403.685280824064
7961,8397.960980895177
7962,8392.227994376895
7963,8386.486310263492
7964,8380.735917542426
7965,8374.984764985495
7966,8369.229985536174
7967,8363.466484196206
7968,8357.694249951144
7969,8351.913271779868
7970,8346.134506120978
7971,8340.34914121809
7972,8334.555019162843
7973,8328.752128932709
7974,8322.941801081397
7975,8317.13452659503
7976,8311.318470760787
7977,8305.493622555157
7978,8299.659970948218
7979,8293.822885700347
7980,8287.98485044128
7981,8282.137998668093
7982,8276.282319350423
7983,8270.417801451582
7984,8264.554404037992
7985,8258.685503435467
7986,8252.807751201071
7987,8246.921136298239
7988,8241.02737754639
7989,8235.136383188696
7990,8229.236513169206
7991,8223.32775645188
7992,8217.410101994597
7993,8211.490884451276
7994,8205.56885212171
7995,8199.637909124433
7996,8193.698044418401
7997,8187.749253963424
7998,8181.805015148028
7999,8175.851841756211
8000,8169.889722748478
8001,8163.918647079545
8002,8157.945249584958
8003,8151.969802040776
8004,8145.985385036822
8005,8139.9919875299065
8006,8133.989803041586
8007,8127.992037949893
8008,8121.98527961956
8009,8115.969517009961
8010,8109.944739074949
8011,8103.9187977585925
8012,8097.889655142099
8013,8091.851484537202
8014,8085.804274900897
8015,8079.750330070421
8016,8073.698760584327
8017,8067.638139469579
8018,8061.568455686779
8019,8055.489698191273
8020,8049.412845285874
8021,8043.32973153092
8022,8037.237531542382
8023,8031.1362342798175
8024,8025.032158971651
8025,8018.926510836426
8026,8012.8117529749325
8027,8006.687874351425
8028,8000.5569517772665
8029,7994.428727918163
8030,7988.291370914735
8031,7982.144869736415
8032,7975.9892133477315
8033,7969.836633750791
8034,7963.676636740898
8035,7957.507472220134
8036,7951.329129158831
8037,7945.15047977732
8038,7938.967802307133
8039,7932.775934068789
8040,7926.574864038928
8041,7920.370517934952
8042,7914.165119967646
8043,7907.9505080554245
8044,7901.726671181729
8045,7895.497000681092
8046,7889.268842603205
8047,7883.0314474859915
8048,7876.784804320195
8049,7870.53018101941
8050,7864.279223647201
8051,7858.019006225452
8052,7851.749517752706
8053,7845.470747223281
8054,7839.19651711186
8055,7832.913438724059
8056,7826.621066369411
8057,7820.319389050707
8058,7814.020977614569
8059,7807.715000043689
8060,7801.3997056785565
8061,7795.075083530947
8062,7788.752860404249
8063,7782.423945884283
8064,7776.085691833002
8065,7769.738087271682
8066,7763.392421387874
8067,7757.040532610393
8068,7750.679281656776
8069,7744.308657558322
8070,7737.939917157029
8071,7731.565017277788
8072,7725.1807326717535
8073,7718.787052380769
8074,7712.3956050146035
8075,7705.997657660181
8076,7699.590303124389
8077,7693.173530460172
8078,7686.759743001563
8079,7680.338712276045
8080,7673.908252012618
8081,7667.468351275879
8082,7661.032589923824
8083,7654.588440415501
8084,7648.134839112734
8085,7641.67224554944
8086,7635.214405379148
8087,7628.747102167329
8088,7622.270325006475
8089,7615.786456017234
8090,7609.3054497842495
8091,7602.81495844597
8092,7596.314971108053
8093,7589.8101907212185
8094,7583.305984401835
8095,7576.792271018801
8096,7570.269039691469
8097,7563.743711287942
8098,7557.216271367916
8099,7550.679302533276
8100,7544.1327939176745
8101,7537.587280237489
8102,7531.036573718973
8103,7524.476316544321
8104,7517.90649786204
8105,7511.341161010975
8106,7504.767155419419
8107,7498.1835775416685
8108,7491.593371621934
8109,7485.005617997837
8110,7478.40828138901
8111,7471.8013509774655
8112,7465.192011194408
8113,7458.580916563463
8114,7451.960217530413
8115,7445.329903293713
8116,7438.701789694063
8117,7432.067323076609
8118,7425.423230756764
8119,7418.771206887443
8120,7412.1229739714345
8121,7405.46510493716
8122,7398.79758901937
8123,7392.127476057512
8124,7385.455831928737
8125,7378.774530603802
8126,7372.0835613354875
8127,7365.396323686812
8128,7358.701961240585
8129,7351.99792168696
8130,7345.2852884668055
8131,7338.577870141612
8132,7331.8607656330505
8133,7325.133964235331
8134,7318.402605841223
8135,7311.672441965188
8136,7304.93257223475
8137,7298.1829859649415
8138,7291.433298744091
8139,7284.680366616959
8140,7277.917709097446
8141,7271.1453155220115
8142,7264.377694981693
8143,7257.601972500444
8144,7250.816505224012
8145,7244.024904216881
8146,7237.236123325234
8147,7230.437588991112
8148,7223.629290596296
8149,7216.820508021488
8150,7210.00891353874
8151,7203.187546464322
8152,7196.356396203131
8153,7189.530824890879
8154,7182.696396407074
8155,7175.852176323367
8156,7169.003668388683
8157,7162.156186035348
8158,7155.298903763885
8159,7148.431811027413
8160,7141.567260287208
8161,7134.696923734807
8162,7127.816768519623
8163,7120.93135639148
8164,7114.055177237178
8165,7107.169181599839
8166,7100.273358993617
8167,7093.367698932848
8168,7086.454675596038
8169,7079.553044836283
8170,7072.641578980663
8171,7065.720267580506
8172,7058.7891001874905
8173,7051.849515276414
8174,7044.922430959881
8175,7037.985493190184
8176,7031.038691556742
8177,7024.082015649589
8178,7017.116913768021
8179,7010.164375251537
8180,7003.201965184051
8181,6996.229673194064
8182,6989.247488910945
8183,6982.25790965905
8184,6975.279917622899
8185,6968.292036201351
8186,6961.29425506301
8187,6954.286563877506
8188,6947.273541878549
8189,6940.270098341784
8190,6933.25674785272
8191,6926.233480120993
8192,6919.200284857536
8193,6912.164849784177
8194,6905.135958120053
8195,6898.097142208204
8196,6891.048391800313
8197,6883.989696649586
8198,6876.93287324989
8199,6869.878538201224
8200,6862.81426188492
8201,6855.740034095734
8202,6848.655844630122
8203,6841.578652753234
8204,6834.498880447856
8205,6827.409150134536
8206,6820.309451652051
8207,6813.199774841172
8208,6806.103229462579
8209,6798.99802742882
8210,6791.882850930447
8211,6784.7576898513025
8212,6777.628287580789
8213,6770.507645324001
8214,6763.377022506129
8215,6756.23640905471
8216,6749.085794899693
8217,6741.93897988908
8218,6734.7929431478815
8219,6727.636909921641
8220,6720.470870184782
8221,6713.294813914328
8222,6706.131586393139
8223,6698.960166695318
8224,6691.778734883453
8225,6684.587280979835
8226,6677.393922588466
8227,6670.207150432427
8228,6663.010360764201
8229,6655.803543651967
8230,6648.586689166942
8231,6641.378829043289
8232,6634.166716453456
8233,6626.944571274954
8234,6619.712383625671
8235,6612.476167331797
8236,6605.248767475506
8237,6598.011330095191
8238,6590.763845356016
8239,6583.5063034266495
8240,6576.257476292158
8241,6569.004783300849
8242,6561.742038274226
8243,6554.469231429033
8244,6547.193802342117
8245,6539.925891061226
8246,6532.647923281889
8247,6525.359889269532
8248,6518.0617792935145
8249,6510.775610565823
8250,6503.482458305053
8251,6496.179235612464
8252,6488.8659328069125
8253,6481.554896063231
8254,6474.24659833304
8255,6466.928226189582
8256,6459.599770001826
8257,6452.264698899625
8258,6444.9412954569425
8259,6437.607813838595
8260,6430.264244464277
8261,6422.910577758222
8262,6415.567498907861
8263,6408.218948541393
8264,6400.860306928638
8265,6393.491564545408
8266,6386.12615509489
8267,6378.762577461978
8268,6371.38890531555
8269,6364.005129183573
8270,6356.618207642805
8271,6349.239644984153
8272,6341.850984769516
8273,6334.452217579647
8274,6327.044597429417
8275,6319.651092748841
8276,6312.247487696282
8277,6304.8337729058885
8278,6297.409939017179
8279,6289.997859691233
8280,6282.579353799914
8281,6275.1507356369175
8282,6267.711995896019
8283,6260.290522076147
8284,6252.871084626883
8285,6245.441551542622
8286,6238.001913589282
8287,6230.552161538611
8288,6223.092286168288
8289,6215.634759546513
8290,6208.1943033101315
8291,6200.743749968939
8292,6193.283090373528
8293,6185.81231538062
8294,6178.331415853179
8295,6170.840648330838
8296,6163.379285267396
8297,6155.907824157487
8298,6148.426255937773
8299,6140.9345715513255
8300,6133.432761947759
8301,6125.920818083269
8302,6118.429380704142
8303,6110.937126924323
8304,6103.434765714029
8305,6095.922288104103
8306,6088.399685132181
8307,6080.866947842815
8308,6073.347923728798
8309,6065.834995006328
8310,6058.311959073067
8311,6050.778807048961
8312,6043.235530061077
8313,6035.682119243691
8314,6028.138232641289
8315,6020.604749349609
8316,6013.061159612494
8317,6005.507454640375
8318,5997.943625651137
8319,5990.369663870139
8320,5982.803610217819
8321,5975.249695393889
8322,5967.68567544088
8323,5960.111541661086
8324,5952.527285364574
8325,5944.932897869193
8326,5937.347343991503
8327,5929.773123352934
8328,5922.188799457921
8329,5914.594363702001
8330,5906.989807488802
8331,5899.375122230044
8332,5891.772706529242
8333,5884.178308491086
8334,5876.573809630639
8335,5868.959201438098
8336,5861.334475411989
8337,5853.699623059318
8338,5846.082955704448
8339,5838.468511395674
8340,5830.843969265529
8341,5823.209320900212
8342,5815.564557894564
8343,5807.909671852217
8344,5800.28133496578
8345,5792.646978245482
8346,5785.002527276672
8347,5777.347973742911
8348,5769.683309336737
8349,5762.015124257008
8350,5754.3710736018475
8351,5746.716941075059
8352,5739.052718449695
8353,5731.378397508037
8354,5723.693970041711
8355,5716.02024636842
8356,5708.358989246194
8357,5700.687658084583
8358,5693.006244759027
8359,5685.314741154488
8360,5677.613139165596
8361,5669.924018297911
8362,5662.245708859925
8363,5654.55733379758
8364,5646.858885089986
8365,5639.1503547260945
8366,5631.431734704845
8367,5623.73005862661
8368,5616.034853670523
8369,5608.329592092312
8370,5600.614265976042
8371,5592.888867415978
8372,5585.153388516631
8373,5577.441965102643
8374,5569.7300240832665
8375,5562.008036035597
8376,5554.275993149947
8377,5546.533887627177
8378,5538.781800775732
8379,5531.063314941226
8380,5523.334799981026
8381,5515.596248182268
8382,5507.847651842821
8383,5500.089003271397
8384,5492.332570776595
8385,5484.597665119979
8386,5476.852741019069
8387,5469.097790869499
8388,5461.332807077999
8389,5453.557782062399
8390,5445.79971126331
8391,5438.048552668803
8392,5430.287386914512
8393,5422.516206505855
8394,5414.735003959668
8395,5406.943990993591
8396,5399.186736910579
8397,5391.419494954674
8398,5383.64225773074
8399,5375.855017855251
8400,5368.057767956418
8401,5360.2703205590815
8402,5352.497143001097
8403,5344.713989961302
8404,5336.920854156546
8405,5329.11772831565
8406,5321.30460517943
8407,5313.523332360517
8408,5305.734405700273
8409,5297.935516563387
8410,5290.126657779956
8411,5282.30782219238
8412,5274.501037893314
8413,5266.706481002313
8414,5258.901982325747
8415,5251.087534795728
8416,5243.263131356861
8417,5235.433208268303
8418,5227.63316572848
8419,5219.823202498018
8420,5212.003311611667
8421,5204.173486116942
8422,5196.333719074221
8423,5188.517383797397
8424,5180.702102189926
8425,5172.876914529603
8426,5165.041813967539
8427,5157.196793667897
8428,5149.362033433114
8429,5141.541580814215
8430,5133.711244151929
8431,5125.871016701575
8432,5118.020891731825
8433,5110.169987409606
8434,5102.344512330956
8435,5094.509175625655
8436,5086.663970653937
8437,5078.808890789577
8438,5070.944093292049
8439,5063.113745488538
8440,5055.273558883284
8441,5047.4235269420415
8442,5039.563643144354
8443,5031.693900983682
8444,5023.852104061491
8445,5016.007218880324
8446,5008.152511703164
8447,5000.28797611599
8448,4992.413605718882
8449,4984.562387084924
8450,4976.712955829526
8451,4968.853726328489
8452,4960.984692274792
8453,4953.105847375819
8454,4945.247369085707
8455,4937.393545431922
8456,4929.529947693852
8457,4921.656569672129
8458,4913.773405182024
8459,4905.909800310509
8460,4898.051739104522
8461,4890.183928387274
8462,4882.306362067674
8463,4874.419034069462
8464,4866.5524069504945
8465,4858.69026420485
8466,4850.818396933264
8467,4842.936799153466
8468,4835.045464898315
8469,4827.177891362795
8470,4819.311824252227
8471,4811.43605801382
8472,4803.550586774778
8473,4795.655404677617
8474,4787.793027982502
8475,4779.927968604947
8476,4772.053241775471
8477,4764.168841734775
8478,4756.2747627391
8479,4748.395349084963
8480,4740.531460381326
8481,4732.657936282466
8482,4724.774771142988
8483,4716.881959333328
8484,4708.988133135425
8485,4701.125578892334
8486,4693.253421691085
8487,4685.371656000676
8488,4677.480276306093
8489,4669.579277108445
8490,4661.713566459396
8491,4653.842941160273
8492,4645.962740303827
8493,4638.0729584900455
8494,4630.173590335248
8495,4622.298628776811
8496,4614.429701213748
8497,4606.551231405099
8498,4598.663214066275
8499,4590.7656439291895
8500,4582.883935269301
8501,4575.016872097347
8502,4567.140300370954
8503,4559.254214921276
8504,4551.358610596263
8505,4543.472619444776
8506,4535.607588131622
8507,4527.73308233392
8508,4519.84909699902
8509,4511.955627091219
8510,4504.067779242407
8511,4496.204948059588
8512,4488.332676840263
8513,4480.450960648298
8514,4472.559794564731
8515,4464.672477375946
8516,4456.812015389901
8517,4448.942148192827
8518,4441.0628709654375
8519,4433.1741789058915
8520,4425.290587687157
8521,4417.435734230214
8522,4409.571514422234
8523,4401.697923563005
8524,4393.814956969902
8525,4385.923628054451
8526,4378.074659945927
8527,4370.216364823008
8528,4362.3487381048235
8529,4354.4717752282895
8530,4346.585471648228
8531,4338.732106606672
8532,4330.880025135544
8533,4323.018652012498
8534,4315.147982794308
8535,4307.268013055798
8536,4299.411363808146
8537,4291.5657977991705
8538,4283.710980580625
8539,4275.846907829351
8540,4267.9735752404995
8541,4260.115699389749
8542,4252.276964806726
8543,4244.429019968276
8544,4236.571860671614
8545,4228.705482732444
8546,4220.848362396836
8547,4213.01679082169
8548,4205.176050471361
8549,4197.326137263691
8550,4189.467047135151
8551,4181.612586299439
8552,4173.788526572923
8553,4165.9553400934465
8554,4158.113022899658
8555,4150.261571049101
8556,4142.41159247516
8557,4134.595412537917
8558,4126.770148429504
8559,4118.935796309667
8560,4111.092352357178
8561,4103.248593957524
8562,4095.4406829198633
8563,4087.6237308720893
8564,4079.797734095227
8565,4071.962688889489
8566,4064.1267994409554
8567,4056.3275699150117
8568,4048.519343141177
8569,4040.702115521913
8570,4032.875883479123
8571,4025.049417520609
8572,4017.259308254085
8573,4009.460246127465
8574,4001.6522276648875
8575,3993.8352494100545
8576,3986.019661124267
8577,3978.23913998247
8578,3970.4497110213238
8579,3962.651370886767
8580,3954.844116244503
8581,3947.0407520661865
8582,3939.270319418111
8583,3931.491024674942
8584,3923.7028646045824
8585,3915.9058359948986
8586,3908.115925613017
8587,3900.3561181879304
8588,3892.587495109824
8589,3884.8100532687426
8590,3877.023789574799
8591,3869.2484348959965
8592,3861.4998301908777
8593,3853.7424570312455
8594,3845.9763124293413
8595,3838.2013934177025
8596,3830.4415549253004
8597,3822.7047762606567
8598,3814.9592771398134
8599,3807.2050546973514
8600,3799.442106088298
8601,3791.6985858524167
8602,3783.9743081951756
8603,3776.2413589288994
8604,3768.4997353106237
8605,3760.749434617916
8606,3753.0228549695485
8607,3745.311811669418
8608,3737.592146511834
8609,3729.863856876287
8610,3722.1269401630134
8611,3714.417716713302
8612,3706.7207073339023
8613,3699.0151268160394
8614,3691.3009726617443
8615,3683.5782423939363
8616,3675.8864191294124
8617,3668.2041282463497
8618,3660.5133177721605
8619,3652.8139853314033
8620,3645.106128569606
8621,3637.431885558172
8622,3629.764455319187
8623,3622.0885572559823
8624,3614.404189115358
8625,3606.7113486652825
8626,3599.057345407787
8627,3591.4049185142676
8628,3583.744075780773
8629,3576.074815076161
8630,3568.39713429054
8631,3560.7659680145753
8632,3553.128687686584
8633,3545.483043717974
8634,3537.829034099383
8635,3530.1745444235785
8636,3522.5608636846396
8637,3514.9388736265482
8638,3507.308572339969
8639,3499.6699579370033
8640,3492.0433835176214
8641,3484.4450847020794
8642,3476.8385290687497
8643,3469.2237148293575
8644,3461.600640217245
8645,3454.0043988335756
8646,3446.421626305319
8647,3438.8306496687223
8648,3431.231467256334
8649,3423.6240774223793
8650,3416.0605291232646
8651,3408.493427633008
8652,3400.918174949415
8653,3393.334769525506
8654,3385.7578467082667
8655,3378.214657987971
8656,3370.663372640954
8657,3363.103989218505
8658,3355.536506293759
8659,3347.9968951148307
8660,3340.469614767318
8661,3332.9342909914444
8662,3325.3909224581653
8663,3317.8426395079878
8664,3310.339401855174
8665,3302.8281754017858
8666,3295.3089589160777
8667,3287.781751188346
8668,3280.2751814913936
8669,3272.788090044913
8670,3265.2930632698717
8671,3257.790100053382
8672,3250.279349265688
8673,3242.816430497442
8674,3235.3456310814995
8675,3227.866950001265
8676,3220.3803862623727
8677,3212.9155412344603
8678,3205.469006790306
8679,3198.0146454340056
8680,3190.5524562669916
8681,3183.0877165218717
8682,3175.665484605941
8683,3168.235480503377
8684,3160.797703410848
8685,3153.352152547362
8686,3145.9373093773893
8687,3138.5316999804872
8688,3131.1183723855333
8689,3123.697325906284
8690,3116.289801657767
8691,3108.9181618653133
8692,3101.538868529447
8693,3094.15192105884
8694,3086.757318884551
8695,3079.3708246111846
8696,3072.0255432424747
8697,3064.6726723180536
8698,3057.3122113630925
8699,3049.9441599252646
8700,3042.581719863226
8701,3035.2629023210225
8702,3027.936559248006
8703,3020.6026902851127
8704,3013.261295095833
8705,3005.925853948391
8706,2998.6336047152226
8707,2991.33389400884
8708,2984.026721585205
8709,2976.712087222819
8710,2969.406511436219
8711,2962.1409340601017
8712,2954.867959296607
8713,2947.5875870158725
8714,2940.299817110675
8715,2933.0268961329252
8716,2925.788093213164
8717,2918.541957015497
8718,2911.2884875234954
8719,2904.0276847433543
8720,2896.790132266289
8721,2889.5782054391575
8722,2882.3590094627016
8723,2875.132544433082
8724,2867.89881046911
8725,2860.6992656538096
8726,2853.5143155783303
8727,2846.3221604966284
8728,2839.122800616597
8729,2831.9162361688645
8730,2824.7572648546934
8731,2817.5993911984183
8732,2810.4343766888805
8733,2803.2622216449213
8734,2796.0906437797
8735,2788.9670223056537
8736,2781.8363237303915
8737,2774.698548460088
8738,2767.5536969236514
8739,2760.427768241575
8740,2753.3313554408032
8741,2746.227929588434
8742,2739.117491199848
8743,2732.00004081312
8744,2724.922115312467
8745,2717.8530077959626
8746,2710.7769512742784
8747,2703.693946371071
8748,2696.6111777520837
8749,2689.576356762343
8750,2682.5346500975347
8751,2675.4860584660196
8752,2668.4305825989018
8753,2661.4004821871767
8754,2654.393092639493
8755,2647.3788813360934
8756,2640.3578490918467
8757,2633.3299967443695
8758,2626.354716980342
8759,2619.374852329125
8760,2612.388229825078
8761,2605.394850388693
8762,2598.4218953865275
8763,2591.476342978688
8764,2584.524095597245
8765,2577.5651542446903
8766,2570.599519946169
8767,2563.685660065158
8768,2556.767752453338
8769,2549.8432136199413
8770,2542.9120446711845
8771,2536.005046662161
8772,2529.1214427311693
8773,2522.2312701144147
8774,2515.334529998314
8775,2508.436683168512
8776,2501.587346093315
8777,2494.731502652481
8778,2487.8691541117096
8779,2481.000301759249
8780,2474.1675805448463
8781,2467.346028500668
8782,2460.5180335373734
8783,2453.6835970215475
8784,2446.864203436925
8785,2440.0769042712986
8786,2433.2832241468122
8787,2426.4831645074833
8788,2419.679212456433
8789,2412.926126912196
8790,2406.1667221468056
8791,2399.400999680841
8792,2392.6289610572994
8793,2385.8956346826503
8794,2379.170465055457
8795,2372.4390393165477
8796,2365.701359084492
8797,2358.987308115917
8798,2352.296332664685
8799,2345.599162463259
8800,2338.8957992048654
8801,2332.2029709682456
8802,2325.5461479893324
8803,2318.883191392477
8804,2312.214102944654
8805,2305.5445118053985
8806,2298.923083503653
8807,2292.295583661547
8808,2285.6620141185576
8809,2279.022376736362
8810,2272.4269070390656
8811,2265.834807681904
8812,2259.236700516712
8813,2252.6325874766253
8814,2246.0594017012127
8815,2239.5026458323828
8816,2232.9399437893885
8817,2226.371297575877
8818,2219.822292942724
8819,2213.3008228396397
8820,2206.7734679355144
8821,2200.2402303035665
8822,2193.7172495491686
8823,2187.2310067641624
8824,2180.7389402887497
8825,2174.241052264792
8826,2167.7458846109357
8827,2161.2948099721857
8828,2154.8379724894758
8829,2148.375374372343
8830,2141.9097564812528
8831,2135.4937900937903
8832,2129.0721214429086
8833,2122.644752804872
8834,2116.2116864776963
8835,2109.8294509672164
8836,2103.442890263504
8837,2097.0506899513625
8838,2090.6528523945008
8839,2084.303243569739
8840,2077.951729205883
8841,2071.5946353421004
8842,2065.231964406867
8843,2058.9165669351923
8844,2052.600036582382
8845,2046.2779865662947
8846,2039.950419379196
8847,2033.670769058333
8848,2027.3891596675262
8849,2021.1020901765899
8850,2014.8095631406302
8851,2008.5671477862822
8852,2002.3203955894924
8853,1996.0682425805992
8854,1989.8135667280085
8855,1983.60695169715
8856,1977.394992208804
8857,1971.177690919661
8858,1964.9633271631344
8859,1958.7913809660688
8860,1952.6141489844179
8861,1946.4316339349866
8862,1940.2589312195582
8863,1934.121588218764
8864,1927.9790178273793
8865,1921.8312228213545
8866,1915.7014855265593
8867,1909.5986793728944
8868,1903.4907039421728
8869,1897.3775620685406
8870,1891.2920508329485
8871,1885.2237144672467
8872,1879.1502666560352
8873,1873.0717102907097
8874,1867.0316428243648
8875,1860.9977084790487
8876,1854.9587202362836
8877,1848.9158341110049
8878,1842.9212329286554
8879,1836.9216321294498
8880,1830.917034695875
8881,1824.922142847301
8882,1818.961749109752
8883,1812.9964126774494
8884,1807.0261365874094
8885,1801.08033253819
8886,1795.1540766500664
8887,1789.2229347023417
8888,1783.2869097856185
8889,1777.3912472554634
8890,1771.4990589215886
8891,1765.6020408748893
8892,1759.7091048605382
8893,1753.8556899185282
8894,1747.997498145846
8895,1742.1345327173428
8896,1736.2939688279769
8897,1730.4744230432943
8898,1724.6501561428754
8899,1718.8211713524609
8900,1713.0339181988156
8901,1707.248169480311
8902,1701.4577550694075
8903,1695.680345567925
8904,1689.9449419748319
8905,1684.2049341383542
8906,1678.4603253564899
8907,1672.7111189469488
8908,1667.012300747806
8909,1661.3179428102544
8910,1655.6190482489023
8911,1649.9156204222531
8912,1644.2468313921454
8913,1638.61812418707
8914,1632.9849601360368
8915,1627.3473426249684
8916,1621.7052750591129
8917,1616.058760863015
8918,1610.46625622991
8919,1604.8938298669943
8920,1599.31703224105
8921,1593.7358668022307
8922,1588.1503370198088
8923,1582.560446382137
8924,1577.048270346099
8925,1571.5318365328487
8926,1566.0111161843786
8927,1560.4861128128598
8928,1554.9568299493712
8929,1549.4517610356472
8930,1543.9952360742332
8931,1538.5345048953177
8932,1533.0695710522366
8933,1527.6004381170033
8934,1522.1271096802786
8935,1516.7104798930584
8936,1511.3092830975486
8937,1505.9039630395173
8938,1500.494523330157
8939,1495.0809675991168
8940,1489.680592607683
8941,1484.3384765627077
8942,1478.992315704085
8943,1473.6421136805056
8944,1468.2878741588481
8945,1462.929600824232
8946,1457.6248936325633
8947,1452.3374385640268
8948,1447.0460198670037
8949,1441.7506412439216
8950,1436.4513064152209
8951,1431.171132008565
8952,1425.9419305155195
8953,1420.7088419851946
8954,1415.4718701539082
8955,1410.231018775719
8956,1404.986291622473
8957,1399.808186454615
8958,1394.6329761488635
8959,1389.4539582250122
8960,1384.2711364691213
8961,1379.0845146847655
8962,1373.9384037350737
8963,1368.8206209477062
8964,1363.699105287669
8965,1358.5738605713675
8966,1353.4448906324885
8967,1348.3345884659036
8968,1343.2737837447737
8969,1338.2093199638077
8970,1333.1412009681183
8971,1328.069430619909
8972,1322.9985616522035
8973,1317.994286817202
8974,1312.9864258074563
8975,1307.9749824952341
8976,1302.9599607696193
8977,1297.9413645365564
8978,1292.9837733437057
8979,1288.0320672921594
8980,1283.0768509260195
8981,1278.1181281597035
8982,1273.1559029242508
8983,1268.2437132423725
8984,1263.3477156485665
8985,1258.448278808721
8986,1253.5454066610457
8987,1248.6391031601033
8988,1243.775408861945
8989,1238.9346745556386
8990,1234.090571157608
8991,1229.2431026282916
8992,1224.3922729442866
8993,1219.5800005300357
8994,1214.7940856887249
8995,1210.0048710008607
8996,1205.2123604476415
8997,1200.4165580261501
8998,1195.6584719613784
8999,1190.9269341276472
9000,1186.1921647885974
9001,1181.4541679446838
9002,1176.7129476120083
9003,1172.0116555292896
9004,1167.3340536280643
9005,1162.6532876640526
9006,1157.9693616554816
9007,1153.2822796360301
9008,1148.6402374034421
9009,1144.0161317591171
9010,1139.3889286010901
9011,1134.7586319639565
9012,1130.125245897492
9013,1125.5447625569618
9014,1120.9737149103385
9015,1116.399635411022
9016,1111.8225281085224
9017,1107.2423970673165
9018,1102.7256396457137
9019,1098.2072131708699
9020,1093.6858196216183
9021,1089.1614630609977
9022,1084.646479207683
9023,1080.1831457627648
9024,1075.716905083743
9025,1071.247761231309
9026,1066.7757182806763
9027,1062.3290756475317
9028,1057.9174310708374
9029,1053.5029422781954
9030,1049.0856133413527
9031,1044.6654483463085
9032,1040.288910585429
9033,1035.9285233154083
9034,1031.5653539826612
9035,1027.199406668639
9036,1022.8327274387691
9037,1018.5258922524893
9038,1014.2163322212818
9039,1009.9040514211823
9040,1005.5890539420192
9041,1001.2963120639638
9042,997.0398151257272
9043,992.7806537752573
9044,988.5188320959102
9045,984.2543541846389
9046,980.0369489751034
9047,975.830364099458
9048,971.62117439736
9049,967.4093839582532
9050,963.2087633101775
9051,959.0542160105699
9052,954.8971185479337
9053,950.7374750033944
9054,946.5752894712259
9055,942.4531303192296
9056,938.3475894293681
9057,934.2395562816498
9058,930.1290349610512
9059,926.0279188727535
9060,921.9734029462984
9061,917.9164477636539
9062,913.857057399748
9063,909.7952359421735
9064,905.7752697684917
9065,901.7688641711942
9066,897.7600755697899
9067,893.7489080408711
9068,889.7537989749621
9069,885.7974186211859
9070,881.8387066346144
9071,877.8776670801385
9072,873.9143040348712
9073,870.0026261737579
9074,866.0934696865764
9075,862.182036193143
9076,858.2683297579414
9077,854.3849072867267
9078,850.5247892012793
9079,846.662443881846
9080,842.7978753795993
9081,838.9445911785726
9082,835.132998400419
9083,831.3192273796748
9084,827.503282153543
9085,823.685166770836
9086,819.9183425252689
9087,816.1526359249063
9088,812.3848033235523
9089,808.6148487551775
9090,804.8809820228967
9091,801.1628339467459
9092,797.4426073094008
9093,793.7203061293842
9094,790.020995647122
9095,786.3499041661609
9096,782.6767808076185
9097,779.0016295739557
9098,775.3383834762375
9099,771.7138506134886
9100,768.0873318089448
9101,764.4588310484206
9102,760.83306984942
9103,757.2546015647098
9104,753.6741925344852
9105,750.0918467273448
9106,746.5075681224336
9107,742.9720123983062
9108,739.4372222924649
9109,735.9005398569693
9110,732.3619690529812
9111,728.865868374606
9112,725.3762102574544
9113,721.8847035343564
9114,718.3913521479493
9115,714.9358873393859
9116,711.4908781738573
9117,708.0440634107331
9118,704.595446973601
9119,701.1817223535255
9120,697.7808829854673
9121,694.3782803209554
9122,690.9739182640268
9123,687.6029642504861
9124,684.2458193928193
9125,680.8869528407367
9126,677.5263684782248
9127,674.1991441232489
9128,670.8852223400553
9129,667.569619773437
9130,664.252340286851
9131,660.9697357425048
9132,657.6985694329829
9133,654.4257625679884
9134,651.1513189899874
9135,647.9141579075647
9136,644.6852832899076
9137,641.4548076696555
9138,638.2227348678355
9139,635.031776731744
9140,631.8447338268974
9141,628.6561288051802
9142,625.4660475895629
9143,622.321907863626
9144,619.1762404789987
9145,616.0290492039229
9146,612.8870728716851
9147,609.7838186459326
9148,606.6790743589515
9149,603.5728437564712
9150,600.4795469645584
9151,597.4167302132605
9152,594.3524603548827
9153,591.2867411122497
9154,588.2426431036766
9155,585.2198195303324
9156,582.1955791684576
9157,579.1699257175832
9158,576.1754923513829
9159,573.192221372091
9160,570.2075692948658
9161,567.2215397955937
9162,564.2771855203202
9163,561.3330302470729
9164,558.3875289461531
9165,555.4509326274932
9166,552.5467750415328
9167,549.6413022654253
9168,546.7345179191311
9169,543.8492152907247
9170,540.9832767785199
9171,538.1160569528743
9172,535.247559409264
9173,532.413816530912
9174,529.5856717885677
9175,526.7562790119863
9176,523.9332344600973
9177,521.1436806881569
9178,518.3529080326294
9179,515.5609200319898
9180,512.7903525789227
9181,510.03772068297747
9182,507.28390203504574
9183,504.52890014838454
9184,501.8109435644045
9185,499.09481962711794
9186,496.37754049427855
9187,493.67275739151773
9188,490.9938587202501
9189,488.3138323865618
9190,485.6326818458222
9191,482.98116096922536
9192,480.3379226379727
9193,477.6935870979132
9194,475.0568254022959
9195,472.44991538794466
9196,469.84193466793573
9197,467.2328866393593
9198,464.6577919736673
9199,462.0971334235654
9200,459.5354381511501
9201,456.9727095123037
9202,454.41750650014916
9203,451.9109550348984
9204,449.4034034340155
9205,446.89485500086323
9206,444.3853130447586
9207,441.87478088097976
9208,439.41105937571996
9209,436.9556273533152
9210,434.4992372644076
9211,432.0418923717661
9212,429.5835959439136
9213,427.1566270197893
9214,424.7523429811923
9215,422.3471385423474
9216,419.9410169195044
9217,417.5339813344563
9218,415.14602416040583
9219,412.791932088744
9220,410.43695620794153
9221,408.0810996877667
9222,405.7243657033545
9223,403.3774716290982
9224,401.0726308885125
9225,398.76694187869145
9226,396.46040772299887
9227,394.15303154997156
9228,391.84905490174174
9229,389.5925400419909
9230,387.33521142525893
9231,385.0770721286107
9232,382.8181252340673
9233,380.5587336591491
9234,378.34963422170375
9235,376.1397545350581
9236,373.92909763006344
9237,371.71766654236194
9238,369.505464312365
9239,367.3417712447488
9240,365.1784438471895
9241,363.0143717112688
9242,360.8495578263794
9243,358.6840051865214
9244,356.56670079369536
9245,354.44904367489505
9246,352.33067333854
9247,350.2115927279351
9248,348.0942416232355
9249,346.0220727406889
9250,343.94921833109976
9251,341.8756812875968
9252,339.80146450758485
9253,337.7336942937049
9254,335.70544508956334
9255,333.6765400720514
9256,331.6469820887579
9257,329.6167739913557
9258,327.59945943356144
9259,325.61429155068925
9260,323.6284966736674
9261,321.6420776047272
9262,319.65503715003814
9263,317.6889198218572
9264,315.746008762444
9265,313.8024986545076
9266,311.85839225515707
9267,309.91369232528217
9268,307.99938823087126
9269,306.09792317294296
9270,304.1958861590381
9271,302.2932799013867
9272,300.3901071158381
9273,298.5281139795711
9274,296.66729759505466
9275,294.80593551418343
9276,292.9440304045557
9277,291.0927180289903
9278,289.2722891730748
9279,287.4513374473835
9280,285.6298654718193
9281,283.8078758696216
9282,282.01041441394176
9283,280.2290546401749
9284,278.4471966933412
9285,276.66484314940635
9286,274.88199658754496
9287,273.1385534202004
9288,271.3955055807989
9289,269.65198349011956
9290,267.9079896804986
9291,266.1792039430315
9292,264.47417722470715
9293,262.76869693464965
9294,261.0627655589212
9295,259.35638558651226
9296,257.68250645479156
9297,256.014293018973
9298,254.34564848209575
9299,252.67657528733537
9300,251.0197037284963
9301,249.38799666401172
9302,247.75587785113092
9303,246.1233496877774
9304,244.4904145745562
9305,242.88895380591987
9306,241.29261384252064
9307,239.69588322101308
9308,238.09876429721075
9309,236.51623677465608
9310,234.95494279003643
9311,233.3932762406143
9312,231.83123943798725
9313,230.26884943052866
9314,228.7418823245073
9315,227.21456016356424
9316,225.68688521566753
9317,224.15885975112957
9318,222.65238628070577
9319,221.1587023804132
9320,219.66468259187243
9321,218.1703291422306
9322,216.68534938036655
9323,215.22461094145805
9324,213.7635529604301
9325,212.30217762184273
9326,210.84048711240106
9327,209.41113902756703
9328,207.98236262140168
9329,206.55328462385654
9330,205.123907179531
9331,203.71708921399753
9332,202.31992704802457
9333,200.92247853380522
9334,199.52474577440987
9335,198.14121753515133
9336,196.77501495462081
9337,195.40854075992058
9338,194.0417970131736
9339,192.68223735813794
9340,191.34635217321207
9341,190.0102096128243
9342,188.67381169872607
9343,187.3388230724512
9344,186.0326253462888
9345,184.72618400138057
9346,183.41950101968166
9347,182.11257838482948
9348,180.83248544297757
9349,179.55512695187846
9350,178.27754007256985
9351,176.99972674938104
9352,175.74455110549098
9353,174.49566895751528
9354,173.24657121434802
9355,171.9972597815857
9356,170.7674118326669
9357,169.54641116487682
9358,168.32520725184298
9359,167.1038019609997
9360,165.89963100693356
9361,164.70592840387516
9362,163.51203447465662
9363,162.3179510491181
9364,161.13974877106082
9365,159.97277206739633
9366,158.8056155377135
9367,157.63828097483017
9368,156.48628476060415
9369,155.34547284663563
9370,154.20449219951095
9371,153.06334457558043
9372,151.93774069793312
9373,150.82254332797666
9374,149.70718792182595
9375,148.5916761999223
9376,147.49260285334066
9377,146.40248045693085
9378,145.3122103365083
9379,144.221794177161
9380,143.14934437871443
9381,142.08376787458783
9382,141.01805358471097
9383,139.95220315937038
9384,138.90642751887447
9385,137.864878131731
9386,136.8232005337903
9387,135.78139634107902
9388,134.7623057056667
9389,133.74427478564817
9390,132.72612487683003
9391,131.7103250367349
9392,130.71542553956013
9393,129.72041438444606
9394,128.7252931196905
9395,127.73660590423648
9396,126.76422866346616
9397,125.79174834352693
9398,124.81916646013899
9399,123.85748752343896
9400,122.90715353320017
9401,121.95672471870684
9402,121.00620256363192
9403,120.07139741383763
9404,119.14263708895007
9405,118.21378988028135
9406,117.28485723998132
9407,116.37676332295744
9408,115.46911633186974
9409,114.56139009221698
9410,113.65892630963246
9411,112.77201470958605
9412,111.8850298098344
9413,110.99797300044412
9414,110.1222830453854
9415,109.25558413998625
9416,108.38881901619223
9417,107.52198903414596
9418,106.67282807995267
9419,105.82590860089195
9420,104.97892970523807
9421,104.13825009783443
9422,103.31814330169408
9423,102.49798278539474
9424,101.67776983856854
9425,100.85750575132325
9426,100.04227669153441
9427,99.24813501732343
9428,98.45394752512598
9429,97.65971546542232
9430,96.86544008912303
9431,96.07575135210028
9432,95.30687317687946
9433,94.53795664921506
9434,93.76900298130593
9435,93.00001338572227
9436,92.23586394317721
9437,91.49157043966788
9438,90.74724562943985
9439,90.00289068725037
9440,89.2585067881813
9441,88.51981152299635
9442,87.79944637099813
9443,87.07905655432019
9444,86.35864321109895
9445,85.63820747975753
9446,84.92480335548075
9447,84.22773248620355
9448,83.53064320605554
9449,82.83353661736398
9450,82.13641382269807
9451,81.44806550878309
9452,80.77367688484159
9453,80.09927573041722
9454,79.4248631128121
9455,78.75044009953066
9456,78.0868450464441
9457,77.43454848085184
9458,76.78224490589255
9459,76.12993535460627
9460,75.47762086020373
9461,74.83841381043041
9462,74.20764082853461
9463,73.5768660126153
9464,72.94609036219927
9465,72.31531487694112
9466,71.70007178780054
9467,71.09027553689309
9468,70.48048229439354
9469,69.87069302702986
9470,69.26090870162957
9471,68.66915004325267
9472,68.07980525558567
9473,67.49046799804974
9474,66.90113920527737
9475,66.31242101123107
9476,65.74301318778211
9477,65.17361620387268
9478,64.60423096267306
9479,64.03485836739804
9480,63.46923965124479
9481,62.920578824777756
9482,62.371932745096494
9483,61.82330228258714
9484,61.274688307651076
9485,60.72609169070417
9486,60.19738209636687
9487,59.668760263599154
9488,59.14015762465073
9489,58.611575018164174
9490,58.083013282770985
9491,57.57097731651251
9492,57.06167732894502
9493,56.55239982978468
9494,56.04314562694388
9495,55.53391552829434
9496,55.038913056533225
9497,54.548256005269195
9498,54.05762447000894
9499,53.567019228926654
9500,53.0764410601382
9501,52.598738290958735
9502,52.126068019311234
9503,51.65342603866527
9504,51.180813098431976
9505,50.70822994794315
9506,50.24800799049982
9507,49.7926903749761
9508,49.337403586615004
9509,48.88214834700805
9510,48.426925377648296
9511,47.9842881991882
9512,47.545710451517955
9513,47.10716584147602
9514,46.66865506375223
9515,46.23017881292433
9516,45.80516063057529
9517,45.38273062022067
9518,44.96033584481451
9519,44.5379769730413
9520,44.115654673452724
9521,43.70822681581859
9522,43.30137241243432
9523,42.894555140158204
9524,42.48777564253201
9525,42.08298161736743
9526,41.691111834546234
9527,41.29928026986143
9528,40.90748754271443
9529,40.515734272350755
9530,40.129728611587815
9531,39.754945497682584
9532,39.38020187206812
9533,39.005498326556236
9534,38.63083545279507
9535,38.2562138422643
9536,37.892637435002115
9537,37.53425844074376
9538,37.17592058427968
9539,36.817624430792826
9540,36.45937054529112
9541,36.10238538090229
9542,35.75967726738307
9543,35.41701117778322
9544,35.07438765191286
9545,34.73180722939881
9546,34.3892704496776
9547,34.054645850225064
9548,33.72698601779309
9549,33.39936945187455
9550,33.07179666776544
9551,32.74426818056725
9552,32.41732180994491
9553,32.10403002248932
9554,31.790782058142764
9555,31.47757840888599
9556,31.164419566498058
9557,30.85130602255595
9558,30.54630612026307
9559,30.24681463418295
9560,29.947367862358636
9561,29.647966274223155
9562,29.34861033900269
9563,29.051963369692388
9564,28.765641439490558
9565,28.47936449900456
9566,28.193132996261966
9567,27.906947379076147
9568,27.62080809504585
9569,27.345584294641963
9570,27.072093536170115
9571,26.798648326138196
9572,26.52524909157198
9573,26.251896259278762
9574,25.984526810080954
9575,25.7232669088506
9576,25.462052562900762
9577,25.20088417936427
9578,24.93976216515344
9579,24.68067968023141
9580,24.43111865196367
9581,24.181603090762113
9582,23.93213338472622
9583,23.6827099217355
9584,23.433333089444396
9585,23.19388588735052
9586,22.95555943728857
9587,22.717278649171895
9588,22.47904389267106
9589,22.24085553723278
9590,22.009814220873718
9591,21.782188706791185
9592,21.5546085831618
9593,21.327074202243107
9594,21.09958591606832
9595,20.8771625338496
9596,20.659770406735785
9597,20.442423327527614
9598,20.225121631831698
9599,20.007865655030226
9600,19.794207218370076
9601,19.58660071678926
9602,19.379038856262397
9603,19.17152195647654
9604,18.964050336897053
9605,18.759245902553314
9606,18.56099624656403
9607,18.36279076678577
9608,18.164629767690307
9609,17.966513553526532
9610,17.770600708427054
9611,17.581297324817573
9612,17.392037600485178
9613,17.20282182535919
9614,17.013650289147773
9615,16.826621082083737
9616,16.64587085977893
9617,16.465163733234366
9618,16.284499978482497
9619,16.103879871338357
9620,15.925686232844134
9621,15.753112807381674
9622,15.58058187271563
9623,15.408093691603627
9624,15.235648526587376
9625,15.06620721548807
9626,14.901450281490845
9627,14.736735196669365
9628,14.572062211100882
9629,14.407431574649504
9630,14.24662868708996
9631,14.089343337709638
9632,13.932099163685757
9633,13.774896402985368
9634,13.61773529336663
9635,13.4654303676638
9636,13.31528645999423
9637,13.165183025810258
9638,13.01512029151689
9639,12.865098483311527
9640,12.721128231636172
9641,12.577809777134586
9642,12.434531070051293
9643,12.291292325751566
9644,12.149281831318213
9645,12.013519290701568
9646,11.877795238727732
9647,11.742109878812101
9648,11.606463414172051
9649,11.470856047827022
9650,11.339576436839137
9651,11.211062626278865
9652,11.082586446516592
9653,10.954148089257183
9654,10.825747746012217
9655,10.698096803932161
9656,10.576428250132217
9657,10.454796263226827
9658,10.333201024011545
9659,10.211642713094845
9660,10.090121510895804
9661,9.972716683922233
9662,9.857582156367053
9663,9.742483302561483
9664,9.627420292783256
9665,9.512393297127055
9666,9.398764743867691
9667,9.28979831322898
9668,9.1808664858906
9669,9.07196942234546
9670,8.963107282908812
9671,8.854280227716957
9672,8.750313761433157
9673,8.647236133605961
9674,8.54419219569744
9675,8.441182098761132
9676,8.338205993677965
9677,8.238015358902308
9678,8.14049483336278
9679,8.043006932300099
9680,7.945551797998817
9681,7.8481295725750995
9682,7.751810340590684
9683,7.659564785274561
9684,7.567350799269211
9685,7.4751685165566215
9686,7.383018070955913
9687,7.290899596123405
9688,7.203389984653808
9689,7.11618203011432
9690,7.029004727746816
9691,6.941858203516916
9692,6.854742583232537
9693,6.770938042752003
9694,6.688481779851483
9695,6.606055131759501
9696,6.523658217008679
9697,6.441291153980063
9698,6.36120168176946
9699,6.283255652826554
9700,6.205338216313879
9701,6.127449483730629
9702,6.049589566429747
9703,5.973199937268891
9704,5.8995349364481555
9705,5.825897521725278
9706,5.752287797945426
9707,5.678705869811837
9708,5.605979098226374
9709,5.5363775711272645
9710,5.4668026407473205
9711,5.397254405636242
9712,5.327732964207584
9713,5.258664677372128
9714,5.193429116657268
9715,5.1282189809921395
9716,5.063034362252248
9717,4.997875352182988
9718,4.9327420423990525
9719,4.868727653501772
9720,4.807610421727297
9721,4.7465175700055555
9722,4.685449183851471
9723,4.624405348655757
9724,4.563386149683781
9725,4.50429721187193
9726,4.4470411952337745
9727,4.3898085423632365
9728,4.332599332835923
9729,4.275413646108387
9730,4.218251561517515
9731,4.163935748584337
9732,4.110299799427657
9733,4.056686226992852
9734,4.003095105310694
9735,3.9495265082979145
9736,3.8965302698810724
9737,3.8462668667173787
9738,3.7960248138579367
9739,3.7458041802662136
9740,3.6956050347974463
9741,3.6454274461977434
9742,3.597055661075562
9743,3.5499749543139627
9744,3.5029146750248668
9745,3.4558748873367007
9746,3.408855655274379
9747,3.3620178766286237
9748,3.3179014177769934
9749,3.273804433370773
9750,3.2297269831256483
9751,3.1856691266587265
9752,3.1416309234881927
9753,3.0991770987168645
9754,3.057858609890432
9755,3.016558735887208
9756,2.9752775322096343
9757,2.9340150542664154
9758,2.8931856934706786
9759,2.854472397847355
9760,2.815776834801712
9761,2.777099055996106
9762,2.738439113003322
9763,2.6997970573066663
9764,2.663053280127914
9765,2.626799543267278
9766,2.590562740878198
9767,2.5543429209541575
9768,2.5181401314035674
9769,2.483022862248031
9770,2.4490585766777633
9771,2.4151104110643207
9772,2.3811784100614584
9773,2.347262618242076
9774,2.3138183399023102
9775,2.282000611902358
9776,2.2501982235258278
9777,2.2184112163107486
9778,2.1866396317186547
9779,2.1548936477231897
9780,2.1250884753167756
9781,2.095297895305789
9782,2.065521946322228
9783,2.035760666925167
9784,2.006014095600828
9785,1.9778020510222443
9786,1.9498976485309945
9787,1.9220071591593755
9788,1.894130618759795
9789,1.8662680631155777
9790,1.8396389462250111
9791,1.8135029102602518
9792,1.7873801006508687
9793,1.7612705507254742
9794,1.7351742937470904
9795,1.7101149465803973
9796,1.6856368001241642
9797,1.6611712233291929
9798,1.636718247171028
9799,1.6122779025632525
9800,1.5887642905775214
9801,1.5658404349723785
9802,1.542928521343139
9803,1.520028578472079
9804,1.4971406350825063
9805,1.4751397887116717
9806,1.453673076405555
9807,1.4322177063523671
9808,1.4107737052900777
9809,1.3893410999008302
9810,1.3688128102145374
9811,1.3487121440846432
9812,1.3286222474176965
9813,1.3085431450465206
9814,1.28847486175127
9815,1.2693731574545857
9816,1.250553115043985
9817,1.2317432952286531
9818,1.2129437210665226
9819,1.1941544155656183
9820,1.1764288457480885
9821,1.158809326853926
9822,1.1411995086198892
9823,1.1235994124504507
9824,1.1061090908286315
9825,1.0896058042013606
9826,1.07311170035455
9827,1.0566267991971554
9828,1.0401511205935776
9829,1.0239953361161114
9830,1.0085475113180138
9831,0.9931083957856116
9832,0.977678007991231
9833,0.9622563663652196
9834,0.9473729981399274
9835,0.9329145774188577
9836,0.9184644144478439
9837,0.9040225263616669
9838,0.8895889302552741
9839,0.8759152396633987
9840,0.8623842844221741
9841,0.8488611565244621
9842,0.8353458718597644
9843,0.8219806246641483
9844,0.8093116572225473
9845,0.7966500921957549
9846,0.7839959443495756
9847,0.7713492284143496
9848,0.7591213856517304
9849,0.7472677462094294
9850,0.7354211195028191
9851,0.7235815192169764
9852,0.7117489590036052
9853,0.7005937320658716
9854,0.6895043485015975
9855,0.6784216065066156
9856,0.6673455187605023
9857,0.6565093887031803
9858,0.6461301004738128
9859,0.6357570886015786
9860,0.6253903648602679
9861,0.6150299409940183
9862,0.6051848131959344
9863,0.5954773379291817
9864,0.5857758034212279
9865,0.5760802205741061
9866,0.5665572662520191
9867,0.5574738862835872
9868,0.548396117530505
9869,0.5393239701104041
9870,0.5302574541145642
9871,0.521640741005669
9872,0.513147894764437
9873,0.504660356534807
9874,0.49617813567906416
9875,0.48787464038831463
9876,0.47993029322543596
9877,0.4719909569191417
9878,0.46405664015285325
9879,0.456127351586638
9880,0.44864525356907753
9881,0.4412199804679746
9882,0.4337994444842918
9883,0.42638365364740133
9884,0.41921950150007053
9885,0.41232121353129175
9886,0.40542736581231903
9887,0.39853796573694505
9888,0.39165302067849234
9889,0.3850763668379719
9890,0.3786721505147728
9891,0.37227210238820563
9892,0.3658762292463554
9893,0.35948453785817824
9894,0.35346624684785444
9895,0.3475210926785135
9896,0.3415798505138637
9897,0.33564252658418914
9898,0.329741959815264
9899,0.3242196445826402
9900,0.31870099443139255
9901,0.31318601509489075
9902,0.307674712289758
9903,0.3023026484885977
9904,0.2971767876686278
9905,0.29205436539776475
9906,0.2869353869354367
9907,0.281819857525475
9908,0.2769448079085144
9909,0.2721872361592707
9910,0.2674328897942648
9911,0.26268177363677453
9912,0.25794344662624097
9913,0.25352495601088193
9914,0.24910948580919287
9915,0.24469704045673835
9916,0.24028762437550394
9917,0.23602337508805712
9918,0.23195733746247185
9919,0.22789410804880414
9920,0.22383369087814897
9921,0.21977608996902237
9922,0.21580983772032744
9923,0.21206849427140592
9924,0.20832976116439586
9925,0.20459364206154418
9926,0.2008601406134635
9927,0.19718434429415913
9928,0.193742101540141
9929,0.19030228466509386
9930,0.1868648969949931
9931,0.18342994184508654
9932,0.1800351257903366
9933,0.1768683885884868
9934,0.17370390534073044
9935,0.17054167906658815
9936,0.16738171277562788
9937,0.16425693848171724
9938,0.16134395574963756
9939,0.15843306676855204
9940,0.15552427427871762
9941,0.15261758101121878
9942,0.14975084537715214
9943,0.14707156757412365
9944,0.1443942342742434
9945,0.14171884796341314
9946,0.1390454111190542
9947,0.13642398088405513
9948,0.13395992836895243
9949,0.13149768134502923
9950,0.12903724206655623
9951,0.12657861277996982
9952,0.1241893036673306
9953,0.12192344511512818
9954,0.11965926260307029
9955,0.11739675817455535
9956,0.11513593386576827
9957,0.1129653419143612
9958,0.11088198203350377
9959,0.10880017766971758
9960,0.10671993067450644
9961,0.10464124289268983
9962,0.10268753394549904
9963,0.10078883214568787
9964,0.09889156108327607
9965,0.0969957224205115
9966,0.09510131781353003
9967,0.09326975657388993
9968,0.09153946961534387
9969,0.08981049839302789
9970,0.08808284439869479
9971,0.08635650911852244
9972,0.08464809054090393
9973,0.08307139206367539
9974,0.08149590335584031
9975,0.07992162575562828
9976,0.07834856059616713
9977,0.07677670920549613
9978,0.07532574427494951
9979,0.07389021450382445
9980,0.07245579807996444
9981,0.07102249619872687
9982,0.06959031005081895
9983,0.06824724469032464
9984,0.06693933210450209
9985,0.06563244282515274
9986,0.06432657792366443
9987,0.06302173846716123
9988,0.061788477963055734
9989,0.06060430038828309
9990,0.05942105735156979
9991,0.058238749806780066
9992,0.0570573787039165
9993,0.055892239123825904
9994,0.05482017021584941
9995,0.05374895463453002
9996,0.052678593228731176
9997,0.05160908684381051
9998,0.05054043632161904
9999,0.04948351087875057
