    time    temp    dens
   1.00510287586053E-01   1.12576632892324E+00   3.89119862422528E+05
     nin     zin       y       x
  1    0     7.59149396419882E-01   7.59149396419882E-01
  0    1     1.12772902501182E-13   1.12772902501182E-13
  1    1     2.74958173890520E-12   5.49916347781040E-12
  2    1     1.41419852944260E-08   4.24259558832779E-08
  1    2     9.51599136884722E-25   2.85479741065416E-24
  2    2     2.09806103315874E-05   8.39224413263494E-05
  4    2     2.03398245335073E-07   1.22038947201044E-06
  3    3     1.39819149989192E-21   8.38914899935152E-21
  4    3     1.10381823915541E-14   7.72672767408789E-14
  5    3     1.24706409410916E-14   9.97651275287328E-14
  6    3     5.45318995402751E-07   4.90787095862476E-06
  3    4     1.00000000000000E-99   1.00000000000000E-99
  5    4     2.07185174839748E-14   1.86466657355774E-13
  6    4     2.91591961391437E-11   2.91591961391437E-10
  7    4     1.57355995055412E-13   1.73091594560953E-12
  8    4     1.52310570413676E-06   1.82772684496411E-05
  3    5     1.00000000000000E-99   1.00000000000000E-99
  5    5     1.00000000000000E-99   1.00000000000000E-99
  6    5     7.91745852610615E-16   8.70920437871677E-15
  7    5     5.96906149158202E-14   7.16287378989842E-13
  8    5     1.32488321248830E-06   1.72234817623479E-05
  9    5     5.07022074509111E-07   7.09830904312756E-06
  3    6     1.00000000000000E-99   1.00000000000000E-99
  4    6     1.00000000000000E-99   1.00000000000000E-99
  5    6     1.00000000000000E-99   1.00000000000000E-99
  6    6     4.95491096506210E-19   5.94589315807452E-18
  7    6     1.34330293721774E-14   1.74629381838307E-13
  8    6     1.34668651863548E-13   1.88536112608967E-12
  9    6     4.64460172028300E-13   6.96690258042450E-12
 10    6     6.81580872282309E-06   1.09052939565169E-04
 11    6     7.33417726457331E-07   1.24681013497746E-05
 12    6     1.00000000000000E-99   1.00000000000000E-99
  4    7     1.00000000000000E-99   1.00000000000000E-99
  5    7     1.00000000000000E-99   1.00000000000000E-99
  6    7     1.00000000000000E-99   1.00000000000000E-99
  7    7     3.03701225749024E-23   4.25181716048634E-22
  8    7     7.84163359084260E-15   1.17624503862639E-13
  9    7     2.99479343336597E-14   4.79166949338555E-13
 10    7     1.36443023767602E-13   2.31953140404923E-12
 11    7     1.22925298632594E-13   2.21265537538669E-12
 12    7     1.07377555651831E-10   2.04017355738479E-09
 13    7     6.56297451571439E-07   1.31259490314288E-05
 14    7     1.00000000000000E-99   1.00000000000000E-99
  5    8     1.00000000000000E-99   1.00000000000000E-99
  6    8     1.00000000000000E-99   1.00000000000000E-99
  7    8     1.00000000000000E-99   1.00000000000000E-99
  8    8     1.40332697175762E-20   2.24532315481219E-19
  9    8     4.86583803157529E-23   8.27192465367799E-22
 10    8     1.03681559405204E-18   1.86626806929367E-17
 11    8     2.85417331932136E-16   5.42292930671059E-15
 12    8     8.25038607654996E-15   1.65007721530999E-13
 13    8     5.78467106803625E-13   1.21478092428761E-11
 14    8     3.61793633316373E-08   7.95945993296021E-07
  5    9     1.00000000000000E-99   1.00000000000000E-99
  6    9     1.00000000000000E-99   1.00000000000000E-99
  7    9     1.00000000000000E-99   1.00000000000000E-99
  8    9     1.00000000000000E-99   1.00000000000000E-99
  9    9     1.00000000000000E-99   1.00000000000000E-99
 10    9     2.44380842969321E-22   4.64323601641710E-21
 11    9     2.85052182664716E-22   5.70104365329433E-21
 12    9     4.15185101023870E-19   8.71888712150126E-18
 13    9     1.79968621515618E-16   3.95930967334361E-15
 14    9     1.00209343904095E-17   2.30481490979419E-16
 15    9     2.93947098397218E-17   7.05473036153324E-16
 16    9     1.15742437949650E-10   2.89356094874124E-09
 17    9     4.04597857940066E-11   1.05195443064417E-09
  7   10     1.00000000000000E-99   1.00000000000000E-99
  8   10     1.00000000000000E-99   1.00000000000000E-99
  9   10     1.00000000000000E-99   1.00000000000000E-99
 10   10     1.00000000000000E-99   1.00000000000000E-99
 11   10     1.00000000000000E-99   1.00000000000000E-99
 12   10     4.94139187831552E-24   1.08710621322942E-22
 13   10     1.13186318843621E-21   2.60328533340327E-20
 14   10     1.62645511213284E-19   3.90349226911881E-18
 15   10     8.80788312732637E-15   2.20197078183159E-13
 16   10     1.18543188393610E-14   3.08212289823385E-13
 17   10     3.62958089368778E-15   9.79986841295700E-14
 18   10     2.10935883551056E-14   5.90620473942958E-13
 19   10     1.55740218333440E-15   4.51646633166976E-14
 20   10     9.93503267840439E-15   2.98050980352132E-13
 21   10     4.70610774379006E-15   1.45889340057492E-13
 22   10     1.06886318439668E-08   3.42036219006938E-07
 23   10     1.06079707448608E-19   3.50063034580405E-18
 24   10     6.62560019723129E-19   2.25270406705864E-17
 25   10     1.00000000000000E-99   1.00000000000000E-99
 26   10     1.00000000000000E-99   1.00000000000000E-99
 27   10     1.00000000000000E-99   1.00000000000000E-99
 28   10     1.00000000000000E-99   1.00000000000000E-99
 29   10     1.00000000000000E-99   1.00000000000000E-99
 30   10     1.00000000000000E-99   1.00000000000000E-99
 31   10     1.00000000000000E-99   1.00000000000000E-99
  8   11     1.00000000000000E-99   1.00000000000000E-99
  9   11     1.00000000000000E-99   1.00000000000000E-99
 10   11     1.00000000000000E-99   1.00000000000000E-99
 11   11     1.00000000000000E-99   1.00000000000000E-99
 12   11     1.00000000000000E-99   1.00000000000000E-99
 13   11     1.00000000000000E-99   1.00000000000000E-99
 14   11     5.69080090606082E-25   1.42270022651521E-23
 15   11     2.04324446625644E-24   5.31243561226675E-23
 16   11     1.23752497990441E-22   3.34131744574192E-21
 17   11     1.27090218866606E-19   3.55852612826497E-18
 18   11     2.90169257870941E-18   8.41490847825730E-17
 19   11     7.82783918415575E-18   2.34835175524672E-16
 20   11     2.75191668815385E-15   8.53094173327692E-14
 21   11     1.61459181494857E-12   5.16669380783544E-11
 22   11     4.84210490073187E-13   1.59789461724152E-11
 23   11     4.19921433785591E-13   1.42773287487101E-11
 24   11     4.43141886187328E-09   1.55099660165565E-07
 25   11     1.02484745672106E-18   3.68945084419583E-17
 26   11     3.68297265292557E-19   1.36269988158246E-17
 27   11     1.00000000000000E-99   1.00000000000000E-99
 28   11     1.00000000000000E-99   1.00000000000000E-99
 29   11     1.00000000000000E-99   1.00000000000000E-99
 30   11     1.00000000000000E-99   1.00000000000000E-99
 31   11     1.00000000000000E-99   1.00000000000000E-99
 32   11     1.00000000000000E-99   1.00000000000000E-99
 33   11     1.00000000000000E-99   1.00000000000000E-99
  8   12     1.00000000000000E-99   1.00000000000000E-99
  9   12     1.00000000000000E-99   1.00000000000000E-99
 10   12     1.00000000000000E-99   1.00000000000000E-99
 11   12     1.00000000000000E-99   1.00000000000000E-99
 12   12     1.00000000000000E-99   1.00000000000000E-99
 13   12     1.00000000000000E-99   1.00000000000000E-99
 14   12     1.00000000000000E-99   1.00000000000000E-99
 15   12     1.00000000000000E-99   1.00000000000000E-99
 16   12     1.32779592074194E-24   3.71782857807744E-23
 17   12     2.16889163650871E-24   6.28978574587527E-23
 18   12     4.12373598903184E-21   1.23712079670955E-19
 19   12     3.61584933528189E-21   1.12091329393739E-19
 20   12     1.41865206460898E-19   4.53968660674873E-18
 21   12     7.85390772705223E-17   2.59178954992724E-15
 22   12     2.40417331735281E-08   8.17418927899956E-07
 23   12     3.84994580139405E-16   1.34748103048792E-14
 24   12     5.36065186568048E-10   1.92983467164497E-08
 25   12     1.97882791321349E-15   7.32166327888991E-14
 26   12     2.84975814694939E-10   1.08290809584077E-08
 27   12     3.50650269608264E-16   1.36753605147223E-14
 28   12     5.61466585690773E-10   2.24586634276309E-08
 29   12     1.00000000000000E-99   1.00000000000000E-99
 30   12     1.00000000000000E-99   1.00000000000000E-99
 31   12     1.00000000000000E-99   1.00000000000000E-99
 32   12     1.00000000000000E-99   1.00000000000000E-99
 33   12     1.00000000000000E-99   1.00000000000000E-99
 34   12     1.00000000000000E-99   1.00000000000000E-99
 35   12     1.00000000000000E-99   1.00000000000000E-99
  8   13     1.00000000000000E-99   1.00000000000000E-99
  9   13     1.00000000000000E-99   1.00000000000000E-99
 10   13     1.00000000000000E-99   1.00000000000000E-99
 11   13     1.00000000000000E-99   1.00000000000000E-99
 12   13     1.00000000000000E-99   1.00000000000000E-99
 13   13     1.00000000000000E-99   1.00000000000000E-99
 14   13     1.00000000000000E-99   1.00000000000000E-99
 15   13     1.00000000000000E-99   1.00000000000000E-99
 16   13     1.00000000000000E-99   1.00000000000000E-99
 17   13     1.00000000000000E-99   1.00000000000000E-99
 18   13     1.00000000000000E-99   1.00000000000000E-99
 19   13     1.00000000000000E-99   1.00000000000000E-99
 20   13     1.44845797934750E-16   4.77991133184675E-15
 21   13     3.99371613023693E-17   1.35786348428056E-15
 22   13     1.73284272787174E-15   6.06494954755111E-14
 23   13     1.40991452295549E-16   5.07569228263975E-15
 24   13     2.78703288430102E-14   1.03120216719138E-12
 25   13     1.94355972516936E-16   7.38552695564355E-15
 26   13     1.93153296926413E-11   7.53297858013010E-10
 27   13     2.25318961810634E-16   9.01275847242535E-15
 28   13     2.20480440043732E-09   9.03969804179300E-08
 29   13     1.00000000000000E-99   1.00000000000000E-99
 30   13     1.00000000000000E-99   1.00000000000000E-99
 31   13     1.00000000000000E-99   1.00000000000000E-99
 32   13     1.00000000000000E-99   1.00000000000000E-99
 33   13     1.00000000000000E-99   1.00000000000000E-99
 34   13     1.00000000000000E-99   1.00000000000000E-99
 35   13     1.00000000000000E-99   1.00000000000000E-99
 36   13     1.00000000000000E-99   1.00000000000000E-99
 37   13     1.00000000000000E-99   1.00000000000000E-99
 38   13     1.00000000000000E-99   1.00000000000000E-99
  8   14     1.00000000000000E-99   1.00000000000000E-99
  9   14     1.00000000000000E-99   1.00000000000000E-99
 10   14     1.00000000000000E-99   1.00000000000000E-99
 11   14     1.00000000000000E-99   1.00000000000000E-99
 12   14     1.00000000000000E-99   1.00000000000000E-99
 13   14     1.00000000000000E-99   1.00000000000000E-99
 14   14     1.00000000000000E-99   1.00000000000000E-99
 15   14     1.00000000000000E-99   1.00000000000000E-99
 16   14     1.00000000000000E-99   1.00000000000000E-99
 17   14     1.00000000000000E-99   1.00000000000000E-99
 18   14     1.00000000000000E-99   1.00000000000000E-99
 19   14     1.65190199861372E-25   5.45127659542526E-24
 20   14     9.59653487009322E-24   3.26282185583170E-22
 21   14     1.20155673908121E-23   4.20544858678424E-22
 22   14     1.70358253667242E-22   6.13289713202069E-21
 23   14     8.07718065851165E-19   2.98855684364931E-17
 24   14     1.42950621218487E-17   5.43212360630252E-16
 25   14     1.78008938909156E-17   6.94234861745708E-16
 26   14     2.01109725511249E-16   8.04438902044994E-15
 27   14     3.10988295964269E-16   1.27505201345350E-14
 28   14     1.36696127011373E-08   5.74123733447768E-07
 29   14     4.20570469377186E-20   1.80845301832190E-18
 30   14     9.02290974538949E-19   3.97008028797138E-17
 31   14     1.00000000000000E-99   1.00000000000000E-99
 32   14     2.96095583888190E-21   1.36203968588568E-19
 33   14     1.00000000000000E-99   1.00000000000000E-99
 34   14     1.00000000000000E-99   1.00000000000000E-99
 35   14     1.00000000000000E-99   1.00000000000000E-99
 36   14     1.00000000000000E-99   1.00000000000000E-99
 37   14     1.00000000000000E-99   1.00000000000000E-99
 38   14     1.00000000000000E-99   1.00000000000000E-99
 39   14     1.00000000000000E-99   1.00000000000000E-99
 40   14     1.00000000000000E-99   1.00000000000000E-99
  8   15     1.00000000000000E-99   1.00000000000000E-99
  9   15     1.00000000000000E-99   1.00000000000000E-99
 10   15     1.00000000000000E-99   1.00000000000000E-99
 11   15     1.00000000000000E-99   1.00000000000000E-99
 12   15     1.00000000000000E-99   1.00000000000000E-99
 13   15     1.00000000000000E-99   1.00000000000000E-99
 14   15     1.00000000000000E-99   1.00000000000000E-99
 15   15     1.00000000000000E-99   1.00000000000000E-99
 16   15     1.00000000000000E-99   1.00000000000000E-99
 17   15     1.00000000000000E-99   1.00000000000000E-99
 18   15     1.00000000000000E-99   1.00000000000000E-99
 19   15     1.00000000000000E-99   1.00000000000000E-99
 20   15     1.00000000000000E-99   1.00000000000000E-99
 21   15     1.00000000000000E-99   1.00000000000000E-99
 22   15     1.00000000000000E-99   1.00000000000000E-99
 23   15     1.00000000000000E-99   1.00000000000000E-99
 24   15     2.63036450453656E-25   1.02584215676926E-23
 25   15     1.56676771402138E-24   6.26707085608550E-23
 26   15     2.70743156787927E-16   1.11004694283050E-14
 27   15     7.77188692087394E-17   3.26419250676706E-15
 28   15     1.97252299496880E-09   8.48184887836585E-08
 29   15     3.35221914683615E-16   1.47497642460791E-14
 30   15     1.00602031163195E-12   4.52709140234379E-11
 31   15     5.35095760122675E-16   2.46144049656431E-14
 32   15     1.66785246302152E-09   7.83890657620112E-08
 33   15     3.25497603634906E-25   1.56238849744755E-23
 34   15     1.26659415515547E-24   6.20631136026179E-23
 35   15     1.00000000000000E-99   1.00000000000000E-99
 36   15     1.00000000000000E-99   1.00000000000000E-99
 37   15     1.00000000000000E-99   1.00000000000000E-99
 38   15     1.00000000000000E-99   1.00000000000000E-99
 39   15     1.00000000000000E-99   1.00000000000000E-99
 40   15     1.00000000000000E-99   1.00000000000000E-99
 41   15     1.00000000000000E-99   1.00000000000000E-99
 42   15     1.00000000000000E-99   1.00000000000000E-99
  8   16     1.00000000000000E-99   1.00000000000000E-99
  9   16     1.00000000000000E-99   1.00000000000000E-99
 10   16     1.00000000000000E-99   1.00000000000000E-99
 11   16     1.00000000000000E-99   1.00000000000000E-99
 12   16     1.00000000000000E-99   1.00000000000000E-99
 13   16     1.00000000000000E-99   1.00000000000000E-99
 14   16     1.00000000000000E-99   1.00000000000000E-99
 15   16     1.00000000000000E-99   1.00000000000000E-99
 16   16     1.00000000000000E-99   1.00000000000000E-99
 17   16     1.00000000000000E-99   1.00000000000000E-99
 18   16     1.00000000000000E-99   1.00000000000000E-99
 19   16     1.00000000000000E-99   1.00000000000000E-99
 20   16     1.00000000000000E-99   1.00000000000000E-99
 21   16     1.00000000000000E-99   1.00000000000000E-99
 22   16     1.00000000000000E-99   1.00000000000000E-99
 23   16     1.00000000000000E-99   1.00000000000000E-99
 24   16     1.00000000000000E-99   1.00000000000000E-99
 25   16     2.52959250871024E-20   1.03713292857120E-18
 26   16     1.36025148513101E-17   5.71305623755026E-16
 27   16     2.45840480015715E-17   1.05711406406758E-15
 28   16     2.57123998828860E-16   1.13134559484698E-14
 29   16     8.83867606722753E-17   3.97740423025239E-15
 30   16     8.97568946359966E-14   4.12881715325584E-12
 31   16     7.41359965100027E-16   3.48439183597013E-14
 32   16     3.70199056836784E-10   1.77695547281656E-08
 33   16     4.87607254790881E-15   2.38927554847532E-13
 34   16     9.45520840582298E-10   4.72760420291149E-08
 35   16     2.67684326200469E-22   1.36519006362239E-20
 36   16     1.41323108353566E-22   7.34880163438541E-21
 37   16     1.00000000000000E-99   1.00000000000000E-99
 38   16     1.00000000000000E-99   1.00000000000000E-99
 39   16     1.00000000000000E-99   1.00000000000000E-99
 40   16     1.00000000000000E-99   1.00000000000000E-99
 41   16     1.00000000000000E-99   1.00000000000000E-99
 42   16     1.00000000000000E-99   1.00000000000000E-99
 43   16     1.00000000000000E-99   1.00000000000000E-99
 44   16     1.00000000000000E-99   1.00000000000000E-99
  9   17     1.00000000000000E-99   1.00000000000000E-99
 10   17     1.00000000000000E-99   1.00000000000000E-99
 11   17     1.00000000000000E-99   1.00000000000000E-99
 12   17     1.00000000000000E-99   1.00000000000000E-99
 13   17     1.00000000000000E-99   1.00000000000000E-99
 14   17     1.00000000000000E-99   1.00000000000000E-99
 15   17     1.00000000000000E-99   1.00000000000000E-99
 16   17     1.00000000000000E-99   1.00000000000000E-99
 17   17     1.00000000000000E-99   1.00000000000000E-99
 18   17     1.00000000000000E-99   1.00000000000000E-99
 19   17     1.00000000000000E-99   1.00000000000000E-99
 20   17     1.00000000000000E-99   1.00000000000000E-99
 21   17     1.00000000000000E-99   1.00000000000000E-99
 22   17     1.00000000000000E-99   1.00000000000000E-99
 23   17     1.00000000000000E-99   1.00000000000000E-99
 24   17     1.00000000000000E-99   1.00000000000000E-99
 25   17     1.00000000000000E-99   1.00000000000000E-99
 26   17     1.00000000000000E-99   1.00000000000000E-99
 27   17     1.00000000000000E-99   1.00000000000000E-99
 28   17     9.55169299609135E-22   4.29826184824111E-20
 29   17     1.43301384936019E-19   6.59186370705689E-18
 30   17     9.41989474469240E-17   4.42735053000543E-15
 31   17     8.79620420662291E-18   4.22217801917900E-16
 32   17     6.34455390241284E-15   3.10883141218229E-13
 33   17     4.30599282093822E-16   2.15299641046911E-14
 34   17     1.19363344781756E-09   6.08753058386956E-08
 35   17     4.03158702373277E-15   2.09642525234104E-13
 36   17     2.33139543900161E-14   1.23563958267085E-12
 37   17     3.68796888706589E-21   1.99150319901558E-19
 38   17     8.37052392833235E-22   4.60378816058279E-20
 39   17     1.00000000000000E-99   1.00000000000000E-99
 40   17     1.00000000000000E-99   1.00000000000000E-99
 41   17     1.00000000000000E-99   1.00000000000000E-99
 42   17     1.00000000000000E-99   1.00000000000000E-99
 43   17     1.00000000000000E-99   1.00000000000000E-99
 44   17     1.00000000000000E-99   1.00000000000000E-99
 45   17     1.00000000000000E-99   1.00000000000000E-99
 46   17     1.00000000000000E-99   1.00000000000000E-99
  9   18     1.00000000000000E-99   1.00000000000000E-99
 10   18     1.00000000000000E-99   1.00000000000000E-99
 11   18     1.00000000000000E-99   1.00000000000000E-99
 12   18     1.00000000000000E-99   1.00000000000000E-99
 13   18     1.00000000000000E-99   1.00000000000000E-99
 14   18     1.00000000000000E-99   1.00000000000000E-99
 15   18     1.00000000000000E-99   1.00000000000000E-99
 16   18     1.00000000000000E-99   1.00000000000000E-99
 17   18     1.00000000000000E-99   1.00000000000000E-99
 18   18     1.00000000000000E-99   1.00000000000000E-99
 19   18     1.00000000000000E-99   1.00000000000000E-99
 20   18     1.00000000000000E-99   1.00000000000000E-99
 21   18     1.00000000000000E-99   1.00000000000000E-99
 22   18     1.00000000000000E-99   1.00000000000000E-99
 23   18     1.00000000000000E-99   1.00000000000000E-99
 24   18     1.00000000000000E-99   1.00000000000000E-99
 25   18     1.00000000000000E-99   1.00000000000000E-99
 26   18     1.00000000000000E-99   1.00000000000000E-99
 27   18     1.00000000000000E-99   1.00000000000000E-99
 28   18     1.00000000000000E-99   1.00000000000000E-99
 29   18     5.64192608534607E-24   2.65170526011265E-22
 30   18     3.74960981707198E-21   1.79981271219455E-19
 31   18     4.29258022329244E-18   2.10336430941330E-16
 32   18     1.21220075993752E-15   6.06100379968761E-14
 33   18     1.07896214094789E-16   5.50270691883423E-15
 34   18     1.15061832155646E-12   5.98321527209360E-11
 35   18     1.44337339303180E-15   7.64987898306855E-14
 36   18     2.90436997273673E-14   1.56835978527784E-12
 37   18     2.20155809181267E-15   1.21085695049697E-13
 38   18     2.02505871915946E-09   1.13403288272930E-07
 39   18     3.73235586617856E-18   2.12744284372178E-16
 40   18     2.20532916764976E-16   1.27909091723686E-14
 41   18     1.00177280753695E-23   5.91045956446800E-22
 42   18     2.22397177488845E-21   1.33438306493307E-19
 43   18     1.00000000000000E-99   1.00000000000000E-99
 44   18     5.04112850337857E-25   3.12549967209471E-23
 45   18     1.00000000000000E-99   1.00000000000000E-99
 46   18     1.00000000000000E-99   1.00000000000000E-99
 47   18     1.00000000000000E-99   1.00000000000000E-99
 48   18     1.00000000000000E-99   1.00000000000000E-99
 49   18     1.00000000000000E-99   1.00000000000000E-99
 10   19     1.00000000000000E-99   1.00000000000000E-99
 11   19     1.00000000000000E-99   1.00000000000000E-99
 12   19     1.00000000000000E-99   1.00000000000000E-99
 13   19     1.00000000000000E-99   1.00000000000000E-99
 14   19     1.00000000000000E-99   1.00000000000000E-99
 15   19     1.00000000000000E-99   1.00000000000000E-99
 16   19     1.00000000000000E-99   1.00000000000000E-99
 17   19     1.00000000000000E-99   1.00000000000000E-99
 18   19     1.00000000000000E-99   1.00000000000000E-99
 19   19     1.00000000000000E-99   1.00000000000000E-99
 20   19     1.00000000000000E-99   1.00000000000000E-99
 21   19     1.00000000000000E-99   1.00000000000000E-99
 22   19     1.00000000000000E-99   1.00000000000000E-99
 23   19     1.00000000000000E-99   1.00000000000000E-99
 24   19     1.00000000000000E-99   1.00000000000000E-99
 25   19     1.00000000000000E-99   1.00000000000000E-99
 26   19     1.00000000000000E-99   1.00000000000000E-99
 27   19     1.00000000000000E-99   1.00000000000000E-99
 28   19     1.00000000000000E-99   1.00000000000000E-99
 29   19     1.00000000000000E-99   1.00000000000000E-99
 30   19     8.30321441263325E-25   4.06857506219029E-23
 31   19     1.20328969778758E-23   6.01644848893789E-22
 32   19     9.68742226286737E-21   4.94058535406236E-19
 33   19     3.49287164325533E-21   1.81629325449277E-19
 34   19     7.60138638794612E-19   4.02873478561144E-17
 35   19     5.18381816848919E-18   2.79926181098416E-16
 36   19     7.12275052501877E-16   3.91751278876032E-14
 37   19     1.04807481852517E-16   5.86921898374097E-15
 38   19     5.20201835824887E-13   2.96515046420185E-11
 39   19     4.15765583641632E-16   2.41144038512146E-14
 40   19     2.01580710381399E-11   1.18932619125025E-09
 41   19     1.83140571926974E-15   1.09884343156184E-13
 42   19     3.81695860971424E-10   2.32834475192569E-08
 43   19     1.85325923964408E-15   1.14902072857933E-13
 44   19     5.90046643174544E-14   3.71729385199963E-12
 45   19     1.00000000000000E-99   1.00000000000000E-99
 46   19     1.00000000000000E-99   1.00000000000000E-99
 47   19     1.00000000000000E-99   1.00000000000000E-99
 48   19     1.00000000000000E-99   1.00000000000000E-99
 49   19     1.00000000000000E-99   1.00000000000000E-99
 50   19     1.00000000000000E-99   1.00000000000000E-99
 51   19     1.00000000000000E-99   1.00000000000000E-99
 10   20     1.00000000000000E-99   1.00000000000000E-99
 11   20     1.00000000000000E-99   1.00000000000000E-99
 12   20     1.00000000000000E-99   1.00000000000000E-99
 13   20     1.00000000000000E-99   1.00000000000000E-99
 14   20     1.00000000000000E-99   1.00000000000000E-99
 15   20     1.00000000000000E-99   1.00000000000000E-99
 16   20     1.00000000000000E-99   1.00000000000000E-99
 17   20     1.00000000000000E-99   1.00000000000000E-99
 18   20     1.00000000000000E-99   1.00000000000000E-99
 19   20     1.00000000000000E-99   1.00000000000000E-99
 20   20     1.00000000000000E-99   1.00000000000000E-99
 21   20     1.00000000000000E-99   1.00000000000000E-99
 22   20     1.00000000000000E-99   1.00000000000000E-99
 23   20     1.00000000000000E-99   1.00000000000000E-99
 24   20     1.00000000000000E-99   1.00000000000000E-99
 25   20     1.00000000000000E-99   1.00000000000000E-99
 26   20     1.00000000000000E-99   1.00000000000000E-99
 27   20     1.00000000000000E-99   1.00000000000000E-99
 28   20     1.00000000000000E-99   1.00000000000000E-99
 29   20     1.00000000000000E-99   1.00000000000000E-99
 30   20     1.00000000000000E-99   1.00000000000000E-99
 31   20     1.00000000000000E-99   1.00000000000000E-99
 32   20     1.00000000000000E-99   1.00000000000000E-99
 33   20     1.24809039791544E-24   6.61487910895182E-23
 34   20     8.96500171962653E-23   4.84110092859833E-21
 35   20     2.27573070622736E-20   1.25165188842505E-18
 36   20     9.47269838240527E-17   5.30471109414695E-15
 37   20     1.33374500728399E-18   7.60234654151873E-17
 38   20     2.60130047138094E-14   1.50875427340095E-12
 39   20     1.03202453803041E-16   6.08894477437942E-15
 40   20     7.09498007585904E-14   4.25698804551543E-12
 41   20     2.05322317911869E-14   1.25246613926240E-12
 42   20     1.21513938805681E-09   7.53386420595221E-08
 43   20     2.29665295389359E-17   1.44689136095296E-15
 44   20     3.85376224600085E-12   2.46640783744055E-10
 45   20     9.25850189635951E-20   6.01802623263368E-18
 46   20     2.18974896001742E-16   1.44523431361150E-14
 47   20     1.03076928694546E-24   6.90615422253456E-23
 48   20     3.39922549252515E-23   2.31147333491710E-21
 49   20     1.00000000000000E-99   1.00000000000000E-99
 50   20     1.00000000000000E-99   1.00000000000000E-99
 51   20     1.00000000000000E-99   1.00000000000000E-99
 52   20     1.00000000000000E-99   1.00000000000000E-99
 53   20     1.00000000000000E-99   1.00000000000000E-99
 11   21     1.00000000000000E-99   1.00000000000000E-99
 12   21     1.00000000000000E-99   1.00000000000000E-99
 13   21     1.00000000000000E-99   1.00000000000000E-99
 14   21     1.00000000000000E-99   1.00000000000000E-99
 15   21     1.00000000000000E-99   1.00000000000000E-99
 16   21     1.00000000000000E-99   1.00000000000000E-99
 17   21     1.00000000000000E-99   1.00000000000000E-99
 18   21     1.00000000000000E-99   1.00000000000000E-99
 19   21     1.00000000000000E-99   1.00000000000000E-99
 20   21     1.00000000000000E-99   1.00000000000000E-99
 21   21     1.00000000000000E-99   1.00000000000000E-99
 22   21     1.00000000000000E-99   1.00000000000000E-99
 23   21     1.00000000000000E-99   1.00000000000000E-99
 24   21     1.00000000000000E-99   1.00000000000000E-99
 25   21     1.00000000000000E-99   1.00000000000000E-99
 26   21     1.00000000000000E-99   1.00000000000000E-99
 27   21     1.00000000000000E-99   1.00000000000000E-99
 28   21     1.00000000000000E-99   1.00000000000000E-99
 29   21     1.00000000000000E-99   1.00000000000000E-99
 30   21     1.00000000000000E-99   1.00000000000000E-99
 31   21     1.00000000000000E-99   1.00000000000000E-99
 32   21     1.00000000000000E-99   1.00000000000000E-99
 33   21     1.00000000000000E-99   1.00000000000000E-99
 34   21     1.00000000000000E-99   1.00000000000000E-99
 35   21     4.12421214464384E-25   2.30955880100055E-23
 36   21     4.22177740127835E-23   2.40641311872866E-21
 37   21     7.15017730618488E-23   4.14710283758723E-21
 38   21     3.04188208702780E-21   1.79471043134640E-19
 39   21     1.69862403198096E-18   1.01917441918857E-16
 40   21     1.82705385424072E-13   1.11450285108684E-11
 41   21     6.53823606066572E-17   4.05370635761275E-15
 42   21     7.04493064750751E-15   4.43830630792973E-13
 43   21     2.01421283229866E-16   1.28909621267114E-14
 44   21     9.77895064113793E-12   6.35631791673965E-10
 45   21     5.97138112642786E-15   3.94111154344238E-13
 46   21     3.66312210912977E-10   2.45429181311694E-08
 47   21     1.05081388137067E-14   7.14553439332058E-13
 48   21     4.66421729123366E-12   3.21830993095122E-10
 49   21     6.62268288357172E-18   4.63587801850021E-16
 50   21     5.92377187242911E-18   4.20587802942466E-16
 51   21     1.00000000000000E-99   1.00000000000000E-99
 52   21     1.00000000000000E-99   1.00000000000000E-99
 53   21     1.00000000000000E-99   1.00000000000000E-99
 54   21     1.00000000000000E-99   1.00000000000000E-99
 55   21     1.00000000000000E-99   1.00000000000000E-99
 12   22     1.00000000000000E-99   1.00000000000000E-99
 13   22     1.00000000000000E-99   1.00000000000000E-99
 14   22     1.00000000000000E-99   1.00000000000000E-99
 15   22     1.00000000000000E-99   1.00000000000000E-99
 16   22     1.00000000000000E-99   1.00000000000000E-99
 17   22     1.00000000000000E-99   1.00000000000000E-99
 18   22     1.00000000000000E-99   1.00000000000000E-99
 19   22     1.00000000000000E-99   1.00000000000000E-99
 20   22     1.00000000000000E-99   1.00000000000000E-99
 21   22     1.00000000000000E-99   1.00000000000000E-99
 22   22     1.00000000000000E-99   1.00000000000000E-99
 23   22     1.00000000000000E-99   1.00000000000000E-99
 24   22     1.00000000000000E-99   1.00000000000000E-99
 25   22     1.00000000000000E-99   1.00000000000000E-99
 26   22     1.00000000000000E-99   1.00000000000000E-99
 27   22     1.00000000000000E-99   1.00000000000000E-99
 28   22     1.00000000000000E-99   1.00000000000000E-99
 29   22     1.00000000000000E-99   1.00000000000000E-99
 30   22     1.00000000000000E-99   1.00000000000000E-99
 31   22     1.00000000000000E-99   1.00000000000000E-99
 32   22     1.00000000000000E-99   1.00000000000000E-99
 33   22     1.00000000000000E-99   1.00000000000000E-99
 34   22     1.00000000000000E-99   1.00000000000000E-99
 35   22     1.00000000000000E-99   1.00000000000000E-99
 36   22     1.00000000000000E-99   1.00000000000000E-99
 37   22     3.65128538743212E-23   2.15425837858495E-21
 38   22     1.17247434790973E-20   7.03484608745840E-19
 39   22     4.26851429992900E-21   2.60379372295669E-19
 40   22     2.01927630957729E-18   1.25195131193792E-16
 41   22     2.92608615430744E-18   1.84343427721369E-16
 42   22     1.98318906416393E-14   1.26924100106491E-12
 43   22     7.27752321183227E-17   4.73039008769098E-15
 44   22     3.17475805412584E-13   2.09534031572306E-11
 45   22     1.31000092272346E-15   8.77700618224720E-14
 46   22     1.85386233243916E-11   1.26062638605863E-09
 47   22     4.91291970523138E-15   3.38991459660966E-13
 48   22     5.46281256643739E-10   3.82396879650617E-08
 49   22     2.51825235652708E-14   1.78795917313423E-12
 50   22     1.15877672022652E-10   8.34319238563093E-09
 51   22     1.71380188251972E-22   1.25107537423939E-20
 52   22     4.30128254482099E-24   3.18294908316754E-22
 53   22     1.00000000000000E-99   1.00000000000000E-99
 54   22     1.00000000000000E-99   1.00000000000000E-99
 55   22     1.00000000000000E-99   1.00000000000000E-99
 56   22     1.00000000000000E-99   1.00000000000000E-99
 57   22     1.00000000000000E-99   1.00000000000000E-99
 58   22     1.00000000000000E-99   1.00000000000000E-99
 13   23     1.00000000000000E-99   1.00000000000000E-99
 14   23     1.00000000000000E-99   1.00000000000000E-99
 15   23     1.00000000000000E-99   1.00000000000000E-99
 16   23     1.00000000000000E-99   1.00000000000000E-99
 17   23     1.00000000000000E-99   1.00000000000000E-99
 18   23     1.00000000000000E-99   1.00000000000000E-99
 19   23     1.00000000000000E-99   1.00000000000000E-99
 20   23     1.00000000000000E-99   1.00000000000000E-99
 21   23     1.00000000000000E-99   1.00000000000000E-99
 22   23     1.00000000000000E-99   1.00000000000000E-99
 23   23     1.00000000000000E-99   1.00000000000000E-99
 24   23     1.00000000000000E-99   1.00000000000000E-99
 25   23     1.00000000000000E-99   1.00000000000000E-99
 26   23     1.00000000000000E-99   1.00000000000000E-99
 27   23     1.00000000000000E-99   1.00000000000000E-99
 28   23     1.00000000000000E-99   1.00000000000000E-99
 29   23     1.00000000000000E-99   1.00000000000000E-99
 30   23     1.00000000000000E-99   1.00000000000000E-99
 31   23     1.00000000000000E-99   1.00000000000000E-99
 32   23     1.00000000000000E-99   1.00000000000000E-99
 33   23     1.00000000000000E-99   1.00000000000000E-99
 34   23     1.00000000000000E-99   1.00000000000000E-99
 35   23     1.00000000000000E-99   1.00000000000000E-99
 36   23     1.00000000000000E-99   1.00000000000000E-99
 37   23     1.00000000000000E-99   1.00000000000000E-99
 38   23     1.00000000000000E-99   1.00000000000000E-99
 39   23     1.39277025298424E-25   8.63517556850226E-24
 40   23     6.30492041016524E-22   3.97209985840410E-20
 41   23     4.13604348980294E-23   2.64706783347388E-21
 42   23     1.05813052736472E-20   6.87784842787069E-19
 43   23     1.21596193065689E-20   8.02534874233547E-19
 44   23     3.38532672432492E-18   2.26816890529770E-16
 45   23     3.94352827253171E-18   2.68159922532156E-16
 46   23     1.24553737064986E-15   8.59420785748403E-14
 47   23     9.65190745140945E-17   6.75633521598662E-15
 48   23     1.04888433148807E-14   7.44707875356532E-13
 49   23     2.47955016063159E-15   1.78527611565475E-13
 50   23     3.78265426194008E-10   2.76133761121626E-08
 51   23     6.09042160788818E-18   4.50691198983725E-16
 52   23     1.20867123494110E-19   9.06503426205823E-18
 53   23     1.00000000000000E-99   1.00000000000000E-99
 54   23     1.00000000000000E-99   1.00000000000000E-99
 55   23     1.00000000000000E-99   1.00000000000000E-99
 56   23     1.00000000000000E-99   1.00000000000000E-99
 57   23     1.00000000000000E-99   1.00000000000000E-99
 58   23     1.00000000000000E-99   1.00000000000000E-99
 59   23     1.00000000000000E-99   1.00000000000000E-99
 60   23     1.00000000000000E-99   1.00000000000000E-99
 14   24     1.00000000000000E-99   1.00000000000000E-99
 15   24     1.00000000000000E-99   1.00000000000000E-99
 16   24     1.00000000000000E-99   1.00000000000000E-99
 17   24     1.00000000000000E-99   1.00000000000000E-99
 18   24     1.00000000000000E-99   1.00000000000000E-99
 19   24     1.00000000000000E-99   1.00000000000000E-99
 20   24     1.00000000000000E-99   1.00000000000000E-99
 21   24     1.00000000000000E-99   1.00000000000000E-99
 22   24     1.00000000000000E-99   1.00000000000000E-99
 23   24     1.00000000000000E-99   1.00000000000000E-99
 24   24     1.00000000000000E-99   1.00000000000000E-99
 25   24     1.00000000000000E-99   1.00000000000000E-99
 26   24     1.00000000000000E-99   1.00000000000000E-99
 27   24     1.00000000000000E-99   1.00000000000000E-99
 28   24     1.00000000000000E-99   1.00000000000000E-99
 29   24     1.00000000000000E-99   1.00000000000000E-99
 30   24     1.00000000000000E-99   1.00000000000000E-99
 31   24     1.00000000000000E-99   1.00000000000000E-99
 32   24     1.00000000000000E-99   1.00000000000000E-99
 33   24     1.00000000000000E-99   1.00000000000000E-99
 34   24     1.00000000000000E-99   1.00000000000000E-99
 35   24     1.00000000000000E-99   1.00000000000000E-99
 36   24     1.00000000000000E-99   1.00000000000000E-99
 37   24     1.00000000000000E-99   1.00000000000000E-99
 38   24     1.00000000000000E-99   1.00000000000000E-99
 39   24     1.00000000000000E-99   1.00000000000000E-99
 40   24     1.00000000000000E-99   1.00000000000000E-99
 41   24     1.00000000000000E-99   1.00000000000000E-99
 42   24     2.04199189828963E-25   1.34771465287115E-23
 43   24     3.66984165649034E-24   2.45879390984853E-22
 44   24     2.73522236879433E-22   1.85995121078015E-20
 45   24     5.35490131961830E-22   3.69488191053663E-20
 46   24     2.54386342675503E-17   1.78070439872852E-15
 47   24     1.24294070293834E-16   8.82487899086223E-15
 48   24     5.52727642153310E-15   3.97963902350383E-13
 49   24     1.38577290013810E-15   1.01161421710082E-13
 50   24     9.84314242960587E-10   7.28392539790835E-08
 51   24     3.31249186857540E-17   2.48436890143155E-15
 52   24     2.97012398326288E-15   2.25729422727979E-13
 53   24     2.20974024529284E-24   1.70149998887549E-22
 54   24     5.37264411623848E-22   4.19066241066601E-20
 55   24     1.00000000000000E-99   1.00000000000000E-99
 56   24     1.00000000000000E-99   1.00000000000000E-99
 57   24     1.00000000000000E-99   1.00000000000000E-99
 58   24     1.00000000000000E-99   1.00000000000000E-99
 59   24     1.00000000000000E-99   1.00000000000000E-99
 60   24     1.00000000000000E-99   1.00000000000000E-99
 61   24     1.00000000000000E-99   1.00000000000000E-99
 62   24     1.00000000000000E-99   1.00000000000000E-99
 15   25     1.00000000000000E-99   1.00000000000000E-99
 16   25     1.00000000000000E-99   1.00000000000000E-99
 17   25     1.00000000000000E-99   1.00000000000000E-99
 18   25     1.00000000000000E-99   1.00000000000000E-99
 19   25     1.00000000000000E-99   1.00000000000000E-99
 20   25     1.00000000000000E-99   1.00000000000000E-99
 21   25     1.00000000000000E-99   1.00000000000000E-99
 22   25     1.00000000000000E-99   1.00000000000000E-99
 23   25     1.00000000000000E-99   1.00000000000000E-99
 24   25     1.00000000000000E-99   1.00000000000000E-99
 25   25     1.00000000000000E-99   1.00000000000000E-99
 26   25     1.00000000000000E-99   1.00000000000000E-99
 27   25     1.00000000000000E-99   1.00000000000000E-99
 28   25     1.00000000000000E-99   1.00000000000000E-99
 29   25     1.00000000000000E-99   1.00000000000000E-99
 30   25     1.00000000000000E-99   1.00000000000000E-99
 31   25     1.00000000000000E-99   1.00000000000000E-99
 32   25     1.00000000000000E-99   1.00000000000000E-99
 33   25     1.00000000000000E-99   1.00000000000000E-99
 34   25     1.00000000000000E-99   1.00000000000000E-99
 35   25     1.00000000000000E-99   1.00000000000000E-99
 36   25     1.00000000000000E-99   1.00000000000000E-99
 37   25     1.00000000000000E-99   1.00000000000000E-99
 38   25     1.00000000000000E-99   1.00000000000000E-99
 39   25     1.00000000000000E-99   1.00000000000000E-99
 40   25     1.00000000000000E-99   1.00000000000000E-99
 41   25     1.00000000000000E-99   1.00000000000000E-99
 42   25     1.00000000000000E-99   1.00000000000000E-99
 43   25     1.00000000000000E-99   1.00000000000000E-99
 44   25     2.09322814608033E-25   1.44432742079542E-23
 45   25     3.82896175914970E-25   2.68027323140479E-23
 46   25     2.30668831838963E-22   1.63774870605664E-20
 47   25     1.61666537958104E-18   1.16399907329835E-16
 48   25     1.32405681778800E-16   9.66561476985237E-15
 49   25     5.38503489944359E-17   3.98492582558826E-15
 50   25     7.02304583290576E-10   5.26728437467932E-08
 51   25     2.13281259728697E-14   1.62093757393810E-12
 52   25     9.89881787846704E-13   7.62208976641962E-11
 53   25     3.47161940521352E-19   2.70786313606654E-17
 54   25     1.44105355397435E-17   1.13843230763974E-15
 55   25     1.14486415962413E-19   9.15891327699303E-18
 56   25     1.67387708366184E-18   1.35584043776609E-16
 57   25     4.81499566660266E-21   3.94829644661418E-19
 58   25     4.27944223510615E-25   3.55193705513810E-23
 59   25     1.00000000000000E-99   1.00000000000000E-99
 60   25     1.00000000000000E-99   1.00000000000000E-99
 61   25     1.00000000000000E-99   1.00000000000000E-99
 62   25     1.00000000000000E-99   1.00000000000000E-99
 63   25     1.00000000000000E-99   1.00000000000000E-99
 64   25     1.00000000000000E-99   1.00000000000000E-99
 16   26     1.00000000000000E-99   1.00000000000000E-99
 17   26     1.00000000000000E-99   1.00000000000000E-99
 18   26     1.00000000000000E-99   1.00000000000000E-99
 19   26     1.00000000000000E-99   1.00000000000000E-99
 20   26     1.00000000000000E-99   1.00000000000000E-99
 21   26     1.00000000000000E-99   1.00000000000000E-99
 22   26     1.00000000000000E-99   1.00000000000000E-99
 23   26     1.00000000000000E-99   1.00000000000000E-99
 24   26     1.00000000000000E-99   1.00000000000000E-99
 25   26     1.00000000000000E-99   1.00000000000000E-99
 26   26     1.00000000000000E-99   1.00000000000000E-99
 27   26     1.00000000000000E-99   1.00000000000000E-99
 28   26     1.00000000000000E-99   1.00000000000000E-99
 29   26     1.00000000000000E-99   1.00000000000000E-99
 30   26     1.00000000000000E-99   1.00000000000000E-99
 31   26     1.00000000000000E-99   1.00000000000000E-99
 32   26     1.00000000000000E-99   1.00000000000000E-99
 33   26     1.00000000000000E-99   1.00000000000000E-99
 34   26     1.00000000000000E-99   1.00000000000000E-99
 35   26     1.00000000000000E-99   1.00000000000000E-99
 36   26     1.00000000000000E-99   1.00000000000000E-99
 37   26     1.00000000000000E-99   1.00000000000000E-99
 38   26     1.00000000000000E-99   1.00000000000000E-99
 39   26     1.00000000000000E-99   1.00000000000000E-99
 40   26     1.00000000000000E-99   1.00000000000000E-99
 41   26     1.00000000000000E-99   1.00000000000000E-99
 42   26     1.00000000000000E-99   1.00000000000000E-99
 43   26     1.00000000000000E-99   1.00000000000000E-99
 44   26     1.00000000000000E-99   1.00000000000000E-99
 45   26     1.00000000000000E-99   1.00000000000000E-99
 46   26     1.38226462874095E-23   9.95230532693486E-22
 47   26     4.39070370266090E-18   3.20521370294246E-16
 48   26     3.17084672501754E-16   2.34642657651298E-14
 49   26     9.23081084950250E-16   6.92310813712687E-14
 50   26     2.55356636850444E-10   1.94071044006337E-08
 51   26     1.18976898219688E-14   9.16122116291594E-13
 52   26     8.53515917078446E-10   6.65742415321188E-08
 53   26     8.29450160544331E-15   6.55265626830022E-13
 54   26     3.88613499060546E-13   3.10890799248437E-11
 55   26     1.02240183747376E-18   8.28145488353745E-17
 56   26     4.30826252516208E-15   3.53277527063290E-13
 57   26     2.39963289636616E-19   1.99169530398391E-17
 58   26     9.27313935612176E-19   7.78943705914228E-17
 59   26     5.16885662897335E-19   4.39352813462735E-17
 60   26     1.13134220812557E-17   9.72954298987986E-16
 61   26     1.00000000000000E-99   1.00000000000000E-99
 62   26     1.00000000000000E-99   1.00000000000000E-99
 63   26     1.00000000000000E-99   1.00000000000000E-99
 64   26     1.00000000000000E-99   1.00000000000000E-99
 65   26     1.00000000000000E-99   1.00000000000000E-99
 66   26     1.00000000000000E-99   1.00000000000000E-99
 17   27     1.00000000000000E-99   1.00000000000000E-99
 18   27     1.00000000000000E-99   1.00000000000000E-99
 19   27     1.00000000000000E-99   1.00000000000000E-99
 20   27     1.00000000000000E-99   1.00000000000000E-99
 21   27     1.00000000000000E-99   1.00000000000000E-99
 22   27     1.00000000000000E-99   1.00000000000000E-99
 23   27     1.00000000000000E-99   1.00000000000000E-99
 24   27     1.00000000000000E-99   1.00000000000000E-99
 25   27     1.00000000000000E-99   1.00000000000000E-99
 26   27     1.00000000000000E-99   1.00000000000000E-99
 27   27     1.00000000000000E-99   1.00000000000000E-99
 28   27     1.00000000000000E-99   1.00000000000000E-99
 29   27     1.00000000000000E-99   1.00000000000000E-99
 30   27     1.00000000000000E-99   1.00000000000000E-99
 31   27     1.00000000000000E-99   1.00000000000000E-99
 32   27     1.00000000000000E-99   1.00000000000000E-99
 33   27     1.00000000000000E-99   1.00000000000000E-99
 34   27     1.00000000000000E-99   1.00000000000000E-99
 35   27     1.00000000000000E-99   1.00000000000000E-99
 36   27     1.00000000000000E-99   1.00000000000000E-99
 37   27     1.00000000000000E-99   1.00000000000000E-99
 38   27     1.00000000000000E-99   1.00000000000000E-99
 39   27     1.00000000000000E-99   1.00000000000000E-99
 40   27     1.00000000000000E-99   1.00000000000000E-99
 41   27     1.00000000000000E-99   1.00000000000000E-99
 42   27     1.00000000000000E-99   1.00000000000000E-99
 43   27     1.00000000000000E-99   1.00000000000000E-99
 44   27     1.00000000000000E-99   1.00000000000000E-99
 45   27     1.00000000000000E-99   1.00000000000000E-99
 46   27     2.31158039372165E-25   1.68745368741680E-23
 47   27     6.85680233396200E-22   5.07403372713188E-20
 48   27     9.72434472206571E-19   7.29325854154928E-17
 49   27     2.35592854523038E-18   1.79050569437509E-16
 50   27     2.48363575690393E-15   1.91239953281603E-13
 51   27     3.85391471817332E-16   3.00605348017519E-14
 52   27     1.18378247364002E-10   9.35188154175613E-09
 53   27     1.08389065108242E-13   8.67112520865938E-12
 54   27     3.34314854777359E-10   2.70795032369660E-08
 55   27     2.07059780397867E-15   1.69789019926251E-13
 56   27     7.81037915448890E-13   6.48261469822579E-11
 57   27     2.82430761003886E-18   2.37241839243264E-16
 58   27     1.91901914818318E-17   1.63116627595570E-15
 59   27     1.31419582459199E-17   1.13020840914912E-15
 60   27     8.79504863025161E-16   7.65169230831890E-14
 61   27     1.27511513048285E-18   1.12210131482491E-16
 62   27     1.02377972945878E-18   9.11163959218312E-17
 63   27     3.05449949230249E-20   2.74904954307224E-18
 64   27     1.25353738337220E-21   1.14071901886870E-19
 65   27     1.00000000000000E-99   1.00000000000000E-99
 66   27     1.00000000000000E-99   1.00000000000000E-99
 67   27     1.00000000000000E-99   1.00000000000000E-99
 68   27     1.00000000000000E-99   1.00000000000000E-99
 69   27     1.00000000000000E-99   1.00000000000000E-99
 18   28     1.00000000000000E-99   1.00000000000000E-99
 19   28     1.00000000000000E-99   1.00000000000000E-99
 20   28     1.00000000000000E-99   1.00000000000000E-99
 21   28     1.00000000000000E-99   1.00000000000000E-99
 22   28     1.00000000000000E-99   1.00000000000000E-99
 23   28     1.00000000000000E-99   1.00000000000000E-99
 24   28     1.00000000000000E-99   1.00000000000000E-99
 25   28     1.00000000000000E-99   1.00000000000000E-99
 26   28     1.00000000000000E-99   1.00000000000000E-99
 27   28     1.00000000000000E-99   1.00000000000000E-99
 28   28     1.00000000000000E-99   1.00000000000000E-99
 29   28     1.00000000000000E-99   1.00000000000000E-99
 30   28     1.00000000000000E-99   1.00000000000000E-99
 31   28     1.00000000000000E-99   1.00000000000000E-99
 32   28     1.00000000000000E-99   1.00000000000000E-99
 33   28     1.00000000000000E-99   1.00000000000000E-99
 34   28     1.00000000000000E-99   1.00000000000000E-99
 35   28     1.00000000000000E-99   1.00000000000000E-99
 36   28     1.00000000000000E-99   1.00000000000000E-99
 37   28     1.00000000000000E-99   1.00000000000000E-99
 38   28     1.00000000000000E-99   1.00000000000000E-99
 39   28     1.00000000000000E-99   1.00000000000000E-99
 40   28     1.00000000000000E-99   1.00000000000000E-99
 41   28     1.00000000000000E-99   1.00000000000000E-99
 42   28     1.00000000000000E-99   1.00000000000000E-99
 43   28     1.00000000000000E-99   1.00000000000000E-99
 44   28     1.00000000000000E-99   1.00000000000000E-99
 45   28     1.00000000000000E-99   1.00000000000000E-99
 46   28     1.00000000000000E-99   1.00000000000000E-99
 47   28     1.63483737436935E-25   1.22612803077701E-23
 48   28     8.87648277580474E-24   6.74612690961161E-22
 49   28     8.32693767378817E-19   6.41174200881689E-17
 50   28     7.17855198886387E-15   5.59927055131382E-13
 51   28     3.60030070434092E-17   2.84423755642932E-15
 52   28     1.62109695188785E-12   1.29687756151028E-10
 53   28     4.66637900714543E-16   3.77976699578780E-14
 54   28     1.63923637627233E-09   1.34417382854331E-07
 55   28     1.12713109439256E-16   9.35518808345827E-15
 56   28     5.52991609287834E-11   4.64512951801781E-09
 57   28     5.34462524767788E-17   4.54293146052620E-15
 58   28     8.94563756195617E-15   7.69324830328230E-13
 59   28     8.17280262902649E-18   7.11033828725305E-16
 60   28     1.70503606777134E-12   1.50043173963878E-10
 61   28     3.46573033665397E-18   3.08449999962203E-16
 62   28     1.65118264902431E-14   1.48606438412188E-12
 63   28     1.17531849920530E-18   1.06953983427682E-16
 64   28     6.87065992288325E-16   6.32100712905259E-14
 65   28     1.20615676740571E-19   1.12172579368731E-17
 66   28     8.80021600120361E-21   8.27220304113139E-19
 67   28     1.00000000000000E-99   1.00000000000000E-99
 68   28     1.00000000000000E-99   1.00000000000000E-99
 69   28     1.00000000000000E-99   1.00000000000000E-99
 70   28     1.00000000000000E-99   1.00000000000000E-99
 71   28     1.00000000000000E-99   1.00000000000000E-99
 19   29     1.00000000000000E-99   1.00000000000000E-99
 20   29     1.00000000000000E-99   1.00000000000000E-99
 21   29     1.00000000000000E-99   1.00000000000000E-99
 22   29     1.00000000000000E-99   1.00000000000000E-99
 23   29     1.00000000000000E-99   1.00000000000000E-99
 24   29     1.00000000000000E-99   1.00000000000000E-99
 25   29     1.00000000000000E-99   1.00000000000000E-99
 26   29     1.00000000000000E-99   1.00000000000000E-99
 27   29     1.00000000000000E-99   1.00000000000000E-99
 28   29     1.00000000000000E-99   1.00000000000000E-99
 29   29     1.00000000000000E-99   1.00000000000000E-99
 30   29     1.00000000000000E-99   1.00000000000000E-99
 31   29     1.00000000000000E-99   1.00000000000000E-99
 32   29     1.00000000000000E-99   1.00000000000000E-99
 33   29     1.00000000000000E-99   1.00000000000000E-99
 34   29     1.00000000000000E-99   1.00000000000000E-99
 35   29     1.00000000000000E-99   1.00000000000000E-99
 36   29     1.00000000000000E-99   1.00000000000000E-99
 37   29     1.00000000000000E-99   1.00000000000000E-99
 38   29     1.00000000000000E-99   1.00000000000000E-99
 39   29     1.00000000000000E-99   1.00000000000000E-99
 40   29     1.00000000000000E-99   1.00000000000000E-99
 41   29     1.00000000000000E-99   1.00000000000000E-99
 42   29     1.00000000000000E-99   1.00000000000000E-99
 43   29     1.00000000000000E-99   1.00000000000000E-99
 44   29     1.00000000000000E-99   1.00000000000000E-99
 45   29     1.00000000000000E-99   1.00000000000000E-99
 46   29     1.00000000000000E-99   1.00000000000000E-99
 47   29     1.00000000000000E-99   1.00000000000000E-99
 48   29     3.01522714967098E-25   2.32172490524665E-23
 49   29     1.90844119932139E-23   1.48858413547068E-21
 50   29     1.31148316366172E-20   1.03607169929276E-18
 51   29     6.67422566735120E-19   5.33938053388096E-17
 52   29     5.30915922363927E-17   4.30041897114781E-15
 53   29     1.81631006448674E-17   1.48937425287912E-15
 54   29     1.01262909767495E-15   8.40482151070210E-14
 55   29     4.87349854603645E-17   4.09373877867062E-15
 56   29     5.71614951277841E-12   4.85872708586165E-10
 57   29     1.01549447124612E-14   8.73325245271665E-13
 58   29     1.28299639570301E-12   1.11620686426162E-10
 59   29     9.67420957805950E-16   8.51330442869236E-14
 60   29     5.63545305753122E-10   5.01555322120278E-08
 61   29     3.02071906530912E-14   2.71864715877821E-12
 62   29     2.20249683436908E-12   2.00427211927586E-10
 63   29     5.36952084865550E-17   4.93995918076306E-15
 64   29     3.55338012157278E-14   3.30464351306269E-12
 65   29     2.15958952273508E-18   2.03001415137098E-16
 66   29     4.25233965953922E-18   4.03972267656226E-16
 67   29     3.09930709328550E-19   2.97533480955408E-17
 68   29     1.97591160828846E-19   1.91663426003981E-17
 69   29     1.00000000000000E-99   1.00000000000000E-99
 70   29     1.00000000000000E-99   1.00000000000000E-99
 71   29     1.00000000000000E-99   1.00000000000000E-99
 72   29     1.00000000000000E-99   1.00000000000000E-99
 73   29     1.00000000000000E-99   1.00000000000000E-99
 21   30     1.00000000000000E-99   1.00000000000000E-99
 22   30     1.00000000000000E-99   1.00000000000000E-99
 23   30     1.00000000000000E-99   1.00000000000000E-99
 24   30     1.00000000000000E-99   1.00000000000000E-99
 25   30     1.00000000000000E-99   1.00000000000000E-99
 26   30     1.00000000000000E-99   1.00000000000000E-99
 27   30     1.00000000000000E-99   1.00000000000000E-99
 28   30     1.00000000000000E-99   1.00000000000000E-99
 29   30     1.00000000000000E-99   1.00000000000000E-99
 30   30     1.00000000000000E-99   1.00000000000000E-99
 31   30     1.00000000000000E-99   1.00000000000000E-99
 32   30     1.00000000000000E-99   1.00000000000000E-99
 33   30     1.00000000000000E-99   1.00000000000000E-99
 34   30     1.00000000000000E-99   1.00000000000000E-99
 35   30     1.00000000000000E-99   1.00000000000000E-99
 36   30     1.00000000000000E-99   1.00000000000000E-99
 37   30     1.00000000000000E-99   1.00000000000000E-99
 38   30     1.00000000000000E-99   1.00000000000000E-99
 39   30     1.00000000000000E-99   1.00000000000000E-99
 40   30     1.00000000000000E-99   1.00000000000000E-99
 41   30     1.00000000000000E-99   1.00000000000000E-99
 42   30     1.00000000000000E-99   1.00000000000000E-99
 43   30     1.00000000000000E-99   1.00000000000000E-99
 44   30     1.00000000000000E-99   1.00000000000000E-99
 45   30     1.00000000000000E-99   1.00000000000000E-99
 46   30     1.00000000000000E-99   1.00000000000000E-99
 47   30     1.00000000000000E-99   1.00000000000000E-99
 48   30     1.00000000000000E-99   1.00000000000000E-99
 49   30     1.00000000000000E-99   1.00000000000000E-99
 50   30     4.61445326494751E-25   3.69156261195801E-23
 51   30     1.53989634933717E-24   1.24731604296311E-22
 52   30     9.94164494802658E-23   8.15214885738180E-21
 53   30     1.73786492046420E-20   1.44242788398528E-18
 54   30     1.31921129552955E-18   1.10813748824482E-16
 55   30     3.02659721370606E-19   2.57260763165015E-17
 56   30     2.86426931255443E-14   2.46327160879681E-12
 57   30     4.12554656813953E-17   3.58922551428139E-15
 58   30     1.14507627546074E-13   1.00766712240545E-11
 59   30     1.00425327691451E-16   8.93785416453918E-15
 60   30     5.74581091932623E-11   5.17122982739361E-09
 61   30     5.90272544935392E-15   5.37148015891207E-13
 62   30     1.59331139072025E-10   1.46584647946263E-08
 63   30     2.66501908331589E-13   2.47846774748378E-11
 64   30     1.17388676707078E-09   1.10345356104653E-07
 65   30     7.62770207156506E-17   7.24631696798680E-15
 66   30     3.22299572423202E-15   3.09407589526274E-13
 67   30     3.62823799167718E-18   3.51939085192687E-16
 68   30     5.43827444962865E-15   5.32950896063608E-13
 69   30     5.56741070888731E-19   5.51173660179844E-17
 70   30     6.54254951783084E-19   6.54254951783084E-17
 71   30     1.00000000000000E-99   1.00000000000000E-99
 72   30     1.00000000000000E-99   1.00000000000000E-99
 73   30     1.00000000000000E-99   1.00000000000000E-99
 74   30     1.00000000000000E-99   1.00000000000000E-99
 75   30     1.00000000000000E-99   1.00000000000000E-99
 22   31     1.00000000000000E-99   1.00000000000000E-99
 23   31     1.00000000000000E-99   1.00000000000000E-99
 24   31     1.00000000000000E-99   1.00000000000000E-99
 25   31     1.00000000000000E-99   1.00000000000000E-99
 26   31     1.00000000000000E-99   1.00000000000000E-99
 27   31     1.00000000000000E-99   1.00000000000000E-99
 28   31     1.00000000000000E-99   1.00000000000000E-99
 29   31     1.00000000000000E-99   1.00000000000000E-99
 30   31     1.00000000000000E-99   1.00000000000000E-99
 31   31     1.00000000000000E-99   1.00000000000000E-99
 32   31     1.00000000000000E-99   1.00000000000000E-99
 33   31     1.00000000000000E-99   1.00000000000000E-99
 34   31     1.00000000000000E-99   1.00000000000000E-99
 35   31     1.00000000000000E-99   1.00000000000000E-99
 36   31     1.00000000000000E-99   1.00000000000000E-99
 37   31     1.00000000000000E-99   1.00000000000000E-99
 38   31     1.00000000000000E-99   1.00000000000000E-99
 39   31     1.00000000000000E-99   1.00000000000000E-99
 40   31     1.00000000000000E-99   1.00000000000000E-99
 41   31     1.00000000000000E-99   1.00000000000000E-99
 42   31     1.00000000000000E-99   1.00000000000000E-99
 43   31     1.00000000000000E-99   1.00000000000000E-99
 44   31     1.00000000000000E-99   1.00000000000000E-99
 45   31     1.00000000000000E-99   1.00000000000000E-99
 46   31     1.00000000000000E-99   1.00000000000000E-99
 47   31     1.00000000000000E-99   1.00000000000000E-99
 48   31     1.00000000000000E-99   1.00000000000000E-99
 49   31     1.00000000000000E-99   1.00000000000000E-99
 50   31     1.00000000000000E-99   1.00000000000000E-99
 51   31     1.00000000000000E-99   1.00000000000000E-99
 52   31     1.00000000000000E-99   1.00000000000000E-99
 53   31     3.36773972968530E-25   2.82890137293565E-23
 54   31     1.11206720089693E-22   9.45257120762389E-21
 55   31     9.08666885170775E-23   7.81453521246866E-21
 56   31     1.46823052538885E-20   1.27736055708830E-18
 57   31     6.24545722700252E-20   5.49600235976222E-18
 58   31     2.26346151358594E-17   2.01448074709149E-15
 59   31     1.55297722329893E-18   1.39767950096903E-16
 60   31     3.61629635746020E-16   3.29082968528879E-14
 61   31     9.94595651501079E-17   9.15027999380993E-15
 62   31     8.84186100794025E-11   8.22293073738444E-09
 63   31     1.15605107070107E-12   1.08668800645901E-10
 64   31     2.46595523148488E-09   2.34265746991064E-07
 65   31     2.39496620334944E-14   2.29916755521546E-12
 66   31     4.74175698994299E-12   4.59950428024470E-10
 67   31     2.48757659844054E-16   2.43782506647173E-14
 68   31     4.86325803945031E-14   4.81462545905580E-12
 69   31     7.63931736993402E-18   7.63931736993402E-16
 70   31     2.20283974477558E-16   2.22486814222334E-14
 71   31     2.98394009926828E-19   3.04361890125365E-17
 72   31     2.97146347380696E-19   3.06060737802117E-17
 73   31     1.00000000000000E-99   1.00000000000000E-99
 74   31     1.00000000000000E-99   1.00000000000000E-99
 75   31     1.00000000000000E-99   1.00000000000000E-99
 76   31     1.00000000000000E-99   1.00000000000000E-99
 77   31     1.00000000000000E-99   1.00000000000000E-99
 23   32     1.00000000000000E-99   1.00000000000000E-99
 24   32     1.00000000000000E-99   1.00000000000000E-99
 25   32     1.00000000000000E-99   1.00000000000000E-99
 26   32     1.00000000000000E-99   1.00000000000000E-99
 27   32     1.00000000000000E-99   1.00000000000000E-99
 28   32     1.00000000000000E-99   1.00000000000000E-99
 29   32     1.00000000000000E-99   1.00000000000000E-99
 30   32     1.00000000000000E-99   1.00000000000000E-99
 31   32     1.00000000000000E-99   1.00000000000000E-99
 32   32     1.00000000000000E-99   1.00000000000000E-99
 33   32     1.00000000000000E-99   1.00000000000000E-99
 34   32     1.00000000000000E-99   1.00000000000000E-99
 35   32     1.00000000000000E-99   1.00000000000000E-99
 36   32     1.00000000000000E-99   1.00000000000000E-99
 37   32     1.00000000000000E-99   1.00000000000000E-99
 38   32     1.00000000000000E-99   1.00000000000000E-99
 39   32     1.00000000000000E-99   1.00000000000000E-99
 40   32     1.00000000000000E-99   1.00000000000000E-99
 41   32     1.00000000000000E-99   1.00000000000000E-99
 42   32     1.00000000000000E-99   1.00000000000000E-99
 43   32     1.00000000000000E-99   1.00000000000000E-99
 44   32     1.00000000000000E-99   1.00000000000000E-99
 45   32     1.00000000000000E-99   1.00000000000000E-99
 46   32     1.00000000000000E-99   1.00000000000000E-99
 47   32     1.00000000000000E-99   1.00000000000000E-99
 48   32     1.00000000000000E-99   1.00000000000000E-99
 49   32     1.00000000000000E-99   1.00000000000000E-99
 50   32     1.00000000000000E-99   1.00000000000000E-99
 51   32     1.00000000000000E-99   1.00000000000000E-99
 52   32     1.00000000000000E-99   1.00000000000000E-99
 53   32     1.00000000000000E-99   1.00000000000000E-99
 54   32     1.00000000000000E-99   1.00000000000000E-99
 55   32     1.00000000000000E-99   1.00000000000000E-99
 56   32     1.05678002726180E-24   9.29966423990384E-23
 57   32     8.89739618069346E-25   7.91868260081718E-23
 58   32     2.05041578955492E-20   1.84537421059942E-18
 59   32     3.58146236295011E-19   3.25913075028460E-17
 60   32     2.37082388308634E-17   2.18115797243943E-15
 61   32     5.37466730813370E-17   4.99844059656434E-15
 62   32     3.26157779956739E-14   3.06588313159334E-12
 63   32     7.42290928411578E-16   7.05176381990999E-14
 64   32     2.77301676307544E-12   2.66209609255242E-10
 65   32     1.39837652856760E-15   1.35642523271057E-13
 66   32     4.49886475255078E-11   4.40888745749976E-09
 67   32     4.21492422551532E-14   4.17277498326016E-12
 68   32     3.91780668102865E-09   3.91780668102865E-07
 69   32     8.46488520966404E-13   8.54953406176068E-11
 70   32     3.30503389317875E-10   3.37113457104232E-08
 71   32     1.17953260531714E-17   1.21491858347665E-15
 72   32     1.09972153516599E-16   1.14371039657263E-14
 73   32     1.87498305152066E-19   1.96873220409669E-17
 74   32     1.63273668512650E-18   1.73070088623409E-16
 75   32     1.64605838892294E-21   1.76128247614755E-19
 76   32     2.87282026470597E-23   3.10264588588245E-21
 77   32     1.00000000000000E-99   1.00000000000000E-99
 78   32     1.00000000000000E-99   1.00000000000000E-99
 79   32     1.00000000000000E-99   1.00000000000000E-99
 80   32     1.00000000000000E-99   1.00000000000000E-99
 24   33     1.00000000000000E-99   1.00000000000000E-99
 25   33     1.00000000000000E-99   1.00000000000000E-99
 26   33     1.00000000000000E-99   1.00000000000000E-99
 27   33     1.00000000000000E-99   1.00000000000000E-99
 28   33     1.00000000000000E-99   1.00000000000000E-99
 29   33     1.00000000000000E-99   1.00000000000000E-99
 30   33     1.00000000000000E-99   1.00000000000000E-99
 31   33     1.00000000000000E-99   1.00000000000000E-99
 32   33     1.00000000000000E-99   1.00000000000000E-99
 33   33     1.00000000000000E-99   1.00000000000000E-99
 34   33     1.00000000000000E-99   1.00000000000000E-99
 35   33     1.00000000000000E-99   1.00000000000000E-99
 36   33     1.00000000000000E-99   1.00000000000000E-99
 37   33     1.00000000000000E-99   1.00000000000000E-99
 38   33     1.00000000000000E-99   1.00000000000000E-99
 39   33     1.00000000000000E-99   1.00000000000000E-99
 40   33     1.00000000000000E-99   1.00000000000000E-99
 41   33     1.00000000000000E-99   1.00000000000000E-99
 42   33     1.00000000000000E-99   1.00000000000000E-99
 43   33     1.00000000000000E-99   1.00000000000000E-99
 44   33     1.00000000000000E-99   1.00000000000000E-99
 45   33     1.00000000000000E-99   1.00000000000000E-99
 46   33     1.00000000000000E-99   1.00000000000000E-99
 47   33     1.00000000000000E-99   1.00000000000000E-99
 48   33     1.00000000000000E-99   1.00000000000000E-99
 49   33     1.00000000000000E-99   1.00000000000000E-99
 50   33     1.00000000000000E-99   1.00000000000000E-99
 51   33     1.00000000000000E-99   1.00000000000000E-99
 52   33     1.00000000000000E-99   1.00000000000000E-99
 53   33     1.00000000000000E-99   1.00000000000000E-99
 54   33     1.00000000000000E-99   1.00000000000000E-99
 55   33     1.00000000000000E-99   1.00000000000000E-99
 56   33     1.00000000000000E-99   1.00000000000000E-99
 57   33     1.00000000000000E-99   1.00000000000000E-99
 58   33     1.38357594795934E-25   1.25905411264300E-23
 59   33     2.03220606713854E-24   1.86962958176746E-22
 60   33     1.87788373591353E-22   1.74643187439958E-20
 61   33     1.48289322160632E-21   1.39391962830994E-19
 62   33     3.96588759531099E-19   3.76759321554544E-17
 63   33     3.05816372841876E-19   2.93583717928201E-17
 64   33     4.72739949129706E-17   4.58557750655815E-15
 65   33     5.69439483666657E-17   5.58050693993324E-15
 66   33     4.22528738222297E-15   4.18303450840074E-13
 67   33     8.60748294962714E-16   8.60748294962714E-14
 68   33     5.77491000588636E-12   5.83265910594523E-10
 69   33     3.62915818835225E-13   3.70174135211929E-11
 70   33     5.45344646063494E-09   5.61704985445399E-07
 71   33     5.86124007863312E-14   6.09568968177844E-12
 72   33     2.61602983530995E-13   2.74683132707545E-11
 73   33     1.19281204347899E-17   1.26438076608773E-15
 74   33     1.32252537332269E-16   1.41510214945528E-14
 75   33     3.47545369789345E-19   3.75348999372493E-17
 76   33     2.62955956105751E-19   2.86621992155269E-17
 77   33     1.24842464379787E-21   1.37326710817765E-19
 78   33     1.24524588822127E-24   1.38222293592561E-22
 79   33     1.00000000000000E-99   1.00000000000000E-99
 80   33     1.00000000000000E-99   1.00000000000000E-99
 81   33     1.00000000000000E-99   1.00000000000000E-99
 82   33     1.00000000000000E-99   1.00000000000000E-99
 25   34     1.00000000000000E-99   1.00000000000000E-99
 26   34     1.00000000000000E-99   1.00000000000000E-99
 27   34     1.00000000000000E-99   1.00000000000000E-99
 28   34     1.00000000000000E-99   1.00000000000000E-99
 29   34     1.00000000000000E-99   1.00000000000000E-99
 30   34     1.00000000000000E-99   1.00000000000000E-99
 31   34     1.00000000000000E-99   1.00000000000000E-99
 32   34     1.00000000000000E-99   1.00000000000000E-99
 33   34     1.00000000000000E-99   1.00000000000000E-99
 34   34     1.00000000000000E-99   1.00000000000000E-99
 35   34     1.00000000000000E-99   1.00000000000000E-99
 36   34     1.00000000000000E-99   1.00000000000000E-99
 37   34     1.00000000000000E-99   1.00000000000000E-99
 38   34     1.00000000000000E-99   1.00000000000000E-99
 39   34     1.00000000000000E-99   1.00000000000000E-99
 40   34     1.00000000000000E-99   1.00000000000000E-99
 41   34     1.00000000000000E-99   1.00000000000000E-99
 42   34     1.00000000000000E-99   1.00000000000000E-99
 43   34     1.00000000000000E-99   1.00000000000000E-99
 44   34     1.00000000000000E-99   1.00000000000000E-99
 45   34     1.00000000000000E-99   1.00000000000000E-99
 46   34     1.00000000000000E-99   1.00000000000000E-99
 47   34     1.00000000000000E-99   1.00000000000000E-99
 48   34     1.00000000000000E-99   1.00000000000000E-99
 49   34     1.00000000000000E-99   1.00000000000000E-99
 50   34     1.00000000000000E-99   1.00000000000000E-99
 51   34     1.00000000000000E-99   1.00000000000000E-99
 52   34     1.00000000000000E-99   1.00000000000000E-99
 53   34     1.00000000000000E-99   1.00000000000000E-99
 54   34     1.00000000000000E-99   1.00000000000000E-99
 55   34     1.00000000000000E-99   1.00000000000000E-99
 56   34     1.00000000000000E-99   1.00000000000000E-99
 57   34     1.00000000000000E-99   1.00000000000000E-99
 58   34     1.00000000000000E-99   1.00000000000000E-99
 59   34     1.00000000000000E-99   1.00000000000000E-99
 60   34     1.10693682675045E-25   1.04052061714543E-23
 61   34     3.77843818574798E-25   3.58951627646058E-23
 62   34     1.45181527890142E-22   1.39374266774536E-20
 63   34     2.71097857327588E-22   2.62964921607760E-20
 64   34     1.26378309425276E-19   1.23850743236771E-17
 65   34     1.91591811745363E-19   1.89675893627909E-17
 66   34     6.58661320700746E-17   6.58661320700746E-15
 67   34     4.02241405263095E-16   4.06263819315726E-14
 68   34     2.19363892615244E-14   2.23751170467548E-12
 69   34     9.46704811634663E-15   9.75105955983702E-13
 70   34     1.19105515884962E-08   1.23869736520360E-06
 71   34     1.49681474446212E-12   1.57165548168523E-10
 72   34     1.35600285394568E-09   1.43736302518242E-07
 73   34     5.41781096800953E-14   5.79705773577019E-12
 74   34     2.17977448640361E-11   2.35415644531590E-09
 75   34     5.13349361225482E-17   5.59550803735775E-15
 76   34     2.65973664381968E-15   2.92571030820165E-13
 77   34     3.10268379930224E-19   3.44397901722549E-17
 78   34     3.92041521627330E-16   4.39086504222610E-14
 79   34     1.31581565472003E-21   1.48687168983364E-19
 80   34     4.46931207325569E-22   5.09501576351149E-20
 81   34     2.71502616227614E-20   3.12228008661756E-18
 82   34     4.44999812136479E-22   5.16199782078315E-20
 83   34     1.00000000000000E-99   1.00000000000000E-99
 84   34     1.00000000000000E-99   1.00000000000000E-99
 26   35     1.00000000000000E-99   1.00000000000000E-99
 27   35     1.00000000000000E-99   1.00000000000000E-99
 28   35     1.00000000000000E-99   1.00000000000000E-99
 29   35     1.00000000000000E-99   1.00000000000000E-99
 30   35     1.00000000000000E-99   1.00000000000000E-99
 31   35     1.00000000000000E-99   1.00000000000000E-99
 32   35     1.00000000000000E-99   1.00000000000000E-99
 33   35     1.00000000000000E-99   1.00000000000000E-99
 34   35     1.00000000000000E-99   1.00000000000000E-99
 35   35     1.00000000000000E-99   1.00000000000000E-99
 36   35     1.00000000000000E-99   1.00000000000000E-99
 37   35     1.00000000000000E-99   1.00000000000000E-99
 38   35     1.00000000000000E-99   1.00000000000000E-99
 39   35     1.00000000000000E-99   1.00000000000000E-99
 40   35     1.00000000000000E-99   1.00000000000000E-99
 41   35     1.00000000000000E-99   1.00000000000000E-99
 42   35     1.00000000000000E-99   1.00000000000000E-99
 43   35     1.00000000000000E-99   1.00000000000000E-99
 44   35     1.00000000000000E-99   1.00000000000000E-99
 45   35     1.00000000000000E-99   1.00000000000000E-99
 46   35     1.00000000000000E-99   1.00000000000000E-99
 47   35     1.00000000000000E-99   1.00000000000000E-99
 48   35     1.00000000000000E-99   1.00000000000000E-99
 49   35     1.00000000000000E-99   1.00000000000000E-99
 50   35     1.00000000000000E-99   1.00000000000000E-99
 51   35     1.00000000000000E-99   1.00000000000000E-99
 52   35     1.00000000000000E-99   1.00000000000000E-99
 53   35     1.00000000000000E-99   1.00000000000000E-99
 54   35     1.00000000000000E-99   1.00000000000000E-99
 55   35     1.00000000000000E-99   1.00000000000000E-99
 56   35     1.00000000000000E-99   1.00000000000000E-99
 57   35     1.00000000000000E-99   1.00000000000000E-99
 58   35     1.00000000000000E-99   1.00000000000000E-99
 59   35     1.00000000000000E-99   1.00000000000000E-99
 60   35     1.00000000000000E-99   1.00000000000000E-99
 61   35     1.00000000000000E-99   1.00000000000000E-99
 62   35     1.00000000000000E-99   1.00000000000000E-99
 63   35     3.44069619144821E-25   3.37188226761924E-23
 64   35     2.47890585791747E-23   2.45411679933829E-21
 65   35     8.24795159245373E-23   8.24795159245373E-21
 66   35     3.50715096886692E-20   3.54222247855559E-18
 67   35     1.21293181789613E-17   1.23719045425406E-15
 68   35     1.57091320600504E-15   1.61804060218519E-13
 69   35     5.43073316672142E-16   5.64796249339028E-14
 70   35     1.12113253018678E-11   1.17718915669612E-09
 71   35     7.44869009203211E-13   7.89561149755404E-11
 72   35     5.01862990152213E-09   5.36993399462868E-07
 73   35     2.15892361326883E-11   2.33163750233034E-09
 74   35     4.72704098183687E-09   5.15247467020219E-07
 75   35     3.39903088043848E-16   3.73893396848233E-14
 76   35     1.37485312230571E-15   1.52608696575933E-13
 77   35     6.55361678417259E-13   7.34005079827330E-11
 78   35     3.33056614964261E-11   3.76353974909615E-09
 79   35     2.57474063681601E-15   2.93520432597025E-13
 80   35     7.01885987045977E-15   8.07168885102874E-13
 81   35     1.84796635592645E-10   2.14364097287468E-08
 82   35     3.31260318402184E-11   3.87574572530556E-09
 83   35     1.91348810856342E-22   2.25791596810483E-20
 84   35     1.00000000000000E-99   1.00000000000000E-99
 85   35     1.00000000000000E-99   1.00000000000000E-99
 86   35     1.00000000000000E-99   1.00000000000000E-99
 27   36     1.00000000000000E-99   1.00000000000000E-99
 28   36     1.00000000000000E-99   1.00000000000000E-99
 29   36     1.00000000000000E-99   1.00000000000000E-99
 30   36     1.00000000000000E-99   1.00000000000000E-99
 31   36     1.00000000000000E-99   1.00000000000000E-99
 32   36     1.00000000000000E-99   1.00000000000000E-99
 33   36     1.00000000000000E-99   1.00000000000000E-99
 34   36     1.00000000000000E-99   1.00000000000000E-99
 35   36     1.00000000000000E-99   1.00000000000000E-99
 36   36     1.00000000000000E-99   1.00000000000000E-99
 37   36     1.00000000000000E-99   1.00000000000000E-99
 38   36     1.00000000000000E-99   1.00000000000000E-99
 39   36     1.00000000000000E-99   1.00000000000000E-99
 40   36     1.00000000000000E-99   1.00000000000000E-99
 41   36     1.00000000000000E-99   1.00000000000000E-99
 42   36     1.00000000000000E-99   1.00000000000000E-99
 43   36     1.00000000000000E-99   1.00000000000000E-99
 44   36     1.00000000000000E-99   1.00000000000000E-99
 45   36     1.00000000000000E-99   1.00000000000000E-99
 46   36     1.00000000000000E-99   1.00000000000000E-99
 47   36     1.00000000000000E-99   1.00000000000000E-99
 48   36     1.00000000000000E-99   1.00000000000000E-99
 49   36     1.00000000000000E-99   1.00000000000000E-99
 50   36     1.00000000000000E-99   1.00000000000000E-99
 51   36     1.00000000000000E-99   1.00000000000000E-99
 52   36     1.00000000000000E-99   1.00000000000000E-99
 53   36     1.00000000000000E-99   1.00000000000000E-99
 54   36     1.00000000000000E-99   1.00000000000000E-99
 55   36     1.00000000000000E-99   1.00000000000000E-99
 56   36     1.00000000000000E-99   1.00000000000000E-99
 57   36     1.00000000000000E-99   1.00000000000000E-99
 58   36     1.00000000000000E-99   1.00000000000000E-99
 59   36     1.00000000000000E-99   1.00000000000000E-99
 60   36     1.00000000000000E-99   1.00000000000000E-99
 61   36     1.00000000000000E-99   1.00000000000000E-99
 62   36     1.00000000000000E-99   1.00000000000000E-99
 63   36     1.00000000000000E-99   1.00000000000000E-99
 64   36     2.82888598069299E-25   2.82888598069299E-23
 65   36     1.64204467322670E-24   1.65846511995897E-22
 66   36     1.53053380521815E-22   1.56114448132251E-20
 67   36     1.81354940425152E-20   1.86795588637907E-18
 68   36     3.30404697445771E-18   3.43620885343602E-16
 69   36     1.28556677795299E-16   1.34984511685064E-14
 70   36     1.99133181880106E-14   2.11081172792912E-12
 71   36     6.00089893183659E-15   6.42096185706515E-13
 72   36     7.88331610332911E-10   8.51398139159544E-08
 73   36     2.79514477804006E-11   3.04670780806367E-09
 74   36     4.65040310419058E-11   5.11544341460963E-09
 75   36     3.79768585587112E-15   4.21543130001694E-13
 76   36     4.34170607266842E-15   4.86271080138863E-13
 77   36     3.51653000645060E-14   3.97367890728918E-12
 78   36     2.35233271728920E-11   2.68165929770968E-09
 79   36     1.00701249626027E-14   1.15806437069931E-12
 80   36     7.75586772080566E-14   8.99680655613456E-12
 81   36     3.35632972577976E-11   3.92690577916232E-09
 82   36     7.49604866711170E-09   8.84533742719180E-07
 83   36     6.55227102936931E-20   7.79720252494948E-18
 84   36     1.00000000000000E-99   1.00000000000000E-99
 85   36     1.00000000000000E-99   1.00000000000000E-99
 86   36     1.00000000000000E-99   1.00000000000000E-99
 87   36     1.00000000000000E-99   1.00000000000000E-99
 88   36     1.00000000000000E-99   1.00000000000000E-99
 29   37     1.00000000000000E-99   1.00000000000000E-99
 30   37     1.00000000000000E-99   1.00000000000000E-99
 31   37     1.00000000000000E-99   1.00000000000000E-99
 32   37     1.00000000000000E-99   1.00000000000000E-99
 33   37     1.00000000000000E-99   1.00000000000000E-99
 34   37     1.00000000000000E-99   1.00000000000000E-99
 35   37     1.00000000000000E-99   1.00000000000000E-99
 36   37     1.00000000000000E-99   1.00000000000000E-99
 37   37     1.00000000000000E-99   1.00000000000000E-99
 38   37     1.00000000000000E-99   1.00000000000000E-99
 39   37     1.00000000000000E-99   1.00000000000000E-99
 40   37     1.00000000000000E-99   1.00000000000000E-99
 41   37     1.00000000000000E-99   1.00000000000000E-99
 42   37     1.00000000000000E-99   1.00000000000000E-99
 43   37     1.00000000000000E-99   1.00000000000000E-99
 44   37     1.00000000000000E-99   1.00000000000000E-99
 45   37     1.00000000000000E-99   1.00000000000000E-99
 46   37     1.00000000000000E-99   1.00000000000000E-99
 47   37     1.00000000000000E-99   1.00000000000000E-99
 48   37     1.00000000000000E-99   1.00000000000000E-99
 49   37     1.00000000000000E-99   1.00000000000000E-99
 50   37     1.00000000000000E-99   1.00000000000000E-99
 51   37     1.00000000000000E-99   1.00000000000000E-99
 52   37     1.00000000000000E-99   1.00000000000000E-99
 53   37     1.00000000000000E-99   1.00000000000000E-99
 54   37     1.00000000000000E-99   1.00000000000000E-99
 55   37     1.00000000000000E-99   1.00000000000000E-99
 56   37     1.00000000000000E-99   1.00000000000000E-99
 57   37     1.00000000000000E-99   1.00000000000000E-99
 58   37     1.00000000000000E-99   1.00000000000000E-99
 59   37     1.00000000000000E-99   1.00000000000000E-99
 60   37     1.00000000000000E-99   1.00000000000000E-99
 61   37     1.00000000000000E-99   1.00000000000000E-99
 62   37     1.00000000000000E-99   1.00000000000000E-99
 63   37     1.00000000000000E-99   1.00000000000000E-99
 64   37     1.00000000000000E-99   1.00000000000000E-99
 65   37     1.00000000000000E-99   1.00000000000000E-99
 66   37     1.00000000000000E-99   1.00000000000000E-99
 67   37     1.15455636904825E-24   1.20073862381018E-22
 68   37     2.41741365038002E-22   2.53828433289902E-20
 69   37     3.93740202508360E-19   4.17364614658862E-17
 70   37     6.06443091445086E-17   6.48894107846242E-15
 71   37     2.17163999227029E-17   2.34537119165191E-15
 72   37     5.82395363679027E-15   6.34810946410139E-13
 73   37     5.79455328263460E-16   6.37400861089806E-14
 74   37     4.48979487416564E-15   4.98367231032386E-13
 75   37     2.20315160488987E-16   2.46752979747666E-14
 76   37     1.39400006444793E-15   1.57522007282616E-13
 77   37     5.02728799228993E-16   5.73110831121052E-14
 78   37     1.67373296162639E-14   1.92479290587035E-12
 79   37     8.23735965965944E-16   9.55533720520496E-14
 80   37     2.17497746866421E-15   2.54472363833713E-13
 81   37     1.29199666580013E-12   1.52455606564416E-10
 82   37     1.02485424729885E-08   1.21957655428563E-06
 83   37     4.78015860330390E-18   5.73619032396468E-16
 84   37     1.13430993521603E-19   1.37251502161140E-17
 85   37     3.47736988073115E-21   4.24239125449200E-19
 86   37     1.00000000000000E-99   1.00000000000000E-99
 87   37     1.00000000000000E-99   1.00000000000000E-99
 88   37     1.00000000000000E-99   1.00000000000000E-99
 89   37     1.00000000000000E-99   1.00000000000000E-99
 90   37     1.00000000000000E-99   1.00000000000000E-99
 91   37     1.00000000000000E-99   1.00000000000000E-99
 30   38     1.00000000000000E-99   1.00000000000000E-99
 31   38     1.00000000000000E-99   1.00000000000000E-99
 32   38     1.00000000000000E-99   1.00000000000000E-99
 33   38     1.00000000000000E-99   1.00000000000000E-99
 34   38     1.00000000000000E-99   1.00000000000000E-99
 35   38     1.00000000000000E-99   1.00000000000000E-99
 36   38     1.00000000000000E-99   1.00000000000000E-99
 37   38     1.00000000000000E-99   1.00000000000000E-99
 38   38     1.00000000000000E-99   1.00000000000000E-99
 39   38     1.00000000000000E-99   1.00000000000000E-99
 40   38     1.00000000000000E-99   1.00000000000000E-99
 41   38     1.00000000000000E-99   1.00000000000000E-99
 42   38     1.00000000000000E-99   1.00000000000000E-99
 43   38     1.00000000000000E-99   1.00000000000000E-99
 44   38     1.00000000000000E-99   1.00000000000000E-99
 45   38     1.00000000000000E-99   1.00000000000000E-99
 46   38     1.00000000000000E-99   1.00000000000000E-99
 47   38     1.00000000000000E-99   1.00000000000000E-99
 48   38     1.00000000000000E-99   1.00000000000000E-99
 49   38     1.00000000000000E-99   1.00000000000000E-99
 50   38     1.00000000000000E-99   1.00000000000000E-99
 51   38     1.00000000000000E-99   1.00000000000000E-99
 52   38     1.00000000000000E-99   1.00000000000000E-99
 53   38     1.00000000000000E-99   1.00000000000000E-99
 54   38     1.00000000000000E-99   1.00000000000000E-99
 55   38     1.00000000000000E-99   1.00000000000000E-99
 56   38     1.00000000000000E-99   1.00000000000000E-99
 57   38     1.00000000000000E-99   1.00000000000000E-99
 58   38     1.00000000000000E-99   1.00000000000000E-99
 59   38     1.00000000000000E-99   1.00000000000000E-99
 60   38     1.00000000000000E-99   1.00000000000000E-99
 61   38     1.00000000000000E-99   1.00000000000000E-99
 62   38     1.00000000000000E-99   1.00000000000000E-99
 63   38     1.00000000000000E-99   1.00000000000000E-99
 64   38     1.00000000000000E-99   1.00000000000000E-99
 65   38     1.00000000000000E-99   1.00000000000000E-99
 66   38     1.00000000000000E-99   1.00000000000000E-99
 67   38     1.00000000000000E-99   1.00000000000000E-99
 68   38     1.13453649924983E-24   1.20260868920482E-22
 69   38     1.27861955235446E-23   1.36812292101927E-21
 70   38     9.95496628378366E-22   1.07513635864863E-19
 71   38     2.47133956176920E-21   2.69376012232843E-19
 72   38     1.38645089781997E-18   1.52509598760197E-16
 73   38     1.20652622176614E-18   1.33924410616042E-16
 74   38     8.93653901411121E-18   1.00089236958045E-15
 75   38     1.20542508186421E-17   1.36213034250656E-15
 76   38     4.55933959189915E-16   5.19764713476503E-14
 77   38     3.68780294686544E-16   4.24097338889525E-14
 78   38     1.62941876242827E-14   1.89012576441679E-12
 79   38     1.66368100712592E-15   1.94650677833733E-13
 80   38     4.23145243733199E-15   4.99311387605175E-13
 81   38     2.85741437483110E-14   3.40032310604901E-12
 82   38     2.19140050946612E-08   2.62968061135934E-06
 83   38     4.16916602786137E-17   5.04469089371226E-15
 84   38     1.42851539112444E-17   1.74278877717182E-15
 85   38     1.42792896246977E-18   1.75635262383781E-16
 86   38     9.62606640886671E-20   1.19363223469947E-17
 87   38     8.72647677862857E-21   1.09080959732857E-18
 88   38     1.00000000000000E-99   1.00000000000000E-99
 89   38     1.00000000000000E-99   1.00000000000000E-99
 90   38     1.00000000000000E-99   1.00000000000000E-99
 91   38     1.00000000000000E-99   1.00000000000000E-99
 92   38     1.00000000000000E-99   1.00000000000000E-99
 93   38     1.00000000000000E-99   1.00000000000000E-99
 31   39     1.00000000000000E-99   1.00000000000000E-99
 32   39     1.00000000000000E-99   1.00000000000000E-99
 33   39     1.00000000000000E-99   1.00000000000000E-99
 34   39     1.00000000000000E-99   1.00000000000000E-99
 35   39     1.00000000000000E-99   1.00000000000000E-99
 36   39     1.00000000000000E-99   1.00000000000000E-99
 37   39     1.00000000000000E-99   1.00000000000000E-99
 38   39     1.00000000000000E-99   1.00000000000000E-99
 39   39     1.00000000000000E-99   1.00000000000000E-99
 40   39     1.00000000000000E-99   1.00000000000000E-99
 41   39     1.00000000000000E-99   1.00000000000000E-99
 42   39     1.00000000000000E-99   1.00000000000000E-99
 43   39     1.00000000000000E-99   1.00000000000000E-99
 44   39     1.00000000000000E-99   1.00000000000000E-99
 45   39     1.00000000000000E-99   1.00000000000000E-99
 46   39     1.00000000000000E-99   1.00000000000000E-99
 47   39     1.00000000000000E-99   1.00000000000000E-99
 48   39     1.00000000000000E-99   1.00000000000000E-99
 49   39     1.00000000000000E-99   1.00000000000000E-99
 50   39     1.00000000000000E-99   1.00000000000000E-99
 51   39     1.00000000000000E-99   1.00000000000000E-99
 52   39     1.00000000000000E-99   1.00000000000000E-99
 53   39     1.00000000000000E-99   1.00000000000000E-99
 54   39     1.00000000000000E-99   1.00000000000000E-99
 55   39     1.00000000000000E-99   1.00000000000000E-99
 56   39     1.00000000000000E-99   1.00000000000000E-99
 57   39     1.00000000000000E-99   1.00000000000000E-99
 58   39     1.00000000000000E-99   1.00000000000000E-99
 59   39     1.00000000000000E-99   1.00000000000000E-99
 60   39     1.00000000000000E-99   1.00000000000000E-99
 61   39     1.00000000000000E-99   1.00000000000000E-99
 62   39     1.00000000000000E-99   1.00000000000000E-99
 63   39     1.00000000000000E-99   1.00000000000000E-99
 64   39     1.00000000000000E-99   1.00000000000000E-99
 65   39     1.00000000000000E-99   1.00000000000000E-99
 66   39     1.00000000000000E-99   1.00000000000000E-99
 67   39     1.00000000000000E-99   1.00000000000000E-99
 68   39     1.00000000000000E-99   1.00000000000000E-99
 69   39     1.00000000000000E-99   1.00000000000000E-99
 70   39     5.98541942500130E-25   6.52410717325142E-23
 71   39     1.22601647131720E-24   1.34861811844892E-22
 72   39     1.26853274117543E-20   1.40807134270473E-18
 73   39     5.77427038928013E-21   6.46718283599374E-19
 74   39     1.83598857203806E-19   2.07466708640301E-17
 75   39     9.22568691062429E-20   1.05172830781117E-17
 76   39     4.43062927991343E-18   5.09522367190044E-16
 77   39     4.23836598717423E-18   4.91650454512211E-16
 78   39     2.11138552237827E-16   2.47032106118257E-14
 79   39     9.64545613515312E-17   1.13816382394807E-14
 80   39     1.02088066755680E-15   1.21484799439259E-13
 81   39     3.67366523120558E-15   4.40839827744670E-13
 82   39     2.47117610968886E-08   2.99012309272352E-06
 83   39     2.76632833287897E-15   3.37492056611235E-13
 84   39     1.37205818392638E-16   1.68763156622945E-14
 85   39     3.57559799318074E-17   4.43374151154412E-15
 86   39     1.12802281466592E-17   1.41002851833239E-15
 87   39     2.75835649233259E-18   3.47552918033906E-16
 88   39     1.80751324097012E-19   2.29554181603205E-17
 89   39     1.74603394377033E-20   2.23492344802602E-18
 90   39     1.39366555461803E-23   1.79782856545726E-21
 91   39     1.00000000000000E-99   1.00000000000000E-99
 92   39     1.00000000000000E-99   1.00000000000000E-99
 93   39     1.00000000000000E-99   1.00000000000000E-99
 94   39     1.00000000000000E-99   1.00000000000000E-99
 95   39     1.00000000000000E-99   1.00000000000000E-99
 32   40     1.00000000000000E-99   1.00000000000000E-99
 33   40     1.00000000000000E-99   1.00000000000000E-99
 34   40     1.00000000000000E-99   1.00000000000000E-99
 35   40     1.00000000000000E-99   1.00000000000000E-99
 36   40     1.00000000000000E-99   1.00000000000000E-99
 37   40     1.00000000000000E-99   1.00000000000000E-99
 38   40     1.00000000000000E-99   1.00000000000000E-99
 39   40     1.00000000000000E-99   1.00000000000000E-99
 40   40     1.00000000000000E-99   1.00000000000000E-99
 41   40     1.00000000000000E-99   1.00000000000000E-99
 42   40     1.00000000000000E-99   1.00000000000000E-99
 43   40     1.00000000000000E-99   1.00000000000000E-99
 44   40     1.00000000000000E-99   1.00000000000000E-99
 45   40     1.00000000000000E-99   1.00000000000000E-99
 46   40     1.00000000000000E-99   1.00000000000000E-99
 47   40     1.00000000000000E-99   1.00000000000000E-99
 48   40     1.00000000000000E-99   1.00000000000000E-99
 49   40     1.00000000000000E-99   1.00000000000000E-99
 50   40     1.00000000000000E-99   1.00000000000000E-99
 51   40     1.00000000000000E-99   1.00000000000000E-99
 52   40     1.00000000000000E-99   1.00000000000000E-99
 53   40     1.00000000000000E-99   1.00000000000000E-99
 54   40     1.00000000000000E-99   1.00000000000000E-99
 55   40     1.00000000000000E-99   1.00000000000000E-99
 56   40     1.00000000000000E-99   1.00000000000000E-99
 57   40     1.00000000000000E-99   1.00000000000000E-99
 58   40     1.00000000000000E-99   1.00000000000000E-99
 59   40     1.00000000000000E-99   1.00000000000000E-99
 60   40     1.00000000000000E-99   1.00000000000000E-99
 61   40     1.00000000000000E-99   1.00000000000000E-99
 62   40     1.00000000000000E-99   1.00000000000000E-99
 63   40     1.00000000000000E-99   1.00000000000000E-99
 64   40     1.00000000000000E-99   1.00000000000000E-99
 65   40     1.00000000000000E-99   1.00000000000000E-99
 66   40     1.00000000000000E-99   1.00000000000000E-99
 67   40     1.00000000000000E-99   1.00000000000000E-99
 68   40     1.00000000000000E-99   1.00000000000000E-99
 69   40     1.00000000000000E-99   1.00000000000000E-99
 70   40     1.00000000000000E-99   1.00000000000000E-99
 71   40     1.00000000000000E-99   1.00000000000000E-99
 72   40     2.43057508805186E-24   2.72224409861809E-22
 73   40     1.01268867361970E-23   1.14433820119026E-21
 74   40     1.68492533261944E-20   1.92081487918616E-18
 75   40     2.69874227998962E-20   3.10355362198807E-18
 76   40     1.02543263457369E-18   1.18950185610548E-16
 77   40     1.58882947467440E-18   1.85893048536904E-16
 78   40     6.17697278404070E-17   7.28882788516803E-15
 79   40     2.91850662099000E-16   3.47302287897810E-14
 80   40     1.20430836922779E-15   1.44517004307335E-13
 81   40     2.66073580966841E-14   3.21949032969878E-12
 82   40     6.71645620208702E-08   8.19407656654616E-06
 83   40     9.43205699566777E-15   1.16014301046714E-12
 84   40     7.32594999517603E-14   9.08417799401827E-12
 85   40     1.68898462325899E-16   2.11123077907374E-14
 86   40     5.14850308550936E-16   6.48711388774179E-14
 87   40     5.38954429491774E-17   6.84472125454553E-15
 88   40     6.23232476408436E-18   7.97737569802797E-16
 89   40     2.33815875976994E-18   3.01622480010322E-16
 90   40     5.26841565392798E-18   6.84894035010638E-16
 91   40     3.64069911493496E-20   4.76931584056480E-18
 92   40     3.20294459057018E-21   4.22788685955264E-19
 93   40     1.00000000000000E-99   1.00000000000000E-99
 94   40     1.00000000000000E-99   1.00000000000000E-99
 95   40     1.00000000000000E-99   1.00000000000000E-99
 96   40     1.00000000000000E-99   1.00000000000000E-99
 97   40     1.00000000000000E-99   1.00000000000000E-99
 33   41     1.00000000000000E-99   1.00000000000000E-99
 34   41     1.00000000000000E-99   1.00000000000000E-99
 35   41     1.00000000000000E-99   1.00000000000000E-99
 36   41     1.00000000000000E-99   1.00000000000000E-99
 37   41     1.00000000000000E-99   1.00000000000000E-99
 38   41     1.00000000000000E-99   1.00000000000000E-99
 39   41     1.00000000000000E-99   1.00000000000000E-99
 40   41     1.00000000000000E-99   1.00000000000000E-99
 41   41     1.00000000000000E-99   1.00000000000000E-99
 42   41     1.00000000000000E-99   1.00000000000000E-99
 43   41     1.00000000000000E-99   1.00000000000000E-99
 44   41     1.00000000000000E-99   1.00000000000000E-99
 45   41     1.00000000000000E-99   1.00000000000000E-99
 46   41     1.00000000000000E-99   1.00000000000000E-99
 47   41     1.00000000000000E-99   1.00000000000000E-99
 48   41     1.00000000000000E-99   1.00000000000000E-99
 49   41     1.00000000000000E-99   1.00000000000000E-99
 50   41     1.00000000000000E-99   1.00000000000000E-99
 51   41     1.00000000000000E-99   1.00000000000000E-99
 52   41     1.00000000000000E-99   1.00000000000000E-99
 53   41     1.00000000000000E-99   1.00000000000000E-99
 54   41     1.00000000000000E-99   1.00000000000000E-99
 55   41     1.00000000000000E-99   1.00000000000000E-99
 56   41     1.00000000000000E-99   1.00000000000000E-99
 57   41     1.00000000000000E-99   1.00000000000000E-99
 58   41     1.00000000000000E-99   1.00000000000000E-99
 59   41     1.00000000000000E-99   1.00000000000000E-99
 60   41     1.00000000000000E-99   1.00000000000000E-99
 61   41     1.00000000000000E-99   1.00000000000000E-99
 62   41     1.00000000000000E-99   1.00000000000000E-99
 63   41     1.00000000000000E-99   1.00000000000000E-99
 64   41     1.00000000000000E-99   1.00000000000000E-99
 65   41     1.00000000000000E-99   1.00000000000000E-99
 66   41     1.00000000000000E-99   1.00000000000000E-99
 67   41     1.00000000000000E-99   1.00000000000000E-99
 68   41     1.00000000000000E-99   1.00000000000000E-99
 69   41     1.00000000000000E-99   1.00000000000000E-99
 70   41     1.00000000000000E-99   1.00000000000000E-99
 71   41     1.00000000000000E-99   1.00000000000000E-99
 72   41     1.00000000000000E-99   1.00000000000000E-99
 73   41     1.00000000000000E-99   1.00000000000000E-99
 74   41     1.18352555607397E-25   1.36105438948507E-23
 75   41     1.94867163524273E-22   2.26045909688157E-20
 76   41     1.32406113097283E-20   1.54915152323821E-18
 77   41     1.81154797640284E-20   2.13762661215535E-18
 78   41     1.23999353959772E-18   1.47559231212129E-16
 79   41     1.27141174437424E-17   1.52569409324909E-15
 80   41     4.48497378015066E-17   5.42681827398229E-15
 81   41     1.09463929684650E-15   1.33545994215273E-13
 82   41     4.29422211832869E-08   5.28189320554428E-06
 83   41     8.05141504795423E-12   9.98375465946324E-10
 84   41     2.83051522349027E-11   3.53814402936284E-09
 85   41     7.21768679706414E-16   9.09428536430082E-14
 86   41     1.24726649599256E-14   1.58402844991055E-12
 87   41     1.20737619387156E-15   1.54544152815560E-13
 88   41     9.93193818182856E-17   1.28122002545588E-14
 89   41     3.50014755541400E-16   4.55019182203819E-14
 90   41     1.11200652528973E-16   1.45672854812955E-14
 91   41     2.09472755725820E-17   2.76504037558082E-15
 92   41     1.48504461568942E-18   1.97510933886693E-16
 93   41     1.45617062039090E-19   1.95126863132381E-17
 94   41     1.82033877055223E-21   2.45745734024551E-19
 95   41     1.68242599904333E-24   2.28809935869893E-22
 96   41     1.00000000000000E-99   1.00000000000000E-99
 97   41     1.00000000000000E-99   1.00000000000000E-99
 98   41     1.00000000000000E-99   1.00000000000000E-99
 99   41     1.00000000000000E-99   1.00000000000000E-99
 35   42     1.00000000000000E-99   1.00000000000000E-99
 36   42     1.00000000000000E-99   1.00000000000000E-99
 37   42     1.00000000000000E-99   1.00000000000000E-99
 38   42     1.00000000000000E-99   1.00000000000000E-99
 39   42     1.00000000000000E-99   1.00000000000000E-99
 40   42     1.00000000000000E-99   1.00000000000000E-99
 41   42     1.00000000000000E-99   1.00000000000000E-99
 42   42     1.00000000000000E-99   1.00000000000000E-99
 43   42     1.00000000000000E-99   1.00000000000000E-99
 44   42     1.00000000000000E-99   1.00000000000000E-99
 45   42     1.00000000000000E-99   1.00000000000000E-99
 46   42     1.00000000000000E-99   1.00000000000000E-99
 47   42     1.00000000000000E-99   1.00000000000000E-99
 48   42     1.00000000000000E-99   1.00000000000000E-99
 49   42     1.00000000000000E-99   1.00000000000000E-99
 50   42     1.00000000000000E-99   1.00000000000000E-99
 51   42     1.00000000000000E-99   1.00000000000000E-99
 52   42     1.00000000000000E-99   1.00000000000000E-99
 53   42     1.00000000000000E-99   1.00000000000000E-99
 54   42     1.00000000000000E-99   1.00000000000000E-99
 55   42     1.00000000000000E-99   1.00000000000000E-99
 56   42     1.00000000000000E-99   1.00000000000000E-99
 57   42     1.00000000000000E-99   1.00000000000000E-99
 58   42     1.00000000000000E-99   1.00000000000000E-99
 59   42     1.00000000000000E-99   1.00000000000000E-99
 60   42     1.00000000000000E-99   1.00000000000000E-99
 61   42     1.00000000000000E-99   1.00000000000000E-99
 62   42     1.00000000000000E-99   1.00000000000000E-99
 63   42     1.00000000000000E-99   1.00000000000000E-99
 64   42     1.00000000000000E-99   1.00000000000000E-99
 65   42     1.00000000000000E-99   1.00000000000000E-99
 66   42     1.00000000000000E-99   1.00000000000000E-99
 67   42     1.00000000000000E-99   1.00000000000000E-99
 68   42     1.00000000000000E-99   1.00000000000000E-99
 69   42     1.00000000000000E-99   1.00000000000000E-99
 70   42     1.00000000000000E-99   1.00000000000000E-99
 71   42     1.00000000000000E-99   1.00000000000000E-99
 72   42     1.00000000000000E-99   1.00000000000000E-99
 73   42     1.00000000000000E-99   1.00000000000000E-99
 74   42     1.00000000000000E-99   1.00000000000000E-99
 75   42     1.00000000000000E-99   1.00000000000000E-99
 76   42     1.45473957374510E-23   1.71659269701921E-21
 77   42     3.27277650759645E-21   3.89460404403978E-19
 78   42     2.16934888317285E-19   2.60321865980742E-17
 79   42     2.12383577182454E-17   2.56984128390769E-15
 80   42     2.69317615308949E-16   3.28567490676917E-14
 81   42     1.35643216372535E-14   1.66841156138218E-12
 82   42     2.75158779641301E-07   3.41196886755213E-05
 83   42     1.06892464322983E-10   1.33615580403729E-08
 84   42     5.91737792880125E-09   7.45589619028957E-07
 85   42     9.23059409695842E-15   1.17228545031372E-12
 86   42     3.47337782225366E-13   4.44592361248469E-11
 87   42     2.11007835868780E-15   2.72200108270726E-13
 88   42     1.22401996735250E-13   1.59122595755825E-11
 89   42     7.23669252456809E-16   9.48006720718420E-14
 90   42     3.24791746063047E-14   4.28725104803222E-12
 91   42     6.10965556160519E-17   8.12584189693490E-15
 92   42     1.33862462679231E-15   1.79375699990170E-13
 93   42     4.63777172981228E-18   6.26099183524658E-16
 94   42     1.09056874887659E-17   1.48317349847216E-15
 95   42     9.61205968777009E-20   1.31685217722450E-17
 96   42     9.99098996291884E-20   1.37875661488280E-17
 97   42     3.12076935225461E-24   4.33786939963390E-22
 98   42     1.00000000000000E-99   1.00000000000000E-99
 99   42     1.00000000000000E-99   1.00000000000000E-99
100   42     1.00000000000000E-99   1.00000000000000E-99
101   42     1.00000000000000E-99   1.00000000000000E-99
102   42     1.00000000000000E-99   1.00000000000000E-99
 36   43     1.00000000000000E-99   1.00000000000000E-99
 37   43     1.00000000000000E-99   1.00000000000000E-99
 38   43     1.00000000000000E-99   1.00000000000000E-99
 39   43     1.00000000000000E-99   1.00000000000000E-99
 40   43     1.00000000000000E-99   1.00000000000000E-99
 41   43     1.00000000000000E-99   1.00000000000000E-99
 42   43     1.00000000000000E-99   1.00000000000000E-99
 43   43     1.00000000000000E-99   1.00000000000000E-99
 44   43     1.00000000000000E-99   1.00000000000000E-99
 45   43     1.00000000000000E-99   1.00000000000000E-99
 46   43     1.00000000000000E-99   1.00000000000000E-99
 47   43     1.00000000000000E-99   1.00000000000000E-99
 48   43     1.00000000000000E-99   1.00000000000000E-99
 49   43     1.00000000000000E-99   1.00000000000000E-99
 50   43     1.00000000000000E-99   1.00000000000000E-99
 51   43     1.00000000000000E-99   1.00000000000000E-99
 52   43     1.00000000000000E-99   1.00000000000000E-99
 53   43     1.00000000000000E-99   1.00000000000000E-99
 54   43     1.00000000000000E-99   1.00000000000000E-99
 55   43     1.00000000000000E-99   1.00000000000000E-99
 56   43     1.00000000000000E-99   1.00000000000000E-99
 57   43     1.00000000000000E-99   1.00000000000000E-99
 58   43     1.00000000000000E-99   1.00000000000000E-99
 59   43     1.00000000000000E-99   1.00000000000000E-99
 60   43     1.00000000000000E-99   1.00000000000000E-99
 61   43     1.00000000000000E-99   1.00000000000000E-99
 62   43     1.00000000000000E-99   1.00000000000000E-99
 63   43     1.00000000000000E-99   1.00000000000000E-99
 64   43     1.00000000000000E-99   1.00000000000000E-99
 65   43     1.00000000000000E-99   1.00000000000000E-99
 66   43     1.00000000000000E-99   1.00000000000000E-99
 67   43     1.00000000000000E-99   1.00000000000000E-99
 68   43     1.00000000000000E-99   1.00000000000000E-99
 69   43     1.00000000000000E-99   1.00000000000000E-99
 70   43     1.00000000000000E-99   1.00000000000000E-99
 71   43     1.00000000000000E-99   1.00000000000000E-99
 72   43     1.00000000000000E-99   1.00000000000000E-99
 73   43     1.00000000000000E-99   1.00000000000000E-99
 74   43     1.00000000000000E-99   1.00000000000000E-99
 75   43     1.00000000000000E-99   1.00000000000000E-99
 76   43     1.00000000000000E-99   1.00000000000000E-99
 77   43     1.00000000000000E-99   1.00000000000000E-99
 78   43     6.68726113161033E-22   8.09158596924850E-20
 79   43     5.31651442339444E-19   6.48614759654121E-17
 80   43     2.02462781895367E-17   2.49029221731301E-15
 81   43     3.55463042040942E-16   4.40774172130768E-14
 82   43     3.47733080080599E-09   4.34666350100749E-07
 83   43     3.31224314316370E-11   4.17342636038626E-09
 84   43     8.45868314589416E-08   1.07425275952856E-05
 85   43     2.97983081828844E-12   3.81418344740920E-10
 86   43     2.86795584518911E-12   3.69966304029395E-10
 87   43     8.45367263380055E-15   1.09897744239407E-12
 88   43     1.15935848298718E-13   1.51875961271321E-11
 89   43     1.20223154988910E-14   1.58694564585361E-12
 90   43     1.12417664422968E-13   1.49515493682548E-11
 91   43     4.95306550184777E-16   6.63710777247602E-14
 92   43     4.85743544872673E-14   6.55753785578109E-12
 93   43     1.89557286357213E-16   2.57797909445809E-14
 94   43     4.36735386832750E-16   5.98327479960867E-14
 95   43     1.30501025953308E-17   1.80091415815565E-15
 96   43     7.16630467135394E-18   9.96116349318197E-16
 97   43     5.57608472478901E-19   7.80651861470462E-17
 98   43     1.45732157831800E-20   2.05482342542838E-18
 99   43     1.61366042888084E-23   2.29139780901080E-21
100   43     1.00000000000000E-99   1.00000000000000E-99
101   43     1.00000000000000E-99   1.00000000000000E-99
102   43     1.00000000000000E-99   1.00000000000000E-99
103   43     1.00000000000000E-99   1.00000000000000E-99
104   43     1.00000000000000E-99   1.00000000000000E-99
 37   44     1.00000000000000E-99   1.00000000000000E-99
 38   44     1.00000000000000E-99   1.00000000000000E-99
 39   44     1.00000000000000E-99   1.00000000000000E-99
 40   44     1.00000000000000E-99   1.00000000000000E-99
 41   44     1.00000000000000E-99   1.00000000000000E-99
 42   44     1.00000000000000E-99   1.00000000000000E-99
 43   44     1.00000000000000E-99   1.00000000000000E-99
 44   44     1.00000000000000E-99   1.00000000000000E-99
 45   44     1.00000000000000E-99   1.00000000000000E-99
 46   44     1.00000000000000E-99   1.00000000000000E-99
 47   44     1.00000000000000E-99   1.00000000000000E-99
 48   44     1.00000000000000E-99   1.00000000000000E-99
 49   44     1.00000000000000E-99   1.00000000000000E-99
 50   44     1.00000000000000E-99   1.00000000000000E-99
 51   44     1.00000000000000E-99   1.00000000000000E-99
 52   44     1.00000000000000E-99   1.00000000000000E-99
 53   44     1.00000000000000E-99   1.00000000000000E-99
 54   44     1.00000000000000E-99   1.00000000000000E-99
 55   44     1.00000000000000E-99   1.00000000000000E-99
 56   44     1.00000000000000E-99   1.00000000000000E-99
 57   44     1.00000000000000E-99   1.00000000000000E-99
 58   44     1.00000000000000E-99   1.00000000000000E-99
 59   44     1.00000000000000E-99   1.00000000000000E-99
 60   44     1.00000000000000E-99   1.00000000000000E-99
 61   44     1.00000000000000E-99   1.00000000000000E-99
 62   44     1.00000000000000E-99   1.00000000000000E-99
 63   44     1.00000000000000E-99   1.00000000000000E-99
 64   44     1.00000000000000E-99   1.00000000000000E-99
 65   44     1.00000000000000E-99   1.00000000000000E-99
 66   44     1.00000000000000E-99   1.00000000000000E-99
 67   44     1.00000000000000E-99   1.00000000000000E-99
 68   44     1.00000000000000E-99   1.00000000000000E-99
 69   44     1.00000000000000E-99   1.00000000000000E-99
 70   44     1.00000000000000E-99   1.00000000000000E-99
 71   44     1.00000000000000E-99   1.00000000000000E-99
 72   44     1.00000000000000E-99   1.00000000000000E-99
 73   44     1.00000000000000E-99   1.00000000000000E-99
 74   44     1.00000000000000E-99   1.00000000000000E-99
 75   44     1.00000000000000E-99   1.00000000000000E-99
 76   44     1.00000000000000E-99   1.00000000000000E-99
 77   44     1.00000000000000E-99   1.00000000000000E-99
 78   44     1.00000000000000E-99   1.00000000000000E-99
 79   44     2.54418519051358E-20   3.12934778433170E-18
 80   44     7.66746683535851E-18   9.50765887584456E-16
 81   44     1.16390052464066E-15   1.45487565580083E-13
 82   44     2.99487528001135E-11   3.77354285281430E-09
 83   44     4.76338328901801E-12   6.04949677705287E-10
 84   44     1.90378680217485E-07   2.43684710678381E-05
 85   44     1.15448571954296E-10   1.48928657821042E-08
 86   44     1.47552130970522E-07   1.91817770261678E-05
 87   44     3.88862870614948E-15   5.09410360505581E-13
 88   44     4.89361947184690E-12   6.45957770283790E-10
 89   44     2.13530273102396E-15   2.83995263226187E-13
 90   44     2.08970751885352E-12   2.80020807526372E-10
 91   44     1.83193548823074E-15   2.47311290911150E-13
 92   44     5.18068041500660E-12   7.04572536440897E-10
 93   44     7.26835082063602E-16   9.95764062427135E-14
 94   44     1.63725944154389E-13   2.25941802933056E-11
 95   44     1.00284070958582E-16   1.39394858632429E-14
 96   44     7.87668553275262E-15   1.10273597458537E-12
 97   44     7.46388863617361E-18   1.05240829770048E-15
 98   44     5.30600118659799E-17   7.53452168496914E-15
 99   44     3.03865693388237E-19   4.34527941545179E-17
100   44     8.05581534760878E-19   1.16003741005566E-16
101   44     4.88038105709266E-24   7.07655253278435E-22
102   44     1.00000000000000E-99   1.00000000000000E-99
103   44     1.00000000000000E-99   1.00000000000000E-99
104   44     1.00000000000000E-99   1.00000000000000E-99
105   44     1.00000000000000E-99   1.00000000000000E-99
106   44     1.00000000000000E-99   1.00000000000000E-99
 38   45     1.00000000000000E-99   1.00000000000000E-99
 39   45     1.00000000000000E-99   1.00000000000000E-99
 40   45     1.00000000000000E-99   1.00000000000000E-99
 41   45     1.00000000000000E-99   1.00000000000000E-99
 42   45     1.00000000000000E-99   1.00000000000000E-99
 43   45     1.00000000000000E-99   1.00000000000000E-99
 44   45     1.00000000000000E-99   1.00000000000000E-99
 45   45     1.00000000000000E-99   1.00000000000000E-99
 46   45     1.00000000000000E-99   1.00000000000000E-99
 47   45     1.00000000000000E-99   1.00000000000000E-99
 48   45     1.00000000000000E-99   1.00000000000000E-99
 49   45     1.00000000000000E-99   1.00000000000000E-99
 50   45     1.00000000000000E-99   1.00000000000000E-99
 51   45     1.00000000000000E-99   1.00000000000000E-99
 52   45     1.00000000000000E-99   1.00000000000000E-99
 53   45     1.00000000000000E-99   1.00000000000000E-99
 54   45     1.00000000000000E-99   1.00000000000000E-99
 55   45     1.00000000000000E-99   1.00000000000000E-99
 56   45     1.00000000000000E-99   1.00000000000000E-99
 57   45     1.00000000000000E-99   1.00000000000000E-99
 58   45     1.00000000000000E-99   1.00000000000000E-99
 59   45     1.00000000000000E-99   1.00000000000000E-99
 60   45     1.00000000000000E-99   1.00000000000000E-99
 61   45     1.00000000000000E-99   1.00000000000000E-99
 62   45     1.00000000000000E-99   1.00000000000000E-99
 63   45     1.00000000000000E-99   1.00000000000000E-99
 64   45     1.00000000000000E-99   1.00000000000000E-99
 65   45     1.00000000000000E-99   1.00000000000000E-99
 66   45     1.00000000000000E-99   1.00000000000000E-99
 67   45     1.00000000000000E-99   1.00000000000000E-99
 68   45     1.00000000000000E-99   1.00000000000000E-99
 69   45     1.00000000000000E-99   1.00000000000000E-99
 70   45     1.00000000000000E-99   1.00000000000000E-99
 71   45     1.00000000000000E-99   1.00000000000000E-99
 72   45     1.00000000000000E-99   1.00000000000000E-99
 73   45     1.00000000000000E-99   1.00000000000000E-99
 74   45     1.00000000000000E-99   1.00000000000000E-99
 75   45     1.00000000000000E-99   1.00000000000000E-99
 76   45     1.00000000000000E-99   1.00000000000000E-99
 77   45     1.00000000000000E-99   1.00000000000000E-99
 78   45     1.00000000000000E-99   1.00000000000000E-99
 79   45     1.00000000000000E-99   1.00000000000000E-99
 80   45     6.17462943711602E-22   7.71828679639502E-20
 81   45     1.36758841697221E-17   1.72316140538498E-15
 82   45     3.33769766660503E-14   4.23887603658838E-12
 83   45     6.15450684395041E-14   7.87776876025652E-12
 84   45     7.62941854666466E-08   9.84194992519741E-06
 85   45     3.38694693947785E-09   4.40303102132120E-07
 86   45     1.84810433319776E-07   2.42101667648906E-05
 87   45     4.08768422907507E-12   5.39574318237909E-10
 88   45     1.29412130190550E-09   1.72118133153432E-07
 89   45     8.04816485210160E-13   1.07845409018162E-10
 90   45     3.11335048480229E-10   4.20302315448309E-08
 91   45     4.86681843630295E-13   6.61887307337201E-11
 92   45     8.40994669543488E-10   1.15216269727458E-07
 93   45     1.27466455745331E-12   1.75903708928557E-10
 94   45     3.93606848749009E-11   5.47113519761122E-09
 95   45     6.50862256386852E-15   9.11207158941593E-13
 96   45     1.69856486651777E-13   2.39497646179006E-11
 97   45     3.93445589785686E-16   5.58692737495674E-14
 98   45     1.17264866825836E-15   1.67688759560945E-13
 99   45     9.49811662061065E-17   1.36772879336793E-14
100   45     3.46278000124063E-17   5.02103100179891E-15
101   45     3.69665407052120E-19   5.39711494296096E-17
102   45     1.83180382650065E-19   2.69275162495596E-17
103   45     1.36139873986567E-23   2.01487013500119E-21
104   45     1.00000000000000E-99   1.00000000000000E-99
105   45     1.00000000000000E-99   1.00000000000000E-99
106   45     1.00000000000000E-99   1.00000000000000E-99
107   45     1.00000000000000E-99   1.00000000000000E-99
108   45     1.00000000000000E-99   1.00000000000000E-99
 40   46     1.00000000000000E-99   1.00000000000000E-99
 41   46     1.00000000000000E-99   1.00000000000000E-99
 42   46     1.00000000000000E-99   1.00000000000000E-99
 43   46     1.00000000000000E-99   1.00000000000000E-99
 44   46     1.00000000000000E-99   1.00000000000000E-99
 45   46     1.00000000000000E-99   1.00000000000000E-99
 46   46     1.00000000000000E-99   1.00000000000000E-99
 47   46     1.00000000000000E-99   1.00000000000000E-99
 48   46     1.00000000000000E-99   1.00000000000000E-99
 49   46     1.00000000000000E-99   1.00000000000000E-99
 50   46     1.00000000000000E-99   1.00000000000000E-99
 51   46     1.00000000000000E-99   1.00000000000000E-99
 52   46     1.00000000000000E-99   1.00000000000000E-99
 53   46     1.00000000000000E-99   1.00000000000000E-99
 54   46     1.00000000000000E-99   1.00000000000000E-99
 55   46     1.00000000000000E-99   1.00000000000000E-99
 56   46     1.00000000000000E-99   1.00000000000000E-99
 57   46     1.00000000000000E-99   1.00000000000000E-99
 58   46     1.00000000000000E-99   1.00000000000000E-99
 59   46     1.00000000000000E-99   1.00000000000000E-99
 60   46     1.00000000000000E-99   1.00000000000000E-99
 61   46     1.00000000000000E-99   1.00000000000000E-99
 62   46     1.00000000000000E-99   1.00000000000000E-99
 63   46     1.00000000000000E-99   1.00000000000000E-99
 64   46     1.00000000000000E-99   1.00000000000000E-99
 65   46     1.00000000000000E-99   1.00000000000000E-99
 66   46     1.00000000000000E-99   1.00000000000000E-99
 67   46     1.00000000000000E-99   1.00000000000000E-99
 68   46     1.00000000000000E-99   1.00000000000000E-99
 69   46     1.00000000000000E-99   1.00000000000000E-99
 70   46     1.00000000000000E-99   1.00000000000000E-99
 71   46     1.00000000000000E-99   1.00000000000000E-99
 72   46     1.00000000000000E-99   1.00000000000000E-99
 73   46     1.00000000000000E-99   1.00000000000000E-99
 74   46     1.00000000000000E-99   1.00000000000000E-99
 75   46     1.00000000000000E-99   1.00000000000000E-99
 76   46     1.00000000000000E-99   1.00000000000000E-99
 77   46     1.00000000000000E-99   1.00000000000000E-99
 78   46     1.00000000000000E-99   1.00000000000000E-99
 79   46     1.00000000000000E-99   1.00000000000000E-99
 80   46     1.67150701191768E-23   2.10609883501628E-21
 81   46     5.72925944610503E-17   7.27615949655339E-15
 82   46     7.01235066330037E-15   8.97580884902447E-13
 83   46     4.36962441000496E-14   5.63681548890640E-12
 84   46     1.98882007857140E-12   2.58546610214281E-10
 85   46     3.13310001060218E-13   4.10436101388885E-11
 86   46     1.20042284134048E-07   1.58455815056944E-05
 87   46     8.29327382558410E-14   1.10300541880269E-11
 88   46     6.43580199066732E-11   8.62397466749422E-09
 89   46     3.66589273443173E-14   4.94895519148283E-12
 90   46     6.24159143666313E-11   8.48856435386185E-09
 91   46     7.21753413617339E-14   9.88802176655754E-12
 92   46     3.35646843441244E-09   4.63192643948916E-07
 93   46     2.17191858312823E-11   3.01896683054825E-09
 94   46     1.74937537762459E-07   2.44912552867443E-05
 95   46     4.73989194445471E-11   6.68324764168115E-09
 96   46     2.70596708818976E-08   3.84247326522946E-06
 97   46     1.58613597940378E-12   2.26817445054740E-10
 98   46     6.24927557760247E-11   8.99895683174756E-09
 99   46     1.17771363860742E-15   1.70768477598076E-13
100   46     3.22336650908750E-14   4.70611510326775E-12
101   46     6.78872870420103E-18   9.97943119517551E-16
102   46     2.55699798998824E-16   3.78435702518259E-14
103   46     1.91557332053344E-19   2.85420424759482E-17
104   46     9.71625114199796E-20   1.45743767129969E-17
105   46     5.93161538236584E-24   8.95673922737242E-22
106   46     1.00000000000000E-99   1.00000000000000E-99
107   46     1.00000000000000E-99   1.00000000000000E-99
108   46     1.00000000000000E-99   1.00000000000000E-99
109   46     1.00000000000000E-99   1.00000000000000E-99
110   46     1.00000000000000E-99   1.00000000000000E-99
 41   47     1.00000000000000E-99   1.00000000000000E-99
 42   47     1.00000000000000E-99   1.00000000000000E-99
 43   47     1.00000000000000E-99   1.00000000000000E-99
 44   47     1.00000000000000E-99   1.00000000000000E-99
 45   47     1.00000000000000E-99   1.00000000000000E-99
 46   47     1.00000000000000E-99   1.00000000000000E-99
 47   47     1.00000000000000E-99   1.00000000000000E-99
 48   47     1.00000000000000E-99   1.00000000000000E-99
 49   47     1.00000000000000E-99   1.00000000000000E-99
 50   47     1.00000000000000E-99   1.00000000000000E-99
 51   47     1.00000000000000E-99   1.00000000000000E-99
 52   47     1.00000000000000E-99   1.00000000000000E-99
 53   47     1.00000000000000E-99   1.00000000000000E-99
 54   47     1.00000000000000E-99   1.00000000000000E-99
 55   47     1.00000000000000E-99   1.00000000000000E-99
 56   47     1.00000000000000E-99   1.00000000000000E-99
 57   47     1.00000000000000E-99   1.00000000000000E-99
 58   47     1.00000000000000E-99   1.00000000000000E-99
 59   47     1.00000000000000E-99   1.00000000000000E-99
 60   47     1.00000000000000E-99   1.00000000000000E-99
 61   47     1.00000000000000E-99   1.00000000000000E-99
 62   47     1.00000000000000E-99   1.00000000000000E-99
 63   47     1.00000000000000E-99   1.00000000000000E-99
 64   47     1.00000000000000E-99   1.00000000000000E-99
 65   47     1.00000000000000E-99   1.00000000000000E-99
 66   47     1.00000000000000E-99   1.00000000000000E-99
 67   47     1.00000000000000E-99   1.00000000000000E-99
 68   47     1.00000000000000E-99   1.00000000000000E-99
 69   47     1.00000000000000E-99   1.00000000000000E-99
 70   47     1.00000000000000E-99   1.00000000000000E-99
 71   47     1.00000000000000E-99   1.00000000000000E-99
 72   47     1.00000000000000E-99   1.00000000000000E-99
 73   47     1.00000000000000E-99   1.00000000000000E-99
 74   47     1.00000000000000E-99   1.00000000000000E-99
 75   47     1.00000000000000E-99   1.00000000000000E-99
 76   47     1.00000000000000E-99   1.00000000000000E-99
 77   47     1.00000000000000E-99   1.00000000000000E-99
 78   47     1.00000000000000E-99   1.00000000000000E-99
 79   47     1.00000000000000E-99   1.00000000000000E-99
 80   47     1.00000000000000E-99   1.00000000000000E-99
 81   47     5.01487220578905E-24   6.41903642340998E-22
 82   47     3.21588951891751E-20   4.14849747940358E-18
 83   47     9.50243252371434E-17   1.23531622808286E-14
 84   47     3.06128344703898E-15   4.01028131562107E-13
 85   47     2.71993417940335E-15   3.59031311681242E-13
 86   47     1.18403179634572E-10   1.57476228913980E-08
 87   47     2.22595128122094E-15   2.98277471683606E-13
 88   47     3.86474568970409E-13   5.21740668110052E-11
 89   47     1.53599178078936E-15   2.08894882187352E-13
 90   47     1.22420813774463E-12   1.67716514871014E-10
 91   47     6.43476060782080E-15   8.87996963879271E-13
 92   47     1.83510410288851E-13   2.55079470301503E-11
 93   47     8.05538975301125E-14   1.12775456542157E-11
 94   47     3.01150293726126E-09   4.24621914153838E-07
 95   47     5.23846571656531E-11   7.43862131752274E-09
 96   47     9.61256917301303E-08   1.37459739174086E-05
 97   47     5.43055150174013E-10   7.81999416250578E-08
 98   47     9.09875038092513E-08   1.31931880523414E-05
 99   47     1.33821404259081E-10   1.95379250218259E-08
100   47     6.05643417861615E-09   8.90295824256574E-07
101   47     6.34808236533073E-13   9.39516190068948E-11
102   47     2.79438611036686E-12   4.16363530444662E-10
103   47     2.91599500310239E-17   4.37399250465358E-15
104   47     5.56257040070890E-18   8.39948130507044E-16
105   47     5.69165441017425E-19   8.65131470346486E-17
106   47     5.31295355998446E-20   8.12881894677623E-18
107   47     1.91273208680773E-23   2.94560741368390E-21
108   47     1.07015846272835E-25   1.65874561722894E-23
109   47     1.00000000000000E-99   1.00000000000000E-99
110   47     1.00000000000000E-99   1.00000000000000E-99
111   47     1.00000000000000E-99   1.00000000000000E-99
112   47     1.00000000000000E-99   1.00000000000000E-99
113   47     1.00000000000000E-99   1.00000000000000E-99
 42   48     1.00000000000000E-99   1.00000000000000E-99
 43   48     1.00000000000000E-99   1.00000000000000E-99
 44   48     1.00000000000000E-99   1.00000000000000E-99
 45   48     1.00000000000000E-99   1.00000000000000E-99
 46   48     1.00000000000000E-99   1.00000000000000E-99
 47   48     1.00000000000000E-99   1.00000000000000E-99
 48   48     1.00000000000000E-99   1.00000000000000E-99
 49   48     1.00000000000000E-99   1.00000000000000E-99
 50   48     1.00000000000000E-99   1.00000000000000E-99
 51   48     1.00000000000000E-99   1.00000000000000E-99
 52   48     1.00000000000000E-99   1.00000000000000E-99
 53   48     1.00000000000000E-99   1.00000000000000E-99
 54   48     1.00000000000000E-99   1.00000000000000E-99
 55   48     1.00000000000000E-99   1.00000000000000E-99
 56   48     1.00000000000000E-99   1.00000000000000E-99
 57   48     1.00000000000000E-99   1.00000000000000E-99
 58   48     1.00000000000000E-99   1.00000000000000E-99
 59   48     1.00000000000000E-99   1.00000000000000E-99
 60   48     1.00000000000000E-99   1.00000000000000E-99
 61   48     1.00000000000000E-99   1.00000000000000E-99
 62   48     1.00000000000000E-99   1.00000000000000E-99
 63   48     1.00000000000000E-99   1.00000000000000E-99
 64   48     1.00000000000000E-99   1.00000000000000E-99
 65   48     1.00000000000000E-99   1.00000000000000E-99
 66   48     1.00000000000000E-99   1.00000000000000E-99
 67   48     1.00000000000000E-99   1.00000000000000E-99
 68   48     1.00000000000000E-99   1.00000000000000E-99
 69   48     1.00000000000000E-99   1.00000000000000E-99
 70   48     1.00000000000000E-99   1.00000000000000E-99
 71   48     1.00000000000000E-99   1.00000000000000E-99
 72   48     1.00000000000000E-99   1.00000000000000E-99
 73   48     1.00000000000000E-99   1.00000000000000E-99
 74   48     1.00000000000000E-99   1.00000000000000E-99
 75   48     1.00000000000000E-99   1.00000000000000E-99
 76   48     1.00000000000000E-99   1.00000000000000E-99
 77   48     1.00000000000000E-99   1.00000000000000E-99
 78   48     1.00000000000000E-99   1.00000000000000E-99
 79   48     1.00000000000000E-99   1.00000000000000E-99
 80   48     1.00000000000000E-99   1.00000000000000E-99
 81   48     2.02373389085030E-25   2.61061671919688E-23
 82   48     7.64039245100583E-23   9.93251018630758E-21
 83   48     9.22171296488407E-19   1.20804439839981E-16
 84   48     6.44594070308927E-18   8.50864172807784E-16
 85   48     6.87333778070358E-18   9.14153924833577E-16
 86   48     5.98748091468950E-17   8.02322442568393E-15
 87   48     1.19116878373672E-17   1.60807785804457E-15
 88   48     1.08696655864779E-13   1.47827451976099E-11
 89   48     6.56804845892730E-18   8.99822638873040E-16
 90   48     1.81075163764676E-13   2.49883725995253E-11
 91   48     1.03205638424415E-16   1.43455837409937E-14
 92   48     2.76856488672082E-15   3.87599084140915E-13
 93   48     3.12218412342684E-15   4.40227961403184E-13
 94   48     8.77114386809146E-13   1.24550242926899E-10
 95   48     2.94379319422762E-14   4.20962426774549E-12
 96   48     1.01171276787143E-10   1.45686638573486E-08
 97   48     1.44701254708868E-12   2.09816819327858E-10
 98   48     1.87185791800524E-08   2.73291256028764E-06
 99   48     5.81252280000214E-11   8.54440851600315E-09
100   48     2.50983676169472E-07   3.71455840730818E-05
101   48     1.12667397438080E-10   1.67874422182739E-08
102   48     1.15782971157948E-08   1.73674456736922E-06
103   48     2.40122296503723E-13   3.62584667720622E-11
104   48     2.36206320802498E-13   3.59033607619798E-11
105   48     8.60697357791820E-18   1.31686695742148E-15
106   48     4.60386429085015E-17   7.08995100790923E-15
107   48     1.92996889771712E-19   2.99145179146153E-17
108   48     7.47194615141524E-19   1.16562359962078E-16
109   48     4.14193795514782E-24   6.50284258958208E-22
110   48     4.09702221487191E-25   6.47329509949762E-23
111   48     1.00000000000000E-99   1.00000000000000E-99
112   48     1.00000000000000E-99   1.00000000000000E-99
113   48     1.00000000000000E-99   1.00000000000000E-99
114   48     1.00000000000000E-99   1.00000000000000E-99
115   48     1.00000000000000E-99   1.00000000000000E-99
 43   49     1.00000000000000E-99   1.00000000000000E-99
 44   49     1.00000000000000E-99   1.00000000000000E-99
 45   49     1.00000000000000E-99   1.00000000000000E-99
 46   49     1.00000000000000E-99   1.00000000000000E-99
 47   49     1.00000000000000E-99   1.00000000000000E-99
 48   49     1.00000000000000E-99   1.00000000000000E-99
 49   49     1.00000000000000E-99   1.00000000000000E-99
 50   49     1.00000000000000E-99   1.00000000000000E-99
 51   49     1.00000000000000E-99   1.00000000000000E-99
 52   49     1.00000000000000E-99   1.00000000000000E-99
 53   49     1.00000000000000E-99   1.00000000000000E-99
 54   49     1.00000000000000E-99   1.00000000000000E-99
 55   49     1.00000000000000E-99   1.00000000000000E-99
 56   49     1.00000000000000E-99   1.00000000000000E-99
 57   49     1.00000000000000E-99   1.00000000000000E-99
 58   49     1.00000000000000E-99   1.00000000000000E-99
 59   49     1.00000000000000E-99   1.00000000000000E-99
 60   49     1.00000000000000E-99   1.00000000000000E-99
 61   49     1.00000000000000E-99   1.00000000000000E-99
 62   49     1.00000000000000E-99   1.00000000000000E-99
 63   49     1.00000000000000E-99   1.00000000000000E-99
 64   49     1.00000000000000E-99   1.00000000000000E-99
 65   49     1.00000000000000E-99   1.00000000000000E-99
 66   49     1.00000000000000E-99   1.00000000000000E-99
 67   49     1.00000000000000E-99   1.00000000000000E-99
 68   49     1.00000000000000E-99   1.00000000000000E-99
 69   49     1.00000000000000E-99   1.00000000000000E-99
 70   49     1.00000000000000E-99   1.00000000000000E-99
 71   49     1.00000000000000E-99   1.00000000000000E-99
 72   49     1.00000000000000E-99   1.00000000000000E-99
 73   49     1.00000000000000E-99   1.00000000000000E-99
 74   49     1.00000000000000E-99   1.00000000000000E-99
 75   49     1.00000000000000E-99   1.00000000000000E-99
 76   49     1.00000000000000E-99   1.00000000000000E-99
 77   49     1.00000000000000E-99   1.00000000000000E-99
 78   49     1.00000000000000E-99   1.00000000000000E-99
 79   49     1.00000000000000E-99   1.00000000000000E-99
 80   49     1.00000000000000E-99   1.00000000000000E-99
 81   49     1.00000000000000E-99   1.00000000000000E-99
 82   49     1.00000000000000E-99   1.00000000000000E-99
 83   49     1.00000000000000E-99   1.00000000000000E-99
 84   49     4.76247883939362E-25   6.33409685639351E-23
 85   49     3.74700692803673E-23   5.02098928356922E-21
 86   49     1.38618467457699E-21   1.87134931067894E-19
 87   49     5.50582359494529E-22   7.48792008912560E-20
 88   49     3.24890327141281E-19   4.45099748183555E-17
 89   49     4.06739302261386E-21   5.61300237120712E-19
 90   49     2.49693155901731E-18   3.47073486703405E-16
 91   49     1.54577681727299E-19   2.16408754418219E-17
 92   49     3.63207904146078E-18   5.12123144845971E-16
 93   49     2.09375822758602E-18   2.97313668317215E-16
 94   49     4.03370359111027E-16   5.76819613528769E-14
 95   49     2.19803382918444E-16   3.16516871402559E-14
 96   49     2.60386578564623E-14   3.77560538918704E-12
 97   49     9.38051473338445E-15   1.36955515107413E-12
 98   49     8.22519395820838E-12   1.20910351185663E-09
 99   49     2.22427265528662E-12   3.29192352982420E-10
100   49     2.80765512842027E-08   4.18340614134620E-06
101   49     6.61067941782531E-10   9.91601912673797E-08
102   49     2.39479950597861E-07   3.61614725402771E-05
103   49     1.60528236811181E-10   2.44002919952996E-08
104   49     9.17379258386310E-10   1.40359026533105E-07
105   49     6.46774366982718E-14   9.96032525153386E-12
106   49     1.24737554708529E-13   1.93343209798220E-11
107   49     1.56931747934155E-17   2.44813526777281E-15
108   49     4.40129864199077E-17   6.91003886792550E-15
109   49     1.05677850561934E-18   1.66971003887856E-16
110   49     6.75275253542308E-19   1.07368765313227E-16
111   49     1.28178511330524E-21   2.05085618128838E-19
112   49     1.33247097662155E-23   2.14527827236069E-21
113   49     1.00000000000000E-99   1.00000000000000E-99
114   49     1.00000000000000E-99   1.00000000000000E-99
115   49     1.00000000000000E-99   1.00000000000000E-99
116   49     1.00000000000000E-99   1.00000000000000E-99
117   49     1.00000000000000E-99   1.00000000000000E-99
 44   50     1.00000000000000E-99   1.00000000000000E-99
 45   50     1.00000000000000E-99   1.00000000000000E-99
 46   50     1.00000000000000E-99   1.00000000000000E-99
 47   50     1.00000000000000E-99   1.00000000000000E-99
 48   50     1.00000000000000E-99   1.00000000000000E-99
 49   50     1.00000000000000E-99   1.00000000000000E-99
 50   50     1.00000000000000E-99   1.00000000000000E-99
 51   50     1.00000000000000E-99   1.00000000000000E-99
 52   50     1.00000000000000E-99   1.00000000000000E-99
 53   50     1.00000000000000E-99   1.00000000000000E-99
 54   50     1.00000000000000E-99   1.00000000000000E-99
 55   50     1.00000000000000E-99   1.00000000000000E-99
 56   50     1.00000000000000E-99   1.00000000000000E-99
 57   50     1.00000000000000E-99   1.00000000000000E-99
 58   50     1.00000000000000E-99   1.00000000000000E-99
 59   50     1.00000000000000E-99   1.00000000000000E-99
 60   50     1.00000000000000E-99   1.00000000000000E-99
 61   50     1.00000000000000E-99   1.00000000000000E-99
 62   50     1.00000000000000E-99   1.00000000000000E-99
 63   50     1.00000000000000E-99   1.00000000000000E-99
 64   50     1.00000000000000E-99   1.00000000000000E-99
 65   50     1.00000000000000E-99   1.00000000000000E-99
 66   50     1.00000000000000E-99   1.00000000000000E-99
 67   50     1.00000000000000E-99   1.00000000000000E-99
 68   50     1.00000000000000E-99   1.00000000000000E-99
 69   50     1.00000000000000E-99   1.00000000000000E-99
 70   50     1.00000000000000E-99   1.00000000000000E-99
 71   50     1.00000000000000E-99   1.00000000000000E-99
 72   50     1.00000000000000E-99   1.00000000000000E-99
 73   50     1.00000000000000E-99   1.00000000000000E-99
 74   50     1.00000000000000E-99   1.00000000000000E-99
 75   50     1.00000000000000E-99   1.00000000000000E-99
 76   50     1.00000000000000E-99   1.00000000000000E-99
 77   50     1.00000000000000E-99   1.00000000000000E-99
 78   50     1.00000000000000E-99   1.00000000000000E-99
 79   50     1.00000000000000E-99   1.00000000000000E-99
 80   50     1.00000000000000E-99   1.00000000000000E-99
 81   50     1.00000000000000E-99   1.00000000000000E-99
 82   50     1.00000000000000E-99   1.00000000000000E-99
 83   50     1.00000000000000E-99   1.00000000000000E-99
 84   50     1.00000000000000E-99   1.00000000000000E-99
 85   50     1.00000000000000E-99   1.00000000000000E-99
 86   50     1.00000000000000E-99   1.00000000000000E-99
 87   50     1.00000000000000E-99   1.00000000000000E-99
 88   50     4.06531980932854E-25   5.61014133687339E-23
 89   50     5.26797801709777E-25   7.32248944376589E-23
 90   50     2.00324072900815E-19   2.80453702061141E-17
 91   50     7.07486960117566E-21   9.97556613765768E-19
 92   50     1.51113523675477E-17   2.14581203619178E-15
 93   50     1.50128756285152E-19   2.14684121487768E-17
 94   50     1.37273768154441E-17   1.97674226142395E-15
 95   50     4.29764868998946E-18   6.23159060048472E-16
 96   50     6.01938343499558E-16   8.78829981509354E-14
 97   50     1.03161954245468E-15   1.51648072740838E-13
 98   50     3.01512173146777E-14   4.46238016257229E-12
 99   50     9.76491515222200E-15   1.45497235768108E-12
100   50     7.41566599741712E-11   1.11234989961257E-08
101   50     8.66950284191925E-12   1.30909492912981E-09
102   50     1.84978980193106E-07   2.81168049893522E-05
103   50     6.73164631207959E-10   1.02994188574818E-07
104   50     1.90341552206439E-07   2.93125990397916E-05
105   50     3.00141098298891E-11   4.65218702363282E-09
106   50     2.20595372148811E-09   3.44128780552145E-07
107   50     9.26667424035627E-14   1.45486785573593E-11
108   50     4.30318943455855E-13   6.79903930660250E-11
109   50     2.95216359023110E-17   4.69394010846744E-15
110   50     1.42171639472047E-15   2.27474623155276E-13
111   50     1.72899248279136E-19   2.78367789729408E-17
112   50     3.05852486554716E-18   4.95481028218640E-16
113   50     1.00132730737669E-21   1.63216351102401E-19
114   50     4.51274776414120E-22   7.40090633319157E-20
115   50     1.00000000000000E-99   1.00000000000000E-99
116   50     1.00000000000000E-99   1.00000000000000E-99
117   50     1.00000000000000E-99   1.00000000000000E-99
118   50     1.00000000000000E-99   1.00000000000000E-99
119   50     1.00000000000000E-99   1.00000000000000E-99
 46   51     1.00000000000000E-99   1.00000000000000E-99
 47   51     1.00000000000000E-99   1.00000000000000E-99
 48   51     1.00000000000000E-99   1.00000000000000E-99
 49   51     1.00000000000000E-99   1.00000000000000E-99
 50   51     1.00000000000000E-99   1.00000000000000E-99
 51   51     1.00000000000000E-99   1.00000000000000E-99
 52   51     1.00000000000000E-99   1.00000000000000E-99
 53   51     1.00000000000000E-99   1.00000000000000E-99
 54   51     1.00000000000000E-99   1.00000000000000E-99
 55   51     1.00000000000000E-99   1.00000000000000E-99
 56   51     1.00000000000000E-99   1.00000000000000E-99
 57   51     1.00000000000000E-99   1.00000000000000E-99
 58   51     1.00000000000000E-99   1.00000000000000E-99
 59   51     1.00000000000000E-99   1.00000000000000E-99
 60   51     1.00000000000000E-99   1.00000000000000E-99
 61   51     1.00000000000000E-99   1.00000000000000E-99
 62   51     1.00000000000000E-99   1.00000000000000E-99
 63   51     1.00000000000000E-99   1.00000000000000E-99
 64   51     1.00000000000000E-99   1.00000000000000E-99
 65   51     1.00000000000000E-99   1.00000000000000E-99
 66   51     1.00000000000000E-99   1.00000000000000E-99
 67   51     1.00000000000000E-99   1.00000000000000E-99
 68   51     1.00000000000000E-99   1.00000000000000E-99
 69   51     1.00000000000000E-99   1.00000000000000E-99
 70   51     1.00000000000000E-99   1.00000000000000E-99
 71   51     1.00000000000000E-99   1.00000000000000E-99
 72   51     1.00000000000000E-99   1.00000000000000E-99
 73   51     1.00000000000000E-99   1.00000000000000E-99
 74   51     1.00000000000000E-99   1.00000000000000E-99
 75   51     1.00000000000000E-99   1.00000000000000E-99
 76   51     1.00000000000000E-99   1.00000000000000E-99
 77   51     1.00000000000000E-99   1.00000000000000E-99
 78   51     1.00000000000000E-99   1.00000000000000E-99
 79   51     1.00000000000000E-99   1.00000000000000E-99
 80   51     1.00000000000000E-99   1.00000000000000E-99
 81   51     1.00000000000000E-99   1.00000000000000E-99
 82   51     1.00000000000000E-99   1.00000000000000E-99
 83   51     1.00000000000000E-99   1.00000000000000E-99
 84   51     1.00000000000000E-99   1.00000000000000E-99
 85   51     1.00000000000000E-99   1.00000000000000E-99
 86   51     1.00000000000000E-99   1.00000000000000E-99
 87   51     1.00000000000000E-99   1.00000000000000E-99
 88   51     1.00000000000000E-99   1.00000000000000E-99
 89   51     1.00000000000000E-99   1.00000000000000E-99
 90   51     1.00000000000000E-99   1.00000000000000E-99
 91   51     1.00000000000000E-99   1.00000000000000E-99
 92   51     5.18123593943938E-25   7.40916739339831E-23
 93   51     3.08298447454661E-22   4.43949764334712E-20
 94   51     3.71050208449010E-20   5.38022802251064E-18
 95   51     3.25785325282255E-20   4.75646574912092E-18
 96   51     3.39448694693480E-18   4.98989581199415E-16
 97   51     2.01247035502422E-18   2.97845612543585E-16
 98   51     1.34343785877562E-16   2.00172240957567E-14
 99   51     1.31915137549938E-15   1.97872706324908E-13
100   51     5.62597928792287E-14   8.49522872476354E-12
101   51     1.34524662646085E-14   2.04477487222050E-12
102   51     3.86745019936568E-10   5.91719880502949E-08
103   51     6.09251628588670E-11   9.38247508026552E-09
104   51     9.30335717050200E-08   1.44202036142781E-05
105   51     8.36827568830663E-10   1.30545100737583E-07
106   51     2.33083791808630E-07   3.65941553139550E-05
107   51     2.18639442911554E-10   3.45450319800255E-08
108   51     4.92887784310856E-09   7.83691577054260E-07
109   51     5.28443351885005E-12   8.45509363016008E-10
110   51     6.82465846635324E-11   1.09877001308287E-08
111   51     3.23950155004097E-15   5.24799251106637E-13
112   51     1.53094698443725E-14   2.49544358463272E-12
113   51     1.26587490862335E-18   2.07603485014230E-16
114   51     5.67215330823292E-18   9.35905295858432E-16
115   51     2.43743616550099E-21   4.04614403473164E-19
116   51     3.59323853062659E-21   6.00070834614640E-19
117   51     1.00000000000000E-99   1.00000000000000E-99
118   51     1.00000000000000E-99   1.00000000000000E-99
119   51     1.00000000000000E-99   1.00000000000000E-99
120   51     1.00000000000000E-99   1.00000000000000E-99
121   51     1.00000000000000E-99   1.00000000000000E-99
 47   52     1.00000000000000E-99   1.00000000000000E-99
 48   52     1.00000000000000E-99   1.00000000000000E-99
 49   52     1.00000000000000E-99   1.00000000000000E-99
 50   52     1.00000000000000E-99   1.00000000000000E-99
 51   52     1.00000000000000E-99   1.00000000000000E-99
 52   52     1.00000000000000E-99   1.00000000000000E-99
 53   52     1.00000000000000E-99   1.00000000000000E-99
 54   52     1.00000000000000E-99   1.00000000000000E-99
 55   52     1.00000000000000E-99   1.00000000000000E-99
 56   52     1.00000000000000E-99   1.00000000000000E-99
 57   52     1.00000000000000E-99   1.00000000000000E-99
 58   52     1.00000000000000E-99   1.00000000000000E-99
 59   52     1.00000000000000E-99   1.00000000000000E-99
 60   52     1.00000000000000E-99   1.00000000000000E-99
 61   52     1.00000000000000E-99   1.00000000000000E-99
 62   52     1.00000000000000E-99   1.00000000000000E-99
 63   52     1.00000000000000E-99   1.00000000000000E-99
 64   52     1.00000000000000E-99   1.00000000000000E-99
 65   52     1.00000000000000E-99   1.00000000000000E-99
 66   52     1.00000000000000E-99   1.00000000000000E-99
 67   52     1.00000000000000E-99   1.00000000000000E-99
 68   52     1.00000000000000E-99   1.00000000000000E-99
 69   52     1.00000000000000E-99   1.00000000000000E-99
 70   52     1.00000000000000E-99   1.00000000000000E-99
 71   52     1.00000000000000E-99   1.00000000000000E-99
 72   52     1.00000000000000E-99   1.00000000000000E-99
 73   52     1.00000000000000E-99   1.00000000000000E-99
 74   52     1.00000000000000E-99   1.00000000000000E-99
 75   52     1.00000000000000E-99   1.00000000000000E-99
 76   52     1.00000000000000E-99   1.00000000000000E-99
 77   52     1.00000000000000E-99   1.00000000000000E-99
 78   52     1.00000000000000E-99   1.00000000000000E-99
 79   52     1.00000000000000E-99   1.00000000000000E-99
 80   52     1.00000000000000E-99   1.00000000000000E-99
 81   52     1.00000000000000E-99   1.00000000000000E-99
 82   52     1.00000000000000E-99   1.00000000000000E-99
 83   52     1.00000000000000E-99   1.00000000000000E-99
 84   52     1.00000000000000E-99   1.00000000000000E-99
 85   52     1.00000000000000E-99   1.00000000000000E-99
 86   52     1.00000000000000E-99   1.00000000000000E-99
 87   52     1.00000000000000E-99   1.00000000000000E-99
 88   52     1.00000000000000E-99   1.00000000000000E-99
 89   52     1.00000000000000E-99   1.00000000000000E-99
 90   52     1.00000000000000E-99   1.00000000000000E-99
 91   52     1.00000000000000E-99   1.00000000000000E-99
 92   52     1.00000000000000E-99   1.00000000000000E-99
 93   52     1.00000000000000E-99   1.00000000000000E-99
 94   52     5.23505378180687E-25   7.64317852143803E-23
 95   52     5.48338053635264E-22   8.06056938843838E-20
 96   52     7.15212107892507E-20   1.05851391968091E-17
 97   52     6.37107405360898E-20   9.49290033987738E-18
 98   52     4.82399338870485E-18   7.23599008305728E-16
 99   52     4.74908055780148E-20   7.17111164228023E-18
100   52     1.05798904914546E-15   1.60814335470111E-13
101   52     2.25095235521745E-15   3.44395710348270E-13
102   52     6.14726864602501E-14   9.46679371487851E-12
103   52     4.54837152141125E-14   7.04997585818743E-12
104   52     3.88367726167938E-10   6.05853652821984E-08
105   52     1.15159669047371E-11   1.80800680404372E-09
106   52     7.36339387832781E-08   1.16341623277579E-05
107   52     3.42133875466320E-10   5.43992861991449E-08
108   52     2.15922142580571E-07   3.45475428128913E-05
109   52     3.22783598541782E-10   5.19681593652268E-08
110   52     1.54673915425411E-07   2.50571742989166E-05
111   52     8.29112760249212E-11   1.35145379920621E-08
112   52     7.44890256436248E-09   1.22162002055545E-06
113   52     3.07806158767217E-13   5.07880161965909E-11
114   52     2.78528331787469E-11   4.62357030767198E-09
115   52     3.31426545991562E-15   5.53482331805908E-13
116   52     7.15507706853004E-15   1.20205294751305E-12
117   52     4.44088897792715E-18   7.50510237269689E-16
118   52     3.23602607868597E-18   5.50124433376616E-16
119   52     3.92258306097511E-25   6.70761703426743E-23
120   52     1.33207875441583E-24   2.29117545759522E-22
121   52     1.00000000000000E-99   1.00000000000000E-99
122   52     1.00000000000000E-99   1.00000000000000E-99
123   52     1.00000000000000E-99   1.00000000000000E-99
124   52     1.00000000000000E-99   1.00000000000000E-99
 48   53     1.00000000000000E-99   1.00000000000000E-99
 49   53     1.00000000000000E-99   1.00000000000000E-99
 50   53     1.00000000000000E-99   1.00000000000000E-99
 51   53     1.00000000000000E-99   1.00000000000000E-99
 52   53     1.00000000000000E-99   1.00000000000000E-99
 53   53     1.00000000000000E-99   1.00000000000000E-99
 54   53     1.00000000000000E-99   1.00000000000000E-99
 55   53     1.00000000000000E-99   1.00000000000000E-99
 56   53     1.00000000000000E-99   1.00000000000000E-99
 57   53     1.00000000000000E-99   1.00000000000000E-99
 58   53     1.00000000000000E-99   1.00000000000000E-99
 59   53     1.00000000000000E-99   1.00000000000000E-99
 60   53     1.00000000000000E-99   1.00000000000000E-99
 61   53     1.00000000000000E-99   1.00000000000000E-99
 62   53     1.00000000000000E-99   1.00000000000000E-99
 63   53     1.00000000000000E-99   1.00000000000000E-99
 64   53     1.00000000000000E-99   1.00000000000000E-99
 65   53     1.00000000000000E-99   1.00000000000000E-99
 66   53     1.00000000000000E-99   1.00000000000000E-99
 67   53     1.00000000000000E-99   1.00000000000000E-99
 68   53     1.00000000000000E-99   1.00000000000000E-99
 69   53     1.00000000000000E-99   1.00000000000000E-99
 70   53     1.00000000000000E-99   1.00000000000000E-99
 71   53     1.00000000000000E-99   1.00000000000000E-99
 72   53     1.00000000000000E-99   1.00000000000000E-99
 73   53     1.00000000000000E-99   1.00000000000000E-99
 74   53     1.00000000000000E-99   1.00000000000000E-99
 75   53     1.00000000000000E-99   1.00000000000000E-99
 76   53     1.00000000000000E-99   1.00000000000000E-99
 77   53     1.00000000000000E-99   1.00000000000000E-99
 78   53     1.00000000000000E-99   1.00000000000000E-99
 79   53     1.00000000000000E-99   1.00000000000000E-99
 80   53     1.00000000000000E-99   1.00000000000000E-99
 81   53     1.00000000000000E-99   1.00000000000000E-99
 82   53     1.00000000000000E-99   1.00000000000000E-99
 83   53     1.00000000000000E-99   1.00000000000000E-99
 84   53     1.00000000000000E-99   1.00000000000000E-99
 85   53     1.00000000000000E-99   1.00000000000000E-99
 86   53     1.00000000000000E-99   1.00000000000000E-99
 87   53     1.00000000000000E-99   1.00000000000000E-99
 88   53     1.00000000000000E-99   1.00000000000000E-99
 89   53     1.00000000000000E-99   1.00000000000000E-99
 90   53     1.00000000000000E-99   1.00000000000000E-99
 91   53     1.00000000000000E-99   1.00000000000000E-99
 92   53     1.00000000000000E-99   1.00000000000000E-99
 93   53     1.00000000000000E-99   1.00000000000000E-99
 94   53     1.00000000000000E-99   1.00000000000000E-99
 95   53     1.00000000000000E-99   1.00000000000000E-99
 96   53     1.00000000000000E-99   1.00000000000000E-99
 97   53     1.89232616520649E-25   2.83848924780973E-23
 98   53     6.86881878849432E-21   1.03719163706264E-18
 99   53     1.16411748334971E-20   1.76945857469157E-18
100   53     4.56106376704926E-19   6.97842756358537E-17
101   53     7.29328473978871E-19   1.12316584992746E-16
102   53     2.94645545631800E-17   4.56700595729290E-15
103   53     5.27912388726528E-16   8.23543326413383E-14
104   53     4.92903340967861E-14   7.73858245319541E-12
105   53     1.18585985481856E-14   1.87365857061333E-12
106   53     2.52901549005899E-12   4.02113462919379E-10
107   53     3.38802659247708E-13   5.42084254796333E-11
108   53     2.32335598766778E-09   3.74060314014513E-07
109   53     1.03245472460578E-10   1.67257665386136E-08
110   53     2.62841223146249E-07   4.28431193728386E-05
111   53     1.74982412944903E-09   2.86971157229640E-07
112   53     1.19604930213737E-07   1.97348134852667E-05
113   53     2.37875507605626E-10   3.94873342625339E-08
114   53     2.55529964571487E-08   4.26735040834383E-06
115   53     1.10509404078845E-10   1.85655798852459E-08
116   53     9.87822130291942E-10   1.66941940019338E-07
117   53     4.67835091308290E-13   7.95319655224092E-11
118   53     3.06335733595423E-11   5.23834104448174E-09
119   53     2.15479644337908E-16   3.70624988261202E-14
120   53     3.76519175736485E-16   6.51378174024119E-14
121   53     4.46816105347366E-21   7.77460023304418E-19
122   53     1.28873716315029E-20   2.25529003551302E-18
123   53     1.93333617385396E-23   3.40267166598297E-21
124   53     1.00000000000000E-99   1.00000000000000E-99
125   53     1.00000000000000E-99   1.00000000000000E-99
126   53     1.00000000000000E-99   1.00000000000000E-99
 49   54     1.00000000000000E-99   1.00000000000000E-99
 50   54     1.00000000000000E-99   1.00000000000000E-99
 51   54     1.00000000000000E-99   1.00000000000000E-99
 52   54     1.00000000000000E-99   1.00000000000000E-99
 53   54     1.00000000000000E-99   1.00000000000000E-99
 54   54     1.00000000000000E-99   1.00000000000000E-99
 55   54     1.00000000000000E-99   1.00000000000000E-99
 56   54     1.00000000000000E-99   1.00000000000000E-99
 57   54     1.00000000000000E-99   1.00000000000000E-99
 58   54     1.00000000000000E-99   1.00000000000000E-99
 59   54     1.00000000000000E-99   1.00000000000000E-99
 60   54     1.00000000000000E-99   1.00000000000000E-99
 61   54     1.00000000000000E-99   1.00000000000000E-99
 62   54     1.00000000000000E-99   1.00000000000000E-99
 63   54     1.00000000000000E-99   1.00000000000000E-99
 64   54     1.00000000000000E-99   1.00000000000000E-99
 65   54     1.00000000000000E-99   1.00000000000000E-99
 66   54     1.00000000000000E-99   1.00000000000000E-99
 67   54     1.00000000000000E-99   1.00000000000000E-99
 68   54     1.00000000000000E-99   1.00000000000000E-99
 69   54     1.00000000000000E-99   1.00000000000000E-99
 70   54     1.00000000000000E-99   1.00000000000000E-99
 71   54     1.00000000000000E-99   1.00000000000000E-99
 72   54     1.00000000000000E-99   1.00000000000000E-99
 73   54     1.00000000000000E-99   1.00000000000000E-99
 74   54     1.00000000000000E-99   1.00000000000000E-99
 75   54     1.00000000000000E-99   1.00000000000000E-99
 76   54     1.00000000000000E-99   1.00000000000000E-99
 77   54     1.00000000000000E-99   1.00000000000000E-99
 78   54     1.00000000000000E-99   1.00000000000000E-99
 79   54     1.00000000000000E-99   1.00000000000000E-99
 80   54     1.00000000000000E-99   1.00000000000000E-99
 81   54     1.00000000000000E-99   1.00000000000000E-99
 82   54     1.00000000000000E-99   1.00000000000000E-99
 83   54     1.00000000000000E-99   1.00000000000000E-99
 84   54     1.00000000000000E-99   1.00000000000000E-99
 85   54     1.00000000000000E-99   1.00000000000000E-99
 86   54     1.00000000000000E-99   1.00000000000000E-99
 87   54     1.00000000000000E-99   1.00000000000000E-99
 88   54     1.00000000000000E-99   1.00000000000000E-99
 89   54     1.00000000000000E-99   1.00000000000000E-99
 90   54     1.00000000000000E-99   1.00000000000000E-99
 91   54     1.00000000000000E-99   1.00000000000000E-99
 92   54     1.00000000000000E-99   1.00000000000000E-99
 93   54     1.00000000000000E-99   1.00000000000000E-99
 94   54     1.00000000000000E-99   1.00000000000000E-99
 95   54     1.00000000000000E-99   1.00000000000000E-99
 96   54     1.00000000000000E-99   1.00000000000000E-99
 97   54     1.00000000000000E-99   1.00000000000000E-99
 98   54     1.37914056484827E-25   2.09629365856937E-23
 99   54     1.26350662256817E-25   1.93316513252930E-23
100   54     1.06627628382631E-20   1.64206547709252E-18
101   54     1.84561436011966E-20   2.86070225818548E-18
102   54     1.10625194865612E-18   1.72575303990355E-16
103   54     7.72552649946353E-19   1.21290766041578E-16
104   54     6.13611763570135E-17   9.69506586440813E-15
105   54     1.03771626988141E-16   1.64996886911145E-14
106   54     2.00857168524526E-14   3.21371469639242E-12
107   54     2.18579957308654E-14   3.51913731266933E-12
108   54     9.05389092122370E-13   1.46673032923824E-10
109   54     4.12381274797482E-14   6.72181477919896E-12
110   54     9.53501351689341E-11   1.56374221677052E-08
111   54     2.08166793493127E-12   3.43475209263659E-10
112   54     8.15861009966033E-08   1.35432927654362E-05
113   54     1.50079086036255E-10   2.50632073680546E-08
114   54     6.34531519606520E-08   1.06601295293895E-05
115   54     4.69177499646195E-10   7.92909974402069E-08
116   54     3.54015129924999E-07   6.01825720872498E-05
117   54     1.43577518119246E-10   2.45517555983910E-08
118   54     1.41133376870189E-08   2.42749408216725E-06
119   54     2.54273765166711E-12   4.39893613738410E-10
120   54     6.92722158647947E-11   1.20533655604743E-08
121   54     5.75210174144929E-15   1.00661780475363E-12
122   54     1.29707670101970E-12   2.28285499379467E-10
123   54     1.37934768641490E-15   2.44144540495437E-13
124   54     5.03865905444255E-14   8.96881311690774E-12
125   54     7.03922670028097E-17   1.26002157935029E-14
126   54     2.40637281090464E-17   4.33147105962835E-15
127   54     1.00000000000000E-99   1.00000000000000E-99
128   54     1.00000000000000E-99   1.00000000000000E-99
 51   55     1.00000000000000E-99   1.00000000000000E-99
 52   55     1.00000000000000E-99   1.00000000000000E-99
 53   55     1.00000000000000E-99   1.00000000000000E-99
 54   55     1.00000000000000E-99   1.00000000000000E-99
 55   55     1.00000000000000E-99   1.00000000000000E-99
 56   55     1.00000000000000E-99   1.00000000000000E-99
 57   55     1.00000000000000E-99   1.00000000000000E-99
 58   55     1.00000000000000E-99   1.00000000000000E-99
 59   55     1.00000000000000E-99   1.00000000000000E-99
 60   55     1.00000000000000E-99   1.00000000000000E-99
 61   55     1.00000000000000E-99   1.00000000000000E-99
 62   55     1.00000000000000E-99   1.00000000000000E-99
 63   55     1.00000000000000E-99   1.00000000000000E-99
 64   55     1.00000000000000E-99   1.00000000000000E-99
 65   55     1.00000000000000E-99   1.00000000000000E-99
 66   55     1.00000000000000E-99   1.00000000000000E-99
 67   55     1.00000000000000E-99   1.00000000000000E-99
 68   55     1.00000000000000E-99   1.00000000000000E-99
 69   55     1.00000000000000E-99   1.00000000000000E-99
 70   55     1.00000000000000E-99   1.00000000000000E-99
 71   55     1.00000000000000E-99   1.00000000000000E-99
 72   55     1.00000000000000E-99   1.00000000000000E-99
 73   55     1.00000000000000E-99   1.00000000000000E-99
 74   55     1.00000000000000E-99   1.00000000000000E-99
 75   55     1.00000000000000E-99   1.00000000000000E-99
 76   55     1.00000000000000E-99   1.00000000000000E-99
 77   55     1.00000000000000E-99   1.00000000000000E-99
 78   55     1.00000000000000E-99   1.00000000000000E-99
 79   55     1.00000000000000E-99   1.00000000000000E-99
 80   55     1.00000000000000E-99   1.00000000000000E-99
 81   55     1.00000000000000E-99   1.00000000000000E-99
 82   55     1.00000000000000E-99   1.00000000000000E-99
 83   55     1.00000000000000E-99   1.00000000000000E-99
 84   55     1.00000000000000E-99   1.00000000000000E-99
 85   55     1.00000000000000E-99   1.00000000000000E-99
 86   55     1.00000000000000E-99   1.00000000000000E-99
 87   55     1.00000000000000E-99   1.00000000000000E-99
 88   55     1.00000000000000E-99   1.00000000000000E-99
 89   55     1.00000000000000E-99   1.00000000000000E-99
 90   55     1.00000000000000E-99   1.00000000000000E-99
 91   55     1.00000000000000E-99   1.00000000000000E-99
 92   55     1.00000000000000E-99   1.00000000000000E-99
 93   55     1.00000000000000E-99   1.00000000000000E-99
 94   55     1.00000000000000E-99   1.00000000000000E-99
 95   55     1.00000000000000E-99   1.00000000000000E-99
 96   55     1.00000000000000E-99   1.00000000000000E-99
 97   55     1.00000000000000E-99   1.00000000000000E-99
 98   55     1.00000000000000E-99   1.00000000000000E-99
 99   55     1.00000000000000E-99   1.00000000000000E-99
100   55     1.00000000000000E-99   1.00000000000000E-99
101   55     1.00000000000000E-99   1.00000000000000E-99
102   55     1.71621078526379E-21   2.69445093286415E-19
103   55     3.63365960657548E-21   5.74118217838926E-19
104   55     1.70000575418618E-19   2.70300914915602E-17
105   55     1.33484572371004E-19   2.13575315793606E-17
106   55     2.65999043108866E-18   4.28258459405274E-16
107   55     1.79317588512052E-18   2.90494493389525E-16
108   55     2.12432558059939E-16   3.46265069637701E-14
109   55     1.08945709744942E-15   1.78670963981705E-13
110   55     2.53044851873169E-14   4.17524005590729E-12
111   55     6.31252013031885E-15   1.04787834163293E-12
112   55     9.09066875447582E-13   1.51814168199746E-10
113   55     1.08004936833493E-13   1.81448293880268E-11
114   55     1.19345816983222E-10   2.01694430701645E-08
115   55     1.09006472478080E-11   1.85311003212737E-09
116   55     1.09237257873183E-08   1.86795710963143E-06
117   55     6.00634055163634E-10   1.03309057488145E-07
118   55     2.26979920336296E-07   3.92675262181792E-05
119   55     3.92511260613166E-09   6.82969593466909E-07
120   55     1.09122913242165E-08   1.90965098173789E-06
121   55     3.94058855745069E-11   6.93543586111321E-09
122   55     1.35034768166664E-08   2.39011539654996E-06
123   55     3.56372990877071E-10   6.34343923761186E-08
124   55     6.79639879140608E-08   1.21655538366169E-05
125   55     2.44304064597212E-09   4.39747316274982E-07
126   55     5.14364778594804E-09   9.31000249256595E-07
127   55     3.48584421157130E-22   6.34423646505977E-20
128   55     1.00000000000000E-99   1.00000000000000E-99
129   55     1.00000000000000E-99   1.00000000000000E-99
130   55     1.00000000000000E-99   1.00000000000000E-99
 52   56     1.00000000000000E-99   1.00000000000000E-99
 53   56     1.00000000000000E-99   1.00000000000000E-99
 54   56     1.00000000000000E-99   1.00000000000000E-99
 55   56     1.00000000000000E-99   1.00000000000000E-99
 56   56     1.00000000000000E-99   1.00000000000000E-99
 57   56     1.00000000000000E-99   1.00000000000000E-99
 58   56     1.00000000000000E-99   1.00000000000000E-99
 59   56     1.00000000000000E-99   1.00000000000000E-99
 60   56     1.00000000000000E-99   1.00000000000000E-99
 61   56     1.00000000000000E-99   1.00000000000000E-99
 62   56     1.00000000000000E-99   1.00000000000000E-99
 63   56     1.00000000000000E-99   1.00000000000000E-99
 64   56     1.00000000000000E-99   1.00000000000000E-99
 65   56     1.00000000000000E-99   1.00000000000000E-99
 66   56     1.00000000000000E-99   1.00000000000000E-99
 67   56     1.00000000000000E-99   1.00000000000000E-99
 68   56     1.00000000000000E-99   1.00000000000000E-99
 69   56     1.00000000000000E-99   1.00000000000000E-99
 70   56     1.00000000000000E-99   1.00000000000000E-99
 71   56     1.00000000000000E-99   1.00000000000000E-99
 72   56     1.00000000000000E-99   1.00000000000000E-99
 73   56     1.00000000000000E-99   1.00000000000000E-99
 74   56     1.00000000000000E-99   1.00000000000000E-99
 75   56     1.00000000000000E-99   1.00000000000000E-99
 76   56     1.00000000000000E-99   1.00000000000000E-99
 77   56     1.00000000000000E-99   1.00000000000000E-99
 78   56     1.00000000000000E-99   1.00000000000000E-99
 79   56     1.00000000000000E-99   1.00000000000000E-99
 80   56     1.00000000000000E-99   1.00000000000000E-99
 81   56     1.00000000000000E-99   1.00000000000000E-99
 82   56     1.00000000000000E-99   1.00000000000000E-99
 83   56     1.00000000000000E-99   1.00000000000000E-99
 84   56     1.00000000000000E-99   1.00000000000000E-99
 85   56     1.00000000000000E-99   1.00000000000000E-99
 86   56     1.00000000000000E-99   1.00000000000000E-99
 87   56     1.00000000000000E-99   1.00000000000000E-99
 88   56     1.00000000000000E-99   1.00000000000000E-99
 89   56     1.00000000000000E-99   1.00000000000000E-99
 90   56     1.00000000000000E-99   1.00000000000000E-99
 91   56     1.00000000000000E-99   1.00000000000000E-99
 92   56     1.00000000000000E-99   1.00000000000000E-99
 93   56     1.00000000000000E-99   1.00000000000000E-99
 94   56     1.00000000000000E-99   1.00000000000000E-99
 95   56     1.00000000000000E-99   1.00000000000000E-99
 96   56     1.00000000000000E-99   1.00000000000000E-99
 97   56     1.00000000000000E-99   1.00000000000000E-99
 98   56     1.00000000000000E-99   1.00000000000000E-99
 99   56     1.00000000000000E-99   1.00000000000000E-99
100   56     1.00000000000000E-99   1.00000000000000E-99
101   56     1.00000000000000E-99   1.00000000000000E-99
102   56     1.00000000000000E-99   1.00000000000000E-99
103   56     1.04491523810358E-25   1.66141522858470E-23
104   56     1.40330306910715E-23   2.24528491057144E-21
105   56     3.06388615814454E-21   4.93285671461271E-19
106   56     2.01503840252795E-19   3.26436221209528E-17
107   56     9.34834038836651E-20   1.52377948330374E-17
108   56     2.97245694431959E-18   4.87482938868412E-16
109   56     3.15360555152605E-19   5.20344916001799E-17
110   56     1.70970474460139E-17   2.83810987603831E-15
111   56     4.72537217971855E-18   7.89137154012998E-16
112   56     7.00144283614646E-16   1.17624239647261E-13
113   56     1.27938656529868E-15   2.16216329535478E-13
114   56     2.28466551465169E-13   3.88393137490787E-11
115   56     7.32522931269780E-14   1.25261421247132E-11
116   56     1.51705087193421E-12   2.60932749972684E-10
117   56     3.62072593640571E-13   6.26385586998187E-11
118   56     4.43416611523002E-11   7.71544904050023E-09
119   56     1.58235835193024E-12   2.76912711587793E-10
120   56     2.80830971389094E-11   4.94262509644806E-09
121   56     5.70944462145107E-13   1.01057169799684E-10
122   56     2.46340590877939E-10   4.38486251762731E-08
123   56     2.87586142050839E-11   5.14779194271003E-09
124   56     8.47578645721616E-08   1.52564156229891E-05
125   56     1.83034096502664E-08   3.31291714669822E-06
126   56     2.16929894399327E-07   3.94812407806775E-05
127   56     4.18201024985855E-20   7.65307875724114E-18
128   56     1.00000000000000E-99   1.00000000000000E-99
129   56     1.00000000000000E-99   1.00000000000000E-99
130   56     1.00000000000000E-99   1.00000000000000E-99
131   56     1.00000000000000E-99   1.00000000000000E-99
132   56     1.00000000000000E-99   1.00000000000000E-99
133   56     1.00000000000000E-99   1.00000000000000E-99
 53   57     1.00000000000000E-99   1.00000000000000E-99
 54   57     1.00000000000000E-99   1.00000000000000E-99
 55   57     1.00000000000000E-99   1.00000000000000E-99
 56   57     1.00000000000000E-99   1.00000000000000E-99
 57   57     1.00000000000000E-99   1.00000000000000E-99
 58   57     1.00000000000000E-99   1.00000000000000E-99
 59   57     1.00000000000000E-99   1.00000000000000E-99
 60   57     1.00000000000000E-99   1.00000000000000E-99
 61   57     1.00000000000000E-99   1.00000000000000E-99
 62   57     1.00000000000000E-99   1.00000000000000E-99
 63   57     1.00000000000000E-99   1.00000000000000E-99
 64   57     1.00000000000000E-99   1.00000000000000E-99
 65   57     1.00000000000000E-99   1.00000000000000E-99
 66   57     1.00000000000000E-99   1.00000000000000E-99
 67   57     1.00000000000000E-99   1.00000000000000E-99
 68   57     1.00000000000000E-99   1.00000000000000E-99
 69   57     1.00000000000000E-99   1.00000000000000E-99
 70   57     1.00000000000000E-99   1.00000000000000E-99
 71   57     1.00000000000000E-99   1.00000000000000E-99
 72   57     1.00000000000000E-99   1.00000000000000E-99
 73   57     1.00000000000000E-99   1.00000000000000E-99
 74   57     1.00000000000000E-99   1.00000000000000E-99
 75   57     1.00000000000000E-99   1.00000000000000E-99
 76   57     1.00000000000000E-99   1.00000000000000E-99
 77   57     1.00000000000000E-99   1.00000000000000E-99
 78   57     1.00000000000000E-99   1.00000000000000E-99
 79   57     1.00000000000000E-99   1.00000000000000E-99
 80   57     1.00000000000000E-99   1.00000000000000E-99
 81   57     1.00000000000000E-99   1.00000000000000E-99
 82   57     1.00000000000000E-99   1.00000000000000E-99
 83   57     1.00000000000000E-99   1.00000000000000E-99
 84   57     1.00000000000000E-99   1.00000000000000E-99
 85   57     1.00000000000000E-99   1.00000000000000E-99
 86   57     1.00000000000000E-99   1.00000000000000E-99
 87   57     1.00000000000000E-99   1.00000000000000E-99
 88   57     1.00000000000000E-99   1.00000000000000E-99
 89   57     1.00000000000000E-99   1.00000000000000E-99
 90   57     1.00000000000000E-99   1.00000000000000E-99
 91   57     1.00000000000000E-99   1.00000000000000E-99
 92   57     1.00000000000000E-99   1.00000000000000E-99
 93   57     1.00000000000000E-99   1.00000000000000E-99
 94   57     1.00000000000000E-99   1.00000000000000E-99
 95   57     1.00000000000000E-99   1.00000000000000E-99
 96   57     1.00000000000000E-99   1.00000000000000E-99
 97   57     1.00000000000000E-99   1.00000000000000E-99
 98   57     1.00000000000000E-99   1.00000000000000E-99
 99   57     1.00000000000000E-99   1.00000000000000E-99
100   57     1.00000000000000E-99   1.00000000000000E-99
101   57     1.00000000000000E-99   1.00000000000000E-99
102   57     1.00000000000000E-99   1.00000000000000E-99
103   57     1.00000000000000E-99   1.00000000000000E-99
104   57     1.00000000000000E-99   1.00000000000000E-99
105   57     1.00000000000000E-99   1.00000000000000E-99
106   57     1.47326235828330E-24   2.40141764400178E-22
107   57     6.11367232720384E-24   1.00264226166143E-21
108   57     5.42220532830351E-21   8.94663879170079E-19
109   57     5.12616769239349E-21   8.50943836937320E-19
110   57     1.10207493435847E-19   1.84046514037865E-17
111   57     3.62642992015184E-20   6.09240226585509E-18
112   57     6.90700642319121E-19   1.16728408551931E-16
113   57     3.99877257782742E-19   6.79791338230661E-17
114   57     2.03917058633527E-17   3.48698170263330E-15
115   57     9.76587389909112E-18   1.67973031064367E-15
116   57     2.94843811995405E-16   5.10079794752051E-14
117   57     1.46797004130871E-16   2.55426787187715E-14
118   57     6.82731586940183E-15   1.19478027714532E-12
119   57     1.71303255642530E-15   3.01493729930852E-13
120   57     8.93754974054235E-15   1.58194630407600E-12
121   57     8.08756926210060E-15   1.43958732865391E-12
122   57     1.02980561554142E-13   1.84335205181915E-11
123   57     2.94462610727681E-13   5.30032699309826E-11
124   57     1.05088399558024E-09   1.90210003200024E-07
125   57     2.24545392932907E-09   4.08672615137890E-07
126   57     3.54630269846956E-07   6.48973393819929E-05
127   57     2.60225154870475E-17   4.78814284961673E-15
128   57     4.56007473432301E-24   8.43613825849757E-22
129   57     1.00000000000000E-99   1.00000000000000E-99
130   57     1.00000000000000E-99   1.00000000000000E-99
131   57     1.00000000000000E-99   1.00000000000000E-99
132   57     1.00000000000000E-99   1.00000000000000E-99
133   57     1.00000000000000E-99   1.00000000000000E-99
134   57     1.00000000000000E-99   1.00000000000000E-99
135   57     1.00000000000000E-99   1.00000000000000E-99
 55   58     1.00000000000000E-99   1.00000000000000E-99
 56   58     1.00000000000000E-99   1.00000000000000E-99
 57   58     1.00000000000000E-99   1.00000000000000E-99
 58   58     1.00000000000000E-99   1.00000000000000E-99
 59   58     1.00000000000000E-99   1.00000000000000E-99
 60   58     1.00000000000000E-99   1.00000000000000E-99
 61   58     1.00000000000000E-99   1.00000000000000E-99
 62   58     1.00000000000000E-99   1.00000000000000E-99
 63   58     1.00000000000000E-99   1.00000000000000E-99
 64   58     1.00000000000000E-99   1.00000000000000E-99
 65   58     1.00000000000000E-99   1.00000000000000E-99
 66   58     1.00000000000000E-99   1.00000000000000E-99
 67   58     1.00000000000000E-99   1.00000000000000E-99
 68   58     1.00000000000000E-99   1.00000000000000E-99
 69   58     1.00000000000000E-99   1.00000000000000E-99
 70   58     1.00000000000000E-99   1.00000000000000E-99
 71   58     1.00000000000000E-99   1.00000000000000E-99
 72   58     1.00000000000000E-99   1.00000000000000E-99
 73   58     1.00000000000000E-99   1.00000000000000E-99
 74   58     1.00000000000000E-99   1.00000000000000E-99
 75   58     1.00000000000000E-99   1.00000000000000E-99
 76   58     1.00000000000000E-99   1.00000000000000E-99
 77   58     1.00000000000000E-99   1.00000000000000E-99
 78   58     1.00000000000000E-99   1.00000000000000E-99
 79   58     1.00000000000000E-99   1.00000000000000E-99
 80   58     1.00000000000000E-99   1.00000000000000E-99
 81   58     1.00000000000000E-99   1.00000000000000E-99
 82   58     1.00000000000000E-99   1.00000000000000E-99
 83   58     1.00000000000000E-99   1.00000000000000E-99
 84   58     1.00000000000000E-99   1.00000000000000E-99
 85   58     1.00000000000000E-99   1.00000000000000E-99
 86   58     1.00000000000000E-99   1.00000000000000E-99
 87   58     1.00000000000000E-99   1.00000000000000E-99
 88   58     1.00000000000000E-99   1.00000000000000E-99
 89   58     1.00000000000000E-99   1.00000000000000E-99
 90   58     1.00000000000000E-99   1.00000000000000E-99
 91   58     1.00000000000000E-99   1.00000000000000E-99
 92   58     1.00000000000000E-99   1.00000000000000E-99
 93   58     1.00000000000000E-99   1.00000000000000E-99
 94   58     1.00000000000000E-99   1.00000000000000E-99
 95   58     1.00000000000000E-99   1.00000000000000E-99
 96   58     1.00000000000000E-99   1.00000000000000E-99
 97   58     1.00000000000000E-99   1.00000000000000E-99
 98   58     1.00000000000000E-99   1.00000000000000E-99
 99   58     1.00000000000000E-99   1.00000000000000E-99
100   58     1.00000000000000E-99   1.00000000000000E-99
101   58     1.00000000000000E-99   1.00000000000000E-99
102   58     1.00000000000000E-99   1.00000000000000E-99
103   58     1.00000000000000E-99   1.00000000000000E-99
104   58     1.00000000000000E-99   1.00000000000000E-99
105   58     1.00000000000000E-99   1.00000000000000E-99
106   58     1.00000000000000E-99   1.00000000000000E-99
107   58     1.00000000000000E-99   1.00000000000000E-99
108   58     7.54536721689174E-24   1.25253095800403E-21
109   58     3.46596240932808E-24   5.78815722357790E-22
110   58     3.95760331939359E-22   6.64877357658124E-20
111   58     9.86661318799283E-22   1.66745762877079E-19
112   58     4.68583409631973E-20   7.96591796374353E-18
113   58     2.15606751076606E-20   3.68687544340996E-18
114   58     9.66079283705331E-19   1.66165636797317E-16
115   58     7.47410935195634E-19   1.29302091788845E-16
116   58     3.93572839492692E-17   6.84816740717284E-15
117   58     3.05341945382889E-17   5.34348404420056E-15
118   58     5.98664564215938E-15   1.05364963302005E-12
119   58     3.65887800787901E-16   6.47621407394585E-14
120   58     4.28752260962197E-15   7.63179024512710E-13
121   58     8.69496068867318E-16   1.55639796327250E-13
122   58     2.69152968361610E-14   4.84475343050899E-12
123   58     1.53911621082809E-13   2.78580034159885E-11
124   58     2.14704925839552E-11   3.90762965027985E-09
125   58     1.24209138275499E-10   2.27302723044163E-08
126   58     5.78717706464190E-07   1.06484057989411E-04
127   58     6.26727617844686E-17   1.15944609301267E-14
128   58     6.58749077616369E-20   1.22527328436645E-17
129   58     7.47128456423256E-21   1.39713021351149E-18
130   58     1.00000000000000E-99   1.00000000000000E-99
131   58     1.00000000000000E-99   1.00000000000000E-99
132   58     1.00000000000000E-99   1.00000000000000E-99
133   58     1.00000000000000E-99   1.00000000000000E-99
134   58     1.00000000000000E-99   1.00000000000000E-99
135   58     1.00000000000000E-99   1.00000000000000E-99
136   58     1.00000000000000E-99   1.00000000000000E-99
137   58     1.00000000000000E-99   1.00000000000000E-99
 56   59     1.00000000000000E-99   1.00000000000000E-99
 57   59     1.00000000000000E-99   1.00000000000000E-99
 58   59     1.00000000000000E-99   1.00000000000000E-99
 59   59     1.00000000000000E-99   1.00000000000000E-99
 60   59     1.00000000000000E-99   1.00000000000000E-99
 61   59     1.00000000000000E-99   1.00000000000000E-99
 62   59     1.00000000000000E-99   1.00000000000000E-99
 63   59     1.00000000000000E-99   1.00000000000000E-99
 64   59     1.00000000000000E-99   1.00000000000000E-99
 65   59     1.00000000000000E-99   1.00000000000000E-99
 66   59     1.00000000000000E-99   1.00000000000000E-99
 67   59     1.00000000000000E-99   1.00000000000000E-99
 68   59     1.00000000000000E-99   1.00000000000000E-99
 69   59     1.00000000000000E-99   1.00000000000000E-99
 70   59     1.00000000000000E-99   1.00000000000000E-99
 71   59     1.00000000000000E-99   1.00000000000000E-99
 72   59     1.00000000000000E-99   1.00000000000000E-99
 73   59     1.00000000000000E-99   1.00000000000000E-99
 74   59     1.00000000000000E-99   1.00000000000000E-99
 75   59     1.00000000000000E-99   1.00000000000000E-99
 76   59     1.00000000000000E-99   1.00000000000000E-99
 77   59     1.00000000000000E-99   1.00000000000000E-99
 78   59     1.00000000000000E-99   1.00000000000000E-99
 79   59     1.00000000000000E-99   1.00000000000000E-99
 80   59     1.00000000000000E-99   1.00000000000000E-99
 81   59     1.00000000000000E-99   1.00000000000000E-99
 82   59     1.00000000000000E-99   1.00000000000000E-99
 83   59     1.00000000000000E-99   1.00000000000000E-99
 84   59     1.00000000000000E-99   1.00000000000000E-99
 85   59     1.00000000000000E-99   1.00000000000000E-99
 86   59     1.00000000000000E-99   1.00000000000000E-99
 87   59     1.00000000000000E-99   1.00000000000000E-99
 88   59     1.00000000000000E-99   1.00000000000000E-99
 89   59     1.00000000000000E-99   1.00000000000000E-99
 90   59     1.00000000000000E-99   1.00000000000000E-99
 91   59     1.00000000000000E-99   1.00000000000000E-99
 92   59     1.00000000000000E-99   1.00000000000000E-99
 93   59     1.00000000000000E-99   1.00000000000000E-99
 94   59     1.00000000000000E-99   1.00000000000000E-99
 95   59     1.00000000000000E-99   1.00000000000000E-99
 96   59     1.00000000000000E-99   1.00000000000000E-99
 97   59     1.00000000000000E-99   1.00000000000000E-99
 98   59     1.00000000000000E-99   1.00000000000000E-99
 99   59     1.00000000000000E-99   1.00000000000000E-99
100   59     1.00000000000000E-99   1.00000000000000E-99
101   59     1.00000000000000E-99   1.00000000000000E-99
102   59     1.00000000000000E-99   1.00000000000000E-99
103   59     1.00000000000000E-99   1.00000000000000E-99
104   59     1.00000000000000E-99   1.00000000000000E-99
105   59     1.00000000000000E-99   1.00000000000000E-99
106   59     1.00000000000000E-99   1.00000000000000E-99
107   59     1.00000000000000E-99   1.00000000000000E-99
108   59     1.00000000000000E-99   1.00000000000000E-99
109   59     1.00000000000000E-99   1.00000000000000E-99
110   59     1.37318632001121E-24   2.32068488081895E-22
111   59     1.73659866753563E-24   2.95221773481057E-22
112   59     4.18786861492967E-23   7.16125533152974E-21
113   59     6.27416286330750E-23   1.07915601248889E-20
114   59     2.59816506146213E-21   4.49482555632948E-19
115   59     2.76461689950669E-21   4.81043340514165E-19
116   59     9.47114385015099E-20   1.65745017377642E-17
117   59     1.67406511113207E-19   2.94635459559245E-17
118   59     3.23514262962084E-17   5.72620245442889E-15
119   59     4.85422797420462E-18   8.64052579408422E-16
120   59     5.84541549306667E-17   1.04632937325893E-14
121   59     2.50692686370283E-17   4.51246835466509E-15
122   59     1.98257642620172E-16   3.58846333142511E-14
123   59     2.15869675866839E-15   3.92882810077647E-13
124   59     1.74008736202408E-12   3.18435987250406E-10
125   59     1.90250742580053E-10   3.50061366347298E-08
126   59     7.41196565392358E-07   1.37121364597586E-04
127   59     7.24970672657011E-15   1.34844545114204E-12
128   59     1.99793345053675E-18   3.73613555250372E-16
129   59     2.06757337784739E-18   3.88703795035310E-16
130   59     4.11607340642018E-20   7.77937873813414E-18
131   59     8.49655883059584E-21   1.61434617781321E-18
132   59     5.74755924837643E-25   1.09778381643990E-22
133   59     1.00000000000000E-99   1.00000000000000E-99
134   59     1.00000000000000E-99   1.00000000000000E-99
135   59     1.00000000000000E-99   1.00000000000000E-99
136   59     1.00000000000000E-99   1.00000000000000E-99
137   59     1.00000000000000E-99   1.00000000000000E-99
138   59     1.00000000000000E-99   1.00000000000000E-99
139   59     1.00000000000000E-99   1.00000000000000E-99
 58   60     1.00000000000000E-99   1.00000000000000E-99
 59   60     1.00000000000000E-99   1.00000000000000E-99
 60   60     1.00000000000000E-99   1.00000000000000E-99
 61   60     1.00000000000000E-99   1.00000000000000E-99
 62   60     1.00000000000000E-99   1.00000000000000E-99
 63   60     1.00000000000000E-99   1.00000000000000E-99
 64   60     1.00000000000000E-99   1.00000000000000E-99
 65   60     1.00000000000000E-99   1.00000000000000E-99
 66   60     1.00000000000000E-99   1.00000000000000E-99
 67   60     1.00000000000000E-99   1.00000000000000E-99
 68   60     1.00000000000000E-99   1.00000000000000E-99
 69   60     1.00000000000000E-99   1.00000000000000E-99
 70   60     1.00000000000000E-99   1.00000000000000E-99
 71   60     1.00000000000000E-99   1.00000000000000E-99
 72   60     1.00000000000000E-99   1.00000000000000E-99
 73   60     1.00000000000000E-99   1.00000000000000E-99
 74   60     1.00000000000000E-99   1.00000000000000E-99
 75   60     1.00000000000000E-99   1.00000000000000E-99
 76   60     1.00000000000000E-99   1.00000000000000E-99
 77   60     1.00000000000000E-99   1.00000000000000E-99
 78   60     1.00000000000000E-99   1.00000000000000E-99
 79   60     1.00000000000000E-99   1.00000000000000E-99
 80   60     1.00000000000000E-99   1.00000000000000E-99
 81   60     1.00000000000000E-99   1.00000000000000E-99
 82   60     1.00000000000000E-99   1.00000000000000E-99
 83   60     1.00000000000000E-99   1.00000000000000E-99
 84   60     1.00000000000000E-99   1.00000000000000E-99
 85   60     1.00000000000000E-99   1.00000000000000E-99
 86   60     1.00000000000000E-99   1.00000000000000E-99
 87   60     1.00000000000000E-99   1.00000000000000E-99
 88   60     1.00000000000000E-99   1.00000000000000E-99
 89   60     1.00000000000000E-99   1.00000000000000E-99
 90   60     1.00000000000000E-99   1.00000000000000E-99
 91   60     1.00000000000000E-99   1.00000000000000E-99
 92   60     1.00000000000000E-99   1.00000000000000E-99
 93   60     1.00000000000000E-99   1.00000000000000E-99
 94   60     1.00000000000000E-99   1.00000000000000E-99
 95   60     1.00000000000000E-99   1.00000000000000E-99
 96   60     1.00000000000000E-99   1.00000000000000E-99
 97   60     1.00000000000000E-99   1.00000000000000E-99
 98   60     1.00000000000000E-99   1.00000000000000E-99
 99   60     1.00000000000000E-99   1.00000000000000E-99
100   60     1.00000000000000E-99   1.00000000000000E-99
101   60     1.00000000000000E-99   1.00000000000000E-99
102   60     1.00000000000000E-99   1.00000000000000E-99
103   60     1.00000000000000E-99   1.00000000000000E-99
104   60     1.00000000000000E-99   1.00000000000000E-99
105   60     1.00000000000000E-99   1.00000000000000E-99
106   60     1.00000000000000E-99   1.00000000000000E-99
107   60     1.00000000000000E-99   1.00000000000000E-99
108   60     1.00000000000000E-99   1.00000000000000E-99
109   60     1.00000000000000E-99   1.00000000000000E-99
110   60     1.00000000000000E-99   1.00000000000000E-99
111   60     1.00000000000000E-99   1.00000000000000E-99
112   60     4.79488632060653E-24   8.24720447144323E-22
113   60     5.09948012094230E-24   8.82210060923018E-22
114   60     2.85273646420030E-22   4.96376144770853E-20
115   60     2.60606019773199E-22   4.56060534603098E-20
116   60     8.91864666031855E-21   1.56968181221607E-18
117   60     8.43753263717502E-21   1.49344327677998E-18
118   60     6.25242269442446E-18   1.11293123960755E-15
119   60     2.56611395138823E-19   4.59334397298494E-17
120   60     7.12287273447105E-18   1.28211709220479E-15
121   60     5.49093269378996E-18   9.93858817575984E-16
122   60     1.28541867020803E-16   2.33946197977861E-14
123   60     5.46956628400568E-14   1.00093062997304E-11
124   60     3.13492959030158E-13   5.76827044615490E-11
125   60     4.76817697870625E-12   8.82112741060657E-10
126   60     1.39143080060051E-06   2.58806128911695E-04
127   60     1.83812802118565E-14   3.43729939961717E-12
128   60     2.93086916184928E-16   5.51003402427664E-14
129   60     1.59508068703429E-17   3.01470249849481E-15
130   60     1.10648315424821E-17   2.10231799307159E-15
131   60     1.87609449093311E-19   3.58334047768223E-17
132   60     1.24413692275837E-19   2.38874289169608E-17
133   60     5.09357415255544E-21   9.83059811443200E-19
134   60     3.10146008491964E-24   6.01683256474410E-22
135   60     1.00000000000000E-99   1.00000000000000E-99
136   60     1.00000000000000E-99   1.00000000000000E-99
137   60     1.00000000000000E-99   1.00000000000000E-99
138   60     1.00000000000000E-99   1.00000000000000E-99
139   60     1.00000000000000E-99   1.00000000000000E-99
140   60     1.00000000000000E-99   1.00000000000000E-99
141   60     1.00000000000000E-99   1.00000000000000E-99
 59   61     1.00000000000000E-99   1.00000000000000E-99
 60   61     1.00000000000000E-99   1.00000000000000E-99
 61   61     1.00000000000000E-99   1.00000000000000E-99
 62   61     1.00000000000000E-99   1.00000000000000E-99
 63   61     1.00000000000000E-99   1.00000000000000E-99
 64   61     1.00000000000000E-99   1.00000000000000E-99
 65   61     1.00000000000000E-99   1.00000000000000E-99
 66   61     1.00000000000000E-99   1.00000000000000E-99
 67   61     1.00000000000000E-99   1.00000000000000E-99
 68   61     1.00000000000000E-99   1.00000000000000E-99
 69   61     1.00000000000000E-99   1.00000000000000E-99
 70   61     1.00000000000000E-99   1.00000000000000E-99
 71   61     1.00000000000000E-99   1.00000000000000E-99
 72   61     1.00000000000000E-99   1.00000000000000E-99
 73   61     1.00000000000000E-99   1.00000000000000E-99
 74   61     1.00000000000000E-99   1.00000000000000E-99
 75   61     1.00000000000000E-99   1.00000000000000E-99
 76   61     1.00000000000000E-99   1.00000000000000E-99
 77   61     1.00000000000000E-99   1.00000000000000E-99
 78   61     1.00000000000000E-99   1.00000000000000E-99
 79   61     1.00000000000000E-99   1.00000000000000E-99
 80   61     1.00000000000000E-99   1.00000000000000E-99
 81   61     1.00000000000000E-99   1.00000000000000E-99
 82   61     1.00000000000000E-99   1.00000000000000E-99
 83   61     1.00000000000000E-99   1.00000000000000E-99
 84   61     1.00000000000000E-99   1.00000000000000E-99
 85   61     1.00000000000000E-99   1.00000000000000E-99
 86   61     1.00000000000000E-99   1.00000000000000E-99
 87   61     1.00000000000000E-99   1.00000000000000E-99
 88   61     1.00000000000000E-99   1.00000000000000E-99
 89   61     1.00000000000000E-99   1.00000000000000E-99
 90   61     1.00000000000000E-99   1.00000000000000E-99
 91   61     1.00000000000000E-99   1.00000000000000E-99
 92   61     1.00000000000000E-99   1.00000000000000E-99
 93   61     1.00000000000000E-99   1.00000000000000E-99
 94   61     1.00000000000000E-99   1.00000000000000E-99
 95   61     1.00000000000000E-99   1.00000000000000E-99
 96   61     1.00000000000000E-99   1.00000000000000E-99
 97   61     1.00000000000000E-99   1.00000000000000E-99
 98   61     1.00000000000000E-99   1.00000000000000E-99
 99   61     1.00000000000000E-99   1.00000000000000E-99
100   61     1.00000000000000E-99   1.00000000000000E-99
101   61     1.00000000000000E-99   1.00000000000000E-99
102   61     1.00000000000000E-99   1.00000000000000E-99
103   61     1.00000000000000E-99   1.00000000000000E-99
104   61     1.00000000000000E-99   1.00000000000000E-99
105   61     1.00000000000000E-99   1.00000000000000E-99
106   61     1.00000000000000E-99   1.00000000000000E-99
107   61     1.00000000000000E-99   1.00000000000000E-99
108   61     1.00000000000000E-99   1.00000000000000E-99
109   61     1.00000000000000E-99   1.00000000000000E-99
110   61     1.00000000000000E-99   1.00000000000000E-99
111   61     1.00000000000000E-99   1.00000000000000E-99
112   61     1.00000000000000E-99   1.00000000000000E-99
113   61     1.00000000000000E-99   1.00000000000000E-99
114   61     7.37118355740823E-25   1.28995712254644E-22
115   61     1.64982927472903E-24   2.90369952352309E-22
116   61     3.84974868960351E-23   6.81405518059821E-21
117   61     6.74263985129382E-23   1.20018989353030E-20
118   61     7.21574934495218E-21   1.29161913274644E-18
119   61     1.58462090090998E-21   2.85231762163796E-19
120   61     2.90323297833922E-20   5.25485169079399E-18
121   61     3.82605661498293E-20   6.96342303926893E-18
122   61     7.28740591916906E-19   1.33359528320794E-16
123   61     3.77804612271934E-16   6.95160486580359E-14
124   61     4.60783622119088E-14   8.52449700920313E-12
125   61     6.21385856174921E-12   1.15577769248535E-09
126   61     2.21664475160988E-06   4.14512568551047E-04
127   61     8.88657907904001E-13   1.67067686685952E-10
128   61     9.20175883129837E-15   1.73913241911539E-12
129   61     1.56947548414453E-16   2.98200341987461E-14
130   61     7.92089007630363E-17   1.51289000457399E-14
131   61     9.10457633306195E-18   1.74807865594789E-15
132   61     2.78764200276117E-18   5.38014906532905E-16
133   61     8.23444854516217E-19   1.59748301776146E-16
134   61     7.22289674162069E-20   1.40846486461603E-17
135   61     5.66085384626561E-21   1.10952735386806E-18
136   61     1.79278447970871E-22   3.53178542502616E-20
137   61     1.00000000000000E-99   1.00000000000000E-99
138   61     1.00000000000000E-99   1.00000000000000E-99
139   61     1.00000000000000E-99   1.00000000000000E-99
140   61     1.00000000000000E-99   1.00000000000000E-99
141   61     1.00000000000000E-99   1.00000000000000E-99
142   61     1.00000000000000E-99   1.00000000000000E-99
143   61     1.00000000000000E-99   1.00000000000000E-99
144   61     1.00000000000000E-99   1.00000000000000E-99
 61   62     1.00000000000000E-99   1.00000000000000E-99
 62   62     1.00000000000000E-99   1.00000000000000E-99
 63   62     1.00000000000000E-99   1.00000000000000E-99
 64   62     1.00000000000000E-99   1.00000000000000E-99
 65   62     1.00000000000000E-99   1.00000000000000E-99
 66   62     1.00000000000000E-99   1.00000000000000E-99
 67   62     1.00000000000000E-99   1.00000000000000E-99
 68   62     1.00000000000000E-99   1.00000000000000E-99
 69   62     1.00000000000000E-99   1.00000000000000E-99
 70   62     1.00000000000000E-99   1.00000000000000E-99
 71   62     1.00000000000000E-99   1.00000000000000E-99
 72   62     1.00000000000000E-99   1.00000000000000E-99
 73   62     1.00000000000000E-99   1.00000000000000E-99
 74   62     1.00000000000000E-99   1.00000000000000E-99
 75   62     1.00000000000000E-99   1.00000000000000E-99
 76   62     1.00000000000000E-99   1.00000000000000E-99
 77   62     1.00000000000000E-99   1.00000000000000E-99
 78   62     1.00000000000000E-99   1.00000000000000E-99
 79   62     1.00000000000000E-99   1.00000000000000E-99
 80   62     1.00000000000000E-99   1.00000000000000E-99
 81   62     1.00000000000000E-99   1.00000000000000E-99
 82   62     1.00000000000000E-99   1.00000000000000E-99
 83   62     1.00000000000000E-99   1.00000000000000E-99
 84   62     1.00000000000000E-99   1.00000000000000E-99
 85   62     1.00000000000000E-99   1.00000000000000E-99
 86   62     1.00000000000000E-99   1.00000000000000E-99
 87   62     1.00000000000000E-99   1.00000000000000E-99
 88   62     1.00000000000000E-99   1.00000000000000E-99
 89   62     1.00000000000000E-99   1.00000000000000E-99
 90   62     1.00000000000000E-99   1.00000000000000E-99
 91   62     1.00000000000000E-99   1.00000000000000E-99
 92   62     1.00000000000000E-99   1.00000000000000E-99
 93   62     1.00000000000000E-99   1.00000000000000E-99
 94   62     1.00000000000000E-99   1.00000000000000E-99
 95   62     1.00000000000000E-99   1.00000000000000E-99
 96   62     1.00000000000000E-99   1.00000000000000E-99
 97   62     1.00000000000000E-99   1.00000000000000E-99
 98   62     1.00000000000000E-99   1.00000000000000E-99
 99   62     1.00000000000000E-99   1.00000000000000E-99
100   62     1.00000000000000E-99   1.00000000000000E-99
101   62     1.00000000000000E-99   1.00000000000000E-99
102   62     1.00000000000000E-99   1.00000000000000E-99
103   62     1.00000000000000E-99   1.00000000000000E-99
104   62     1.00000000000000E-99   1.00000000000000E-99
105   62     1.00000000000000E-99   1.00000000000000E-99
106   62     1.00000000000000E-99   1.00000000000000E-99
107   62     1.00000000000000E-99   1.00000000000000E-99
108   62     1.00000000000000E-99   1.00000000000000E-99
109   62     1.00000000000000E-99   1.00000000000000E-99
110   62     1.00000000000000E-99   1.00000000000000E-99
111   62     1.00000000000000E-99   1.00000000000000E-99
112   62     1.00000000000000E-99   1.00000000000000E-99
113   62     1.00000000000000E-99   1.00000000000000E-99
114   62     1.00000000000000E-99   1.00000000000000E-99
115   62     1.00000000000000E-99   1.00000000000000E-99
116   62     4.13604261692712E-24   7.36215585813028E-22
117   62     4.40222689300603E-24   7.87998613848080E-22
118   62     4.47223021138950E-22   8.05001438050110E-20
119   62     8.18402762597393E-23   1.48130900030128E-20
120   62     1.87985733294727E-21   3.42134034596404E-19
121   62     1.49490909145837E-21   2.73568363736883E-19
122   62     1.91885555895475E-19   3.53069422847674E-17
123   62     9.24989123312436E-16   1.71122987812801E-13
124   62     2.19280697973498E-13   4.07862098230706E-11
125   62     5.96543868017795E-13   1.11553703319328E-10
126   62     5.55290660684880E-06   1.04394644208757E-03
127   62     7.40275166007118E-12   1.39912006375345E-09
128   62     1.56886588880021E-12   2.98084518872040E-10
129   62     6.25858105309455E-17   1.19538898114106E-14
130   62     9.08591414025817E-15   1.74449551492957E-12
131   62     2.42370275601341E-17   4.67774631910588E-15
132   62     3.54679840193466E-16   6.88078889975324E-14
133   62     3.53208750723721E-18   6.88757063911257E-16
134   62     1.57513946106111E-17   3.08727334367977E-15
135   62     1.78075024032545E-19   3.50807797344114E-17
136   62     1.17026280035454E-18   2.31712034470199E-16
137   62     9.48542169884596E-22   1.88759891807035E-19
138   62     3.43917756280411E-23   6.87835512560822E-21
139   62     1.00000000000000E-99   1.00000000000000E-99
140   62     1.00000000000000E-99   1.00000000000000E-99
141   62     1.00000000000000E-99   1.00000000000000E-99
142   62     1.00000000000000E-99   1.00000000000000E-99
143   62     1.00000000000000E-99   1.00000000000000E-99
144   62     1.00000000000000E-99   1.00000000000000E-99
145   62     1.00000000000000E-99   1.00000000000000E-99
146   62     1.00000000000000E-99   1.00000000000000E-99
 62   63     1.00000000000000E-99   1.00000000000000E-99
 63   63     1.00000000000000E-99   1.00000000000000E-99
 64   63     1.00000000000000E-99   1.00000000000000E-99
 65   63     1.00000000000000E-99   1.00000000000000E-99
 66   63     1.00000000000000E-99   1.00000000000000E-99
 67   63     1.00000000000000E-99   1.00000000000000E-99
 68   63     1.00000000000000E-99   1.00000000000000E-99
 69   63     1.00000000000000E-99   1.00000000000000E-99
 70   63     1.00000000000000E-99   1.00000000000000E-99
 71   63     1.00000000000000E-99   1.00000000000000E-99
 72   63     1.00000000000000E-99   1.00000000000000E-99
 73   63     1.00000000000000E-99   1.00000000000000E-99
 74   63     1.00000000000000E-99   1.00000000000000E-99
 75   63     1.00000000000000E-99   1.00000000000000E-99
 76   63     1.00000000000000E-99   1.00000000000000E-99
 77   63     1.00000000000000E-99   1.00000000000000E-99
 78   63     1.00000000000000E-99   1.00000000000000E-99
 79   63     1.00000000000000E-99   1.00000000000000E-99
 80   63     1.00000000000000E-99   1.00000000000000E-99
 81   63     1.00000000000000E-99   1.00000000000000E-99
 82   63     1.00000000000000E-99   1.00000000000000E-99
 83   63     1.00000000000000E-99   1.00000000000000E-99
 84   63     1.00000000000000E-99   1.00000000000000E-99
 85   63     1.00000000000000E-99   1.00000000000000E-99
 86   63     1.00000000000000E-99   1.00000000000000E-99
 87   63     1.00000000000000E-99   1.00000000000000E-99
 88   63     1.00000000000000E-99   1.00000000000000E-99
 89   63     1.00000000000000E-99   1.00000000000000E-99
 90   63     1.00000000000000E-99   1.00000000000000E-99
 91   63     1.00000000000000E-99   1.00000000000000E-99
 92   63     1.00000000000000E-99   1.00000000000000E-99
 93   63     1.00000000000000E-99   1.00000000000000E-99
 94   63     1.00000000000000E-99   1.00000000000000E-99
 95   63     1.00000000000000E-99   1.00000000000000E-99
 96   63     1.00000000000000E-99   1.00000000000000E-99
 97   63     1.00000000000000E-99   1.00000000000000E-99
 98   63     1.00000000000000E-99   1.00000000000000E-99
 99   63     1.00000000000000E-99   1.00000000000000E-99
100   63     1.00000000000000E-99   1.00000000000000E-99
101   63     1.00000000000000E-99   1.00000000000000E-99
102   63     1.00000000000000E-99   1.00000000000000E-99
103   63     1.00000000000000E-99   1.00000000000000E-99
104   63     1.00000000000000E-99   1.00000000000000E-99
105   63     1.00000000000000E-99   1.00000000000000E-99
106   63     1.00000000000000E-99   1.00000000000000E-99
107   63     1.00000000000000E-99   1.00000000000000E-99
108   63     1.00000000000000E-99   1.00000000000000E-99
109   63     1.00000000000000E-99   1.00000000000000E-99
110   63     1.00000000000000E-99   1.00000000000000E-99
111   63     1.00000000000000E-99   1.00000000000000E-99
112   63     1.00000000000000E-99   1.00000000000000E-99
113   63     1.00000000000000E-99   1.00000000000000E-99
114   63     1.00000000000000E-99   1.00000000000000E-99
115   63     1.00000000000000E-99   1.00000000000000E-99
116   63     1.00000000000000E-99   1.00000000000000E-99
117   63     1.00000000000000E-99   1.00000000000000E-99
118   63     1.06354192040377E-24   1.92501087593082E-22
119   63     7.23391205796689E-25   1.31657199454997E-22
120   63     9.41020569228755E-24   1.72206764168862E-21
121   63     1.47701236385558E-23   2.71770274949426E-21
122   63     6.27462546563930E-22   1.16080571114327E-19
123   63     3.05138105243812E-16   5.67556875753490E-14
124   63     4.28858507779555E-14   8.01965409547769E-12
125   63     2.06783932067264E-13   3.88753792286456E-11
126   63     1.22999704734288E-05   2.32469441947805E-03
127   63     3.77634543541973E-10   7.17505632729748E-08
128   63     2.21575313547446E-10   4.23208848875622E-08
129   63     1.82432622710344E-15   3.50270635603860E-13
130   63     1.03040337384809E-14   1.98867851152681E-12
131   63     1.41781693805572E-16   2.75056485982811E-14
132   63     4.61728281031345E-16   9.00370148011123E-14
133   63     7.14174993569600E-17   1.39978298739642E-14
134   63     2.82207422957093E-16   5.55948623225474E-14
135   63     1.26820116005642E-18   2.51103829691172E-16
136   63     1.66340119039435E-17   3.31016836888475E-15
137   63     5.04872935312624E-20   1.00974587062525E-17
138   63     4.58376101993677E-20   9.21335965007291E-18
139   63     3.27720135876646E-25   6.61994674470825E-23
140   63     1.00000000000000E-99   1.00000000000000E-99
141   63     1.00000000000000E-99   1.00000000000000E-99
142   63     1.00000000000000E-99   1.00000000000000E-99
143   63     1.00000000000000E-99   1.00000000000000E-99
144   63     1.00000000000000E-99   1.00000000000000E-99
145   63     1.00000000000000E-99   1.00000000000000E-99
146   63     1.00000000000000E-99   1.00000000000000E-99
147   63     1.00000000000000E-99   1.00000000000000E-99
148   63     1.00000000000000E-99   1.00000000000000E-99
 81   64     1.00000000000000E-99   1.00000000000000E-99
 82   64     1.00000000000000E-99   1.00000000000000E-99
 83   64     1.00000000000000E-99   1.00000000000000E-99
 84   64     1.00000000000000E-99   1.00000000000000E-99
 85   64     1.00000000000000E-99   1.00000000000000E-99
 86   64     1.00000000000000E-99   1.00000000000000E-99
 87   64     1.00000000000000E-99   1.00000000000000E-99
 88   64     1.00000000000000E-99   1.00000000000000E-99
 89   64     1.00000000000000E-99   1.00000000000000E-99
 90   64     1.00000000000000E-99   1.00000000000000E-99
 91   64     1.00000000000000E-99   1.00000000000000E-99
 92   64     1.00000000000000E-99   1.00000000000000E-99
 93   64     1.00000000000000E-99   1.00000000000000E-99
 94   64     1.00000000000000E-99   1.00000000000000E-99
 95   64     1.00000000000000E-99   1.00000000000000E-99
 96   64     1.00000000000000E-99   1.00000000000000E-99
 97   64     1.00000000000000E-99   1.00000000000000E-99
 98   64     1.00000000000000E-99   1.00000000000000E-99
 99   64     1.00000000000000E-99   1.00000000000000E-99
100   64     1.00000000000000E-99   1.00000000000000E-99
101   64     1.00000000000000E-99   1.00000000000000E-99
102   64     1.00000000000000E-99   1.00000000000000E-99
103   64     1.00000000000000E-99   1.00000000000000E-99
104   64     1.00000000000000E-99   1.00000000000000E-99
105   64     1.00000000000000E-99   1.00000000000000E-99
106   64     1.00000000000000E-99   1.00000000000000E-99
107   64     1.00000000000000E-99   1.00000000000000E-99
108   64     1.00000000000000E-99   1.00000000000000E-99
109   64     1.00000000000000E-99   1.00000000000000E-99
110   64     1.00000000000000E-99   1.00000000000000E-99
111   64     1.00000000000000E-99   1.00000000000000E-99
112   64     1.00000000000000E-99   1.00000000000000E-99
113   64     1.00000000000000E-99   1.00000000000000E-99
114   64     1.00000000000000E-99   1.00000000000000E-99
115   64     1.00000000000000E-99   1.00000000000000E-99
116   64     1.00000000000000E-99   1.00000000000000E-99
117   64     1.00000000000000E-99   1.00000000000000E-99
118   64     1.00000000000000E-99   1.00000000000000E-99
119   64     1.00000000000000E-99   1.00000000000000E-99
120   64     1.83895858788471E-24   3.38368380170787E-22
121   64     4.13907029611149E-24   7.65728004780625E-22
122   64     2.52083449875481E-21   4.68875216768395E-19
123   64     2.72707250422314E-15   5.09962558289727E-13
124   64     1.56226581507470E-13   2.93705973234044E-11
125   64     5.01909253743425E-13   9.48608489575074E-11
126   64     5.21265030544287E-05   9.90403558034145E-03
127   64     5.71725915150780E-09   1.09199649793799E-06
128   64     1.18528711485348E-07   2.27575126051868E-05
129   64     5.42869685353753E-13   1.04773849273274E-10
130   64     2.68775380672726E-11   5.21424238505089E-09
131   64     1.52438306440035E-16   2.97254697558069E-14
132   64     1.68091981646643E-14   3.29460284027420E-12
133   64     2.03533034956350E-17   4.00960078864010E-15
134   64     2.85918055087417E-15   5.66117749073086E-13
135   64     1.70996095360918E-17   3.40282229768227E-15
136   64     3.31049024648795E-15   6.62098049297591E-13
137   64     9.54507222823787E-19   1.91855951787581E-16
138   64     1.57910510730486E-17   3.18979231675583E-15
139   64     1.69728173885886E-20   3.44548192988350E-18
140   64     1.44256394013448E-19   2.94283043787434E-17
141   64     1.90859650295741E-24   3.91262283106269E-22
142   64     2.46397998909962E-24   5.07579877754521E-22
143   64     1.00000000000000E-99   1.00000000000000E-99
144   64     1.00000000000000E-99   1.00000000000000E-99
145   64     1.00000000000000E-99   1.00000000000000E-99
146   64     1.00000000000000E-99   1.00000000000000E-99
147   64     1.00000000000000E-99   1.00000000000000E-99
148   64     1.00000000000000E-99   1.00000000000000E-99
149   64     1.00000000000000E-99   1.00000000000000E-99
150   64     1.00000000000000E-99   1.00000000000000E-99
 82   65     1.00000000000000E-99   1.00000000000000E-99
 83   65     1.00000000000000E-99   1.00000000000000E-99
 84   65     1.00000000000000E-99   1.00000000000000E-99
 85   65     1.00000000000000E-99   1.00000000000000E-99
 86   65     1.00000000000000E-99   1.00000000000000E-99
 87   65     1.00000000000000E-99   1.00000000000000E-99
 88   65     1.00000000000000E-99   1.00000000000000E-99
 89   65     1.00000000000000E-99   1.00000000000000E-99
 90   65     1.00000000000000E-99   1.00000000000000E-99
 91   65     1.00000000000000E-99   1.00000000000000E-99
 92   65     1.00000000000000E-99   1.00000000000000E-99
 93   65     1.00000000000000E-99   1.00000000000000E-99
 94   65     1.00000000000000E-99   1.00000000000000E-99
 95   65     1.00000000000000E-99   1.00000000000000E-99
 96   65     1.00000000000000E-99   1.00000000000000E-99
 97   65     1.00000000000000E-99   1.00000000000000E-99
 98   65     1.00000000000000E-99   1.00000000000000E-99
 99   65     1.00000000000000E-99   1.00000000000000E-99
100   65     1.00000000000000E-99   1.00000000000000E-99
101   65     1.00000000000000E-99   1.00000000000000E-99
102   65     1.00000000000000E-99   1.00000000000000E-99
103   65     1.00000000000000E-99   1.00000000000000E-99
104   65     1.00000000000000E-99   1.00000000000000E-99
105   65     1.00000000000000E-99   1.00000000000000E-99
106   65     1.00000000000000E-99   1.00000000000000E-99
107   65     1.00000000000000E-99   1.00000000000000E-99
108   65     1.00000000000000E-99   1.00000000000000E-99
109   65     1.00000000000000E-99   1.00000000000000E-99
110   65     1.00000000000000E-99   1.00000000000000E-99
111   65     1.00000000000000E-99   1.00000000000000E-99
112   65     1.00000000000000E-99   1.00000000000000E-99
113   65     1.00000000000000E-99   1.00000000000000E-99
114   65     1.00000000000000E-99   1.00000000000000E-99
115   65     1.00000000000000E-99   1.00000000000000E-99
116   65     1.00000000000000E-99   1.00000000000000E-99
117   65     1.00000000000000E-99   1.00000000000000E-99
118   65     1.00000000000000E-99   1.00000000000000E-99
119   65     1.00000000000000E-99   1.00000000000000E-99
120   65     1.00000000000000E-99   1.00000000000000E-99
121   65     5.29128997175197E-25   9.84179934745866E-23
122   65     7.32175954089771E-23   1.36916903414787E-20
123   65     9.58031525707733E-17   1.80109926833054E-14
124   65     2.24571180612721E-14   4.24439531358044E-12
125   65     1.43107396718355E-13   2.71904053764874E-11
126   65     6.63721388703719E-05   1.26770785242410E-02
127   65     9.98122760478827E-08   1.91639570011935E-05
128   65     8.68175118084150E-06   1.67557797790241E-03
129   65     2.95374425742989E-09   5.73026385941399E-07
130   65     1.18356549860876E-07   2.30795272228709E-05
131   65     1.09073184418059E-10   2.13783441459396E-08
132   65     4.86224719336041E-09   9.57862697092000E-07
133   65     2.02320323235568E-12   4.00594240006424E-10
134   65     6.30333066067003E-17   1.25436280147334E-14
135   65     3.58346755238910E-13   7.16693510477821E-11
136   65     1.79001346704827E-10   3.59792706876703E-08
137   65     5.39743950754030E-13   1.09028278052314E-10
138   65     6.66052356284147E-12   1.35208628325682E-09
139   65     3.59919087461720E-15   7.34234938421910E-13
140   65     1.36791607382690E-14   2.80422795134514E-12
141   65     2.70066536736595E-18   5.56337065677385E-16
142   65     1.31129396554477E-18   2.71437850867768E-16
143   65     1.00248617405264E-21   2.08517124202950E-19
144   65     2.36481117820145E-21   4.94245536244103E-19
145   65     1.00000000000000E-99   1.00000000000000E-99
146   65     1.00000000000000E-99   1.00000000000000E-99
147   65     1.00000000000000E-99   1.00000000000000E-99
148   65     1.00000000000000E-99   1.00000000000000E-99
149   65     1.00000000000000E-99   1.00000000000000E-99
150   65     1.00000000000000E-99   1.00000000000000E-99
151   65     1.00000000000000E-99   1.00000000000000E-99
152   65     1.00000000000000E-99   1.00000000000000E-99
153   65     1.00000000000000E-99   1.00000000000000E-99
 82   66     1.00000000000000E-99   1.00000000000000E-99
 83   66     1.00000000000000E-99   1.00000000000000E-99
 84   66     1.00000000000000E-99   1.00000000000000E-99
 85   66     1.00000000000000E-99   1.00000000000000E-99
 86   66     1.00000000000000E-99   1.00000000000000E-99
 87   66     1.00000000000000E-99   1.00000000000000E-99
 88   66     1.00000000000000E-99   1.00000000000000E-99
 89   66     1.00000000000000E-99   1.00000000000000E-99
 90   66     1.00000000000000E-99   1.00000000000000E-99
 91   66     1.00000000000000E-99   1.00000000000000E-99
 92   66     1.00000000000000E-99   1.00000000000000E-99
 93   66     1.00000000000000E-99   1.00000000000000E-99
 94   66     1.00000000000000E-99   1.00000000000000E-99
 95   66     1.00000000000000E-99   1.00000000000000E-99
 96   66     1.00000000000000E-99   1.00000000000000E-99
 97   66     1.00000000000000E-99   1.00000000000000E-99
 98   66     1.00000000000000E-99   1.00000000000000E-99
 99   66     1.00000000000000E-99   1.00000000000000E-99
100   66     1.00000000000000E-99   1.00000000000000E-99
101   66     1.00000000000000E-99   1.00000000000000E-99
102   66     1.00000000000000E-99   1.00000000000000E-99
103   66     1.00000000000000E-99   1.00000000000000E-99
104   66     1.00000000000000E-99   1.00000000000000E-99
105   66     1.00000000000000E-99   1.00000000000000E-99
106   66     1.00000000000000E-99   1.00000000000000E-99
107   66     1.00000000000000E-99   1.00000000000000E-99
108   66     1.00000000000000E-99   1.00000000000000E-99
109   66     1.00000000000000E-99   1.00000000000000E-99
110   66     1.00000000000000E-99   1.00000000000000E-99
111   66     1.00000000000000E-99   1.00000000000000E-99
112   66     1.00000000000000E-99   1.00000000000000E-99
113   66     1.00000000000000E-99   1.00000000000000E-99
114   66     1.00000000000000E-99   1.00000000000000E-99
115   66     1.00000000000000E-99   1.00000000000000E-99
116   66     1.00000000000000E-99   1.00000000000000E-99
117   66     1.00000000000000E-99   1.00000000000000E-99
118   66     1.00000000000000E-99   1.00000000000000E-99
119   66     1.00000000000000E-99   1.00000000000000E-99
120   66     1.00000000000000E-99   1.00000000000000E-99
121   66     1.00000000000000E-99   1.00000000000000E-99
122   66     3.72291812783748E-23   6.99908608033445E-21
123   66     3.98350392539439E-17   7.52882241899539E-15
124   66     3.32274563844662E-13   6.31321671304857E-11
125   66     5.89952776713879E-13   1.12680980352351E-10
126   66     5.37928834894498E-08   1.03282336299744E-05
127   66     1.43662378918522E-10   2.77268391312748E-08
128   66     5.55795651313711E-07   1.07824356354860E-04
129   66     6.71491311551824E-11   1.30940805752606E-08
130   66     1.36115913202274E-08   2.66787189876457E-06
131   66     1.18859648216765E-11   2.34153506987028E-09
132   66     4.41015006232039E-09   8.73209712339437E-07
133   66     1.80052207462005E-11   3.58303892849391E-09
134   66     8.84375760598177E-09   1.76875152119635E-06
135   66     1.17501298218927E-09   2.36177609420042E-07
136   66     7.19503366956249E-06   1.45339680125162E-03
137   66     6.52775405105476E-08   1.32513407236412E-05
138   66     1.91301123077550E-05   3.90254291078203E-03
139   66     5.47612715360312E-08   1.12260606648864E-05
140   66     5.08450632500548E-06   1.04740830295113E-03
141   66     2.58126287883898E-09   5.34321415919669E-07
142   66     4.11515739730208E-08   8.55952738638833E-06
143   66     9.64105806990497E-12   2.01498113661014E-09
144   66     9.82484340387264E-10   2.06321711481325E-07
145   66     1.74208244560123E-13   3.67579396021861E-11
146   66     3.04947139612368E-13   6.46487935978221E-11
147   66     7.67053878326977E-19   1.63382476083646E-16
148   66     1.14328629424587E-20   2.44663266968615E-18
149   66     1.00000000000000E-99   1.00000000000000E-99
150   66     1.00000000000000E-99   1.00000000000000E-99
151   66     1.00000000000000E-99   1.00000000000000E-99
152   66     1.00000000000000E-99   1.00000000000000E-99
153   66     1.00000000000000E-99   1.00000000000000E-99
154   66     1.00000000000000E-99   1.00000000000000E-99
155   66     1.00000000000000E-99   1.00000000000000E-99
 84   67     1.00000000000000E-99   1.00000000000000E-99
 85   67     1.00000000000000E-99   1.00000000000000E-99
 86   67     1.00000000000000E-99   1.00000000000000E-99
 87   67     1.00000000000000E-99   1.00000000000000E-99
 88   67     1.00000000000000E-99   1.00000000000000E-99
 89   67     1.00000000000000E-99   1.00000000000000E-99
 90   67     1.00000000000000E-99   1.00000000000000E-99
 91   67     1.00000000000000E-99   1.00000000000000E-99
 92   67     1.00000000000000E-99   1.00000000000000E-99
 93   67     1.00000000000000E-99   1.00000000000000E-99
 94   67     1.00000000000000E-99   1.00000000000000E-99
 95   67     1.00000000000000E-99   1.00000000000000E-99
 96   67     1.00000000000000E-99   1.00000000000000E-99
 97   67     1.00000000000000E-99   1.00000000000000E-99
 98   67     1.00000000000000E-99   1.00000000000000E-99
 99   67     1.00000000000000E-99   1.00000000000000E-99
100   67     1.00000000000000E-99   1.00000000000000E-99
101   67     1.00000000000000E-99   1.00000000000000E-99
102   67     1.00000000000000E-99   1.00000000000000E-99
103   67     1.00000000000000E-99   1.00000000000000E-99
104   67     1.00000000000000E-99   1.00000000000000E-99
105   67     1.00000000000000E-99   1.00000000000000E-99
106   67     1.00000000000000E-99   1.00000000000000E-99
107   67     1.00000000000000E-99   1.00000000000000E-99
108   67     1.00000000000000E-99   1.00000000000000E-99
109   67     1.00000000000000E-99   1.00000000000000E-99
110   67     1.00000000000000E-99   1.00000000000000E-99
111   67     1.00000000000000E-99   1.00000000000000E-99
112   67     1.00000000000000E-99   1.00000000000000E-99
113   67     1.00000000000000E-99   1.00000000000000E-99
114   67     1.00000000000000E-99   1.00000000000000E-99
115   67     1.00000000000000E-99   1.00000000000000E-99
116   67     1.00000000000000E-99   1.00000000000000E-99
117   67     1.00000000000000E-99   1.00000000000000E-99
118   67     1.00000000000000E-99   1.00000000000000E-99
119   67     1.00000000000000E-99   1.00000000000000E-99
120   67     1.00000000000000E-99   1.00000000000000E-99
121   67     1.00000000000000E-99   1.00000000000000E-99
122   67     8.30835594453500E-24   1.57027927351712E-21
123   67     2.15672472861331E-23   4.09777698436529E-21
124   67     8.20046345615887E-18   1.56628852012634E-15
125   67     1.23666798077555E-16   2.37440252308906E-14
126   67     1.79366149536427E-13   3.46176668605304E-11
127   67     8.78293684064671E-15   1.70388974708546E-12
128   67     1.68652014626963E-11   3.28871428522578E-09
129   67     1.77150498760068E-14   3.47214977569733E-12
130   67     2.44812467032370E-13   4.82280560053770E-11
131   67     9.61562953485583E-15   1.90389464790145E-12
132   67     1.42131940505263E-12   2.82842561605473E-10
133   67     1.65157801210479E-13   3.30315602420958E-11
134   67     1.25631294127253E-12   2.52518901195779E-10
135   67     7.04128828095108E-13   1.42234023275212E-10
136   67     2.80062350181241E-09   5.68526570867920E-07
137   67     6.71655585091950E-10   1.37017739358758E-07
138   67     7.25843504428027E-07   1.48797918407746E-04
139   67     3.50085554832606E-08   7.21176242955168E-06
140   67     1.44858364277448E-05   2.99856814054318E-03
141   67     1.26817943721820E-07   2.63781322941386E-05
142   67     3.36947234726643E-06   7.04219720578684E-04
143   67     3.25305573842397E-08   6.83141705069034E-06
144   67     8.06151532227645E-06   1.70097973300033E-03
145   67     1.69968559379766E-08   3.60333345885104E-06
146   67     4.10802127989876E-08   8.75008532618436E-06
147   67     3.55744116815070E-12   7.61292409984249E-10
148   67     5.77139305959290E-13   1.24084950781247E-10
149   67     1.63111178780911E-18   3.52320146166767E-16
150   67     2.68480793757494E-20   5.82603322453762E-18
151   67     1.00000000000000E-99   1.00000000000000E-99
152   67     1.00000000000000E-99   1.00000000000000E-99
153   67     1.00000000000000E-99   1.00000000000000E-99
154   67     1.00000000000000E-99   1.00000000000000E-99
155   67     1.00000000000000E-99   1.00000000000000E-99
156   67     1.00000000000000E-99   1.00000000000000E-99
157   67     1.00000000000000E-99   1.00000000000000E-99
 85   68     1.00000000000000E-99   1.00000000000000E-99
 86   68     1.00000000000000E-99   1.00000000000000E-99
 87   68     1.00000000000000E-99   1.00000000000000E-99
 88   68     1.00000000000000E-99   1.00000000000000E-99
 89   68     1.00000000000000E-99   1.00000000000000E-99
 90   68     1.00000000000000E-99   1.00000000000000E-99
 91   68     1.00000000000000E-99   1.00000000000000E-99
 92   68     1.00000000000000E-99   1.00000000000000E-99
 93   68     1.00000000000000E-99   1.00000000000000E-99
 94   68     1.00000000000000E-99   1.00000000000000E-99
 95   68     1.00000000000000E-99   1.00000000000000E-99
 96   68     1.00000000000000E-99   1.00000000000000E-99
 97   68     1.00000000000000E-99   1.00000000000000E-99
 98   68     1.00000000000000E-99   1.00000000000000E-99
 99   68     1.00000000000000E-99   1.00000000000000E-99
100   68     1.00000000000000E-99   1.00000000000000E-99
101   68     1.00000000000000E-99   1.00000000000000E-99
102   68     1.00000000000000E-99   1.00000000000000E-99
103   68     1.00000000000000E-99   1.00000000000000E-99
104   68     1.00000000000000E-99   1.00000000000000E-99
105   68     1.00000000000000E-99   1.00000000000000E-99
106   68     1.00000000000000E-99   1.00000000000000E-99
107   68     1.00000000000000E-99   1.00000000000000E-99
108   68     1.00000000000000E-99   1.00000000000000E-99
109   68     1.00000000000000E-99   1.00000000000000E-99
110   68     1.00000000000000E-99   1.00000000000000E-99
111   68     1.00000000000000E-99   1.00000000000000E-99
112   68     1.00000000000000E-99   1.00000000000000E-99
113   68     1.00000000000000E-99   1.00000000000000E-99
114   68     1.00000000000000E-99   1.00000000000000E-99
115   68     1.00000000000000E-99   1.00000000000000E-99
116   68     1.00000000000000E-99   1.00000000000000E-99
117   68     1.00000000000000E-99   1.00000000000000E-99
118   68     1.00000000000000E-99   1.00000000000000E-99
119   68     1.00000000000000E-99   1.00000000000000E-99
120   68     1.00000000000000E-99   1.00000000000000E-99
121   68     1.00000000000000E-99   1.00000000000000E-99
122   68     1.00000000000000E-99   1.00000000000000E-99
123   68     3.86380764887796E-25   7.37987260935691E-23
124   68     6.71594033302687E-23   1.28946054394116E-20
125   68     1.24693285456738E-20   2.40658040931504E-18
126   68     1.84733849335142E-17   3.58383667710175E-15
127   68     3.01581220906068E-18   5.88083380766834E-16
128   68     1.92141966314661E-15   3.76598253976737E-13
129   68     1.58425006636057E-18   3.12097263073033E-16
130   68     2.72621181440512E-17   5.39789939252214E-15
131   68     4.80161898051342E-19   9.55522177122170E-17
132   68     1.66451039773968E-16   3.32902079547937E-14
133   68     3.81340246070170E-17   7.66493894601041E-15
134   68     4.97155005671780E-15   1.00425311145700E-12
135   68     1.23310816688846E-14   2.50320957878358E-12
136   68     9.75146086545478E-13   1.98929801655278E-10
137   68     5.44869889709522E-13   1.11698327390452E-10
138   68     5.84364768909331E-11   1.20379142395322E-08
139   68     6.06503592927004E-12   1.25546243735890E-09
140   68     2.29310521872148E-08   4.76965885494068E-06
141   68     1.13036211211536E-09   2.36245681432110E-07
142   68     6.48327523813050E-07   1.36148780000740E-04
143   68     3.79921447745250E-09   8.01634254742478E-07
144   68     3.62755155773832E-06   7.69040930240524E-04
145   68     1.99502546968807E-07   4.24940425043559E-05
146   68     2.59171174560280E-05   5.54626313558999E-03
147   68     7.19064048811878E-09   1.54598770494554E-06
148   68     2.84571556487228E-08   6.14674562012412E-06
149   68     8.08038415136846E-13   1.75344336084696E-10
150   68     3.09580033226987E-13   6.74884472434831E-11
151   68     7.01439734973593E-18   1.53615301959217E-15
152   68     4.56536400520267E-19   1.00438008114459E-16
153   68     1.00000000000000E-99   1.00000000000000E-99
154   68     1.00000000000000E-99   1.00000000000000E-99
155   68     1.00000000000000E-99   1.00000000000000E-99
156   68     1.00000000000000E-99   1.00000000000000E-99
157   68     1.00000000000000E-99   1.00000000000000E-99
158   68     1.00000000000000E-99   1.00000000000000E-99
159   68     1.00000000000000E-99   1.00000000000000E-99
 86   69     1.00000000000000E-99   1.00000000000000E-99
 87   69     1.00000000000000E-99   1.00000000000000E-99
 88   69     1.00000000000000E-99   1.00000000000000E-99
 89   69     1.00000000000000E-99   1.00000000000000E-99
 90   69     1.00000000000000E-99   1.00000000000000E-99
 91   69     1.00000000000000E-99   1.00000000000000E-99
 92   69     1.00000000000000E-99   1.00000000000000E-99
 93   69     1.00000000000000E-99   1.00000000000000E-99
 94   69     1.00000000000000E-99   1.00000000000000E-99
 95   69     1.00000000000000E-99   1.00000000000000E-99
 96   69     1.00000000000000E-99   1.00000000000000E-99
 97   69     1.00000000000000E-99   1.00000000000000E-99
 98   69     1.00000000000000E-99   1.00000000000000E-99
 99   69     1.00000000000000E-99   1.00000000000000E-99
100   69     1.00000000000000E-99   1.00000000000000E-99
101   69     1.00000000000000E-99   1.00000000000000E-99
102   69     1.00000000000000E-99   1.00000000000000E-99
103   69     1.00000000000000E-99   1.00000000000000E-99
104   69     1.00000000000000E-99   1.00000000000000E-99
105   69     1.00000000000000E-99   1.00000000000000E-99
106   69     1.00000000000000E-99   1.00000000000000E-99
107   69     1.00000000000000E-99   1.00000000000000E-99
108   69     1.00000000000000E-99   1.00000000000000E-99
109   69     1.00000000000000E-99   1.00000000000000E-99
110   69     1.00000000000000E-99   1.00000000000000E-99
111   69     1.00000000000000E-99   1.00000000000000E-99
112   69     1.00000000000000E-99   1.00000000000000E-99
113   69     1.00000000000000E-99   1.00000000000000E-99
114   69     1.00000000000000E-99   1.00000000000000E-99
115   69     1.00000000000000E-99   1.00000000000000E-99
116   69     1.00000000000000E-99   1.00000000000000E-99
117   69     1.00000000000000E-99   1.00000000000000E-99
118   69     1.00000000000000E-99   1.00000000000000E-99
119   69     1.00000000000000E-99   1.00000000000000E-99
120   69     1.00000000000000E-99   1.00000000000000E-99
121   69     1.00000000000000E-99   1.00000000000000E-99
122   69     1.00000000000000E-99   1.00000000000000E-99
123   69     1.00000000000000E-99   1.00000000000000E-99
124   69     1.00000000000000E-99   1.00000000000000E-99
125   69     1.00000000000000E-99   1.00000000000000E-99
126   69     1.93737372603188E-23   3.77787876576216E-21
127   69     5.26032670235018E-24   1.03102403366064E-21
128   69     7.24057106710984E-22   1.42639250022064E-19
129   69     6.39605454994722E-24   1.26641880088955E-21
130   69     2.83879838287544E-23   5.64920878192213E-21
131   69     1.44530296261919E-23   2.89060592523837E-21
132   69     9.04916819800115E-22   1.81888280779823E-19
133   69     2.61585824952990E-21   5.28403366405039E-19
134   69     2.81934351923288E-20   5.72326734404274E-18
135   69     1.64112104988237E-19   3.34788694176004E-17
136   69     1.02879955010268E-17   2.10903907771050E-15
137   69     1.36343958689590E-16   2.80868554900556E-14
138   69     6.48232872983912E-15   1.34184204707670E-12
139   69     1.08370822418536E-14   2.25411310630555E-12
140   69     6.19811162537702E-13   1.29540532970380E-10
141   69     3.18975010162796E-13   6.69847521341871E-11
142   69     4.54085079112588E-10   9.58119516927561E-08
143   69     1.13107905221068E-10   2.39788759068664E-08
144   69     2.79123831553132E-07   5.94533761208171E-05
145   69     1.44169839562974E-08   3.08523456664764E-06
146   69     2.98872549615102E-05   6.42575981672470E-03
147   69     3.20802166268125E-07   6.92932679139150E-05
148   69     2.86159050944493E-06   6.20965140549551E-04
149   69     1.98363537199808E-09   4.32432511095581E-07
150   69     2.41829939223215E-09   5.29607566898841E-07
151   69     9.22418190462836E-13   2.02932001901824E-10
152   69     2.43784969919851E-13   5.38764783522870E-11
153   69     6.72121497044810E-19   1.49210972343948E-16
154   69     3.55218237392086E-21   7.92136669384351E-19
155   69     1.00000000000000E-99   1.00000000000000E-99
156   69     1.00000000000000E-99   1.00000000000000E-99
157   69     1.00000000000000E-99   1.00000000000000E-99
158   69     1.00000000000000E-99   1.00000000000000E-99
159   69     1.00000000000000E-99   1.00000000000000E-99
160   69     1.00000000000000E-99   1.00000000000000E-99
161   69     1.00000000000000E-99   1.00000000000000E-99
 88   70     1.00000000000000E-99   1.00000000000000E-99
 89   70     1.00000000000000E-99   1.00000000000000E-99
 90   70     1.00000000000000E-99   1.00000000000000E-99
 91   70     1.00000000000000E-99   1.00000000000000E-99
 92   70     1.00000000000000E-99   1.00000000000000E-99
 93   70     1.00000000000000E-99   1.00000000000000E-99
 94   70     1.00000000000000E-99   1.00000000000000E-99
 95   70     1.00000000000000E-99   1.00000000000000E-99
 96   70     1.00000000000000E-99   1.00000000000000E-99
 97   70     1.00000000000000E-99   1.00000000000000E-99
 98   70     1.00000000000000E-99   1.00000000000000E-99
 99   70     1.00000000000000E-99   1.00000000000000E-99
100   70     1.00000000000000E-99   1.00000000000000E-99
101   70     1.00000000000000E-99   1.00000000000000E-99
102   70     1.00000000000000E-99   1.00000000000000E-99
103   70     1.00000000000000E-99   1.00000000000000E-99
104   70     1.00000000000000E-99   1.00000000000000E-99
105   70     1.00000000000000E-99   1.00000000000000E-99
106   70     1.00000000000000E-99   1.00000000000000E-99
107   70     1.00000000000000E-99   1.00000000000000E-99
108   70     1.00000000000000E-99   1.00000000000000E-99
109   70     1.00000000000000E-99   1.00000000000000E-99
110   70     1.00000000000000E-99   1.00000000000000E-99
111   70     1.00000000000000E-99   1.00000000000000E-99
112   70     1.00000000000000E-99   1.00000000000000E-99
113   70     1.00000000000000E-99   1.00000000000000E-99
114   70     1.00000000000000E-99   1.00000000000000E-99
115   70     1.00000000000000E-99   1.00000000000000E-99
116   70     1.00000000000000E-99   1.00000000000000E-99
117   70     1.00000000000000E-99   1.00000000000000E-99
118   70     1.00000000000000E-99   1.00000000000000E-99
119   70     1.00000000000000E-99   1.00000000000000E-99
120   70     1.00000000000000E-99   1.00000000000000E-99
121   70     1.00000000000000E-99   1.00000000000000E-99
122   70     1.00000000000000E-99   1.00000000000000E-99
123   70     1.00000000000000E-99   1.00000000000000E-99
124   70     1.00000000000000E-99   1.00000000000000E-99
125   70     1.00000000000000E-99   1.00000000000000E-99
126   70     1.00000000000000E-99   1.00000000000000E-99
127   70     1.00000000000000E-99   1.00000000000000E-99
128   70     1.00000000000000E-99   1.00000000000000E-99
129   70     1.00000000000000E-99   1.00000000000000E-99
130   70     1.00000000000000E-99   1.00000000000000E-99
131   70     1.00000000000000E-99   1.00000000000000E-99
132   70     1.00000000000000E-99   1.00000000000000E-99
133   70     1.00000000000000E-99   1.00000000000000E-99
134   70     5.44792018852342E-24   1.11137571845878E-21
135   70     2.64974233291634E-23   5.43197178247849E-21
136   70     1.00733823590480E-21   2.07511676596390E-19
137   70     4.04536438448270E-21   8.37390427587919E-19
138   70     7.53913633436370E-19   1.56814035754765E-16
139   70     7.13425182766170E-18   1.49105863198130E-15
140   70     4.49510434962891E-15   9.43971913422071E-13
141   70     9.14399503872948E-15   1.92938295317192E-12
142   70     2.17701994072482E-12   4.61528227433663E-10
143   70     1.05973635885465E-12   2.25723844436041E-10
144   70     2.62697585028595E-10   5.62172831961193E-08
145   70     1.27404169549578E-10   2.73918964531593E-08
146   70     4.44346089245513E-06   9.59787552770309E-04
147   70     9.02113437924623E-08   1.95758616029643E-05
148   70     3.38113595260385E-05   7.37087637667640E-03
149   70     1.36493689521406E-07   2.98921180051878E-05
150   70     4.08436692444503E-06   8.98560723377906E-04
151   70     5.84662481061660E-09   1.29210408314627E-06
152   70     2.39293296980920E-08   5.31231119297643E-06
153   70     1.27131516206801E-13   2.83503281141166E-11
154   70     2.12124909172938E-14   4.75159796547380E-12
155   70     4.56196228895082E-20   1.02644151501393E-17
156   70     1.35276806510330E-21   3.05725582713347E-19
157   70     1.00000000000000E-99   1.00000000000000E-99
158   70     1.00000000000000E-99   1.00000000000000E-99
159   70     1.00000000000000E-99   1.00000000000000E-99
160   70     1.00000000000000E-99   1.00000000000000E-99
161   70     1.00000000000000E-99   1.00000000000000E-99
162   70     1.00000000000000E-99   1.00000000000000E-99
163   70     1.00000000000000E-99   1.00000000000000E-99
164   70     1.00000000000000E-99   1.00000000000000E-99
 90   71     1.00000000000000E-99   1.00000000000000E-99
 91   71     1.00000000000000E-99   1.00000000000000E-99
 92   71     1.00000000000000E-99   1.00000000000000E-99
 93   71     1.00000000000000E-99   1.00000000000000E-99
 94   71     1.00000000000000E-99   1.00000000000000E-99
 95   71     1.00000000000000E-99   1.00000000000000E-99
 96   71     1.00000000000000E-99   1.00000000000000E-99
 97   71     1.00000000000000E-99   1.00000000000000E-99
 98   71     1.00000000000000E-99   1.00000000000000E-99
 99   71     1.00000000000000E-99   1.00000000000000E-99
100   71     1.00000000000000E-99   1.00000000000000E-99
101   71     1.00000000000000E-99   1.00000000000000E-99
102   71     1.00000000000000E-99   1.00000000000000E-99
103   71     1.00000000000000E-99   1.00000000000000E-99
104   71     1.00000000000000E-99   1.00000000000000E-99
105   71     1.00000000000000E-99   1.00000000000000E-99
106   71     1.00000000000000E-99   1.00000000000000E-99
107   71     1.00000000000000E-99   1.00000000000000E-99
108   71     1.00000000000000E-99   1.00000000000000E-99
109   71     1.00000000000000E-99   1.00000000000000E-99
110   71     1.00000000000000E-99   1.00000000000000E-99
111   71     1.00000000000000E-99   1.00000000000000E-99
112   71     1.00000000000000E-99   1.00000000000000E-99
113   71     1.00000000000000E-99   1.00000000000000E-99
114   71     1.00000000000000E-99   1.00000000000000E-99
115   71     1.00000000000000E-99   1.00000000000000E-99
116   71     1.00000000000000E-99   1.00000000000000E-99
117   71     1.00000000000000E-99   1.00000000000000E-99
118   71     1.00000000000000E-99   1.00000000000000E-99
119   71     1.00000000000000E-99   1.00000000000000E-99
120   71     1.00000000000000E-99   1.00000000000000E-99
121   71     1.00000000000000E-99   1.00000000000000E-99
122   71     1.00000000000000E-99   1.00000000000000E-99
123   71     1.00000000000000E-99   1.00000000000000E-99
124   71     1.00000000000000E-99   1.00000000000000E-99
125   71     1.00000000000000E-99   1.00000000000000E-99
126   71     1.00000000000000E-99   1.00000000000000E-99
127   71     1.00000000000000E-99   1.00000000000000E-99
128   71     1.00000000000000E-99   1.00000000000000E-99
129   71     1.00000000000000E-99   1.00000000000000E-99
130   71     1.00000000000000E-99   1.00000000000000E-99
131   71     1.00000000000000E-99   1.00000000000000E-99
132   71     1.00000000000000E-99   1.00000000000000E-99
133   71     1.00000000000000E-99   1.00000000000000E-99
134   71     1.00000000000000E-99   1.00000000000000E-99
135   71     1.00000000000000E-99   1.00000000000000E-99
136   71     1.00000000000000E-99   1.00000000000000E-99
137   71     2.29355430075267E-24   4.77059294556556E-22
138   71     1.19783921162749E-22   2.50348395230145E-20
139   71     3.32312161995728E-21   6.97855540191028E-19
140   71     8.45731121567354E-20   1.78449266650712E-17
141   71     1.19758529135989E-18   2.53888081768297E-16
142   71     2.92387654703056E-15   6.22785704517510E-13
143   71     3.58107186671156E-14   7.66349379476274E-12
144   71     4.61722466313521E-13   9.92703302574070E-11
145   71     6.65959850107060E-13   1.43847327623125E-10
146   71     2.85903500926952E-10   6.20410597011486E-08
147   71     1.89643410760607E-10   4.13422635458123E-08
148   71     1.98439291287399E-06   4.34582047919404E-04
149   71     1.48712207661479E-07   3.27166856855253E-05
150   71     1.63881069801958E-05   3.62177164262328E-03
151   71     3.26428756860441E-06   7.24671840230180E-04
152   71     1.13765017971011E-05   2.53695990075355E-03
153   71     1.36243545179409E-09   3.05185541201876E-07
154   71     8.22938113572902E-10   1.85161075553903E-07
155   71     1.00846833948882E-13   2.27913844724474E-11
156   71     3.53417982033346E-15   8.02258819215695E-13
157   71     2.34775690221351E-19   5.35288573704681E-17
158   71     4.18055720161521E-21   9.57347599169884E-19
159   71     1.00000000000000E-99   1.00000000000000E-99
160   71     1.00000000000000E-99   1.00000000000000E-99
161   71     1.00000000000000E-99   1.00000000000000E-99
162   71     1.00000000000000E-99   1.00000000000000E-99
163   71     1.00000000000000E-99   1.00000000000000E-99
164   71     1.00000000000000E-99   1.00000000000000E-99
165   71     1.00000000000000E-99   1.00000000000000E-99
166   71     1.00000000000000E-99   1.00000000000000E-99
 92   72     1.00000000000000E-99   1.00000000000000E-99
 93   72     1.00000000000000E-99   1.00000000000000E-99
 94   72     1.00000000000000E-99   1.00000000000000E-99
 95   72     1.00000000000000E-99   1.00000000000000E-99
 96   72     1.00000000000000E-99   1.00000000000000E-99
 97   72     1.00000000000000E-99   1.00000000000000E-99
 98   72     1.00000000000000E-99   1.00000000000000E-99
 99   72     1.00000000000000E-99   1.00000000000000E-99
100   72     1.00000000000000E-99   1.00000000000000E-99
101   72     1.00000000000000E-99   1.00000000000000E-99
102   72     1.00000000000000E-99   1.00000000000000E-99
103   72     1.00000000000000E-99   1.00000000000000E-99
104   72     1.00000000000000E-99   1.00000000000000E-99
105   72     1.00000000000000E-99   1.00000000000000E-99
106   72     1.00000000000000E-99   1.00000000000000E-99
107   72     1.00000000000000E-99   1.00000000000000E-99
108   72     1.00000000000000E-99   1.00000000000000E-99
109   72     1.00000000000000E-99   1.00000000000000E-99
110   72     1.00000000000000E-99   1.00000000000000E-99
111   72     1.00000000000000E-99   1.00000000000000E-99
112   72     1.00000000000000E-99   1.00000000000000E-99
113   72     1.00000000000000E-99   1.00000000000000E-99
114   72     1.00000000000000E-99   1.00000000000000E-99
115   72     1.00000000000000E-99   1.00000000000000E-99
116   72     1.00000000000000E-99   1.00000000000000E-99
117   72     1.00000000000000E-99   1.00000000000000E-99
118   72     1.00000000000000E-99   1.00000000000000E-99
119   72     1.00000000000000E-99   1.00000000000000E-99
120   72     1.00000000000000E-99   1.00000000000000E-99
121   72     1.00000000000000E-99   1.00000000000000E-99
122   72     1.00000000000000E-99   1.00000000000000E-99
123   72     1.00000000000000E-99   1.00000000000000E-99
124   72     1.00000000000000E-99   1.00000000000000E-99
125   72     1.00000000000000E-99   1.00000000000000E-99
126   72     1.00000000000000E-99   1.00000000000000E-99
127   72     1.00000000000000E-99   1.00000000000000E-99
128   72     1.00000000000000E-99   1.00000000000000E-99
129   72     1.00000000000000E-99   1.00000000000000E-99
130   72     1.00000000000000E-99   1.00000000000000E-99
131   72     1.00000000000000E-99   1.00000000000000E-99
132   72     1.00000000000000E-99   1.00000000000000E-99
133   72     1.00000000000000E-99   1.00000000000000E-99
134   72     1.00000000000000E-99   1.00000000000000E-99
135   72     1.00000000000000E-99   1.00000000000000E-99
136   72     1.00000000000000E-99   1.00000000000000E-99
137   72     1.00000000000000E-99   1.00000000000000E-99
138   72     1.00000000000000E-99   1.00000000000000E-99
139   72     5.98699436494021E-24   1.26325581100238E-21
140   72     7.89812543303761E-22   1.67440259180397E-19
141   72     2.56698432001619E-21   5.46767660163447E-19
142   72     1.34625849529180E-19   2.88099317992446E-17
143   72     2.06485516291557E-18   4.43943860026847E-16
144   72     3.44966592068371E-15   7.45127838867681E-13
145   72     3.63075138805613E-14   7.87873051208181E-12
146   72     1.29307971716396E-12   2.81891378341743E-10
147   72     9.63972965024792E-13   2.11110079340429E-10
148   72     2.32399245638835E-10   5.11278340405437E-08
149   72     4.29542851860373E-10   9.49289702611424E-08
150   72     1.76012853722083E-06   3.90748535263025E-04
151   72     8.32506889690629E-08   1.85649036401010E-05
152   72     4.89765742525158E-05   1.09707526325636E-02
153   72     5.83275245556831E-09   1.31236930250287E-06
154   72     1.29461213529623E-07   2.92582342576948E-05
155   72     1.25852500174119E-12   2.85685175395250E-10
156   72     3.32693417573156E-12   7.58540992066796E-10
157   72     3.72951194951981E-16   8.54058236440037E-14
158   72     5.21912561372732E-15   1.20039889115728E-12
159   72     7.86422134794889E-19   1.81663513137619E-16
160   72     5.60616128544247E-19   1.30062941822265E-16
161   72     1.44961238542640E-23   3.37759685804351E-21
162   72     1.41496367102012E-24   3.31101499018708E-22
163   72     1.00000000000000E-99   1.00000000000000E-99
164   72     1.00000000000000E-99   1.00000000000000E-99
165   72     1.00000000000000E-99   1.00000000000000E-99
166   72     1.00000000000000E-99   1.00000000000000E-99
167   72     1.00000000000000E-99   1.00000000000000E-99
168   72     1.00000000000000E-99   1.00000000000000E-99
 96   73     1.00000000000000E-99   1.00000000000000E-99
 97   73     1.00000000000000E-99   1.00000000000000E-99
 98   73     1.00000000000000E-99   1.00000000000000E-99
 99   73     1.00000000000000E-99   1.00000000000000E-99
100   73     1.00000000000000E-99   1.00000000000000E-99
101   73     1.00000000000000E-99   1.00000000000000E-99
102   73     1.00000000000000E-99   1.00000000000000E-99
103   73     1.00000000000000E-99   1.00000000000000E-99
104   73     1.00000000000000E-99   1.00000000000000E-99
105   73     1.00000000000000E-99   1.00000000000000E-99
106   73     1.00000000000000E-99   1.00000000000000E-99
107   73     1.00000000000000E-99   1.00000000000000E-99
108   73     1.00000000000000E-99   1.00000000000000E-99
109   73     1.00000000000000E-99   1.00000000000000E-99
110   73     1.00000000000000E-99   1.00000000000000E-99
111   73     1.00000000000000E-99   1.00000000000000E-99
112   73     1.00000000000000E-99   1.00000000000000E-99
113   73     1.00000000000000E-99   1.00000000000000E-99
114   73     1.00000000000000E-99   1.00000000000000E-99
115   73     1.00000000000000E-99   1.00000000000000E-99
116   73     1.00000000000000E-99   1.00000000000000E-99
117   73     1.00000000000000E-99   1.00000000000000E-99
118   73     1.00000000000000E-99   1.00000000000000E-99
119   73     1.00000000000000E-99   1.00000000000000E-99
120   73     1.00000000000000E-99   1.00000000000000E-99
121   73     1.00000000000000E-99   1.00000000000000E-99
122   73     1.00000000000000E-99   1.00000000000000E-99
123   73     1.00000000000000E-99   1.00000000000000E-99
124   73     1.00000000000000E-99   1.00000000000000E-99
125   73     1.00000000000000E-99   1.00000000000000E-99
126   73     1.00000000000000E-99   1.00000000000000E-99
127   73     1.00000000000000E-99   1.00000000000000E-99
128   73     1.00000000000000E-99   1.00000000000000E-99
129   73     1.00000000000000E-99   1.00000000000000E-99
130   73     1.00000000000000E-99   1.00000000000000E-99
131   73     1.00000000000000E-99   1.00000000000000E-99
132   73     1.00000000000000E-99   1.00000000000000E-99
133   73     1.00000000000000E-99   1.00000000000000E-99
134   73     1.00000000000000E-99   1.00000000000000E-99
135   73     1.00000000000000E-99   1.00000000000000E-99
136   73     1.00000000000000E-99   1.00000000000000E-99
137   73     1.00000000000000E-99   1.00000000000000E-99
138   73     1.00000000000000E-99   1.00000000000000E-99
139   73     1.00000000000000E-99   1.00000000000000E-99
140   73     1.00000000000000E-99   1.00000000000000E-99
141   73     1.04801437446462E-24   2.24275076135429E-22
142   73     1.99261637062782E-22   4.28412519684981E-20
143   73     1.39189532898218E-21   3.00649391060150E-19
144   73     4.33553537073331E-20   9.40811175449129E-18
145   73     7.18398684432075E-19   1.56610913206192E-16
146   73     4.16235166635626E-16   9.11555014932021E-14
147   73     1.08784344834880E-14   2.39325558636735E-12
148   73     4.92688835178843E-13   1.08884232574524E-10
149   73     1.30887352185558E-12   2.90569921851940E-10
150   73     5.92863724061344E-09   1.32208610465680E-06
151   73     3.36651865598972E-09   7.54100178941697E-07
152   73     5.15644738884842E-05   1.16020066249089E-02
153   73     2.94788417683652E-08   6.66221823965054E-06
154   73     1.87976331407977E-06   4.26706272296108E-04
155   73     9.34412144934776E-10   2.13045969045129E-07
156   73     1.59646787996285E-08   3.65591144511492E-06
157   73     3.40520451594078E-11   7.83197038666379E-09
158   73     4.64895013216852E-10   1.07390748053093E-07
159   73     1.94484581792379E-12   4.51204229758320E-10
160   73     2.08787447091391E-11   4.86474751722941E-09
161   73     2.93295986703935E-15   6.86312608887209E-13
162   73     3.24240176840387E-15   7.61964415574908E-13
163   73     1.67838404829916E-21   3.96098635398601E-19
164   73     4.08340511861292E-24   9.67767013111263E-22
165   73     1.00000000000000E-99   1.00000000000000E-99
166   73     1.00000000000000E-99   1.00000000000000E-99
167   73     1.00000000000000E-99   1.00000000000000E-99
168   73     1.00000000000000E-99   1.00000000000000E-99
169   73     1.00000000000000E-99   1.00000000000000E-99
170   73     1.00000000000000E-99   1.00000000000000E-99
 98   74     1.00000000000000E-99   1.00000000000000E-99
 99   74     1.00000000000000E-99   1.00000000000000E-99
100   74     1.00000000000000E-99   1.00000000000000E-99
101   74     1.00000000000000E-99   1.00000000000000E-99
102   74     1.00000000000000E-99   1.00000000000000E-99
103   74     1.00000000000000E-99   1.00000000000000E-99
104   74     1.00000000000000E-99   1.00000000000000E-99
105   74     1.00000000000000E-99   1.00000000000000E-99
106   74     1.00000000000000E-99   1.00000000000000E-99
107   74     1.00000000000000E-99   1.00000000000000E-99
108   74     1.00000000000000E-99   1.00000000000000E-99
109   74     1.00000000000000E-99   1.00000000000000E-99
110   74     1.00000000000000E-99   1.00000000000000E-99
111   74     1.00000000000000E-99   1.00000000000000E-99
112   74     1.00000000000000E-99   1.00000000000000E-99
113   74     1.00000000000000E-99   1.00000000000000E-99
114   74     1.00000000000000E-99   1.00000000000000E-99
115   74     1.00000000000000E-99   1.00000000000000E-99
116   74     1.00000000000000E-99   1.00000000000000E-99
117   74     1.00000000000000E-99   1.00000000000000E-99
118   74     1.00000000000000E-99   1.00000000000000E-99
119   74     1.00000000000000E-99   1.00000000000000E-99
120   74     1.00000000000000E-99   1.00000000000000E-99
121   74     1.00000000000000E-99   1.00000000000000E-99
122   74     1.00000000000000E-99   1.00000000000000E-99
123   74     1.00000000000000E-99   1.00000000000000E-99
124   74     1.00000000000000E-99   1.00000000000000E-99
125   74     1.00000000000000E-99   1.00000000000000E-99
126   74     1.00000000000000E-99   1.00000000000000E-99
127   74     1.00000000000000E-99   1.00000000000000E-99
128   74     1.00000000000000E-99   1.00000000000000E-99
129   74     1.00000000000000E-99   1.00000000000000E-99
130   74     1.00000000000000E-99   1.00000000000000E-99
131   74     1.00000000000000E-99   1.00000000000000E-99
132   74     1.00000000000000E-99   1.00000000000000E-99
133   74     1.00000000000000E-99   1.00000000000000E-99
134   74     1.00000000000000E-99   1.00000000000000E-99
135   74     1.00000000000000E-99   1.00000000000000E-99
136   74     1.00000000000000E-99   1.00000000000000E-99
137   74     1.00000000000000E-99   1.00000000000000E-99
138   74     1.00000000000000E-99   1.00000000000000E-99
139   74     1.00000000000000E-99   1.00000000000000E-99
140   74     1.00000000000000E-99   1.00000000000000E-99
141   74     1.00000000000000E-99   1.00000000000000E-99
142   74     1.00000000000000E-99   1.00000000000000E-99
143   74     5.31000115648597E-25   1.15227025095746E-22
144   74     2.37777413023746E-22   5.18354760391767E-20
145   74     2.32232317660341E-21   5.08588775676147E-19
146   74     6.56769886773846E-19   1.44489375090246E-16
147   74     6.79664531032578E-17   1.50205861358200E-14
148   74     6.67502980960379E-14   1.48185661773204E-11
149   74     1.16180580034208E-12   2.59082693476285E-10
150   74     2.70110446417184E-11   6.05047399974492E-09
151   74     2.25495547371149E-11   5.07364981585084E-09
152   74     2.56762489726526E-07   5.80283226781948E-05
153   74     5.93960073576342E-09   1.34828936701830E-06
154   74     2.33560601255422E-06   5.32518170862361E-04
155   74     1.78684919588578E-08   4.09188465857844E-06
156   74     8.86861808272782E-06   2.03978215902740E-03
157   74     6.42624068283343E-08   1.48446159773452E-05
158   74     1.64726619896615E-05   3.82165758160148E-03
159   74     1.83451825967788E-07   4.27442754504947E-05
160   74     1.08241465409751E-05   2.53285029058818E-03
161   74     2.07127916640505E-08   4.86750604105186E-06
162   74     1.60589834011884E-07   3.78992008268047E-05
163   74     1.82041379546188E-12   4.31438069524465E-10
164   74     1.59505399379389E-14   3.79622850522946E-12
165   74     1.72549810490319E-21   4.12394047071862E-19
166   74     1.03081110350424E-24   2.47394664841019E-22
167   74     1.00000000000000E-99   1.00000000000000E-99
168   74     1.00000000000000E-99   1.00000000000000E-99
169   74     1.00000000000000E-99   1.00000000000000E-99
170   74     1.00000000000000E-99   1.00000000000000E-99
171   74     1.00000000000000E-99   1.00000000000000E-99
172   74     1.00000000000000E-99   1.00000000000000E-99
173   74     1.00000000000000E-99   1.00000000000000E-99
 99   75     1.00000000000000E-99   1.00000000000000E-99
100   75     1.00000000000000E-99   1.00000000000000E-99
101   75     1.00000000000000E-99   1.00000000000000E-99
102   75     1.00000000000000E-99   1.00000000000000E-99
103   75     1.00000000000000E-99   1.00000000000000E-99
104   75     1.00000000000000E-99   1.00000000000000E-99
105   75     1.00000000000000E-99   1.00000000000000E-99
106   75     1.00000000000000E-99   1.00000000000000E-99
107   75     1.00000000000000E-99   1.00000000000000E-99
108   75     1.00000000000000E-99   1.00000000000000E-99
109   75     1.00000000000000E-99   1.00000000000000E-99
110   75     1.00000000000000E-99   1.00000000000000E-99
111   75     1.00000000000000E-99   1.00000000000000E-99
112   75     1.00000000000000E-99   1.00000000000000E-99
113   75     1.00000000000000E-99   1.00000000000000E-99
114   75     1.00000000000000E-99   1.00000000000000E-99
115   75     1.00000000000000E-99   1.00000000000000E-99
116   75     1.00000000000000E-99   1.00000000000000E-99
117   75     1.00000000000000E-99   1.00000000000000E-99
118   75     1.00000000000000E-99   1.00000000000000E-99
119   75     1.00000000000000E-99   1.00000000000000E-99
120   75     1.00000000000000E-99   1.00000000000000E-99
121   75     1.00000000000000E-99   1.00000000000000E-99
122   75     1.00000000000000E-99   1.00000000000000E-99
123   75     1.00000000000000E-99   1.00000000000000E-99
124   75     1.00000000000000E-99   1.00000000000000E-99
125   75     1.00000000000000E-99   1.00000000000000E-99
126   75     1.00000000000000E-99   1.00000000000000E-99
127   75     1.00000000000000E-99   1.00000000000000E-99
128   75     1.00000000000000E-99   1.00000000000000E-99
129   75     1.00000000000000E-99   1.00000000000000E-99
130   75     1.00000000000000E-99   1.00000000000000E-99
131   75     1.00000000000000E-99   1.00000000000000E-99
132   75     1.00000000000000E-99   1.00000000000000E-99
133   75     1.00000000000000E-99   1.00000000000000E-99
134   75     1.00000000000000E-99   1.00000000000000E-99
135   75     1.00000000000000E-99   1.00000000000000E-99
136   75     1.00000000000000E-99   1.00000000000000E-99
137   75     1.00000000000000E-99   1.00000000000000E-99
138   75     1.00000000000000E-99   1.00000000000000E-99
139   75     1.00000000000000E-99   1.00000000000000E-99
140   75     1.00000000000000E-99   1.00000000000000E-99
141   75     1.00000000000000E-99   1.00000000000000E-99
142   75     1.00000000000000E-99   1.00000000000000E-99
143   75     1.00000000000000E-99   1.00000000000000E-99
144   75     1.00000000000000E-99   1.00000000000000E-99
145   75     7.20878748356622E-24   1.58593324638457E-21
146   75     5.01825867920979E-21   1.10903516810536E-18
147   75     1.96079635680091E-20   4.35296791209801E-18
148   75     3.62955494384875E-18   8.09390752478271E-16
149   75     6.31146998203022E-16   1.41376927597477E-13
150   75     1.18498240051242E-14   2.66621040115296E-12
151   75     2.64628768605992E-14   5.98061017049543E-12
152   75     2.98487643195730E-12   6.77566950054307E-10
153   75     4.84365668391893E-13   1.10435372393352E-10
154   75     8.73384630308317E-11   2.00005080340605E-08
155   75     1.25657876875322E-11   2.89013116813242E-09
156   75     1.24044129942141E-08   2.86541940166345E-06
157   75     5.27470791390052E-10   1.22373223602492E-07
158   75     4.94650083896695E-07   1.15253469547930E-04
159   75     4.23849315066584E-08   9.91807397255806E-06
160   75     2.24331744962322E-05   5.27179600661458E-03
161   75     1.99455430098212E-07   4.70714815031779E-05
162   75     1.28899009486404E-05   3.05490652482777E-03
163   75     7.73220681451638E-10   1.84026522185490E-07
164   75     3.19780395992191E-11   7.64275146421336E-09
165   75     3.62651174002662E-17   8.70362817606389E-15
166   75     4.07039776597106E-21   9.80965861599026E-19
167   75     1.00000000000000E-99   1.00000000000000E-99
168   75     1.00000000000000E-99   1.00000000000000E-99
169   75     1.00000000000000E-99   1.00000000000000E-99
170   75     1.00000000000000E-99   1.00000000000000E-99
171   75     1.00000000000000E-99   1.00000000000000E-99
172   75     1.00000000000000E-99   1.00000000000000E-99
173   75     1.00000000000000E-99   1.00000000000000E-99
174   75     1.00000000000000E-99   1.00000000000000E-99
175   75     1.00000000000000E-99   1.00000000000000E-99
101   76     1.00000000000000E-99   1.00000000000000E-99
102   76     1.00000000000000E-99   1.00000000000000E-99
103   76     1.00000000000000E-99   1.00000000000000E-99
104   76     1.00000000000000E-99   1.00000000000000E-99
105   76     1.00000000000000E-99   1.00000000000000E-99
106   76     1.00000000000000E-99   1.00000000000000E-99
107   76     1.00000000000000E-99   1.00000000000000E-99
108   76     1.00000000000000E-99   1.00000000000000E-99
109   76     1.00000000000000E-99   1.00000000000000E-99
110   76     1.00000000000000E-99   1.00000000000000E-99
111   76     1.00000000000000E-99   1.00000000000000E-99
112   76     1.00000000000000E-99   1.00000000000000E-99
113   76     1.00000000000000E-99   1.00000000000000E-99
114   76     1.00000000000000E-99   1.00000000000000E-99
115   76     1.00000000000000E-99   1.00000000000000E-99
116   76     1.00000000000000E-99   1.00000000000000E-99
117   76     1.00000000000000E-99   1.00000000000000E-99
118   76     1.00000000000000E-99   1.00000000000000E-99
119   76     1.00000000000000E-99   1.00000000000000E-99
120   76     1.00000000000000E-99   1.00000000000000E-99
121   76     1.00000000000000E-99   1.00000000000000E-99
122   76     1.00000000000000E-99   1.00000000000000E-99
123   76     1.00000000000000E-99   1.00000000000000E-99
124   76     1.00000000000000E-99   1.00000000000000E-99
125   76     1.00000000000000E-99   1.00000000000000E-99
126   76     1.00000000000000E-99   1.00000000000000E-99
127   76     1.00000000000000E-99   1.00000000000000E-99
128   76     1.00000000000000E-99   1.00000000000000E-99
129   76     1.00000000000000E-99   1.00000000000000E-99
130   76     1.00000000000000E-99   1.00000000000000E-99
131   76     1.00000000000000E-99   1.00000000000000E-99
132   76     1.00000000000000E-99   1.00000000000000E-99
133   76     1.00000000000000E-99   1.00000000000000E-99
134   76     1.00000000000000E-99   1.00000000000000E-99
135   76     1.00000000000000E-99   1.00000000000000E-99
136   76     1.00000000000000E-99   1.00000000000000E-99
137   76     1.00000000000000E-99   1.00000000000000E-99
138   76     1.00000000000000E-99   1.00000000000000E-99
139   76     1.00000000000000E-99   1.00000000000000E-99
140   76     1.00000000000000E-99   1.00000000000000E-99
141   76     1.00000000000000E-99   1.00000000000000E-99
142   76     1.00000000000000E-99   1.00000000000000E-99
143   76     1.00000000000000E-99   1.00000000000000E-99
144   76     1.00000000000000E-99   1.00000000000000E-99
145   76     1.00000000000000E-99   1.00000000000000E-99
146   76     5.06140960876076E-24   1.12363293314489E-21
147   76     2.09612469663730E-23   4.67435807350117E-21
148   76     7.18928488629234E-22   1.61039981452948E-19
149   76     1.39764891300985E-20   3.14471005427217E-18
150   76     1.97326760119130E-19   4.45958477869234E-17
151   76     1.34615127417018E-18   3.05576339236631E-16
152   76     4.84945501443665E-16   1.10567574329156E-13
153   76     4.79670108987325E-16   1.09844454958097E-13
154   76     8.49186562667859E-14   1.95312909413608E-11
155   76     2.06319579463344E-14   4.76598228560324E-12
156   76     2.24108868470882E-11   5.19932574852446E-09
157   76     2.38738975395088E-12   5.56261812670554E-10
158   76     6.34371630286553E-10   1.48442961487053E-07
159   76     1.13582081377378E-10   2.66917891236838E-08
160   76     9.53376820878264E-07   2.24996929727270E-04
161   76     5.39259936025803E-08   1.27804604838115E-05
162   76     4.97608493202791E-05   1.18430821382264E-02
163   76     9.92965206164702E-09   2.37318684273364E-06
164   76     9.95365074043459E-10   2.38887617770430E-07
165   76     8.83447647328005E-16   2.12910883006049E-13
166   76     1.22572911618175E-18   2.96626446115984E-16
167   76     1.88221248623638E-23   4.57377634155440E-21
168   76     2.36374405568282E-25   5.76753549586607E-23
169   76     1.00000000000000E-99   1.00000000000000E-99
170   76     1.00000000000000E-99   1.00000000000000E-99
171   76     1.00000000000000E-99   1.00000000000000E-99
172   76     1.00000000000000E-99   1.00000000000000E-99
173   76     1.00000000000000E-99   1.00000000000000E-99
174   76     1.00000000000000E-99   1.00000000000000E-99
175   76     1.00000000000000E-99   1.00000000000000E-99
176   76     1.00000000000000E-99   1.00000000000000E-99
177   76     1.00000000000000E-99   1.00000000000000E-99
103   77     1.00000000000000E-99   1.00000000000000E-99
104   77     1.00000000000000E-99   1.00000000000000E-99
105   77     1.00000000000000E-99   1.00000000000000E-99
106   77     1.00000000000000E-99   1.00000000000000E-99
107   77     1.00000000000000E-99   1.00000000000000E-99
108   77     1.00000000000000E-99   1.00000000000000E-99
109   77     1.00000000000000E-99   1.00000000000000E-99
110   77     1.00000000000000E-99   1.00000000000000E-99
111   77     1.00000000000000E-99   1.00000000000000E-99
112   77     1.00000000000000E-99   1.00000000000000E-99
113   77     1.00000000000000E-99   1.00000000000000E-99
114   77     1.00000000000000E-99   1.00000000000000E-99
115   77     1.00000000000000E-99   1.00000000000000E-99
116   77     1.00000000000000E-99   1.00000000000000E-99
117   77     1.00000000000000E-99   1.00000000000000E-99
118   77     1.00000000000000E-99   1.00000000000000E-99
119   77     1.00000000000000E-99   1.00000000000000E-99
120   77     1.00000000000000E-99   1.00000000000000E-99
121   77     1.00000000000000E-99   1.00000000000000E-99
122   77     1.00000000000000E-99   1.00000000000000E-99
123   77     1.00000000000000E-99   1.00000000000000E-99
124   77     1.00000000000000E-99   1.00000000000000E-99
125   77     1.00000000000000E-99   1.00000000000000E-99
126   77     1.00000000000000E-99   1.00000000000000E-99
127   77     1.00000000000000E-99   1.00000000000000E-99
128   77     1.00000000000000E-99   1.00000000000000E-99
129   77     1.00000000000000E-99   1.00000000000000E-99
130   77     1.00000000000000E-99   1.00000000000000E-99
131   77     1.00000000000000E-99   1.00000000000000E-99
132   77     1.00000000000000E-99   1.00000000000000E-99
133   77     1.00000000000000E-99   1.00000000000000E-99
134   77     1.00000000000000E-99   1.00000000000000E-99
135   77     1.00000000000000E-99   1.00000000000000E-99
136   77     1.00000000000000E-99   1.00000000000000E-99
137   77     1.00000000000000E-99   1.00000000000000E-99
138   77     1.00000000000000E-99   1.00000000000000E-99
139   77     1.00000000000000E-99   1.00000000000000E-99
140   77     1.00000000000000E-99   1.00000000000000E-99
141   77     1.00000000000000E-99   1.00000000000000E-99
142   77     1.00000000000000E-99   1.00000000000000E-99
143   77     1.00000000000000E-99   1.00000000000000E-99
144   77     1.00000000000000E-99   1.00000000000000E-99
145   77     1.00000000000000E-99   1.00000000000000E-99
146   77     1.00000000000000E-99   1.00000000000000E-99
147   77     1.00000000000000E-99   1.00000000000000E-99
148   77     1.00000000000000E-99   1.00000000000000E-99
149   77     1.00000000000000E-99   1.00000000000000E-99
150   77     4.33647183564172E-24   9.84379106690671E-22
151   77     1.10750099644399E-22   2.52510227189229E-20
152   77     1.19030911145729E-20   2.72580786523719E-18
153   77     1.20995395651356E-19   2.78289409998119E-17
154   77     4.41579754357649E-18   1.02004923256617E-15
155   77     8.07549679220639E-18   1.87351525579188E-15
156   77     2.70784340942750E-14   6.30927514396607E-12
157   77     1.43129856778303E-14   3.34923864861230E-12
158   77     8.96320516775998E-13   2.10635321442360E-10
159   77     1.38981884392560E-12   3.27997247166441E-10
160   77     1.27601276204169E-08   3.02415024603881E-06
161   77     1.28047470438497E-08   3.04752979643622E-06
162   77     4.92425484272145E-05   1.17689690741043E-02
163   77     3.02004466354087E-08   7.24810719249808E-06
164   77     6.40285104546736E-08   1.54308710195763E-05
165   77     1.61603999193126E-13   3.91081678047366E-11
166   77     6.55788900447655E-14   1.59356702808780E-11
167   77     1.96782602106347E-18   4.80149549139486E-16
168   77     1.17717335244926E-23   2.88407471350068E-21
169   77     1.00000000000000E-99   1.00000000000000E-99
170   77     1.00000000000000E-99   1.00000000000000E-99
171   77     1.00000000000000E-99   1.00000000000000E-99
172   77     1.00000000000000E-99   1.00000000000000E-99
173   77     1.00000000000000E-99   1.00000000000000E-99
174   77     1.00000000000000E-99   1.00000000000000E-99
175   77     1.00000000000000E-99   1.00000000000000E-99
176   77     1.00000000000000E-99   1.00000000000000E-99
177   77     1.00000000000000E-99   1.00000000000000E-99
178   77     1.00000000000000E-99   1.00000000000000E-99
179   77     1.00000000000000E-99   1.00000000000000E-99
105   78     1.00000000000000E-99   1.00000000000000E-99
106   78     1.00000000000000E-99   1.00000000000000E-99
107   78     1.00000000000000E-99   1.00000000000000E-99
108   78     1.00000000000000E-99   1.00000000000000E-99
109   78     1.00000000000000E-99   1.00000000000000E-99
110   78     1.00000000000000E-99   1.00000000000000E-99
111   78     1.00000000000000E-99   1.00000000000000E-99
112   78     1.00000000000000E-99   1.00000000000000E-99
113   78     1.00000000000000E-99   1.00000000000000E-99
114   78     1.00000000000000E-99   1.00000000000000E-99
115   78     1.00000000000000E-99   1.00000000000000E-99
116   78     1.00000000000000E-99   1.00000000000000E-99
117   78     1.00000000000000E-99   1.00000000000000E-99
118   78     1.00000000000000E-99   1.00000000000000E-99
119   78     1.00000000000000E-99   1.00000000000000E-99
120   78     1.00000000000000E-99   1.00000000000000E-99
121   78     1.00000000000000E-99   1.00000000000000E-99
122   78     1.00000000000000E-99   1.00000000000000E-99
123   78     1.00000000000000E-99   1.00000000000000E-99
124   78     1.00000000000000E-99   1.00000000000000E-99
125   78     1.00000000000000E-99   1.00000000000000E-99
126   78     1.00000000000000E-99   1.00000000000000E-99
127   78     1.00000000000000E-99   1.00000000000000E-99
128   78     1.00000000000000E-99   1.00000000000000E-99
129   78     1.00000000000000E-99   1.00000000000000E-99
130   78     1.00000000000000E-99   1.00000000000000E-99
131   78     1.00000000000000E-99   1.00000000000000E-99
132   78     1.00000000000000E-99   1.00000000000000E-99
133   78     1.00000000000000E-99   1.00000000000000E-99
134   78     1.00000000000000E-99   1.00000000000000E-99
135   78     1.00000000000000E-99   1.00000000000000E-99
136   78     1.00000000000000E-99   1.00000000000000E-99
137   78     1.00000000000000E-99   1.00000000000000E-99
138   78     1.00000000000000E-99   1.00000000000000E-99
139   78     1.00000000000000E-99   1.00000000000000E-99
140   78     1.00000000000000E-99   1.00000000000000E-99
141   78     1.00000000000000E-99   1.00000000000000E-99
142   78     1.00000000000000E-99   1.00000000000000E-99
143   78     1.00000000000000E-99   1.00000000000000E-99
144   78     1.00000000000000E-99   1.00000000000000E-99
145   78     1.00000000000000E-99   1.00000000000000E-99
146   78     1.00000000000000E-99   1.00000000000000E-99
147   78     1.00000000000000E-99   1.00000000000000E-99
148   78     1.00000000000000E-99   1.00000000000000E-99
149   78     1.00000000000000E-99   1.00000000000000E-99
150   78     1.00000000000000E-99   1.00000000000000E-99
151   78     1.00000000000000E-99   1.00000000000000E-99
152   78     8.01196094296057E-24   1.84275101688093E-21
153   78     2.30149544863818E-22   5.31645448635421E-20
154   78     5.76035732020000E-21   1.33640289828640E-18
155   78     8.31184307292625E-21   1.93665943599182E-18
156   78     7.17428553742151E-17   1.67878281575663E-14
157   78     1.52233044055148E-16   3.57747653529599E-14
158   78     1.61830656332862E-13   3.81920348945554E-11
159   78     1.39242679894531E-12   3.30005151350039E-10
160   78     5.39372197569049E-10   1.28370583021434E-07
161   78     1.96636551901435E-09   4.69961359044430E-07
162   78     6.09425463947805E-05   1.46262111347473E-02
163   78     4.91474265104058E-07   1.18445297890078E-04
164   78     7.65909175148920E-06   1.85350020386039E-03
165   78     2.63263192052235E-11   6.39729556686932E-09
166   78     2.07870476764343E-10   5.07203963304997E-08
167   78     1.67673306149242E-21   4.10799600065643E-19
168   78     2.91470969613647E-18   7.17018585249572E-16
169   78     5.71381281913094E-23   1.41131176632534E-20
170   78     3.62176847493774E-23   8.98198581784560E-21
171   78     1.00000000000000E-99   1.00000000000000E-99
172   78     1.14767655103172E-24   2.86919137757930E-22
173   78     1.00000000000000E-99   1.00000000000000E-99
174   78     1.00000000000000E-99   1.00000000000000E-99
175   78     1.00000000000000E-99   1.00000000000000E-99
176   78     1.00000000000000E-99   1.00000000000000E-99
177   78     1.00000000000000E-99   1.00000000000000E-99
178   78     1.00000000000000E-99   1.00000000000000E-99
179   78     1.00000000000000E-99   1.00000000000000E-99
180   78     1.00000000000000E-99   1.00000000000000E-99
181   78     1.00000000000000E-99   1.00000000000000E-99
182   78     1.00000000000000E-99   1.00000000000000E-99
106   79     1.00000000000000E-99   1.00000000000000E-99
107   79     1.00000000000000E-99   1.00000000000000E-99
108   79     1.00000000000000E-99   1.00000000000000E-99
109   79     1.00000000000000E-99   1.00000000000000E-99
110   79     1.00000000000000E-99   1.00000000000000E-99
111   79     1.00000000000000E-99   1.00000000000000E-99
112   79     1.00000000000000E-99   1.00000000000000E-99
113   79     1.00000000000000E-99   1.00000000000000E-99
114   79     1.00000000000000E-99   1.00000000000000E-99
115   79     1.00000000000000E-99   1.00000000000000E-99
116   79     1.00000000000000E-99   1.00000000000000E-99
117   79     1.00000000000000E-99   1.00000000000000E-99
118   79     1.00000000000000E-99   1.00000000000000E-99
119   79     1.00000000000000E-99   1.00000000000000E-99
120   79     1.00000000000000E-99   1.00000000000000E-99
121   79     1.00000000000000E-99   1.00000000000000E-99
122   79     1.00000000000000E-99   1.00000000000000E-99
123   79     1.00000000000000E-99   1.00000000000000E-99
124   79     1.00000000000000E-99   1.00000000000000E-99
125   79     1.00000000000000E-99   1.00000000000000E-99
126   79     1.00000000000000E-99   1.00000000000000E-99
127   79     1.00000000000000E-99   1.00000000000000E-99
128   79     1.00000000000000E-99   1.00000000000000E-99
129   79     1.00000000000000E-99   1.00000000000000E-99
130   79     1.00000000000000E-99   1.00000000000000E-99
131   79     1.00000000000000E-99   1.00000000000000E-99
132   79     1.00000000000000E-99   1.00000000000000E-99
133   79     1.00000000000000E-99   1.00000000000000E-99
134   79     1.00000000000000E-99   1.00000000000000E-99
135   79     1.00000000000000E-99   1.00000000000000E-99
136   79     1.00000000000000E-99   1.00000000000000E-99
137   79     1.00000000000000E-99   1.00000000000000E-99
138   79     1.00000000000000E-99   1.00000000000000E-99
139   79     1.00000000000000E-99   1.00000000000000E-99
140   79     1.00000000000000E-99   1.00000000000000E-99
141   79     1.00000000000000E-99   1.00000000000000E-99
142   79     1.00000000000000E-99   1.00000000000000E-99
143   79     1.00000000000000E-99   1.00000000000000E-99
144   79     1.00000000000000E-99   1.00000000000000E-99
145   79     1.00000000000000E-99   1.00000000000000E-99
146   79     1.00000000000000E-99   1.00000000000000E-99
147   79     1.00000000000000E-99   1.00000000000000E-99
148   79     1.00000000000000E-99   1.00000000000000E-99
149   79     1.00000000000000E-99   1.00000000000000E-99
150   79     1.00000000000000E-99   1.00000000000000E-99
151   79     1.00000000000000E-99   1.00000000000000E-99
152   79     1.00000000000000E-99   1.00000000000000E-99
153   79     1.00000000000000E-99   1.00000000000000E-99
154   79     1.56825817009113E-23   3.65404153631233E-21
155   79     6.74081518505437E-23   1.57735075330272E-20
156   79     6.20408028831244E-19   1.45795886775342E-16
157   79     3.54847617091052E-19   8.37440376334883E-17
158   79     2.30295814385161E-14   5.45801080092831E-12
159   79     4.13228431930129E-14   9.83483667993706E-12
160   79     2.17440840300964E-11   5.19683608319303E-09
161   79     1.99692339991595E-09   4.79261615979828E-07
162   79     4.87555216125039E-05   1.17500807086134E-02
163   79     1.56568683089907E-05   3.78896213077576E-03
164   79     2.74849756879101E-06   6.67884909216215E-04
165   79     2.81110125587374E-17   6.85908706433192E-15
166   79     2.01848851495781E-16   4.94529686164663E-14
167   79     2.67766160504477E-18   6.58704754841013E-16
168   79     4.55502533278261E-15   1.12509125719730E-12
169   79     4.80896210228680E-17   1.19262260136713E-14
170   79     8.30175862184799E-15   2.06713789684015E-12
171   79     1.60095762289092E-12   4.00239405722730E-10
172   79     2.14023948739221E-11   5.37200111335445E-09
173   79     2.48815417277821E-14   6.27014851540110E-12
174   79     1.16148213976796E-17   2.93854981361295E-15
175   79     4.63331060751900E-21   1.17686089430982E-18
176   79     8.13393438292314E-18   2.07415326764540E-15
177   79     1.31898807169164E-21   3.37660946353060E-19
178   79     4.25114151391741E-23   1.09254336907677E-20
179   79     1.00000000000000E-99   1.00000000000000E-99
180   79     1.00000000000000E-99   1.00000000000000E-99
181   79     1.00000000000000E-99   1.00000000000000E-99
182   79     1.00000000000000E-99   1.00000000000000E-99
183   79     1.00000000000000E-99   1.00000000000000E-99
184   79     1.00000000000000E-99   1.00000000000000E-99
109   80     1.00000000000000E-99   1.00000000000000E-99
110   80     1.00000000000000E-99   1.00000000000000E-99
111   80     1.00000000000000E-99   1.00000000000000E-99
112   80     1.00000000000000E-99   1.00000000000000E-99
113   80     1.00000000000000E-99   1.00000000000000E-99
114   80     1.00000000000000E-99   1.00000000000000E-99
115   80     1.00000000000000E-99   1.00000000000000E-99
116   80     1.00000000000000E-99   1.00000000000000E-99
117   80     1.00000000000000E-99   1.00000000000000E-99
118   80     1.00000000000000E-99   1.00000000000000E-99
119   80     1.00000000000000E-99   1.00000000000000E-99
120   80     1.00000000000000E-99   1.00000000000000E-99
121   80     1.00000000000000E-99   1.00000000000000E-99
122   80     1.00000000000000E-99   1.00000000000000E-99
123   80     1.00000000000000E-99   1.00000000000000E-99
124   80     1.00000000000000E-99   1.00000000000000E-99
125   80     1.00000000000000E-99   1.00000000000000E-99
126   80     1.00000000000000E-99   1.00000000000000E-99
127   80     1.00000000000000E-99   1.00000000000000E-99
128   80     1.00000000000000E-99   1.00000000000000E-99
129   80     1.00000000000000E-99   1.00000000000000E-99
130   80     1.00000000000000E-99   1.00000000000000E-99
131   80     1.00000000000000E-99   1.00000000000000E-99
132   80     1.00000000000000E-99   1.00000000000000E-99
133   80     1.00000000000000E-99   1.00000000000000E-99
134   80     1.00000000000000E-99   1.00000000000000E-99
135   80     1.00000000000000E-99   1.00000000000000E-99
136   80     1.00000000000000E-99   1.00000000000000E-99
137   80     1.00000000000000E-99   1.00000000000000E-99
138   80     1.00000000000000E-99   1.00000000000000E-99
139   80     1.00000000000000E-99   1.00000000000000E-99
140   80     1.00000000000000E-99   1.00000000000000E-99
141   80     1.00000000000000E-99   1.00000000000000E-99
142   80     1.00000000000000E-99   1.00000000000000E-99
143   80     1.00000000000000E-99   1.00000000000000E-99
144   80     1.00000000000000E-99   1.00000000000000E-99
145   80     1.00000000000000E-99   1.00000000000000E-99
146   80     1.00000000000000E-99   1.00000000000000E-99
147   80     1.00000000000000E-99   1.00000000000000E-99
148   80     1.00000000000000E-99   1.00000000000000E-99
149   80     1.00000000000000E-99   1.00000000000000E-99
150   80     1.00000000000000E-99   1.00000000000000E-99
151   80     1.00000000000000E-99   1.00000000000000E-99
152   80     1.00000000000000E-99   1.00000000000000E-99
153   80     1.00000000000000E-99   1.00000000000000E-99
154   80     2.10534970433581E-25   4.92651830814578E-23
155   80     3.47714107953323E-23   8.17128153690309E-21
156   80     1.50791214614407E-21   3.55867266489999E-19
157   80     4.65239101628244E-20   1.10261667085894E-17
158   80     3.49067334400371E-15   8.30780255872883E-13
159   80     3.63292470493561E-13   8.68269004479610E-11
160   80     1.46321852241929E-11   3.51172445380629E-09
161   80     3.95010949914825E-11   9.51976389294729E-09
162   80     4.43966883970024E-05   1.07439985920746E-02
163   80     2.77970868127732E-05   6.75469209550388E-03
164   80     3.47067217218639E-11   8.46844010013479E-09
165   80     1.49610975878321E-12   3.66546890901886E-10
166   80     8.97197412653746E-12   2.20710563512822E-09
167   80     1.11700209244505E-12   2.75899516833928E-10
168   80     1.69802075927873E-09   4.21109148301125E-07
169   80     2.76529519113197E-10   6.88558502591860E-08
170   80     2.51913953483853E-06   6.29784883709632E-04
171   80     2.88026028380584E-08   7.22945331235267E-06
172   80     1.44412545470512E-05   3.63919614585691E-03
173   80     2.25897886171401E-08   5.71521652013643E-06
174   80     6.40635243338758E-07   1.62721351808045E-04
175   80     1.84714561090826E-09   4.71022130781606E-07
176   80     1.75814503755498E-08   4.50085129614076E-06
177   80     8.42048287437675E-13   2.16406409871482E-10
178   80     1.00567345083506E-12   2.59463750315446E-10
179   80     5.40087255737346E-20   1.39882599235973E-17
180   80     1.49041413657853E-20   3.87507675510419E-18
181   80     1.00000000000000E-99   1.00000000000000E-99
182   80     1.00000000000000E-99   1.00000000000000E-99
183   80     1.00000000000000E-99   1.00000000000000E-99
184   80     1.00000000000000E-99   1.00000000000000E-99
185   80     1.00000000000000E-99   1.00000000000000E-99
186   80     1.00000000000000E-99   1.00000000000000E-99
110   81     1.00000000000000E-99   1.00000000000000E-99
111   81     1.00000000000000E-99   1.00000000000000E-99
112   81     1.00000000000000E-99   1.00000000000000E-99
113   81     1.00000000000000E-99   1.00000000000000E-99
114   81     1.00000000000000E-99   1.00000000000000E-99
115   81     1.00000000000000E-99   1.00000000000000E-99
116   81     1.00000000000000E-99   1.00000000000000E-99
117   81     1.00000000000000E-99   1.00000000000000E-99
118   81     1.00000000000000E-99   1.00000000000000E-99
119   81     1.00000000000000E-99   1.00000000000000E-99
120   81     1.00000000000000E-99   1.00000000000000E-99
121   81     1.00000000000000E-99   1.00000000000000E-99
122   81     1.00000000000000E-99   1.00000000000000E-99
123   81     1.00000000000000E-99   1.00000000000000E-99
124   81     1.00000000000000E-99   1.00000000000000E-99
125   81     1.00000000000000E-99   1.00000000000000E-99
126   81     1.00000000000000E-99   1.00000000000000E-99
127   81     1.00000000000000E-99   1.00000000000000E-99
128   81     1.00000000000000E-99   1.00000000000000E-99
129   81     1.00000000000000E-99   1.00000000000000E-99
130   81     1.00000000000000E-99   1.00000000000000E-99
131   81     1.00000000000000E-99   1.00000000000000E-99
132   81     1.00000000000000E-99   1.00000000000000E-99
133   81     1.00000000000000E-99   1.00000000000000E-99
134   81     1.00000000000000E-99   1.00000000000000E-99
135   81     1.00000000000000E-99   1.00000000000000E-99
136   81     1.00000000000000E-99   1.00000000000000E-99
137   81     1.00000000000000E-99   1.00000000000000E-99
138   81     1.00000000000000E-99   1.00000000000000E-99
139   81     1.00000000000000E-99   1.00000000000000E-99
140   81     1.00000000000000E-99   1.00000000000000E-99
141   81     1.00000000000000E-99   1.00000000000000E-99
142   81     1.00000000000000E-99   1.00000000000000E-99
143   81     1.00000000000000E-99   1.00000000000000E-99
144   81     1.00000000000000E-99   1.00000000000000E-99
145   81     1.00000000000000E-99   1.00000000000000E-99
146   81     1.00000000000000E-99   1.00000000000000E-99
147   81     1.00000000000000E-99   1.00000000000000E-99
148   81     1.00000000000000E-99   1.00000000000000E-99
149   81     1.00000000000000E-99   1.00000000000000E-99
150   81     1.00000000000000E-99   1.00000000000000E-99
151   81     1.00000000000000E-99   1.00000000000000E-99
152   81     1.00000000000000E-99   1.00000000000000E-99
153   81     1.00000000000000E-99   1.00000000000000E-99
154   81     1.00000000000000E-99   1.00000000000000E-99
155   81     1.00000000000000E-99   1.00000000000000E-99
156   81     4.04202591043956E-22   9.57960140774175E-20
157   81     7.12671389926031E-22   1.69615790802395E-19
158   81     3.54179527990749E-16   8.46489071897891E-14
159   81     2.11162689680248E-13   5.06790455232595E-11
160   81     3.57802444956236E-13   8.62303892344528E-11
161   81     6.13082432375866E-14   1.48365948634960E-11
162   81     2.41576466833259E-13   5.87030814404818E-11
163   81     8.74733004278285E-13   2.13434853043902E-10
164   81     1.24558815053813E-12   3.05169096881841E-10
165   81     1.54075808979673E-13   3.79026490089995E-11
166   81     5.25213285588617E-13   1.29727681540388E-10
167   81     2.04660287982002E-13   5.07557514195366E-11
168   81     3.54263156496720E-12   8.82115259676833E-10
169   81     1.37708737114832E-12   3.44271842787080E-10
170   81     8.78968578485739E-10   2.20621113199921E-07
171   81     1.49903867991386E-10   3.77757747338293E-08
172   81     1.97650651902780E-07   5.00056149314033E-05
173   81     6.46596138699808E-09   1.64235419229751E-06
174   81     8.49104497251398E-07   2.16521646799106E-04
175   81     1.75947060701336E-08   4.50424475395420E-06
176   81     1.66230094826955E-05   4.27211343705275E-03
177   81     9.41318833466892E-09   2.42860259034458E-06
178   81     3.68536541417115E-08   9.54509642270328E-06
179   81     2.26128327961591E-11   5.87933652700135E-09
180   81     1.05790465094847E-11   2.76113113897550E-09
181   81     3.18191869292483E-16   8.33662697546306E-14
182   81     1.21454544404731E-17   3.19425451784443E-15
183   81     1.10511431045736E-23   2.91750177960742E-21
184   81     1.00000000000000E-99   1.00000000000000E-99
185   81     1.00000000000000E-99   1.00000000000000E-99
186   81     1.00000000000000E-99   1.00000000000000E-99
187   81     1.00000000000000E-99   1.00000000000000E-99
188   81     1.00000000000000E-99   1.00000000000000E-99
112   82     1.00000000000000E-99   1.00000000000000E-99
113   82     1.00000000000000E-99   1.00000000000000E-99
114   82     1.00000000000000E-99   1.00000000000000E-99
115   82     1.00000000000000E-99   1.00000000000000E-99
116   82     1.00000000000000E-99   1.00000000000000E-99
117   82     1.00000000000000E-99   1.00000000000000E-99
118   82     1.00000000000000E-99   1.00000000000000E-99
119   82     1.00000000000000E-99   1.00000000000000E-99
120   82     1.00000000000000E-99   1.00000000000000E-99
121   82     1.00000000000000E-99   1.00000000000000E-99
122   82     1.00000000000000E-99   1.00000000000000E-99
123   82     1.00000000000000E-99   1.00000000000000E-99
124   82     1.00000000000000E-99   1.00000000000000E-99
125   82     1.00000000000000E-99   1.00000000000000E-99
126   82     1.00000000000000E-99   1.00000000000000E-99
127   82     1.00000000000000E-99   1.00000000000000E-99
128   82     1.00000000000000E-99   1.00000000000000E-99
129   82     1.00000000000000E-99   1.00000000000000E-99
130   82     1.00000000000000E-99   1.00000000000000E-99
131   82     1.00000000000000E-99   1.00000000000000E-99
132   82     1.00000000000000E-99   1.00000000000000E-99
133   82     1.00000000000000E-99   1.00000000000000E-99
134   82     1.00000000000000E-99   1.00000000000000E-99
135   82     1.00000000000000E-99   1.00000000000000E-99
136   82     1.00000000000000E-99   1.00000000000000E-99
137   82     1.00000000000000E-99   1.00000000000000E-99
138   82     1.00000000000000E-99   1.00000000000000E-99
139   82     1.00000000000000E-99   1.00000000000000E-99
140   82     1.00000000000000E-99   1.00000000000000E-99
141   82     1.00000000000000E-99   1.00000000000000E-99
142   82     1.00000000000000E-99   1.00000000000000E-99
143   82     1.00000000000000E-99   1.00000000000000E-99
144   82     1.00000000000000E-99   1.00000000000000E-99
145   82     1.00000000000000E-99   1.00000000000000E-99
146   82     1.00000000000000E-99   1.00000000000000E-99
147   82     1.00000000000000E-99   1.00000000000000E-99
148   82     1.00000000000000E-99   1.00000000000000E-99
149   82     1.00000000000000E-99   1.00000000000000E-99
150   82     1.00000000000000E-99   1.00000000000000E-99
151   82     1.00000000000000E-99   1.00000000000000E-99
152   82     1.00000000000000E-99   1.00000000000000E-99
153   82     1.00000000000000E-99   1.00000000000000E-99
154   82     1.00000000000000E-99   1.00000000000000E-99
155   82     1.00000000000000E-99   1.00000000000000E-99
156   82     4.56226361131306E-22   1.08581873949251E-19
157   82     4.80605574144780E-22   1.14864732220602E-19
158   82     6.67517962319560E-20   1.60204310956694E-17
159   82     1.45699621645735E-19   3.51136088166220E-17
160   82     1.04882327130318E-19   2.53815231655370E-17
161   82     2.52768339546610E-20   6.14227065098263E-18
162   82     3.27421891630115E-19   7.98909415577480E-17
163   82     5.07952995159681E-20   1.24448483814122E-17
164   82     2.38326729709503E-18   5.86283755085376E-16
165   82     1.80517342443660E-19   4.45877835835841E-17
166   82     6.21801841754401E-18   1.54206856755091E-15
167   82     5.59161205840137E-17   1.39231140254194E-14
168   82     5.54901414547263E-14   1.38725353636816E-11
169   82     2.18511295851947E-14   5.48463352588388E-12
170   82     2.22261278191154E-12   5.60098421041707E-10
171   82     5.47096968154880E-13   1.38415532943185E-10
172   82     1.38276755481281E-09   3.51222958922453E-07
173   82     7.66310346606596E-11   1.95409138384682E-08
174   82     1.37471406000979E-07   3.51926799362506E-05
175   82     3.41995134514374E-09   8.78927495701941E-07
176   82     3.87233947668345E-06   9.99063584984330E-04
177   82     3.13085307121466E-08   8.10890945444597E-06
178   82     1.67183550031251E-05   4.34677230081253E-03
179   82     1.33666994542129E-08   3.48870855754958E-06
180   82     1.26755887783237E-07   3.32100425992082E-05
181   82     1.50697451811245E-11   3.96334298263575E-09
182   82     5.08573023132400E-12   1.34263278106954E-09
183   82     4.87739428222274E-18   1.29250948478903E-15
184   82     1.68568393241023E-20   4.48391926021120E-18
185   82     1.00000000000000E-99   1.00000000000000E-99
186   82     1.00000000000000E-99   1.00000000000000E-99
187   82     1.00000000000000E-99   1.00000000000000E-99
188   82     1.00000000000000E-99   1.00000000000000E-99
189   82     1.00000000000000E-99   1.00000000000000E-99
190   82     1.00000000000000E-99   1.00000000000000E-99
191   82     1.00000000000000E-99   1.00000000000000E-99
114   83     1.00000000000000E-99   1.00000000000000E-99
115   83     1.00000000000000E-99   1.00000000000000E-99
116   83     1.00000000000000E-99   1.00000000000000E-99
117   83     1.00000000000000E-99   1.00000000000000E-99
118   83     1.00000000000000E-99   1.00000000000000E-99
119   83     1.00000000000000E-99   1.00000000000000E-99
120   83     1.00000000000000E-99   1.00000000000000E-99
121   83     1.00000000000000E-99   1.00000000000000E-99
122   83     1.00000000000000E-99   1.00000000000000E-99
123   83     1.00000000000000E-99   1.00000000000000E-99
124   83     1.00000000000000E-99   1.00000000000000E-99
125   83     1.00000000000000E-99   1.00000000000000E-99
126   83     1.00000000000000E-99   1.00000000000000E-99
127   83     1.00000000000000E-99   1.00000000000000E-99
128   83     1.00000000000000E-99   1.00000000000000E-99
129   83     1.00000000000000E-99   1.00000000000000E-99
130   83     1.00000000000000E-99   1.00000000000000E-99
131   83     1.00000000000000E-99   1.00000000000000E-99
132   83     1.00000000000000E-99   1.00000000000000E-99
133   83     1.00000000000000E-99   1.00000000000000E-99
134   83     1.00000000000000E-99   1.00000000000000E-99
135   83     1.00000000000000E-99   1.00000000000000E-99
136   83     1.00000000000000E-99   1.00000000000000E-99
137   83     1.00000000000000E-99   1.00000000000000E-99
138   83     1.00000000000000E-99   1.00000000000000E-99
139   83     1.00000000000000E-99   1.00000000000000E-99
140   83     1.00000000000000E-99   1.00000000000000E-99
141   83     1.00000000000000E-99   1.00000000000000E-99
142   83     1.00000000000000E-99   1.00000000000000E-99
143   83     1.00000000000000E-99   1.00000000000000E-99
144   83     1.00000000000000E-99   1.00000000000000E-99
145   83     1.00000000000000E-99   1.00000000000000E-99
146   83     1.00000000000000E-99   1.00000000000000E-99
147   83     1.00000000000000E-99   1.00000000000000E-99
148   83     1.00000000000000E-99   1.00000000000000E-99
149   83     1.00000000000000E-99   1.00000000000000E-99
150   83     1.00000000000000E-99   1.00000000000000E-99
151   83     1.00000000000000E-99   1.00000000000000E-99
152   83     1.00000000000000E-99   1.00000000000000E-99
153   83     1.00000000000000E-99   1.00000000000000E-99
154   83     1.00000000000000E-99   1.00000000000000E-99
155   83     1.00000000000000E-99   1.00000000000000E-99
156   83     1.00000000000000E-99   1.00000000000000E-99
157   83     1.00000000000000E-99   1.00000000000000E-99
158   83     1.00000000000000E-99   1.00000000000000E-99
159   83     1.00000000000000E-99   1.00000000000000E-99
160   83     1.00000000000000E-99   1.00000000000000E-99
161   83     1.00000000000000E-99   1.00000000000000E-99
162   83     1.00000000000000E-99   1.00000000000000E-99
163   83     1.00000000000000E-99   1.00000000000000E-99
164   83     3.48520732717232E-25   8.60846209811564E-23
165   83     3.77365963051836E-24   9.35867588368553E-22
166   83     4.05237577968569E-22   1.00904156914174E-19
167   83     2.80136576984823E-21   7.00341442462057E-19
168   83     4.20540337379409E-19   1.05555624682232E-16
169   83     7.84516468971204E-18   1.97698150180743E-15
170   83     3.03413271289230E-16   7.67635576361753E-14
171   83     1.54838043292746E-15   3.93288629963574E-13
172   83     4.75957789066611E-13   1.21369236211986E-10
173   83     2.65797391728392E-13   6.80441322824684E-11
174   83     3.07335220728697E-10   7.89851517272751E-08
175   83     1.23240151883311E-10   3.17959591858941E-08
176   83     2.47681299308412E-06   6.41494565208787E-04
177   83     3.05244168129263E-08   7.93634837136083E-06
178   83     9.63149525492784E-06   2.51382026153617E-03
179   83     2.47705994985722E-07   6.48989706862590E-05
180   83     6.47080876502373E-06   1.70182270520124E-03
181   83     2.24574837154660E-09   5.92877570088304E-07
182   83     2.94480174528008E-09   7.80372462499220E-07
183   83     4.55443994305932E-14   1.21148102485378E-11
184   83     1.45064040391357E-16   3.87320987844924E-14
185   83     1.00000000000000E-99   1.00000000000000E-99
186   83     1.00000000000000E-99   1.00000000000000E-99
187   83     1.00000000000000E-99   1.00000000000000E-99
188   83     1.00000000000000E-99   1.00000000000000E-99
189   83     1.00000000000000E-99   1.00000000000000E-99
190   83     1.00000000000000E-99   1.00000000000000E-99
191   83     1.00000000000000E-99   1.00000000000000E-99
192   83     1.00000000000000E-99   1.00000000000000E-99
193   83     1.00000000000000E-99   1.00000000000000E-99
118   84     1.00000000000000E-99   1.00000000000000E-99
119   84     1.00000000000000E-99   1.00000000000000E-99
120   84     1.00000000000000E-99   1.00000000000000E-99
121   84     1.00000000000000E-99   1.00000000000000E-99
122   84     1.00000000000000E-99   1.00000000000000E-99
123   84     1.00000000000000E-99   1.00000000000000E-99
124   84     1.00000000000000E-99   1.00000000000000E-99
125   84     1.00000000000000E-99   1.00000000000000E-99
126   84     1.00000000000000E-99   1.00000000000000E-99
127   84     1.00000000000000E-99   1.00000000000000E-99
128   84     1.00000000000000E-99   1.00000000000000E-99
129   84     1.00000000000000E-99   1.00000000000000E-99
130   84     1.00000000000000E-99   1.00000000000000E-99
131   84     1.00000000000000E-99   1.00000000000000E-99
132   84     1.00000000000000E-99   1.00000000000000E-99
133   84     1.00000000000000E-99   1.00000000000000E-99
134   84     1.00000000000000E-99   1.00000000000000E-99
135   84     1.00000000000000E-99   1.00000000000000E-99
136   84     1.00000000000000E-99   1.00000000000000E-99
137   84     1.00000000000000E-99   1.00000000000000E-99
138   84     1.00000000000000E-99   1.00000000000000E-99
139   84     1.00000000000000E-99   1.00000000000000E-99
140   84     1.00000000000000E-99   1.00000000000000E-99
141   84     1.00000000000000E-99   1.00000000000000E-99
142   84     1.00000000000000E-99   1.00000000000000E-99
143   84     1.00000000000000E-99   1.00000000000000E-99
144   84     1.00000000000000E-99   1.00000000000000E-99
145   84     1.00000000000000E-99   1.00000000000000E-99
146   84     1.00000000000000E-99   1.00000000000000E-99
147   84     1.00000000000000E-99   1.00000000000000E-99
148   84     1.00000000000000E-99   1.00000000000000E-99
149   84     1.00000000000000E-99   1.00000000000000E-99
150   84     1.00000000000000E-99   1.00000000000000E-99
151   84     1.00000000000000E-99   1.00000000000000E-99
152   84     1.00000000000000E-99   1.00000000000000E-99
153   84     1.00000000000000E-99   1.00000000000000E-99
154   84     1.00000000000000E-99   1.00000000000000E-99
155   84     1.00000000000000E-99   1.00000000000000E-99
156   84     1.00000000000000E-99   1.00000000000000E-99
157   84     1.00000000000000E-99   1.00000000000000E-99
158   84     1.00000000000000E-99   1.00000000000000E-99
159   84     1.00000000000000E-99   1.00000000000000E-99
160   84     1.00000000000000E-99   1.00000000000000E-99
161   84     1.00000000000000E-99   1.00000000000000E-99
162   84     1.00000000000000E-99   1.00000000000000E-99
163   84     1.00000000000000E-99   1.00000000000000E-99
164   84     1.00000000000000E-99   1.00000000000000E-99
165   84     1.00000000000000E-99   1.00000000000000E-99
166   84     1.00000000000000E-99   1.00000000000000E-99
167   84     4.49654456483192E-25   1.12863268577281E-22
168   84     1.93483723936716E-22   4.87578984320523E-20
169   84     1.76268420237248E-21   4.45959103200237E-19
170   84     1.14617140811132E-19   2.91127537660276E-17
171   84     4.68437677644986E-19   1.19451607799471E-16
172   84     1.05067249239762E-11   2.68972158053791E-09
173   84     4.88618141294839E-14   1.25574862312774E-11
174   84     1.44351907952740E-12   3.72427922518070E-10
175   84     7.79493198756133E-13   2.01888738477839E-10
176   84     4.82446303484754E-09   1.25436038906036E-06
177   84     4.42993660370567E-10   1.15621345356718E-07
178   84     6.28182548226384E-07   1.64583827635313E-04
179   84     2.93983954229823E-08   7.73177799624434E-06
180   84     2.16181308638504E-05   5.70718654805650E-03
181   84     3.11524530050282E-08   8.25540004633248E-06
182   84     2.96060379223088E-07   7.87520608733414E-05
183   84     1.22268554651590E-16   3.26457040919744E-14
184   84     7.96159725539514E-18   2.13370806444590E-15
185   84     1.00000000000000E-99   1.00000000000000E-99
186   84     1.00000000000000E-99   1.00000000000000E-99
187   84     1.00000000000000E-99   1.00000000000000E-99
188   84     1.00000000000000E-99   1.00000000000000E-99
189   84     1.00000000000000E-99   1.00000000000000E-99
190   84     1.00000000000000E-99   1.00000000000000E-99
191   84     1.00000000000000E-99   1.00000000000000E-99
192   84     1.00000000000000E-99   1.00000000000000E-99
121   85     1.00000000000000E-99   1.00000000000000E-99
122   85     1.00000000000000E-99   1.00000000000000E-99
123   85     1.00000000000000E-99   1.00000000000000E-99
124   85     1.00000000000000E-99   1.00000000000000E-99
125   85     1.00000000000000E-99   1.00000000000000E-99
126   85     1.00000000000000E-99   1.00000000000000E-99
127   85     1.00000000000000E-99   1.00000000000000E-99
128   85     1.00000000000000E-99   1.00000000000000E-99
129   85     1.00000000000000E-99   1.00000000000000E-99
130   85     1.00000000000000E-99   1.00000000000000E-99
131   85     1.00000000000000E-99   1.00000000000000E-99
132   85     1.00000000000000E-99   1.00000000000000E-99
133   85     1.00000000000000E-99   1.00000000000000E-99
134   85     1.00000000000000E-99   1.00000000000000E-99
135   85     1.00000000000000E-99   1.00000000000000E-99
136   85     1.00000000000000E-99   1.00000000000000E-99
137   85     1.00000000000000E-99   1.00000000000000E-99
138   85     1.00000000000000E-99   1.00000000000000E-99
139   85     1.00000000000000E-99   1.00000000000000E-99
140   85     1.00000000000000E-99   1.00000000000000E-99
141   85     1.00000000000000E-99   1.00000000000000E-99
142   85     1.00000000000000E-99   1.00000000000000E-99
143   85     1.00000000000000E-99   1.00000000000000E-99
144   85     1.00000000000000E-99   1.00000000000000E-99
145   85     1.00000000000000E-99   1.00000000000000E-99
146   85     1.00000000000000E-99   1.00000000000000E-99
147   85     1.00000000000000E-99   1.00000000000000E-99
148   85     1.00000000000000E-99   1.00000000000000E-99
149   85     1.00000000000000E-99   1.00000000000000E-99
150   85     1.00000000000000E-99   1.00000000000000E-99
151   85     1.00000000000000E-99   1.00000000000000E-99
152   85     1.00000000000000E-99   1.00000000000000E-99
153   85     1.00000000000000E-99   1.00000000000000E-99
154   85     1.00000000000000E-99   1.00000000000000E-99
155   85     1.00000000000000E-99   1.00000000000000E-99
156   85     1.00000000000000E-99   1.00000000000000E-99
157   85     1.00000000000000E-99   1.00000000000000E-99
158   85     1.00000000000000E-99   1.00000000000000E-99
159   85     1.00000000000000E-99   1.00000000000000E-99
160   85     1.00000000000000E-99   1.00000000000000E-99
161   85     1.00000000000000E-99   1.00000000000000E-99
162   85     1.00000000000000E-99   1.00000000000000E-99
163   85     1.00000000000000E-99   1.00000000000000E-99
164   85     1.00000000000000E-99   1.00000000000000E-99
165   85     1.00000000000000E-99   1.00000000000000E-99
166   85     1.00000000000000E-99   1.00000000000000E-99
167   85     1.00000000000000E-99   1.00000000000000E-99
168   85     1.98225513893673E-24   5.01510550150992E-22
169   85     1.83208156232669E-21   4.65348716830980E-19
170   85     2.33913400957359E-20   5.96479172441265E-18
171   85     1.64276323462204E-20   4.20547388063243E-18
172   85     7.32708182617115E-15   1.88306002932598E-12
173   85     4.20028588036327E-17   1.08367375713372E-14
174   85     6.71800175732462E-16   1.73996245514708E-13
175   85     5.85745531865845E-15   1.52293838285120E-12
176   85     4.53420271042770E-11   1.18342690742163E-08
177   85     2.88734302050823E-11   7.56483871373157E-09
178   85     1.27373827207582E-07   3.34993165555941E-05
179   85     2.13478476471853E-08   5.63583177885691E-06
180   85     1.51163378454119E-05   4.00582952903415E-03
181   85     1.78277077075247E-07   4.74217025020157E-05
182   85     5.16720823263469E-06   1.37964459811346E-03
183   85     1.62842663850208E-09   4.36418339118558E-07
184   85     1.05939829870449E-10   2.84978142351509E-08
185   85     1.00000000000000E-99   1.00000000000000E-99
186   85     1.00000000000000E-99   1.00000000000000E-99
187   85     1.00000000000000E-99   1.00000000000000E-99
188   85     1.00000000000000E-99   1.00000000000000E-99
189   85     1.00000000000000E-99   1.00000000000000E-99
190   85     1.00000000000000E-99   1.00000000000000E-99
191   85     1.00000000000000E-99   1.00000000000000E-99
192   85     1.00000000000000E-99   1.00000000000000E-99
193   85     1.00000000000000E-99   1.00000000000000E-99
194   85     1.00000000000000E-99   1.00000000000000E-99
124   86     1.00000000000000E-99   1.00000000000000E-99
125   86     1.00000000000000E-99   1.00000000000000E-99
126   86     1.00000000000000E-99   1.00000000000000E-99
127   86     1.00000000000000E-99   1.00000000000000E-99
128   86     1.00000000000000E-99   1.00000000000000E-99
129   86     1.00000000000000E-99   1.00000000000000E-99
130   86     1.00000000000000E-99   1.00000000000000E-99
131   86     1.00000000000000E-99   1.00000000000000E-99
132   86     1.00000000000000E-99   1.00000000000000E-99
133   86     1.00000000000000E-99   1.00000000000000E-99
134   86     1.00000000000000E-99   1.00000000000000E-99
135   86     1.00000000000000E-99   1.00000000000000E-99
136   86     1.00000000000000E-99   1.00000000000000E-99
137   86     1.00000000000000E-99   1.00000000000000E-99
138   86     1.00000000000000E-99   1.00000000000000E-99
139   86     1.00000000000000E-99   1.00000000000000E-99
140   86     1.00000000000000E-99   1.00000000000000E-99
141   86     1.00000000000000E-99   1.00000000000000E-99
142   86     1.00000000000000E-99   1.00000000000000E-99
143   86     1.00000000000000E-99   1.00000000000000E-99
144   86     1.00000000000000E-99   1.00000000000000E-99
145   86     1.00000000000000E-99   1.00000000000000E-99
146   86     1.00000000000000E-99   1.00000000000000E-99
147   86     1.00000000000000E-99   1.00000000000000E-99
148   86     1.00000000000000E-99   1.00000000000000E-99
149   86     1.00000000000000E-99   1.00000000000000E-99
150   86     1.00000000000000E-99   1.00000000000000E-99
151   86     1.00000000000000E-99   1.00000000000000E-99
152   86     1.00000000000000E-99   1.00000000000000E-99
153   86     1.00000000000000E-99   1.00000000000000E-99
154   86     1.00000000000000E-99   1.00000000000000E-99
155   86     1.00000000000000E-99   1.00000000000000E-99
156   86     1.00000000000000E-99   1.00000000000000E-99
157   86     1.00000000000000E-99   1.00000000000000E-99
158   86     1.00000000000000E-99   1.00000000000000E-99
159   86     1.00000000000000E-99   1.00000000000000E-99
160   86     1.00000000000000E-99   1.00000000000000E-99
161   86     1.00000000000000E-99   1.00000000000000E-99
162   86     1.00000000000000E-99   1.00000000000000E-99
163   86     1.00000000000000E-99   1.00000000000000E-99
164   86     1.00000000000000E-99   1.00000000000000E-99
165   86     1.00000000000000E-99   1.00000000000000E-99
166   86     1.00000000000000E-99   1.00000000000000E-99
167   86     1.00000000000000E-99   1.00000000000000E-99
168   86     1.00000000000000E-99   1.00000000000000E-99
169   86     8.06741432548011E-24   2.05719065299743E-21
170   86     2.96410333711443E-23   7.58810454301293E-21
171   86     3.96308628076568E-24   1.01851317415678E-21
172   86     1.17255601726965E-16   3.02519452455570E-14
173   86     7.37760745883240E-19   1.91080033183759E-16
174   86     1.27534163961463E-16   3.31588826299804E-14
175   86     2.91390625241552E-15   7.60529531880452E-13
176   86     1.32769921746158E-12   3.47857194974933E-10
177   86     2.17915515673462E-12   5.73117806221206E-10
178   86     2.30154850049384E-09   6.07608804130373E-07
179   86     1.11769620676456E-09   2.96189494792608E-07
180   86     5.37164161849168E-06   1.42885667051879E-03
181   86     1.22563202306346E-07   3.27243750157944E-05
182   86     1.57115927598705E-05   4.21070685964529E-03
183   86     2.57891450336794E-08   6.93728001405977E-06
126   87     1.00000000000000E-99   1.00000000000000E-99
127   87     1.00000000000000E-99   1.00000000000000E-99
128   87     1.00000000000000E-99   1.00000000000000E-99
129   87     1.00000000000000E-99   1.00000000000000E-99
130   87     1.00000000000000E-99   1.00000000000000E-99
131   87     1.00000000000000E-99   1.00000000000000E-99
132   87     1.00000000000000E-99   1.00000000000000E-99
133   87     1.00000000000000E-99   1.00000000000000E-99
134   87     1.00000000000000E-99   1.00000000000000E-99
135   87     1.00000000000000E-99   1.00000000000000E-99
136   87     1.00000000000000E-99   1.00000000000000E-99
137   87     1.00000000000000E-99   1.00000000000000E-99
138   87     1.00000000000000E-99   1.00000000000000E-99
139   87     1.00000000000000E-99   1.00000000000000E-99
140   87     1.00000000000000E-99   1.00000000000000E-99
141   87     1.00000000000000E-99   1.00000000000000E-99
142   87     1.00000000000000E-99   1.00000000000000E-99
143   87     1.00000000000000E-99   1.00000000000000E-99
144   87     1.00000000000000E-99   1.00000000000000E-99
145   87     1.00000000000000E-99   1.00000000000000E-99
146   87     1.00000000000000E-99   1.00000000000000E-99
147   87     1.00000000000000E-99   1.00000000000000E-99
148   87     1.00000000000000E-99   1.00000000000000E-99
149   87     1.00000000000000E-99   1.00000000000000E-99
150   87     1.00000000000000E-99   1.00000000000000E-99
151   87     1.00000000000000E-99   1.00000000000000E-99
152   87     1.00000000000000E-99   1.00000000000000E-99
153   87     1.00000000000000E-99   1.00000000000000E-99
154   87     1.00000000000000E-99   1.00000000000000E-99
155   87     1.00000000000000E-99   1.00000000000000E-99
156   87     1.00000000000000E-99   1.00000000000000E-99
157   87     1.00000000000000E-99   1.00000000000000E-99
158   87     1.00000000000000E-99   1.00000000000000E-99
159   87     1.00000000000000E-99   1.00000000000000E-99
160   87     1.00000000000000E-99   1.00000000000000E-99
161   87     1.00000000000000E-99   1.00000000000000E-99
162   87     1.00000000000000E-99   1.00000000000000E-99
163   87     1.00000000000000E-99   1.00000000000000E-99
164   87     1.00000000000000E-99   1.00000000000000E-99
165   87     1.00000000000000E-99   1.00000000000000E-99
166   87     1.00000000000000E-99   1.00000000000000E-99
167   87     1.00000000000000E-99   1.00000000000000E-99
168   87     1.00000000000000E-99   1.00000000000000E-99
169   87     1.00000000000000E-99   1.00000000000000E-99
170   87     1.00000000000000E-99   1.00000000000000E-99
171   87     1.00000000000000E-99   1.00000000000000E-99
172   87     2.85084764894728E-21   7.38369541077347E-19
173   87     4.82762114531668E-22   1.25518149778234E-19
174   87     1.21064780180874E-20   3.15979076272081E-18
175   87     1.05703688832995E-18   2.76943664742448E-16
176   87     2.69369823263905E-15   7.08442635184069E-13
177   87     4.91690873848225E-14   1.29806390695931E-11
178   87     7.11233066782683E-12   1.88476762697411E-09
179   87     3.63361414287052E-11   9.66541362003557E-09
180   87     1.64919439149137E-07   4.40334902528196E-05
181   87     9.33517908388426E-08   2.50182799448098E-05
182   87     1.81761074634264E-05   4.88937290766171E-03
183   87     3.86311087417508E-07   1.04303993602727E-04
191   87     1.00000000000000E-99   1.00000000000000E-99
193   87     1.00000000000000E-99   1.00000000000000E-99
129   88     1.00000000000000E-99   1.00000000000000E-99
130   88     1.00000000000000E-99   1.00000000000000E-99
131   88     1.00000000000000E-99   1.00000000000000E-99
132   88     1.00000000000000E-99   1.00000000000000E-99
133   88     1.00000000000000E-99   1.00000000000000E-99
134   88     1.00000000000000E-99   1.00000000000000E-99
135   88     1.00000000000000E-99   1.00000000000000E-99
136   88     1.00000000000000E-99   1.00000000000000E-99
137   88     1.00000000000000E-99   1.00000000000000E-99
138   88     1.00000000000000E-99   1.00000000000000E-99
139   88     1.00000000000000E-99   1.00000000000000E-99
140   88     1.00000000000000E-99   1.00000000000000E-99
141   88     1.00000000000000E-99   1.00000000000000E-99
142   88     1.00000000000000E-99   1.00000000000000E-99
143   88     1.00000000000000E-99   1.00000000000000E-99
144   88     1.00000000000000E-99   1.00000000000000E-99
145   88     1.00000000000000E-99   1.00000000000000E-99
146   88     1.00000000000000E-99   1.00000000000000E-99
147   88     1.00000000000000E-99   1.00000000000000E-99
148   88     1.00000000000000E-99   1.00000000000000E-99
149   88     1.00000000000000E-99   1.00000000000000E-99
150   88     1.00000000000000E-99   1.00000000000000E-99
151   88     1.00000000000000E-99   1.00000000000000E-99
152   88     1.00000000000000E-99   1.00000000000000E-99
153   88     1.00000000000000E-99   1.00000000000000E-99
154   88     1.00000000000000E-99   1.00000000000000E-99
155   88     1.00000000000000E-99   1.00000000000000E-99
156   88     1.00000000000000E-99   1.00000000000000E-99
157   88     1.00000000000000E-99   1.00000000000000E-99
158   88     1.00000000000000E-99   1.00000000000000E-99
159   88     1.00000000000000E-99   1.00000000000000E-99
160   88     1.00000000000000E-99   1.00000000000000E-99
161   88     1.00000000000000E-99   1.00000000000000E-99
162   88     1.00000000000000E-99   1.00000000000000E-99
163   88     1.00000000000000E-99   1.00000000000000E-99
164   88     1.00000000000000E-99   1.00000000000000E-99
165   88     1.00000000000000E-99   1.00000000000000E-99
166   88     1.00000000000000E-99   1.00000000000000E-99
167   88     1.00000000000000E-99   1.00000000000000E-99
168   88     1.00000000000000E-99   1.00000000000000E-99
169   88     1.00000000000000E-99   1.00000000000000E-99
170   88     1.00000000000000E-99   1.00000000000000E-99
171   88     1.00000000000000E-99   1.00000000000000E-99
172   88     1.11584449615292E-22   2.90119568999759E-20
173   88     6.08261737825218E-24   1.58756313572382E-21
174   88     4.90890345198516E-22   1.28613270442011E-19
175   88     7.25024493315910E-21   1.90681441742084E-18
176   88     4.04254745886338E-16   1.06723252913993E-13
177   88     4.72971933349551E-15   1.25337562337631E-12
178   88     5.24332971675932E-13   1.39472570465798E-10
179   88     1.12732184494229E-12   3.00994932599592E-10
180   88     9.91894671803926E-09   2.65827772043452E-06
181   88     6.23681115027882E-09   1.67770219942500E-06
182   88     1.72888700202032E-05   4.66799490545486E-03
183   88     6.19476702781092E-07   1.67878186453676E-04
130   89     1.00000000000000E-99   1.00000000000000E-99
131   89     1.00000000000000E-99   1.00000000000000E-99
132   89     1.00000000000000E-99   1.00000000000000E-99
133   89     1.00000000000000E-99   1.00000000000000E-99
134   89     1.00000000000000E-99   1.00000000000000E-99
135   89     1.00000000000000E-99   1.00000000000000E-99
136   89     1.00000000000000E-99   1.00000000000000E-99
137   89     1.00000000000000E-99   1.00000000000000E-99
138   89     1.00000000000000E-99   1.00000000000000E-99
139   89     1.00000000000000E-99   1.00000000000000E-99
140   89     1.00000000000000E-99   1.00000000000000E-99
141   89     1.00000000000000E-99   1.00000000000000E-99
142   89     1.00000000000000E-99   1.00000000000000E-99
143   89     1.00000000000000E-99   1.00000000000000E-99
144   89     1.00000000000000E-99   1.00000000000000E-99
145   89     1.00000000000000E-99   1.00000000000000E-99
146   89     1.00000000000000E-99   1.00000000000000E-99
147   89     1.00000000000000E-99   1.00000000000000E-99
148   89     1.00000000000000E-99   1.00000000000000E-99
149   89     1.00000000000000E-99   1.00000000000000E-99
150   89     1.00000000000000E-99   1.00000000000000E-99
151   89     1.00000000000000E-99   1.00000000000000E-99
152   89     1.00000000000000E-99   1.00000000000000E-99
153   89     1.00000000000000E-99   1.00000000000000E-99
154   89     1.00000000000000E-99   1.00000000000000E-99
155   89     1.00000000000000E-99   1.00000000000000E-99
156   89     1.00000000000000E-99   1.00000000000000E-99
157   89     1.00000000000000E-99   1.00000000000000E-99
158   89     1.00000000000000E-99   1.00000000000000E-99
159   89     1.00000000000000E-99   1.00000000000000E-99
160   89     1.00000000000000E-99   1.00000000000000E-99
161   89     1.00000000000000E-99   1.00000000000000E-99
162   89     1.00000000000000E-99   1.00000000000000E-99
163   89     1.00000000000000E-99   1.00000000000000E-99
164   89     1.00000000000000E-99   1.00000000000000E-99
165   89     1.00000000000000E-99   1.00000000000000E-99
166   89     1.00000000000000E-99   1.00000000000000E-99
167   89     1.00000000000000E-99   1.00000000000000E-99
168   89     1.00000000000000E-99   1.00000000000000E-99
169   89     1.00000000000000E-99   1.00000000000000E-99
170   89     1.00000000000000E-99   1.00000000000000E-99
171   89     1.00000000000000E-99   1.00000000000000E-99
172   89     1.00000000000000E-99   1.00000000000000E-99
173   89     1.00000000000000E-99   1.00000000000000E-99
174   89     7.76066346566383E-25   2.04105449146959E-22
175   89     2.20979712315220E-24   5.83386440512181E-22
176   89     2.67945334247241E-20   7.10055135755189E-18
177   89     1.18017141403373E-17   3.13925596132972E-15
178   89     3.07918187978841E-15   8.22141561903506E-13
179   89     5.94796920057459E-14   1.59405574575399E-11
180   89     2.55760715247701E-10   6.87996324016316E-08
181   89     2.44660852232285E-09   6.60584301027170E-07
182   89     8.38548117168923E-06   2.27246539752778E-03
183   89     3.91293752290196E-06   1.06431900622933E-03
185   89     1.00000000000000E-99   1.00000000000000E-99
187   89     1.00000000000000E-99   1.00000000000000E-99
188   89     1.00000000000000E-99   1.00000000000000E-99
189   89     1.00000000000000E-99   1.00000000000000E-99
190   89     1.00000000000000E-99   1.00000000000000E-99
191   89     1.00000000000000E-99   1.00000000000000E-99
192   89     1.00000000000000E-99   1.00000000000000E-99
193   89     1.00000000000000E-99   1.00000000000000E-99
195   89     1.00000000000000E-99   1.00000000000000E-99
197   89     1.00000000000000E-99   1.00000000000000E-99
198   89     1.00000000000000E-99   1.00000000000000E-99
199   89     1.00000000000000E-99   1.00000000000000E-99
132   90     1.00000000000000E-99   1.00000000000000E-99
133   90     1.00000000000000E-99   1.00000000000000E-99
134   90     1.00000000000000E-99   1.00000000000000E-99
135   90     1.00000000000000E-99   1.00000000000000E-99
136   90     1.00000000000000E-99   1.00000000000000E-99
137   90     1.00000000000000E-99   1.00000000000000E-99
138   90     1.00000000000000E-99   1.00000000000000E-99
139   90     1.00000000000000E-99   1.00000000000000E-99
140   90     1.00000000000000E-99   1.00000000000000E-99
141   90     1.00000000000000E-99   1.00000000000000E-99
142   90     1.00000000000000E-99   1.00000000000000E-99
143   90     1.00000000000000E-99   1.00000000000000E-99
144   90     1.00000000000000E-99   1.00000000000000E-99
145   90     1.00000000000000E-99   1.00000000000000E-99
146   90     1.00000000000000E-99   1.00000000000000E-99
147   90     1.00000000000000E-99   1.00000000000000E-99
148   90     1.00000000000000E-99   1.00000000000000E-99
149   90     1.00000000000000E-99   1.00000000000000E-99
150   90     1.00000000000000E-99   1.00000000000000E-99
151   90     1.00000000000000E-99   1.00000000000000E-99
152   90     1.00000000000000E-99   1.00000000000000E-99
153   90     1.00000000000000E-99   1.00000000000000E-99
154   90     1.00000000000000E-99   1.00000000000000E-99
155   90     1.00000000000000E-99   1.00000000000000E-99
156   90     1.00000000000000E-99   1.00000000000000E-99
157   90     1.00000000000000E-99   1.00000000000000E-99
158   90     1.00000000000000E-99   1.00000000000000E-99
159   90     1.00000000000000E-99   1.00000000000000E-99
160   90     1.00000000000000E-99   1.00000000000000E-99
161   90     1.00000000000000E-99   1.00000000000000E-99
162   90     1.00000000000000E-99   1.00000000000000E-99
163   90     1.00000000000000E-99   1.00000000000000E-99
164   90     1.00000000000000E-99   1.00000000000000E-99
165   90     1.00000000000000E-99   1.00000000000000E-99
166   90     1.00000000000000E-99   1.00000000000000E-99
167   90     1.00000000000000E-99   1.00000000000000E-99
168   90     1.00000000000000E-99   1.00000000000000E-99
169   90     1.00000000000000E-99   1.00000000000000E-99
170   90     1.00000000000000E-99   1.00000000000000E-99
171   90     1.00000000000000E-99   1.00000000000000E-99
172   90     1.00000000000000E-99   1.00000000000000E-99
173   90     1.00000000000000E-99   1.00000000000000E-99
174   90     1.00000000000000E-99   1.00000000000000E-99
175   90     3.93022989007578E-25   1.04151092087008E-22
176   90     1.39641027228791E-21   3.71445132428585E-19
177   90     9.98291106727122E-19   2.66543725496141E-16
178   90     5.96058356902760E-15   1.59743639649940E-12
179   90     6.90313514956604E-14   1.85694335523326E-11
180   90     6.91462694903023E-12   1.86694927623816E-09
181   90     8.57633924581302E-11   2.32418793561533E-08
182   90     5.31120068451512E-06   1.44464658618811E-03
183   90     3.12724367636516E-06   8.53737523647687E-04
189   90     1.00000000000000E-99   1.00000000000000E-99
190   90     1.00000000000000E-99   1.00000000000000E-99
191   90     1.00000000000000E-99   1.00000000000000E-99
192   90     1.00000000000000E-99   1.00000000000000E-99
193   90     1.00000000000000E-99   1.00000000000000E-99
195   90     1.00000000000000E-99   1.00000000000000E-99
197   90     1.00000000000000E-99   1.00000000000000E-99
202   90     1.00000000000000E-99   1.00000000000000E-99
203   90     1.00000000000000E-99   1.00000000000000E-99
134   91     1.00000000000000E-99   1.00000000000000E-99
135   91     1.00000000000000E-99   1.00000000000000E-99
136   91     1.00000000000000E-99   1.00000000000000E-99
137   91     1.00000000000000E-99   1.00000000000000E-99
138   91     1.00000000000000E-99   1.00000000000000E-99
139   91     1.00000000000000E-99   1.00000000000000E-99
140   91     1.00000000000000E-99   1.00000000000000E-99
141   91     1.00000000000000E-99   1.00000000000000E-99
142   91     1.00000000000000E-99   1.00000000000000E-99
143   91     1.00000000000000E-99   1.00000000000000E-99
144   91     1.00000000000000E-99   1.00000000000000E-99
145   91     1.00000000000000E-99   1.00000000000000E-99
146   91     1.00000000000000E-99   1.00000000000000E-99
147   91     1.00000000000000E-99   1.00000000000000E-99
148   91     1.00000000000000E-99   1.00000000000000E-99
149   91     1.00000000000000E-99   1.00000000000000E-99
150   91     1.00000000000000E-99   1.00000000000000E-99
151   91     1.00000000000000E-99   1.00000000000000E-99
152   91     1.00000000000000E-99   1.00000000000000E-99
153   91     1.00000000000000E-99   1.00000000000000E-99
154   91     1.00000000000000E-99   1.00000000000000E-99
155   91     1.00000000000000E-99   1.00000000000000E-99
156   91     1.00000000000000E-99   1.00000000000000E-99
157   91     1.00000000000000E-99   1.00000000000000E-99
158   91     1.00000000000000E-99   1.00000000000000E-99
159   91     1.00000000000000E-99   1.00000000000000E-99
160   91     1.00000000000000E-99   1.00000000000000E-99
161   91     1.00000000000000E-99   1.00000000000000E-99
162   91     1.00000000000000E-99   1.00000000000000E-99
163   91     1.00000000000000E-99   1.00000000000000E-99
164   91     1.00000000000000E-99   1.00000000000000E-99
165   91     1.00000000000000E-99   1.00000000000000E-99
166   91     1.00000000000000E-99   1.00000000000000E-99
167   91     1.00000000000000E-99   1.00000000000000E-99
168   91     1.00000000000000E-99   1.00000000000000E-99
169   91     1.00000000000000E-99   1.00000000000000E-99
170   91     1.00000000000000E-99   1.00000000000000E-99
171   91     1.00000000000000E-99   1.00000000000000E-99
172   91     1.00000000000000E-99   1.00000000000000E-99
173   91     1.00000000000000E-99   1.00000000000000E-99
174   91     1.00000000000000E-99   1.00000000000000E-99
175   91     1.00000000000000E-99   1.00000000000000E-99
176   91     2.02326752761262E-23   5.40212429872569E-21
177   91     3.37468145284741E-22   9.04414629363107E-20
178   91     6.21247182000816E-18   1.67115491958220E-15
179   91     1.61133960835676E-15   4.35061694256325E-13
180   91     2.59054046223718E-14   7.02036465266276E-12
181   91     3.50946596590443E-14   9.54574742726004E-12
182   91     1.29949466170547E-09   3.54762042645594E-07
183   91     9.09634213915003E-09   2.49239774612711E-06
184   91     3.28256017296425E-06   9.02704047565168E-04
185   91     1.00000000000000E-99   1.00000000000000E-99
187   91     1.00000000000000E-99   1.00000000000000E-99
188   91     1.00000000000000E-99   1.00000000000000E-99
189   91     1.00000000000000E-99   1.00000000000000E-99
190   91     1.00000000000000E-99   1.00000000000000E-99
191   91     1.00000000000000E-99   1.00000000000000E-99
192   91     1.00000000000000E-99   1.00000000000000E-99
193   91     1.00000000000000E-99   1.00000000000000E-99
194   91     1.00000000000000E-99   1.00000000000000E-99
195   91     1.00000000000000E-99   1.00000000000000E-99
196   91     1.00000000000000E-99   1.00000000000000E-99
197   91     1.00000000000000E-99   1.00000000000000E-99
201   91     1.00000000000000E-99   1.00000000000000E-99
203   91     1.00000000000000E-99   1.00000000000000E-99
205   91     1.00000000000000E-99   1.00000000000000E-99
135   92     1.00000000000000E-99   1.00000000000000E-99
136   92     1.00000000000000E-99   1.00000000000000E-99
137   92     1.00000000000000E-99   1.00000000000000E-99
138   92     1.00000000000000E-99   1.00000000000000E-99
139   92     1.00000000000000E-99   1.00000000000000E-99
140   92     1.00000000000000E-99   1.00000000000000E-99
141   92     1.00000000000000E-99   1.00000000000000E-99
142   92     1.00000000000000E-99   1.00000000000000E-99
143   92     1.00000000000000E-99   1.00000000000000E-99
144   92     1.00000000000000E-99   1.00000000000000E-99
145   92     1.00000000000000E-99   1.00000000000000E-99
146   92     1.00000000000000E-99   1.00000000000000E-99
147   92     1.00000000000000E-99   1.00000000000000E-99
148   92     1.00000000000000E-99   1.00000000000000E-99
149   92     1.00000000000000E-99   1.00000000000000E-99
150   92     1.00000000000000E-99   1.00000000000000E-99
151   92     1.00000000000000E-99   1.00000000000000E-99
152   92     1.00000000000000E-99   1.00000000000000E-99
153   92     1.00000000000000E-99   1.00000000000000E-99
154   92     1.00000000000000E-99   1.00000000000000E-99
155   92     1.00000000000000E-99   1.00000000000000E-99
156   92     1.00000000000000E-99   1.00000000000000E-99
157   92     1.00000000000000E-99   1.00000000000000E-99
158   92     1.00000000000000E-99   1.00000000000000E-99
159   92     1.00000000000000E-99   1.00000000000000E-99
160   92     1.00000000000000E-99   1.00000000000000E-99
161   92     1.00000000000000E-99   1.00000000000000E-99
162   92     1.00000000000000E-99   1.00000000000000E-99
163   92     1.00000000000000E-99   1.00000000000000E-99
164   92     1.00000000000000E-99   1.00000000000000E-99
165   92     1.00000000000000E-99   1.00000000000000E-99
166   92     1.00000000000000E-99   1.00000000000000E-99
167   92     1.00000000000000E-99   1.00000000000000E-99
168   92     1.00000000000000E-99   1.00000000000000E-99
169   92     1.00000000000000E-99   1.00000000000000E-99
170   92     1.00000000000000E-99   1.00000000000000E-99
171   92     1.00000000000000E-99   1.00000000000000E-99
172   92     1.00000000000000E-99   1.00000000000000E-99
173   92     1.00000000000000E-99   1.00000000000000E-99
174   92     1.00000000000000E-99   1.00000000000000E-99
175   92     1.00000000000000E-99   1.00000000000000E-99
176   92     1.82646752703509E-24   4.89493297245404E-22
177   92     1.11861587590741E-23   3.00907670619092E-21
178   92     1.03312604075783E-20   2.78944031004615E-18
179   92     1.59539652675725E-18   4.32352458751214E-16
180   92     1.57563765602288E-16   4.28573442438224E-14
181   92     2.45057362723326E-14   6.69006600234679E-12
182   92     1.37012293247553E-11   3.75413683498296E-09
183   92     2.09603566558114E-10   5.76409808034813E-08
184   92     1.77274911407802E-06   4.89278755485533E-04
185   92     1.00000000000000E-99   1.00000000000000E-99
186   92     1.00000000000000E-99   1.00000000000000E-99
187   92     1.00000000000000E-99   1.00000000000000E-99
188   92     1.00000000000000E-99   1.00000000000000E-99
189   92     1.00000000000000E-99   1.00000000000000E-99
190   92     1.00000000000000E-99   1.00000000000000E-99
191   92     1.00000000000000E-99   1.00000000000000E-99
192   92     1.00000000000000E-99   1.00000000000000E-99
193   92     1.00000000000000E-99   1.00000000000000E-99
194   92     1.00000000000000E-99   1.00000000000000E-99
195   92     1.00000000000000E-99   1.00000000000000E-99
196   92     1.00000000000000E-99   1.00000000000000E-99
197   92     1.00000000000000E-99   1.00000000000000E-99
199   92     1.00000000000000E-99   1.00000000000000E-99
201   92     1.00000000000000E-99   1.00000000000000E-99
203   92     1.00000000000000E-99   1.00000000000000E-99
137   93     1.00000000000000E-99   1.00000000000000E-99
138   93     1.00000000000000E-99   1.00000000000000E-99
139   93     1.00000000000000E-99   1.00000000000000E-99
140   93     1.00000000000000E-99   1.00000000000000E-99
141   93     1.00000000000000E-99   1.00000000000000E-99
142   93     1.00000000000000E-99   1.00000000000000E-99
143   93     1.00000000000000E-99   1.00000000000000E-99
144   93     1.00000000000000E-99   1.00000000000000E-99
145   93     1.00000000000000E-99   1.00000000000000E-99
146   93     1.00000000000000E-99   1.00000000000000E-99
147   93     1.00000000000000E-99   1.00000000000000E-99
148   93     1.00000000000000E-99   1.00000000000000E-99
149   93     1.00000000000000E-99   1.00000000000000E-99
150   93     1.00000000000000E-99   1.00000000000000E-99
151   93     1.00000000000000E-99   1.00000000000000E-99
152   93     1.00000000000000E-99   1.00000000000000E-99
153   93     1.00000000000000E-99   1.00000000000000E-99
154   93     1.00000000000000E-99   1.00000000000000E-99
155   93     1.00000000000000E-99   1.00000000000000E-99
156   93     1.00000000000000E-99   1.00000000000000E-99
157   93     1.00000000000000E-99   1.00000000000000E-99
158   93     1.00000000000000E-99   1.00000000000000E-99
159   93     1.00000000000000E-99   1.00000000000000E-99
160   93     1.00000000000000E-99   1.00000000000000E-99
161   93     1.00000000000000E-99   1.00000000000000E-99
162   93     1.00000000000000E-99   1.00000000000000E-99
163   93     1.00000000000000E-99   1.00000000000000E-99
164   93     1.00000000000000E-99   1.00000000000000E-99
165   93     1.00000000000000E-99   1.00000000000000E-99
166   93     1.00000000000000E-99   1.00000000000000E-99
167   93     1.00000000000000E-99   1.00000000000000E-99
168   93     1.00000000000000E-99   1.00000000000000E-99
169   93     1.00000000000000E-99   1.00000000000000E-99
170   93     1.00000000000000E-99   1.00000000000000E-99
171   93     1.00000000000000E-99   1.00000000000000E-99
172   93     1.00000000000000E-99   1.00000000000000E-99
173   93     1.00000000000000E-99   1.00000000000000E-99
174   93     1.00000000000000E-99   1.00000000000000E-99
175   93     1.00000000000000E-99   1.00000000000000E-99
176   93     1.00000000000000E-99   1.00000000000000E-99
177   93     1.00000000000000E-99   1.00000000000000E-99
178   93     4.76128142376634E-24   1.29030726584068E-21
179   93     1.58194862186727E-23   4.30290025147896E-21
180   93     1.23716874553472E-19   3.37747067530979E-17
181   93     2.36571938399953E-16   6.48207111215872E-14
182   93     3.95654873571402E-15   1.08805090232136E-12
183   93     8.39478587821263E-15   2.31696090238669E-12
184   93     1.08194509333146E-11   2.99698790852814E-09
185   93     1.31770347417119E-14   3.66321565819591E-12
186   93     4.11372096936071E-14   1.14772815045164E-11
187   93     1.73842773930343E-15   4.86759767004961E-13
188   93     8.48807771643022E-14   2.38514983831689E-11
189   93     7.28491633921063E-14   2.05434640765740E-11
190   93     8.53727881808764E-11   2.41604990551880E-08
191   93     8.56360768943048E-12   2.43206458379826E-09
192   93     2.34671935849309E-09   6.68815017170532E-07
193   93     9.12550567214337E-11   2.60989462223300E-08
194   93     2.86958896984871E-09   8.23572034346580E-07
195   93     1.00176117965163E-11   2.88507219739670E-09
197   93     1.00000000000000E-99   1.00000000000000E-99
199   93     1.00000000000000E-99   1.00000000000000E-99
200   93     1.00000000000000E-99   1.00000000000000E-99
201   93     1.00000000000000E-99   1.00000000000000E-99
202   93     1.00000000000000E-99   1.00000000000000E-99
203   93     1.00000000000000E-99   1.00000000000000E-99
205   93     1.00000000000000E-99   1.00000000000000E-99
206   93     1.00000000000000E-99   1.00000000000000E-99
207   93     1.00000000000000E-99   1.00000000000000E-99
209   93     1.00000000000000E-99   1.00000000000000E-99
139   94     1.00000000000000E-99   1.00000000000000E-99
140   94     1.00000000000000E-99   1.00000000000000E-99
141   94     1.00000000000000E-99   1.00000000000000E-99
142   94     1.00000000000000E-99   1.00000000000000E-99
143   94     1.00000000000000E-99   1.00000000000000E-99
144   94     1.00000000000000E-99   1.00000000000000E-99
145   94     1.00000000000000E-99   1.00000000000000E-99
146   94     1.00000000000000E-99   1.00000000000000E-99
147   94     1.00000000000000E-99   1.00000000000000E-99
148   94     1.00000000000000E-99   1.00000000000000E-99
149   94     1.00000000000000E-99   1.00000000000000E-99
150   94     1.00000000000000E-99   1.00000000000000E-99
151   94     1.00000000000000E-99   1.00000000000000E-99
152   94     1.00000000000000E-99   1.00000000000000E-99
153   94     1.00000000000000E-99   1.00000000000000E-99
154   94     1.00000000000000E-99   1.00000000000000E-99
155   94     1.00000000000000E-99   1.00000000000000E-99
156   94     1.00000000000000E-99   1.00000000000000E-99
157   94     1.00000000000000E-99   1.00000000000000E-99
158   94     1.00000000000000E-99   1.00000000000000E-99
159   94     1.00000000000000E-99   1.00000000000000E-99
160   94     1.00000000000000E-99   1.00000000000000E-99
161   94     1.00000000000000E-99   1.00000000000000E-99
162   94     1.00000000000000E-99   1.00000000000000E-99
163   94     1.00000000000000E-99   1.00000000000000E-99
164   94     1.00000000000000E-99   1.00000000000000E-99
165   94     1.00000000000000E-99   1.00000000000000E-99
166   94     1.00000000000000E-99   1.00000000000000E-99
167   94     1.00000000000000E-99   1.00000000000000E-99
168   94     1.00000000000000E-99   1.00000000000000E-99
169   94     1.00000000000000E-99   1.00000000000000E-99
170   94     1.00000000000000E-99   1.00000000000000E-99
171   94     1.00000000000000E-99   1.00000000000000E-99
172   94     1.00000000000000E-99   1.00000000000000E-99
173   94     1.00000000000000E-99   1.00000000000000E-99
174   94     1.00000000000000E-99   1.00000000000000E-99
175   94     1.00000000000000E-99   1.00000000000000E-99
176   94     1.00000000000000E-99   1.00000000000000E-99
177   94     1.00000000000000E-99   1.00000000000000E-99
178   94     2.41126300448847E-25   6.55863537220865E-23
179   94     4.75591316230332E-25   1.29836429330881E-22
180   94     1.76140705280399E-23   4.82625532468292E-21
181   94     1.00860617694010E-20   2.77366698658529E-18
182   94     7.28369763851389E-20   2.01030054822983E-17
183   94     1.83361526990336E-19   5.07911429763232E-17
184   94     2.91343092496893E-17   8.09933797141363E-15
185   94     3.93940610917753E-22   1.09909430446053E-19
186   94     1.94796146910625E-22   5.45429211349749E-20
187   94     1.44604792745854E-22   4.06339467615848E-20
188   94     1.18246613570604E-18   3.33455450269104E-16
189   94     5.31741431117128E-19   1.50482825006147E-16
190   94     3.78123920128719E-17   1.07387193316556E-14
191   94     4.43263674223432E-18   1.26330147153678E-15
192   94     1.91376932551302E-16   5.47338027096723E-14
193   94     3.18563947496062E-18   9.14278529313699E-16
194   94     3.15039412947801E-16   9.07313509289667E-14
195   94     1.85205474182972E-20   5.35243820388788E-18
196   94     4.63702262267464E-19   1.34473656057564E-16
197   94     3.98567997345507E-23   1.15983287227543E-20
198   94     4.19461579649129E-23   1.22482781257546E-20
199   94     1.00000000000000E-99   1.00000000000000E-99
200   94     1.00000000000000E-99   1.00000000000000E-99
201   94     1.00000000000000E-99   1.00000000000000E-99
203   94     1.00000000000000E-99   1.00000000000000E-99
205   94     1.00000000000000E-99   1.00000000000000E-99
207   94     1.00000000000000E-99   1.00000000000000E-99
209   94     1.00000000000000E-99   1.00000000000000E-99
141   95     1.00000000000000E-99   1.00000000000000E-99
142   95     1.00000000000000E-99   1.00000000000000E-99
143   95     1.00000000000000E-99   1.00000000000000E-99
144   95     1.00000000000000E-99   1.00000000000000E-99
145   95     1.00000000000000E-99   1.00000000000000E-99
146   95     1.00000000000000E-99   1.00000000000000E-99
147   95     1.00000000000000E-99   1.00000000000000E-99
148   95     1.00000000000000E-99   1.00000000000000E-99
149   95     1.00000000000000E-99   1.00000000000000E-99
150   95     1.00000000000000E-99   1.00000000000000E-99
151   95     1.00000000000000E-99   1.00000000000000E-99
152   95     1.00000000000000E-99   1.00000000000000E-99
153   95     1.00000000000000E-99   1.00000000000000E-99
154   95     1.00000000000000E-99   1.00000000000000E-99
155   95     1.00000000000000E-99   1.00000000000000E-99
156   95     1.00000000000000E-99   1.00000000000000E-99
157   95     1.00000000000000E-99   1.00000000000000E-99
158   95     1.00000000000000E-99   1.00000000000000E-99
159   95     1.00000000000000E-99   1.00000000000000E-99
160   95     1.00000000000000E-99   1.00000000000000E-99
161   95     1.00000000000000E-99   1.00000000000000E-99
162   95     1.00000000000000E-99   1.00000000000000E-99
163   95     1.00000000000000E-99   1.00000000000000E-99
164   95     1.00000000000000E-99   1.00000000000000E-99
165   95     1.00000000000000E-99   1.00000000000000E-99
166   95     1.00000000000000E-99   1.00000000000000E-99
167   95     1.00000000000000E-99   1.00000000000000E-99
168   95     1.00000000000000E-99   1.00000000000000E-99
169   95     1.00000000000000E-99   1.00000000000000E-99
170   95     1.00000000000000E-99   1.00000000000000E-99
171   95     1.00000000000000E-99   1.00000000000000E-99
172   95     1.00000000000000E-99   1.00000000000000E-99
173   95     1.00000000000000E-99   1.00000000000000E-99
174   95     1.00000000000000E-99   1.00000000000000E-99
175   95     1.00000000000000E-99   1.00000000000000E-99
176   95     1.00000000000000E-99   1.00000000000000E-99
177   95     1.00000000000000E-99   1.00000000000000E-99
178   95     1.00000000000000E-99   1.00000000000000E-99
179   95     1.00000000000000E-99   1.00000000000000E-99
180   95     1.00000000000000E-99   1.00000000000000E-99
181   95     1.00000000000000E-99   1.00000000000000E-99
182   95     1.00000000000000E-99   1.00000000000000E-99
183   95     1.00000000000000E-99   1.00000000000000E-99
184   95     1.00000000000000E-99   1.00000000000000E-99
185   95     1.00000000000000E-99   1.00000000000000E-99
186   95     1.00000000000000E-99   1.00000000000000E-99
187   95     1.00000000000000E-99   1.00000000000000E-99
188   95     1.09262297583065E-25   3.09212302160075E-23
189   95     1.00000000000000E-99   1.00000000000000E-99
190   95     1.95755428689339E-24   5.57902971764617E-22
191   95     1.00000000000000E-99   1.00000000000000E-99
192   95     9.31837519129978E-25   2.67437367990304E-22
193   95     1.00000000000000E-99   1.00000000000000E-99
194   95     1.62142536974739E-25   4.68591931856995E-23
195   95     1.00000000000000E-99   1.00000000000000E-99
196   95     1.00000000000000E-99   1.00000000000000E-99
197   95     1.00000000000000E-99   1.00000000000000E-99
198   95     1.00000000000000E-99   1.00000000000000E-99
199   95     1.00000000000000E-99   1.00000000000000E-99
200   95     1.00000000000000E-99   1.00000000000000E-99
201   95     1.00000000000000E-99   1.00000000000000E-99
202   95     1.00000000000000E-99   1.00000000000000E-99
203   95     1.00000000000000E-99   1.00000000000000E-99
204   95     1.00000000000000E-99   1.00000000000000E-99
205   95     1.00000000000000E-99   1.00000000000000E-99
206   95     1.00000000000000E-99   1.00000000000000E-99
207   95     1.00000000000000E-99   1.00000000000000E-99
208   95     1.00000000000000E-99   1.00000000000000E-99
209   95     1.00000000000000E-99   1.00000000000000E-99
211   95     1.00000000000000E-99   1.00000000000000E-99
213   95     1.00000000000000E-99   1.00000000000000E-99
144   96     1.00000000000000E-99   1.00000000000000E-99
145   96     1.00000000000000E-99   1.00000000000000E-99
146   96     1.00000000000000E-99   1.00000000000000E-99
147   96     1.00000000000000E-99   1.00000000000000E-99
148   96     1.00000000000000E-99   1.00000000000000E-99
149   96     1.00000000000000E-99   1.00000000000000E-99
150   96     1.00000000000000E-99   1.00000000000000E-99
151   96     1.00000000000000E-99   1.00000000000000E-99
152   96     1.00000000000000E-99   1.00000000000000E-99
153   96     1.00000000000000E-99   1.00000000000000E-99
154   96     1.00000000000000E-99   1.00000000000000E-99
155   96     1.00000000000000E-99   1.00000000000000E-99
156   96     1.00000000000000E-99   1.00000000000000E-99
157   96     1.00000000000000E-99   1.00000000000000E-99
158   96     1.00000000000000E-99   1.00000000000000E-99
159   96     1.00000000000000E-99   1.00000000000000E-99
160   96     1.00000000000000E-99   1.00000000000000E-99
161   96     1.00000000000000E-99   1.00000000000000E-99
162   96     1.00000000000000E-99   1.00000000000000E-99
163   96     1.00000000000000E-99   1.00000000000000E-99
164   96     1.00000000000000E-99   1.00000000000000E-99
165   96     1.00000000000000E-99   1.00000000000000E-99
166   96     1.00000000000000E-99   1.00000000000000E-99
167   96     1.00000000000000E-99   1.00000000000000E-99
168   96     1.00000000000000E-99   1.00000000000000E-99
169   96     1.00000000000000E-99   1.00000000000000E-99
170   96     1.00000000000000E-99   1.00000000000000E-99
171   96     1.00000000000000E-99   1.00000000000000E-99
172   96     1.00000000000000E-99   1.00000000000000E-99
173   96     1.00000000000000E-99   1.00000000000000E-99
174   96     1.00000000000000E-99   1.00000000000000E-99
175   96     1.00000000000000E-99   1.00000000000000E-99
176   96     1.00000000000000E-99   1.00000000000000E-99
177   96     1.00000000000000E-99   1.00000000000000E-99
178   96     1.00000000000000E-99   1.00000000000000E-99
179   96     1.00000000000000E-99   1.00000000000000E-99
180   96     1.00000000000000E-99   1.00000000000000E-99
181   96     1.00000000000000E-99   1.00000000000000E-99
182   96     1.00000000000000E-99   1.00000000000000E-99
183   96     1.00000000000000E-99   1.00000000000000E-99
184   96     1.00000000000000E-99   1.00000000000000E-99
185   96     1.00000000000000E-99   1.00000000000000E-99
186   96     1.00000000000000E-99   1.00000000000000E-99
187   96     1.00000000000000E-99   1.00000000000000E-99
188   96     1.00000000000000E-99   1.00000000000000E-99
189   96     1.00000000000000E-99   1.00000000000000E-99
190   96     1.00000000000000E-99   1.00000000000000E-99
191   96     1.00000000000000E-99   1.00000000000000E-99
192   96     1.00000000000000E-99   1.00000000000000E-99
193   96     1.00000000000000E-99   1.00000000000000E-99
194   96     1.00000000000000E-99   1.00000000000000E-99
195   96     1.00000000000000E-99   1.00000000000000E-99
196   96     1.00000000000000E-99   1.00000000000000E-99
197   96     1.00000000000000E-99   1.00000000000000E-99
198   96     1.00000000000000E-99   1.00000000000000E-99
199   96     1.00000000000000E-99   1.00000000000000E-99
200   96     1.00000000000000E-99   1.00000000000000E-99
201   96     1.00000000000000E-99   1.00000000000000E-99
202   96     1.00000000000000E-99   1.00000000000000E-99
203   96     1.00000000000000E-99   1.00000000000000E-99
204   96     1.00000000000000E-99   1.00000000000000E-99
205   96     1.00000000000000E-99   1.00000000000000E-99
206   96     1.00000000000000E-99   1.00000000000000E-99
207   96     1.00000000000000E-99   1.00000000000000E-99
208   96     1.00000000000000E-99   1.00000000000000E-99
209   96     1.00000000000000E-99   1.00000000000000E-99
211   96     1.00000000000000E-99   1.00000000000000E-99
213   96     1.00000000000000E-99   1.00000000000000E-99
215   96     1.00000000000000E-99   1.00000000000000E-99
145   97     1.00000000000000E-99   1.00000000000000E-99
146   97     1.00000000000000E-99   1.00000000000000E-99
147   97     1.00000000000000E-99   1.00000000000000E-99
148   97     1.00000000000000E-99   1.00000000000000E-99
149   97     1.00000000000000E-99   1.00000000000000E-99
150   97     1.00000000000000E-99   1.00000000000000E-99
151   97     1.00000000000000E-99   1.00000000000000E-99
152   97     1.00000000000000E-99   1.00000000000000E-99
153   97     1.00000000000000E-99   1.00000000000000E-99
154   97     1.00000000000000E-99   1.00000000000000E-99
155   97     1.00000000000000E-99   1.00000000000000E-99
156   97     1.00000000000000E-99   1.00000000000000E-99
157   97     1.00000000000000E-99   1.00000000000000E-99
158   97     1.00000000000000E-99   1.00000000000000E-99
159   97     1.00000000000000E-99   1.00000000000000E-99
160   97     1.00000000000000E-99   1.00000000000000E-99
161   97     1.00000000000000E-99   1.00000000000000E-99
162   97     1.00000000000000E-99   1.00000000000000E-99
163   97     1.00000000000000E-99   1.00000000000000E-99
164   97     1.00000000000000E-99   1.00000000000000E-99
165   97     1.00000000000000E-99   1.00000000000000E-99
166   97     1.00000000000000E-99   1.00000000000000E-99
167   97     1.00000000000000E-99   1.00000000000000E-99
168   97     1.00000000000000E-99   1.00000000000000E-99
169   97     1.00000000000000E-99   1.00000000000000E-99
170   97     1.00000000000000E-99   1.00000000000000E-99
171   97     1.00000000000000E-99   1.00000000000000E-99
172   97     1.00000000000000E-99   1.00000000000000E-99
173   97     1.00000000000000E-99   1.00000000000000E-99
174   97     1.00000000000000E-99   1.00000000000000E-99
175   97     1.00000000000000E-99   1.00000000000000E-99
176   97     1.00000000000000E-99   1.00000000000000E-99
177   97     1.00000000000000E-99   1.00000000000000E-99
178   97     1.00000000000000E-99   1.00000000000000E-99
179   97     1.00000000000000E-99   1.00000000000000E-99
180   97     1.00000000000000E-99   1.00000000000000E-99
181   97     1.00000000000000E-99   1.00000000000000E-99
182   97     1.00000000000000E-99   1.00000000000000E-99
183   97     1.00000000000000E-99   1.00000000000000E-99
184   97     1.00000000000000E-99   1.00000000000000E-99
185   97     1.00000000000000E-99   1.00000000000000E-99
186   97     1.00000000000000E-99   1.00000000000000E-99
187   97     1.00000000000000E-99   1.00000000000000E-99
188   97     1.00000000000000E-99   1.00000000000000E-99
189   97     1.00000000000000E-99   1.00000000000000E-99
190   97     1.00000000000000E-99   1.00000000000000E-99
191   97     1.00000000000000E-99   1.00000000000000E-99
192   97     1.00000000000000E-99   1.00000000000000E-99
193   97     1.00000000000000E-99   1.00000000000000E-99
194   97     1.00000000000000E-99   1.00000000000000E-99
195   97     1.00000000000000E-99   1.00000000000000E-99
196   97     1.00000000000000E-99   1.00000000000000E-99
197   97     1.00000000000000E-99   1.00000000000000E-99
198   97     1.00000000000000E-99   1.00000000000000E-99
199   97     1.00000000000000E-99   1.00000000000000E-99
200   97     1.00000000000000E-99   1.00000000000000E-99
201   97     1.00000000000000E-99   1.00000000000000E-99
202   97     1.00000000000000E-99   1.00000000000000E-99
203   97     1.00000000000000E-99   1.00000000000000E-99
204   97     1.00000000000000E-99   1.00000000000000E-99
205   97     1.00000000000000E-99   1.00000000000000E-99
206   97     1.00000000000000E-99   1.00000000000000E-99
207   97     1.00000000000000E-99   1.00000000000000E-99
208   97     1.00000000000000E-99   1.00000000000000E-99
209   97     1.00000000000000E-99   1.00000000000000E-99
210   97     1.00000000000000E-99   1.00000000000000E-99
211   97     1.00000000000000E-99   1.00000000000000E-99
213   97     1.00000000000000E-99   1.00000000000000E-99
215   97     1.00000000000000E-99   1.00000000000000E-99
217   97     1.00000000000000E-99   1.00000000000000E-99
147   98     1.00000000000000E-99   1.00000000000000E-99
148   98     1.00000000000000E-99   1.00000000000000E-99
149   98     1.00000000000000E-99   1.00000000000000E-99
150   98     1.00000000000000E-99   1.00000000000000E-99
151   98     1.00000000000000E-99   1.00000000000000E-99
152   98     1.00000000000000E-99   1.00000000000000E-99
153   98     1.00000000000000E-99   1.00000000000000E-99
154   98     1.00000000000000E-99   1.00000000000000E-99
155   98     1.00000000000000E-99   1.00000000000000E-99
156   98     1.00000000000000E-99   1.00000000000000E-99
157   98     1.00000000000000E-99   1.00000000000000E-99
158   98     1.00000000000000E-99   1.00000000000000E-99
159   98     1.00000000000000E-99   1.00000000000000E-99
160   98     1.00000000000000E-99   1.00000000000000E-99
161   98     1.00000000000000E-99   1.00000000000000E-99
162   98     1.00000000000000E-99   1.00000000000000E-99
163   98     1.00000000000000E-99   1.00000000000000E-99
164   98     1.00000000000000E-99   1.00000000000000E-99
165   98     1.00000000000000E-99   1.00000000000000E-99
166   98     1.00000000000000E-99   1.00000000000000E-99
167   98     1.00000000000000E-99   1.00000000000000E-99
168   98     1.00000000000000E-99   1.00000000000000E-99
169   98     1.00000000000000E-99   1.00000000000000E-99
170   98     1.00000000000000E-99   1.00000000000000E-99
171   98     1.00000000000000E-99   1.00000000000000E-99
172   98     1.00000000000000E-99   1.00000000000000E-99
173   98     1.00000000000000E-99   1.00000000000000E-99
174   98     1.00000000000000E-99   1.00000000000000E-99
175   98     1.00000000000000E-99   1.00000000000000E-99
176   98     1.00000000000000E-99   1.00000000000000E-99
177   98     1.00000000000000E-99   1.00000000000000E-99
178   98     1.00000000000000E-99   1.00000000000000E-99
179   98     1.00000000000000E-99   1.00000000000000E-99
180   98     1.00000000000000E-99   1.00000000000000E-99
181   98     1.00000000000000E-99   1.00000000000000E-99
182   98     1.00000000000000E-99   1.00000000000000E-99
183   98     1.00000000000000E-99   1.00000000000000E-99
184   98     1.00000000000000E-99   1.00000000000000E-99
185   98     1.00000000000000E-99   1.00000000000000E-99
186   98     1.00000000000000E-99   1.00000000000000E-99
187   98     1.00000000000000E-99   1.00000000000000E-99
188   98     1.00000000000000E-99   1.00000000000000E-99
189   98     1.00000000000000E-99   1.00000000000000E-99
190   98     1.00000000000000E-99   1.00000000000000E-99
191   98     1.00000000000000E-99   1.00000000000000E-99
192   98     1.00000000000000E-99   1.00000000000000E-99
193   98     1.00000000000000E-99   1.00000000000000E-99
194   98     1.00000000000000E-99   1.00000000000000E-99
195   98     1.00000000000000E-99   1.00000000000000E-99
196   98     1.00000000000000E-99   1.00000000000000E-99
197   98     1.00000000000000E-99   1.00000000000000E-99
198   98     1.00000000000000E-99   1.00000000000000E-99
199   98     1.00000000000000E-99   1.00000000000000E-99
200   98     1.00000000000000E-99   1.00000000000000E-99
201   98     1.00000000000000E-99   1.00000000000000E-99
202   98     1.00000000000000E-99   1.00000000000000E-99
203   98     1.00000000000000E-99   1.00000000000000E-99
204   98     1.00000000000000E-99   1.00000000000000E-99
205   98     1.00000000000000E-99   1.00000000000000E-99
206   98     1.00000000000000E-99   1.00000000000000E-99
207   98     1.00000000000000E-99   1.00000000000000E-99
208   98     1.00000000000000E-99   1.00000000000000E-99
209   98     1.00000000000000E-99   1.00000000000000E-99
210   98     1.00000000000000E-99   1.00000000000000E-99
211   98     1.00000000000000E-99   1.00000000000000E-99
213   98     1.00000000000000E-99   1.00000000000000E-99
215   98     1.00000000000000E-99   1.00000000000000E-99
217   98     1.00000000000000E-99   1.00000000000000E-99
219   98     1.00000000000000E-99   1.00000000000000E-99
221   98     1.00000000000000E-99   1.00000000000000E-99
149   99     1.00000000000000E-99   1.00000000000000E-99
150   99     1.00000000000000E-99   1.00000000000000E-99
151   99     1.00000000000000E-99   1.00000000000000E-99
152   99     1.00000000000000E-99   1.00000000000000E-99
153   99     1.00000000000000E-99   1.00000000000000E-99
154   99     1.00000000000000E-99   1.00000000000000E-99
155   99     1.00000000000000E-99   1.00000000000000E-99
156   99     1.00000000000000E-99   1.00000000000000E-99
157   99     1.00000000000000E-99   1.00000000000000E-99
158   99     1.00000000000000E-99   1.00000000000000E-99
159   99     1.00000000000000E-99   1.00000000000000E-99
160   99     1.00000000000000E-99   1.00000000000000E-99
161   99     1.00000000000000E-99   1.00000000000000E-99
162   99     1.00000000000000E-99   1.00000000000000E-99
163   99     1.00000000000000E-99   1.00000000000000E-99
164   99     1.00000000000000E-99   1.00000000000000E-99
165   99     1.00000000000000E-99   1.00000000000000E-99
166   99     1.00000000000000E-99   1.00000000000000E-99
167   99     1.00000000000000E-99   1.00000000000000E-99
168   99     1.00000000000000E-99   1.00000000000000E-99
169   99     1.00000000000000E-99   1.00000000000000E-99
170   99     1.00000000000000E-99   1.00000000000000E-99
171   99     1.00000000000000E-99   1.00000000000000E-99
172   99     1.00000000000000E-99   1.00000000000000E-99
173   99     1.00000000000000E-99   1.00000000000000E-99
174   99     1.00000000000000E-99   1.00000000000000E-99
175   99     1.00000000000000E-99   1.00000000000000E-99
176   99     1.00000000000000E-99   1.00000000000000E-99
177   99     1.00000000000000E-99   1.00000000000000E-99
178   99     1.00000000000000E-99   1.00000000000000E-99
179   99     1.00000000000000E-99   1.00000000000000E-99
180   99     1.00000000000000E-99   1.00000000000000E-99
181   99     1.00000000000000E-99   1.00000000000000E-99
182   99     1.00000000000000E-99   1.00000000000000E-99
183   99     1.00000000000000E-99   1.00000000000000E-99
184   99     1.00000000000000E-99   1.00000000000000E-99
185   99     1.00000000000000E-99   1.00000000000000E-99
186   99     1.00000000000000E-99   1.00000000000000E-99
187   99     1.00000000000000E-99   1.00000000000000E-99
188   99     1.00000000000000E-99   1.00000000000000E-99
189   99     1.00000000000000E-99   1.00000000000000E-99
190   99     1.00000000000000E-99   1.00000000000000E-99
191   99     1.00000000000000E-99   1.00000000000000E-99
192   99     1.00000000000000E-99   1.00000000000000E-99
193   99     1.00000000000000E-99   1.00000000000000E-99
194   99     1.00000000000000E-99   1.00000000000000E-99
195   99     1.00000000000000E-99   1.00000000000000E-99
196   99     1.00000000000000E-99   1.00000000000000E-99
197   99     1.00000000000000E-99   1.00000000000000E-99
198   99     1.00000000000000E-99   1.00000000000000E-99
199   99     1.00000000000000E-99   1.00000000000000E-99
200   99     1.00000000000000E-99   1.00000000000000E-99
201   99     1.00000000000000E-99   1.00000000000000E-99
202   99     1.00000000000000E-99   1.00000000000000E-99
203   99     1.00000000000000E-99   1.00000000000000E-99
204   99     1.00000000000000E-99   1.00000000000000E-99
205   99     1.00000000000000E-99   1.00000000000000E-99
206   99     1.00000000000000E-99   1.00000000000000E-99
207   99     1.00000000000000E-99   1.00000000000000E-99
208   99     1.00000000000000E-99   1.00000000000000E-99
209   99     1.00000000000000E-99   1.00000000000000E-99
210   99     1.00000000000000E-99   1.00000000000000E-99
211   99     1.00000000000000E-99   1.00000000000000E-99
212   99     1.00000000000000E-99   1.00000000000000E-99
213   99     1.00000000000000E-99   1.00000000000000E-99
215   99     1.00000000000000E-99   1.00000000000000E-99
216   99     1.00000000000000E-99   1.00000000000000E-99
217   99     1.00000000000000E-99   1.00000000000000E-99
219   99     1.00000000000000E-99   1.00000000000000E-99
221   99     1.00000000000000E-99   1.00000000000000E-99
223   99     1.00000000000000E-99   1.00000000000000E-99
151  100     1.00000000000000E-99   1.00000000000000E-99
152  100     1.00000000000000E-99   1.00000000000000E-99
153  100     1.00000000000000E-99   1.00000000000000E-99
154  100     1.00000000000000E-99   1.00000000000000E-99
155  100     1.00000000000000E-99   1.00000000000000E-99
156  100     1.00000000000000E-99   1.00000000000000E-99
157  100     1.00000000000000E-99   1.00000000000000E-99
158  100     1.00000000000000E-99   1.00000000000000E-99
159  100     1.00000000000000E-99   1.00000000000000E-99
160  100     1.00000000000000E-99   1.00000000000000E-99
161  100     1.00000000000000E-99   1.00000000000000E-99
162  100     1.00000000000000E-99   1.00000000000000E-99
163  100     1.00000000000000E-99   1.00000000000000E-99
164  100     1.00000000000000E-99   1.00000000000000E-99
165  100     1.00000000000000E-99   1.00000000000000E-99
166  100     1.00000000000000E-99   1.00000000000000E-99
167  100     1.00000000000000E-99   1.00000000000000E-99
168  100     1.00000000000000E-99   1.00000000000000E-99
169  100     1.00000000000000E-99   1.00000000000000E-99
170  100     1.00000000000000E-99   1.00000000000000E-99
171  100     1.00000000000000E-99   1.00000000000000E-99
172  100     1.00000000000000E-99   1.00000000000000E-99
173  100     1.00000000000000E-99   1.00000000000000E-99
174  100     1.00000000000000E-99   1.00000000000000E-99
175  100     1.00000000000000E-99   1.00000000000000E-99
176  100     1.00000000000000E-99   1.00000000000000E-99
177  100     1.00000000000000E-99   1.00000000000000E-99
178  100     1.00000000000000E-99   1.00000000000000E-99
179  100     1.00000000000000E-99   1.00000000000000E-99
180  100     1.00000000000000E-99   1.00000000000000E-99
181  100     1.00000000000000E-99   1.00000000000000E-99
182  100     1.00000000000000E-99   1.00000000000000E-99
183  100     1.00000000000000E-99   1.00000000000000E-99
184  100     1.00000000000000E-99   1.00000000000000E-99
185  100     1.00000000000000E-99   1.00000000000000E-99
186  100     1.00000000000000E-99   1.00000000000000E-99
187  100     1.00000000000000E-99   1.00000000000000E-99
188  100     1.00000000000000E-99   1.00000000000000E-99
189  100     1.00000000000000E-99   1.00000000000000E-99
190  100     1.00000000000000E-99   1.00000000000000E-99
191  100     1.00000000000000E-99   1.00000000000000E-99
192  100     1.00000000000000E-99   1.00000000000000E-99
193  100     1.00000000000000E-99   1.00000000000000E-99
194  100     1.00000000000000E-99   1.00000000000000E-99
195  100     1.00000000000000E-99   1.00000000000000E-99
196  100     1.00000000000000E-99   1.00000000000000E-99
197  100     1.00000000000000E-99   1.00000000000000E-99
198  100     1.00000000000000E-99   1.00000000000000E-99
199  100     1.00000000000000E-99   1.00000000000000E-99
200  100     1.00000000000000E-99   1.00000000000000E-99
201  100     1.00000000000000E-99   1.00000000000000E-99
202  100     1.00000000000000E-99   1.00000000000000E-99
203  100     1.00000000000000E-99   1.00000000000000E-99
204  100     1.00000000000000E-99   1.00000000000000E-99
205  100     1.00000000000000E-99   1.00000000000000E-99
206  100     1.00000000000000E-99   1.00000000000000E-99
207  100     1.00000000000000E-99   1.00000000000000E-99
208  100     1.00000000000000E-99   1.00000000000000E-99
209  100     1.00000000000000E-99   1.00000000000000E-99
210  100     1.00000000000000E-99   1.00000000000000E-99
211  100     1.00000000000000E-99   1.00000000000000E-99
213  100     1.00000000000000E-99   1.00000000000000E-99
215  100     1.00000000000000E-99   1.00000000000000E-99
217  100     1.00000000000000E-99   1.00000000000000E-99
218  100     1.00000000000000E-99   1.00000000000000E-99
219  100     1.00000000000000E-99   1.00000000000000E-99
221  100     1.00000000000000E-99   1.00000000000000E-99
223  100     1.00000000000000E-99   1.00000000000000E-99
225  100     1.00000000000000E-99   1.00000000000000E-99
152  101     1.00000000000000E-99   1.00000000000000E-99
153  101     1.00000000000000E-99   1.00000000000000E-99
154  101     1.00000000000000E-99   1.00000000000000E-99
155  101     1.00000000000000E-99   1.00000000000000E-99
156  101     1.00000000000000E-99   1.00000000000000E-99
157  101     1.00000000000000E-99   1.00000000000000E-99
158  101     1.00000000000000E-99   1.00000000000000E-99
159  101     1.00000000000000E-99   1.00000000000000E-99
160  101     1.00000000000000E-99   1.00000000000000E-99
161  101     1.00000000000000E-99   1.00000000000000E-99
162  101     1.00000000000000E-99   1.00000000000000E-99
163  101     1.00000000000000E-99   1.00000000000000E-99
164  101     1.00000000000000E-99   1.00000000000000E-99
165  101     1.00000000000000E-99   1.00000000000000E-99
166  101     1.00000000000000E-99   1.00000000000000E-99
167  101     1.00000000000000E-99   1.00000000000000E-99
168  101     1.00000000000000E-99   1.00000000000000E-99
169  101     1.00000000000000E-99   1.00000000000000E-99
170  101     1.00000000000000E-99   1.00000000000000E-99
171  101     1.00000000000000E-99   1.00000000000000E-99
172  101     1.00000000000000E-99   1.00000000000000E-99
173  101     1.00000000000000E-99   1.00000000000000E-99
174  101     1.00000000000000E-99   1.00000000000000E-99
175  101     1.00000000000000E-99   1.00000000000000E-99
176  101     1.00000000000000E-99   1.00000000000000E-99
177  101     1.00000000000000E-99   1.00000000000000E-99
178  101     1.00000000000000E-99   1.00000000000000E-99
179  101     1.00000000000000E-99   1.00000000000000E-99
180  101     1.00000000000000E-99   1.00000000000000E-99
181  101     1.00000000000000E-99   1.00000000000000E-99
182  101     1.00000000000000E-99   1.00000000000000E-99
183  101     1.00000000000000E-99   1.00000000000000E-99
184  101     1.00000000000000E-99   1.00000000000000E-99
185  101     1.00000000000000E-99   1.00000000000000E-99
186  101     1.00000000000000E-99   1.00000000000000E-99
187  101     1.00000000000000E-99   1.00000000000000E-99
188  101     1.00000000000000E-99   1.00000000000000E-99
189  101     1.00000000000000E-99   1.00000000000000E-99
190  101     1.00000000000000E-99   1.00000000000000E-99
191  101     1.00000000000000E-99   1.00000000000000E-99
192  101     1.00000000000000E-99   1.00000000000000E-99
193  101     1.00000000000000E-99   1.00000000000000E-99
194  101     1.00000000000000E-99   1.00000000000000E-99
195  101     1.00000000000000E-99   1.00000000000000E-99
196  101     1.00000000000000E-99   1.00000000000000E-99
197  101     1.00000000000000E-99   1.00000000000000E-99
198  101     1.00000000000000E-99   1.00000000000000E-99
199  101     1.00000000000000E-99   1.00000000000000E-99
200  101     1.00000000000000E-99   1.00000000000000E-99
201  101     1.00000000000000E-99   1.00000000000000E-99
202  101     1.00000000000000E-99   1.00000000000000E-99
203  101     1.00000000000000E-99   1.00000000000000E-99
204  101     1.00000000000000E-99   1.00000000000000E-99
205  101     1.00000000000000E-99   1.00000000000000E-99
206  101     1.00000000000000E-99   1.00000000000000E-99
207  101     1.00000000000000E-99   1.00000000000000E-99
208  101     1.00000000000000E-99   1.00000000000000E-99
209  101     1.00000000000000E-99   1.00000000000000E-99
210  101     1.00000000000000E-99   1.00000000000000E-99
211  101     1.00000000000000E-99   1.00000000000000E-99
212  101     1.00000000000000E-99   1.00000000000000E-99
213  101     1.00000000000000E-99   1.00000000000000E-99
214  101     1.00000000000000E-99   1.00000000000000E-99
215  101     1.00000000000000E-99   1.00000000000000E-99
216  101     1.00000000000000E-99   1.00000000000000E-99
217  101     1.00000000000000E-99   1.00000000000000E-99
218  101     1.00000000000000E-99   1.00000000000000E-99
219  101     1.00000000000000E-99   1.00000000000000E-99
220  101     1.00000000000000E-99   1.00000000000000E-99
221  101     1.00000000000000E-99   1.00000000000000E-99
223  101     1.00000000000000E-99   1.00000000000000E-99
225  101     1.00000000000000E-99   1.00000000000000E-99
227  101     1.00000000000000E-99   1.00000000000000E-99
152  102     1.00000000000000E-99   1.00000000000000E-99
153  102     1.00000000000000E-99   1.00000000000000E-99
154  102     1.00000000000000E-99   1.00000000000000E-99
155  102     1.00000000000000E-99   1.00000000000000E-99
156  102     1.00000000000000E-99   1.00000000000000E-99
157  102     1.00000000000000E-99   1.00000000000000E-99
158  102     1.00000000000000E-99   1.00000000000000E-99
159  102     1.00000000000000E-99   1.00000000000000E-99
160  102     1.00000000000000E-99   1.00000000000000E-99
161  102     1.00000000000000E-99   1.00000000000000E-99
162  102     1.00000000000000E-99   1.00000000000000E-99
163  102     1.00000000000000E-99   1.00000000000000E-99
164  102     1.00000000000000E-99   1.00000000000000E-99
165  102     1.00000000000000E-99   1.00000000000000E-99
166  102     1.00000000000000E-99   1.00000000000000E-99
167  102     1.00000000000000E-99   1.00000000000000E-99
168  102     1.00000000000000E-99   1.00000000000000E-99
169  102     1.00000000000000E-99   1.00000000000000E-99
170  102     1.00000000000000E-99   1.00000000000000E-99
171  102     1.00000000000000E-99   1.00000000000000E-99
172  102     1.00000000000000E-99   1.00000000000000E-99
173  102     1.00000000000000E-99   1.00000000000000E-99
174  102     1.00000000000000E-99   1.00000000000000E-99
175  102     1.00000000000000E-99   1.00000000000000E-99
176  102     1.00000000000000E-99   1.00000000000000E-99
177  102     1.00000000000000E-99   1.00000000000000E-99
178  102     1.00000000000000E-99   1.00000000000000E-99
179  102     1.00000000000000E-99   1.00000000000000E-99
180  102     1.00000000000000E-99   1.00000000000000E-99
181  102     1.00000000000000E-99   1.00000000000000E-99
182  102     1.00000000000000E-99   1.00000000000000E-99
183  102     1.00000000000000E-99   1.00000000000000E-99
184  102     1.00000000000000E-99   1.00000000000000E-99
185  102     1.00000000000000E-99   1.00000000000000E-99
186  102     1.00000000000000E-99   1.00000000000000E-99
187  102     1.00000000000000E-99   1.00000000000000E-99
188  102     1.00000000000000E-99   1.00000000000000E-99
189  102     1.00000000000000E-99   1.00000000000000E-99
190  102     1.00000000000000E-99   1.00000000000000E-99
191  102     1.00000000000000E-99   1.00000000000000E-99
192  102     1.00000000000000E-99   1.00000000000000E-99
193  102     1.00000000000000E-99   1.00000000000000E-99
194  102     1.00000000000000E-99   1.00000000000000E-99
195  102     1.00000000000000E-99   1.00000000000000E-99
196  102     1.00000000000000E-99   1.00000000000000E-99
197  102     1.00000000000000E-99   1.00000000000000E-99
198  102     1.00000000000000E-99   1.00000000000000E-99
199  102     1.00000000000000E-99   1.00000000000000E-99
200  102     1.00000000000000E-99   1.00000000000000E-99
201  102     1.00000000000000E-99   1.00000000000000E-99
202  102     1.00000000000000E-99   1.00000000000000E-99
203  102     1.00000000000000E-99   1.00000000000000E-99
204  102     1.00000000000000E-99   1.00000000000000E-99
205  102     1.00000000000000E-99   1.00000000000000E-99
206  102     1.00000000000000E-99   1.00000000000000E-99
207  102     1.00000000000000E-99   1.00000000000000E-99
208  102     1.00000000000000E-99   1.00000000000000E-99
209  102     1.00000000000000E-99   1.00000000000000E-99
210  102     1.00000000000000E-99   1.00000000000000E-99
211  102     1.00000000000000E-99   1.00000000000000E-99
212  102     1.00000000000000E-99   1.00000000000000E-99
213  102     1.00000000000000E-99   1.00000000000000E-99
214  102     1.00000000000000E-99   1.00000000000000E-99
215  102     1.00000000000000E-99   1.00000000000000E-99
216  102     1.00000000000000E-99   1.00000000000000E-99
217  102     1.00000000000000E-99   1.00000000000000E-99
218  102     1.00000000000000E-99   1.00000000000000E-99
219  102     1.00000000000000E-99   1.00000000000000E-99
221  102     1.00000000000000E-99   1.00000000000000E-99
223  102     1.00000000000000E-99   1.00000000000000E-99
225  102     1.00000000000000E-99   1.00000000000000E-99
227  102     1.00000000000000E-99   1.00000000000000E-99
229  102     1.00000000000000E-99   1.00000000000000E-99
153  103     1.00000000000000E-99   1.00000000000000E-99
154  103     1.00000000000000E-99   1.00000000000000E-99
155  103     1.00000000000000E-99   1.00000000000000E-99
156  103     1.00000000000000E-99   1.00000000000000E-99
157  103     1.00000000000000E-99   1.00000000000000E-99
158  103     1.00000000000000E-99   1.00000000000000E-99
159  103     1.00000000000000E-99   1.00000000000000E-99
160  103     1.00000000000000E-99   1.00000000000000E-99
161  103     1.00000000000000E-99   1.00000000000000E-99
162  103     1.00000000000000E-99   1.00000000000000E-99
163  103     1.00000000000000E-99   1.00000000000000E-99
164  103     1.00000000000000E-99   1.00000000000000E-99
165  103     1.00000000000000E-99   1.00000000000000E-99
166  103     1.00000000000000E-99   1.00000000000000E-99
167  103     1.00000000000000E-99   1.00000000000000E-99
168  103     1.00000000000000E-99   1.00000000000000E-99
169  103     1.00000000000000E-99   1.00000000000000E-99
170  103     1.00000000000000E-99   1.00000000000000E-99
171  103     1.00000000000000E-99   1.00000000000000E-99
172  103     1.00000000000000E-99   1.00000000000000E-99
173  103     1.00000000000000E-99   1.00000000000000E-99
174  103     1.00000000000000E-99   1.00000000000000E-99
175  103     1.00000000000000E-99   1.00000000000000E-99
176  103     1.00000000000000E-99   1.00000000000000E-99
177  103     1.00000000000000E-99   1.00000000000000E-99
178  103     1.00000000000000E-99   1.00000000000000E-99
179  103     1.00000000000000E-99   1.00000000000000E-99
180  103     1.00000000000000E-99   1.00000000000000E-99
181  103     1.00000000000000E-99   1.00000000000000E-99
182  103     1.00000000000000E-99   1.00000000000000E-99
183  103     1.00000000000000E-99   1.00000000000000E-99
184  103     1.00000000000000E-99   1.00000000000000E-99
185  103     1.00000000000000E-99   1.00000000000000E-99
186  103     1.00000000000000E-99   1.00000000000000E-99
187  103     1.00000000000000E-99   1.00000000000000E-99
188  103     1.00000000000000E-99   1.00000000000000E-99
189  103     1.00000000000000E-99   1.00000000000000E-99
190  103     1.00000000000000E-99   1.00000000000000E-99
191  103     1.00000000000000E-99   1.00000000000000E-99
192  103     1.00000000000000E-99   1.00000000000000E-99
193  103     1.00000000000000E-99   1.00000000000000E-99
194  103     1.00000000000000E-99   1.00000000000000E-99
195  103     1.00000000000000E-99   1.00000000000000E-99
196  103     1.00000000000000E-99   1.00000000000000E-99
197  103     1.00000000000000E-99   1.00000000000000E-99
198  103     1.00000000000000E-99   1.00000000000000E-99
199  103     1.00000000000000E-99   1.00000000000000E-99
200  103     1.00000000000000E-99   1.00000000000000E-99
201  103     1.00000000000000E-99   1.00000000000000E-99
202  103     1.00000000000000E-99   1.00000000000000E-99
203  103     1.00000000000000E-99   1.00000000000000E-99
204  103     1.00000000000000E-99   1.00000000000000E-99
205  103     1.00000000000000E-99   1.00000000000000E-99
206  103     1.00000000000000E-99   1.00000000000000E-99
207  103     1.00000000000000E-99   1.00000000000000E-99
208  103     1.00000000000000E-99   1.00000000000000E-99
209  103     1.00000000000000E-99   1.00000000000000E-99
210  103     1.00000000000000E-99   1.00000000000000E-99
211  103     1.00000000000000E-99   1.00000000000000E-99
212  103     1.00000000000000E-99   1.00000000000000E-99
213  103     1.00000000000000E-99   1.00000000000000E-99
214  103     1.00000000000000E-99   1.00000000000000E-99
215  103     1.00000000000000E-99   1.00000000000000E-99
216  103     1.00000000000000E-99   1.00000000000000E-99
217  103     1.00000000000000E-99   1.00000000000000E-99
218  103     1.00000000000000E-99   1.00000000000000E-99
219  103     1.00000000000000E-99   1.00000000000000E-99
220  103     1.00000000000000E-99   1.00000000000000E-99
221  103     1.00000000000000E-99   1.00000000000000E-99
222  103     1.00000000000000E-99   1.00000000000000E-99
223  103     1.00000000000000E-99   1.00000000000000E-99
225  103     1.00000000000000E-99   1.00000000000000E-99
229  103     1.00000000000000E-99   1.00000000000000E-99
231  103     1.00000000000000E-99   1.00000000000000E-99
156  104     1.00000000000000E-99   1.00000000000000E-99
157  104     1.00000000000000E-99   1.00000000000000E-99
158  104     1.00000000000000E-99   1.00000000000000E-99
159  104     1.00000000000000E-99   1.00000000000000E-99
160  104     1.00000000000000E-99   1.00000000000000E-99
161  104     1.00000000000000E-99   1.00000000000000E-99
162  104     1.00000000000000E-99   1.00000000000000E-99
163  104     1.00000000000000E-99   1.00000000000000E-99
164  104     1.00000000000000E-99   1.00000000000000E-99
165  104     1.00000000000000E-99   1.00000000000000E-99
166  104     1.00000000000000E-99   1.00000000000000E-99
167  104     1.00000000000000E-99   1.00000000000000E-99
168  104     1.00000000000000E-99   1.00000000000000E-99
169  104     1.00000000000000E-99   1.00000000000000E-99
170  104     1.00000000000000E-99   1.00000000000000E-99
171  104     1.00000000000000E-99   1.00000000000000E-99
172  104     1.00000000000000E-99   1.00000000000000E-99
173  104     1.00000000000000E-99   1.00000000000000E-99
174  104     1.00000000000000E-99   1.00000000000000E-99
175  104     1.00000000000000E-99   1.00000000000000E-99
176  104     1.00000000000000E-99   1.00000000000000E-99
177  104     1.00000000000000E-99   1.00000000000000E-99
178  104     1.00000000000000E-99   1.00000000000000E-99
179  104     1.00000000000000E-99   1.00000000000000E-99
180  104     1.00000000000000E-99   1.00000000000000E-99
181  104     1.00000000000000E-99   1.00000000000000E-99
182  104     1.00000000000000E-99   1.00000000000000E-99
183  104     1.00000000000000E-99   1.00000000000000E-99
184  104     1.00000000000000E-99   1.00000000000000E-99
185  104     1.00000000000000E-99   1.00000000000000E-99
186  104     1.00000000000000E-99   1.00000000000000E-99
187  104     1.00000000000000E-99   1.00000000000000E-99
188  104     1.00000000000000E-99   1.00000000000000E-99
189  104     1.00000000000000E-99   1.00000000000000E-99
190  104     1.00000000000000E-99   1.00000000000000E-99
191  104     1.00000000000000E-99   1.00000000000000E-99
192  104     1.00000000000000E-99   1.00000000000000E-99
193  104     1.00000000000000E-99   1.00000000000000E-99
194  104     1.00000000000000E-99   1.00000000000000E-99
195  104     1.00000000000000E-99   1.00000000000000E-99
196  104     1.00000000000000E-99   1.00000000000000E-99
197  104     1.00000000000000E-99   1.00000000000000E-99
198  104     1.00000000000000E-99   1.00000000000000E-99
199  104     1.00000000000000E-99   1.00000000000000E-99
200  104     1.00000000000000E-99   1.00000000000000E-99
201  104     1.00000000000000E-99   1.00000000000000E-99
202  104     1.00000000000000E-99   1.00000000000000E-99
203  104     1.00000000000000E-99   1.00000000000000E-99
204  104     1.00000000000000E-99   1.00000000000000E-99
205  104     1.00000000000000E-99   1.00000000000000E-99
206  104     1.00000000000000E-99   1.00000000000000E-99
207  104     1.00000000000000E-99   1.00000000000000E-99
208  104     1.00000000000000E-99   1.00000000000000E-99
209  104     1.00000000000000E-99   1.00000000000000E-99
210  104     1.00000000000000E-99   1.00000000000000E-99
211  104     1.00000000000000E-99   1.00000000000000E-99
212  104     1.00000000000000E-99   1.00000000000000E-99
213  104     1.00000000000000E-99   1.00000000000000E-99
214  104     1.00000000000000E-99   1.00000000000000E-99
215  104     1.00000000000000E-99   1.00000000000000E-99
216  104     1.00000000000000E-99   1.00000000000000E-99
217  104     1.00000000000000E-99   1.00000000000000E-99
218  104     1.00000000000000E-99   1.00000000000000E-99
219  104     1.00000000000000E-99   1.00000000000000E-99
220  104     1.00000000000000E-99   1.00000000000000E-99
221  104     1.00000000000000E-99   1.00000000000000E-99
222  104     1.00000000000000E-99   1.00000000000000E-99
223  104     1.00000000000000E-99   1.00000000000000E-99
225  104     1.00000000000000E-99   1.00000000000000E-99
229  104     1.00000000000000E-99   1.00000000000000E-99
231  104     1.00000000000000E-99   1.00000000000000E-99
233  104     1.00000000000000E-99   1.00000000000000E-99
157  105     1.00000000000000E-99   1.00000000000000E-99
158  105     1.00000000000000E-99   1.00000000000000E-99
159  105     1.00000000000000E-99   1.00000000000000E-99
160  105     1.00000000000000E-99   1.00000000000000E-99
161  105     1.00000000000000E-99   1.00000000000000E-99
162  105     1.00000000000000E-99   1.00000000000000E-99
163  105     1.00000000000000E-99   1.00000000000000E-99
164  105     1.00000000000000E-99   1.00000000000000E-99
165  105     1.00000000000000E-99   1.00000000000000E-99
166  105     1.00000000000000E-99   1.00000000000000E-99
167  105     1.00000000000000E-99   1.00000000000000E-99
168  105     1.00000000000000E-99   1.00000000000000E-99
169  105     1.00000000000000E-99   1.00000000000000E-99
170  105     1.00000000000000E-99   1.00000000000000E-99
171  105     1.00000000000000E-99   1.00000000000000E-99
172  105     1.00000000000000E-99   1.00000000000000E-99
173  105     1.00000000000000E-99   1.00000000000000E-99
174  105     1.00000000000000E-99   1.00000000000000E-99
175  105     1.00000000000000E-99   1.00000000000000E-99
176  105     1.00000000000000E-99   1.00000000000000E-99
177  105     1.00000000000000E-99   1.00000000000000E-99
178  105     1.00000000000000E-99   1.00000000000000E-99
179  105     1.00000000000000E-99   1.00000000000000E-99
180  105     1.00000000000000E-99   1.00000000000000E-99
181  105     1.00000000000000E-99   1.00000000000000E-99
182  105     1.00000000000000E-99   1.00000000000000E-99
183  105     1.00000000000000E-99   1.00000000000000E-99
184  105     1.00000000000000E-99   1.00000000000000E-99
185  105     1.00000000000000E-99   1.00000000000000E-99
186  105     1.00000000000000E-99   1.00000000000000E-99
187  105     1.00000000000000E-99   1.00000000000000E-99
188  105     1.00000000000000E-99   1.00000000000000E-99
189  105     1.00000000000000E-99   1.00000000000000E-99
190  105     1.00000000000000E-99   1.00000000000000E-99
191  105     1.00000000000000E-99   1.00000000000000E-99
192  105     1.00000000000000E-99   1.00000000000000E-99
193  105     1.00000000000000E-99   1.00000000000000E-99
194  105     1.00000000000000E-99   1.00000000000000E-99
195  105     1.00000000000000E-99   1.00000000000000E-99
196  105     1.00000000000000E-99   1.00000000000000E-99
197  105     1.00000000000000E-99   1.00000000000000E-99
198  105     1.00000000000000E-99   1.00000000000000E-99
199  105     1.00000000000000E-99   1.00000000000000E-99
200  105     1.00000000000000E-99   1.00000000000000E-99
201  105     1.00000000000000E-99   1.00000000000000E-99
202  105     1.00000000000000E-99   1.00000000000000E-99
203  105     1.00000000000000E-99   1.00000000000000E-99
204  105     1.00000000000000E-99   1.00000000000000E-99
205  105     1.00000000000000E-99   1.00000000000000E-99
206  105     1.00000000000000E-99   1.00000000000000E-99
207  105     1.00000000000000E-99   1.00000000000000E-99
208  105     1.00000000000000E-99   1.00000000000000E-99
209  105     1.00000000000000E-99   1.00000000000000E-99
210  105     1.00000000000000E-99   1.00000000000000E-99
211  105     1.00000000000000E-99   1.00000000000000E-99
212  105     1.00000000000000E-99   1.00000000000000E-99
213  105     1.00000000000000E-99   1.00000000000000E-99
214  105     1.00000000000000E-99   1.00000000000000E-99
215  105     1.00000000000000E-99   1.00000000000000E-99
216  105     1.00000000000000E-99   1.00000000000000E-99
217  105     1.00000000000000E-99   1.00000000000000E-99
218  105     1.00000000000000E-99   1.00000000000000E-99
219  105     1.00000000000000E-99   1.00000000000000E-99
220  105     1.00000000000000E-99   1.00000000000000E-99
221  105     1.00000000000000E-99   1.00000000000000E-99
222  105     1.00000000000000E-99   1.00000000000000E-99
223  105     1.00000000000000E-99   1.00000000000000E-99
224  105     1.00000000000000E-99   1.00000000000000E-99
225  105     1.00000000000000E-99   1.00000000000000E-99
228  105     1.00000000000000E-99   1.00000000000000E-99
229  105     1.00000000000000E-99   1.00000000000000E-99
231  105     1.00000000000000E-99   1.00000000000000E-99
160  106     1.00000000000000E-99   1.00000000000000E-99
161  106     1.00000000000000E-99   1.00000000000000E-99
162  106     1.00000000000000E-99   1.00000000000000E-99
163  106     1.00000000000000E-99   1.00000000000000E-99
164  106     1.00000000000000E-99   1.00000000000000E-99
165  106     1.00000000000000E-99   1.00000000000000E-99
166  106     1.00000000000000E-99   1.00000000000000E-99
167  106     1.00000000000000E-99   1.00000000000000E-99
168  106     1.00000000000000E-99   1.00000000000000E-99
169  106     1.00000000000000E-99   1.00000000000000E-99
170  106     1.00000000000000E-99   1.00000000000000E-99
171  106     1.00000000000000E-99   1.00000000000000E-99
172  106     1.00000000000000E-99   1.00000000000000E-99
173  106     1.00000000000000E-99   1.00000000000000E-99
174  106     1.00000000000000E-99   1.00000000000000E-99
175  106     1.00000000000000E-99   1.00000000000000E-99
176  106     1.00000000000000E-99   1.00000000000000E-99
177  106     1.00000000000000E-99   1.00000000000000E-99
178  106     1.00000000000000E-99   1.00000000000000E-99
179  106     1.00000000000000E-99   1.00000000000000E-99
180  106     1.00000000000000E-99   1.00000000000000E-99
181  106     1.00000000000000E-99   1.00000000000000E-99
182  106     1.00000000000000E-99   1.00000000000000E-99
183  106     1.00000000000000E-99   1.00000000000000E-99
184  106     1.00000000000000E-99   1.00000000000000E-99
185  106     1.00000000000000E-99   1.00000000000000E-99
186  106     1.00000000000000E-99   1.00000000000000E-99
187  106     1.00000000000000E-99   1.00000000000000E-99
188  106     1.00000000000000E-99   1.00000000000000E-99
189  106     1.00000000000000E-99   1.00000000000000E-99
190  106     1.00000000000000E-99   1.00000000000000E-99
191  106     1.00000000000000E-99   1.00000000000000E-99
192  106     1.00000000000000E-99   1.00000000000000E-99
193  106     1.00000000000000E-99   1.00000000000000E-99
194  106     1.00000000000000E-99   1.00000000000000E-99
195  106     1.00000000000000E-99   1.00000000000000E-99
196  106     1.00000000000000E-99   1.00000000000000E-99
197  106     1.00000000000000E-99   1.00000000000000E-99
198  106     1.00000000000000E-99   1.00000000000000E-99
199  106     1.00000000000000E-99   1.00000000000000E-99
200  106     1.00000000000000E-99   1.00000000000000E-99
201  106     1.00000000000000E-99   1.00000000000000E-99
202  106     1.00000000000000E-99   1.00000000000000E-99
203  106     1.00000000000000E-99   1.00000000000000E-99
204  106     1.00000000000000E-99   1.00000000000000E-99
205  106     1.00000000000000E-99   1.00000000000000E-99
206  106     1.00000000000000E-99   1.00000000000000E-99
207  106     1.00000000000000E-99   1.00000000000000E-99
208  106     1.00000000000000E-99   1.00000000000000E-99
209  106     1.00000000000000E-99   1.00000000000000E-99
210  106     1.00000000000000E-99   1.00000000000000E-99
211  106     1.00000000000000E-99   1.00000000000000E-99
212  106     1.00000000000000E-99   1.00000000000000E-99
213  106     1.00000000000000E-99   1.00000000000000E-99
214  106     1.00000000000000E-99   1.00000000000000E-99
215  106     1.00000000000000E-99   1.00000000000000E-99
216  106     1.00000000000000E-99   1.00000000000000E-99
217  106     1.00000000000000E-99   1.00000000000000E-99
218  106     1.00000000000000E-99   1.00000000000000E-99
219  106     1.00000000000000E-99   1.00000000000000E-99
220  106     1.00000000000000E-99   1.00000000000000E-99
221  106     1.00000000000000E-99   1.00000000000000E-99
222  106     1.00000000000000E-99   1.00000000000000E-99
223  106     1.00000000000000E-99   1.00000000000000E-99
224  106     1.00000000000000E-99   1.00000000000000E-99
225  106     1.00000000000000E-99   1.00000000000000E-99
227  106     1.00000000000000E-99   1.00000000000000E-99
228  106     1.00000000000000E-99   1.00000000000000E-99
229  106     1.00000000000000E-99   1.00000000000000E-99
231  106     1.00000000000000E-99   1.00000000000000E-99
162  107     1.00000000000000E-99   1.00000000000000E-99
163  107     1.00000000000000E-99   1.00000000000000E-99
164  107     1.00000000000000E-99   1.00000000000000E-99
165  107     1.00000000000000E-99   1.00000000000000E-99
166  107     1.00000000000000E-99   1.00000000000000E-99
167  107     1.00000000000000E-99   1.00000000000000E-99
168  107     1.00000000000000E-99   1.00000000000000E-99
169  107     1.00000000000000E-99   1.00000000000000E-99
170  107     1.00000000000000E-99   1.00000000000000E-99
171  107     1.00000000000000E-99   1.00000000000000E-99
172  107     1.00000000000000E-99   1.00000000000000E-99
173  107     1.00000000000000E-99   1.00000000000000E-99
174  107     1.00000000000000E-99   1.00000000000000E-99
175  107     1.00000000000000E-99   1.00000000000000E-99
176  107     1.00000000000000E-99   1.00000000000000E-99
177  107     1.00000000000000E-99   1.00000000000000E-99
178  107     1.00000000000000E-99   1.00000000000000E-99
179  107     1.00000000000000E-99   1.00000000000000E-99
180  107     1.00000000000000E-99   1.00000000000000E-99
181  107     1.00000000000000E-99   1.00000000000000E-99
182  107     1.00000000000000E-99   1.00000000000000E-99
183  107     1.00000000000000E-99   1.00000000000000E-99
184  107     1.00000000000000E-99   1.00000000000000E-99
185  107     1.00000000000000E-99   1.00000000000000E-99
186  107     1.00000000000000E-99   1.00000000000000E-99
187  107     1.00000000000000E-99   1.00000000000000E-99
188  107     1.00000000000000E-99   1.00000000000000E-99
189  107     1.00000000000000E-99   1.00000000000000E-99
190  107     1.00000000000000E-99   1.00000000000000E-99
191  107     1.00000000000000E-99   1.00000000000000E-99
192  107     1.00000000000000E-99   1.00000000000000E-99
193  107     1.00000000000000E-99   1.00000000000000E-99
194  107     1.00000000000000E-99   1.00000000000000E-99
195  107     1.00000000000000E-99   1.00000000000000E-99
196  107     1.00000000000000E-99   1.00000000000000E-99
197  107     1.00000000000000E-99   1.00000000000000E-99
198  107     1.00000000000000E-99   1.00000000000000E-99
199  107     1.00000000000000E-99   1.00000000000000E-99
200  107     1.00000000000000E-99   1.00000000000000E-99
201  107     1.00000000000000E-99   1.00000000000000E-99
202  107     1.00000000000000E-99   1.00000000000000E-99
203  107     1.00000000000000E-99   1.00000000000000E-99
204  107     1.00000000000000E-99   1.00000000000000E-99
205  107     1.00000000000000E-99   1.00000000000000E-99
206  107     1.00000000000000E-99   1.00000000000000E-99
207  107     1.00000000000000E-99   1.00000000000000E-99
208  107     1.00000000000000E-99   1.00000000000000E-99
209  107     1.00000000000000E-99   1.00000000000000E-99
210  107     1.00000000000000E-99   1.00000000000000E-99
211  107     1.00000000000000E-99   1.00000000000000E-99
212  107     1.00000000000000E-99   1.00000000000000E-99
213  107     1.00000000000000E-99   1.00000000000000E-99
214  107     1.00000000000000E-99   1.00000000000000E-99
215  107     1.00000000000000E-99   1.00000000000000E-99
216  107     1.00000000000000E-99   1.00000000000000E-99
217  107     1.00000000000000E-99   1.00000000000000E-99
218  107     1.00000000000000E-99   1.00000000000000E-99
219  107     1.00000000000000E-99   1.00000000000000E-99
220  107     1.00000000000000E-99   1.00000000000000E-99
221  107     1.00000000000000E-99   1.00000000000000E-99
222  107     1.00000000000000E-99   1.00000000000000E-99
223  107     1.00000000000000E-99   1.00000000000000E-99
224  107     1.00000000000000E-99   1.00000000000000E-99
225  107     1.00000000000000E-99   1.00000000000000E-99
227  107     1.00000000000000E-99   1.00000000000000E-99
228  107     1.00000000000000E-99   1.00000000000000E-99
229  107     1.00000000000000E-99   1.00000000000000E-99
230  107     1.00000000000000E-99   1.00000000000000E-99
165  108     1.00000000000000E-99   1.00000000000000E-99
166  108     1.00000000000000E-99   1.00000000000000E-99
167  108     1.00000000000000E-99   1.00000000000000E-99
168  108     1.00000000000000E-99   1.00000000000000E-99
169  108     1.00000000000000E-99   1.00000000000000E-99
170  108     1.00000000000000E-99   1.00000000000000E-99
171  108     1.00000000000000E-99   1.00000000000000E-99
172  108     1.00000000000000E-99   1.00000000000000E-99
173  108     1.00000000000000E-99   1.00000000000000E-99
174  108     1.00000000000000E-99   1.00000000000000E-99
175  108     1.00000000000000E-99   1.00000000000000E-99
176  108     1.00000000000000E-99   1.00000000000000E-99
177  108     1.00000000000000E-99   1.00000000000000E-99
178  108     1.00000000000000E-99   1.00000000000000E-99
179  108     1.00000000000000E-99   1.00000000000000E-99
180  108     1.00000000000000E-99   1.00000000000000E-99
181  108     1.00000000000000E-99   1.00000000000000E-99
182  108     1.00000000000000E-99   1.00000000000000E-99
183  108     1.00000000000000E-99   1.00000000000000E-99
184  108     1.00000000000000E-99   1.00000000000000E-99
185  108     1.00000000000000E-99   1.00000000000000E-99
186  108     1.00000000000000E-99   1.00000000000000E-99
187  108     1.00000000000000E-99   1.00000000000000E-99
188  108     1.00000000000000E-99   1.00000000000000E-99
189  108     1.00000000000000E-99   1.00000000000000E-99
190  108     1.00000000000000E-99   1.00000000000000E-99
191  108     1.00000000000000E-99   1.00000000000000E-99
192  108     1.00000000000000E-99   1.00000000000000E-99
193  108     1.00000000000000E-99   1.00000000000000E-99
194  108     1.00000000000000E-99   1.00000000000000E-99
195  108     1.00000000000000E-99   1.00000000000000E-99
196  108     1.00000000000000E-99   1.00000000000000E-99
197  108     1.00000000000000E-99   1.00000000000000E-99
198  108     1.00000000000000E-99   1.00000000000000E-99
199  108     1.00000000000000E-99   1.00000000000000E-99
200  108     1.00000000000000E-99   1.00000000000000E-99
201  108     1.00000000000000E-99   1.00000000000000E-99
202  108     1.00000000000000E-99   1.00000000000000E-99
203  108     1.00000000000000E-99   1.00000000000000E-99
204  108     1.00000000000000E-99   1.00000000000000E-99
205  108     1.00000000000000E-99   1.00000000000000E-99
206  108     1.00000000000000E-99   1.00000000000000E-99
207  108     1.00000000000000E-99   1.00000000000000E-99
208  108     1.00000000000000E-99   1.00000000000000E-99
209  108     1.00000000000000E-99   1.00000000000000E-99
210  108     1.00000000000000E-99   1.00000000000000E-99
211  108     1.00000000000000E-99   1.00000000000000E-99
212  108     1.00000000000000E-99   1.00000000000000E-99
213  108     1.00000000000000E-99   1.00000000000000E-99
214  108     1.00000000000000E-99   1.00000000000000E-99
215  108     1.00000000000000E-99   1.00000000000000E-99
216  108     1.00000000000000E-99   1.00000000000000E-99
217  108     1.00000000000000E-99   1.00000000000000E-99
218  108     1.00000000000000E-99   1.00000000000000E-99
219  108     1.00000000000000E-99   1.00000000000000E-99
221  108     1.00000000000000E-99   1.00000000000000E-99
222  108     1.00000000000000E-99   1.00000000000000E-99
223  108     1.00000000000000E-99   1.00000000000000E-99
224  108     1.00000000000000E-99   1.00000000000000E-99
226  108     1.00000000000000E-99   1.00000000000000E-99
227  108     1.00000000000000E-99   1.00000000000000E-99
228  108     1.00000000000000E-99   1.00000000000000E-99
229  108     1.00000000000000E-99   1.00000000000000E-99
166  109     1.00000000000000E-99   1.00000000000000E-99
167  109     1.00000000000000E-99   1.00000000000000E-99
168  109     1.00000000000000E-99   1.00000000000000E-99
169  109     1.00000000000000E-99   1.00000000000000E-99
170  109     1.00000000000000E-99   1.00000000000000E-99
171  109     1.00000000000000E-99   1.00000000000000E-99
172  109     1.00000000000000E-99   1.00000000000000E-99
173  109     1.00000000000000E-99   1.00000000000000E-99
174  109     1.00000000000000E-99   1.00000000000000E-99
175  109     1.00000000000000E-99   1.00000000000000E-99
176  109     1.00000000000000E-99   1.00000000000000E-99
177  109     1.00000000000000E-99   1.00000000000000E-99
178  109     1.00000000000000E-99   1.00000000000000E-99
179  109     1.00000000000000E-99   1.00000000000000E-99
180  109     1.00000000000000E-99   1.00000000000000E-99
181  109     1.00000000000000E-99   1.00000000000000E-99
182  109     1.00000000000000E-99   1.00000000000000E-99
183  109     1.00000000000000E-99   1.00000000000000E-99
184  109     1.00000000000000E-99   1.00000000000000E-99
185  109     1.00000000000000E-99   1.00000000000000E-99
186  109     1.00000000000000E-99   1.00000000000000E-99
187  109     1.00000000000000E-99   1.00000000000000E-99
188  109     1.00000000000000E-99   1.00000000000000E-99
189  109     1.00000000000000E-99   1.00000000000000E-99
190  109     1.00000000000000E-99   1.00000000000000E-99
191  109     1.00000000000000E-99   1.00000000000000E-99
192  109     1.00000000000000E-99   1.00000000000000E-99
193  109     1.00000000000000E-99   1.00000000000000E-99
194  109     1.00000000000000E-99   1.00000000000000E-99
195  109     1.00000000000000E-99   1.00000000000000E-99
196  109     1.00000000000000E-99   1.00000000000000E-99
197  109     1.00000000000000E-99   1.00000000000000E-99
198  109     1.00000000000000E-99   1.00000000000000E-99
199  109     1.00000000000000E-99   1.00000000000000E-99
200  109     1.00000000000000E-99   1.00000000000000E-99
201  109     1.00000000000000E-99   1.00000000000000E-99
202  109     1.00000000000000E-99   1.00000000000000E-99
203  109     1.00000000000000E-99   1.00000000000000E-99
204  109     1.00000000000000E-99   1.00000000000000E-99
205  109     1.00000000000000E-99   1.00000000000000E-99
206  109     1.00000000000000E-99   1.00000000000000E-99
207  109     1.00000000000000E-99   1.00000000000000E-99
208  109     1.00000000000000E-99   1.00000000000000E-99
209  109     1.00000000000000E-99   1.00000000000000E-99
210  109     1.00000000000000E-99   1.00000000000000E-99
211  109     1.00000000000000E-99   1.00000000000000E-99
212  109     1.00000000000000E-99   1.00000000000000E-99
213  109     1.00000000000000E-99   1.00000000000000E-99
214  109     1.00000000000000E-99   1.00000000000000E-99
215  109     1.00000000000000E-99   1.00000000000000E-99
216  109     1.00000000000000E-99   1.00000000000000E-99
217  109     1.00000000000000E-99   1.00000000000000E-99
218  109     1.00000000000000E-99   1.00000000000000E-99
220  109     1.00000000000000E-99   1.00000000000000E-99
221  109     1.00000000000000E-99   1.00000000000000E-99
222  109     1.00000000000000E-99   1.00000000000000E-99
223  109     1.00000000000000E-99   1.00000000000000E-99
224  109     1.00000000000000E-99   1.00000000000000E-99
225  109     1.00000000000000E-99   1.00000000000000E-99
226  109     1.00000000000000E-99   1.00000000000000E-99
227  109     1.00000000000000E-99   1.00000000000000E-99
228  109     1.00000000000000E-99   1.00000000000000E-99
169  110     1.00000000000000E-99   1.00000000000000E-99
170  110     1.00000000000000E-99   1.00000000000000E-99
171  110     1.00000000000000E-99   1.00000000000000E-99
172  110     1.00000000000000E-99   1.00000000000000E-99
173  110     1.00000000000000E-99   1.00000000000000E-99
174  110     1.00000000000000E-99   1.00000000000000E-99
175  110     1.00000000000000E-99   1.00000000000000E-99
176  110     1.00000000000000E-99   1.00000000000000E-99
177  110     1.00000000000000E-99   1.00000000000000E-99
178  110     1.00000000000000E-99   1.00000000000000E-99
179  110     1.00000000000000E-99   1.00000000000000E-99
180  110     1.00000000000000E-99   1.00000000000000E-99
181  110     1.00000000000000E-99   1.00000000000000E-99
182  110     1.00000000000000E-99   1.00000000000000E-99
183  110     1.00000000000000E-99   1.00000000000000E-99
184  110     1.00000000000000E-99   1.00000000000000E-99
185  110     1.00000000000000E-99   1.00000000000000E-99
186  110     1.00000000000000E-99   1.00000000000000E-99
187  110     1.00000000000000E-99   1.00000000000000E-99
188  110     1.00000000000000E-99   1.00000000000000E-99
189  110     1.00000000000000E-99   1.00000000000000E-99
190  110     1.00000000000000E-99   1.00000000000000E-99
191  110     1.00000000000000E-99   1.00000000000000E-99
192  110     1.00000000000000E-99   1.00000000000000E-99
193  110     1.00000000000000E-99   1.00000000000000E-99
194  110     1.00000000000000E-99   1.00000000000000E-99
195  110     1.00000000000000E-99   1.00000000000000E-99
196  110     1.00000000000000E-99   1.00000000000000E-99
197  110     1.00000000000000E-99   1.00000000000000E-99
198  110     1.00000000000000E-99   1.00000000000000E-99
199  110     1.00000000000000E-99   1.00000000000000E-99
200  110     1.00000000000000E-99   1.00000000000000E-99
201  110     1.00000000000000E-99   1.00000000000000E-99
202  110     1.00000000000000E-99   1.00000000000000E-99
203  110     1.00000000000000E-99   1.00000000000000E-99
204  110     1.00000000000000E-99   1.00000000000000E-99
205  110     1.00000000000000E-99   1.00000000000000E-99
206  110     1.00000000000000E-99   1.00000000000000E-99
207  110     1.00000000000000E-99   1.00000000000000E-99
208  110     1.00000000000000E-99   1.00000000000000E-99
209  110     1.00000000000000E-99   1.00000000000000E-99
210  110     1.00000000000000E-99   1.00000000000000E-99
211  110     1.00000000000000E-99   1.00000000000000E-99
212  110     1.00000000000000E-99   1.00000000000000E-99
213  110     1.00000000000000E-99   1.00000000000000E-99
214  110     1.00000000000000E-99   1.00000000000000E-99
215  110     1.00000000000000E-99   1.00000000000000E-99
216  110     1.00000000000000E-99   1.00000000000000E-99
217  110     1.00000000000000E-99   1.00000000000000E-99
218  110     1.00000000000000E-99   1.00000000000000E-99
219  110     1.00000000000000E-99   1.00000000000000E-99
220  110     1.00000000000000E-99   1.00000000000000E-99
221  110     1.00000000000000E-99   1.00000000000000E-99
222  110     1.00000000000000E-99   1.00000000000000E-99
223  110     1.00000000000000E-99   1.00000000000000E-99
224  110     1.00000000000000E-99   1.00000000000000E-99
225  110     1.00000000000000E-99   1.00000000000000E-99
226  110     1.00000000000000E-99   1.00000000000000E-99
227  110     1.00000000000000E-99   1.00000000000000E-99
172  111     1.00000000000000E-99   1.00000000000000E-99
173  111     1.00000000000000E-99   1.00000000000000E-99
174  111     1.00000000000000E-99   1.00000000000000E-99
175  111     1.00000000000000E-99   1.00000000000000E-99
176  111     1.00000000000000E-99   1.00000000000000E-99
177  111     1.00000000000000E-99   1.00000000000000E-99
178  111     1.00000000000000E-99   1.00000000000000E-99
179  111     1.00000000000000E-99   1.00000000000000E-99
180  111     1.00000000000000E-99   1.00000000000000E-99
181  111     1.00000000000000E-99   1.00000000000000E-99
182  111     1.00000000000000E-99   1.00000000000000E-99
183  111     1.00000000000000E-99   1.00000000000000E-99
184  111     1.00000000000000E-99   1.00000000000000E-99
185  111     1.00000000000000E-99   1.00000000000000E-99
186  111     1.00000000000000E-99   1.00000000000000E-99
187  111     1.00000000000000E-99   1.00000000000000E-99
188  111     1.00000000000000E-99   1.00000000000000E-99
189  111     1.00000000000000E-99   1.00000000000000E-99
190  111     1.00000000000000E-99   1.00000000000000E-99
191  111     1.00000000000000E-99   1.00000000000000E-99
192  111     1.00000000000000E-99   1.00000000000000E-99
193  111     1.00000000000000E-99   1.00000000000000E-99
194  111     1.00000000000000E-99   1.00000000000000E-99
195  111     1.00000000000000E-99   1.00000000000000E-99
196  111     1.00000000000000E-99   1.00000000000000E-99
197  111     1.00000000000000E-99   1.00000000000000E-99
198  111     1.00000000000000E-99   1.00000000000000E-99
199  111     1.00000000000000E-99   1.00000000000000E-99
200  111     1.00000000000000E-99   1.00000000000000E-99
201  111     1.00000000000000E-99   1.00000000000000E-99
202  111     1.00000000000000E-99   1.00000000000000E-99
203  111     1.00000000000000E-99   1.00000000000000E-99
204  111     1.00000000000000E-99   1.00000000000000E-99
205  111     1.00000000000000E-99   1.00000000000000E-99
206  111     1.00000000000000E-99   1.00000000000000E-99
207  111     1.00000000000000E-99   1.00000000000000E-99
208  111     1.00000000000000E-99   1.00000000000000E-99
209  111     1.00000000000000E-99   1.00000000000000E-99
210  111     1.00000000000000E-99   1.00000000000000E-99
211  111     1.00000000000000E-99   1.00000000000000E-99
212  111     1.00000000000000E-99   1.00000000000000E-99
213  111     1.00000000000000E-99   1.00000000000000E-99
214  111     1.00000000000000E-99   1.00000000000000E-99
215  111     1.00000000000000E-99   1.00000000000000E-99
216  111     1.00000000000000E-99   1.00000000000000E-99
217  111     1.00000000000000E-99   1.00000000000000E-99
218  111     1.00000000000000E-99   1.00000000000000E-99
219  111     1.00000000000000E-99   1.00000000000000E-99
220  111     1.00000000000000E-99   1.00000000000000E-99
221  111     1.00000000000000E-99   1.00000000000000E-99
222  111     1.00000000000000E-99   1.00000000000000E-99
223  111     1.00000000000000E-99   1.00000000000000E-99
224  111     1.00000000000000E-99   1.00000000000000E-99
225  111     1.00000000000000E-99   1.00000000000000E-99
226  111     1.00000000000000E-99   1.00000000000000E-99
