    time    temp    dens
   1.08538279555978E+02   1.00000000000000E-02   3.09005455320275E-04
     nin     zin       y       x
  1    0     2.63068432960418E-10   2.63068432960418E-10
  0    1     2.24985464851825E-11   2.24985464851825E-11
  1    1     2.40920377719632E-16   4.81840755439265E-16
  2    1     1.90217861062845E-08   5.70653583188535E-08
  1    2     5.09193697700828E-15   1.52758109310249E-14
  2    2     1.54583871704972E-04   6.18335486819887E-04
  4    2     1.00000000000000E-99   1.00000000000000E-99
  3    3     1.92427342496535E-08   1.15456405497921E-07
  4    3     1.67447595582986E-09   1.17213316908091E-08
  5    3     1.09953955780575E-18   8.79631646244597E-18
  6    3     1.00000000000000E-99   1.00000000000000E-99
  3    4     6.91343625949593E-20   4.83940538164715E-19
  5    4     8.75568984754659E-07   7.88012086279193E-06
  6    4     3.64223879594756E-07   3.64223879594756E-06
  7    4     4.22640767948684E-15   4.64904844743552E-14
  8    4     1.00000000000000E-99   1.00000000000000E-99
  3    5     1.00000000000000E-99   1.00000000000000E-99
  5    5     6.28050809140859E-14   6.28050809140859E-13
  6    5     2.20430773848956E-08   2.42473851233851E-07
  7    5     3.80927374533852E-20   4.57112849440622E-19
  8    5     1.00000000000000E-99   1.00000000000000E-99
  9    5     1.00000000000000E-99   1.00000000000000E-99
  3    6     1.00000000000000E-99   1.00000000000000E-99
  4    6     1.00000000000000E-99   1.00000000000000E-99
  5    6     3.24980778789205E-24   3.57478856668125E-23
  6    6     6.55595921326619E-07   7.86715105591943E-06
  7    6     6.78413303311455E-08   8.81937294304891E-07
  8    6     4.96107772770810E-08   6.94550881879134E-07
  9    6     2.93144153581753E-19   4.39716230372629E-18
 10    6     1.00000000000000E-99   1.00000000000000E-99
 11    6     1.00000000000000E-99   1.00000000000000E-99
 12    6     1.00000000000000E-99   1.00000000000000E-99
  4    7     1.00000000000000E-99   1.00000000000000E-99
  5    7     1.00000000000000E-99   1.00000000000000E-99
  6    7     1.46140568692902E-18   1.89982739300772E-17
  7    7     4.67536611449709E-10   6.54551256029593E-09
  8    7     1.00295106102318E-05   1.50442659153477E-04
  9    7     5.40940334559400E-12   8.65504535295040E-11
 10    7     8.25651658387558E-16   1.40360781925885E-14
 11    7     1.00000000000000E-99   1.00000000000000E-99
 12    7     1.00000000000000E-99   1.00000000000000E-99
 13    7     1.00000000000000E-99   1.00000000000000E-99
 14    7     1.00000000000000E-99   1.00000000000000E-99
  5    8     1.00000000000000E-99   1.00000000000000E-99
  6    8     1.00000000000000E-99   1.00000000000000E-99
  7    8     2.69094850112203E-22   4.03642275168304E-21
  8    8     1.84172793904363E-07   2.94676470246981E-06
  9    8     2.29972393561907E-09   3.90953069055242E-08
 10    8     1.99007938377864E-07   3.58214289080154E-06
 11    8     5.18334122826715E-08   9.84834833370759E-07
 12    8     3.79575708684542E-09   7.59151417369083E-08
 13    8     9.89417628961574E-17   2.07777702081931E-15
 14    8     8.96770594723338E-20   1.97289530839134E-18
  5    9     1.00000000000000E-99   1.00000000000000E-99
  6    9     1.00000000000000E-99   1.00000000000000E-99
  7    9     1.00000000000000E-99   1.00000000000000E-99
  8    9     6.47097643617613E-24   1.10006599414994E-22
  9    9     8.19867276087277E-21   1.47576109695710E-19
 10    9     7.64405352741056E-07   1.45237017020801E-05
 11    9     1.21059806597900E-08   2.42119613195800E-07
 12    9     2.56391183897294E-14   5.38421486184317E-13
 13    9     3.16166272228385E-13   6.95565798902447E-12
 14    9     1.20229319018324E-23   2.76527433742146E-22
 15    9     1.00000000000000E-99   1.00000000000000E-99
 16    9     1.00000000000000E-99   1.00000000000000E-99
 17    9     1.00000000000000E-99   1.00000000000000E-99
  7   10     1.00000000000000E-99   1.00000000000000E-99
  8   10     1.00000000000000E-99   1.00000000000000E-99
  9   10     1.00000000000000E-99   1.00000000000000E-99
 10   10     8.88497378981330E-07   1.77699475796266E-05
 11   10     1.42370537997407E-07   2.98978129794555E-06
 12   10     4.16538402464403E-06   9.16384485421686E-05
 13   10     1.52993428210508E-10   3.51884884884168E-09
 14   10     1.65186332834652E-08   3.96447198803164E-07
 15   10     5.88244327059331E-20   1.47061081764833E-18
 16   10     1.00000000000000E-99   1.00000000000000E-99
 17   10     1.00000000000000E-99   1.00000000000000E-99
 18   10     1.00000000000000E-99   1.00000000000000E-99
 19   10     1.00000000000000E-99   1.00000000000000E-99
 20   10     1.00000000000000E-99   1.00000000000000E-99
 21   10     1.00000000000000E-99   1.00000000000000E-99
 22   10     1.00000000000000E-99   1.00000000000000E-99
 23   10     1.00000000000000E-99   1.00000000000000E-99
 24   10     1.00000000000000E-99   1.00000000000000E-99
 25   10     1.00000000000000E-99   1.00000000000000E-99
 26   10     1.00000000000000E-99   1.00000000000000E-99
 27   10     1.00000000000000E-99   1.00000000000000E-99
 28   10     1.00000000000000E-99   1.00000000000000E-99
 29   10     1.00000000000000E-99   1.00000000000000E-99
 30   10     1.00000000000000E-99   1.00000000000000E-99
 31   10     1.00000000000000E-99   1.00000000000000E-99
  8   11     1.00000000000000E-99   1.00000000000000E-99
  9   11     1.00000000000000E-99   1.00000000000000E-99
 10   11     1.00000000000000E-99   1.00000000000000E-99
 11   11     6.50185065935989E-21   1.43040714505917E-19
 12   11     9.26825012985955E-10   2.13169752986770E-08
 13   11     7.32713366515125E-09   1.75851207963630E-07
 14   11     2.40411788428709E-08   6.01029471071772E-07
 15   11     7.10826313166408E-16   1.84814841423266E-14
 16   11     7.10401108881739E-24   1.91808299398070E-22
 17   11     1.00000000000000E-99   1.00000000000000E-99
 18   11     1.00000000000000E-99   1.00000000000000E-99
 19   11     1.00000000000000E-99   1.00000000000000E-99
 20   11     1.00000000000000E-99   1.00000000000000E-99
 21   11     1.00000000000000E-99   1.00000000000000E-99
 22   11     1.00000000000000E-99   1.00000000000000E-99
 23   11     1.00000000000000E-99   1.00000000000000E-99
 24   11     1.00000000000000E-99   1.00000000000000E-99
 25   11     1.00000000000000E-99   1.00000000000000E-99
 26   11     1.00000000000000E-99   1.00000000000000E-99
 27   11     1.00000000000000E-99   1.00000000000000E-99
 28   11     1.00000000000000E-99   1.00000000000000E-99
 29   11     1.00000000000000E-99   1.00000000000000E-99
 30   11     1.00000000000000E-99   1.00000000000000E-99
 31   11     1.00000000000000E-99   1.00000000000000E-99
 32   11     1.00000000000000E-99   1.00000000000000E-99
 33   11     1.00000000000000E-99   1.00000000000000E-99
  8   12     1.00000000000000E-99   1.00000000000000E-99
  9   12     1.00000000000000E-99   1.00000000000000E-99
 10   12     1.00000000000000E-99   1.00000000000000E-99
 11   12     1.00000000000000E-99   1.00000000000000E-99
 12   12     5.39067092690551E-12   1.29376102245732E-10
 13   12     5.98674511018798E-08   1.49668627754699E-06
 14   12     3.80667144966795E-09   9.89734576913666E-08
 15   12     8.68546601625211E-10   2.34507582438807E-08
 16   12     1.14338108445997E-09   3.20146703648792E-08
 17   12     9.63455385267459E-18   2.79402061727563E-16
 18   12     1.00000000000000E-99   1.00000000000000E-99
 19   12     1.00000000000000E-99   1.00000000000000E-99
 20   12     1.00000000000000E-99   1.00000000000000E-99
 21   12     1.00000000000000E-99   1.00000000000000E-99
 22   12     1.00000000000000E-99   1.00000000000000E-99
 23   12     1.00000000000000E-99   1.00000000000000E-99
 24   12     1.00000000000000E-99   1.00000000000000E-99
 25   12     1.00000000000000E-99   1.00000000000000E-99
 26   12     1.00000000000000E-99   1.00000000000000E-99
 27   12     1.00000000000000E-99   1.00000000000000E-99
 28   12     1.00000000000000E-99   1.00000000000000E-99
 29   12     1.00000000000000E-99   1.00000000000000E-99
 30   12     1.00000000000000E-99   1.00000000000000E-99
 31   12     1.00000000000000E-99   1.00000000000000E-99
 32   12     1.00000000000000E-99   1.00000000000000E-99
 33   12     1.00000000000000E-99   1.00000000000000E-99
 34   12     1.00000000000000E-99   1.00000000000000E-99
 35   12     1.00000000000000E-99   1.00000000000000E-99
  8   13     1.00000000000000E-99   1.00000000000000E-99
  9   13     1.00000000000000E-99   1.00000000000000E-99
 10   13     1.00000000000000E-99   1.00000000000000E-99
 11   13     1.00000000000000E-99   1.00000000000000E-99
 12   13     1.00000000000000E-99   1.00000000000000E-99
 13   13     1.57492783488016E-21   4.09481237068841E-20
 14   13     1.21672315836327E-10   3.28515252758083E-09
 15   13     8.87584155844505E-13   2.48523563636462E-11
 16   13     5.51271650684913E-10   1.59868778698625E-08
 17   13     7.99685940840135E-17   2.39905782252041E-15
 18   13     2.81148479572793E-24   8.71560286675660E-23
 19   13     1.00000000000000E-99   1.00000000000000E-99
 20   13     1.00000000000000E-99   1.00000000000000E-99
 21   13     1.00000000000000E-99   1.00000000000000E-99
 22   13     1.00000000000000E-99   1.00000000000000E-99
 23   13     1.00000000000000E-99   1.00000000000000E-99
 24   13     1.00000000000000E-99   1.00000000000000E-99
 25   13     1.00000000000000E-99   1.00000000000000E-99
 26   13     1.00000000000000E-99   1.00000000000000E-99
 27   13     1.00000000000000E-99   1.00000000000000E-99
 28   13     1.00000000000000E-99   1.00000000000000E-99
 29   13     1.00000000000000E-99   1.00000000000000E-99
 30   13     1.00000000000000E-99   1.00000000000000E-99
 31   13     1.00000000000000E-99   1.00000000000000E-99
 32   13     1.00000000000000E-99   1.00000000000000E-99
 33   13     1.00000000000000E-99   1.00000000000000E-99
 34   13     1.00000000000000E-99   1.00000000000000E-99
 35   13     1.00000000000000E-99   1.00000000000000E-99
 36   13     1.00000000000000E-99   1.00000000000000E-99
 37   13     1.00000000000000E-99   1.00000000000000E-99
 38   13     1.00000000000000E-99   1.00000000000000E-99
  8   14     1.00000000000000E-99   1.00000000000000E-99
  9   14     1.00000000000000E-99   1.00000000000000E-99
 10   14     1.00000000000000E-99   1.00000000000000E-99
 11   14     1.00000000000000E-99   1.00000000000000E-99
 12   14     1.00000000000000E-99   1.00000000000000E-99
 13   14     1.00000000000000E-99   1.00000000000000E-99
 14   14     2.78299574246252E-13   7.79238807889504E-12
 15   14     1.12773085253471E-10   3.27041947235065E-09
 16   14     1.63140656911013E-09   4.89421970733038E-08
 17   14     2.76698061322447E-09   8.57763990099585E-08
 18   14     9.87057842527859E-09   3.15858509608915E-07
 19   14     5.68441984586474E-14   1.87585854913536E-12
 20   14     7.61176131878589E-20   2.58799884838720E-18
 21   14     1.00000000000000E-99   1.00000000000000E-99
 22   14     1.00000000000000E-99   1.00000000000000E-99
 23   14     1.00000000000000E-99   1.00000000000000E-99
 24   14     6.69712199089976E-21   2.54490635654191E-19
 25   14     4.44775709046060E-21   1.73462526527963E-19
 26   14     5.72833465878965E-19   2.29133386351586E-17
 27   14     1.00000000000000E-99   1.00000000000000E-99
 28   14     1.00000000000000E-99   1.00000000000000E-99
 29   14     1.00000000000000E-99   1.00000000000000E-99
 30   14     1.00000000000000E-99   1.00000000000000E-99
 31   14     1.00000000000000E-99   1.00000000000000E-99
 32   14     1.00000000000000E-99   1.00000000000000E-99
 33   14     1.00000000000000E-99   1.00000000000000E-99
 34   14     1.00000000000000E-99   1.00000000000000E-99
 35   14     1.00000000000000E-99   1.00000000000000E-99
 36   14     1.00000000000000E-99   1.00000000000000E-99
 37   14     1.00000000000000E-99   1.00000000000000E-99
 38   14     1.00000000000000E-99   1.00000000000000E-99
 39   14     1.00000000000000E-99   1.00000000000000E-99
 40   14     1.00000000000000E-99   1.00000000000000E-99
  8   15     1.00000000000000E-99   1.00000000000000E-99
  9   15     1.00000000000000E-99   1.00000000000000E-99
 10   15     1.00000000000000E-99   1.00000000000000E-99
 11   15     1.00000000000000E-99   1.00000000000000E-99
 12   15     1.00000000000000E-99   1.00000000000000E-99
 13   15     1.00000000000000E-99   1.00000000000000E-99
 14   15     1.00000000000000E-99   1.00000000000000E-99
 15   15     1.00000000000000E-99   1.00000000000000E-99
 16   15     2.17397304246504E-11   6.73931643164161E-10
 17   15     9.96145355280302E-16   3.18766513689697E-14
 18   15     8.80258463812887E-09   2.90485293058253E-07
 19   15     3.67333487298662E-11   1.24893385681545E-09
 20   15     1.40296442773258E-09   4.91037549706403E-08
 21   15     4.28506360708077E-15   1.54262289854908E-13
 22   15     4.03360900488656E-20   1.49243533180803E-18
 23   15     8.90247798694668E-20   3.38294163503974E-18
 24   15     3.17640325522255E-18   1.23879726953679E-16
 25   15     3.31909778460443E-17   1.32763911384177E-15
 26   15     1.02222862985106E-17   4.19113738238933E-16
 27   15     8.14333331300925E-18   3.42019999146388E-16
 28   15     8.72542627360137E-19   3.75193329764859E-17
 29   15     1.00000000000000E-99   1.00000000000000E-99
 30   15     1.00000000000000E-99   1.00000000000000E-99
 31   15     1.00000000000000E-99   1.00000000000000E-99
 32   15     1.00000000000000E-99   1.00000000000000E-99
 33   15     1.00000000000000E-99   1.00000000000000E-99
 34   15     1.00000000000000E-99   1.00000000000000E-99
 35   15     1.00000000000000E-99   1.00000000000000E-99
 36   15     1.00000000000000E-99   1.00000000000000E-99
 37   15     1.00000000000000E-99   1.00000000000000E-99
 38   15     1.00000000000000E-99   1.00000000000000E-99
 39   15     1.00000000000000E-99   1.00000000000000E-99
 40   15     1.00000000000000E-99   1.00000000000000E-99
 41   15     1.00000000000000E-99   1.00000000000000E-99
 42   15     1.00000000000000E-99   1.00000000000000E-99
  8   16     1.00000000000000E-99   1.00000000000000E-99
  9   16     1.00000000000000E-99   1.00000000000000E-99
 10   16     1.00000000000000E-99   1.00000000000000E-99
 11   16     1.00000000000000E-99   1.00000000000000E-99
 12   16     1.00000000000000E-99   1.00000000000000E-99
 13   16     1.00000000000000E-99   1.00000000000000E-99
 14   16     1.00000000000000E-99   1.00000000000000E-99
 15   16     1.00000000000000E-99   1.00000000000000E-99
 16   16     5.50088965751056E-20   1.76028469040338E-18
 17   16     2.75052794487784E-13   9.07674221809688E-12
 18   16     1.09903054852062E-08   3.73670386497010E-07
 19   16     5.26014803947130E-09   1.84105181381496E-07
 20   16     1.81898928443225E-09   6.54836142395611E-08
 21   16     5.44937823550052E-09   2.01626994713519E-07
 22   16     3.59295460982629E-09   1.36532275173399E-07
 23   16     9.71112102723266E-13   3.78733720062074E-11
 24   16     4.15837017448706E-13   1.66334806979483E-11
 25   16     7.57474973046626E-16   3.10564738949116E-14
 26   16     7.84635111339071E-16   3.29546746762410E-14
 27   16     8.16046520863944E-17   3.50900003971496E-15
 28   16     5.75030668591326E-18   2.53013494180183E-16
 29   16     1.00000000000000E-99   1.00000000000000E-99
 30   16     1.00000000000000E-99   1.00000000000000E-99
 31   16     1.00000000000000E-99   1.00000000000000E-99
 32   16     1.00000000000000E-99   1.00000000000000E-99
 33   16     1.00000000000000E-99   1.00000000000000E-99
 34   16     1.00000000000000E-99   1.00000000000000E-99
 35   16     1.00000000000000E-99   1.00000000000000E-99
 36   16     1.00000000000000E-99   1.00000000000000E-99
 37   16     1.00000000000000E-99   1.00000000000000E-99
 38   16     1.00000000000000E-99   1.00000000000000E-99
 39   16     1.00000000000000E-99   1.00000000000000E-99
 40   16     1.00000000000000E-99   1.00000000000000E-99
 41   16     1.00000000000000E-99   1.00000000000000E-99
 42   16     1.00000000000000E-99   1.00000000000000E-99
 43   16     1.00000000000000E-99   1.00000000000000E-99
 44   16     1.00000000000000E-99   1.00000000000000E-99
  9   17     1.00000000000000E-99   1.00000000000000E-99
 10   17     1.00000000000000E-99   1.00000000000000E-99
 11   17     1.00000000000000E-99   1.00000000000000E-99
 12   17     1.00000000000000E-99   1.00000000000000E-99
 13   17     1.00000000000000E-99   1.00000000000000E-99
 14   17     1.00000000000000E-99   1.00000000000000E-99
 15   17     1.00000000000000E-99   1.00000000000000E-99
 16   17     1.00000000000000E-99   1.00000000000000E-99
 17   17     1.00000000000000E-99   1.00000000000000E-99
 18   17     3.22694754487186E-14   1.12943164070515E-12
 19   17     8.13858199325448E-19   2.92988951757161E-17
 20   17     1.46941483421509E-09   5.43683488659584E-08
 21   17     2.57620553919176E-11   9.78958104892869E-10
 22   17     5.68528854129328E-10   2.21726253110438E-08
 23   17     7.77599377038341E-10   3.11039750815337E-08
 24   17     7.02472404029586E-10   2.88013685652130E-08
 25   17     1.05918880346703E-12   4.44859297456153E-11
 26   17     1.13281882146178E-15   4.87112093228564E-14
 27   17     8.12299643110132E-17   3.57411842968458E-15
 28   17     3.85616673694498E-22   1.73527503162524E-20
 29   17     1.00000000000000E-99   1.00000000000000E-99
 30   17     1.00000000000000E-99   1.00000000000000E-99
 31   17     1.00000000000000E-99   1.00000000000000E-99
 32   17     1.00000000000000E-99   1.00000000000000E-99
 33   17     1.00000000000000E-99   1.00000000000000E-99
 34   17     1.00000000000000E-99   1.00000000000000E-99
 35   17     1.00000000000000E-99   1.00000000000000E-99
 36   17     1.00000000000000E-99   1.00000000000000E-99
 37   17     1.00000000000000E-99   1.00000000000000E-99
 38   17     1.00000000000000E-99   1.00000000000000E-99
 39   17     1.00000000000000E-99   1.00000000000000E-99
 40   17     1.00000000000000E-99   1.00000000000000E-99
 41   17     1.00000000000000E-99   1.00000000000000E-99
 42   17     1.00000000000000E-99   1.00000000000000E-99
 43   17     1.00000000000000E-99   1.00000000000000E-99
 44   17     1.00000000000000E-99   1.00000000000000E-99
 45   17     1.00000000000000E-99   1.00000000000000E-99
 46   17     1.00000000000000E-99   1.00000000000000E-99
  9   18     1.00000000000000E-99   1.00000000000000E-99
 10   18     1.00000000000000E-99   1.00000000000000E-99
 11   18     1.00000000000000E-99   1.00000000000000E-99
 12   18     1.00000000000000E-99   1.00000000000000E-99
 13   18     1.00000000000000E-99   1.00000000000000E-99
 14   18     1.00000000000000E-99   1.00000000000000E-99
 15   18     1.00000000000000E-99   1.00000000000000E-99
 16   18     1.00000000000000E-99   1.00000000000000E-99
 17   18     1.00000000000000E-99   1.00000000000000E-99
 18   18     1.00000000000000E-99   1.00000000000000E-99
 19   18     1.00000000000000E-99   1.00000000000000E-99
 20   18     4.32238425272678E-13   1.64250601603618E-11
 21   18     1.07229373557622E-11   4.18194556874727E-10
 22   18     9.60117881009074E-10   3.84047152403630E-08
 23   18     3.88712057442791E-09   1.59371943551544E-07
 24   18     4.29023827771332E-08   1.80190007663959E-06
 25   18     5.17906063452071E-09   2.22699607284391E-07
 26   18     9.26716270662441E-09   4.07755159091474E-07
 27   18     7.46103024693605E-10   3.35746361112122E-08
 28   18     1.69409573916361E-12   7.79284040015262E-11
 29   18     1.33703595117637E-17   6.28406897052895E-16
 30   18     7.00387723908705E-20   3.36186107476179E-18
 31   18     2.56968576123290E-20   1.25914602300412E-18
 32   18     8.76744480841760E-20   4.38372240420880E-18
 33   18     1.00000000000000E-99   1.00000000000000E-99
 34   18     1.00000000000000E-99   1.00000000000000E-99
 35   18     1.00000000000000E-99   1.00000000000000E-99
 36   18     1.00000000000000E-99   1.00000000000000E-99
 37   18     1.00000000000000E-99   1.00000000000000E-99
 38   18     1.00000000000000E-99   1.00000000000000E-99
 39   18     1.00000000000000E-99   1.00000000000000E-99
 40   18     1.00000000000000E-99   1.00000000000000E-99
 41   18     1.00000000000000E-99   1.00000000000000E-99
 42   18     1.00000000000000E-99   1.00000000000000E-99
 43   18     1.00000000000000E-99   1.00000000000000E-99
 44   18     1.00000000000000E-99   1.00000000000000E-99
 45   18     1.00000000000000E-99   1.00000000000000E-99
 46   18     1.00000000000000E-99   1.00000000000000E-99
 47   18     1.00000000000000E-99   1.00000000000000E-99
 48   18     1.00000000000000E-99   1.00000000000000E-99
 49   18     1.00000000000000E-99   1.00000000000000E-99
 10   19     1.00000000000000E-99   1.00000000000000E-99
 11   19     1.00000000000000E-99   1.00000000000000E-99
 12   19     1.00000000000000E-99   1.00000000000000E-99
 13   19     1.00000000000000E-99   1.00000000000000E-99
 14   19     1.00000000000000E-99   1.00000000000000E-99
 15   19     1.00000000000000E-99   1.00000000000000E-99
 16   19     1.00000000000000E-99   1.00000000000000E-99
 17   19     1.00000000000000E-99   1.00000000000000E-99
 18   19     1.00000000000000E-99   1.00000000000000E-99
 19   19     1.00000000000000E-99   1.00000000000000E-99
 20   19     4.13301846358083E-20   1.61187720079652E-18
 21   19     1.00000000000000E-99   1.00000000000000E-99
 22   19     2.79906855970983E-11   1.14761810948103E-09
 23   19     5.52402604440253E-15   2.32009093864906E-13
 24   19     1.28374095700968E-09   5.52008611514160E-08
 25   19     9.87813604623390E-10   4.34637986034291E-08
 26   19     2.12514923740859E-08   9.56317156833868E-07
 27   19     5.63988601470119E-09   2.59434756676255E-07
 28   19     2.26707852275783E-11   1.06552690569618E-09
 29   19     2.16658536218483E-14   1.03996097384872E-12
 30   19     2.71442031486323E-18   1.33006595428298E-16
 31   19     5.40235744488168E-18   2.70117872244084E-16
 32   19     4.35502295710096E-18   2.22106170812149E-16
 33   19     3.07115572111778E-18   1.59700097498124E-16
 34   19     3.28529216952055E-19   1.74120484984589E-17
 35   19     1.00000000000000E-99   1.00000000000000E-99
 36   19     1.00000000000000E-99   1.00000000000000E-99
 37   19     1.00000000000000E-99   1.00000000000000E-99
 38   19     1.00000000000000E-99   1.00000000000000E-99
 39   19     1.00000000000000E-99   1.00000000000000E-99
 40   19     1.00000000000000E-99   1.00000000000000E-99
 41   19     1.00000000000000E-99   1.00000000000000E-99
 42   19     1.00000000000000E-99   1.00000000000000E-99
 43   19     1.00000000000000E-99   1.00000000000000E-99
 44   19     1.00000000000000E-99   1.00000000000000E-99
 45   19     1.00000000000000E-99   1.00000000000000E-99
 46   19     1.00000000000000E-99   1.00000000000000E-99
 47   19     1.00000000000000E-99   1.00000000000000E-99
 48   19     1.00000000000000E-99   1.00000000000000E-99
 49   19     1.00000000000000E-99   1.00000000000000E-99
 50   19     1.00000000000000E-99   1.00000000000000E-99
 51   19     1.00000000000000E-99   1.00000000000000E-99
 10   20     1.00000000000000E-99   1.00000000000000E-99
 11   20     1.00000000000000E-99   1.00000000000000E-99
 12   20     1.00000000000000E-99   1.00000000000000E-99
 13   20     1.00000000000000E-99   1.00000000000000E-99
 14   20     1.00000000000000E-99   1.00000000000000E-99
 15   20     1.00000000000000E-99   1.00000000000000E-99
 16   20     1.00000000000000E-99   1.00000000000000E-99
 17   20     1.00000000000000E-99   1.00000000000000E-99
 18   20     1.00000000000000E-99   1.00000000000000E-99
 19   20     1.00000000000000E-99   1.00000000000000E-99
 20   20     1.00000000000000E-99   1.00000000000000E-99
 21   20     1.00000000000000E-99   1.00000000000000E-99
 22   20     5.01462481887769E-18   2.10614242392863E-16
 23   20     5.94953533133071E-13   2.55830019247220E-11
 24   20     2.83639776410964E-11   1.24801501620824E-09
 25   20     1.12323244459489E-09   5.05454600067699E-08
 26   20     4.90415833438531E-09   2.25591283381724E-07
 27   20     1.46330516635499E-09   6.87753428186845E-08
 28   20     2.56329039418543E-09   1.23037938920901E-07
 29   20     7.83881241210205E-10   3.84101808193000E-08
 30   20     1.54148484539481E-11   7.70742422697406E-10
 31   20     1.85495705598679E-12   9.46028098553262E-11
 32   20     1.18309864692430E-15   6.15211296400637E-14
 33   20     1.63888171373777E-17   8.68607308281017E-16
 34   20     9.45926332923295E-18   5.10800219778579E-16
 35   20     1.15637604406829E-16   6.36006824237561E-15
 36   20     1.76408842593894E-17   9.87889518525807E-16
 37   20     1.00000000000000E-99   1.00000000000000E-99
 38   20     1.00000000000000E-99   1.00000000000000E-99
 39   20     1.00000000000000E-99   1.00000000000000E-99
 40   20     1.00000000000000E-99   1.00000000000000E-99
 41   20     1.00000000000000E-99   1.00000000000000E-99
 42   20     1.00000000000000E-99   1.00000000000000E-99
 43   20     1.00000000000000E-99   1.00000000000000E-99
 44   20     1.00000000000000E-99   1.00000000000000E-99
 45   20     1.00000000000000E-99   1.00000000000000E-99
 46   20     1.00000000000000E-99   1.00000000000000E-99
 47   20     1.00000000000000E-99   1.00000000000000E-99
 48   20     1.00000000000000E-99   1.00000000000000E-99
 49   20     1.00000000000000E-99   1.00000000000000E-99
 50   20     1.00000000000000E-99   1.00000000000000E-99
 51   20     1.00000000000000E-99   1.00000000000000E-99
 52   20     1.00000000000000E-99   1.00000000000000E-99
 53   20     1.00000000000000E-99   1.00000000000000E-99
 11   21     1.00000000000000E-99   1.00000000000000E-99
 12   21     1.00000000000000E-99   1.00000000000000E-99
 13   21     1.00000000000000E-99   1.00000000000000E-99
 14   21     1.00000000000000E-99   1.00000000000000E-99
 15   21     1.00000000000000E-99   1.00000000000000E-99
 16   21     1.00000000000000E-99   1.00000000000000E-99
 17   21     1.00000000000000E-99   1.00000000000000E-99
 18   21     1.00000000000000E-99   1.00000000000000E-99
 19   21     1.00000000000000E-99   1.00000000000000E-99
 20   21     1.00000000000000E-99   1.00000000000000E-99
 21   21     1.00000000000000E-99   1.00000000000000E-99
 22   21     1.00000000000000E-99   1.00000000000000E-99
 23   21     1.00000000000000E-99   1.00000000000000E-99
 24   21     2.44912857603155E-15   1.10210785921420E-13
 25   21     2.02555177161008E-19   9.31753814940639E-18
 26   21     2.14263630426325E-13   1.00703906300373E-11
 27   21     2.00795699268631E-12   9.63819356489429E-11
 28   21     1.17680670420325E-10   5.76635285059595E-09
 29   21     1.69428406587642E-09   8.47142032938209E-08
 30   21     2.99265141812172E-11   1.52625222324208E-09
 31   21     1.25023416162275E-12   6.50121764043829E-11
 32   21     6.04317800048571E-16   3.20288434025743E-14
 33   21     2.13938063966074E-16   1.15526554541680E-14
 34   21     2.66694675393084E-15   1.46682071466196E-13
 35   21     5.97700807014818E-16   3.34712451928298E-14
 36   21     2.60900070928217E-16   1.48713040429084E-14
 37   21     9.98355653577391E-17   5.79046279074887E-15
 38   21     3.23452803951160E-17   1.90837154331185E-15
 39   21     6.54681607734493E-19   3.92808964640696E-17
 40   21     2.54241383411895E-23   1.55087243881256E-21
 41   21     1.00000000000000E-99   1.00000000000000E-99
 42   21     1.00000000000000E-99   1.00000000000000E-99
 43   21     1.00000000000000E-99   1.00000000000000E-99
 44   21     1.00000000000000E-99   1.00000000000000E-99
 45   21     1.00000000000000E-99   1.00000000000000E-99
 46   21     1.00000000000000E-99   1.00000000000000E-99
 47   21     1.00000000000000E-99   1.00000000000000E-99
 48   21     1.00000000000000E-99   1.00000000000000E-99
 49   21     1.00000000000000E-99   1.00000000000000E-99
 50   21     1.00000000000000E-99   1.00000000000000E-99
 51   21     1.00000000000000E-99   1.00000000000000E-99
 52   21     1.00000000000000E-99   1.00000000000000E-99
 53   21     1.00000000000000E-99   1.00000000000000E-99
 54   21     1.00000000000000E-99   1.00000000000000E-99
 55   21     1.00000000000000E-99   1.00000000000000E-99
 12   22     1.00000000000000E-99   1.00000000000000E-99
 13   22     1.00000000000000E-99   1.00000000000000E-99
 14   22     1.00000000000000E-99   1.00000000000000E-99
 15   22     1.00000000000000E-99   1.00000000000000E-99
 16   22     1.00000000000000E-99   1.00000000000000E-99
 17   22     1.00000000000000E-99   1.00000000000000E-99
 18   22     1.00000000000000E-99   1.00000000000000E-99
 19   22     1.00000000000000E-99   1.00000000000000E-99
 20   22     1.00000000000000E-99   1.00000000000000E-99
 21   22     1.00000000000000E-99   1.00000000000000E-99
 22   22     1.00000000000000E-99   1.00000000000000E-99
 23   22     1.00000000000000E-99   1.00000000000000E-99
 24   22     1.00000000000000E-99   1.00000000000000E-99
 25   22     2.28346435640900E-17   1.07322824751223E-15
 26   22     4.59173949432738E-16   2.20403495727714E-14
 27   22     1.30765275911363E-12   6.40749851965680E-11
 28   22     1.34940470074806E-09   6.74702350374029E-08
 29   22     2.52144586758277E-09   1.28593739246721E-07
 30   22     2.43374517770125E-09   1.26554749240465E-07
 31   22     1.26421796831187E-10   6.70035523205289E-09
 32   22     7.89698626681548E-15   4.26437258408036E-13
 33   22     3.98633127272485E-14   2.19248219999867E-12
 34   22     7.40699064043082E-15   4.14791475864126E-13
 35   22     3.41507381140426E-15   1.94659207250043E-13
 36   22     3.20175858402265E-15   1.85701997873314E-13
 37   22     1.63557303153511E-15   9.64988088605717E-14
 38   22     8.15246111850860E-16   4.89147667110516E-14
 39   22     2.19776366817813E-16   1.34063583758866E-14
 40   22     8.13900624006428E-17   5.04618386883986E-15
 41   22     2.86696097810537E-18   1.80618541620638E-16
 42   22     9.24743399862244E-22   5.91835775911836E-20
 43   22     1.00000000000000E-99   1.00000000000000E-99
 44   22     1.00000000000000E-99   1.00000000000000E-99
 45   22     1.00000000000000E-99   1.00000000000000E-99
 46   22     1.00000000000000E-99   1.00000000000000E-99
 47   22     1.00000000000000E-99   1.00000000000000E-99
 48   22     1.00000000000000E-99   1.00000000000000E-99
 49   22     1.00000000000000E-99   1.00000000000000E-99
 50   22     1.00000000000000E-99   1.00000000000000E-99
 51   22     1.00000000000000E-99   1.00000000000000E-99
 52   22     1.00000000000000E-99   1.00000000000000E-99
 53   22     1.00000000000000E-99   1.00000000000000E-99
 54   22     1.00000000000000E-99   1.00000000000000E-99
 55   22     1.00000000000000E-99   1.00000000000000E-99
 56   22     1.00000000000000E-99   1.00000000000000E-99
 57   22     1.00000000000000E-99   1.00000000000000E-99
 58   22     1.00000000000000E-99   1.00000000000000E-99
 13   23     1.00000000000000E-99   1.00000000000000E-99
 14   23     1.00000000000000E-99   1.00000000000000E-99
 15   23     1.00000000000000E-99   1.00000000000000E-99
 16   23     1.00000000000000E-99   1.00000000000000E-99
 17   23     1.00000000000000E-99   1.00000000000000E-99
 18   23     1.00000000000000E-99   1.00000000000000E-99
 19   23     1.00000000000000E-99   1.00000000000000E-99
 20   23     1.00000000000000E-99   1.00000000000000E-99
 21   23     1.00000000000000E-99   1.00000000000000E-99
 22   23     1.00000000000000E-99   1.00000000000000E-99
 23   23     1.00000000000000E-99   1.00000000000000E-99
 24   23     1.00000000000000E-99   1.00000000000000E-99
 25   23     1.00000000000000E-99   1.00000000000000E-99
 26   23     1.00000000000000E-99   1.00000000000000E-99
 27   23     1.00000000000000E-99   1.00000000000000E-99
 28   23     4.13722549205868E-10   2.10998500094993E-08
 29   23     1.73425161576898E-09   9.01810840199872E-08
 30   23     6.11357222051398E-10   3.24019327687241E-08
 31   23     1.21761387709141E-10   6.57511493629363E-09
 32   23     2.26603984636055E-13   1.24632191549830E-11
 33   23     8.04088189282686E-15   4.50289385998304E-13
 34   23     1.21566420707694E-14   6.92928598033856E-13
 35   23     1.33918054793955E-14   7.76724717804939E-13
 36   23     1.04260519801204E-14   6.15137066827105E-13
 37   23     8.72821360933274E-15   5.23692816559964E-13
 38   23     6.66855261655704E-15   4.06781709609979E-13
 39   23     2.95010455439166E-15   1.82906482372283E-13
 40   23     9.40104224807910E-16   5.92265661628983E-14
 41   23     3.71097916826079E-16   2.37502666768691E-14
 42   23     3.38776637441130E-17   2.20204814336735E-15
 43   23     2.05336173196363E-18   1.35521874309600E-16
 44   23     2.09973722500113E-21   1.40682394075076E-19
 45   23     1.17166737849059E-24   7.96733817373602E-23
 46   23     1.00000000000000E-99   1.00000000000000E-99
 47   23     1.00000000000000E-99   1.00000000000000E-99
 48   23     1.00000000000000E-99   1.00000000000000E-99
 49   23     1.00000000000000E-99   1.00000000000000E-99
 50   23     1.00000000000000E-99   1.00000000000000E-99
 51   23     1.00000000000000E-99   1.00000000000000E-99
 52   23     1.00000000000000E-99   1.00000000000000E-99
 53   23     1.00000000000000E-99   1.00000000000000E-99
 54   23     1.00000000000000E-99   1.00000000000000E-99
 55   23     1.00000000000000E-99   1.00000000000000E-99
 56   23     1.00000000000000E-99   1.00000000000000E-99
 57   23     1.00000000000000E-99   1.00000000000000E-99
 58   23     1.00000000000000E-99   1.00000000000000E-99
 59   23     1.00000000000000E-99   1.00000000000000E-99
 60   23     1.00000000000000E-99   1.00000000000000E-99
 14   24     1.00000000000000E-99   1.00000000000000E-99
 15   24     1.00000000000000E-99   1.00000000000000E-99
 16   24     1.00000000000000E-99   1.00000000000000E-99
 17   24     1.00000000000000E-99   1.00000000000000E-99
 18   24     1.00000000000000E-99   1.00000000000000E-99
 19   24     1.00000000000000E-99   1.00000000000000E-99
 20   24     1.00000000000000E-99   1.00000000000000E-99
 21   24     1.00000000000000E-99   1.00000000000000E-99
 22   24     1.00000000000000E-99   1.00000000000000E-99
 23   24     1.00000000000000E-99   1.00000000000000E-99
 24   24     1.00000000000000E-99   1.00000000000000E-99
 25   24     1.00000000000000E-99   1.00000000000000E-99
 26   24     1.00000000000000E-99   1.00000000000000E-99
 27   24     1.00000000000000E-99   1.00000000000000E-99
 28   24     2.85422740999580E-10   1.48419825319782E-08
 29   24     3.98439988287923E-10   2.11173193792599E-08
 30   24     3.98700200666318E-10   2.15298108359812E-08
 31   24     1.82693301111351E-10   1.00481315611243E-08
 32   24     9.17905508061885E-10   5.14027084514655E-08
 33   24     5.48258440488654E-11   3.12507311078533E-09
 34   24     5.99602551094248E-13   3.47769479634664E-11
 35   24     1.22794065317735E-13   7.24484985374639E-12
 36   24     6.86894909759112E-14   4.12136945855467E-12
 37   24     4.37568235925530E-14   2.66916623914574E-12
 38   24     3.96455903308685E-14   2.45802660051385E-12
 39   24     2.66244969483217E-14   1.67734330774427E-12
 40   24     8.44038556815003E-15   5.40184676361602E-13
 41   24     4.15334235435861E-15   2.69967253033310E-13
 42   24     1.68520768685682E-15   1.11223707332550E-13
 43   24     4.51999431273306E-16   3.02839618953115E-14
 44   24     8.52382212703638E-17   5.79619904638474E-15
 45   24     1.12126921987024E-17   7.73675761710468E-16
 46   24     1.20000394159211E-20   8.40002759114480E-19
 47   24     1.21619229734334E-23   8.63496531113772E-22
 48   24     1.00000000000000E-99   1.00000000000000E-99
 49   24     1.00000000000000E-99   1.00000000000000E-99
 50   24     1.00000000000000E-99   1.00000000000000E-99
 51   24     1.00000000000000E-99   1.00000000000000E-99
 52   24     1.00000000000000E-99   1.00000000000000E-99
 53   24     1.00000000000000E-99   1.00000000000000E-99
 54   24     1.00000000000000E-99   1.00000000000000E-99
 55   24     1.00000000000000E-99   1.00000000000000E-99
 56   24     1.00000000000000E-99   1.00000000000000E-99
 57   24     1.00000000000000E-99   1.00000000000000E-99
 58   24     1.00000000000000E-99   1.00000000000000E-99
 59   24     1.00000000000000E-99   1.00000000000000E-99
 60   24     1.00000000000000E-99   1.00000000000000E-99
 61   24     1.00000000000000E-99   1.00000000000000E-99
 62   24     1.00000000000000E-99   1.00000000000000E-99
 15   25     1.00000000000000E-99   1.00000000000000E-99
 16   25     1.00000000000000E-99   1.00000000000000E-99
 17   25     1.00000000000000E-99   1.00000000000000E-99
 18   25     1.00000000000000E-99   1.00000000000000E-99
 19   25     1.00000000000000E-99   1.00000000000000E-99
 20   25     1.00000000000000E-99   1.00000000000000E-99
 21   25     1.00000000000000E-99   1.00000000000000E-99
 22   25     1.00000000000000E-99   1.00000000000000E-99
 23   25     1.00000000000000E-99   1.00000000000000E-99
 24   25     1.00000000000000E-99   1.00000000000000E-99
 25   25     1.00000000000000E-99   1.00000000000000E-99
 26   25     1.00000000000000E-99   1.00000000000000E-99
 27   25     1.00000000000000E-99   1.00000000000000E-99
 28   25     1.00000000000000E-99   1.00000000000000E-99
 29   25     1.00000000000000E-99   1.00000000000000E-99
 30   25     6.76631497354025E-11   3.72147323544714E-09
 31   25     2.10931811892069E-10   1.18121814659559E-08
 32   25     9.20870795109792E-10   5.24896353212581E-08
 33   25     2.80845228339440E-13   1.62890232436875E-11
 34   25     5.91555090409483E-13   3.49017503341595E-11
 35   25     3.99704227045136E-14   2.39822536227082E-12
 36   25     1.23687695067030E-13   7.54494939908885E-12
 37   25     4.82010312569040E-14   2.98846393792805E-12
 38   25     6.48455293187204E-14   4.08526834707938E-12
 39   25     2.90073150005011E-14   1.85646816003207E-12
 40   25     3.30506681729241E-14   2.14829343124007E-12
 41   25     2.80347079478920E-14   1.85029072456087E-12
 42   25     1.86706541562673E-14   1.25093382846991E-12
 43   25     6.31798820320421E-15   4.29623197817887E-13
 44   25     1.80873587922359E-15   1.24802775666428E-13
 45   25     2.81194803013618E-16   1.96836362109533E-14
 46   25     1.05170530492977E-16   7.46710766500136E-15
 47   25     6.24206573175139E-18   4.49428732686100E-16
 48   25     2.32497016784463E-20   1.69722822252658E-18
 49   25     8.13748254117953E-24   6.02173708047285E-22
 50   25     1.00000000000000E-99   1.00000000000000E-99
 51   25     1.00000000000000E-99   1.00000000000000E-99
 52   25     1.00000000000000E-99   1.00000000000000E-99
 53   25     1.00000000000000E-99   1.00000000000000E-99
 54   25     1.00000000000000E-99   1.00000000000000E-99
 55   25     1.00000000000000E-99   1.00000000000000E-99
 56   25     1.00000000000000E-99   1.00000000000000E-99
 57   25     1.00000000000000E-99   1.00000000000000E-99
 58   25     1.00000000000000E-99   1.00000000000000E-99
 59   25     1.00000000000000E-99   1.00000000000000E-99
 60   25     1.00000000000000E-99   1.00000000000000E-99
 61   25     1.00000000000000E-99   1.00000000000000E-99
 62   25     1.00000000000000E-99   1.00000000000000E-99
 63   25     1.00000000000000E-99   1.00000000000000E-99
 64   25     1.00000000000000E-99   1.00000000000000E-99
 16   26     1.00000000000000E-99   1.00000000000000E-99
 17   26     1.00000000000000E-99   1.00000000000000E-99
 18   26     1.00000000000000E-99   1.00000000000000E-99
 19   26     1.00000000000000E-99   1.00000000000000E-99
 20   26     1.00000000000000E-99   1.00000000000000E-99
 21   26     1.00000000000000E-99   1.00000000000000E-99
 22   26     1.00000000000000E-99   1.00000000000000E-99
 23   26     1.00000000000000E-99   1.00000000000000E-99
 24   26     1.00000000000000E-99   1.00000000000000E-99
 25   26     1.00000000000000E-99   1.00000000000000E-99
 26   26     1.00000000000000E-99   1.00000000000000E-99
 27   26     1.00000000000000E-99   1.00000000000000E-99
 28   26     1.00000000000000E-99   1.00000000000000E-99
 29   26     1.00000000000000E-99   1.00000000000000E-99
 30   26     8.74939409745555E-13   4.89966069457511E-11
 31   26     8.03958873141712E-10   4.58256557690776E-08
 32   26     1.06086740962067E-09   6.15303097579986E-08
 33   26     1.03013566073578E-09   6.07780039834112E-08
 34   26     7.21825027000886E-10   4.33095016200531E-08
 35   26     1.38752533339294E-09   8.46390453369696E-08
 36   26     1.62226657780744E-09   1.00580527824061E-07
 37   26     2.52520025636944E-12   1.59087616151275E-10
 38   26     4.99799679103564E-13   3.19871794626281E-11
 39   26     3.63393963349062E-13   2.36206076176890E-11
 40   26     2.38222495615458E-13   1.57226847106202E-11
 41   26     2.72409852482885E-13   1.82514601163533E-11
 42   26     1.37041178345635E-13   9.31880012750318E-12
 43   26     8.85333997009283E-14   6.10880457936405E-12
 44   26     4.58065054705344E-14   3.20645538293741E-12
 45   26     1.01760191755848E-14   7.22497361466517E-13
 46   26     7.18111462885049E-15   5.17040253277235E-13
 47   26     1.63768838849844E-15   1.19551252360386E-13
 48   26     3.77046484280063E-16   2.79014398367246E-14
 49   26     1.85988010459098E-17   1.39491007844323E-15
 50   26     7.34911844126228E-20   5.58533001535934E-18
 51   26     1.28182389820011E-23   9.87004401614088E-22
 52   26     1.00000000000000E-99   1.00000000000000E-99
 53   26     1.00000000000000E-99   1.00000000000000E-99
 54   26     1.00000000000000E-99   1.00000000000000E-99
 55   26     1.00000000000000E-99   1.00000000000000E-99
 56   26     1.00000000000000E-99   1.00000000000000E-99
 57   26     1.00000000000000E-99   1.00000000000000E-99
 58   26     1.00000000000000E-99   1.00000000000000E-99
 59   26     1.00000000000000E-99   1.00000000000000E-99
 60   26     1.00000000000000E-99   1.00000000000000E-99
 61   26     1.00000000000000E-99   1.00000000000000E-99
 62   26     1.00000000000000E-99   1.00000000000000E-99
 63   26     1.00000000000000E-99   1.00000000000000E-99
 64   26     1.00000000000000E-99   1.00000000000000E-99
 65   26     1.00000000000000E-99   1.00000000000000E-99
 66   26     1.00000000000000E-99   1.00000000000000E-99
 17   27     1.00000000000000E-99   1.00000000000000E-99
 18   27     1.00000000000000E-99   1.00000000000000E-99
 19   27     1.00000000000000E-99   1.00000000000000E-99
 20   27     1.00000000000000E-99   1.00000000000000E-99
 21   27     1.00000000000000E-99   1.00000000000000E-99
 22   27     1.00000000000000E-99   1.00000000000000E-99
 23   27     1.00000000000000E-99   1.00000000000000E-99
 24   27     1.00000000000000E-99   1.00000000000000E-99
 25   27     1.00000000000000E-99   1.00000000000000E-99
 26   27     1.00000000000000E-99   1.00000000000000E-99
 27   27     1.00000000000000E-99   1.00000000000000E-99
 28   27     1.00000000000000E-99   1.00000000000000E-99
 29   27     1.00000000000000E-99   1.00000000000000E-99
 30   27     1.00000000000000E-99   1.00000000000000E-99
 31   27     1.00000000000000E-99   1.00000000000000E-99
 32   27     1.80790985899601E-14   1.06666681680765E-12
 33   27     2.50845531472638E-18   1.50507318883583E-16
 34   27     3.04890976719235E-10   1.85983495798733E-08
 35   27     1.97107551059987E-09   1.22206681657192E-07
 36   27     5.94962435586307E-10   3.74826334419373E-08
 37   27     7.55293515653246E-14   4.83387850018077E-12
 38   27     5.34217981630211E-13   3.47241688059637E-11
 39   27     1.08881336161601E-13   7.18616818666568E-12
 40   27     2.98629170205512E-13   2.00081544037693E-11
 41   27     1.78071080280679E-13   1.21088334590862E-11
 42   27     2.57051115681059E-13   1.77365269819930E-11
 43   27     1.53497964259416E-13   1.07448574981591E-11
 44   27     1.34276951583280E-13   9.53366356241285E-12
 45   27     9.65052893802880E-14   6.94838083538073E-12
 46   27     4.56308455869298E-14   3.33105172784588E-12
 47   27     1.37711843958444E-14   1.01906764529248E-12
 48   27     3.54461232004976E-15   2.65845924003732E-13
 49   27     8.68622841834490E-16   6.60153359794212E-14
 50   27     1.51189973898282E-16   1.16416279901677E-14
 51   27     3.10060086614812E-18   2.41846867559553E-16
 52   27     2.05440651462856E-20   1.62298114655656E-18
 53   27     6.51237529114854E-24   5.20990023291883E-22
 54   27     1.00000000000000E-99   1.00000000000000E-99
 55   27     1.00000000000000E-99   1.00000000000000E-99
 56   27     1.00000000000000E-99   1.00000000000000E-99
 57   27     1.00000000000000E-99   1.00000000000000E-99
 58   27     1.00000000000000E-99   1.00000000000000E-99
 59   27     1.00000000000000E-99   1.00000000000000E-99
 60   27     1.00000000000000E-99   1.00000000000000E-99
 61   27     1.00000000000000E-99   1.00000000000000E-99
 62   27     1.00000000000000E-99   1.00000000000000E-99
 63   27     1.00000000000000E-99   1.00000000000000E-99
 64   27     1.00000000000000E-99   1.00000000000000E-99
 65   27     1.00000000000000E-99   1.00000000000000E-99
 66   27     1.00000000000000E-99   1.00000000000000E-99
 67   27     1.00000000000000E-99   1.00000000000000E-99
 68   27     1.00000000000000E-99   1.00000000000000E-99
 69   27     1.00000000000000E-99   1.00000000000000E-99
 18   28     1.00000000000000E-99   1.00000000000000E-99
 19   28     1.00000000000000E-99   1.00000000000000E-99
 20   28     1.00000000000000E-99   1.00000000000000E-99
 21   28     1.00000000000000E-99   1.00000000000000E-99
 22   28     1.00000000000000E-99   1.00000000000000E-99
 23   28     1.00000000000000E-99   1.00000000000000E-99
 24   28     1.00000000000000E-99   1.00000000000000E-99
 25   28     1.00000000000000E-99   1.00000000000000E-99
 26   28     1.00000000000000E-99   1.00000000000000E-99
 27   28     1.00000000000000E-99   1.00000000000000E-99
 28   28     1.00000000000000E-99   1.00000000000000E-99
 29   28     1.00000000000000E-99   1.00000000000000E-99
 30   28     1.00000000000000E-99   1.00000000000000E-99
 31   28     1.00000000000000E-99   1.00000000000000E-99
 32   28     1.00000000000000E-99   1.00000000000000E-99
 33   28     1.92676287368357E-12   1.17532535294698E-10
 34   28     1.12382266745322E-09   6.96770053820995E-08
 35   28     5.68196113793716E-09   3.57963551690041E-07
 36   28     3.58776081280350E-09   2.29616692019424E-07
 37   28     6.01597152716416E-09   3.91038149265670E-07
 38   28     5.78928748244271E-09   3.82092973841219E-07
 39   28     3.16743238183744E-10   2.12217969583109E-08
 40   28     1.04654717597361E-09   7.11652079662051E-08
 41   28     5.27174349821011E-11   3.63750301376498E-09
 42   28     1.11065889998339E-11   7.77461229988370E-10
 43   28     5.35376585541557E-12   3.80117375734505E-10
 44   28     4.13067010535164E-12   2.97408247585318E-10
 45   28     2.72553168682092E-12   1.98963813137927E-10
 46   28     2.30073944376987E-12   1.70254718838970E-10
 47   28     9.79405681779572E-13   7.34554261334679E-11
 48   28     4.03666753004531E-13   3.06786732283443E-11
 49   28     9.23538276349436E-14   7.11124472789065E-12
 50   28     2.47905527167769E-14   1.93366311190860E-12
 51   28     8.08625206052378E-16   6.38813912781379E-14
 52   28     1.67723592464679E-16   1.34178873971743E-14
 53   28     8.07478999550447E-18   6.54057989635862E-16
 54   28     2.24770793783115E-20   1.84312050902154E-18
 55   28     1.38469746981300E-23   1.14929889994479E-21
 56   28     1.00000000000000E-99   1.00000000000000E-99
 57   28     1.00000000000000E-99   1.00000000000000E-99
 58   28     1.00000000000000E-99   1.00000000000000E-99
 59   28     1.00000000000000E-99   1.00000000000000E-99
 60   28     1.00000000000000E-99   1.00000000000000E-99
 61   28     1.00000000000000E-99   1.00000000000000E-99
 62   28     1.00000000000000E-99   1.00000000000000E-99
 63   28     1.00000000000000E-99   1.00000000000000E-99
 64   28     1.00000000000000E-99   1.00000000000000E-99
 65   28     1.00000000000000E-99   1.00000000000000E-99
 66   28     1.00000000000000E-99   1.00000000000000E-99
 67   28     1.00000000000000E-99   1.00000000000000E-99
 68   28     1.00000000000000E-99   1.00000000000000E-99
 69   28     1.00000000000000E-99   1.00000000000000E-99
 70   28     1.00000000000000E-99   1.00000000000000E-99
 71   28     1.00000000000000E-99   1.00000000000000E-99
 19   29     1.00000000000000E-99   1.00000000000000E-99
 20   29     1.00000000000000E-99   1.00000000000000E-99
 21   29     1.00000000000000E-99   1.00000000000000E-99
 22   29     1.00000000000000E-99   1.00000000000000E-99
 23   29     1.00000000000000E-99   1.00000000000000E-99
 24   29     1.00000000000000E-99   1.00000000000000E-99
 25   29     1.00000000000000E-99   1.00000000000000E-99
 26   29     1.00000000000000E-99   1.00000000000000E-99
 27   29     1.00000000000000E-99   1.00000000000000E-99
 28   29     1.00000000000000E-99   1.00000000000000E-99
 29   29     1.00000000000000E-99   1.00000000000000E-99
 30   29     1.00000000000000E-99   1.00000000000000E-99
 31   29     1.00000000000000E-99   1.00000000000000E-99
 32   29     1.00000000000000E-99   1.00000000000000E-99
 33   29     1.00000000000000E-99   1.00000000000000E-99
 34   29     8.16427925659198E-17   5.14349593165295E-15
 35   29     1.41828298421962E-20   9.07701109900559E-19
 36   29     4.64266783641114E-11   3.01773409366724E-09
 37   29     1.85633838873075E-12   1.22518333656229E-10
 38   29     7.87207081945479E-09   5.27428744903471E-07
 39   29     2.65706326289928E-09   1.80680301877151E-07
 40   29     1.28654617941467E-08   8.87716863796120E-07
 41   29     5.54594698202050E-09   3.88216288741435E-07
 42   29     9.20811232677320E-10   6.53775975200897E-08
 43   29     2.33041104523945E-11   1.67789595257240E-09
 44   29     1.70779058873498E-11   1.24668712977653E-09
 45   29     7.36023491847000E-12   5.44657383966780E-10
 46   29     7.00296455244172E-12   5.25222341433129E-10
 47   29     3.83801146505843E-12   2.91688871344440E-10
 48   29     2.68183461821532E-12   2.06501265602579E-10
 49   29     1.35720315516240E-12   1.05861846102668E-10
 50   29     3.89922939436733E-13   3.08039122155019E-11
 51   29     1.33489127762684E-13   1.06791302210148E-11
 52   29     4.34648832999380E-15   3.52065554729498E-13
 53   29     3.85216536065858E-16   3.15877559574004E-14
 54   29     5.29246097216483E-17   4.39274260689681E-15
 55   29     2.67167956163178E-18   2.24421083177069E-16
 56   29     6.66435031692982E-21   5.66469776939035E-19
 57   29     7.33612634102643E-24   6.30906865328273E-22
 58   29     1.00000000000000E-99   1.00000000000000E-99
 59   29     1.00000000000000E-99   1.00000000000000E-99
 60   29     1.00000000000000E-99   1.00000000000000E-99
 61   29     1.00000000000000E-99   1.00000000000000E-99
 62   29     1.00000000000000E-99   1.00000000000000E-99
 63   29     1.00000000000000E-99   1.00000000000000E-99
 64   29     1.00000000000000E-99   1.00000000000000E-99
 65   29     1.00000000000000E-99   1.00000000000000E-99
 66   29     1.00000000000000E-99   1.00000000000000E-99
 67   29     1.00000000000000E-99   1.00000000000000E-99
 68   29     1.00000000000000E-99   1.00000000000000E-99
 69   29     1.00000000000000E-99   1.00000000000000E-99
 70   29     1.00000000000000E-99   1.00000000000000E-99
 71   29     1.00000000000000E-99   1.00000000000000E-99
 72   29     1.00000000000000E-99   1.00000000000000E-99
 73   29     1.00000000000000E-99   1.00000000000000E-99
 21   30     1.00000000000000E-99   1.00000000000000E-99
 22   30     1.00000000000000E-99   1.00000000000000E-99
 23   30     1.00000000000000E-99   1.00000000000000E-99
 24   30     1.00000000000000E-99   1.00000000000000E-99
 25   30     1.00000000000000E-99   1.00000000000000E-99
 26   30     1.00000000000000E-99   1.00000000000000E-99
 27   30     1.00000000000000E-99   1.00000000000000E-99
 28   30     1.00000000000000E-99   1.00000000000000E-99
 29   30     1.00000000000000E-99   1.00000000000000E-99
 30   30     1.00000000000000E-99   1.00000000000000E-99
 31   30     1.00000000000000E-99   1.00000000000000E-99
 32   30     1.00000000000000E-99   1.00000000000000E-99
 33   30     1.00000000000000E-99   1.00000000000000E-99
 34   30     1.00000000000000E-99   1.00000000000000E-99
 35   30     1.00000000000000E-99   1.00000000000000E-99
 36   30     2.24054263471848E-13   1.47875813891420E-11
 37   30     1.83932122477924E-12   1.23234522060209E-10
 38   30     7.93359338391356E-09   5.39484350106122E-07
 39   30     5.37381511881777E-09   3.70793243198426E-07
 40   30     1.82482804345381E-08   1.27737963041767E-06
 41   30     2.02105155326554E-08   1.43494660281853E-06
 42   30     4.19682488849196E-08   3.02171391971421E-06
 43   30     4.00789581035575E-09   2.92576394155970E-07
 44   30     3.57948896560923E-08   2.64882183455083E-06
 45   30     2.39575898277399E-10   1.79681923708049E-08
 46   30     5.58425328350986E-11   4.24403249546749E-09
 47   30     2.01353445788997E-11   1.55042153257528E-09
 48   30     1.23369380608289E-11   9.62281168744653E-10
 49   30     9.19561445550025E-12   7.26453541984520E-10
 50   30     4.23742685828385E-12   3.38994148662708E-10
 51   30     1.51414806754653E-12   1.22645993471269E-10
 52   30     2.00164009771359E-13   1.64134488012514E-11
 53   30     3.65373161454991E-14   3.03259724007642E-12
 54   30     8.16793411714446E-15   6.86106465840135E-13
 55   30     5.44128422259709E-16   4.62509158920752E-14
 56   30     6.30918731684817E-17   5.42590109248943E-15
 57   30     2.25470092148079E-18   1.96158980168829E-16
 58   30     3.56613272629503E-21   3.13819679913963E-19
 59   30     1.01979149546591E-23   9.07614430964663E-22
 60   30     1.00000000000000E-99   1.00000000000000E-99
 61   30     1.00000000000000E-99   1.00000000000000E-99
 62   30     1.00000000000000E-99   1.00000000000000E-99
 63   30     1.00000000000000E-99   1.00000000000000E-99
 64   30     1.00000000000000E-99   1.00000000000000E-99
 65   30     1.00000000000000E-99   1.00000000000000E-99
 66   30     1.00000000000000E-99   1.00000000000000E-99
 67   30     1.00000000000000E-99   1.00000000000000E-99
 68   30     1.00000000000000E-99   1.00000000000000E-99
 69   30     1.00000000000000E-99   1.00000000000000E-99
 70   30     1.00000000000000E-99   1.00000000000000E-99
 71   30     1.00000000000000E-99   1.00000000000000E-99
 72   30     1.00000000000000E-99   1.00000000000000E-99
 73   30     1.00000000000000E-99   1.00000000000000E-99
 74   30     1.00000000000000E-99   1.00000000000000E-99
 75   30     1.00000000000000E-99   1.00000000000000E-99
 22   31     1.00000000000000E-99   1.00000000000000E-99
 23   31     1.00000000000000E-99   1.00000000000000E-99
 24   31     1.00000000000000E-99   1.00000000000000E-99
 25   31     1.00000000000000E-99   1.00000000000000E-99
 26   31     1.00000000000000E-99   1.00000000000000E-99
 27   31     1.00000000000000E-99   1.00000000000000E-99
 28   31     1.00000000000000E-99   1.00000000000000E-99
 29   31     1.00000000000000E-99   1.00000000000000E-99
 30   31     1.00000000000000E-99   1.00000000000000E-99
 31   31     1.00000000000000E-99   1.00000000000000E-99
 32   31     1.00000000000000E-99   1.00000000000000E-99
 33   31     1.00000000000000E-99   1.00000000000000E-99
 34   31     1.00000000000000E-99   1.00000000000000E-99
 35   31     1.00000000000000E-99   1.00000000000000E-99
 36   31     1.00000000000000E-99   1.00000000000000E-99
 37   31     1.00000000000000E-99   1.00000000000000E-99
 38   31     5.33653977551492E-11   3.68221244510530E-09
 39   31     7.91598763406702E-15   5.54119134384691E-13
 40   31     8.41980854894264E-09   5.97806406974927E-07
 41   31     1.95534954147048E-11   1.40785166985874E-09
 42   31     6.06204484722387E-08   4.42529273847343E-06
 43   31     3.53005399383403E-08   2.61223995543718E-06
 44   31     8.40828747189123E-08   6.30621560391842E-06
 45   31     3.32820832165379E-08   2.52943832445688E-06
 46   31     2.48418833468225E-09   1.91282501770533E-07
 47   31     5.36740951692615E-11   4.18657942320240E-09
 48   31     3.45347344431109E-11   2.72824402100576E-09
 49   31     2.39628801062638E-11   1.91703040850111E-09
 50   31     1.84309301915716E-11   1.49290534551730E-09
 51   31     8.33168879991342E-12   6.83198481592900E-10
 52   31     3.19754262443997E-12   2.65396037828517E-10
 53   31     4.80165421881116E-13   4.03338954380137E-11
 54   31     9.65972382614862E-14   8.21076525222633E-12
 55   31     1.67641832182613E-14   1.44171975677047E-12
 56   31     2.37549358043958E-15   2.06667941498244E-13
 57   31     1.60005894661750E-16   1.40805187302340E-14
 58   31     1.93418904839950E-17   1.72142825307556E-15
 59   31     7.12389657503801E-19   6.41150691753421E-17
 60   31     1.79465824953486E-21   1.63313900707672E-19
 61   31     1.48542823248577E-24   1.36659397388690E-22
 62   31     1.00000000000000E-99   1.00000000000000E-99
 63   31     1.00000000000000E-99   1.00000000000000E-99
 64   31     1.00000000000000E-99   1.00000000000000E-99
 65   31     1.00000000000000E-99   1.00000000000000E-99
 66   31     1.00000000000000E-99   1.00000000000000E-99
 67   31     1.00000000000000E-99   1.00000000000000E-99
 68   31     1.00000000000000E-99   1.00000000000000E-99
 69   31     1.00000000000000E-99   1.00000000000000E-99
 70   31     1.00000000000000E-99   1.00000000000000E-99
 71   31     1.00000000000000E-99   1.00000000000000E-99
 72   31     1.00000000000000E-99   1.00000000000000E-99
 73   31     1.00000000000000E-99   1.00000000000000E-99
 74   31     1.00000000000000E-99   1.00000000000000E-99
 75   31     1.00000000000000E-99   1.00000000000000E-99
 76   31     1.00000000000000E-99   1.00000000000000E-99
 77   31     1.00000000000000E-99   1.00000000000000E-99
 23   32     1.00000000000000E-99   1.00000000000000E-99
 24   32     1.00000000000000E-99   1.00000000000000E-99
 25   32     1.00000000000000E-99   1.00000000000000E-99
 26   32     1.00000000000000E-99   1.00000000000000E-99
 27   32     1.00000000000000E-99   1.00000000000000E-99
 28   32     1.00000000000000E-99   1.00000000000000E-99
 29   32     1.00000000000000E-99   1.00000000000000E-99
 30   32     1.00000000000000E-99   1.00000000000000E-99
 31   32     1.00000000000000E-99   1.00000000000000E-99
 32   32     1.00000000000000E-99   1.00000000000000E-99
 33   32     1.00000000000000E-99   1.00000000000000E-99
 34   32     1.00000000000000E-99   1.00000000000000E-99
 35   32     1.00000000000000E-99   1.00000000000000E-99
 36   32     1.00000000000000E-99   1.00000000000000E-99
 37   32     1.00000000000000E-99   1.00000000000000E-99
 38   32     2.12925914014544E-16   1.49048139810181E-14
 39   32     2.13225442654386E-20   1.51390064284614E-18
 40   32     1.34663851595316E-14   9.69579731486278E-13
 41   32     1.66339148683182E-10   1.21427578538723E-08
 42   32     2.94402792653403E-09   2.17858066563518E-07
 43   32     5.11585213637255E-08   3.83688910227941E-06
 44   32     2.13391707620228E-07   1.62177697791373E-05
 45   32     4.40409314520819E-07   3.39115172181031E-05
 46   32     3.20996671983674E-07   2.50377404147266E-05
 47   32     1.15622863292589E-08   9.13420620011452E-07
 48   32     5.79165456984180E-08   4.63332365587344E-06
 49   32     2.71693183589109E-10   2.20071478707178E-08
 50   32     1.18357190819121E-10   9.70528964716790E-09
 51   32     3.64386865891648E-11   3.02441098690068E-09
 52   32     1.74242810508096E-11   1.46363960826801E-09
 53   32     1.02912727966754E-11   8.74758187717410E-10
 54   32     3.45784408202729E-12   2.97374591054347E-10
 55   32     8.45938186979266E-13   7.35966222671962E-11
 56   32     1.60571415898648E-13   1.41302845990810E-11
 57   32     1.70563157385853E-14   1.51801210073409E-12
 58   32     3.45650498924106E-15   3.11085449031696E-13
 59   32     2.67973720710128E-16   2.43856085846217E-14
 60   32     2.78537884847599E-17   2.56254854059791E-15
 61   32     7.78063960074476E-19   7.23599482869262E-17
 62   32     9.99637316996382E-22   9.39659077976599E-20
 63   32     1.67928926516609E-24   1.59532480190779E-22
 64   32     1.00000000000000E-99   1.00000000000000E-99
 65   32     1.00000000000000E-99   1.00000000000000E-99
 66   32     1.00000000000000E-99   1.00000000000000E-99
 67   32     1.00000000000000E-99   1.00000000000000E-99
 68   32     1.00000000000000E-99   1.00000000000000E-99
 69   32     1.00000000000000E-99   1.00000000000000E-99
 70   32     1.00000000000000E-99   1.00000000000000E-99
 71   32     1.00000000000000E-99   1.00000000000000E-99
 72   32     1.00000000000000E-99   1.00000000000000E-99
 73   32     1.00000000000000E-99   1.00000000000000E-99
 74   32     1.00000000000000E-99   1.00000000000000E-99
 75   32     1.00000000000000E-99   1.00000000000000E-99
 76   32     1.00000000000000E-99   1.00000000000000E-99
 77   32     1.00000000000000E-99   1.00000000000000E-99
 78   32     1.00000000000000E-99   1.00000000000000E-99
 79   32     1.00000000000000E-99   1.00000000000000E-99
 80   32     1.00000000000000E-99   1.00000000000000E-99
 24   33     1.00000000000000E-99   1.00000000000000E-99
 25   33     1.00000000000000E-99   1.00000000000000E-99
 26   33     1.00000000000000E-99   1.00000000000000E-99
 27   33     1.00000000000000E-99   1.00000000000000E-99
 28   33     1.00000000000000E-99   1.00000000000000E-99
 29   33     1.00000000000000E-99   1.00000000000000E-99
 30   33     1.00000000000000E-99   1.00000000000000E-99
 31   33     1.00000000000000E-99   1.00000000000000E-99
 32   33     1.00000000000000E-99   1.00000000000000E-99
 33   33     1.00000000000000E-99   1.00000000000000E-99
 34   33     1.00000000000000E-99   1.00000000000000E-99
 35   33     1.00000000000000E-99   1.00000000000000E-99
 36   33     1.00000000000000E-99   1.00000000000000E-99
 37   33     1.00000000000000E-99   1.00000000000000E-99
 38   33     1.00000000000000E-99   1.00000000000000E-99
 39   33     1.00000000000000E-99   1.00000000000000E-99
 40   33     1.00000000000000E-99   1.00000000000000E-99
 41   33     1.00000000000000E-99   1.00000000000000E-99
 42   33     3.50995680083648E-10   2.63246760062736E-08
 43   33     1.82828429942006E-13   1.38949606755925E-11
 44   33     6.27133077800539E-10   4.82892469906415E-08
 45   33     4.02677067428132E-09   3.14088112593943E-07
 46   33     3.62207500078845E-07   2.86143925062288E-05
 47   33     5.45390907279687E-08   4.36312725823750E-06
 48   33     1.55366585600975E-07   1.25846934336790E-05
 49   33     5.02805796646607E-08   4.12300753250218E-06
 50   33     1.15104124862189E-08   9.55364236356169E-07
 51   33     1.07080698524673E-10   8.99477867607253E-09
 52   33     5.60215779567099E-11   4.76183412632034E-09
 53   33     2.97885227412036E-11   2.56181295574351E-09
 54   33     1.64669204784525E-11   1.43262208162537E-09
 55   33     3.24103995550865E-12   2.85211516084761E-10
 56   33     9.26831603320499E-13   8.24880126955244E-11
 57   33     1.36878395514600E-13   1.23190555963140E-11
 58   33     4.77932339470835E-14   4.34918428918460E-12
 59   33     7.44806363829978E-15   6.85221854723580E-13
 60   33     1.50721846294958E-15   1.40171317054311E-13
 61   33     1.23574305202078E-16   1.16159846889953E-14
 62   33     9.15652345464967E-18   8.69869728191719E-16
 63   33     4.74217258585011E-20   4.55248568241611E-18
 64   33     3.93560782672060E-22   3.81753959191898E-20
 65   33     3.85643673896854E-25   3.77930800418917E-23
 66   33     1.00000000000000E-99   1.00000000000000E-99
 67   33     1.00000000000000E-99   1.00000000000000E-99
 68   33     1.00000000000000E-99   1.00000000000000E-99
 69   33     1.00000000000000E-99   1.00000000000000E-99
 70   33     1.00000000000000E-99   1.00000000000000E-99
 71   33     1.00000000000000E-99   1.00000000000000E-99
 72   33     1.00000000000000E-99   1.00000000000000E-99
 73   33     1.00000000000000E-99   1.00000000000000E-99
 74   33     1.00000000000000E-99   1.00000000000000E-99
 75   33     1.00000000000000E-99   1.00000000000000E-99
 76   33     1.00000000000000E-99   1.00000000000000E-99
 77   33     1.00000000000000E-99   1.00000000000000E-99
 78   33     1.00000000000000E-99   1.00000000000000E-99
 79   33     1.00000000000000E-99   1.00000000000000E-99
 80   33     1.00000000000000E-99   1.00000000000000E-99
 81   33     1.00000000000000E-99   1.00000000000000E-99
 82   33     1.00000000000000E-99   1.00000000000000E-99
 25   34     1.00000000000000E-99   1.00000000000000E-99
 26   34     1.00000000000000E-99   1.00000000000000E-99
 27   34     1.00000000000000E-99   1.00000000000000E-99
 28   34     1.00000000000000E-99   1.00000000000000E-99
 29   34     1.00000000000000E-99   1.00000000000000E-99
 30   34     1.00000000000000E-99   1.00000000000000E-99
 31   34     1.00000000000000E-99   1.00000000000000E-99
 32   34     1.00000000000000E-99   1.00000000000000E-99
 33   34     1.00000000000000E-99   1.00000000000000E-99
 34   34     1.00000000000000E-99   1.00000000000000E-99
 35   34     1.00000000000000E-99   1.00000000000000E-99
 36   34     1.00000000000000E-99   1.00000000000000E-99
 37   34     1.00000000000000E-99   1.00000000000000E-99
 38   34     1.00000000000000E-99   1.00000000000000E-99
 39   34     1.00000000000000E-99   1.00000000000000E-99
 40   34     1.00000000000000E-99   1.00000000000000E-99
 41   34     1.00000000000000E-99   1.00000000000000E-99
 42   34     6.92388069547928E-17   5.26214932856425E-15
 43   34     1.36829138405491E-13   1.05358436572228E-11
 44   34     2.49747203748477E-11   1.94802818923812E-09
 45   34     3.65494256693073E-08   2.88740462787528E-06
 46   34     5.16535635095410E-07   4.13228508076328E-05
 47   34     8.45437457763560E-07   6.84804340788484E-05
 48   34     1.61987866681859E-06   1.32830050679124E-04
 49   34     2.06646109027360E-06   1.71516270492709E-04
 50   34     1.57440398754047E-06   1.32249934953399E-04
 51   34     1.79730093849853E-07   1.52770579772375E-05
 52   34     1.99974895819578E-08   1.71978410404837E-06
 53   34     2.43694705842807E-10   2.12014394083243E-08
 54   34     6.88217413119479E-11   6.05631323545142E-09
 55   34     1.64401510455408E-11   1.46317344305313E-09
 56   34     2.21918809541513E-11   1.99726928587362E-09
 57   34     6.69656090335755E-12   6.09387042205537E-10
 58   34     2.13065398626418E-12   1.96020166736305E-10
 59   34     1.98100972414274E-13   1.84233904345275E-11
 60   34     9.23495339195862E-14   8.68085618844111E-12
 61   34     2.20948379174124E-14   2.09900960215417E-12
 62   34     4.38433044150223E-15   4.20895722384214E-13
 63   34     2.81549287374397E-16   2.73102808753165E-14
 64   34     1.00525111465133E-17   9.85146092358302E-16
 65   34     4.71913056568684E-20   4.67193926002997E-18
 66   34     3.64762250581868E-22   3.64762250581868E-20
 67   34     1.14382338398375E-25   1.15526161782358E-23
 68   34     1.00000000000000E-99   1.00000000000000E-99
 69   34     1.00000000000000E-99   1.00000000000000E-99
 70   34     1.00000000000000E-99   1.00000000000000E-99
 71   34     1.00000000000000E-99   1.00000000000000E-99
 72   34     1.00000000000000E-99   1.00000000000000E-99
 73   34     1.00000000000000E-99   1.00000000000000E-99
 74   34     1.00000000000000E-99   1.00000000000000E-99
 75   34     1.00000000000000E-99   1.00000000000000E-99
 76   34     1.00000000000000E-99   1.00000000000000E-99
 77   34     1.00000000000000E-99   1.00000000000000E-99
 78   34     1.00000000000000E-99   1.00000000000000E-99
 79   34     1.00000000000000E-99   1.00000000000000E-99
 80   34     1.00000000000000E-99   1.00000000000000E-99
 81   34     1.00000000000000E-99   1.00000000000000E-99
 82   34     1.00000000000000E-99   1.00000000000000E-99
 83   34     1.00000000000000E-99   1.00000000000000E-99
 84   34     1.00000000000000E-99   1.00000000000000E-99
 26   35     1.00000000000000E-99   1.00000000000000E-99
 27   35     1.00000000000000E-99   1.00000000000000E-99
 28   35     1.00000000000000E-99   1.00000000000000E-99
 29   35     1.00000000000000E-99   1.00000000000000E-99
 30   35     1.00000000000000E-99   1.00000000000000E-99
 31   35     1.00000000000000E-99   1.00000000000000E-99
 32   35     1.00000000000000E-99   1.00000000000000E-99
 33   35     1.00000000000000E-99   1.00000000000000E-99
 34   35     1.00000000000000E-99   1.00000000000000E-99
 35   35     1.00000000000000E-99   1.00000000000000E-99
 36   35     1.00000000000000E-99   1.00000000000000E-99
 37   35     1.00000000000000E-99   1.00000000000000E-99
 38   35     1.00000000000000E-99   1.00000000000000E-99
 39   35     1.00000000000000E-99   1.00000000000000E-99
 40   35     1.00000000000000E-99   1.00000000000000E-99
 41   35     1.00000000000000E-99   1.00000000000000E-99
 42   35     1.00000000000000E-99   1.00000000000000E-99
 43   35     1.00000000000000E-99   1.00000000000000E-99
 44   35     1.14113975131149E-19   9.01500403536078E-18
 45   35     6.49689784151102E-23   5.19751827320882E-21
 46   35     3.30563960642187E-08   2.67756808120171E-06
 47   35     1.55977098731478E-11   1.27901220959812E-09
 48   35     9.22038073968501E-08   7.65291601393856E-06
 49   35     6.57332730196500E-07   5.52159493365060E-05
 50   35     1.06212819102049E-06   9.02808962367414E-05
 51   35     1.04039602990881E-06   8.94740585721575E-05
 52   35     1.16893355954167E-06   1.01697219680125E-04
 53   35     7.78518024592852E-08   6.85095861641710E-06
 54   35     2.18999124895678E-10   1.94909221157153E-08
 55   35     1.12692211182745E-10   1.01422990064470E-08
 56   35     2.73607320765450E-11   2.48982661896559E-09
 57   35     1.92174188054503E-11   1.76800253010143E-09
 58   35     4.25693954339718E-12   3.95895377535937E-10
 59   35     2.00915652281158E-12   1.88860713144289E-10
 60   35     4.80137593460419E-13   4.56130713787398E-11
 61   35     1.15300315993323E-13   1.10688303353590E-11
 62   35     5.48814900998817E-14   5.32350453968852E-12
 63   35     1.00137521175060E-14   9.81347707515587E-13
 64   35     1.78870052515844E-15   1.77081351990686E-13
 65   35     1.07073144676202E-16   1.07073144676202E-14
 66   35     3.94168016090414E-18   3.98109696251318E-16
 67   35     2.86516703657013E-20   2.92247037730154E-18
 68   35     1.66382581293850E-22   1.71374058732666E-20
 69   35     1.00000000000000E-99   1.00000000000000E-99
 70   35     1.00000000000000E-99   1.00000000000000E-99
 71   35     1.00000000000000E-99   1.00000000000000E-99
 72   35     1.00000000000000E-99   1.00000000000000E-99
 73   35     1.00000000000000E-99   1.00000000000000E-99
 74   35     1.00000000000000E-99   1.00000000000000E-99
 75   35     1.00000000000000E-99   1.00000000000000E-99
 76   35     1.00000000000000E-99   1.00000000000000E-99
 77   35     1.00000000000000E-99   1.00000000000000E-99
 78   35     1.00000000000000E-99   1.00000000000000E-99
 79   35     1.00000000000000E-99   1.00000000000000E-99
 80   35     1.00000000000000E-99   1.00000000000000E-99
 81   35     1.00000000000000E-99   1.00000000000000E-99
 82   35     1.00000000000000E-99   1.00000000000000E-99
 83   35     1.00000000000000E-99   1.00000000000000E-99
 84   35     1.00000000000000E-99   1.00000000000000E-99
 85   35     1.00000000000000E-99   1.00000000000000E-99
 86   35     1.00000000000000E-99   1.00000000000000E-99
 27   36     1.00000000000000E-99   1.00000000000000E-99
 28   36     1.00000000000000E-99   1.00000000000000E-99
 29   36     1.00000000000000E-99   1.00000000000000E-99
 30   36     1.00000000000000E-99   1.00000000000000E-99
 31   36     1.00000000000000E-99   1.00000000000000E-99
 32   36     1.00000000000000E-99   1.00000000000000E-99
 33   36     1.00000000000000E-99   1.00000000000000E-99
 34   36     1.00000000000000E-99   1.00000000000000E-99
 35   36     1.00000000000000E-99   1.00000000000000E-99
 36   36     1.00000000000000E-99   1.00000000000000E-99
 37   36     1.00000000000000E-99   1.00000000000000E-99
 38   36     1.00000000000000E-99   1.00000000000000E-99
 39   36     1.00000000000000E-99   1.00000000000000E-99
 40   36     1.00000000000000E-99   1.00000000000000E-99
 41   36     1.00000000000000E-99   1.00000000000000E-99
 42   36     1.00000000000000E-99   1.00000000000000E-99
 43   36     1.00000000000000E-99   1.00000000000000E-99
 44   36     1.00000000000000E-99   1.00000000000000E-99
 45   36     1.00000000000000E-99   1.00000000000000E-99
 46   36     4.81602689305383E-15   3.94914205230414E-13
 47   36     3.32786080178530E-10   2.76212446548180E-08
 48   36     1.28831677528189E-08   1.08218609123679E-06
 49   36     3.30579964976966E-07   2.80992970230421E-05
 50   36     1.95484870504307E-06   1.68116988633704E-04
 51   36     3.03872340870711E-06   2.64368936557519E-04
 52   36     6.37005404538427E-06   5.60564755993816E-04
 53   36     4.45496956538721E-06   3.96492291319462E-04
 54   36     6.54213986636661E-07   5.88792587972995E-05
 55   36     2.26922304661772E-09   2.06499297242213E-07
 56   36     1.52998705987869E-10   1.40758809508840E-08
 57   36     8.11434052549416E-11   7.54633668870957E-09
 58   36     1.32065248846909E-11   1.24141333916095E-09
 59   36     7.63543974885259E-12   7.25366776140996E-10
 60   36     4.46064447454335E-12   4.28221869556161E-10
 61   36     2.45093280817288E-12   2.37740482392769E-10
 62   36     1.04154642511578E-12   1.02071549661346E-10
 63   36     1.37596468420005E-13   1.36220503735805E-11
 64   36     2.69031604720193E-14   2.69031604720193E-12
 65   36     2.04186829412564E-14   2.06228697706690E-12
 66   36     4.01109740836414E-15   4.09131935653142E-13
 67   36     2.30162033004703E-16   2.37066893994844E-14
 68   36     7.67587421542276E-18   7.98290918403967E-16
 69   36     5.82062792084558E-20   6.11165931688786E-18
 70   36     6.43802732215617E-21   6.82430896148554E-19
 71   36     1.00000000000000E-99   1.00000000000000E-99
 72   36     1.00000000000000E-99   1.00000000000000E-99
 73   36     1.00000000000000E-99   1.00000000000000E-99
 74   36     1.00000000000000E-99   1.00000000000000E-99
 75   36     1.00000000000000E-99   1.00000000000000E-99
 76   36     1.00000000000000E-99   1.00000000000000E-99
 77   36     1.00000000000000E-99   1.00000000000000E-99
 78   36     1.00000000000000E-99   1.00000000000000E-99
 79   36     1.00000000000000E-99   1.00000000000000E-99
 80   36     1.00000000000000E-99   1.00000000000000E-99
 81   36     1.00000000000000E-99   1.00000000000000E-99
 82   36     1.00000000000000E-99   1.00000000000000E-99
 83   36     1.00000000000000E-99   1.00000000000000E-99
 84   36     1.00000000000000E-99   1.00000000000000E-99
 85   36     1.00000000000000E-99   1.00000000000000E-99
 86   36     1.00000000000000E-99   1.00000000000000E-99
 87   36     1.00000000000000E-99   1.00000000000000E-99
 88   36     1.00000000000000E-99   1.00000000000000E-99
 29   37     1.00000000000000E-99   1.00000000000000E-99
 30   37     1.00000000000000E-99   1.00000000000000E-99
 31   37     1.00000000000000E-99   1.00000000000000E-99
 32   37     1.00000000000000E-99   1.00000000000000E-99
 33   37     1.00000000000000E-99   1.00000000000000E-99
 34   37     1.00000000000000E-99   1.00000000000000E-99
 35   37     1.00000000000000E-99   1.00000000000000E-99
 36   37     1.00000000000000E-99   1.00000000000000E-99
 37   37     1.00000000000000E-99   1.00000000000000E-99
 38   37     1.00000000000000E-99   1.00000000000000E-99
 39   37     1.00000000000000E-99   1.00000000000000E-99
 40   37     1.00000000000000E-99   1.00000000000000E-99
 41   37     1.00000000000000E-99   1.00000000000000E-99
 42   37     1.00000000000000E-99   1.00000000000000E-99
 43   37     1.00000000000000E-99   1.00000000000000E-99
 44   37     1.00000000000000E-99   1.00000000000000E-99
 45   37     1.00000000000000E-99   1.00000000000000E-99
 46   37     1.00000000000000E-99   1.00000000000000E-99
 47   37     1.00000000000000E-99   1.00000000000000E-99
 48   37     2.84137055040141E-14   2.41516496784120E-12
 49   37     8.52055734238055E-18   7.32767931444728E-16
 50   37     2.86625874222644E-08   2.49364510573701E-06
 51   37     3.54296771497600E-08   3.11781158917888E-06
 52   37     1.90051350538740E-06   1.69145701979478E-04
 53   37     3.90194928289985E-06   3.51175435460987E-04
 54   37     2.21232652651747E-06   2.01321713913090E-04
 55   37     4.55298494704029E-10   4.18874615127707E-08
 56   37     5.09177836415389E-10   4.73535387866312E-08
 57   37     2.10206903535118E-10   1.97594489323011E-08
 58   37     3.44754004134576E-11   3.27516303927848E-09
 59   37     2.10297849194264E-11   2.01885935226494E-09
 60   37     1.86755722369911E-11   1.81153050698813E-09
 61   37     1.09879491037151E-11   1.07681901216408E-09
 62   37     4.77789877037519E-12   4.73011978267144E-10
 63   37     3.10637842563302E-12   3.10637842563302E-10
 64   37     1.07932861971502E-12   1.09012190591217E-10
 65   37     5.38910304693754E-13   5.49688510787629E-11
 66   37     8.15191506660625E-14   8.39647251860444E-12
 67   37     1.23748350771028E-14   1.28698284801869E-12
 68   37     1.90620677366269E-15   2.00151711234583E-13
 69   37     1.06170111851349E-16   1.12540318562430E-14
 70   37     1.69299689329577E-18   1.81150667582647E-16
 71   37     3.23393459757837E-20   3.49264936538464E-18
 72   37     1.76025039127952E-24   1.91867292649468E-22
 73   37     1.00000000000000E-99   1.00000000000000E-99
 74   37     1.00000000000000E-99   1.00000000000000E-99
 75   37     1.00000000000000E-99   1.00000000000000E-99
 76   37     1.00000000000000E-99   1.00000000000000E-99
 77   37     1.00000000000000E-99   1.00000000000000E-99
 78   37     1.00000000000000E-99   1.00000000000000E-99
 79   37     1.00000000000000E-99   1.00000000000000E-99
 80   37     1.00000000000000E-99   1.00000000000000E-99
 81   37     1.00000000000000E-99   1.00000000000000E-99
 82   37     1.00000000000000E-99   1.00000000000000E-99
 83   37     1.00000000000000E-99   1.00000000000000E-99
 84   37     1.00000000000000E-99   1.00000000000000E-99
 85   37     1.00000000000000E-99   1.00000000000000E-99
 86   37     1.00000000000000E-99   1.00000000000000E-99
 87   37     1.00000000000000E-99   1.00000000000000E-99
 88   37     1.00000000000000E-99   1.00000000000000E-99
 89   37     1.00000000000000E-99   1.00000000000000E-99
 90   37     1.00000000000000E-99   1.00000000000000E-99
 91   37     1.00000000000000E-99   1.00000000000000E-99
 30   38     1.00000000000000E-99   1.00000000000000E-99
 31   38     1.00000000000000E-99   1.00000000000000E-99
 32   38     1.00000000000000E-99   1.00000000000000E-99
 33   38     1.00000000000000E-99   1.00000000000000E-99
 34   38     1.00000000000000E-99   1.00000000000000E-99
 35   38     1.00000000000000E-99   1.00000000000000E-99
 36   38     1.00000000000000E-99   1.00000000000000E-99
 37   38     1.00000000000000E-99   1.00000000000000E-99
 38   38     1.00000000000000E-99   1.00000000000000E-99
 39   38     1.00000000000000E-99   1.00000000000000E-99
 40   38     1.00000000000000E-99   1.00000000000000E-99
 41   38     1.00000000000000E-99   1.00000000000000E-99
 42   38     1.00000000000000E-99   1.00000000000000E-99
 43   38     1.00000000000000E-99   1.00000000000000E-99
 44   38     1.00000000000000E-99   1.00000000000000E-99
 45   38     1.00000000000000E-99   1.00000000000000E-99
 46   38     1.00000000000000E-99   1.00000000000000E-99
 47   38     1.00000000000000E-99   1.00000000000000E-99
 48   38     1.47738959358062E-22   1.27055505047933E-20
 49   38     1.00000000000000E-99   1.00000000000000E-99
 50   38     1.03693193969084E-09   9.12500106927938E-08
 51   38     7.89541400217010E-08   7.02691846193139E-06
 52   38     1.35268015371037E-06   1.21741213833933E-04
 53   38     4.36408098601330E-06   3.97131369727210E-04
 54   38     1.11344356767834E-05   1.02436808226407E-03
 55   38     6.82994788284199E-06   6.35185153104305E-04
 56   38     2.43144580284559E-06   2.28555905467486E-04
 57   38     6.76769125837762E-07   6.42930669545874E-05
 58   38     1.36579735617894E-10   1.31116546193178E-08
 59   38     4.98168789889581E-11   4.83223726192894E-09
 60   38     1.00617961552155E-10   9.86056023211119E-09
 61   38     4.45181046096254E-11   4.40729235635292E-09
 62   38     3.94928657837711E-11   3.94928657837711E-09
 63   38     2.03275823593807E-11   2.05308581829745E-09
 64   38     9.80732973664646E-12   1.00034763313794E-09
 65   38     6.10496112630501E-12   6.28810996009416E-10
 66   38     1.98488815694941E-12   2.06428368322739E-10
 67   38     7.14072302272181E-13   7.49775917385790E-11
 68   38     2.87407980477639E-13   3.04652459306297E-11
 69   38     3.32813236169304E-14   3.56110162701155E-12
 70   38     4.35037122284914E-15   4.69840092067707E-13
 71   38     1.26565215843718E-16   1.37956085269653E-14
 72   38     1.78942021413426E-18   1.96836223554768E-16
 73   38     3.44377758929750E-20   3.82259312412022E-18
 74   38     4.70342357695989E-24   5.26783440619507E-22
 75   38     1.00000000000000E-99   1.00000000000000E-99
 76   38     1.00000000000000E-99   1.00000000000000E-99
 77   38     1.00000000000000E-99   1.00000000000000E-99
 78   38     1.00000000000000E-99   1.00000000000000E-99
 79   38     1.00000000000000E-99   1.00000000000000E-99
 80   38     1.00000000000000E-99   1.00000000000000E-99
 81   38     1.00000000000000E-99   1.00000000000000E-99
 82   38     1.00000000000000E-99   1.00000000000000E-99
 83   38     1.00000000000000E-99   1.00000000000000E-99
 84   38     1.00000000000000E-99   1.00000000000000E-99
 85   38     1.00000000000000E-99   1.00000000000000E-99
 86   38     1.00000000000000E-99   1.00000000000000E-99
 87   38     1.00000000000000E-99   1.00000000000000E-99
 88   38     1.00000000000000E-99   1.00000000000000E-99
 89   38     1.00000000000000E-99   1.00000000000000E-99
 90   38     1.00000000000000E-99   1.00000000000000E-99
 91   38     1.00000000000000E-99   1.00000000000000E-99
 92   38     1.00000000000000E-99   1.00000000000000E-99
 93   38     1.00000000000000E-99   1.00000000000000E-99
 31   39     1.00000000000000E-99   1.00000000000000E-99
 32   39     1.00000000000000E-99   1.00000000000000E-99
 33   39     1.00000000000000E-99   1.00000000000000E-99
 34   39     1.00000000000000E-99   1.00000000000000E-99
 35   39     1.00000000000000E-99   1.00000000000000E-99
 36   39     1.00000000000000E-99   1.00000000000000E-99
 37   39     1.00000000000000E-99   1.00000000000000E-99
 38   39     1.00000000000000E-99   1.00000000000000E-99
 39   39     1.00000000000000E-99   1.00000000000000E-99
 40   39     1.00000000000000E-99   1.00000000000000E-99
 41   39     1.00000000000000E-99   1.00000000000000E-99
 42   39     1.00000000000000E-99   1.00000000000000E-99
 43   39     1.00000000000000E-99   1.00000000000000E-99
 44   39     1.00000000000000E-99   1.00000000000000E-99
 45   39     1.00000000000000E-99   1.00000000000000E-99
 46   39     1.00000000000000E-99   1.00000000000000E-99
 47   39     1.00000000000000E-99   1.00000000000000E-99
 48   39     1.00000000000000E-99   1.00000000000000E-99
 49   39     1.00000000000000E-99   1.00000000000000E-99
 50   39     4.41606804654840E-13   3.93030056142808E-11
 51   39     4.33101962007849E-14   3.89791765807064E-12
 52   39     4.89108207734894E-09   4.45088469038754E-07
 53   39     7.80882187255551E-08   7.18411612275107E-06
 54   39     1.10331778398978E-06   1.02608553911049E-04
 55   39     3.66724871311029E-06   3.44721379032368E-04
 56   39     1.25078676578239E-05   1.18824742749327E-03
 57   39     9.37960375062077E-10   9.00441960059594E-08
 58   39     4.97979924079923E-10   4.83040526357526E-08
 59   39     8.75080433702189E-11   8.57578825028145E-09
 60   39     2.77789219526370E-10   2.75011327331106E-08
 61   39     1.77770604263719E-10   1.77770604263719E-08
 62   39     1.22139142613114E-10   1.23360534039246E-08
 63   39     1.06392831798560E-10   1.08520688434531E-08
 64   39     7.40197664383705E-11   7.62403594315216E-09
 65   39     5.57618786399246E-11   5.79923537855215E-09
 66   39     1.75118909330649E-11   1.83874854797181E-09
 67   39     7.38636511158416E-12   7.82954701827921E-10
 68   39     2.17910294485721E-12   2.33164015099721E-10
 69   39     3.11304736938864E-13   3.36209115893974E-11
 70   39     7.41485224803773E-14   8.08218895036113E-12
 71   39     8.05880034337899E-15   8.86468037771688E-13
 72   39     7.50344652697870E-16   8.32882564494636E-14
 73   39     3.43799195229565E-17   3.85055098657112E-15
 74   39     3.10488938491050E-19   3.50852500494886E-17
 75   39     1.06819562567532E-20   1.21774301326987E-18
 76   39     5.40991473740686E-24   6.22140194801789E-22
 77   39     1.00000000000000E-99   1.00000000000000E-99
 78   39     1.00000000000000E-99   1.00000000000000E-99
 79   39     1.00000000000000E-99   1.00000000000000E-99
 80   39     1.00000000000000E-99   1.00000000000000E-99
 81   39     1.00000000000000E-99   1.00000000000000E-99
 82   39     1.00000000000000E-99   1.00000000000000E-99
 83   39     1.00000000000000E-99   1.00000000000000E-99
 84   39     1.00000000000000E-99   1.00000000000000E-99
 85   39     1.00000000000000E-99   1.00000000000000E-99
 86   39     1.00000000000000E-99   1.00000000000000E-99
 87   39     1.00000000000000E-99   1.00000000000000E-99
 88   39     1.00000000000000E-99   1.00000000000000E-99
 89   39     1.00000000000000E-99   1.00000000000000E-99
 90   39     1.00000000000000E-99   1.00000000000000E-99
 91   39     1.00000000000000E-99   1.00000000000000E-99
 92   39     1.00000000000000E-99   1.00000000000000E-99
 93   39     1.00000000000000E-99   1.00000000000000E-99
 94   39     1.00000000000000E-99   1.00000000000000E-99
 95   39     1.00000000000000E-99   1.00000000000000E-99
 32   40     1.00000000000000E-99   1.00000000000000E-99
 33   40     1.00000000000000E-99   1.00000000000000E-99
 34   40     1.00000000000000E-99   1.00000000000000E-99
 35   40     1.00000000000000E-99   1.00000000000000E-99
 36   40     1.00000000000000E-99   1.00000000000000E-99
 37   40     1.00000000000000E-99   1.00000000000000E-99
 38   40     1.00000000000000E-99   1.00000000000000E-99
 39   40     1.00000000000000E-99   1.00000000000000E-99
 40   40     1.00000000000000E-99   1.00000000000000E-99
 41   40     1.00000000000000E-99   1.00000000000000E-99
 42   40     1.00000000000000E-99   1.00000000000000E-99
 43   40     1.00000000000000E-99   1.00000000000000E-99
 44   40     1.00000000000000E-99   1.00000000000000E-99
 45   40     1.00000000000000E-99   1.00000000000000E-99
 46   40     1.00000000000000E-99   1.00000000000000E-99
 47   40     1.00000000000000E-99   1.00000000000000E-99
 48   40     1.00000000000000E-99   1.00000000000000E-99
 49   40     1.00000000000000E-99   1.00000000000000E-99
 50   40     3.81594729444641E-18   3.43435256500177E-16
 51   40     2.34836771609261E-14   2.13701462164427E-12
 52   40     2.09149031304235E-10   1.92417108799896E-08
 53   40     1.04775828237736E-09   9.74415202610949E-08
 54   40     1.37283174168968E-07   1.29046183718830E-05
 55   40     1.11887237878064E-06   1.06292875984161E-04
 56   40     1.13080695312947E-05   1.08557467500429E-03
 57   40     1.23035855928442E-05   1.19344780250589E-03
 58   40     1.11932322407838E-06   1.09693675959681E-04
 59   40     4.22310419887631E-10   4.18087315688755E-08
 60   40     3.22870821201186E-09   3.22870821201186E-07
 61   40     7.13400965394421E-10   7.20534975048365E-08
 62   40     1.13311756138373E-09   1.15577991261140E-07
 63   40     5.35525968227542E-10   5.51591747274368E-08
 64   40     4.64154215146099E-10   4.82720383751943E-08
 65   40     3.23715919378853E-10   3.39901715347795E-08
 66   40     9.12495898233831E-11   9.67245652127861E-09
 67   40     5.18912083122923E-11   5.55235928941527E-09
 68   40     1.80453131266473E-11   1.94889381767791E-09
 69   40     7.94211372047787E-12   8.65690395532088E-10
 70   40     1.82176820408319E-12   2.00394502449151E-10
 71   40     6.39988475776086E-13   7.10387208111455E-11
 72   40     9.86902687829490E-14   1.10533101036903E-11
 73   40     5.35121032248635E-15   6.04686766440957E-13
 74   40     7.53611505881959E-16   8.59117116705434E-14
 75   40     1.48655881244315E-17   1.70954263430963E-15
 76   40     2.02459664399898E-19   2.34853210703882E-17
 77   40     1.12995226854231E-20   1.32204415419450E-18
 78   40     1.40606756051302E-23   1.65915972140536E-21
 79   40     1.00000000000000E-99   1.00000000000000E-99
 80   40     1.00000000000000E-99   1.00000000000000E-99
 81   40     1.00000000000000E-99   1.00000000000000E-99
 82   40     1.00000000000000E-99   1.00000000000000E-99
 83   40     1.00000000000000E-99   1.00000000000000E-99
 84   40     1.00000000000000E-99   1.00000000000000E-99
 85   40     1.00000000000000E-99   1.00000000000000E-99
 86   40     1.00000000000000E-99   1.00000000000000E-99
 87   40     1.00000000000000E-99   1.00000000000000E-99
 88   40     1.00000000000000E-99   1.00000000000000E-99
 89   40     1.00000000000000E-99   1.00000000000000E-99
 90   40     1.00000000000000E-99   1.00000000000000E-99
 91   40     1.00000000000000E-99   1.00000000000000E-99
 92   40     1.00000000000000E-99   1.00000000000000E-99
 93   40     1.00000000000000E-99   1.00000000000000E-99
 94   40     1.00000000000000E-99   1.00000000000000E-99
 95   40     1.00000000000000E-99   1.00000000000000E-99
 96   40     1.00000000000000E-99   1.00000000000000E-99
 97   40     1.00000000000000E-99   1.00000000000000E-99
 33   41     1.00000000000000E-99   1.00000000000000E-99
 34   41     1.00000000000000E-99   1.00000000000000E-99
 35   41     1.00000000000000E-99   1.00000000000000E-99
 36   41     1.00000000000000E-99   1.00000000000000E-99
 37   41     1.00000000000000E-99   1.00000000000000E-99
 38   41     1.00000000000000E-99   1.00000000000000E-99
 39   41     1.00000000000000E-99   1.00000000000000E-99
 40   41     1.00000000000000E-99   1.00000000000000E-99
 41   41     1.00000000000000E-99   1.00000000000000E-99
 42   41     1.00000000000000E-99   1.00000000000000E-99
 43   41     1.00000000000000E-99   1.00000000000000E-99
 44   41     1.00000000000000E-99   1.00000000000000E-99
 45   41     1.00000000000000E-99   1.00000000000000E-99
 46   41     1.00000000000000E-99   1.00000000000000E-99
 47   41     1.00000000000000E-99   1.00000000000000E-99
 48   41     1.00000000000000E-99   1.00000000000000E-99
 49   41     1.00000000000000E-99   1.00000000000000E-99
 50   41     1.00000000000000E-99   1.00000000000000E-99
 51   41     1.00000000000000E-99   1.00000000000000E-99
 52   41     4.73276193534535E-22   4.40146859987117E-20
 53   41     1.00000000000000E-99   1.00000000000000E-99
 54   41     6.06432656108295E-12   5.76111023302880E-10
 55   41     7.42901534753765E-09   7.13185473363614E-07
 56   41     1.40766256759133E-08   1.36543269056359E-06
 57   41     1.14931482330000E-07   1.12632852683400E-05
 58   41     1.58035766322341E-07   1.56455408659118E-05
 59   41     7.61443978732765E-10   7.61443978732766E-08
 60   41     4.23145194537882E-09   4.27376646483261E-07
 61   41     2.06514216297379E-09   2.10644500623327E-07
 62   41     6.51607739480943E-10   6.71155971665371E-08
 63   41     3.43850528668607E-09   3.57604549815352E-07
 64   41     1.93020507329760E-09   2.02671532696249E-07
 65   41     6.78884520081678E-10   7.19617591286579E-08
 66   41     1.87956396063910E-10   2.01113343788383E-08
 67   41     1.57359865548368E-10   1.69948654792238E-08
 68   41     6.46965301626731E-11   7.05192178773137E-09
 69   41     3.72410288072486E-11   4.09651316879734E-09
 70   41     1.26047569342954E-11   1.39912801970678E-09
 71   41     3.58755483260379E-12   4.01806141251625E-10
 72   41     8.98227411789798E-13   1.01499697532247E-10
 73   41     9.54463454113421E-14   1.08808833768930E-11
 74   41     1.60095614086083E-14   1.84109956198995E-12
 75   41     1.75751045824514E-15   2.03871213156437E-13
 76   41     1.36913251775099E-16   1.60188504576866E-14
 77   41     1.73378487593241E-18   2.04586615360025E-16
 78   41     4.17123568960707E-20   4.96377047063241E-18
 79   41     1.05751191979489E-22   1.26901430375386E-20
 80   41     6.93806069071632E-24   8.39505343576675E-22
 81   41     1.00000000000000E-99   1.00000000000000E-99
 82   41     1.00000000000000E-99   1.00000000000000E-99
 83   41     1.00000000000000E-99   1.00000000000000E-99
 84   41     1.00000000000000E-99   1.00000000000000E-99
 85   41     1.00000000000000E-99   1.00000000000000E-99
 86   41     1.00000000000000E-99   1.00000000000000E-99
 87   41     1.00000000000000E-99   1.00000000000000E-99
 88   41     1.00000000000000E-99   1.00000000000000E-99
 89   41     1.00000000000000E-99   1.00000000000000E-99
 90   41     1.00000000000000E-99   1.00000000000000E-99
 91   41     1.00000000000000E-99   1.00000000000000E-99
 92   41     1.00000000000000E-99   1.00000000000000E-99
 93   41     1.00000000000000E-99   1.00000000000000E-99
 94   41     1.00000000000000E-99   1.00000000000000E-99
 95   41     1.00000000000000E-99   1.00000000000000E-99
 96   41     1.00000000000000E-99   1.00000000000000E-99
 97   41     1.00000000000000E-99   1.00000000000000E-99
 98   41     1.00000000000000E-99   1.00000000000000E-99
 99   41     1.00000000000000E-99   1.00000000000000E-99
 35   42     1.00000000000000E-99   1.00000000000000E-99
 36   42     1.00000000000000E-99   1.00000000000000E-99
 37   42     1.00000000000000E-99   1.00000000000000E-99
 38   42     1.00000000000000E-99   1.00000000000000E-99
 39   42     1.00000000000000E-99   1.00000000000000E-99
 40   42     1.00000000000000E-99   1.00000000000000E-99
 41   42     1.00000000000000E-99   1.00000000000000E-99
 42   42     1.00000000000000E-99   1.00000000000000E-99
 43   42     1.00000000000000E-99   1.00000000000000E-99
 44   42     1.00000000000000E-99   1.00000000000000E-99
 45   42     1.00000000000000E-99   1.00000000000000E-99
 46   42     1.00000000000000E-99   1.00000000000000E-99
 47   42     1.00000000000000E-99   1.00000000000000E-99
 48   42     1.00000000000000E-99   1.00000000000000E-99
 49   42     1.00000000000000E-99   1.00000000000000E-99
 50   42     1.00000000000000E-99   1.00000000000000E-99
 51   42     1.00000000000000E-99   1.00000000000000E-99
 52   42     1.00000000000000E-99   1.00000000000000E-99
 53   42     4.19898608354835E-17   3.98903677937094E-15
 54   42     2.99598660735242E-12   2.87614714305832E-10
 55   42     1.14165667848822E-10   1.10740697813357E-08
 56   42     1.02814746149156E-05   1.00758451226173E-03
 57   42     1.49047445264404E-05   1.47556970811760E-03
 58   42     1.69708013015044E-05   1.69708013015044E-03
 59   42     1.60067683131428E-05   1.61668359962742E-03
 60   42     1.83363722347677E-05   1.87030996794630E-03
 61   42     9.13874078397584E-06   9.41290300749511E-04
 62   42     7.50576699251049E-06   7.80599767221091E-04
 63   42     4.27124581798743E-06   4.48480810888680E-04
 64   42     1.85391070500107E-08   1.96514534730114E-06
 65   42     2.72809917993402E-09   2.91906612252940E-07
 66   42     1.01152003088911E-09   1.09244163336024E-07
 67   42     6.68625181598096E-10   7.28801447941925E-08
 68   42     2.61839441654323E-10   2.88023385819755E-08
 69   42     1.49130038600146E-10   1.65534342846162E-08
 70   42     6.69265348568771E-11   7.49577190397024E-09
 71   42     2.94552760970695E-11   3.32844619896886E-09
 72   42     1.15359780329470E-11   1.31510149575596E-09
 73   42     3.75146079199767E-12   4.31417991079732E-10
 74   42     1.20854847366857E-12   1.40191622945555E-10
 75   42     1.37681977648012E-13   1.61087913848174E-11
 76   42     2.24225688625830E-14   2.64586312578479E-12
 77   42     1.77911975189345E-15   2.11715250475321E-13
 78   42     5.71635471904916E-17   6.85962566285900E-15
 79   42     7.39771790559628E-19   8.95123866577150E-17
 80   42     3.23108536536115E-20   3.94192414574061E-18
 81   42     3.04524536285741E-22   3.74565179631461E-20
 82   42     2.26950275003197E-23   2.81418341003965E-21
 83   42     1.00000000000000E-99   1.00000000000000E-99
 84   42     1.00000000000000E-99   1.00000000000000E-99
 85   42     1.00000000000000E-99   1.00000000000000E-99
 86   42     1.00000000000000E-99   1.00000000000000E-99
 87   42     1.00000000000000E-99   1.00000000000000E-99
 88   42     1.00000000000000E-99   1.00000000000000E-99
 89   42     1.00000000000000E-99   1.00000000000000E-99
 90   42     1.00000000000000E-99   1.00000000000000E-99
 91   42     1.00000000000000E-99   1.00000000000000E-99
 92   42     1.00000000000000E-99   1.00000000000000E-99
 93   42     1.00000000000000E-99   1.00000000000000E-99
 94   42     1.00000000000000E-99   1.00000000000000E-99
 95   42     1.00000000000000E-99   1.00000000000000E-99
 96   42     1.00000000000000E-99   1.00000000000000E-99
 97   42     1.00000000000000E-99   1.00000000000000E-99
 98   42     1.00000000000000E-99   1.00000000000000E-99
 99   42     1.00000000000000E-99   1.00000000000000E-99
100   42     1.00000000000000E-99   1.00000000000000E-99
101   42     1.00000000000000E-99   1.00000000000000E-99
102   42     1.00000000000000E-99   1.00000000000000E-99
 36   43     1.00000000000000E-99   1.00000000000000E-99
 37   43     1.00000000000000E-99   1.00000000000000E-99
 38   43     1.00000000000000E-99   1.00000000000000E-99
 39   43     1.00000000000000E-99   1.00000000000000E-99
 40   43     1.00000000000000E-99   1.00000000000000E-99
 41   43     1.00000000000000E-99   1.00000000000000E-99
 42   43     1.00000000000000E-99   1.00000000000000E-99
 43   43     1.00000000000000E-99   1.00000000000000E-99
 44   43     1.00000000000000E-99   1.00000000000000E-99
 45   43     1.00000000000000E-99   1.00000000000000E-99
 46   43     1.00000000000000E-99   1.00000000000000E-99
 47   43     1.00000000000000E-99   1.00000000000000E-99
 48   43     1.00000000000000E-99   1.00000000000000E-99
 49   43     1.00000000000000E-99   1.00000000000000E-99
 50   43     1.00000000000000E-99   1.00000000000000E-99
 51   43     1.00000000000000E-99   1.00000000000000E-99
 52   43     1.00000000000000E-99   1.00000000000000E-99
 53   43     1.00000000000000E-99   1.00000000000000E-99
 54   43     1.00000000000000E-99   1.00000000000000E-99
 55   43     1.00000000000000E-99   1.00000000000000E-99
 56   43     3.47722363725991E-09   3.44245140088731E-07
 57   43     9.83278177635939E-13   9.83278177635939E-11
 58   43     1.15745608227445E-06   1.16903064309719E-04
 59   43     1.43924040229944E-07   1.46802521034543E-05
 60   43     8.37330988485226E-06   8.62450918139783E-04
 61   43     1.48749197523275E-05   1.54699165424206E-03
 62   43     2.33768872228456E-05   2.45457315839879E-03
 63   43     4.41547887941407E-06   4.68040761217891E-04
 64   43     9.79400817720894E-07   1.04795887496136E-04
 65   43     6.26698070592523E-09   6.76833916239925E-07
 66   43     9.29024581335646E-10   1.01263679365585E-07
 67   43     1.06824286948188E-09   1.17506715643006E-07
 68   43     2.89764301611456E-10   3.21638374788716E-08
 69   43     2.84589760067796E-10   3.18740531275931E-08
 70   43     1.48373381349334E-10   1.67661920924747E-08
 71   43     1.15103331448162E-10   1.31217797850905E-08
 72   43     4.21750306670744E-11   4.85012852671356E-09
 73   43     1.56179927495374E-11   1.81168715894634E-09
 74   43     1.02420466033411E-11   1.19831945259091E-09
 75   43     1.49889258277432E-12   1.76869324767369E-10
 76   43     2.98964375181684E-13   3.55767606466204E-11
 77   43     3.23319356437303E-14   3.87983227724763E-12
 78   43     3.58191110757851E-15   4.33411244016999E-13
 79   43     2.15596264515425E-16   2.63027442708818E-14
 80   43     3.91355866118197E-18   4.81367715325382E-16
 81   43     2.36714020265300E-19   2.93525385128973E-17
 82   43     5.08467826626698E-21   6.35584783283372E-19
 83   43     3.23283723821988E-23   4.07337492015704E-21
 84   43     2.53033811626925E-24   3.21352940766194E-22
 85   43     1.00000000000000E-99   1.00000000000000E-99
 86   43     1.00000000000000E-99   1.00000000000000E-99
 87   43     1.00000000000000E-99   1.00000000000000E-99
 88   43     1.00000000000000E-99   1.00000000000000E-99
 89   43     1.00000000000000E-99   1.00000000000000E-99
 90   43     1.00000000000000E-99   1.00000000000000E-99
 91   43     1.00000000000000E-99   1.00000000000000E-99
 92   43     1.00000000000000E-99   1.00000000000000E-99
 93   43     1.00000000000000E-99   1.00000000000000E-99
 94   43     1.00000000000000E-99   1.00000000000000E-99
 95   43     1.00000000000000E-99   1.00000000000000E-99
 96   43     1.00000000000000E-99   1.00000000000000E-99
 97   43     1.00000000000000E-99   1.00000000000000E-99
 98   43     1.00000000000000E-99   1.00000000000000E-99
 99   43     1.00000000000000E-99   1.00000000000000E-99
100   43     1.00000000000000E-99   1.00000000000000E-99
101   43     1.00000000000000E-99   1.00000000000000E-99
102   43     1.00000000000000E-99   1.00000000000000E-99
103   43     1.00000000000000E-99   1.00000000000000E-99
104   43     1.00000000000000E-99   1.00000000000000E-99
 37   44     1.00000000000000E-99   1.00000000000000E-99
 38   44     1.00000000000000E-99   1.00000000000000E-99
 39   44     1.00000000000000E-99   1.00000000000000E-99
 40   44     1.00000000000000E-99   1.00000000000000E-99
 41   44     1.00000000000000E-99   1.00000000000000E-99
 42   44     1.00000000000000E-99   1.00000000000000E-99
 43   44     1.00000000000000E-99   1.00000000000000E-99
 44   44     1.00000000000000E-99   1.00000000000000E-99
 45   44     1.00000000000000E-99   1.00000000000000E-99
 46   44     1.00000000000000E-99   1.00000000000000E-99
 47   44     1.00000000000000E-99   1.00000000000000E-99
 48   44     1.00000000000000E-99   1.00000000000000E-99
 49   44     1.00000000000000E-99   1.00000000000000E-99
 50   44     1.00000000000000E-99   1.00000000000000E-99
 51   44     1.00000000000000E-99   1.00000000000000E-99
 52   44     1.00000000000000E-99   1.00000000000000E-99
 53   44     1.00000000000000E-99   1.00000000000000E-99
 54   44     1.00000000000000E-99   1.00000000000000E-99
 55   44     1.54647024713559E-20   1.53100554466423E-18
 56   44     5.46108525755305E-12   5.46108525755305E-10
 57   44     4.57645456134619E-08   4.62221910695965E-06
 58   44     1.72624185761203E-06   1.76076669476427E-04
 59   44     8.41528151043203E-06   8.66773995574500E-04
 60   44     5.63248583790688E-07   5.85778527142316E-05
 61   44     2.45854651947761E-06   2.58147384545149E-04
 62   44     2.04119699715284E-05   2.16366881698201E-03
 63   44     1.86527039045725E-05   1.99583931778925E-03
 64   44     1.65980395098740E-05   1.79258826706640E-03
 65   44     4.54894269146521E-06   4.95834753369708E-04
 66   44     1.00796850901727E-07   1.10876535991900E-05
 67   44     1.98672713660056E-09   2.20526712162662E-07
 68   44     1.87833419229612E-09   2.10373429537166E-07
 69   44     9.69023978418275E-10   1.09499709561265E-07
 70   44     5.31832904313238E-10   6.06289510917092E-08
 71   44     2.83807404657704E-10   3.26378515356359E-08
 72   44     1.55642162543366E-10   1.80544908550304E-08
 73   44     7.56833354533784E-11   8.85495024804528E-09
 74   44     3.96934993530749E-11   4.68383292366284E-09
 75   44     1.95020078201174E-11   2.32073893059397E-09
 76   44     1.04288791738907E-11   1.25146550086688E-09
 77   44     1.30003741825473E-12   1.57304527608823E-10
 78   44     2.92844781952919E-13   3.57270633982561E-11
 79   44     2.68015304900575E-14   3.29658825027707E-12
 80   44     3.73310311314044E-15   4.62904786029415E-13
 81   44     1.53849267793664E-16   1.92311584742080E-14
 82   44     5.31453811456170E-18   6.69631802434774E-16
 83   44     4.85392105799231E-20   6.16447974365023E-18
 84   44     2.95307193378000E-21   3.77993207523840E-19
 85   44     2.96295232674784E-23   3.82220850150472E-21
 86   44     2.45810065335080E-24   3.19553084935603E-22
 87   44     1.00000000000000E-99   1.00000000000000E-99
 88   44     1.00000000000000E-99   1.00000000000000E-99
 89   44     1.00000000000000E-99   1.00000000000000E-99
 90   44     1.00000000000000E-99   1.00000000000000E-99
 91   44     1.00000000000000E-99   1.00000000000000E-99
 92   44     1.00000000000000E-99   1.00000000000000E-99
 93   44     1.00000000000000E-99   1.00000000000000E-99
 94   44     1.00000000000000E-99   1.00000000000000E-99
 95   44     1.00000000000000E-99   1.00000000000000E-99
 96   44     1.00000000000000E-99   1.00000000000000E-99
 97   44     1.00000000000000E-99   1.00000000000000E-99
 98   44     1.00000000000000E-99   1.00000000000000E-99
 99   44     1.00000000000000E-99   1.00000000000000E-99
100   44     1.00000000000000E-99   1.00000000000000E-99
101   44     1.00000000000000E-99   1.00000000000000E-99
102   44     1.00000000000000E-99   1.00000000000000E-99
103   44     1.00000000000000E-99   1.00000000000000E-99
104   44     1.00000000000000E-99   1.00000000000000E-99
105   44     1.00000000000000E-99   1.00000000000000E-99
106   44     1.00000000000000E-99   1.00000000000000E-99
 38   45     1.00000000000000E-99   1.00000000000000E-99
 39   45     1.00000000000000E-99   1.00000000000000E-99
 40   45     1.00000000000000E-99   1.00000000000000E-99
 41   45     1.00000000000000E-99   1.00000000000000E-99
 42   45     1.00000000000000E-99   1.00000000000000E-99
 43   45     1.00000000000000E-99   1.00000000000000E-99
 44   45     1.00000000000000E-99   1.00000000000000E-99
 45   45     1.00000000000000E-99   1.00000000000000E-99
 46   45     1.00000000000000E-99   1.00000000000000E-99
 47   45     1.00000000000000E-99   1.00000000000000E-99
 48   45     1.00000000000000E-99   1.00000000000000E-99
 49   45     1.00000000000000E-99   1.00000000000000E-99
 50   45     1.00000000000000E-99   1.00000000000000E-99
 51   45     1.00000000000000E-99   1.00000000000000E-99
 52   45     1.00000000000000E-99   1.00000000000000E-99
 53   45     1.00000000000000E-99   1.00000000000000E-99
 54   45     1.00000000000000E-99   1.00000000000000E-99
 55   45     1.00000000000000E-99   1.00000000000000E-99
 56   45     1.00000000000000E-99   1.00000000000000E-99
 57   45     1.00000000000000E-99   1.00000000000000E-99
 58   45     7.13666388117656E-11   7.35076379761185E-09
 59   45     3.52892686548255E-14   3.67008394010186E-12
 60   45     4.21708019926181E-09   4.42793420922490E-07
 61   45     1.43214683426389E-11   1.51807564431972E-09
 62   45     4.59821700393452E-06   4.92009219420994E-04
 63   45     1.05641437636109E-06   1.14092752646997E-04
 64   45     1.76164122659275E-05   1.92018893698609E-03
 65   45     1.06044727634440E-06   1.16649200397884E-04
 66   45     8.79740922189568E-08   9.76512423630420E-06
 67   45     5.61405211213529E-09   6.28773836559153E-07
 68   45     3.79873026833351E-09   4.29256520321687E-07
 69   45     2.06578767086730E-09   2.35499794478872E-07
 70   45     9.84558650022266E-10   1.13224244752561E-07
 71   45     6.47145924442081E-10   7.50689272352814E-08
 72   45     3.60795806454583E-10   4.22131093551862E-08
 73   45     1.85180021148797E-10   2.18512424955581E-08
 74   45     8.85060757065192E-11   1.05322230090758E-08
 75   45     4.47783807966470E-11   5.37340569559764E-09
 76   45     2.62148608225435E-11   3.17199815952777E-09
 77   45     5.39095460379154E-12   6.57696461662568E-10
 78   45     1.82212471141831E-12   2.24121339504452E-10
 79   45     2.22306242319480E-13   2.75659740476155E-11
 80   45     3.95405635597185E-14   4.94257044496481E-12
 81   45     4.51214544933503E-15   5.68530326616213E-13
 82   45     4.33628493028230E-16   5.50708186145853E-14
 83   45     4.91749412029367E-18   6.29439247397590E-16
 84   45     3.83322912142815E-19   4.94486556664232E-17
 85   45     1.38704597531910E-20   1.80315976791483E-18
 86   45     1.89179480354193E-22   2.47825119263993E-20
 87   45     8.35190966281304E-25   1.10245207549132E-22
 88   45     1.00000000000000E-99   1.00000000000000E-99
 89   45     1.00000000000000E-99   1.00000000000000E-99
 90   45     1.00000000000000E-99   1.00000000000000E-99
 91   45     1.00000000000000E-99   1.00000000000000E-99
 92   45     1.00000000000000E-99   1.00000000000000E-99
 93   45     1.00000000000000E-99   1.00000000000000E-99
 94   45     1.00000000000000E-99   1.00000000000000E-99
 95   45     1.00000000000000E-99   1.00000000000000E-99
 96   45     1.00000000000000E-99   1.00000000000000E-99
 97   45     1.00000000000000E-99   1.00000000000000E-99
 98   45     1.00000000000000E-99   1.00000000000000E-99
 99   45     1.00000000000000E-99   1.00000000000000E-99
100   45     1.00000000000000E-99   1.00000000000000E-99
101   45     1.00000000000000E-99   1.00000000000000E-99
102   45     1.00000000000000E-99   1.00000000000000E-99
103   45     1.00000000000000E-99   1.00000000000000E-99
104   45     1.00000000000000E-99   1.00000000000000E-99
105   45     1.00000000000000E-99   1.00000000000000E-99
106   45     1.00000000000000E-99   1.00000000000000E-99
107   45     1.00000000000000E-99   1.00000000000000E-99
108   45     1.00000000000000E-99   1.00000000000000E-99
 40   46     1.00000000000000E-99   1.00000000000000E-99
 41   46     1.00000000000000E-99   1.00000000000000E-99
 42   46     1.00000000000000E-99   1.00000000000000E-99
 43   46     1.00000000000000E-99   1.00000000000000E-99
 44   46     1.00000000000000E-99   1.00000000000000E-99
 45   46     1.00000000000000E-99   1.00000000000000E-99
 46   46     1.00000000000000E-99   1.00000000000000E-99
 47   46     1.00000000000000E-99   1.00000000000000E-99
 48   46     1.00000000000000E-99   1.00000000000000E-99
 49   46     1.00000000000000E-99   1.00000000000000E-99
 50   46     1.00000000000000E-99   1.00000000000000E-99
 51   46     1.00000000000000E-99   1.00000000000000E-99
 52   46     1.00000000000000E-99   1.00000000000000E-99
 53   46     1.00000000000000E-99   1.00000000000000E-99
 54   46     1.00000000000000E-99   1.00000000000000E-99
 55   46     1.00000000000000E-99   1.00000000000000E-99
 56   46     1.00000000000000E-99   1.00000000000000E-99
 57   46     1.00000000000000E-99   1.00000000000000E-99
 58   46     2.51596318242943E-14   2.61660170972661E-12
 59   46     6.48256216705758E-13   6.80669027541046E-11
 60   46     1.42366142197831E-11   1.50908110729701E-09
 61   46     1.04894787443521E-07   1.12237422564568E-05
 62   46     3.49167957068432E-06   3.77101393633907E-04
 63   46     1.32701837128442E-05   1.44645002470002E-03
 64   46     3.20010103885893E-05   3.52011114274482E-03
 65   46     3.74196376102318E-05   4.15357977473573E-03
 66   46     2.44265890005450E-05   2.73577796806104E-03
 67   46     1.60753162944711E-05   1.81651074127524E-03
 68   46     1.97254140951182E-05   2.24869720684347E-03
 69   46     1.46676905859424E-06   1.68678441738337E-04
 70   46     9.25872481185922E-08   1.07401207817567E-05
 71   46     4.45784776403574E-09   5.21568188392181E-07
 72   46     1.59119490174768E-09   1.87760998406226E-07
 73   46     6.10727968997884E-10   7.26766283107482E-08
 74   46     2.82689946420213E-10   3.39227935704256E-08
 75   46     1.18095882300946E-10   1.42896017584145E-08
 76   46     4.81156482018063E-11   5.87010908062037E-09
 77   46     2.73676239344596E-11   3.36621774393854E-09
 78   46     2.85976877467199E-12   3.54611328059327E-10
 79   46     5.11540873792840E-12   6.39426092241050E-10
 80   46     2.94606817447802E-12   3.71204589984230E-10
 81   46     4.29505374035510E-13   5.45471825025098E-11
 82   46     1.05777786946089E-13   1.35395567290994E-11
 83   46     1.93963974512820E-15   2.50213527121538E-13
 84   46     1.77167815722470E-16   2.30318160439211E-14
 85   46     4.48794362284787E-18   5.87920614593071E-16
 86   46     2.88821757704335E-19   3.81244720169722E-17
 87   46     7.56697134403423E-21   1.00640718875655E-18
 88   46     9.12403713972206E-23   1.22262097672276E-20
 89   46     3.57579841293724E-24   4.82732785746528E-22
 90   46     1.00000000000000E-99   1.00000000000000E-99
 91   46     1.00000000000000E-99   1.00000000000000E-99
 92   46     1.00000000000000E-99   1.00000000000000E-99
 93   46     1.00000000000000E-99   1.00000000000000E-99
 94   46     1.00000000000000E-99   1.00000000000000E-99
 95   46     1.00000000000000E-99   1.00000000000000E-99
 96   46     1.00000000000000E-99   1.00000000000000E-99
 97   46     1.00000000000000E-99   1.00000000000000E-99
 98   46     1.00000000000000E-99   1.00000000000000E-99
 99   46     1.00000000000000E-99   1.00000000000000E-99
100   46     1.00000000000000E-99   1.00000000000000E-99
101   46     1.00000000000000E-99   1.00000000000000E-99
102   46     1.00000000000000E-99   1.00000000000000E-99
103   46     1.00000000000000E-99   1.00000000000000E-99
104   46     1.00000000000000E-99   1.00000000000000E-99
105   46     1.00000000000000E-99   1.00000000000000E-99
106   46     1.00000000000000E-99   1.00000000000000E-99
107   46     1.00000000000000E-99   1.00000000000000E-99
108   46     1.00000000000000E-99   1.00000000000000E-99
109   46     1.00000000000000E-99   1.00000000000000E-99
110   46     1.00000000000000E-99   1.00000000000000E-99
 41   47     1.00000000000000E-99   1.00000000000000E-99
 42   47     1.00000000000000E-99   1.00000000000000E-99
 43   47     1.00000000000000E-99   1.00000000000000E-99
 44   47     1.00000000000000E-99   1.00000000000000E-99
 45   47     1.00000000000000E-99   1.00000000000000E-99
 46   47     1.00000000000000E-99   1.00000000000000E-99
 47   47     1.00000000000000E-99   1.00000000000000E-99
 48   47     1.00000000000000E-99   1.00000000000000E-99
 49   47     1.00000000000000E-99   1.00000000000000E-99
 50   47     1.00000000000000E-99   1.00000000000000E-99
 51   47     1.00000000000000E-99   1.00000000000000E-99
 52   47     1.00000000000000E-99   1.00000000000000E-99
 53   47     1.00000000000000E-99   1.00000000000000E-99
 54   47     1.00000000000000E-99   1.00000000000000E-99
 55   47     1.00000000000000E-99   1.00000000000000E-99
 56   47     1.00000000000000E-99   1.00000000000000E-99
 57   47     1.00000000000000E-99   1.00000000000000E-99
 58   47     1.00000000000000E-99   1.00000000000000E-99
 59   47     1.00000000000000E-99   1.00000000000000E-99
 60   47     1.04438143740920E-20   1.11748813802784E-18
 61   47     1.00000000000000E-99   1.00000000000000E-99
 62   47     8.12771654622321E-09   8.85921103538330E-07
 63   47     4.75469917822776E-12   5.23016909605053E-10
 64   47     1.63648431192975E-06   1.81649758624203E-04
 65   47     2.38429411462229E-08   2.67040940837697E-06
 66   47     1.77142050482270E-05   2.00170517044965E-03
 67   47     6.46575302909504E-07   7.37095845316835E-05
 68   47     2.24612240825617E-05   2.58304076949460E-03
 69   47     2.29886145472219E-05   2.66667928747774E-03
 70   47     1.66674625223806E-05   1.95009311511853E-03
 71   47     3.93206300633813E-09   4.63983434747899E-07
 72   47     4.21749281433941E-09   5.01881644906390E-07
 73   47     7.66798695543158E-10   9.20158434651789E-08
 74   47     3.87193431783965E-10   4.68504052458597E-08
 75   47     2.03801663270958E-10   2.48638029190569E-08
 76   47     8.96923212731603E-11   1.10321555165987E-08
 77   47     3.64473270056143E-11   4.51946854869618E-09
 78   47     2.23129000855514E-11   2.78911251069393E-09
 79   47     8.01483619594031E-12   1.00986936068848E-09
 80   47     3.93652707047894E-12   4.99938937950825E-10
 81   47     8.81300394396062E-13   1.12806450482696E-10
 82   47     2.48581327399607E-13   3.20669912345494E-11
 83   47     7.87481786348597E-14   1.02372632225318E-11
 84   47     6.72005071444709E-15   8.80326643592569E-13
 85   47     7.65323024456259E-16   1.01022639228226E-13
 86   47     3.53306546268672E-17   4.69897706537334E-15
 87   47     5.97714099188293E-19   8.00936892912312E-17
 88   47     5.17709411569904E-20   6.98907705619371E-18
 89   47     9.37417073524525E-22   1.27488721999335E-19
 90   47     2.81622746545670E-23   3.85823162767568E-21
 91   47     1.63716087759182E-24   2.25928201107671E-22
 92   47     1.00000000000000E-99   1.00000000000000E-99
 93   47     1.00000000000000E-99   1.00000000000000E-99
 94   47     1.00000000000000E-99   1.00000000000000E-99
 95   47     1.00000000000000E-99   1.00000000000000E-99
 96   47     1.00000000000000E-99   1.00000000000000E-99
 97   47     1.00000000000000E-99   1.00000000000000E-99
 98   47     1.00000000000000E-99   1.00000000000000E-99
 99   47     1.00000000000000E-99   1.00000000000000E-99
100   47     1.00000000000000E-99   1.00000000000000E-99
101   47     1.00000000000000E-99   1.00000000000000E-99
102   47     1.00000000000000E-99   1.00000000000000E-99
103   47     1.00000000000000E-99   1.00000000000000E-99
104   47     1.00000000000000E-99   1.00000000000000E-99
105   47     1.00000000000000E-99   1.00000000000000E-99
106   47     1.00000000000000E-99   1.00000000000000E-99
107   47     1.00000000000000E-99   1.00000000000000E-99
108   47     1.00000000000000E-99   1.00000000000000E-99
109   47     1.00000000000000E-99   1.00000000000000E-99
110   47     1.00000000000000E-99   1.00000000000000E-99
111   47     1.00000000000000E-99   1.00000000000000E-99
112   47     1.00000000000000E-99   1.00000000000000E-99
113   47     1.00000000000000E-99   1.00000000000000E-99
 42   48     1.00000000000000E-99   1.00000000000000E-99
 43   48     1.00000000000000E-99   1.00000000000000E-99
 44   48     1.00000000000000E-99   1.00000000000000E-99
 45   48     1.00000000000000E-99   1.00000000000000E-99
 46   48     1.00000000000000E-99   1.00000000000000E-99
 47   48     1.00000000000000E-99   1.00000000000000E-99
 48   48     1.00000000000000E-99   1.00000000000000E-99
 49   48     1.00000000000000E-99   1.00000000000000E-99
 50   48     1.00000000000000E-99   1.00000000000000E-99
 51   48     1.00000000000000E-99   1.00000000000000E-99
 52   48     1.00000000000000E-99   1.00000000000000E-99
 53   48     1.00000000000000E-99   1.00000000000000E-99
 54   48     1.00000000000000E-99   1.00000000000000E-99
 55   48     1.00000000000000E-99   1.00000000000000E-99
 56   48     1.00000000000000E-99   1.00000000000000E-99
 57   48     1.00000000000000E-99   1.00000000000000E-99
 58   48     1.00000000000000E-99   1.00000000000000E-99
 59   48     1.00000000000000E-99   1.00000000000000E-99
 60   48     1.00000000000000E-99   1.00000000000000E-99
 61   48     1.00000000000000E-99   1.00000000000000E-99
 62   48     5.84335338595437E-12   6.42768872454981E-10
 63   48     7.98288946869404E-11   8.86100731025038E-09
 64   48     7.37123367107178E-11   8.25578171160040E-09
 65   48     3.61076176633413E-08   4.08016079595757E-06
 66   48     1.17400849628868E-05   1.33836968576909E-03
 67   48     9.87263558176969E-07   1.13535309190351E-04
 68   48     6.66430632262096E-06   7.73059533424031E-04
 69   48     2.58185477418051E-05   3.02077008579119E-03
 70   48     2.96887547287657E-05   3.50327305799435E-03
 71   48     2.18364015869102E-05   2.59853178884231E-03
 72   48     6.52624709377073E-06   7.83149651252487E-04
 73   48     2.67596254965003E-07   3.23791468507653E-05
 74   48     2.61570448417204E-09   3.19115947068989E-07
 75   48     7.30266825478621E-10   8.98228195338703E-08
 76   48     3.38743471891894E-10   4.20041905145949E-08
 77   48     1.41304835729315E-10   1.76631044661644E-08
 78   48     8.31326258276281E-11   1.04747108542811E-08
 79   48     4.41792794464818E-11   5.61076848970318E-09
 80   48     2.34488810299300E-11   3.00145677183104E-09
 81   48     1.46027086368148E-11   1.88374941414912E-09
 82   48     4.97099410054232E-12   6.46229233070502E-10
 83   48     1.01753387692194E-12   1.33296937876774E-10
 84   48     5.54994860550550E-13   7.32593215926726E-11
 85   48     9.37250787203223E-14   1.24654354698029E-11
 86   48     1.34522462047537E-14   1.80260099143700E-12
 87   48     1.17797559758155E-15   1.59026705673510E-13
 88   48     5.80097375578026E-17   7.88932430786116E-15
 89   48     6.70448052671049E-19   9.18513832159337E-17
 90   48     8.83195144005798E-20   1.21880929872800E-17
 91   48     3.26551642932797E-22   4.53906783676588E-20
 92   48     2.15019983216821E-23   3.01027976503550E-21
 93   48     2.27054014155667E-24   3.20146159959490E-22
 94   48     1.00000000000000E-99   1.00000000000000E-99
 95   48     1.00000000000000E-99   1.00000000000000E-99
 96   48     1.00000000000000E-99   1.00000000000000E-99
 97   48     1.00000000000000E-99   1.00000000000000E-99
 98   48     1.00000000000000E-99   1.00000000000000E-99
 99   48     1.00000000000000E-99   1.00000000000000E-99
100   48     1.00000000000000E-99   1.00000000000000E-99
101   48     1.00000000000000E-99   1.00000000000000E-99
102   48     1.00000000000000E-99   1.00000000000000E-99
103   48     1.00000000000000E-99   1.00000000000000E-99
104   48     1.00000000000000E-99   1.00000000000000E-99
105   48     1.00000000000000E-99   1.00000000000000E-99
106   48     1.00000000000000E-99   1.00000000000000E-99
107   48     1.00000000000000E-99   1.00000000000000E-99
108   48     1.00000000000000E-99   1.00000000000000E-99
109   48     1.00000000000000E-99   1.00000000000000E-99
110   48     1.00000000000000E-99   1.00000000000000E-99
111   48     1.00000000000000E-99   1.00000000000000E-99
112   48     1.00000000000000E-99   1.00000000000000E-99
113   48     1.00000000000000E-99   1.00000000000000E-99
114   48     1.00000000000000E-99   1.00000000000000E-99
115   48     1.00000000000000E-99   1.00000000000000E-99
 43   49     1.00000000000000E-99   1.00000000000000E-99
 44   49     1.00000000000000E-99   1.00000000000000E-99
 45   49     1.00000000000000E-99   1.00000000000000E-99
 46   49     1.00000000000000E-99   1.00000000000000E-99
 47   49     1.00000000000000E-99   1.00000000000000E-99
 48   49     1.00000000000000E-99   1.00000000000000E-99
 49   49     1.00000000000000E-99   1.00000000000000E-99
 50   49     1.00000000000000E-99   1.00000000000000E-99
 51   49     1.00000000000000E-99   1.00000000000000E-99
 52   49     1.00000000000000E-99   1.00000000000000E-99
 53   49     1.00000000000000E-99   1.00000000000000E-99
 54   49     1.00000000000000E-99   1.00000000000000E-99
 55   49     1.00000000000000E-99   1.00000000000000E-99
 56   49     1.00000000000000E-99   1.00000000000000E-99
 57   49     1.00000000000000E-99   1.00000000000000E-99
 58   49     1.00000000000000E-99   1.00000000000000E-99
 59   49     1.00000000000000E-99   1.00000000000000E-99
 60   49     1.00000000000000E-99   1.00000000000000E-99
 61   49     1.00000000000000E-99   1.00000000000000E-99
 62   49     1.00000000000000E-99   1.00000000000000E-99
 63   49     1.00000000000000E-99   1.00000000000000E-99
 64   49     1.00000000000000E-99   1.00000000000000E-99
 65   49     1.00000000000000E-99   1.00000000000000E-99
 66   49     1.50049680233059E-10   1.72557132268018E-08
 67   49     3.34043304804413E-14   3.87490233573119E-12
 68   49     1.14398815228727E-07   1.33846613817610E-05
 69   49     4.92251932387491E-08   5.80857280217240E-06
 70   49     8.88795537848375E-06   1.05766669003957E-03
 71   49     4.21259029933344E-07   5.05510835920013E-05
 72   49     4.94716499206932E-06   5.98606964040387E-04
 73   49     8.38391947750615E-10   1.02283817625575E-07
 74   49     3.46009033229647E-09   4.25591110872466E-07
 75   49     9.56410542694085E-10   1.18594907294067E-07
 76   49     5.51658591616514E-10   6.89573239520642E-08
 77   49     2.90909054061187E-10   3.66545408117096E-08
 78   49     1.78726442963765E-10   2.26982582563981E-08
 79   49     1.25697805822058E-10   1.60893191452234E-08
 80   49     8.83314547743752E-11   1.13947576658944E-08
 81   49     3.71686356924921E-11   4.83192264002398E-09
 82   49     3.12576572446583E-11   4.09475309905023E-09
 83   49     1.51563913895281E-11   2.00064366341771E-09
 84   49     6.96860906846766E-12   9.26825006106199E-10
 85   49     2.75023797523278E-12   3.68531888681193E-10
 86   49     6.16958721882274E-13   8.32894274541070E-11
 87   49     2.73203670515342E-14   3.71556991900864E-12
 88   49     4.15819421354327E-15   5.69672607255428E-13
 89   49     2.05841143327235E-16   2.84060777791584E-14
 90   49     1.22616706160881E-17   1.70437221563624E-15
 91   49     3.54061834582986E-19   4.95686568416180E-17
 92   49     3.00043542068779E-20   4.23061394316979E-18
 93   49     1.70772730655376E-22   2.42497277530634E-20
 94   49     1.71875907074762E-23   2.45782547116910E-21
 95   49     1.00000000000000E-99   1.00000000000000E-99
 96   49     1.00000000000000E-99   1.00000000000000E-99
 97   49     1.00000000000000E-99   1.00000000000000E-99
 98   49     1.00000000000000E-99   1.00000000000000E-99
 99   49     1.00000000000000E-99   1.00000000000000E-99
100   49     1.00000000000000E-99   1.00000000000000E-99
101   49     1.00000000000000E-99   1.00000000000000E-99
102   49     1.00000000000000E-99   1.00000000000000E-99
103   49     1.00000000000000E-99   1.00000000000000E-99
104   49     1.00000000000000E-99   1.00000000000000E-99
105   49     1.00000000000000E-99   1.00000000000000E-99
106   49     1.00000000000000E-99   1.00000000000000E-99
107   49     1.00000000000000E-99   1.00000000000000E-99
108   49     1.00000000000000E-99   1.00000000000000E-99
109   49     1.00000000000000E-99   1.00000000000000E-99
110   49     1.00000000000000E-99   1.00000000000000E-99
111   49     1.00000000000000E-99   1.00000000000000E-99
112   49     1.00000000000000E-99   1.00000000000000E-99
113   49     1.00000000000000E-99   1.00000000000000E-99
114   49     1.00000000000000E-99   1.00000000000000E-99
115   49     1.00000000000000E-99   1.00000000000000E-99
116   49     1.00000000000000E-99   1.00000000000000E-99
117   49     1.00000000000000E-99   1.00000000000000E-99
 44   50     1.00000000000000E-99   1.00000000000000E-99
 45   50     1.00000000000000E-99   1.00000000000000E-99
 46   50     1.00000000000000E-99   1.00000000000000E-99
 47   50     1.00000000000000E-99   1.00000000000000E-99
 48   50     1.00000000000000E-99   1.00000000000000E-99
 49   50     1.00000000000000E-99   1.00000000000000E-99
 50   50     1.00000000000000E-99   1.00000000000000E-99
 51   50     1.00000000000000E-99   1.00000000000000E-99
 52   50     1.00000000000000E-99   1.00000000000000E-99
 53   50     1.00000000000000E-99   1.00000000000000E-99
 54   50     1.00000000000000E-99   1.00000000000000E-99
 55   50     1.00000000000000E-99   1.00000000000000E-99
 56   50     1.00000000000000E-99   1.00000000000000E-99
 57   50     1.00000000000000E-99   1.00000000000000E-99
 58   50     1.00000000000000E-99   1.00000000000000E-99
 59   50     1.00000000000000E-99   1.00000000000000E-99
 60   50     1.00000000000000E-99   1.00000000000000E-99
 61   50     1.00000000000000E-99   1.00000000000000E-99
 62   50     1.00000000000000E-99   1.00000000000000E-99
 63   50     1.00000000000000E-99   1.00000000000000E-99
 64   50     1.00000000000000E-99   1.00000000000000E-99
 65   50     1.00000000000000E-99   1.00000000000000E-99
 66   50     8.32247219032895E-14   9.65406774078158E-12
 67   50     1.10967571201418E-09   1.29832058305659E-07
 68   50     6.20302922969594E-07   7.31957449104121E-05
 69   50     2.45595191500829E-06   2.92258277885987E-04
 70   50     1.94901912227599E-05   2.33882294673119E-03
 71   50     4.74042027892922E-05   5.73590853750436E-03
 72   50     2.58948062624095E-05   3.15916636401396E-03
 73   50     4.44821317057619E-05   5.47130219980872E-03
 74   50     2.51931227077274E-05   3.12394721575820E-03
 75   50     7.51931759893520E-05   9.39914699866899E-03
 76   50     9.96418723879817E-05   1.25548759208857E-02
 77   50     1.05791794612973E-04   1.34355579158476E-02
 78   50     8.74696478590081E-05   1.11961149259530E-02
 79   50     6.23713595991788E-05   8.04590538829406E-03
 80   50     4.88658572115056E-05   6.35256143749573E-03
 81   50     2.78971531443631E-05   3.65452706191156E-03
 82   50     1.41675065975404E-05   1.87011087087533E-03
 83   50     2.96649004178379E-10   3.94543175557244E-08
 84   50     1.79223475878347E-10   2.40159457676985E-08
 85   50     5.69414185156342E-11   7.68709149961061E-09
 86   50     1.43519274214249E-11   1.95186212931379E-09
 87   50     4.29664110710824E-12   5.88639831673829E-10
 88   50     6.20069327992094E-13   8.55695672629090E-11
 89   50     7.80185699009212E-14   1.08445812162281E-11
 90   50     1.11912177008839E-14   1.56677047812374E-12
 91   50     4.68518335887740E-16   6.60610853601713E-14
 92   50     1.94741722140361E-17   2.76533245439312E-15
 93   50     5.60761508485212E-19   8.01888957133853E-17
 94   50     4.72821758941746E-20   6.80863332876114E-18
 95   50     1.98266594100445E-22   2.87486561445645E-20
 96   50     1.56334311020880E-23   2.28248094090485E-21
 97   50     1.00000000000000E-99   1.00000000000000E-99
 98   50     1.00000000000000E-99   1.00000000000000E-99
 99   50     1.00000000000000E-99   1.00000000000000E-99
100   50     1.00000000000000E-99   1.00000000000000E-99
101   50     1.00000000000000E-99   1.00000000000000E-99
102   50     1.00000000000000E-99   1.00000000000000E-99
103   50     1.00000000000000E-99   1.00000000000000E-99
104   50     1.00000000000000E-99   1.00000000000000E-99
105   50     1.00000000000000E-99   1.00000000000000E-99
106   50     1.00000000000000E-99   1.00000000000000E-99
107   50     1.00000000000000E-99   1.00000000000000E-99
108   50     1.00000000000000E-99   1.00000000000000E-99
109   50     1.00000000000000E-99   1.00000000000000E-99
110   50     1.00000000000000E-99   1.00000000000000E-99
111   50     1.00000000000000E-99   1.00000000000000E-99
112   50     1.00000000000000E-99   1.00000000000000E-99
113   50     1.00000000000000E-99   1.00000000000000E-99
114   50     1.00000000000000E-99   1.00000000000000E-99
115   50     1.00000000000000E-99   1.00000000000000E-99
116   50     1.00000000000000E-99   1.00000000000000E-99
117   50     1.00000000000000E-99   1.00000000000000E-99
118   50     1.00000000000000E-99   1.00000000000000E-99
119   50     1.00000000000000E-99   1.00000000000000E-99
 46   51     1.00000000000000E-99   1.00000000000000E-99
 47   51     1.00000000000000E-99   1.00000000000000E-99
 48   51     1.00000000000000E-99   1.00000000000000E-99
 49   51     1.00000000000000E-99   1.00000000000000E-99
 50   51     1.00000000000000E-99   1.00000000000000E-99
 51   51     1.00000000000000E-99   1.00000000000000E-99
 52   51     1.00000000000000E-99   1.00000000000000E-99
 53   51     1.00000000000000E-99   1.00000000000000E-99
 54   51     1.00000000000000E-99   1.00000000000000E-99
 55   51     1.00000000000000E-99   1.00000000000000E-99
 56   51     1.00000000000000E-99   1.00000000000000E-99
 57   51     1.00000000000000E-99   1.00000000000000E-99
 58   51     1.00000000000000E-99   1.00000000000000E-99
 59   51     1.00000000000000E-99   1.00000000000000E-99
 60   51     1.00000000000000E-99   1.00000000000000E-99
 61   51     1.00000000000000E-99   1.00000000000000E-99
 62   51     1.00000000000000E-99   1.00000000000000E-99
 63   51     1.00000000000000E-99   1.00000000000000E-99
 64   51     1.00000000000000E-99   1.00000000000000E-99
 65   51     1.00000000000000E-99   1.00000000000000E-99
 66   51     1.00000000000000E-99   1.00000000000000E-99
 67   51     1.00000000000000E-99   1.00000000000000E-99
 68   51     1.00000000000000E-99   1.00000000000000E-99
 69   51     1.00000000000000E-99   1.00000000000000E-99
 70   51     2.07892335131514E-08   2.51549725509132E-06
 71   51     1.97473658300751E-11   2.40917863126917E-09
 72   51     2.59467091047435E-10   3.19144521988345E-08
 73   51     3.53875524646433E-13   4.38805650561577E-11
 74   51     6.39938247484155E-09   7.99922809355194E-07
 75   51     1.52671811101114E-11   1.92366481987404E-09
 76   51     1.02251294251656E-06   1.29859143699604E-04
 77   51     1.82032357023194E-06   2.33001416989688E-04
 78   51     4.54474546377476E-05   5.86272164826944E-03
 79   51     1.89164268619117E-05   2.45913549204852E-03
 80   51     7.41588003536561E-05   9.71480284632895E-03
 81   51     5.82834772889428E-05   7.69341900214045E-03
 82   51     3.88663268681763E-05   5.16922147346744E-03
 83   51     3.08859950145222E-10   4.13872333194597E-08
 84   51     6.89356027826748E-10   9.30630637566110E-08
 85   51     3.16194385156469E-10   4.30024363812799E-08
 86   51     1.13733351647205E-10   1.55814691756671E-08
 87   51     4.76727051262448E-11   6.57883330742178E-09
 88   51     5.62406128878270E-12   7.81744519140796E-10
 89   51     1.03758563272897E-12   1.45261988582056E-10
 90   51     1.43883844726459E-13   2.02876221064307E-11
 91   51     1.21836403302384E-14   1.73007692689385E-12
 92   51     1.81998697719193E-15   2.60258137738446E-13
 93   51     1.02070729514983E-16   1.46981850501576E-14
 94   51     3.97840120553249E-18   5.76868174802210E-16
 95   51     1.47493270411186E-19   2.15340174800332E-17
 96   51     1.29407862846742E-20   1.90229558384710E-18
 97   51     7.43230019112320E-23   1.09998042828623E-20
 98   51     5.43245354554931E-24   8.09435578286847E-22
 99   51     1.00000000000000E-99   1.00000000000000E-99
100   51     1.00000000000000E-99   1.00000000000000E-99
101   51     1.00000000000000E-99   1.00000000000000E-99
102   51     1.00000000000000E-99   1.00000000000000E-99
103   51     1.00000000000000E-99   1.00000000000000E-99
104   51     1.00000000000000E-99   1.00000000000000E-99
105   51     1.00000000000000E-99   1.00000000000000E-99
106   51     1.00000000000000E-99   1.00000000000000E-99
107   51     1.00000000000000E-99   1.00000000000000E-99
108   51     1.00000000000000E-99   1.00000000000000E-99
109   51     1.00000000000000E-99   1.00000000000000E-99
110   51     1.00000000000000E-99   1.00000000000000E-99
111   51     1.00000000000000E-99   1.00000000000000E-99
112   51     1.00000000000000E-99   1.00000000000000E-99
113   51     1.00000000000000E-99   1.00000000000000E-99
114   51     1.00000000000000E-99   1.00000000000000E-99
115   51     1.00000000000000E-99   1.00000000000000E-99
116   51     1.00000000000000E-99   1.00000000000000E-99
117   51     1.00000000000000E-99   1.00000000000000E-99
118   51     1.00000000000000E-99   1.00000000000000E-99
119   51     1.00000000000000E-99   1.00000000000000E-99
120   51     1.00000000000000E-99   1.00000000000000E-99
121   51     1.00000000000000E-99   1.00000000000000E-99
 47   52     1.00000000000000E-99   1.00000000000000E-99
 48   52     1.00000000000000E-99   1.00000000000000E-99
 49   52     1.00000000000000E-99   1.00000000000000E-99
 50   52     1.00000000000000E-99   1.00000000000000E-99
 51   52     1.00000000000000E-99   1.00000000000000E-99
 52   52     1.00000000000000E-99   1.00000000000000E-99
 53   52     1.00000000000000E-99   1.00000000000000E-99
 54   52     1.00000000000000E-99   1.00000000000000E-99
 55   52     1.00000000000000E-99   1.00000000000000E-99
 56   52     1.00000000000000E-99   1.00000000000000E-99
 57   52     1.00000000000000E-99   1.00000000000000E-99
 58   52     1.00000000000000E-99   1.00000000000000E-99
 59   52     1.00000000000000E-99   1.00000000000000E-99
 60   52     1.00000000000000E-99   1.00000000000000E-99
 61   52     1.00000000000000E-99   1.00000000000000E-99
 62   52     1.00000000000000E-99   1.00000000000000E-99
 63   52     1.00000000000000E-99   1.00000000000000E-99
 64   52     1.00000000000000E-99   1.00000000000000E-99
 65   52     1.00000000000000E-99   1.00000000000000E-99
 66   52     1.00000000000000E-99   1.00000000000000E-99
 67   52     1.00000000000000E-99   1.00000000000000E-99
 68   52     1.00000000000000E-99   1.00000000000000E-99
 69   52     1.00000000000000E-99   1.00000000000000E-99
 70   52     2.60809428095902E-15   3.18187502277000E-13
 71   52     9.13636351208003E-19   1.12377271198584E-16
 72   52     3.18126104997359E-18   3.94476370196725E-16
 73   52     2.61858333785314E-15   3.27322917231642E-13
 74   52     8.10964218489793E-16   1.02181491529714E-13
 75   52     1.12189716785086E-10   1.42480940317059E-08
 76   52     2.06813119136261E-09   2.64720792494414E-07
 77   52     1.15198636691600E-07   1.48606241332164E-05
 78   52     3.14796579247608E-07   4.09235553021890E-05
 79   52     2.41295819909916E-06   3.16097524081990E-04
 80   52     1.89307954899432E-05   2.49886500467250E-03
 81   52     2.80303814684871E-05   3.72804073530879E-03
 82   52     1.10742365970115E-04   1.48394770399954E-02
 83   52     1.21555528642467E-06   1.64099963667330E-04
 84   52     1.84327873628917E-06   2.50685908135327E-04
 85   52     1.65823763767591E-09   2.27178556361599E-07
 86   52     7.67001544599463E-10   1.05846213154726E-07
 87   52     6.11209948519662E-10   8.49581828442331E-08
 88   52     3.14875811623608E-10   4.40826136273051E-08
 89   52     5.52277950992740E-11   7.78711910899764E-09
 90   52     9.30834174308367E-12   1.32178452751788E-09
 91   52     8.86274503064046E-13   1.26737253938159E-10
 92   52     1.74650232866083E-13   2.51496335327160E-11
 93   52     2.00828271323213E-14   2.91200993418659E-12
 94   52     2.16336344492478E-15   3.15851062959019E-13
 95   52     7.49775442361104E-17   1.10216990027082E-14
 96   52     3.11392919834869E-18   4.60861521355606E-16
 97   52     1.19269925213037E-19   1.77712188567425E-17
 98   52     1.15389951638199E-21   1.73084927457299E-19
 99   52     4.89657662872294E-23   7.39383070937164E-21
100   52     1.00000000000000E-99   1.00000000000000E-99
101   52     1.00000000000000E-99   1.00000000000000E-99
102   52     1.00000000000000E-99   1.00000000000000E-99
103   52     1.00000000000000E-99   1.00000000000000E-99
104   52     1.00000000000000E-99   1.00000000000000E-99
105   52     1.00000000000000E-99   1.00000000000000E-99
106   52     1.00000000000000E-99   1.00000000000000E-99
107   52     1.00000000000000E-99   1.00000000000000E-99
108   52     1.00000000000000E-99   1.00000000000000E-99
109   52     1.00000000000000E-99   1.00000000000000E-99
110   52     1.00000000000000E-99   1.00000000000000E-99
111   52     1.00000000000000E-99   1.00000000000000E-99
112   52     1.00000000000000E-99   1.00000000000000E-99
113   52     1.00000000000000E-99   1.00000000000000E-99
114   52     1.00000000000000E-99   1.00000000000000E-99
115   52     1.00000000000000E-99   1.00000000000000E-99
116   52     1.00000000000000E-99   1.00000000000000E-99
117   52     1.00000000000000E-99   1.00000000000000E-99
118   52     1.00000000000000E-99   1.00000000000000E-99
119   52     1.00000000000000E-99   1.00000000000000E-99
120   52     1.00000000000000E-99   1.00000000000000E-99
121   52     1.00000000000000E-99   1.00000000000000E-99
122   52     1.00000000000000E-99   1.00000000000000E-99
123   52     1.00000000000000E-99   1.00000000000000E-99
124   52     1.00000000000000E-99   1.00000000000000E-99
 48   53     1.00000000000000E-99   1.00000000000000E-99
 49   53     1.00000000000000E-99   1.00000000000000E-99
 50   53     1.00000000000000E-99   1.00000000000000E-99
 51   53     1.00000000000000E-99   1.00000000000000E-99
 52   53     1.00000000000000E-99   1.00000000000000E-99
 53   53     1.00000000000000E-99   1.00000000000000E-99
 54   53     1.00000000000000E-99   1.00000000000000E-99
 55   53     1.00000000000000E-99   1.00000000000000E-99
 56   53     1.00000000000000E-99   1.00000000000000E-99
 57   53     1.00000000000000E-99   1.00000000000000E-99
 58   53     1.00000000000000E-99   1.00000000000000E-99
 59   53     1.00000000000000E-99   1.00000000000000E-99
 60   53     1.00000000000000E-99   1.00000000000000E-99
 61   53     1.00000000000000E-99   1.00000000000000E-99
 62   53     1.00000000000000E-99   1.00000000000000E-99
 63   53     1.00000000000000E-99   1.00000000000000E-99
 64   53     1.00000000000000E-99   1.00000000000000E-99
 65   53     1.00000000000000E-99   1.00000000000000E-99
 66   53     1.00000000000000E-99   1.00000000000000E-99
 67   53     1.00000000000000E-99   1.00000000000000E-99
 68   53     1.00000000000000E-99   1.00000000000000E-99
 69   53     1.00000000000000E-99   1.00000000000000E-99
 70   53     1.00000000000000E-99   1.00000000000000E-99
 71   53     1.00000000000000E-99   1.00000000000000E-99
 72   53     1.00000000000000E-99   1.00000000000000E-99
 73   53     1.00000000000000E-99   1.00000000000000E-99
 74   53     8.13867824247031E-14   1.03361213679373E-11
 75   53     4.67640790941104E-17   5.98580212404613E-15
 76   53     7.11853216222548E-10   9.18290648927086E-08
 77   53     2.87429254402615E-13   3.73658030723399E-11
 78   53     4.44847412056698E-08   5.82750109794274E-06
 79   53     2.02941373035220E-09   2.67882612406490E-07
 80   53     1.65026769352597E-06   2.19485603238954E-04
 81   53     3.21012272559647E-06   4.30156445229927E-04
 82   53     5.32098204199815E-05   7.18332575669750E-03
 83   53     5.78106504310034E-05   7.86224845861646E-03
 84   53     3.48114643645976E-06   4.76917061794987E-04
 85   53     7.46666924736894E-09   1.03040035613691E-06
 86   53     2.07569389221523E-09   2.88521451017916E-07
 87   53     7.21530324919474E-10   1.01014245488726E-07
 88   53     2.82844449712263E-10   3.98810674094291E-08
 89   53     9.43540098683354E-11   1.33982694013036E-08
 90   53     2.65350252652100E-11   3.79450861292502E-09
 91   53     1.03827321559425E-11   1.49511343045571E-09
 92   53     1.96689057091094E-12   2.85199132782086E-10
 93   53     3.71200019418509E-13   5.41952028351023E-11
 94   53     4.07992451768607E-14   5.99748904099852E-12
 95   53     3.59333784526507E-15   5.31814001099230E-13
 96   53     3.48272589652486E-16   5.18926158582204E-14
 97   53     8.92927157210800E-18   1.33939073581620E-15
 98   53     4.27817088328161E-19   6.46003803375523E-17
 99   53     2.69032500624322E-20   4.08929400948970E-18
100   53     1.91507870413718E-22   2.93007041732989E-20
101   53     1.10098091058178E-23   1.69551060229594E-21
102   53     1.00000000000000E-99   1.00000000000000E-99
103   53     1.00000000000000E-99   1.00000000000000E-99
104   53     1.00000000000000E-99   1.00000000000000E-99
105   53     1.00000000000000E-99   1.00000000000000E-99
106   53     1.00000000000000E-99   1.00000000000000E-99
107   53     1.00000000000000E-99   1.00000000000000E-99
108   53     1.00000000000000E-99   1.00000000000000E-99
109   53     1.00000000000000E-99   1.00000000000000E-99
110   53     1.00000000000000E-99   1.00000000000000E-99
111   53     1.00000000000000E-99   1.00000000000000E-99
112   53     1.00000000000000E-99   1.00000000000000E-99
113   53     1.00000000000000E-99   1.00000000000000E-99
114   53     1.00000000000000E-99   1.00000000000000E-99
115   53     1.00000000000000E-99   1.00000000000000E-99
116   53     1.00000000000000E-99   1.00000000000000E-99
117   53     1.00000000000000E-99   1.00000000000000E-99
118   53     1.00000000000000E-99   1.00000000000000E-99
119   53     1.00000000000000E-99   1.00000000000000E-99
120   53     1.00000000000000E-99   1.00000000000000E-99
121   53     1.00000000000000E-99   1.00000000000000E-99
122   53     1.00000000000000E-99   1.00000000000000E-99
123   53     1.00000000000000E-99   1.00000000000000E-99
124   53     1.00000000000000E-99   1.00000000000000E-99
125   53     1.00000000000000E-99   1.00000000000000E-99
126   53     1.00000000000000E-99   1.00000000000000E-99
 49   54     1.00000000000000E-99   1.00000000000000E-99
 50   54     1.00000000000000E-99   1.00000000000000E-99
 51   54     1.00000000000000E-99   1.00000000000000E-99
 52   54     1.00000000000000E-99   1.00000000000000E-99
 53   54     1.00000000000000E-99   1.00000000000000E-99
 54   54     1.00000000000000E-99   1.00000000000000E-99
 55   54     1.00000000000000E-99   1.00000000000000E-99
 56   54     1.00000000000000E-99   1.00000000000000E-99
 57   54     1.00000000000000E-99   1.00000000000000E-99
 58   54     1.00000000000000E-99   1.00000000000000E-99
 59   54     1.00000000000000E-99   1.00000000000000E-99
 60   54     1.00000000000000E-99   1.00000000000000E-99
 61   54     1.00000000000000E-99   1.00000000000000E-99
 62   54     1.00000000000000E-99   1.00000000000000E-99
 63   54     1.00000000000000E-99   1.00000000000000E-99
 64   54     1.00000000000000E-99   1.00000000000000E-99
 65   54     1.00000000000000E-99   1.00000000000000E-99
 66   54     1.00000000000000E-99   1.00000000000000E-99
 67   54     1.00000000000000E-99   1.00000000000000E-99
 68   54     1.00000000000000E-99   1.00000000000000E-99
 69   54     1.00000000000000E-99   1.00000000000000E-99
 70   54     1.00000000000000E-99   1.00000000000000E-99
 71   54     1.00000000000000E-99   1.00000000000000E-99
 72   54     1.00000000000000E-99   1.00000000000000E-99
 73   54     1.00000000000000E-99   1.00000000000000E-99
 74   54     7.59016077377941E-19   9.71540579043765E-17
 75   54     1.89434724886019E-22   2.44370795102964E-20
 76   54     1.86824062915452E-16   2.42871281790087E-14
 77   54     1.28081187765466E-12   1.67786355972761E-10
 78   54     5.11937045775083E-12   6.75756900423110E-10
 79   54     6.10611718628074E-10   8.12113585775339E-08
 80   54     3.74610307394347E-08   5.01977811908426E-06
 81   54     1.24347019208449E-07   1.67868475931407E-05
 82   54     5.91198796145894E-05   8.04030362758416E-03
 83   54     4.66316885966630E-05   6.38854133774284E-03
 84   54     6.33628022369514E-05   8.74406670869929E-03
 85   54     3.76845986898889E-06   5.23815921789456E-04
 86   54     4.65222213465200E-07   6.51311098851280E-05
 87   54     2.10583083005271E-09   2.96922147037432E-07
 88   54     1.18493530177552E-09   1.68260812852123E-07
 89   54     3.60559328381882E-10   5.15599839586092E-08
 90   54     2.11806470180212E-10   3.05001317059506E-08
 91   54     6.19506744391629E-11   8.98284779367862E-09
 92   54     2.38000634482748E-11   3.47480926344811E-09
 93   54     6.19312976313840E-12   9.10390075181345E-10
 94   54     4.05164914523911E-12   5.99644073495388E-10
 95   54     4.12383010410626E-13   6.14450685511833E-11
 96   54     4.59090815643216E-14   6.88636223464823E-12
 97   54     3.23781136577512E-15   4.88909516232043E-13
 98   54     1.41200915207406E-16   2.14625391115257E-14
 99   54     3.43690363341382E-18   5.25846255912314E-16
100   54     2.09343091418315E-19   3.22388360784205E-17
101   54     1.83389123587489E-21   2.84253141560608E-19
102   54     8.02927426490484E-23   1.25256678532516E-20
103   54     4.41059085512648E-24   6.92462764254857E-22
104   54     1.00000000000000E-99   1.00000000000000E-99
105   54     1.00000000000000E-99   1.00000000000000E-99
106   54     1.00000000000000E-99   1.00000000000000E-99
107   54     1.00000000000000E-99   1.00000000000000E-99
108   54     1.00000000000000E-99   1.00000000000000E-99
109   54     1.00000000000000E-99   1.00000000000000E-99
110   54     1.00000000000000E-99   1.00000000000000E-99
111   54     1.00000000000000E-99   1.00000000000000E-99
112   54     1.00000000000000E-99   1.00000000000000E-99
113   54     1.00000000000000E-99   1.00000000000000E-99
114   54     1.00000000000000E-99   1.00000000000000E-99
115   54     1.00000000000000E-99   1.00000000000000E-99
116   54     1.00000000000000E-99   1.00000000000000E-99
117   54     1.00000000000000E-99   1.00000000000000E-99
118   54     1.00000000000000E-99   1.00000000000000E-99
119   54     1.00000000000000E-99   1.00000000000000E-99
120   54     1.00000000000000E-99   1.00000000000000E-99
121   54     1.00000000000000E-99   1.00000000000000E-99
122   54     1.00000000000000E-99   1.00000000000000E-99
123   54     1.00000000000000E-99   1.00000000000000E-99
124   54     1.00000000000000E-99   1.00000000000000E-99
125   54     1.00000000000000E-99   1.00000000000000E-99
126   54     1.00000000000000E-99   1.00000000000000E-99
127   54     1.00000000000000E-99   1.00000000000000E-99
128   54     1.00000000000000E-99   1.00000000000000E-99
 51   55     1.00000000000000E-99   1.00000000000000E-99
 52   55     1.00000000000000E-99   1.00000000000000E-99
 53   55     1.00000000000000E-99   1.00000000000000E-99
 54   55     1.00000000000000E-99   1.00000000000000E-99
 55   55     1.00000000000000E-99   1.00000000000000E-99
 56   55     1.00000000000000E-99   1.00000000000000E-99
 57   55     1.00000000000000E-99   1.00000000000000E-99
 58   55     1.00000000000000E-99   1.00000000000000E-99
 59   55     1.00000000000000E-99   1.00000000000000E-99
 60   55     1.00000000000000E-99   1.00000000000000E-99
 61   55     1.00000000000000E-99   1.00000000000000E-99
 62   55     1.00000000000000E-99   1.00000000000000E-99
 63   55     1.00000000000000E-99   1.00000000000000E-99
 64   55     1.00000000000000E-99   1.00000000000000E-99
 65   55     1.00000000000000E-99   1.00000000000000E-99
 66   55     1.00000000000000E-99   1.00000000000000E-99
 67   55     1.00000000000000E-99   1.00000000000000E-99
 68   55     1.00000000000000E-99   1.00000000000000E-99
 69   55     1.00000000000000E-99   1.00000000000000E-99
 70   55     1.00000000000000E-99   1.00000000000000E-99
 71   55     1.00000000000000E-99   1.00000000000000E-99
 72   55     1.00000000000000E-99   1.00000000000000E-99
 73   55     1.00000000000000E-99   1.00000000000000E-99
 74   55     1.00000000000000E-99   1.00000000000000E-99
 75   55     1.00000000000000E-99   1.00000000000000E-99
 76   55     1.00000000000000E-99   1.00000000000000E-99
 77   55     1.00000000000000E-99   1.00000000000000E-99
 78   55     2.73986531531744E-14   3.64402086937219E-12
 79   55     3.84302521158373E-16   5.14965378352220E-14
 80   55     1.13622673012872E-10   1.53390608567378E-08
 81   55     3.39013016112315E-13   4.61057701912748E-11
 82   55     1.17410148160674E-05   1.60851902980123E-03
 83   55     5.09771953766050E-06   7.03485296197149E-04
 84   55     1.67426060882586E-05   2.32722224626794E-03
 85   55     3.36205955420924E-05   4.70688337589293E-03
 86   55     4.09671817181902E-06   5.77637262226482E-04
 87   55     2.01095647838093E-09   2.85555819930093E-07
 88   55     1.93536535348445E-09   2.76757245548276E-07
 89   55     1.03108058599546E-09   1.48475604383346E-07
 90   55     5.13913112058257E-10   7.45174012484472E-08
 91   55     2.08287037094057E-10   3.04099074157323E-08
 92   55     9.59767694578207E-11   1.41085851102996E-08
 93   55     3.13514803658147E-11   4.64001909414058E-09
 94   55     8.34773455332045E-12   1.24381244844475E-09
 95   55     1.64407967741953E-12   2.46611951612930E-10
 96   55     3.44024492150422E-13   5.19476983147137E-11
 97   55     3.74600864001637E-14   5.69393313282488E-12
 98   55     4.86404544756504E-15   7.44198953477451E-13
 99   55     3.72810431729004E-16   5.74128064862666E-14
100   55     1.55719215175059E-17   2.41364783521342E-15
101   55     4.57967352344370E-19   7.14429069657217E-17
102   55     2.92448478768434E-20   4.59144111666441E-18
103   55     2.09195790573126E-22   3.30529349105540E-20
104   55     1.15043654479956E-23   1.82919410623130E-21
105   55     1.00000000000000E-99   1.00000000000000E-99
106   55     1.00000000000000E-99   1.00000000000000E-99
107   55     1.00000000000000E-99   1.00000000000000E-99
108   55     1.00000000000000E-99   1.00000000000000E-99
109   55     1.00000000000000E-99   1.00000000000000E-99
110   55     1.00000000000000E-99   1.00000000000000E-99
111   55     1.00000000000000E-99   1.00000000000000E-99
112   55     1.00000000000000E-99   1.00000000000000E-99
113   55     1.00000000000000E-99   1.00000000000000E-99
114   55     1.00000000000000E-99   1.00000000000000E-99
115   55     1.00000000000000E-99   1.00000000000000E-99
116   55     1.00000000000000E-99   1.00000000000000E-99
117   55     1.00000000000000E-99   1.00000000000000E-99
118   55     1.00000000000000E-99   1.00000000000000E-99
119   55     1.00000000000000E-99   1.00000000000000E-99
120   55     1.00000000000000E-99   1.00000000000000E-99
121   55     1.00000000000000E-99   1.00000000000000E-99
122   55     1.00000000000000E-99   1.00000000000000E-99
123   55     1.00000000000000E-99   1.00000000000000E-99
124   55     1.00000000000000E-99   1.00000000000000E-99
125   55     1.00000000000000E-99   1.00000000000000E-99
126   55     1.00000000000000E-99   1.00000000000000E-99
127   55     1.00000000000000E-99   1.00000000000000E-99
128   55     1.00000000000000E-99   1.00000000000000E-99
129   55     1.00000000000000E-99   1.00000000000000E-99
130   55     1.00000000000000E-99   1.00000000000000E-99
 52   56     1.00000000000000E-99   1.00000000000000E-99
 53   56     1.00000000000000E-99   1.00000000000000E-99
 54   56     1.00000000000000E-99   1.00000000000000E-99
 55   56     1.00000000000000E-99   1.00000000000000E-99
 56   56     1.00000000000000E-99   1.00000000000000E-99
 57   56     1.00000000000000E-99   1.00000000000000E-99
 58   56     1.00000000000000E-99   1.00000000000000E-99
 59   56     1.00000000000000E-99   1.00000000000000E-99
 60   56     1.00000000000000E-99   1.00000000000000E-99
 61   56     1.00000000000000E-99   1.00000000000000E-99
 62   56     1.00000000000000E-99   1.00000000000000E-99
 63   56     1.00000000000000E-99   1.00000000000000E-99
 64   56     1.00000000000000E-99   1.00000000000000E-99
 65   56     1.00000000000000E-99   1.00000000000000E-99
 66   56     1.00000000000000E-99   1.00000000000000E-99
 67   56     1.00000000000000E-99   1.00000000000000E-99
 68   56     1.00000000000000E-99   1.00000000000000E-99
 69   56     1.00000000000000E-99   1.00000000000000E-99
 70   56     1.00000000000000E-99   1.00000000000000E-99
 71   56     1.00000000000000E-99   1.00000000000000E-99
 72   56     1.00000000000000E-99   1.00000000000000E-99
 73   56     1.00000000000000E-99   1.00000000000000E-99
 74   56     1.00000000000000E-99   1.00000000000000E-99
 75   56     1.00000000000000E-99   1.00000000000000E-99
 76   56     1.00000000000000E-99   1.00000000000000E-99
 77   56     1.00000000000000E-99   1.00000000000000E-99
 78   56     1.10246319553899E-22   1.47730068202225E-20
 79   56     1.75639483988674E-22   2.37113303384710E-20
 80   56     1.02436811797187E-16   1.39314064044174E-14
 81   56     3.74311838080627E-13   5.12807218170459E-11
 82   56     8.76209744465392E-08   1.20916944736224E-05
 83   56     1.40896286251487E-06   1.95845837889567E-04
 84   56     4.93081733587628E-05   6.90314427022679E-03
 85   56     6.39623474158512E-05   9.01869098563502E-03
 86   56     4.70875124940246E-05   6.68642677415150E-03
 87   56     3.61766645606893E-07   5.17326303217857E-05
 88   56     1.12821667506348E-07   1.62463201209141E-05
 89   56     5.30616513506247E-09   7.69393944584058E-07
 90   56     2.39754485763810E-09   3.50041549215162E-07
 91   56     7.04070050530141E-10   1.03498297427931E-07
 92   56     3.81220847677518E-10   5.64206854562726E-08
 93   56     1.37793435438074E-10   2.05312218802731E-08
 94   56     6.86340750367158E-11   1.02951112555074E-08
 95   56     3.06608816728166E-11   4.62979313259531E-09
 96   56     1.05354818703298E-11   1.60139324429013E-09
 97   56     1.87119105033120E-12   2.86292230700673E-10
 98   56     3.40175844722609E-13   5.23870800872817E-11
 99   56     2.91487844396538E-14   4.51806158814633E-12
100   56     3.82700179587185E-15   5.97012280156008E-13
101   56     1.42674927852771E-16   2.23999636728851E-14
102   56     6.94209308475445E-18   1.09685070739120E-15
103   56     1.51501351494869E-19   2.40887148876842E-17
104   56     2.93964583006771E-21   4.70343332810834E-19
105   56     4.85725525195963E-23   7.82018095565500E-21
106   56     4.73150428178658E-25   7.66503693649426E-23
107   56     1.00000000000000E-99   1.00000000000000E-99
108   56     1.00000000000000E-99   1.00000000000000E-99
109   56     1.00000000000000E-99   1.00000000000000E-99
110   56     1.00000000000000E-99   1.00000000000000E-99
111   56     1.00000000000000E-99   1.00000000000000E-99
112   56     1.00000000000000E-99   1.00000000000000E-99
113   56     1.00000000000000E-99   1.00000000000000E-99
114   56     1.00000000000000E-99   1.00000000000000E-99
115   56     1.00000000000000E-99   1.00000000000000E-99
116   56     1.00000000000000E-99   1.00000000000000E-99
117   56     1.00000000000000E-99   1.00000000000000E-99
118   56     1.00000000000000E-99   1.00000000000000E-99
119   56     1.00000000000000E-99   1.00000000000000E-99
120   56     1.00000000000000E-99   1.00000000000000E-99
121   56     1.00000000000000E-99   1.00000000000000E-99
122   56     1.00000000000000E-99   1.00000000000000E-99
123   56     1.00000000000000E-99   1.00000000000000E-99
124   56     1.00000000000000E-99   1.00000000000000E-99
125   56     1.00000000000000E-99   1.00000000000000E-99
126   56     1.00000000000000E-99   1.00000000000000E-99
127   56     1.00000000000000E-99   1.00000000000000E-99
128   56     1.00000000000000E-99   1.00000000000000E-99
129   56     1.00000000000000E-99   1.00000000000000E-99
130   56     1.00000000000000E-99   1.00000000000000E-99
131   56     1.00000000000000E-99   1.00000000000000E-99
132   56     1.00000000000000E-99   1.00000000000000E-99
133   56     1.00000000000000E-99   1.00000000000000E-99
 53   57     1.00000000000000E-99   1.00000000000000E-99
 54   57     1.00000000000000E-99   1.00000000000000E-99
 55   57     1.00000000000000E-99   1.00000000000000E-99
 56   57     1.00000000000000E-99   1.00000000000000E-99
 57   57     1.00000000000000E-99   1.00000000000000E-99
 58   57     1.00000000000000E-99   1.00000000000000E-99
 59   57     1.00000000000000E-99   1.00000000000000E-99
 60   57     1.00000000000000E-99   1.00000000000000E-99
 61   57     1.00000000000000E-99   1.00000000000000E-99
 62   57     1.00000000000000E-99   1.00000000000000E-99
 63   57     1.00000000000000E-99   1.00000000000000E-99
 64   57     1.00000000000000E-99   1.00000000000000E-99
 65   57     1.00000000000000E-99   1.00000000000000E-99
 66   57     1.00000000000000E-99   1.00000000000000E-99
 67   57     1.00000000000000E-99   1.00000000000000E-99
 68   57     1.00000000000000E-99   1.00000000000000E-99
 69   57     1.00000000000000E-99   1.00000000000000E-99
 70   57     1.00000000000000E-99   1.00000000000000E-99
 71   57     1.00000000000000E-99   1.00000000000000E-99
 72   57     1.00000000000000E-99   1.00000000000000E-99
 73   57     1.00000000000000E-99   1.00000000000000E-99
 74   57     1.00000000000000E-99   1.00000000000000E-99
 75   57     1.00000000000000E-99   1.00000000000000E-99
 76   57     1.00000000000000E-99   1.00000000000000E-99
 77   57     1.00000000000000E-99   1.00000000000000E-99
 78   57     1.00000000000000E-99   1.00000000000000E-99
 79   57     1.00000000000000E-99   1.00000000000000E-99
 80   57     4.90006257070163E-23   6.71308572186123E-21
 81   57     3.62975840323384E-18   5.00906659646271E-16
 82   57     7.73810390514068E-09   1.07559644281455E-06
 83   57     1.59887084835582E-09   2.23841918769814E-07
 84   57     3.02813718792208E-06   4.26967343497013E-04
 85   57     5.47574706632189E-06   7.77556083417709E-04
 86   57     4.13972828907459E-05   5.91981145337667E-03
 87   57     9.77841266062990E-06   1.40809142313071E-03
 88   57     3.17091672698931E-06   4.59782925413450E-04
 89   57     1.05628249255675E-08   1.54217243913285E-06
 90   57     4.24596523435227E-09   6.24156889449784E-07
 91   57     1.05882717908582E-09   1.56706422504701E-07
 92   57     7.23369472009875E-10   1.07782051329471E-07
 93   57     4.70243879616911E-10   7.05365819425366E-08
 94   57     3.43842948128263E-10   5.19202851673677E-08
 95   57     6.88766066542193E-11   1.04692442114413E-08
 96   57     2.16691212904760E-11   3.31537555744283E-09
 97   57     5.81539661610008E-12   8.95571078879412E-10
 98   57     1.34751513306022E-12   2.08864845624335E-10
 99   57     2.21611406373378E-13   3.45713793942470E-11
100   57     3.17955453936974E-14   4.99190062681049E-12
101   57     3.89783415720045E-15   6.15857796837671E-13
102   57     2.88388094734413E-16   4.58537070627717E-14
103   57     1.40878996239541E-17   2.25406393983266E-15
104   57     3.13209072676694E-19   5.04266607009478E-17
105   57     1.31160752150236E-20   2.12480418483382E-18
106   57     2.52795441525975E-22   4.12056569687340E-20
107   57     1.09824665086450E-23   1.80112450741777E-21
108   57     1.68491584956330E-25   2.78011115177945E-23
109   57     1.00000000000000E-99   1.00000000000000E-99
110   57     1.00000000000000E-99   1.00000000000000E-99
111   57     1.00000000000000E-99   1.00000000000000E-99
112   57     1.00000000000000E-99   1.00000000000000E-99
113   57     1.00000000000000E-99   1.00000000000000E-99
114   57     1.00000000000000E-99   1.00000000000000E-99
115   57     1.00000000000000E-99   1.00000000000000E-99
116   57     1.00000000000000E-99   1.00000000000000E-99
117   57     1.00000000000000E-99   1.00000000000000E-99
118   57     1.00000000000000E-99   1.00000000000000E-99
119   57     1.00000000000000E-99   1.00000000000000E-99
120   57     1.00000000000000E-99   1.00000000000000E-99
121   57     1.00000000000000E-99   1.00000000000000E-99
122   57     1.00000000000000E-99   1.00000000000000E-99
123   57     1.00000000000000E-99   1.00000000000000E-99
124   57     1.00000000000000E-99   1.00000000000000E-99
125   57     1.00000000000000E-99   1.00000000000000E-99
126   57     1.00000000000000E-99   1.00000000000000E-99
127   57     1.00000000000000E-99   1.00000000000000E-99
128   57     1.00000000000000E-99   1.00000000000000E-99
129   57     1.00000000000000E-99   1.00000000000000E-99
130   57     1.00000000000000E-99   1.00000000000000E-99
131   57     1.00000000000000E-99   1.00000000000000E-99
132   57     1.00000000000000E-99   1.00000000000000E-99
133   57     1.00000000000000E-99   1.00000000000000E-99
134   57     1.00000000000000E-99   1.00000000000000E-99
135   57     1.00000000000000E-99   1.00000000000000E-99
 55   58     1.00000000000000E-99   1.00000000000000E-99
 56   58     1.00000000000000E-99   1.00000000000000E-99
 57   58     1.00000000000000E-99   1.00000000000000E-99
 58   58     1.00000000000000E-99   1.00000000000000E-99
 59   58     1.00000000000000E-99   1.00000000000000E-99
 60   58     1.00000000000000E-99   1.00000000000000E-99
 61   58     1.00000000000000E-99   1.00000000000000E-99
 62   58     1.00000000000000E-99   1.00000000000000E-99
 63   58     1.00000000000000E-99   1.00000000000000E-99
 64   58     1.00000000000000E-99   1.00000000000000E-99
 65   58     1.00000000000000E-99   1.00000000000000E-99
 66   58     1.00000000000000E-99   1.00000000000000E-99
 67   58     1.00000000000000E-99   1.00000000000000E-99
 68   58     1.00000000000000E-99   1.00000000000000E-99
 69   58     1.00000000000000E-99   1.00000000000000E-99
 70   58     1.00000000000000E-99   1.00000000000000E-99
 71   58     1.00000000000000E-99   1.00000000000000E-99
 72   58     1.00000000000000E-99   1.00000000000000E-99
 73   58     1.00000000000000E-99   1.00000000000000E-99
 74   58     1.00000000000000E-99   1.00000000000000E-99
 75   58     1.00000000000000E-99   1.00000000000000E-99
 76   58     1.00000000000000E-99   1.00000000000000E-99
 77   58     1.00000000000000E-99   1.00000000000000E-99
 78   58     1.00000000000000E-99   1.00000000000000E-99
 79   58     1.00000000000000E-99   1.00000000000000E-99
 80   58     1.00000000000000E-99   1.00000000000000E-99
 81   58     1.00000000000000E-99   1.00000000000000E-99
 82   58     2.52679448001582E-13   3.53751227202215E-11
 83   58     6.20574606952535E-09   8.75010195803074E-07
 84   58     3.62571628892061E-08   5.14851713026726E-06
 85   58     2.88869857310658E-06   4.13083895954240E-04
 86   58     3.14900408464677E-05   4.53456588189135E-03
 87   58     3.45138181427096E-05   5.00450363069290E-03
 88   58     4.17952357348454E-05   6.10210441728742E-03
 89   58     1.80616470487456E-05   2.65506211616561E-03
 90   58     1.22762255652705E-05   1.81688138366004E-03
 91   58     5.02399914497493E-09   7.48575872601265E-07
 92   58     3.04884303127138E-09   4.57326454690706E-07
 93   58     1.02853799187674E-09   1.55309236773388E-07
 94   58     5.50779071000531E-10   8.37184187920808E-08
 95   58     4.85052050794563E-10   7.42129637715681E-08
 96   58     2.27506262399373E-10   3.50359644095034E-08
 97   58     6.03462333165887E-11   9.35366616407125E-09
 98   58     2.31927603127100E-11   3.61807060878276E-09
 99   58     5.25289448758404E-12   8.24704434550695E-10
100   58     1.46235360291183E-12   2.31051869260069E-10
101   58     2.48164839537700E-13   3.94582094864943E-11
102   58     3.57483841669327E-14   5.71974146670923E-12
103   58     3.05547197335255E-15   4.91930987709760E-13
104   58     2.06595710884427E-16   3.34685051632771E-14
105   58     9.12242540158043E-18   1.48695534045761E-15
106   58     1.94355955921997E-19   3.18743767712075E-17
107   58     9.98669426439855E-21   1.64780455362576E-18
108   58     2.21207296709011E-22   3.67204112536958E-20
109   58     6.20655012240844E-24   1.03649387044221E-21
110   58     1.00000000000000E-99   1.00000000000000E-99
111   58     1.00000000000000E-99   1.00000000000000E-99
112   58     1.00000000000000E-99   1.00000000000000E-99
113   58     1.00000000000000E-99   1.00000000000000E-99
114   58     1.00000000000000E-99   1.00000000000000E-99
115   58     1.00000000000000E-99   1.00000000000000E-99
116   58     1.00000000000000E-99   1.00000000000000E-99
117   58     1.00000000000000E-99   1.00000000000000E-99
118   58     1.00000000000000E-99   1.00000000000000E-99
119   58     1.00000000000000E-99   1.00000000000000E-99
120   58     1.00000000000000E-99   1.00000000000000E-99
121   58     1.00000000000000E-99   1.00000000000000E-99
122   58     1.00000000000000E-99   1.00000000000000E-99
123   58     1.00000000000000E-99   1.00000000000000E-99
124   58     1.00000000000000E-99   1.00000000000000E-99
125   58     1.00000000000000E-99   1.00000000000000E-99
126   58     1.00000000000000E-99   1.00000000000000E-99
127   58     1.00000000000000E-99   1.00000000000000E-99
128   58     1.00000000000000E-99   1.00000000000000E-99
129   58     1.00000000000000E-99   1.00000000000000E-99
130   58     1.00000000000000E-99   1.00000000000000E-99
131   58     1.00000000000000E-99   1.00000000000000E-99
132   58     1.00000000000000E-99   1.00000000000000E-99
133   58     1.00000000000000E-99   1.00000000000000E-99
134   58     1.00000000000000E-99   1.00000000000000E-99
135   58     1.00000000000000E-99   1.00000000000000E-99
136   58     1.00000000000000E-99   1.00000000000000E-99
137   58     1.00000000000000E-99   1.00000000000000E-99
 56   59     1.00000000000000E-99   1.00000000000000E-99
 57   59     1.00000000000000E-99   1.00000000000000E-99
 58   59     1.00000000000000E-99   1.00000000000000E-99
 59   59     1.00000000000000E-99   1.00000000000000E-99
 60   59     1.00000000000000E-99   1.00000000000000E-99
 61   59     1.00000000000000E-99   1.00000000000000E-99
 62   59     1.00000000000000E-99   1.00000000000000E-99
 63   59     1.00000000000000E-99   1.00000000000000E-99
 64   59     1.00000000000000E-99   1.00000000000000E-99
 65   59     1.00000000000000E-99   1.00000000000000E-99
 66   59     1.00000000000000E-99   1.00000000000000E-99
 67   59     1.00000000000000E-99   1.00000000000000E-99
 68   59     1.00000000000000E-99   1.00000000000000E-99
 69   59     1.00000000000000E-99   1.00000000000000E-99
 70   59     1.00000000000000E-99   1.00000000000000E-99
 71   59     1.00000000000000E-99   1.00000000000000E-99
 72   59     1.00000000000000E-99   1.00000000000000E-99
 73   59     1.00000000000000E-99   1.00000000000000E-99
 74   59     1.00000000000000E-99   1.00000000000000E-99
 75   59     1.00000000000000E-99   1.00000000000000E-99
 76   59     1.00000000000000E-99   1.00000000000000E-99
 77   59     1.00000000000000E-99   1.00000000000000E-99
 78   59     1.00000000000000E-99   1.00000000000000E-99
 79   59     1.00000000000000E-99   1.00000000000000E-99
 80   59     1.00000000000000E-99   1.00000000000000E-99
 81   59     1.00000000000000E-99   1.00000000000000E-99
 82   59     4.48081048453144E-14   6.31794278318933E-12
 83   59     4.65564219275378E-18   6.61101191371037E-16
 84   59     7.49230124908541E-10   1.07139907861921E-07
 85   59     4.91602638475116E-11   7.07907799404167E-09
 86   59     1.04124087428572E-05   1.50979926771430E-03
 87   59     3.35902918148800E-06   4.90418260497247E-04
 88   59     4.03232943365980E-05   5.92752426747990E-03
 89   59     2.29807945109508E-05   3.40115758762072E-03
 90   59     2.30200023035527E-05   3.42998034322935E-03
 91   59     9.42065726768961E-09   1.41309859015344E-06
 92   59     1.17678194417443E-06   1.77694073570339E-04
 93   59     1.78175521406443E-09   2.70826792537793E-07
 94   59     1.71896189798964E-09   2.63001170392415E-07
 95   59     6.76336625214390E-10   1.04155840283016E-07
 96   59     2.35992360563902E-10   3.65788158874048E-08
 97   59     7.47482314637669E-11   1.16607241083476E-08
 98   59     2.76238505989548E-11   4.33694454403590E-09
 99   59     7.92866373847838E-12   1.25272887067958E-09
100   59     2.51000790785201E-12   3.99091257348470E-10
101   59     6.55263879256920E-13   1.04842220681107E-10
102   59     1.66293125802046E-13   2.67731932541295E-11
103   59     2.48581634206686E-14   4.02702247414831E-12
104   59     3.19602464664741E-15   5.20952017403529E-13
105   59     2.48566302748578E-16   4.07648736507668E-14
106   59     2.93731644587358E-17   4.84657213569141E-15
107   59     9.34703345463926E-19   1.55160755347012E-16
108   59     4.34259186278752E-20   7.25212841085515E-18
109   59     1.77983647759354E-21   2.99012528235716E-19
110   59     7.85294756340714E-23   1.32714813821581E-20
111   59     7.40525940853108E-25   1.25889409945028E-22
112   59     1.00000000000000E-99   1.00000000000000E-99
113   59     1.00000000000000E-99   1.00000000000000E-99
114   59     1.00000000000000E-99   1.00000000000000E-99
115   59     1.00000000000000E-99   1.00000000000000E-99
116   59     1.00000000000000E-99   1.00000000000000E-99
117   59     1.00000000000000E-99   1.00000000000000E-99
118   59     1.00000000000000E-99   1.00000000000000E-99
119   59     1.00000000000000E-99   1.00000000000000E-99
120   59     1.00000000000000E-99   1.00000000000000E-99
121   59     1.00000000000000E-99   1.00000000000000E-99
122   59     1.00000000000000E-99   1.00000000000000E-99
123   59     1.00000000000000E-99   1.00000000000000E-99
124   59     1.00000000000000E-99   1.00000000000000E-99
125   59     1.00000000000000E-99   1.00000000000000E-99
126   59     1.00000000000000E-99   1.00000000000000E-99
127   59     1.00000000000000E-99   1.00000000000000E-99
128   59     1.00000000000000E-99   1.00000000000000E-99
129   59     1.00000000000000E-99   1.00000000000000E-99
130   59     1.00000000000000E-99   1.00000000000000E-99
131   59     1.00000000000000E-99   1.00000000000000E-99
132   59     1.00000000000000E-99   1.00000000000000E-99
133   59     1.00000000000000E-99   1.00000000000000E-99
134   59     1.00000000000000E-99   1.00000000000000E-99
135   59     1.00000000000000E-99   1.00000000000000E-99
136   59     1.00000000000000E-99   1.00000000000000E-99
137   59     1.00000000000000E-99   1.00000000000000E-99
138   59     1.00000000000000E-99   1.00000000000000E-99
139   59     1.00000000000000E-99   1.00000000000000E-99
 58   60     1.00000000000000E-99   1.00000000000000E-99
 59   60     1.00000000000000E-99   1.00000000000000E-99
 60   60     1.00000000000000E-99   1.00000000000000E-99
 61   60     1.00000000000000E-99   1.00000000000000E-99
 62   60     1.00000000000000E-99   1.00000000000000E-99
 63   60     1.00000000000000E-99   1.00000000000000E-99
 64   60     1.00000000000000E-99   1.00000000000000E-99
 65   60     1.00000000000000E-99   1.00000000000000E-99
 66   60     1.00000000000000E-99   1.00000000000000E-99
 67   60     1.00000000000000E-99   1.00000000000000E-99
 68   60     1.00000000000000E-99   1.00000000000000E-99
 69   60     1.00000000000000E-99   1.00000000000000E-99
 70   60     1.00000000000000E-99   1.00000000000000E-99
 71   60     1.00000000000000E-99   1.00000000000000E-99
 72   60     1.00000000000000E-99   1.00000000000000E-99
 73   60     1.00000000000000E-99   1.00000000000000E-99
 74   60     1.00000000000000E-99   1.00000000000000E-99
 75   60     1.00000000000000E-99   1.00000000000000E-99
 76   60     1.00000000000000E-99   1.00000000000000E-99
 77   60     1.00000000000000E-99   1.00000000000000E-99
 78   60     1.00000000000000E-99   1.00000000000000E-99
 79   60     1.00000000000000E-99   1.00000000000000E-99
 80   60     1.00000000000000E-99   1.00000000000000E-99
 81   60     1.00000000000000E-99   1.00000000000000E-99
 82   60     1.42470466286259E-21   2.02308062126488E-19
 83   60     1.35600481625836E-14   1.93908688724945E-12
 84   60     1.14599326389899E-12   1.65023030001454E-10
 85   60     1.39189834229147E-08   2.01825259632264E-06
 86   60     7.73167437551997E-08   1.12882445882592E-05
 87   60     2.11397975884497E-06   3.10755024550211E-04
 88   60     8.17095464809989E-06   1.20930128791878E-03
 89   60     1.44161972448694E-05   2.14801338948554E-03
 90   60     3.78047735726618E-05   5.67071603589926E-03
 91   60     4.33237559444968E-05   6.54188714761902E-03
 92   60     3.30128281826101E-05   5.01794988375674E-03
 93   60     3.90196204232359E-06   5.97000192475509E-04
 94   60     2.21753137728295E-06   3.41499832101574E-04
 95   60     1.35022301682708E-08   2.09284567608197E-06
 96   60     1.18981607300503E-09   1.85611307388784E-07
 97   60     4.50364954801293E-10   7.07072979038031E-08
 98   60     2.51834881809156E-10   3.97899113258466E-08
 99   60     7.00667227845179E-11   1.11406089227384E-08
100   60     3.33792815341514E-11   5.34068504546422E-09
101   60     9.02532048965358E-12   1.45307659883423E-09
102   60     5.25608256121163E-12   8.51485374916284E-10
103   60     1.05629789711156E-12   1.72176557229184E-10
104   60     1.71798320887596E-13   2.81749246255658E-11
105   60     2.27967430120063E-14   3.76146259698103E-12
106   60     3.36459335502286E-15   5.58522496933795E-13
107   60     2.75702837071056E-16   4.60423737908664E-14
108   60     2.38900390938244E-17   4.01352656776250E-15
109   60     4.46578472157055E-19   7.54717617945423E-17
110   60     4.02186710693873E-20   6.83717408179585E-18
111   60     1.60179293183272E-21   2.73906591343395E-19
112   60     3.33826564903581E-23   5.74181691634159E-21
113   60     7.15622193195883E-25   1.23802639422888E-22
114   60     1.00000000000000E-99   1.00000000000000E-99
115   60     1.00000000000000E-99   1.00000000000000E-99
116   60     1.00000000000000E-99   1.00000000000000E-99
117   60     1.00000000000000E-99   1.00000000000000E-99
118   60     1.00000000000000E-99   1.00000000000000E-99
119   60     1.00000000000000E-99   1.00000000000000E-99
120   60     1.00000000000000E-99   1.00000000000000E-99
121   60     1.00000000000000E-99   1.00000000000000E-99
122   60     1.00000000000000E-99   1.00000000000000E-99
123   60     1.00000000000000E-99   1.00000000000000E-99
124   60     1.00000000000000E-99   1.00000000000000E-99
125   60     1.00000000000000E-99   1.00000000000000E-99
126   60     1.00000000000000E-99   1.00000000000000E-99
127   60     1.00000000000000E-99   1.00000000000000E-99
128   60     1.00000000000000E-99   1.00000000000000E-99
129   60     1.00000000000000E-99   1.00000000000000E-99
130   60     1.00000000000000E-99   1.00000000000000E-99
131   60     1.00000000000000E-99   1.00000000000000E-99
132   60     1.00000000000000E-99   1.00000000000000E-99
133   60     1.00000000000000E-99   1.00000000000000E-99
134   60     1.00000000000000E-99   1.00000000000000E-99
135   60     1.00000000000000E-99   1.00000000000000E-99
136   60     1.00000000000000E-99   1.00000000000000E-99
137   60     1.00000000000000E-99   1.00000000000000E-99
138   60     1.00000000000000E-99   1.00000000000000E-99
139   60     1.00000000000000E-99   1.00000000000000E-99
140   60     1.00000000000000E-99   1.00000000000000E-99
141   60     1.00000000000000E-99   1.00000000000000E-99
 59   61     1.00000000000000E-99   1.00000000000000E-99
 60   61     1.00000000000000E-99   1.00000000000000E-99
 61   61     1.00000000000000E-99   1.00000000000000E-99
 62   61     1.00000000000000E-99   1.00000000000000E-99
 63   61     1.00000000000000E-99   1.00000000000000E-99
 64   61     1.00000000000000E-99   1.00000000000000E-99
 65   61     1.00000000000000E-99   1.00000000000000E-99
 66   61     1.00000000000000E-99   1.00000000000000E-99
 67   61     1.00000000000000E-99   1.00000000000000E-99
 68   61     1.00000000000000E-99   1.00000000000000E-99
 69   61     1.00000000000000E-99   1.00000000000000E-99
 70   61     1.00000000000000E-99   1.00000000000000E-99
 71   61     1.00000000000000E-99   1.00000000000000E-99
 72   61     1.00000000000000E-99   1.00000000000000E-99
 73   61     1.00000000000000E-99   1.00000000000000E-99
 74   61     1.00000000000000E-99   1.00000000000000E-99
 75   61     1.00000000000000E-99   1.00000000000000E-99
 76   61     1.00000000000000E-99   1.00000000000000E-99
 77   61     1.00000000000000E-99   1.00000000000000E-99
 78   61     1.00000000000000E-99   1.00000000000000E-99
 79   61     1.00000000000000E-99   1.00000000000000E-99
 80   61     1.00000000000000E-99   1.00000000000000E-99
 81   61     1.00000000000000E-99   1.00000000000000E-99
 82   61     1.00000000000000E-99   1.00000000000000E-99
 83   61     1.00000000000000E-99   1.00000000000000E-99
 84   61     1.00000000000000E-99   1.00000000000000E-99
 85   61     1.00000000000000E-99   1.00000000000000E-99
 86   61     5.69763266006929E-11   8.37552001030185E-09
 87   61     4.23198625110716E-14   6.26333965163859E-12
 88   61     8.43377315459001E-08   1.25663220003391E-05
 89   61     4.71733027920447E-10   7.07599541880670E-08
 90   61     3.22486507036303E-06   4.86954625624817E-04
 91   61     2.97196082924269E-06   4.51738046044889E-04
 92   61     2.46854069947228E-05   3.77686727019259E-03
 93   61     2.22307613208275E-05   3.42353724340743E-03
 94   61     6.59685221781877E-06   1.02251209376191E-03
 95   61     1.05270271398459E-06   1.64221623381596E-04
 96   61     4.79816585351695E-08   7.53312039002161E-06
 97   61     7.10945295088413E-10   1.12329356623969E-07
 98   61     1.33125073077411E-10   2.11668866193083E-08
 99   61     1.20154909074099E-10   1.92247854518558E-08
100   61     7.68144027867499E-11   1.23671188486667E-08
101   61     1.89071254616149E-11   3.06295432478162E-09
102   61     7.21264592136342E-12   1.17566128518224E-09
103   61     3.05007947548094E-12   5.00213033978873E-10
104   61     6.18407187374984E-13   1.02037185916872E-10
105   61     1.25474302872916E-13   2.08287342769041E-11
106   61     3.40034207618485E-14   5.67857126722870E-12
107   61     5.38642479201447E-15   9.04919365058431E-13
108   61     7.49708906697021E-16   1.26700805231797E-13
109   61     6.21798413070412E-17   1.05705730221970E-14
110   61     4.97475887800140E-18   8.50683768138239E-16
111   61     1.19443306237364E-19   2.05442486728267E-17
112   61     1.06944068452928E-20   1.85013238423566E-18
113   61     2.52633379714094E-22   4.39582080702524E-20
114   61     9.35983318343137E-24   1.63797080710049E-21
115   61     1.79203612513851E-25   3.15398358024377E-23
116   61     1.00000000000000E-99   1.00000000000000E-99
117   61     1.00000000000000E-99   1.00000000000000E-99
118   61     1.00000000000000E-99   1.00000000000000E-99
119   61     1.00000000000000E-99   1.00000000000000E-99
120   61     1.00000000000000E-99   1.00000000000000E-99
121   61     1.00000000000000E-99   1.00000000000000E-99
122   61     1.00000000000000E-99   1.00000000000000E-99
123   61     1.00000000000000E-99   1.00000000000000E-99
124   61     1.00000000000000E-99   1.00000000000000E-99
125   61     1.00000000000000E-99   1.00000000000000E-99
126   61     1.00000000000000E-99   1.00000000000000E-99
127   61     1.00000000000000E-99   1.00000000000000E-99
128   61     1.00000000000000E-99   1.00000000000000E-99
129   61     1.00000000000000E-99   1.00000000000000E-99
130   61     1.00000000000000E-99   1.00000000000000E-99
131   61     1.00000000000000E-99   1.00000000000000E-99
132   61     1.00000000000000E-99   1.00000000000000E-99
133   61     1.00000000000000E-99   1.00000000000000E-99
134   61     1.00000000000000E-99   1.00000000000000E-99
135   61     1.00000000000000E-99   1.00000000000000E-99
136   61     1.00000000000000E-99   1.00000000000000E-99
137   61     1.00000000000000E-99   1.00000000000000E-99
138   61     1.00000000000000E-99   1.00000000000000E-99
139   61     1.00000000000000E-99   1.00000000000000E-99
140   61     1.00000000000000E-99   1.00000000000000E-99
141   61     1.00000000000000E-99   1.00000000000000E-99
142   61     1.00000000000000E-99   1.00000000000000E-99
143   61     1.00000000000000E-99   1.00000000000000E-99
144   61     1.00000000000000E-99   1.00000000000000E-99
 61   62     1.00000000000000E-99   1.00000000000000E-99
 62   62     1.00000000000000E-99   1.00000000000000E-99
 63   62     1.00000000000000E-99   1.00000000000000E-99
 64   62     1.00000000000000E-99   1.00000000000000E-99
 65   62     1.00000000000000E-99   1.00000000000000E-99
 66   62     1.00000000000000E-99   1.00000000000000E-99
 67   62     1.00000000000000E-99   1.00000000000000E-99
 68   62     1.00000000000000E-99   1.00000000000000E-99
 69   62     1.00000000000000E-99   1.00000000000000E-99
 70   62     1.00000000000000E-99   1.00000000000000E-99
 71   62     1.00000000000000E-99   1.00000000000000E-99
 72   62     1.00000000000000E-99   1.00000000000000E-99
 73   62     1.00000000000000E-99   1.00000000000000E-99
 74   62     1.00000000000000E-99   1.00000000000000E-99
 75   62     1.00000000000000E-99   1.00000000000000E-99
 76   62     1.00000000000000E-99   1.00000000000000E-99
 77   62     1.00000000000000E-99   1.00000000000000E-99
 78   62     1.00000000000000E-99   1.00000000000000E-99
 79   62     1.00000000000000E-99   1.00000000000000E-99
 80   62     1.00000000000000E-99   1.00000000000000E-99
 81   62     1.00000000000000E-99   1.00000000000000E-99
 82   62     1.00000000000000E-99   1.00000000000000E-99
 83   62     1.00000000000000E-99   1.00000000000000E-99
 84   62     1.00000000000000E-99   1.00000000000000E-99
 85   62     1.27929804138251E-17   1.88056812083229E-15
 86   62     2.29081228056963E-18   3.39040217524306E-16
 87   62     1.04102387399984E-11   1.55112557225977E-09
 88   62     1.82776251250533E-12   2.74164376875800E-10
 89   62     9.33655489979513E-10   1.40981978986906E-07
 90   62     4.36305423838746E-07   6.63184244234894E-05
 91   62     3.75702315432048E-06   5.74824542611034E-04
 92   62     7.78750724170574E-06   1.19927611522268E-03
 93   62     2.19104658588376E-05   3.39612220811982E-03
 94   62     2.94533022782929E-05   4.59471515541370E-03
 95   62     2.55952940396402E-05   4.01846116422352E-03
 96   62     2.90780733796760E-05   4.59433559398880E-03
 97   62     6.32772151190916E-08   1.00610772039356E-05
 98   62     2.59240285316407E-08   4.14784456506251E-06
 99   62     3.78733452517887E-10   6.09760858553798E-08
100   62     1.30042475663076E-10   2.10668810574183E-08
101   62     9.94554058923407E-11   1.62112311604515E-08
102   62     6.18668732696501E-11   1.01461672162226E-08
103   62     1.58769025804079E-11   2.61968892576730E-09
104   62     1.36482229513651E-11   2.26560500992661E-09
105   62     2.78006374629587E-12   4.64270645631410E-10
106   62     7.71778230424770E-13   1.29658742711361E-10
107   62     1.78795814986640E-13   3.02164927327422E-11
108   62     5.49483171450766E-14   9.34121391466302E-12
109   62     5.12049720866266E-15   8.75605022681315E-13
110   62     7.12283293770557E-16   1.22512726528536E-13
111   62     4.58056087495474E-17   7.92437031367170E-15
112   62     2.37074503936716E-18   4.12509636849885E-16
113   62     1.35179433143269E-19   2.36564008000721E-17
114   62     7.69273703835666E-21   1.35392171875077E-18
115   62     2.24501332752833E-22   3.97367358972515E-20
116   62     2.39247092927874E-24   4.25859825411616E-22
117   62     1.00000000000000E-99   1.00000000000000E-99
118   62     1.00000000000000E-99   1.00000000000000E-99
119   62     1.00000000000000E-99   1.00000000000000E-99
120   62     1.00000000000000E-99   1.00000000000000E-99
121   62     1.00000000000000E-99   1.00000000000000E-99
122   62     1.00000000000000E-99   1.00000000000000E-99
123   62     1.00000000000000E-99   1.00000000000000E-99
124   62     1.00000000000000E-99   1.00000000000000E-99
125   62     1.00000000000000E-99   1.00000000000000E-99
126   62     1.00000000000000E-99   1.00000000000000E-99
127   62     1.00000000000000E-99   1.00000000000000E-99
128   62     1.00000000000000E-99   1.00000000000000E-99
129   62     1.00000000000000E-99   1.00000000000000E-99
130   62     1.00000000000000E-99   1.00000000000000E-99
131   62     1.00000000000000E-99   1.00000000000000E-99
132   62     1.00000000000000E-99   1.00000000000000E-99
133   62     1.00000000000000E-99   1.00000000000000E-99
134   62     1.00000000000000E-99   1.00000000000000E-99
135   62     1.00000000000000E-99   1.00000000000000E-99
136   62     1.00000000000000E-99   1.00000000000000E-99
137   62     1.00000000000000E-99   1.00000000000000E-99
138   62     1.00000000000000E-99   1.00000000000000E-99
139   62     1.00000000000000E-99   1.00000000000000E-99
140   62     1.00000000000000E-99   1.00000000000000E-99
141   62     1.00000000000000E-99   1.00000000000000E-99
142   62     1.00000000000000E-99   1.00000000000000E-99
143   62     1.00000000000000E-99   1.00000000000000E-99
144   62     1.00000000000000E-99   1.00000000000000E-99
145   62     1.00000000000000E-99   1.00000000000000E-99
146   62     1.00000000000000E-99   1.00000000000000E-99
 62   63     1.00000000000000E-99   1.00000000000000E-99
 63   63     1.00000000000000E-99   1.00000000000000E-99
 64   63     1.00000000000000E-99   1.00000000000000E-99
 65   63     1.00000000000000E-99   1.00000000000000E-99
 66   63     1.00000000000000E-99   1.00000000000000E-99
 67   63     1.00000000000000E-99   1.00000000000000E-99
 68   63     1.00000000000000E-99   1.00000000000000E-99
 69   63     1.00000000000000E-99   1.00000000000000E-99
 70   63     1.00000000000000E-99   1.00000000000000E-99
 71   63     1.00000000000000E-99   1.00000000000000E-99
 72   63     1.00000000000000E-99   1.00000000000000E-99
 73   63     1.00000000000000E-99   1.00000000000000E-99
 74   63     1.00000000000000E-99   1.00000000000000E-99
 75   63     1.00000000000000E-99   1.00000000000000E-99
 76   63     1.00000000000000E-99   1.00000000000000E-99
 77   63     1.00000000000000E-99   1.00000000000000E-99
 78   63     1.00000000000000E-99   1.00000000000000E-99
 79   63     1.00000000000000E-99   1.00000000000000E-99
 80   63     1.00000000000000E-99   1.00000000000000E-99
 81   63     1.00000000000000E-99   1.00000000000000E-99
 82   63     1.00000000000000E-99   1.00000000000000E-99
 83   63     1.00000000000000E-99   1.00000000000000E-99
 84   63     1.00000000000000E-99   1.00000000000000E-99
 85   63     1.00000000000000E-99   1.00000000000000E-99
 86   63     1.00000000000000E-99   1.00000000000000E-99
 87   63     1.00000000000000E-99   1.00000000000000E-99
 88   63     6.72301972009734E-18   1.01517597773470E-15
 89   63     1.82912367330854E-20   2.78026798342899E-18
 90   63     6.04579336365640E-10   9.25006384639429E-08
 91   63     2.03705291219512E-12   3.13706148478048E-10
 92   63     6.60885944051033E-07   1.02437321327910E-04
 93   63     4.58213319299709E-08   7.14812778107545E-06
 94   63     3.36581994733396E-06   5.28433731731432E-04
 95   63     6.60990651219680E-06   1.04436522892709E-03
 96   63     2.65485473045482E-05   4.22121902142316E-03
 97   63     7.33481239541323E-06   1.17356998326612E-03
 98   63     2.51061462751974E-06   4.04208955030678E-04
 99   63     5.12937053589469E-08   8.30958026814940E-06
100   63     4.57035475456700E-09   7.44967824994421E-07
101   63     2.08057363325101E-10   3.41214075853166E-08
102   63     7.87876054967169E-11   1.29999549069583E-08
103   63     2.97514107976905E-11   4.93873419241662E-09
104   63     1.26575915988765E-11   2.11381779701238E-09
105   63     5.52927668014777E-12   9.28918482264826E-10
106   63     1.69390663072271E-12   2.86270220592138E-10
107   63     3.85558187499189E-13   6.55448918748621E-11
108   63     1.33581917802019E-13   2.28425079441453E-11
109   63     3.02741119228466E-14   5.20714725072961E-12
110   63     6.45488925973147E-15   1.11669584193354E-12
111   63     8.23148374238503E-16   1.43227817117500E-13
112   63     1.22302665122861E-16   2.14029663965006E-14
113   63     7.73171051424786E-18   1.36078105050762E-15
114   63     3.85151415312160E-19   6.81718005102523E-17
115   63     2.92960697655993E-20   5.21470041827668E-18
116   63     1.55154666802548E-21   2.77726853576560E-19
117   63     1.91660460442026E-23   3.44988828795648E-21
118   63     5.57227053242156E-25   1.00858096636830E-22
119   63     1.00000000000000E-99   1.00000000000000E-99
120   63     1.00000000000000E-99   1.00000000000000E-99
121   63     1.00000000000000E-99   1.00000000000000E-99
122   63     1.00000000000000E-99   1.00000000000000E-99
123   63     1.00000000000000E-99   1.00000000000000E-99
124   63     1.00000000000000E-99   1.00000000000000E-99
125   63     1.00000000000000E-99   1.00000000000000E-99
126   63     1.00000000000000E-99   1.00000000000000E-99
127   63     1.00000000000000E-99   1.00000000000000E-99
128   63     1.00000000000000E-99   1.00000000000000E-99
129   63     1.00000000000000E-99   1.00000000000000E-99
130   63     1.00000000000000E-99   1.00000000000000E-99
131   63     1.00000000000000E-99   1.00000000000000E-99
132   63     1.00000000000000E-99   1.00000000000000E-99
133   63     1.00000000000000E-99   1.00000000000000E-99
134   63     1.00000000000000E-99   1.00000000000000E-99
135   63     1.00000000000000E-99   1.00000000000000E-99
136   63     1.00000000000000E-99   1.00000000000000E-99
137   63     1.00000000000000E-99   1.00000000000000E-99
138   63     1.00000000000000E-99   1.00000000000000E-99
139   63     1.00000000000000E-99   1.00000000000000E-99
140   63     1.00000000000000E-99   1.00000000000000E-99
141   63     1.00000000000000E-99   1.00000000000000E-99
142   63     1.00000000000000E-99   1.00000000000000E-99
143   63     1.00000000000000E-99   1.00000000000000E-99
144   63     1.00000000000000E-99   1.00000000000000E-99
145   63     1.00000000000000E-99   1.00000000000000E-99
146   63     1.00000000000000E-99   1.00000000000000E-99
147   63     1.00000000000000E-99   1.00000000000000E-99
148   63     1.00000000000000E-99   1.00000000000000E-99
 81   64     1.00000000000000E-99   1.00000000000000E-99
 82   64     1.00000000000000E-99   1.00000000000000E-99
 83   64     1.00000000000000E-99   1.00000000000000E-99
 84   64     1.00000000000000E-99   1.00000000000000E-99
 85   64     1.00000000000000E-99   1.00000000000000E-99
 86   64     1.00000000000000E-99   1.00000000000000E-99
 87   64     1.00000000000000E-99   1.00000000000000E-99
 88   64     1.00000000000000E-99   1.00000000000000E-99
 89   64     1.00000000000000E-99   1.00000000000000E-99
 90   64     1.84357903670755E-19   2.83911171652962E-17
 91   64     1.07848641446904E-13   1.67165394242702E-11
 92   64     9.80445729511842E-13   1.52949533803847E-10
 93   64     1.94908810024597E-09   3.06006831738617E-07
 94   64     8.34799320574340E-08   1.31898292650746E-05
 95   64     1.49286795158162E-06   2.37366004301478E-04
 96   64     2.79947908630479E-05   4.47916653808766E-03
 97   64     2.38948386783573E-05   3.84706902721552E-03
 98   64     2.98719280948926E-05   4.83925235137261E-03
 99   64     1.30392359465634E-05   2.12539545928984E-03
100   64     7.20290238708334E-06   1.18127599148167E-03
101   64     2.59735282811164E-08   4.28563216638421E-06
102   64     2.06716106661013E-10   3.43148737057281E-08
103   64     1.88548800197364E-10   3.14876496329598E-08
104   64     8.80411913928763E-11   1.47909201540032E-08
105   64     2.79839234557431E-11   4.72928306402058E-09
106   64     3.04825154202251E-11   5.18202762143826E-09
107   64     8.07260404927370E-12   1.38041529242580E-09
108   64     2.37866081784771E-12   4.09129660669806E-10
109   64     5.94523329873788E-13   1.02852536068165E-10
110   64     2.45916296640675E-13   4.27894356154774E-11
111   64     3.79239624203845E-14   6.63669342356729E-12
112   64     9.21704926381172E-15   1.62220067043086E-12
113   64     1.14314396312350E-15   2.02336481472859E-13
114   64     1.27257014469452E-16   2.26517485755625E-14
115   64     5.15347475223208E-18   9.22471980649543E-16
116   64     3.29765634126451E-19   5.93578141427613E-17
117   64     2.21034381830716E-20   4.00072231113596E-18
118   64     5.85625640144056E-22   1.06583866506218E-19
119   64     1.31143491645610E-23   2.39992589711466E-21
120   64     4.80057848668104E-25   8.83306441549311E-23
121   64     1.00000000000000E-99   1.00000000000000E-99
122   64     1.00000000000000E-99   1.00000000000000E-99
123   64     1.00000000000000E-99   1.00000000000000E-99
124   64     1.00000000000000E-99   1.00000000000000E-99
125   64     1.00000000000000E-99   1.00000000000000E-99
126   64     1.00000000000000E-99   1.00000000000000E-99
127   64     1.00000000000000E-99   1.00000000000000E-99
128   64     1.00000000000000E-99   1.00000000000000E-99
129   64     1.00000000000000E-99   1.00000000000000E-99
130   64     1.00000000000000E-99   1.00000000000000E-99
131   64     1.00000000000000E-99   1.00000000000000E-99
132   64     1.00000000000000E-99   1.00000000000000E-99
133   64     1.00000000000000E-99   1.00000000000000E-99
134   64     1.00000000000000E-99   1.00000000000000E-99
135   64     1.00000000000000E-99   1.00000000000000E-99
136   64     1.00000000000000E-99   1.00000000000000E-99
137   64     1.00000000000000E-99   1.00000000000000E-99
138   64     1.00000000000000E-99   1.00000000000000E-99
139   64     1.00000000000000E-99   1.00000000000000E-99
140   64     1.00000000000000E-99   1.00000000000000E-99
141   64     1.00000000000000E-99   1.00000000000000E-99
142   64     1.00000000000000E-99   1.00000000000000E-99
143   64     1.00000000000000E-99   1.00000000000000E-99
144   64     1.00000000000000E-99   1.00000000000000E-99
145   64     1.00000000000000E-99   1.00000000000000E-99
146   64     1.00000000000000E-99   1.00000000000000E-99
147   64     1.00000000000000E-99   1.00000000000000E-99
148   64     1.00000000000000E-99   1.00000000000000E-99
149   64     1.00000000000000E-99   1.00000000000000E-99
150   64     1.00000000000000E-99   1.00000000000000E-99
 82   65     1.00000000000000E-99   1.00000000000000E-99
 83   65     1.00000000000000E-99   1.00000000000000E-99
 84   65     1.00000000000000E-99   1.00000000000000E-99
 85   65     1.00000000000000E-99   1.00000000000000E-99
 86   65     1.00000000000000E-99   1.00000000000000E-99
 87   65     1.00000000000000E-99   1.00000000000000E-99
 88   65     1.00000000000000E-99   1.00000000000000E-99
 89   65     1.00000000000000E-99   1.00000000000000E-99
 90   65     1.00000000000000E-99   1.00000000000000E-99
 91   65     1.00000000000000E-99   1.00000000000000E-99
 92   65     1.00000000000000E-99   1.00000000000000E-99
 93   65     1.00000000000000E-99   1.00000000000000E-99
 94   65     7.03072024391479E-10   1.11788451878245E-07
 95   65     1.34740806585913E-12   2.15585290537460E-10
 96   65     5.57750932648570E-06   8.97979001564198E-04
 97   65     3.50697209601363E-06   5.68129479554208E-04
 98   65     1.91988465937993E-05   3.12941199478928E-03
 99   65     1.94627714707712E-05   3.19189452120647E-03
100   65     1.33566952002745E-05   2.20385470804529E-03
101   65     1.42553960424712E-06   2.36639574305022E-04
102   65     7.11165988808593E-07   1.18764720131035E-04
103   65     5.42308022485851E-09   9.11077477776230E-07
104   65     8.30001971795799E-11   1.40270333233490E-08
105   65     3.55463928443123E-11   6.04288678353309E-09
106   65     1.87526559035810E-11   3.20670415951235E-09
107   65     1.26406477908526E-11   2.17419142002664E-09
108   65     6.21392761525301E-12   1.07500947743877E-09
109   65     1.11015562263455E-12   1.93167078338412E-10
110   65     3.41990632734089E-13   5.98483607284657E-11
111   65     9.67080578224176E-14   1.70206181767455E-11
112   65     2.60061416761920E-14   4.60308707668598E-12
113   65     6.72474811609781E-15   1.19700516466541E-12
114   65     1.28769938438488E-15   2.30498189804894E-13
115   65     1.39937646129133E-16   2.51887763032440E-14
116   65     1.19137084685625E-17   2.15638123280981E-15
117   65     5.16222974599081E-19   9.39525813770328E-17
118   65     5.49255307424584E-20   1.00513721258699E-17
119   65     2.89865552864938E-21   5.33352617271486E-19
120   65     1.80814414026587E-22   3.34506665949186E-20
121   65     3.40977372279180E-24   6.34217912439274E-22
122   65     1.00000000000000E-99   1.00000000000000E-99
123   65     1.00000000000000E-99   1.00000000000000E-99
124   65     1.00000000000000E-99   1.00000000000000E-99
125   65     1.00000000000000E-99   1.00000000000000E-99
126   65     1.00000000000000E-99   1.00000000000000E-99
127   65     1.00000000000000E-99   1.00000000000000E-99
128   65     1.00000000000000E-99   1.00000000000000E-99
129   65     1.00000000000000E-99   1.00000000000000E-99
130   65     1.00000000000000E-99   1.00000000000000E-99
131   65     1.00000000000000E-99   1.00000000000000E-99
132   65     1.00000000000000E-99   1.00000000000000E-99
133   65     1.00000000000000E-99   1.00000000000000E-99
134   65     1.00000000000000E-99   1.00000000000000E-99
135   65     1.00000000000000E-99   1.00000000000000E-99
136   65     1.00000000000000E-99   1.00000000000000E-99
137   65     1.00000000000000E-99   1.00000000000000E-99
138   65     1.00000000000000E-99   1.00000000000000E-99
139   65     1.00000000000000E-99   1.00000000000000E-99
140   65     1.00000000000000E-99   1.00000000000000E-99
141   65     1.00000000000000E-99   1.00000000000000E-99
142   65     1.00000000000000E-99   1.00000000000000E-99
143   65     1.00000000000000E-99   1.00000000000000E-99
144   65     1.00000000000000E-99   1.00000000000000E-99
145   65     1.00000000000000E-99   1.00000000000000E-99
146   65     1.00000000000000E-99   1.00000000000000E-99
147   65     1.00000000000000E-99   1.00000000000000E-99
148   65     1.00000000000000E-99   1.00000000000000E-99
149   65     1.00000000000000E-99   1.00000000000000E-99
150   65     1.00000000000000E-99   1.00000000000000E-99
151   65     1.00000000000000E-99   1.00000000000000E-99
152   65     1.00000000000000E-99   1.00000000000000E-99
153   65     1.00000000000000E-99   1.00000000000000E-99
 82   66     1.00000000000000E-99   1.00000000000000E-99
 83   66     1.00000000000000E-99   1.00000000000000E-99
 84   66     1.00000000000000E-99   1.00000000000000E-99
 85   66     1.00000000000000E-99   1.00000000000000E-99
 86   66     1.00000000000000E-99   1.00000000000000E-99
 87   66     1.00000000000000E-99   1.00000000000000E-99
 88   66     1.00000000000000E-99   1.00000000000000E-99
 89   66     1.00000000000000E-99   1.00000000000000E-99
 90   66     1.00000000000000E-99   1.00000000000000E-99
 91   66     1.00000000000000E-99   1.00000000000000E-99
 92   66     1.00000000000000E-99   1.00000000000000E-99
 93   66     1.00000000000000E-99   1.00000000000000E-99
 94   66     6.25147736439601E-18   1.00023637830336E-15
 95   66     2.59087185787218E-10   4.17130369117421E-08
 96   66     2.48458295787628E-07   4.02502439175958E-05
 97   66     6.18321806476480E-07   1.00786454455666E-04
 98   66     4.97197000910218E-06   8.15403081492757E-04
 99   66     8.00902504788847E-06   1.32148913290160E-03
100   66     1.79750036186576E-05   2.98385060069717E-03
101   66     1.86021915100456E-05   3.10656598217762E-03
102   66     1.70910823617443E-05   2.87130183677304E-03
103   66     2.25573880005938E-06   3.81219857210034E-04
104   66     2.13508357639148E-06   3.62964207986551E-04
105   66     3.42098556193020E-08   5.84988531090064E-06
106   66     1.52151483976517E-09   2.61700552439609E-07
107   66     5.98673250473043E-11   1.03570472331836E-08
108   66     1.48277523210775E-09   2.58002890386748E-07
109   66     2.78314269425479E-11   4.87049971494589E-09
110   66     5.00300642605594E-12   8.80529130985846E-10
111   66     1.20627791610694E-12   2.13511191150928E-10
112   66     6.36990074459640E-13   1.13384233253816E-10
113   66     1.59604542458664E-13   2.85692131001008E-11
114   66     5.49879828056234E-14   9.89783690501221E-12
115   66     8.98455442204707E-15   1.62620435039052E-12
116   66     1.55800068562288E-15   2.83556124783363E-13
117   66     1.34829906540052E-16   2.46738728968295E-14
118   66     1.07857198837575E-17   1.98457245861138E-15
119   66     4.00116022730921E-19   7.40214642052203E-17
120   66     6.13163730387265E-20   1.14048453852031E-17
121   66     1.58112051888077E-21   2.95669537030705E-19
122   66     4.97699194387704E-23   9.35674485448884E-21
123   66     9.57570089636273E-25   1.80980746941256E-22
124   66     1.00000000000000E-99   1.00000000000000E-99
125   66     1.00000000000000E-99   1.00000000000000E-99
126   66     1.00000000000000E-99   1.00000000000000E-99
127   66     1.00000000000000E-99   1.00000000000000E-99
128   66     1.00000000000000E-99   1.00000000000000E-99
129   66     1.00000000000000E-99   1.00000000000000E-99
130   66     1.00000000000000E-99   1.00000000000000E-99
131   66     1.00000000000000E-99   1.00000000000000E-99
132   66     1.00000000000000E-99   1.00000000000000E-99
133   66     1.00000000000000E-99   1.00000000000000E-99
134   66     1.00000000000000E-99   1.00000000000000E-99
135   66     1.00000000000000E-99   1.00000000000000E-99
136   66     1.00000000000000E-99   1.00000000000000E-99
137   66     1.00000000000000E-99   1.00000000000000E-99
138   66     1.00000000000000E-99   1.00000000000000E-99
139   66     1.00000000000000E-99   1.00000000000000E-99
140   66     1.00000000000000E-99   1.00000000000000E-99
141   66     1.00000000000000E-99   1.00000000000000E-99
142   66     1.00000000000000E-99   1.00000000000000E-99
143   66     1.00000000000000E-99   1.00000000000000E-99
144   66     1.00000000000000E-99   1.00000000000000E-99
145   66     1.00000000000000E-99   1.00000000000000E-99
146   66     1.00000000000000E-99   1.00000000000000E-99
147   66     1.00000000000000E-99   1.00000000000000E-99
148   66     1.00000000000000E-99   1.00000000000000E-99
149   66     1.00000000000000E-99   1.00000000000000E-99
150   66     1.00000000000000E-99   1.00000000000000E-99
151   66     1.00000000000000E-99   1.00000000000000E-99
152   66     1.00000000000000E-99   1.00000000000000E-99
153   66     1.00000000000000E-99   1.00000000000000E-99
154   66     1.00000000000000E-99   1.00000000000000E-99
155   66     1.00000000000000E-99   1.00000000000000E-99
 84   67     1.00000000000000E-99   1.00000000000000E-99
 85   67     1.00000000000000E-99   1.00000000000000E-99
 86   67     1.00000000000000E-99   1.00000000000000E-99
 87   67     1.00000000000000E-99   1.00000000000000E-99
 88   67     1.00000000000000E-99   1.00000000000000E-99
 89   67     1.00000000000000E-99   1.00000000000000E-99
 90   67     1.00000000000000E-99   1.00000000000000E-99
 91   67     1.00000000000000E-99   1.00000000000000E-99
 92   67     1.00000000000000E-99   1.00000000000000E-99
 93   67     1.00000000000000E-99   1.00000000000000E-99
 94   67     1.00000000000000E-99   1.00000000000000E-99
 95   67     1.00000000000000E-99   1.00000000000000E-99
 96   67     1.00000000000000E-99   1.00000000000000E-99
 97   67     1.00000000000000E-99   1.00000000000000E-99
 98   67     3.21142209474853E-08   5.29884645633508E-06
 99   67     2.90559380670267E-09   4.82328571912643E-07
100   67     2.69422598606303E-06   4.49935739672526E-04
101   67     1.79499079360260E-06   3.01558453325237E-04
102   67     9.15771260699201E-06   1.54765343058165E-03
103   67     1.21673912423261E-05   2.06845651119545E-03
104   67     4.71047294307533E-06   8.05490873265881E-04
105   67     1.26834850682139E-06   2.18155943173278E-04
106   67     1.24897772538986E-08   2.16073146492446E-06
107   67     1.52033942538465E-09   2.64539060016929E-07
108   67     2.82117973364626E-11   4.93706453388096E-09
109   67     3.21109801929750E-11   5.65153251396361E-09
110   67     1.77866840487588E-11   3.14824307663030E-09
111   67     2.25422557446652E-12   4.01252152255041E-10
112   67     7.54024489162877E-13   1.34970383560155E-10
113   67     2.58745446330080E-13   4.65741803394144E-11
114   67     9.39111406835102E-14   1.69979164637153E-11
115   67     2.73715489574231E-14   4.98162191025101E-12
116   67     7.23095821350052E-15   1.32326535307059E-12
117   67     1.18287542641672E-15   2.17649078460676E-13
118   67     1.49447554826730E-16   2.76477976429451E-14
119   67     1.45975627103068E-17   2.71514666411707E-15
120   67     2.01230098674680E-18   3.76300284521651E-16
121   67     1.37062679410243E-19   2.57677837291258E-17
122   67     1.02034175528989E-20   1.92844591749790E-18
123   67     4.21982076420313E-22   8.01765945198594E-20
124   67     8.88055877062089E-24   1.69618672518859E-21
125   67     1.00000000000000E-99   1.00000000000000E-99
126   67     1.00000000000000E-99   1.00000000000000E-99
127   67     1.00000000000000E-99   1.00000000000000E-99
128   67     1.00000000000000E-99   1.00000000000000E-99
129   67     1.00000000000000E-99   1.00000000000000E-99
130   67     1.00000000000000E-99   1.00000000000000E-99
131   67     1.00000000000000E-99   1.00000000000000E-99
132   67     1.00000000000000E-99   1.00000000000000E-99
133   67     1.00000000000000E-99   1.00000000000000E-99
134   67     1.00000000000000E-99   1.00000000000000E-99
135   67     1.00000000000000E-99   1.00000000000000E-99
136   67     1.00000000000000E-99   1.00000000000000E-99
137   67     1.00000000000000E-99   1.00000000000000E-99
138   67     1.00000000000000E-99   1.00000000000000E-99
139   67     1.00000000000000E-99   1.00000000000000E-99
140   67     1.00000000000000E-99   1.00000000000000E-99
141   67     1.00000000000000E-99   1.00000000000000E-99
142   67     1.00000000000000E-99   1.00000000000000E-99
143   67     1.00000000000000E-99   1.00000000000000E-99
144   67     1.00000000000000E-99   1.00000000000000E-99
145   67     1.00000000000000E-99   1.00000000000000E-99
146   67     1.00000000000000E-99   1.00000000000000E-99
147   67     1.00000000000000E-99   1.00000000000000E-99
148   67     1.00000000000000E-99   1.00000000000000E-99
149   67     1.00000000000000E-99   1.00000000000000E-99
150   67     1.00000000000000E-99   1.00000000000000E-99
151   67     1.00000000000000E-99   1.00000000000000E-99
152   67     1.00000000000000E-99   1.00000000000000E-99
153   67     1.00000000000000E-99   1.00000000000000E-99
154   67     1.00000000000000E-99   1.00000000000000E-99
155   67     1.00000000000000E-99   1.00000000000000E-99
156   67     1.00000000000000E-99   1.00000000000000E-99
157   67     1.00000000000000E-99   1.00000000000000E-99
 85   68     1.00000000000000E-99   1.00000000000000E-99
 86   68     1.00000000000000E-99   1.00000000000000E-99
 87   68     1.00000000000000E-99   1.00000000000000E-99
 88   68     1.00000000000000E-99   1.00000000000000E-99
 89   68     1.00000000000000E-99   1.00000000000000E-99
 90   68     1.00000000000000E-99   1.00000000000000E-99
 91   68     1.00000000000000E-99   1.00000000000000E-99
 92   68     1.00000000000000E-99   1.00000000000000E-99
 93   68     1.00000000000000E-99   1.00000000000000E-99
 94   68     1.00000000000000E-99   1.00000000000000E-99
 95   68     1.00000000000000E-99   1.00000000000000E-99
 96   68     1.00000000000000E-99   1.00000000000000E-99
 97   68     1.00000000000000E-99   1.00000000000000E-99
 98   68     8.01162263255867E-13   1.32992935700474E-10
 99   68     7.14126467877836E-09   1.19259120135599E-06
100   68     3.42078998296086E-07   5.74692717137424E-05
101   68     1.51698463345224E-06   2.56370403053428E-04
102   68     3.82884526683470E-06   6.50903695361899E-04
103   68     9.47596860755366E-06   1.62039063189168E-03
104   68     1.43230015360115E-05   2.46355626419398E-03
105   68     5.70056165518614E-06   9.86197166347203E-04
106   68     1.35727562240031E-05   2.36165958297654E-03
107   68     4.21010732338239E-06   7.36768781591918E-04
108   68     5.99994768062034E-07   1.05599079178918E-04
109   68     3.55604108811472E-09   6.29419272596305E-07
110   68     7.73877449917174E-07   1.37750186085257E-04
111   68     2.35060432853035E-08   4.20758174806933E-06
112   68     9.94962195756907E-12   1.79093195236243E-09
113   68     2.66320516779949E-12   4.82040135371708E-10
114   68     1.37997958848499E-12   2.51156285104267E-10
115   68     3.68781923783775E-13   6.74870920524308E-11
116   68     1.59067882575290E-13   2.92684903938533E-11
117   68     3.61642498544725E-14   6.69038622307742E-12
118   68     9.17889236813917E-15   1.70727398047389E-12
119   68     1.14088670591268E-15   2.13345814005672E-13
120   68     2.76361709698825E-16   5.19560014233791E-14
121   68     1.82477627017750E-17   3.44882715063547E-15
122   68     1.36862097002561E-18   2.60037984304866E-16
123   68     1.32732171895624E-19   2.53518448320641E-17
124   68     1.05193435546913E-20   2.01971396250073E-18
125   68     6.01835221168116E-22   1.16154197685446E-19
126   68     3.58965100127387E-24   6.96392294247131E-22
127   68     1.00000000000000E-99   1.00000000000000E-99
128   68     1.00000000000000E-99   1.00000000000000E-99
129   68     1.00000000000000E-99   1.00000000000000E-99
130   68     1.00000000000000E-99   1.00000000000000E-99
131   68     1.00000000000000E-99   1.00000000000000E-99
132   68     1.00000000000000E-99   1.00000000000000E-99
133   68     1.00000000000000E-99   1.00000000000000E-99
134   68     1.00000000000000E-99   1.00000000000000E-99
135   68     1.00000000000000E-99   1.00000000000000E-99
136   68     1.00000000000000E-99   1.00000000000000E-99
137   68     1.00000000000000E-99   1.00000000000000E-99
138   68     1.00000000000000E-99   1.00000000000000E-99
139   68     1.00000000000000E-99   1.00000000000000E-99
140   68     1.00000000000000E-99   1.00000000000000E-99
141   68     1.00000000000000E-99   1.00000000000000E-99
142   68     1.00000000000000E-99   1.00000000000000E-99
143   68     1.00000000000000E-99   1.00000000000000E-99
144   68     1.00000000000000E-99   1.00000000000000E-99
145   68     1.00000000000000E-99   1.00000000000000E-99
146   68     1.00000000000000E-99   1.00000000000000E-99
147   68     1.00000000000000E-99   1.00000000000000E-99
148   68     1.00000000000000E-99   1.00000000000000E-99
149   68     1.00000000000000E-99   1.00000000000000E-99
150   68     1.00000000000000E-99   1.00000000000000E-99
151   68     1.00000000000000E-99   1.00000000000000E-99
152   68     1.00000000000000E-99   1.00000000000000E-99
153   68     1.00000000000000E-99   1.00000000000000E-99
154   68     1.00000000000000E-99   1.00000000000000E-99
155   68     1.00000000000000E-99   1.00000000000000E-99
156   68     1.00000000000000E-99   1.00000000000000E-99
157   68     1.00000000000000E-99   1.00000000000000E-99
158   68     1.00000000000000E-99   1.00000000000000E-99
159   68     1.00000000000000E-99   1.00000000000000E-99
 86   69     1.00000000000000E-99   1.00000000000000E-99
 87   69     1.00000000000000E-99   1.00000000000000E-99
 88   69     1.00000000000000E-99   1.00000000000000E-99
 89   69     1.00000000000000E-99   1.00000000000000E-99
 90   69     1.00000000000000E-99   1.00000000000000E-99
 91   69     1.00000000000000E-99   1.00000000000000E-99
 92   69     1.00000000000000E-99   1.00000000000000E-99
 93   69     1.00000000000000E-99   1.00000000000000E-99
 94   69     1.00000000000000E-99   1.00000000000000E-99
 95   69     1.00000000000000E-99   1.00000000000000E-99
 96   69     1.00000000000000E-99   1.00000000000000E-99
 97   69     1.00000000000000E-99   1.00000000000000E-99
 98   69     1.00000000000000E-99   1.00000000000000E-99
 99   69     1.00000000000000E-99   1.00000000000000E-99
100   69     5.00413220314150E-11   8.45698342330914E-09
101   69     7.37185098167649E-14   1.25321466688500E-11
102   69     1.28820926167698E-08   2.20283783746764E-06
103   69     3.67299108130651E-09   6.31754465984720E-07
104   69     5.71986957437651E-06   9.89537436367136E-04
105   69     4.65031145149583E-06   8.09154192560274E-04
106   69     6.27373384561640E-06   1.09790342298287E-03
107   69     9.99876255628655E-06   1.75978220990643E-03
108   69     2.95720426781463E-06   5.23425155403190E-04
109   69     6.57458577208138E-07   1.17027626743049E-04
110   69     3.36237793012588E-08   6.01865649492532E-06
111   69     9.33846482885618E-08   1.68092366919411E-05
112   69     3.38604941451455E-08   6.12874944027134E-06
113   69     3.53259701875239E-12   6.42932657412935E-10
114   69     1.72014393324267E-12   3.14786339783408E-10
115   69     5.02812874009632E-13   9.25175688177723E-11
116   69     2.08745294805900E-13   3.86178795390915E-11
117   69     6.92354500368750E-14   1.28777937068588E-11
118   69     1.72086081743719E-14   3.21800972860755E-12
119   69     5.46647538855913E-15   1.02769737304912E-12
120   69     2.14176644788400E-15   4.04793858650075E-13
121   69     2.69112517673054E-16   5.11313783578803E-14
122   69     2.74551531331856E-17   5.24393424843846E-15
123   69     3.22814709613507E-18   6.19804242457933E-16
124   69     2.36462921624744E-19   4.56373438735755E-17
125   69     1.79805152182823E-20   3.48821995234677E-18
126   69     8.04753442221641E-22   1.56926921233220E-19
127   69     5.75204189298084E-24   1.12740021102424E-21
128   69     1.00000000000000E-99   1.00000000000000E-99
129   69     1.00000000000000E-99   1.00000000000000E-99
130   69     1.00000000000000E-99   1.00000000000000E-99
131   69     1.00000000000000E-99   1.00000000000000E-99
132   69     1.00000000000000E-99   1.00000000000000E-99
133   69     1.00000000000000E-99   1.00000000000000E-99
134   69     1.00000000000000E-99   1.00000000000000E-99
135   69     1.00000000000000E-99   1.00000000000000E-99
136   69     1.00000000000000E-99   1.00000000000000E-99
137   69     1.00000000000000E-99   1.00000000000000E-99
138   69     1.00000000000000E-99   1.00000000000000E-99
139   69     1.00000000000000E-99   1.00000000000000E-99
140   69     1.00000000000000E-99   1.00000000000000E-99
141   69     1.00000000000000E-99   1.00000000000000E-99
142   69     1.00000000000000E-99   1.00000000000000E-99
143   69     1.00000000000000E-99   1.00000000000000E-99
144   69     1.00000000000000E-99   1.00000000000000E-99
145   69     1.00000000000000E-99   1.00000000000000E-99
146   69     1.00000000000000E-99   1.00000000000000E-99
147   69     1.00000000000000E-99   1.00000000000000E-99
148   69     1.00000000000000E-99   1.00000000000000E-99
149   69     1.00000000000000E-99   1.00000000000000E-99
150   69     1.00000000000000E-99   1.00000000000000E-99
151   69     1.00000000000000E-99   1.00000000000000E-99
152   69     1.00000000000000E-99   1.00000000000000E-99
153   69     1.00000000000000E-99   1.00000000000000E-99
154   69     1.00000000000000E-99   1.00000000000000E-99
155   69     1.00000000000000E-99   1.00000000000000E-99
156   69     1.00000000000000E-99   1.00000000000000E-99
157   69     1.00000000000000E-99   1.00000000000000E-99
158   69     1.00000000000000E-99   1.00000000000000E-99
159   69     1.00000000000000E-99   1.00000000000000E-99
160   69     1.00000000000000E-99   1.00000000000000E-99
161   69     1.00000000000000E-99   1.00000000000000E-99
 88   70     1.00000000000000E-99   1.00000000000000E-99
 89   70     1.00000000000000E-99   1.00000000000000E-99
 90   70     1.00000000000000E-99   1.00000000000000E-99
 91   70     1.00000000000000E-99   1.00000000000000E-99
 92   70     1.00000000000000E-99   1.00000000000000E-99
 93   70     1.00000000000000E-99   1.00000000000000E-99
 94   70     1.00000000000000E-99   1.00000000000000E-99
 95   70     1.00000000000000E-99   1.00000000000000E-99
 96   70     1.00000000000000E-99   1.00000000000000E-99
 97   70     1.00000000000000E-99   1.00000000000000E-99
 98   70     1.00000000000000E-99   1.00000000000000E-99
 99   70     1.00000000000000E-99   1.00000000000000E-99
100   70     1.61393240730647E-19   2.74368509242100E-17
101   70     4.93299946023069E-15   8.43542907699449E-13
102   70     4.18060531376043E-13   7.19064113966793E-11
103   70     6.57709453949469E-09   1.13783735533258E-06
104   70     4.96600238093252E-07   8.64084414282259E-05
105   70     2.75367479918447E-07   4.81893089857281E-05
106   70     5.47264981600026E-06   9.63186367616046E-04
107   70     1.07310053497680E-05   1.89938794690894E-03
108   70     1.82017014482191E-05   3.23990285778300E-03
109   70     1.02518407431772E-05   1.83507949302871E-03
110   70     8.69026231843203E-06   1.56424721731777E-03
111   70     8.87373297927854E-07   1.60614566924942E-04
112   70     6.13600826737004E-06   1.11675350466135E-03
113   70     1.40848234369801E-06   2.57752268896736E-04
114   70     8.55816936430361E-07   1.57470316303186E-04
115   70     5.70387760261601E-12   1.05521735648396E-09
116   70     2.26447036427772E-12   4.21191487755656E-10
117   70     5.39833597054139E-13   1.00948882649124E-10
118   70     2.68092116726687E-13   5.04013179446171E-11
119   70     7.91332390746703E-14   1.49561821851127E-11
120   70     7.00868606957153E-14   1.33165035321859E-11
121   70     1.02734666092803E-14   1.96223212237255E-12
122   70     2.48369603447737E-15   4.76869638619656E-13
123   70     3.46122508706288E-16   6.68016441803137E-14
124   70     3.66056926407711E-17   7.10150437230959E-15
125   70     2.27302574955277E-18   4.43240021162789E-16
126   70     2.29500149906007E-19   4.49820293815774E-17
127   70     2.81754727530028E-21   5.55056813234156E-19
128   70     2.36009031608969E-22   4.67297882585758E-20
129   70     6.29298954100962E-25   1.25230491866092E-22
130   70     1.00000000000000E-99   1.00000000000000E-99
131   70     1.00000000000000E-99   1.00000000000000E-99
132   70     1.00000000000000E-99   1.00000000000000E-99
133   70     1.00000000000000E-99   1.00000000000000E-99
134   70     1.00000000000000E-99   1.00000000000000E-99
135   70     1.00000000000000E-99   1.00000000000000E-99
136   70     1.00000000000000E-99   1.00000000000000E-99
137   70     1.00000000000000E-99   1.00000000000000E-99
138   70     1.00000000000000E-99   1.00000000000000E-99
139   70     1.00000000000000E-99   1.00000000000000E-99
140   70     1.00000000000000E-99   1.00000000000000E-99
141   70     1.00000000000000E-99   1.00000000000000E-99
142   70     1.00000000000000E-99   1.00000000000000E-99
143   70     1.00000000000000E-99   1.00000000000000E-99
144   70     1.00000000000000E-99   1.00000000000000E-99
145   70     1.00000000000000E-99   1.00000000000000E-99
146   70     1.00000000000000E-99   1.00000000000000E-99
147   70     1.00000000000000E-99   1.00000000000000E-99
148   70     1.00000000000000E-99   1.00000000000000E-99
149   70     1.00000000000000E-99   1.00000000000000E-99
150   70     1.00000000000000E-99   1.00000000000000E-99
151   70     1.00000000000000E-99   1.00000000000000E-99
152   70     1.00000000000000E-99   1.00000000000000E-99
153   70     1.00000000000000E-99   1.00000000000000E-99
154   70     1.00000000000000E-99   1.00000000000000E-99
155   70     1.00000000000000E-99   1.00000000000000E-99
156   70     1.00000000000000E-99   1.00000000000000E-99
157   70     1.00000000000000E-99   1.00000000000000E-99
158   70     1.00000000000000E-99   1.00000000000000E-99
159   70     1.00000000000000E-99   1.00000000000000E-99
160   70     1.00000000000000E-99   1.00000000000000E-99
161   70     1.00000000000000E-99   1.00000000000000E-99
162   70     1.00000000000000E-99   1.00000000000000E-99
163   70     1.00000000000000E-99   1.00000000000000E-99
164   70     1.00000000000000E-99   1.00000000000000E-99
 90   71     1.00000000000000E-99   1.00000000000000E-99
 91   71     1.00000000000000E-99   1.00000000000000E-99
 92   71     1.00000000000000E-99   1.00000000000000E-99
 93   71     1.00000000000000E-99   1.00000000000000E-99
 94   71     1.00000000000000E-99   1.00000000000000E-99
 95   71     1.00000000000000E-99   1.00000000000000E-99
 96   71     1.00000000000000E-99   1.00000000000000E-99
 97   71     1.00000000000000E-99   1.00000000000000E-99
 98   71     1.00000000000000E-99   1.00000000000000E-99
 99   71     1.00000000000000E-99   1.00000000000000E-99
100   71     1.00000000000000E-99   1.00000000000000E-99
101   71     1.00000000000000E-99   1.00000000000000E-99
102   71     1.00000000000000E-99   1.00000000000000E-99
103   71     1.00000000000000E-99   1.00000000000000E-99
104   71     1.88584368134044E-11   3.30022644234578E-09
105   71     1.89546705698099E-14   3.33602202028655E-12
106   71     6.20754185551876E-08   1.09873490842682E-05
107   71     1.82112340110924E-07   3.24159965397445E-05
108   71     1.24585903007900E-06   2.23008766384141E-04
109   71     3.78270291887068E-06   6.80886525396722E-04
110   71     7.94252286101591E-06   1.43759663784388E-03
111   71     3.88751049447698E-06   7.07526909994810E-04
112   71     2.17512004982477E-06   3.98046969117934E-04
113   71     7.54591818189767E-07   1.38844894546917E-04
114   71     1.31228208828916E-06   2.42772186333495E-04
115   71     3.49974265188590E-07   6.50952133250777E-05
116   71     6.61672816567278E-08   1.23732816698081E-05
117   71     2.07275459730083E-10   3.89677864292555E-08
118   71     4.50389246294894E-13   8.51235675497350E-11
119   71     8.40922923318223E-14   1.59775355430462E-11
120   71     9.43162607143280E-14   1.80144057964366E-11
121   71     2.23727918256579E-14   4.29557603052632E-12
122   71     8.28762660591984E-15   1.59951193494253E-12
123   71     1.76094792441362E-15   3.41623897336242E-13
124   71     3.61827565172456E-16   7.05563752086290E-14
125   71     4.19637570104089E-17   8.22489637404014E-15
126   71     3.85305590822548E-18   7.59052013920419E-16
127   71     6.03631138819074E-20   1.19518965486177E-17
128   71     6.85108634755643E-21   1.36336618316373E-18
129   71     2.35947652101397E-22   4.71895304202793E-20
130   71     8.67184448016604E-24   1.74304074051337E-21
131   71     1.00000000000000E-99   1.00000000000000E-99
132   71     1.00000000000000E-99   1.00000000000000E-99
133   71     1.00000000000000E-99   1.00000000000000E-99
134   71     1.00000000000000E-99   1.00000000000000E-99
135   71     1.00000000000000E-99   1.00000000000000E-99
136   71     1.00000000000000E-99   1.00000000000000E-99
137   71     1.00000000000000E-99   1.00000000000000E-99
138   71     1.00000000000000E-99   1.00000000000000E-99
139   71     1.00000000000000E-99   1.00000000000000E-99
140   71     1.00000000000000E-99   1.00000000000000E-99
141   71     1.00000000000000E-99   1.00000000000000E-99
142   71     1.00000000000000E-99   1.00000000000000E-99
143   71     1.00000000000000E-99   1.00000000000000E-99
144   71     1.00000000000000E-99   1.00000000000000E-99
145   71     1.00000000000000E-99   1.00000000000000E-99
146   71     1.00000000000000E-99   1.00000000000000E-99
147   71     1.00000000000000E-99   1.00000000000000E-99
148   71     1.00000000000000E-99   1.00000000000000E-99
149   71     1.00000000000000E-99   1.00000000000000E-99
150   71     1.00000000000000E-99   1.00000000000000E-99
151   71     1.00000000000000E-99   1.00000000000000E-99
152   71     1.00000000000000E-99   1.00000000000000E-99
153   71     1.00000000000000E-99   1.00000000000000E-99
154   71     1.00000000000000E-99   1.00000000000000E-99
155   71     1.00000000000000E-99   1.00000000000000E-99
156   71     1.00000000000000E-99   1.00000000000000E-99
157   71     1.00000000000000E-99   1.00000000000000E-99
158   71     1.00000000000000E-99   1.00000000000000E-99
159   71     1.00000000000000E-99   1.00000000000000E-99
160   71     1.00000000000000E-99   1.00000000000000E-99
161   71     1.00000000000000E-99   1.00000000000000E-99
162   71     1.00000000000000E-99   1.00000000000000E-99
163   71     1.00000000000000E-99   1.00000000000000E-99
164   71     1.00000000000000E-99   1.00000000000000E-99
165   71     1.00000000000000E-99   1.00000000000000E-99
166   71     1.00000000000000E-99   1.00000000000000E-99
 92   72     1.00000000000000E-99   1.00000000000000E-99
 93   72     1.00000000000000E-99   1.00000000000000E-99
 94   72     1.00000000000000E-99   1.00000000000000E-99
 95   72     1.00000000000000E-99   1.00000000000000E-99
 96   72     1.00000000000000E-99   1.00000000000000E-99
 97   72     1.00000000000000E-99   1.00000000000000E-99
 98   72     1.00000000000000E-99   1.00000000000000E-99
 99   72     1.00000000000000E-99   1.00000000000000E-99
100   72     1.00000000000000E-99   1.00000000000000E-99
101   72     1.00000000000000E-99   1.00000000000000E-99
102   72     1.00000000000000E-99   1.00000000000000E-99
103   72     1.00000000000000E-99   1.00000000000000E-99
104   72     1.00000000000000E-99   1.00000000000000E-99
105   72     2.61288859525599E-12   4.62481281360310E-10
106   72     2.78856400353361E-09   4.96364392628983E-07
107   72     2.25776380102808E-09   4.04139720384027E-07
108   72     3.65914585313996E-07   6.58646253565193E-05
109   72     1.78385148392084E-06   3.22877118589673E-04
110   72     1.42905848732298E-06   2.60088644692783E-04
111   72     2.21798826887551E-06   4.05891853204218E-04
112   72     4.40723485165001E-06   8.10931212703601E-04
113   72     1.92883816667661E-06   3.56835060835173E-04
114   72     2.81832276248108E-06   5.24208033821480E-04
115   72     4.51336471140098E-07   8.43999201031983E-05
116   72     2.24354929613077E-07   4.21787267672586E-05
117   72     1.94385632631096E-06   3.67388845672772E-04
118   72     2.38755419598449E-06   4.53635297237052E-04
119   72     5.21947646772105E-11   9.96920005334721E-09
120   72     8.19397003292892E-10   1.57324224632235E-07
121   72     2.24003477343954E-13   4.32326711273832E-11
122   72     1.32939279514516E-13   2.57902202258161E-11
123   72     3.48162313559818E-14   6.78916511441645E-12
124   72     1.10328910117754E-14   2.16244663830798E-12
125   72     2.10103014664949E-15   4.13902938889949E-13
126   72     2.84754163057420E-16   5.63813242853692E-14
127   72     6.55643419669880E-18   1.30473040514306E-15
128   72     4.93640801640506E-19   9.87281603281012E-17
129   72     4.00457085709672E-20   8.04918742276441E-18
130   72     2.19400307126023E-21   4.43188620394567E-19
131   72     1.08088619318894E-22   2.19419897217355E-20
132   72     7.44312461354719E-25   1.51839742116363E-22
133   72     1.00000000000000E-99   1.00000000000000E-99
134   72     1.00000000000000E-99   1.00000000000000E-99
135   72     1.00000000000000E-99   1.00000000000000E-99
136   72     1.00000000000000E-99   1.00000000000000E-99
137   72     1.00000000000000E-99   1.00000000000000E-99
138   72     1.00000000000000E-99   1.00000000000000E-99
139   72     1.00000000000000E-99   1.00000000000000E-99
140   72     1.00000000000000E-99   1.00000000000000E-99
141   72     1.00000000000000E-99   1.00000000000000E-99
142   72     1.00000000000000E-99   1.00000000000000E-99
143   72     1.00000000000000E-99   1.00000000000000E-99
144   72     1.00000000000000E-99   1.00000000000000E-99
145   72     1.00000000000000E-99   1.00000000000000E-99
146   72     1.00000000000000E-99   1.00000000000000E-99
147   72     1.00000000000000E-99   1.00000000000000E-99
148   72     1.00000000000000E-99   1.00000000000000E-99
149   72     1.00000000000000E-99   1.00000000000000E-99
150   72     1.00000000000000E-99   1.00000000000000E-99
151   72     1.00000000000000E-99   1.00000000000000E-99
152   72     1.00000000000000E-99   1.00000000000000E-99
153   72     1.00000000000000E-99   1.00000000000000E-99
154   72     1.00000000000000E-99   1.00000000000000E-99
155   72     1.00000000000000E-99   1.00000000000000E-99
156   72     1.00000000000000E-99   1.00000000000000E-99
157   72     1.00000000000000E-99   1.00000000000000E-99
158   72     1.00000000000000E-99   1.00000000000000E-99
159   72     1.00000000000000E-99   1.00000000000000E-99
160   72     1.00000000000000E-99   1.00000000000000E-99
161   72     1.00000000000000E-99   1.00000000000000E-99
162   72     1.00000000000000E-99   1.00000000000000E-99
163   72     1.00000000000000E-99   1.00000000000000E-99
164   72     1.00000000000000E-99   1.00000000000000E-99
165   72     1.00000000000000E-99   1.00000000000000E-99
166   72     1.00000000000000E-99   1.00000000000000E-99
167   72     1.00000000000000E-99   1.00000000000000E-99
168   72     1.00000000000000E-99   1.00000000000000E-99
 96   73     1.00000000000000E-99   1.00000000000000E-99
 97   73     1.00000000000000E-99   1.00000000000000E-99
 98   73     1.00000000000000E-99   1.00000000000000E-99
 99   73     1.00000000000000E-99   1.00000000000000E-99
100   73     1.00000000000000E-99   1.00000000000000E-99
101   73     1.00000000000000E-99   1.00000000000000E-99
102   73     1.00000000000000E-99   1.00000000000000E-99
103   73     1.00000000000000E-99   1.00000000000000E-99
104   73     1.00000000000000E-99   1.00000000000000E-99
105   73     1.00000000000000E-99   1.00000000000000E-99
106   73     1.00000000000000E-99   1.00000000000000E-99
107   73     1.68940247852780E-21   3.04092446135004E-19
108   73     1.27226152208992E-11   2.30279335498276E-09
109   73     1.42465017086827E-14   2.59286331098026E-12
110   73     1.83046294590902E-08   3.34974719101351E-06
111   73     1.09821326357251E-08   2.02071240497341E-06
112   73     3.99655848444411E-07   7.39363319622161E-05
113   73     9.63598887329102E-07   1.79229393043213E-04
114   73     2.00311482425304E-06   3.74582472135318E-04
115   73     8.57438789990110E-07   1.61198492518141E-04
116   73     3.16037459662766E-06   5.97310798762627E-04
117   73     5.91819990643544E-07   1.12445798222273E-04
118   73     1.96999381646659E-08   3.76268818945118E-06
119   73     4.70116246039529E-10   9.02623192395896E-08
120   73     5.49189680313424E-11   1.05993608300491E-08
121   73     3.08154825872333E-13   5.97820362192327E-11
122   73     1.55784267411830E-13   3.03779321453069E-11
123   73     4.24407498179770E-14   8.31838696432349E-12
124   73     1.90379007832890E-14   3.75046645430794E-12
125   73     5.47532751578544E-15   1.08411484812552E-12
126   73     1.22659166954150E-15   2.44091742238758E-13
127   73     4.86714576633305E-17   9.73429153266609E-15
128   73     9.54505548268945E-18   1.91855615202058E-15
129   73     3.85209673175505E-19   7.78123539814520E-17
130   73     4.14679271434562E-20   8.41798921012161E-18
131   73     2.21776322035573E-21   4.52423696952568E-19
132   73     2.84448083868079E-22   5.83118571929561E-20
133   73     6.90617688198306E-24   1.42267243768851E-21
134   73     1.00000000000000E-99   1.00000000000000E-99
135   73     1.00000000000000E-99   1.00000000000000E-99
136   73     1.00000000000000E-99   1.00000000000000E-99
137   73     1.00000000000000E-99   1.00000000000000E-99
138   73     1.00000000000000E-99   1.00000000000000E-99
139   73     1.00000000000000E-99   1.00000000000000E-99
140   73     1.00000000000000E-99   1.00000000000000E-99
141   73     1.00000000000000E-99   1.00000000000000E-99
142   73     1.00000000000000E-99   1.00000000000000E-99
143   73     1.00000000000000E-99   1.00000000000000E-99
144   73     1.00000000000000E-99   1.00000000000000E-99
145   73     1.00000000000000E-99   1.00000000000000E-99
146   73     1.00000000000000E-99   1.00000000000000E-99
147   73     1.00000000000000E-99   1.00000000000000E-99
148   73     1.00000000000000E-99   1.00000000000000E-99
149   73     1.00000000000000E-99   1.00000000000000E-99
150   73     1.00000000000000E-99   1.00000000000000E-99
151   73     1.00000000000000E-99   1.00000000000000E-99
152   73     1.00000000000000E-99   1.00000000000000E-99
153   73     1.00000000000000E-99   1.00000000000000E-99
154   73     1.00000000000000E-99   1.00000000000000E-99
155   73     1.00000000000000E-99   1.00000000000000E-99
156   73     1.00000000000000E-99   1.00000000000000E-99
157   73     1.00000000000000E-99   1.00000000000000E-99
158   73     1.00000000000000E-99   1.00000000000000E-99
159   73     1.00000000000000E-99   1.00000000000000E-99
160   73     1.00000000000000E-99   1.00000000000000E-99
161   73     1.00000000000000E-99   1.00000000000000E-99
162   73     1.00000000000000E-99   1.00000000000000E-99
163   73     1.00000000000000E-99   1.00000000000000E-99
164   73     1.00000000000000E-99   1.00000000000000E-99
165   73     1.00000000000000E-99   1.00000000000000E-99
166   73     1.00000000000000E-99   1.00000000000000E-99
167   73     1.00000000000000E-99   1.00000000000000E-99
168   73     1.00000000000000E-99   1.00000000000000E-99
169   73     1.00000000000000E-99   1.00000000000000E-99
170   73     1.00000000000000E-99   1.00000000000000E-99
 98   74     1.00000000000000E-99   1.00000000000000E-99
 99   74     1.00000000000000E-99   1.00000000000000E-99
100   74     1.00000000000000E-99   1.00000000000000E-99
101   74     1.00000000000000E-99   1.00000000000000E-99
102   74     1.00000000000000E-99   1.00000000000000E-99
103   74     1.00000000000000E-99   1.00000000000000E-99
104   74     1.00000000000000E-99   1.00000000000000E-99
105   74     1.00000000000000E-99   1.00000000000000E-99
106   74     1.00000000000000E-99   1.00000000000000E-99
107   74     1.00000000000000E-99   1.00000000000000E-99
108   74     3.41198076430344E-20   6.20980499103227E-18
109   74     8.61346081928364E-13   1.57626332992891E-10
110   74     8.15611297040268E-12   1.50072478655409E-09
111   74     3.53854787238961E-09   6.54631356392079E-07
112   74     4.54248098736734E-08   8.44901463650325E-06
113   74     6.36579039927191E-07   1.19040280466385E-04
114   74     6.52691008202664E-06   1.22705909542101E-03
115   74     8.15962565658785E-06   1.54216924909510E-03
116   74     3.15992426260170E-05   6.00385609894322E-03
117   74     1.38583254415279E-05   2.64694015933182E-03
118   74     4.42580490437321E-05   8.49754541639655E-03
119   74     3.61640128981471E-06   6.97965448934240E-04
120   74     1.95440855225803E-06   3.79155259138057E-04
121   74     2.00626857690792E-07   3.91222372497045E-05
122   74     3.21896126812504E-07   6.30916408552508E-05
123   74     3.66632268468607E-10   7.22265568883156E-08
124   74     8.48704308578654E-11   1.68043453098574E-08
125   74     7.38197974920681E-14   1.46901397009215E-11
126   74     2.00040685278703E-14   4.00081370557405E-12
127   74     9.88913085153290E-16   1.98771530115811E-13
128   74     3.30138373246293E-16   6.66879513957512E-14
129   74     3.16027382940172E-17   6.41535587368549E-15
130   74     5.79106140112434E-18   1.18137652582936E-15
131   74     7.19012909030112E-20   1.47397646351173E-17
132   74     1.44184581189117E-20   2.97020237249582E-18
133   74     8.06855502031507E-22   1.67019088920522E-19
134   74     4.15581066109981E-23   8.64408617508761E-21
135   74     1.00000000000000E-99   1.00000000000000E-99
136   74     1.00000000000000E-99   1.00000000000000E-99
137   74     1.00000000000000E-99   1.00000000000000E-99
138   74     1.00000000000000E-99   1.00000000000000E-99
139   74     1.00000000000000E-99   1.00000000000000E-99
140   74     1.00000000000000E-99   1.00000000000000E-99
141   74     1.00000000000000E-99   1.00000000000000E-99
142   74     1.00000000000000E-99   1.00000000000000E-99
143   74     1.00000000000000E-99   1.00000000000000E-99
144   74     1.00000000000000E-99   1.00000000000000E-99
145   74     1.00000000000000E-99   1.00000000000000E-99
146   74     1.00000000000000E-99   1.00000000000000E-99
147   74     1.00000000000000E-99   1.00000000000000E-99
148   74     1.00000000000000E-99   1.00000000000000E-99
149   74     1.00000000000000E-99   1.00000000000000E-99
150   74     1.00000000000000E-99   1.00000000000000E-99
151   74     1.00000000000000E-99   1.00000000000000E-99
152   74     1.00000000000000E-99   1.00000000000000E-99
153   74     1.00000000000000E-99   1.00000000000000E-99
154   74     1.00000000000000E-99   1.00000000000000E-99
155   74     1.00000000000000E-99   1.00000000000000E-99
156   74     1.00000000000000E-99   1.00000000000000E-99
157   74     1.00000000000000E-99   1.00000000000000E-99
158   74     1.00000000000000E-99   1.00000000000000E-99
159   74     1.00000000000000E-99   1.00000000000000E-99
160   74     1.00000000000000E-99   1.00000000000000E-99
161   74     1.00000000000000E-99   1.00000000000000E-99
162   74     1.00000000000000E-99   1.00000000000000E-99
163   74     1.00000000000000E-99   1.00000000000000E-99
164   74     1.00000000000000E-99   1.00000000000000E-99
165   74     1.00000000000000E-99   1.00000000000000E-99
166   74     1.00000000000000E-99   1.00000000000000E-99
167   74     1.00000000000000E-99   1.00000000000000E-99
168   74     1.00000000000000E-99   1.00000000000000E-99
169   74     1.00000000000000E-99   1.00000000000000E-99
170   74     1.00000000000000E-99   1.00000000000000E-99
171   74     1.00000000000000E-99   1.00000000000000E-99
172   74     1.00000000000000E-99   1.00000000000000E-99
173   74     1.00000000000000E-99   1.00000000000000E-99
 99   75     1.00000000000000E-99   1.00000000000000E-99
100   75     1.00000000000000E-99   1.00000000000000E-99
101   75     1.00000000000000E-99   1.00000000000000E-99
102   75     1.00000000000000E-99   1.00000000000000E-99
103   75     1.00000000000000E-99   1.00000000000000E-99
104   75     1.00000000000000E-99   1.00000000000000E-99
105   75     1.00000000000000E-99   1.00000000000000E-99
106   75     1.00000000000000E-99   1.00000000000000E-99
107   75     1.00000000000000E-99   1.00000000000000E-99
108   75     1.00000000000000E-99   1.00000000000000E-99
109   75     1.00000000000000E-99   1.00000000000000E-99
110   75     1.03101981277508E-14   1.90738665363390E-12
111   75     9.96620710214281E-18   1.85371452099856E-15
112   75     1.84625029841097E-10   3.45248805802850E-08
113   75     4.04904476120979E-11   7.61220415107441E-09
114   75     4.37123954330106E-07   8.26164273683900E-05
115   75     7.17509084114589E-07   1.36326725981772E-04
116   75     2.21408516329981E-05   4.22890266190264E-03
117   75     1.29377322989840E-05   2.48404460140493E-03
118   75     1.00729081449620E-04   1.94407127197766E-02
119   75     3.66606908218732E-05   7.11217401944340E-03
120   75     3.77605087632918E-07   7.36329920884191E-05
121   75     1.26528775055644E-07   2.47996399109063E-05
122   75     7.41094717411782E-08   1.45995659330121E-05
123   75     3.37826254981355E-10   6.68895984863084E-08
124   75     6.54328021703057E-11   1.30211276318908E-08
125   75     7.14085265678824E-14   1.42817053135765E-11
126   75     1.23606564783319E-14   2.48449195214472E-12
127   75     1.32538038681235E-15   2.67726838136094E-13
128   75     4.41227146394982E-16   8.95691107181814E-14
129   75     7.69611180590457E-17   1.57000680840453E-14
130   75     2.73315850833051E-17   5.60297494207755E-15
131   75     1.88884623537485E-18   3.89102324487219E-16
132   75     2.62534411803143E-19   5.43446232432505E-17
133   75     1.57615191525701E-20   3.27839598373458E-18
134   75     9.55420478199369E-22   1.99682879943668E-19
135   75     4.46858966494864E-23   9.38403829639214E-21
136   75     6.89821376877959E-24   1.45552310521249E-21
137   75     1.00000000000000E-99   1.00000000000000E-99
138   75     1.00000000000000E-99   1.00000000000000E-99
139   75     1.00000000000000E-99   1.00000000000000E-99
140   75     1.00000000000000E-99   1.00000000000000E-99
141   75     1.00000000000000E-99   1.00000000000000E-99
142   75     1.00000000000000E-99   1.00000000000000E-99
143   75     1.00000000000000E-99   1.00000000000000E-99
144   75     1.00000000000000E-99   1.00000000000000E-99
145   75     1.00000000000000E-99   1.00000000000000E-99
146   75     1.00000000000000E-99   1.00000000000000E-99
147   75     1.00000000000000E-99   1.00000000000000E-99
148   75     1.00000000000000E-99   1.00000000000000E-99
149   75     1.00000000000000E-99   1.00000000000000E-99
150   75     1.00000000000000E-99   1.00000000000000E-99
151   75     1.00000000000000E-99   1.00000000000000E-99
152   75     1.00000000000000E-99   1.00000000000000E-99
153   75     1.00000000000000E-99   1.00000000000000E-99
154   75     1.00000000000000E-99   1.00000000000000E-99
155   75     1.00000000000000E-99   1.00000000000000E-99
156   75     1.00000000000000E-99   1.00000000000000E-99
157   75     1.00000000000000E-99   1.00000000000000E-99
158   75     1.00000000000000E-99   1.00000000000000E-99
159   75     1.00000000000000E-99   1.00000000000000E-99
160   75     1.00000000000000E-99   1.00000000000000E-99
161   75     1.00000000000000E-99   1.00000000000000E-99
162   75     1.00000000000000E-99   1.00000000000000E-99
163   75     1.00000000000000E-99   1.00000000000000E-99
164   75     1.00000000000000E-99   1.00000000000000E-99
165   75     1.00000000000000E-99   1.00000000000000E-99
166   75     1.00000000000000E-99   1.00000000000000E-99
167   75     1.00000000000000E-99   1.00000000000000E-99
168   75     1.00000000000000E-99   1.00000000000000E-99
169   75     1.00000000000000E-99   1.00000000000000E-99
170   75     1.00000000000000E-99   1.00000000000000E-99
171   75     1.00000000000000E-99   1.00000000000000E-99
172   75     1.00000000000000E-99   1.00000000000000E-99
173   75     1.00000000000000E-99   1.00000000000000E-99
174   75     1.00000000000000E-99   1.00000000000000E-99
175   75     1.00000000000000E-99   1.00000000000000E-99
101   76     1.00000000000000E-99   1.00000000000000E-99
102   76     1.00000000000000E-99   1.00000000000000E-99
103   76     1.00000000000000E-99   1.00000000000000E-99
104   76     1.00000000000000E-99   1.00000000000000E-99
105   76     1.00000000000000E-99   1.00000000000000E-99
106   76     1.00000000000000E-99   1.00000000000000E-99
107   76     1.00000000000000E-99   1.00000000000000E-99
108   76     1.00000000000000E-99   1.00000000000000E-99
109   76     1.00000000000000E-99   1.00000000000000E-99
110   76     5.38001616028261E-22   1.00068300581257E-19
111   76     1.00000000000000E-99   1.00000000000000E-99
112   76     1.50329241098165E-14   2.82618973264551E-12
113   76     1.10988220434925E-10   2.09767736622007E-08
114   76     1.07392688658829E-07   2.04046108451775E-05
115   76     1.36687416534660E-06   2.61072965581200E-04
116   76     5.70316318267200E-05   1.09500733107302E-02
117   76     9.62268386037377E-05   1.85717798505214E-02
118   76     2.52978911103600E-04   4.90779087540985E-02
119   76     3.55367512369901E-04   6.92966649121308E-02
120   76     2.45643639040971E-04   4.81461532520303E-02
121   76     1.31492873074482E-04   2.59040959956730E-02
122   76     3.56969477319016E-05   7.06799565091651E-03
123   76     9.22826953379445E-10   1.83642563722510E-07
124   76     9.63310336074839E-11   1.92662067214968E-08
125   76     1.32846779780306E-07   2.67022027358415E-05
126   76     3.24002553208557E-09   6.54485157481285E-07
127   76     5.73512690251960E-15   1.16423076121148E-12
128   76     3.72144353407547E-15   7.59174480951396E-13
129   76     7.67670100407918E-16   1.57372370583623E-13
130   76     4.18989017355909E-16   8.63117375753172E-14
131   76     5.94907750554779E-17   1.23145904364839E-14
132   76     1.98472487298269E-17   4.12822773580400E-15
133   76     6.72340598032030E-19   1.40519184988694E-16
134   76     4.60480369279188E-21   9.67008775486294E-19
135   76     5.05286512188961E-22   1.06615454071871E-19
136   76     1.37775648116375E-22   2.92084374006715E-20
137   76     2.20204206844977E-23   4.69034960579802E-21
138   76     1.00000000000000E-99   1.00000000000000E-99
139   76     1.00000000000000E-99   1.00000000000000E-99
140   76     1.00000000000000E-99   1.00000000000000E-99
141   76     1.00000000000000E-99   1.00000000000000E-99
142   76     1.00000000000000E-99   1.00000000000000E-99
143   76     1.00000000000000E-99   1.00000000000000E-99
144   76     1.00000000000000E-99   1.00000000000000E-99
145   76     1.00000000000000E-99   1.00000000000000E-99
146   76     1.00000000000000E-99   1.00000000000000E-99
147   76     1.00000000000000E-99   1.00000000000000E-99
148   76     1.00000000000000E-99   1.00000000000000E-99
149   76     1.00000000000000E-99   1.00000000000000E-99
150   76     1.00000000000000E-99   1.00000000000000E-99
151   76     1.00000000000000E-99   1.00000000000000E-99
152   76     1.00000000000000E-99   1.00000000000000E-99
153   76     1.00000000000000E-99   1.00000000000000E-99
154   76     1.00000000000000E-99   1.00000000000000E-99
155   76     1.00000000000000E-99   1.00000000000000E-99
156   76     1.00000000000000E-99   1.00000000000000E-99
157   76     1.00000000000000E-99   1.00000000000000E-99
158   76     1.00000000000000E-99   1.00000000000000E-99
159   76     1.00000000000000E-99   1.00000000000000E-99
160   76     1.00000000000000E-99   1.00000000000000E-99
161   76     1.00000000000000E-99   1.00000000000000E-99
162   76     1.00000000000000E-99   1.00000000000000E-99
163   76     1.00000000000000E-99   1.00000000000000E-99
164   76     1.00000000000000E-99   1.00000000000000E-99
165   76     1.00000000000000E-99   1.00000000000000E-99
166   76     1.00000000000000E-99   1.00000000000000E-99
167   76     1.00000000000000E-99   1.00000000000000E-99
168   76     1.00000000000000E-99   1.00000000000000E-99
169   76     1.00000000000000E-99   1.00000000000000E-99
170   76     1.00000000000000E-99   1.00000000000000E-99
171   76     1.00000000000000E-99   1.00000000000000E-99
172   76     1.00000000000000E-99   1.00000000000000E-99
173   76     1.00000000000000E-99   1.00000000000000E-99
174   76     1.00000000000000E-99   1.00000000000000E-99
175   76     1.00000000000000E-99   1.00000000000000E-99
176   76     1.00000000000000E-99   1.00000000000000E-99
177   76     1.00000000000000E-99   1.00000000000000E-99
103   77     1.00000000000000E-99   1.00000000000000E-99
104   77     1.00000000000000E-99   1.00000000000000E-99
105   77     1.00000000000000E-99   1.00000000000000E-99
106   77     1.00000000000000E-99   1.00000000000000E-99
107   77     1.00000000000000E-99   1.00000000000000E-99
108   77     1.00000000000000E-99   1.00000000000000E-99
109   77     1.00000000000000E-99   1.00000000000000E-99
110   77     1.00000000000000E-99   1.00000000000000E-99
111   77     1.00000000000000E-99   1.00000000000000E-99
112   77     1.00000000000000E-99   1.00000000000000E-99
113   77     1.00000000000000E-99   1.00000000000000E-99
114   77     2.33454935344262E-11   4.45898926507541E-09
115   77     3.38110776193730E-14   6.49172690291962E-12
116   77     2.77546959058827E-08   5.35665630983537E-06
117   77     8.56841672724208E-11   1.66227284508496E-08
118   77     3.83608734373672E-05   7.48037032028660E-03
119   77     4.11980048473074E-06   8.07480895007225E-04
120   77     5.04805889613932E-05   9.94467602539446E-03
121   77     4.21231921993049E-06   8.34039205546237E-04
122   77     1.32916330968313E-08   2.64503498626944E-06
123   77     3.53499252195902E-07   7.06998504391804E-05
124   77     3.22591751505466E-07   6.48409420525986E-05
125   77     7.67095411460040E-09   1.54953273114928E-06
126   77     1.12090053494813E-09   2.27542808594470E-07
127   77     6.61746068988132E-15   1.34996198073579E-12
128   77     6.47532472037298E-15   1.32744156767646E-12
129   77     7.23001858350752E-16   1.48938382820255E-13
130   77     4.70034882943786E-16   9.72972207693638E-14
131   77     1.25906145446918E-16   2.61884782529590E-14
132   77     3.60098087567914E-17   7.52605003016940E-15
133   77     2.99668314876793E-18   6.29303461241266E-16
134   77     9.48805705550220E-19   2.00198003871096E-16
135   77     1.76847608074335E-21   3.74916929117589E-19
136   77     7.39897036891879E-22   1.57598068857970E-19
137   77     1.00000000000000E-99   1.00000000000000E-99
138   77     1.00000000000000E-99   1.00000000000000E-99
139   77     1.00000000000000E-99   1.00000000000000E-99
140   77     1.00000000000000E-99   1.00000000000000E-99
141   77     1.00000000000000E-99   1.00000000000000E-99
142   77     1.00000000000000E-99   1.00000000000000E-99
143   77     1.00000000000000E-99   1.00000000000000E-99
144   77     1.00000000000000E-99   1.00000000000000E-99
145   77     1.00000000000000E-99   1.00000000000000E-99
146   77     1.00000000000000E-99   1.00000000000000E-99
147   77     1.00000000000000E-99   1.00000000000000E-99
148   77     1.00000000000000E-99   1.00000000000000E-99
149   77     1.00000000000000E-99   1.00000000000000E-99
150   77     1.00000000000000E-99   1.00000000000000E-99
151   77     1.00000000000000E-99   1.00000000000000E-99
152   77     1.00000000000000E-99   1.00000000000000E-99
153   77     1.00000000000000E-99   1.00000000000000E-99
154   77     1.00000000000000E-99   1.00000000000000E-99
155   77     1.00000000000000E-99   1.00000000000000E-99
156   77     1.00000000000000E-99   1.00000000000000E-99
157   77     1.00000000000000E-99   1.00000000000000E-99
158   77     1.00000000000000E-99   1.00000000000000E-99
159   77     1.00000000000000E-99   1.00000000000000E-99
160   77     1.00000000000000E-99   1.00000000000000E-99
161   77     1.00000000000000E-99   1.00000000000000E-99
162   77     1.00000000000000E-99   1.00000000000000E-99
163   77     1.00000000000000E-99   1.00000000000000E-99
164   77     1.00000000000000E-99   1.00000000000000E-99
165   77     1.00000000000000E-99   1.00000000000000E-99
166   77     1.00000000000000E-99   1.00000000000000E-99
167   77     1.00000000000000E-99   1.00000000000000E-99
168   77     1.00000000000000E-99   1.00000000000000E-99
169   77     1.00000000000000E-99   1.00000000000000E-99
170   77     1.00000000000000E-99   1.00000000000000E-99
171   77     1.00000000000000E-99   1.00000000000000E-99
172   77     1.00000000000000E-99   1.00000000000000E-99
173   77     1.00000000000000E-99   1.00000000000000E-99
174   77     1.00000000000000E-99   1.00000000000000E-99
175   77     1.00000000000000E-99   1.00000000000000E-99
176   77     1.00000000000000E-99   1.00000000000000E-99
177   77     1.00000000000000E-99   1.00000000000000E-99
178   77     1.00000000000000E-99   1.00000000000000E-99
179   77     1.00000000000000E-99   1.00000000000000E-99
105   78     1.00000000000000E-99   1.00000000000000E-99
106   78     1.00000000000000E-99   1.00000000000000E-99
107   78     1.00000000000000E-99   1.00000000000000E-99
108   78     1.00000000000000E-99   1.00000000000000E-99
109   78     1.00000000000000E-99   1.00000000000000E-99
110   78     1.00000000000000E-99   1.00000000000000E-99
111   78     1.00000000000000E-99   1.00000000000000E-99
112   78     1.00000000000000E-99   1.00000000000000E-99
113   78     1.00000000000000E-99   1.00000000000000E-99
114   78     1.03767150757128E-19   1.99232929453685E-17
115   78     3.73277486061733E-23   7.20425548099144E-21
116   78     3.10663198851985E-14   6.02686605772851E-12
117   78     1.26069643415524E-07   2.45835804660273E-05
118   78     2.84909033670030E-06   5.58421705993259E-04
119   78     4.84199936143663E-06   9.53873874203017E-04
120   78     4.26276743694740E-05   8.44027952515585E-03
121   78     4.79902449129320E-05   9.55005873767347E-03
122   78     6.47171532007928E-06   1.29434306401586E-03
123   78     1.50277304478149E-06   3.02057382001080E-04
124   78     4.60422007473693E-07   9.30052455096859E-05
125   78     3.71907382454848E-09   7.54971986383341E-07
126   78     4.90221635405205E-10   1.00005213622662E-07
127   78     9.90063799046086E-15   2.02963078804448E-12
128   78     1.49454015485400E-12   3.07875271899924E-10
129   78     3.45497316454519E-15   7.15179445060854E-13
130   78     1.64459810894875E-15   3.42076406661339E-13
131   78     3.78596718781144E-16   7.91267142252592E-14
132   78     6.41431404143728E-17   1.34700594870183E-14
133   78     2.68260411357571E-17   5.66029467964476E-15
134   78     1.11213179798015E-18   2.35771941171793E-16
135   78     1.13821918333819E-20   2.42440686051034E-18
136   78     1.55458312600345E-21   3.32680788964739E-19
137   78     2.09328282627831E-23   4.50055807649837E-21
138   78     1.00000000000000E-99   1.00000000000000E-99
139   78     1.00000000000000E-99   1.00000000000000E-99
140   78     1.00000000000000E-99   1.00000000000000E-99
141   78     1.00000000000000E-99   1.00000000000000E-99
142   78     1.00000000000000E-99   1.00000000000000E-99
143   78     1.00000000000000E-99   1.00000000000000E-99
144   78     1.00000000000000E-99   1.00000000000000E-99
145   78     1.00000000000000E-99   1.00000000000000E-99
146   78     1.00000000000000E-99   1.00000000000000E-99
147   78     1.00000000000000E-99   1.00000000000000E-99
148   78     1.00000000000000E-99   1.00000000000000E-99
149   78     1.00000000000000E-99   1.00000000000000E-99
150   78     1.00000000000000E-99   1.00000000000000E-99
151   78     1.00000000000000E-99   1.00000000000000E-99
152   78     1.00000000000000E-99   1.00000000000000E-99
153   78     1.00000000000000E-99   1.00000000000000E-99
154   78     1.00000000000000E-99   1.00000000000000E-99
155   78     1.00000000000000E-99   1.00000000000000E-99
156   78     1.00000000000000E-99   1.00000000000000E-99
157   78     1.00000000000000E-99   1.00000000000000E-99
158   78     1.00000000000000E-99   1.00000000000000E-99
159   78     1.00000000000000E-99   1.00000000000000E-99
160   78     1.00000000000000E-99   1.00000000000000E-99
161   78     1.00000000000000E-99   1.00000000000000E-99
162   78     1.00000000000000E-99   1.00000000000000E-99
163   78     1.00000000000000E-99   1.00000000000000E-99
164   78     1.00000000000000E-99   1.00000000000000E-99
165   78     1.00000000000000E-99   1.00000000000000E-99
166   78     1.00000000000000E-99   1.00000000000000E-99
167   78     1.00000000000000E-99   1.00000000000000E-99
168   78     1.00000000000000E-99   1.00000000000000E-99
169   78     1.00000000000000E-99   1.00000000000000E-99
170   78     1.00000000000000E-99   1.00000000000000E-99
171   78     1.00000000000000E-99   1.00000000000000E-99
172   78     1.00000000000000E-99   1.00000000000000E-99
173   78     1.00000000000000E-99   1.00000000000000E-99
174   78     1.00000000000000E-99   1.00000000000000E-99
175   78     1.00000000000000E-99   1.00000000000000E-99
176   78     1.00000000000000E-99   1.00000000000000E-99
177   78     1.00000000000000E-99   1.00000000000000E-99
178   78     1.00000000000000E-99   1.00000000000000E-99
179   78     1.00000000000000E-99   1.00000000000000E-99
180   78     1.00000000000000E-99   1.00000000000000E-99
181   78     1.00000000000000E-99   1.00000000000000E-99
182   78     1.00000000000000E-99   1.00000000000000E-99
106   79     1.00000000000000E-99   1.00000000000000E-99
107   79     1.00000000000000E-99   1.00000000000000E-99
108   79     1.00000000000000E-99   1.00000000000000E-99
109   79     1.00000000000000E-99   1.00000000000000E-99
110   79     1.00000000000000E-99   1.00000000000000E-99
111   79     1.00000000000000E-99   1.00000000000000E-99
112   79     1.00000000000000E-99   1.00000000000000E-99
113   79     1.00000000000000E-99   1.00000000000000E-99
114   79     1.00000000000000E-99   1.00000000000000E-99
115   79     1.00000000000000E-99   1.00000000000000E-99
116   79     1.00000000000000E-99   1.00000000000000E-99
117   79     8.89729805135024E-22   1.74387041806465E-19
118   79     1.47379590490846E-09   2.90337793266967E-07
119   79     9.78458904924601E-13   1.93734863175071E-10
120   79     1.44803989406003E-06   2.88159938917945E-04
121   79     6.99143979196192E-09   1.39828795839238E-06
122   79     4.20399158560154E-07   8.45002308705910E-05
123   79     8.22829901498116E-11   1.66211640102619E-08
124   79     1.87336884332269E-07   3.80293875194506E-05
125   79     1.09529285915182E-07   2.23439743266972E-05
126   79     4.18510059288462E-08   8.57945621541347E-06
127   79     1.71559007160836E-12   3.53411554751322E-10
128   79     2.28891854854086E-14   4.73806139547957E-12
129   79     2.48225630296283E-15   5.16309311016269E-13
130   79     1.09450824175065E-15   2.28752222525886E-13
131   79     1.52538540887385E-16   3.20330935863508E-14
132   79     6.10005559283083E-17   1.28711173008731E-14
133   79     3.80673006226325E-18   8.07026773199809E-16
134   79     5.55901951147358E-20   1.18407115594387E-17
135   79     5.27862442310968E-21   1.12962562654547E-18
136   79     8.15648190840160E-23   1.75364361030634E-20
137   79     1.00000000000000E-99   1.00000000000000E-99
138   79     1.00000000000000E-99   1.00000000000000E-99
139   79     1.00000000000000E-99   1.00000000000000E-99
140   79     1.00000000000000E-99   1.00000000000000E-99
141   79     1.00000000000000E-99   1.00000000000000E-99
142   79     1.00000000000000E-99   1.00000000000000E-99
143   79     1.00000000000000E-99   1.00000000000000E-99
144   79     1.00000000000000E-99   1.00000000000000E-99
145   79     1.00000000000000E-99   1.00000000000000E-99
146   79     1.00000000000000E-99   1.00000000000000E-99
147   79     1.00000000000000E-99   1.00000000000000E-99
148   79     1.00000000000000E-99   1.00000000000000E-99
149   79     1.00000000000000E-99   1.00000000000000E-99
150   79     1.00000000000000E-99   1.00000000000000E-99
151   79     1.00000000000000E-99   1.00000000000000E-99
152   79     1.00000000000000E-99   1.00000000000000E-99
153   79     1.00000000000000E-99   1.00000000000000E-99
154   79     1.00000000000000E-99   1.00000000000000E-99
155   79     1.00000000000000E-99   1.00000000000000E-99
156   79     1.00000000000000E-99   1.00000000000000E-99
157   79     1.00000000000000E-99   1.00000000000000E-99
158   79     1.00000000000000E-99   1.00000000000000E-99
159   79     1.00000000000000E-99   1.00000000000000E-99
160   79     1.00000000000000E-99   1.00000000000000E-99
161   79     1.00000000000000E-99   1.00000000000000E-99
162   79     1.00000000000000E-99   1.00000000000000E-99
163   79     1.00000000000000E-99   1.00000000000000E-99
164   79     1.00000000000000E-99   1.00000000000000E-99
165   79     1.00000000000000E-99   1.00000000000000E-99
166   79     1.00000000000000E-99   1.00000000000000E-99
167   79     1.00000000000000E-99   1.00000000000000E-99
168   79     1.00000000000000E-99   1.00000000000000E-99
169   79     1.00000000000000E-99   1.00000000000000E-99
170   79     1.00000000000000E-99   1.00000000000000E-99
171   79     1.00000000000000E-99   1.00000000000000E-99
172   79     1.00000000000000E-99   1.00000000000000E-99
173   79     1.00000000000000E-99   1.00000000000000E-99
174   79     1.00000000000000E-99   1.00000000000000E-99
175   79     1.00000000000000E-99   1.00000000000000E-99
176   79     1.00000000000000E-99   1.00000000000000E-99
177   79     1.00000000000000E-99   1.00000000000000E-99
178   79     1.00000000000000E-99   1.00000000000000E-99
179   79     1.00000000000000E-99   1.00000000000000E-99
180   79     1.00000000000000E-99   1.00000000000000E-99
181   79     1.00000000000000E-99   1.00000000000000E-99
182   79     1.00000000000000E-99   1.00000000000000E-99
183   79     1.00000000000000E-99   1.00000000000000E-99
184   79     1.00000000000000E-99   1.00000000000000E-99
109   80     1.00000000000000E-99   1.00000000000000E-99
110   80     1.00000000000000E-99   1.00000000000000E-99
111   80     1.00000000000000E-99   1.00000000000000E-99
112   80     1.00000000000000E-99   1.00000000000000E-99
113   80     1.00000000000000E-99   1.00000000000000E-99
114   80     1.00000000000000E-99   1.00000000000000E-99
115   80     1.00000000000000E-99   1.00000000000000E-99
116   80     1.00000000000000E-99   1.00000000000000E-99
117   80     1.00000000000000E-99   1.00000000000000E-99
118   80     8.62374972824398E-17   1.70750244619231E-14
119   80     1.53251448123578E-10   3.04970381765919E-08
120   80     6.42051168922856E-11   1.28410233784571E-08
121   80     6.72984648454319E-09   1.35269914339318E-06
122   80     1.05080560381089E-10   2.12262731969799E-08
123   80     2.43575955253187E-07   4.94459189163971E-05
124   80     3.90554768433769E-07   7.96731727604889E-05
125   80     2.75998712449762E-07   5.65797360522012E-05
126   80     2.92409744599807E-07   6.02364073875602E-05
127   80     3.14098144542207E-07   6.50183159202369E-05
128   80     7.01253488008992E-07   1.45860725505870E-04
129   80     1.59746903316585E-07   3.33871027931662E-05
130   80     1.29164928874907E-10   2.71246350637304E-08
131   80     5.96822407215005E-11   1.25929527922366E-08
132   80     2.86981028092460E-10   6.08399779556015E-08
133   80     2.07369191083340E-14   4.41696377007514E-12
134   80     1.11879470151177E-13   2.39422066123519E-11
135   80     3.00592443413802E-20   6.46273753339675E-18
136   80     3.63579427144314E-23   7.85331562631718E-21
137   80     1.00000000000000E-99   1.00000000000000E-99
138   80     1.00000000000000E-99   1.00000000000000E-99
139   80     1.00000000000000E-99   1.00000000000000E-99
140   80     1.00000000000000E-99   1.00000000000000E-99
141   80     1.00000000000000E-99   1.00000000000000E-99
142   80     1.00000000000000E-99   1.00000000000000E-99
143   80     1.00000000000000E-99   1.00000000000000E-99
144   80     1.00000000000000E-99   1.00000000000000E-99
145   80     1.00000000000000E-99   1.00000000000000E-99
146   80     1.00000000000000E-99   1.00000000000000E-99
147   80     1.00000000000000E-99   1.00000000000000E-99
148   80     1.00000000000000E-99   1.00000000000000E-99
149   80     1.00000000000000E-99   1.00000000000000E-99
150   80     1.00000000000000E-99   1.00000000000000E-99
151   80     1.00000000000000E-99   1.00000000000000E-99
152   80     1.00000000000000E-99   1.00000000000000E-99
153   80     1.00000000000000E-99   1.00000000000000E-99
154   80     1.00000000000000E-99   1.00000000000000E-99
155   80     1.00000000000000E-99   1.00000000000000E-99
156   80     1.00000000000000E-99   1.00000000000000E-99
157   80     1.00000000000000E-99   1.00000000000000E-99
158   80     1.00000000000000E-99   1.00000000000000E-99
159   80     1.00000000000000E-99   1.00000000000000E-99
160   80     1.00000000000000E-99   1.00000000000000E-99
161   80     1.00000000000000E-99   1.00000000000000E-99
162   80     1.00000000000000E-99   1.00000000000000E-99
163   80     1.00000000000000E-99   1.00000000000000E-99
164   80     1.00000000000000E-99   1.00000000000000E-99
165   80     1.00000000000000E-99   1.00000000000000E-99
166   80     1.00000000000000E-99   1.00000000000000E-99
167   80     1.00000000000000E-99   1.00000000000000E-99
168   80     1.00000000000000E-99   1.00000000000000E-99
169   80     1.00000000000000E-99   1.00000000000000E-99
170   80     1.00000000000000E-99   1.00000000000000E-99
171   80     1.00000000000000E-99   1.00000000000000E-99
172   80     1.00000000000000E-99   1.00000000000000E-99
173   80     1.00000000000000E-99   1.00000000000000E-99
174   80     1.00000000000000E-99   1.00000000000000E-99
175   80     1.00000000000000E-99   1.00000000000000E-99
176   80     1.00000000000000E-99   1.00000000000000E-99
177   80     1.00000000000000E-99   1.00000000000000E-99
178   80     1.00000000000000E-99   1.00000000000000E-99
179   80     1.00000000000000E-99   1.00000000000000E-99
180   80     1.00000000000000E-99   1.00000000000000E-99
181   80     1.00000000000000E-99   1.00000000000000E-99
182   80     1.00000000000000E-99   1.00000000000000E-99
183   80     1.00000000000000E-99   1.00000000000000E-99
184   80     1.00000000000000E-99   1.00000000000000E-99
185   80     1.00000000000000E-99   1.00000000000000E-99
186   80     1.00000000000000E-99   1.00000000000000E-99
110   81     1.00000000000000E-99   1.00000000000000E-99
111   81     1.00000000000000E-99   1.00000000000000E-99
112   81     1.00000000000000E-99   1.00000000000000E-99
113   81     1.00000000000000E-99   1.00000000000000E-99
114   81     1.00000000000000E-99   1.00000000000000E-99
115   81     1.00000000000000E-99   1.00000000000000E-99
116   81     1.00000000000000E-99   1.00000000000000E-99
117   81     1.00000000000000E-99   1.00000000000000E-99
118   81     1.00000000000000E-99   1.00000000000000E-99
119   81     1.00000000000000E-99   1.00000000000000E-99
120   81     1.00000000000000E-99   1.00000000000000E-99
121   81     1.60205366153055E-21   3.23614839629172E-19
122   81     1.93097963498991E-12   3.91988865902952E-10
123   81     2.00524208882696E-16   4.09069386120700E-14
124   81     4.52434353129744E-08   9.27490423915976E-06
125   81     3.56042964231573E-08   7.33448506317041E-06
126   81     1.37429941296661E-07   2.84479978484088E-05
127   81     1.69350253924216E-08   3.52248528162368E-06
128   81     8.66414500618662E-07   1.81080630629300E-04
129   81     5.99341393777702E-07   1.25861692693317E-04
130   81     1.67113893874668E-07   3.52610316075550E-05
131   81     1.74755996408836E-07   3.70482712386732E-05
132   81     1.06943706176960E-06   2.27790094156924E-04
133   81     1.68544830439034E-10   3.60685937139533E-08
134   81     3.81561063396717E-14   8.20356286302942E-12
135   81     1.59971913933748E-20   3.45539334096895E-18
136   81     9.83010261428895E-23   2.13313226730070E-20
137   81     1.00000000000000E-99   1.00000000000000E-99
138   81     1.00000000000000E-99   1.00000000000000E-99
139   81     1.00000000000000E-99   1.00000000000000E-99
140   81     1.00000000000000E-99   1.00000000000000E-99
141   81     1.00000000000000E-99   1.00000000000000E-99
142   81     1.00000000000000E-99   1.00000000000000E-99
143   81     1.00000000000000E-99   1.00000000000000E-99
144   81     1.00000000000000E-99   1.00000000000000E-99
145   81     1.00000000000000E-99   1.00000000000000E-99
146   81     1.00000000000000E-99   1.00000000000000E-99
147   81     1.00000000000000E-99   1.00000000000000E-99
148   81     1.00000000000000E-99   1.00000000000000E-99
149   81     1.00000000000000E-99   1.00000000000000E-99
150   81     1.00000000000000E-99   1.00000000000000E-99
151   81     1.00000000000000E-99   1.00000000000000E-99
152   81     1.00000000000000E-99   1.00000000000000E-99
153   81     1.00000000000000E-99   1.00000000000000E-99
154   81     1.00000000000000E-99   1.00000000000000E-99
155   81     1.00000000000000E-99   1.00000000000000E-99
156   81     1.00000000000000E-99   1.00000000000000E-99
157   81     1.00000000000000E-99   1.00000000000000E-99
158   81     1.00000000000000E-99   1.00000000000000E-99
159   81     1.00000000000000E-99   1.00000000000000E-99
160   81     1.00000000000000E-99   1.00000000000000E-99
161   81     1.00000000000000E-99   1.00000000000000E-99
162   81     1.00000000000000E-99   1.00000000000000E-99
163   81     1.00000000000000E-99   1.00000000000000E-99
164   81     1.00000000000000E-99   1.00000000000000E-99
165   81     1.00000000000000E-99   1.00000000000000E-99
166   81     1.00000000000000E-99   1.00000000000000E-99
167   81     1.00000000000000E-99   1.00000000000000E-99
168   81     1.00000000000000E-99   1.00000000000000E-99
169   81     1.00000000000000E-99   1.00000000000000E-99
170   81     1.00000000000000E-99   1.00000000000000E-99
171   81     1.00000000000000E-99   1.00000000000000E-99
172   81     1.00000000000000E-99   1.00000000000000E-99
173   81     1.00000000000000E-99   1.00000000000000E-99
174   81     1.00000000000000E-99   1.00000000000000E-99
175   81     1.00000000000000E-99   1.00000000000000E-99
176   81     1.00000000000000E-99   1.00000000000000E-99
177   81     1.00000000000000E-99   1.00000000000000E-99
178   81     1.00000000000000E-99   1.00000000000000E-99
179   81     1.00000000000000E-99   1.00000000000000E-99
180   81     1.00000000000000E-99   1.00000000000000E-99
181   81     1.00000000000000E-99   1.00000000000000E-99
182   81     1.00000000000000E-99   1.00000000000000E-99
183   81     1.00000000000000E-99   1.00000000000000E-99
184   81     1.00000000000000E-99   1.00000000000000E-99
185   81     1.00000000000000E-99   1.00000000000000E-99
186   81     1.00000000000000E-99   1.00000000000000E-99
187   81     1.00000000000000E-99   1.00000000000000E-99
188   81     1.00000000000000E-99   1.00000000000000E-99
112   82     1.00000000000000E-99   1.00000000000000E-99
113   82     1.00000000000000E-99   1.00000000000000E-99
114   82     1.00000000000000E-99   1.00000000000000E-99
115   82     1.00000000000000E-99   1.00000000000000E-99
116   82     1.00000000000000E-99   1.00000000000000E-99
117   82     1.00000000000000E-99   1.00000000000000E-99
118   82     1.00000000000000E-99   1.00000000000000E-99
119   82     1.00000000000000E-99   1.00000000000000E-99
120   82     1.00000000000000E-99   1.00000000000000E-99
121   82     1.00000000000000E-99   1.00000000000000E-99
122   82     4.08754350452394E-23   8.33858874922883E-21
123   82     2.07276157212437E-21   4.24916122285496E-19
124   82     4.96464386237758E-09   1.02271663564978E-06
125   82     1.80301719598599E-08   3.73224559569100E-06
126   82     3.53458721636329E-09   7.35194141003564E-07
127   82     3.93553914559910E-07   8.22527681430212E-05
128   82     7.77846412229437E-07   1.63347746568182E-04
129   82     1.48512713661564E-06   3.13361825825900E-04
130   82     3.49685466445867E-06   7.41333188865239E-04
131   82     9.14740126215603E-07   1.94839646883923E-04
132   82     3.12634250352938E-06   6.69037295755288E-04
133   82     1.65284106220201E-06   3.55360828373432E-04
134   82     2.00951788964266E-06   4.34055864162814E-04
135   82     4.63517665362335E-07   1.00583333383627E-04
136   82     1.19969911237522E-06   2.61534406497798E-04
137   82     4.30643251306202E-08   9.43108720360583E-06
138   82     9.98027928283640E-09   2.19566144222401E-06
139   82     1.79057606456801E-16   3.95717310269531E-14
140   82     3.33040608405708E-22   7.39350150660671E-20
141   82     1.00000000000000E-99   1.00000000000000E-99
142   82     1.00000000000000E-99   1.00000000000000E-99
143   82     1.00000000000000E-99   1.00000000000000E-99
144   82     1.00000000000000E-99   1.00000000000000E-99
145   82     1.00000000000000E-99   1.00000000000000E-99
146   82     1.00000000000000E-99   1.00000000000000E-99
147   82     1.00000000000000E-99   1.00000000000000E-99
148   82     1.00000000000000E-99   1.00000000000000E-99
149   82     1.00000000000000E-99   1.00000000000000E-99
150   82     1.00000000000000E-99   1.00000000000000E-99
151   82     1.00000000000000E-99   1.00000000000000E-99
152   82     1.00000000000000E-99   1.00000000000000E-99
153   82     1.00000000000000E-99   1.00000000000000E-99
154   82     1.00000000000000E-99   1.00000000000000E-99
155   82     1.00000000000000E-99   1.00000000000000E-99
156   82     1.00000000000000E-99   1.00000000000000E-99
157   82     1.00000000000000E-99   1.00000000000000E-99
158   82     1.00000000000000E-99   1.00000000000000E-99
159   82     1.00000000000000E-99   1.00000000000000E-99
160   82     1.00000000000000E-99   1.00000000000000E-99
161   82     1.00000000000000E-99   1.00000000000000E-99
162   82     1.00000000000000E-99   1.00000000000000E-99
163   82     1.00000000000000E-99   1.00000000000000E-99
164   82     1.00000000000000E-99   1.00000000000000E-99
165   82     1.00000000000000E-99   1.00000000000000E-99
166   82     1.00000000000000E-99   1.00000000000000E-99
167   82     1.00000000000000E-99   1.00000000000000E-99
168   82     1.00000000000000E-99   1.00000000000000E-99
169   82     1.00000000000000E-99   1.00000000000000E-99
170   82     1.00000000000000E-99   1.00000000000000E-99
171   82     1.00000000000000E-99   1.00000000000000E-99
172   82     1.00000000000000E-99   1.00000000000000E-99
173   82     1.00000000000000E-99   1.00000000000000E-99
174   82     1.00000000000000E-99   1.00000000000000E-99
175   82     1.00000000000000E-99   1.00000000000000E-99
176   82     1.00000000000000E-99   1.00000000000000E-99
177   82     1.00000000000000E-99   1.00000000000000E-99
178   82     1.00000000000000E-99   1.00000000000000E-99
179   82     1.00000000000000E-99   1.00000000000000E-99
180   82     1.00000000000000E-99   1.00000000000000E-99
181   82     1.00000000000000E-99   1.00000000000000E-99
182   82     1.00000000000000E-99   1.00000000000000E-99
183   82     1.00000000000000E-99   1.00000000000000E-99
184   82     1.00000000000000E-99   1.00000000000000E-99
185   82     1.00000000000000E-99   1.00000000000000E-99
186   82     1.00000000000000E-99   1.00000000000000E-99
187   82     1.00000000000000E-99   1.00000000000000E-99
188   82     1.00000000000000E-99   1.00000000000000E-99
189   82     1.00000000000000E-99   1.00000000000000E-99
190   82     1.00000000000000E-99   1.00000000000000E-99
191   82     1.00000000000000E-99   1.00000000000000E-99
114   83     1.00000000000000E-99   1.00000000000000E-99
115   83     1.00000000000000E-99   1.00000000000000E-99
116   83     1.00000000000000E-99   1.00000000000000E-99
117   83     1.00000000000000E-99   1.00000000000000E-99
118   83     1.00000000000000E-99   1.00000000000000E-99
119   83     1.00000000000000E-99   1.00000000000000E-99
120   83     1.00000000000000E-99   1.00000000000000E-99
121   83     1.00000000000000E-99   1.00000000000000E-99
122   83     1.00000000000000E-99   1.00000000000000E-99
123   83     1.00000000000000E-99   1.00000000000000E-99
124   83     1.00000000000000E-99   1.00000000000000E-99
125   83     2.11404423232416E-21   4.39721200323425E-19
126   83     1.02632925503386E-09   2.14502814302076E-07
127   83     4.79093968260174E-14   1.00609733334637E-11
128   83     2.50647089637494E-08   5.28865359135112E-06
129   83     3.98926812659306E-09   8.45724842837728E-07
130   83     8.40402227123377E-08   1.79005674377279E-05
131   83     1.19561879938145E-07   2.55862423067631E-05
132   83     9.85376655423323E-07   2.11855980916014E-04
133   83     4.07743202504592E-07   8.80725317409918E-05
134   83     6.27141526778462E-07   1.36089711310926E-04
135   83     8.44739811405680E-07   1.84153278886438E-04
136   83     1.12478616247604E-06   2.46328169582253E-04
137   83     1.64702044771003E-07   3.62344498496206E-05
138   83     8.70651067058049E-09   1.92413885819829E-06
139   83     1.93437018919514E-11   4.29430182001320E-09
140   83     3.47315173302870E-13   7.74512836465400E-11
141   83     5.44658872091780E-18   1.22003587348559E-15
142   83     5.07996983518834E-23   1.14299321291738E-20
143   83     1.00000000000000E-99   1.00000000000000E-99
144   83     1.00000000000000E-99   1.00000000000000E-99
145   83     1.00000000000000E-99   1.00000000000000E-99
146   83     1.00000000000000E-99   1.00000000000000E-99
147   83     1.00000000000000E-99   1.00000000000000E-99
148   83     1.00000000000000E-99   1.00000000000000E-99
149   83     1.00000000000000E-99   1.00000000000000E-99
150   83     1.00000000000000E-99   1.00000000000000E-99
151   83     1.00000000000000E-99   1.00000000000000E-99
152   83     1.00000000000000E-99   1.00000000000000E-99
153   83     1.00000000000000E-99   1.00000000000000E-99
154   83     1.00000000000000E-99   1.00000000000000E-99
155   83     1.00000000000000E-99   1.00000000000000E-99
156   83     1.00000000000000E-99   1.00000000000000E-99
157   83     1.00000000000000E-99   1.00000000000000E-99
158   83     1.00000000000000E-99   1.00000000000000E-99
159   83     1.00000000000000E-99   1.00000000000000E-99
160   83     1.00000000000000E-99   1.00000000000000E-99
161   83     1.00000000000000E-99   1.00000000000000E-99
162   83     1.00000000000000E-99   1.00000000000000E-99
163   83     1.00000000000000E-99   1.00000000000000E-99
164   83     1.00000000000000E-99   1.00000000000000E-99
165   83     1.00000000000000E-99   1.00000000000000E-99
166   83     1.00000000000000E-99   1.00000000000000E-99
167   83     1.00000000000000E-99   1.00000000000000E-99
168   83     1.00000000000000E-99   1.00000000000000E-99
169   83     1.00000000000000E-99   1.00000000000000E-99
170   83     1.00000000000000E-99   1.00000000000000E-99
171   83     1.00000000000000E-99   1.00000000000000E-99
172   83     1.00000000000000E-99   1.00000000000000E-99
173   83     1.00000000000000E-99   1.00000000000000E-99
174   83     1.00000000000000E-99   1.00000000000000E-99
175   83     1.00000000000000E-99   1.00000000000000E-99
176   83     1.00000000000000E-99   1.00000000000000E-99
177   83     1.00000000000000E-99   1.00000000000000E-99
178   83     1.00000000000000E-99   1.00000000000000E-99
179   83     1.00000000000000E-99   1.00000000000000E-99
180   83     1.00000000000000E-99   1.00000000000000E-99
181   83     1.00000000000000E-99   1.00000000000000E-99
182   83     1.00000000000000E-99   1.00000000000000E-99
183   83     1.00000000000000E-99   1.00000000000000E-99
184   83     1.00000000000000E-99   1.00000000000000E-99
185   83     1.00000000000000E-99   1.00000000000000E-99
186   83     1.00000000000000E-99   1.00000000000000E-99
187   83     1.00000000000000E-99   1.00000000000000E-99
188   83     1.00000000000000E-99   1.00000000000000E-99
189   83     1.00000000000000E-99   1.00000000000000E-99
190   83     1.00000000000000E-99   1.00000000000000E-99
191   83     1.00000000000000E-99   1.00000000000000E-99
192   83     1.00000000000000E-99   1.00000000000000E-99
193   83     1.00000000000000E-99   1.00000000000000E-99
118   84     1.00000000000000E-99   1.00000000000000E-99
119   84     1.00000000000000E-99   1.00000000000000E-99
120   84     1.00000000000000E-99   1.00000000000000E-99
121   84     1.00000000000000E-99   1.00000000000000E-99
122   84     1.00000000000000E-99   1.00000000000000E-99
123   84     1.00000000000000E-99   1.00000000000000E-99
124   84     1.00000000000000E-99   1.00000000000000E-99
125   84     1.00000000000000E-99   1.00000000000000E-99
126   84     2.84582087008863E-18   5.97622382718613E-16
127   84     2.80061495845151E-13   5.90929756233268E-11
128   84     2.10498703528765E-19   4.46257251480982E-17
129   84     1.11596534835010E-16   2.37700619198571E-14
130   84     1.66266660357551E-14   3.55810653165160E-12
131   84     3.97549345639332E-12   8.54731093124563E-10
132   84     5.04506356667540E-10   1.08973373040189E-07
133   84     9.68607587266727E-08   2.10187846436880E-05
134   84     1.47533238142298E-06   3.21622459150209E-04
135   84     2.33949249892469E-06   5.12348857264508E-04
136   84     3.62052834112115E-06   7.96516235046654E-04
137   84     1.14878334139922E-06   2.53881118449227E-04
138   84     2.25448844657302E-06   5.00496435139210E-04
139   84     9.51001431530370E-07   2.12073319231272E-04
140   84     2.09273070565882E-06   4.68771678067577E-04
141   84     4.43633167282039E-08   9.98174626384588E-06
142   84     4.22269808023296E-08   9.54329766132650E-06
143   84     5.82466025787825E-11   1.32219787853836E-08
144   84     7.95611663152445E-16   1.81399459198757E-13
145   84     5.04184326488233E-22   1.15458210765805E-19
146   84     9.63062410509877E-20   2.21504354417272E-17
147   84     1.55345221050005E-25   3.58847460625512E-23
148   84     1.00000000000000E-99   1.00000000000000E-99
149   84     1.00000000000000E-99   1.00000000000000E-99
150   84     1.00000000000000E-99   1.00000000000000E-99
151   84     1.00000000000000E-99   1.00000000000000E-99
152   84     1.00000000000000E-99   1.00000000000000E-99
153   84     1.00000000000000E-99   1.00000000000000E-99
154   84     1.00000000000000E-99   1.00000000000000E-99
155   84     1.00000000000000E-99   1.00000000000000E-99
156   84     1.00000000000000E-99   1.00000000000000E-99
157   84     1.00000000000000E-99   1.00000000000000E-99
158   84     1.00000000000000E-99   1.00000000000000E-99
159   84     1.00000000000000E-99   1.00000000000000E-99
160   84     1.00000000000000E-99   1.00000000000000E-99
161   84     1.00000000000000E-99   1.00000000000000E-99
162   84     1.00000000000000E-99   1.00000000000000E-99
163   84     1.00000000000000E-99   1.00000000000000E-99
164   84     1.00000000000000E-99   1.00000000000000E-99
165   84     1.00000000000000E-99   1.00000000000000E-99
166   84     1.00000000000000E-99   1.00000000000000E-99
167   84     1.00000000000000E-99   1.00000000000000E-99
168   84     1.00000000000000E-99   1.00000000000000E-99
169   84     1.00000000000000E-99   1.00000000000000E-99
170   84     1.00000000000000E-99   1.00000000000000E-99
171   84     1.00000000000000E-99   1.00000000000000E-99
172   84     1.00000000000000E-99   1.00000000000000E-99
173   84     1.00000000000000E-99   1.00000000000000E-99
174   84     1.00000000000000E-99   1.00000000000000E-99
175   84     1.00000000000000E-99   1.00000000000000E-99
176   84     1.00000000000000E-99   1.00000000000000E-99
177   84     1.00000000000000E-99   1.00000000000000E-99
178   84     1.00000000000000E-99   1.00000000000000E-99
179   84     1.00000000000000E-99   1.00000000000000E-99
180   84     1.00000000000000E-99   1.00000000000000E-99
181   84     1.00000000000000E-99   1.00000000000000E-99
182   84     1.00000000000000E-99   1.00000000000000E-99
183   84     1.00000000000000E-99   1.00000000000000E-99
184   84     1.00000000000000E-99   1.00000000000000E-99
185   84     1.00000000000000E-99   1.00000000000000E-99
186   84     1.00000000000000E-99   1.00000000000000E-99
187   84     1.00000000000000E-99   1.00000000000000E-99
188   84     1.00000000000000E-99   1.00000000000000E-99
189   84     1.00000000000000E-99   1.00000000000000E-99
190   84     1.00000000000000E-99   1.00000000000000E-99
191   84     1.00000000000000E-99   1.00000000000000E-99
192   84     1.00000000000000E-99   1.00000000000000E-99
121   85     1.00000000000000E-99   1.00000000000000E-99
122   85     1.00000000000000E-99   1.00000000000000E-99
123   85     1.00000000000000E-99   1.00000000000000E-99
124   85     1.00000000000000E-99   1.00000000000000E-99
125   85     1.00000000000000E-99   1.00000000000000E-99
126   85     1.00000000000000E-99   1.00000000000000E-99
127   85     1.00000000000000E-99   1.00000000000000E-99
128   85     1.00000000000000E-99   1.00000000000000E-99
129   85     1.00000000000000E-99   1.00000000000000E-99
130   85     1.68689480767868E-20   3.62682383650916E-18
131   85     1.07165822266393E-22   2.31478176095409E-20
132   85     7.00887901208249E-13   1.52092674562190E-10
133   85     2.34689085604934E-12   5.11622206618755E-10
134   85     1.44965067105550E-07   3.17473496961153E-05
135   85     3.06698263691177E-07   6.74736180120589E-05
136   85     7.78235829012152E-07   1.71990118211686E-04
137   85     8.43005948597343E-07   1.87147320588610E-04
138   85     1.61145278286412E-06   3.59353970578698E-04
139   85     5.08827198707314E-07   1.13977292510438E-04
140   85     1.13420493399174E-06   2.55196110148141E-04
141   85     1.64711237128382E-07   3.72247395910143E-05
142   85     2.77061701841128E-08   6.28930063179361E-06
143   85     8.38383760961168E-12   1.91151497499146E-09
144   85     3.78757753475389E-14   8.67355255458640E-12
145   85     2.79899032018895E-19   6.43767773643458E-17
146   85     4.66694406832487E-24   1.07806407978304E-21
147   85     1.00000000000000E-99   1.00000000000000E-99
148   85     1.00000000000000E-99   1.00000000000000E-99
149   85     1.00000000000000E-99   1.00000000000000E-99
150   85     1.00000000000000E-99   1.00000000000000E-99
151   85     1.00000000000000E-99   1.00000000000000E-99
152   85     1.00000000000000E-99   1.00000000000000E-99
153   85     1.00000000000000E-99   1.00000000000000E-99
154   85     1.00000000000000E-99   1.00000000000000E-99
155   85     1.00000000000000E-99   1.00000000000000E-99
156   85     1.00000000000000E-99   1.00000000000000E-99
157   85     1.00000000000000E-99   1.00000000000000E-99
158   85     1.00000000000000E-99   1.00000000000000E-99
159   85     1.00000000000000E-99   1.00000000000000E-99
160   85     1.00000000000000E-99   1.00000000000000E-99
161   85     1.00000000000000E-99   1.00000000000000E-99
162   85     1.00000000000000E-99   1.00000000000000E-99
163   85     1.00000000000000E-99   1.00000000000000E-99
164   85     1.00000000000000E-99   1.00000000000000E-99
165   85     1.00000000000000E-99   1.00000000000000E-99
166   85     1.00000000000000E-99   1.00000000000000E-99
167   85     1.00000000000000E-99   1.00000000000000E-99
168   85     1.00000000000000E-99   1.00000000000000E-99
169   85     1.00000000000000E-99   1.00000000000000E-99
170   85     1.00000000000000E-99   1.00000000000000E-99
171   85     1.00000000000000E-99   1.00000000000000E-99
172   85     1.00000000000000E-99   1.00000000000000E-99
173   85     1.00000000000000E-99   1.00000000000000E-99
174   85     1.00000000000000E-99   1.00000000000000E-99
175   85     1.00000000000000E-99   1.00000000000000E-99
176   85     1.00000000000000E-99   1.00000000000000E-99
177   85     1.00000000000000E-99   1.00000000000000E-99
178   85     1.00000000000000E-99   1.00000000000000E-99
179   85     1.00000000000000E-99   1.00000000000000E-99
180   85     1.00000000000000E-99   1.00000000000000E-99
181   85     1.00000000000000E-99   1.00000000000000E-99
182   85     1.00000000000000E-99   1.00000000000000E-99
183   85     1.00000000000000E-99   1.00000000000000E-99
184   85     1.00000000000000E-99   1.00000000000000E-99
185   85     1.00000000000000E-99   1.00000000000000E-99
186   85     1.00000000000000E-99   1.00000000000000E-99
187   85     1.00000000000000E-99   1.00000000000000E-99
188   85     1.00000000000000E-99   1.00000000000000E-99
189   85     1.00000000000000E-99   1.00000000000000E-99
190   85     1.00000000000000E-99   1.00000000000000E-99
191   85     1.00000000000000E-99   1.00000000000000E-99
192   85     1.00000000000000E-99   1.00000000000000E-99
193   85     1.00000000000000E-99   1.00000000000000E-99
194   85     1.00000000000000E-99   1.00000000000000E-99
124   86     1.00000000000000E-99   1.00000000000000E-99
125   86     1.00000000000000E-99   1.00000000000000E-99
126   86     1.00000000000000E-99   1.00000000000000E-99
127   86     1.00000000000000E-99   1.00000000000000E-99
128   86     1.00000000000000E-99   1.00000000000000E-99
129   86     1.00000000000000E-99   1.00000000000000E-99
130   86     1.00000000000000E-99   1.00000000000000E-99
131   86     1.59887100913764E-18   3.46955008982869E-16
132   86     2.60632028895316E-14   5.68177822991788E-12
133   86     2.82423437949633E-10   6.18507329109697E-08
134   86     2.58543929464404E-08   5.68796644821689E-06
135   86     2.10354594729219E-07   4.64883654351574E-05
136   86     7.18063880282487E-07   1.59410181422712E-04
137   86     1.90101332488706E-06   4.23925971449813E-04
138   86     3.29975642716660E-06   7.39145439685318E-04
139   86     5.04737030968592E-06   1.13565831967933E-03
140   86     1.14347513252312E-05   2.58425379950225E-03
141   86     8.01685570167955E-07   1.81982624428126E-04
142   86     6.01306973445578E-06   1.37097989945592E-03
143   86     4.91520228446434E-08   1.12558132314233E-05
144   86     1.36463074845949E-06   3.13865072145682E-04
145   86     9.30971831516400E-08   2.15054493080288E-05
146   86     8.86199887203893E-11   2.05598373831303E-08
147   86     2.84551419961233E-15   6.63004808509673E-13
148   86     1.20441278744383E-12   2.81832592261855E-10
149   86     5.60249837171106E-17   1.31658711735210E-14
150   86     3.68989954928914E-19   8.70816293632238E-17
151   86     3.59440609819343E-25   8.51874245271843E-23
152   86     1.00000000000000E-99   1.00000000000000E-99
153   86     1.00000000000000E-99   1.00000000000000E-99
154   86     1.00000000000000E-99   1.00000000000000E-99
155   86     1.00000000000000E-99   1.00000000000000E-99
156   86     1.00000000000000E-99   1.00000000000000E-99
157   86     1.00000000000000E-99   1.00000000000000E-99
158   86     1.00000000000000E-99   1.00000000000000E-99
159   86     1.00000000000000E-99   1.00000000000000E-99
160   86     1.00000000000000E-99   1.00000000000000E-99
161   86     1.00000000000000E-99   1.00000000000000E-99
162   86     1.00000000000000E-99   1.00000000000000E-99
163   86     1.00000000000000E-99   1.00000000000000E-99
164   86     1.00000000000000E-99   1.00000000000000E-99
165   86     1.00000000000000E-99   1.00000000000000E-99
166   86     1.00000000000000E-99   1.00000000000000E-99
167   86     1.00000000000000E-99   1.00000000000000E-99
168   86     1.00000000000000E-99   1.00000000000000E-99
169   86     1.00000000000000E-99   1.00000000000000E-99
170   86     1.00000000000000E-99   1.00000000000000E-99
171   86     1.00000000000000E-99   1.00000000000000E-99
172   86     1.00000000000000E-99   1.00000000000000E-99
173   86     1.00000000000000E-99   1.00000000000000E-99
174   86     1.00000000000000E-99   1.00000000000000E-99
175   86     1.00000000000000E-99   1.00000000000000E-99
176   86     1.00000000000000E-99   1.00000000000000E-99
177   86     1.00000000000000E-99   1.00000000000000E-99
178   86     1.00000000000000E-99   1.00000000000000E-99
179   86     1.00000000000000E-99   1.00000000000000E-99
180   86     1.00000000000000E-99   1.00000000000000E-99
181   86     1.00000000000000E-99   1.00000000000000E-99
182   86     1.00000000000000E-99   1.00000000000000E-99
183   86     1.00000000000000E-99   1.00000000000000E-99
126   87     1.00000000000000E-99   1.00000000000000E-99
127   87     1.00000000000000E-99   1.00000000000000E-99
128   87     1.00000000000000E-99   1.00000000000000E-99
129   87     1.00000000000000E-99   1.00000000000000E-99
130   87     1.00000000000000E-99   1.00000000000000E-99
131   87     2.29246141854287E-25   4.99756589242347E-23
132   87     2.85085454304875E-18   6.24337144927676E-16
133   87     7.80485913438158E-22   1.71706900956395E-19
134   87     2.44526022418078E-09   5.40402509543953E-07
135   87     1.79700628361604E-09   3.98935394962761E-07
136   87     3.80829414534742E-08   8.49249594412474E-06
137   87     1.60208061181475E-08   3.58866057046505E-06
138   87     6.87603282618454E-07   1.54710738589152E-04
139   87     8.15238766541312E-07   1.84243961238336E-04
140   87     6.77753879006519E-06   1.53850130534480E-03
141   87     4.33572701210820E-06   9.88545758760669E-04
142   87     4.47068235080876E-06   1.02378625833521E-03
143   87     2.31585667581041E-06   5.32647035436395E-04
144   87     8.22993718744273E-07   1.90111549029927E-04
145   87     1.07362159298090E-09   2.49080209571568E-07
146   87     1.42715970922956E-08   3.32528212250488E-06
147   87     3.13424378011938E-12   7.33413044547936E-10
148   87     7.35034600868355E-16   1.72733131204063E-13
149   87     3.65894698936405E-18   8.63511489489916E-16
150   87     1.19803769010172E-22   2.83934932554107E-20
151   87     1.00000000000000E-99   1.00000000000000E-99
152   87     1.00000000000000E-99   1.00000000000000E-99
153   87     1.00000000000000E-99   1.00000000000000E-99
154   87     1.00000000000000E-99   1.00000000000000E-99
155   87     1.00000000000000E-99   1.00000000000000E-99
156   87     1.00000000000000E-99   1.00000000000000E-99
157   87     1.00000000000000E-99   1.00000000000000E-99
158   87     1.00000000000000E-99   1.00000000000000E-99
159   87     1.00000000000000E-99   1.00000000000000E-99
160   87     1.00000000000000E-99   1.00000000000000E-99
161   87     1.00000000000000E-99   1.00000000000000E-99
162   87     1.00000000000000E-99   1.00000000000000E-99
163   87     1.00000000000000E-99   1.00000000000000E-99
164   87     1.00000000000000E-99   1.00000000000000E-99
165   87     1.00000000000000E-99   1.00000000000000E-99
166   87     1.00000000000000E-99   1.00000000000000E-99
167   87     1.00000000000000E-99   1.00000000000000E-99
168   87     1.00000000000000E-99   1.00000000000000E-99
169   87     1.00000000000000E-99   1.00000000000000E-99
170   87     1.00000000000000E-99   1.00000000000000E-99
171   87     1.00000000000000E-99   1.00000000000000E-99
172   87     1.00000000000000E-99   1.00000000000000E-99
173   87     1.00000000000000E-99   1.00000000000000E-99
174   87     1.00000000000000E-99   1.00000000000000E-99
175   87     1.00000000000000E-99   1.00000000000000E-99
176   87     1.00000000000000E-99   1.00000000000000E-99
177   87     1.00000000000000E-99   1.00000000000000E-99
178   87     1.00000000000000E-99   1.00000000000000E-99
179   87     1.00000000000000E-99   1.00000000000000E-99
180   87     1.00000000000000E-99   1.00000000000000E-99
181   87     1.00000000000000E-99   1.00000000000000E-99
182   87     1.00000000000000E-99   1.00000000000000E-99
183   87     1.00000000000000E-99   1.00000000000000E-99
191   87     1.00000000000000E-99   1.00000000000000E-99
193   87     1.00000000000000E-99   1.00000000000000E-99
129   88     1.00000000000000E-99   1.00000000000000E-99
130   88     1.00000000000000E-99   1.00000000000000E-99
131   88     1.00000000000000E-99   1.00000000000000E-99
132   88     1.00000000000000E-99   1.00000000000000E-99
133   88     4.03743799874285E-14   8.92273797722170E-12
134   88     2.82853761475756E-11   6.27935350476178E-09
135   88     5.86238062303900E-10   1.30731087893770E-07
136   88     1.84847426832807E-09   4.14058236105489E-07
137   88     7.40428019419603E-08   1.66596304369411E-05
138   88     5.40204603747802E-07   1.22086240447003E-04
139   88     2.08265366935260E-06   4.72762382943041E-04
140   88     6.34688457433573E-06   1.44708968294855E-03
141   88     7.79314124831185E-06   1.78462934586341E-03
142   88     1.61608181849376E-05   3.71698818253565E-03
143   88     9.36581618085313E-06   2.16350353777707E-03
144   88     2.02684025268923E-05   4.70226938623901E-03
145   88     2.66404778592267E-06   6.20723134119983E-04
146   88     3.47432382718819E-06   8.12991775562037E-04
147   88     2.15622069913013E-06   5.06711864295581E-04
148   88     1.53556379569106E-07   3.62393055783091E-05
149   88     1.41068830162280E-08   3.34333127484603E-06
150   88     8.41175955020594E-09   2.00199877294901E-06
151   88     1.05764907082664E-11   2.52778127927567E-09
152   88     2.48206562883368E-13   5.95695750920084E-11
153   88     5.46237008899670E-20   1.31643119144820E-17
154   88     1.00000000000000E-99   1.00000000000000E-99
155   88     1.00000000000000E-99   1.00000000000000E-99
156   88     1.00000000000000E-99   1.00000000000000E-99
157   88     1.00000000000000E-99   1.00000000000000E-99
158   88     1.00000000000000E-99   1.00000000000000E-99
159   88     1.00000000000000E-99   1.00000000000000E-99
160   88     1.00000000000000E-99   1.00000000000000E-99
161   88     1.00000000000000E-99   1.00000000000000E-99
162   88     1.00000000000000E-99   1.00000000000000E-99
163   88     1.00000000000000E-99   1.00000000000000E-99
164   88     1.00000000000000E-99   1.00000000000000E-99
165   88     1.00000000000000E-99   1.00000000000000E-99
166   88     1.00000000000000E-99   1.00000000000000E-99
167   88     1.00000000000000E-99   1.00000000000000E-99
168   88     1.00000000000000E-99   1.00000000000000E-99
169   88     1.00000000000000E-99   1.00000000000000E-99
170   88     1.00000000000000E-99   1.00000000000000E-99
171   88     1.00000000000000E-99   1.00000000000000E-99
172   88     1.00000000000000E-99   1.00000000000000E-99
173   88     1.00000000000000E-99   1.00000000000000E-99
174   88     1.00000000000000E-99   1.00000000000000E-99
175   88     1.00000000000000E-99   1.00000000000000E-99
176   88     1.00000000000000E-99   1.00000000000000E-99
177   88     1.00000000000000E-99   1.00000000000000E-99
178   88     1.00000000000000E-99   1.00000000000000E-99
179   88     1.00000000000000E-99   1.00000000000000E-99
180   88     1.00000000000000E-99   1.00000000000000E-99
181   88     1.00000000000000E-99   1.00000000000000E-99
182   88     1.00000000000000E-99   1.00000000000000E-99
183   88     1.00000000000000E-99   1.00000000000000E-99
130   89     1.00000000000000E-99   1.00000000000000E-99
131   89     1.00000000000000E-99   1.00000000000000E-99
132   89     1.00000000000000E-99   1.00000000000000E-99
133   89     1.00000000000000E-99   1.00000000000000E-99
134   89     1.00000000000000E-99   1.00000000000000E-99
135   89     1.00000000000000E-99   1.00000000000000E-99
136   89     1.04615642722777E-12   2.35385196126248E-10
137   89     2.62515546768450E-16   5.93285135696698E-14
138   89     2.07394171818016E-08   4.70784770026896E-06
139   89     1.29488748160010E-11   2.95234345804822E-09
140   89     1.20219677623009E-06   2.75303061756690E-04
141   89     9.18007510189800E-08   2.11141727343654E-05
142   89     4.47799363747398E-06   1.03441653025649E-03
143   89     4.24805568310413E-06   9.85548918480158E-04
144   89     1.20411173395759E-05   2.80558034012118E-03
145   89     1.07633578694356E-05   2.51862574144793E-03
146   89     1.20036262641819E-05   2.82085217208275E-03
147   89     6.96590623993652E-06   1.64395387262502E-03
148   89     1.06574649389924E-06   2.52581919054121E-04
149   89     4.30221210199922E-08   1.02392648027582E-05
150   89     7.89612024325866E-10   1.88717273813882E-07
151   89     8.66622085725150E-11   2.07989300574036E-08
152   89     1.17646609897186E-14   2.83528329852219E-12
153   89     3.26696111669788E-20   7.90604590240886E-18
154   89     4.42595755109306E-25   1.07550768491561E-22
155   89     1.00000000000000E-99   1.00000000000000E-99
156   89     1.00000000000000E-99   1.00000000000000E-99
157   89     1.00000000000000E-99   1.00000000000000E-99
158   89     1.00000000000000E-99   1.00000000000000E-99
159   89     1.00000000000000E-99   1.00000000000000E-99
160   89     1.00000000000000E-99   1.00000000000000E-99
161   89     1.00000000000000E-99   1.00000000000000E-99
162   89     1.00000000000000E-99   1.00000000000000E-99
163   89     1.00000000000000E-99   1.00000000000000E-99
164   89     1.00000000000000E-99   1.00000000000000E-99
165   89     1.00000000000000E-99   1.00000000000000E-99
166   89     1.00000000000000E-99   1.00000000000000E-99
167   89     1.00000000000000E-99   1.00000000000000E-99
168   89     1.00000000000000E-99   1.00000000000000E-99
169   89     1.00000000000000E-99   1.00000000000000E-99
170   89     1.00000000000000E-99   1.00000000000000E-99
171   89     1.00000000000000E-99   1.00000000000000E-99
172   89     1.00000000000000E-99   1.00000000000000E-99
173   89     1.00000000000000E-99   1.00000000000000E-99
174   89     1.00000000000000E-99   1.00000000000000E-99
175   89     1.00000000000000E-99   1.00000000000000E-99
176   89     1.00000000000000E-99   1.00000000000000E-99
177   89     1.00000000000000E-99   1.00000000000000E-99
178   89     1.00000000000000E-99   1.00000000000000E-99
179   89     1.00000000000000E-99   1.00000000000000E-99
180   89     1.00000000000000E-99   1.00000000000000E-99
181   89     1.00000000000000E-99   1.00000000000000E-99
182   89     1.00000000000000E-99   1.00000000000000E-99
183   89     1.00000000000000E-99   1.00000000000000E-99
185   89     1.00000000000000E-99   1.00000000000000E-99
187   89     1.00000000000000E-99   1.00000000000000E-99
188   89     1.00000000000000E-99   1.00000000000000E-99
189   89     1.00000000000000E-99   1.00000000000000E-99
190   89     1.00000000000000E-99   1.00000000000000E-99
191   89     1.00000000000000E-99   1.00000000000000E-99
192   89     1.00000000000000E-99   1.00000000000000E-99
193   89     1.00000000000000E-99   1.00000000000000E-99
195   89     1.00000000000000E-99   1.00000000000000E-99
197   89     1.00000000000000E-99   1.00000000000000E-99
198   89     1.00000000000000E-99   1.00000000000000E-99
199   89     1.00000000000000E-99   1.00000000000000E-99
132   90     1.00000000000000E-99   1.00000000000000E-99
133   90     1.00000000000000E-99   1.00000000000000E-99
134   90     1.00000000000000E-99   1.00000000000000E-99
135   90     1.00000000000000E-99   1.00000000000000E-99
136   90     3.85602294246317E-20   8.71461184996677E-18
137   90     5.30889291753620E-16   1.20511869228072E-13
138   90     1.36693938858005E-14   3.11662180596251E-12
139   90     7.33227218625084E-09   1.67909033065144E-06
140   90     1.83410719723726E-08   4.21844655364569E-06
141   90     2.74775929876320E-07   6.34732398014299E-05
142   90     1.25711241827645E-06   2.91650081040136E-04
143   90     3.69031593019593E-06   8.59843611735652E-04
144   90     1.63641195671118E-05   3.82920397870417E-03
145   90     1.25860644088709E-05   2.95772513608466E-03
146   90     5.78267483754552E-05   1.36471126166074E-02
147   90     4.54438941110172E-05   1.07702029043111E-02
148   90     6.44562691427191E-05   1.53405920559671E-02
149   90     1.78684203358796E-05   4.27055246027523E-03
150   90     3.07963413562943E-06   7.39112192551063E-04
151   90     8.75401706003831E-07   2.10971811146923E-04
152   90     1.02593605526897E-06   2.48276525375090E-04
153   90     3.31882204050131E-11   8.06473755841818E-09
154   90     1.04873718405528E-11   2.55891872909489E-09
155   90     1.89309932836948E-16   4.63809335450524E-14
156   90     9.82102075040664E-14   2.41597110460003E-11
157   90     5.42557208986962E-19   1.34011630619780E-16
158   90     1.21226174332226E-20   3.00640912343921E-18
159   90     1.00000000000000E-99   1.00000000000000E-99
160   90     1.00000000000000E-99   1.00000000000000E-99
161   90     1.00000000000000E-99   1.00000000000000E-99
162   90     1.00000000000000E-99   1.00000000000000E-99
163   90     1.00000000000000E-99   1.00000000000000E-99
164   90     1.00000000000000E-99   1.00000000000000E-99
165   90     1.00000000000000E-99   1.00000000000000E-99
166   90     1.00000000000000E-99   1.00000000000000E-99
167   90     1.00000000000000E-99   1.00000000000000E-99
168   90     1.00000000000000E-99   1.00000000000000E-99
169   90     1.00000000000000E-99   1.00000000000000E-99
170   90     1.00000000000000E-99   1.00000000000000E-99
171   90     1.00000000000000E-99   1.00000000000000E-99
172   90     1.00000000000000E-99   1.00000000000000E-99
173   90     1.00000000000000E-99   1.00000000000000E-99
174   90     1.00000000000000E-99   1.00000000000000E-99
175   90     1.00000000000000E-99   1.00000000000000E-99
176   90     1.00000000000000E-99   1.00000000000000E-99
177   90     1.00000000000000E-99   1.00000000000000E-99
178   90     1.00000000000000E-99   1.00000000000000E-99
179   90     1.00000000000000E-99   1.00000000000000E-99
180   90     1.00000000000000E-99   1.00000000000000E-99
181   90     1.00000000000000E-99   1.00000000000000E-99
182   90     1.00000000000000E-99   1.00000000000000E-99
183   90     1.00000000000000E-99   1.00000000000000E-99
189   90     1.00000000000000E-99   1.00000000000000E-99
190   90     1.00000000000000E-99   1.00000000000000E-99
191   90     1.00000000000000E-99   1.00000000000000E-99
192   90     1.00000000000000E-99   1.00000000000000E-99
193   90     1.00000000000000E-99   1.00000000000000E-99
195   90     1.00000000000000E-99   1.00000000000000E-99
197   90     1.00000000000000E-99   1.00000000000000E-99
202   90     1.00000000000000E-99   1.00000000000000E-99
203   90     1.00000000000000E-99   1.00000000000000E-99
134   91     1.00000000000000E-99   1.00000000000000E-99
135   91     1.00000000000000E-99   1.00000000000000E-99
136   91     1.00000000000000E-99   1.00000000000000E-99
137   91     1.00000000000000E-99   1.00000000000000E-99
138   91     1.00000000000000E-99   1.00000000000000E-99
139   91     1.00000000000000E-99   1.00000000000000E-99
140   91     5.69097340352733E-11   1.31461485621481E-08
141   91     1.73663886354652E-14   4.02900216342794E-12
142   91     7.15859759701278E-08   1.66795324010398E-05
143   91     2.80031985241021E-10   6.55274845463988E-08
144   91     9.03166326244627E-07   2.12244086667487E-04
145   91     1.02453417093190E-06   2.41790064339927E-04
146   91     8.21052661204750E-06   1.94589480705526E-03
147   91     5.56147483850354E-06   1.32363101156384E-03
148   91     4.57074398271636E-05   1.09240781186921E-02
149   91     3.16956726002252E-05   7.60696142405406E-03
150   91     8.35393285400967E-06   2.01329781781633E-03
151   91     1.39412656941905E-06   3.37378629799409E-04
152   91     9.49457481500854E-08   2.30718168004707E-05
153   91     8.40386968204798E-10   2.05054420241971E-07
154   91     1.22004055098781E-12   2.98909934992013E-10
155   91     1.31519940603477E-13   3.23539053884553E-11
156   91     2.49234665581217E-17   6.15609623985606E-15
157   91     5.49631137093522E-20   1.36308521999193E-17
158   91     4.90887646185048E-24   1.22231023900077E-21
159   91     1.00000000000000E-99   1.00000000000000E-99
160   91     1.00000000000000E-99   1.00000000000000E-99
161   91     1.00000000000000E-99   1.00000000000000E-99
162   91     1.00000000000000E-99   1.00000000000000E-99
163   91     1.00000000000000E-99   1.00000000000000E-99
164   91     1.00000000000000E-99   1.00000000000000E-99
165   91     1.00000000000000E-99   1.00000000000000E-99
166   91     1.00000000000000E-99   1.00000000000000E-99
167   91     1.00000000000000E-99   1.00000000000000E-99
168   91     1.00000000000000E-99   1.00000000000000E-99
169   91     1.00000000000000E-99   1.00000000000000E-99
170   91     1.00000000000000E-99   1.00000000000000E-99
171   91     1.00000000000000E-99   1.00000000000000E-99
172   91     1.00000000000000E-99   1.00000000000000E-99
173   91     1.00000000000000E-99   1.00000000000000E-99
174   91     1.00000000000000E-99   1.00000000000000E-99
175   91     1.00000000000000E-99   1.00000000000000E-99
176   91     1.00000000000000E-99   1.00000000000000E-99
177   91     1.00000000000000E-99   1.00000000000000E-99
178   91     1.00000000000000E-99   1.00000000000000E-99
179   91     1.00000000000000E-99   1.00000000000000E-99
180   91     1.00000000000000E-99   1.00000000000000E-99
181   91     1.00000000000000E-99   1.00000000000000E-99
182   91     1.00000000000000E-99   1.00000000000000E-99
183   91     1.00000000000000E-99   1.00000000000000E-99
184   91     1.00000000000000E-99   1.00000000000000E-99
185   91     1.00000000000000E-99   1.00000000000000E-99
187   91     1.00000000000000E-99   1.00000000000000E-99
188   91     1.00000000000000E-99   1.00000000000000E-99
189   91     1.00000000000000E-99   1.00000000000000E-99
190   91     1.00000000000000E-99   1.00000000000000E-99
191   91     1.00000000000000E-99   1.00000000000000E-99
192   91     1.00000000000000E-99   1.00000000000000E-99
193   91     1.00000000000000E-99   1.00000000000000E-99
194   91     1.00000000000000E-99   1.00000000000000E-99
195   91     1.00000000000000E-99   1.00000000000000E-99
196   91     1.00000000000000E-99   1.00000000000000E-99
197   91     1.00000000000000E-99   1.00000000000000E-99
201   91     1.00000000000000E-99   1.00000000000000E-99
203   91     1.00000000000000E-99   1.00000000000000E-99
205   91     1.00000000000000E-99   1.00000000000000E-99
135   92     1.00000000000000E-99   1.00000000000000E-99
136   92     1.00000000000000E-99   1.00000000000000E-99
137   92     1.00000000000000E-99   1.00000000000000E-99
138   92     1.00000000000000E-99   1.00000000000000E-99
139   92     1.00000000000000E-99   1.00000000000000E-99
140   92     3.25011446432806E-19   7.54026555724109E-17
141   92     5.54164088269155E-13   1.29120232566713E-10
142   92     2.40498195985167E-13   5.62765778605291E-11
143   92     1.28431339442182E-08   3.01813647689127E-06
144   92     4.62756725676773E-08   1.09210587259718E-05
145   92     4.46883046664642E-07   1.05911282059520E-04
146   92     1.32807877546095E-06   3.16082748559707E-04
147   92     2.68898434364498E-07   6.42667258131149E-05
148   92     2.50539944673986E-05   6.01295867217567E-03
149   92     2.49497839990214E-05   6.01289794376416E-03
150   92     2.46311414355217E-05   5.96073622739626E-03
151   92     1.44915691759320E-05   3.52145130975147E-03
152   92     7.91367393647198E-06   1.93093644049916E-03
153   92     1.90684096789243E-06   4.67176037133645E-04
154   92     8.86903447474642E-07   2.18178248078762E-04
155   92     1.16590278172819E-08   2.87977987086863E-06
156   92     4.82000055758862E-08   1.19536013828198E-05
157   92     2.94148253903564E-09   7.32429152219875E-07
158   92     2.79265649893651E-09   6.98164124734127E-07
159   92     2.72603227650061E-11   6.84234101401653E-09
160   92     3.10025736552910E-11   7.81264856113332E-09
161   92     4.19913882849775E-15   1.06238212360993E-12
162   92     1.15192262390696E-16   2.92588346472367E-14
163   92     3.49669519879373E-23   8.91657275692401E-21
164   92     1.00000000000000E-99   1.00000000000000E-99
165   92     1.00000000000000E-99   1.00000000000000E-99
166   92     1.00000000000000E-99   1.00000000000000E-99
167   92     1.00000000000000E-99   1.00000000000000E-99
168   92     1.00000000000000E-99   1.00000000000000E-99
169   92     1.00000000000000E-99   1.00000000000000E-99
170   92     1.00000000000000E-99   1.00000000000000E-99
171   92     1.00000000000000E-99   1.00000000000000E-99
172   92     1.00000000000000E-99   1.00000000000000E-99
173   92     1.00000000000000E-99   1.00000000000000E-99
174   92     1.00000000000000E-99   1.00000000000000E-99
175   92     1.00000000000000E-99   1.00000000000000E-99
176   92     1.00000000000000E-99   1.00000000000000E-99
177   92     1.00000000000000E-99   1.00000000000000E-99
178   92     1.00000000000000E-99   1.00000000000000E-99
179   92     1.00000000000000E-99   1.00000000000000E-99
180   92     1.00000000000000E-99   1.00000000000000E-99
181   92     1.00000000000000E-99   1.00000000000000E-99
182   92     1.00000000000000E-99   1.00000000000000E-99
183   92     1.00000000000000E-99   1.00000000000000E-99
184   92     1.00000000000000E-99   1.00000000000000E-99
185   92     1.00000000000000E-99   1.00000000000000E-99
186   92     1.00000000000000E-99   1.00000000000000E-99
187   92     1.00000000000000E-99   1.00000000000000E-99
188   92     1.00000000000000E-99   1.00000000000000E-99
189   92     1.00000000000000E-99   1.00000000000000E-99
190   92     1.00000000000000E-99   1.00000000000000E-99
191   92     1.00000000000000E-99   1.00000000000000E-99
192   92     1.00000000000000E-99   1.00000000000000E-99
193   92     1.00000000000000E-99   1.00000000000000E-99
194   92     1.00000000000000E-99   1.00000000000000E-99
195   92     1.00000000000000E-99   1.00000000000000E-99
196   92     1.00000000000000E-99   1.00000000000000E-99
197   92     1.00000000000000E-99   1.00000000000000E-99
199   92     1.00000000000000E-99   1.00000000000000E-99
201   92     1.00000000000000E-99   1.00000000000000E-99
203   92     1.00000000000000E-99   1.00000000000000E-99
137   93     1.00000000000000E-99   1.00000000000000E-99
138   93     1.00000000000000E-99   1.00000000000000E-99
139   93     1.00000000000000E-99   1.00000000000000E-99
140   93     1.00000000000000E-99   1.00000000000000E-99
141   93     1.00000000000000E-99   1.00000000000000E-99
142   93     1.00000000000000E-99   1.00000000000000E-99
143   93     1.00000000000000E-99   1.00000000000000E-99
144   93     1.49674392306500E-11   3.54728309766405E-09
145   93     4.96438705828200E-15   1.18152411987112E-12
146   93     4.56081849492854E-09   1.09003562028792E-06
147   93     1.42842393568342E-08   3.42821744564022E-06
148   93     1.21383958332521E-06   2.92535339581375E-04
149   93     8.82116503459936E-07   2.13472193837305E-04
150   93     3.78286373480462E-06   9.19235887557522E-04
151   93     8.51034992083950E-06   2.07652538068484E-03
152   93     9.08595712383402E-06   2.22605949533933E-03
153   93     4.59347641274614E-06   1.12999519753555E-03
154   93     1.57579659595147E-07   3.89221759200013E-05
155   93     3.03192041560258E-07   7.51916263069439E-05
156   93     5.31527258139707E-08   1.32350287276787E-05
157   93     1.17678397132077E-08   2.94195992830193E-06
158   93     8.66110506602775E-10   2.17393737157296E-07
159   93     9.65371172528476E-11   2.43273535477176E-08
160   93     1.54385733239546E-13   3.90595905096051E-11
161   93     3.29918109352045E-16   8.37991997754195E-14
162   93     1.15346329958457E-20   2.94133141394064E-18
163   93     1.00000000000000E-99   1.00000000000000E-99
164   93     1.00000000000000E-99   1.00000000000000E-99
165   93     1.00000000000000E-99   1.00000000000000E-99
166   93     1.00000000000000E-99   1.00000000000000E-99
167   93     1.00000000000000E-99   1.00000000000000E-99
168   93     1.00000000000000E-99   1.00000000000000E-99
169   93     1.00000000000000E-99   1.00000000000000E-99
170   93     1.00000000000000E-99   1.00000000000000E-99
171   93     1.00000000000000E-99   1.00000000000000E-99
172   93     1.00000000000000E-99   1.00000000000000E-99
173   93     1.00000000000000E-99   1.00000000000000E-99
174   93     1.00000000000000E-99   1.00000000000000E-99
175   93     1.00000000000000E-99   1.00000000000000E-99
176   93     1.00000000000000E-99   1.00000000000000E-99
177   93     1.00000000000000E-99   1.00000000000000E-99
178   93     1.00000000000000E-99   1.00000000000000E-99
179   93     1.00000000000000E-99   1.00000000000000E-99
180   93     1.00000000000000E-99   1.00000000000000E-99
181   93     1.00000000000000E-99   1.00000000000000E-99
182   93     1.00000000000000E-99   1.00000000000000E-99
183   93     1.00000000000000E-99   1.00000000000000E-99
184   93     1.00000000000000E-99   1.00000000000000E-99
185   93     1.00000000000000E-99   1.00000000000000E-99
186   93     1.00000000000000E-99   1.00000000000000E-99
187   93     1.00000000000000E-99   1.00000000000000E-99
188   93     1.00000000000000E-99   1.00000000000000E-99
189   93     1.00000000000000E-99   1.00000000000000E-99
190   93     1.00000000000000E-99   1.00000000000000E-99
191   93     1.00000000000000E-99   1.00000000000000E-99
192   93     1.00000000000000E-99   1.00000000000000E-99
193   93     1.00000000000000E-99   1.00000000000000E-99
194   93     1.00000000000000E-99   1.00000000000000E-99
195   93     1.00000000000000E-99   1.00000000000000E-99
197   93     1.00000000000000E-99   1.00000000000000E-99
199   93     1.00000000000000E-99   1.00000000000000E-99
200   93     1.00000000000000E-99   1.00000000000000E-99
201   93     1.00000000000000E-99   1.00000000000000E-99
202   93     1.00000000000000E-99   1.00000000000000E-99
203   93     1.00000000000000E-99   1.00000000000000E-99
205   93     1.00000000000000E-99   1.00000000000000E-99
206   93     1.00000000000000E-99   1.00000000000000E-99
207   93     1.00000000000000E-99   1.00000000000000E-99
209   93     1.00000000000000E-99   1.00000000000000E-99
139   94     1.00000000000000E-99   1.00000000000000E-99
140   94     1.00000000000000E-99   1.00000000000000E-99
141   94     1.00000000000000E-99   1.00000000000000E-99
142   94     1.00000000000000E-99   1.00000000000000E-99
143   94     1.00000000000000E-99   1.00000000000000E-99
144   94     5.38818350513266E-19   1.28238767422157E-16
145   94     3.90948448056382E-13   9.34366790854753E-11
146   94     7.60970281193594E-11   1.82632867486462E-08
147   94     3.30606413492929E-08   7.96761456517958E-06
148   94     1.76612314532517E-07   4.27401801168691E-05
149   94     1.13770857397495E-06   2.76463183475913E-04
150   94     2.46312531650096E-06   6.01002577226235E-04
151   94     4.05028339284643E-06   9.92319431247375E-04
152   94     1.39036411557821E-05   3.42029572432239E-03
153   94     9.70762515653644E-06   2.39778341366450E-03
154   94     1.12211144902803E-05   2.78283639358951E-03
155   94     3.89393656444361E-06   9.69590204546458E-04
156   94     8.36288600384286E-06   2.09072150096072E-03
157   94     4.45199586177108E-06   1.11745096130454E-03
158   94     5.89574688092305E-06   1.48572821399261E-03
159   94     9.36102518188087E-07   2.36833937101586E-04
160   94     7.45934166659915E-07   1.89467278331618E-04
161   94     2.34327811907361E-08   5.97535920363771E-06
162   94     2.16932163166776E-08   5.55346337706945E-06
163   94     5.34861941540095E-13   1.37459518975804E-10
164   94     2.35187053392866E-14   6.06782597753594E-12
165   94     2.04208200124497E-20   5.28899238322446E-18
166   94     1.00000000000000E-99   1.00000000000000E-99
167   94     1.00000000000000E-99   1.00000000000000E-99
168   94     1.00000000000000E-99   1.00000000000000E-99
169   94     1.00000000000000E-99   1.00000000000000E-99
170   94     1.00000000000000E-99   1.00000000000000E-99
171   94     1.00000000000000E-99   1.00000000000000E-99
172   94     1.00000000000000E-99   1.00000000000000E-99
173   94     1.00000000000000E-99   1.00000000000000E-99
174   94     1.00000000000000E-99   1.00000000000000E-99
175   94     1.00000000000000E-99   1.00000000000000E-99
176   94     1.00000000000000E-99   1.00000000000000E-99
177   94     1.00000000000000E-99   1.00000000000000E-99
178   94     1.00000000000000E-99   1.00000000000000E-99
179   94     1.00000000000000E-99   1.00000000000000E-99
180   94     1.00000000000000E-99   1.00000000000000E-99
181   94     1.00000000000000E-99   1.00000000000000E-99
182   94     1.00000000000000E-99   1.00000000000000E-99
183   94     1.00000000000000E-99   1.00000000000000E-99
184   94     1.00000000000000E-99   1.00000000000000E-99
185   94     1.00000000000000E-99   1.00000000000000E-99
186   94     1.00000000000000E-99   1.00000000000000E-99
187   94     1.00000000000000E-99   1.00000000000000E-99
188   94     1.00000000000000E-99   1.00000000000000E-99
189   94     1.00000000000000E-99   1.00000000000000E-99
190   94     1.00000000000000E-99   1.00000000000000E-99
191   94     1.00000000000000E-99   1.00000000000000E-99
192   94     1.00000000000000E-99   1.00000000000000E-99
193   94     1.00000000000000E-99   1.00000000000000E-99
194   94     1.00000000000000E-99   1.00000000000000E-99
195   94     1.00000000000000E-99   1.00000000000000E-99
196   94     1.00000000000000E-99   1.00000000000000E-99
197   94     1.00000000000000E-99   1.00000000000000E-99
198   94     1.00000000000000E-99   1.00000000000000E-99
199   94     1.00000000000000E-99   1.00000000000000E-99
200   94     1.00000000000000E-99   1.00000000000000E-99
201   94     1.00000000000000E-99   1.00000000000000E-99
203   94     1.00000000000000E-99   1.00000000000000E-99
205   94     1.00000000000000E-99   1.00000000000000E-99
207   94     1.00000000000000E-99   1.00000000000000E-99
209   94     1.00000000000000E-99   1.00000000000000E-99
141   95     1.00000000000000E-99   1.00000000000000E-99
142   95     1.00000000000000E-99   1.00000000000000E-99
143   95     1.00000000000000E-99   1.00000000000000E-99
144   95     1.00000000000000E-99   1.00000000000000E-99
145   95     1.00000000000000E-99   1.00000000000000E-99
146   95     1.22758876596735E-15   2.95848892598131E-13
147   95     3.76336687652544E-19   9.10734784119157E-17
148   95     1.38053842281203E-09   3.35470836743323E-07
149   95     5.45245535974160E-13   1.33039910777695E-10
150   95     2.93856939970321E-09   7.19949502927288E-07
151   95     4.99592580935020E-10   1.22899774910015E-07
152   95     2.33197401959145E-09   5.75997582839089E-07
153   95     4.67243167741343E-06   1.15876305599853E-03
154   95     8.20402217575933E-06   2.04280152176407E-03
155   95     4.06914119378933E-06   1.01728529844733E-03
156   95     3.09655954210462E-06   7.77236445068259E-04
157   95     2.35873607476243E-06   5.94401490840132E-04
158   95     4.38291775466992E-06   1.10887819193149E-03
159   95     1.83183246088078E-06   4.65285445063717E-04
160   95     3.98235503178128E-07   1.01550053310423E-04
161   95     8.29735253024652E-08   2.12412224774311E-05
162   95     1.91942613295428E-10   4.93292516169249E-08
163   95     1.94529777753477E-13   5.01886826603972E-11
164   95     3.57180274586717E-19   9.25096911179597E-17
165   95     9.70598503902279E-25   2.52355611014592E-22
166   95     1.00000000000000E-99   1.00000000000000E-99
167   95     1.00000000000000E-99   1.00000000000000E-99
168   95     1.00000000000000E-99   1.00000000000000E-99
169   95     1.00000000000000E-99   1.00000000000000E-99
170   95     1.00000000000000E-99   1.00000000000000E-99
171   95     1.00000000000000E-99   1.00000000000000E-99
172   95     1.00000000000000E-99   1.00000000000000E-99
173   95     1.00000000000000E-99   1.00000000000000E-99
174   95     1.00000000000000E-99   1.00000000000000E-99
175   95     1.00000000000000E-99   1.00000000000000E-99
176   95     1.00000000000000E-99   1.00000000000000E-99
177   95     1.00000000000000E-99   1.00000000000000E-99
178   95     1.00000000000000E-99   1.00000000000000E-99
179   95     1.00000000000000E-99   1.00000000000000E-99
180   95     1.00000000000000E-99   1.00000000000000E-99
181   95     1.00000000000000E-99   1.00000000000000E-99
182   95     1.00000000000000E-99   1.00000000000000E-99
183   95     1.00000000000000E-99   1.00000000000000E-99
184   95     1.00000000000000E-99   1.00000000000000E-99
185   95     1.00000000000000E-99   1.00000000000000E-99
186   95     1.00000000000000E-99   1.00000000000000E-99
187   95     1.00000000000000E-99   1.00000000000000E-99
188   95     1.00000000000000E-99   1.00000000000000E-99
189   95     1.00000000000000E-99   1.00000000000000E-99
190   95     1.00000000000000E-99   1.00000000000000E-99
191   95     1.00000000000000E-99   1.00000000000000E-99
192   95     1.00000000000000E-99   1.00000000000000E-99
193   95     1.00000000000000E-99   1.00000000000000E-99
194   95     1.00000000000000E-99   1.00000000000000E-99
195   95     1.00000000000000E-99   1.00000000000000E-99
196   95     1.00000000000000E-99   1.00000000000000E-99
197   95     1.00000000000000E-99   1.00000000000000E-99
198   95     1.00000000000000E-99   1.00000000000000E-99
199   95     1.00000000000000E-99   1.00000000000000E-99
200   95     1.00000000000000E-99   1.00000000000000E-99
201   95     1.00000000000000E-99   1.00000000000000E-99
202   95     1.00000000000000E-99   1.00000000000000E-99
203   95     1.00000000000000E-99   1.00000000000000E-99
204   95     1.00000000000000E-99   1.00000000000000E-99
205   95     1.00000000000000E-99   1.00000000000000E-99
206   95     1.00000000000000E-99   1.00000000000000E-99
207   95     1.00000000000000E-99   1.00000000000000E-99
208   95     1.00000000000000E-99   1.00000000000000E-99
209   95     1.00000000000000E-99   1.00000000000000E-99
211   95     1.00000000000000E-99   1.00000000000000E-99
213   95     1.00000000000000E-99   1.00000000000000E-99
144   96     1.00000000000000E-99   1.00000000000000E-99
145   96     1.00000000000000E-99   1.00000000000000E-99
146   96     9.06311495732305E-23   2.19327381967218E-20
147   96     1.00000000000000E-99   1.00000000000000E-99
148   96     3.27293698059713E-16   7.98596623265701E-14
149   96     7.63883636565009E-12   1.87151490958427E-09
150   96     4.62422252144063E-12   1.13755874027439E-09
151   96     4.47616141478542E-11   1.10561186945200E-08
152   96     2.18666624360176E-07   5.42293228413237E-05
153   96     1.07378855616073E-06   2.67373350484021E-04
154   96     4.59407310582619E-06   1.14851827645655E-03
155   96     8.24894999115954E-06   2.07048644778104E-03
156   96     1.70417515843659E-05   4.29452139926020E-03
157   96     8.25734128624103E-06   2.08910734541898E-03
158   96     9.50252185544313E-06   2.41364055128256E-03
159   96     6.74501526667528E-06   1.71997889300220E-03
160   96     8.59758674909616E-06   2.20098220776862E-03
161   96     5.36238284223154E-07   1.37813239045351E-04
162   96     5.79290420996617E-07   1.49456928617127E-04
163   96     4.20521202447815E-09   1.08914991433984E-06
164   96     3.43685457253455E-10   8.93582188858983E-08
165   96     4.33506462960723E-12   1.13145186832749E-09
166   96     5.25689477890379E-13   1.37730643207279E-10
167   96     1.66684934285574E-17   4.38381377171061E-15
168   96     6.59464271906024E-13   1.74098567783190E-10
169   96     3.37444901893635E-15   8.94228990018132E-13
170   96     4.27897055351885E-25   1.13820616723601E-22
171   96     4.93067921501675E-25   1.31649135040947E-22
172   96     3.10324780476576E-15   8.31670411677223E-13
173   96     1.50072838824735E-24   4.03695936438538E-22
174   96     1.00000000000000E-99   1.00000000000000E-99
175   96     1.00000000000000E-99   1.00000000000000E-99
176   96     1.00000000000000E-99   1.00000000000000E-99
177   96     1.00000000000000E-99   1.00000000000000E-99
178   96     1.00000000000000E-99   1.00000000000000E-99
179   96     1.00000000000000E-99   1.00000000000000E-99
180   96     1.00000000000000E-99   1.00000000000000E-99
181   96     1.00000000000000E-99   1.00000000000000E-99
182   96     1.00000000000000E-99   1.00000000000000E-99
183   96     1.00000000000000E-99   1.00000000000000E-99
184   96     1.00000000000000E-99   1.00000000000000E-99
185   96     1.00000000000000E-99   1.00000000000000E-99
186   96     1.00000000000000E-99   1.00000000000000E-99
187   96     1.00000000000000E-99   1.00000000000000E-99
188   96     1.00000000000000E-99   1.00000000000000E-99
189   96     1.00000000000000E-99   1.00000000000000E-99
190   96     1.00000000000000E-99   1.00000000000000E-99
191   96     1.00000000000000E-99   1.00000000000000E-99
192   96     1.00000000000000E-99   1.00000000000000E-99
193   96     1.00000000000000E-99   1.00000000000000E-99
194   96     1.00000000000000E-99   1.00000000000000E-99
195   96     1.00000000000000E-99   1.00000000000000E-99
196   96     1.00000000000000E-99   1.00000000000000E-99
197   96     1.00000000000000E-99   1.00000000000000E-99
198   96     1.00000000000000E-99   1.00000000000000E-99
199   96     1.00000000000000E-99   1.00000000000000E-99
200   96     1.00000000000000E-99   1.00000000000000E-99
201   96     1.00000000000000E-99   1.00000000000000E-99
202   96     1.00000000000000E-99   1.00000000000000E-99
203   96     1.00000000000000E-99   1.00000000000000E-99
204   96     1.00000000000000E-99   1.00000000000000E-99
205   96     1.00000000000000E-99   1.00000000000000E-99
206   96     1.00000000000000E-99   1.00000000000000E-99
207   96     1.00000000000000E-99   1.00000000000000E-99
208   96     1.00000000000000E-99   1.00000000000000E-99
209   96     1.00000000000000E-99   1.00000000000000E-99
211   96     1.00000000000000E-99   1.00000000000000E-99
213   96     1.00000000000000E-99   1.00000000000000E-99
215   96     1.00000000000000E-99   1.00000000000000E-99
145   97     1.00000000000000E-99   1.00000000000000E-99
146   97     1.00000000000000E-99   1.00000000000000E-99
147   97     1.00000000000000E-99   1.00000000000000E-99
148   97     1.00000000000000E-99   1.00000000000000E-99
149   97     1.00000000000000E-99   1.00000000000000E-99
150   97     1.21748735978666E-16   3.00719377867306E-14
151   97     6.70069305779883E-20   1.66177187833411E-17
152   97     6.09801188766366E-09   1.51840496002825E-06
153   97     4.67064795766745E-12   1.16766198941686E-09
154   97     2.31493018400304E-07   5.81047476184763E-05
155   97     3.28052813685292E-07   8.26693090486936E-05
156   97     2.80336621122168E-06   7.09251651439085E-04
157   97     4.95543757346632E-06   1.25868114366044E-03
158   97     1.73125724442388E-06   4.41470597328088E-04
159   97     2.34497036028878E-06   6.00312412233927E-04
160   97     6.98931696023523E-07   1.79625445878045E-04
161   97     7.95672779145356E-07   2.05283577019502E-04
162   97     5.56882980654382E-08   1.44232691989485E-05
163   97     3.58050414754944E-09   9.30931078362854E-07
164   97     9.82145868616036E-11   2.56340071708785E-08
165   97     3.80626352798455E-12   9.97241044331952E-10
166   97     1.41247050467351E-14   3.71479742729133E-12
167   97     3.91805126288473E-13   1.03436553340157E-10
168   97     4.06904609929972E-15   1.07829721631443E-12
169   97     2.01938246180197E-19   5.37155734839324E-17
170   97     2.49762487969292E-17   6.66865842878009E-15
171   97     5.88002482926858E-16   1.57584665424398E-13
172   97     1.80186954546854E-20   4.84702907731036E-18
173   97     1.00000000000000E-99   1.00000000000000E-99
174   97     1.00000000000000E-99   1.00000000000000E-99
175   97     1.00000000000000E-99   1.00000000000000E-99
176   97     1.00000000000000E-99   1.00000000000000E-99
177   97     1.00000000000000E-99   1.00000000000000E-99
178   97     1.00000000000000E-99   1.00000000000000E-99
179   97     1.00000000000000E-99   1.00000000000000E-99
180   97     1.00000000000000E-99   1.00000000000000E-99
181   97     1.00000000000000E-99   1.00000000000000E-99
182   97     1.00000000000000E-99   1.00000000000000E-99
183   97     1.00000000000000E-99   1.00000000000000E-99
184   97     1.00000000000000E-99   1.00000000000000E-99
185   97     1.00000000000000E-99   1.00000000000000E-99
186   97     1.00000000000000E-99   1.00000000000000E-99
187   97     1.00000000000000E-99   1.00000000000000E-99
188   97     1.00000000000000E-99   1.00000000000000E-99
189   97     1.00000000000000E-99   1.00000000000000E-99
190   97     1.00000000000000E-99   1.00000000000000E-99
191   97     1.00000000000000E-99   1.00000000000000E-99
192   97     1.00000000000000E-99   1.00000000000000E-99
193   97     1.00000000000000E-99   1.00000000000000E-99
194   97     1.00000000000000E-99   1.00000000000000E-99
195   97     1.00000000000000E-99   1.00000000000000E-99
196   97     1.00000000000000E-99   1.00000000000000E-99
197   97     1.00000000000000E-99   1.00000000000000E-99
198   97     1.00000000000000E-99   1.00000000000000E-99
199   97     1.00000000000000E-99   1.00000000000000E-99
200   97     1.00000000000000E-99   1.00000000000000E-99
201   97     1.00000000000000E-99   1.00000000000000E-99
202   97     1.00000000000000E-99   1.00000000000000E-99
203   97     1.00000000000000E-99   1.00000000000000E-99
204   97     1.00000000000000E-99   1.00000000000000E-99
205   97     1.00000000000000E-99   1.00000000000000E-99
206   97     1.00000000000000E-99   1.00000000000000E-99
207   97     1.00000000000000E-99   1.00000000000000E-99
208   97     1.00000000000000E-99   1.00000000000000E-99
209   97     1.00000000000000E-99   1.00000000000000E-99
210   97     1.00000000000000E-99   1.00000000000000E-99
211   97     1.00000000000000E-99   1.00000000000000E-99
213   97     1.00000000000000E-99   1.00000000000000E-99
215   97     1.00000000000000E-99   1.00000000000000E-99
217   97     1.00000000000000E-99   1.00000000000000E-99
147   98     1.00000000000000E-99   1.00000000000000E-99
148   98     1.00000000000000E-99   1.00000000000000E-99
149   98     1.00000000000000E-99   1.00000000000000E-99
150   98     1.00000000000000E-99   1.00000000000000E-99
151   98     3.45516428026972E-15   8.60335905787161E-13
152   98     8.38341879638019E-15   2.09585469909505E-12
153   98     1.32611418910617E-09   3.32854661465649E-07
154   98     2.16576152611925E-09   5.45771904582052E-07
155   98     3.80058709492564E-08   9.61548535016188E-06
156   98     1.85909077023252E-07   4.72209055639059E-05
157   98     4.83709848663174E-07   1.23346011409109E-04
158   98     1.32064330202421E-06   3.38084685318198E-04
159   98     1.98777156547539E-07   5.10857292327175E-05
160   98     5.57740115267087E-07   1.43896949738908E-04
161   98     1.08915535457560E-07   2.82091236835080E-05
162   98     4.20756613952928E-08   1.09396719627761E-05
163   98     1.59754192987578E-08   4.16958443697579E-06
164   98     3.12476981797639E-09   8.18689692309815E-07
165   98     1.23649342726564E-10   3.25197771370862E-08
166   98     5.73383228508790E-10   1.51373172326321E-07
167   98     3.72221125691929E-11   9.86385983083611E-09
168   98     3.78880315605900E-10   1.00782163951169E-07
169   98     6.63922546951011E-11   1.77267320035920E-08
170   98     1.64852504386082E-13   4.41804711754699E-11
171   98     1.26548365538330E-13   3.40415103298109E-11
172   98     3.18432994866010E-11   8.59769086138226E-09
173   98     2.87782721102927E-13   7.79891174188932E-11
174   98     1.91071729111782E-15   5.19715103184046E-13
175   98     2.93225665269267E-19   8.00506066185099E-17
176   98     1.42992497480784E-20   3.91799443097349E-18
177   98     1.75930906902677E-24   4.83809993982362E-22
178   98     1.00000000000000E-99   1.00000000000000E-99
179   98     1.00000000000000E-99   1.00000000000000E-99
180   98     1.00000000000000E-99   1.00000000000000E-99
181   98     1.00000000000000E-99   1.00000000000000E-99
182   98     1.00000000000000E-99   1.00000000000000E-99
183   98     1.00000000000000E-99   1.00000000000000E-99
184   98     1.00000000000000E-99   1.00000000000000E-99
185   98     1.00000000000000E-99   1.00000000000000E-99
186   98     1.00000000000000E-99   1.00000000000000E-99
187   98     1.00000000000000E-99   1.00000000000000E-99
188   98     1.00000000000000E-99   1.00000000000000E-99
189   98     1.00000000000000E-99   1.00000000000000E-99
190   98     1.00000000000000E-99   1.00000000000000E-99
191   98     1.00000000000000E-99   1.00000000000000E-99
192   98     1.00000000000000E-99   1.00000000000000E-99
193   98     1.00000000000000E-99   1.00000000000000E-99
194   98     1.00000000000000E-99   1.00000000000000E-99
195   98     1.00000000000000E-99   1.00000000000000E-99
196   98     1.00000000000000E-99   1.00000000000000E-99
197   98     1.00000000000000E-99   1.00000000000000E-99
198   98     1.00000000000000E-99   1.00000000000000E-99
199   98     1.00000000000000E-99   1.00000000000000E-99
200   98     1.00000000000000E-99   1.00000000000000E-99
201   98     1.00000000000000E-99   1.00000000000000E-99
202   98     1.00000000000000E-99   1.00000000000000E-99
203   98     1.00000000000000E-99   1.00000000000000E-99
204   98     1.00000000000000E-99   1.00000000000000E-99
205   98     1.00000000000000E-99   1.00000000000000E-99
206   98     1.00000000000000E-99   1.00000000000000E-99
207   98     1.00000000000000E-99   1.00000000000000E-99
208   98     1.00000000000000E-99   1.00000000000000E-99
209   98     1.00000000000000E-99   1.00000000000000E-99
210   98     1.00000000000000E-99   1.00000000000000E-99
211   98     1.00000000000000E-99   1.00000000000000E-99
213   98     1.00000000000000E-99   1.00000000000000E-99
215   98     1.00000000000000E-99   1.00000000000000E-99
217   98     1.00000000000000E-99   1.00000000000000E-99
219   98     1.00000000000000E-99   1.00000000000000E-99
221   98     1.00000000000000E-99   1.00000000000000E-99
149   99     1.00000000000000E-99   1.00000000000000E-99
150   99     1.00000000000000E-99   1.00000000000000E-99
151   99     1.00000000000000E-99   1.00000000000000E-99
152   99     1.00000000000000E-99   1.00000000000000E-99
153   99     1.22323354429579E-16   3.08254853162539E-14
154   99     3.97497410225274E-13   1.00566844786994E-10
155   99     6.19775358630726E-13   1.57422941092205E-10
156   99     1.82787049690700E-09   4.66106976711284E-07
157   99     3.86215265376860E-08   9.88711079364762E-06
158   99     4.77019452178275E-09   1.22593999209817E-06
159   99     1.49632643233564E-08   3.86052219542594E-06
160   99     5.02056735821178E-09   1.30032694577685E-06
161   99     3.54294473222354E-09   9.21165630378121E-07
162   99     7.61990942527810E-09   1.98879635999758E-06
163   99     2.84900929271682E-09   7.46440434691807E-07
164   99     4.12405359512505E-10   1.08462609551789E-07
165   99     1.04287050649939E-09   2.75317813715840E-07
166   99     7.80202034265096E-10   2.06753539080251E-07
167   99     1.71472811599700E-10   4.56117678855203E-08
168   99     1.86378024419964E-10   4.97629325201303E-08
169   99     1.18969342003005E-11   3.18837836568053E-09
170   99     5.27385318557920E-14   1.41866650692081E-11
171   99     3.87850876200500E-11   1.04719736574135E-08
172   99     1.79942570135989E-13   4.87644365068531E-11
173   99     6.70592826142098E-15   1.82401248710651E-12
174   99     1.24791453712017E-19   3.40680668633806E-17
175   99     1.39755933373247E-20   3.82931257442697E-18
176   99     6.70137745832472E-25   1.84287880103930E-22
177   99     1.00000000000000E-99   1.00000000000000E-99
178   99     1.00000000000000E-99   1.00000000000000E-99
179   99     1.00000000000000E-99   1.00000000000000E-99
180   99     1.00000000000000E-99   1.00000000000000E-99
181   99     1.00000000000000E-99   1.00000000000000E-99
182   99     1.00000000000000E-99   1.00000000000000E-99
183   99     1.00000000000000E-99   1.00000000000000E-99
184   99     1.00000000000000E-99   1.00000000000000E-99
185   99     1.00000000000000E-99   1.00000000000000E-99
186   99     1.00000000000000E-99   1.00000000000000E-99
187   99     1.00000000000000E-99   1.00000000000000E-99
188   99     1.00000000000000E-99   1.00000000000000E-99
189   99     1.00000000000000E-99   1.00000000000000E-99
190   99     1.00000000000000E-99   1.00000000000000E-99
191   99     1.00000000000000E-99   1.00000000000000E-99
192   99     1.00000000000000E-99   1.00000000000000E-99
193   99     1.00000000000000E-99   1.00000000000000E-99
194   99     1.00000000000000E-99   1.00000000000000E-99
195   99     1.00000000000000E-99   1.00000000000000E-99
196   99     1.00000000000000E-99   1.00000000000000E-99
197   99     1.00000000000000E-99   1.00000000000000E-99
198   99     1.00000000000000E-99   1.00000000000000E-99
199   99     1.00000000000000E-99   1.00000000000000E-99
200   99     1.00000000000000E-99   1.00000000000000E-99
201   99     1.00000000000000E-99   1.00000000000000E-99
202   99     1.00000000000000E-99   1.00000000000000E-99
203   99     1.00000000000000E-99   1.00000000000000E-99
204   99     1.00000000000000E-99   1.00000000000000E-99
205   99     1.00000000000000E-99   1.00000000000000E-99
206   99     1.00000000000000E-99   1.00000000000000E-99
207   99     1.00000000000000E-99   1.00000000000000E-99
208   99     1.00000000000000E-99   1.00000000000000E-99
209   99     1.00000000000000E-99   1.00000000000000E-99
210   99     1.00000000000000E-99   1.00000000000000E-99
211   99     1.00000000000000E-99   1.00000000000000E-99
212   99     1.00000000000000E-99   1.00000000000000E-99
213   99     1.00000000000000E-99   1.00000000000000E-99
215   99     1.00000000000000E-99   1.00000000000000E-99
216   99     1.00000000000000E-99   1.00000000000000E-99
217   99     1.00000000000000E-99   1.00000000000000E-99
219   99     1.00000000000000E-99   1.00000000000000E-99
221   99     1.00000000000000E-99   1.00000000000000E-99
223   99     1.00000000000000E-99   1.00000000000000E-99
151  100     1.00000000000000E-99   1.00000000000000E-99
152  100     1.00000000000000E-99   1.00000000000000E-99
153  100     1.00000000000000E-99   1.00000000000000E-99
154  100     7.45666338299303E-19   1.89399249928023E-16
155  100     7.21501705923382E-15   1.83982935010462E-12
156  100     4.08313596040639E-10   1.04528280586404E-07
157  100     1.25587504379867E-13   3.22759886256257E-11
158  100     8.28845422377311E-16   2.13842118973346E-13
159  100     3.89163133154864E-12   1.00793251487110E-09
160  100     1.13621660835731E-10   2.95416318172902E-08
161  100     4.69389968104586E-10   1.22510781675297E-07
162  100     1.04415616463868E-09   2.73568915135334E-07
163  100     3.74223677118286E-10   9.84208270821092E-08
164  100     1.84922284099694E-09   4.88194830023192E-07
165  100     3.61904216026649E-09   9.59046172470620E-07
166  100     3.26521272354600E-10   8.68546584463236E-08
167  100     4.17951647858089E-10   1.11593089978110E-07
168  100     4.92017452370051E-11   1.31860677235174E-08
169  100     2.37964634588497E-10   6.40124867043056E-08
170  100     9.08895568763198E-10   2.45401803566063E-07
171  100     5.92280520999016E-10   1.60508021190733E-07
172  100     5.11256831380528E-10   1.39061858135504E-07
173  100     6.48965867942613E-11   1.77167681948333E-08
174  100     6.47465702767912E-11   1.77405602558408E-08
175  100     5.30170562961271E-12   1.45796904814350E-09
176  100     3.66116311125241E-15   1.01048101870567E-12
177  100     3.19832280313275E-16   8.85935416467773E-14
178  100     4.54057497945091E-19   1.26227984428735E-16
179  100     1.00000000000000E-99   1.00000000000000E-99
180  100     1.00000000000000E-99   1.00000000000000E-99
181  100     1.00000000000000E-99   1.00000000000000E-99
182  100     1.00000000000000E-99   1.00000000000000E-99
183  100     1.00000000000000E-99   1.00000000000000E-99
184  100     1.00000000000000E-99   1.00000000000000E-99
185  100     1.00000000000000E-99   1.00000000000000E-99
186  100     1.00000000000000E-99   1.00000000000000E-99
187  100     1.00000000000000E-99   1.00000000000000E-99
188  100     1.00000000000000E-99   1.00000000000000E-99
189  100     1.00000000000000E-99   1.00000000000000E-99
190  100     1.00000000000000E-99   1.00000000000000E-99
191  100     1.00000000000000E-99   1.00000000000000E-99
192  100     1.00000000000000E-99   1.00000000000000E-99
193  100     1.00000000000000E-99   1.00000000000000E-99
194  100     1.00000000000000E-99   1.00000000000000E-99
195  100     1.00000000000000E-99   1.00000000000000E-99
196  100     1.00000000000000E-99   1.00000000000000E-99
197  100     1.00000000000000E-99   1.00000000000000E-99
198  100     1.00000000000000E-99   1.00000000000000E-99
199  100     1.00000000000000E-99   1.00000000000000E-99
200  100     1.00000000000000E-99   1.00000000000000E-99
201  100     1.00000000000000E-99   1.00000000000000E-99
202  100     1.00000000000000E-99   1.00000000000000E-99
203  100     1.00000000000000E-99   1.00000000000000E-99
204  100     1.00000000000000E-99   1.00000000000000E-99
205  100     1.00000000000000E-99   1.00000000000000E-99
206  100     1.00000000000000E-99   1.00000000000000E-99
207  100     1.00000000000000E-99   1.00000000000000E-99
208  100     1.00000000000000E-99   1.00000000000000E-99
209  100     1.00000000000000E-99   1.00000000000000E-99
210  100     1.00000000000000E-99   1.00000000000000E-99
211  100     1.00000000000000E-99   1.00000000000000E-99
213  100     1.00000000000000E-99   1.00000000000000E-99
215  100     1.00000000000000E-99   1.00000000000000E-99
217  100     1.00000000000000E-99   1.00000000000000E-99
218  100     1.00000000000000E-99   1.00000000000000E-99
219  100     1.00000000000000E-99   1.00000000000000E-99
221  100     1.00000000000000E-99   1.00000000000000E-99
223  100     1.00000000000000E-99   1.00000000000000E-99
225  100     1.00000000000000E-99   1.00000000000000E-99
152  101     1.00000000000000E-99   1.00000000000000E-99
153  101     1.00000000000000E-99   1.00000000000000E-99
154  101     1.00000000000000E-99   1.00000000000000E-99
155  101     5.09972436469503E-13   1.30552943736193E-10
156  101     4.48360410964262E-19   1.15228625617815E-16
157  101     1.00000000000000E-99   1.00000000000000E-99
158  101     1.87495630494797E-17   4.85613682981524E-15
159  101     3.16461832708050E-23   8.22800765040929E-21
160  101     4.20136459811879E-14   1.09655616010900E-11
161  101     4.79393932174185E-19   1.25601210229637E-16
162  101     5.53277206000194E-12   1.45511905178051E-09
163  101     7.15906243354643E-11   1.88999248245626E-08
164  101     5.62073752405704E-10   1.48949544387511E-07
165  101     2.71145456058854E-11   7.21246913116552E-09
166  101     3.86769376329227E-11   1.03267423479903E-08
167  101     8.21870969550900E-13   2.20261419839641E-10
168  101     1.78693086605637E-12   4.80684402969164E-10
169  101     3.85242528057557E-11   1.04015482575540E-08
170  101     1.68793682355623E-11   4.57430879183738E-09
171  101     3.58028099447558E-10   9.73836430497358E-08
172  101     1.52484539757348E-10   4.16282793537559E-08
173  101     1.43953273319586E-10   3.94431968895666E-08
174  101     1.56496540195732E-11   4.30365485538264E-09
175  101     5.18236989350417E-14   1.43033409060715E-11
176  101     1.76274433989248E-16   4.88280182150218E-14
177  101     1.55513414184341E-18   4.32327291432467E-16
178  101     1.00000000000000E-99   1.00000000000000E-99
179  101     1.00000000000000E-99   1.00000000000000E-99
180  101     1.00000000000000E-99   1.00000000000000E-99
181  101     1.00000000000000E-99   1.00000000000000E-99
182  101     1.00000000000000E-99   1.00000000000000E-99
183  101     1.00000000000000E-99   1.00000000000000E-99
184  101     1.00000000000000E-99   1.00000000000000E-99
185  101     1.00000000000000E-99   1.00000000000000E-99
186  101     1.00000000000000E-99   1.00000000000000E-99
187  101     1.00000000000000E-99   1.00000000000000E-99
188  101     1.00000000000000E-99   1.00000000000000E-99
189  101     1.00000000000000E-99   1.00000000000000E-99
190  101     1.00000000000000E-99   1.00000000000000E-99
191  101     1.00000000000000E-99   1.00000000000000E-99
192  101     1.00000000000000E-99   1.00000000000000E-99
193  101     1.00000000000000E-99   1.00000000000000E-99
194  101     1.00000000000000E-99   1.00000000000000E-99
195  101     1.00000000000000E-99   1.00000000000000E-99
196  101     1.00000000000000E-99   1.00000000000000E-99
197  101     1.00000000000000E-99   1.00000000000000E-99
198  101     1.00000000000000E-99   1.00000000000000E-99
199  101     1.00000000000000E-99   1.00000000000000E-99
200  101     1.00000000000000E-99   1.00000000000000E-99
201  101     1.00000000000000E-99   1.00000000000000E-99
202  101     1.00000000000000E-99   1.00000000000000E-99
203  101     1.00000000000000E-99   1.00000000000000E-99
204  101     1.00000000000000E-99   1.00000000000000E-99
205  101     1.00000000000000E-99   1.00000000000000E-99
206  101     1.00000000000000E-99   1.00000000000000E-99
207  101     1.00000000000000E-99   1.00000000000000E-99
208  101     1.00000000000000E-99   1.00000000000000E-99
209  101     1.00000000000000E-99   1.00000000000000E-99
210  101     1.00000000000000E-99   1.00000000000000E-99
211  101     1.00000000000000E-99   1.00000000000000E-99
212  101     1.00000000000000E-99   1.00000000000000E-99
213  101     1.00000000000000E-99   1.00000000000000E-99
214  101     1.00000000000000E-99   1.00000000000000E-99
215  101     1.00000000000000E-99   1.00000000000000E-99
216  101     1.00000000000000E-99   1.00000000000000E-99
217  101     1.00000000000000E-99   1.00000000000000E-99
218  101     1.00000000000000E-99   1.00000000000000E-99
219  101     1.00000000000000E-99   1.00000000000000E-99
220  101     1.00000000000000E-99   1.00000000000000E-99
221  101     1.00000000000000E-99   1.00000000000000E-99
223  101     1.00000000000000E-99   1.00000000000000E-99
225  101     1.00000000000000E-99   1.00000000000000E-99
227  101     1.00000000000000E-99   1.00000000000000E-99
152  102     1.00000000000000E-99   1.00000000000000E-99
153  102     1.00000000000000E-99   1.00000000000000E-99
154  102     1.00000000000000E-99   1.00000000000000E-99
155  102     1.00000000000000E-99   1.00000000000000E-99
156  102     1.00000000000000E-99   1.00000000000000E-99
157  102     5.22670033710171E-20   1.35371538730934E-17
158  102     1.00000000000000E-99   1.00000000000000E-99
159  102     1.00000000000000E-99   1.00000000000000E-99
160  102     1.00000000000000E-99   1.00000000000000E-99
161  102     4.66651558002349E-17   1.22729359754618E-14
162  102     6.21864769816893E-14   1.64172299231660E-11
163  102     1.52107963612573E-11   4.03086103573317E-09
164  102     2.74780924160170E-12   7.30917258266053E-10
165  102     1.87098261725594E-12   4.99552358807335E-10
166  102     3.73887895216044E-15   1.00201955917900E-12
167  102     5.23311318061782E-15   1.40770744558619E-12
168  102     9.41390696892987E-15   2.54175488161107E-12
169  102     3.97215738678183E-14   1.07645465181788E-11
170  102     5.98830726445862E-13   1.62881957593275E-10
171  102     2.85490632951056E-11   7.79389427956382E-09
172  102     1.17612698484510E-10   3.22258793847556E-08
173  102     8.39756674525516E-10   2.30933085494517E-07
174  102     4.79138056861333E-11   1.32242103693728E-08
175  102     1.86590124415918E-12   5.16854644632094E-10
176  102     5.17524335163084E-14   1.43871765175337E-11
177  102     4.99388783263963E-18   1.39329470530646E-15
178  102     1.27610197510129E-20   3.57308553028361E-18
179  102     1.00000000000000E-99   1.00000000000000E-99
180  102     1.00000000000000E-99   1.00000000000000E-99
181  102     1.00000000000000E-99   1.00000000000000E-99
182  102     1.00000000000000E-99   1.00000000000000E-99
183  102     1.00000000000000E-99   1.00000000000000E-99
184  102     1.00000000000000E-99   1.00000000000000E-99
185  102     1.00000000000000E-99   1.00000000000000E-99
186  102     1.00000000000000E-99   1.00000000000000E-99
187  102     1.00000000000000E-99   1.00000000000000E-99
188  102     1.00000000000000E-99   1.00000000000000E-99
189  102     1.00000000000000E-99   1.00000000000000E-99
190  102     1.00000000000000E-99   1.00000000000000E-99
191  102     1.00000000000000E-99   1.00000000000000E-99
192  102     1.00000000000000E-99   1.00000000000000E-99
193  102     1.00000000000000E-99   1.00000000000000E-99
194  102     1.00000000000000E-99   1.00000000000000E-99
195  102     1.00000000000000E-99   1.00000000000000E-99
196  102     1.00000000000000E-99   1.00000000000000E-99
197  102     1.00000000000000E-99   1.00000000000000E-99
198  102     1.00000000000000E-99   1.00000000000000E-99
199  102     1.00000000000000E-99   1.00000000000000E-99
200  102     1.00000000000000E-99   1.00000000000000E-99
201  102     1.00000000000000E-99   1.00000000000000E-99
202  102     1.00000000000000E-99   1.00000000000000E-99
203  102     1.00000000000000E-99   1.00000000000000E-99
204  102     1.00000000000000E-99   1.00000000000000E-99
205  102     1.00000000000000E-99   1.00000000000000E-99
206  102     1.00000000000000E-99   1.00000000000000E-99
207  102     1.00000000000000E-99   1.00000000000000E-99
208  102     1.00000000000000E-99   1.00000000000000E-99
209  102     1.00000000000000E-99   1.00000000000000E-99
210  102     1.00000000000000E-99   1.00000000000000E-99
211  102     1.00000000000000E-99   1.00000000000000E-99
212  102     1.00000000000000E-99   1.00000000000000E-99
213  102     1.00000000000000E-99   1.00000000000000E-99
214  102     1.00000000000000E-99   1.00000000000000E-99
215  102     1.00000000000000E-99   1.00000000000000E-99
216  102     1.00000000000000E-99   1.00000000000000E-99
217  102     1.00000000000000E-99   1.00000000000000E-99
218  102     1.00000000000000E-99   1.00000000000000E-99
219  102     1.00000000000000E-99   1.00000000000000E-99
221  102     1.00000000000000E-99   1.00000000000000E-99
223  102     1.00000000000000E-99   1.00000000000000E-99
225  102     1.00000000000000E-99   1.00000000000000E-99
227  102     1.00000000000000E-99   1.00000000000000E-99
229  102     1.00000000000000E-99   1.00000000000000E-99
153  103     1.00000000000000E-99   1.00000000000000E-99
154  103     1.00000000000000E-99   1.00000000000000E-99
155  103     1.00000000000000E-99   1.00000000000000E-99
156  103     1.00000000000000E-99   1.00000000000000E-99
157  103     1.00000000000000E-99   1.00000000000000E-99
158  103     1.00000000000000E-99   1.00000000000000E-99
159  103     1.00000000000000E-99   1.00000000000000E-99
160  103     1.00000000000000E-99   1.00000000000000E-99
161  103     1.00000000000000E-99   1.00000000000000E-99
162  103     1.00000000000000E-99   1.00000000000000E-99
163  103     1.00000000000000E-99   1.00000000000000E-99
164  103     1.96004300177347E-14   5.23331481473517E-12
165  103     1.12661815161338E-17   3.01933664632386E-15
166  103     8.66593801406500E-18   2.33113732578348E-15
167  103     1.51138851338527E-18   4.08074898614023E-16
168  103     7.90956696954999E-19   2.14349264874805E-16
169  103     1.07672861375402E-17   2.92870182941093E-15
170  103     2.42436061614644E-15   6.61850448207978E-13
171  103     8.86487485597723E-14   2.42897571053776E-11
172  103     3.08908662777201E-12   8.49498822637303E-10
173  103     3.23579756528320E-12   8.93080128018164E-10
174  103     2.82453469913017E-13   7.82396111659056E-11
175  103     8.10899420128831E-14   2.25430038795815E-11
176  103     8.00300370557652E-19   2.23283803385585E-16
177  103     3.36010620706320E-21   9.40829737977696E-19
178  103     1.00000000000000E-99   1.00000000000000E-99
179  103     1.00000000000000E-99   1.00000000000000E-99
180  103     1.00000000000000E-99   1.00000000000000E-99
181  103     1.00000000000000E-99   1.00000000000000E-99
182  103     1.00000000000000E-99   1.00000000000000E-99
183  103     1.00000000000000E-99   1.00000000000000E-99
184  103     1.00000000000000E-99   1.00000000000000E-99
185  103     1.00000000000000E-99   1.00000000000000E-99
186  103     1.00000000000000E-99   1.00000000000000E-99
187  103     1.00000000000000E-99   1.00000000000000E-99
188  103     1.00000000000000E-99   1.00000000000000E-99
189  103     1.00000000000000E-99   1.00000000000000E-99
190  103     1.00000000000000E-99   1.00000000000000E-99
191  103     1.00000000000000E-99   1.00000000000000E-99
192  103     1.00000000000000E-99   1.00000000000000E-99
193  103     1.00000000000000E-99   1.00000000000000E-99
194  103     1.00000000000000E-99   1.00000000000000E-99
195  103     1.00000000000000E-99   1.00000000000000E-99
196  103     1.00000000000000E-99   1.00000000000000E-99
197  103     1.00000000000000E-99   1.00000000000000E-99
198  103     1.00000000000000E-99   1.00000000000000E-99
199  103     1.00000000000000E-99   1.00000000000000E-99
200  103     1.00000000000000E-99   1.00000000000000E-99
201  103     1.00000000000000E-99   1.00000000000000E-99
202  103     1.00000000000000E-99   1.00000000000000E-99
203  103     1.00000000000000E-99   1.00000000000000E-99
204  103     1.00000000000000E-99   1.00000000000000E-99
205  103     1.00000000000000E-99   1.00000000000000E-99
206  103     1.00000000000000E-99   1.00000000000000E-99
207  103     1.00000000000000E-99   1.00000000000000E-99
208  103     1.00000000000000E-99   1.00000000000000E-99
209  103     1.00000000000000E-99   1.00000000000000E-99
210  103     1.00000000000000E-99   1.00000000000000E-99
211  103     1.00000000000000E-99   1.00000000000000E-99
212  103     1.00000000000000E-99   1.00000000000000E-99
213  103     1.00000000000000E-99   1.00000000000000E-99
214  103     1.00000000000000E-99   1.00000000000000E-99
215  103     1.00000000000000E-99   1.00000000000000E-99
216  103     1.00000000000000E-99   1.00000000000000E-99
217  103     1.00000000000000E-99   1.00000000000000E-99
218  103     1.00000000000000E-99   1.00000000000000E-99
219  103     1.00000000000000E-99   1.00000000000000E-99
220  103     1.00000000000000E-99   1.00000000000000E-99
221  103     1.00000000000000E-99   1.00000000000000E-99
222  103     1.00000000000000E-99   1.00000000000000E-99
223  103     1.00000000000000E-99   1.00000000000000E-99
225  103     1.00000000000000E-99   1.00000000000000E-99
229  103     1.00000000000000E-99   1.00000000000000E-99
231  103     1.00000000000000E-99   1.00000000000000E-99
156  104     1.00000000000000E-99   1.00000000000000E-99
157  104     1.00000000000000E-99   1.00000000000000E-99
158  104     1.00000000000000E-99   1.00000000000000E-99
159  104     1.00000000000000E-99   1.00000000000000E-99
160  104     1.00000000000000E-99   1.00000000000000E-99
161  104     1.00000000000000E-99   1.00000000000000E-99
162  104     1.00000000000000E-99   1.00000000000000E-99
163  104     1.00000000000000E-99   1.00000000000000E-99
164  104     1.00000000000000E-99   1.00000000000000E-99
165  104     7.84988692371229E-21   2.11161958247861E-18
166  104     7.29737007801545E-22   1.97028992106417E-19
167  104     7.28399601520286E-23   1.97396292011998E-20
168  104     1.05876046889715E-22   2.87982847540025E-20
169  104     1.67276385109582E-20   4.56664531349158E-18
170  104     4.93092067169294E-19   1.35107226404387E-16
171  104     1.55683978941478E-16   4.28130942089065E-14
172  104     6.95258073186254E-16   1.91891228199406E-13
173  104     4.38904189373413E-15   1.21576460456435E-12
174  104     1.81215342518954E-15   5.03778652202691E-13
175  104     3.04052465092442E-19   8.48306377607914E-17
176  104     9.67952687536006E-23   2.71026752510082E-20
177  104     1.00000000000000E-99   1.00000000000000E-99
178  104     1.00000000000000E-99   1.00000000000000E-99
179  104     1.00000000000000E-99   1.00000000000000E-99
180  104     1.00000000000000E-99   1.00000000000000E-99
181  104     1.00000000000000E-99   1.00000000000000E-99
182  104     1.00000000000000E-99   1.00000000000000E-99
183  104     1.00000000000000E-99   1.00000000000000E-99
184  104     1.00000000000000E-99   1.00000000000000E-99
185  104     1.00000000000000E-99   1.00000000000000E-99
186  104     1.00000000000000E-99   1.00000000000000E-99
187  104     1.00000000000000E-99   1.00000000000000E-99
188  104     1.00000000000000E-99   1.00000000000000E-99
189  104     1.00000000000000E-99   1.00000000000000E-99
190  104     1.00000000000000E-99   1.00000000000000E-99
191  104     1.00000000000000E-99   1.00000000000000E-99
192  104     1.00000000000000E-99   1.00000000000000E-99
193  104     1.00000000000000E-99   1.00000000000000E-99
194  104     1.00000000000000E-99   1.00000000000000E-99
195  104     1.00000000000000E-99   1.00000000000000E-99
196  104     1.00000000000000E-99   1.00000000000000E-99
197  104     1.00000000000000E-99   1.00000000000000E-99
198  104     1.00000000000000E-99   1.00000000000000E-99
199  104     1.00000000000000E-99   1.00000000000000E-99
200  104     1.00000000000000E-99   1.00000000000000E-99
201  104     1.00000000000000E-99   1.00000000000000E-99
202  104     1.00000000000000E-99   1.00000000000000E-99
203  104     1.00000000000000E-99   1.00000000000000E-99
204  104     1.00000000000000E-99   1.00000000000000E-99
205  104     1.00000000000000E-99   1.00000000000000E-99
206  104     1.00000000000000E-99   1.00000000000000E-99
207  104     1.00000000000000E-99   1.00000000000000E-99
208  104     1.00000000000000E-99   1.00000000000000E-99
209  104     1.00000000000000E-99   1.00000000000000E-99
210  104     1.00000000000000E-99   1.00000000000000E-99
211  104     1.00000000000000E-99   1.00000000000000E-99
212  104     1.00000000000000E-99   1.00000000000000E-99
213  104     1.00000000000000E-99   1.00000000000000E-99
214  104     1.00000000000000E-99   1.00000000000000E-99
215  104     1.00000000000000E-99   1.00000000000000E-99
216  104     1.00000000000000E-99   1.00000000000000E-99
217  104     1.00000000000000E-99   1.00000000000000E-99
218  104     1.00000000000000E-99   1.00000000000000E-99
219  104     1.00000000000000E-99   1.00000000000000E-99
220  104     1.00000000000000E-99   1.00000000000000E-99
221  104     1.00000000000000E-99   1.00000000000000E-99
222  104     1.00000000000000E-99   1.00000000000000E-99
223  104     1.00000000000000E-99   1.00000000000000E-99
225  104     1.00000000000000E-99   1.00000000000000E-99
229  104     1.00000000000000E-99   1.00000000000000E-99
231  104     1.00000000000000E-99   1.00000000000000E-99
233  104     1.00000000000000E-99   1.00000000000000E-99
157  105     1.00000000000000E-99   1.00000000000000E-99
158  105     1.00000000000000E-99   1.00000000000000E-99
159  105     1.00000000000000E-99   1.00000000000000E-99
160  105     1.00000000000000E-99   1.00000000000000E-99
161  105     1.00000000000000E-99   1.00000000000000E-99
162  105     1.00000000000000E-99   1.00000000000000E-99
163  105     1.00000000000000E-99   1.00000000000000E-99
164  105     1.00000000000000E-99   1.00000000000000E-99
165  105     1.00000000000000E-99   1.00000000000000E-99
166  105     1.00000000000000E-99   1.00000000000000E-99
167  105     1.00000000000000E-99   1.00000000000000E-99
168  105     1.00000000000000E-99   1.00000000000000E-99
169  105     1.00000000000000E-99   1.00000000000000E-99
170  105     4.17597651091368E-23   1.14839354050126E-20
171  105     4.34362323270445E-22   1.19884001222643E-19
172  105     1.54203857023813E-20   4.27144683955963E-18
173  105     9.57636557518358E-20   2.66222962990104E-17
174  105     8.41693122172699E-23   2.34832381086183E-20
175  105     2.21627951762406E-25   6.20558264934737E-23
176  105     1.00000000000000E-99   1.00000000000000E-99
177  105     1.00000000000000E-99   1.00000000000000E-99
178  105     1.00000000000000E-99   1.00000000000000E-99
179  105     1.00000000000000E-99   1.00000000000000E-99
180  105     1.00000000000000E-99   1.00000000000000E-99
181  105     1.00000000000000E-99   1.00000000000000E-99
182  105     1.00000000000000E-99   1.00000000000000E-99
183  105     1.00000000000000E-99   1.00000000000000E-99
184  105     1.00000000000000E-99   1.00000000000000E-99
185  105     1.00000000000000E-99   1.00000000000000E-99
186  105     1.00000000000000E-99   1.00000000000000E-99
187  105     1.00000000000000E-99   1.00000000000000E-99
188  105     1.00000000000000E-99   1.00000000000000E-99
189  105     1.00000000000000E-99   1.00000000000000E-99
190  105     1.00000000000000E-99   1.00000000000000E-99
191  105     1.00000000000000E-99   1.00000000000000E-99
192  105     1.00000000000000E-99   1.00000000000000E-99
193  105     1.00000000000000E-99   1.00000000000000E-99
194  105     1.00000000000000E-99   1.00000000000000E-99
195  105     1.00000000000000E-99   1.00000000000000E-99
196  105     1.00000000000000E-99   1.00000000000000E-99
197  105     1.00000000000000E-99   1.00000000000000E-99
198  105     1.00000000000000E-99   1.00000000000000E-99
199  105     1.00000000000000E-99   1.00000000000000E-99
200  105     1.00000000000000E-99   1.00000000000000E-99
201  105     1.00000000000000E-99   1.00000000000000E-99
202  105     1.00000000000000E-99   1.00000000000000E-99
203  105     1.00000000000000E-99   1.00000000000000E-99
204  105     1.00000000000000E-99   1.00000000000000E-99
205  105     1.00000000000000E-99   1.00000000000000E-99
206  105     1.00000000000000E-99   1.00000000000000E-99
207  105     1.00000000000000E-99   1.00000000000000E-99
208  105     1.00000000000000E-99   1.00000000000000E-99
209  105     1.00000000000000E-99   1.00000000000000E-99
210  105     1.00000000000000E-99   1.00000000000000E-99
211  105     1.00000000000000E-99   1.00000000000000E-99
212  105     1.00000000000000E-99   1.00000000000000E-99
213  105     1.00000000000000E-99   1.00000000000000E-99
214  105     1.00000000000000E-99   1.00000000000000E-99
215  105     1.00000000000000E-99   1.00000000000000E-99
216  105     1.00000000000000E-99   1.00000000000000E-99
217  105     1.00000000000000E-99   1.00000000000000E-99
218  105     1.00000000000000E-99   1.00000000000000E-99
219  105     1.00000000000000E-99   1.00000000000000E-99
220  105     1.00000000000000E-99   1.00000000000000E-99
221  105     1.00000000000000E-99   1.00000000000000E-99
222  105     1.00000000000000E-99   1.00000000000000E-99
223  105     1.00000000000000E-99   1.00000000000000E-99
224  105     1.00000000000000E-99   1.00000000000000E-99
225  105     1.00000000000000E-99   1.00000000000000E-99
228  105     1.00000000000000E-99   1.00000000000000E-99
229  105     1.00000000000000E-99   1.00000000000000E-99
231  105     1.00000000000000E-99   1.00000000000000E-99
160  106     1.00000000000000E-99   1.00000000000000E-99
161  106     1.00000000000000E-99   1.00000000000000E-99
162  106     1.00000000000000E-99   1.00000000000000E-99
163  106     1.00000000000000E-99   1.00000000000000E-99
164  106     1.00000000000000E-99   1.00000000000000E-99
165  106     1.00000000000000E-99   1.00000000000000E-99
166  106     1.00000000000000E-99   1.00000000000000E-99
167  106     1.00000000000000E-99   1.00000000000000E-99
168  106     1.00000000000000E-99   1.00000000000000E-99
169  106     1.00000000000000E-99   1.00000000000000E-99
170  106     1.00000000000000E-99   1.00000000000000E-99
171  106     1.00000000000000E-99   1.00000000000000E-99
172  106     1.00000000000000E-99   1.00000000000000E-99
173  106     1.00000000000000E-99   1.00000000000000E-99
174  106     1.00000000000000E-99   1.00000000000000E-99
175  106     1.00000000000000E-99   1.00000000000000E-99
176  106     1.00000000000000E-99   1.00000000000000E-99
177  106     1.00000000000000E-99   1.00000000000000E-99
178  106     1.00000000000000E-99   1.00000000000000E-99
179  106     1.00000000000000E-99   1.00000000000000E-99
180  106     1.00000000000000E-99   1.00000000000000E-99
181  106     1.00000000000000E-99   1.00000000000000E-99
182  106     1.00000000000000E-99   1.00000000000000E-99
183  106     1.00000000000000E-99   1.00000000000000E-99
184  106     1.00000000000000E-99   1.00000000000000E-99
185  106     1.00000000000000E-99   1.00000000000000E-99
186  106     1.00000000000000E-99   1.00000000000000E-99
187  106     1.00000000000000E-99   1.00000000000000E-99
188  106     1.00000000000000E-99   1.00000000000000E-99
189  106     1.00000000000000E-99   1.00000000000000E-99
190  106     1.00000000000000E-99   1.00000000000000E-99
191  106     1.00000000000000E-99   1.00000000000000E-99
192  106     1.00000000000000E-99   1.00000000000000E-99
193  106     1.00000000000000E-99   1.00000000000000E-99
194  106     1.00000000000000E-99   1.00000000000000E-99
195  106     1.00000000000000E-99   1.00000000000000E-99
196  106     1.00000000000000E-99   1.00000000000000E-99
197  106     1.00000000000000E-99   1.00000000000000E-99
198  106     1.00000000000000E-99   1.00000000000000E-99
199  106     1.00000000000000E-99   1.00000000000000E-99
200  106     1.00000000000000E-99   1.00000000000000E-99
201  106     1.00000000000000E-99   1.00000000000000E-99
202  106     1.00000000000000E-99   1.00000000000000E-99
203  106     1.00000000000000E-99   1.00000000000000E-99
204  106     1.00000000000000E-99   1.00000000000000E-99
205  106     1.00000000000000E-99   1.00000000000000E-99
206  106     1.00000000000000E-99   1.00000000000000E-99
207  106     1.00000000000000E-99   1.00000000000000E-99
208  106     1.00000000000000E-99   1.00000000000000E-99
209  106     1.00000000000000E-99   1.00000000000000E-99
210  106     1.00000000000000E-99   1.00000000000000E-99
211  106     1.00000000000000E-99   1.00000000000000E-99
212  106     1.00000000000000E-99   1.00000000000000E-99
213  106     1.00000000000000E-99   1.00000000000000E-99
214  106     1.00000000000000E-99   1.00000000000000E-99
215  106     1.00000000000000E-99   1.00000000000000E-99
216  106     1.00000000000000E-99   1.00000000000000E-99
217  106     1.00000000000000E-99   1.00000000000000E-99
218  106     1.00000000000000E-99   1.00000000000000E-99
219  106     1.00000000000000E-99   1.00000000000000E-99
220  106     1.00000000000000E-99   1.00000000000000E-99
221  106     1.00000000000000E-99   1.00000000000000E-99
222  106     1.00000000000000E-99   1.00000000000000E-99
223  106     1.00000000000000E-99   1.00000000000000E-99
224  106     1.00000000000000E-99   1.00000000000000E-99
225  106     1.00000000000000E-99   1.00000000000000E-99
227  106     1.00000000000000E-99   1.00000000000000E-99
228  106     1.00000000000000E-99   1.00000000000000E-99
229  106     1.00000000000000E-99   1.00000000000000E-99
231  106     1.00000000000000E-99   1.00000000000000E-99
162  107     1.00000000000000E-99   1.00000000000000E-99
163  107     1.00000000000000E-99   1.00000000000000E-99
164  107     1.00000000000000E-99   1.00000000000000E-99
165  107     1.00000000000000E-99   1.00000000000000E-99
166  107     1.00000000000000E-99   1.00000000000000E-99
167  107     1.00000000000000E-99   1.00000000000000E-99
168  107     1.00000000000000E-99   1.00000000000000E-99
169  107     1.00000000000000E-99   1.00000000000000E-99
170  107     1.00000000000000E-99   1.00000000000000E-99
171  107     1.00000000000000E-99   1.00000000000000E-99
172  107     1.00000000000000E-99   1.00000000000000E-99
173  107     1.00000000000000E-99   1.00000000000000E-99
174  107     1.00000000000000E-99   1.00000000000000E-99
175  107     1.00000000000000E-99   1.00000000000000E-99
176  107     1.00000000000000E-99   1.00000000000000E-99
177  107     1.00000000000000E-99   1.00000000000000E-99
178  107     1.00000000000000E-99   1.00000000000000E-99
179  107     1.00000000000000E-99   1.00000000000000E-99
180  107     1.00000000000000E-99   1.00000000000000E-99
181  107     1.00000000000000E-99   1.00000000000000E-99
182  107     1.00000000000000E-99   1.00000000000000E-99
183  107     1.00000000000000E-99   1.00000000000000E-99
184  107     1.00000000000000E-99   1.00000000000000E-99
185  107     1.00000000000000E-99   1.00000000000000E-99
186  107     1.00000000000000E-99   1.00000000000000E-99
187  107     1.00000000000000E-99   1.00000000000000E-99
188  107     1.00000000000000E-99   1.00000000000000E-99
189  107     1.00000000000000E-99   1.00000000000000E-99
190  107     1.00000000000000E-99   1.00000000000000E-99
191  107     1.00000000000000E-99   1.00000000000000E-99
192  107     1.00000000000000E-99   1.00000000000000E-99
193  107     1.00000000000000E-99   1.00000000000000E-99
194  107     1.00000000000000E-99   1.00000000000000E-99
195  107     1.00000000000000E-99   1.00000000000000E-99
196  107     1.00000000000000E-99   1.00000000000000E-99
197  107     1.00000000000000E-99   1.00000000000000E-99
198  107     1.00000000000000E-99   1.00000000000000E-99
199  107     1.00000000000000E-99   1.00000000000000E-99
200  107     1.00000000000000E-99   1.00000000000000E-99
201  107     1.00000000000000E-99   1.00000000000000E-99
202  107     1.00000000000000E-99   1.00000000000000E-99
203  107     1.00000000000000E-99   1.00000000000000E-99
204  107     1.00000000000000E-99   1.00000000000000E-99
205  107     1.00000000000000E-99   1.00000000000000E-99
206  107     1.00000000000000E-99   1.00000000000000E-99
207  107     1.00000000000000E-99   1.00000000000000E-99
208  107     1.00000000000000E-99   1.00000000000000E-99
209  107     1.00000000000000E-99   1.00000000000000E-99
210  107     1.00000000000000E-99   1.00000000000000E-99
211  107     1.00000000000000E-99   1.00000000000000E-99
212  107     1.00000000000000E-99   1.00000000000000E-99
213  107     1.00000000000000E-99   1.00000000000000E-99
214  107     1.00000000000000E-99   1.00000000000000E-99
215  107     1.00000000000000E-99   1.00000000000000E-99
216  107     1.00000000000000E-99   1.00000000000000E-99
217  107     1.00000000000000E-99   1.00000000000000E-99
218  107     1.00000000000000E-99   1.00000000000000E-99
219  107     1.00000000000000E-99   1.00000000000000E-99
220  107     1.00000000000000E-99   1.00000000000000E-99
221  107     1.00000000000000E-99   1.00000000000000E-99
222  107     1.00000000000000E-99   1.00000000000000E-99
223  107     1.00000000000000E-99   1.00000000000000E-99
224  107     1.00000000000000E-99   1.00000000000000E-99
225  107     1.00000000000000E-99   1.00000000000000E-99
227  107     1.00000000000000E-99   1.00000000000000E-99
228  107     1.00000000000000E-99   1.00000000000000E-99
229  107     1.00000000000000E-99   1.00000000000000E-99
230  107     1.00000000000000E-99   1.00000000000000E-99
165  108     1.00000000000000E-99   1.00000000000000E-99
166  108     1.00000000000000E-99   1.00000000000000E-99
167  108     1.00000000000000E-99   1.00000000000000E-99
168  108     1.00000000000000E-99   1.00000000000000E-99
169  108     1.00000000000000E-99   1.00000000000000E-99
170  108     1.00000000000000E-99   1.00000000000000E-99
171  108     1.00000000000000E-99   1.00000000000000E-99
172  108     1.00000000000000E-99   1.00000000000000E-99
173  108     1.00000000000000E-99   1.00000000000000E-99
174  108     1.00000000000000E-99   1.00000000000000E-99
175  108     1.00000000000000E-99   1.00000000000000E-99
176  108     1.00000000000000E-99   1.00000000000000E-99
177  108     1.00000000000000E-99   1.00000000000000E-99
178  108     1.00000000000000E-99   1.00000000000000E-99
179  108     1.00000000000000E-99   1.00000000000000E-99
180  108     1.00000000000000E-99   1.00000000000000E-99
181  108     1.00000000000000E-99   1.00000000000000E-99
182  108     1.00000000000000E-99   1.00000000000000E-99
183  108     1.00000000000000E-99   1.00000000000000E-99
184  108     1.00000000000000E-99   1.00000000000000E-99
185  108     1.00000000000000E-99   1.00000000000000E-99
186  108     1.00000000000000E-99   1.00000000000000E-99
187  108     1.00000000000000E-99   1.00000000000000E-99
188  108     1.00000000000000E-99   1.00000000000000E-99
189  108     1.00000000000000E-99   1.00000000000000E-99
190  108     1.00000000000000E-99   1.00000000000000E-99
191  108     1.00000000000000E-99   1.00000000000000E-99
192  108     1.00000000000000E-99   1.00000000000000E-99
193  108     1.00000000000000E-99   1.00000000000000E-99
194  108     1.00000000000000E-99   1.00000000000000E-99
195  108     1.00000000000000E-99   1.00000000000000E-99
196  108     1.00000000000000E-99   1.00000000000000E-99
197  108     1.00000000000000E-99   1.00000000000000E-99
198  108     1.00000000000000E-99   1.00000000000000E-99
199  108     1.00000000000000E-99   1.00000000000000E-99
200  108     1.00000000000000E-99   1.00000000000000E-99
201  108     1.00000000000000E-99   1.00000000000000E-99
202  108     1.00000000000000E-99   1.00000000000000E-99
203  108     1.00000000000000E-99   1.00000000000000E-99
204  108     1.00000000000000E-99   1.00000000000000E-99
205  108     1.00000000000000E-99   1.00000000000000E-99
206  108     1.00000000000000E-99   1.00000000000000E-99
207  108     1.00000000000000E-99   1.00000000000000E-99
208  108     1.00000000000000E-99   1.00000000000000E-99
209  108     1.00000000000000E-99   1.00000000000000E-99
210  108     1.00000000000000E-99   1.00000000000000E-99
211  108     1.00000000000000E-99   1.00000000000000E-99
212  108     1.00000000000000E-99   1.00000000000000E-99
213  108     1.00000000000000E-99   1.00000000000000E-99
214  108     1.00000000000000E-99   1.00000000000000E-99
215  108     1.00000000000000E-99   1.00000000000000E-99
216  108     1.00000000000000E-99   1.00000000000000E-99
217  108     1.00000000000000E-99   1.00000000000000E-99
218  108     1.00000000000000E-99   1.00000000000000E-99
219  108     1.00000000000000E-99   1.00000000000000E-99
221  108     1.00000000000000E-99   1.00000000000000E-99
222  108     1.00000000000000E-99   1.00000000000000E-99
223  108     1.00000000000000E-99   1.00000000000000E-99
224  108     1.00000000000000E-99   1.00000000000000E-99
226  108     1.00000000000000E-99   1.00000000000000E-99
227  108     1.00000000000000E-99   1.00000000000000E-99
228  108     1.00000000000000E-99   1.00000000000000E-99
229  108     1.00000000000000E-99   1.00000000000000E-99
166  109     1.00000000000000E-99   1.00000000000000E-99
167  109     1.00000000000000E-99   1.00000000000000E-99
168  109     1.00000000000000E-99   1.00000000000000E-99
169  109     1.00000000000000E-99   1.00000000000000E-99
170  109     1.00000000000000E-99   1.00000000000000E-99
171  109     1.00000000000000E-99   1.00000000000000E-99
172  109     1.00000000000000E-99   1.00000000000000E-99
173  109     1.00000000000000E-99   1.00000000000000E-99
174  109     1.00000000000000E-99   1.00000000000000E-99
175  109     1.00000000000000E-99   1.00000000000000E-99
176  109     1.00000000000000E-99   1.00000000000000E-99
177  109     1.00000000000000E-99   1.00000000000000E-99
178  109     1.00000000000000E-99   1.00000000000000E-99
179  109     1.00000000000000E-99   1.00000000000000E-99
180  109     1.00000000000000E-99   1.00000000000000E-99
181  109     1.00000000000000E-99   1.00000000000000E-99
182  109     1.00000000000000E-99   1.00000000000000E-99
183  109     1.00000000000000E-99   1.00000000000000E-99
184  109     1.00000000000000E-99   1.00000000000000E-99
185  109     1.00000000000000E-99   1.00000000000000E-99
186  109     1.00000000000000E-99   1.00000000000000E-99
187  109     1.00000000000000E-99   1.00000000000000E-99
188  109     1.00000000000000E-99   1.00000000000000E-99
189  109     1.00000000000000E-99   1.00000000000000E-99
190  109     1.00000000000000E-99   1.00000000000000E-99
191  109     1.00000000000000E-99   1.00000000000000E-99
192  109     1.00000000000000E-99   1.00000000000000E-99
193  109     1.00000000000000E-99   1.00000000000000E-99
194  109     1.00000000000000E-99   1.00000000000000E-99
195  109     1.00000000000000E-99   1.00000000000000E-99
196  109     1.00000000000000E-99   1.00000000000000E-99
197  109     1.00000000000000E-99   1.00000000000000E-99
198  109     1.00000000000000E-99   1.00000000000000E-99
199  109     1.00000000000000E-99   1.00000000000000E-99
200  109     1.00000000000000E-99   1.00000000000000E-99
201  109     1.00000000000000E-99   1.00000000000000E-99
202  109     1.00000000000000E-99   1.00000000000000E-99
203  109     1.00000000000000E-99   1.00000000000000E-99
204  109     1.00000000000000E-99   1.00000000000000E-99
205  109     1.00000000000000E-99   1.00000000000000E-99
206  109     1.00000000000000E-99   1.00000000000000E-99
207  109     1.00000000000000E-99   1.00000000000000E-99
208  109     1.00000000000000E-99   1.00000000000000E-99
209  109     1.00000000000000E-99   1.00000000000000E-99
210  109     1.00000000000000E-99   1.00000000000000E-99
211  109     1.00000000000000E-99   1.00000000000000E-99
212  109     1.00000000000000E-99   1.00000000000000E-99
213  109     1.00000000000000E-99   1.00000000000000E-99
214  109     1.00000000000000E-99   1.00000000000000E-99
215  109     1.00000000000000E-99   1.00000000000000E-99
216  109     1.00000000000000E-99   1.00000000000000E-99
217  109     1.00000000000000E-99   1.00000000000000E-99
218  109     1.00000000000000E-99   1.00000000000000E-99
220  109     1.00000000000000E-99   1.00000000000000E-99
221  109     1.00000000000000E-99   1.00000000000000E-99
222  109     1.00000000000000E-99   1.00000000000000E-99
223  109     1.00000000000000E-99   1.00000000000000E-99
224  109     1.00000000000000E-99   1.00000000000000E-99
225  109     1.00000000000000E-99   1.00000000000000E-99
226  109     1.00000000000000E-99   1.00000000000000E-99
227  109     1.00000000000000E-99   1.00000000000000E-99
228  109     1.00000000000000E-99   1.00000000000000E-99
169  110     1.00000000000000E-99   1.00000000000000E-99
170  110     1.00000000000000E-99   1.00000000000000E-99
171  110     1.00000000000000E-99   1.00000000000000E-99
172  110     1.00000000000000E-99   1.00000000000000E-99
173  110     1.00000000000000E-99   1.00000000000000E-99
174  110     1.00000000000000E-99   1.00000000000000E-99
175  110     1.00000000000000E-99   1.00000000000000E-99
176  110     1.00000000000000E-99   1.00000000000000E-99
177  110     1.00000000000000E-99   1.00000000000000E-99
178  110     1.00000000000000E-99   1.00000000000000E-99
179  110     1.00000000000000E-99   1.00000000000000E-99
180  110     1.00000000000000E-99   1.00000000000000E-99
181  110     1.00000000000000E-99   1.00000000000000E-99
182  110     1.00000000000000E-99   1.00000000000000E-99
183  110     1.00000000000000E-99   1.00000000000000E-99
184  110     1.00000000000000E-99   1.00000000000000E-99
185  110     1.00000000000000E-99   1.00000000000000E-99
186  110     1.00000000000000E-99   1.00000000000000E-99
187  110     1.00000000000000E-99   1.00000000000000E-99
188  110     1.00000000000000E-99   1.00000000000000E-99
189  110     1.00000000000000E-99   1.00000000000000E-99
190  110     1.00000000000000E-99   1.00000000000000E-99
191  110     1.00000000000000E-99   1.00000000000000E-99
192  110     1.00000000000000E-99   1.00000000000000E-99
193  110     1.00000000000000E-99   1.00000000000000E-99
194  110     1.00000000000000E-99   1.00000000000000E-99
195  110     1.00000000000000E-99   1.00000000000000E-99
196  110     1.00000000000000E-99   1.00000000000000E-99
197  110     1.00000000000000E-99   1.00000000000000E-99
198  110     1.00000000000000E-99   1.00000000000000E-99
199  110     1.00000000000000E-99   1.00000000000000E-99
200  110     1.00000000000000E-99   1.00000000000000E-99
201  110     1.00000000000000E-99   1.00000000000000E-99
202  110     1.00000000000000E-99   1.00000000000000E-99
203  110     1.00000000000000E-99   1.00000000000000E-99
204  110     1.00000000000000E-99   1.00000000000000E-99
205  110     1.00000000000000E-99   1.00000000000000E-99
206  110     1.00000000000000E-99   1.00000000000000E-99
207  110     1.00000000000000E-99   1.00000000000000E-99
208  110     1.00000000000000E-99   1.00000000000000E-99
209  110     1.00000000000000E-99   1.00000000000000E-99
210  110     1.00000000000000E-99   1.00000000000000E-99
211  110     1.00000000000000E-99   1.00000000000000E-99
212  110     1.00000000000000E-99   1.00000000000000E-99
213  110     1.00000000000000E-99   1.00000000000000E-99
214  110     1.00000000000000E-99   1.00000000000000E-99
215  110     1.00000000000000E-99   1.00000000000000E-99
216  110     1.00000000000000E-99   1.00000000000000E-99
217  110     1.00000000000000E-99   1.00000000000000E-99
218  110     1.00000000000000E-99   1.00000000000000E-99
219  110     1.00000000000000E-99   1.00000000000000E-99
220  110     1.00000000000000E-99   1.00000000000000E-99
221  110     1.00000000000000E-99   1.00000000000000E-99
222  110     1.00000000000000E-99   1.00000000000000E-99
223  110     1.00000000000000E-99   1.00000000000000E-99
224  110     1.00000000000000E-99   1.00000000000000E-99
225  110     1.00000000000000E-99   1.00000000000000E-99
226  110     1.00000000000000E-99   1.00000000000000E-99
227  110     1.00000000000000E-99   1.00000000000000E-99
172  111     1.00000000000000E-99   1.00000000000000E-99
173  111     1.00000000000000E-99   1.00000000000000E-99
174  111     1.00000000000000E-99   1.00000000000000E-99
175  111     1.00000000000000E-99   1.00000000000000E-99
176  111     1.00000000000000E-99   1.00000000000000E-99
177  111     1.00000000000000E-99   1.00000000000000E-99
178  111     1.00000000000000E-99   1.00000000000000E-99
179  111     1.00000000000000E-99   1.00000000000000E-99
180  111     1.00000000000000E-99   1.00000000000000E-99
181  111     1.00000000000000E-99   1.00000000000000E-99
182  111     1.00000000000000E-99   1.00000000000000E-99
183  111     1.00000000000000E-99   1.00000000000000E-99
184  111     1.00000000000000E-99   1.00000000000000E-99
185  111     1.00000000000000E-99   1.00000000000000E-99
186  111     1.00000000000000E-99   1.00000000000000E-99
187  111     1.00000000000000E-99   1.00000000000000E-99
188  111     1.00000000000000E-99   1.00000000000000E-99
189  111     1.00000000000000E-99   1.00000000000000E-99
190  111     1.00000000000000E-99   1.00000000000000E-99
191  111     1.00000000000000E-99   1.00000000000000E-99
192  111     1.00000000000000E-99   1.00000000000000E-99
193  111     1.00000000000000E-99   1.00000000000000E-99
194  111     1.00000000000000E-99   1.00000000000000E-99
195  111     1.00000000000000E-99   1.00000000000000E-99
196  111     1.00000000000000E-99   1.00000000000000E-99
197  111     1.00000000000000E-99   1.00000000000000E-99
198  111     1.00000000000000E-99   1.00000000000000E-99
199  111     1.00000000000000E-99   1.00000000000000E-99
200  111     1.00000000000000E-99   1.00000000000000E-99
201  111     1.00000000000000E-99   1.00000000000000E-99
202  111     1.00000000000000E-99   1.00000000000000E-99
203  111     1.00000000000000E-99   1.00000000000000E-99
204  111     1.00000000000000E-99   1.00000000000000E-99
205  111     1.00000000000000E-99   1.00000000000000E-99
206  111     1.00000000000000E-99   1.00000000000000E-99
207  111     1.00000000000000E-99   1.00000000000000E-99
208  111     1.00000000000000E-99   1.00000000000000E-99
209  111     1.00000000000000E-99   1.00000000000000E-99
210  111     1.00000000000000E-99   1.00000000000000E-99
211  111     1.00000000000000E-99   1.00000000000000E-99
212  111     1.00000000000000E-99   1.00000000000000E-99
213  111     1.00000000000000E-99   1.00000000000000E-99
214  111     1.00000000000000E-99   1.00000000000000E-99
215  111     1.00000000000000E-99   1.00000000000000E-99
216  111     1.00000000000000E-99   1.00000000000000E-99
217  111     1.00000000000000E-99   1.00000000000000E-99
218  111     1.00000000000000E-99   1.00000000000000E-99
219  111     1.00000000000000E-99   1.00000000000000E-99
220  111     1.00000000000000E-99   1.00000000000000E-99
221  111     1.00000000000000E-99   1.00000000000000E-99
222  111     1.00000000000000E-99   1.00000000000000E-99
223  111     1.00000000000000E-99   1.00000000000000E-99
224  111     1.00000000000000E-99   1.00000000000000E-99
225  111     1.00000000000000E-99   1.00000000000000E-99
226  111     1.00000000000000E-99   1.00000000000000E-99
