,0
0,1.0062711478136564e-89
1,1.0062711477117047e-89
2,1.0062711476095736e-89
3,1.006271147507263e-89
4,1.006271147404772e-89
5,1.0062711473021008e-89
6,1.0062711471992489e-89
7,1.006271147096216e-89
8,1.006271146993002e-89
9,1.0062711468896061e-89
10,1.0062711467860283e-89
11,1.0062711466822682e-89
12,1.0062711465783255e-89
13,1.0062711464742e-89
14,1.0062711463698911e-89
15,1.0062711462653987e-89
16,1.0062711461607227e-89
17,1.006271146055862e-89
18,1.0062711459508172e-89
19,1.0062711458455872e-89
20,1.0062711457401723e-89
21,1.0062711456345716e-89
22,1.0062711455287854e-89
23,1.0062711454228127e-89
24,1.0062711453166538e-89
25,1.0062711452103078e-89
26,1.0062711451037748e-89
27,1.0062711449970544e-89
28,1.0062711448901461e-89
29,1.0062711447830496e-89
30,1.0062711446757648e-89
31,1.0062711445682911e-89
32,1.0062711444606283e-89
33,1.006271144352776e-89
34,1.0062711442447339e-89
35,1.0062711441365019e-89
36,1.006271144028079e-89
37,1.0062711439194656e-89
38,1.0062711438106612e-89
39,1.0062711437016649e-89
40,1.0062711435924771e-89
41,1.006271143483097e-89
42,1.0062711433735246e-89
43,1.0062711432637592e-89
44,1.0062711431538006e-89
45,1.0062711430436487e-89
46,1.0062711429333029e-89
47,1.0062711428227628e-89
48,1.0062711427120282e-89
49,1.0062711426010986e-89
50,1.006271142489974e-89
51,1.006271142378654e-89
52,1.0062711422671378e-89
53,1.0062711421554255e-89
54,1.0062711420435164e-89
55,1.0062711419314107e-89
56,1.0062711418191073e-89
57,1.0062711417066065e-89
58,1.006271141593908e-89
59,1.006271141481011e-89
60,1.006271141367915e-89
61,1.0062711412546202e-89
62,1.006271141141126e-89
63,1.0062711410274321e-89
64,1.0062711409135382e-89
65,1.006271140799444e-89
66,1.0062711406851488e-89
67,1.0062711405706524e-89
68,1.0062711404559545e-89
69,1.0062711403410549e-89
70,1.006271140225953e-89
71,1.0062711401106486e-89
72,1.0062711399951413e-89
73,1.0062711398794309e-89
74,1.0062711397635166e-89
75,1.0062711396473983e-89
76,1.006271139531076e-89
77,1.0062711394145485e-89
78,1.0062711392978162e-89
79,1.0062711391808784e-89
80,1.0062711390637349e-89
81,1.0062711389463855e-89
82,1.0062711388288292e-89
83,1.0062711387110662e-89
84,1.0062711385930959e-89
85,1.006271138474918e-89
86,1.006271138356532e-89
87,1.006271138237938e-89
88,1.006271138119135e-89
89,1.0062711380001232e-89
90,1.0062711378809017e-89
91,1.0062711377614705e-89
92,1.006271137641829e-89
93,1.0062711375219772e-89
94,1.0062711374019145e-89
95,1.0062711372816403e-89
96,1.0062711371611545e-89
97,1.0062711370404568e-89
98,1.0062711369195465e-89
99,1.0062711367984234e-89
100,1.0062711366770874e-89
101,1.0062711365555377e-89
102,1.0062711364337742e-89
103,1.0062711363117962e-89
104,1.0062711361896039e-89
105,1.0062711360671963e-89
106,1.0062711359445733e-89
107,1.0062711358217346e-89
108,1.0062711356986798e-89
109,1.0062711355754082e-89
110,1.00627113545192e-89
111,1.0062711353282142e-89
112,1.0062711352042909e-89
113,1.0062711350801495e-89
114,1.0062711349557896e-89
115,1.0062711348312107e-89
116,1.0062711347064126e-89
117,1.0062711345813952e-89
118,1.0062711344561575e-89
119,1.0062711343306994e-89
120,1.0062711342050208e-89
121,1.0062711340791206e-89
122,1.0062711339529992e-89
123,1.0062711338266558e-89
124,1.0062711337000899e-89
125,1.0062711335733014e-89
126,1.0062711334462897e-89
127,1.0062711333190546e-89
128,1.0062711331915953e-89
129,1.006271133063912e-89
130,1.006271132936004e-89
131,1.0062711328078708e-89
132,1.006271132679512e-89
133,1.0062711325509277e-89
134,1.0062711324221168e-89
135,1.0062711322930792e-89
136,1.0062711321638146e-89
137,1.0062711320343225e-89
138,1.0062711319046026e-89
139,1.0062711317746546e-89
140,1.0062711316444776e-89
141,1.0062711315140718e-89
142,1.006271131383436e-89
143,1.0062711312525708e-89
144,1.0062711311214752e-89
145,1.0062711309901487e-89
146,1.0062711308585914e-89
147,1.0062711307268024e-89
148,1.0062711305947814e-89
149,1.006271130462528e-89
150,1.0062711303300423e-89
151,1.0062711301973231e-89
152,1.0062711300643704e-89
153,1.0062711299311839e-89
154,1.0062711297977627e-89
155,1.0062711296641068e-89
156,1.006271129530216e-89
157,1.0062711293960894e-89
158,1.0062711292617266e-89
159,1.0062711291271276e-89
160,1.0062711289922915e-89
161,1.0062711288572184e-89
162,1.0062711287219075e-89
163,1.0062711285863583e-89
164,1.0062711284505706e-89
165,1.0062711283145442e-89
166,1.0062711281782782e-89
167,1.0062711280417725e-89
168,1.0062711279050263e-89
169,1.0062711277680398e-89
170,1.006271127630812e-89
171,1.0062711274933428e-89
172,1.006271127355632e-89
173,1.0062711272176783e-89
174,1.0062711270794823e-89
175,1.0062711269410428e-89
176,1.0062711268023596e-89
177,1.0062711266634327e-89
178,1.006271126524261e-89
179,1.0062711263848445e-89
180,1.0062711262451828e-89
181,1.0062711261052751e-89
182,1.0062711259651214e-89
183,1.0062711258247209e-89
184,1.0062711256840734e-89
185,1.0062711255431784e-89
186,1.0062711254020355e-89
187,1.0062711252606441e-89
188,1.006271125119004e-89
189,1.0062711249771145e-89
190,1.0062711248349753e-89
191,1.006271124692586e-89
192,1.0062711245499462e-89
193,1.0062711244070555e-89
194,1.006271124263913e-89
195,1.006271124120519e-89
196,1.0062711239768724e-89
197,1.006271123832973e-89
198,1.0062711236888204e-89
199,1.0062711235444141e-89
200,1.0062711233997539e-89
201,1.0062711232548389e-89
202,1.0062711231096689e-89
203,1.0062711229642434e-89
204,1.0062711228185622e-89
205,1.0062711226726244e-89
206,1.0062711225264298e-89
207,1.0062711223799779e-89
208,1.0062711222332686e-89
209,1.0062711220863008e-89
210,1.0062711219390742e-89
211,1.006271121791589e-89
212,1.006271121643844e-89
213,1.006271121495839e-89
214,1.0062711213475735e-89
215,1.0062711211990473e-89
216,1.0062711210502596e-89
217,1.0062711209012099e-89
218,1.0062711207518981e-89
219,1.0062711206023235e-89
220,1.0062711204524857e-89
221,1.006271120302384e-89
222,1.0062711201520184e-89
223,1.0062711200013881e-89
224,1.0062711198504929e-89
225,1.0062711196993319e-89
226,1.006271119547905e-89
227,1.0062711193962116e-89
228,1.0062711192442514e-89
229,1.0062711190920235e-89
230,1.006271118939528e-89
231,1.006271118786764e-89
232,1.0062711186337312e-89
233,1.006271118480429e-89
234,1.006271118326857e-89
235,1.0062711181730148e-89
236,1.006271118018902e-89
237,1.0062711178645181e-89
238,1.0062711177098622e-89
239,1.0062711175549341e-89
240,1.0062711173997335e-89
241,1.00627111724426e-89
242,1.0062711170885126e-89
243,1.0062711169324912e-89
244,1.0062711167761951e-89
245,1.0062711166196242e-89
246,1.0062711164627776e-89
247,1.006271116305655e-89
248,1.006271116148256e-89
249,1.00627111599058e-89
250,1.0062711158326266e-89
251,1.006271115674395e-89
252,1.006271115515885e-89
253,1.0062711153570963e-89
254,1.0062711151980277e-89
255,1.0062711150386796e-89
256,1.006271114879051e-89
257,1.0062711147191414e-89
258,1.0062711145589505e-89
259,1.0062711143984776e-89
260,1.0062711142377221e-89
261,1.0062711140766841e-89
262,1.0062711139153624e-89
263,1.006271113753757e-89
264,1.006271113591867e-89
265,1.0062711134296925e-89
266,1.0062711132672322e-89
267,1.0062711131044863e-89
268,1.006271112941454e-89
269,1.0062711127781344e-89
270,1.0062711126145278e-89
271,1.006271112450633e-89
272,1.00627111228645e-89
273,1.0062711121219779e-89
274,1.0062711119572165e-89
275,1.0062711117921653e-89
276,1.0062711116268233e-89
277,1.0062711114611906e-89
278,1.0062711112952663e-89
279,1.0062711111290502e-89
280,1.0062711109625412e-89
281,1.0062711107957393e-89
282,1.006271110628644e-89
283,1.0062711104612547e-89
284,1.0062711102935706e-89
285,1.0062711101255916e-89
286,1.006271109957317e-89
287,1.0062711097887462e-89
288,1.0062711096198786e-89
289,1.006271109450714e-89
290,1.0062711092812519e-89
291,1.0062711091114913e-89
292,1.006271108941432e-89
293,1.0062711087710736e-89
294,1.0062711086004152e-89
295,1.0062711084294566e-89
296,1.006271108258197e-89
297,1.0062711080866363e-89
298,1.0062711079147733e-89
299,1.0062711077426082e-89
300,1.0062711075701401e-89
301,1.0062711073973683e-89
302,1.0062711072242925e-89
303,1.0062711070509121e-89
304,1.0062711068772267e-89
305,1.0062711067032356e-89
306,1.0062711065289384e-89
307,1.0062711063543344e-89
308,1.0062711061794231e-89
309,1.006271106004204e-89
310,1.0062711058286767e-89
311,1.0062711056528404e-89
312,1.0062711054766946e-89
313,1.0062711053002388e-89
314,1.0062711051234727e-89
315,1.0062711049463951e-89
316,1.0062711047690064e-89
317,1.0062711045913053e-89
318,1.0062711044132913e-89
319,1.0062711042349643e-89
320,1.0062711040563235e-89
321,1.006271103877368e-89
322,1.006271103698098e-89
323,1.0062711035185123e-89
324,1.0062711033386106e-89
325,1.0062711031583923e-89
326,1.0062711029778568e-89
327,1.0062711027970036e-89
328,1.0062711026158322e-89
329,1.0062711024343418e-89
330,1.0062711022525322e-89
331,1.0062711020704028e-89
332,1.0062711018879526e-89
333,1.0062711017051814e-89
334,1.0062711015220887e-89
335,1.0062711013386736e-89
336,1.006271101154936e-89
337,1.0062711009708748e-89
338,1.00627110078649e-89
339,1.0062711006017802e-89
340,1.0062711004167458e-89
341,1.0062711002313855e-89
342,1.0062711000456992e-89
343,1.0062710998596861e-89
344,1.0062710996733457e-89
345,1.0062710994866771e-89
346,1.0062710992996804e-89
347,1.0062710991123545e-89
348,1.0062710989246989e-89
349,1.006271098736713e-89
350,1.0062710985483962e-89
351,1.0062710983597482e-89
352,1.0062710981707683e-89
353,1.0062710979814556e-89
354,1.00627109779181e-89
355,1.0062710976018303e-89
356,1.0062710974115164e-89
357,1.0062710972208677e-89
358,1.0062710970298835e-89
359,1.0062710968385634e-89
360,1.0062710966469062e-89
361,1.0062710964549118e-89
362,1.0062710962625796e-89
363,1.0062710960699093e-89
364,1.0062710958768993e-89
365,1.0062710956835502e-89
366,1.0062710954898606e-89
367,1.0062710952958302e-89
368,1.0062710951014582e-89
369,1.0062710949067441e-89
370,1.0062710947116877e-89
371,1.0062710945162878e-89
372,1.006271094320544e-89
373,1.0062710941244558e-89
374,1.0062710939280225e-89
375,1.0062710937312438e-89
376,1.0062710935341184e-89
377,1.0062710933366463e-89
378,1.0062710931388268e-89
379,1.006271092940659e-89
380,1.0062710927421425e-89
381,1.0062710925432766e-89
382,1.0062710923440608e-89
383,1.0062710921444944e-89
384,1.0062710919445768e-89
385,1.0062710917443075e-89
386,1.0062710915436857e-89
387,1.0062710913427106e-89
388,1.0062710911413824e-89
389,1.0062710909396992e-89
390,1.0062710907376617e-89
391,1.0062710905352682e-89
392,1.0062710903325188e-89
393,1.0062710901294125e-89
394,1.006271089925949e-89
395,1.0062710897221273e-89
396,1.0062710895179467e-89
397,1.0062710893134071e-89
398,1.0062710891085072e-89
399,1.006271088903247e-89
400,1.0062710886976254e-89
401,1.0062710884916421e-89
402,1.0062710882852964e-89
403,1.0062710880785876e-89
404,1.006271087871515e-89
405,1.0062710876640776e-89
406,1.0062710874562753e-89
407,1.0062710872481076e-89
408,1.0062710870395734e-89
409,1.0062710868306723e-89
410,1.0062710866214035e-89
411,1.0062710864117664e-89
412,1.0062710862017605e-89
413,1.0062710859913851e-89
414,1.0062710857806393e-89
415,1.0062710855695227e-89
416,1.0062710853580345e-89
417,1.006271085146174e-89
418,1.0062710849339413e-89
419,1.0062710847213346e-89
420,1.0062710845083537e-89
421,1.0062710842949981e-89
422,1.0062710840812672e-89
423,1.00627108386716e-89
424,1.0062710836526762e-89
425,1.0062710834378148e-89
426,1.0062710832225752e-89
427,1.0062710830069569e-89
428,1.0062710827909592e-89
429,1.0062710825745815e-89
430,1.0062710823578229e-89
431,1.0062710821406828e-89
432,1.0062710819231606e-89
433,1.0062710817052558e-89
434,1.0062710814869671e-89
435,1.0062710812682948e-89
436,1.0062710810492373e-89
437,1.0062710808297946e-89
438,1.0062710806099655e-89
439,1.0062710803897495e-89
440,1.006271080169146e-89
441,1.0062710799481546e-89
442,1.006271079726774e-89
443,1.0062710795050039e-89
444,1.0062710792828435e-89
445,1.006271079060292e-89
446,1.0062710788373491e-89
447,1.0062710786140138e-89
448,1.0062710783902854e-89
449,1.0062710781661634e-89
450,1.0062710779416468e-89
451,1.0062710777167354e-89
452,1.006271077491428e-89
453,1.0062710772657242e-89
454,1.006271077039623e-89
455,1.0062710768131242e-89
456,1.0062710765862266e-89
457,1.0062710763589297e-89
458,1.0062710761312328e-89
459,1.0062710759031354e-89
460,1.0062710756746364e-89
461,1.0062710754457355e-89
462,1.0062710752164317e-89
463,1.0062710749867243e-89
464,1.0062710747566128e-89
465,1.0062710745260961e-89
466,1.006271074295174e-89
467,1.0062710740638453e-89
468,1.0062710738321096e-89
469,1.006271073599966e-89
470,1.0062710733674143e-89
471,1.0062710731344528e-89
472,1.0062710729010817e-89
473,1.0062710726672998e-89
474,1.0062710724331065e-89
475,1.0062710721985011e-89
476,1.0062710719634827e-89
477,1.006271071728051e-89
478,1.0062710714922046e-89
479,1.0062710712559434e-89
480,1.0062710710192664e-89
481,1.006271070782173e-89
482,1.0062710705446622e-89
483,1.0062710703067335e-89
484,1.0062710700683862e-89
485,1.0062710698296193e-89
486,1.0062710695904324e-89
487,1.0062710693508243e-89
488,1.0062710691107949e-89
489,1.0062710688703428e-89
490,1.0062710686294677e-89
491,1.0062710683881687e-89
492,1.0062710681464448e-89
493,1.006271067904296e-89
494,1.0062710676617209e-89
495,1.0062710674187187e-89
496,1.006271067175289e-89
497,1.0062710669314308e-89
498,1.0062710666871436e-89
499,1.0062710664424265e-89
500,1.0062710661972787e-89
501,1.0062710659516999e-89
502,1.0062710657056881e-89
503,1.006271065459244e-89
504,1.0062710652123662e-89
505,1.0062710649650537e-89
506,1.0062710647173061e-89
507,1.0062710644691225e-89
508,1.0062710642205021e-89
509,1.0062710639714442e-89
510,1.0062710637219482e-89
511,1.0062710634720128e-89
512,1.0062710632216378e-89
513,1.006271062970822e-89
514,1.0062710627195652e-89
515,1.0062710624678659e-89
516,1.0062710622157238e-89
517,1.006271061963138e-89
518,1.0062710617101076e-89
519,1.0062710614566318e-89
520,1.0062710612027102e-89
521,1.0062710609483416e-89
522,1.0062710606935255e-89
523,1.0062710604382608e-89
524,1.0062710601825472e-89
525,1.0062710599263833e-89
526,1.0062710596697685e-89
527,1.0062710594127024e-89
528,1.0062710591551839e-89
529,1.006271058897212e-89
530,1.0062710586387864e-89
531,1.006271058379906e-89
532,1.0062710581205698e-89
533,1.0062710578607773e-89
534,1.0062710576005276e-89
535,1.00627105733982e-89
536,1.0062710570786537e-89
537,1.0062710568170277e-89
538,1.0062710565549411e-89
539,1.0062710562923937e-89
540,1.0062710560293839e-89
541,1.0062710557659115e-89
542,1.0062710555019751e-89
543,1.0062710552375745e-89
544,1.0062710549727086e-89
545,1.0062710547073769e-89
546,1.0062710544415777e-89
547,1.0062710541753112e-89
548,1.0062710539085758e-89
549,1.0062710536413711e-89
550,1.0062710533736962e-89
551,1.0062710531055502e-89
552,1.0062710528369325e-89
553,1.006271052567842e-89
554,1.0062710522982777e-89
555,1.0062710520282393e-89
556,1.0062710517577257e-89
557,1.0062710514867359e-89
558,1.0062710512152693e-89
559,1.0062710509433249e-89
560,1.0062710506709021e-89
561,1.006271050398e-89
562,1.0062710501246173e-89
563,1.0062710498507536e-89
564,1.006271049576408e-89
565,1.0062710493015797e-89
566,1.0062710490262677e-89
567,1.006271048750471e-89
568,1.0062710484741894e-89
569,1.0062710481974213e-89
570,1.0062710479201662e-89
571,1.0062710476424231e-89
572,1.0062710473641915e-89
573,1.00627104708547e-89
574,1.0062710468062582e-89
575,1.0062710465265548e-89
576,1.0062710462463593e-89
577,1.006271045965671e-89
578,1.0062710456844885e-89
579,1.0062710454028112e-89
580,1.0062710451206382e-89
581,1.0062710448379683e-89
582,1.0062710445548015e-89
583,1.0062710442711362e-89
584,1.0062710439869717e-89
585,1.0062710437023072e-89
586,1.0062710434171415e-89
587,1.0062710431314742e-89
588,1.006271042845304e-89
589,1.0062710425586304e-89
590,1.0062710422714522e-89
591,1.0062710419837688e-89
592,1.0062710416955787e-89
593,1.0062710414068817e-89
594,1.0062710411176768e-89
595,1.006271040827963e-89
596,1.0062710405377392e-89
597,1.0062710402470047e-89
598,1.0062710399557586e-89
599,1.0062710396639998e-89
600,1.0062710393717276e-89
601,1.0062710390789414e-89
602,1.0062710387856396e-89
603,1.0062710384918218e-89
604,1.0062710381974868e-89
605,1.006271037902634e-89
606,1.0062710376072623e-89
607,1.006271037311371e-89
608,1.0062710370149584e-89
609,1.0062710367180247e-89
610,1.0062710364205684e-89
611,1.0062710361225885e-89
612,1.0062710358240844e-89
613,1.0062710355250548e-89
614,1.006271035225499e-89
615,1.006271034925416e-89
616,1.006271034624805e-89
617,1.0062710343236649e-89
618,1.006271034021995e-89
619,1.0062710337197943e-89
620,1.0062710334170613e-89
621,1.0062710331137961e-89
622,1.0062710328099972e-89
623,1.0062710325056634e-89
624,1.0062710322007941e-89
625,1.0062710318953884e-89
626,1.0062710315894452e-89
627,1.0062710312829635e-89
628,1.0062710309759426e-89
629,1.0062710306683812e-89
630,1.0062710303602789e-89
631,1.0062710300516342e-89
632,1.0062710297424465e-89
633,1.0062710294327145e-89
634,1.0062710291224376e-89
635,1.0062710288116143e-89
636,1.0062710285002443e-89
637,1.0062710281883264e-89
638,1.0062710278758597e-89
639,1.0062710275628429e-89
640,1.0062710272492753e-89
641,1.0062710269351559e-89
642,1.0062710266204836e-89
643,1.0062710263052578e-89
644,1.0062710259894772e-89
645,1.0062710256731409e-89
646,1.0062710253562478e-89
647,1.006271025038797e-89
648,1.0062710247207879e-89
649,1.0062710244022188e-89
650,1.0062710240830893e-89
651,1.006271023763398e-89
652,1.0062710234431442e-89
653,1.0062710231223269e-89
654,1.0062710228009449e-89
655,1.0062710224789975e-89
656,1.0062710221564832e-89
657,1.0062710218334018e-89
658,1.0062710215097516e-89
659,1.0062710211855318e-89
660,1.0062710208607416e-89
661,1.0062710205353798e-89
662,1.0062710202094453e-89
663,1.0062710198829373e-89
664,1.0062710195558546e-89
665,1.0062710192281966e-89
666,1.006271018899962e-89
667,1.0062710185711494e-89
668,1.0062710182417584e-89
669,1.0062710179117875e-89
670,1.0062710175812363e-89
671,1.0062710172501033e-89
672,1.0062710169183873e-89
673,1.0062710165860877e-89
674,1.0062710162532034e-89
675,1.0062710159197335e-89
676,1.0062710155856765e-89
677,1.0062710152510316e-89
678,1.0062710149157978e-89
679,1.0062710145799742e-89
680,1.0062710142435595e-89
681,1.0062710139065528e-89
682,1.0062710135689531e-89
683,1.0062710132307594e-89
684,1.0062710128919703e-89
685,1.006271012552585e-89
686,1.0062710122126026e-89
687,1.0062710118720218e-89
688,1.0062710115308419e-89
689,1.0062710111890614e-89
690,1.0062710108466795e-89
691,1.006271010503695e-89
692,1.006271010160107e-89
693,1.006271009815914e-89
694,1.0062710094711157e-89
695,1.0062710091257107e-89
696,1.0062710087796976e-89
697,1.0062710084330756e-89
698,1.0062710080858438e-89
699,1.0062710077380009e-89
700,1.0062710073895457e-89
701,1.0062710070404774e-89
702,1.0062710066907949e-89
703,1.006271006340497e-89
704,1.0062710059895827e-89
705,1.0062710056380506e-89
706,1.0062710052859002e-89
707,1.0062710049331298e-89
708,1.0062710045797387e-89
709,1.0062710042257258e-89
710,1.00627100387109e-89
711,1.0062710035158298e-89
712,1.0062710031599447e-89
713,1.0062710028034331e-89
714,1.0062710024462944e-89
715,1.0062710020885269e-89
716,1.00627100173013e-89
717,1.0062710013711023e-89
718,1.0062710010114428e-89
719,1.0062710006511505e-89
720,1.006271000290224e-89
721,1.0062709999286625e-89
722,1.0062709995664646e-89
723,1.0062709992036292e-89
724,1.0062709988401555e-89
725,1.0062709984760421e-89
726,1.0062709981112881e-89
727,1.0062709977458921e-89
728,1.006270997379853e-89
729,1.0062709970131698e-89
730,1.0062709966458413e-89
731,1.0062709962778663e-89
732,1.0062709959092438e-89
733,1.0062709955399725e-89
734,1.0062709951700516e-89
735,1.0062709947994796e-89
736,1.0062709944282554e-89
737,1.0062709940563782e-89
738,1.0062709936838464e-89
739,1.0062709933106588e-89
740,1.0062709929368147e-89
741,1.0062709925623126e-89
742,1.0062709921871517e-89
743,1.0062709918113304e-89
744,1.0062709914348477e-89
745,1.0062709910577025e-89
746,1.0062709906798935e-89
747,1.00627099030142e-89
748,1.0062709899222802e-89
749,1.0062709895424734e-89
750,1.0062709891619979e-89
751,1.006270988780853e-89
752,1.0062709883990374e-89
753,1.00627098801655e-89
754,1.0062709876333892e-89
755,1.0062709872495543e-89
756,1.0062709868650439e-89
757,1.0062709864798568e-89
758,1.0062709860939918e-89
759,1.0062709857074479e-89
760,1.0062709853202238e-89
761,1.0062709849323182e-89
762,1.00627098454373e-89
763,1.006270984154458e-89
764,1.0062709837645007e-89
765,1.0062709833738575e-89
766,1.0062709829825266e-89
767,1.0062709825905072e-89
768,1.006270982197798e-89
769,1.0062709818043975e-89
770,1.0062709814103047e-89
771,1.0062709810155185e-89
772,1.0062709806200376e-89
773,1.0062709802238606e-89
774,1.0062709798269865e-89
775,1.006270979429414e-89
776,1.0062709790311418e-89
777,1.0062709786321686e-89
778,1.0062709782324935e-89
779,1.006270977832115e-89
780,1.006270977431032e-89
781,1.006270977029243e-89
782,1.006270976626747e-89
783,1.006270976223543e-89
784,1.0062709758196289e-89
785,1.0062709754150045e-89
786,1.0062709750096677e-89
787,1.0062709746036175e-89
788,1.0062709741968533e-89
789,1.0062709737893728e-89
790,1.0062709733811753e-89
791,1.0062709729722596e-89
792,1.0062709725626243e-89
793,1.0062709721522678e-89
794,1.0062709717411893e-89
795,1.0062709713293877e-89
796,1.006270970916861e-89
797,1.0062709705036088e-89
798,1.006270970089629e-89
799,1.0062709696749208e-89
800,1.0062709692594828e-89
801,1.0062709688433137e-89
802,1.0062709684264123e-89
803,1.006270968008777e-89
804,1.006270967590407e-89
805,1.0062709671713009e-89
806,1.0062709667514569e-89
807,1.0062709663308741e-89
808,1.0062709659095513e-89
809,1.006270965487487e-89
810,1.0062709650646802e-89
811,1.006270964641129e-89
812,1.0062709642168326e-89
813,1.0062709637917896e-89
814,1.0062709633659985e-89
815,1.006270962939458e-89
816,1.0062709625121671e-89
817,1.0062709620841241e-89
818,1.006270961655328e-89
819,1.0062709612257771e-89
820,1.0062709607954704e-89
821,1.0062709603644067e-89
822,1.006270959932584e-89
823,1.0062709595000015e-89
824,1.0062709590666578e-89
825,1.0062709586325514e-89
826,1.0062709581976811e-89
827,1.0062709577620459e-89
828,1.0062709573256438e-89
829,1.0062709568884736e-89
830,1.006270956450534e-89
831,1.006270956011824e-89
832,1.0062709555723419e-89
833,1.0062709551320863e-89
834,1.0062709546910561e-89
835,7.687233940493215e-14
836,1.6217164517808476e-13
837,2.4762105958958906e-13
838,3.384248025917381e-13
839,4.300060526875028e-13
840,5.217484663073014e-13
841,6.186838455739998e-13
842,7.170346030204986e-13
843,8.155584368838593e-13
844,9.191664839544454e-13
845,1.0248040056022268e-12
846,1.1306274268216722e-12
847,1.2414972058599324e-12
848,1.3549700500761598e-12
849,1.468642582364886e-12
850,1.5874149870816783e-12
851,1.7093046863576253e-12
852,1.831408885580327e-12
853,1.9587806883601356e-12
854,2.089703489188169e-12
855,2.220856686299849e-12
856,2.3575848508842227e-12
857,2.498193523314893e-12
858,2.6390496371024867e-12
859,2.7859559066374556e-12
860,2.9369416259645745e-12
861,3.08819304804324e-12
862,3.246168820737777e-12
863,3.4082631238016326e-12
864,3.5706426783608528e-12
865,3.74081182773135e-12
866,3.915025240677118e-12
867,4.089545232173079e-12
868,4.272355010594471e-12
869,4.4595368274297194e-12
870,4.647048044446566e-12
871,4.843586169029091e-12
872,5.044634833248804e-12
873,5.246037300350801e-12
874,5.457482279765383e-12
875,5.673347810811455e-12
876,5.889593219272569e-12
877,6.117220957794773e-12
878,6.348907471372032e-12
879,6.581001703927005e-12
880,6.8261924929155105e-12
881,7.074760818018903e-12
882,7.32376657049577e-12
883,7.58801248357234e-12
884,7.854582879246623e-12
885,8.121622382107595e-12
886,8.409214424932074e-12
887,8.697705929500823e-12
888,8.986705117742939e-12
889,9.290983768379876e-12
890,9.603022295156944e-12
891,9.915609943355396e-12
892,1.0237756586779254e-11
893,1.0575068940666405e-11
894,1.0912974892532067e-11
895,1.1254278770657764e-11
896,1.1618697894055252e-11
897,1.1983758317576636e-11
898,1.2349461169773013e-11
899,1.2739096615722706e-11
900,1.3133259475284837e-11
901,1.352811597761553e-11
902,1.394180950455523e-11
903,1.4367140255323757e-11
904,1.4793219497715788e-11
905,1.523325122060739e-11
906,1.569313934648753e-11
907,1.615383677761603e-11
908,1.66186667897364e-11
909,1.7115636370166603e-11
910,1.7613480511312493e-11
911,1.8112200752214005e-11
912,1.8641455323238838e-11
913,1.917913393362545e-11
914,1.9717758743954665e-11
915,2.027788229916516e-11
916,2.0858251009518798e-11
917,2.14396410453039e-11
918,2.2032695106086555e-11
919,2.265878644410622e-11
920,2.3285979569649044e-11
921,2.391427642162563e-11
922,2.4592625385118484e-11
923,2.5272256182444333e-11
924,2.5953082985343776e-11
925,2.6663281424215343e-11
926,2.7399188175938017e-11
927,2.8136389966934123e-11
928,2.888017816215693e-11
929,2.967643584119632e-11
930,3.0474094764293454e-11
931,3.1273157397338255e-11
932,3.211496976867688e-11
933,3.297839396563441e-11
934,3.384333760542076e-11
935,3.472433501168196e-11
936,3.5658231828553664e-11
937,3.659377210506162e-11
938,3.7530958733343476e-11
939,3.852556352479988e-11
940,3.953669919726176e-11
941,4.0549614253299604e-11
942,4.159314805734172e-11
943,4.268517496075653e-11
944,4.3779123599090846e-11
945,4.487499735418706e-11
946,4.605312509823479e-11
947,4.7233724582969514e-11
948,4.8416401671506284e-11
949,4.965539960429273e-11
950,5.092859437441857e-11
951,5.220402969633262e-11
952,5.35078303710435e-11
953,5.487990767571532e-11
954,5.625439954438023e-11
955,5.763131022615424e-11
956,5.910489796919103e-11
957,6.058510436120003e-11
958,6.20679156013683e-11
959,6.362192195746299e-11
960,6.521487736577066e-11
961,6.681063603649608e-11
962,6.84507131741707e-11
963,7.016434868110317e-11
964,7.188099982172688e-11
965,7.361163050204881e-11
966,7.545389062620003e-11
967,7.729939273597628e-11
968,7.914814253657899e-11
969,8.110604064329492e-11
970,8.308879615646527e-11
971,8.507504089722049e-11
972,8.714477141606474e-11
973,8.927364718966521e-11
974,9.140626933138763e-11
975,9.359557489359679e-11
976,9.587992344811628e-11
977,9.816829196973822e-11
978,1.0048555047965852e-10
979,1.0293523201323588e-10
980,1.0538922446474454e-10
981,1.0784753542047674e-10
982,1.104689027413104e-10
983,1.1309892809297936e-10
984,1.1573358172928033e-10
985,1.1851208607389087e-10
986,1.2132910838363552e-10
987,1.2415108805282622e-10
988,1.2710071251786752e-10
989,1.3012065416295734e-10
990,1.331459102622983e-10
991,1.362657647547472e-10
992,1.3950128419296257e-10
993,1.4274249745642123e-10
994,1.460444960923717e-10
995,1.4950892131835377e-10
996,1.5297944319500087e-10
997,1.564764491489102e-10
998,1.601838070641336e-10
999,1.638976891398013e-10
1000,1.676181068570396e-10
1001,1.7156862988074041e-10
1002,1.7554065434293815e-10
1003,1.7951966872230908e-10
1004,1.8370865934329809e-10
1005,1.879543705158018e-10
1006,1.9220755323577747e-10
1007,1.9665188651353146e-10
1008,2.0118762348982972e-10
1009,2.057313423972213e-10
1010,2.1044917068114286e-10
1011,2.15292101086759e-10
1012,2.2014355401845088e-10
1013,2.2515439270705863e-10
1014,2.3032254762144876e-10
1015,2.3549979738775075e-10
1016,2.4082461519646453e-10
1017,2.463369252659863e-10
1018,2.518589358271574e-10
1019,2.5752024973548866e-10
1020,2.6339658250996734e-10
1021,2.6928325637848455e-10
1022,2.7530523143101967e-10
1023,2.8156642995466043e-10
1024,2.8783864685404404e-10
1025,2.9424720099462154e-10
1026,3.0091512368817073e-10
1027,3.075947805053249e-10
1028,3.1441769462900754e-10
1029,3.215152564951408e-10
1030,3.2862530855825777e-10
1031,3.3589234196844956e-10
1032,3.434435571560082e-10
1033,3.5100806087371035e-10
1034,3.5875107233751495e-10
1035,3.6678109810037423e-10
1036,3.748252549979383e-10
1037,3.830783295972813e-10
1038,3.916135116843423e-10
1039,4.0016371387357067e-10
1040,4.0896329585433385e-10
1041,4.1803121536803503e-10
1042,4.271150924882218e-10
1043,4.36500124314506e-10
1044,4.4612964607591223e-10
1045,4.5577611374404754e-10
1046,4.657881815696097e-10
1047,4.760095040291399e-10
1048,4.862488138384765e-10
1049,4.970165083359222e-10
1050,5.079737142699082e-10
1051,5.189502025517586e-10
1052,5.301846112519917e-10
1053,5.419238277081348e-10
1054,5.536837026839629e-10
1055,5.654642725340418e-10
1056,5.780074669896001e-10
1057,5.906300602520468e-10
1058,6.032748665890199e-10
1059,6.162962466123089e-10
1060,6.298354129303693e-10
1061,6.433984052961419e-10
1062,6.569852656383606e-10
1063,6.714348461595481e-10
1064,6.859727691381108e-10
1065,7.005362757631482e-10
1066,7.155715794194791e-10
1067,7.311440888666328e-10
1068,7.467440026118757e-10
1069,7.623974267435803e-10
1070,7.790672097469459e-10
1071,7.957663280159122e-10
1072,8.124948331742509e-10
1073,8.29906177270077e-10
1074,8.477704580014889e-10
1075,8.656661760597709e-10
1076,8.838347450251736e-10
1077,9.029334345405634e-10
1078,9.220657336790773e-10
1079,9.41231701586441e-10
1080,9.615533764034282e-10
1081,9.821273142618188e-10
1082,1.0027374578658046e-09
1083,1.0235839803928782e-09
1084,1.0456926328328093e-09
1085,1.067840191788738e-09
1086,1.09002672572779e-09
1087,1.1129597155940854e-09
1088,1.1367429656098865e-09
1089,1.1605680690762621e-09
1090,1.1844350996463054e-09
1091,1.2096608416913175e-09
1092,1.2352282288088445e-09
1093,1.2608406090777083e-09
1094,1.2868216003620346e-09
1095,1.314240478830303e-09
1096,1.3417076086798146e-09
1097,1.3692230748226456e-09
1098,1.3978518017849501e-09
1099,1.4272888205146793e-09
1100,1.4567776421220194e-09
1101,1.4863236904378385e-09
1102,1.517851720781481e-09
1103,1.549435233737185e-09
1104,1.5810743269424332e-09
1105,1.6136793893527646e-09
1106,1.6474851759888743e-09
1107,1.6813504536021862e-09
1108,1.7152753268840631e-09
1109,1.7512335508781596e-09
1110,1.7874593383613214e-09
1111,1.823748875506886e-09
1112,1.861004139030638e-09
1113,1.8997315500654938e-09
1114,1.938527113086545e-09
1115,1.977390948026664e-09
1116,2.0185166222940866e-09
1117,2.0599666521001872e-09
1118,2.1014896251206073e-09
1119,2.1441840965147117e-09
1120,2.1884444004962295e-09
1121,2.232782593175047e-09
1122,2.27719881161856e-09
1123,2.324358662119463e-09
1124,2.371675832640208e-09
1125,2.4190762712910705e-09
1126,2.4681425901707e-09
1127,2.518633206459285e-09
1128,2.569212675465425e-09
1129,2.620209716152191e-09
1130,2.6740583880208585e-09
1131,2.728001822068376e-09
1132,2.782040185055843e-09
1133,2.83842573725095e-09
1134,2.8959272562017985e-09
1135,2.9535299655627773e-09
1136,3.0122359362518176e-09
1137,3.0734992270509012e-09
1138,3.134870328175818e-09
1139,3.196349429349578e-09
1140,3.26128047781596e-09
1141,3.326660873988902e-09
1142,3.3921563257143375e-09
1143,3.45979438476857e-09
1144,3.529408664901757e-09
1145,3.5991454513196444e-09
1146,3.669641211389859e-09
1147,3.743724493687239e-09
1148,3.817938146759344e-09
1149,3.892282400030707e-09
1150,3.9702526290895926e-09
1151,4.049189628643873e-09
1152,4.128265540479056e-09
1153,4.209672483335882e-09
1154,4.293590623594646e-09
1155,4.377656441878741e-09
1156,4.462700428074439e-09
1157,4.551869122984104e-09
1158,4.641194735774525e-09
1159,4.730677542587428e-09
1160,4.824792617923431e-09
1161,4.9196601318533055e-09
1162,5.014694592368611e-09
1163,5.113169706278918e-09
1164,5.213873894516526e-09
1165,5.314755300640339e-09
1166,5.4178520830200815e-09
1167,5.524700845888498e-09
1168,5.631737639782668e-09
1169,5.739736608500939e-09
1170,5.853051447013096e-09
1171,5.966565695463591e-09
1172,6.080279704771011e-09
1173,6.1998839593632895e-09
1174,6.3202118413460854e-09
1175,6.440751474726049e-09
1176,6.566206688817047e-09
1177,6.693698996523464e-09
1178,6.821415663486547e-09
1179,6.953080314280621e-09
1180,7.088102967868327e-09
1181,7.223363232513407e-09
1182,7.3616203031717866e-09
1183,7.504554879510457e-09
1184,7.647740990200956e-09
1185,7.79299941600307e-09
1186,7.944243691687574e-09
1187,8.095754125020137e-09
1188,8.248450302333616e-09
1189,8.40841881124065e-09
1190,8.568668830583024e-09
1191,8.729268190389117e-09
1192,8.898392796056899e-09
1193,9.06781502493477e-09
1194,9.237535400775539e-09
1195,9.415544155790062e-09
1196,9.594589166406897e-09
1197,9.773949258027172e-09
1198,9.9613202512178e-09
1199,1.0150457168394764e-08
1200,1.033992692617502e-08
1201,1.0537240294624937e-08
1202,1.0736957415450973e-08
1203,1.0937025995778627e-08
1204,1.1144898453628907e-08
1205,1.1355703883116354e-08
1206,1.1566880285159856e-08
1207,1.1785967060893776e-08
1208,1.2008389363937035e-08
1209,1.2231203082752042e-08
1210,1.2462199932208066e-08
1211,1.2696788802146798e-08
1212,1.2931790498415726e-08
1213,1.3175435795428168e-08
1214,1.3422762739521346e-08
1215,1.3670524926233573e-08
1216,1.3927601832821515e-08
1217,1.4188260874940181e-08
1218,1.444937862132174e-08
1219,1.472290635885598e-08
1220,1.5000333782243674e-08
1221,1.5278249418662673e-08
1222,1.555993658688344e-08
1223,1.585505077950466e-08
1224,1.6150684310092067e-08
1225,1.644683809256864e-08
1226,1.675461880994419e-08
1227,1.706893198370828e-08
1228,1.738379828154213e-08
1229,1.7701362132253002e-08
1230,1.803535995038822e-08
1231,1.8369945533360822e-08
1232,1.8705119915510458e-08
1233,1.9052460519662666e-08
1234,1.940781703798888e-08
1235,1.9763798907899437e-08
1236,2.01228570196474e-08
1237,2.0500082598076416e-08
1238,2.0877972012961792e-08
1239,2.125652643251273e-08
1240,2.1649551142011414e-08
1241,2.2050496354979737e-08
1242,2.2452147145890637e-08
1243,2.2859177494809268e-08
1244,2.32843766378267e-08
1245,2.3710324040519362e-08
1246,2.4137021019663076e-08
1247,2.4582772224557847e-08
1248,2.50342681762468e-08
1249,2.5486558664371867e-08
1250,2.594900448910717e-08
1251,2.6427354398974977e-08
1252,2.6906546102504766e-08
1253,2.7386581081071946e-08
1254,2.789312901713913e-08
1255,2.8400585032763235e-08
1256,2.890893406257171e-08
1257,2.943531776488949e-08
1258,2.9972458450470557e-08
1259,3.0510544388908416e-08
1260,3.105783405898435e-08
1261,3.162613895199338e-08
1262,3.219544394020112e-08
1263,3.2765750783559584e-08
1264,3.3365797340783735e-08
1265,3.396786477391016e-08
1266,3.4570991717085076e-08
1267,3.5195811542189895e-08
1268,3.5832248088934614e-08
1269,3.646980462801825e-08
1270,3.712077583426409e-08
1271,3.779325350655363e-08
1272,3.84669145958557e-08
1273,3.914551040185284e-08
1274,3.9855768675514885e-08
1275,4.056727685196779e-08
1276,4.1280037130771436e-08
1277,4.2024919208633345e-08
1278,4.277608676815658e-08
1279,4.352857622206231e-08
1280,4.4306111207847504e-08
1281,4.509887358246896e-08
1282,4.5893031049450736e-08
1283,4.670492424774894e-08
1284,4.754124244348843e-08
1285,4.837903238051636e-08
1286,4.9227262220809147e-08
1287,5.010917390392203e-08
1288,5.0992637563108184e-08
1289,5.187931038223927e-08
1290,5.2808932273001536e-08
1291,5.3740190099596316e-08
1292,5.467308674091747e-08
1293,5.5647077384408264e-08
1294,5.6628331471429844e-08
1295,5.761131235589956e-08
1296,5.86304767422901e-08
1297,5.966401334270555e-08
1298,6.069936874660663e-08
1299,6.176631805321604e-08
1300,6.28545101506187e-08
1301,6.394461723348726e-08
1302,6.506212215198567e-08
1303,6.62074320907272e-08
1304,6.735475753011255e-08
1305,6.85257563292947e-08
1306,6.973073850502995e-08
1307,7.093784119177667e-08
1308,7.21689144537525e-08
1309,7.344676976591843e-08
1310,7.472687383022283e-08
1311,7.600923060398382e-08
1312,7.734410006679915e-08
1313,7.870094001173026e-08
1314,8.006016770484633e-08
1315,8.143151912884476e-08
1316,8.286898626392618e-08
1317,8.430898303379222e-08
1318,8.575151389005405e-08
1319,8.724040712953863e-08
1320,8.876523339430325e-08
1321,9.029274302721875e-08
1322,9.182506637251744e-08
1323,9.343895011770179e-08
1324,9.505567395314017e-08
1325,9.667524287677905e-08
1326,9.834066118745308e-08
1327,1.0005100795759968e-07
1328,1.017643645722703e-07
1329,1.0348141417236364e-07
1330,1.0528997148979806e-07
1331,1.0710171148129555e-07
1332,1.0891663974767513e-07
1333,1.1078515697105778e-07
1334,1.127016029320796e-07
1335,1.1462142142807416e-07
1336,1.1654661219430024e-07
1337,1.1857285140860647e-07
1338,1.2060265637050344e-07
1339,1.2263603335493621e-07
1340,1.247285431100403e-07
1341,1.268736327501583e-07
1342,1.2902249728916152e-07
1343,1.311824009457567e-07
1344,1.334482817097997e-07
1345,1.3571814993924088e-07
1346,1.379920126511572e-07
1347,1.403412055552308e-07
1348,1.4273780862224354e-07
1349,1.4513862919790405e-07
1350,1.4756770689287485e-07
1351,1.500969975123131e-07
1352,1.5263073914207497e-07
1353,1.5516893961497651e-07
1354,1.5781197788646072e-07
1355,1.6048483243373531e-07
1356,1.6316239063308836e-07
1357,1.6589977935266877e-07
1358,1.687181742190642e-07
1359,1.7154152885732588e-07
1360,1.743782320795791e-07
1361,1.7734883722203055e-07
1362,1.8032466999382769e-07
1363,1.8330573959446712e-07
1364,1.8639573514929553e-07
1365,1.8953097791542985e-07
1366,1.9267173803784643e-07
1367,1.9587865713785827e-07
1368,1.9918049926621854e-07
1369,2.0248815193004543e-07
1370,2.0581830326510036e-07
1371,2.092941991307977e-07
1372,2.1277621182924517e-07
1373,2.1626435212474433e-07
1374,2.1989399778805694e-07
1375,2.2355811116314588e-07
1376,2.272286725934579e-07
1377,2.3100280856951003e-07
1378,2.3485704425188743e-07
1379,2.387180625640062e-07
1380,2.4264457684217604e-07
1381,2.466972454568673e-07
1382,2.507570459007334e-07
1383,2.548443201347275e-07
1384,2.591040294768865e-07
1385,2.633712349955261e-07
1386,2.67645949882295e-07
1387,2.7210383281214455e-07
1388,2.7658737240354647e-07
1389,2.810788020646754e-07
1390,2.857242564156074e-07
1391,2.904333736690593e-07
1392,2.9515077796056687e-07
1393,3.0002416357590005e-07
1394,3.050221428038942e-07
1395,3.100289174051062e-07
1396,3.150445028574899e-07
1397,3.20248300521314e-07
1398,3.2555936826788126e-07
1399,3.308797823563306e-07
1400,3.362095592341989e-07
1401,3.4177018253686435e-07
1402,3.4741100668813196e-07
1403,3.5306175748184076e-07
1404,3.587224523867342e-07
1405,3.6466824441677576e-07
1406,3.706562328066492e-07
1407,3.7665475877357346e-07
1408,3.8268301708187364e-07
1409,3.8902518354644846e-07
1410,3.953785108655472e-07
1411,4.017430186798553e-07
1412,4.082023550410558e-07
1413,4.1492815457755137e-07
1414,4.2166579008049096e-07
1415,4.2841528237861124e-07
1416,4.3533978090270205e-07
1417,4.4246897108645315e-07
1418,4.496107071176559e-07
1419,4.567650110742818e-07
1420,4.64191125043371e-07
1421,4.717443144068881e-07
1422,4.79310795765447e-07
1423,4.868905925100807e-07
1424,4.948572716269686e-07
1425,5.028559498315766e-07
1426,5.108687039960045e-07
1427,5.189926857805489e-07
1428,5.274443814944091e-07
1429,5.359109503817298e-07
1430,5.443924186160715e-07
1431,5.531220533839912e-07
1432,5.620641228032767e-07
1433,5.710219283485143e-07
1434,5.799954977118701e-07
1435,5.89377186242655e-07
1436,5.988339096255349e-07
1437,6.083072748148823e-07
1438,6.179013764739302e-07
1439,6.278804820514684e-07
1440,6.37877148716053e-07
1441,6.478914073713885e-07
1442,6.58216164414465e-07
1443,6.687605516117883e-07
1444,6.793234946704657e-07
1445,6.89905026244787e-07
1446,7.010194990390066e-07
1447,7.121606462284858e-07
1448,7.233213994487953e-07
1449,7.347055752964939e-07
1450,7.464511735732753e-07
1451,7.582174415850672e-07
1452,7.70004415706115e-07
1453,7.822684492303039e-07
1454,7.94678372581903e-07
1455,8.07110134738002e-07
1456,8.196589848111869e-07
1457,8.327419462146363e-07
1458,8.458479308250848e-07
1459,8.589769791583764e-07
1460,8.724789158390087e-07
1461,8.862896418360727e-07
1462,9.001246717495184e-07
1463,9.139840483489721e-07
1464,9.285103886726638e-07
1465,9.430830900164663e-07
1466,9.576814361896055e-07
1467,9.725887127414608e-07
1468,9.879319239920102e-07
1469,1.0033021360038865e-06
1470,1.0186993962925658e-06
1471,1.0347544579915106e-06
1472,1.0509306148591022e-06
1473,1.0671352382933689e-06
1474,1.083637717313817e-06
1475,1.1006551135530778e-06
1476,1.1177024567596333e-06
1477,1.134779799633651e-06
1478,1.1525677983767497e-06
1479,1.170494469077022e-06
1480,1.1884526868722701e-06
1481,1.2067649173686687e-06
1482,1.2256088084964703e-06
1483,1.2444858608301747e-06
1484,1.2633961327263e-06
1485,1.2832408713270182e-06
1486,1.3031754986059472e-06
1487,1.3231452065520353e-06
1488,1.3432830048096948e-06
1489,1.3643243333467154e-06
1490,1.3854026901073582e-06
1491,1.4065181402532459e-06
1492,1.4280364707454359e-06
1493,1.4502745252161932e-06
1494,1.4725517138910125e-06
1495,1.4948681056375866e-06
1496,1.5178715632446678e-06
1497,1.54136352167729e-06
1498,1.5648968209154223e-06
1499,1.5884715337098935e-06
1500,1.6130714863426091e-06
1501,1.637876767850035e-06
1502,1.662725701329256e-06
1503,1.6877989326092182e-06
1504,1.7139332769750097e-06
1505,1.7401136121775897e-06
1506,1.7663400191508226e-06
1507,1.7931973677899983e-06
1508,1.8207683519955727e-06
1509,1.848387855215147e-06
1510,1.8760559628316325e-06
1511,1.9048289922209406e-06
1512,1.9339030713480027e-06
1513,1.9630283146128924e-06
1514,1.992440837181354e-06
1515,2.0230331595033934e-06
1516,2.0536793177448826e-06
1517,2.084379406645339e-06
1518,2.1159321600153268e-06
1519,2.1481652649419403e-06
1520,2.1804550932124733e-06
1521,2.2128017446476628e-06
1522,2.2466493231681565e-06
1523,2.2805973573937063e-06
1524,2.3146051328698315e-06
1525,2.3493018064377357e-06
1526,2.38497889555382e-06
1527,2.4207187686852457e-06
1528,2.456521536318214e-06
1529,2.4937798969366313e-06
1530,2.531325293042204e-06
1531,2.5689367609814342e-06
1532,2.6071883339763615e-06
1533,2.6466151966414943e-06
1534,2.6861114421167235e-06
1535,2.725677192500666e-06
1536,2.7667871199871202e-06
1537,2.8082468110359575e-06
1538,2.84977946223535e-06
1539,2.892048161932888e-06
1540,2.935552626969668e-06
1541,2.9791336505193153e-06
1542,3.0227913673081165e-06
1543,3.068247495757247e-06
1544,3.1139610994320687e-06
1545,3.1597551492281856e-06
1546,3.2065591973859447e-06
1547,3.254492397903055e-06
1548,3.3025099505542764e-06
1549,3.3507250225464797e-06
1550,3.4009677198181208e-06
1551,3.4512988334411417e-06
1552,3.5017185190090415e-06
1553,3.5539090494788964e-06
1554,3.607059391286043e-06
1555,3.660303266272989e-06
1556,3.713640839037774e-06
1557,3.76883607074756e-06
1558,3.825034100925915e-06
1559,3.881331027559455e-06
1560,3.937727024684352e-06
1561,3.996151388744372e-06
1562,4.055542625790024e-06
1563,4.1150383786473454e-06
1564,4.1746388312413745e-06
1565,4.236532064506087e-06
1566,4.299267672014189e-06
1567,4.362113680705741e-06
1568,4.425070284862744e-06
1569,4.490688188029005e-06
1570,4.556925149487308e-06
1571,4.623278673757888e-06
1572,4.689748965965845e-06
1573,4.7593641863063625e-06
1574,4.829265484357034e-06
1575,4.899289793662995e-06
1576,4.969734899141938e-06
1577,5.0433401699889465e-06
1578,5.117074970285746e-06
1579,5.19093952797587e-06
1580,5.26582605194652e-06
1581,5.3434333196323954e-06
1582,5.421177159420199e-06
1583,5.499057811646998e-06
1584,5.5787082656227076e-06
1585,5.660499312516648e-06
1586,5.7424342940623115e-06
1587,5.824513463553266e-06
1588,5.909270431027065e-06
1589,5.99543379105632e-06
1590,6.081748780066096e-06
1591,6.16821566489025e-06
1592,6.258706554966769e-06
1593,6.349727277398683e-06
1594,6.440908176721983e-06
1595,6.532249534813044e-06
1596,6.627832243879847e-06
1597,6.723938671641143e-06
1598,6.8202142260389424e-06
1599,6.9166592046991495e-06
1600,7.017701553252007e-06
1601,7.1191306933179165e-06
1602,7.220738326846462e-06
1603,7.322609268088085e-06
1604,7.429419083101717e-06
1605,7.536416860406267e-06
1606,7.643602930774253e-06
1607,7.751545507167987e-06
1608,7.864420436643384e-06
1609,7.977494001703271e-06
1610,8.090766551902929e-06
1611,8.204449331031151e-06
1612,8.323680603995056e-06
1613,8.443121698337245e-06
1614,8.562772983297405e-06
1615,8.682634828765113e-06
1616,8.80849352170455e-06
1617,8.93460557742303e-06
1618,9.060939563212635e-06
1619,9.187495869621721e-06
1620,9.320216262595706e-06
1621,9.453314791971248e-06
1622,9.586647546104365e-06
1623,9.7202149371794e-06
1624,9.860271657510133e-06
1625,1.0000684653627731e-05
1626,1.0141344746386176e-05
1627,1.028234276678393e-05
1628,1.0430151004791475e-05
1629,1.0578219353470564e-05
1630,1.0726548270559094e-05
1631,1.087561314756535e-05
1632,1.1031416869905188e-05
1633,1.1187494773243414e-05
1634,1.134384734007865e-05
1635,1.150153946354604e-05
1636,1.1665705977672471e-05
1637,1.1830161389505801e-05
1638,1.1994906207442676e-05
1639,1.216182141182963e-05
1640,1.2334732199671612e-05
1641,1.2507947273254472e-05
1642,1.2681467168054471e-05
1643,1.2858238462048584e-05
1644,1.3040289639416228e-05
1645,1.322266118763679e-05
1646,1.3405353670492787e-05
1647,1.359265302917444e-05
1648,1.3784255817994904e-05
1649,1.3976195786441856e-05
1650,1.4168473527877481e-05
1651,1.4367013749204052e-05
1652,1.4568594962914646e-05
1653,1.4770530916124275e-05
1654,1.497282223309682e-05
1655,1.5183358860541374e-05
1656,1.5395361402973778e-05
1657,1.5607737024192695e-05
1658,1.5821337387517856e-05
1659,1.6043935369329844e-05
1660,1.62669250756139e-05
1661,1.649030719571914e-05
1662,1.6716857966464452e-05
1663,1.6950897233730643e-05
1664,1.7185348359659223e-05
1665,1.7420212069031033e-05
1666,1.766060625284469e-05
1667,1.7906576704254397e-05
1668,1.8152980010632092e-05
1669,1.8399816933707708e-05
1670,1.865499995223671e-05
1671,1.891340840550824e-05
1672,1.91722716019428e-05
1673,1.9431668300983713e-05
1674,1.970256222974073e-05
1675,1.997393287340017e-05
1676,2.024578107087565e-05
1677,2.0521550904858274e-05
1678,2.0805925321256197e-05
1679,2.109080017530036e-05
1680,2.13761763476511e-05
1681,2.166941998770242e-05
1682,2.1967834228581924e-05
1683,2.2266773614162686e-05
1684,2.256623906858426e-05
1685,2.2878118350179222e-05
1686,2.319115049937545e-05
1687,2.350473351763024e-05
1688,2.3822937971609084e-05
1689,2.4150608717379617e-05
1690,2.447885609297414e-05
1691,2.480768111313453e-05
1692,2.5146502473430414e-05
1693,2.5489977682138745e-05
1694,2.5834057333106745e-05
1695,2.6180240321351842e-05
1696,2.653952389795668e-05
1697,2.689943973613028e-05
1698,2.725998894851422e-05
1699,2.7628976985167795e-05
1700,2.800532803914973e-05
1701,2.8382341389767235e-05
1702,2.876001820251673e-05
1703,2.9153280930490544e-05
1704,2.954737639474004e-05
1705,2.994216538194663e-05
1706,3.0344918070476164e-05
1707,3.07567319119682e-05
1708,3.1169270456928276e-05
1709,3.1582534980674984e-05
1710,3.201306019801322e-05
1711,3.2444994432400164e-05
1712,3.2877688777790835e-05
1713,3.331604926664367e-05
1714,3.376812857807685e-05
1715,3.422100345149058e-05
1716,3.467467528689893e-05
1717,3.514046875368879e-05
1718,3.5614297994017586e-05
1719,3.608896107149202e-05
1720,3.6564459453481944e-05
1721,3.705985316422429e-05
1722,3.7556709215118644e-05
1723,3.805443962535849e-05
1724,3.855872270608573e-05
1725,3.9078611907816796e-05
1726,3.959941600225277e-05
1727,4.012113659940317e-05
1728,4.065673133302404e-05
1729,4.1201475428957976e-05
1730,4.1747178156826055e-05
1731,4.229384120360925e-05
1732,4.286278775905874e-05
1733,4.3433365690062964e-05
1734,4.4004947714953444e-05
1735,4.458560864446339e-05
1736,4.518198061499484e-05
1737,4.577940207133574e-05
1738,4.637787486035009e-05
1739,4.699539353409761e-05
1740,4.761960122651872e-05
1741,4.824490738958646e-05
1742,4.8876067149497725e-05
1743,4.952803478362003e-05
1744,5.018114973987257e-05
1745,5.08354140372893e-05
1746,5.150728797454671e-05
1747,5.218921464995543e-05
1748,5.287234136891125e-05
1749,5.356004469846711e-05
1750,5.427181409226317e-05
1751,5.4984836046323264e-05
1752,5.569911276487771e-05
1753,5.6431762378813165e-05
1754,5.717574107963768e-05
1755,5.792102902212076e-05
1756,5.867197932705003e-05
1757,5.944800556792171e-05
1758,6.022539744717548e-05
1759,6.100415736803337e-05
1760,6.180468793355026e-05
1761,6.261530638832329e-05
1762,6.342735135626961e-05
1763,6.424895921738147e-05
1764,6.50939574133735e-05
1765,6.594044262342791e-05
1766,6.67884174643609e-05
1767,6.766466867445628e-05
1768,6.854678051279978e-05
1769,6.943044467716106e-05
1770,7.033087833456117e-05
1771,7.124983499750455e-05
1772,7.217040882536478e-05
1773,7.309614805623351e-05
1774,7.405320017776471e-05
1775,7.501193650395493e-05
1776,7.597235999863191e-05
1777,7.696059784086211e-05
1778,7.795878263230086e-05
1779,7.895872401296555e-05
1780,7.997588108420091e-05
1781,8.101483408599447e-05
1782,8.20556154202168e-05
1783,8.3103038001905e-05
1784,8.418411339232566e-05
1785,8.52670912414358e-05
1786,8.635197489714194e-05
1787,8.747078248983351e-05
1788,8.859734857402807e-05
1789,8.972589717064988e-05
1790,9.087914655237478e-05
1791,9.205072842490899e-05
1792,9.322437202788386e-05
1793,9.441365787816005e-05
1794,9.56317196087208e-05
1795,9.685192486417846e-05
1796,9.807891984421178e-05
1797,9.934496271156726e-05
1798,0.00010061323354019923
1799,0.0001018837362508262
1800,0.00010319525412073566
1801,0.00010451313242107452
1802,0.00010583332990178203
1803,0.00010718755012086932
1804,0.00010855661648206948
1805,0.00010992809210350329
1806,0.00011132697105705524
1807,0.00011274884548128391
1808,0.00011417322209646219
1809,0.00011561880556531068
1810,0.00011709514819985838
1811,0.0001185740888775681
1812,0.00012007242146055948
1813,0.00012161959859633186
1814,0.0001231694984286005
1815,0.00012472212574870747
1816,0.00012629324604035953
1817,0.00012791685222063106
1818,0.00012954331559589927
1819,0.00013117264119419391
1820,0.00013282137798693863
1821,0.00013452451112544653
1822,0.00013623064140910225
1823,0.00013793977411221664
1824,0.0001396712435701113
1825,0.00014145710077721678
1826,0.00014324610070583715
1827,0.00014503824888646426
1828,0.00014685786615178855
1829,0.00014872974612201338
1830,0.00015060492019509936
1831,0.00015248339416793746
1832,0.00015439688522537665
1833,0.00015635819066579424
1834,0.00015832294757844038
1835,0.00016029116203713993
1836,0.00016230474253781666
1837,0.00016435929854848397
1838,0.00016641747013208642
1839,0.00016847926365122994
1840,0.00017059829255133125
1841,0.00017274972994067887
1842,0.00017490495339309652
1843,0.00017706396957121418
1844,0.00017929517224979087
1845,0.00018154723357187506
1846,0.00018380325803324014
1847,0.00018606325260812968
1848,0.00018841371638117873
1849,0.00019077025853557486
1850,0.00019313094769275873
1851,0.00019551231181561929
1852,0.00019797297845190398
1853,0.00020043797532740074
1854,0.00020290731006236757
1855,0.00020541973490882792
1856,0.00020799275211977718
1857,0.0002105702972824692
1858,0.00021315237836509247
1859,0.00021580401663319517
1860,0.00021849359298906944
1861,0.00022118790241537858
1862,0.00022388695324127367
1863,0.00022668637177095357
1864,0.0002294968408109501
1865,0.00023231225566615227
1866,0.0002351581533240729
1867,0.00023808881904079302
1868,0.0002410246420926848
1869,0.00024396563155550964
1870,0.0002469746051433325
1871,0.00025003636768552675
1872,0.00025310351826471686
1873,0.0002561760663626484
1874,0.0002593539736925581
1875,0.0002625516574016918
1876,0.00026575496833942713
1877,0.00026898820310129707
1878,0.0002723209084221049
1879,0.00027565947858011893
1880,0.0002790039238961476
1881,0.0002824225295366577
1882,0.00028590097418768854
1883,0.0002893855401453448
1884,0.0002928762381817615
1885,0.00029649124547567615
1886,0.0003001206768215413
1887,0.00030375649517765926
1888,0.0003074425084223086
1889,0.000311221673533033
1890,0.00031500748915277906
1891,0.00031879996698495785
1892,0.00032270131053130965
1893,0.00032664212651626945
1894,0.0003305898774804888
1895,0.0003345728216308448
1896,0.0003386737695784082
1897,0.0003427819343025451
1898,0.000346897328503172
1899,0.0003511162497188584
1900,0.00035539009992340757
1901,0.00035967147117473084
1902,0.00036398388077594763
1903,0.0003684288216734023
1904,0.0003728815846999021
1905,0.0003773421836206493
1906,0.00038191304538080274
1907,0.0003865427510663971
1908,0.00039118060402668347
1909,0.00039585876373125653
1910,0.0004006737756568363
1911,0.00040549726095562446
1912,0.0004103292345388646
1913,0.00041528513179808465
1914,0.0004203002266021657
1915,0.00042532414688157595
1916,0.0004303934727210769
1917,0.00043560630239396095
1918,0.00044082830551234284
1919,0.00044605949821943875
1920,0.00045143285740749693
1921,0.00045685923066156206
1922,0.0004622951531511201
1923,0.00046779784352326984
1924,0.0004734350280962609
1925,0.0004790821328865903
1926,0.00048473917535162133
1927,0.0004905744045514966
1928,0.0004964393010923478
1929,0.0005023145185737701
1930,0.0005082966834034127
1931,0.0005143861408873408
1932,0.0005204863144899966
1933,0.0005266218205857862
1934,0.0005329427707972965
1935,0.0005392748445041081
1936,0.0005456180612810811
1937,0.0005521299609549321
1938,0.0005587010445194772
1939,0.000565283691759251
1940,0.000571969149547928
1941,0.0005787865214259786
1942,0.0005856158903928008
1943,0.000592482459516685
1944,0.0005995535698372973
1945,0.0006066371237708109
1946,0.0006137331432151963
1947,0.0006210251890807348
1948,0.0006283705662125498
1949,0.0006357288696067549
1950,0.0006432251004416075
1951,0.0006508401170526809
1952,0.000658468534432591
1953,0.000666177764664493
1954,0.0006740704181839936
1955,0.0006819769610524911
1956,0.0006899083997137061
1957,0.0006980868718599777
1958,0.0007062797363334244
1959,0.0007144870184613169
1960,0.0007229156587596368
1961,0.0007314032287572537
1962,0.0007399057350264703
1963,0.00074858375631716
1964,0.0007573746067938832
1965,0.0007661809272493918
1966,0.0007751337257291263
1967,0.0007842703733878873
1968,0.0007934230995527173
1969,0.0008025919325181724
1970,0.0008120485373394044
1971,0.0008215586150920511
1972,0.0008310854285058061
1973,0.0008407387808303063
1974,0.0008506174199723433
1975,0.0008605134433627521
1976,0.0008704268815939006
1977,0.0008806304598466243
1978,0.000890907191646697
1979,0.0009012020082508407
1980,0.0009116297063078132
1981,0.0009222989184238532
1982,0.000932986906023251
1983,0.000943693702146638
1984,0.0009547219260932432
1985,0.0009658151558922813
1986,0.000976927907352687
1987,0.0009882106015930456
1988,0.0009997214280572646
1989,0.001011252511061363
1990,0.0010228038862522863
1991,0.0010348244743739602
1992,0.0010468704462594483
1993,0.001058937616423281
1994,0.0010710260221696497
1995,0.0010835273545176957
1996,0.0010961287733938557
1997,0.0011087523680130885
1998,0.00112139817739971
1999,0.0011344095265112821
2000,0.001147587310917511
2001,0.0011607882853435472
2002,0.001174012490598595
2003,0.0011875711553719314
2004,0.001201357431268739
2005,0.0012151679679966942
2006,0.0012290028082493844
2007,0.0012431293162327068
2008,0.00125760992063049
2009,0.0012721160077250617
2010,0.0012866476223602175
2011,0.001301204809458666
2012,0.00131631501740517
2013,0.0013315445135004605
2014,0.0013468008101772098
2015,0.0013620839545983926
2016,0.0013775811180288294
2017,0.0013935627269824494
2018,0.0014095724600708378
2019,0.0014256103667861203
2020,0.0014416764967075133
2021,0.0014582844762666511
2022,0.0014750772650717419
2023,0.001491899605509598
2024,0.001508751549584415
2025,0.001525828321846676
2026,0.0015434346690971128
2027,0.001561071999664232
2028,0.0015787403680716636
2029,0.0015964398289389865
2030,0.0016147690156606206
2031,0.0016332527965287652
2032,0.0016517691048035014
2033,0.0016703179977257017
2034,0.0016892096990699381
2035,0.001708572313231636
2036,0.0017279690013530737
2037,0.001747399823396717
2038,0.0017668913181178962
2039,0.0017871660907141987
2040,0.0018074765424682488
2041,0.0018278227361672845
2042,0.0018482047347090438
2043,0.001869175050197338
2044,0.0018904336128137108
2045,0.0019117295858413596
2046,0.0019330630351141226
2047,0.001954745652157782
2048,0.001976987656225949
2049,0.0019992688013456598
2050,0.0020215891563962938
2051,0.002044030057820913
2052,0.002067291837487955
2053,0.002090594552786834
2054,0.0021139382757549762
2055,0.0021373230785565835
2056,0.0021615052066309365
2057,0.0021858669160386185
2058,0.002210271496711699
2059,0.002234719024093879
2060,0.002259792865770153
2061,0.0022852520398664302
2062,0.0023107560165239083
2063,0.002336304874584917
2064,0.0023623261384825506
2065,0.002388922315597109
2066,0.002415565296147305
2067,0.0024422551624965687
2068,0.002469282741734332
2069,0.0024970565493418165
2070,0.0025248792327547016
2071,0.0025527508779832906
2072,0.0025808469603665917
2073,0.002609840136780529
2074,0.002638884334819752
2075,0.002667979644270727
2076,0.002697209824147642
2077,0.0027274652405164237
2078,0.0027577738997740407
2079,0.0027881358956158664
2080,0.0028185692874005334
2081,0.002850130970009221
2082,0.0028817481942467337
2083,0.0029134210578537
2084,0.002945149658742747
2085,0.0029780435640970947
2086,0.0030110146368961164
2087,0.003044043731538831
2088,0.003077130950130473
2089,0.0031114165761161913
2090,0.0031457879838424803
2091,0.003180219877692333
2092,0.003214714530179165
2093,0.0032504710616282862
2094,0.0032862905167127844
2095,0.0033221730061639095
2096,0.0033581848576394965
2097,0.0033954357687667838
2098,0.0034327522333070727
2099,0.0034701343666194272
2100,0.003507751892964044
2101,0.0035465473312115588
2102,0.0035854110408979904
2103,0.0036243431421654937
2104,0.003663659055427912
2105,0.0037040504638045342
2106,0.0037445129521741774
2107,0.0037850466456213917
2108,0.003826158019192087
2109,0.0038681981608165725
2110,0.003910312283839434
2111,0.003952500518451057
2112,0.003995508913899759
2113,0.0040392518968787984
2114,0.004083071857879746
2115,0.004126968932366326
2116,0.0041719805279441385
2117,0.004217481830589923
2118,0.0042630632055105306
2119,0.004308724793614869
2120,0.00435585051442224
2121,0.00440316701081311
2122,0.004450566773817348
2123,0.004498302025373379
2124,0.004547405599786961
2125,0.00459659558567547
2126,0.004645872135103355
2127,0.004695908383699455
2128,0.004746941795211793
2129,0.004798065014284223
2130,0.0048492781989574775
2131,0.004901740251377221
2132,0.004954764610682261
2133,0.005007882281173645
2134,0.005061130193198605
2135,0.005116111355151258
2136,0.005171189271829149
2137,0.0052263641134984275
2138,0.005282250194750617
2139,0.005339345329710539
2140,0.005396540939518716
2141,0.005453837200987848
2142,0.005512501257518118
2143,0.005571775939683501
2144,0.005631154932215966
2145,0.005690812612977574
2146,0.0057522259217604454
2147,0.005813747304418716
2148,0.005875376951137614
2149,0.005938052579208869
2150,0.006001777281680877
2151,0.006065614125567308
2152,0.00612956330821131
2153,0.006195412846029477
2154,0.006261519215448024
2155,0.006327741917485124
2156,0.006394827112501267
2157,0.006463266646041478
2158,0.006531826618050848
2159,0.006600507240473393
2160,0.006671036110835829
2161,0.006741998434911345
2162,0.00681308563700588
2163,0.0068850126891893335
2164,0.00695844379810597
2165,0.00703200412955424
2166,0.0071056939109360616
2167,0.007181354661733951
2168,0.007257456044660319
2169,0.007333691349205822
2170,0.007410928624173519
2171,0.007489640372715883
2172,0.007568490636540292
2173,0.007647479659401747
2174,0.007728761889564802
2175,0.007810297963040732
2176,0.0078919775219811
2177,0.007975031279300132
2178,0.008059325447042522
2179,0.008143767953881368
2180,0.008228665258255203
2181,0.008315791259299076
2182,0.008403070582835587
2183,0.008490503498676975
2184,0.008579919748361977
2185,0.008670111234783607
2186,0.008760461438268188
2187,0.008851941567156293
2188,0.008945122060645013
2189,0.009038466531183228
2190,0.00913209380075131
2191,0.009228341664289763
2192,0.009324758902765382
2193,0.009421345814238927
2194,0.009520015231706985
2195,0.009619585281522345
2196,0.009719330552580695
2197,0.009820394661373126
2198,0.009923199129698995
2199,0.010026184511123146
2200,0.010129738695819537
2201,0.010235860775052702
2202,0.01034216960563921
2203,0.010448665516218222
2204,0.010557837543832526
2205,0.010667554772098421
2206,0.01077746507837609
2207,0.01088940389496464
2208,0.011002616101065557
2209,0.01111602753555904
2210,0.01123103125944011
2211,0.011348297303784642
2212,0.011465769710372484
2213,0.011583448842353374
2214,0.011703821392909057
2215,0.011825466912998054
2216,0.011947326502228356
2217,0.01206949497069252
2218,0.012195715296890383
2219,0.01232215774286726
2220,0.012448822699502446
2221,0.012576080727806742
2222,0.012707239885521181
2223,0.01283862985425336
2224,0.012970251040177185
2225,0.013102878232097643
2226,0.013239130134608224
2227,0.013375621810227813
2228,0.01351235368090138
2229,0.013650641960377005
2230,0.013792144163088185
2231,0.013933895378261346
2232,0.014075896044100563
2233,0.014220149974172478
2234,0.014367063736531412
2235,0.014514236034485272
2236,0.014661667322996633
2237,0.014812204427816708
2238,0.014964694775978792
2239,0.015117453473277325
2240,0.01527048099194431
2241,0.015427632081825678
2242,0.01558586787207693
2243,0.01574438212215472
2244,0.015903419205699237
2245,0.01606728482158307
2246,0.016231438804526373
2247,0.016395881661987997
2248,0.016562090369706826
2249,0.01673204018134211
2250,0.016902289066856396
2251,0.017072837552550003
2252,0.017246587448773824
2253,0.017422801873561787
2254,0.017599326396541732
2255,0.01777616156341421
2256,0.017957836783893073
2257,0.01814050032359208
2258,0.01832348531047716
2259,0.018507823136827625
2260,0.01869679190179217
2261,0.01888609320972552
2262,0.019075727645825654
2263,0.019268646652741552
2264,0.019464434059563034
2265,0.019660566008630517
2266,0.019857043106257872
2267,0.020058969931054972
2268,0.020261772794685495
2269,0.02046493254618854
2270,0.020670176447156505
2271,0.020879826994680682
2272,0.021089846480463748
2273,0.021300235553750914
2274,0.021515353129315594
2275,0.02173259754377787
2276,0.02195022425999622
2277,0.02216849973657919
2278,0.022393160424105742
2279,0.022618216464363194
2280,0.022843668553079805
2281,0.023072059599775215
2282,0.02330474032242219
2283,0.023537830511255832
2284,0.023771330886840636
2285,0.024010339252018106
2286,0.02425126697587612
2287,0.024492618678784897
2288,0.024735572232185206
2289,0.024984540708407568
2290,0.025233947313596353
2291,0.025483792818755808
2292,0.025738230382892833
2293,0.025995899304763478
2294,0.026254021666422846
2295,0.026512930889913074
2296,0.0267790734332926
2297,0.027045684328127314
2298,0.027312764398605843
2299,0.027584085054577788
2300,0.02785940010824028
2301,0.028135199654905806
2302,0.028411566407591373
2303,0.02869580524706946
2304,0.028980544283402982
2305,0.029265784396821096
2306,0.02955555323307893
2307,0.029849455834055887
2308,0.030143875637925532
2309,0.030439315117530046
2310,0.03074260947341949
2311,0.0310464375595725
2312,0.03135080031522873
2313,0.031660698302452384
2314,0.03197416743984973
2315,0.03228818821282558
2316,0.0326044336768579
2317,0.03292778086689814
2318,0.03325169707566005
2319,0.03357618330448244
2320,0.033908012062572386
2321,0.0342420654216081
2322,0.03457670663979976
2323,0.03491561420876714
2324,0.035260050785469475
2325,0.035605093493445567
2326,0.03595135977647084
2327,0.03630643004878402
2328,0.036662125165272064
2329,0.03701844622551322
2330,0.037381999772455474
2331,0.03774860269302363
2332,0.03811585075261392
2333,0.038487576532257345
2334,0.03886534718863919
2335,0.03924378263673223
2336,0.03962399725729252
2337,0.04001320017752355
2338,0.04040308800766329
2339,0.04079366195299127
2340,0.04119302394086407
2341,0.04159463381205758
2342,0.04199695042657781
2343,0.042407246193507935
2344,0.04282351476057577
2345,0.04324051586696099
2346,0.04365825080175931
2347,0.044083001089319236
2348,0.044515094566730064
2349,0.04494794843171317
2350,0.04538156402237041
2351,0.045821557166188444
2352,0.046269945181116816
2353,0.0467191222583074
2354,0.04716908978632314
2355,0.04762514884528263
2356,0.048090312538219555
2357,0.048556294814805244
2358,0.04902309711555256
2359,0.04949607992096823
2360,0.04997851147424763
2361,0.05046179199868908
2362,0.05094592298828011
2363,0.05143672373078381
2364,0.05193692605009129
2365,0.05243800861307166
2366,0.05293997296874451
2367,0.053450527445785045
2368,0.05397122477751375
2369,0.054492838419483755
2370,0.0550153699841832
2371,0.05553882108693768
2372,0.05607993445715234
2373,0.05662271885156783
2374,0.05716645842442715
2375,0.0577111548566167
2376,0.05826580585033634
2377,0.058830414855335134
2378,0.05939601744513061
2379,0.05996261536819529
2380,0.06053167917860142
2381,0.06111878104589411
2382,0.06170691608030452
2383,0.062296086099960846
2384,0.06288629292619008
2385,0.06349076350413796
2386,0.06410211504148107
2387,0.06471454241983034
2388,0.06532804753240908
2389,0.06594940158350039
2390,0.06658466852683212
2391,0.06722105339683748
2392,0.0678585581608001
2393,0.06849782972685593
2394,0.0691577260404404
2395,0.06981878362277727
2396,0.07048100451742183
2397,0.07114439077152558
2398,0.07182453422183241
2399,0.07251099504413362
2400,0.07319866388265137
2401,0.07388754286320517
2402,0.07458843868587721
2403,0.07530104880440305
2404,0.07601491295593953
2405,0.07673003334728445
2406,0.07745288587317514
2407,0.0781924070969382
2408,0.0789332297111124
2409,0.079675356005833
2410,0.0804214249110458
2411,0.08118863502842683
2412,0.08195719526234516
2413,0.08272710798868275
2414,0.0834983755875014
2415,0.0842934024931467
2416,0.08509049574094439
2417,0.08588899169274161
2418,0.08668889281696027
2419,0.08751048605813112
2420,0.08833692418307452
2421,0.0891648166522873
2422,0.08999416602506544
2423,0.09084377085939738
2424,0.09170038242858598
2425,0.09255850144039833
2426,0.09341813054757067
2427,0.09429725250939759
2428,0.09518488303109915
2429,0.09607407558167522
2430,0.0969648329099205
2431,0.0978750390158519
2432,0.09879455117950854
2433,0.09971568147642215
2434,0.10063843275411677
2435,0.10158135271215216
2436,0.10253362663109705
2437,0.1034875763364732
2438,0.10444320477726073
2439,0.10542053219951156
2440,0.10640646565642568
2441,0.10739413413283215
2442,0.10838354068194739
2443,0.10939822999707569
2444,0.11042021642480378
2445,0.11144400131697792
2446,0.11246958783846076
2447,0.11351787574867499
2448,0.11457693553269038
2449,0.1156378590217435
2450,0.1167006494955044
2451,0.11778430328928378
2452,0.11888147777883067
2453,0.11998058304653672
2454,0.12108162249010425
2455,0.1222024832969185
2456,0.12333883509397459
2457,0.12447718661224079
2458,0.12561754137074194
2459,0.1267795681818713
2460,0.12795991823072633
2461,0.1291423454275997
2462,0.13032685342776917
2463,0.1315171873777981
2464,0.1327428436947542
2465,0.1339706568883389
2466,0.13520063075413158
2467,0.13643276909439103
2468,0.13769326297177417
2469,0.1389678006659589
2470,0.1402445812567158
2471,0.1415236086909973
2472,0.14281700069263903
2473,0.1441396299948097
2474,0.14546458682370358
2475,0.14679187527520163
2476,0.14812149945239234
2477,0.14949217505836393
2478,0.15086670671614472
2479,0.1522436572367984
2480,0.1536230308769345
2481,0.15503164639883668
2482,0.15645718098275482
2483,0.1578852241829281
2484,0.15931578041391012
2485,0.1607644383506943
2486,0.16224243389869827
2487,0.16372303038214206
2488,0.16520623237803772
2489,0.16669713249843973
2490,0.16822907742874052
2491,0.16976371823292863
2492,0.17130105965508552
2493,0.1728411064476386
2494,0.17442391471522234
2495,0.17601412175717687
2496,0.17760712720082922
2497,0.17920293597068196
2498,0.18083394359133104
2499,0.1824812701190134
2500,0.18413149556547007
2501,0.18578462503209034
2502,0.1874663601201376
2503,0.1891723911695329
2504,0.19088142444406775
2505,0.19259346522692306
2506,0.194328562159971
2507,0.19609491501795331
2508,0.19786437625347988
2509,0.19963695133653314
2510,0.20142815295664246
2511,0.2032564776297322
2512,0.20508801973638988
2513,0.20692278493850877
2514,0.20877294476313937
2515,0.21066492445226812
2516,0.21256023359302065
2517,0.2144588780444145
2518,0.21637124270362515
2519,0.21833003767635617
2520,0.2202922796800978
2521,0.22225797478077894
2522,0.22423080596599973
2523,0.2262582473824578
2524,0.22828925663171978
2525,0.23032383999229328
2526,0.2323620037537346
2527,0.23445816111549111
2528,0.2365598099325462
2529,0.23866515717012599
2530,0.24077420933653818
2531,0.24294222762427017
2532,0.24512045723561465
2533,0.2473025200318752
2534,0.2494884227585116
2535,0.2517145695436869
2536,0.2539715011070947
2537,0.25623240435254
2538,0.2584972862692029
2539,0.2607847889010357
2540,0.2631225848941996
2541,0.26546449487196716
2542,0.2678105260739342
2543,0.27016275748011664
2544,0.2725836222113629
2545,0.27500874710883144
2546,0.27743813966936104
2547,0.27987180740298306
2548,0.2823648013139244
2549,0.28487539173878623
2550,0.28739040022610235
2551,0.2899098345505666
2552,0.2924765894768519
2553,0.29507493897754467
2554,0.2976778609761766
2555,0.30028536351921015
2556,0.30292973737817913
2557,0.30561818296870424
2558,0.30831135960523703
2559,0.3110092756132428
2560,0.3137352834871916
2561,0.31651620617639536
2562,0.31930202264967766
2563,0.32209274151888234
2564,0.3249045584574508
2565,0.3277803837828034
2566,0.33066126989866673
2567,0.33354722571077305
2568,0.3364491895247063
2569,0.339422388090636
2570,0.3424008188011771
2571,0.34538449086360085
2572,0.348381104909829
2573,0.3514541929306673
2574,0.3545326888781449
2575,0.3576166022688645
2576,0.3607125382268539
2577,0.3638880780744264
2578,0.367069206139821
2579,0.3702559322569054
2580,0.37345603289626095
2581,0.37673663365220283
2582,0.38002300750850126
2583,0.3833151646243716
2584,0.3866244465636764
2585,0.39001276457650136
2586,0.393407045246747
2587,0.3968072990671994
2588,0.40023095552408955
2589,0.4037296949710818
2590,0.40723459139125506
2591,0.41074565561933896
2592,0.4142890591518392
2593,0.4179009726058153
2594,0.42151924219258813
2595,0.42514387909735923
2596,0.42881258433649583
2597,0.43254047333747697
2598,0.43627492256090084
2599,0.4400159435511111
2600,0.4438156899248548
2601,0.447662405556738
2602,0.45151589051792207
2603,0.45537615672072657
2604,0.4593128711693117
2605,0.46328131464155525
2606,0.46725674165537845
2607,0.47123916450005876
2608,0.47531896418274266
2609,0.47941208741714975
2610,0.4835124136000753
2611,0.48763575877020077
2612,0.49184915040025207
2613,0.4960699566228881
2614,0.5002981904859249
2615,0.5045750609662112
2616,0.5089189610479328
2617,0.5132705053862475
2618,0.5176297074331179
2619,0.5220667709134481
2620,0.5265442816189799
2621,0.5310296717041753
2622,0.5355229550347536
2623,0.5401270798377887
2624,0.5447413563574183
2625,0.549363752932141
2626,0.5540266421218599
2627,0.5587725415955676
2628,0.5635267927496842
2629,0.5682894102810608
2630,0.5731363974329743
2631,0.5780333356722707
2632,0.5829388913844036
2633,0.5878530797339427
2634,0.5928663121607369
2635,0.5979179280209913
2636,0.602978433549997
2637,0.6080478443913165
2638,0.6132348622174151
2639,0.6184448565186832
2640,0.6236640191971479
2641,0.6288982480712804
2642,0.6342609471945069
2643,0.6396330834192739
2644,0.6450146733524836
2645,0.6504355192068193
2646,0.6559638955500758
2647,0.6615020005473724
2648,0.6670498513186635
2649,0.6726655321479047
2650,0.6783634698019767
2651,0.6840714344976265
2652,0.6897894438798942
2653,0.6956084239911361
2654,0.7014798717260324
2655,0.7073616518389007
2656,0.7132537825120925
2657,0.719284775573068
2658,0.7253337475593188
2659,0.7313933643238798
2660,0.7374959852355456
2661,0.7437156166731682
2662,0.7499461932091747
2663,0.7561877341041415
2664,0.7625195261901446
2665,0.7689285322188861
2666,0.7753488166000646
2667,0.7817803991806929
2668,0.7883391792672905
2669,0.7949419448408757
2670,0.8015563297373792
2671,0.8081889616244476
2672,0.8149841445959027
2673,0.8217912854990919
2674,0.8286104053769096
2675,0.835470237359316
2676,0.842474214640439
2677,0.8494905172813134
2678,0.8565191669714146
2679,0.8636161975094253
2680,0.870833825599839
2681,0.8780641550242545
2682,0.8853072081337555
2683,0.892652628597777
2684,0.9000905256349552
2685,0.907541511626677
2686,0.9150056096061354
2687,0.9226047626538667
2688,0.9302679801536432
2689,0.9379446831179096
2690,0.9456348952776086
2691,0.9534987434283515
2692,0.9613924141434987
2693,0.9692999758654393
2694,0.9772462162399975
2695,0.9853612744362591
2696,0.993490613228303
2697,1.001634257746288
2698,1.009864024205346
2699,1.0182196250314526
2700,1.0265899297504881
2701,1.034974964237504
2702,1.0435001207578258
2703,1.0521016364862719
2704,1.060718288858639
2705,1.0693501045115053
2706,1.0781828405501037
2707,1.0870357280763117
2708,1.0959041946001993
2709,1.1048473026261159
2710,1.113941101427011
2711,1.123050903171565
2712,1.1321767360208073
2713,1.141448529841366
2714,1.1508044105158581
2715,1.1601767553347977
2716,1.1695724385279482
2717,1.1791792016075
2718,1.1888028703241709
2719,1.1984434744274874
2720,1.2081900689697298
2721,1.218069933792921
2722,1.2279671848462057
2723,1.2378818527248232
2724,1.247993109349544
2725,1.2581519489353548
2726,1.268328665679249
2727,1.278587874232173
2728,1.2890133051486716
2729,1.2994570823596845
2730,1.3099192381499025
2731,1.3205671087928341
2732,1.3312830198155325
2733,1.3420177883072237
2734,1.3528337134323354
2735,1.3638427628335703
2736,1.3748711855565683
2737,1.3859190156933208
2738,1.397113827472401
2739,1.4084416568729115
2740,1.4197894205705666
2741,1.4311571536445076
2742,1.4427462764501677
2743,1.4543998077474338
2744,1.4660738464979928
2745,1.4778063431976252
2746,1.4897998632464005
2747,1.501814489046503
2748,1.5138502577385082
2749,1.5259266647980547
2750,1.5382888003226176
2751,1.5506726902721208
2752,1.563078372928631
2753,1.5755149656544791
2754,1.5882539952386843
2755,1.6010154424896406
2756,1.613799346856533
2757,1.6266128987165733
2758,1.6397372254086382
2759,1.6528846477964814
2760,1.6660552065224374
2761,1.6792629934297187
2762,1.6927811459311142
2763,1.7063230871656432
2764,1.7198888589951953
2765,1.7335086635387125
2766,1.7474292974039953
2767,1.7613744282713282
2768,1.7753440992489526
2769,1.7893942148719573
2770,1.8037261137196043
2771,1.8180832332951131
2772,1.8324656179802894
2773,1.8469661431485227
2774,1.861722715793838
2775,1.8765052564889753
2776,1.8913138109308305
2777,1.9062703653255388
2778,1.921460920445099
2779,1.9366782073173239
2780,1.9519222729830035
2781,1.9673775119185255
2782,1.9830597164929866
2783,1.9987695180028795
2784,2.0145069650114773
2785,2.0303007780087414
2786,2.046489469322897
2787,2.062706648865123
2788,2.078952366767118
2789,2.095226673248794
2790,2.111799912031395
2791,2.128540033763286
2792,2.145309614104986
2793,2.162108704895795
2794,2.179041483257681
2795,2.1963208769773694
2796,2.21363067829323
2797,2.230970940714497
2798,2.248341717844585
2799,2.2661010474573677
2800,2.283968268434399
2801,2.3018669314384788
2802,2.3197970917991593
2803,2.337932935512065
2804,2.356375697488003
2805,2.374850914301579
2806,2.39335864306463
2807,2.411898940989468
2808,2.4309067013695422
2809,2.449977642889198
2810,2.4690821446871074
2811,2.4882202658203525
2812,2.507614913401178
2813,2.527301261225023
2814,2.547022252290527
2815,2.5667779475604733
2816,2.5865684081049474
2817,2.6068712530314064
2818,2.6272230204442257
2819,2.647610602072159
2820,2.6680340609385813
2821,2.6887526315413384
2822,2.7097496721167733
2823,2.730783662428612
2824,2.751854667498408
2825,2.7730126019972516
2826,2.7946768256099093
2827,2.8163791730360592
2828,2.838119711363316
2829,2.859898507797341
2830,2.8820590093818588
2831,2.9044449444226648
2832,2.9268702733094116
2833,2.949335065364606
2834,2.9719663951278057
2835,2.995051367613963
2836,3.0181769640785547
2837,3.041343256008768
2838,3.06455031501759
2839,3.088270412330571
2840,3.1121119748417283
2841,3.1359954927408706
2842,3.1599210398580833
2843,3.1841756394414564
2844,3.2087490896700928
2845,3.23336578322704
2846,3.2580257962087793
2847,3.28284221326315
2848,3.308163697851667
2849,3.333529742122631
2850,3.3589404244889405
2851,3.384395823501475
2852,3.410432806059567
2853,3.436564603258231
2854,3.4627423860863487
2855,3.4889662354660933
2856,3.515635050378845
2857,3.5425492316842315
2858,3.5695107754196718
2859,3.596519764930091
2860,3.6238507081978724
2861,3.6515641355803354
2862,3.679326331866036
2863,3.707137382874883
2864,3.7351617099711834
2865,3.763691478036797
2866,3.792271451560787
2867,3.8209017188909917
2868,3.849651650860702
2869,3.8790150887141075
2870,3.908430199075642
2871,3.937897072874722
2872,3.9674158012007705
2873,3.997620475386927
2874,4.027888318981336
2875,4.058209426609594
2876,4.088583892001714
2877,4.119594835379075
2878,4.150733247301776
2879,4.181926455239587
2880,4.213174555618386
2881,4.245039871512889
2882,4.2770825161628
2883,4.3091815480497715
2884,4.341337066399796
2885,4.374031176108625
2886,4.40699690048046
2887,4.44002063647699
2888,4.473102486182619
2889,4.506662363905312
2890,4.540570267200344
2891,4.574537840117136
2892,4.608565187657686
2893,4.643028848833743
2894,4.677898284470412
2895,4.712829081782703
2896,4.747821348750129
2897,4.783227855383669
2898,4.819078433030192
2899,4.854992098913909
2900,4.890968964052574
2901,4.9273584298852
2902,4.96421001751271
2903,5.001126454901211
2904,5.03810785616826
2905,5.075521451705799
2906,5.113394177662251
2907,5.151333550323952
2908,5.189339686970509
2909,5.227819644369028
2910,5.266733899474223
2911,5.3057166341111985
2912,5.344767968784792
2913,5.384357586601334
2914,5.424334026263005
2915,5.464380814630869
2916,5.504498075498949
2917,5.545241723312592
2918,5.586301269664217
2919,5.62743307071367
2920,5.668637253608962
2921,5.710580376517333
2922,5.752744220577575
2923,5.794982262617649
2924,5.8372946332051905
2925,5.880483756201636
2926,5.923773360055383
2927,5.96713914293837
2928,6.010704933100747
2929,6.0550639711413075
2930,6.099501070143432
2931,6.14401636747242
2932,6.188908550054942
2933,6.2344350396787025
2934,6.280041644679539
2935,6.3257285060378825
2936,6.371996709813312
2937,6.418712900461952
2938,6.465511300055996
2939,6.512392053259941
2940,6.5600870025155436
2941,6.608015423153932
2942,6.656028185950769
2943,6.70422185983869
2944,6.7532989577084175
2945,6.802462419114984
2946,6.851712396033733
2947,6.901421031548065
2948,6.951754054986005
2949,7.002175652065966
2950,7.052685978652401
2951,7.103963445311463
2952,7.155575734614116
2953,7.207278848736399
2954,7.259151994589115
2955,7.311974224365383
2956,7.3648894081460305
2957,7.417897709503602
2958,7.471433758647208
2959,7.52558047146419
2960,7.579822469032727
2961,7.63415991902678
2962,7.689415913731063
2963,7.744911279467432
2964,7.800504303234733
2965,7.856460673413171
2966,7.913229258388848
2967,7.9700977419332695
2968,8.027066299839305
2969,8.084842590475224
2970,8.143006600021737
2971,8.20127296372133
2972,8.259818530310504
2973,8.319298313107465
2974,8.378882765478506
2975,8.438572071611993
2976,8.499041390245564
2977,8.559964396322261
2978,8.620994611669596
2979,8.682305416602771
2980,8.744587624401424
2981,8.806979433313646
2982,8.869481036205775
2983,8.93282329740567
2984,8.99659756837594
2985,9.060484066100697
2986,9.124743345100981
2987,9.189921131613717
2988,9.25521361470372
2989,9.320620996203795
2990,9.387023323191695
2991,9.453743068358278
2992,9.520580223544906
2993,9.588043033904118
2994,9.656371159681127
2995,9.724819525810599
2996,9.793388343880636
2997,9.862750508022597
2998,9.932836010322648
2999,10.003044845497387
3000,10.073377230576805
3001,10.144709507335804
3002,10.216584551643697
3003,10.288586077950551
3004,10.36071430882783
3005,10.434088960233197
3006,10.507786088238529
3007,10.581612904631134
3008,10.655641017368898
3009,10.731060430710604
3010,10.80661256321212
3011,10.882297648420312
3012,10.958493725219304
3013,11.035798128818877
3014,11.113238568664075
3015,11.190815284138854
3016,11.26925589857759
3017,11.348478921127722
3018,11.42784135618608
3019,11.507343449077773
3020,11.588106683665343
3021,11.669282341205953
3022,11.750600847375807
3023,11.83221129044248
3024,11.915227901173775
3025,11.998390600128293
3026,12.081699644378276
3027,12.16576915640283
3028,12.250804056770463
3029,12.335988597015445
3030,12.421323040459797
3031,12.50793402703378
3032,12.595022351645628
3033,12.682263929615596
3034,12.769874781894158
3035,12.858895410649668
3036,12.948072693108637
3037,13.03740690493522
3038,13.127703739475661
3039,13.218845529167297
3040,13.310147705239977
3041,13.40161054992609
3042,13.494680100862526
3043,13.587979328786565
3044,13.681442739606554
3045,13.77567553683697
3046,13.871001139399835
3047,13.966494490740756
3048,14.062155886047638
3049,14.159313968155752
3050,14.256866871025128
3051,14.354591442124216
3052,14.453057498183748
3053,14.552810344834606
3054,14.652738731032297
3055,14.75284296567396
3056,14.854149769343678
3057,14.956320108893289
3058,15.058670242128787
3059,15.16120048543321
3060,15.265432807918021
3061,15.370067762887308
3062,15.474886848603392
3063,15.580175012350587
3064,15.687134458391442
3065,15.79428212566365
3066,15.901618345380006
3067,16.009970200449867
3068,16.119486966128687
3069,16.229196453232174
3070,16.339099000891956
3071,16.450602948931863
3072,16.562727102532936
3073,16.675048565857498
3074,16.78773253587808
3075,16.902313599634972
3076,17.0170962966192
3077,17.13208098164429
3078,17.248060117799948
3079,17.36534724789236
3080,17.482840773155967
3081,17.600541056783875
3082,17.71990732385638
3083,17.839953885166565
3084,17.960211697498394
3085,18.08089359830981
3086,18.203639181848782
3087,18.326600765963445
3088,18.449778730749145
3089,18.573741690203523
3090,18.6994465391119
3091,18.82537259609913
3092,18.951520250423954
3093,19.078877889181918
3094,19.20759189080229
3095,19.33653239579113
3096,19.46569980272522
3097,19.596567805308805
3098,19.728341375100342
3099,19.860346832265922
3100,19.99258458485632
3101,20.127080696337945
3102,20.261964781914696
3103,20.397086228523325
3104,20.53288588988955
3105,20.67068947654715
3106,20.808735561767328
3107,20.947024572273072
3108,21.086658761058068
3109,21.227670725735322
3110,21.368930834840782
3111,21.51043952503218
3112,21.65403187921936
3113,21.798304698388897
3114,21.94283140019454
3115,22.087961194995405
3116,22.235288635042703
3117,22.382875333026707
3118,22.53072174516129
3119,22.680027128547266
3120,22.830716108480537
3121,22.981670261733846
3122,23.13289005493014
3123,23.286958191795797
3124,23.44156943166562
3125,23.59645274695706
3126,23.75160861643841
3127,23.908630781730015
3128,24.06723136601997
3129,24.226111045881108
3130,24.385270312434955
3131,24.545392122508794
3132,24.708069566697517
3133,24.871033280608295
3134,25.034283767986565
3135,25.19782153346418
3136,25.36439606573214
3137,25.531512172376534
3138,25.698922359553393
3139,25.866627144752385
3140,26.036566312081764
3141,26.20790381187164
3142,26.37954282067816
3143,26.55148386906273
3144,26.724940697402165
3145,26.90056923758673
3146,27.07650683782955
3147,27.25275404197925
3148,27.429884547526637
3149,27.609874427376532
3150,27.790181042031065
3151,27.97080494884367
3152,28.1517681146163
3153,28.336190290680115
3154,28.520937001155975
3155,28.706008817122004
3156,28.89140631066122
3157,29.07989266141382
3158,29.269151212891657
3159,29.45874280944073
3160,29.64866803711489
3161,29.841362291543007
3162,30.0352050983824
3163,30.2293890173002
3164,30.42391464854545
3165,30.620984845337706
3166,30.819484996555417
3167,31.018334455472242
3168,31.217533836758562
3169,31.41915089431901
3170,31.622382159137516
3171,31.825971057086065
3172,32.02991821748501
3173,32.23625591289926
3174,32.444292746366344
3175,32.65269566941146
3176,32.86146532623527
3177,33.0727002747254
3178,33.285617823402596
3179,33.49891005033968
3180,33.712577614850275
3181,33.92888924972321
3182,34.14676335744481
3183,34.365020865568596
3184,34.58366244875623
3185,34.80523300184969
3186,35.02814021554985
3187,35.25143968649238
3188,35.47513210492374
3189,35.70214658755341
3190,35.9301641631644
3191,36.158582988803296
3192,36.38740377054075
3193,36.62004995495035
3194,36.8532558633686
3195,37.08687215180355
3196,37.321313921916335
3197,37.55936794370875
3198,37.79784087683033
3199,38.03673345842956
3200,38.277201129142945
3201,38.52079940772885
3202,38.76482635395497
3203,39.00928272213717
3204,39.255333758301504
3205,39.50456306359642
3206,39.75423094552913
3207,40.00433817585182
3208,40.256170276059315
3209,40.51111818472874
3210,40.76651473313972
3211,41.022360710751926
3212,41.28017483827234
3213,41.540929740064726
3214,41.80214350023932
3215,42.06381692623677
3216,42.32781728939708
3217,42.59446839358225
3218,42.86158873176917
3219,43.12917912965571
3220,43.399573162598266
3221,43.672210504495744
3222,43.945327614446526
3223,44.21892533668465
3224,44.495923680503054
3225,44.7746381280943
3226,45.05384303768787
3227,45.33353927233506
3228,45.61735575659584
3229,45.902239017221966
3230,46.18762359517367
3231,46.473728805675535
3232,46.76436199726617
3233,47.055506624411315
3234,47.347163587068344
3235,47.640463902824074
3236,47.93744070451968
3237,48.2349401046773
3238,48.53296302289702
3239,48.8336813666861
3240,49.13709587935558
3241,49.44104431898054
3242,49.74552762509467
3243,50.0538900358382
3244,50.363837225824376
3245,50.6743298383678
3246,50.985584851552034
3247,51.30160444953972
3248,51.61818015576573
3249,51.93531294879456
3250,52.25461183380622
3251,52.5773448530791
3252,52.90064579423994
3253,53.224515656640975
3254,53.552093328968326
3255,53.88163720381549
3256,54.21176098565123
3257,54.5427445464339
3258,54.87952125765982
3259,55.21689060357551
3260,55.55485362701855
3261,55.89341137266142
3262,56.23653349283129
3263,56.5818488903272
3264,56.92777194806986
3265,57.27430373533608
3266,57.62375039023342
3267,57.977133491399236
3268,58.33113844959723
3269,58.685766359085356
3270,59.04180010607548
3271,59.40337364688463
3272,59.76558345748472
3273,60.12843065749461
3274,60.491916368503034
3275,60.861206397714994
3276,61.23174511130188
3277,61.60293587070467
3278,61.97477982330171
3279,62.351276576265384
3280,62.730269355325184
3281,63.10992905684926
3282,63.4902568543934
3283,63.874236799494696
3284,64.26180993208811
3285,64.65006508601748
3286,65.03900346140657
3287,65.43074746470418
3288,65.82702837857249
3289,66.22400663687671
3290,66.62168346670367
3291,67.02147674803943
3292,67.4265940251525
3293,67.83242419606067
3294,68.23896851521161
3295,68.6471006058312
3296,69.06118399740457
3297,69.47599606044889
3298,69.89153807717423
3299,70.3083027789251
3300,70.73148322092514
3301,71.15540834247263
3302,71.58007945394573
3303,72.00577480012201
3304,72.43818442928263
3305,72.87135497858104
3306,73.30528778697233
3307,73.74021600488392
3308,74.1819881752599
3309,74.62453774101967
3310,75.06786607010847
3311,75.51233354545137
3312,75.96360284553624
3313,76.41566625307837
3314,76.86852516542986
3315,77.32284240854861
3316,77.78374467898428
3317,78.24545800798175
3318,78.70798382271992
3319,79.1724654368529
3320,79.64313778876257
3321,80.11463839160406
3322,80.58696870280839
3323,81.0619333544165
3324,81.5425141883923
3325,82.02394070920494
3326,82.506214404966
3327,82.99198479625508
3328,83.4826138220358
3329,83.974106216397
3330,84.46646349856263
3331,84.9633663423143
3332,85.46418459919256
3333,85.96588415457227
3334,86.46846655922693
3335,86.97683255606798
3336,87.48798243406175
3337,88.00003179103219
3338,88.51298220974306
3339,89.03388471257912
3340,89.55631388117123
3341,90.07966237683245
3342,90.60393181725107
3343,91.13458801689974
3344,91.66847865900907
3345,92.20330879685636
3346,92.73908008361921
3347,93.2797757252526
3348,93.8253140267862
3349,94.37181232034767
3350,94.91927229517944
3351,95.47029165551588
3352,96.02766809253123
3353,96.5860253530338
3354,97.1453651629209
3355,97.70699038329472
3356,98.27640003929238
3357,98.84681169351356
3358,99.4182271091143
3359,99.99073744542855
3360,100.57238036236375
3361,101.15504680426065
3362,101.73873857215345
3363,102.32345747024546
3364,102.91671272883923
3365,103.5120936462262
3366,104.1085222631294
3367,104.70600042311996
3368,105.30995275747496
3369,105.91823264670599
3370,106.52758293361782
3371,107.13800550172111
3372,107.75303194125482
3373,108.37439766753761
3374,108.99685681847878
3375,109.62041131810687
3376,110.2468922550116
3377,110.8815331596135
3378,111.51729084902107
3379,112.15416728836728
3380,112.79248627744296
3381,113.44059429410133
3382,114.08984279344381
3383,114.74023378230171
3384,115.39176927103682
3385,116.05325164963723
3386,116.71697820205102
3387,117.38187272080143
3388,118.0479372610794
3389,118.71938405608836
3390,119.39798281219072
3391,120.07777570502327
3392,120.7587648358257
3393,121.44095230953492
3394,122.1334525249054
3395,122.82834864509843
3396,123.5244675801667
3397,124.22181148181129
3398,124.92447042328288
3399,125.63467611690264
3400,126.34613156539245
3401,127.05883896785613
3402,127.77280052726707
3403,128.49785425608562
3404,129.22485443906487
3405,129.95313392980424
3406,130.6826949794077
3407,131.41899068855162
3408,132.1617453556877
3409,132.90580705344686
3410,133.65117808171377
3411,134.3992044652695
3412,135.15792491165902
3413,135.9179804833312
3414,136.6793735296049
3415,137.4421064039337
3416,138.21452508442616
3417,138.99078776205016
3418,139.76841643357437
3419,140.5474135026333
3420,141.33268917576365
3421,142.12537377365354
3422,142.91945326272992
3423,143.7149300974738
3424,144.5135717591041
3425,145.3228946911098
3426,146.13364179239005
3427,146.94581556894295
3428,147.75941853117544
3429,148.58452308934216
3430,149.41216194270325
3431,150.24125719533865
3432,151.07181140995664
3433,151.91142984175139
3434,152.75618051753847
3435,153.60241770383652
3436,154.45014401633634
3437,155.30480523759982
3438,156.1668894670559
3439,157.03049070841672
3440,157.8956116310421
3441,158.7658506738706
3442,159.6454918668256
3443,160.526680966189
3444,161.40942069568203
3445,162.29578867009045
3446,163.1932682448389
3447,164.09232711568728
3448,164.99296806158782
3449,165.89581989536904
3450,166.81136746770767
3451,167.72852612986676
3452,168.64729871674152
3453,169.56768806821418
3454,170.50103012334273
3455,171.4365204299378
3456,172.37365691887743
3457,173.31244248680343
3458,174.26350819265843
3459,175.21756385231322
3460,176.1732983631719
3461,177.1307146793585
3462,178.10147847582402
3463,179.07599928176404
3464,180.05223495080398
3465,181.03018850043244
3466,182.013865357273
3467,183.00911619642125
3468,184.0061183766555
3469,185.00487497964974
3470,186.00538909249943
3471,187.01833824382828
3472,188.03637420049932
3473,189.05620159237623
3474,190.0778235716809
3475,191.10510269900084
3476,192.14444163584542
3477,193.18560949402845
3478,194.22860949172943
3479,195.2734448527895
3480,196.33177347414886
3481,197.3945534448668
3482,198.45920358517583
3483,199.52572718583207
3484,200.59983601617745
3485,201.68450174174328
3486,202.77107614846733
3487,203.8595625948692
3488,204.95010901046854
3489,206.05693615688776
3490,207.16571098108693
3491,208.27643691020145
3492,209.38911737739608
3493,210.51335188366937
3494,211.64460533164373
3495,212.7778494392945
3496,213.91308770938505
3497,215.05525748926703
3498,216.20926985087812
3499,217.36531292011574
3500,218.523390270209
3501,219.6841748741535
3502,220.86122855149517
3503,222.04035348131922
3504,223.2215533081938
3505,224.4048316830997
3506,225.6020187747831
3507,226.8045106092195
3508,228.00911845845417
3509,229.21584604581597
3510,230.4331911639313
3511,231.65933712148814
3512,232.88764071696878
3513,234.1181057469401
3514,235.3563096440326
3515,236.6063991475443
3516,237.85868842136287
3517,239.1131813361866
3518,240.37295140871288
3519,241.6472761155863
3520,242.9238432383364
3521,244.20265672269736
3522,245.48470691334367
3523,246.78356074622803
3524,248.08470015773128
3525,249.38812916953336
3526,250.69385181038956
3527,252.01693222238976
3528,253.34301724757674
3529,254.67143576864493
3530,256.00219189158486
3531,257.34892532902
3532,258.70025742732923
3533,260.0539674475358
3534,261.41005957379707
3535,262.7811788102398
3536,264.1580618427937
3537,265.53736775791697
3538,266.91910081887664
3539,268.31547918217547
3540,269.71839871410657
3541,271.12378694367834
3542,272.53164821476946
3543,273.9533456564289
3544,275.3826108400003
3545,276.8143910802502
3546,278.24869080262647
3547,279.6964726813564
3548,281.1523950622252
3549,282.6108794069864
3550,284.0719302236216
3551,285.54656817373507
3552,287.02946172095056
3553,288.5149646917124
3554,290.0030816775072
3555,291.5053535382659
3556,293.01553467460894
3557,294.52837325090854
3558,296.0438739431362
3559,297.5745636927358
3560,299.11235132538656
3561,300.65284497553074
3562,302.19604940461306
3563,303.75594709878277
3564,305.32166265032174
3565,306.8901333624442
3566,308.4613640830603
3567,310.05126579821217
3568,311.64523323795635
3569,313.24200555140555
3570,314.84259972547903
3571,316.46229545481276
3572,318.0848413305053
3573,319.7102423675932
3574,321.3422728556881
3575,322.9908254016831
3576,324.6422788715447
3577,326.2966383696523
3578,327.9609181130294
3579,329.6386586940198
3580,331.3193515591699
3581,333.003001903226
3582,334.7003496620436
3583,336.40761216737764
3584,338.11787890464785
3585,339.8311551600024
3586,341.56239547821247
3587,343.29951650139947
3588,345.0396942965403
3589,346.7846829910038
3590,348.5488974167302
3591,350.3162162890102
3592,352.0866450703193
3593,353.8670105536155
3594,355.66171128677655
3595,357.45957011111295
3596,359.2605925834848
3597,361.0771755873534
3598,362.902706931266
3599,364.73145061677855
3600,366.56361158810955
3601,368.4170592180767
3602,370.27376831211893
3603,372.1337446089787
3604,374.00363673496025
3605,375.8885567461843
3606,377.7767936011064
3607,379.6683531359073
3608,381.5768330520385
3609,383.4935777425706
3610,385.4136952762906
3611,387.3396203818006
3612,389.28512154402404
3613,391.2340461502234
3614,393.186400224139
3615,395.1524555231386
3616,397.1304376582313
3617,399.1119003915371
3618,401.0968498473572
3619,403.1039076998031
3620,405.11473139714377
3621,407.12909348139
3622,409.1555001467582
3623,411.19593854291037
3624,413.23996743680397
3625,415.28759314610295
3626,417.36146812965114
3627,419.4406900530692
3628,421.5235707186905
3629,423.6101165642524
3630,425.7119054775189
3631,427.8303455565376
3632,429.9525133869452
3633,432.0784155278984
3634,434.2092605393997
3635,436.3674853077022
3636,438.5295078334118
3637,440.6953347988572
3638,442.86497289812365
3639,445.0543373614982
3640,447.2566621973147
3641,449.46286238963023
3642,451.6729447573036
3643,453.89338778702626
3644,456.136466060966
3645,458.3834914019177
3646,460.6344707549121
3647,462.8894110771987
3648,465.17142679122543
3649,467.45973277636045
3650,469.75206541165664
3651,472.0484317821687
3652,474.3640695914436
3653,476.69411534548414
3654,479.0282611956256
3655,481.3665143561443
3656,483.71693756411264
3657,486.0891858971906
3658,488.46560858661053
3659,490.8462129773033
3660,493.23259178450553
3661,495.64750924919133
3662,498.0666761513448
3663,500.49009996799873
3664,502.9177881893399
3665,505.3716683345079
3666,507.83405062980995
3667,510.3007658818648
3668,512.7718217146503
3669,515.2642642980337
3670,517.770337032627
3671,520.2808196020511
3672,522.7957197655464
3673,525.3279166041768
3674,527.8781587495694
3675,530.432888450603
3676,532.9921136032613
3677,535.5652631555641
3678,538.1601576691787
3679,540.7596183089859
3680,543.3636531092109
3681,545.9789604228538
3682,548.6189943095276
3683,551.2636737498109
3684,553.9130069176723
3685,556.5716835856877
3686,559.2573479601725
3687,561.9477381797749
3688,564.6428625597292
3689,567.3461266848404
3690,570.0779168353502
3691,572.814513993919
3692,575.5559266185811
3693,578.3052007346504
3694,581.0855225114015
3695,583.870736692513
3696,586.6608518862661
3697,589.4558767160861
3698,592.2803031968353
3699,595.1146553104187
3700,597.9539948997036
3701,600.7983307402377
3702,603.6651736176623
3703,606.549188475856
3704,609.4382781961828
3705,612.3324517079402
3706,615.243067752724
3707,618.1772741180179
3708,621.1166436622009
3709,624.0611854699531
3710,627.0169388850736
3711,630.001869519207
3712,632.9920525863423
3713,635.9874973281952
3714,638.989759661278
3715,642.0259513745217
3716,645.0674857193592
3717,648.1143720962004
3718,651.1666199219928
3719,654.2525158594669
3720,657.3459433420138
3721,660.4448141672124
3722,663.5491379126621
3723,666.6845787054965
3724,669.8304453408028
3725,672.9818475900781
3726,676.1387951932624
3727,679.3251752833146
3728,682.5240312914108
3729,685.7285161528603
3730,688.9386397716464
3731,692.1821483781986
3732,695.441009166774
3733,698.7056043925804
3734,701.975944145366
3735,705.2520385326287
3736,708.5678286306372
3737,711.8931605017026
3738,715.2243437712749
3739,718.5613887348835
3740,721.9081603244279
3741,725.2948593584998
3742,728.6875177719485
3743,732.0861460502803
3744,735.4907546974472
3745,738.9143976749762
3746,742.3691671669958
3747,745.8300158136124
3748,749.296954311059
3749,752.769993374391
3750,756.2730147757865
3751,759.7967252229158
3752,763.3266361314095
3753,766.8627584109238
3754,770.4051029903084
3755,773.9900232597217
3756,777.5835535897653
3757,781.1834072343145
3758,784.7895953191669
3759,788.4136806266167
3760,792.0714819015122
3761,795.7357195806823
3762,799.4064049888922
3763,803.0835494708313
3764,806.794218020088
3765,810.523496987008
3766,814.2593381280653
3767,818.0017529892986
3768,821.7555806068541
3769,825.5505627606568
3770,829.3522226982288
3771,833.1605721690083
3772,836.9756229431024
3773,840.8207619641461
3774,844.6889084783026
3775,848.5638615135742
3776,852.4456330458912
3777,856.3379614143619
3778,860.2732670634847
3779,864.2154974049121
3780,868.1646646224788
3781,872.120780921454
3782,876.1091918779779
3783,880.1193781156582
3784,884.1366208024625
3785,888.1609323540307
3786,892.200598200804
3787,896.2794238347054
3788,900.3654266932434
3789,904.4586194045409
3790,908.5590146189365
3791,912.6995767052713
3792,916.855029417841
3793,921.0177941845666
3794,925.187883870779
3795,929.3848346629021
3796,933.6127142346129
3797,937.8480333001033
3798,942.0908049489207
3799,946.3410422936308
3800,950.6371400447558
3801,954.9457343044855
3802,959.2619100796855
3803,963.5856807097585
3804,967.9325302056375
3805,972.3151259025478
3806,976.7054333247878
3807,981.1034660408407
3808,985.509237643064
3809,989.9604586047632
3810,994.4256306151831
3811,998.8986596478535
3812,1003.3795595268809
3813,1007.8860048404
3814,1012.4267798643021
3815,1016.9755449380308
3816,1021.5323141197313
3817,1026.097101492276
3818,1030.7131810906276
3819,1035.3384274874536
3820,1039.9718125650647
3821,1044.6133506430924
3822,1049.2891565495047
3823,1053.9916351728027
3824,1058.7023883707868
3825,1063.4214307021666
3826,1068.1590508738166
3827,1072.939518312029
3828,1077.7283975499113
3829,1082.5257033875955
3830,1087.3314506512468
3831,1092.1864498136383
3832,1097.0542187698
3833,1101.930553135724
3834,1106.8154679817844
3835,1111.7368253341542
3836,1116.684253509644
3837,1121.640387258655
3838,1126.6052418981474
3839,1131.5950634435374
3840,1136.6229262258955
3841,1141.6596361096754
3842,1146.7052086608296
3843,1151.7656057981274
3844,1156.8746845252426
3845,1161.9927532562976
3846,1167.1198278086483
3847,1172.2559240274825
3848,1177.443999344931
3849,1182.6442156606379
3850,1187.8535823391949
3851,1193.0721154800729
3852,1198.3353651400762
3853,1203.6185238668345
3854,1208.910978896329
3855,1214.2127465847807
3856,1219.553300077731
3857,1224.9202021952372
3858,1230.2965479645247
3859,1235.682354001042
3860,1241.1023462375256
3861,1246.5537989431998
3862,1252.0148440697947
3863,1257.4854984944811
3864,1262.9870698185803
3865,1268.5238865921654
3866,1274.070445986948
3867,1279.626765144348
3868,1285.2120613525658
3869,1290.8350620209358
3870,1296.46795695309
3871,1302.1107635572225
3872,1307.7840886090323
3873,1313.4996255466522
3874,1319.2252195680362
3875,1324.9608883678175
3876,1330.7066496717637
3877,1336.5121613182241
3878,1342.3313559899343
3879,1348.1607901325642
3880,1354.0004817616111
3881,1359.8778026972393
3882,1365.7915072453275
3883,1371.7156175564323
3884,1377.6501519386018
3885,1383.6017096940232
3886,1389.6108411415296
3887,1395.6305462574398
3888,1401.66084364519
3889,1407.7017519409394
3890,1413.7945525912767
3891,1419.9107790963553
3892,1426.037767704155
3893,1432.1755373496103
3894,1438.3478639563552
3895,1444.5615465251765
3896,1450.786162671941
3897,1457.0217316332444
3898,1463.2760254127968
3899,1469.5881069571838
3900,1475.9112952135517
3901,1482.2456097230827
3902,1488.5910700613313
3903,1494.9957471603605
3904,1501.4184605010596
3905,1507.8524752100639
3906,1514.2978111710008
3907,1520.7897826758099
3908,1527.312982637276
3909,1533.8476607737744
3910,1540.3938372799691
3911,1546.975558262312
3912,1553.6002151060377
3913,1560.2365286384431
3914,1566.884519368237
3915,1573.5611132282024
3916,1580.298626762811
3917,1587.0479955583908
3918,1593.809240472984
3919,1600.5823824013225
3920,1607.3893704391535
3921,1614.2528384535176
3922,1621.12838334507
3923,1628.0160263617206
3924,1634.915788788755
3925,1641.8574929699264
3926,1648.848391373622
3927,1655.8515908671652
3928,1662.8671130928988
3929,1669.894979731236
3930,1676.9757320219148
3931,1684.0955512422697
3932,1691.2278983871024
3933,1698.3727954978026
3934,1705.5302646545238
3935,1712.7544071309271
3936,1720.0046522966038
3937,1727.2676548692139
3938,1734.5434372938475
3939,1741.8346826529364
3940,1749.2039070299886
3941,1756.5860981570715
3942,1763.9812788475494
3943,1771.389471954916
3944,1778.8322195539934
3945,1786.3346905399023
3946,1793.8503627203925
3947,1801.379259321257
3948,1808.9214036091407
3949,1816.5200222564915
3950,1824.1572874877718
3951,1831.807991080763
3952,1839.4721566784708
3953,1847.1498079654918
3954,1854.9086771075256
3955,1862.68229965448
3956,1870.4696004799887
3957,1878.270603649112
3958,1886.111181148778
3959,1894.0088431884506
3960,1901.920401751737
3961,1909.8458812876302
3962,1917.7853062881193
3963,1925.7943058010626
3964,1933.8312533197168
3965,1941.8823424299737
3966,1949.9475980119241
3967,1958.0457222400632
3968,1966.210432729319
3969,1974.389509605946
3970,1982.5829781454931
3971,1990.7908636679713
3972,1999.0617650126396
3973,2007.3699428992747
3974,2015.6927395984028
3975,2024.03018082963
3976,2032.3922144135076
3977,2040.830615394963
3978,2049.283864312386
3979,2057.751987288438
3980,2066.2350104917296
3981,2074.7785172616414
3982,2083.363351386301
3983,2091.9632910891924
3984,2100.5783629461976
3985,2109.220656346881
3986,2117.938217671462
3987,2126.6711181027827
3988,2135.419384627535
3989,2144.1830442798796
3990,2153.015498363423
3991,2161.882512617957
3992,2170.7651289336623
3993,2179.663374759792
3994,2188.6022475900386
3995,2197.6045379293923
3996,2206.6226683422
3997,2215.6566666964104
3998,2224.706560908991
3999,2233.844553154207
4000,2242.999651878198
4001,2252.1708595328073
4002,2261.3582044589266
4003,2270.609222694286
4004,2279.9025073485504
4005,2289.212144064568
4006,2298.538161610925
4007,2307.907211998023
4008,2317.3444562978166
4009,2326.798305949112
4010,2336.2687901660634
4011,2345.755938214207
4012,2355.3229079035195
4013,2364.92223903045
4014,2374.5384606898365
4015,2384.1716025974833
4016,2393.845472716118
4017,2403.591563245594
4018,2413.354802522303
4019,2423.1352207162768
4020,2432.932848050615
4021,2442.813924980116
4022,2452.7254715398726
4023,2462.6544579545216
4024,2472.600914906185
4025,2482.596997381283
4026,2492.6581504683177
4027,2502.7370066333465
4028,2512.8335970215135
4029,2522.9484806794167
4030,2533.1605492040762
4031,2543.3905863322907
4032,2553.638623676282
4033,2563.9046929038655
4034,2574.2404051434246
4035,2584.622944218611
4036,2595.0237518259046
4037,2605.442860105111
4038,2615.90548351927
4039,2626.4418553840537
4040,2636.9967664382975
4041,2647.570249297911
4042,2658.163577744755
4043,2668.855123188544
4044,2679.56548083766
4045,2690.29468378826
4046,2701.0427651947175
4047,2711.870579610711
4048,2722.7377370552786
4049,2733.624015677779
4050,2744.529449117868
4051,2755.4960856049524
4052,2766.5214061866996
4053,2777.566126221
4054,2788.6302798369948
4055,2799.739531464462
4056,2810.9243887551484
4057,2822.1289261891447
4058,2833.3531783893427
4059,2844.609597136206
4060,2855.9607202014413
4061,2867.331815940052
4062,2878.722919489492
4063,2890.134066049034
4064,2901.6293315627067
4065,2913.1684137259303
4066,2924.7277992567033
4067,2936.30752387418
4068,2947.9387002529925
4069,2959.6472075149177
4070,2971.3763162317364
4071,2983.1260626469457
4072,2994.89733122054
4073,3006.776712897747
4074,3018.676996666536
4075,3030.5982192992265
4076,3042.5404176328125
4077,3054.5654734765167
4078,3066.6383949129904
4079,3078.732558951603
4080,3090.8480029636244
4081,3103.0220612587727
4082,3115.2690938171377
4083,3127.537675307663
4084,3139.8278436404444
4085,3152.155077056858
4086,3164.5777051183422
4087,3177.0221910529835
4088,3189.4885733143105
4089,3201.9768904234797
4090,3214.5728698528305
4091,3227.194758258972
4092,3239.838855111201
4093,3252.505199479699
4094,3265.263258762023
4095,3278.064058791157
4096,3290.8873820403255
4097,3303.733268133379
4098,3316.657572704714
4099,3329.6388047215783
4100,3342.6428774066653
4101,3355.6698309422068
4102,3368.7645430732364
4103,3381.927738745001
4104,3395.114095227306
4105,3408.3236532654937
4106,3421.5966482972594
4107,3434.9525820502304
4108,3448.332015712882
4109,3461.7349906270288
4110,3475.1615482071925
4111,3488.7042377799135
4112,3502.2783549213736
4113,3515.8763558352985
4114,3529.498282538682
4115,3543.192386530607
4116,3556.962805192599
4117,3570.757452994018
4118,3584.5763725593483
4119,3598.4267343527354
4120,3612.3950844141937
4121,3626.388011848847
4122,3640.4055598937193
4123,3654.447771861848
4124,3668.584936496408
4125,3682.7777882621776
4126,3696.9956123773177
4127,3711.2384527735585
4128,3725.5421318511794
4129,3739.9365646922483
4130,3754.3563245358773
4131,3768.8014559376047
4132,3783.2764678753038
4133,3797.8741506766464
4134,3812.4975180691195
4135,3827.146615237234
4136,3841.821487444965
4137,3856.600383319834
4138,3871.4290423382686
4139,3886.283792311967
4140,3901.164679140184
4141,3916.1251277839838
4142,3931.160774857254
4143,3946.222877049204
4144,3961.3114808996147
4145,3976.458277783717
4146,3991.702621787596
4147,4006.973788079241
4148,4022.2718238442494
4149,4037.609756083783
4150,4053.064518436421
4151,4068.546473273631
4152,4084.0556684321537
4153,4099.5921518328305
4154,4115.256429757704
4155,4130.950910246597
4156,4146.6730049600355
4157,4162.422762476517
4158,4178.288350856241
4159,4194.1971068594385
4160,4210.133854068129
4161,4226.09864172389
4162,4242.1703074948055
4163,4258.295101727997
4164,4274.448267247962
4165,4290.629853964767
4166,4306.912356603794
4167,4323.254964732593
4168,4339.6263273525055
4169,4356.026495047605
4170,4372.524586793279
4171,4389.08679753057
4172,4405.678149109329
4173,4422.298692793153
4174,4439.017118867973
4175,4455.800734071576
4176,4472.61387963611
4177,4489.456607510274
4178,4506.400106344219
4179,4523.406941115083
4180,4540.443698958722
4181,4557.510432514559
4182,4574.68373596973
4183,4591.915618750457
4184,4609.177820531655
4185,4626.4703946491
4186,4643.87822824522
4187,4661.337000919064
4188,4678.826491760533
4189,4696.346754807456
4190,4713.993837948342
4191,4731.681355938836
4192,4749.399994527367
4193,4767.154193243243
4194,4785.040854660287
4195,4802.958987031167
4196,4820.908645717735
4197,4838.91085300283
4198,4857.029603293836
4199,4875.180232849587
4200,4893.362797750048
4201,4911.622312540174
4202,4929.987142562464
4203,4948.384284775403
4204,4966.813796020398
4205,4985.294169263865
4206,5003.9070386715675
4207,5022.552656642323
4208,5041.231080785024
4209,5059.942368809856
4210,5078.800746709753
4211,5097.696817752082
4212,5116.62613558378
4213,5135.588758689988
4214,5154.6797489412465
4215,5173.828264687226
4216,5193.010471342694
4217,5212.226428173897
4218,5231.555555436947
4219,5250.958521942498
4220,5270.395627005718
4221,5289.866930680151
4222,5309.439704707301
4223,5329.099142558536
4224,5348.793170169186
4225,5368.521848386348
4226,5388.343764337832
4227,5408.261708757745
4228,5428.214697718128
4229,5448.2027928659145
4230,5468.279331626202
4231,5488.45783258205
4232,5508.671836464651
4233,5528.921405727112
4234,5549.258034221513
4235,5569.69915653289
4236,5590.176243788616
4237,5610.689359254363
4238,5631.2915307657995
4239,5651.997354213291
4240,5672.739608280346
4241,5693.518357051617
4242,5714.391511537454
4243,5735.364130971924
4244,5756.373650385254
4245,5777.420134687562
4246,5798.569699096471
4247,5819.8112245490665
4248,5841.090123050595
4249,5862.406460343149
4250,5883.856989494214
4251,5905.399447884736
4252,5926.979808741702
4253,5948.5981387383135
4254,5970.254504665005
4255,5992.070235263204
4256,6013.954292467256
4257,6035.876853088208
4258,6057.837984856132
4259,6079.838284786784
4260,6102.028289377182
4261,6124.257335620335
4262,6146.525492192919
4263,6168.832827892347
4264,6191.216509856377
4265,6213.754314035796
4266,6236.331771723084
4267,6258.948952670947
4268,6281.605926754724
4269,6304.382512578924
4270,6327.271565288359
4271,6350.2008894260325
4272,6373.1705558313415
4273,6396.180635468243
4274,6419.3596126174925
4275,6442.603395778113
4276,6465.888074410551
4277,6489.2137204516575
4278,6512.610661370659
4279,6536.1712827032925
4280,6559.773356895745
4281,6583.4169568651305
4282,6607.102155656756
4283,6630.919183025298
4284,6654.84098307081
4285,6678.804871359334
4286,6702.8109219253565
4287,6726.861905492028
4288,6751.105778124329
4289,6775.392305592441
4290,6799.721562927267
4291,6824.093625291637
4292,6848.582569587985
4293,6873.194103684307
4294,6897.848939399661
4295,6922.547152902376
4296,6947.288820494706
4297,6972.225113271112
4298,6997.207915715509
4299,7022.234672904919
4300,7047.305462156218
4301,7072.507200934446
4302,7097.833915257107
4303,7123.20518933399
4304,7148.62110154596
4305,7174.081730411689
4306,7199.704375917301
4307,7225.422601557774
4308,7251.186075687684
4309,7276.994877899089
4310,7302.849087923963
4311,7328.903283028161
4312,7355.016775176442
4313,7381.1762111527405
4314,7407.381671771879
4315,7433.664344510581
4316,7460.134505524818
4317,7486.651237812553
4318,7513.214623292004
4319,7539.824744025457
4320,7566.544359219929
4321,7593.4208824107745
4322,7620.34469172864
4323,7647.315870348841
4324,7674.334501592917
4325,7701.501992359699
4326,7728.788742064638
4327,7756.123499545217
4328,7783.506349245799
4329,7810.937375759173
4330,7838.56361875616
4331,7866.264493797645
4332,7894.0141051191185
4333,7921.8125384459845
4334,7949.686147175833
4335,7977.755696331665
4336,8005.874630322734
4337,8034.043036014929
4338,8062.261000426902
4339,8090.613932854362
4340,8119.104768575106
4341,8147.645730227532
4342,8176.236905980727
4343,8204.878384158807
4344,8233.721347638351
4345,8262.63746701698
4346,8291.604460452063
4347,8320.622417428225
4348,8349.741180748415
4349,8379.035077919187
4350,8408.380513708924
4351,8437.777578770874
4352,8467.22636391768
4353,8496.855381499132
4354,8526.581902778262
4355,8556.360723708078
4356,8586.191936280058
4357,8616.115184772374
4358,8646.225453268296
4359,8676.388696473394
4360,8706.605007566184
4361,8736.874479889018
4362,8767.32798078646
4363,8797.878331431344
4364,8828.482430930637
4365,8859.14037382412
4366,8889.906292352538
4367,8920.846454491384
4368,8951.841051205714
4369,8982.890178241092
4370,9013.993931511412
4371,9045.309884517561
4372,9076.697706312056
4373,9108.140750150627
4374,9139.639113163506
4375,9171.293875232195
4376,9203.093584854154
4377,9234.94924107427
4378,9266.860942296842
4379,9298.828787099164
4380,9331.004349697521
4381,9363.275763248437
4382,9395.603953159687
4383,9427.989019294608
4384,9460.447677404587
4385,9493.137498472555
4386,9525.884831917958
4387,9558.689778898362
4388,9591.552440749108
4389,9624.553268820668
4390,9657.72242286737
4391,9690.94993246682
4392,9724.235900259135
4393,9757.58042906485
4394,9791.135501615743
4395,9824.788277938384
4396,9858.500260530327
4397,9892.271553527526
4398,9926.142778792702
4399,9960.223548346374
4400,9994.364277039102
4401,10028.565070330626
4402,10062.826033866095
4403,10097.274415435122
4404,10131.846644049623
4405,10166.479696297742
4406,10201.17367915924
4407,10235.959493184015
4408,10270.965998140902
4409,10306.034090647208
4410,10341.1638790259
4411,10376.355471790395
4412,10411.74092164584
4413,10447.246858434404
4414,10482.81526128382
4415,10518.446240061707
4416,10554.189946006421
4417,10590.136553910042
4418,10626.14640303248
4419,10662.219604604314
4420,10698.356270051638
4421,10734.721683798609
4422,10771.175833934463
4423,10807.694118059157
4424,10844.276648972964
4425,10881.02071050025
4426,10917.922039420188
4427,10954.888288927415
4428,10991.919573205225
4429,11029.052055219969
4430,11066.403463819974
4431,11103.820584705274
4432,11141.303533451182
4433,11178.852425836181
4434,11216.638513426282
4435,11254.509434949156
4436,11292.446982572108
4437,11330.451273477063
4438,11368.645559489934
4439,11406.973234274528
4440,11445.368338589056
4441,11483.830991028091
4442,11522.442941152382
4443,11561.230345290629
4444,11600.085987620376
4445,11639.009988157954
4446,11678.04896831719
4447,11717.299101474819
4448,11756.618286758565
4449,11796.006645615826
4450,11835.481924463817
4451,11875.197809988846
4452,11914.983566889268
4453,11954.839318052853
4454,11994.7651865834
4455,12034.960604277656
4456,12075.232305889025
4457,12115.574856531504
4458,12155.988380811694
4459,12196.581282059897
4460,12237.342061882866
4461,12278.174551013019
4462,12319.078875569488
4463,12360.079644156804
4464,12401.332658143308
4465,12442.658247260646
4466,12484.056539150235
4467,12525.527661677748
4468,12567.223884387324
4469,12609.045757638314
4470,12650.94120660451
4471,12692.910360686381
4472,12735.03549898564
4473,12777.356863320616
4474,12819.752681950915
4475,12862.223085821608
4476,12904.787231156808
4477,12947.611316488597
4478,12990.51074037324
4479,13033.485635310455
4480,13076.536134032845
4481,13119.828842511733
4482,13163.235130403546
4483,13206.717780888155
4484,13250.27692826552
4485,13294.029142115736
4486,13337.945576091268
4487,13381.939269968812
4488,13426.010359625889
4489,13470.231893537588
4490,13514.661779159385
4491,13559.169827802663
4492,13603.756176932682
4493,13648.456754666988
4494,13693.403421147084
4495,13738.42915961993
4496,13783.534109148732
4497,13828.72347640981
4498,13874.194833108446
4499,13919.746184680269
4500,13965.377671810966
4501,14011.089435433503
4502,14057.049456396693
4503,14103.129795870158
4504,14149.291201337122
4505,14195.5338153663
4506,14241.98734117593
4507,14288.600067769497
4508,14335.29479676582
4509,14382.07167237976
4510,14429.028516723201
4511,14476.177054248756
4512,14523.408536604069
4513,14570.72310966075
4514,14618.19299370456
4515,14665.880790746576
4516,14713.6524811066
4517,14761.50821232364
4518,14809.500766440162
4519,14857.731296536285
4520,14906.046674543704
4521,14954.447049679553
4522,15002.971815157807
4523,15051.74857698122
4524,15100.611147458381
4525,15149.559677495372
4526,15198.626108236902
4527,15247.952625779943
4528,15297.365918912856
4529,15346.86614024144
4530,15396.483604440908
4531,15446.363427200873
4532,15496.33099872517
4533,15546.386473330358
4534,15596.564255141768
4535,15647.00095830759
4536,15697.526389695706
4537,15748.140705344409
4538,15798.888006532543
4539,15849.88519117388
4540,15900.97208982436
4541,15952.148860255167
4542,16003.47480183303
4543,16055.036095090483
4544,16106.688094518642
4545,16158.430959632691
4546,16210.344583485012
4547,16262.473638762482
4548,16314.694398792904
4549,16367.00702484683
4550,16419.517295340047
4551,16472.21779249849
4552,16525.010999459322
4553,16577.897079259863
4554,16631.012884838638
4555,16684.288530391703
4556,16737.657897310626
4557,16791.121150410825
4558,16844.85130518182
4559,16898.705832493582
4560,16952.655099295847
4561,17006.710944124785
4562,17061.052517496068
4563,17115.489686980105
4564,17170.022620687774
4565,17224.709519361742
4566,17279.636492989997
4567,17334.660092310813
4568,17389.78048724472
4569,17445.107032795433
4570,17500.62321510607
4571,17556.237059382
4572,17611.94873736507
4573,17667.923454636046
4574,17724.03268166502
4575,17780.240613673213
4576,17836.572215474695
4577,17893.178771404713
4578,17949.884907005064
4579,18006.69079738858
4580,18063.70438378912
4581,18120.95005653246
4582,18178.296432995325
4583,18235.743690266165
4584,18293.31060289404
4585,18351.199102710587
4586,18409.1894368151
4587,18467.281784283223
4588,18525.476324505387
4589,18583.94926288778
4590,18642.587300515097
4591,18701.32849064361
4592,18760.17301466583
4593,18819.223817840277
4594,18878.513334196155
4595,18937.90714882402
4596,18997.405445130273
4597,19057.045980038187
4598,19116.99077987839
4599,19177.041030446406
4600,19237.196917174482
4601,19297.45862582043
4602,19358.04281534117
4603,19418.753343121734
4604,19479.570668293145
4605,19540.49497865422
4606,19601.692557935294
4607,19663.067234265283
4608,19724.549876018842
4609,19786.14067304791
4610,19847.963068368186
4611,19910.00579488632
4612,19972.157661715926
4613,20034.418860773945
4614,20096.877354465003
4615,20159.59206335268
4616,20222.41709434855
4617,20285.352641446527
4618,20348.45837490486
4619,20411.849029131627
4620,20475.351194226187
4621,20538.965066271583
4622,20602.72904293608
4623,20666.799636509426
4624,20730.982936727283
4625,20795.279141774285
4626,20859.712230070516
4627,20924.46678829025
4628,20989.335256003298
4629,21054.317833508496
4630,21119.430769760154
4631,21184.873349477588
4632,21250.43104866463
4633,21316.10406974669
4634,21381.907461055842
4635,21448.042150937905
4636,21514.293177449275
4637,21580.660745154364
4638,21647.165072251464
4639,21713.99599305075
4640,21780.94447487879
4641,21848.01072445158
4642,21915.22634451669
4643,21982.757649346673
4644,22050.40774690107
4645,22118.176846060516
4646,22186.113995517073
4647,22254.349870133286
4648,22322.705776523202
4649,22391.181925745124
4650,22459.85072302767
4651,22528.795386115326
4652,22597.861327437375
4653,22667.048760242684
4654,22736.45920854018
4655,22806.116912007947
4656,22875.897147640582
4657,22945.800130890475
4658,23015.962120866447
4659,23086.337150147763
4660,23156.8359730531
4661,23227.45880725142
4662,23298.382119742902
4663,23369.47879410425
4664,23440.700531136506
4665,23512.047550738716
4666,23583.74185943605
4667,23655.564532292985
4668,23727.51354451534
4669,23799.638332876333
4670,23872.06399235522
4671,23944.61705159637
4672,24017.29773460586
4673,24090.211994020952
4674,24163.371172673254
4675,24236.659040993367
4676,24310.075825254058
4677,24383.839851864417
4678,24457.804605913057
4679,24531.89946627359
4680,24606.124661708556
4681,24680.480421382068
4682,24755.23155872308
4683,24830.13723067226
4684,24905.174663536884
4685,24980.344088986643
4686,25055.68159289682
4687,25131.40193667262
4688,25207.255473983412
4689,25283.242439016696
4690,25359.363066371054
4691,25435.72294579353
4692,25512.396495657762
4693,25589.20491524435
4694,25666.148441685797
4695,25743.227312531482
4696,25820.62689979775
4697,25898.260730411337
4698,25976.031119361258
4699,26053.938306747117
4700,26131.98253309062
4701,26210.449265382358
4702,26289.06119169519
4703,26367.811396276727
4704,26446.70012224903
4705,26525.773317592197
4706,26605.23063218607
4707,26684.827711642913
4708,26764.56480169664
4709,26844.442148513113
4710,26924.569669349425
4711,27005.01752284713
4712,27085.606882993958
4713,27166.33799858452
4714,27247.21111885018
4715,27328.410842540357
4716,27409.85642054251
4717,27491.44525960043
4718,27573.17761159131
4719,27655.05372883442
4720,27737.3432216658
4721,27819.793780902644
4722,27902.389368347183
4723,27985.130238981164
4724,28068.096856517997
4725,28151.41317485959
4726,28234.87604377467
4727,28318.485720920085
4728,28402.24246440497
4729,28486.332826608806
4730,28570.667065498936
4731,28655.14964483819
4732,28739.78082542786
4733,28824.581903633913
4734,28909.791643692017
4735,28995.151263670923
4736,29080.661027076985
4737,29166.321197879148
4738,29252.27878049001
4739,29338.51962252149
4740,29424.91215749773
4741,29511.4566521101
4742,29598.157279250696
4743,29685.28356792043
4744,29772.563106469304
4745,29859.996164324115
4746,29947.58301138512
4747,30035.471756930325
4748,30123.642574511246
4749,30211.968478574032
4750,30300.44974177206
4751,30389.112666096982
4752,30478.179081837163
4753,30567.402158817553
4754,30656.78217245814
4755,30746.319398662956
4756,30836.20097715809
4757,30926.325597723393
4758,31016.608740147018
4759,31107.05068311764
4760,31197.736446339874
4761,31288.767025330915
4762,31379.95771912858
4763,31471.30880922008
4764,31562.820577587256
4765,31654.754517564746
4766,31746.85722979675
4767,31839.121941911588
4768,31931.548938707994
4769,32024.316004609693
4770,32117.335247026247
4771,32210.51810083481
4772,32303.86485366514
4773,32397.479279146097
4774,32491.41960841044
4775,32585.52516857501
4776,32679.79625011483
4777,32774.27200445111
4778,32869.138022364976
4779,32964.17089876554
4780,33059.37092698711
4781,33154.73840087875
4782,33250.51807609754
4783,33346.48292406001
4784,33442.61656246124
4785,33538.919288029094
4786,33635.587243448455
4787,33732.48876397562
4788,33829.56072181153
4789,33926.803416577095
4790,34024.37289260407
4791,34122.2158326085
4792,34220.23086512443
4793,34318.418292680304
4794,34416.914530846036
4795,34515.72897511484
4796,34614.717219996324
4797,34713.87957101902
4798,34813.216334248355
4799,34913.0199401607
4800,35013.00357350665
4801,35113.16306308236
4802,35213.498718027506
4803,35314.07957359838
4804,35415.062772471974
4805,35516.223584993146
4806,35617.562323388185
4807,35719.079300432066
4808,35820.92705515942
4809,35923.09343063318
4810,36025.43949992483
4811,36127.96557891484
4812,36230.67198403784
4813,36333.804592621855
4814,36437.16229611294
4815,36540.70178790217
4816,36644.42338754867
4817,36748.38877654486
4818,36852.762473541516
4819,36957.31974508476
4820,37062.060913871304
4821,37166.98630316407
4822,37272.27152084537
4823,37377.85099534934
4824,37483.61616424328
4825,37589.56735394691
4826,37695.72066734468
4827,37802.326824422234
4828,37909.12048089603
4829,38016.101966356204
4830,38123.27161097126
4831,38230.77827222557
4832,38338.60496041382
4833,38446.62129373781
4834,38554.82760555615
4835,38663.23614595325
4836,38772.10046681411
4837,38881.15625703244
4838,38990.40385317091
4839,39099.843592382655
4840,39209.64582305091
4841,39319.759627924555
4842,39430.06709876311
4843,39540.56857598657
4844,39651.26440061287
4845,39762.42477889982
4846,39873.796580029186
4847,39985.36425867104
4848,40097.12815912929
4849,40209.18389432831
4850,40321.62454294629
4851,40434.26294812801
4852,40547.09945747746
4853,40660.13441920914
4854,40773.58295955253
4855,40887.29667823642
4856,41001.21039148575
4857,41115.324450834654
4858,41229.70354284872
4859,41344.497223968065
4860,41459.49279820523
4861,41574.69062042852
4862,41690.09104612969
4863,41805.89611595986
4864,41921.97827048657
4865,42038.26458316444
4866,42154.75541283925
4867,42271.52465476248
4868,42388.69817123311
4869,42506.07776440728
4870,42623.6637964999
4871,42741.456630362336
4872,42859.68364733591
4873,42978.16137365264
4874,43096.84746932167
4875,43215.74230058374
4876,43334.96564330039
4877,43454.54641815807
4878,43574.33750142366
4879,43694.33926274295
4880,43814.57491457097
4881,43935.26371627079
4882,44056.16477416639
4883,44177.27846132424
4884,44298.605151465315
4885,44420.34391046198
4886,44542.35999319063
4887,44664.59066524817
4888,44787.03630379738
4889,44909.835052127215
4890,45033.00921389498
4891,45156.40000075358
4892,45280.00779344055
4893,45403.83297336204
4894,45528.042618233936
4895,45652.59780156741
4896,45777.37203757158
4897,45902.36571124633
4898,46027.57920826791
4899,46153.220001680034
4900,46279.16504985598
4901,46405.33159379705
4902,46531.72002279307
4903,46658.33072681721
4904,46785.42241765357
4905,46912.766288075974
4906,47040.33411307304
4907,47168.126286251725
4908,47296.17932526733
4909,47424.70505798605
4910,47553.456822750304
4911,47682.43501681473
4912,47811.64003813071
4913,47941.18278687317
4914,48071.123114819005
4915,48201.291961288014
4916,48331.68972790027
4917,48462.31681698028
4918,48593.36759360103
4919,48724.73180370079
4920,48856.32703509395
4921,48988.15369379395
4922,49120.22452610623
4923,49252.788890699485
4924,49385.58638613439
4925,49518.61742212862
4926,49651.8824091184
4927,49785.497252321686
4928,49919.50189077519
4929,50053.74219159305
4930,50188.218568936594
4931,50322.931437694446
4932,50458.10736230525
4933,50593.561895281004
4934,50729.25463902061
4935,50865.18601215907
4936,51001.440676408616
4937,51138.12882114172
4938,51275.05734492922
4939,51412.226670212745
4940,51549.637220175784
4941,51687.43928325785
4942,51825.60833477927
4943,51964.02036821442
4944,52102.675810574096
4945,52241.575089618906
4946,52380.943086065156
4947,52520.60267104358
4948,52660.50785767988
4949,52800.65907758394
4950,52941.09672625886
4951,53082.00879343207
4952,53223.16866363797
4953,53364.57677235029
4954,53506.23355580751
4955,53648.27362272553
4956,53790.693203091745
4957,53933.363236012636
4958,54076.28416161318
4959,54219.45642079013
4960,54363.12005519463
4961,54507.06146196655
4962,54651.255995939675
4963,54795.70410193357
4964,54940.47442727807
4965,55085.69228342243
4966,55231.165510183935
4967,55376.89455632014
4968,55522.87987137543
4969,55669.29061139166
4970,55816.04770511232
4971,55963.062874628726
4972,56110.336573446315
4973,56257.891071694816
4974,56405.9372961604
4975,56554.2438620673
4976,56702.811226897735
4977,56851.639848936036
4978,57000.868734937976
4979,57150.472059887055
4980,57300.338462779706
4981,57450.46840590037
4982,57600.876230107744
4983,57751.78176627197
4984,57902.95266895423
4985,58054.38940445626
4986,58206.09243989728
4987,58358.20705661999
4988,58510.68801038654
4989,58663.43709929272
4990,58816.45479449847
4991,58969.781803233884
4992,59123.57844884535
4993,59277.64554180123
4994,59431.98355732003
4995,59586.5929714535
4996,59741.65776203182
4997,59897.04859921433
4998,60052.71268528236
4999,60208.65050037014
5000,60364.959562151904
5001,60521.679973186845
5002,60678.67596964571
5003,60835.948035763875
5004,60993.51731394966
5005,61151.573217838646
5006,61309.90705406321
5007,61468.51931097739
5008,61627.41047779115
5009,61786.76175727406
5010,61946.439452108614
5011,62106.397929210674
5012,62266.63768193488
5013,62427.278902592734
5014,62588.306564296996
5015,62749.6173805512
5016,62911.21184887307
5017,63073.15786840801
5018,63235.54169461189
5019,63398.21105850954
5020,63561.1664618003
5021,63724.43178888589
5022,63888.17806655432
5023,64052.212276078404
5024,64216.534923358
5025,64381.146515181135
5026,64546.248838728534
5027,64711.65428132637
5028,64877.35057123606
5029,65043.33821947349
5030,65209.787119975306
5031,65376.570272541605
5032,65543.64669332684
5033,65711.01689759397
5034,65878.82598407146
5035,66046.99341293986
5036,66215.4565424411
5037,66384.21589210603
5038,66553.39848400404
5039,66722.95684494665
5040,66892.81335059978
5041,67062.96852478283
5042,67233.53766583359
5043,67404.49370407077
5044,67575.75034291678
5045,67747.3081104999
5046,67919.27658216155
5047,68091.63713237914
5048,68264.30075108122
5049,68437.26797072565
5050,68610.648305208
5051,68784.42029158399
5052,68958.49782645458
5053,69132.88144662794
5054,69307.6859395176
5055,69482.87637575781
5056,69658.37485279328
5057,69834.18191180444
5058,70010.42263430195
5059,70187.03862368318
5060,70363.96515860785
5061,70541.20278465102
5062,70718.89159542961
5063,70896.94033085204
5064,71075.30212917089
5065,71253.97754037741
5066,71433.12609707593
5067,71612.61486112341
5068,71792.41921818223
5069,71972.5409061656
5070,72153.15949304144
5071,72334.09565805094
5072,72515.34995910597
5073,72696.95432938046
5074,72879.02522775154
5075,73061.41625589057
5076,73244.12797618526
5077,73427.22609820536
5078,73610.75684694458
5079,73794.61029029665
5080,73978.78699514804
5081,74163.38978022801
5082,74348.38800806044
5083,74533.71150871894
5084,74719.36085361161
5085,74905.47906473227
5086,75091.95249033783
5087,75278.75378050782
5088,75465.90123086152
5089,75653.52777250635
5090,75841.48420462935
5091,76029.77110673777
5092,76218.4550329655
5093,76407.56986537746
5094,76597.0172029441
5095,76786.79762975847
5096,76977.0283570417
5097,77167.63945548086
5098,77358.58568772573
5099,77549.87713854312
5100,77741.65538426445
5101,77933.77081427562
5102,78126.22402087614
5103,78319.08238291733
5104,78512.37046375764
5105,78705.99838131093
5106,78899.96673252834
5107,79094.40197303175
5108,79289.20812111278
5109,79484.356772754
5110,79679.8825703639
5111,79875.87052866047
5112,80072.20306667824
5113,80268.88078968611
5114,80466.04146648491
5115,80663.62050072315
5116,80861.54690980248
5117,81059.82130389372
5118,81258.44429423804
5119,81457.55589668387
5120,81657.0825139193
5121,81856.95992727768
5122,82057.18875292923
5123,82257.76960812525
5124,82458.85235670063
5125,82660.3393029523
5126,82862.18048893577
5127,83064.3765368605
5128,83266.92807002574
5129,83470.00166492932
5130,83673.46190030656
5131,83877.27984172718
5132,84081.45611747858
5133,84285.9913569486
5134,84491.07501970613
5135,84696.52171809785
5136,84902.32961192142
5137,85108.49933558168
5138,85315.06155754805
5139,85522.14403755525
5140,85729.59058638927
5141,85937.40184349383
5142,86145.57844943265
5143,86354.18838893218
5144,86563.28078970217
5145,86772.74078977208
5146,86982.56903477448
5147,87192.76617147465
5148,87403.443977717
5149,87614.56379698869
5150,87826.0547767065
5151,88037.9175687465
5152,88250.15282612815
5153,88462.90015393
5154,88676.06089927407
5155,88889.5963898671
5156,89103.50728387055
5157,89317.79424059851
5158,89532.63035067153
5159,89747.8457390653
5160,89963.43948153453
5161,90179.41224256727
5162,90395.80582500919
5163,90612.70846507464
5164,90829.99242274904
5165,91047.6583677155
5166,91265.70697082994
5167,91484.22719757723
5168,91703.2088907259
5169,91922.57555305402
5170,92142.32786064572
5171,92362.46649076899
5172,92583.13148313788
5173,92804.20654873548
5174,93025.67026016112
5175,93247.52329994249
5176,93469.80264544886
5177,93692.59395142943
5178,93915.77691751654
5179,94139.35223152209
5180,94363.32058246291
5181,94587.78360901983
5182,94812.69914450464
5183,95038.01007081284
5184,95263.7170822947
5185,95489.82087451818
5186,95716.46371900944
5187,95943.51813607941
5188,96170.97170034645
5189,96398.82511274445
5190,96627.11421763952
5191,96855.9201620874
5192,97085.12832981673
5193,97314.73942715288
5194,97544.75416165973
5195,97775.25975177836
5196,98006.23073064933
5197,98237.60773496404
5198,98469.3914777119
5199,98701.58267313163
5200,98934.32256219706
5201,99167.47385142671
5202,99401.0349950111
5203,99635.00671264982
5204,99869.44741436931
5205,100104.38152101552
5206,100339.72861286809
5207,100575.48941511316
5208,100811.66465420749
5209,101048.3744471786
5210,101285.5161882855
5211,101523.07479134784
5212,101761.05098834517
5213,101999.49632070128
5214,102238.44156437044
5215,102477.80683704966
5216,102717.592876268
5217,102957.80042084678
5218,103198.54859742305
5219,103439.72955992003
5220,103681.33447734377
5221,103923.3640941027
5222,104165.88118276044
5223,104408.88700553702
5224,104652.31998767487
5225,104896.18087919721
5226,105140.48327933434
5227,105385.3232820201
5228,105630.59366480992
5229,105876.29518336915
5230,106122.42859468769
5231,106369.08258354352
5232,106616.19985130042
5233,106863.75149780794
5234,107111.73828573783
5235,107360.20921274621
5236,107609.18299715596
5237,107858.59442015186
5238,108108.44425011588
5239,108358.74760209587
5240,108609.58768125092
5241,108860.86867593726
5242,109112.59136027764
5243,109364.75650975198
5244,109617.45863172552
5245,109870.61913904345
5246,110124.22463609619
5247,110378.27590414458
5248,110632.84074543578
5249,110887.89085118391
5250,111143.38926439632
5251,111399.33677214496
5252,111655.77910649245
5253,111912.72904048227
5254,112170.13061756553
5255,112427.9846306572
5256,112686.31899265024
5257,112945.17908683441
5258,113204.49417781924
5259,113464.26506439503
5260,113724.50593169368
5261,113985.28666274904
5262,114246.52576264433
5263,114508.22403607616
5264,114770.38568076234
5265,115033.09767144333
5266,115296.2714215911
5267,115559.90774184016
5268,115824.00744424561
5269,116088.66129273114
5270,116353.78362980194
5271,116619.37195794928
5272,116885.42709521994
5273,117152.02004862952
5274,117419.10174341923
5275,117686.65286910508
5276,117954.67424975807
5277,118223.22095063399
5278,118492.27292052057
5279,118761.79778022415
5280,119031.79635987249
5281,119302.31126521248
5282,119573.34457335122
5283,119844.85424958286
5284,120116.84113012638
5285,120389.33852922414
5286,120662.36438378078
5287,120935.87010431467
5288,121209.85653317122
5289,121484.35056458726
5290,121759.3803180129
5291,122034.89345516192
5292,122310.89082453976
5293,122587.39549224112
5294,122864.44064058528
5295,123141.97271051139
5296,123419.99255671934
5297,123698.52174542716
5298,123977.5939276882
5299,124257.15658975224
5300,124537.21059254873
5301,124817.77808232926
5302,125098.88907984298
5303,125380.4941359911
5304,125662.59411796913
5305,125945.2135981053
5306,126228.37533397225
5307,126512.03472816288
5308,126796.19265417625
5309,127080.8777363522
5310,127366.10227489346
5311,127651.8280925534
5312,127938.05606917023
5313,128224.82029999599
5314,128512.11984625152
5315,128799.92431377243
5316,129088.23458877203
5317,129377.09146168723
5318,129666.4783609454
5319,129956.373845211
5320,130246.77880711103
5321,130537.74177368991
5322,130829.22851104956
5323,131121.2275189987
5324,131413.7396966162
5325,131706.82217730558
5326,132000.42137727138
5327,132294.53655549177
5328,132589.178383486
5329,132884.38401185346
5330,133180.10843796306
5331,133476.35257231916
5332,133773.1390124936
5333,134070.47902323198
5334,134368.34157771565
5335,134666.72759300668
5336,134965.6719611335
5337,135265.15937208582
5338,135565.17309555685
5339,135865.7140552055
5340,136166.8296747248
5341,136468.47764159396
5342,136770.65571276657
5343,137073.3761967084
5344,137376.66502880203
5345,137680.48684490073
5346,137984.8425803394
5347,138289.75905598255
5348,138595.2313361896
5349,138901.240432222
5350,139207.78728612096
5351,139514.91308122996
5352,139822.58235375892
5353,140130.79229762286
5354,140439.55984753362
5355,140748.90960462848
5356,141058.80298215032
5357,141369.24093404823
5358,141680.22441593942
5359,141991.77887551792
5360,142303.90882613996
5361,142616.5872759725
5362,142929.81518750076
5363,143243.59352489506
5364,143557.95720719607
5365,143872.88883898972
5366,144188.3738863532
5367,144504.413320374
5368,144821.00811384016
5369,145138.20327911148
5370,145455.95836043547
5371,145774.27181175377
5372,146093.144612824
5373,146412.58842473716
5374,146732.6266276611
5375,147053.2272067934
5376,147374.39114889948
5377,147696.11944247238
5378,148018.4369059506
5379,148341.33791095595
5380,148664.8063154013
5381,148988.84311484153
5382,149313.44930657189
5383,149638.6625556171
5384,149964.4489293871
5385,150290.8077652878
5386,150617.74006773075
5387,150945.26002445768
5388,151273.3780581391
5389,151602.0726450166
5390,151931.34479665844
5391,152261.19552640116
5392,152591.65304395245
5393,152922.6972782653
5394,153254.32319985266
5395,153586.5318292632
5396,153919.33352732033
5397,154252.74148559847
5398,154586.73527826383
5399,154921.31593311948
5400,155256.4844797644
5401,155592.2654056978
5402,155928.64134917973
5403,156265.60833417575
5404,156603.16739759603
5405,156941.32951574045
5406,157280.10206670171
5407,157619.46986376704
5408,157959.43395120054
5409,158299.99537509136
5410,158641.1784409001
5411,158982.96170760502
5412,159325.34550223846
5413,159668.33087830042
5414,160011.93185573508
5415,160356.14542379114
5416,160700.9637832556
5417,161046.38799508574
5418,161392.42408582356
5419,161739.0829596675
5420,162086.35091462175
5421,162434.22901914507
5422,162782.71834356332
5423,163131.8366675847
5424,163481.56942038288
5425,163831.91664651924
5426,164182.87942388162
5427,164534.46965748048
5428,164886.6830899428
5429,165239.51534727105
5430,165592.9675149619
5431,165947.04442139217
5432,166301.7539372258
5433,166657.08665636953
5434,167013.0436719739
5435,167369.62607910184
5436,167726.84595983822
5437,168084.69474647832
5438,168443.17224294538
5439,168802.27955201844
5440,169162.02357846525
5441,169522.4042119829
5442,169883.4179962642
5443,170245.06604185188
5444,170607.3516513632
5445,170970.28008357
5446,171333.84613534875
5447,171698.05092505337
5448,172062.89557299393
5449,172428.38784185285
5450,172794.5223123537
5451,173161.30002561837
5452,173528.72210983135
5453,173896.79343010238
5454,174265.51264098464
5455,174634.87962798466
5456,175004.8955272099
5457,175375.56326615548
5458,175746.88370848563
5459,176118.8564890968
5460,176491.4827520707
5461,176864.76425355434
5462,177238.70258684776
5463,177613.29784968874
5464,177988.55119418463
5465,178364.46379196155
5466,178741.0368433051
5467,179118.27144485828
5468,179496.1687568041
5469,179874.7297869336
5470,180253.954550171
5471,180633.84551396596
5472,181014.4038466282
5473,181395.63065905703
5474,181777.5242940475
5475,182160.088809919
5476,182543.325383159
5477,182927.23519231286
5478,183311.8151844766
5479,183697.07060788458
5480,184083.0028074776
5481,184469.6129700463
5482,184856.89686205497
5483,185244.8607134686
5484,185633.50609048654
5485,186022.83418819687
5486,186412.83950606183
5487,186803.5294704077
5488,187194.90574066443
5489,187586.9695202723
5490,187979.7138416432
5491,188373.14776780957
5492,188767.27281136604
5493,189162.08998832398
5494,189557.59114657663
5495,189953.78704697706
5496,190350.6789077045
5497,190748.26681579158
5498,191146.54325765686
5499,191545.5193078471
5500,191945.19619304294
5501,192345.57254484468
5502,192746.6425767241
5503,193148.41711507415
5504,193550.89739513322
5505,193954.07998582488
5506,194357.96207637893
5507,194762.55360380068
5508,195167.855811941
5509,195573.86252548263
5510,195980.57530540237
5511,196388.0024851193
5512,196796.14531715258
5513,197204.99413206344
5514,197614.55639389504
5515,198024.83805126775
5516,198435.84036542504
5517,198847.54936016948
5518,199259.9800581858
5519,199673.1351805808
5520,200087.01331522962
5521,200501.60335539066
5522,200916.9216055049
5523,201332.96934220995
5524,201749.740075946
5525,202167.2318587342
5526,202585.45693846082
5527,203004.41660064692
5528,203424.0982802188
5529,203844.5112108742
5530,204265.6625593308
5531,204687.55333760098
5532,205110.16471110279
5533,205533.5183562331
5534,205957.6155741847
5535,206382.450123634
5536,206808.01675925497
5537,207234.33084691796
5538,207661.39369686108
5539,208089.19067398284
5540,208517.732426697
5541,208947.02684652465
5542,209377.07284908977
5543,209807.84980681434
5544,210239.38334960697
5545,210671.67480365094
5546,211104.7254667641
5547,211538.50888799093
5548,211973.05416403047
5549,212408.36263026614
5550,212844.43562441412
5551,213281.2472360323
5552,213718.82436082637
5553,214157.169989868
5554,214596.2854701484
5555,215036.14477044935
5556,215476.774031458
5557,215918.1771461688
5558,216360.35547091058
5559,216803.28201790497
5560,217246.9838742227
5561,217691.4649693986
5562,218136.72666916242
5563,218582.7401180221
5564,219029.5352001271
5565,219477.1149422453
5566,219925.48045446805
5567,220374.60082887043
5568,220824.50993843522
5569,221275.20916546485
5570,221726.69664203134
5571,222178.94653216287
5572,222631.99064192895
5573,223085.83036320523
5574,223540.45972542503
5575,223995.86023820384
5576,224452.06049191562
5577,224909.06188807092
5578,225366.85317756864
5579,225825.42559060428
5580,226284.80330299248
5581,226744.9877259429
5582,227205.9611091532
5583,227667.72687078998
5584,228130.30352761727
5585,228593.6925006071
5586,229057.86312062002
5587,229522.83674535374
5588,229988.62688635188
5589,230455.2349743937
5590,230922.6514026675
5591,231390.85435587683
5592,231859.87948386295
5593,232329.72822727886
5594,232800.40202928908
5595,233271.8653961661
5596,233744.14719701037
5597,234217.25831949105
5598,234691.20021672721
5599,235165.9561630298
5600,235641.5165050615
5601,236117.9119130731
5602,236595.14385020564
5603,237073.21356507504
5604,237552.07449858673
5605,238031.77628087543
5606,238512.32038516918
5607,238993.7082872636
5608,239475.9088877666
5609,239958.9393149411
5610,240442.81789583844
5611,240927.54611642731
5612,241413.10643630422
5613,241899.48341219456
5614,242386.71440468825
5615,242874.80090997907
5616,243363.7444268683
5617,243853.50797941574
5618,244344.11389540473
5619,244835.5812365445
5620,245327.91151194824
5621,245821.1025541414
5622,246315.1060932608
5623,246809.97700945818
5624,247305.71682222592
5625,247802.32705370398
5626,248299.7813360973
5627,248798.0787539934
5628,249297.25107073272
5629,249797.29981892076
5630,250298.22653383683
5631,250799.97761748248
5632,251302.60559203272
5633,251806.11605113043
5634,252310.5105406069
5635,252815.7653787152
5636,253321.87235172515
5637,253828.86790306313
5638,254336.75358918376
5639,254845.5309692572
5640,255355.14395529169
5641,255865.6481669982
5642,256377.04865896868
5643,256889.34700108407
5644,257402.51365636237
5645,257916.55028312045
5646,258431.48937702127
5647,258947.33251873
5648,259464.07498472673
5649,259981.66393098494
5650,260500.1615658978
5651,261019.56948097647
5652,261539.8892705042
5653,262061.09235399507
5654,262583.17259245034
5655,263106.16938535636
5656,263630.0843379312
5657,264154.9190581928
5658,264680.6108972124
5659,265207.2125382302
5660,265734.7386518529
5661,266263.1908570978
5662,266792.570775805
5663,267322.8242563955
5664,267853.98584654904
5665,268386.07989462075
5666,268919.1080335441
5667,269453.07189909613
5668,269987.92249909724
5669,270523.68294556276
5670,271060.3839030429
5671,271598.02701850265
5672,272136.61394177494
5673,272676.0974009622
5674,273216.4959725888
5675,273757.84317673434
5676,274300.14067451115
5677,274843.39012992807
5678,275387.5424601786
5679,275932.61878870055
5680,276478.65194027766
5681,277025.643590291
5682,277573.5954170422
5683,278122.4529115577
5684,278672.24699293694
5685,279223.0061575682
5686,279774.7320952231
5687,280327.42649861437
5688,280881.02574029966
5689,281435.5779361951
5690,281991.103545833
5691,282547.60427349416
5692,283105.0818264263
5693,283663.45969552826
5694,284222.81073488767
5695,284783.1435894064
5696,285344.4599779953
5697,285906.7528803679
5698,286469.95530364907
5699,287034.14628441393
5700,287599.3275533163
5701,288165.50084402174
5702,288732.63957848196
5703,289300.7148815886
5704,289869.7872725049
5705,290439.85849673644
5706,291010.9303028307
5707,291582.95259827183
5708,292155.9425499501
5709,292729.9381924814
5710,293304.9412863505
5711,293880.95359510963
5712,294457.8975030585
5713,295035.8442461414
5714,295614.8053564823
5715,296194.7826096735
5716,296775.7569604469
5717,297357.6816839889
5718,297940.6277374951
5719,298524.5969086761
5720,299109.59098835685
5721,299695.5562514844
5722,300282.51437310316
5723,300870.502634429
5724,301459.52283850993
5725,302049.5744206472
5726,302640.571933913
5727,303232.6066564674
5728,303825.68040366215
5729,304419.7949940082
5730,305014.90274936805
5731,305611.0008802085
5732,306208.14514690475
5733,306806.3373803441
5734,307405.57941459795
5735,308005.8252900936
5736,308607.06723177875
5737,309209.3643110361
5738,309812.71837441705
5739,310417.1312716846
5740,311022.55662963813
5741,311628.98613716057
5742,312236.4798600937
5743,312845.03966078203
5744,313454.66740481346
5745,314065.31321109127
5746,314676.97471590416
5747,315289.7095912592
5748,315903.51971543074
5749,316518.406969962
5750,317134.31322447927
5751,317751.2515504714
5752,318369.27248010825
5753,318988.3779077274
5754,319608.5697309594
5755,320229.7767686974
5756,320852.0371345474
5757,321475.38941579417
5758,322099.8355229723
5759,322725.3773699376
5760,323351.92586614797
5761,323979.55388776993
5762,324608.28321587277
5763,325238.1157773223
5764,325869.05162195495
5765,326500.9844774099
5766,327134.02617048204
5767,327768.1786411366
5768,328403.4438327112
5769,329039.7951062227
5770,329677.17851595284
5771,330315.6802985315
5772,330955.3024105031
5773,331596.0468118176
5774,332237.85515707167
5775,332880.7358629353
5776,333524.74455814285
5777,334169.8832159616
5778,334816.15381309047
5779,335463.4612311057
5780,336111.88638209534
5781,336761.44922089064
5782,337412.15173762164
5783,338063.97308990767
5784,338716.84477969276
5785,339370.8619347666
5786,340026.0265587784
5787,340682.3406588604
5788,341339.7374457273
5789,341998.23926403146
5790,342657.8963950167
5791,343318.7108594493
5792,343980.68287884374
5793,344643.6999198481
5794,345307.88017038215
5795,345973.22566493775
5796,346639.73844154
5797,347307.3634243649
5798,347976.0976208267
5799,348646.0050254456
5800,349317.0876900899
5801,349989.34767019143
5802,350662.669300371
5803,351337.16971012886
5804,352012.8534119138
5805,352689.7224751138
5806,353367.71658714465
5807,354046.8413132566
5808,354727.15741779015
5809,355408.6669841868
5810,356091.36168932467
5811,356775.1422601925
5812,357460.12235064583
5813,358146.3040582694
5814,358833.68948428944
5815,359522.1885235907
5816,360211.8538172482
5817,360902.72892005043
5818,361594.8159474564
5819,362288.1170185979
5820,362982.5053648448
5821,363678.10571943567
5822,364374.92626015795
5823,365072.96912049246
5824,365772.201409465
5825,366472.55907850206
5826,367174.14525087154
5827,367876.9620745008
5828,368581.0117010464
5829,369286.21448809904
5830,369992.5986166113
5831,370700.2217841518
5832,371409.08615694195
5833,372119.1939049689
5834,372830.41292849096
5835,373542.8750267549
5836,374256.5867891739
5837,374971.5504004189
5838,375687.7156371369
5839,376405.04945872293
5840,377123.6414602893
5841,377843.49384129175
5842,378564.60880500835
5843,379286.8736207379
5844,380010.378916585
5845,380735.1531798483
5846,381461.1986287132
5847,382188.4769427893
5848,382916.92879301065
5849,383646.65825634944
5850,384377.6675659958
5851,385109.95895901986
5852,385843.42161794106
5853,386578.13980368583
5854,387314.146554612
5855,388051.444122921
5856,388789.98881782434
5857,389529.7294518614
5858,390270.76742846944
5859,391013.1050150799
5860,391756.744483062
5861,392501.5597323483
5862,393247.66292179417
5863,393995.0745728223
5864,394743.79697216075
5865,395493.7640823193
5866,396244.96667315875
5867,396997.48663646384
5868,397751.3262744202
5869,398506.47684878786
5870,399262.81322938745
5871,400020.4759529768
5872,400779.46733730397
5873,401539.78970414115
5874,402301.33804934693
5875,403064.178179521
5876,403828.35601660213
5877,404593.8738980506
5878,405360.6775076578
5879,406128.7298868604
5880,406898.1290795515
5881,407668.87743898656
5882,408440.96889834513
5883,409214.26856268063
5884,409988.92420782865
5885,410764.9382029452
5886,411542.31292129273
5887,412320.93261486135
5888,413100.8800004511
5889,413882.19498040265
5890,414664.87994400837
5891,415448.86137473787
5892,416234.1359766237
5893,417020.78747875354
5894,417808.8182865542
5895,418598.1951004239
5896,419388.83257860376
5897,420180.8563247081
5898,420974.26876040717
5899,421769.0723115668
5900,422565.1111746492
5901,423362.5430667269
5902,424161.3730945311
5903,424961.6037003019
5904,425763.1140621634
5905,426565.9901775828
5906,427370.27393736434
5907,428175.96780023153
5908,428982.9844711851
5909,429791.3410572009
5910,430601.1148590071
5911,431412.3083519151
5912,432224.86656838935
5913,433038.7400359307
5914,433854.040353757
5915,434670.77001387347
5916,435488.9054618475
5917,436308.33237848425
5918,437129.1958432303
5919,437951.498364891
5920,438775.24245662347
5921,439600.2642888469
5922,440426.7276803438
5923,441254.6399070661
5924,442084.0034991093
5925,442914.6829165259
5926,443746.7831545217
5927,444580.34206997266
5928,445415.3622100201
5929,446251.7363646445
5930,447089.51049861155
5931,447928.75321639347
5932,448769.46708228934
5933,449611.5737005148
5934,450455.05889811803
5935,451300.02265022066
5936,452146.4675383927
5937,452994.34496951324
5938,453843.57850356435
5939,454694.3006272984
5940,455546.51393966284
5941,456400.20121329423
5942,457255.22044699296
5943,458111.73837020155
5944,458969.75759935245
5945,459829.2807554097
5946,460690.13686394
5947,461552.4880882427
5948,462416.35080066824
5949,463281.7276398086
5950,464148.48092256737
5951,465016.70300437155
5952,465886.4468214314
5953,466757.7150300741
5954,467630.40686216514
5955,468504.5373911134
5956,469380.19996744633
5957,470257.39726533653
5958,471136.07004382525
5959,472016.1466183104
5960,472897.76561730437
5961,473780.9297329375
5962,474665.62712043547
5963,475551.6887488917
5964,476439.3032464338
5965,477328.47332326655
5966,478219.2016942827
5967,479111.32171244425
5968,480004.9722813044
5969,480900.18896228226
5970,481796.9744884926
5971,482695.2025143573
5972,483594.9299996059
5973,484496.23420043755
5974,485399.11786831164
5975,486303.4892144225
5976,487209.3347351919
5977,488116.767646114
5978,489025.7907171119
5979,489936.3409337268
5980,490848.34588497586
5981,491761.94897252053
5982,492677.15298486734
5983,493593.91786155803
5984,494512.1239158613
5985,495431.93892464833
5986,496353.36569512956
5987,497276.38126238337
5988,498200.8303717301
5989,499126.8993262639
5990,500054.5909520253
5991,500983.8922995308
5992,501914.6095867872
5993,502846.9576529467
5994,503780.9393429538
5995,504716.5575066694
5996,505653.6497859869
5997,506592.31931786676
5998,507532.63349939964
5999,508474.59519950394
6000,509418.11432804225
6001,510363.14796273725
6002,511309.8373465565
6003,512258.18536760326
6004,513208.16766435147
6005,514159.6083237829
6006,515112.71590595914
6007,516067.49331829185
6008,517023.94347321446
6009,517981.86623886053
6010,518941.4353026183
6011,519902.6854642225
6012,520865.61965557374
6013,521830.0886546312
6014,522796.1627722091
6015,523763.92933057144
6016,524733.3912812172
6017,525704.4436337749
6018,526677.0666682944
6019,527651.3935622799
6020,528627.4272869539
6021,529605.1003622419
6022,530584.3164695929
6023,531565.247931332
6024,532547.8977385291
6025,533532.229156556
6026,534518.0827872991
6027,535505.6633440851
6028,536494.9738379664
6029,537486.0014711608
6030,538478.5373724345
6031,539472.8118486435
6032,540468.8279309523
6033,541466.5886557628
6034,542465.8421471732
6035,543466.8446145294
6036,544469.6004155074
6037,545474.1126067503
6038,546480.1849155942
6039,547487.9606468874
6040,548497.5015174393
6041,549508.8106042698
6042,550521.7399530625
6043,551536.3345224437
6044,552552.7061153451
6045,553570.8578292999
6046,554590.6826966031
6047,555612.1419815331
6048,556635.3902533853
6049,557660.4306303358
6050,558687.1897524209
6051,559715.5599356372
6052,560745.7311488328
6053,561777.7065309571
6054,562811.4389034805
6055,563846.7664749757
6056,564883.9071996777
6057,565922.8642374485
6058,566963.6091171285
6059,568005.940876138
6060,569050.0979922747
6061,570096.08364645
6062,571143.8805527597
6063,572193.2636097667
6064,573244.4843090373
6065,574297.5458526735
6066,575352.4345695409
6067,576408.9163482876
6068,577467.2481361835
6069,578527.4331566539
6070,579589.4537341641
6071,580653.0819736852
6072,581718.5726715203
6073,582785.9290725535
6074,583855.1218286696
6075,584925.9445853335
6076,585998.6423322865
6077,587073.2183360149
6078,588149.6238583006
6079,589227.6895078635
6080,590307.6427630403
6081,591389.4869120602
6082,592473.1460594187
6083,593558.503299093
6084,594645.7608435954
6085,595734.9220030431
6086,596825.8759074648
6087,597918.5737579963
6088,599013.1846970076
6089,600109.7120566424
6090,601208.002124958
6091,602308.0899327238
6092,603410.1036976066
6093,604514.0467739152
6094,605619.7146895656
6095,606727.2421286802
6096,607836.7084790816
6097,608948.117117392
6098,610061.2048422025
6099,611176.221916638
6100,612293.1909426183
6101,613412.0697121263
6102,614532.6650951955
6103,615655.2221409146
6104,616779.7442650836
6105,617906.1164074427
6106,619034.2892404902
6107,620164.4369275894
6108,621296.5629072536
6109,622430.4711561102
6110,623566.2723579044
6111,624704.0616927784
6112,625843.8426221074
6113,626985.2720094913
6114,628128.6938289256
6115,629274.1170453753
6116,630421.5451430449
6117,631570.7787870836
6118,632721.8720151894
6119,633874.9799916098
6120,635030.1062235226
6121,636187.1851277184
6122,637346.000889613
6123,638506.8448390451
6124,639669.7205063122
6125,640834.6314277914
6126,642001.2757039376
6127,643169.9071762057
6128,644340.5839172858
6129,645513.3094868651
6130,646687.8929968798
6131,647864.3638807427
6132,649042.8936735991
6133,650223.4859585915
6134,651406.0506023393
6135,652590.4131276602
6136,653776.8482919273
6137,654965.3597018927
6138,656155.9476576585
6139,657348.2543975804
6140,658542.647596748
6141,659739.1308856785
6142,660937.70790113
6143,662138.0884850675
6144,663340.4927286771
6145,664545.0009971904
6146,665751.6169513189
6147,666960.1175069917
6148,668170.5861528422
6149,669383.1728503971
6150,670597.8812844787
6151,671814.5449109498
6152,673033.1316673225
6153,674253.8505944477
6154,675476.7054014113
6155,676701.5754837412
6156,677928.3344116299
6157,679157.2397221571
6158,680388.2951488259
6159,681621.4153598738
6160,682856.4008752354
6161,684093.5470785551
6162,685332.8577279028
6163,686574.2720301418
6164,687817.5389061648
6165,689062.9808694883
6166,690310.6017029143
6167,691560.3543502528
6168,692811.9577196233
6169,694065.7506702634
6170,695321.7370098673
6171,696579.8725494852
6172,697839.8679066822
6173,699102.0674343492
6174,700366.4749652285
6175,701633.0382394253
6176,702901.481443021
6177,704172.1435021259
6178,705445.0282746911
6179,706720.0644227386
6180,707997.0116977146
6181,709276.1926096912
6182,710557.6110419837
6183,711841.1382533435
6184,713126.5434874331
6185,714414.1970574309
6186,715704.1028718706
6187,716996.2648460014
6188,718290.5039287815
6189,719586.6858271972
6190,720885.1347896095
6191,722185.8547566825
6192,723488.8496758484
6193,724793.8680719897
6194,726100.9163086527
6195,727410.2504911334
6196,728721.8745924867
6197,730035.7925925801
6198,731351.6583046876
6199,732669.6632883614
6200,733989.9732546356
6201,735312.5922092082
6202,736637.5241646456
6203,737964.3057602651
6204,739293.358640405
6205,740624.7356961179
6206,741958.440966003
6207,743294.3919000791
6208,744632.2451115329
6209,745972.4377841644
6210,747314.973982773
6211,748659.857779124
6212,750006.8484219083
6213,751355.9145986686
6214,752707.3397123191
6215,754061.1278610302
6216,755417.2831500041
6217,756775.3836679965
6218,758135.7560573828
6219,759498.507019048
6220,760863.6406848035
6221,762231.06393221
6222,763600.4423347447
6223,764972.2149472962
6224,766346.385928456
6225,767722.95944395
6226,769101.6192839285
6227,770482.4727649969
6228,771865.7403805121
6229,773251.426323192
6230,774639.5090759752
6231,776029.5030252624
6232,777421.9269767883
6233,778816.7851504302
6234,780214.0817732995
6235,781613.5297239352
6236,783015.1700982158
6237,784419.260692324
6238,785825.8057607487
6239,787234.7783084739
6240,788645.6955797477
6241,790059.0791719626
6242,791474.9333671536
6243,792893.2624546954
6244,794313.7307193251
6245,795736.4682778362
6246,797161.6926722033
6247,798589.4082195681
6248,800019.5042868856
6249,801451.6571728692
6250,802886.3132324569
6251,804323.4768107284
6252,805763.152260206
6253,807204.8765035104
6254,808649.0260904467
6255,810095.699667451
6256,811544.901615209
6257,812996.3584088674
6258,814450.0637838264
6259,815906.3097265934
6260,817365.1006461891
6261,818826.3365299037
6262,820289.6603545871
6263,821755.5414318322
6264,823223.9841991756
6265,824694.9931017508
6266,826168.051358317
6267,827643.6307429355
6268,829121.7886387857
6269,830602.5295197362
6270,832085.4738735245
6271,833570.8151451043
6272,835058.751857575
6273,836549.2885137283
6274,838042.164617424
6275,839537.3275694668
6276,841035.1029939344
6277,842535.4954227079
6278,844038.3672994731
6279,845543.4164167668
6280,847051.0951480477
6281,848561.4080544733
6282,850074.3231899572
6283,851589.3233703164
6284,853106.9704169394
6285,854627.2689204369
6286,856150.2234792581
6287,857675.2917003873
6288,859202.9724871912
6289,860733.3221241758
6290,862266.3452394817
6291,863801.5662729394
6292,865339.34664369
6293,866879.8133701965
6294,868422.971110472
6295,869968.393558436
6296,871516.3397784571
6297,873066.9899727708
6298,874620.3488294459
6299,876176.0216407508
6300,877734.2003995661
6301,879295.1008648704
6302,880858.7277549731
6303,882424.7002261592
6304,883993.1786401544
6305,885564.3966071911
6306,887138.3588760103
6307,888714.6806524214
6308,890293.5262675108
6309,891875.1293972533
6310,893459.4948210192
6311,895046.215897945
6312,896635.4966922535
6313,898227.5530786031
6314,899822.3898671755
6315,901419.5605910309
6316,903019.3449775975
6317,904621.9231500805
6318,906227.29994966
6319,907834.9710192087
6320,909445.3278486994
6321,911058.4967751814
6322,912674.4826710302
6323,914292.7051386455
6324,915913.7037020784
6325,917537.5327915007
6326,919164.156698836
6327,920793.0225836437
6328,922424.7326151308
6329,924059.2917202517
6330,925696.5557786917
6331,927336.1846762168
6332,928978.676355719
6333,930624.0357758794
6334,932271.9920168314
6335,933922.4544357386
6336,935575.7983918329
6337,937232.0288757255
6338,938890.7296890534
6339,940552.0965886774
6340,942216.3639013502
6341,943883.5366498075
6342,945553.0347852752
6343,947225.3775784076
6344,948900.6397818453
6345,950578.7179144529
6346,952259.1750193863
6347,953942.5655750924
6348,955628.8946605001
6349,957317.8618531531
6350,959009.4198392152
6351,960703.9304856597
6352,962401.3989040854
6353,964101.308902697
6354,965804.0404365464
6355,967509.7439638266
6356,969218.3396144911
6357,970929.3315448902
6358,972643.3097572189
6359,974360.2794202255
6360,976079.9113654152
6361,977802.2040229124
6362,979527.5025113146
6363,981255.8120325927
6364,982986.5350250938
6365,984720.2023515439
6366,986456.8951833885
6367,988196.4115552318
6368,989938.4879183124
6369,991683.6043274751
6370,993431.7660428088
6371,995182.4687189234
6372,996936.0491592479
6373,998692.6895396961
6374,1000452.1983998271
6375,1002214.0058777417
6376,1003978.8875141788
6377,1005746.8486271286
6378,1007517.8945436131
6379,1009291.7578414085
6380,1011068.012590219
6381,1012847.3664737545
6382,1014629.8248523897
6383,1016415.3930956124
6384,1018203.685007618
6385,1019994.5041468932
6386,1021788.4475955853
6387,1023585.5207567808
6388,1025385.7290427512
6389,1027188.5243511329
6390,1028994.0259282092
6391,1030802.6771893846
6392,1032614.483580792
6393,1034429.4505578034
6394,1036246.8246546984
6395,1038067.1276516542
6396,1039890.6059089064
6397,1041717.264915952
6398,1043547.1101715991
6399,1045379.0165051495
6400,1047214.118065596
6401,1049052.4204514138
6402,1050893.9291954204
6403,1052738.6498398243
6404,1054585.7792454078
6405,1056435.7981904314
6406,1058289.043726924
6407,1060145.5214313513
6408,1062005.2368896462
6409,1063867.65853879
6410,1065732.7146200396
6411,1067601.0232613764
6412,1069472.5900832524
6413,1071347.4207156422
6414,1073225.2043484722
6415,1075105.418255043
6416,1076988.9108943613
6417,1078875.6879311868
6418,1080765.7550398738
6419,1082658.9709690618
6420,1084554.4643344658
6421,1086453.2628108372
6422,1088355.3721075694
6423,1090260.797943738
6424,1092169.5170584824
6425,1094080.4124676222
6426,1095994.6395730367
6427,1097912.204129095
6428,1099833.1118999207
6429,1101757.3686593939
6430,1103683.826666156
6431,1105613.6061525876
6432,1107546.7499289175
6433,1109483.2638046471
6434,1111423.1535991214
6435,1113365.2753763353
6436,1115310.7319628203
6437,1117259.5798889764
6438,1119211.8250100298
6439,1121167.4731911265
6440,1123125.331511489
6441,1125086.5908912823
6442,1127051.2688726005
6443,1129019.3713567453
6444,1130990.8237763953
6445,1132964.5724847447
6446,1134941.7613324777
6447,1136922.3962572543
6448,1138906.4832067867
6449,1140893.8020463793
6450,1142883.580241849
6451,1144876.8262207804
6452,1146873.5459675216
6453,1148873.745476533
6454,1150877.0051690487
6455,1152882.9412942952
6456,1154892.373063575
6457,1156905.3065082657
6458,1158921.7476699324
6459,1160941.0232532904
6460,1162963.2467525841
6461,1164988.9939745802
6462,1167018.270998027
6463,1169051.0839119542
6464,1171086.4510331636
6465,1173125.0923597554
6466,1175167.2857074195
6467,1177213.037202637
6468,1179262.2716546806
6469,1181313.8879015788
6470,1183369.0785250848
6471,1185427.8496893577
6472,1187490.2075689735
6473,1189555.6686011525
6474,1191623.937944113
6475,1193695.8103579762
6476,1195771.2920552676
6477,1197850.3892590073
6478,1199932.0604149387
6479,1202016.9891718025
6480,1204105.5496969144
6481,1206197.7482511506
6482,1208293.5911059445
6483,1210392.1087114464
6484,1212493.8291121258
6485,1214599.21020067
6486,1216708.2582866533
6487,1218820.9796902866
6488,1220936.4140234925
6489,1223055.0593167704
6490,1225177.3944414193
6491,1227303.4257560624
6492,1229433.1596300518
6493,1231565.581543571
6494,1233701.2860044432
6495,1235840.7096657043
6496,1237983.8589353922
6497,1240130.740232354
6498,1242280.2211570533
6499,1244433.1200941373
6500,1246589.767827777
6501,1248750.1708157966
6502,1250914.3355268908
6503,1253080.9474756625
6504,1255251.1772386148
6505,1257425.185623096
6506,1259602.979137073
6507,1261784.4840135314
6508,1263968.379871032
6509,1266156.0778580515
6510,1268347.5845220396
6511,1270542.9064214625
6512,1272741.670209505
6513,1274943.1425085647
6514,1277148.4471739172
6515,1279357.5908038057
6516,1281570.580007572
6517,1283786.6763563396
6518,1286005.8643814244
6519,1288228.9152430156
6520,1290455.8355905158
6521,1292686.632084523
6522,1294920.1352396025
6523,1297157.1793447551
6524,1299398.116991754
6525,1301642.9548815396
6526,1303891.5606596102
6527,1306142.6845336137
6528,1308397.7261500994
6529,1310656.69225059
6530,1312919.589587951
6531,1315185.7340629168
6532,1317454.966835963
6533,1319728.148479981
6534,1322005.2857887028
6535,1324286.3855672835
6536,1326569.9172858668
6537,1328857.1315293198
6538,1331148.3255409126
6539,1333443.506166163
6540,1335742.680262077
6541,1338044.9575376867
6542,1340350.2760255595
6543,1342659.6053826956
6544,1344972.9525067054
6545,1347290.324306771
6546,1349611.495109637
6547,1351935.0586230247
6548,1354262.6643419
6549,1356594.3192163303
6550,1358930.0302080545
6551,1361269.8042904816
6552,1363612.1033380071
6553,1365958.1274926492
6554,1368308.2324286532
6555,1370662.4251606776
6556,1373020.7127151364
6557,1375382.038923637
6558,1377746.624653226
6559,1380115.323028772
6560,1382488.1411182187
6561,1384865.0860013685
6562,1387245.498902033
6563,1389628.790418259
6564,1392016.2266854863
6565,1394407.8148253295
6566,1396803.5619713492
6567,1399203.121596619
6568,1401605.2641910797
6569,1404011.5838837137
6570,1406422.0878501984
6571,1408836.7832782194
6572,1411255.5501646267
6573,1413676.6902162582
6574,1416102.0399570644
6575,1418531.6066171553
6576,1420965.3974387345
6577,1423403.419676142
6578,1425843.7176123268
6579,1428288.2451205917
6580,1430737.0224394766
6581,1433190.0568660984
6582,1435647.3557097756
6583,1438107.000404623
6584,1440570.8545036602
6585,1443038.9915522747
6586,1445511.4189028738
6587,1447988.1439201517
6588,1450467.1975582899
6589,1452950.528183037
6590,1455438.1751456624
6591,1457930.145854242
6592,1460426.357332477
6593,1462924.9730115526
6594,1465427.931216169
6595,1467935.2393980268
6596,1470446.905021271
6597,1472962.6341048765
6598,1475480.9957090484
6599,1478003.7336745618
6600,1480530.8555094835
6601,1483062.368734428
6602,1485597.6790446877
6603,1488135.9396353827
6604,1490678.6106773785
6605,1493225.6997355106
6606,1495777.2143872536
6607,1498332.1700696652
6608,1500890.4838488274
6609,1503453.2424251637
6610,1506020.4534206837
6611,1508592.124470108
6612,1511166.7901972877
6613,1513745.3125151573
6614,1516328.314233762
6615,1518915.8030326783
6616,1521507.786604281
6617,1524102.2275788742
6618,1526701.1149417793
6619,1529304.5165684468
6620,1531912.440196409
6621,1534524.3070605623
6622,1537139.1755336835
6623,1539758.585611887
6624,1542382.5450781195
6625,1545011.0617282845
6626,1547642.8178814005
6627,1550278.3325832675
6628,1552918.424218843
6629,1555563.1006297483
6630,1558212.3657491803
6631,1560864.0817979814
6632,1563520.402485958
6633,1566181.3357007015
6634,1568846.8893429262
6635,1571516.1594759414
6636,1574188.8066542097
6637,1576866.0942715511
6638,1579548.0302749588
6639,1582234.6226246632
6640,1584923.9654151166
6641,1587617.705592316
6642,1590316.1222761413
6643,1593019.2234734085
6644,1595726.2093864214
6645,1598436.5008421016
6646,1601151.4970877753
6647,1603871.2061771085
6648,1606595.6361771654
6649,1609322.8131385834
6650,1612054.4883926206
6651,1614790.9049844553
6652,1617532.0710283122
6653,1620276.9775475492
6654,1623025.4318244143
6655,1625778.6560979807
6656,1628536.6585298972
6657,1631299.3310924147
6658,1634064.6649774092
6659,1636834.7976836427
6660,1639609.7374204372
6661,1642389.4924107527
6662,1645172.527415997
6663,1647959.6698804314
6664,1650751.6484143904
6665,1653548.471288827
6666,1656349.3606843222
6667,1659153.6148100107
6668,1661962.734211795
6669,1664776.7272088844
6670,1667595.5083159292
6671,1670416.9765863568
6672,1673243.339507927
6673,1676074.605448375
6674,1678910.782789296
6675,1681750.1013254449
6676,1684593.8110029984
6677,1687442.4532926092
6678,1690296.0366247164
6679,1693153.3371549603
6680,1696014.4974118776
6681,1698880.620044519
6682,1701751.7135324327
6683,1704626.9084658711
6684,1707505.231558983
6685,1710388.5462827708
6686,1713276.8611649852
6687,1716170.184747486
6688,1719067.2919150009
6689,1721967.89875685
6690,1724873.535224
6691,1727784.2099068358
6692,1730699.9314099473
6693,1733618.9990267565
6694,1736542.0578021354
6695,1739470.1844733423
6696,1742403.3876938068
6697,1745341.676131282
6698,1748282.752851232
6699,1751228.4329328772
6700,1754179.219458543
6701,1757135.121145132
6702,1760095.946191584
6703,1763059.2816402316
6704,1766027.7535942094
6705,1769001.370819831
6706,1771980.1420979018
6707,1774963.0588281576
6708,1777949.3188690243
6709,1780940.754459836
6710,1783937.3744311316
6711,1786939.1876280312
6712,1789944.245938095
6713,1792953.6032564333
6714,1795968.1754518976
6715,1798987.9714196725
6716,1802012.8673520198
6717,1805040.2502960535
6718,1808072.8787832395
6719,1811110.7617590756
6720,1814153.9081838105
6721,1817201.030568399
6722,1820251.8199508241
6723,1823307.894708643
6724,1826369.2638527504
6725,1829435.9364088834
6726,1832505.33639047
6727,1835579.708239908
6728,1838659.405584454
6729,1841744.4375008177
6730,1844833.7674553304
6731,1847926.5422403459
6732,1851024.673801473
6733,1854128.1712666636
6734,1857237.0437788852
6735,1860348.738519699
6736,1863465.4108468005
6737,1866587.4805834107
6738,1869714.9569240597
6739,1872846.6408157619
6740,1875981.960989158
6741,1879122.7102514633
6742,1882268.8978490361
6743,1885420.5330434341
6744,1888574.6704276064
6745,1891734.2069987059
6746,1894899.2138112625
6747,1898069.7001789846
6748,1901243.8872952994
6749,1904422.319483663
6750,1907606.2539953713
6751,1910795.7001965537
6752,1913989.9616622748
6753,1917187.3982976298
6754,1920390.369514652
6755,1923598.8847321442
6756,1926812.9533843629
6757,1930029.795965582
6758,1933251.9134112129
6759,1936479.6073457166
6760,1939712.8872563709
6761,1942949.866945662
6762,1946191.2406546723
6763,1949438.2235190785
6764,1952690.8250794294
6765,1955947.9676270473
6766,1959208.7081390915
6767,1962475.0906518714
6768,1965747.1247594622
6769,1969024.4563258435
6770,1972304.6746779059
6771,1975590.5680555413
6772,1978882.1461066084
6773,1982179.4184947852
6774,1985479.5009965927
6775,1988785.0169448564
6776,1992096.2508255902
6777,1995413.2123566065
6778,1998733.549722613
6779,2002058.8004266173
6780,2005389.8025031954
6781,2008726.5657245421
6782,2012066.8312855954
6783,2015411.334457385
6784,2018761.6215946346
6785,2022117.7025224525
6786,2025479.58708203
6787,2028844.517392383
6788,2032214.1969152058
6789,2035589.7030468793
6790,2038971.0456818175
6791,2042358.2347306218
6792,2045747.8455662814
6793,2049142.8849493887
6794,2052543.7938807602
6795,2055950.5823245603
6796,2059362.8863842562
6797,2062777.5676188208
6798,2066198.1516209003
6799,2069624.6484084679
6800,2073057.0680158522
6801,2076494.0721873995
6802,2079934.4405899167
6803,2083380.7552262489
6804,2086833.0261848695
6805,2090291.263570695
6806,2093752.9842272412
6807,2097219.2267758055
6808,2100691.4593254095
6809,2104169.6920354553
6810,2107653.9350818926
6811,2111140.3888151613
6812,2114632.6937570055
6813,2118131.0327698234
6814,2121635.416084371
6815,2125144.5688685644
6816,2128657.057567656
6817,2132175.614426328
6818,2135700.249730403
6819,2139230.9737824383
6820,2142764.880619928
6821,2146303.7674343134
6822,2149848.767016871
6823,2153399.8897255473
6824,2156956.494557018
6825,2160515.824006021
6826,2164081.3007258433
6827,2167652.9351300756
6828,2171230.7376492475
6829,2174812.118142695
6830,2178398.185430637
6831,2181990.4451421937
6832,2185588.9077638634
6833,2189192.9856406245
6834,2192799.7575018844
6835,2196412.756707643
6836,2200031.993800635
6837,2203657.4793407237
6838,2207286.355113571
6839,2210920.2085777884
6840,2214560.3350890856
6841,2218206.745263885
6842,2221858.31824909
6843,2225513.1413156805
6844,2229174.2727726926
6845,2232841.723293375
6846,2236515.503568302
6847,2240191.8973020697
6848,2243874.1498148856
6849,2247562.756976089
6850,2251257.729533406
6851,2254956.820741405
6852,2258660.3110050824
6853,2262370.191687181
6854,2266086.47359285
6855,2269808.2576678675
6856,2273533.1029646876
6857,2277264.3746360643
6858,2281002.0835448443
6859,2284746.2405714407
6860,2288492.8741530785
6861,2292245.6548723863
6862,2296004.909030074
6863,2299770.64756458
6864,2303539.9748735633
6865,2307314.3832920035
6866,2311095.301537737
6867,2314882.740607499
6868,2318674.757279387
6869,2322470.9126429595
6870,2326273.614411463
6871,2330082.873640185
6872,2333897.5753796166
6873,2337715.5975313857
6874,2341540.2028552443
6875,2345371.402465287
6876,2349208.7850450953
6877,2353048.794427451
6878,2356895.4239393696
6879,2360748.684753996
6880,2364608.5880625094
6881,2368470.8616712606
6882,2372339.6366063263
6883,2376215.080051987
6884,2380097.203258841
6885,2383982.1594787445
6886,2387873.20167669
6887,2391770.9497852777
6888,2395675.415114765
6889,2399583.0499475203
6890,2403496.481854997
6891,2407416.657266095
6892,2411343.58755101
6893,2415273.8970627366
6894,2419209.841735562
6895,2423152.5676987194
6896,2427102.0863826084
6897,2431055.066702902
6898,2435013.647808318
6899,2438979.0481852964
6900,2442951.2793247215
6901,2446926.9266456864
6902,2450908.2684646137
6903,2454896.4677316644
6904,2458891.5359984497
6905,2462889.846573706
6906,2466894.074003006
6907,2470905.197253112
6908,2474923.2279366152
6909,2478944.1980802957
6910,2482971.4366350234
6911,2487005.609580139
6912,2491046.7285895
6913,2495090.3546752227
6914,2499140.7304908684
6915,2503198.07946419
6916,2507262.052300816
6917,2511328.6917903987
6918,2515402.331625131
6919,2519482.9835833237
6920,2523569.5949969115
6921,2527659.586785576
6922,2531756.618022504
6923,2535860.7005479797
6924,2539969.947055843
6925,2544083.41895403
6926,2548203.969603415
6927,2552331.6109065395
6928,2556463.4890813637
6929,2560600.569528132
6930,2564744.768229659
6931,2568896.0971509977
6932,2573050.6036197557
6933,2577211.421684998
6934,2581379.397709984
6935,2585554.1755740237
6936,2589731.6751653734
6937,2593916.360552076
6938,2598108.2438057293
6939,2602305.6329621435
6940,2606507.090166242
6941,2610715.7732126797
6942,2614931.6942362827
6943,2619151.691440385
6944,2623377.2370294956
6945,2627610.0487114782
6946,2631850.138684644
6947,2636092.7407416115
6948,2640342.5061269496
6949,2644599.578060036
6950,2648862.390233878
6951,2653129.17256659
6952,2657403.2898005336
6953,2661684.754242228
6954,2665970.1545140506
6955,2670261.380589388
6956,2674559.9823676865
6957,2678865.3249171264
6958,2683170.898657059
6959,2687483.871837836
6960,2691804.256866789
6961,2696132.066170965
6962,2700467.3121971795
6963,2704806.2456647037
6964,2709148.51442425
6965,2713498.2438121485
6966,2717855.4463318
6967,2722220.1345064593
6968,2726592.320879258
6969,2730964.6525636497
6970,2735343.912724669
6971,2739730.6951593733
6972,2744125.012467812
6973,2748526.877270035
6974,2752932.8600238003
6975,2757341.838383946
6976,2761758.388446256
6977,2766182.522887937
6978,2770614.2544063064
6979,2775053.595718782
6980,2779492.599053321
6981,2783939.105471736
6982,2788393.2460632185
6983,2792855.0336026843
6984,2797324.4808852924
6985,2801796.77648299
6986,2806273.4290049253
6987,2810757.765782791
6988,2815249.7996694883
6989,2819749.54353826
6990,2824254.95591298
6991,2828761.9453076418
6992,2833276.669331401
6993,2837799.1409155163
6994,2842329.3730116547
6995,2846867.378591957
6996,2851405.2441370143
6997,2855950.5474919914
6998,2860503.649150635
6999,2865064.5621434147
7000,2869633.299521376
7001,2874203.918747962
7002,2878779.9945481047
7003,2883363.919688132
7004,2887955.707277687
7005,2892555.37044707
7006,2897158.565895315
7007,2901765.608285978
7008,2906380.551346786
7009,2911003.4082669043
7010,2915634.192256239
7011,2920269.7858357592
7012,2924907.989996471
7013,2929554.1464527445
7014,2934208.2684735972
7015,2938870.369348925
7016,2943538.1823295224
7017,2948207.744476698
7018,2952885.3108410942
7019,2957570.894771956
7020,2962264.509639518
7021,2966964.362641787
7022,2971665.4800314
7023,2976374.6538572307
7024,2981091.897549123
7025,2985817.2245580014
7026,2990548.9375438686
7027,2995281.8084740657
7028,3000022.7883579335
7029,3004771.8907062653
7030,3009529.129051014
7031,3014292.521314142
7032,3019057.345127833
7033,3023830.330712189
7034,3028611.491659293
7035,3033400.841582501
7036,3038195.731738599
7037,3042992.7088260227
7038,3047797.9008017215
7039,3052611.3213394154
7040,3057432.9841342354
7041,3062259.190111307
7042,3067088.5219125086
7043,3071926.1220212723
7044,3076772.0041933386
7045,3081626.1822059467
7046,3086483.521234427
7047,3091345.410241704
7048,3096215.621278606
7049,3101094.1681832355
7050,3105981.064815278
7051,3110869.3534180555
7052,3115764.003178375
7053,3120667.028994207
7054,3125578.444786366
7055,3130498.119766512
7056,3135417.318479685
7057,3140344.933597037
7058,3145280.9791006716
7059,3150225.468994455
7060,3155175.7365633086
7061,3160128.05174345
7062,3165088.837881162
7063,3170058.1090418436
7064,3175035.879312788
7065,3180016.5539736613
7066,3185002.19203906
7067,3189996.355922032
7068,3194999.059771636
7069,3200010.3177589397
7070,3205021.213268665
7071,3210040.381700363
7072,3215068.1311172787
7073,3220104.4757524985
7074,3225146.0740420367
7075,3230190.359219696
7076,3235243.266563641
7077,3240304.810369136
7078,3245375.0049536373
7079,3250446.462095017
7080,3255524.640096481
7081,3260611.4959656433
7082,3265707.044082398
7083,3270808.8647078914
7084,3275912.426467835
7085,3281024.707664783
7086,3286145.722741216
7087,3291275.486161974
7088,3296406.8011903856
7089,3301544.6213496085
7090,3306691.217183776
7091,3311846.603220584
7092,3317007.94053168
7093,3322171.4136577053
7094,3327343.7044179523
7095,3332524.827403106
7096,3337714.797226397
7097,3342905.261975365
7098,3348103.3621999035
7099,3353310.3368358295
7100,3358526.2005596263
7101,3363745.787659842
7102,3368968.6488421923
7103,3374200.424801049
7104,3379441.1302730083
7105,3384690.7800173843
7106,3389942.8963930635
7107,3395199.5761363553
7108,3400465.225961519
7109,3405739.8606882053
7110,3411023.4951588376
7111,3416307.865940953
7112,3421598.5629908545
7113,3426898.2857151036
7114,3432207.049016671
7115,3437524.867821409
7116,3442841.2171228053
7117,3448166.131125287
7118,3453500.126682364
7119,3458843.2187806163
7120,3464193.2645062124
7121,3469543.4733318826
7122,3474902.804833381
7123,3480271.2740581604
7124,3485648.896076714
7125,3491030.3891247865
7126,3496415.1605227557
7127,3501809.1109702354
7128,3507212.255598771
7129,3512624.6095630936
7130,3518037.2711697305
7131,3523456.807198044
7132,3528885.5789389918
7133,3534323.60160854
7134,3539769.2145503503
7135,3545214.440778328
7136,3550668.9443948544
7137,3556132.7406772454
7138,3561605.844926163
7139,3567082.090093802
7140,3572562.4306085096
7141,3578052.1056708237
7142,3583551.1306429533
7143,3589059.5209105317
7144,3594566.11655702
7145,3600081.7758244732
7146,3605606.82708964
7147,3611141.2857999005
7148,3616680.0815425054
7149,3622221.8306970834
7150,3627773.0140818926
7151,3633333.647206167
7152,3638903.7456027297
7153,3644472.3501612125
7154,3650049.771747676
7155,3655636.685512708
7156,3661233.10705118
7157,3666833.4143929593
7158,3672437.180517028
7159,3678050.4814034957
7160,3683673.3327093977
7161,3689305.1038616016
7162,3694935.3211117475
7163,3700575.1158528463
7164,3706224.5038041794
7165,3711883.500708863
7166,3717544.2745350134
7167,3723210.670114916
7168,3728886.7018406624
7169,3734572.385517823
7170,3740264.1220607315
7171,3745957.2257130668
7172,3751660.008591636
7173,3757372.4865645473
7174,3763094.675523911
7175,3768814.864429159
7176,3774544.5060868207
7177,3780283.8861266025
7178,3786033.0205033496
7179,3791783.668292664
7180,3797540.27660194
7181,3803306.6667259014
7182,3809082.8546822304
7183,3814863.719569621
7184,3820647.4026476596
7185,3826440.9111176957
7186,3832244.2610603445
7187,3838055.100751564
7188,3843865.966958455
7189,3849686.7022793195
7190,3855517.32285782
7191,3861357.8448619056
7192,3867196.0524812047
7193,3873044.1233988204
7194,3878902.1235038107
7195,3884770.0690273237
7196,3890637.7423637747
7197,3896513.2578634815
7198,3902398.746624911
7199,3908294.2249425338
7200,3914191.119943367
7201,3920094.1892481344
7202,3926007.2760334974
7203,3931930.3966573616
7204,3937856.2687348262
7205,3943787.001303411
7206,3949727.795715908
7207,3955678.6683937414
7208,3961633.272418668
7209,3967591.777943761
7210,3973560.3898204193
7211,3979539.124533666
7212,3985522.2148290426
7213,3991508.603235361
7214,3997505.1426451276
7215,4003511.8496070444
7216,4009523.1799415164
7217,4015537.561383884
7218,4021562.13862567
7219,4027596.928279363
7220,4033636.251860727
7221,4039678.736722086
7222,4045731.462322784
7223,4051794.4453392145
7224,4057861.51480787
7225,4063932.2136972314
7226,4070013.1984096924
7227,4076104.4856856125
7228,4082199.0531079457
7229,4088298.076858372
7230,4094407.43165934
7231,4100527.1343152514
7232,4106648.9511770043
7233,4112776.410843468
7234,4118914.2469314486
7235,4125062.4763094625
7236,4131211.293509044
7237,4137367.3003663397
7238,4143533.729159468
7239,4149710.5968211633
7240,4155886.1646629255
7241,4162070.8302034275
7242,4168265.9633372496
7243,4174470.709675043
7244,4180673.649248925
7245,4186887.085180372
7246,4193111.0345056322
7247,4199342.055908484
7248,4205573.831915241
7249,4211816.150158472
7250,4218069.027738812
7251,4224326.072892108
7252,4230586.797292865
7253,4236858.109951474
7254,4243140.02803305
7255,4249422.845097468
7256,4255712.630086808
7257,4262013.049497691
7258,4268324.1205597725
7259,4274632.45699234
7260,4280951.414970709
7261,4287281.05367642
7262,4293617.459298224
7263,4299954.993027982
7264,4306303.236599214
7265,4312662.207345428
7266,4319023.652021847
7267,4325390.537624557
7268,4331768.179593322
7269,4338156.595326313
7270,4344542.82481908
7271,4350939.175156322
7272,4357346.328525514
7273,4363759.966014901
7274,4370175.061807386
7275,4376600.989936588
7276,4383037.767904657
7277,4389475.707078592
7278,4395920.447030668
7279,4402376.066202349
7280,4408840.9782563215
7281,4415304.567031623
7282,4421779.06444371
7283,4428264.488098742
7284,4434753.216911208
7285,4441246.629536127
7286,4447750.997896444
7287,4454266.263384105
7288,4460778.628128308
7289,4467301.978136139
7290,4473836.331117784
7291,4480371.545908891
7292,4486906.910037113
7293,4493453.294930233
7294,4500010.718344306
7295,4506579.198061116
7296,4513153.653055919
7297,4519723.11574332
7298,4526303.652525449
7299,4532895.281229871
7300,4539498.019709974
7301,4546110.89472128
7302,4552714.5874988325
7303,4559329.407843805
7304,4565955.3736552615
7305,4572592.502858147
7306,4579240.81340326
7307,4585881.030529452
7308,4592530.266035441
7309,4599190.70069373
7310,4605862.352500765
7311,4612545.2394789085
7312,4619222.14822984
7313,4625905.930409807
7314,4632600.965568253
7315,4639307.271773073
7316,4646024.86711817
7317,4652737.642102066
7318,4659456.10237404
7319,4666185.869589754
7320,4672926.961888518
7321,4679679.397435699
7322,4686427.211693465
7323,4693180.481370718
7324,4699945.1120947385
7325,4706721.12207622
7326,4713508.529551906
7327,4720290.554533908
7328,4727078.764814958
7329,4733878.390382264
7330,4740689.449517802
7331,4747511.960529662
7332,4754327.366072402
7333,4761150.648030922
7334,4767985.39965026
7335,4774831.6392835975
7336,4781689.385310322
7337,4788537.3396130605
7338,4795395.824187585
7339,4802265.83293116
7340,4809147.384268119
7341,4816037.908607181
7342,4822920.166250383
7343,4829813.9842339335
7344,4836719.381027007
7345,4843636.375125028
7346,4850557.867815167
7347,4857475.534803977
7348,4864404.81683346
7349,4871345.732443746
7350,4878298.300201239
7351,4885249.925077287
7352,4892203.131752436
7353,4899168.008297991
7354,4906144.573324933
7355,4913132.845470542
7356,4920113.764640673
7357,4927102.641166781
7358,4934103.242520911
7359,4941115.587384792
7360,4948136.153119836
7361,4955149.068288463
7362,4962173.744643063
7363,4969210.200909644
7364,4976258.45584056
7365,4983306.725633697
7366,4990355.51527193
7367,4997416.121234353
7368,5004488.562317469
7369,5011572.857344164
7370,5018647.988687514
7371,5025732.78224195
7372,5032829.447382063
7373,5039938.002974713
7374,5047050.597841953
7375,5054159.616481807
7376,5061280.543179787
7377,5068413.396846544
7378,5075558.196419222
7379,5082696.055142153
7380,5089841.280489099
7381,5096998.469327152
7382,5104167.64063706
7383,5111341.528022374
7384,5118511.0886938
7385,5125692.649383499
7386,5132886.229115672
7387,5140091.846941052
7388,5147289.395755165
7389,5154495.364554098
7390,5161713.388969569
7391,5168943.488095567
7392,5176175.628183939
7393,5183406.040920988
7394,5190648.545850809
7395,5197903.162110479
7396,5205169.21101223
7397,5212424.10308156
7398,5219691.123920798
7399,5226970.292709944
7400,5234261.628655535
7401,5241548.974120256
7402,5248840.545821935
7403,5256144.3020930085
7404,5263460.26218272
7405,5270780.07558012
7406,5278096.232649076
7407,5285424.610905046
7408,5292765.229639805
7409,5300116.827434168
7410,5307457.603920922
7411,5314810.638209142
7412,5322175.949632927
7413,5329553.557552933
7414,5336924.077551269
7415,5344301.801457221
7416,5351691.839150808
7417,5359094.2100347895
7418,5366495.069820058
7419,5373897.516461095
7420,5381312.313535785
7421,5388739.4804888135
7422,5396169.9953443585
7423,5403597.197363384
7424,5411036.786454703
7425,5418488.782104676
7426,5425948.267049153
7427,5433400.256608255
7428,5440864.669869543
7429,5448341.526360804
7430,5455829.296137986
7431,5463306.104912064
7432,5470795.374008063
7433,5478297.122994999
7434,5485811.371468561
7435,5493306.479284522
7436,5500812.591661504
7437,5508331.207179981
7438,5515862.345455591
7439,5523406.026130619
7440,5530943.055381263
7441,5538478.499040702
7442,5546026.488609852
7443,5553587.043750593
7444,5561160.184151385
7445,5568737.621537794
7446,5576302.423016141
7447,5583879.8131181365
7448,5591469.811551455
7449,5599072.438050348
7450,5606687.712375714
7451,5614282.955234913
7452,5621889.771189637
7453,5629509.238177688
7454,5637141.375978725
7455,5644786.2043989785
7456,5652418.682926702
7457,5660054.948875311
7458,5667703.9084985275
7459,5675365.581620963
7460,5683039.9880937785
7461,5690708.188805763
7462,5698373.927694131
7463,5706052.402834593
7464,5713743.634096247
7465,5721447.641374781
7466,5729150.050972731
7467,5736845.2845347
7468,5744553.296859326
7469,5752274.107859784
7470,5760007.737475825
7471,5767742.842816305
7472,5775467.59155677
7473,5783205.161500405
7474,5790955.57260404
7475,5798718.844851003
7476,5806485.132914725
7477,5814239.416092561
7478,5822006.562840882
7479,5829786.593159697
7480,5837579.527075476
7481,5845375.484937034
7482,5853159.320547875
7483,5860956.062020134
7484,5868765.729396481
7485,5876588.342746095
7486,5884412.45754405
7487,5892225.862302938
7488,5900052.215134505
7489,5907891.536123661
7490,5915743.845381791
7491,5923594.604289136
7492,5931437.593612968
7493,5939293.573137814
7494,5947162.562990363
7495,5955044.583323689
7496,5962920.47351865
7497,5970793.061508484
7498,5978678.68174146
7499,5986577.354385525
7500,5994489.09963498
7501,6002388.608272089
7502,6010290.807695328
7503,6018206.081314289
7504,6026134.4493376445
7505,6034075.93200045
7506,6041997.546181908
7507,6049929.36845433
7508,6057874.306782095
7509,6065832.381414128
7510,6073797.50176167
7511,6081745.819373064
7512,6089707.274540687
7513,6097681.887526906
7514,6105669.678620418
7515,6113654.036821879
7516,6121631.954362203
7517,6129623.051082978
7518,6137627.347285821
7519,6145644.86329864
7520,6153645.921973481
7521,6161652.142054822
7522,6169671.580683887
7523,6177704.258197737
7524,6185750.194959611
7525,6193771.94305184
7526,6201806.454501041
7527,6209854.223733202
7528,6217915.271120217
7529,6225980.930082383
7530,6234030.443368752
7531,6242093.233157066
7532,6250169.31982738
7533,6258258.7237858055
7534,6266342.021636297
7535,6274419.759399591
7536,6282510.812589682
7537,6290615.201620336
7538,6298732.946931331
7539,6306832.275034068
7540,6314938.220515783
7541,6323057.520204967
7542,6331190.194548471
7543,6339329.252239591
7544,6347450.014273451
7545,6355584.148693374
7546,6363731.675952802
7547,6371892.616531086
7548,6380044.664045729
7549,6388193.555703732
7550,6396355.858194732
7551,6404531.592004087
7552,6412720.639483421
7553,6420884.2092667045
7554,6429061.207681825
7555,6437251.655219671
7556,6445455.572396925
7557,6453654.576768684
7558,6461846.190117092
7559,6470051.270194372
7560,6478269.83752213
7561,6486501.912647767
7562,6494709.270430932
7563,6502928.900106264
7564,6511162.034441259
7565,6519408.693987645
7566,6527648.912705709
7567,6535883.007213468
7568,6544130.623584911
7569,6552391.782375562
7570,6560663.580091665
7571,6568912.052763411
7572,6577174.064294262
7573,6585449.635243033
7574,6593738.786194116
7575,6602014.496891116
7576,6610290.814711964
7577,6618580.708736801
7578,6626884.199552678
7579,6635188.798504888
7580,6643479.331659725
7581,6651783.457588238
7582,6660101.196879626
7583,6668432.570148516
7584,6676738.070500282
7585,6685056.3349662805
7586,6693388.229146226
7587,6701733.77365624
7588,6710065.4849815015
7589,6718397.792311534
7590,6726743.7454817565
7591,6735103.36510925
7592,6743460.027059827
7593,6751806.27914864
7594,6760166.19297482
7595,6768539.789155871
7596,6776920.1467000395
7597,6785280.242873824
7598,6793654.016448629
7599,6802041.488041804
7600,6810442.678295749
7601,6818818.128513815
7602,6827205.6582063325
7603,6835606.901341915
7604,6844021.878562158
7605,6852418.378452142
7606,6860819.557742343
7607,6869234.465656544
7608,6877663.122834938
7609,6886079.432118215
7610,6894494.151414703
7611,6902922.61426713
7612,6911364.84131368
7613,6919799.7256336305
7614,6928227.8720730385
7615,6936669.7767457655
7616,6945125.460287343
7617,6953577.691410175
7618,6962019.148636115
7619,6970474.378512236
7620,6978943.40167085
7621,6987411.757692558
7622,6995866.405611825
7623,7004334.840331333
7624,7012817.082479575
7625,7021300.348038357
7626,7029768.062552061
7627,7038249.5777425375
7628,7046744.914233821
7629,7055241.880726853
7630,7063722.533433495
7631,7072217.000412739
7632,7080725.30228349
7633,7089234.768086889
7634,7097728.22595448
7635,7106235.5114020845
7636,7114756.645042806
7637,7123277.415733482
7638,7131783.540737061
7639,7140303.506331333
7640,7148837.333122965
7641,7157368.22170072
7642,7165886.870421384
7643,7174419.372437785
7644,7182965.748349486
7645,7191505.575457713
7646,7200036.59863883
7647,7208581.48750547
7648,7217140.262649399
7649,7225687.856792435
7650,7234231.098847998
7651,7242788.218653241
7652,7251359.2367913965
7653,7259913.434546429
7654,7268468.733016101
7655,7277037.920962731
7656,7285621.018960278
7657,7294180.665181681
7658,7302747.850126148
7659,7311328.935925743
7660,7319922.889170065
7661,7328487.891158352
7662,7337066.784487886
7663,7345659.589688343
7664,7354256.940039545
7665,7362833.517043811
7666,7371423.9961439455
7667,7380028.397858327
7668,7388627.880476782
7669,7397215.920561211
7670,7405817.873240956
7671,7414433.759022512
7672,7423022.972343551
7673,7431605.649402025
7674,7440202.222238822
7675,7448812.711308144
7676,7457437.137087354
7677,7466043.409987546
7678,7474634.384967953
7679,7483239.258916186
7680,7491858.052256431
7681,7500490.785435933
7682,7509111.121999048
7683,7517710.16086517
7684,7526323.101407248
7685,7534949.964018456
7686,7543590.769114882
7687,7552222.185469368
7688,7560829.051295552
7689,7569449.821019772
7690,7578084.515003205
7691,7586733.153629713
7692,7595372.6778987
7693,7603987.13085247
7694,7612615.489435666
7695,7621257.773976401
7696,7629914.004825319
7697,7638558.677077473
7698,7647180.474402263
7699,7655816.178592488
7700,7664465.80994215
7701,7673129.3887676345
7702,7681776.260968769
7703,7690405.1569667095
7704,7699047.960566016
7705,7707704.692025536
7706,7716375.371626374
7707,7725021.507591911
7708,7733657.253606702
7709,7742306.907454
7710,7750970.489356495
7711,7759648.019558918
7712,7768290.494907172
7713,7776932.839307022
7714,7785589.091261067
7715,7794259.2709547775
7716,7802943.398595461
7717,7811579.300701703
7718,7820227.988862393
7719,7828890.583784835
7720,7837567.105616163
7721,7846243.1135527175
7722,7854884.002476613
7723,7863538.776764672
7724,7872207.456503168
7725,7880890.0617998745
7726,7889550.096000011
7727,7898189.259763314
7728,7906842.294969652
7729,7915509.2216475075
7730,7924190.059846737
7731,7932864.658648304
7732,7941501.777679997
7733,7950152.753635568
7734,7958817.606484637
7735,7967496.356218
7736,7976181.897069404
7737,7984816.648646906
7738,7993465.242026711
7739,8002127.697118499
7740,8010804.0338528715
7741,8019494.272181392
7742,8028128.972772517
7743,8036774.85708742
7744,8045434.587324892
7745,8054108.183354252
7746,8062795.665065586
7747,8071433.8577135885
7748,8080076.7032955345
7749,8088733.378398376
7750,8097403.902829047
7751,8106088.296415037
7752,8114726.418549444
7753,8123365.892539024
7754,8132019.179031254
7755,8140686.297769558
7756,8149367.268517663
7757,8158001.777654891
7758,8166637.54398917
7759,8175287.105186954
7760,8183950.480926986
7761,8192627.690908173
7762,8201255.064575108
7763,8209886.78397563
7764,8218532.279975264
7765,8227191.572186981
7766,8235864.680243728
7767,8244481.415902569
7768,8253108.745863539
7769,8261749.833529679
7770,8270404.698447108
7771,8279067.099098126
7772,8287675.975155886
7773,8296298.569932557
7774,8304934.902886682
7775,8313584.993496368
7776,8322230.080685524
7777,8330833.892660773
7778,8339451.403258094
7779,8348082.631867125
7780,8356727.597896782
7781,8365351.929155621
7782,8373950.325433005
7783,8382562.399594488
7784,8391188.170959638
7785,8399827.65886709
7786,8408427.81136756
7787,8417020.437063549
7788,8425626.719260322
7789,8434246.67720622
7790,8442880.019011887
7791,8451452.900653511
7792,8460039.397605693
7793,8468639.529025797
7794,8477253.314089824
7795,8485855.96264846
7796,8494422.376707803
7797,8503002.383464409
7798,8511596.002002355
7799,8520203.251424212
7800,8528771.843095792
7801,8537331.42547816
7802,8545904.57728779
7803,8554491.317534372
7804,8563083.999028934
7805,8571622.855753873
7806,8580175.239059092
7807,8588741.167860748
7808,8597320.661093058
7809,8605872.890623264
7810,8614404.202074854
7811,8622949.01558748
7812,8631507.350000871
7813,8640077.7619784
7814,8648587.696654804
7815,8657111.089460634
7816,8665647.959140453
7817,8674198.32445646
7818,8682721.968596308
7819,8691223.633704903
7820,8699738.73116257
7821,8708267.2796354
7822,8716803.279092144
7823,8725282.907941483
7824,8733775.924115544
7825,8742282.346183652
7826,8750802.192732327
7827,8759285.187106902
7828,8767755.811364295
7829,8776239.795893293
7830,8784737.159182737
7831,8793226.761373078
7832,8801674.681510458
7833,8810135.915794509
7834,8818610.482615681
7835,8827098.400381178
7836,8835528.838313695
7837,8843967.008076992
7838,8852418.46364973
7839,8860883.223339837
7840,8869314.600613995
7841,8877729.390012387
7842,8886157.417987056
7843,8894598.702745963
7844,8903028.302255115
7845,8911419.3938779
7846,8919823.676337184
7847,8928241.167740298
7848,8936666.292009227
7849,8945033.366880981
7850,8953413.58434177
7851,8961806.962397646
7852,8970213.519070467
7853,8978567.671085075
7854,8986923.502500517
7855,8995292.445652878
7856,9003674.518461825
7857,9012018.683336498
7858,9020349.806098126
7859,9028693.991228092
7860,9037051.25654322
7861,9045370.875633053
7862,9053653.206310397
7863,9061948.512254365
7864,9070256.811127577
7865,9078578.12060777
7866,9086902.027699815
7867,9095148.085459689
7868,9103407.048374342
7869,9111678.933966612
7870,9119963.759774169
7871,9128261.54334957
7872,9136495.697490057
7873,9144717.788290082
7874,9152952.730702268
7875,9161200.542123258
7876,9169461.23996425
7877,9177688.46447855
7878,9185873.151215877
7879,9194070.617684923
7880,9202280.8811403
7881,9210503.95885088
7882,9218718.853608808
7883,9226865.601484029
7884,9235025.056394434
7885,9243197.235451588
7886,9251382.155781116
7887,9259579.376911277
7888,9267687.64828554
7889,9275808.553181322
7890,9283942.108566215
7891,9292088.331421588
7892,9300247.238742484
7893,9308331.845416123
7894,9316413.659013472
7895,9324508.04862331
7896,9332615.031081766
7897,9340734.623238444
7898,9348790.79102758
7899,9356832.969227983
7900,9364887.648144407
7901,9372954.844466852
7902,9381034.574898506
7903,9389051.81736918
7904,9397045.980774479
7905,9405052.556617348
7906,9413071.561424559
7907,9421103.011735719
7908,9429116.189086564
7909,9437061.76627393
7910,9445019.66679249
7911,9452989.907004915
7912,9460972.503286425
7913,9468967.472024826
7914,9476871.954831295
7915,9484780.605340656
7916,9492701.50544503
7917,9500634.671354463
7918,9508580.11929126
7919,9516468.238302613
7920,9524327.06170458
7921,9532198.043774918
7922,9540081.200557666
7923,9547976.548108812
7924,9555842.370934311
7925,9563650.787739022
7926,9571471.271458304
7927,9579303.837969376
7928,9587148.503161168
7929,9594986.169009563
7930,9602743.59735754
7931,9610513.000039868
7932,9618294.392766211
7933,9626087.791257657
7934,9633891.510500645
7935,9641597.3661856
7936,9649315.102799164
7937,9657044.735882696
7938,9664786.280988673
7939,9672539.753680628
7940,9680204.031220725
7941,9687869.51441133
7942,9695546.799672604
7943,9703235.902387641
7944,9710936.837950394
7945,9718555.590499166
7946,9726168.230614386
7947,9733792.57757682
7948,9741428.646599522
7949,9749076.452906076
7950,9756644.102769092
7951,9764203.307883106
7952,9771774.123798016
7953,9779356.565556124
7954,9786950.648209931
7955,9794461.68717076
7956,9801966.86310996
7957,9809483.55298225
7958,9817011.771658465
7959,9824551.534019385
7960,9832000.52292342
7961,9839451.073292445
7962,9846913.039906764
7963,9854386.43746506
7964,9861868.826032078
7965,9869252.849018253
7966,9876648.175227016
7967,9884054.819174873
7968,9891472.79538777
7969,9898882.666700834
7970,9906210.96391904
7971,9913550.465210162
7972,9920901.184917584
7973,9928263.137393858
7974,9935595.255900683
7975,9942867.225268668
7976,9950150.298745763
7977,9957444.490501633
7978,9964749.814714825
7979,9971999.012279212
7980,9979214.04960266
7981,9986440.090259295
7982,9993677.148244474
7983,10000925.237562126
7984,10008086.413067468
7985,10015243.91206957
7986,10022412.312818956
7987,10029591.629136078
7988,10036761.42717134
7989,10043849.993806321
7990,10050949.346158018
7991,10058059.497863362
7992,10065180.462567342
7993,10072252.435421895
7994,10079282.348079368
7995,10086322.943430299
7996,10093374.234935893
7997,10100436.23606518
7998,10107405.480110306
7999,10114376.127252564
8000,10121357.35326273
8001,10128349.17142579
8002,10135312.965103364
8003,10142213.272091165
8004,10149124.040220717
8005,10156045.282592991
8006,10162977.012316294
8007,10169828.661672292
8008,10176668.579468155
8009,10183518.853160683
8010,10190379.49567393
8011,10197216.640311064
8012,10203985.31527294
8013,10210764.227353051
8014,10217553.389291277
8015,10224352.813834358
8016,10231068.652140638
8017,10237775.809652796
8018,10244493.097631803
8019,10251220.528640023
8020,10257913.054446362
8021,10264548.064433238
8022,10271193.085070692
8023,10277848.128736828
8024,10284513.046070477
8025,10291075.515594412
8026,10297647.875531426
8027,10304230.13807548
8028,10310822.31542665
8029,10317352.746203313
8030,10323852.052126003
8031,10330361.139816813
8032,10336880.02129154
8033,10343374.398137508
8034,10349800.256798962
8035,10356235.775976254
8036,10362680.967501065
8037,10369135.171733066
8038,10375487.189975455
8039,10381848.747072045
8040,10388219.854670526
8041,10394600.524424016
8042,10400907.610212967
8043,10407194.811777204
8044,10413491.441592585
8045,10419797.511128185
8046,10426056.333856987
8047,10432268.786575599
8048,10438490.544893594
8049,10444721.620096235
8050,10450928.23470067
8051,10457065.545421438
8052,10463212.038693087
8053,10469367.72561724
8054,10475518.24364727
8055,10481580.019402584
8056,10487650.854267815
8057,10493730.759161143
8058,10499819.745005326
8059,10505807.196408227
8060,10511801.97971914
8061,10517805.709045878
8062,10523818.395127835
8063,10529742.120799297
8064,10535660.459644083
8065,10541587.620109014
8066,10547523.612750357
8067,10553379.893083446
8068,10559221.394810354
8069,10565071.593382858
8070,10570930.499174355
8071,10576715.669593224
8072,10582479.941834861
8073,10588252.785773251
8074,10594034.211599236
8075,10599744.66216811
8076,10605431.31286598
8077,10611126.409742136
8078,10616829.962805215
8079,10622462.137840264
8080,10628070.775269529
8081,10633687.73299377
8082,10639313.020839717
8083,10644863.418523772
8084,10650393.651318278
8085,10655932.078164436
8086,10661478.708707388
8087,10666943.880707592
8088,10672395.317885244
8089,10677854.822516069
8090,10683322.404064033
8091,10688698.95515216
8092,10694071.20614028
8093,10699451.397632942
8094,10704839.256038569
8095,10710124.126589183
8096,10715416.80125053
8097,10720717.289122675
8098,10726009.901424013
8099,10731214.933425773
8100,10736427.642084336
8101,10741648.036319993
8102,10746842.162851226
8103,10751966.967451079
8104,10757099.320918605
8105,10762239.231994754
8106,10767331.684693635
8107,10772375.873547433
8108,10777427.483149823
8109,10782486.522062846
8110,10787474.164104937
8111,10792437.34940422
8112,10797407.827008395
8113,10802385.605301088
8114,10807265.350736823
8115,10812147.14523584
8116,10817036.103276866
8117,10821906.916690566
8118,10826694.709352568
8119,10831489.520833325
8120,10836291.359150682
8121,10841061.777030218
8122,10845762.35165091
8123,10850469.80830275
8124,10855184.154818276
8125,10859850.815849934
8126,10864463.801792687
8127,10869083.532716947
8128,10873710.016270585
8129,10878269.61755839
8130,10882794.645121343
8131,10887326.280360289
8132,10891864.530739147
8133,10896313.827353848
8134,10900750.527798794
8135,10905193.698364617
8136,10909637.47050714
8137,10913979.15086359
8138,10918327.156445451
8139,10922681.494349819
8140,10927008.597163936
8141,10931261.353788225
8142,10935520.29778437
8143,10939785.436067834
8144,10943992.794096202
8145,10948156.261549156
8146,10952325.77828931
8147,10956501.351051265
8148,10960585.945022607
8149,10964659.758940706
8150,10968739.483836802
8151,10972805.961610852
8152,10976783.992660172
8153,10980767.789785769
8154,10984757.359362278
8155,10988670.116997056
8156,10992508.619164543
8157,10996352.67750396
8158,11000202.298133064
8159,11004057.487170098
8160,11007873.164208768
8161,11011577.456311109
8162,11015287.101017851
8163,11019002.104192473
8164,11022722.47169883
8165,11026432.685528766
8166,11030002.330737757
8167,11033577.124962531
8168,11037157.073814318
8169,11040742.182904612
8170,11044332.457845107
8171,11047773.333807662
8172,11051212.844852207
8173,11054657.306680152
8174,11058106.724652715
8175,11061561.104131175
8176,11064880.788184755
8177,11068184.58757963
8178,11071493.133928042
8179,11074806.432343021
8180,11078124.4879376
8181,11081315.245487219
8182,11084482.909070337
8183,11087655.115807513
8184,11090831.870565793
8185,11094013.178212103
8186,11097067.483970972
8187,11100098.591966316
8188,11103134.039363477
8189,11106173.830785707
8190,11109217.970856061
8191,11112128.506240953
8192,11115022.643338032
8193,11117920.916148897
8194,11120823.329055289
8195,11123729.886438645
8196,11126489.53699172
8197,11129246.292425256
8198,11132006.979965948
8199,11134771.603756307
8200,11137526.777838433
8201,11140142.020775544
8202,11142760.988405827
8203,11145383.68463535
8204,11148010.113369757
8205,11150600.362941325
8206,11153077.61979888
8207,11155558.398192335
8208,11158042.70179333
8209,11160530.53427303
8210,11162949.337745367
8211,11165288.211745584
8212,11167630.404255869
8213,11169975.918715883
8214,11172324.75856476
8215,11174565.788411664
8216,11176765.887627827
8217,11178969.102477461
8218,11181175.436170721
8219,11183383.98472791
8220,11185442.012225766
8221,11187502.949663922
8222,11189566.800026143
8223,11191633.5662956
8224,11193651.829460457
8225,11195570.515501058
8226,11197491.90918223
8227,11199416.013263347
8228,11201342.830503155
8229,11203165.044007858
8230,11204944.011508804
8231,11206725.484551549
8232,11208509.465673674
8233,11210279.965695323
8234,11211916.541393012
8235,11213555.41843401
8236,11215196.599137377
8237,11216840.08582154
8238,11218403.117462972
8239,11219899.437450789
8240,11221397.857356792
8241,11222898.3792836
8242,11224397.540336045
8243,11225751.346156439
8244,11227107.048834281
8245,11228464.650259046
8246,11229824.152319634
8247,11231105.128892764
8248,11232318.161884626
8249,11233532.891046261
8250,11234749.31805621
8251,11235954.9475855
8252,11237025.36243171
8253,11238097.271577913
8254,11239170.67649504
8255,11240245.578653485
8256,11241222.991829127
8257,11242152.137241442
8258,11243082.577068085
8259,11244014.312574673
8260,11244905.564704325
8261,11245692.006723233
8262,11246479.542531386
8263,11247268.173192417
8264,11248057.89976951
8265,11248711.56987617
8266,11249356.266832326
8267,11250001.858559335
8268,11250648.345921287
8269,11251205.68561006
8270,11251707.613000184
8271,11252210.235834958
8272,11252713.554782212
8273,11253169.379805358
8274,11253528.611059612
8275,11253888.339198904
8276,11254248.564697685
8277,11254597.843249042
8278,11254814.455966473
8279,11255031.367786728
8280,11255248.578993767
8281,11255466.089871416
8282,11255560.505566306
8283,11255634.683648365
8284,11255708.963935615
8285,11255783.346524395
8286,11255762.278574903
8287,11255693.809728274
8288,11255625.246707235
8289,11255556.589423548
8290,11255415.45258021
8291,11255204.427867705
8292,11254993.11341402
8293,11254781.508949308
8294,11254515.862066908
8295,11254162.376828756
8296,11253808.40710636
8297,11253453.952451259
8298,11253059.496461367
8299,11252563.650339466
8300,11252067.125824882
8301,11251569.922293494
8302,11251042.498198535
8303,11250404.395160398
8304,11249765.420666637
8305,11249125.573920513
8306,11248461.160809088
8307,11247680.90917176
8308,11246899.593872303
8309,11246117.213944364
8310,11245311.927027749
8311,11244389.63948167
8312,11243466.096934296
8313,11242541.298252719
8314,11241591.38692221
8315,11240527.180554679
8316,11239461.528724967
8317,11238394.430136668
8318,11237296.276041511
8319,11236090.272360355
8320,11234882.633645345
8321,11233673.358439632
8322,11232402.59705008
8323,11230982.53898742
8324,11229560.559268977
8325,11228136.656193888
8326,11226710.82806264
8327,11225283.073177094
8328,11223798.878500113
8329,11222161.911411174
8330,11220522.735374562
8331,11218881.348454898
8332,11217237.748718414
8333,11215591.934232986
8334,11213881.818767874
8335,11212028.3690061
8336,11210172.425288014
8337,11208313.985451058
8338,11206453.047334576
8339,11204589.608779835
8340,11202641.772808604
8341,11200572.282134922
8342,11198500.01481572
8343,11196424.968468655
8344,11194347.140713591
8345,11192266.529172622
8346,11190069.844989838
8347,11187784.770673169
8348,11185496.639377328
8349,11183205.44850762
8350,11180911.195471907
8351,11178613.877680581
8352,11176157.874083944
8353,11173657.68900018
8354,11171154.168995207
8355,11168647.31126952
8356,11166137.113026438
8357,11163609.61834481
8358,11160898.418509712
8359,11158183.61123907
8360,11155465.193532845
8361,11152743.162394207
8362,11150017.514829539
8363,11147209.7865993
8364,11144284.741818361
8365,11141355.816741142
8366,11138423.008177541
8367,11135486.312940987
8368,11132545.727848502
8369,11129440.268866459
8370,11126290.775996149
8371,11123137.117752636
8372,11119979.29075135
8373,11116817.291611694
8374,11113651.116957035
8375,11110298.6054873
8376,11106925.46625664
8377,11103547.879546868
8378,11100165.841787273
8379,11096779.34941152
8380,11093369.698906582
8381,11089778.453808228
8382,11086182.48588242
8383,11082581.791375855
8384,11078976.366540007
8385,11075366.207631117
8386,11071687.226905528
8387,11067874.262665447
8388,11064056.299703496
8389,11060233.33409645
8390,11056405.361926282
8391,11052572.379280193
8392,11048615.091188498
8393,11044581.25445314
8394,11040542.146163246
8395,11036497.762234012
8396,11032448.098586276
8397,11028393.151146585
8398,11024149.254022025
8399,11019895.407507494
8400,11015636.019700047
8401,11011371.086361675
8402,11007100.6032605
8403,11002753.590199452
8404,10998286.416257545
8405,10993813.438800337
8406,10989334.65343844
8407,10984850.055789037
8408,10980359.641475918
8409,10975709.146894766
8410,10971024.000331797
8411,10966332.786937306
8412,10961635.502185006
8413,10956932.141555684
8414,10952158.233555313
8415,10947262.344712712
8416,10942360.133566685
8417,10937451.595454933
8418,10932536.725722693
8419,10927615.519722784
8420,10922523.755587572
8421,10917411.98322642
8422,10912293.631761745
8423,10907168.69641065
8424,10902037.17239835
8425,10896804.1437316
8426,10891484.252911216
8427,10886157.53432705
8428,10880823.983075548
8429,10875483.594261674
8430,10870100.031250061
8431,10864573.470908463
8432,10859039.837627621
8433,10853499.12639063
8434,10847951.33218966
8435,10842396.450025978
8436,10836676.761285236
8437,10830937.671881134
8438,10825191.26273112
8439,10819437.528721903
8440,10813676.464749828
8441,10807791.82866018
8442,10801848.747817034
8443,10795898.108943842
8444,10789939.906829223
8445,10783974.136271905
8446,10777916.943255508
8447,10771771.34172693
8448,10765617.947396163
8449,10759456.754960984
8450,10753287.759129863
8451,10747050.92622309
8452,10740704.280789748
8453,10734349.611300055
8454,10727986.912368244
8455,10721616.17861983
8456,10715193.135242058
8457,10708646.928667834
8458,10702092.470306806
8459,10695529.754696947
8460,10688958.776388034
8461,10682343.450381443
8462,10675599.171368359
8463,10668846.416367205
8464,10662085.179846903
8465,10655315.456288679
8466,10648498.604654161
8467,10641541.639157798
8468,10634575.95682286
8469,10627601.55204336
8470,10620618.419226268
8471,10613626.552791586
8472,10606502.79952424
8473,10599326.285568796
8474,10592140.812651921
8475,10584946.375114419
8476,10577742.967310674
8477,10570481.400801016
8478,10563096.151793744
8479,10555701.711709378
8480,10548298.074830536
8481,10540885.235454038
8482,10533463.187891036
8483,10525884.994925058
8484,10518283.689416837
8485,10510672.95934171
8486,10503052.798946917
8487,10495423.202494616
8488,10487692.923551796
8489,10479886.855061715
8490,10472071.138625616
8491,10464245.768449033
8492,10456410.738753024
8493,10448520.694791554
8494,10440511.96638329
8495,10432493.37103476
8496,10424464.902917556
8497,10416426.556219524
8498,10408369.694092205
8499,10400160.409373555
8500,10391941.043096362
8501,10383711.589406079
8502,10375472.04246504
8503,10367222.39645246
8504,10358834.178505706
8505,10350416.14973959
8506,10341987.823290454
8507,10333549.193302799
8508,10325100.253938686
8509,10316535.857381487
8510,10307921.274941897
8511,10299296.188914187
8512,10290660.593432637
8513,10282014.4826498
8514,10273268.599790443
8515,10264459.57278692
8516,10255639.840644995
8517,10246809.397496322
8518,10237968.237491436
8519,10229036.111172346
8520,10220034.74892605
8521,10211022.484335544
8522,10201999.311537297
8523,10192965.224687299
8524,10183842.630476693
8525,10174651.042436471
8526,10165448.35917998
8527,10156234.574855838
8528,10147009.683632923
8529,10137692.912409723
8530,10128313.20806732
8531,10118922.219959157
8532,10109519.942253357
8533,10100106.369138982
8534,10090592.210063823
8535,10081026.498867782
8536,10071449.319667581
8537,10061860.66665808
8538,10052260.53405577
8539,10042546.257920727
8540,10032796.64918915
8541,10023035.392514225
8542,10013262.482124738
8543,10003477.912271705
8544,9993561.255221754
8545,9983629.858054016
8546,9973686.63729073
8547,9963731.587201618
8548,9953742.937243722
8549,9943643.849698536
8550,9933532.772885792
8551,9923409.7010996
8552,9913274.628657605
8553,9903077.613283953
8554,9892801.12165687
8555,9882512.473591464
8556,9872211.663435973
8557,9861898.685562905
8558,9851492.360455785
8559,9841040.568407511
8560,9830576.45699117
8561,9820100.02061596
8562,9809607.595271904
8563,9798995.078415267
8564,9788370.089036768
8565,9777732.62158775
8566,9767082.670545183
8567,9756373.774920685
8568,9745580.826785682
8569,9734775.240452336
8570,9723957.010440858
8571,9713126.13129777
8572,9702239.26760255
8573,9691267.996138658
8574,9680283.92508634
8575,9669287.049041532
8576,9658277.362627167
8577,9647212.288789866
8578,9636064.786682844
8579,9624904.327852732
8580,9613730.906977922
8581,9602544.518764533
8582,9591301.450455517
8583,9579979.794984039
8584,9568645.029879054
8585,9557297.149908053
8586,9545936.149866994
8587,9534515.748510722
8588,9523022.001515778
8589,9511514.996169848
8590,9499994.727336116
8591,9488461.189906988
8592,9476864.552096969
8593,9465200.76009389
8594,9453523.56518416
8595,9441832.962333165
8596,9430128.946536183
8597,9418357.595051713
8598,9406525.789522527
8599,9394680.440662038
8600,9382821.543544171
8601,9370949.093273466
8602,9359004.969932158
8603,9347007.167845355
8604,9334995.686103338
8605,9322970.51989483
8606,9310931.664439933
8607,9298817.12505816
8608,9286655.329676095
8609,9274479.722386219
8610,9262290.298498254
8611,9250087.053354092
8612,9237804.865127647
8613,9225481.067178644
8614,9213143.329112418
8615,9200791.646365866
8616,9188426.014408687
8617,9175979.35606416
8618,9163495.53537882
8619,9150997.650383765
8620,9138485.696649006
8621,9125959.669778056
8622,9113352.832326466
8623,9100711.86702664
8624,9088056.718235215
8625,9075387.381661486
8626,9062703.853049038
8627,9049937.449537832
8628,9037142.437012335
8629,9024333.127042016
8630,9011509.515481638
8631,8998671.598221013
8632,8985745.622294152
8633,8972799.637898043
8634,8959839.247277642
8635,8946864.446439236
8636,8933869.582492335
8637,8920790.185749084
8638,8907696.282993846
8639,8894587.870353872
8640,8881464.943992775
8641,8868308.555587873
8642,8855084.371090353
8643,8841845.581822416
8644,8828592.184073688
8645,8815324.174170768
8646,8802007.748778228
8647,8788641.781871224
8648,8775261.116439702
8649,8761865.748941155
8650,8748455.675870735
8651,8734981.136423167
8652,8721476.371165555
8653,8707956.818579383
8654,8694422.475295374
8655,8680868.752883906
8656,8667243.020203112
8657,8653602.419515226
8658,8639946.947590562
8659,8626276.60123836
8660,8612566.55478186
8661,8598808.007839648
8662,8585034.513640977
8663,8571246.069139058
8664,8557442.671326812
8665,8543579.437489353
8666,8529690.992550498
8667,8515787.525888586
8668,8501869.034644743
8669,8487922.939196842
8670,8473922.58058193
8671,8459907.13321336
8672,8445876.594384104
8673,8431830.961428072
8674,8417735.830834338
8675,8403611.41003004
8676,8389471.83521301
8677,8375317.103872947
8678,8361137.633630964
8679,8346907.2128239935
8680,8332661.5797133045
8681,8318400.731947791
8682,8304124.667218486
8683,8289801.7167130485
8684,8275452.96943555
8685,8261088.953570799
8686,8246709.666972696
8687,8232300.406302297
8688,8217845.328831878
8689,8203374.926480959
8690,8188889.197268623
8691,8174388.139257248
8692,8159864.512556086
8693,8145291.731022889
8694,8130703.571809914
8695,8116100.033148469
8696,8101481.113313747
8697,8086844.0853004875
8698,8072157.448631746
8699,8057455.387072573
8700,8042737.899070735
8701,8028004.983118406
8702,8013256.092255528
8703,7998459.405965002
8704,7983647.253068417
8705,7968819.632233983
8706,7953976.542174933
8707,7939117.867668765
8708,7924214.894044849
8709,7909296.4175011255
8710,7894362.436930024
8711,7879412.951269708
8712,7864447.081232128
8713,7849441.539525943
8714,7834420.463895302
8715,7819383.853460562
8716,7804331.707388382
8717,7789261.708127234
8718,7774157.274740705
8719,7759037.281641948
8720,7743901.728182725
8721,7728750.613761553
8722,7713580.000168292
8723,7698380.30884243
8724,7683165.037141663
8725,7667934.184652365
8726,7652687.751008206
8727,7637420.458011717
8728,7622129.100014887
8729,7606822.146014246
8730,7591499.595833774
8731,7576161.449345414
8732,7560801.804401939
8733,7545422.328718373
8734,7530027.246344903
8735,7514616.55734607
8736,7499190.261834885
8737,7483742.958424624
8738,7468278.871942869
8739,7452799.172937584
8740,7437303.861716585
8741,7421792.628937601
8742,7406263.010738101
8743,7390717.778439796
8744,7375156.932546872
8745,7359580.473612904
8746,7343988.543862418
8747,7328381.199755546
8748,7312758.2449042685
8749,7297119.680060418
8750,7281465.506025567
8751,7265798.581612197
8752,7250116.888750608
8753,7234419.593081002
8754,7218706.695604964
8755,7202979.363709377
8756,7187242.249574904
8757,7171489.543859814
8758,7155721.247766804
8759,7139937.362549151
8760,7124143.985417825
8761,7108339.136685834
8762,7092518.712956095
8763,7076682.715684392
8764,7060832.00475124
8765,7044978.226827647
8766,7029108.893146873
8767,7013224.005368144
8768,6997323.5652020015
8769,6981416.899239613
8770,6965501.820544633
8771,6949571.210966767
8772,6933625.072421053
8773,6917665.448074719
8774,6901707.737095329
8775,6885734.522130008
8776,6869745.805298958
8777,6853741.588774392
8778,6837737.074777387
8779,6821724.319079251
8780,6805696.092211848
8781,6789652.396553305
8782,6773600.436654087
8783,6757551.15365607
8784,6741486.433692485
8785,6725406.279347804
8786,6709310.693259167
8787,6693225.731108811
8788,6677127.484213163
8789,6661013.840767931
8790,6644884.803617058
8791,6628758.892595645
8792,6612630.034684917
8793,6596485.821392509
8794,6580326.255769371
8795,6564161.598382613
8796,6548004.995651886
8797,6531833.081959843
8798,6515645.860564388
8799,6499444.911716443
8800,6483263.381160541
8801,6467066.587233174
8802,6450854.533399077
8803,6434627.223176795
8804,6418416.29328331
8805,6402197.390520612
8806,6385963.278735288
8807,6369713.961652775
8808,6353474.907277256
8809,6337236.618830265
8810,6320983.175251201
8811,6304714.580472069
8812,6288450.457358829
8813,6272195.458641282
8814,6255925.361608772
8815,6239640.170399418
8816,6223354.223075941
8817,6207085.142272356
8818,6190801.022818554
8819,6174501.869058313
8820,6158197.516259479
8821,6141916.934829613
8822,6125621.377184063
8823,6109310.847871725
8824,6092991.668536499
8825,6076702.12171622
8826,6060397.663807824
8827,6044078.299564564
8828,6027748.110819355
8829,6011453.3071669685
8830,5995143.661281614
8831,5978819.1781197265
8832,5962479.862692626
8833,5946180.408472507
8834,5929868.1156490855
8835,5913541.057223159
8836,5897199.23840844
8837,5880894.794028409
8838,5864582.346829233
8839,5848255.208238819
8840,5831913.383672175
8841,5815607.822122592
8842,5799297.665192418
8843,5782972.893542115
8844,5766633.512786772
8845,5750330.829651002
8846,5734025.36027169
8847,5717705.355226836
8848,5701370.820330465
8849,5685075.12136475
8850,5668776.69000553
8851,5652463.804343683
8852,5636136.470390888
8853,5619851.959631393
8854,5603562.870494878
8855,5587259.4106528675
8856,5570941.58631334
8857,5554672.554693954
8858,5538395.066257843
8859,5522103.292874654
8860,5505797.5262171235
8861,5489548.055411667
8862,5473284.380966262
8863,5457006.509421558
8864,5440723.118319669
8865,5424489.540466531
8866,5408241.84864804
8867,5391980.049596471
8868,5375723.572360838
8869,5359508.010020775
8870,5343278.425340334
8871,5327034.825241706
8872,5310809.845607755
8873,5294614.37781
8874,5278404.981178562
8875,5262181.662823828
8876,5245992.800895887
8877,5229819.463657916
8878,5213632.292907034
8879,5197431.29594004
8880,5181283.199555355
8881,5165133.986398459
8882,5148971.036796925
8883,5132801.18696693
8884,5116691.694730889
8885,5100568.557191641
8886,5084431.781958032
8887,5068310.431828336
8888,5052228.825082257
8889,5036133.673220029
8890,5020024.984031189
8891,5003956.862578939
8892,4987905.008852415
8893,4971839.711752761
8894,4955760.979248187
8895,4939769.965766954
8896,4923769.620018361
8897,4907755.950727206
8898,4891728.966028095
8899,4875738.269843843
8900,4859792.103863977
8901,4843832.736144891
8902,4827860.174984447
8903,4811874.428735087
8904,4795983.747460298
8905,4780081.310427829
8906,4764165.803811756
8907,4748237.23612445
8908,4732355.7707741195
8909,4716512.852864167
8910,4700656.991044819
8911,4684788.193985059
8912,4668919.311542911
8913,4653138.464729631
8914,4637344.801426875
8915,4621538.330456917
8916,4605719.060696023
8917,4589969.155235156
8918,4574240.212134204
8919,4558498.590614901
8920,4542744.299703112
8921,4527015.828195519
8922,4511354.099755893
8923,4495679.823759924
8924,4479993.009379564
8925,4464293.665840308
8926,4448697.227909352
8927,4433092.7713849405
8928,4417475.9090356855
8929,4401846.650229318
8930,4386280.235347334
8931,4370748.055677055
8932,4355203.604239378
8933,4339646.890540513
8934,4324113.62438116
8935,4308656.16838717
8936,4293186.5761322845
8937,4277704.857257475
8938,4262211.021456409
8939,4246858.576115974
8940,4231498.260344162
8941,4216125.979900167
8942,4200741.744587771
8943,4185345.5642630523
8944,4170031.490819854
8945,4154771.078191217
8946,4139498.8737772573
8947,4124214.887539078
8948,4108919.1294895425
8949,4093652.830853139
8950,4078494.948835536
8951,4063325.449053439
8952,4048144.3416196373
8953,4032951.6366982576
8954,4017747.3445049017
8955,4002689.7857940956
8956,3987625.487228441
8957,3972549.756153419
8958,3957462.602878851
8959,3942364.0377654857
8960,3927375.0578475106
8961,3912418.3285939004
8962,3897450.3427902292
8963,3882471.110886318
8964,3867480.6433824264
8965,3852569.7608757964
8966,3837722.843998572
8967,3822864.8472001464
8968,3807995.7810646333
8969,3793115.6562261614
8970,3778292.392695742
8971,3763557.409616249
8972,3748811.523771833
8973,3734054.745875263
8974,3719287.086688899
8975,3704560.930727112
8976,3689939.8845435195
8977,3675308.1131418706
8978,3660665.6273579947
8979,3646012.4380766973
8980,3631392.8123231544
8981,3616887.5910630464
8982,3602371.8223906597
8983,3587845.517259161
8984,3573308.686670162
8985,3558806.1037183614
8986,3544423.11702986
8987,3530029.7642065063
8988,3515626.0563095356
8989,3501212.0044481363
8990,3486815.66628991
8991,3472556.6180982827
8992,3458287.385025832
8993,3444007.9782360895
8994,3429718.4089400396
8995,3415437.8355283225
8996,3401304.31555514
8997,3387160.7918075994
8998,3373007.2755458243
8999,3358843.7780767293
9000,3344688.3452285463
9001,3330681.832380224
9002,3316665.4965974754
9003,3302639.349231218
9004,3288603.4016785542
9005,3274582.315599423
9006,3260704.181281906
9007,3246816.404489332
9008,3232918.996657648
9009,3219011.969268468
9010,3205134.243561756
9011,3191385.7549224924
9012,3177627.803777757
9013,3163860.4016428874
9014,3150083.560078347
9015,3136357.9950921806
9016,3122740.3181906827
9017,3109113.3581590964
9018,3095477.1265865965
9019,3081831.6351067745
9020,3068266.799478081
9021,3054781.0023863497
9022,3041286.100845973
9023,3027782.106514324
9024,3014269.031092567
9025,3000873.2453545975
9026,2987520.301188725
9027,2974158.4304664093
9028,2960787.64490765
9029,2947407.9562756782
9030,2934189.2784018954
9031,2920970.0682860035
9032,2907742.108625642
9033,2894505.411198002
9034,2881302.299336324
9035,2868226.2005863967
9036,2855141.5165500743
9037,2842048.259014379
9038,2828946.4398083044
9039,2815935.7126878533
9040,2802994.670836071
9041,2790045.2186465356
9042,2777087.3679533354
9043,2764121.1306319465
9044,2751310.0686028884
9045,2738504.707044859
9046,2725691.1089750845
9047,2712869.2862695083
9048,2700095.8907182817
9049,2687434.8278905363
9050,2674765.6893074056
9051,2662088.486841311
9052,2649403.232404788
9053,2636843.361866902
9054,2624318.815291755
9055,2611786.3642897727
9056,2599246.0207655365
9057,2586737.7584004505
9058,2574357.864839634
9059,2561970.224957584
9060,2549574.850647097
9061,2537171.7538398
9062,2524889.8804718144
9063,2512647.0425499287
9064,2500396.626888657
9065,2488138.6454035644
9066,2475921.5636446103
9067,2463823.45238557
9068,2451717.9186241175
9069,2439604.9742561113
9070,2427484.6312149353
9071,2415505.7468510764
9072,2403544.9546626564
9073,2391576.9055851195
9074,2379601.611528014
9075,2367699.8719771905
9076,2355883.6199931554
9077,2344060.263296401
9078,2332229.813769162
9079,2320411.425060229
9080,2308739.4533352074
9081,2297060.527494468
9082,2285374.659389595
9083,2273681.8609077875
9084,2262117.6456636703
9085,2250582.832938271
9086,2239041.226896838
9087,2227492.8393919887
9088,2216023.0396372243
9089,2204631.968402436
9090,2193234.251148602
9091,2181829.899690591
9092,2170460.1298651146
9093,2159212.3768783477
9094,2147958.1234881086
9095,2136697.3814684306
9096,2125433.0639497996
9097,2114328.1565525243
9098,2103216.8926581093
9099,2092099.2839967778
9100,2080975.342331723
9101,2069983.062503077
9102,2059014.2664345787
9103,2048039.2677240586
9104,2037058.0780873415
9105,2026180.5090583044
9106,2015353.6139238917
9107,2004520.656511739
9108,1993681.648487343
9109,1982923.5727643336
9110,1972237.9684705983
9111,1961546.4404818814
9112,1950849.0004106564
9113,1940214.9959115537
9114,1929670.0311253148
9115,1919119.2794266283
9116,1908562.7523722693
9117,1898057.1905724534
9118,1887652.174625435
9119,1877241.506731554
9120,1866825.1983893577
9121,1856452.243105937
9122,1846186.4478435658
9123,1835915.1337683455
9124,1825638.31231802
9125,1815401.919085796
9126,1805274.5806616414
9127,1795141.8547142087
9128,1785003.7526180171
9129,1774907.668613268
9130,1764917.9892301906
9131,1754923.0517579864
9132,1744922.8675055814
9133,1734970.6319759074
9134,1725117.7815753731
9135,1715259.8006551426
9136,1705396.7004563252
9137,1695591.6456173495
9138,1685874.763517963
9139,1676152.8765960261
9140,1666425.9960226314
9141,1656771.2483842012
9142,1647189.4448708375
9143,1637602.7603538074
9144,1628011.2059320917
9145,1618509.6880186403
9146,1609062.0458832763
9147,1599609.6446804565
9148,1590152.4954349706
9149,1580806.9278669362
9150,1571492.5039023822
9151,1562173.4409209115
9152,1552849.7498712416
9153,1543662.6537760457
9154,1534480.4802237009
9155,1525293.7858177898
9156,1516122.7798546252
9157,1507076.28115199
9158,1498025.3671047748
9159,1488970.0484799314
9160,1479963.32851999
9161,1471046.9621554394
9162,1462126.2949168906
9163,1453201.3374904187
9164,1444360.8583248907
9165,1435573.5930114116
9166,1426782.1394122008
9167,1417986.5081308712
9168,1409314.036162366
9169,1400654.8214114227
9170,1391991.5290842303
9171,1383349.5401257104
9172,1374821.286633352
9173,1366289.053988049
9174,1357752.8526017454
9175,1349283.2632856644
9176,1340880.7996141217
9177,1332474.4638427459
9178,1324064.2662970696
9179,1315768.3107001325
9180,1307490.5378583972
9181,1299208.9981094582
9182,1290961.3932683603
9183,1282850.7861724556
9184,1274736.523371747
9185,1266618.614944773
9186,1258497.0709904516
9187,1250467.9489392634
9188,1242515.1088293765
9189,1234558.7416416754
9190,1226598.8573356364
9191,1218635.4658904332
9192,1210827.4513579314
9193,1203030.5254682389
9194,1195230.1981621939
9195,1187426.4792783682
9196,1179674.2652847238
9197,1172034.6738298861
9198,1164391.7939814106
9199,1156745.635436888
9200,1149096.2079124146
9201,1141571.466256723
9202,1134083.9202744814
9203,1126593.2058276776
9204,1119099.3324905117
9205,1111640.7669772836
9206,1104306.4399802187
9207,1096969.052130717
9208,1089628.6128608272
9209,1082285.1316198944
9210,1075058.816489638
9211,1067872.6391602894
9212,1060683.5152931886
9213,1053491.4541948303
9214,1046340.127066924
9215,1039303.0482151578
9216,1032263.1251544447
9217,1025220.3670483143
9218,1018174.7830764876
9219,1011258.9907885123
9220,1004366.1605552575
9221,997470.5949432068
9222,990572.302988628
9223,983738.8225685905
9224,976990.9862959438
9225,970240.511827556
9226,963487.40805632
9227,956742.0462502949
9228,950162.8506419089
9229,943581.1214836548
9230,936996.8674910909
9231,930410.0973942858
9232,923820.8199377226
9233,917398.4700850294
9234,910979.7941006247
9235,904558.7031405991
9236,898135.2057725003
9237,891709.3105777288
9238,885438.8369361667
9239,879180.1684504985
9240,872919.1914073688
9241,866655.9142122265
9242,860390.3452838245
9243,854276.5277843836
9244,848174.832269352
9245,842070.9312378188
9246,835964.8329336835
9247,829856.5456136104
9248,823903.5756470959
9249,817955.832413001
9250,812005.983390505
9251,806054.0366626917
9252,800106.283410873
9253,794311.5053354765
9254,788514.7100408861
9255,782715.9054384251
9256,776915.0994511138
9257,771138.2774620461
9258,765491.3682124729
9259,759842.5352011874
9260,754191.7861808577
9261,748539.1289153037
9262,742935.7783681051
9263,737433.7762614118
9264,731929.9407342207
9265,726424.2793815281
9266,720916.799809006
9267,715488.969235177
9268,710128.9353932167
9269,704767.1554224916
9270,699403.6367613925
9271,694038.3868585231
9272,688787.6577180094
9273,683566.6779319035
9274,678344.0363262695
9275,673119.7401840515
9276,667904.5337772031
9277,662821.3077743086
9278,657736.4942262956
9279,652650.1002526209
9280,647562.132982085
9281,642529.0687994397
9282,637579.0704959461
9283,632627.5633454444
9284,627674.5543150234
9285,622720.0503806432
9286,617869.4122099684
9287,613049.8139819702
9288,608228.7828226666
9289,603406.3255481416
9290,598604.7759863961
9291,593914.1473011993
9292,589222.152226341
9293,584528.7974203036
9294,579834.0895496068
9295,575217.491157587
9296,570651.6299236923
9297,566084.4729988748
9298,561516.0268940144
9299,556956.4278728785
9300,552513.8386316181
9301,548070.0154563427
9302,543624.9647046009
9303,539178.6927412504
9304,534805.0776399024
9305,530481.765286745
9306,526157.2847395015
9307,521831.64221171336
9308,517521.34363075125
9309,513315.7610281071
9310,509109.0674517492
9311,504901.2689662882
9312,500692.37164291285
9313,496567.7595178406
9314,492476.1121531292
9315,488383.41484962596
9316,484289.6735316946
9317,480233.2556482592
9318,476253.9566832444
9319,472273.6607064166
9320,468292.3734977114
9321,464310.10084299964
9322,460437.89655603457
9323,456567.34544655145
9324,452695.8539038038
9325,448823.42757137556
9326,445023.0035605404
9327,441259.58456928836
9328,437495.274015618
9329,433730.07740326057
9330,430004.1437971504
9331,426345.28812756465
9332,422685.587893961
9333,419025.04846264294
9334,415375.9951347828
9335,411819.17811750126
9336,408261.56171657506
9337,404703.15116335
9338,401143.9516939847
9339,397675.8052817219
9340,394217.7905180821
9341,390759.02488550975
9342,387299.51348739304
9343,383909.5653185894
9344,380548.71433963394
9345,377187.1540656618
9346,373824.88946973375
9347,370514.71449209424
9348,367248.63378318143
9349,363981.883695348
9350,360714.4690737748
9351,357485.3846403443
9352,354311.72496777907
9353,351137.4342252548
9354,347962.5171325103
9355,344815.5975823017
9356,341732.0538877483
9357,338647.915874762
9358,335563.1881400551
9359,332499.2789253629
9360,329503.59017482237
9361,326507.3423486566
9362,323510.5399229429
9363,320530.2712775591
9364,317620.2202681349
9365,314709.64396487735
9366,311798.54672564083
9367,308902.34687054757
9368,306075.75999787205
9369,303248.6801988567
9370,300421.1117155114
9371,297609.21960044175
9372,294863.96658967994
9373,292118.2516514662
9374,289372.0789143439
9375,286644.55649549287
9376,283978.55009848846
9377,281312.11144903314
9378,278645.244564529
9379,276001.9886201891
9380,273413.18428144435
9381,270823.9760850377
9382,268234.3679395513
9383,265675.1214269587
9384,263161.5169207229
9385,260647.53571408498
9386,258133.1816091043
9387,255657.54456692885
9388,253217.1796078276
9389,250776.463909719
9390,248335.40117042264
9391,245942.8411725897
9392,243573.79700184264
9393,241204.42689829567
9394,238834.73445778826
9395,236524.59662515367
9396,234224.99557457387
9397,231925.09228189086
9398,229628.1187598777
9399,227396.40682056115
9400,225164.4118561996
9401,222932.13726361585
9402,220717.8103455775
9403,218551.88594799096
9404,216385.7001953605
9405,214219.25638927246
9406,212086.5668533085
9407,209984.67379544253
9408,207882.54004801263
9409,205780.1688195144
9410,203728.02139143017
9411,201688.44259692667
9412,199648.64280962362
9413,197614.58418064946
9414,195635.84643707034
9415,193656.90343618227
9416,191677.75820538786
9417,189723.52011692317
9418,187803.7598231961
9419,185883.81222180504
9420,183963.68025344642
9421,182087.91514571375
9422,180225.53031076305
9423,178362.97524879922
9424,176507.97483742997
9425,174701.55717698543
9426,172894.98276088474
9427,171088.2543615201
9428,169310.446972974
9429,167558.29556602787
9430,165806.00292209236
9431,164053.571732937
9432,162351.4227317391
9433,160652.04553745905
9434,158952.5418475313
9435,157280.93700633614
9436,155654.2016161243
9437,154027.35266867437
9438,152400.3926669902
9439,150773.32411475066
9440,149169.6766651569
9441,147612.8461086621
9442,146055.91889062253
9443,144498.89740881254
9444,142941.7840615852
9445,141405.00352606436
9446,139915.69471201734
9447,138426.3049269624
9448,136936.83646664053
9449,135447.29162728167
9450,133976.0425279646
9451,132551.96405756043
9452,131127.8191600983
9453,129703.61003238602
9454,128279.33887163704
9455,126872.06026338639
9456,125511.01114849906
9457,124149.90905970955
9458,122788.75609791251
9459,121427.5543643144
9460,120082.47662761476
9461,118782.34510358103
9462,117482.17302109303
9463,116181.96238803181
9464,114881.71521250879
9465,113596.8739319329
9466,112355.63638436497
9467,111114.36970645384
9468,109873.07581586875
9469,108631.75663045401
9470,107405.0033149703
9471,106220.72334286214
9472,105036.4247289063
9473,103852.10930328176
9474,102667.77889627383
9475,101496.78820571736
9476,100367.61584697745
9477,99238.43444037918
9478,98109.24573121825
9479,96980.05146482836
9480,95862.32448465965
9481,94786.49563496892
9482,93710.66647940213
9483,92634.83868087642
9484,91559.01390229812
9485,90491.87684413494
9486,89467.71290629334
9487,88443.55659247657
9488,87419.40948562541
9489,86395.27316862546
9490,85375.85487691122
9491,84401.59558216606
9492,83427.35106913577
9493,82453.12284334011
9494,81478.91241020408
9495,80504.89156584653
9496,79578.24079205123
9497,78651.61123830093
9498,77725.00433611512
9499,76798.42151687323
9500,75871.86421180048
9501,74988.71762263498
9502,74107.50307083473
9503,73226.31686895143
9504,72345.1603776016
9505,71464.0349572232
9506,70624.22624756052
9507,69786.32013092311
9508,68948.44744372608
9509,68110.60947899712
9510,67272.80752954909
9511,66476.11440374596
9512,65679.50013559328
9513,64882.9238020526
9514,64086.386631599824
9515,63293.18479926348
9516,62535.89170716325
9517,61778.63935528281
9518,61021.428910730254
9519,60264.26154035041
9520,59515.02320159851
9521,58795.24196980385
9522,58075.50501673627
9523,57355.81345070978
9524,56636.168379756695
9525,55930.06884027059
9526,55246.03367168113
9527,54562.04586175691
9528,53878.10646271467
9529,53194.216526468466
9530,52530.30647542187
9531,51880.32873393582
9532,51230.401007493
9533,50580.52429479873
9534,49930.699594247606
9535,49307.92449708488
9536,48690.38973125615
9537,48072.907246181814
9538,47455.47798954877
9539,46842.0088540378
9540,46255.3206205094
9541,45668.6856742913
9542,45082.10491476488
9543,44495.57924097889
9544,43922.37097360395
9545,43365.10627503396
9546,42807.89648524846
9547,42250.742457288085
9548,41693.64504384692
9549,41159.35954720144
9550,40630.10980267943
9551,40100.916282581005
9552,39571.77979579485
9553,39048.59557123935
9554,38545.958827071394
9555,38043.37857547614
9556,37540.85558364088
9557,37038.39061840003
9558,36552.62873559459
9559,36075.37577893383
9560,35598.1801338096
9561,35121.042527370744
9562,34647.28887283218
9563,34194.13596076879
9564,33741.04025382674
9565,33288.00244139507
9566,32835.023212504886
9567,32396.880543259376
9568,31966.7136505335
9569,31536.6043671424
9570,31106.553346203284
9571,30680.83481593428
9572,30272.47952967486
9573,29864.18144078282
9574,29455.941168218276
9575,29047.759330586574
9576,28655.62806583957
9577,28268.075482903158
9578,27880.58015826131
9579,27493.142678047032
9580,27113.468826806835
9581,26745.645505893244
9582,26377.878785518453
9583,26010.169220947348
9584,25643.338231647525
9585,25294.275253078
9586,24945.268128869877
9587,24596.31738495138
9588,24247.423546904414
9589,23911.37984429643
9590,23580.208601518527
9591,23249.092887022838
9592,22918.0331985238
9593,22594.411598219187
9594,22280.195850282977
9595,21966.034711748747
9596,21651.928653855837
9597,21341.449986974432
9598,21046.463319455324
9599,20751.529724477437
9600,20456.649643476423
9601,20161.82351756306
9602,19868.611579528442
9603,19591.76401344719
9604,19314.968372273095
9605,19038.225069123706
9606,18761.534516796884
9607,18485.434693791685
9608,18225.646982083927
9609,17965.909979178396
9610,17706.224071589226
9611,17446.589645520085
9612,17187.34273742038
9613,16943.59705977103
9614,16699.90081891305
9615,16456.254376375604
9616,16212.658093386659
9617,15969.917507363434
9618,15741.25419108789
9619,15512.638995037347
9620,15284.072257282845
9621,15055.554315603717
9622,14828.901351581482
9623,14614.41575016898
9624,14399.976918090308
9625,14185.585171401022
9626,13971.240825871848
9627,13760.198227047107
9628,13559.037750254694
9629,13357.922666781586
9630,13156.85327202428
9631,12955.829861102624
9632,12759.873789491005
9633,12571.235078975647
9634,12382.640368886694
9635,12194.089935240156
9636,12005.584053786737
9637,11824.154638316333
9638,11647.280882896024
9639,11470.44972549968
9640,11293.661423970343
9641,11116.916235893927
9642,10949.426828881895
9643,10783.605213661287
9644,10617.824791116973
9645,10452.085802053994
9646,10287.714035392391
9647,10132.233753980743
9648,9976.79303770173
9649,9821.392111628174
9650,9666.031200595673
9651,9515.003457186747
9652,9369.273486657305
9653,9223.581701782181
9654,9077.928312662953
9655,8932.31352917148
9656,8795.32099877978
9657,8660.420284498521
9658,8525.55593675756
9659,8390.728149229812
9660,8255.937115369388
9661,8123.8986510689965
9662,7999.069519218738
9663,7874.274979973879
9664,7749.515211771856
9665,7624.790392843912
9666,7500.100701213481
9667,7382.604808217714
9668,7267.173729743677
9669,7151.7756822531155
9670,7036.4108298651745
9671,6921.0793365013
9672,6808.495814912782
9673,6701.769801826984
9674,6595.075130911186
9675,6488.411953206455
9676,6381.780419568026
9677,6275.180680663837
9678,6175.668202249679
9679,6077.063391246928
9680,5978.48842537479
9681,5879.943443384134
9682,5781.428583848156
9683,5686.564673508058
9684,5595.478097343839
9685,5504.419773102427
9686,5413.38982832516
9687,5322.388390386722
9688,5232.247890570556
9689,5148.147060398038
9690,5064.072944463317
9691,4980.025659931811
9692,4896.005323811397
9693,4812.012052951133
9694,4732.989642950461
9695,4655.403853571957
9696,4577.843404122222
9697,4500.308402016048
9698,4422.798954518963
9699,4348.01727251872
9700,4276.458055016998
9701,4204.922742476828
9702,4133.411433438822
9703,4061.9242263034253
9704,3991.3332210262647
9705,3925.3706748827462
9706,3859.430654891199
9707,3793.513251385952
9708,3727.61855456987
9709,3661.746654513386
9710,3600.3657112737155
9711,3539.6208629496336
9712,3478.897300293327
9713,3418.1951059300372
9714,3357.51436236095
9715,3299.754804622589
9716,3243.832734723998
9717,3187.9306750485853
9718,3132.04870121959
9719,3076.186888744161
9720,3021.9355666024667
9721,2970.489740223555
9722,2919.0627030096257
9723,2867.6545241168074
9724,2816.265272592146
9725,2765.389546105252
9726,2718.0975363541597
9727,2670.823147972956
9728,2623.5664441462027
9729,2576.3274879562664
9730,2529.106342383569
9731,2485.241750882962
9732,2441.8201059632297
9733,2398.415024317811
9734,2355.0265635245214
9735,2311.654781065736
9736,2270.727568377348
9737,2231.096592719711
9738,2191.481025853147
9739,2151.8809199911907
9740,2112.2963272586085
9741,2072.951360949514
9742,2036.7844581785705
9743,2000.6318828229978
9744,1964.493682218702
9745,1928.3699036197536
9746,1892.2605941979493
9747,1857.8156450817437
9748,1824.8273385131808
9749,1791.8523901088997
9750,1758.8908426953872
9751,1725.9427390227172
9752,1693.1637969494261
9753,1663.066501662147
9754,1632.9816138145645
9755,1602.909172209407
9756,1572.8492155790157
9757,1542.8017825850077
9758,1514.3908907733176
9759,1486.946191034594
9760,1459.5130453491504
9761,1432.0914887990732
9762,1404.681556400839
9763,1377.8864491000659
9764,1352.8534193668868
9765,1327.831110490098
9766,1302.8195542363856
9767,1277.8187823118606
9768,1252.8288263620236
9769,1229.8543807213705
9770,1207.033998591822
9771,1184.2235884477946
9772,1161.4231789895273
9773,1138.632798861056
9774,1117.1445500340342
9775,1096.3350816404632
9776,1075.5348571653838
9777,1054.743902580338
9778,1033.9622438050424
9779,1013.9638188964943
9780,994.9906338017695
9781,976.0260139736471
9782,957.0699829072305
9783,938.1225640498496
9784,919.5960458609677
9785,902.2995080151389
9786,885.0109031912549
9787,867.7302526375025
9788,850.4575775580466
9789,833.3682287603176
9790,817.6024242619402
9791,801.8439640860324
9792,786.0928674428277
9793,770.3491535018305
9794,754.6493801024133
9795,740.2809513951556
9796,725.919319137569
9797,711.5645006917107
9798,697.216513382026
9799,682.8753744954565
9800,669.7562519572646
9801,656.6696165360481
9802,643.58928362604
9803,630.5152688791703
9804,617.4475879127297
9805,605.4876486090602
9806,593.5646862442065
9807,581.6475510525861
9808,569.7362571702204
9809,557.8374360212903
9810,546.9710614418168
9811,536.1100595437498
9812,525.2544431189169
9813,514.4042249297564
9814,503.6342845485577
9815,493.7373573684647
9816,483.84539385879754
9817,473.9584055648781
9818,464.07640400502305
9819,454.36303792262134
9820,445.35064582413077
9821,436.34283763890886
9822,427.3396237834116
9823,418.3410146492924
9824,409.6119654555091
9825,401.4065490189935
9826,393.2053640514923
9827,385.0084199474236
9828,376.8157260784357
9829,368.9997471474909
9830,361.530469845039
9831,354.0650970528089
9832,346.6036372402531
9833,339.1460988558563
9834,332.1737046280655
9835,325.37587614142876
9836,318.58164897293074
9837,311.7910307550399
9838,305.0040291009255
9839,298.8080678562222
9840,292.62261627055295
9841,286.440484962384
9842,280.26168080703894
9843,274.2323538527779
9844,268.60228897669384
9845,262.9752777655039
9846,257.35132642612234
9847,251.73044114925122
9848,246.4000390928482
9849,241.27941205358064
9850,236.16159810622935
9851,231.0466028374242
9852,225.9344318189447
9853,221.24066623651902
9854,216.5845051493247
9855,211.9309344004283
9856,207.27995901585453
9857,202.75103226801738
9858,198.5159059822343
9859,194.2831593252283
9860,190.0527968290146
9861,185.82482301316506
9862,181.8558505696795
9863,178.00685940513227
9864,174.1600575628433
9865,170.31544911634873
9866,166.50881440388824
9867,163.00973718672785
9868,159.5126695948832
9869,156.0176152983489
9870,152.5245779566806
9871,149.20378581584774
9872,146.02557326836043
9873,142.84920796023565
9874,139.67469318689425
9875,136.5053821682059
9876,133.6178378657881
9877,130.73198773397883
9878,127.84783473895521
9879,124.96538183818053
9880,122.21271349800999
9881,119.59166318926447
9882,116.97216865742836
9883,114.35423256308611
9884,111.73785755884215
9885,109.35790947458648
9886,106.97961471402083
9887,104.60274788865244
9888,102.22731138349543
9889,99.96434220427807
9890,97.8058385613995
9891,95.64864265769603
9892,93.49275663644202
9893,91.34845539935488
9894,89.39020638780858
9895,87.43315443987696
9896,85.47730148050499
9897,83.52264942858704
9898,81.67570970317128
9899,79.900983604533
9900,78.12735441444693
9901,76.35482385524466
9902,74.61007898299583
9903,73.0091146849711
9904,71.40914855661525
9905,69.81018213547456
9906,68.21221695408853
9907,66.69000978019712
9908,65.24654826899742
9909,63.8039964584175
9910,62.362355716414164
9911,60.921627406393554
9912,59.600019948307924
9913,58.298418374493075
9914,56.99764584493507
9915,55.6977035764999
9916,54.43178906905625
9917,53.25719461302966
9918,52.08335460170398
9919,50.91027012110555
9920,49.73794225352672
9921,48.645791902853794
9922,47.58632114582878
9923,46.527537968029634
9924,45.46944333530821
9925,44.43147413066248
9926,43.47504793453565
9927,42.51924754066832
9928,41.56407381099323
9929,40.60952760437151
9930,39.71975205420244
9931,38.856732978554966
9932,37.99428432002486
9933,37.13240684504036
9934,36.29476191494721
9935,35.52441355634914
9936,34.75457844494301
9937,33.98525725672142
9938,33.216450665185455
9939,32.471814632386916
9940,31.784448238991523
9941,31.097544344169478
9942,30.41110354196653
9943,29.725126424192734
9944,29.065872597865074
9945,28.452355876783557
9946,27.8392560012441
9947,27.22657349326447
9948,26.6143088728666
9949,26.032979685533196
9950,25.48518389760963
9951,24.93776389447643
9952,24.39072013486752
9953,23.844053075724048
9954,23.33346503126944
9955,22.844155624932352
9956,22.355185079936064
9957,21.866553799415573
9958,21.378262184895483
9959,20.93157952362715
9960,20.49431855632224
9961,20.05736325307671
9962,19.620713968188657
9963,19.18637089010853
9964,18.795154475013977
9965,18.404213568804682
9966,18.01354848419
9967,17.623159532585355
9968,17.245248717785103
9969,16.89528270310945
9970,16.545565412176238
9971,16.196097119909115
9972,15.846878100069002
9973,15.519273917534544
9974,15.20602185203573
9975,14.892994437456691
9976,14.580191915545646
9977,14.267614527010672
9978,13.984692781617571
9979,13.704119476418228
9980,13.423749189191845
9981,13.143582132567824
9982,12.872697501628087
9983,12.623700296586012
9984,12.374884537400566
9985,12.126250409988415
9986,11.877798099434342
9987,11.634733074723094
9988,11.41367072192846
9989,11.192770869874575
9990,10.972033680518463
9991,10.751459315074792
9992,10.534265089828727
9993,10.337763777270913
9994,10.14140816066508
9995,9.945198381202704
9996,9.749134579414715
9997,9.554393615895826
9998,9.36819363967498
9999,9.18213290135636
