,0
0,4.5633563149671303e-91
1,4.5633563121497316e-91
2,4.5633563093273754e-91
3,4.5633563065000514e-91
4,4.563356303667754e-91
5,4.5633563008304693e-91
6,4.5633562979881943e-91
7,4.563356295140916e-91
8,4.563356292288628e-91
9,4.563356289431319e-91
10,4.5633562865689837e-91
11,4.5633562837016106e-91
12,4.563356280829191e-91
13,4.5633562779517167e-91
14,4.5633562750691795e-91
15,4.563356272181568e-91
16,4.563356269288876e-91
17,4.563356266391093e-91
18,4.5633562634882116e-91
19,4.563356260580221e-91
20,4.563356257667113e-91
21,4.563356254748879e-91
22,4.56335625182551e-91
23,4.5633562488969945e-91
24,4.5633562459633264e-91
25,4.563356243024496e-91
26,4.5633562400804937e-91
27,4.5633562371313105e-91
28,4.563356234176938e-91
29,4.563356231217366e-91
30,4.563356228252585e-91
31,4.5633562252825874e-91
32,4.5633562223073627e-91
33,4.5633562193269037e-91
34,4.5633562163411977e-91
35,4.563356213350239e-91
36,4.5633562103540167e-91
37,4.5633562073525205e-91
38,4.5633562043457435e-91
39,4.563356201333675e-91
40,4.5633561983163056e-91
41,4.563356195293626e-91
42,4.5633561922656267e-91
43,4.563356189232301e-91
44,4.563356186193635e-91
45,4.563356183149623e-91
46,4.563356180100254e-91
47,4.563356177045518e-91
48,4.5633561739854064e-91
49,4.5633561709199096e-91
50,4.563356167849018e-91
51,4.563356164772723e-91
52,4.563356161691015e-91
53,4.5633561586038825e-91
54,4.563356155511318e-91
55,4.563356152413311e-91
56,4.563356149309853e-91
57,4.5633561462009314e-91
58,4.5633561430865404e-91
59,4.563356139966669e-91
60,4.5633561368413067e-91
61,4.5633561337104453e-91
62,4.5633561305740727e-91
63,4.563356127432182e-91
64,4.5633561242847616e-91
65,4.563356121131802e-91
66,4.5633561179732944e-91
67,4.563356114809229e-91
68,4.563356111639595e-91
69,4.563356108464383e-91
70,4.563356105283583e-91
71,4.5633561020971866e-91
72,4.5633560989051823e-91
73,4.5633560957075605e-91
74,4.563356092504311e-91
75,4.563356089295425e-91
76,4.563356086080893e-91
77,4.563356082860703e-91
78,4.5633560796348464e-91
79,4.563356076403313e-91
80,4.563356073166092e-91
81,4.5633560699231744e-91
82,4.5633560666745513e-91
83,4.5633560634202116e-91
84,4.563356060160143e-91
85,4.5633560568943394e-91
86,4.563356053622787e-91
87,4.563356050345477e-91
88,4.5633560470624003e-91
89,4.5633560437735467e-91
90,4.563356040478905e-91
91,4.563356037178466e-91
92,4.5633560338722174e-91
93,4.5633560305601525e-91
94,4.563356027242258e-91
95,4.5633560239185243e-91
96,4.5633560205889425e-91
97,4.563356017253501e-91
98,4.563356013912189e-91
99,4.563356010564998e-91
100,4.5633560072119157e-91
101,4.5633560038529334e-91
102,4.56335600048804e-91
103,4.563355997117226e-91
104,4.563355993740478e-91
105,4.56335599035779e-91
106,4.563355986969147e-91
107,4.5633559835745415e-91
108,4.563355980173963e-91
109,4.5633559767673993e-91
110,4.5633559733548417e-91
111,4.563355969936277e-91
112,4.563355966511697e-91
113,4.563355963081092e-91
114,4.5633559596444486e-91
115,4.5633559562017574e-91
116,4.563355952753008e-91
117,4.563355949298189e-91
118,4.563355945837292e-91
119,4.5633559423703015e-91
120,4.5633559388972113e-91
121,4.56335593541801e-91
122,4.563355931932686e-91
123,4.5633559284412283e-91
124,4.5633559249436265e-91
125,4.563355921439869e-91
126,4.563355917929946e-91
127,4.5633559144138463e-91
128,4.5633559108915595e-91
129,4.5633559073630736e-91
130,4.5633559038283794e-91
131,4.563355900287462e-91
132,4.563355896740316e-91
133,4.5633558931869276e-91
134,4.563355889627286e-91
135,4.563355886061378e-91
136,4.5633558824891966e-91
137,4.563355878910729e-91
138,4.5633558753259636e-91
139,4.5633558717348904e-91
140,4.563355868137498e-91
141,4.5633558645337737e-91
142,4.563355860923707e-91
143,4.5633558573072885e-91
144,4.563355853684507e-91
145,4.5633558500553493e-91
146,4.5633558464198043e-91
147,4.563355842777861e-91
148,4.5633558391295105e-91
149,4.563355835474738e-91
150,4.5633558318135354e-91
151,4.563355828145889e-91
152,4.5633558244717886e-91
153,4.5633558207912217e-91
154,4.563355817104179e-91
155,4.5633558134106466e-91
156,4.5633558097106155e-91
157,4.5633558060040725e-91
158,4.5633558022910083e-91
159,4.5633557985714083e-91
160,4.563355794845262e-91
161,4.563355791112559e-91
162,4.5633557873732884e-91
163,4.563355783627437e-91
164,4.563355779874993e-91
165,4.563355776115946e-91
166,4.563355772350285e-91
167,4.563355768577994e-91
168,4.563355764799068e-91
169,4.5633557610134905e-91
170,4.5633557572212515e-91
171,4.563355753422338e-91
172,4.5633557496167407e-91
173,4.5633557458044455e-91
174,4.5633557419854405e-91
175,4.5633557381597166e-91
176,4.563355734327259e-91
177,4.563355730488058e-91
178,4.5633557266420996e-91
179,4.5633557227893743e-91
180,4.5633557189298685e-91
181,4.563355715063572e-91
182,4.5633557111904705e-91
183,4.563355707310553e-91
184,4.5633557034238084e-91
185,4.563355699530223e-91
186,4.563355695629786e-91
187,4.563355691722485e-91
188,4.5633556878083084e-91
189,4.5633556838872433e-91
190,4.5633556799592776e-91
191,4.5633556760244006e-91
192,4.5633556720825986e-91
193,4.5633556681338596e-91
194,4.563355664178173e-91
195,4.563355660215523e-91
196,4.5633556562459017e-91
197,4.5633556522692926e-91
198,4.563355648285687e-91
199,4.56335564429507e-91
200,4.563355640297433e-91
201,4.563355636292758e-91
202,4.563355632281037e-91
203,4.5633556282622555e-91
204,4.563355624236402e-91
205,4.5633556202034644e-91
206,4.5633556161634287e-91
207,4.5633556121162843e-91
208,4.563355608062019e-91
209,4.5633556040006167e-91
210,4.5633555999320684e-91
211,4.56335559585636e-91
212,4.56335559177348e-91
213,4.5633555876834137e-91
214,4.5633555835861505e-91
215,4.563355579481676e-91
216,4.5633555753699803e-91
217,4.563355571251048e-91
218,4.563355567124866e-91
219,4.5633555629914237e-91
220,4.5633555588507077e-91
221,4.563355554702706e-91
222,4.5633555505474026e-91
223,4.5633555463847884e-91
224,4.5633555422148475e-91
225,4.5633555380375695e-91
226,4.5633555338529403e-91
227,4.563355529660946e-91
228,4.563355525461575e-91
229,4.5633555212548146e-91
230,4.5633555170406503e-91
231,4.563355512819071e-91
232,4.563355508590063e-91
233,4.5633555043536114e-91
234,4.5633555001097065e-91
235,4.5633554958583305e-91
236,4.563355491599475e-91
237,4.563355487333124e-91
238,4.5633554830592657e-91
239,4.563355478777886e-91
240,4.563355474488972e-91
241,4.56335547019251e-91
242,4.563355465888488e-91
243,4.56335546157689e-91
244,4.563355457257708e-91
245,4.5633554529309223e-91
246,4.5633554485965225e-91
247,4.563355444254496e-91
248,4.5633554399048293e-91
249,4.563355435547507e-91
250,4.5633554311825164e-91
251,4.563355426809844e-91
252,4.563355422429478e-91
253,4.563355418041402e-91
254,4.563355413645605e-91
255,4.563355409242072e-91
256,4.5633554048307903e-91
257,4.5633554004117447e-91
258,4.563355395984923e-91
259,4.5633553915503114e-91
260,4.5633553871078953e-91
261,4.5633553826576616e-91
262,4.5633553781995964e-91
263,4.5633553737336863e-91
264,4.5633553692599164e-91
265,4.563355364778274e-91
266,4.563355360288746e-91
267,4.5633553557913155e-91
268,4.563355351285972e-91
269,4.563355346772699e-91
270,4.5633553422514834e-91
271,4.563355337722312e-91
272,4.5633553331851704e-91
273,4.563355328640045e-91
274,4.5633553240869193e-91
275,4.563355319525783e-91
276,4.5633553149566195e-91
277,4.5633553103794143e-91
278,4.563355305794155e-91
279,4.563355301200826e-91
280,4.563355296599414e-91
281,4.5633552919899047e-91
282,4.563355287372284e-91
283,4.563355282746537e-91
284,4.563355278112649e-91
285,4.563355273470608e-91
286,4.563355268820396e-91
287,4.563355264162002e-91
288,4.563355259495409e-91
289,4.5633552548206044e-91
290,4.5633552501375734e-91
291,4.5633552454463023e-91
292,4.5633552407467726e-91
293,4.563355236038976e-91
294,4.563355231322892e-91
295,4.5633552265985103e-91
296,4.563355221865814e-91
297,4.56335521712479e-91
298,4.563355212375421e-91
299,4.5633552076176955e-91
300,4.5633552028515977e-91
301,4.5633551980771114e-91
302,4.563355193294224e-91
303,4.5633551885029194e-91
304,4.563355183703184e-91
305,4.5633551788950016e-91
306,4.563355174078357e-91
307,4.563355169253238e-91
308,4.563355164419625e-91
309,4.5633551595775073e-91
310,4.563355154726869e-91
311,4.563355149867692e-91
312,4.5633551449999686e-91
313,4.5633551401236756e-91
314,4.563355135238802e-91
315,4.5633551303453325e-91
316,4.563355125443251e-91
317,4.5633551205325437e-91
318,4.5633551156131937e-91
319,4.5633551106851877e-91
320,4.563355105748508e-91
321,4.563355100803143e-91
322,4.563355095849074e-91
323,4.5633550908862865e-91
324,4.563355085914765e-91
325,4.5633550809344955e-91
326,4.563355075945462e-91
327,4.563355070947649e-91
328,4.56335506594104e-91
329,1.3788211825530144e-15
330,1.0141169121196848e-14
331,1.821345687227345e-14
332,2.5887268218926692e-14
333,3.3265249174209e-14
334,4.0442125679694495e-14
335,4.75502809119003e-14
336,5.4721750599787935e-14
337,6.201888137646539e-14
338,6.950322430633196e-14
339,7.732922509655028e-14
340,8.555229527786545e-14
341,9.419307975777692e-14
342,1.0330352695411134e-13
343,1.1295882427795673e-13
344,1.2341777587701322e-13
345,1.346191317562699e-13
346,1.4651493980607387e-13
347,1.59186515513228e-13
348,1.731101524455445e-13
349,1.8796092949733994e-13
350,2.0379239906138326e-13
351,2.208158846284887e-13
352,2.3944742624736623e-13
353,2.593518543306971e-13
354,2.806011342617623e-13
355,3.0351207576822897e-13
356,3.285334465309679e-13
357,3.5533963576166866e-13
358,3.838910677003592e-13
359,4.148553681391288e-13
360,4.484856281860642e-13
361,4.843338256030502e-13
362,5.22547485244932e-13
363,5.648962517666857e-13
364,6.099327631186453e-13
365,6.573396549565494e-13
366,7.102240599873314e-13
367,7.659914797154366e-13
368,8.251329376951189e-13
369,8.9054701758062e-13
370,9.595193552544835e-13
371,1.0330318530226112e-12
372,1.1138339246166684e-12
373,1.1990290099510624e-12
374,1.2900777450747392e-12
375,1.3897470611272438e-12
376,1.4948402184249308e-12
377,1.6072140686216102e-12
378,1.7299778746795451e-12
379,1.8594958042919663e-12
380,1.9978842290301035e-12
381,2.1489529294738836e-12
382,2.308082920578977e-12
383,2.4781575812397463e-12
384,2.663489360346698e-12
385,2.8592559625586117e-12
386,3.069171106017004e-12
387,3.2967543690940606e-12
388,3.5344422016847788e-12
389,3.794580270417426e-12
390,4.070814298399721e-12
391,4.360354469950819e-12
392,4.680360408218875e-12
393,5.0150216318769885e-12
394,5.372008490492605e-12
395,5.759491593346291e-12
396,6.1645868767628135e-12
397,6.6030214729588465e-12
398,7.0717458819164215e-12
399,7.561683792532172e-12
400,8.09812301621775e-12
401,8.664569549367916e-12
402,9.257648432807125e-12
403,9.913357641008102e-12
404,1.0596876126958027e-11
405,1.1324885734080667e-11
406,1.211199846354676e-11
407,1.2931783455264676e-11
408,1.3822428709242304e-11
409,1.4766024297942537e-11
410,1.5750779204601937e-11
411,1.6834032411275712e-11
412,1.7963815540238803e-11
413,1.91624289977819e-11
414,2.0458668173126853e-11
415,2.181000553445522e-11
416,2.3263969842562022e-11
417,2.481336646067994e-11
418,2.6428117129627446e-11
419,2.8186002737753277e-11
420,3.004725665372436e-11
421,3.200074606818918e-11
422,3.412234705329648e-11
423,3.630446143960489e-11
424,3.8705734574826556e-11
425,4.119484756558107e-11
426,4.3857495306405605e-11
427,4.6690574486128176e-11
428,4.9640241714581646e-11
429,5.2859721376263936e-11
430,5.617380989929346e-11
431,5.977720398147338e-11
432,6.354461706032883e-11
433,6.752537671567666e-11
434,7.180427872983523e-11
435,7.620253111775264e-11
436,8.104886548636689e-11
437,8.603995897631141e-11
438,9.138465496557476e-11
439,9.703929584607933e-11
440,1.0292811081048466e-10
441,1.0932423563639845e-10
442,1.1591305798392732e-10
443,1.2303024113192806e-10
444,1.3051750065358372e-10
445,1.384075218234199e-10
446,1.4682927650208376e-10
447,1.5556675678302943e-10
448,1.65031257822807e-10
449,1.746970916299244e-10
450,1.8532384693094514e-10
451,1.9615456234809443e-10
452,2.0792644757194597e-10
453,2.2009596139144886e-10
454,2.330790395184769e-10
455,2.4673901123648633e-10
456,2.6104385480569664e-10
457,2.7636120201944e-10
458,2.921071688856881e-10
459,3.092653871556961e-10
460,3.2679078940973805e-10
461,3.4578178559991663e-10
462,3.654243997180639e-10
463,3.86270113725358e-10
464,4.0831499505803466e-10
465,4.3127052515514647e-10
466,4.558692660615417e-10
467,4.811252452534062e-10
468,5.085509278713521e-10
469,5.364284790265513e-10
470,5.668649928363307e-10
471,5.979627855867725e-10
472,6.313609800129418e-10
473,6.660196721037085e-10
474,7.026363312935886e-10
475,7.412286950674735e-10
476,7.813400442119185e-10
477,8.242735788227388e-10
478,8.681765321544119e-10
479,9.15896249946622e-10
480,9.645269976837783e-10
481,1.0169011188830505e-09
482,1.070974027001007e-09
483,1.1281596203902199e-09
484,1.1882351663756062e-09
485,1.2506429912560517e-09
486,1.3173791683991632e-09
487,1.38553381300407e-09
488,1.4594519557337095e-09
489,1.5346938486989909e-09
490,1.6156242709505526e-09
491,1.6990050683521399e-09
492,1.787160191347151e-09
493,1.8794785693112078e-09
494,1.9754234399256437e-09
495,2.077546585429287e-09
496,2.1818840356200734e-09
497,2.2947525671342367e-09
498,2.410075981122385e-09
499,2.5339801539508342e-09
500,2.660751735408811e-09
501,2.796292635650668e-09
502,2.93558175389172e-09
503,3.0837321216702654e-09
504,3.236699930058429e-09
505,3.3985032680181725e-09
506,3.5664097221025214e-09
507,3.742984644757559e-09
508,3.927195972794272e-09
509,4.119740765425873e-09
510,4.3217374265681856e-09
511,4.531534848274227e-09
512,4.7529199555938574e-09
513,4.981342183881751e-09
514,5.223850451597111e-09
515,5.472364344546657e-09
516,5.737871609015019e-09
517,6.00804417773309e-09
518,6.298577473919226e-09
519,6.59208160242852e-09
520,6.909829837465021e-09
521,7.230743161021253e-09
522,7.575775508590708e-09
523,7.92683665594981e-09
524,8.300864501516997e-09
525,8.68469082554441e-09
526,9.089869174401679e-09
527,9.509282282534743e-09
528,9.9479043563051e-09
529,1.0405943905549514e-08
530,1.0880448500413997e-08
531,1.138038675405211e-08
532,1.1893365902253227e-08
533,1.243872307939044e-08
534,1.2992930022368598e-08
535,1.3590372390680299e-08
536,1.419181817642902e-08
537,1.4840224752532305e-08
538,1.5492385388499358e-08
539,1.619591748625375e-08
540,1.690248317879833e-08
541,1.7665616963515754e-08
542,1.8432145598896497e-08
543,1.925804941632198e-08
544,2.0089877994862683e-08
545,2.098253322735374e-08
546,2.1884958507064485e-08
547,2.2849013632469833e-08
548,2.3827724421798186e-08
549,2.486809849032691e-08
550,2.5929200449645112e-08
551,2.7051095652151897e-08
552,2.8201137316578478e-08
553,2.9410051979629162e-08
554,3.0656052042818816e-08
555,3.1957794059134574e-08
556,3.33072699579938e-08
557,3.470797066089305e-08
558,3.61689685015381e-08
559,3.767509699193298e-08
560,3.925622285751937e-08
561,4.0874600792057576e-08
562,4.258505347340301e-08
563,4.432287032225939e-08
564,4.617247551243373e-08
565,4.8040249840741354e-08
566,5.003655028958921e-08
567,5.2057016149130036e-08
568,5.4196438741192685e-08
569,5.6381104749740474e-08
570,5.867245697839065e-08
571,6.10335939651697e-08
572,6.348613397485427e-08
573,6.603681663166688e-08
574,6.866027143909584e-08
575,7.141442167899102e-08
576,7.421900592188852e-08
577,7.721285868489115e-08
578,8.023322059645525e-08
579,8.344237519268483e-08
580,8.669285823340395e-08
581,9.01320386317226e-08
582,9.362760470487807e-08
583,9.731283544152921e-08
584,1.0106924905924974e-07
585,1.0501873266168562e-07
586,1.0905418826163381e-07
587,1.1328340962449979e-07
588,1.1761556269327407e-07
589,1.2214375889689678e-07
590,1.2679118278468464e-07
591,1.3163884105316234e-07
592,1.3662106397963374e-07
593,1.418099925274445e-07
594,1.4714753559883884e-07
595,1.527009375361574e-07
596,1.5841535378739306e-07
597,1.6435790416126718e-07
598,1.7047181863668803e-07
599,1.7682974468493858e-07
600,1.8336689557061774e-07
601,1.9016806026512797e-07
602,1.971533410856456e-07
603,2.0442733004158237e-07
604,2.1188683293394022e-07
605,2.1967269399267347e-07
606,2.2764565113101977e-07
607,2.359581765360837e-07
608,2.4447454694316467e-07
609,2.533481090602606e-07
610,2.6243928572715196e-07
611,2.719103323526871e-07
612,2.816091959337692e-07
613,2.9171635670252085e-07
614,3.020573306640366e-07
615,3.12855529816874e-07
616,3.238957777705753e-07
617,3.353941917951488e-07
618,3.471735387355587e-07
619,3.594164415218467e-07
620,3.719765469220664e-07
621,3.8501084041187105e-07
622,3.983952621331811e-07
623,4.12270609008014e-07
624,4.265248686585818e-07
625,4.4129382989735567e-07
626,4.564654796606951e-07
627,4.7218365706705665e-07
628,4.883223480240609e-07
629,5.05048531823104e-07
630,5.222060837873628e-07
631,5.4000240538985e-07
632,5.582328782748755e-07
633,5.772318797004039e-07
634,5.96698086783929e-07
635,6.167888564679858e-07
636,6.375610811134394e-07
637,6.588063170128409e-07
638,6.809580646663148e-07
639,7.034241038281901e-07
640,7.270322142022142e-07
641,7.50789224047264e-07
642,7.75933985834357e-07
643,8.011229969864437e-07
644,8.278214311853129e-07
645,8.546338004954039e-07
646,8.828605239328107e-07
647,9.113839467845561e-07
648,9.412254969714501e-07
649,9.715514845281093e-07
650,1.0031832239644438e-06
651,1.0355360600408245e-06
652,1.0688065847924635e-06
653,1.1032988239494112e-06
654,1.1382920493932956e-06
655,1.175029349158943e-06
656,1.2118556696767234e-06
657,1.250945119794844e-06
658,1.2901033589219836e-06
659,1.331279969007227e-06
660,1.3729084606631025e-06
661,1.4162765777549892e-06
662,1.46049618017161e-06
663,1.506187438764475e-06
664,1.5531264016729e-06
665,1.6012754893379788e-06
666,1.6510700933314482e-06
667,1.701814637297227e-06
668,1.754609940020509e-06
669,1.808090229242534e-06
670,1.8640409157025937e-06
671,1.9203994594611808e-06
672,1.979670806629685e-06
673,2.0390516974231113e-06
674,2.101820669774378e-06
675,2.164700101983738e-06
676,2.2308251953255765e-06
677,2.2973986417759345e-06
678,2.3670329273654863e-06
679,2.437505008792866e-06
680,2.510806278893447e-06
681,2.5853976413998356e-06
682,2.662521253565568e-06
683,2.7414704549616785e-06
684,2.822566754307672e-06
685,2.906132443665854e-06
686,2.9913433159605885e-06
687,3.0798067639657656e-06
688,3.169260101463711e-06
689,3.2629226465222876e-06
690,3.3567500174560278e-06
691,3.455927001114237e-06
692,3.555291852922919e-06
693,3.6592791994095916e-06
694,3.7645477774981194e-06
695,3.873434439959635e-06
696,3.985012068210009e-06
697,4.098838115977318e-06
698,4.2171739571482624e-06
699,4.335914277180188e-06
700,4.461507741442165e-06
701,4.587322223099003e-06
702,4.718364924283128e-06
703,4.851875159175946e-06
704,4.98825173567133e-06
705,5.129844154906374e-06
706,5.2717754363213875e-06
707,5.421851631499718e-06
708,5.5721919283882385e-06
709,5.728780973221832e-06
710,5.888378520713505e-06
711,6.050841684972391e-06
712,6.2201660840217175e-06
713,6.389788457459053e-06
714,6.56825370146437e-06
715,6.748109127660738e-06
716,6.933370804535568e-06
717,7.123967551826099e-06
718,7.316278422481673e-06
719,7.51814447902204e-06
720,7.720365776231536e-06
721,7.931454088458132e-06
722,8.145513743052108e-06
723,8.365164261451504e-06
724,8.592650526293418e-06
725,8.82053711782993e-06
726,9.060429065468716e-06
727,9.302452199189364e-06
728,9.549706993018299e-06
729,9.80657990101171e-06
730,1.0063904849834927e-05
731,1.0333842393223735e-05
732,1.0606785449520103e-05
733,1.0885201095730608e-05
734,1.1174532921509246e-05
735,1.146437390878992e-05
736,1.1768178850311561e-05
737,1.207523873662193e-05
738,1.2388798284732047e-05
739,1.2713908399762887e-05
740,1.3039590638341943e-05
741,1.3381534049527521e-05
742,1.3726161950234026e-05
743,1.4079314781989749e-05
744,1.4443783683679681e-05
745,1.4808893971862684e-05
746,1.5194818984153717e-05
747,1.5581840615656336e-05
748,1.597845829419231e-05
749,1.6388459196825678e-05
750,1.6799181612416132e-05
751,1.723006065851446e-05
752,1.7664912701099637e-05
753,1.8108009036744507e-05
754,1.856814179404579e-05
755,1.902908428551254e-05
756,1.9510330499921e-05
757,1.9997793628383567e-05
758,2.049317193732411e-05
759,2.1009048154245313e-05
760,2.152583220174718e-05
761,2.206298120236309e-05
762,2.2609570042207278e-05
763,2.316121736987541e-05
764,2.3739000930200935e-05
765,2.4317801264619553e-05
766,2.4915864477078197e-05
767,2.5527356304942685e-05
768,2.6141969846320084e-05
769,2.678764575534667e-05
770,2.743445791428833e-05
771,2.810060311178545e-05
772,2.8783206748164902e-05
773,2.9468238437656097e-05
774,3.0188234057632393e-05
775,3.090949671410618e-05
776,3.165168402692316e-05
777,3.241206241080733e-05
778,3.317576232275222e-05
779,3.397654228783715e-05
780,3.477873145235266e-05
781,3.560581668516725e-05
782,3.644969089076787e-05
783,3.7303041072661384e-05
784,3.818986414051411e-05
785,3.9078247824998805e-05
786,4.000248459882556e-05
787,4.0935205748311584e-05
788,4.189083470630083e-05
789,4.286925257338627e-05
790,4.3858257410572444e-05
791,4.488377771726152e-05
792,4.5911102717637145e-05
793,4.698224013942816e-05
794,4.8058205743287614e-05
795,4.916817580389792e-05
796,5.0294284990853714e-05
797,5.1445204425794576e-05
798,5.2623008556874895e-05
799,5.3817035719305365e-05
800,5.504813524463591e-05
801,5.628747525504219e-05
802,5.757352044789572e-05
803,5.886182880169988e-05
804,6.020312171535877e-05
805,6.154817627722772e-05
806,6.294100405255309e-05
807,6.434456012434565e-05
808,6.579134500837e-05
809,6.725521015142033e-05
810,6.875843958494195e-05
811,7.028447444786827e-05
812,7.185050568836835e-05
813,7.344728351094815e-05
814,7.506612471769746e-05
815,7.6735782813447e-05
816,7.841029144475206e-05
817,8.015502563248349e-05
818,8.19028301741971e-05
819,8.371019611844212e-05
820,8.553547339061546e-05
821,8.74066079665804e-05
822,8.931169027148313e-05
823,9.124970917314453e-05
824,9.323699853394647e-05
825,9.524508827882086e-05
826,9.73170581092496e-05
827,9.939848086432084e-05
828,0.00010155767760779473
829,0.00010372067406929164
830,0.00010596482080964126
831,0.00010821782345757072
832,0.00011054461307725348
833,0.00011289032429726241
834,0.00011530334768910758
835,0.00011774454832682495
836,0.00012024749211873667
837,0.00012278704341369418
838,0.00012538369428801956
839,0.00012802453989629723
840,0.00013071878882205267
841,0.00013346395692978685
842,0.0001362598033303227
843,0.00013911240886042823
844,0.00014201396473627315
845,0.0001449772116512065
846,0.0001479887056752856
847,0.0001510658893791256
848,0.0001541916709793153
849,0.00015738618082293136
850,0.0001606307242650702
851,0.00016394604615856289
852,0.00016731395464213145
853,0.000170753673780602
854,0.0001742496836108081
855,0.00017781748743966346
856,0.0001814464719855675
857,0.00018514615311789585
858,0.00018891312704886844
859,0.00019274858630482822
860,0.00019665870989396184
861,0.00020063395951016953
862,0.00020469254294735656
863,0.0002088117099407604
864,0.0002130242176913563
865,0.00021729154737713444
866,0.0002216636026019466
867,0.00022608346227065155
868,0.0002306208513159348
869,0.00023519773407757282
870,0.00023990641104098574
871,0.00024464493984488646
872,0.00024953103122205797
873,0.00025443845953083234
874,0.0002595057724779415
875,0.00026459867567262777
876,0.0002698420158215893
877,0.00027512692756105357
878,0.0002805514721781188
879,0.0002860671422070838
880,0.00029178644395094175
881,0.00029751581042267205
882,0.00030331745959928907
883,0.00030935474024162653
884,0.00031540264518539496
885,0.00032150713008964485
886,0.0003278765469879061
887,0.000334257172675003
888,0.0003406823101988081
889,0.0003473984965352669
890,0.000354126501899169
891,0.00036089110955937704
892,0.0003679691853295386
893,0.0003750597169736297
894,0.00038218365401850794
895,0.00038963923713322533
896,0.0003971079404524576
897,0.00040461214983557065
898,0.000412461367364271
899,0.0004203243978081843
900,0.0004282309490503224
901,0.00043649044861416013
902,0.00044476448310006895
903,0.00045309661604730345
904,0.0004617835773649705
905,0.0004704858258441112
906,0.00047926799532505145
907,0.0004884001419120951
908,0.0004975483590895116
909,0.0005068062804728888
910,0.000516401891495036
911,0.0005260143887037791
912,0.0005357750843568463
913,0.0005458530066378388
914,0.0005559486638679277
915,0.0005662405105159829
916,0.0005768201707007562
917,0.0005874184487837538
918,0.0005982712257712387
919,0.0006093726426452648
920,0.0006204935955953146
921,0.0006319385340488382
922,0.0006435823310147134
923,0.000655246618527069
924,0.0006673164514209288
925,0.0006795238691333351
926,0.0006917527692415699
927,0.0007044817823663069
928,0.0007172746915265711
929,0.0007301391754714486
930,0.0007435437000807755
931,0.0007569718137325416
932,0.0007704999681302634
933,0.0007845639042384313
934,0.0007986525898091156
935,0.0008128807035380028
936,0.0008276301487925143
937,0.0008424055498557476
938,0.0008573716809017983
939,0.0008728335249331973
940,0.0008883225784393551
941,0.0009040666161858595
942,0.0009202685580550147
943,0.0009364990118092343
944,0.000953062740559019
945,0.0009700333064840004
946,0.0009870337369042076
947,0.0010044609006735832
948,0.00102222946204671
949,0.001040029292212425
950,0.0010583656608162831
951,0.0010769624525184176
952,0.0010955919705172346
953,0.0011148854069617771
954,0.001134341545979711
955,0.00115383192355746
956,0.0011741324527566863
957,0.0011944799571096537
958,0.0012149887074617677
959,0.001236223147462624
960,0.0012574949554438092
961,0.0012790870473562358
962,0.001301277985887344
963,0.0013235079756266682
964,0.0013462395066155192
965,0.0013694217203347354
966,0.0013926447296893176
967,0.0014165742308098028
968,0.0014407834746055575
969,0.0014650353213845415
970,0.0014902539846691828
971,0.0015155585728781386
972,0.0015410065501668322
973,0.001567400259694027
974,0.0015938404163855983
975,0.0016205891441572668
976,0.0016481577462285858
977,0.0016757748630175688
978,0.001703890227732361
979,0.0017326762337118238
980,0.0017615128967728526
981,0.0017910636115729124
982,0.0018211107527866049
983,0.0018512107704032582
984,0.0018822684646526617
985,0.001913621720466883
986,0.001945030151159207
987,0.0019776694620079346
988,0.0020103750885045652
989,0.0020433912894110267
990,0.002077436935780693
991,0.0021115424950453312
992,0.0021462550976196976
993,0.002181747029617753
994,0.002217301419656
995,0.002253793462696896
996,0.002290781856509433
997,0.0023278353418063626
998,0.002366193233096113
999,0.0024047296601515753
1000,0.00244358057137296
1001,0.0024836475211119946
1002,0.00252378497991812
1003,0.002564636339440501
1004,0.0026063558708631016
1005,0.0026481488195334683
1006,0.0026910964642795866
1007,0.002734524430049775
1008,0.00277805796323745
1009,0.0028231723486871274
1010,0.0028683661255820415
1011,0.002914146393039406
1012,0.0029610823196281394
1013,0.003008100843174075
1014,0.003056233920074604
1015,0.0031050518111394605
1016,0.0031539556110051674
1017,0.0032045516450592447
1018,0.0032553135513841234
1019,0.0033066611804084558
1020,0.003359338117247772
1021,0.0034121077539602538
1022,0.0034660930867617297
1023,0.003520839529292714
1024,0.0035756823135715144
1025,0.00363273729403292
1026,0.003689937815097049
1027,0.0037472389965474404
1028,0.0038066954725375487
1029,0.0038664859411943315
1030,0.003926381627975396
1031,0.003988206753656755
1032,0.004050680512174946
1033,0.0041132642108171495
1034,0.004177571832329618
1035,0.004242824781203816
1036,0.004308192560965394
1037,0.004375192559535154
1038,0.004443484250115549
1039,0.004511896119099898
1040,0.004581247105180531
1041,0.004652688850203755
1042,0.004724256317033297
1043,0.004796071714413247
1044,0.0048707778269366205
1045,0.004945615405834298
1046,0.005020584682457218
1047,0.005098102514410291
1048,0.005176327778822479
1049,0.005254690702540235
1050,0.0053350301913077615
1051,0.005416769783309558
1052,0.005498653219059167
1053,0.005581931238519287
1054,0.005667308553921859
1055,0.005752836114663765
1056,0.005839195785047942
1057,0.005928337401811844
1058,0.006017635888255687
1059,0.006107227344452412
1060,0.006200263077834256
1061,0.006293462533682678
1062,0.006386826000111973
1063,0.006483506108842235
1064,0.006580739876642233
1065,0.006678144754522301
1066,0.006778501138262018
1067,0.006879905915873657
1068,0.006981489143622463
1069,0.007085697270959583
1070,0.007191413168649237
1071,0.007297315103096022
1072,0.007405558422409266
1073,0.007515729020572972
1074,0.007626093494783368
1075,0.007738563672172641
1076,0.007853336079696393
1077,0.007968310461435235
1078,0.00808520762169851
1079,0.008204732534962884
1080,0.008324467785802897
1081,0.008446000756457066
1082,0.008570432518993039
1083,0.00869508325407542
1084,0.008821469812422046
1085,0.008950966475231026
1086,0.0090806910236917
1087,0.009212158146924929
1088,0.009346881529453864
1089,0.00948184199550602
1090,0.009618767456742809
1091,0.00975930023413702
1092,0.009900080318305486
1093,0.010041651060207825
1094,0.01018820100968652
1095,0.010335008854832194
1096,0.010482075049482278
1097,0.010634437061520664
1098,0.010787766986807501
1099,0.010941366739017855
1100,0.011098233439578721
1101,0.011258321869907195
1102,0.01141869202063343
1103,0.011580236038704804
1104,0.011747326387616492
1105,0.011914710778753728
1106,0.012082389729563601
1107,0.01225545544811815
1108,0.012430105095946697
1109,0.012605062088691934
1110,0.012783406623765283
1111,0.012965579895619566
1112,0.013148073752303584
1113,0.01333190080656852
1114,0.013521863600992673
1115,0.013712160688081598
1116,0.013902792656113874
1117,0.014099708810680693
1118,0.014298083223084672
1119,0.01449680673073555
1120,0.01469989299127866
1121,0.01490662673983332
1122,0.015113724294214554
1123,0.015323293890103087
1124,0.015538954757273259
1125,0.015754995140020867
1126,0.015971415706206214
1127,0.01619537131587709
1128,0.016420655010542882
1129,0.0166463351548267
1130,0.016876752263588368
1131,0.017111587070879078
1132,0.01734683513562836
1133,0.017584002779797044
1134,0.017828703932970816
1135,0.018073835706183927
1136,0.01831939885722861
1137,0.01857294838178714
1138,0.018828287213514098
1139,0.019084075385231214
1140,0.01934529410920712
1141,0.019611171029018465
1142,0.019877515833516296
1143,0.020146746455725905
1144,0.020423500291249678
1145,0.020700741152417067
1146,0.020978469896281205
1147,0.021266320656496487
1148,0.021554804929824808
1149,0.021843796871758442
1150,0.022140711057138985
1151,0.022440794150628215
1152,0.02274140532406959
1153,0.023047784467741646
1154,0.02335982996389679
1155,0.023672424591174888
1156,0.023988688678849086
1157,0.02431306845777674
1158,0.0246380190734234
1159,0.024964607078454146
1160,0.02530170144206753
1161,0.02563938901724193
1162,0.025977670847893018
1163,0.026326957238452926
1164,0.0266777713064855
1165,0.027029202729702446
1166,0.02739010147835911
1167,0.027754440261427
1168,0.028119420200168787
1169,0.028492437908415283
1170,0.028870708445359394
1171,0.02924964465476344
1172,0.02963530920349487
1173,0.03002792747878806
1174,0.030421236675366458
1175,0.030820097787316692
1176,0.031227488861194655
1177,0.031635596853193525
1178,0.03204822666058691
1179,0.032470824800352106
1180,0.032894166619286395
1181,0.033321160236664045
1182,0.03375940904917336
1183,0.03419842908254821
1184,0.03464040518473261
1185,0.035094757750079954
1186,0.03554990987530806
1187,0.036007511280471347
1188,0.03647843028687511
1189,0.036950178006402164
1190,0.03742407226420135
1191,0.03791203014410968
1192,0.03840084672175792
1193,0.038891726706506966
1194,0.03939720577392883
1195,0.03990357437247125
1196,0.040412158881315746
1197,0.040935651470393325
1198,0.04146006529036904
1199,0.04198709964643802
1200,0.04252910825126565
1201,0.043072070671045036
1202,0.04361832733154439
1203,0.04417936474725248
1204,0.04474138946436945
1205,0.04530766863359646
1206,0.04588825809870528
1207,0.04646986927246153
1208,0.04705699951971029
1209,0.047657674859768
1210,0.048259407255124294
1211,0.0488682461374578
1212,0.04948955190997662
1213,0.050111951042742756
1214,0.05074338573261028
1215,0.05138587737330619
1216,0.0520294996566392
1217,0.05268444757431301
1218,0.05334869154466604
1219,0.05401410443689022
1220,0.05469580144607972
1221,0.05538573156925581
1222,0.05607687581618917
1223,0.05677666742143668
1224,0.057493049611667464
1225,0.0582106924753774
1226,0.05892959823105824
1227,0.05967298502829577
1228,0.0604179212996125
1229,0.06116416849319056
1230,0.061927915929215586
1231,0.0627009428630648
1232,0.0634753301524538
1233,0.06426031514707709
1234,0.06506224668339408
1235,0.06586558944087963
1236,0.06667272814787668
1237,0.0675043951391101
1238,0.06833752567925243
1239,0.06917212234380828
1240,0.07003002494002902
1241,0.07089379274958817
1242,0.07175908059828974
1243,0.07264184860938855
1244,0.07353712057929063
1245,0.07443396802859484
1246,0.07534265597761082
1247,0.07627031663696321
1248,0.07719960977254897
1249,0.07813531568768639
1250,0.07909626743984893
1251,0.08005891025309994
1252,0.08102324710331142
1253,0.08201794007287448
1254,0.08301485469944272
1255,0.0840135236736714
1256,0.08503838371929193
1257,0.0860705106797458
1258,0.08710445395366216
1259,0.08816073120289696
1260,0.08922902964547579
1261,0.09029920805520253
1262,0.091388200541815
1263,0.092493648487311
1264,0.09360104177473309
1265,0.09472409651385556
1266,0.09586769110263345
1267,0.0970132981628561
1268,0.09817181223342242
1269,0.09935456997460544
1270,0.10053940910557602
1271,0.10173490593924893
1272,0.10295816335480454
1273,0.1041835734304663
1274,0.10541781931660636
1275,0.10668871897626311
1276,0.10796185513566729
1277,0.1092372317305331
1278,0.11053914928149476
1279,0.11186146219639023
1280,0.11318610208677878
1281,0.11451324750044449
1282,0.11588663890804969
1283,0.11726244717780546
1284,0.11864067656282087
1285,0.1200404273246304
1286,0.12146891222640721
1287,0.12289991094246108
1288,0.12433342789651396
1289,0.12580963500786935
1290,0.12729494584933168
1291,0.12878287050590534
1292,0.13028887945821613
1293,0.13183007756533605
1294,0.13337398783656607
1295,0.1349206150446769
1296,0.13650973170963718
1297,0.1381112383748054
1298,0.1397155633335277
1299,0.14133846598232194
1300,0.1429992131577183
1301,0.1446628828766113
1302,0.1463294802819879
1303,0.14804263854836672
1304,0.1497673339089942
1305,0.15149506434747043
1306,0.15324673522340854
1307,0.15503510111088256
1308,0.15682661412196666
1309,0.15862127979485574
1310,0.16046910884434257
1311,0.16232618842389568
1312,0.16418653604761405
1313,0.16607455888121142
1314,0.16799902408769793
1315,0.1699268759218356
1316,0.17185812034328887
1317,0.17385050905609437
1318,0.17584772292849984
1319,0.1778484514497362
1320,0.17988618528896405
1321,0.18195465504321898
1322,0.18402676484055075
1323,0.18611206993084978
1324,0.1882558719433983
1325,0.19040344656676733
1326,0.19255480043985884
1327,0.1947530257429793
1328,0.19697819514438417
1329,0.1992072803447706
1330,0.20145210407651157
1331,0.20375704344464318
1332,0.20606603898884704
1333,0.20837909784703113
1334,0.21074619537985811
1335,0.21313732635528224
1336,0.21553266518445002
1337,0.2179520295155491
1338,0.2204275678460713
1339,0.2229074625681645
1340,0.22539172134804317
1341,0.22794336795808165
1342,0.23051014219314858
1343,0.23308143337425558
1344,0.23569151401272934
1345,0.23834753987080903
1346,0.24100823973755148
1347,0.2436790412360622
1348,0.24642762815304162
1349,0.24918105196515683
1350,0.25193932118419265
1351,0.2547608434296922
1352,0.25761678300154006
1353,0.26047774838479865
1354,0.26334374842369995
1355,0.2663033530424599
1356,0.26926990464589323
1357,0.27224167671276006
1358,0.27524838021093817
1359,0.2783234644557027
1360,0.2814039601567143
1361,0.2844898768368457
1362,0.28764633353562896
1363,0.2908385616167136
1364,0.2940364073005316
1365,0.2972466535493961
1366,0.3005536805723198
1367,0.30386652721803276
1368,0.3071852037276784
1369,0.31055775785618467
1370,0.3139887360211258
1371,0.31742575193462014
1372,0.32086881622166014
1373,0.32441177993758064
1374,0.32797033071105
1375,0.3315351437317754
1376,0.33514465677428773
1377,0.33882799794609786
1378,0.34251782096786687
1379,0.3462141372460996
1380,0.3500080686102569
1381,0.3538262237872499
1382,0.3576510980560786
1383,0.36152011958651403
1384,0.3654699906637766
1385,0.3694268126228553
1386,0.3733905976956356
1387,0.37746390804432634
1388,0.3815618500040607
1389,0.38566700341654436
1390,0.3898071290780306
1391,0.39404996871528786
1392,0.3983002747921797
1393,0.4025580604478457
1394,0.4069016551513139
1395,0.41130097047748354
1396,0.41570802760472236
1397,0.42012768995293664
1398,0.4246799444092716
1399,0.42924020980464495
1400,0.4338085002363851
1401,0.43844835121037173
1402,0.4431658361465948
1403,0.44789162278967887
1404,0.45262572574862964
1405,0.45749644293981817
1406,0.4623838198027956
1407,0.46727979734351016
1408,0.47224387923118244
1409,0.4772970170867422
1410,0.48235904732149787
1411,0.4874299855838954
1412,0.49264345987858116
1413,0.49787579892620504
1414,0.50311734570603
1415,0.5084357185007305
1416,0.5138427016125711
1417,0.5192591997902081
1418,0.5246866940802841
1419,0.5302727367852459
1420,0.5358686096598964
1421,0.5414743300029591
1422,0.5471925213762993
1423,0.5529952464569072
1424,0.558808183018483
1425,0.5646313490307643
1426,0.5705873849481163
1427,0.5766132472724196
1428,0.5826497137480237
1429,0.5886968030356703
1430,0.5949031503818182
1431,0.6011587434151616
1432,0.6074253448730912
1433,0.6137029741277691
1434,0.6201726014472339
1435,0.6266646592851844
1436,0.6331681416714328
1437,0.6397058892809699
1438,0.6464294567368104
1439,0.65316485614478
1440,0.6599121083262464
1441,0.6667348956428191
1442,0.6737083863543799
1443,0.6806941488254957
1444,0.687692204651481
1445,0.6948144590209756
1446,0.7020450286954171
1447,0.7092883225291942
1448,0.7165443629137324
1449,0.7239810543383349
1450,0.7314760073281383
1451,0.7389841497309954
1452,0.746519008911254
1453,0.7542721565570188
1454,0.7620389479790723
1455,0.7698194071871413
1456,0.7776941545438858
1457,0.7857262577475145
1458,0.7937724956248594
1459,0.8018328930495059
1460,0.8100640760469074
1461,0.8183828842649827
1462,0.8267163316914117
1463,0.8350709057202771
1464,0.8436691943621584
1465,0.8522826140335702
1466,0.8609111913614333
1467,0.8696552717686197
1468,0.8785675972503073
1469,0.8874956063938135
1470,0.8964393267985536
1471,0.9055583340288625
1472,0.9147935152551037
1473,0.9240449482946327
1474,0.9333126617466709
1475,0.9428250580599996
1476,0.9523920931958924
1477,0.9619759641311795
1478,0.9716109537886645
1479,0.9815016174589546
1480,0.9914096864401699
1481,1.001335191361397
1482,1.0113949676911695
1483,1.0216354139058128
1484,1.031893880967633
1485,1.042170400588906
1486,1.0526753342271447
1487,1.063275097296679
1488,1.0738935135277587
1489,1.0845522479949308
1490,1.0955017826519255
1491,1.106470585987579
1492,1.1174586919100338
1493,1.1286026533698696
1494,1.139942276369124
1495,1.1513018545120126
1496,1.162681422914684
1497,1.1743005690568369
1498,1.186041380934904
1499,1.197802853955883
1500,1.2095850244783024
1501,1.2217012777650333
1502,1.2338546399639252
1503,1.2460293892984327
1504,1.2583061640646607
1505,1.2708616104382093
1506,1.283439151522341
1507,1.296038826198295
1508,1.3088492220054826
1509,1.3218399833071115
1510,1.334853605372317
1511,1.347890128430399
1512,1.3612581989878392
1513,1.3746964360607798
1514,1.388158321350471
1515,1.401720765494953
1516,1.4155945110490744
1517,1.4294926712137372
1518,1.443415288952626
1519,1.457575691454102
1520,1.4719212706282625
1521,1.486292094730134
1522,1.5006882081845443
1523,1.515472896732881
1524,1.5303033282716911
1525,1.5451598579652515
1526,1.5601770222666913
1527,1.575478705263377
1528,1.5908073157077245
1529,1.6061629009853757
1530,1.6218888052182716
1531,1.6377547773610293
1532,1.6536486699687158
1533,1.669570532174428
1534,1.6858563523818366
1535,1.7023033499197038
1536,1.7187792903915566
1537,1.7352842247297773
1538,1.7521559030853813
1539,1.7692010610172242
1540,1.786276214505609
1541,1.8033814163352506
1542,1.8208659177336153
1543,1.8385267778351297
1544,1.856218716985051
1545,1.8739417898747628
1546,1.8920671292594498
1547,1.9103616481781855
1548,1.9286883612365797
1549,1.9470473250882867
1550,1.9658425954163306
1551,1.9847891528775887
1552,2.0037690519136513
1553,2.0227823511973644
1554,2.0422777520063238
1555,2.0618951591423422
1556,2.081547088391371
1557,2.1012336005037153
1558,2.1214604670745603
1559,2.1417679748805165
1560,2.1621112192148058
1561,2.182500708805565
1562,2.2034810960846283
1563,2.2244984040025204
1564,2.245552697530333
1565,2.2667234763889157
1566,2.2884325380848884
1567,2.310179802715517
1568,2.331965337508404
1569,2.353951970388109
1570,2.3764102928733473
1571,2.398908136816109
1572,2.4214455717642505
1573,2.444295876279162
1574,2.467552629292481
1575,2.490850308813333
1576,2.5141889868620972
1577,2.5378481919817126
1578,2.561924857412513
1579,2.586043892203757
1580,2.6102053709148816
1581,2.6347139003430606
1582,2.6596323684187713
1583,2.6845946872293247
1584,2.709600933940994
1585,2.7350007226382798
1586,2.760783297135279
1587,2.7866112429907397
1588,2.8124846400468355
1589,2.8388191601091846
1590,2.865488563594218
1591,2.892204899047509
1592,2.9189682490575066
1593,2.9462825355715854
1594,2.9738619146902154
1595,3.001489827119367
1596,3.029166358265409
1597,3.0575070351519122
1598,3.0860199659681657
1599,3.1145830729253032
1600,3.1431964443206364
1601,3.1726117501697946
1602,3.202082243558902
1603,3.2316045981725137
1604,3.2613197072780706
1605,3.2917187191749293
1606,3.3221712262699126
1607,3.3526773227010325
1608,3.383556954589675
1609,3.4149817489119503
1610,3.4464618435664853
1611,3.4779973358678546
1612,3.510032584299883
1613,3.5425094363720038
1614,3.5750434401486415
1615,3.607634696202295
1616,3.640879477889323
1617,3.6744351443110457
1618,3.7080498608945853
1619,3.741723731553227
1620,3.776233767088374
1621,3.810895491889068
1622,3.845618213251671
1623,3.8805022407168637
1624,3.916234880447229
1625,3.9520304012962786
1626,3.987888913918789
1627,4.024132958041695
1628,4.061025590096438
1629,4.097983144580438
1630,4.135005735740629
1631,4.172670741005481
1632,4.210752058743261
1633,4.24890039071411
1634,4.2871158548459585
1635,4.326333261013181
1636,4.365707625869461
1637,4.405151280413954
1638,4.444664346578794
1639,4.485233882103446
1640,4.525934392382904
1641,4.566706526050564
1642,4.607550409145243
1643,4.649536489202818
1644,4.69159683986009
1645,4.733731206900341
1646,4.776030846811222
1647,4.819409001358019
1648,4.862863491309405
1649,4.906394450996131
1650,4.950218734208633
1651,4.995023427895527
1652,5.03990696735511
1653,5.0848694913357075
1654,5.130289225271335
1655,5.176555924594988
1656,5.222904042471658
1657,5.269333722177076
1658,5.31642205348021
1659,5.364186850000672
1660,5.412035701366651
1661,5.4599687554930485
1662,5.508801204038076
1663,5.558100821907627
1664,5.607487195540552
1665,5.656960477604632
1666,5.707650705193919
1667,5.758562492405916
1668,5.809563872412892
1669,5.860672198497607
1670,5.913145752111223
1671,5.9657116468556834
1672,6.018370045227506
1673,6.071349337002878
1674,6.125702928421666
1675,6.180152169387364
1676,6.234697228218425
1677,6.289338273529523
1678,6.345281269159725
1679,6.401663774072814
1680,6.458145498932032
1681,6.51472661833881
1682,6.572106459233781
1683,6.630473044595218
1684,6.688942341407927
1685,6.74751453041745
1686,6.806410197866213
1687,6.8668125893438585
1688,6.927321274802171
1689,6.987936441290972
1690,7.048658276189227
1691,7.110921126566313
1692,7.17352193850809
1693,7.236232913119426
1694,7.299054244257987
1695,7.363090130331979
1696,7.4279117674451705
1697,7.492847475345535
1698,7.5578974547679865
1699,7.623480989955887
1700,7.690584861278197
1701,7.757806819569867
1702,7.825147072633193
1703,7.892605828636135
1704,7.961800899747683
1705,8.031371980418799
1706,8.101065489750118
1707,8.170881643184128
1708,8.241826634295249
1709,8.313811091610676
1710,8.38592222454626
1711,8.458160256017969
1712,8.530944579812832
1713,8.605449089875506
1714,8.680084710242042
1715,8.75485167163226
1716,8.829750205171964
1717,8.906489933139484
1718,8.983715432403528
1719,9.061076830251322
1720,9.138574365828713
1721,9.217228919595035
1722,9.297110853126423
1723,9.377133359922249
1724,9.457296687354537
1725,9.537969018610228
1726,9.620575120001565
1727,9.70332658853205
1728,9.786223680009607
1729,9.869266650692325
1730,9.954420173306529
1731,10.039969651182822
1732,10.125669675823106
1733,10.211520512150033
1734,10.29896585353447
1735,10.387383597930889
1736,10.475956936543009
1737,10.564686143175612
1738,10.654540009340508
1739,10.745897501954962
1740,10.837415762026465
1741,10.929095072463253
1742,11.021478605962269
1743,11.115848568205386
1744,11.210384599118031
1745,11.305086990937143
1746,11.400125834163463
1747,11.497582242584556
1748,11.595210151067509
1749,11.693009861407033
1750,11.790981675928865
1751,11.89145232171134
1752,11.992247487537218
1753,12.09322002881891
1754,12.19437025769012
1755,12.297821063320308
1756,12.40186015525287
1757,12.506082331157863
1758,12.61048791321443
1759,12.717059297354181
1760,12.82442028935436
1761,12.93197021105778
1762,13.039709394930435
1763,13.149546537805424
1764,13.260308725504013
1765,13.371265828176584
1766,13.482418188821528
1767,13.595671095368537
1768,13.709915112813672
1769,13.824360172398672
1770,13.939006627904067
1771,14.05583019096673
1772,14.173638027655084
1773,14.291653177929591
1774,14.40987600660676
1775,14.530430070220035
1776,14.651885088420814
1777,14.773553838350075
1778,14.89543669611848
1779,15.019886118924566
1780,15.145073071305315
1781,15.270480322699662
1782,15.396108260774803
1783,15.524622979615222
1784,15.653628027179618
1785,15.782860092663798
1786,15.912397419036157
1787,16.04507466928991
1788,16.177985399638754
1789,16.311130020944958
1790,16.445019749911378
1791,16.581684698377288
1792,16.718590144301828
1793,16.85573651089582
1794,16.99416320640231
1795,17.13490619102955
1796,17.275896849450216
1797,17.41713561750339
1798,17.560289167277013
1799,17.705202006833172
1800,17.85036985809453
1801,17.995793169812913
1802,18.143868850328044
1803,18.293044864028655
1804,18.44248339156374
1805,18.592184894886625
1806,18.74538343681991
1807,18.898917464339842
1808,19.05272167471645
1809,19.207613308856725
1810,19.36532419763651
1811,19.523312619516577
1812,19.68157906287998
1813,19.841937392780952
1814,20.00419262123649
1815,20.16673337969925
1816,20.32956017062452
1817,20.49596361809697
1818,20.66329504884566
1819,20.83092094245593
1820,20.998841817102374
1821,21.169958838977735
1822,21.3424832850701
1823,21.515311332438845
1824,21.688443515339355
1825,21.86449414667503
1826,22.042330244470303
1827,22.220479290725397
1828,22.398941836144107
1829,22.580153228464628
1830,22.763421456462247
1831,22.947012192113554
1832,23.13092600294374
1833,23.317532500045935
1834,23.506355197751667
1835,23.695510177590112
1836,23.884998024286794
1837,24.077241237379024
1838,24.27174262431731
1839,24.466586286460846
1840,24.66177282612006
1841,24.85990170833432
1842,25.060207903236257
1843,25.26086658835145
1844,25.461878383965914
1845,25.666149304272427
1846,25.872388344449305
1847,26.078990315159118
1848,26.285955855059804
1849,26.496632671608694
1850,26.708934532514185
1851,26.921609992994455
1852,27.13465971048185
1853,27.352583382044653
1854,27.571760690543766
1855,27.791323697681616
1856,28.01127308218145
1857,28.233938044765402
1858,28.460152572472232
1859,28.686765182556922
1860,28.91377657553442
1861,29.14143688215031
1862,29.374852942801816
1863,29.60867975871877
1864,29.842918052716698
1865,30.07756854888311
1866,30.3166219284102
1867,30.55783012717942
1868,30.799462793404796
1869,31.04152067403129
1870,31.286237205933553
1871,31.534996566416595
1872,31.784193682496362
1873,32.03382932450113
1874,32.2844941889405
1875,32.54097711988623
1876,32.79791139796254
1877,33.05529781741476
1878,33.31313717388565
1879,33.57658778374093
1880,33.841434598954734
1881,34.106747479608515
1882,34.37252724584745
1883,34.64266269490407
1884,34.915600114285105
1885,35.189017836520314
1886,35.4629167068085
1887,35.740054319611296
1888,36.021263131386625
1889,36.30296680156879
1890,36.58516620097012
1891,36.869711267722586
1892,37.159658540598144
1893,37.450116049354826
1894,37.741084691864785
1895,38.03256536757987
1896,38.33120403740811
1897,38.63061315235526
1898,38.9305491536072
1899,39.23101296833593
1900,39.53683049702069
1901,39.84539201636907
1902,40.15449652792444
1903,40.46414498720031
1904,40.777579248504765
1905,41.09570204036793
1906,41.41438464984217
1907,41.73362806204865
1908,42.05422034394189
1909,42.382117951493264
1910,42.71059257783771
1911,43.039645238365374
1912,43.369276950252825
1913,43.70565015839691
1914,44.044133852541584
1915,44.38321319427091
1916,44.72288923175583
1917,45.06733106965438
1918,45.41604404390126
1919,45.76537066664762
1920,46.115312017740905
1921,46.468215289597524
1922,46.827380947278044
1923,47.18717864750169
1924,47.54760950248385
1925,47.90937981341113
1926,48.27922477884173
1927,48.649720579655714
1928,49.02086836113819
1929,49.392669270589195
1930,49.77267837038264
1931,50.15410255187591
1932,50.536197945177165
1933,50.91896573142747
1934,51.30886736363265
1935,51.701453493508595
1936,52.09473047734665
1937,52.488699530852465
1938,52.88894040415983
1939,53.29292536869762
1940,53.69762124620614
1941,54.103029287688685
1942,54.51406933491569
1943,54.92969337025867
1944,55.34604880032989
1945,55.76313691217445
1946,56.18544938950419
1947,56.612956113274016
1948,57.041215142229056
1949,57.470227800210246
1950,57.90429938522867
1951,58.343935828476305
1952,58.78434592207183
1953,59.2255310274172
1954,59.671861916006016
1955,60.12387855549739
1956,60.57669063126851
1957,61.03029954305774
1958,61.489403545197824
1959,61.95405433603885
1960,62.419522795981386
1961,62.885810363886655
1962,63.35821499842884
1963,63.83575740703733
1964,64.3141401706377
1965,64.79336476801129
1966,65.2796113564704
1967,65.77030639389237
1968,66.26186493150246
1969,66.75428848881046
1970,67.2549322482364
1971,67.75904450381698
1972,68.26404387038461
1973,68.76993190899678
1974,69.2866242861813
1975,69.80566298147937
1976,70.32561505440545
1977,70.84648211223823
1978,71.37484904919093
1979,71.90912937328984
1980,72.44434989630179
1981,72.98051227270265
1982,73.52114929260128
1983,74.07108079440434
1984,74.62198003709881
1985,75.17384872362591
1986,75.72700177279847
1987,76.2930219089115
1988,76.86003809769764
1989,77.42805209191779
1990,77.99706564741722
1991,78.57637488782986
1992,79.15984584063217
1993,79.74434355493392
1994,80.32986983753389
1995,80.92276612120831
1996,81.52303449487307
1997,82.12435918908122
1998,82.72674206264622
1999,83.33385432906158
2000,83.95126768082774
2001,84.56976752378316
2002,85.18935576983216
2003,85.81133085232973
2004,86.44624170299598
2005,87.08226983583334
2006,87.71941721692849
2007,88.35768581582747
2008,89.00968424474983
2009,89.66359714253096
2010,90.31866076102804
2011,90.9748771251686
2012,91.64335714807687
2013,92.31551470042056
2014,92.98885507924042
2015,93.66338036596018
2016,94.3490570890388
2017,95.03982389250235
2018,95.73180626978721
2019,96.42500635994213
2020,97.12861418334161
2021,97.83835958145863
2022,98.54935395068014
2023,99.26159948882325
2024,99.98389219910494
2025,100.7129903228254
2026,101.44337147329537
2027,102.17503790825917
2028,102.91678876889057
2029,103.6656185774242
2030,104.41576613521062
2031,105.16723376109438
2032,105.92923560107866
2033,106.6981809231452
2034,107.46847939239476
2035,108.24013338996022
2036,109.02319869068138
2037,109.81264826617343
2038,110.60348707084678
2039,111.39571754932713
2040,112.2006785296903
2041,113.01102605174711
2042,113.82279957776812
2043,114.63600161709057
2044,115.46371031703886
2045,116.29535447454172
2046,117.12846211236683
2047,117.96303580579752
2048,118.81436416827957
2049,119.66770868876516
2050,120.52255487637227
2051,121.38082949916937
2052,122.2547453250461
2053,123.13019901804722
2054,124.00719328435298
2055,124.89059499567796
2056,125.78699436440112
2057,126.68497116521391
2058,127.58452817391812
2059,128.49398612751708
2060,129.41328740814217
2061,130.33420642202722
2062,131.25674601589088
2063,132.19320956513175
2064,133.13583633215586
2065,134.0801218789752
2066,135.02606912453658
2067,135.99050789754241
2068,136.95688897590432
2069,137.92497063520008
2070,138.89933041505947
2071,139.8881598415988
2072,140.8787293521183
2073,141.8710420086327
2074,142.8750663924771
2075,143.88848045151073
2076,144.9036778567804
2077,145.9206617464282
2078,146.95537856795028
2079,147.99382132875735
2080,149.03409147948446
2081,150.08059785381025
2082,151.14264987521204
2083,152.20657083244012
2084,153.27236401424662
2085,154.35136053940627
2086,155.43930016932032
2087,156.52915429016164
2088,157.62117001433404
2089,158.73349952076177
2090,159.8477864376741
2091,160.964034209509
2092,162.09040864015435
2093,163.22950357079756
2094,164.37060301171584
2095,165.51371049022725
2096,166.67556859862955
2097,167.84189897043436
2098,169.0102817793909
2099,170.18726427952
2100,171.37920824542132
2101,172.57324972140682
2102,173.76939239844174
2103,174.98383691659137
2104,176.20392382135287
2105,177.42615775999346
2106,178.65711103643724
2107,179.90363357486012
2108,181.1523496666347
2109,182.40326317173043
2110,183.6737285198527
2111,184.94932112370535
2112,186.22715843616285
2113,187.51557828745163
2114,188.81844524816412
2115,190.12360491285116
2116,191.4310613159535
2117,192.76111531891883
2118,194.0939993913481
2119,195.42922898951363
2120,196.77877427165615
2121,198.1398403396528
2122,199.5033015259249
2123,200.8727861630872
2124,202.26244690817086
2125,203.65455309026183
2126,205.0491090125585
2127,206.46327597678916
2128,207.88444433873136
2129,209.3081135822714
2130,210.74551350938424
2131,212.20010899411207
2132,213.65726418295895
2133,215.11698358019444
2134,216.59247602545764
2135,218.08366151127498
2136,219.57747108940416
2137,221.07390937741567
2138,222.5888573652347
2139,224.11730917449913
2140,225.64845065438556
2141,227.18228653785948
2142,228.7380800471866
2143,230.3044846831507
2144,231.87364577607943
2145,233.44556817645812
2146,235.04362425567507
2147,236.64867866552285
2148,238.25655754508693
2149,239.867505555283
2150,241.50902876429166
2151,243.15344061795426
2152,244.80074619936184
2153,246.45636298257136
2154,248.13789192512132
2155,249.8223799111429
2156,251.5098321476042
2157,253.21160931489476
2158,254.93387273005132
2159,256.65916686984895
2160,258.3874970673886
2161,260.13695367736915
2162,261.90069195064984
2163,263.6675339325854
2164,265.4374850847025
2165,267.23616784541025
2166,269.0421333636128
2167,270.8512768984462
2168,272.66737796630724
2169,274.51308754034864
2170,276.3620450693927
2171,278.21425626878937
2172,280.08272449842235
2173,281.9733866421356
2174,283.8673758445991
2175,285.7646979603572
2176,287.6834098346479
2177,289.6197980298308
2178,291.5595937485914
2179,293.5028029870628
2180,295.4735222267234
2181,297.456418541996
2182,299.4428042218624
2183,301.4326854064659
2184,303.45720927241723
2185,305.4874044300907
2186,307.5211721847891
2187,309.56403548690923
2188,311.6386781187466
2189,313.71697156256755
2190,315.79892224260607
2191,317.898732425487
2192,320.02219566680236
2193,322.1493956303504
2194,324.280338891536
2195,326.4389892695244
2196,328.6120887775146
2197,330.78901235327686
2198,332.9697667259125
2199,335.1891841337093
2200,337.4127444785422
2201,339.64021768765934
2202,341.8828967979212
2203,344.15375543728015
2204,346.42861017240756
2205,348.7074680351109
2206,351.0142980603219
2207,353.33720211285
2208,355.6641938459935
2209,357.9966578279813
2210,360.36828411344584
2211,362.74408381668127
2212,365.1240642815157
2213,367.5241794381617
2214,369.949466366923
2215,372.3790211405745
2216,374.8128512691015
2217,377.2827025855751
2218,379.76251730655594
2219,382.2466958254385
2220,384.74618621662256
2221,387.27695173451
2222,389.81217070899595
2223,392.3518509766742
2224,394.9247560433264
2225,397.5117127824833
2226,400.1032218583311
2227,402.70839450041956
2228,405.3477915810179
2229,407.9918332781102
2230,410.6405277646616
2231,413.32290929642267
2232,416.02019272902805
2233,418.7222226410816
2234,421.4396007609319
2235,424.1908403690233
2236,426.9469214037322
2237,429.7078523843335
2238,432.50967241709463
2239,435.324610067619
2240,438.144501234583
2241,440.97106265778757
2242,443.84567374485965
2243,446.72534335625204
2244,449.6100803932528
2245,452.51286840211014
2246,455.45314051477845
2247,458.3985866957784
2248,461.349216049712
2249,464.3306947012532
2250,467.3376814347995
2251,470.3499596346576
2252,473.3675386120044
2253,476.43021242732146
2254,479.50497828118625
2255,482.585154872497
2256,485.6790673389991
2257,488.8171656163445
2258,491.96078607760495
2259,495.1099384399321
2260,498.28945506462804
2261,501.49737164899193
2262,504.7109332766764
2263,507.9301498810177
2264,511.19789075468924
2265,514.4767214339881
2266,517.7613219442196
2267,521.0653622321662
2268,524.4103278088469
2269,527.7611795943291
2270,531.1179279463113
2271,534.5148169167775
2272,537.9327934435541
2273,541.356784656484
2274,544.7932928145567
2275,548.2792736722276
2276,551.7713888834851
2277,555.2696492426672
2278,558.8037699516915
2279,562.364896460294
2280,565.9322895561664
2281,569.5094713670693
2282,573.1405026613476
2283,576.7779235544742
2284,580.4217452899137
2285,584.1014421257096
2286,587.8097921049492
2287,591.5246677404916
2288,595.2519110535375
2289,599.0419108867367
2290,602.8385800557114
2291,606.6419302961624
2292,610.4519733644313
2293,614.3312452170867
2294,618.2176417929355
2295,622.1108773333931
2296,626.0109638726395
2297,629.9768720269349
2298,633.9544177881135
2299,637.9389629088678
2300,641.9305197056029
2301,645.986314154563
2302,650.0564445383559
2303,654.1337372025466
2304,658.2182047502234
2305,662.3671903712271
2306,666.5313545754814
2307,670.702846531033
2308,674.8816791321268
2309,679.1272154015041
2310,683.3868764873132
2311,687.6540333697775
2312,691.9286992388425
2313,696.2741999497954
2314,700.630834945143
2315,704.9951363815486
2316,709.3687766672017
2317,713.8160507332155
2318,718.271150737624
2319,722.7340904512894
2320,727.2137017771506
2321,731.7607705209633
2322,736.3158408111144
2323,740.8789267274576
2324,745.4680778673543
2325,750.116458180259
2326,754.7730183166118
2327,759.4377726699713
2328,764.1400855895724
2329,768.8913087289563
2330,773.6508926633629
2331,778.4188521047787
2332,783.2380016970602
2333,788.0936133948477
2334,792.9577695791439
2335,797.8304852851634
2336,802.7701991097375
2337,807.7317596817718
2338,812.7020511773906
2339,817.6849669931145
2340,822.7451469861081
2341,827.8142314425654
2342,832.8922360311068
2343,838.0023087775537
2344,843.1714108021172
2345,848.3496089588739
2346,853.5369192537105
2347,858.7780264655629
2348,864.0576524368896
2349,869.3465690279176
2350,874.6447925867424
2351,880.0208634271305
2352,885.4126302654738
2353,890.8138850561999
2354,896.2437909080738
2355,901.7396595137307
2356,907.2451992585678
2357,912.7604271602389
2358,918.3395864884355
2359,923.9626025637422
2360,929.5955135179133
2361,935.238336762299
2362,940.9303528225291
2363,946.6824622079096
2364,952.4446936358022
2365,958.217064917262
2366,964.0262721616474
2367,969.9094377725849
2368,975.802956043666
2369,981.7068451917435
2370,987.6376513732479
2371,993.6538533129228
2372,999.6806420146187
2373,1005.7180361070982
2374,1011.774921643532
2375,1017.9261573228105
2376,1024.0882173806635
2377,1030.26112086397
2378,1036.448638210345
2379,1042.7369224691602
2380,1049.036272268465
2381,1055.3467070794698
2382,1061.6694801067028
2383,1068.0968453368457
2384,1074.5355208456142
2385,1080.9855265348658
2386,1087.448249915044
2387,1094.0167461843314
2388,1100.5968010777265
2389,1107.1884349340535
2390,1113.7958735325178
2391,1120.5075687103783
2392,1127.2310744964648
2393,1133.9664116729991
2394,1140.7233999474106
2395,1147.5803798317988
2396,1154.449425978737
2397,1161.3305596202786
2398,1168.2420010268704
2399,1175.246369472572
2400,1182.263063537107
2401,1189.2921049088925
2402,1196.3629715203995
2403,1203.5168512631517
2404,1210.6833197162102
2405,1217.862399030906
2406,1225.0977284626806
2407,1232.403259897115
2408,1239.7216468995714
2409,1247.052912090947
2410,1254.4578112702231
2411,1261.917153241507
2412,1269.3896214372528
2413,1276.8752389545796
2414,1284.454855595435
2415,1292.070152410526
2416,1299.6988498796384
2417,1307.3409715827709
2418,1315.1004814161913
2419,1322.8738792102133
2420,1330.6609558641458
2421,1338.473304084032
2422,1346.336683830545
2423,1354.23824327
2424,1362.1784446208264
2425,1370.1701201780882
2426,1378.1906931949788
2427,1386.3215677269063
2428,1394.4667501610904
2429,1402.6262656738952
2430,1410.8631908246125
2431,1419.1592111360283
2432,1427.469829951624
2433,1435.7950729590784
2434,1444.2450766036975
2435,1452.7213793808671
2436,1461.2125978998927
2437,1469.7187584066623
2438,1478.3406768716463
2439,1486.999816580436
2440,1495.6741937635986
2441,1504.3638352331143
2442,1513.1636180904582
2443,1522.0081697407902
2444,1530.8682851289677
2445,1539.7439916410583
2446,1548.7277851770705
2447,1557.760501635377
2448,1566.8091129389497
2449,1575.8736470564388
2450,1585.0469734091982
2451,1594.2704709635643
2452,1603.5101990741914
2453,1612.766186300448
2454,1622.1497694071038
2455,1631.5859362750653
2456,1641.0387079266193
2457,1650.508113579582
2458,1660.0267172827273
2459,1669.6786049589239
2460,1679.3474770154007
2461,1689.0333633379178
2462,1698.736293864795
2463,1708.5644002585095
2464,1718.4524513833226
2465,1728.3579024559606
2466,1738.280784093384
2467,1748.2594254126875
2468,1758.3697562221414
2469,1768.4978781170255
2470,1778.6438224025023
2471,1788.8076204388324
2472,1799.115695376538
2473,1809.4696163172086
2474,1819.841756978667
2475,1830.232149420276
2476,1840.706749889614
2477,1851.2896204131446
2478,1861.8911135312594
2479,1872.5112620122095
2480,1883.1595765860727
2481,1893.9745697072492
2482,1904.8085938799968
2483,1915.6616825912424
2484,1926.5338693868296
2485,1937.5435294482338
2486,1948.6163188637204
2487,1959.7085929632524
2488,1970.8203860319309
2489,1982.009300586184
2490,1993.3241642225225
2491,2004.658938510829
2492,2016.0136584857257
2493,2027.389297636748
2494,2038.9495689957869
2495,2050.5301828402776
2496,2062.131174964647
2497,2073.7525812262984
2498,2085.510152259139
2499,2097.339969816363
2500,2109.1906041662314
2501,2121.062091937723
2502,2133.023712006019
2503,2145.106122448515
2504,2157.20979415988
2505,2169.334764551175
2506,2181.5082240810634
2507,2193.846641827977
2508,2206.2067713278993
2509,2218.588650784508
2510,2230.992318468693
2511,2243.579706115836
2512,2256.199739357344
2513,2268.8419798956747
2514,2281.506466806413
2515,2294.3236695821242
2516,2307.20707828315
2517,2320.1131577298142
2518,2333.041947813146
2519,2346.09706169663
2520,2359.2473435827987
2521,2372.4207658178793
2522,2385.617369119176
2523,2398.9185862715103
2524,2412.339265323033
2525,2425.783560527357
2526,2439.2515134389896
2527,2452.812258418947
2528,2466.521283670288
2529,2480.2544324624955
2530,2494.0117472428046
2531,2507.7932705331364
2532,2521.7863916280694
2533,2535.81219499593
2534,2549.862679320735
2535,2563.9378880304903
2536,2578.155030413092
2537,2592.47731397952
2538,2606.824800203088
2539,2621.1975334297344
2540,2635.647829457707
2541,2650.270443677594
2542,2664.9187890298767
2543,2679.592910790348
2544,2694.292854314459
2545,2709.212424878609
2546,2724.165511668432
2547,2739.1449111026395
2548,2754.1506694801883
2549,2769.324283071169
2550,2784.5860188916668
2551,2799.8746104682946
2552,2815.1901050556107
2553,2830.6272266780275
2554,2846.201544614123
2555,2861.8032683385127
2556,2877.432446073534
2557,2893.142645347233
2558,2909.033504185349
2559,2924.9523258095282
2560,2940.8991594221375
2561,2956.8945290180864
2562,2973.133853351478
2563,2989.401753645096
2564,3005.698280180185
2565,3022.0234833264485
2566,3038.470948047793
2567,3055.0924135003297
2568,3071.7431273415054
2569,3088.4231410356833
2570,3105.1325061377765
2571,3122.048570330183
2572,3139.057990875437
2573,3156.09734246752
2574,3173.166677771947
2575,3190.2947095859986
2576,3207.6673814877195
2577,3225.070623626551
2578,3242.5044897926236
2579,3259.969033870729
2580,3277.5960272159405
2581,3295.3677381006382
2582,3313.17072138295
2583,3331.005032088435
2584,3348.870725339487
2585,3367.013653771935
2586,3385.1903662749655
2587,3403.3990638274327
2588,3421.6398027087744
2589,3440.03765779309
2590,3458.601234988125
2591,3477.197477972217
2592,3495.8264442225836
2593,3514.488191317537
2594,3533.406966699421
2595,3552.3955831343083
2596,3571.4176132678053
2597,3590.473115893045
2598,3609.6338435380576
2599,3629.019687969813
2600,3648.4396450741783
2601,3667.8937748740773
2602,3687.3821374980685
2603,3707.096320587792
2604,3726.9190946001545
2605,3746.776750115759
2606,3766.669348510257
2607,3786.6522251717047
2608,3806.882733160033
2609,3827.148840110873
2610,3847.450608662253
2611,3867.7881015623716
2612,3888.3575451661154
2613,3909.0370567347873
2614,3929.7529573407564
2615,3950.505311012111
2616,3971.3707249841027
2617,3992.468622103133
2618,4013.6036444601746
2619,4034.775857378629
2620,4055.985326296823
2621,4077.4709655410475
2622,4099.030127434389
2623,4120.62722621393
2624,4142.262328631126
2625,4164.071720662176
2626,4186.060068258141
2627,4208.087107943751
2628,4230.152907799206
2629,4252.298722555966
2630,4274.721330696775
2631,4297.183395059821
2632,4319.684985069748
2633,4342.226170273337
2634,4365.041977582855
2635,4387.944179418621
2636,4410.886681374161
2637,4433.869554358926
2638,4457.050268217357
2639,4480.397749645147
2640,4503.7863147130765
2641,4527.216035709125
2642,4550.782370671356
2643,4574.605442730175
2644,4598.470435285664
2645,4622.3774220982
2646,4646.326477057929
2647,4670.5435154228135
2648,4694.890958461686
2649,4719.281244683906
2650,4743.714449473292
2651,4768.242179764266
2652,4793.078164479181
2653,4817.957852021145
2654,4842.881319286424
2655,4867.848643306598
2656,4893.062552858985
2657,4918.4378142616715
2658,4943.857727404344
2659,4969.322370852804
2660,4994.874843241627
2661,5020.751924108928
2662,5046.674539721893
2663,5072.642770199942
2664,5098.656695803395
2665,5124.931198038435
2666,5151.36284844701
2667,5177.841009421501
2668,5204.365762798203
2669,5231.006877806847
2670,5257.953973718406
2671,5284.948487176258
2672,5311.990501612401
2673,5339.08010060566
2674,5366.479465515353
2675,5393.996834731913
2676,5421.562624945236
2677,5449.1769213527905
2678,5476.971105856772
2679,5505.01791828304
2680,5533.11408331492
2681,5561.259687789016
2682,5589.460911285872
2683,5618.043841558956
2684,5646.677067790364
2685,5675.360678476394
2686,5704.094762269083
2687,5733.106948716755
2688,5762.284013012805
2689,5791.512418699599
2690,5820.79225611277
2691,5850.239827512777
2692,5879.967600501681
2693,5909.747683906011
2694,5939.58016976635
2695,5969.475312745101
2696,5999.760762235074
2697,6030.0995034248035
2698,6060.491630081282
2699,6090.937236136527
2700,6121.696684494007
2701,6152.601164455872
2702,6183.560025353992
2703,6214.573362871757
2704,6245.8319818758155
2705,6277.358457082595
2706,6308.940407685121
2707,6340.577931292421
2708,6372.271125685205
2709,6404.278803902116
2710,6436.490535114226
2711,6468.758947488333
2712,6501.08414075483
2713,6533.466214819593
2714,6566.249614124506
2715,6599.155642556418
2716,6632.119573823761
2717,6665.141509806304
2718,6698.257062251412
2719,6731.807459106062
2720,6765.416892619382
2721,6799.085466665972
2722,6832.813285303172
2723,6866.754044526443
2724,6901.0157701337985
2725,6935.337784038564
2726,6969.720192317493
2727,7004.163101233866
2728,7038.956078187312
2729,7073.938359878218
2730,7108.982197739826
2731,7144.0877000795335
2732,7179.277881268332
2733,7214.927285292669
2734,7250.639419344163
2735,7286.414393795424
2736,7322.252319213272
2737,7358.344838651526
2738,7394.732162651737
2739,7431.18351510227
2740,7467.699008660086
2741,7504.278756180415
2742,7541.300915299627
2743,7578.435579322291
2744,7615.635586791849
2745,7652.901052678819
2746,7690.386341663197
2747,7728.2112790015435
2748,7766.102774374672
2749,7804.0609448900605
2750,7842.085907861149
2751,7880.573467031812
2752,7919.188817909915
2753,7957.872117608346
2754,7996.623485681457
2755,8035.511438731292
2756,8074.857667867591
2757,8114.273131857935
2758,8153.757952519211
2759,8193.312251882604
2760,8233.153403812257
2761,8273.308096203646
2762,8313.53344599053
2763,8353.82957749255
2764,8394.196615248009
2765,8435.021223652753
2766,8475.994208718732
2767,8517.03929101503
2768,8558.156597394458
2769,8599.456827867562
2770,8641.184584556662
2771,8682.985766546597
2772,8724.86050302667
2773,8766.808923413493
2774,8809.14901507266
2775,8851.713476471514
2776,8894.352835399128
2777,8937.067223634907
2778,8979.932036287877
2779,9023.266988195865
2780,9066.678193357937
2781,9110.16578593874
2782,9153.729900338849
2783,9197.711346252348
2784,9241.931741706798
2785,9286.229948399794
2786,9330.606103236985
2787,9375.06034336477
2788,9420.073114970613
2789,9465.189699352924
2790,9510.385671862936
2791,9555.661172180513
2792,9601.149763662677
2793,9647.092514973208
2794,9693.116108098842
2795,9739.220685276869
2796,9785.406388994887
2797,9831.98601063325
2798,9878.845053644176
2799,9925.786550726596
2800,9972.810646954289
2801,10019.91793441324
2802,10067.620283541468
2803,10115.4065705818
2804,10163.276943218618
2805,10211.231549396021
2806,10259.489700050302
2807,10308.128674745276
2808,10356.85323538236
2809,10405.663532545297
2810,10454.559717082646
2811,10504.000915175468
2812,10553.58760372661
2813,10603.261545757536
2814,10653.02289478559
2815,10703.071460414885
2816,10753.528245744372
2817,10804.07381552722
2818,10854.708325974196
2819,10905.431933570891
2820,10956.723470978288
2821,11008.14868102353
2822,11059.6643794962
2823,11111.270725604914
2824,11163.221696159526
2825,11215.534589226474
2826,11267.939532633694
2827,11320.436688337586
2828,11373.071440639722
2829,11426.28009035535
2830,11479.58236652786
2831,11532.978433886483
2832,11586.468457450212
2833,11640.433833578894
2834,11694.641561886128
2835,11748.944674553035
2836,11803.34333940153
2837,11858.044562997862
2838,11913.165894961932
2839,11968.384218799984
2840,12023.69970516191
2841,12079.163525974545
2842,12135.233095264319
2843,12191.401324881095
2844,12247.668388410113
2845,12304.034459741852
2846,12360.84368555513
2847,12417.970211907961
2848,12475.197258323105
2849,12532.525001657537
2850,12590.049172174438
2851,12648.14241634143
2852,12706.337881535632
2853,12764.635747606368
2854,12823.036194719423
2855,12881.969546084169
2856,12941.141896786525
2857,13000.418367217799
2858,13059.799140567535
2859,13119.503276188896
2860,13179.661010640999
2861,13239.924598624619
2862,13300.29422637966
2863,13360.79534490083
2864,13421.946993528507
2865,13483.20624449741
2866,13544.573287123867
2867,13606.04831105738
2868,13668.06231774193
2869,13730.340295490807
2870,13792.727857363261
2871,13855.225196162033
2872,13918.038781967552
2873,13981.344398303083
2874,14044.761406905922
2875,14108.29000375987
2876,14171.93038519341
2877,14236.271643494496
2878,14300.727068218825
2879,14365.295908298032
2880,14429.978363274975
2881,14495.175195287447
2882,14560.678048423239
2883,14626.29615987227
2884,14692.02973241946
2885,14758.13800083913
2886,14824.774328103356
2887,14891.527908040802
2888,14958.39894694504
2889,15025.38765147244
2890,15092.87998393805
2891,15160.778188853314
2892,15228.795866711722
2893,15296.933227712801
2894,15365.190482425673
2895,15434.108351098308
2896,15503.281863246186
2897,15572.577092232254
2898,15641.994252203367
2899,15711.579717094244
2900,15781.918282521321
2901,15852.380614699834
2902,15922.96693138289
2903,15993.677450706593
2904,16064.766438150316
2905,16136.405133387454
2906,16208.169882938093
2907,16280.06090857958
2908,16352.078432479333
2909,16424.711948914402
2910,16497.664433144924
2911,16570.74528327958
2912,16643.954725162333
2913,16717.362318498042
2914,16791.511865820135
2915,16865.79188526966
2916,16940.202606395702
2917,17014.74425915126
2918,17089.78097660579
2919,17165.284055836553
2920,17240.919988705304
2921,17316.689008950598
2922,17392.59135072225
2923,17469.299947498585
2924,17546.23438351018
2925,17623.304191602965
2926,17700.509609945875
2927,17777.850877126875
2928,17855.985521423147
2929,17934.366325568426
2930,18012.885046645148
2931,18091.54192729906
2932,18170.33721060272
2933,18249.943565181722
2934,18329.78586449371
2935,18409.768652197807
2936,18489.892175463345
2937,18570.156681894434
2938,18651.280141320844
2939,18732.599181805
2940,18814.061308961423
2941,18895.666774530335
2942,18977.435823014443
2943,19060.10151703027
2944,19142.91266712515
2945,19225.86952920737
2946,19308.97235963548
2947,19392.343524360815
2948,19476.51417451085
2949,19560.83292865336
2950,19645.30004735467
2951,19729.915791639545
2952,19814.933619696763
2953,19900.62482265075
2954,19986.466804946765
2955,20072.459831857406
2956,20158.604169121976
2957,20245.312924368078
2958,20332.54041001417
2959,20419.921378022194
2960,20507.456098419625
2961,20595.144841709098
2962,20683.58850382569
2963,20772.368139167193
2964,20861.30398780189
2965,20950.396324561323
2966,21039.678589196013
2967,21129.86768918529
2968,21220.215482364434
2969,21310.722247927602
2970,21401.388265559894
2971,21492.487465512106
2972,21584.258094168665
2973,21676.190198626107
2974,21768.284062973355
2975,21860.539971799128
2976,21953.499201723072
2977,22046.867633461392
2978,22140.400352239336
2979,22234.09764709102
2980,22328.00605014172
2981,22422.821879500883
2982,22517.804542522594
2983,22612.954332720747
2984,22708.271544125542
2985,22804.12013501679
2986,22900.563917982698
2987,22997.177398886033
2988,23093.960876279358
2989,23190.914649240123
2990,23288.75115006875
2991,23386.845792699893
2992,23485.11303783935
2993,23583.55318914903
2994,23682.420537817285
2995,23782.00673471616
2996,23881.768158421954
2997,23981.705117212736
2998,24081.817919908997
2999,24182.729330940714
3000,24283.99538505631
3001,24385.439621556186
3002,24487.062353917416
3003,24589.082494760933
3004,24691.86367354764
3005,24794.8257004765
3006,24897.968893714064
3007,25001.29357198633
3008,25105.491096913353
3009,25210.043075452708
3010,25314.779017712193
3011,25419.699247338813
3012,25524.821750645664
3013,25630.973806606904
3014,25737.31264150992
3015,25843.83858395374
3016,25950.5519631153
3017,26057.693684547612
3018,26165.645581396446
3019,26273.78742384624
3020,26382.11954606627
3021,26490.64228281356
3022,26599.853291876258
3023,26709.62124849383
3024,26819.58234589931
3025,26929.736923882414
3026,27040.085322830393
3027,27151.41517731381
3028,27263.015510327998
3029,27374.81220801646
3030,27486.80561583991
3031,27599.243966731407
3032,27712.493825327612
3033,27825.942950793193
3034,27939.591693693743
3035,28053.440405211582
3036,28168.091714730046
3037,28283.20360687759
3038,28398.518041944502
3039,28514.035376258933
3040,28629.883240333987
3041,28746.668270109418
3042,28863.658786528984
3043,28980.85515109908
3044,29098.257725961666
3045,29216.41067407561
3046,29335.087694317146
3047,29453.973529942963
3048,29573.068548314674
3049,29692.504193139775
3050,29812.878174118865
3051,29933.463956107695
3052,30054.26191171934
3053,30175.27241422244
3054,30297.103278122002
3055,30419.39951743095
3056,30541.91093972626
3057,30664.637923569782
3058,30787.835703732715
3059,30911.852948091702
3060,31036.088403351318
3061,31160.542453399677
3062,31285.215482799926
3063,31410.89663080991
3064,31536.866723255072
3065,31663.058462379464
3066,31789.472238114584
3067,31916.602599402566
3068,32044.31797227903
3069,32172.258062444143
3070,32300.42326523032
3071,32429.065586838922
3072,32558.623100973597
3073,32688.408573425684
3074,32818.422405228666
3075,32948.6649981212
3076,33079.65879082948
3077,33211.29998726356
3078,33343.17280796566
3079,33475.27766041746
3080,33607.614952817064
3081,33741.01293906493
3082,33874.75514115397
3083,34008.73266392936
3084,34142.94592137433
3085,34277.62750439305
3086,34413.24951425382
3087,34549.1101520739
3088,34685.2098376538
3089,34821.54899153231
3090,34958.73548222794
3091,35096.48971511045
3092,35234.48632727335
3093,35372.72574511535
3094,35511.292049829084
3095,35650.95039440775
3096,35790.85446828175
3097,35931.00470374231
3098,36071.40153384097
3099,36212.57068716995
3100,36354.39279585703
3101,36496.46444063196
3102,36638.786060481565
3103,36781.42855158802
3104,36925.17930743104
3105,37069.18299252566
3106,37213.440051827216
3107,37357.95093107328
3108,37503.29146820797
3109,37649.23786518091
3110,37795.44105425936
3111,37941.901487192925
3112,38088.806217050165
3113,38236.70603923145
3114,38384.86609025698
3115,38533.28682792101
3116,38681.96871082303
3117,38831.66397638878
3118,38981.79166457285
3119,39132.18350112765
3120,39282.83995074122
3121,39434.18762595707
3122,39586.293770726625
3123,39738.667544625125
3124,39891.30941846306
3125,40044.35243164047
3126,40198.44789778956
3127,40352.81449293199
3128,40507.45269403371
3129,40662.36297889983
3130,40818.32903743979
3131,40974.69938430549
3132,41131.34486237194
3133,41288.26595564424
3134,41446.01169126384
3135,41604.39676802501
3136,41763.060520533014
3137,41922.003439027576
3138,42081.569878289425
3139,42241.980711903474
3140,42402.67378520138
3141,42563.64959469097
3142,42725.07714272474
3143,42887.52481001005
3144,43050.25830039415
3145,43213.27811668774
3146,43376.6065618928
3147,43541.1021905859
3148,43705.88724536062
3149,43870.96223536431
3150,44036.32767064006
3151,44202.78552413732
3152,44369.63334265641
3153,44536.77472541767
3154,44704.210188846555
3155,44872.64703168694
3156,45041.56886638119
3157,45210.787914117034
3158,45380.30469773775
3159,45550.75849317599
3160,45721.765650563626
3161,45893.073689674144
3162,46064.6831398029
3163,46237.191255996404
3164,46410.29509768041
3165,46583.70350974655
3166,46757.41702797801
3167,46932.03881455242
3168,47107.2852573915
3169,47282.84004004902
3170,47458.70370493747
3171,47635.34432034124
3172,47812.744500679815
3173,47990.45680985431
3174,48168.481796941516
3175,48347.18088160783
3176,48526.74598942229
3177,48706.627034765945
3178,48886.824573413745
3179,49067.621096467454
3180,49249.362376301026
3181,49431.42342212819
3182,49613.804796457516
3183,49796.73706264557
3184,49980.66581455205
3185,50164.91818078549
3186,50349.4947306224
3187,50534.60038738842
3188,50720.72796786466
3189,50907.18303096918
3190,51093.96615278176
3191,51281.282197460605
3192,51469.620020363065
3193,51658.289214263554
3194,51847.290362080385
3195,52036.8531491996
3196,52227.41268664524
3197,52418.30750362977
3198,52609.53818994546
3199,52801.38343861836
3200,52994.17622187201
3201,53187.30821347994
3202,53380.78001014408
3203,53574.94281154483
3204,53769.98043189109
3205,53965.36120978745
3206,54161.08574888114
3207,54357.60057378735
3208,54554.89468338972
3209,54752.53592022472
3210,54950.524894921225
3211,55149.42560131674
3212,55348.98791406367
3213,55548.90134432162
3214,55749.166509736664
3215,55950.48635046218
3216,56152.32864280167
3217,56354.526063635356
3218,56557.07923766354
3219,56760.85086810784
3220,56964.98497986817
3221,57169.4782519229
3222,57374.51154190823
3223,57580.586801882244
3224,57787.02463708344
3225,57993.82568530797
3226,58201.37452453436
3227,58409.76141034021
3228,58618.51493799397
3229,58827.63575244383
3230,59037.73104781811
3231,59248.44157312666
3232,59459.52282802593
3233,59670.97549162895
3234,59883.64755618982
3235,60096.69380111709
3236,60310.114884616065
3237,60524.17432623273
3238,60739.19013465518
3239,60954.5842465309
3240,61170.357327315935
3241,61387.05277273341
3242,61604.42451888317
3243,61822.17871301079
3244,62040.32214774474
3245,62259.676158909366
3246,62479.41610525799
3247,62699.5426656681
3248,62920.37911975294
3249,63142.10948252396
3250,63364.22996089145
3251,63586.74124108397
3252,63810.29832678154
3253,64034.4174212976
3254,64258.93083358737
3255,64484.02163068456
3256,64710.144065746135
3257,64936.664342831915
3258,65163.58316175828
3259,65391.44843135969
3260,65619.98033259611
3261,65848.91431448438
3262,66078.3770264645
3263,66308.98342144254
3264,66539.99554648632
3265,66771.41411528378
3266,67003.57078403026
3267,67236.66514477588
3268,67470.1696122964
3269,67704.08490797596
3270,67938.96547917879
3271,68174.55997813985
3272,68410.56898198281
3273,68646.99321982624
3274,68884.6270033022
3275,69122.73388882384
3276,69361.25969886639
3277,69600.41187559988
3278,69840.62085038966
3279,70081.2524476124
3280,70322.30741066078
3281,70564.2704960428
3282,70807.01213010223
3283,71050.18084186768
3284,71293.77738256686
3285,71538.57882796446
3286,71783.86558083785
3287,72029.58388859303
3288,72275.99204998325
3289,72523.40117215134
3290,72771.24558275269
3291,73019.52604745304
3292,73268.82659760835
3293,73518.80148322404
3294,73769.21617073636
3295,74020.18028574475
3296,74272.29005543365
3297,74524.84338256193
3298,74777.84104733609
3299,75031.82920121345
3300,75286.66443556732
3301,75541.94802176363
3302,75797.68074843989
3303,76054.28341609261
3304,76311.90540026047
3305,76569.98063847724
3306,76828.50992799997
3307,77087.56876972494
3308,77347.98679515345
3309,77608.86299316246
3310,77870.19816965847
3311,78131.99313196441
3312,78394.99981396484
3313,78658.70598979093
3314,78922.8761223161
3315,79187.5110276175
3316,79452.9924552816
3317,79719.53966863322
3318,79986.55583633255
3319,80254.04178324404
3320,80522.03894102565
3321,80791.4384382442
3322,81061.31190722254
3323,81331.66018164819
3324,81602.48409667393
3325,81874.47570311338
3326,82147.21793568414
3327,82420.44002008038
3328,82694.1428003287
3329,82968.72389433681
3330,83244.34655897012
3331,83520.45414231367
3332,83797.04749730292
3333,84074.25449959119
3334,84352.7694816167
3335,84631.7744701237
3336,84911.27032699408
3337,85191.25791562466
3338,85472.55750525986
3339,85754.47203393305
3340,86036.88254901292
3341,86319.78992289586
3342,86603.78055723401
3343,86888.61700231669
3344,87173.95457359996
3345,87459.79415251713
3346,87746.50771755997
3347,88034.2787099947
3348,88322.55599062126
3349,88611.34044994954
3350,88900.80724384141
3351,89191.5256838322
3352,89482.75559667774
3353,89774.4978820036
3354,90066.753441017
3355,90360.42566625214
3356,90654.62141974462
3357,90949.3347627093
3358,91244.56660552627
3359,91541.0456353101
3360,91838.22074060878
3361,92135.91867611634
3362,92434.14036142782
3363,92733.45182048852
3364,93033.62011017186
3365,93334.31649511168
3366,93635.54190415973
3367,93937.71408759228
3368,94240.89916936931
3369,94544.61765295749
3370,94848.87047653897
3371,95153.88763904969
3372,95460.0983319007
3373,95766.847748607
3374,96074.1368367077
3375,96382.04056526622
3376,96691.29430750172
3377,97001.09212628886
3378,97311.43497857827
3379,97622.32382300233
3380,97934.54230503662
3381,98247.39861259509
3382,98560.8053334817
3383,98874.76343578786
3384,99189.90779793101
3385,99505.83283279683
3386,99822.31367880238
3387,100139.35131352892
3388,100457.45528856329
3389,100776.4594455671
3390,101096.02482978145
3391,101416.1524283103
3392,101737.24834540351
3393,102059.34218035366
3394,102382.0026771285
3395,102705.23083238605
3396,103029.3496398733
3397,103354.54387448575
3398,103680.31022437046
3399,104006.64969577391
3400,104333.8209828428
3401,104662.12650992745
3402,104991.00962486732
3403,105320.47134352959
3404,105650.7265826435
3405,105982.16679667849
3406,106314.19011227958
3407,106646.79755500812
3408,106980.1211914174
3409,107314.70477215764
3410,107649.87698341596
3411,107985.63886047323
3412,108322.06544301938
3413,108659.80117078901
3414,108998.13107344518
3415,109337.05619601649
3416,109676.61887438591
3417,110017.51563049635
3418,110359.01212145633
3419,110701.10940206867
3420,111043.83995900654
3421,111387.90672618037
3422,111732.5788039388
3423,112077.8572568875
3424,112423.78613986085
3425,112771.03200264931
3426,113118.88876770894
3427,113467.35750947495
3428,113816.51386178593
3429,114166.94800697922
3430,114517.99866226043
3431,114869.66691192368
3432,115222.07860327077
3433,115575.71032030131
3434,115929.96417154747
3435,116284.84125119
3436,116640.53490768644
3437,116997.37358902473
3438,117354.84004519811
3439,117712.93538030304
3440,118071.93641395206
3441,118431.99155549752
3442,118792.68012917014
3443,119154.00324901148
3444,119516.3358866482
3445,119879.61708811099
3446,120243.53739584882
3447,120608.0979338779
3448,120973.78524557863
3449,121340.30221086094
3450,121707.46397360398
3451,122075.27166782836
3452,122444.33559479899
3453,122814.09813236647
3454,123184.5111758025
3455,123555.67430743838
3456,123928.03725110559
3457,124301.05527435917
3458,124674.7295292945
3459,125049.31705727808
3460,125424.93977200557
3461,125801.2232996452
3462,126178.16880237109
3463,126556.21537974796
3464,126935.13145261044
3465,127314.71413076416
3466,127694.96458656463
3467,128076.41111547421
3468,128458.62974066948
3469,128841.52077967381
3470,129225.09913677632
3471,129609.95257129373
3472,129995.48305376033
3473,130381.691774888
3474,130768.71834747508
3475,131156.88722406953
3476,131545.73897974353
3477,131935.27481545857
3478,132325.81823417376
3479,132717.42050277404
3480,133109.7116890486
3481,133502.6930045736
3482,133896.3708542982
3483,134291.41053416277
3484,134687.14517732884
3485,135083.57600599952
3486,135480.70424452625
3487,135878.91314719422
3488,136278.0954181554
3489,136677.9799381746
3490,137078.5679422608
3491,137479.98231231485
3492,137882.61652525616
3493,138285.95905835976
3494,138690.01115730597
3495,139094.77406996407
3496,139500.76081572648
3497,139907.56582589715
3498,140315.0864914991
3499,140723.32407110592
3500,141132.57887172987
3501,141542.85096385868
3502,141953.84480906912
3503,142365.56167665176
3504,142778.11960058231
3505,143191.86351904692
3506,143606.33529654908
3507,144021.53621311212
3508,144437.4675510083
3509,144854.6509203138
3510,145272.60552099757
3511,145691.29538599332
3512,146110.72180833988
3513,146531.25903519068
3514,146952.70148651602
3515,147374.8853362081
3516,147797.81188808623
3517,148221.7322248155
3518,148646.6676890551
3519,149072.35069475544
3520,149498.7825565335
3521,149926.11339713985
3522,150354.54716949165
3523,150783.73463567186
3524,151213.67712110968
3525,151644.44405841402
3526,152076.38156497013
3527,152509.07892722473
3528,152942.53748143738
3529,153376.76436291318
3530,153812.2111584759
3531,154248.42398133638
3532,154685.40417860038
3533,155123.15309974123
3534,155562.13358237737
3535,156001.93214158254
3536,156442.50438122044
3537,156883.8516618468
3538,157326.07401470005
3539,157769.4573181536
3540,158213.62060627883
3541,158658.56525071152
3542,159104.29262549724
3543,159551.04981415725
3544,159998.80338069462
3545,160447.34461745783
3546,160896.67490958955
3547,161346.79564466537
3548,161798.10050540304
3549,162250.23778540906
3550,162703.17044478637
3551,163156.89988222555
3552,163611.55716101115
3553,164067.29015586458
3554,164523.8248534692
3555,164981.1626636273
3556,165439.30499861925
3557,165898.54461091035
3558,166358.68123716046
3559,166819.627310217
3560,167281.38425349104
3561,167744.04495875596
3562,168207.79712570683
3563,168672.36509761424
3564,169137.75030906353
3565,169603.95419716008
3566,170071.17713231075
3567,170539.3652505245
3568,171008.37697447263
3569,171478.21375244868
3570,171948.8770352903
3571,172420.6689454814
3572,172893.30566757635
3573,173366.77381836678
3574,173841.0748598923
3575,174316.31470101947
3576,174792.57514606952
3577,175269.67339219069
3578,175747.61091262047
3579,176226.3891831849
3580,176706.22161691976
3581,177186.94891835676
3582,177668.52187579623
3583,178150.94197627876
3584,178634.27884254398
3585,179118.63439467442
3586,179603.84198303585
3587,180089.90310587955
3588,180576.81926409015
3589,181064.7614753632
3590,181553.60312231394
3591,182043.3046941292
3592,182533.8677029218
3593,183025.3595709909
3594,183517.8349359303
3595,184011.17661546567
3596,184505.3861329377
3597,185000.46501436317
3598,185496.56491745464
3599,185993.54659359757
3600,186491.40250838848
3601,186990.13419909152
3602,187489.81850573645
3603,187990.44029553724
3604,188491.94272485163
3605,188994.32734218944
3606,189497.61917604975
3607,190001.88142277484
3608,190507.03071042895
3609,191013.06859877054
3610,191519.99665029708
3611,192027.89179966372
3612,192536.6885141614
3613,193046.38024295578
3614,193556.96855981433
3615,194068.4914590978
3616,194580.9363917283
3617,195094.2827536037
3618,195608.53212976112
3619,196123.69872554674
3620,196639.79288851266
3621,197156.7948973964
3622,197674.70634850988
3623,198193.53018365803
3624,198713.27407844766
3625,199233.93223665576
3626,199755.50626586852
3627,200277.9977764971
3628,200801.39462176975
3629,201325.708119284
3630,201850.94391509803
3631,202377.10363091386
3632,202904.17006447454
3633,203432.13834012384
3634,203961.0353403234
3635,204490.86269806616
3636,205021.61409643193
3637,205553.2368354454
3638,206085.79472464998
3639,206619.2894083262
3640,207153.72253364438
3641,207689.01577427037
3642,208225.23448154156
3643,208762.39642003135
3644,209300.50324821705
3645,209839.48564676335
3646,210379.36534326072
3647,210920.1947079655
3648,211461.97541066408
3649,212004.6453957026
3650,212548.15922538188
3651,213092.6291129589
3652,213638.05673944388
3653,214184.4437888007
3654,214731.68197082588
3655,215279.78475894828
3656,215828.85167342648
3657,216378.88440944438
3658,216929.88466516367
3659,217481.67734430823
3660,218034.37628332415
3661,218588.0474297115
3662,219142.6924928497
3663,219698.31318512047
3664,220254.64335439238
3665,220811.94600225965
3666,221370.22895171333
3667,221929.493926351
3668,222489.66255267995
3669,223050.59015512327
3670,223612.5044324109
3671,224175.40711933537
3672,224739.29995373724
3673,225303.98695197402
3674,225869.52635593587
3675,226436.06054301804
3676,227003.59126225548
3677,227572.12026575595
3678,228141.29932806414
3679,228711.45915592226
3680,229282.62189024515
3681,229854.789294336
3682,230427.82528805875
3683,231001.60524495592
3684,231576.39447286856
3685,232152.19474627927
3686,232729.00784278676
3687,233306.4985686646
3688,233884.90911190826
3689,234464.33706720697
3690,235044.78422334243
3691,235626.13649512304
3692,236208.16351374594
3693,236791.21430240417
3694,237375.29066104512
3695,237960.3943927789
3696,238546.15312215462
3697,239132.82222969845
3698,239720.52326836585
3699,240309.25805243774
3700,240898.8712460715
3701,241489.15448732342
3702,242080.47601341153
3703,242672.83764977672
3704,243266.24122506502
3705,243860.20269692747
3706,244455.140843024
3707,245051.12545739976
3708,245648.15837986764
3709,246245.95658189588
3710,246844.5078011839
3711,247444.11184044855
3712,248044.7705506565
3713,248646.4040811409
3714,249248.5651428873
3715,249851.78537055623
3716,250456.06662625953
3717,251061.41077537887
3718,251667.29944363527
3719,252274.13293542483
3720,252882.03380712692
3721,253491.0039352783
3722,254100.69570469655
3723,254711.13984416446
3724,255322.65771075306
3725,255935.2511921441
3726,256548.73745427548
3727,257162.78992854565
3728,257777.9224730055
3729,258394.13698647587
3730,259011.40372130717
3731,259628.98309472072
3732,260247.64873808538
3733,260867.4025611073
3734,261488.24647684704
3735,262109.84522090628
3736,262732.0357725902
3737,263355.32070010214
3738,263979.7019273819
3739,264605.18138174835
3740,265231.06367320236
3741,265857.8717855801
3742,266485.7823907751
3743,267114.79742697993
3744,267744.710372688
3745,268375.0340179633
3746,269006.4663355738
3747,269639.00927456224
3748,270272.6647873943
3749,270906.78355599643
3750,271541.73016984423
3751,272177.79358232155
3752,272814.975756739
3753,273453.09465005517
3754,274091.5483733408
3755,274731.1250597936
3756,275371.82668354764
3757,276013.65522220335
3758,276655.89362291666
3759,277298.9765923449
3760,277943.1906620641
3761,278588.537820496
3762,279234.7369112714
3763,279881.31935845467
3764,280529.03905687615
3765,281177.8980057545
3766,281827.89820781996
3767,282478.12294022355
3768,283129.34161176975
3769,283781.7056837368
3770,284435.2171696501
3771,285089.35542713705
3772,285744.06655164185
3773,286399.9292149866
3774,287056.94544147374
3775,287714.98351312085
3776,288373.18067746295
3777,289032.53550770885
3778,289693.0500389154
3779,290354.7263097137
3780,291016.64945428306
3781,291679.49010341556
3782,292343.4965800857
3783,293008.6709336778
3784,293674.43709225097
3785,294340.7572553
3786,295008.2493612953
3787,295676.91547035653
3788,296346.50662062917
3789,297016.2999992637
3790,297687.2714250978
3791,298359.42296896456
3792,299032.7567053345
3793,299706.0802175392
3794,300380.5246205372
3795,301056.1552453009
3796,301732.97417701257
3797,302410.0586948436
3798,303087.96965550707
3799,303767.0729302967
3800,304447.3706150893
3801,305128.19516704464
3802,305809.5661411165
3803,306492.1355100857
3804,307175.9053804998
3805,307860.4483623396
3806,308545.2726280223
3807,309231.3013574687
3808,309918.53666787856
3809,310606.776035051
3810,311295.0466347207
3811,311984.52775470243
3812,312675.22152282373
3813,313367.13007064984
3814,314058.84466791025
3815,314751.77090760984
3816,315445.9158497557
3817,316141.2816365364
3818,316836.6222351635
3819,317532.9859511537
3820,318230.57441036863
3821,318929.3897655989
3822,319628.33385036734
3823,320328.1269467795
3824,321029.1508128734
3825,321731.40761201305
3826,322433.933032665
3827,323137.14687212557
3828,323841.59749244706
3829,324547.2870675434
3830,325253.37230006675
3831,325959.9976040491
3832,326667.8656836689
3833,327376.9787233576
3834,328086.60315943084
3835,328796.6298964701
3836,329507.9053861928
3837,330220.4318235192
3838,330933.5760953242
3839,331646.9933552394
3840,332361.66532560997
3841,333077.5942118086
3842,333794.2405613001
3843,334511.0364132609
3844,335229.0929123776
3845,335948.41227444
3846,336668.5449786182
3847,337388.7063104651
3848,338110.1342030203
3849,338832.83088244754
3850,339556.4367493993
3851,340279.94908514014
3852,341004.733869594
3853,341730.7933392542
3854,342457.86229393247
3855,343184.7095857223
3856,343912.835185916
3857,344642.2413412869
3858,345372.76712561946
3859,346102.9315157549
3860,346834.3800424897
3861,347567.11496282124
3862,348301.09598216886
3863,349034.55752969865
3864,349769.3090068623
3865,350505.3526808191
3866,351242.6908227084
3867,351979.529404185
3868,352717.5614527926
3869,353456.8914619412
3870,354197.52171287977
3871,354937.78898124694
3872,355679.0772283858
3873,356421.6691568582
3874,357165.5670579473
3875,357909.29546918126
3876,358653.83704159426
3877,359399.6880109876
3878,360146.8506786687
3879,360893.9843202308
3880,361641.7766737571
3881,362390.8841353434
3882,363141.30901631364
3883,363891.7908002554
3884,364642.83171302394
3885,365395.1934409299
3886,366148.8783053068
3887,366902.6500553911
3888,367656.9376211735
3889,368412.5517057249
3890,369169.49464038113
3891,369926.49717494176
3892,370684.0297966714
3893,371442.8946378961
3894,372203.0940399504
3895,372963.2672506822
3896,373724.0436341225
3897,374486.1579354132
3898,375249.61250588024
3899,376012.89543272654
3900,376776.91458029725
3901,377542.27734222065
3902,378308.98607981286
3903,379075.3169821243
3904,379842.5781868703
3905,380611.1887011315
3906,381381.1508962093
3907,382150.4673203286
3908,382920.9701600388
3909,383692.8280035835
3910,384465.89605494676
3911,385238.2820756867
3912,386012.0264071488
3913,386787.1314364149
3914,387563.07516853884
3915,388338.69712708436
3916,389115.68308048305
3917,389894.0354257819
3918,390672.79035102116
3919,391451.64864488464
3920,392231.87661832996
3921,393013.4766783713
3922,393794.97784045874
3923,394577.07312927995
3924,395360.5437834694
3925,396145.39222000947
3926,396929.57424583694
3927,397714.9074461818
3928,398501.6216991908
3929,399289.3286094489
3930,400076.516580484
3931,400865.0888607716
3932,401655.0478829688
3933,402445.3195086409
3934,403235.7422932637
3935,404027.5550688081
3936,404820.7602778924
3937,405613.5300448538
3938,406407.1892976401
3939,407202.2442258226
3940,407998.3996786676
3941,408793.89838627697
3942,409590.7959987371
3943,410389.09497428604
3944,411187.6297127122
3945,411986.3632224754
3946,412786.5013184509
3947,413588.0464688369
3948,414388.893127973
3949,415190.8637875673
3950,415994.244718757
3951,416798.1039908995
3952,417601.11964610836
3953,418405.54740510514
3954,419211.38974925224
3955,420018.6491642673
3956,420825.46351376007
3957,421632.3382729202
3958,422440.63191293145
3959,423250.346927033
3960,424061.4858128392
3961,424871.11227748037
3962,425681.847601466
3963,426494.00858576625
3964,427307.59773549956
3965,428121.74474075093
3966,428934.9126257451
3967,429749.5104411367
3968,430565.5406995221
3969,431383.00591790595
3970,432199.70236325363
3971,433016.7283446512
3972,433835.1910312668
3973,434655.092947568
3974,435476.0810551456
3975,436295.42190471286
3976,437116.2035223957
3977,437938.4284397721
3978,438762.09919286345
3979,439585.7071506852
3980,440408.7984043285
3981,441233.33701123175
3982,442059.32551450987
3983,442886.76646173914
3984,443712.842557651
3985,444539.68601963716
3986,445367.9834230248
3987,446197.73732247023
3988,447028.20267408865
3989,447857.3426178525
3990,448687.94053321955
3991,449519.99898190045
3992,450353.52053009794
3993,451186.1738832436
3994,452019.0643689685
3995,452853.4194111965
3996,453689.2415831713
3997,454526.04693752853
3998,455361.2224835731
3999,456197.8665960038
4000,457035.9818550811
4001,457875.570845591
4002,458714.28257118847
4003,459553.20864839724
4004,460393.60987655463
4005,461235.4888474538
4006,462078.1125698499
4007,462919.31391038623
4008,463761.99439428607
4009,464606.1566203269
4010,465451.8031918465
4011,466296.05104950554
4012,467141.0044670178
4013,467987.44361485005
4014,468835.3711033159
4015,469683.2891469886
4016,470530.5095541617
4017,471379.21966927586
4018,472229.42210960406
4019,473080.89777892287
4020,473930.3795974149
4021,474781.3550915547
4022,475633.8268855542
4023,476487.7976082296
4024,477340.4850958234
4025,478193.7207348073
4026,479048.45663898735
4027,479904.6954441141
4028,480760.6971746514
4029,481616.18806662626
4030,482473.183180423
4031,483331.68515871326
4032,484190.8876484909
4033,485048.6292325807
4034,485907.87898699
4035,486768.63956129504
4036,487630.91360972
4037,488490.5427930742
4038,489351.66642843315
4039,490214.30416949483
4040,491078.4586762224
4041,491942.47027707094
4042,492805.46009047865
4043,493669.96728174685
4044,494535.99451655766
4045,495403.54446526483
4046,496269.1012769479
4047,497135.47060654697
4048,498003.3632446016
4049,498872.78186717146
4050,499742.43195163
4051,500610.6564969777
4052,501480.40760342
4053,502351.6879526957
4054,503224.50023124827
4055,504095.2280582229
4056,504966.6588165331
4057,505839.62176148716
4058,506714.1195846656
4059,507589.35645346844
4060,508462.45920560864
4061,509337.0970746348
4062,510213.27275724127
4063,511090.98895485175
4064,511967.6378450371
4065,512843.94336360873
4066,513721.78961822216
4067,514601.17931540054
4068,515482.02468191745
4069,516359.9909568432
4070,517239.5008780485
4071,518120.5571571336
4072,519003.1625104537
4073,519885.0711277394
4074,520766.2381769892
4075,521648.9544878318
4076,522533.22278168885
4077,523419.016174444
4078,524301.8341655203
4079,525186.2043109182
4080,526072.1293371067
4081,526959.6119753337
4082,527846.1225770089
4083,528732.1406987112
4084,529619.7165885714
4085,530508.8529828744
4086,531398.938293247
4087,532286.598858517
4088,533175.8200694777
4089,534066.6046674317
4090,534958.9553984883
4091,535849.4151920659
4092,536740.2764947077
4093,537632.7040575893
4094,538526.7006318318
4095,539420.4273487349
4096,540312.9238143743
4097,541206.9894047242
4098,542102.6268759
4099,542999.4742730429
4100,543893.6012617972
4101,544789.3002314653
4102,545686.5739431406
4103,546585.4251627593
4104,547482.1493961173
4105,548379.4773747751
4106,549278.3829488261
4107,550178.8688891812
4108,551078.4101399285
4109,551977.3630240421
4110,552877.8963496068
4111,553780.0128924935
4112,554682.2268123273
4113,555582.8007545575
4114,556484.957977418
4115,557388.7012617298
4116,558293.444157685
4117,559195.6355567006
4118,560099.4130690803
4119,561004.7794805798
4120,561911.73758184
4121,562815.7138611525
4122,563721.1082919107
4123,564628.0944534166
4124,565536.6751412434
4125,566442.8835604452
4126,567349.891765656
4127,568258.4945275958
4128,569168.6946467642
4129,570076.9940271043
4130,570985.6130809988
4131,571895.829512343
4132,572807.6461265499
4133,573717.8961286715
4134,574628.1233149382
4135,575539.950694482
4136,576453.3810776199
4137,577365.4422398325
4138,578277.2750432442
4139,579190.7108512161
4140,580105.7524789636
4141,581019.4862518491
4142,581932.9223502188
4143,582847.96426023
4144,583764.614801987
4145,584679.8835795635
4146,585594.9208360036
4147,586511.5667072872
4148,587429.8240184007
4149,588346.491166103
4150,589263.1276215885
4151,590181.375491553
4152,591101.2376058593
4153,592019.1674855357
4154,592937.4013517388
4155,593857.2494287888
4156,594778.714551417
4157,595697.7725435673
4158,596617.602195969
4159,597539.0488526055
4160,598462.115353071
4161,599382.1678765031
4162,600303.5918477663
4163,601226.6356139455
4164,602150.8193138473
4165,603072.216548592
4166,603995.2335221707
4167,604919.8730789073
4168,605844.7968639146
4169,606767.7831478629
4170,607692.3919518583
4171,608618.6261250636
4172,609544.1594787095
4173,610468.7337806275
4174,611394.9333818634
4175,612322.7611364179
4176,613248.7746432881
4177,614174.9360647191
4178,615102.7255630303
4179,616032.145997055
4180,616958.5113518189
4181,617886.2591215965
4182,618815.6377443295
4183,619745.5373938075
4184,620673.240098461
4185,621602.573567399
4186,622533.5406640968
4187,623463.0822968711
4188,624391.4786141419
4189,625321.5069022734
4190,626253.1700268143
4191,627185.3757765495
4192,628114.4614998308
4193,629045.1803930466
4194,629977.5353238059
4195,630911.529164742
4196,631841.9892574446
4197,632773.3946926654
4198,633706.4373593123
4199,634641.1201320686
4200,635573.864645713
4201,636505.9526998216
4202,637439.6791722312
4203,638375.0469396629
4204,639309.892676454
4205,640242.6595555098
4206,641177.0660329616
4207,642113.1149875565
4208,643049.8806074285
4209,643983.3226361618
4210,644918.4054368129
4211,645855.1318901441
4212,646793.504881963
4213,647727.7515435858
4214,648663.5070941813
4215,649600.9074665986
4216,650539.9555486513
4217,651475.7580918915
4218,652412.1829176699
4219,653350.2537281914
4220,654289.9734132634
4221,655227.1562915697
4222,656164.2470063799
4223,657102.9848627868
4224,658043.3727525811
4225,658981.7623309459
4226,659919.5156274871
4227,660858.9172165511
4228,661799.9699919003
4229,662739.3945550255
4230,663677.8071952508
4231,664617.8692731153
4232,665559.5836843448
4233,666499.8734419849
4234,667438.9422475679
4235,668379.6616302056
4236,669322.0344875728
4237,670263.0215772315
4238,671202.7434201493
4239,672144.1169739184
4240,673087.1451381571
4241,674028.663625304
4242,674969.0354184323
4243,675911.0600506658
4244,676854.7404235527
4245,677796.6262994754
4246,678737.6449872298
4247,679680.3176368517
4248,680624.6471518115
4249,681566.73832925
4250,682508.4008782097
4251,683451.7185063497
4252,684396.6941190485
4253,685337.6082302781
4254,686278.2829328128
4255,687220.6109638285
4256,688164.5952255819
4257,689110.2386254093
4258,690051.2844495288
4259,690992.6207759997
4260,691935.6115756091
4261,692880.2597525585
4262,693826.5682161335
4263,694767.4190889351
4264,695709.4144997796
4265,696653.0655237706
4266,697598.375067044
4267,698544.6819032553
4268,699485.6801716598
4269,700428.3322858626
4270,701372.641148846
4271,702318.6096686743
4272,703264.0895991183
4273,704205.7412090213
4274,705149.0477943263
4275,706094.0122599329
4276,707040.6375158252
4277,707984.9782731143
4278,708927.281135677
4279,709871.2400993824
4280,710816.8580710408
4281,711764.1379625489
4282,712707.0320862994
4283,713649.9842433552
4284,714594.5936236607
4285,715540.863135929
4286,716487.9416533569
4287,717429.3623968823
4288,718372.4376569015
4289,719317.1703373205
4290,720263.5633471307
4291,721210.4989190076
4292,722152.0401421032
4293,723095.236074126
4294,724040.0896192511
4295,724986.60368674
4296,725933.0422026308
4297,726874.7016114026
4298,727818.0159173275
4299,728762.9880248433
4300,729709.620843471
4301,730655.214120575
4302,731596.9895447467
4303,732540.4200503064
4304,733485.5085419456
4305,734432.2579294397
4306,735376.663665222
4307,736318.5530496819
4308,737262.0976959739
4309,738207.3005090369
4310,739154.164398893
4311,740097.04612042
4312,741039.0475173086
4313,741982.7043528695
4314,742928.0195322827
4315,743874.9959658103
4316,744815.7222362407
4317,745757.5100469708
4318,746700.9529008443
4319,747646.0537022759
4320,748592.6193838672
4321,749532.5400519138
4322,750474.1124656545
4323,751417.339523658
4324,752362.224129568
4325,753307.4301755835
4326,754247.1341380175
4327,755188.4894448663
4328,756131.4989939218
4329,757076.1656880497
4330,758019.6603015661
4331,758959.1459454045
4332,759900.2825293718
4333,760843.0729504793
4334,761787.5201108062
4335,762728.6342030143
4336,763667.3104427913
4337,764607.6361795481
4338,765549.6143076892
4339,766493.2477266854
4340,767434.2235752557
4341,768372.0894265396
4342,769311.6033297754
4343,770252.7681767598
4344,771195.5868643483
4345,772136.0158855797
4346,773073.0704573815
4347,774011.7716343934
4348,774952.122305799
4349,775894.125365836
4350,776833.6069750696
4351,777769.8494628217
4352,778707.7371074782
4353,779647.2727956069
4354,780588.4594188236
4355,781526.6009364829
4356,782462.0306155346
4357,783399.1040017602
4358,784337.8239791085
4359,785278.1934365712
4360,786214.6099922678
4361,787149.2262118434
4362,788085.4846875661
4363,789023.3883007629
4364,789962.9399377987
4365,790897.2543728999
4366,791831.0565504993
4367,792766.4995320429
4368,793703.5861962312
4369,794642.3194268012
4370,795574.1621958101
4371,796507.1498120013
4372,797441.776778866
4373,798378.0459724771
4374,799314.4317794193
4375,800244.9693450072
4376,801177.1419386034
4377,802110.952428636
4378,803046.4036885487
4379,803979.5957636017
4380,804909.3193516581
4381,805840.6765152381
4382,806773.6701201452
4383,807708.30303719
4384,808637.9540221972
4385,809566.8632756944
4386,810497.4046514467
4387,811429.5810126283
4388,812362.6981861456
4389,813289.1649809929
4390,814217.2595885724
4391,815146.9848644327
4392,816078.3436691166
4393,817007.2361086407
4394,817932.8786471687
4395,818860.1475274849
4396,819789.0456024774
4397,820719.5757300222
4398,821643.9566978413
4399,822568.7747669206
4400,823495.2177063087
4401,824423.2883662318
4402,825350.1096922967
4403,826272.3042336095
4404,827196.119017377
4405,828121.5568856437
4406,829048.6206854223
4407,829970.8544429054
4408,830892.0536363794
4409,831814.8713003678
4410,832739.310273723
4411,833664.0803903817
4412,834582.6764239551
4413,835502.886335871
4414,836424.7129568625
4415,837348.1591226114
4416,838267.6511131366
4417,839185.2655911915
4418,840104.4921996446
4419,841025.3337660824
4420,841946.650107103
4421,842861.6813367973
4422,843778.3201395952
4423,844696.5693350218
4424,845616.4317475324
4425,846531.8143176351
4426,847445.8773900741
4427,848361.5463109751
4428,849278.8238967542
4429,850195.3535612278
4430,851106.8528484522
4431,852019.9534609293
4432,852934.6582070766
4433,853850.9699002184
4434,854760.9435092252
4435,855671.4876504965
4436,856583.6314149956
4437,857497.3776080705
4438,858407.854281962
4439,859315.8536619007
4440,860225.4481751696
4441,861136.6406191733
4442,862047.2978139548
4443,862952.7640166753
4444,863859.8208831508
4445,864768.471202879
4446,865678.7177702329
4447,866581.9388029428
4448,867486.46950271
4449,868392.5891983857
4450,869300.3006764583
4451,870203.1055071629
4452,871105.1213975943
4453,872008.7218465139
4454,872913.9096325571
4455,873815.5879834319
4456,874714.3240364363
4457,875614.638866579
4458,876516.5352422897
4459,877420.015936833
4460,878315.5532011081
4461,879212.5936443652
4462,880111.2098613674
4463,881011.4046151914
4464,881908.4783350116
4465,882802.2555988277
4466,883697.602884261
4467,884594.5229442288
4468,885492.777062812
4469,886383.302328761
4470,887275.391883842
4471,888169.0484708536
4472,889064.2748373831
4473,889955.4194771276
4474,890844.2624758434
4475,891734.6667835171
4476,892626.6351376314
4477,893518.3005969353
4478,894403.9081848449
4479,895291.0713783217
4480,896179.792904778
4481,897070.0754963899
4482,897954.0303118392
4483,898837.9635266971
4484,899723.4493806383
4485,900610.4905957842
4486,901494.3378034222
4487,902375.0521446799
4488,903257.3134506354
4489,904141.1244333901
4490,905024.5471225986
4491,905902.0536638119
4492,906781.1015147935
4493,907661.693377658
4494,908543.8319592386
4495,909418.6919036991
4496,910294.5373603819
4497,911171.9211834644
4498,912050.8460698102
4499,912924.697946236
4500,913797.3520362088
4501,914671.538866471
4502,915547.2611239515
4503,916419.8100114936
4504,917289.2837285849
4505,918160.2845791705
4506,919032.8152402779
4507,919903.773335307
4508,920770.0776389666
4509,921637.9034885799
4510,922507.253551306
4511,923376.340048517
4512,924239.4858632633
4513,925104.1476556159
4514,925970.3280828978
4515,926837.2690579129
4516,927697.267272832
4517,928558.7759161385
4518,929421.7976353557
4519,930286.3259288444
4520,931143.1873971281
4521,932001.553763648
4522,932861.4276661595
4523,933722.8117470222
4524,934577.0183080173
4525,935432.2532336505
4526,936288.9901743929
4527,937147.2317628518
4528,937998.5385057599
4529,938850.6527896742
4530,939704.2635867858
4531,940559.3735199848
4532,941407.5328066046
4533,942256.5372109006
4534,943107.0326453885
4535,943959.0217232724
4536,944803.792232023
4537,945649.697481441
4538,946497.0882968843
4539,947345.7746491366
4540,948187.113899567
4541,949029.9306812163
4542,949874.2275835011
4543,950719.0340662854
4544,951557.3009153062
4545,952397.0398784314
4546,953238.2535355067
4547,954078.957227691
4548,954914.1622678555
4549,955750.8340236173
4550,956588.9750652852
4551,957425.3589382914
4552,958257.5127239507
4553,959091.1278452404
4554,959926.2068629643
4555,960758.0596784519
4556,961587.1727255918
4557,962417.7417468653
4558,963249.769293607
4559,964076.8855026116
4560,964902.9682886961
4561,965730.5017058254
4562,966559.4882958931
4563,967381.6679394088
4564,968204.730903256
4565,969029.2391733951
4566,969853.6278327438
4567,970672.2438933239
4568,971492.2974349925
4569,972313.7909764668
4570,973132.833269234
4571,973948.4555477923
4572,974765.5100284804
4573,975583.9992206871
4574,976397.5114690597
4575,977210.1502697463
4576,978024.2160117023
4577,978839.2685515216
4578,979647.5149275903
4579,980457.1805156037
4580,981268.2678020586
4581,982077.4125319102
4582,982882.7011371375
4583,983689.403738659
4584,984497.522813755
4585,985300.5914920892
4586,986102.9324957248
4587,986906.6822978661
4588,987710.6703165963
4589,988508.6726849922
4590,989308.0762172367
4591,990108.883367992
4592,990906.4479496536
4593,991701.5280909386
4594,992498.0042429065
4595,993295.8788511137
4596,994086.8663819161
4597,994879.0343304644
4598,995672.5931541558
4599,996463.2093828167
4600,997249.4200947027
4601,998037.011205411
4602,998825.9851330088
4603,999614.3251598271
4604,1000395.9925079565
4605,1001179.0322555741
4606,1001963.446806659
4607,1002749.1989569895
4608,1003526.3482184333
4609,1004304.8619245149
4610,1005084.7424651996
4611,1005865.9922346192
4612,1006640.2609995648
4613,1007414.2738327008
4614,1008189.645575866
4615,1008966.37860923
4616,1009737.5136007259
4617,1010507.0505767581
4618,1011277.9385822627
4619,1012050.1799835322
4620,1012817.8975499728
4621,1013582.9835321878
4622,1014349.412707076
4623,1015117.1874271226
4624,1015881.212960181
4625,1016641.8726594701
4626,1017403.8677581154
4627,1018167.2005948743
4628,1018927.2683384665
4629,1019683.526313466
4630,1020441.1119377222
4631,1021200.0275363378
4632,1021955.8803989255
4633,1022707.7610561043
4634,1023460.9616553881
4635,1024215.4845083035
4636,1024966.8738784753
4637,1025714.4014722009
4638,1026463.2413435612
4639,1027213.3957905819
4640,1027960.0813558719
4641,1028703.2799884244
4642,1029447.7832765555
4643,1030193.5935048643
4644,1030935.3430737243
4645,1031674.2366952695
4646,1032414.4273924846
4647,1033155.9174366127
4648,1033892.5067634983
4649,1034627.1191720105
4650,1035363.0211181608
4651,1036100.2148599132
4652,1036831.4274734014
4653,1037561.782314526
4654,1038293.4191968672
4655,1039026.3403651845
4656,1039751.9673990668
4657,1040478.0881659297
4658,1041205.4835189309
4659,1041933.3506414653
4660,1042653.9957169996
4661,1043375.90574996
4662,1044099.0829550544
4663,1044820.9235315556
4664,1045537.3884206815
4665,1046255.1109069985
4666,1046974.0931922493
4667,1047689.7204631984
4668,1048402.0281592275
4669,1049115.586132677
4670,1049830.3965723924
4671,1050539.6307360276
4672,1051247.8040785762
4673,1051957.2204189657
4674,1052667.7219148637
4675,1053370.5499906216
4676,1054074.6116650566
4677,1054779.909097677
4678,1055483.633929058
4679,1056182.3800545237
4680,1056882.3525913206
4681,1057583.5536862956
4682,1058280.3422797848
4683,1058975.02879049
4684,1059670.9345644885
4685,1060368.0617360326
4686,1061057.7608716171
4687,1061748.4099468882
4688,1062440.2711764458
4689,1063130.3786645776
4690,1063815.8093481527
4691,1064502.4430101542
4692,1065190.28175619
4693,1065872.9687929023
4694,1066554.4129465537
4695,1067237.0530592238
4696,1067919.7306741648
4697,1068596.0230638585
4698,1069273.5023539667
4699,1069952.1706218133
4700,1070626.1842303947
4701,1071296.8792346942
4702,1071968.7512932287
4703,1072641.8024660104
4704,1073312.6026321244
4705,1073977.7457523954
4706,1074644.0561607932
4707,1075311.5359001576
4708,1075978.6193469071
4709,1076636.8463281873
4710,1077296.228437549
4711,1077956.767696472
4712,1078618.4661299516
4713,1079276.9285014125
4714,1079929.452557986
4715,1080583.1217063013
4716,1081237.937950176
4717,1081893.903296912
4718,1082543.3943638438
4719,1083190.2630461813
4720,1083838.2668676092
4721,1084487.4078144277
4722,1085137.6878763915
4723,1085777.8757595983
4724,1086419.1362066076
4725,1087061.5219230147
4726,1087705.0348777517
4727,1088345.6622449495
4728,1088980.2476537144
4729,1089615.9465961144
4730,1090252.7610204658
4731,1090890.6928784729
4732,1091521.320699806
4733,1092150.4006187117
4734,1092780.5843823878
4735,1093411.8739220982
4736,1094042.0920961627
4737,1094664.620043344
4738,1095288.2403160804
4739,1095912.9548254053
4740,1096538.765485673
4741,1097158.3576597143
4742,1097775.480918354
4743,1098393.6869910904
4744,1099012.9777722151
4745,1099631.3824776236
4746,1100242.0745131269
4747,1100853.8380559843
4748,1101466.6749806285
4749,1102080.5871647522
4750,1102687.8051472956
4751,1103293.191386837
4752,1103899.6397963192
4753,1104507.1522337429
4754,1105112.4720992923
4755,1105711.5455888167
4756,1106311.6701500078
4757,1106912.8476213717
4758,1107515.0798446133
4759,1108108.714026449
4760,1108702.5787385826
4761,1109297.4853557185
4762,1109893.4357002326
4763,1110484.5243566658
4764,1111072.1925580844
4765,1111660.8917707675
4766,1112250.6237979578
4767,1112838.818073726
4768,1113420.3524485524
4769,1114002.907051188
4770,1114586.4836659352
4771,1115171.0840801997
4772,1115746.9126504657
4773,1116323.384788702
4774,1116900.8682459905
4775,1117479.3647909572
4776,1118051.740372496
4777,1118622.191549765
4778,1119193.6434612307
4779,1119766.0978569307
4780,1120334.715370314
4781,1120899.2064543082
4782,1121464.6877947308
4783,1122031.1611232162
4784,1122595.7295362237
4785,1123154.3207652918
4786,1123713.8918789965
4787,1124274.4445907595
4788,1124834.6864993053
4789,1125387.4374887906
4790,1125941.1580960043
4791,1126495.8500163385
4792,1127051.5012359219
4793,1127598.4709844184
4794,1128146.400187534
4795,1128695.2905228122
4796,1129245.1436707107
4797,1129785.3946000128
4798,1130325.4184784542
4799,1130866.3896003943
4800,1131408.309621931
4801,1131951.1802020408
4802,1132484.688538418
4803,1133017.8515900525
4804,1133551.949823692
4805,1134086.9848742525
4806,1134622.9583794866
4807,1135149.3046953853
4808,1135675.6908955479
4809,1136203.0003639658
4810,1136731.2347146317
4811,1137260.3955643405
4812,1137779.1867618987
4813,1138298.8790311117
4814,1138819.4828007214
4815,1139340.9996640529
4816,1139862.117622749
4817,1140374.2995332668
4818,1140887.3797501917
4819,1141401.3598437097
4820,1141916.2413867342
4821,1142428.965827939
4822,1142934.627997171
4823,1143441.1770113793
4824,1143948.6144206251
4825,1144456.9417776566
4826,1144960.954330408
4827,1145460.1764512488
4828,1145960.2740958477
4829,1146461.2487943831
4830,1146963.1020796895
4831,1147458.1068863312
4832,1147950.9676494284
4833,1148444.6927535126
4834,1148939.2837091244
4835,1149434.7395704258
4836,1149920.464870096
4837,1150407.0419761266
4838,1150894.4723770763
4839,1151382.757564091
4840,1151868.5572183593
4841,1152348.086475744
4842,1152828.456647534
4843,1153309.6692031631
4844,1153791.7256146162
4845,1154267.6371057285
4846,1154741.0459447203
4847,1155215.2849392141
4848,1155690.355539751
4849,1156165.5247335213
4850,1156632.0697270501
4851,1157099.4328191488
4852,1157567.615439221
4853,1158036.6190191496
4854,1158501.3766871612
4855,1158961.9601439477
4856,1159423.351219899
4857,1159885.5513260176
4858,1160348.5618757522
4859,1160802.732693761
4860,1161257.427287435
4861,1161712.9191487273
4862,1162169.2096704657
4863,1162621.0811168973
4864,1163068.0118035856
4865,1163515.7261241856
4866,1163964.2254476347
4867,1164413.5111452427
4868,1164858.437577609
4869,1165298.502855011
4870,1165739.3397035198
4871,1166180.9494709112
4872,1166623.3335072973
4873,1167060.95476778
4874,1167494.255709732
4875,1167928.316337754
4876,1168363.1379787722
4877,1168798.7219620117
4878,1169228.705091482
4879,1169655.3412481397
4880,1170082.7253809143
4881,1170510.858796191
4882,1170939.74280262
4883,1171361.7808617358
4884,1171781.8502822137
4885,1172202.6561413012
4886,1172624.1997251462
4887,1173046.482322124
4888,1173460.2932543168
4889,1173873.8925089869
4890,1174288.2168346033
4891,1174703.267497375
4892,1175117.8597244266
4893,1175524.3713007264
4894,1175931.5955031854
4895,1176339.5335762107
4896,1176748.1867663627
4897,1177153.9197002428
4898,1177554.1609190872
4899,1177955.1037477886
4900,1178356.74941143
4901,1178759.0991372177
4902,1179155.7610176632
4903,1179549.8239816925
4904,1179944.5777012608
4905,1180340.023382414
4906,1180736.1622332863
4907,1181123.5619965927
4908,1181511.537418053
4909,1181900.1929002723
4910,1182289.5296305402
4911,1182676.2062657627
4912,1183057.5151308263
4913,1183439.4923522107
4914,1183822.1390967048
4915,1184205.4565331168
4916,1184582.4172360837
4917,1184957.8262588629
4918,1185333.8932732467
4919,1185710.6194278458
4920,1186086.1244074756
4921,1186454.852395161
4922,1186824.2266456904
4923,1187194.2482871339
4924,1187564.9184495169
4925,1187931.0382119059
4926,1188293.8338666796
4927,1188657.2653636998
4928,1189021.3338127676
4929,1189386.0403256016
4930,1189742.6354125866
4931,1190099.589136154
4932,1190457.1684403466
4933,1190815.374416974
4934,1191170.5706042626
4935,1191521.1569627956
4936,1191872.3577245555
4937,1192224.1739617784
4938,1192576.6067485558
4939,1192921.9241556225
4940,1193266.855045971
4941,1193612.390405776
4942,1193958.5312898594
4943,1194301.863089587
4944,1194640.6308820366
4945,1194979.992325567
4946,1195319.9484560576
4947,1195660.50031118
4948,1195993.6719496723
4949,1196326.9645705337
4950,1196660.841225714
4951,1196995.3029342317
4952,1197325.9803806932
4953,1197653.307437622
4954,1197981.208057677
4955,1198309.6832415452
4956,1198637.5729288866
4957,1198959.035877797
4958,1199281.0620969194
4959,1199603.652568924
4960,1199926.8082781788
4961,1200243.722879803
4962,1200559.3976990073
4963,1200875.6256248695
4964,1201192.4076222514
4965,1201508.4212728657
4966,1201817.863798535
4967,1202127.8484938852
4968,1202438.3763046393
4969,1202749.4481781553
4970,1203056.4249961232
4971,1203360.2834981289
4972,1203664.6743650327
4973,1203969.5985253793
4974,1204275.0569093192
4975,1204572.9111023718
4976,1204871.2800290617
4977,1205170.1716819096
4978,1205469.5869725768
4979,1205765.7289366233
4980,1206058.188730092
4981,1206351.1608806087
4982,1206644.6462816896
4983,1206938.6458283965
4984,1207225.4121706726
4985,1207512.5756652832
4986,1207800.2422179307
4987,1208088.4127058422
4988,1208372.9774222043
4989,1208654.4409895472
4990,1208936.3976134025
4991,1209218.8481534997
4992,1209500.9260614403
4993,1209776.796352552
4994,1210053.1498860035
4995,1210329.987504355
4996,1210607.3100516219
4997,1210879.6949702622
4998,1211150.5502099206
4999,1211421.8798872277
5000,1211693.6848293224
5001,1211963.2029809554
5002,1212228.6627203755
5003,1212494.5874307642
5004,1212760.9779227015
5005,1213027.3986837317
5006,1213287.5637514074
5007,1213548.18450049
5008,1213809.2617253086
5009,1214070.7962215643
5010,1214327.3411054811
5011,1214582.7569676759
5012,1214838.620173828
5013,1215094.9315036656
5014,1215348.0933537257
5015,1215598.401508875
5016,1215849.1480469047
5017,1216100.3337318713
5018,1216349.9291657403
5019,1216595.2249350278
5020,1216840.950293557
5021,1217087.1059900047
5022,1217332.9666678575
5023,1217573.3435490425
5024,1217814.1413900629
5025,1218055.3609245014
5026,1218297.0028872082
5027,1218532.8825307952
5028,1218768.844724289
5029,1219005.2201280717
5030,1219242.0094621594
5031,1219473.9753485469
5032,1219705.1920064487
5033,1219936.8135497915
5034,1220168.8406840325
5035,1220396.7631958097
5036,1220623.3227053257
5037,1220850.278930683
5038,1221077.6325630532
5039,1221301.3944527232
5040,1221523.3835090084
5041,1221745.7612638106
5042,1221968.528394283
5043,1222188.02417101
5044,1222405.527809227
5045,1222623.4122779935
5046,1222841.6782407074
5047,1223056.8135816508
5048,1223269.915208417
5049,1223483.389944263
5050,1223697.2384390857
5051,1223907.929624431
5052,1224116.7110486699
5053,1224325.8580042047
5054,1224535.3711276862
5055,1224741.5444985281
5056,1224946.0859617267
5057,1225150.9855193726
5058,1225356.2437951143
5059,1225557.8352333563
5060,1225758.2154392553
5061,1225958.9464409829
5062,1226160.0288494288
5063,1226356.9832789088
5064,1226553.2794226173
5065,1226749.919199115
5066,1226946.9032067722
5067,1227139.17411484
5068,1227331.4619114078
5069,1227524.0863107045
5070,1227716.5722952452
5071,1227904.5968776194
5072,1228092.950590053
5073,1228281.6340055831
5074,1228469.2739084132
5075,1228653.4440050053
5076,1228837.936471762
5077,1229022.7518699053
5078,1229205.5239708037
5079,1229385.9108972352
5080,1229566.6135591844
5081,1229747.6325062772
5082,1229925.5218910938
5083,1230102.1955942607
5084,1230279.17852114
5085,1230456.4712099803
5086,1230629.469384446
5087,1230802.4984684172
5088,1230975.83038478
5089,1231148.4144730677
5090,1231317.5701804901
5091,1231487.0219319204
5092,1231656.7702425895
5093,1231824.379230011
5094,1231990.0297455755
5095,1232155.970158631
5096,1232322.2009736693
5097,1232484.845082345
5098,1232647.0550187149
5099,1232809.5488195298
5100,1232971.4661646606
5101,1233130.0214327197
5102,1233288.8541606895
5103,1233447.9648313452
5104,1233604.8726292434
5105,1233760.118643799
5106,1233915.6363157916
5107,1234071.426117858
5108,1234223.350201334
5109,1234375.34781261
5110,1234527.6113857056
5111,1234678.5627002777
5112,1234827.1116689628
5113,1234975.9205565094
5114,1235124.989815063
5115,1235270.9458611237
5116,1235416.3701155495
5117,1235562.0488103766
5118,1235706.8736709196
5119,1235848.9818845128
5120,1235991.3387282365
5121,1236133.9446345305
5122,1236273.7827107403
5123,1236412.8849835377
5124,1236552.2306165264
5125,1236690.8041694486
5126,1236826.71774869
5127,1236962.86910131
5128,1237099.2586408008
5129,1237232.871667727
5130,1237365.8933567174
5131,1237499.147749374
5132,1237631.3855824722
5133,1237761.340876841
5134,1237891.5235026574
5135,1238021.9338551892
5136,1238147.8361886605
5137,1238273.4321489846
5138,1238399.2478044878
5139,1238525.2835371236
5140,1238651.5397295011
5141,1238772.993208683
5142,1238894.5703937493
5143,1239016.3602317239
5144,1239138.3630922723
5145,1239260.0461836157
5146,1239377.509504955
5147,1239495.1782735037
5148,1239613.0528463665
5149,1239731.1335812602
5150,1239848.0973582526
5151,1239961.750228676
5152,1240075.60186966
5153,1240189.6526266618
5154,1240303.9028457317
5155,1240416.1719048293
5156,1240526.1191540654
5157,1240636.2586811786
5158,1240746.5908203009
5159,1240857.1159061356
5160,1240964.6623309636
5161,1241071.0057616073
5162,1241177.535156094
5163,1241284.2508375421
5164,1241391.1531296233
5165,1241493.9627152705
5166,1241596.8011888617
5167,1241699.8194857475
5168,1241803.017918335
5169,1241905.2119469868
5170,1242004.4679179178
5171,1242103.8974385844
5172,1242203.5008104627
5173,1242303.2783355466
5174,1242400.6268067304
5175,1242496.5728510604
5176,1242592.6866467474
5177,1242688.9684851565
5178,1242785.3793512469
5179,1242877.8047738092
5180,1242970.3917834011
5181,1243063.1406606496
5182,1243156.0516866632
5183,1243248.0300460297
5184,1243337.1980459637
5185,1243426.521927438
5186,1243516.001961134
5187,1243605.6384181962
5188,1243693.1899032844
5189,1243779.1933256183
5190,1243865.3470868948
5191,1243951.6514481327
5192,1244038.1066708006
5193,1244121.247646307
5194,1244204.1765284261
5195,1244287.2503648505
5196,1244370.4694072162
5197,1244452.7883166717
5198,1244532.590490978
5199,1244612.5321460285
5200,1244692.6135239278
5201,1244772.8348671945
5202,1244850.6987576603
5203,1244927.6032822335
5204,1245004.642213184
5205,1245081.815783774
5206,1245158.6202422318
5207,1245232.579846062
5208,1245306.6687014352
5209,1245380.8870326385
5210,1245455.235064343
5211,1245527.585264568
5212,1245598.8134761807
5213,1245670.1661565765
5214,1245741.6435217091
5215,1245812.7500060312
5216,1245881.204158801
5217,1245949.7779250732
5218,1246018.471512352
5219,1246087.2851284975
5220,1246153.9746975421
5221,1246219.8535243652
5222,1246285.8474556527
5223,1246351.956691055
5224,1246417.264614389
5225,1246480.5298014504
5226,1246543.9055189306
5227,1246607.3919585205
5228,1246670.989312237
5229,1246731.9485590332
5230,1246792.7849096402
5231,1246853.727538545
5232,1246914.7766300314
5233,1246974.255898526
5234,1247032.6292156868
5235,1247091.1045011184
5236,1247149.6819316053
5237,1247207.6016083555
5238,1247263.5857911506
5239,1247319.667761704
5240,1247375.8476895287
5241,1247432.1257444276
5242,1247485.8051848297
5243,1247539.5655072741
5244,1247593.419724805
5245,1247647.368000158
5246,1247699.440609152
5247,1247750.948662789
5248,1247802.546670915
5249,1247854.2347894139
5250,1247904.6472401018
5251,1247953.96980288
5252,1248003.3784965794
5253,1248052.873470432
5254,1248101.5829158728
5255,1248148.7861199672
5256,1248196.0717473
5257,1248243.4399406565
5258,1248290.4054577905
5259,1248335.5532341073
5260,1248380.7798380083
5261,1248426.0854060247
5262,1248471.2738524387
5263,1248514.428005355
5264,1248557.657498498
5265,1248600.9624623363
5266,1248644.343027561
5267,1248685.490639468
5268,1248726.7050905167
5269,1248767.991487845
5270,1248809.3499560184
5271,1248849.0003188634
5272,1248888.2617019003
5273,1248927.5916153835
5274,1248966.9901779399
5275,1249005.1068451335
5276,1249042.4750715005
5277,1249079.908517446
5278,1249117.4072958434
5279,1249153.9607289324
5280,1249189.493714711
5281,1249225.0887106678
5282,1249260.7458241
5283,1249295.7128387876
5284,1249329.4665700598
5285,1249363.279200195
5286,1249397.1508310842
5287,1249430.51407833
5288,1249462.5426743038
5289,1249494.627152637
5290,1249526.767609981
5291,1249558.5150902062
5292,1249588.8708642642
5293,1249619.2795958233
5294,1249649.741376456
5295,1249679.8659849747
5296,1249708.5995037148
5297,1249737.3831436837
5298,1249766.2169915265
5299,1249794.7160934324
5300,1249821.8762337836
5301,1249849.083744714
5302,1249876.3387080908
5303,1249903.2137409255
5304,1249928.847745373
5305,1249954.526452507
5306,1249980.2499395632
5307,1250005.5060421554
5308,1250029.65957216
5309,1250053.855216946
5310,1250078.0930492554
5311,1250101.7387152463
5312,1250124.455902917
5313,1250147.2126947686
5314,1250170.0091591869
5315,1250192.0559137992
5316,1250213.3794118504
5317,1250234.740078197
5318,1250256.1379769957
5319,1250276.6000756943
5320,1250296.5711057836
5321,1250316.5769404883
5322,1250336.617639862
5323,1250355.511787641
5324,1250374.1701871091
5325,1250392.861097291
5326,1250411.5756293826
5327,1250428.9296643313
5328,1250446.3139314028
5329,1250463.7284827197
5330,1250480.8709782867
5331,1250496.9902412375
5332,1250513.1375787477
5333,1250529.3130391985
5334,1250544.9075023269
5335,1250559.8278801527
5336,1250574.7742378332
5337,1250589.746620116
5338,1250603.8185170665
5339,1250617.5746865554
5340,1250631.354801932
5341,1250645.1314361868
5342,1250657.7349706502
5343,1250670.3604379871
5344,1250683.0078759296
5345,1250695.2782623635
5346,1250706.7853837095
5347,1250718.3125226696
5348,1250729.8597136552
5349,1250740.6538669043
5350,1250751.0957987348
5351,1250761.5558876086
5352,1250771.992243464
5353,1250781.3828301835
5354,1250790.7897382018
5355,1250800.2129955257
5356,1250809.151763664
5357,1250817.4224431112
5358,1250825.7074882146
5359,1250834.0069235906
5360,1250841.8354464122
5361,1250849.022430413
5362,1250856.2218878188
5363,1250863.4338399677
5364,1250870.1574505966
5365,1250876.2955687619
5366,1250882.4443290501
5367,1250888.6037496289
5368,1250894.2302304457
5369,1250899.3529812319
5370,1250904.4846015002
5371,1250909.6251063477
5372,1250914.164420825
5373,1250918.3040207115
5374,1250922.4507738338
5375,1250926.604692318
5376,1250930.0687371762
5377,1250933.2561680041
5378,1250936.4490900538
5379,1250939.6475125758
5380,1250942.049888936
5381,1250944.3149434957
5382,1250946.583879416
5383,1250948.8434974137
5384,1250950.2125054433
5385,1250951.58383136
5386,1250952.957478922
5387,1250954.1547403054
5388,1250954.6590733042
5389,1250955.1642153016
5390,1250955.670167445
5391,1250955.741089299
5392,1250955.210119636
5393,1250954.6781527565
5394,1250954.1451866843
5395,1250953.6112194404
5396,1250952.3503369738
5397,1250950.823439398
5398,1250949.2938070502
5399,1250947.7614349506
5400,1250946.1457386147
5401,1250943.6640366255
5402,1250941.1779344545
5403,1250938.687424243
5404,1250936.192498117
5405,1250933.2660053442
5406,1250929.8616715749
5407,1250926.4513283414
5408,1250923.0349650048
5409,1250919.6125709042
5410,1250915.41083268
5411,1250911.1170926648
5412,1250906.8157920688
5413,1250902.5069175705
5414,1250897.89250695
5415,1250892.750025928
5416,1250887.5985044471
5417,1250882.4379266317
5418,1250877.268276577
5419,1250871.4164038205
5420,1250865.4476786058
5421,1250859.4684723557
5422,1250853.4787667051
5423,1250847.1831137757
5424,1250840.428583076
5425,1250833.6622015412
5426,1250826.8839484428
5427,1250820.0938030141
5428,1250812.6068570886
5429,1250805.0832083516
5430,1250797.5463681824
5431,1250789.9963135368
5432,1250782.0482239574
5433,1250773.7957440363
5434,1250765.5288025346
5435,1250757.2473742182
5436,1250748.8182362434
5437,1250739.86395864
5438,1250730.8939965775
5439,1250721.9083227112
5440,1250712.9069096507
5441,1250703.3516720075
5442,1250693.70443154
5443,1250684.0402992924
5444,1250674.3592458372
5445,1250664.3221715488
5446,1250654.0221194206
5447,1250643.704038315
5448,1250633.3678968449
5449,1250622.8380344748
5450,1250611.9084222189
5451,1250600.9596844453
5452,1250589.991787876
5453,1250578.9609723655
5454,1250567.4238936417
5455,1250555.8666314909
5456,1250544.2891508148
5457,1250532.6914164515
5458,1250520.6281412875
5459,1250508.4833818641
5460,1250496.3173809517
5461,1250484.1301016256
5462,1250471.5797074938
5463,1250458.8674248247
5464,1250446.1329126281
5465,1250433.376132279
5466,1250420.3359671622
5467,1250407.0751318303
5468,1250393.7911121051
5469,1250380.4838677186
5470,1250366.9530409952
5471,1250353.1616674084
5472,1250339.3461860637
5473,1250325.5065551042
5474,1250311.4857226987
5475,1250297.1809141224
5476,1250282.8511043326
5477,1250268.496249932
5478,1250253.9874188807
5479,1250239.1854103154
5480,1250224.3575354696
5481,1250209.503749459
5482,1250194.5101003451
5483,1250179.226299379
5484,1250163.9157940086
5485,1250148.5785379068
5486,1250133.1042637643
5487,1250117.3532894647
5488,1250101.5747981998
5489,1250085.7687422454
5490,1250069.8189025777
5491,1250053.6146225475
5492,1250037.3820372408
5493,1250021.1210975745
5494,1250004.7014863002
5495,1249988.057051959
5496,1249971.3835470236
5497,1249954.6809210936
5498,1249937.7979472629
5499,1249920.7258274527
5500,1249903.623893528
5501,1249886.492093807
5502,1249869.1526740533
5503,1249851.6646870326
5504,1249834.1461630338
5505,1249816.59704913
5506,1249798.8085108767
5507,1249780.9158547968
5508,1249762.9919584426
5509,1249745.0367676707
5510,1249726.8067622134
5511,1249708.520044135
5512,1249690.2014010109
5513,1249671.825402712
5514,1249653.187202118
5515,1249634.5164656239
5516,1249615.813136843
5517,1249597.0001506438
5518,1249577.9880875754
5519,1249558.9428390742
5520,1249539.8643476227
5521,1249520.6231223932
5522,1249501.2461754698
5523,1249481.8354092236
5524,1249462.3907650288
5525,1249442.730082228
5526,1249422.9967426057
5527,1249403.22896454
5528,1249383.4020374252
5529,1249363.3553143821
5530,1249343.273608381
5531,1249323.1568587471
5532,1249302.918564513
5533,1249282.5316491025
5534,1249262.1091597218
5535,1249241.6510346415
5536,1249221.010450473
5537,1249200.290490493
5538,1249179.5343778613
5539,1249158.7177086505
5540,1249137.7081052875
5541,1249116.6618458582
5542,1249095.5788666734
5543,1249074.3695409372
5544,1249053.0405542227
5545,1249031.6743562135
5546,1249010.2708821883
5547,1248988.6778562274
5548,1248967.0354701453
5549,1248945.3553276677
5550,1248923.5812829111
5551,1248901.6693573676
5552,1248879.7192064128
5553,1248857.7307633914
5554,1248835.5833090423
5555,1248813.369445217
5556,1248791.1168300926
5557,1248768.7847091716
5558,1248746.3130812354
5559,1248723.8022527888
5560,1248701.252155219
5561,1248678.523268214
5562,1248655.716552284
5563,1248632.8700512282
5564,1248609.9836952116
5565,1248587.0405328008
5566,1248563.9079919127
5567,1248540.7350965135
5568,1248517.521775521
5569,1248494.2679576555
5570,1248470.9026230255
5571,1248447.411915922
5572,1248423.8802263555
5573,1248400.3074817427
5574,1248376.6936092777
5575,1248352.915033224
5576,1248329.0729177943
5577,1248305.18920144
5578,1248281.2638099703
5579,1248257.2588404336
5580,1248233.113628425
5581,1248208.9262804906
5582,1248184.6967209822
5583,1248160.424873968
5584,1248136.0159317341
5585,1248111.5317148545
5586,1248087.0047593086
5587,1248062.434987574
5588,1248037.7930980234
5589,1248013.018231787
5590,1247988.2001077076
5591,1247963.3386465441
5592,1247938.4337686854
5593,1247913.3982024665
5594,1247888.2946245742
5595,1247863.147194973
5596,1247837.9558321317
5597,1247812.6782043225
5598,1247787.279239246
5599,1247761.8358862004
5600,1247736.3480614938
5601,1247710.815680945
5602,1247685.20916881
5603,1247659.476818289
5604,1247633.6994642373
5605,1247607.8770200212
5606,1247582.00939843
5607,1247556.0735063185
5608,1247530.0128915187
5609,1247503.906656319
5610,1247477.7547106962
5611,1247451.5569639464
5612,1247425.2918113994
5613,1247398.9074343855
5614,1247372.4768153217
5615,1247345.9998602543
5616,1247319.476474423
5617,1247292.8826347778
5618,1247266.1784051107
5619,1247239.427303063
5620,1247212.629230098
5621,1247185.7840867247
5622,1247158.8624446378
5623,1247131.8417003625
5624,1247104.7734402844
5625,1247077.6575605066
5626,1247050.4939560015
5627,1247023.2455808162
5628,1246995.9111036393
5629,1246968.5284491335
5630,1246941.0975071162
5631,1246913.6181660655
5632,1246886.044198228
5633,1246858.3982226502
5634,1246830.7033843908
5635,1246802.9595658921
5636,1246775.1666480126
5637,1246747.2681959516
5638,1246719.3124120121
5639,1246691.3070496768
5640,1246663.251982734
5641,1246635.139381194
5642,1246606.9251281866
5643,1246578.6606774686
5644,1246550.345894808
5645,1246521.9806438473
5646,1246493.541642811
5647,1246465.0200933807
5648,1246436.44755783
5649,1246407.8238904215
5650,1246379.1489429262
5651,1246350.3843858659
5652,1246321.555597636
5653,1246292.6749807147
5654,1246263.742375924
5655,1246234.75195215
5656,1246205.667952645
5657,1246176.531388484
5658,1246147.3420881168
5659,1246118.099876695
5660,1246088.7817360174
5661,1246059.389761334
5662,1246029.9442549653
5663,1246000.4450276843
5664,1245970.8918864282
5665,1245941.2457782873
5666,1245911.5440775838
5667,1245881.7877899348
5668,1245851.9767056147
5669,1245822.0922019805
5670,1245792.12980833
5671,1245762.1118904345
5672,1245732.0382198547
5673,1245701.908563159
5674,1245671.7065688274
5675,1245641.4266280872
5676,1245611.0899043768
5677,1245580.6961427073
5678,1245550.2450823397
5679,1245519.720876943
5680,1245489.120012581
5681,1245458.460971571
5682,1245427.743468424
5683,1245396.967211056
5684,1245366.1155271644
5685,1245335.1893835482
5686,1245304.2035135368
5687,1245273.1575967285
5688,1245242.0513051855
5689,1245210.8661694133
5690,1245179.6093234161
5691,1245148.2910217457
5692,1245116.9109041807
5693,1245085.4686019185
5694,1245053.9431730616
5695,1245022.349031826
5696,1244990.6915001494
5697,1244958.9701725594
5698,1244927.1846338464
5699,1244895.3110360033
5700,1244863.371720248
5701,1244831.3668451859
5702,1244799.2959541054
5703,1244767.1540246124
5704,1244734.927728159
5705,1244702.6339404483
5706,1244670.2721590712
5707,1244637.841869518
5708,1244605.3329261693
5709,1244572.7439655259
5710,1244540.084842951
5711,1244507.354992555
5712,1244474.553834864
5713,1244441.665331811
5714,1244408.700221653
5715,1244375.6619473144
5716,1244342.5498717637
5717,1244309.3633427792
5718,1244276.087572412
5719,1244242.7323788952
5720,1244209.3006500427
5721,1244175.7916693948
5722,1244142.204703566
5723,1244108.5255280056
5724,1244074.764231827
5725,1244040.922617267
5726,1244006.9998795092
5727,1243972.9951949462
5728,1243938.8944016672
5729,1243904.7086904529
5730,1243870.4384197418
5731,1243836.0826867875
5732,1243801.6402515825
5733,1243767.0976147172
5734,1243732.4666582113
5735,1243697.746393643
5736,1243662.93581012
5737,1243628.031901691
5738,1243593.025621316
5739,1243557.9258294958
5740,1243522.731421031
5741,1243487.4412660305
5742,1243452.0505706102
5743,1243416.554642582
5744,1243380.9594069396
5745,1243345.2636303548
5746,1243309.466052466
5747,1243273.5601364574
5748,1243237.5453211751
5749,1243201.4247396092
5750,1243165.1970183516
5751,1243128.860754501
5752,1243092.407763897
5753,1243055.8412983578
5754,1243019.1618842937
5755,1242982.3679956933
5756,1242945.4578663392
5757,1242908.4224217793
5758,1242871.2677165084
5759,1242833.9920930527
5760,1242796.5938597408
5761,1242759.0690997366
5762,1242721.4133292998
5763,1242683.6296511244
5764,1242645.7162312758
5765,1242607.671198879
5766,1242569.4887303284
5767,1242531.1683356075
5768,1242492.7104774583
5769,1242454.113131595
5770,1242415.374233961
5771,1242376.4863015993
5772,1242337.4522388892
5773,1242298.2701780363
5774,1242258.937890125
5775,1242219.4516105608
5776,1242179.8069217703
5777,1242140.0050520808
5778,1242100.0435983844
5779,1242059.9201125535
5780,1242019.629101945
5781,1241979.169492864
5782,1241938.540223418
5783,1241897.7386594482
5784,1241856.7619212873
5785,1241815.6036587758
5786,1241774.2649019894
5787,1241732.74282118
5788,1241691.0345362076
5789,1241649.1355226699
5790,1241607.0424506492
5791,1241564.7542195944
5792,1241522.2677417742
5793,1241479.5798760615
5794,1241436.6846825327
5795,1241393.5813060794
5796,1241350.2667866778
5797,1241306.7377636288
5798,1241262.98984811
5799,1241219.0188180378
5800,1241174.8228569468
5801,1241130.3983750546
5802,1241085.7417238348
5803,1241040.8471325128
5804,1240995.712585219
5805,1240950.334560645
5806,1240904.7091694542
5807,1240858.8318201096
5808,1240812.697741453
5809,1240766.3042525235
5810,1240719.6472139822
5811,1240672.722422583
5812,1240625.5242882997
5813,1240578.0493883004
5814,1240530.2937337223
5815,1240482.252860148
5816,1240433.9219254316
5817,1240385.2955016326
5818,1240336.370061068
5819,1240287.1408695308
5820,1240237.603124062
5821,1240187.7511600002
5822,1240137.5804266601
5823,1240087.0863108553
5824,1240036.2637295474
5825,1239985.1074222631
5826,1239933.6114221874
5827,1239881.7712764426
5828,1239829.5816141278
5829,1239777.0369912153
5830,1239724.1314870599
5831,1239670.859583781
5832,1239617.2159433288
5833,1239563.194824731
5834,1239508.7904117121
5835,1239453.9962998908
5836,1239398.8070222314
5837,1239343.2165445772
5838,1239287.2187454393
5839,1239230.807278715
5840,1239173.9758289447
5841,1239116.7182276691
5842,1239059.0280422245
5843,1239000.8987612985
5844,1238942.3236422301
5845,1238883.2961577175
5846,1238823.8095684203
5847,1238763.8570452959
5848,1238703.4316758425
5849,1238642.526470023
5850,1238581.1343612277
5851,1238519.248198219
5852,1238456.860753556
5853,1238393.964837248
5854,1238330.5529254058
5855,1238266.6175408738
5856,1238202.1511245256
5857,1238137.1462012131
5858,1238071.5949767781
5859,1238005.4895501162
5860,1237938.8220326363
5861,1237871.5845535612
5862,1237803.769235295
5863,1237735.367664484
5864,1237666.371621174
5865,1237596.7728023748
5866,1237526.5632703127
5867,1237455.7341427589
5868,1237384.2768329107
5869,1237312.1827052778
5870,1237239.4434006067
5871,1237166.0499778497
5872,1237091.9933330463
5873,1237017.2644983246
5874,1236941.8546513931
5875,1236865.7548682885
5876,1236788.9554953116
5877,1236711.4472332809
5878,1236633.2207705455
5879,1236554.2672494226
5880,1236474.576448253
5881,1236394.1387385912
5882,1236312.9444101152
5883,1236230.9843861195
5884,1236148.2481834781
5885,1236064.7257432777
5886,1235980.4070299023
5887,1235895.2825286353
5888,1235809.341727463
5889,1235722.5740647612
5890,1235634.969183943
5891,1235546.5171330278
5892,1235457.207378195
5893,1235367.0288617995
5894,1235275.97091165
5895,1235184.0231471849
5896,1235091.175007707
5897,1234997.4149535862
5898,1234902.7320034364
5899,1234807.1153633958
5900,1234710.5544313148
5901,1234613.0372056777
5902,1234514.5524033671
5903,1234415.0888379633
5904,1234314.6358440104
5905,1234213.180983184
5906,1234110.7126791517
5907,1234007.2193781799
5908,1233902.6903242532
5909,1233797.1126713713
5910,1233690.4745595558
5911,1233582.7640966722
5912,1233473.9704050894
5913,1233364.0802635348
5914,1233253.0815389922
5915,1233140.9620328129
5916,1233027.7107122275
5917,1232913.3140156937
5918,1232797.7595487938
5919,1232681.0348536985
5920,1232563.1286684074
5921,1232444.0271673752
5922,1232323.7176943521
5923,1232202.1875460725
5924,1232079.4252631264
5925,1231955.416727486
5926,1231830.1490570467
5927,1231703.6093460163
5928,1231575.7858864944
5929,1231446.6643239441
5930,1231316.2315595588
5931,1231184.4745272594
5932,1231051.3812256637
5933,1230916.9371154916
5934,1230781.128892943
5935,1230643.9433706768
5936,1230505.3682220946
5937,1230365.3887638263
5938,1230223.9915035095
5939,1230081.1631718006
5940,1229936.8910875416
5941,1229791.1604639296
5942,1229643.9576373205
5943,1229495.2692955642
5944,1229345.0823764869
5945,1229193.3820302004
5946,1229040.154439881
5947,1228885.3862893784
5948,1228729.0641124237
5949,1228571.1730357828
5950,1228411.6991083198
5951,1228250.6290479973
5952,1228087.9489652133
5953,1227923.6440022157
5954,1227757.7000931462
5955,1227590.1040271856
5956,1227420.8414764763
5957,1227249.8976363498
5958,1227077.2583464845
5959,1226902.9105030512
5960,1226726.839329811
5961,1226549.030111243
5962,1226369.468613432
5963,1226188.1418736323
5964,1226005.034662424
5965,1225820.132387602
5966,1225633.4207630812
5967,1225444.8869992418
5968,1225254.5154145802
5969,1225062.2915721082
5970,1224868.2012273048
5971,1224672.2315778139
5972,1224474.3667131292
5973,1224274.592308886
5974,1224072.894314035
5975,1223869.2595514585
5976,1223663.6722852627
5977,1223456.1182002067
5978,1223246.5834608288
5979,1223035.0545402367
5980,1222821.5158984691
5981,1222605.953252369
5982,1222388.3529999112
5983,1222168.7012990727
5984,1221946.9828226226
5985,1221723.1833427083
5986,1221497.2895035883
5987,1221269.2871936713
5988,1221039.1613100087
5989,1220806.897703461
5990,1220572.4832715772
5991,1220335.9036911975
5992,1220097.1440890837
5993,1219856.1904183398
5994,1219613.0298299552
5995,1219367.6478614742
5996,1219120.0298676516
5997,1218870.1619274241
5998,1218618.0314373176
5999,1218363.6238843538
6000,1218106.9248411835
6001,1217847.9205361556
6002,1217586.598593933
6003,1217322.9445589941
6004,1217056.944201951
6005,1216788.5839240667
6006,1216517.8515495008
6007,1216244.7328107052
6008,1215969.2136446885
6009,1215691.280648989
6010,1215410.9218052656
6011,1215128.1231910728
6012,1214842.8708644747
6013,1214555.1516424345
6014,1214264.95360617
6015,1213972.263367116
6016,1213677.0670426257
6017,1213379.3516919704
6018,1213079.1054144755
6019,1212776.3155812977
6020,1212470.9682928417
6021,1212163.0508732325
6022,1211852.5513723758
6023,1211539.4580918238
6024,1211223.7570789142
6025,1210905.43594478
6026,1210584.4827724216
6027,1210260.8866945575
6028,1209934.6337879724
6029,1209605.711972509
6030,1209274.1094557168
6031,1208939.8161810322
6032,1208602.8182481574
6033,1208263.1039068364
6034,1207920.6614925363
6035,1207575.4813651703
6036,1207227.5504539397
6037,1206876.8570060336
6038,1206523.3897125144
6039,1206167.1388134293
6040,1205808.0925792267
6041,1205446.239132452
6042,1205081.567539613
6043,1204714.0680059942
6044,1204343.7300318263
6045,1203970.5416999313
6046,1203594.4924714388
6047,1203215.5726017214
6048,1202833.7727077687
6049,1202449.0809173125
6050,1202061.487104561
6051,1201670.9816594787
6052,1201277.5562012873
6053,1200881.1989868816
6054,1200481.9003212387
6055,1200079.6508129917
6056,1199674.4429675965
6057,1199266.2652549117
6058,1198855.1084275716
6059,1198440.9633964463
6060,1198023.8234358076
6061,1197603.6773117378
6062,1197180.5162405763
6063,1196754.3315569973
6064,1196325.117069552
6065,1195892.8620389274
6066,1195457.5581217706
6067,1195019.19713529
6068,1194577.7733730078
6069,1194133.2766013355
6070,1193685.698955134
6071,1193235.0327481823
6072,1192781.2728403131
6073,1192324.4093820807
6074,1191864.4350675251
6075,1191401.3428397956
6076,1190935.1278465323
6077,1190465.7808586054
6078,1189993.2950897475
6079,1189517.6641934295
6080,1189038.8834784697
6081,1188556.9444182515
6082,1188071.8407567951
6083,1187583.5669372014
6084,1187092.1183040056
6085,1186597.4871120139
6086,1186099.6676459583
6087,1185598.6552169998
6088,1185094.4450786852
6089,1184587.030345278
6090,1184076.4058516382
6091,1183562.5678545237
6092,1183045.5113885605
6093,1182525.2305046003
6094,1182001.7205960322
6095,1181474.9789418122
6096,1180945.0002285296
6097,1180411.7795198138
6098,1179875.3127749662
6099,1179335.5983707877
6100,1178792.6305155512
6101,1178246.4053609022
6102,1177696.9197880095
6103,1177144.1722973785
6104,1176588.1575363725
6105,1176028.8724693118
6106,1175466.3152095738
6107,1174900.4835399918
6108,1174331.373329583
6109,1173758.9821235896
6110,1173183.3093406074
6111,1172604.351912314
6112,1172022.1070020003
6113,1171436.572739365
6114,1170847.7499202045
6115,1170255.6344905617
6116,1169660.2249795876
6117,1169061.5209115618
6118,1168459.5221076186
6119,1167854.2258155348
6120,1167245.6311932767
6121,1166633.739270563
6122,1166018.5486357363
6123,1165400.0580299876
6124,1164778.267315106
6125,1164153.1787509474
6126,1163524.7899003704
6127,1162893.1009519836
6128,1162258.1136308622
6129,1161619.8287725213
6130,1160978.2452668573
6131,1160333.3638904653
6132,1159685.1860383472
6133,1159033.7149841222
6134,1158378.9492710175
6135,1157720.8902617323
6136,1157059.5394650898
6137,1156394.9013446546
6138,1155726.975247837
6139,1155055.7627669706
6140,1154381.2659933167
6141,1153703.4892545221
6142,1153022.4339287556
6143,1152338.1014551148
6144,1151650.4945033516
6145,1150959.6173535108
6146,1150265.4732250178
6147,1149568.0634917459
6148,1148867.3913971132
6149,1148163.4612610887
6150,1147456.2779538187
6151,1146745.842871194
6152,1146032.1598246165
6153,1145315.2332607168
6154,1144595.0695088867
6155,1143871.6700734918
6156,1143145.0393274152
6157,1142415.1819298905
6158,1141682.1054772118
6159,1140945.8116679112
6160,1140206.3054290572
6161,1139463.5918250405
6162,1138717.6792037208
6163,1137968.5698649338
6164,1137216.2691744673
6165,1136460.7827407022
6166,1135702.1193058356
6167,1134940.282018582
6168,1134175.2766201748
6169,1133407.109254017
6170,1132635.7891398808
6171,1131861.3200810978
6172,1131083.708277405
6173,1130302.9603975604
6174,1129519.086221379
6175,1128732.0900120472
6176,1127941.978510111
6177,1127148.7588993663
6178,1126352.4416013607
6179,1125553.03114397
6180,1124750.5348901125
6181,1123944.9605353707
6182,1123136.3192008599
6183,1122324.6155067636
6184,1121509.8575114869
6185,1120692.0537029116
6186,1119871.2151057792
6187,1119047.3471129856
6188,1118220.4582664706
6189,1117390.5579261817
6190,1116557.6568243755
6191,1115721.7612063454
6192,1114882.8800850916
6193,1114041.0237716578
6194,1113196.2025096267
6195,1112348.4234756634
6196,1111497.696140864
6197,1110644.0318456604
6198,1109787.4401487915
6199,1108927.9292365692
6200,1108065.509024757
6201,1107200.1919607637
6202,1106331.986722413
6203,1105460.9025832394
6204,1104586.949889831
6205,1103710.1422734465
6206,1102830.4873351199
6207,1101947.9955124962
6208,1101062.6781806492
6209,1100174.5483952134
6210,1099283.614320483
6211,1098389.887022545
6212,1097493.3792034902
6213,1096594.102479514
6214,1095692.0663222368
6215,1094787.2821886393
6216,1093879.7641829383
6217,1092969.5222867308
6218,1092056.567354145
6219,1091140.9114245747
6220,1090222.5694589638
6221,1089301.5502294993
6222,1088377.8658407475
6223,1087451.530251897
6224,1086522.5566135722
6225,1085590.9546582238
6226,1084656.7368392106
6227,1083719.915694649
6228,1082780.5073034489
6229,1081838.521874787
6230,1080893.9712339477
6231,1079946.868248185
6232,1078997.226761791
6233,1078045.062441016
6234,1077090.3848521984
6235,1076133.2071758362
6236,1075173.542668247
6237,1074211.4075990098
6238,1073246.8139471693
6239,1072279.7736780194
6240,1071310.300341086
6241,1070338.4082508774
6242,1069364.1141758652
6243,1068387.4281023513
6244,1067408.3638569496
6245,1066426.935333035
6246,1065443.1595706
6247,1064457.0489138805
6248,1063468.6160490166
6249,1062477.875126253
6250,1061484.8415061317
6251,1060489.5316614413
6252,1059491.956575455
6253,1058492.1306391044
6254,1057490.068300973
6255,1056485.7879420014
6256,1055479.3008835719
6257,1054470.621104505
6258,1053459.7632738594
6259,1052446.7443648682
6260,1051431.5791742487
6261,1050414.280250315
6262,1049394.8624664778
6263,1048373.3415174906
6264,1047349.735368431
6265,1046324.0552666025
6266,1045296.3162737301
6267,1044266.5334961289
6268,1043234.7260773487
6269,1042200.9057770622
6270,1041165.0872678432
6271,1040127.2858244104
6272,1039087.5195781126
6273,1038045.8028161956
6274,1037002.1491772378
6275,1035956.5740885702
6276,1034909.0947962247
6277,1033859.7278137833
6278,1032808.4858730406
6279,1031755.3845383074
6280,1030700.4402964805
6281,1029643.671588114
6282,1028585.0903647466
6283,1027524.7123122038
6284,1026462.5532837191
6285,1025398.6333494078
6286,1024332.9638063827
6287,1023265.5604467152
6288,1022196.4390866818
6289,1021125.6197147077
6290,1020053.1145144752
6291,1018978.9388972821
6292,1017903.1087668582
6293,1016825.6437355325
6294,1015746.5569990732
6295,1014665.8635728126
6296,1013583.579433161
6297,1012499.7239394626
6298,1011414.3110090038
6299,1010327.3553846605
6300,1009238.8731010054
6301,1008148.8833867807
6302,1007057.4005924305
6303,1005964.4393111791
6304,1004870.0156214958
6305,1003774.1487431907
6306,1002676.8531737623
6307,1001578.1434788598
6308,1000478.0357668769
6309,999376.5493696238
6310,998273.698647856
6311,997169.4982610117
6312,996063.9643337198
6313,994957.116429992
6314,993848.9684924006
6315,992739.5353948084
6316,991628.8332647034
6317,990516.8820177481
6318,989403.6948993041
6319,988289.2871175619
6320,987173.6747897946
6321,986056.8783020278
6322,984938.9099258342
6323,983819.7853228856
6324,982699.5207521303
6325,981578.136694037
6326,980455.6446661738
6327,979332.0607374815
6328,978207.4018655389
6329,977081.6870343584
6330,975954.9284440402
6331,974827.1421190862
6332,973698.3458323474
6333,972568.5568017102
6334,971437.7880269075
6335,970306.0554762005
6336,969173.377853569
6337,968039.7703437088
6338,966905.2468623158
6339,965769.8233099667
6340,964633.5194368497
6341,963496.3481300286
6342,962358.3243367209
6343,961219.464216578
6344,960079.7876667338
6345,958939.3060284005
6346,957798.0350572289
6347,956655.9921809426
6348,955513.1944979763
6349,954369.6546037338
6350,953225.388156566
6351,952080.4139651726
6352,950934.7460722124
6353,949788.3984406659
6354,948641.3866215061
6355,947493.7309165109
6356,946345.4420582121
6357,945196.5354897449
6358,944047.028340129
6359,942896.9374301254
6360,941746.2750159156
6361,940595.0564374332
6362,939443.3005333126
6363,938291.0203310584
6364,937138.2297843734
6365,935984.9447603936
6366,934831.1839361151
6367,933676.9582801415
6368,932522.2828936534
6369,931367.1755673661
6370,930211.6507104862
6371,929055.7212039328
6372,927899.4020661297
6373,926742.7129237177
6374,925585.6638723246
6375,924428.2697486768
6376,923270.5477061153
6377,922112.5126376698
6378,920954.1767634354
6379,919795.554758258
6380,918636.6660172626
6381,917477.5204630147
6382,916318.1325474095
6383,915158.5191921776
6384,913998.6948918573
6385,912838.6716128949
6386,911678.4638968084
6387,910518.0906118413
6388,909357.5613324259
6389,908196.8902972828
6390,907036.094597418
6391,905875.1874622647
6392,904714.1810069107
6393,903553.0901349152
6394,902391.9320378965
6395,901230.7166322912
6396,900069.45782721
6397,898908.1732788442
6398,897746.8741007232
6399,896585.5729538742
6400,895424.2854975723
6401,894263.0264029703
6402,893101.8063235591
6403,891940.6390124228
6404,890779.5425075601
6405,889618.5255458996
6406,888457.6015352207
6407,887296.7872790801
6408,886136.094100235
6409,884975.5337791605
6410,883815.122483564
6411,882654.8751688934
6412,881494.8001411632
6413,880334.9104384935
6414,879175.2190450673
6415,878015.7404345039
6416,876856.4921629666
6417,875697.4808207365
6418,874538.7191736184
6419,873380.219932198
6420,872221.9962274774
6421,871064.0674932003
6422,869906.4389563209
6423,868749.1231041666
6424,867592.1323676875
6425,866435.4791212399
6426,865279.1832482271
6427,864123.2496745602
6428,862967.6903658535
6429,861812.5174680083
6430,860657.7430693196
6431,859503.3864197279
6432,858349.4528666647
6433,857195.9537235737
6434,856042.9008464923
6435,854890.3060329646
6436,853738.1882406935
6437,852586.5525419465
6438,851435.409940099
6439,850284.7719971129
6440,849134.6502156795
6441,847985.0635991499
6442,846836.016256353
6443,845687.5192193688
6444,844539.5837524298
6445,843392.2214322123
6446,842245.4505251333
6447,841099.274613847
6448,839953.7047221498
6449,838808.7518134586
6450,837664.4281620362
6451,836520.7497487151
6452,835377.7208383556
6453,834235.3521518469
6454,833093.6543492252
6455,831952.6407305561
6456,830812.3243267962
6457,829672.7104140434
6458,828533.8094081403
6459,827395.6316637043
6460,826258.1923562018
6461,825121.5008137072
6462,823985.5632205858
6463,822850.3896859811
6464,821715.990257546
6465,820582.3769614057
6466,819449.564522897
6467,818317.5559560425
6468,817186.3610621355
6469,816055.9895807983
6470,814926.4511899628
6471,813797.7640311482
6472,812669.9295005758
6473,811542.9567157389
6474,810416.8551076213
6475,809291.6340454494
6476,808167.3093877861
6477,807043.8861894234
6478,805921.3712657967
6479,804799.7737390824
6480,803679.1026697138
6481,802559.3720497204
6482,801440.5897590418
6483,800322.7607283161
6484,799205.8937711663
6485,798089.9976395689
6486,796975.084870949
6487,795861.1653471766
6488,794748.2425268664
6489,793636.3249157323
6490,792525.4209580217
6491,791415.5421440026
6492,790306.6995444366
6493,789198.8955541558
6494,788092.1383720065
6495,786986.436135612
6496,785881.7996910072
6497,784778.2404949621
6498,783675.7602822476
6499,782574.3669462281
6500,781474.0683193734
6501,780374.8750019005
6502,779276.7980438019
6503,778179.838918968
6504,777084.0052170258
6505,775989.3044670884
6506,774895.7474174513
6507,773803.3439286073
6508,772712.0956082055
6509,771622.0097441912
6510,770533.0935644531
6511,769445.3589744719
6512,768358.8139914164
6513,767273.4600068419
6514,766189.3040093862
6515,765106.352928136
6516,764024.6136327311
6517,762944.1018981279
6518,761864.8169462398
6519,760786.7640234547
6520,759709.9497627749
6521,758634.38073833
6522,757560.0668140164
6523,756487.0181748628
6524,755415.2341321666
6525,754344.7210258212
6526,753275.4851374795
6527,752207.5326906784
6528,751140.8785676518
6529,750075.521882275
6530,749011.4669515106
6531,747948.7197678074
6532,746887.2862661852
6533,745827.1765112913
6534,744768.3984130559
6535,743710.9514485673
6536,742654.8413245844
6537,741600.073691161
6538,740546.654319926
6539,739494.5988778378
6540,738443.902527491
6541,737394.5706936689
6542,736346.6087452263
6543,735300.0219952388
6544,734254.8229606487
6545,733211.012920592
6546,732168.5936747794
6547,731127.5703148167
6548,730087.9478773471
6549,729049.7350898356
6550,728012.9400067971
6551,726977.5606176661
6552,725943.601740941
6553,724911.0681410038
6554,723879.9652734983
6555,722850.3069449731
6556,721822.087852991
6557,720795.3125472398
6558,719769.9855241703
6559,718746.11122718
6560,717723.7029600801
6561,716702.7578850398
6562,715683.2785392923
6563,714665.2691558371
6564,713648.7339155285
6565,712633.6838885483
6566,711620.1199408596
6567,710608.0423574304
6568,709597.4551124235
6569,708588.3621287907
6570,707580.7727417083
6571,706574.6905370811
6572,705570.1140469025
6573,704567.046991225
6574,703565.4930398541
6575,702565.4602855619
6576,701566.954062765
6577,700569.9716437072
6578,699574.5164991757
6579,698580.5920506866
6580,697588.2056352322
6581,696597.3633765797
6582,695608.0617744594
6583,694620.3040553231
6584,693634.0933973492
6585,692649.4368624758
6586,691666.340416757
6587,690684.8002687072
6588,689704.8194054627
6589,688726.4007668957
6590,687749.5516147687
6591,686774.2768222946
6592,685800.5727822094
6593,684828.4422474168
6594,683857.8879245877
6595,682888.91774443
6596,681921.5345639286
6597,680955.735429688
6598,679991.5228655306
6599,679028.8993500797
6600,678067.8739464233
6601,677108.4465835021
6602,676150.6154257152
6603,675194.3827730017
6604,674239.7508811489
6605,673286.7304034557
6606,672335.3174403548
6607,671385.5117323486
6608,670437.3153607317
6609,669490.7303636959
6610,668545.769437064
6611,667602.4239634763
6612,666660.6957122886
6613,665720.5865514209
6614,664782.1008512252
6615,663845.2461634965
6616,662910.0159081817
6617,661976.4117863184
6618,661044.4354577418
6619,660114.0942077143
6620,659185.3891531726
6621,658258.3166161698
6622,657332.8780938983
6623,656409.0750434139
6624,655486.9181015606
6625,654566.4010926296
6626,653647.5236778181
6627,652730.2871557862
6628,651814.6950746446
6629,650900.7549887286
6630,649988.459447859
6631,649077.8095956924
6632,648168.8065376575
6633,647261.4580164377
6634,646355.7626356803
6635,645451.7171280624
6636,644549.3224482548
6637,643648.5800440755
6638,642749.500683593
6639,641852.0747827545
6640,640956.3031488538
6641,640062.1865528541
6642,639169.7314615231
6643,638278.9380713888
6644,637389.801806279
6645,636502.3232939943
6646,635616.5034834204
6647,634732.3532035912
6648,633849.862339297
6649,632969.0313785326
6650,632089.8607748493
6651,631212.3573024629
6652,630336.5196338638
6653,629462.3434686614
6654,628589.8291247728
6655,627718.9786191097
6656,626849.7997573956
6657,625982.2834614293
6658,625116.4299168069
6659,624252.239276551
6660,623389.7201719321
6661,622528.8667015866
6662,621669.6763916332
6663,620812.1492668872
6664,619956.2899460181
6665,619102.1001931409
6666,618249.5735018434
6667,617398.7097720032
6668,616549.5101476401
6669,615701.9848413289
6670,614856.1220013655
6671,614011.9214059372
6672,613169.3828033014
6673,612328.507188184
6674,611489.3046462531
6675,610651.763153264
6676,609815.8823397928
6677,608981.6618074806
6678,608149.1029702338
6679,607318.2146645264
6680,606488.9852623525
6681,605661.414251641
6682,604835.5010923733
6683,604011.2481793701
6684,603188.6619909434
6685,602367.7318573451
6686,601548.4571287599
6687,600730.8371283946
6688,599914.8757871405
6689,599100.5761291996
6690,598287.9289984739
6691,597476.9336122444
6692,596667.5891617704
6693,595859.9016627156
6694,595053.8696019545
6695,594249.4858859555
6696,593446.7496038629
6697,592645.6598197466
6698,591846.225176456
6699,591048.4385527335
6700,590252.2954601983
6701,589457.7948645612
6702,588664.9357073903
6703,587873.7297949767
6704,587084.1633392525
6705,586296.2349933864
6706,585509.9436042807
6707,584725.2915655483
6708,583942.283667395
6709,583160.9091178568
6710,582381.1666720854
6711,581603.0550627336
6712,580826.5808771292
6713,580051.7402024001
6714,579278.5264187194
6715,578506.9381705732
6716,577736.9740808331
6717,576968.6454493611
6718,576201.9386358875
6719,575436.851711562
6720,574673.3832146195
6721,573911.5364815553
6722,573151.3135809909
6723,572392.7045888862
6724,571635.7079616083
6725,570880.322135468
6726,570126.5561564264
6727,569374.4003951298
6728,568623.8506155625
6729,567874.9051755744
6730,567127.5660862336
6731,566381.8375882509
6732,565637.7083791795
6733,564895.1767410887
6734,564154.2409374983
6735,563414.9096648514
6736,562677.1735366893
6737,561941.0279144726
6738,561206.4709892236
6739,560473.5053307185
6740,559742.1336237037
6741,559012.3450715953
6742,558284.1377955007
6743,557557.5098994324
6744,556832.4715943052
6745,556109.01004813
6746,555387.1220838106
6747,554666.8057386053
6748,553948.06598535
6749,553230.9003031573
6750,552515.3002454931
6751,551801.2637853476
6752,551088.7910779633
6753,550377.8890799496
6754,549668.5444958356
6755,548960.7552367765
6756,548254.5191988315
6757,547549.8455639436
6758,546846.7230313347
6759,546145.1473100958
6760,545445.1162374337
6761,544746.6350378763
6762,544049.7001841277
6763,543354.3033962991
6764,542660.4424550876
6765,541968.1194573413
6766,541277.3384595191
6767,540588.0865587624
6768,539900.3614815562
6769,539214.1609411688
6770,538529.4916901194
6771,537846.3483052852
6772,537164.7225098414
6773,536484.6119656467
6774,535806.0143220323
6775,535128.9415868901
6776,534453.3776684927
6777,533779.319515757
6778,533106.7647293402
6779,532435.7164849918
6780,531766.1773272225
6781,531098.1342575294
6782,530431.5848300408
6783,529766.5265875568
6784,529102.9643128531
6785,528440.8972043941
6786,527780.3138332628
6787,527121.2116983379
6788,526463.5882878187
6789,525807.450681409
6790,525152.7933613018
6791,524499.6071581468
6792,523847.8895187622
6793,523197.6378799091
6794,522548.86230149167
6795,521901.5511922437
6796,521255.698325703
6797,520611.30109972175
6798,519968.3569351343
6799,519326.87945161975
6800,518686.8497371516
6801,518048.2651526039
6802,517411.1230498787
6803,516775.4251384358
6804,516141.17636369384
6805,515508.3620651743
6806,514876.9795601508
6807,514247.02615750587
6808,513618.5085199656
6809,512991.4215981397
6810,512365.75564769894
6811,511741.5079451835
6812,511118.6757593027
6813,510497.271364847
6814,509877.2784085298
6815,509258.6927209067
6816,508641.5115405611
6817,508025.73694712593
6818,507411.37293563684
6819,506798.40509585454
6820,506186.83063796343
6821,505576.6467652931
6822,504967.8624314727
6823,504360.4678183369
6824,503754.4553524881
6825,503149.82221095596
6826,502546.5683177527
6827,501944.7018829424
6828,501344.20625823847
6829,500745.0785960097
6830,500147.3160426889
6831,499550.92663704837
6832,498955.9023083062
6833,498362.2344857023
6834,497769.92029299476
6835,497178.959884739
6836,496589.36093803437
6837,496001.1069529193
6838,495414.19503202115
6839,494828.6222728994
6840,494244.39816571673
6841,493661.5116782484
6842,493079.9556087345
6843,492499.72703548224
6844,491920.82869075815
6845,491343.26304751093
6846,490767.0161013027
6847,490192.08491264365
6848,489618.4665377958
6849,489046.174246798
6850,488475.1894115088
6851,487905.50852759596
6852,487337.1286352935
6853,486770.05735503725
6854,486204.2873567069
6855,485639.809441705
6856,485076.6206356106
6857,484514.72343412455
6858,483954.12075935415
6859,483394.79824342555
6860,482836.7528985962
6861,482279.98261666443
6862,481724.4995341518
6863,481170.2846348419
6864,480617.3349189711
6865,480065.6473839447
6866,479515.2327728197
6867,478966.0775158681
6868,478418.17540994857
6869,477871.5234420201
6870,477326.1288265623
6871,476781.9850661314
6872,476239.08238454786
6873,475697.4177595378
6874,475156.99538623483
6875,474617.8148245749
6876,474079.86323462
6877,473543.1375860506
6878,473007.63956024987
6879,472473.3737668073
6880,471940.3248076584
6881,471408.4896455867
6882,470877.86795028846
6883,470348.468380262
6884,469820.2734813994
6885,469293.2802107061
6886,468767.4867248056
6887,468242.90473716625
6888,467719.5152362616
6889,467197.31517440034
6890,466676.30169040203
6891,466156.4885653823
6892,465637.85572565516
6893,465120.40011988214
6894,464604.1186959509
6895,464089.02531714994
6896,463575.10034420347
6897,463062.3403882846
6898,462550.74239490577
6899,462040.320235754
6900,461531.05429390416
6901,461022.9411443196
6902,460515.97781189607
6903,460010.1784201758
6904,459505.52264828084
6905,459002.0074399267
6906,458499.63075160846
6907,457998.404887752
6908,457498.3104145459
6909,456999.3442759486
6910,456501.50583993836
6911,456004.80463487894
6912,455509.22259382455
6913,455014.75666187657
6914,454521.408095567
6915,454029.1826957962
6916,453538.0642394647
6917,453048.0496736847
6918,452559.1426178871
6919,452071.34419948974
6920,451584.6405134774
6921,451099.0285098141
6922,450614.51464253315
6923,450131.0944247593
6924,449648.75674114807
6925,449167.4985453264
6926,448687.3295950788
6927,448208.2388534697
6928,447730.21846384066
6929,447253.26538426685
6930,446777.39314295957
6931,446302.5832220329
6932,445828.8314900452
6933,445356.1380004886
6934,444884.5112456493
6935,444413.93357115344
6936,443944.40194469003
6937,443475.9210703674
6938,443008.49020312424
6939,442542.0962938746
6940,442076.73631678
6941,441612.42008613684
6942,441149.13670266536
6943,440686.8781819658
6944,440225.64205572085
6945,439765.4420547428
6946,439306.2578640116
6947,438848.08647067455
6948,438390.93138296175
6949,437934.79444842733
6950,437479.6612829188
6951,437025.5288818839
6952,436572.4071832189
6953,436120.28524710046
6954,435669.15507314313
6955,435219.01548857085
6956,434769.8778435603
6957,434321.7229791765
6958,433874.54790689936
6959,433428.36388895946
6960,432983.16769499425
6961,432538.9423400294
6962,432095.6848455508
6963,431653.392235599
6964,431212.0615368033
6965,430771.7157174304
6966,430332.32829698175
6967,429893.89388177113
6968,429456.4095092624
6969,429019.87221967726
6970,428584.28984768025
6971,428149.66633908194
6972,427715.98104960506
6973,427283.2310309612
6974,426851.41333777655
6975,426420.52502762503
6976,425990.58880704
6977,425561.5790474902
6978,425133.4898608489
6979,424706.31831692223
6980,424280.06148861325
6981,423854.72985904507
6982,423430.3224109407
6983,423006.82091555843
6984,422584.2224586166
6985,422162.5241290734
6986,421741.7255671411
6987,421321.8476079343
6988,420902.8610625954
6989,420484.76303345297
6990,420067.5506262086
6991,419651.22094996355
6992,419235.7931294132
6993,418821.2492098918
6994,418407.57936972106
6995,417994.7807319986
6996,417582.85042334715
6997,417171.7995750657
6998,416761.62639064976
6999,416352.3129373284
7000,415943.8563562096
7001,415536.2537920463
7002,415129.5097345116
7003,414723.63584363885
7004,414318.60742720636
7005,413914.42164491484
7006,413511.07566022204
7007,413108.56876446435
7008,412706.9246435438
7009,412306.11183492857
7010,411906.12751746527
7011,411506.9688738662
7012,411108.6330907259
7013,410711.13835544686
7014,410314.4707640456
7015,409918.61761848466
7016,409523.5761212368
7017,409129.3434787582
7018,408735.9274759246
7019,408343.3352046172
7020,407951.54343399993
7021,407560.5493867883
7022,407170.3502897708
7023,406780.9449839173
7024,406392.3586412414
7025,406004.558956605
7026,405617.54317341227
7027,405231.3085392282
7028,404845.8523057966
7029,404461.19711201766
7030,404077.32074365916
7031,403694.2145598892
7032,403311.87582946254
7033,402930.30182539107
7034,402549.5092637844
7035,402169.48797181324
7036,401790.2232546962
7037,401411.7124027658
7038,401033.95271068416
7039,400656.9581167091
7040,400280.7278220897
7041,399905.240602071
7042,399530.49376893544
7043,399156.48463936686
7044,398783.21053446305
7045,398410.69672884047
7046,398038.9199971395
7047,397667.8702851896
7048,397297.54493202356
7049,396927.9412811504
7050,396559.06253613957
7051,396190.9298429879
7052,395823.5109152202
7053,395456.80311452376
7054,395090.8038071189
7055,394725.5103637723
7056,394360.9413493608
7057,393997.0874370455
7058,393633.9315346103
7059,393271.471031262
7060,392909.7033208074
7061,392548.62857021356
7062,392188.2744799617
7063,391828.60539825505
7064,391469.61873754126
7065,391111.3119149132
7066,390753.6823521209
7067,390396.7495585672
7068,390040.5028031159
7069,389684.92560787266
7070,389330.0154134463
7071,388975.76966514287
7072,388622.19310397044
7073,388269.30476919195
7074,387917.0732522414
7075,387565.4960174475
7076,387214.5705338767
7077,386864.294275339
7078,386514.69526679075
7079,386165.7462361443
7080,385817.4388885761
7081,385469.7707170937
7082,385122.7392194828
7083,384776.361241916
7084,384430.63210547046
7085,384085.5321734792
7086,383741.05896305403
7087,383397.20999611553
7088,383053.9926391489
7089,382711.4214089062
7090,382369.4670257271
7091,382028.1270309712
7092,381687.39897083625
7093,381347.28242216894
7094,381007.8077179833
7095,380668.93762539193
7096,380330.6697101315
7097,379993.00154279696
7098,379655.9306988478
7099,379319.4876448379
7100,378983.6411963723
7101,378648.38483677723
7102,378313.7161611548
7103,377979.63276949024
7104,377646.160857798
7105,377313.278021551
7106,376980.9733088518
7107,376649.24433939863
7108,376318.0887377902
7109,375987.5300948768
7110,375657.55145588535
7111,375328.13909867883
7112,374999.29066762805
7113,374671.0038120169
7114,374343.30117525277
7115,374016.1679374974
7116,373689.5892636731
7117,373363.56282288267
7118,373038.0862891541
7119,372713.18300884083
7120,372388.8369968727
7121,372065.03395516594
7122,371741.7715776032
7123,371419.0475629997
7124,371096.88760401716
7125,370775.2712642293
7126,370454.186425424
7127,370133.63080629735
7128,369813.6021304829
7129,369494.13259085297
7130,369175.19198662083
7131,368856.77153960196
7132,368538.8689933365
7133,368221.48209630547
7134,367904.63340855733
7135,367588.3122595347
7136,367272.5000486297
7137,366957.19454423594
7138,366642.39351968776
7139,366328.1117886336
7140,366014.35443824995
7141,365701.09493158205
7142,365388.3310618722
7143,365076.0606273016
7144,364764.2925729793
7145,364453.0439884507
7146,364142.2822778879
7147,363832.0052593689
7148,363522.21075590595
7149,363212.9037136986
7150,362904.10948574997
7151,362595.79128657724
7152,362287.94695906766
7153,361980.574351037
7154,361673.67627151264
7155,361367.28261383646
7156,361061.35426415934
7157,360755.8890901438
7158,360450.88496437203
7159,360146.34441285196
7160,359842.29816130846
7161,359538.7066212061
7162,359235.56768493605
7163,358932.8792498015
7164,358630.6454056794
7165,358328.8940172554
7166,358027.5868676903
7167,357726.7218740525
7168,357426.29695830855
7169,357126.3196141206
7170,356826.8111656552
7171,356527.7366071571
7172,356229.09388030716
7173,355930.8809316741
7174,355633.1104919443
7175,355335.7936786393
7176,355038.9005297707
7177,354742.42901156377
7178,354446.3770951152
7179,354150.7645749781
7180,353855.5887086979
7181,353560.82640431594
7182,353266.4756525232
7183,352972.5344488664
7184,352679.03147248534
7185,352385.946479861
7186,352093.26506918506
7187,351800.98525552836
7188,351509.1050587995
7189,351217.66385758534
7190,350926.62027793797
7191,350635.9704224341
7192,350345.7123304322
7193,350055.8544029397
7194,349766.4174567595
7195,349477.36643984186
7196,349188.69941093365
7197,348900.41443358356
7198,348612.534025094
7199,348325.0510384864
7200,348037.94434206554
7201,347751.2120186837
7202,347464.85215597635
7203,347178.90318564104
7204,346893.3264010748
7205,346608.1163883569
7206,346323.27125433687
7207,346038.80308097973
7208,345754.72609650483
7209,345471.0083597263
7210,345187.6479966363
7211,344904.64313796733
7212,344622.03616844356
7213,344339.79562810314
7214,344057.9050398334
7215,343776.36255345744
7216,343495.1663235148
7217,343214.3145092562
7218,342933.8484623292
7219,342653.7392085302
7220,342373.9689040625
7221,342094.5357271464
7222,341815.43786068994
7223,341536.67349228146
7224,341258.28668250755
7225,340980.2434592058
7226,340702.52835304424
7227,340425.13957045594
7228,340148.0753225301
7229,339871.33382500533
7230,339594.965574277
7231,339318.9241468186
7232,339043.2001737241
7233,338767.79188944754
7234,338492.6975330645
7235,338217.91753356374
7236,337943.50597967126
7237,337669.4031279273
7238,337395.60723601177
7239,337122.1165661995
7240,336848.9293853548
7241,336576.059632044
7242,336303.53479631693
7243,336031.3083075803
7244,335759.3784511654
7245,335487.743516964
7246,335216.40179942356
7247,334945.38443104865
7248,334674.6849348882
7249,334404.2735965539
7250,334134.1487288182
7251,333864.3086489815
7252,333594.7516788636
7253,333325.5298166229
7254,333056.5952752888
7255,332787.9388673397
7256,332519.55893277674
7257,332251.45381609397
7258,331983.6385016127
7259,331716.1396067435
7260,331448.9106216919
7261,331181.9499090103
7262,330915.255835712
7263,330648.82677326485
7264,330382.7055384987
7265,330116.86350547994
7266,329851.28165654204
7267,329585.95838106493
7268,329320.89207285194
7269,329056.09482778265
7270,328791.5998381308
7271,328527.3570562217
7272,328263.36489364406
7273,327999.6217663809
7274,327736.1260948017
7275,327472.9247259976
7276,327209.9817719353
7277,326947.2815940823
7278,326684.82263044134
7279,326422.60332337127
7280,326160.64604319836
7281,325898.96423140547
7282,325637.51746290765
7283,325376.3041975696
7284,325115.3228995797
7285,324854.5744122336
7286,324594.11560676404
7287,324333.884221082
7288,324073.8787367525
7289,323814.097639632
7290,323554.53941986355
7291,323295.2497949346
7292,323036.19631034456
7293,322777.361233735
7294,322518.7430724693
7295,322260.34033816424
7296,322002.1833978345
7297,321744.2708733913
7298,321486.5693711761
7299,321229.0774198966
7300,320971.79355248186
7301,320714.73570244346
7302,320457.92773391464
7303,320201.32350866334
7304,319944.92157657765
7305,319688.7204917344
7306,319432.72866073716
7307,319176.9893765197
7308,318921.4466626081
7309,318666.0990899078
7310,318410.9452334803
7311,318155.9868695178
7312,317901.28092654026
7313,317646.76448605326
7314,317392.43613981426
7315,317138.29448370583
7316,316884.3381177285
7317,316630.63012979063
7318,316377.1052484075
7319,316123.7615184764
7320,315870.59755653533
7321,315617.61198320845
7322,315364.8673322462
7323,315112.29981512774
7324,314859.9066100043
7325,314607.6863539074
7326,314355.6382137623
7327,314103.825459703
7328,313852.1816273668
7329,313600.7053700852
7330,313349.3953452166
7331,313098.2555794713
7332,312847.33999740245
7333,312596.58668160875
7334,312345.9943056184
7335,312095.56154695543
7336,311845.30014189647
7337,311595.24896967225
7338,311345.35350930656
7339,311095.612454361
7340,310846.0245023605
7341,310596.61194025434
7342,310347.3929195712
7343,310098.32315653906
7344,309849.4013645905
7345,309600.62626109004
7346,309352.0335162789
7347,309103.6148885742
7348,308855.33916370466
7349,308607.2050748115
7350,308359.21135893615
7351,308111.40989393234
7352,307863.7603963015
7353,307616.247545265
7354,307368.870093513
7355,307121.6314179476
7356,306874.588559186
7357,306627.6774203097
7358,306380.89676955284
7359,306134.2453789925
7360,305887.7481428793
7361,305641.4194398673
7362,305395.2163759642
7363,305149.13773866324
7364,304903.18231926986
7365,304657.3993294553
7366,304411.75488560216
7367,304166.2300963961
7368,303920.8237684318
7369,303675.5437937372
7370,303430.43924883206
7371,303185.4496478464
7372,302940.57381256286
7373,302695.8105685192
7374,302451.19738711556
7375,302206.72455813736
7376,301962.36086004035
7377,301718.1051334258
7378,301473.9581866259
7379,301229.98395548126
7380,300986.1142807115
7381,300742.3480178794
7382,300498.68402624846
7383,300255.15792483184
7384,300011.7643995554
7385,299768.469786484
7386,299525.2729597198
7387,299282.17750156927
7388,299039.2424903792
7389,298796.40195107326
7390,298553.65477249504
7391,298310.9998471333
7392,298068.48076954496
7393,297826.0769644504
7394,297583.7621534211
7395,297341.5352435651
7396,297099.4123897379
7397,296857.4282141644
7398,296615.528724519
7399,296373.7128424327
7400,296131.9794931294
7401,295890.39001632645
7402,295648.88903481007
7403,295407.467425278
7404,295166.1241273572
7405,294924.8976094688
7406,294683.7785541872
7407,294442.73469296895
7408,294201.76497974887
7409,293960.8871484466
7410,293720.1336673263
7411,293479.4512596195
7412,293238.8388934766
7413,292998.29569837725
7414,292757.8916676421
7415,292517.5546465636
7416,292277.28361741314
7417,292037.0775659574
7418,291796.99075129605
7419,291556.98327637033
7420,291317.03780016187
7421,291077.1533224437
7422,290837.3700112459
7423,290597.67646690994
7424,290358.04098413326
7425,290118.46257660637
7426,289878.9694313468
7427,289639.5744254679
7428,289400.2335996775
7429,289160.94598149165
7430,288921.72988050594
7431,288682.6182429128
7432,288443.55695925985
7433,288204.54507079953
7434,287965.593106882
7435,287726.7498879117
7436,287487.9532516951
7437,287249.2022531338
7438,287010.50173214707
7439,286771.9122012038
7440,286533.3655364347
7441,286294.86080630275
7442,286056.39924579434
7443,285818.0488899249
7444,285579.73773790355
7445,285341.4648716701
7446,285103.22999950306
7447,284865.10452198697
7448,284627.01463989983
7449,284388.9594485715
7450,284150.9392015655
7451,283913.0245205203
7452,283675.1418800454
7453,283437.290388778
7454,283199.47386033623
7455,282961.77484573616
7456,282724.10438120685
7457,282486.46158862347
7458,282248.84559314075
7459,282011.2667528463
7460,281773.7950039379
7461,281536.3475025645
7462,281298.92338701576
7463,281061.5217988356
7464,280824.1636672635
7465,280586.89825932455
7466,280349.65287836746
7467,280112.42667897104
7468,279875.2188189434
7469,279638.0667674821
7470,279400.9922508255
7471,279163.93362494005
7472,278926.8900605722
7473,278689.86073167436
7474,278452.87700889236
7475,278215.9733174967
7476,277979.08146139333
7477,277742.2006273753
7478,277505.330005418
7479,277268.4992795419
7480,277031.74674895144
7481,276795.0020782883
7482,276558.26447027153
7483,276321.53313078
7484,276084.8404514057
7485,275848.21981562715
7486,275611.603143916
7487,275374.9896548002
7488,275138.3785699451
7489,274901.8093650396
7490,274665.30175349064
7491,274428.79428905674
7492,274192.2862059585
7493,273955.7767415333
7494,273719.3168144751
7495,273482.9037489796
7496,273246.4870919662
7497,273010.0660932363
7498,272773.64000568487
7499,272537.278325745
7500,272300.9459373271
7501,272064.6062989542
7502,271828.2586758973
7503,271591.902336501
7504,271355.60662315995
7505,271119.33730358747
7506,270883.0571528356
7507,270646.76545153616
7508,270410.4614833737
7509,270174.2188288674
7510,269937.99535916955
7511,269701.7575537253
7512,269465.50470842066
7513,269229.2361221743
7514,268993.03397363075
7515,268756.8395218117
7516,268520.62730579363
7517,268284.3966366119
7518,268048.1468283135
7519,267811.9729850977
7520,267575.7911039537
7521,267339.58810573875
7522,267103.3633165346
7523,266867.12031861884
7524,266630.95867659
7525,266394.7733016269
7526,266158.56353177986
7527,265922.3287080751
7528,265686.0933379024
7529,265449.91573643085
7530,265213.71118389274
7531,264977.4790332028
7532,264741.21864023554
7533,264504.97965778963
7534,264268.7707178565
7535,264032.5316828663
7536,263796.26192050276
7537,263559.96080139035
7538,263323.7073093254
7539,263087.452029548
7540,262851.1635843723
7541,262614.84135615634
7542,262378.4868602046
7543,262142.2061718173
7544,261905.88992682757
7545,261669.5375192667
7546,261433.14834607395
7547,261196.76093005732
7548,260960.40796460575
7549,260724.01650356708
7550,260487.58595548043
7551,260251.11573177643
7552,260014.68543208585
7553,259778.24623959805
7554,259541.7656848632
7555,259305.24319084018
7556,259068.69077723997
7557,258832.19537166052
7558,258595.65637461867
7559,258359.07322054298
7560,258122.44534672407
7561,257885.83325395116
7562,257649.22757533865
7563,257412.57556764316
7564,257175.8766795585
7565,256939.1303626232
7566,256702.4494955186
7567,256465.72058841455
7568,256228.94268566553
7569,255992.11525014453
7570,255755.29309210012
7571,255518.47927483046
7572,255281.61439174568
7573,255044.69791700025
7574,254807.7303249573
7575,254570.82376557088
7576,254333.8641150624
7577,254096.8508588157
7578,253859.78348502095
7579,253622.72689075972
7580,253385.66486340805
7581,253148.54726083344
7582,252911.3735823913
7583,252674.16216860767
7584,252436.99033175994
7585,252199.7609945836
7586,251962.4736675498
7587,251725.12786391168
7588,251487.8148989761
7589,251250.46661459212
7590,251013.05847048163
7591,250775.58999095243
7592,250538.11362452497
7593,250300.63935512773
7594,250063.10340004944
7595,249825.50529460545
7596,249587.8622452589
7597,249350.25512698796
7598,249112.58454079452
7599,248874.85003295468
7600,248637.05115249119
7601,248399.2905143256
7602,248161.4786497756
7603,247923.60113576852
7604,247685.65753223118
7605,247447.72277151223
7606,247209.76315344818
7607,246971.7362013923
7608,246733.64148613135
7609,246495.529820043
7610,246257.41614458148
7611,246019.23349367996
7612,245780.98144894076
7613,245542.69024547984
7614,245304.41637921604
7615,245066.07193896425
7616,244827.65651710075
7617,244589.18329443428
7618,244350.74327365926
7619,244112.23112306662
7620,243873.6464457627
7621,243634.98887158604
7622,243396.37690151916
7623,243157.69128834293
7624,242918.93164585382
7625,242680.09759053425
7626,242441.29799077794
7627,242202.4333307702
7628,241963.49318116985
7629,241724.4771691014
7630,241485.48792090145
7631,241246.43879707114
7632,241007.31276552
7633,240768.10946397352
7634,240528.92871999418
7635,240289.68988187893
7636,240050.37275989653
7637,239810.97700233595
7638,239571.60306198138
7639,239332.1694249329
7640,239092.6561696878
7641,238853.06295506124
7642,238613.49426383607
7643,238373.86090831735
7644,238134.14664192725
7645,237894.35113397197
7646,237654.58628284046
7647,237414.74845373555
7648,237174.82846258164
7649,236934.82754851456
7650,236694.8637138856
7651,236454.81681982114
7652,236214.68655387106
7653,235974.48793565008
7654,235734.31178680525
7655,235494.0513994837
7656,235253.70647162697
7657,235013.3091337567
7658,234772.91636374607
7659,234532.43821728838
7660,234291.8744026836
7661,234051.27747277616
7662,233810.66393657163
7663,233569.9639268737
7664,233329.1771623086
7665,233088.37991044534
7666,232847.54162430458
7667,232606.615808403
7668,232365.60219166084
7669,232124.6040297587
7670,231883.53717059904
7671,231642.38176604875
7672,231401.14786433402
7673,231159.93803646512
7674,230918.63894124803
7675,230677.25032550757
7676,230435.8153791429
7677,230194.3707565964
7678,229952.83592172217
7679,229711.2106315525
7680,229469.57443626705
7681,229227.89163403
7682,228986.11771474138
7683,228744.2524456123
7684,228502.41493663052
7685,228260.4907280788
7686,228018.47453787597
7687,227776.40348730283
7688,227534.3273947964
7689,227292.15871111795
7690,227049.89722118346
7691,226807.67047167302
7692,226565.41543677973
7693,226323.06704298168
7694,226080.62508520964
7695,225838.0893609534
7696,225595.47919446765
7697,225352.94873569126
7698,225110.32399433345
7699,224867.60477785981
7700,224624.79089628885
7701,224381.88216218993
7702,224138.99341553307
7703,223896.08858078645
7704,223653.08842118338
7705,223409.99275922534
7706,223166.80141995853
7707,222923.54093536123
7708,222680.35256041962
7709,222437.0680720247
7710,222193.68730511956
7711,221950.2100971836
7712,221706.63628823368
7713,221463.10911013794
7714,221219.53720466347
7715,220975.8683053743
7716,220732.1022621428
7717,220488.23892737032
7718,220244.3528184414
7719,220000.490703606
7720,219756.53094025975
7721,219512.47339062448
7722,219268.31791944616
7723,219024.0796782577
7724,218779.92485642442
7725,218535.67179174954
7726,218291.32035876586
7727,218046.87043452365
7728,217802.32189859057
7729,217557.83734672578
7730,217313.28883652922
7731,217068.64143609416
7732,216823.8950347362
7733,216579.04952428277
7734,216334.2272471483
7735,216089.38143900127
7736,215844.43627854547
7737,215599.39166732322
7738,215354.2475093825
7739,215109.09501243447
7740,214863.95034437682
7741,214618.70592157
7742,214373.36165774646
7743,214127.91746913796
7744,213882.4424725625
7745,213636.99767181854
7746,213391.45277329214
7747,213145.8077028674
7748,212900.06238892346
7749,212654.27282593088
7750,212408.52690764412
7751,212162.68060772508
7752,211916.73386417504
7753,211670.68661748452
7754,211424.59063259955
7755,211178.54289857612
7756,210932.39455803696
7757,210686.14556106427
7758,210439.79586022437
7759,210193.40180757205
7760,209947.05184503674
7761,209700.60110985197
7762,209454.04956414682
7763,209207.39717252884
7764,208960.71361411095
7765,208714.06129447644
7766,208467.30809459597
7767,208220.45398860992
7768,207973.49895313353
7769,207726.53465710426
7770,207479.58013474627
7771,207232.52468287153
7772,206985.36828759854
7773,206738.11093751522
7774,206490.87487644432
7775,206243.61858748939
7776,205996.26137786303
7777,205748.80324562808
7778,205501.24419131322
7779,205253.74554044628
7780,205006.18820156215
7781,204758.53000876145
7782,204510.77097201865
7783,204262.91588322152
7784,204015.1592392742
7785,203767.3018464704
7786,203519.3437242077
7787,203271.2848943396
7788,203023.18547220505
7789,202775.12987838697
7790,202526.9737058179
7791,202278.71698574684
7792,202030.3597518739
7793,201782.02572190325
7794,201533.67267199527
7795,201285.21927076956
7796,201036.66556129316
7797,200788.0115890817
7798,200539.45287276784
7799,200290.80413651673
7800,200042.055333505
7801,199793.2065185875
7802,199544.32705071682
7803,199295.48446209804
7804,199046.5420840288
7805,198797.4999806789
7806,198548.35821865714
7807,198299.27361628663
7808,198050.13931749348
7809,197800.9056157214
7810,197551.57258686825
7811,197302.18545516895
7812,197052.8610252869
7813,196803.43755028563
7814,196553.91511532734
7815,196304.29380800528
7816,196054.72168319699
7817,195805.11039478602
7818,195555.40054895674
7819,195305.59224253928
7820,195055.73624904093
7821,194805.93924110924
7822,194556.0441135921
7823,194306.0509725344
7824,194055.95992640298
7825,193805.93966022806
7826,193555.8615135971
7827,193305.68583562327
7828,193055.41274396
7829,192805.1276998037
7830,192554.86892945945
7831,192304.5131450006
7832,192054.06047324272
7833,191803.51988176996
7834,191553.0830153758
7835,191302.54968700424
7836,191051.9200326103
7837,190801.19419055793
7838,190550.52089681925
7839,190299.81271868153
7840,190049.0088105607
7841,189798.10931993148
7842,189547.22659953928
7843,189296.41111095672
7844,189045.5005311907
7845,188794.4950166383
7846,188543.39472609782
7847,188292.1998207673
7848,188041.13835571992
7849,187790.0300988931
7850,187538.82775609745
7851,187287.53149741451
7852,187036.14149532103
7853,186784.74099865995
7854,186533.4400402546
7855,186282.0458980675
7856,186030.5587534245
7857,185778.97879004033
7858,185527.30619401825
7859,185275.7700684566
7860,185024.18940492228
7861,184772.51670543916
7862,184520.75216492085
7863,184268.89598066307
7864,184017.06098350324
7865,183765.29932436952
7866,183513.44664861486
7867,183261.5031623092
7868,183009.469073901
7869,182757.35466423267
7870,182505.41778144782
7871,182253.39095392986
7872,182001.27439886573
7873,181749.068335813
7874,181496.77298670044
7875,181244.58797042276
7876,180992.39306006714
7877,180740.10955742467
7878,180487.7376931219
7879,180235.2777001495
7880,179982.85414658123
7881,179730.4974651848
7882,179478.05337875098
7883,179225.52212893058
7884,178972.90395973303
7885,178720.26161791413
7886,178467.7497185851
7887,178215.15165318604
7888,177962.46767434914
7889,177709.69803705876
7890,177456.85673669534
7891,177204.19641226687
7892,176951.45121217959
7893,176698.62140000146
7894,176445.707241648
7895,176192.70900537897
7896,175939.88517235412
7897,175686.99991969694
7898,175434.0314074162
7899,175180.97991231075
7900,174927.8457135185
7901,174674.86465041054
7902,174421.84666350976
7903,174168.7468202857
7904,173915.5654083761
7905,173662.30271774996
7906,173409.2017552862
7907,173156.08008877927
7908,172902.87801921013
7909,172649.59584494043
7910,172396.2338666563
7911,172142.92207083944
7912,171889.70457563107
7913,171636.40818032023
7914,171383.03319394297
7915,171129.57992785194
7916,170876.0802632131
7917,170622.77501684017
7918,170369.39242271174
7919,170115.93280048572
7920,169862.39647212974
7921,169608.78376191956
7922,169355.34724035184
7923,169101.88679883943
7924,168848.35094121494
7925,168594.7400000073
7926,168341.05431004535
7927,168087.47799966435
7928,167833.94828487016
7929,167580.34481464018
7930,167326.66793201107
7931,167072.9179823105
7932,166819.22496404732
7933,166565.6347708724
7934,166311.97253129832
7935,166058.2385988129
7936,165804.43332918777
7937,165550.64670860991
7938,165297.00505085065
7939,165043.29310375117
7940,164789.51123119492
7941,164535.65979933864
7942,164281.80270419357
7943,164028.11881261013
7944,163774.36643642437
7945,163520.5459498556
7946,163266.6577293889
7947,163012.75330711374
7948,162759.03662745975
7949,162505.25331526925
7950,162251.40375503822
7951,161997.48833351908
7952,161743.5597487063
7953,161489.81993972964
7954,161236.01539725115
7955,160982.14651598313
7956,160728.21369288446
7957,160474.28412471563
7958,160220.5310561199
7959,159966.71519966255
7960,159712.83696020898
7961,159458.89674486034
7962,159204.9893844977
7963,158951.23313487018
7964,158697.41608925237
7965,158443.53866259943
7966,158189.60127209112
7967,157935.7393200312
7968,157681.99017473139
7969,157428.1822711652
7970,157174.31603431024
7971,156920.39189135854
7972,156666.59855474957
7973,156412.86700376248
7974,156159.07877769534
7975,155905.2343114818
7976,155651.33404225882
7977,155397.63253217694
7978,155143.92926792326
7979,154890.17145684327
7980,154636.35954375667
7981,154382.51876288938
7982,154128.9075043645
7983,153875.24341947507
7984,153621.52696067447
7985,153367.75858259844
7986,153114.05371613253
7987,152860.49052013308
7988,152606.8767051787
7989,152353.2127334775
7990,152099.49906940677
7991,151845.9533042793
7992,151592.44941310686
7993,151338.89715428927
7994,151085.29699971477
7995,150831.6725380092
7996,150578.28593988172
7997,150324.85278954302
7998,150071.37356634066
7999,149817.8487517671
8000,149564.42735636904
8001,149311.12079812645
8002,149057.77001594775
8003,148804.37549871896
8004,148550.93773745932
8005,148297.74254909443
8006,148044.52780428503
8007,147791.27120647862
8008,147537.9732540217
8009,147284.75961740466
8010,147031.68859190613
8011,146778.57762094302
8012,146525.42721013192
8013,146272.23786719618
8014,146019.29423983418
8015,145766.33668736272
8016,145513.34163501047
8017,145260.30959770337
8018,145007.38680516736
8019,144754.59054593384
8020,144501.75875169053
8021,144248.89194450586
8022,143996.00853662923
8023,143743.38152733544
8024,143490.7209725395
8025,143238.0274013938
8026,142985.30134511727
8027,142732.7521482068
8028,142480.27089472252
8029,142227.75864578676
8030,141975.21593962953
8031,141722.74510656716
8032,141470.4512956066
8033,141218.128534126
8034,140965.77736730315
8035,140713.40327717896
8036,140461.3051281103
8037,140209.18009720652
8038,139957.02873653045
8039,139704.85160016853
8040,139452.87551599147
8041,139200.95653545103
8042,138949.0133241149
8043,138697.0464428774
8044,138445.20574907828
8045,138193.5012141254
8046,137941.77457047298
8047,137690.02638575598
8048,137438.33927844133
8049,137186.85765849537
8050,136935.35607477184
8051,136683.83510158068
8052,136432.31971150383
8053,136181.0695489212
8054,135929.80159001294
8055,135678.5164156958
8056,135427.21460884946
8057,135176.18071589898
8058,134925.15501805468
8059,134674.1143010212
8060,134423.0591541999
8061,134172.23513503768
8062,133921.4604045743
8063,133670.6728729949
8064,133419.87313615298
8065,133169.27692197537
8066,132918.76193396896
8067,132668.2363844631
8068,132417.70087569105
8069,132167.3503272418
8070,131917.10392420078
8071,131666.84922050498
8072,131416.58682469575
8073,131166.49973105403
8074,130916.53082157862
8075,130666.55589320284
8076,130416.57556070037
8077,130166.7696380593
8078,129917.0871954829
8079,129667.40103634527
8080,129417.71178157766
8081,129168.20467200947
8082,128918.81773302502
8083,128669.42940007502
8084,128420.0403001717
8085,128170.84957038378
8086,127921.76723365339
8087,127672.6858454769
8088,127423.60603887022
8089,127174.74917894696
8090,126925.98060369422
8091,126677.21533910163
8092,126428.45402410897
8093,126179.94844624527
8094,125931.5028508337
8095,125683.06294743362
8096,125434.62938082743
8097,125186.49241804967
8098,124938.37907854356
8099,124690.27383129734
8100,124442.20783961302
8101,124194.42623173266
8102,123946.65448043877
8103,123698.89324020024
8104,123451.22817454612
8105,123203.79511058496
8106,122956.37433458291
8107,122708.96650662227
8108,122461.7194556752
8109,122214.64435807968
8110,121967.58399773116
8111,121720.53904024148
8112,121473.72700871047
8113,121227.0193520679
8114,120980.32889951298
8115,120733.6563220989
8116,120487.29622939847
8117,120240.96553892047
8118,119994.65453655344
8119,119748.43823656124
8120,119502.47257761964
8121,119256.52842760774
8122,119010.60646654044
8123,118764.87358013162
8124,118519.30157142741
8125,118273.75358372302
8126,118028.2303022292
8127,117782.99748782073
8128,117537.82878102647
8129,117292.68662344335
8130,117047.63963901391
8131,116802.85553112958
8132,116558.09982269403
8133,116313.37320743647
8134,116068.85724737933
8135,115824.49332309063
8136,115580.16035264226
8137,115335.85903470387
8138,115091.90470867345
8139,114847.98502804835
8140,114604.09885961174
8141,114360.32400498434
8142,114116.82294994696
8143,113873.35727308854
8144,113629.92768100089
8145,113386.69842845236
8146,113143.65859141732
8147,112900.65671436755
8148,112657.69350850022
8149,112415.02704745159
8150,112172.45824522048
8151,111929.92999829886
8152,111687.48678941448
8153,111445.35642670472
8154,111203.26850909271
8155,110961.22375521924
8156,110719.37532558783
8157,110477.73311184943
8158,110236.13595999649
8159,109994.58459299787
8160,109753.34778939876
8161,109512.20362302616
8162,109271.10714769314
8163,109030.13643520456
8164,108789.45064070061
8165,108548.81444841526
8166,108308.22858826537
8167,108067.90081826304
8168,107827.7303026007
8169,107587.6120377221
8170,107347.5778685638
8171,107107.87842474013
8172,106868.23315490839
8173,106628.64279560685
8174,106389.35878458645
8175,106150.32829657299
8176,105911.35452323883
8177,105672.43820430746
8178,105433.5800808297
8179,105195.00445943842
8180,104956.71167908008
8181,104718.47890329477
8182,104480.30687618114
8183,104242.19634313093
8184,104004.36448526783
8185,103766.82474669538
8186,103529.34831574078
8187,103291.9359407031
8188,103054.5883711411
8189,102817.53516878019
8190,102580.76382283792
8191,102344.0590998203
8192,102107.42175205213
8193,101870.85253308268
8194,101634.61239455284
8195,101398.6248043734
8196,101162.7071637913
8197,100926.86022897753
8198,100691.08475729388
8199,100455.69160556441
8200,100220.50314210982
8201,99985.38796538343
8202,99750.34683522345
8203,99515.38051262172
8204,99280.8677835888
8205,99046.49382115432
8206,98812.1964921222
8207,98577.97655981369
8208,98343.85874092836
8209,98110.2354294511
8210,97876.6913411356
8211,97643.2272415145
8212,97409.84389720797
8213,97176.66997300244
8214,96943.88854315612
8215,96711.18969629948
8216,96478.57420111318
8217,96246.04282732867
8218,96013.84480205589
8219,95781.9206038942
8220,95550.08235547978
8221,95318.33082845369
8222,95086.66679546922
8223,94855.47618038459
8224,94624.42454992703
8225,94393.46224195677
8226,94162.59003088274
8227,93931.91217341181
8228,93701.65650378371
8229,93471.49275836619
8230,93241.42171320006
8231,93011.44414526997
8232,92781.83346126236
8233,92552.47759124379
8234,92323.21702484028
8235,92094.05254051147
8236,91865.01018661995
8237,91636.47147234145
8238,91408.03066455427
8239,91179.6885430683
8240,90951.44588856539
8241,90723.52864674386
8242,90495.91684256615
8243,90268.40632780624
8244,90040.99788433725
8245,89813.70286800616
8246,89586.92927570413
8247,89360.2595743276
8248,89133.6945468122
8249,88907.23497689255
8250,88681.12118252573
8251,88455.30146209431
8252,88229.58901585471
8253,88003.98462844366
8254,87778.54527843677
8255,87553.58466554359
8256,87328.73392442883
8257,87103.99384050166
8258,86879.3651998946
8259,86655.16134919872
8260,86431.18139370989
8261,86207.31469038667
8262,85983.5620259696
8263,85760.08316278442
8264,85536.98302819321
8265,85313.99873685655
8266,85091.13107599241
8267,84868.40123633157
8268,84646.18991080247
8269,84424.09701521823
8270,84202.123337141
8271,83980.26966474624
8272,83758.85259800378
8273,83537.66003243663
8274,83316.58926636721
8275,83095.64108814795
8276,82875.02111491997
8277,82654.73776225054
8278,82434.57878551247
8279,82214.54497310196
8280,81994.74495045283
8281,81775.37964029479
8282,81556.14127643041
8283,81337.03064716379
8284,81118.07305241357
8285,80899.6345592314
8286,80681.3255761168
8287,80463.14689114728
8288,80245.09929286574
8289,80027.55086388893
8290,79810.1799718516
8291,79592.94193426582
8292,79375.83753927724
8293,79159.34384415801
8294,78943.14242716388
8295,78727.07608415266
8296,78511.14560156257
8297,78295.3517662173
8298,78079.6953653161
8299,77864.43537456007
8300,77649.68587529533
8301,77435.07522519187
8302,77220.60420954338
8303,77006.2736139739
8304,76792.08422442911
8305,76578.12333507014
8306,76364.84462689234
8307,76151.70852196608
8308,75938.71580413134
8309,75725.86725750382
8310,75513.16366646618
8311,75300.60581565816
8312,75088.77606388196
8313,74877.13312218097
8314,74665.63729706341
8315,74454.28937082684
8316,74243.09012597961
8317,74032.04034523205
8318,73821.63445737079
8319,73611.50305341162
8320,73401.52247063638
8321,73191.6934892119
8322,72982.01688946028
8323,72772.49345184995
8324,72563.5709350316
8325,72354.96919052933
8326,72146.52194517214
8327,71938.22997668281
8328,71730.09406288463
8329,71522.11498169017
8330,71314.73344881483
8331,71107.67922345707
8332,70900.78314681983
8333,70694.04599386854
8334,70487.4685396127
8335,70281.05155909472
8336,70075.26674302311
8337,69869.77762529725
8338,69664.45027573785
8339,69459.28546623849
8340,69254.28396867945
8341,69049.44655491813
8342,68845.31232279171
8343,68641.40562086717
8344,68437.66427468503
8345,68234.0890527515
8346,68030.68072350243
8347,67827.48383510963
8348,67625.00842299509
8349,67422.7011556709
8350,67220.56279805842
8351,67018.59411496078
8352,66816.79587105365
8353,66615.35275729749
8354,66414.48997763413
8355,66213.79886535459
8356,66013.28018141798
8357,65812.93468660921
8358,65612.76314152703
8359,65413.12228701295
8360,65213.88858972739
8361,65014.83004567254
8362,64815.947411530295
8363,64617.24144375016
8364,64418.71289853795
8365,64220.954136220666
8366,64023.40026677883
8367,63826.024933297085
8368,63628.828887683376
8369,63431.81288155525
8370,63234.996271844946
8371,63038.95634879415
8372,62843.097555727625
8373,62647.420639806354
8374,62451.926347852976
8375,62256.61542634169
8376,62061.5894454073
8377,61867.256196672395
8378,61673.10738123735
8379,61479.143740924635
8380,61285.3660171604
8381,61091.77495096457
8382,60898.58914146844
8383,60705.9771574236
8384,60513.55286544429
8385,60321.317001703756
8386,60129.27030192206
8387,59937.41350135438
8388,59746.11538559656
8389,59555.238894783775
8390,59364.55330861228
8391,59174.05935729773
8392,58983.75777054454
8393,58793.64927753401
8394,58604.28437873546
8395,58415.15723993378
8396,58226.22417053479
8397,58037.485894488666
8398,57848.943135175585
8399,57660.76925144367
8400,57473.20847912491
8401,57285.844173550046
8402,57098.677052714964
8403,56911.70783399787
8404,56724.937234149096
8405,56538.784099274206
8406,56352.996185029406
8407,56167.407808667806
8408,55982.01968136593
8409,55796.83251362592
8410,55611.9585715622
8411,55427.75441895647
8412,55243.75211830775
8413,55059.95237439286
8414,54876.355891266576
8415,54692.96337225139
8416,54510.190493388094
8417,54327.78133896002
8418,54145.577008858614
8419,53963.578200495656
8420,53781.785610503226
8421,53600.37343947909
8422,53419.56423841693
8423,53238.96208839186
8424,53058.567679978114
8425,52878.38170292393
8426,52698.404846139645
8427,52519.16700430663
8428,52340.17353391487
8429,52161.38998314515
8430,51982.81703466843
8431,51804.455370272284
8432,51626.65325373586
8433,51449.274693365915
8434,51272.108187993814
8435,51095.15441302311
8436,50918.41404292745
8437,50742.08404321223
8438,50566.32635170493
8439,50390.782807177275
8440,50215.454077576986
8441,50040.34082987627
8442,49865.51787886272
8443,49691.386741212074
8444,49517.471798385304
8445,49343.773710688096
8446,49170.29313740412
8447,48997.030736784836
8448,48824.51155208696
8449,48652.23057503016
8450,48480.16844825329
8451,48308.32582316885
8452,48136.703350110576
8453,47965.75394335712
8454,47795.11201724196
8455,47624.69089079403
8456,47454.49120737222
8457,47284.51360921254
8458,47115.16455410509
8459,46946.166483184694
8460,46777.391114859194
8461,46608.83908425547
8462,46440.51102533236
8463,46272.79151501747
8464,46105.44182069656
8465,45938.31668475825
8466,45771.41673392094
8467,45604.74259369097
8468,45438.680460268486
8469,45272.98337926506
8470,45107.51266462908
8471,44942.26893449672
8472,44777.25280574779
8473,44612.87453974324
8474,44448.83402234547
8475,44285.02163084973
8476,44121.43797463964
8477,43958.0836617983
8478,43795.41443160612
8479,43633.03414002387
8480,43470.88368479995
8481,43308.963666396485
8482,43147.28715277754
8483,42986.393837446405
8484,42825.73128531343
8485,42665.3000888879
8486,42505.100839305196
8487,42345.13412631516
8488,42185.78350637534
8489,42026.84069977394
8490,41868.13071708064
8491,41709.65413995222
8492,41551.411548618846
8493,41393.62421643881
8494,41236.40285576476
8495,41079.41573554862
8496,40922.66342782109
8497,40766.146503145756
8498,40609.95386854888
8499,40454.455347971365
8500,40299.192432269534
8501,40144.16568370324
8502,39989.375663025945
8503,39834.82292947376
8504,39681.03292035401
8505,39527.495244082296
8506,39374.19503685963
8507,39221.132849488444
8508,39068.30923121478
8509,38916.16749336208
8510,38764.35578401034
8511,38612.78279245016
8512,38461.449059397324
8513,38310.355123971975
8514,38159.88819142
8515,38009.802868854
8516,37859.957459237026
8517,37710.352493064594
8518,37560.98849919896
8519,37412.221370687264
8520,37263.862547062396
8521,37115.74477756444
8522,36967.8685823405
8523,36820.23447986665
8524,36673.190647100135
8525,36526.55812688445
8526,36380.16774762299
8527,36234.020018988725
8528,36088.11544894763
8529,35942.839322775064
8530,35797.964125999126
8531,35653.33200964988
8532,35508.94347268451
8533,35364.79901231766
8534,35221.158655672734
8535,35078.04035200641
8536,34935.1660097634
8537,34792.5361170719
8538,34650.15116028319
8539,34508.167937894315
8540,34366.80585951816
8541,34225.68856448527
8542,34084.81652998573
8543,33944.190231398665
8544,33803.883772192894
8545,33664.27702128679
8546,33524.91581595449
8547,33385.80062234333
8548,33246.931904757155
8549,33108.32012190179
8550,32970.4675789309
8551,32832.86128344917
8552,32695.501690460875
8553,32558.38925309439
8554,32421.524422593156
8555,32285.388695033882
8556,32149.535916367182
8557,32013.930469910432
8558,31878.572797522018
8559,31743.463339144106
8560,31609.049006578298
8561,31474.948148645723
8562,31341.095190920707
8563,31207.49056390151
8564,31074.134696140132
8565,30941.454679651742
8566,30809.103954570175
8567,30677.0016352846
8568,30545.148140847657
8569,30413.54388833607
8570,30282.609465295092
8571,30152.00690586877
8572,30021.653194692368
8573,29891.548739292266
8574,29761.693945191124
8575,29632.51475629139
8576,29503.65822991081
8577,29375.0509303343
8578,29246.69325348644
8579,29118.58559326026
8580,28991.169644584228
8581,28864.056868736297
8582,28737.19363353149
8583,28610.580323222435
8584,28484.217320003412
8585,28358.57097887917
8586,28233.19953850138
8587,28108.07788701872
8588,27983.20639694584
8589,27858.595662615804
8590,27734.713421782213
8591,27611.08078874982
8592,27487.698126335203
8593,27364.565795255556
8594,27241.73568428532
8595,27119.58950557339
8596,26997.693060662314
8597,26876.046700539828
8598,26754.650774070487
8599,26633.602418787003
8600,26513.18968535445
8601,26393.02674310116
8602,26273.113931135962
8603,26153.451586422554
8604,26034.184329539323
8605,25915.502387814086
8606,25797.070224787676
8607,25678.88816764579
8608,25560.956541407344
8609,25443.467861046473
8610,25326.514053181796
8611,25209.80994030421
8612,25093.35583763817
8613,24977.15205822095
8614,24861.437465798594
8615,24746.209166989414
8616,24631.230406694714
8617,24516.501488144808
8618,24402.022712364174
8619,24288.075615281603
8620,24174.57027694069
8621,24061.31424616177
8622,23948.307814155723
8623,23835.551269909647
8624,23723.36174229406
8625,23611.575392212646
8626,23500.0380480494
8627,23388.7499889785
8628,23277.711491934602
8629,23167.27031349661
8630,23057.194175410546
8631,22947.36668755783
8632,22837.788117074633
8633,22728.458728841444
8634,22619.775910584332
8635,22511.40094671358
8636,22403.27422363892
8637,22295.395996460877
8638,22187.78115586976
8639,22080.850537952047
8640,21974.167452602593
8641,21867.73214517206
8642,21761.54485873381
8643,21655.71147154416
8644,21550.463686222978
8645,21445.462929491827
8646,21340.709434699653
8647,21236.203432905928
8648,21132.157095395803
8649,21028.582395122685
8650,20925.25416670282
8651,20822.172631501333
8652,20719.33800858219
8653,20617.082925377606
8654,20515.17131572422
8655,20413.505568810357
8656,20312.08589403921
8657,20210.95528668974
8658,20110.451528457736
8659,20010.192772094953
8660,19910.179217385336
8661,19810.411061798106
8662,19711.083881953982
8663,19612.223201593373
8664,19513.606822365426
8665,19415.234932160864
8666,19317.107716547038
8667,19219.584294327928
8668,19122.35603215312
8669,19025.371319246275
8670,18928.630331641558
8671,18832.26200708713
8672,18736.412692349422
8673,18640.805957806257
8674,18545.441970009335
8675,18450.32089317796
8676,18355.7612131829
8677,18261.523149904835
8678,18167.526825899033
8679,18073.77239595409
8680,17980.384610938512
8681,17887.505806359793
8682,17794.867705019573
8683,17702.470452331956
8684,17610.314191373443
8685,17518.73548743652
8686,17427.446065246793
8687,17336.396418166038
8688,17245.58667995502
8689,17155.192442815234
8690,17065.242056602263
8691,16975.53034419604
8692,16886.057430102916
8693,16796.855650854275
8694,16708.23456052768
8695,16619.851015331722
8696,16531.705130582228
8697,16443.79701925814
8698,16356.448492914451
8699,16269.446459014729
8700,16182.680644766227
8701,16096.151154070929
8702,16009.858088496792
8703,15924.094458800506
8704,15838.697073338511
8705,15753.534538365571
8706,15668.60694646723
8707,15583.914387898321
8708,15499.740498737972
8709,15415.933166430095
8710,15332.359272543197
8711,15249.01889844728
8712,15165.912123186477
8713,15083.331292357407
8714,15001.099237187043
8715,14919.099166257141
8716,14837.331149828347
8717,14755.795255841045
8718,14674.809332611141
8719,14594.137604416463
8720,14513.696364980844
8721,14433.485673565472
8722,14353.505587118636
8723,14274.115008637447
8724,14194.988489723159
8725,14116.090923613345
8726,14037.422358684937
8727,13959.01061311552
8728,13881.186687569525
8729,13803.590099339579
8730,13726.220888330981
8731,13649.07909215485
8732,13572.26861929965
8733,13495.960795291974
8734,13419.87870490038
8735,13344.02237737832
8736,13268.391839694543
8737,13193.179161021642
8738,13118.371896142226
8739,13043.78872315941
8740,12969.429660800666
8741,12895.29472551973
8742,12821.675161511304
8743,12748.35277155873
8744,12675.252794649097
8745,12602.375239114606
8746,12529.761864000035
8747,12457.687832018084
8748,12385.834497672688
8749,12314.20186128265
8750,12242.789920918864
8751,12171.765932202297
8752,12101.146748341494
8753,12030.746521845349
8754,11960.56524289625
8755,11890.602899442474
8756,11821.160297023778
8757,11751.979926306574
8758,11683.016738147095
8759,11614.270712732397
8760,11545.844714908564
8761,11477.871604741746
8762,11410.113896185352
8763,11342.57156177956
8764,11275.244571861078
8765,11208.389959758466
8766,11141.825082775536
8767,11075.473776061432
8768,11009.336002438127
8769,10943.502313540099
8770,10878.117586940487
8771,10812.944611998195
8772,10747.98334413767
8773,10683.23373661327
8774,10618.957667061686
8775,10554.950299016984
8776,10491.152797993205
8777,10427.5651099841
8778,10364.310596081254
8779,10301.456084717103
8780,10238.809586823369
8781,10176.371041253178
8782,10114.14070581675
8783,10052.426279147343
8784,9990.917999470877
8785,9929.615798621571
8786,9868.51960631914
8787,9807.824298204503
8788,9747.441434163356
8789,9687.262763212546
8790,9627.288208195238
8791,9567.612706164158
8792,9508.342441004632
8793,9449.274471523817
8794,9390.408713812143
8795,9331.753257352188
8796,9273.582763607066
8797,9215.612657019657
8798,9157.842847052938
8799,9100.273241116447
8800,9043.123379873938
8801,8986.23829087335
8802,8929.551572927456
8803,8873.0631269657
8804,8816.924541942237
8805,8761.111621868657
8806,8705.495137432845
8807,8650.074983211185
8808,8594.945815294686
8809,8540.192215470579
8810,8485.633106582007
8811,8431.268376980586
8812,8377.147171823397
8813,8323.445937085184
8814,8269.937207149334
8815,8216.620864311964
8816,8163.496788905204
8817,8110.821796384018
8818,8058.350381226395
8819,8006.069353662407
8820,7953.978588123138
8821,7902.278179455367
8822,7850.831027896263
8823,7799.572257675657
8824,7748.501737455951
8825,7697.7728843131035
8826,7647.336961411143
8827,7597.087407406586
8828,7547.024085325858
8829,7497.263158495287
8830,7447.825448742187
8831,7398.572089821738
8832,7349.502939257686
8833,7300.705735804452
8834,7252.2532462709705
8835,7203.983084441774
8836,7155.895102471163
8837,7108.05687220162
8838,7060.576635633826
8839,7013.276699135484
8840,6966.156909625463
8841,6919.272380863372
8842,6872.751458728825
8843,6826.408805077115
8844,6780.244261725812
8845,6734.307666413357
8846,6688.733151896995
8847,6643.33487087674
8848,6598.112660203406
8849,6553.117758337814
8850,6508.476779287226
8851,6464.009995894451
8852,6419.7172401778935
8853,6375.657343595989
8854,6331.937065415525
8855,6288.388942748068
8856,6245.012802914134
8857,6201.880798435389
8858,6159.068426929066
8859,6116.426169025619
8860,6073.953847482512
8861,6031.74221942224
8862,5989.82500358442
8863,5948.0758582117915
8864,5906.494601633434
8865,5865.195453696386
8866,5824.160688450928
8867,5783.291949838842
8868,5742.589051895594
8869,5702.194128461792
8870,5662.029157348507
8871,5622.028168872105
8872,5582.190972908709
8873,5542.691679721432
8874,5503.383897530237
8875,5464.238054339337
8876,5425.264617648199
8877,5386.641380267223
8878,5348.1782356189315
8879,5309.874987214595
8880,5271.785424216092
8881,5233.9963669337485
8882,5196.365364808159
8883,5158.892217565685
8884,5121.676982269411
8885,5084.709667126489
8886,5047.898371336861
8887,5011.242890975466
8888,4974.89217484706
8889,4938.734224633354
8890,4902.730260247549
8891,4866.896887943776
8892,4831.383824102624
8893,4796.022924729604
8894,4760.8139804370285
8895,4725.830953221683
8896,4691.104715765367
8897,4656.528618584844
8898,4622.102449009879
8899,4587.959218557963
8900,4554.007622913545
8901,4520.204146982473
8902,4486.569787760298
8903,4453.234398041906
8904,4420.0453290687565
8905,4387.002363360075
8906,4354.192134122393
8907,4321.60923646884
8908,4289.170650621346
8909,4256.876156180484
8910,4224.914051424842
8911,4193.109380969845
8912,4161.446762993527
8913,4129.925974882636
8914,4098.6535391850175
8915,4067.6138931430864
8916,4036.7140504991125
8917,4005.95378656593
8918,3975.3763848209055
8919,3945.149745921992
8920,3915.0602527200567
8921,3885.1076795735207
8922,3855.291799606308
8923,3825.6123847126914
8924,3796.178150011122
8925,3767.0171280766644
8926,3737.9901688621253
8927,3709.0970435062427
8928,3680.337521957501
8929,3651.711372979095
8930,3623.401801198437
8931,3595.279050156689
8932,3567.287300554638
8933,3539.4263205952175
8934,3511.69587733536
8935,3484.130840993311
8936,3456.891147335286
8937,3429.7796502645188
8938,3402.796116435077
8939,3375.9403113941594
8940,3349.2119995869734
8941,3322.7427141545218
8942,3296.490606831118
8943,3270.363684746118
8944,3244.3617121297075
8945,3218.484452149113
8946,3192.7495653539313
8947,3167.3362499089153
8948,3142.0453707062934
8949,3116.876690848604
8950,3091.8299724138456
8951,3066.90497646069
8952,3042.232348917972
8953,3017.757213388451
8954,2993.4015568546674
8955,2969.165140490701
8956,2945.047724489511
8957,2921.094481086618
8958,2897.4150634885423
8959,2873.852434863392
8960,2850.4063556625415
8961,2827.076585394242
8962,2803.8628826289837
8963,2780.9346949984283
8964,2758.145376366946
8965,2735.4699474431386
8966,2712.9081672276425
8967,2690.459793820864
8968,2668.231911019099
8969,2646.196465147094
8970,2624.2722807893506
8971,2602.459116612115
8972,2580.7567304185104
8973,2559.2226439070323
8974,2537.92191712721
8975,2516.729855659338
8976,2495.646218004268
8977,2474.670761836575
8978,2453.823049940477
8979,2433.2381747516843
8980,2412.759401104508
8981,2392.386487499628
8982,2372.119191647706
8983,2351.957270474838
8984,2332.0619960748727
8985,2312.277964078363
8986,2292.5972613610934
8987,2273.019645830391
8988,2253.544874644858
8989,2234.310538738957
8990,2215.2029931402653
8991,2196.196279449172
8992,2177.290155925916
8993,2158.4843801174634
8994,2139.9014390142524
8995,2121.4524172290644
8996,2103.10176372851
8997,2084.8492372780006
8998,2066.694595964529
8999,2048.752886072726
9000,2030.9447196760138
9001,2013.2324920209285
9002,1995.6159625258722
9003,1978.0948899652733
9004,1960.7836916602257
9005,1943.5990076235921
9006,1926.507867170494
9007,1909.510030516047
9008,1892.6052572652402
9009,1875.9133553295017
9010,1859.3350770114703
9011,1842.8479817830066
9012,1826.4518307952276
9013,1810.1463846225513
9014,1794.062125392196
9015,1778.073473288217
9016,1762.173678697349
9017,1746.3625038418675
9018,1730.6533666257778
9019,1715.1510557434854
9020,1699.7355480022795
9021,1684.4066073432969
9022,1669.163997190599
9023,1654.0451527592704
9024,1639.1020587101848
9025,1624.2435114229813
9026,1609.46927613542
9027,1594.7791175997977
9028,1580.2377525851919
9029,1565.8379540683256
9030,1551.5204813377
9031,1537.285101050261
9032,1523.1315794085874
9033,1509.1546409507362
9034,1495.2825143737484
9035,1481.4905281683425
9036,1467.7784505290306
9037,1454.158288848785
9038,1440.7202875935975
9039,1427.3605067444223
9040,1414.0787165464371
9041,1400.8746868456042
9042,1387.798764953317
9043,1374.8601957135486
9044,1361.997731230917
9045,1349.2111434824506
9046,1336.5002040752693
9047,1323.9548435000886
9048,1311.5009372578656
9049,1299.1210559068825
9050,1286.81497326195
9051,1274.6098240828173
9052,1262.553902165153
9053,1250.5701850497098
9054,1238.658448809008
9055,1226.8184691972892
9056,1215.1223521231987
9057,1203.5244496694152
9058,1191.9967418850026
9059,1180.539006851819
9060,1169.1722036034607
9061,1157.9499579216774
9062,1146.796152142761
9063,1135.7105667205608
9064,1124.6929818398942
9065,1113.8130369142505
9066,1103.0231971798655
9067,1092.2998566925596
9068,1081.64279807248
9069,1071.080260327135
9070,1060.6446400686877
9071,1050.2738290256643
9072,1039.9676122924643
9073,1029.7257747413234
9074,1019.6275150336202
9075,1009.5997059378261
9076,999.6348344937988
9077,989.7326881047813
9078,979.9391513507716
9079,970.2450034249373
9080,960.6121671666406
9081,951.0404325438006
9082,941.5471955428739
9083,932.1775533778164
9084,922.8676273366905
9085,913.6172099833409
9086,904.4260937230889
9087,895.3655240690038
9088,886.3695669780295
9089,877.431555856105
9090,868.5512857520484
9091,859.7774390776038
9092,851.0866918678886
9093,842.4523578873516
9094,833.8742348545543
9095,825.3821947185008
9096,816.9880789492931
9097,808.6488733913463
9098,800.3643784569033
9099,792.1490760399815
9100,784.0431922657529
9101,775.9907451432655
9102,767.991537800262
9103,760.0477714518455
9104,752.2218975298725
9105,744.4480158886432
9106,736.7259323911104
9107,729.0554528333952
9108,721.4944753858986
9109,713.991141550096
9110,706.5381931523805
9111,699.1354387574667
9112,691.8316334244676
9113,684.5910031893577
9114,677.3993743331943
9115,670.2565582042746
9116,663.2045170054422
9117,656.2189177809178
9118,649.2809642334246
9119,642.3904705077645
9120,635.5847189433748
9121,628.8466478512569
9122,622.1548947969702
9123,615.5092767328211
9124,608.9442881082763
9125,602.4464100363078
9126,595.9935501263025
9127,589.5855281470922
9128,583.2557369922409
9129,576.9908826080336
9130,570.769773969097
9131,564.592233667953
9132,558.4920482912605
9133,552.4532120188521
9134,546.4568762256602
9135,540.5028663331329
9136,534.6266805497987
9137,528.807018511713
9138,523.0286385246384
9139,517.2913688424409
9140,511.6335729137179
9141,506.02640084131826
9142,500.4593189128479
9143,494.9321582163207
9144,489.4871490362513
9145,484.08594015085737
9146,478.72365570308926
9147,473.4018852464037
9148,468.1623201794955
9149,462.9607030471054
9150,457.7968705229684
9151,452.6795620275378
9152,447.6344875529297
9153,442.6262439148569
9154,437.65467060561616
9155,432.73622030992993
9156,427.8795439288774
9157,423.0586065108141
9158,418.27325036211994
9159,413.5480962540788
9160,408.87387457322086
9161,404.23432487509336
9162,399.62929227417334
9163,395.09192102187916
9164,390.5943575286069
9165,386.1304235974901
9166,381.7042384250988
9167,377.34492046297714
9168,373.01836328597483
9169,368.7244174743026
9170,364.477638266207
9171,360.2848142217793
9172,356.1237538787325
9173,351.99431058999556
9174,347.92153733882236
9175,343.88981429843795
9176,339.8888814330346
9177,335.92035775770177
9178,332.01449985126965
9179,328.1386230956965
9180,324.2925862060103
9181,320.4897805180683
9182,316.73558025532066
9183,313.0104309827963
9184,309.31419414286
9185,305.67187069497595
9186,302.06432036168417
9187,298.4849134059086
9188,294.93969016489365
9189,291.44652245431183
9190,287.980746028965
9191,284.54222757389965
9192,281.1493867849207
9193,277.79411258574106
9194,274.46536345371743
9195,271.16534840343536
9196,267.9175181376622
9197,264.6954964201782
9198,261.49915508796033
9199,258.34355599819577
9200,255.2252884840468
9201,252.1320033988334
9202,249.06530047772233
9203,246.05553916062362
9204,243.06998893106484
9205,240.10852722835534
9206,237.17103167542427
9207,234.27757572518095
9208,231.42538383710053
9209,228.59634773895758
9210,225.79034856844828
9211,223.00726765200343
9212,220.25607515789162
9213,217.55427925072053
9214,214.874621802009
9215,212.21698758541564
9216,209.5812615678676
9217,206.96808427195376
9218,204.40977972175156
9219,201.87263326389603
9220,199.3565332444601
9221,196.8613682068211
9222,194.38702689361122
9223,191.96039420819235
9224,189.55915177108233
9225,187.17801488993572
9226,184.8168756195955
9227,182.475626217558
9228,180.17558743529423
9229,177.9038956440933
9230,175.65140345883867
9231,173.41800638002104
9232,171.20360011371747
9233,169.02577830680067
9234,166.87753033945077
9235,164.7476099939579
9236,162.63591614992737
9237,160.5423478950144
9238,158.4823358412111
9239,156.4516644451259
9240,154.43848169893977
9241,152.44268979425107
9242,150.46419113270238
9243,148.51757286185926
9244,146.59884343748698
9245,144.6967957625961
9246,142.8113352731128
9247,140.9423676165976
9248,139.1047376551339
9249,137.29254141369447
9250,135.4962511657841
9251,133.71577552361342
9252,131.95102331220264
9253,130.21800379812615
9254,128.50715100004257
9255,126.81145867086954
9256,125.13083853074099
9257,123.46520251338023
9258,121.83245834393283
9259,120.21797162407655
9260,118.61792918096876
9261,117.03224577409314
9262,115.46083637692286
9263,113.92408854094411
9264,112.40119632621088
9265,110.89206064422166
9266,109.39659922508925
9267,107.9188131746403
9268,106.46976725081527
9269,105.03389727509695
9270,103.61112366680828
9271,102.20136705795727
9272,100.81300397126608
9273,99.44723721895242
9274,98.09401014005392
9275,96.75324598760585
9276,95.42486822680495
9277,94.12180057062366
9278,92.83509434095639
9279,91.56031746358614
9280,90.2973959569936
9281,89.04755181840768
9282,87.82445311124336
9283,86.61277005867004
9284,85.41243116717854
9285,84.22336515258745
9286,83.05240913970815
9287,81.90103499773234
9288,80.76051301014411
9289,79.63077431425654
9290,78.51175025539449
9291,77.4157898108473
9292,76.33242380441496
9293,75.25937004898377
9294,74.1965622454325
9295,73.14796098779043
9296,72.11919173335849
9297,71.10028165295591
9298,70.09116674023458
9299,69.0917831927653
9300,68.11209263175047
9301,67.1448830387824
9302,66.18703516357087
9303,65.23848743200185
9304,64.3026509382115
9305,63.384793736546946
9306,62.47588158336742
9307,61.57585507191513
9308,60.684654994594034
9309,59.811879135870754
9310,58.94966300398488
9311,58.095934191925195
9312,57.25063559660909
9313,56.41825003758077
9314,55.60057896962112
9315,54.791012552762176
9316,53.98949572939629
9317,53.19626157918045
9318,52.42107054281085
9319,51.65361662787733
9320,50.89384676422388
9321,50.14170807242854
9322,49.40381871778981
9323,48.6765100708502
9324,47.95653451352186
9325,47.243841093688424
9326,46.54174232461168
9327,45.85269167448526
9328,45.17063724482174
9329,44.49552995478658
9330,43.827995476138746
9331,43.175392873579746
9332,42.529463239147574
9333,41.89015930832
9334,41.25743399800296
9335,40.63807483979336
9336,40.02654794215655
9337,39.4213384114612
9338,38.82240092365065
9339,38.23442521375122
9340,37.655650752990525
9341,37.08289797141676
9342,36.516123251098165
9343,35.95835451639973
9344,35.41075149273404
9345,34.86888667081644
9346,34.332718086993786
9347,33.80399227859085
9348,33.28604659134817
9349,32.77356741183924
9350,32.266514379902986
9351,31.765682925189395
9352,31.275945029218235
9353,30.791413315039115
9354,30.31204897625445
9355,29.83798144724226
9356,29.375064066803123
9357,28.917103506291163
9358,28.46406246440032
9359,28.015903800792877
9360,27.57822479338218
9361,27.145518722737236
9362,26.717494837590323
9363,26.294117451545446
9364,25.88044752359473
9365,25.47173676632884
9366,25.067481004342735
9367,24.667645958609853
9368,24.276947068238265
9369,23.891027831365864
9370,23.50934617253338
9371,23.13186917456069
9372,22.763127903733647
9373,22.398849730340054
9374,22.03860113144155
9375,21.68235050722155
9376,21.334579262741325
9377,20.990843040501137
9378,20.65093745407121
9379,20.314983799025143
9380,19.987070166539734
9381,19.66282619169341
9382,19.342222640265398
9383,19.02578497132464
9384,18.716544418105194
9385,18.410790514330202
9386,18.10849521938213
9387,17.810647642473004
9388,17.519115573198054
9389,17.230895264763657
9390,16.94595982975811
9391,16.665805848622163
9392,16.391061905245362
9393,16.119462643782015
9394,15.850982290626044
9395,15.58765504650355
9396,15.328821378412004
9397,15.072972822576768
9398,14.820084680791105
9399,14.572747055398375
9400,14.328986641905747
9401,14.088058989193161
9402,13.849980132221061
9403,13.617785032955652
9404,13.388300057330694
9405,13.16150242722875
9406,12.938158623591177
9407,12.719618495542102
9408,12.503648769748716
9409,12.290227637408377
9410,12.080854067791618
9411,11.875238392720169
9412,11.67205983200376
9413,11.471297511567055
9414,11.275159101278248
9415,11.081772244447677
9416,10.890695390878912
9417,10.702327833735273
9418,10.518299575221727
9419,10.336479348623147
9420,10.156847942689684
9421,9.980605218041854
9422,9.807629792862063
9423,9.636746065738786
9424,9.467935665049296
9425,9.30389874572096
9426,9.142195955659774
9427,8.982459720637557
9428,8.824672626586992
9429,8.66881735887123
9430,8.517358969695227
9431,8.368108610132365
9432,8.220689893751814
9433,8.075086416463114
9434,7.931281869538994
9435,7.791602471136713
9436,7.653932380294183
9437,7.517967261186834
9438,7.383691670529083
9439,7.251090256425407
9440,7.12242339939372
9441,6.995516453234119
9442,6.870195602761155
9443,6.746446318266513
9444,6.6242643562312375
9445,6.5058670962060035
9446,6.388958171793214
9447,6.273523837640333
9448,6.1595504322846075
9449,6.04722824240817
9450,5.938218351832098
9451,5.8305914283816
9452,5.724334555143533
9453,5.619434895411703
9454,5.516288746756807
9455,5.415989920898817
9456,5.316975314441839
9457,5.219232797122762
9458,5.122750315299911
9459,5.028131317327732
9460,4.935911322434314
9461,4.844883049986076
9462,4.755035116325764
9463,4.666356210929268
9464,4.579649798771529
9465,4.494917944092154
9466,4.411291213211826
9467,4.328758930731256
9468,4.247310490993614
9469,4.167935734782275
9470,4.090140466537326
9471,4.013369286172967
9472,3.9376121898472283
9473,3.862859240166129
9474,3.79026800710407
9475,3.718894620307022
9476,3.648469528845726
9477,3.578983365333188
9478,3.5104268256338527
9479,3.4441028200568233
9480,3.378671284135119
9481,3.3141171906170723
9482,3.250431775019179
9483,3.1878347598827808
9484,3.1271584197154048
9485,3.0673000379570796
9486,3.008251381719872
9487,2.950004275298123
9488,2.892574309635551
9489,2.8370942009106885
9490,2.7823685856576077
9491,2.728389787407208
9492,2.675150183855732
9493,2.6226422066922424
9494,2.5718484880976087
9495,2.521847091822897
9496,2.472534103417295
9497,2.423902420440185
9498,2.375944991554302
9499,2.3294971610853348
9500,2.2838412193715607
9501,2.2388194842803943
9502,2.194425341454995
9503,2.150652224874756
9504,2.108246451149336
9505,2.066585038860076
9506,2.0255075649919343
9507,1.9850078731776253
9508,1.945079852738124
9509,1.9064259102824168
9510,1.8684341062819878
9511,1.8309796465634407
9512,1.7940568042667009
9513,1.7576598956889442
9514,1.7224815754232319
9515,1.687858731252916
9516,1.653730067394203
9517,1.6200902595545206
9518,1.5869604398277437
9519,1.5549693450737994
9520,1.5234374530623473
9521,1.4923597780164848
9522,1.4617313727446977
9523,1.4316682943155
9524,1.4025485818201684
9525,1.3738507381869691
9526,1.3455701328868774
9527,1.31770217177037
9528,1.2904643317826294
9529,1.2639759508338935
9530,1.2378749094351225
9531,1.212156909485952
9532,1.186817687163263
9533,1.1622369027612427
9534,1.1382515537924514
9535,1.114619680469793
9536,1.0913373210836066
9537,1.0684005459706196
9538,1.0458054573715658
9539,1.024099124391048
9540,1.0027176598246903
9541,0.9816549213100342
9542,0.9609072892858443
9543,0.9404711739948284
9544,0.9205559359413136
9545,0.9012240463019888
9546,0.8821826279538523
9547,0.8634283489413576
9548,0.8449579051325503
9549,0.8267680200869666
9550,0.809261472708815
9551,0.7920594771991725
9552,0.7751189735574557
9553,0.7584369223679872
9554,0.7420103100458485
9555,0.7260164907562598
9556,0.7104871931905117
9557,0.695195881935914
9558,0.680139762767442
9559,0.6653160655388901
9560,0.6507360700242539
9561,0.6367267674657726
9562,0.6229339221650917
9563,0.6093549668649302
9564,0.5959873567388415
9565,0.5828285692747847
9566,0.5700950780411013
9567,0.5576627662959743
9568,0.5454248481764098
9569,0.5333789872782944
9570,0.5215228679676599
9571,0.5099631179672753
9572,0.4987693210470296
9573,0.4877519938413468
9574,0.47690899391446784
9575,0.46623819813759904
9576,0.45574556243041586
9577,0.4456742255945604
9578,0.4357629837369025
9579,0.42600987350603864
9580,0.416412949485274
9581,0.4069702840913504
9582,0.39785381940999653
9583,0.38894416169889545
9584,0.38017785102815416
9585,0.3715531059347434
9586,0.36306816150794746
9587,0.3548264592011808
9588,0.34682308760812225
9589,0.33894957535720105
9590,0.331204292151054
9591,0.32358562304505617
9592,0.3161497496004055
9593,0.30896582519505095
9594,0.3018994636002247
9595,0.2949491738057389
9596,0.28811347903164924
9597,0.28141788280129754
9598,0.27497433540172334
9599,0.2686371476223568
9600,0.2624049567135667
9601,0.2562764131065149
9602,0.2502590935040006
9603,0.2444839817928055
9604,0.23880502939601395
9605,0.23322099159533805
9606,0.22773063587277084
9607,0.22233323333576463
9608,0.2171611523190266
9609,0.2120759496094451
9610,0.20707648903679604
9611,0.20216164571565623
9612,0.19733030597174586
9613,0.19270099988458247
9614,0.18815097212206305
9615,0.18367834736590652
9616,0.17928209963857633
9617,0.17496409134663546
9618,0.17082530261655182
9619,0.1667572853003541
9620,0.16275909461685725
9621,0.15882979541947376
9622,0.1549784755340995
9623,0.1512804434401549
9624,0.14764621997386795
9625,0.1440749444543597
9626,0.14056576509364882
9627,0.1371371228480252
9628,0.13383550749798137
9629,0.13059138268283582
9630,0.1274039648623494
9631,0.12427247869875835
9632,0.12122584955156675
9633,0.1182804950830347
9634,0.1153869020190466
9635,0.11254435752907341
9636,0.109752156342845
9637,0.1070500789087509
9638,0.1044246470595695
9639,0.10184578516273463
9640,0.09931284515903985
9641,0.09682518595256764
9642,0.09443324624869323
9643,0.09209487919893239
9644,0.0897983811682516
9645,0.08754316338889637
9646,0.08533543456727949
9647,0.08322558762253879
9648,0.0811536614073394
9649,0.07911911931495325
9650,0.077121430632029
9651,0.07516007049340907
9652,0.0732680510316945
9653,0.07143381646359555
9654,0.06963293491550167
9655,0.06786492837227842
9656,0.0661293241510838
9657,0.06443141634165724
9658,0.0628090426478292
9659,0.06121640151057707
9660,0.059653062716284684
9661,0.05811860090931334
9662,0.056612595553156515
9663,0.05516482008291622
9664,0.05375760261569127
9665,0.05237648166519002
9666,0.051021074768121004
9667,0.04969100384737129
9668,0.0483974781213176
9669,0.04715522256496778
9670,0.0459361891067538
9671,0.04474003412764971
9672,0.04356641799742792
9673,0.042415005041422496
9674,0.041317686348794146
9675,0.04024270604957265
9676,0.03918806413530379
9677,0.038153455763197244
9678,0.037138579684059765
9679,0.03616234946215509
9680,0.03521528022051511
9681,0.03428627576954814
9682,0.03337506271888609
9683,0.03248137094010215
9684,0.031614737948752344
9685,0.030781144312114317
9686,0.029963582047474537
9687,0.029161806179771762
9688,0.02837557469224438
9689,0.027607838158197805
9690,0.0268748224956063
9691,0.026156021068987925
9692,0.025451214554800535
9693,0.024760186310024173
9694,0.02408272234810313
9695,0.02343748428327344
9696,0.022806125075007937
9697,0.02218716139493634
9698,0.02158039948447641
9699,0.020985647989514376
9700,0.02041634440953731
9701,0.019862334279097896
9702,0.019319292985567196
9703,0.018787047393224857
9704,0.018265426540715574
9705,0.01776410708563274
9706,0.01727845391340956
9707,0.016802498008787588
9708,0.016336084805794467
9709,0.015879061702882682
9710,0.015438452751617978
9711,0.015013152694686118
9712,0.014596417562300039
9713,0.014188109495797557
9714,0.013788092409560035
9715,0.013402288475700429
9716,0.013031820177507316
9717,0.012668863791004443
9718,0.012313297334183564
9719,0.01196500041158238
9720,0.011623854198747592
9721,0.011297342213774623
9722,0.010981520398640547
9723,0.010672173792756496
9724,0.010369195961712837
9725,0.01007248187558992
9726,0.009781927894930839
9727,0.009506602901258907
9728,0.0092377217560348
9729,0.008974415691026404
9730,0.008716591939903755
9731,0.008464158978280385
9732,0.008219211040618271
9733,0.0079857232323173
9734,0.0077571117132225744
9735,0.0075332946114833425
9736,0.0073141911636888934
9737,0.007099721703402759
9738,0.006894521733633946
9739,0.006696222606234599
9740,0.006502112831783421
9741,0.006312121197938763
9742,0.006126177470498381
9743,0.005944795506502753
9744,0.0057729544520575896
9745,0.005604770980594571
9746,0.005440182350563506
9747,0.005279126691908562
9748,0.005121542996740068
9749,0.0049705735192091365
9750,0.0048249945152797225
9751,0.004682550891581025
9752,0.004543188189393617
9753,0.004406852717430012
9754,0.004274211568701198
9755,0.004148321569828046
9756,0.004025163876705831
9757,0.003904690592609386
9758,0.0037868545033756472
9759,0.003671609069846553
9760,0.00356192707500068
9761,0.0034555488540097975
9762,0.0033515075368512046
9763,0.003249761638846653
9764,0.003150270275087421
9765,0.0030544595914979555
9766,0.00296266573386469
9767,0.002872904483665872
9768,0.002785139420367466
9769,0.0026993346559201123
9770,0.0026158907659303778
9771,0.002536760778912586
9772,0.002459397167213522
9773,0.0023837679827990884
9774,0.0023098417499924
9775,0.0022375874599861794
9776,0.0021692324566060547
9777,0.002102621452162319
9778,0.0020375160935489378
9779,0.0019738887981989237
9780,0.0019117123972790069
9781,0.0018525087400056994
9782,0.0017952142291531494
9783,0.001739225580598134
9784,0.001684518643929966
9785,0.0016310696350730054
9786,0.0015799353318241246
9787,0.0015307048603243835
9788,0.0014826059436943244
9789,0.0014356174548120005
9790,0.001389718590643684
9791,0.0013456742128438483
9792,0.00130341661076437
9793,0.0012621386187228656
9794,0.0012218217705097303
9795,0.0011824478863809399
9796,0.0011446118711444088
9797,0.001108377454389941
9798,0.0010729903152821266
9799,0.001038434327612351
9800,0.0010046936181606438
9801,0.0009722765467038605
9802,0.0009412396183364366
9803,0.0009109348205714373
9804,0.0008813480832429508
9805,0.0008524655594106193
9806,0.0008247638217125974
9807,0.0007982072232902672
9808,0.0007722826536676889
9809,0.0007469778476679275
9810,0.000722280736901662
9811,0.0006986698961029632
9812,0.0006759713840787436
9813,0.000653817958901416
9814,0.0006321989386069814
9815,0.0006111038145547707
9816,0.000591031906917391
9817,0.0005716521517991083
9818,0.0005527420419036825
9819,0.0005342922827320475
9820,0.0005162937323015999
9821,0.0004992746764209134
9822,0.00048274670304773357
9823,0.0004666229741956202
9824,0.00045089541020295866
9825,0.0004355981377921301
9826,0.00042116330507926275
9827,0.0004070832111551605
9828,0.0003933507197026662
9829,0.0003799588137909419
9830,0.00036704703916912417
9831,0.00035476105989558886
9832,0.0003427798669696791
9833,0.00033109726750518524
9834,0.0003197071733933178
9835,0.0003088371374239535
9836,0.0002983920447209755
9837,0.0002882085512528002
9838,0.00027828128808113746
9839,0.0002686049781349227
9840,0.0002594779538137879
9841,0.00025060817594130307
9842,0.00024196269605707157
9843,0.0002335368641496734
9844,0.00022540268774237385
9845,0.00021768325198155502
9846,0.00021016002355325357
9847,0.00020282890771044883
9848,0.00019568588114175024
9849,0.00018888607151383064
9850,0.00018234463776042344
9851,0.00017597111344908707
9852,0.00016976195859154245
9853,0.00016372808418745424
9854,0.00015804488430749255
9855,0.00015250833420046384
9856,0.0001471153212691477
9857,0.00014186278828180382
9858,0.00013684070391584903
9859,0.00013203511808990438
9860,0.00012735478578160115
9861,0.00012279702112882589
9862,0.00011835918658806645
9863,0.00011419091561334627
9864,0.00011013241680092661
9865,0.0001061807778743902
9866,0.00010233368366303275
9867,9.865564506769445e-05
9868,9.513927448821368e-05
9869,9.171599890404002e-05
9870,8.838378757865649e-05
9871,8.5145608710234e-05
9872,8.210149391862646e-05
9873,7.913842035333874e-05
9874,7.625460807223409e-05
9875,7.34483100497428e-05
9876,7.077668624244113e-05
9877,6.821411828641153e-05
9878,6.572048480416487e-05
9879,6.329425590395125e-05
9880,6.0950648056875095e-05
9881,5.8736346065339364e-05
9882,5.658194984286515e-05
9883,5.4486120664277865e-05
9884,5.244754504857997e-05
9885,5.0528200737267284e-05
9886,4.867506562846881e-05
9887,4.687252646490578e-05
9888,4.5119441515327424e-05
9889,4.341487960210188e-05
9890,4.1822220786961264e-05
9891,4.0273240065120905e-05
9892,3.876694566193692e-05
9893,3.7302364854399e-05
9894,3.5891225785554206e-05
9895,3.45612592085823e-05
9896,3.3268110451223573e-05
9897,3.201093524528587e-05
9898,3.0788905718374294e-05
9899,2.962412653172927e-05
9900,2.8514901549517693e-05
9901,2.743667725458726e-05
9902,2.6388735697290027e-05
9903,2.5370373023717078e-05
9904,2.441184218124536e-05
9905,2.348788053806688e-05
9906,2.258999237138291e-05
9907,2.1717567793845045e-05
9908,2.0874746262336777e-05
9909,2.0083647242964798e-05
9910,1.9314980975778756e-05
9911,1.8568219357713453e-05
9912,1.7842844849613723e-05
9913,1.715277495556513e-05
9914,1.64952924116725e-05
9915,1.5856639029133874e-05
9916,1.5236367049405438e-05
9917,1.4634037769544685e-05
9918,1.4073259753528197e-05
9919,1.353001125305627e-05
9920,1.300244832557917e-05
9921,1.2490194539064295e-05
9922,1.199288115386578e-05
9923,1.152773854415067e-05
9924,1.1079459097821495e-05
9925,1.0644231204733473e-05
9926,1.0221738747300077e-05
9927,9.811672135245744e-06
9928,9.427137845579447e-06
9929,9.057708801661654e-06
9930,8.699126815971604e-06
9931,8.351126717811218e-06
9932,8.01344886910743e-06
9933,7.696593374549222e-06
9934,7.392546273731368e-06
9935,7.097503372187452e-06
9936,6.811242486083092e-06
9937,6.533546115919257e-06
9938,6.273302255920586e-06
9939,6.023397920229041e-06
9940,5.780959048456256e-06
9941,5.54579968702632e-06
9942,5.317737844043496e-06
9943,5.104677999219861e-06
9944,4.899549948282731e-06
9945,4.700604084202685e-06
9946,4.507684954844415e-06
9947,4.320640454798726e-06
9948,4.146769665713587e-06
9949,3.978622451892066e-06
9950,3.815588475353325e-06
9951,3.657537933403639e-06
9952,3.504890979295495e-06
9953,3.3629107622944815e-06
9954,3.22526512231743e-06
9955,3.091843375698762e-06
9956,2.9625372644012557e-06
9957,2.8386664890035265e-06
9958,2.7225672430809715e-06
9959,2.610045100116809e-06
9960,2.501007835493097e-06
9961,2.3953652670941798e-06
9962,2.295381341007129e-06
9963,2.2010186042114236e-06
9964,2.1095848973364168e-06
9965,2.02100404712001e-06
9966,1.93520158411148e-06
9967,1.8528721431143875e-06
9968,1.7762805046159438e-06
9969,1.7020843121942725e-06
9970,1.6302207227232641e-06
9971,1.5606283127607005e-06
9972,1.4932470509968256e-06
9973,1.4310223543503141e-06
9974,1.3708962496303908e-06
9975,1.3126750268718184e-06
9976,1.2563080819779333e-06
9977,1.2017459692543905e-06
9978,1.1508856400743535e-06
9979,1.102228132299345e-06
9980,1.0551242973708761e-06
9981,1.0095324934363192e-06
9982,9.654120414581235e-07
9983,9.240007412844837e-07
9984,8.846782340619957e-07
9985,8.466213758436478e-07
9986,8.097959399614444e-07
9987,7.741684990809244e-07
9988,7.406339344359498e-07
9989,7.090035890139713e-07
9990,6.783982219298419e-07
9991,6.487898845662148e-07
9992,6.201512873058987e-07
9993,5.926058842427498e-07
9994,5.671983291930026e-07
9995,5.426198087559268e-07
9996,5.188475278343311e-07
9997,4.958592340064039e-07
9998,4.736332063412149e-07
9999,4.522713747612408e-07
