,0
0,15.576964834644839
1,16.2608344241697
2,16.970385175287813
3,17.706364837616448
4,18.469533605678382
5,19.260664868520596
6,20.08054574308924
7,20.932509179996387
8,21.816700393214226
9,22.732411025617616
10,23.680494543857364
11,24.6624082870594
12,25.68415086607451
13,26.742153367133593
14,27.83753820227847
15,28.97147549905839
16,30.145188351992655
17,31.359958651749036
18,32.61922706868303
19,33.92446508210622
20,35.27498151218845
21,36.672040054431825
22,38.11697769791656
23,39.61116754612267
24,41.15601227232684
25,42.75294464369106
26,44.403428035130304
27,46.1097853530684
28,47.877150237687765
29,49.70800979980357
30,51.5979926836116
31,53.56343772230979
32,55.589149172195434
33,57.67668926749643
34,59.827797319294625
35,62.052566292555376
36,64.3587497868891
37,66.73411701620768
38,69.18043760741824
39,71.69952366134615
40,74.3087483526543
41,77.00527783980648
42,79.781538238808
43,82.63950309775774
44,85.581248732788
45,88.62532258385463
46,91.76771712261788
47,95.00207922217044
48,98.331428192877
49,101.75883001236247
50,105.28739816158458
51,108.93075074503714
52,112.68942847137673
53,116.55799375866353
54,120.53970925677815
55,124.63788304934097
56,128.8558676637003
57,133.19705909765736
58,137.6648959195209
59,142.26285847826878
60,146.99446824905894
61,151.8640137040332
62,156.88047056660136
63,162.04022194042275
64,167.34693251270397
65,172.80430940542675
66,178.41610264927718
67,184.18610591009804
68,190.11815748921487
69,196.21614162299903
70,202.48399010892234
71,208.92568428996242
72,215.54525743362865
73,222.34679754645967
74,229.3392012818347
75,236.526269975576
76,243.90917275678254
77,251.49224616181434
78,259.2968404079988
79,267.2983116382998
80,275.5577185624751
81,284.0288760077725
82,292.71413705595495
83,301.6323455103862
84,310.7576681217499
85,320.20240711725074
86,329.86441322388373
87,339.7475046242982
88,349.88240165861424
89,360.33975075149766
90,371.0353495999621
91,381.9733930971296
92,393.2039720165382
93,404.76710316653885
94,416.5911131305182
95,428.6805969373505
96,441.0976815228977
97,453.89926870328367
98,466.9588628099318
99,480.3177663574059
100,494.1078415888702
101,508.1600223479911
102,522.5255309442404
103,537.3541799433684
104,552.4647478220493
105,567.8930370593459
106,583.8280816520447
107,600.0660188025889
108,616.6151335595619
109,633.7276224439655
110,651.1893550159851
111,668.9652315168388
112,687.3529469791191
113,706.0389191294804
114,725.157580646996
115,744.8250395287512
116,764.8111360754216
117,785.3476555046492
118,806.3731581197392
119,827.738974316834
120,849.7708561362537
121,872.2364672882505
122,895.0659188256046
123,918.6726038193469
124,942.6642459675069
125,967.1113307587033
126,992.3085372577106
127,1017.916079289312
128,1044.0645142579892
129,1070.9446970845854
130,1098.2620391247924
131,1126.198013707351
132,1154.8577002250684
133,1183.9828546516787
134,1213.7950360047298
135,1244.3349048222208
136,1275.370073535945
137,1307.1496100481752
138,1339.674566010733
139,1372.7262139284635
140,1406.5667371515726
141,1441.1859825148458
142,1476.3649071686737
143,1512.3625321692255
144,1549.210628684864
145,1586.624259317845
146,1624.9345818793126
147,1664.0798482172459
148,1703.825538723876
149,1744.5540229531534
150,1786.137465216912
151,1828.327228757672
152,1871.640347052129
153,1915.737447692128
154,1960.4773545443963
155,2006.490841966748
156,2053.2316512943685
157,2100.6812567576285
158,2149.5524173644903
159,2199.0589405300507
160,2249.5230725537963
161,2301.182620705314
162,2353.52786231752
163,2407.1227713004137
164,2461.726014529298
165,2517.0622358485
166,2573.9108106823614
167,2631.627329440884
168,2690.2318610472607
169,2750.3800422021654
170,2811.3140546571644
171,2873.4288195859012
172,2936.907700156092
173,3001.222961140918
174,3066.982465094376
175,3133.9586710362223
176,3201.8401125128453
177,3271.561043214434
178,3342.1771415510016
179,3414.0880150014304
180,3487.52192663837
181,3561.7142978949137
182,3638.0025619280896
183,3715.1419507441205
184,3793.748841181177
185,3873.9215520437474
186,3954.9519233188034
187,4038.1858505494283
188,4122.383754554894
189,4208.069394757597
190,4295.524316903491
191,4383.9402163782615
192,4474.511263036061
193,4566.323314879799
194,4659.484165351704
195,4754.78511960298
196,4851.153945257663
197,4949.468502401946
198,5049.470305173064
199,5150.610519259166
200,5254.601593814083
201,5359.377268104559
202,5466.555673166663
203,5575.068192747135
204,5685.501380089279
205,5797.853717356617
206,5911.609719986889
207,6027.9064257166665
208,6145.053847351792
209,6265.4010423623595
210,6386.5941695759775
211,6510.514413933451
212,6635.911014143052
213,6763.425491645108
214,6893.1359349128015
215,7024.315314984881
216,7158.451517349941
217,7293.562795790354
218,7432.0424124750825
219,7571.742472448571
220,7714.095323778055
221,7858.500292600348
222,8004.798994968505
223,8154.078744734543
224,8304.464910986619
225,8458.649440701312
226,8613.900132245473
227,8772.409150625394
228,8932.739813391467
229,9095.556804413296
230,9261.091392327442
231,9428.293493780066
232,9599.157500307769
233,9771.246219232278
234,9947.142931659111
235,10124.745773477907
236,10305.254645297982
237,10488.50122944623
238,10673.70176631663
239,10862.723248838256
240,11053.141975131275
241,11247.624660524905
242,11444.012464513313
243,11643.420462229675
244,11845.912610765481
245,12050.327822345767
246,12259.442280028848
247,12469.456297526973
248,12684.604667168529
249,12900.804128260952
250,13121.634858764657
251,13344.245921883065
252,13571.15666811471
253,13799.9845091269
254,14033.075605902723
255,14268.270475256084
256,14507.642711046714
257,14749.35676635544
258,14995.111384766156
259,15243.498674359578
260,15495.737372318416
261,15750.95381593104
262,16009.77874046599
263,16271.982108661758
264,16537.49585325044
265,16806.845746387673
266,17079.151347181676
267,17355.809174178103
268,17635.01010621582
269,17919.13906321308
270,18205.339236660606
271,18497.10428562938
272,18790.408042067193
273,19089.97588938079
274,19390.74213726006
275,19698.027073127545
276,20006.842097519402
277,20321.533161144373
278,20638.56854192101
279,20960.771578236167
280,21286.20055784183
281,21616.0218246441
282,21950.082605215746
283,22287.744339771434
284,22630.465279695603
285,22976.07843341443
286,23327.639814575406
287,23681.3183024491
288,24041.900500220858
289,24404.03374455156
290,24773.544762555826
291,25144.95481584674
292,25522.873234473744
293,25903.740612330934
294,26290.189826613594
295,26680.696136461596
296,27075.801797036584
297,27476.129810594728
298,27880.019819734775
299,28290.353530265107
300,28703.158052188002
301,29123.682720595683
302,29546.262416420563
303,29977.79097888242
304,30410.078884645263
305,30851.667419920883
306,31294.540358734866
307,31745.656404490583
308,32199.263294570523
309,32660.105154042914
310,33124.59523226529
311,33595.36372334983
312,34070.88654317822
313,34551.784960401266
314,35038.490384672434
315,35529.72445996633
316,36027.7626519084
317,36529.54051448046
318,37039.061928135765
319,37551.59406367314
320,38072.74943419337
321,38596.248643565
322,39129.18897756513
323,39663.87033512077
324,40208.74690117651
325,40754.82771271452
326,41311.79203203041
327,41869.7364158982
328,42438.94282443739
329,43009.40193062444
330,43590.29516740303
331,44173.427833299254
332,44766.22980833182
333,45362.195060714665
334,45967.130007727515
335,46576.08705545205
336,47193.38148682144
337,47815.48971162434
338,48445.3723724383
339,49080.791318994554
340,49723.49314049658
341,50372.382506304435
342,51028.13655886852
343,51690.656184142514
344,52359.91620731998
345,53036.69360434534
346,53718.94009942228
347,54410.13861584962
348,55105.61853523099
349,55811.401508594536
350,56520.36389921626
351,57240.89465602474
352,57963.590602749886
353,58699.03245358337
354,59435.768422894784
355,60186.231253985774
356,60938.0681306771
357,61702.90930116645
358,62470.01063112463
359,63249.48666387544
360,64032.01595627567
361,64826.38516932471
362,65624.5058895034
363,66435.52846362641
364,67251.34624366005
365,68075.11299234448
366,68908.82335538916
367,69745.60418396714
368,70597.40216707447
369,71450.69901124568
370,72317.55040746133
371,73189.16161416452
372,74069.73848906334
373,74959.85851134644
374,75854.43940262868
375,76763.26222671497
376,77673.68425364954
377,78599.847746698
378,79529.19933775658
379,80470.092409846
380,81418.56693443039
381,82374.47579689171
382,83342.26613301518
383,84313.47962136792
384,85300.77814757198
385,86289.81396346702
386,87294.58621850978
387,88303.35677188415
388,89324.27613939934
389,90353.13352870551
390,91390.15753559693
391,92439.29312791637
392,93492.72372448583
393,94562.3283860021
394,95633.81516381934
395,96722.73363849641
396,97814.91618125445
397,98921.0046353586
398,100034.07309208062
399,101157.63844397558
400,102291.78242995059
401,103433.13335388302
402,104588.5419465386
403,105747.98878315151
404,106924.85051867316
405,108103.78310058067
406,109301.20805769952
407,110501.81985487578
408,111718.1154212753
409,112940.59421118618
410,114176.07432781777
411,115420.60734194868
412,116675.58727380622
413,117942.36119875923
414,119217.15745409603
415,120506.35843390883
416,121801.28868539377
417,123113.1023250466
418,124428.49284117232
419,125763.21243501833
420,127100.28064188009
421,128457.0543581055
422,129817.25767704393
423,131195.1341887434
424,132578.6608301083
425,133979.0799837738
426,135387.6846429202
427,136807.68618138076
428,138241.58307956893
429,139681.48524145142
430,141140.8881116483
431,142602.85898682816
432,144086.13276233745
433,145573.8681408658
434,147077.85104916917
435,148591.56414599775
436,150116.57792696345
437,151656.48153725656
438,153202.84923102724
439,154769.15574433072
440,156338.2183691522
441,157930.123035036
442,159525.84739112604
443,161139.9204611212
444,162762.51853741353
445,164399.22479913518
446,166049.17546978983
447,167708.31281939932
448,169385.81293259407
449,171067.73964651983
450,172772.985224561
451,174481.23138927238
452,176212.09486075162
453,177949.3240043415
454,179702.34901074952
455,181468.77123339084
456,183244.31879254425
457,185040.1433062546
458,186839.12778756293
459,188664.01095608305
460,190492.65818537565
461,192343.30095774136
462,194205.17959125724
463,196073.33470085906
464,197968.66146732832
465,199867.3232835233
466,201783.7742399565
467,203716.1583818401
468,205651.94277850082
469,207617.50911617556
470,209587.28919495884
471,211572.04541170475
472,213576.03354161486
473,215583.5479188107
474,217618.84446273366
475,219660.83820723277
476,221716.39079067184
477,223793.0734383381
478,225873.41024446415
479,227980.92090021435
480,230096.21598783348
481,232225.04775987464
482,234375.50793147346
483,236529.7520781254
484,238711.95144960258
485,240901.62820644153
486,243106.21150826922
487,245331.52503449502
488,247560.75424515194
489,249820.1055047814
490,252085.23723838085
491,254368.93205775318
492,256672.01902378537
493,258979.15852156832
494,261317.10335136103
495,263662.4869406067
496,266021.18114277965
497,268405.029175605
498,270793.07184427354
499,273207.4745337161
500,275634.26839053025
501,278070.5122405608
502,280536.2747077786
503,283006.3759441124
504,285499.7781574831
505,288009.1327623367
506,290525.46571329597
507,293074.2882909503
508,295627.5957866317
509,298202.52739925
510,300795.5857354983
511,303394.5342849057
512,306027.5553512676
513,308665.2094873558
514,311324.8459274046
515,314003.967432373
516,316687.8031228665
517,319406.9558435047
518,322132.5538531365
519,324874.87229474616
520,327642.45253200916
521,330414.90260232304
522,333218.1950865801
523,336032.9195172055
524,338860.4776601634
525,341717.6927218945
526,344579.9353333173
527,347469.9164215448
528,350374.93912390294
529,353290.28468033514
530,356238.3002520411
531,359191.5031408745
532,362170.71057604504
533,365167.1932543965
534,368172.86148497544
535,371212.8333840881
536,374258.15440118354
537,377329.1124757965
538,380418.20723101427
539,383516.7187066348
540,386649.79343289835
541,389788.38109501323
542,392953.5985334153
543,396136.4484216995
544,399330.3070191034
545,402557.62231951905
546,405790.6163752577
547,409052.41394288494
548,412329.9092874548
549,415621.7633445043
550,418943.4683193055
551,422271.0181308813
552,425632.6109558658
553,429004.2128951682
554,432398.48757532984
555,435813.9511052323
556,439242.12628903514
557,442701.30205293064
558,446166.5645372216
559,449667.23289369623
560,453176.1739118572
561,456712.6262716704
562,460265.1724112578
563,463838.29478825466
564,467434.4083301894
565,471044.99305273866
566,474684.6707330981
567,478333.42771206
568,482016.6997432257
569,485706.45279716497
570,489431.1951042041
571,493164.68228832865
572,496932.732773045
573,500715.029518933
574,504515.0398668607
575,508346.30689658754
576,512184.31534882943
577,516060.70012578164
578,519949.6399233252
579,523855.7609219116
580,527795.8957379443
581,531742.9635308897
582,535723.6241401093
583,539722.1468275894
584,543733.588641638
585,547783.7342153533
586,551841.006331061
587,555928.4844301522
588,560037.6368057989
589,564157.1530893826
590,568318.3505813774
591,572486.8700119683
592,576683.8983903271
593,580904.71802575
594,585135.0276366516
595,589408.3094138402
596,593689.1103422671
597,597998.3866069542
598,602331.902679623
599,606675.6885263817
600,611062.0789621529
601,615456.187563769
602,619880.3730701241
603,624327.6071378329
604,628788.2140348393
605,633294.1518121492
606,637808.0180987125
607,642343.5315805558
608,646916.3331057852
609,651497.180786361
610,656108.5762864917
611,660748.5895192799
612,665396.7671655818
613,670085.0095511457
614,674792.5819479929
615,679508.4376277087
616,684274.4812724657
617,689049.9598559602
618,693843.4064997124
619,698678.6300395837
620,703522.3614633942
621,708395.3811249766
622,713299.0834592024
623,718211.4141643472
624,723165.6780194469
625,728139.1884461858
626,733121.4500696112
627,738155.6712089825
628,743199.3487287663
629,748261.7855442758
630,753367.0060890318
631,758481.2095722805
632,763625.337152526
633,768801.3179674633
634,773986.4062215219
635,779213.1330008602
636,784460.232263571
637,789717.5547001698
638,795026.7887558835
639,800345.364706754
640,805686.9675973959
641,811067.9105374453
642,816458.3215418507
643,821885.0853844662
644,827338.0951316392
645,832800.6997419397
646,838313.4954858135
647,843838.9302113093
648,849386.0220574702
649,854976.8340446948
650,860577.483353898
651,866208.6217393563
652,871874.8543361404
653,877551.0569542622
654,883267.2029534387
655,889009.1946241623
656,894761.2896109018
657,900563.3918767447
658,906381.481489746
659,912214.629860109
660,918098.8032679767
661,923993.330155176
662,929914.2250906606
663,935875.0407775975
664,941846.3447919464
665,947855.8994573418
666,953893.6972558649
667,959942.1188275962
668,966041.2346869959
669,972156.3550608208
670,978289.8954963129
671,984471.8022680815
672,990664.5863658818
673,996889.3883816306
674,1003149.1637583941
675,1009419.953466145
676,1015736.8850363418
677,1022074.8710907088
678,1028428.8903587394
679,1034836.407703431
680,1041255.1993231572
681,1047699.4285804031
682,1054187.1197622374
683,1060686.226279518
684,1067222.740271511
685,1073790.295820458
686,1080369.4072204833
687,1086999.8736700683
688,1093647.0674428726
689,1100316.988542831
690,1107031.8462722243
691,1113758.519021253
692,1120529.2804727042
693,1127329.066818275
694,1134140.8176091101
695,1141001.9893087556
696,1147887.0481762672
697,1154784.2215195105
698,1161736.7747527594
699,1168707.4512107046
700,1175691.088238191
701,1182739.012589487
702,1189799.3379674125
703,1196872.086188712
704,1204006.8168718072
705,1211157.086788982
706,1218319.9377996814
707,1225541.9678892132
708,1232782.478106546
709,1240035.728187656
710,1247346.2284806997
711,1254677.2750046037
712,1262021.2206830648
713,1269421.3443977635
714,1276843.2235682684
715,1284278.1617052185
716,1291769.0446479213
717,1299282.05322442
718,1306808.2811011006
719,1314391.0418450139
720,1321995.4770903683
721,1329613.2924923687
722,1337289.0325669667
723,1344985.1923299106
724,1352694.893629718
725,1360464.6977200902
726,1368252.8805158553
727,1376054.766753628
728,1383919.7029089043
729,1391800.2079979912
730,1399696.575541159
731,1407655.698810517
732,1415628.8262755494
733,1423622.4381289226
734,1431674.3215527344
735,1439740.3723734498
736,1447832.2480970628
737,1455977.1930952368
738,1464136.4692215652
739,1472327.6125810628
740,1480565.9216131107
741,1488818.7260364105
742,1497110.125247878
743,1505442.1018821679
744,1513788.7387046015
745,1522181.3666842408
746,1530607.3156654506
747,1539048.0901675567
748,1547542.9047856196
749,1556063.1321003747
750,1564598.3508068197
751,1573196.295145211
752,1581811.1080859595
753,1590448.6720598429
754,1599143.0814425966
755,1607852.788669782
756,1616595.3492785445
757,1625384.795831583
758,1634189.7074340635
759,1643038.1645742492
760,1651922.9593267508
761,1660823.3868806022
762,1669783.4054919549
763,1678769.8028005883
764,1687772.0116666555
765,1696828.6221227206
766,1705916.9097114552
767,1715021.1881195735
768,1724175.5512659505
769,1733366.019109735
770,1742572.6575446774
771,1751825.913838604
772,1761118.8542206106
773,1770428.1454794311
774,1779781.4154805853
775,1789177.1230260448
776,1798589.3622519702
777,1808043.7471037398
778,1817542.5188134995
779,1827058.003529551
780,1836614.5854328768
781,1846216.7207171815
782,1855835.7508600093
783,1865495.5935401581
784,1875201.3942523082
785,1884924.2722059179
786,1894688.421373847
787,1904498.191846941
788,1914325.222479491
789,1924194.7062825176
790,1934108.7533534234
791,1944040.2440412443
792,1954016.0735058137
793,1964034.7065509525
794,1974070.9672143874
795,1984154.1366856059
796,1994277.6676510375
797,2004419.0107845888
798,2014610.498356199
799,2024839.2417870455
800,2035085.982488847
801,2045389.3980274263
802,2055727.4546081254
803,2066083.7007772515
804,2076489.5982213614
805,2086937.3051451885
806,2097403.394567753
807,2107912.809049172
808,2118470.5057183406
809,2129046.7783932774
810,2139660.730208387
811,2150328.7582675302
812,2161015.55644013
813,2171735.0514197843
814,2182513.7547735753
815,2193311.4229531423
816,2204137.452823853
817,2215027.17765446
818,2225936.062631792
819,2236869.605372374
820,2247870.70015671
821,2258891.1510213898
822,2269933.171215068
823,2281045.986741388
824,2292178.354898397
825,2303330.3100820053
826,2314554.693463681
827,2325799.332649073
828,2337063.7563790116
829,2348398.46834535
830,2359755.7346408176
831,2371132.983624803
832,2382578.9517396097
833,2394049.203585956
834,2405539.6368949683
835,2417097.7766882335
836,2428681.3748976933
837,2440285.353978308
838,2451958.0131074204
839,2463656.9386350494
840,2475376.4479272277
841,2487159.568453554
842,2498974.0568215456
843,2510809.3322613616
844,2522704.1364398547
845,2534634.427369598
846,2546585.709099704
847,2558593.393215179
848,2570639.73065662
849,2582707.263055668
850,2594828.998150022
851,2606991.6303029135
852,2619175.662006822
853,2631412.5945931096
854,2643691.7739277915
855,2655992.55785058
856,2668345.8106147978
857,2680741.7938925307
858,2693159.5872466867
859,2705630.2597371265
860,2718143.30802952
861,2730678.3723454573
862,2743267.541649483
863,2755897.920356954
864,2768550.521501501
865,2781259.9180168565
866,2794008.9100932335
867,2806780.333276953
868,2819608.3228339422
869,2832476.1823220844
870,2845366.682034255
871,2858314.3648111364
872,2871301.350559013
873,2884311.1861024704
874,2897379.6389727695
875,2910486.0146378153
876,2923615.450133309
877,2936805.727415291
878,2950031.761463865
879,2963281.065849536
880,2976594.200036217
881,2989940.1657432816
882,3003309.612774322
883,3016746.6152459574
884,3030212.7906946847
885,3043702.658942955
886,3057271.387076997
887,3070865.068143221
888,3084482.666320537
889,3098161.6626719823
890,3111883.037506823
891,3125628.5540947253
892,3139419.3571014237
893,3153268.619705948
894,3167142.249046205
895,3181046.360982795
896,3195023.711231915
897,3209025.653550478
898,3223052.2311973237
899,3237150.1851932267
900,3251280.646593546
901,3265435.969414122
902,3279649.892313409
903,3293909.0847748527
904,3308193.3651208444
905,3322525.443793255
906,3336915.4984785533
907,3351330.871261641
908,3365776.8817191115
909,3380298.0464447574
910,3394844.759916786
911,3409417.0670764633
912,3424058.6016948977
913,3438736.9093220043
914,3453441.042136253
915,3468199.020420606
916,3483009.1808870947
917,3497845.3984946744
918,3512721.142772469
919,3527663.4199761264
920,3542631.9867384466
921,3557626.8893034626
922,3572705.1276742145
923,3587809.997244614
924,3602941.4423993938
925,3618129.7701119334
926,3633371.0902172197
927,3648639.2259477684
928,3663939.472235962
929,3679317.398307927
930,3694722.3803187837
931,3710154.4658602746
932,3725651.578339543
933,3741194.398280138
934,3756764.564231588
935,3772374.4259777023
936,3788055.2207369204
937,3803763.604227311
938,3819499.6249775523
939,3835306.9897440574
940,3851153.73668961
941,3867028.364298149
942,3882951.812540847
943,3898937.077570748
944,3914950.4669380696
945,3930992.030113349
946,3947115.7096381215
947,3963268.0243174573
948,3979448.7571946876
949,3995691.684121098
950,4011983.0962459403
951,4028303.171260699
952,4044667.022304606
953,4061097.7125182357
954,4077557.31063085
955,4094045.867490852
956,4110613.8744576224
957,4127213.1850842037
958,4143841.7002305593
959,4160533.5564091033
960,4177272.777353899
961,4194041.4489380857
962,4210858.786978886
963,4227738.340155967
964,4244647.590833564
965,4261591.294051246
966,4278611.405263218
967,4295661.461233301
968,4312741.51463316
969,4329893.885861984
970,4347084.980974513
971,4364306.321619815
972,4381587.675248777
973,4398920.050965399
974,4416282.920741797
975,4433694.647948201
976,4451168.553302145
977,4468673.2016801825
978,4486216.6607984295
979,4503832.352354695
980,4521479.036349938
981,4539156.767298052
982,4556913.295822808
983,4574702.279956345
984,4592522.561360749
985,4610413.21576286
986,4628344.772022015
987,4646307.876347706
988,4664334.62638144
989,4682410.102109143
990,4700517.379068642
991,4718678.253739834
992,4736897.91001752
993,4755149.621150741
994,4773445.9571258165
995,4791810.063211773
996,4810206.478249841
997,4828639.58007407
998,4847148.413342279
999,4865689.810146292
1000,4884263.827762524
1001,4902914.797351566
1002,4921601.461847178
1003,4940321.002688487
1004,4959111.038537626
1005,4977943.264652435
1006,4996808.623162643
1007,5015738.947584785
1008,5034717.037187941
1009,5053728.515766368
1010,5072800.323562176
1011,5091924.586405428
1012,5111082.495347869
1013,5130296.954889749
1014,5149567.708550009
1015,5168872.3659911705
1016,5188230.620272962
1017,5207648.1900962
1018,5227099.921953509
1019,5246603.089607159
1020,5266167.808654128
1021,5285766.9485733565
1022,5305416.12485286
1023,5325128.333843878
1024,5344875.223143835
1025,5364671.4808776425
1026,5384531.528141082
1027,5404426.515761996
1028,5424370.906276194
1029,5444379.147697077
1030,5464422.590149121
1031,5484516.144160768
1032,5504672.943130889
1033,5524865.204444205
1034,5545108.9329264555
1035,5565414.660295498
1036,5585756.111971226
1037,5606151.006990917
1038,5626606.041018918
1039,5647097.061981579
1040,5667644.097510301
1041,5688248.823821179
1042,5708889.800372117
1043,5729589.933071542
1044,5750344.744607907
1045,5771136.070380029
1046,5791990.240362386
1047,5812895.537341512
1048,5833837.61325517
1049,5854852.297633453
1050,5875915.905813771
1051,5897016.571394297
1052,5918169.921741595
1053,5939392.1222662255
1054,5960651.659150274
1055,5981948.598061838
1056,6003327.940841999
1057,6024748.3685278315
1058,6046206.481242656
1059,6067722.289267407
1060,6089303.805267748
1061,6110923.289644937
1062,6132580.809178216
1063,6154320.336586811
1064,6176101.40339578
1065,6197920.789576539
1066,6219800.293508788
1067,6241743.166220935
1068,6263724.642912582
1069,6285745.973223624
1070,6307850.88780725
1071,6329994.691392081
1072,6352177.452375883
1073,6374426.846062991
1074,6396733.225249876
1075,6419078.847794929
1076,6441473.289283295
1077,6463942.504924454
1078,6486451.250340714
1079,6508999.59505636
1080,6531628.528495159
1081,6554305.168634669
1082,6577021.703387896
1083,6599784.965793806
1084,6622629.68991565
1085,6645514.6042972775
1086,6668439.779624132
1087,6691427.45501481
1088,6714480.9521043245
1089,6737575.00666094
1090,6760709.690015615
1091,6783923.358452864
1092,6807186.509010407
1093,6830490.585789301
1094,6853844.394793163
1095,6877276.871260424
1096,6900750.57177554
1097,6924265.568841314
1098,6947848.639998209
1099,6971492.207540233
1100,6995177.37040975
1101,7018904.326107219
1102,7042718.016772901
1103,7066573.6019921675
1104,7090471.155446535
1105,7114430.489503747
1106,7138456.766280921
1107,7162525.311517634
1108,7186636.199552688
1109,7210829.334281125
1110,7235069.153503618
1111,7259351.616771816
1112,7283693.747368358
1113,7308105.1351464
1114,7332559.4687344255
1115,7357056.82366195
1116,7381635.682386564
1117,7406262.193616781
1118,7430932.02902058
1119,7455663.195273528
1120,7480462.203556065
1121,7505304.839406827
1122,7530191.179553773
1123,7555161.88649304
1124,7580177.654726394
1125,7605237.431766502
1126,7630363.7709160615
1127,7655553.316338313
1128,7680787.176210877
1129,7706069.783651405
1130,7731433.4785063015
1131,7756841.794108546
1132,7782294.808931945
1133,7807820.474866575
1134,7833403.630178765
1135,7859031.79222168
1136,7884716.623863451
1137,7910475.013822245
1138,7936278.718714689
1139,7962127.818234828
1140,7988058.506541129
1141,8014038.431861862
1142,8040064.061745551
1143,8066155.942060287
1144,8092312.471599951
1145,8118515.016311563
1146,8144769.663242606
1147,8171103.192348143
1148,8197483.047928647
1149,8223909.311456228
1150,8250412.933234718
1151,8276970.507175836
1152,8303574.80162964
1153,8330244.019394985
1154,8356979.730165321
1155,8383762.474748626
1156,8410598.763847275
1157,8437513.0400035
1158,8464474.664025398
1159,8491483.71918038
1160,8518572.750984717
1161,8545713.694994941
1162,8572902.385516455
1163,8600161.167225674
1164,8627481.882893618
1165,8654850.661244098
1166,8682280.583965497
1167,8709781.533963175
1168,8737330.86362701
1169,8764933.288815603
1170,8792614.946704388
1171,8820345.302074473
1172,8848124.440565428
1173,8875984.413082656
1174,8903896.27935055
1175,8931857.247965034
1176,8959892.219687374
1177,8987986.092737155
1178,9016129.388229955
1179,9044340.648847315
1180,9072617.035152681
1181,9100943.164886907
1182,9129331.979703402
1183,9157791.396228334
1184,9186300.87807574
1185,9214868.48924107
1186,9243511.463343566
1187,9272204.825588232
1188,9300952.453283606
1189,9329779.522622708
1190,9358657.303867845
1191,9387586.147448288
1192,9416597.859894076
1193,9445660.608971884
1194,9474774.48443255
1195,9503968.761613317
1196,9533217.037497882
1197,9562516.766043637
1198,9591894.515752345
1199,9621328.887475427
1200,9650815.039137345
1201,9680377.412655324
1202,9709998.459224794
1203,9739671.614027582
1204,9769419.74586275
1205,9799228.056184106
1206,9829088.804067478
1207,9859023.812905837
1208,9889019.985706024
1209,9919068.926448422
1210,9949191.916071001
1211,9979376.55982496
1212,10009614.302969957
1213,10039926.363136841
1214,10070300.09599669
1215,10100727.260782013
1216,10131229.468084369
1217,10161792.917810796
1218,10192410.133099645
1219,10223108.218695136
1220,10253868.03264215
1221,10284681.957480332
1222,10315557.014018897
1223,10346513.667758541
1224,10377524.778552828
1225,10408590.442163844
1226,10439732.640324717
1227,10470941.427743137
1228,10502205.115611333
1229,10533527.747913126
1230,10564934.716724731
1231,10596396.934505196
1232,10627914.498408282
1233,10659507.439419731
1234,10691168.706683697
1235,10722885.67011388
1236,10754662.373899337
1237,10786523.22394648
1238,10818440.121139592
1239,10850413.164035108
1240,10882463.263894282
1241,10914580.64266218
1242,10946754.5196907
1243,10978991.591693074
1244,11011310.013255112
1245,11043685.28662122
1246,11076117.51176184
1247,11108631.000586465
1248,11141208.245763257
1249,11173842.797889592
1250,11206546.363046447
1251,11239326.168618854
1252,11272163.637349129
1253,11305058.870633464
1254,11338041.818820707
1255,11371082.806756265
1256,11404181.917138115
1257,11437357.953632696
1258,11470603.076211313
1259,11503906.680208972
1260,11537277.325388173
1261,11570727.210742125
1262,11604235.937590674
1263,11637803.609400632
1264,11671457.97168739
1265,11705172.463201161
1266,11738946.261511475
1267,11772798.118022827
1268,11806719.028462227
1269,11840699.608682048
1270,11874750.40763248
1271,11908878.403575191
1272,11943066.43345256
1273,11977317.598527748
1274,12011653.358744089
1275,12046049.51824114
1276,12080506.183222938
1277,12115046.665348323
1278,12149651.646520318
1279,12184317.50038022
1280,12219061.118503261
1281,12253875.659379672
1282,12288751.441443084
1283,12323699.457994686
1284,12358724.272065675
1285,12393810.69707559
1286,12428964.468599303
1287,12464200.281255858
1288,12499498.075876923
1289,12534858.940108672
1290,12570306.488528771
1291,12605816.391233414
1292,12641388.757861711
1293,12677045.701357607
1294,12712768.462315612
1295,12748554.061488695
1296,12784420.734060911
1297,12820357.115033127
1298,12856356.709849434
1299,12892434.408713322
1300,12928585.182949068
1301,12964799.548015704
1302,13001089.556017827
1303,13037455.50815618
1304,13073885.429489989
1305,13110389.01614165
1306,13146970.942116093
1307,13183617.217048192
1308,13220336.991522469
1309,13257139.813975202
1310,13294007.373804389
1311,13330939.784836208
1312,13367956.61363956
1313,13405046.150924223
1314,13442200.929728447
1315,13479424.591263097
1316,13516736.813824834
1317,13554114.669465566
1318,13591558.273585115
1319,13629082.61687141
1320,13666684.273543349
1321,13704352.072212765
1322,13742086.805378929
1323,13779913.00219122
1324,13817805.735817095
1325,13855765.123244142
1326,13893804.108246706
1327,13931922.531972818
1328,13970108.006335488
1329,14008360.838943202
1330,14046705.722457137
1331,14085118.054794252
1332,14123597.95454436
1333,14162158.765686724
1334,14200799.120298656
1335,14239507.44325502
1336,14278284.34500837
1337,14317153.502215471
1338,14356091.030068282
1339,14395097.048776038
1340,14434184.5206581
1341,14473352.050092522
1342,14512588.474788485
1343,14551895.491699051
1344,14591293.83418807
1345,14630761.477769809
1346,14670298.54428805
1347,14709919.710737675
1348,14749619.400709363
1349,14789388.921614375
1350,14829233.0073224
1351,14869165.585595446
1352,14909168.404276667
1353,14949241.586859949
1354,14989403.375013197
1355,15029640.34910093
1356,15069948.098790532
1357,15110336.113660974
1358,15150808.114841312
1359,15191351.30485365
1360,15231967.149788512
1361,15272675.063624797
1362,15313454.581077922
1363,15354305.828036439
1364,15395244.5623228
1365,15436261.308064992
1366,15477350.20040756
1367,15518519.983852845
1368,15559774.872296622
1369,15601102.326041171
1370,15642504.708412994
1371,15683998.667375777
1372,15725565.611968597
1373,15767205.670507634
1374,15808936.095204368
1375,15850743.473366374
1376,15892624.388197273
1377,15934590.567101145
1378,15976639.334679544
1379,16018762.063327687
1380,16060965.50486236
1381,16103256.630688118
1382,16145622.143685404
1383,16188064.341768684
1384,16230598.807519143
1385,16273208.088266412
1386,16315892.315539926
1387,16358669.32360759
1388,16401523.368242325
1389,16444452.78972894
1390,16487471.650608223
1391,16530571.467877122
1392,16573747.094094547
1393,16617011.796929251
1394,16660362.916978657
1395,16703790.28779697
1396,16747294.043435475
1397,16790889.224533807
1398,16834569.238272432
1399,16878326.081004344
1400,16922159.88779638
1401,16966087.999889154
1402,17010098.84774981
1403,17054187.10623514
1404,17098352.91143355
1405,17142616.397920623
1406,17186960.045695085
1407,17231381.68917715
1408,17275882.770376675
1409,17320482.762656875
1410,17365161.201315768
1411,17409918.22426095
1412,17454759.30066435
1413,17499695.508730542
1414,17544710.754255615
1415,17589805.176185247
1416,17634988.66168286
1417,17680263.122794874
1418,17725617.216022946
1419,17771051.081357114
1420,17816579.388777792
1421,17862194.164862636
1422,17907889.171340972
1423,17953664.549253564
1424,17999540.092054203
1425,18045497.26957186
1426,18091535.279423762
1427,18137659.06281393
1428,18183879.45756216
1429,18230181.14738101
1430,18276564.27518099
1431,18323039.81453307
1432,18369606.24841657
1433,18416254.585698023
1434,18462984.97035629
1435,18509814.677273143
1436,18556729.305854984
1437,18603726.4499467
1438,18650810.530028325
1439,18697992.547348004
1440,18745257.550236978
1441,18792605.68457453
1442,18840048.424759272
1443,18887582.401229545
1444,18935199.981990043
1445,18982901.314006582
1446,19030705.275776368
1447,19078593.575586494
1448,19126566.102559023
1449,19174629.99753568
1450,19222790.14309364
1451,19271034.993697986
1452,19319364.698247507
1453,19367794.151994728
1454,19416312.80126318
1455,19464916.78579019
1456,19513609.155139767
1457,19562402.758467145
1458,19611282.180394474
1459,19660247.571775943
1460,19709309.12882703
1461,19758465.16095029
1462,19807707.64877633
1463,19857036.744278073
1464,19906470.011975955
1465,19955990.78628988
1466,20005598.65747077
1467,20055301.025200836
1468,20105101.291022744
1469,20154989.145018004
1470,20204964.74114808
1471,20255043.47817525
1472,20305212.5369188
1473,20355469.83211102
1474,20405821.672848985
1475,20456273.172877386
1476,20506813.40583869
1477,20557442.52770438
1478,20608175.403636467
1479,20658999.82751505
1480,20709913.63985357
1481,20760923.59223178
1482,20812033.47443725
1483,20863233.246882826
1484,20914523.067571975
1485,20965920.43686315
1486,21017409.25947974
1487,21068988.638431195
1488,21120661.142747574
1489,21172440.261554316
1490,21224310.446974028
1491,21276271.859075647
1492,21328330.906880938
1493,21380493.16343297
1494,21432747.16006049
1495,21485093.058014855
1496,21537541.45887954
1497,21590089.323204037
1498,21642729.605402336
1499,21695462.46791578
1500,21748303.03851127
1501,21801239.006432787
1502,21854268.074407462
1503,21907393.00057656
1504,21960625.971504994
1505,22013952.564536504
1506,22067372.94422662
1507,22120895.217186652
1508,22174520.670462348
1509,22228240.43570637
1510,22282054.678685416
1511,22335977.13199877
1512,22389997.635717247
1513,22444113.145777125
1514,22498326.69823016
1515,22552649.308515124
1516,22607067.456148844
1517,22661581.309049264
1518,22716200.228932083
1519,22770922.399622843
1520,22825740.80995141
1521,22880655.6290686
1522,22935682.777827203
1523,22990807.148316655
1524,23046028.465365753
1525,23101353.405543197
1526,23156785.15355584
1527,23212314.388386596
1528,23267941.281375665
1529,23323679.669316113
1530,23379518.256253853
1531,23435455.045074012
1532,23491495.55467338
1533,23547644.94234876
1534,23603893.07817292
1535,23660240.135700215
1536,23716699.336437427
1537,23773260.284606583
1538,23829920.70427577
1539,23886686.345727563
1540,23943561.585596826
1541,24000536.8493592
1542,24057612.312808465
1543,24114801.920652766
1544,24172093.524352256
1545,24229485.88372646
1546,24286986.24850898
1547,24344595.701743685
1548,24402306.46929013
1549,24460119.54800659
1550,24518048.37399764
1551,24576079.075610537
1552,24634211.831889372
1553,24692458.318557214
1554,24750813.171231125
1555,24809270.648276705
1556,24867830.930052307
1557,24926505.586349767
1558,24985289.27711161
1559,25044176.34592882
1560,25103166.974482656
1561,25162273.122502245
1562,25221488.490567576
1563,25280807.995354593
1564,25340231.819876116
1565,25399772.786352433
1566,25459422.698756035
1567,25519177.51157899
1568,25579037.409174513
1569,25639016.52714022
1570,25699103.878631026
1571,25759296.899318818
1572,25819595.77490605
1573,25880016.385184225
1574,25940544.0981238
1575,26001178.25416623
1576,26061920.502774548
1577,26122784.49295933
1578,26183755.51723147
1579,26244833.76368892
1580,26306023.5801985
1581,26367333.076110836
1582,26428750.389043517
1583,26490275.70846857
1584,26551916.453333322
1585,26613674.45441519
1586,26675541.06071376
1587,26737516.46308434
1588,26799611.509724997
1589,26861821.04269288
1590,26924139.97438503
1591,26986568.497049224
1592,27049122.22872785
1593,27111787.440443814
1594,27174562.851672318
1595,27237448.656066507
1596,27300460.460001625
1597,27363584.415304888
1598,27426819.376286782
1599,27490165.53801516
1600,27553638.96103689
1601,27617224.752684448
1602,27680922.36160342
1603,27744732.271724068
1604,27808670.58362346
1605,27872721.332283437
1606,27936884.71528316
1607,28001162.760812394
1608,28065569.124726847
1609,28130088.74790354
1610,28194721.829364978
1611,28259469.21304178
1612,28324346.801967274
1613,28389338.478223905
1614,28454444.442287233
1615,28519664.894984506
1616,28585016.818157554
1617,28650483.75465194
1618,28716065.814102005
1619,28781763.198800445
1620,28847592.473436464
1621,28913537.905910105
1622,28979599.302165505
1623,29045776.865970757
1624,29112087.166438032
1625,29178514.359177
1626,29245058.362250913
1627,29311719.605771847
1628,29378514.39529702
1629,29445426.64110049
1630,29512456.54956908
1631,29579605.45137534
1632,29646887.758601893
1633,29714288.37876076
1634,29781807.51974186
1635,29849447.787476417
1636,29917220.956308566
1637,29985113.300593607
1638,30053125.02973473
1639,30121260.387849048
1640,30189527.790619064
1641,30257915.237278786
1642,30326422.938755028
1643,30395057.12935538
1644,30463822.16683065
1645,30532708.122598406
1646,30601715.209119614
1647,30670851.992759768
1648,30740118.09415829
1649,30809505.994268
1650,30879015.907094438
1651,30948659.063518416
1652,31018429.686532818
1653,31088322.99474274
1654,31158339.203708924
1655,31228492.53254893
1656,31298771.163379084
1657,31369173.372004647
1658,31439700.81720758
1659,31510366.883534953
1660,31581157.20840379
1661,31652072.010134973
1662,31723115.998009667
1663,31794296.37923742
1664,31865601.92267078
1665,31937032.84821592
1666,32008597.28731835
1667,32080295.530392006
1668,32152119.845557135
1669,32224070.45431597
1670,32296159.27273954
1671,32368378.95324538
1672,32440725.622000337
1673,32513199.61230077
1674,32585816.64812022
1675,32658561.370334417
1676,32731434.003277406
1677,32804439.430958066
1678,32877584.21428096
1679,32950857.6112241
1680,33024259.847748023
1681,33097800.69348842
1682,33171476.879730128
1683,33245282.613229092
1684,33319218.121583447
1685,33393298.387968812
1686,33467509.66136932
1687,33541851.422125958
1688,33616328.74125753
1689,33690947.61149117
1690,33765697.685189135
1691,33840579.19285457
1692,33915603.10969965
1693,33990763.57084387
1694,34066056.18695799
1695,34141482.829549976
1696,34217055.766552754
1697,34292761.5831904
1698,34368600.51290593
1699,34444580.98780563
1700,34520702.11092075
1701,34596957.076742895
1702,34673346.12040421
1703,34749884.52809744
1704,34826557.65352922
1705,34903365.59143289
1706,34980315.62182068
1707,35057409.04417864
1708,35134638.017389365
1709,35212002.77958076
1710,35289518.92586598
1711,35367171.970698886
1712,35444961.54951686
1713,35522892.271871656
1714,35600971.55127345
1715,35679188.11345752
1716,35757542.19958918
1717,35836043.7321417
1718,35914689.45874637
1719,35993473.46323353
1720,36072395.98851357
1721,36151472.90716513
1722,36230689.34552468
1723,36310045.06434659
1724,36389544.77596412
1725,36469195.8495341
1726,36548986.9670958
1727,36628918.37465671
1728,36709000.10864534
1729,36789228.84456725
1730,36869598.63924851
1731,36950109.74047604
1732,37030777.87214477
1733,37111588.29186995
1734,37192540.7921735
1735,37273641.25349416
1736,37354894.55055583
1737,37436290.70617686
1738,37517829.97130016
1739,37599524.66224895
1740,37681366.74378433
1741,37763352.718148135
1742,37845485.903432444
1743,37927776.195800155
1744,38010211.16832854
1745,38092791.075154506
1746,38175526.383137956
1747,38258412.6570724
1748,38341444.65805521
1749,38424624.65739206
1750,38507964.55026746
1751,38591450.967005044
1752,38675084.16497444
1753,38758874.24500497
1754,38842817.413393356
1755,38926908.16531956
1756,39011149.17009907
1757,39095551.4403173
1758,39180102.100499496
1759,39264801.41128694
1760,39349660.52308126
1761,39434673.460114785
1762,39519835.859745845
1763,39605152.169672556
1764,39690629.7664417
1765,39776257.641977884
1766,39862036.060233876
1767,39947978.57489088
1768,40034074.32770365
1769,40120321.4450462
1770,40206727.47444663
1771,40293293.52021695
1772,40380011.75656161
1773,40466884.08808745
1774,40553922.85680915
1775,40641114.64640922
1776,40728459.725647636
1777,40815970.009176865
1778,40903637.80062968
1779,40991459.71777251
1780,41079442.683814086
1781,41167588.9400705
1782,41255890.16238582
1783,41344348.62239066
1784,41432975.82076697
1785,41521758.829913266
1786,41610697.923480086
1787,41699806.234309696
1788,41789073.52635182
1789,41878497.75338124
1790,41968088.008201085
1791,42057842.09362735
1792,42147753.96900791
1793,42237829.006198995
1794,42328072.40994211
1795,42418474.46303194
1796,42509037.12865206
1797,42599772.39011174
1798,42690667.164761215
1799,42781721.732740715
1800,42872949.985892594
1801,42964340.04046979
1802,43055890.758218
1803,43147613.186300546
1804,43239501.093718454
1805,43331550.53865754
1806,43423770.01792171
1807,43516158.36566824
1808,43608709.12982081
1809,43701428.545216575
1810,43794319.93538632
1811,43887374.62540713
1812,43980598.02273573
1813,44073999.396378465
1814,44167564.96550492
1815,44261295.0184617
1816,44355194.45681786
1817,44449273.517490886
1818,44543517.96377447
1819,44637928.086100854
1820,44732508.82351345
1821,44827270.295474805
1822,44922198.3514522
1823,45017293.283978105
1824,45112560.601282746
1825,45208009.243347555
1826,45303625.676172964
1827,45399410.19440614
1828,45495369.395875774
1829,45591510.00159125
1830,45687819.613211565
1831,45784298.527513176
1832,45880954.941382244
1833,45977792.33919449
1834,46074799.96651631
1835,46171978.122268386
1836,46269337.13953047
1837,46366876.26554746
1838,46464586.85332817
1839,46562469.203952424
1840,46660535.96228991
1841,46758781.71254557
1842,46857200.16539757
1843,46955791.62409991
1844,47054571.53926074
1845,47153528.84531003
1846,47252660.10342865
1847,47351965.6190599
1848,47451464.13179844
1849,47551137.96089537
1850,47650987.00023733
1851,47751014.94659826
1852,47851234.1340147
1853,47951629.48929169
1854,48052201.32175478
1855,48152957.594510205
1856,48253902.0737646
1857,48355023.99441753
1858,48456323.66802579
1859,48557813.775969066
1860,48659488.61363298
1861,48761342.17510941
1862,48863374.77420189
1863,48965604.25289102
1864,49068014.55191718
1865,49170604.866109304
1866,49273380.02150809
1867,49376349.92369145
1868,49479500.823610276
1869,49582833.03905169
1870,49686357.58056847
1871,49790072.178809986
1872,49893969.0823184
1873,49998048.61117128
1874,50102327.48701349
1875,50206791.98633561
1876,50311440.10757344
1877,50416276.01544806
1878,50521311.03433158
1879,50626530.676823
1880,50731935.267060965
1881,50837535.54723636
1882,50943329.655917645
1883,51049309.72095027
1884,51155476.0688074
1885,51261846.42001218
1886,51368404.9260657
1887,51475150.73051023
1888,51582090.382824816
1889,51689230.3122969
1890,51796558.56094984
1891,51904075.459395304
1892,52011795.348533005
1893,52119709.04525579
1894,52227812.41960954
1895,52336109.54304798
1896,52444611.70798617
1897,52553304.58368276
1898,52662188.50493821
1899,52771276.113504894
1900,52880561.532336816
1901,52990039.036991246
1902,53099711.86635053
1903,53209592.8865163
1904,53319667.03812363
1905,53429934.660212435
1906,53540408.30775075
1907,53651082.1863494
1908,53761950.58827325
1909,53873017.557935424
1910,53984294.55741097
1911,54095767.13900015
1912,54207435.646034524
1913,54319313.26690125
1914,54431393.141505584
1915,54543670.007649146
1916,54656148.142922565
1917,54768838.44073219
1918,54881726.80165583
1919,54994813.57336962
1920,55108112.92246955
1921,55221615.9307707
1922,55335318.42883296
1923,55449226.51375237
1924,55563347.339010105
1925,55677668.73854931
1926,55792191.06444321
1927,55906931.012080304
1928,56021874.505292915
1929,56137020.01686828
1930,56252376.977759205
1931,56367945.77396798
1932,56483717.68616625
1933,56599695.30627194
1934,56715892.63198623
1935,56832294.176965125
1936,56948900.29966384
1937,57065725.20963808
1938,57182759.63683409
1939,57299999.752645165
1940,57417453.68045886
1941,57535124.2566498
1942,57653001.63806979
1943,57771088.2615888
1944,57889398.270960055
1945,58007916.207923196
1946,58126642.43742577
1947,58245591.95834248
1948,58364753.75828748
1949,58484124.98088914
1950,58603715.64175917
1951,58723524.629697114
1952,58843544.17622902
1953,58963779.68890716
1954,59084239.20749204
1955,59204910.42645898
1956,59325794.512568265
1957,59446907.92216755
1958,59568234.179818556
1959,59689773.65908223
1960,59811541.24972062
1961,59933525.93012247
1962,60055724.98773853
1963,60178149.71199566
1964,60300796.21710645
1965,60423658.26098689
1966,60546744.81511725
1967,60670058.70851124
1968,60793589.311982915
1969,60917337.00585298
1970,61041319.37791093
1971,61165521.966376096
1972,61289942.82459228
1973,61414589.05077286
1974,61539467.067615956
1975,61664564.53958832
1976,61789881.85181516
1977,61915435.50272132
1978,62041213.05595998
1979,62167211.64297379
1980,62293438.20266597
1981,62419899.32286089
1982,62546582.676450916
1983,62673488.6534234
1984,62800634.33385723
1985,62928005.96410411
1986,63055601.42559463
1987,63183429.12730263
1988,63311492.56265674
1989,63439781.043289304
1990,63568294.96410845
1991,63697057.67039064
1992,63826046.86540302
1993,63955262.73025682
1994,64084705.6627028
1995,64214395.27597678
1996,64344316.61926621
1997,64474466.2681377
1998,64604844.62320428
1999,64735468.25086931
2000,64866328.17567186
2001,64997418.05305237
2002,65128738.286505684
2003,65260303.33600548
2004,65392108.778560355
2005,65524145.83282748
2006,65656414.90520469
2007,65788927.931071594
2008,65921688.00880652
2009,66054681.373358525
2010,66187908.4340561
2011,66321369.6009437
2012,66455087.01022956
2013,66589043.204734996
2014,66723234.78482586
2015,66857662.16350237
2016,66992333.11945017
2017,67127258.70916387
2018,67262421.3853865
2019,67397821.56409398
2020,67533459.66198975
2021,67669355.41565748
2022,67805495.81070293
2023,67941875.42371586
2024,68078494.67440076
2025,68215361.00183178
2026,68352485.78463537
2027,68489851.51255308
2028,68627458.60831061
2029,68765307.49537301
2030,68903419.18173082
2031,69041777.75177097
2032,69180379.43158394
2033,69319224.6476817
2034,69458324.02900198
2035,69597682.21529803
2036,69737285.26514652
2037,69877133.60812704
2038,70017228.50769916
2039,70157593.13160174
2040,70298204.38476533
2041,70439062.69985756
2042,70580168.51030292
2043,70721538.88546067
2044,70863165.22282554
2045,71005040.40294804
2046,71147164.86236708
2047,71289548.0197345
2048,71432196.37010536
2049,71575095.35617816
2050,71718245.41762738
2051,71861649.23713292
2052,72005326.57754877
2053,72149256.3588102
2054,72293439.02374832
2055,72437875.01596874
2056,72582584.75803992
2057,72727552.37236765
2058,72872774.6909773
2059,73018252.1606581
2060,73163999.98817943
2061,73310012.52241567
2062,73456281.59392907
2063,73602807.65271395
2064,73749601.51006265
2065,73896666.10034359
2066,74043989.07337244
2067,74191570.88237022
2068,74339418.73306225
2069,74487542.56515162
2070,74635926.6380213
2071,74784571.40814102
2072,74933481.2356163
2073,75082671.54524228
2074,75232123.96632954
2075,75381838.9586183
2076,75531818.76701976
2077,75682082.84021693
2078,75832610.9082921
2079,75983403.43427816
2080,76134461.24922538
2081,76285806.42267928
2082,76437417.48725154
2083,76589294.90929002
2084,76741439.1559577
2085,76893872.44004387
2086,77046573.90171055
2087,77199543.63333353
2088,77352782.10541882
2089,77506311.21635309
2090,77660110.52715257
2091,77814180.03342234
2092,77968520.24800324
2093,78123153.25410098
2094,78278057.91786902
2095,78433234.71573514
2096,78588685.26943213
2097,78744429.23606478
2098,78900446.80879451
2099,79056738.46745439
2100,79213307.50473693
2101,79370170.02714595
2102,79527308.11735101
2103,79684722.2586138
2104,79842417.94999595
2105,80000406.67621805
2106,80158672.94529924
2107,80317217.2439529
2108,80476047.78674716
2109,80635170.4179844
2110,80794572.58060007
2111,80954254.76478262
2112,81114228.38385339
2113,81274492.674845
2114,81435038.49928343
2115,81595866.3508556
2116,81756991.2993713
2117,81918405.05877014
2118,82080102.36732672
2119,82242083.72225021
2120,82404368.28243552
2121,82566939.3731864
2122,82729796.04254279
2123,82892942.0538644
2124,83056391.27514741
2125,83220127.61486964
2126,83384151.57647666
2127,83548472.02516063
2128,83713092.41447514
2129,83878001.97584729
2130,84043201.21631055
2131,84208704.46268934
2132,84374504.03416327
2133,84540594.845312
2134,84706977.82764727
2135,84873671.84314862
2136,85040658.66665189
2137,85207938.81154275
2138,85375519.5421785
2139,85543406.84346423
2140,85711589.04500255
2141,85880066.6638341
2142,86048853.58738256
2143,86217942.34272535
2144,86387328.10483745
2145,86557013.15925723
2146,86727012.98962303
2147,86897311.42412917
2148,87067908.98628582
2149,87238815.32067256
2150,87410030.98092128
2151,87581547.37693216
2152,87753365.0359386
2153,87925501.18534087
2154,88097941.00091627
2155,88270683.69841409
2156,88443736.49914591
2157,88617104.3445405
2158,88790776.69883338
2159,88964754.0958478
2160,89139051.94658878
2161,89313658.60070299
2162,89488571.93546177
2163,89663798.39904262
2164,89839344.02086237
2165,90015197.96939875
2166,90191360.785142
2167,90367847.63020034
2168,90544646.89358492
2169,90721756.68132922
2170,90899184.15437062
2171,91076933.45884922
2172,91254994.9530904
2173,91433369.1843299
2174,91612072.47163859
2175,91791090.43222874
2176,91970422.8064362
2177,92150078.79473346
2178,92330058.00702104
2179,92510353.31789714
2180,92690967.34796391
2181,92871912.62293151
2182,93053175.68985559
2183,93234757.10575311
2184,93416669.28332753
2185,93598904.9514995
2186,93781460.673425
2187,93964343.05019537
2188,94147556.19077493
2189,94331091.09838916
2190,94514949.04485221
2191,94699144.55510168
2192,94883663.55421296
2193,95068506.609148
2194,95253685.2520883
2195,95439193.27479447
2196,95625027.08676346
2197,95811193.55024529
2198,95997695.5550761
2199,96184525.091261
2200,96371684.77969782
2201,96559185.75175932
2202,96747016.00596404
2203,96935176.11938588
2204,97123679.28401801
2205,97312515.27681252
2206,97501682.89142856
2207,97691191.63421117
2208,97881038.41307561
2209,98071218.58517197
2210,98261739.19175851
2211,98452603.9229986
2212,98643803.83140716
2213,98835339.50434591
2214,99027222.5183324
2215,99219447.18362032
2216,99412009.40924507
2217,99604910.18294306
2218,99798165.80196069
2219,99991760.78794381
2220,100185695.73556507
2221,100379972.71506108
2222,100574605.49930649
2223,100769580.06375685
2224,100964897.00729537
2225,101160559.85745467
2226,101356579.11404753
2227,101552942.58031884
2228,101749650.85939054
2229,101946709.27521946
2230,102144124.377161
2231,102341886.1346025
2232,102539995.15493277
2233,102738458.86275183
2234,102937279.24939674
2235,103136448.75382592
2236,103335967.98772345
2237,103535846.74638985
2238,103736081.92392045
2239,103936668.69809774
2240,104137607.68492992
2241,104338911.28705414
2242,104540570.82895598
2243,104742584.4630615
2244,104944953.51626487
2245,105147691.0828876
2246,105350784.63042735
2247,105554234.78253935
2248,105758046.21500055
2249,105962224.97189398
2250,106166762.23459911
2251,106371658.6311749
2252,106576922.32616022
2253,106782552.03457649
2254,106988542.79071839
2255,107194895.22707781
2256,107401621.10627751
2257,107608711.59657773
2258,107816165.69365576
2259,108023986.42979452
2260,108232182.05917661
2261,108440743.23131709
2262,108649670.58654618
2263,108858971.2465229
2264,109068644.93860927
2265,109278686.76262994
2266,109489097.36342978
2267,109699887.9729548
2268,109911049.7508889
2269,110122582.26740463
2270,110334489.5517794
2271,110546776.79965392
2272,110759436.7575249
2273,110972470.07821871
2274,111185885.44696538
2275,111399678.72340685
2276,111613847.34776814
2277,111828392.4381443
2278,112043324.5951574
2279,112258634.09487796
2280,112474321.59820838
2281,112690391.90819351
2282,112906847.88711275
2283,113123683.87766996
2284,113340900.54541981
2285,113558506.35167749
2286,113776496.47537304
2287,113994869.2976253
2288,114213627.1767667
2289,114432777.1119577
2290,114652311.77696118
2291,114872231.84555528
2292,115092543.57052875
2293,115313245.79917088
2294,115534335.47616492
2295,115755813.69797681
2296,115977689.24391997
2297,116199954.29299794
2298,116422609.52730747
2299,116645660.05609818
2300,116869106.27391358
2301,117092944.74542028
2302,117317176.24710456
2303,117541809.46341662
2304,117766837.01203291
2305,117992259.58346489
2306,118218081.97392392
2307,118444304.47286321
2308,118670924.08708106
2309,118897941.98701315
2310,119125365.34292682
2311,119353187.9168679
2312,119581410.40786004
2313,119810037.90776943
2314,120039069.39200573
2315,120268502.91006696
2316,120498340.52468076
2317,120728586.90355633
2318,120959237.44345078
2319,121190292.85199833
2320,121421758.91566008
2321,121653632.50612047
2322,121885913.10662977
2323,122118603.96671508
2324,122351706.67058234
2325,122585218.53644948
2326,122819140.6705418
2327,123053478.58490308
2328,123288227.8238296
2329,123523389.10743313
2330,123758966.973856
2331,123994959.7279875
2332,124231366.70381968
2333,124468190.6400505
2334,124705433.08611615
2335,124943091.94165793
2336,125181168.46504723
2337,125419666.8144991
2338,125658583.77201393
2339,125897920.07038736
2340,126137679.90960708
2341,126377861.22628039
2342,126618464.09711799
2343,126859491.95461097
2344,127100944.79400273
2345,127342821.41334417
2346,127585122.55443618
2347,127827850.94859138
2348,128071007.44359194
2349,128314590.70066339
2350,128558601.46679808
2351,128803041.3538992
2352,129047911.42166787
2353,129293211.25086434
2354,129538941.59370257
2355,129785103.60518037
2356,130031698.26829018
2357,130278725.71135813
2358,130526186.69185242
2359,130774082.15153438
2360,131022412.96205342
2361,131271179.59116112
2362,131520382.8016144
2363,131770023.33042899
2364,132020101.93031526
2365,132270619.4076754
2366,132521576.53059033
2367,132772973.71256782
2368,133024811.65272498
2369,133277091.54933359
2370,133529814.17583278
2371,133782980.30700727
2372,134036589.30158088
2373,134290643.29109627
2374,134545143.115142
2375,134800089.5539055
2376,135055482.30552375
2377,135311322.1526793
2378,135567610.95946613
2379,135824349.51150888
2380,136081538.37009695
2381,136339175.9308311
2382,136597265.59691536
2383,136855808.1594474
2384,137114804.41090128
2385,137374252.70435753
2386,137634155.1979163
2387,137894513.75992596
2388,138155329.18837845
2389,138416600.8391589
2390,138678328.2203169
2391,138940514.86289805
2392,139203161.57044873
2393,139466268.99323002
2394,139729833.4144338
2395,139993860.31116182
2396,140258350.49255058
2397,140523304.76914388
2398,140788719.82804054
2399,141054599.2453801
2400,141320945.18839613
2401,141587758.47326908
2402,141855036.8112864
2403,142122781.10902685
2404,142390995.1949445
2405,142659679.8908933
2406,142928834.0215524
2407,143198455.6532598
2408,143468550.3572915
2409,143739118.9612119
2410,144010161.42823163
2411,144281672.94171727
2412,144553660.83348256
2413,144826125.93684
2414,145099069.08655107
2415,145372483.35524037
2416,145646377.09924623
2417,145920751.38855642
2418,146195607.06372815
2419,146470937.5965172
2420,146746749.9526478
2421,147023046.20996797
2422,147299827.21486834
2423,147577086.69465375
2424,147854830.51866928
2425,148133061.62209707
2426,148411780.85719982
2427,148690982.00966844
2428,148970670.25370947
2429,149250849.17788854
2430,149531519.64037883
2431,149812675.23690978
2432,150094320.95001003
2433,150376460.76664367
2434,150659095.55093345
2435,150942218.41140854
2436,151225834.74001202
2437,151509948.6183812
2438,151794560.91662744
2439,152079663.91215286
2440,152365264.10063744
2441,152651365.308125
2442,152937968.41075462
2443,153225063.92880848
2444,153512660.65574175
2445,153800761.892924
2446,154089368.52256
2447,154378472.0335498
2448,154668078.67587844
2449,154958193.3429322
2450,155248816.92302126
2451,155539941.60139695
2452,155831571.6360299
2453,156123713.2332657
2454,156416367.28756005
2455,156709526.35801324
2456,157003193.36236194
2457,157297375.49076536
2458,157592073.64386508
2459,157887279.4023998
2460,158182995.25903374
2461,158479229.82177162
2462,158775983.99747622
2463,159073256.89546508
2464,159371035.24265692
2465,159669335.9016749
2466,159968159.78564334
2467,160267507.80927202
2468,160567368.1377583
2469,160867748.65937644
2470,161168656.0418216
2471,161470091.2061167
2472,161772049.11298606
2473,162074523.36835507
2474,162377528.1445001
2475,162681064.3687983
2476,162985132.97023717
2477,163289715.65197214
2478,163594831.8225345
2479,163900483.13184798
2480,164206670.51530668
2481,164513381.48868856
2482,164820623.16036966
2483,165128403.68587577
2484,165436724.00704974
2485,165745577.2171641
2486,166054958.6031441
2487,166364882.58268166
2488,166675350.10411045
2489,166986359.54124582
2490,167297894.96168393
2491,167609976.74025416
2492,167922605.83182335
2493,168235783.19291526
2494,168549489.41738915
2495,168863743.44766328
2496,169178548.5871127
2497,169493905.79884875
2498,169809799.52701834
2499,170126240.36985046
2500,170443236.14328846
2501,170760787.81707388
2502,171078883.22737354
2503,171397525.55232
2504,171716726.6547431
2505,172036487.5110581
2506,172356798.83989373
2507,172677657.42573836
2508,172999078.66155735
2509,173321063.5304835
2510,173643605.07515675
2511,173966694.81044197
2512,174290351.0940141
2513,174614574.91576764
2514,174939361.03729597
2515,175264696.92086014
2516,175590603.2770274
2517,175917081.1024982
2518,176244126.08509782
2519,176571722.48872676
2520,176899893.31417426
2521,177228639.56498906
2522,177557960.36822477
2523,177887832.47507456
2524,178218282.97927526
2525,178549312.89126912
2526,178880923.2232505
2527,179213087.24649757
2528,179545832.75091422
2529,179879161.67210317
2530,180213075.02920932
2531,180547545.74683657
2532,180882599.6416183
2533,181218240.9853139
2534,181554470.80405813
2535,181891271.6811285
2536,182228649.44216603
2537,182566618.7110732
2538,182905180.5210201
2539,183244326.50085533
2540,183584043.72067478
2541,183924356.53433326
2542,184265265.98208228
2543,184606772.06550315
2544,184948844.45375344
2545,185291516.54902577
2546,185634789.3986998
2547,185978664.0519697
2548,186323114.03153855
2549,186668161.26312563
2550,187013813.3968865
2551,187360071.48920253
2552,187706915.2626551
2553,188054353.60362172
2554,188402401.022198
2555,188751058.58199912
2556,189100311.37907383
2557,189450156.92138135
2558,189800615.74460086
2559,190151688.9196287
2560,190503366.04085836
2561,190855634.9959072
2562,191208521.46324018
2563,191562026.52108338
2564,191916143.3408194
2565,192270852.03999978
2566,192626182.51111168
2567,192982135.83975855
2568,193338707.80907637
2569,193695872.7043285
2570,194053663.65963998
2571,194412081.76804012
2572,194771124.4175317
2573,195130762.08191302
2574,195491030.12316898
2575,195851929.64180315
2576,196213458.5842608
2577,196575585.71252552
2578,196938347.56337422
2579,197301745.24483463
2580,197665776.17783242
2581,198030409.58701667
2582,198395682.0935973
2583,198761594.8131751
2584,199128143.52155155
2585,199495300.15156806
2586,199863100.28310573
2587,200231545.0393884
2588,200600627.39763442
2589,200970324.3118776
2590,201340669.16128904
2591,201711663.07676592
2592,202083295.05132446
2593,202455549.43728334
2594,202828456.22179133
2595,203202016.54346925
2596,203576214.19494995
2597,203951043.3648288
2598,204326529.42658398
2599,204702673.52661076
2600,205079453.0119224
2601,205456874.4032725
2602,205834957.20998538
2603,206213702.58628225
2604,206593080.1606896
2605,206973111.33704883
2606,207353808.48263073
2607,207735172.75953385
2608,208117164.77864134
2609,208499823.4301814
2610,208883152.63539326
2611,209267146.53473634
2612,209651776.48597014
2613,210037080.4301544
2614,210423059.54326484
2615,210809696.838452
2616,211196985.38949424
2617,211584952.57174382
2618,211973599.5691967
2619,212362896.89273068
2620,212752862.0864456
2621,213143510.58081263
2622,213534843.5679018
2623,213926817.65987527
2624,214319477.66822365
2625,214712825.67807716
2626,215106849.00235754
2627,215501530.59939238
2628,215896903.7241216
2629,216292969.58283716
2630,216689697.08957952
2631,217087102.08745405
2632,217485203.36319062
2633,217884002.1312914
2634,218283461.56972477
2635,218683608.42860168
2636,219084456.34740204
2637,219486006.5488922
2638,219888214.97691047
2639,220291122.28949472
2640,220694735.47618243
2641,221099053.34297904
2642,221504030.35184658
2643,221909716.84402162
2644,222316114.05682448
2645,222723211.06813025
2646,223130981.24564397
2647,223539465.7771469
2648,223948665.90837345
2649,224358559.41598633
2650,224769141.7236748
2651,225180443.28877822
2652,225592465.3655008
2653,226005172.83499512
2654,226418586.36939487
2655,226832724.0976081
2656,227247587.28236452
2657,227663126.29478797
2658,228079390.28814444
2659,228496383.4449161
2660,228914094.357645
2661,229332495.28992382
2662,229751629.11090997
2663,230171497.09834695
2664,230592069.7794347
2665,231013353.50028157
2666,231435375.13519993
2667,231858135.97060925
2668,232281592.80820927
2669,232705778.89131722
2670,233130707.9476405
2671,233556378.76436356
2672,233982737.84673443
2673,234409843.68973553
2674,234837697.5950553
2675,235266290.08330628
2676,235695583.6167666
2677,236125629.0253036
2678,236556427.61943185
2679,236987959.9036374
2680,237420207.79994082
2681,237853212.72011605
2682,238286975.98356247
2683,238721465.98311314
2684,239156687.68341985
2685,239592671.58990982
2686,240029419.0309231
2687,240466887.0321688
2688,240905102.73140594
2689,241344085.85396594
2690,241783837.73718765
2691,242224302.1773762
2692,242665532.2129825
2693,243107534.92411914
2694,243550302.85513398
2695,243993791.097931
2696,244438055.95059428
2697,244883098.76630625
2698,245328895.65880674
2699,245775434.02944514
2700,246222754.32385913
2701,246670857.90439412
2702,247119702.53553203
2703,247569311.76774007
2704,248019708.27337098
2705,248470893.4239928
2706,248922804.69980738
2707,249375505.6726201
2708,249828999.3044856
2709,250283266.88765147
2710,250738283.93308964
2711,251194097.67163587
2712,251650709.49109474
2713,252108077.05328453
2714,252566222.58753437
2715,253025170.2638389
2716,253484919.20091867
2717,253945408.28360596
2718,254406703.589732
2719,254868806.52352396
2720,255331689.1622148
2721,255795343.9350921
2722,256259810.44443527
2723,256725090.10397014
2724,257191125.9388687
2725,257657967.94528207
2726,258125627.23829168
2727,258594084.41415232
2728,259063313.9035079
2729,259533364.83649987
2730,260004238.64357415
2731,260475883.37231582
2732,260948338.01641676
2733,261421619.71957812
2734,261895710.27735516
2735,262370575.81319696
2736,262846272.60529056
2737,263322802.1009793
2738,263800125.96073267
2739,264278250.00197002
2740,264757210.97214547
2741,265237010.3283683
2742,265717587.4012713
2743,266198992.09277272
2744,266681239.42400935
2745,267164319.30993015
2746,267648171.50068176
2747,268132870.5910993
2748,268618418.0554536
2749,269104809.5150735
2750,269591972.6833621
2751,270079988.5140364
2752,270568858.4912837
2753,271058581.40375775
2754,271549078.0082093
2755,272040433.0763982
2756,272532648.1024934
2757,273025722.4841088
2758,273519575.1397304
2759,274014292.09933555
2760,274509874.8671405
2761,275006320.8730054
2762,275503552.3519915
2763,276001654.0143664
2764,276500627.3744591
2765,277000465.3001709
2766,277501098.5327212
2767,278002607.86749
2768,278504994.8289843
2769,279008245.11222833
2770,279512303.187387
2771,280017243.32328373
2772,280523067.05467147
2773,281029749.9195961
2774,281537254.84127676
2775,282045647.8199961
2776,282554930.4008149
2777,283065070.38041514
2778,283576045.51416457
2779,284087914.741404
2780,284600679.6175704
2781,285114291.35371447
2782,285628747.2069124
2783,286144103.2076933
2784,286660360.92189765
2785,287177514.19524014
2786,287695473.3785555
2787,288214338.80235505
2788,288734112.0429485
2789,289254794.6793538
2790,289776316.425984
2791,290298713.9824624
2792,290822025.4980714
2793,291346252.5623804
2794,291871369.456404
2795,292397321.90568554
2796,292924194.4954773
2797,293451988.8259655
2798,293980706.5000849
2799,294510256.45887285
2800,295040712.9616714
2801,295572097.43632746
2802,296104411.4964752
2803,296637612.29400134
2804,297171675.57601905
2805,297706673.10025597
2806,298242606.4911114
2807,298779477.3757743
2808,299317177.81425315
2809,299855811.3070308
2810,300395386.9868302
2811,300935906.49168867
2812,301477316.0733592
2813,302019608.6027126
2814,302562849.6790162
2815,303107040.9512213
2816,303652184.07110995
2817,304198163.54461974
2818,304745094.71435916
2819,305292982.4932001
2820,305841828.54392743
2821,306391571.7985872
2822,306942217.9288312
2823,307493827.1240182
2824,308046401.05800706
2825,308599929.517477
2826,309154313.94729495
2827,309709667.937853
2828,310265993.17415035
2829,310823291.34407747
2830,311381483.17574406
2831,311940607.1923708
2832,312500709.004921
2833,313061790.3125165
2834,313623823.2707552
2835,314186742.7171907
2836,314750646.5532688
2837,315315536.48941463
2838,315881414.23898655
2839,316448173.00665545
2840,317015904.48774934
2841,317584628.71783173
2842,318154347.42165637
2843,318724997.2246553
2844,319296582.1473685
2845,319869166.51218027
2846,320442752.0553132
2847,321017315.2094052
2848,321592779.5463865
2849,322169250.0630587
2850,322746728.5071881
2851,323325216.62953585
2852,323904597.3790898
2853,324484980.24203193
2854,325066377.8264181
2855,325648791.89464647
2856,326232137.0245147
2857,326816458.60637695
2858,327401801.74881774
2859,327988168.2259473
2860,328575500.5511571
2861,329163787.4038058
2862,329753102.7016133
2863,330343448.2304773
2864,330934790.7216519
2865,331527069.5771594
2866,332120383.80815077
2867,332714735.212387
2868,333310110.99742824
2869,333906408.76908046
2870,334503748.8925873
2871,335102133.1776495
2872,335701563.4370664
2873,336301909.3266828
2874,336903302.4845744
2875,337505746.8387572
2876,338109244.2140667
2877,338713676.30620635
2878,339319149.8239232
2879,339925681.61939603
2880,340533273.529575
2881,341141812.8991743
2882,341751391.1470925
2883,342362034.79578006
2884,342973745.69436896
2885,343586428.6704353
2886,344200139.30973077
2887,344814922.5200917
2888,345430780.16291124
2889,346047630.56246364
2890,346665501.4407232
2891,347284452.10793656
2892,347904484.4378365
2893,348525526.2447368
2894,349147585.39701813
2895,349770731.6040436
2896,350394966.7519652
2897,351020224.1182896
2898,351646499.7682168
2899,352273869.7868932
2900,352902336.0729689
2901,353531833.320353
2902,354162353.8812205
2903,354793976.1733696
2904,355426702.1080298
2905,356060463.7289835
2906,356695257.8048793
2907,357331161.02343214
2908,357968175.3085313
2909,358606225.9677323
2910,359245322.3546652
2911,359885535.344791
2912,360526866.8747392
2913,361169231.410304
2914,361812659.0973499
2915,362457210.8976033
2916,363102888.7605162
2917,363749592.1852503
2918,364397380.35570407
2919,365046300.1991791
2920,365696353.6780322
2921,366347421.18066585
2922,366999599.2132091
2923,367652916.5287089
2924,368307375.10250986
2925,368962832.04892176
2926,369619429.5188006
2927,370277173.93201685
2928,370936045.18752897
2929,371595939.2114074
2930,372256985.891616
2931,372919187.2263142
2932,373582492.4061704
2933,374246857.863291
2934,374912383.72577673
2935,375579072.0050032
2936,376246836.96720016
2937,376915703.9783226
2938,377585739.1951886
2939,378256944.642475
2940,378929195.4267034
2941,379602594.3136363
2942,380277169.25836533
2943,380952905.7547602
2944,381629685.1277729
2945,382307646.41459936
2946,382986791.66328263
2947,383667059.64771956
2948,384348424.2053558
2949,385030978.6196724
2950,385714724.9522473
2951,386399550.9691112
2952,387085531.59113723
2953,387772710.0653016
2954,388461075.2898949
2955,389150499.2465877
2956,389841127.01845026
2957,390532960.69083774
2958,391225930.50207835
2959,391920024.8131198
2960,392615331.02721286
2961,393311851.24348676
2962,394009452.6994722
2963,394708248.811954
2964,395408264.9688922
2965,396109460.1776378
2966,396811763.63141483
2967,397515293.2015933
2968,398220051.01149774
2969,398925925.32350457
2970,399632985.8662241
2971,400341280.76080924
2972,401050783.97891325
2973,401761393.14056736
2974,402473242.79623
2975,403186335.0936899
2976,403900565.4567732
2977,404615987.63751274
2978,405332658.64283645
2979,406050553.50257397
2980,406769566.0603671
2981,407489833.65587115
2982,408211358.4616117
2983,408934029.0976774
2984,409657911.2541774
2985,410383056.8751385
2986,411109428.0407133
2987,411836942.8179043
2988,412565727.34445965
2989,413295783.8179169
2990,414026979.9871804
2991,414759421.5991122
2992,415493141.4844061
2993,416228064.9652179
2994,416964157.95738757
2995,417701535.5385604
2996,418440199.9314897
2997,419180052.49698555
2998,419921105.9496121
2999,420663452.571212
3000,421407094.5991134
3001,422151904.1068906
3002,422897951.2533719
3003,423645300.2052113
3004,424393953.21440434
3005,425143747.7182948
3006,425894822.01151615
3007,426647206.8032534
3008,427400893.96887183
3009,428155712.1114667
3010,428911847.2251272
3011,429669301.5875932
3012,430428022.8627316
3013,431187926.92876256
3014,431949156.75872004
3015,432711714.6452661
3016,433475498.6287899
3017,434240522.6798614
3018,435006881.34548426
3019,435774576.9333364
3020,436543452.4247984
3021,437313630.7470285
3022,438085152.59256226
3023,438857999.336151
3024,439632016.2850219
3025,440407383.3904107
3026,441184102.9863511
3027,441962091.66508144
3028,442741323.1255369
3029,443521913.7533454
3030,444303865.8978175
3031,445087025.868747
3032,445871506.7495625
3033,446657355.8677053
3034,447444545.96425885
3035,448232936.41319793
3036,449022701.852826
3037,449813844.6592678
3038,450606257.4575099
3039,451399958.6609664
3040,452195044.02894247
3041,452991515.9531043
3042,453789181.376633
3043,454588228.87647766
3044,455388669.77483827
3045,456190425.36230594
3046,456993454.659839
3047,457797884.23148406
3048,458603716.49618447
3049,459410777.1166209
3050,460219215.1566906
3051,461029062.8105256
3052,461840247.3697956
3053,462652699.2891945
3054,463466567.7514504
3055,464281855.203039
3056,465098429.7583432
3057,465916338.23812634
3058,466735672.68048257
3059,467556435.5478248
3060,468378431.756253
3061,469201832.4847755
3062,470026668.65587765
3063,470852906.12413996
3064,471680392.4861825
3065,472509321.3410374
3066,473339695.1790685
3067,474171410.8903653
3068,475004451.8589905
3069,475838944.9057062
3070,476674892.53708
3071,477512118.8038084
3072,478350750.56996983
3073,479190844.0605816
3074,480032381.1133234
3075,480875171.1554222
3076,481719430.09471804
3077,482565160.4661944
3078,483412265.9927913
3079,484260710.01364166
3080,485110632.68460387
3081,485962036.55713516
3082,486814743.5422552
3083,487668878.21961755
3084,488524501.3618491
3085,489381589.5004002
3086,490239943.6325617
3087,491099793.5046964
3088,491961141.69711083
3089,492823921.5876408
3090,493688019.00664234
3091,494553622.0683895
3092,495420733.36990064
3093,496289236.0601429
3094,497159114.94345194
3095,498030509.4366454
3096,498903422.15355647
3097,499777678.9101324
3098,500653377.68324304
3099,501530602.09814006
3100,502409354.78557515
3101,503289397.0950662
3102,504170954.43298894
3103,505054047.5097637
3104,505938626.95553285
3105,506824538.54321474
3106,507711993.37196356
3107,508600994.1021947
3108,509491414.1136003
3109,510383252.1592489
3110,511276643.65735716
3111,512171591.2855475
3112,513067883.9599922
3113,513965687.82989955
3114,514865055.4299286
3115,515765949.1650689
3116,516668187.11400145
3117,517571996.4296039
3118,518477379.81966645
3119,519384202.3079782
3120,520292475.186795
3121,521202329.8262075
3122,522113768.95150536
3123,523026501.1233225
3124,523940791.6532432
3125,524856674.3052102
3126,525774151.8219474
3127,526693046.97209716
3128,527613394.9285136
3129,528535345.4352827
3130,529458901.25266933
3131,530383988.7304449
3132,531310431.94238013
3133,532238488.1964033
3134,533168160.2704211
3135,534099450.9470158
3136,535032057.4149367
3137,535966259.818669
3138,536902088.6196337
3139,537839546.6181922
3140,538778422.7557601
3141,539718811.9687833
3142,540660838.2245468
3143,541604504.3412981
3144,542549680.4146606
3145,543496297.3552178
3146,544444562.0527024
3147,545394477.3433582
3148,546345983.886017
3149,547298869.7325605
3150,548253414.119311
3151,549209619.900617
3152,550167487.7131926
3153,551126683.9059411
3154,552087549.4916813
3155,553050087.3429787
3156,554014300.3372256
3157,554979895.7355146
3158,555947124.293718
3159,556916036.0585135
3160,557886633.9256494
3161,558858662.1410094
3162,559832295.71047
3163,560807623.498011
3164,561784648.4178483
3165,562763141.1063325
3166,563743221.9927562
3167,564725008.1796229
3168,565708502.5997294
3169,566693491.68425
3170,567680062.4618349
3171,568668349.6935236
3172,569658356.3308052
3173,570649874.0010817
3174,571642977.5141325
3175,572637808.7066715
3176,573634370.5489938
3177,574632449.2615268
3178,575632128.6260489
3179,576633546.9675946
3180,577636707.2753803
3181,578641379.7534606
3182,579647678.3587834
3183,580655727.311247
3184,581665529.6191021
3185,582676828.8528525
3186,583689790.363253
3187,584704513.6639247
3188,585721001.7822685
3189,586738961.0287133
3190,587758629.3850429
3191,588780071.0482224
3192,589803289.0649184
3193,590827941.848087
3194,591854361.2694172
3195,592882565.5880599
3196,593912516.4775608
3197,594943937.9811223
3198,595977152.9663901
3199,597012164.513757
3200,598048860.9616895
3201,599087090.6054472
3202,600127125.4152584
3203,601168968.49104
3204,602212507.9482014
3205,603257590.3042638
3206,604304489.585098
3207,605353208.9102614
3208,606403625.3181517
3209,607455605.2398123
3210,608509413.9197727
3211,609565054.4973496
3212,610622382.0389779
3213,611681304.6622663
3214,612742067.9526342
3215,613804675.0692745
3216,614868948.1698343
3217,615934858.915116
3218,617002622.3119524
3219,618072241.53953
3220,619143494.8671036
3221,620216439.4407048
3222,621291248.7264758
3223,622367925.9237171
3224,623446194.3899982
3225,624526218.7858356
3226,625608120.0310451
3227,626691901.3451608
3228,627777220.1061742
3229,628864370.607396
3230,629953410.1722301
3231,631044321.41716
3232,632136746.4973786
3233,633231069.6780059
3234,634327294.2139744
3235,635425316.8880368
3236,636524949.1651151
3237,637626491.8917099
3238,638729948.3433173
3239,639835118.2799497
3240,640942004.8363636
3241,642050814.269678
3242,643161549.8760753
3243,644273903.1556427
3244,645388091.3692888
3245,646504214.9659549
3246,647622257.3032583
3247,648741850.2131588
3248,649863387.759022
3249,650986873.2732179
3250,652112161.719642
3251,653239139.291584
3252,654368074.1434352
3253,655498969.628586
3254,656631540.9486506
3255,657765951.3768849
3256,658902331.8089691
3257,660040660.260067
3258,661180489.4983333
3259,662322298.0103346
3260,663466089.1859907
3261,664611866.420861
3262,665759272.9229065
3263,666908527.2594668
3264,668059776.9986043
3265,669213025.5570226
3266,670368068.3801508
3267,671524816.5713171
3268,672683572.9835417
3269,673844341.0547966
3270,675007054.1533875
3271,676171344.5195421
3272,677337656.0052397
3273,678505992.0698428
3274,679676356.1784619
3275,680848290.8079796
3276,682022206.059581
3277,683198158.8905352
3278,684376152.7875003
3279,685555836.2745627
3280,686737404.2778316
3281,687921022.9419203
3282,689106695.775159
3283,690294162.8952605
3284,691483432.9305706
3285,692674766.789635
3286,693868168.0025806
3287,695063453.7879591
3288,696260475.4315692
3289,697459574.1437844
3290,698660753.4766555
3291,699863893.2163155
3292,701068716.3416145
3293,702275629.8627386
3294,703484637.3537863
3295,704695666.593493
3296,705908341.3722396
3297,707123119.9568495
3298,708340005.9435979
3299,709558960.4858428
3300,710779537.3893771
3301,712002231.5920868
3302,713227046.7125506
3303,714453962.6164773
3304,715682492.4169207
3305,716913153.0935796
3306,718145948.2874637
3307,719380861.8687587
3308,720617395.6401885
3309,721856073.9490564
3310,723096900.4589318
3311,724339848.2896688
3312,725584437.4092623
3313,726831184.8121562
3314,728080094.1846082
3315,729331113.0930375
3316,730583809.2422016
3317,731838677.5056262
3318,733095721.5923858
3319,734354848.6626763
3320,735615703.8281355
3321,736878745.0243701
3322,738143975.9834021
3323,739411248.5553068
3324,740680315.030173
3325,741951581.5383431
3326,743225051.8349177
3327,744500507.5033838
3328,745777837.8881806
3329,747057382.3952857
3330,748339144.8030087
3331,749622821.4176954
3332,750908468.6213528
3333,752196344.1232572
3334,753486451.7250587
3335,754778387.3897752
3336,756072404.6305867
3337,757368664.4329804
3338,758667170.6220788
3339,759967342.6934497
3340,761269717.1000237
3341,762574348.3043069
3342,763881240.1548297
3343,765189945.5285937
3344,766500728.4186186
3345,767813782.4264545
3346,769129111.4241664
3347,770446392.0841368
3348,771765634.891599
3349,773087163.2210735
3350,774410980.9682866
3351,775736879.6102532
3352,777064633.8668073
3353,778394688.1337695
3354,779727046.3306507
3355,781061606.407686
3356,782397923.7220111
3357,783736555.619387
3358,785077506.0432361
3359,786420771.817294
3360,787765703.852042
3361,789112965.1267449
3362,790462559.6088628
3363,791814491.2723781
3364,793168156.7942224
3365,794524078.750478
3366,795882348.6439967
3367,797242970.472898
3368,798605511.2979788
3369,799970148.033611
3370,801337147.524659
3371,802706513.7935108
3372,804077967.5775068
3373,805451373.4399447
3374,806827156.9646056
3375,808205322.1982777
3376,809585726.9933017
3377,810967956.5744066
3378,812352578.8135334
3379,813739597.7820041
3380,815128992.0453696
3381,816520100.1756558
3382,817913616.0490847
3383,819309543.7616419
3384,820707887.41603
3385,822107952.3510766
3386,823510354.3006852
3387,824915183.1804442
3388,826322443.1177047
3389,827731805.2781067
3390,829143133.6325878
3391,830556904.0722951
3392,831973120.7493185
3393,833391787.8225468
3394,834812191.223708
3395,836234959.1403514
3396,837660188.5650494
3397,839087883.6815989
3398,840517727.6871773
3399,841949549.3170948
3400,843383847.8171898
3401,844820627.3963042
3402,846259892.2701647
3403,847700876.7411363
3404,849144300.9656965
3405,850590221.7484281
3406,852038643.3302739
3407,853489144.7598568
3408,854941751.6808859
3409,856396870.7316872
3410,857854506.178556
3411,859314557.9321829
3412,860776404.846232
3413,862240779.5545734
3414,863707686.348988
3415,865177129.528264
3416,866648466.5612625
3417,868122154.6432573
3418,869598390.5948533
3419,871077178.7405008
3420,872558144.144512
3421,874041203.6445453
3422,875526826.8917003
3423,877015018.2362264
3424,878505646.1365372
3425,879998135.4289104
3426,881493204.4403894
3427,882990857.5471611
3428,884491099.1325423
3429,885993159.6979436
3430,887497732.8355875
3431,889004906.1607625
3432,890514684.0828975
3433,892026488.3733603
3434,893540624.7725351
3435,895057377.5470319
3436,896576751.1325289
3437,898098333.9737861
3438,899622093.1046399
3439,901148484.8946348
3440,902677513.8058394
3441,904208910.255582
3442,905742351.9247224
3443,907278442.6333289
3444,908817186.8699992
3445,910358431.4542519
3446,911901611.532387
3447,913447457.1199136
3448,914995972.7320864
3449,916547115.5461355
3450,918100094.3259647
3451,919655755.1822467
3452,921214102.6570317
3453,922775141.299744
3454,924338017.8037882
3455,925903554.6536553
3456,927471794.8136283
3457,929042742.8601058
3458,930615600.6919776
3459,932191074.5966414
3460,933769268.6012282
3461,935350187.309254
3462,936932956.6749445
3463,938518303.8829275
3464,940106387.8632714
3465,941697213.2463864
3466,943290483.9671623
3467,944885764.6936663
3468,946483798.9615613
3469,948084591.4282838
3470,949688146.7588139
3471,951293669.1519731
3472,952901714.3421966
3473,954512534.6244792
3474,956126134.6910046
3475,957742230.5744328
3476,959360347.6457962
3477,960981256.8000653
3478,962604962.7567695
3479,964231470.2430698
3480,965859913.7076502
3481,967490973.1160506
3482,969124846.4432793
3483,970761538.4440188
3484,972400628.5581784
3485,974041899.9298447
3486,975686002.4353777
3487,977332940.8571241
3488,978982709.4234996
3489,980634254.7958359
3490,982288648.6161716
3491,983945895.6946545
3492,985606000.8491923
3493,987268256.4660249
3494,988933004.0676438
3495,990600622.3690252
3496,992271116.2160565
3497,993944124.8906776
3498,995619289.0712986
3499,997297341.4934257
3500,998978287.0310684
3501,1000662081.2190142
3502,1002347725.1088384
3503,1004036274.8824898
3504,1005727735.4422414
3505,1007422111.6982546
3506,1009118534.862845
3507,1010817645.552953
3508,1012519684.8009114
3509,1014224657.5453268
3510,1015931942.2174598
3511,1017641677.7243248
3512,1019354359.662409
3513,1021069992.9989022
3514,1022788172.259084
3515,1024508596.8195622
3516,1026231985.7866951
3517,1027958344.1563982
3518,1029687451.2770348
3519,1031418629.4657111
3520,1033152790.1389945
3521,1034889938.3216691
3522,1036630006.7641996
3523,1038372003.4945413
3524,1040117000.8904088
3525,1041865004.0055984
3526,1043616017.9020098
3527,1045368942.579353
3528,1047124836.4397421
3529,1048883754.3232715
3530,1050645701.321021
3531,1052409683.1704258
3532,1054176539.0311652
3533,1055946437.3225999
3534,1057719383.165128
3535,1059494456.2657772
3536,1061272340.0020707
3537,1063053284.6807923
3538,1064837295.4518043
3539,1066623484.2498033
3540,1068412448.9765033
3541,1070204493.2394344
3542,1071999622.2180269
3543,1073797011.2392778
3544,1075597123.5087557
3545,1077400334.0133374
3546,1079206647.962164
3547,1081015270.715501
3548,1082826597.4281096
3549,1084641041.1802185
3550,1086458607.2108228
3551,1088278497.370123
3552,1090101105.7754748
3553,1091926850.130699
3554,1093755735.7047908
3555,1095586927.106176
3556,1097420884.8044236
3557,1099257997.4693508
3558,1101098270.4000947
3559,1102940797.0391707
3560,1104786171.9822752
3561,1106634721.0157537
3562,1108486449.4690292
3563,1110340345.498162
3564,1112197205.9911542
3565,1114057259.805556
3566,1115920512.3012242
3567,1117785812.0268354
3568,1119654226.729045
3569,1121525854.0915005
3570,1123400626.153015
3571,1125277437.3845198
3572,1127157475.3108094
3573,1129040745.344434
3574,1130926979.2450001
3575,1132815463.547206
3576,1134707194.0691702
3577,1136602176.2542663
3578,1138499906.7150803
3579,1140400133.7084758
3580,1142303626.55562
3581,1144210390.7308571
3582,1146119652.6166828
3583,1148031692.2803874
3584,1149947017.5413048
3585,1151865633.9048936
3586,1153786462.22141
3587,1155710384.894311
3588,1157637613.0178154
3589,1159568025.492953
3590,1161500582.0197792
3591,1163436458.4016547
3592,1165375660.1979067
3593,1167317698.4674387
3594,1169262259.7219105
3595,1171210160.874529
3596,1173161407.516131
3597,1175115106.9622955
3598,1177071744.2580945
3599,1179031741.6062822
3600,1180995090.4231725
3601,1182960500.7648003
3602,1184929285.7792714
3603,1186901451.1119642
3604,1188876521.1258814
3605,1190854130.8822155
3606,1192835135.657368
3607,1194819541.1286232
3608,1196806368.075636
3609,1198796249.5420027
3610,1200789546.4855144
3611,1202786088.8319178
3612,1204784884.3540459
3613,1206787110.191944
3614,1208792772.078116
3615,1210801131.9918532
3616,1212812324.262037
3617,1214826967.5000696
3618,1216845067.4707565
3619,1218865281.0183737
3620,1220888943.3196583
3621,1222916077.3544216
3622,1224946073.0904112
3623,1226978792.281849
3624,1229014998.2656925
3625,1231054696.8626485
3626,1233096252.5848532
3627,1235141186.3800433
3628,1237189627.2735338
3629,1239241581.117636
3630,1241296215.1096706
3631,1243353432.8840117
3632,1245414178.169128
3633,1247478456.8490715
3634,1249546187.9790604
3635,1251615750.0845065
3636,1253688860.204127
3637,1255765524.253822
3638,1257845748.1587625
3639,1259928384.1043403
3640,1262013928.747626
3641,1264103047.9629395
3642,1266195747.7074735
3643,1268291564.636288
3644,1270389613.7922654
3645,1272491258.2692554
3646,1274596504.0566058
3647,1276705357.1530335
3648,1278816146.3205552
3649,1280930386.4557145
3650,1283048248.789862
3651,1285169739.3540406
3652,1287293758.2979562
3653,1289420664.7883923
3654,1291551214.4742508
3655,1293685413.419038
3656,1295822682.666052
3657,1297962326.5096078
3658,1300105634.6531465
3659,1302252613.1927707
3660,1304403153.335743
3661,1306555605.8310475
3662,1308711743.8393402
3663,1310871573.4894476
3664,1313035100.919746
3665,1315200737.9268327
3666,1317369777.5080206
3667,1319542530.085644
3668,1321719001.830977
3669,1323897958.9264836
3670,1326079972.089681
3671,1328265719.7131321
3672,1330455208.001143
3673,1332647505.9077802
3674,1334842564.9628685
3675,1337041380.0515347
3676,1339243957.4112499
3677,1341449616.8894029
3678,1343657794.4467676
3679,1345869749.720846
3680,1348085488.982405
3681,1350304530.8234482
3682,1352525899.793609
3683,1354751068.273731
3684,1356980042.568008
3685,1359212487.5876582
3686,1361447121.1808052
3687,1363685576.1875706
3688,1365927858.9457068
3689,1368173727.9773827
3690,1370421699.7028306
3691,1372673514.8562572
3692,1374929179.809104
3693,1377188479.2347622
3694,1379449723.3284698
3695,1381714832.7368772
3696,1383983813.8648462
3697,1386256673.127138
3698,1388531624.9069946
3699,1390810101.3270178
3700,1393092471.4957592
3701,1395378741.86157
3702,1397667636.683828
3703,1399959553.186617
3704,1402255385.5766041
3705,1404555140.3358588
3706,1406857991.7749524
3707,1409163421.7471125
3708,1411472789.85459
3709,1413786102.6132958
3710,1416102924.1643856
3711,1418421941.3088856
3712,1420744918.9467697
3713,1423071863.6279185
3714,1425402668.7018914
3715,1427735347.0389743
3716,1430072008.3377645
3717,1432412659.1822393
3718,1434757306.1664865
3719,1437103874.969006
3720,1439454294.3776424
3721,1441808725.9450717
3722,1444167176.2996433
3723,1446527761.9931977
3724,1448892014.2799208
3725,1451260301.4495404
3726,1453632630.164794
3727,1456007245.8665164
3728,1458385406.1196814
3729,1460767624.0911474
3730,1463153906.478162
3731,1465542211.04123
3732,1467933876.6017232
3733,1470329622.0117974
3734,1472729454.0019877
3735,1475133379.3131196
3736,1477538894.1485658
3737,1479948236.520251
3738,1482361687.7382286
3739,1484779254.576758
3740,1487200658.7448606
3741,1489623667.8672311
3742,1492050808.2038896
3743,1494482086.56264
3744,1496917509.7616625
3745,1499356116.8619852
3746,1501797016.4755306
3747,1504242076.6148424
3748,1506691304.131793
3749,1509144705.888685
3750,1511600514.1847575
3751,1514059426.6336026
3752,1516522529.0999055
3753,1518989828.4798024
3754,1521461331.679914
3755,1523934339.0713458
3756,1526411387.388402
3757,1528892655.395473
3758,1531378150.0331566
3759,1533867016.9291701
3760,1536358082.2694967
3761,1538853390.1792307
3762,1541352947.6330554
3763,1543856761.6162262
3764,1546362817.5621188
3765,1548872236.9224405
3766,1551385928.8436115
3767,1553903900.3451169
3768,1556425797.629202
3769,1558949400.2615662
3770,1561477298.5750256
3771,1564009499.6233928
3772,1566546010.471145
3773,1569085085.3758152
3774,1571627262.2813036
3775,1574173765.1800652
3776,1576724601.171049
3777,1579279497.9851222
3778,1581836025.9582264
3779,1584396903.286959
3780,1586962137.104843
3781,1589531734.5561569
3782,1592103796.14163
3783,1594679120.756963
3784,1597258825.362667
3785,1599842917.1377325
3786,1602430779.9059813
3787,1605020624.9425893
3788,1607614873.5752668
3789,1610213533.0178254
3790,1612816610.4949157
3791,1615421623.7348049
3792,1618030489.9128108
3793,1620643790.6459904
3794,1623261533.1939523
3795,1625882247.156656
3796,1628505631.5086641
3797,1631133473.9717324
3798,1633765781.8400416
3799,1636402562.4187033
3800,1639040911.4777029
3801,1641683367.6460989
3802,1644330312.9118416
3803,1646981754.6147478
3804,1649636524.5341773
3805,1652293666.6325278
3806,1654955321.6221125
3807,1657621496.8775442
3808,1660292199.784451
3809,1662964566.362622
3810,1665641003.652733
3811,1668321985.1393814
3812,1671007518.2431195
3813,1673696262.7302585
3814,1676387555.1487858
3815,1679083415.796675
3816,1681783852.1294947
3817,1684488871.6139219
3818,1687195172.713183
3819,1689905985.704541
3820,1692621398.551024
3821,1695341418.7544513
3822,1698064053.4017785
3823,1700789892.171862
3824,1703520355.069739
3825,1706255449.6324625
3826,1708994394.7189107
3827,1711735332.9567773
3828,1714480919.6977053
3829,1717231162.5140665
3830,1719986068.98946
3831,1722742506.2625716
3832,1725503290.8928452
3833,1728268756.1119432
3834,1731038909.5389104
3835,1733811610.7339096
3836,1736587667.5551374
3837,1739368429.581502
3838,1742153904.4675758
3839,1744942845.4533937
3840,1747734249.023108
3841,1750530382.5173018
3842,1753331253.6261637
3843,1756136409.9383776
3844,1758943235.0706031
3845,1761754814.9497929
3846,1764571157.3018343
3847,1767392269.8640003
3848,1770214825.9038348
3849,1773041927.3422906
3850,1775873816.2151139
3851,1778710500.295396
3852,1781549222.1586132
3853,1784391920.5881665
3854,1787239431.5170345
3855,1790091762.75421
3856,1792946624.8977926
3857,1795804996.0082362
3858,1798668204.786473
3859,1801536259.0774791
3860,1804407235.6088796
3861,1807281355.348308
3862,1810160338.0276346
3863,1813044191.5278995
3864,1815931256.2017503
3865,1818821200.7768517
3866,1821716033.6676729
3867,1824615762.7913945
3868,1827518889.006495
3869,1830424734.8827813
3870,1833335494.5544147
3871,1836251175.9747949
3872,1839170166.978642
3873,1842091554.799623
3874,1845017881.2619436
3875,1847949154.3541095
3876,1850885382.0762572
3877,1853822655.5010808
3878,1856764618.428547
3879,1859711552.958885
3880,1862663467.1274297
3881,1865618205.5554693
3882,1868575874.7448595
3883,1871538540.6019404
3884,1874506211.1972964
3885,1877478373.4995098
3886,1880451818.8645105
3887,1883430286.0536556
3888,1886413783.1728325
3889,1889402318.3396788
3890,1892392619.3898892
3891,1895386958.0272472
3892,1898386351.8779147
3893,1901390809.0949168
3894,1904398444.857186
3895,1907408725.1633062
3896,1910424086.057343
3897,1913444535.7277648
3898,1916469463.7203643
3899,1919495756.013248
3900,1922527154.3597867
3901,1925563666.9839382
3902,1928605302.1215088
3903,1931648219.021489
3904,1934695725.319411
3905,1937748371.4871328
3906,1940806165.796032
3907,1943866282.50612
3908,1946929967.3359818
3909,1949998817.7185543
3910,1953072841.9608295
3911,1956150114.6378582
3912,1959230048.653238
3913,1962315173.9947047
3914,1965405499.004908
3915,1968499667.790522
3916,1971595077.783267
3917,1974695703.5429137
3918,1977801553.445529
3919,1980912635.879162
3920,1984027183.981047
3921,1987143371.89498
3922,1990264808.5015483
3923,1993391502.2222643
3924,1996523461.4906538
3925,1999658274.435274
3926,2002795359.6766014
3927,2005937726.690488
3928,2009085383.9439704
3929,2012238339.9161382
3930,2015393301.9653249
3931,2018551404.396064
3932,2021714821.833442
3933,2024883562.7900994
3934,2028057635.7907681
3935,2031232629.9450772
3936,2034411869.8808396
3937,2037596458.2114265
3938,2040786403.4951596
3939,2043981497.4422796
3940,2047176622.3045976
3941,2050377120.5120437
3942,2053583000.6565425
3943,2056794271.3421655
3944,2060009172.8246129
3945,2063225643.5230978
3946,2066447521.2171025
3947,2069674814.5443425
3948,2072907532.154711
3949,2076142120.579581
3950,2079380058.6203794
3951,2082623437.4608786
3952,2085872265.7846446
3953,2089126552.2874691
3954,2092380705.8155997
3955,2095640233.1465528
3956,2098905235.2350535
3957,2102175720.810593
3958,2105449555.2618704
3959,2108725294.162943
3960,2112006533.1697462
3961,2115293281.0454772
3962,2118585546.5656116
3963,2121878712.5820334
3964,2125176251.7595546
3965,2128479325.2615557
3966,2131787941.897241
3967,2135100552.8515985
3968,2138414352.2320511
3969,2141733711.2924938
3970,2145058638.8755882
3971,2148389143.836326
3972,2151721169.865081
3973,2155056880.543705
3974,2158398185.2114697
3975,2161745092.7568502
3976,2165096780.261077
3977,2168448908.75369
3978,2171806656.7792535
3979,2175170033.2597284
3980,2178539047.1294613
3981,2181909871.8494263
3982,2185284129.6417756
3983,2188664041.543448
3984,2192049616.522293
3985,2195439845.9371767
3986,2198830680.0410233
3987,2202227193.985495
3988,2205629396.7719555
3989,2209037297.4142017
3990,2212446384.3893785
3991,2215859567.1335683
3992,2219278464.561231
3993,2222703085.71969
3994,2226131319.2614417
3995,2229561237.6972485
3996,2232996896.734452
3997,2236438305.4539
3998,2239885472.948919
3999,2243332258.9313884
4000,2246784722.6911693
4001,2250242962.1206794
4002,2253706986.3467174
4003,2257172745.242325
4004,2260642077.842432
4005,2264117212.1705203
4006,2267598157.3868413
4007,2271082641.392281
4008,2274568516.0294766
4009,2278060217.869233
4010,2281557756.1042056
4011,2285061139.939583
4012,2288564950.6240525
4013,2292073279.4224753
4014,2295587470.185453
4015,2299107532.15056
4016,2302631424.575107
4017,2306156439.882535
4018,2309687342.785925
4019,2313224142.555204
4020,2316766848.472873
4021,2320309741.6317782
4022,2323857416.3898597
4023,2327411013.739314
4024,2330970542.994976
4025,2334533226.3939166
4026,2338097732.821551
4027,2341668187.627465
4028,2345244600.1587825
4029,2348826935.2449975
4030,2352408333.256251
4031,2355995705.493798
4032,2359589061.3370066
4033,2363188410.177878
4034,2366789258.230761
4035,2370393607.9725327
4036,2374003967.2609625
4037,2377620345.520269
4038,2381240547.6537004
4039,2384861935.0681696
4040,2388489358.0306973
4041,2392122825.9976707
4042,2395762240.815454
4043,2399400726.165322
4044,2403045273.1247034
4045,2406695891.1821117
4046,2410352589.838728
4047,2414010020.0381327
4048,2417671751.4092655
4049,2421339580.031664
4050,2425013515.4385915
4051,2428689854.85932
4052,2432368831.147401
4053,2436053930.8992777
4054,2439745163.680247
4055,2443440268.2087507
4056,2447136550.0073433
4057,2450838981.5411887
4058,2454547572.407557
4059,2458261229.372884
4060,2461974400.494169
4061,2465693746.88693
4062,2469419278.1791067
4063,2473151004.0113587
4064,2476883222.0646353
4065,2480619538.4019046
4066,2484362065.254677
4067,2488110812.294224
4068,2491863009.400528
4069,2495616350.829857
4070,2499375928.4395523
4071,2503141751.9314127
4072,2506913756.387896
4073,2510684178.11694
4074,2514460861.739562
4075,2518243816.988017
4076,2522033053.6073017
4077,2525823013.424583
4078,2529616858.373866
4079,2533417000.7404904
4080,2537223450.299827
4081,2541032849.1418233
4082,2544843910.787248
4083,2548661295.688908
4084,2552485013.6524734
4085,2556313676.8972116
4086,2560142010.661933
4087,2563976693.568722
4088,2567817735.4534583
4089,2571665146.164779
4090,2575511148.92888
4091,2579363185.3619514
4092,2583221606.7353954
4093,2587086422.9279757
4094,2590951315.7785163
4095,2594820761.307888
4096,2598696617.78597
4097,2602578895.1215534
4098,2606462500.671
4099,2610349410.9132757
4100,2614242758.158015
4101,2618142552.3439493
4102,2622044692.3458943
4103,2625949122.9619265
4104,2629860016.6791005
4105,2633777383.4659896
4106,2637697535.901753
4107,2641618690.380869
4108,2645546332.6926455
4109,2649480472.833221
4110,2653421120.8114815
4111,2657359747.0520678
4112,2661304183.806093
4113,2665255143.176592
4114,2669212635.1998916
4115,2673172205.672941
4116,2677133482.715908
4117,2681101307.1910596
4118,2685075689.1620307
4119,2689055977.895674
4120,2693034141.070524
4121,2697018876.5207434
4122,2701010194.3371434
4123,2705008104.623287
4124,2709006069.4881
4125,2713007761.7765946
4126,2717016061.3284016
4127,2721030978.2741184
4128,2725049177.573393
4129,2729067872.5531945
4130,2733093199.719603
4131,2737125169.230129
4132,2741163373.933807
4133,2745199117.4447575
4134,2749241518.0911794
4135,2753290586.0573573
4136,2757346331.540295
4137,2761401404.0603914
4138,2765460924.035322
4139,2769527136.3304586
4140,2773600051.16943
4141,2777674639.038437
4142,2781751324.170281
4143,2785834726.646971
4144,2789924856.718612
4145,2794018728.0600624
4146,2798112624.1538887
4147,2802213262.640748
4148,2806320653.797078
4149,2810433575.8619943
4150,2814544728.6962385
4151,2818662648.9945974
4152,2822787347.0596905
4153,2826918833.2068167
4154,2831047541.57159
4155,2835182789.452113
4156,2839324840.2187185
4157,2843473704.212714
4158,2847620965.629447
4159,2851773586.828665
4160,2855933036.0547104
4161,2860099323.6747556
4162,2864264902.804761
4163,2868434943.0215793
4164,2872611836.4266877
4165,2876795593.412953
4166,2880979254.127446
4167,2885166759.0195713
4168,2889361142.2814574
4169,2893562414.3315053
4170,2897763919.731026
4171,2901968934.9113274
4172,2906180853.6621513
4173,2910399686.4272704
4174,2914618798.8604856
4175,2918841369.893299
4176,2923070869.715968
4177,2927307308.7974606
4178,2931543789.8793526
4179,2935783962.276749
4180,2940031088.701157
4181,2944285179.6465693
4182,2948538790.2760363
4183,2952796609.493972
4184,2957061407.9931445
4185,2961333196.2924004
4186,2965603696.6692667
4187,2969879208.1037445
4188,2974161724.089995
4189,2978451255.17153
4190,2982738404.8129535
4191,2987031653.796087
4192,2991331932.6170506
4193,2995638822.3629208
4194,2999942809.6001315
4195,3004253841.396132
4196,3008571928.3307495
4197,3012895015.114389
4198,3017216805.066198
4199,3021545664.867375
4200,3025881605.12188
4201,3030220190.2000246
4202,3034558627.348563
4203,3038904157.6842527
4204,3043256791.8320403
4205,3047614712.1502533
4206,3051969828.792556
4207,3056332061.9534965
4208,3060701422.278791
4209,3065077920.4265347
4210,3069450199.1520205
4211,3073829167.304687
4212,3078215285.966591
4213,3082608565.8163466
4214,3086999527.0938125
4215,3091395262.275578
4216,3095798171.303224
4217,3100208264.8756533
4218,3104617600.2093496
4219,3109030134.3236094
4220,3113449865.6112595
4221,3117876804.791267
4222,3122304205.0250716
4223,3126733569.836304
4224,3131170155.1384125
4225,3135613971.670188
4226,3140059127.0117636
4227,3144505354.1405063
4228,3148958825.066657
4229,3153419550.5486026
4230,3157882150.5926805
4231,3162345271.510483
4232,3166815659.5203485
4233,3171293325.400015
4234,3175773059.150722
4235,3180253105.174994
4236,3184740441.573157
4237,3189235079.142061
4238,3193731635.034354
4239,3198228637.32321
4240,3202732953.254001
4241,3207244593.642438
4242,3211757659.562677
4243,3216271649.109651
4244,3220792975.5518413
4245,3225321649.7235656
4246,3229850913.0291934
4247,3234381920.657965
4248,3238920288.419477
4249,3243466027.1664033
4250,3248009198.3927283
4251,3252554166.9969754
4252,3257106513.9322844
4253,3261666250.0620003
4254,3266233386.26144
4255,3270795405.9597325
4256,3275361731.214432
4257,3279935463.8094144
4258,3284516614.630306
4259,3289105141.859685
4260,3293685444.192125
4261,3298273171.9463944
4262,3302868336.01811
4263,3307470947.3147497
4264,3312077155.6663046
4265,3316678876.862882
4266,3321288052.40254
4267,3325904693.202379
4268,3330528810.1913066
4269,3335152079.846126
4270,3339775264.634583
4271,3344405932.6509438
4272,3349044094.8333626
4273,3353689762.1317334
4274,3358329472.478011
4275,3362974164.961054
4276,3367626369.517911
4277,3372286097.107335
4278,3376950173.7002993
4279,3381608882.637313
4280,3386275121.4775486
4281,3390948901.188276
4282,3395630232.7483897
4283,3400309595.993179
4284,3404989868.040771
4285,3409677698.7288365
4286,3414373099.0443916
4287,3419075795.941087
4288,3423770099.8517866
4289,3428471980.103932
4290,3433181447.6923337
4291,3437898513.6232953
4292,3442615306.5133944
4293,3447331234.6396565
4294,3452054767.740513
4295,3456785916.829652
4296,3461524692.932196
4297,3466254950.643551
4298,3470992547.2111926
4299,3475737777.3409705
4300,3480490652.064986
4301,3485241859.314533
4302,3489992057.2563906
4303,3494749903.905095
4304,3499515410.2959614
4305,3504288587.475587
4306,3509056809.829658
4307,3513827257.769022
4308,3518605380.5067987
4309,3523391189.0923576
4310,3528184694.5862846
4311,3532969185.049858
4312,3537759908.511558
4313,3542558332.786945
4314,3547364468.9389296
4315,3552174948.829985
4316,3556977801.0006433
4317,3561788368.122175
4318,3566606661.2583885
4319,3571432691.484135
4320,3576259630.6720753
4321,3581082320.5468082
4322,3585912750.4735146
4323,3590750931.527488
4324,3595596874.7949824
4325,3600439488.49761
4326,3605282034.6945286
4327,3610132345.954159
4328,3614990433.36272
4329,3619856308.01732
4330,3624713811.402849
4331,3629576231.908872
4332,3634446442.395425
4333,3639324453.9591084
4334,3644207377.495484
4335,3649081885.942963
4336,3653964198.097601
4337,3658854325.055093
4338,3663752277.921847
4339,3668648604.055334
4340,3673542996.1123524
4341,3678445216.5913997
4342,3683355276.597501
4343,3688273187.246277
4344,3693182131.558984
4345,3698096423.321409
4346,3703018568.1205225
4347,3707948577.0700755
4348,3712880899.067375
4349,3717807239.5001564
4350,3722741446.369897
4351,3727683530.7880554
4352,3732633503.876528
4353,3737576958.915645
4354,3742523204.74866
4355,3747477341.4170475
4356,3752439380.03991
4357,3757404874.9171247
4358,3762363136.2122483
4359,3767329301.5174203
4360,3772303381.948528
4361,3777285388.631698
4362,3782260533.2939887
4363,3787238703.2185817
4364,3792224801.3265824
4365,3797218838.740392
4366,3802214688.127763
4367,3807204838.2416806
4368,3812202929.481192
4369,3817208972.9645405
4370,3822222979.820012
4371,3827226997.9197016
4372,3832237057.322523
4373,3837255081.7901707
4374,3842281082.4462457
4375,3847303502.1427965
4376,3852323673.055662
4377,3857351818.8172765
4378,3862387950.5420136
4379,3867432079.3540764
4380,3872466788.230564
4381,3877504970.761246
4382,3882551148.820594
4383,3887605333.522938
4384,3892665618.1718607
4385,3897713811.627784
4386,3902770010.0617294
4387,3907834224.5777254
4388,3912906466.2894115
4389,3917977423.1919723
4390,3923043615.4897413
4391,3928117833.1905003
4392,3933200087.3970575
4393,3938290389.2217097
4394,3943371050.2741685
4395,3948455243.971461
4396,3953547483.3645973
4397,3958647779.554495
4398,3963751403.4290876
4399,3968845545.3682656
4400,3973947742.0717397
4401,3979058004.6286154
4402,3984176344.1372643
4403,3989287829.566634
4404,3994399955.129149
4405,3999520155.478115
4406,4004648441.6995373
4407,4009781192.3921504
4408,4014903217.7802663
4409,4020033326.7627397
4410,4025171530.412749
4411,4030317839.8125
4412,4035456628.8044353
4413,4040596616.6710134
4414,4045744707.873028
4415,4050900913.4792924
4416,4056059290.4211187
4417,4061209126.824489
4418,4066367075.1024084
4419,4071533146.3098516
4420,4076707351.510575
4421,4081869962.1831803
4422,4087037736.454284
4423,4092213642.049325
4424,4097397690.017629
4425,4102578230.9521136
4426,4107755799.5199685
4427,4112941507.673669
4428,4118135366.44766
4429,4123333044.48902
4430,4128520375.036348
4431,4133715853.297297
4432,4138919490.290946
4433,4144131297.0447702
4434,4149330576.794657
4435,4154535792.081865
4436,4159749174.0778975
4437,4164970733.794278
4438,4170185521.550313
4439,4175400440.146103
4440,4180623533.2888875
4441,4185854811.973738
4442,4191084328.9337726
4443,4196308916.4766736
4444,4201541686.2650867
4445,4206782649.2771444
4446,4212026121.3624306
4447,4217260342.840101
4448,4222502754.120436
4449,4227753366.1641436
4450,4233010023.9535646
4451,4238253843.695697
4452,4243505860.6545596
4453,4248766085.7729416
4454,4254034530.001385
4455,4259286579.0641737
4456,4264546139.925259
4457,4269813913.019498
4458,4275089909.2746024
4459,4280360702.792834
4460,4285627745.912489
4461,4290903005.1589236
4462,4296186491.436483
4463,4301475165.908309
4464,4306749629.049027
4465,4312032312.028666
4466,4317323225.727662
4467,4322622381.033781
4468,4327910741.127509
4469,4333200784.81639
4470,4338499062.729353
4471,4343805585.729582
4472,4349110035.299801
4473,4354407376.059477
4474,4359712954.362932
4475,4365026781.04823
4476,4370346466.07406
4477,4375651039.642166
4478,4380963853.8872
4479,4386284919.621554
4480,4391614247.6645155
4481,4396930730.7904825
4482,4402250715.89333
4483,4407578955.404334
4484,4412915460.116414
4485,4418245406.064994
4486,4423572496.297884
4487,4428907843.6675625
4488,4434251458.94003
4489,4439594023.351948
4490,4444928152.333809
4491,4450270540.989311
4492,4455621200.056978
4493,4460975541.851925
4494,4466316642.539428
4495,4471666005.244055
4496,4477023640.676284
4497,4482388907.689996
4498,4487736321.279565
4499,4493091998.116136
4500,4498455948.880373
4501,4503828184.259066
4502,4509186950.276557
4503,4514548868.47232
4504,4519919061.593877
4505,4525297540.297479
4506,4530667440.031903
4507,4536035526.094336
4508,4541411887.877103
4509,4546796536.005344
4510,4552176702.549737
4511,4557550882.255845
4512,4562933338.271581
4513,4568324081.190388
4514,4573713651.313149
4515,4579093849.698848
4516,4584482324.776539
4517,4589879087.10739
4518,4595277201.258698
4519,4600663342.608249
4520,4606057760.82353
4521,4611460466.432849
4522,4616866268.749094
4523,4622258276.584545
4524,4627658561.249132
4525,4633067133.237705
4526,4638479771.543997
4527,4643877568.614533
4528,4649283642.265545
4529,4654698002.957836
4530,4660116628.768674
4531,4665520137.040177
4532,4670931921.429686
4533,4676351992.363367
4534,4681775760.881674
4535,4687184901.52607
4536,4692602317.610442
4537,4698028019.525706
4538,4703456089.6400385
4539,4708870783.024788
4540,4714293750.954139
4541,4719725003.783154
4542,4725156538.063443
4543,4730576703.740925
4544,4736005142.848502
4545,4741441865.704784
4546,4746876030.39643
4547,4752301587.093385
4548,4757735415.884997
4549,4763177527.052805
4550,4768613492.069327
4551,4774044357.676208
4552,4779483493.81955
4553,4784930910.743205
4554,4790367849.657428
4555,4795803941.217752
4556,4801248301.531748
4557,4806700940.804963
4558,4812138030.838804
4559,4817579264.53847
4560,4823028764.982578
4561,4828484927.5774355
4562,4833922964.350613
4563,4839369255.5071335
4564,4844823811.1705675
4565,4850278568.847746
4566,4855721579.943878
4567,4861172842.995636
4568,4866632368.086577
4569,4872084909.138028
4570,4877532808.336911
4571,4882988956.832258
4572,4888453364.666977
4573,4893902880.98474
4574,4899355581.167176
4575,4904816527.7535515
4576,4910282237.9874735
4577,4915731417.805025
4578,4921188830.941818
4579,4926654487.354749
4580,4932113127.054734
4581,4937561328.720143
4582,4943017751.851734
4583,4948482406.353477
4584,4953952655.358989
4585,4959399764.637029
4586,4964855083.271122
4587,4970318621.111706
4588,4975790388.011662
4589,4981245190.114268
4590,4986699288.923357
4591,4992161594.516138
4592,4997632116.691165
4593,5003096075.293121
4594,5008548838.100778
4595,5014009795.008705
4596,5019478955.760527
4597,5024950895.844164
4598,5030402205.611091
4599,5035861696.532746
4600,5041329378.297219
4601,5046805260.594416
4602,5052257871.720759
4603,5057715778.476164
4604,5063181862.809063
4605,5068656134.353028
4606,5074114322.095454
4607,5079570525.611592
4608,5085034893.174124
4609,5090507434.3596735
4610,5095970047.737455
4611,5101424428.033406
4612,5106886958.577319
4613,5112357648.888265
4614,5117823544.91985
4615,5123275981.091627
4616,5128736553.444064
4617,5134205271.438041
4618,5139673315.117784
4619,5145123685.3226385
4620,5150582177.370371
4621,5156048800.663076
4622,5161517864.935944
4623,5166966046.376334
4624,5172422335.0497675
4625,5177886740.298915
4626,5183355706.033207
4627,5188801574.940132
4628,5194255536.196581
4629,5199717599.085194
4630,5205185355.043135
4631,5210628786.658977
4632,5216080295.46552
4633,5221539890.684744
4634,5227005333.491066
4635,5232446202.051734
4636,5237895132.367316
4637,5243352133.5985155
4638,5248814167.706815
4639,5254252346.423238
4640,5259698571.180167
4641,5265152851.076399
4642,5270610388.7333355
4643,5276045749.772217
4644,5281489140.856883
4645,5286940571.023586
4646,5292392532.230713
4647,5297824946.694389
4648,5303265374.927099
4649,5308713825.901927
4650,5314159138.375049
4651,5319588476.280555
4652,5325025811.394586
4653,5330471152.626424
4654,5335908751.752383
4655,5341334882.00939
4656,5346768992.628902
4657,5352211092.455769
4658,5357639921.246341
4659,5363062711.634209
4660,5368493465.251255
4661,5373932190.877279
4662,5379351199.920124
4663,5384770517.063592
4664,5390197780.013836
4665,5395632997.484942
4666,5401041144.891251
4667,5406456854.235135
4668,5411880491.672454
4669,5417304252.921866
4670,5422708317.199486
4671,5428120282.981754
4672,5433540158.85133
4673,5438951079.713951
4674,5444351281.666265
4675,5449759366.889825
4676,5455175343.899889
4677,5460564172.49691
4678,5465949449.678801
4679,5471342575.461206
4680,5476743558.273139
4681,5482152406.541286
4682,5487526323.3408165
4683,5492904327.7827215
4684,5498290154.209216
4685,5503683810.960063
4686,5509079468.918146
4687,5514442189.082695
4688,5519812695.898001
4689,5525190997.616424
4690,5530577102.487493
4691,5535953743.987452
4692,5541308766.889533
4693,5546671548.983134
4694,5552042098.429701
4695,5557420423.387582
4696,5562775969.924808
4697,5568123066.684055
4698,5573477894.704741
4699,5578840462.056437
4700,5584210776.805337
4701,5589541431.263574
4702,5594878584.219583
4703,5600223437.415074
4704,5605575998.823909
4705,5610928627.342345
4706,5616247944.723093
4707,5621574922.976174
4708,5626909569.9827
4709,5632251893.619918
4710,5637583414.533605
4711,5642892356.500837
4712,5648208927.485488
4713,5653533135.271416
4714,5658864987.638315
4715,5664173197.90532
4716,5669471530.687355
4717,5674777460.164615
4718,5680090994.022783
4719,5685412139.943097
4720,5690694860.914966
4721,5695982349.061546
4722,5701277401.111848
4723,5706580024.65247
4724,5711876421.286136
4725,5717145304.512268
4726,5722421710.887739
4727,5727705647.904108
4728,5732997123.047973
4729,5738263850.674212
4730,5743521446.9373045
4731,5748786532.71423
4732,5754059115.395926
4733,5759335533.131298
4734,5764574154.271431
4735,5769820223.520651
4736,5775073748.173842
4737,5780334735.520422
4738,5785577399.144342
4739,5790804286.002362
4740,5796038586.485462
4741,5801280307.7863865
4742,5806528768.872988
4743,5811736306.89921
4744,5816951216.493529
4745,5822173504.751628
4746,5827403178.763199
4747,5832613893.831843
4748,5837809245.2399845
4749,5843011932.879401
4750,5848221963.742117
4751,5853434675.122004
4752,5858610300.466519
4753,5863793219.331376
4754,5868983438.61055
4755,5874180965.191519
4756,5879352030.435644
4757,5884515011.788957
4758,5889685250.468854
4759,5894862753.26416
4760,5900032103.752358
4761,5905174978.27519
4762,5910325066.758192
4763,5915482375.891169
4764,5920646912.356894
4765,5925770806.977468
4766,5930900575.083458
4767,5936037520.095033
4768,5941181648.595354
4769,5946300206.070973
4770,5951409483.036904
4771,5956525892.885186
4772,5961649442.099016
4773,5966760903.543008
4774,5971849518.022703
4775,5976945221.082809
4776,5982048019.106191
4777,5987150647.018365
4778,5992218427.08249
4779,5997293251.146534
4780,6002375125.492668
4781,6007464056.395075
4782,6012513976.721927
4783,6017567748.999151
4784,6022628526.598566
4785,6027696315.693088
4786,6032733952.738237
4787,6037766499.855362
4788,6042806007.056249
4789,6047852480.412211
4790,6052876160.048972
4791,6057887308.050703
4792,6062905370.619458
4793,6067930353.724614
4794,6072936047.402718
4795,6077920713.500849
4796,6082912241.435427
4797,6087910637.066908
4798,6092915906.246772
4799,6097871327.796665
4800,6102832679.701168
4801,6107800841.321879
4802,6112775818.396267
4803,6117744163.05426
4804,6122675174.986274
4805,6127612938.434176
4806,6132557459.021311
4807,6137508742.36154
4808,6142436747.563847
4809,6147343948.399167
4810,6152257847.840665
4811,6157178451.387761
4812,6162105764.530106
4813,6166990927.074536
4814,6171874040.438396
4815,6176763799.0427885
4816,6181660208.262621
4817,6186550965.817993
4818,6191403127.902023
4819,6196261876.145128
4820,6201127215.807389
4821,6205999152.138598
4822,6210842236.4636345
4823,6215669808.6615505
4824,6220503912.867072
4825,6225344554.214879
4826,6230188527.144036
4827,6234984757.351585
4828,6239787459.941176
4829,6244596639.932302
4830,6249412302.333678
4831,6254203917.415224
4832,6258975051.97401
4833,6263752603.980787
4834,6268536578.328811
4835,6273324518.143911
4836,6278063918.005955
4837,6282809675.150967
4838,6287561794.356684
4839,6292320280.389576
4840,6297049595.6671715
4841,6301760460.626857
4842,6306477623.101501
4843,6311201087.738244
4844,6315930859.17267
4845,6320610034.846916
4846,6325292081.16439
4847,6329980364.7968
4848,6334674890.260238
4849,6339355403.415596
4850,6344002173.976201
4851,6348655116.824114
4852,6353314236.356
4853,6357979536.956508
4854,6362604947.026709
4855,6367222389.142171
4856,6371845942.615812
4857,6376475611.712723
4858,6381097485.429978
4859,6385679266.701789
4860,6390267093.828934
4861,6394860970.957022
4862,6399460902.219158
4863,6404022873.652464
4864,6408574813.987864
4865,6413132738.526654
4866,6417696651.282357
4867,6422250372.916304
4868,6426766265.862667
4869,6431288077.041412
4870,6435815810.346572
4871,6440349469.659208
4872,6444838650.579575
4873,6449324187.482248
4874,6453815580.249304
4875,6458312832.642238
4876,6462789207.203692
4877,6467238308.774192
4878,6471693199.777357
4879,6476153883.855232
4880,6480615212.326011
4881,6485027717.3735485
4882,6489445945.254236
4883,6493869899.490808
4884,6498299583.592361
4885,6502689726.859426
4886,6507071130.131763
4887,6511458192.8754225
4888,6515850918.48015
4889,6520217604.86869
4890,6524553206.45937
4891,6528894388.571638
4892,6533241154.466699
4893,6537593507.391691
4894,6541912703.749923
4895,6546207886.849356
4896,6550508574.601016
4897,6554814770.123785
4898,6559126476.522232
4899,6563395081.025321
4900,6567649572.211884
4901,6571909491.861304
4902,6576174842.9501915
4903,6580445628.440605
4904,6584660603.135727
4905,6588874128.4677725
4906,6593093005.756589
4907,6597317237.836581
4908,6601538184.851944
4909,6605705197.462101
4910,6609877482.502353
4911,6614055042.679953
4912,6618237880.687206
4913,6622399277.169658
4914,6626524851.567073
4915,6630655621.407103
4916,6634791589.25524
4917,6638932757.661799
4918,6643031751.315349
4919,6647115612.451478
4920,6651204591.736402
4921,6655298691.593988
4922,6659394879.278036
4923,6663431713.424606
4924,6667473585.82558
4925,6671520498.778907
4926,6675572454.566969
4927,6679600680.311468
4928,6683595327.602758
4929,6687594935.394281
4930,6691599505.842902
4931,6695609041.0897
4932,6699566630.742034
4933,6703518815.223444
4934,6707475882.155854
4935,6711437833.555232
4936,6715383250.191797
4937,6719284207.958675
4938,6723189963.099402
4939,6727100517.5021105
4940,6731015873.038808
4941,6734897515.118111
4942,6738751863.327051
4943,6742610925.6237135
4944,6746474703.752846
4945,6750343199.44287
4946,6754158116.947539
4947,6757965592.25131
4948,6761777698.120579
4949,6765594436.1571245
4950,6769405325.05985
4951,6773161118.712266
4952,6776921457.700898
4953,6780686343.501621
4954,6784455777.573648
4955,6788194172.405809
4956,6791902650.130473
4957,6795615589.353677
4958,6799332991.409374
4959,6803054857.6146755
4960,6806716947.655064
4961,6810376672.868237
4962,6814040774.000607
4963,6817709252.243742
4964,6821363629.607316
4965,6824970058.058945
4966,6828580775.587356
4967,6832195783.259407
4968,6835815082.124819
4969,6839392458.615038
4970,6842949710.246548
4971,6846511165.129777
4972,6850076824.19049
4973,6853640655.235475
4974,6857144359.077626
4975,6860652179.358312
4976,6864164116.880209
4977,6867680172.428574
4978,6871161569.267936
4979,6874615673.549381
4980,6878073808.218957
4981,6881535973.939623
4982,6884998253.171627
4983,6888398560.487405
4984,6891802811.425076
4985,6895211006.526194
4986,6898623146.31464
4987,6901997817.229484
4988,6905348104.003023
4989,6908702248.143818
4990,6912060250.055166
4991,6915410484.211247
4992,6918706726.849544
4993,6922006740.154088
4994,6925310524.40855
4995,6928618079.87868
4996,6931875783.372938
4997,6935121586.444067
4998,6938371073.744414
4999,6941624245.420972
5000,6944852438.625289
5001,6948043952.558744
5002,6951239064.104555
5003,6954437773.29189
5004,6957633918.447644
5005,6960771064.846433
5006,6963911722.348434
5007,6967055890.866003
5008,6970203570.293262
5009,6973300209.61677
5010,6976386335.311497
5011,6979475885.508528
5012,6982568859.986098
5013,6985628732.311428
5014,6988660248.975957
5015,6991695103.746273
5016,6994733296.285735
5017,6997754036.687057
5018,7000730867.65405
5019,7003710950.45115
5020,7006694284.62785
5021,7009673584.010726
5022,7012595653.183593
5023,7015520888.035846
5024,7018449288.004182
5025,7021380852.506775
5026,7024252124.135627
5027,7027122435.6618
5028,7029995826.170756
5029,7032872294.968873
5030,7035697855.034248
5031,7038513168.459108
5032,7041331474.867941
5033,7044152773.456415
5034,7046930475.588105
5035,7049690716.758262
5036,7052453865.052389
5037,7055219919.55653
5038,7057947669.933676
5039,7060652765.333669
5040,7063360682.140801
5041,7066071419.332601
5042,7068747175.890318
5043,7071397052.658857
5044,7074049665.265295
5045,7076705012.579787
5046,7079326784.226613
5047,7081921370.172965
5048,7084518606.540063
5049,7087118492.091813
5050,7089684337.937971
5051,7092223561.558702
5052,7094765350.339631
5053,7097309702.939583
5054,7099817731.535812
5055,7102301522.031572
5056,7104787792.588171
5057,7107276541.760534
5058,7109724910.347406
5059,7112153197.639974
5060,7114583880.059874
5061,7117016956.0593
5062,7119403869.82691
5063,7121776584.576479
5064,7124151609.690401
5065,7126528943.519373
5066,7128852654.877196
5067,7131169728.499736
5068,7133489027.89895
5069,7135810137.696184
5070,7138069359.182184
5071,7140330723.867155
5072,7142594229.9212265
5073,7144848594.896104
5074,7147052124.550087
5075,7149257713.278233
5076,7151465359.152883
5077,7153651368.843375
5078,7155799140.266765
5079,7157948886.828143
5080,7160100606.503323
5081,7162216694.84276
5082,7164308642.459611
5083,7166402481.471867
5084,7168498209.7601
5085,7170542854.396282
5086,7172578913.471555
5087,7174616780.398263
5088,7176649794.727185
5089,7178628174.586882
5090,7180608281.245098
5091,7182590112.414484
5092,7184548579.986954
5093,7186471027.472505
5094,7188395118.716445
5095,7190320851.340121
5096,7192203376.690861
5097,7194069829.489628
5098,7195937843.21934
5099,7197803728.30596
5100,7199612644.156245
5101,7201423040.866709
5102,7203234915.898594
5103,7205022003.306033
5104,7206774884.89604
5105,7208529165.047164
5106,7210284841.133393
5107,7211991856.469843
5108,7213688644.051275
5109,7215386748.121934
5110,7217072476.682996
5111,7218711874.043786
5112,7220352508.832556
5113,7221994378.271227
5114,7223581515.668514
5115,7225140550.884677
5116,7226700714.11278
5117,7228262002.487792
5118,7229824413.126635
5119,7231329336.121699
5120,7232809195.423566
5121,7234290071.077697
5122,7235771960.116632
5123,7237254859.554996
5124,7238674312.263779
5125,7240074934.887111
5126,7241476462.7209635
5127,7242878892.69817
5128,7244282221.733782
5129,7245613099.419524
5130,7246934417.457722
5131,7248256530.0842
5132,7249579434.134837
5133,7250901220.736698
5134,7252142471.0468855
5135,7253384409.084908
5136,7254627031.609922
5137,7255870335.36368
5138,7257097416.442623
5139,7258259312.917954
5140,7259421787.633598
5141,7260584837.257244
5142,7261748458.439344
5143,7262878166.807569
5144,7263960617.264841
5145,7265043536.995506
5146,7266126922.578664
5147,7267210770.576344
5148,7268239343.622011
5149,7269240400.027083
5150,7270241815.203082
5151,7271243585.64343
5152,7272245707.824686
5153,7273178719.301393
5154,7274098456.607733
5155,7275018442.931319
5156,7275938674.682944
5157,7276855192.026376
5158,7277693543.562863
5159,7278532038.774855
5160,7279370674.00999
5161,7280209445.599515
5162,7281023912.589595
5163,7281781209.286541
5164,7282538541.512057
5165,7283295905.537118
5166,7284053297.616521
5167,7284762927.212504
5168,7285439249.556103
5169,7286115500.059761
5170,7286791674.920912
5171,7287467770.321044
5172,7288069904.0907
5173,7288665334.766465
5174,7289260587.023348
5175,7289855656.988411
5176,7290427741.630471
5177,7290942645.849619
5178,7291457269.7965355
5179,7291971609.546492
5180,7292485661.1593485
5181,7292942871.926416
5182,7293374371.071249
5183,7293805482.042073
5184,7294236200.850403
5185,7294666523.492616
5186,7295017715.523293
5187,7295365943.3316965
5188,7295713675.966906
5189,7296060909.38006
5190,7296384510.500089
5191,7296650200.040352
5192,7296915292.413193
5193,7297179783.527311
5194,7297443669.276877
5195,7297655596.1489
5196,7297838393.483054
5197,7298020488.542917
5198,7298201877.18336
5199,7298379609.720924
5200,7298480456.586382
5201,7298580501.184989
5202,7298679739.335111
5203,7298778166.841259
5204,7298839090.048535
5205,7298857429.160518
5206,7298874862.822751
5207,7298891386.806412
5208,7298906996.869127
5209,7298849007.995802
5210,7298784982.589477
5211,7298719949.502637
5212,7298653904.462772
5213,7298553097.976286
5214,7298407958.370865
5215,7298261714.117723
5216,7298114360.917064
5217,7297965894.456237
5218,7297741771.702685
5219,7297514661.672942
5220,7297286346.740935
5221,7297056822.5699415
5222,7296784522.995323
5223,7296476892.097224
5224,7296167961.384078
5225,7295857726.497958
5226,7295534428.673007
5227,7295146621.366485
5228,7294757420.376385
5229,7294366821.326429
5230,7293974819.828611
5231,7293522178.706812
5232,7293053052.530973
5233,7292582435.457856
5234,7292110323.084374
5235,7291602003.859842
5236,7291053297.20954
5237,7290503007.876385
5238,7289951131.445103
5239,7289384644.409191
5240,7288756701.64877
5241,7288127085.474229
5242,7287495791.460989
5243,7286862815.173922
5244,7286161918.34655
5245,7285453320.437813
5246,7284742955.00952
5247,7284030817.62055
5248,7283267702.506693
5249,7282480467.692487
5250,7281691376.7401705
5251,7280900425.205521
5252,7280072909.54098
5253,7279207382.404571
5254,7278339911.57641
5255,7277470492.612097
5256,7276576502.128405
5257,7275633056.493121
5258,7274687580.708883
5259,7273740070.334002
5260,7272777516.921919
5261,7271756526.929899
5262,7270733421.430884
5263,7269708195.988809
5264,7268675088.684026
5265,7267576926.887059
5266,7266476565.32512
5267,7265373999.570663
5268,7264268421.041768
5269,7263091031.550654
5270,7261911356.802722
5271,7260729392.383414
5272,7259545133.870657
5273,7258301193.122372
5274,7257042597.154555
5275,7255781627.18924
5276,7254518278.820822
5277,7253206600.625164
5278,7251869474.88715
5279,7250529891.980269
5280,7249187847.518395
5281,7247806539.522661
5282,7246391274.983237
5283,7244973471.260392
5284,7243553123.990514
5285,7242100389.238538
5286,7240607376.421187
5287,7239111743.564803
5288,7237613486.331309
5289,7236087620.733833
5290,7234517249.752285
5291,7232944179.037216
5292,7231368404.2790985
5293,7229767794.140671
5294,7228120454.734489
5295,7226470337.063636
5296,7224817436.850168
5297,7223140556.451521
5298,7221416638.02169
5299,7219689863.961665
5300,7217960230.028117
5301,7216205639.2627945
5302,7214405530.907302
5303,7212602490.7240505
5304,7210796514.507359
5305,7208962856.571561
5306,7207086947.121018
5307,7205208030.815497
5308,7203326103.489987
5309,7201412102.624516
5310,7199460780.677704
5311,7197506378.021463
5312,7195548890.534496
5313,7193553349.817717
5314,7191527003.7772
5315,7189497504.348058
5316,7187464847.455749
5317,7185386646.646617
5318,7183285664.754315
5319,7181181457.971979
5320,7179074022.274861
5321,7176912115.704875
5322,7174736886.07763
5323,7172558361.239306
5324,7170375680.632547
5325,7168129951.731131
5326,7165880862.396267
5327,7163628408.712265
5328,7161359552.327709
5329,7159040419.702801
5330,7156717858.633682
5331,7154391865.26304
5332,7152036002.554676
5333,7149643852.975861
5334,7147248208.127416
5335,7144849064.21342
5336,7142405431.218365
5337,7139940651.469516
5338,7137472310.813708
5339,7135000405.519463
5340,7132468302.980331
5341,7129931279.895085
5342,7127390631.4564495
5343,7124830340.023602
5344,7122225145.530947
5345,7119616266.028118
5346,7117003697.919203
5347,7114353149.645498
5348,7111676547.903654
5349,7108996199.022576
5350,7106312099.479343
5351,7103570781.822902
5352,7100823158.83062
5353,7098071727.766561
5354,7095292315.003556
5355,7092459560.302488
5356,7089622925.894913
5357,7086782408.43012
5358,7083938004.561678
5359,7081052952.745969
5360,7078128198.59957
5361,7075199488.268566
5362,7072266818.510354
5363,7069330186.087411
5364,7066337745.978917
5365,7063321728.942865
5366,7060301681.307183
5367,7057277599.942247
5368,7054249481.724284
5369,7051148079.435982
5370,7048041534.675092
5371,7044930886.964774
5372,7041816133.293236
5373,7038677669.235655
5374,7035485500.964379
5375,7032289162.357905
5376,7029088650.51971
5377,7025883962.560658
5378,7022632876.543322
5379,7019351715.464119
5380,7016066315.710616
5381,7012776674.512982
5382,7009482789.109561
5383,7006118003.3581295
5384,7002748579.025842
5385,6999374849.747718
5386,6995996812.885424
5387,6992587644.637122
5388,6989135052.267455
5389,6985678093.262353
5390,6982216765.110044
5391,6978751065.308491
5392,6975225502.86097
5393,6971686165.796512
5394,6968142399.827854
5395,6964594202.5835
5396,6961019848.023432
5397,6957398977.999098
5398,6953773621.11048
5399,6950143775.119815
5400,6946509437.800649
5401,6942816584.77716
5402,6939110477.404492
5403,6935399824.894539
5404,6931684625.158516
5405,6927939179.821401
5406,6924153156.055821
5407,6920362532.900002
5408,6916567308.405977
5409,6912767090.303401
5410,6908901978.006014
5411,6905032213.839048
5412,6901157795.998495
5413,6897278722.694013
5414,6893357392.655628
5415,6889409310.987338
5416,6885456525.078292
5417,6881499033.285977
5418,6877519972.889951
5419,6873494391.21804
5420,6869464056.498042
5421,6865428967.238358
5422,6861389121.962653
5423,6857288140.184411
5424,6853181070.002395
5425,6849069198.3789425
5426,6844952523.992472
5427,6840789919.994651
5428,6836604867.4731455
5429,6832414966.907316
5430,6828220217.136732
5431,6824003434.976046
5432,6819741274.871314
5433,6815474221.93904
5434,6811202275.182951
5435,6806925433.624484
5436,6802591035.367843
5437,6798247699.619681
5438,6793899427.2412405
5439,6789546217.421895
5440,6785155012.618953
5441,6780736256.710052
5442,6776312523.167097
5443,6771883811.350354
5444,6767434185.781097
5445,6762940865.599918
5446,6758442528.573859
5447,6753939174.237003
5448,6749429644.692149
5449,6744862609.487767
5450,6740290520.011062
5451,6735713375.972841
5452,6731131177.10484
5453,6726502677.721726
5454,6721857680.30416
5455,6717207592.851214
5456,6712552415.27502
5457,6707862361.297162
5458,6703145294.050701
5459,6698423103.062593
5460,6693695788.428208
5461,6688943048.505949
5462,6684154743.26837
5463,6679361282.341365
5464,6674562666.006363
5465,6669746220.733382
5466,6664887503.190597
5467,6660023599.760125
5468,6655154510.912265
5469,6650273448.398139
5470,6645345138.205202
5471,6640411613.667055
5472,6635472875.445618
5473,6630526387.031146
5474,6625529297.932033
5475,6620526967.762264
5476,6615519397.378114
5477,6610506587.661626
5478,6605441713.43538
5479,6600371387.308906
5480,6595295796.163231
5481,6590214941.078271
5482,6585084193.5671
5483,6579946675.475077
5484,6574803869.276912
5485,6569655776.25305
5486,6564458621.436804
5487,6559254709.802757
5488,6554045488.685203
5489,6548830959.567809
5490,6543566951.00513
5491,6538297438.799709
5492,6533022597.434887
5493,6527740179.931564
5494,6522411203.796273
5495,6517076878.650872
5496,6511737206.363622
5497,6506386455.890266
5498,6500993465.726572
5499,6495595110.045649
5500,6490191390.925979
5501,6484772112.624129
5502,6479315884.045377
5503,6473854275.117504
5504,6468387288.131764
5505,6462899360.763688
5506,6457380664.384769
5507,6451856574.492438
5508,6446327093.593225
5509,6440770466.369158
5510,6435190067.914983
5511,6429604264.443177
5512,6424013058.678019
5513,6418387748.189512
5514,6412746408.602163
5515,6407099654.145596
5516,6401447487.764295
5517,6395753575.020613
5518,6390052050.56531
5519,6384345103.034509
5520,6378625887.78909
5521,6372870363.159731
5522,6367109405.529456
5523,6361343018.25545
5524,6355554779.3691845
5525,6349740573.952971
5526,6343920930.371897
5527,6338095852.209721
5528,6332238856.400234
5529,6326366711.433082
5530,6320489124.75857
5531,6314604567.484515
5532,6308680667.585557
5533,6302751320.044406
5534,6296816528.86785
5535,6290863168.852778
5536,6284882799.750378
5537,6278896982.452554
5538,6272905721.198784
5539,6266883986.882929
5540,6260847875.734433
5541,6254806317.435679
5542,6248754833.961001
5543,6242664703.254112
5544,6236569121.276583
5545,6230468092.71165
5546,6224360523.356994
5547,6218211856.874247
5548,6212057741.200649
5549,6205898181.268588
5550,6199733182.050365
5551,6193527925.112181
5552,6187316203.058523
5553,6181099040.826852
5554,6174876443.641135
5555,6168615449.991218
5556,6162347039.299752
5557,6156073194.247864
5558,6149793920.312894
5559,6143477034.059671
5560,6137152843.136221
5561,6130823225.392864
5562,6124488186.561939
5563,6118115336.451935
5564,6111736264.5974245
5565,6105351775.172335
5566,6098960718.665295
5567,6092533069.131495
5568,6086100006.767699
5569,6079661537.777478
5570,6073213763.954195
5571,6066732993.307656
5572,6060246822.197316
5573,6053755257.085585
5574,6047250936.124918
5575,6040717916.018107
5576,6034179509.479314
5577,6027635723.23114
5578,6021075093.006066
5579,6014490686.869321
5580,6007900909.984214
5581,6001305769.334767
5582,5994689131.682989
5583,5988054194.927669
5584,5981413904.745498
5585,5974768268.38306
5586,5968092125.475693
5587,5961402376.539583
5588,5954707291.253116
5589,5948006877.140852
5590,5941292398.028625
5591,5934548971.384427
5592,5927800227.280924
5593,5921046173.521022
5594,5914286817.954698
5595,5907496394.823166
5596,5900695112.7244215
5597,5893888541.928899
5598,5887076690.565664
5599,5880247155.922317
5600,5873394441.525138
5601,5866536461.156272
5602,5859673223.223871
5603,5852803851.039125
5604,5845900795.247158
5605,5838992497.949182
5606,5832078967.832258
5607,5825160213.631981
5608,5818216836.946315
5609,5811259300.868134
5610,5804296558.430728
5611,5797328618.648579
5612,5790344435.484861
5613,5783336384.28919
5614,5776323154.183084
5615,5769304754.466322
5616,5762281194.487906
5617,5755232104.808176
5618,5748169608.017774
5619,5741101971.109079
5620,5734029203.715359
5621,5726948853.144595
5622,5719838291.27132
5623,5712722620.497483
5624,5705601850.739017
5625,5698475991.961458
5626,5691331684.736975
5627,5684169164.451774
5628,5677001578.37251
5629,5669828936.745546
5630,5662651249.866861
5631,5655444166.566183
5632,5648230931.6314335
5633,5641012676.274086
5634,5633789411.068605
5635,5626550284.471897
5636,5619292549.9817
5637,5612029831.812555
5638,5604762140.814655
5639,5597489487.887546
5640,5590189159.956776
5641,5582883112.091549
5642,5575572129.996382
5643,5568256224.843133
5644,5560923568.125001
5645,5553575306.259024
5646,5546222150.304003
5647,5538864111.700481
5648,5531498500.251308
5649,5524107815.657349
5650,5516712278.352238
5651,5509311900.045393
5652,5501906692.494295
5653,5494486440.616263
5654,5487049721.620723
5655,5479608204.779786
5656,5472161902.114296
5657,5464710825.692301
5658,5457235130.74059
5659,5449751298.468611
5660,5442262724.83548
5661,5434769422.1742935
5662,5427271402.864296
5663,5419752522.560349
5664,5412223078.745326
5665,5404688952.124542
5666,5397150155.334507
5667,5389606701.056589
5668,5382044877.74492
5669,5374471299.379336
5670,5366893098.752238
5671,5359310288.793562
5672,5351722882.476635
5673,5344118519.585643
5674,5336502259.386447
5675,5328881439.371959
5676,5321256072.754455
5677,5313626172.787848
5678,5305979821.773534
5679,5298322308.601798
5680,5290660299.871322
5681,5282993809.064398
5682,5275322849.70296
5683,5267635197.717568
5684,5259937836.951569
5685,5252236046.596984
5686,5244529840.392565
5687,5236819232.114447
5688,5229091090.359907
5689,5221355264.221073
5690,5213615076.075462
5691,5205870539.903447
5692,5198121669.720288
5693,5190353962.448393
5694,5182581030.279899
5695,5174803805.190731
5696,5167022301.386804
5697,5159234751.904379
5698,5151430287.229579
5699,5143621585.727442
5700,5135808661.782313
5701,5127991529.808269
5702,5120165530.862577
5703,5112326539.52885
5704,5104483382.926117
5705,5096636075.631515
5706,5088784632.24866
5707,5080921414.442274
5708,5073049187.188012
5709,5065172867.39271
5710,5057292469.806688
5711,5049408009.203298
5712,5041508877.375354
5713,5033604682.834184
5714,5025696469.522272
5715,5017784252.342395
5716,5009865327.33957
5717,5001934371.202425
5718,4993999455.957858
5719,4986060596.623085
5720,4978117808.231528
5721,4970164844.319615
5722,4962204316.683289
5723,4954239905.281956
5724,4946271625.244746
5725,4938299068.122802
5726,4930313993.78929
5727,4922325096.481374
5728,4914332391.407827
5729,4906335893.786199
5730,4898331054.249418
5731,4890317868.665138
5732,4882300936.584236
5733,4874280273.287461
5734,4866255894.060005
5735,4858223902.667582
5736,4850183909.3576
5737,4842140246.441797
5738,4834092929.24774
5739,4826041973.102966
5740,4817983930.052431
5741,4809918425.045594
5742,4801849327.582415
5743,4793776653.011579
5744,4785700416.677289
5745,4777617418.350099
5746,4769527689.065489
5747,4761434444.576369
5748,4753337700.226653
5749,4745237471.351247
5750,4737130600.163765
5751,4729017902.936487
5752,4720901767.704042
5753,4712782209.779718
5754,4704659244.463313
5755,4696529661.061287
5756,4688395221.29449
5757,4680257420.5162945
5758,4672116273.983842
5759,4663971796.936398
5760,4655820730.342666
5761,4647665742.642844
5762,4639507470.569821
5763,4631345929.299693
5764,4623181020.763741
5765,4615009872.39946
5766,4606835500.702676
5767,4598657920.76981
5768,4590477147.671941
5769,4582292553.257238
5770,4574103078.6661215
5771,4565910456.363041
5772,4557714701.320467
5773,4549515828.481715
5774,4541312957.256314
5775,4533106260.1669035
5776,4524896490.235154
5777,4516683662.288081
5778,4508467791.120077
5779,4500248086.665567
5780,4492025240.666239
5781,4483799395.818801
5782,4475570566.785162
5783,4467338712.670067
5784,4459103701.7321
5785,4450865750.433826
5786,4442624873.292381
5787,4434381084.787091
5788,4426134637.924033
5789,4417885463.406553
5790,4409633420.63812
5791,4401378523.9405155
5792,4393120822.172704
5793,4384861280.987517
5794,4376598928.33972
5795,4368333778.384386
5796,4360065845.2353525
5797,4351795952.012236
5798,4343524119.0442
5799,4335249544.532334
5800,4326972242.415325
5801,4318692226.5896
5802,4310411712.664879
5803,4302128516.619765
5804,4293842647.6571474
5805,4285554119.4926443
5806,4277264421.028417
5807,4268973381.357876
5808,4260679722.5285845
5809,4252383458.0723944
5810,4244084943.0158906
5811,4235786813.084329
5812,4227486116.8042574
5813,4219182867.5229177
5814,4210877078.5461593
5815,4202571733.536189
5816,4194265101.423027
5817,4185955967.8482757
5818,4177644345.933943
5819,4169330248.7625127
5820,4161018344.1423364
5821,4152704118.323574
5822,4144387454.5243306
5823,4136068365.649063
5824,4127748335.5746303
5825,4119429783.1316195
5826,4111108842.080306
5827,4102785525.1538134
5828,4094459845.051449
5829,4086135425.1579533
5830,4077810946.1324353
5831,4069484139.4747663
5832,4061155017.7256823
5833,4052823593.3966446
5834,4044496198.62726
5835,4036166616.317023
5836,4027834766.087257
5837,4019500660.3076673
5838,4011167021.2642283
5839,4002835354.249052
5840,3994501465.6197
5841,3986165367.6198554
5842,3977827072.474741
5843,3969492738.7153597
5844,3961157479.826034
5845,3952820056.9542303
5846,3944480482.2234597
5847,3936141138.6722507
5848,3927805156.8896637
5849,3919467055.791593
5850,3911126847.421638
5851,3902784543.819161
5852,3894446826.9287066
5853,3886108674.7544417
5854,3877768459.279947
5855,3869426192.4965734
5856,3861084799.8126435
5857,3852747205.4534225
5858,3844407591.2446737
5859,3836065969.1575756
5860,3827722351.1767144
5861,3819384918.867975
5862,3811046497.4101453
5863,3802706111.1189876
5864,3794363771.9982715
5865,3786024064.231304
5866,3777687411.4371867
5867,3769348836.5870686
5868,3761008351.737574
5869,3752666868.390322
5870,3744332545.9482646
5871,3735996344.0875463
5872,3727658274.953762
5873,3719318350.7371545
5874,3710984092.369894
5875,3702650812.3443403
5876,3694315707.8077035
5877,3685978791.0885625
5878,3677644221.192838
5879,3669314400.577472
5880,3660982798.3970876
5881,3652649427.159897
5882,3644315082.6203127
5883,3635989249.1902237
5884,3627661677.4820037
5885,3619332380.2268996
5886,3611001370.238192
5887,3602677480.815175
5888,3594354459.570602
5889,3586029756.8396297
5890,3577703385.716418
5891,3569381201.687649
5892,3561063244.333366
5893,3552743650.2769413
5894,3544422432.9409184
5895,3536102503.314018
5896,3527790118.313555
5897,3519476142.2982287
5898,3511160589.068021
5899,3502843472.547299
5900,3494537156.899524
5901,3486229305.1584864
5902,3477919923.405169
5903,3469609026.005514
5904,3461306426.5226293
5905,3453005203.85055
5906,3444702499.6966133
5907,3436398328.92011
5908,3428099987.041714
5909,3419805898.535877
5910,3411510378.599471
5911,3403213442.6377997
5912,3394919894.2716985
5913,3386633447.1215887
5914,3378345620.3083014
5915,3370056429.8363967
5916,3361768202.6092157
5917,3353489907.937648
5918,3345210287.2826586
5919,3336929357.3017
5920,3328647134.8512316
5921,3320377342.462401
5922,3312106447.026433
5923,3303834298.759497
5924,3295560915.239211
5925,3287297818.0379863
5926,3279036174.86137
5927,3270773337.706041
5928,3262509324.9243593
5929,3254253410.508675
5930,3246001556.628791
5931,3237748570.1719446
5932,3229494470.318369
5933,3221246206.7043386
5934,3213004691.2429237
5935,3204762107.34413
5936,3196518475.068487
5937,3188278306.6774597
5938,3180047693.0057173
5939,3171816077.9571996
5940,3163583482.52416
5941,3155351825.5851064
5942,3147132693.576292
5943,3138912630.3490267
5944,3130691657.8774724
5945,3122469798.423341
5946,3114261843.466125
5947,3106053934.053803
5948,3097845189.8526998
5949,3089635634.1682615
5950,3081437312.9037185
5951,3073242180.778681
5952,3065046291.7935705
5953,3056849670.3439994
5954,3048661291.8771257
5955,3040479584.575302
5956,3032297201.9623823
5957,3024114169.5684905
5958,3015935989.1176777
5959,3007768380.972874
5960,2999600182.820976
5961,2991431421.3685994
5962,2983263619.1060514
5963,2975110694.2254653
5964,2966957268.656758
5965,2958803370.323564
5966,2950649027.50069
5967,2942508778.1228867
5968,2934370614.992832
5969,2926232073.9606667
5970,2918093184.567419
5971,2909965091.465176
5972,2901842687.425484
5973,2893720004.817337
5974,2885597074.4835668
5975,2877482129.988413
5976,2869375989.4282875
5977,2861269674.23843
5978,2853163216.5961404
5979,2845062427.856921
5980,2836973063.782147
5981,2828883633.7434382
5982,2820794171.2820854
5983,2812708559.0804105
5984,2804636493.9282875
5985,2796564476.314609
5986,2788492541.1709695
5987,2780423138.8355093
5988,2772368905.22381
5989,2764314837.5859876
5990,2756260972.2668304
5991,2748208944.850661
5992,2740174507.87265
5993,2732140358.3410616
5994,2724106534.01819
5995,2716073073.073498
5996,2708053945.4571195
5997,2700040282.263487
5998,2692027072.161161
5999,2684014354.7563562
6000,2676010100.7142367
6001,2668017502.096745
6002,2660025489.495733
6003,2652034103.96471
6004,2644045902.0089192
6005,2636074956.7643805
6006,2628104735.5392146
6007,2620135280.8409824
6008,2612166635.5939207
6009,2604215631.198278
6010,2596267806.276904
6011,2588320892.44004
6012,2580374934.069553
6013,2572442556.0470676
6014,2564517743.792816
6015,2556593992.2820625
6016,2548671347.3522124
6017,2540758807.250278
6018,2532857635.7664604
6019,2524957679.771833
6020,2517058986.5532756
6021,2509167505.4662876
6022,2501290614.823818
6023,2493415099.4726753
6024,2485541008.139187
6025,2477671815.3436537
6026,2469819857.732401
6027,2461969440.225262
6028,2454120612.9740195
6029,2446274944.6275597
6030,2438448584.4323344
6031,2430623934.1034036
6032,2422801045.20008
6033,2414980150.890763
6034,2407180924.454148
6035,2399383580.989163
6036,2391588173.4307265
6037,2383794755.1125546
6038,2376019084.3640504
6039,2368249739.35604
6040,2360482509.4266777
6041,2352717449.252813
6042,2344966482.9033084
6043,2337225838.89447
6044,2329487493.7175193
6045,2321751503.3619294
6046,2314026574.8276653
6047,2306315345.1256223
6048,2298606602.46543
6049,2290900404.1150384
6050,2283202848.837905
6051,2275521757.2623672
6052,2267843345.2569494
6053,2260167671.330402
6054,2252498825.357703
6055,2244848605.919925
6056,2237201262.74684
6057,2229556855.546878
6058,2221918054.1588707
6059,2214299450.676421
6060,2206683924.1544633
6061,2199071535.456674
6062,2191464111.8357105
6063,2183877877.4851837
6064,2176294924.614513
6065,2168715315.1950417
6066,2161140599.1309433
6067,2153587495.941548
6068,2146037882.385302
6069,2138491821.4906044
6070,2130951138.117838
6071,2123431936.4086344
6072,2115916435.9187791
6073,2108404700.6802413
6074,2100899369.242887
6075,2093414847.0069425
6076,2085934240.7976894
6077,2078457615.5944893
6078,2070988948.2360134
6079,2063539890.474446
6080,2056094966.5462177
6081,2048654242.3193643
6082,2041223542.8944523
6083,2033810740.903765
6084,2026402293.3211734
6085,2018998266.8423123
6086,2011606829.7488735
6087,2004231080.3648643
6088,1996859908.4919772
6089,1989493381.5901976
6090,1982142490.6199112
6091,1974804595.4215024
6092,1967471503.1177723
6093,1960143281.8678253
6094,1952834209.0742106
6095,1945534973.550782
6096,1938240768.3312504
6097,1930951662.2068012
6098,1923685666.7900915
6099,1916425899.475633
6100,1909171391.638714
6101,1901925448.7399518
6102,1894700539.842536
6103,1887481051.4202895
6104,1880267053.1468456
6105,1873066544.4692528
6106,1865882494.918418
6107,1858704097.2993953
6108,1851531421.726456
6109,1844377564.5044634
6110,1837235185.4726064
6111,1830098690.8515868
6112,1822968151.124356
6113,1815865846.3660967
6114,1808769651.719303
6115,1801679564.8068388
6116,1794595656.362764
6117,1787530929.432421
6118,1780481680.5659592
6119,1773438762.9928865
6120,1766402247.6259842
6121,1759376726.199784
6122,1752375179.7861006
6123,1745380188.185628
6124,1738391822.417132
6125,1731410153.5798154
6126,1724454014.2438827
6127,1717507699.3736918
6128,1710568233.5736294
6129,1703635687.9568303
6130,1696722001.727036
6131,1689825107.5809853
6132,1682935285.0801048
6133,1676052605.278576
6134,1669182908.8473573
6135,1662336171.7603948
6136,1655496727.9560504
6137,1648664648.3569112
6138,1641840447.0139446
6139,1635044594.7638733
6140,1628256256.2234733
6141,1621475502.1115332
6142,1614702403.1457033
6143,1607954019.394744
6144,1601217502.960159
6145,1594488789.6248648
6146,1587767949.8122098
6147,1581068024.5480113
6148,1574384036.4442487
6149,1567708068.2916148
6150,1561040190.14847
6151,1554390121.4448419
6152,1547759356.3961015
6153,1541136826.0685914
6154,1534522600.086013
6155,1527923749.967095
6156,1521346890.3233035
6157,1514778477.8308735
6158,1508218581.610289
6159,1501672275.0983508
6160,1495149989.9749465
6161,1488636361.8398967
6162,1482131459.2431812
6163,1475638983.477061
6164,1469171927.910838
6165,1462713736.3292904
6166,1456264476.6460073
6167,1449827080.0679855
6168,1443415894.1914833
6169,1437013776.213933
6170,1430620793.3481808
6171,1424239684.9573102
6172,1417884993.194255
6173,1411539569.9276412
6174,1405203481.606898
6175,1398879830.277093
6176,1392582240.5610092
6177,1386294116.3944826
6178,1380015523.4026086
6179,1373750457.26392
6180,1367510560.282187
6181,1361280322.1386874
6182,1355059807.5751548
6183,1348855781.5708387
6184,1342679087.068079
6185,1336512223.1296813
6186,1330355253.5096393
6187,1324208241.7644467
6188,1318080203.9636657
6189,1311977166.9193273
6190,1305884190.561335
6191,1299801337.3920937
6192,1293728669.697896
6193,1287678383.7383978
6194,1281649827.3456793
6195,1275631554.8590074
6196,1269623627.447668
6197,1263626106.047066
6198,1257655239.971012
6199,1251701948.0202718
6200,1245759155.9366515
6201,1239826923.4791834
6202,1233905310.1560996
6203,1228015435.884941
6204,1222138151.3326063
6205,1216271575.0162194
6206,1210415765.2119584
6207,1204574800.978361
6208,1198763372.9254403
6209,1192962796.570895
6210,1187173128.9186096
6211,1181394426.6939726
6212,1175637441.752262
6213,1169903185.4507442
6214,1164179974.7246058
6215,1158467864.9781146
6216,1152766911.3226917
6217,1147095199.241548
6218,1141438736.047447
6219,1135793503.9139285
6220,1130159556.5863593
6221,1124541154.9104958
6222,1118951705.4108222
6223,1113373611.4747913
6224,1107806925.4502182
6225,1102251699.3691626
6226,1096721033.7958515
6227,1091210313.8611555
6228,1085711119.2399042
6229,1080223500.5287654
6230,1074748730.2002215
6231,1069305595.0949674
6232,1063874096.9175962
6233,1058454284.8035988
6234,1053046207.5529617
6235,1047661296.8162305
6236,1042297674.914144
6237,1036945843.3439504
6238,1031605849.4137349
6239,1026279118.2756891
6240,1020983527.157479
6241,1015699824.6935546
6242,1010428056.679992
6243,1005168268.5607969
6244,999933185.291297
6245,994717735.0439116
6246,989514310.0420665
6247,984322954.1940849
6248,979148039.0779256
6249,974000938.672647
6250,968865948.2536975
6251,963743110.1791911
6252,958632466.441743
6253,953550658.5599536
6254,948484168.7835481
6255,943429908.446135
6256,938387917.9733319
6257,933367977.1769928
6258,928370028.6382744
6259,923384380.5193871
6260,918411071.669842
6261,913453837.4402281
6262,908524445.3510026
6263,903607418.5403124
6264,898702794.2747774
6265,893810609.4418472
6266,888948198.129055
6267,884099776.4482188
6268,879263814.4623495
6269,874440347.4687363
6270,869641929.1547742
6271,864862071.3137858
6272,860094724.2032307
6273,855339921.5285513
6274,850606205.3165983
6275,845894975.3528496
6276,841196300.4360439
6277,836510212.679924
6278,831841285.5409094
6279,827198584.529234
6280,822568476.8405443
6281,817950992.9995661
6282,813347426.4811869
6283,808773131.3287482
6284,804211461.771077
6285,799662446.7485942
6286,795126114.8135829
6287,790618716.1719843
6288,786125331.7969217
6289,781644626.6908551
6290,777176627.8285015
6291,772735309.5613668
6292,768310033.8768822
6293,763897456.294751
6294,759497602.2211845
6295,755122754.3342845
6296,750765387.6388028
6297,746420732.0388725
6298,742088811.3830616
6299,737780768.0162026
6300,733491087.757984
6301,729214125.8153867
6302,724949904.491932
6303,720708945.2677602
6304,716486706.4283494
6305,712277187.4249742
6306,708080409.0303669
6307,703906760.4197478
6308,699751695.9202919
6309,695609347.1572295
6310,691479733.3883431
6311,687373570.0899384
6312,683285391.2191302
6313,679209918.4504274
6314,675147169.5440111
6315,671108615.87576
6316,667087012.7381759
6317,663078100.624647
6318,659081895.8165429
6319,655111027.1168665
6320,651155669.1003627
6321,647212981.682177
6322,643282979.6850008
6323,639379823.7216012
6324,635490359.9825747
6325,631613541.1693469
6326,627750460.8641851
6327,623913919.0515718
6328,620089979.0167402
6329,616278653.0938352
6330,612483496.3026097
6331,608712122.8584627
6332,604953316.7419012
6333,601207088.8916806
6334,597479752.8679192
6335,593773144.2673769
6336,590079063.6015347
6337,586397520.4382622
6338,582737860.3368645
6339,579095594.8010628
6340,575465812.9805046
6341,571848523.0976462
6342,568256353.3915671
6343,564677991.4394768
6344,561112064.276035
6345,557560965.0141879
6346,554033674.6984099
6347,550518759.7091937
6348,547016225.9973725
6349,543532437.8534024
6350,540068178.0127544
6351,536616236.7974067
6352,533176618.8887484
6353,529759845.4868189
6354,526358131.3041696
6355,522968674.68523586
6356,519593247.3623809
6357,516241388.76985663
6358,512901719.89710087
6359,509574243.29528725
6360,506265448.8401963
6361,502975188.4735188
6362,499697049.62199444
6363,496431033.64851
6364,493188476.21354324
6365,489959288.4362789
6366,486742149.97205925
6367,483540941.99168557
6368,480360313.4220931
6369,477191658.7179811
6370,474034977.2609375
6371,470899442.7780164
6372,467778873.1777205
6373,464670198.7512432
6374,461576969.25077075
6375,458508843.23851657
6376,455452503.32155085
6377,452407947.04215974
6378,449375171.6507133
6379,446358892.19790834
6380,443366030.1803563
6381,440384837.40970224
6382,437415310.14298177
6383,434457444.3540419
6384,431517739.35332906
6385,428599145.7682349
6386,425692099.6302344
6387,422796595.9618647
6388,419912629.5113291
6389,417049043.8172504
6390,414203702.99549
6391,411369783.14341193
6392,408547278.1000176
6393,405736181.43892413
6394,402948184.82708895
6395,400175062.5294951
6396,397413230.31965667
6397,394662680.9040774
6398,391923529.70410216
6399,389212196.0590978
6400,386512014.0844693
6401,383822975.6760269
6402,381145072.4810339
6403,378478295.8996674
6404,375834273.91865057
6405,373205875.4349288
6406,370588470.4889262
6407,367982049.7207
6408,365386603.5324997
6409,362809625.06737745
6410,360251840.7848155
6411,357704896.7758914
6412,355168782.72508794
6413,352643488.0883436
6414,350133315.4317971
6415,347644965.13594216
6416,345167298.8815566
6417,342700305.4486711
6418,340243973.3979964
6419,337800281.8580929
6420,335380175.9123088
6421,332970595.07101434
6422,330571527.2603083
6423,328182960.19613373
6424,325805343.49157524
6425,323452284.30679804
6426,321109588.8432932
6427,318777244.2230539
6428,316455237.3670059
6429,314143554.9965062
6430,311855996.3386805
6431,309578979.953593
6432,307312150.0807147
6433,305055492.8949135
6434,302808994.38047355
6435,300585923.6118154
6436,298373375.13435614
6437,296170846.94142705
6438,293978324.50992125
6439,291795793.13503
6440,289636593.7647192
6441,287487298.5065511
6442,285347855.64980316
6443,283218250.0205536
6444,281099418.24671996
6445,279002460.6049374
6446,276915201.67379296
6447,274837625.84051996
6448,272769717.32654047
6449,270713883.1328418
6450,268677913.92143005
6451,266651473.4932054
6452,264634545.66738024
6453,262627114.10583028
6454,260633486.26302728
6455,258657288.96979883
6456,256690449.5180233
6457,254732951.20306644
6458,252784777.17126274
6459,250852516.24602252
6460,248934875.62632346
6461,247026421.1081049
6462,245127135.50591338
6463,243237001.49341324
6464,241365223.98246196
6465,239504927.20785946
6466,237653644.2055237
6467,235811357.35105085
6468,233978852.3829442
6469,232165831.19337144
6470,230361668.9556214
6471,228566347.77350593
6472,226779849.62433055
6473,225006457.4510037
6474,223248538.61206716
6475,221499306.18189788
6476,219758741.89783618
6477,218026827.37832615
6478,216312324.41365623
6479,214609340.34602657
6480,212914862.34565538
6481,211228871.84628192
6482,209551350.17022792
6483,207890148.70527127
6484,206240844.10910594
6485,204599865.7095694
6486,202967194.67392898
6487,201342812.06530836
6488,199734197.25821465
6489,198137325.89428616
6490,196548601.49748248
6491,194968005.00438294
6492,193395517.25447464
6493,191838728.97133648
6494,190293054.56112525
6495,188755348.69202262
6496,187225592.10434276
6497,185703765.44813615
6498,184198002.5658475
6499,182702299.6422087
6500,181214387.79164648
6501,179734247.59126863
6502,178261859.53452587
6503,176806284.04727536
6504,175359338.7561456
6505,173920008.1747165
6506,172488272.74858814
6507,171064702.09893554
6508,169657853.77944914
6509,168258464.63316733
6510,166866515.07677194
6511,165481985.4547023
6512,164107320.10048565
6513,162747013.17706573
6514,161393991.75995812
6515,160048236.18771625
6516,158709726.7326162
6517,157383032.7068799
6518,156068091.0239313
6519,154760262.65094954
6520,153459527.87624818
6521,152165866.92760444
6522,150886187.7969433
6523,149615449.4245224
6524,148351653.75376076
6525,147094781.0493003
6526,145845647.25448674
6527,144611171.58841884
6528,143383489.39691988
6529,142162580.99693996
6530,140948426.65471247
6531,139744798.0796116
6532,138552413.92508876
6533,137366656.11560026
6534,136187504.98855472
6535,135014940.83575854
6536,133856972.46349688
6537,132706931.61475313
6538,131563340.52615538
6539,130426179.62312692
6540,129295429.29040979
6541,128175576.74000008
6542,127066768.40149033
6543,125964235.09835355
6544,124867957.36757283
6545,123777915.71014479
6546,122695246.48883139
6547,121626490.6587155
6548,120563837.80166316
6549,119507268.58563046
6550,118456763.64705627
6551,117412303.591711
6552,116380904.55210593
6553,115356975.16290146
6554,114338960.22690584
6555,113326840.53393337
6556,112320596.8473439
6557,111324855.44041209
6558,110338513.21439737
6559,109357919.05223952
6560,108383053.91384241
6561,107413898.73665391
6562,106453233.62374887
6563,105503363.19846101
6564,104559077.29458395
6565,103620357.05764021
6566,102687183.6144863
6567,101760979.65721004
6568,100846486.83886087
6569,99937417.8885723
6570,99033754.15186875
6571,98135476.95919284
6572,97243089.24623562
6573,96362901.19575591
6574,95487979.28525257
6575,94618305.07352413
6576,93753860.107673
6577,92894625.92378598
6578,92047683.12051037
6579,91205859.8684003
6580,90369129.7681071
6581,89537474.59540226
6582,88710876.11820048
6583,87895973.32666965
6584,87086221.98870827
6585,86281412.24726355
6586,85481526.11775473
6587,84686545.61072001
6588,83902980.09325863
6589,83124295.6319905
6590,82350404.22213335
6591,81581288.1287446
6592,80817248.50160988
6593,80063982.61635746
6594,79315381.73735364
6595,78571428.38835546
6596,77832105.09309849
6597,77098335.12126051
6598,76374334.0246935
6599,75654855.18105762
6600,74939881.37843391
6601,74229395.40736482
6602,73525143.23672053
6603,72829464.07474847
6604,72138167.44153887
6605,71451236.39691521
6606,70768654.00547718
6607,70093159.95480174
6608,69424881.54059377
6609,68760848.96079716
6610,68101045.55355148
6611,67445454.66393328
6612,66797953.57614712
6613,66156176.31338768
6614,65518511.21703955
6615,64884941.90932923
6616,64255452.02142908
6617,63635175.44449716
6618,63019021.22513662
6619,62406848.52316314
6620,61798641.24989381
6621,61195819.13863203
6622,60600561.53294827
6623,60009173.61099177
6624,59421639.5653117
6625,58837943.60059021
6626,58261135.67899383
6627,57689933.78116068
6628,57122476.62399972
6629,56558748.69538948
6630,55998766.49868684
6631,55447164.8485041
6632,54899201.19710146
6633,54354860.3158646
6634,53814126.99104972
6635,53278923.40106058
6636,52749882.72820207
6637,52224360.73654935
6638,51702342.4969002
6639,51183813.096308075
6640,50672612.76079719
6641,50165354.22152049
6642,49661497.97319431
6643,49161029.38797057
6644,48665506.24168491
6645,48175968.31990129
6646,47689733.54443014
6647,47206787.57177679
6648,46727116.07682038
6649,46254355.04371562
6650,45785213.67149478
6651,45319264.5293577
6652,44856493.57630957
6653,44398691.933791295
6654,43946128.21081951
6655,43496662.403810844
6656,43050280.754570775
6657,42607183.0192279
6658,42170693.367602535
6659,41737209.54674747
6660,41306718.079712994
6661,40879205.51031672
6662,40457152.54843364
6663,40039161.36522958
6664,39624072.92868845
6665,39211874.06266901
6666,38803777.11846841
6667,38400801.07372578
6668,38000640.33409606
6669,37603282.00144465
6670,37208867.068135
6671,36820440.35604974
6672,36434743.64141498
6673,36051764.3018806
6674,35671489.73760686
6675,35296419.94207636
6676,34924735.08145151
6677,34555684.663342535
6678,34189256.36168522
6679,33827110.103857525
6680,33468996.262599964
6681,33113435.997788582
6682,32760417.254525583
6683,32411071.841615386
6684,32066589.8379317
6685,31724577.548633564
6686,31385023.215630967
6687,31047915.10445677
6688,30714761.026573736
6689,30385846.65667745
6690,30059308.98040338
6691,29735136.556025043
6692,29413317.965758644
6693,29095834.22752326
6694,28781877.506947678
6695,28470207.32157628
6696,28160812.542107992
6697,27853682.06343778
6698,27551349.8587139
6699,27251760.27804368
6700,26954369.87877892
6701,26659167.83986709
6702,26366366.364239138
6703,26078447.369808063
6704,25792653.490960713
6705,25508974.186101742
6706,25227398.938038997
6707,24948940.642678503
6708,24674346.794580758
6709,24401795.843226425
6710,24131277.546206806
6711,23862781.685609847
6712,23598154.02272256
6713,23336348.166318886
6714,23076505.621401016
6715,22818616.440046705
6716,22562801.034462817
6717,22311367.93111259
6718,22061830.81142957
6719,21814179.992681216
6720,21568405.81657846
6721,21325614.04004416
6722,21086022.6839965
6723,20848252.532152746
6724,20612294.186461885
6725,20378138.273279037
6726,20147873.337051697
6727,19919636.56954402
6728,19693148.688711274
6729,19468400.576119862
6730,19246197.92107419
6731,19027157.45976353
6732,18809804.83899786
6733,18594131.19064952
6734,18380127.670735765
6735,18169663.840866596
6736,17961121.227273833
6737,17754198.615442283
6738,17548887.406583413
6739,17346027.996684752
6740,17145979.880208135
6741,16947494.577158168
6742,16750563.72901897
6743,16555179.00104975
6744,16363286.55235187
6745,16172934.32184679
6746,15984081.33321146
6747,15796719.486822272
6748,15611970.950884929
6749,15429456.840120174
6750,15248388.45131125
6751,15068757.91504364
6752,14890986.898554424
6753,14716025.030784642
6754,14542457.01679685
6755,14370275.212502023
6756,14199471.996845858
6757,14031625.807301486
6758,13865282.77189935
6759,13700275.909367207
6760,13536597.818829231
6761,13375270.151221963
6762,13215885.322232775
6763,13057788.195034683
6764,12900971.58409781
6765,12745993.116534837
6766,12593308.142550647
6767,12441863.92530685
6768,12291653.489826232
6769,12142853.788656326
6770,11996618.537345467
6771,11851578.584617484
6772,11707727.161296232
6773,11565057.520032711
6774,11424907.559816547
6775,11286031.20680308
6776,11148299.57448554
6777,11011706.11627811
6778,10877289.892536996
6779,10744344.257745758
6780,10612500.940696092
6781,10481753.590903562
6782,10353049.198892487
6783,10226049.304089906
6784,10100107.853890322
6785,9975218.708526874
6786,9851375.748980332
6787,9729666.566612894
6788,9609390.309516387
6789,9490124.239506215
6790,9371862.442061396
6791,9254599.022994515
6792,9139604.225882884
6793,9025734.212092767
6794,8912828.050554844
6795,8800880.045460075
6796,8690020.643091753
6797,8581327.562826438
6798,8473559.362474086
6799,8366710.539016083
6800,8260775.608917994
6801,8156198.5810642345
6802,8053358.308083653
6803,7951400.030948766
6804,7850318.453007063
6805,7750108.296663229
6806,7651542.329290815
6807,7554273.352796609
6808,7457845.231543092
6809,7362252.869017403
6810,7267491.187333994
6811,7174670.941001133
6812,7082703.523788964
6813,6991537.505551901
6814,6901167.983799174
6815,6811949.072189923
6816,6724256.547796357
6817,6637332.324980883
6818,6551171.671499985
6819,6465769.872879589
6820,6381883.338343129
6821,6299023.065086662
6822,6216894.651532192
6823,6135493.547992898
6824,6054978.869824995
6825,5976011.208537719
6826,5897744.876099946
6827,5820175.4826886505
6828,5743298.65540023
6829,5667714.0584059805
6830,5593145.927088233
6831,5519245.499984202
6832,5446008.5588251995
6833,5373564.76768854
6834,5302537.048758071
6835,5232148.898661162
6836,5162396.249064861
6837,5093275.04771809
6838,5025373.138586433
6839,4958346.447373477
6840,4891928.330243949
6841,4826114.879886009
6842,4761124.700017507
6843,4697314.340756155
6844,4634086.653398639
6845,4571437.871096307
6846,4509364.242261401
6847,4448544.121044963
6848,4388368.241517965
6849,4328746.491315291
6850,4269675.254547848
6851,4211542.568492046
6852,4154285.1834443314
6853,4097558.105092694
6854,4041357.8489907673
6855,3985831.56364426
6856,3931364.499687821
6857,3877404.840899484
6858,3823949.230125404
6859,3770994.3242871934
6860,3719147.983006712
6861,3667833.435272651
6862,3617001.0472373026
6863,3566647.5986911077
6864,3517192.016414195
6865,3468405.0544165014
6866,3420079.2195447693
6867,3372211.4105222854
6868,3325067.371088853
6869,3278695.095728919
6870,3232763.741327144
6871,3187270.321705353
6872,3142358.9864935605
6873,3098292.9715491883
6874,3054648.46928731
6875,3011422.6048944453
6876,2968665.734847619
6877,2926801.8772635954
6878,2885340.8942763284
6879,2844280.0188020812
6880,2803616.4959916365
6881,2763838.5457503595
6882,2724461.8993550506
6883,2685467.569862743
6884,2646852.9062718544
6885,2609032.9900033944
6886,2571645.5060253143
6887,2534623.2620564173
6888,2497963.70750793
6889,2462028.2356377835
6890,2426538.6103273258
6891,2391397.83658303
6892,2356603.460887967
6893,2322480.0448525758
6894,2288800.7103736605
6895,2255454.502951894
6896,2222439.0628939453
6897,2190056.633306037
6898,2158103.626769297
6899,2126468.662931565
6900,2095149.4727655463
6901,2064438.3812457947
6902,2034131.2172559102
6903,2004127.6286926516
6904,1974425.4341262407
6905,1945317.5401299037
6906,1916579.0868119523
6907,1888130.336371436
6908,1859969.1919948747
6909,1832397.9358750589
6910,1805154.2943408694
6911,1778187.0561825738
6912,1751494.2063074505
6913,1725394.6697746413
6914,1699575.0569868402
6915,1674019.1001172415
6916,1648750.492315269
6917,1624033.818041812
6918,1599570.453029824
6919,1575358.528174353
6920,1551465.669152774
6921,1528052.1308493267
6922,1504880.1242290733
6923,1481947.8539927485
6924,1459369.7345061395
6925,1437196.7316624457
6926,1415253.978408802
6927,1393539.750674141
6928,1372217.1866026781
6929,1351224.8175877007
6930,1330451.8930067695
6931,1309896.757516429
6932,1289772.400811828
6933,1269903.3613936868
6934,1250243.4202397738
6935,1230810.5724644903
6936,1211809.3308273717
6937,1193008.8157964249
6938,1174407.4944772061
6939,1156086.7898258711
6940,1138111.212706909
6941,1120326.8205436654
6942,1102732.1423554106
6943,1085470.685808603
6944,1068470.2722484455
6945,1051651.9127770069
6946,1035014.1961107467
6947,1018760.9493933956
6948,1002687.4361337
6949,986787.241100222
6950,971123.765681365
6951,955764.7728187855
6952,940572.047218848
6953,925544.2837338726
6954,910811.7752604765
6955,896297.5685404231
6956,881941.5843099679
6957,867766.528746633
6958,854000.55276663
6959,840384.8193146656
6960,826918.1359131676
6961,813599.3164669969
6962,800427.181247384
6963,787524.0511235197
6964,774895.979495719
6965,762407.1552236561
6966,750056.4605161244
6967,737842.7836498424
6968,725765.0189537094
6969,714041.7636321448
6970,702465.3313916993
6971,691017.8843308465
6972,679698.3751643224
6973,668505.7623732025
6974,657533.6555565444
6975,646808.1238105514
6976,636202.9903786278
6977,625717.2690135873
6978,615349.9789605377
6979,605100.144941912
6980,595165.3590839015
6981,585345.3377907278
6982,575636.7261158185
6983,566038.600840523
6984,556550.0439613039
6985,547280.8151739105
6986,538192.235629319
6987,529207.5574065374
6988,520325.91174921853
6989,511546.43486484536
6990,502911.7831382132
6991,494504.31351678557
6992,486193.70329767995
6993,477979.1352603319
6994,469859.79690738255
6995,461834.8804509165
6996,454055.0750862906
6997,446371.79572223313
6998,438778.00536346843
6999,431272.9400328353
7000,423855.8402326355
7001,416630.4390723671
7002,409530.70757489203
7003,402514.3241959895
7004,395580.57083871757
7005,388728.7336654948
7006,382028.2722792009
7007,375471.09378006245
7008,368991.5111537268
7009,362588.84967272496
7010,356262.4386583707
7011,350057.9181386602
7012,344004.92769476364
7013,338024.1470834921
7014,332114.94255981484
7015,326276.68422605406
7016,320539.72409466683
7017,314955.03607996047
7018,309437.5167879934
7019,303986.5711874394
7020,298601.6079017403
7021,293304.5706211509
7022,288154.635446319
7023,283067.1526476307
7024,278041.5637519111
7025,273077.31375665823
7026,268193.4042942383
7027,263446.872194524
7028,258758.38177908215
7029,254127.40908551123
7030,249553.4334461678
7031,245056.77699089266
7032,240684.36862344402
7033,236365.87880480304
7034,232100.8161393462
7035,227888.69235815867
7036,223754.39297377862
7037,219728.77656768885
7038,215753.22599682462
7039,211827.28058710846
7040,207950.48263068293
7041,204154.6653415565
7042,200450.34014652084
7043,196792.48227953116
7044,193180.66003713655
7045,189614.44452888524
7046,186134.28307332794
7047,182727.46885627296
7048,179363.7623269526
7049,176042.75909165843
7050,172764.05742344426
7051,169577.7896717685
7052,166446.32201493444
7053,163354.82676734618
7054,160302.92527007614
7055,157291.3476542876
7056,154377.17421041746
7057,151500.40536901422
7058,148660.68430977047
7059,145857.65661554807
7060,143107.4250493307
7061,140431.47541350007
7062,137790.1804961692
7063,135183.20643122282
7064,132610.22162849567
7065,130102.20264263728
7066,127646.39923992063
7067,125222.6874807431
7068,122830.75510695124
7069,120470.29201506492
7070,118186.42316432476
7071,115933.95030488205
7072,113711.18120148606
7073,111517.82392898967
7074,109369.38415491165
7075,107276.85334076497
7076,105212.07735088913
7077,103174.78144929622
7078,101164.6928367954
7079,99213.21217570276
7080,97295.93905410924
7081,95404.33287349255
7082,93538.13698660689
7083,91706.74496649645
7084,89927.12710015818
7085,88171.47487712829
7086,86439.54691431229
7087,84731.10356739706
7088,83071.81171173755
7089,81442.97839110447
7090,79836.28790885134
7091,78251.51495340753
7092,76697.91431897995
7093,75187.33204959624
7094,73697.40979054653
7095,72227.93576716368
7096,70778.69976379244
7097,69374.68384189572
7098,67993.59016229265
7099,66631.56756475545
7100,65288.41853513644
7101,63978.25734805243
7102,62701.5744789576
7103,61442.613771517565
7104,60201.19040645394
7105,58977.12095467717
7106,57786.452405993485
7107,56623.243692417585
7108,55476.32503210861
7109,54345.524849464804
7110,53230.672875293894
7111,52150.32029695465
7112,51091.15939315052
7113,50046.96423357989
7114,49017.57561213273
7115,48002.83554985225
7116,47024.14411957573
7117,46060.330513287714
7118,45110.25864183567
7119,44173.7808471223
7120,43254.82117577166
7121,42365.58007189672
7122,41489.08793878102
7123,40625.20680813088
7124,39773.799798217464
7125,38943.70940032534
7126,38135.44485952641
7127,37338.875142357465
7128,36553.87239951718
7129,35780.30980109849
7130,35031.6993532325
7131,34297.512976889164
7132,33574.04851613147
7133,32861.18755687836
7134,32161.180574687645
7135,31484.784693388297
7136,30818.32378783057
7137,30161.68733701617
7138,29514.76572052475
7139,28885.261698203325
7140,28271.58033722546
7141,27666.998275993265
7142,27071.413242208666
7143,26484.723807401006
7144,25919.556094477375
7145,25363.146108158548
7146,24815.06528871403
7147,24275.21904524139
7148,23748.812957742994
7149,23236.96238320552
7150,22732.81981210681
7151,22236.29705955589
7152,21747.306684384916
7153,21276.052856519545
7154,20812.532022150634
7155,20356.059486159284
7156,19906.55376313949
7157,19468.76538832828
7158,19042.78323895864
7159,18623.318260160668
7160,18210.294542442236
7161,17804.157639232395
7162,17412.849498564618
7163,17027.565121475454
7164,16648.233817079552
7165,16274.785509773988
7166,15912.670158723115
7167,15558.941078659846
7168,15210.71175988481
7169,14867.916972377576
7170,14532.81671546303
7171,14208.206042731215
7172,13888.674363740283
7173,13574.160980237342
7174,13264.605734148152
7175,12966.70880998974
7176,12673.644193440961
7177,12385.211697200273
7178,12101.3553671837
7179,11826.357543888285
7180,11557.69159867943
7181,11293.299625262342
7182,11033.129598348643
7183,10779.59088033107
7184,10533.406513777265
7185,10291.164090992843
7186,10052.815257059601
7187,9819.349758122626
7188,9593.870947146856
7189,9372.026386663394
7190,9153.771149523707
7191,8939.0607253786
7192,8732.632243494145
7193,8529.563650358303
7194,8329.802549835666
7195,8133.30760574271
7196,7943.677184234082
7197,7757.8835518034475
7198,7575.136464657261
7199,7395.397548672976
7200,7221.406976210165
7201,7051.4998352734165
7202,6884.397724092726
7203,6720.065031698647
7204,6560.6131653915445
7205,6405.308757509862
7206,6252.585937933315
7207,6102.411672377903
7208,5956.4545005452965
7209,5814.566446893974
7210,5675.05334475194
7211,5537.884561772296
7212,5404.434761781806
7213,5274.867200001679
7214,5147.483571185073
7215,5022.255481212944
7216,4900.381560164574
7217,4782.1227229394435
7218,4665.871309998058
7219,4551.601012133958
7220,4440.426107125684
7221,4332.542317386149
7222,4226.502918027414
7223,4122.28354122461
7224,4020.9839460907588
7225,3922.6140049001315
7226,3825.9379287039465
7227,3730.933156733699
7228,3638.7366333710747
7229,3549.0865776767687
7230,3460.9914684540768
7231,3374.4304263265917
7232,3290.614350913964
7233,3208.9525594420993
7234,3128.7175617518687
7235,3049.8900423383434
7236,2973.7794298164195
7237,2899.43205645057
7238,2826.39330583755
7239,2754.645316478862
7240,2685.6107605048087
7241,2617.95747551902
7242,2551.5038930551073
7243,2486.333813535419
7244,2423.6890630922076
7245,2362.1590836020673
7246,2301.728456296625
7247,2242.7357771436846
7248,2185.782989560435
7249,2129.8513815161286
7250,2074.9267111109434
7251,2021.586812165543
7252,1969.8360316137605
7253,1919.0202689306705
7254,1869.1263747967475
7255,1820.9531620857206
7256,1773.9541863074853
7257,1727.8109416532038
7258,1682.511292723991
7259,1639.055016944534
7260,1596.3943808025826
7261,1554.5165478126028
7262,1513.6834492376965
7263,1474.255424741438
7264,1435.5535933417523
7265,1397.5675159688947
7266,1360.804892962516
7267,1325.0498930467531
7268,1289.9586535354867
7269,1255.521551717394
7270,1222.4630150553946
7271,1190.056648250459
7272,1158.2566874882757
7273,1127.279691829657
7274,1097.3626054702306
7275,1068.007520435946
7276,1039.2061764770085
7277,1011.4048887602637
7278,984.3156508453142
7279,957.7394223992212
7280,931.7381460926506
7281,906.7481143171223
7282,882.2332232996403
7283,858.186392000424
7284,834.8964305393503
7285,812.2904955647913
7286,790.1179127277188
7287,768.3756331755176
7288,747.5369290696415
7289,727.099329540736
7290,707.0567728087836
7291,687.7210278729453
7292,669.0930909462896
7293,650.8251817494329
7294,632.9118243201436
7295,615.3476080707339
7296,598.2662658284452
7297,581.9482963770386
7298,565.9483686788926
7299,550.2615978649611
7300,534.8831580791301
7301,519.832383780538
7302,505.55077477431854
7303,491.5498968882166
7304,477.8253957184058
7305,464.37297009379665
7306,451.1883715976369
7307,438.65676113919966
7308,426.4163088194212
7309,414.41957862272415
7310,402.6627398485448
7311,391.14200934247623
7312,380.15543306697407
7313,369.46386656781266
7314,358.98705305593006
7315,348.7215833861012
7316,338.66409123418947
7317,329.05619343812253
7318,319.7261543949043
7319,310.5851889565277
7320,301.6302654299667
7321,292.8583906595101
7322,284.4769602176922
7323,276.34265930130704
7324,268.37468686186736
7325,260.5703489220476
7326,252.92698616086645
7327,245.63341540980758
7328,238.54828402784702
7329,231.6093511181132
7330,224.81422464217016
7331,218.16054370442856
7332,211.82916175280494
7333,205.66374324540558
7334,199.6267220673894
7335,193.71597593066411
7336,187.92941051146735
7337,182.44673375090952
7338,177.08679156112035
7339,171.83951784416323
7340,166.70303112312698
7341,161.69505814877965
7342,156.9394088342915
7343,152.28423102711972
7344,147.72783533556955
7345,143.2685550951908
7346,138.95091149558
7347,134.8237645802772
7348,130.78464584611405
7349,126.83205973785446
7350,122.96453106376973
7351,119.25110391894164
7352,115.67292880987156
7353,112.1718127229363
7354,108.74643277093584
7355,105.39548429786026
7356,102.20960257230918
7357,99.11047082605668
7358,96.07873664284232
7359,93.11323082587519
7360,90.22785734190296
7361,87.48639943213306
7362,84.80488394070386
7363,82.18226362338687
7364,79.61750597321262
7365,77.15256872392659
7366,74.78241844624904
7367,72.46461162787297
7368,70.19822406954022
7369,67.98234473634746
7370,65.88196061376043
7371,63.83493305393
7372,61.83357204523549
7373,59.87706266394757
7374,57.986217782604555
7375,56.179567255995714
7376,54.41345024746632
7377,52.68713820296371
7378,50.99991316623497
7379,49.39562533533326
7380,47.83817012342105
7381,46.316020042524976
7382,44.828533666138966
7383,43.39012402675545
7384,42.01762231404829
7385,40.676415861642994
7386,39.36593193311389
7387,38.08560630061357
7388,36.87048800577666
7389,35.68953433287151
7390,34.53579367821299
7391,33.40876258623257
7392,32.323495425925096
7393,31.284369575666688
7394,30.269333511135493
7395,29.2779382567119
7396,28.310722320649127
7397,27.397029106056028
7398,26.504647882082356
7399,25.633178485101947
7400,24.782226877753736
7401,23.970105483501882
7402,23.186109472949767
7403,22.42059993484793
7404,21.673225920975266
7405,20.95209118969836
7406,20.263802752296964
7407,19.591846599008285
7408,18.935910339387046
7409,18.296835758061107
7410,17.692999881067834
7411,17.103584125878452
7412,16.528310585369443
7413,15.966905737463515
7414,15.433675754080783
7415,14.917031570012181
7416,14.41286414438425
7417,13.920930325767578
7418,13.45006066450737
7419,12.997529199270307
7420,12.55599819470286
7421,12.125251625750087
7422,11.710228866653765
7423,11.31414076650094
7424,10.927745324993033
7425,10.550850731629092
7426,10.18572117088314
7427,9.83928850331288
7428,9.501390688515619
7429,9.17185751860963
7430,8.851199620214674
7431,8.548418999916152
7432,8.253148870196346
7433,7.965238284212807
7434,7.684538795069908
7435,7.422270358627487
7436,7.16703947746677
7437,6.9181890686862895
7438,6.675589698672518
7439,6.4391141012490865
7440,6.2143997158180975
7441,5.999502753507764
7442,5.790020684181498
7443,5.585842628170223
7444,5.3868595831948145
7445,5.195048395308644
7446,5.014324176276228
7447,4.838190625996296
7448,4.666552851321201
7449,4.499317583721392
7450,4.33639315679442
7451,4.184375409291098
7452,4.036457450259688
7453,3.8923461910747266
7454,3.7519619042905967
7455,3.615226247284773
7456,3.486330350394065
7457,3.3622565989370443
7458,3.2414026771166835
7459,3.1237005001800213
7460,3.009083179209657
7461,2.90017279435644
7462,2.7962249511258164
7463,2.6949976380781457
7464,2.5964327711173887
7465,2.5004732977789557
7466,2.4087606206105066
7467,2.3217797512937626
7468,2.237095065656321
7469,2.1546570613344533
7470,2.07441712506206
7471,1.9974413727591784
7472,1.9247470348178393
7473,1.8539886196562159
7474,1.785123981709052
7475,1.7181117409057134
7476,1.6537142802459872
7477,1.593034827988365
7478,1.5339857733916182
7479,1.4765312712642316
7480,1.4206361348278054
7481,1.3669340236120482
7482,1.3163466261205596
7483,1.2671308012990392
7484,1.2192560941366177
7485,1.1726926153589985
7486,1.1280518387580212
7487,1.0859309250977007
7488,1.0449625604328137
7489,1.0051208965148057
7490,0.9663805707024926
7491,0.9293898738622255
7492,0.8943628796991483
7493,0.8603032957385544
7494,0.8271892068737904
7495,0.794999114394859
7496,0.7644450409033552
7497,0.7353544721328269
7498,0.7070749911968437
7499,0.6795880375098049
7500,0.6528754071636688
7501,0.6277189315583096
7502,0.603589885612137
7503,0.5801400842698717
7504,0.5573538249589687
7505,0.535215710308301
7506,0.5145706869406632
7507,0.49458308279687774
7508,0.47516365163553037
7509,0.45629912329130157
7510,0.4381112876951715
7511,0.4210900168474189
7512,0.40455488195360073
7513,0.3884944543201222
7514,0.37289753174230594
7515,0.3580543921296778
7516,0.34398785330604914
7517,0.33032710106337976
7518,0.3170624961901557
7519,0.3041845926963666
7520,0.29212543342220015
7521,0.28053337610665546
7522,0.26927894217139
7523,0.258354029844882
7524,0.24775070159795737
7525,0.2379178275563203
7526,0.22837787965607048
7527,0.2191185035893435
7528,0.21013289752185138
7529,0.2015033570382855
7530,0.1934242737520024
7531,0.18558389192609465
7532,0.17797638726050674
7533,0.1705960558196347
7534,0.1635999881022073
7535,0.15696737015517795
7536,0.15053268439320816
7537,0.14429105110461898
7538,0.13823769257138074
7539,0.1325854232246821
7540,0.1271478752765393
7541,0.12187425022621465
7542,0.11676046452153022
7543,0.11184277205032139
7544,0.10725216963251136
7545,0.10280064202486655
7546,0.09848470163901502
7547,0.0943009352084562
7548,0.09035030529165358
7549,0.08659627533013084
7550,0.08295716541253194
7551,0.07943006315544918
7552,0.07601280553615453
7553,0.07284998118255497
7554,0.06978447930552868
7555,0.06681381682124689
7556,0.06393556460151235
7557,0.06120586613929987
7558,0.058626016760386236
7559,0.05612640301824471
7560,0.0537049558324237
7561,0.05135965160071941
7562,0.04918747972548409
7563,0.0470862364245212
7564,0.045051055818990694
7565,0.043080215913696984
7566,0.041215133680980925
7567,0.03945046583612654
7568,0.03774158386778747
7569,0.03608702359526876
7570,0.03449065821556093
7571,0.03301007788210635
7572,0.03157656524247842
7573,0.030188876323668793
7574,0.02884579526451043
7575,0.02758553800837785
7576,0.026384185770981644
7577,0.025221455537403542
7578,0.024096315332926818
7579,0.023022926338840538
7580,0.022017112878220634
7581,0.0210438234591534
7582,0.02010218289292172
7583,0.01919133616331123
7584,0.018349243731761566
7585,0.017535327047531468
7586,0.016748033857083833
7587,0.01598663977859394
7588,0.015272841507356406
7589,0.014592868955572241
7590,0.013935272870642052
7591,0.013299440052767087
7592,0.012696022004595027
7593,0.012128510436689218
7594,0.011579789220320567
7595,0.011049339704875311
7596,0.010540554680735609
7597,0.010067372653082565
7598,0.009609955577218714
7599,0.009167865141208964
7600,0.00874067351005357
7601,0.008345804782886698
7602,0.007964880009316166
7603,0.007596799976083726
7604,0.007241203499029118
7605,0.006909789519054427
7606,0.006592883645799354
7607,0.00628673279484675
7608,0.005991032310386582
7609,0.005713558875775059
7610,0.005450178475989115
7611,0.00519579516500969
7612,0.004950152189931387
7613,0.0047183955715963555
7614,0.004499721922033427
7615,0.004288567866393453
7616,0.004084717210974526
7617,0.0038915975733164305
7618,0.0037102269652375605
7619,0.003535135282578653
7620,0.0033661406436463624
7621,0.003205585612816449
7622,0.003055308680257389
7623,0.0029102698208878287
7624,0.0027703161550864555
7625,0.002637135597964274
7626,0.0025127500049827384
7627,0.002392730070127408
7628,0.0022769474063824157
7629,0.0021667198085432303
7630,0.0020638714247689814
7631,0.001964658140475647
7632,0.0018689722348564427
7633,0.0017779425880640014
7634,0.0016929909652076778
7635,0.001611063243955544
7636,0.00153206912571003
7637,0.0014570579084778527
7638,0.0013869624623860193
7639,0.0013193800598248037
7640,0.0012542350765427932
7641,0.0011925576984060356
7642,0.0011347815132968322
7643,0.0010790917852456765
7644,0.0010254252387760497
7645,0.0009748211913111918
7646,0.0009272498051454929
7647,0.0008814089998905248
7648,0.0008372458824007852
7649,0.0007958167752322932
7650,0.0007566896867615658
7651,0.0007189965785396598
7652,0.0006826932784537535
7653,0.0006488489190439397
7654,0.0006167018858235133
7655,0.0005857418748536837
7656,0.0005559320328068969
7657,0.0005283437212986347
7658,0.0005019602008147226
7659,0.0004765582800938432
7660,0.0004521343498891425
7661,0.00042966748658461413
7662,0.00040803781570619544
7663,0.0003872190409483416
7664,0.00036737718491349343
7665,0.00034897208606848786
7666,0.0003312581116044628
7667,0.0003142133799959252
7668,0.00029813055871649513
7669,0.00028306830444136907
7670,0.0002685760600959401
7671,0.0002546356339323855
7672,0.00024176306093865878
7673,0.00022963979667729742
7674,0.0002179760888767041
7675,0.0002067572012273018
7676,0.00019596881007935608
7677,0.00018592097665594365
7678,0.0001765449343746316
7679,0.00016752710725228295
7680,0.000158855905025891
7681,0.00015052006527062806
7682,0.00014271264476087067
7683,0.00013547247767457747
7684,0.00012851113276827157
7685,0.0001218195067345726
7686,0.000115388756364093
7687,0.00010934875687594053
7688,0.00010376642989285194
7689,9.840081987947714e-05
7690,9.324478667360433e-05
7691,8.829139618780049e-05
7692,8.363860652632403e-05
7693,7.934096859930673e-05
7694,7.521153837902197e-05
7695,7.124472315438304e-05
7696,6.743509326547388e-05
7697,6.386582609631665e-05
7698,6.05620974960399e-05
7699,5.7388743410108775e-05
7700,5.4341389165094796e-05
7701,5.1415788923186803e-05
7702,4.868890687617772e-05
7703,4.6152883644615434e-05
7704,4.37177720839477e-05
7705,4.138015489862305e-05
7706,3.913671645624413e-05
7707,3.706180353738051e-05
7708,3.5117816633824185e-05
7709,3.325183102507429e-05
7710,3.1461180839895314e-05
7711,2.9743280321449348e-05
7712,2.817075560752016e-05
7713,2.668261289785769e-05
7714,2.5254682578141493e-05
7715,2.3884887712095513e-05
7716,2.2571214412984642e-05
7717,2.1384157675044615e-05
7718,2.0246451053403014e-05
7719,1.9155164722542696e-05
7720,1.8108682672595022e-05
7721,1.711864813038874e-05
7722,1.6212894151216298e-05
7723,1.534417843540823e-05
7724,1.4511205209467465e-05
7725,1.3712718694439433e-05
7726,1.297240480509391e-05
7727,1.2285689169127507e-05
7728,1.1627214684442543e-05
7729,1.0995985681561866e-05
7730,1.0391037504369245e-05
7731,9.821721990749543e-06
7732,9.30158427979995e-06
7733,8.802957308502082e-06
7734,8.32507685818021e-06
7735,7.867202731164543e-06
7736,7.4313413986452535e-06
7737,7.037709517245861e-06
7738,6.660446086537616e-06
7739,6.298965151152186e-06
7740,5.9526993401582295e-06
7741,5.621099341248956e-06
7742,5.322682802565655e-06
7743,5.0374432259320274e-06
7744,4.764199469844191e-06
7745,4.502517060484608e-06
7746,4.2519754765823585e-06
7747,4.025058848323127e-06
7748,3.8095112852692674e-06
7749,3.6030745723967747e-06
7750,3.4054162985879676e-06
7751,3.216214822167445e-06
7752,3.0442743486863634e-06
7753,2.881447643115447e-06
7754,2.725536386671638e-06
7755,2.5762864545868964e-06
7756,2.433452027078814e-06
7757,2.303575864392183e-06
7758,2.180592144892826e-06
7759,2.0628550513866687e-06
7760,1.950170437798885e-06
7761,1.8423505573317373e-06
7762,1.7445153991916955e-06
7763,1.6516168070310517e-06
7764,1.562697565187389e-06
7765,1.4776094292886308e-06
7766,1.396209082341746e-06
7767,1.3226803231469472e-06
7768,1.252483062644443e-06
7769,1.1853036663309826e-06
7770,1.1210289824188631e-06
7771,1.0598459219027692e-06
7772,1.004391334767949e-06
7773,9.5131504744268e-07
7774,9.005277040465434e-07
7775,8.519429565865982e-07
7776,8.061295774019339e-07
7777,7.641567672572492e-07
7778,7.239888463661059e-07
7779,6.855576089113544e-07
7780,6.487971627544299e-07
7781,6.145227163553098e-07
7782,5.827157340639454e-07
7783,5.522792858779939e-07
7784,5.23161300453175e-07
7785,4.953114859370459e-07
7786,4.696784997578703e-07
7787,4.455381462826915e-07
7788,4.224394009987471e-07
7789,4.0034249385456353e-07
7790,3.7921415791007397e-07
7791,3.600340938721544e-07
7792,3.4167805436716963e-07
7793,3.2411455708486203e-07
7794,3.073132069217351e-07
7795,2.915048108647481e-07
7796,2.768880902523493e-07
7797,2.62899378407329e-07
7798,2.495145861466336e-07
7799,2.3671046148329906e-07
7800,2.248660126650196e-07
7801,2.136987699334672e-07
7802,2.03010996576515e-07
7803,1.9278423788553028e-07
7804,1.8304547631462985e-07
7805,1.741077947431314e-07
7806,1.6555161963800588e-07
7807,1.573622770899741e-07
7808,1.495256073857125e-07
7809,1.4220145383452224e-07
7810,1.3533251703115684e-07
7811,1.2875619991161402e-07
7812,1.2246122083624922e-07
7813,1.1644153544679409e-07
7814,1.1091049828973813e-07
7815,1.0561352495047799e-07
7816,1.0054160542607264e-07
7817,9.568604752438249e-08
7818,9.113257228227815e-08
7819,8.68524216578954e-08
7820,8.275284323761168e-08
7821,7.88268769094841e-08
7822,7.507849283862602e-08
7823,7.160844604685226e-08
7824,6.828374991407553e-08
7825,6.509881491657458e-08
7826,6.20482496629421e-08
7827,5.919128868147806e-08
7828,5.6485775976844364e-08
7829,5.38931597568562e-08
7830,5.1409096624920796e-08
7831,4.9049814873571865e-08
7832,4.6840530877399745e-08
7833,4.472276913047703e-08
7834,4.269301860329733e-08
7835,4.074789314656134e-08
7836,3.893359272219921e-08
7837,3.7197732768997126e-08
7838,3.5533492755977735e-08
7839,3.3938125615754286e-08
7840,3.243346509642093e-08
7841,3.1005792190594907e-08
7842,2.963661910341592e-08
7843,2.832370889442373e-08
7844,2.7074723311504536e-08
7845,2.5896634264986005e-08
7846,2.4766507860186414e-08
7847,2.3682515559495456e-08
7848,2.2644552728902998e-08
7849,2.166932821399489e-08
7850,2.0733573204327784e-08
7851,1.9835787189648283e-08
7852,1.8974523100711995e-08
7853,1.8162300972019263e-08
7854,1.7385179015839795e-08
7855,1.6639418996004786e-08
7856,1.5923828804547127e-08
7857,1.5245353600479952e-08
7858,1.4598179324093776e-08
7859,1.397699971411229e-08
7860,1.3380828941888468e-08
7861,1.2814491536141683e-08
7862,1.227637286438745e-08
7863,1.1759706999537664e-08
7864,1.126368432182992e-08
7865,1.0787524016633387e-08
7866,1.033129570888666e-08
7867,9.900243964438865e-09
7868,9.486310262719851e-09
7869,9.088849687655545e-09
7870,8.7072402718582e-09
7871,8.340882229874105e-09
7872,7.993180701734992e-09
7873,7.660540388829285e-09
7874,7.341103075454527e-09
7875,7.034370700787428e-09
7876,6.739862979631189e-09
7877,6.458775321479137e-09
7878,6.190777934382533e-09
7879,5.933403367404115e-09
7880,5.686250863074633e-09
7881,5.448933987079215e-09
7882,5.221596617458542e-09
7883,5.005229953288428e-09
7884,4.797438466337314e-09
7885,4.597898315044396e-09
7886,4.406297257045783e-09
7887,4.222342890012431e-09
7888,4.047376150384157e-09
7889,3.879350824058656e-09
7890,3.7180042531104695e-09
7891,3.5630832149046885e-09
7892,3.41434360222442e-09
7893,3.2725105068460715e-09
7894,3.136484610532258e-09
7895,3.005876540845583e-09
7896,2.8804803011206114e-09
7897,2.76009733722907e-09
7898,2.6451093338653227e-09
7899,2.5349052853351366e-09
7900,2.429103716645679e-09
7901,2.32753662276218e-09
7902,2.2300420952365925e-09
7903,2.136844651114496e-09
7904,2.047555904054401e-09
7905,1.9618465614924487e-09
7906,1.8795794691878345e-09
7907,1.8006224735937823e-09
7908,1.7249530843668992e-09
7909,1.652596676701708e-09
7910,1.5831535171046388e-09
7911,1.5165114317660028e-09
7912,1.4525623591700595e-09
7913,1.3912022073564336e-09
7914,1.332556146597305e-09
7915,1.2763008949486592e-09
7916,1.222326305709103e-09
7917,1.1705439042418055e-09
7918,1.1208684858391924e-09
7919,1.0733201590026754e-09
7920,1.0277677185400813e-09
7921,9.840725999179396e-10
7922,9.421623065725142e-10
7923,9.019670392721699e-10
7924,8.634605420338e-10
7925,8.265990940877791e-10
7926,7.912500175245713e-10
7927,7.573538851496639e-10
7928,7.248534967448983e-10
7929,6.937063316227693e-10
7930,6.639036288959438e-10
7931,6.353318992964719e-10
7932,6.0794242785073e-10
7933,5.816883390504068e-10
7934,5.565252962604533e-10
7935,5.324548823642164e-10
7936,5.093857309308435e-10
7937,4.872779201789218e-10
7938,4.660930478084461e-10
7939,4.4579417607028125e-10
7940,4.2637383687654273e-10
7941,4.0777024158165915e-10
7942,3.8994764474596946e-10
7943,3.7287460426111747e-10
7944,3.565208870737726e-10
7945,3.4087474552348546e-10
7946,3.2589257316179477e-10
7947,3.1154419772884766e-10
7948,2.9780389714593055e-10
7949,2.8464694689412214e-10
7950,2.7206080805231415e-10
7951,2.600127923107617e-10
7952,2.484784744150937e-10
7953,2.3743683344056956e-10
7954,2.2686767084826152e-10
7955,2.1675923817073238e-10
7956,2.0708591013591649e-10
7957,1.9782836185975846e-10
7958,1.889694350935565e-10
7959,1.8049264886190627e-10
7960,1.7238764721525323e-10
7961,1.6463377860652176e-10
7962,1.5721593036124383e-10
7963,1.5012011612846545e-10
7964,1.4333299939929855e-10
7965,1.3684546300284457e-10
7966,1.3064091173225485e-10
7967,1.247074859057645e-10
7968,1.1903380163968947e-10
7969,1.1360940891713691e-10
7970,1.0842546819430338e-10
7971,1.0346956197021188e-10
7972,9.873204896397116e-11
7973,9.420367829275725e-11
7974,8.98762373220624e-11
7975,8.574158597253135e-11
7976,8.179036514187579e-11
7977,7.801475017897812e-11
7978,7.440723624433788e-11
7979,7.096134174751512e-11
7980,6.766984236907108e-11
7981,6.452562426287823e-11
7982,6.152234832419148e-11
7983,5.865393698928022e-11
7984,5.5915251548950443e-11
7985,5.3300054137324427e-11
7986,5.0802889529497434e-11
7987,4.84186315621641e-11
7988,4.614246712287799e-11
7989,4.3970006303409385e-11
7990,4.189627339912792e-11
7991,3.991694974020231e-11
7992,3.80278978905051e-11
7993,3.6225346474583576e-11
7994,3.4505450501559145e-11
7995,3.2864398656453975e-11
7996,3.129871060301322e-11
7997,2.980505345436471e-11
7998,2.8380455552710502e-11
7999,2.702163945340134e-11
8000,2.5725660902374497e-11
8001,2.4489720765017748e-11
8002,2.3311196763045843e-11
8003,2.218756591027533e-11
8004,2.1116260243093347e-11
8005,2.0094931904012646e-11
8006,1.9121334226432397e-11
8007,1.8193406519538396e-11
8008,1.7309015376815614e-11
8009,1.6466171326860615e-11
8010,1.5662993019623138e-11
8011,1.489770429642948e-11
8012,1.4168610106779453e-11
8013,1.3474008299231987e-11
8014,1.2812325538236458e-11
8015,1.2182057474255e-11
8016,1.1581809063964721e-11
8017,1.1010166202838973e-11
8018,1.0465805854469568e-11
8019,9.947472107767116e-12
8020,9.453979327527831e-12
8021,8.984185246149214e-12
8022,8.536970933077174e-12
8023,8.111289331484266e-12
8024,7.70614014108072e-12
8025,7.320592407430219e-12
8026,6.953706133719145e-12
8027,6.6046096041971704e-12
8028,6.272470287713213e-12
8029,5.956504442310239e-12
8030,5.6559466241270975e-12
8031,5.370065352280512e-12
8032,5.098168741503986e-12
8033,4.8396002074251494e-12
8034,4.5937334470566786e-12
8035,4.3599574859254214e-12
8036,4.137698147448438e-12
8037,3.926407572560149e-12
8038,3.725571641500586e-12
8039,3.534681910260621e-12
8040,3.3532625747156442e-12
8041,3.18085975712919e-12
8042,3.017045307201297e-12
8043,2.861402673667141e-12
8044,2.71353637936002e-12
8045,2.5730709969909466e-12
8046,2.4396509685251793e-12
8047,2.312934611286992e-12
8048,2.1925941440655345e-12
8049,2.0783194889268398e-12
8050,1.969816171326914e-12
8051,1.866803704882558e-12
8052,1.7690111072195118e-12
8053,1.6761826562347989e-12
8054,1.588075051442746e-12
8055,1.504458001781814e-12
8056,1.4251079872382079e-12
8057,1.3498144300370796e-12
8058,1.2783767764759002e-12
8059,1.210605913548331e-12
8060,1.146317934410398e-12
8061,1.0853396708693752e-12
8062,1.027506287574414e-12
8063,9.726621350387465e-13
8064,9.206566323672297e-13
8065,8.71347445520565e-13
8066,8.245993034044977e-13
8067,7.802843616247091e-13
8068,7.382793964631212e-13
8069,6.984676507031341e-13
8070,6.60738286158727e-13
8071,6.249865018741998e-13
8072,5.911115395608262e-13
8073,5.590178055189657e-13
8074,5.286146224817958e-13
8075,4.998162417451813e-13
8076,4.725403515879506e-13
8077,4.4670883067551716e-13
8078,4.2224761163754514e-13
8079,3.9908666372690924e-13
8080,3.771588152910422e-13
8081,3.5640033974232015e-13
8082,3.367508325048044e-13
8083,3.18153203271871e-13
8084,3.0055269816713494e-13
8085,2.838974261822618e-13
8086,2.681382035153307e-13
8087,2.5322857251346277e-13
8088,2.3912395545943425e-13
8089,2.2578217399791213e-13
8090,2.131632448284565e-13
8091,2.012294299477345e-13
8092,1.8994448247822827e-13
8093,1.7927417958084115e-13
8094,1.6918607038125738e-13
8095,1.5964955244919483e-13
8096,1.506351933176086e-13
8097,1.4211527373584667e-13
8098,1.3406352082039165e-13
8099,1.2645509692192725e-13
8100,1.1926620063957483e-13
8101,1.1247439838057046e-13
8102,1.0605845622519119e-13
8103,9.99982440188628e-14
8104,9.42745477932255e-14
8105,8.886924157042614e-14
8106,8.376519400441508e-14
8107,7.894611381499329e-14
8108,7.439651759197058e-14
8109,7.010178409466559e-14
8110,6.60481161804621e-14
8111,6.222234873664728e-14
8112,5.861202665757387e-14
8113,5.520537545464662e-14
8114,5.1991302858278665e-14
8115,4.8959185918281686e-14
8116,4.6099023351197555e-14
8117,4.3401360961806174e-14
8118,4.085726402760171e-14
8119,3.845820589959922e-14
8120,3.6196158700827484e-14
8121,3.406353930597903e-14
8122,3.205316944469842e-14
8123,3.01582173985528e-14
8124,2.8372248335783197e-14
8125,2.6689191005541765e-14
8126,2.5103286649224308e-14
8127,2.3609071676767055e-14
8128,2.2201397012106898e-14
8129,2.0875410746776414e-14
8130,1.9626499753175034e-14
8131,1.845030268298676e-14
8132,1.7342706412367844e-14
8133,1.6299840598697967e-14
8134,1.5318015405051877e-14
8135,1.4393755824329106e-14
8136,1.352378285251464e-14
8137,1.2705012158952131e-14
8138,1.193449959495834e-14
8139,1.1209480640533097e-14
8140,1.0527348365522282e-14
8141,9.885641744614385e-15
8142,9.282022894605335e-15
8143,8.71429409018747e-15
8144,8.180386551240087e-15
8145,7.67833971898571e-15
8146,7.20630060259111e-15
8147,6.76252515800424e-15
8148,6.345374706709141e-15
8149,5.953289907838581e-15
8150,5.5848048486758964e-15
8151,5.238539127499344e-15
8152,4.913193720081761e-15
8153,4.607533876080037e-15
8154,4.320400939065531e-15
8155,4.050706335356796e-15
8156,3.797419354126232e-15
8157,3.559565314716662e-15
8158,3.3362292972361472e-15
8159,3.1265490649993425e-15
8160,2.9297136661206504e-15
8161,2.7449595774587737e-15
8162,2.571561405282424e-15
8163,2.4088398421694262e-15
8164,2.2561550625346744e-15
8165,2.112904885788113e-15
8166,1.9785248670256212e-15
8167,1.852476925102949e-15
8168,1.7342581338306666e-15
8169,1.6233950704587678e-15
8170,1.5194421367128368e-15
8171,1.4219826000817404e-15
8172,1.330618980986346e-15
8173,1.2449798993727297e-15
8174,1.164716071719473e-15
8175,1.0894989344241322e-15
8176,1.019021173277226e-15
8177,9.52990449602262e-16
8178,8.911332174215935e-16
8179,8.331925333378979e-16
8180,7.789268381608823e-16
8181,7.281102407106078e-16
8182,6.805282196837971e-16
8183,6.359799562272797e-16
8184,5.942769916966258e-16
8185,5.552422562232767e-16
8186,5.187102468127946e-16
8187,4.845239139595757e-16
8188,4.525363174791314e-16
8189,4.226096404181773e-16
8190,3.946144716924199e-16
8191,3.6842994640208396e-16
8192,3.4394136690042107e-16
8193,3.210415720416004e-16
8194,2.9963008038489597e-16
8195,2.796125960705853e-16
8196,2.6090114002009224e-16
8197,2.43412152984537e-16
8198,2.2706774298265717e-16
8199,2.1179487111264344e-16
8200,1.9752507057199074e-16
8201,1.8419440667543992e-16
8202,1.717422624861429e-16
8203,1.6011217462851956e-16
8204,1.4925121379255642e-16
8205,1.391098421101258e-16
8206,1.2964168098584215e-16
8207,1.2080294044540465e-16
8208,1.1255280364937617e-16
8209,1.0485303215579149e-16
8210,9.766790110806617e-17
8211,9.096385700562916e-17
8212,8.470937104240789e-17
8213,7.88750285150961e-17
8214,7.343329003213354e-17
8215,6.83584768140874e-17
8216,6.362638027030667e-17
8217,5.921437543552278e-17
8218,5.510133081147242e-17
8219,5.126747523262159e-17
8220,4.7694409869970035e-17
8221,4.4364719224593274e-17
8222,4.126222143145188e-17
8223,3.8371783495938324e-17
8224,3.567928029436542e-17
8225,3.317150005759694e-17
8226,3.0836022654516096e-17
8227,2.8661289157043694e-17
8228,2.6636496769151564e-17
8229,2.4751587580805012e-17
8230,2.2997102151141338e-17
8231,2.136421271698403e-17
8232,1.9844689018522942e-17
8233,1.8430848298572377e-17
8234,1.7115540165810326e-17
8235,1.589202437876445e-17
8236,1.4754043572147785e-17
8237,1.3695756516391517e-17
8238,1.2711726158003069e-17
8239,1.1796858827658195e-17
8240,1.09463936296381e-17
8241,1.0155901119854057e-17
8242,9.421249612900867e-18
8243,8.73860284319363e-18
8244,8.104344879187435e-18
8245,7.515123902286704e-18
8246,6.967814701324232e-18
8247,6.459511341092586e-18
8248,5.987495402833882e-18
8249,5.549228804501896e-18
8250,5.1423529170025016e-18
8251,4.764670920181033e-18
8252,4.4141432693988596e-18
8253,4.0888524548181095e-18
8254,3.787022195001818e-18
8255,3.5069982879290675e-18
8256,3.2472452554946726e-18
8257,3.006325753742407e-18
8258,2.7829023385527706e-18
8259,2.575732581435006e-18
8260,2.3836617405404974e-18
8261,2.205615720176261e-18
8262,2.0405894454832937e-18
8263,1.8876517841992673e-18
8264,1.7459366568723946e-18
8265,1.6146420159956181e-18
8266,1.4930151886888874e-18
8267,1.3803596021273163e-18
8268,1.2760279499575517e-18
8269,1.1794202211594566e-18
8270,1.0899762946875266e-18
8271,1.0071754944757921e-18
8272,9.305350906665302e-19
8273,8.596072911414788e-19
8274,7.93976021530435e-19
8275,7.332530366667985e-19
8276,6.770791385693044e-19
8277,6.251209395941636e-19
8278,5.770699368024905e-19
8279,5.3263734143949235e-19
8280,4.915564723822419e-19
8281,4.535798646258571e-19
8282,4.184787559275967e-19
8283,3.8603931109456257e-19
8284,3.560638328084603e-19
8285,3.2836911137096033e-19
8286,3.027857350262581e-19
8287,2.79155859967804e-19
8288,2.5733322609532244e-19
8289,2.371825026955915e-19
8290,2.185785348179563e-19
8291,2.0140503581982533e-19
8292,1.8555406684785706e-19
8293,1.709258922122195e-19
8294,1.5742827716851537e-19
8295,1.4497572052507607e-19
8296,1.3348876131518616e-19
8297,1.2289406574444965e-19
8298,1.1312382602212013e-19
8299,1.0411530269046341e-19
8300,9.581014438616313e-20
8301,8.815455510433007e-20
8302,8.109880702051665e-20
8303,7.459695686396336e-20
8304,6.860626153130135e-20
8305,6.308734959867535e-20
8306,5.800384211092855e-20
8307,5.332216515073357e-20
8308,4.9011087026791346e-20
8309,4.504186088547101e-20
8310,4.138793897433053e-20
8311,3.8024838126465085e-20
8312,3.492979501848599e-20
8313,3.208186995140519e-20
8314,2.946173755784105e-20
8315,2.705158204020669e-20
8316,2.4834853983921502e-20
8317,2.279633690755647e-20
8318,2.092199796634484e-20
8319,1.9198901106847884e-20
8320,1.761504491858007e-20
8321,1.6159398412500558e-20
8322,1.4821803131827577e-20
8323,1.3592893225415423e-20
8324,1.2463972262825805e-20
8325,1.1427063160054152e-20
8326,1.0474812294302298e-20
8327,9.600441814719342e-21
8328,8.797714660441018e-21
8329,8.06088797543387e-21
8330,7.384632676940553e-21
8331,6.764065261827865e-21
8332,6.194688041839238e-21
8333,5.672359303985227e-21
8334,5.193272003713228e-21
8335,4.753921450499079e-21
8336,4.351061475167863e-21
8337,3.981718957604265e-21
8338,3.643158208345662e-21
8339,3.3328624013611035e-21
8340,3.0485213901420897e-21
8341,2.7880067508737974e-21
8342,2.5493529212367845e-21
8343,2.3307599459850927e-21
8344,2.1305731671582442e-21
8345,1.947271735758957e-21
8346,1.7794621057358865e-21
8347,1.6258581030206697e-21
8348,1.4852767191572436e-21
8349,1.3566343927075474e-21
8350,1.2389359750949992e-21
8351,1.131267662604332e-21
8352,1.0327938158805903e-21
8353,9.427411810855648e-22
8354,8.604020383989517e-22
8355,7.85127810142842e-22
8356,7.163234101293732e-22
8357,6.534431138118472e-22
8358,5.959882399315662e-22
8359,5.434969101734708e-22
8360,4.95548113822535e-22
8361,4.517558744016328e-22
8362,4.117663919500228e-22
8363,3.7525605119765275e-22
8364,3.4192781965020266e-22
8365,3.115085016463084e-22
8366,2.8374876376325264e-22
8367,2.584202441563467e-22
8368,2.353138230571818e-22
8369,2.1423879703594026e-22
8370,1.9501916351682816e-22
8371,1.7749430938374185e-22
8372,1.615174413551807e-22
8373,1.4695424577356427e-22
8374,1.336818480953873e-22
8375,1.2158835955490577e-22
8376,1.1057044450733556e-22
8377,1.0053408325728581e-22
8378,9.139336526529907e-23
8379,8.306976211403592e-23
8380,7.549153804526334e-23
8381,6.859335663508491e-23
8382,6.231497201245552e-23
8383,5.660166266143822e-23
8384,5.140345114434022e-23
8385,4.6674700555869536e-23
8386,4.23738091156922e-23
8387,3.846278400489797e-23
8388,3.4906773783997145e-23
8389,3.1674105584828865e-23
8390,2.8735881846129826e-23
8391,2.6065741648988743e-23
8392,2.3639710735856213e-23
8393,2.1435820402315125e-23
8394,1.9434038418485022e-23
8395,1.7616144585174572e-23
8396,1.5965532323861673e-23
8397,1.4467068392875058e-23
8398,1.3107024501757965e-23
8399,1.1872770346775333e-23
8400,1.0752865681462568e-23
8401,9.73689387792184e-24
8402,8.81537069267855e-24
8403,7.979676756472392e-24
8404,7.221957777376586e-24
8405,6.5350380075955284e-24
8406,5.9124118814148644e-24
8407,5.3481613161475984e-24
8408,4.836903610482066e-24
8409,4.373761492081184e-24
8410,3.954266485718565e-24
8411,3.574369816125209e-24
8412,3.2303948496715596e-24
8413,2.9190005131225163e-24
8414,2.6371557549118798e-24
8415,2.3821049854471687e-24
8416,2.1513350076069262e-24
8417,1.9425718033287314e-24
8418,1.7537507411114447e-24
8419,1.5829976336947055e-24
8420,1.4286179056683583e-24
8421,1.2890608263154997e-24
8422,1.1629256003286937e-24
8423,1.0489420835961937e-24
8424,9.45958329585714e-25
8425,8.529320519531183e-25
8426,7.689152606330548e-25
8427,6.930475416050714e-25
8428,6.245510370001448e-25
8429,5.627209158016685e-25
8430,5.069191649265339e-25
8431,4.565685558544363e-25
8432,4.111431728599663e-25
8433,3.7016880993528376e-25
8434,3.332161741279132e-25
8435,2.998967037064774e-25
8436,2.69860023615261e-25
8437,2.4278656887967054e-25
8438,2.183884694138739e-25
8439,1.9640545699724815e-25
8440,1.7660217570738978e-25
8441,1.587663948026206e-25
8442,1.4270531688675996e-25
8443,1.2824485508412464e-25
8444,1.1522794795656625e-25
8445,1.0351270029751208e-25
8446,9.297118430245895e-26
8447,8.348756973839004e-26
8448,7.495710018001657e-26
8449,6.728543879430568e-26
8450,6.038743844864508e-26
8451,5.418636445178466e-26
8452,4.8612923537250514e-26
8453,4.360439219585655e-26
8454,3.910437571269021e-26
8455,3.5062021377790696e-26
8456,3.1431528000874965e-26
8457,2.817162142420464e-26
8458,2.5244933263128045e-26
8459,2.2617911175404666e-26
8460,2.0260329079527733e-26
8461,1.814498455595919e-26
8462,1.624740087274235e-26
8463,1.45454271356808e-26
8464,1.301919707276773e-26
8465,1.1650831198813453e-26
8466,1.0424255103615002e-26
8467,9.325020610028307e-27
8468,8.34005875598262e-27
8469,7.457663921064899e-27
8470,6.667311417713626e-27
8471,5.959540218858205e-27
8472,5.3258703272807274e-27
8473,4.758640281089077e-27
8474,4.250977389756269e-27
8475,3.796716672560424e-27
8476,3.390321666071531e-27
8477,3.026826754030175e-27
8478,2.701774192762929e-27
8479,2.4111453951493708e-27
8480,2.1513469756280092e-27
8481,1.9191551023271087e-27
8482,1.7116780730017282e-27
8483,1.5263310226795239e-27
8484,1.3607792921406114e-27
8485,1.2129379639134798e-27
8486,1.0809391999981148e-27
8487,9.631092771206409e-28
8488,8.579517373298355e-28
8489,7.6412176727341895e-28
8490,6.8041431564751195e-28
8491,6.057526351130287e-28
8492,5.391728574627003e-28
8493,4.7981320140137525e-28
8494,4.269025689571052e-28
8495,3.7974819168371666e-28
8496,3.3773251276359435e-28
8497,3.0030328149968924e-28
8498,2.669668439587628e-28
8499,2.3728311711265233e-28
8500,2.108559824610733e-28
8501,1.873330617425805e-28
8502,1.6639956560501082e-28
8503,1.4777434262349557e-28
8504,1.3120704849483938e-28
8505,1.1647277661748502e-28
8506,1.0337137767238464e-28
8507,9.172434710923485e-29
8508,8.137242139276083e-29
8509,7.217386400540557e-29
8510,6.400168236705188e-29
8511,5.674278223226223e-29
8512,5.0296469455345755e-29
8513,4.4572998247511036e-29
8514,3.949255585287298e-29
8515,3.498378579734922e-29
8516,3.0983134730622775e-29
8517,2.7434100522237903e-29
8518,2.4286377908090243e-29
8519,2.1495268244850427e-29
8520,1.902087487368167e-29
8521,1.6827680976439496e-29
8522,1.4884150240163053e-29
8523,1.3162235162171586e-29
8524,1.1637039582283546e-29
8525,1.028636839640255e-29
8526,9.09048316243286e-30
8527,8.031876460800198e-30
8528,7.094994510651173e-30
8529,6.2660471159622664e-30
8530,5.532749565221845e-30
8531,4.884193486231433e-30
8532,4.3107121854811345e-30
8533,3.803727028074359e-30
8534,3.355641888014459e-30
8535,2.959692359380171e-30
8536,2.6098838476213018e-30
8537,2.3009080263716158e-30
8538,2.0280592408781948e-30
8539,1.7871766540649925e-30
8540,1.5745549836795605e-30
8541,1.3869185870114687e-30
8542,1.2213685173815025e-30
8543,1.0753378056306844e-30
8544,9.4656014413981e-31
8545,8.330166548460876e-31
8546,7.329276096037469e-31
8547,6.447186461158366e-31
8548,5.669979453700074e-31
8549,4.985360215995527e-31
8550,4.382408287143729e-31
8551,3.8515025141369107e-31
8552,3.3841407289160136e-31
8553,2.9728199320189926e-31
8554,2.6109047145791604e-31
8555,2.2925235120052744e-31
8556,2.0125040058530467e-31
8557,1.766280639229651e-31
8558,1.5498319189319386e-31
8559,1.3595964106966525e-31
8560,1.1924354842516978e-31
8561,1.0455843304441019e-31
8562,9.166054867197552e-32
8563,8.033553298136111e-32
8564,7.039335570092608e-32
8565,6.166720137456367e-32
8566,5.401012832222807e-32
8567,4.729287289696599e-32
8568,4.140151454865644e-32
8569,3.623553065455265e-32
8570,3.170667526184376e-32
8571,2.773730625385977e-32
8572,2.425919774564812e-32
8573,2.1212302513686355e-32
8574,1.8543689596386366e-32
8575,1.6206948812487266e-32
8576,1.4161294715162514e-32
8577,1.2370930153186385e-32
8578,1.0804385723537924e-32
8579,9.433956113706499e-33
8580,8.235376937594623e-33
8581,7.187349835686694e-33
8582,6.271204306426651e-33
8583,5.4705436497978046e-33
8584,4.770953121989503e-33
8585,4.159821989693583e-33
8586,3.626094265633878e-33
8587,3.1600904433262656e-33
8588,2.7533174623995746e-33
8589,2.3983207191950765e-33
8590,2.0885853763889335e-33
8591,1.8184066851641607e-33
8592,1.5827967029295294e-33
8593,1.3773824353127682e-33
8594,1.1983321161714435e-33
8595,1.0423004382218543e-33
8596,9.063616319497925e-34
8597,7.87960986112673e-34
8598,6.848604635496303e-34
8599,5.95102512430655e-34
8600,5.1697981459940155e-34
8601,4.4900100130617935e-34
8602,3.898656173968164e-34
8603,3.3843526124533767e-34
8604,2.937160150363308e-34
8605,2.5484188356042794e-34
8606,2.2105734352324047e-34
8607,1.9170448998338867e-34
8608,1.662078445609145e-34
8609,1.4406588075837036e-34
8610,1.2484206718373457e-34
8611,1.0815603501995405e-34
8612,9.36770142031274e-35
8613,8.111591522912302e-35
8614,7.022124441575689e-35
8615,6.077433106734566e-35
8616,5.258487802838903e-35
8617,4.5487626055447883e-35
8618,3.933827434625331e-35
8619,3.401149893246417e-35
8620,2.9398452743909786e-35
8621,2.5404532558314795e-35
8622,2.194768957617051e-35
8623,1.895636059968571e-35
8624,1.6368487792928713e-35
8625,1.4130235445600808e-35
8626,1.2194872864724117e-35
8627,1.0521926927157976e-35
8628,9.076128152664179e-36
8629,7.826947182387661e-36
8630,6.747927815003803e-36
8631,5.816135147492404e-36
8632,5.0117351076762005e-36
8633,4.3174533451006206e-36
8634,3.718370282653028e-36
8635,3.2015688733768196e-36
8636,2.7558678512698576e-36
8637,2.3716057146448878e-36
8638,2.0403807421862785e-36
8639,1.7549484492251343e-36
8640,1.5090433772738912e-36
8641,1.2972514229560344e-36
8642,1.1148935274732731e-36
8643,9.579133722866563e-37
8644,8.228155135285696e-37
8645,7.0658089447340175e-37
8646,6.066054429760078e-37
8647,5.206376545710598e-37
8648,4.467323635181208e-37
8649,3.8321421892389675e-37
8650,3.2863813645749523e-37
8651,2.8176003741496137e-37
8652,2.4150356743528316e-37
8653,2.0694228034590003e-37
8654,1.7727856288141773e-37
8655,1.5182546589622714e-37
8656,1.2999234341397048e-37
8657,1.1126834065621328e-37
8658,9.521512078705628e-38
8659,8.14555144633009e-38
8660,6.966536028342942e-38
8661,5.956560239125014e-38
8662,5.091594587993438e-38
8663,4.3510242543075834e-38
8664,3.717135431644597e-38
8665,3.174736571426983e-38
8666,2.710731879517618e-38
8667,2.3138968166700093e-38
8668,1.9746028135743037e-38
8669,1.6845917502394931e-38
8670,1.436781501777134e-38
8671,1.2250800956281384e-38
8672,1.0442770080994435e-38
8673,8.899061416066515e-39
8674,7.581458755315824e-39
8675,6.457128541979958e-39
8676,5.4979741893395555e-39
8677,4.679962227581167e-39
8678,3.9825302050871296e-39
8679,3.3880918664185535e-39
8680,2.8815556577521577e-39
8681,2.4500466789838213e-39
8682,2.0825574525304695e-39
8683,1.769693133278888e-39
8684,1.503401171214563e-39
8685,1.2768104617600206e-39
8686,1.0840576633030985e-39
8687,9.201405905734417e-40
8688,7.807885573894648e-40
8689,6.623483155157589e-40
8690,5.617110267575222e-40
8691,4.762256148613722e-40
8692,4.036328745100108e-40
8693,3.420089250956198e-40
8694,2.897083236754744e-40
8695,2.4533352631622153e-40
8696,2.0769449849201426e-40
8697,1.757783586953099e-40
8698,1.487244570299312e-40
8699,1.257971705699057e-40
8700,1.063728059774914e-40
8701,8.992105351589573e-41
8702,7.599115422039606e-41
8703,6.420080537745737e-41
8704,5.422358955230768e-41
8705,4.578320272436587e-41
8706,3.8645057609993e-41
8707,3.2610046433150817e-41
8708,2.7509558439780317e-41
8709,2.319984177269545e-41
8710,1.9559393797164266e-41
8711,1.6485210052081482e-41
8712,1.389000042024983e-41
8713,1.1699936268810392e-41
8714,9.852189853782306e-42
8715,8.293729145098679e-42
8716,6.979663489267226e-42
8717,5.872013372967098e-42
8718,4.938687242731763e-42
8719,4.1524353360673676e-42
8720,3.4902847280532594e-42
8721,2.9328187145491367e-42
8722,2.463638376898776e-42
8723,2.068896968046809e-42
8724,1.736866537445961e-42
8725,1.4576708600151402e-42
8726,1.2229753139279663e-42
8727,1.025753446212631e-42
8728,8.600751752385147e-43
8729,7.209320421848521e-43
8730,6.041106420190063e-43
8731,5.060607329455657e-43
8732,4.237949698281691e-43
8733,3.547928085233219e-43
8734,2.969320669771216e-43
8735,2.4842907882670564e-43
8736,2.0778325355641085e-43
8737,1.7373440186640222e-43
8738,1.4521932728928584e-43
8739,1.2134589346041884e-43
8740,1.0136489206485565e-43
8741,8.464711796619226e-44
8742,7.066481375462846e-44
8743,5.897328929248149e-44
8744,4.920036478264309e-44
8745,4.1033813400164e-44
8746,3.4211976119089255e-44
8747,2.851529505903675e-44
8748,2.3759507433682414e-44
8749,1.9790492179479248e-44
8750,1.6479161160961968e-44
8751,1.3717569322557784e-44
8752,1.1415091325300277e-44
8753,9.495989430498525e-45
8754,7.896950271210231e-45
8755,6.565044083168495e-45
8756,5.456053000554941e-45
8757,4.532910235059402e-45
8758,3.76472278912627e-45
8759,3.1256905043574303e-45
8760,2.594294501977408e-45
8761,2.1525414720972377e-45
8762,1.785418849737324e-45
8763,1.4804194351404062e-45
8764,1.2271160402814026e-45
8765,1.016828191015718e-45
8766,8.422962008411855e-46
8767,6.9748867488421964e-46
8768,5.773833688398573e-46
8769,4.778034546960614e-46
8770,3.952675549687696e-46
8771,3.2687904259960804e-46
8772,2.702319839818468e-46
8773,2.2332664826910597e-46
8774,1.8450280007512307e-46
8775,1.5237663161362337e-46
8776,1.2580169788088326e-46
8777,1.0382623224096334e-46
8778,8.566116512453128e-47
8779,7.065042173574162e-47
8780,5.825017338498791e-47
8781,4.800993281527141e-47
8782,3.9556499207033227e-47
8783,3.258065802906441e-47
8784,2.6825787784259373e-47
8785,2.207981733896401e-47
8786,1.8167223270768288e-47
8787,1.4942977201120197e-47
8788,1.22867138973471e-47
8789,1.009912283702339e-47
8790,8.298136720331578e-48
8791,6.816006130638539e-48
8792,5.596678270436685e-48
8793,4.593872521293777e-48
8794,3.76942831329224e-48
8795,3.0918727607010296e-48
8796,2.535242396894195e-48
8797,2.0780907821398478e-48
8798,1.7027716669824938e-48
8799,1.3947461805138532e-48
8800,1.1420530574663938e-48
8801,9.34810210181822e-49
8802,7.649030609735276e-49
8803,6.256549057840673e-49
8804,5.115801544930393e-49
8805,4.181563281388138e-49
8806,3.41671180882202e-49
8807,2.790759619819042e-49
8808,2.278686400856873e-49
8809,1.859914633989626e-49
8810,1.5175571311690687e-49
8811,1.2377712461252168e-49
8812,1.0092101724609868e-49
8813,8.225629669099061e-50
8814,6.701918816602341e-50
8815,5.45847544046052e-50
8816,4.444137255036839e-50
8817,3.61700962324935e-50
8818,2.942749006608131e-50
8819,2.393303885676165e-50
8820,1.9457389123989247e-50
8821,1.5813098819660546e-50
8822,1.284664238301682e-50
8823,1.0432832172043219e-50
8824,8.469451132020171e-51
8825,6.873112101563347e-51
8826,5.575588085222257e-51
8827,4.52133549362529e-51
8828,3.665065978012696e-51
8829,2.969896617548678e-51
8830,2.4056853078022947e-51
8831,1.9479327203986892e-51
8832,1.576690478447419e-51
8833,1.2757411937983676e-51
8834,1.0318480365812861e-51
8835,8.342676501466298e-52
8836,6.742660046234324e-52
8837,5.447523420139438e-52
8838,4.399500420911236e-52
8839,3.551754642040419e-52
8840,2.8662732041588925e-52
8841,2.3122389760639416e-52
8842,1.864590435333333e-52
8843,1.5030324287306454e-52
8844,1.2111198145948338e-52
8845,9.755400115694283e-53
8846,7.854845498959629e-53
8847,6.322126647621919e-53
8848,5.08652769546341e-53
8849,4.0908895376329738e-53
8850,3.2888756572181024e-53
8851,2.643071738613904e-53
8852,2.123253916028792e-53
8853,1.7050303802658274e-53
8854,1.3686558099868118e-53
8855,1.0982139758684497e-53
8856,8.808662554127423e-54
8857,7.062678924499994e-54
8858,5.660558144752305e-54
8859,4.535011981087072e-54
8860,3.6318401731456415e-54
8861,2.9074410075895945e-54
8862,2.3266099708770416e-54
8863,1.8610773905537182e-54
8864,1.488106450651624e-54
8865,1.189426097125221e-54
8866,9.503163352155994e-55
8867,7.589722126655347e-55
8868,6.059155254296032e-55
8869,4.835372942803588e-55
8870,3.857215536907495e-55
8871,3.0756970411647204e-55
8872,2.4515554819856232e-55
8873,1.9533009847246132e-55
8874,1.5556840784271283e-55
8875,1.2385060079856462e-55
8876,9.856064806708443e-56
8877,7.840353068762133e-56
8878,6.234350795398884e-56
8879,4.955301353845472e-56
8880,3.9371143213102016e-56
8881,3.126869575063378e-56
8882,2.4823544515702666e-56
8883,1.969882888696511e-56
8884,1.5625915870840934e-56
8885,1.2390016994472387e-56
8886,9.820177535584008e-57
8887,7.780188258469445e-57
8888,6.161495078851639e-57
8889,4.8775550137090545e-57
8890,3.8595616773610535e-57
8891,3.0527980110465367e-57
8892,2.4136813803361018e-57
8893,1.9075704897058793e-57
8894,1.506952976745866e-57
8895,1.1899971004487577e-57
8896,9.393129190066512e-58
8897,7.411262371314524e-58
8898,5.8450905646578966e-58
8899,4.607989459777073e-58
8900,3.631226206828744e-58
8901,2.860298364159862e-58
8902,2.252087387930951e-58
8903,1.7724527478082576e-58
8904,1.3944042313546585e-58
8905,1.0965229728402535e-58
8906,8.619088478244835e-59
8907,6.772034491899469e-59
8908,5.318584175939108e-59
8909,4.175331122914034e-59
8910,3.2764161210214604e-59
8911,2.569922850472631e-59
8912,2.0149058974609974e-59
8913,1.5791024053497427e-59
8914,1.2370229097132848e-59
8915,9.68627429894348e-60
8916,7.581358049914144e-60
8917,5.931371077184026e-60
8918,4.6384898799766174e-60
8919,3.625837756779682e-60
8920,2.833022375905653e-60
8921,2.2126076751626947e-60
8922,1.7273276403555772e-60
8923,1.347888347462506e-60
8924,1.0513362746213046e-60
8925,8.196672045790657e-61
8926,6.38779506330202e-61
8927,4.9759073789178004e-61
8928,3.87436716836184e-61
8929,3.0153385550750066e-61
8930,2.3457629318717076e-61
8931,1.824072893204642e-61
8932,1.4177709219390895e-61
8933,1.101476877953362e-61
8934,8.553675139989427e-62
8935,6.639604099790702e-62
8936,5.151527733730148e-62
8937,3.995158028967888e-62
8938,3.0969598963002214e-62
8939,2.3996793192837287e-62
8940,1.8585498975895688e-62
8941,1.4387917178709227e-62
8942,1.1133301078240987e-62
8943,8.610967140517602e-63
8944,6.657163605645298e-63
8945,5.144381846511788e-63
8946,3.97354464085412e-63
8947,3.067775386147718e-63
8948,2.3673867504122273e-63
8949,1.8260727194602242e-63
8950,1.4079144708708581e-63
8951,1.0850097447822544e-63
8952,8.357758017936597e-64
8953,6.434937909686304e-64
8954,4.9521862182631694e-64
8955,3.809432070602003e-64
8956,2.9290127208493785e-64
8957,2.2510196126629337e-64
8958,1.7291549767296913e-64
8959,1.3276536662088538e-64
8960,1.0189232339730005e-64
8961,7.816228717325624e-65
8962,5.993054702579269e-65
8963,4.592974472944827e-65
8964,3.518311162943108e-65
8965,2.693865781585951e-65
8966,2.061662386978795e-65
8967,1.577075574088826e-65
8968,1.2058143320170914e-65
8969,9.215119464261735e-66
8970,7.039134795948785e-66
8971,5.374494522349882e-66
8972,4.101545075310238e-66
8973,3.12858879259189e-66
8974,2.3852847086632784e-66
8975,1.8177184919571905e-66
8976,1.3845625579226942e-66
8977,1.0541155069483914e-66
8978,8.021453868647311e-67
8979,6.101081875986301e-67
8980,4.638235008922541e-67
8981,3.524496669587617e-67
8982,2.676882100213069e-67
8983,2.0321172871187766e-67
8984,1.541896728731072e-67
8985,1.1693704145880804e-67
8986,8.864330356308032e-68
8987,6.716231475911567e-68
8988,5.0861699729929954e-68
8989,3.8498266376325164e-68
8990,2.9125842467811365e-68
8991,2.202482279694774e-68
8992,1.6646783476939106e-68
8993,1.2575689771202156e-68
8994,9.495470110190873e-69
8995,7.166143360102244e-69
8996,5.405676448776589e-69
8997,4.075647885036044e-69
8998,3.071318873131889e-69
8999,2.3133129844312303e-69
9000,1.741511002404193e-69
9001,1.310424047753005e-69
9002,9.855475699021051e-70
9003,7.408376093334299e-70
9004,5.5660580504882044e-70
9005,4.1797796827699465e-70
9006,3.1372596029521943e-70
9007,2.3535621108241207e-70
9008,1.7647313213949238e-70
9009,1.3225400416133035e-70
9010,9.906477663678735e-71
9011,7.416825083689283e-71
9012,5.549999762568802e-71
9013,4.150912963421335e-71
9014,3.1029130296893815e-71
9015,2.318332238623953e-71
9016,1.7312760977003326e-71
9017,1.2922041868664278e-71
9018,9.6398368118346e-72
9019,7.187560639251051e-72
9020,5.356412404642378e-72
9021,3.9897588110173323e-72
9022,2.9702390770343057e-72
9023,2.2100793818306943e-72
9024,1.6435980186503627e-72
9025,1.2217017672333601e-72
9026,9.076320290461287e-73
9027,6.739450870073975e-73
9028,5.00159894283455e-73
9029,3.709901997704118e-73
9030,2.7504246235278767e-73
9031,2.0380096706072415e-73
9032,1.5093180274091743e-73
9033,1.1171792646084946e-73
9034,8.264867059445912e-74
9035,6.111216576198975e-74
9036,4.516332031194512e-74
9037,3.3358767377902174e-74
9038,2.462632626883999e-74
9039,1.8170347912545882e-74
9040,1.3399807395730079e-74
9041,9.876388312888643e-75
9042,7.275479144843799e-75
9043,5.356590407382993e-75
9044,3.9417858839759266e-75
9045,2.899088654340206e-75
9046,2.1310426068020288e-75
9047,1.5656132548082085e-75
9048,1.149590812990173e-75
9049,8.436726404602956e-76
9050,6.188211261505405e-76
9051,4.5364521030025717e-76
9052,3.323740469994094e-76
9053,2.4339369515386216e-76
9054,1.7813707155625077e-76
9055,1.3030396277978138e-76
9056,9.526180610820029e-77
9057,6.960511210515872e-77
9058,5.083152976208042e-77
9059,3.710067738148455e-77
9060,2.7063667747930973e-77
9061,1.973091199262609e-77
9062,1.437722490858911e-77
9063,1.047037527907148e-77
9064,7.620857721126078e-78
9065,5.543696132744508e-78
9066,4.0304458645588744e-78
9067,2.9286800204782486e-78
9068,2.1268822025225675e-78
9069,1.5437151289818631e-78
9070,1.1198055693358986e-78
9071,8.118648584970103e-79
9072,5.8827206913411e-79
9073,4.2601330601520277e-79
9074,3.083316266927226e-79
9075,2.2303364344981815e-79
9076,1.612429935286376e-79
9077,1.1650377595057506e-79
9078,8.41293139384245e-80
9079,6.0716160930665426e-80
9080,4.379491918320571e-80
9081,3.1571123919519537e-80
9082,2.2745880965297564e-80
9083,1.6378020229596472e-80
9084,1.1786343033819855e-80
9085,8.477063858202818e-81
9086,6.093354326502279e-81
9087,4.37735253142403e-81
9088,3.1428156485233087e-81
9089,2.255164347279789e-81
9090,1.6172615753203036e-81
9091,1.159109937968318e-81
9092,8.302617383322163e-82
9093,5.943742993664764e-82
9094,4.2525161169614684e-82
9095,3.040691549065901e-82
9096,2.1728964267425198e-82
9097,1.551895502389647e-82
9098,1.107707315658845e-82
9099,7.90180258262136e-83
9100,5.633333045276184e-83
9101,4.013810701943877e-83
9102,2.8581743353128104e-83
9103,2.034029653431376e-83
9104,1.4466453546473538e-83
9105,1.0282870813428102e-83
9106,7.304796292841163e-84
9107,5.186049949469441e-84
9108,3.6795916889932015e-84
9109,2.6091909357073027e-84
9110,1.8490730105712621e-84
9111,1.3095896070930994e-84
9112,9.269340363030173e-85
9113,6.556952278953726e-85
9114,4.6355065942863293e-85
9115,3.275091486354415e-85
9116,2.312491818213059e-85
9117,1.631824089680518e-85
9118,1.1508214819932323e-85
9119,8.110949708588033e-86
9120,5.712997903640516e-86
9121,4.021518482398877e-86
9122,2.8291536278963238e-86
9123,1.989070527366028e-86
9124,1.3975601155525643e-86
9125,9.81346201402546e-87
9126,6.88672745372e-87
9127,4.829795928020673e-87
9128,3.38508339054898e-87
9129,2.3710443873316624e-87
9130,1.6597658015767953e-87
9131,1.1611202656374317e-87
9132,8.117650141814479e-88
9133,5.671683333143589e-88
9134,3.960297507479315e-88
9135,2.763534752306882e-88
9136,1.9271822655909435e-88
9137,1.3431004117797597e-88
9138,9.354599619280971e-89
9139,6.51120255533325e-89
9140,4.5291420790381444e-89
9141,3.148461185884847e-89
9142,2.1872985575636288e-89
9143,1.5185708273883585e-89
9144,1.0536072604712848e-89
9145,7.3055087875395695e-90
9146,5.062269346758996e-90
9147,3.5055426950123674e-90
9148,2.4259394225168414e-90
9149,1.6777742738412866e-90
9150,1.1595924231860892e-90
9151,8.009223063273681e-91
9152,5.528254593121162e-91
9153,3.813431750921887e-91
9154,2.628795554258276e-91
9155,1.8109596015758352e-91
9156,1.246734313060933e-91
9157,8.577604530035093e-92
9158,5.897496963458962e-92
9159,4.052084268741978e-92
9160,2.7823050027150215e-92
9161,1.9092008847384665e-92
9162,1.3092000823729348e-92
9163,8.971547458430154e-93
9164,6.143941752192558e-93
9165,4.204753451525272e-93
9166,2.8756721966391497e-93
9167,1.9653642148881365e-93
9168,1.3423585318765819e-93
9169,9.162209952093916e-94
9170,6.249355363409416e-94
9171,4.2596748110110175e-94
9172,2.9015921240710217e-94
9173,1.9751404769221332e-94
9174,1.3435713677268828e-94
9175,9.133434026493814e-95
9176,6.204655429193924e-95
9177,4.2121205444066575e-95
9178,2.8574778914198507e-95
9179,1.93722694186894e-95
9180,1.3124394155083442e-95
9181,8.885367731084776e-96
9182,6.0113760422853934e-96
9183,4.064334829472779e-96
9184,2.7460022951026024e-96
9185,1.853990704376047e-96
9186,1.2508604230370391e-96
9187,8.433711067296963e-97
9188,5.68243247528685e-97
9189,3.8259821049035896e-97
9190,2.574210570802464e-97
9191,1.7307609406257645e-97
9192,1.1629097187647662e-97
9193,7.808148505142154e-98
9194,5.238903974142522e-98
9195,3.51254998242909e-98
9196,2.3534358491128137e-98
9197,1.5757568465882494e-98
9198,1.0542998810080407e-98
9199,7.048985487044218e-99
9200,4.709512621498106e-99
9201,3.144360658687544e-99
9202,2.097882557014229e-99
9203,1.3986700659941233e-99
9204,9.318243598950608e-100
9205,6.203592568713627e-100
9206,4.127215728367173e-100
9207,2.7438106138542165e-100
9208,1.8227769521733437e-100
9209,1.2100260896545337e-100
9210,8.027079816524622e-101
9211,5.3211872217381136e-101
9212,3.52484219956011e-101
9213,2.3331914139652404e-101
9214,1.5432901226760416e-101
9215,1.0201020310048005e-101
9216,6.7377913580189406e-102
9217,4.447016896158145e-102
9218,2.9328958236486535e-102
9219,1.9329659186972464e-102
9220,1.2730103987048576e-102
9221,8.377504828578841e-103
9222,5.508987162332489e-103
9223,3.62005256206198e-103
9224,2.3770995969494077e-103
9225,1.5597412217072668e-103
9226,1.022656405894202e-103
9227,6.70008403073498e-104
9228,4.3866526098953337e-104
9229,2.869832984909484e-104
9230,1.8760730153175617e-104
9231,1.2254960882325782e-104
9232,7.99912609959833e-105
9233,5.217635401565536e-105
9234,3.400740665180708e-105
9235,2.2148283278270816e-105
9236,1.4413608804511578e-105
9237,9.372832028862677e-106
9238,6.0906715502951515e-106
9239,3.9548204088761287e-106
9240,2.5659732606859987e-106
9241,1.6635681238565196e-106
9242,1.0776841271255442e-106
9243,6.976470792323497e-107
9244,4.512782726961236e-107
9245,2.916848119489133e-107
9246,1.8838368096545538e-107
9247,1.2157160033752716e-107
9248,7.839945396660694e-108
9249,5.051889687875009e-108
9250,3.25276262160805e-108
9251,2.0927044123817267e-108
9252,1.3453060553166158e-108
9253,8.64218944584218e-109
9254,5.547301357212996e-109
9255,3.5579049386075436e-109
9256,2.2801364288493924e-109
9257,1.460112654144721e-109
9258,9.343167966466902e-110
9259,5.973847452718268e-110
9260,3.816502790890638e-110
9261,2.4362835092784144e-110
9262,1.5540034737133072e-110
9263,9.904888935677938e-111
9264,6.308066623580662e-111
9265,4.014128450211249e-111
9266,2.552312724721005e-111
9267,1.6215967005933542e-111
9268,1.0294728379240377e-111
9269,6.530294890656866e-112
9270,4.139003967022536e-112
9271,2.6212191130354875e-112
9272,1.6587584675993692e-112
9273,1.0488515993044304e-112
9274,6.626551657587487e-113
9275,4.183146383004043e-113
9276,2.638532603055469e-113
9277,1.6630157483520663e-113
9278,1.0472982860640047e-113
9279,6.589975990007664e-114
9280,4.143200517431962e-114
9281,2.602799956150681e-114
9282,1.633823853022801e-114
9283,1.0247231304190384e-114
9284,6.421610771226807e-115
9285,4.020840196397987e-115
9286,2.515664856425807e-115
9287,1.5726489454843512e-115
9288,9.823004800759837e-116
9289,6.130413166048533e-116
9290,3.822728202904574e-116
9291,2.381880023159845e-116
9292,1.4828503245396198e-116
9293,9.223695907121983e-117
9294,5.7324742246548516e-117
9295,3.559842814663876e-117
9296,2.2088325141374506e-117
9297,1.369374889466849e-117
9298,8.482205408410859e-118
9299,5.249576930417677e-118
9300,3.2463877288543584e-118
9301,2.005863810604342e-118
9302,1.2383023767397232e-118
9303,7.637925408801416e-119
9304,4.707273539765262e-119
9305,2.898687950533345e-119
9306,1.7834257716386234e-119
9307,1.0962999212247666e-119
9308,6.733315047152819e-120
9309,4.132200214210967e-120
9310,2.5336850772305068e-120
9311,1.552179667534886e-120
9312,9.500547737239073e-121
9313,5.810315727787355e-121
9314,3.550406115111765e-121
9315,2.167562844082087e-121
9316,1.322147594967251e-121
9317,8.057770566825813e-122
9318,4.906699502741753e-122
9319,2.985222135572434e-122
9320,1.8145781547344864e-122
9321,1.1020105164720423e-122
9322,6.687207941738123e-123
9323,4.054288842132101e-123
9324,2.455803487597368e-123
9325,1.4862121276604503e-123
9326,8.986730561742003e-124
9327,5.429293329360997e-124
9328,3.27711113716299e-124
9329,1.976261918343679e-124
9330,1.1907412749990052e-124
9331,7.168358220312027e-125
9332,4.311470901090103e-125
9333,2.590799881734608e-125
9334,1.555424131805045e-125
9335,9.330410053697486e-126
9336,5.591821005941191e-126
9337,3.348155346654125e-126
9338,2.0028891738244902e-126
9339,1.197134463088328e-126
9340,7.148765135380953e-127
9341,4.264970853847285e-127
9342,2.542126828532124e-127
9343,1.5139185650794377e-127
9344,9.007720169164199e-128
9345,5.354529446693985e-128
9346,3.1799548076298326e-128
9347,1.8868411918894303e-128
9348,1.1185634462709624e-128
9349,6.624865072558052e-129
9350,3.91997902421691e-129
9351,2.3173785126486902e-129
9352,1.3687486213301043e-129
9353,8.076786755874128e-130
9354,4.761468160715806e-130
9355,2.8044170494499792e-130
9356,1.6502860153048137e-130
9357,9.701995767238164e-131
9358,5.698326349418691e-131
9359,3.343698278044326e-131
9360,1.9602974465261097e-131
9361,1.1481512957475632e-131
9362,6.718272994004207e-132
9363,3.927398281998025e-132
9364,2.293857280255199e-132
9365,1.3384651929119292e-132
9366,7.802362619061435e-133
9367,4.5439167755181485e-133
9368,2.6439093792120995e-133
9369,1.5368764831232795e-133
9370,8.92496823423947e-134
9371,5.177941967216609e-134
9372,3.001347148361561e-134
9373,1.7379945933985643e-134
9374,1.0054323471404928e-134
9375,5.810839172405403e-135
9376,3.355280072766094e-135
9377,1.9354802660380238e-135
9378,1.115367179373209e-135
9379,6.421382272598129e-136
9380,3.693492663627669e-136
9381,2.1223298766239644e-136
9382,1.2183008647097553e-136
9383,6.986810364369587e-137
9384,4.003080258632782e-137
9385,2.2912550029311677e-137
9386,1.3101331027583293e-137
9387,7.484151308181964e-138
9388,4.271223180925853e-138
9389,2.435132441348584e-138
9390,1.3869237745562584e-138
9391,7.891714817503825e-139
9392,4.486039536313523e-139
9393,2.5474884732916694e-139
9394,1.4451663315938426e-139
9395,8.190626263527809e-140
9396,4.637440820805247e-140
9397,2.6229731271394705e-140
9398,1.4820561633892968e-140
9399,8.36625415783987e-141
9400,4.717906544828733e-141
9401,2.6577770559988876e-141
9402,1.4957194017925126e-141
9403,8.409383488903066e-142
9404,4.723096309416663e-142
9405,2.64994642957738e-142
9406,1.4853131796733625e-142
9407,8.317005502823705e-143
9408,4.652230793679417e-143
9409,2.599560024516069e-143
9410,1.4511712730674591e-143
9411,8.092630945742458e-144
9412,4.5081958297485835e-144
9413,2.5087725634869073e-144
9414,1.3947679146950957e-144
9415,7.746084031347693e-145
9416,4.2973534046412186e-145
9417,2.3816457718799614e-145
9418,1.3186130954203125e-145
9419,7.292791804049122e-146
9420,4.029076028953851e-146
9421,2.223757524643811e-146
9422,1.22606675326616e-146
9423,6.752640061555584e-147
9424,3.7151070565250444e-147
9425,2.0419303570566937e-147
9426,1.1210910505896283e-147
9427,6.148514461069698e-148
9428,3.3686281379166015e-148
9429,1.8436823852794236e-148
9430,1.0079663660938354e-148
9431,5.504677116569326e-149
9432,3.0032253820414098e-149
9433,1.6367073287897411e-149
9434,8.909996403584609e-150
9435,4.8454328531793556e-150
9436,2.6323982520205186e-150
9437,1.4285379406743553e-150
9438,7.743763835825275e-151
9439,4.193064203021533e-151
9440,2.268047110594935e-151
9441,1.2255648143347485e-151
9442,6.615114138670375e-152
9443,3.566598285578651e-152
9444,1.920816123754166e-152
9445,1.0333612077206093e-152
9446,5.553679563640741e-153
9447,2.981411754418333e-153
9448,1.5987277616238375e-153
9449,8.563226319840608e-154
9450,4.581730645368465e-154
9451,2.448960499412885e-154
9452,1.3075011319662284e-154
9453,6.9728345448959235e-155
9454,3.714347738830631e-155
9455,1.9764238201277005e-155
9456,1.0505938227440232e-155
9457,5.578188958353675e-156
9458,2.958381167912223e-156
9459,1.5671713108714319e-156
9460,8.292750866919788e-157
9461,4.3836388310049094e-157
9462,2.3145684792627347e-157
9463,1.2206842083215186e-157
9464,6.4303340515739115e-158
9465,3.3836009012731006e-158
9466,1.7785881253779077e-158
9467,9.33826583853024e-159
9468,4.897230587760921e-159
9469,2.5652354326105714e-159
9470,1.3421920030291318e-159
9471,7.015354621593343e-160
9472,3.6624746347595785e-160
9473,1.9098027312859792e-160
9474,9.94695492848585e-161
9475,5.1748437849081305e-161
9476,2.689363282206547e-161
9477,1.3960054020008332e-161
9478,7.237840158154725e-162
9479,3.748124358119507e-162
9480,1.9387331749356482e-162
9481,1.0017652212407191e-162
9482,5.170048380925134e-163
9483,2.6650346541775807e-163
9484,1.3721119612657253e-163
9485,7.056139702969773e-164
9486,3.624842418406651e-164
9487,1.8598895440137575e-164
9488,9.531474029050116e-165
9489,4.87872911799042e-165
9490,2.494213980623757e-165
9491,1.2738191224862471e-165
9492,6.497602706370992e-166
9493,3.310310225738811e-166
9494,1.6844309170703582e-166
9495,8.560631169275318e-167
9496,4.3461907694995405e-167
9497,2.203831254410228e-167
9498,1.1161260643665198e-167
9499,5.645628799101682e-168
9500,2.852162969217141e-168
9501,1.439392945382431e-168
9502,7.255204575563464e-169
9503,3.652417933736694e-169
9504,1.83641387044919e-169
9505,9.221864383504516e-170
9506,4.6259997728800556e-170
9507,2.3176774365241476e-170
9508,1.1597275791770781e-170
9509,5.795799488806189e-171
9510,2.8928362682765028e-171
9511,1.4423560735727318e-171
9512,7.182457937450285e-172
9513,3.572106027334523e-172
9514,1.7742915714014126e-172
9515,8.801993825701293e-173
9516,4.361781364562443e-173
9517,2.15870654826937e-173
9518,1.0670111389527177e-173
9519,5.2673073662117835e-174
9520,2.5969878400103614e-174
9521,1.2789765513326335e-174
9522,6.290672431507337e-175
9523,3.090096992111339e-175
9524,1.5159553922339123e-175
9525,7.428005260863964e-176
9526,3.6353830915100315e-176
9527,1.776907687678266e-176
9528,8.673911049871018e-177
9529,4.228625055962991e-177
9530,2.059058287786583e-177
9531,1.0013990507653731e-177
9532,4.863817071588693e-178
9533,2.3592692468062503e-178
9534,1.1428959181730462e-178
9535,5.5301740129494714e-179
9536,2.6724702606005677e-179
9537,1.2897728940134335e-179
9538,6.216394480881667e-180
9539,2.992257736598484e-180
9540,1.4386696092831976e-180
9541,6.907890563855637e-181
9542,3.3124612224440053e-181
9543,1.586265171409086e-181
9544,7.586831951034154e-182
9545,3.624204323686772e-182
9546,1.72894763820562e-182
9547,8.23695345411543e-183
9548,3.918913025133635e-183
9549,1.8623143169554616e-183
9550,8.83831813354807e-184
9551,4.188879021949963e-184
9552,1.982604892786975e-184
9553,9.37138831284359e-185
9554,4.4243718440032024e-185
9555,2.0859636886788993e-185
9556,9.821276195675915e-186
9557,4.617785631832509e-186
9558,2.168526620725469e-186
9559,1.0170217121550681e-186
9560,4.763186621609457e-187
9561,2.2277449780386976e-187
9562,1.0405081505164643e-187
9563,4.8540538137569476e-188
9564,2.2613167765851265e-188
9565,1.0519970616735076e-188
9566,4.887227186991944e-189
9567,2.267595830641857e-189
9568,1.0507394755694489e-189
9569,4.862017455720573e-190
9570,2.246614765930456e-190
9571,1.0366895541391315e-190
9572,4.777863297288459e-191
9573,2.1989051965596523e-191
9574,1.0105682119517106e-191
9575,4.6377746587327445e-192
9576,2.1257495383752194e-192
9577,9.730139300556909e-193
9578,4.447418876848954e-193
9579,2.0299136051426312e-193
9580,9.252611524506352e-194
9581,4.2119984913252275e-194
9582,1.9146514679188822e-194
9583,8.690953210399398e-195
9584,3.9393454199405255e-195
9585,1.7833946848943714e-195
9586,8.062024358960071e-196
9587,3.639254956216846e-196
9588,1.6404050148667913e-196
9589,7.384648554019359e-197
9590,3.319739690838029e-197
9591,1.490203242829178e-197
9592,6.679634974779612e-198
9593,2.989976400278912e-198
9594,1.336601177884248e-198
9595,5.966212062051851e-199
9596,2.6592352855229485e-199
9597,1.183578165170323e-199
9598,5.261302562555756e-200
9599,2.3353294661662386e-200
9600,1.0350469479490994e-200
9601,4.580653003544709e-201
9602,2.0242265704620695e-201
9603,8.934164282809891e-202
9604,3.937327015793104e-202
9605,1.732607618405338e-202
9606,7.612872561726749e-203
9607,3.340017950930327e-203
9608,1.4635708947535495e-203
9609,6.403620535428862e-204
9610,2.79758115919855e-204
9611,1.2203474226207775e-204
9612,5.315314460897576e-205
9613,2.312253663712277e-205
9614,1.004344950090413e-205
9615,4.3558170927132285e-206
9616,1.8862274692228442e-206
9617,8.155700181323223e-207
9618,3.521927716684771e-207
9619,1.5185689393359868e-207
9620,6.537652806822549e-208
9621,2.81022325054953e-208
9622,1.2061628930921296e-208
9623,5.170215744422579e-209
9624,2.212789789114047e-209
9625,9.455811324203605e-210
9626,4.034436870237564e-210
9627,1.7187868847627087e-210
9628,7.312717668142573e-211
9629,3.1064058747546277e-211
9630,1.3175240187098586e-211
9631,5.579279909693375e-212
9632,2.3592122289160678e-212
9633,9.962036416166546e-213
9634,4.1999643642238575e-213
9635,1.767900264535821e-213
9636,7.429898535555356e-214
9637,3.118150446347374e-214
9638,1.306689762743496e-214
9639,5.467111705407959e-215
9640,2.283766644613012e-215
9641,9.524717185323864e-216
9642,3.967043382940083e-216
9643,1.6497052255403713e-216
9644,6.849350234462753e-217
9645,2.8391888364837357e-217
9646,1.1750494304043495e-217
9647,4.856573805068631e-218
9648,2.0040231342162336e-218
9649,8.256055359031913e-219
9650,3.3957665024228406e-219
9651,1.3946180661848982e-219
9652,5.719236837619291e-220
9653,2.3416026613761184e-220
9654,9.571475042737885e-221
9655,3.906009429849602e-221
9656,1.5918482972004974e-221
9657,6.477212451912397e-222
9658,2.6312417832512223e-222
9659,1.0671309716086325e-222
9660,4.320731010319637e-223
9661,1.746710728955019e-223
9662,7.051482828930753e-224
9663,2.841972181610292e-224
9664,1.1435029340563233e-224
9665,4.5933654781875205e-225
9666,1.842040298619649e-225
9667,7.376755254564867e-226
9668,2.9494465522310333e-226
9669,1.1773008213944412e-226
9670,4.691419550841214e-227
9671,1.8663330189394242e-227
9672,7.412962741038944e-228
9673,2.940164028437432e-228
9674,1.164170699195473e-228
9675,4.601773744318564e-229
9676,1.8159147805816306e-229
9677,7.153611659327501e-230
9678,2.814233515018212e-230
9679,1.1052790198371997e-230
9680,4.333519241965471e-231
9681,1.6961514636925656e-231
9682,6.627377428424504e-232
9683,2.5855443911549752e-232
9684,1.007160675517322e-232
9685,3.916480560978484e-233
9686,1.5203434783527698e-233
9687,5.891610565372648e-234
9688,2.2792472848792243e-234
9689,8.805240525786539e-235
9690,3.395743138120286e-235
9691,1.3072851333617773e-235
9692,5.023954831202794e-236
9693,1.9273431810579973e-236
9694,7.383153476842482e-237
9695,2.8235771346687005e-237
9696,1.0779350349969768e-237
9697,4.1078889980401545e-238
9698,1.5627013228035263e-238
9699,5.9352890440978444e-239
9700,2.2507710761979223e-239
9701,8.520187842845319e-240
9702,3.219536803105512e-240
9703,1.2144005728459268e-240
9704,4.572784734986479e-241
9705,1.719369535488822e-241
9706,6.453261192507106e-242
9707,2.4177354083127743e-242
9708,9.041817827439815e-243
9709,3.375344515401801e-243
9710,1.258204553631011e-243
9711,4.6818823012760115e-244
9712,1.7390109120006384e-244
9713,6.447548513943124e-245
9714,2.386136703479516e-245
9715,8.816856740427527e-246
9716,3.25243853176314e-246
9717,1.1975950328267262e-246
9718,4.4016382413400404e-247
9719,1.6148048649542703e-247
9720,5.9141411593582326e-248
9721,2.1626175960642506e-248
9722,7.893439563681841e-249
9723,2.875737404887313e-249
9724,1.0457464380431928e-249
9725,3.795930809125575e-250
9726,1.3758324324081967e-250
9727,4.977418746048308e-251
9728,1.7973474726633184e-251
9729,6.478089801712891e-252
9730,2.330487247577807e-252
9731,8.371400787734403e-253
9732,3.001615744469008e-253
9733,1.0742220706928468e-253
9734,3.837186090693781e-254
9735,1.3680728887265417e-254
9736,4.869851903496383e-255
9737,1.7304930522992055e-255
9738,6.137605407702689e-256
9739,2.1727054133055332e-256
9740,7.676676875009611e-257
9741,2.70724518069647e-257
9742,9.533290421802765e-258
9743,3.350625919871899e-258
9744,1.175370300433458e-258
9745,4.115161317448798e-259
9746,1.438004035187432e-259
9747,5.016532405381616e-260
9748,1.7470460858838194e-260
9749,6.072444080854014e-261
9750,2.106584211452237e-261
9751,7.293700882285218e-262
9752,2.5204617684183025e-262
9753,8.696846071155979e-263
9754,2.9949843306067284e-263
9755,1.0293809377937733e-263
9756,3.5310522887160043e-264
9757,1.208860727341991e-264
9758,4.1316544402979007e-265
9759,1.409591545513736e-265
9760,4.7995877657135404e-266
9761,1.6309985950715538e-266
9762,5.531460866607763e-267
9763,1.8724704837146881e-267
9764,6.328246820085667e-268
9765,2.1344483841236433e-268
9766,7.18487705036746e-269
9767,2.413693087432931e-269
9768,8.092287937725932e-270
9769,2.7088616191387015e-270
9770,9.049880889252507e-271
9771,3.01732909650074e-271
9772,1.0039771595758957e-271
9773,3.3338330356708396e-272
9774,1.1051560720866574e-272
9775,3.656750551076303e-273
9776,1.2074886781542772e-273
9777,3.979095322592468e-274
9778,1.3085691035551436e-274
9779,4.2954838137743594e-275
9780,1.4075409696661744e-275
9781,4.602758058637969e-276
9782,1.5020379264840148e-276
9783,4.891553073796142e-277
9784,1.5898960295403193e-277
9785,5.158888591261227e-278
9786,1.6704894906772317e-278
9787,5.3979517228267896e-279
9788,1.7406415003748853e-279
9789,5.601549804927995e-280
9790,1.7996787479512391e-280
9791,5.769974231863808e-281
9792,1.8460450811155114e-281
9793,5.893831048466123e-282
9794,1.8777742219436533e-282
9795,5.972966479888546e-283
9796,1.895923019170981e-283
9797,6.005271552085e-284
9798,1.8981184233539816e-284
9799,5.986734472873518e-285
9800,1.88517687045934e-285
9801,5.923720585400083e-286
9802,1.8574196366274031e-286
9803,5.811601721213859e-287
9804,1.8144679329078232e-287
9805,5.655746209459553e-288
9806,1.7591544415700675e-288
9807,5.459873678202417e-289
9808,1.6909201204598108e-289
9809,5.225455889631739e-290
9810,1.6121688136154405e-290
9811,4.963128995099291e-291
9812,1.5246025132955403e-291
9813,4.673163587759152e-292
9814,1.4293351927134838e-292
9815,4.3643449501526254e-293
9816,1.3297014582119574e-293
9817,4.042374809186874e-294
9818,1.2262064412495732e-294
9819,3.7117306641322897e-295
9820,1.1215506145421262e-295
9821,3.381447549772806e-296
9822,1.0172437049562375e-296
9823,3.0533959440041137e-297
9824,9.146461295843895e-298
9825,2.734710676754951e-298
9826,8.158346948686225e-299
9827,2.4284134733820095e-299
9828,7.212235699394765e-300
9829,2.1377847577888765e-300
9830,6.324062821775577e-301
9831,1.8666027402415427e-301
9832,5.49703220767036e-302
9833,1.6151855164898175e-302
9834,4.737041254494525e-303
9835,1.3863438439089022e-303
9836,4.048080852937591e-304
9837,1.1793396874167796e-304
9838,3.4279715178468284e-305
9839,9.946697071744152e-306
9840,2.879596100112198e-306
9841,8.317436068155084e-307
9842,2.3968983314771213e-307
9843,6.892453236377548e-308
9844,1.978215039065925e-308
9845,5.66463590597467e-309
9846,1.61832732651737e-309
9847,4.61268273980396e-310
9848,1.31211536012894e-310
9849,3.7246328450147e-311
9850,1.0548345075854e-311
9851,2.980379596407e-312
9852,8.40121615454e-313
9853,2.36384989654e-313
9854,6.635893537e-314
9855,1.858483854e-314
9856,5.192720495e-315
9857,1.44769317e-315
9858,4.0281565e-316
9859,1.11817485e-316
9860,3.096574e-317
9861,8.55503e-318
9862,2.359544e-318
9863,6.48693e-319
9864,1.78086e-319
9865,4.8754e-320
9866,1.2885e-320
9867,4.29e-321
9868,1.43e-321
9869,0.0
9870,0.0
9871,0.0
9872,0.0
9873,0.0
9874,0.0
9875,0.0
9876,0.0
9877,0.0
9878,0.0
9879,0.0
9880,0.0
9881,0.0
9882,0.0
9883,0.0
9884,0.0
9885,0.0
9886,0.0
9887,0.0
9888,0.0
9889,0.0
9890,0.0
9891,0.0
9892,0.0
9893,0.0
9894,0.0
9895,0.0
9896,0.0
9897,0.0
9898,0.0
9899,0.0
9900,0.0
9901,0.0
9902,0.0
9903,0.0
9904,0.0
9905,0.0
9906,0.0
9907,0.0
9908,0.0
9909,0.0
9910,0.0
9911,0.0
9912,0.0
9913,0.0
9914,0.0
9915,0.0
9916,0.0
9917,0.0
9918,0.0
9919,0.0
9920,0.0
9921,0.0
9922,0.0
9923,0.0
9924,0.0
9925,0.0
9926,0.0
9927,0.0
9928,0.0
9929,0.0
9930,0.0
9931,0.0
9932,0.0
9933,0.0
9934,0.0
9935,0.0
9936,0.0
9937,0.0
9938,0.0
9939,0.0
9940,0.0
9941,0.0
9942,0.0
9943,0.0
9944,0.0
9945,0.0
9946,0.0
9947,0.0
9948,0.0
9949,0.0
9950,0.0
9951,0.0
9952,0.0
9953,0.0
9954,0.0
9955,0.0
9956,0.0
9957,0.0
9958,0.0
9959,0.0
9960,0.0
9961,0.0
9962,0.0
9963,0.0
9964,0.0
9965,0.0
9966,0.0
9967,0.0
9968,0.0
9969,0.0
9970,0.0
9971,0.0
9972,0.0
9973,0.0
9974,0.0
9975,0.0
9976,0.0
9977,0.0
9978,0.0
9979,0.0
9980,0.0
9981,0.0
9982,0.0
9983,0.0
9984,0.0
9985,0.0
9986,0.0
9987,0.0
9988,0.0
9989,0.0
9990,0.0
9991,0.0
9992,0.0
9993,0.0
9994,0.0
9995,0.0
9996,0.0
9997,0.0
9998,0.0
9999,0.0
