time_days,I133 top 5
1.1581889009869677e-05,0.1396112208202916
1.160227070288277e-05,0.15377792094205542
1.1622688263396381e-05,0.16908041217581757
1.1643141754529784e-05,0.18558590254053595
1.1663631239513322e-05,0.20341778168113708
1.168415678168862e-05,0.22262605143055514
1.1704718444508758e-05,0.2432629645322441
1.1725316291538495e-05,0.265465685968423
1.1745950386454436e-05,0.2893229780654322
1.1766620793045252e-05,0.3148855124059435
1.178732757521187e-05,0.3422498578673422
1.1808070796967665e-05,0.3715141849937909
1.1828850522438664e-05,0.40278266319867423
1.1849666815863737e-05,0.43623057898504064
1.1870519741594814e-05,0.47188579774857176
1.1891409364097055e-05,0.5098222917951728
1.1912335747949075e-05,0.5501507490727792
1.1933298957843133e-05,0.593016489270136
1.1954299058585331e-05,0.6386573838030889
1.1975336115095818e-05,0.6870573139996243
1.199641019240898e-05,0.738340318216115
1.2017521355673667e-05,0.7926339107189395
1.2038669670153358e-05,0.8501540910065932
1.2059855201226398e-05,0.9110829559283466
1.2081078014386175e-05,0.9754440996502117
1.2102338175241337e-05,1.0433803907630965
1.2123635749515981e-05,1.11503815569332
1.2144970803049875e-05,1.1906734097574576
1.2166343401798645e-05,1.2704809103830446
1.2187753611833987e-05,1.354539714674436
1.2209201499343867e-05,1.442903729672683
1.2230687130632732e-05,1.5358405485899222
1.2252210572121708e-05,1.633726998435738
1.2273771890348808e-05,1.736603681281446
1.2295371151969139e-05,1.8447141509242515
1.2317008423755106e-05,1.9579013485563241
1.2338683772596625e-05,2.0768945699240513
1.2360397265501313e-05,2.201098753539976
1.2382148969594712e-05,2.3317827167660408
1.2403938952120499e-05,2.4679786479205212
1.2425767280440676e-05,2.6110330255077594
1.2447634022035786e-05,2.7601306909045924
1.246953924450513e-05,2.916358183254583
1.249148301556697e-05,3.079228945279393
1.2513465403058733e-05,3.2495339549534132
1.2535486474937229e-05,3.427079016949055
1.2557546299278855e-05,3.6124689517079402
1.2579644944279813e-05,3.805905655746972
1.2601782478256311e-05,4.006927117867145
1.262395896964478e-05,4.217254986855387
1.2646174487002088e-05,4.435580082075656
1.2668429099005746e-05,4.662922341740275
1.2690722874454123e-05,4.899677963585247
1.271305588226666e-05,5.145130402329336
1.273542819148408e-05,5.401272574121833
1.2757839871268606e-05,5.666760059157993
1.278029099090417e-05,5.9425467945244375
1.2802781619796623e-05,6.229212575299128
1.2825311827473973e-05,6.525831319668583
1.2847881683586564e-05,6.834878898888938
1.287049125790732e-05,7.154673143544218
1.2893140620331946e-05,7.485882668017
1.2915829840879158e-05,7.8299326723108775
1.2938558989690875e-05,8.185372728048819
1.2961328137032467e-05,8.554149606917669
1.2984137353292944e-05,8.936062392329434
1.3006986708985192e-05,9.330511137569252
1.3029876274746181e-05,9.7391970293948
1.3052806121337195e-05,10.162016368289212
1.3075776319644034e-05,10.598288757652464
1.3098786940677248e-05,11.049706842727687
1.3121838055572345e-05,11.517006856268404
1.3144929735590026e-05,11.999190704517682
1.3168062052116383e-05,12.496580430431093
1.3191235076663149e-05,13.009500637881803
1.3214448880867883e-05,13.539842922035575
1.3237703536494226e-05,14.087107177198035
1.3260999115432103e-05,14.651161321028717
1.3284335689697951e-05,15.232286986852062
1.330771333143494e-05,15.830833673598088
1.3331132112913196e-05,16.44823964226424
1.3354592106530025e-05,17.08503870707523
1.337809338481014e-05,17.74041841241276
1.3401636020405882e-05,18.414741773700275
1.3425220086097441e-05,19.108374951819574
1.3448845654793088e-05,19.82213376746438
1.34725127995294e-05,20.558359086055496
1.349622159347147e-05,21.315332185676038
1.3519972109913168e-05,22.093406544925298
1.3543764422277326e-05,22.89298599116608
1.3567598604115993e-05,23.714478688184503
1.3591474729110654e-05,24.558297206407445
1.361539287107246e-05,25.426408725910562
1.363935310394245e-05,26.318803430995104
1.3663355501791783e-05,27.234876294085907
1.3687400138821973e-05,28.175059279312702
1.3711487089365112e-05,29.13978911749403
1.3735616427884092e-05,30.130349682600276
1.3759788228972857e-05,31.14656608196076
1.3784002567356613e-05,32.18990906264341
1.380825951789207e-05,33.26101990251222
1.3832559155567663e-05,34.359262342599735
1.3856901555503803e-05,35.48510459466682
1.3881286792953086e-05,36.63901909624644
1.3905714943300544e-05,37.82291187276732
1.3930186082063866e-05,39.03610316812275
1.3954700284893642e-05,40.27910948900435
1.3979257627573583e-05,41.55245229115647
1.400385818602077e-05,42.85665809724817
1.402850203628588e-05,44.19225859637507
1.4053189254553426e-05,45.55979073376697
1.4077919917141983e-05,46.95979679407922
1.4102694100504435e-05,48.392824480446535
1.4127511881228208e-05,49.859426990726206
1.4152373336035507e-05,51.3601630918507
1.4177278541783544e-05,52.895597192848186
1.4202227575464792e-05,54.468151277907864
1.4227220514207215e-05,56.07650858274317
1.4252257435274499e-05,57.721267679917496
1.42773384160663e-05,59.40303362122406
1.430246353411849e-05,61.12313714820179
1.432763286710337e-05,62.88112841542711
1.4352846492829945e-05,64.67772051492688
1.4378104489244141e-05,66.51361483989655
1.4403406934429051e-05,68.38950244005915
1.4428753906605179e-05,70.30606515026065
1.4454145484130684e-05,72.2639766083031
1.4479581745501612e-05,74.26390318272544
1.4505062769352152e-05,76.30650481749522
1.453058863445487e-05,78.39243580086216
1.4556159419720954e-05,80.52234546722762
1.4581775204200458e-05,82.6968788416428
1.4607436067082557e-05,84.9166768056962
1.463314208769577e-05,87.1823735774463
1.4658893345508223e-05,89.49460230213971
1.4684689920127891e-05,91.85399489852323
1.4710531891302839e-05,94.26118143113017
1.4736419338921472e-05,96.71679063520219
1.4762352343012788e-05,99.22522989616607
1.4788330983746608e-05,101.78431796024564
1.4814355341433845e-05,104.39404667504319
1.4840425496526739e-05,107.05504061510969
1.4866541529619105e-05,109.76792577330336
1.4892703521446595e-05,112.53333002964112
1.4918911552886926e-05,115.3534872084671
1.494516570496016e-05,118.23260959920009
1.4971466058828923e-05,121.16646116379246
1.4997812695798674e-05,124.1556806216028
1.5024205697317954e-05,127.20091154976183
1.5050645144978636e-05,130.30594877900234
1.507713112051618e-05,133.47894795908658
1.5103663705809878e-05,136.71013581813037
1.5130242982883115e-05,140.0082826414577
1.515686903390362e-05,143.371185097176
1.5183541941183719e-05,146.79776609708577
1.5210261787180595e-05,150.28454698564028
1.5237028654496532e-05,153.8323938877205
1.526384262587918e-05,157.445950522572
1.5290703784221806e-05,161.13712969633963
1.5317612212563552e-05,164.8923866723727
1.5344567994089693e-05,168.7126352091795
1.537157121213189e-05,172.59880160991702
1.5398621950168458e-05,176.55236259938152
1.5425720291824604e-05,180.59196831196007
1.5452866320872705e-05,184.70067411665468
1.5480060121232558e-05,188.87945635175484
1.5507301776971646e-05,193.12930447492073
1.553459137230538e-05,197.45122118853283
1.5561928991597396e-05,201.85846813725067
1.5589314719359768e-05,206.34679015291985
1.5616748640253303e-05,210.910578891743
1.5644230839087796e-05,215.5508894044681
1.5671761400822287e-05,220.26879051496104
1.5699340410565326e-05,225.06590946943837
1.5726967953575235e-05,229.96145955372174
1.5754644115260378e-05,234.93818215324498
1.578236898117941e-05,239.99720005793614
1.581014263704156e-05,245.13965030949424
1.5837965168706887e-05,250.3666843140133
1.5865836662186538e-05,255.68216314032819
1.589375720364303e-05,261.11020943381857
1.5921726879390505e-05,266.6219538225057
1.5949745775894994e-05,272.2185059268633
1.5977813979774703e-05,277.90099132995215
1.6005931577800252e-05,283.69899111148703
1.6034098656894976e-05,289.5911694880809
1.606231530413516e-05,295.57333833541674
1.609058160675034e-05,301.6466856524479
1.6118897652123545e-05,307.82868580473195
1.614726352779159e-05,314.12257289827716
1.6175679321445325e-05,320.5144014324669
1.620414512092993e-05,327.00008206144395
1.623266101424517e-05,333.5925124427275
1.626122708954567e-05,340.3117429930061
1.628984343514118e-05,347.12922979332194
1.6318510139496877e-05,354.0462416447671
1.6347227291233596e-05,361.07230598660897
1.6375994979128136e-05,368.2347458416688
1.6404813292113533e-05,375.50129469771633
1.643368231927931e-05,382.8732894879782
1.6462602149871783e-05,390.352330359347
1.6491572873294313e-05,397.9845786630184
1.6520594579107596e-05,405.7254288429792
1.6549667357029935e-05,413.5762190352521
1.657879129693752e-05,421.53830643138093
1.6607966488864708e-05,429.658295850938
1.6637193023004285e-05,437.8954166191977
1.666647098970777e-05,446.24879964931296
1.669580047948568e-05,454.7198739388105
1.6725181583007802e-05,463.34869284213835
1.6754614391103493e-05,472.1081830773433
1.6784098994761946e-05,480.9905185201125
1.681363548513248e-05,489.9972006081824
1.684322395352481e-05,499.15666190301846
1.6872864491409343e-05,508.4655475553764
1.6902557190417454e-05,517.9041222121764
1.693230214234177e-05,527.4771698919103
1.696209943913645e-05,537.2031965472638
1.699194917291748e-05,547.097147823286
1.702185143596294e-05,557.1294122781496
1.7051806320713316e-05,567.2978602409046
1.7081813919771754e-05,577.6623110613718
1.7111874325904366e-05,588.1326643708734
1.7141987632040526e-05,598.7840614373049
1.7172153931273124e-05,609.5987483658871
1.7202373316858887e-05,620.5244854234786
1.7232645882218657e-05,631.673963379661
1.7262971720937657e-05,642.9564517694411
1.7293350926765828e-05,654.3707319063428
1.7323783593618072e-05,666.0182039985278
1.7354269815574566e-05,677.786463339749
1.738480968688105e-05,689.7221616090138
1.741540330194912e-05,701.8683980142137
1.744605075535651e-05,714.1411260618065
1.747675214184739e-05,726.6139923303823
1.750750755633267e-05,739.2776538158449
1.7538317093890273e-05,752.0736413021216
1.7569180849765445e-05,765.0994380074295
1.7600098919371037e-05,778.2997234924842
1.763107139828782e-05,791.6383579442597
1.766209838226475e-05,805.2330075647812
1.7693179967219294e-05,818.9895560484231
1.7724316249237706e-05,832.8906629214221
1.7755507324575337e-05,847.0702393680699
1.7786753289656925e-05,861.4031209276982
1.7818054241076895e-05,875.8939670638347
1.7849410275599655e-05,890.667674067702
1.7880821490159905e-05,905.5973799887074
1.7912287981862922e-05,920.6980646026258
1.7943809847984877e-05,936.0828258163352
1.7975387185973116e-05,951.630258025473
1.800702009344648e-05,967.3572101438573
1.8038708668195597e-05,983.3741523879548
1.807045300818318e-05,999.5606123909329
1.8102253211544347e-05,1015.9303827734146
1.81341093765869e-05,1032.601024776125
1.8166021601791657e-05,1049.4482023250741
1.8197989985812724e-05,1066.477455720692
1.8230014627477838e-05,1083.823696895103
1.826209562578863e-05,1101.3536586321197
1.8294233079920973e-05,1119.0691807992507
1.8326427089225256e-05,1137.1032760315177
1.835867775322671e-05,1155.338454364323
1.83909851716257e-05,1173.766617085151
1.842334944429806e-05,1192.5016945178843
1.8455770671295368e-05,1211.4648766821265
1.848824895284528e-05,1230.6286254795243
1.8520784389351827e-05,1250.0816830418187
1.855337708139574e-05,1269.7960017678229
1.858602712973474e-05,1289.7186242422918
1.861873463530386e-05,1309.9067490486202
1.8651499699215764e-05,1330.395673556471
1.868432242276106e-05,1351.1007902259673
1.8717202907408585e-05,1372.0411551502286
1.8750141254805753e-05,1393.328482924165
1.8783137566778864e-05,1414.844814579138
1.881619194533339e-05,1436.5791497471503
1.8849304492654335e-05,1458.6791512765635
1.8882475311106503e-05,1481.018502470247
1.891570450323486e-05,1503.5848243744792
1.894899217176482e-05,1526.496945615784
1.8982338419602568e-05,1549.68477652852
1.9015743349835387e-05,1573.1086481786092
1.9049207065731976e-05,1596.8493103774715
1.9082729670742757e-05,1620.9113172031214
1.9116311268500214e-05,1645.2185300082656
1.9149951962819184e-05,1669.8042604526204
1.9183651857697217e-05,1694.7663693008365
1.9217411057314864e-05,1719.98294363614
1.925122966603602e-05,1745.460850942346
1.9285107788408223e-05,1771.3772946556212
1.9319045529163016e-05,1797.5314642843748
1.9353042993216232e-05,1823.9679145180687
1.9387100285668332e-05,1850.8104222685645
1.9421217511804743e-05,1877.8689062729857
1.9455394777096165e-05,1905.3162818705139
1.9489632187198904e-05,1933.097560286121
1.9523929847955194e-05,1961.108879821916
1.955828786539355e-05,1989.602065198317
1.959270634572905e-05,2018.2933650866503
1.96271853953637e-05,2047.4021030414972
1.9661725120886754e-05,2076.824999279793
1.969632562907503e-05,2106.517463934883
1.9730987026893265e-05,2136.684876189454
1.9765709421494417e-05,2167.066340320856
1.980049292022002e-05,2197.8929763801507
1.9835337630600506e-05,2229.0390667272954
1.987024366035553e-05,2260.469390406911
1.990521111739433e-05,2292.393255227103
1.9940240109816014e-05,2324.547673718464
1.9975330745909946e-05,2357.149188649131
2.001048313415604e-05,2390.101909442943
2.0045697383225124e-05,2423.327260819365
2.0080973601979257e-05,2457.091660018122
2.0116311899472072e-05,2491.119846158645
2.0151712384949117e-05,2525.6075145671184
2.018717516784819e-05,2560.444950176283
2.0222700357799672e-05,2595.6311990129448
2.0258288064626875e-05,2631.2925009239857
2.029393839834637e-05,2667.185109607513
2.0329651469168346e-05,2703.684976450714
2.0365427387496923e-05,2740.3817645322024
2.0401266263930524e-05,2777.6449626779577
2.043716820926219e-05,2815.2033775999303
2.0473133334479947e-05,2853.1951531243394
2.0509161750767124e-05,2891.6301210967913
2.054525356950272e-05,2930.3583483646685
2.0581408902261733e-05,2969.684874092763
2.06176278608155e-05,3009.2364185501146
2.065391055713207e-05,3049.3906209913525
2.069025710337652e-05,3089.8573411447915
2.072666761191132e-05,3130.7704505973697
2.0763142195296676e-05,3172.1675660892606
2.079968096629086e-05,3213.8475550750813
2.0836284037850598e-05,3256.1903595680114
2.0872951523131384e-05,3298.787266034281
2.090968353548784e-05,3341.9490887575826
2.094648018847407e-05,3385.515820920946
2.0983341595844017e-05,3429.467220584759
2.1020267871551796e-05,3474.0192725893553
2.1057259129752065e-05,3518.8464859650194
2.1094315484800364e-05,3564.321255404957
2.1131437051253486e-05,3610.168902288873
2.11686239438698e-05,3656.4806550670232
2.1205876277609652e-05,3703.3438614181414
2.1243194167635668e-05,3750.5017543040153
2.1280577729313153e-05,3798.396579634675
2.1318027078210427e-05,3846.5754207841555
2.1355542330099182e-05,3895.436066196234
2.1393123600954853e-05,3944.628536275038
2.143077100695695e-05,3994.43333111952
2.1468484664489455e-05,4044.6551779248684
2.1506264690141143e-05,4095.4166635354104
2.1544111200705977e-05,4146.68372070033
2.1582024313183443e-05,4198.414605833332
2.1620004144778924e-05,4250.742790879727
2.165805081290406e-05,4303.455956567982
2.169616443517711e-05,4356.861268771552
2.173434512942332e-05,4410.56977333051
2.1772593013675276e-05,4465.068291427011
2.1810908206173288e-05,4519.785375642623
2.184929082536573e-05,4575.393255381506
2.1887740989909428e-05,4631.190832654218
2.1926258818670028e-05,4687.865819418165
2.196484443072234e-05,4744.793312587188
2.200349794535072e-05,4802.515907338103
2.2042219482049458e-05,4860.589506274449
2.2081009160523107e-05,4919.373710718148
2.211986710068689e-05,4978.644223280206
2.215879342266704e-05,5038.590446538394
2.219778824680121e-05,5098.954167328886
2.2236851693638804e-05,5160.07456666539
2.227598388394137e-05,5221.550990535659
2.231518493868297e-05,5283.857721577327
2.2354454979050572e-05,5346.4664834399755
2.239379412644438e-05,5409.971700435355
2.243320250247826e-05,5473.732570729323
2.2472680228980078e-05,5538.448426885066
2.25122274279921e-05,5603.381307249729
2.2551844221771356e-05,5669.319955167611
2.259153073279003e-05,5735.444874289737
2.263128708373582e-05,5802.618466486545
2.2671113397512335e-05,5869.957973011686
2.2711009797239476e-05,5938.432120736103
2.275097640625379e-05,6007.026768584204
2.2791013348108893e-05,6076.730936059664
2.2831120746575806e-05,6146.642106670031
2.2871298725643382e-05,6217.54847607938
2.2911547409518662e-05,6288.7898507208865
2.2951866922627256e-05,6360.918475718753
2.299225738961375e-05,6433.503738638227
2.303271893534206e-05,6506.874837839961
2.3073251684895866e-05,6580.817676589504
2.311385576357894e-05,6655.4516300673695
2.3154531296915577e-05,6730.765735911218
2.319527841065096e-05,6806.6830817879545
2.323609723075157e-05,6883.382150166958
2.3276987883405547e-05,6960.603581305918
2.331795049502312e-05,7038.701312345068
2.3358985192236936e-05,7117.247673136082
2.340009210190252e-05,7196.757772187503
2.3441271351098625e-05,7276.65005542782
2.348252306712764e-05,7357.586233642603
2.352384737751597e-05,7438.8455775117
2.356524441001445e-05,7521.221552435321
2.360671429259873e-05,7603.8692375623905
2.3648257153469652e-05,7687.698733752015
2.368987312105369e-05,7771.756180375982
2.3731562324003314e-05,7857.052930035299
2.377332489119738e-05,7942.541695255516
2.3815160951741564e-05,8029.319438884442
2.3857070634968722e-05,8116.2612140003375
2.3899054070439328e-05,8204.533701056675
2.3941111387941846e-05,8292.961529157223
2.3983242717493135e-05,8382.731298565825
2.4025448189338864e-05,8472.670283829239
2.406772793395391e-05,8563.947952875653
2.411008208204275e-05,8655.411888932153
2.4152510764539867e-05,8748.21952318141
2.4195014112610184e-05,8841.222214676724
2.423759225764943e-05,8935.582004777212
2.4280245331284562e-05,9030.13726806621
2.432297346537418e-05,9126.071527505152
2.436577679200893e-05,9222.194080836804
2.4408655443511902e-05,9319.724354280253
2.445160955243904e-05,9417.455308537346
2.449463925157958e-05,9516.57687968911
2.453774467395642e-05,9615.938914024486
2.458092595282656e-05,9716.665628656216
2.462418322168151e-05,9817.68153615586
2.4667516614247678e-05,9920.027255356365
2.4710926264486812e-05,10022.74064377394
2.4754412306596417e-05,10126.877106415375
2.479797487501014e-05,10231.196827367372
2.4841614104398208e-05,10337.053045733377
2.4885330129667835e-05,10443.18376736308
2.4929123085963664e-05,10550.594597458823
2.4972993108668144e-05,10658.55344453573
2.5016940333401967e-05,10767.541507175662
2.50609648960245e-05,10877.345622921184
2.5105066932634193e-05,10987.93373998099
2.5149246579568995e-05,11099.600285918314
2.5193503973406784e-05,11211.811478793807
2.5237839250965777e-05,11325.357634679709
2.528225254930499e-05,11439.215122742555
2.53267440057246e-05,11554.658086517904
2.537131375776643e-05,11670.304205671977
2.5415961943214326e-05,11787.542273299665
2.5460688700094627e-05,11905.10578469189
2.5505494166676547e-05,12024.051039816253
2.5550378481472645e-05,12143.549207903276
2.5595341783239217e-05,12264.225442124425
2.5640384210976746e-05,12385.67554937567
2.5685505903930336e-05,12508.106745856494
2.5730707001590115e-05,12631.526092666703
2.5775987643691707e-05,12755.736424500816
2.5821347970216618e-05,12881.142329100601
2.586678812139271e-05,13007.156157657626
2.591230823769461e-05,13134.565956024866
2.5957908459844144e-05,13262.407829272692
2.600358892881079e-05,13391.838875051279
2.60493497858121e-05,13521.53352585594
2.6095191172314134e-05,13653.003190284642
2.6141113230031904e-05,13784.704213720364
2.6187116100929816e-05,13918.101206546098
2.6233199927222104e-05,14051.861855552665
2.627936485137326e-05,14187.175427597522
2.6325611016098486e-05,14323.013139091425
2.6371938564364142e-05,14460.26855437368
2.641834763938817e-05,14598.200782799306
2.6464838384640546e-05,14737.423483228638
2.651141094384373e-05,14877.467700574749
2.6558065460973097e-05,15018.68330420117
2.660480208025738e-05,15160.857000050062
2.6651620946179152e-05,15304.091299308826
2.6698522203475216e-05,15448.411980918114
2.674550599713709e-05,15593.690940873146
2.6792572472411456e-05,15740.17613329
2.683972177480059e-05,15887.525889879302
2.6886954050062825e-05,16036.19313609002
2.693426944421299e-05,16185.639994375932
2.698166810352289e-05,16336.506855488624
2.7029150174521715e-05,16488.077287914828
2.7076715803996534e-05,16641.161343374366
2.7124365138992704e-05,16794.881988031128
2.7172098326814386e-05,16950.20083586364
2.721991551502494e-05,17106.116547391124
2.7267816851447416e-05,17263.78857825738
2.7315802484165004e-05,17421.7884870145
2.7363872561521476e-05,17581.830387882146
2.7412027232121673e-05,17742.15392889416
2.7460266644831938e-05,17904.37354906367
2.75085909487806e-05,18067.0878613151
2.7557000293358417e-05,18231.46546222116
2.7605494828219033e-05,18396.58729239073
2.7654074703279468e-05,18563.153642916073
2.7702740068720553e-05,18730.699754886762
2.775149107498741e-05,18899.485720857254
2.78003278727899e-05,19069.47289694031
2.7849250613103136e-05,19240.509438961046
2.789825944716787e-05,19412.954481071887
2.7947354526491052e-05,19586.272652476302
2.799653600284621e-05,19761.192383271464
2.8045804028273993e-05,19936.823328175848
2.809515875508259e-05,20114.234592146033
2.8144600335848236e-05,20292.209543599598
2.8194128923415653e-05,20472.129208121747
2.8243744670898547e-05,20652.47948634536
2.829344773168007e-05,20834.924442690364
2.83432382594133e-05,21017.690463853807
2.83931164080217e-05,21202.668617689473
2.8443082331699623e-05,21387.981320555344
2.8493136184912756e-05,21575.41016461066
2.8543278122398624e-05,21763.28652089762
2.859350829916705e-05,21953.19762392706
2.8643826870500645e-05,22143.654632052174
2.869423399195529e-05,22336.07964443388
2.8744729819360607e-05,22529.1343303487
2.8795314508820437e-05,22724.104982598787
2.8845988216713344e-05,22919.77440058261
2.8896751099693084e-05,23117.322501915183
2.8947603314689083e-05,23315.623735329755
2.8998545018906938e-05,23515.781172257397
2.9049576369828884e-05,23716.731334263906
2.91006975252143e-05,23919.530069234894
2.9151908643100193e-05,24123.146303476646
2.9203209881801678e-05,24328.618373544967
2.925460139991246e-05,24534.91785479704
2.930608335630535e-05,24743.095370320912
2.9357655910132733e-05,24952.095305108167
2.940931922082708e-05,25163.010448478213
2.9461073448101423e-05,25374.728075668525
2.951291875194984e-05,25588.61820039739
2.9564855292647992e-05,25803.326604942355
2.9616883230753575e-05,26019.71363259601
2.966900272710684e-05,26237.432232442385
2.972121394283108e-05,26456.35218129874
2.977351703933313e-05,26677.10041799253
2.9825912178303866e-05,26898.58941094589
2.987839952171871e-05,27122.3867511255
2.993097923183813e-05,27346.577927637052
2.9983651471208123e-05,27573.346950306935
3.003641640266075e-05,27800.61212271359
3.0089274189314614e-05,28030.04943830129
3.0142224994575377e-05,28260.42454774076
3.0195268982136255e-05,28492.531346187254
3.0248406315978536e-05,28726.035841640474
3.030163716037207e-05,28960.849276022822
3.03549616798758e-05,29197.502625117013
3.0408380039338243e-05,29435.05994684646
3.0461892403898044e-05,29674.88163665102
3.051549893898442e-05,29915.220192408622
3.056919981031773e-05,30158.229730149193
3.062299518390997e-05,30401.666913655772
3.067688522606527e-05,30647.603872644937
3.0730870103380424e-05,30894.254076466063
3.0784949982745404e-05,31143.061142062375
3.083912503134387e-05,31392.9439501842
3.089339541665369e-05,31644.65872505075
3.094776130644747e-05,31897.793743674283
3.1002222868793034e-05,32152.453914894257
3.1056780272054e-05,32408.86077309053
3.1111433684890253e-05,32666.504109495036
3.1166183276258495e-05,32926.20245986008
3.1221029215412734e-05,33186.87616543766
3.1275971671904844e-05,33449.92973346184
3.1331010815585104e-05,33713.607023292716
3.138614681660264e-05,33980.0356471189
3.144137984540603e-05,34246.93312938572
3.149671007274382e-05,34516.57902657985
3.155213766966501e-05,34786.87742464824
3.160766280751963e-05,35059.618777936754
3.166328565795925e-05,35333.33806107215
3.1719006392937495e-05,35609.2730351705
3.17748251847106e-05,35886.52068555514
3.1830742205837946e-05,36165.515488207646
3.188675762918257e-05,36446.31171570928
3.1942871627911707e-05,36728.40752943583
3.199908437549734e-05,37012.772568631
3.205539604571674e-05,37298.01062288645
3.211180681265296e-05,37585.964734302535
3.2168316850695415e-05,37874.42558449809
3.222492633454041e-05,38165.94977455777
3.228163543919168e-05,38458.026336113726
3.233844433996094e-05,38752.78932198245
3.2395353212468385e-05,39048.50194583418
3.2452362232643295e-05,39346.545078842886
3.250947157672454e-05,39645.914144577895
3.2566681421261126e-05,39947.278816079415
3.2623991943112755e-05,40250.32473277539
3.2681403319450375e-05,40555.15296128312
3.2738915727756695e-05,40862.126504908505
3.279652934582677e-05,41170.06225012412
3.285424435176854e-05,41481.19646026835
3.291206092400336e-05,41792.87820129904
3.2969979241266595e-05,42107.20414662521
3.3027999482608135e-05,42423.076286430376
3.308612182739295e-05,42740.22353327881
3.314434645530166e-05,43060.30851314936
3.320267354633111e-05,43380.95677538193
3.3261103280794845e-05,43704.64888193235
3.3319635839323797e-05,44029.539912896405
3.3378271402866704e-05,44356.17139315489
3.343701015269077e-05,44685.32774398703
3.349585227038221e-05,45015.06334088951
3.355479793784673e-05,45348.39430685959
3.361384733731022e-05,45682.42535844299
3.36730006513192e-05,46018.813641423105
3.3732258062741466e-05,46357.16281591392
3.37916197547666e-05,46696.65978949966
3.3851085910906574e-05,47039.34979612503
3.39106567149963e-05,47382.64286521359
3.39703323511942e-05,47729.06038564441
3.403011300398277e-05,48076.72471759199
3.408999885816916e-05,48426.36867521757
3.4149990098885746e-05,48778.42710587573
3.4210086911590696e-05,49131.3853908982
3.427028948206854e-05,49488.338355018954
3.433059799643076e-05,49845.9194814135
3.439101264111634e-05,50205.52198458374
3.445153360289238e-05,50568.03198679638
3.451216106885463e-05,50931.1799305031
3.45728952264281e-05,51297.528799652435
3.463373626336761e-05,51665.63951909898
3.4694684367758424e-05,52034.497674274615
3.475573972801678e-05,52407.59641837925
3.481690253289045e-05,52781.35173794054
3.4878172971459456e-05,53157.138387892766
3.493955123313645e-05,53535.915828832105
3.500103750766751e-05,53915.359838542354
3.506263198513255e-05,54298.17807669589
3.512433485594603e-05,54682.67843664675
3.518614631085748e-05,55068.22924924309
3.524806654095211e-05,55457.84171920062
3.531009573765142e-05,55848.139825305276
3.5372234092713746e-05,56240.865974178705
3.543448179823489e-05,56636.310559386024
3.5496839046648695e-05,57032.45104403882
3.555930603072767e-05,57432.45676664764
3.562188294358354e-05,57833.778225150534
3.568456997866786e-05,58236.66756316001
3.5747367329772646e-05,58643.19545604362
3.5810275191030924e-05,59050.438752667185
3.5873293756917365e-05,59460.79186324252
3.593642322224887e-05,59873.276286168584
3.599966378218519e-05,60286.6565593861
3.6063015632229496e-05,60704.40766438927
3.612647896822901e-05,61122.89392362947
3.6190053986375616e-05,61543.922012229275
3.625374088320643e-05,61967.70985036063
3.631753985560446e-05,62392.24346611189
3.638145110079917e-05,62821.1829208919
3.644547481636711e-05,63251.22812388645
3.650961120023252e-05,63683.03166482522
3.657386045066795e-05,64118.61612746842
3.6638222766294876e-05,64554.967127313976
3.6702698346084284e-05,64994.499303795084
3.676728738935732e-05,65436.427016710266
3.683199009578591e-05,65879.13242961641
3.689680666539332e-05,66326.5017632415
3.696173729855485e-05,66774.82144502923
3.702678219599841e-05,67225.28350288633
3.7091941558805154e-05,67679.24518579387
3.7157215588410077e-05,68134.005745953
3.722260448660267e-05,68592.4959294163
3.728810845552753e-05,69052.9361946461
3.7353727697684994e-05,69514.66609462735
3.741946241593173e-05,69980.81383369063
3.748531281348144e-05,70447.78189490591
3.755127909390539e-05,70917.73121042346
3.7617361461133115e-05,71390.44460333655
3.7683560119453015e-05,71863.98987257395
3.7749875273513e-05,72342.26753670158
3.78163071283211e-05,72821.59611039209
3.788285588924615e-05,73303.34348961982
3.7949521762018355e-05,73788.48323125312
3.8016304952729996e-05,74274.47671697557
3.8083205667835994e-05,74764.7441470681
3.815022411415463e-05,75256.58694309137
3.82173604988681e-05,75750.4718786511
3.8284615029523236e-05,76248.19190638354
3.835198791403208e-05,76746.78781686736
3.841947936067257e-05,77249.3847373664
3.848708957808915e-05,77753.89620037157
3.855481877529347e-05,78260.25866430732
3.862266716166497e-05,78770.71366759177
3.8690634946951554e-05,79282.06696451077
3.875872234127026e-05,79797.33355009087
3.882692955510785e-05,80314.66889539926
3.889525679932153e-05,80833.92486504874
3.896370428513958e-05,81357.60904688224
3.903227222416194e-05,81882.21480292699
3.9100960828361e-05,82410.16775665936
3.9169770310082116e-05,82941.16125961432
3.9238700882044344e-05,83473.08919965112
3.93077527573411e-05,84009.86013813932
3.9376926149440786e-05,84548.21487555673
3.9446221272187444e-05,85088.41747886752
3.9515638339801465e-05,85633.22684975999
3.958517756688022e-05,86178.99497076122
3.9654839168398714e-05,86728.23110340066
3.972462335971026e-05,87280.49313105654
3.9794530356547164e-05,87833.72702393244
3.9864560375021366e-05,88392.1174094721
3.993471363162512e-05,88951.88463200923
4.0004990343231655e-05,89513.97364211756
4.0075390727095865e-05,90080.30222316757
4.014591500085495e-05,90647.6274236182
4.0216563382529114e-05,91219.08557946353
4.0287336090522236e-05,91793.01179919469
4.0358233343622543e-05,92368.3706314667
4.042925536100325e-05,92949.28107832401
4.050040236222332e-05,93531.21380560427
4.057167456722806e-05,94115.67011137263
4.064307219634985e-05,94704.62844291535
4.071459547030879e-05,95294.62321746841
4.078624461021342e-05,95888.30919365995
4.0858019837561384e-05,96485.37110103075
4.09299213742401e-05,97083.48371200397
4.100194944252749e-05,97686.53143422471
4.10741042650926e-05,98291.75286312669
4.114638606499635e-05,98898.22125346986
4.12187950656922e-05,99510.58078412878
4.129133149102684e-05,100124.01793899531
4.136399556524087e-05,100740.08441168592
4.1436787512969543e-05,101360.70160361267
4.150970755924338e-05,101982.41095149722
4.158275592948892e-05,102608.20718851239
4.165593284952942e-05,103237.13867553581
4.172923854558553e-05,103867.17694993076
4.1802673244276006e-05,104502.83453316649
4.187623717261838e-05,105140.13721888672
4.194993055802973e-05,105779.62163885131
4.2023753628327306e-05,106424.24951348896
4.209770661172928e-05,107070.0117978449
4.217178973685544e-05,107719.54961077766
4.22460032327279e-05,108372.67858181869
4.2320347328771804e-05,109026.95692272278
4.2394822254816035e-05,109686.68161450674
4.2469428241093915e-05,110348.36832165798
4.254416551824394e-05,111012.14048752138
4.261903431731049e-05,111681.26433789436
4.2694034869744524e-05,112351.56570575997
4.27691674074043e-05,113025.76438062201
4.284443216255611e-05,113703.54487111565
4.291982936787498e-05,114382.51811297101
4.299535925644539e-05,115067.27618807135
4.307102206176201e-05,115753.7707233352
4.314681801773042e-05,116442.8786521808
4.3222747358667784e-05,117136.9235591092
4.329881031930366e-05,117832.18983935748
4.3375007134780665e-05,118532.09545148307
4.3451338040655216e-05,119234.95459162982
4.352780327289825e-05,119939.40500032401
4.360440306789598e-05,120649.88627568088
4.36811376624506e-05,121361.61784891514
4.3758007293781034e-05,122077.1033390169
4.383501219952365e-05,122796.49986429428
4.391215261773302e-05,123517.16237641724
4.3989428786882636e-05,124243.81496505073
4.406684094586564e-05,124972.18545225494
4.4144389333995595e-05,125703.68123509578
4.422207419100719e-05,126439.78931312425
4.4299895757057014e-05,127177.19278682249
4.437785427272427e-05,127920.09191094365
4.445594997901153e-05,128665.27634368162
4.453418311734548e-05,129413.21098743624
4.4612553929577675e-05,130166.20621695317
4.469106265798527e-05,130920.52655998105
4.4769709545271765e-05,131680.10002983277
4.4848494834567786e-05,132442.27489367692
4.492741876943182e-05,133207.07520447826
4.5006481593850955e-05,133977.13465842776
4.508568355224164e-05,134748.54925534036
4.516502488945046e-05,135525.22317186277
4.5244505850754875e-05,136304.5664492605
4.5324126681863975e-05,137086.65756033256
4.5403887628919245e-05,137873.95982846935
4.548378893849534e-05,138662.6475833021
4.556383085760083e-05,139456.84642929156
4.5644013633678956e-05,140253.53764201156
4.5724337514608416e-05,141053.3431070866
4.5804802748704136e-05,141858.06833820613
4.5885409584718e-05,142664.20971677845
4.5966158271839665e-05,143476.8971042803
4.604704905969728e-05,144291.73490583902
4.6128082198358325e-05,145108.8804246545
4.620925793833031e-05,145932.44697186706
4.6290576530561626e-05,146757.46282329308
4.6372038226442224e-05,147586.6242210583
4.6453643277804516e-05,148420.74499101005
4.6535391936924024e-05,149256.33363839117
4.6617284456520273e-05,150097.26518278735
4.669932108975749e-05,150942.44947600007
4.678150209024543e-05,151789.12111612037
4.6863827712040125e-05,152640.89778696376
4.694629820964473e-05,153497.21580674505
4.702891383801025e-05,154355.04076645526
4.711167485253635e-05,155217.83998790904
4.719458150907215e-05,156085.3622770722
4.7277634063917014e-05,156954.411223326
4.7360832773821325e-05,157828.5252271312
4.744417789598731e-05,158707.5475584016
4.75276696880698e-05,159588.1167844222
4.761130840817707e-05,160473.14200387947
4.769509431487157e-05,161363.74476950103
4.7779027667170825e-05,162255.91480900618
4.7863108724548115e-05,163152.01856324077
4.794733774693339e-05,164054.28241437578
4.8031714994713976e-05,164958.13406045624
4.8116240728735467e-05,165865.484352485
4.8200915210302454e-05,166779.49020503715
4.8285738701179405e-05,167695.10451599228
4.83707114635914e-05,168613.86973310914
4.845583376022502e-05,169539.69747099368
4.85411058542291e-05,170467.15447131716
4.8626528009215545e-05,171397.50571805835
4.871210048926019e-05,172335.22996638427
4.8797823558903576e-05,173274.60441251
4.888369748315178e-05,174216.7258846545
4.896972252747723e-05,175166.42175175945
4.905589895781953e-05,176117.78888419954
4.91422270405863e-05,177071.86441624365
4.922870704265396e-05,178033.6075004961
4.9315339231368586e-05,178997.04305065668
4.9402123874546714e-05,179963.2561387923
4.9489061240476205e-05,180937.12253538825
4.957615159791703e-05,181912.70273237667
4.9663395216102136e-05,182891.23655769863
4.975079236473824e-05,183877.30286548365
4.983834331400671e-05,184865.1044429435
4.992604833456438e-05,185856.22253323166
5.0013907697544356e-05,186854.94613002962
5.01019216745569e-05,187855.4272706735
5.0190090537690245e-05,188858.50882808282
5.027841455951145e-05,189870.54562698334
5.036689401306723e-05,190884.36339817048
5.045552917188481e-05,191899.96527578155
5.0544320309972735e-05,192923.57462201986
5.06332677018218e-05,193950.80809566576
5.072237162240581e-05,194979.84928455515
5.0811632347182475e-05,196014.420315206
5.0901050152094255e-05,197055.1490191778
5.0990625313569206e-05,198097.70918716522
5.108035810852184e-05,199143.47015275882
5.117024881435399e-05,200197.77408247537
5.126029770895563e-05,201253.93336575475
5.13505050707058e-05,202311.9512676294
5.144087117847342e-05,203379.07149093362
5.1531396311618124e-05,204448.9105034814
5.162208074999121e-05,205520.6322080762
5.171292477393642e-05,206599.4297744115
5.1803928664290865e-05,207683.0296170651
5.189509270238585e-05,208768.53636793743
5.198641717004778e-05,209859.2378207977
5.207790234959902e-05,210956.6800902568
5.216954852385875e-05,212056.05362769958
5.226135597614385e-05,213158.88491048967
5.2353324990269794e-05,214270.25170827567
5.244545585055148e-05,215383.57427829155
5.2537748841804174e-05,216498.85606228607
5.2630204249344355e-05,217624.13469316807
5.272282235899058e-05,218751.48905638966
5.28156034570644e-05,219880.82732659986
5.2908547830391215e-05,221018.71974002832
5.300165576630121e-05,222160.18918056917
5.3094927552630166e-05,223303.66736767118
5.3188363477720456e-05,224454.3980540027
5.3281963830421806e-05,225610.0663882303
5.337572890009229e-05,226767.76845609082
5.3469658976599206e-05,227931.56138800905
5.356375435031994e-05,229101.51297322643
5.365801531214289e-05,230273.52342759978
5.375244215346834e-05,231450.60208110258
5.384703516620938e-05,232634.92182415095
5.3941794642792835e-05,233821.3257212965
5.4036720876160105e-05,235011.9130974507
5.413181415976812e-05,236210.68646321498
5.422707478759023e-05,237411.56941841773
5.432250305411712e-05,238615.88806583485
5.44180992543577e-05,239829.20108566346
5.451386368384008e-05,241044.64928166935
5.460979663861238e-05,242262.92131965232
5.470589841524373e-05,243490.8605996956
5.480216931082516e-05,244720.9607950631
5.489860962297052e-05,245953.40793737743
5.499521964981739e-05,247196.06066683496
5.5091999690028016e-05,248440.9002041987
5.5188950042790213e-05,249687.93039779118
5.5286071007818324e-05,250945.19774270715
5.5383362885354126e-05,252204.86455695963
5.548082597616772e-05,253466.74812033522
5.557846058155856e-05,254739.02551726636
5.5676267003356274e-05,256013.9844705662
5.577424554392167e-05,257291.18708394325
5.587239650614763e-05,258577.52650389768
5.597072019346009e-05,259867.8695121585
5.6069216909818945e-05,261160.48325320342
5.6167886959718975e-05,262461.117661473
5.626673064819082e-05,263766.93732488476
5.636574828080192e-05,265075.0549567444
5.646494016365743e-05,266390.216897979
5.656430660340121e-05,267711.6065122632
5.666384790721671e-05,269035.3214948393
5.676356438282801e-05,270365.2431232667
5.686345633850068e-05,271702.2966898203
5.6963524083042795e-05,273041.7031899336
5.706376792580584e-05,274386.61630016274
5.716418817668574e-05,275739.4285360658
5.7264785146123714e-05,277094.62143747794
5.736555914510733e-05,278454.75749587687
5.746651048517143e-05,279823.4238438562
5.7567639478399066e-05,281194.4987572533
5.7668946437422524e-05,282570.0889338801
5.777043167542424e-05,283954.7055722595
5.787209550613778e-05,285341.75884521916
5.7973938243848806e-05,286733.03404628404
5.80759602033961e-05,288133.69789892045
5.817816170017244e-05,289536.8266258648
5.828054305012567e-05,290944.01752668957
5.8383104569759623e-05,292360.82627288287
5.8485846576135095e-05,293780.12830500706
5.858876938687087e-05,295203.46538344
5.8691873320144673e-05,296636.5174678288
5.879515869469412e-05,298072.0914230135
5.889862582981777e-05,299511.8049932752
5.900227504537607e-05,300961.1996357058
5.910610666179237e-05,302413.1449084035
5.9210121000053866e-05,303869.4651553261
5.9314318381712665e-05,305335.30236071354
5.94186991288867e-05,306803.7191318266
5.9523263564260775e-05,308276.8761454649
5.962801201108757e-05,309759.2567136315
5.973294479318861e-05,311244.24596036883
5.983806223495525e-05,312734.4697709485
5.9943364661349747e-05,314233.49530645326
6.0048852397906225e-05,315735.158812177
6.0154525770731653e-05,317242.67942536075
6.026038510650689e-05,318758.45234732784
6.036643073248766e-05,320276.8927113974
6.0472662976505644e-05,321801.9401438467
6.05790821669694e-05,323334.56369577756
6.068568863286542e-05,324869.88434338185
6.079248270375913e-05,326412.68865858926
6.0899464709795954e-05,327962.2669181851
6.1006634981702295e-05,329514.5721101805
6.111399385078654e-05,331075.3634545582
6.122154164894013e-05,332642.00134354417
6.132927870863856e-05,334211.39618629555
6.143720536294242e-05,335790.40482549666
6.154532194549841e-05,337374.208119446
6.165362879054035e-05,338960.7985746693
6.176212623289032e-05,340558.5037668562
6.187081460795951e-05,342159.85327601444
6.197969425174947e-05,343764.0208241018
6.208876550085297e-05,345379.91614639095
6.219802869245511e-05,346998.92276709335
6.230748416433444e-05,348621.19992911455
6.241713225486383e-05,350255.1002689062
6.252697330301169e-05,351891.87593025476
6.26370076483429e-05,353532.7656849047
6.274723563101993e-05,355184.5166262071
6.285765759180387e-05,356839.1743023774
6.296827387205543e-05,358498.9125985779
6.30790848137361e-05,360168.6279720869
6.31900907594091e-05,361841.2816940927
6.330129205224054e-05,363520.1046929478
6.34126890360004e-05,365207.8993961119
6.352428205506359e-05,366898.66426359705
6.363607145441115e-05,368596.80838854075
6.374805757963113e-05,370302.79839742236
6.386024077691974e-05,372011.79059054283
6.397262139308245e-05,373729.49257745553
6.408519977553504e-05,375453.7949586978
6.419797627230467e-05,377181.1317501099
6.431095123203091e-05,378918.6286974103
6.442412500396694e-05,380661.36162029585
6.453749793798046e-05,382407.1613872349
6.465107038455494e-05,384164.6908059419
6.47648426947906e-05,385925.9735545476
6.487881522040552e-05,387691.3295102946
6.499298831373672e-05,389468.1556547812
6.510736232774128e-05,391248.1086402333
6.52219376159974e-05,393033.9178440508
6.533671453270549e-05,394829.5027643922
6.545169343268931e-05,396628.2475372062
6.556687467139704e-05,398434.7483156757
6.568225860490232e-05,400249.21449867106
6.579784558990545e-05,402066.8737611974
6.591363598373443e-05,403894.30504505255
6.602963014434609e-05,405727.7761398233
6.614582843032717e-05,407564.4737587794
6.626223120089549e-05,409413.07513280376
6.6378838815901e-05,411265.6759634049
6.649565163582686e-05,413122.9804451741
6.661267002179067e-05,414991.5487354253
6.67298943355455e-05,416863.4053135572
6.684732493948102e-05,418742.3019406885
6.696496219662464e-05,420630.2191406007
6.708280647064263e-05,422521.4586784123
6.72008581258412e-05,424422.1885332231
6.731911752716771e-05,426329.5828427013
6.743758504021171e-05,428240.3337657023
6.755626103120616e-05,430163.13877533114
6.767514586702845e-05,432090.13961849373
6.779423991520165e-05,434022.3363585437
6.791354354389556e-05,435965.6545647714
6.80330571219279e-05,437912.3926030379
6.815278101876543e-05,439868.32093869353
6.827271560452509e-05,441834.07135522494
6.839286124997514e-05,443803.2810797757
6.851321832653632e-05,445776.3681341397
6.863378720628301e-05,447764.68140508997
6.875456826194432e-05,449756.4936899463
6.887556186690536e-05,451751.81114623835
6.899676839520824e-05,453758.1142525093
6.911818822155332e-05,455772.6584737916
6.923982172130042e-05,457790.7478699457
6.936166927046983e-05,459815.0059956213
6.948373124574362e-05,461852.412938907
6.960600802446668e-05,463893.4052906545
6.972849998464801e-05,465937.98936043016
6.98512075049618e-05,467996.39570158033
6.99741309647486e-05,470060.42344192596
7.009727074401656e-05,472128.08343774703
7.022062722344257e-05,474205.2466220018
7.034420078437337e-05,476292.4436064836
7.046799180882687e-05,478383.3136194465
7.05920006794932e-05,480479.6069365749
7.071622777973594e-05,482590.1084487373
7.084067349359335e-05,484704.32400045655
7.096533820577949e-05,486822.26012766233
7.109022230168543e-05,488954.0621447873
7.121532616738043e-05,491091.760193057
7.134065018961324e-05,493233.22014107753
7.146619475581312e-05,495384.95050999644
7.159196025409113e-05,497546.26945456525
7.171794707324134e-05,499711.3918667024
7.184415560274205e-05,501883.4211241695
7.197058623275691e-05,504068.50081257697
7.209723935413619e-05,506257.42578247364
7.222411535841797e-05,508450.2028007474
7.23512146378294e-05,510659.1051878357
7.24785375852878e-05,512871.97426538396
7.260608459440196e-05,515088.7375279116
7.27338560594734e-05,517318.7355147723
7.286185237549743e-05,519555.6917120558
7.299007393816456e-05,521796.58448259253
7.311852114386156e-05,524048.0468597615
7.324719438967279e-05,526309.2346570359
7.337609407338142e-05,528574.4016700921
7.35052205934706e-05,530847.941303137
7.36345743491247e-05,533134.2405970059
7.376415574023066e-05,535424.5632976183
7.389396516737905e-05,537718.9164853252
7.402400303186542e-05,540030.0123022596
7.415426973569154e-05,542345.6657959806
7.428476568156661e-05,544665.3943536736
7.441549127290847e-05,546997.6627273618
7.454644691384498e-05,549339.5437481939
7.467763300921509e-05,551685.5459879393
7.480904996457024e-05,554036.8094260074
7.49406981861755e-05,556405.0952836142
7.507257808101095e-05,558777.5488271036
7.520469005677281e-05,561154.1773907272
7.533703452187481e-05,563543.0427848292
7.546961188544936e-05,565942.1276900709
7.560242255734888e-05,568345.4344810523
7.573546694814704e-05,570754.111509113
7.586874546914003e-05,573180.01028414
7.600225853234783e-05,575610.1781316882
7.613600655051549e-05,578044.6225644281
7.626998993711443e-05,580491.9274172692
7.640420910634369e-05,582949.1416174932
7.653866447313113e-05,585410.6799988119
7.667335645313493e-05,587878.6132066058
7.680828546274463e-05,590363.0615350263
7.694345191908258e-05,592851.8819708892
7.707885624000519e-05,595345.0822081857
7.721449884410416e-05,597852.6780076728
7.735038015070789e-05,600368.9711003774
7.748650057988261e-05,602889.6923406234
7.762286055243391e-05,605418.9484700953
7.775946048990781e-05,607963.6966008636
7.789630081459219e-05,610512.9229540664
7.803338194951806e-05,613066.6354104348
7.817070431846091e-05,615635.0433954318
7.830826834594197e-05,618213.0380069955
7.844607445722949e-05,620795.5693478193
7.858412307834017e-05,623383.6760896585
7.872241463604038e-05,625990.6124728406
7.886094955784751e-05,628602.1365167248
7.89997282720313e-05,631218.2562946307
7.913875120761513e-05,633846.4902477005
7.927801879437741e-05,636487.1828723234
7.941753146285285e-05,639132.5225615465
7.95572896443338e-05,641782.5174932271
7.969729377087158e-05,644451.5562674964
7.983754427527788e-05,647126.2941196419
7.997804159112604e-05,649805.7389488402
8.011878615275235e-05,652496.1066541381
8.025977839525748e-05,655200.422986926
8.040101875450777e-05,657909.4983486824
8.054250766713659e-05,660623.3411142984
8.068424557054574e-05,663355.7634779771
8.082623290290667e-05,666094.652078921
8.096847010316199e-05,668838.3605487666
8.111095761102674e-05,671593.172394433
8.125369586698974e-05,674362.0590147574
8.139668531231503e-05,677135.8182941999
8.15399263890431e-05,679914.4588076168
8.168341953999244e-05,682712.6504169867
8.182716520876072e-05,685516.7220692069
8.197116383972631e-05,688325.7282988136
8.211541587804954e-05,691147.154894746
8.225992176967417e-05,693981.7306797623
8.240468196132872e-05,696821.2947230345
8.254969690052786e-05,699666.4412511348
8.269496703557376e-05,702531.7149394676
8.284049281555754e-05,705402.0309079211
8.298627469036062e-05,708277.3980298496
8.313231311065611e-05,711167.5492286806
8.327860852791023e-05,714068.8132526495
8.342516139438365e-05,716975.1828921735
8.357197216313294e-05,719890.1116371037
8.371904128801198e-05,722822.5218703976
8.386636922367331e-05,725760.0925300359
8.401395642556956e-05,728702.8326972856
8.416180334995487e-05,731664.040727707
8.43099104538863e-05,734633.0129416664
8.445827819522521e-05,737607.2099233797
8.460690703263873e-05,740594.2577807845
8.475579742560115e-05,743594.8341196215
8.490494983439529e-05,746600.6908428371
8.505436472011402e-05,749614.065108814
8.520404254466161e-05,752646.4501840943
8.53539837707552e-05,755684.171620451
8.55041888619262e-05,758727.2388087588
8.56546582825218e-05,761788.7595132731
8.580539249770622e-05,764858.5526837005
8.595639197346237e-05,767933.7480455976
8.610765717659315e-05,771022.6648708108
8.625918857472296e-05,774124.738850239
8.641098663629913e-05,777232.2718285836
8.656305183059332e-05,780349.0735304541
8.671538462770302e-05,783483.6394525536
8.686798549855301e-05,786623.7215525664
8.70208549148968e-05,789769.3295378073
8.717399334931807e-05,792936.1684598402
8.732740127523214e-05,796109.0132538881
8.748107916688748e-05,799287.4415886273
8.763502749936712e-05,802483.2445971606
8.77892467485901e-05,805689.0677295792
8.794373739131303e-05,808900.5324376412
8.809849990513149e-05,812125.7914619315
8.825353476848147e-05,815364.8106538953
8.840884246064107e-05,818609.5298395979
8.856442346173166e-05,821864.7376378091
8.872027825271959e-05,825137.1726922585
8.887640731541757e-05,828415.3665453482
8.903281113248626e-05,831701.0168060343
8.918949018743563e-05,835007.0896126486
8.93464449646266e-05,838318.9804132847
8.95036759492724e-05,841636.6994463914
8.966118362744017e-05,844975.5023945199
8.981896848605242e-05,848321.3145183314
8.997703101288853e-05,851673.0145690199
9.013537169658629e-05,855043.3573352967
9.029399102664334e-05,858423.3172584947
9.045288949341882e-05,861809.2252015269
9.061206758813472e-05,865211.6061544984
9.07715258028775e-05,868625.9424590664
9.093126463059962e-05,872046.2872786827
9.1091284565121e-05,875481.2060955697
9.125158610113057e-05,878930.149474525
9.141216973418786e-05,882385.1622697139
9.15730359607244e-05,885853.120025465
9.173418527804543e-05,889336.9032882049
9.189561818433127e-05,892826.8172780589
9.205733517863897e-05,896328.3165320641
9.221933676090378e-05,899847.1746097828
9.238162343194078e-05,903372.225138926
9.254419569344635e-05,906907.7700194423
9.270705404799974e-05,910461.9399706448
9.287019899906466e-05,914022.3645147553
9.303363105099079e-05,917592.4608011047
9.319735070901537e-05,921182.1818172032
9.336135847926472e-05,924778.219988619
9.352565486875595e-05,928383.3751912037
9.369024038539827e-05,932008.8886022074
9.385511553799478e-05,935640.7821556292
9.402028083624393e-05,939281.505593818
9.418573679074118e-05,942943.0548741188
9.435148391298048e-05,946611.0477124024
9.451752271535593e-05,950287.8505903492
9.468385371116331e-05,953985.6813646037
9.485047741460176e-05,957690.019544653
9.501739434077523e-05,961403.415025089
9.518460500569417e-05,965137.7750742
9.53521099262771e-05,968878.70681296
9.55199096203522e-05,972629.2100890188
9.568800460665898e-05,976400.3493562257
9.585639540484969e-05,980178.125036783
9.60250825354912e-05,983966.253401912
9.619406652006637e-05,987774.4239989759
9.636334788097583e-05,991589.2961767565
9.653292714153946e-05,995415.5690927579
9.670280482599816e-05,999261.0253062692
9.687298145951527e-05,1003113.2487153537
9.70434575681784e-05,1006979.1573301376
9.721423367900092e-05,1010864.9651537868
9.738531031992366e-05,1014757.6111833717
9.755668801981649e-05,1018657.1074526984
9.772836730847999e-05,1022582.8648187952
9.790034871664706e-05,1026516.4074362569
9.807263277598461e-05,1030456.8722628686
9.824522001909518e-05,1034415.5701661474
9.841811097951851e-05,1038390.2874367937
9.859130619173336e-05,1042371.9993753358
9.876480619115895e-05,1046364.2875111239
9.893861151415678e-05,1050380.4602515951
9.911272269803229e-05,1054403.7006128856
9.928714028103638e-05,1058434.0210325238
9.946186480236717e-05,1062488.141005194
9.96368968021717e-05,1066553.1938551795
9.98122368215475e-05,1070625.4003447134
9.998788540254439e-05,1074714.551048102
0.000100163843088166,1078821.7032069338
0.00010034011042237156,1082936.0830912583
0.0001005166879500776,1087060.918118992
0.00010069357621715955,1091210.4591605072
0.00010087077577045348,1095367.3025230498
0.00010104828715775772,1099531.4610571715
0.00010122611092783472,1103720.6987531336
0.0001014042476304125,1107920.2984357213
0.00010158269781618666,1112127.2885320357
0.00010176146203682173,1116353.6657190279
0.00010194054084495316,1120596.3173221296
0.0001021199347941889,1124846.4351012984
0.00010229964443911113,1129110.6106365833
0.00010247967033527793,1133396.6125199222
0.00010266001303922517,1137690.1568667206
0.00010284067310846798,1141992.7910708862
0.00010302165110150266,1146322.4443544056
0.00010320294757780834,1150659.7169186834
0.00010338456309784869,1155004.6221720537
0.00010356649822307372,1159375.0802769072
0.00010374875351592144,1163756.3854749205
0.00010393132953981966,1168145.4008502176
0.0001041142268591877,1172555.7949988593
0.00010429744603943809,1176981.4400149437
0.00010448098764697844,1181414.8732370825
0.00010466485224921304,1185865.8706217525
0.00010484904041454482,1190336.1654103328
0.00010503355271237685,1194814.3269791922
0.00010521838971311427,1199306.5967631699
0.00010540355198816607,1203821.8540511397
0.00010558904010994669,1208345.0572439479
0.00010577485465187798,1212879.270679121
0.00010596099618839087,1217439.805968519
0.0001061474652949272,1222008.366842532
0.00010633426254794142,1226585.1973827186
0.00010652138852490241,1231191.3289537842
0.00010670884380429534,1235805.5663493476
0.00010689662896562332,1240427.9238339574
0.00010708474458940931,1245081.4010254664
0.00010727319125719786,1249745.7295428026
0.00010746196955155691,1254418.2662990426
0.0001076510800560796,1259104.5107328282
0.00010784052335538606,1263819.28703195
0.00010803030003512522,1268542.3603474789
0.0001082204106819767,1273273.745280424
0.00010841085588365244,1278027.7852934718
0.00010860163622889875,1282801.7560987028
0.00010879275230749791,1287584.1280902447
0.00010898420471027012,1292374.9160524216
0.00010917599402907537,1297198.0107919346
0.0001093681208568151,1302031.735056835
0.00010956058578743419,1306873.9656615905
0.00010975338941592268,1311732.6890518595
0.00010994653233831778,1316618.1344516051
0.00011014001515170548,1321512.1772095435
0.00011033383845422256,1326414.8324552195
0.00011052800284505845,1331344.9021841425
0.00011072250892445695,1336291.13025718
0.00011091735729371811,1341246.0626531523
0.0001111125485552004,1346213.6220482183
0.000111308083312322,1351212.412248541
0.0001115039621695632,1356219.9992701092
0.00011170018573246792,1361236.398593481
0.00011189675460764574,1366277.6187488458
0.00011209366940277378,1371338.2415277543
0.00011229093072659856,1376407.7699402648
0.00011248853918893779,1381488.353674201
0.0001126864954006824,1386602.3969992457
0.0001128847999737983,1391725.439966837
0.00011308345352132839,1396857.4984144564
0.00011328245665739434,1402014.652750244
0.00011348180999719862,1407192.5873006776
0.00011368151415702628,1412379.6339288007
0.00011388156975424686,1417575.8086699566
0.00011408197740731643,1422808.223098955
0.00011428273773577933,1428050.6670145069
0.00011448385136027027,1433302.336530688
0.00011468531890251601,1438574.0223768177
0.00011488714098533754,1443872.2769306938
0.00011508931823265183,1449179.8553002048
0.00011529185126947382,1454496.7738933081
0.00011549474072191832,1459846.151919951
0.00011569798721720203,1465210.057479771
0.00011590159138364537,1470583.402387212
0.00011610555385067447,1475973.9894906469
0.00011630987524882317,1481394.644843801
0.00011651455620973485,1486824.8394122967
0.0001167195973661645,1492264.5899831518
0.00011692499935198061,1497735.3287145626
0.00011713076280216713,1503222.800572738
0.00011733688835282543,1508719.9292292749
0.00011754337664117637,1514233.830229033
0.00011775022830556213,1519779.0112967351
0.00011795744398544826,1525333.9507188932
0.00011816502432142555,1530898.6656681614
0.00011837296995521218,1536495.8286933124
0.00011858128152965562,1542109.8303114744
0.0001187899596887346,1547733.7113938122
0.0001189990050775611,1553373.5408452845
0.00011920841834238236,1559047.0380287936
0.00011941820013058291,1564730.519376183
0.00011962835109068653,1570424.002457483
0.00011983887187235823,1576147.395690761
0.00012004976312640636,1581890.9151820557
0.00012026102550478453,1587644.5420617906
0.0001204726596605936,1593412.7353405333
0.00012068466624808384,1599216.7346004576
0.00012089704592265677,1605030.9476805157
0.00012110979934086735,1610855.3925548873
0.00012132292716042591,1616709.8238251423
0.00012153643004020022,1622585.0692590456
0.00012175030864021751,1628470.653891391
0.00012196456362166652,1634372.0396298338
0.00012217919564689957,1640308.7673225927
0.00012239420537943455,1646255.9424096618
0.00012260959348395697,1652213.5832762604
0.00012282536062632212,1658205.8865203396
0.00012304150747355705,1664217.8253007582
0.0001232580346938626,1670240.3438312109
0.00012347494295661545,1676273.4607298346
0.00012369223293237037,1682350.355486663
0.00012390990529286211,1688438.235187834
0.0001241279607110075,1694536.8282791146
0.00012434639986090752,1700655.5677635982
0.0001245652234178496,1706809.2962277713
0.0001247844320583094,1712973.853962051
0.00012500402645995308,1719149.260023681
0.00012522400730163928,1725355.5771683424
0.00012544437526342136,1731586.592089663
0.0001256651310265494,1737828.5722890294
0.00012588627527347239,1744081.5370630277
0.0001261078086878402,1750378.5117534841
0.00012632973195450588,1756689.0759497767
0.00012655204575952756,1763010.7454141374
0.0001267747507901708,1769348.1119185707
0.00012699784773491054,1775727.76243606
0.00012722133728343329,1782118.6397990366
0.00012744522012663928,1788520.763764393
0.00012766949695664463,1794946.8326887274
0.00012789416846678334,1801407.4260530842
0.00012811923535160956,1807879.3887053458
0.00012834469830689982,1814362.7406530718
0.00012857055802965487,1820879.3184333735
0.00012879681521810223,1827421.6336750966
0.00012902347057169806,1833975.4620180707
0.00012925052479112936,1840540.8237229374
0.00012947797857831633,1847149.7266423872
0.00012970583263641428,1853774.5511047654
0.00012993408766981602,1860411.0338672996
0.00013016274438415386,1867065.9047499737
0.00013039180348630195,1873762.249977721
0.00013062126568437831,1880470.3793671553
0.0001308511316877472,1887190.3136559282
0.00013108140220702112,1893940.8102357208
0.00013131207795406312,1900721.1167579629
0.00013154315964198894,1907513.3551961407
0.00013177464798516946,1914317.5465479253
0.00013200654369923244,1921165.5124598697
0.00013223884750106514,1928030.5914402634
0.00013247156010881637,1934907.7515183229
0.00013270468224189867,1941805.8431097548
0.00013293821462099066,1948744.303987993
0.0001331721579680392,1955694.9751006307
0.0001334065130062616,1962657.8779351176
0.0001336412804601479,1969659.3102954722
0.00013387646105546307,1976688.0054795025
0.0001341120555192493,1983729.0696913656
0.00013434806457982817,1990782.5246979536
0.00013458448896680304,1997877.714986975
0.00013482132941106112,2004999.1488693457
0.00013505858664477588,2012133.114980187
0.0001352962614014093,2019279.6353735912
0.00013553435441571404,2026464.6895385808
0.00013577286642373575,2033679.7812535213
0.00013601179816281545,2040907.5700150547
0.00013625115037159166,2048148.0781673186
0.0001364909237900028,2055425.225516226
0.0001367311191592893,2062735.04804437
0.0001369717372219962,2070057.7343254494
0.00013721277872197517,2077393.3069969693
0.00013745424440438685,2084764.189770121
0.00013769613501570332,2092169.6820450316
0.00013793845130371022,2099588.2064315462
0.00013818119401750914,2107019.7858634447
0.00013842436390751992,2114486.590301705
0.00013866796172548308,2121988.700412329
0.00013891198822446195,2129504.012661663
0.00013915644415884507,2137032.550282698
0.00013940133028434855,2144597.4772817404
0.0001396466473580186,2152197.162520335
0.00013989239613823338,2159810.221609378
0.00014013857738470585,2167436.678084038
0.0001403851918584858,2175101.9434185373
0.0001406322403219623,2182800.170329839
0.00014087972353886614,2190511.9445042443
0.00014112764227427205,2198237.289782092
0.00014137599729460116,2206005.1243211757
0.00014162478936762335,2213802.8687532297
0.0001418740192624596,2221614.3355783285
0.00014212368774958435,2229439.5489450055
0.00014237379560082798,2237312.198859829
0.00014262434358937906,2245210.4460162735
0.00014287533248978689,2253122.592429457
0.00014312676307796373,2261048.662559156
0.00014337863613118733,2269028.3895232435
0.00014363095242810327,2277028.1340171983
0.0001438837127487274,2285041.9563818984
0.00014413691787444822,2293070.9500692748
0.0001443905685880293,2301158.962774422
0.00014464466567361173,2309261.2086838344
0.0001448992099167165,2317377.712844962
0.000145154202104247,2325517.8835291318
0.00014540964302449136,2333709.229404634
0.00014566553346712498,2341914.9903290863
0.0001459218742232128,2350135.191669946
0.000146178666085212,2358389.1534098703
0.00014643590984697428,2366685.611211509
0.00014669360630374835,2374996.6690370184
0.0001469517562521824,2383322.3525793734
0.0001472103604903265,2391690.183447072
0.0001474694198176351,2400092.8527429765
0.00014772893503496972,2408510.308972684
0.00014798890694460104,2416942.578158092
0.0001482493363502116,2425426.5093656736
0.0001485102240568983,2433936.502158234
0.0001487715708711748,2442461.470751417
0.00014903337760097406,2451001.4414994875
0.00014929564505565082,2459605.0319158793
0.00014955837404598418,2468224.8118392657
0.00014982156538417992,2476859.7607655735
0.00015008521988387329,2485515.191856407
0.00015034933836013126,2494230.51164379
0.00015061392162945517,2502961.168564197
0.0001508789705097832,2511707.1896077623
0.000151144485820493,2520481.615952069
0.00015141046838240409,2529308.7161101974
0.0001516769190177805,2538151.3501113337
0.00015194383855033323,2547009.545291781
0.00015221122780522287,2555905.472059885
0.00015247908760906216,2564845.4610065836
0.0001527474187899184,2573801.182456857
0.00015301622217731622,2582772.664096608
0.00015328549860223995,2591793.203106935
0.00015355524889713634,2600848.1172588626
0.00015382547389591707,2609918.966158597
0.00015409617443396128,2619005.777847949
0.00015436735134811825,2628150.523745902
0.00015463900547670991,2637321.54496854
0.0001549111376595335,2646508.7052630507
0.00015518374873786406,2655712.033030816
0.00015545683955445717,2664983.488478767
0.00015573041095355146,2674271.812003318
0.00015600446378087116,2683576.4810271654
0.00015627899888362887,2692907.9005563147
0.00015655401711052824,2702298.2101851734
0.00015682951931176624,2711705.0447874614
0.0001571055063390361,2721128.4334436622
0.00015738197904552982,2730591.028245708
0.00015765893828594091,2740100.861120777
0.0001579363849164669,2749627.429305095
0.00015821431979481202,2759170.762249293
0.00015849274378018998,2768767.0835667932
0.00015877165773332648,2778397.6739382213
0.00015905106251646182,2788045.212126737
0.0001593309589933538,2797709.7279569427
0.00015961134802928024,2807442.3465275518
0.00015989223049104158,2817194.9427339053
0.00016017360724696368,2826964.701462003
0.00016045547916690052,2836764.6437018584
0.00016073784712223677,2846623.1594532314
0.00016102071198589065,2856499.0241225096
0.00016130407463231639,2866392.2682401445
0.00016158793593750722,2876333.0855339332
0.00016187229677899783,2886315.928083771
0.00016215715803586726,2896316.3383405767
0.00016244252058874152,2906334.347219825
0.0001627283853197963,2916425.4084927137
0.00016301475311275977,2926541.5102018258
0.0001633016248529153,2936675.414126048
0.0001635890014271041,2946827.151593541
0.0001638768837237281,2957043.001735451
0.0001641652726327526,2967293.8091902277
0.00016445416904570912,2977562.6559139458
0.00016474357385569792,2987849.573651927
0.0001650334879573911,2998192.9824172114
0.00016532391224703506,3008579.9583504433
0.00016561484762245363,3018985.2131805522
0.0001659062949830504,3029408.779074555
0.00016619825522981173,3039882.54134593
0.00016649072926530964,3050407.164803452
0.00016678371799370444,3060950.30938859
0.00016707722232074757,3071512.0076946407
0.0001673712431537844,3082118.9439991377
0.00016766578140175697,3092782.710499626
0.00016796083797520703,3103465.242990273
0.00016825641378627853,3114166.57449528
0.0001685525097487207,3124909.5315311207
0.00016884912677789075,3135713.953225483
0.0001691462657907567,3146537.388433614
0.0001694439277059003,3157379.8706153063
0.0001697421134435197,3168261.7217830396
0.00017004082392543256,3179208.32761485
0.00017034006007507865,3190174.197174657
0.00017063982281752277,3201159.3643625816
0.0001709401130794577,3212183.01029846
0.00017124093178920704,3223273.346165667
0.00017154227987672792,3234383.198695559
0.00017184415827361415,3245512.6022333656
0.00017214656791309882,3256680.971344488
0.00017244950973005737,3267916.6002625935
0.00017275298466101045,3279172.00152865
0.00017305699364412671,3290447.209937835
0.00017336153761922593,3301763.258939138
0.00017366661752778157,3313145.7612056118
0.00017397223431292406,3324548.294286293
0.00017427838891944343,3335970.8934312067
0.00017458508229379244,3347439.3063738802
0.00017489231538408932,3358975.098954569
0.00017520008914012072,3370531.1921082297
0.00017550840451334502,3382107.6215596157
0.0001758172624568947,3393714.4473058493
0.00017612666392557955,3405405.0720989634
0.00017643660987588976,3417116.2699372396
0.00017674710126599862,3428848.0770249167
0.00017705813905576572,3440600.52962995
0.0001773697242067397,3452443.9573572245
0.00017768185768216136,3464311.8054540697
0.00017799454044696662,3476200.538471884
0.0001783077734677895,3488110.193163742
0.000178621557712965,3500100.116372386
0.0001789358941525323,3512126.1746752323
0.00017925078375823758,3524173.3963157926
0.0001795662275035371,3536241.8185370974
0.0001798822263636002,3548381.9751104647
0.00018019878131531235,3560567.8180393693
0.00018051589333727806,3572775.1054933826
0.00018083356340982398,3585003.8752103667
0.00018115179251500208,3597298.024515958
0.00018147058163659233,3609645.2410640516
0.00018178993176010607,3622014.1861209436
0.0001821098438727889,3634404.8979242477
0.0001824303189636238,3646856.8211616203
0.00018275135802333406,3659367.014997493
0.0001830729620443865,3671899.2241479717
0.00018339513202099452,3684453.4873553915
0.00018371786894912103,3697067.0294709345
0.0001840411738264817,3709741.9044475458
0.00018436504765254787,3722439.0845429967
0.0001846894914285499,3735158.609009614
0.00018501450615747997,3747937.3032202944
0.00018534009284409527,3760778.5064381226
0.00018566625249492145,3773642.307477579
0.0001859929861182551,3786528.7461060784
0.00018632029472416732,3799476.407847961
0.00018664817932450677,3812485.6012855247
0.0001869766409329027,3825517.6881722277
0.0001873056805647681,3838572.7087957347
0.000187635299237303,3851694.2248535254
0.0001879654979694973,3864875.002119961
0.0001882962777821343,3878078.9747870537
0.0001886276396977936,3891306.1836738363
0.00018895958474085425,3904598.729857554
0.00018929211393749803,3917952.807174703
0.00018962522831571265,3931330.384864212
0.00018995892890529478,3944731.5042818007
0.00019029321673785338,3958199.0634027976
0.0001906280928468128,3971728.172608635
0.00019096355826741596,3985281.0902062054
0.00019129961403672763,3998857.858093281
0.00019163626119363762,4012504.4391158214
0.00019197350077886395,4026210.327787369
0.000192311333834956,4039940.3359453953
0.000192649761406298,4053694.5060351333
0.00019298878453911185,4067524.1443356676
0.00019332840428146078,4081408.5759124267
0.00019366862168325233,4095317.4411736922
0.00019400943779624162,4109250.7831176217
0.0001943508536740346,4123267.540741242
0.00019469287037209146,4137332.2946503153
0.0001950354889477297,4151421.7995733405
0.0001953787104601275,4165536.099066906
0.000195722535970327,4179744.064981798
0.00019606696654123746,4193990.9367645606
0.00019641200323763868,4208262.880050495
0.00019675764712618436,4222559.938960187
0.0001971038992754052,4236969.609913046
0.00019745076075571223,4251406.973523979
0.00019779823263940018,4265869.74386371
0.00019814631600065095,4280357.9656427475
0.00019849501191553657,4294947.692400409
0.00019884432146202293,4309577.458649308
0.00019919424571997272,4324232.97021525
0.00019954478577114912,4338914.272404593
0.00019989594269921888,4353688.532871781
0.00020024771758975587,4368512.629758896
0.0002006001115302442,4383362.813944178
0.00020095312561008193,4398239.131335797
0.00020130676092058403,4413202.432682465
0.00020166101855498603,4428222.805540688
0.00020201589960844744,4443269.611101582
0.0002023714051780548,4458342.895881149
0.00020272753636282548,4473499.774789053
0.0002030842942637108,4488718.386423947
0.00020344167998359952,4503963.779620135
0.00020379969462732127,4519236.001507543
0.00020415833930165,4534591.024416157
0.00020451761511530728,4550009.855246653
0.00020487752317896576,4565455.81998219
0.00020523806460525282,4580928.966372747
0.0002055992405087536,4596486.729724912
0.0002059610520060148,4612107.777925549
0.0002063235002155481,4627756.315891346
0.0002066865862578333,4643432.391998515
0.00020705031125532215,4659197.522486027
0.0002074146763324417,4675022.804130568
0.00020777968261559762,4690875.934948245
0.00020814533123317803,4706756.963947761
0.00020851162331555665,4722734.118757295
0.00020887855999509637,4738765.667964084
0.00020924614240615293,4754825.429331618
0.00020961437168507814,4770913.452507373
0.00020998324897022365,4787121.217418839
0.00021035277540194442,4803378.146477709
0.00021072295212260205,4819663.68431854
0.0002110937802765686,4835977.881286785
0.0002114652610102299,4852348.227478748
0.0002118373954719892,4868832.818857445
0.00021221018481227077,4885346.419655991
0.0002125836301835232,4901889.080924875
0.00021295773274022334,4918460.853804423
0.00021333249363887955,4935142.144019984
0.00021370791403803552,4951886.114732138
0.0002140839950982736,4968659.551317309
0.0002144607379822186,4985462.505629248
0.00021483814385454136,5002318.67668719
0.00021521621388196214,5019295.344917318
0.0002155949492332545,5036301.8885192415
0.00021597435107924878,5053338.36006734
0.00021635442059283574,5070404.812228519
0.0002167351589489701,5087586.782363114
0.0002171165673246744,5104828.785536181
0.00021749864689904236,5122101.131014836
0.00021788139885324276,5139403.872195165
0.00021826482437052282,5156773.775654591
0.00021864892463621227,5174255.472558135
0.00021903370083772663,5191767.933577909
0.00021941915416457094,5209311.212852294
0.0002198052858083437,5226885.364614949
0.0002201920969627402,5244590.943884894
0.00022057958882355663,5262346.093223351
0.00022096776258869323,5280132.487896904
0.0002213566194581586,5297950.182890794
0.00022174616063407274,5315848.157126253
0.00022213638732067147,5333848.597245294
0.00022252730072430964,5351880.714359711
0.00022291890205346497,5369944.564214361
0.0002233111925187421,5388040.202652212
0.0002237041733328758,5406288.549426512
0.00022409784571073512,5424569.026128793
0.00022449221086932706,5442881.672632043
0.00022488727002780028,5461226.545548357
0.0002252830244074488,5479682.816559934
0.000225679475231716,5498220.211998915
0.0002260766237261981,5516790.2293619
0.00022647447111864824,5535392.926056626
0.00022687301863898014,5554035.675952146
0.00022727226751927186,5572832.596832557
0.00022767221899376965,5591662.596347261
0.00022807287429889184,5610525.732707707
0.00022847423467323253,5629422.0642277915
0.0002288763013575655,5648420.337067864
0.00022927907559484813,5667512.953841321
0.000229682558630225,5686639.169611765
0.00023008675171103186,5705799.043506366
0.00023049165608679973,5724997.698323898
0.00023089727300925836,5744355.591498327
0.00023130360373234028,5763747.550500508
0.00023171064951218472,5783173.635279145
0.00023211841160714153,5802633.905888441
0.0002325268912777749,5822204.909364314
0.0002329360897868672,5841865.299717968
0.0002333460083994234,5861560.288230905
0.0002337566483826744,5881289.935788619
0.0002341680110060811,5901075.418875532
0.00023458009754133844,5921006.953221349
0.00023499290926237934,5940973.562882945
0.0002354064474453785,5960975.309585507
0.0002358207133687564,5981012.255162851
0.00023623570831318345,6001187.159593441
0.00023665143356158344,6021428.13260841
0.00023706789039913822,6041704.725486251
0.000237485080113291,6062017.000910437
0.00023790300399375073,6082420.681067584
0.00023832166333249603,6102938.784660556
0.000238741059423779,6123492.995808029
0.00023916119356412946,6144083.378051715
0.0002395820670523588,6164722.394566123
0.00024000368118956404,6185520.421214217
0.00024042603727913192,6206355.04802262
0.0002408491366267428,6227226.339399929
0.00024127298054037486,6248134.359868086
0.0002416975703303078,6269188.060421167
0.0002421229073091275,6290305.925815267
0.0002425489927917294,6311460.954218714
0.00024297582809532306,6332653.211030604
0.000243403414539436,6353956.837480229
0.00024383175344591782,6375360.790157846
0.00024426084613894433,6396802.409298365
0.00024469069394502155,6418281.761186853
0.0002451212981929899,6439842.005721915
0.0002455526602140283,6461534.920397238
0.00024598478134165835,6483266.010047912
0.00024641766291174814,6505035.341853879
0.00024685130626251673,6526858.937709516
0.00024728571273453836,6548843.715359725
0.0002477208836707461,6570867.181602846
0.0002481568204164364,6592929.404522673
0.00024859352431927324,6615030.4523228295
0.00024903099672929206,6637302.694471502
0.0002494692389989042,6659621.469949252
0.0002499082524829008,6681979.521785965
0.0002503480385384575,6704376.919099789
0.00025078859852513776,6726927.498896296
0.000251229933804898,6749544.543065105
0.0002516720457420913,6772201.388483151
0.00025211493570347163,6794898.105192275
0.00025255860505819815,6817733.892690762
0.00025300305517783964,6840652.1920794295
0.00025344828743637844,6863610.822863271
0.00025389430321021465,6886609.856017075
0.00025434110387817076,6909737.763978306
0.0002547886908214957,6932960.332449885
0.00025523706542386897,6956223.767766342
0.0002556862290714051,6979528.141844745
0.000256136183152658,7002955.126141848
0.00025658692905862495,7026485.00515962
0.0002570384681827513,7050056.291824312
0.0002574908019209344,7073669.059004689
0.0002579439316715283,7097402.119036873
0.0002583978588353475,7121242.377934205
0.00025885258481567197,7145124.590681878
0.0002593081110182511,7169048.831109864
0.00025976443885130794,7193095.010224656
0.0002602215697255439,7217248.746479066
0.0002606795050541428,7241444.988238154
0.00026113824625277545,7265683.810302674
0.00026159779473960396,7290050.196227216
0.00026205815193528604,7314520.535738757
0.00026251931926297946,7339033.937910232
0.0002629812981483465,7363590.478522885
0.0002634440900195582,7388284.203804752
0.00026390769630729906,7413074.301178727
0.0002643721184447711,7437908.02391934
0.0002648373578676986,7462785.448798076
0.0002653034160143324,7487813.691256173
0.0002657702943254542,7512926.730090348
0.00026623799424438155,7538083.962600335
0.0002667065172169714,7563285.466557716
0.0002671758646916256,7588655.449743829
0.00026764603811929463,7614094.642920392
0.0002681170389534823,7639578.603735926
0.00026858886865025047,7665107.410972081
0.0002690615286682232,7690826.404643692
0.0002695350204685915,7716594.994625847
0.0002700093455151178,7742408.9319162
0.0002704845052741403,7768288.209833911
0.0002709605012145778,7794343.616921507
0.00027143733480793406,7820444.876055179
0.00027191500752830227,7846592.067924907
0.00027239352085236987,7872833.495963282
0.00027287287625942284,7899224.284536718
0.00027335307523135044,7925661.5153572345
0.0002738341192526498,7952145.270153437
0.0002743160098104303,7978756.246633898
0.0002747987483944185,8005485.743874712
0.0002752823364969624,8032262.27941875
0.00027576677561303635,8059085.9360435475
0.0002762520672402455,8086073.90735453
0.00027673821287883035,8113145.471208886
0.00027722521403167176,8140264.675331892
0.0002777130722042952,8167435.208632246
0.00027820178890487546,8194804.064692848
0.0002786913656442416,8222221.08419396
0.0002791818039358813,8249686.35189313
0.00027967310529594555,8277253.225178199
0.0002801652712432537,8304989.64914984
0.00028065830329929777,8332774.883404342
0.0002811522029882472,8360609.013837558
0.0002816469718369538,8388518.893856605
0.0002821426113749563,8416626.52430759
0.000282639123134485,8444783.618286911
0.0002831365086504667,8472990.262839988
0.0002836347694605293,8501251.78534893
0.00028413390710500656,8529734.292787319
0.00028463392312694306,8558266.923458833
0.00028513481907209865,8586849.765569836
0.0002856365964889534,8615482.907481924
0.00028613925692871255,8644332.704403358
0.0002866428019453109,8673244.58099912
0.0002871472330954181,8702207.336427571
0.0002876525519384429,8731221.06022478
0.0002881587600365387,8760441.657369144
0.00028866585895460754,8789736.521652367
0.00028917385026030557,8819082.9387462
0.0002896827355240477,8848480.999372773
0.0002901925163190124,8878102.367917033
0.00029070319422114656,8907809.32898469
0.00029121477080917043,8937568.568066783
0.0002917272476645826,8967380.177161636
0.0002922406263716646,8997299.46061778
0.00029275490851748585,9027422.644917864
0.0002932700956919092,9057598.839697897
0.0002937861894875948,9087828.138245177
0.0002943031915000057,9118110.634011189
0.00029482110332741267,9148599.02034218
0.0002953399265708991,9179196.341446497
0.000295859662834366,9209847.507411981
0.0002963803137245367,9240552.612994276
0.0002969018808509623,9271361.172232054
0.0002974243658260261,9302383.827540072
0.00029794777026494917,9333461.076208152
0.00029847209578579475,9364593.014309151
0.0002989973440094737,9395779.738084985
0.0002995235165597492,9427184.220099024
0.0003000506150632421,9458691.804407341
0.00030057864114943554,9490254.83544895
0.0003011075964506804,9521873.41079846
0.00030163748260220006,9553620.610621346
0.0003021683012420956,9585562.821497904
0.0003027000540113508,9617561.24395927
0.0003032327425538371,9649615.97692602
0.00030376636851631904,9681727.119492827
0.00030430093354845894,9714097.428187406
0.0003048364393028222,9746535.578945965
0.00030537288743488257,9779030.814039394
0.0003059102796030267,9811583.233924136
0.00030644861746856013,9844319.097924978
0.00030698790269571163,9877201.352601258
0.0003075281369516388,9910141.473142063
0.00030806932190643283,9943139.561379163
0.0003086114592331244,9976251.478442382
0.0003091545506076878,10009582.251748536
0.0003096985977090473,10042971.680217832
0.00031024360221908106,10076419.867071042
0.0003107895658226277,10109926.915710596
0.0003113364902074902,10143702.139406396
0.00031188437706444207,10177545.337798843
0.000312433228087232,10211448.093115004
0.00031298304497258964,10245410.51016256
0.0003135338294202301,10279591.746020414
0.00031408558313285995,10313902.849847302
0.00031463830781618205,10348274.334013231
0.00031519200517890104,10382706.304774927
0.0003157466769327283,10417262.349767484
0.0003163023247923877,10452046.013265971
0.00031685895047562057,10486890.888709303
0.0003174165557031911,10521797.083817659
0.0003179751421988916,10556764.706500765
0.0003185347116895481,10592000.093858618
0.0003190952659050252,10627323.065154625
0.00031965680657823186,10662708.197463976
0.0003202193354451267,10698155.600177
0.00032078285424472295,10733790.54283668
0.00032134736471909443,10769596.357139885
0.00032191286861338054,10805465.182158753
0.0003224793676757918,10841397.12877891
0.00032304686365761505,10877442.998588411
0.00032361535831321923,10913736.446071034
0.0003241848534000605,10950093.76240134
0.0003247553506786879,10986515.059975088
0.0003253268519127484,11023000.451385826
0.00032589935886899284,11059769.20277862
0.00032647287331728114,11096619.85256371
0.0003270473970305877,11133535.351755539
0.00032762293178500713,11170515.814475453
0.00032819947935975934,11207720.689364482
0.0003287770415371958,11245069.558746004
0.000329355620102804,11282484.154296149
0.0003299352168452138,11319964.591679182
0.00033051583355620255,11357620.185129095
0.0003310974720307008,11395479.027562564
0.00033168013406679786,11433404.493610164
0.0003322638214657472,11471396.700515466
0.00033284853603197224,11509487.6404138
0.0003334342795730716,11547861.474196106
0.0003340210538998251,11586302.837869193
0.000334608860826199,11624811.850271497
0.000335197702169352,11663388.630450567
0.0003357875797496403,11702244.196472084
0.0003363784953906238,11741206.528762532
0.00033697045091907125,11780237.426577577
0.00033756344816496643,11819337.010578156
0.0003381574889615132,11858654.688821403
0.00033875257514514163,11898143.104947733
0.00033934870855551364,11937701.012395767
0.0003399458910355282,11977328.533455634
0.00034054412443132784,12017120.643926496
0.00034114341059230356,12057140.303698976
0.00034174375137110106,12097230.389670433
0.00034234514862362635,12137391.025776196
0.00034294760420905136,12177669.954378428
0.0003435511199898198,12218226.062567057
0.0003441556978316528,12258853.54099124
0.00034476133960355493,12299552.515247624
0.00034536804717781973,12340330.714346845
0.00034597582243003563,12381428.521052316
0.00034658466723909155,12422598.651269011
0.00034719458348718305,12463841.232271126
0.0003478055730598178,12505156.391556816
0.00034841763784582174,12546776.02229083
0.0003490307797373447,12588494.109425297
0.00034964500062986616,12630285.611634303
0.0003502603024222014,12672150.658112984
0.0003508766870165071,12714297.114754556
0.0003514941563182874,12756568.510095276
0.0003521127122363998,12798914.294216821
0.00035273235668306077,12841334.598027825
0.0003533530915738521,12884020.553964326
0.00035397491882772653,12926850.655344427
0.0003545978403670137,12969756.128710676
0.0003552218581174262,13012737.106701942
0.0003558469740080655,13055975.30421797
0.0003564731899714277,13099369.55639931
0.00035710050794341,13142840.173353765
0.00035772892986331615,13186387.289467307
0.0003583584576738627,13230212.57374598
0.00035898909332118497,13274208.797792425
0.0003596208387548431,13318282.445956089
0.0003602536959278281,13362433.654487155
0.0003608876667965677,13406725.164731551
0.00036152275332093273,13451329.25598411
0.0003621589574642427,13496011.841072537
0.00036279628119327236,13540773.058129512
0.00036343472647825753,13585613.045530781
0.0003640742952929012,13630763.381020801
0.00036471498961437973,13676060.859542826
0.0003653568114233488,13721438.052116755
0.0003659997627039497,13766895.099022556
0.00036664384544381537,13812544.395725725
0.0003672890616340765,13858464.253090162
0.00036793541326936774,13904464.919762565
0.0003685829023478342,13950546.537950385
0.00036923153087113696,13996709.250111269
0.00036988130084445966,14043251.877362616
0.00037053221427651474,14089882.137528846
0.0003711842731795495,14136594.457162835
0.00037183747956935224,14183388.98067202
0.00037249183546525895,14230458.459321387
0.0003731473428901588,14277726.81101774
0.00037380400387050124,14325078.34508897
0.0003744618204363016,14372513.207918607
0.0003751207946211477,14420114.478993647
0.0003757809284622059,14468027.143060843
0.00037644222400022787,14516024.123357428
0.0003771046832795561,14564105.568262253
0.0003777683083481312,14612271.626415305
0.0003784331012574973,14660817.174086785
0.00037909906406280913,14709465.890274549
0.00037976619882283783,14758200.217988886
0.0003804345075999778,14807020.307888122
0.0003811039924602525,14856131.175831335
0.0003817746554733214,14905437.97600324
0.000382446498712486,14954831.545791369
0.0003831195242546966,15004312.03789203
0.00038379373418055815,15054003.65448148
0.0003844691305743374,15103974.94572078
0.00038514571552396857,15154034.175941072
0.0003858234911210606,15204181.499896504
0.00038650245946090286,15254469.353836957
0.0003871826226424723,15305111.602793593
0.00038786398276843955,15355842.97147594
0.0003885465419451753,15406663.616715994
0.00038923030228275727,15457573.695621764
0.0003899152658949762,15508882.991972977
0.000390601434899343,15560293.03741075
0.00039128881141709486,15611793.553734843
0.0003919773975732016,15663384.700155009
0.0003926671954963728,15715324.402617909
0.00039335820731906416,15767419.723974718
0.00039405043517748396,15819606.722159581
0.0003947438812115997,15871885.558504464
0.0003954385475651449,15924471.371949349
0.0003961344363856256,15977258.6298813
0.00039683154982432674,16030138.782304402
0.00039752989003631953,16083111.992693463
0.0003982294591804673,16136360.415272133
0.0003989302594194326,16189847.640339036
0.00039963229291968387,16243428.99169229
0.000400335561851502,16297104.634974394
0.0004010400683889872,16351026.607454294
0.0004017458147100656,16405220.55412372
0.0004024528029964961,16459509.870761156
0.0004031610354338768,16513894.72519769
0.0004038705142116523,16568506.365171725
0.00040458124152312,16623413.845578982
0.000405293219565437,16678417.951623794
0.0004060064505396271,16733518.853347009
0.00040672093665058723,16788836.359457824
0.0004074366801070947,16844464.24386861
0.0004081536831218136,16900190.021676745
0.000408871947911302,16956013.865154076
0.00040959147669601854,17012053.517737795
0.00041031227170032947,17068408.73501459
0.00041103433515251534,17124863.125641886
0.0004117576692847783,17181416.86414396
0.0004124822763332481,17238195.025878347
0.00041320815853799055,17295284.563950304
0.0004139353181430126,17352474.56762318
0.0004146637573962707,17409765.213695344
0.00041539347854967706,17467298.330252834
0.00041612448385910673,17525129.23658954
0.00041685677558440476,17583061.913179666
0.00041759035598939304,17641096.539117496
0.00041832522734187714,17699401.139822572
0.0004190613919136537,17757980.52191125
0.0004197988519805171,17816662.99141352
0.00042053760982226686,17875448.729741603
0.00042127766772271405,17934541.428233106
0.00042201902796968927,17993876.45405996
0.0004227616928550488,18053315.897074748
0.00042350566467468234,18112859.941029787
0.00042425094572851995,18172757.43592796
0.00042499753832053874,18232855.334462997
0.00042574544475877066,18293058.992681768
0.0004264946673553093,18353368.59669911
0.00042724520842631666,18414087.672277458
0.00042799707029203126,18474955.733963367
0.0004287502552767744,18535930.910658464
0.00042950476570895776,18597033.63318084
0.0004302606039210905,18658570.917724643
0.0004310177722497867,18720216.494969353
0.0004317762730357721,18781970.555487376
0.0004325361086238919,18843925.389861125
0.00043329728136311756,18906246.225947324
0.00043405979360655426,18968676.733620632
0.00043482364771144826,19031217.10588002
0.0004355888460391938,19094041.073712893
0.00043635539095534116,19157152.9260374
0.00043712328482960287,19220375.841971517
0.0004378925300358623,19283710.016963888
0.00043866312895218,19347420.22808274
0.0004394350839608014,19411330.62469687
0.0004402083974481643,19475353.490190916
0.0004409830718049059,19539499.83025909
0.00044175910942587077,19604102.675632924
0.0004425365127101176,19668819.208451096
0.00044331528406092713,19733649.628779642
0.00044409542588580924,19798713.312289074
0.0004448769405965106,19864128.520567924
0.00044565983060902193,19929658.845879268
0.0004464440983435857,19995304.49080491
0.00044722974622470355,20061302.872078635
0.0004480167766811436,20127538.15087867
0.00044880519214594806,20193889.98986314
0.00044959499505644094,20260363.80583354
0.00045038618785423536,20327309.118371777
0.00045117877298524113,20394372.240604755
0.0004519727528996725,20461553.37985281
0.0004527681300520552,20528993.421056833
0.000453564906901235,20596772.94771716
0.0004543630859103841,20664671.752113942
0.00045516266954700974,20732690.04415094
0.00045596366028296154,20801113.914789893
0.00045676606059443864,20869735.546762858
0.0004575698729619982,20938477.938400824
0.00045837509987056246,21007417.04492619
0.0004591817438094265,21076766.69933149
0.00045998980727226624,21146238.394568417
0.00046079929275714575,21215832.34540322
0.00046161020276652524,21285787.24567413
0.0004624225398072687,21355993.48118802
0.000463236306390652,21426323.264936477
0.00046405150503236987,21496819.322587386
0.0004648681382525444,21567765.367931474
0.00046568620857573236,21638836.263420075
0.00046650571853093335,21710032.228763238
0.0004673266706515976,21781576.326232508
0.0004681490674756333,21853393.6454178
0.0004689729115454153,21925337.348006632
0.0004697982054077921,21997448.72991505
0.0004706249516140943,22070017.818082355
0.0004714531527201424,22142714.612608783
0.0004722828112862544,22215539.33823073
0.000473113929877254,22288731.29178862
0.0004739465110624785,22362186.566532053
0.0004747805574157867,22435771.107136946
0.00047561607151556674,22509556.68077033
0.0004764530559447443,22583775.857799392
0.00047729151329079037,22658125.64499754
0.00047813144614572943,22732606.27221124
0.0004789728571061474,22807505.239136636
0.00047981574877319945,22882625.738590717
0.0004806601237526185,22957878.43435211
0.00048150598465472285,23033397.5686188
0.0004823533340944245,23109294.28024891
0.0004832021746912371,23185324.55415681
0.0004840525090692839,23261488.62538404
0.0004849043398573065,23338155.029943477
0.00048575766968867216,23414969.215490237
0.00048661250120138246,23491918.57787624
0.0004874688370380813,23569229.771073397
0.0004883266798460631,23646833.48814975
0.0004891860322772807,23724573.771475084
0.0004900468969883542,23802541.71983935
0.0004909092766405788,23880940.625407342
0.0004917731738999327,23959477.496589098
0.0004926385914370858,24038152.57617514
0.0004935055319274079,24117368.424771104
0.0004943739980509769,24196768.13357508
0.000495243992492587,24276307.569196396
0.0004961155179417569,24356016.926506635
0.0004969885770927384,24436292.896857325
0.000497863172644525,24516710.13606171
0.0004987393073008593,24597268.892723314
0.0004996169837702424,24678058.74812233
0.0005004962047659414,24759360.370327592
0.0005013769730059982,24840805.066318467
0.0005022592912132383,24922393.087874785
0.0005031431621152785,25004284.861329515
0.0005040285884445354,25086622.15324698
0.0005049155729382346,25169104.341511317
0.0005058041183384182,25251731.681109678
0.0005066942273919539,25334746.879053146
0.0005075859028505435,25418129.97000325
0.0005084791474707309,25501659.79768696
0.000509373964013911,25585336.620330118
0.0005102703552463384,25669496.83811707
0.0005111683239391353,25753935.97158101
0.0005120678728683011,25838523.70019167
0.0005129690048147198,25923260.285445277
0.0005138717225641694,26008587.210012536
0.0005147760289073304,26094092.746485956
0.0005156819266397942,26179748.75475148
0.0005165894185620719,26265640.5915638
0.0005174985074796025,26352070.912359413
0.0005184091962027626,26438653.332373377
0.0005193214875468745,26525388.119268406
0.0005202353843322145,26612485.423404172
0.0005211508893840218,26700001.32112038
0.0005220680055325079,26787671.22844241
0.0005229867356128647,26875495.41639482
0.0005239070824652734,26963820.09744772
0.0005248290489349135,27052432.283631805
0.0005257526378719712,27141200.408659253
0.0005266778521316483,27230137.109915316
0.0005276046945741716,27319698.816318095
0.0005285331680648012,27409418.132520456
0.000529463275473839,27499295.335882556
0.0005303950196766386,27589506.183205053
0.0005313284035536133,27680206.401477266
0.0005322634299902454,27771066.23309093
0.0005332001018770949,27862085.95893199
0.0005341384221098089,27953529.203435488
0.0005350783935891301,28045378.577169564
0.0005360200192209056,28137389.586517423
0.0005369633019160965,28229562.515923798
0.0005379082445907866,28322262.8037868
0.0005388548501661913,28415272.064860918
0.0005398031215686666,28508445.002707005
0.0005407530617297187,28601781.905361835
0.000541704673586012,28695763.991736785
0.0005426579600793793,28789943.960998654
0.0005436129241568301,28884289.667233117
0.0005445695687705604,28978896.08562162
0.0005455278968779612,29074090.15200914
0.0005464879114416278,29169451.73996731
0.0005474496154293691,29264981.14429888
0.0005484130118142169,29360914.458675016
0.0005493781035744345,29457299.049551502
0.0005503448936935272,29553853.2570718
0.0005513133851602496,29650577.379725557
0.0005522835809686163,29747862.644729216
0.000553255484117911,29845448.832534093
0.0005542290976126951,29943206.75154105
0.0005552044244628178,30041173.69779264
0.0005561814676834243,30139799.086592074
0.0005571602302949668,30238598.035369154
0.0005581407153232122,30337570.84955303
0.000559122925799252,30436935.35974289
0.0005601068647595125,30536782.615644127
0.0005610925352457627,30636805.5817526
0.0005620799403051249,30737004.56728136
0.0005630690829900836,30837792.002439514
0.0005640599663584951,30938872.454895496
0.0005650525934735967,31040130.787725713
0.0005660469674040165,31141657.832274113
0.0005670430912237828,31243803.150012624
0.0005680409680123334,31346128.22206472
0.0005690406008545254,31448633.364760242
0.0005700419928406443,31551629.475640934
0.0005710451470664143,31655028.72367661
0.0005720500666330071,31758609.93267991
0.0005730567546470519,31862383.368637964
0.000574065214220645,31966864.274512913
0.0005750754484713592,32071529.044846196
0.0005760874605222536,32176378.00320066
0.0005771012535018833,32281666.985918514
0.000578116830544309,32387422.85803197
0.0005791341947891066,32493364.838276643
0.0005801533493813772,32599493.254163798
0.0005811742974717559,32706323.659482937
0.0005821970422164237,32813366.26110151
0.0005832215867771145,32920597.2352251
0.0005842479343211265,33028263.867746703
0.000585276088021332,33136414.73624461
0.0005863060510561866,33244755.92756455
0.0005873378266097395,33353287.776634753
0.0005883714178716429,33462542.860669177
0.0005894068280371624,33572001.97450764
0.0005904440603071865,33681653.71340526
0.0005914831178882365,33791783.36457049
0.0005925240039924767,33902368.15287271
0.0005935667218377237,34013147.547184795
0.0005946112746474575,34124173.871633075
0.0005956576656508302,34235947.42803676
0.0005967058980826766,34347917.68243259
0.0005977559751835243,34460084.98096775
0.0005988079001996033,34572648.09466561
0.0005998616763828564,34685817.432734355
0.0006009173069909496,34799185.92507794
0.0006019747952872806,34912753.922166064
0.0006030341445409913,35026883.04775699
0.0006040953580269756,35141461.02053793
0.0006051584390258911,35256240.626495056
0.0006062233908241683,35371222.220460415
0.0006072902167140214,35486946.701857984
0.0006083589199934582,35602946.26751539
0.0006094295039662899,35719149.96805399
0.0006105019719421423,35835679.53801767
0.0006115763272364651,35952907.464101665
0.0006126525731705426,36070341.686723314
0.0006137307130715037,36187982.56892117
0.0006148107502723326,36306160.97077076
0.0006158926881118782,36424834.181244984
0.0006169765299348665,36543716.231653966
0.0006180622790919081,36662807.4895121
0.0006191499389395106,36782664.39321845
0.0006202395128400882,36902796.1431337
0.0006213310041619721,37023139.29970687
0.0006224244162794215,37143869.401972935
0.0006235197525726333,37265259.43359782
0.0006246170164277528,37386863.086192235
0.0006257162112368841,37508680.73568427
0.0006268173403981011,37631143.372206815
0.0006279204073154572,37754016.16940909
0.0006290254153989964,37877105.196937025
0.0006301323680647636,38000485.36796096
0.0006312412687348153,38124636.00992221
0.0006323521208372297,38249005.13094756
0.0006334649278061189,38373593.11551436
0.0006345796930816367,38498760.20934264
0.000635696420109992,38624418.1912688
0.0006368151123434578,38750297.30486098
0.0006379357732403824,38876426.51125442
0.0006390584062652004,39003382.17371387
0.0006401830148884426,39130561.251484625
0.0006413096025867475,39257964.1377307
0.0006424381728428718,39385935.01728833
0.0006435687291457009,39514422.94700201
0.0006447012749902602,39643136.988495655
0.0006458358138777252,39772114.805126615
0.000646972349315433,39901920.52745003
0.0006481108848168931,40031954.68059173
0.0006492514239017976,40162217.666541986
0.0006503939700960326,40293163.13337294
0.0006515385269316894,40424645.266880326
0.0006526850979470745,40556358.7813377
0.0006538336866867215,40688304.08392697
0.0006549842967014015,40820877.80662969
0.000656136931548134,40954051.44062909
0.0006572915947901984,41087459.43226422
0.0006584482899971447,41221102.19395531
0.0006596070207448043,41355341.852170475
0.0006607677906153017,41490222.20119591
0.0006619306031970648,41625339.9113172
0.0006630954620848367,41760695.40024002
0.0006642623708796862,41896638.74446411
0.0006654313331890194,42033241.14909437
0.0006666023526265908,42170083.94527679
0.000667775432812514,42307167.55605005
0.0006689505773732737,42444852.41054319
0.0006701277899417359,42583192.33825221
0.0006713070741571596,42721775.71518913
0.0006724884336652095,42860602.96977363
0.0006736718721179645,43000067.23540504
0.0006748573931739306,43140160.28142125
0.0006760450004980523,43280499.86178558
0.0006772346977617238,43421086.410346754
0.0006784264886427995,43562368.067373924
0.0006796203768256068,43704229.95554778
0.0006808163660009561,43846341.49086057
0.0006820144598661534,43988703.11263887
0.0006832146621250109,44131840.22342425
0.0006844169764878586,44275486.80710509
0.0006856214066715564,44419386.17861426
0.0006868279563995047,44563538.78280528
0.0006880366294016562,44708569.49447309
0.0006892474294145277,44854016.7573938
0.0006904603601812117,44999719.97696026
0.0006916754254513874,45145679.60360241
0.0006928926289813329,45292642.1506388
0.0006941119745339365,45439906.20780968
0.0006953334658787082,45587429.418802775
0.0006965571067917918,45735309.766531155
0.0006977829010559761,45884144.94647357
0.0006990108524607072,46033242.0450844
0.0007002409648020992,46182601.5232855
0.0007014732418829472,46332483.77338353
0.0007027076875127383,46483165.12616916
0.0007039443055076629,46634111.646499805
0.0007051830996906278,46785323.801014654
0.0007064240738912671,46937315.14229337
0.000707667231945954,47089982.75448038
0.0007089125776978133,47242919.029611915
0.0007101601149967328,47396124.44047836
0.000711409847699375,47549815.53352393
0.0007126617796691895,47704487.24929782
0.0007139159147764248,47859431.15481777
0.0007151722568981405,48014647.729080625
0.0007164308099182184,48170137.451926105
0.0007176915777273755,48326777.99979391
0.0007189545642231756,48483747.551921815
0.0007202197733100415,48640993.33750536
0.0007214872088992666,48798515.84265742
0.0007227568749090278,48956954.91032763
0.0007240287752643968,49115968.266917735
0.0007253029138973529,49275261.45363024
0.0007265792947467947,49434834.96290735
0.0007278579217585523,49595118.4047675
0.0007291387988854,49756193.86634756
0.0007304219300870678,49917552.786921844
0.0007317073193302542,50079195.665318675
0.0007329949705886382,50241369.430910915
0.0007342848878428916,50404525.441728584
0.0007355770750806913,50567968.572870284
0.0007368715362967319,50731699.329607554
0.0007381682754927377,50895809.46493112
0.000739467296677475,51061064.614007376
0.0007407686038667649,51226610.57745029
0.0007420722010834956,51392447.86703212
0.0007433780923576344,51558576.995425664
0.000744686281726241,51725913.53804064
0.0007459967732334787,51893581.10160962
0.0007473095709306287,52061543.72488831
0.0007486246788761008,52229801.92711982
0.0007499421011354467,52399174.90710318
0.0007512618417813735,52568982.985784225
0.0007525839048937536,52739089.89103205
0.0007539082945596422,52909496.14871888
0.000755235014873284,53080951.95742267
0.0007565640699361297,53252919.61444081
0.000757895463856848,53425189.898430295
0.0007592292007513375,53597763.34195106
0.0007605652847427402,53771348.47274319
0.0007619037199614537,53945494.920647494
0.0007632445105451448,54119947.82973769
0.0007645876606387611,54294707.73932108
0.0007659331743945445,54470468.78891428
0.0007672810559720446,54646813.39067097
0.0007686313095381301,54823468.32190283
0.0007699839392670032,55000434.128724515
0.0007713389493402114,55178417.798510335
0.0007726963439466608,55356980.068602905
0.0007740561272826295,55535856.57080131
0.0007754183035517798,55715047.85808803
0.000776782876965172,55895300.95547577
0.0007781498517412761,56076100.56101313
0.0007795192321059869,56257218.335896984
0.0007808910222926349,56438654.840038516
0.0007822652265420008,56621224.07241731
0.0007836418491023286,56804280.58418276
0.0007850208942293372,56987659.23697575
0.0007864023661862357,57171360.59769692
0.0007877862692437351,57356292.861462
0.0007891726076800621,57541626.18829849
0.0007905613857809719,57727285.66287904
0.0007919526078397624,57913313.597598106
0.0007933462781572859,58100614.255958356
0.0007947424010419642,58288244.52415312
0.0007961409808098001,58476204.9822265
0.0007975420217843926,58664682.15185522
0.0007989455282969482,58854295.96565209
0.0008003515046862968,59044243.459951416
0.0008017599552989026,59234525.22196077
0.000803170884488879,59425498.910801455
0.0008045842966180021,59617446.28521592
0.0008060001960557232,59809731.446709566
0.0008074185871791833,60002354.989716716
0.0008088394743732265,60195872.602170005
0.0008102628620304123,60390174.10165342
0.0008116887545510314,60584817.530981936
0.0008131171563431174,60779803.49188019
0.0008145480718224613,60975912.54760984
0.0008159815054126246,61172588.89703414
0.000817417461544954,61369611.35554079
0.0008188559446585941,61567006.291370414
0.0008202969592005013,61765728.66753783
0.000821740509625458,61964800.753365055
0.0008231866003960858,62164223.1642677
0.0008246352359828598,62364296.569829024
0.0008260864208641222,62565431.48606991
0.000827540159526096,62766920.35753465
0.0008289964564628991,62968763.80711009
0.000830455316176558,63171563.50375329
0.0008319167431770221,63375132.13600152
0.0008333807419821771,63579059.00630283
0.000834847317117859,63783344.74508092
0.0008363164731178691,63988918.674760826
0.0008377882145239865,64194942.36382599
0.0008392625458859831,64401328.61132878
0.0008407394717616375,64608340.301345825
0.0008422189967167491,64816474.282013044
0.0008437011253251514,65024974.53478794
0.0008451858621687288,65233841.70423271
0.0008466732118374271,65443872.06636867
0.0008481631789292696,65654751.351914786
0.0008496557680503718,65866001.7407289
0.0008511509838149548,66077623.8858748
0.0008526488308453592,66289783.388453946
0.000854149313772061,66503431.662185304
0.0008556524372336838,66717455.91202247
0.0008571582058770147,66931856.799604446
0.0008586666243570184,67146634.98773463
0.0008601776973368509,67362650.84187604
0.0008616914294878747,67579472.85651052
0.0008632078254896727,67796676.43236847
0.0008647268900300629,68014262.24091755
0.0008662486278051134,68232545.07473099
0.0008677730435191555,68452188.93797864
0.0008693001418847996,68672219.32831085
0.0008708299276229494,68892636.92593414
0.0008723624054628166,69113442.41225213
0.0008738975801419344,69335775.90122408
0.0008754354564061742,69558698.33563843
0.0008769760390097582,69782013.0667343
0.0008785193327152759,70005720.78487144
0.000880065342293697,70230301.7215174
0.000881614072524388,70456140.96865535
0.0008831655281951254,70682377.64545281
0.0008847197141021117,70909012.45130251
0.0008862766350499895,71136046.08682805
0.0008878362958518563,71364689.30366006
0.0008893987013292799,71593872.92420246
0.0008909638563123132,71823459.85979937
0.0008925317656395088,72053450.82020062
0.0008941024341579342,72284497.2189054
0.0008956758667231864,72516676.78424309
0.0008972520681994077,72749264.93686914
0.0008988310434593001,72982262.39581142
0.0009004127973841402,73215676.24960919
0.0009019973348637953,73450877.43067628
0.0009035846607967371,73686492.51644102
0.0009051747800900584,73922522.23528881
0.0009067676976594867,74158967.31688677
0.0009083634184294004,74396620.87972291
0.0009099619473328439,74635288.81082352
0.0009115632893115427,74874376.74737398
0.0009131674493159186,75113885.42849573
0.0009147744323051049,75354053.73305559
0.0009163842432469624,75595800.61926031
0.0009179968871180942,75837972.92922942
0.000919612368903861,76080571.4116195
0.0009212306935983966,76323596.81640445
0.0009228518662046235,76568175.33481596
0.0009244758917342684,76813458.37334202
0.0009261027752078775,77059173.05851814
0.0009277325216548323,77305320.1499518
0.0009293651361133646,77552560.95131667
0.000931000623630573,77800981.27447836
0.0009326389892624372,78049838.76525237
0.0009342802380738348,78299134.19296195
0.0009359243751385565,78549106.07034624
0.0009375714055393218,78800690.4366962
0.0009392213343677947,79052717.5387102
0.0009408741667245993,79305188.1555101
0.0009425299077193359,79558103.06758878
0.0009441885624705964,79812735.2804146
0.0009458501361059801,80067959.00369276
0.0009475146337621116,80323631.86713918
0.0009491820605846529,80579754.66114615
0.0009508524217283216,80837265.84954503
0.0009525257223569072,81095713.4100613
0.0009542019676432857,81354615.78402239
0.0009558811627694366,81613973.7718045
0.0009575633129264587,81874486.31001234
0.0009592484233145859,82136303.55761509
0.0009609364991432032,82398581.54860449
0.0009626275456308636,82661321.09379213
0.0009643215680053032,82924523.00541656
0.0009660185715034579,83189626.57127622
0.0009677185613714796,83455308.36484264
0.0009694215428647522,83721457.7025852
0.000971127521247908,83988075.40728353
0.0009728365017948442,84255845.68998949
0.0009745484897887384,84524959.67746663
0.0009762634905220662,84794547.24906065
0.0009779815092966163,85064609.23818015
0.0009797025514235076,85335146.47970033
0.0009814266222232053,85607699.47917432
0.000983153727025538,85880753.93347386
0.0009848838711697132,86154288.90628454
0.0009866170600043344,86428305.2432181
0.0009883532988874174,86703692.31717412
0.0009900925931864075,86980242.5120185
0.0009918349482781947,87257279.37714338
0.0009935803695491322,87534803.76898639
0.0009953288623950512,87813103.29977033
0.000997080432221279,88093178.30342138
0.0009988350844426547,88373746.18027641
0.001000592824483547,88654807.7976889
0.0010023536577778694,88936364.02453849
0.001004117589769099,89219727.19556834
0.0010058846259102913,89503855.4158118
0.0010076547716640991,89788483.6420696
0.0010094280325027875,90073612.75424722
0.0010112044139082516,90360055.6521608
0.001012983921372034,90647773.76115292
0.0010147665603953409,90935998.19360982
0.0010165523364890597,91224729.84055446
0.0010183412551737756,91514330.71940483
0.001020133321979789,91805668.47767648
0.0010219285424471326,92097518.92923565
0.0010237269221255879,92389882.97631487
0.0010255284665747033,92682761.5227345
0.0010273331813638108,92977707.41746184
0.0010291410720720431,93273213.91805756
0.0010309521442883511,93569240.44805208
0.001032766403611521,93865787.9225879
0.0010345838556501917,94164059.03005356
0.0010364045060228721,94463251.82814234
0.001038228360357959,94762971.14273953
0.001040055424293753,95063217.90040362
0.001041885703478478,95364892.36925445
0.0010437192035702965,95667801.93331692
0.0010455559302373289,95971244.55461551
0.0010473958891576705,96275221.17121917
0.0010492390860194082,96580377.09995338
0.0010510855265206394,96887034.12000537
0.001052935216369488,97194230.79202929
0.0010547881612841242,97501968.06569932
0.00105664436699278,97810683.50498372
0.0010585038392337681,98121118.89409825
0.001060366583755499,98432100.5843208
0.001062232606316502,98743629.53702702
0.0010641019126854364,99056029.23147659
0.0010659745086411148,99370548.44012651
0.0010678503999725193,99685621.13654965
0.0010697295924788196,100001248.29476823
0.0010716120919693902,100317430.89051867
0.001073497904263829,100634946.38051474
0.0010753870351919753,100954142.9098267
0.001077279490593928,101273901.15801421
0.0010791752763200627,101594222.11358453
0.0010810743982310506,101915106.76678456
0.001082976862197877,102237864.66451198
0.0010848826741018582,102561787.11797756
0.001086791839834661,102886279.606953
0.0010887043652983196,103211343.13458106
0.0010906202564052551,103536985.59064487
0.0010925395190782932,103865105.59707457
0.0010944621592506821,104193803.02582602
0.0010963881828661118,104523078.89304127
0.0010983175958787315,104852934.2166506
0.0011002504042531688,105184056.45688553
0.0011021866139645472,105516992.46613374
0.0011041262309985063,105850514.3728576
0.0011060692613512181,106184623.20811361
0.0011080157110294067,106519320.0047727
0.0011099655860503674,106856048.47253753
0.0011119188924419844,107193850.35503235
0.0011138756362427493,107532246.69791806
0.0011158358235017808,107871238.54732014
0.0011177994602788422,108211172.04646355
0.0011197665526443614,108553288.07892261
0.0011217371066794483,108896006.1637708
0.0011237111284759145,109239327.36049382
0.001125688624136292,109583252.73044199
0.001127669599773852,109929029.25031735
0.0011296540615126239,110276103.55141357
0.0011316420154874134,110623788.63041067
0.0011336334678438234,110972085.56214955
0.0011356284247382705,111321276.04954635
0.001137626892338006,111672741.2827443
0.001139628876821134,112024825.02096173
0.0011416343843766315,112377528.3526377
0.0011436434212043654,112730852.36812647
0.0011456559935151141,113086122.26397163
0.0011476721075305858,113442639.68197793
0.0011496917694834368,113799784.49578828
0.0011517149856172923,114157557.80948755
0.0011537417621867642,114516449.89380454
0.0011557721054574724,114877436.25743008
0.0011578060217060614,115239057.88126573
0.0011598435172202226,115601315.88323595
0.001161884598298712,115964211.38323283
0.0011639292712513696,116329418.8936643
0.0011659775423991405,116695552.90276481
0.001168029418074092,117062331.23085064
0.0011700849046194352,117429755.01178789
0.0011721440083895442,117798792.24767455
0.0011742067357499752,118169474.46629322
0.001176273093077486,118540809.00779107
0.0011783430867600567,118912797.0201194
0.001180416723196909,119285778.6429539
0.0011824940087985251,119661150.0049993
0.0011845749499866695,120037181.94183177
0.0011866595531944064,120413875.61592428
0.0011887478248661207,120791232.19179533
0.0011908397714575408,121170580.66340385
0.001192935399435753,121551351.68729272
0.0011950347152792245,121932792.78823988
0.0011971377254778245,122314905.14544028
0.0011992444365328423,122697979.67023464
0.0012013548549570081,123083560.86666742
0.0012034689872745133,123469820.60505225
0.00120558684002103,123856760.07948044
0.0012077084197437329,124244380.48614489
0.001209833733001317,124633955.43195161
0.0012119627863640201,125025072.96302994
0.0012140955864136417,125416878.77884693
0.0012162321397435646,125809374.09063925
0.0012183724529587737,126202754.44026242
0.001220516532675878,126598769.31628351
0.00122266438552313,126995481.09534213
0.0012248160181404463,127392891.00384133
0.001226971437179429,127791000.27034238
0.001229130649303385,128191129.59842618
0.0012312936611873478,128592787.3673487
0.0012334604795180967,128995151.96961552
0.0012356311109941796,129398224.64910503
0.0012378055623259313,129802374.25563139
0.0012399838402354956,130209018.45317826
0.0012421659514568462,130616378.25913687
0.0012443519027358074,131024454.93282786
0.001246541700830074,131433249.73578796
0.0012487353525092331,131844395.76480551
0.0012509328645547856,132256791.70492743
0.0012531342437601654,132669913.37532051
0.001255339496930762,133083762.05311759
0.001257548630883941,133499141.3020786
0.0012597616524490647,133916614.73537163
0.0012619785684675141,134334822.83425775
0.0012641993857927093,134753766.8915941
0.0012664241112901313,135173477.68744606
0.0012686527518373423,135596070.40976474
0.0012708853143240083,136019406.80655038
0.0012731218056519192,136443488.1865139
0.0012753622327350107,136868315.86066934
0.0012776066024993854,137295382.45395005
0.001279854921883335,137723889.46431115
0.0012821071978373606,138153150.55704448
0.0012843634373241946,138583167.05917662
0.0012866236473188229,139014926.45643586
0.0012888878348085054,139449043.1422238
0.0012911560067927984,139883923.7822349
0.0012934281702835758,140319569.72086823
0.0012957043323050508,140755982.30488873
0.0012979844998937983,141194017.37996578
0.0013002686800987757,141634558.39771718
0.0013025568799813448,142075874.67516714
0.0013048491066152944,142517967.5766101
0.0013071453670868614,142960838.4687411
0.0013094456684947533,143405326.25922754
0.0013117500179501695,143852354.0418278
0.0013140584225768237,144300168.49947083
0.001316370889510966,144748771.01653966
0.0013186874259014047,145198162.9798534
0.0013210080389095284,145649279.8098398
0.0013233327357093283,146102857.3285542
0.0013256615234874202,146557233.04847193
0.0013279944094430674,147012408.37425947
0.0013303314007882018,147468384.71305528
0.0013326725047474457,147926306.20289266
0.001335017728558139,148386496.97180092
0.0013373670794703536,148847497.57984442
0.0013397205647469224,149309309.45216987
0.0013420781916634581,149771934.0164321
0.0013444399675083777,150236835.09250045
0.0013468058995829244,150703703.17296508
0.001349175995201189,151171392.8432313
0.001351550261690135,151639905.54912457
0.0013539287063896188,152109242.73901498
0.0013563113366524134,152581297.64346796
0.0013586981598442322,153054907.64864096
0.0013610891833437495,153529351.10798752
0.0013634844145426251,154004629.48821208
0.0013658838608455264,154480744.25859997
0.0013682875296701512,154960126.559092
0.001370695428447252,155440543.6584578
0.0013731075646206564,155921806.1910538
0.0013755239456472923,156403915.64466503
0.0013779445789972105,156887322.20667008
0.001380369472153607,157373756.1090804
0.0013827986326128468,157861046.033031
0.001385232067884487,158349193.48494017
0.0013876697854913,158838199.97387698
0.0013901117929692964,159329261.32461622
0.0013925580978677492,159822622.1575872
0.0013950087077492159,160316851.20204195
0.0013974636301895627,160811949.98585045
0.001399922872777988,161307920.0395713
0.0014023864431170453,161806807.67923346
0.001404854348822667,162307162.19139656
0.0014073265975241879,162808397.2224504
0.0014098031968643695,163310514.32192346
0.001412284154499422,163813883.95969293
0.0014147694780990293,164320468.54274195
0.0014172591753463725,164827944.60829854
0.0014197532539381534,165336313.72518465
0.0014222517215846183,165845577.46498328
0.0014247545860095819,166356895.79660457
0.0014272618549504513,166870657.44376093
0.0014297735361582498,167385323.2035509
0.0014322896373976407,167900894.66702285
0.0014348101664469518,168417373.42802507
0.0014373351310981988,168936816.08130214
0.0014398645391571097,169457823.3948762
0.0014423983984431493,169979747.57193547
0.0014449367167895428,170502590.22596717
0.0014474795020433,171026712.81844017
0.0014500267620652404,171554200.56745437
0.0014525785047300162,172082616.58415952
0.0014551347379261378,172611962.50211188
0.0014576954695559976,173142239.95774248
0.0014602607075358941,173674502.7956989
0.0014628304597960578,174209454.64382
0.001465404734280674,174745347.8948794
0.0014679835389479084,175282184.2055486
0.001470566881769931,175819965.23541462
0.0014731547707329416,176360556.36684635
0.001475747213837194,176903041.34812534
0.0014783442190970202,177446480.98907545
0.0014809457945408567,177990876.96969718
0.0014835519482112674,178536230.97294757
0.0014861626881649702,179085337.1193233
0.0014887780224728604,179635424.89502925
0.0014913979592200374,180186480.70972827
0.0014940225065058262,180738506.26696554
0.0014966516724438095,181292528.82193214
0.0014992854651618443,181849309.8668954
0.0015019238928020916,182407070.72960028
0.0015045669635210426,182965813.1343204
0.0015072146854895395,183525538.80836356
0.0015098670668928058,184088429.24600792
0.001512524115930468,184652940.7021061
0.0015151858408165833,185218445.57984653
0.0015178522497796628,185784945.62744272
0.0015205233510626988,186353075.81133184
0.001523199152923189,186924383.73856723
0.0015258796636331627,187496697.04780707
0.0015285648914792067,188070017.50831273
0.0015312548447624897,188644346.8924589
0.0015339495317987898,189221692.42744228
0.0015366489609185178,189800860.4605499
0.001539353140466745,190381047.70779806
0.0015420620788032286,190962255.96278983
0.0015447757843024363,191545201.67233425
0.0015474942653535741,192131450.3062112
0.0015502175303606105,192718730.61459953
0.0015529455877423036,193307044.41302973
0.0015556784459322265,193896393.5202273
0.0015584161133787937,194488330.02376202
0.0015611585985452875,195082751.59864414
0.0015639059099098833,195678219.2306978
0.0015666580559656762,196274734.76076406
0.0015694150452207078,196872300.0329235
0.0015721768861979922,197473420.56758794
0.0015749435874355417,198076090.62261507
0.0015777151574863939,198679821.25040707
0.0015804916049186382,199284614.3173494
0.0015832729383154416,199891047.0106702
0.001586059166275076,200500968.37896964
0.0015888502974109448,201111963.08082289
0.001591646340351608,201724033.00507164
0.001594447303740811,202337180.0438816
0.0015972531962375103,202953161.89106542
0.0016000640265159006,203571469.94661328
0.0016028798032654403,204190866.09452364
0.00160570053519088,204811352.2496106
0.0016085262310122897,205432980.1690229
0.001611356899465084,206058651.16303605
0.0016141925493000494,206685423.20663753
0.0016170331892833732,207313298.23744357
0.0016198788281966687,207942278.1964799
0.0016227294748370033,208573815.68367964
0.001625585138016925,209208013.60252047
0.0016284458265644905,209843327.57654712
0.0016313115493232914,210479759.56978247
0.0016341823151524825,211117311.54970548
0.0016370581329268091,211758946.20109096
0.0016399390115366343,212401749.49576893
0.0016428249598879653,213045683.98928744
0.0016457159869024836,213690751.67231905
0.0016486121015175691,214338529.59667456
0.001651513312686332,214988872.9012323
0.0016544196293776354,215640360.67346483
0.0016573310605761276,216292994.92739522
0.0016602476152822675,216947072.07653818
0.0016631693025123528,217605006.39389366
0.0016660961312985481,218264098.5375129
0.0016690281106889128,218924350.54492712
0.0016719652497474286,219585764.45725283
0.0016749075575540266,220250564.274519
0.001677855043204622,220917462.66994843
0.0016808077158111305,221585534.6665368
0.0016837655845015063,222254782.329576
0.0016867286584197655,222925607.71141168
0.001689696946726017,223600363.79101253
0.0016926704585964883,224276307.29964674
0.001695649203223556,224953440.3269403
0.001698633189815773,225631764.96619618
0.0017016224275978975,226313125.93876752
0.0017046169258109216,226996992.79545227
0.0017076166937120983,227682063.11422536
0.0017106217405749732,228368339.01292738
0.0017136320756894097,229056072.59274635
0.0017166477083616215,229747914.9484727
0.001719668647914197,230440974.80149117
0.0017226949036861319,231135254.2943414
0.001725726485032856,231830755.57333353
0.0017287634013262627,232529397.0164458
0.0017318056619547385,233230498.96390346
0.0017348532763231906,233932834.70359057
0.0017379062538530777,234636406.40672252
0.0017409646039824376,235341761.7401856
0.0017440283361659175,236050958.6616081
0.001747097459874803,236761403.62071484
0.001750171984597046,237473098.81379002
0.001753251919837297,238186046.440983
0.0017563372751169314,238902723.8225078
0.0017594280599740801,239621392.7167107
0.0017625242839636604,240341326.31728128
0.0017656259566574027,241062526.8498371
0.0017687330876438828,241786019.0044421
0.0017718456865285497,242512965.8770589
0.0017749637629337564,243241192.02354726
0.0017780873264987892,243970699.69516087
0.0017812163868798966,244701491.14711452
0.0017843509537503216,245436450.71138552
0.0017874910368003288,246173023.8819608
0.0017906366457372364,246910893.26667124
0.0017937877902854454,247650061.1465813
0.0017969444801864691,248392398.86001083
0.001800106725198964,249137811.18493035
0.0018032745350987608,249884535.2790409
0.0018064479196788915,250632573.45078045
0.0018096268887496244,251381928.01265007
0.0018128114521384897,252134647.25977167
0.001816001619690313,252890278.83221394
0.0018191974012672447,253647240.15757716
0.0018223988067487898,254405533.57594717
0.0018256058460318402,255165161.43152803
0.0018288185290307032,255928503.5131559
0.0018320368656771341,256694441.15990373
0.0018352608659203656,257461726.69609955
0.0018384905397271388,258230362.49374563
0.0018417258970817344,259000350.92901883
0.0018449669479860037,259774554.63739043
0.0018482137024593984,260550885.86096168
0.0018514661705390024,261328583.2644938
0.0018547243622795634,262107649.25217682
0.0018579882877535227,262888086.2324314
0.001861257957051048,263673387.87920645
0.0018645333802800622,264460200.86299503
0.0018678145675662767,265248398.47244194
0.001871101529053222,266037983.14419764
0.0018743942749022793,266829608.43203625
0.0018776928152927097,267625594.1709332
0.001880997160421693,268422980.67761186
0.001884307320504348,269221770.41712916
0.001887623305773773,270021965.8588803
0.0018909451264810734,270825129.499661
0.0018942727928953948,271631759.9860691
0.0018976063153039542,272439809.9727794
0.001900945704012072,273249281.9578143
0.0019042909693432035,274060178.44359225
0.0019076421216389719,274875108.513757
0.0019109991712591985,275692474.25409853
0.0019143621285819365,276511278.38653535
0.0019177310040035017,277331523.4423354
0.001921105807938506,278153396.8831948
0.0019244865508198877,278980134.21275747
0.001927873243098946,279808326.4264446
0.0019312658952453717,280637976.0845471
0.00193466451774728,281469085.75186104
0.0019380691211112427,282303189.0676798
0.0019414797158623222,283140896.89087427
0.001944896312544101,283980078.9039588
0.0019483189217187173,284820737.70119804
0.0019517475539668966,285662875.88142234
0.0019551822198879834,286509385.01137275
0.001958622930099975,287358457.3618317
0.001962069695239555,288209023.9013629
0.001965522525962124,289061087.2594251
0.0019689814329418355,289914650.07010496
0.0019724464268716254,290772456.4703778
0.0019759175184632482,291632986.4001702
0.001979394718447309,292495030.6819689
0.001982878037573295,293358591.98071533
0.001986367486609612,294223672.9660409
0.0019898630763436156,295093037.137369
0.0019933648175816435,295965118.45116484
0.0019968727211490517,296838734.4449776
0.0020003867978902463,297713887.8195218
0.0020039070586687167,298590581.2802647
0.0020074335143670705,299471760.34994364
0.0020109661758870656,300355487.6128445
0.002014505054149646,301240770.05018747
0.0020180501600949724,302127610.3987532
0.00202160150468246,303016011.40013814
0.0020251590988908078,303909259.16794795
0.002028722953718038,304804727.7136225
0.002032293080181524,305701772.09593165
0.0020358694893180297,306600395.0880172
0.00203945219218374,307500599.4679009
0.0020430411998542974,308406166.45176876
0.002046636523424835,309313472.3907734
0.0020502381740100098,310222374.99773973
0.00205384616274404,311132877.0824681
0.002057460500780736,312045489.5412794
0.0020610811992935385,312963114.9415184
0.0020647082694755492,313882355.1698043
0.002068341722539569,314803213.06789535
0.002071981569718129,315725691.48255086
0.0020756278222635294,316651101.09417534
0.0020792804914478704,317580737.3371807
0.0020829395885630896,318512009.5447945
0.0020866051249209955,319444920.5959709
0.002090277111853304,320379473.37473065
0.002093955560711671,321317920.9739986
0.0020976404828677297,322259666.3797937
0.0021013318897131253,323203069.0597815
0.002105029792659548,324148131.930416
0.0021087342031387746,325094857.9132852
0.002112445132602695,326046581.2344459
0.0021161625925233537,327000534.9337364
0.0021198865943929837,327956167.391253
0.0021236171497240417,328913481.5612574
0.002127354270049243,329873149.61424184
0.0021310979669216003,330837714.12669766
0.002134848251914455,331803976.07018274
0.0021386051366215158,332771938.43181956
0.0021423686326568947,333741604.2039869
0.002146138751655141,334715000.445935
0.0021499155052712793,335691952.1838958
0.0021536989051808442,336670623.15180236
0.0021574889630799157,337651016.3751381
0.0021612856906851586,338633134.8847111
0.0021650890997338547,339620554.08915794
0.0021688992019839423,340610067.40101314
0.0021727160092140504,341601322.04854655
0.002176539533223536,342594321.09614354
0.0021803697858325203,343590014.0383244
0.002184206778881926,344590428.1773132
0.0021880505242335138,345592602.8351476
0.0021919010337699166,346596541.1099707
0.0021957583193946803,347602246.1053784
0.0021996223930322977,348612106.5190208
0.002203493266628246,349625260.11202806
0.0022073709521490243,350640196.64264524
0.00221125546158219,351656919.248468
0.002215146806936397,352675501.0499176
0.00221904500024143,353699692.843858
0.0022229500535482453,354725687.00032437
0.0022268619789290053,355753486.6910963
0.002230780788477118,356783095.09353507
0.0022347064943072726,357816297.62972707
0.002238639108555477,358853409.1257531
0.002242578643379097,359892345.720268
0.0022465251109568913,360933110.62506217
0.0022504785234890535,361975707.05757785
0.0022544388931972437,363024061.01976633
0.0022584062323246323,364074518.6020269
0.0022623805531359325,365126824.76908606
0.002266361867917443,366180982.77406543
0.0022703501889770827,367237292.6224159
0.00227434552864443,368299327.3731401
0.002278347899270761,369363231.0820489
0.0022823573132290877,370429007.0381164
0.0022863737829141952,371496658.5361044
0.002290397320742682,372567206.71611834
0.0022944279391529953,373642764.5634069
0.002298465650605473,374720215.16669077
0.0023025104675823806,375799561.85682315
0.0023065624025879485,376880807.97051895
0.0023106214681484134,377965856.52859473
0.002314687676812055,379055038.7944087
0.002318761041149234,380146137.79233414
0.002322841573752435,381239156.89541715
0.0023269292872362996,382334099.48263973
0.002331024194237671,383433905.93700004
0.00233512630741563,384536814.67984957
0.002339235639451534,385641664.3105283
0.0023433522030490575,386748458.24459124
0.0023474760109342308,387857241.0541487
0.0023516070758554785,388972017.30228955
0.0023557454105836615,390088755.3225775
0.0023598910279121112,391207458.5673187
0.0023640439406566786,392328130.4948969
0.002368204161655763,393452166.9505458
0.0023723717037703583,394580851.54802597
0.0023765465798840897,395711522.3934278
0.0023807288029032564,396844182.9821306
0.00238491838575687,397978836.8156648
0.002389115341396693,399118371.17475045
0.0023933196827972815,400261068.23870707
0.002397531422956024,401405776.2095843
0.0024017505748931815,402552498.62615633
0.0024059771516519272,403701729.02312523
0.0024102111662983893,404856511.2532388
0.002414452631921688,406013325.65762806
0.0024187015616339777,407172175.8124932
0.002422957968570489,408333065.3003278
0.002427221865889566,409498263.2819291
0.0024314932667727097,410667243.5032481
0.0024357721844246167,411838280.8843266
0.002440058632073223,413011379.0453338
0.0024443526229697412,414186732.92444825
0.0024486541703887038,415367938.68000627
0.0024529632876280037,416551223.10969716
0.002457279988008936,417736589.8715512
0.002461604284876238,418924042.6300355
0.00246593619159813,420115920.96514285
0.0024702757215663584,421311696.9845549
0.002474622888196237,422509577.3187052
0.0024789777049266863,423709565.6707457
0.0024833401852202776,424911665.7503456
0.0024877103425632726,426119619.50898397
0.002492088190465667,427330080.9833771
0.00249647374246123,428542672.615826
0.0025008670121075484,429757398.1549617
0.0025052680129860677,430975396.44362193
0.0025096767587021326,432198507.2867648
0.0025140932628850317,433423770.5481966
0.002518517539188037,434651190.01572174
0.0025229496012884487,435880769.4838101
0.002527389462887636,437115378.46549284
0.002531837137711078,438353559.2548782
0.00253629263950841,439593918.98249406
0.002540755982053463,440836461.4828142
0.0025452271791443055,442081190.5970602
0.00254970624460329,443331889.5881492
0.002554193192277092,444585245.4980746
0.0025586880360367547,445840807.05125654
0.0025631907897777323,447098578.1291643
0.00256770146741993,448359203.56107575
0.002572220082907751,449625611.899815
0.002576746650210137,450894248.85134506
0.0025812811833206117,452165118.3375565
0.0025858236962573253,453438224.2872418
0.0025903742030630966,454715455.75912774
0.0025949327178054564,455997224.7810029
0.0025994992545766917,457281249.447246
0.0026040738274938904,458567533.7273179
0.0026086564506989803,459856081.59766436
0.0026132471383587797,461150168.0591023
0.002617845904665034,462447405.00587547
0.0026224527638344665,463746924.81731737
0.002627067730108816,465048731.51079005
0.002631690817754886,466353507.3097486
0.002636322041064585,467664013.9680219
0.002640961414354973,468976826.8428697
0.0026456089519683026,470291949.9927486
0.002650264668272073,471609387.48325896
0.0026549285776590595,472931500.77856344
0.0026596006945473686,474257664.58162
0.0026642810333804795,475586162.15453875
0.0026689696086272885,476916997.60426474
0.002673666434782155,478250285.4551309
0.0026783715263649444,479589858.38567996
0.002683084897921075,480931788.6833404
0.002687806564021561,482276080.4965835
0.002692536539263059,483622737.98118067
0.002697274838267913,484973824.2631652
0.0027020214756841984,486329245.9240784
0.0027067764661857694,487687052.8425411
0.002711539824472302,489047249.21610546
0.0027163115652693408,490409973.958852
0.002721091703328344,491778945.9600697
0.0027258802534267305,493150327.0645908
0.002730677230367923,494524121.5119313
0.0027354826489813956,495900333.54906774
0.0027402965241227193,497281296.69277865
0.0027451188706736074,498666311.4050956
0.0027499497035419623,500053763.4525188
0.002754789037661921,501443657.124247
0.0027596368879939013,502836701.9207176
0.002764493269524649,504235410.0052156
0.002769358197267282,505636579.5222803
0.0027742316862613393,507040214.80351627
0.002779113751572826,508446320.18815076
0.00278400440829426,509858022.9829216
0.002788903671544719,511272970.18421835
0.002793811556469887,512690407.395518
0.002798728078242102,514110338.9987152
0.002803653252060401,515534546.5101712
0.0028085870931505684,516963331.95710015
0.002813529616765183,518394631.7664389
0.0028184808381836656,519828450.36293745
0.0028234407727123242,521265372.88921225
0.0028284094356844035,522708057.4917702
0.0028333868424601314,524153280.9163337
0.0028383730084267666,525601047.6306965
0.002843367948998646,527051362.1105144
0.002848371679617233,528507535.64663124
0.0028533842157511635,529966744.05462205
0.002858405572896296,531428520.36304665
0.0028634357665757587,532892869.0908708
0.0028684748123399967,534362151.5623052
0.0028735227257668202,535835406.6747471
0.0028785795224614543,537311254.4068737
0.0028836452180565843,538789699.321151
0.0028887198282124076,540272286.7354506
0.0028938033686166788,541759650.6280091
0.002898895854984761,543249631.9687428
0.0029039973030596713,544742235.3638114
0.0029091077286121326,546238319.0917858
0.002914227147440621,547739854.1965957
0.0029193555753714135,549244031.6879394
0.002924493028258639,550750856.2158623
0.002929639521984326,552260623.0583115
0.002934795072458452,553776392.1658093
0.0029399596956189928,555294828.7086968
0.002945133407431972,556815937.3811008
0.0029503162238915083,558339722.8854077
0.0029555081610198697,559869635.895489
0.002960709234867518,561402394.7516342
0.002965919461513158,562937850.9415593
0.002971138857063798,564476009.2120066
0.002976367437654783,566019953.3906615
0.002981605219449855,567567098.184413
0.0029868522186412027,569116965.6281747
0.0029921084514495074,570669560.5132391
0.0029973739341239963,572227709.3714151
0.0030026486829424917,573789304.0916165
0.003007932714211463,575353646.8906653
0.0030132260442660725,576920742.6046029
0.0030185286894702313,578493265.3419908
0.0030238406662166477,580069374.3438532
0.003029161990926875,581648256.9666512
0.0030344926800513683,583229918.0913755
0.00303983275006953,584816979.659131
0.0030451822174897636,586407667.6661097
0.0030505410988495244,588001154.9500124
0.0030559094107153683,589597446.4369782
0.003061287169683007,591199207.5996705
0.0030666743923773556,592804539.7053546
0.003072071095452587,594412696.8585014
0.00307747729559218,596023684.0306017
0.0030828930095089745,597640411.5339452
0.0030883182539452212,599260586.3260381
0.0030937530456726326,600883612.2856055
0.003099197401492438,602509494.4301038
0.0031046513382354305,604140827.3077172
0.0031101148727620247,605775907.3974903
0.0031155880219623042,607413864.8849325
0.003121070802756075,609054704.8336595
0.003126563232092921,610700812.2341461
0.0031320653269522516,612350860.5982082
0.0031375771043433568,614003812.7009597
0.0031430985813054604,615659673.6523708
0.0031486297749077708,617320720.0661643
0.0031541707022495337,618985800.0482719
0.003159721380460088,620653810.2215605
0.0031652818266989153,622324755.7425518
0.003170852058155694,624000901.0727376
0.003176432092050354,625681076.3856204
0.003182021945633127,627364208.4542967
0.003187621636184604,629050302.4820368
0.0031932311810157835,630741702.1142608
0.0031988505974681284,632437036.8414627
0.0032044799029136203,634135355.0018451
0.0032101191147548107,635836661.8456242
0.0032157682504248765,637543466.717094
0.003221427327387672,639254025.3148279
0.003227096363137786,640967594.136558
0.0032327753752005926,642684178.4796469
0.0032384643811323092,644406535.1472362
0.0032441633985200446,646132382.4462411
0.0032498724449818613,647861266.8741467
0.0032555915381668227,649593193.775662
0.0032613206957550532,651331244.4831288
0.003267059935457789,653072445.6905408
0.0032728092750174357,654816711.0465086
0.0032785687322076196,656564393.8395631
0.003284338324833247,658317928.6876267
0.0032901180707305567,660074549.3888646
0.003295907987767174,661834261.37373
0.0033017080938421697,663597925.574949
0.0033075184068861114,665366918.6791397
0.0033133389448611224,667139024.8397897
0.003319169725760934,668914249.5352247
0.0033250107676109403,670694024.8105037
0.003330862088468265,672478542.4019291
0.003336723706421801,674266200.3696524
0.0033425956395922744,676057004.2400753
0.0033484779061323023,677853016.2025425
0.0033543705242264454,679653124.8956169
0.003360273512091265,681456401.4020541
0.003366186887975381,683262851.2965404
0.0033721106701595253,685075221.5695014
0.0033780448769566034,686890988.3638682
0.003383989526711743,688709950.5265688
0.0033899446378023593,690532685.0573666
0.0033959102286382054,692360959.9598417
0.0034018863176614334,694192452.2422945
0.003407872923346648,696027167.5666382
0.0034138700642009677,697866507.296692
0.003419877758764077,699710547.7191409
0.003425896025608288,701557833.2655724
0.0034319248833385965,703408369.646724
0.003437964350592737,705264424.5668412
0.0034440144460412456,707124298.556445
0.0034500751883875112,708987445.5337855
0.00345614659636784,710854266.7904288
0.003462228688751507,712726747.6135652
0.0034683214843408213,714602523.6098192
0.0034744250019711756,716481600.5780027
0.0034805392605111118,718365361.0668985
0.0034866642788623763,720253784.6745025
0.0034928000759599765,722145531.5111771
0.0034989466707722443,724040607.4251077
0.0035051040823008894,725941406.0427462
0.0035112723295810623,727845841.5432272
0.0035174514316814107,729753628.450348
0.003523641407704139,731665561.6033672
0.003529842276785068,733582704.7332764
0.003536054058093692,735503221.6325855
0.003542276770833242,737427118.2384204
0.0035485104342407397,739356291.7724185
0.0035547550675870637,741289557.8336672
0.0035610106901770014,743226226.0372896
0.003567277321349315,745166770.0408893
0.0035735549804767988,747112804.6047392
0.003579843686966338,749062263.780847
0.00358614346025897,751015153.5958116
0.0035924543198299448,752973126.2426821
0.003598776285188785,754935395.9373363
0.0036051093758793467,756901118.8146701
0.003611453611479876,758870710.0427516
0.0036178090116030753,760845977.7655247
0.0036241755958961604,762824721.5447779
0.0036305533840409227,764806947.4976408
0.0036369423957537885,766793767.2675811
0.003643342650785881,768785545.0996003
0.0036497541689230815,770780828.0424252
0.0036561769699860907,772779622.264315
0.0036626110738304887,774783767.5510186
0.0036690565003467987,776792120.8444651
0.0036755132694605446,778804008.4180497
0.0036819814011323166,780819562.8747376
0.003688460915357833,782841000.065638
0.0036949518321679965,784865994.5615884
0.0037014541716289635,786894552.6226999
0.0037079679538422,788927635.8448492
0.0037144931989445485,790965751.0198358
0.003721029927108287,793007452.8496237
0.0037275781585411893,795052747.6459707
0.003734137913486601,797103444.1668427
0.00374070921222348,799158303.7319918
0.003747292075066477,801216779.4185534
0.0037538865223659904,803279236.4973999
0.0037604925745082316,805347267.949844
0.003767110251915287,807418938.7034563
0.003773739575045183,809494255.162643
0.0037803805643919454,811574504.3739557
0.0037870332404856674,813659384.5564502
0.003793697623892569,815747933.6903404
0.0038003737352150647,817840168.1354067
0.0038070615950918226,819938272.2929788
0.0038137612241978323,822040068.6733662
0.003820472643244466,824145563.7741063
0.003827195872979544,826255753.5566978
0.003833930934187398,828370811.9394076
0.003840677847688936,830489592.3808092
0.003847436634341707,832612101.4309449
0.0038542073150399643,834740311.711219
0.00386098991071473,836872392.4587221
0.003867784442333862,839008225.2207052
0.003874590930902116,841148940.2012501
0.0038814093974612117,843294854.2897264
0.0038882398630898994,845444544.7364583
0.0038950823489040214,847598018.1870445
0.00390193687605658,849755387.995282
0.003908803465737805,851918921.8282456
0.003915682139175211,854086263.0265164
0.003922572917633674,856257418.2902576
0.003929475822415489,858432394.3314241
0.003936390874860439,860612806.153293
0.003943318096345861,862797839.4723077
0.003950257508286712,864986717.9912109
0.003957209132135633,867179448.4767474
0.0039641729893830175,869376791.6955646
0.003971149101557081,871579558.8001693
0.003978137490223919,873786202.3124018
0.0039851381769875835,875996729.0539258
0.003992151183490141,878211155.6661975
0.003999176531411746,880431698.4923238
0.004006214242470705,882656149.0076156
0.004013264338423545,884884514.0887858
0.004020326841065078,887116800.6246487
0.00402740177222847,889354528.9531482
0.004034489153785313,891596828.7243582
0.0040415890076456835,893843074.4723895
0.004048701355758217,896093273.1413327
0.004055826220110175,898348313.668178
0.004062963622727511,900608505.158427
0.004070113585674939,902872674.111166
0.004077276131056004,905140827.5258943
0.004084451281013146,907413309.3552424
0.004091639057727773,909691435.1999959
0.004098839483420329,911973570.0679384
0.004106052580350357,914259721.0141087
0.004113278370816576,916549895.1059622
0.004120516877156943,918845869.0705929
0.0041277681217487296,921146012.6930652
0.004135032127008581,923450204.0853916
0.004142308915392596,925758450.370799
0.004149598509396387,928072050.4502829
0.004156900931555158,930390245.7449442
0.004164216204443769,932712520.5766138
0.004171544350676805,935038882.1244203
0.004178885392908647,937370216.5944668
0.004186239353833551,939706506.4991224
0.004193606256185702,942046907.7835003
0.004200986122739295,944391427.6827661
0.004208378976308602,946740598.439723
0.004215784839748045,949095025.8452693
0.004223203735952263,951453596.5487319
0.004230635687856186,953816317.841445
0.004238080718435104,956183420.6982545
0.004245538850704739,958556028.3714106
0.004253010107721318,960932811.3359371
0.004260494512581639,963313776.9394702
0.004267992088423145,965698932.5425761
0.004275502858423998,968089732.4350091
0.00428302684580315,970484770.2889242
0.004290564073820411,972884022.9066188
0.004298114565776523,975287497.7051914
0.004305678345013236,977696368.0810387
0.004313255434913372,980109724.8151491
0.004320845858900905,982527328.5504212
0.004328449640441029,984949186.7606864
0.004336066803040232,987376108.8528899
0.004343697370246369,989807816.1134095
0.004351341365648733,992243802.6681643
0.004358998812878131,994684076.0478151
0.004366669735606955,997129161.4869
0.004374354157549253,999579251.3845688
0.004382052102460807,1002033652.9260557
0.004389763594139205,1004492373.6989486
0.004397488656423911,1006955727.4696243
0.004405227313196343,1009424241.9045612
0.004412979588379946,1011897100.4066334
0.004420745505940265,1014374310.620487
0.004428525089885017,1016855992.9549876
0.00443631836426417,1019342964.5979323
0.004444125353170015,1021834312.7888235
0.004451946080737239,1024330045.2294661
0.004459780571143001,1026830169.6352195
0.004467628848607008,1029335604.5443708
0.004475490937391588,1031845475.2956009
0.004483366861801765,1034359762.8924006
0.004491256646185335,1036878475.1074898
0.004499160314932943,1039402339.6796547
0.004507077892478152,1041930765.9629956
0.004515009403297528,1044463641.7457464
0.004522954871910706,1047000974.8580918
0.0045309143228804746,1049543340.9274156
0.004538887780812844,1052090355.766365
0.00454687527035713,1054641852.8166796
0.0045548768162060205,1057197839.9661098
0.004562892443095663,1059758772.3162208
0.004570922175805731,1062324408.7312788
0.004578966039159509,1064894560.1277667
0.004587024058023962,1067469234.4511027
0.004595096257309816,1070048796.5669485
0.004603182661971637,1072633096.051748
0.0046112832970079025,1075221943.3610606
0.004619398187461086,1077815346.4981034
0.004627527358417727,1080413554.787285
0.004635670835008513,1083016545.4392617
0.004643828642408357,1085624116.8082821
0.004652000805836475,1088236276.9554462
0.004660187350556461,1090853192.517259
0.004668388301876371,1093474902.9279947
0.004676603685148795,1096101226.9986198
0.004684833525770936,1098732172.8482049
0.004693077849184702,1101367847.9938917
0.004701336680876762,1104008307.248579
0.004709610046378638,1106653413.1571841
0.004717897971266786,1109303173.8968422
0.004726200481162669,1111957652.3693557
0.004734517601732837,1114616890.0462804
0.004742849358689009,1117280807.4232028
0.004751195777788153,1119949412.7354128
0.004759556884832562,1122622729.9246726
0.004767932705669935,1125300776.0947204
0.0047763232661934595,1127983535.0637653
0.004784728592341887,1130671015.1253445
0.0047931487100996185,1133363198.279084
0.00480158364549678,1136060083.505265
0.004810033424609307,1138761714.683227
0.004818498073559022,1141468100.1648488
0.004826977618513716,1144179168.5951254
0.0048354720856872285,1146894923.9321082
0.004843981501339534,1149615458.428305
0.0048525058917768165,1152340780.4940326
0.004861045283351554,1155070745.7794795
0.004869599702462597,1157805402.7731454
0.004878169175555256,1160544872.1889727
0.004886753729121378,1163289162.4958136
0.004895353389699429,1166038028.6797206
0.004903968183874579,1168791619.3667376
0.004912598138278781,1171550055.795241
0.004921243279590855,1174313346.4927187
0.004929903634536572,1177081110.2770095
0.0049385792298887315,1179853667.1844106
0.00494727009246725,1182631103.2098644
0.00495597624913924,1185413425.6528351
0.004964697726819094,1188200077.8747814
0.004973434552468571,1190991634.019574
0.004982186753096875,1193788102.7170882
0.00499095435576074,1196589361.752445
0.004999737387564514,1199395013.2835817
0.005008535875660245,1202205602.17236
0.005017349847247762,1205021137.1074932
0.00502617932957476,1207841308.2256098
0.005035024349936883,1210665993.0020306
0.005043884935677811,1213495648.6306086
0.005052761114189342,1216330283.8590007
0.00506165291291148,1219169335.9482458
0.005070560359332515,1222013088.3940594
0.005079483480989112,1224861845.2471254
0.005088422305466395,1227715615.3141499
0.005097376860398031,1230573510.835469
0.0051063471734663175,1233436365.8624585
0.005115333272402265,1236304258.9132328
0.00512433518498569,1239176963.7973406
0.005133352939045288,1242053894.0114882
0.005142386562458732,1244935887.0187953
0.005151436083152755,1247822951.7287138
0.005160501529103231,1250714445.220101
0.005169582928335269,1253610466.5459576
0.005178680308923294,1256511584.2613215
0.005187793698991139,1259417807.334768
0.005196923126712125,1262328174.5083456
0.005206068620309156,1265243315.489558
0.0052152302080548,1268163586.506857
0.005224407918271381,1271088996.5880287
0.005233601779331061,1274018188.5759854
0.005242811819655933,1276952478.2722735
0.005252038067718104,1279891931.7023652
0.005261280552039797,1282836173.52556
0.005270539301193415,1285784136.158439
0.0052798143438016485,1288737286.5866208
0.005289105708537555,1291695633.9395356
0.005298413424124653,1294659187.3626792
0.005307737519337009,1297626432.9202392
0.005317078022999322,1300598429.4824927
0.005326434963987023,1303575656.1347187
0.005335808371226348,1306558122.0807767
0.005345198273694448,1309545083.2587285
0.005354604700419458,1312535911.8726363
0.005364027680480605,1315532003.716974
0.005373467243008283,1318533368.0539207
0.005382923417184151,1321540014.1619577
0.0053923962322412235,1324549727.1599681
0.005401885717463957,1327564670.5786471
0.005411391902188344,1330584919.664748
0.0054209148158019995,1333610483.7551322
0.005430454487744258,1336639857.6116936
0.005440010947506258,1339673639.448015
0.005449584224631039,1342712760.1034186
0.005459174348713627,1345757228.9731052
0.005468781349401134,1348806274.7186036
0.005478405256392836,1351858882.2469177
0.005488046099440284,1354916861.7235801
0.005497703908347378,1357980222.602091
0.005507378712970469,1361048939.539213
0.00551707054321845,1364120360.4330971
0.005526779429052844,1367197186.382903
0.005536505400487905,1370279426.9003937
0.005546248487590701,1373367091.5140717
0.005556008720481214,1376458025.327014
0.005565786129332431,1379553685.7679753
0.005575580744370436,1382654793.9213717
0.0055853925958745075,1385761359.374034
0.0055952217141772035,1388871818.4228737
0.005605068129664468,1391986301.7031982
0.005614931872775711,1395106265.820203
0.005624812974003916,1398231720.4190106
0.00563471146389572,1401361671.6834233
0.005644627373051526,1404494966.443363
0.005654560732125576,1407633775.144237
0.0056645115718260645,1410778107.489425
0.005674479922915226,1413927432.8146813
0.005684465816209424,1417078993.8929214
0.00569446928257926,1420236101.056981
0.005704490352949655,1423398764.0668077
0.005714529058299956,1426566992.6995232
0.005724585429664024,1429739382.0367854
0.005734659498130334,1432914734.5394282
0.005744751294842072,1436095674.9958034
0.005754860850997226,1439282213.2395353
0.005764988197848688,1442474359.121555
0.00577513336670435,1445669586.2774885
0.005785296388927195,1448868752.2456682
0.005795477295935403,1452073548.0742798
0.00580567611920244,1455283983.670695
0.005815892890257161,1458500068.9597218
0.005826127640683904,1461717890.3472762
0.005836380402122588,1464940893.0048902
0.005846651206268814,1468169567.4705045
0.005856940084873957,1471403923.7253108
0.005867247069745273,1474642965.5715835
0.005877572192745986,1477884118.486868
0.005887915485795392,1481130975.1507938
0.005898276980868973,1484383545.600765
0.005908656709998463,1487641839.8918433
0.005919054705271972,1490902994.4698887
0.005929470998834081,1494167793.3663301
0.005939905622885933,1497438337.6233766
0.005950358609685343,1500714637.3516574
0.005960829991546891,1503996702.679593
0.005971319800842026,1507280424.7276883
0.00598182806999916,1510568881.4046874
0.005992354831503775,1513863125.0750184
0.006002900117898521,1517163165.9225762
0.006013463961783314,1520468708.8137326
0.006024046395815441,1523775017.9289355
0.006034647452709659,1527087145.454014
0.006045267165238293,1530405101.6281471
0.006055905566231345,1533728896.7085354
0.006066562688576587,1537056570.8933814
0.006077238565219671,1540386523.5753791
0.006087933229164221,1543722336.2749653
0.006098646713471945,1547064019.304542
0.006109379051262729,1550411582.9946563
0.006120130275714745,1553761067.9882526
0.0061309004200645525,1557114679.7859466
0.0061416895176072015,1560474193.2363062
0.006152497601696326,1563839618.7250004
0.006163324705744268,1567210571.447587
0.006174170863222158,1570581926.271959
0.0061850361076600325,1573959213.9729981
0.006195920472646936,1577342444.991322
0.006206823991831018,1580731629.7859209
0.006217746698919646,1584123854.751836
0.006228688627679502,1587518861.8740704
0.006239649811936691,1590919843.496051
0.006250630285576849,1594326810.1316426
0.006261630082545236,1597739772.3132112
0.0062726492368468546,1601152902.8864868
0.006283687782546548,1604571581.511689
0.006294745753769105,1607996276.2935119
0.006305823184699366,1611426997.8191285
0.006316920109582334,1614861089.219605
0.0063280365627232694,1618297412.5559313
0.006339172578487809,1621739783.0998662
0.006350328191302062,1625188211.4932241
0.006361503435652721,1628642708.3965495
0.006372698346087169,1632097077.0450478
0.006383912957213584,1635557072.2606187
0.006395147303701048,1639023156.3413353
0.006406401420279653,1642495340.0023215
0.006417675341740609,1645970302.926132
0.006428969102936351,1649447872.9997532
0.006440282738780646,1652931562.8665795
0.006451616284248703,1656421383.296163
0.00646296977437728,1659916806.2888322
0.006474343244264791,1663411902.667283
0.0064857367290714184,1666913149.681557
0.006497150264019218,1670420558.1554806
0.006508583884392227,1673934138.9319303
0.006520037625536577,1677448867.3312786
0.006531511522860602,1680967624.1005995
0.006543005611834946,1684492573.143064
0.006554519927992675,1688023725.3557723
0.006566054506929384,1691558462.350507
0.00657760938430331,1695094682.7126563
0.006589184595835441,1698637126.0802042
0.006600780177309621,1702185803.404334
0.006612396164572681,1705740355.9337025
0.006624032593534522,1709293631.7001934
0.006635689500168242,1712853160.4860153
0.006647366920510241,1716418953.2951694
0.00665906489066034,1719991021.1510205
0.00667078344678189,1723564792.8169417
0.006682522625101873,1727141347.4835851
0.006694282461911034,1730724196.1355371
0.006706062993563974,1734313349.8488889
0.006717864256479272,1737907813.9161348
0.006729686287139599,1741501336.3460343
0.006741529122091826,1745101182.6209426
0.006753392797947139,1748707363.869499
0.00676527735138115,1752319891.2399263
0.006777182819134016,1755932764.9818687
0.006789109238010547,1759549552.062225
0.006801056644880322,1763172703.9284909
0.006813025076677802,1766802231.781352
0.006825014570402445,1770435260.5625932
0.0068370251631188214,1774068933.0135126
0.006849056891956728,1777708999.9650474
0.0068611097941113,1781355472.6701765
0.006873183906843128,1785008362.4016814
0.006885279267478379,1788658127.7531874
0.006897395913408896,1792314230.788022
0.006909533882092335,1795976767.796591
0.006921693211052263,1799645750.1013381
0.0069338739378782795,1803318366.3835366
0.006946076100226139,1806990364.020993
0.006958299735817858,1810668823.6033473
0.00697054488244184,1814353756.5022657
0.006982811577952981,1818045174.1094253
0.006995099860272802,1821737072.2703528
0.007007409767389553,1825431307.1492195
0.007019741337358335,1829132043.1058595
0.007032094608301221,1832839291.5808048
0.007044469618407368,1836553064.0347202
0.007056866405933142,1840263882.1863623
0.007069285009202226,1843980267.53393
0.0070817254666057485,1847703192.9394457
0.0070941878166023995,1851432669.9120395
0.007106672097718545,1855166210.8117037
0.007119178348548352,1858898085.126922
0.007131706607753903,1862636526.7574196
0.007144256914065318,1866381547.2602928
0.0071568293062808765,1870133158.2129757
0.007169423823267132,1873884995.003262
0.007182040503959035,1877638508.3264914
0.007194679387360054,1881398627.0451102
0.007207340512542296,1885165362.7832284
0.0072200239186466265,1888938727.185411
0.007232729644882791,1892709687.8644385
0.007245457730529534,1896484806.8612957
0.007258208214934725,1900266569.2749932
0.007270981137515475,1904054986.7965484
0.007283776537758263,1907849535.7876391
0.007296594455219053,1911639559.2659042
0.0073094349295234244,1915436252.389767
0.007322298000366685,1919239626.8964036
0.0073351837075139965,1923049694.5436442
0.007348092090800506,1926862341.7219596
0.007361023190131453,1930673871.6961393
0.0073739770454823075,1934492109.162833
0.007386953696898888,1938317065.9258218
0.007399953184497479,1942148753.8096519
0.007412975548464976,1945978872.6079588
0.007426020829058982,1949811881.0807145
0.007439089066607945,1953651634.843632
0.007452180301511289,1957498145.767008
0.007465294574239528,1961350687.3235269
0.007478431925334397,1965198376.8818362
0.007491592395408974,1969052837.5659366
0.007504776025147812,1972914081.2915885
0.007517982855307058,1976782119.9955213
0.00753121292671458,1980651018.4471307
0.007544466280270095,1984520097.973823
0.007557742956945294,1988395986.2681606
0.0075710429977839735,1992278695.3121448
0.007584366443902155,1996168237.1088624
0.007597713336488217,2000052828.4271903
0.007611083716803019,2003943275.0239995
0.007624477626180033,2007840567.9900115
0.007637895106025468,2011744719.3733983
0.007651336197818401,2015650430.596226
0.0076648009431109,2019555351.1610324
0.007678289383528161,2023467143.5661855
0.007691801560768627,2027385819.9046824
0.007705337516604122,2031311392.2907991
0.007718897292879983,2035231608.3540924
0.007732480931515184,2039157817.6155856
0.007746088474502467,2043090936.1810617
0.007759719963908472,2047030976.2094464
0.007773375441873869,2050971431.1164787
0.007787054950613485,2054911976.5171866
0.00780075853241644,2058859456.450474
0.00781448622964627,2062813883.1196618
0.007828238084741061,2066774195.5339684
0.007842014140213585,2070728998.1886735
0.007855814438651429,2074690760.4657307
0.007869639022717116,2078659494.6126142
0.007883487935148257,2082635212.8983517
0.007897361218757665,2086608252.7906218
0.007911258916433498,2090584220.1893067
0.007925181071139388,2094567184.45585
0.00793912772591457,2098557157.9032705
0.007953098923874025,2102549103.40129
0.007967094708208602,2106539200.468749
0.007981115122185162,2110536319.2693174
0.007995160209146703,2114540472.1597703
0.008009230012512497,2118550906.6630824
0.008023324575778229,2122555059.6837394
0.00803744394251612,2126566259.1730306
0.008051588156375078,2130584517.531263
0.008065757261080816,2134609847.180563
0.008079951300436001,2138631150.3657992
0.00809417031832038,2142656358.4073517
0.008108414358690919,2146688649.9699543
0.008122683465581943,2150728037.519119
0.008136977683105262,2154766819.791594
0.008151297055450318,2158805965.926865
0.008165641626884315,2162852220.1113057
0.008180011441752361,2166905594.8535905
0.0081944065444776,2170961410.550807
0.00820882697956135,2175014425.9688416
0.008223272791583244,2179074573.843072
0.008237744025201364,2183141866.7251234
0.008252240725152384,2187214036.9649825
0.008266762936251702,2191279240.8610544
0.008281310703393583,2195351598.6624837
0.008295884071551289,2199431122.9586406
0.008310483085777249,2203517826.361056
0.008325107791203146,2207602761.8841467
0.008339758233040106,2211687213.998457
0.008354434456578803,2215778853.8909473
0.008369136507189623,2219877694.2106004
0.008383864430322787,2223983747.628654
0.008398618271508505,2228080654.500813
0.008413398076357107,2232184294.723822
0.008428203890559188,2236295156.492056
0.00844303575988575,2240413252.5139155
0.008457893730188341,2244531147.8255477
0.0084727778473992,2248646673.4557347
0.008487688157531396,2252769441.546967
0.00850262470667897,2256899464.844455
0.008517587541017082,2261036756.115839
0.008532576706802145,2265165211.62326
0.008547592250371982,2269299771.0294156
0.008562634218145952,2273441606.3920665
0.008577702656625111,2277590730.5153675
0.008592797612392337,2281739124.995075
0.008607919132112495,2285885360.5823727
0.008623067262532562,2290038892.6737914
0.008638242050481783,2294199734.1096478
0.008653443542871814,2298367624.2190304
0.008668671786696861,2302525420.4651356
0.008683926829033836,2306690533.5596952
0.008699208717042495,2310862976.378827
0.008714517497965578,2315042761.8213058
0.008729853219128975,2319219156.132243
0.008745215927941849,2323395733.829705
0.008760605671896796,2327579661.427033
0.008776022498569992,2331770951.8585067
0.008791466455621335,2335965768.764138
0.008806937590794595,2340153693.679605
0.008822435951917559,2344348988.4636593
0.008837961586902181,2348551666.085721
0.008853514543744735,2352761739.538036
0.008869094870525951,2356963609.1764235
0.008884702615411176,2361170152.231132
0.00890033782665052,2365384097.918443
0.008916000552578995,2369605459.2654366
0.00893169084161668,2373824672.6635556
0.008947408742268856,2378042343.3789697
0.008963154303126174,2382267436.3093333
0.008978927572864781,2386499964.516186
0.008994728600246495,2390736073.11606
0.00901055743411894,2394964748.7843857
0.009026414123415698,2399200866.034067
0.009042298717156472,2403444437.960726
0.009058211264447221,2407695477.6830277
0.009074151814480326,2411936551.8200145
0.009090120416534734,2416183567.919877
0.009106117119976114,2420438057.8764052
0.009122141974257005,2424700034.8420167
0.009138195028916976,2428956932.5697265
0.009154276333582774,2433214719.0174494
0.009170385937968475,2437479998.2753887
0.009186523891875647,2441752783.529317
0.009202690245193495,2446025067.994675
0.009218885047899018,2450293492.717379
0.009235108350057168,2454569428.97143
0.009251360201820996,2458852889.975545
0.009267640653431814,2463140132.0524125
0.00928394975521935,2467419058.813458
0.00930028755760189,2471705515.5872297
0.009316654111086472,2475999515.624974
0.009333049466268992,2480301072.20125
0.00934947367383439,2484590583.5166683
0.009365926784556802,2488887419.505148
0.00938240884929972,2493191817.0228376
0.009398919919016134,2497503789.3764405
0.009415460044748716,2501807229.4256315
0.009432029277629947,2506114297.766014
0.009448627668882301,2510428945.642396
0.009465255269818389,2514751186.3931694
0.00948191213184112,2519068155.4622245
0.009498598306443866,2523385302.9234047
0.00951531384521061,2527710047.65772
0.009532058799816119,2532042403.0347786
0.009548833222026093,2536372516.784729
0.009565637163697327,2540699582.864311
0.009582470676777876,2545034263.6717157
0.009599333813307213,2549376572.6072655
0.009616226625416386,2553719464.696274
0.009633149165328187,2558056280.6119723
0.009650101485357306,2562400728.413158
0.009667083637910497,2566752821.530346
0.009684095675486741,2571108146.572794
0.009701137650677401,2575454534.1330957
0.009718209616166396,2579808570.4229703
0.009735311624730352,2584170268.902574
0.009752443729238777,2588537705.8445215
0.00976960598265421,2592893476.1807065
0.0097867984380324,2597256911.758178
0.00980402114852246,2601628026.066153
0.009821274167367035,2606006832.617585
0.009838557547902464,2610372234.2154627
0.00985587134355895,2614744867.7533035
0.009873215607860721,2619125196.208127
0.009890590394426194,2623513233.1213717
0.009907995756968147,2627889930.4645033
0.009925431749293879,2632271546.8943706
0.009942898425305375,2636660874.049224
0.009960395838999483,2641057925.4983215
0.00997792404446807,2645445682.1984005
0.009995483095898197,2649836050.8813396
0.010013073047572275,2654234145.6913915
0.01003069395386825,2658639980.22492
0.010048345869259755,2663038602.335943
0.010066028848316288,2667437474.9829183
0.010083742945703382,2671844088.722199
0.01010148821618276,2676258457.1764817
0.01011926471461252,2680667800.52631
0.0101370724959473,2685074908.8261127
0.010154911615238444,2689489772.7112403
0.010172782127634176,2693912405.8298945
0.010190684088379772,2698332384.9122996
0.010208617552817718,2702747437.8151703
0.010226582576387906,2707170260.2841997
0.01024457921462778,2711600865.9921937
0.01026260752317252,2716031464.8525906
0.010280667557755212,2720454145.4467196
0.010298759374207024,2724884609.0301423
0.010316883028457373,2729322869.299286
0.0103350385765341,2733764154.9837956
0.010353226074563644,2738194116.887572
0.01037144557877121,2742631874.5942187
0.010389697145480957,2747077441.8227105
0.010407980831116154,2751529595.59007
0.010426296692199357,2755966740.0445695
0.01044464478535262,2760411692.941722
0.010463025167297607,2764864468.022745
0.010481437894855814,2769325079.053041
0.010499883024948729,2773771045.9939613
0.010518360614598009,2778223118.1020203
0.01053687072092566,2782683024.922264
0.010555413401154208,2787150780.242145
0.010573988712606881,2791606042.080121
0.010592596712707781,2796065159.2705626
0.010611237458982063,2800532123.5710583
0.010629911009056123,2805006948.790872
0.01064861742065776,2809470741.3374267
0.010667356751616359,2813936831.286594
0.01068612905986308,2818410780.616406
0.010704934403431026,2822892603.1577225
0.010723772840455425,2827364162.827915
0.010742644429173817,2831837154.9719143
0.010761549227926217,2836318018.6429725
0.010780487295155317,2840806767.6933236
0.010799458689406648,2845285331.9552813
0.010818463469328774,2849765157.445987
0.010837501693673465,2854252866.4890056
0.010856573421295885,2858748472.957735
0.010875678711154767,2863233280.7564
0.010894817622312598,2867719872.418547
0.010913990213935812,2872214359.54005
0.01093319654529495,2876716756.0152583
0.01095243667576487,2881207048.171473
0.010971710664824906,2885700340.4607635
0.010991018572059068,2890201540.0011067
0.011010360457156225,2894710660.707603
0.011029736379910279,2899205680.29371
0.01104914640022036,2903705609.2559714
0.011068590578091007,2908213457.1484346
0.011088068973632357,2912729237.906757
0.011107581647060326,2917228230.599751
0.011127128658696799,2921734733.831076
0.01114671006896981,2926249167.561938
0.01116632593841374,2930768671.5638433
0.011185976327669494,2935273760.161619
0.011205661297484694,2939786776.769473
0.011225380908713865,2944307735.3390384
0.011245135222318618,2948829806.6235957
0.011264924299367856,2953341337.8411446
0.011284748201037937,2957860808.4064302
0.011304606988612883,2962388232.2910376
0.011324500723484562,2966912124.5113125
0.01134442946715288,2971430040.4678187
0.011364393281225968,2975955907.0078616
0.011384392227420378,2980489738.122798
0.011404426367561265,2985014708.7883134
0.011424495763582586,2989538953.0008
0.011444600477527286,2994071158.9332247
0.011464740571547501,2998611340.5965424
0.011484916107904732,3003136651.327774
0.01150512714897005,3007667168.6759434
0.011525373757224289,3012205658.7834516
0.011545655995258234,3016748285.433914
0.011565973925772815,3021277052.446691
0.011586327611579305,3025813789.1385846
0.011606717115599512,3030358509.5345573
0.01162714250086597,3034900097.9981513
0.011647603830522144,3039435021.024289
0.011668101167822605,3043977924.562835
0.011688634576133243,3048528822.6578145
0.011709204118931482,3053068646.7131243
0.011729809859806425,3057609674.6077476
0.011750451862459082,3062158693.7580657
0.011771130190702573,3066713961.6670947
0.011791844908462308,3071253056.6592994
0.0118125960797762,3075800139.505697
0.011833383768794848,3080355224.2632346
0.011854208039781745,3084907371.118474
0.011875068957113476,3089452461.7917314
0.011895966585279912,3094005550.8703203
0.011916900988884415,3098566652.429756
0.011937872232644038,3103114966.1254334
0.011958880381389715,3107666005.0105233
0.011979925500066475,3112225052.768549
0.012001007653733638,3116786961.866596
0.012022126907565007,3121335897.4579883
0.012043283326849083,3125892838.2209625
0.012064476976989258,3130457798.242938
0.012085707923504024,3135014543.0171385
0.012106976232027172,3139569324.97061
0.01212828196830799,3144132122.384033
0.012149625198211474,3148701260.726795
0.012171005987718529,3153253833.398768
0.012192424402926168,3157814417.642821
0.012213880510047728,3162383027.5576377
0.012235374375413062,3166940609.6881704
0.012256906065468753,3171489353.80596
0.012278475646778315,3176046102.7583795
0.012300083186022399,3180610870.6322546
0.012321728749998997,3185183671.5392036
0.012343412405623661,3189737745.169444
0.012365134219929687,3194290572.5637465
0.012386894260068351,3198851411.978388
0.012408692593309085,3203420277.5128384
0.012430529287039716,3207997183.2913866
0.012452404408766646,3212546173.227406
0.012474318026115086,3217103000.857176
0.012496270206829242,3221667847.546856
0.012518261018772545,3226240727.4083095
0.012540290529927844,3230811266.843855
0.012562358808397633,3235364002.3440356
0.012584465922404243,3239924749.70284
0.012606611940290065,3244493523.0194564
0.012628796930517758,3249070336.4178853
0.01265102096167046,3253632798.0112324
0.012673284102452005,3258189368.431226
0.01269558642168713,3262753957.458496
0.012717927988321684,3267326579.2041078
0.012740308871422851,3271907247.80396
0.012762729140179358,3276460105.1906905
0.012785188863901691,3281020434.9630165
0.012807688112022304,3285588789.958291
0.012830226954095839,3290165184.29922
0.012852805459799345,3294735379.004676
0.012875423698932475,3299291377.2347536
0.012898081741417732,3303855393.0651736
0.012920779657300653,3308427440.60523
0.012943517516750047,3313007533.989044
0.012966295390058209,3317565223.940782
0.012989113347641124,3322124830.777588
0.013011971460038702,3326692461.5651264
0.013034869797914989,3331268130.423867
0.013057808432058378,3335840433.159486
0.013080787433381839,3340395563.6658993
0.013103806872923124,3344958710.2456408
0.013126866821845029,3349529887.0053225
0.01314996735143555,3354109108.0763717
0.013173108533108139,3358666071.015699
0.013196290438401924,3363224668.338135
0.013219513138981934,3367791287.834771
0.013242776706639307,3372365943.62295
0.013266081213291517,3376934851.177127
0.013289426730982599,3381488836.511104
0.013312813331883373,3386050835.903149
0.01333624108829166,3390620863.456321
0.013359710072632515,3395198933.2985
0.013383220357458443,3399749734.717351
0.013406772015449625,3404307053.4012256
0.013430365119414147,3408872392.0091667
0.013453999742288222,3413445764.6545534
0.01347767595713641,3418005902.4588456
0.013501393837151853,3422558481.987516
0.013525153455656504,3427119073.1003337
0.013548954886101335,3431687689.896002
0.013572798202066583,3436255652.3364396
0.013596683477261971,3440802358.0454125
0.013620610785526933,3445357065.0018406
0.01364458020083085,3449919787.286241
0.013668591797273266,3454490539.0039086
0.013692645649084133,3459037396.4248996
0.013716741830624025,3463583610.7143207
0.013740880416384377,3468137825.3864036
0.013765061480987715,3472700054.520141
0.013789285099187889,3477266930.751717
0.013813551345870286,3481804599.0879717
0.013837860296052093,3486350252.7678046
0.013862212024882496,3490903905.8437433
0.01388660660764294,3495465572.393046
0.013911044119747347,3500018276.0600333
0.013935524636742342,3504555317.9181604
0.01396004823430751,3509100344.0173965
0.013984614988255603,3513653368.408329
0.014009224974532804,3518214405.166271
0.014033878269218926,3522751294.815859
0.01405857494852768,3527287645.469467
0.014083315088806893,3531831979.14781
0.014108098766538745,3536384309.899332
0.014132926058340019,3540936155.285511
0.014157797040962315,3545462148.881057
0.014182711791292303,3549996107.2750854
0.014207670386351968,3554538044.4839735
0.01423267290329882,3559087974.5487585
0.014257719419426162,3563626255.3349266
0.014282810012163317,3568149796.7617173
0.01430794475907586,3572681298.6716886
0.01433312373786587,3577220775.0736237
0.014358347026372169,3581768240.0009527
0.014383614702570548,3586291218.899432
0.014408926844574031,3590812246.2235727
0.014434283530633096,3595341229.6066036
0.014459684839135933,3599878183.049518
0.01448513084860867,3604418574.150054
0.014510621637715633,3608929089.9640946
0.014536157285259572,3613447543.338974
0.01456173787018192,3617973948.243134
0.014587363471563029,3622508318.6695952
0.014613034168622415,3627030061.9993134
0.014638750040719004,3631537950.641151
0.014664511167351377,3636053772.220557
0.014690317628158001,3640577540.697833
0.014716169502917532,3645109270.0578556
0.014742066871548979,3649610715.231657
0.014768009814112007,3654115920.870156
0.014793998410807164,3658629054.724698
0.014820032741976137,3663150130.7472835
0.014846112888102002,3667664130.2965684
0.014872238929809458,3672158689.4535236
0.014898410947865101,3676661158.090953
0.014924629023177644,3681171550.1278806
0.014950893236798192,3685689879.5078254
0.014977203669920482,3690180402.6832576
0.015003560403881129,3694672177.4976544
0.01502996352015989,3699171856.892666
0.015056413100379907,3703679454.7786946
0.01508290922630796,3708179414.7584786
0.015109451979854726,3712660469.045457
0.015136041443075019,3717149409.047172
0.015162677698168063,3721646248.6408267
0.015189360827477728,3726151001.728045
0.015216090913492792,3730624418.235008
0.015242868038847201,3735102593.9134297
0.015269692286320313,3739588650.2408423
0.015296563738837166,3744082601.085534
0.015323482479468725,3748562439.931571
0.015350448591432142,3753029828.097982
0.01537746215809102,3757505077.929629
0.015404523262955655,3761988203.2613893
0.015431631989683312,3766472978.2967563
0.015458788422078469,3770929557.426906
0.015485992644093087,3775393979.200657
0.015513244739826862,3779866257.419413
0.015540544793527487,3784346405.9088693
0.015567892889590916,3788800256.850638
0.015595289112561622,3793253830.5979943
0.015622733547132854,3797715241.700108
0.01565022627814691,3802184503.949079
0.01567776739059539,3806640430.321226
0.01570535696961946,3811083137.596556
0.015732995100510114,3815533663.1039343
0.015760681868708448,3819992020.601807
0.01578841735980591,3824448610.644287
0.015816201659544574,3828880434.456929
0.0158440348538174,3833320057.349012
0.0158719170286685,3837767493.0452743
0.015899848270293414,3842222755.294613
0.01592782866503936,3846644284.057084
0.015955858299405507,3851072988.705638
0.015983937260043258,3855509486.944557
0.016012065633756484,3859953792.488925
0.016040243507501828,3864373277.70307
0.016068470968388957,3868791049.809627
0.016096748103680825,3873216596.267569
0.016125075000793958,3877649930.758123
0.016153451747298715,3882066034.920596
0.016181878430919554,3886472861.456448
0.01621035513953532,3890887443.0817804
0.016238881961179497,3895309793.4439206
0.016267458984040497,3899721203.2293634
0.01629608629646192,3904117072.3779964
0.016324763986942832,3908520677.33341
0.016353492144138046,3912932031.7089963
0.016382270856858384,3917337457.9017334
0.01641110021407095,3921722359.003551
0.016439980304899418,3926114976.6106863
0.01646891121862429,3930515324.302568
0.01649789304468322,3934913501.7072344
0.016526925872671214,3939287425.206591
0.016556009792340953,3943669045.892991
0.01658514489360308,3948058377.311867
0.016614331266526446,3952448064.644732
0.01664356900133841,3956811002.039052
0.016672858188425115,3961181617.2871776
0.016702198918331756,3965559923.900519
0.01673159128176288,3969939903.663076
0.016761035369582653,3974291847.4540358
0.01679053127281513,3978651449.7523675
0.016820079082644566,3983018724.035435
0.016849678890415668,3987387802.3718467
0.0168793307876339,3991728746.018505
0.016909034865965757,3996077328.8145924
0.01693879121723903,4000433564.203405
0.016968599933443136,4004790570.743171
0.01699846110672935,4009120508.617002
0.017028374829411125,4013458066.2724094
0.01705834119396437,4017803257.118611
0.017088360293027714,4022147044.8058248
0.017118432219402836,4026465972.147507
0.017148557066054705,4030792499.8945413
0.017178734926111904,4035126641.4220467
0.017208965892866888,4039456086.332428
0.017239250059776303,4043763999.2103543
0.017269587520461246,4048079493.1104894
0.017299978368707575,4052402581.3738403
0.017330422698466186,4056716582.5207157
0.01736092060385332,4061013477.79118
0.017391472179150828,4065317934.6951766
0.017422077518806485,4069629966.5395927
0.017452736717434275,4073927445.669895
0.017483449869814684,4078213320.9387712
0.01751421707089498,4082506738.448292
0.017545038415789537,4086807711.4712157
0.01757591399978009,4091087612.852468
0.017606843918316073,4095362466.438462
0.017637828267014866,4099644842.869251
0.01766886714166214,4103934755.3834634
0.017699960638212105,4108196045.582678
0.01773110885278785,4112459876.481927
0.017762311881681606,4116731210.8283567
0.01779356982135507,4121006392.531442
0.01782488276843968,4125251729.481826
0.017856250819736935,4129504537.3339252
0.017887674072218678,4133764829.234956
0.017919152623027405,4138019340.424093
0.01795068656947656,4142253673.9414
0.017982276009050842,4146495458.9966908
0.0180139210394065,4150744708.7031054
0.018045621758371634,4154977580.8719196
0.01807737826394651,4159200911.7843127
0.018109190654303848,4163431674.872416
0.018141059027789126,4167669883.215294
0.0181729834829209,4171880169.2411647
0.018204964118391096,4176092498.924828
0.018237001033065314,4180312241.4243464
0.01826909432598313,4184532233.798853
0.01830124409635842,4188726183.677618
0.018333450443579653,4192927514.0276375
0.0183657134672102,4197136237.836994
0.01839803326698864,4201328072.5798664
0.01843040994282907,4205503801.640935
0.01846284359482141,4209686879.1084476
0.018495334323231753,4213877317.9140563
0.018527882228502594,4218065171.4978266
0.018560487411253202,4222222719.0953317
0.01859314997227992,4226387583.1037226
0.018625870012556462,4230559776.3983464
0.018658647633234247,4234739311.877205
0.018691482935642684,4238881490.2227964
0.018724376021289516,4243028180.609085
0.018757326991861105,4247182168.2998466
0.01879033594922277,4251343466.1368046
0.018823402995419083,4255478708.02091
0.0188565282326742,4259607264.9755197
0.018889711763392165,4263743087.3235707
0.018922953690157236,4267886187.850629
0.018956254115734195,4272013003.666288
0.018989613143068667,4276123467.67449
0.019023030875287443,4280241165.2363424
0.019056507415698795,4284366109.081385
0.019090042867792794,4288483045.8703985
0.019123637335241632,4292575457.6552367
0.019157290921899946,4296675071.225604
0.01919100373180513,4300781899.255133
0.019224775869177663,4304887540.228733
0.019258607438421435,4308961940.695339
0.01929249854412406,4313043511.251335
0.01932644929105721,4317132264.514575
0.019360459784176918,4321225228.564311
0.019394530128623938,4325281658.745368
0.019428660429724038,4329345227.391885
0.01946285079298834,4333415947.066065
0.019497101324113638,4337493830.352215
0.019531412128982743,4341533389.268447
0.01956578331366478,4345578997.184628
0.019600214984415554,4349631724.521354
0.019634707247677838,4353691583.807315
0.01966926021008173,4357715944.575413
0.019703873978444985,4361743632.961954
0.019738548659773317,4365778409.234432
0.019773284361260756,4369820285.866042
0.019808081190289973,4373828171.155958
0.019842939254432604,4377837981.183257
0.019877858661449598,4381854847.634335
0.019912839519291535,4385878782.927015
0.01994788193609896,4389868949.006504
0.01998298602020273,4393860921.763351
0.020018151880124336,4397859919.554128
0.020053379624576255,4401865954.741416
0.02008866936246226,4405837190.954799
0.020124021202877783,4409811367.397563
0.02015943525511024,4413792537.5564785
0.020194911628639362,4417780713.739019
0.020230450433137547,4421731841.981708
0.0202660517784702,4425688262.883853
0.02030171577469605,4429651646.256126
0.020337442532067523,4433620091.757796
0.02037323216103105,4437551878.540309
0.020409084772227443,4441490584.442069
0.020445000476492198,4445436221.639277
0.020480979384855876,4449380372.313465
0.02051702160854442,4453282256.926047
0.02055312725897951,4457191008.036338
0.020589296447778897,4461106637.727931
0.020625529286756768,4465029158.105685
0.020661825887924073,4468945902.744254
0.02069818636348886,4472824880.604753
0.020734610825856693,4476710684.651888
0.020771099387630894,4480603326.898311
0.020807652161612955,4484502819.377818
0.020844269260802892,4488389881.600289
0.020880950798399557,4492246041.345265
0.020917696887801016,4496108987.121782
0.020954507642604897,4499978730.871832
0.020991383176608733,4503855284.55842
0.02102832360381031,4507710467.056518
0.021065329038408034,4511543897.450968
0.021102399594801275,4515384073.878076
0.021139535387590717,4519231008.209441
0.021176736531578724,4523084712.337558
0.021214003141769685,4526904063.361004
0.02125133533337037,4530712220.356286
0.021288733221790295,4534527078.908351
0.021326196922642062,4538348650.810527
0.021363726551741742,4542176947.876903
0.021401322225109203,4545969315.094688
0.021438984058968494,4549751118.626896
0.021476712169748186,4553539577.339322
0.021514506674081748,4557334702.943686
0.0215523676888079,4561136507.172319
0.021590295330970954,4564905139.916565
0.02162828971782122,4568660721.5881195
0.021666350966815337,4572422912.294922
0.021704479195616636,4576191723.667488
0.021742674522095513,4579967167.356799
0.0217809370643298,4583709546.029748
0.021819266940605108,4587439037.148925
0.021857664269415218,4591175091.389458
0.02189612916946242,4594917720.30106
0.021934661759657914,4598666935.453773
0.021973262159122146,4602380633.678183
0.022011930487185194,4606084165.209557
0.022050666863387126,4609794214.178861
0.022089471407478384,4613510792.055418
0.022128344239420138,4617233910.328733
0.02216728547938467,4620916592.797849
0.022206295247755733,4624594295.316306
0.02224537366512894,4628278469.819053
0.022284520852312122,4631969127.695423
0.022323736930325702,4635666280.3547945
0.022363022020403082,4639315700.704815
0.022402376243991003,4642967704.352909
0.022441799722749928,4646626134.760676
0.022481292578554416,4650291003.2378645
0.022520854933493508,4653956255.925334
0.022560486909871086,4657576319.821323
0.02260018863020626,4661202754.269729
0.02263996021723376,4664835570.481386
0.02267980179390429,4668474779.686856
0.02271971348338493,4672101513.739884
0.0227596954090595,4675693930.4920225
0.022799747694528964,4679292669.143409
0.022839870463611783,4682897740.819258
0.022880063840344324,4686509156.664363
0.022920327948981217,4690104430.783108
0.02296066291399577,4693669357.98023
0.023001068860080333,4697240558.700755
0.02304154591214668,4700818043.984765
0.023082094195326416,4704401824.891774
0.02312271383497134,4707963353.925744
0.023163404956653855,4711500948.363981
0.023204167686167315,4715044768.2257
0.02324500214952651,4718594824.466346
0.02328590847296793,4722151128.060632
0.023326886782950224,4725676719.816493
0.023367937206154602,4729187137.467377
0.023409059869485185,4732703732.716305
0.023450254900069436,4736226516.434555
0.02349152242525852,4739755499.512532
0.023532862572627728,4743239773.122577
0.02357427546997684,4746719175.46289
0.02361576124533056,4750204700.820815
0.023657320026938867,4753696359.971576
0.02369895194327744,4757194163.709358
0.023740657123048056,4760653952.852207
0.023782435695178964,4764102552.550768
0.02382428778882532,4767557221.060756
0.02386621353336955,4771017969.062006
0.023908213058421772,4774484807.253146
0.023950286493820187,4777917459.776421
0.023992433969631487,4781335468.0355
0.02403465561615126,4784759491.271494
0.024076951563904374,4788189540.069505
0.0241193219436454,4791625625.033252
0.024161766886359008,4795028601.036132
0.024204286523260385,4798416227.566304
0.024246880985795607,4801809815.607928
0.02428955040564209,4805209375.652016
0.024332294914708955,4808614918.208035
0.024375114645137478,4811985786.995366
0.024418009729301447,4815343239.993109
0.024460980299807627,4818706601.403225
0.024504026489496126,4822075881.623276
0.02454714843144083,4825451091.069126
0.0245903462589498,4828787528.161674
0.02463362010556571,4832115014.289582
0.02467697010506622,4835448356.094462
0.024720396391464415,4838787563.881077
0.024763899099009223,4842132647.9723215
0.024807478362185817,4845432432.173953
0.024851134315716037,4848730156.54327
0.024894867094558796,4852033684.215114
0.024938676833910527,4855343025.402076
0.02498256366920556,4858656775.884689
0.025026527736116567,4861919200.85707
0.02507056917055498,4865187367.012445
0.02511468810867141,4868461284.454098
0.025158884686856047,4871740963.30308
0.025203159041739115,4875013507.049861
0.02524751131019128,4878246627.343187
0.025291941629324053,4881485437.249428
0.025336450136490257,4884729946.781106
0.025381036969284405,4887980165.96837
0.02542570226554317,4891209545.993487
0.02547044616334576,4894413492.886821
0.0255152688010144,4897623078.054011
0.025560170317114727,4900838311.417235
0.02560515085045621,4904059202.916132
0.025650210540092606,4907243856.372412
0.025695349525322375,4910418829.375465
0.02574056794568912,4913599389.664412
0.025785865940981995,4916785547.0717
0.025831243651236166,4919974757.693688
0.025876701216733234,4923114168.331505
0.025922238778001656,4926259103.672915
0.02596785647581719,4929409573.440242
0.02601355445120332,4932565587.372909
0.026059332845431757,4935710571.766784
0.026105191800022753,4938820253.556189
0.026151131456745632,4941935407.732657
0.026197151957619215,4945056043.926444
0.026243253444912223,4948182171.784744
0.026289436061143756,4951281017.5568695
0.026335699949083705,4954361222.994832
0.026382045251753222,4957446848.947668
0.026428472112425133,4960537904.954348
0.0264749806746244,4963634400.570624
0.026521571082128555,4966685300.519611
0.026568243478968155,4969736278.609824
0.02661499800942722,4972792625.780914
0.026661834818043666,4975854351.4813385
0.026708754049609786,4978906025.903216
0.026755755849172662,4981922713.474285
0.026802840362034626,4984944709.78212
0.026850007733753734,4987972024.16898
0.026897258110144165,4991004665.993569
0.026944591637276714,4994004634.681957
0.026992008461479238,4996992633.138532
0.02703950872933708,4999985889.845052
0.02708709258769357,5002984414.054935
0.027134760183650422,5005980620.276252
0.02718251166456824,5008934969.015107
0.027230347178066935,5011894516.787474
0.027278266872026218,5014859272.742555
0.027326270894586016,5017829246.045659
0.02737435939414696,5020770384.009535
0.027422532519370844,5023696566.78734
0.027470790419181063,5026627899.032476
0.027519133242763092,5029564389.806924
0.027567561139564933,5032497634.722778
0.0276160742592976,5035390791.717992
0.027664672751935557,5038289040.062092
0.027713356767717193,5041192388.714786
0.02776212645714528,5044100846.651541
0.027810981970987452,5046976030.221933
0.02785992346027666,5049841529.815507
0.02790895107631164,5052712072.086747
0.02795806497065738,5055587665.909709
0.02800726529514559,5058451204.511279
0.028056552201875178,5061284285.9225025
0.02810592584321271,5064122352.962198
0.02815538637179289,5066965414.404025
0.028204933940519015,5069813479.037083
0.028254568702563477,5072616306.566983
0.028304290811368198,5075422225.00932
0.028354100420645147,5078233081.279007
0.02840399768437678,5081048884.065582
0.028453982756816543,5083836667.500896
0.028504055792489307,5086610759.53755
0.028554216946191913,5089389733.393762
0.028604466372993586,5092173597.660507
0.028654804228236446,5094944519.159863
0.028705230667535983,5097687102.611732
0.028755745846781543,5100434512.434662
0.028806349922136796,5103186757.122057
0.028857043050040228,5105939083.876817
0.02890782538720564,5108650472.264331
0.028958697090622588,5111366632.126147
0.02900965831755692,5114087571.8590555
0.029060709225551228,5116813299.874626
0.029111849972425347,5119500155.802151
0.02916308071627683,5122185375.535946
0.0292144016154815,5124875320.692706
0.02926581282869383,5127569999.588183
0.02931731451484751,5130232549.252564
0.02936890683315592,5132882809.576606
0.02942058994311263,5135537733.802389
0.029472364004491877,5138197330.137403
0.029524229177349065,5140852972.080394
0.02957618562202127,5143468640.436397
0.029628233499127726,5146088911.819538
0.029680372969570313,5148713794.330183
0.02973260419453408,5151343296.082947
0.029784927335487717,5153941845.062122
0.029837342554184066,5156527827.362526
0.02988985001266063,5159118360.448846
0.029942449873240046,5161713452.32951
0.029995142298530623,5164301481.618463
0.03004792745142681,5166853534.309045
0.030100805495109732,5169410078.076553
0.030153776593047674,5171971120.824343
0.030206840908996575,5174536670.469668
0.030259998607000578,5177065165.024184
0.03031324985139248,5179588075.325495
0.030366594806794298,5182115425.419245
0.030420033638117724,5184647223.118536
0.03047356651056467,5187161927.662296
0.030527193589627778,5189651556.138713
0.030580915041090905,5192145565.838546
0.030634731031029667,5194643964.471826
0.030688641725811927,5197143103.540963
0.03074264729209833,5199599797.664068
0.0307967478968428,5202060815.0530405
0.030850943707293084,5204526163.315921
0.03090523489099122,5206995850.0741415
0.0309596216157741,5209432147.6988125
0.031014104049773988,5211860516.724488
0.031068682361419003,5214293159.169808
0.031123356719433663,5216730082.555093
0.031178127292839426,5219148022.2032385
0.031232994250955177,5221544082.719157
0.03128795776339777,5223944359.798526
0.03134301800008254,5226348860.86161
0.03139817513122385,5228746902.88189
0.03145342932733561,5231110990.688896
0.031508780759231775,5233479238.794097
0.03156422959802692,5235851654.5187435
0.03161977601513673,5238228245.196971
0.031675420182278556,5240560781.718222
0.03173116227147193,5242897333.222434
0.031787002455039105,5245237996.566731
0.03184294090560558,5247582778.987086
0.031898977796100646,5249893058.035905
0.03195511329975791,5252198241.334756
0.032011347590115834,5254507481.272235
0.03206768084101827,5256820784.987173
0.032124113226615,5259107480.7896385
0.032180644921362266,5261381620.342023
0.03223727610002333,5263659761.902558
0.032294006937669,5265941912.51394
0.03235083760967814,5268203767.882258
0.03240776829173829,5270447184.250938
0.032464799159846146,5272694548.561419
0.0325219303903081,5274945867.761246
0.03257916215974085,5277181691.86812
0.032636494645071845,5279394701.760051
0.0326939280235399,5281611606.084763
0.032751462472695836,5283832411.695644
0.032809098170402784,5286041077.908121
0.03286683529483696,5288223994.214537
0.03292467402448808,5290410751.99534
0.032982614538160024,5292601358.010727
0.03304065701497128,5294781801.782162
0.03309880163435558,5296934933.61834
0.033157048576062394,5299091854.514492
0.033215398020157536,5301252571.138573
0.03327385014702368,5303403787.95737
0.03333240513736095,5305527440.702148
0.033391063172187464,5307654830.629893
0.033449824432839885,5309785964.317262
0.03350868910097399,5311907007.711093
0.03356765735856523,5314001483.046028
0.03362672938790932,5316099644.2178135
0.033685905371622735,5318201497.712748
0.03374518549264336,5320291477.306937
0.033804569934230984,5322357073.255191
0.0338640588799679,5324426304.2186365
0.03392365251375947,5326499176.594139
0.03398335101983469,5328557256.222946
0.034043154582746774,5330594267.1878
0.03410306338737368,5332634862.864277
0.034163077618918736,5334679049.560718
0.034223197462911185,5336704445.430249
0.03428342310520677,5338713162.233332
0.03434375473198827,5340725413.956253
0.034404192529766155,5342741206.819731
0.03446473668537906,5344733185.721278
0.034525387385994505,5346713895.640421
0.034586144819109266,5348698091.193167
0.034647009172550085,5350685778.513496
0.034707980634474354,5352643656.086056
0.03476905939337058,5354596642.892807
0.03483024563805876,5356553066.546301
0.03489153955769147,5358512933.094671
0.03495294134175387,5360436072.135477
0.03501445118006483,5362361616.13228
0.03507606926277703,5364290548.682244
0.035137795780378005,5366215641.391532
0.03519963092369027,5368110684.570407
0.035261574883872396,5370009062.62741
0.035323627852419104,5371910781.431221
0.03538579002116236,5373799579.740031
0.035448061582271435,5375667777.695368
0.03551044272825408,5377539263.286876
0.03557293365195652,5379414042.300098
0.03563553454656463,5381266045.603916
0.03569824560560398,5383107667.975764
0.03576106702294097,5384952531.216336
0.03582399899278292,5386800641.028879
0.03588704170967913,5388615389.527255
0.03595019536852106,5390430702.637498
0.036013460164543355,5392249210.31769
0.036076836293324,5394061867.735284
0.03614032395078539,5395847991.420241
0.03620392333319448,5397637258.307884
0.03626763463716382,5399429673.929589
0.03633145805965176,5401203876.688282
0.036395393797963464,5402964259.240715
0.03645944204975108,5404727739.696839
0.03652360301301483,5406494323.508323
0.03658787688610311,5408223027.691661
0.03665226386771365,5409950514.432855
0.03671676415689356,5411681041.188023
0.036781377953040505,5413414613.306954
0.0368461054559028,5415126510.619483
0.036910946865580496,5416821550.656991
0.036975902382525565,5418519573.609086
0.03704097220754296,5420220584.725074
0.03710615654179075,5421914206.818092
0.037171455586781296,5423577242.214238
0.03723686954438127,5425243204.203521
0.03730239861681287,5426912097.936134
0.03736804300665391,5428583928.571326
0.03743380291683894,5430217530.13296
0.03749967855065939,5431851867.0443735
0.03756567011176468,5433489080.045623
0.03763177780416238,5435129174.198013
0.037698001832219295,5436742419.069868
0.03776434240066164,5438345559.933861
0.03783079971457616,5439951521.989193
0.03789737397941024,5441560310.200565
0.037964065400973065,5443151974.317088
0.038030874185435756,5444724341.4089365
0.03809780053933251,5446299475.536743
0.038164844669560716,5447877381.569912
0.03823200678338212,5449446318.911987
0.038299287088422944,5450988327.849614
0.038366685792675055,5452533050.399227
0.03843420310449606,5454080491.336206
0.038501839232610524,5455625630.84657
0.038569594386110045,5457137690.686931
0.03863746877445444,5458652411.43515
0.03870546260747187,5460169797.773867
0.03877357609536002,5461689854.393962
0.0388418094486862,5463172653.707535
0.038910162878388485,5464657775.953727
0.03897863659577615,5466145511.70327
0.039047230812530136,5467635865.555375
0.039115945740704164,5469093490.45199
0.03918478159272485,5470549411.111689
0.039253738581392916,5472007893.886075
0.03932281691988329,5473468943.283933
0.039392016821746326,5474900521.703813
0.03946133850090788,5476327631.400944
0.039530782171670595,5477757252.511516
0.03960034804871392,5479189389.455092
0.0396700363470954,5480594113.066656
0.03973984728225073,5481992796.22428
0.03980978106999505,5483393940.770606
0.03987983792652296,5484797551.037158
0.03995001806840984,5486174672.626652
0.04002032171261188,5487545307.556363
0.040090749076467376,5488918354.515782
0.0401613003776968,5490293817.749577
0.04023197583440405,5491642648.697576
0.04030277566507656,5492985607.687467
0.04037370008858653,5494330930.003223
0.04044474932419107,5495678619.803801
0.040515923591533394,5496998527.646013
0.040587223110642966,5498314177.047274
0.04065864810193674,5499632141.715259
0.040730198786219286,5500952425.724348
0.040801875384684,5502242831.794154
0.040873678118913286,5503531532.106304
0.040945607210879725,5504822500.260441
0.04101766288294628,5506115740.247484
0.04108984535786749,5507376117.3977585
0.041162154858789615,5508638223.352542
0.041234591609251886,5509902550.3488245
0.041307155833186636,5511165283.0877495
0.041379847754920554,5512398972.696968
0.04145266759917482,5513634833.340882
0.04152561559106635,5514872868.840058
0.041598691956107936,5516104182.79495
0.04167189692020952,5517312016.037553
0.041745230709678297,5518521974.813074
0.04181869355122002,5519734062.86201
0.041892285671939075,5520933579.859745
0.04196600729933985,5522115894.060466
0.04203985866132674,5523300288.885948
0.04211383998620555,5524486767.997659
0.04218795150268351,5525654152.909861
0.042262193439870664,5526811279.957485
0.042336566027279934,5527970443.305771
0.04241106949482842,5529131646.538181
0.04248570407283754,5530266605.366285
0.042560469992034326,5531398871.790824
0.04263536748355155,5532533130.766547
0.04271039677892902,5533665882.72003
0.042785558110113704,5534771663.826043
0.04286085170946106,5535879390.874642
0.04293627780973512,5536989067.290277
0.04301183664410985,5538088476.182819
0.04308752844616926,5539170076.504908
0.04316335344990871,5540253580.216479
0.04323931188973502,5541338990.667098
0.04331540400046785,5542404881.841936
0.04339163001733978,5543462611.738004
0.04346799017599766,5544522203.016618
0.043544484712502704,5545583543.704056
0.0436211138633318,5546615891.762354
0.04369787786537795,5547650056.536491
0.04377477695595086,5548686041.223506
0.04385181137277811,5549713191.098471
0.043928981354005345,5550722315.225144
0.044006287138197604,5551733215.198416
0.04408372896433943,5552745894.143398
0.044161307071836256,5553738782.308272
0.044239021700514504,5554724977.391985
0.04431687309062293,5555712907.971992
0.04439486148283279,5556699298.512318
0.04447298711823918,5557661161.927452
0.044551250238361144,5558624718.020251
0.044629651085143086,5559589969.769473
0.04470818990095484,5560541638.867282
0.0447868669285931,5561481187.842693
0.0448656824112815,5562422390.227042
0.04494463659267202,5563365248.929978
0.045023729716845096,5564282215.424376
0.04510296202831101,5565199730.045891
0.04518233377201002,5566118859.300503
0.045261845193313735,5567023559.431797
0.045341496538025265,5567907838.544504
0.04542128805238058,5568793673.8027935
0.045501219983048666,5569681067.945154
0.04558129257713293,5570570023.714896
0.04566150608217126,5571436956.809276
0.045741860746137536,5572291761.577508
0.04582235681744165,5573148070.622662
0.045902994544931026,5574005886.591952
0.04598377417789061,5574865212.137249
0.04606469596604442,5575693796.15273
0.046145760159555585,5576519654.8166
0.04622696700902779,5577346966.818329
0.04630831676550543,5578175734.715483
0.04638980968047498,5578999680.947809
0.04647144600586517,5579795708.992258
0.04655322599404839,5580593137.878939
0.04663514989784084,5581391970.073039
0.046717217970503926,5582192208.044082
0.04679943046574444,5582976216.309419
0.04688178763771596,5583744368.290969
0.04696428974101898,5584513872.058731
0.047046937030702396,5585284729.991568
0.04712972976226359,5586056944.472521
0.047212668191649876,5586800715.601496
0.04729575257525869,5587541483.881942
0.047378983169938986,5588283555.759038
0.04746236023299137,5589026933.5268345
0.04754588402216961,5589762320.665801
0.047629554795680706,5590474932.383351
0.0477133728121864,5591188798.14791
0.04779733833080327,5591903920.166336
0.047881451611104235,5592620300.649377
0.04796571291311867,5593314422.574994
0.04805012249733389,5594000648.447259
0.04813468062469524,5594688081.932982
0.04821938755660766,5595376725.157313
0.048304243554935754,5596060232.438486
0.04838924888200528,5596719371.224783
0.04847440380060329,5597379669.956955
0.04855970857397965,5598041130.676268
0.04864516346584713,5598703755.427568
0.048730768740382936,5599345299.36542
0.04881652466222881,5599979003.988226
0.04890243149649248,5600613823.798119
0.048988489508748206,5601249760.757595
0.049074698965037335,5601878829.347306
0.04916106013186975,5602486467.665567
0.04924757327622397,5603095175.299694
0.04933423866554871,5603704954.131457
0.04942105656776297,5604315806.045939
0.04950802725125761,5604902504.013168
0.04959515098489541,5605485615.632614
0.04968242803801267,5606069753.406088
0.04976985868041931,5606654919.139401
0.04985744318240041,5607227611.1553135
0.04994518181471634,5607785630.631359
0.050033074848604316,5608344632.1045265
0.05012112255577849,5608904617.302924
0.05020932520843156,5609462338.239962
0.05029768307923487,5609995757.430377
0.05038619644133994,5610530115.326575
0.05047486556837863,5611065413.580481
0.050563690734464734,5611601653.84693
0.05065267221419399,5612116580.581481
0.0507418102826458,5612626775.859851
0.050831105215383254,5613137868.974794
0.05092055728845474,5613649861.506313
0.05101016677839406,5614148728.363024
0.051099933962222066,5614635230.482777
0.051189859117446675,5615122588.74412
0.05127994252206459,5615610804.653681
0.05137018445456131,5616092869.2727585
0.05146058519391282,5616556136.451407
0.051551145019585645,5617020218.883029
0.05164186421153851,5617485118.002294
0.05173274305022242,5617949708.696557
0.05182378181658229,5618390188.162218
0.05191498079205705,5618831442.779261
0.05200634025858131,5619273473.911788
0.052097860498585426,5619716282.926302
0.05218954179499715,5620138113.983393
0.05228138443124177,5620556978.039258
0.052373388691243715,5620976579.207924
0.05246555485942665,5621396918.786547
0.05255788322071518,5621796809.429369
0.05265037406053493,5622188151.932231
0.05274302766481421,5622580183.115733
0.052835844319984074,5622972904.191809
0.05292882431298006,5623366316.374528
0.053021967931242274,5623742165.869576
0.05311527546271699,5624107336.929767
0.05320874719585688,5624473150.614353
0.053302383419622595,5624839608.054221
0.053396184423482894,5625206710.382246
0.05349015049741635,5625557698.372076
0.05358428193191143,5625897294.163763
0.05367857901796821,5626237487.572744
0.05377304204709847,5626578279.650699
0.05386767131132736,5626919671.451163
0.05396246710319356,5627245095.281402
0.054057429715750956,5627559694.353661
0.054152559442568735,5627874847.054234
0.0542478565777331,5628190554.357393
0.054343321415847405,5628506817.239123
0.05443895425203383,5628806083.536195
0.0545347553819335,5629096247.292439
0.05463072510170824,5629386921.675971
0.05472686370804061,5629678107.585394
0.05482317149813561,5629969805.920879
0.054919648769721226,5630242422.650723
0.05501629582104912,5630508695.814736
0.05511311295089617,5630775437.563614
0.05521010045856467,5631042648.721965
0.05530725864388402,5631310330.115854
0.055404587807210845,5631555899.099154
0.05550208824943074,5631798810.168159
0.055599760271958405,5632042148.709644
0.05569760417673936,5632285915.475875
0.05579562026625006,5632528645.977984
0.055893808843499704,5632748321.0809765
0.05599217021203028,5632968382.766025
0.05609070467591839,5633188831.713439
0.056189412539775295,5633409668.604716
0.056288294108748756,5633624151.308664
0.05638734968852309,5633821513.646491
0.056486579585320974,5634019223.300593
0.05658598410590358,5634217280.882179
0.0566855635575723,5634415687.003526
0.05678531824816893,5634601783.026489
0.05688524848607738,5634777314.162826
0.056985354580223864,5634953154.197109
0.05708563684007864,5635129303.672935
0.05718609557565617,5635305763.134854
0.05728673109751687,5635463401.114832
0.05738754371676729,5635617568.101557
0.057488533745061854,5635772006.38981
0.05758970149460301,5635926716.4570265
0.05769104727814307,5636077847.68084
0.05779257140898428,5636210869.360351
0.057894274200980644,5636344125.130092
0.05799615596853808,5636477615.402007
0.05809821702661622,5636611340.588775
0.0582004576907285,5636732088.019425
0.05830287827694408,5636842157.230616
0.05840547910188784,5636952420.14051
0.05850826048274233,5637062877.089973
0.058611222737247844,5637173528.420481
0.058714366183704216,5637274900.784481
0.058817691140971046,5637362594.581074
0.058921197928469456,5637450442.700337
0.05902488686618227,5637538445.413845
0.05912875827465584,5637626602.993654
0.059232812475000174,5637707914.92169
0.059337049788890796,5637773790.577897
0.059441470538568894,5637839782.161429
0.05954607504684316,5637905889.876293
0.05965086363708992,5637972113.926857
0.05975583663325502,5638032788.963002
0.05986099435985394,5638077384.595139
0.05996633714197367,5638122058.7062235
0.06007186530527287,5638166811.434366
0.060177579175983695,5638211642.9179125
0.06028347908091199,5638251204.798584
0.06038956534743916,5638275039.966677
0.06049583830352223,5638298917.079661
0.06060229827769588,5638322836.211351
0.06070894559907244,5638346797.435692
0.060815780597343876,5638364861.926568
0.06092280360278192,5638368438.21666
0.06103001494623991,5638372020.800268
0.061137414959153,5638375609.688476
0.06124500397354006,5638379204.89237
0.06135278232200377,5638375472.151448
0.06146075033773246,5638359273.739156
0.06156890835450081,5638343046.821058
0.06167725670667053,5638326791.34699
0.061785795729192204,5638310507.266702
0.06189452575760538,5638284754.703265
0.062003447128040554,5638249248.899217
0.0621125601772193,5638213680.61241
0.06222186524245616,5638178049.732885
0.06233136266165888,5638142356.150495
0.06244105277333028,5638094431.751449
0.06255093591656842,5638040069.529194
0.06266101243106854,5637985611.640843
0.06277128265712326,5637931057.918041
0.06288174693562446,5637876408.1921425
0.06299240560806348,5637806224.288704
0.06310325901653306,5637733440.795626
0.0632143075037275,5637660529.218881
0.06332555141294463,5637587489.33307
0.06343699108808595,5637512473.827934
0.06354862687365864,5637421848.361505
0.06366045911477562,5637331063.413281
0.06377248815715764,5637240118.702612
0.06388471434713337,5637149013.948344
0.06399713803164145,5637051202.672434
0.06410975955823052,5636943011.625151
0.06422257927506135,5636834630.1843405
0.06433559753090695,5636726058.014948
0.0644488146751545,5636617294.781331
0.06456223105780559,5636496501.22856
0.06467584702947826,5636370747.724349
0.064789662941407,5636244772.920373
0.06490367914544495,5636118576.427192
0.06501789599406393,5635992157.854676
0.0651323138403565,5635850132.671538
0.06524693303803614,5635707218.450872
0.06536175394143924,5635564052.731184
0.06547677690552531,5635420635.069888
0.06559200228587896,5635273162.969101
0.06570743043871007,5635113755.53058
0.06582306172085586,5634954067.568435
0.06593889648978107,5634794098.589004
0.06605493510357993,5634633848.097755
0.06617117792097638,5634464793.313464
0.06628762530132612,5634289013.632229
0.06640427760461676,5634112924.615658
0.06652113519146989,5633936525.719391
0.06663819842314124,5633759816.398098
0.06675546766152275,5633569327.145179
0.06687294326914277,5633377533.451351
0.06699062560916802,5633185402.240889
0.06710851504540394,5632992932.919834
0.06722661194229658,5632795482.9413185
0.06734491666493292,5632588384.557466
0.06746342957904287,5632380921.723937
0.06758215105099948,5632173093.799379
0.06770108144782098,5631964900.141309
0.0678202211371711,5631745971.966484
0.0679395704873609,5631523563.331415
0.06805912986734927,5631300763.303846
0.06817889964674477,5631077571.195004
0.06829888019580595,5630850820.021112
0.0684190718854434,5630613837.047819
0.06853947508721996,5630376437.034247
0.06866009017335284,5630138619.246495
0.06878091751671378,5629900382.949368
0.06890195749083106,5629652279.708205
0.06902321046989028,5629400637.936455
0.06914467682873518,5629148553.328018
0.06926635694286963,5628896025.103598
0.06938825118845782,5628639451.316794
0.06951035994232639,5628373912.602374
0.06963268358196462,5628107906.595569
0.06975522248552662,5627841432.474037
0.06987797703183143,5627574489.413998
0.07000094760036527,5627296285.005973
0.07012413457128165,5627016069.7317705
0.07024753832540356,5626735361.337514
0.07037115924422371,5626454158.955419
0.07049499770990662,5626169478.627875
0.07061905410528883,5625875222.694389
0.07074332881388111,5625580448.932241
0.07086782221986863,5625285156.430158
0.07099253470811313,5624989344.27527
0.07111746666415315,5624686322.598468
0.07124261847420617,5624377850.0443325
0.07136799052516885,5624068834.643268
0.07149358320461918,5623759275.439973
0.07161939690081677,5623449171.477475
0.0717454320027049,5623127982.087036
0.07187168889991087,5622805596.128909
0.07199816798274813,5622482642.839183
0.07212486964221647,5622159121.219469
0.0722517942700043,5621831291.443705
0.07237894225848882,5621495872.943883
0.07250631400073815,5621159864.177926
0.07263390989051173,5620823264.107085
0.0727617303222624,5620486071.690789
0.07288977569113662,5620140122.642255
0.07301804639297677,5619791383.191066
0.0731465428243213,5619442030.031661
0.073275265382407,5619092062.084043
0.0734042144651692,5618738824.561775
0.07353339047124403,5618377665.909686
0.07366279379996865,5618015871.694195
0.0737924248513834,5617653440.7968445
0.07392228402623219,5617290372.097208
0.0740523717259646,5616919197.219733
0.0741826883527362,5616545261.144579
0.07431323430941077,5616170667.020442
0.07444400999956052,5615795413.689293
0.07457501582746844,5615416477.693782
0.07470625219812835,5615030686.594754
0.07483771951724737,5614644216.584389
0.07496941819124604,5614257066.467948
0.07510134862726066,5613869235.048584
0.07523351123314342,5613472649.487739
0.07536590641746484,5613074579.007606
0.07549853458951383,5612675808.007005
0.07563139615930019,5612276335.253165
0.07576449153755463,5611871661.805599
0.07589782113573126,5611462254.789056
0.0760313853660077,5611052127.30212
0.07616518464128744,5610641278.076916
0.07629921937520007,5610228243.60044
0.07643348998210361,5609807752.922104
0.07656799687708475,5609386522.268456
0.07670274047596115,5608964550.337297
0.07683772119528172,5608541835.824136
0.07697293945232891,5608111588.61758
0.077108395665119,5607679497.447706
0.07724409025240424,5607246645.888091
0.07738002363367384,5606813032.60061
0.07751619622915482,5606374281.221484
0.07765260845981424,5605931561.910379
0.07778926074735942,5605488063.506238
0.07792615351424034,5605043784.638018
0.0780632871836499,5604596352.314152
0.07820066217952622,5604143227.340088
0.07833827892655294,5603689304.961205
0.07847613785016162,5603234583.774236
0.07861423937653192,5602778323.978342
0.07875258393259403,5602315006.287357
0.0788911719460289,5601850873.25451
0.0790300038452707,5601385923.444971
0.07916908005950694,5600920155.421385
0.07930840101868102,5600447410.581412
0.07944796715349232,5599973271.017719
0.07958777889539882,5599498297.067941
0.07972783667661715,5599022487.263732
0.07986814093012509,5598540949.888883
0.08000869208966185,5598056999.057867
0.08014949058973052,5597572196.574995
0.08029053686559819,5597086540.941539
0.08043183135329854,5596596130.409135
0.08057337448963199,5596102555.040052
0.08071516671216823,5595608111.08195
0.08085720845924639,5595112797.006289
0.08099950016997755,5594613453.696718
0.08114204228424499,5594110432.297581
0.08128483524270663,5593606525.686389
0.08142787948679531,5593101732.305361
0.08157117545872127,5592593415.6017065
0.08171472360147235,5592081118.760478
0.08185852435881656,5591567920.384369
0.08200257817530224,5591053818.886864
0.08214688549626065,5590536505.3195915
0.08229144676780614,5590015095.994039
0.08243626243683874,5589492769.097544
0.0825813329510443,5588969523.015375
0.08272665875889712,5588443204.5427685
0.08287224030966013,5587912838.339311
0.08301807805338746,5587381538.802685
0.08316417244092461,5586849304.290421
0.08331052392391113,5586313986.706042
0.08345713295478072,5585774812.148101
0.08360399998676389,5585234688.756135
0.08375112547388813,5584693614.860403
0.08389850987098053,5584149316.319368
0.08404615363366795,5583601475.105559
0.08419405721837972,5583052669.806233
0.08434222108234773,5582502898.724807
0.08449064568360912,5581949648.381162
0.08463933148100651,5581393275.633723
0.08478827893419053,5580835923.787061
0.08493748850362015,5580277591.118165
0.08508696065056523,5579715427.866094
0.08523669583710675,5579150652.369922
0.08538669452613949,5578584882.98745
0.0855369571813722,5578018117.969651
0.08568748426733028,5577447089.281709
0.085838276249356,5576874033.714348
0.08598933359361109,5576299969.689504
0.08614065676707709,5575724895.432502
0.0862922462375579,5575145056.288452
0.08644410247368006,5574563837.4414
0.0865962259448952,5573981595.771203
0.08674861712148117,5573397977.214983
0.08690127647454289,5572809741.378149
0.08705420447601499,5572220470.369743
0.08720740159866193,5571630162.368084
0.0873608683160808,5571037713.994705
0.08751460510270147,5570441545.606203
0.08766861243378936,5569844328.086504
0.08782289078544561,5569246059.58936
0.08797744063460984,5568644859.110909
0.08813226245906035,5568040858.373272
0.08828735673741685,5567435794.721149
0.0884427239491407,5566829666.284032
0.08859836457453764,5566219795.209079
0.08875427909475798,5565608057.252192
0.0889104679917995,5564995242.764938
0.08906693174850741,5564381189.657304
0.08922367084857737,5563762892.793216
0.08938068577655556,5563143507.856459
0.0895379770178415,5562523032.932257
0.08969554505868828,5561900355.175921
0.08985339038620534,5561274510.139234
0.09001151348835867,5560647563.746678
0.09016991485397365,5560019514.0601015
0.09032859497273522,5559388305.616864
0.09048755433519073,5558754993.2426815
0.09064679343275009,5558120566.371685
0.09080631275768872,5557484956.782208
0.09096611280314762,5556845379.051308
0.09112619406313631,5556204675.797882
0.09128655703253298,5555562845.041246
0.09144720220708738,5554918784.617314
0.09160813008342102,5554271901.10097
0.09176934115902997,5553623879.205453
0.09193083593228521,5552974716.927453
0.09209261490243534,5552322306.23309
0.0922546785696069,5551668184.977452
0.09241702743480719,5551012912.605739
0.09257966199992457,5550355959.586885
0.09274258276773122,5549695826.413654
0.09290579024188345,5549034531.544633
0.09306928492692455,5548372072.935486
0.09323306732828508,5547706871.486827
0.0933971379522857,5547039637.540208
0.09356149730613737,5546371229.401928
0.09372614589794437,5545701391.443098
0.09389108423670443,5545028297.822412
0.09405631283231168,5544354019.698269
0.09422183219555692,5543678554.986197
0.09438764283813046,5543000582.456981
0.09455374527262243,5542320510.0215225
0.09472014001252571,5541639240.801361
0.09488682757223606,5540956563.795425
0.09505380846705525,5540270769.002879
0.09522108321319113,5539583767.355481
0.09538865232776066,5538895556.729422
0.09555651632879014,5538204867.196765
0.09572467573521816,5537512201.61895
0.09589313106689587,5536818317.095146
0.09606188284458993,5536122876.612054
0.09623093158998272,5535424612.153772
0.09640027782567541,5534725118.896645
0.09656992207518811,5534024394.678246
0.09673986486296293,5533321068.678693
0.09691010671436419,5532616028.531769
0.09708064815568122,5531909747.662212
0.09725148971412959,5531201400.390614
0.09742263191785208,5530490142.82695
0.09759407529592158,5529777633.599305
0.09776582037834139,5529063870.505011
0.09793786769604815,5528348851.337527
0.09811021778091218,5527631582.128182
0.09828287116574043,5526911723.522518
0.09845582838427684,5526190598.116846
0.09862908997120529,5525468203.681861
0.09880265646214988,5524744537.98434
0.09897652839367801,5524018376.114129
0.09915070630330067,5523289999.627117
0.09932519072947538,5522560341.350411
0.09949998221160657,5521829399.028332
0.0996750812900486,5521097170.40123
0.09985048850610606,5520362155.074466
0.1000262044020368,5519625336.161123
0.10020222952105227,5518887220.6011915
0.1003785644073205,5518147806.1128435
0.10055520960596646,5517407090.410237
0.10073216566307515,5516663268.908908
0.10090943312569184,5515918075.71434
0.10108701254182521,5515171571.136205
0.10126490446044759,5514423752.866741
0.10144310943149809,5513674227.22233
0.10162162800588292,5512922044.639014
0.10180046073547847,5512168538.372274
0.10197960817313156,5511413706.092704
0.10215907087266272,5510657545.466803
0.10233884938886625,5509899212.980988
0.10251894427751355,5509138786.459297
0.1026993560953534,5508377021.746584
0.10288008540011491,5507613916.487911
0.10306113275050807,5506849468.3242
0.10324249870622684,5506082356.476544
0.10342418382794927,5505313686.089805
0.10360618867734091,5504543663.004568
0.10378851381705494,5503772284.84037
0.1039711598107355,5502999444.381267
0.10415412722301777,5502223945.038377
0.10433741661953146,5501447080.979462
0.10452102856690075,5500668849.802907
0.10470496363274787,5499889249.102871
0.10488922238569309,5499107857.165042
0.10507380539535816,5498324222.337304
0.10525871323236638,5497539208.476796
0.10544394646834611,5496752813.15671
0.10562950567593085,5495965033.945964
0.10581539142876253,5495175143.504506
0.10600160430149186,5494383411.16057
0.10618814486978158,5493590285.533936
0.10637501371030668,5492795764.172717
0.10656221140075774,5491999844.620714
0.1067497385198412,5491201510.860993
0.10693759564728271,5490401713.362226
0.10712578336382729,5489600508.387778
0.10731430225124271,5488797893.460793
0.10750315289231983,5487993562.3021555
0.10769233587087582,5487187145.817065
0.10788185177175447,5486379310.208273
0.10807170118082954,5485570052.9784155
0.10826188468500508,5484759371.625737
0.10845240287221872,5483946632.925927
0.10864325633144191,5483132214.414927
0.10883444565268321,5482316362.698336
0.10902597142698943,5481499075.254012
0.109217834246447,5480680224.523902
0.10941003470418494,5479859265.889386
0.10960257339437539,5479036862.540034
0.10979545091223682,5478213011.933453
0.1099886678540344,5477387711.522774
0.11018222481708341,5476560508.688872
0.11037612239974946,5475731591.875072
0.11057036120145197,5474901216.341709
0.11076494182266437,5474069379.521748
0.11095986486491766,5473235985.244329
0.11115513093080058,5472400588.70898
0.1113507406239631,5471563722.05112
0.11154669454911666,5470725382.683646
0.11174299331203771,5469885568.014894
0.11193963751956795,5469043888.974995
0.1121366277796177,5468200560.807079
0.11233396470116642,5467355748.55865
0.11253164889426591,5466509449.618032
0.1127296809700408,5465661525.92804
0.11292806154069197,5464811761.907583
0.11312679121949681,5463960502.480864
0.11332587062081281,5463107745.016274
0.11352530036007774,5462253486.877586
0.11372508105381325,5461397351.673441
0.11392521331962512,5460539667.024875
0.11412569777620678,5459680473.0314
0.11432653504333966,5458819767.036885
0.11452772574189664,5457957352.651045
0.11472927049384242,5457093260.558684
0.11493116992223705,5456227647.845657
0.1151334246512362,5455360511.835997
0.11533603530609475,5454491784.772246
0.11553900251316708,5453621300.667097
0.11574232689991062,5452749284.69268
0.11594600909488618,5451875734.153232
0.11615004972776159,5451000646.348236
0.11635444942931185,5450123798.688955
0.11655920883142284,5449245391.63672
0.11676432856709164,5448365438.772502
0.11696980927043005,5447483937.375985
0.117175651576665,5446600761.9504
0.11738185612214207,5445715972.912448
0.11758842354432583,5444829626.831553
0.11779535448180355,5443941720.967646
0.11800264957428537,5443052193.502741
0.11821030946260812,5442161028.651394
0.11841833478873542,5441268295.537011
0.11862672619576152,5440373991.399776
0.11883548432791151,5439478091.914158
0.11904460983054506,5438580554.663052
0.11925410335015664,5437681437.934825
0.1194639655343793,5436780738.949924
0.11967419703198495,5435878451.108943
0.119884798492888,5434974542.264113
0.12009577056814576,5434069042.729494
0.12030711390996211,5433161949.705808
0.12051882917168784,5432253260.388844
0.12073091700782428,5431342979.834064
0.1209433780740238,5430431097.555823
0.12115621302709335,5429517610.556224
0.12136942252499491,5428602516.011295
0.12158300722684917,5427685849.391149
0.12179696779293585,5426767583.202452
0.12201130488469736,5425847701.058055
0.12222601916473999,5424926200.114214
0.12244111129683555,5424003127.041327
0.12265658194592473,5423078473.389824
0.12287243177811749,5422152192.542027
0.123088661460697,5421224281.634411
0.12330527166211969,5420294784.683293
0.1235222630520193,5419363737.76007
0.12373963630120706,5418431052.389737
0.1239573920816756,5417496725.688972
0.12417553106659922,5416560789.931556
0.12439405393033774,5415623341.792193
0.12461296134843684,5414684243.940927
0.1248322539976319,5413743493.474606
0.12505193255584834,5412801106.067559
0.12527199770220543,5411857246.745752
0.1254924501170167,5410911726.429706
0.12571329048179378,5409964542.196415
0.1259345194792467,5409015692.015136
0.1261561377932878,5408065409.629322
0.1263781461090321,5407113454.946022
0.12660054511280122,5406159825.0223465
0.12682333549212355,5405204516.910223
0.12704651793573837,5404247783.190434
0.12727009313359605,5403289380.419044
0.12749406177686207,5402329291.059993
0.12771842455791727,5401367512.145244
0.12794318217036185,5400404315.924143
0.12816833530901572,5399439449.619523
0.12839388466992246,5398472885.352784
0.12861983095034957,5397504620.135868
0.1288461748487925,5396534952.097455
0.12907291706497503,5395563605.178457
0.12930005829985322,5394590548.892819
0.12952759925561577,5393615780.232415
0.1297555406356879,5392639631.787359
0.12998388314473194,5391661785.619645
0.13021262748865106,5390682218.647974
0.13044177437458987,5389700927.844097
0.13067132451093827,5388718290.93029
0.13090127860733178,5387733925.40403
0.13113163737465583,5386747827.601115
0.13136240152504577,5385760027.054494
0.13159357177189113,5384770861.38119
0.131825148829836,5383779954.983978
0.13205713341478298,5382787304.799551
0.1322895262438935,5381792988.840915
0.1325223280355921,5380797270.980504
0.13275553950956656,5379799800.865715
0.1329891613867722,5378800575.412944
0.133223194389432,5377799737.749428
0.13345763924104093,5376797443.627579
0.13369249666636626,5375793385.67851
0.13392776739145154,5374787560.798255
0.13416345214361708,5373780195.024688
0.13439955165146414,5372771299.359236
0.13463606664487512,5371760628.249233
0.13487299785501786,5370748178.570269
0.135110346014346,5369734278.075013
0.13534811185660298,5368718754.432266
0.1355862961168226,5367701443.681119
0.13582489953133312,5366682342.676636
0.1360639228377576,5365661900.561443
0.13630336677501811,5364639721.408961
0.13654323208333619,5363615743.4357815
0.13678351950423662,5362590028.32991
0.13702422978054918,5361562972.488604
0.13726536365641012,5360534109.244649
0.13750692187726624,5359503435.417397
0.13774890518987506,5358471158.020128
0.1379913143423094,5357437400.296599
0.13823415008395742,5356401823.376517
0.13847741316552706,5355364424.058479
0.13872110433904636,5354325577.049667
0.13896522435786782,5353285086.95345
0.13920977397666856,5352242765.813118
0.13945475395145487,5351198610.406417
0.13970016503956248,5350153185.923795
0.13994600799966075,5349105932.047258
0.1401922835917533,5348056835.223775
0.140438992577182,5347006080.116805
0.1406861357186277,5345953881.821327
0.14093371378011432,5344899831.877762
0.14118172752700933,5343843927.027595
0.14143017772602806,5342786574.183393
0.14167906514523415,5341727558.687566
0.14192839055404377,5340666679.546811
0.1421781547232262,5339603968.072757
0.1424283584249081,5338539973.902335
0.14267900243257386,5337474107.325563
0.1429300875210701,5336406365.047398
0.1431816144666059,5335337035.614554
0.14343358404675746,5334266167.801303
0.14368599704046825,5333193415.485533
0.14393885422805353,5332118775.350912
0.14419215639120075,5331042884.110238
0.14444590431297397,5329965181.79279
0.1447000987778143,5328885582.945531
0.14495474057154434,5327804084.230964
0.14520983048136843,5326721371.114754
0.14546536929587733,5325636801.059825
0.14572135780504855,5324550322.389307
0.1459777968002508,5323461939.1424465
0.14623468707424442,5322372384.653876
0.1464920294211858,5321280912.778159
0.14674982463662792,5320187520.141096
0.1470080735175248,5319092289.1528845
0.1472667768622318,5317995810.134067
0.1475259354705104,5316897401.542382
0.14778555014352837,5315797059.982191
0.14804562168386443,5314694969.555046
0.14830615089550855,5313591530.3970585
0.14856713858386678,5312486149.417821
0.14882858555576126,5311378823.200138
0.14909049261943516,5310269861.423952
0.14935286058455285,5309159425.775678
0.14961569026220467,5308047035.993801
0.14987898246490716,5306932688.639456
0.1501427380066079,5305816843.351583
0.1504069577026857,5304699374.150243
0.1506716423699553,5303579938.437723
0.1509367928266679,5302458532.753378
0.1512024098925156,5301335791.505687
0.15146849438863202,5300211251.005172
0.15173504713759683,5299084731.549478
0.15200206896343618,5297956244.983417
0.15226956069162742,5296826788.753739
0.15253752314909952,5295695344.918229
0.1528059571642377,5294561909.979117
0.1530748635668839,5293426480.432481
0.15334424318834125,5292289417.280048
0.15361409686137575,5291151036.603793
0.15388442542021813,5290010652.616551
0.15415522970056825,5288868261.792919
0.15442651053959552,5287723860.601287
0.1546982687759437,5286578210.279861
0.15497050524973133,5285430842.7765465
0.15524322080255643,5284281456.147315
0.15551641627749696,5283130046.838935
0.15579009251911563,5281976748.900525
0.15606425037346036,5280822362.563635
0.1563388906880689,5279665944.749159
0.1566140143119695,5278507491.882122
0.15688962209568563,5277347000.381257
0.15716571489123632,5276185092.782949
0.15744229355214112,5275021607.601636
0.15771935893342054,5273856074.930678
0.15799691189160078,5272688491.166926
0.15827495328471422,5271518912.870336
0.15855348397230443,5270348323.383464
0.15883250481542635,5269175673.904867
0.15911201667665137,5268000960.809386
0.1593920204200677,5266824180.46549
0.15967251691128526,5265645969.39146
0.15995350701743624,5264466165.383998
0.1602349916071798,5263284285.169182
0.1605169715507027,5262100325.0933275
0.16079944771972413,5260914421.49723
0.1610824209874962,5259727424.559542
0.16136589222880898,5258538338.756454
0.16164986231999073,5257347160.412006
0.16193433213891312,5256153885.843763
0.16221930256499137,5254959325.200453
0.16250477447918962,5253762994.692948
0.1627907487640211,5252564558.894923
0.16307722630355323,5251364014.101505
0.163364207983408,5250161739.628738
0.16365169469076715,5248958124.6845455
0.16393968731437245,5247752391.630754
0.1642281867445309,5246544536.739935
0.164517193873115,5245334556.278099
0.16480670959356797,5244123599.002607
0.16509673480090417,5242910528.30205
0.16538727039171414,5241695322.851744
0.165678317264165,5240477978.894982
0.1659698763180057,5239259286.472615
0.16626194845456738,5238038837.171301
0.16655453457676847,5236816240.135453
0.16684763558911522,5235591491.58551
0.16714125239770677,5234365054.468815
0.16743538591023563,5233137185.0732765
0.1677300370359928,5231907154.885394
0.16802520668586832,5230674960.102629
0.1683208957723564,5229440768.913757
0.16861710520955578,5228205437.412436
0.16891383591317508,5226967931.987032
0.16921108880053315,5225728248.811896
0.16950886479056435,5224486384.0546465
0.16980716480381894,5223243458.164518
0.17010598976246838,5221998434.916536
0.17040534059030576,5220751220.689034
0.17070521821275106,5219501811.626345
0.17100562355685153,5218251109.881333
0.17130655755128715,5216998525.743836
0.17160802112637089,5215743737.321242
0.17191001521405377,5214486740.73447
0.17221254074792694,5213228253.69826
0.17251559866322352,5211968065.138458
0.1728191898968236,5210705658.91137
0.1731233153872548,5209441031.11437
0.17342797607469765,5208174749.343658
0.1737331729009859,5206906912.377405
0.17403890680961193,5205636844.284274
0.17434517874572728,5204364541.137953
0.174651989656148,5203090455.14971
0.1749593404893551,5201814925.354676
0.17526723219549994,5200537150.895004
0.1755756657264047,5199257127.820555
0.17588464203556786,5197975228.06445
0.17619416207816455,5196691960.591989
0.17650422681105205,5195406434.838201
0.17681483719277033,5194118646.828986
0.17712599418354738,5192828923.664271
0.17743769874529974,5191537873.250153
0.17774995184163803,5190244550.858362
0.1780627544378673,5188948952.490701
0.17837610750099261,5187651396.166964
0.1786900119997195,5186352517.141034
0.17900446890445953,5185051352.36072
0.1793194791873306,5183747897.803575
0.17963504382216272,5182442498.444763
0.17995116378449832,5181135744.739649
0.18026784005159782,5179826691.422368
0.1805850736024402,5178515334.446089
0.18090286541772843,5177202082.037381
0.18122121647989015,5175887407.196295
0.18154012777308307,5174570418.803505
0.18185960028319548,5173251112.78765
0.18217963499785206,5171929997.164732
0.18250023290641407,5170607354.348464
0.1828213949999852,5169282383.958528
0.183143122271412,5167955081.898888
0.18346541571528943,5166626092.739281
0.18378827632796152,5165295434.73243
0.1841117051075269,5163962435.046863
0.18443570305383936,5162627089.561714
0.18476027116851357,5161290216.377859
0.18508541045492544,5159951495.59442
0.18541112191821796,5158610418.943469
0.1857374065653017,5157266982.279176
0.1860642654048604,5155922214.41297
0.18639169944735168,5154575382.901231
0.18671970970501248,5153226181.248799
0.18704829719185995,5151874605.28473
0.18737746292369692,5150521931.903326
0.18770720791811246,5149166941.350246
0.1880375331944878,5147809566.298275
0.18836843977399667,5146450016.180279
0.18869992867961122,5145089212.643823
0.18903200093610242,5143726014.378848
0.18936465757004609,5142360417.171132
0.18969789960982314,5140992944.943157
0.19003172808562555,5139623899.174682
0.190366144029457,5138252444.173088
0.19070114847513858,5136878575.698631
0.1910367424583092,5135503170.079652
0.19137292701643185,5134125832.789893
0.1917097031887937,5132746071.67568
0.19204707201651233,5131363882.47159
0.19238503454253608,5129980531.993376
0.19272359181164958,5128594853.544908
0.19306274487047617,5127206736.593294
0.19340249476748003,5125816490.484773
0.19374284255297164,5124424869.854224
0.19408378927910863,5123030800.26354
0.19442533599990136,5121634277.403064
0.1947674837712138,5120236068.876295
0.19511023365076943,5118836021.60486
0.1954535866981516,5117433510.544174
0.19579754397480975,5116028531.358479
0.19614210654405986,5114622348.460471
0.19648727547109046,5113213823.966518
0.1968330518229633,5111802820.765182
0.1971794366686192,5110389728.387907
0.19752643107887882,5108975165.083157
0.19787403612644863,5107558112.443976
0.1982222528859213,5106138566.089667
0.19857108243378208,5104717813.257152
0.19892052584840914,5103295177.129103
0.19927058421007987,5101870037.460155
0.19962125860097124,5100442389.8446
0.19997255010516604,5099012229.868979
0.20032445980865338,5097581208.787475
0.20067698879933496,5096147936.516607
0.20103013816702556,5094712141.987462
0.2013839090034591,5093273820.761394
0.2017383024022894,5091833134.567045
0.20209331945909625,5090391683.800111
0.20244896127138615,5088947696.382462
0.20280522893859818,5087501167.850127
0.20316212356210495,5086052093.731277
0.20351964624521854,5084601152.567366
0.2038777980931914,5083148925.968883
0.20423658021322222,5081694143.756482
0.20459599371445683,5080236801.432824
0.20495603970799425,5078776894.49265
0.20531671930688747,5077315702.747276
0.2056780336261496,5075852620.167462
0.20603998378275445,5074386962.869487
0.20640257089564304,5072918726.322382
0.20676579608572393,5071447905.987217
0.2071296604758798,5069976467.82384
0.2074941651909678,5068502448.471643
0.20785931135782612,5067025835.1548605
0.20822510010527448,5065546623.30866
0.20859153256412047,5064065556.510382
0.2089586098671604,5062583127.716825
0.20932633314918525,5061098090.159831
0.2096947035469818,5059610439.248522
0.21006372219933858,5058120170.383945
0.21043339024704685,5056628869.121111
0.2108037088329068,5055135359.548193
0.21117467910172827,5053639221.711991
0.21154630220033713,5052140450.987316
0.21191857927757607,5050639584.503404
0.2122915114843109,5049137734.660489
0.21266509997343122,5047633241.877169
0.213039345899857,5046126101.502419
0.2134142504205391,5044616308.87704
0.21378981469446595,5043104650.761251
0.21416603988266397,5041591897.505172
0.2145429271482042,5040076482.120966
0.21492047765620306,5038558399.923848
0.21529869257382878,5037037646.220789
0.21567757307030205,5035514594.2602005
0.21605712031690227,5033990858.688437
0.2164373354869701,5032464441.661979
0.21681821975590979,5030935338.46203
0.2171997743011957,5029403544.361486
0.21758200030237262,5027869124.456654
0.2179648989410628,5026334327.063113
0.21834847140096625,5024796828.748396
0.21873271886786758,5023256624.759443
0.21911764252963664,5021713710.334844
0.21950324357623516,5020168080.704791
0.2198895231997175,5018622008.924798
0.2202764825942373,5017073349.070708
0.22066412295604798,5015521963.900419
0.22105244548350989,5013967848.617946
0.22144145137709048,5012410998.418868
0.22183114183937155,5010853608.00316
0.22222151807504942,5009293705.752535
0.22261258129094205,5007731058.40145
0.22300433269598965,5006165661.119112
0.22339677350126141,5004597509.066214
0.2237899049199562,5003028825.452854
0.22418372816740947,5001457599.3410635
0.22457824446109376,4999883608.201202
0.2249734550206257,4998306847.167394
0.22536936106776667,4996727311.365214
0.22576596382642963,4995147359.843836
0.22616326452267976,4993564727.797004
0.22656126438474147,4991979310.650046
0.22695996464299906,4990391103.501775
0.22735936653000352,4988800227.428713
0.22775947128047336,4987208907.151155
0.22816028013130155,4985614786.48401
0.22856179432155602,4984017860.499179
0.22896401509248693,4982418124.259892
0.22936694368752708,4980816032.612732
0.22977058135229914,4979213160.744116
0.2301749293346161,4977607468.157539
0.23057998888448858,4975998949.889129
0.23098576125412523,4974387600.966278
0.23139224769794003,4972774318.602729
0.23179944947255274,4971159811.3748
0.23220736783679627,4969542462.953117
0.232616004051717,4967922268.33778
0.23302535938058233,4966299222.520082
0.23343543508888093,4964674774.139932
0.23384623244433025,4963048547.165994
0.23425775271687688,4961419458.374015
0.23466999717870396,4959787502.727792
0.23508296710423174,4958152675.182266
0.2354966637701249,4956517085.326728
0.23591108845529307,4954879053.598509
0.23632624244089812,4953238139.278353
0.23674212701035488,4951594337.29351
0.23715874344933838,4949947959.313459
0.2375760930457845,4948300935.613622
0.23799417708989726,4946651013.497867
0.23841299687414955,4944998187.865595
0.23883255369329037,4943342453.607223
0.23925284884434553,4941684985.095189
0.239673883626625,4940026005.785457
0.24009565934172367,4938364107.020448
0.24051817729352853,4936699283.66253
0.24094143878821955,4935031530.565039
0.24136544513427693,4933363252.78422
0.2417901976424818,4931692542.451957
0.24221569762592338,4930018892.020277
0.24264194640000153,4928342296.315224
0.2430689452824297,4926662750.153735
0.243496695593242,4924982269.293533
0.2439251986547937,4923299745.032177
0.244354455791769,4921614259.881369
0.24478446833118142,4919925808.6305685
0.24521523760238148,4918234386.0600605
0.24564676493705742,4916541748.787
0.2460790516692427,4914847327.097559
0.24651209913531658,4913149923.581696
0.24694590867401184,4911449532.992016
0.24738048162641552,4909746150.071899
0.24781581933597624,4908041402.921733
0.24825192314850517,4906334999.70948
0.2486887944121836,4904625593.5858345
0.24912643447756358,4902913179.266306
0.2495648446975755,4901197751.4571
0.25000402642752895,4899480940.834034
0.2504439810251204,4897762471.405032
0.2508847098504336,4896040977.830635
0.2513262142659478,4894316454.788978
0.251768495636538,4892588896.948834
0.2522115553294829,4890860069.125034
0.2526553947144655,4889129448.18256
0.25310001516358105,4887395781.710572
0.2535454180513375,4885659064.349582
0.2539916047546635,4883919290.730664
0.254438576652909,4882178491.846037
0.254886335127853,4880435633.486857
0.25533488156370454,4878689708.062885
0.2557842173471104,4876940710.176725
0.2562343438671554,4875188634.4214945
0.256685262515371,4873436083.820231
0.2571369746857357,4871681119.738023
0.25758948177468266,4869923067.287487
0.25804278518110074,4868161921.033746
0.2584968863063425,4866397675.532353
0.2589517865542247,4864632373.833218
0.25940748733103625,4862865224.419006
0.25986399004553906,4861094965.192845
0.26032129610897614,4859321590.682114
0.2607794069350719,4857545095.404568
0.26123832394004065,4855767085.529782
0.26169804854258694,4853987671.049677
0.262158582163914,4852205125.173679
0.262619926227724,4850419442.391189
0.26308208216022655,4848630617.181907
0.2635450513901391,4846839941.045767
0.26400883534869535,4845048181.680025
0.2644734354696457,4843253269.193984
0.26493885318926547,4841455198.038813
0.26540508994635575,4839653962.655919
0.2658721471822516,4837850661.12839
0.2663400263408223,4836046477.014511
0.26680872886848034,4834239117.915382
0.26727825621418133,4832428578.243698
0.267748609829433,4830614852.402319
0.2682197911682951,4828798965.272238
0.2686918016873885,4826982276.552416
0.26916464284589536,4825162390.841867
0.2696383161055675,4823339302.514556
0.27011282293072747,4821513005.934552
0.27058816478827635,4819684571.872317
0.271064343147695,4817855298.745794
0.2715413594810514,4816022806.482629
0.2720192152630044,4814187089.417814
0.2724979119708061,4812348141.876381
0.27297745108431065,4810507198.396091
0.27345783408597407,4808665261.176847
0.2739390624608634,4806820082.534817
0.27442113769665705,4804971656.765775
0.2749040612836534,4803119978.155459
0.27538783471477146,4801266561.576294
0.27587245948555944,4799411880.756717
0.27635793709419537,4797553936.088294
0.2768442690414959,4795692721.827332
0.27733145683091665,4793828232.220038
0.2778195019685611,4791962377.6266775
0.27830840596318107,4790094873.947805
0.27879817032618553,4788224083.854545
0.2792887965716413,4786350001.563497
0.2797802862162814,4784472621.281082
0.28027264077950625,4782594362.482826
0.2807658617833918,4780713957.011901
0.2812599507526909,4778830242.422142
0.2817549092148413,4776943212.890193
0.28225073869996686,4775052862.582457
0.2827474407408863,4773162232.070539
0.2832450168731135,4771268846.286633
0.2837434686348666,4769372128.541265
0.2842427975670689,4767472072.970887
0.28474300521335705,4765568797.667682
0.28524409312008236,4763665702.604112
0.28574606283631954,4761759258.492785
0.2862489159138671,4759849459.440087
0.2867526539072564,4757936299.542024
0.2872572783737527,4756020698.636294
0.2877627908733634,4754104490.91752
0.28826919296883946,4752184911.075476
0.2887764862256837,4750261953.175927
0.28928467221215215,4748335611.274207
0.2897937524992625,4746407711.746746
0.29030372866079496,4744478314.83107
0.29081460227330164,4742545522.5819025
0.29132637491610675,4740609329.02417
0.29183904817131584,4738669728.172284
0.29235262362381664,4736729555.357216
0.29286710286128803,4734786893.556555
0.2933824874742007,4732840813.078992
0.29389877905582645,4730891307.908373
0.2944159792022388,4728938514.795708
0.2949340895123219,4726985949.522369
0.2954531115877718,4725029948.1441
0.2959730470331052,4723070504.61407
0.2964938974556601,4721107612.874817
0.29701566446560557,4719142571.297255
0.2975383496759418,4717176616.469273
0.2980619547025098,4715207201.973549
0.29858648116399195,4713234321.721797
0.29911193068192127,4711257969.615013
0.2996383048806823,4709280697.587262
0.30016560538752024,4707301281.119141
0.30069383383254167,4705318381.293621
0.3012229918487241,4703331991.980719
0.30175308107191656,4701342107.039676
0.30228410314084886,4699352620.332278
0.3028160596971327,4697359671.657557
0.3033489523852706,4695363215.811589
0.3038827828526571,4693363246.622496
0.3044175527495872,4691361094.678208
0.3049532637292603,4689358069.86837
0.30548991744778325,4687351520.155411
0.30602751556417973,4685341439.336233
0.3065660597403906,4683327821.196836
0.30710555164128345,4681313449.543933
0.3076459929346538,4679296780.849914
0.3081873852912342,4677276563.242398
0.308729730384695,4675252790.476044
0.3092730298916542,4673225680.34244
0.3098172854916782,4671198870.025798
0.310362498867291,4669168492.948528
0.31090867170397557,4667134542.83389
0.311455805690183,4665097013.394078
0.31200390251733356,4663057655.490971
0.3125529638798263,4661017099.021664
0.3131029914750397,4658972951.601393
0.31365398700334174,4656925206.910833
0.3142059521680902,4654873858.61955
0.3147588886756429,4652822247.257828
0.31531279823535796,4650767885.654595
0.3158676825596041,4648709908.806254
0.31642354336376116,4646648310.350741
0.31698038236622983,4644583797.77155
0.31753820128843263,4642519208.541836
0.31809700185482365,4640450986.068541
0.31865678579288953,4638379123.957923
0.3192175548331591,4636303615.80498
0.3197793107092042,4634226777.391036
0.32034205515764974,4632148299.663066
0.3209057899181745,4630066164.250678
0.3214705167335209,4627980364.717113
0.32203623734949605,4625890894.614287
0.3226029535149816,4623801703.212748
0.3231706669819344,4621709289.143917
0.3237393795053969,4619613192.865631
0.3243090928434976,4617513407.897979
0.32487980875746136,4615411030.88015
0.32545152901160995,4613308295.444115
0.3260242553733724,4611201859.635185
0.3265979896132858,4609091716.9414835
0.3271727335050052,4606977860.839669
0.32774848882530466,4604863096.358194
0.32832525735408724,4602746270.511418
0.328903040874386,4600625719.495588
0.3294818411723741,4598501436.755179
0.33006166003736565,4596373623.567765
0.3306424992618258,4594246357.2257
0.33122436064137195,4592115347.341501
0.33180724597478356,4589980587.327314
0.3323911570640032,4587842070.583703
0.332976095714147,4585702050.0115
0.3335620637335053,4583560530.785665
0.33414906293355284,4581415242.935608
0.33473709512895006,4579266179.829344
0.3353261621375531,4577113334.823211
0.3359162657804147,4574961198.699242
0.3365074078817947,4572805332.549656
0.33709959026916086,4570645672.528276
0.3376928147731994,4568482211.958684
0.33828708322781553,4566317278.560138
0.33888239747014437,4564150783.773528
0.3394787593405515,4561980476.410957
0.3400761706826436,4559806349.763087
0.34067463334326936,4557628696.497928
0.34127414917252913,4555451522.893288
0.3418747200237793,4553270517.920205
0.34247634775363583,4551085674.836277
0.3430790342219844,4548896986.887234
0.3436827812919812,4546707474.928052
0.3442875908300637,4544515722.265147
0.34489346470595156,4542320112.57772
0.3455004047926569,4540120639.078215
0.34610841296648576,4537918563.685127
0.3467174911070485,4535716013.479419
0.34732764109726066,4533509587.247782
0.34793886482335373,4531299278.169219
0.34855116417487636,4529085079.410739
0.34916454104470457,4526871314.484095
0.3497789973290432,4524654022.034053
0.3503945349274364,4522432827.6148205
0.35101115574276864,4520207724.359759
0.35162886168127544,4517981547.155928
0.35224765465254465,4515753339.123322
0.3528675365695269,4513521209.912392
0.35348850934853676,4511285152.622695
0.3541105749092637,4509046632.401485
0.35473373517477275,4506807459.779758
0.35535799207151575,4504564346.684336
0.35598334752933225,4502317286.180815
0.3566098034814603,4500066490.237686
0.35723736186453764,4497816304.429897
0.3578660246186125,4495562158.767516
0.3584957936871446,4493304046.282034
0.3591266710170166,4491041959.992671
0.3597586585585344,4488779792.755055
0.36039175826543857,4486514566.310574
0.3610259720949056,4484245353.5431385
0.3616613020075584,4481972147.437657
0.36229774996746794,4479697843.7919235
0.36293531794216377,4477421488.879852
0.3635740079026356,4475141128.061062
0.3642138218233441,4472856754.286
0.3648547616822219,4470570376.041902
0.3654968294606853,4468282845.574621
0.3661400271436344,4465991289.533992
0.3667843567194654,4463695700.835846
0.3674298201800707,4461397307.589921
0.3680764195208508,4459098555.15233
0.36872415674071496,4456795757.39308
0.36937303384209286,4454488907.193249
0.3700230528309353,4452178556.233374
0.37067421571672565,4449868536.1646595
0.3713265245124813,4447554450.9456215
0.3719799812347644,4445236293.422444
0.3726345879036833,4442914056.428731
0.37329034654290394,4440592707.1050415
0.37394725917965094,4438267289.530379
0.37460532784471895,4435937779.70901
0.3752645545724738,4433604170.439443
0.375924941400864,4431270986.568294
0.3765864903714217,4428934192.685849
0.3772492035292746,4426593286.536785
0.37791308292314646,4424248260.884379
0.3785781306053692,4421903293.423031
0.3792443486318837,4419555080.3322
0.3799117390622515,4417202734.879341
0.380580303959656,4414846249.792367
0.3812500453909138,4412489546.99729
0.38192096542647613,4410129872.967399
0.3825930661404399,4407766046.406633
0.38326634961055184,4405398060.007412
0.38394081791821305,4403029667.277708
0.3846164731484903,4400658491.878044
0.3852933173901167,4398283143.707513
0.3859713527355041,4395903615.42291
0.38665058128074364,4393523575.122417
0.3873310051256178,4391140859.365124
0.3880126263736018,4388753950.528354
0.3886954471318749,4386362841.233167
0.38937946951132213,4383971192.487348
0.3900646956265458,4381576898.9846525
0.3907511275958668,4379178392.028085
0.39143876754133644,4376775664.202844
0.3921276175887379,4374372442.665566
0.39281767986759775,4371966535.802888
0.3935089565111876,4369556395.049258
0.3942014496565357,4367142012.953917
0.39489516144442843,4364727250.538295
0.39559009401942213,4362309696.665033
0.3962862495298444,4359887888.404528
0.39698363012780635,4357461818.269944
0.39768223796920327,4355035542.835975
0.3983820752137274,4352606310.476045
0.3990831440248689,4350172803.177189
0.39978544656992754,4347735013.416406
0.4004889850200148,4345297248.406564
0.40119376155006536,4342856308.490957
0.4018997783388388,4340411073.033584
0.4026070375689312,4337961534.475186
0.4033155414267771,4335512298.487137
0.4040252921026616,4333059624.61111
0.4047362917907211,4330602634.544007
0.4054485426889563,4328141320.690236
0.406162046999233,4325680626.973271
0.40687680692729455,4323216195.681199
0.4075928246827633,4320747427.507466
0.4083101024791529,4318274314.820068
0.40902864253386917,4315802170.678809
0.40974844706822344,4313325961.780036
0.4104695183074328,4310845395.273489
0.4111918584806333,4308360501.984428
0.41191546982088095,4305876869.575697
0.41264035456516424,4303388866.495368
0.4133665149544056,4300896485.051981
0.4140939532334736,4298400085.418887
0.41482267165118475,4295904667.00063
0.41555267246031574,4293404857.169873
0.41628395791760464,4290900648.1986585
0.41701653028376406,4288392722.352063
0.41775039182348195,4285885509.810393
0.41848554480543454,4283373885.1010423
0.4192219915022876,4280857840.459527
0.41995973419070914,4278338358.324281
0.4206987751513707,4275819348.462525
0.42143911666896056,4273295905.672282
0.4221807610321842,4270768022.152534
0.42292371053377786,4268236941.9102917
0.4236679674705097,4265706136.9904094
0.4244135341431924,4263170878.3852158
0.4251604128566848,4260631158.257161
0.4259086059199049,4258088424.4833293
0.4266581156458306,4255545832.832374
0.4274089443515134,4252998766.7539344
0.4281610943580792,4250447218.3739614
0.42891456799074096,4247892759.7715917
0.4296693675788034,4245338396.462217
0.4304254954556682,4242779538.0097136
0.4311829539588463,4240216176.5035725
0.431941745429959,4237649903.1366043
0.43270187221475165,4235083790.7522707
0.4334633366630944,4232513162.548904
0.43422614112899566,4229938010.5796065
0.43499028797060374,4227359810.482482
0.4357557795502193,4224781979.9795423
0.4365226182342976,4222199613.0361395
0.4372908063934611,4219612701.6690874
0.4380603464025011,4217022436.6769934
0.438831240640391,4214432928.3579245
0.4396034914902878,4211838863.0478907
0.44037710133954544,4209240232.7275376
0.4411520725797157,4206637733.329697
0.4419284076065625,4204036597.9440527
0.44270610882006245,4201430885.106246
0.4434851786244188,4198820586.760919
0.44426561942806253,4196205694.8385434
0.44504743364366606,4193592945.717766
0.4458306236881445,4190975647.9065948
0.44661519198266963,4188353744.200781
0.44740114095267036,4185727226.494922
0.4481884730278473,4183101919.5771813
0.4489771906421735,4180473112.4822545
0.4497672962339087,4177839679.23876
0.45055879224559997,4175201611.7056575
0.45135168112409635,4172563392.853397
0.45214596532054907,4169923072.769302
0.4529416472904267,4167278106.276197
0.45373872949351524,4164628485.1973844
0.45453721439393274,4161977318.9181957
0.45533710446013037,4159325435.423208
0.4561384021649066,4156668885.1700363
0.4569411099854081,4154007659.9461703
0.4577452304031442,4151343701.0534606
0.4585507659039877,4148680203.5050426
0.45935771897818944,4146012018.760145
0.46016609212037946,4143339138.5702906
0.4609758878295806,4140662541.4402747
0.4617871086092107,4137987378.9740944
0.46259975696709604,4135307508.7836256
0.4634138354154731,4132622922.5842705
0.4642293464710025,4129933851.4392347
0.46504629265477027,4127247294.5045795
0.46586467649230273,4124556009.793767
0.4666845005135667,4121859988.986906
0.4675057672529851,4119159223.749459
0.4683284792494371,4116459512.206901
0.4691526390462734,4113756764.357237
0.4699782491913172,4111049260.2388067
0.4708053122368782,4108336991.4815726
0.47163383073975484,4105624058.795403
0.472463807261248,4102909798.981307
0.47329524436716264,4100190762.6398063
0.4741281446278224,4097466941.36521
0.4749625106180708,4094740959.8357596
0.4757983449172858,4092015139.023675
0.4766356501093812,4089284521.339257
0.47747442878282137,4086549098.3410096
0.4783146835306225,4083810239.7452497
0.4791564169503672,4081072808.692777
0.4799996316442059,4078330560.336385
0.4808443302188708,4075583486.1986275
0.48169051528568163,4072831921.793167
0.4825381894605507,4070082831.048166
0.48338735536399724,4067328902.4806285
0.48423801562114865,4064570127.5770087
0.48509017286175543,4061806497.808766
0.4859438297201924,4059045228.000773
0.4867989888354739,4056279569.471919
0.4876556528512548,4053509043.964714
0.4885138244158457,4050733642.914291
0.48937350618221437,4047960020.3132343
0.4902347008080005,4045182581.860988
0.49109741095551745,4042400255.700199
0.49196163929176684,4039613033.229519
0.49282738848844043,4036827227.6001406
0.493694661221935,4034037959.0496135
0.4945634601733538,4031243781.972053
0.4954337880285216,4028444687.7294774
0.4963056474779863,4025646868.3282895
0.497179041217034,4022845719.2908897
0.4980539719456905,4020039640.8192954
0.4989304423687366,4017228624.23873
0.4998084551957094,4014418959.8169613
0.5006880131409177,4011605879.689466
0.5015691189234436,4008787849.131562
0.5024517752671573,4005964859.431525
0.5033359849007194,4003143518.238086
0.5042217505575957,4000318456.2017426
0.5051090749760584,3997488422.6493464
0.5059979608992029,3994653408.8320675
0.5068884110749475,3991820558.6164894
0.5077804282560503,3988983463.636082
0.5086740152001098,3986141375.964167
0.5095691746695812,3983294286.8146486
0.5104659094317772,3980450094.8300357
0.5113642222588839,3977600915.6529803
0.5122641159279626,3974746722.5187664
0.5131655932209651,3971888427.986573
0.5140686569247351,3969032139.609836
0.5149733098310244,3966170824.7652364
0.5158795547364938,3963304474.607253
0.5167873944427296,3960435158.8652434
0.5176968317562444,3957566704.5403523
0.5186078694884935,3954693202.3380847
0.5195205104558758,3951814643.3752427
0.5204347574797507,3948934472.151703
0.5213506133864384,3946053800.0595593
0.5222680810072367,3943168058.589335
0.5231871631784222,3940277238.819992
0.5241078627412665,3937386377.3582597
0.5250301825420376,3934493435.4590473
0.5259541254320157,3931595402.589469
0.5268796942674954,3928692269.790491
0.5278068919098011,3925790882.851858
0.528735721225289,3922885618.8841023
0.5296661850853633,3919975242.2617273
0.5305982863664774,3917060508.9629564
0.5315320279501503,3914147995.854165
0.5324674127229684,3911230357.3337946
0.5334044435766014,3908307584.3821893
0.534343123407804,3905382640.979715
0.5352834551184326,3902457722.4416385
0.536225441615446,3899527656.66103
0.5371690858109229,3896592434.5798206
0.5381143906220627,3893657444.3520646
0.5390613589712012,3890720067.5455713
0.5400099937858168,3887777521.572606
0.5409602979985372,3884829797.3365235
0.5419122745471544,3881884923.091211
0.5428659263746265,3878935034.9521008
0.5438212564290945,3875979955.629199
0.5447782676638837,3873022328.6894145
0.5457369630375203,3870065080.064164
0.5466973455137334,3867102627.3022156
0.5476594180614709,3864134961.245379
0.5486231836549021,3861167761.5927615
0.549588645273434,3858197916.9937515
0.5505558059017127,3855222846.091775
0.5515246685296404,3852243183.5621023
0.5524952361523775,3849265928.6821103
0.5534675117703586,3846283434.4586086
0.5544414983892948,3843295691.671458
0.5554171990201907,3840306765.6878448
0.5563946166793453,3837316829.620333
0.5573737543883699,3834321631.893085
0.5583546151741893,3831321163.2466874
0.5593372020690586,3828323134.195671
0.5603215181105656,3825320462.926955
0.5613075663416472,3822312507.5872207
0.5622953498105914,3819303089.3240438
0.5632848715710546,3816294605.871197
0.5642761346820627,3813280828.119115
0.5652691422080293,3810261746.7509346
0.5662638972187563,3807238912.688143
0.5672604027894522,3804219301.2534323
0.5682586620007328,3801194375.9365745
0.5692586779386394,3798164127.386247
0.5702604536946402,3795128546.2346826
0.5712639923656473,3792097353.903292
0.5722692970540191,3789061239.788294
0.5732763708675775,3786019782.749889
0.5742852169196093,3782972973.385661
0.575295838328884,3779928895.8560104
0.5763082382196558,3776881551.5569873
0.5773224197216807,3773828844.5717916
0.5783383859702185,3770770765.4632277
0.5793561401060502,3767714057.6255674
0.58037568527548,3764655441.603558
0.5813970246303533,3761591443.0595083
0.5824201613280575,3758522052.5213184
0.5834450985315409,3755452968.20909
0.5844718394093134,3752383038.771479
0.5855003871354653,3749307706.902593
0.586530744889668,3746226963.0952935
0.5875629158571934,3743145755.091195
0.5885969032289138,3740064470.391161
0.5896327102013215,3736977763.2769737
0.5906703399765294,3733885624.206331
0.5917097957622901,3730792544.2483525
0.5927510807719965,3727699862.28428
0.5937941982247008,3724601737.849262
0.594839151345116,3721498161.3657007
0.5958859433636339,3718393460.153149
0.5969345775163268,3715289338.7680693
0.5979850570449664,3712179754.7810683
0.5990373851970248,3709064698.579116
0.6000915652256931,3705948625.7786174
0.6011476003898832,3702833022.6596327
0.6022054939542464,3699711936.7332845
0.6032652491891747,3696585358.3509874
0.6043268693708184,3693458162.6024594
0.6053903577810931,3690331035.2801437
0.6064557177076871,3687198404.8702917
0.6075229524440782,3684060261.6886196
0.6085920652895359,3680922190.6112194
0.6096630595491399,3677783496.4590764
0.610735938533782,3674639278.864206
0.6118107055601849,3671489528.1064987
0.6128873639509033,3668340828.30458
0.6139659170343434,3665190524.538446
0.6150463681447648,3662034676.8991
0.6161287206222982,3658873275.6304827
0.6172129778129487,3655714192.6994867
0.6182991430686134,3652552236.376928
0.6193872197470843,3649384715.6751056
0.6204772112120661,3646211620.8018723
0.621569120833179,3643042399.3342276
0.6226629519859771,3639868747.353983
0.6237587080519508,3636689510.412572
0.624856392418545,3633505357.3994274
0.6259560084791621,3630325562.2726364
0.62705755963318,3627140171.374023
0.6281610492859546,3623949174.8562136
0.6292664808488392,3620755350.8759894
0.6303738577391853,3617563794.108135
0.6314831833803632,3614366620.870441
0.6325944612017631,3611163821.279106
0.6337076946388144,3607960567.8814273
0.6348228871329878,3604757205.967759
0.6359400421318149,3601548206.809674
0.6370591630888894,3598333560.48681
0.6381802534638877,3595121118.2414055
0.6393033167225692,3591905907.5162573
0.6404283563367974,3588685038.6952724
0.6415553757845409,3585458556.264362
0.6426843785498932,3582240048.769733
0.6438153681230746,3579015877.37765
0.6449483480004522,3575786032.1208353
0.6460833216845411,3572550503.0144863
0.6472202926840247,3569313335.2362323
0.6483592645137566,3566080173.543369
0.6495002406947802,3562841322.1647315
0.6506432247543308,3559596771.087675
0.651788220225855,3556346510.2819214
0.6529352306490136,3553099172.652041
0.6540842595697006,3549851285.479894
0.6552353105400457,3546597682.7082295
0.656388387118434,3543338354.2787867
0.6575434928695079,3540073290.115613
0.6587006313641877,3536816294.4459553
0.6598598061796731,3533553610.2674046
0.6610210208994636,3530285184.4497056
0.66218427911336,3527011006.8887825
0.6633495844174853,3523736717.249521
0.6645169404142861,3520464921.960785
0.6656863507125533,3517187368.999259
0.666857818927424,3513904048.232655
0.6680313486804016,3510614949.510838
0.669206943599358,3507331981.8655424
0.670384607318554,3504045272.0110765
0.6715643434786415,3500752778.2373214
0.6727461557266835,3497454490.3657885
0.6739300477161567,3494155150.014759
0.6751160231069717,3490859253.5222054
0.6763040855654752,3487557556.943809
0.6774942387644691,3484250050.072633
0.678686486383219,3480936722.6837783
0.6798808321074616,3477629669.5947127
0.6810772796294244,3474318740.4157705
0.6822758326478279,3471001984.6966147
0.6834764948679058,3467679392.183749
0.6846792700014083,3464356872.384608
0.6858841617666213,3461036680.8084702
0.6870911738883702,3457710646.3922443
0.6883003100980395,3454378758.853751
0.6895115741335758,3451041210.208201
0.6907249697395081,3447711726.435217
0.6919405006669505,3444376383.46983
0.6931581706736228,3441035171.0010834
0.694377983523853,3437688078.69989
0.6955999429885984,3434344221.8314195
0.6968240528454474,3430999540.45957
0.6980503168786408,3427648973.1507254
0.6992787388790745,3424292509.546881
0.7005093226443202,3420934507.8162932
0.7017420719786276,3417580458.1733665
0.7029769906929461,3414220506.1072555
0.7042140826049265,3410854641.2309403
0.7054533515389428,3407482921.552466
0.7066948013260944,3404119473.7644315
0.7079384358042276,3400750107.014448
0.7091842588179369,3397374810.8863964
0.7104322742185882,3393993574.9458055
0.7116824858643198,3390616920.784739
0.7129348976200642,3387238109.4128766
0.7141895133575509,3383853352.0423923
0.7154463369553272,3380462638.209571
0.7167053722987614,3377073129.240632
0.717966623280064,3373684843.2954903
0.7192300937982897,3370290594.678468
0.7204957877593603,3366890372.8965063
0.7217637090760657,3363488425.64634
0.7230338616680868,3360090635.161249
0.7243062494619972,3356686865.2782817
0.7255808763912853,3353277105.4749465
0.7268577463963569,3349863133.075833
0.7281368634245569,3346455808.0669994
0.7294182314301716,3343042486.8815303
0.7307018543744513,3339623158.967406
0.7319877362256122,3336197813.7540517
0.7332758809588584,3332780681.677576
0.7345662925563851,3329357779.1340857
0.7358589750073996,3325928853.000763
0.737153932308125,3322493892.6773596
0.7384511684618218,3319065572.314244
0.73975068747879,3315633058.3365245
0.7410524933763923,3312194503.8548656
0.742356590179056,3308749898.2392545
0.7436629819182956,3305310793.001623
0.744971672632715,3301868637.4910555
0.7462826663680304,3298420424.5094733
0.7475959671770726,3294966143.3970084
0.7489115791198093,3291516653.5130057
0.7502295062633483,3288064826.3468976
0.7515497526819593,3284606924.689694
0.752872322457077,3281142937.8515697
0.7541972196773238,3277683460.4142733
0.7555244484385115,3274221931.4442625
0.7568540128436655,3270754310.9100184
0.7581859170030262,3267280588.0916724
0.759520165034071,3263811517.1064835
0.7608567610615234,3260340256.156948
0.7621957092173614,3256862886.5169444
0.7635370136408395,3253379397.4364524
0.7648806784784917,3249901123.867036
0.7662267078841541,3246420100.73357
0.7675751060189672,3242932951.7302427
0.7689258770513996,3239439666.0767994
0.7702790251572501,3235952577.8896637
0.7716345545196718,3232461762.3375793
0.7729924693291734,3228964803.683032
0.7743527737836439,3225461691.1154428
0.7757154720883537,3221966173.3231716
0.7770805684559796,3218465535.0860376
0.778448067106606,3214958736.4605775
0.7798179722677494,3211446525.6556783
0.7811902881743602,3207942201.3090053
0.7825650190688471,3204431710.087219
0.7839421692010792,3200915041.137921
0.7853217428284094,3197395140.321189
0.7867037442156777,3193880950.0177293
0.7880881776352346,3190360575.477145
0.7894750473669437,3186834005.816483
0.7908643576982053,3183306791.261437
0.7922561129239597,3179782704.6844883
0.7936503173467107,3176252416.45505
0.7950469752765277,3172715915.659524
0.7964460910310712,3169181760.847672
0.7978476689355936,3165647747.6433554
0.7992517133229649,3162107515.3177695
0.8006582285336742,3158561052.9265738
0.8020672189158548,3155020328.5847807
0.8034786888252856,3151476358.360773
0.8048926426254172,3147926151.493232
0.8063090846873727,3144370485.5869827
0.8077280193899735,3140822771.1438003
0.8091494511197407,3137268813.4680524
0.810573384270921,3133708601.572952
0.8119998232454878,3130147077.1628647
0.813428772453167,3126589362.3934207
0.8148602363114393,3123025386.7929363
0.8162942192455644,3119455139.343657
0.8177307256885841,3115888118.9879804
0.8191697600813471,3112320373.430738
0.8206113268725114,3108746349.3903756
0.8220554305185693,3105166035.8180723
0.8235020754838499,3101593879.460952
0.8249512662405444,3098016072.6111097
0.8264030072687083,3094431969.572385
0.8278573030562868,3090846220.1038084
0.8293141580991173,3087264624.2688746
0.8307735769009547,3083676725.5772324
0.8322355639734732,3080082512.937185
0.8337001238362935,3076492316.9050612
0.835167261016983,3072900616.415662
0.8366369800510833,3069302595.287483
0.8381092854821113,3065699460.3725157
0.8395841818615853,3062103951.980996
0.841061673749028,3058502116.2495966
0.842541765711991,3054893942.0435185
0.8440244623260589,3051287039.5090804
0.8455097681748733,3047681383.0987706
0.8469976878501367,3044069381.4901977
0.848488225951638,3040451023.5171385
0.8499813870872545,3036840700.483069
0.851477175872977,3033224865.4240327
0.8529755969329197,3029602667.2544436
0.8544766548993293,3025980370.4539495
0.8559803544126108,3022360695.933802
0.8574867001213289,3018734651.5464625
0.8589956966822353,3015102226.082294
0.8605073487602699,3011477172.5404844
0.8620216610285885,3007847275.950516
0.8635386381685646,3004210991.504659
0.8650582848698156,3000574592.2263584
0.8665806058302061,2996940837.4842477
0.8681056057558736,2993300688.0967026
0.8696332893612314,2989654132.810497
0.8711636613689955,2986015630.6540093
0.8726967265101867,2982371610.3991942
0.8742324895241573,2978721177.4337974
0.8757709551585939,2975071947.4826207
0.8773121281695443,2971424050.468401
0.8788560133214196,2967769733.9213247
0.8804026153870217,2964110077.5364366
0.8819519391475448,2960458297.903213
0.8835039893926038,2956800091.90453
0.8850587709202362,2953135448.231342
0.8866162885369288,2949474639.8715625
0.8881765470576207,2945812538.583025
0.8897395513057309,2942143992.7650824
0.8913053061131598,2938475852.139131
0.8928738163203175,2934818665.9213977
0.8944450867761259,2931155043.823759
0.8960191223380463,2927484974.52041
0.8975959278720815,2923808446.6656322
0.8991755082528045,2920125448.8937206
0.9007578683633592,2916460272.0427356
0.90234301309549,2912788678.6212997
0.9039309473495432,2909110623.9663057
0.9055216760344944,2905426096.707331
0.9071152040679524,2901735085.4539604
0.9087115363761861,2898056191.95705
0.910310677894127,2894376609.8677926
0.9119126335653975,2890690552.486591
0.9135174083423139,2886998008.418299
0.9151250071859128,2883298966.2477007
0.9167354350659557,2879607478.525154
0.9183486969609563,2875919890.3862925
0.9199647978581824,2872225812.866527
0.9215837427536849,2868525234.545904
0.9232055366523008,2864818143.9843855
0.9248301845676805,2861115171.947941
0.9264576915222912,2857419560.3398905
0.9280880625474447,2853717445.2313085
0.9297213026833007,2850008815.177407
0.9313574169788947,2846293658.7132416
0.9329964104921417,2842580299.885996
0.9346382882898631,2838876647.3512545
0.9362830554477907,2835166477.1656466
0.9379307170505953,2831449777.859466
0.9395812781918887,2827726537.9428415
0.9412347439742536,2824003877.5780735
0.9428911195092445,2820292166.621171
0.9445504099174192,2816573923.8322625
0.9462126203283385,2812849137.716703
0.9478777558805979,2809117796.759605
0.9495458217218284,2805386907.9586334
0.951216823008727,2801667121.046016
0.9528907649070583,2797940788.0894136
0.9545676525916826,2794207897.56916
0.9562474912465673,2790468437.945316
0.9579302860647968,2786730381.774295
0.9596160422486013,2783002501.334276
0.9613047650093594,2779268060.6073623
0.9629964595676268,2775527048.048822
0.96469113115314,2771779452.093615
0.9663887850048449,2768035277.699356
0.968089426370901,2764299286.1220083
0.9697930605087095,2760556719.983861
0.9714996926849169,2756807567.7150745
0.9732093281754448,2753051817.7254343
0.9749219722654924,2749302562.4502335
0.9766376302495665,2745558442.087311
0.9783563074314846,2741807732.8586392
0.9800780091244043,2738050423.169192
0.9818027406508267,2734286501.403551
0.9835305073426259,2730533190.899
0.9852613145410524,2726780924.063869
0.9869951675967628,2723022054.0269017
0.9887320718698231,2719256569.167856
0.9904720327297387,2715484457.846028
0.9922150555554572,2711728106.1858892
0.9939611457353992,2707967675.1534204
0.9957103086674602,2704200626.5518494
0.9974625497590429,2700426948.7356358
0.9992178744270578,2696650663.338591
1.0009762880979558,2692891657.9374833
1.0027377962077297,2689126037.4760847
1.004502404201946,2685353790.313272
1.0062701175357467,2681574904.7874475
1.0080409416738814,2677789369.21648
1.0098148820907085,2674021375.512895
1.0115919442702284,2670250558.4610996
1.0133721337060841,2666473105.5629883
1.0151554559015936,2662689005.140857
1.016941916369753,2658898245.496468
1.0187315206332668,2655118559.3282166
1.020524274224551,2651342538.514693
1.0223201826857649,2647559872.6973176
1.0241192515688133,2643770550.182287
1.0259214864353794,2639974559.2552032
1.0277268928569254,2636184492.1255674
1.0295354764147258,2632403260.3690643
1.0313472426998698,2628615374.4385533
1.0331621973132932,2624820822.6240735
1.0349803458657802,2621019593.19508
1.036801693977997,2617220439.162706
1.0386262472804932,2613433989.2720885
1.0404540114137346,2609640876.0246344
1.0422849920281054,2605841087.6942415
1.0441191947839408,2602034612.5341573
1.0459566253515293,2598228575.2542524
1.047797289411146,2594441110.513083
1.049641192653054,2590646980.6291585
1.051488340777538,2586846173.8732204
1.053338739494906,2583038678.4953847
1.055192394525523,2579224482.7250733
1.0570493115998132,2575417157.913503
1.058909496458292,2571622011.1206245
1.0607729548515692,2567820185.6661944
1.0626396925403834,2564011669.797163
1.0645097152956022,2560196451.7398124
1.0663830288982563,2556374519.6996903
1.068259639139543,2552568022.1047187
1.0701395518208556,2548765479.210404
1.072022772753797,2544956244.638944
1.073909307760192,2541140306.614401
1.075799162672118,2537317653.3400946
1.0776923433319074,2533488272.998604
1.0795888555921827,2529682942.8815994
1.0814887053158566,2525872989.4720936
1.0833918983761683,2522056331.3444924
1.0852984406566848,2518232956.6999054
1.0872083380513338,2514402853.7186666
1.089121596464408,2510574420.18533
1.091038221810598,2506763747.8021193
1.0929582200149959,2502946369.435576
1.0948815970131272,2499122273.2845726
1.0968083587509558,2495291447.5272245
1.098738511184917,2491453880.3208303
1.10067206028192,2487630333.5889263
1.1026090120193823,2483812234.8475156
1.1045493723852335,2479987417.053942
1.1064931473779474,2476155868.384078
1.1084403430065464,2472317576.993001
1.1103909652906354,2468474531.6176887
1.1123450202604048,2464655712.3654814
1.1143025139566647,2460830172.7931566
1.1162634524308477,2456997901.0743685
1.1182278417450437,2453158885.361946
1.1201956879720025,2449313113.787884
1.122166997195169,2445478557.9666567
1.1241417755086855,2441652296.479376
1.1261200290174265,2437819301.5752063
1.1281017638370017,2433979561.404755
1.1300869860937919,2430133064.097762
1.1320757019249499,2426282499.1827707
1.1340679174784372,2422455515.6442995
1.1360636389130265,2418621797.418289
1.1380628723983366,2414781332.6530952
1.1400656241148348,2410934109.476232
1.1420719002538737,2407080115.9943075
1.1440817070176934,2403241529.7327056
1.1460950506194556,2399407088.0483437
1.1481119372832487,2395565898.55167
1.1501323732441222,2391717949.367946
1.1521563647480895,2387863228.6015487
1.1541839180521645,2384012010.4567714
1.1562150394243629,2380176845.177547
1.1582497351437397,2376334930.8126297
1.1602880115003915,2372486255.4850516
1.1623298747954924,2368630807.296932
1.1643753313412966,2364768602.1465898
1.166424387461175,2360932713.13594
1.1684770494896186,2357090073.7659903
1.1705333237722733,2353240672.1575155
1.1725932166659436,2349384496.4104056
1.1746567345386296,2345521534.6035895
1.1767238837695293,2341676309.217841
1.1787946707490744,2337832944.7060394
1.180869101878935,2333982816.679624
1.1829471835720549,2330125913.236221
1.1850289222526544,2326262222.452527
1.187114324356268,2322409224.0243897
1.1892033963297468,2318565134.2339044
1.1912961446312957,2314714279.6524587
1.193392575730476,2310856648.3754487
1.1954926961082422,2306992228.477308
1.197596512256946,2303133021.802159
1.1997040306803706,2299288206.5961185
1.2018152578937444,2295436625.3225384
1.2039302004237542,2291578266.0745697
1.206048864808582,2287713116.9243917
1.2081712575979067,2283849240.7779145
1.2102973853529415,2280003700.0194197
1.2124272546464374,2276151391.9165735
1.214560872062721,2272292304.5602646
1.2166982441976975,2268426426.0204353
1.2188393776588873,2264559393.489608
1.2209842790654308,2260713127.041748
1.223132955048125,2256860091.972469
1.225285412249427,2253000276.370426
1.227441657323492,2249133668.303296
1.229601696936177,2245264967.113629
1.231765537765077,2241417974.839458
1.2339331864995302,2237564212.6665726
1.2361046498406554,2233703668.6813664
1.238279934501355,2229836330.9492793
1.2404590472063537,2225967423.788289
1.2426419946922014,2222119705.550838
1.2448287837073113,2218265216.137121
1.2470194210119643,2214403943.6312995
1.2492139133783464,2210535876.0965466
1.2514122675905524,2206668200.933593
1.2536144904446245,2202819756.5958595
1.2558205887485558,2198964539.8040857
1.2580305693223288,2195102538.640166
1.2602444389979188,2191233741.1650376
1.2624622046193332,2187368711.5674872
1.264683873042614,2183519540.9924607
1.2669094511358776,2179663596.68536
1.2691389457793179,2175800866.7258477
1.2713723638652454,2171931339.1725917
1.2736097122980905,2168070344.618409
1.2758509979944432,2164220447.669027
1.2780962278830563,2160363775.7093115
1.2803454089048842,2156500316.8166604
1.2825985480130877,2152630059.047505
1.284855652173072,2148774465.2342362
1.2871167283624914,2144923841.7734375
1.2893817835712884,2141066442.02379
1.291650824801697,2137202254.060457
1.293923859068283,2133331265.9376006
1.2962008933979472,2129482415.087898
1.2984819348299652,2125631064.9785798
1.3007669904159913,2121772937.3016732
1.3030560672200984,2117908020.1300743
1.3053491723187818,2114040822.6360364
1.307646312800998,2110195512.6792576
1.309947495768171,2106343435.784291
1.3122527283342298,2102484580.0427377
1.3145620176256134,2098618933.5252583
1.316875370781312,2094761089.2362497
1.3191927949528681,2090915053.633669
1.32151429730442,2087062249.815908
1.3238398850127038,2083202665.8723364
1.3261695652670937,2079336289.871349
1.3285033452696076,2075489072.3825152
1.3308412322349454,2071642310.9971774
1.3331832333904954,2067788780.119441
1.3355293559763728,2063928467.8364139
1.337879607245425,2060066751.2626066
1.3402339944632728,2056226022.8332229
1.3425925249083124,2052378535.5281768
1.3449552058717564,2048524277.453262
1.3473220446576482,2044663236.6933432
1.3496930485828775,2040814622.5582678
1.3520682249772198,2036973169.3476522
1.3544475811833399,2033124955.9859114
1.356831124556834,2029269970.5765908
1.3592188624662327,2025409325.6791718
1.361610802293043,2021573897.0995848
1.364006951431753,2017731718.9709592
1.3664073172898725,2013882779.4154963
1.3688119072879374,2010027066.5345147
1.3712207288595522,2006181912.860156
1.373633789451393,2002345760.499474
1.3760510965232504,1998502857.316043
1.3784726575480324,1994653191.4298398
1.3808984800118083,1990798389.538691
1.3833285714138108,1986968253.4956038
1.38576293926648,1983131377.2172234
1.3882015910954666,1979287748.8421576
1.3906445344396738,1975437356.4881263
1.393091776851263,1971603682.876737
1.3955433258956946,1967778295.2661314
1.3979991891517338,1963946175.7764843
1.400459374211492,1960107312.5610938
1.402923888680431,1956261693.7524266
1.4053927401774076,1952427491.1325545
1.4078659363346753,1948606847.0727262
1.410343484797929,1944779479.4815018
1.4128253932263086,1940945376.5268862
1.4153116692924421,1937104526.3560445
1.4178023206824504,1933271563.073441
1.4202973550959894,1929455657.7864711
1.4227967802462556,1925633037.3073568
1.4253006038600287,1921803689.8187647
1.4278088336776757,1917967603.4825761
1.430321477453196,1914137610.7075715
1.4328385429542234,1910326439.5288358
1.435360037962071,1906508561.4889858
1.4378859702717368,1902683964.7853608
1.4404163476919445,1898852637.5945175
1.4429511780451505,1895027309.8839273
1.4454904691675874,1891220868.2725067
1.4480342289092671,1887407728.1230245
1.4505824651340267,1883587877.647453
1.4531351857195312,1879761305.0370352
1.455692398557319,1875942300.889769
1.4582541115528063,1872140584.4399624
1.4608203326253304,1868332177.767379
1.4633910697081556,1864517069.0986404
1.4659663307485173,1860695246.6396313
1.4685461237076252,1856884189.0465212
1.4711304565607102,1853087193.5004072
1.4737193372970274,1849283516.0393236
1.4763127739199016,1845473144.9044962
1.4789107744467316,1841656068.316471
1.4815133469090354,1837854545.3046215
1.484120499352454,1834062266.5659385
1.4867322398367977,1830263314.2128687
1.4893485764360506,1826457676.5012593
1.4919695172384149,1822645341.6662767
1.494595070346316,1818854906.838578
1.4972252438764488,1815067340.9879117
1.499860045959781,1811273109.8165603
1.5024994847416,1807472201.5949504
1.5051435683815158,1803664604.5728846
1.5077923050535065,1799886777.6430967
1.5104457029459342,1796103920.954621
1.5131037702615626,1792314407.232597
1.5157665152176023,1788518224.7620363
1.5184339460457121,1784723143.098917
1.521106070992049,1780951629.1315067
1.5237828983172699,1777173478.0913553
1.52646443629658,1773388678.298601
1.529150693219736,1769597218.0528426
1.5318416773910932,1765817720.5993037
1.5345373971296115,1762050900.7378466
1.5372378607688992,1758277452.0642831
1.5399430766572213,1754497362.9133017
1.5426530531575429,1750710621.599049
1.5453677986475365,1746948129.3014557
1.5480873215196282,1743186000.523848
1.5508116301810022,1739417251.189464
1.553540733053648,1735641869.6475046
1.556274638574365,1731866585.977447
1.559013355194812,1728115746.230288
1.5617568913815083,1724358305.7926762
1.5645052556158838,1720594253.0487728
1.567258456394284,1716823576.3623154
1.570016502228016,1713068080.325409
1.5727794016433547,1709321918.2476287
1.5755471631815898,1705569163.711105
1.5783197953990318,1701809805.114499
1.5810973068670584,1698044363.0362966
1.583879706172121,1694309449.1912713
1.5866670019157927,1690567962.6820273
1.5894592027147707,1686819891.9420657
1.5922563172009292,1683065225.3845134
1.5950583540213197,1679322228.8684437
1.5978653218382226,1675591980.646634
1.6006772293291514,1671855167.9711323
1.6034940851869002,1668111779.2898707
1.606315898119551,1664361803.0304663
1.6091426768505197,1660642518.4234924
1.6119744301185632,1656916934.4939415
1.6148111666778284,1653184794.318866
1.6176528952978555,1649446086.360657
1.6204996247636292,1645720847.4589064
1.6233513638755825,1642006463.466317
1.6262081214496464,1638285542.9377408
1.6290699063172551,1634558074.3702533
1.6319367273253953,1630828210.3203418
1.6348085933366114,1627124998.0046277
1.637685513229055,1623415268.8127325
1.6405674958964906,1619699011.2763288
1.643454550248345,1615976213.906895
1.646346685209712,1612273752.8832123
1.6492439097214031,1608575187.3113673
1.6521462327399534,1604870113.0406413
1.6550536632376696,1601158518.6170847
1.6579662102026371,1597453915.0333178
1.6608838826387702,1593766486.0056603
1.663806689565816,1590072567.8771012
1.6667346400194059,1586372149.2281795
1.6696677430510614,1582666644.0447686
1.6726060077282439,1578990325.1784658
1.6755494431343596,1575307536.762814
1.6784980583688123,1571618267.412757
1.6814518625470056,1567922505.7232182
1.6844108648003981,1564247838.3343792
1.687375074276504,1560576153.9541347
1.690344500138945,1556898008.1802595
1.6933191515674693,1553213389.6420527
1.69629903775797,1549543437.203435
1.6992841679225348,1545889681.9700758
1.7022745512894515,1542229496.8946228
1.705270197103259,1538562870.6618984
1.7082711146247531,1534889791.9368246
1.7112773131310381,1531230426.7249324
1.7142888019155336,1527588114.6442835
1.7173055902880232,1523939392.8590813
1.720327687574664,1520284250.0895984
1.7233551031180356,1516622675.0362432
1.726387846277148,1512975777.6408026
1.7294259264274923,1509344872.874189
1.7324693529610458,1505707578.4775074
1.7355181352863271,1502063883.2063417
1.738572282828399,1498413775.7965055
1.7416318050289228,1494781175.6616647
1.7446967113461627,1491161642.4826632
1.7477670112550399,1487535739.6851926
1.750842714247137,1483903456.0600684
1.7539238298307522,1480264780.3783667
1.7570103675309043,1476648256.7670536
1.760102336889386,1473040059.5611167
1.7631997474647698,1469425512.6856496
1.7663026088324605,1465804604.9665613
1.7694109305847023,1462177325.2101092
1.772524722330632,1458578608.1526134
1.7756439936962838,1454981711.4167535
1.778768754324644,1451378484.8978117
1.781899013875656,1447768917.456706
1.785034782026276,1444153101.9452372
1.788176068470476,1440573769.16185
1.7913228829193006,1436988137.5042486
1.7944752351008717,1433396195.8877451
1.7976331347604413,1429797933.20813
1.8007965916604,1426203354.9159791
1.8039656155803314,1422635232.202521
1.8071402163170145,1419060830.3422275
1.8103204036844824,1415480138.2851098
1.8135061875140266,1411893144.9617496
1.816697577654251,1408321391.4003692
1.8198945839710796,1404764443.648165
1.82309721634781,1401201236.4147034
1.8263054846851203,1397631758.6846175
1.8295193989011242,1394055999.4231431
1.832738968931376,1390508612.5143456
1.8359642047289286,1386962804.7246609
1.8391951162643356,1383410757.0577204
1.8424317135257111,1379852458.5326433
1.8456740065187323,1376294868.4075005
1.8489220052666975,1372766375.0986383
1.8521757198105306,1369231672.3823714
1.85543516020884,1365690749.3314388
1.8587003365379196,1362143594.9993656
1.8619712588918107,1358613435.0389943
1.8652479373823034,1355095992.5765276
1.8685303821389967,1351572360.153819
1.8718186033093014,1348042526.877844
1.8751126110584997,1344506481.836397
1.878412415569749,1341005162.023457
1.8817180270441396,1337498735.7973697
1.8850294557007012,1333986138.9973102
1.8883467117764592,1330467360.764357
1.8916698055264418,1326960582.4064739
1.8949987472237333,1323471278.3576996
1.8983335471594966,1319975833.8663836
1.9016742156429942,1316474238.126643
1.9050207630016454,1312966480.3135645
1.908373199581029,1309491348.0493972
1.9117315357449438,1306012972.1106443
1.9150957818754133,1302528474.960536
1.9184659483727446,1299037845.827018
1.9218420456555338,1295560264.0135121
1.9252240841607244,1292098873.2801347
1.9286120743436141,1288631391.225798
1.9320060266779129,1285157807.1310468
1.9354059516557482,1281679305.111731
1.9388118597877262,1278234816.6435316
1.9422237616029343,1274784266.59881
1.9456416676490045,1271327644.310457
1.9490655884921149,1267864939.0926054
1.9524955347170523,1264422041.9691863
1.9559315169272176,1260988341.2536464
1.9593735457446835,1257548597.9457574
1.9628216318102025,1254102801.4118323
1.9662757857832673,1250661750.293275
1.969736018342113,1247244816.6302085
1.9732023401837826,1243821869.881284
1.9766747620241272,1240392899.4647408
1.9801532945978717,1236957894.7801814
1.9836379486586166,1233554856.1896446
1.9871287349789006,1230148623.9806724
1.9906256643502063,1226736397.5181615
1.9941287475830203,1223318166.2534785
1.9976379955068404,1219919586.1573012
2.0011534189702354,1216529986.8697622
2.004675028840851,1213134422.5991352
2.0082028360054722,1209732882.8482947
2.0117368513700287,1206340096.2532325
2.015277085859655,1202967048.6671646
2.0188235504186998,1199588065.2255275
2.0223762560107836,1196203135.482455
2.0259352136188067,1192817440.4106767
2.029500434245013,1189460863.702724
2.033071928910991,1186098380.12449
2.036649708657741,1182729979.281116
2.040233784545679,1179355650.759465
2.043824167654698,1176012451.2239838
2.0474208690841764,1172666386.9389157
2.051023899953038,1169314434.2832158
2.0546332713997613,1165956582.8945951
2.058248994582438,1162622796.090871
2.0618710806787837,1159293070.9221802
2.0654995408861967,1155957486.1362727
2.0691343864217684,1152616031.4214587
2.072775628522341,1149292849.4588664
2.0764232784445205,1145979383.621259
2.080077347464734,1142660086.779444
2.0837378468792394,1139334948.6720848
2.087404788004188,1136023529.4506032
2.0910781821756292,1132726243.548395
2.094758040749579,1129423155.1152682
2.0984443751020203,1126114253.9399936
2.102137196628971,1122815721.8163984
2.105836516746489,1119534536.841599
2.109542346890737,1116247577.6701334
2.1132546985179874,1112954834.1406338
2.1169735831046887,1109670280.5835824
2.1206990121474707,1106405117.9140022
2.1244309971632056,1103134209.2436516
2.128169549689033,1099857544.460773
2.1319146812823844,1096588028.694976
2.1356664035210446,1093338810.092344
2.1394247280031586,1090083873.5471551
2.143189666347296,1086823208.997025
2.1469612301924577,1083569758.6366398
2.1507394311981423,1080336406.2447317
2.1545242810443512,1077097363.8314664
2.1583157914316553,1073852621.3835957
2.1621139740812003,1070616233.0550418
2.1659188407347756,1067398669.3978173
2.169730403154817,1064175443.5040939
2.1735486731244746,1060946545.4095186
2.1773736624476214,1057728185.3638504
2.1812053829489146,1054526333.3435843
2.1850438464738082,1051318846.7360018
2.1888890648886146,1048105715.6254066
2.192741050080515,1044906320.340413
2.196599813957624,1041720103.235862
2.200465368448996,1038528279.0581646
2.204337725504695,1035330837.9400417
2.2082168970957983,1032151314.7122322
2.2121028952144646,1028980656.1767851
2.2159957318739414,1025804417.9480062
2.2198954191086324,1022622590.2068
2.223801968974105,1019463817.733432
2.227715393547155,1016308641.7932882
2.2316357049258175,1013147913.4059297
2.2355629152294316,1009981622.8002088
2.2394970365986495,1006844451.7515125
2.243438081195503,1003704682.8038595
2.2473860612034118,1000559388.5220634
2.2513409888272515,997412761.2587091
2.2553028762933587,994293812.76443
2.2592717358496026,991169375.575629
2.26324757976539,988039440.0333611
2.2672304203317366,984916189.3716706
2.271220269861269,981812470.968219
2.275217140688299,978703290.672007
2.2792210451688284,975588638.8712564
2.2832319956806186,972489533.977715
2.287250004623197,969400971.2952782
2.291275084417929,966306973.3909678
2.2953072475080196,963207530.6999412
2.299346506358592,960133314.9115413
2.303392873456685,957059833.9434686
2.3074463613113307,953980944.2941732
2.3115069824535577,950901127.878999
2.3155747494364625,947848027.7951531
2.319649674835216,944789554.8961688
2.3237317712471346,941725699.7270129
2.3278210512916893,938672336.0852935
2.3319175276105724,935634144.5489715
2.336021212867708,932590606.4334246
2.3401321197493226,929541712.3297886
2.34425026096395,926515469.6827172
2.348375649242506,923492113.8942386
2.3525082973382934,920463437.6343358
2.3566482180270745,917434261.6261034
2.360795424107078,914430954.3315656
2.3649499283990707,911422361.8467376
2.369111743746366,908408474.8708003
2.373280883014893,905407835.3630267
2.3774573590932087,902419193.4736657
2.3816411848925614,899425292.2020518
2.385832373346921,896426122.2927729
2.390030937413007,893454616.9058373
2.3942368900703546,890480568.8092629
2.398450244321326,887501287.0124497
2.40267101319118,884529292.9041297
2.40689920972808,881574966.3321465
2.41113484700317,878615440.7656615
2.415377938110578,875650707.0555418
2.4196284961674923,872724901.3829484
2.4238865343141685,869804622.5527922
2.4281520657140017,866879204.6450113
2.4324251035535362,863948638.615914
2.4367056610425393,861012915.405881
2.4409937514140045,858087785.7127753
2.4452893879242343,855196082.3829968
2.449592583852839,852299290.2624804
2.453903352502816,849397400.3960172
2.458221707200557,846490403.8126508
2.462547661295922,843578291.525625
2.4668812281622463,840705634.183473
2.4712224211964178,837837187.7412826
2.475571253818881,834963693.4355935
2.479927739473717,832085142.3832206
2.4842918916286467,829201525.6853566
2.48866372377511,826335115.7288282
2.49304324942827,823494737.5969547
2.4974304821270925,820649360.9959105
2.5018254354343514,817798977.1294444
2.5062281229367045,814943577.1858153
2.510638558244703,812086244.8064188
2.5150567549928673,809273660.3309456
2.519482726839693,806456126.2973069
2.5239164874677305,803633633.995314
2.5283580505835905,800806174.6994611
2.532807429918023,797973739.668876
2.537264639225922,795175560.3502386
2.541729692286406,792385596.4390243
2.5462026029028233,789590722.7770888
2.5506833849028325,786790930.7242955
2.555172052138407,783986211.6253145
2.5596686184859143,781201929.7819717
2.5641730978461243,778439266.2141404
2.568685504144287,775671740.9384546
2.57320585133014,772899345.3993344
2.5777341533779867,770122071.0261338
2.582270424286706,767354152.185745
2.586814678079829,764618521.8220869
2.5913669288055465,761878077.3233432
2.5959271905367904,759132810.2176417
2.600495477371239,756382712.0182122
2.6050718034313984,753633506.1659817
2.6096561828646094,750924644.4813045
2.614248629843126,748211015.7687911
2.6188491585641254,745492611.6394793
2.623457783249787,742769423.689632
2.6280745181472995,740041443.5007355
2.6326993775289416,737358813.9443792
2.637332375692091,734671738.6203834
2.641973526959304,731979934.6079721
2.646622845678322,729283393.5856524
2.651280346222155,726582107.2172755
2.655946042989087,723922111.9181606
2.66061995040276,721261330.1525687
2.665302082912179,718595865.9697093
2.66999245499179,715925711.1295084
2.6746910811415114,713250857.3773911
2.679397975886764,710615525.391053
2.68411315377855,707980779.8962531
2.688836629393458,705341397.8025556
2.6935684173337484,702697370.9505152
2.698308532227359,700048691.1663369
2.7030569887279894,697439949.8698761
2.7078138015151065,694830985.8758622
2.7125789852940305,692217430.652974
2.7173525547959385,689599276.1216183
2.722134524777953,686976514.1879722
2.7269249100231456,684396192.528394
2.7317237253406224,681812757.7581265
2.73653098556553,679224776.6850638
2.7413467055591436,676632241.3086627
2.746170900208869,674039218.3869519
2.7510035844283327,671493550.9816748
2.755844773157384,668943403.7362355
2.760694481362185,666388768.767051
2.765552724035214,663829638.176675
2.7704195161953535,661266004.0537523
2.775294872887895,658719684.2586255
2.7801788091846285,656202395.6286637
2.7850713401838454,653680677.0992264
2.789972481010428,651154520.874615
2.7948822468158547,648623919.1454235
2.799800652778287,646088864.0884916
2.8047277141025773,643591585.3133935
2.809663446020356,641102359.0957837
2.814607863790036,638608752.3626524
2.8195609826969044,636110757.4052064
2.8245228180531248,633608366.5010977
2.8294933851978286,631112667.2542675
2.8344726994971197,628655514.685457
2.8394607763441644,626194038.0440075
2.8444576311591967,623728229.7204647
2.849463279389607,621258082.0919716
2.8544777365099505,618783587.5222683
2.8595010180220344,616341692.4658762
2.8645331394549243,613911931.9202832
2.8695741163650363,611477895.5062611
2.8746239643361404,609039575.6991845
2.879682698979451,606596964.9611762
2.884750335933636,604162295.6629755
2.889826890864903,601763842.5517341
2.89491237946701,599361168.6665801
2.900006817461352,596954266.5798326
2.905110220596969,594543128.8507494
2.9102226046506394,592127748.0254848
2.915343985426882,589751038.8281384
2.9204743787580503,587379323.3660542
2.925613800504338,585003434.1827062
2.9307622665538715,582623363.9332167
2.9359197928227148,580239105.2597916
2.9410863952549615,577874655.5556209
2.946262089822744,575533499.6177146
2.9514468925263215,573188223.7368864
2.956640819394091,570838820.6629064
2.961843886482676,568485283.1327761
2.967056109876936,566135698.8647884
2.972277505690057,563824708.6919675
2.9775080900635595,561509651.6616426
2.9827478791673916,559190520.6169931
2.987996889199935,556867308.3886147
2.993255136388094,554540007.7944778
2.9985226369873286,552253838.3520304
3.0037994072816887,549968610.8026943
3.0090854635839017,547679361.732658
3.0143808222353816,545386084.0648938
3.019685499606321,543088770.709911
3.0249995120956985,540821657.9207355
3.0303228761313736,538565875.499896
3.0356556081700936,536306123.37560487
3.0409977246975877,534042394.56201285
3.0463492422285756,531774682.0609863
3.0517101773068593,529528823.1836443
3.057080546505335,527302106.4911905
3.062460366426084,525071471.24486023
3.067849653700382,522836910.54882574
3.073248424988796,520598417.49511504
3.0786566969811866,518375881.13317436
3.084074486396811,516177855.65755415
3.0895018099843234,513975962.11858016
3.0949386845218765,511770193.7092675
3.1003851268171263,509560543.61066294
3.105841153707327,507363274.5583557
3.1113067820593447,505193570.61360306
3.1167820287697454,503020048.4454399
3.122266910764811,500842701.33459896
3.1277614450006292,498661522.5499798
3.133265648463107,496491346.4847107
3.138779538168064,494349599.1482489
3.144303131161242,492204082.78614193
3.149836444518403,490054790.7656917
3.1553794953453354,487901716.4425365
3.160932300777952,485760344.4685707
3.1664948779823,483646193.5198538
3.1720672441546576,481528322.1093357
3.177649416521542,479406723.68978924
3.1832414123398074,477281391.70245665
3.188843248896655,475171819.336207
3.19445494350973,473088445.4031464
3.2000765135271307,471001405.16937464
3.2057079763275054,468910692.18296844
3.211349349320064,466816299.9806583
3.217000649944677,464723793.3810106
3.2226618956718793,462670748.4249777
3.2283331040029757,460614090.5408614
3.2340142924700466,458553813.37067115
3.2397054786360457,456489910.54521936
3.245406680094814,454422375.68411803
3.2511179144711746,452393586.618956
3.256839199420946,450366868.7913837
3.262570552631037,448336584.36594707
3.2683119918194614,446302727.0661866
3.274063534735435,444265290.6045895
3.2798251991593856,442257327.33216196
3.2855970029030526,440260113.7068858
3.2913789638094992,438259385.404951
3.2971710997532115,436255136.2412599
3.3029734286401067,434247360.0198395
3.3087859684076357,432262226.6515439
3.3146087370247943,430294087.71946627
3.3204417524922207,428322485.27608174
3.3262850328422093,426347413.22634107
3.3321385961388086,424368865.464462
3.3380024604778358,422408434.6373924
3.3438766439869743,420468947.14219433
3.3497611648257837,418526046.5562067
3.355656041185801,416579726.8731041
3.361561291290575,414629982.0759916
3.3674769333957064,412696000.37000316
3.3734029857889465,410784747.2171491
3.379339466790204,408870130.6600198
3.3852863947516516,406952144.7797262
3.3912437880577344,405030783.6469708
3.397211665125274,403124876.8154576
3.403190044403476,401241446.9825009
3.4091789443740397,399354702.70846677
3.415178383551162,397464638.1606386
3.4211883804816465,395571247.4960274
3.4272089537449095,393694925.51620775
3.4332401219530886,391838913.964405
3.4392819037510507,389979636.22194695
3.445334317816497,388117086.5410198
3.451397382859974,386251259.16370285
3.4574711176249795,384405921.1120366
3.4635555408879704,382576928.6992748
3.4696506714584716,380744717.6438656
3.4757565281790845,378909282.2816776
3.4818731299255927,377070616.9386043
3.4880004956069746,375257555.69686705
3.4941386441655062,373455189.0918244
3.5002875945767773,371649650.6999695
3.506447365849792,369840934.9396201
3.512617977026982,368029036.2192784
3.5187994471843167,366249443.0165369
3.524991795431308,364473314.61412615
3.531195040911123,362694060.59862745
3.5374092028005895,360911675.46962184
3.5436343003103103,359128319.9739994
3.549870352684669,357381122.5127235
3.556117379201939,355630850.3507421
3.5623753991742957,353877498.07723135
3.568644431947924,352121060.27183765
3.5749244969030296,350373825.6005779
3.581215613453949,348652063.21790457
3.5875178010491573,346927270.89492756
3.5938310791713803,345199443.2995845
3.6001554673376046,343468575.0904369
3.6064909850991884,341765979.04003096
3.6128376520418692,340082215.83333814
3.6191954877858783,338395489.5569098
3.625564511985948,336705794.99636865
3.6319447443314257,335013126.92815435
3.63833620454628,333317480.1195215
3.6447389123892173,331638447.09147656
3.651152887653688,329988946.7466022
3.657578150168002,328336543.62743545
3.6640147197953365,326681232.62570655
3.670462616433849,325023008.6241492
3.676921860016687,323361866.49649894
3.683392470512105,321709562.2841509
3.6898744679234685,320093627.58684593
3.6963678722893727,318474849.18374115
3.702872703683649,316853222.0705149
3.709388982215481,315228741.234032
3.7159167280294154,313601401.6523421
3.722455961305473,311978714.72046924
3.7290067022591633,310395662.6440814
3.735568971141596,308809824.72840315
3.7421427882394904,307221196.0709452
3.7487281738752967,305629771.76058483
3.7553251484071977,304035546.87756294
3.7619337322292252,302445103.6283779
3.7685539457712984,300894265.04515046
3.7751858094992707,299340697.31162
3.7818293439150357,297784395.6250522
3.7884845695565397,296225355.1742667
3.7951515069979003,294663571.1396103
3.8018301768494114,293107750.4783719
3.8085205997576663,291588469.87661654
3.8152227964055627,290066515.6599801
3.8219367875124255,288541883.1234586
3.828662593834011,287014567.5537746
3.8354002361626307,285484564.2293498
3.8421497353271588,283965511.4587005
3.84891111219315,282477146.6657201
3.855684387662852,280986162.6631912
3.862469582675323,279492554.84185195
3.8692667182064415,277996318.58433497
3.8760758152690276,276497449.2651414
3.8828968949128506,275017089.33612704
3.8897299782247536,273559011.24678427
3.8965750863286557,272098367.2461327
3.903432240385682,270635152.81870395
3.9103014615941665,269169363.44108975
3.917182771189776,267700994.58191526
3.9240761904455197,266261044.72855893
3.930981740671872,264832637.0393635
3.9378994432167786,263401715.65253416
3.9448293194657844,261968276.14448768
3.9517713908420378,260532314.08386248
3.9587256788064162,259093825.0314926
3.965692204857536,257695806.81473765
3.972670990531875,256296465.763345
3.9796620574037815,254894662.16549826
3.9866654270855992,253490391.6876298
3.993681121227676,252083649.98855153
4.000709161518489,250688141.1970177
4.007749569684654,249319683.50525934
4.014802367491047,247948817.61527303
4.0218675767408225,246575539.28913817
4.028945219275527,245199844.28147087
4.036035316975119,243821728.33942178
4.043137891758086,242471482.07339135
4.050252965581462,241130871.09820887
4.057380560440949,239787900.9291733
4.064520698370926,238442567.41460106
4.0716734014445795,237094866.39549777
4.078838691773908,235751818.1368259
4.086016591509853,234440794.35257933
4.093207122842311,233127463.44172615
4.100410308000253,231811821.34420553
4.1076261692517395,230493863.99281663
4.114854728904049,229173587.31319615
4.122096009303688,227878412.38199922
4.129350032836513,226594066.59296116
4.136616821927749,225307460.62498719
4.143896399042115,224018590.50063404
4.15118878668383,222727452.2354646
4.158494007396749,221443413.09922048
4.165812083764367,220187412.73237848
4.173143038409953,218929202.0685896
4.180486893996556,217668777.21819794
4.187843673227141,216406134.2846975
4.19521339884459,215141269.36473015
4.202596093631843,213907075.97680667
4.2099917804119,212676633.93481776
4.217400482047949,211444026.5731691
4.224822221443411,210209250.0813515
4.232257021541989,208972300.64215368
4.2397049053277955,207752510.94715536
4.247165895825357,206549224.6754144
4.25464001609975,205343820.87246683
4.262127289256609,204136295.8119046
4.269627738442262,202926645.76075712
4.277141386843737,201723061.07695684
4.2846682576888995,200546331.24950328
4.2922083742464565,199367530.62461182
4.299761759826098,198186655.55811128
4.3073284377785015,197003702.39942232
4.314908431495468,195818667.49153656
4.322501764409931,194667207.02901664
4.330108459996094,193514422.45188975
4.337728541769437,192359609.21593815
4.345362033286855,191202763.75114578
4.353008958146667,190043882.4812189
4.36066933998875,188911009.3117006
4.368343202494553,187783666.60997698
4.376030569387229,186654340.02178547
4.383731464431648,185523026.05590457
4.391445911434532,184389721.2149646
4.399173934244468,183276806.45863912
4.406915556752041,182174344.13189715
4.414670802889847,181069941.7029258
4.422439696632632,179963595.75755015
4.4302222619973,178855302.87559167
4.438018523043049,177763584.6724732
4.445828503871389,176685453.61256966
4.453652228626271,175605425.26835588
4.461489721494104,174523496.3010118
4.469341006703893,173439663.36583754
4.477206108527247,172370254.43193972
4.485085051278523,171315917.64950708
4.492977859314831,170259725.4556988
4.500884557036177,169201674.58537835
4.508805168885476,168141761.76766747
4.516739719348687,167095656.59767002
4.524688232954827,166064588.95466235
4.532650734276114,165031706.8490769
4.540627247927973,163997007.08784273
4.548617798569179,162960486.47226533
4.556622410901872,161938568.2036091
4.564641109671691,160930256.15173587
4.5726739196677935,159920169.68234974
4.58072086572299,158908305.67284653
4.588781972713759,157894660.99513075
4.596857265560394,156897707.94782576
4.604946769227004,155911649.27277625
4.613050508721665,154923855.341483
4.62116850909643,153934323.10026127
4.62930079544747,152943049.49004853
4.637447392915087,151971741.3959758
4.645608326683859,151007444.9672702
4.653783621982648,150041451.57930744
4.66197330408475,149073758.2457934
4.6701773983079,148104361.97518283
4.678395930014423,147159285.9100601
4.686628924611242,146216271.43643746
4.694876407550023,145271597.45532838
4.7031384043271895,144325261.04634994
4.711414940484067,143379497.4931561
4.719706041606895,142458915.31470385
4.728011733326963,141536713.1048959
4.736332041320668,140612888.01281616
4.744666991309565,139687437.1825346
4.753016609060509,138769429.30644694
4.761380920385665,137869164.3126158
4.769759951142656,136967315.0414073
4.778153727234573,136063878.70482776
4.7865622746101275,135158852.5099734
4.794985619263661,134268928.8685061
4.803423787235293,133388532.66044396
4.811876804610933,132506587.13989781
4.820344697522433,131623089.58040111
4.828827492147595,130738037.25069284
4.837325214710323,129876455.04080655
4.845837891480637,129015489.11579596
4.854365548774819,128153008.07151823
4.862908212955428,127289009.24168335
4.871465910431453,126430925.02180603
4.880038667658318,125590439.63267444
4.888626511138041,124748475.1657189
4.897229467419241,123905029.0180748
4.9058475630972955,123060098.58229339
4.914480824814345,122231226.851389
4.923129279259453,121409290.91631056
4.931792953168612,120585908.54655454
4.940471873324902,119761077.19669792
4.949166066558498,118937576.64805907
4.957875559746829,118135192.80896902
4.966600379814584,117331396.9427853
4.975340553733871,116526186.5646351
4.984096108524228,115719559.18527596
4.992867071252776,114925860.0990207
5.001653469034232,114141184.8154275
5.010455329031069,113355128.66807874
5.019272678453521,112567689.22694573
5.028105544559742,111780917.93418688
5.036953954655821,111014908.39546439
5.045817936095934,110247550.84077843
5.054697516282359,109478842.89790547
5.063592722665632,108708782.19044435
5.072503582744563,107952153.46008866
5.081430124066385,107203049.6985833
5.090372374226778,106452627.6717345
5.099330360870015,105700885.05967054
5.108304111688985,104952459.06003626
5.117293654425346,104221174.87305638
5.126299016869539,103488603.779443
5.135320226860947,102754743.51450907
5.144357312287906,102019591.80958527
5.1534103010878685,101301432.55691531
5.162479221247414,100586287.76105723
5.171564100802409,99869884.46050398
5.180664967838021,99152220.44055298
5.189781850488877,98443288.86949332
5.198914776939077,97745155.83707981
5.208063775422361,97045794.23710315
5.217228874222113,96345201.90754381
5.226410101671527,95646173.05008478
5.235607486153624,94964647.10768881
5.244821056101407,94281921.82272148
5.254050839997877,93597995.08459312
5.263296866376201,92912864.77899687
5.272559163819717,92244166.58722304
5.281837760962102,91577681.87495182
5.291132686487385,90910024.28951772
5.300443969130102,90241191.76690944
5.309771637675354,89583088.08120127
5.319115720958871,88932457.61317644
5.328476247867164,88280682.17212859
5.337853247337542,87627759.7431469
5.347246748358275,86980756.91282997
5.356656779968609,86345603.5505271
5.366083371258927,85709332.4516579
5.375526551370774,85071941.64924186
5.384986349497008,84436492.5056613
5.394462794881829,83816448.08187412
5.403955916820935,83195312.51008014
5.413465744661542,82573083.87008934
5.422992307802547,81949760.23832984
5.432535635694547,81344295.93423685
5.442095757840003,80737935.84773706
5.451672703793256,80130508.6947923
5.461266503160694,79522012.5975885
5.470877185600769,78928430.48576997
5.4805047808241625,78336494.40740624
5.490149318593804,77743516.64582352
5.499810828725038,77149495.36787686
5.5094893410856365,76568115.95920333
5.519184885595973,75990260.772706
5.528897492229036,75411388.68240304
5.538627191010598,74831497.89875613
5.548374012019235,74262599.49539313
5.558137985386489,73698490.24649456
5.5679191412968905,73133388.2837545
5.577717509988128,72567291.86020389
5.587533121751061,72011113.11240588
5.597366006929898,71460422.81468321
5.607216195922201,70908763.41765574
5.617083719179073,70356133.21591112
5.626968607205156,69812875.55532107
5.636870890558821,69275285.00065765
5.646790599852171,68736748.399487
5.656727765751221,68197264.08696471
5.666682418975912,67669593.80848779
5.676654590300287,67148830.09479934
5.686644310552503,66627149.94631084
5.696651610615007,66104551.75028845
5.706676521424556,65581033.891162276
5.716719073972387,65070437.911308
5.726779299304234,64566122.2780936
5.736857228520509,64060919.15524647
5.746952892776308,63554826.98097222
5.7570663232816015,63047844.19072591
5.767197551301235,62549668.673586406
5.777346608155119,62061281.5928483
5.7875135252182375,61572035.053386584
5.79769833392083,61081927.54273337
5.807901065748404,60590957.54576112
5.818121752241919,60105848.46324826
5.828360424997795,59632886.81954442
5.838617115668098,59159092.86264656
5.848891855960556,58684465.127859145
5.859184677638733,58209002.14790725
5.869495612522051,57737507.816601895
5.879824692485971,57279484.38821339
5.890171949462001,56820654.93475447
5.90053741543789,56361018.037789255
5.910921122457633,55900572.27638772
5.921323102621657,55443150.967448704
5.93174338808684,54999593.923996575
5.942182011066678,54555256.31327379
5.95263900383136,54110136.761645384
5.963114398707826,53664233.89306044
5.973608228079953,53221260.96283657
5.984120524388559,52791713.37880663
5.994651320131599,52361409.88121287
6.005200647864171,51930349.13980699
6.0157685401987075,51498529.82199797
6.026355029804988,51070304.39040232
6.03696014941033,50654323.774082184
6.047583931799597,50237611.119213834
6.058226409815391,49820165.13756232
6.0688876163580705,49401984.53862723
6.079567584385931,48988735.74091542
6.090266346915225,48585893.57824675
6.100983937020352,48182342.49794898
6.111720387833871,47778081.25247684
6.122475732546689,47373108.59208779
6.133250004408081,46975312.05339591
6.144043236725878,46585860.69820248
6.15485546286648,46195723.99039051
6.165686716255046,45804900.72388255
6.176537030375521,45413389.6904801
6.187406438770809,45028235.48201165
6.1982949750428045,44651739.82679337
6.209202672852577,44274581.61826768
6.220129565920388,43896759.69048056
6.231075688025881,43518272.87542478
6.242041073008107,43146019.205515325
6.253025754765704,42782058.78412544
6.2640297672569245,42417457.868808635
6.275053144499822,42052215.33242931
6.286095920572273,41686330.04586982
6.297158129612167,41327169.416846745
6.308239805817423,40975337.93806659
6.319340983446188,40622887.309751235
6.33046169681685,40269816.44232823
6.341601980308238,39916124.2443062
6.3527618683596305,39570189.16211528
6.36394139547096,39230094.05945087
6.375140596202828,38889400.46080984
6.386359505176696,38548107.31296427
6.397598157074911,38206213.56083411
6.408856586640898,37873581.86226556
6.420134828679177,37544843.85949521
6.4314329180555605,37215527.346858986
6.442750889697175,36885631.30630164
6.4540887785926575,36555154.717974976
6.465446619792168,36235854.53817571
6.476824448407596,35918107.23017305
6.488222299612575,35599800.753620416
6.49964020864268,35280934.12449795
6.511078210795452,34962091.80964097
6.5225363414305875,34655520.75872461
6.534014635969968,34348410.20712423
6.545513129897857,34040759.20543127
6.5570318587609115,33732566.80256769
6.5685708581683935,33427397.571338236
6.58013016379218,33131103.330265902
6.591709811366974,32834287.673536625
6.603309836690314,32536949.68356895
6.6149302756227835,32239088.4411654
6.626571164088023,31947483.75670281
6.638232538072945,31661136.744853403
6.649914433627733,31374285.8223827
6.6616168868660575,31086930.10251343
6.673339933965136,30799068.696907908
6.685083611165817,30520887.448112484
6.69684795477277,30244169.40356603
6.708633001154509,29966964.393359017
6.720438786743594,29689271.56053359
6.732265348036653,29413088.633264583
6.744112721594585,29146161.999200176
6.755980944042583,28878765.630301975
6.767870052070342,28610898.699934702
6.779780082432072,28342560.38000953
6.791711071946711,28079794.093909808
6.803663057497947,27821872.457943626
6.815636076034417,27563496.934049137
6.827630164569737,27304666.723479383
6.839645360182705,27045381.026080735
6.851681700017321,26795797.519824237
6.863739221283,26546575.524019945
6.875817961254591,26296914.94982799
6.8879179572725855,26046815.025442023
6.900039246743137,25800070.818229962
6.912181867138276,25559676.60866669
6.924345855995926,25318859.355766166
6.9365312509201225,25077618.315060418
6.9487380895810205,24835952.74077238
6.9609664097151205,24602317.372761525
6.9732162491252785,24370028.83966039
6.98548764568093,24137331.527510244
6.997780637318099,23904224.716946293
7.010095262039621,23673993.35299137
7.022431557915156,23449930.224264126
7.034789563081409,23225472.79147269
7.047169315742152,23000620.360725116
7.059570854168434,22775372.236907452
7.071994216698599,22558051.325153995
7.084439441738518,22341540.816297907
7.09690656776159,22124649.294403333
7.109395633308975,21907376.088966873
7.121906676989601,21693863.781609442
7.134439737480396,21485017.738369603
7.146994853526298,21275804.169941578
7.159572063940478,21066222.429557767
7.172171407604358,20856825.66562543
7.18479292346784,20655371.744987763
7.197436650549311,20453563.307745714
7.210102627935879,20251399.73002405
7.222790894783383,20048880.38685052
7.235501490316621,19852059.490500145
7.248234453829367,19657393.1271063
7.260989824684592,19462384.19178334
7.27376764231449,19267032.081676986
7.286567946220698,19074528.31848942
7.299390775974313,18886750.382131252
7.312236171216127,18698641.996029284
7.325104171656632,18510202.578661773
7.337994817076259,18322218.302959826
7.35090814732539,18141084.21613773
7.36384420232459,17959631.37135215
7.376803022064622,17777859.207656372
7.389784646606674,17595767.163115792
7.402789116082386,17419838.046656806
7.415816470694068,17244804.491456013
7.4288667507147315,17069462.913946938
7.441939996488309,16893812.77207462
7.455036248429676,16722451.29244535
7.468155547024871,16553609.214387944
7.481297932831181,16384470.009721776
7.494463446477223,16215033.155566718
7.507652128663164,16048360.953183426
7.520864020160745,15885490.673977949
7.534099161813508,15722333.777275894
7.547357594536819,15558889.758690968
7.560639359318097,15397003.051868504
7.57394449721684,15239892.733522229
7.587273049364852,15082505.93400119
7.600625056966273,14924842.166756866
7.614000561297801,14767813.949286465
7.627399603708721,14616259.311107203
7.640822225621138,14464437.96858383
7.654268468529997,14312349.45237301
7.667738374003318,14160231.539355878
7.681231983682222,14014035.58538934
7.69474933928116,13867582.357237872
7.708290482587938,13720871.402153194
7.721855455463956,13573902.266589722
7.735444299844224,13432669.090086684
7.749057057737607,13291393.668249736
7.7626937712268385,13149869.631331604
7.776354482468764,13008096.541821655
7.790039233694365,12871610.704920731
7.803748067208991,12735329.562589062
7.817481025392389,12598808.59405955
7.831238150698936,12462047.377288194
7.845019485657669,12330315.550260937
7.858825072872522,12198851.697853101
7.872654955022342,12067156.496666316
7.886509174861145,11935229.539575014
7.900387775218125,11808243.792264555
7.914290798997902,11681426.542352553
7.928218289180547,11554386.1207064
7.942170288821819,11427122.134590443
7.956146841053189,11304861.36487552
7.970147989082093,11182526.10571734
7.98417377619194,11059975.562187728
7.998224245742368,10937445.325733498
8.012299441169263,10819640.614644855
8.026399405985002,10701628.591997962
8.040524183778484,10583408.89296821
8.054673818215367,10465702.781153154
8.068848353038094,10352060.873953301
8.08304783206615,10238218.980856027
8.097272299196066,10124176.74992839
8.111521798401686,10011235.474007431
8.125796373734179,9901608.967863476
8.14009606932229,9791789.542084945
8.15442092937237,9681776.857173983
8.168770998168613,9573532.927078586
8.183146320073094,9467779.6594958
8.197546939526008,9361840.288365101
8.211972901045703,9255714.486183543
8.226424249228923,9152093.177421477
8.240901028750837,9050076.038505929
8.255403284365292,8947879.370844511
8.26993106090483,8845502.858504545
8.28448440328095,8746423.10540429
8.299063356484133,8648009.856950512
8.313667965584084,8549423.421841439
8.328298275729763,8450808.838732472
8.342954332149647,8356038.715400981
8.357636180151742,8261101.816549726
8.372343865123833,8165997.848688717
8.387077432533577,8071888.047938847
8.401836927928601,7980465.3718753
8.416622396936745,7888881.8110961905
8.431433885266085,7797137.0824783845
8.446271438705192,7707431.658854181
8.461135103123162,7619237.9943514615
8.47602492446986,7530889.127515598
8.49094094877596,7442384.785223247
8.505883222153201,7356980.099250663
8.520851790794406,7271901.214540771
8.53584670097375,7186672.608856215
8.550867999046778,7102013.884695877
8.565915731450675,7020083.781575864
8.58098994470428,6938009.498675859
8.59609068540836,6855790.7822695505
8.61121800024563,6776311.140148184
8.626371935981012,6699036.800526731
8.64155253946167,6621626.47429154
8.656759857617269,6544079.922134575
8.671993937459995,6466396.90432697
8.687254826084827,6388577.180717673
8.702542570669566,6315422.793805464
8.717857218475093,6242282.9055088395
8.733198816845395,6169014.306364781
8.74856741320784,6095616.769869065
8.763963055073196,6022090.069119172
8.779385790035901,5950512.514161227
8.794835665774086,5881407.479855688
8.810312730049848,5812180.835198466
8.825817030709274,5742832.366181013
8.841348615682712,5673361.858417886
8.856907532984797,5603769.097146659
8.87249383071472,5538349.887012271
8.888107557056252,5472942.217469361
8.903748760278022,5407419.444160484
8.91941748873354,5341781.364527307
8.93511379086147,5276027.775654776
8.950837715185655,5212458.833089686
8.966589310315392,5150659.460223901
8.982368624945456,5088751.333436856
8.998175707856385,5026734.261344357
9.014010607914486,4964608.052225668
9.029873374072132,4903085.288313791
9.045764055367775,4844695.156027539
9.061682700926227,4786202.269367549
9.07762935995869,4727606.44750781
9.093604081763031,4668907.509303866
9.109606915723802,4610105.273292719
9.125637911312525,4554416.332089851
9.141697118087725,4499150.279665622
9.157784585695198,4443786.970592302
9.173900363868045,4388326.233718726
9.190044502426947,4332767.897592304
9.206217051280195,4279196.905117083
9.22241806042398,4226979.674684029
9.238647579942402,4174670.5528885964
9.254905660007767,4122269.3780211704
9.27119235088061,4069775.988087781
9.287507702909974,4018419.781904816
9.30385176653345,3969083.1814872324
9.320224592277446,3919659.7590111974
9.336626230757224,3870149.361688213
9.35305673267718,3820551.8364607166
9.369516148830876,3771478.6421166
9.38600453010131,3724863.7582600256
9.402521927461024,3678166.8419947186
9.419068391972209,3631387.748960953
9.43564397478698,3584526.3345447835
9.45224872714741,3537779.436416278
9.468882700385802,3493736.1223266963
9.485545945924738,3449615.3012513565
9.502238515277352,3405416.8367941445
9.518960460047364,3361140.5923191058
9.53571183192938,3316786.4309496447
9.5524926827089,3275128.022045161
9.569303064262634,3233441.182752116
9.586143028558505,3191680.983374206
9.603012627655964,3149847.294813
9.619911913706007,3107939.987743047
9.63684093895147,3068481.280084872
9.653799755727063,3029094.14903187
9.670788416459652,2989637.7048975932
9.687806973668307,2950111.8257056545
9.70485547996458,2910516.389264844
9.721933988052546,2873252.6330760918
9.73904255072909,2836038.3440901763
9.756181220883947,2798758.5657689096
9.773350051499989,2761413.182864736
9.790549095653262,2724013.9368302654
9.807778406513284,2688914.390304146
9.825038037343068,2653753.075945406
9.842328041499433,2618529.885055557
9.859648472433017,2583244.7087449697
9.876999383688599,2548118.166213607
9.894380828905108,2514954.9320107438
9.911792861815941,2481733.3374783476
9.929235536248985,2448453.279914558
9.946708906126917,2415114.6564366473
9.964213025467243,2382212.8067835164
9.981747948382598,2350879.0659269765
9.999313729080765,2319490.184265155
10.016910421865003,2288046.0647617434
10.034538081134059,2256546.610209802
10.05219676138248,2225813.4325787243
10.069886517200636,2196208.258896565
10.087607403275047,2166550.9863243694
10.10535947438839,2136841.5231790897
10.123142785419821,2107079.7776162145
10.140957391345003,2078452.7237875545
10.158803347236415,2050480.7588288314
10.176680708263376,2022459.5690845866
10.19458952969237,1994389.0679294774
10.212529866887063,1966269.168585831
10.230501775308623,1939680.4748615697
10.248505310515743,1913251.6207464603
10.26654052816496,1886776.25739688
10.284607484010687,1860254.3029663963
10.302706233905521,1833990.52462087
10.320836833800278,1809063.5201291807
10.338999339744309,1784092.6493430433
10.357193807885519,1759077.8350670398
10.37542029447071,1734018.9999698023
10.393678855845577,1709737.460491899
10.411969548455055,1686185.588039954
10.430292428843336,1662592.269237287
10.448647553654185,1638957.4311469772
10.467034979630984,1615281.000703838
10.485454763617037,1592899.6952120035
10.503906962555613,1570647.0940525448
10.522391633490237,1548355.3329870307
10.540908833564826,1526024.3431022249
10.559458620023797,1504077.9578758478
10.578041050212388,1483089.8868167743
10.596656181576666,1462064.8811591521
10.615304071663873,1441002.875905801
10.633984778122448,1419903.8059452407
10.652698358702352,1399767.282777358
10.6714448712551,1379937.04796936
10.690224373734084,1360071.9161114835
10.709036924194612,1340171.8257922875
10.727882580794232,1320525.8221861853
10.74676140179276,1301822.4642705005
10.765673445552613,1283086.192371679
10.784618770538835,1264316.948568059
10.803597435319439,1245514.6748359706
10.822609498565422,1227572.1703632893
10.84165501905111,1209900.6099251502
10.860734055654186,1192197.9512508414
10.879846667356013,1174464.1396139632
10.898992913241678,1157038.2668730957
10.918172852500325,1140370.9147064162
10.937386544425173,1123674.2314992896
10.956634048413871,1106948.1656352077
10.97591542396851,1090192.6654068998
10.995230730695976,1074622.9774171903
11.014580028307972,1059177.8977588473
11.033963376621353,1043705.6380030215
11.053380835558167,1028206.1503184763
11.072832465145991,1012679.3867897446
11.092318325517954,997334.2979628646
11.111838476913091,983021.8574943725
11.131392979676361,968684.2301356009
11.150981894259003,954321.3715628802
11.170605281218553,939933.2373746025
11.190263201219196,925519.7830909592
11.209955715031795,911666.6668797582
11.229682883534235,898380.4655411327
11.249444767711454,885070.8832776344
11.269241428655793,871737.8789437156
11.28907292756702,858381.4113214778
11.30893932575268,845001.4391204321
11.328840684628132,832566.0136763428
11.348777065716888,820232.4674583438
11.36874853065065,807877.2167884712
11.388755141169664,795500.2234714197
11.408796959122736,783101.4492447209
11.428874046467598,771015.3275947123
11.448986465270936,759586.2414446264
11.46913427770874,748137.0425024683
11.489317546066335,736667.6953739686
11.509536332738737,725178.1646025267
11.52979070023068,713668.4146691924
11.550080711156978,702915.9804297999
11.570406428242551,692306.3894211405
11.590767914322786,681678.1277598037
11.611165232343557,671031.1625893823
11.631598445361606,660365.4609956038
11.652067616544542,650010.1922723462
11.672572809171234,640178.6379478894
11.693114086631814,630329.7821519899
11.713691512428058,620463.5944376688
11.734305150173403,610580.0443044094
11.754955063593322,600679.1011979798
11.77564131652534,591552.4037500281
11.796363972919393,582425.7973886812
11.817123096837951,573283.1301162812
11.83791875245616,564124.3736690152
11.858751004062182,554949.4997332944
11.879619916057228,546232.2380031624
11.900525552955932,537774.9161171198
11.92146797938637,529302.7111202008
11.942447260090434,520815.5968212376
11.96346345992387,512313.546983006
11.984516643856633,504029.1654665362
12.005606876972934,496192.04719364573
12.026734224471598,488341.13723800797
12.0478987516661,480476.4113291734
12.069100523984947,472597.8451539482
12.090339606971693,464761.0831414974
12.11161606628532,457498.686882855
12.132929967700278,450223.51033156127
12.154281377106845,442935.53099697013
12.17567036051117,435634.726348885
12.197096984035637,428321.07381743356
12.218561313918922,421523.21903629706
12.240063416516334,414781.55543911795
12.261603358299881,408028.0279294422
12.283181205858629,401262.61562926124
12.304797025898738,394485.2976238526
12.32645088524385,388101.1120135967
12.348142850835108,381853.83708673465
12.369872989731553,375595.56826762453
12.39164136911014,369326.2862093373
12.413448056266134,363045.9715308713
12.435293118613137,357097.46240588545
12.45717662368347,351344.25948976085
12.47909863912821,345580.93214440864
12.501059232717582,339807.462552946
12.523058472340969,334023.83286716166
12.545096426007326,328319.44474205363
12.567173161845195,323021.23965558095
12.589288748103098,317713.71084052126
12.611443253149574,312396.84188908036
12.633636745473567,307070.61636456783
12.65586929368445,301735.0178013916
12.678140966512435,296753.65439033386
12.700451832808582,291865.87682112836
12.722801961545217,286969.4977895964
12.745191421815944,282064.5021589795
12.767620282836052,277150.874765863
12.790088613942544,272415.1833654138
12.812596484594525,267913.9605932886
12.835143964373252,263404.81661413127
12.85773112298252,258887.7374882707
12.880358030248688,254362.70925152444
12.903024756121097,249884.58211932046
12.925731370672088,245739.3430699974
12.948477944097405,241586.80927024604
12.971264546716231,237426.96788284575
12.994091248971591,233259.80604796714
13.016958121430378,229085.31088316898
13.039865234783763,225228.45330636436
13.062812659847227,221404.3268119016
13.08580046756096,217573.47065768903
13.108828728989902,213735.87300094625
13.131897515324146,209891.5219780359
13.155006897878971,206272.88659677666
13.178156948095248,202751.19498608913
13.201347737539475,199223.30593755754
13.224579337904164,195689.208544989
13.247851821007991,192148.89188299776
13.271165258795943,188769.4559711297
13.29451972333972,185526.28087775016
13.317915286837742,182277.39847712222
13.341352021615595,179022.79872557582
13.364830000126037,175762.4715617806
13.388349294949426,172620.18840876452
13.411909978793746,169633.50307425496
13.43551212449504,166641.56180061496
13.459155805017419,163644.3553385011
13.482841093453494,160641.87442228163
13.506568063024416,157732.27557357436
13.53033678708027,154981.79524779934
13.554147339100142,152226.4746541233
13.577999792692513,149466.30527468558
13.601894221595304,146701.27857664676
13.625830699676298,144017.98754071727
13.649809300933171,141485.03171338004
13.673830099493921,138947.6184155838
13.69789316961689,136405.73980312198
13.7219985856912,133859.38801797305
13.746146422236793,131394.55681370385
13.770336753904832,129061.92234141582
13.794569655477769,126725.18292220069
13.818845201869747,124384.33133220904
13.843163468126642,122039.36033488871
13.867524529426497,119784.03890209597
13.891928461079555,117635.88316934575
13.916375338528685,115483.94713351403
13.940865237349424,113328.22414206529
13.965398233250399,111168.70753074848
13.98997440207338,109113.15482817248
14.014593819793685,107134.88814859946
14.039256562520254,105153.14013501375
14.063962706496044,103167.90466099497
14.088712328098095,101179.17558934854
14.113505503837953,99313.12014152958
14.138342310361704,97491.30666877214
14.163222824450415,95666.28718679484
14.188147123020176,93838.05605369798
14.21311528312253,92006.60761764657
14.238127381944519,90319.46433041805
14.263183496809111,88641.73080551066
14.288283705175251,86961.04482184503
14.313428084638293,85277.40118371046
14.338616712930042,83614.17801655785
14.363849667919203,82071.84391634946
14.389127027611401,80526.7956319429
14.414448870149645,78979.02838694066
14.439815273814348,77428.53739654615
14.465226317023795,75934.20905288392
14.490682078334155,74513.85199371532
14.516182636439952,73090.99540432835
14.54172807017409,71665.63488607746
14.567318458508302,70237.7660325707
14.592953880553196,68900.85321481379
14.618634415558699,67592.82651990648
14.644360142914097,66282.49797264076
14.670131142148492,64969.86352223693
14.69594749293083,63666.70336198292
14.721809275070374,62464.239355879414
14.747716568516715,61259.6592655865
14.77366945336025,60052.9593672379
14.799668009832216,58844.135930418815
14.825712318305117,57685.2875889462
14.851802459292891,56577.9216562086
14.877938513451095,55468.6069919244
14.904120561577317,54357.34016673321
14.930348684611236,53244.11774524375
14.956622963635064,52218.478311824954
14.982943479873601,51198.689525832146
15.009310314694694,50177.106125681916
15.035723549609266,49153.72495323228
15.062183266271795,48163.00814896909
15.088689546480348,47225.52016515265
15.115242472177037,46286.382399311486
15.141842125448079,45345.59194817757
15.168488588524244,44403.145903369856
15.195181943780911,43531.92110674571
15.221922273738528,42668.5753015001
15.248709661062646,41803.710188899655
15.27554418856441,40937.32309528049
15.302425939200578,40101.28414267374
15.329354996074008,39307.61360087815
15.356331442433689,38512.5463655628
15.383355361675225,37716.07997883864
15.410426837340864,36918.21197849463
15.437545953119983,36187.99728343677
15.464712792849125,35457.09497339825
15.491927440512477,34724.90642874793
15.519189980241912,33991.429385984455
15.546500496317465,33294.832734508105
15.573859073167378,32622.916998214117
15.601265795368578,31949.818831293815
15.62872074764672,31275.536152918918
15.656224014876667,30613.856426678674
15.683775682082539,29996.166825101536
15.711375834438185,29377.390219510322
15.73902455726723,28757.52469700753
15.766721936043574,28136.568341326645
15.794468056391404,27563.609211938274
15.822263004085714,26994.770212749798
15.850106865052323,26424.930176352373
15.877999725368381,25854.08734112953
15.905941671262397,25312.627931062998
15.933932789114737,24789.69638505062
15.96197316545767,24265.844589308475
15.990062886975853,23741.070924389194
16.018202040506377,23231.227472356535
16.046390713039266,22750.49847486388
16.074628991717503,22268.92349526625
16.102916963837554,21786.50104481185
16.131254716849384,21308.029015774762
16.159642338356964,20866.096661926993
16.188079916118326,20423.38659992158
16.216567538046036,19979.897461154633
16.245105292207274,19535.627874615435
16.273693266824292,19125.994972592987
16.3023315502745,18719.013282712804
16.331020231090932,18311.31539050476
16.35975939796232,17902.900035603936
16.388549139733577,17520.270730234515
16.417389545405847,17146.133998064008
16.446280704137024,16771.338863795325
16.47522270524177,16395.88416877984
16.50421563819205,16039.560840165192
16.53325959261716,15695.618353709375
16.562354658304244,15351.070600688552
16.59150092519833,15005.916515961357
16.620698483402823,14675.045586942379
16.649947423179693,14358.860556664478
16.679247834949656,14042.119107117387
16.70859980929268,13724.820259119364
16.738003436948,13418.4305240839
16.767458808814663,13127.762818555837
16.796966015951558,12836.583598892723
16.826525149577936,12544.891964936425
16.856136301073462,12261.92695061268
16.885799561978722,11994.717225462911
16.91551502399527,11727.037267298461
16.945282778986172,11458.886248607376
16.975102918976017,11198.23139402616
17.00497553615147,10952.586501743313
17.03490072286129,10706.509326024025
17.064878571616894,10459.99910613968
17.094909175092358,10220.504454001766
17.124992626124975,9994.684031220264
17.15512901771529,9768.466211906409
17.185318443027626,9541.850296725284
17.215560995390142,9322.349304277168
17.245856768295354,9114.753441520548
17.276205855400182,8906.792253630916
17.306608350526485,8698.465097712315
17.337064347661105,8497.790100737084
17.367573940956408,8306.948007259281
17.398137224730316,8115.770071764904
17.42875429346687,7924.255703242086
17.45942524181624,7741.250500849448
17.490150164595303,7565.8100842661615
17.52092915678766,7390.060929383966
17.55176231354418,7214.002492887967
17.582649730183075,7047.532462495746
17.6135915021904,6886.250749378676
17.644587725220124,6724.68521430817
17.675638495094688,6562.835357816817
17.70674390780502,6411.795458211091
17.7379040595111,6263.529787777195
17.769119046542006,6115.003200892202
17.800388965396458,5966.215238397638
17.83171391274287,5829.536213280359
17.863093985419898,5693.236141782003
17.89452928043649,5556.696210774455
17.92601989497243,5421.64907942452
17.957565926378393,5296.569052474171
17.989167472176504,5171.268910937096
18.020824630060364,5045.748267458104
18.052537497895646,4923.992516904621
18.08430617372009,4809.006919992977
18.116130755744113,4693.818972572135
18.14801134235082,4578.428318547932
18.179948032096586,4468.948945403644
18.211940923711094,4363.243119945485
18.243990116097887,4257.351274427598
18.276095708334452,4151.273081493938
18.30825779967274,4053.1087766592973
18.34047648953925,3955.933810090252
18.372751877535567,3858.5878359820554
18.405084063438434,3762.489499177108
18.437473147200304,3673.3138494233135
18.469919228949397,3583.981269248681
18.502422408990277,3494.491482488426
18.534982787803873,3408.6198908178108
18.56760046604809,3326.641052413797
18.600275544557828,3244.5179484659247
18.633008124345537,3162.2503250970394
18.665798306601424,3085.7496039320263
18.69864619269367,3010.3867670521727
18.731551884168983,2934.8913074019356
18.76451548275264,2860.4919594219914
18.797537090349046,2791.3328932207114
18.830616809041828,2722.0521215830877
18.863754741094382,2652.649430332975
18.896950988949925,2586.596263250895
18.930205655232104,2523.0185945943904
18.96351884274501,2459.3290425894024
18.99689065447379,2395.5274103445836
19.030321193584697,2337.0833612868146
19.063810563425648,2278.6366503373724
19.097358867526317,2220.087085447737
19.130966209598693,2163.6420800940505
19.164632693537143,2110.2277018280142
19.198358423419002,2056.7193254706494
19.232143503504624,2003.1167856051593
19.26598803823798,1952.8377774072344
19.29989213224669,1903.9365371367967
19.333855890342647,1854.9492409503646
19.367879417522055,1805.9214460933767
19.40196281896601,1761.2306619061837
19.436106200040584,1716.4612313217995
19.4703096662974,1671.6130159389877
19.5045733234737,1628.092824892141
19.538897277492932,1587.1780965670146
19.573281634464806,1546.19136691022
19.607726500685914,1505.1325092144457
19.642231982639757,1467.6356765984458
19.676798186997367,1431.6184402429606
19.711425220617357,1395.5378211134287
19.746113190546527,1359.3937076694015
19.780862204019922,1323.185988174286
19.815672368461424,1289.1868755092037
19.85054379148384,1257.42510559804
19.88547658088947,1225.607441640259
19.920470844670202,1193.7337852741364
19.955526691008092,1161.804037964726
19.990644228275453,1131.1893250830872
20.02582356503543,1103.1802347149421
20.061064810042083,1075.121854228353
20.096368072241006,1047.0140968829996
20.13173346076936,1018.8568757860353
20.16716108495652,991.4658999561134
20.202651054324097,966.766106920539
20.238203478586595,942.0228474349764
20.273818467651445,917.2360450076482
20.309496131619643,892.4056230120677
20.345236580785777,868.0465090044144
20.38103992563869,846.2650170679626
20.41690627686151,824.445194278799
20.4528357453323,802.5869731826269
20.48882844212409,780.6902862065311
20.524884478505513,759.1524803073572
20.561003965940888,739.9444897669487
20.597187016090814,720.7026971959325
20.63343374081225,701.4270431098693
20.669744252159155,682.1174679195625
20.706118662382515,663.181359344546
20.742557083931015,646.2428088688789
20.779059629451073,629.2744501006796
20.815626411787488,612.276230583578
20.8522575439835,595.2480977689572
20.888953139281384,578.6922918644793
20.925713311122706,563.7550452215863
20.96253817314855,548.7915121607267
20.99942783920013,533.8016464232933
21.036382423318855,518.7854016693337
21.073402039746966,504.3921098405622
21.110486802927596,491.2197113173885
21.14763682750543,478.0241321383765
21.184852228326754,464.80533151046404
21.222133120440102,451.56326856875035
21.25947961909632,439.12219693340126
21.29689183974923,427.5061282560973
21.334369898055666,415.8696177367539
21.37191390987616,404.2126294019957
21.40952399127496,392.5351272151931
21.447200258520745,381.8461769211636
21.48494282808662,371.60255642349273
21.522751816650832,361.3409093044072
21.560627341096794,351.06120384085847
21.598569518513763,340.7634082539318
21.636578466196905,331.6384429950326
21.674654301647937,322.60511478256427
21.71279714257522,313.555889809019
21.75100710689439,304.49074009941694
21.78928431272846,295.62556531493277
21.827628878408444,287.67352626631356
21.866040922473456,279.7074932985261
21.90452056367137,271.72744178519366
21.94306792095886,263.733347056636
21.981683113502108,256.2287861765198
22.020366260676845,249.21628715816195
22.05911748206903,242.19144761381497
22.09793689747492,235.15424582675845
22.13682462690174,228.10466004202644
22.175780790567742,221.79686903255856
22.2148055089029,215.61290260810935
22.253898902548954,209.41805370109773
22.293061092360123,203.2123031606257
22.332292199403128,197.17968585380848
22.371592344957904,191.73594005758417
22.41096165051766,186.28261441169133
22.45040023778957,180.81969205759398
22.48990822869481,175.34715610711237
22.52948574536929,170.31977232710204
22.569132910163688,165.5192096262855
22.60884984564415,160.71019894299965
22.648636674592357,155.89272541057932
22.688493520006215,151.13924512730804
22.728420505099926,146.91330966317358
22.768417753304682,142.67993743986295
22.808485388268718,138.43911537024988
22.848623533858042,134.1908303441604
22.888832314156467,130.2648867656104
22.92911185346633,126.53824909283736
22.96946227630856,122.80505332017988
23.009883707423363,119.06528790675208
23.050376271770315,115.38839341909966
23.090940094529056,112.10783418368675
23.13157530109934,108.82150185278381
23.172282017101775,105.52938626694832
23.213060368377864,102.23147724887225
23.25391048099073,99.22461244089443
23.294832481225182,96.3316540088044
23.335826495588417,93.4336045772542
23.3768926508101,90.53045518715967
23.418031073843043,87.73738287108677
23.459241891863456,85.19071149183996
23.500525232271237,82.63955850564788
23.541881222690648,80.0839160258178
23.583309990970367,77.52377615178898
23.624811665184236,75.26550351846765
23.66638637363131,73.01972348169353
23.708034244836583,70.76999134355918
23.74975540755107,68.51630014920049
23.79154999075252,66.43399250085889
23.833418123645497,64.45703227899962
23.875359935662097,62.47659302221524
23.917375556462023,60.49266860813874
23.95946511593332,58.584703347090326
24.00162874419245,56.844385214943514
24.043866571585003,55.10100448826621
24.0861787286858,53.35455577753851
24.128565346299595,51.616105426725206
24.171026555461182,50.08410333199988
24.213562487436107,48.54940523523373
24.25617327372075,47.012006392032184
24.298859046043066,45.47190204964545
24.341619936362648,44.08734842714473
24.384456076871487,42.73635365464332
24.427367599994035,41.382981414988116
24.470354638387946,40.0272275243336
24.51341732494416,38.77352848129037
24.556555792787645,37.58424774967884
24.599770175277474,36.392874133673004
24.64306060600757,35.19940395023346
24.686427218806774,34.06970271097079
24.729870147739636,33.022778853550555
24.773389527106428,31.974012629946515
24.81698549144396,30.923400797978744
24.860658175525604,29.909996952892882
24.904407714362097,28.988389855339296
24.948234243201583,28.06516092278854
24.992137897530387,27.14030730114958
25.036118813073095,26.23503725860702
25.08017712579331,25.42374650786132
25.12431297189372,24.61102805572753
25.16852648781689,23.79687938974918
25.21281781024531,22.991407303831192
25.25718707610218,22.277228035904987
25.30163442255149,21.561791962411466
25.346159986998767,20.84509687163545
25.39076390709119,20.13291763547228
25.435446320718317,19.544678385880225
25.48020736601221,18.955403958711663
25.525047181348185,18.365092532270143
25.569965905344876,17.773742281656002
25.614963676865063,17.181351378755476
25.660040635015687,16.587917992240357
25.705196919148698,16.08344072710168
25.75043266886107,15.596370542779779
25.79574802399563,15.1084432171945
25.841143124641114,14.619657241958155
25.88661811113298,14.130011106026654
25.932173124053445,13.63950329569869
25.97780830423232,13.209479937586254
26.023523792747042,12.806887607905391
26.069319730923535,12.403586800249043
26.115196260336205,11.999576267845548
26.161153522808803,11.594854761727596
26.207191660414477,11.18942103073147
26.253310815476524,10.82805668304957
26.2995111305687,10.495290299199283
26.345792748515535,10.161938316378787
26.392155812393067,9.827999704056207
26.438600465528946,9.493473429887468
26.485126851503225,9.158358459710437
26.531735114148454,8.858703130722192
26.578425397550472,8.583652023045785
26.625197846048497,8.308116883167752
26.672052604235947,8.032096859292482
26.71898981696049,7.7555910981265255
26.7660096293249,7.478598744873678
26.81311218668711,7.233298395839949
26.86029763466103,7.005952379218322
26.907566119116645,6.778206281339471
26.954917786180822,6.550059398143959
27.00235278223739,6.3215110243342
27.049871253927986,6.092560453370571
27.097473348152093,5.894348843989225
27.145159212067913,5.706433908069186
27.19292899309242,5.518188281315292
27.2407828389022,5.329611381780732
27.288720897433535,5.140702626495332
27.336743316883226,4.951461431462258
27.384850245708684,4.793466418153131
27.433041832628764,4.638143603763933
27.481318226623838,4.482547453831941
27.52967957693665,4.326677487343688
27.57812603307239,4.170533222439835
27.62665774479953,4.018388455952034
27.67527486214992,3.8916116321242162
27.723977535419614,3.7646117077034336
27.772765915168982,3.637388290079713
27.821640152223523,3.5099409859516983
27.870600397673968,3.3822694013264107
27.919646802877143,3.256557890290508
27.968779519456017,3.1528986364470244
28.017998699300595,3.0490569640801706
28.06730449456797,2.9450325521718526
28.1166970576832,2.840825079138633
28.16617654133938,2.7364342228315874
28.215743098498514,2.633848620591571
28.26539688239158,2.5490914813688903
28.31513804651943,2.4641851873760423
28.36496674465282,2.3791294761321273
28.41488313083332,2.293924084693981
28.464887359373392,2.208568749656055
28.514979584857244,2.1258749145718925
28.565159962140914,2.0565731167791217
28.615428646353166,1.9871493623722376
28.665785792895562,1.9176034367333386
28.71623155744332,1.8479351248665805
28.766766095945425,1.7781442113980273
28.817389564625508,1.712315054296011
28.868102119981902,1.6556503388353387
28.918903918788555,1.5988859053722848
28.9697951180951,1.5420215784242173
29.02077587522775,1.4850571821994643
29.071846347789375,1.4279925405972167
29.1230066936604,1.3762805736164399
29.17425707099887,1.329948586849839
29.225597638241375,1.283535065513986
29.277028554103108,1.2370398661252537
29.328549977578767,1.1904628449473273
29.38016206794265,1.1438038579911285
29.431864984749495,1.1037723440578955
29.483658887834828,1.0658889278915429
29.535543937315285,1.0279388448664897
29.5875202935895,0.9899219776629798
29.639588117338146,0.9518382087549594
29.691747569524885,0.9141354241076993
29.743998811396423,0.8832144084397426
29.79634200448344,0.8522389782761169
29.848777310600653,0.8212090378588013
29.901304891847783,0.7901244912611234
29.953924910609565,0.7589852423877379
30.00663752955673,0.7303391890604598
30.059442911646048,0.7050565757606194
30.112341220121284,0.6797294703694895
30.16533261851327,0.6543577945903787
30.2184172706408,0.6289414699887159
30.271595340610787,0.6034804179919928
30.32486699281911,0.5821095942079353
30.378232391950764,0.5614372287806818
30.431691702980753,0.5407284843304687
30.485245091174196,0.5199832968378914
30.538892722087255,0.49920160217080684
30.592634761567222,0.47967430913309916
30.646471375753467,0.46280121267146435
30.700402731077507,0.44589842310261946
30.754428994263954,0.4289658881728968
30.80855033233062,0.41200355553673884
30.862766912589432,0.39501137275640563
30.917078902646548,0.38076298193873065
30.9714864704033,0.36696667014899553
31.02598978405625,0.35314607974709195
31.08058901209819,0.3393011680077309
31.135284323318192,0.3254318921304955
31.190075886802596,0.31269058634827845
31.244963871935056,0.3014298285766634
31.299948448397547,0.2901492542355804
31.35502978617042,0.2788488284520506
31.410208055533374,0.2675285162916807
31.465483427065543,0.2563317668123069
31.520856071646477,0.24714056647385402
31.5763261604562,0.23793319155252898
31.631893864976213,0.2287096135844427
31.687559356989563,0.21946980405565275
31.743322808581805,0.210213734402003
31.799184392141136,0.20226664407732622
31.855144280359315,0.19475144579232043
31.911202646231793,0.18722302233617444
31.967359663058684,0.1796813504353476
32.02361550444484,0.17212640677537386
32.07997034430085,0.16525192037562086
32.13642435684311,0.15911790218417415
32.192977716594854,0.152973089408555
32.249630598386204,0.14681746305257456
32.30638317735516,0.14065100408658904
32.363235628947706,0.13478020305702426
32.42018812891881,0.12977352489017935
32.477240853332496,0.12475803602092911
32.53439397856285,0.11973372094427763
32.591647681294134,0.11470056412796238
32.64900213852173,0.10974238047685479
32.706457527552296,0.10565585424168893
32.76401402600471,0.10156213657832062
32.821671811810226,0.09746121483135448
32.87943106321344,0.09335307632310753
32.93729195877237,0.08923770835360316
32.99525467735946,0.08587149988257677
33.05331939816191,0.08253014578046788
33.111486300682095,0.07918291159666802
33.1697555647385,0.07582978698346035
33.22812737046582,0.07247076157493333
33.28660189831598,0.06967166647152434
33.34517932905824,0.06694440285596805
33.4038598437802,0.06421233982904112
33.46264362388789,0.06147546894479239
33.52153085110685,0.05873378174239694
33.58052170748215,0.056468356922291
33.63961637537946,0.05428704581271398
33.69881503748515,0.052101896053557605
33.758117876807304,0.0499129008896001
33.817525076675835,0.047720053553740906
33.87703682074353,0.04566945552898009
33.93665329298609,0.043924806376029524
33.99637467770324,0.042177087006861264
34.05620115951878,0.040426292018542885
34.116132923381684,0.03867241599862646
34.17617015456611,0.03691545352514719
34.23631303867252,0.0354652115847735
34.29656176162776,0.034067356366585616
34.35691650968611,0.032667041216695065
34.417377469429354,0.03126426180614171
34.4779448277679,0.02985901379834093
34.5386187719408,0.028576849399994445
34.59939948951687,0.027458821388466236
34.66028716839476,0.02633882588237149
34.72128199680403,0.025216859419330415
34.78238416330523,0.024092918530875078
34.843593856791,0.022981524335982734
34.90491126648613,0.022087306810237017
34.966336581948646,0.021191515649388162
35.02786999306993,0.02029414808417047
35.08951169007577,0.01939520134044147
35.15126186352646,0.01849467263918041
35.213120704317895,0.017731710163203858
35.27508840368165,0.01701524139213616
35.33716515318609,0.01629751178645487
35.39935114473644,0.015578519127357329
35.46164657057589,0.01485826119213324
35.52405162328568,0.01420788468916514
35.58656649578622,0.013634840968315895
35.64919138133716,0.013060788810830422
35.7119264735385,0.01248572644207074
35.77477196633066,0.011909652084278301
35.83772805399565,0.011363129775479305
35.90079493115709,0.010904799811544618
35.963972792781355,0.010445663283100346
36.027261834177686,0.009985718770763227
36.09066225099925,0.009524964852650353
36.1541742392433,0.009071315422934153
36.21779799525223,0.008704735442737043
36.28153371571372,0.008337510358739482
36.34538159766183,0.007969639035693482
36.40934183847709,0.007601120336354696
36.47341463588764,0.00723195312147608
36.53760018796935,0.0069386567630248044
36.60189869314688,0.00664832285635198
36.66631035019385,0.006357478022959946
36.7308353582339,0.006066121363724403
36.79547391674085,0.005774251977939928
36.86022622553983,0.005519376217438989
36.92509248480735,0.005289906935056767
36.990072895072345,0.005060033834915184
37.055167657216685,0.004829756206379494
37.12037697247555,0.004599073337565115
37.18570104243848,0.00438152647577476
37.25114006904955,0.004200226186527593
37.316694254608436,0.0040186068468355905
37.38236380177059,0.0038366678952373107
37.448148913548344,0.0036544087692825275
37.514049793311024,0.003471828905531984
37.580066644786115,0.003328198256852592
37.64619967205934,0.0031847591983389864
37.712449079575855,0.0030410677171976114
37.77881507214032,0.002897123369217922
37.845297854918066,0.0027529257094070963
37.91189763343522,0.0026319398437758585
37.97861461357985,0.002518703266311575
38.045449001602094,0.002405267416245347
38.11240100411529,0.002291631942899006
38.17947082809611,0.00217779649497773
38.24665868088574,0.002077242239529964
38.31396477018997,0.0019878909681685683
38.38138930408037,0.0018983824573290005
38.44893249099442,0.001808716430302958
38.51659453973666,0.0017188926098948487
38.58437565947881,0.0016362630104400984
38.65227605976097,0.0015657956384304576
38.72029595049172,0.0014952042586409392
38.78843554194928,0.0014244886528437413
38.85669504478169,0.0013536486024273138
38.9250746700079,0.0012864142121862983
38.993574629017985,0.001230871756061491
39.062195133574264,0.001175231556875116
39.130936395811474,0.001119493442620013
39.19979862823789,0.0010636572409861167
39.268782043735534,0.0010094253946376498
39.337886855561294,0.0009656746452595575
39.40711327734708,0.0009218469037481763
39.47646152310104,0.0008779420346134229
39.54593180720762,0.0008339599021269668
39.61552434442886,0.0007905594519591346
39.68523934990443,0.0007561212733829188
39.755077039152866,0.0007216224908427496
39.82503762807174,0.0006870629976884428
39.89512133293879,0.0006524426870819936
39.965328370412095,0.00061796036023513
40.035658957531304,0.0005908736211590707
40.10611331171769,0.0005637392151091882
40.176691650775474,0.0005365570582015612
40.24739419289184,0.0005093270664047617
40.31822115663824,0.00048211349668598173
40.389172760970474,0.0004608272485201205
40.46024922522996,0.0004395035410265625
40.531450769143795,0.0004181423082848004
40.60277761282607,0.00039674348425822946
40.67422997677791,0.00037540120473533045
40.745808081888796,0.00035868925017912485
40.81751214943661,0.00034194788609163095
40.88934240108895,0.0003251770607182142
40.9612990589032,0.00030837672221323037
41.033382345327816,0.00029173833229036926
41.10559248320241,0.00027863154143304027
41.17792969575904,0.00026550168537559007
41.250394206622346,0.0002523487235281352
41.322986239810746,0.00023917261522931073
41.39570601973662,0.00022627448591525017
41.46855377120748,0.00021600717881118303
41.54152971942646,0.00020572180340224728
41.61463408999274,0.00019541832789204115
41.68786710890288,0.00018509672042816457
41.76122900255078,0.0001751516285552833
41.834719997729074,0.00016711910598081527
41.908340321629204,0.00015907244785307086
41.982090201842716,0.00015101162929642809
42.05596986636137,0.00014293662539152107
42.12997954357845,0.00013530735985340845
42.20411946228885,0.00012903226874673142
42.27838985169042,0.00012274613479716997
42.35279094138401,0.00011644893857165232
42.42732296137486,0.0001101406606028818
42.50198614207265,0.00010431573849488347
42.57678071429284,9.942143811968677e-05
42.65170690925677,9.451852480340395e-05
42.72676495859297,8.960698338905772e-05
42.80195509433733,8.468679869301684e-05
42.87727754893433,8.025883453696685e-05
42.95273255523722,7.644830962292418e-05
43.02832034650933,7.263107898505743e-05
43.104041156424174,6.880713082270814e-05
43.17989521906678,6.497645331443621e-05
43.25588276893383,6.162334544133537e-05
43.332004040934955,5.8662514004472864e-05
43.40825927039289,5.569647212591789e-05
43.48464869304479,5.2725210636380924e-05
43.561172545042346,4.9748720350448506e-05
43.63783106295314,4.721758722599219e-05
43.71462448376074,4.4922089768240836e-05
43.791553044866085,4.262255271690626e-05
43.868616984087566,4.0318968963156926e-05
43.94581653966241,3.801133138564131e-05
44.023151950246756,3.610499912016019e-05
44.10062345491706,3.432974538108652e-05
44.17823129317019,3.2551367568152504e-05
44.255975704924786,3.076986018364032e-05
44.333856930521364,2.8985217720164903e-05
44.41187521072373,2.755186180749823e-05
44.49003078671905,2.6183796359538504e-05
44.56832390011927,2.4813323403617367e-05
44.64675479296117,2.344043870302921e-05
44.725323707707794,2.206513801360702e-05
44.80403088724859,2.097893684260565e-05
44.88287657490068,1.9924579134309367e-05
44.96186101440914,1.8868365977812305e-05
45.04098444994824,1.7810294107913164e-05
45.12024712612167,1.675036025366867e-05
45.19964928796386,1.5938474158879063e-05
45.279191180940146,1.5125825672185618e-05
45.35887305094814,1.4311747094772254e-05
45.43869514431788,1.3496235909981114e-05
45.518657707813205,1.2706642395659902e-05
45.598760988631874,1.2081345089014407e-05
45.679005234406986,1.1454947390391198e-05
45.75939069320713,1.0827447363332663e-05
45.83991761353773,1.0198843067970925e-05
45.92058624434121,9.618014054745539e-06
46.00139683499843,9.13599334306086e-06
46.08234963532875,8.653124376125496e-06
46.16344489559151,8.169405661187248e-06
46.2446828664861,7.6848357028691e-06
46.32606379915346,7.263296996337368e-06
46.40758794517612,6.89169705172546e-06
46.4892555565796,6.519443169229291e-06
46.57106688583292,6.146534198055137e-06
46.65302218584917,5.772968985385185e-06
46.73512170998683,5.471804255409821e-06
46.8173657120499,5.1853102820982575e-06
46.899754446289364,4.898312139543461e-06
46.982288167403304,4.6108089405139624e-06
47.06496713053835,4.332197932853531e-06
47.14779159128979,4.111691739562916e-06
47.23076180570304,3.89079750166767e-06
47.31387803027379,3.6695145362911976e-06
47.39714052194943,3.44784215935432e-06
47.48054953812918,3.251352356876535e-06
47.56410533666558,3.0813253537174534e-06
47.64780817586458,2.9109991387305543e-06
47.731658314487056,2.740373185365487e-06
47.81565601174889,2.56944696614597e-06
47.89980152732249,2.4336264943383148e-06
47.98409512133685,2.302514503769738e-06
48.06853705437914,2.17117178362488e-06
48.15312758749472,2.0395979278684105e-06
48.23786698218869,1.917264442527831e-06
48.322755500426005,1.8163321947545187e-06
48.40779340463296,1.715222327415983e-06
48.492980957697334,1.613934527939278e-06
48.578318422969865,1.5124684832010001e-06
48.66380606426439,1.4292589672112245e-06
48.74944414585934,1.351418231142751e-06
48.83523293249792,1.2734405117217043e-06
48.92117268938951,1.1953255678860044e-06
49.00726368220989,1.1220868306633292e-06
49.09350617710271,1.0621566687988282e-06
49.17990044067965,1.0021210424319834e-06
49.266446740021905,9.419797659672841e-07
49.353145342680314,8.817326534828727e-07
49.43999651667692,8.343619687361641e-07
49.52700053050507,7.899497480911561e-07
49.61415765313095,7.454593712622176e-07
49.70146815399372,7.008907007109665e-07
49.78893230300706,6.56243598656791e-07
49.87655037055928,6.188916624570656e-07
49.96432262751486,5.859792644047329e-07
50.05224934521461,5.530089474418942e-07
50.14033079547718,5.19980609643362e-07
50.22856725059922,4.868941489047146e-07
50.31695898335691,4.5796087757903586e-07
50.405506267006125,4.3357060999453725e-07
50.49420937528395,4.091374206598568e-07
50.58306858240882,3.846612340417793e-07
50.67208416308214,3.601419744740582e-07
50.76125639248831,3.3807219207308213e-07
50.85058554629642,3.1999738780332e-07
50.940071900660286,3.0189077567290713e-07
51.02971573222005,2.8375229970665265e-07
51.11951731810234,2.6558190383093e-07
51.20947693592182,2.4897977779840794e-07
51.299594863781344,2.355851502791378e-07
51.38987138027353,2.221669510276528e-07
51.48030676448089,2.0872513856268032e-07
51.57090129597743,1.9525967132989552e-07
51.66165525482878,1.8293262117516556e-07
51.752568921593785,1.7300631471548413e-07
51.84364257732469,1.6306254004049284e-07
51.93487650356863,1.5310126640978305e-07
52.02627098236791,1.4312246302888463e-07
52.11782629626139,1.340856320032241e-07
52.209542728285165,1.2672958124409318e-07
52.30142056197313,1.1936058538005374e-07
52.39346008135852,1.1197862163042322e-07
52.485661570974024,1.0458366717446151e-07
52.57802531585343,9.804406800444947e-08
52.670551601531756,9.259274701303472e-08
52.76324071404686,8.713183284118687e-08
52.85609293993959,8.166130860693431e-08
52.94910856625546,7.618115739857257e-08
53.042287880544706,7.151290772752202e-08
53.13563117086398,6.747311769281813e-08
53.22913872577649,6.342621847582021e-08
53.322810834353604,5.93721975658525e-08
53.41664778617505,5.531104243023803e-08
53.510649871330514,5.202823403487603e-08
53.604817380419796,4.9034481960808284e-08
53.69915060455448,4.60354615116324e-08
53.79364983535808,4.303116341612003e-08
53.88831536496765,4.0021578386716085e-08
53.983147486034,3.775229755756958e-08
54.0781464917233,3.553372891810669e-08
54.173312675717256,3.331125606363414e-08
54.268646332214765,3.1084872123549055e-08
54.36414775593211,2.8958970579110585e-08
54.45981724210454,2.7317752424241614e-08
54.55565508648651,2.567364606999943e-08
54.65166158535331,2.4026646433755914e-08
54.74783703550124,2.2376748423945646e-08
54.84418173424927,2.0925926598969116e-08
54.9406959794392,1.970967520646278e-08
55.037380069437376,1.849128346685918e-08
55.13423430313481,1.7270747613599175e-08
55.23125897994888,1.6048063873490573e-08
55.328454399823485,1.5077811052910936e-08
55.42582086323076,1.4176488187703038e-08
55.52335867117122,1.3273579183488076e-08
55.621068125175476,1.2369081248992578e-08
55.71894952730435,1.1497613138772525e-08
55.81700318015065,1.0830846547256099e-08
55.915229386839265,1.0162906586528503e-08
56.01362845102894,9.493791191704813e-09
56.112200676912366,8.823498294269328e-09
56.210946369217986,8.248712201443188e-09
56.30986583321009,7.754593980167065e-09
56.40895937469054,7.2596062145623264e-09
56.50822729999898,6.763747374414408e-09
56.60766991601453,6.267015926814072e-09
56.70728753015596,5.8985357924255995e-09
56.80708045038344,5.5323614524028014e-09
56.907048985198664,5.165542722421084e-09
57.007193443646635,4.798078468488667e-09
57.10751413531582,4.473893184235201e-09
57.20801137033988,4.203010433976843e-09
57.30868545939785,3.931650986950774e-09
57.40953671371591,3.6598140042701822e-09
57.51056544506752,3.387498645573151e-09
57.61177196577519,3.1839867575881828e-09
57.71315658871066,2.9832446921707495e-09
57.81471962729666,2.782149362864245e-09
57.916461395507085,2.58070014799878e-09
58.01838220786875,2.405664126405843e-09
58.12048237946154,2.2571622877201407e-09
58.22276222592029,2.108399116976481e-09
58.3252220634348,1.959374154285657e-09
58.42786220875167,1.8131353601170016e-09
58.53068297917485,1.7032789827442225e-09
58.633684692566426,1.5932292812119612e-09
58.73686766734822,1.4829859153100903e-09
58.84023222250202,1.3725485442301974e-09
58.94377867757138,1.2821348197396678e-09
59.04750735266173,1.2007239655153405e-09
59.151418568442274,1.1191698452798871e-09
59.255512646146094,1.037472206915375e-09
59.35978990757198,9.62877709357088e-10
59.464250675084614,9.0265285555678e-10
59.56889527161641,8.423220186580666e-10
59.67372402066761,7.818850121530752e-10
59.77873724630822,7.21528028094953e-10
59.883935273178075,6.769758237257233e-10
59.98931842648876,6.323452168305973e-10
60.094887032023735,5.876360694376781e-10
60.20064141614018,5.428482433320932e-10
60.30658190576919,5.065858087927678e-10
60.4127088284176,4.735696735255805e-10
60.51902251216817,4.4049543679217196e-10
60.625523285681446,4.0736299634608914e-10
60.73221147819592,3.7827250095332777e-10
60.8390874195299,3.538483386168029e-10
60.94615144008167,3.2938119488250055e-10
61.053403870831374,3.048709941121351e-10
61.16084504334119,2.8188089798462225e-10
61.26847528975722,2.6381277156657966e-10
61.37629494280961,2.457128490395057e-10
61.48430433581449,2.275810744488854e-10
61.59250380267414,2.0963630295710381e-10
61.70089367787885,1.96270145798415e-10
61.80947429650709,1.8288046700939844e-10
61.91824599422748,1.694672251968921e-10
62.02720910729889,1.560303788949501e-10
62.13636397257235,1.457713090652494e-10
62.24571092749127,1.3592397201373342e-10
62.35525031009331,1.2605930571646743e-10
62.46498245901057,1.1617727967763818e-10
62.574907713471525,1.0803304110559009e-10
62.68502641330115,1.0079089224342643e-10
62.79533889892292,9.353599871976363e-11
62.905845511358905,8.626833810668854e-11
63.01654659223178,7.989897557619893e-11
63.12744248376493,7.457279248043932e-11
63.238533528784444,6.923723642067029e-11
63.34982007071925,6.389229090245428e-11
63.46130245360312,5.897295672006864e-11
63.57298102207476,5.505585602113851e-11
63.684856121379845,5.113186204737831e-11
63.79692809737117,4.7200962668079817e-11
63.909197296510584,4.344231475894045e-11
64.02166406586919,4.056151295212665e-11
64.13432875312932,3.7675641538960944e-11
64.24719170658472,3.4784691598006187e-11
64.36025327514245,3.194017942521821e-11
64.47351380832322,2.9821515727734086e-11
64.58697365626318,2.769912362695868e-11
64.70063316971424,2.5572996561689185e-11
64.81449270004602,2.3443127959167775e-11
64.92855259924599,2.1880736191591436e-11
65.04281321992153,2.0319839122881488e-11
65.15727491530005,1.8756195203046072e-11
65.27193803923107,1.718979959820076e-11
65.38680294618631,1.602201099541911e-11
65.50186999126164,1.4874061161716593e-11
65.61713953017782,1.3724091177320322e-11
65.73261191928128,1.25720974871915e-11
65.84828751554598,1.1708354903822496e-11
65.96416667657363,1.0864103961761142e-11
66.0802497605957,1.0018367315293312e-11
66.19653712647363,9.171142349892988e-12
66.31302913370082,8.538744802919734e-12
66.42972614240284,7.91784689235017e-12
66.5466285133395,7.295856331816248e-12
66.66373660790495,6.672771198484838e-12
66.78105078812986,6.214434486704405e-12
66.89857141668146,5.757799858122437e-12
67.0162988568657,5.300361648465217e-12
67.1342334726274,4.848631101733814e-12
67.25237562855231,4.513392599324589e-12
67.37072568986731,4.177564147535551e-12
67.48928402244249,3.8411447081789816e-12
67.60805099279128,3.5175224443691654e-12
67.7270269680726,3.2709738468671766e-12
67.84621231609101,3.02399137559727e-12
67.96560740529883,2.7765742670322157e-12
68.08521260479625,2.5466734257373803e-12
68.20502828433354,2.3653511417646145e-12
68.32505481431109,2.1837097686412745e-12
68.44529256578168,2.0017487448370728e-12
68.56574191045055,1.6899668838806992e-12
68.68640322067755,1.19554256611677e-12
68.80727686947729,7.002481653596239e-13
68.92836323052134,2.0408215044487669e-13
69.04966267813836,1.1787663219817039e-88
69.1711755873162,1.1787663219817039e-88
69.29290233370216,1.1787663219817039e-88
69.41484329360506,1.1787663219817039e-88
69.53699884399549,1.1787663219817039e-88
69.65936936250789,1.1787663219817039e-88
69.78195522744078,1.1787663219817039e-88
69.90475681775888,1.1787663219817039e-88
70.02777451309335,1.1787663219817039e-88
70.15100869374388,1.1787663219817039e-88
70.27445974067892,1.1787663219817039e-88
70.39812803553787,1.1787663219817039e-88
70.5220139606312,1.1787663219817039e-88
70.64611789894269,1.1787663219817039e-88
70.77044023412957,1.1787663219817039e-88
70.89498135052473,1.1787663219817039e-88
71.01974163313695,1.1787663219817039e-88
71.14472146765297,1.1787663219817039e-88
71.26992124043782,1.1787663219817039e-88
71.39534133853691,1.1787663219817039e-88
71.52098214967629,1.1787663219817039e-88
71.64684406226482,1.1787663219817039e-88
71.77292746539439,1.1787663219817039e-88
71.89923274884208,1.1787663219817039e-88
72.02576030307044,1.1787663219817039e-88
72.15251051922961,1.1787663219817039e-88
72.2794837891576,1.1787663219817039e-88
72.40668050538245,1.1787663219817039e-88
72.5341010611225,1.1787663219817039e-88
72.66174585028853,1.1787663219817039e-88
72.78961526748402,1.1787663219817039e-88
72.91770970800746,1.1787663219817039e-88
73.04602956785236,1.1787663219817039e-88
73.17457524370967,1.1787663219817039e-88
73.3033471329679,1.1787663219817039e-88
73.43234563371527,1.1787663219817039e-88
73.56157114474054,1.1787663219817039e-88
73.6910240655339,1.1787663219817039e-88
73.82070479628904,1.1787663219817039e-88
73.95061373790342,1.1787663219817039e-88
74.08075129198049,1.1787663219817039e-88
74.21111786082992,1.1787663219817039e-88
74.34171384746989,1.1787663219817039e-88
74.4725396556273,1.1787663219817039e-88
74.60359568974,1.1787663219817039e-88
74.73488235495711,1.1787663219817039e-88
74.86640005714119,1.1787663219817039e-88
74.99814920286853,1.1787663219817039e-88
75.13013019943146,1.1787663219817039e-88
75.26234345483849,1.1787663219817039e-88
75.39478937781668,1.1787663219817039e-88
75.52746837781186,1.1787663219817039e-88
75.66038086499091,1.1787663219817039e-88
75.79352725024197,1.1787663219817039e-88
75.92690794517681,1.1787663219817039e-88
76.06052336213102,1.1787663219817039e-88
76.19437391416635,1.1787663219817039e-88
76.32846001507089,1.1787663219817039e-88
76.46278207936146,1.1787663219817039e-88
76.59734052228383,1.1787663219817039e-88
76.73213575981502,1.1787663219817039e-88
76.86716820866357,1.1787663219817039e-88
77.00243828627185,1.1787663219817039e-88
77.13794641081631,1.1787663219817039e-88
77.27369300120988,1.1787663219817039e-88
77.40967847710208,1.1787663219817039e-88
77.54590325888152,1.1787663219817039e-88
77.68236776767606,1.1787663219817039e-88
77.81907242535517,1.1787663219817039e-88
77.95601765453021,1.1787663219817039e-88
78.09320387855676,1.1787663219817039e-88
78.2306315215349,1.1787663219817039e-88
78.36830100831158,1.1787663219817039e-88
78.50621276448081,1.1787663219817039e-88
78.64436721638613,1.1787663219817039e-88
78.78276479112084,1.1787663219817039e-88
78.92140591653033,1.1787663219817039e-88
79.06029102121238,1.1787663219817039e-88
79.19942053451956,1.1787663219817039e-88
79.33879488655946,1.1787663219817039e-88
79.47841450819712,1.1787663219817039e-88
79.61827983105526,1.1787663219817039e-88
79.75839128751672,1.1787663219817039e-88
79.8987493107247,1.1787663219817039e-88
80.03935433458517,1.1787663219817039e-88
80.18020679376714,1.1787663219817039e-88
80.32130712370513,1.1787663219817039e-88
80.4626557605993,1.1787663219817039e-88
80.6042531414181,1.1787663219817039e-88
80.74609970389831,1.1787663219817039e-88
80.88819588654759,1.1787663219817039e-88
81.03054212864478,1.1787663219817039e-88
81.17313887024228,1.1787663219817039e-88
81.31598655216634,1.1787663219817039e-88
81.45908561601952,1.1787663219817039e-88
81.60243650418097,1.1787663219817039e-88
81.74603965980889,1.1787663219817039e-88
81.88989552684073,1.1787663219817039e-88
82.03400454999584,1.1787663219817039e-88
82.17836717477552,1.1787663219817039e-88
82.32298384746557,1.1787663219817039e-88
82.46785501513706,1.1787663219817039e-88
82.61298112564751,1.1787663219817039e-88
82.75836262764301,1.1787663219817039e-88
82.90399997055873,1.1787663219817039e-88
83.0498936046212,1.1787663219817039e-88
83.19604398084878,1.1787663219817039e-88
83.34245155105405,1.1787663219817039e-88
83.48911676784415,1.1787663219817039e-88
83.63604008462325,1.1787663219817039e-88
83.78322195559282,1.1787663219817039e-88
83.93066283575429,1.1787663219817039e-88
84.07836318090912,1.1787663219817039e-88
84.22632344766157,1.1787663219817039e-88
84.37454409341875,1.1787663219817039e-88
84.52302557639334,1.1787663219817039e-88
84.67176835560377,1.1787663219817039e-88
84.82077289087691,1.1787663219817039e-88
84.9700396428481,1.1787663219817039e-88
85.11956907296404,1.1787663219817039e-88
85.26936164348277,1.1787663219817039e-88
85.41941781747646,1.1787663219817039e-88
85.5697380588316,1.1787663219817039e-88
85.7203228322516,1.1787663219817039e-88
85.87117260325704,1.1787663219817039e-88
86.02228783818833,1.1787663219817039e-88
86.17366900420598,1.1787663219817039e-88
86.32531656929314,1.1787663219817039e-88
86.47723100225595,1.1787663219817039e-88
86.62941277272613,1.1787663219817039e-88
86.78186235116128,1.1787663219817039e-88
86.93458020884748,1.1787663219817039e-88
87.0875668178996,1.1787663219817039e-88
87.24082265126391,1.1787663219817039e-88
87.39434818271836,1.1787663219817039e-88
87.54814388687531,1.1787663219817039e-88
87.70221023918164,1.1787663219817039e-88
87.85654771592161,1.1787663219817039e-88
88.01115679421697,1.1787663219817039e-88
88.16603795202975,1.1787663219817039e-88
88.32119166816247,1.1787663219817039e-88
88.47661842226087,1.1787663219817039e-88
88.63231869481412,1.1787663219817039e-88
88.78829296715757,1.1787663219817039e-88
88.94454172147306,1.1787663219817039e-88
89.1010654407915,1.1787663219817039e-88
89.25786460899327,1.1787663219817039e-88
89.41493971081088,1.1787663219817039e-88
89.57229123182927,1.1787663219817039e-88
89.72991965848848,1.1787663219817039e-88
89.887825478084,1.1787663219817039e-88
90.04600917876948,1.1787663219817039e-88
90.20447124955697,1.1787663219817039e-88
90.36321218031974,1.1787663219817039e-88
90.52223246179246,1.1787663219817039e-88
90.68153258557406,1.1787663219817039e-88
90.84111304412794,1.1787663219817039e-88
91.00097433078473,1.1787663219817039e-88
91.16111693974263,1.1787663219817039e-88
91.32154136607016,1.1787663219817039e-88
91.48224810570638,1.1787663219817039e-88
91.64323765546378,1.1787663219817039e-88
91.80451051302845,1.1787663219817039e-88
91.966067176963,1.1787663219817039e-88
92.12790814670672,1.1787663219817039e-88
92.29003392257829,1.1787663219817039e-88
92.45244500577688,1.1787663219817039e-88
92.61514189838316,1.1787663219817039e-88
92.778125103362,1.1787663219817039e-88
92.94139512456276,1.1787663219817039e-88
93.10495246672205,1.1787663219817039e-88
93.26879763546415,1.1787663219817039e-88
93.43293113730374,1.1787663219817039e-88
93.59735347964617,1.1787663219817039e-88
93.76206517079046,1.1787663219817039e-88
93.9270667199294,1.1787663219817039e-88
94.09235863715253,1.1787663219817039e-88
94.25794143344638,1.1787663219817039e-88
94.42381562069738,1.1787663219817039e-88
94.58998171169213,1.1787663219817039e-88
94.75644022012023,1.1787663219817039e-88
94.92319166057464,1.1787663219817039e-88
95.09023654855459,1.1787663219817039e-88
95.25757540046574,1.1787663219817039e-88
95.42520873362325,1.1787663219817039e-88
95.59313706625194,1.1787663219817039e-88
95.7613609174893,1.1787663219817039e-88
95.92988080738567,1.1787663219817039e-88
96.09869725690729,1.1787663219817039e-88
96.2678107879365,1.1787663219817039e-88
96.43722192327472,1.1787663219817039e-88
96.60693118664268,1.1787663219817039e-88
96.77693910268351,1.1787663219817039e-88
96.94724619696285,1.1787663219817039e-88
97.11785299597192,1.1787663219817039e-88
97.2887600271278,1.1787663219817039e-88
97.45996781877635,1.1787663219817039e-88
97.63147690019254,1.1787663219817039e-88
97.80328780158348,1.1787663219817039e-88
97.97540105408862,1.1787663219817039e-88
98.14781718978274,1.1787663219817039e-88
98.32053674167636,1.1787663219817039e-88
98.4935602437186,1.1787663219817039e-88
98.6668882307976,1.1787663219817039e-88
98.84052123874342,1.1787663219817039e-88
99.0144598043284,1.1787663219817039e-88
99.18870446527016,1.1787663219817039e-88
99.36325576023197,1.1787663219817039e-88
99.5381142288256,1.1787663219817039e-88
99.71328041161189,1.1787663219817039e-88
99.88875485010348,1.1787663219817039e-88
100.06453808676538,1.1787663219817039e-88
100.24063066501789,1.1787663219817039e-88
100.41703312923691,1.1787663219817039e-88
100.59374602475704,1.1787663219817039e-88
100.7707698978718,1.1787663219817039e-88
100.94810529583688,1.1787663219817039e-88
101.1257527668702,1.1787663219817039e-88
101.30371286015524,1.1787663219817039e-88
101.48198612584113,1.1787663219817039e-88
101.66057311504595,1.1787663219817039e-88
101.83947437985681,1.1787663219817039e-88
102.01869047333321,1.1787663219817039e-88
102.19822194950711,1.1787663219817039e-88
102.37806936338622,1.1787663219817039e-88
102.55823327095418,1.1787663219817039e-88
102.73871422917382,1.1787663219817039e-88
102.91951279598715,1.1787663219817039e-88
103.10062953031921,1.1787663219817039e-88
103.28206499207816,1.1787663219817039e-88
103.46381974215667,1.1787663219817039e-88
103.64589434243547,1.1787663219817039e-88
103.8282893557838,1.1787663219817039e-88
104.01100534606134,1.1787663219817039e-88
104.19404287812053,1.1787663219817039e-88
104.37740251780657,1.1787663219817039e-88
104.56108483196174,1.1787663219817039e-88
104.74509038842524,1.1787663219817039e-88
104.92941975603615,1.1787663219817039e-88
105.11407350463327,1.1787663219817039e-88
105.29905220505945,1.1787663219817039e-88
105.4843564291617,1.1787663219817039e-88
105.66998674979367,1.1787663219817039e-88
105.85594374081607,1.1787663219817039e-88
106.04222797710057,1.1787663219817039e-88
106.22884003453012,1.1787663219817039e-88
106.4157804900015,1.1787663219817039e-88
106.60304992142557,1.1787663219817039e-88
106.79064890773127,1.1787663219817039e-88
106.97857802886604,1.1787663219817039e-88
107.16683786579824,1.1787663219817039e-88
107.35542900051745,1.1787663219817039e-88
107.54435201603866,1.1787663219817039e-88
107.73360749640233,1.1787663219817039e-88
107.9231960266772,1.1787663219817039e-88
108.11311819296046,1.1787663219817039e-88
108.30337458238174,1.1787663219817039e-88
108.49396578310366,1.1787663219817039e-88
108.68489238432417,1.1787663219817039e-88
108.87615497627695,1.1787663219817039e-88
109.06775415023556,1.1787663219817039e-88
109.25969049851365,1.1787663219817039e-88
109.4519646144676,1.1787663219817039e-88
109.64457709249687,1.1787663219817039e-88
109.83752852804801,1.1787663219817039e-88
110.03081951761514,1.1787663219817039e-88
110.22445065874243,1.1787663219817039e-88
110.41842255002437,1.1787663219817039e-88
110.61273579111014,1.1787663219817039e-88
110.8073909827037,1.1787663219817039e-88
111.00238872656656,1.1787663219817039e-88
111.197729625518,1.1787663219817039e-88
111.39341428343931,1.1787663219817039e-88
111.58944330527413,1.1787663219817039e-88
111.78581729703102,1.1787663219817039e-88
111.98253686578386,1.1787663219817039e-88
112.17960261967596,1.1787663219817039e-88
112.37701516792049,1.1787663219817039e-88
112.57477512080312,1.1787663219817039e-88
112.77288308968227,1.1787663219817039e-88
112.97133968699342,1.1787663219817039e-88
113.17014552624941,1.1787663219817039e-88
113.36930122204316,1.1787663219817039e-88
113.56880739004791,1.1787663219817039e-88
113.76866464702157,1.1787663219817039e-88
113.96887361080698,1.1787663219817039e-88
114.16943490033475,1.1787663219817039e-88
114.37034913562337,1.1787663219817039e-88
114.5716169377837,1.1787663219817039e-88
114.77323892901919,1.1787663219817039e-88
114.97521573262867,1.1787663219817039e-88
115.1775479730066,1.1787663219817039e-88
115.38023627564746,1.1787663219817039e-88
115.5832812671461,1.1787663219817039e-88
115.78668357520041,1.1787663219817039e-88
115.99044382861173,1.1787663219817039e-88
116.1945626572891,1.1787663219817039e-88
116.39904069224971,1.1787663219817039e-88
116.60387856562124,1.1787663219817039e-88
116.80907691064414,1.1787663219817039e-88
117.01463636167199,1.1787663219817039e-88
117.22055755417595,1.1787663219817039e-88
117.4268411247451,1.1787663219817039e-88
117.63348771108917,1.1787663219817039e-88
117.84049795203886,1.1787663219817039e-88
118.04787248755034,1.1787663219817039e-88
118.25561195870556,1.1787663219817039e-88
118.46371700771505,1.1787663219817039e-88
118.67218827791822,1.1787663219817039e-88
118.88102641378795,1.1787663219817039e-88
119.09023206093077,1.1787663219817039e-88
119.29980586608976,1.1787663219817039e-88
119.5097484771449,1.1787663219817039e-88
119.72006054311758,1.1787663219817039e-88
119.93074271417085,1.1787663219817039e-88
120.14179564161242,1.1787663219817039e-88
120.35321997789478,1.1787663219817039e-88
120.56501637661998,1.1787663219817039e-88
120.7771854925398,1.1787663219817039e-88
120.98972798155869,1.1787663219817039e-88
121.20264450073402,1.1787663219817039e-88
121.41593570828078,1.1787663219817039e-88
121.62960226357184,1.1787663219817039e-88
121.84364482714088,1.1787663219817039e-88
122.05806406068263,1.1787663219817039e-88
122.27286062705757,1.1787663219817039e-88
122.48803519029232,1.1787663219817039e-88
122.70358841558242,1.1787663219817039e-88
122.91952096929269,1.1787663219817039e-88
123.13583351896195,1.1787663219817039e-88
123.35252673330329,1.1787663219817039e-88
123.5696012822071,1.1787663219817039e-88
123.78705783674123,1.1787663219817039e-88
124.00489706915583,1.1787663219817039e-88
124.22311965288364,1.1787663219817039e-88
124.44172626254289,1.1787663219817039e-88
124.66071757393777,1.1787663219817039e-88
124.88009426406296,1.1787663219817039e-88
125.09985701110412,1.1787663219817039e-88
125.32000649444085,1.1787663219817039e-88
125.54054339464689,1.1787663219817039e-88
125.76146839349506,1.1787663219817039e-88
125.98278217395753,1.1787663219817039e-88
126.20448542020868,1.1787663219817039e-88
126.4265788176257,1.1787663219817039e-88
126.64906305279315,1.1787663219817039e-88
126.8719388135034,1.1787663219817039e-88
127.0952067887597,1.1787663219817039e-88
127.31886766877635,1.1787663219817039e-88
127.54292214498372,1.1787663219817039e-88
127.76737091002846,1.1787663219817039e-88
127.9922146577766,1.1787663219817039e-88
128.21745408331387,1.1787663219817039e-88
128.44308988295055,1.1787663219817039e-88
128.6691227542218,1.1787663219817039e-88
128.89555339589086,1.1787663219817039e-88
129.12238250794914,1.1787663219817039e-88
129.34961079162136,1.1787663219817039e-88
129.57723894936575,1.1787663219817039e-88
129.80526768487715,1.1787663219817039e-88
130.03369770308746,1.1787663219817039e-88
130.26252971017038,1.1787663219817039e-88
130.49176441354197,1.1787663219817039e-88
130.72140252186315,1.1787663219817039e-88
130.9514447450424,1.1787663219817039e-88
131.18189179423607,1.1787663219817039e-88
131.4127443818534,1.1787663219817039e-88
131.64400322155694,1.1787663219817039e-88
131.87566902826552,1.1787663219817039e-88
132.10774251815465,1.1787663219817039e-88
132.34022440866158,1.1787663219817039e-88
132.57311541848574,1.1787663219817039e-88
132.80641626759166,1.1787663219817039e-88
133.04012767720948,1.1787663219817039e-88
133.27425036983996,1.1787663219817039e-88
133.50878506925488,1.1787663219817039e-88
133.74373250050016,1.1787663219817039e-88
133.97909338989618,1.1787663219817039e-88
134.21486846504297,1.1787663219817039e-88
134.45105845482053,1.1787663219817039e-88
134.68766408939192,1.1787663219817039e-88
134.9246861002038,1.1787663219817039e-88
135.16212521999134,1.1787663219817039e-88
135.39998218277887,1.1787663219817039e-88
135.63825772388276,1.1787663219817039e-88
135.876952579912,1.1787663219817039e-88
136.1160674887733,1.1787663219817039e-88
136.3556031896715,1.1787663219817039e-88
136.5955604231127,1.1787663219817039e-88
136.83593993090466,1.1787663219817039e-88
137.07674245616212,1.1787663219817039e-88
137.317968743307,1.1787663219817039e-88
137.55961953807173,1.1787663219817039e-88
137.80169558749958,1.1787663219817039e-88
138.04419763995006,1.1787663219817039e-88
138.28712644509895,1.1787663219817039e-88
138.5304827539419,1.1787663219817039e-88
138.77426731879476,1.1787663219817039e-88
139.0184808932986,1.1787663219817039e-88
139.26312423242035,1.1787663219817039e-88
139.50819809245604,1.1787663219817039e-88
139.7537032310311,1.1787663219817039e-88
139.99964040710566,1.1787663219817039e-88
140.24601038097504,1.1787663219817039e-88
140.49281391427297,1.1787663219817039e-88
140.740051769972,1.1787663219817039e-88
140.98772471238897,1.1787663219817039e-88
141.23583350718508,1.1787663219817039e-88
141.48437892136948,1.1787663219817039e-88
141.73336172329968,1.1787663219817039e-88
141.98278268268677,1.1787663219817039e-88
142.23264257059589,1.1787663219817039e-88
142.48294215944955,1.1787663219817039e-88
142.7336822230281,1.1787663219817039e-88
142.98486353647513,1.1787663219817039e-88
143.23648687629773,1.1787663219817039e-88
143.48855302037,1.1787663219817039e-88
143.74106274793348,1.1787663219817039e-88
143.99401683960247,1.1787663219817039e-88
144.24741607736448,1.1787663219817039e-88
144.50126124458376,1.1787663219817039e-88
144.7555531260014,1.1787663219817039e-88
145.01029250774118,1.1787663219817039e-88
145.26548017730974,1.1787663219817039e-88
145.52111692359998,1.1787663219817039e-88
145.77720353689165,1.1787663219817039e-88
146.03374080885675,1.1787663219817039e-88
146.29072953255994,1.1787663219817039e-88
146.54817050246143,1.1787663219817039e-88
146.80606451442017,1.1787663219817039e-88
147.06441236569398,1.1787663219817039e-88
147.32321485494532,1.1787663219817039e-88
147.58247278224155,1.1787663219817039e-88
147.84218694905857,1.1787663219817039e-88
148.10235815828105,1.1787663219817039e-88
148.36298721420823,1.1787663219817039e-88
148.62407492255417,1.1787663219817039e-88
148.88562209045136,1.1787663219817039e-88
149.14762952645106,1.1787663219817039e-88
149.41009804052908,1.1787663219817039e-88
149.67302844408601,1.1787663219817039e-88
149.93642154995092,1.1787663219817039e-88
150.2002781723816,1.1787663219817039e-88
150.46459912707044,1.1787663219817039e-88
150.72938523114473,1.1787663219817039e-88
150.9946373031703,1.1787663219817039e-88
151.2603561631518,1.1787663219817039e-88
151.5265426325386,1.1787663219817039e-88
151.79319753422504,1.1787663219817039e-88
152.0603216925542,1.1787663219817039e-88
152.3279159333181,1.1787663219817039e-88
152.59598108376377,1.1787663219817039e-88
152.86451797259332,1.1787663219817039e-88
153.13352742996778,1.1787663219817039e-88
153.40301028750756,1.1787663219817039e-88
153.67296737829804,1.1787663219817039e-88
153.94339953689018,1.1787663219817039e-88
154.21430759930416,1.1787663219817039e-88
154.48569240302967,1.1787663219817039e-88
154.75755478703186,1.1787663219817039e-88
155.02989559175177,1.1787663219817039e-88
155.30271565910996,1.1787663219817039e-88
155.57601583250695,1.1787663219817039e-88
155.8497969568291,1.1787663219817039e-88
156.1240598784491,1.1787663219817039e-88
156.39880544522956,1.1787663219817039e-88
156.67403450652353,1.1787663219817039e-88
156.94974791318043,1.1787663219817039e-88
157.22594651754636,1.1787663219817039e-88
157.502631173468,1.1787663219817039e-88
157.7798027362929,1.1787663219817039e-88
158.0574620628756,1.1787663219817039e-88
158.33561001157784,1.1787663219817039e-88
158.61424744227259,1.1787663219817039e-88
158.8933752163442,1.1787663219817039e-88
159.17299419669467,1.1787663219817039e-88
159.4531052477439,1.1787663219817039e-88
159.73370923543357,1.1787663219817039e-88
160.0148070272276,1.1787663219817039e-88
160.296399492118,1.1787663219817039e-88
160.57848750062567,1.1787663219817039e-88
160.86107192480384,1.1787663219817039e-88
161.14415363823872,1.1787663219817039e-88
161.4277335160556,1.1787663219817039e-88
161.71181243491918,1.1787663219817039e-88
161.99639127303755,1.1787663219817039e-88
162.28147091016243,1.1787663219817039e-88
162.5670522275955,1.1787663219817039e-88
162.8531361081888,1.1787663219817039e-88
163.1397234363486,1.1787663219817039e-88
163.42681509803566,1.1787663219817039e-88
163.71441198077176,1.1787663219817039e-88
164.00251497363985,1.1787663219817039e-88
164.2911249672875,1.1787663219817039e-88
164.5802428539302,1.1787663219817039e-88
164.86986952735185,1.1787663219817039e-88
165.16000588291095,1.1787663219817039e-88
165.450652817541,1.1787663219817039e-88
165.74181122975463,1.1787663219817039e-88
166.03348201964377,1.1787663219817039e-88
166.32566608888618,1.1787663219817039e-88
166.61836434074573,1.1787663219817039e-88
166.91157768007645,1.1787663219817039e-88
167.20530701332302,1.1787663219817039e-88
167.4995532485269,1.1787663219817039e-88
167.79431729532712,1.1787663219817039e-88
168.0896000649639,1.1787663219817039e-88
168.38540247027933,1.1787663219817039e-88
168.6817254257237,1.1787663219817039e-88
168.978569847356,1.1787663219817039e-88
169.2759366528478,1.1787663219817039e-88
169.57382676148382,1.1787663219817039e-88
169.87224109416832,1.1787663219817039e-88
170.17118057342554,1.1787663219817039e-88
170.47064612340387,1.1787663219817039e-88
170.77063866987604,1.1787663219817039e-88
171.0711591402459,1.1787663219817039e-88
171.37220846354865,1.1787663219817039e-88
171.67378757045498,1.1787663219817039e-88
171.97589739327165,1.1787663219817039e-88
172.27853886594784,1.1787663219817039e-88
172.58171292407565,1.1787663219817039e-88
172.88542050489428,1.1787663219817039e-88
173.18966254729048,1.1787663219817039e-88
173.49443999180494,1.1787663219817039e-88
173.799753780633,1.1787663219817039e-88
174.1056048576287,1.1787663219817039e-88
174.41199416830517,1.1787663219817039e-88
174.71892265984127,1.1787663219817039e-88
175.02639128108214,1.1787663219817039e-88
175.33440098254326,1.1787663219817039e-88
175.64295271641097,1.1787663219817039e-88
175.95204743654918,1.1787663219817039e-88
176.26168609849967,1.1787663219817039e-88
176.57186965948645,1.1787663219817039e-88
176.8825990784162,1.1787663219817039e-88
177.1938753158849,1.1787663219817039e-88
177.5056993341784,1.1787663219817039e-88
177.81807209727654,1.1787663219817039e-88
178.13099457085372,1.1787663219817039e-88
178.44446772228562,1.1787663219817039e-88
178.7584925206496,1.1787663219817039e-88
179.07306993672913,1.1787663219817039e-88
179.38820094301406,1.1787663219817039e-88
179.70388651370757,1.1787663219817039e-88
180.0201276247266,1.1787663219817039e-88
180.3369252537061,1.1787663219817039e-88
180.6542803799996,1.1787663219817039e-88
180.97219398468587,1.1787663219817039e-88
181.29066705056974,1.1787663219817039e-88
181.60970056218608,1.1787663219817039e-88
181.92929550580035,1.1787663219817039e-88
182.24945286941573,1.1787663219817039e-88
182.57017364277328,1.1787663219817039e-88
182.8914588173565,1.1787663219817039e-88
183.21330938639178,1.1787663219817039e-88
183.53572634485533,1.1787663219817039e-88
183.85871068947355,1.1787663219817039e-88
184.18226341872702,1.1787663219817039e-88
184.50638553285398,1.1787663219817039e-88
184.83107803385096,1.1787663219817039e-88
185.15634192547975,1.1787663219817039e-88
185.48217821326793,1.1787663219817039e-88
185.80858790451316,1.1787663219817039e-88
186.13557200828387,1.1787663219817039e-88
186.46313153542616,1.1787663219817039e-88
186.79126749856434,1.1787663219817039e-88
187.1199809121054,1.1787663219817039e-88
187.4492727922395,1.1787663219817039e-88
187.77914415694704,1.1787663219817039e-88
188.1095960259992,1.1787663219817039e-88
188.44062942096247,1.1787663219817039e-88
188.77224536519893,1.1787663219817039e-88
189.10444488387373,1.1787663219817039e-88
189.43722900395537,1.1787663219817039e-88
189.7705987542202,1.1787663219817039e-88
190.1045551652531,1.1787663219817039e-88
190.43909926945446,1.1787663219817039e-88
190.77423210104095,1.1787663219817039e-88
191.10995469604978,1.1787663219817039e-88
191.44626809233944,1.1787663219817039e-88
191.7831733295968,1.1787663219817039e-88
192.12067144933766,1.1787663219817039e-88
192.45876349491147,1.1787663219817039e-88
192.79745051150158,1.1787663219817039e-88
193.13673354613277,1.1787663219817039e-88
193.47661364767168,1.1787663219817039e-88
193.81709186683136,1.1787663219817039e-88
194.1581692561719,1.1787663219817039e-88
194.49984687010772,1.1787663219817039e-88
194.84212576490802,1.1787663219817039e-88
195.1850069987016,1.1787663219817039e-88
195.5284916314773,1.1787663219817039e-88
195.8725807250913,1.1787663219817039e-88
196.21727534326772,1.1787663219817039e-88
196.56257655160343,1.1787663219817039e-88
196.90848541756833,1.1787663219817039e-88
197.25500301051295,1.1787663219817039e-88
197.602130401669,1.1787663219817039e-88
197.94986866415397,1.1787663219817039e-88
198.2982188729718,1.1787663219817039e-88
198.6471821050202,1.1787663219817039e-88
198.99675943909136,1.1787663219817039e-88
199.34695195587662,1.1787663219817039e-88
199.697760737967,1.1787663219817039e-88
200.04918686986076,1.1787663219817039e-88
200.4012314379639,1.1787663219817039e-88
200.75389553059506,1.1787663219817039e-88
201.10718023798592,1.1787663219817039e-88
201.46108665228883,1.1787663219817039e-88
201.81561586757743,1.1787663219817039e-88
202.17076897985146,1.1787663219817039e-88
202.52654708703713,1.1787663219817039e-88
202.882951288995,1.1787663219817039e-88
203.2399826875205,1.1787663219817039e-88
203.5976423863485,1.1787663219817039e-88
203.95593149115427,1.1787663219817039e-88
204.3148511095609,1.1787663219817039e-88
204.6744023511399,1.1787663219817039e-88
205.03458632741615,1.1787663219817039e-88
205.3954041518685,1.1787663219817039e-88
205.75685693993734,1.1787663219817039e-88
206.11894580902535,1.1787663219817039e-88
206.48167187850154,1.1787663219817039e-88
206.84503626970562,1.1787663219817039e-88
207.20904010594822,1.1787663219817039e-88
207.5736845125192,1.1787663219817039e-88
207.93897061668784,1.1787663219817039e-88
208.3048995477079,1.1787663219817039e-88
208.67147243681814,1.1787663219817039e-88
209.0386904172504,1.1787663219817039e-88
209.40655462422998,1.1787663219817039e-88
209.77506619498064,1.1787663219817039e-88
210.14422626872522,1.1787663219817039e-88
210.5140359866936,1.1787663219817039e-88
210.88449649212322,1.1787663219817039e-88
211.25560893026406,1.1787663219817039e-88
211.62737444837938,1.1787663219817039e-88
211.99979419575357,1.1787663219817039e-88
212.37286932369275,1.1787663219817039e-88
212.74660098552988,1.1787663219817039e-88
213.12099033662523,1.1787663219817039e-88
213.49603853437463,1.1787663219817039e-88
213.87174673820985,1.1787663219817039e-88
214.24811610960376,1.1787663219817039e-88
214.62514781207096,1.1787663219817039e-88
215.0028430111758,1.1787663219817039e-88
215.38120287453313,1.1787663219817039e-88
215.76022857181314,1.1787663219817039e-88
216.13992127474233,1.1787663219817039e-88
216.5202821571113,1.1787663219817039e-88
216.90131239477563,1.1787663219817039e-88
217.2830131656608,1.1787663219817039e-88
217.665385649763,1.1787663219817039e-88
218.04843102915726,1.1787663219817039e-88
218.432150487998,1.1787663219817039e-88
218.81654521252426,1.1787663219817039e-88
219.20161639106038,1.1787663219817039e-88
219.58736521402412,1.1787663219817039e-88
219.97379287392747,1.1787663219817039e-88
220.3609005653816,1.1787663219817039e-88
220.74868948509774,1.1787663219817039e-88
221.13716083189547,1.1787663219817039e-88
221.52631580670308,1.1787663219817039e-88
221.91615561256316,1.1787663219817039e-88
222.30668145463298,1.1787663219817039e-88
222.69789454019306,1.1787663219817039e-88
223.08979607864762,1.1787663219817039e-88
223.48238728153,1.1787663219817039e-88
223.8756693625033,1.1787663219817039e-88
224.26964353736855,1.1787663219817039e-88
224.66431102406588,1.1787663219817039e-88
225.05967304267915,1.1787663219817039e-88
225.45573081543725,1.1787663219817039e-88
225.8524855667222,1.1787663219817039e-88
226.2499385230698,1.1787663219817039e-88
226.64809091317522,1.1787663219817039e-88
227.0469439678934,1.1787663219817039e-88
227.4464989202478,1.1787663219817039e-88
227.84675700543082,1.1787663219817039e-88
228.24771946080946,1.1787663219817039e-88
228.6493875259258,1.1787663219817039e-88
229.05176244250558,1.1787663219817039e-88
229.45484545445902,1.1787663219817039e-88
229.85863780788608,1.1787663219817039e-88
230.26314075107726,1.1787663219817039e-88
230.66835553452208,1.1787663219817039e-88
231.07428341091003,1.1787663219817039e-88
231.48092563513495,1.1787663219817039e-88
231.8882834642998,1.1787663219817039e-88
232.29635815771746,1.1787663219817039e-88
232.70515097691933,1.1787663219817039e-88
233.11466318565598,1.1787663219817039e-88
233.5248960499028,1.1787663219817039e-88
233.93585083786053,1.1787663219817039e-88
234.3475288199642,1.1787663219817039e-88
234.75993126888358,1.1787663219817039e-88
235.17305945952907,1.1787663219817039e-88
235.58691466905208,1.1787663219817039e-88
236.00149817685394,1.1787663219817039e-88
236.41681126458678,1.1787663219817039e-88
236.83285521615895,1.1787663219817039e-88
237.24963131773566,1.1787663219817039e-88
237.66714085774802,1.1787663219817039e-88
238.08538512689373,1.1787663219817039e-88
238.5043654181426,1.1787663219817039e-88
238.92408302673743,1.1787663219817039e-88
239.34453925020264,1.1787663219817039e-88
239.7657353883454,1.1787663219817039e-88
240.18767274326106,1.1787663219817039e-88
240.61035261933378,1.1787663219817039e-88
241.0337763232458,1.1787663219817039e-88
241.45794516397785,1.1787663219817039e-88
241.88286045281532,1.1787663219817039e-88
242.3085235033483,1.1787663219817039e-88
242.73493563148128,1.1787663219817039e-88
243.16209815543357,1.1787663219817039e-88
243.5900123957451,1.1787663219817039e-88
244.01867967527718,1.1787663219817039e-88
244.44810131922148,1.1787663219817039e-88
244.87827865510113,1.1787663219817039e-88
245.30921301277604,1.1787663219817039e-88
245.74090572444393,1.1787663219817039e-88
246.17335812464947,1.1787663219817039e-88
246.60657155028503,1.1787663219817039e-88
247.0405473405964,1.1787663219817039e-88
247.47528683718363,1.1787663219817039e-88
247.91079138401028,1.1787663219817039e-88
248.3470623274042,1.1787663219817039e-88
248.78410101606326,1.1787663219817039e-88
249.2219088010562,1.1787663219817039e-88
249.66048703583195,1.1787663219817039e-88
250.09983707622044,1.1787663219817039e-88
250.5399602804383,1.1787663219817039e-88
250.98085800908984,1.1787663219817039e-88
251.4225316251763,1.1787663219817039e-88
251.8649824940967,1.1787663219817039e-88
252.3082119836537,1.1787663219817039e-88
252.75222146405437,1.1787663219817039e-88
253.19701230791975,1.1787663219817039e-88
253.64258589028546,1.1787663219817039e-88
254.0889435886078,1.1787663219817039e-88
254.53608678276453,1.1787663219817039e-88
254.98401685506417,1.1787663219817039e-88
255.43273519024714,1.1787663219817039e-88
255.88224317549145,1.1787663219817039e-88
256.3325422004137,1.1787663219817039e-88
256.78363365707844,1.1787663219817039e-88
257.2355189399993,1.1787663219817039e-88
257.6881994461446,1.1787663219817039e-88
258.14167657493846,1.1787663219817039e-88
258.59595172827045,1.1787663219817039e-88
259.05102631049624,1.1787663219817039e-88
259.50690172844276,1.1787663219817039e-88
259.96357939141365,1.1787663219817039e-88
260.42106071118997,1.1787663219817039e-88
260.87934710203984,1.1787663219817039e-88
261.3384399807193,1.1787663219817039e-88
261.79834076647853,1.1787663219817039e-88
262.2590508810626,1.1787663219817039e-88
262.72057174872117,1.1787663219817039e-88
263.1829047962094,1.1787663219817039e-88
263.6460514527943,1.1787663219817039e-88
264.11001315025516,1.1787663219817039e-88
264.5747913228937,1.1787663219817039e-88
265.0403874075348,1.1787663219817039e-88
265.5068028435329,1.1787663219817039e-88
265.9740390727724,1.1787663219817039e-88
266.44209753967806,1.1787663219817039e-88
266.91097969121546,1.1787663219817039e-88
267.3806869768977,1.1787663219817039e-88
267.8512208487856,1.1787663219817039e-88
268.3225827614984,1.1787663219817039e-88
268.79477417221403,1.1787663219817039e-88
269.26779654067576,1.1787663219817039e-88
269.74165132919296,1.1787663219817039e-88
270.216340002651,1.1787663219817039e-88
270.6918640285124,1.1787663219817039e-88
271.1682248768229,1.1787663219817039e-88
271.6454240202123,1.1787663219817039e-88
272.1234629339051,1.1787663219817039e-88
272.60234309572064,1.1787663219817039e-88
273.0820659860799,1.1787663219817039e-88
273.56263308800635,1.1787663219817039e-88
274.044045887136,1.1787663219817039e-88
274.5263058717184,1.1787663219817039e-88
275.009414532623,1.1787663219817039e-88
275.4933733633401,1.1787663219817039e-88
275.97818385999096,1.1787663219817039e-88
276.46384752132883,1.1787663219817039e-88
276.95036584874543,1.1787663219817039e-88
277.4377403462717,1.1787663219817039e-88
277.9259725205882,1.1787663219817039e-88
278.415063881026,1.1787663219817039e-88
278.90501593957333,1.1787663219817039e-88
279.39583021087617,1.1787663219817039e-88
279.88750821224886,1.1787663219817039e-88
280.38005146367504,1.1787663219817039e-88
280.87346148781415,1.1787663219817039e-88
281.36773981000226,1.1787663219817039e-88
281.86288795826243,1.1787663219817039e-88
282.3589074633061,1.1787663219817039e-88
282.85579985853917,1.1787663219817039e-88
283.3535666800632,1.1787663219817039e-88
283.8522094666858,1.1787663219817039e-88
284.3517297599216,1.1787663219817039e-88
284.8521291039991,1.1787663219817039e-88
285.35340904586127,1.1787663219817039e-88
285.85557113517615,1.1787663219817039e-88
286.3586169243381,1.1787663219817039e-88
286.8625479684744,1.1787663219817039e-88
287.3673658254459,1.1787663219817039e-88
287.873072055858,1.1787663219817039e-88
288.3796682230614,1.1787663219817039e-88
288.8871558931591,1.1787663219817039e-88
289.395536635007,1.1787663219817039e-88
289.90481202022477,1.1787663219817039e-88
290.414983623197,1.1787663219817039e-88
290.9260530210787,1.1787663219817039e-88
291.43802179380157,1.1787663219817039e-88
291.95089152407434,1.1787663219817039e-88
292.4646637973943,1.1787663219817039e-88
292.9793402020475,1.1787663219817039e-88
293.4949223291165,1.1787663219817039e-88
294.01141177248047,1.1787663219817039e-88
294.52881012882654,1.1787663219817039e-88
295.04711899765084,1.1787663219817039e-88
295.56633998126523,1.1787663219817039e-88
296.08647468479796,1.1787663219817039e-88
296.60752471620555,1.1787663219817039e-88
297.12949168627273,1.1787663219817039e-88
297.65237720862007,1.1787663219817039e-88
298.1761828997047,1.1787663219817039e-88
298.70091037883145,1.1787663219817039e-88
299.22656126815366,1.1787663219817039e-88
299.7531371926806,1.1787663219817039e-88
300.28063978027774,1.1787663219817039e-88
300.80907066167873,1.1787663219817039e-88
301.3384314704857,1.1787663219817039e-88
301.8687238431767,1.1787663219817039e-88
302.39994941910646,1.1787663219817039e-88
302.93210984051785,1.1787663219817039e-88
303.46520675254254,1.1787663219817039e-88
303.99924180320863,1.1787663219817039e-88
304.53421664344086,1.1787663219817039e-88
305.07013292707273,1.1787663219817039e-88
305.606992310847,1.1787663219817039e-88
306.1447964544228,1.1787663219817039e-88
306.6835470203771,1.1787663219817039e-88
307.2232456742155,1.1787663219817039e-88
307.76389408437365,1.1787663219817039e-88
308.30549392222446,1.1787663219817039e-88
308.8480468620786,1.1787663219817039e-88
309.39155458119666,1.1787663219817039e-88
309.9360187597897,1.1787663219817039e-88
310.4814410810267,1.1787663219817039e-88
311.0278232310352,1.1787663219817039e-88
311.57516689891355,1.1787663219817039e-88
312.1234737767313,1.1787663219817039e-88
312.67274555953685,1.1787663219817039e-88
313.2229839453581,1.1787663219817039e-88
313.77419063521467,1.1787663219817039e-88
314.32636733311824,1.1787663219817039e-88
314.8795157460805,1.1787663219817039e-88
315.43363758411357,1.1787663219817039e-88
315.9887345602425,1.1787663219817039e-88
316.54480839050547,1.1787663219817039e-88
317.1018607939619,1.1787663219817039e-88
317.65989349269285,1.1787663219817039e-88
318.2189082118133,1.1787663219817039e-88
318.7789066794729,1.1787663219817039e-88
319.33989062686385,1.1787663219817039e-88
319.9018617882212,1.1787663219817039e-88
320.4648219008354,1.1787663219817039e-88
321.0287727050529,1.1787663219817039e-88
321.5937159442843,1.1787663219817039e-88
322.1596533650045,1.1787663219817039e-88
322.72658671676527,1.1787663219817039e-88
323.29451775219616,1.1787663219817039e-88
323.86344822701216,1.1787663219817039e-88
324.4333799000144,1.1787663219817039e-88
325.0043145331026,1.1787663219817039e-88
325.5762538912761,1.1787663219817039e-88
326.1491997426399,1.1787663219817039e-88
326.72315385841205,1.1787663219817039e-88
327.29811801292374,1.1787663219817039e-88
327.87409398363235,1.1787663219817039e-88
328.45108355112194,1.1787663219817039e-88
329.02908849911114,1.1787663219817039e-88
329.60811061445423,1.1787663219817039e-88
330.1881516871532,1.1787663219817039e-88
330.76921351035924,1.1787663219817039e-88
331.35129788038,1.1787663219817039e-88
331.9344065966809,1.1787663219817039e-88
332.5185414618974,1.1787663219817039e-88
333.1037042818363,1.1787663219817039e-88
333.68989686548315,1.1787663219817039e-88
334.27712102500357,1.1787663219817039e-88
334.86537857575564,1.1787663219817039e-88
335.454671336291,1.1787663219817039e-88
336.0450011283628,1.1787663219817039e-88
336.6363697769263,1.1787663219817039e-88
337.2287791101521,1.1787663219817039e-88
337.82223095942663,1.1787663219817039e-88
338.41672715936056,1.1787663219817039e-88
339.01226954778923,1.1787663219817039e-88
339.6088599657861,1.1787663219817039e-88
340.2065002576631,1.1787663219817039e-88
340.80519227097903,1.1787663219817039e-88
341.40493785654047,1.1787663219817039e-88
342.0057388684145,1.1787663219817039e-88
342.6075971639299,1.1787663219817039e-88
343.210514603685,1.1787663219817039e-88
343.81449305154905,1.1787663219817039e-88
344.41953437467464,1.1787663219817039e-88
345.02564044349907,1.1787663219817039e-88
345.6328131317526,1.1787663219817039e-88
346.2410543164588,1.1787663219817039e-88
346.8503658779485,1.1787663219817039e-88
347.46074969986006,1.1787663219817039e-88
348.07220766914793,1.1787663219817039e-88
348.6847416760835,1.1787663219817039e-88
349.29835361426836,1.1787663219817039e-88
349.9130453806351,1.1787663219817039e-88
350.528818875456,1.1787663219817039e-88
351.1456760023435,1.1787663219817039e-88
351.76361866826375,1.1787663219817039e-88
352.3826487835375,1.1787663219817039e-88
353.0027682618486,1.1787663219817039e-88
353.62397902024475,1.1787663219817039e-88
354.24628297915103,1.1787663219817039e-88
354.8696820623709,1.1787663219817039e-88
355.49417819709436,1.1787663219817039e-88
356.1197733138993,1.1787663219817039e-88
356.7464693467647,1.1787663219817039e-88
357.37426823307163,1.1787663219817039e-88
358.00317191361194,1.1787663219817039e-88
358.6331823325889,1.1787663219817039e-88
359.2643014376311,1.1787663219817039e-88
359.8965311797933,1.1787663219817039e-88
360.52987351356495,1.1787663219817039e-88
361.16433039687104,1.1787663219817039e-88
361.799903791086,1.1787663219817039e-88
362.4365956610348,1.1787663219817039e-88
363.074407975001,1.1787663219817039e-88
363.71334270472835,1.1787663219817039e-88
364.35340182543416,1.1787663219817039e-88
364.9945873158106,1.1787663219817039e-88
365.6369011580316,1.1787663219817039e-88
366.28034533776105,1.1787663219817039e-88
366.9249218441529,1.1787663219817039e-88
367.5706326698657,1.1787663219817039e-88
368.2174798110633,1.1787663219817039e-88
368.86546526742364,1.1787663219817039e-88
369.5145910421398,1.1787663219817039e-88
370.164859141934,1.1787663219817039e-88
370.81627157705856,1.1787663219817039e-88
371.46883036130475,1.1787663219817039e-88
372.12253751200365,1.1787663219817039e-88
372.77739505004047,1.1787663219817039e-88
373.4334049998554,1.1787663219817039e-88
374.09056938945247,1.1787663219817039e-88
374.7488902504008,1.1787663219817039e-88
375.40836961784834,1.1787663219817039e-88
376.06900953052343,1.1787663219817039e-88
376.73081203074327,1.1787663219817039e-88
377.3937791644152,1.1787663219817039e-88
378.05791298105095,1.1787663219817039e-88
378.72321553376753,1.1787663219817039e-88
379.38968887929644,1.1787663219817039e-88
380.0573350779845,1.1787663219817039e-88
380.72615619380844,1.1787663219817039e-88
381.39615429437566,1.1787663219817039e-88
382.0673314509336,1.1787663219817039e-88
382.7396897383705,1.1787663219817039e-88
383.4132312352301,1.1787663219817039e-88
384.08795802371264,1.1787663219817039e-88
384.7638721896838,1.1787663219817039e-88
385.440975822676,1.1787663219817039e-88
386.11927101590277,1.1787663219817039e-88
386.79875986626,1.1787663219817039e-88
387.47944447433497,1.1787663219817039e-88
388.1613269444075,1.1787663219817039e-88
388.84440938446454,1.1787663219817039e-88
389.52869390620134,1.1787663219817039e-88
390.2141826250307,1.1787663219817039e-88
390.90087766008384,1.1787663219817039e-88
391.58878113422554,1.1787663219817039e-88
392.27789517405466,1.1787663219817039e-88
392.9682219099143,1.1787663219817039e-88
393.659763475892,1.1787663219817039e-88
394.352522009835,1.1787663219817039e-88
395.0464996533516,1.1787663219817039e-88
395.7416985518198,1.1787663219817039e-88
396.4381208543894,1.1787663219817039e-88
397.13576871399613,1.1787663219817039e-88
397.83464428736283,1.1787663219817039e-88
398.53474973500965,1.1787663219817039e-88
399.23608722125414,1.1787663219817039e-88
399.93865891422695,1.1787663219817039e-88
400.64246698587294,1.1787663219817039e-88
401.34751361196027,1.1787663219817039e-88
402.0538009720819,1.1787663219817039e-88
402.7613312496707,1.1787663219817039e-88
403.47010663200047,1.1787663219817039e-88
404.1801293101956,1.1787663219817039e-88
404.8914014792319,1.1787663219817039e-88
405.60392533795255,1.1787663219817039e-88
406.3177030890685,1.1787663219817039e-88
407.03273693916856,1.1787663219817039e-88
407.74902909872037,1.1787663219817039e-88
408.46658178208577,1.1787663219817039e-88
409.1853972075221,1.1787663219817039e-88
409.9054775971902,1.1787663219817039e-88
410.6268251771631,1.1787663219817039e-88
411.3494421774266,1.1787663219817039e-88
412.0733308318956,1.1787663219817039e-88
412.79849337841426,1.1787663219817039e-88
413.52493205876675,1.1787663219817039e-88
414.2526491186777,1.1787663219817039e-88
414.98164680782827,1.1787663219817039e-88
415.71192737985695,1.1787663219817039e-88
416.44349309236986,1.1787663219817039e-88
417.17634620694133,1.1787663219817039e-88
417.9104889891303,1.1787663219817039e-88
418.64592370848084,1.1787663219817039e-88
419.3826526385328,1.1787663219817039e-88
420.1206780568222,1.1787663219817039e-88
420.8600022448977,1.1787663219817039e-88
421.6006274883214,1.1787663219817039e-88
422.34255607667905,1.1787663219817039e-88
423.085790303581,1.1787663219817039e-88
423.83033246667867,1.1787663219817039e-88
424.57618486766495,1.1787663219817039e-88
425.3233498122851,1.1787663219817039e-88
426.07182961033726,1.1787663219817039e-88
426.8216265756889,1.1787663219817039e-88
427.57274302627803,1.1787663219817039e-88
428.3251812841231,1.1787663219817039e-88
429.07894367532424,1.1787663219817039e-88
429.83403253007975,1.1787663219817039e-88
430.59045018268705,1.1787663219817039e-88
431.3481989715528,1.1787663219817039e-88
432.10728123919426,1.1787663219817039e-88
432.86769933225577,1.1787663219817039e-88
433.6294556015095,1.1787663219817039e-88
434.39255240186617,1.1787663219817039e-88
435.156992092376,1.1787663219817039e-88
435.9227770362453,1.1787663219817039e-88
436.68990960083744,1.1787663219817039e-88
437.45839215768365,1.1787663219817039e-88
438.2282270824836,1.1787663219817039e-88
438.9994167551226,1.1787663219817039e-88
439.7719635596723,1.1787663219817039e-88
440.5458698844017,1.1787663219817039e-88
441.3211381217776,1.1787663219817039e-88
442.097770668482,1.1787663219817039e-88
442.8757699254128,1.1787663219817039e-88
443.6551382976945,1.1787663219817039e-88
444.4358781946798,1.1787663219817039e-88
445.21799202996556,1.1787663219817039e-88
446.00148222139484,1.1787663219817039e-88
446.78635119106707,1.1787663219817039e-88
447.5726013653393,1.1787663219817039e-88
448.3602351748432,1.1787663219817039e-88
449.14925505448633,1.1787663219817039e-88
449.9396634434627,1.1787663219817039e-88
450.73146278525394,1.1787663219817039e-88
451.5246555276466,1.1787663219817039e-88
452.31924412273327,1.1787663219817039e-88
453.1152310269233,1.1787663219817039e-88
453.91261870094365,1.1787663219817039e-88
454.711409609857,1.1787663219817039e-88
455.511606223062,1.1787663219817039e-88
456.3132110143048,1.1787663219817039e-88
457.1162264616797,1.1787663219817039e-88
457.9206550476471,1.1787663219817039e-88
458.7264992590341,1.1787663219817039e-88
459.53376158704435,1.1787663219817039e-88
460.34244452726693,1.1787663219817039e-88
461.15255057967784,1.1787663219817039e-88
461.96408224865735,1.1787663219817039e-88
462.77704204299124,1.1787663219817039e-88
463.5914324758822,1.1787663219817039e-88
464.40725606495005,1.1787663219817039e-88
465.22451533225075,1.1787663219817039e-88
466.0432128042764,1.1787663219817039e-88
466.86335101196704,1.1787663219817039e-88
467.6849324907117,1.1787663219817039e-88
468.507959780366,1.1787663219817039e-88
469.33243542525355,1.1787663219817039e-88
470.1583619741773,1.1787663219817039e-88
470.98574198042024,1.1787663219817039e-88
471.8145780017639,1.1787663219817039e-88
472.644872600489,1.1787663219817039e-88
473.4766283433873,1.1787663219817039e-88
474.30984780176243,1.1787663219817039e-88
475.144533551448,1.1787663219817039e-88
475.9806881728087,1.1787663219817039e-88
476.8183142507521,1.1787663219817039e-88
477.65741437472957,1.1787663219817039e-88
478.4979911387542,1.1787663219817039e-88
479.34004714140247,1.1787663219817039e-88
480.18358498582546,1.1787663219817039e-88
481.02860727975025,1.1787663219817039e-88
481.87511663549793,1.1787663219817039e-88
482.7231156699852,1.1787663219817039e-88
483.5726070047355,1.1787663219817039e-88
484.4235932658806,1.1787663219817039e-88
485.2760770841788,1.1787663219817039e-88
486.13006109501623,1.1787663219817039e-88
486.9855479384186,1.1787663219817039e-88
487.8425402590521,1.1787663219817039e-88
488.7010407062425,1.1787663219817039e-88
489.5610519339758,1.1787663219817039e-88
490.42257660091025,1.1787663219817039e-88
491.28561737037774,1.1787663219817039e-88
492.150176910402,1.1787663219817039e-88
493.0162578937005,1.1787663219817039e-88
493.88386299769564,1.1787663219817039e-88
494.7529949045164,1.1787663219817039e-88
495.623656301017,1.1787663219817039e-88
496.4958498787779,1.1787663219817039e-88
497.36957833411844,1.1787663219817039e-88
498.24484436809735,1.1787663219817039e-88
499.1216506865319,1.1787663219817039e-88
499.9999999999994,1.1787663219817039e-88
