,0
0,1.7920497242500796e-96
1,1.7920497240684547e-96
2,1.7920497238865113e-96
3,1.7920497237042465e-96
4,1.7920497235216622e-96
5,1.7920497233387558e-96
6,1.7920497231555284e-96
7,1.792049722971978e-96
8,1.7920497227881045e-96
9,1.7920497226039074e-96
10,1.7920497224193864e-96
11,1.7920497222345404e-96
12,1.7920497220493694e-96
13,1.792049721863872e-96
14,1.7920497216780487e-96
15,1.7920497214918983e-96
16,1.792049721305421e-96
17,1.7920497211186143e-96
18,1.7920497209314801e-96
19,1.7920497207440151e-96
20,1.7920497205562214e-96
21,1.792049720368097e-96
22,1.7920497201796415e-96
23,1.7920497199908536e-96
24,1.7920497198017346e-96
25,1.792049719612282e-96
26,1.792049719422497e-96
27,1.792049719232377e-96
28,1.792049719041923e-96
29,1.7920497188511333e-96
30,1.7920497186600087e-96
31,1.7920497184685473e-96
32,1.7920497182767486e-96
33,1.7920497180846134e-96
34,1.792049717892139e-96
35,1.7920497176993262e-96
36,1.7920497175061745e-96
37,1.7920497173126825e-96
38,1.7920497171188503e-96
39,1.7920497169246763e-96
40,1.7920497167301613e-96
41,1.7920497165353044e-96
42,1.7920497163401042e-96
43,1.79204971614456e-96
44,1.7920497159486719e-96
45,1.7920497157524392e-96
46,1.7920497155558613e-96
47,1.7920497153589371e-96
48,1.7920497151616668e-96
49,1.792049714964049e-96
50,1.7920497147660836e-96
51,1.7920497145677702e-96
52,1.7920497143691072e-96
53,1.792049714170095e-96
54,1.7920497139707323e-96
55,1.792049713771019e-96
56,1.7920497135709543e-96
57,1.7920497133705375e-96
58,1.792049713169768e-96
59,1.792049712968645e-96
60,1.7920497127671686e-96
61,1.792049712565337e-96
62,1.7920497123631503e-96
63,1.7920497121606082e-96
64,1.7920497119577092e-96
65,1.7920497117544536e-96
66,1.79204971155084e-96
67,1.7920497113468687e-96
68,1.7920497111425373e-96
69,1.7920497109378475e-96
70,1.7920497107327966e-96
71,1.7920497105273856e-96
72,1.7920497103216129e-96
73,1.7920497101154777e-96
74,1.7920497099089802e-96
75,1.7920497097021192e-96
76,1.7920497094948938e-96
77,1.792049709287304e-96
78,1.792049709079349e-96
79,1.7920497088710282e-96
80,1.7920497086623408e-96
81,1.792049708453286e-96
82,1.7920497082438628e-96
83,1.7920497080340717e-96
84,1.7920497078239113e-96
85,1.7920497076133812e-96
86,1.79204970740248e-96
87,1.7920497071912086e-96
88,1.7920497069795651e-96
89,1.7920497067675489e-96
90,1.7920497065551596e-96
91,1.7920497063423966e-96
92,1.7920497061292595e-96
93,1.792049705915747e-96
94,1.7920497057018589e-96
95,1.7920497054875947e-96
96,1.7920497052729526e-96
97,1.792049705057933e-96
98,1.7920497048425354e-96
99,1.792049704626759e-96
100,1.7920497044106022e-96
101,1.7920497041940656e-96
102,1.7920497039771477e-96
103,1.7920497037598485e-96
104,1.7920497035421661e-96
105,1.7920497033241012e-96
106,1.7920497031056523e-96
107,1.7920497028868195e-96
108,1.7920497026676007e-96
109,1.7920497024479966e-96
110,1.792049702228006e-96
111,1.7920497020076282e-96
112,1.7920497017868631e-96
113,1.7920497015657083e-96
114,1.7920497013441659e-96
115,1.7920497011222328e-96
116,1.7920497008999093e-96
117,1.7920497006771945e-96
118,1.7920497004540878e-96
119,1.7920497002305884e-96
120,1.7920497000066962e-96
121,1.7920496997824092e-96
122,1.792049699557728e-96
123,1.7920496993326512e-96
124,1.7920496991071783e-96
125,1.7920496988813087e-96
126,1.7920496986550424e-96
127,1.7920496984283765e-96
128,1.7920496982013125e-96
129,1.7920496979738489e-96
130,1.7920496977459854e-96
131,1.7920496975177201e-96
132,1.7920496972890537e-96
133,1.7920496970599847e-96
134,1.7920496968305124e-96
135,1.7920496966006369e-96
136,1.792049696370356e-96
137,1.7920496961396705e-96
138,1.7920496959085789e-96
139,1.7920496956770804e-96
140,1.7920496954451744e-96
141,1.7920496952128613e-96
142,1.7920496949801384e-96
143,1.7920496947470066e-96
144,1.7920496945134642e-96
145,1.7920496942795105e-96
146,1.7920496940451462e-96
147,1.7920496938103681e-96
148,1.7920496935751776e-96
149,1.7920496933395731e-96
150,1.7920496931035539e-96
151,1.7920496928671196e-96
152,1.792049692630269e-96
153,1.7920496923930014e-96
154,1.7920496921553168e-96
155,1.792049691917214e-96
156,1.7920496916786912e-96
157,1.7920496914397498e-96
158,1.7920496912003876e-96
159,1.7920496909606036e-96
160,1.7920496907203985e-96
161,1.7920496904797703e-96
162,1.7920496902387186e-96
163,1.7920496899972428e-96
164,1.792049689755342e-96
165,1.792049689513015e-96
166,1.7920496892702627e-96
167,1.7920496890270827e-96
168,1.7920496887834744e-96
169,1.7920496885394378e-96
170,1.7920496882949716e-96
171,1.7920496880500755e-96
172,1.792049687804748e-96
173,1.7920496875589889e-96
174,1.7920496873127973e-96
175,1.7920496870661726e-96
176,1.7920496868191139e-96
177,1.7920496865716204e-96
178,1.7920496863236913e-96
179,1.7920496860753265e-96
180,1.7920496858265232e-96
181,1.7920496855772834e-96
182,1.7920496853276048e-96
183,1.7920496850774863e-96
184,1.7920496848269282e-96
185,1.7920496845759287e-96
186,1.7920496843244877e-96
187,1.7920496840726048e-96
188,1.792049683820278e-96
189,1.792049683567507e-96
190,1.7920496833142917e-96
191,1.7920496830606306e-96
192,1.7920496828065227e-96
193,1.7920496825519682e-96
194,1.792049682296966e-96
195,1.792049682041514e-96
196,1.7920496817856132e-96
197,1.7920496815292622e-96
198,1.7920496812724596e-96
199,1.7920496810152057e-96
200,1.7920496807574985e-96
201,1.7920496804993382e-96
202,1.7920496802407237e-96
203,1.7920496799816533e-96
204,1.7920496797221277e-96
205,1.7920496794621452e-96
206,1.7920496792017059e-96
207,1.792049678940807e-96
208,1.7920496786794498e-96
209,1.7920496784176323e-96
210,1.7920496781553542e-96
211,1.7920496778926148e-96
212,1.792049677629413e-96
213,1.7920496773657478e-96
214,1.7920496771016185e-96
215,1.7920496768370248e-96
216,1.7920496765719653e-96
217,1.7920496763064391e-96
218,1.7920496760404464e-96
219,1.7920496757739852e-96
220,1.7920496755070548e-96
221,1.837100979842156e-20
222,4.234735640217328e-20
223,6.746096101730348e-20
224,9.290983536443921e-20
225,1.1924762228432088e-19
226,1.4626148897062227e-19
227,1.738691230789696e-19
228,2.025435693379439e-19
229,2.3166545650237327e-19
230,2.6190212918414824e-19
231,2.928387911138871e-19
232,3.244880915247703e-19
233,3.573443923975078e-19
234,3.9077346422634977e-19
235,4.253420422716361e-19
236,4.608606420872059e-19
237,4.970270046021875e-19
238,5.347202951032925e-19
239,5.731565821176975e-19
240,6.125274578373131e-19
241,6.533559120414282e-19
242,6.949817767883242e-19
243,7.378104990301257e-19
244,7.820276495211021e-19
245,8.271326679744714e-19
246,8.736551288412345e-19
247,9.215630336815722e-19
248,9.705917636119629e-19
249,1.0217145900265595e-18
250,1.0734686412835183e-18
251,1.1274267961601133e-18
252,1.1821464109056053e-18
253,1.2395006230198575e-18
254,1.296955764364533e-18
255,1.3576659104850709e-18
256,1.418711033445225e-18
257,1.4822352189812127e-18
258,1.5470671663348388e-18
259,1.6135361195760505e-18
260,1.6823602863105982e-18
261,1.7519113021002478e-18
262,1.8249419340818276e-18
263,1.898101081915872e-18
264,1.975313181758714e-18
265,2.053057172965296e-18
266,2.133650916377561e-18
267,2.2162229847175985e-18
268,2.3003527873564373e-18
269,2.388006296019873e-18
270,2.4758351570703627e-18
271,2.5688336790695708e-18
272,2.6619958554693217e-18
273,2.7591512511138414e-18
274,2.8579424168140187e-18
275,2.9594254701528746e-18
276,3.0641310391242707e-18
277,3.170143954835012e-18
278,3.2810605009343047e-18
279,3.392172232725045e-18
280,3.509251907133568e-18
281,3.626894143001811e-18
282,3.7492495635198194e-18
283,3.873742729324612e-18
284,4.001621876466704e-18
285,4.133298559476525e-18
286,4.266962277992696e-18
287,4.4061675650692875e-18
288,4.545890176510988e-18
289,4.692981997802487e-18
290,4.840332664322668e-18
291,4.994401411717548e-18
292,5.1500242665505626e-18
293,5.3111136717252035e-18
294,5.475394061783307e-18
295,5.643835986234959e-18
296,5.817173185292046e-18
297,5.9933193620728076e-18
298,6.176138978782136e-18
299,6.360361606784023e-18
300,6.553091906004809e-18
301,6.746161362887461e-18
302,6.948858915937645e-18
303,7.152300615787668e-18
304,7.364301135846442e-18
305,7.578574683794334e-18
306,7.800315048682875e-18
307,8.025895924185945e-18
308,8.257833698605699e-18
309,8.49521365066205e-18
310,8.737827924874463e-18
311,8.987515373162659e-18
312,9.241307624349606e-18
313,9.50382806631737e-18
314,9.769323042836123e-18
315,1.0045219466762885e-17
316,1.0322966095503966e-17
317,1.0612799399554207e-17
318,1.0903371716601456e-17
319,1.1207721133894768e-17
320,1.1512606130889333e-17
321,1.1832886621329657e-17
322,1.215473425169016e-17
323,1.2487220656499475e-17
324,1.2826805041782327e-17
325,1.3171980535169237e-17
326,1.3530103057789574e-17
327,1.3888855787475507e-17
328,1.4265964888478618e-17
329,1.4644119156378968e-17
330,1.503578102396227e-17
331,1.5434196280252697e-17
332,1.5840997772300512e-17
333,1.6260562834109875e-17
334,1.6683119223833213e-17
335,1.7124752979386316e-17
336,1.7567163901117625e-17
337,1.8028361385401423e-17
338,1.849383118001774e-17
339,1.8974435156077258e-17
340,1.946635564359558e-17
341,1.9961601320942354e-17
342,2.0481411217460533e-17
343,2.1002135850826992e-17
344,2.154026724724955e-17
345,2.209024611217925e-17
346,2.264461623321674e-17
347,2.3225214518863955e-17
348,2.3806834513887053e-17
349,2.440884773446813e-17
350,2.5022559621038665e-17
351,2.56430193946706e-17
352,2.6290294260398836e-17
353,2.6938708169789764e-17
354,2.7612035386892385e-17
355,2.829559915110594e-17
356,2.898985317308205e-17
357,2.971015032816561e-17
358,3.043171502807693e-17
359,3.118456489302984e-17
360,3.194457140090903e-17
361,3.2721125880550343e-17
362,3.352127710080654e-17
363,3.432283638929069e-17
364,3.5164258456030175e-17
365,3.6007799961305455e-17
366,3.687602865875391e-17
367,3.77633819725067e-17
368,3.8659905121778006e-17
369,3.9597378260433054e-17
370,4.053650111992099e-17
371,4.150313978354189e-17
372,4.2494924293034864e-17
373,4.348845409793704e-17
374,4.453150790500248e-17
375,4.5582209337139215e-17
376,4.6644437752797547e-17
377,4.775502748916394e-17
378,4.8867571588747337e-17
379,5.000932313475726e-17
380,5.118465355876172e-17
381,5.236205227357655e-17
382,5.3588649221606313e-17
383,5.4831809174239377e-17
384,5.608238738376583e-17
385,5.739427073836013e-17
386,5.870846268313962e-17
387,6.005247278985984e-17
388,6.143857654463891e-17
389,6.282711949914478e-17
390,6.42707506882625e-17
391,6.573450734840068e-17
392,6.720835893677497e-17
393,6.875060935730699e-17
394,7.0295573757066e-17
395,7.187903305205976e-17
396,7.350602230987786e-17
397,7.513587466631084e-17
398,7.68360368765041e-17
399,7.855156697732256e-17
400,8.028961110862004e-17
401,8.209443939429153e-17
402,8.390244373126706e-17
403,8.57687478254528e-17
404,8.766994871288947e-17
405,8.95789044667293e-17
406,9.157715987480047e-17
407,9.357893171805397e-17
408,9.562877088669423e-17
409,9.773175211355162e-17
410,9.983843406712036e-17
411,1.0203794277391318e-16
412,1.0425012520046479e-16
413,1.0650266983705234e-16
414,1.0882459002739631e-16
415,1.1115059622285649e-16
416,1.1356730779096958e-16
417,1.1600761655661926e-16
418,1.1848395329408524e-16
419,1.2104306571547197e-16
420,1.2360668154161302e-16
421,1.2626959954291676e-16
422,1.2896551261251205e-16
423,1.3167696055816078e-16
424,1.3451516585495976e-16
425,1.3735836569091742e-16
426,1.4025000704683748e-16
427,1.4324170472047848e-16
428,1.4623866704188138e-16
429,1.4932176657552762e-16
430,1.5247363511278463e-16
431,1.5563105015889018e-16
432,1.5891744532499533e-16
433,1.6223638214821306e-16
434,1.6557629038527178e-16
435,1.6906328046264627e-16
436,1.725564067798566e-16
437,1.7611835967114175e-16
438,1.7978657024098575e-16
439,1.834612359538891e-16
440,1.8725870325490616e-16
441,1.9111570455694204e-16
442,1.9498011569638503e-16
443,1.9902659543224834e-16
444,2.0308019597130092e-16
445,2.072016882524848e-16
446,2.1145245956721786e-16
447,2.1571071118776583e-16
448,2.201128703372322e-16
449,2.2458856460628177e-16
450,2.290721349898855e-16
451,2.3374564820892173e-16
452,2.3845588235650047e-16
453,2.4318932076525497e-16
454,2.481353208838398e-16
455,2.530900247388934e-16
456,2.581183323807092e-16
457,2.633186045739057e-16
458,2.685280279594981e-16
459,2.7386857177473594e-16
460,2.7933367446820364e-16
461,2.8480839439020863e-16
462,2.9047938173730044e-16
463,2.9622020724096e-16
464,3.019744492879637e-16
465,3.079916424023789e-16
466,3.14019424287848e-16
467,3.201326077366692e-16
468,3.264478151147735e-16
469,3.327741356952822e-16
470,3.392668477255314e-16
471,3.4589198703359124e-16
472,3.525287849475483e-16
473,3.5942733641058283e-16
474,3.663802755225537e-16
475,3.7337898554486253e-16
476,3.806597748531369e-16
477,3.8795337654905057e-16
478,3.9537936651231104e-16
479,4.030134334862746e-16
480,4.1066093452913586e-16
481,4.185384526869081e-16
482,4.265393913950114e-16
483,4.345544097754649e-16
484,4.4290878997377427e-16
485,4.512905823553597e-16
486,4.597832132001891e-16
487,4.685448182028379e-16
488,4.773218414622575e-16
489,4.863320226878675e-16
490,4.955029182639438e-16
491,5.046899523469004e-16
492,5.142461101200334e-16
493,5.238414598317288e-16
494,5.335677092144812e-16
495,5.435854650621276e-16
496,5.53620849681134e-16
497,5.639391600318646e-16
498,5.74412155373548e-16
499,5.849203139003189e-16
500,5.958457322458027e-16
501,6.06790376623991e-16
502,6.179489300443495e-16
503,6.293819297012006e-16
504,6.408350486082296e-16
505,6.526445944190608e-16
506,6.646040436604769e-16
507,6.765965437022737e-16
508,6.890798692290498e-16
509,7.015851623195661e-16
510,7.142817415625514e-16
511,7.273298472922433e-16
512,7.404009144590336e-16
513,7.538388879776269e-16
514,7.674722142181567e-16
515,7.811332407842245e-16
516,7.953477690708203e-16
517,8.095873114094982e-16
518,8.240496775131438e-16
519,8.3889088027947e-16
520,8.537581998898413e-16
521,8.690635153462794e-16
522,8.845534908916661e-16
523,9.001292352652234e-16
524,9.162622772595629e-16
525,9.324237094152188e-16
526,9.489098227965944e-16
527,9.657363810006368e-16
528,9.825925497828487e-16
529,1.0000352865786766e-15
530,1.0175792060102104e-15
531,1.0353477981264553e-15
532,1.0536014187296207e-15
533,1.071887161187526e-15
534,1.0906879124129673e-15
535,1.1097070984286904e-15
536,1.1288682919637567e-15
537,1.1486439264985895e-15
538,1.1684543612559108e-15
539,1.188728674044294e-15
540,1.2093204534992207e-15
541,1.2299933070218159e-15
542,1.251390523012285e-15
543,1.2728253928071776e-15
544,1.2946980325560086e-15
545,1.3169644255519035e-15
546,1.3392794010558693e-15
547,1.3626076437261087e-15
548,1.3859769383297017e-15
549,1.4093873571078688e-15
550,1.4337193655370195e-15
551,1.4582357791677849e-15
552,1.48279533561863e-15
553,1.5081701377991855e-15
554,1.533879255208503e-15
555,1.5596336143012763e-15
556,1.5861020087287628e-15
557,1.6130508133931228e-15
558,1.6400470412835994e-15
559,1.6676622870275054e-15
560,1.6958991930365638e-15
561,1.7241857890112085e-15
562,1.753003697206996e-15
563,1.782578581692001e-15
564,1.8122055106534643e-15
565,1.8422845381733283e-15
566,1.873248774281091e-15
567,1.9042674997801915e-15
568,1.935668845117557e-15
569,1.9680753355354988e-15
570,2.0005388533552765e-15
571,2.0333265547581827e-15
572,2.0672297657960955e-15
573,2.101192638093579e-15
574,2.1354336739822785e-15
575,2.170889670217016e-15
576,2.2064080602288184e-15
577,2.2421724519332522e-15
578,2.279238931421739e-15
579,2.316370638739046e-15
580,2.35374122024367e-15
581,2.392564474396186e-15
582,2.4314560478659827e-15
583,2.4704160608780976e-15
584,2.510956306786399e-15
585,2.5516745370068182e-15
586,2.5924644212331686e-15
587,2.6346207283148965e-15
588,2.6772343328984212e-15
589,2.719922926877437e-15
590,2.763771389245312e-15
591,2.808351053437242e-15
592,2.853009166802764e-15
593,2.8986384326942984e-15
594,2.945275085086484e-15
595,2.9919938064421762e-15
596,3.0394368077692e-15
597,3.0882046623363464e-15
598,3.13705833625508e-15
599,3.1864045152207716e-15
600,3.2373797185339843e-15
601,3.288444625586027e-15
602,3.3397877530735837e-15
603,3.3930484166791288e-15
604,3.4464028058676587e-15
605,3.4998510855729608e-15
606,3.555467352522695e-15
607,3.611191474034739e-15
608,3.6670136562056056e-15
609,3.7249017600021756e-15
610,3.7830778982797345e-15
611,3.841356412158438e-15
612,3.9016257190126035e-15
613,3.962338226147519e-15
614,4.023157572264687e-15
615,4.085922365510546e-15
616,4.149257694966553e-15
617,4.212704478922537e-15
618,4.278084103948657e-15
619,4.344130844613332e-15
620,4.41029381119028e-15
621,4.478412822037255e-15
622,4.547261732607272e-15
623,4.6162318002146034e-15
624,4.6872201078306385e-15
625,4.7589641515326475e-15
626,4.830834446989328e-15
627,4.904827469135101e-15
628,4.97956184878617e-15
629,5.054427742442591e-15
630,5.1315665552370185e-15
631,5.2093887486459055e-15
632,5.287347889847589e-15
633,5.367779380946131e-15
634,5.4487891766592735e-15
635,5.529941529555837e-15
636,5.613818552953495e-15
637,5.6981180863483305e-15
638,5.782565966050101e-15
639,5.870047498500636e-15
640,5.957741288227781e-15
641,6.045805910261254e-15
642,6.1368406963559655e-15
643,6.2280356811342985e-15
644,6.319944875599622e-15
645,6.414583910097481e-15
646,6.509389485863454e-15
647,6.605319446689448e-15
648,6.703674423697127e-15
649,6.802202481111298e-15
650,6.902336137638854e-15
651,7.004521279404614e-15
652,7.106886241718184e-15
653,7.211413422852915e-15
654,7.317545517927777e-15
655,7.423864379210554e-15
656,7.532981979142398e-15
657,7.643180420904449e-15
658,7.753572784637406e-15
659,7.86769661958332e-15
660,7.982312963068377e-15
661,8.09713100293699e-15
662,8.215862658593988e-15
663,8.335034388174e-15
664,8.454415830488723e-15
665,8.577964393083135e-15
666,8.701832077157668e-15
667,8.826019246947751e-15
668,8.954500488136123e-15
669,9.083207824493725e-15
670,9.212525261327805e-15
671,9.345984268065626e-15
672,9.479678129606873e-15
673,9.614357407129248e-15
674,9.752944009882783e-15
675,9.891774490738579e-15
676,1.0032055948001197e-14
677,1.0175923239246375e-14
678,1.0320043701297307e-14
679,1.0466431866977062e-14
680,1.0616414790108484e-14
681,1.0766661646042819e-14
682,1.0917710488159548e-14
683,1.1074010596089018e-14
684,1.123058575350175e-14
685,1.1387436444416482e-14
686,1.1549330441583385e-14
687,1.1712440586591115e-14
688,1.1875837765060135e-14
689,1.2043013962775214e-14
690,1.2212870634804306e-14
691,1.2383026212510767e-14
692,1.255589618940335e-14
693,1.2733189915284812e-14
694,1.2910795634216096e-14
695,1.3088713895227381e-14
696,1.327315504597561e-14
697,1.3458462028967234e-14
698,1.3644095106355722e-14
699,1.3833474583139719e-14
700,1.4026739915920847e-14
701,1.422034534782282e-14
702,1.441488078155335e-14
703,1.4616367600968676e-14
704,1.4818208987284346e-14
705,1.502040556445013e-14
706,1.5228107748898772e-14
707,1.5438454840163754e-14
708,1.5649172090212075e-14
709,1.586274796055923e-14
710,1.608187674741861e-14
711,1.6301391146669894e-14
712,1.6521291836895008e-14
713,1.6749294158324067e-14
714,1.6977888524449894e-14
715,1.7206885160041594e-14
716,1.7441848637054082e-14
717,1.7680270611552264e-14
718,1.7919112149672044e-14
719,1.8159757172553804e-14
720,1.8408326796723096e-14
721,1.8657333841862895e-14
722,1.890677907772562e-14
723,1.916296582257318e-14
724,1.94224661955048e-14
725,1.9682423224816024e-14
726,1.9945126221435127e-14
727,2.02154550593566e-14
728,2.0486259609073003e-14
729,2.075754070771878e-14
730,2.103727683846281e-14
731,2.1319272065747716e-14
732,2.1601763534781627e-14
733,2.1888939165145248e-14
734,2.2182475758972896e-14
735,2.247652890449474e-14
736,2.2771485922836742e-14
737,2.3077039969891483e-14
738,2.3383131716379912e-14
739,2.3689762108519612e-14
740,2.400384047887773e-14
741,2.4322347617513893e-14
742,2.464141524981467e-14
743,2.4963987369085605e-14
744,2.5295294979095307e-14
745,2.56271856084272e-14
746,2.595966028305027e-14
747,2.630312688385419e-14
748,2.6648234683454603e-14
749,2.69939497872905e-14
750,2.7347031871977925e-14
751,2.7705759545900414e-14
752,2.8065118491661787e-14
753,2.842823469228547e-14
754,2.8800993590589185e-14
755,2.9174408452209085e-14
756,2.95484804314777e-14
757,2.993520729326516e-14
758,3.032309892203727e-14
759,3.071167314398019e-14
760,3.111041126018445e-14
761,3.1514237903240635e-14
762,3.191877518114356e-14
763,3.2326481337692537e-14
764,3.2746758825766396e-14
765,3.316777589809674e-14
766,3.3589533856168285e-14
767,3.4022032586445404e-14
768,3.446005890336285e-14
769,3.489885603807618e-14
770,3.534147273410384e-14
771,3.5797050703636656e-14
772,3.625343037752334e-14
773,3.671061316656453e-14
774,3.7180221745732356e-14
775,3.765474055254123e-14
776,3.813009439488226e-14
777,3.861108747566349e-14
778,3.910431549523306e-14
779,3.959841147391198e-14
780,4.00933769390923e-14
781,4.0603730472738676e-14
782,4.1117153440419346e-14
783,4.1631479905311505e-14
784,4.215460818606225e-14
785,4.268795702943568e-14
786,4.322224443462227e-14
787,4.375861988711727e-14
788,4.431250779598956e-14
789,4.486737041033879e-14
790,4.5423209445404625e-14
791,4.599309294600322e-14
792,4.656996503383901e-14
793,4.714785227360833e-14
794,4.773025128843083e-14
795,4.832979607602054e-14
796,4.89303959138752e-14
797,4.953205265862066e-14
798,5.0148737323373705e-14
799,5.0772727931905276e-14
800,5.139781660928558e-14
801,5.202871991853286e-14
802,5.267679341405099e-14
803,5.332600735832803e-14
804,5.3976363758270507e-14
805,5.4644596148057195e-14
806,5.531864282667818e-14
807,5.599387566042052e-14
808,5.667819980774355e-14
809,5.737780098666607e-14
810,5.807863329029456e-14
811,5.878069888510275e-14
812,5.95056210508781e-14
813,6.02327903502263e-14
814,6.096123928733645e-14
815,6.170467858338104e-14
816,6.24595888399543e-14
817,6.321582755149654e-14
818,6.397633947633474e-14
819,6.475978822577297e-14
820,6.554461565085132e-14
821,6.633082417769615e-14
822,6.713573989301871e-14
823,6.794997079533657e-14
824,6.87656345422505e-14
825,6.958986334657204e-14
826,7.043432850345623e-14
827,7.128027970972714e-14
828,7.21277195804626e-14
829,7.300019387451498e-14
830,7.387728101123315e-14
831,7.475591160393217e-14
832,7.565014286555963e-14
833,7.65592308265222e-14
834,7.746991855698159e-14
835,7.838682357279275e-14
836,7.932879386639138e-14
837,8.02724217942375e-14
838,8.121771027335573e-14
839,8.218870845945211e-14
840,8.316617648137336e-14
841,8.414536460474032e-14
842,8.514178784315197e-14
843,8.615401288717716e-14
844,8.716801919638695e-14
845,8.819092145892557e-14
846,8.92388376797531e-14
847,9.028859797338532e-14
848,9.134020558493112e-14
849,9.24236352267448e-14
850,9.351010275711874e-14
851,9.459848220103963e-14
852,9.571467685310656e-14
853,9.684333677788751e-14
854,9.797398286436513e-14
855,9.910785475009223e-14
856,1.0027992566759136e-13
857,1.0145405913936837e-13
858,1.0263025879500598e-13
859,1.0382311095685574e-13
860,1.0504197640332761e-13
861,1.0626298675084084e-13
862,1.0748614577388815e-13
863,1.08741097897108e-13
864,1.10008189902997e-13
865,1.1127751167670871e-13
866,1.1255488652492813e-13
867,1.1386935564238523e-13
868,1.1518613789963093e-13
869,1.1650523736721515e-13
870,1.1785038464619926e-13
871,1.1921650632103252e-13
872,1.2058503203134184e-13
873,1.2195596600763047e-13
874,1.2337088053069205e-13
875,1.2479024441324366e-13
876,1.262121060243476e-13
877,1.276530180281651e-13
878,1.291246605779294e-13
879,1.305988928537331e-13
880,1.3207571941284872e-13
881,1.335921750928729e-13
882,1.3512025008686676e-13
883,1.366510141140007e-13
884,1.3819679310155442e-13
885,1.3978021230568986e-13
886,1.413664179350455e-13
887,1.4295541489303657e-13
888,1.445829271753436e-13
889,1.4622610845447392e-13
890,1.4787218132524814e-13
891,1.4953265754862887e-13
892,1.5123437886940016e-13
893,1.5293909479776625e-13
894,1.5464681060349125e-13
895,1.563956401208868e-13
896,1.581605970893317e-13
897,1.5992865994441956e-13
898,1.617144230328524e-13
899,1.635412503100959e-13
900,1.6537129235037672e-13
901,1.6720455481087667e-13
902,1.6908573906374744e-13
903,1.709794242246506e-13
904,1.7287644180187516e-13
905,1.7479887262501656e-13
906,1.76757897109209e-13
907,1.7872036899071923e-13
908,1.8068629433610928e-13
909,1.8271167988811003e-13
910,1.8474133806365497e-13
911,1.8677456793428625e-13
912,1.888458710084156e-13
913,1.909444807582016e-13
914,1.930467835407341e-13
915,1.9516570071958807e-13
916,1.973350611130377e-13
917,1.9950823904281167e-13
918,2.0168524122682204e-13
919,2.0391847773783806e-13
920,2.0616436740943075e-13
921,2.0841420928988277e-13
922,2.1070026610419133e-13
923,2.1302073899331766e-13
924,2.1534529533925674e-13
925,2.1768610085882812e-13
926,2.200830638560094e-13
927,2.224842449136116e-13
928,2.2488965145437147e-13
929,2.2735719411689597e-13
930,2.298369461563111e-13
931,2.3232106194431125e-13
932,2.34849126327683e-13
933,2.3740943220257054e-13
934,2.399742435808021e-13
935,2.4256500387373617e-13
936,2.4520788359397647e-13
937,2.4785541412703326e-13
938,2.505111194038687e-13
939,2.5323863072190516e-13
940,2.5597094178336614e-13
941,2.587080610346028e-13
942,2.615081563014715e-13
943,2.6432734767543263e-13
944,2.6715150012695626e-13
945,2.7002309787771826e-13
946,2.7293130837502424e-13
947,2.7584463660145367e-13
948,2.787902503658707e-13
949,2.817896584555054e-13
950,2.84794344759387e-13
951,2.878165686274427e-13
952,2.9090939308365565e-13
953,2.940076601437333e-13
954,2.971113793853005e-13
955,3.002976706499256e-13
956,3.034917821856891e-13
957,3.0669151456542853e-13
958,3.0996181543910207e-13
959,3.1325407689219305e-13
960,3.165521319087469e-13
961,3.1990932034353756e-13
962,3.2330207957655883e-13
963,3.267008092241867e-13
964,3.3015400848777403e-13
965,3.3366201589636953e-13
966,3.3717619652775126e-13
967,3.406965612452517e-13
968,3.4431502396044016e-13
969,3.4794753623790584e-13
970,3.5158644083581255e-13
971,3.5526938603588023e-13
972,3.5902315618066407e-13
973,3.627835320296291e-13
974,3.665505252071699e-13
975,3.704115990362097e-13
976,3.7429642348207e-13
977,3.781880842551369e-13
978,3.821216252712478e-13
979,3.8613392196660074e-13
980,3.901532793086707e-13
981,3.9417970972243744e-13
982,3.9830505528203144e-13
983,4.0245518488708163e-13
984,4.066126176905391e-13
985,4.108190751370249e-13
986,4.1510309975314545e-13
987,4.193946631896482e-13
988,4.236937787129753e-13
989,4.281065497770701e-13
990,4.325354195631007e-13
991,4.36972083061038e-13
992,4.4147529077881663e-13
993,4.460446904426077e-13
994,4.5062213111599156e-13
995,4.552193113493566e-13
996,4.599325125721686e-13
997,4.64654007859608e-13
998,4.693838118071584e-13
999,4.742091586117781e-13
1000,4.790780345344273e-13
1001,4.839554784705041e-13
1002,4.888851399215927e-13
1003,4.939047714310275e-13
1004,4.989332362462842e-13
1005,5.039712093273192e-13
1006,5.091450206566839e-13
1007,5.143279366100592e-13
1008,5.195199732093147e-13
1009,5.248098288862482e-13
1010,5.301506759602071e-13
1011,5.355009215995907e-13
1012,5.409104900961198e-13
1013,5.464127983555211e-13
1014,5.519247893119315e-13
1015,5.574585482821938e-13
1016,5.631258982369722e-13
1017,5.688032213211496e-13
1018,5.744905350849424e-13
1019,5.803018231345958e-13
1020,5.861481160584483e-13
1021,5.920046970068649e-13
1022,5.979526763605194e-13
1023,6.039716281085991e-13
1024,6.100011717178795e-13
1025,6.1609081968917e-13
1026,6.222861708944771e-13
1027,6.284924243802103e-13
1028,6.34728876025765e-13
1029,6.411044193500634e-13
1030,6.474911820481488e-13
1031,6.538891838633243e-13
1032,6.604393125829967e-13
1033,6.670104363353007e-13
1034,6.735931236343465e-13
1035,6.80308260288714e-13
1036,6.870731815242276e-13
1037,6.938500073419015e-13
1038,7.007182946102001e-13
1039,7.076811897794144e-13
1040,7.14656337915728e-13
1041,7.216833421089069e-13
1042,7.288484449885171e-13
1043,7.360261566705512e-13
1044,7.432176207227423e-13
1045,7.505892228427069e-13
1046,7.579737971524514e-13
1047,7.653713664797901e-13
1048,7.729180937442418e-13
1049,7.805138880502432e-13
1050,7.881230490685491e-13
1051,7.958499257034937e-13
1052,8.036613560981678e-13
1053,8.114865326710786e-13
1054,8.194008889558206e-13
1055,8.274348378309576e-13
1056,8.354829244615548e-13
1057,8.435845965391939e-13
1058,8.518456606728901e-13
1059,8.60121262228465e-13
1060,8.684169286124505e-13
1061,8.769097654669362e-13
1062,8.854175476056843e-13
1063,8.939403013286676e-13
1064,9.026434070001795e-13
1065,9.113880966572421e-13
1066,9.201481747968874e-13
1067,9.290631568940616e-13
1068,9.380495427746304e-13
1069,9.47051742463065e-13
1070,9.561859064989951e-13
1071,9.654188395794162e-13
1072,9.746680203294945e-13
1073,9.840288697963826e-13
1074,9.9351326383354e-13
1075,1.0030143480491291e-12
1076,1.0126095863101411e-12
1077,1.0223504183594173e-12
1078,1.0321083918542854e-12
1079,1.0419459240298303e-12
1080,1.0519482349718499e-12
1081,1.0619681474973066e-12
1082,1.0720560823473457e-12
1083,1.082324977423669e-12
1084,1.0926119432052376e-12
1085,1.1029585950091345e-12
1086,1.1134992443671171e-12
1087,1.1240584426503206e-12
1088,1.1346723330858718e-12
1089,1.1454899723328664e-12
1090,1.1563266479384168e-12
1091,1.1672165079616184e-12
1092,1.1783164387286416e-12
1093,1.1894359026171125e-12
1094,1.2006106743442294e-12
1095,1.2119982648593733e-12
1096,1.2234058947055927e-12
1097,1.2348747332992025e-12
1098,1.2465554189708238e-12
1099,1.2582566597481234e-12
1100,1.2700289353086065e-12
1101,1.2820082193185874e-12
1102,1.294008583893064e-12
1103,1.3060938833572529e-12
1104,1.3183773372644106e-12
1105,1.330682406999447e-12
1106,1.3430905360479192e-12
1107,1.3556838004017661e-12
1108,1.3682992257728348e-12
1109,1.3810692074551487e-12
1110,1.3940478250791297e-12
1111,1.4070492818462645e-12
1112,1.4200736179477486e-12
1113,1.4333553090527496e-12
1114,1.4467542741071184e-12
1115,1.4601768180115718e-12
1116,1.4736237029910777e-12
1117,1.4874322233029173e-12
1118,1.5012650431802572e-12
1119,1.5151222053842593e-12
1120,1.5291005266628325e-12
1121,1.5433563181285122e-12
1122,1.5576371962456675e-12
1123,1.5719432051605394e-12
1124,1.586467878638477e-12
1125,1.6011858829585753e-12
1126,1.615929787309793e-12
1127,1.630699637269719e-12
1128,1.6457833778808322e-12
1129,1.6609770218806413e-12
1130,1.6761974029190832e-12
1131,1.6914507773198083e-12
1132,1.7071038450436405e-12
1133,1.7227844582776027e-12
1134,1.738492665494899e-12
1135,1.7543374632464192e-12
1136,1.7704881366032334e-12
1137,1.7866672311322892e-12
1138,1.8028747968477382e-12
1139,1.819336418737944e-12
1140,1.835996374059803e-12
1141,1.8526856467634407e-12
1142,1.869404288440128e-12
1143,1.8865088588281367e-12
1144,1.903689959296641e-12
1145,1.920901294232706e-12
1146,1.938234112103791e-12
1147,1.955917292152817e-12
1148,1.9736315902045684e-12
1149,1.9913770610189556e-12
1150,2.0093978731818205e-12
1151,2.0276255368068806e-12
1152,2.045885276590261e-12
1153,2.064177148977987e-12
1154,2.0829141727789644e-12
1155,2.1016987364991416e-12
1156,2.1205163563832097e-12
1157,2.1395292220114573e-12
1158,2.1588493002467024e-12
1159,2.178203377018152e-12
1160,2.1975915121547177e-12
1161,2.2173695208506274e-12
1162,2.237270901194768e-12
1163,2.2572073030221378e-12
1164,2.2772926518726006e-12
1165,2.297752321251131e-12
1166,2.3182479945626605e-12
1167,2.3387797351651096e-12
1168,2.3596817386926823e-12
1169,2.3807478288243943e-12
1170,2.401850990038686e-12
1171,2.4230939714185347e-12
1172,2.4447417658087287e-12
1173,2.4664276549362188e-12
1174,2.4881517058382277e-12
1175,2.5102654908274097e-12
1176,2.5325455591220682e-12
1177,2.5548648347986857e-12
1178,2.5773554219607834e-12
1179,2.600241266267511e-12
1180,2.623167383971216e-12
1181,2.6461338459429917e-12
1182,2.6695520820561552e-12
1183,2.6930968065662486e-12
1184,2.7166829639384192e-12
1185,2.7405160619057687e-12
1186,2.7646913072466825e-12
1187,2.7889090950093927e-12
1188,2.8131720188140128e-12
1189,2.837989850012396e-12
1190,2.862851354423705e-12
1191,2.8877566089018797e-12
1192,2.913063552586876e-12
1193,2.938631434343541e-12
1194,2.9642443092153518e-12
1195,2.9899022563789423e-12
1196,3.0161577417616214e-12
1197,3.0424924027452275e-12
1198,3.0688734061844728e-12
1199,3.095472390285995e-12
1200,3.1225431849630386e-12
1201,3.14966161750776e-12
1202,3.176827771750891e-12
1203,3.204439876090362e-12
1204,3.2323102950447327e-12
1205,3.2602297590063534e-12
1206,3.2882266309264846e-12
1207,3.3168637803922267e-12
1208,3.345551324120023e-12
1209,3.374289350791147e-12
1210,3.403367362094103e-12
1211,3.432837945135209e-12
1212,3.4623603890738695e-12
1213,3.4919347851722657e-12
1214,3.522136059695582e-12
1215,3.5524580990329937e-12
1216,3.5828334976189453e-12
1217,3.6134930755201374e-12
1218,3.6446300831226095e-12
1219,3.675821884114793e-12
1220,3.707068574919337e-12
1221,3.738924927076968e-12
1222,3.770948728002642e-12
1223,3.803028882853358e-12
1224,3.835392210851727e-12
1225,3.868263809428008e-12
1226,3.901193253842025e-12
1227,3.9341806458879794e-12
1228,3.967817916551659e-12
1229,4.001612679224826e-12
1230,4.035466912274513e-12
1231,4.069662856991257e-12
1232,4.104339172485149e-12
1233,4.1390765096689535e-12
1234,4.1738749759255395e-12
1235,4.209425780979242e-12
1236,4.245062694397928e-12
1237,4.280762319919475e-12
1238,4.316926597909188e-12
1239,4.3534797714268266e-12
1240,4.390097269436846e-12
1241,4.426896774547305e-12
1242,4.4643831066343764e-12
1243,4.501935405340408e-12
1244,4.539553786750133e-12
1245,4.5778291393450615e-12
1246,4.6163333848371436e-12
1247,4.65490538822206e-12
1248,4.693875395125869e-12
1249,4.733348954324978e-12
1250,4.772891977167535e-12
1251,4.812580498853112e-12
1252,4.8530409625097075e-12
1253,4.893572626515654e-12
1254,4.934175616165728e-12
1255,4.975469373797548e-12
1256,5.017007527949547e-12
1257,5.058618778917522e-12
1258,5.1006952819688476e-12
1259,5.143258005629819e-12
1260,5.185895629093733e-12
1261,5.2287809241379235e-12
1262,5.2723865302038986e-12
1263,5.316068871285943e-12
1264,5.3598280824184335e-12
1265,5.404456733106098e-12
1266,5.449202374080442e-12
1267,5.4940267562480335e-12
1268,5.5395334211526164e-12
1269,5.585361184702862e-12
1270,5.6312695937123185e-12
1271,5.677682591435906e-12
1272,5.724611543961476e-12
1273,5.77162307976435e-12
1274,5.818971446521694e-12
1275,5.867020901493547e-12
1276,5.915154911547689e-12
1277,5.963477643487747e-12
1278,6.0127534710966665e-12
1279,6.062116011897984e-12
1280,6.111565418485185e-12
1281,6.161730912744033e-12
1282,6.212344638184896e-12
1283,6.2630474311846576e-12
1284,6.314026931832216e-12
1285,6.365914800608298e-12
1286,6.417893979117913e-12
1287,6.469964628043254e-12
1288,6.5229019829308505e-12
1289,6.57618085591917e-12
1290,6.629553486461454e-12
1291,6.683383162247754e-12
1292,6.737985353129104e-12
1293,6.7926836302739474e-12
1294,6.847478162769975e-12
1295,6.9033862804399775e-12
1296,6.9594341888111875e-12
1297,7.015580727548011e-12
1298,7.072463986377042e-12
1299,7.129885834937166e-12
1300,7.187408731654956e-12
1301,7.245310534716458e-12
1302,7.304172524112938e-12
1303,7.363138095955827e-12
1304,7.422207432524205e-12
1305,7.482294811529653e-12
1306,7.542729072600292e-12
1307,7.603269682923172e-12
1308,7.66433961378791e-12
1309,7.726268933140368e-12
1310,7.788307232674742e-12
1311,7.850454704168769e-12
1312,7.913846646481194e-12
1313,7.977409411851629e-12
1314,8.041084031861345e-12
1315,8.105552902329013e-12
1316,8.17066727698603e-12
1317,8.235896236727577e-12
1318,8.301480135197559e-12
1319,8.368173635149311e-12
1320,8.434984499052179e-12
1321,8.501912933437215e-12
1322,8.570023068599351e-12
1323,8.638443780124962e-12
1324,8.706984895062936e-12
1325,8.776311959997169e-12
1326,8.846370847534127e-12
1327,8.916553021264473e-12
1328,8.987138518194786e-12
1329,9.058864301032783e-12
1330,9.130716303383922e-12
1331,9.202694747362872e-12
1332,9.276024598980159e-12
1333,9.349575597432335e-12
1334,9.42325602732143e-12
1335,9.49795408535994e-12
1336,9.573233651188521e-12
1337,9.64864569030125e-12
1338,9.724757017378282e-12
1339,9.801795131876697e-12
1340,9.878968814265964e-12
1341,9.956539593641661e-12
1342,1.0035366654425729e-11
1343,1.0114332431199598e-11
1344,1.0193437168068595e-11
1345,1.0274056810312687e-11
1346,1.0354845556031542e-11
1347,1.0435776469815767e-11
1348,1.0517976196992075e-11
1349,1.0600619216149242e-11
1350,1.068340766643015e-11
1351,1.076723744791369e-11
1352,1.0851766481499582e-11
1353,1.093644426512372e-11
1354,1.1021955263130276e-11
1355,1.1108402495281346e-11
1356,1.1195001853021254e-11
1357,1.1282246440498053e-11
1358,1.1370644505231732e-11
1359,1.1459198128532443e-11
1360,1.1548229907472577e-11
1361,1.1638611895509191e-11
1362,1.1729152933322433e-11
1363,1.182002675350286e-11
1364,1.1912426219175e-11
1365,1.2004988284880632e-11
1366,1.2097760263024103e-11
1367,1.2192211231276641e-11
1368,1.2286828409694823e-11
1369,1.2381612090766779e-11
1370,1.2478092922537469e-11
1371,1.2574799777031091e-11
1372,1.267167681148639e-11
1373,1.2770444700082304e-11
1374,1.2869544368013336e-11
1375,1.2968818426660213e-11
1376,1.3069008230397665e-11
1377,1.3170546030635637e-11
1378,1.327226251209335e-11
1379,1.337415798920485e-11
1380,1.3477945428212387e-11
1381,1.3582150472889931e-11
1382,1.3686538892470996e-11
1383,1.3791886184653869e-11
1384,1.3898626689190574e-11
1385,1.4005555030406784e-11
1386,1.4112671538847854e-11
1387,1.4221838568467278e-11
1388,1.4331354582778648e-11
1389,1.4441063317973054e-11
1390,1.4551936599042707e-11
1391,1.4664088825242052e-11
1392,1.4776438411398825e-11
1393,1.4889074404873908e-11
1394,1.500391218445288e-11
1395,1.5118952049892227e-11
1396,1.5234194356812215e-11
1397,1.535098229448082e-11
1398,1.5468762687368528e-11
1399,1.5586750344380466e-11
1400,1.570546005454928e-11
1401,1.582603205898972e-11
1402,1.594681624009307e-11
1403,1.6067812971236946e-11
1404,1.619126351031046e-11
1405,1.631528912457175e-11
1406,1.6439532992986008e-11
1407,1.656399549962565e-11
1408,1.6691111660968124e-11
1409,1.6818668116683225e-11
1410,1.6946449039949617e-11
1411,1.707445884662708e-11
1412,1.7205394410357182e-11
1413,1.7336560388024325e-11
1414,1.7467957185099048e-11
1415,1.7599892267359927e-11
1416,1.7734511026987555e-11
1417,1.7869366682056086e-11
1418,1.8004459649441902e-11
1419,1.8140486861787026e-11
1420,1.8278870330574913e-11
1421,1.841749731975045e-11
1422,1.8556368257848255e-11
1423,1.8696659664883858e-11
1424,1.8838890881252526e-11
1425,1.8981372389082375e-11
1426,1.9124104628823382e-11
1427,1.9268837617274633e-11
1428,1.941500117162945e-11
1429,1.95614219373768e-11
1430,1.9708100367144032e-11
1431,1.985745775984828e-11
1432,2.0007639821707418e-11
1433,2.0158086166527253e-11
1434,2.0308950117859272e-11
1435,2.0462967431239943e-11
1436,2.061725577666502e-11
1437,2.0771815631082666e-11
1438,2.092761883126803e-11
1439,2.108582446815414e-11
1440,2.1244308507486225e-11
1441,2.1403071439182493e-11
1442,2.1564012535439814e-11
1443,2.1726497408513472e-11
1444,2.188926821441812e-11
1445,2.2052325456323573e-11
1446,2.2218608987761462e-11
1447,2.238546569741555e-11
1448,2.2552616033239067e-11
1449,2.2720875125838535e-11
1450,2.2891897032921066e-11
1451,2.306321989587872e-11
1452,2.3234844244318045e-11
1453,2.3408800705985698e-11
1454,2.358437681410493e-11
1455,2.376026189235333e-11
1456,2.393645648444048e-11
1457,2.4116332013145046e-11
1458,2.429655998694018e-11
1459,2.447710511698371e-11
1460,2.465933627168678e-11
1461,2.484399063113641e-11
1462,2.502896993616588e-11
1463,2.5214274758597302e-11
1464,2.5402811599829467e-11
1465,2.5592310062424744e-11
1466,2.5782141995008617e-11
1467,2.597328644083331e-11
1468,2.6167390408086218e-11
1469,2.6361835949863585e-11
1470,2.6556623667250203e-11
1471,2.6754481779980023e-11
1472,2.6953628816013208e-11
1473,2.715312630110911e-11
1474,2.735398430121698e-11
1475,2.7558442260023917e-11
1476,2.776326001378867e-11
1477,2.7968438195659633e-11
1478,2.8175175650707484e-11
1479,2.8385424902480925e-11
1480,2.8596044140437782e-11
1481,2.8807034015660425e-11
1482,2.9019906550058368e-11
1483,2.923608040200711e-11
1484,2.9452634665952003e-11
1485,2.9669570011322154e-11
1486,2.9888841357698574e-11
1487,3.011107595364175e-11
1488,3.033370162697282e-11
1489,3.0556719065889125e-11
1490,3.0782661261284675e-11
1491,3.101109564980549e-11
1492,3.123993202579635e-11
1493,3.1469171096653504e-11
1494,3.170206468452102e-11
1495,3.193684088931501e-11
1496,3.2172030241587106e-11
1497,3.2407633468372376e-11
1498,3.264776770666035e-11
1499,3.2889030799207017e-11
1500,3.313071845452915e-11
1501,3.337304179323762e-11
1502,3.3620504495403325e-11
1503,3.386840267010507e-11
1504,3.411673708366435e-11
1505,3.4366790496125336e-11
1506,3.462102775398636e-11
1507,3.487571240590393e-11
1508,3.51308452391784e-11
1509,3.538894296519347e-11
1510,3.565010918324256e-11
1511,3.5911734988581794e-11
1512,3.617382118996846e-11
1513,3.6440287018174395e-11
1514,3.6708539959530446e-11
1515,3.697726495903353e-11
1516,3.724661344506551e-11
1517,3.752163035673629e-11
1518,3.779713122944736e-11
1519,3.807311691484783e-11
1520,3.835138451172805e-11
1521,3.8633801075740505e-11
1522,3.8916714622326545e-11
1523,3.9200126026049713e-11
1524,3.9487663900645003e-11
1525,3.977764819118283e-11
1526,4.0068142781595656e-11
1527,4.035914856988205e-11
1528,4.065631837922121e-11
1529,4.0954042187932855e-11
1530,4.125228991613091e-11
1531,4.155313461936909e-11
1532,4.1858236652277965e-11
1533,4.2163875588498656e-11
1534,4.247005237284535e-11
1535,4.2781147476957856e-11
1536,4.3094329949104574e-11
1537,4.340806354410984e-11
1538,4.3723205003825536e-11
1539,4.40440864833112e-11
1540,4.4365532633978406e-11
1541,4.468754444950564e-11
1542,4.5013587949046584e-11
1543,4.5342905636940955e-11
1544,4.567280284162746e-11
1545,4.60032865275379e-11
1546,4.6340638062180554e-11
1547,4.667858325117163e-11
1548,4.701712313919242e-11
1549,4.7359195089765155e-11
1550,4.770535428768595e-11
1551,4.805212263923275e-11
1552,4.8399501216361534e-11
1553,4.87535944893422e-11
1554,4.910876115690902e-11
1555,4.9464552828988106e-11
1556,4.9823792486732925e-11
1557,5.018753096333878e-11
1558,5.05519095286912e-11
1559,5.091692930918412e-11
1560,5.1288934697225604e-11
1561,5.166207771100085e-11
1562,5.203587736314769e-11
1563,5.2413485537077326e-11
1564,5.279557442633617e-11
1565,5.3178335696463315e-11
1566,5.356177053067902e-11
1567,5.395292755950782e-11
1568,5.434483619345585e-11
1569,5.473743448855774e-11
1570,5.5134676011232175e-11
1571,5.5535921880963935e-11
1572,5.5937873843042023e-11
1573,5.6341369881546733e-11
1574,5.675214711791817e-11
1575,5.7163647219449774e-11
1576,5.7575871458200826e-11
1577,5.799407778704409e-11
1578,5.84153249064291e-11
1579,5.883731331533916e-11
1580,5.926229148854132e-11
1581,5.969348905654087e-11
1582,6.012544542435767e-11
1583,6.055816192728724e-11
1584,6.099873388902809e-11
1585,6.144086671888773e-11
1586,6.188377759187882e-11
1587,6.233166589456049e-11
1588,6.278418856573332e-11
1589,6.323750756355039e-11
1590,6.369290404168856e-11
1591,6.415603497950167e-11
1592,6.461998091184528e-11
1593,6.508474327290276e-11
1594,6.555704283908965e-11
1595,6.603183974946509e-11
1596,6.650747218355174e-11
1597,6.698868703157491e-11
1598,6.747636751737187e-11
1599,6.79649061987387e-11
1600,6.84543045858822e-11
1601,6.894932595898194e-11
1602,6.945135957164619e-11
1603,6.995427663777866e-11
1604,7.045807871203341e-11
1605,7.09664388133046e-11
1606,7.148316484242352e-11
1607,7.20008001799728e-11
1608,7.251934642610455e-11
1609,7.304169888896948e-11
1610,7.357346312379351e-11
1611,7.410616313051204e-11
1612,7.46398005558457e-11
1613,7.517682190279936e-11
1614,7.572397672562289e-11
1615,7.62720944039085e-11
1616,7.682117663203707e-11
1617,7.737356673259123e-11
1618,7.793647121294745e-11
1619,7.850036626420503e-11
1620,7.906525362951686e-11
1621,7.96337361601906e-11
1622,8.021275614993111e-11
1623,8.079279506981892e-11
1624,8.137385471291211e-11
1625,8.19591776192354e-11
1626,8.25546858485313e-11
1627,8.31512420231311e-11
1628,8.374884798715249e-11
1629,8.435178394764875e-11
1630,8.496416012193612e-11
1631,8.557761392486975e-11
1632,8.619214725280245e-11
1633,8.681349414492086e-11
1634,8.744312504283184e-11
1635,8.807386393336385e-11
1636,8.87057127663027e-11
1637,8.934629413429179e-11
1638,8.999357370658212e-11
1639,9.064199232872196e-11
1640,9.129155200514993e-11
1641,9.195221752985783e-11
1642,9.261754699936533e-11
1643,9.328404728200182e-11
1644,9.395172043810048e-11
1645,9.463334640870407e-11
1646,9.531713437135508e-11
1647,9.600212562943968e-11
1648,9.669038389902796e-11
1649,9.739181208813047e-11
1650,9.809447461502974e-11
1651,9.879837365184695e-11
1652,9.950910340561739e-11
1653,1.0022979590809281e-10
1654,1.0095175664870925e-10
1655,1.0167498785924348e-10
1656,1.0240914262862994e-10
1657,1.0314953001892662e-10
1658,1.0389122030541038e-10
1659,1.0463421578084723e-10
1660,1.0539277754745736e-10
1661,1.0615329817448987e-10
1662,1.069151571271388e-10
1663,1.0768260846931651e-10
1664,1.0846233643722378e-10
1665,1.0924343653083562e-10
1666,1.1002591116474451e-10
1667,1.1081947596797585e-10
1668,1.1162020067193034e-10
1669,1.1242233445055855e-10
1670,1.1322588393996226e-10
1671,1.1404662258957264e-10
1672,1.1486880553336576e-10
1673,1.1569243531293138e-10
1674,1.165239020786971e-10
1675,1.173665301452983e-10
1676,1.1821064102594364e-10
1677,1.1905623733000773e-10
1678,1.1991674123327257e-10
1679,1.207817358786557e-10
1680,1.2164825269762752e-10
1681,1.2252069935797231e-10
1682,1.234069865031325e-10
1683,1.2429483329132203e-10
1684,1.2518424246711474e-10
1685,1.2608768760785263e-10
1686,1.2699727996446945e-10
1687,1.279084729754158e-10
1688,1.2882516237917731e-10
1689,1.2975692211178115e-10
1690,1.3069032150771481e-10
1691,1.3162536345236815e-10
1692,1.3257616518928992e-10
1693,1.3353361806918012e-10
1694,1.3449275582586564e-10
1695,1.3545366355063794e-10
1696,1.3643566466815436e-10
1697,1.3741939386118322e-10
1698,1.3840485417069738e-10
1699,1.393978800928905e-10
1700,1.4040670408821038e-10
1701,1.414173033605471e-10
1702,1.424296810339365e-10
1703,1.434561470840932e-10
1704,1.4449239740444801e-10
1705,1.4553047126523847e-10
1706,1.4657037187543112e-10
1707,1.4763163938327112e-10
1708,1.4869593034381421e-10
1709,1.4976209418925036e-10
1710,1.508370326036371e-10
1711,1.5192959596803145e-10
1712,1.5302408196962838e-10
1713,1.5412049399177816e-10
1714,1.552288228255069e-10
1715,1.563522304111658e-10
1716,1.574776149120792e-10
1717,1.58604979807114e-10
1718,1.5974814230504e-10
1719,1.609031093901333e-10
1720,1.6206010892724172e-10
1721,1.6321914449296235e-10
1722,1.6439863009013143e-10
1723,1.6558588519536436e-10
1724,1.6677522957138418e-10
1725,1.6796666689477455e-10
1726,1.691840120445642e-10
1727,1.7040429712273943e-10
1728,1.7162672959612185e-10
1729,1.7285623459534709e-10
1730,1.7410810225113688e-10
1731,1.7536217287950926e-10
1732,1.7661845035713353e-10
1733,1.7788844252704287e-10
1734,1.7917480442881621e-10
1735,1.8046343000434062e-10
1736,1.8175432323710397e-10
1737,1.8306647517808385e-10
1738,1.8438811336452452e-10
1739,1.8571207730207444e-10
1740,1.8703907998468826e-10
1741,1.8839440565613097e-10
1742,1.8975211636016113e-10
1743,1.9111221629382604e-10
1744,1.924842568133597e-10
1745,1.938764008426393e-10
1746,1.9527099469552115e-10
1747,1.966680426830677e-10
1748,1.9808693669464834e-10
1749,1.9951672286907168e-10
1750,2.0094902510776748e-10
1751,2.0238577605756526e-10
1752,2.038514637130116e-10
1753,2.0531973061027941e-10
1754,2.067905812881738e-10
1755,2.08277327130436e-10
1756,2.0978227999379097e-10
1757,2.1128988119581552e-10
1758,2.128001353969076e-10
1759,2.143388418810865e-10
1760,2.158839272296629e-10
1761,2.174317315399446e-10
1762,2.189916334082118e-10
1763,2.205749476998647e-10
1764,2.2216104822651188e-10
1765,2.2374993989121447e-10
1766,2.2536522025709562e-10
1767,2.2699037443206177e-10
1768,2.2861838846964416e-10
1769,2.3025707259440385e-10
1770,2.3192204930779432e-10
1771,2.3358995596141266e-10
1772,2.35260797711204e-10
1773,2.369584628882833e-10
1774,2.3866704401550937e-10
1775,2.4037863181570895e-10
1776,2.421020568027418e-10
1777,2.438521060142194e-10
1778,2.4560523487202545e-10
1779,2.4736144879554775e-10
1780,2.491476477909572e-10
1781,2.5094312462892536e-10
1782,2.5274176105435717e-10
1783,2.545570454631413e-10
1784,2.5639786153193926e-10
1785,2.58241916973794e-10
1786,2.600892174891706e-10
1787,2.619668571657928e-10
1788,2.638572353587072e-10
1789,2.657509401414826e-10
1790,2.676528206779477e-10
1791,2.6959043849838935e-10
1792,2.7153146603849817e-10
1793,2.7347590929850746e-10
1794,2.754443097513745e-10
1795,2.7743359182689245e-10
1796,2.7942637453809647e-10
1797,2.8142266404520814e-10
1798,2.8346017618211066e-10
1799,2.855022451981016e-10
1800,2.8754790774143685e-10
1801,2.896141406455513e-10
1802,2.917064563810158e-10
1803,2.938024540653476e-10
1804,2.9590214017783246e-10
1805,2.9804200701955725e-10
1806,3.001893156610666e-10
1807,3.023404030250378e-10
1808,3.0451196071659025e-10
1809,3.0671156997030575e-10
1810,3.089150499823349e-10
1811,3.11122407564217e-10
1812,3.133723600742628e-10
1813,3.156292381227917e-10
1814,3.1789008770821196e-10
1815,3.2017489553654153e-10
1816,3.224861911315486e-10
1817,3.248015540245607e-10
1818,3.2712245324715406e-10
1819,3.294892001508359e-10
1820,3.3186011193279596e-10
1821,3.3423519592215033e-10
1822,3.3664162462614144e-10
1823,3.39069135287634e-10
1824,3.415009177562243e-10
1825,3.4394689315356745e-10
1826,3.4643206722738047e-10
1827,3.489216145813026e-10
1828,3.514155429111814e-10
1829,3.5396065952054e-10
1830,3.565188122871456e-10
1831,3.590814667578782e-10
1832,3.616486308545783e-10
1833,3.6426507651246946e-10
1834,3.668983755033102e-10
1835,3.695363084365989e-10
1836,3.7217888346688143e-10
1837,3.7487079858610164e-10
1838,3.7758470911414524e-10
1839,3.8030339544052346e-10
1840,3.830268659694143e-10
1841,3.857826634790765e-10
1842,3.885791327316712e-10
1843,3.91380523065041e-10
1844,3.9418684313902293e-10
1845,3.97009760858325e-10
1846,3.998907706983194e-10
1847,4.0277685038910096e-10
1848,4.0566800885230374e-10
1849,4.0856425502525834e-10
1850,4.115289760449942e-10
1851,4.145017656059787e-10
1852,4.1747978652677954e-10
1853,4.2046304801324075e-10
1854,4.2350333387569544e-10
1855,4.2656488941210236e-10
1856,4.29631832513938e-10
1857,4.327041726619314e-10
1858,4.3582366476269893e-10
1859,4.3897607840657105e-10
1860,4.421340395031034e-10
1861,4.4529755781438445e-10
1862,4.485000281527862e-10
1863,4.5174542850173787e-10
1864,4.549965399363682e-10
1865,4.5825337250671756e-10
1866,4.615427257847463e-10
1867,4.6488327834514183e-10
1868,4.682297094349707e-10
1869,4.715820293989314e-10
1870,4.749623051185514e-10
1871,4.784002127531099e-10
1872,4.818441702373307e-10
1873,4.852941882173907e-10
1874,4.887695627763511e-10
1875,4.923070661562341e-10
1876,4.958507946490181e-10
1877,4.994007592092944e-10
1878,5.029755479956148e-10
1879,5.06614926057015e-10
1880,5.102607085048965e-10
1881,5.139129066093253e-10
1882,5.175924476790304e-10
1883,5.21339472668209e-10
1884,5.25093091475136e-10
1885,5.28853315703227e-10
1886,5.326306718325558e-10
1887,5.364878446651162e-10
1888,5.403518051476625e-10
1889,5.442225652247042e-10
1890,5.481023389203898e-10
1891,5.520722032436846e-10
1892,5.560490535253677e-10
1893,5.600329020589246e-10
1894,5.640237611594682e-10
1895,5.681049956248456e-10
1896,5.72197327146139e-10
1897,5.762968601369516e-10
1898,5.804036072700072e-10
1899,5.845989589402305e-10
1900,5.888094069734409e-10
1901,5.930272643312196e-10
1902,5.972525440520606e-10
1903,6.015671241294304e-10
1904,6.058983682984345e-10
1905,6.102372343625054e-10
1906,6.145837357342064e-10
1907,6.190228198489035e-10
1908,6.234775846538387e-10
1909,6.279401887187582e-10
1910,6.324106458387347e-10
1911,6.369796763928856e-10
1912,6.415607317397483e-10
1913,6.461498485858383e-10
1914,6.50749742024347e-10
1915,6.554516296262578e-10
1916,6.601617913614717e-10
1917,6.648802417903211e-10
1918,6.696193004363821e-10
1919,6.744529249296286e-10
1920,6.792950553795973e-10
1921,6.84145706754568e-10
1922,6.890298555319348e-10
1923,6.939981211567198e-10
1924,6.98975129672361e-10
1925,7.039608964640796e-10
1926,7.089962361170704e-10
1927,7.141020946040716e-10
1928,7.192169381103468e-10
1929,7.24340782447205e-10
1930,7.295335918692108e-10
1931,7.347800429931835e-10
1932,7.400357265436817e-10
1933,7.453006587673877e-10
1934,7.50657397326795e-10
1935,7.560474894651788e-10
1936,7.614470668017005e-10
1937,7.668563514996322e-10
1938,7.723834558913543e-10
1939,7.779202865879326e-10
1940,7.834668607051382e-10
1941,7.89051176910979e-10
1942,7.947279038421865e-10
1943,8.004146203758036e-10
1944,8.061113440909416e-10
1945,8.118776729222366e-10
1946,8.177072143635512e-10
1947,8.235470143218742e-10
1948,8.293970908495381e-10
1949,8.353526028640197e-10
1950,8.413382015843714e-10
1951,8.473343334427713e-10
1952,8.5335891889176e-10
1953,8.594930744809729e-10
1954,8.65638024630504e-10
1955,8.717937883359752e-10
1956,8.780199766568073e-10
1957,8.843165439913263e-10
1958,8.906241916894242e-10
1959,8.969429392496605e-10
1960,9.033784483677041e-10
1961,9.098408201589751e-10
1962,9.163145640873781e-10
1963,9.228324737987971e-10
1964,9.294524463511615e-10
1965,9.360840683778493e-10
1966,9.427273603789072e-10
1967,9.494680242836916e-10
1968,9.562604430583089e-10
1969,9.630648147686002e-10
1970,9.69896691308194e-10
1971,9.768528626890433e-10
1972,9.838212751684134e-10
1973,9.908019502874593e-10
1974,9.97874142791399e-10
1975,1.0050155311000655e-09
1976,1.0121694864417739e-09
1977,1.0193360309312375e-09
1978,1.0266409950550824e-09
1979,1.033971566731674e-09
1980,1.0413150383557402e-09
1981,1.0487073110169214e-09
1982,1.0562178875318056e-09
1983,1.0637416807567757e-09
1984,1.0712787139498057e-09
1985,1.078918335854555e-09
1986,1.086625898831209e-09
1987,1.0943470251638082e-09
1988,1.1020829908408374e-09
1989,1.1099778266737967e-09
1990,1.1178865554151543e-09
1991,1.1258092015128085e-09
1992,1.1338077933013284e-09
1993,1.141907690116684e-09
1994,1.1500218406953667e-09
1995,1.1581502701202842e-09
1996,1.1664210125141587e-09
1997,1.1747302974366397e-09
1998,1.183054204591991e-09
1999,1.191437305216533e-09
2000,1.1999454137819413e-09
2001,1.2084684944590775e-09
2002,1.2170065735949513e-09
2003,1.2256782342380963e-09
2004,1.2344042453782868e-09
2005,1.2431456120830117e-09
2006,1.2519400073239969e-09
2007,1.2608727687274783e-09
2008,1.2698212495231468e-09
2009,1.2787854773730363e-09
2010,1.2878855832264057e-09
2011,1.2970450694249132e-09
2012,1.3062206739932381e-09
2013,1.315454416524197e-09
2014,1.3248288661642361e-09
2015,1.3342198124548172e-09
2016,1.3436272844257448e-09
2017,1.353184646659412e-09
2018,1.3627949685869944e-09
2019,1.372422202239966e-09
2020,1.3821246320145191e-09
2021,1.3919584346079825e-09
2022,1.4018095421956775e-09
2023,1.4116779852298694e-09
2024,1.4217227208779369e-09
2025,1.4318018882470977e-09
2026,1.441898792389655e-09
2027,1.4521005576192985e-09
2028,1.4624120467253305e-09
2029,1.4727416814315883e-09
2030,1.4831048965976032e-09
2031,1.4936530481919375e-09
2032,1.5042197618519318e-09
2033,1.5148050702419727e-09
2034,1.5255381492584426e-09
2035,1.5363463720763968e-09
2036,1.5471736146187053e-09
2037,1.5580808343622423e-09
2038,1.569135081438893e-09
2039,1.580208781179629e-09
2040,1.5913019678160421e-09
2041,1.602599692121844e-09
2042,1.6139244604609877e-09
2043,1.625269157512268e-09
2044,1.6367542410449293e-09
2045,1.6483347812828426e-09
2046,1.6599357003259307e-09
2047,1.6716130016861005e-09
2048,1.6834541128287347e-09
2049,1.6953160613145955e-09
2050,1.7071988838119558e-09
2051,1.7192970666595285e-09
2052,1.731424952006342e-09
2053,1.743574179345386e-09
2054,1.755912589035814e-09
2055,1.7683641498683544e-09
2056,1.7808376222791346e-09
2057,1.7933330448267843e-09
2058,1.805987607808268e-09
2059,1.8187916025727978e-09
2060,1.8316181291089169e-09
2061,1.844467227066629e-09
2062,1.8574521747228793e-09
2063,1.8706161694401336e-09
2064,1.8838033294365545e-09
2065,1.89701369547695e-09
2066,1.910343693929422e-09
2067,1.923875367716981e-09
2068,1.9374308538045236e-09
2069,1.9510101940954565e-09
2070,1.9647003484616994e-09
2071,1.978607494556641e-09
2072,1.992539113686457e-09
2073,2.0064952489172745e-09
2074,2.0205611074944154e-09
2075,2.0348516342773417e-09
2076,2.0491673087467226e-09
2077,2.0635081751558903e-09
2078,2.0779657335272394e-09
2079,2.0926476655472557e-09
2080,2.10735543402642e-09
2081,2.1220890844301243e-09
2082,2.1369547894929298e-09
2083,2.152036268493574e-09
2084,2.167144287053409e-09
2085,2.1822788918750868e-09
2086,2.1975696457876723e-09
2087,2.2130589317334916e-09
2088,2.2285754748739298e-09
2089,2.2441193231744737e-09
2090,2.25985248722062e-09
2091,2.2757579593240772e-09
2092,2.2916914210027994e-09
2093,2.3076529215110672e-09
2094,2.3238463198796603e-09
2095,2.3401764776282773e-09
2096,2.356535372289682e-09
2097,2.3729230544332727e-09
2098,2.3895949779110357e-09
2099,2.406358442094345e-09
2100,2.4231514056983053e-09
2101,2.4399739206341186e-09
2102,2.457143130209252e-09
2103,2.4743486439454757e-09
2104,2.491584434995799e-09
2105,2.5089108734826237e-09
2106,2.5265362870147826e-09
2107,2.544192716776788e-09
2108,2.5618802173490234e-09
2109,2.579736293901358e-09
2110,2.5978208064158786e-09
2111,2.615937143056242e-09
2112,2.6340853598245173e-09
2113,2.65249118901253e-09
2114,2.671043900751536e-09
2115,2.689629260526426e-09
2116,2.708247325789124e-09
2117,2.7272235055027395e-09
2118,2.7462536429121772e-09
2119,2.7653172685036594e-09
2120,2.7844994234943103e-09
2121,2.8039820557860865e-09
2122,2.8234989725344803e-09
2123,2.843050234071081e-09
2124,2.8628385023112174e-09
2125,2.8828165240918627e-09
2126,2.9028297020869063e-09
2127,2.922878098161994e-09
2128,2.9432944668922836e-09
2129,2.963777472439417e-09
2130,2.9842965228421363e-09
2131,3.0049578049422533e-09
2132,3.025918632869473e-09
2133,3.046916346496607e-09
2134,3.0679510107327506e-09
2135,3.089278734366397e-09
2136,3.11076320425474e-09
2137,3.1322854813177077e-09
2138,3.153883793774731e-09
2139,3.1758631973506745e-09
2140,3.197881279056999e-09
2141,3.219938106956994e-09
2142,3.242242895633842e-09
2143,3.264765058579054e-09
2144,3.28732685477097e-09
2145,3.3099293399900018e-09
2146,3.3329639457802105e-09
2147,3.3560390865844147e-09
2148,3.379154833733502e-09
2149,3.4025528732920545e-09
2150,3.4262472177852763e-09
2151,3.4499832582623745e-09
2152,3.4737610680972325e-09
2153,3.4976585673052335e-09
2154,3.5220267008635446e-09
2155,3.546437716100558e-09
2156,3.570891688476676e-09
2157,3.5953886935850666e-09
2158,3.620368557629757e-09
2159,3.6454688317621108e-09
2160,3.6706132759512273e-09
2161,3.695801967924685e-09
2162,3.721346423904852e-09
2163,3.747161016829492e-09
2164,3.7730210368274575e-09
2165,3.7989265638383375e-09
2166,3.825017102379562e-09
2167,3.851560877941767e-09
2168,3.878151363750314e-09
2169,3.9047886420028366e-09
2170,3.9314727950416246e-09
2171,3.958739709268097e-09
2172,3.9860757485894075e-09
2173,4.013459892336139e-09
2174,4.040892225159308e-09
2175,4.068770212034832e-09
2176,4.096867091444785e-09
2177,4.125013414161953e-09
2178,4.153209267193408e-09
2179,4.181726500593115e-09
2180,4.210599706725941e-09
2181,4.239523722300163e-09
2182,4.268498636726884e-09
2183,4.297684108113268e-09
2184,4.3273493288603e-09
2185,4.357066752789462e-09
2186,4.38683647176446e-09
2187,4.416719991907102e-09
2188,4.447193117633238e-09
2189,4.477719868245085e-09
2190,4.508300338108165e-09
2191,4.538934621754072e-09
2192,4.570209663165391e-09
2193,4.601561862858034e-09
2194,4.632969234378477e-09
2195,4.6644318748144365e-09
2196,4.6964789905351e-09
2197,4.728672967043718e-09
2198,4.760923596689191e-09
2199,4.793230979165938e-09
2200,4.82608256405576e-09
2201,4.859134851750736e-09
2202,4.892245302987734e-09
2203,4.925414020119079e-09
2204,4.959103291221478e-09
2205,4.99303063244351e-09
2206,5.027017677074826e-09
2207,5.06106453017749e-09
2208,5.0956255263369786e-09
2209,5.130444872775735e-09
2210,5.1653254923215005e-09
2211,5.200267492798612e-09
2212,5.23573507385202e-09
2213,5.271463587974968e-09
2214,5.30725497510406e-09
2215,5.343109345879022e-09
2216,5.3795191914232254e-09
2217,5.416174247963022e-09
2218,5.452893807983011e-09
2219,5.489677984992118e-09
2220,5.527066592733165e-09
2221,5.5646657802419745e-09
2222,5.602331132656217e-09
2223,5.640062766408464e-09
2224,5.6784674500993996e-09
2225,5.717028572579944e-09
2226,5.755657552721489e-09
2227,5.7943545099353624e-09
2228,5.8338133969131055e-09
2229,5.873354475537307e-09
2230,5.912965136290534e-09
2231,5.9527294684048474e-09
2232,5.993197529953638e-09
2233,6.033736804880784e-09
2234,6.074347418502805e-09
2235,6.1152314786128224e-09
2236,6.1567144116322605e-09
2237,6.198270343939772e-09
2238,6.2398994039945885e-09
2239,6.281943616503445e-09
2240,6.3244600722261325e-09
2241,6.367051345967809e-09
2242,6.409717569388173e-09
2243,6.452963157732585e-09
2244,6.496532012173561e-09
2245,6.540177536581225e-09
2246,6.583899865874147e-09
2247,6.628388848195178e-09
2248,6.67302920451104e-09
2249,6.717748116357715e-09
2250,6.762670049236738e-09
2251,6.80832090651548e-09
2252,6.85405209754392e-09
2253,6.899863763687934e-09
2254,6.946123015409058e-09
2255,6.9929307599543754e-09
2256,7.0398208740694765e-09
2257,7.0867935027027154e-09
2258,7.134286839937568e-09
2259,7.182273106752352e-09
2260,7.230343817028825e-09
2261,7.278499119364818e-09
2262,7.32727047092847e-09
2263,7.376457213791479e-09
2264,7.425730512640903e-09
2265,7.475090519791997e-09
2266,7.525184557254704e-09
2267,7.57559405670668e-09
2268,7.626092263877567e-09
2269,7.676679334869074e-09
2270,7.728141464856484e-09
2271,7.7797963366668e-09
2272,7.831542107726224e-09
2273,7.883425057912643e-09
2274,7.936255294465451e-09
2275,7.989178498603015e-09
2276,8.042194833923278e-09
2277,8.095522287260112e-09
2278,8.149641900842585e-09
2279,8.203856750976505e-09
2280,8.258167005252538e-09
2281,8.312986287186306e-09
2282,8.36841891363082e-09
2283,8.423949087186142e-09
2284,8.479576979508905e-09
2285,8.53593611104463e-09
2286,8.592705759917935e-09
2287,8.649575308711838e-09
2288,8.706544933223258e-09
2289,8.76449262277432e-09
2290,8.822623688598068e-09
2291,8.88085705008001e-09
2292,8.939365799453621e-09
2293,8.998778522510341e-09
2294,9.05829579660734e-09
2295,9.117917805726199e-09
2296,9.178096721509456e-09
2297,9.238918374108555e-09
2298,9.299847057094919e-09
2299,9.360882958813128e-09
2300,9.42278247443293e-09
2301,9.48503863462935e-09
2302,9.547404349570554e-09
2303,9.60994625098609e-09
2304,9.673551004434696e-09
2305,9.737267685799646e-09
2306,9.801096492043779e-09
2307,9.865443075233673e-09
2308,9.93053220132638e-09
2309,9.995735867442023e-09
2310,1.0061054275140047e-08
2311,1.0127257552972107e-08
2312,1.0193857933180997e-08
2313,1.0260575512823591e-08
2314,1.03275038660472e-08
2315,1.0395524067769905e-08
2316,1.0463663967440484e-08
2317,1.0531923775694891e-08
2318,1.0600797779491792e-08
2319,1.0670386090536425e-08
2320,1.0740096858989608e-08
2321,1.080993030034316e-08
2322,1.0880809921889876e-08
2323,1.0951998377832806e-08
2324,1.1023312107018957e-08
2325,1.1095004856033376e-08
2326,1.116769835564536e-08
2327,1.1240519776982873e-08
2328,1.131346934515353e-08
2329,1.1387267592509667e-08
2330,1.146162476236105e-08
2331,1.15361127815602e-08
2332,1.1610777646663952e-08
2333,1.168669930435467e-08
2334,1.1762754564481378e-08
2335,1.1838943662148163e-08
2336,1.1915816399097857e-08
2337,1.1993468408209449e-08
2338,1.2071257064720252e-08
2339,1.2149182609092623e-08
2340,1.222840413897262e-08
2341,1.2307907421051133e-08
2342,1.2387550608282264e-08
2343,1.2467444581042386e-08
2344,1.254869237065703e-08
2345,1.2630083135299706e-08
2346,1.2711617126567546e-08
2347,1.2793693957136141e-08
2348,1.2876862678781362e-08
2349,1.2960177755789187e-08
2350,1.3043639445705302e-08
2351,1.3127973110507232e-08
2352,1.3213100162325589e-08
2353,1.329837701565178e-08
2354,1.3383803934095741e-08
2355,1.347047007280176e-08
2356,1.355759350044159e-08
2357,1.3644870242684525e-08
2358,1.373237461794308e-08
2359,1.3821376509380183e-08
2360,1.3910535021022797e-08
2361,1.399985042847974e-08
2362,1.4089815072522924e-08
2363,1.4180887790177803e-08
2364,1.427212077214608e-08
2365,1.4363514300449159e-08
2366,1.4456019509409008e-08
2367,1.4549203063553516e-08
2368,1.4642550596526485e-08
2369,1.4736062396885965e-08
2370,1.4831190222416598e-08
2371,1.492652533327506e-08
2372,1.5022028209133662e-08
2373,1.511817663097627e-08
2374,1.5215533423570858e-08
2375,1.5313061538792922e-08
2376,1.5410761278123405e-08
2377,1.5509741611416523e-08
2378,1.560943429698536e-08
2379,1.5709302415736352e-08
2380,1.5809346276383844e-08
2381,1.591091334146788e-08
2382,1.6012984932918893e-08
2383,1.6115236143797774e-08
2384,1.6217667290185467e-08
2385,1.632191585734441e-08
2386,1.6426409924831847e-08
2387,1.653108787466439e-08
2388,1.663620421707532e-08
2389,1.6742977000886267e-08
2390,1.684993767698203e-08
2391,1.695708657600151e-08
2392,1.7065048766185492e-08
2393,1.7174328447343065e-08
2394,1.7283800432261328e-08
2395,1.7393465059342058e-08
2396,1.7504373961120922e-08
2397,1.7616205733230103e-08
2398,1.772823430010418e-08
2399,1.784046000804788e-08
2400,1.7954418650362492e-08
2401,1.8068848284261682e-08
2402,1.8183479284474164e-08
2403,1.829855740263042e-08
2404,1.841542559423519e-08
2405,1.8532499443370367e-08
2406,1.8649779311936606e-08
2407,1.876808687204783e-08
2408,1.8887641492966735e-08
2409,1.9007406498819102e-08
2410,1.9127382259824497e-08
2411,1.924902851311719e-08
2412,1.9371317014847618e-08
2413,1.949382071241621e-08
2414,1.961678566509418e-08
2415,1.9741636392459278e-08
2416,1.986670682450145e-08
2417,1.9991997347840436e-08
2418,2.0118556335432386e-08
2419,2.0246359309557802e-08
2420,2.0374387183530896e-08
2421,2.0502640353113334e-08
2422,2.0632541986229954e-08
2423,2.076335393971549e-08
2424,2.0894396088053127e-08
2425,2.102566883632229e-08
2426,2.11590233741143e-08
2427,2.1292902078014675e-08
2428,2.1427016373432844e-08
2429,2.1561522990794745e-08
2430,2.169828661512012e-08
2431,2.183529090765858e-08
2432,2.1972536291919706e-08
2433,2.2110679752279877e-08
2434,2.2250623304740955e-08
2435,2.2390813121242637e-08
2436,2.253124963514161e-08
2437,2.2673146206604393e-08
2438,2.2816330643561525e-08
2439,2.2959767047653323e-08
2440,2.3103455862272173e-08
2441,2.3249224132113165e-08
2442,2.3395711568710428e-08
2443,2.3542456784842018e-08
2444,2.368963064347374e-08
2445,2.3839221147371216e-08
2446,2.398907489137722e-08
2447,2.413919233872147e-08
2448,2.4290435533345357e-08
2449,2.4443450853556895e-08
2450,2.4596735440640585e-08
2451,2.4750289768431512e-08
2452,2.490572716207123e-08
2453,2.5062232983351866e-08
2454,2.5219014213855398e-08
2455,2.5376071338225597e-08
2456,2.5535830248755627e-08
2457,2.569589355657698e-08
2458,2.5856238533847925e-08
2459,2.6017674345858598e-08
2460,2.618107592238125e-08
2461,2.6344765042817853e-08
2462,2.6508742213165883e-08
2463,2.6674711284295878e-08
2464,2.684180188997945e-08
2465,2.7009186531282577e-08
2466,2.717695144905588e-08
2467,2.734750196855573e-08
2468,2.7518352612201703e-08
2469,2.7689503908128754e-08
2470,2.7862020026049275e-08
2471,2.8036396328036634e-08
2472,2.8211079486523945e-08
2473,2.8386070041493192e-08
2474,2.8563475426628878e-08
2475,2.8741751373050784e-08
2476,2.8920341038303038e-08
2477,2.9099749514421884e-08
2478,2.928168037794609e-08
2479,2.94639313919795e-08
2480,2.9646503119897723e-08
2481,2.983102919135231e-08
2482,3.001700503968582e-08
2483,3.0203308156618015e-08
2484,3.0389962362406505e-08
2485,3.057972782038868e-08
2486,3.076982721567003e-08
2487,3.096026113588723e-08
2488,3.1152267452596963e-08
2489,3.134622935230238e-08
2490,3.154053257391883e-08
2491,3.173517771807777e-08
2492,3.193268552213515e-08
2493,3.213092577338904e-08
2494,3.2329514875304653e-08
2495,3.252936855370998e-08
2496,3.273161499686333e-08
2497,3.293421734050407e-08
2498,3.3137176210917726e-08
2499,3.33427763986969e-08
2500,3.354946275498691e-08
2501,3.375651282481855e-08
2502,3.396458799116739e-08
2503,3.4175430670369924e-08
2504,3.4386644377129285e-08
2505,3.459822976435e-08
2506,3.481235899774152e-08
2507,3.5027893718777134e-08
2508,3.5243807724101556e-08
2509,3.546027625841654e-08
2510,3.568019448026198e-08
2511,3.5900499700182806e-08
2512,3.612119259918698e-08
2513,3.6343758550001727e-08
2514,3.65685181328406e-08
2515,3.679367323324694e-08
2516,3.701922454722052e-08
2517,3.7248078667641774e-08
2518,3.747775978499492e-08
2519,3.770784508049049e-08
2520,3.793940016464016e-08
2521,3.817367167392606e-08
2522,3.840835543921152e-08
2523,3.86434521859512e-08
2524,3.8881631546534326e-08
2525,3.912097883369146e-08
2526,3.936074730884816e-08
2527,3.960186528545301e-08
2528,3.9845941713804375e-08
2529,4.0090447652172386e-08
2530,4.033538385637373e-08
2531,4.058347377815056e-08
2532,4.083278348623728e-08
2533,4.108253191349965e-08
2534,4.1333807983204425e-08
2535,4.158798834274318e-08
2536,4.184261599249325e-08
2537,4.209769171955914e-08
2538,4.235688776798057e-08
2539,4.261714979526979e-08
2540,4.2877869814865074e-08
2541,4.313904863270344e-08
2542,4.340409359137968e-08
2543,4.367055569261085e-08
2544,4.3937486696604615e-08
2545,4.4204887428497244e-08
2546,4.4475966853620484e-08
2547,4.4748749984167934e-08
2548,4.502201314078204e-08
2549,4.5295757168172915e-08
2550,4.5573059075530116e-08
2551,4.585228684376747e-08
2552,4.613200597889179e-08
2553,4.641221734556979e-08
2554,4.6695932146797065e-08
2555,4.6981730924142456e-08
2556,4.726803263157352e-08
2557,4.755483815410469e-08
2558,4.784515858642837e-08
2559,4.8137657623886575e-08
2560,4.8430671382074615e-08
2561,4.8724200766754914e-08
2562,4.902132181555587e-08
2563,4.9320653367142435e-08
2564,4.962051166283307e-08
2565,4.992089762954778e-08
2566,5.022501644261643e-08
2567,5.053131589607139e-08
2568,5.083815435524905e-08
2569,5.114553276864627e-08
2570,5.145684856081709e-08
2571,5.177025457603235e-08
2572,5.208421210259145e-08
2573,5.239872211099743e-08
2574,5.271743605765101e-08
2575,5.303809071325309e-08
2576,5.3359309635838633e-08
2577,5.3681093818356775e-08
2578,5.400740893605868e-08
2579,5.4335457884607646e-08
2580,5.4664084112087075e-08
2581,5.4993288634343815e-08
2582,5.532739220240926e-08
2583,5.5662963805675576e-08
2584,5.599912592569987e-08
2585,5.633587960162361e-08
2586,5.667803013154466e-08
2587,5.702124935971521e-08
2588,5.736507256238314e-08
2589,5.770960340645282e-08
2590,5.8059980064918364e-08
2591,5.841097329301842e-08
2592,5.876258417573923e-08
2593,5.911564431351625e-08
2594,5.9473908883824734e-08
2595,5.983280390434372e-08
2596,6.019233048448513e-08
2597,6.055421157884797e-08
2598,6.092049305672521e-08
2599,6.128741909238442e-08
2600,6.165499082006327e-08
2601,6.20259898653993e-08
2602,6.240041868717731e-08
2603,6.277550640383945e-08
2604,6.315125417485251e-08
2605,6.353167350673466e-08
2606,6.391438156238008e-08
2607,6.429776308210048e-08
2608,6.468181925099992e-08
2609,6.507196655606942e-08
2610,6.546308720235468e-08
2611,6.58548961165753e-08
2612,6.624861683576096e-08
2613,6.664758283595574e-08
2614,6.704725090977248e-08
2615,6.744762229265957e-08
2616,6.785161148463096e-08
2617,6.825924598863187e-08
2618,6.866759782044895e-08
2619,6.907666824237327e-08
2620,6.949124892372392e-08
2621,6.990768952704888e-08
2622,7.032486295451255e-08
2623,7.074363250406648e-08
2624,7.116827107016925e-08
2625,7.15936568865883e-08
2626,7.201979126826884e-08
2627,7.244972133753066e-08
2628,7.288342980208141e-08
2629,7.331790147748154e-08
2630,7.375313770676198e-08
2631,7.419456670631054e-08
2632,7.463748701154877e-08
2633,7.508118673794651e-08
2634,7.552745785285649e-08
2635,7.597893901264513e-08
2636,7.643121465835607e-08
2637,7.688428618805499e-08
2638,7.734265388351968e-08
2639,7.780361876664375e-08
2640,7.82653948244354e-08
2641,7.872903329429284e-08
2642,7.919880163464487e-08
2643,7.966939664133794e-08
2644,8.014081976906556e-08
2645,8.061717111440662e-08
2646,8.109670039999494e-08
2647,8.157707352849971e-08
2648,8.205914034539854e-08
2649,8.25477201550002e-08
2650,8.30371597339582e-08
2651,8.35274605952171e-08
2652,8.402287526176867e-08
2653,8.4521498663609e-08
2654,8.502099950875728e-08
2655,8.55225903841953e-08
2656,8.603051591016688e-08
2657,8.653933524862972e-08
2658,8.704904997243414e-08
2659,8.756464238881364e-08
2660,8.808289966661942e-08
2661,8.860206893794536e-08
2662,8.9124314345332e-08
2663,8.965212995131518e-08
2664,9.018087437084578e-08
2665,9.071054923836607e-08
2666,9.12494386933762e-08
2667,9.179003337744752e-08
2668,9.23315793627246e-08
2669,9.287407832322041e-08
2670,9.342203449961806e-08
2671,9.397562218579439e-08
2672,9.453018403727844e-08
2673,9.508572176831688e-08
2674,9.564316930132581e-08
2675,9.620996615865353e-08
2676,9.677776042578553e-08
2677,9.734655385787179e-08
2678,9.791634821315102e-08
2679,9.849415159412539e-08
2680,9.907539709550858e-08
2681,9.965766543230278e-08
2682,1.0024095840439941e-07
2683,1.0082928134728799e-07
2684,1.0142419919121968e-07
2685,1.020201639301052e-07
2686,1.0261717740617307e-07
2687,1.0321647487307421e-07
2688,1.0382528847830757e-07
2689,1.0443517343118915e-07
2690,1.0504613161697681e-07
2691,1.0565816492424685e-07
2692,1.0627980338736839e-07
2693,1.0690383470170896e-07
2694,1.0752896414263264e-07
2695,1.0815519364252086e-07
2696,1.0878889906031559e-07
2697,1.0942730524039829e-07
2698,1.1006683484284166e-07
2699,1.107074898445398e-07
2700,1.1135374739800368e-07
2701,1.1200675932641844e-07
2702,1.1266092037925677e-07
2703,1.1331623257864061e-07
2704,1.1397553710938356e-07
2705,1.1464338806874359e-07
2706,1.1531241426509942e-07
2707,1.159826177665222e-07
2708,1.1665547376222454e-07
2709,1.1733839945711081e-07
2710,1.1802252691633518e-07
2711,1.1870785825464862e-07
2712,1.1939477983540833e-07
2713,1.200930184145269e-07
2714,1.2079248570439715e-07
2715,1.214931838671874e-07
2716,1.2219511506887096e-07
2717,1.229084868513395e-07
2718,1.236235350104921e-07
2719,1.2433984146055232e-07
2720,1.250574084157402e-07
2721,1.2578606372091416e-07
2722,1.2651693628148898e-07
2723,1.2724909497950337e-07
2724,1.2798254207817854e-07
2725,1.2872702507687414e-07
2726,1.2947396808738648e-07
2727,1.3022222551484267e-07
2728,1.30971799672227e-07
2729,1.3173266413195167e-07
2730,1.3249592618038524e-07
2731,1.3326053136270775e-07
2732,1.3402648204243647e-07
2733,1.3480429131843178e-07
2734,1.3558412355554766e-07
2735,1.3636532808544806e-07
2736,1.3714797762290702e-07
2737,1.3794323435018865e-07
2738,1.3873989051306091e-07
2739,1.3953794857411447e-07
2740,1.4033853128985633e-07
2741,1.4115083828633468e-07
2742,1.4196457472209803e-07
2743,1.427797431125341e-07
2744,1.4359884980453674e-07
2745,1.444284655964487e-07
2746,1.452595412862687e-07
2747,1.4609207944298217e-07
2748,1.4693031046028225e-07
2749,1.4777749622741862e-07
2750,1.4862617281068416e-07
2751,1.4947634283347068e-07
2752,1.5033430807181154e-07
2753,1.5119932767187627e-07
2754,1.520658694706017e-07
2755,1.5293393614660279e-07
2756,1.5381225504501366e-07
2757,1.546953750382083e-07
2758,1.5558004908166032e-07
2759,1.5646627991003478e-07
2760,1.573655814483527e-07
2761,1.5826707112218126e-07
2762,1.5917014717172904e-07
2763,1.6007722002719523e-07
2764,1.6099573508585045e-07
2765,1.6191586648012815e-07
2766,1.6283761705429484e-07
2767,1.637667832044357e-07
2768,1.647041815716212e-07
2769,1.656432295037216e-07
2770,1.66583929903476e-07
2771,1.6753584559759455e-07
2772,1.684924044060182e-07
2773,1.694506464963178e-07
2774,1.7041162111565918e-07
2775,1.713859058472256e-07
2776,1.7236190505330827e-07
2777,1.73339621750867e-07
2778,1.743245073222963e-07
2779,1.7531848061121562e-07
2780,1.7631420302093738e-07
2781,1.773116776293874e-07
2782,1.783211576193203e-07
2783,1.7933510464536525e-07
2784,1.803508359403281e-07
2785,1.8137072993307862e-07
2786,1.8240312204576494e-07
2787,1.834373308855193e-07
2788,1.8447335964923404e-07
2789,1.855190600552608e-07
2790,1.865719688779268e-07
2791,1.8762673053124336e-07
2792,1.886837329137301e-07
2793,1.8975556574825512e-07
2794,1.9082928471434417e-07
2795,1.9190489313101912e-07
2796,1.929889467409974e-07
2797,1.9408184904772915e-07
2798,1.9517667456230008e-07
2799,1.9627342666897414e-07
2800,1.9738525980230355e-07
2801,1.9849953045905422e-07
2802,1.9961576192585213e-07
2803,2.007403626682688e-07
2804,2.0187430814136578e-07
2805,2.0301024904661126e-07
2806,2.041481888953604e-07
2807,2.0530186435819367e-07
2808,2.0645774642424893e-07
2809,2.0761566252459394e-07
2810,2.0878306528645905e-07
2811,2.099591218910797e-07
2812,2.1113724803144916e-07
2813,2.1231915960737554e-07
2814,2.1351957893530418e-07
2815,2.1472211067048368e-07
2816,2.1592675853010958e-07
2817,2.1713352623791635e-07
2818,2.183559299127371e-07
2819,2.1958533913769672e-07
2820,2.2081691178382937e-07
2821,2.220506516580964e-07
2822,2.2329419202450164e-07
2823,2.2455088499012112e-07
2824,2.2580978938851682e-07
2825,2.2707090911113495e-07
2826,2.283364665878543e-07
2827,2.2962085347140476e-07
2828,2.3090750052111958e-07
2829,2.321964117142008e-07
2830,2.3348759103484826e-07
2831,2.3479737741399508e-07
2832,2.3611218198279614e-07
2833,2.374293002441471e-07
2834,2.3874873626943754e-07
2835,2.400826172852861e-07
2836,2.4142599824532393e-07
2837,2.4277174318418035e-07
2838,2.4411985626173286e-07
2839,2.454787612366438e-07
2840,2.4685114150038183e-07
2841,2.482259367734019e-07
2842,2.4960315130537847e-07
2843,2.5098802515526827e-07
2844,2.5238983171165985e-07
2845,2.537941050591646e-07
2846,2.5520084953857787e-07
2847,2.5661265271882896e-07
2848,2.580443166697503e-07
2849,2.594784999522215e-07
2850,2.609152069994924e-07
2851,2.623549154528517e-07
2852,2.6381687204977925e-07
2853,2.652814012846004e-07
2854,2.667485076843667e-07
2855,2.682181957840933e-07
2856,2.697098014717354e-07
2857,2.712051168701925e-07
2858,2.727030636083745e-07
2859,2.742036463166264e-07
2860,2.757254365634803e-07
2861,2.77251982568015e-07
2862,2.787812148691339e-07
2863,2.8031313819388807e-07
2864,2.8186613702638734e-07
2865,2.834243623481076e-07
2866,2.8498532971286146e-07
2867,2.865490439457957e-07
2868,2.881342907035916e-07
2869,2.897246483600358e-07
2870,2.9131780460313184e-07
2871,2.9291376435752487e-07
2872,2.945323136508069e-07
2873,2.9615526100397824e-07
2874,2.9778106429223283e-07
2875,2.9940972854113e-07
2876,3.010626502096932e-07
2877,3.0271864900433334e-07
2878,3.0437756189501294e-07
2879,3.0604122453634645e-07
2880,3.077277730837022e-07
2881,3.094172894858575e-07
2882,3.111097789653135e-07
2883,3.1280970633979965e-07
2884,3.1453018341647363e-07
2885,3.162536880523014e-07
2886,3.179802255748432e-07
2887,3.197175309758762e-07
2888,3.2147241087261767e-07
2889,3.2323037886746773e-07
2890,3.249914403945151e-07
2891,3.26767252182832e-07
2892,3.285570137209707e-07
2893,3.3034992473874596e-07
2894,3.321459907782576e-07
2895,3.339614523492731e-07
2896,3.3578657892027397e-07
2897,3.376149172030539e-07
2898,3.394464728492191e-07
2899,3.413027426019219e-07
2900,3.4316372220721143e-07
2901,3.450279766151493e-07
2902,3.46900697817424e-07
2903,3.487997353852561e-07
2904,3.5070211472675213e-07
2905,3.526078417223858e-07
2906,3.5451692226297586e-07
2907,3.5644795443500487e-07
2908,3.583923963341114e-07
2909,3.603402599052008e-07
2910,3.622915511693394e-07
2911,3.642504300567461e-07
2912,3.66237608077168e-07
2913,3.682282829726792e-07
2914,3.7022246089667714e-07
2915,3.7222014801339057e-07
2916,3.742408313074021e-07
2917,3.7627500346260917e-07
2918,3.7831275518877267e-07
2919,3.803540927848067e-07
2920,3.824051880115104e-07
2921,3.84483555002491e-07
2922,3.8656557933440803e-07
2923,3.886512674430253e-07
2924,3.907406257754313e-07
2925,3.928571126945534e-07
2926,3.9498412058213485e-07
2927,3.971148714042918e-07
2928,3.992493717474045e-07
2929,4.0139889352817967e-07
2930,4.0357160858454264e-07
2931,4.0574814700668647e-07
2932,4.079285155225216e-07
2933,4.101127208718e-07
2934,4.123323784886307e-07
2935,4.145565267779303e-07
2936,4.1678458894030676e-07
2937,4.1901657186293594e-07
2938,4.2126768832800434e-07
2939,4.235401285356064e-07
2940,4.2581656759586155e-07
2941,4.2809701254548005e-07
2942,4.3038147043355054e-07
2943,4.327024930898062e-07
2944,4.3502799829488863e-07
2945,4.3735759573129654e-07
2946,4.396912926000513e-07
2947,4.420472046171e-07
2948,4.444224712609838e-07
2949,4.468019177016471e-07
2950,4.4918555129419627e-07
2951,4.515778906081855e-07
2952,4.540036200837389e-07
2953,4.564336181557478e-07
2954,4.5886789233557657e-07
2955,4.613064501478049e-07
2956,4.637751216728529e-07
2957,4.662563801651365e-07
2958,4.6874200496841093e-07
2959,4.7123200376598267e-07
2960,4.73740696217937e-07
2961,4.762739301337806e-07
2962,4.788116218219577e-07
2963,4.813537791267148e-07
2964,4.839041071539799e-07
2965,4.864900377638021e-07
2966,4.890805188765e-07
2967,4.916755584994935e-07
2968,4.942751646542973e-07
2969,4.969085160267022e-07
2970,4.995525154348959e-07
2971,5.022011675296765e-07
2972,5.048544804982721e-07
2973,5.075332211400595e-07
2974,5.102314740995604e-07
2975,5.129344752157446e-07
2976,5.15642232843834e-07
2977,5.183694834928594e-07
2978,5.211266006257849e-07
2979,5.23888569498836e-07
2980,5.266553986495062e-07
2981,5.294270966303116e-07
2982,5.322335371989788e-07
2983,5.350553775554862e-07
2984,5.378821835455899e-07
2985,5.407139639071951e-07
2986,5.435564448365233e-07
2987,5.46439074464975e-07
2988,5.493267766980079e-07
2989,5.522195604617591e-07
2990,5.551174346980758e-07
2991,5.580441386198143e-07
2992,5.609941184995605e-07
2993,5.639492895000783e-07
2994,5.669096607560552e-07
2995,5.698752414182475e-07
2996,5.728872352663713e-07
2997,5.759056933532875e-07
2998,5.789294630619938e-07
2999,5.81958553739213e-07
3000,5.850105874727407e-07
3001,5.88093242185661e-07
3002,5.911813214871905e-07
3003,5.94274834922833e-07
3004,5.973737920548892e-07
3005,6.005164605387083e-07
3006,6.036697704723812e-07
3007,6.068286293264913e-07
3008,6.099930468653213e-07
3009,6.131799275221982e-07
3010,6.163993992259815e-07
3011,6.196245362750177e-07
3012,6.228553486384563e-07
3013,6.26091846302994e-07
3014,6.293748519528446e-07
3015,6.326672102968458e-07
3016,6.359653622444726e-07
3017,6.392693179905688e-07
3018,6.426008281150913e-07
3019,6.459613613925779e-07
3020,6.49327808240998e-07
3021,6.527001790662937e-07
3022,6.560820827263596e-07
3023,6.595117553373657e-07
3024,6.629474631836353e-07
3025,6.663892168851921e-07
3026,6.698370270807478e-07
3027,6.733232140185446e-07
3028,6.768291599720756e-07
3029,6.8034127537869e-07
3030,6.838595710945873e-07
3031,6.874006158099586e-07
3032,6.909777882333486e-07
3033,6.945612554468027e-07
3034,6.981510285270682e-07
3035,7.017490201139887e-07
3036,7.054016998614604e-07
3037,7.090608072689932e-07
3038,7.127263536471356e-07
3039,7.163983503263447e-07
3040,7.200996029930978e-07
3041,7.23835368678905e-07
3042,7.27577708230603e-07
3043,7.313266332160153e-07
3044,7.350821552233142e-07
3045,7.388903139347668e-07
3046,7.427104746395613e-07
3047,7.465373577196102e-07
3048,7.503709750040534e-07
3049,7.542310761246522e-07
3050,7.581300941335784e-07
3051,7.620359732825683e-07
3052,7.659487256449385e-07
3053,7.698683633152504e-07
3054,7.738420666456837e-07
3055,7.778279880928102e-07
3056,7.818209236033048e-07
3057,7.858208855195719e-07
3058,7.898519505702751e-07
3059,7.939189688692527e-07
3060,7.979931439372367e-07
3061,8.020744883677414e-07
3062,8.061653625622284e-07
3063,8.103145406614728e-07
3064,8.14471020105782e-07
3065,8.186348137430723e-07
3066,8.228059344438701e-07
3067,8.270203866604002e-07
3068,8.312602437802359e-07
3069,8.355075618121446e-07
3070,8.397623538848264e-07
3071,8.440422480199931e-07
3072,8.483665646663905e-07
3073,8.526984908476388e-07
3074,8.570380399539524e-07
3075,8.613859236897814e-07
3076,8.657957903377087e-07
3077,8.702134170621142e-07
3078,8.746388175181103e-07
3079,8.790720053848388e-07
3080,8.835537860793513e-07
3081,8.880582144526922e-07
3082,8.925705693017077e-07
3083,8.970908645743126e-07
3084,9.016464747430702e-07
3085,9.062388146565563e-07
3086,9.108392357428194e-07
3087,9.154477522219828e-07
3088,9.200798366128158e-07
3089,9.247612068172529e-07
3090,9.294508148601743e-07
3091,9.341486752373747e-07
3092,9.388599092811824e-07
3093,9.43631437461784e-07
3094,9.484113621309039e-07
3095,9.531996980635009e-07
3096,9.579964600605394e-07
3097,9.628556103884303e-07
3098,9.677269903790785e-07
3099,9.726069425661018e-07
3100,9.774954820336442e-07
3101,9.824398865653485e-07
3102,9.874038696749949e-07
3103,9.923765879336265e-07
3104,9.97358056712124e-07
3105,1.0023904840398414e-06
3106,1.0074482272451601e-06
3107,1.0125148705879395e-06
3108,1.0175904297293768e-06
3109,1.0227136778583418e-06
3110,1.0278663473930251e-06
3111,1.033028084105801e-06
3112,1.0381989039517887e-06
3113,1.0434157999971465e-06
3114,1.0486645714304674e-06
3115,1.0539225791510864e-06
3116,1.0591898394116907e-06
3117,1.064503239303831e-06
3118,1.0698492976199387e-06
3119,1.0752047634176945e-06
3120,1.0805696532510214e-06
3121,1.0859824414493379e-06
3122,1.0914269811273512e-06
3123,1.0968811015832127e-06
3124,1.1023448196757795e-06
3125,1.1078599088908149e-06
3126,1.113404133985694e-06
3127,1.118958115273316e-06
3128,1.1245218699212055e-06
3129,1.1301422008451625e-06
3130,1.1357873250693602e-06
3131,1.1414423830368894e-06
3132,1.1471073922276949e-06
3133,1.1528359332732473e-06
3134,1.158583180079176e-06
3135,1.1643405403318539e-06
3136,1.1701080318274329e-06
3137,1.1759477788748685e-06
3138,1.1817983815382134e-06
3139,1.187659279521836e-06
3140,1.1935397263643942e-06
3141,1.199484467094518e-06
3142,1.2054396687983275e-06
3143,1.2114053498834875e-06
3144,1.217402377130791e-06
3145,1.2234527841377405e-06
3146,1.229513838057392e-06
3147,1.2355855576245912e-06
3148,1.2417022386800095e-06
3149,1.2478595729983395e-06
3150,1.2540277423873427e-06
3151,1.26020676591295e-06
3152,1.2664462006850882e-06
3153,1.2727117334963016e-06
3154,1.2789882917729654e-06
3155,1.2852773952964042e-06
3156,1.2916412096065568e-06
3157,1.2980162223264862e-06
3158,1.3044024531614564e-06
3159,1.3108198773739106e-06
3160,1.3172942687510046e-06
3161,1.3237800531180579e-06
3162,1.3302772505227191e-06
3163,1.3368261700334664e-06
3164,1.343412438340378e-06
3165,1.3500102965046983e-06
3166,1.3566197649204868e-06
3167,1.363303380009191e-06
3168,1.3700028355921173e-06
3169,1.3767140802056206e-06
3170,1.3834566767175419e-06
3171,1.3902586710307422e-06
3172,1.3970726348099894e-06
3173,1.4038985891173031e-06
3174,1.4107816333109097e-06
3175,1.4176992639240248e-06
3176,1.4246290674857153e-06
3177,1.4315755799682262e-06
3178,1.4385978298229932e-06
3179,1.445632436722722e-06
3180,1.4526794224114153e-06
3181,1.4597722216751671e-06
3182,1.4669125907845573e-06
3183,1.4740655247904944e-06
3184,1.4812310458027168e-06
3185,1.4884734503761003e-06
3186,1.4957332980950322e-06
3187,1.5030059209540409e-06
3188,1.5103329937956967e-06
3189,1.5177360254164658e-06
3190,1.5251520841355901e-06
3191,1.532581192876111e-06
3192,1.5400233746013946e-06
3193,1.5474904380842106e-06
3194,1.5550646329212885e-06
3195,1.5626521560485665e-06
3196,1.5702530309190533e-06
3197,1.5778672810270226e-06
3198,1.5854949299080998e-06
3199,1.5932293303652069e-06
3200,1.60099084172375e-06
3201,1.6087660109882737e-06
3202,1.6165548621917895e-06
3203,1.6243574194095814e-06
3204,1.6322474429648274e-06
3205,1.6401854897601108e-06
3206,1.6481375051062634e-06
3207,1.6561035135828932e-06
3208,1.6640835398128575e-06
3209,1.6721364680986702e-06
3210,1.680253621209743e-06
3211,1.6883850580403143e-06
3212,1.6965308037245617e-06
3213,1.7046908834408879e-06
3214,1.7129140749080936e-06
3215,1.721212929184978e-06
3216,1.729526386915918e-06
3217,1.737854473797704e-06
3218,1.746197215572327e-06
3219,1.7545981039965223e-06
3220,1.7630812785621232e-06
3221,1.7715793809249831e-06
3222,1.780092437352592e-06
3223,1.7886204741586625e-06
3224,1.7972065672194835e-06
3225,1.8058767057757196e-06
3226,1.8145621011242875e-06
3227,1.8232627801115763e-06
3228,1.8319787696312066e-06
3229,1.8407576475636395e-06
3230,1.8496174187018948e-06
3231,1.8584927803232254e-06
3232,1.8673837598611834e-06
3233,1.8762903847975844e-06
3234,1.8852696991145145e-06
3235,1.894321796630416e-06
3236,1.9033898230601606e-06
3237,1.9124738064327893e-06
3238,1.9215737748266655e-06
3239,1.930761247111963e-06
3240,1.940008390324625e-06
3241,1.9492718056668083e-06
3242,1.9585515217714734e-06
3243,1.967847567321959e-06
3244,1.977250988093269e-06
3245,1.986695922168873e-06
3246,1.99615747642008e-06
3247,2.0056356800922615e-06
3248,2.015130562482257e-06
3249,2.024757790081512e-06
3250,2.034403286319812e-06
3251,2.0440657556561744e-06
3252,2.0537452279569653e-06
3253,2.0634691371144367e-06
3254,2.0733006922558155e-06
3255,2.083149547897266e-06
3256,2.0930157344812454e-06
3257,2.10289928250378e-06
3258,2.112861529758595e-06
3259,2.122898906144689e-06
3260,2.132953945207172e-06
3261,2.143026678025784e-06
3262,2.1531171357349453e-06
3263,2.1633257720148066e-06
3264,2.1735718157681553e-06
3265,2.183835889382235e-06
3266,2.194118024582869e-06
3267,2.2044421786578735e-06
3268,2.214881393527455e-06
3269,2.2253389781744005e-06
3270,2.2358149649226598e-06
3271,2.246309386153035e-06
3272,2.256894819130107e-06
3273,2.267548103248768e-06
3274,2.2782201338342564e-06
3275,2.288910943873314e-06
3276,2.2996243149335377e-06
3277,2.310475498839399e-06
3278,2.321345777449261e-06
3279,2.332235184362613e-06
3280,2.3431437532380767e-06
3281,2.3541334973106535e-06
3282,2.3652042430999097e-06
3283,2.376294469947388e-06
3284,2.3874042121323945e-06
3285,2.3985345205718657e-06
3286,2.409807967877466e-06
3287,2.4211012529275327e-06
3288,2.432414410628988e-06
3289,2.443747475950192e-06
3290,2.4551694781960973e-06
3291,2.466668075143145e-06
3292,2.478186906021013e-06
3293,2.4897260064337594e-06
3294,2.501301389416503e-06
3295,2.5130075676009465e-06
3296,2.524734344988744e-06
3297,2.5364817578266703e-06
3298,2.5482498424252615e-06
3299,2.560132450159692e-06
3300,2.5720694632879596e-06
3301,2.5840274818097027e-06
3302,2.596006542686397e-06
3303,2.608055531274017e-06
3304,2.620205085496879e-06
3305,2.6323760191130166e-06
3306,2.644568369741988e-06
3307,2.656789707796143e-06
3308,2.6691541248210094e-06
3309,2.6815402993241864e-06
3310,2.6939482695904987e-06
3311,2.706378073972124e-06
3312,2.718929582955417e-06
3313,2.7315333407538473e-06
3314,2.7441592771873627e-06
3315,2.7568074312818273e-06
3316,2.7695445500040555e-06
3317,2.7823682503584356e-06
3318,2.7952145163711513e-06
3319,2.808083387749058e-06
3320,2.821012204455541e-06
3321,2.834058223719692e-06
3322,2.847127199846795e-06
3323,2.8602191732320728e-06
3324,2.873345813215428e-06
3325,2.8866165450807402e-06
3326,2.8999106292255046e-06
3327,2.913228106740702e-06
3328,2.9265690187895822e-06
3329,2.9400565874384206e-06
3330,2.9535781951210954e-06
3331,2.9671235965367372e-06
3332,2.980692833553059e-06
3333,2.994391812691818e-06
3334,3.0081433773028682e-06
3335,3.0219191402911386e-06
3336,3.0357191442363357e-06
3337,3.049635771847193e-06
3338,3.0636197449050287e-06
3339,3.0776283252979414e-06
3340,3.091661556325231e-06
3341,3.105802105279281e-06
3342,3.1200209566927997e-06
3343,3.1342648287452294e-06
3344,3.148533765463095e-06
3345,3.162904543049429e-06
3346,3.177360761385747e-06
3347,3.1918424180436015e-06
3348,3.2063495577844497e-06
3349,3.220956905281166e-06
3350,3.2356529980387214e-06
3351,3.250374951212538e-06
3352,3.265122810306767e-06
3353,3.2799793620098716e-06
3354,3.2949292062504425e-06
3355,3.3099053574208764e-06
3356,3.3249078618109737e-06
3357,3.339976902170132e-06
3358,3.35518320462331e-06
3359,3.3704162652826053e-06
3360,3.3856761312318642e-06
3361,3.400964566237743e-06
3362,3.4164300561134408e-06
3363,3.4319227602737226e-06
3364,3.4474427266049183e-06
3365,3.4629900030776407e-06
3366,3.478684923215497e-06
3367,3.494440027928819e-06
3368,3.5102228565451985e-06
3369,3.5260334578476842e-06
3370,3.5419630687254e-06
3371,3.55798335464197e-06
3372,3.5740318310864536e-06
3373,3.590108547662937e-06
3374,3.606286463283656e-06
3375,3.6225901725962496e-06
3376,3.6389225711616336e-06
3377,3.6552837094613984e-06
3378,3.6716736380659676e-06
3379,3.6882436256696328e-06
3380,3.7048629955311435e-06
3381,3.721511610094617e-06
3382,3.7381895208189836e-06
3383,3.7549605463779362e-06
3384,3.7718699733880415e-06
3385,3.7888091554974196e-06
3386,3.805778145063054e-06
3387,3.822776994534049e-06
3388,3.839960467715399e-06
3389,3.857193346742135e-06
3390,3.874456550026778e-06
3391,3.891750130927784e-06
3392,3.909151537708609e-06
3393,3.926681282566524e-06
3394,3.9442418740598636e-06
3395,3.961833366466228e-06
3396,3.979460341412361e-06
3397,3.997290162097955e-06
3398,4.015151357444641e-06
3399,4.033043982659095e-06
3400,4.05096809304509e-06
3401,4.06903728780099e-06
3402,4.087202345432337e-06
3403,4.105399367619559e-06
3404,4.123628410607232e-06
3405,4.141940068658779e-06
3406,4.160412291518433e-06
3407,4.178917019433749e-06
3408,4.1974543096003314e-06
3409,4.216024219314404e-06
3410,4.2347987609673695e-06
3411,4.253614549786483e-06
3412,4.272463448211253e-06
3413,4.291345514500992e-06
3414,4.310379434596703e-06
3415,4.32950968785375e-06
3416,4.348673604059513e-06
3417,4.367871242446924e-06
3418,4.387172112830542e-06
3419,4.406620284472627e-06
3420,4.426102678483859e-06
3421,4.4456193550814755e-06
3422,4.465194720032601e-06
3423,4.484964316599497e-06
3424,4.504768701125873e-06
3425,4.524607934824127e-06
3426,4.544482079014391e-06
3427,4.564559892067412e-06
3428,4.584689834822106e-06
3429,4.6048551996117276e-06
3430,4.6250560487643395e-06
3431,4.645445547604497e-06
3432,4.665933265261814e-06
3433,4.6864570345072784e-06
3434,4.707016918776666e-06
3435,4.727612981617363e-06
3436,4.748440173544123e-06
3437,4.769325978478348e-06
3438,4.790248535486672e-06
3439,4.811207909237387e-06
3440,4.832231824920118e-06
3441,4.853483324552707e-06
3442,4.874772219747691e-06
3443,4.896098576305575e-06
3444,4.917462460142666e-06
3445,4.938950488089813e-06
3446,4.960609415220594e-06
3447,4.98230645483403e-06
3448,5.004041673992073e-06
3449,5.025815139874636e-06
3450,5.047781688863009e-06
3451,5.069853140662576e-06
3452,5.091963430833628e-06
3453,5.11411262771529e-06
3454,5.13631073156744e-06
3455,5.158760354109485e-06
3456,5.18124948046314e-06
3457,5.203778180138372e-06
3458,5.22634652276745e-06
3459,5.249049940763239e-06
3460,5.271921698494645e-06
3461,5.294833702836291e-06
3462,5.3177860246050935e-06
3463,5.340778734742596e-06
3464,5.364002087291996e-06
3465,5.387301228801899e-06
3466,5.410641368955604e-06
3467,5.43402257989326e-06
3468,5.457512777032585e-06
3469,5.481202919393404e-06
3470,5.504934748412862e-06
3471,5.528708337441665e-06
3472,5.5525237599595385e-06
3473,5.5765610655265155e-06
3474,5.600688485682402e-06
3475,5.624858361939099e-06
3476,5.649070769001101e-06
3477,5.673398088989226e-06
3478,5.697925034897679e-06
3479,5.722495139921388e-06
3480,5.7471084800017956e-06
3481,5.771765131213944e-06
3482,5.796666983054739e-06
3483,5.821641291345207e-06
3484,5.8466595459368984e-06
3485,5.871721824156289e-06
3486,5.896937051561083e-06
3487,5.9223195711387304e-06
3488,5.94774675531424e-06
3489,5.973218682677928e-06
3490,5.9987580978947844e-06
3491,6.024552870862881e-06
3492,6.050393033837562e-06
3493,6.07627866668547e-06
3494,6.102209849413814e-06
3495,6.128364220479379e-06
3496,6.154621446176687e-06
3497,6.180924875617951e-06
3498,6.207274590101575e-06
3499,6.2337767902219135e-06
3500,6.26045519784128e-06
3501,6.287180550323003e-06
3502,6.313952930269468e-06
3503,6.340813892567392e-06
3504,6.367917637154689e-06
3505,6.395069075033512e-06
3506,6.422268290123079e-06
3507,6.4495153664902795e-06
3508,6.477032257325141e-06
3509,6.5046139794416205e-06
3510,6.532244235902665e-06
3511,6.559923112107315e-06
3512,6.587832974417393e-06
3513,6.615863546810321e-06
3514,6.64394344335074e-06
3515,6.672072750827316e-06
3516,6.700324553259407e-06
3517,6.7288083595264295e-06
3518,6.757342287456736e-06
3519,6.785926425242201e-06
3520,6.814560861229894e-06
3521,6.8434736780667405e-06
3522,6.872466066482746e-06
3523,6.901509471465818e-06
3524,6.9306039827824065e-06
3525,6.959884913521167e-06
3526,6.98934022982674e-06
3527,7.018847377271581e-06
3528,7.048406447055362e-06
3529,7.078067629704197e-06
3530,7.107990380162028e-06
3531,7.137965784259996e-06
3532,7.1679939346449275e-06
3533,7.1980749241266025e-06
3534,7.228442275698758e-06
3535,7.258890490127078e-06
3536,7.289392282802444e-06
3537,7.319947747998453e-06
3538,7.3507467612039625e-06
3539,7.381712078180519e-06
3540,7.412731883302235e-06
3541,7.443806272443635e-06
3542,7.4749353416479095e-06
3543,7.506348514001538e-06
3544,7.537891341759708e-06
3545,7.56948967385188e-06
3546,7.601143607940503e-06
3547,7.632853241859886e-06
3548,7.664900667061834e-06
3549,7.697028006281574e-06
3550,7.729211878341625e-06
3551,7.76145238271403e-06
3552,7.7937900298084e-06
3553,7.826451486111608e-06
3554,7.85917041508974e-06
3555,7.891946917868436e-06
3556,7.92478109575126e-06
3557,7.957790494749622e-06
3558,7.991049646147411e-06
3559,8.024367321922466e-06
3560,8.057743625050864e-06
3561,8.091178658689821e-06
3562,8.12488016808872e-06
3563,8.15874423880353e-06
3564,8.192667898308676e-06
3565,8.226651251452972e-06
3566,8.26069440326976e-06
3567,8.295108484796583e-06
3568,8.329584779965448e-06
3569,8.364121741190776e-06
3570,8.39871947521675e-06
3571,8.433491051702678e-06
3572,8.468525310693603e-06
3573,8.503621217532903e-06
3574,8.53877888069217e-06
3575,8.573998408833868e-06
3576,8.6095295764945e-06
3577,8.645201474817122e-06
3578,8.68093614297265e-06
3579,8.716733691406765e-06
3580,8.752605140325485e-06
3581,8.788859220378807e-06
3582,8.825177094669529e-06
3583,8.861558875445682e-06
3584,8.898004675152787e-06
3585,8.93462586107525e-06
3586,8.971533240273976e-06
3587,9.008505563247468e-06
3588,9.045542944266331e-06
3589,9.08264549780215e-06
3590,9.120048165373353e-06
3591,9.157635351636942e-06
3592,9.195288677855553e-06
3593,9.23300826040432e-06
3594,9.270794215863146e-06
3595,9.30892244015525e-06
3596,9.347197628053706e-06
3597,9.385540166505208e-06
3598,9.423950174014867e-06
3599,9.462427769296263e-06
3600,9.501305195051263e-06
3601,9.540276674187304e-06
3602,9.579316729059435e-06
3603,9.618425480328406e-06
3604,9.657646974961905e-06
3605,9.69725343820763e-06
3606,9.73692959450041e-06
3607,9.776675566466825e-06
3608,9.81649147694912e-06
3609,9.856506314402895e-06
3610,9.896824685711698e-06
3611,9.937214002727385e-06
3612,9.977674390280407e-06
3613,1.0018205973420855e-05
3614,1.0059038124469359e-05
3615,1.0100076971326519e-05
3616,1.0141188031624167e-05
3617,1.0182371432423232e-05
3618,1.0223627301008166e-05
3619,1.0265300866317682e-05
3620,1.0307068856377019e-05
3621,1.0348910342860512e-05
3622,1.0390825455086415e-05
3623,1.0432922298324796e-05
3624,1.0475353537296427e-05
3625,1.0517859439733034e-05
3626,1.0560440137006162e-05
3627,1.060309576071844e-05
3628,1.0646078969315014e-05
3629,1.0689255681001298e-05
3630,1.0732508367866724e-05
3631,1.077583716359062e-05
3632,1.0819282274432424e-05
3633,1.0863136252471209e-05
3634,1.0907067397392504e-05
3635,1.0951075844972303e-05
3636,1.0995161731225508e-05
3637,1.1039538572747804e-05
3638,1.1084154708880544e-05
3639,1.1128849352966374e-05
3640,1.1173622643140756e-05
3641,1.1218500298249245e-05
3642,1.1263808024208412e-05
3643,1.1309195475024926e-05
3644,1.1354662790975276e-05
3645,1.1400210112582795e-05
3646,1.144606530889433e-05
3647,1.1492152243004058e-05
3648,1.1538320273039694e-05
3649,1.158456954169003e-05
3650,1.1630964777202678e-05
3651,1.1677757938264021e-05
3652,1.1724633437908205e-05
3653,1.177159142101032e-05
3654,1.1818632032700276e-05
3655,1.1866051096807928e-05
3656,1.191364088955234e-05
3657,1.1961314422603182e-05
3658,1.2009071843301646e-05
3659,1.205707453149227e-05
3660,1.2105395355427522e-05
3661,1.2153801205968924e-05
3662,1.220229223272081e-05
3663,1.2250868585550628e-05
3664,1.2299914445219854e-05
3665,1.2349059507403669e-05
3666,1.2398291046490315e-05
3667,1.2447609214635664e-05
3668,1.2497238658176432e-05
3669,1.2547129899264067e-05
3670,1.2597108930205018e-05
3671,1.2647175905465125e-05
3672,1.2697408730988224e-05
3673,1.2748053192000852e-05
3674,1.2798786768205129e-05
3675,1.2849609616398747e-05
3676,1.290052189365519e-05
3677,1.2951870441016107e-05
3678,1.3003365690450792e-05
3679,1.3054951552085776e-05
3680,1.3106628185352468e-05
3681,1.3158622953490377e-05
3682,1.3210887079354748e-05
3683,1.3263243170303565e-05
3684,1.3315691388148448e-05
3685,1.336835229516204e-05
3686,1.3421392576563099e-05
3687,1.3474526188739443e-05
3688,1.3527753295905427e-05
3689,1.3581100297049323e-05
3690,1.363492408967745e-05
3691,1.3688842591713134e-05
3692,1.3742855969796241e-05
3693,1.3796964390859793e-05
3694,1.3851523798915808e-05
3695,1.3906234636837131e-05
3696,1.3961041744963991e-05
3697,1.401594529268223e-05
3698,1.4071234163709568e-05
3699,1.4126744861613512e-05
3700,1.4182353237118793e-05
3701,1.4238059462087337e-05
3702,1.4294097929236423e-05
3703,1.4350416089966759e-05
3704,1.4406833349070391e-05
3705,1.4463349880908915e-05
3706,1.4520158132888365e-05
3707,1.4577291438711829e-05
3708,1.4634525277196443e-05
3709,1.4691859825227294e-05
3710,1.4749458110674824e-05
3711,1.4807414323957873e-05
3712,1.4865472517846784e-05
3713,1.4923632871774048e-05
3714,1.4982041503561376e-05
3715,1.5040828467447626e-05
3716,1.5099718873683333e-05
3717,1.515871290427272e-05
3718,1.521795226374415e-05
3719,1.5277577902832792e-05
3720,1.5337308459956697e-05
3721,1.53971441197163e-05
3722,1.5457234660860772e-05
3723,1.5517706981886303e-05
3724,1.5578285710719578e-05
3725,1.5638971034582012e-05
3726,1.5699933288138544e-05
3727,1.5761260380651963e-05
3728,1.5822695384978e-05
3729,1.5884238490984034e-05
3730,1.594609306848066e-05
3731,1.6008283105532517e-05
3732,1.6070582572781073e-05
3733,1.6132991662765038e-05
3734,1.619580473457588e-05
3735,1.6258945025183873e-05
3736,1.6322196418000185e-05
3737,1.638555910850512e-05
3738,1.6449033725690126e-05
3739,1.6513133637331875e-05
3740,1.6577346339674232e-05
3741,1.664167203116814e-05
3742,1.6706110910613676e-05
3743,1.677090185156656e-05
3744,1.683608535422208e-05
3745,1.6901383554189687e-05
3746,1.696679665327464e-05
3747,1.70323248536373e-05
3748,1.709846686334399e-05
3749,1.7164747187572865e-05
3750,1.7231144139002337e-05
3751,1.729765792283303e-05
3752,1.7364544661973406e-05
3753,1.743181683603356e-05
3754,1.7499207382488186e-05
3755,1.7566716509608255e-05
3756,1.7634372946408233e-05
3757,1.7702646807262194e-05
3758,1.7771040803011103e-05
3759,1.7839555145026682e-05
3760,1.7908190045052437e-05
3761,1.7977291820297593e-05
3762,1.804669923292003e-05
3763,1.8116228774946704e-05
3764,1.8185880661258212e-05
3765,1.8255807014010187e-05
3766,1.8326237926222598e-05
3767,1.8396792768715713e-05
3768,1.8467471759538428e-05
3769,1.853827511712316e-05
3770,1.860971256729628e-05
3771,1.8681302927991623e-05
3772,1.875301925903769e-05
3773,1.88248617820724e-05
3774,1.8897179279743885e-05
3775,1.8969815495717857e-05
3776,1.904257952225002e-05
3777,1.911547158421575e-05
3778,1.918869463542203e-05
3779,1.926238716528343e-05
3780,1.9336209364310555e-05
3781,1.9410161460648717e-05
3782,1.9484315663677853e-05
3783,1.9559075089905438e-05
3784,1.9633966062524322e-05
3785,1.9708988812982383e-05
3786,1.9784143573134558e-05
3787,1.985993689227723e-05
3788,1.993590736617522e-05
3789,2.0012011517313983e-05
3790,2.008824958089002e-05
3791,2.016503067453135e-05
3792,2.024209150666874e-05
3793,2.0319287934549314e-05
3794,2.0396620196744763e-05
3795,2.0474415028576103e-05
3796,2.0552577208066807e-05
3797,2.0630876921136428e-05
3798,2.0709314409765842e-05
3799,2.0788149046869364e-05
3800,2.0867423698082657e-05
3801,2.094683784028176e-05
3802,2.1026391718891233e-05
3803,2.1106292333706136e-05
3804,2.1186690719612308e-05
3805,2.1267230573726322e-05
3806,2.1347912144951155e-05
3807,2.1428905017100817e-05
3808,2.1510438542889187e-05
3809,2.1592115534172625e-05
3810,2.167393624336788e-05
3811,2.1756047761363393e-05
3812,2.1838727978361234e-05
3813,2.192155367846368e-05
3814,2.200452511763692e-05
3815,2.208778178047448e-05
3816,2.2171620390401054e-05
3817,2.2255606521628595e-05
3818,2.2339740433709013e-05
3819,2.2424168852383194e-05
3820,2.250917771197546e-05
3821,2.259433615192461e-05
3822,2.2679644435404943e-05
3823,2.2765271334364028e-05
3824,2.2851462460415935e-05
3825,2.2937805247021753e-05
3826,2.3024299961015338e-05
3827,2.3111152179589035e-05
3828,2.319853775445023e-05
3829,2.3286077091494677e-05
3830,2.3373770461253527e-05
3831,2.346190213096628e-05
3832,2.3550556954034267e-05
3833,2.3639367772526898e-05
3834,2.3728334860904275e-05
3835,2.3817546100467163e-05
3836,2.3907482938381028e-05
3837,2.3997578027421098e-05
3838,2.4087831646015784e-05
3839,2.4178244073083116e-05
3840,2.4269385736627706e-05
3841,2.4360778023553562e-05
3842,2.4452331122446708e-05
3843,2.4544045316240487e-05
3844,2.4636335961251873e-05
3845,2.4729038512500697e-05
3846,2.482190418111693e-05
3847,2.4914933254089648e-05
3848,2.5008441648564334e-05
3849,2.510255608712131e-05
3850,2.5196836127255226e-05
3851,2.5291282060325504e-05
3852,2.5385894178203996e-05
3853,2.5481198474039994e-05
3854,2.5576907228843428e-05
3855,2.5672784390396573e-05
3856,2.576883025499373e-05
3857,2.5865046106363567e-05
3858,2.5962243620498056e-05
3859,2.6059612160844225e-05
3860,2.6157152028304622e-05
3861,2.625486352431121e-05
3862,2.6352809250101606e-05
3863,2.6451684417749303e-05
3864,2.6550733563407655e-05
3865,2.6649956993172176e-05
3866,2.6749355013676664e-05
3867,2.6849087170138915e-05
3868,2.694966103818314e-05
3869,2.7050411873063887e-05
3870,2.7151339986134486e-05
3871,2.7252445689295917e-05
3872,2.7354021294182576e-05
3873,2.7456315175421527e-05
3874,2.7558789049817258e-05
3875,2.7661443234046977e-05
3876,2.776427804534506e-05
3877,2.7867754589694165e-05
3878,2.79717900651872e-05
3879,2.8076008598123556e-05
3880,2.818041051057125e-05
3881,2.828499612516468e-05
3882,2.839043158478733e-05
3883,2.8496230506271825e-05
3884,2.8602215587928763e-05
3885,2.8708387157284256e-05
3886,2.881480286611941e-05
3887,2.892219838912302e-05
3888,2.9029782881482697e-05
3889,2.9137556675666567e-05
3890,2.9245520104727487e-05
3891,2.9354002395790825e-05
3892,2.946320271473676e-05
3893,2.9572595178512036e-05
3894,2.9682180125170924e-05
3895,2.9791957893362452e-05
3896,2.9902566142967938e-05
3897,3.001359389677539e-05
3898,3.012481701071232e-05
3899,3.0236235828489396e-05
3900,3.0347970969040694e-05
3901,3.0460696444967658e-05
3902,3.0573620268117515e-05
3903,3.0686742787455774e-05
3904,3.080006435256165e-05
3905,3.0913881142606925e-05
3906,3.1028523194004086e-05
3907,3.114336696475793e-05
3908,3.1258412809766017e-05
3909,3.137366108455008e-05
3910,3.148962359800194e-05
3911,3.160620635736777e-05
3912,3.1722994250678253e-05
3913,3.183998763883763e-05
3914,3.19571868833852e-05
3915,3.207535974872013e-05
3916,3.2193907647318566e-05
3917,3.231266413742919e-05
3918,3.243162958603883e-05
3919,3.2550926721641386e-05
3920,3.267125277206391e-05
3921,3.279179054258572e-05
3922,3.291254040569719e-05
3923,3.3033502734543916e-05
3924,3.315513021030537e-05
3925,3.3277467630588034e-05
3926,3.340002030986666e-05
3927,3.352278862685709e-05
3928,3.364577296094126e-05
3929,3.3769797004132736e-05
3930,3.389417109350976e-05
3931,3.401876402528573e-05
3932,3.414357618448008e-05
3933,3.426888110445033e-05
3934,3.439509539119216e-05
3935,3.45215317580707e-05
3936,3.464819059580106e-05
3937,3.4775072295785804e-05
3938,3.49028966889684e-05
3939,3.5031195506040695e-05
3940,3.51597200708497e-05
3941,3.528847078056232e-05
3942,3.541767933602296e-05
3943,3.554785981428113e-05
3944,3.5678269350956706e-05
3945,3.5808908349040455e-05
3946,3.5939777212232116e-05
3947,3.6071630103573275e-05
3948,3.6203944054303195e-05
3949,3.6336490817148405e-05
3950,3.646927080170298e-05
3951,3.660261268161886e-05
3952,3.6736850687172765e-05
3953,3.6871324890100865e-05
3954,3.700603570595226e-05
3955,3.714098355100695e-05
3956,3.727709665500466e-05
3957,3.741351817347888e-05
3958,3.755017973105485e-05
3959,3.768708175003981e-05
3960,3.7824790273262814e-05
3961,3.796317918412737e-05
3962,3.8101811595590836e-05
3963,3.824068793604967e-05
3964,3.8380040778136905e-05
3965,3.852041736088263e-05
3966,3.866104094139954e-05
3967,3.880191195423604e-05
3968,3.89430308347045e-05
3969,3.908534307514395e-05
3970,3.922797834418001e-05
3971,3.9370864584956983e-05
3972,3.9514002239013453e-05
3973,3.9658067641304896e-05
3974,3.9802735323951234e-05
3975,3.9947657554218495e-05
3976,4.009283477993576e-05
3977,4.0238703327058055e-05
3978,4.0385424355385704e-05
3979,4.053240354403727e-05
3980,4.0679641347196794e-05
3981,4.082736336358487e-05
3982,4.097615887802849e-05
3983,4.1125216202688175e-05
3984,4.127453579816849e-05
3985,4.14241619556424e-05
3986,4.1575053306415516e-05
3987,4.1726210154855e-05
3988,4.187763296805198e-05
3989,4.202932221391908e-05
3990,4.218222304010833e-05
3991,4.233550101169472e-05
3992,4.2489048679971735e-05
3993,4.2642866519416966e-05
3994,4.27977844736516e-05
3995,4.2953205380826014e-05
3996,4.3108899754995364e-05
3997,4.326486807726944e-05
3998,4.3421855006469694e-05
3999,4.357944087626067e-05
4000,4.373730402209934e-05
4001,4.38954449317958e-05
4002,4.405455305272021e-05
4003,4.421432612828648e-05
4004,4.437438032808168e-05
4005,4.453471614668521e-05
4006,4.4695998051104196e-05
4007,4.485798079331602e-05
4008,4.502024854744953e-05
4009,4.51828018149227e-05
4010,4.534631047466663e-05
4011,4.551052556371785e-05
4012,4.567502959228077e-05
4013,4.583982306868191e-05
4014,4.600561184057596e-05
4015,4.61720821776352e-05
4016,4.63388454220817e-05
4017,4.650590208922164e-05
4018,4.667402471991864e-05
4019,4.684277342881722e-05
4020,4.701181905365592e-05
4021,4.718116211679214e-05
4022,4.7351672747511664e-05
4023,4.7522723176469646e-05
4024,4.769407457099253e-05
4025,4.786572746056112e-05
4026,4.8038680631745805e-05
4027,4.821205635513813e-05
4028,4.8385737135189705e-05
4029,4.85597579909458e-05
4030,4.873517416448047e-05
4031,4.891089898464729e-05
4032,4.908693299443831e-05
4033,4.9263495096450564e-05
4034,4.9441280231008195e-05
4035,4.9619378180106216e-05
4036,4.979778949406801e-05
4037,4.997694850324852e-05
4038,5.0157126820094785e-05
4039,5.033762216199682e-05
4040,5.051843508668432e-05
4041,5.070024708047294e-05
4042,5.088284303412621e-05
4043,5.1065760266368e-05
4044,5.124899934241004e-05
4045,5.143352081914662e-05
4046,5.161855909937216e-05
4047,5.1803922955150036e-05
4048,5.198972464565297e-05
4049,5.217690084253392e-05
4050,5.2364406376393e-05
4051,5.2552241826616655e-05
4052,5.274095114677948e-05
4053,5.2930865758238e-05
4054,5.312111452458599e-05
4055,5.331169803368462e-05
4056,5.35026168744291e-05
4057,5.3695165385872986e-05
4058,5.388818609722344e-05
4059,5.408154642821813e-05
4060,5.427524697633066e-05
4061,5.4469955579892595e-05
4062,5.466577722876501e-05
4063,5.4861943425175115e-05
4064,5.5058454775264566e-05
4065,5.525539352238229e-05
4066,5.545404538315633e-05
4067,5.5653046770856974e-05
4068,5.585239830038465e-05
4069,5.605210058772135e-05
4070,5.6253149366729344e-05
4071,5.64550155558779e-05
4072,5.6657236927087084e-05
4073,5.685981410520462e-05
4074,5.7063362439220196e-05
4075,5.7268454806609584e-05
4076,5.747390803211929e-05
4077,5.7679722750581254e-05
4078,5.7885899597943486e-05
4079,5.809255963190109e-05
4080,5.830127929999685e-05
4081,5.851036620793165e-05
4082,5.871982100176244e-05
4083,5.8929644328682156e-05
4084,5.913983683702238e-05
4085,5.935193729535289e-05
4086,5.9564705089253735e-05
4087,5.9777847245027e-05
4088,5.999136442125691e-05
4089,6.020525727768562e-05
4090,6.0420746604615114e-05
4091,6.0637243050501806e-05
4092,6.085412041825949e-05
4093,6.107137937801076e-05
4094,6.128902060105685e-05
4095,6.150802843968913e-05
4096,6.172830187120618e-05
4097,6.19489628696124e-05
4098,6.217001211671855e-05
4099,6.239145029553478e-05
4100,6.261410744904838e-05
4101,6.283820677273695e-05
4102,6.306270039436016e-05
4103,6.32875890075685e-05
4104,6.351287330723206e-05
4105,6.373931175444352e-05
4106,6.396728645513256e-05
4107,6.419566227184619e-05
4108,6.442443991022708e-05
4109,6.465362007715896e-05
4110,6.488397298774369e-05
4111,6.511587313404902e-05
4112,6.534818130253924e-05
4113,6.558089821100443e-05
4114,6.581402457849683e-05
4115,6.604842632791378e-05
4116,6.628430257784291e-05
4117,6.652059384522424e-05
4118,6.675730086015206e-05
4119,6.69944243540042e-05
4120,6.723301053816513e-05
4121,6.747291414482385e-05
4122,6.771323985435581e-05
4123,6.795398840931745e-05
4124,6.819516055357114e-05
4125,6.843806800329165e-05
4126,6.868205082068931e-05
4127,6.892646291759087e-05
4128,6.917130504917572e-05
4129,6.941657797195114e-05
4130,6.96639447672177e-05
4131,6.991205925617031e-05
4132,7.016061029353437e-05
4133,7.040959864727464e-05
4134,7.06591344677886e-05
4135,7.091099057078653e-05
4136,7.116328980491525e-05
4137,7.141603294971776e-05
4138,7.166922078610764e-05
4139,7.192347179271892e-05
4140,7.217955888980096e-05
4141,7.243609656162641e-05
4142,7.26930856008302e-05
4143,7.295052680144131e-05
4144,7.320963465994738e-05
4145,7.347000697334658e-05
4146,7.373083740047545e-05
4147,7.399212674722897e-05
4148,7.425387582091917e-05
4149,7.451798350020274e-05
4150,7.478269588241089e-05
4151,7.504787401381709e-05
4152,7.531351871374613e-05
4153,7.558024729936606e-05
4154,7.584888258869277e-05
4155,7.611799052882386e-05
4156,7.638757195122313e-05
4157,7.665762768881617e-05
4158,7.692962092290066e-05
4159,7.720270008428885e-05
4160,7.747625971453312e-05
4161,7.775030065884752e-05
4162,7.80251361669068e-05
4163,7.830222835349595e-05
4164,7.857980806905985e-05
4165,7.885787617123014e-05
4166,7.913643351914671e-05
4167,7.941680290775015e-05
4168,7.969844498121464e-05
4169,7.998058258817649e-05
4170,8.026321660034572e-05
4171,8.05466532331266e-05
4172,8.083240033523628e-05
4173,8.111865019278905e-05
4174,8.140540369019711e-05
4175,8.169266171342839e-05
4176,8.198190594998186e-05
4177,8.227231120590011e-05
4178,8.256322741221504e-05
4179,8.285465546775249e-05
4180,8.314719559572329e-05
4181,8.344179980291635e-05
4182,8.37369223476533e-05
4183,8.403256414175245e-05
4184,8.432872609863534e-05
4185,8.462735213068475e-05
4186,8.492672505242074e-05
4187,8.522662470111819e-05
4188,8.552705200335038e-05
4189,8.582920632439508e-05
4190,8.613287407402772e-05
4191,8.643707610640583e-05
4192,8.674181336139165e-05
4193,8.704760252452265e-05
4194,8.735560996857998e-05
4195,8.766415933008196e-05
4196,8.797325156231871e-05
4197,8.828288762025649e-05
4198,8.859517531783397e-05
4199,8.890811737362274e-05
4200,8.922161002806524e-05
4201,8.95356542497195e-05
4202,8.985181474631817e-05
4203,9.01691952846824e-05
4204,9.048713423015503e-05
4205,9.080563256502774e-05
4206,9.112577493853721e-05
4207,9.144764017434265e-05
4208,9.177007170699705e-05
4209,9.20930705326685e-05
4210,9.241730465626478e-05
4211,9.274370123445057e-05
4212,9.307067208126793e-05
4213,9.339821820690513e-05
4214,9.372665475593437e-05
4215,9.405762975505539e-05
4216,9.438918707739471e-05
4217,9.47213277473066e-05
4218,9.505407820614053e-05
4219,9.538967914195443e-05
4220,9.57258705391462e-05
4221,9.606265343638308e-05
4222,9.640002887415805e-05
4223,9.674010493435195e-05
4224,9.708097844733484e-05
4225,9.742245169733136e-05
4226,9.776452573932114e-05
4227,9.810916482263996e-05
4228,9.845476893764483e-05
4229,9.880098111191072e-05
4230,9.91478024150541e-05
4231,9.949711866631328e-05
4232,9.984750231858977e-05
4233,0.0001001985024384433
4234,0.00010055012011027796
4235,0.0001009042285120175
4236,0.00010125944108960833
4237,0.00010161527862995638
4238,0.00010197174223240621
4239,0.00010233075861174581
4240,0.00010269084995930271
4241,0.00010305157485246416
4242,0.00010341293440566922
4243,0.00010377697544117995
4244,0.00010414199586382796
4245,0.00010450765850340437
4246,0.00010487396448959835
4247,0.00010524369916406612
4248,0.00010561429321597665
4249,0.00010598553929013562
4250,0.00010635743853347684
4251,0.00010673020232539774
4252,0.00010710642914633347
4253,0.00010748331789885344
4254,0.00010786086974731907
4255,0.00010823908585813972
4256,0.00010861872835503504
4257,0.00010900131958463341
4258,0.00010938458394211555
4259,0.00010976852261153334
4260,0.00011015313677902077
4261,0.0001105398722935952
4262,0.00011092890962465618
4263,0.00011131863142357823
4264,0.00011170903889435656
4265,0.00011210013324310297
4266,0.00011249417802054236
4267,0.00011288974408638061
4268,0.00011328600610538928
4269,0.00011368296530176159
4270,0.00011408072309727863
4271,0.00011448219513888443
4272,0.0001148843735235068
4273,0.00011528725949361129
4274,0.00011569085429384878
4275,0.00011609632189015093
4276,0.00011650447903524232
4277,0.00011691335428367272
4278,0.00011732294889858953
4279,0.00011773326414536137
4280,0.00011814682189028793
4281,0.00011856196212763064
4282,0.0001189778327528531
4283,0.00011939443505070666
4284,0.00011981177030820146
4285,0.00012023274457745228
4286,0.00012065495778212211
4287,0.00012107791381727809
4288,0.00012150161398955294
4289,0.00012192606711314494
4290,0.00012235469008656092
4291,0.00012278406716648686
4292,0.00012321419967938646
4293,0.0001236450889540551
4294,0.0001240773987810087
4295,0.00012451326483970903
4296,0.00012494989774671555
4297,0.0001253872988508988
4298,0.00012582546950350122
4299,0.00012626587962378188
4300,0.0001267090816113892
4301,0.00012715306335238174
4302,0.00012759782621832484
4303,0.0001280433715831949
4304,0.00012849212776978966
4305,0.0001289427595944606
4306,0.00012939418424275082
4307,0.00012984640310921002
4308,0.0001302994175908406
4309,0.00013075676782099173
4310,0.00013121492446686875
4311,0.00013167388717364513
4312,0.0001321336573591491
4313,0.00013259547140980776
4314,0.0001330604309203526
4315,0.00013352620845916046
4316,0.0001339928054651052
4317,0.00013446022337959023
4318,0.00013493109079878285
4319,0.00013540375482001238
4320,0.00013587725042279837
4321,0.00013635157906984852
4322,0.00013682729449015742
4323,0.00013730691730864077
4324,0.00013778738395027888
4325,0.000138268695899307
4326,0.00013875085464256937
4327,0.00013923609020245945
4328,0.00013972360099641918
4329,0.00014021196948947658
4330,0.00014070119719026812
4331,0.00014119167103085595
4332,0.00014168629976799536
4333,0.0001421817987257133
4334,0.00014267816943466582
4335,0.00014317541342819903
4336,0.0001436758817570014
4337,0.0001441785857846085
4338,0.00014468217423815467
4339,0.00014518664867327476
4340,0.0001456927517682036
4341,0.00014620273616162388
4342,0.000146713617788106
4343,0.00014722539822580638
4344,0.00014773807905565578
4345,0.00014825465869898526
4346,0.00014877290962484946
4347,0.00014929207232545412
4348,0.0001498121484045263
4349,0.00015033499949514004
4350,0.0001508612415635417
4351,0.0001513884094641774
4352,0.00015191650482549446
4353,0.00015244552927880407
4354,0.00015297755425095218
4355,0.00015351281212689234
4356,0.00015404901169481592
4357,0.00015458615461105965
4358,0.00015512424253487158
4359,0.0001556657482897175
4360,0.00015621013777324336
4361,0.0001567554850121463
4362,0.00015730179169100883
4363,0.0001578490594973753
4364,0.00015840035563842575
4365,0.00015895399385238037
4366,0.00015950860609107345
4367,0.00016006419406769607
4368,0.00016062075949845202
4369,0.00016118215835739388
4370,0.00016174516376149281
4371,0.00016230915966800936
4372,0.0001628741478191103
4373,0.00016344045964010698
4374,0.00016401194662277443
4375,0.00016458443902782972
4376,0.0001651579386236753
4377,0.00016573244718182196
4378,0.0001663094405217575
4379,0.00016689051880987483
4380,0.00016747261939217766
4381,0.0001680557440667348
4382,0.00016863989463477633
4383,0.0001692278896426052
4384,0.00016981868157733365
4385,0.00017041051289318372
4386,0.00017100338541826978
4387,0.0001715973009839206
4388,0.00017219662063738133
4389,0.00017279724995213248
4390,0.0001733989359525278
4391,0.00017400168049710977
4392,0.0001746069360691542
4393,0.00017521645558022107
4394,0.0001758270474154726
4395,0.00017643871346095043
4396,0.00017705145560601056
4397,0.00017766863419314464
4398,0.00017828822507124257
4399,0.0001789089059895143
4400,0.00017953067886515152
4401,0.00018015433613110057
4402,0.0001807832837878762
4403,0.00018141333794406098
4404,0.00018204450054578813
4405,0.0001826767735426117
4406,0.000183312092054573
4407,0.0001839516183403733
4408,0.00018459226973379514
4409,0.0001852340482136908
4410,0.00018587695576239218
4411,0.0001865242880062944
4412,0.00018717452820760913
4413,0.00018782591236265371
4414,0.00018847844248341854
4415,0.00018913212058542986
4416,0.00018979182211026414
4417,0.00019045291309726284
4418,0.00019111516712477935
4419,0.00019177858623836328
4420,0.00019244470198471382
4421,0.00019311560193825117
4422,0.00019378768218670551
4423,0.0001944609448059657
4424,0.00019513539187556936
4425,0.00019581453485583344
4426,0.0001964965446326071
4427,0.0001971797542465874
4428,0.00019786416580802325
4429,0.00019855027230690925
4430,0.00019924231592697905
4431,0.0001999355770340894
4432,0.00020063005776952322
4433,0.0002013257602783282
4434,0.0002020255620741807
4435,0.0002027289801973804
4436,0.00020343363581532797
4437,0.00020413953110448466
4438,0.00020484685365820628
4439,0.0002055605353610327
4440,0.00020627547261241582
4441,0.0002069916676205603
4442,0.0002077091225975529
4443,0.00020843081878713053
4444,0.0002091561454822563
4445,0.00020988274820927152
4446,0.00021061062921239534
4447,0.0002113404114185257
4448,0.00021207623644508758
4449,0.000212813355970136
4450,0.0002135517722703587
4451,0.0002142914876264463
4452,0.00021503633226591955
4453,0.0002157840787666006
4454,0.00021653314073525777
4455,0.00021728352048544817
4456,0.00021803702450250842
4457,0.0002187955092752554
4458,0.00021955532840448272
4459,0.00022031648423695725
4460,0.00022107897912357027
4461,0.00022184824503744
4462,0.00022261893396198287
4463,0.00022339097870954135
4464,0.00022416438166462268
4465,0.00022494288851358438
4466,0.0002257245610341201
4467,0.0002265076086975423
4468,0.00022729203392232646
4469,0.0002280800471406686
4470,0.0002288728182488075
4471,0.00022966698402189888
4472,0.00023046254691274235
4473,0.0002312603333932687
4474,0.0002320643192984037
4475,0.00023286971959489354
4476,0.00023367653677022022
4477,0.000234484773316237
4478,0.00023529968300688638
4479,0.00023611643548938303
4480,0.0002369346248186907
4481,0.00023775425352176962
4482,0.0002385795334019209
4483,0.00023940775701314
4484,0.0002402374376482834
4485,0.00024106857786978562
4486,0.00024190449979250418
4487,0.00024274431478902146
4488,0.00024358560719802417
4489,0.00024442837961779394
4490,0.0002452752168529813
4491,0.0002461267448417781
4492,0.0002469797708454433
4493,0.0002478342974984793
4494,0.0002486923247143066
4495,0.0002495556886924182
4496,0.0002504205715040449
4497,0.0002512869758202907
4498,0.0002521564690635744
4499,0.0002530317934611839
4500,0.0002539086577297383
4501,0.0002547870645773275
4502,0.00025566830125296416
4503,0.00025655571198032685
4504,0.0002574446838374492
4505,0.00025833521956979393
4506,0.0002592284784194041
4507,0.00026012810291802115
4508,0.00026102931002928694
4509,0.0002619321025364322
4510,0.00026283766361638437
4511,0.00026374963091492336
4512,0.0002646632025358645
4513,0.0002655783813006053
4514,0.00026649652595965177
4515,0.00026742096673513724
4516,0.00026834703377253967
4517,0.0002692747299318273
4518,0.00027020574078859445
4519,0.0002711427874334857
4520,0.00027208148251258547
4521,0.00027302182892484096
4522,0.0002739659898454801
4523,0.00027491577654131365
4524,0.0002758672340795677
4525,0.00027682036539858373
4526,0.00027777796147492116
4527,0.0002787406242732815
4528,0.0002797049805614825
4529,0.0002806710333176798
4530,0.00028164235084625187
4531,0.0002826180277579565
4532,0.00028359542104957393
4533,0.0002845745337394995
4534,0.0002855598602019057
4535,0.00028654869129536
4536,0.0002875392619050667
4537,0.0002885315750900944
4538,0.00028953119913512835
4539,0.0002905333266449793
4540,0.0002915372170574981
4541,0.00029254329986053894
4542,0.00029355708490093097
4543,0.0002945726533482743
4544,0.0002955900083387964
4545,0.00029661089370285927
4546,0.0002976382427645673
4547,0.0002986673990901466
4548,0.00029969836585776345
4549,0.000300734344063546
4550,0.0003017754063923836
4551,0.0003028183001044135
4552,0.000303863028420201
4553,0.00030491439072167473
4554,0.0003059693182904541
4555,0.00030702610162893965
4556,0.000308084744000568
4557,0.0003091517826058973
4558,0.0003102207302970703
4559,0.00031129155841677517
4560,0.0003123660545375284
4561,0.000313447278326499
4562,0.0003145304041358685
4563,0.00031561543531037796
4564,0.00031670610870485196
4565,0.00031780164677279595
4566,0.00031889911203714777
4567,0.00031999850788690207
4568,0.00032110565079383226
4569,0.00032221566778386113
4570,0.00032332763743577424
4571,0.00032444277899193084
4572,0.0003255654684712799
4573,0.0003266901329013331
4574,0.00032781677575503175
4575,0.0003289488780172453
4576,0.00033008636163044043
4577,0.0003312258462140201
4578,0.00033236733528666516
4579,0.0003335178291093587
4580,0.00033467163658745645
4581,0.00033582747374642763
4582,0.0003369853441554198
4583,0.0003381492695721039
4584,0.0003393195701886601
4585,0.0003404919294941646
4586,0.00034166635110875906
4587,0.00034284410981889315
4588,0.00034403107452349064
4589,0.0003452201272256466
4590,0.00034641127159701915
4591,0.0003476045113157187
4592,0.0003488070690375101
4593,0.0003500129880938187
4594,0.0003512210284835318
4595,0.00035243119393690327
4596,0.0003536484806151092
4597,0.0003548714407205092
4598,0.000356096552130613
4599,0.00035732381862835775
4600,0.00035855624366643463
4601,0.00035979642128512827
4602,0.00036103878049004466
4603,0.00036228332511734914
4604,0.0003635313002190558
4605,0.00036478887361828763
4606,0.00036604865919864863
4607,0.00036731066085008215
4608,0.000368574882469365
4609,0.0003698497493009058
4610,0.00037112714167952284
4611,0.00037240678109507023
4612,0.00037368867149875537
4613,0.000374980007769508
4614,0.0003762751892496878
4615,0.0003775726490531307
4616,0.0003788723911860401
4617,0.0003801806164284659
4618,0.00038149377123488634
4619,0.0003828092359747574
4620,0.0003841270147098411
4621,0.00038545255077005353
4622,0.00038678386509245646
4623,0.0003881175212857992
4624,0.00038945352346798163
4625,0.00039079679450325735
4626,0.0003921464565432206
4627,0.00039349849272245246
4628,0.0003948529072155678
4629,0.0003962143396924361
4630,0.00039758253971353976
4631,0.00039895314647670155
4632,0.0004003261642138391
4633,0.00040170618690704664
4634,0.00040309311728876435
4635,0.0004044824873535039
4636,0.00040587430139108247
4637,0.000407273343837331
4638,0.0004086791961768729
4639,0.00041008752147719905
4640,0.0004114983240866148
4641,0.00041291682688508584
4642,0.0004143417927336011
4643,0.00041576926515737053
4644,0.00041719924856378066
4645,0.000418637661477042
4646,0.0004200819341142468
4647,0.00042152874728092107
4648,0.00042297810544412957
4649,0.0004244368812241442
4650,0.00042590065567371416
4651,0.0004273670049497776
4652,0.00042883593357967735
4653,0.0004303155279910879
4654,0.00043179900103624305
4655,0.0004332850835508122
4656,0.0004347739215872526
4657,0.00043627465196676747
4658,0.00043777802216605685
4659,0.00043928403682669547
4660,0.00044079451913419846
4661,0.0004423153117356371
4662,0.0004438387794389383
4663,0.0004453649269476839
4664,0.0004468975177240105
4665,0.0004484385743500882
4666,0.0004499823417148247
4667,0.00045152882458443435
4668,0.00045308399112961806
4669,0.00045464551540384243
4670,0.0004562097864114311
4671,0.00045777680898185857
4672,0.0004593576296078539
4673,0.00046094281317322016
4674,0.00046253078508049254
4675,0.0004641215502322745
4676,0.00046571516720179625
4677,0.00046732425468705484
4678,0.0004689361725527544
4679,0.00047055092577538254
4680,0.0004721685193401697
4681,0.0004737911986972935
4682,0.0004754273098125157
4683,0.00047706629883175107
4684,0.00047870817081501057
4685,0.00048035293083118847
4686,0.00048200556816177867
4687,0.0004836690429609251
4688,0.0004853354437853518
4689,0.00048700477577963446
4690,0.0004886770440973865
4691,0.0004903605421462367
4692,0.0004920517245177197
4693,0.0004937458816401709
4694,0.0004954430187437958
4695,0.0004971431410679881
4696,0.0004988584098102972
4697,0.0005005776475203304
4698,0.0005022999093182494
4699,0.0005040252005209659
4700,0.0005057569070800878
4701,0.0005075014831690555
4702,0.0005092491279057274
4703,0.0005109998466853225
4704,0.0005127536449125361
4705,0.0005145188090654258
4706,0.0005162920973444219
4707,0.0005180685047625105
4708,0.0005198480368036382
4709,0.0005216310565085256
4710,0.0005234302513161323
4711,0.000525232610821221
4712,0.0005270381405878038
4713,0.0005288468461896653
4714,0.0005306650344379161
4715,0.0005324936118895541
4716,0.0005343254057084089
4717,0.0005361604215492894
4718,0.0005379986650769383
4719,0.0005398529660486253
4720,0.000541711292686595
4721,0.0005435728880057084
4722,0.0005454377577527061
4723,0.0005473121425276534
4724,0.000549197273216961
4725,0.0005510857197232327
4726,0.0005529774878760388
4727,0.0005548726218007204
4728,0.0005567848302649494
4729,0.0005587004021630338
4730,0.0005606193434082235
4731,0.0005625416599241498
4732,0.0005644754581660026
4733,0.0005664184321830028
4734,0.0005683648237340227
4735,0.0005703146388273719
4736,0.0005722706627267024
4737,0.0005742413181395916
4738,0.0005762154397642391
4739,0.0005781930336944928
4740,0.0005801741060349051
4741,0.0005821705799918489
4742,0.0005841727140405303
4743,0.0005861783696543124
4744,0.0005881875530243054
4745,0.00059020784566589
4746,0.000592238459524291
4747,0.0005942726450289548
4748,0.0005963104084589952
4749,0.0005983544481501211
4750,0.0006004138308374399
4751,0.000602476835760108
4752,0.0006045434692861373
4753,0.0006066137377947191
4754,0.0006087004023408029
4755,0.000610792518827972
4756,0.0006128883151098985
4757,0.0006149877976557266
4758,0.0006170997604627858
4759,0.0006192212833058883
4760,0.0006213465376532071
4761,0.0006234755300647449
4762,0.0006256135038041099
4763,0.0006277647304656673
4764,0.0006299197408636422
4765,0.0006320785416498171
4766,0.0006342432432444373
4767,0.0006364244738847756
4768,0.0006386095410212182
4769,0.0006407984513982495
4770,0.0006429912117721986
4771,0.0006452021395556061
4772,0.0006474175668482957
4773,0.0006496368907671603
4774,0.0006518601181623297
4775,0.0006540993659969322
4776,0.0006563454596217106
4777,0.0006585955037962906
4778,0.0006608495054655506
4779,0.0006631178043678026
4780,0.0006653948732874152
4781,0.0006676759472233865
4782,0.0006699610332162908
4783,0.0006722591185840595
4784,0.0006745674745777752
4785,0.0006768798906022798
4786,0.0006791963737948103
4787,0.0006815249854377583
4788,0.0006838649431318343
4789,0.0006862090164239976
4790,0.000688557212549119
4791,0.0006909170947197
4792,0.0006932889716187641
4793,0.0006956650202411398
4794,0.0006980452479203036
4795,0.0007004371493454844
4796,0.0007028412658648956
4797,0.000705249610795868
4798,0.0007076621915714801
4799,0.0007100868654853215
4800,0.000712523544984593
4801,0.0007149645101518763
4802,0.0007174097685208387
4803,0.0007198679726980868
4804,0.000722337541515444
4805,0.0007248114538306879
4806,0.000727289717279083
4807,0.0007297822140699476
4808,0.0007322850015581505
4809,0.0007347921909528234
4810,0.0007373037899918492
4811,0.0007398313463581772
4812,0.0007423676849216399
4813,0.0007449084843842293
4814,0.0007474537525874672
4815,0.0007500171401405405
4816,0.0007525873652739515
4817,0.0007551621108886344
4818,0.0007577415022631434
4819,0.0007603413799710183
4820,0.0007629458302994921
4821,0.0007655548612863713
4822,0.0007681714805131335
4823,0.0007708058645424091
4824,0.0007734448818633852
4825,0.0007760885406204479
4826,0.0007787431720976432
4827,0.000781412406856677
4828,0.0007840863361836458
4829,0.0007867649683305813
4830,0.0007894584012505718
4831,0.0007921628344038339
4832,0.0007948720240121086
4833,0.0007975859784361464
4834,0.0008003190068343809
4835,0.0008030589893503095
4836,0.0008058037908249782
4837,0.000808555829853922
4838,0.0008113268425366274
4839,0.0008141027287379223
4840,0.0008168834970242087
4841,0.0008196765666231758
4842,0.000822483777078088
4843,0.0008252959246945592
4844,0.0008281130181507862
4845,0.0008309479256473899
4846,0.0008337916944336965
4847,0.0008366404646579991
4848,0.0008394966704697807
4849,0.0008423766904856364
4850,0.0008452617756803312
4851,0.0008481519349569653
4852,0.0008510471772342598
4853,0.0008539590237414814
4854,0.0008568858413240097
4855,0.0008598178063632652
4856,0.0008627549279068693
4857,0.000865697222614559
4858,0.0008686661922276532
4859,0.0008716403834095433
4860,0.0008746198053380397
4861,0.0008776044672070659
4862,0.0008806051460091153
4863,0.0008836219874136076
4864,0.0008866441345520251
4865,0.000889671596750012
4866,0.0008927050371769691
4867,0.0008957649566144756
4868,0.0008988302575248305
4869,0.0009019009493667242
4870,0.000904977041615454
4871,0.0009080716463095399
4872,0.0009111805333216226
4873,0.0009142948878967395
4874,0.0009174147196448014
4875,0.0009205444289927488
4876,0.0009236973382351591
4877,0.0009268557924382993
4878,0.0009300198013480264
4879,0.000933189374727306
4880,0.0009363830659253538
4881,0.0009395860604881323
4882,0.0009427946880654111
4883,0.0009460089585577046
4884,0.0009492401275599269
4885,0.0009524881070823959
4886,0.0009557417987083314
4887,0.0009590012124771664
4888,0.0009622715373394734
4889,0.0009655678208078828
4890,0.0009688699013048156
4891,0.0009721777890188781
4892,0.0009754914941565602
4893,0.0009788211345604177
4894,0.0009821720903711566
4895,0.0009855289393278061
4896,0.000988891691787795
4897,0.0009922603581267243
4898,0.0009956510939789407
4899,0.0009990573957388764
4900,0.0010024696879453946
4901,0.0010058879811268102
4902,0.0010093122858299197
4903,0.0010127659097917787
4904,0.0010162282384746143
4905,0.0010196966561009002
4906,0.0010231711733719416
4907,0.0010266572523869358
4908,0.0010301701186164732
4909,0.001033689162638219
4910,0.0010372143953095293
4911,0.0010407458275068255
4912,0.0010442981231651037
4913,0.0010478682999164749
4914,0.0010514447552116626
4915,0.0010550275000849687
4916,0.0010586165455900617
4917,0.001062236886860714
4918,0.0010658650764303291
4919,0.001069499646528961
4920,0.0010731406083700143
4921,0.0010767977623033038
4922,0.0010804782022608493
4923,0.0010841651146048887
4924,0.001087858510710159
4925,0.00109155840197136
4926,0.0010952869961033422
4927,0.001099026772219955
4928,0.0011027731250326856
4929,0.001106526066099452
4930,0.0011102943416254484
4931,0.0011140875075854807
4932,0.0011178873441005633
4933,0.001121693862893447
4934,0.0011255070757074696
4935,0.0011293502293810696
4936,0.0011332040811820052
4937,0.0011370647102182253
4938,0.0011409321283998232
4939,0.0011448180873951338
4940,0.0011487270145637853
4941,0.0011526428157882763
4942,0.001156565503148741
4943,0.0011604950887465011
4944,0.0011644578984006913
4945,0.0011684294194375957
4946,0.0011724079245629163
4947,0.0011763934260499982
4948,0.001180399755016477
4949,0.0011844275482780118
4950,0.0011884624245506602
4951,0.0011925043962814845
4952,0.0011965556280007588
4953,0.0012006402507260452
4954,0.0012047320563638535
4955,0.0012088310575366808
4956,0.0012129372668891704
4957,0.0012170705966853238
4958,0.0012212198947807627
4959,0.001225376489477035
4960,0.0012295403935962655
4961,0.0012337216777299313
4962,0.0012379290362898262
4963,0.0012421437935139557
4964,0.0012463659624036747
4965,0.0012505966072886992
4966,0.0012548625992743684
4967,0.0012591360929939536
4968,0.0012634171016297892
4969,0.0012677056383873402
4970,0.0012720237241984267
4971,0.0012763565333848848
4972,0.0012806969617550706
4973,0.0012850450226975312
4974,0.0012894155737936985
4975,0.0012938082824633904
4976,0.0012982087156099306
4977,0.001302616886806754
4978,0.00130704133324776
4979,0.0013114945305035112
4980,0.0013159555585638063
4981,0.0013204244311887743
4982,0.001324904435009734
4983,0.0013294209018992423
4984,0.0013339453108099637
4985,0.001338477675697314
4986,0.0013430180105411928
4987,0.0013475868921411184
4988,0.0013521753069031246
4989,0.0013567717901513021
4990,0.0013613763560631049
4991,0.0013659959513177382
4992,0.001370649002328311
4993,0.0013753102354416415
4994,0.001379979665034668
4995,0.0013846573055095656
4996,0.0013893698765443377
4997,0.0013940964964764976
4998,0.0013988314278229675
4999,0.0014035746851877116
5000,0.0014083414331780176
5001,0.0014131340823758396
5002,0.0014179351590507465
5003,0.0014227446780104736
5004,0.0014275672002196794
5005,0.001432426526667333
5006,0.0014372943977927013
5007,0.0014421708286092938
5008,0.0014470558341569586
5009,0.001451977387483651
5010,0.0014569127077731126
5011,0.0014618567063098577
5012,0.0014668093983418787
5013,0.0014717902477612472
5014,0.0014767936775649682
5015,0.001481805905331565
5016,0.001486826946519201
5017,0.0014918687154405028
5018,0.0014969409207904682
5019,0.0015020220449883908
5020,0.0015071121037046643
5021,0.0015122164236674208
5022,0.001517358076323072
5023,0.0015225087698912845
5024,0.0015276685202567403
5025,0.0015328373433319982
5026,0.001538048808490928
5027,0.0015432697501519565
5028,0.0015484998720808536
5029,0.0015537391904069222
5030,0.0015590168072818847
5031,0.001564308681588249
5032,0.001569609860835034
5033,0.0015749203613704141
5034,0.0015802657885499254
5035,0.0015856292859309329
5036,0.001591002214137158
5037,0.0015963845897377482
5038,0.0016017994942232035
5039,0.0016072353110321018
5040,0.0016126806857736256
5041,0.0016181356352400424
5042,0.0016236216925135274
5043,0.0016291305310750532
5044,0.001634649055909676
5045,0.0016401772840349523
5046,0.0016457361781274907
5047,0.001651318746785724
5048,0.0016569111313011523
5049,0.0016625133489187914
5050,0.0016681467724790529
5051,0.0016738037856457366
5052,0.0016794707455079468
5053,0.001685147669540368
5054,0.0016908573239038248
5055,0.001696589502106962
5056,0.0017023317591089242
5057,0.0017080841126162682
5058,0.0017138717078748437
5059,0.0017196797778077472
5060,0.0017254980599185306
5061,0.0017313265721478615
5062,0.001737193827219988
5063,0.0017430785217906802
5064,0.00174897356320495
5065,0.0017548789696398288
5066,0.0017608276123410635
5067,0.0017667896707220623
5068,0.00177276221190995
5069,0.0017787474552108783
5070,0.0017847770214344254
5071,0.0017908171891129142
5072,0.0017968679768702782
5073,0.001802937751688884
5074,0.001809046040713352
5075,0.0018151650695417555
5076,0.0018212948570408417
5077,0.0018274509158667295
5078,0.0018336386846320094
5079,0.0018398373328789483
5080,0.0018460468797194345
5081,0.0018522909842089437
5082,0.0018585589961111668
5083,0.0018648380285128103
5084,0.0018711281007732497
5085,0.0018774620218222965
5086,0.0018838110467654984
5087,0.0018901712345773143
5088,0.0018965485950103614
5089,0.0019029681226845484
5090,0.001909398937132763
5091,0.0019158410581817025
5092,0.001922311454471596
5093,0.001928813409874841
5094,0.001935326796904521
5095,0.0019418516356415373
5096,0.0019484168643154475
5097,0.0019550020358058127
5098,0.0019615987851587676
5099,0.001968211522106403
5100,0.0019748689998151125
5101,0.0019815381824575223
5102,0.0019882190905941622
5103,0.0019949299240849395
5104,0.002001672065993239
5105,0.002008426061613124
5106,0.0020151919317662054
5107,0.0020220026845279397
5108,0.002028830297859005
5109,0.0020356699150963216
5110,0.002042534885137459
5111,0.002049445824840562
5112,0.0020563689148905225
5113,0.0020633041766295254
5114,0.0020702516314371716
5115,0.002077252088763386
5116,0.0020842715759380338
5117,0.0020913034041999626
5118,0.0020983475952260386
5119,0.0021054290633962785
5120,0.0021125511915734765
5121,0.0021196858412108155
5122,0.0021268330343016846
5123,0.002133992792878056
5124,0.0021411989330089995
5125,0.0021484376132973495
5126,0.0021556890198516816
5127,0.002162953175024757
5128,0.0021702301012085203
5129,0.0021775636854064074
5130,0.002184920310309333
5131,0.0021922898687278874
5132,0.0021996723833784633
5133,0.0022070697782138856
5134,0.0022145326348081114
5135,0.002222008611593274
5136,0.002229497731613339
5137,0.002237000017952668
5138,0.002244531757235243
5139,0.0022521151760489726
5140,0.002259711926896982
5141,0.0022673220331949134
5142,0.0022749455183994588
5143,0.0022826153696403084
5144,0.0022903207853997424
5145,0.002298039747554487
5146,0.002305772279896286
5147,0.002313518406258562
5148,0.002321330158776644
5149,0.002329159021396597
5150,0.002337001647317183
5151,0.002344858060710668
5152,0.00235274593446821
5153,0.00236068575094263
5154,0.0023686395256798005
5155,0.002376607283194041
5156,0.002384589048042653
5157,0.0023926258685743177
5158,0.002400691856233713
5159,0.002408772023841627
5160,0.002416866396301283
5161,0.0024249858112679536
5162,0.0024331676379373995
5163,0.0024413638480979237
5164,0.0024495744670098686
5165,0.0024577995199778486
5166,0.0024660667437323178
5167,0.002474380104910745
5168,0.00248270808068528
5169,0.002491050696721693
5170,0.002499407978730706
5171,0.0025078270922703947
5172,0.0025162735445591645
5173,0.0025247348452802363
5174,0.0025332110205095472
5175,0.0025417111458051846
5176,0.0025502772035728223
5177,0.0025588583199240822
5178,0.0025674545213035774
5179,0.002576065834202258
5180,0.0025847254406944397
5181,0.0025934275130231597
5182,0.00260214488290091
5183,0.002610877577191453
5184,0.002619625622805651
5185,0.0026284488553665777
5186,0.0026372885455818933
5187,0.002646143775124527
5188,0.0026550145712823307
5189,0.0026639288164848093
5190,0.0026728919884418385
5191,0.002681870916678331
5192,0.0026908656288627242
5193,0.0026998761527119042
5194,0.0027089617297158825
5195,0.0027180655297439037
5196,0.002727185333110623
5197,0.002736321167917772
5198,0.0027455043271062303
5199,0.0027547341817541174
5200,0.0027639802612066185
5201,0.002773242593953926
5202,0.00278252637811155
5203,0.002791883480013748
5204,0.0028012570302787297
5205,0.0028106470577888122
5206,0.0028200535914769016
5207,0.002829521620772232
5208,0.0028390260795091086
5209,0.0028485472454798963
5210,0.002858085148020912
5211,0.0028676518204163947
5212,0.0028772884238578477
5213,0.002886941966690647
5214,0.0028966124786583146
5215,0.002906299989556451
5216,0.0029160510039699197
5217,0.0029258381723064075
5218,0.002935642544532719
5219,0.0029454641508561905
5220,0.002955320801817851
5221,0.0029652428546182528
5222,0.0029751823482718183
5223,0.002985139313401471
5224,0.0029951137806837843
5225,0.003005163047676892
5226,0.0030152389343419943
5227,0.0030253325320925544
5228,0.0030354438720253487
5229,0.0030456058276483247
5230,0.003055819389404537
5231,0.003066050904104366
5232,0.0030763004032687466
5233,0.0030865783131714397
5234,0.003096930842673951
5235,0.0031073015692455156
5236,0.0031176905248351764
5237,0.0031280977414479636
5238,0.003138580466278122
5239,0.003149091710319032
5240,0.0031596214302215013
5241,0.003170169658423402
5242,0.0031807754756205757
5243,0.003191428553485302
5244,0.003202100356363741
5245,0.0032127909171306805
5246,0.003223523129744782
5247,0.0032343193686270094
5248,0.003245134584002772
5249,0.003255968809187803
5250,0.0032668307317006945
5251,0.003277771469716252
5252,0.003288731438051909
5253,0.0032997106704684576
5254,0.0033107092007858287
5255,0.0033217921920721165
5256,0.0033328982404337367
5257,0.0033440238094750527
5258,0.0033551689334659113
5259,0.003366388944200264
5260,0.003377642403869135
5261,0.0033889156431509905
5262,0.003400208696769666
5263,0.0034115691832685645
5264,0.00342297139682089
5265,0.0034343936512737116
5266,0.0034458359818089553
5267,0.0034573404063210213
5268,0.003468892727708405
5269,0.0034804653536578954
5270,0.0034920583198136796
5271,0.0035037101508259205
5272,0.00351541394545678
5273,0.0035271383107054795
5274,0.003538883282682626
5275,0.0035506859952206425
5276,0.0035625426400425365
5277,0.003574420123952285
5278,0.0035863184835311624
5279,0.003598275559453671
5280,0.003610286443036437
5281,0.0036223184366116503
5282,0.0036343715772355163
5283,0.0036464865055235284
5284,0.0036586530281434364
5285,0.0036708409341154524
5286,0.00368305026097495
5287,0.0036953265380159153
5288,0.003707650111740661
5289,0.0037199953446527927
5290,0.0037323622747712257
5291,0.0037448034046383702
5292,0.003757285453412994
5293,0.003769789439706698
5294,0.0037823154020262496
5295,0.0037949273075039164
5296,0.0038075720860027934
5297,0.0038202390878237197
5298,0.0038329283519744533
5299,0.0038457041479118387
5300,0.0038585131590074483
5301,0.003871344681862856
5302,0.003884198755991365
5303,0.0038971420558808045
5304,0.003910116814727703
5305,0.003923114376428354
5306,0.00393613478100626
5307,0.003949249211095672
5308,0.0039623912452262456
5309,0.003975556375982327
5310,0.003988746346014255
5311,0.004002033843324518
5312,0.0040153446927453955
5313,0.004028678935263162
5314,0.004042046666329595
5315,0.0040555042328389804
5316,0.004068985450128484
5317,0.004082490359707793
5318,0.004096039512620721
5319,0.004109668710838443
5320,0.004123321861244681
5321,0.004136999005877331
5322,0.004150733254695752
5323,0.004164535659877613
5324,0.00417836232141751
5325,0.0041922132818863955
5326,0.004206136314049755
5327,0.004220113514297878
5328,0.004234115277857163
5329,0.004248141647836443
5330,0.004262257164299309
5331,0.004276410760662776
5332,0.004290589230096681
5333,0.004304797866580787
5334,0.004319104331620548
5335,0.004333435938196836
5336,0.004347792730431802
5337,0.004362200607578903
5338,0.0043766863951915525
5339,0.004391197639229111
5340,0.004405734384365499
5341,0.0044203452398207145
5342,0.004435011987638888
5343,0.004449704509640423
5344,0.004464422851055977
5345,0.004479240436496372
5346,0.004494089795488074
5347,0.004508965249314855
5348,0.004523887662596435
5349,0.004538894925045
5350,0.004553928559618723
5351,0.004568988612596042
5352,0.004584124597565561
5353,0.004599317487613356
5354,0.004614537075724191
5355,0.004629783528542373
5356,0.004645136755221991
5357,0.004660516961518764
5358,0.004675924194775511
5359,0.004691391100767018
5360,0.004706933014783821
5361,0.004722502239717354
5362,0.004738098823490809
5363,0.004753816016854788
5364,0.004769579652114391
5365,0.0047853709876297
5366,0.004801190072006137
5367,0.004817036953934109
5368,0.004833013859114985
5369,0.0048490293052678305
5370,0.0048650728938076015
5371,0.004881144674114234
5372,0.0048972474674965055
5373,0.004913489040066845
5374,0.004929759152081976
5375,0.004946057853617502
5376,0.004962385194836624
5377,0.004978762091878132
5378,0.004995260762548865
5379,0.005011788424059408
5380,0.005028345127276052
5381,0.005044930923154124
5382,0.005061589694001896
5383,0.005078348370247086
5384,0.005095136493820942
5385,0.005111954116389364
5386,0.00512880128970863
5387,0.005145749730724754
5388,0.005162771349175572
5389,0.0051798228765886
5390,0.005196904365438297
5391,0.005214015868290914
5392,0.005231261802449419
5393,0.005248549329169324
5394,0.005265867231680985
5395,0.005283215563276473
5396,0.005300620017709613
5397,0.005318145654627208
5398,0.005335702085389549
5399,0.005353289364021007
5400,0.005370907544640441
5401,0.005388624089093032
5402,0.005406421179273778
5403,0.005424249539842141
5404,0.0054421092256570925
5405,0.005460000291673489
5406,0.00547803682236111
5407,0.005496108416497928
5408,0.005514211762908826
5409,0.005532346917296614
5410,0.005550561380560881
5411,0.00556887837675192
5412,0.005587227556042841
5413,0.005605608974891013
5414,0.00562402268985253
5415,0.0056425718609418975
5416,0.005661169062405337
5417,0.005679798938840947
5418,0.005698461547567353
5419,0.005717201367551679
5420,0.005736048797614229
5421,0.0057549293419282875
5422,0.005773843058581783
5423,0.005792790005764235
5424,0.005811879336135487
5425,0.005831012775909649
5426,0.0058501798319731775
5427,0.005869380563292993
5428,0.005888673311862638
5429,0.005908061892097196
5430,0.005927484536502626
5431,0.005946941304830156
5432,0.005966443418700561
5433,0.00598608940194281
5434,0.006005769901199675
5435,0.006025484977013554
5436,0.006045234690032695
5437,0.006065108077625793
5438,0.006085048715951132
5439,0.006105024387468338
5440,0.006125035153625189
5441,0.006145130752644096
5442,0.0061653338320932505
5443,0.006185572405400148
5444,0.006205846534819142
5445,0.0062261703224095214
5446,0.006246638163007771
5447,0.006267141962191953
5448,0.0062876817830300365
5449,0.006308257688700291
5450,0.006328974684721261
5451,0.006349746052004591
5452,0.006370553910584637
5453,0.0063913983244618285
5454,0.006412356436508764
5455,0.006433397732381069
5456,0.006454475993325653
5457,0.006475591284172381
5458,0.006496796521500229
5459,0.006518110124854316
5460,0.006539461171221113
5461,0.006560849726267089
5462,0.006582308107291895
5463,0.0066038964155592066
5464,0.00662552264897676
5465,0.006647186874054965
5466,0.0066689044265602244
5467,0.0066907698558479065
5468,0.006712673696652935
5469,0.006734616016337065
5470,0.0067565987776810645
5471,0.006778743762909548
5472,0.006800927650284893
5473,0.006823150508027577
5474,0.006845412404477316
5475,0.006867831520393493
5476,0.006890297912507205
5477,0.006912803770779326
5478,0.006935349164417279
5479,0.006958046579036492
5480,0.006980797953181969
5481,0.007003589293613036
5482,0.007026420670412421
5483,0.007049402457294219
5484,0.007072441310031287
5485,0.007095520633550777
5486,0.007118640498818278
5487,0.00714191274197634
5488,0.007165241589273502
5489,0.007188611416253331
5490,0.007212022294771996
5491,0.007235591088886269
5492,0.007259212466263846
5493,0.007282875336661751
5494,0.007306579772834473
5495,0.00733045122346435
5496,0.007354367686138836
5497,0.007378326159643071
5498,0.00740233527710759
5499,0.0074265069414359355
5500,0.007450721064465295
5501,0.007474977720639978
5502,0.007499300715670308
5503,0.007523772109462962
5504,0.007548286487893025
5505,0.0075728439263250385
5506,0.007597486931930226
5507,0.007622260665800449
5508,0.007647077914812547
5509,0.007671938755259178
5510,0.00769690791614719
5511,0.007721986620957017
5512,0.007747109376016458
5513,0.0077722762585543505
5514,0.007797577731350017
5515,0.00782296405835976
5516,0.007848394975365585
5517,0.0078738705605406
5518,0.007899510514004754
5519,0.007925207135023581
5520,0.007950948890459497
5521,0.007976763582616854
5522,0.008002773043738615
5523,0.00802882818830431
5524,0.008054929096400223
5525,0.008081075848252581
5526,0.008107293326112593
5527,0.008133710009218295
5528,0.008160173090241762
5529,0.008186682650519092
5530,0.008213238771528419
5531,0.008239871223767273
5532,0.0082666995204654
5533,0.008293574937237431
5534,0.008320497556682602
5535,0.008347467461544389
5536,0.008374527087660889
5537,0.00840177143167575
5538,0.008429063625676154
5539,0.00845640375353793
5540,0.00848379189928346
5541,0.008511290910245373
5542,0.008538955777799229
5543,0.0085666692330796
5544,0.008594431361252599
5545,0.008622242247633027
5546,0.00865019286652589
5547,0.008678282776724538
5548,0.008706422020294539
5549,0.008734610683705997
5550,0.008762848853579936
5551,0.008791263316258057
5552,0.008819782831479618
5553,0.008848352433696414
5554,0.008876972210696362
5555,0.00890564225042068
5556,0.008934532806160092
5557,0.008963486532447336
5558,0.00899249110740858
5559,0.009021546620163608
5560,0.009050691012861833
5561,0.009080032072141784
5562,0.009109424659597784
5563,0.009138868865538
5564,0.00916836478042814
5565,0.009198008203198422
5566,0.009227792041548763
5567,0.009257628184736109
5568,0.009287516724426447
5569,0.009317457752445697
5570,0.009347612486850124
5571,0.009377843835423392
5572,0.009408128273766744
5573,0.009438465894918396
5574,0.00946890911285587
5575,0.009499553590453982
5576,0.009530251882539188
5577,0.009561004083416967
5578,0.00959181028755745
5579,0.00962273637253152
5580,0.009653851917060325
5581,0.009685022102307471
5582,0.009716247024022812
5583,0.009747526778123298
5584,0.00977894936966665
5585,0.009810540968878158
5586,0.009842188043758424
5587,0.009873890691516833
5588,0.00990564900953236
5589,0.009937581751028206
5590,0.009969654439833992
5591,0.010001783448060011
5592,0.010033968874390389
5593,0.010066210817681519
5594,0.010098667357128535
5595,0.010131226218023062
5596,0.010163842250972895
5597,0.010196515556152384
5598,0.01022924799335685
5599,0.010262240224690144
5600,0.01029529038817765
5601,0.010328398585322415
5602,0.010361564917804557
5603,0.010394846745389515
5604,0.010428334589126346
5605,0.01046188123415138
5606,0.010495486783486519
5607,0.010529151340333352
5608,0.010562996212198831
5609,0.010596984887038552
5610,0.01063103324142034
5611,0.010665141379900779
5612,0.010699309407218813
5613,0.010733730984861743
5614,0.010768225758731039
5615,0.010802781099601453
5616,0.010837397113580281
5617,0.010872141026018843
5618,0.010907085860247778
5619,0.01094209205074177
5620,0.010977159704987333
5621,0.011012288930658466
5622,0.011047635129550511
5623,0.011083095843564228
5624,0.01111861881839136
5625,0.01115420416309871
5626,0.011189895210019318
5627,0.011225814148298397
5628,0.011261796150917871
5629,0.011297841328348589
5630,0.011333949791253989
5631,0.011370268696214648
5632,0.011406713460921765
5633,0.011443222211894415
5634,0.011479795061213867
5635,0.011516481280681919
5636,0.01155339256904619
5637,0.011590368661700757
5638,0.011627409672156157
5639,0.011664515714120688
5640,0.011701867661081522
5641,0.011739330283715751
5642,0.011776858677258266
5643,0.011814452956907888
5644,0.011852131177205695
5645,0.011890084222507853
5646,0.011928103898624176
5647,0.011966190322255713
5648,0.012004343610307004
5649,0.012042654061080087
5650,0.01208116894741244
5651,0.012119751449526992
5652,0.012158401685844976
5653,0.01219711977499416
5654,0.012236077486826572
5655,0.012275160030325787
5656,0.012314311184732118
5657,0.012353531070204607
5658,0.012392853233317168
5659,0.012432439809700742
5660,0.01247209588066439
5661,0.012511821567910718
5662,0.01255161699335428
5663,0.012591614587350416
5664,0.01263177960218731
5665,0.012672015125554667
5666,0.012712321280925393
5667,0.012752708218832223
5668,0.012793386233905316
5669,0.012834135656838372
5670,0.012874956612674805
5671,0.012915849226675984
5672,0.012956939717694625
5673,0.012998207132937844
5674,0.013039546989129026
5675,0.01308095941311513
5676,0.013122464053918455
5677,0.013164253583719582
5678,0.013206116469708826
5679,0.013248052840331308
5680,0.013290062824255914
5681,0.013332299098960351
5682,0.01337468917395073
5683,0.013417153657672062
5684,0.013459692680406771
5685,0.013502367829569624
5686,0.013545289282730565
5687,0.013588286076031571
5688,0.013631358341381074
5689,0.013674506210917288
5690,0.013717966173541565
5691,0.013761527330219346
5692,0.013805164948200867
5693,0.013848879161351529
5694,0.013892686617216632
5695,0.01393681649352062
5696,0.01398102382798458
5697,0.014025308756214253
5698,0.014069671414051525
5699,0.01411418081894344
5700,0.014158962264647986
5701,0.014203822310382372
5702,0.01424876109374511
5703,0.014293778752574364
5704,0.014339007576374976
5705,0.014384447173214115
5706,0.014429966523437022
5707,0.01447556576665482
5708,0.01452124504272181
5709,0.014567210730084192
5710,0.014613315119945158
5711,0.014659500428131706
5712,0.0147057667962877
5713,0.014752140403919714
5714,0.014798834337856281
5715,0.014845610223306056
5716,0.01489246820371609
5717,0.01493940842278318
5718,0.014986551671064855
5719,0.015033922678004788
5720,0.015081376822821436
5721,0.015128914251031527
5722,0.01517653510840525
5723,0.015224465359121288
5724,0.015272520252704792
5725,0.015320659482413153
5726,0.015368883195853432
5727,0.015417265876157897
5728,0.01546592613529758
5729,0.015514671791344425
5730,0.015563502993756306
5731,0.015612419892251263
5732,0.015661622156906124
5733,0.015710978896840255
5734,0.01576042225389374
5735,0.015809952379652752
5736,0.015859639605575356
5737,0.015909626444564798
5738,0.01595970100474415
5739,0.01600986343962578
5740,0.016060113902989174
5741,0.016110607760897157
5742,0.01616131830076287
5743,0.016212117829654423
5744,0.016263006503295336
5745,0.01631398447767993
5746,0.016365303512134426
5747,0.016416744954144333
5748,0.016468276665571338
5749,0.016519898804371595
5750,0.016571686040562836
5751,0.016623774249318747
5752,0.01667595386061934
5753,0.01672822503439712
5754,0.01678058793086285
5755,0.01683323518498174
5756,0.0168860675931301
5757,0.016938992707394084
5758,0.016992010689978923
5759,0.017045157266289017
5760,0.0170986474034626
5761,0.017152231398985415
5762,0.017205909417072125
5763,0.017259681622223015
5764,0.017313722869434917
5765,0.017367970722580593
5766,0.01742231376120445
5767,0.017476752151834647
5768,0.017531323608126956
5769,0.01758624033118923
5770,0.017641253411377303
5771,0.01769636301726212
5772,0.01775156931770777
5773,0.01780706991925093
5774,0.017862758098372303
5775,0.01791854398569185
5776,0.017974427752135192
5777,0.018030489224482617
5778,0.01808685759661247
5779,0.018143324868316015
5780,0.01819989121259579
5781,0.018256556802755074
5782,0.018313581726044914
5783,0.018370735522229033
5784,0.018427989593395273
5785,0.018485344114942872
5786,0.018542960354050297
5787,0.018600805852352933
5788,0.018658752837061716
5789,0.018716801485687273
5790,0.018775023397382372
5791,0.018833565813393165
5792,0.018892210936317603
5793,0.018950958945793454
5794,0.019009810021770743
5795,0.019069045411831034
5796,0.019128393936090955
5797,0.019187846578702275
5798,0.019247403521761495
5799,0.019307274707957615
5800,0.01936733193556959
5801,0.019427494522565154
5802,0.019487762653203313
5803,0.019548283817956303
5804,0.01960905509030514
5805,0.019669932972369946
5806,0.019730917650588174
5807,0.019792102916039403
5808,0.019853593614374356
5809,0.019915192182126274
5810,0.019976898807927246
5811,0.020038762236647672
5812,0.020100977782604387
5813,0.020163302467117367
5814,0.020225736481029547
5815,0.020288292076721608
5816,0.020351237932873734
5817,0.020414294206230133
5818,0.02047746108986096
5819,0.020540738777171726
5820,0.02060440446849681
5821,0.020668197844371353
5822,0.02073210312099223
5823,0.020796120494012582
5824,0.02086050786070551
5825,0.02092504389498421
5826,0.02098969313015046
5827,0.021054455764121578
5828,0.021119578651239635
5829,0.0211848629426772
5830,0.02125026174488666
5831,0.021315775258066362
5832,0.021381647455063303
5833,0.021447685645982408
5834,0.021513839667375762
5835,0.021580109721739734
5836,0.021646744963221203
5837,0.021713542740258288
5838,0.021780457677366513
5839,0.021847489979356968
5840,0.021914901945857396
5841,0.021982465040759357
5842,0.022050146635301218
5843,0.02211794693662624
5844,0.022186149255415018
5845,0.022254483445891936
5846,0.02232293748562879
5847,0.022391527716923997
5848,0.02246051783004351
5849,0.022529628940682674
5850,0.02259886126033363
5851,0.02266826715909501
5852,0.02273803869723842
5853,0.022807932600487378
5854,0.02287794908271411
5855,0.022948184103497696
5856,0.023018742977748533
5857,0.0230894255949715
5858,0.023160232171436784
5859,0.02323130971836702
5860,0.02330266188977955
5861,0.02337413919239773
5862,0.023445741844907296
5863,0.023517675272710953
5864,0.023589826753538778
5865,0.02366210476426083
5866,0.023734509525996383
5867,0.02380731214113662
5868,0.023880268996162135
5869,0.023953353790315806
5870,0.024026612594476703
5871,0.024100251809099166
5872,0.02417402015707257
5873,0.02424791786404668
5874,0.024322070424896685
5875,0.02439652587862579
5876,0.024471111893828418
5877,0.0245458286986383
5878,0.0246208881610495
5879,0.024696166074580195
5880,0.024771575988521054
5881,0.02484712416303754
5882,0.024923097598530432
5883,0.024999204251531976
5884,0.02507544435479642
5885,0.02515193645122746
5886,0.025228779953149927
5887,0.02530575819482183
5888,0.025382871411645268
5889,0.025460207428730564
5890,0.02553792708383
5891,0.025615783011491144
5892,0.025693775449781645
5893,0.02577197190015229
5894,0.025850573841473365
5895,0.02592931359881886
5896,0.02600819141294063
5897,0.026087264691443297
5898,0.026166755098656316
5899,0.026246384876087214
5900,0.026326154267190118
5901,0.026406120653824253
5902,0.026486505753566283
5903,0.026567031788530718
5904,0.02664769900489253
5905,0.026728574667685193
5906,0.02680986073391509
5907,0.026891289311263913
5908,0.02697286064864626
5909,0.027054661646469275
5910,0.027136855000836888
5911,0.02721919245319394
5912,0.027301674255213314
5913,0.027384416540548063
5914,0.027467523552780204
5915,0.027550776260928327
5916,0.02763417491944267
5917,0.0277178743410971
5918,0.027801901429399135
5919,0.027886075822683015
5920,0.02797039777819527
5921,0.02805507008397925
5922,0.028140023715456392
5923,0.028225126272204148
5924,0.028310378014284567
5925,0.028396038853648147
5926,0.028481925544745452
5927,0.02856796279270951
5928,0.02865415086043728
5929,0.028740815787079915
5930,0.028827642104043975
5931,0.02891462062086359
5932,0.029001817104543956
5933,0.029089436077745622
5934,0.029177208637109712
5935,0.029265135050796892
5936,0.029353364759851838
5937,0.029441934979639
5938,0.02953066044873286
5939,0.029619541438182947
5940,0.029708819637966784
5941,0.02979834781136928
5942,0.029888032908856412
5943,0.029977882522795922
5944,0.030068217074479354
5945,0.03015870996033928
5946,0.030249361456783957
5947,0.030340288097426928
5948,0.03043159247745218
5949,0.03052305688702219
5950,0.030614681605488952
5951,0.030706700271000045
5952,0.03079898133178159
5953,0.030891424129358268
5954,0.0309840530797532
5955,0.0310771545561178
5956,0.03117041920369434
5957,0.03126384730729055
5958,0.0313575962554145
5959,0.03145168655065905
5960,0.03154594174540691
5961,0.03164036212746586
5962,0.03173524582511909
5963,0.031830331942575334
5964,0.03192558469996688
5965,0.03202111661651818
5966,0.03211703751608791
5967,0.03221312651489815
5968,0.03230938390631138
5969,0.032406078020211795
5970,0.032503007155006904
5971,0.03260010615098582
5972,0.03269747294800214
5973,0.03279524614246806
5974,0.032893190673489746
5975,0.03299130684004849
5976,0.033089862940706
5977,0.03318865696711582
5978,0.033287624113850216
5979,0.033386876956175794
5980,0.03348652446895244
5981,0.03358634659374816
5982,0.033686343635228044
5983,0.03378681256169746
5984,0.033887493693963246
5985,0.03398835124416942
5986,0.034089540575441626
5987,0.0341910847770269
5988,0.03429280690483714
5989,0.034394727789428384
5990,0.034497139155626654
5991,0.034599729963420346
5992,0.03470250052585377
5993,0.034805676094437944
5994,0.03490913971919775
5995,0.03501278462375452
5996,0.035116714811949556
5997,0.03522105542646826
5998,0.03532557885316019
5999,0.03543028541091536
6000,0.035535496296488646
6001,0.03564090246252485
6002,0.03574649330195424
6003,0.035852481499427276
6004,0.035958774660669414
6005,0.03606525404499616
6006,0.036172030166341
6007,0.03627921461889881
6008,0.03638658685166377
6009,0.036494161391180516
6010,0.0366022414731658
6011,0.03671051089998435
6012,0.03681897000185419
6013,0.03692794735596943
6014,0.037037213243190384
6015,0.037146670546602555
6016,0.037256319600015
6017,0.037366407540267835
6018,0.037476866880321015
6019,0.037587519721146066
6020,0.03769836640016582
6021,0.037809585846395447
6022,0.037921246339739964
6023,0.03803310243174922
6024,0.0381451544634826
6025,0.03825752615055523
6026,0.03837039555086589
6027,0.038483462661136995
6028,0.03859672782608664
6029,0.03871027591619499
6030,0.03882438093312357
6031,0.03893868581791109
6032,0.039053190919015476
6033,0.03916789658549604
6034,0.03928321768913272
6035,0.03939876815685121
6036,0.03951452101601399
6037,0.03963047661944934
6038,0.03974695143443578
6039,0.03986375534788316
6040,0.03998076384148392
6041,0.0400979772718581
6042,0.040215627732873675
6043,0.04033369300959378
6044,0.040451965068850265
6045,0.040570444271078226
6046,0.04068929210153517
6047,0.04080862671418053
6048,0.04092817032551266
6049,0.04104792329980502
6050,0.04116799001567233
6051,0.04128860199237107
6052,0.04140942519776828
6053,0.04153045999999912
6054,0.04165176691358671
6055,0.041773664338310784
6056,0.04189577523570061
6057,0.04201809997777673
6058,0.04214066820148368
6059,0.042263859214419816
6060,0.042387265958039703
6061,0.042510888808272924
6062,0.0426347392582964
6063,0.042759232056219294
6064,0.04288394285699029
6065,0.04300887204047217
6066,0.04313402544048096
6067,0.04325982827712892
6068,0.043385851403031916
6069,0.043512095202009736
6070,0.04363857208678051
6071,0.04376569327323346
6072,0.043893037049687854
6073,0.04402060380394498
6074,0.04414842452296265
6075,0.04427687242802246
6076,0.04440554523826693
6077,0.04453444334550337
6078,0.044663628066525775
6079,0.04479341111709911
6080,0.04492342140257558
6081,0.045053659318792565
6082,0.04518422803138009
6083,0.04531535471286376
6084,0.04544671097360253
6085,0.04557829721348904
6086,0.04571026973249936
6087,0.045842748589167835
6088,0.04597545938417669
6089,0.04610840252149823
6090,0.0462417984905466
6091,0.04637563812594242
6092,0.04650971207359662
6093,0.046644020741586745
6094,0.046778859636472526
6095,0.04691406871379859
6096,0.04704951449223495
6097,0.04718519738398902
6098,0.047321498516088405
6099,0.04745808575860324
6100,0.04759491210611516
6101,0.047732034005506054
6102,0.04786982412493357
6103,0.04800785544839658
6104,0.048146128395889574
6105,0.0482846433881306
6106,0.04842381790008254
6107,0.04856330188655955
6108,0.04870303003087206
6109,0.04884300275811789
6110,0.0489835300054384
6111,0.04912447530191798
6112,0.049265667304920054
6113,0.04940710644394756
6114,0.049549010503206384
6115,0.04969142582230533
6116,0.04983409041160641
6117,0.049977004705042766
6118,0.05012030936138685
6119,0.05026420348209113
6120,0.05040834945178169
6121,0.05055274770884719
6122,0.050697476461300815
6123,0.05084285822973986
6124,0.050988494441166946
6125,0.05113438553845197
6126,0.05128056160515439
6127,0.05142743993541451
6128,0.05157457531799677
6129,0.05172196820027778
6130,0.05186961903040437
6131,0.05201799839863881
6132,0.05216664195072302
6133,0.05231554563182128
6134,0.05246470989462068
6135,0.0526145833560364
6136,0.05276474414579953
6137,0.05291516770948375
6138,0.05306585450434306
6139,0.05321724448916086
6140,0.053368931655562946
6141,0.05352088425650473
6142,0.053673102753832885
6143,0.053826031432443786
6144,0.05397925418623463
6145,0.05413274505101607
6146,0.05428650449325417
6147,0.05444099378127608
6148,0.054595761406063224
6149,0.05475079983424663
6150,0.05490613228378816
6151,0.0550621811002554
6152,0.0552185029536352
6153,0.05537509831889712
6154,0.05553203317376961
6155,0.055689642931620605
6156,0.05584752844638411
6157,0.05600569019772179
6158,0.0561642486117187
6159,0.05632342880391261
6160,0.05648288748932686
6161,0.05664262515234312
6162,0.05680282804367895
6163,0.05696358824088949
6164,0.05712462968406764
6165,0.057285952862342136
6166,0.05744782091866577
6167,0.05761017077074188
6168,0.05777280463810568
6169,0.05793572301466069
6170,0.05809927669811794
6171,0.058263225935648824
6172,0.058427461974496046
6173,0.058591985313366214
6174,0.05875724486573179
6175,0.05892280330172344
6176,0.059088651341908216
6177,0.05925488932258182
6178,0.05942177493772704
6179,0.05958895246940597
6180,0.05975642242514461
6181,0.059924404611514534
6182,0.060092916473610564
6183,0.060261723084362624
6184,0.06043082495617641
6185,0.060600570924072915
6186,0.06077071908750055
6187,0.06094116484896174
6188,0.061111943184562194
6189,0.06128343785059389
6190,0.06145523246008693
6191,0.06162732753439942
6192,0.06179990658800472
6193,0.06197305505823313
6194,0.062146506351314836
6195,0.06232026099356647
6196,0.06249465971458657
6197,0.06266947230426267
6198,0.06284459061388065
6199,0.06302007330476794
6200,0.06319625232777244
6201,0.06337273945026467
6202,0.0635495352076495
6203,0.0637269505594866
6204,0.0639049599972188
6205,0.06408328072170878
6206,0.06426191327385218
6207,0.06444085819547204
6208,0.064620548316232
6209,0.06480071112636764
6210,0.06498118897137076
6211,0.06516198239858809
6212,0.06534309195630487
6213,0.06552509541677143
6214,0.06570742714404865
6215,0.06589007768090906
6216,0.06607304758119488
6217,0.06625649777289543
6218,0.06644069206320413
6219,0.06662520840525027
6220,0.06681004735845704
6221,0.066995209483207
6222,0.06718104745211781
6223,0.06736743838643645
6224,0.067554155194615
6225,0.06774119844265089
6226,0.06792856869751149
6227,0.06811683091513047
6228,0.0683054344720935
6229,0.06849436775237108
6230,0.06868363132857994
6231,0.0688734487810085
6232,0.06906394807241244
6233,0.06925478038588508
6234,0.06944594629971793
6235,0.06963744639319279
6236,0.06982975839875409
6237,0.07002249883846925
6238,0.07021557619845074
6239,0.0704089910636901
6240,0.07060292739793421
6241,0.07079758514914501
6242,0.07099258315616029
6243,0.0711879220097067
6244,0.07138360230152278
6245,0.07158010092208691
6246,0.07177702886950836
6247,0.07197430102054754
6248,0.07217191797271351
6249,0.07237010734748191
6250,0.07256897462130976
6251,0.07276818947181052
6252,0.07296775250228993
6253,0.07316766522185503
6254,0.07336848130087303
6255,0.07356964834574273
6256,0.07377116696559344
6257,0.07397303777059692
6258,0.07417560942383021
6259,0.07437873825108288
6260,0.07458222206462556
6261,0.0747860614804898
6262,0.07499041915147794
6263,0.07519551944241575
6264,0.07540097814741531
6265,0.0756067958883951
6266,0.07581297328833693
6267,0.07602005183905139
6268,0.07622749522691155
6269,0.07643530110105709
6270,0.07664347009039403
6271,0.07685239504345302
6272,0.07706183299942254
6273,0.07727163690878582
6274,0.07748180740640083
6275,0.07769260835922269
6276,0.07790405086261379
6277,0.07811586280346829
6278,0.078328044822623
6279,0.07854075080866971
6280,0.07875420793308838
6281,0.07896803799615801
6282,0.07918224164472304
6283,0.07939688114996939
6284,0.07961236306355646
6285,0.0798282214342586
6286,0.08004445691495544
6287,0.08026107015964189
6288,0.08047857485961538
6289,0.08069647181831219
6290,0.08091474942896608
6291,0.08113340835164608
6292,0.08135290169615002
6293,0.08157284761841252
6294,0.0817931777522161
6295,0.08201389276373279
6296,0.08223540173336795
6297,0.08245740709024928
6298,0.08267980023603662
6299,0.08290258184303397
6300,0.08312613293248439
6301,0.08335020829080407
6302,0.08357467503333509
6303,0.0837995338385424
6304,0.08402515307106452
6305,0.08425130909370178
6306,0.08447786011395599
6307,0.08470480681648314
6308,0.08493251975803884
6309,0.08516076720423615
6310,0.08538941327971658
6311,0.08561845867535663
6312,0.08584829044839896
6313,0.08607864017407477
6314,0.08630939217912145
6315,0.08654054716066628
6316,0.08677252245759011
6317,0.087004985415661
6318,0.08723785432177314
6319,0.08747112987933456
6320,0.0877052729756021
6321,0.08793986021631368
6322,0.08817485709248118
6323,0.08841028903644402
6324,0.08864659908077742
6325,0.0888833217520444
6326,0.08912045776508798
6327,0.08935810475154479
6328,0.08959655775333802
6329,0.08983542710109212
6330,0.09007471351601315
6331,0.09031459860428769
6332,0.09055520588864628
6333,0.09079623325719384
6334,0.09103768143753027
6335,0.09127982731959762
6336,0.09152260031020275
6337,0.09176579714258927
6338,0.09200941855078279
6339,0.09225384756291224
6340,0.0924987977823941
6341,0.09274417562077752
6342,0.09299000755237014
6343,0.09323671595267614
6344,0.09348385502299433
6345,0.09373142550902731
6346,0.09397958390994014
6347,0.09422848907260042
6348,0.09447782871543248
6349,0.09472760359064937
6350,0.09497810975687387
6351,0.09522922348368967
6352,0.09548077552082734
6353,0.09573276662704339
6354,0.09598564154292616
6355,0.09623897573605039
6356,0.09649275208980246
6357,0.09674711431640962
6358,0.09700223571813105
6359,0.09725780238047906
6360,0.09751381507408412
6361,0.09777062292026277
6362,0.09802803788764822
6363,0.09828590209242757
6364,0.09854421631202188
6365,0.09880331367877464
6366,0.0990630336301237
6367,0.09932320681490864
6368,0.09958383401737293
6369,0.09984524656987913
6370,0.1001072830325258
6371,0.10036977674410581
6372,0.10063272849571571
6373,0.1008964814253916
6374,0.10116084603640102
6375,0.10142567193147814
6376,0.10169095990860483
6377,0.10195707794751313
6378,0.10222378245440407
6379,0.10249095230031655
6380,0.10275858829014978
6381,0.10302709572514403
6382,0.10329615198663879
6383,0.10356567766211287
6384,0.10383567356341433
6385,0.10410659425002869
6386,0.10437801423683374
6387,0.10464990773276414
6388,0.10492231393732951
6389,0.1051956329327451
6390,0.10546942872836343
6391,0.10574370214862865
6392,0.10601856824623267
6393,0.10629427111856031
6394,0.10657045492013849
6395,0.10684712048244764
6396,0.10712446906297049
6397,0.1074025681031675
6398,0.10768115222238164
6399,0.10796022225916203
6400,0.10824007553404448
6401,0.10852058314833196
6402,0.10880158001231131
6403,0.10908306697163495
6404,0.10936544678662977
6405,0.1096483754974603
6406,0.10993179764975824
6407,0.11021577629301373
6408,0.11050064194405357
6409,0.11078600439112593
6410,0.11107186449273489
6411,0.11135841222331562
6412,0.11164572014124496
6413,0.11193352908257119
6414,0.11222183991299112
6415,0.11251110503531786
6416,0.11280104356714446
6417,0.11309148767739388
6418,0.11338243823952054
6419,0.11367389612845846
6420,0.11396622071459583
6421,0.11425930841172331
6422,0.11455290713736954
6423,0.11484701777425944
6424,0.11514164120661363
6425,0.11543707404820631
6426,0.11573332954604067
6427,0.11603010155372856
6428,0.11632739096331568
6429,0.11662519866835849
6430,0.11692378710303221
6431,0.11722322928102641
6432,0.11752319348185035
6433,0.11782368060692132
6434,0.11812469155918179
6435,0.11842650591904794
6436,0.11872921017146963
6437,0.11903244208983169
6438,0.11933620258514176
6439,0.11964049256994956
6440,0.11994531295834893
6441,0.12025128789865583
6442,0.12055780517969933
6443,0.12086485671981415
6444,0.121172443441203
6445,0.1214805662676287
6446,0.12178959254468269
6447,0.12209941310965755
6448,0.12240977364570707
6449,0.12272067508473333
6450,0.12303211836021483
6451,0.12334425326727004
6452,0.12365739531395228
6453,0.12397108307404923
6454,0.12428531748921079
6455,0.1246000995026781
6456,0.12491543005928832
6457,0.12523188038921892
6458,0.12554891387890268
6459,0.12586649980658265
6460,0.126184639125312
6461,0.12650333278975462
6462,0.12682299617825243
6463,0.1271433941809585
6464,0.1274643504358954
6465,0.12778586590597704
6466,0.12810794155574395
6467,0.12843086985127447
6468,0.12875465142882853
6469,0.12907899710461093
6470,0.12940390785144554
6471,0.12972938464379977
6472,0.13005562798477363
6473,0.13038281247791184
6474,0.13071056694749844
6475,0.13103889237631836
6476,0.1313677897488154
6477,0.1316973966380009
6478,0.13202800366691403
6479,0.13235918658317902
6480,0.13269094637959225
6481,0.13302328405062575
6482,0.1333563014271817
6483,0.13369035089208556
6484,0.134024982188388
6485,0.13436019631894905
6486,0.13469599428832132
6487,0.13503246759752252
6488,0.13536997967925066
6489,0.13570807957002962
6490,0.13604676828283607
6491,0.1363860468323546
6492,0.13672602212584242
6493,0.13706702773596324
6494,0.1374086271850519
6495,0.13775082149628548
6496,0.13809361169456594
6497,0.1384370880635724
6498,0.1387816075697003
6499,0.13912672697858325
6500,0.13947244732365205
6501,0.13981876964007947
6502,0.14016579123498746
6503,0.140513845293947
6504,0.14086250535379524
6505,0.14121177245827016
6506,0.1415616476528677
6507,0.14191225723609507
6508,0.14226386679447917
6509,0.14261608848670676
6510,0.14296892336687692
6511,0.14332237249086377
6512,0.14367663092169078
6513,0.1440318734437351
6514,0.14438773436575336
6515,0.14474421475242952
6516,0.14510131567024004
6517,0.14545903818745504
6518,0.1458178975612513
6519,0.14617741698889763
6520,0.14653756218974534
6521,0.1468983342409209
6522,0.14725973422136251
6523,0.1476220731715326
6524,0.14798527071810857
6525,0.14834910037881394
6526,0.1487135632414755
6527,0.14907866039574896
6528,0.14944453352277226
6529,0.14981142913869902
6530,0.15017896324262422
6531,0.15054713693312502
6532,0.15091595131062593
6533,0.15128541118809039
6534,0.15165602516060828
6535,0.15202728402848947
6536,0.15239918890111354
6537,0.15277174088972373
6538,0.15314494110742968
6539,0.15351920731361832
6540,0.15389423200018412
6541,0.15426990917924946
6542,0.15464623997299023
6543,0.15502322550546677
6544,0.15540107968070013
6545,0.1557798902262757
6546,0.15615935978509496
6547,0.15653948949031768
6548,0.15692028047700407
6549,0.1573017773171252
6550,0.15768439411996438
6551,0.15806767649037015
6552,0.15845162557253548
6553,0.15883624251257233
6554,0.15922152845851648
6555,0.1596078784351555
6556,0.15999499440684847
6557,0.16038278368987552
6558,0.160771247441453
6559,0.16116038682073713
6560,0.16155047737023834
6561,0.16194144809019131
6562,0.16233309875585886
6563,0.1627254305356135
6564,0.1631184445997861
6565,0.16351232466800517
6566,0.1639071716399173
6567,0.16430270522731494
6568,0.16469892660978097
6569,0.16509583696887545
6570,0.16549355371185098
6571,0.1658922987956537
6572,0.16629173720068838
6573,0.1666918701178034
6574,0.1670926987398415
6575,0.16749429761840512
6576,0.1678969630298176
6577,0.16830032850476684
6578,0.16870439524542158
6579,0.1691091644559632
6580,0.16951468932669753
6581,0.1699212976368348
6582,0.1703286127899517
6583,0.17073663599959485
6584,0.17114536848134043
6585,0.171554861684017
6586,0.17196543581904053
6587,0.17237672361420608
6588,0.17278872629449463
6589,0.17320144508693588
6590,0.17361494752855655
6591,0.17402951076938197
6592,0.17444479452580958
6593,0.17486080003431298
6594,0.17527752853343267
6595,0.17569507976900073
6596,0.1761136557510486
6597,0.1765329591430331
6598,0.17695299119298005
6599,0.17737375315099957
6600,0.1777953914611311
6601,0.17821800417412376
6602,0.17864135123083905
6603,0.1790654338909144
6604,0.1794902534160905
6605,0.17991601588158584
6606,0.18034268966939473
6607,0.18077010477473918
6608,0.1811982624689284
6609,0.18162716402539425
6610,0.18205708659887404
6611,0.18248784615941044
6612,0.18291935405189486
6613,0.1833516115593713
6614,0.1837846212514382
6615,0.18421873754174053
6616,0.18465360792689306
6617,0.18508923369958064
6618,0.18552561615464355
6619,0.1859628576297324
6620,0.1864011030650069
6621,0.18684010968062353
6622,0.18727987878110886
6623,0.18772041167316256
6624,0.18816191771511961
6625,0.18860431801294636
6626,0.18904748661886195
6627,0.1894914248492969
6628,0.18993613402287537
6629,0.1903819365488732
6630,0.19082851778031806
6631,0.19127587449042174
6632,0.19172400800758516
6633,0.1921730425460921
6634,0.19262304978140898
6635,0.1930738383711394
6636,0.19352540965349244
6637,0.19397776496890395
6638,0.194431159602658
6639,0.19488539372884245
6640,0.19534041645528336
6641,0.19579622913227282
6642,0.19625292374788994
6643,0.19671061732247921
6644,0.19716910542745
6645,0.19762838942298394
6646,0.19808847067152302
6647,0.19854958548902857
6648,0.19901155316081837
6649,0.1994743226861275
6650,0.19993789543733587
6651,0.20040237419777854
6652,0.200867835876871
6653,0.20133410539579716
6654,0.201801184136908
6655,0.20226907348485154
6656,0.2027380294799564
6657,0.20320781370735513
6658,0.20367841317702767
6659,0.20414982928364336
6660,0.2046222096074516
6661,0.20509552350763738
6662,0.20556965869439897
6663,0.2060446165724634
6664,0.2065204516779526
6665,0.20699731046319675
6666,0.20747499660393787
6667,0.20795351151499525
6668,0.2084328566135371
6669,0.20891325006664532
6670,0.20939450264515916
6671,0.20987659009806264
6672,0.21035951385266838
6673,0.2108434176811745
6674,0.21132825242674663
6675,0.21181392817624134
6676,0.21230044636715334
6677,0.21278788858331518
6678,0.21327632146935582
6679,0.2137656015147092
6680,0.2142557301670904
6681,0.2147467380040004
6682,0.21523878524672327
6683,0.2157316858304026
6684,0.21622544121301232
6685,0.2167200528549408
6686,0.21721575031286305
6687,0.2177123209082779
6688,0.2182097525784146
6689,0.21870804679407313
6690,0.21920722662899078
6691,0.21970748104434826
6692,0.2202086028322256
6693,0.22071059347386499
6694,0.22121345445295862
6695,0.2217172497574548
6696,0.22222207581248707
6697,0.222727777052086
6698,0.22323435497043487
6699,0.22374181106418609
6700,0.22425025464148843
6701,0.22475968096717622
6702,0.22526999033602743
6703,0.2257811842552337
6704,0.22629326423447677
6705,0.22680638801873604
6706,0.22732044366253243
6707,0.22783539025530378
6708,0.2283512293173207
6709,0.22886798044433673
6710,0.2293857974973407
6711,0.22990451192211675
6712,0.2304241252495578
6713,0.23094463901308437
6714,0.23146613389580845
6715,0.2319886316180775
6716,0.2325120347011474
6717,0.2330363446891119
6718,0.233561563128612
6719,0.23408783128037242
6720,0.234615039913639
6721,0.23514316194585966
6722,0.23567219893440142
6723,0.23620219248781923
6724,0.23673322276712438
6725,0.2372651729651856
6726,0.2377980446501322
6727,0.23833183939267738
6728,0.2388666648440781
6729,0.239402459628324
6730,0.23993918245628798
6731,0.24047683490949961
6732,0.24101544749023254
6733,0.24155510357685644
6734,0.24209569429078126
6735,0.24263722122439024
6736,0.2431796859726895
6737,0.24372318627082631
6738,0.2442676619071584
6739,0.24481308038487842
6740,0.2453594433099012
6741,0.24590678904413882
6742,0.24645516693008485
6743,0.24700449430686114
6744,0.2475547727913319
6745,0.24810600400301844
6746,0.24865829090821354
6747,0.24921154482756497
6748,0.2497657565432484
6749,0.2503209276857913
6750,0.2508771153645666
6751,0.2514343137560059
6752,0.2519924766611256
6753,0.2525516057214993
6754,0.2531117218445273
6755,0.253672882921064
6756,0.25423501525779724
6757,0.2547981205073888
6758,0.2553622003252128
6759,0.2559273342172606
6760,0.2564934545093207
6761,0.2570605545015075
6762,0.25762863586034235
6763,0.25819774964836956
6764,0.2587678766986549
6765,0.2593389902664485
6766,0.2599110920294625
6767,0.26048421136890837
6768,0.2610583642572357
6769,0.2616335105110128
6770,0.2622096518191837
6771,0.26278680172365987
6772,0.2633649998045662
6773,0.2639441981298618
6774,0.26452439839976954
6775,0.26510560328526134
6776,0.26568786618587464
6777,0.26627113624125437
6778,0.2668554151629441
6779,0.2674407046652889
6780,0.26802704650795256
6781,0.2686144082229488
6782,0.2692027857578671
6783,0.2697921808384373
6784,0.2703826241732428
6785,0.2709740977463597
6786,0.27156659412535344
6787,0.2721601150473844
6788,0.27275468291224236
6789,0.2733502888090268
6790,0.2739469245304105
6791,0.27454459182503044
6792,0.2751433068143223
6793,0.2757430657654964
6794,0.2763438615931808
6795,0.27694569605753655
6796,0.277548580357001
6797,0.27815251335665314
6798,0.2787574903183325
6799,0.2793635130137723
6800,0.2799705884337583
6801,0.28057871673759854
6802,0.2811878961230027
6803,0.28179812837332374
6804,0.28240941638045564
6805,0.28302176150412095
6806,0.283635164863317
6807,0.2842496282530663
6808,0.2848651500004053
6809,0.2854817337178235
6810,0.28609938285957603
6811,0.2867180992324031
6812,0.28733787558816004
6813,0.2879587199299629
6814,0.28858063692014363
6815,0.2892036283772116
6816,0.28982767563426876
6817,0.2904527979180874
6818,0.29107900010138427
6819,0.2917062840144743
6820,0.29233464246416896
6821,0.2929640625906861
6822,0.29359456989926425
6823,0.2942261662320651
6824,0.29485885343424695
6825,0.29549260338419925
6826,0.29612743608054853
6827,0.2967633651276059
6828,0.29740039238243826
6829,0.2980385097679717
6830,0.29867768844067005
6831,0.2993179708231372
6832,0.2999593587843954
6833,0.3006018541965028
6834,0.3012454168595309
6835,0.30189007352107383
6836,0.30253584316556054
6837,0.3031827276770674
6838,0.3038307113541172
6839,0.304479763556962
6840,0.3051299361805473
6841,0.30578123112101313
6842,0.30643365027757774
6843,0.30708713144918337
6844,0.30774172866298943
6845,0.30839745567772947
6846,0.30905431440474906
6847,0.3097122679457931
6848,0.3103713116725156
6849,0.3110314927189095
6850,0.31169281300849855
6851,0.31235526406861214
6852,0.3130187765389824
6853,0.3136834338829354
6854,0.3143492380362186
6855,0.31501619093771394
6856,0.31568421490413334
6857,0.31635337111664974
6858,0.3170236817403342
6859,0.3176951487263605
6860,0.31836771876078707
6861,0.31904139671468507
6862,0.3197162367177652
6863,0.3203922407335438
6864,0.32106938048971756
6865,0.3217476033564639
6866,0.3224269959470518
6867,0.3231075602373898
6868,0.32378929289434605
6869,0.32447208414100764
6870,0.3251560528232772
6871,0.3258412009295059
6872,0.326527530451258
6873,0.32721493261964335
6874,0.3279035011908978
6875,0.32859325694793734
6876,0.329284201894838
6877,0.3299762428267678
6878,0.3306694353746196
6879,0.3313638229081479
6880,0.33205940744399576
6881,0.33275610930873306
6882,0.333453950208392
6883,0.33415299393213305
6884,0.3348532425092162
6885,0.33555462715097784
6886,0.33625714106264776
6887,0.33696086567575856
6888,0.3376658030322413
6889,0.33837189200349144
6890,0.3390791038698743
6891,0.3397875343544445
6892,0.3404971855118598
6893,0.341208000104719
6894,0.3419199351486133
6895,0.3426330967672622
6896,0.34334748702810375
6897,0.34406304830397005
6898,0.3447797320259736
6899,0.3454976503195435
6900,0.34621680526495374
6901,0.34693713408242793
6902,0.3476585922587341
6903,0.34838129304408577
6904,0.3491052385316481
6905,0.34983035557285413
6906,0.3505566142531424
6907,0.3512841236210378
6908,0.3520128857826532
6909,0.35274281157802895
6910,0.35347389708344085
6911,0.35420624139651763
6912,0.3549398466363762
6913,0.3556746015880251
6914,0.35641054050923393
6915,0.3571477464000691
6916,0.3578862213927091
6917,0.35862582579637353
6918,0.35936664499173615
6919,0.36010873936099475
6920,0.36085211104944664
6921,0.36159658511519405
6922,0.3623423117089845
6923,0.36308932172364894
6924,0.3638376093513176
6925,0.36458698118932853
6926,0.36533764257005447
6927,0.36608959566173654
6928,0.36684279045379475
6929,0.3675971164095705
6930,0.3683527402283651
6931,0.369109664091696
6932,0.36986778598306785
6933,0.37062709392500914
6934,0.37138770809410027
6935,0.3721496306851942
6936,0.3729126995988111
6937,0.37367701765457084
6938,0.3744426503458241
6939,0.37520959988081853
6940,0.3759776357426837
6941,0.3767469922977834
6942,0.3775176719413153
6943,0.3782896053064762
6944,0.3790626996483126
6945,0.37983712334483033
6946,0.380612878627692
6947,0.38138981549965784
6948,0.3821679973505982
6949,0.3829475170859221
6950,0.3837283769508517
6951,0.38451033722849354
6952,0.38529363569439373
6953,0.38607828062004074
6954,0.38686418627608926
6955,0.38765127790322274
6956,0.38843972234258256
6957,0.3892295218630832
6958,0.39002048720408994
6959,0.39081274576070835
6960,0.39160636578361746
6961,0.3924013071454652
6962,0.39319739457128905
6963,0.3939948498713817
6964,0.3947936753385285
6965,0.3955936199580593
6966,0.39639477154807506
6967,0.3971972994819416
6968,0.3980012060658341
6969,0.39880649360958925
6970,0.3996131340975256
6971,0.4004207589031087
6972,0.4012297708787657
6973,0.4020401723477873
6974,0.40285196563714915
6975,0.4036651530775164
6976,0.40447947551678637
6977,0.405295015657668
6978,0.4061119562037173
6979,0.40693029949913717
6980,0.4077500478918445
6981,0.4085711290681476
6982,0.4093932420781336
6983,0.4102167664744161
6984,0.4110417046185174
6985,0.4118680588756968
6986,0.41269583161495815
6987,0.41352465984620335
6988,0.4143548134385126
6989,0.41518639184735556
6990,0.41601939745542565
6991,0.41685383264918363
6992,0.4176894801895763
6993,0.41852630888808356
6994,0.419364573542936
6995,0.4202042765543541
6996,0.42104542032634834
6997,0.42188791592546726
6998,0.42273146619699686
6999,0.4235764636365953
7000,0.4244229106621026
7001,0.4252708096951746
7002,0.42612016316128387
7003,0.4269705003826242
7004,0.4278222776959018
7005,0.4286755158972395
7006,0.4295302174260299
7007,0.43038638472550816
7008,0.4312436281615081
7009,0.4321022329807619
7010,0.4329623100638196
7011,0.4338238618679068
7012,0.4346868908541161
7013,0.4355510679994796
7014,0.43641654849396627
7015,0.43728351270236565
7016,0.4381519630998341
7017,0.43902190216541664
7018,0.4398930401567484
7019,0.4407654450266745
7020,0.4416393451357499
7021,0.44251474297715493
7022,0.443391641047985
7023,0.4442697667283822
7024,0.4451491451992882
7025,0.4460300305104523
7026,0.446912425173178
7027,0.44779633170270783
7028,0.4486814716806332
7029,0.4495678734981349
7030,0.4504557938336116
7031,0.45134523521658954
7032,0.4522362001805557
7033,0.4531283808834376
7034,0.454021856308323
7035,0.45491686200623455
7036,0.4558134005250169
7037,0.4567114744165025
7038,0.4576107221395027
7039,0.45851132194315675
7040,0.4594134638529337
7041,0.46031715043509824
7042,0.461222384259926
7043,0.4621287252102519
7044,0.4630365006703985
7045,0.4639458301485144
7046,0.4648567162293849
7047,0.46576916150182907
7048,0.4666826218389458
7049,0.46759762473569527
7050,0.46851419364170543
7051,0.46943233116037986
7052,0.4703519386217311
7053,0.47127264577127403
7054,0.47219492838345256
7055,0.47311878907631083
7056,0.47404423047197275
7057,0.4749709695997117
7058,0.475898913877974
7059,0.47682844560991594
7060,0.4777595674321433
7061,0.4786922819853664
7062,0.4796265541097903
7063,0.4805617852394806
7064,0.48149861588941234
7065,0.48243704871484644
7066,0.4833770863751732
7067,0.4843187315339161
7068,0.4852614898487497
7069,0.4862056695593959
7070,0.48715146360678907
7071,0.4880988746690908
7072,0.4890479054286212
7073,0.48999825931546725
7074,0.49094983854739527
7075,0.4919030443537104
7076,0.4928578794314385
7077,0.49381434648179046
7078,0.4947723268679361
7079,0.4957313563707955
7080,0.49669202476239466
7081,0.4976543347587184
7082,0.4986182890799573
7083,0.4995838904505143
7084,0.5005504581279839
7085,0.5015186401893558
7086,0.5024884762658277
7087,0.5034599690966661
7088,0.5044331214253734
7089,0.5054073804808982
7090,0.5063831275204944
7091,0.5073605410628307
7092,0.5083396238663423
7093,0.5093203786937226
7094,0.5103023616289605
7095,0.5112857251416696
7096,0.5122707677221577
7097,0.5132574921481174
7098,0.5142459012015252
7099,0.5152356412744673
7100,0.5162266729001712
7101,0.5172193962361477
7102,0.5182138140794402
7103,0.5192099292314019
7104,0.5202074609890495
7105,0.5212062135725051
7106,0.5222066705880464
7107,0.5232088348521642
7108,0.5242127091856797
7109,0.5252180638105658
7110,0.5262245926820391
7111,0.5272328387907796
7112,0.5282428049728206
7113,0.529254494068554
7114,0.5302676934254236
7115,0.5312820544036736
7116,0.5322981455083692
7117,0.5333159695951886
7118,0.5343355295241932
7119,0.5353565954489694
7120,0.536378844837436
7121,0.5374028373261446
7122,0.5384285757905215
7123,0.5394560631103981
7124,0.5404850174410007
7125,0.5415152120243101
7126,0.5425471627668917
7127,0.5435808725640179
7128,0.5446163443153911
7129,0.5456532089192276
7130,0.546691405959999
7131,0.5477313723049072
7132,0.5487731108691726
7133,0.5498166245724716
7134,0.5508614031845219
7135,0.5519076304560879
7136,0.5529556402120333
7137,0.5540054353875461
7138,0.5550570189222921
7139,0.5561098611952355
7140,0.5571641693287873
7141,0.5582202732010995
7142,0.5592781757674047
7143,0.5603378799874413
7144,0.561398833164753
7145,0.5624612722413297
7146,0.5635255203840365
7147,0.5645915805682316
7148,0.5656594557738022
7149,0.5667285701303234
7150,0.567799189537205
7151,0.5688716314091828
7152,0.5699458987418164
7153,0.5710219945352176
7154,0.572099323931192
7155,0.5731781721948371
7156,0.5742588563924645
7157,0.5753413795399042
7158,0.5764257446575644
7159,0.5775113536293676
7160,0.5785984880426527
7161,0.5796874719434231
7162,0.5807783083678749
7163,0.5818710003568086
7164,0.5829649148023909
7165,0.5840603946564598
7166,0.5851577376393009
7167,0.5862569468075769
7168,0.5873580252225814
7169,0.5884602638508866
7170,0.5895641488998525
7171,0.5906699108072132
7172,0.5917775526501992
7173,0.5928870775106917
7174,0.5939976590969018
7175,0.5951100095554738
7176,0.5962242506909396
7177,0.597340385601197
7178,0.5984583857205692
7179,0.5995773607910897
7180,0.6006982373324459
7181,0.6018210184586074
7182,0.6029457072882364
7183,0.6040720828127721
7184,0.605199631118816
7185,0.6063290948727047
7186,0.6074604772092481
7187,0.6085937812679766
7188,0.6097285511694829
7189,0.6108647342053298
7190,0.6120028467563894
7191,0.6131428919784129
7192,0.6142848730318965
7193,0.6154280564073106
7194,0.6165729361201352
7195,0.6177197595064103
7196,0.6188685297429315
7197,0.620019182033419
7198,0.6211708660920857
7199,0.6223245048806704
7200,0.6234801015923247
7201,0.6246376594249857
7202,0.625796758078388
7203,0.6269572497418142
7204,0.628119710455439
7205,0.6292841434336339
7206,0.6304505518955773
7207,0.6316181163543872
7208,0.6327874788291321
7209,0.6339588247666342
7210,0.6351321574025807
7211,0.6363072276174422
7212,0.6374835298425104
7213,0.6386618267834071
7214,0.6398421216923831
7215,0.6410244178265431
7216,0.6422079872663912
7217,0.6433932734829937
7218,0.6445805689925017
7219,0.6457698770686606
7220,0.6469609755215802
7221,0.6481532895125033
7222,0.6493476241765941
7223,0.6505439828042962
7224,0.6517423686909471
7225,0.6529420001745271
7226,0.6541434127720128
7227,0.6553468607858038
7228,0.6565523475280142
7229,0.6577594172061147
7230,0.6589676007523863
7231,0.6601778306376239
7232,0.6613901101898154
7233,0.6626044427418851
7234,0.6638208316316971
7235,0.6650385935419613
7236,0.6662577007114007
7237,0.6674788718841181
7238,0.6687021104139339
7239,0.6699274196596341
7240,0.6711548029849728
7241,0.6723832611459365
7242,0.6736133844468783
7243,0.6748455895483417
7244,0.6760798798301167
7245,0.6773162586769859
7246,0.6785547294787291
7247,0.6797938879645776
7248,0.6810351206534603
7249,0.6822784530737952
7250,0.6835238886314767
7251,0.6847714307374222
7252,0.686020624052461
7253,0.6872709457626814
7254,0.6885233818426251
7255,0.6897779357193844
7256,0.6910346108250949
7257,0.6922934105969382
7258,0.6935533084519705
7259,0.6948149101277854
7260,0.696078644347505
7261,0.6973445145645689
7262,0.6986125242374861
7263,0.6998824538545015
7264,0.7011532834746607
7265,0.7024262604738294
7266,0.7037013883268377
7267,0.7049786705136035
7268,0.7062581105191438
7269,0.707538748995304
7270,0.7088210316203313
7271,0.7101054800441785
7272,0.7113920977682585
7273,0.7126808882991031
7274,0.7139715553787603
7275,0.7152632068835705
7276,0.7165570392210483
7277,0.7178530559141834
7278,0.7191512604911067
7279,0.7204516564850968
7280,0.7217530369434303
7281,0.7230563169430868
7282,0.7243617964431424
7283,0.7256694789934093
7284,0.726979368148869
7285,0.7282907740702322
7286,0.7296035658844766
7287,0.7309185724335402
7288,0.7322357972889967
7289,0.7335552440276161
7290,0.7348766721304864
7291,0.7361990403139168
7292,0.7375236385566175
7293,0.7388504704520092
7294,0.7401795395987252
7295,0.7415108496006161
7296,0.7428429960994261
7297,0.7441772510814536
7298,0.7455137551529263
7299,0.7468525119344249
7300,0.7481935250517708
7301,0.7495356907121112
7302,0.7508796678789214
7303,0.7522259096627245
7304,0.7535744197061327
7305,0.7549252016570152
7306,0.7562773832290987
7307,0.7576311484247868
7308,0.7589871938561448
7309,0.7603455231878895
7310,0.7617061400900197
7311,0.7630683343357573
7312,0.7644319538020785
7313,0.7657978692141937
7314,0.7671660842590078
7315,0.768536602628729
7316,0.7699088063272815
7317,0.771282346702813
7318,0.7726581988260284
7319,0.7740363664061005
7320,0.775416853157523
7321,0.7767990631097931
7322,0.7781825914292178
7323,0.7795684473902947
7324,0.7809566347245375
7325,0.7823471571688063
7326,0.7837393702010079
7327,0.785132953894509
7328,0.7865288812160091
7329,0.7879271559194426
7330,0.7893277817641124
7331,0.7907299947305424
7332,0.792133701623297
7333,0.7935397682230724
7334,0.7949481983063041
7335,0.7963589956548127
7336,0.7977712054399138
7337,0.7991851037516815
7338,0.8006013779424631
7339,0.8020200318112655
7340,0.8034410691625031
7341,0.8048632726823289
7342,0.8062874310271116
7343,0.8077139815161527
7344,0.8091429279711072
7345,0.8105742742190601
7346,0.8120064684222179
7347,0.8134409558080001
7348,0.8148778516968146
7349,0.8163171599330419
7350,0.8177586014999895
7351,0.8192010662346348
7352,0.8206459520631804
7353,0.8220932628473375
7354,0.8235430024542821
7355,0.8249944248554966
7356,0.8264473413045014
7357,0.8279026953712066
7358,0.829360490940171
7359,0.8308207319014405
7360,0.8322821321676821
7361,0.8337455704257241
7362,0.83521146291952
7363,0.8366798135565513
7364,0.8381504379136246
7365,0.8396220014452374
7366,0.8410960320002158
7367,0.8425725335035161
7368,0.8440515098856133
7369,0.8455321023784415
7370,0.8470143123038152
7371,0.8484990060368383
7372,0.849986187525513
7373,0.8514758607233762
7374,0.8529664184662955
7375,0.8544593459648325
7376,0.8559547741502385
7377,0.8574527069936263
7378,0.8589524656385202
7379,0.8604536686101157
7380,0.8619573852542491
7381,0.8634636195596412
7382,0.864972375520585
7383,0.8664820898098392
7384,0.867994136846
7385,0.8695087146012586
7386,0.8710258270875645
7387,0.8725447259156539
7388,0.8740651454479516
7389,0.8755881088118251
7390,0.8771136200369167
7391,0.8786416831584744
7392,0.8801705280963878
7393,0.8817019193980454
7394,0.883235871745833
7395,0.8847723891927393
7396,0.8863104023410162
7397,0.887850264079612
7398,0.8893927001040656
7399,0.890937714485134
7400,0.8924848862444275
7401,0.8940332610886929
7402,0.8955842235134224
7403,0.8971377776071743
7404,0.8986939274641591
7405,0.9002510291692557
7406,0.9018105608871323
7407,0.903372697641411
7408,0.9049374435441502
7409,0.9065036875762628
7410,0.908071831649049
7411,0.9096425941806483
7412,0.911215979300997
7413,0.9127913560747556
7414,0.9143681557327606
7415,0.9159475873270765
7416,0.9175296550055444
7417,0.919114154938827
7418,0.9206996535805735
7419,0.9222877976912665
7420,0.9238785914366873
7421,0.9254720389883241
7422,0.9270664461424213
7423,0.928663346391098
7424,0.9302629098802909
7425,0.9318651407994708
7426,0.9334684558749182
7427,0.9350738868620918
7428,0.9366819943020648
7429,0.9382927824016053
7430,0.9399062354680635
7431,0.941520031237552
7432,0.9431365163779488
7433,0.9447556951128068
7434,0.9463775716714197
7435,0.9480021502888338
7436,0.9496273676920128
7437,0.9512549759013753
7438,0.9528852949332057
7439,0.9545183290393655
7440,0.956154082477488
7441,0.9577907049708704
7442,0.9594295054893904
7443,0.9610710341447997
7444,0.9627152952115705
7445,0.9643622929699556
7446,0.9660102840232047
7447,0.9676603464148468
7448,0.9693131543442748
7449,0.9709687121086047
7450,0.9726270240107514
7451,0.9742863470099214
7452,0.9759477411617543
7453,0.9776118983387894
7454,0.9792788228608258
7455,0.9809485190534768
7456,0.9826191372988912
7457,0.9842919334203959
7458,0.9859675101410865
7459,0.9876458718034816
7460,0.9893270227559227
7461,0.9910088994598732
7462,0.9926931680822677
7463,0.9943802349644331
7464,0.9960701044716375
7465,0.9977627809749882
7466,0.9994558792592787
7467,1.0011516912348228
7468,1.0028503192173446
7469,1.0045517675948963
7470,1.0062557265892862
7471,1.0079603236547436
7472,1.009667750156022
7473,1.0113780104981303
7474,1.0130911090919361
7475,1.0148061396217802
7476,1.0165221751394826
7477,1.0182410576096512
7478,1.0199627914595368
7479,1.0216873811222569
7480,1.0234144280478368
7481,1.0251419704251128
7482,1.0268723773530268
7483,1.028605653281085
7484,1.0303418026646773
7485,1.032080811724935
7486,1.0338199296482093
7487,1.0355619298017553
7488,1.0373068166573585
7489,1.0390545946926975
7490,1.0408052683913511
7491,1.042556273951109
7492,1.0443099363752888
7493,1.0460665032848548
7494,1.047825979179792
7495,1.049588368565996
7496,1.0513512254717279
7497,1.053116619486636
7498,1.0548849358515902
7499,1.0566561790889
7500,1.0584303537267927
7501,1.0602050073327336
7502,1.06198220253139
7503,1.0637623380259975
7504,1.065545418361202
7505,1.0673314480875808
7506,1.069117843629951
7507,1.0709069098760124
7508,1.072698934445073
7509,1.074493921904126
7510,1.076291876826107
7511,1.0780899594199598
7512,1.0798909668452796
7513,1.081694950701671
7514,1.0835019155784882
7515,1.0853115517190968
7516,1.0871215807068193
7517,1.088934599708825
7518,1.0907506133308784
7519,1.0925696261847013
7520,1.094390841450549
7521,1.0962129344277851
7522,1.0980380356666795
7523,1.0998661497953666
7524,1.1016972814479369
7525,1.1035300206317862
7526,1.1053642484379091
7527,1.1072015028336801
7528,1.1090417884695971
7529,1.1108851100021315
7530,1.1127293177623483
7531,1.1145757514934436
7532,1.116425230222622
7533,1.1182777586227541
7534,1.1201333100205608
7535,1.1219889622284318
7536,1.1238476732338396
7537,1.1257094477260403
7538,1.127574290400275
7539,1.1294412017490034
7540,1.1313091842836287
7541,1.1331802441622225
7542,1.1350543860964049
7543,1.1369316148037865
7544,1.1388098304021035
7545,1.1406902150279843
7546,1.1425736956241526
7547,1.1444602769245849
7548,1.1463496788650023
7549,1.1482394276621002
7550,1.1501322863851378
7551,1.1520282597844456
7552,1.1539273526163571
7553,1.1558279496407442
7554,1.1577302260145297
7555,1.159635631077337
7556,1.1615441696018358
7557,1.1634558463667057
7558,1.1653675823756677
7559,1.1672824587212156
7560,1.1692004825980622
7561,1.1711216588012114
7562,1.173044423554191
7563,1.1749688108518028
7564,1.1768963597906257
7565,1.1788270751819614
7566,1.1807608178516589
7567,1.1826947558158025
7568,1.1846318695711386
7569,1.1865721639452531
7570,1.1885156437717446
7571,1.1904603621634307
7572,1.19240708052936
7573,1.1943569937201381
7574,1.1963101065856272
7575,1.198265698640214
7576,1.200222061444479
7577,1.202181633319221
7578,1.204144419130536
7579,1.2061104237505447
7580,1.2080768812755027
7581,1.2100461517285117
7582,1.212018650419218
7583,1.213994382235951
7584,1.2159716091505588
7585,1.2179506180961424
7586,1.2199328696195235
7587,1.2219183686252197
7588,1.2239063143550013
7589,1.2258951017198187
7590,1.2278871460412133
7591,1.2298824522398553
7592,1.2318810252424484
7593,1.2338796720327823
7594,1.235881549121192
7595,1.237886702520117
7596,1.2398951371723836
7597,1.2419043985881189
7598,1.2439161484070285
7599,1.245931189007719
7600,1.2479495253491086
7601,1.2499693510411305
7602,1.2519910135384527
7603,1.2540159813264589
7604,1.2560442593801293
7605,1.2580745991295315
7606,1.2601062142265604
7607,1.2621411491604466
7608,1.2641794089221956
7609,1.2662202126511248
7610,1.2682618202304403
7611,1.270306762229651
7612,1.2723550436557534
7613,1.2744062614386327
7614,1.2764579013307917
7615,1.2785128902623315
7616,1.2805712332561994
7617,1.282632815331281
7618,1.2846945273002055
7619,1.286759602963992
7620,1.2888280473614995
7621,1.2908998655376085
7622,1.2929717678695432
7623,1.2950469699823064
7624,1.2971255555356596
7625,1.2992075295903536
7626,1.301289692689993
7627,1.303375060867553
7628,1.3054638272275354
7629,1.307555996846517
7630,1.309648371290107
7631,1.3117439450278543
7632,1.3138429317242768
7633,1.3159453364717268
7634,1.3180478730272183
7635,1.3201536916786079
7636,1.3222629380987547
7637,1.3243756017738972
7638,1.3264882670324365
7639,1.3286043697852663
7640,1.3307239151501478
7641,1.3328466486526331
7642,1.334969622148383
7643,1.3370960479986185
7644,1.339225931336735
7645,1.3413586863823528
7646,1.343492006858676
7647,1.3456287945815522
7648,1.347769054699961
7649,1.3499117832597678
7650,1.3520554892081236
7651,1.3542026773261966
7652,1.3563533527784981
7653,1.3585060070876243
7654,1.3606601367123115
7655,1.362817763460152
7656,1.3649788925111226
7657,1.3671414250761833
7658,1.3693060162553135
7659,1.371474119540402
7660,1.3736457401268376
7661,1.375818103731575
7662,1.3779931939738574
7663,1.3801718113333081
7664,1.3823539610206594
7665,1.3845361087294552
7666,1.3867217351262866
7667,1.3889109036788516
7668,1.391102857584881
7669,1.3932955047719662
7670,1.395491703944294
7671,1.3976914603371344
7672,1.399893114446494
7673,1.4020963554259325
7674,1.4043031634652257
7675,1.4065135438147998
7676,1.40872485269535
7677,1.410938722939839
7678,1.413156175342518
7679,1.4153771914098636
7680,1.4175981337212973
7681,1.4198226680369483
7682,1.422050799631388
7683,1.4242807843587963
7684,1.426510432099351
7685,1.4287436837739753
7686,1.4309805446674775
7687,1.4332210200705886
7688,1.4354651152799582
7689,1.4377089918888784
7690,1.4399546046267206
7691,1.4422038438299425
7692,1.4444567148053191
7693,1.4467132228655315
7694,1.4489728582129064
7695,1.4512308836990173
7696,1.453492552928114
7697,1.4557578712228922
7698,1.4580268439119484
7699,1.4602994763297577
7700,1.4625725082743168
7701,1.4648466592255696
7702,1.467124476566266
7703,1.4694059656407776
7704,1.4716911317993486
7705,1.4739794654777176
7706,1.4762661498235927
7707,1.4785565179121303
7708,1.4808505751033547
7709,1.4831483267631531
7710,1.4854497782632667
7711,1.4877510116376484
7712,1.49005398214708
7713,1.4923606591566196
7714,1.4946710480476557
7715,1.496985154207418
7716,1.4993012313744396
7717,1.501616855944691
7718,1.503936204440212
7719,1.5062592822577596
7720,1.5085860947999201
7721,1.5109166474750946
7722,1.5132451257420168
7723,1.5155771973529115
7724,1.517913015753159
7725,1.5202525863605523
7726,1.5225959145986865
7727,1.5249387777158359
7728,1.5272836240288206
7729,1.5296322346244386
7730,1.5319846149355514
7731,1.5343407704008036
7732,1.5366977977586185
7733,1.5390554703132602
7734,1.5414169246689233
7735,1.5437821662733962
7736,1.5461512005802234
7737,1.5485221714542077
7738,1.5508927217383957
7739,1.5532670713662438
7740,1.555645225800309
7741,1.5580271905088872
7742,1.5604118840532715
7743,1.5627953634986147
7744,1.5651826598536225
7745,1.5675737785954713
7746,1.5699687252070542
7747,1.5723669204484374
7748,1.5747633804255996
7749,1.5771636749009055
7750,1.5795678093659904
7751,1.5819757893181945
7752,1.5843872651491602
7753,1.586796756963131
7754,1.5892101008852888
7755,1.5916273024215768
7756,1.5940483670836072
7757,1.5964729022563529
7758,1.5988954771416422
7759,1.6013219217658055
7760,1.603752241648923
7761,1.606186442316721
7762,1.6086238154366708
7763,1.61105952455245
7764,1.6134991210574898
7765,1.6159426104858394
7766,1.6183899983771775
7767,1.62083998789657
7768,1.623288882321733
7769,1.6257416818052888
7770,1.628198391895088
7771,1.6306590181445806
7772,1.6331214023560672
7773,1.6355835330842263
7774,1.6380495865576823
7775,1.6405195683379132
7776,1.642993483991967
7777,1.6454680410222025
7778,1.6479434589566189
7779,1.6504228173400208
7780,1.6529061217473333
7781,1.6553933777590288
7782,1.6578798855622296
7783,1.6603686415106662
7784,1.6628613556275587
7785,1.6653580335010993
7786,1.6678586807249964
7787,1.6703569170765138
7788,1.6728590617460268
7789,1.6753651823182267
7790,1.6778752843943865
7791,1.6803875201214284
7792,1.682899116071152
7793,1.6854147000628081
7794,1.6879342777051027
7795,1.6904578546122
7796,1.6929813944165806
7797,1.69550646243027
7798,1.698035536233785
7799,1.7005686214485625
7800,1.7031057237014657
7801,1.7056403449492585
7802,1.7081789353880648
7803,1.710721549376383
7804,1.713268192548189
7805,1.7158162229717326
7806,1.7183643503966402
7807,1.7209165135005287
7808,1.7234727179243334
7809,1.7260329693143581
7810,1.7285916562993335
7811,1.7311533887346868
7812,1.7337191746168716
7813,1.7362890195989873
7814,1.7388607279370614
7815,1.7414320497913813
7816,1.744007437209336
7817,1.7465868958506752
7818,1.7491704313804513
7819,1.751752371171889
7820,1.754337380071674
7821,1.756926472307438
7822,1.7595196535507125
7823,1.7621142271561014
7824,1.7647088773501134
7825,1.767307622981229
7826,1.7699104697273107
7827,1.7725174232714505
7828,1.7751213043951002
7829,1.7777292186204163
7830,1.7803412452604241
7831,1.7829573900032638
7832,1.7855755767234034
7833,1.7881926748387635
7834,1.7908138966502578
7835,1.793439247850915
7836,1.7960687341389303
7837,1.798697817574761
7838,1.8013282496745708
7839,1.803962822430795
7840,1.8066015415463277
7841,1.8092444127291947
7842,1.8118841299550374
7843,1.814527939200849
7844,1.8171759060580466
7845,1.8198280362391555
7846,1.8224813629465224
7847,1.8251344234498248
7848,1.8277916527960631
7849,1.830453056702111
7850,1.833118640889886
7851,1.8357807289944998
7852,1.8384456153757094
7853,1.8411146849882203
7854,1.8437879435546167
7855,1.8464653968024884
7856,1.8491438598540733
7857,1.851820597073549
7858,1.8545015318814477
7859,1.857186670005808
7860,1.859876017179632
7861,1.8625695791408765
7862,1.865259060697881
7863,1.8679518853017105
7864,1.8706489275517784
7865,1.873350193186229
7866,1.876055687948124
7867,1.8787606977564943
7868,1.8814654364221879
7869,1.8841744070297661
7870,1.88688761532226
7871,1.889605067047562
7872,1.892325199077421
7873,1.8950418757301346
7874,1.8977627985849275
7875,1.9004879733894438
7876,1.90321740589614
7877,1.90595110186228
7878,1.908680892993553
7879,1.911413791636986
7880,1.9141509564578743
7881,1.9168923932129631
7882,1.919638107663755
7883,1.922382177227793
7884,1.92512707484678
7885,1.9278762528325144
7886,1.9306297169457496
7887,1.93338747295195
7888,1.9361454166619818
7889,1.938902336082599
7890,1.9416635500194355
7891,1.9444290642369753
7892,1.947198884504357
7893,1.9499702987051966
7894,1.9527392623863793
7895,1.9555125346920434
7896,1.9582901213901118
7897,1.9610720282531142
7898,1.9638565099127794
7899,1.966637539939892
7900,1.9694228926571251
7901,1.9722125738355523
7902,1.9750065892508062
7903,1.9778037359521594
7904,1.9805968540305652
7905,1.9833943088206876
7906,1.9861961060964626
7907,1.989002251636323
7908,1.991811661568837
7909,1.99461688901739
7910,1.997426467153781
7911,2.0002404017545024
7912,2.0030586986004937
7913,2.0058799705520505
7914,2.0086973282965577
7915,2.0115190506580856
7916,2.0143451434153894
7917,2.0171756123516156
7918,2.0200083457003872
7919,2.022837854266991
7920,2.0256717413314065
7921,2.0285100126743463
7922,2.0313526740808503
7923,2.0341964687872482
7924,2.037038148295787
7925,2.039884220133055
7926,2.04273469008141
7927,2.045589563927475
7928,2.048444020526185
7929,2.0512978906835073
7930,2.0541561669491006
7931,2.0570188551066537
7932,2.059885960944072
7933,2.0627506805361437
7934,2.0656167606293296
7935,2.0684872605574505
7936,2.0713621861052145
7937,2.0742415430614782
7938,2.0771161273064953
7939,2.079994436196068
7940,2.082877178592838
7941,2.0857643602822087
7942,2.0886539233907
7943,2.0915400381620084
7944,2.0944305942750927
7945,2.0973255975116953
7946,2.100225053657587
7947,2.1031237228048036
7948,2.106022089227732
7949,2.1089249105511603
7950,2.1118321925569328
7951,2.114743941030869
7952,2.117651319720887
7953,2.1205619553937467
7954,2.1234770594670973
7955,2.1263966377225647
7956,2.129317942205825
7957,2.132236388211294
7958,2.135159310279742
7959,2.1380867141883737
7960,2.141018605718249
7961,2.143947865341157
7962,2.14687860104954
7963,2.149813826199531
7964,2.152753546567501
7965,2.155696043272991
7966,2.1586345879810493
7967,2.16157762967472
7968,2.1645251741254667
7969,2.1674772271084817
7970,2.170426927415576
7971,2.1733777806668755
7972,2.1763331441559375
7973,2.1792930236527703
7974,2.1822552758180502
7975,2.1852139353500686
7976,2.1881771125413447
7977,2.1911448131564737
7978,2.194117042963666
7979,2.1970857500063916
7980,2.2000567352696714
7981,2.203032251312695
7982,2.206012303897973
7983,2.208992573910019
7984,2.2119705697805885
7985,2.214953102519931
7986,2.217940177883101
7987,2.2209318016286352
7988,2.223920198686572
7989,2.2269097365846866
7990,2.22990382312068
7991,2.232902464045345
7992,2.2359052020163905
7993,2.2389017332228334
7994,2.2419028190129193
7995,2.244908465129473
7996,2.2479186773186637
7997,2.2509286726429787
7998,2.253936745452481
7999,2.256949384456956
8000,2.2599665953943178
8001,2.2629883840057436
8002,2.266005182808066
8003,2.269024802077463
8004,2.2720489990697006
8005,2.2750777795173995
8006,2.2781077119101147
8007,2.2811342985000773
8008,2.28416546853178
8009,2.287201227729042
8010,2.290241581818827
8011,2.2932774546790884
8012,2.2963155844104164
8013,2.2993583089453296
8014,2.3024056340016945
8015,2.30545385199979
8016,2.3084989277641736
8017,2.311548603897314
8018,2.3146028861077426
8019,2.317661780106985
8020,2.320715080066231
8021,2.3237716937283412
8022,2.326832918949693
8023,2.3298987614321836
8024,2.3329636231902926
8025,2.3360271599799733
8026,2.339095313736197
8027,2.3421680901509694
8028,2.345244139396654
8029,2.348314584578058
8030,2.351389652057847
8031,2.354469347517909
8032,2.3575536766429144
8033,2.3606335498188
8034,2.36371551587333
8035,2.3668021151533676
8036,2.3698933533331505
8037,2.3729836383549836
8038,2.37607248749555
8039,2.3791659750295815
8040,2.3822641066206365
8041,2.3853644331821227
8042,2.3884601495778788
8043,2.3915605094569865
8044,2.394665518472074
8045,2.3977751822783393
8046,2.4008780851005107
8047,2.4039853010705166
8048,2.4070971711763405
8049,2.4102137010619398
8050,2.4133258773568294
8051,2.4164399328159742
8052,2.419558647330857
8053,2.422682026533941
8054,2.4258031099398334
8055,2.4289239879365354
8056,2.4320495298281783
8057,2.4351797412354736
8058,2.43830936672884
8059,2.4414370499593288
8060,2.4445694018424344
8061,2.447706427986873
8062,2.450844231875904
8063,2.4539787026819986
8064,2.457117846816064
8065,2.4602616698745563
8066,2.46340728979276
8067,2.4665485301595234
8068,2.4696944484464707
8069,2.4728450502375554
8070,2.475998125137395
8071,2.4791461166908904
8072,2.48229879067285
8073,2.485456152654456
8074,2.4886163228010907
8075,2.4917710468060825
8076,2.494930457663069
8077,2.4980945609302054
8078,2.5012614678952785
8079,2.504422905252986
8080,2.5075890338006515
8081,2.510759859083153
8082,2.5139331457386707
8083,2.517101276984474
8084,2.5202741036718357
8085,2.523451631332088
8086,2.526630941844346
8087,2.529805747145543
8088,2.5329852520527085
8089,2.5361694620833766
8090,2.539354441906959
8091,2.5425359010605115
8092,2.5457220638964495
8093,2.548912935918246
8094,2.5521032317901367
8095,2.555291324220419
8096,2.5584841243206973
8097,2.5616816375801132
8098,2.564876897513798
8099,2.5680716022703507
8100,2.5712710185948815
8101,2.5744751519619458
8102,2.5776750252416747
8103,2.580876320996999
8104,2.584082332127846
8105,2.587293064093909
8106,2.5904972012689615
8107,2.5937050663162635
8108,2.5969176504553766
8109,2.6001333170471193
8110,2.60334301200994
8111,2.6065574242609437
8112,2.609776559227973
8113,2.6129956104140097
8114,2.6162112406812397
8115,2.61943159092359
8116,2.622656666552336
8117,2.6258805282113333
8118,2.629102067610593
8119,2.6323283295756865
8120,2.63555931950106
8121,2.638787610711091
8122,2.6420150326817726
8123,2.645247179712002
8124,2.6484840571791284
8125,2.651716398589339
8126,2.654949676180629
8127,2.6581876812274
8128,2.6614304190896365
8129,2.664666432913409
8130,2.667905538782347
8131,2.67114937440414
8132,2.674397075347175
8133,2.6776372551293974
8134,2.680882161538935
8135,2.6841317998993675
8136,2.687381840031193
8137,2.6906256053800983
8138,2.693874096289596
8139,2.6971273180616064
8140,2.700385275998861
8141,2.7036325768898752
8142,2.7068828940491634
8143,2.7101379383745963
8144,2.713397715144139
8145,2.716661096529007
8146,2.719913192757373
8147,2.72317001234279
8148,2.726431560538208
8149,2.729697842597203
8150,2.7329641729525296
8151,2.7362227201356735
8152,2.739485991981272
8153,2.7427539937175793
8154,2.7460267305733725
8155,2.7492952456821924
8156,2.752560193032562
8157,2.7558298661866156
8158,2.7591042703474966
8159,2.7623834107187824
8160,2.7656533509813075
8161,2.768924646922947
8162,2.772200669643906
8163,2.775481424321808
8164,2.7787646568180917
8165,2.78203752654618
8166,2.785315118710751
8167,2.7885974384632584
8168,2.7918844909553826
8169,2.795167699348537
8170,2.798446811468482
8171,2.80173064669134
8172,2.8050192101423015
8173,2.8083125069466934
8174,2.8115914873224837
8175,2.8148729127245367
8176,2.818159056154571
8177,2.8214499227050904
8178,2.824745517468631
8179,2.828039036256038
8180,2.831322698545115
8181,2.834611073605109
8182,2.8379041664954796
8183,2.841201982275602
8184,2.84450452600476
8185,2.8477946921318713
8186,2.851085221503514
8187,2.8543804632320082
8188,2.8576804223432064
8189,2.860985103862765
8190,2.864287424306828
8191,2.867580029929924
8192,2.8708773422520264
8193,2.874179366265108
8194,2.877486106960837
8195,2.8807975693305456
8196,2.8840940365115997
8197,2.887393340439281
8198,2.8906973501806466
8199,2.894006070693011
8200,2.897319506933251
8201,2.9006257863514895
8202,2.9039270021526344
8203,2.9072329177037237
8204,2.9105435379273557
8205,2.913858867745595
8206,2.917172179405681
8207,2.9204681622500486
8208,2.923768828555155
8209,2.9270741831980747
8210,2.9303842310552346
8211,2.9336989770023867
8212,2.937018425914601
8213,2.9403352709126334
8214,2.9436352572246407
8215,2.9469399201900695
8216,2.9502492646387064
8217,2.9535632953995496
8218,2.956882017300771
8219,2.9602054351696974
8220,2.9635232087035037
8221,2.966827048056105
8222,2.970135556887286
8223,2.9734487399788216
8224,2.976766602111542
8225,2.9800891480653
8226,2.983416382618963
8227,2.986732512038764
8228,2.9900400518798094
8229,2.993352253654467
8230,2.996669122095766
8231,2.9999906619356436
8232,3.003316877904907
8233,3.006647774733221
8234,3.0099597192939473
8235,3.013270804943019
8236,3.016586544608064
8237,3.0199069429726464
8238,3.0232320047190733
8239,3.026561734528385
8240,3.0298915541406677
8241,3.0332013876981114
8242,3.036515862343985
8243,3.0398349827130424
8244,3.043158753438651
8245,3.046487179152778
8246,3.0498202644859647
8247,3.0531410208504006
8248,3.0564540930802524
8249,3.0597717977789243
8250,3.0630941395304148
8251,3.0664211229171836
8252,3.0697527525201367
8253,3.0730867481525244
8254,3.0763982794200286
8255,3.0797144296233507
8256,3.083035203296677
8257,3.08636060497253
8258,3.0896906391817542
8259,3.0930253104534815
8260,3.0963454885432955
8261,3.0996599442810364
8262,3.102979009626302
8263,3.106302689061256
8264,3.109630987066243
8265,3.112963908119781
8266,3.1162928119622686
8267,3.1196054321241142
8268,3.1229226477508014
8269,3.126244463273709
8270,3.129570883122277
8271,3.132901911723974
8272,3.1362373652818407
8273,3.139548007622914
8274,3.1428632310054514
8275,3.146183039809635
8276,3.1495074384135764
8277,3.1528364311932937
8278,3.15617002252269
8279,3.159484809111822
8280,3.1627978965955235
8281,3.166115554744761
8282,3.16943778788591
8283,3.1727646003431262
8284,3.1760959964383226
8285,3.1794129985602684
8286,3.1827238053675946
8287,3.1860391678024182
8288,3.189359090138991
8289,3.1926835766492023
8290,3.1960126316025725
8291,3.199329761348588
8292,3.202638141585779
8293,3.205951062130199
8294,3.2092685272035646
8295,3.212590541025107
8296,3.215917107811567
8297,3.2192314060927156
8298,3.222535524323976
8299,3.2258441649487084
8300,3.229157332133576
8301,3.232475030042638
8302,3.2357972628373264
8303,3.2391164864987063
8304,3.242416189164885
8305,3.2457203960330396
8306,3.249029111214446
8307,3.252342338817657
8308,3.255660082948466
8309,3.2589819276285157
8310,3.262277060182841
8311,3.2655766784701172
8312,3.2688807865459064
8313,3.2721893884629165
8314,3.2755024882709773
8315,3.2788200900170126
8316,3.2821150911172965
8317,3.2854099650220836
8318,3.2887093099130573
8319,3.292013129786761
8320,3.29532142863674
8321,3.2986342104535074
8322,3.30192726509395
8323,3.305217237847857
8324,3.308511662508368
8325,3.311810543015552
8326,3.3151138833063625
8327,3.3184216873145873
8328,3.3217105943521483
8329,3.3249955082308857
8330,3.3282848546597963
8331,3.3315786375221736
8332,3.3348768606980643
8333,3.33817952806423
8334,3.3414621199782237
8335,3.3447418163129266
8336,3.3480259255649822
8337,3.3513144515606177
8338,3.354607398122675
8339,3.3579047690706054
8340,3.3611789116449495
8341,3.364453230833872
8342,3.3677319430314747
8343,3.3710150520066184
8344,3.3743025615246705
8345,3.3775936549462546
8346,3.38085806735697
8347,3.384126848877616
8348,3.3874000032230027
8349,3.3906775341043622
8350,3.393959445229299
8351,3.3972379794898453
8352,3.4004967132023074
8353,3.4037597956239507
8354,3.4070272304118068
8355,3.4102990212191933
8356,3.4135751716956935
8357,3.416839110147995
8358,3.420092003109795
8359,3.4233492241064254
8360,3.426610776736872
8361,3.429876664596289
8362,3.433146891275979
8363,3.4363942293364738
8364,3.4396411186125015
8365,3.442892314976196
8366,3.4461478219682466
8367,3.4494076431253995
8368,3.452664107427166
8369,3.4559005468309736
8370,3.4591412686171292
8371,3.4623862762718347
8372,3.4656355732772517
8373,3.4688891631114718
8374,3.4721251708554517
8375,3.475355299541943
8376,3.4785896891792976
8377,3.48182834319507
8378,3.4850712650126527
8379,3.488312681692513
8380,3.4915320985556226
8381,3.494755751295388
8382,3.4979836432847384
8383,3.5012157778923627
8384,3.5044521584826778
8385,3.507669385110445
8386,3.5108821818821476
8387,3.5140991926194696
8388,3.5173204206363753
8389,3.5205458692424805
8390,3.5237649070347046
8391,3.5269667285878086
8392,3.5301727386688455
8393,3.533382940537072
8394,3.536597337447304
8395,3.5398159326498764
8396,3.543007167179745
8397,3.546202057031945
8398,3.5494011130267165
8399,3.5526043383640826
8400,3.555811736239502
8401,3.559001301281538
8402,3.562184951174582
8403,3.565372741414873
8404,3.568564675147658
8405,3.5717607555135418
8406,3.574946962114082
8407,3.578119252170573
8408,3.5812956566298286
8409,3.584476178582357
8410,3.58766082111393
8411,3.5908420082406427
8412,3.594002818446963
8413,3.597167716964016
8414,3.6003367068275933
8415,3.603509791068671
8416,3.6066843253159417
8417,3.609833535533281
8418,3.6129868078233978
8419,3.616144145167412
8420,3.619305550541547
8421,3.622471026917109
8422,3.625609315814681
8423,3.6287508414808
8424,3.6318964057639906
8425,3.6350460115857715
8426,3.638199661862668
8427,3.641328098288962
8428,3.644457756833106
8429,3.6475914274150076
8430,3.650729112901545
8431,3.65387081615452
8432,3.656986146443911
8433,3.6601019146208187
8434,3.663221665683282
8435,3.666345402441889
8436,3.6694731277020742
8437,3.6725836174578306
8438,3.6756853769717184
8439,3.6787910900969982
8440,3.6819007595881006
8441,3.685014388194223
8442,3.688118267756752
8443,3.691205900357067
8444,3.6942974571747427
8445,3.6973929409081765
8446,3.700492354250474
8447,3.703587886113823
8448,3.7066612736079207
8449,3.709738555807592
8450,3.712819735355362
8451,3.715904814888387
8452,3.718990293329883
8453,3.722049317595803
8454,3.725112206939919
8455,3.7281789639490444
8456,3.7312495912045422
8457,3.734323341918658
8458,3.737367884918105
8459,3.7404162632549944
8460,3.7434684794605775
8461,3.746524536060596
8462,3.7495844355752794
8463,3.7526148595885003
8464,3.7556486088655054
8465,3.758686166103922
8466,3.7617275337740503
8467,3.764772714340598
8468,3.7677881567320033
8469,3.7708071590088035
8470,3.773829939231058
8471,3.7768564998137983
8472,3.779885330280167
8473,3.782885722284787
8474,3.785889859746887
8475,3.788897745032129
8476,3.79190938050047
8477,3.794920093012389
8478,3.7979055326987257
8479,3.800894687671055
8480,3.8038875602402316
8481,3.8068841527113477
8482,3.8098752247024894
8483,3.8128455946504882
8484,3.815819649611209
8485,3.818797391840906
8486,3.8217788235900123
8487,3.824748761800975
8488,3.8277039447553056
8489,3.830662782349743
8490,3.8336252767861527
8491,3.836591430260531
8492,3.8395387704010933
8493,3.8424786492851815
8494,3.845422152339885
8495,3.8483692817129134
8496,3.8513200395460525
8497,3.8542433459613514
8498,3.857167803891607
8499,3.8600958554286247
8500,3.863027502666205
8501,3.865955253637471
8502,3.86886061303263
8503,3.8717695333327735
8504,3.8746820165840328
8505,3.8775980648265227
8506,3.8804970004832255
8507,3.8833831779949937
8508,3.886272881373065
8509,3.889166112607745
8510,3.89206287368328
8511,3.894947001719525
8512,3.897813891993768
8513,3.900684273050515
8514,3.9035581468246145
8515,3.906435515244829
8516,3.9093030309569454
8517,3.9121505290933207
8518,3.915001482886327
8519,3.9178558942157458
8520,3.9207137649552255
8521,3.923562902923956
8522,3.926390904490912
8523,3.9292223265496244
8524,3.9320571709251997
8525,3.9348954394365654
8526,3.937724472998974
8527,3.94053287404885
8528,3.9433446603897173
8529,3.9461598337924038
8530,3.9489783960215257
8531,3.951785636749441
8532,3.9545743338336354
8533,3.9573663809753077
8534,3.9601617798914215
8535,3.9629605322926884
8536,3.965744329477608
8537,3.9685132196618507
8538,3.971285424640498
8539,3.9740609460770537
8540,3.976839785628749
8541,3.979598525773115
8542,3.9823475066528538
8543,3.9850997670375534
8544,3.9878553085377004
8545,3.990614132757471
8546,3.9933462390722156
8547,3.9960752087880076
8548,3.9988074226962054
8549,4.001542882354712
8550,4.0042798713182295
8551,4.006985521223394
8552,4.009694378476453
8553,4.0124064445895264
8554,4.015121721068372
8555,4.017828990042382
8556,4.020514462059514
8557,4.023203106127279
8558,4.025894923706128
8559,4.02858991625014
8560,4.031265994964093
8561,4.033931188976173
8562,4.036599519727965
8563,4.039270988628725
8564,4.041945597081311
8565,4.044586249863896
8566,4.047228120969783
8567,4.049873090040289
8568,4.052521158432432
8569,4.05517232749682
8570,4.057789518679991
8571,4.060407828501305
8572,4.063029197367692
8573,4.065653626584425
8574,4.068281117450356
8575,4.070873664532294
8576,4.073468160149894
8577,4.076065675736353
8578,4.078666212545715
8579,4.081269130896683
8580,4.083836563633886
8581,4.086406975883452
8582,4.088980368855119
8583,4.091556743752219
8584,4.094133000249195
8585,4.096676101665284
8586,4.09922214321085
8587,4.101771126045451
8588,4.104323051322215
8589,4.106871707395907
8590,4.109390170004685
8591,4.111911533155293
8592,4.114435797957627
8593,4.1169629655151585
8594,4.119483168371923
8595,4.121976661870668
8596,4.124473016098465
8597,4.1269722321161
8598,4.129474310977917
8599,4.13196530002371
8600,4.134433468465381
8601,4.1369044575750875
8602,4.139378268365036
8603,4.141854901841016
8604,4.14431601669412
8605,4.146758475250789
8606,4.149203714139936
8607,4.151651734325749
8608,4.15410253676601
8609,4.156533227309759
8610,4.158949558553436
8611,4.161368629489562
8612,4.163790441034878
8613,4.1662149940997235
8614,4.168614833171788
8615,4.171004582782273
8616,4.173397031106594
8617,4.1757921790146275
8618,4.178190027369856
8619,4.1805587268830235
8620,4.182921398671049
8621,4.18528672781676
8622,4.187654715143742
8623,4.1900253614692105
8624,4.192362793031411
8625,4.194697843137979
8626,4.19703550882391
8627,4.1993757908671085
8628,4.201718690039117
8629,4.204025444421962
8630,4.2063328346799365
8631,4.2086427988904305
8632,4.210955337786445
8633,4.213267589333326
8634,4.215544752759174
8635,4.217824447972848
8636,4.220106675669548
8637,4.222391436538173
8638,4.224669371516737
8639,4.2269188465627865
8640,4.229170812131057
8641,4.2314252688734175
8642,4.233682217435461
8643,4.235924159531371
8644,4.2381459120606895
8645,4.240370114009621
8646,4.242596765987508
8647,4.244825868597452
8648,4.247030195547544
8649,4.249224192078991
8650,4.251420597093721
8651,4.253619411159354
8652,4.25582063483732
8653,4.257985777225745
8654,4.260151984965205
8655,4.262320560421197
8656,4.264491504120457
8657,4.266653196431122
8658,4.268789256672165
8659,4.270927643543147
8660,4.273068357536847
8661,4.275211399139917
8662,4.277330791002511
8663,4.279439039424481
8664,4.2815495740981575
8665,4.283662395477034
8666,4.285775017353363
8667,4.287853177594374
8668,4.289933583466658
8669,4.292016235391293
8670,4.294101133783315
8671,4.296168537134238
8672,4.298218864876918
8673,4.300271398271476
8674,4.302326137701328
8675,4.304383083543893
8676,4.306403946087675
8677,4.308426412049981
8678,4.310451043869684
8679,4.312477841893376
8680,4.3144874023626825
8681,4.316479852183045
8682,4.318474427938191
8683,4.320471129944635
8684,4.322467855479317
8685,4.324430340658774
8686,4.326394912106787
8687,4.328361570110538
8688,4.33033031495136
8689,4.332276545031833
8690,4.334211164159664
8691,4.336147830405925
8692,4.338086544023419
8693,4.340017177483797
8694,4.341921896525068
8695,4.343828623506835
8696,4.345737358654116
8697,4.347648102186196
8698,4.349525865359676
8699,4.351402705834403
8700,4.353281515530189
8701,4.35516229463934
8702,4.35702186965674
8703,4.358868876662434
8704,4.360717814207138
8705,4.362568682456931
8706,4.364408750376846
8707,4.366225977247741
8708,4.368045096239169
8709,4.369866107491718
8710,4.371685389600793
8711,4.373472889982521
8712,4.375262244331042
8713,4.377053452762193
8714,4.378846515386312
8715,4.380608537567765
8716,4.382368181511023
8717,4.384129641625069
8718,4.385892917996313
8719,4.38762735939227
8720,4.389350956523565
8721,4.391076325611323
8722,4.392803466718533
8723,4.394532379902826
8724,4.396227070614328
8725,4.3979164767463175
8726,4.399607611056606
8727,4.401300473580398
8728,4.402994773639793
8729,4.4046483451652545
8730,4.406303601424966
8731,4.407960542432615
8732,4.409619168196701
8733,4.411270247105919
8734,4.412889754342459
8735,4.414510903259876
8736,4.416133693846139
8737,4.417758126084108
8738,4.419364451056299
8739,4.4209499375927575
8740,4.4225370231103565
8741,4.424125707572416
8742,4.425715990937236
8743,4.427276090340861
8744,4.428827601184548
8745,4.4303806686666976
8746,4.431935292727055
8747,4.433487868466214
8748,4.435003935318039
8749,4.436521516904022
8750,4.438040613146246
8751,4.439561223961939
8752,4.441064593511725
8753,4.44254682057473
8754,4.444030520775016
8755,4.445515694013132
8756,4.447002340184867
8757,4.44845520744354
8758,4.449903643669571
8759,4.451353511802093
8760,4.452804811721198
8761,4.454245363493968
8762,4.455658668106519
8763,4.457073363898926
8764,4.458489450736447
8765,4.4599069284797785
8766,4.461294337350156
8767,4.462673993862937
8768,4.4640550010853115
8769,4.46543735886412
8770,4.4668094504422395
8771,4.468154201032428
8772,4.469500262402988
8773,4.470847634387777
8774,4.4721963168162695
8775,4.4735128393366095
8776,4.47482408891705
8777,4.476136609577012
8778,4.477450401133956
8779,4.47874881612927
8780,4.480025388281059
8781,4.481303192385477
8782,4.482582228248828
8783,4.483861091043802
8784,4.4851031204295735
8785,4.486346343049196
8786,4.487590758698672
8787,4.488836367169923
8788,4.490056296454222
8789,4.491265072962586
8790,4.492475004180968
8791,4.493686089891939
8792,4.4948839775003915
8793,4.496058443575125
8794,4.497234026449532
8795,4.49841072589769
8796,4.499585202264956
8797,4.500724649440264
8798,4.501865175115361
8799,4.503006779056833
8800,4.5041494610274935
8801,4.5052642798252185
8802,4.506369897738477
8803,4.507476556040969
8804,4.508584254488984
8805,4.509676448191689
8806,4.510747307996099
8807,4.511819170742818
8808,4.51289203618245
8809,4.513960317887644
8810,4.514996569452911
8811,4.5160337869437335
8812,4.517071970105881
8813,4.518111118681662
8814,4.519116894440689
8815,4.520119617193258
8816,4.521123269026521
8817,4.522127849678893
8818,4.523107542959106
8819,4.524075921709914
8820,4.525045193381651
8821,4.526015357709677
8822,4.526967821597488
8823,4.5279020073028775
8824,4.528837050200208
8825,4.529772950022599
8826,4.530697082477003
8827,4.531597226314165
8828,4.532498192044929
8829,4.533399979400994
8830,4.5342947222130805
8831,4.535160975580971
8832,4.536028015974635
8833,4.536895843125158
8834,4.537760180897544
8835,4.538592695417784
8836,4.539425962526316
8837,4.540259981954422
8838,4.541092941100281
8839,4.541891868617989
8840,4.542691514716671
8841,4.543491879128597
8842,4.544292526889951
8843,4.545058019474521
8844,4.545824197062713
8845,4.546591059388575
8846,4.547358502873457
8847,4.548090712819323
8848,4.5488235746212
8849,4.549557088015696
8850,4.550290473253966
8851,4.550989553081274
8852,4.551689252046474
8853,4.5523895698895105
8854,4.553088080906877
8855,4.553754183362128
8856,4.554420872666383
8857,4.555088148563688
8858,4.555751006473714
8859,4.556384284530366
8860,4.557018117576072
8861,4.557652505359745
8862,4.558278967473477
8863,4.5588795743324475
8864,4.559480704749159
8865,4.5600823584781365
8866,4.560671717431042
8867,4.56123980652123
8868,4.561808388166134
8869,4.562377462126659
8870,4.5629290450226145
8871,4.563464770001281
8872,4.564000956959597
8873,4.5645376056655635
8874,4.565050773237557
8875,4.565554287990738
8876,4.566058234576064
8877,4.566562612769378
8878,4.567030554931699
8879,4.567495179083019
8880,4.567960199516894
8881,4.56842561602085
8882,4.568876696807513
8883,4.56930269984765
8884,4.569729064209964
8885,4.570155789694495
8886,4.570582876099823
8887,4.5709761145598895
8888,4.57136409107634
8889,4.571752394353667
8890,4.572141024203902
8891,4.572514752748829
8892,4.5728646077263235
8893,4.573214755686298
8894,4.5735651964550454
8895,4.573915929857666
8896,4.574230004991867
8897,4.574542262530836
8898,4.574854779694553
8899,4.575167556323301
8900,4.5754597349920605
8901,4.575734364934724
8902,4.576009221894528
8903,4.576284305727709
8904,4.576553309229442
8905,4.576790572242982
8906,4.577028030238706
8907,4.577265683089581
8908,4.577503530667764
8909,4.5777104512143625
8910,4.577910769230224
8911,4.5781112506525945
8912,4.5783118953712485
8913,4.578493624162495
8914,4.578657058823502
8915,4.578820626008066
8916,4.5789843256243055
8917,4.579139767119187
8918,4.5792665725774535
8919,4.579393480238016
8920,4.579520490028087
8921,4.579647601874446
8922,4.579739035826923
8923,4.579829536075581
8924,4.579920108709935
8925,4.580010753676696
8926,4.5800742238692935
8927,4.580128566079397
8928,4.580182951485574
8929,4.580237380055185
8930,4.580271960162716
8931,4.580290390818503
8932,4.580308836030681
8933,4.580327295787949
8934,4.580332114532577
8935,4.5803148770641045
8936,4.580297626057905
8937,4.580280361524717
8938,4.580254601382358
8939,4.580201935984273
8940,4.5801492294954524
8941,4.580096481949334
8942,4.580039377905089
8943,4.579951521337584
8944,4.579863596662833
8945,4.579775603937657
8946,4.5796864422911465
8947,4.57956362766127
8948,4.579440718439428
8949,4.579317714706475
8950,4.5791946165436945
8951,4.579038288449618
8952,4.578880624421072
8953,4.578722839948307
8954,4.578564935137409
8955,4.578375574317702
8956,4.5781833810598265
8957,4.577991041947176
8958,4.577798557111268
8959,4.577575591146001
8960,4.577349089781874
8961,4.577122417669776
8962,4.576895574967295
8963,4.576638478200681
8964,4.576377885078233
8965,4.576117096826616
8966,4.575856113630105
8967,4.575564406224903
8968,4.575269932563123
8969,4.5749752398974115
8970,4.574680328439354
8971,4.5743433939502856
8972,4.574004684885197
8973,4.57366572564198
8974,4.573326516467831
8975,4.5729870576110905
8976,4.57261595353199
8977,4.572233289415305
8978,4.571850345096988
8979,4.571467120861704
8980,4.571083616995399
8981,4.570676542520528
8982,4.570250419404804
8983,4.569823986994983
8984,4.569397245614024
8985,4.568970195586306
8986,4.568525477765884
8987,4.568056388221942
8988,4.567586961213426
8989,4.567117197102386
8990,4.566647096252438
8991,4.5661631848318684
8992,4.565651617980465
8993,4.565139686406968
8994,4.564627390513301
8995,4.5641147307030785
8996,4.563590193132054
8997,4.563036634675257
8998,4.562482685142801
8999,4.5619283449772245
9000,4.561373614622894
9001,4.560807131229367
9002,4.560212063481647
9003,4.559616579199676
9004,4.559020678867316
9005,4.558424362970401
9006,4.557814722294605
9007,4.557178624213645
9008,4.556542085025838
9009,4.555905105257075
9010,4.555267685435332
9011,4.554613779719102
9012,4.553937126936273
9013,4.553260009351066
9014,4.55258242753205
9015,4.551904382050011
9016,4.551205202876865
9017,4.5504884677274635
9018,4.549771244948276
9019,4.549053535151191
9020,4.548335338950436
9021,4.547589973031946
9022,4.546833624585066
9023,4.546076766540209
9024,4.545319399553201
9025,4.544561524282305
9026,4.5437691493863985
9027,4.542973653474518
9028,4.542177626846816
9029,4.541381070203611
9030,4.540577494281608
9031,4.5397438652647955
9032,4.538909684513077
9033,4.538074952769145
9034,4.537239670778376
9035,4.536387159351737
9036,4.53551532443114
9037,4.53464291828638
9038,4.53376994170562
9039,4.532896395479827
9040,4.53199438288471
9041,4.531084797534143
9042,4.5301746222934245
9043,4.529263857996695
9044,4.528346776896376
9045,4.52740050209631
9046,4.526453618676991
9047,4.525506127516007
9048,4.524558029493955
9049,4.523590020818869
9050,4.522606914319277
9051,4.521623182107821
9052,4.520638825108893
9053,4.519653416386733
9054,4.518634566587125
9055,4.517615073811149
9056,4.516594939027221
9057,4.515574163206952
9058,4.5145367034435315
9059,4.513481925325627
9060,4.512426488675532
9061,4.511370394509191
9062,4.510313520252643
9063,4.509223926815811
9064,4.508133659009234
9065,4.507042717893371
9066,4.505951104532074
9067,4.504841332824781
9068,4.5037166994255085
9069,4.502591377601287
9070,4.501465368460749
9071,4.500334459293721
9072,4.49917592078229
9073,4.498016679398235
9074,4.496856736295124
9075,4.49569609263009
9076,4.494511692520083
9077,4.49331898769414
9078,4.4921255674052345
9079,4.490931432855653
9080,4.489724439883404
9081,4.488498722764408
9082,4.487272277088171
9083,4.486045104102251
9084,4.484814641239053
9085,4.483556358067533
9086,4.482297333884996
9087,4.4810375699843865
9088,4.4797770676624555
9089,4.478492417656372
9090,4.477201256991448
9091,4.475909344831638
9092,4.474616682519232
9093,4.473307473680447
9094,4.47198461375955
9095,4.47066099118959
9096,4.469336607358471
9097,4.46800214397627
9098,4.466648017287344
9099,4.4652931174089705
9100,4.46393744577472
9101,4.462577089743174
9102,4.461192124094105
9103,4.459806375320237
9104,4.4584198449008445
9105,4.45703253431929
9106,4.455617631878361
9107,4.4542014579909415
9108,4.4527844931647405
9109,4.4513667389289155
9110,4.449925277356171
9111,4.448479097563427
9112,4.447032118126453
9113,4.445584340620197
9114,4.444115834177254
9115,4.442640063170302
9116,4.4411634843929635
9117,4.439686099465987
9118,4.438190110916443
9119,4.436685158925307
9120,4.4351793916085125
9121,4.43367281063258
9122,4.432148949138288
9123,4.430615221987275
9124,4.429080672517891
9125,4.427545302442386
9126,4.4259932215323605
9127,4.424431120694853
9128,4.422868191100573
9129,4.421304434507455
9130,4.419723830117203
9131,4.418133752769823
9132,4.416542840773413
9133,4.414951095931544
9134,4.413341704510659
9135,4.411724043586823
9136,4.41010554265978
9137,4.408486203578649
9138,4.406847800264574
9139,4.405202944507458
9140,4.4035572439230455
9141,4.401910700405901
9142,4.4002430972618365
9143,4.39857143127674
9144,4.396898916162419
9145,4.395225553858798
9146,4.393528598173744
9147,4.3918305024798485
9148,4.390131553869128
9149,4.388428617670826
9150,4.386705326975821
9151,4.384981178057348
9152,4.383256172941036
9153,4.381523296112919
9154,4.37977432752024
9155,4.378024497877029
9156,4.376273809253873
9157,4.374510940579335
9158,4.37273666216297
9159,4.37096152036047
9160,4.369185517287218
9161,4.367392634487579
9162,4.365593410444043
9163,4.363793321162714
9164,4.3619923688036
9165,4.360163592929285
9166,4.358333882997443
9167,4.356503303648904
9168,4.354671857095265
9169,4.3528339793073565
9170,4.3509743733994135
9171,4.349113894542257
9172,4.347252544998727
9173,4.34539032703646
9174,4.343515263788409
9175,4.341625465790476
9176,4.339734794256796
9177,4.337843251505875
9178,4.335950839861054
9179,4.334038463228258
9180,4.332119040691494
9181,4.330198744756642
9182,4.328277577797536
9183,4.3263534019858945
9184,4.324405789609368
9185,4.322457302257952
9186,4.320507942355582
9187,4.318557712331048
9188,4.316595611414873
9189,4.3146194847628525
9190,4.312642484623468
9191,4.310664613475189
9192,4.308685873801389
9193,4.306685914118305
9194,4.304681816966389
9195,4.302676848495632
9196,4.300671011238642
9197,4.298657269267206
9198,4.296626609025324
9199,4.294595077718549
9200,4.29256267792832
9201,4.290529412240973
9202,4.2884775839002875
9203,4.286420015106145
9204,4.2843615786821685
9205,4.282302277263062
9206,4.2802355145106254
9207,4.278152424613826
9208,4.276068468479264
9209,4.273983648789564
9210,4.271897968232229
9211,4.269793116717403
9212,4.267684148990187
9213,4.265574319673665
9214,4.263463631502768
9215,4.261342945103518
9216,4.259209465264402
9217,4.25707512631572
9218,4.254939931039364
9219,4.25280280351656
9220,4.250645302574235
9221,4.248486945504308
9222,4.246327735135129
9223,4.244167674299914
9224,4.24199258340922
9225,4.239810691407621
9226,4.237627949625419
9227,4.2354443609417896
9228,4.233252264614596
9229,4.231047312709071
9230,4.228841515020581
9231,4.226634874473716
9232,4.22442495865346
9233,4.2221939031353815
9234,4.219962004973937
9235,4.217729267143314
9236,4.215495692622547
9237,4.213259994725716
9238,4.211002632516177
9239,4.20874443439015
9240,4.206485403375526
9241,4.20422554250502
9242,4.201963694883149
9243,4.199680659369311
9244,4.197396795315184
9245,4.195112105801623
9246,4.192826593914249
9247,4.190538312884654
9248,4.188230225489154
9249,4.18592131756108
9250,4.183611592233456
9251,4.181301052644034
9252,4.1789861326065205
9253,4.176653603053887
9254,4.174320261590428
9255,4.1719861114005585
9256,4.169651155673374
9257,4.167309463547332
9258,4.16495309012472
9259,4.162595914009978
9260,4.160237938438093
9261,4.157879166648711
9262,4.155510636615342
9263,4.153131006427747
9264,4.1507505833468885
9265,4.148369370657522
9266,4.145987371649044
9267,4.143592000183971
9268,4.1411896894039595
9269,4.138786596093316
9270,4.136382723585751
9271,4.133978075219566
9272,4.131555916401903
9273,4.129131490513965
9274,4.1267062930057055
9275,4.124280327258978
9276,4.1218499801022475
9277,4.119404757744585
9278,4.116958771784224
9279,4.114512025645793
9280,4.112064522758424
9281,4.109607153316822
9282,4.107140903794879
9283,4.104673902582489
9284,4.102206153150773
9285,4.099737658975291
9286,4.097253480595244
9287,4.0947667382408435
9288,4.092279256610473
9289,4.089791039220897
9290,4.087297337353732
9291,4.084791356682201
9292,4.08228464607939
9293,4.079777209102498
9294,4.077269049313041
9295,4.074748622007403
9296,4.072223174811425
9297,4.0696970110149735
9298,4.067170134219216
9299,4.064639434725398
9300,4.062095732734751
9301,4.059551324293942
9302,4.057006213043
9303,4.0544604026261615
9304,4.0519032430222035
9305,4.049341061779913
9306,4.046778188281114
9307,4.044214626208102
9308,4.041646658859785
9309,4.039067166580686
9310,4.036486992951931
9311,4.033906141693121
9312,4.0313246165279235
9313,4.028730609022163
9314,4.0261335875403566
9315,4.0235358997142
9316,4.020937549303833
9317,4.018332383778469
9318,4.015718957122084
9319,4.01310487573792
9320,4.010490143421849
9321,4.007873507172554
9322,4.0052441086584
9323,4.002614067353514
9324,3.9999833870887613
9325,3.9973520716988227
9326,3.994710068453066
9327,3.9920644917241153
9328,3.98941828831691
9329,3.9867714621002848
9330,3.9841178797632693
9331,3.98145718319218
9332,3.9787958725241297
9333,3.9761339516613594
9334,3.973468600556903
9335,3.9707931910313525
9336,3.968117180280199
9337,3.9654405722382986
9338,3.9627633014088315
9339,3.9600735773374733
9340,3.9573832651924934
9341,3.9546923689406257
9342,3.9520008925521433
9343,3.9492994150515695
9344,3.9465951919238527
9345,3.943890398143803
9346,3.9411850377127293
9347,3.93847178610824
9348,3.935754034335871
9349,3.933035725627448
9350,3.930316864014571
9351,3.927591779703031
9352,3.924860873751293
9353,3.9221294248327543
9354,3.9193974370085756
9355,3.9166604906726
9356,3.9139167973293154
9357,3.911172575232936
9358,3.9084278284734184
9359,3.905679017981917
9360,3.9029228965480445
9361,3.900166260810906
9362,3.8974091148884824
9363,3.894648463312895
9364,3.8918802657884712
9365,3.889111568638576
9366,3.886342376008502
9367,3.8835699297491963
9368,3.880790001014702
9369,3.8780095875525546
9370,3.8752286935346216
9371,3.8724445205520643
9372,3.8696531985453237
9373,3.8668614069210387
9374,3.8640691498768938
9375,3.861273338022421
9376,3.8584709539111803
9377,3.8556681154972146
9378,3.85286482700327
9379,3.850057482444617
9380,3.8472443607948272
9381,3.8444308003544254
9382,3.841616805370507
9383,3.838798051107427
9384,3.8359745100473526
9385,3.833150545898842
9386,3.830326162932623
9387,3.8274961373981164
9388,3.8246624887783485
9389,3.821828432955351
9390,3.8189939742227192
9391,3.8161528299655942
9392,3.8133093795150934
9393,3.8104655379226893
9394,3.8076213095041247
9395,3.8047692119488334
9396,3.801916259427068
9397,3.7990629319940803
9398,3.7962081580483282
9399,3.7933463602669826
9400,3.7904841996122105
9401,3.7876216804396914
9402,3.7847560791501675
9403,3.781885344967714
9404,3.7790142644415643
9405,3.776142841947496
9406,3.7732666166388897
9407,3.770387228630486
9408,3.767507510958864
9409,3.7646274680191927
9410,3.7617408304730358
9411,3.758853065821616
9412,3.7559649883320754
9413,3.7530753410338655
9414,3.750179771968265
9415,3.747283902598252
9416,3.744387737353793
9417,3.741487907417624
9418,3.738584483350674
9419,3.735680776058321
9420,3.732776789987862
9421,3.7298659453381746
9422,3.7269536699782786
9423,3.72404112848466
9424,3.721128325323186
9425,3.718211608502086
9426,3.7152908187689313
9427,3.7123697801380526
9428,3.70944849709308
9429,3.7065258110617463
9430,3.7035968354164166
9431,3.700667628246382
9432,3.697738194052249
9433,3.694808537335991
9434,3.6918726301125586
9435,3.6889355748001535
9436,3.6859983099827787
9437,3.683060840178478
9438,3.680119115948123
9439,3.677174524945045
9440,3.6742297420784533
9441,3.671284771881634
9442,3.668336473423337
9443,3.665382675788655
9444,3.6624287039310652
9445,3.659474562401326
9446,3.656520255751272
9447,3.6535657885337316
9448,3.650604442180884
9449,3.647641585688343
9450,3.6446785818909078
9451,3.6417154353576913
9452,3.638752150658663
9453,3.635786065475972
9454,3.632814804389531
9455,3.629843418528354
9456,3.626871912477556
9457,3.6239002908230242
9458,3.6209285581513377
9459,3.6179500050505697
9460,3.61497070180487
9461,3.6119913010648856
9462,3.6090118074311577
9463,3.6060322255047783
9464,3.6030488387401323
9465,3.6000620679034823
9466,3.5970752224050524
9467,3.5940883068588203
9468,3.591101325879177
9469,3.5881129582876548
9470,3.585119155380417
9471,3.582125300769541
9472,3.579131399081229
9473,3.576137454941975
9474,3.573143472978552
9475,3.5701436013053476
9476,3.567143159530555
9477,3.564142693762033
9478,3.561142208637207
9479,3.5581417087935985
9480,3.5551370378226155
9481,3.5521304176976294
9482,3.549123796765293
9483,3.5461171796727817
9484,3.5431105710672206
9485,3.540101089098445
9486,3.537088686841152
9487,3.5340763070552925
9488,3.5310639543966174
9489,3.5280516335207115
9490,3.525037368621597
9491,3.5220195683703115
9492,3.5190018139517134
9493,3.5159841100290095
9494,3.512966461265121
9495,3.5099474768273944
9496,3.506924651135223
9497,3.5039018947099327
9498,3.500879212221069
9499,3.497856608337748
9500,3.4948329990172393
9501,3.4918055093254816
9502,3.48877811239852
9503,3.4857508129111445
9504,3.482723615537554
9505,3.4796955035478305
9506,3.4766637006391976
9507,3.473632014048113
9508,3.470600448453532
9509,3.467569008533635
9510,3.464536540266248
9511,3.461500764698719
9512,3.458465129047763
9513,3.455429637995403
9514,3.452394296222743
9515,3.4493576391688414
9516,3.446318221690916
9517,3.4432789677665756
9518,3.440239882079833
9519,3.4372009693136647
9520,3.434160309263586
9521,3.4311175712116824
9522,3.4280750203803323
9523,3.425032661454502
9524,3.4219904991180043
9525,3.4189460376170135
9526,3.415900291295697
9527,3.4128547558841213
9528,3.4098094360671887
9529,3.4067643365284956
9530,3.403716288568497
9531,3.400667837614259
9532,3.3976196212736753
9533,3.3945716442305844
9534,3.391523617008348
9535,3.388472503095804
9536,3.3854216428250092
9537,3.38237104087928
9538,3.3793207019403617
9539,3.3762693579319367
9540,3.3732160983170925
9541,3.3701631160588077
9542,3.367110415837464
9543,3.364058002331721
9544,3.3610035927678057
9545,3.357948467116011
9546,3.3548936425302305
9547,3.351839123686944
9548,3.348784736730235
9549,3.3457276972587207
9550,3.342670977877147
9551,3.3396145832590816
9552,3.3365585180761266
9553,3.333501413838611
9554,3.330443022192168
9555,3.3273849743204766
9556,3.3243272748914277
9557,3.321269928570786
9558,3.3182103786838377
9559,3.3151508933360776
9560,3.3120917754242467
9561,3.3090330296096235
9562,3.305973328473762
9563,3.302911740376312
9564,3.299850538800611
9565,3.296789728404088
9566,3.2937293138417947
9567,3.290669299766324
9568,3.2876085098160117
9569,3.2845458882952414
9570,3.281483681667943
9571,3.2784218945819186
9572,3.2753605316824093
9573,3.27229959761207
9574,3.2692381203140943
9575,3.266174802962516
9576,3.2631119288231076
9577,3.2600495025327834
9578,3.2569875287256953
9579,3.2539260120332303
9580,3.250864258919504
9581,3.2478005728855988
9582,3.2447373583203096
9583,3.2416746198483435
9584,3.238612362091522
9585,3.2355505896687093
9586,3.2324889819983
9587,3.22942524436263
9588,3.226362006380776
9589,3.223299272664046
9590,3.220237047820642
9591,3.2171753364556928
9592,3.214114143171166
9593,3.2110508236286996
9594,3.2079878695036728
9595,3.2049254477345013
9596,3.201863562914595
9597,3.1988022196340737
9598,3.1957414224797795
9599,3.192679279554875
9600,3.1896169071283533
9601,3.1865550950591386
9602,3.183493847924602
9603,3.180433170298701
9604,3.177373066751912
9605,3.1743125470364624
9606,3.171251044984047
9607,3.168190131193149
9608,3.1651298102239465
9609,3.1620700866330167
9610,3.1590109649733313
9611,3.1559524497941855
9612,3.1528921793274223
9613,3.1498324434436253
9614,3.1467733281625287
9615,3.1437148380221847
9616,3.1406569775568856
9617,3.1375997512970915
9618,3.1345421823636124
9619,3.1314838952451307
9620,3.1284262563970406
9621,3.125369270337773
9622,3.122312941581779
9623,3.119257274639569
9624,3.1162022740176334
9625,3.113146333150821
9626,3.1100904328312122
9627,3.1070352128271046
9628,3.1039806776320553
9629,3.1009268317354697
9630,3.0978736796226154
9631,3.094821225774568
9632,3.0917676878169518
9633,3.0887144872564134
9634,3.0856619988816347
9635,3.0826102271598805
9636,3.0795591765540746
9637,3.0765088515228323
9638,3.0734592565203753
9639,3.0704089196688478
9640,3.067358721905768
9641,3.0643092680141013
9642,3.0612605624334193
9643,3.0582126095987725
9644,3.055165413940724
9645,3.0521189798852686
9646,3.049072723453214
9647,3.0460259276889086
9648,3.04297990726078
9649,3.0399346665791858
9650,3.0368902100497914
9651,3.033846542073593
9652,3.030803667046846
9653,3.027761582428241
9654,3.0247185712504714
9655,3.0216763666423585
9656,3.018634972983569
9657,3.0155943946489074
9658,3.0125546360083337
9659,3.009515701426899
9660,3.006477595264761
9661,3.003439067794975
9662,3.0004010459171027
9663,2.997363865948677
9664,2.994327532232209
9665,2.9912920491052
9666,2.9882574209000663
9667,2.985223651944167
9668,2.982189778648093
9669,2.9791562920434247
9670,2.976123678056164
9671,2.973091940995149
9672,2.970061085164031
9673,2.9670311148612134
9674,2.9640020343798787
9675,2.960973009675625
9676,2.9579443975080006
9677,2.954916688404493
9678,2.951889886638908
9679,2.9488639964797088
9680,2.9458390221899444
9681,2.942814968027279
9682,2.939791010408495
9683,2.9367675993672577
9684,2.93374512156684
9685,2.9307235812447177
9686,2.9277029826328533
9687,2.924683329957639
9688,2.9216646274399256
9689,2.9186459737441646
9690,2.9156280788719364
9691,2.912611147138818
9692,2.9095951827447006
9693,2.9065801898837615
9694,2.903566172744488
9695,2.9005530992478215
9696,2.897540036113606
9697,2.8945279615634654
9698,2.891516879764237
9699,2.888506794876971
9700,2.88549771105686
9701,2.8824896324532427
9702,2.879482256233397
9703,2.876475278019691
9704,2.8734693177474573
9705,2.870464379543651
9706,2.8674604675292903
9707,2.8644575858193897
9708,2.861455738522957
9709,2.8584543334683126
9710,2.8554537248670036
9711,2.852454163263928
9712,2.849455652745004
9713,2.846458197390064
9714,2.843461801272787
9715,2.8404663462654938
9716,2.837471311292047
9717,2.8344773480156884
9718,2.83148446048643
9719,2.828492652748023
9720,2.8255019288379906
9721,2.822512292787556
9722,2.8195232675580852
9723,2.816535116693239
9724,2.8135480660025487
9725,2.810562119492911
9726,2.8075772811648276
9727,2.804593555012427
9728,2.801610763348699
9729,2.798628631841961
9730,2.795647624696634
9731,2.792667745881919
9732,2.7896889993605427
9733,2.7867113890886954
9734,2.7837349190160703
9735,2.7807590347414597
9736,2.777784271166128
9737,2.774810659826556
9738,2.771838204646884
9739,2.7688669095446476
9740,2.765896778430715
9741,2.762927444778628
9742,2.7599591185361922
9743,2.7569919681865493
9744,2.7540259976145154
9745,2.7510612106981993
9746,2.748097611308939
9747,2.745134959060743
9748,2.7421732580364813
9749,2.739212756310332
9750,2.7362534577270954
9751,2.7332953661247092
9752,2.7303384853342725
9753,2.727382652225513
9754,2.724427758777831
9755,2.721474087778443
9756,2.7185216430313854
9757,2.715570428333775
9758,2.7126204474757367
9759,2.7096715764112993
9760,2.706723667692068
9761,2.703777004312763
9762,2.7008315900360294
9763,2.697887428617439
9764,2.6949445238055216
9765,2.692002761356407
9766,2.689062009603229
9767,2.686122525819846
9768,2.683184313726812
9769,2.680247377037555
9770,2.677311719458312
9771,2.6743772146005873
9772,2.6714437874035264
9773,2.668511650541187
9774,2.665580807691418
9775,2.662651262524847
9776,2.659723018704825
9777,2.6567959217664225
9778,2.6538699823112624
9779,2.6509453552877393
9780,2.648022044330415
9781,2.645100053066489
9782,2.6421793851158335
9783,2.639259846901539
9784,2.636341554191537
9785,2.63342459573916
9786,2.6305089751350454
9787,2.62759469596243
9788,2.624681761797086
9789,2.6217699328657016
9790,2.618859441923769
9791,2.615950306791616
9792,2.6130425310154393
9793,2.610136118133904
9794,2.607231013273317
9795,2.6043271017495417
9796,2.6014245638023885
9797,2.5985234029406103
9798,2.595623622665401
9799,2.5927252264703355
9800,2.589828087286364
9801,2.5869322553138487
9802,2.584037817959757
9803,2.5811447786874195
9804,2.578253140952472
9805,2.5753629034289074
9806,2.5724738834576972
9807,2.569586275440338
9808,2.566700082801935
9809,2.563815308959842
9810,2.5609319573236933
9811,2.5580499430483643
9812,2.5551692675789885
9813,2.5522900245865707
9814,2.549412217449839
9815,2.5465358495397363
9816,2.543660921358393
9817,2.5407872791640562
9818,2.537915086344294
9819,2.535044346238889
9820,2.5321750621797494
9821,2.5293072374909
9822,2.526440787404292
9823,2.523575742920432
9824,2.520712167807735
9825,2.5178500653587643
9826,2.514989438858171
9827,2.5121302618127124
9828,2.5092724615757787
9829,2.506416147163836
9830,2.503561321829815
9831,2.5007079888186765
9832,2.497856151367352
9833,2.49500570190629
9834,2.4921567417512596
9835,2.4893092868840245
9836,2.486463340509545
9837,2.483618905824729
9838,2.480775915801121
9839,2.4779344013997915
9840,2.4750944082907487
9841,2.472255939638696
9842,2.4694189986002497
9843,2.466583547431988
9844,2.463749568306077
9845,2.4609171262705853
9846,2.4580862244496964
9847,2.455256865959461
9848,2.4524290332678396
9849,2.4496026770408723
9850,2.446777873495123
9851,2.443954625714028
9852,2.441132936772807
9853,2.438312802109833
9854,2.435494154577152
9855,2.432677075108254
9856,2.4298615667455725
9857,2.4270476325232644
9858,2.4242352751421015
9859,2.4214244203347186
9860,2.4186151487645597
9861,2.4158074634328193
9862,2.4130013673323796
9863,2.4101968634478537
9864,2.4073938862376894
9865,2.4045925046811223
9866,2.401792724284985
9867,2.3989945480006742
9868,2.3961979787712684
9869,2.39340295678168
9870,2.3906095456995353
9871,2.3878177504888476
9872,2.3850275740593383
9873,2.3822390183552202
9874,2.379452029108091
9875,2.376666667355495
9876,2.37388293597365
9877,2.3711008378303986
9878,2.3683203700363866
9879,2.3655414930833865
9880,2.3627642579537813
9881,2.359988667481786
9882,2.3572147244931556
9883,2.354442420055629
9884,2.3516717313815856
9885,2.348902698646856
9886,2.3461353246434555
9887,2.3433696121549064
9888,2.3406055454630064
9889,2.3378431195683964
9890,2.3350823635154243
9891,2.3323232800537435
9892,2.3295658719244914
9893,2.3268101162517105
9894,2.3240560261859433
9895,2.3213036196499504
9896,2.318552899350864
9897,2.315803867987295
9898,2.3130564954452564
9899,2.310310812837056
9900,2.3075668272320007
9901,2.304824541294577
9902,2.3020839517291036
9903,2.2993450391832475
9904,2.296607834268342
9905,2.2938723396146767
9906,2.2911385578439805
9907,2.2884064758749183
9908,2.285676096805143
9909,2.2829474384515427
9910,2.2802205034015444
9911,2.2774952942340025
9912,2.2747717887857797
9913,2.272050010931557
9914,2.2693299666626743
9915,2.2666116585235896
9916,2.263895080897733
9917,2.2611802240856838
9918,2.258467111003497
9919,2.2557557441611977
9920,2.253046126060185
9921,2.250338254878857
9922,2.247632115998604
9923,2.2449277333287863
9924,2.2422251093362946
9925,2.239524246479394
9926,2.2368251450369483
9927,2.234127788586784
9928,2.231432200610329
9929,2.228738383531263
9930,2.2260463397646317
9931,2.2233560704104844
9932,2.220667559554817
9933,2.2179808292185865
9934,2.215295881782213
9935,2.2126127196174408
9936,2.2099313437027233
9937,2.2072517402948852
9938,2.204573929234483
9939,2.2018979128586067
9940,2.199223693495647
9941,2.19655127133044
9942,2.19388063593344
9943,2.1912118044939843
9944,2.1885447793057824
9945,2.1858795626538363
9946,2.1832161534733268
9947,2.1805545453786848
9948,2.1778947526337
9949,2.175236777488645
9950,2.1725806221851114
9951,2.169926284123223
9952,2.167273761368163
9953,2.164623065136783
9954,2.161974197635909
9955,2.159327161063696
9956,2.1566819511329083
9957,2.1540385705160356
9958,2.1513970273787493
9959,2.1487573238844204
9960,2.146119462187743
9961,2.1434834362641206
9962,2.14084925335975
9963,2.138216918672775
9964,2.1355864343231157
9965,2.13295780242198
9966,2.1303310152344324
9967,2.1277060844057774
9968,2.125083012314286
9969,2.1224618010364145
9970,2.119842450349042
9971,2.1172249577630122
9972,2.1146093321742887
9973,2.1119955756245483
9974,2.109383690146794
9975,2.1067736731121713
9976,2.104165527615046
9977,2.1015592592426633
9978,2.098954869993281
9979,2.0963523618564595
9980,2.0937517300364266
9981,2.0911529826448385
9982,2.088556122287777
9983,2.085961150920091
9984,2.0833680685190767
9985,2.080776874274941
9986,2.07818757483752
9987,2.0756001721269692
9988,2.073014668054752
9989,2.070431059552893
9990,2.0678493514319656
9991,2.0652695476369596
9992,2.0626916500447
9993,2.0601156605233277
9994,2.0575415791254623
9995,2.054969405177188
9996,2.0523991448568846
9997,2.049830799998098
9998,2.047264372425706
9999,2.0446998639559624
