,0
0,2.6250423154509437e-88
1,2.625042315184984e-88
2,2.6250423149185565e-88
3,2.62504231465166e-88
4,2.6250423143842937e-88
5,2.6250423141164573e-88
6,2.6250423138481494e-88
7,2.6250423135793693e-88
8,2.625042313310116e-88
9,2.6250423130403894e-88
10,2.625042312770188e-88
11,2.62504231249951e-88
12,2.6250423122283577e-88
13,2.6250423119567263e-88
14,2.6250423116846177e-88
15,2.6250423114120303e-88
16,2.6250423111389635e-88
17,2.6250423108654155e-88
18,2.6250423105913865e-88
19,2.6250423103168754e-88
20,2.625042310041881e-88
21,2.625042309766402e-88
22,2.625042309490439e-88
23,2.62504230921399e-88
24,2.625042308937055e-88
25,2.625042308659633e-88
26,2.6250423083817224e-88
27,2.6250423081033223e-88
28,2.6250423078244323e-88
29,2.6250423075450517e-88
30,2.6250423072651794e-88
31,2.625042306984815e-88
32,2.6250423067039564e-88
33,2.6250423064226046e-88
34,2.625042306140757e-88
35,2.625042305858413e-88
36,2.625042305575573e-88
37,2.625042305292235e-88
38,2.625042305008398e-88
39,2.6250423047240617e-88
40,2.625042304439225e-88
41,2.6250423041538873e-88
42,2.625042303868048e-88
43,2.625042303581705e-88
44,2.625042303294858e-88
45,2.625042303007506e-88
46,2.6250423027196486e-88
47,2.625042302431284e-88
48,2.625042302142413e-88
49,2.6250423018530336e-88
50,2.625042301563145e-88
51,2.6250423012727454e-88
52,2.625042300981835e-88
53,2.6250423006904134e-88
54,2.6250423003984784e-88
55,2.6250423001060293e-88
56,2.625042299813066e-88
57,2.6250422995195875e-88
58,2.6250422992255925e-88
59,2.6250422989310796e-88
60,2.625042298636048e-88
61,2.6250422983404983e-88
62,2.6250422980444283e-88
63,2.6250422977478365e-88
64,2.6250422974507234e-88
65,2.6250422971530873e-88
66,2.625042296854927e-88
67,2.6250422965562425e-88
68,2.625042296257032e-88
69,2.6250422959572954e-88
70,2.625042295657031e-88
71,2.6250422953562386e-88
72,2.625042295054917e-88
73,2.625042294753065e-88
74,2.625042294450681e-88
75,2.6250422941477655e-88
76,2.6250422938443174e-88
77,2.625042293540334e-88
78,2.625042293235817e-88
79,2.625042292930763e-88
80,2.6250422926251735e-88
81,2.625042292319045e-88
82,2.625042292012379e-88
83,2.625042291705172e-88
84,2.6250422913974253e-88
85,2.625042291089136e-88
86,2.6250422907803053e-88
87,2.62504229047093e-88
88,2.6250422901610115e-88
89,2.625042289850547e-88
90,2.625042289539536e-88
91,2.6250422892279783e-88
92,2.625042288915872e-88
93,2.6250422886032157e-88
94,2.6250422882900104e-88
95,2.625042287976253e-88
96,2.625042287661944e-88
97,2.6250422873470815e-88
98,2.6250422870316655e-88
99,2.625042286715694e-88
100,2.6250422863991666e-88
101,2.625042286082082e-88
102,2.6250422857644397e-88
103,2.625042285446238e-88
104,2.6250422851274765e-88
105,2.625042284808154e-88
106,2.6250422844882697e-88
107,2.625042284167822e-88
108,2.6250422838468115e-88
109,2.625042283525235e-88
110,2.625042283203093e-88
111,2.625042282880384e-88
112,2.625042282557107e-88
113,2.6250422822332616e-88
114,2.6250422819088463e-88
115,2.6250422815838595e-88
116,2.625042281258301e-88
117,2.6250422809321697e-88
118,2.6250422806054645e-88
119,2.6250422802781845e-88
120,2.6250422799503285e-88
121,2.625042279621895e-88
122,2.625042279292884e-88
123,2.625042278963294e-88
124,2.6250422786331237e-88
125,2.625042278302373e-88
126,2.62504227797104e-88
127,2.6250422776391237e-88
128,2.625042277306624e-88
129,2.625042276973538e-88
130,2.625042276639866e-88
131,2.6250422763056073e-88
132,2.6250422759707606e-88
133,2.625042275635324e-88
134,2.6250422752992973e-88
135,2.62504227496268e-88
136,2.6250422746254694e-88
137,2.625042274287666e-88
138,2.6250422739492674e-88
139,2.6250422736102734e-88
140,2.6250422732706834e-88
141,2.6250422729304956e-88
142,2.625042272589709e-88
143,2.6250422722483224e-88
144,2.625042271906336e-88
145,2.625042271563747e-88
146,2.625042271220555e-88
147,2.62504227087676e-88
148,2.625042270532359e-88
149,2.625042270187352e-88
150,2.6250422698417385e-88
151,2.6250422694955165e-88
152,2.625042269148685e-88
153,2.625042268801243e-88
154,2.62504226845319e-88
155,2.625042268104525e-88
156,2.6250422677552457e-88
157,2.6250422674053515e-88
158,2.6250422670548417e-88
159,2.625042266703715e-88
160,2.625042266351971e-88
161,2.625042265999608e-88
162,2.625042265646625e-88
163,2.62504226529302e-88
164,2.625042264938793e-88
165,2.625042264583943e-88
166,2.625042264228468e-88
167,2.625042263872368e-88
168,2.6250422635156415e-88
169,2.6250422631582866e-88
170,2.6250422628003027e-88
171,2.6250422624416893e-88
172,2.625042262082445e-88
173,2.6250422617225683e-88
174,2.625042261362058e-88
175,2.6250422610009135e-88
176,2.625042260639133e-88
177,2.625042260276717e-88
178,2.6250422599136624e-88
179,2.6250422595499686e-88
180,2.625042259185635e-88
181,2.6250422588206606e-88
182,2.625042258455044e-88
183,2.6250422580887837e-88
184,2.625042257721879e-88
185,2.6250422573543283e-88
186,2.625042256986131e-88
187,2.625042256617286e-88
188,2.625042256247792e-88
189,2.625042255877647e-88
190,2.6250422555068516e-88
191,2.625042255135403e-88
192,2.6250422547633015e-88
193,2.625042254390544e-88
194,2.625042254017131e-88
195,2.625042253643061e-88
196,2.6250422532683326e-88
197,2.6250422528929455e-88
198,2.6250422525168965e-88
199,2.625042252140186e-88
200,2.6250422517628134e-88
201,2.6250422513847764e-88
202,2.625042251006074e-88
203,2.625042250626705e-88
204,2.6250422502466685e-88
205,2.625042249865963e-88
206,2.6250422494845883e-88
207,2.625042249102542e-88
208,2.625042248719823e-88
209,2.625042248336431e-88
210,2.6250422479523646e-88
211,2.625042247567622e-88
212,2.6250422471822015e-88
213,2.625042246796104e-88
214,2.625042246409326e-88
215,2.625042246021868e-88
216,2.625042245633728e-88
217,2.6250422452449054e-88
218,2.6250422448553973e-88
219,2.625042244465205e-88
220,2.6250422440743256e-88
221,2.6250422436827587e-88
222,2.625042243290502e-88
223,2.6250422428975553e-88
224,2.6250422425039173e-88
225,2.6250422421095866e-88
226,2.625042241714562e-88
227,2.625042241318842e-88
228,2.6250422409224257e-88
229,2.625042240525312e-88
230,2.6250422401274986e-88
231,2.625042239728986e-88
232,2.6250422393297716e-88
233,2.6250422389298554e-88
234,2.6250422385292345e-88
235,2.6250422381279097e-88
236,2.6250422377258773e-88
237,2.625042237323139e-88
238,2.6250422369196906e-88
239,2.625042236515533e-88
240,2.6250422361106636e-88
241,2.6250422357050817e-88
242,2.6250422352987865e-88
243,2.6250422348917764e-88
244,2.625042234484049e-88
245,2.625042234075606e-88
246,2.625042233666443e-88
247,2.6250422332565594e-88
248,2.6250422328459557e-88
249,2.6250422324346287e-88
250,2.6250422320225784e-88
251,2.6250422316098025e-88
252,2.6250422311963e-88
253,2.6250422307820704e-88
254,2.625042230367112e-88
255,2.625042229951422e-88
256,2.625042229535002e-88
257,2.625042229117849e-88
258,2.625042228699961e-88
259,2.625042228281338e-88
260,2.6250422278619787e-88
261,2.625042227441881e-88
262,2.6250422270210447e-88
263,2.625042226599467e-88
264,2.625042226177148e-88
265,2.625042225754085e-88
266,2.625042225330278e-88
267,2.6250422249057255e-88
268,2.625042224480426e-88
269,2.6250422240543774e-88
270,2.625042223627579e-88
271,2.6250422232000295e-88
272,2.625042222771728e-88
273,2.625042222342673e-88
274,2.6250422219128627e-88
275,2.625042221482296e-88
276,2.6250422210509715e-88
277,2.625042220618888e-88
278,2.625042220186044e-88
279,2.625042219752439e-88
280,2.62504221931807e-88
281,2.625042218882937e-88
282,2.625042218447038e-88
283,2.625042218010372e-88
284,2.625042217572938e-88
285,2.625042217134734e-88
286,2.6250422166957587e-88
287,2.625042216256011e-88
288,2.6250422158154893e-88
289,2.625042215374193e-88
290,2.625042214932119e-88
291,2.6250422144892673e-88
292,2.6250422140456375e-88
293,2.625042213601226e-88
294,2.625042213156032e-88
295,2.6250422127100556e-88
296,2.6250422122632944e-88
297,2.625042211815746e-88
298,2.62504221136741e-88
299,2.6250422109182856e-88
300,2.625042210468371e-88
301,2.625042210017664e-88
302,2.6250422095661645e-88
303,2.625042209113871e-88
304,2.6250422086607806e-88
305,2.625042208206893e-88
306,2.625042207752206e-88
307,2.6250422072967195e-88
308,2.625042206840432e-88
309,2.625042206383341e-88
310,2.6250422059254455e-88
311,2.625042205466744e-88
312,2.625042205007236e-88
313,2.625042204546919e-88
314,2.6250422040857916e-88
315,2.625042203623853e-88
316,2.6250422031611014e-88
317,2.625042202697536e-88
318,2.625042202233154e-88
319,2.6250422017679555e-88
320,2.625042201301938e-88
321,2.6250422008351e-88
322,2.6250422003674416e-88
323,2.625042199898959e-88
324,2.625042199429653e-88
325,2.6250421989595205e-88
326,2.62504219848856e-88
327,2.625042198016772e-88
328,2.6250421975441533e-88
329,2.625042197070702e-88
330,2.6250421965964186e-88
331,2.6250421961213003e-88
332,2.6250421956453465e-88
333,2.625042195168554e-88
334,2.625042194690923e-88
335,2.625042194212451e-88
336,2.625042193733138e-88
337,2.6250421932529807e-88
338,2.625042192771979e-88
339,2.62504219229013e-88
340,2.6250421918074343e-88
341,2.6250421913238876e-88
342,2.6250421908394914e-88
343,2.625042190354242e-88
344,2.625042189868139e-88
345,2.62504218938118e-88
346,2.6250421888933645e-88
347,2.6250421884046905e-88
348,2.625042187915157e-88
349,2.6250421874247613e-88
350,2.625042186933502e-88
351,2.62504218644138e-88
352,2.6250421859483905e-88
353,2.625042185454534e-88
354,2.6250421849598086e-88
355,2.625042184464212e-88
356,2.6250421839677435e-88
357,2.625042183470402e-88
358,2.625042182972184e-88
359,2.6250421824730905e-88
360,2.625042181973118e-88
361,2.6250421814722655e-88
362,2.625042180970532e-88
363,2.625042180467916e-88
364,2.6250421799644145e-88
365,2.625042179460028e-88
366,2.625042178954753e-88
367,2.625042178448589e-88
368,2.6250421779415345e-88
369,2.625042177433587e-88
370,2.625042176924747e-88
371,2.62504217641501e-88
372,2.6250421759043765e-88
373,2.625042175392845e-88
374,2.6250421748804133e-88
375,2.625042174367079e-88
376,2.625042173852842e-88
377,2.6250421733376996e-88
378,2.6250421728216514e-88
379,2.625042172304694e-88
380,2.625042171786828e-88
381,2.6250421712680497e-88
382,2.625042170748359e-88
383,2.6250421702277537e-88
384,2.6250421697062316e-88
385,2.6250421691837926e-88
386,2.625042168660434e-88
387,2.6250421681361537e-88
388,2.625042167610952e-88
389,2.625042167084825e-88
390,2.6250421665577735e-88
391,2.6250421660297926e-88
392,2.6250421655008835e-88
393,2.6250421649710436e-88
394,2.6250421644402716e-88
395,2.625042163908566e-88
396,2.625042163375923e-88
397,2.6250421628423445e-88
398,2.6250421623078255e-88
399,2.6250421617723666e-88
400,2.6250421612359656e-88
401,2.6250421606986203e-88
402,2.6250421601603296e-88
403,2.625042159621092e-88
404,2.625042159080905e-88
405,2.625042158539767e-88
406,2.625042157997677e-88
407,2.625042157454633e-88
408,2.6250421569106334e-88
409,2.625042156365677e-88
410,2.625042155819761e-88
411,2.6250421552728843e-88
412,2.625042154725045e-88
413,2.6250421541762426e-88
414,2.6250421536264735e-88
415,2.625042153075737e-88
416,2.6250421525240314e-88
417,2.625042151971355e-88
418,2.6250421514177067e-88
419,2.625042150863083e-88
420,2.625042150307484e-88
421,2.625042149750907e-88
422,2.6250421491933506e-88
423,2.625042148634813e-88
424,2.6250421480752923e-88
425,2.6250421475147876e-88
426,2.6250421469532956e-88
427,2.625042146390816e-88
428,2.625042145827346e-88
429,2.6250421452628854e-88
430,2.625042144697431e-88
431,2.625042144130981e-88
432,2.625042143563535e-88
433,2.62504214299509e-88
434,2.6250421424256446e-88
435,2.625042141855198e-88
436,2.625042141283746e-88
437,2.6250421407112897e-88
438,2.6250421401378253e-88
439,2.625042139563352e-88
440,2.6250421389878673e-88
441,2.625042138411371e-88
442,2.6250421378338585e-88
443,2.625042137255331e-88
444,2.6250421366757846e-88
445,2.6250421360952185e-88
446,2.625042135513631e-88
447,2.6250421349310205e-88
448,2.6250421343473837e-88
449,2.6250421337627205e-88
450,2.625042133177028e-88
451,2.6250421325903057e-88
452,2.6250421320025495e-88
453,2.6250421314137603e-88
454,2.625042130823934e-88
455,2.62504213023307e-88
456,2.625042129641166e-88
457,2.625042129048221e-88
458,2.625042128454232e-88
459,2.6250421278591985e-88
460,2.6250421272631166e-88
461,2.6250421266659866e-88
462,2.6250421260678057e-88
463,2.625042125468572e-88
464,2.6250421248682845e-88
465,2.625042124266939e-88
466,2.625042123664537e-88
467,2.6250421230610736e-88
468,2.625042122456549e-88
469,2.6250421218509597e-88
470,2.6250421212443057e-88
471,2.6250421206365836e-88
472,2.625042120027792e-88
473,2.625042119417929e-88
474,2.625042118806993e-88
475,2.6250421181949817e-88
476,2.6250421175818934e-88
477,2.625042116967727e-88
478,2.625042116352479e-88
479,2.625042115736148e-88
480,2.6250421151187327e-88
481,2.625042114500231e-88
482,2.625042113880641e-88
483,2.6250421132599606e-88
484,2.625042112638188e-88
485,2.6250421120153204e-88
486,2.625042111391358e-88
487,2.6250421107662964e-88
488,2.625042110140136e-88
489,2.625042109512873e-88
490,2.6250421088845055e-88
491,2.625042108255033e-88
492,2.6250421076244523e-88
493,2.6250421069927626e-88
494,2.625042106359961e-88
495,2.6250421057260457e-88
496,2.6250421050910146e-88
497,2.625042104454866e-88
498,2.6250421038175983e-88
499,2.625042103179209e-88
500,2.625042102539696e-88
501,2.6250421018990577e-88
502,2.625042101257292e-88
503,2.625042100614398e-88
504,2.6250420999703714e-88
505,2.6250420993252114e-88
506,2.625042098678917e-88
507,2.625042098031485e-88
508,2.6250420973829125e-88
509,2.6250420967331995e-88
510,2.6250420960823435e-88
511,2.625042095430342e-88
512,2.6250420947771926e-88
513,2.6250420941228937e-88
514,2.625042093467444e-88
515,2.6250420928108407e-88
516,2.625042092153082e-88
517,2.6250420914941655e-88
518,2.625042090834089e-88
519,2.6250420901728515e-88
520,2.6250420895104507e-88
521,2.625042088846884e-88
522,2.625042088182149e-88
523,2.6250420875162446e-88
524,2.625042086849168e-88
525,2.625042086180918e-88
526,2.625042085511492e-88
527,2.6250420848408873e-88
528,2.625042084169103e-88
529,2.625042083496137e-88
530,2.6250420828219865e-88
531,2.625042082146649e-88
532,2.6250420814701237e-88
533,2.6250420807924075e-88
534,2.6250420801134987e-88
535,2.625042079433395e-88
536,2.625042078752095e-88
537,2.6250420780695956e-88
538,2.625042077385895e-88
539,2.6250420767009915e-88
540,2.625042076014883e-88
541,2.6250420753275666e-88
542,2.6250420746390406e-88
543,2.6250420739493035e-88
544,2.6250420732583526e-88
545,2.625042072566185e-88
546,2.6250420718728e-88
547,2.625042071178194e-88
548,2.6250420704823666e-88
549,2.6250420697853145e-88
550,2.6250420690870357e-88
551,2.6250420683875274e-88
552,2.625042067686789e-88
553,2.6250420669848174e-88
554,2.62504206628161e-88
555,2.6250420655771653e-88
556,2.625042064871481e-88
557,2.625042064164555e-88
558,2.6250420634563846e-88
559,2.625042062746968e-88
560,2.625042062036303e-88
561,2.625042061324388e-88
562,2.6250420606112194e-88
563,2.625042059896796e-88
564,2.6250420591811156e-88
565,2.625042058464175e-88
566,2.625042057745973e-88
567,2.625042057026508e-88
568,2.6250420563057757e-88
569,2.625042055583776e-88
570,2.6250420548605055e-88
571,2.625042054135962e-88
572,2.625042053410144e-88
573,2.625042052683048e-88
574,2.625042051954672e-88
575,2.625042051225016e-88
576,2.6250420504940743e-88
577,2.6250420497618464e-88
578,2.6250420490283314e-88
579,2.625042048293524e-88
580,2.6250420475574244e-88
581,2.625042046820029e-88
582,2.625042046081336e-88
583,2.6250420453413426e-88
584,2.625042044600048e-88
585,2.625042043857448e-88
586,2.625042043113542e-88
587,2.6250420423683264e-88
588,2.6250420416217993e-88
589,2.6250420408739585e-88
590,2.6250420401248023e-88
591,2.6250420393743267e-88
592,2.6250420386225307e-88
593,2.625042037869412e-88
594,2.6250420371149677e-88
595,2.625042036359196e-88
596,2.6250420356020944e-88
597,2.6250420348436603e-88
598,2.625042034083892e-88
599,2.6250420333227855e-88
600,2.6250420325603404e-88
601,2.625042031796553e-88
602,2.6250420310314223e-88
603,2.625042030264945e-88
604,2.6250420294971186e-88
605,2.6250420287279405e-88
606,2.6250420279574096e-88
607,2.625042027185522e-88
608,2.6250420264122765e-88
609,2.6250420256376704e-88
610,2.625042024861701e-88
611,2.625042024084366e-88
612,2.625042023305663e-88
613,2.62504202252559e-88
614,2.625042021744144e-88
615,2.6250420209613233e-88
616,2.625042020177124e-88
617,2.625042019391545e-88
618,2.625042018604584e-88
619,2.625042017816238e-88
620,2.6250420170265044e-88
621,2.625042016235381e-88
622,2.625042015442866e-88
623,2.6250420146489556e-88
624,2.625042013853649e-88
625,2.625042013056942e-88
626,2.625042012258833e-88
627,2.625042011459319e-88
628,2.625042010658399e-88
629,2.6250420098560696e-88
630,2.6250420090523284e-88
631,2.625042008247172e-88
632,2.625042007440599e-88
633,2.625042006632606e-88
634,2.625042005823192e-88
635,2.6250420050123535e-88
636,2.625042004200088e-88
637,2.6250420033863926e-88
638,2.6250420025712657e-88
639,2.6250420017547044e-88
640,2.625042000936706e-88
641,2.6250420001172684e-88
642,2.6250419992963886e-88
643,2.625041998474064e-88
644,2.625041997650292e-88
645,2.625041996825071e-88
646,2.625041995998397e-88
647,2.6250419951702694e-88
648,2.625041994340684e-88
649,2.625041993509639e-88
650,2.6250419926771304e-88
651,2.6250419918431575e-88
652,2.6250419910077175e-88
653,2.625041990170806e-88
654,2.625041989332423e-88
655,2.625041988492564e-88
656,2.6250419876512273e-88
657,2.6250419868084097e-88
658,2.625041985964109e-88
659,2.625041985118322e-88
660,2.6250419842710475e-88
661,2.6250419834222816e-88
662,2.625041982572022e-88
663,2.625041981720266e-88
664,2.625041980867011e-88
665,2.625041980012255e-88
666,2.625041979155995e-88
667,2.625041978298228e-88
668,2.625041977438951e-88
669,2.625041976578162e-88
670,2.625041975715858e-88
671,2.6250419748520366e-88
672,2.625041973986696e-88
673,2.6250419731198314e-88
674,2.6250419722514417e-88
675,2.625041971381524e-88
676,2.6250419705100753e-88
677,2.6250419696370936e-88
678,2.625041968762574e-88
679,2.625041967886517e-88
680,2.625041967008918e-88
681,2.625041966129774e-88
682,2.6250419652490835e-88
683,2.625041964366843e-88
684,2.6250419634830497e-88
685,2.6250419625977016e-88
686,2.625041961710795e-88
687,2.6250419608223285e-88
688,2.6250419599322974e-88
689,2.625041959040701e-88
690,2.625041958147535e-88
691,2.6250419572527973e-88
692,2.625041956356485e-88
693,2.625041955458595e-88
694,2.625041954559126e-88
695,2.625041953658073e-88
696,2.625041952755435e-88
697,2.6250419518512085e-88
698,2.6250419509453905e-88
699,2.6250419500379785e-88
700,2.625041949128969e-88
701,2.625041948218361e-88
702,2.62504194730615e-88
703,2.6250419463923337e-88
704,2.6250419454769096e-88
705,2.6250419445598743e-88
706,2.625041943641225e-88
707,2.6250419427209594e-88
708,2.625041941799074e-88
709,2.625041940875566e-88
710,2.625041939950434e-88
711,2.6250419390236737e-88
712,2.6250419380952816e-88
713,2.625041937165256e-88
714,2.625041936233594e-88
715,2.6250419353002924e-88
716,2.625041934365348e-88
717,2.6250419334287593e-88
718,2.625041932490521e-88
719,2.625041931550633e-88
720,2.6250419306090904e-88
721,2.625041929665891e-88
722,2.6250419287210315e-88
723,2.6250419277745095e-88
724,2.6250419268263217e-88
725,2.625041925876465e-88
726,2.6250419249249376e-88
727,2.625041923971735e-88
728,2.625041923016855e-88
729,2.6250419220602953e-88
730,2.6250419211020516e-88
731,2.6250419201421214e-88
732,2.6250419191805023e-88
733,2.6250419182171905e-88
734,2.625041917252184e-88
735,2.6250419162854793e-88
736,2.625041915317073e-88
737,2.625041914346963e-88
738,2.625041913375146e-88
739,2.625041912401618e-88
740,2.625041911426377e-88
741,2.6250419104494203e-88
742,2.625041909470744e-88
743,2.6250419084903455e-88
744,2.625041907508222e-88
745,2.62504190652437e-88
746,2.625041905538786e-88
747,2.625041904551468e-88
748,2.625041903562413e-88
749,2.625041902571617e-88
750,2.625041901579077e-88
751,2.625041900584791e-88
752,2.625041899588755e-88
753,2.625041898590967e-88
754,2.625041897591422e-88
755,2.625041896590119e-88
756,2.6250418955870526e-88
757,2.625041894582222e-88
758,2.6250418935756225e-88
759,2.6250418925672525e-88
760,2.625041891557107e-88
761,2.625041890545184e-88
762,2.625041889531481e-88
763,2.625041888515994e-88
764,2.625041887498719e-88
765,2.625041886479654e-88
766,2.6250418854587963e-88
767,2.625041884436142e-88
768,2.625041883411688e-88
769,2.625041882385431e-88
770,2.625041881357368e-88
771,2.625041880327496e-88
772,2.6250418792958116e-88
773,2.625041878262311e-88
774,2.6250418772269933e-88
775,2.625041876189852e-88
776,2.625041875150886e-88
777,2.6250418741100923e-88
778,2.625041873067466e-88
779,2.625041872023006e-88
780,2.6250418709767074e-88
781,2.6250418699285673e-88
782,2.625041868878583e-88
783,2.6250418678267513e-88
784,2.6250418667730676e-88
785,2.625041865717531e-88
786,2.625041864660136e-88
787,2.6250418636008797e-88
788,2.625041862539761e-88
789,2.625041861476773e-88
790,2.6250418604119153e-88
791,2.625041859345184e-88
792,2.6250418582765754e-88
793,2.6250418572060857e-88
794,2.625041856133713e-88
795,2.625041855059452e-88
796,2.6250418539833016e-88
797,2.625041852905257e-88
798,2.625041851825315e-88
799,2.625041850743473e-88
800,2.625041849659727e-88
801,2.6250418485740736e-88
802,2.62504184748651e-88
803,2.6250418463970325e-88
804,2.6250418453056375e-88
805,2.625041844212322e-88
806,2.625041843117083e-88
807,2.6250418420199154e-88
808,2.625041840920818e-88
809,2.625041839819786e-88
810,2.625041838716817e-88
811,2.6250418376119064e-88
812,2.625041836505052e-88
813,2.6250418353962494e-88
814,2.6250418342854956e-88
815,2.625041833172787e-88
816,2.62504183205812e-88
817,2.625041830941492e-88
818,2.625041829822899e-88
819,2.6250418287023365e-88
820,2.625041827579803e-88
821,2.625041826455294e-88
822,2.625041825328806e-88
823,2.625041824200335e-88
824,2.625041823069879e-88
825,2.625041821937433e-88
826,2.6250418208029943e-88
827,2.62504181966656e-88
828,2.625041818528125e-88
829,2.6250418173876866e-88
830,2.6250418162452417e-88
831,2.6250418151007865e-88
832,2.6250418139543166e-88
833,2.6250418128058297e-88
834,2.625041811655321e-88
835,2.625041810502788e-88
836,2.6250418093482275e-88
837,2.625041808191634e-88
838,2.6250418070330066e-88
839,2.625041805872339e-88
840,2.625041804709629e-88
841,2.6250418035448737e-88
842,2.625041802378068e-88
843,2.625041801209209e-88
844,2.625041800038294e-88
845,2.625041798865317e-88
846,2.625041797690276e-88
847,2.6250417965131684e-88
848,2.625041795333988e-88
849,2.6250417941527336e-88
850,2.6250417929693996e-88
851,2.625041791783983e-88
852,2.625041790596481e-88
853,2.625041789406889e-88
854,2.625041788215204e-88
855,2.6250417870214216e-88
856,2.6250417858255386e-88
857,2.6250417846275505e-88
858,2.6250417834274545e-88
859,2.6250417822252467e-88
860,2.625041781020923e-88
861,2.62504177981448e-88
862,2.625041778605914e-88
863,2.6250417773952214e-88
864,2.625041776182398e-88
865,2.62504177496744e-88
866,2.6250417737503445e-88
867,2.6250417725311074e-88
868,2.625041771309724e-88
869,2.6250417700861915e-88
870,2.6250417688605055e-88
871,2.6250417676326636e-88
872,2.6250417664026596e-88
873,2.625041765170491e-88
874,2.6250417639361553e-88
875,2.6250417626996466e-88
876,2.6250417614609625e-88
877,2.6250417602200985e-88
878,2.62504175897705e-88
879,2.625041757731815e-88
880,2.625041756484388e-88
881,2.6250417552347664e-88
882,2.625041753982945e-88
883,2.6250417527289206e-88
884,2.6250417514726904e-88
885,2.625041750214249e-88
886,2.6250417489535925e-88
887,2.625041747690718e-88
888,2.6250417464256214e-88
889,2.625041745158298e-88
890,2.6250417438887447e-88
891,2.625041742616957e-88
892,2.625041741342931e-88
893,2.6250417400666635e-88
894,2.6250417387881495e-88
895,2.6250417375073864e-88
896,2.6250417362243685e-88
897,2.6250417349390937e-88
898,2.625041733651556e-88
899,2.6250417323617537e-88
900,2.6250417310696807e-88
901,2.6250417297753345e-88
902,2.62504172847871e-88
903,2.6250417271798043e-88
904,2.6250417258786125e-88
905,2.6250417245751303e-88
906,2.625041723269355e-88
907,2.6250417219612817e-88
908,2.6250417206509063e-88
909,2.625041719338225e-88
910,2.6250417180232336e-88
911,2.6250417167059283e-88
912,2.625041715386305e-88
913,2.625041714064359e-88
914,2.6250417127400863e-88
915,2.625041711413484e-88
916,2.625041710084547e-88
917,2.6250417087532715e-88
918,2.6250417074196525e-88
919,2.625041706083687e-88
920,2.625041704745371e-88
921,2.625041703404699e-88
922,2.625041702061668e-88
923,2.6250417007162736e-88
924,2.625041699368512e-88
925,2.625041698018378e-88
926,2.6250416966658684e-88
927,2.6250416953109786e-88
928,2.625041693953704e-88
929,2.6250416925940417e-88
930,2.6250416912319864e-88
931,2.625041689867534e-88
932,2.625041688500681e-88
933,2.6250416871314215e-88
934,2.6250416857597534e-88
935,2.625041684385671e-88
936,2.6250416830091705e-88
937,2.625041681630247e-88
938,2.6250416802488983e-88
939,2.6250416788651184e-88
940,2.6250416774789024e-88
941,2.625041676090248e-88
942,2.6250416746991493e-88
943,2.625041673305603e-88
944,2.6250416719096043e-88
945,2.6250416705111486e-88
946,2.6250416691102317e-88
947,2.6250416677068497e-88
948,2.625041666300998e-88
949,2.625041664892673e-88
950,2.625041663481869e-88
951,2.625041662068582e-88
952,2.625041660652808e-88
953,2.625041659234543e-88
954,2.625041657813782e-88
955,2.625041656390521e-88
956,2.6250416549647554e-88
957,2.6250416535364804e-88
958,2.625041652105692e-88
959,2.6250416506723857e-88
960,2.6250416492365574e-88
961,2.625041647798202e-88
962,2.625041646357315e-88
963,2.625041644913893e-88
964,2.625041643467931e-88
965,2.625041642019424e-88
966,2.6250416405683676e-88
967,2.6250416391147583e-88
968,2.6250416376585913e-88
969,2.625041636199861e-88
970,2.625041634738563e-88
971,2.625041633274695e-88
972,2.6250416318082505e-88
973,2.625041630339225e-88
974,2.625041628867614e-88
975,2.6250416273934137e-88
976,2.6250416259166193e-88
977,2.6250416244372253e-88
978,2.625041622955229e-88
979,2.625041621470624e-88
980,2.6250416199834064e-88
981,2.6250416184935714e-88
982,2.6250416170011156e-88
983,2.6250416155060323e-88
984,2.6250416140083187e-88
985,2.625041612507969e-88
986,2.62504161100498e-88
987,2.6250416094993445e-88
988,2.62504160799106e-88
989,2.6250416064801215e-88
990,2.625041604966524e-88
991,2.625041603450263e-88
992,2.625041601931333e-88
993,2.625041600409731e-88
994,2.62504159888545e-88
995,2.6250415973584883e-88
996,2.6250415958288386e-88
997,2.625041594296497e-88
998,2.625041592761459e-88
999,2.6250415912237195e-88
1000,2.625041589683274e-88
1001,2.6250415881401175e-88
1002,2.6250415865942455e-88
1003,2.625041585045653e-88
1004,2.6250415834943353e-88
1005,2.625041581940287e-88
1006,2.6250415803835054e-88
1007,2.6250415788239834e-88
1008,2.6250415772617166e-88
1009,2.6250415756967007e-88
1010,2.625041574128931e-88
1011,2.625041572558403e-88
1012,2.6250415709851096e-88
1013,2.625041569409049e-88
1014,2.625041567830214e-88
1015,2.6250415662486006e-88
1016,2.625041564664204e-88
1017,2.6250415630770193e-88
1018,2.625041561487042e-88
1019,2.625041559894266e-88
1020,2.6250415582986874e-88
1021,2.6250415567003005e-88
1022,2.6250415550991007e-88
1023,2.625041553495084e-88
1024,2.625041551888244e-88
1025,2.625041550278576e-88
1026,2.6250415486660763e-88
1027,2.625041547050738e-88
1028,2.625041545432558e-88
1029,2.6250415438115287e-88
1030,2.6250415421876483e-88
1031,2.6250415405609094e-88
1032,2.6250415389313085e-88
1033,2.625041537298839e-88
1034,2.6250415356634975e-88
1035,2.6250415340252774e-88
1036,2.6250415323841746e-88
1037,2.625041530740184e-88
1038,2.6250415290933007e-88
1039,2.625041527443519e-88
1040,2.6250415257908334e-88
1041,2.6250415241352396e-88
1042,2.625041522476733e-88
1043,2.625041520815308e-88
1044,2.625041519150958e-88
1045,2.62504151748368e-88
1046,2.6250415158134677e-88
1047,2.625041514140316e-88
1048,2.62504151246422e-88
1049,2.625041510785175e-88
1050,2.625041509103174e-88
1051,2.625041507418214e-88
1052,2.6250415057302885e-88
1053,2.6250415040393927e-88
1054,2.625041502345521e-88
1055,2.625041500648669e-88
1056,2.6250414989488305e-88
1057,2.625041497246001e-88
1058,2.625041495540175e-88
1059,2.625041493831346e-88
1060,2.625041492119511e-88
1061,2.625041490404663e-88
1062,2.625041488686797e-88
1063,2.6250414869659086e-88
1064,2.625041485241992e-88
1065,2.6250414835150405e-88
1066,2.625041481785051e-88
1067,2.6250414800520164e-88
1068,2.6250414783159324e-88
1069,2.6250414765767934e-88
1070,2.6250414748345937e-88
1071,2.625041473089328e-88
1072,2.6250414713409914e-88
1073,2.6250414695895775e-88
1074,2.625041467835081e-88
1075,2.625041466077498e-88
1076,4.3866197246573343e-13
1077,2.5104455850867453e-12
1078,4.585875095314369e-12
1079,6.664956919147383e-12
1080,8.869680897720902e-12
1081,1.1101822933536443e-11
1082,1.3337893063586221e-11
1083,1.5599768516705418e-11
1084,1.7999554349749305e-11
1085,2.0403563294361976e-11
1086,2.281180278231417e-11
1087,2.5301984893861507e-11
1088,2.788551142569543e-11
1089,3.04735844135409e-11
1090,3.306621185818428e-11
1091,3.5808740093625775e-11
1092,3.858890514953037e-11
1093,4.13739627033077e-11
1094,4.4199802558497856e-11
1095,4.718500882625689e-11
1096,5.017546842069302e-11
1097,5.3171190586533103e-11
1098,5.6290819217195794e-11
1099,5.950037692363441e-11
1100,6.27155827674251e-11
1101,6.593704365361495e-11
1102,6.93801532018555e-11
1103,7.282932188887584e-11
1104,7.628456037746068e-11
1105,7.98481898270686e-11
1106,8.354659429602093e-11
1107,8.725150716835124e-11
1108,9.096293989745327e-11
1109,9.490366638198247e-11
1110,9.887438470600968e-11
1111,1.0285209064770443e-10
1112,1.0693900847982569e-10
1113,1.1119253192983555e-10
1114,1.1545354067420557e-10
1115,1.1972204788544765e-10
1116,1.2424766071802168e-10
1117,1.2880991071863335e-10
1118,1.3338018930646425e-10
1119,1.38083994257777e-10
1120,1.4296637290356004e-10
1121,1.478573434946816e-10
1122,1.5275692115111925e-10
1123,1.5797079745795726e-10
1124,1.6320237280775202e-10
1125,1.684431546145707e-10
1126,1.7387532830561965e-10
1127,1.7947108226488913e-10
1128,1.850766835578339e-10
1129,1.9073011446597762e-10
1130,1.967126233280955e-10
1131,2.0270566012999404e-10
1132,2.0870924339858696e-10
1133,2.1498457163130267e-10
1134,2.213888560706241e-10
1135,2.2780441068472965e-10
1136,2.3434786647292466e-10
1137,2.4118846039901077e-10
1138,2.4804109231147387e-10
1139,2.54905783394581e-10
1140,2.6217312834011323e-10
1141,2.69492401774875e-10
1142,2.7682455556977783e-10
1143,2.8440725313365444e-10
1144,2.9222098921296636e-10
1145,3.000484758011505e-10
1146,3.0796457518281503e-10
1147,3.1630198675989824e-10
1148,3.246540704029658e-10
1149,3.330208519317018e-10
1150,3.4181486592984034e-10
1151,3.507222623013765e-10
1152,3.5964533379045804e-10
1153,3.688436680948576e-10
1154,3.7833859797232154e-10
1155,3.878502369008976e-10
1156,3.9747725476957574e-10
1157,4.07593490795994e-10
1158,4.177275292397262e-10
1159,4.278794014292009e-10
1160,4.385825240619732e-10
1161,4.493744283668236e-10
1162,4.601853241208965e-10
1163,4.714066818705942e-10
1164,4.828936174249101e-10
1165,4.944007675350774e-10
1166,5.061726278517367e-10
1167,5.18393525863255e-10
1168,5.306359300478582e-10
1169,5.429929957714463e-10
1170,5.559886220947335e-10
1171,5.690071179475297e-10
1172,5.820485235752933e-10
1173,5.957997184526559e-10
1174,6.096370524919852e-10
1175,6.234987372866619e-10
1176,6.379542888202489e-10
1177,6.526551896858723e-10
1178,6.673819610000653e-10
1179,6.825867993120624e-10
1180,6.981980531575345e-10
1181,7.138367794784282e-10
1182,7.298390523933391e-10
1183,7.464095805224312e-10
1184,7.630092692448455e-10
1185,7.798605448296918e-10
1186,7.974414836261354e-10
1187,8.15053361122902e-10
1188,8.328088398660904e-10
1189,8.514536230666033e-10
1190,8.701312171063975e-10
1191,8.888499540409074e-10
1192,9.086143974022149e-10
1193,9.28413621965553e-10
1194,9.482476889383538e-10
1195,9.691011474582537e-10
1196,9.90080390003219e-10
1197,1.0110965515372638e-09
1198,1.033100576151533e-09
1199,1.0553207873815383e-09
1200,1.0775801014404438e-09
1201,1.1008091842594002e-09
1202,1.1243339704459208e-09
1203,1.1479001552345912e-09
1204,1.172433722565695e-09
1205,1.1973294404798543e-09
1206,1.2222689695431495e-09
1207,1.2481916608234456e-09
1208,1.2745275153309983e-09
1209,1.300909715320443e-09
1210,1.3283116739804416e-09
1211,1.356159818355441e-09
1212,1.3840569695194083e-09
1213,1.413034146120447e-09
1214,1.4424697851338259e-09
1215,1.4719572245875552e-09
1216,1.502611692580003e-09
1217,1.5337131884198141e-09
1218,1.5648694162520683e-09
1219,1.5975862458506279e-09
1220,1.6307913617507637e-09
1221,1.6640549115652143e-09
1222,1.6977919031195985e-09
1223,1.7332227816447197e-09
1224,1.7687160109508394e-09
1225,1.8042717007618883e-09
1226,1.8412981293580996e-09
1227,1.879149327276845e-09
1228,1.9170671352214553e-09
1229,1.955324295846901e-09
1230,1.995667914945287e-09
1231,2.0360825301982315e-09
1232,2.076568266543675e-09
1233,2.1186021479396606e-09
1234,2.161654673319956e-09
1235,2.2047829619508574e-09
1236,2.2483006369978573e-09
1237,2.294138835441742e-09
1238,2.340057699325505e-09
1239,2.3860573706029626e-09
1240,2.433909735392075e-09
1241,2.482774123509865e-09
1242,2.53172450251446e-09
1243,2.5813625464046548e-09
1244,2.6333345953431107e-09
1245,2.6853981039872062e-09
1246,2.737553233286309e-09
1247,2.7921632485942853e-09
1248,2.8475097786769652e-09
1249,2.90295370683063e-09
1250,2.959707091249992e-09
1251,3.0185142818246746e-09
1252,3.0774249604930605e-09
1253,3.1364393093719156e-09
1254,3.1988906750789843e-09
1255,3.2614541025722395e-09
1256,3.3241276283330013e-09
1257,3.3891435284269704e-09
1258,3.4555540435332738e-09
1259,3.5220814269587955e-09
1260,3.589804170560502e-09
1261,3.660264754601966e-09
1262,3.7308493342180925e-09
1263,3.801558127614385e-09
1264,3.8761545763044145e-09
1265,3.951008659374047e-09
1266,4.025994469637009e-09
1267,4.103821578318441e-09
1268,4.1831667604089525e-09
1269,4.262651573066733e-09
1270,4.343894972022995e-09
1271,4.427962465315392e-09
1272,4.512177899432957e-09
1273,4.5970365771487284e-09
1274,4.686067547659914e-09
1275,4.775255193654732e-09
1276,4.864599790848239e-09
1277,4.958188257844425e-09
1278,5.052600024404162e-09
1279,5.147177935497507e-09
1280,5.245071203973068e-09
1281,5.344976482116137e-09
1282,5.4450575721982796e-09
1283,5.547489356907333e-09
1284,5.653162132445706e-09
1285,5.7590208694849e-09
1286,5.866262320948362e-09
1287,5.9779880042084775e-09
1288,6.0899103007922205e-09
1289,6.202250915678427e-09
1290,6.3203267267468665e-09
1291,6.438610326005481e-09
1292,6.557102079116681e-09
1293,6.681094372599987e-09
1294,6.806049244162438e-09
1295,6.931224009589475e-09
1296,7.061252365013129e-09
1297,7.193201111181688e-09
1298,7.325382058937792e-09
1299,7.46180945184658e-09
1300,7.601087724180438e-09
1301,7.740611096499666e-09
1302,7.8838237474625e-09
1303,8.030780673964243e-09
1304,8.177996213239662e-09
1305,8.328404844190722e-09
1306,8.483403467290511e-09
1307,8.63867485482921e-09
1308,8.797188207959262e-09
1309,8.962043349272783e-09
1310,9.127188600388206e-09
1311,9.29262447183616e-09
1312,9.465200567447958e-09
1313,9.640754430863119e-09
1314,9.816617231541123e-09
1315,9.994119607132426e-09
1316,1.0180640826027258e-08
1317,1.0367490282383498e-08
1318,1.055466855382825e-08
1319,1.0748182817951275e-08
1320,1.0946603552248177e-08
1321,1.1145373464606346e-08
1322,1.1344785340982688e-08
1323,1.1555387754011307e-08
1324,1.1766360782248395e-08
1325,1.1977705077896751e-08
1326,1.2195347896195339e-08
1327,1.2419162247091565e-08
1328,1.2643370463378198e-08
1329,1.2868066934558648e-08
1330,1.3105388478692063e-08
1331,1.3343127657984645e-08
1332,1.3581285207383968e-08
1333,1.3826846326639088e-08
1334,1.4079026477681413e-08
1335,1.433165041184933e-08
1336,1.458499601152237e-08
1337,1.4852359808777118e-08
1338,1.5120194109124063e-08
1339,1.538849974054698e-08
1340,1.566501925973702e-08
1341,1.594883942480244e-08
1342,1.6233159052642934e-08
1343,1.6518993134548826e-08
1344,1.6819607239170914e-08
1345,1.7120750360305748e-08
1346,1.7422423428908147e-08
1347,1.77346207621928e-08
1348,1.805343059506254e-08
1349,1.837280146502926e-08
1350,1.869611027706721e-08
1351,1.903346487694312e-08
1352,1.937141314873439e-08
1353,1.9709956137175307e-08
1354,2.0063231458436998e-08
1355,2.0420672775736185e-08
1356,2.0778743113270064e-08
1357,2.1145226845602138e-08
1358,2.1523114068753863e-08
1359,2.1901666292555412e-08
1360,2.228207110045025e-08
1361,2.26813955087481e-08
1362,2.30814226425497e-08
1363,2.3482153738499916e-08
1364,2.389830585210204e-08
1365,2.4320840639997447e-08
1366,2.4744118998690885e-08
1367,2.5176769837968765e-08
1368,2.5622886008133525e-08
1369,2.6069787247277243e-08
1370,2.6519854090049474e-08
1371,2.6990667648891916e-08
1372,2.7462309738825842e-08
1373,2.7934781817886863e-08
1374,2.842744377436808e-08
1375,2.8924988365503546e-08
1376,2.9423408528617873e-08
1377,2.993662824189816e-08
1378,3.046128202370001e-08
1379,3.0986859083847285e-08
1380,3.152179709715072e-08
1381,3.20748131891915e-08
1382,3.2628802471165654e-08
1383,3.318669532966163e-08
1384,3.37693747053094e-08
1385,3.435307947191213e-08
1386,3.4937811433936224e-08
1387,3.55489367886064e-08
1388,3.616370970006238e-08
1389,3.67795644802157e-08
1390,3.7417654256546884e-08
1391,3.806489886371642e-08
1392,3.8713282482807246e-08
1393,3.938424761212971e-08
1394,4.0073237131570485e-08
1395,4.0763439125031066e-08
1396,4.1454855726203406e-08
1397,4.217360925109243e-08
1398,4.290791362589918e-08
1399,4.3643510219155924e-08
1400,4.4380401304887143e-08
1401,4.515093060053569e-08
1402,4.593309875040636e-08
1403,4.671664334870801e-08
1404,4.7501566817692114e-08
1405,4.832816620668436e-08
1406,4.916086760878893e-08
1407,4.9995034387011904e-08
1408,5.0833485614843444e-08
1409,5.1717958540189366e-08
1410,5.26039879484348e-08
1411,5.349157657865248e-08
1412,5.439304467092108e-08
1413,5.533367168546878e-08
1414,5.627595400206947e-08
1415,5.721989453369561e-08
1416,5.818959054554071e-08
1417,5.9189426352234646e-08
1418,6.019102165575526e-08
1419,6.11943795524357e-08
1420,6.223789682917067e-08
1421,6.330013624953568e-08
1422,6.436424498370018e-08
1423,6.543022632125184e-08
1424,6.655356254505363e-08
1425,6.768154586374008e-08
1426,6.881151419138227e-08
1427,6.995793587242654e-08
1428,7.115305120418807e-08
1429,7.235026968284841e-08
1430,7.354959500949036e-08
1431,7.478586096060183e-08
1432,7.605373134551083e-08
1433,7.732383291060074e-08
1434,7.859616958226435e-08
1435,7.992948940383385e-08
1436,8.127391860582058e-08
1437,8.262071371507604e-08
1438,8.398550244814997e-08
1439,8.540795929704572e-08
1440,8.68329193651275e-08
1441,8.826038705751809e-08
1442,8.97344529942306e-08
1443,9.124143851845828e-08
1444,9.275107601419649e-08
1445,9.426337014834024e-08
1446,9.585595034741744e-08
1447,9.745240696319197e-08
1448,9.90516730003926e-08
1449,1.0068459029433715e-07
1450,1.0237204088772729e-07
1451,1.040624610324151e-07
1452,1.0575585595416643e-07
1453,1.0752146485371846e-07
1454,1.093090411431425e-07
1455,1.1109976318359177e-07
1456,1.1290812020022507e-07
1457,1.1479754998793406e-07
1458,1.1669030476696207e-07
1459,1.1858639038857288e-07
1460,1.2053916105879517e-07
1461,1.2253884003162428e-07
1462,1.2454203801066418e-07
1463,1.265487611886005e-07
1464,1.2865727286113561e-07
1465,1.3077267518698145e-07
1466,1.3289180016728505e-07
1467,1.3505807610136136e-07
1468,1.372909725858347e-07
1469,1.3952779848925752e-07
1470,1.4176856072655429e-07
1471,1.4411020111901268e-07
1472,1.464702312778841e-07
1473,1.4883441458366204e-07
1474,1.512442581914307e-07
1475,1.5373320632727426e-07
1476,1.5622653447797883e-07
1477,1.5872425035141985e-07
1478,1.6133149137341417e-07
1479,1.6395990523240312e-07
1480,1.6659294453596134e-07
1481,1.692805422683996e-07
1482,1.7205020625455306e-07
1483,1.7482474425515894e-07
1484,1.7760416484742498e-07
1485,1.8052840788236614e-07
1486,1.8346633163714985e-07
1487,1.8640942550742784e-07
1488,1.8937839825120975e-07
1489,1.9248775443926862e-07
1490,1.9560258242707817e-07
1491,1.987228918438165e-07
1492,2.0190578766979753e-07
1493,2.052007335674052e-07
1494,2.0850147786276744e-07
1495,2.1180803075980424e-07
1496,2.1522180449345074e-07
1497,2.1871171595664804e-07
1498,2.2220776891509136e-07
1499,2.2570997417647692e-07
1500,2.2937274233729875e-07
1501,2.330673878363052e-07
1502,2.3676853511845097e-07
1503,2.4050461060375795e-07
1504,2.444072966943142e-07
1505,2.483168506747433e-07
1506,2.5223328463103884e-07
1507,2.5624887497850196e-07
1508,2.603766675625341e-07
1509,2.6451172417546953e-07
1510,2.686540576004183e-07
1511,2.729707577732872e-07
1512,2.77334665442431e-07
1513,2.817062526522559e-07
1514,2.861229640125602e-07
1515,2.9072634192200587e-07
1516,2.9533782078827843e-07
1517,2.999574148672969e-07
1518,3.047121166791232e-07
1519,3.0957452843873273e-07
1520,3.144454969990328e-07
1521,3.1932503741813176e-07
1522,3.244433326463066e-07
1523,3.2957715263102145e-07
1524,3.347200070365224e-07
1525,3.399724318422482e-07
1526,3.4538100896427776e-07
1527,3.5079910402057075e-07
1528,3.56226733760621e-07
1529,3.618869998257301e-07
1530,3.67592704536882e-07
1531,3.7330845006292866e-07
1532,3.7912642012404243e-07
1533,3.8513255895515456e-07
1534,3.9114926730059494e-07
1535,3.971765637604084e-07
1536,4.0345184836713516e-07
1537,4.0978283628551667e-07
1538,4.1612496538271406e-07
1539,4.225852429019392e-07
1540,4.2924431064427535e-07
1541,4.359150969153362e-07
1542,4.4259762233718175e-07
1543,4.4957040729666817e-07
1544,4.5658417375527914e-07
1545,4.6361028293601256e-07
1546,4.7079946881877326e-07
1547,4.781710514190032e-07
1548,4.855556064207697e-07
1549,4.929715277325395e-07
1550,5.007162901735904e-07
1551,5.084746817323896e-07
1552,5.162467263932152e-07
1553,5.243066443476987e-07
1554,5.325222298134063e-07
1555,5.407522729440432e-07
1556,5.489967991819417e-07
1557,5.575441506746045e-07
1558,5.662545866855309e-07
1559,5.749803511918106e-07
1560,5.837214711682549e-07
1561,5.927941921656716e-07
1562,6.020245136633645e-07
1563,6.112710785429306e-07
1564,6.205339153891816e-07
1565,6.30172678797725e-07
1566,6.399489622987662e-07
1567,6.497424499572389e-07
1568,6.595531720487073e-07
1569,6.698015352545262e-07
1570,6.801509339681145e-07
1571,6.905185453984781e-07
1572,7.009044015960239e-07
1573,7.118089594563736e-07
1574,7.227597393873092e-07
1575,7.337297903364234e-07
1576,7.447684578610208e-07
1577,7.563296896447816e-07
1578,7.679112667105376e-07
1579,7.795132248615451e-07
1580,7.91283809227252e-07
1581,8.035052802572551e-07
1582,8.157482584480773e-07
1583,8.280127816476278e-07
1584,8.405709011790953e-07
1585,8.534843868335126e-07
1586,8.66420597445376e-07
1587,8.793795730056463e-07
1588,8.92784519130326e-07
1589,9.064230602027373e-07
1590,9.200856021738726e-07
1591,9.337721872800732e-07
1592,9.481314167046048e-07
1593,9.625779904494457e-07
1594,9.770499870563788e-07
1595,9.915474512640822e-07
1596,1.0067558608833978e-06
1597,1.022050750042989e-06
1598,1.037372554916954e-06
1599,1.0527213228710698e-06
1600,1.0688428837432058e-06
1601,1.0850280142118302e-06
1602,1.1012416270276186e-06
1603,1.1174980451245762e-06
1604,1.1345869660062389e-06
1605,1.151705959711426e-06
1606,1.1688550791617322e-06
1607,1.1861305675826776e-06
1608,1.2042397368614172e-06
1609,1.222380774380879e-06
1610,1.2405537362222065e-06
1611,1.2587945026416259e-06
1612,1.2779758740293584e-06
1613,1.2971910005023293e-06
1614,1.3164399414620924e-06
1615,1.3357227564147585e-06
1616,1.3560250967178882e-06
1617,1.3763685941441441e-06
1618,1.3967478917467177e-06
1619,1.417163052526082e-06
1620,1.4386290494760597e-06
1621,1.4601575177321174e-06
1622,1.4817238714575437e-06
1623,1.5033281773224823e-06
1624,1.5260418381712625e-06
1625,1.5488142785447038e-06
1626,1.5716267935100667e-06
1627,1.5944949820356376e-06
1628,1.6185305858639202e-06
1629,1.6426084871793776e-06
1630,1.666728760416336e-06
1631,1.6909732850965338e-06
1632,1.716376009184671e-06
1633,1.7418234365966401e-06
1634,1.7673156460004868e-06
1635,1.7930365557112982e-06
1636,1.819873015849526e-06
1637,1.8467567023775953e-06
1638,1.8736876984035977e-06
1639,1.9009917546207104e-06
1640,1.9293313239668175e-06
1641,1.957720764850505e-06
1642,1.986160165034765e-06
1643,2.0151611976461434e-06
1644,2.045076103808314e-06
1645,2.0750436537607634e-06
1646,2.105063940145026e-06
1647,2.1358832176840263e-06
1648,2.1674486428597645e-06
1649,2.1990696163828586e-06
1650,2.230746236006229e-06
1651,2.2635128506555157e-06
1652,2.2968070345853223e-06
1653,2.3301598091045496e-06
1654,2.3635712773198036e-06
1655,2.3984225452066186e-06
1656,2.4335268915124375e-06
1657,2.468693013902507e-06
1658,2.5040703868221787e-06
1659,2.5410232546931755e-06
1660,2.57804115164726e-06
1661,2.6151241921213636e-06
1662,2.6527609347964373e-06
1663,2.6917115788552715e-06
1664,2.7307307676516833e-06
1665,2.7698186218093703e-06
1666,2.8098781611403147e-06
1667,2.850917454974918e-06
1668,2.8920289691193782e-06
1669,2.9332128306656107e-06
1670,2.975868808688878e-06
1671,3.019091009904349e-06
1672,3.0623892728749217e-06
1673,3.1057775607407747e-06
1674,3.1512004761126766e-06
1675,3.1967033260211985e-06
1676,3.242286251133581e-06
1677,3.288561695917263e-06
1678,3.3363624025314676e-06
1679,3.3842472280808564e-06
1680,3.432216320596287e-06
1681,3.4815829431708295e-06
1682,3.5318662733330906e-06
1683,3.5822380913112134e-06
1684,3.6326985528243174e-06
1685,3.685372471837432e-06
1686,3.7382470475439084e-06
1687,3.791214671098052e-06
1688,3.845004757941658e-06
1689,3.900485465483983e-06
1690,3.956063807102696e-06
1691,4.011739954612335e-06
1692,4.069205942175934e-06
1693,4.12750199104872e-06
1694,4.185900628389657e-06
1695,4.244671794062982e-06
1696,4.305796059549449e-06
1697,4.3670278905537936e-06
1698,4.428367476367693e-06
1699,4.491224066745215e-06
1700,4.555403410349358e-06
1701,4.619695695747852e-06
1702,4.684101121693406e-06
1703,4.75132058719054e-06
1704,4.818683804253821e-06
1705,4.886165566039713e-06
1706,4.955084985916971e-06
1707,5.025641170818516e-06
1708,5.096321519375395e-06
1709,5.167126250088323e-06
1710,5.241063275112104e-06
1711,5.3152489076650615e-06
1712,5.389565090915635e-06
1713,5.464906607947794e-06
1714,5.542742138832373e-06
1715,5.620714643445994e-06
1716,5.698824362832251e-06
1717,5.779142068984254e-06
1718,5.860920616985381e-06
1719,5.9428430775719535e-06
1720,6.024909703998452e-06
1721,6.110614830654755e-06
1722,6.196579045054294e-06
1723,6.2826945379057645e-06
1724,6.370005025420802e-06
1725,6.460174597198103e-06
1726,6.550502847946081e-06
1727,6.6409900569048175e-06
1728,6.7340240963098256e-06
1729,6.828734240611809e-06
1730,6.923611054308648e-06
1731,7.018654830701708e-06
1732,7.117805157946468e-06
1733,7.217246389529398e-06
1734,7.316862616195779e-06
1735,7.418149501031643e-06
1736,7.522335472214936e-06
1737,7.626704788195939e-06
1738,7.731257771621093e-06
1739,7.839335941087003e-06
1740,7.948644634796107e-06
1741,8.05814568818435e-06
1742,8.16872432112857e-06
1743,8.283164463698765e-06
1744,8.397805996186638e-06
1745,8.512649272993963e-06
1746,8.630766277712709e-06
1747,8.750746627178924e-06
1748,8.870938116125865e-06
1749,8.991972466518911e-06
1750,9.117496037727367e-06
1751,9.243240503285716e-06
1752,9.369206251919282e-06
1753,9.49860391996454e-06
1754,9.6301123448793e-06
1755,9.761852196188552e-06
1756,9.894641928825334e-06
1757,1.0032131657184793e-05
1758,1.0169863337736416e-05
1759,1.0307837396262703e-05
1760,1.044989930885591e-05
1761,1.0593847063465882e-05
1762,1.0738048134993243e-05
1763,1.0884039784530845e-05
1764,1.1034434524397486e-05
1765,1.1185093926477719e-05
1766,1.1336018456518663e-05
1767,1.149228141903569e-05
1768,1.1649637298183633e-05
1769,1.1807270089639777e-05
1770,1.1968068794270048e-05
1771,1.2132366279298685e-05
1772,1.2296952892356259e-05
1773,1.2462503864011475e-05
1774,1.26339952218856e-05
1775,1.2805788367444349e-05
1776,1.2977883831767432e-05
1777,1.3155265640008546e-05
1778,1.3334525338364215e-05
1779,1.351410049499724e-05
1780,1.3696947067034378e-05
1781,1.3883940809145884e-05
1782,1.4071263619773507e-05
1783,1.4259837931311777e-05
1784,1.445484084268934e-05
1785,1.4650186916982716e-05
1786,1.4845876758082793e-05
1787,1.5048061457686861e-05
1788,1.5251714220136016e-05
1789,1.5455725367359897e-05
1790,1.5664469544375333e-05
1791,1.5876720403811256e-05
1792,1.6089344778806025e-05
1793,1.630496379932936e-05
1794,1.652611232117151e-05
1795,1.6747650016526408e-05
1796,1.6970475679510743e-05
1797,1.7200829760773388e-05
1798,1.7431589215334333e-05
1799,1.7662754756560732e-05
1800,1.7901846422880187e-05
1801,1.8142144599861392e-05
1802,1.8382865649587728e-05
1803,1.8630170915495172e-05
1804,1.8880333483426768e-05
1805,1.9130936283288657e-05
1806,1.9386847770337987e-05
1807,1.9647209286882285e-05
1808,1.9908028983290597e-05
1809,2.0172958478981932e-05
1810,2.044386257765734e-05
1811,2.0715243408850337e-05
1812,2.0990389183628708e-05
1813,2.127506668270704e-05
1814,2.1560245152495997e-05
1815,2.184592547459299e-05
1816,2.2135203511114374e-05
1817,2.2434754458087464e-05
1818,2.273483254980607e-05
1819,2.3035438713928117e-05
1820,2.3339832096926702e-05
1821,2.3654902676970753e-05
1822,2.397052771294011e-05
1823,2.4286708180554093e-05
1824,2.4607262767538844e-05
1825,2.4938521801419172e-05
1826,2.5270363779382764e-05
1827,2.5602789727282026e-05
1828,2.5940616999394412e-05
1829,2.6288756558601716e-05
1830,2.6637508767944907e-05
1831,2.6986874705552227e-05
1832,2.734315469750772e-05
1833,2.7708890731829654e-05
1834,2.8075270382255052e-05
1835,2.8442294781405476e-05
1836,2.8818312393583428e-05
1837,2.9202448481144253e-05
1838,2.9587260564898e-05
1839,2.9972749834447938e-05
1840,3.0369626724648005e-05
1841,3.0772931389119106e-05
1842,3.117694578230635e-05
1843,3.158167115317438e-05
1844,3.200080911925736e-05
1845,3.242407678125619e-05
1846,3.2848089302500495e-05
1847,3.327284799377708e-05
1848,3.3715730134872455e-05
1849,3.415978179207717e-05
1850,3.460461488383293e-05
1851,3.505355898857193e-05
1852,3.5518424846279346e-05
1853,3.5984108767000865e-05
1854,3.645061219034549e-05
1855,3.6925763532657865e-05
1856,3.741309835956899e-05
1857,3.79012907899851e-05
1858,3.8390342333097664e-05
1859,3.8893424301773494e-05
1860,3.940413145332012e-05
1861,3.991573733857047e-05
1862,4.0428243539095784e-05
1863,4.096107413458659e-05
1864,4.149608634862103e-05
1865,4.203204006797188e-05
1866,4.2574136559077146e-05
1867,4.3133432464673375e-05
1868,4.3693712609593916e-05
1869,4.425497872588098e-05
1870,4.48300605342731e-05
1871,4.541585442648247e-05
1872,4.600267918869524e-05
1873,4.6590536635013274e-05
1874,4.7199898507667337e-05
1875,4.7813237533035516e-05
1876,4.8427655901834814e-05
1877,4.9048142894112465e-05
1878,4.9688980000111846e-05
1879,5.03309448401713e-05
1880,5.0974039398851535e-05
1881,5.1632324080890185e-05
1882,5.230284981359854e-05
1883,5.297455552587298e-05
1884,5.3647443294214504e-05
1885,5.4345912201860125e-05
1886,5.504727483111424e-05
1887,5.5749871706142956e-05
1888,5.646277161587723e-05
1889,5.71948671254311e-05
1890,5.7928250963927325e-05
1891,5.8662925398537206e-05
1892,5.942010439076112e-05
1893,6.0185383956618e-05
1894,6.095201024811174e-05
1895,6.172586414971977e-05
1896,6.252417977787552e-05
1897,6.332390026793072e-05
1898,6.412502809212879e-05
1899,6.494765717903766e-05
1900,6.578164651105892e-05
1901,6.661710348290694e-05
1902,6.745894809643608e-05
1903,6.832841390080924e-05
1904,6.91994097758581e-05
1905,7.00719384141655e-05
1906,7.096748484321358e-05
1907,7.187526311875184e-05
1908,7.278463888654373e-05
1909,7.370237562010199e-05
1910,7.464877809980324e-05
1911,7.55968460419245e-05
1912,7.654658237730767e-05
1913,7.752232870376947e-05
1914,7.851043598975267e-05
1915,7.950028212949961e-05
1916,8.049960074686362e-05
1917,8.152913163140656e-05
1918,8.256047426619864e-05
1919,8.359363183951517e-05
1920,8.46567915759145e-05
1921,8.573105532591175e-05
1922,8.680720954621921e-05
1923,8.78974142500213e-05
1924,8.901606245632458e-05
1925,9.013667923988216e-05
1926,9.125926806494992e-05
1927,9.241967761998216e-05
1928,9.358626247760021e-05
1929,9.475490027049207e-05
1930,9.594623188409544e-05
1931,9.716033073940549e-05
1932,9.837656614423801e-05
1933,9.960020979542144e-05
1934,0.00010086340981614334
1935,0.00010212883279370255
1936,0.00010339648264000558
1937,0.00010470018428360056
1938,0.00010601642695728295
1939,0.00010733498593126024
1940,0.00010867550206387883
1941,0.00011004423957905285
1942,0.00011141538577395948
1943,0.00011279437907502963
1944,0.00011421733047201368
1945,0.00011564278595330063
1946,0.00011707074992551782
1947,0.00011854093307085895
1948,0.00012002246476454695
1949,0.00012150660363102758
1950,0.0001230204592753118
1951,0.0001245598798704318
1952,0.0001261020095101395
1953,0.0001276615043851105
1954,0.00012926067325044798
1955,0.00013086265630424772
1956,0.00013246985212778725
1957,0.0001341306762431304
1958,0.0001357944230466753
1959,0.00013746109768169757
1960,0.00013917591468247097
1961,0.00014090338421387965
1962,0.00014263389371480922
1963,0.00014440261412964662
1964,0.00014619581497218957
1965,0.000147992171456961
1966,0.0001498204567095791
1967,0.0001516888780670405
1968,0.0001535605874383615
1969,0.00015543559060970697
1970,0.00015737371688172457
1971,0.00015932336526500054
1972,0.00016127644460388696
1973,0.00016325720276587184
1974,0.0001652874460338357
1975,0.0001673212620867462
1976,0.00016935865721190132
1977,0.0001714600213715478
1978,0.00017357730595663233
1979,0.00017569831650028224
1980,0.00017784854099629223
1981,0.0001800520986247852
1982,0.000182259534033487
1983,0.00018447085404641822
1984,0.00018675342974277032
1985,0.0001890501737278706
1986,0.00019135095948070972
1987,0.00019368936407692934
1988,0.00019607837607842744
1989,0.0001984715922191346
1990,0.0002008690198973899
1991,0.00020337119564180534
1992,0.00020587872193193082
1993,0.00020839066092040524
1994,0.00021090702037258223
1995,0.00021351580495239465
1996,0.0002161467249053142
1997,0.00021878227470234103
1998,0.00022142246249095597
1999,0.0002241446752501528
2000,0.0002269040327835434
2001,0.00022966824618297934
2002,0.00023243732399369054
2003,0.00023528164868334033
2004,0.00023817705604504041
2005,0.00024107755869060197
2006,0.00024398316558657649
2007,0.000246954559972845
2008,0.0002500059103619691
2009,0.0002530626304604376
2010,0.0002561247297177276
2011,0.0002591922175999449
2012,0.00026238524255775466
2013,0.0002656050022599895
2014,0.00026883042803493135
2015,0.000272061529853589
2016,0.00027534109681922616
2017,0.00027873095086801555
2018,0.0002821267703181833
2019,0.00028552856566748964
2020,0.00028893634743216675
2021,0.0002924679564540143
2022,0.0002960414756430588
2023,0.0002996212834437179
2024,0.0003032073909225281
2025,0.0003068447469093127
2026,0.0003106035168179123
2027,0.00031436890133866
2028,0.0003181409121117755
2029,0.0003219195607979659
2030,0.0003258431658459655
2031,0.00032980194283236324
2032,0.00033376768639932806
2033,0.0003377404088064655
2034,0.0003417920404212033
2035,0.00034595228333316694
2036,0.00035011984736139804
2037,0.00035429474538940185
2038,0.0003584831514674984
2039,0.0003628531978269512
2040,0.0003672309345105578
2041,0.0003716163750515491
2042,0.0003760095330069675
2043,0.0003805394095803432
2044,0.0003851359421107291
2045,0.0003897405635310119
2046,0.00039435328807580714
2047,0.0003990471399073261
2048,0.00040387136905699887
2049,0.0004087040877924659
2050,0.0004135453110534753
2051,0.0004184141590086399
2052,0.00042347526982971395
2053,0.00042854528709613274
2054,0.0004336242264812211
2055,0.0004387121036858835
2056,0.00044398730653232623
2057,0.0004493041151520231
2058,0.00045463028018877445
2059,0.00045996581810775223
2060,0.0004654488020225306
2061,0.0004710221933689549
2062,0.0004766053926614592
2063,0.0004821984171598037
2064,0.00048790279414623376
2065,0.000493742865207972
2066,0.0004995932135132752
2067,0.0005054538571477544
2068,0.000511394091084065
2069,0.000517511251649818
2070,0.0005236391770755298
2071,0.0005297778863049052
2072,0.000535969327819975
2073,0.0005423743077861023
2074,0.0005487905591108095
2075,0.0005552181016291286
2076,0.0005616770237418427
2077,0.0005683808805440404
2078,0.0005750965346620675
2079,0.0005818240068565159
2080,0.0005885676413837449
2081,0.0005955817675544981
2082,0.0006026082370466489
2083,0.0006096470715816328
2084,0.000616698292919113
2085,0.0006240297771733245
2086,0.0006313788180052691
2087,0.0006387407915343388
2088,0.000646115720519136
2089,0.0006537797896659449
2090,0.0006614635090158717
2091,0.0006691607500231462
2092,0.0006768720630771816
2093,0.0006848888195652579
2094,0.0006929196837825142
2095,0.0007009646805553409
2096,0.0007090399766155136
2097,0.0007174160792130767
2098,0.0007258069219095054
2099,0.0007342125306440138
2100,0.0007426744088924371
2101,0.0007514230434953153
2102,0.0007601870737709778
2103,0.0007689665268122974
2104,0.0007778387801014175
2105,0.000786973515781273
2106,0.0007961243265863662
2107,0.0008052912408052484
2108,0.0008145988975882921
2109,0.0008241336950775755
2110,0.0008336852717123172
2111,0.0008432536570199831
2112,0.0008530230240909171
2113,0.0008629722444072951
2114,0.000872938973161538
2115,0.0008829232411644893
2116,0.0008931819472127356
2117,0.0009035603604249215
2118,0.0009139570373593876
2119,0.0009243720101561121
2120,0.0009351490501413811
2121,0.0009459718442781407
2122,0.0009568136841491285
2123,0.0009677374138646856
2124,0.0009790003836230485
2125,0.0009902831737272904
2126,0.0010015858190566872
2127,0.0010130765584856428
2128,0.0010248147392037158
2129,0.001036573576533584
2130,0.0010483531068261507
2131,0.0010604438642270817
2132,0.00107267372374858
2133,0.0010849251051274944
2134,0.0010972072918829963
2135,0.0011099233748155433
2136,0.0011226618352509737
2137,0.0011354227125685641
2138,0.0011483609467123328
2139,0.0011616020925787915
2140,0.0011748665399423455
2141,0.0011881543298082873
2142,0.0012017860195780567
2143,0.001215570056713973
2144,0.0012293783507150602
2145,0.0012432551439191437
2146,0.0012575751833435826
2147,0.0012719204228783378
2148,0.001286290906869828
2149,0.0013009252712221193
2150,0.0013158242981685278
2151,0.0013307495441146368
2152,0.001345701055199867
2153,0.0013611352059230539
2154,0.0013766324936204657
2155,0.0013921570531235114
2156,0.0014078998931136603
2157,0.001423986917822842
2158,0.0014401022521438682
2159,0.0014562459458951434
2160,0.0014728615448614624
2161,0.0014895858038789006
2162,0.0015063394938988138
2163,0.0015233067101024186
2164,0.001540658474544834
2165,0.0015580407742598614
2166,0.0015754536629825591
2167,0.0015933726872058064
2168,0.001611402649125145
2169,0.0016294643397936838
2170,0.0016477825646651395
2171,0.0016664796879456306
2172,0.0016852097140310056
2173,0.0017039727008226321
2174,0.001723328211103347
2175,0.0017427465611800608
2176,0.001762199083260163
2177,0.0017820063341862159
2178,0.0018021334596948168
2179,0.0018222960044938926
2180,0.0018425740129136942
2181,0.0018634308360168854
2182,0.001884324362515942
2183,0.001905254657000372
2184,0.0019267010102492648
2185,0.001948346956944492
2186,0.001970030995717145
2187,0.001992008242487583
2188,0.002014428535451011
2189,0.0020368882831688635
2190,0.0020594187798120126
2191,0.0020826358408488877
2192,0.0021058937587745278
2193,0.0021291926054876104
2194,0.002153037658846821
2195,0.0021771167131183727
2196,0.002201238141194368
2197,0.0022257048664700253
2198,0.002250628536470422
2199,0.002275596066610679
2200,0.002300710481152681
2201,0.002326502767979224
2202,0.0023523404435175726
2203,0.0023782235876413514
2204,0.0024048151455403157
2205,0.002431547541029248
2206,0.0024583269796111563
2207,0.0024856436563437923
2208,0.0025132958862436805
2209,0.002540996777939868
2210,0.0025691195511372777
2211,0.0025978437097917816
2212,0.0026266184165981295
2213,0.00265544376050937
2214,0.0026849880520526236
2215,0.002714869524018956
2216,0.002744803580749944
2217,0.0027748157806723704
2218,0.002805915446402405
2219,0.0028370698406463427
2220,0.00286827905971369
2221,0.002899643354432973
2222,0.0029320577445311777
2223,0.0029645291767642864
2224,0.002997057751513224
2225,0.0030298537833446707
2226,0.003063628131526758
2227,0.003097461915065835
2228,0.0031313552385543396
2229,0.0031656665701666714
2230,0.0032008473299475703
2231,0.0032360900000552306
2232,0.003271394689437428
2233,0.0033073089281490664
2234,0.003343943797503488
2235,0.0033806431360920404
2236,0.0034174070573656
2237,0.003455015981423253
2238,0.00349315392780973
2239,0.003531358988509332
2240,0.003569631281627646
2241,0.0036090309684696786
2242,0.0036487222542225953
2243,0.0036884833878179394
2244,0.0037283817850728563
2245,0.0037696054486820257
2246,0.003810901656775844
2247,0.0038522705370156907
2248,0.003894120908664157
2249,0.003936999512046757
2250,0.003979953572236962
2251,0.004022983222021155
2252,0.0040668942411362695
2253,0.004111481991957508
2254,0.004156148207302458
2255,0.0042008930252504136
2256,0.004246978177507649
2257,0.004293330681183502
2258,0.004339764754952069
2259,0.004386568604217371
2260,0.004434658264065833
2261,0.00448283255101261
2262,0.004531091613981651
2263,0.0045802627971647004
2264,0.004630229420310342
2265,0.004680283973588179
2266,0.004730426611734687
2267,0.004782092719254218
2268,0.004833996164106083
2269,0.004885990947461143
2270,0.004938564265406249
2271,0.0049923712086203205
2272,0.005046272840067646
2273,0.005100269326377384
2274,0.005155594092184777
2275,0.005211510925745628
2276,0.0052675261604723765
2277,0.005323715418490035
2278,0.005381707058626207
2279,0.005439800751122083
2280,0.0054979966755659285
2281,0.005557018931107309
2282,0.005617252124904755
2283,0.005677591315691921
2284,0.005738036689998714
2285,0.005800044418088153
2286,0.005862589384475869
2287,0.005925244416052641
2288,0.00598834700059959
2289,0.006053161632218915
2290,0.006118090323127943
2291,0.006183133274044284
2292,0.006249484190803705
2293,0.006316751948323006
2294,0.006384138082080845
2295,0.00645173870114114
2296,0.006521412360485172
2297,0.006591208629913731
2298,0.006661127725191774
2299,0.006732260289584278
2300,0.006804535101037764
2301,0.006876937100016903
2302,0.006949490257721204
2303,0.007024313494475929
2304,0.007099268403411042
2305,0.007174355216238624
2306,0.00725074575776935
2307,0.007328325086203374
2308,0.007406040936917024
2309,0.007484039921647318
2310,0.007564316706513385
2311,0.007644734760574612
2312,0.007725294332431443
2313,0.007807459066463679
2314,0.007890654043899343
2315,0.007973995425889753
2316,0.008057974350622549
2317,0.008144022550862584
2318,0.008230222176686014
2319,0.00831657349456619
2320,0.008405070593272843
2321,0.008494206504049886
2322,0.008583499274082605
2323,0.008674035173116506
2324,0.008766187042992696
2325,0.00885850107953185
2326,0.008951160126712132
2327,0.009046409288834698
2328,0.009141826068155178
2329,0.009237410759640267
2330,0.009335125743581765
2331,0.009433728430282364
2332,0.009532504635624751
2333,0.00963259606418246
2334,0.009734469537977094
2335,0.009836522286259612
2336,0.009939087212697062
2337,0.01004431809560254
2338,0.01014973416127683
2339,0.010255335735597818
2340,0.010363550292339535
2341,0.010472418222865813
2342,0.010581477736540067
2343,0.010692915669945386
2344,0.010806128653835616
2345,0.010919540867186075
2346,0.011033152660593444
2347,0.011148859710793898
2348,0.01126676091096698
2349,0.01138486959079907
2350,0.011503186115405276
2351,0.011623411355201133
2352,0.011746156262910732
2353,0.01186911717410694
2354,0.011992294468904641
2355,0.012117299410072167
2356,0.012245047802543485
2357,0.012373021003500087
2358,0.012501219408551539
2359,0.012631278098979633
2360,0.012764193944246901
2361,0.012897343691543986
2362,0.013030727752482978
2363,0.013166127399734584
2364,0.01330437880549561
2365,0.013442873502661894
2366,0.01358161191936846
2367,0.013722963051219889
2368,0.013867404050358186
2369,0.014012099233181927
2370,0.014157049046993959
2371,0.01430225393988413
2372,0.01445288000691333
2373,0.01460399292617102
2374,0.014755371770176176
2375,0.014907017006893017
2376,0.015061715907250712
2377,0.015219469477341511
2378,0.015377500658216886
2379,0.015535809938405755
2380,0.01569485460676397
2381,0.015859477509767766
2382,0.016024390112020885
2383,0.016189592923324905
2384,0.01635508645437855
2385,0.016525000242254544
2386,0.016697029233903638
2387,0.01686936095783054
2388,0.017041995946771787
2389,0.017217056368186146
2390,0.017396442707861396
2391,0.017576144727072796
2392,0.017756162981340896
2393,0.017936700944909165
2394,0.018123691690386703
2395,0.018311011497423174
2396,0.01849866094508825
2397,0.018686640613470615
2398,0.01887987471189166
2399,0.01907506601935083
2400,0.019270600819485763
2401,0.019466479716761426
2402,0.019666128588797856
2403,0.019869451440983215
2404,0.020073132095509313
2405,0.020277171182022553
2406,0.02048362934635516
2407,0.020695350232417416
2408,0.020907443699444455
2409,0.02111991040308923
2410,0.021333593152258228
2411,0.02155398512084825
2412,0.021774764929529018
2413,0.021995933260806014
2414,0.02221749079838581
2415,0.022446620036585613
2416,0.022676366403506953
2417,0.022906517072118947
2418,0.023137072753895545
2419,0.02337456107003749
2420,0.023613561017167686
2421,0.023852981550174752
2422,0.02409282340918875
2423,0.024339157439737528
2424,0.02458770491395352
2425,0.02483668977551059
2426,0.02508611279410526
2427,0.025341802471505116
2428,0.02560019846572056
2429,0.025859049178418525
2430,0.02611835540979415
2431,0.026383934588823627
2432,0.02665248726474108
2433,0.02692151253257534
2434,0.027191011223974257
2435,0.027467038314534776
2436,0.027746063127045646
2437,0.028025578960034422
2438,0.02830558667757883
2439,0.028592645283946495
2440,0.028882465107200852
2441,0.02917279494767713
2442,0.02946363570288252
2443,0.029762729854646335
2444,0.030064162767845532
2445,0.03036612613464222
2446,0.03066862088850654
2447,0.03097854522058009
2448,0.031291961478559005
2449,0.031605929278072854
2450,0.03192044958970128
2451,0.032241815454403834
2452,0.03256759425749921
2453,0.03289394635737066
2454,0.03322087276288177
2455,0.03355432077463694
2456,0.033892850423083154
2457,0.03423197580686425
2458,0.03457169797432975
2459,0.034918583164839805
2460,0.03527151324221451
2461,0.035625064396371996
2462,0.03597923772025685
2463,0.03633528843830658
2464,0.03670310338453568
2465,0.03707156560149654
2466,0.03744067622822843
2467,0.037810436405775485
2468,0.03818966024517996
2469,0.038573531174520455
2470,0.03895807762942248
2471,0.03934330079864686
2472,0.03973329483643568
2473,0.04013308471443541
2474,0.04053357813168309
2475,0.04093477632623669
2476,0.04133668053833289
2477,0.041752423478763324
2478,0.04216938783477778
2479,0.04258708595315718
2480,0.04300551912514468
2481,0.043433820219661946
2482,0.04386779256993389
2483,0.044302528612721194
2484,0.044738029691936576
2485,0.04517962504463143
2486,0.0456311557640354
2487,0.04608348107463507
2488,0.04653660237471744
2489,0.04699226730207877
2490,0.047461920328740706
2491,0.047932399837677456
2492,0.04840370728329603
2493,0.048875844122562885
2494,0.04936261057481328
2495,0.04985182304765105
2496,0.05034189642286104
2497,0.05083283221542045
2498,0.05133583415195289
2499,0.05184437244090088
2500,0.052353805641190784
2501,0.05286413532764768
2502,0.05338428401444558
2503,0.05391275531371673
2504,0.05444215660181812
2505,0.054972489515302335
2506,0.05551074041296569
2507,0.056059766517956626
2508,0.056609758783478833
2509,0.05716071890973813
2510,0.05771807291287265
2511,0.05828829048323075
2512,0.05885951150619151
2513,0.05943173774758514
2514,0.06000924243936512
2515,0.06060130326601722
2516,0.06119440598434108
2517,0.061788552427809514
2518,0.062387402476229994
2519,0.06300248434918816
2520,0.06361864862552181
2521,0.0642358972099948
2522,0.06485553286035096
2523,0.0654943509071503
2524,0.06613429312748391
2525,0.06677536149962097
2526,0.0674175580053109
2527,0.06808020572639256
2528,0.0687446597164201
2529,0.06941028299327334
2530,0.07007707761460916
2531,0.07076474671745997
2532,0.07145590647454943
2533,0.07214828251441319
2534,0.07284187697740914
2535,0.07354972136598194
2536,0.07426842918319265
2537,0.0749884017613619
2538,0.07570964132615682
2539,0.07643884748612147
2540,0.07718596535230099
2541,0.07793439797451841
2542,0.07868414766641958
2543,0.07943596427402971
2544,0.08021237419190387
2545,0.08099015041301037
2546,0.08176929534170417
2547,0.08254981138657234
2548,0.08335163929436844
2549,0.08415966304054065
2550,0.08496910872289883
2551,0.08577997884369874
2552,0.08660787134017425
2553,0.08744706723474753
2554,0.08828773992122199
2555,0.08912989199838435
2556,0.08998531082709357
2557,0.09085662451999958
2558,0.09172947152463862
2559,0.09260385453925882
2560,0.09348833082274999
2561,0.09439272932361713
2562,0.09529871935775512
2563,0.09620630372586722
2564,0.09712143974057534
2565,0.09805991175552713
2566,0.09900003526517343
2567,0.09994181317573424
2568,0.10088928413914311
2569,0.10186284041133836
2570,0.10283810991831724
2571,0.1038150956749464
2572,0.10479665154491999
2573,0.1058063251988727
2574,0.10681777564574965
2575,0.1078310060122624
2576,0.10884847329843382
2577,0.10989532018815702
2578,0.11094400928699322
2579,0.11199454383677065
2580,0.11304982742390293
2581,0.11413492648491531
2582,0.1152219350698965
2583,0.11631085653913173
2584,0.11740594152235956
2585,0.1185303951275989
2586,0.11965682751157351
2587,0.1207852421564395
2588,0.12192219568830893
2589,0.1230871300079952
2590,0.12425411434297111
2591,0.12542315230075066
2592,0.12660412544999194
2593,0.12781069081548127
2594,0.12901937945711933
2595,0.13023019511134085
2596,0.13145742473329283
2597,0.13270679600496446
2598,0.13395836588111504
2599,0.135212138230737
2600,0.1364879488493739
2601,0.13778132578860242
2602,0.1390769787719289
2603,0.14037491180462028
2604,0.14170171750611918
2605,0.1430403251513624
2606,0.1443812884360932
2607,0.14572461150564509
2608,0.14710491784344734
2609,0.14849000689050623
2610,0.14987753337336346
2611,0.15127357735560912
2612,0.1527039074926152
2613,0.1541367546791055
2614,0.15557212334445172
2615,0.15702591239964284
2616,0.1585052176595847
2617,0.15998712615366478
2618,0.16147164246291879
2619,0.1629859481943084
2620,0.16451555623257325
2621,0.166047856025981
2622,0.16758285231134093
2623,0.16916054526877372
2624,0.17074181091388874
2625,0.1723258592193186
2626,0.17392531201279124
2627,0.1755567467214685
2628,0.1771910523761853
2629,0.1788282340290806
2630,0.18049803640942358
2631,0.18218698835571423
2632,0.183878912464775
2633,0.1855738139668577
2634,0.18730720802274706
2635,0.18905526482336596
2636,0.19080639779730105
2637,0.1925606123578376
2638,0.1943607663299323
2639,0.19616954826724425
2640,0.19798151323972027
2641,0.1997989944261151
2642,0.20166686790369243
2643,0.20353802840358112
2644,0.20541248171010634
2645,0.2073020636840093
2646,0.20923389023456035
2647,0.2111691163496502
2648,0.21310774801164772
2649,0.21507293781381778
2650,0.21707043558164155
2651,0.21907144847974286
2652,0.22107598269385698
2653,0.22312041317383968
2654,0.22518533485136846
2655,0.22725389030922113
2656,0.22932608594192505
2657,0.23145351817845722
2658,0.23358765150448246
2659,0.23572554040685856
2660,0.2378802227288888
2661,0.24008151722806717
2662,0.24228668549132573
2663,0.24449573433550062
2664,0.2467407272332701
2665,0.24901639071578818
2666,0.2512960588340744
2667,0.25357973863526356
2668,0.2559144706690693
2669,0.25826647951419196
2670,0.2606226273447096
2671,0.26298561336175574
2672,0.2654142277004661
2673,0.2678471158320365
2674,0.2702842852772471
2675,0.2727374851321127
2676,0.2752490121751698
2677,0.27776495891764785
2678,0.2802853331370837
2679,0.2828331336945662
2680,0.28542979249640543
2681,0.2880310208092151
2682,0.29063682667415713
2683,0.2932841425000805
2684,0.2959688919613375
2685,0.2986583659520523
2686,0.30135257278618127
2687,0.3041019395859565
2688,0.30687710759596515
2689,0.30965715925042825
2690,0.3124421031433023
2691,0.3152984023541528
2692,0.31816636245962776
2693,0.32103936950140677
2694,0.3239277488648104
2695,0.3268857155841112
2696,0.32984888762985953
2697,0.332817274162086
2698,0.33582090257422065
2699,0.33887637643532814
2700,0.3419372272120448
2701,0.34500346436634943
2702,0.3481277085070146
2703,0.3512831994843696
2704,0.3544442433834217
2705,0.3576108499758762
2706,0.3608612555503824
2707,0.3641193217962904
2708,0.3673831214716942
2709,0.3706776191339771
2710,0.37403495951843657
2711,0.3773982080310804
2712,0.3807673750686825
2713,0.3841975785529435
2714,0.38766256828657586
2715,0.39113365558530755
2716,0.3946137655633465
2717,0.39818282591014825
2718,0.401758166961343
2719,0.4053397997693372
2720,0.4089657721934339
2721,0.41264773794447834
2722,0.41633618308617104
2723,0.42003111902055235
2724,0.42380936787429463
2725,0.4276070383773519
2726,0.4314113918834604
2727,0.43525022927867013
2728,0.4391595764676676
2729,0.4430758031837994
2730,0.44699892153324045
2731,0.4510011843651501
2732,0.4550317786864862
2733,0.4590694659005562
2734,0.4631412452267714
2735,0.4672956424067776
2736,0.4714573503427247
2737,0.47562638189963136
2738,0.47985823298994296
2739,0.4841468267900875
2740,0.48844296749971344
2741,0.4927466683994076
2742,0.4971458748792405
2743,0.5015720410871356
2744,0.5060059962985908
2745,0.5104643770690241
2746,0.5150359914768512
2747,0.5196156508419907
2748,0.5242033693214554
2749,0.528807727075964
2750,0.5335366147137308
2751,0.5382738240715553
2752,0.543019369793477
2753,0.5477772796183735
2754,0.5526675670912096
2755,0.5575664603086308
2756,0.5624739744144831
2757,0.5673932981544518
2758,0.5724491899688674
2759,0.5775139789512668
2760,0.5825876807583149
2761,0.5876765719394562
2762,0.5929023515198273
2763,0.5981373272293159
2764,0.6033815152506822
2765,0.6086484240092399
2766,0.6140484547248232
2767,0.6194579882090832
2768,0.6248770411843834
2769,0.6303307192009793
2770,0.6359094454035643
2771,0.6414979888353137
2772,0.6470963667719526
2773,0.6527464562081916
2774,0.658510439556498
2775,0.6642845661413389
2776,0.6700688538121218
2777,0.6759185253592987
2778,0.6818725119003559
2779,0.6878369760371477
2780,0.6938119362074638
2781,0.6998812468815331
2782,0.7060520867216215
2783,0.7122337857663454
2784,0.7184263631250193
2785,0.7246429364681617
2786,0.7310381476431707
2787,0.737444612861571
2788,0.7438623519274857
2789,0.7502913846798784
2790,0.7568557744618803
2791,0.7634949175351984
2792,0.7701457439121617
2793,0.7768082741522685
2794,0.7835305330600069
2795,0.7904106814737618
2796,0.7973029373015783
2797,0.8042073218492704
2798,0.8111238564601477
2799,0.8182183609471906
2800,0.8253608449103179
2801,0.8325158979335247
2802,0.8396835421349961
2803,0.8469448207814544
2804,0.854346833348786
2805,0.8617618716828898
2806,0.8691899587056239
2807,0.8766311173791871
2808,0.8842886381989633
2809,0.8919735327175377
2810,0.8996719508053657
2811,0.9073839162602977
2812,0.915214113860477
2813,0.9231790587246216
2814,0.9311580199777971
2815,0.9391510222850802
2816,0.9471580903549496
2817,0.9554045812175973
2818,0.9636718094071934
2819,0.9719535859297552
2820,0.9802499363864299
2821,0.9886837420763603
2822,0.9972471096288184
2823,1.0058255466465487
2824,1.0144190796477421
2825,1.023051476222811
2826,1.031922451581031
2827,1.0408090377183934
2828,1.0497112621056424
2829,1.0586291522618783
2830,1.0677270315175607
2831,1.0769301241237426
2832,1.0861494119530237
2833,1.0953849235046125
2834,1.1046977363831887
2835,1.1142258511139405
2836,1.1237707330263522
2837,1.1333324116261227
2838,1.1429109164708577
2839,1.1527342991092613
2840,1.162613466260862
2841,1.1725100183590467
2842,1.1824239859966
2843,1.1924946001147878
2844,1.2027169061246574
2845,1.212957200920414
2846,1.2232155161574334
2847,1.2335469541571846
2848,1.2441214170736676
2849,1.254714488484763
2850,1.2653262011363515
2851,1.2759565878319354
2852,1.2868684500280905
2853,1.2978234986789854
2854,1.3087978255603123
2855,1.3197914645964917
2856,1.3310005588714926
2857,1.3423269541000435
2858,1.3536732810365515
2859,1.3650395747553739
2860,1.376561416973599
2861,1.3882686988566044
2862,1.3999965827131362
2863,1.4117451047970242
2864,1.4235958337381311
2865,1.4356937151358602
2866,1.4478128858647774
2867,1.4599533833882563
2868,1.472149771176511
2869,1.484648139796531
2870,1.497168502505161
2871,1.5097108980059517
2872,1.522275365070565
2873,1.535179280989576
2874,1.5481109180271895
2875,1.5610653115968522
2876,1.57404250174378
2877,1.5873356348077248
2878,1.6006888078720978
2879,1.6140654792662732
2880,1.6274656903408335
2881,1.6411733961771722
2882,1.6549664546602558
2883,1.668783785561148
2884,1.6826254315925984
2885,1.6967359222894864
2886,1.7109798315338998
2887,1.7252488065802274
2888,1.73954289153735
2889,1.7540760139045783
2890,1.76878193243294
2891,1.7835137297833719
2892,1.7982714514954268
2893,1.8132477713506518
2894,1.8284270531353604
2895,1.8436330467422777
2896,1.8588657991767776
2897,1.8743066122410073
2898,1.8899708089956546
2899,1.9056625709005741
2900,1.921381946462766
2901,1.9373092892249404
2902,1.953470152717301
2903,1.9696594553679854
2904,1.9858772472219912
2905,2.002313907773362
2906,2.018983392160145
2907,2.03568221074943
2908,2.0524104151612255
2909,2.0693799440002274
2910,2.0865702081836925
2911,2.103790723010249
2912,2.1210415417125725
2913,2.1385682625210896
2914,2.1562916725278867
2915,2.174046271379244
2916,2.1918321139588084
2917,2.2099411343505273
2918,2.228210265732866
2919,2.2465115462908476
2920,2.2648450325980063
2921,2.2835622548399037
2922,2.302389895099556
2923,2.3212506673684805
2924,2.340144629949718
2925,2.3594967616574154
2926,2.3788959126923777
2927,2.398329201450077
2928,2.417862477159709
2929,2.437811252811227
2930,2.457795133385623
2931,2.4778141806576666
2932,2.4980279121771236
2933,2.5185738047183004
2934,2.5391558529556812
2935,2.5597741205130675
2936,2.580697344885091
2937,2.6018539903199587
2938,2.6230478662200047
2939,2.6442790381003225
2940,2.665941638890579
2941,2.687722897245875
2942,2.7095424852252066
2943,2.7314526145243927
2944,2.7538331881434184
2945,2.77625314602878
2946,2.79871255748563
2947,2.8214134933728965
2948,2.844445935178368
2949,2.8675189083709047
2950,2.890632484274232
2951,2.914156557420257
2952,2.9378553894109816
2953,2.9615959254642443
2954,2.9854215164825284
2955,3.009758667315329
2956,3.0341386454887096
2957,3.058561526366579
2958,3.083266217900585
2959,3.108298284693025
2960,3.1333744016990637
2961,3.158494646434493
2962,3.1841133026388713
2963,3.2098554906161465
2964,3.2356429784370295
2965,3.2616229869183027
2966,3.2880442480789895
2967,3.314512004077893
2968,3.3410263367326056
2969,3.3679809671477643
2970,3.3951421853715065
2971,3.4223512005664225
2972,3.449706787738141
2973,3.4775748324868148
2974,3.505491918039536
2975,3.533458130694041
2976,3.561852112480505
2977,3.5904908280714807
2978,3.61917994064724
2979,3.6480170579994824
2980,3.6773911364907783
2981,3.7068169060159395
2982,3.7362944575362813
2983,3.7662369247160274
2984,3.796413283035091
2985,3.8266427441917807
2986,3.8570731584077835
2987,3.8880142135204845
2988,3.9190097171394647
2989,3.9500597650783447
2990,3.9816657335015395
2991,4.01344159022442
2992,4.045273364486629
2993,4.077451896397942
2994,4.110114318186557
2995,4.142834217639941
2996,4.175611695902101
2997,4.20883353012209
2998,4.242459456271365
2999,4.276144555601958
3000,4.309888932241458
3001,4.344198538725087
3002,4.378809423056247
3003,4.413481213837987
3004,4.448214018247934
3005,4.483657152209516
3006,4.519274785972927
3007,4.554955097802711
3008,4.59073977402994
3009,4.627321914187094
3010,4.663968429691256
3011,4.700679433824214
3012,4.737676054941635
3013,4.775307707003719
3014,4.813005581278568
3015,4.850769794297879
3016,4.889027827585372
3017,4.927731776905303
3018,4.96650383539955
3019,5.005344122920269
3020,5.044914375782915
3021,5.084713759245841
3022,5.124583179558981
3023,5.164610963553841
3024,5.20545739395822
3025,5.24637570374179
3026,5.287366019391089
3027,5.328793811869711
3028,5.370781012405562
3029,5.412842099775059
3030,5.454977203997226
3031,5.497859680293053
3032,5.5410118226089615
3033,5.584239901748189
3034,5.6276735517712915
3035,5.671937280732352
3036,5.716278902617419
3037,5.760698554494977
3038,5.805681850088859
3039,5.851157833198663
3040,5.896713842478448
3041,5.942350018750554
3042,5.988941616622831
3043,6.03565509126463
3044,6.0824507697329375
3045,6.129696484179382
3046,6.1775887867569885
3047,6.225565367587429
3048,6.273626374975342
3049,6.322582736349292
3050,6.371761876552735
3051,6.421027559500551
3052,6.470729094526114
3053,6.5212007614013165
3054,6.5717612455266305
3055,6.622410703193873
3056,6.673781350647685
3057,6.725664377352275
3058,6.777638704924082
3059,6.829704494025295
3060,6.882803080270248
3061,6.936130691815677
3062,6.989552146311962
3063,7.043244433396587
3064,7.097954391017453
3065,7.152760624151801
3066,7.207663302215594
3067,7.2631784869404505
3068,7.319399286835101
3069,7.375719020921099
3070,7.432137863292843
3071,7.489538453605384
3072,7.54730578753728
3073,7.605174777145652
3074,7.663249377016259
3075,7.7224955866497424
3076,7.7818460543871515
3077,7.841300963691247
3078,7.901361335909863
3079,7.962225376405459
3080,8.023196521952178
3081,8.0842749610224
3082,8.14638735648373
3083,8.208907686633491
3084,8.271538036457885
3085,8.33441415417194
3086,8.398582060407454
3087,8.462862885611507
3088,8.527256828487156
3089,8.592128291549717
3090,8.658090538751043
3091,8.72416886247684
3092,8.790363466986449
3093,8.8573107023244
3094,8.925104769273645
3095,8.993018136254978
3096,9.061051013200043
3097,9.130156546687571
3098,9.199820457866272
3099,9.269606959496585
3100,9.339516267300125
3101,9.410864741891592
3102,9.48243707291822
3103,9.554135352697601
3104,9.626247262134678
3105,9.699637996599606
3106,9.773157879717658
3107,9.846807138750789
3108,9.921308355170998
3109,9.99668284526461
3110,10.072189974881223
3111,10.14782997742561
3112,10.224811245383268
3113,10.30220968254076
3114,10.379744320816167
3115,10.457646090458471
3116,10.536969649689985
3117,10.616432797733262
3118,10.696035780221479
3119,10.7765752960303
3120,10.85800120847255
3121,10.939570409292937
3122,11.021283150634636
3123,11.10486443015032
3124,11.188774454479763
3125,11.27283213854768
3126,11.357037742189378
3127,11.442461362128954
3128,11.528909631957834
3129,11.615510028144572
3130,11.702262818384279
3131,11.789628965257048
3132,11.878683806730868
3133,11.967895361416156
3134,12.057263905079306
3135,12.14678971397194
3136,12.238338544002207
3137,12.330217072295362
3138,12.422257282709209
3139,12.514459459753649
3140,12.608146789439239
3141,12.702748876285582
3142,12.79751743796791
3143,12.892452767429756
3144,12.988387080124832
3145,13.085770087240919
3146,13.183324462847674
3147,13.281050508499806
3148,13.379343583702507
3149,13.47956565658137
3150,13.579964093924106
3151,13.680539206076627
3152,13.78130613743003
3153,13.884426212417297
3154,13.987727751551745
3155,14.091211074153014
3156,14.194876500102595
3157,14.300648098599089
3158,14.406912578983377
3159,14.513364056790698
3160,14.620002861077408
3161,14.72853341370258
3162,14.837821481427092
3163,14.94730186724961
3164,15.056974909588977
3165,15.168390049969323
3166,15.280763165057943
3167,15.39333402707038
3168,15.506102983978229
3169,15.620531732211994
3170,15.736052175994791
3171,15.851775905123109
3172,15.967703277314373
3173,16.085278056699757
3174,16.204008939258653
3175,16.32294875663916
3176,16.442097876499822
3177,16.562954530039498
3178,16.684959797726645
3179,16.807179762237325
3180,16.92961480136918
3181,17.053892608062387
3182,17.17923705109176
3183,17.30480206695729
3184,17.430588043796327
3185,17.5584297347314
3186,17.687178994844842
3187,17.81615481931616
3188,17.94535760682562
3189,18.076909381082338
3190,18.209129959289346
3191,18.34158321039691
3192,18.474269543834232
3193,18.609681084208614
3194,18.745440348602052
3195,18.88143851298548
3196,19.017979109028424
3197,19.15710048630624
3198,19.296466679952303
3199,19.436078120764197
3200,19.576784133534808
3201,19.71972815881311
3202,19.86292372724003
3203,20.006371281449816
3204,20.150931637509252
3205,20.297774702549336
3206,20.44487617194395
3207,20.592236500400485
3208,20.740810088123137
3209,20.891629602837636
3210,21.042714519329518
3211,21.19406530461931
3212,21.346815082996862
3213,21.501689484410356
3214,21.65683642304862
3215,21.812256378487962
3216,21.96934939989491
3217,22.128358161200683
3218,22.287646735026176
3219,22.447215613749705
3220,22.608823046354637
3221,22.77204668605787
3222,22.93555755526283
3223,23.099356159399008
3224,23.26565330923041
3225,23.433173400378877
3226,23.600988281553672
3227,23.76909847148794
3228,23.940264804166773
3229,24.112163983668182
3230,24.284365659134867
3231,24.457037351040945
3232,24.63308952501395
3233,24.809451503041732
3234,24.9861238302769
3235,25.16397511616559
3236,25.344566893204632
3237,25.525476462692115
3238,25.706704383837305
3239,25.889926692586435
3240,26.075143807103206
3241,26.260686853326966
3242,26.446556404789057
3243,26.635345404860054
3244,26.825274691348394
3245,27.01553820160292
3246,27.206304809287847
3247,27.400692143418283
3248,27.595421546200733
3249,27.790493619561712
3250,27.987167487850158
3251,28.186435413841945
3252,28.386053996909293
3253,28.586023854091174
3254,28.7888128331647
3255,28.993051386175853
3256,29.19764934311844
3257,29.402827801624664
3258,29.612486945331963
3259,29.822515031657467
3260,30.03291270981595
3261,30.243680630164565
3262,30.457974248377596
3263,30.67390849918233
3264,30.890222734954634
3265,31.106917624339818
3266,31.325836196529966
3267,31.547794769612395
3268,31.770143928716248
3269,31.99288436114068
3270,32.216644990072865
3271,32.44474758552164
3272,32.67325157867882
3273,32.902157675868104
3274,33.13146658465612
3275,33.365351519703125
3276,33.60013181881897
3277,33.83532526642923
3278,34.070932589534486
3279,34.31020204438352
3280,34.55138169917178
3281,34.79298576344375
3282,35.0350149840152
3283,35.27990560126257
3284,35.52760925632693
3285,35.775748801197544
3286,36.02432500289133
3287,36.27507967252035
3288,36.52943358491357
3289,36.78423508960645
3290,37.03948497420774
3291,37.29635285295115
3292,37.55748491023652
3293,37.81907648735438
3294,38.08112839290158
3295,38.34436492338961
3296,38.61240466223119
3297,38.880916076379464
3298,39.14989999582006
3299,39.41976692561431
3300,39.69484555092356
3301,39.970408237890325
3302,40.24645583829553
3303,40.52322123891431
3304,40.80547164358437
3305,41.0882187301094
3306,41.37146337247723
3307,41.655401658527396
3308,41.944958443784515
3309,42.23502476794713
3310,42.52560152762635
3311,42.81699347615969
3312,43.113992972570074
3313,43.41151510483203
3314,43.709560792601984
3315,44.00869356282745
3316,44.31327385199142
3317,44.61839011692948
3318,44.9240433007714
3319,45.231210454259326
3320,45.54351139123478
3321,45.8563618900041
3322,46.16976291760317
3323,46.48526443913003
3324,46.805427675625765
3325,47.12615430919356
3326,47.44744533121404
3327,47.77158765040455
3328,48.09975665878593
3329,48.42850315197966
3330,48.75782814615517
3331,49.09092416009343
3332,49.42724425825132
3333,49.76415618467129
3334,50.10166098076124
3335,50.44403007775134
3336,50.78864845488035
3337,51.13387326272279
3338,51.479705568381426
3339,51.8323240708691
3340,52.18609766017382
3341,52.54049379059312
3342,52.89551355757798
3343,53.25597206595411
3344,53.61909175703416
3345,53.982850435530935
3346,54.347249225834155
3347,54.71581568457388
3348,55.08847710505568
3349,55.46179430349428
3350,55.8357684338241
3351,56.2127120905694
3352,56.59511591779759
3353,56.97819266664628
3354,57.36194352121606
3355,57.7475342782101
3356,58.139886584522394
3357,58.53292931873613
3358,58.92666369575584
3359,59.32117137067574
3360,59.723684006410366
3361,60.126904949111356
3362,60.53083544514337
3363,60.9354767430635
3364,61.3476214619729
3365,61.761469959223405
3366,62.17604671103759
3367,62.591352998879465
3368,63.01232191980459
3369,63.437000801289926
3370,63.86242699548083
3371,64.28860181737596
3372,64.71875377051174
3373,65.15446911287897
3374,65.59095118871602
3375,66.02820134719431
3376,66.46790215609745
3377,66.91486340443429
3378,67.3626111755546
3379,67.81114685345096
3380,68.2607691797823
3381,68.71918927985404
3382,69.17841606673197
3383,69.63845095988914
3384,70.09929538129609
3385,70.56912767739128
3386,71.0407903693125
3387,71.51328305084976
3388,71.98660718247925
3389,72.46469848712005
3390,72.94921021645307
3391,73.43457454571661
3392,73.92079297517127
3393,74.40786700771797
3394,74.90436145824226
3395,75.4028359651402
3396,75.90218764205561
3397,76.40241803248271
3398,76.90739187135779
3399,77.4192176769579
3400,77.93194414668785
3401,78.44557286538195
3402,78.96010542066222
3403,79.4848901520603
3404,80.01123557353881
3405,80.53850720906472
3406,81.06670668842919
3407,81.6010439961762
3408,82.14125516007068
3409,82.68241693735777
3410,83.22453100076132
3411,83.76888998129577
3412,84.3232163284248
3413,84.87851812721627
3414,85.4347970940989
3415,85.99205494852153
3416,86.558352716807
3417,87.12804709037601
3418,87.69874395841198
3419,88.27044508492737
3420,88.84791821067877
3421,89.4322604048049
3422,90.01763086891198
3423,90.60403141236641
3424,91.19318697383217
3425,91.79243494604172
3426,92.3927374176558
3427,92.9940962441934
3428,93.59651328443837
3429,94.2098730105457
3430,94.82537428544195
3431,95.44195866029915
3432,96.0596280409611
3433,96.68588457121251
3434,97.31684862960914
3435,97.94892299751088
3436,98.58210962863838
3437,99.22180806864381
3438,99.86850167251966
3439,100.51633326484517
3440,101.16530484804437
3441,101.81900236784766
3442,102.4816950812758
3443,103.14555393642877
3444,103.81058098526803
3445,104.47885690692418
3446,105.15787781402076
3447,105.8380935951851
3448,106.51950635293497
3449,107.20274852888942
3450,107.89837625567822
3451,108.59522807915288
3452,109.29330615325058
3453,109.99261263569781
3454,110.7046178407435
3455,111.41838783088133
3456,112.13341384211043
3457,112.84969808454034
3458,113.57805105390412
3459,114.30902437022209
3460,115.04128397987009
3461,115.77483214622387
3462,116.52159797983852
3463,117.2717730418137
3464,118.02326818595022
3465,118.77608573507683
3466,119.53434377623951
3467,120.30405787288387
3468,121.0751264340198
3469,121.8475518429742
3470,122.62133648726615
3471,123.40751978426823
3472,124.19850307629908
3473,124.99087825955695
3474,125.78464778322258
3475,126.58382630123708
3476,127.39506909740233
3477,128.20773943487094
3478,129.02183982555175
3479,129.83737278577362
3480,130.6665221162672
3481,131.4998364821603
3482,132.3346172279528
3483,133.17086693389194
3484,134.0145863898286
3485,134.8688971822751
3486,135.7247113013911
3487,136.58203139243327
3488,137.4410128187623
3489,138.31667599012206
3490,139.1938800612572
3491,140.07262774353626
3492,140.9529217530984
3493,141.8449540434072
3494,142.74390823682344
3495,143.6444443143585
3496,144.54656505949444
3497,145.45553917391663
3498,146.376607283253
3499,147.2992961898146
3500,148.22360874555318
3501,149.15026592155232
3502,150.09381539638122
3503,151.039025228107
3504,151.985898338288
3505,152.93443765362255
3506,153.8973975305172
3507,154.86550007929515
3508,155.83530619001107
3509,156.8068188602426
3510,157.78924541948686
3511,158.78061620712725
3512,159.7737315009539
3513,160.7685943705886
3514,161.77127760116082
3515,162.78629591438
3516,163.80310034542475
3517,164.82169403713422
3518,165.8454394457154
3519,166.88448837195494
3520,167.92536570173706
3521,168.96807465230373
3522,170.0137031878629
3523,171.07716965196923
3524,172.14250748616402
3525,173.20971998329017
3526,174.2788104419837
3527,175.36642400594766
3528,176.45669886458214
3529,177.5488922667817
3530,178.64300758839175
3531,179.75418828413356
3532,180.8697990448033
3533,181.98737293153124
3534,183.10691339860665
3535,184.2425261781308
3536,185.383875751883
3537,186.52723374314266
3538,187.67260368588936
3539,188.83367998672117
3540,190.00137724393554
3541,191.17112928148362
3542,192.3429397149223
3543,193.52960454611306
3544,194.7240629039053
3545,195.92062313229792
3546,197.1192889297043
3547,198.3324629019325
3548,199.55409980594283
3549,200.7778864053478
3550,202.00382648270974
3551,203.244445857548
3552,204.49368281887803
3553,205.74511804207796
3554,206.9987553951625
3555,208.2677720130191
3556,209.5450346459145
3557,210.82454485605402
3558,212.10630659822255
3559,213.40468780848607
3560,214.71040586875802
3561,216.01842157783258
3562,217.3287389785973
3563,218.6574675721667
3564,219.99207499636051
3565,221.32903090445717
3566,222.66833942878944
3567,224.02841357313656
3568,225.39234851846507
3569,226.75868355376272
3570,228.12859936079167
3571,229.5198560790704
3572,230.91356096412295
3573,232.30971832367456
3574,233.71273311684058
3575,235.13415341914316
3576,236.5580749653945
3577,237.9845021567076
3578,239.4216578915573
3579,240.87369205227813
3580,242.32828132640586
3581,243.78543020983793
3582,245.25778396674835
3583,246.74088664093713
3584,248.22659909798247
3585,249.714925929973
3586,251.22354986337487
3587,252.73818013066875
3588,254.25547565804493
3589,255.77751778934842
3590,257.3214224261709
3591,258.86804383560354
3592,260.41738679798226
3593,261.97759008745544
3594,263.55389691442383
3595,265.1329775301297
3596,266.71483681522716
3597,268.31431628628565
3598,269.9234970991154
3599,271.5355095469559
3600,273.15059821821245
3601,274.79024417105444
3602,276.43277536666466
3603,278.07819688180115
3604,279.7345322487052
3605,281.4079502045306
3606,283.0843128295018
3607,284.7636253049369
3608,286.46236479236967
3609,288.17003964368433
3610,289.8807194437117
3611,291.5973646068435
3612,293.33672528307653
3613,295.07914666363837
3614,296.82463413400825
3615,298.58573242312616
3616,300.36027215291455
3617,302.1379344891729
3618,303.9187249262956
3619,305.72547579237704
3620,307.53569297044277
3621,309.3490955340621
3622,311.17615210775045
3623,313.0193066757099
3624,314.86570458702374
3625,316.7153515485212
3626,318.5962649690129
3627,320.4825879763876
3628,322.37223028773707
3629,324.26519774354057
3630,326.1758780054744
3631,328.10601895137404
3632,330.03955630468823
3633,331.97649604155765
3634,333.91834520829326
3635,335.89312067021666
3636,337.87137107981306
3637,339.85310255141303
3638,341.8383212101038
3639,343.84699336031315
3640,345.8706275103756
3641,347.8978225809816
3642,349.92858483772756
3643,351.97107826659595
3644,354.0407729224036
3645,356.11410954808485
3646,358.19109455184
3647,360.27173435314285
3648,362.38529701109695
3649,364.5054593133425
3650,366.629352389328
3651,368.756982803499
3652,370.90773182555154
3653,373.0754101671257
3654,375.2469028928175
3655,377.4222167141801
3656,379.61165176670426
3657,381.82754282953647
3658,384.0473331126905
3659,386.2710294769878
3660,388.50067359935207
3661,390.7654804644557
3662,393.03427262317274
3663,395.3070570877653
3664,397.58384088283356
3665,399.8928887083107
3666,402.2113935531157
3667,404.53397817921274
3668,406.8606497651095
3669,409.21347571399633
3670,411.58241063201723
3671,413.95551406899955
3672,416.33279335958036
3673,418.7309922104937
3674,421.1510812517701
3675,423.5754288236524
3676,426.00404241914765
3677,428.44923157856897
3678,430.9212055445703
3679,433.39752933867317
3680,435.87821061451734
3681,438.3720299430908
3682,440.89662647749486
3683,443.4256654353861
3684,445.95915463331835
3685,448.5032662823864
3686,451.0812299642066
3687,453.66372997498615
3688,456.2507742965016
3689,458.84686255519586
3690,461.4789449943169
3691,464.1156589903288
3692,466.757012692555
3693,469.40704775090813
3694,472.09654918051376
3695,474.7907832020911
3696,477.4897581427284
3697,480.1934823441637
3698,482.93461423580936
3699,485.6871781674838
3700,488.44458565605254
3701,491.2068452238372
3702,493.99740425982594
3703,496.8091147252839
3704,499.6257728223151
3705,502.4473872563527
3706,505.2892301417681
3707,508.1609105718056
3708,511.0376441569125
3709,513.9194397881829
3710,516.8144494952044
3711,519.7469301974357
3712,522.6845710391502
3713,525.6273810996697
3714,528.5774666044912
3715,531.571584834402
3716,534.5709716613443
3717,537.5756363554642
3718,540.5855882032165
3719,543.6393324167406
3720,546.7013109899293
3721,549.7686775667671
3722,552.8414416274854
3723,555.9546775528302
3724,559.0801007390313
3725,562.2110235659518
3726,565.3474557102369
3727,568.5221715106234
3728,571.7118993567171
3729,574.90723999383
3730,578.1082032976853
3731,581.3530382144538
3732,584.616879736357
3733,587.8864644598096
3734,591.1618024899834
3735,594.4429039498232
3736,597.7767754873489
3737,601.1216480780839
3738,604.4724064520261
3739,607.8290609652026
3740,611.1969853412857
3741,614.6181970223388
3742,618.0454288126849
3743,621.4786913046858
3744,624.9179951093363
3745,628.38158147354
3746,631.886347297904
3747,635.3972802524686
3748,638.914391188261
3749,642.4376909753978
3750,646.0007032181302
3751,649.5903767687023
3752,653.1863668519417
3753,656.7886845817338
3754,660.3973410915142
3755,664.0635930047566
3756,667.7395420077107
3757,671.4219593522431
3758,675.1108564193281
3759,678.8226038455025
3760,682.5795993902477
3761,686.3432058852244
3762,690.1134349623068
3763,693.8902982738365
3764,697.7122841318464
3765,701.5581772715726
3766,705.4108377839516
3767,709.2702775760655
3768,713.1434033594613
3769,717.072688692794
3770,721.0088881344818
3771,724.9520138497744
3772,728.902078025316
3773,732.892617045487
3774,736.9134710762278
3775,740.9414003373812
3776,744.9764172776661
3777,749.0239005919759
3778,753.1305331351703
3779,757.2443918430648
3780,761.3654894299302
3781,765.4938386323984
3782,769.6660819783144
3783,773.867004411005
3784,778.0753189181934
3785,782.2910385060418
3786,786.5261861164674
3787,790.8153150290522
3788,795.1119912222637
3789,799.4162279753305
3790,803.7280385908418
3791,808.0954613574912
3792,812.4816525952923
3793,816.8755619013951
3794,821.2772028555016
3795,825.715160191981
3796,830.1953813612373
3797,834.6834860515264
3798,839.1794881336418
3799,843.6834015027774
3800,848.2516373261964
3801,852.8351658201117
3802,857.4267596109861
3803,862.026432889418
3804,866.6570233584769
3805,871.3372132441116
3806,876.0256385092757
3807,880.7223136438023
3808,885.427253163016
3809,890.1963049610757
3810,894.98281076579
3811,899.7777390192969
3812,904.581104540547
3813,909.4191819563503
3814,914.3050267818053
3815,919.199468849667
3816,924.1025232864093
3817,929.0142052451158
3818,933.9991011986033
3819,938.9943273262024
3820,943.9983431586944
3821,949.0111641611594
3822,954.0719127009722
3823,959.1692028022476
3824,964.2754621963173
3825,969.3907066642145
3826,974.5304038479475
3827,979.7310476249944
3828,984.9408425518344
3829,990.1598047294494
3830,995.3879502871359
3831,1000.6868779941227
3832,1006.0015103510945
3833,1011.3254944263334
3834,1016.6588466736807
3835,1022.0437738469068
3836,1027.464555579358
3837,1032.8948758057934
3838,1038.3347513086537
3839,1043.8088787693966
3840,1049.3371319935006
3841,1054.8751128134193
3842,1060.422838344282
3843,1065.9893999331932
3844,1071.6264570598128
3845,1077.273433228294
3846,1082.9303458905808
3847,1088.5972125293167
3848,1094.3398119170363
3849,1100.0971286270849
3850,1105.864575980501
3851,1111.6421718014976
3852,1117.484541364199
3853,1123.3535543729288
3854,1129.2328945598688
3855,1135.1225800949976
3856,1141.0680538728936
3857,1147.050129628789
3858,1153.0427315018271
3859,1159.0458780119704
3860,1165.0978216235767
3861,1171.1943373948477
3862,1177.3015806453018
3863,1183.4195702491638
3864,1189.581380565545
3865,1195.793724569601
3866,1202.0169998572555
3867,1208.2512256612874
3868,1214.526330500295
3869,1220.8559020343475
3870,1227.1966111182762
3871,1233.5484773477392
3872,1239.943711910364
3873,1246.4005898166029
3874,1252.868829273411
3875,1259.3484502705305
3876,1265.8394728328647
3877,1272.4198122535238
3878,1279.0171718210297
3879,1285.6261401205368
3880,1292.2467375766487
3881,1298.9220627527463
3882,1305.6501458129255
3883,1312.3900676177182
3884,1319.1418489963828
3885,1325.9159117619213
3886,1332.776335609648
3887,1339.6488310599884
3888,1346.533419351855
3889,1353.4301217615293
3890,1360.4044030403513
3891,1367.411106493468
3892,1374.4301389311695
3893,1381.4615220451735
3894,1388.5430876166383
3895,1395.68564793656
3896,1402.8407762850338
3897,1410.0084947743244
3898,1417.2012068046697
3899,1424.4812876623528
3900,1431.7741785195115
3901,1439.0799019140968
3902,1446.3984804237043
3903,1453.8069365426904
3904,1461.2392716508264
3905,1468.6846846517437
3906,1476.14319855468
3907,1483.6715844566816
3908,1491.2450610251685
3909,1498.831863827736
3910,1506.4320163105176
3911,1514.0843007661415
3912,1521.8006318061114
3913,1529.5305404351996
3914,1537.2740505417348
3915,1545.0585647280752
3916,1552.9364108628768
3917,1560.8281187764123
3918,1568.733712856966
3919,1576.653217535733
3920,1584.6223076699382
3921,1592.6777712521166
3922,1600.7474091327933
3923,1608.8312462500548
3924,1616.9293075858554
3925,1625.0902530021071
3926,1633.3259085315183
3927,1641.5760554084964
3928,1649.8407191288961
3929,1658.1199252334113
3930,1666.4800759615546
3931,1674.898524223606
3932,1683.331785457837
3933,1691.7798857259054
3934,1700.24285113531
3935,1708.8096272643252
3936,1717.4134957318731
3937,1726.0325034186749
3938,1734.66667696033
3939,1743.3204338795692
3940,1752.0969341544371
3941,1760.8888773958051
3942,1769.696290773631
3943,1778.519201505662
3944,1787.3932794710925
3945,1796.360201551558
3946,1805.3429016448167
3947,1814.3414075102328
3948,1823.3557469560046
3949,1832.4577641623077
3950,1841.617813297664
3951,1850.7939802513515
3952,1859.986293380524
3953,1869.1947810922175
3954,1878.5324237556904
3955,1887.8883335034382
3956,1897.260705684092
3957,1906.6495692610542
3958,1916.0982250566185
3959,1925.635975335428
3960,1935.1905079950614
3961,1944.761852561771
3962,1954.3500386137432
3963,1964.048507897414
3964,1973.7873188082624
3965,1983.543265862683
3966,1993.3163792092485
3967,2003.1381760216266
3968,2013.065486989906
3969,2023.01026576615
3970,2032.9725430824017
3971,2042.9523497247621
3972,2053.0318887125504
3973,2063.16760451349
3974,2073.321154806039
3975,2083.4925709673034
3976,2093.69872747846
3977,2104.0275016665705
3978,2114.37445002987
3979,2124.739604543026
3980,2135.1229972369497
3981,2145.602258380998
3982,2156.1447462254787
3983,2166.7057842682025
3984,2177.28540514532
3985,2187.9042576011716
3986,2198.644442880734
3987,2209.403526203251
3988,2220.181540816793
3989,2230.978520027911
3990,2241.8860217426513
3991,2252.845328894894
3992,2263.823919627341
3993,2274.821827866278
3994,2285.8820471064746
3995,2297.0437736646563
3996,2308.2251399547126
3997,2319.426180529456
3998,2330.646930002471
3999,2342.012003296085
4000,2353.398847872328
4001,2364.8057282662885
4002,2376.2326797275405
4003,2387.762008255518
4004,2399.356628813487
4005,2410.971650764327
4006,2422.6071100007184
4007,2434.3093050911557
4008,2446.1219436352744
4009,2457.9553671679923
4010,2469.8096122567877
4011,2481.6847155334553
4012,2493.6907840536323
4013,2505.7450520496527
4014,2517.820530169807
4015,2529.917255729425
4016,2542.0768654975172
4017,2554.3544394134037
4018,2566.6536163516553
4019,2578.9744343187745
4020,2591.316931388114
4021,2603.797366289056
4022,2616.322726696916
4023,2628.870126094019
4024,2641.439603253786
4025,2654.0877727952643
4026,2666.841820445523
4027,2679.618309450001
4028,2692.41727928992
4029,2705.239702256184
4030,2718.2249602992265
4031,2731.233066500138
4032,2744.264061055752
4033,2757.3179842336144
4034,2770.4863125898273
4035,2783.728583244529
4036,2796.9941542542597
4037,2810.2830666113127
4038,2823.6401474969152
4039,2837.1191497874865
4040,2850.6218689495167
4041,2864.1483467079884
4042,2877.700839312951
4043,2891.419160602695
4044,2905.1616198319034
4045,2918.928259466267
4046,2932.7191220461546
4047,2946.6431148440442
4048,2960.6279265290277
4049,2974.6373450234714
4050,2988.6714136178252
4051,3002.8056167004597
4052,3017.0354139607416
4053,3031.2902490668343
4054,3045.5701660674104
4055,3059.921375792889
4056,3074.398812736432
4057,3088.9017232310766
4058,3103.430152091946
4059,3118.0065853190404
4060,3132.7440275471176
4061,3147.50740078821
4062,3162.296750662158
4063,3177.1121228690145
4064,3192.0696857899216
4065,3207.096342462626
4066,3222.149438996762
4067,3237.2290219072456
4068,3252.3916740537984
4069,3267.684456986596
4070,3283.0041480102986
4071,3298.3507944634707
4072,3313.7259918803343
4073,3329.2877663206864
4074,3344.876922121729
4075,3360.493507454536
4076,3376.1375705748974
4077,3391.922406035168
4078,3407.783919635039
4079,3423.673341958116
4080,3439.590722103115
4081,3455.6046257366647
4082,3471.7414131651954
4083,3487.9065936379725
4084,3504.100217105661
4085,3520.350789537784
4086,3536.7657901072052
4087,3553.209673212471
4088,3569.6824896652683
4089,3586.184290366647
4090,3602.873553146407
4091,3619.599106964238
4092,3636.354089703354
4093,3653.138553136519
4094,3670.081320807651
4095,3687.091537288947
4096,3704.1316835283665
4097,3721.201812179665
4098,3738.4058280418817
4099,3755.7037232815587
4100,3773.032054421745
4101,3790.39087500652
4102,3807.863926848326
4103,3825.4525413579736
4104,3843.072103258998
4105,3860.7226669951847
4106,3878.4795685800846
4107,3896.3793111142018
4108,3914.3105484386206
4109,3932.273335960013
4110,3950.267729182488
4111,3968.4676390884883
4112,3986.713853211839
4113,4004.992171701298
4114,4023.302651035767
4115,4041.7362603753622
4116,4060.300778917266
4117,4078.897961847894
4118,4097.527866631231
4119,4116.204038079629
4120,4135.090215218277
4121,4154.00962266845
4122,4172.9623188895575
4123,4191.948362443844
4124,4211.101180647755
4125,4230.346199614929
4126,4249.62508022916
4127,4268.9378820603615
4128,4288.352823201251
4129,4307.926867914724
4130,4327.535353157116
4131,4347.178339516593
4132,4366.864420975883
4133,4386.770933208529
4134,4406.712470906136
4135,4426.689095685747
4136,4446.700869272762
4137,4466.897832231681
4138,4487.175898114935
4139,4507.489643159
4140,4527.839130130728
4141,4548.32713353658
4142,4568.945231550023
4143,4589.599606966569
4144,4610.290323605344
4145,4631.078538254134
4146,4652.040200866259
4147,4673.038745337414
4148,4694.074236549933
4149,4715.171880891589
4150,4736.480669404278
4151,4757.826950496249
4152,4779.210790124052
4153,4800.632254360223
4154,4822.286635023114
4155,4843.984249495685
4156,4865.720040625231
4157,4887.494075571518
4158,4909.478230966053
4159,4931.530805081591
4160,4953.622180353791
4161,4975.752425040843
4162,4998.0757267575955
4163,5020.486916589867
4164,5042.937538509418
4165,5065.4276618842105
4166,5088.099529130576
4167,5110.873020873336
4168,5133.6865821179035
4169,5156.540283353397
4170,5179.570182981676
4171,5202.709693257231
4172,5225.889916986521
4173,5249.110925791291
4174,5272.50837235391
4175,5296.017648521438
4176,5319.5682886860495
4177,5343.160365613732
4178,5366.934921444306
4179,5390.817741908499
4180,5414.74258355913
4181,5438.709520318118
4182,5462.870795636725
4183,5487.130970156425
4184,5511.433829753079
4185,5535.779449516294
4186,5560.337102557525
4187,5584.978472554657
4188,5609.663198276047
4189,5634.3913559908915
4190,5659.35509315351
4191,5684.381532022315
4192,5709.4520040756925
4193,5734.575388362952
4194,5759.946162791102
4195,5785.361576207608
4196,5810.8217071387535
4197,5836.368855175179
4198,5862.131852375668
4199,5887.940178607974
4200,5913.793913612022
4201,5939.783991648255
4202,5965.96770098092
4203,5992.197479512523
4204,6018.473408284863
4205,6044.832957206334
4206,6071.441647337256
4207,6098.097154342425
4208,6124.799560578696
4209,6151.5489485477065
4210,6178.57775545832
4211,6205.663302386212
4212,6232.796505118928
4213,6259.977447488819
4214,6287.40024641642
4215,6314.920180342781
4216,6342.488534293718
4217,6370.1053934457095
4218,6397.933499489955
4219,6425.892203468693
4220,6453.900099401019
4221,6481.957273821091
4222,6510.202053339374
4223,6538.60394675419
4224,6567.055811824733
4225,6595.557736456501
4226,6624.230607210766
4227,6653.080146126927
4228,6681.98044423857
4229,6710.931590836284
4230,6740.044022165261
4231,6769.345699681532
4232,6798.698931835719
4233,6828.103809317457
4234,6857.667322332923
4235,6887.425668934159
4236,6917.23637358418
4237,6947.099528385653
4238,6977.125696191267
4239,7007.345280101236
4240,7037.618033505632
4241,7067.9440499342645
4242,7098.444497865337
4243,7129.1299254003425
4244,7159.869341977147
4245,7190.662842566941
4246,7221.649248450307
4247,7252.805164373581
4248,7284.01589705531
4249,7315.28154292245
4250,7346.806153178117
4251,7378.500535273569
4252,7410.250681443478
4253,7442.056689780918
4254,7473.918658551439
4255,7506.0935873535145
4256,7538.388562484289
4257,7570.740358289579
4258,7603.149074720696
4259,7635.615937984744
4260,7668.461204498235
4261,7701.364259800581
4262,7734.325205545804
4263,7767.344143566683
4264,7800.500452088892
4265,7833.960286713698
4266,7867.478991306711
4267,7901.05666942346
4268,7934.693424801517
4269,7968.560513615372
4270,8002.642555263653
4271,8036.784561494644
4272,8070.986637788952
4273,8105.248889812663
4274,8139.848204909653
4275,8174.5601768586075
4276,8209.33322158823
4277,8244.167446528065
4278,8279.12845274105
4279,8314.416176605999
4280,8349.765986145596
4281,8385.177990570835
4282,8420.652299284717
4283,8456.385021889671
4284,8492.317289134271
4285,8528.312775952343
4286,8564.371593549035
4287,8600.499740983756
4288,8637.02020529019
4289,8673.604923952014
4290,8710.254009994227
4291,8746.967576640563
4292,8783.908001626987
4293,8821.08774856371
4294,8858.332909677012
4295,8895.64360003162
4296,8933.019934894573
4297,8970.794757919113
4298,9008.641848228977
4299,9046.555526713131
4300,9084.535910500917
4301,9122.775240709789
4302,9161.260246109512
4303,9199.812961925982
4304,9238.433507262209
4305,9277.122001430622
4306,9316.139111212491
4307,9355.337112856376
4308,9394.604079225437
4309,9433.940131628558
4310,9473.345391587896
4311,9513.164979909192
4312,9553.084677469567
4313,9593.074609363544
4314,9633.13489913275
4315,9673.33546397497
4316,9713.923670544758
4317,9754.58328750255
4318,9795.314440458249
4319,9836.117255242585
4320,9877.13315545624
4321,9918.468969149557
4322,9959.877508415402
4323,10001.358901176538
4324,10042.913275580646
4325,10084.770268310735
4326,10126.862769779042
4327,10169.02932797411
4328,10211.270073159643
4329,10253.585135828383
4330,10296.309098459273
4331,10339.167462884463
4332,10382.101231326493
4333,10425.110536418382
4334,10468.255577087393
4335,10511.812442354703
4336,10555.445940438662
4337,10599.156206133273
4338,10642.943374469507
4339,10687.003613658459
4340,10731.343602156987
4341,10775.761601116697
4342,10820.257747754213
4343,10864.832179527419
4344,10909.833831114816
4345,10954.966390962016
4346,11000.17835553039
4347,11045.469864488443
4348,11090.956456624841
4349,11136.81046041889
4350,11182.745138082159
4351,11228.760631515004
4352,11274.85708286727
4353,11321.333911135995
4354,11367.998253070788
4355,11414.744694379373
4356,11461.57337946889
4357,11508.577063436878
4358,11555.978077310283
4359,11603.462486485336
4360,11651.030437648096
4361,11698.682077742531
4362,11746.725208574617
4363,11794.954662676468
4364,11843.268969418394
4365,11891.668278049092
4366,11940.28046743474
4367,11989.262101073218
4368,12038.32991055075
4369,12087.484047442967
4370,12136.724663591966
4371,12186.42590493759
4372,12236.254422439866
4373,12286.170605553574
4374,12336.174608474077
4375,12386.507648846877
4376,12437.142311549036
4377,12487.866057993153
4378,12538.679044868353
4379,12589.581429139227
4380,12640.936837899088
4381,12692.476763210689
4382,12744.107364729158
4383,12795.828801943891
4384,12847.681310852726
4385,12900.044860105883
4386,12952.50053443377
4387,13005.048495873601
4388,13057.68890674745
4389,13110.6167293463
4390,13163.904998607204
4391,13217.287019623218
4392,13270.762957291941
4393,13324.332976800883
4394,13378.367359796723
4395,13432.591040241561
4396,13486.910117921878
4397,13541.324760628697
4398,13595.934382967876
4399,13651.00738763073
4400,13706.177283589985
4401,13761.444241263887
4402,13816.808431370282
4403,13872.583058972232
4404,13928.611516968047
4405,13984.738546983592
4406,14040.964322392467
4407,14097.365223082756
4408,14154.260052805877
4409,14211.254978586603
4410,14268.350176478425
4411,14325.545822844324
4412,14383.170302223361
4413,14441.041013689564
4414,14499.013537858342
4415,14557.088053801699
4416,14615.389856938458
4417,14674.144310958472
4418,14733.00213226401
4419,14791.963502660577
4420,14851.0286042733
4421,14910.612714279494
4422,14970.363871103507
4423,15030.220148469594
4424,15090.181731266119
4425,15150.494256871245
4426,15211.146855577465
4427,15271.906160530914
4428,15332.772359408156
4429,15393.837165341829
4430,15455.39938074021
4431,15517.069902465257
4432,15578.848921007071
4433,15640.736627190501
4434,15703.169939508072
4435,15765.759936224598
4436,15828.460047171648
4437,15891.270466018104
4438,15954.50722661803
4439,16018.025026054716
4440,16081.65457177871
4441,16145.396060328574
4442,16209.460142538846
4443,16273.914142410795
4444,16338.481535392779
4445,16403.16252091897
4446,16468.077797337315
4447,16533.47646582757
4448,16598.990189140324
4449,16664.619169631544
4450,16730.40951450154
4451,16796.761390747448
4452,16863.229998542778
4453,16929.81554319157
4454,16996.518230358848
4455,17063.86025163508
4456,17131.335331139784
4457,17198.929117920674
4458,17266.641820755653
4459,17334.758801585704
4460,17403.249658932174
4461,17471.861010340617
4462,17540.593067730526
4463,17609.51087555757
4464,17679.02689095784
4465,17748.66520369899
4466,17818.42602887121
4467,17888.309581942765
4468,17958.721201615066
4469,18029.395947171604
4470,18100.19502826233
4471,18171.11866356099
4472,18242.387033133185
4473,18314.107758335616
4474,18385.95465896121
4475,18457.927956918644
4476,18530.07909805919
4477,18602.85542565957
4478,18675.759785491362
4479,18748.792402727926
4480,18821.953502938344
4481,18895.69401101123
4482,18969.665546353444
4483,19043.767216256918
4484,19117.999249591176
4485,19192.678852181198
4486,19267.727356552103
4487,19342.90788985998
4488,19418.220684305037
4489,19493.86556542363
4490,19570.000910140316
4491,19646.27019552558
4492,19722.67365714073
4493,19799.31004801346
4494,19876.542182780184
4495,19953.910187440615
4496,20031.414300948
4497,20109.06879045252
4498,20187.42042667385
4499,20265.90990195822
4500,20344.537458721014
4501,20423.30333980356
4502,20502.67503478426
4503,20582.296226302602
4504,20662.057489944313
4505,20741.9590720506
4506,20822.363944094963
4507,20903.127179204348
4508,20984.03249523918
4509,21065.080142072416
4510,21146.5453831837
4511,21228.461071637234
4512,21310.520868120173
4513,21392.725026069304
4514,21475.277875048778
4515,21558.35650964977
4516,21641.58129783184
4517,21724.952496628022
4518,21808.62023996278
4519,21892.872397225136
4520,21977.272772214994
4521,22061.82162559426
4522,22146.631598356365
4523,22232.067939170636
4524,22317.654580601713
4525,22403.39178697341
4526,22489.371373730675
4527,22576.002644035983
4528,22662.786316739734
4529,22749.7226598608
4530,22836.89929559927
4531,22924.736327061833
4532,23012.72788174737
4533,23100.874231403137
4534,23189.275402461863
4535,23278.32911315965
4536,23367.539487099504
4537,23456.90679979091
4538,23546.560044808914
4539,23636.84143992291
4540,23727.281657645664
4541,23817.880977282857
4542,23908.81388815894
4543,24000.3340606709
4544,24092.01523466017
4545,24183.8576932628
4546,24276.097916128398
4547,24368.868047526266
4548,24461.8013789272
4549,24554.89819733221
4550,24648.473433538144
4551,24742.504794527547
4552,24836.701573859744
4553,24931.064062435267
4554,25026.002069552083
4555,25121.306020775955
4556,25216.77762865389
4557,25312.417188021645
4558,25408.745780855235
4559,25505.33377362008
4560,25602.09168148156
4561,25699.05516940808
4562,25796.766854868016
4563,25894.650431878577
4564,25992.706202719964
4565,26091.11130360192
4566,26190.127913000004
4567,26289.318709101342
4568,26388.68399822106
4569,26488.558673452175
4570,26588.891913943484
4571,26689.401656871218
4572,26790.088212621235
4573,26891.460484784806
4574,26993.12215700952
4575,27094.96266814851
4576,27197.059166033076
4577,27299.88028665826
4578,27402.88228550728
4579,27506.0654806582
4580,27609.76644410063
4581,27714.06104911489
4582,27818.539123973023
4583,27923.200991308833
4584,28028.105395416816
4585,28133.886445595333
4586,28239.85358002131
4587,28346.00712592393
4588,28452.347411107832
4589,28559.431477797767
4590,28666.90075629347
4591,28774.559088265607
4592,28882.406806163024
4593,28990.771455854996
4594,29099.756064721747
4595,29208.932392244245
4596,29318.30077555586
4597,29427.98200195279
4598,29538.495230163364
4599,29649.202865568433
4600,29760.10525002729
4601,29871.20272600038
4602,29983.194294090816
4603,30095.446653450865
4604,30207.896478712344
4605,30320.544117110927
4606,30433.929618338927
4607,30547.740222372926
4608,30661.751032922268
4609,30775.962402039942
4610,30890.777888917633
4611,31006.160363914656
4612,31121.74580999272
4613,31237.534584064404
4614,31353.816119891006
4615,31470.78419865293
4616,31587.95803720019
4617,31705.337997347495
4618,31823.12165732905
4619,31941.689180132882
4620,32060.465275754017
4621,32179.450310951746
4622,32298.772183338606
4623,32418.953098920505
4624,32539.345424869844
4625,32659.94953293299
4626,32780.8457201787
4627,32902.654086740535
4628,33024.67672592975
4629,33146.91401452362
4630,33269.42063446857
4631,33392.87062070728
4632,33516.53776673729
4633,33640.42245441073
4634,33764.57564149256
4635,33889.68152765575
4636,34015.00748587381
4637,34140.55390311795
4638,34266.389809614295
4639,34393.165988581866
4640,34520.16517716568
4641,34647.38776750009
4642,34774.94256480591
4643,34903.40354320048
4644,35032.09049427014
4645,35161.00381535665
4646,35290.31369530187
4647,35420.47409462994
4648,35550.863455390565
4649,35681.48218017853
4650,35812.58335639213
4651,35944.457914216466
4652,36076.56444813314
4653,36208.90336603598
4654,36341.832075360384
4655,36475.4356465068
4656,36609.2742345141
4657,36743.34825262041
4658,36878.14075658451
4659,37013.48831438577
4660,37149.07395613288
4661,37284.89810045448
4662,37421.59068681101
4663,37558.69732438904
4664,37696.045139524875
4665,37833.63455628369
4666,37972.26354061948
4667,38111.14447220929
4668,38250.26970170789
4669,38389.81783467182
4670,38530.24138609315
4671,38670.91194841065
4672,38811.82995594193
4673,38953.38121686087
4674,39095.606690713605
4675,39238.082344370414
4676,39380.80861771804
4677,39524.587962289675
4678,39668.88120941647
4679,39813.42827287073
4680,39958.22959893066
4681,40103.28563465842
4682,40249.57840298274
4683,40396.213999288084
4684,40543.10753120633
4685,40690.25945225485
4686,40837.80441049276
4687,40986.54579635234
4688,41135.548821158794
4689,41284.81394493814
4690,41434.34162852511
4691,41584.5301527037
4692,41735.660093008184
4693,41887.055872746496
4694,42038.71795932651
4695,42190.64682097785
4696,42343.54819397818
4697,42497.09222049212
4698,42650.90633179543
4699,42804.99100275721
4700,42959.3467090803
4701,43115.07050301771
4702,43271.09578418219
4703,43427.395513598516
4704,43583.970173804
4705,43740.99758170926
4706,43899.25191420518
4707,44057.78461496944
4708,44216.59617342838
4709,44375.68707986762
4710,44535.48726675001
4711,44696.270979934576
4712,44857.3375094218
4713,45018.687352454595
4714,45180.32100714866
4715,45342.96748252507
4716,45506.30718510951
4717,45669.934198789764
4718,45833.84902870671
4719,45998.05218088917
4720,46163.61841096857
4721,46329.54095976923
4722,46495.75536165236
4723,46662.262129740295
4724,46829.384609935856
4725,46997.62118965414
4726,47166.15369180087
4727,47334.982636649394
4728,47504.10854538761
4729,47674.28866139999
4730,47845.15792457576
4731,48016.32773974054
4732,48187.798635302745
4733,48359.65737199947
4734,48532.88219035853
4735,48706.411703017184
4736,48880.24644566301
4737,49054.38695492515
4738,49229.44084985354
4739,49405.34902173534
4740,49581.56660651197
4741,49758.09414816238
4742,49934.94849946901
4743,50113.25442779076
4744,50291.87398547029
4745,50470.80772389563
4746,50650.05619542403
4747,50830.24289512252
4748,51011.28369314803
4749,51192.64292964551
4750,51374.321164453206
4751,51556.42964513391
4752,51739.91108857173
4753,51923.715262302896
4754,52107.84273370693
4755,52292.294071160664
4756,52477.87178462903
4757,52664.140473582374
4758,52850.73679396996
4759,53037.66132178305
4760,53225.281653531354
4761,53414.034575491634
4762,53603.119497291256
4763,53792.53700259704
4764,53982.28767610168
4765,54173.513845820904
4766,54365.107262482576
4767,54557.03767368283
4768,54749.30567186494
4769,54942.69483365161
4770,55136.8167806334
4771,55331.280168387486
4772,55526.08559716852
4773,55721.69436488258
4774,55918.36502064749
4775,56115.38159886944
4776,56312.74470767763
4777,56510.62954778159
4778,56709.86923480115
4779,56909.4593616662
4780,57109.4005444439
4781,57309.69340028254
4782,57511.44696432186
4783,57713.6311432811
4784,57916.1709395004
4785,58119.066978142226
4786,58323.21604499144
4787,58528.01492579515
4788,58733.17402148387
4789,58938.69396529868
4790,59145.294612772086
4791,59352.72899250143
4792,59560.52822127737
4793,59768.69294048291
4794,59977.85871755584
4795,60188.068605781635
4796,60398.648223428936
4797,60609.598220455395
4798,60820.91924795939
4799,61033.98930717622
4800,61247.45528349708
4801,61461.29671448502
4802,61675.514260156204
4803,61890.436104420485
4804,62106.81033935392
4805,62323.565142713414
4806,62540.701183499594
4807,62758.21913188702
4808,62976.85292837498
4809,63196.54319339619
4810,63416.61985738959
4811,63637.08359959875
4812,63857.93510045908
4813,64080.37064190663
4814,64303.410209357535
4815,64526.842064775745
4816,64750.66689774964
4817,64975.18735823655
4818,65201.21226257318
4819,65427.63470403386
4820,65654.45538142962
4821,65881.6749947976
4822,66110.16614335128
4823,66339.60179816352
4824,66569.44098703552
4825,66799.68441931214
4826,67030.41208866167
4827,67262.883739645
4828,67495.76426283029
4829,67729.05437694129
4830,67962.75480196284
4831,68197.6210401642
4832,68433.56587732791
4833,68669.92569330105
4834,68906.70121753355
4835,69143.95433813382
4836,69382.98662681965
4837,69622.43932283788
4838,69862.31316517571
4839,70102.60889411694
4840,70344.21038392848
4841,70586.85223884581
4842,70829.92084742046
4843,71073.41695978667
4844,71317.34132739669
4845,71563.11244399309
4846,71809.39950609261
4847,72056.11973077522
4848,72303.27387943292
4849,72551.3688318117
4850,72800.89819647583
4851,73050.86642440085
4852,73301.27428699273
4853,73552.12255701283
4854,73804.56602752852
4855,74057.8063127805
4856,74311.49198563698
4857,74565.6238289642
4858,74820.5521704634
4859,75077.08873141676
4860,75334.07647544582
4861,75591.51619559679
4862,75849.40868630924
4863,76108.86308779284
4864,76369.17732962509
4865,76629.9493961291
4866,76891.18009201682
4867,77153.27886997384
4868,77416.94420311657
4869,77681.07325267159
4870,77945.66683369968
4871,78210.72576269342
4872,78477.52684121941
4873,78745.03767886083
4874,79013.01899362591
4875,79281.47161245074
4876,79551.0750882219
4877,79821.99268849961
4878,80093.38675541042
4879,80365.25812640971
4880,80637.73889604186
4881,80912.08840421042
4882,81186.92041267832
4883,81462.2357694985
4884,81738.0353242138
4885,82015.47506610275
4886,82293.77037774495
4887,82572.55512654017
4888,82851.83017272447
4889,83132.40769671551
4890,83414.417834685
4891,83696.9239408907
4892,83979.92688704
4893,84263.42754637155
4894,84548.42126874265
4895,84834.67454278616
4896,85121.4312446477
4897,85408.69225913577
4898,85696.45847261307
4899,85985.98229967848
4900,86276.51878761374
4901,86567.56623332475
4902,86859.12553484559
4903,87151.19759178534
4904,87445.36479115163
4905,87740.2249201304
4906,88035.60360783154
4907,88331.50176563783
4908,88628.14427771127
4909,88926.84351905763
4910,89226.06806844223
4911,89525.81884910159
4912,89826.09678589161
4913,90127.59699186409
4914,90430.69405690106
4915,90734.32416117826
4916,91038.48824150917
4917,91343.18723635052
4918,91649.65649058111
4919,91957.19279914125
4920,92265.26995087098
4921,92573.88889628703
4922,92883.13007765895
4923,93194.59965220872
4924,93506.61698455352
4925,93819.18303735477
4926,94132.29877496207
4927,94446.71941508085
4928,94762.70421977967
4929,95079.2447196173
4930,95396.341891192
4931,95713.99671281711
4932,96033.70635385497
4933,96354.2488244082
4934,96675.35500194874
4935,96997.02587714366
4936,97319.82739644866
4937,97644.49692808617
4938,97969.73742185917
4939,98295.54988117507
4940,98621.9353112038
4941,98949.9136180507
4942,99279.31631081393
4943,99609.29828595444
4944,99939.86056148988
4945,100271.00415722538
4946,100604.27710596792
4947,100938.45671442746
4948,101273.22400232099
4949,101608.58000241139
4950,101944.80492097014
4951,102283.21046740412
4952,102622.21112199502
4953,102961.80793055039
4954,103302.00194071211
4955,103643.74453809435
4956,103987.00710260104
4957,104330.87331294052
4958,104675.34422991094
4959,105020.42091617061
4960,105367.8253025711
4961,105716.02120417249
4962,106064.8294233555
4963,106414.25103614294
4964,106764.78376538491
4965,107117.33821574703
4966,107470.51264529041
4967,107824.30814349177
4968,108178.72580173801
4969,108535.01251649276
4970,108892.58225386408
4971,109250.78078601605
4972,109609.60921790186
4973,109969.23195176446
4974,110331.22628497773
4975,110693.85719049662
4976,111057.12578693098
4977,111421.03319485208
4978,111786.63246713865
4979,112153.72527755999
4980,112521.46362190713
4981,112889.84863452167
4982,113258.98823625017
4983,113630.5726764757
4984,114002.81054580378
4985,114375.70299243901
4986,114749.25116659935
4987,115124.58673988488
4988,115501.35410622522
4989,115878.7840115113
4990,116256.87761993908
4991,116635.95455846864
4992,117017.28159008296
4993,117399.27917522345
4994,117781.94849215828
4995,118165.29072122119
4996,118550.7800382073
4997,118937.37572225796
4998,119324.65122013612
4999,119712.60772636422
5000,120102.03625990148
5001,120493.26066105673
5002,120885.1730118015
5003,121277.7745209425
5004,121671.23684743309
5005,122067.12078432145
5006,122463.700860642
5007,122860.97829957904
5008,123258.95432646105
5009,123659.14268345962
5010,124060.42156015769
5011,124462.40605822043
5012,124865.0974174748
5013,125269.51276297166
5014,125675.52171825782
5015,126082.24460853991
5016,126489.68268823993
5017,126898.41725478259
5018,127309.18777160103
5019,127720.68059228908
5020,128132.89698595933
5021,128546.04223252264
5022,128961.60599988562
5023,129377.90049559475
5024,129794.92700354876
5025,130212.68680990065
5026,130632.96254008316
5027,131054.0906632018
5028,131475.9592938915
5029,131898.5697332169
5030,132323.4434006226
5031,132749.43731266895
5032,133176.18028404092
5033,133603.67363081235
5034,134033.23447552588
5035,134464.12654851057
5036,134895.7762893714
5037,135328.1850292919
5038,135762.5215584902
5039,136198.34437629112
5040,136634.93352768474
5041,137072.29035906485
5042,137511.49035692896
5043,137952.27671667282
5044,138393.83813326427
5045,138836.17596840873
5046,139280.32650596055
5047,139726.1094194138
5048,140172.67617088443
5049,140620.02813748983
5050,141069.21558235437
5051,141520.02827732533
5052,141971.63364977646
5053,142424.03309233687
5054,142878.3431184309
5055,143334.21904018143
5056,143790.89653754563
5057,144248.3770187692
5058,144707.89461592108
5059,145168.86742858522
5060,145630.650774051
5061,146093.2460762842
5062,146558.05555978042
5063,147024.15914779532
5064,147491.08228523823
5065,147958.82641189973
5066,148429.01143196414
5067,148900.279901508
5068,149372.37699693398
5069,149845.31633809785
5070,150320.94772516176
5071,150797.4154056039
5072,151274.72084859983
5073,151753.19398567657
5074,152234.0499564902
5075,152715.75140185092
5076,153198.29980704546
5077,153682.38840735046
5078,154168.50368115449
5079,154655.4736715727
5080,155143.29988010804
5081,155633.08498283007
5082,156124.49450606495
5083,156616.76804927582
5084,157109.90713029006
5085,157605.46915562928
5086,158102.20810342356
5087,158599.82043624955
5088,159098.50393304077
5089,159599.72644661012
5090,160101.83022427486
5091,160604.8168141223
5092,161109.42896007656
5093,161616.0424674833
5094,162123.54671201762
5095,162631.9432583874
5096,163142.5626256321
5097,163654.6029342837
5098,164167.543515893
5099,164681.49565407084
5100,165198.09052918575
5101,165715.5936808125
5102,166234.00670443385
5103,166754.11404991342
5104,167276.19839985613
5105,167799.20067204512
5106,168323.1224788864
5107,168849.46183393642
5108,169377.072109775
5109,169905.61001751595
5110,170435.48766693287
5111,170967.72479608405
5112,171500.89768742752
5113,172035.00798466956
5114,172571.74435505076
5115,173110.30658492685
5116,173649.81569142744
5117,174190.2733377601
5118,174731.6811900505
5119,175275.79186914067
5120,175821.67225748
5121,176368.51238104893
5122,176916.31392561377
5123,177465.07857989834
5124,178016.72205231767
5125,178569.98028194712
5126,179124.21121005918
5127,179679.41654516387
5128,180235.59799876463
5129,180794.92985277664
5130,181355.62637259325
5131,181917.30866013613
5132,182479.9784468421
5133,183043.63746718093
5134,183610.81047353486
5135,184179.00651939225
5136,184748.2015095881
5137,185318.39719867095
5138,185890.012372377
5139,186464.7595343355
5140,187040.51715128234
5141,187617.28699796202
5142,188195.0708522274
5143,188774.8149995889
5144,189357.17323838235
5145,189940.55530434547
5146,190524.96299567563
5147,191110.3981137253
5148,191698.44860848365
5149,192288.5354715081
5150,192879.65974022995
5151,193471.8232366641
5152,194065.02778602144
5153,194661.2965715133
5154,195259.1714819792
5155,195858.09748082343
5156,196458.07641406235
5157,197059.1101309458
5158,197663.75828913145
5159,198269.48115305856
5160,198876.26889304258
5161,199484.12337928195
5162,200093.67831192576
5163,200706.2326436843
5164,201319.86385377412
5165,201934.57383344622
5166,202550.3644772634
5167,203168.60847315786
5168,203789.1180586522
5169,204410.71849819255
5170,205033.41170753996
5171,205657.199605811
5172,206284.2864478249
5173,206912.81255748382
5174,207542.44360428068
5175,208173.18152867202
5176,208805.62218486101
5177,209441.10942016472
5178,210077.71382203355
5179,210715.43735237513
5180,211354.28197653237
5181,211995.91768734483
5182,212639.62027206653
5183,213284.45445534296
5184,213930.42222438753
5185,214577.5255698981
5186,215228.15248803183
5187,215880.1323992387
5188,216533.2584495843
5189,217187.53265177953
5190,217843.5707231609
5191,218502.7316889211
5192,219163.05140904526
5193,219824.5319183673
5194,220487.1752552893
5195,221152.51084117196
5196,221820.0598730129
5197,222488.78239380597
5198,223158.6804642218
5199,223829.7561485437
5200,224504.54067604587
5201,225180.54116796682
5202,225857.7299944934
5203,226536.1092423281
5204,227216.74876735953
5205,227900.06344680733
5206,228584.5793092509
5207,229270.29846391993
5208,229957.22302374197
5209,230647.602602082
5210,231339.48203888067
5211,232032.57770279114
5212,232726.89172942087
5213,233423.41022042726
5214,234122.690030111
5215,234823.19906621415
5216,235524.93948713463
5217,236227.91345505387
5218,236934.45339449396
5219,237642.41292775932
5220,238351.6169329306
5221,239062.06759513455
5222,239775.0205562904
5223,240490.46797519573
5224,241207.17301854398
5225,241925.1378945212
5226,242644.6382997655
5227,243367.61125779687
5228,244091.85505871958
5229,244817.37193389086
5230,245544.16411857973
5231,246274.08823307353
5232,247005.908777955
5233,247739.01570519587
5234,248473.41127339532
5235,249210.14281294213
5236,249949.57835668532
5237,250690.31365785736
5238,251432.3509985015
5239,252176.01740933565
5240,252923.106476906
5241,253671.5087444011
5242,254421.22651742818
5243,255172.2621056363
5244,255926.73436725806
5245,256682.84246556018
5246,257440.27960347378
5247,258199.04811436945
5248,258960.70184757965
5249,259724.55491483017
5250,260489.75062426727
5251,261256.2913331033
5252,262025.24737292118
5253,262796.8848225099
5254,263569.878585834
5255,264344.2310440693
5256,265120.6077950666
5257,265900.0683037113
5258,266680.8988653136
5259,267463.1018851322
5260,268247.01937875396
5261,269034.34188469045
5262,269823.0482509382
5263,270613.14090695494
5264,271404.7169754784
5265,272199.9407357964
5266,272996.5622324664
5267,273794.5839192622
5268,274594.00825425796
5269,275397.17953038507
5270,276201.8394980524
5271,277007.9137726719
5272,277815.4048370581
5273,278626.1906524513
5274,279438.9289050658
5275,280253.0956511111
5276,281068.69339825993
5277,281887.21289404767
5278,282708.06953110785
5279,283530.3689182251
5280,284354.11358805414
5281,285180.48366107576
5282,286009.49906927196
5283,286839.971554798
5284,287671.9036754158
5285,288506.23901949916
5286,289343.4538743666
5287,290182.14020498534
5288,291022.3005943492
5289,291864.71374101494
5290,292710.16900860827
5291,293557.11022203136
5292,294405.53998963255
5293,295256.1413482215
5294,296109.87828678376
5295,296965.1157134201
5296,297821.85626195476
5297,298680.75415918755
5298,299542.81432084314
5299,300406.3895854902
5300,301271.48261255916
5301,302138.7833315518
5302,303009.2085640074
5303,303881.16358756146
5304,304754.6510873776
5305,305630.458906105
5306,306509.2913543584
5307,307389.66835552116
5308,308271.59262062097
5309,309156.0098498382
5310,310043.2919578928
5311,310932.1334548955
5312,311822.53707786434
5313,312715.66409849713
5314,313611.43861110567
5315,314508.7874234519
5316,315407.7132986704
5317,316309.64859868103
5318,317213.95856308274
5319,318119.8578132851
5320,319027.3491386733
5321,319938.189349407
5322,320851.07811708475
5323,321765.5712324278
5324,322681.6715112078
5325,323601.5114432306
5326,324523.02267167455
5327,325446.15338598634
5328,326371.29328941874
5329,327299.8391068826
5330,328230.01676136826
5331,329161.8291167949
5332,330096.154488831
5333,331033.3957414453
5334,331972.2840968253
5335,332912.82244563045
5336,333856.4227659027
5337,334802.40396207967
5338,335750.04760458274
5339,336699.3566109428
5340,337652.31967649696
5341,338607.0856372943
5342,339563.5294663371
5343,340522.1606084762
5344,341484.06606684165
5345,342447.6619277841
5346,343412.95115779585
5347,344381.1168546235
5348,345351.88211191626
5349,346324.35332482785
5350,347298.53348708566
5351,348276.31660709024
5352,349255.9873534085
5353,350237.37968825625
5354,351221.28784797486
5355,352208.8548505252
5356,353198.1573048843
5357,354189.19825643563
5358,355181.9807558885
5359,356177.77094966
5360,357176.7367397288
5361,358177.45799077186
5362,359179.93778320454
5363,360184.17920283246
5364,361192.0164979842
5365,362202.4501041368
5366,363214.65930103156
5367,364228.64720432746
5368,365244.4169351387
5369,366264.46136198385
5370,367286.4324492322
5371,368310.19937870034
5372,369335.76530150295
5373,370363.77421303064
5374,371395.54005185823
5375,372429.1189259885
5376,373464.5140166388
5377,374501.72851059533
5378,375542.2607454147
5379,376585.68485965143
5380,377630.94247161254
5381,378678.03679834044
5382,379726.9710625016
5383,380780.17213244596
5384,381835.32599774486
5385,382892.3339480467
5386,383951.19923643075
5387,385012.8517599632
5388,386077.9359901824
5389,387144.8917350821
5390,388213.7222782534
5391,389284.4309090277
5392,390359.0400291666
5393,391435.978120891
5394,392514.80853127845
5395,393595.53458033263
5396,394678.9019990106
5397,395765.85737200937
5398,396854.72264493397
5399,397945.5011685622
5400,399038.19629952894
5401,400134.79017687764
5402,401233.7256915753
5403,402334.5921306526
5404,403437.392881682
5405,404543.0337604533
5406,405652.0752811126
5407,406763.065462141
5408,407876.00772215216
5409,408990.90548573376
5410,410110.02567351965
5411,411231.17580968747
5412,412354.2958549573
5413,413479.3892651253
5414,414607.8278892421
5415,415739.17458149604
5416,416872.5090767383
5417,418007.8348620792
5418,419145.7298175501
5419,420287.3100556817
5420,421430.8960551301
5421,422576.4913344271
5422,423724.09941826033
5423,424875.82748660963
5424,426029.7024351244
5425,427185.60471847054
5426,428343.5378929282
5427,429505.02221164777
5428,430669.3034693686
5429,431835.63032253576
5430,433004.0063593769
5431,434175.0284701199
5432,435349.7516713543
5433,436526.5387906817
5434,437705.3934483855
5435,438886.3192710845
5436,440071.2942518357
5437,441258.5777437698
5438,442447.94719163445
5439,443639.40625426907
5440,444834.17515130824
5441,446031.99153331394
5442,447231.91235237103
5443,448433.941299646
5444,449638.6351550417
5445,450847.02135653014
5446,452057.5305404695
5447,453270.1664304684
5448,454484.9327566482
5449,455703.90536914225
5450,456925.04032526637
5451,458148.3206304035
5452,459373.75004728104
5453,460602.87879598315
5454,461834.67734616366
5455,463068.63995413925
5456,464304.7704153605
5457,465544.17403942096
5458,466786.6744210804
5459,468031.3576358688
5460,469278.2275120766
5461,470528.0207856829
5462,471781.26165279147
5463,473036.70419563627
5464,474294.352275465
5465,475554.6461090879
5466,476818.6665331689
5467,478084.9075435964
5468,479353.3730346889
5469,480624.27457423427
5470,481899.1140453957
5471,483176.1930822438
5472,484455.5156122807
5473,485737.12833619316
5474,487022.82676417666
5475,488310.7838066403
5476,489601.0034243949
5477,490893.48958517786
5478,492190.0249539936
5479,493488.9004026845
5480,494790.05757907766
5481,496093.5004843926
5482,497400.9266654199
5483,498710.76134345564
5484,500022.8969726421
5485,501337.3375878087
5486,502655.747829588
5487,503976.582983674
5488,505299.73838413495
5489,506625.2180995338
5490,507954.7023507618
5491,509286.5796523142
5492,510620.79656797403
5493,511957.39557678264
5494,513298.0021971429
5495,514640.9637434068
5496,515986.2843447645
5497,517334.1435814978
5498,518685.8574898675
5499,520039.9458050636
5500,521396.4126903326
5501,522755.61251613835
5502,524118.4765902791
5503,525483.7346267762
5504,526851.3908230567
5505,528222.0086392746
5506,529596.0661855143
5507,530972.5373249905
5508,532351.4262894356
5509,533733.5366179292
5510,535118.8313723644
5511,536506.5594270088
5512,537896.7250480347
5513,539290.3996098542
5514,540686.9757395547
5515,542086.004953277
5516,543487.4915517651
5517,544892.7993441481
5518,546300.7014483812
5519,547711.0764980346
5520,549124.1516113348
5521,550540.9362003184
5522,551960.2093117922
5523,553381.9753084283
5524,554806.8282061014
5525,556235.0092858103
5526,557665.6988719285
5527,559098.901362046
5528,560535.5931178923
5529,561975.2165119906
5530,563417.3684761268
5531,564862.0749854571
5532,566310.6427000215
5533,567761.7546686779
5534,569215.4153514714
5535,570672.0894589785
5536,572132.1722560305
5537,573594.8194972269
5538,575060.0356778887
5539,576528.7311765063
5540,578000.3761113121
5541,579474.6057621635
5542,580951.5542205066
5543,582432.3727783123
5544,583915.7921372722
5545,585401.8168562122
5546,586890.4561260747
5547,588383.0659234391
5548,589878.297194794
5549,591376.1545350801
5550,592876.6425472533
5551,594381.0095963441
5552,595888.0908332459
5553,597397.8189140208
5554,598910.1984779089
5555,600426.4002668771
5556,601945.3700855359
5557,603467.0075899799
5558,604991.317455853
5559,606519.4320286785
5560,608050.3296065982
5561,609583.9157801655
5562,611120.1952615383
5563,612660.2967333993
5564,614203.1618077416
5565,615748.736456513
5566,617297.0371008475
5567,618849.184120954
5568,620404.0569869587
5569,621961.6604760657
5570,623522.1073648969
5571,625086.2819458143
5572,626653.2034553463
5573,628222.8767075038
5574,629795.5326225047
5575,631371.7760996338
5576,632950.7876597889
5577,634532.5721539083
5578,636117.4964684739
5579,637705.850730197
5580,639296.9943020132
5581,640890.9320719145
5582,642488.1808704407
5583,644088.6883569163
5584,645692.0064541623
5585,647298.140087353
5586,648907.884829133
5587,650520.7515460153
5588,652136.4505351705
5589,653754.9867595885
5590,655376.6173567994
5591,657001.8699112281
5592,658629.9764452117
5593,660260.9419596264
5594,661894.7714640665
5595,663532.242260539
5596,665172.7836670612
5597,666816.2058462066
5598,668462.5138456076
5599,670112.0628191481
5600,671765.0670978088
5601,673420.9739894833
5602,675079.7885799159
5603,676741.5214438534
5604,678407.0172633022
5605,680075.4375855152
5606,681746.7875344278
5607,683421.0722429182
5608,685098.8205264576
5609,686779.7836646489
5610,688463.698408086
5611,690150.5699279936
5612,691840.679988474
5613,693534.2754786673
5614,695230.8447088613
5615,696930.3928888924
5616,698632.9252376895
5617,700338.9470723028
5618,702048.1909507834
5619,703760.4359868465
5620,705475.6874381604
5621,707193.9942822572
5622,708915.9337683925
5623,710640.8966556211
5624,712368.8882404093
5625,714099.9138284562
5626,715834.2639035758
5627,717571.9664307757
5628,719312.7199750473
5629,721056.5298810219
5630,722803.4015026437
5631,724553.8312315518
5632,726307.369350935
5633,728063.9862291055
5634,729823.6872590684
5635,731586.671633982
5636,733353.0177283721
5637,735122.465018638
5638,736895.0189369132
5639,738670.6849247981
5640,740449.8413837386
5641,742232.1433063963
5642,744017.5743747123
5643,745806.1400695476
5644,747598.0117658518
5645,749393.1933164517
5646,751191.5265731326
5647,752993.0170560947
5648,754797.6969389303
5649,756605.7963428821
5650,758417.0700793355
5651,760231.5237079349
5652,762049.1627980083
5653,763870.0844781009
5654,765694.3169793034
5655,767521.7520694815
5656,769352.3953575331
5657,771186.252462125
5658,773023.4459095811
5659,774863.8881329941
5660,776707.5613345967
5661,778554.4711727584
5662,780404.6233157185
5663,782258.0602031052
5664,784114.7656967931
5665,785974.7306500743
5666,787837.9607709546
5667,789704.4617773922
5668,791574.216274069
5669,793447.2399048654
5670,795323.5515711384
5671,797203.1570306943
5672,799086.0620513639
5673,800972.1975113599
5674,802861.5954580827
5675,804754.3101129264
5676,806650.3472836536
5677,808549.7127881378
5678,810452.2822467514
5679,812358.1119936222
5680,814267.2872202824
5681,816179.8137846108
5682,818095.697554698
5683,820014.7442063689
5684,821937.0645366465
5685,823862.7592196505
5686,825791.8341635532
5687,827724.2952868267
5688,829659.8529448835
5689,831598.7239346869
5690,833540.9982536621
5691,835486.6818604579
5692,837435.7807240946
5693,839387.874263017
5694,841343.357275352
5695,843302.2726990498
5696,845264.626543404
5697,847230.3684818802
5698,849199.0706089413
5699,851171.2282879301
5700,853146.847568435
5701,855125.934510571
5702,857108.2900001766
5703,859093.70146417
5704,861082.5977294819
5705,863074.9848966263
5706,865070.8690767336
5707,867069.8378359098
5708,869072.023714476
5709,871077.723755932
5710,873086.9441118987
5711,875099.6909447177
5712,877115.2653727811
5713,879134.2920063393
5714,881156.8622787128
5715,883182.9823928329
5716,885212.456103693
5717,887244.8241027334
5718,889280.7590894806
5719,891320.2673075025
5720,893363.3550112414
5721,895409.4484110505
5722,897458.7639548823
5723,899511.6761459681
5724,901568.1912794914
5725,903628.2875680065
5726,905691.0005439809
5727,907757.3336114326
5728,909827.2931063364
5729,911900.8853757039
5730,913977.5226710199
5731,916057.1600544816
5732,918140.4471444639
5733,920227.390328468
5734,922317.9960051198
5735,924411.6595570341
5736,926508.2690965099
5737,928608.5580391424
5738,930712.5328241
5739,932820.1999017488
5740,934930.9127380096
5741,937044.5450924516
5742,939161.8866333583
5743,941282.9438517017
5744,943407.7232497408
5745,945535.4929272095
5746,947666.203894965
5747,949800.6539281522
5748,951938.8495696987
5749,954080.7973739237
5750,956225.6054502045
5751,958373.4523074183
5752,960525.0682072418
5753,962680.4597447295
5754,964839.6335264174
5755,967001.4525863805
5756,969166.4940749235
5757,971335.3346840017
5758,973507.9810609741
5759,975684.4398647535
5760,977863.2340066038
5761,980045.5303223386
5762,982231.6559398079
5763,984421.6175588386
5764,986615.3872576272
5765,988811.1471910572
5766,991010.7599724432
5767,993214.2323425335
5768,995421.5710537893
5769,997632.2787014806
5770,999845.3878280869
5771,1002062.3801451196
5772,1004283.2624460602
5773,1006508.0415361961
5774,1008735.6274947737
5775,1010966.1501948094
5776,1013200.5865382582
5777,1015438.943371511
5778,1017681.227552875
5779,1019925.6254585726
5780,1022173.6275202056
5781,1024425.573791175
5782,1026681.4711709833
5783,1028940.8830629198
5784,1031202.4637222184
5785,1033468.0123314012
5786,1035737.5358312032
5787,1038011.0411744353
5788,1040287.1680180234
5789,1042566.3330531926
5790,1044849.4967838777
5791,1047136.6662042221
5792,1049427.8082100954
5793,1051720.6049280649
5794,1054017.4241715958
5795,1056318.2729762073
5796,1058623.1583896587
5797,1060930.892206854
5798,1063241.3833984493
5799,1065555.9280497422
5800,1067874.5332499766
5801,1070197.2061007216
5802,1072521.4354829881
5803,1074849.6935811762
5804,1077182.0361976253
5805,1079518.4704755135
5806,1081857.6373955405
5807,1084199.6276615818
5808,1086545.726446368
5809,1088895.9409347323
5810,1091250.0423805027
5811,1093605.784639441
5812,1095965.6594506938
5813,1098329.674040793
5814,1100697.8356488377
5815,1103068.045789629
5816,1105441.4717485406
5817,1107819.061165371
5818,1110200.8213202993
5819,1112586.7595061432
5820,1114973.8805919255
5821,1117365.0523953964
5822,1119760.4186686506
5823,1122159.9867456781
5824,1124562.9289270064
5825,1126967.6915538197
5826,1129376.6723951667
5827,1131789.8788262187
5828,1134207.3182349498
5829,1136627.017872267
5830,1139049.622534596
5831,1141476.4765870248
5832,1143907.5874588056
5833,1146342.9625920833
5834,1148779.3048861916
5835,1151219.8165533182
5836,1153664.6088972087
5837,1156113.6894013716
5838,1158565.7514177214
5839,1161019.93133662
5840,1163478.4158065438
5841,1165941.2123523976
5842,1168408.3285121412
5843,1170876.8500087608
5844,1173349.037817005
5845,1175825.5616346698
5846,1178306.4290411961
5847,1180790.5984507198
5848,1183276.5012767706
5849,1185766.7640643672
5850,1188261.3944344686
5851,1190760.4000212522
5852,1193260.8295715062
5853,1195764.8433985936
5854,1198273.2488211216
5855,1200786.0535148743
5856,1203302.043420282
5857,1205819.8206254032
5858,1208342.0134586494
5859,1210868.629637447
5860,1213399.6768926056
5861,1215931.7142305814
5862,1218467.7069930797
5863,1221008.1471954924
5864,1223553.0426103636
5865,1226100.5404422642
5866,1228650.3456962302
5867,1231204.6225045738
5868,1233763.3786816015
5869,1236326.313454478
5870,1238889.9436810531
5871,1241458.0695964016
5872,1244030.6990566265
5873,1246607.83993145
5874,1249186.5130962199
5875,1251768.5004042727
5876,1254355.01545296
5877,1256946.0661538946
5878,1259540.0643013283
5879,1262135.9249280393
5880,1264736.3375100573
5881,1267341.3100009144
5882,1269950.6060242536
5883,1272560.3513800625
5884,1275174.6729238476
5885,1277793.5786510801
5886,1280417.0765710887
5887,1283041.7863139363
5888,1285670.0275627084
5889,1288302.8772863282
5890,1290940.3435361646
5891,1293580.2347381297
5892,1296222.4055669007
5893,1298869.209177179
5894,1301520.6536623857
5895,1304175.7002173366
5896,1306831.8094340446
5897,1309492.5757522865
5898,1312158.0073075416
5899,1314828.1122494023
5900,1317498.2400937728
5901,1320172.976655317
5902,1322852.4028270696
5903,1325536.5268007726
5904,1328221.6969757492
5905,1330910.4097931094
5906,1333603.8366022883
5907,1336301.98563718
5908,1339002.1780762898
5909,1341704.8713799966
5910,1344412.3030624054
5911,1347124.4813995655
5912,1349839.6800302293
5913,1352556.3559847346
5914,1355277.7947064487
5915,1358004.004513574
5916,1360734.1981967217
5917,1363464.8565882174
5918,1366200.3021328622
5919,1368940.5431910118
5920,1371685.5881374977
5921,1374430.364662488
5922,1377179.814086945
5923,1379934.08344562
5924,1382693.1811555377
5925,1385452.8702846062
5926,1388216.3175390963
5927,1390984.6091356725
5928,1393757.7535335326
5929,1396532.362302592
5930,1399309.7978105915
5931,1402092.1020495098
5932,1404879.2835206664
5933,1407668.8285756605
5934,1410460.2387684037
5935,1413256.5420548408
5936,1416057.7469783532
5937,1418862.2563170688
5938,1421667.6231165712
5939,1424477.9073385634
5940,1427293.1175684226
5941,1430112.6325758875
5942,1432931.9328195893
5943,1435756.1747716614
5944,1438585.3670593977
5945,1441419.5183250448
5946,1444253.1497032512
5947,1447091.3204434784
5948,1449934.4657941065
5949,1452782.594439258
5950,1455631.2562912863
5951,1458483.3204225157
5952,1461340.3833744791
5953,1464202.453873064
5954,1467066.2369529111
5955,1469932.1518173313
5956,1472803.0896356718
5957,1475679.0591754564
5958,1478558.079457796
5959,1481437.7942323394
5960,1484322.5560025303
5961,1487212.3735773491
5962,1490106.7804570503
5963,1493000.281227721
5964,1495898.8530089722
5965,1498802.5046511847
5966,1501711.2450200482
5967,1504619.6096930832
5968,1507532.0178698811
5969,1510449.5300077696
5970,1513372.1550139838
5971,1516295.7130780108
5972,1519221.9850596793
5973,1522153.3851481432
5974,1525089.922292246
5975,1528028.524779051
5976,1530968.6889779402
5977,1533914.0054766343
5978,1536864.4832656516
5979,1539817.9783124763
5980,1542772.0641227886
5981,1545731.326474908
5982,1548695.7744011106
5983,1551664.007475736
5984,1554632.045252966
5985,1557605.2838646497
5986,1560583.7323849148
5987,1563566.5464981245
5988,1566548.567539099
5989,1569535.8137594527
5990,1572528.2942752375
5991,1575525.4905151015
5992,1578520.962976184
5993,1581521.6840270988
5994,1584527.6628241779
5995,1587538.9085395748
5996,1590549.974187927
5997,1593564.192838904
5998,1596583.6927241003
5999,1599608.4830560854
6000,1602635.4917471723
6001,1605663.2318293273
6002,1608696.276672923
6003,1611734.6355309947
6004,1614777.4061165084
6005,1617818.69249628
6006,1620865.3072056677
6007,1623917.2595382219
6008,1626974.5588035681
6009,1630030.4663948573
6010,1633090.676889019
6011,1636156.248657797
6012,1639227.1910514792
6013,1642298.4453174442
6014,1645372.2785022552
6015,1648451.4966575946
6016,1651536.1091744658
6017,1654622.521460953
6018,1657710.0052052743
6019,1660802.8976621442
6020,1663901.2082633628
6021,1667002.5875819677
6022,1670103.7506944677
6023,1673210.3463092635
6024,1676322.3838990352
6025,1679438.5371403755
6026,1682553.4093471174
6027,1685673.737895208
6028,1688799.5322982837
6029,1691930.264432313
6030,1695058.8763550287
6031,1698192.968508997
6032,1701332.5504488838
6033,1704477.6317458453
6034,1707619.6797143342
6035,1710767.196757161
6036,1713920.2269207137
6037,1717078.779816206
6038,1720236.1772212866
6039,1723397.145909036
6040,1726563.6510963724
6041,1729735.702434625
6042,1732908.23600793
6043,1736082.684018417
6044,1739262.6919529906
6045,1742448.2695031513
6046,1745635.7240449977
6047,1748823.6799540394
6048,1752017.219258837
6049,1755216.3516911468
6050,1758418.5102712156
6051,1761620.0035296662
6052,1764827.1037042164
6053,1768039.8205669585
6054,1771256.4647121262
6055,1774471.5256236766
6056,1777692.2170218045
6057,1780918.54871902
6058,1784149.4585890714
6059,1787378.1182887906
6060,1790612.432097133
6061,1793852.4098670972
6062,1797097.3644189937
6063,1800339.654852584
6064,1803587.6230698014
6065,1806841.2789642003
6066,1810100.05610554
6067,1813356.010009293
6068,1816617.6654259716
6069,1819885.0322897853
6070,1823157.4090220965
6071,1826427.0599035008
6072,1829702.4360827499
6073,1832983.547534798
6074,1836269.3000872063
6075,1839552.6822062172
6076,1842841.8134648905
6077,1846136.7038790153
6078,1849435.6078328746
6079,1852732.7561837963
6080,1856035.6775743582
6081,1859344.3820612698
6082,1862656.212466231
6083,1865967.1627602095
6084,1869283.9100531912
6085,1872606.4644428815
6086,1875930.995924913
6087,1879255.7845730367
6088,1882586.3942400857
6089,1885922.8350648708
6090,1889259.8419267237
6091,1892598.5060236575
6092,1895943.0152211592
6093,1899293.379699258
6094,1902642.636013763
6095,1905995.2133219347
6096,1909353.6598751883
6097,1912717.9858948516
6098,1916079.265591514
6099,1919445.7945258575
6100,1922818.2169137637
6101,1926195.0077906188
6102,1929569.6199632182
6103,1932950.1395764046
6104,1936336.5769166888
6105,1939724.9721303026
6106,1943113.5903598
6107,1946508.1403279786
6108,1949908.6323628852
6109,1953308.4054605085
6110,1956711.069965715
6111,1960119.6905747273
6112,1963534.2776572218
6113,1966943.2682007516
6114,1970358.053474012
6115,1973778.815842466
6116,1977205.5657115434
6117,1980631.5452688718
6118,1984058.4708406194
6119,1987491.3945299475
6120,1990930.3267780843
6121,1994372.9682579043
6122,1997812.0544738763
6123,2001257.1598622014
6124,2004708.294899964
6125,2008165.470082267
6126,2011618.5381903881
6127,2015075.8464437241
6128,2018539.2054709091
6129,2022008.6258029963
6130,2025477.6573390507
6131,2028947.1903836275
6132,2032422.7953615433
6133,2035904.4828398621
6134,2039389.1489125965
6135,2042870.9294083014
6136,2046358.8030331745
6137,2049852.7803903345
6138,2053352.751647654
6139,2056846.802962554
6140,2060346.9686399973
6141,2063853.2593191955
6142,2067365.685657672
6143,2070874.5523000204
6144,2074387.034120517
6145,2077905.6622510033
6146,2081430.4473852222
6147,2084953.920563668
6148,2088478.7432790583
6149,2092009.7336525572
6150,2095546.9024141734
6151,2099084.6528571136
6152,2102621.841858014
6153,2106165.2199061057
6154,2109714.7977677286
6155,2113266.4963074643
6156,2116816.077601604
6157,2120371.8693740196
6158,2123933.88242745
6159,2127499.2001203382
6160,2131061.2003117553
6161,2134629.4324555416
6162,2138203.907390909
6163,2141782.5156276426
6164,2145356.961896702
6165,2148937.661636216
6166,2152524.6257219194
6167,2156116.196328648
6168,2159703.116412892
6169,2163296.3115306054
6170,2166895.792594097
6171,2170499.997924979
6172,2174099.420100725
6173,2177705.1389187807
6174,2181317.1653281096
6175,2184933.6783499043
6176,2188545.6314145895
6177,2192163.902777123
6178,2195788.5034231925
6179,2199416.9977924484
6180,2203041.5110476734
6181,2206672.364303826
6182,2210309.5685833995
6183,2213948.838013655
6184,2217582.632053192
6185,2221222.7820568983
6186,2224869.2990740733
6187,2228522.194172969
6188,2232175.573335495
6189,2235825.0236626095
6190,2239480.856996186
6191,2243143.084431332
6192,2246811.7170821796
6193,2250478.5529403337
6194,2254143.706933346
6195,2257815.271052027
6196,2261493.256437386
6197,2265177.674249567
6198,2268857.3159104143
6199,2272538.2217858094
6200,2276225.5649843602
6201,2279919.3566931114
6202,2283619.60811832
6203,2287311.4069813606
6204,2291008.113761229
6205,2294711.2851413526
6206,2298420.932354946
6207,2302134.2997592897
6208,2305840.3765423093
6209,2309552.9340234217
6210,2313271.98346279
6211,2316997.536139901
6212,2320721.8299935227
6213,2324443.7806260483
6214,2328172.2393504614
6215,2331907.2174732555
6216,2335648.7263202933
6217,2339383.3052320215
6218,2343121.180890309
6219,2346865.592117445
6220,2350616.5502663637
6221,2354370.9912414206
6222,2358118.29204129
6223,2361872.144591268
6224,2365632.5602713483
6225,2369399.5504810144
6226,2373163.0599561217
6227,2376926.3625781117
6228,2380696.244550203
6229,2384472.717299004
6230,2388254.975074019
6231,2392027.7370201703
6232,2395807.0945489644
6233,2399593.059114128
6234,2403385.642188994
6235,2407175.762199528
6236,2410964.6050272286
6237,2414760.0711643016
6238,2418562.172111259
6239,2422369.935807215
6240,2426168.274128558
6241,2429973.252046369
6242,2433784.8810883565
6243,2437603.1728019505
6244,2441417.6034398954
6245,2445232.10377681
6246,2449053.2715670182
6247,2452881.118385192
6248,2456712.0980410697
6249,2460536.1318424186
6250,2464366.849441674
6251,2468204.2624407774
6252,2472048.38246151
6253,2475884.8452418437
6254,2479725.1240971712
6255,2483572.114740379
6256,2487425.8288205685
6257,2491277.75651893
6258,2495127.608443161
6259,2498984.188560064
6260,2502847.508546077
6261,2506714.3817885243
6262,2510573.8189409547
6263,2514440.0007081893
6264,2518312.938794006
6265,2522192.644922187
6266,2526063.275623595
6267,2529939.0715464214
6268,2533821.6402551825
6269,2537710.9935010807
6270,2541595.502109724
6271,2545480.925004545
6272,2549373.1371710566
6273,2553272.1503878804
6274,2557169.9686047044
6275,2561064.90547889
6276,2564966.6479090587
6277,2568875.207700877
6278,2572786.3131661974
6279,2576690.7808770235
6280,2580602.070453528
6281,2584520.1937284595
6282,2588444.0567073426
6283,2592358.072310894
6284,2596278.9261155226
6285,2600206.6299810954
6286,2604141.195787761
6287,2608066.3053667382
6288,2611996.740667111
6289,2615934.0424169796
6290,2619878.2225236674
6291,2623815.010058433
6292,2627755.044295448
6293,2631701.9613967948
6294,2635655.7732970146
6295,2639603.7207788993
6296,2643553.371554893
6297,2647509.9216365754
6298,2651473.382985758
6299,2655431.9762499626
6300,2659391.261317501
6301,2663357.4621588476
6302,2667330.5907630976
6303,2671299.319470904
6304,2675268.2567222044
6305,2679244.1262423936
6306,2683226.94004787
6307,2687205.2976659685
6308,2691183.9051229022
6309,2695169.461370946
6310,2699161.978453842
6311,2703149.4622311494
6312,2707137.7580358037
6313,2711133.019181097
6314,2715135.257738151
6315,2719131.3686804594
6316,2723129.3710862077
6317,2727134.355409577
6318,2731146.333749121
6319,2735150.5765917907
6320,2739158.303954814
6321,2743173.029840054
6322,2747194.766373505
6323,2751206.6495525767
6324,2755224.120323939
6325,2759248.606249834
6326,2763278.942041946
6327,2767299.155105575
6328,2771326.387823633
6329,2775360.6523563764
6330,2779397.6877262825
6331,2783427.664694561
6332,2787464.677977847
6333,2791508.739763896
6334,2795551.9940734985
6335,2799591.753610415
6336,2803638.5661509032
6337,2807692.4439102374
6338,2811741.4401009846
6339,2815791.000937471
6340,2819847.6314941416
6341,2823911.3440138362
6342,2827965.6085723317
6343,2832024.989500285
6344,2836091.456893149
6345,2840161.957038541
6346,2844224.0859444328
6347,2848293.305810959
6348,2852369.6289152848
6349,2856444.492346978
6350,2860516.462314901
6351,2864595.5400169436
6352,2868681.737757889
6353,2872760.5014269617
6354,2876842.3313703714
6355,2880931.2858495847
6356,2885025.0016175443
6357,2889109.581463135
6358,2893201.2903353316
6359,2897300.1405732566
6360,2901396.8721997687
6361,2905491.333132226
6362,2909592.9399217875
6363,2913701.704935251
6364,2917800.9995425707
6365,2921905.360553194
6366,2926016.884279632
6367,2930129.8782259733
6368,2934236.9911312847
6369,2938351.271238202
6370,2942472.730947877
6371,2946587.4236448766
6372,2950704.4578001085
6373,2954828.676044377
6374,2958954.7202542867
6375,2963066.98004112
6376,2967186.415264907
6377,2971313.0383384237
6378,2975446.8616955713
6379,2979580.500299124
6380,2983702.3254380613
6381,2987831.342164474
6382,2991967.5629172046
6383,2996111.0001562154
6384,3000251.112668516
6385,3004382.5119819604
6386,3008521.1190415565
6387,3012666.946312182
6388,3016820.0062798704
6389,3020965.482940269
6390,3025106.465313877
6391,3029254.6716005052
6392,3033410.1142910365
6393,3037572.805897579
6394,3041722.547604958
6395,3045873.1219741507
6396,3050030.9364314154
6397,3054196.003493642
6398,3058368.320742822
6399,3062518.0294842557
6400,3066674.976353877
6401,3070839.1738636172
6402,3075010.6345466496
6403,3079189.3709574062
6404,3083354.1291421633
6405,3087517.4424756975
6406,3091688.0169842057
6407,3095865.8652170785
6408,3100050.9997449727
6409,3104229.3908916917
6410,3108399.064676135
6411,3112576.0101531986
6412,3116760.239888417
6413,3120951.766468632
6414,3125142.3754552803
6415,3129318.4036853765
6416,3133501.714108458
6417,3137692.3193061613
6418,3141890.2318814667
6419,3146091.659793116
6420,3150274.0364567223
6421,3154463.7057963233
6422,3158660.680409623
6423,3162864.972915662
6424,3167075.836929124
6425,3171264.5559936087
6426,3175460.5781996553
6427,3179663.916160968
6428,3183874.5825126
6429,3188092.5899110213
6430,3192288.571174741
6431,3196490.940163915
6432,3200700.6353722904
6433,3204917.6694508884
6434,3209142.055072161
6435,3213344.7065780717
6436,3217553.416222043
6437,3221769.4625313804
6438,3225992.8581730234
6439,3230223.6158353374
6440,3234431.6023041545
6441,3238646.6464186297
6442,3242869.037626705
6443,3247098.7886111746
6444,3251333.886291345
6445,3255547.9137992463
6446,3259769.2861337285
6447,3263998.0159719354
6448,3268234.1160124363
6449,3272471.972652887
6450,3276692.311678508
6451,3280920.0059067956
6452,3285155.0680305986
6453,3289397.510764232
6454,3293636.8373988736
6455,3297863.4815498446
6456,3302097.4912610836
6457,3306338.8792410954
6458,3310587.6582198893
6459,3314827.181047124
6460,3319060.123838339
6461,3323300.4425287084
6462,3327548.1498423484
6463,3331803.25852489
6464,3336041.718765923
6465,3340280.9536117036
6466,3344527.574676574
6467,3348781.594700207
6468,3353041.043779366
6469,3357279.180200039
6470,3361524.7004068815
6471,3365777.617133541
6472,3370037.94313518
6473,3374293.9045907245
6474,3378538.309298346
6475,3382790.1080579734
6476,3387049.3136186725
6477,3391315.9387510167
6478,3395564.971640136
6479,3399812.626296155
6480,3404067.6800046703
6481,3408330.145521041
6482,3412600.0356221516
6483,3416854.2189502246
6484,3421105.107132962
6485,3425363.3993332805
6486,3429629.108312757
6487,3433902.2468545083
6488,3438160.060033641
6489,3442414.165189307
6490,3446675.6792919533
6491,3450944.615109296
6492,3455220.9854305885
6493,3459480.928502477
6494,3463738.2339381245
6495,3468002.953214171
6496,3472275.0991043914
6497,3476554.6844040765
6498,3480815.277823319
6499,3485075.766700282
6500,3489343.67427478
6501,3493619.013326543
6502,3497901.7966568274
6503,3502161.5810742276
6504,3506425.236401985
6505,3510696.3152478
6506,3514974.830397268
6507,3519258.9416050347
6508,3523518.3307037037
6509,3527785.135334111
6510,3532059.3682661443
6511,3536341.042291194
6512,3540621.5219422136
6513,3544884.03829172
6514,3549153.9749135575
6515,3553431.3445833083
6516,3557716.160098074
6517,3561991.6081543923
6518,3566257.2343129343
6519,3570530.2854468515
6520,3574810.7743373364
6521,3579098.7137871017
6522,3583367.7495491533
6523,3587636.4679023055
6524,3591912.615895972
6525,3596196.2063168776
6526,3600484.142607232
6527,3604748.5138667035
6528,3609020.3066228833
6529,3613299.5336464583
6530,3617586.207729568
6531,3621865.0639433325
6532,3626132.4870498907
6533,3630407.336236051
6534,3634689.6242778343
6535,3638979.3639727123
6536,3643242.866634932
6537,3647507.4318172135
6538,3651779.417371551
6539,3656058.8360615624
6540,3660345.700672303
6541,3664620.512201328
6542,3668881.82319893
6543,3673150.5481661847
6544,3677426.6998531036
6545,3681710.2910311143
6546,3685996.304804819
6547,3690254.336744641
6548,3694519.7762031145
6549,3698792.6359165455
6550,3703072.928642625
6551,3707360.6671604333
6552,3711622.8284231564
6553,3715884.9572756146
6554,3720154.499869303
6555,3724431.4689480523
6556,3728715.8772770897
6557,3732985.1885232213
6558,3737243.9814922665
6559,3741510.1816394315
6560,3745783.8016946046
6561,3750064.8544090334
6562,3754339.3411793956
6563,3758594.772803115
6564,3762857.6049921163
6565,3767127.8504622597
6566,3771405.5219506905
6567,3775683.2439028355
6568,3779935.2885307176
6569,3784194.7270609788
6570,3788461.572195323
6571,3792735.836656708
6572,3797014.887116979
6573,3801263.5189061165
6574,3805519.5378843015
6575,3809782.9567389544
6576,3814053.788178763
6577,3818332.044933673
6578,3822577.4866099907
6579,3826830.0599463745
6580,3831090.0263807136
6581,3835357.3986072927
6582,3839632.1893416224
6583,3843875.2463187724
6584,3848124.3477238524
6585,3852380.835397094
6586,3856644.7220182563
6587,3860916.020288329
6588,3865154.884255953
6589,3869400.4872371736
6590,3873653.4696050836
6591,3877913.8440248314
6592,3882179.7997135343
6593,3886414.5177483885
6594,3890656.5956070833
6595,3894906.0459189354
6596,3899162.881334387
6597,3903421.1218122495
6598,3907652.2947879992
6599,3911890.8206164185
6600,3916136.7119120266
6601,3920389.981310433
6602,3924638.7927485984
6603,3928866.3935983
6604,3933101.3402767605
6605,3937343.64538361
6606,3941593.3215394975
6607,3945831.020763613
6608,3950055.0222060825
6609,3954286.362400281
6610,3958525.053930819
6611,3962771.1094032945
6612,3966996.0434810487
6613,3971216.418018202
6614,3975444.1241765297
6615,3979679.1745254956
6616,3983921.581655547
6617,3988132.1274889107
6618,3992348.8474032716
6619,3996572.891754301
6620,4000804.273096223
6621,4005031.835253856
6622,4009237.5679262406
6623,4013450.6052784193
6624,4017670.9598283996
6625,4021898.644115067
6626,4026108.6588498303
6627,4030310.6880745213
6628,4034520.0147008114
6629,4038736.6512312773
6630,4042960.5216727294
6631,4047151.5415124004
6632,4051349.838954119
6633,4055555.4264641595
6634,4059768.316529565
6635,4063971.59496457
6636,4068158.8618305563
6637,4072353.3989254455
6638,4076555.2186998865
6639,4080764.3336252617
6640,4084945.540187999
6641,4089129.025341462
6642,4093319.7732948707
6643,4097517.7964831446
6644,4101708.358118516
6645,4105880.7896716986
6646,4110060.4641411975
6647,4114247.39392545
6648,4118441.59144352
6649,4122607.2027316773
6650,4126775.801920575
6651,4130951.636499858
6652,4135134.718852037
6653,4139306.801820235
6654,4143464.3237971263
6655,4147629.0612355503
6656,4151801.02648144
6657,4155978.1503512277
6658,4160124.59304904
6659,4164278.2312748106
6660,4168439.077337894
6661,4172607.1435681065
6662,4176755.1987044704
6663,4180897.735509047
6664,4185047.4601758234
6665,4189204.384997953
6666,4193354.755181824
6667,4197486.188219039
6668,4201624.789138154
6669,4205770.570195642
6670,4209921.90193415
6671,4214042.228719409
6672,4218169.7034008335
6673,4222304.338198215
6674,4226446.145351619
6675,4230564.521007316
6676,4234680.866821514
6677,4238804.352723587
6678,4242934.990916824
6679,4247051.753415214
6680,4251156.967592373
6681,4255269.30182341
6682,4259388.7682748325
6683,4263500.528620512
6684,4267588.036690445
6685,4271682.633377604
6686,4275784.330792256
6687,4279893.141064697
6688,4283988.416071469
6689,4288065.304977416
6690,4292149.26317083
6691,4296240.302725744
6692,4300338.435736176
6693,4304415.331369165
6694,4308481.579657553
6695,4312554.877863271
6696,4316635.238024058
6697,4320722.672197565
6698,4324779.337658687
6699,4328834.923361082
6700,4332897.539569423
6701,4336967.198285079
6702,4341040.637046605
6703,4345078.538544732
6704,4349123.439150085
6705,4353175.350807827
6706,4357234.285482863
6707,4361283.864494607
6708,4365311.0772718955
6709,4369345.269696162
6710,4373386.453676103
6711,4377434.641140066
6712,4381458.635487168
6713,4385475.1358976355
6714,4389498.596450727
6715,4393529.02901857
6716,4397564.335720296
6717,4401563.17069971
6718,4405568.934456166
6719,4409581.638805671
6720,4413601.295583702
6721,4417607.635058702
6722,4421595.727975512
6723,4425590.730110085
6724,4429592.65324175
6725,4433601.509169253
6726,4437577.276256815
6727,4441554.6014667675
6728,4445538.8162876675
6729,4449529.932462082
6730,4453511.916848827
6731,4457471.58966899
6732,4461438.12075795
6733,4465411.521802185
6734,4469391.804507427
6735,4473340.069103722
6736,4477288.940236199
6737,4481244.649968424
6738,4485207.2099500075
6739,4489158.451089257
6740,4493089.685186301
6741,4497027.726568816
6742,4500972.586830371
6743,4504924.277583619
6744,4508838.802286304
6745,4512759.197369416
6746,4516686.380001027
6747,4520620.36173771
6748,4524534.773761606
6749,4528437.543622135
6750,4532347.069738724
6751,4536263.363611948
6752,4540176.116716221
6753,4544061.281390007
6754,4547953.171063728
6755,4551851.797182056
6756,4555757.171208434
6757,4559628.960868049
6758,4563503.233054104
6759,4567384.210407214
6760,4571271.904334865
6761,4575139.165697965
6762,4578995.838153212
6763,4582859.1845304
6764,4586729.216181125
6765,4590590.512274566
6766,4594429.6014681915
6767,4598275.333368887
6768,4602127.719272407
6769,4605981.649041507
6770,4609803.170056932
6771,4613631.302592423
6772,4617466.057887951
6773,4621307.447201881
6774,4625115.2222007895
6775,4628925.768986406
6776,4632742.907314624
6777,4636566.648387986
6778,4640364.466660231
6779,4644157.439696883
6780,4647956.973081311
6781,4651763.077960263
6782,4655544.865910495
6783,4659312.254662982
6784,4663086.158716939
6785,4666866.589139773
6786,4670653.557017018
6787,4674409.8118670685
6788,4678158.1859091995
6789,4681913.041371655
6790,4685674.389260825
6791,4689442.240601084
6792,4693170.902735592
6793,4696900.2819882585
6794,4700636.108816061
6795,4704378.394164427
6796,4708122.218097852
6797,4711826.219148716
6798,4715536.623097997
6799,4719253.440812481
6800,4722976.68317667
6801,4726688.820625455
6802,4730373.899137747
6803,4734065.346833767
6804,4737763.174519576
6805,4741467.393018844
6806,4745145.962389305
6807,4748812.136942245
6808,4752484.64699799
6809,4756163.503301924
6810,4759848.71661696
6811,4763491.893104585
6812,4767139.181839784
6813,4770792.772429907
6814,4774452.675559737
6815,4778102.753387399
6816,4781724.916375288
6817,4785353.336995565
6818,4788988.025855208
6819,4792628.993578475
6820,4796240.042904145
6821,4799843.3885634905
6822,4803452.95833166
6823,4807068.762755268
6824,4810682.80758149
6825,4814261.172556201
6826,4817845.7176777385
6827,4821436.453415381
6828,4825033.390255447
6829,4828604.987159288
6830,4832164.60134766
6831,4835730.362280409
6832,4839302.280366687
6833,4842873.182245348
6834,4846407.958485074
6835,4849948.837763812
6836,4853495.830413847
6837,4857048.946784261
6838,4860574.1888653245
6839,4864090.278913151
6840,4867612.438715469
6841,4871140.678544659
6842,4874661.741855823
6843,4878153.134370503
6844,4881650.553187053
6845,4885154.008501458
6846,4888663.510526247
6847,4892135.9013507115
6848,4895608.670319225
6849,4899087.432419827
6850,4902572.1977888215
6851,4906037.124637116
6852,4909485.334173487
6853,4912939.493638215
6854,4916399.613091652
6855,4919855.39559464
6856,4923279.135395309
6857,4926708.782081392
6858,4930144.345637606
6859,4933585.836064835
6860,4936988.710244187
6861,4940393.933290485
6862,4943805.030248213
6863,4947222.0110427635
6864,4950612.739640397
6865,4953993.627469767
6866,4957380.346410513
6867,4960772.906312843
6868,4964149.948228359
6869,4967506.588549889
6870,4970869.017340185
6871,4974237.244374563
6872,4977599.10345596
6873,4980931.583267321
6874,4984269.809061084
6875,4987613.790537944
6876,4990959.014670189
6877,4994267.420259845
6878,4997581.529500571
6879,5000901.352018736
6880,5004226.897456222
6881,5007512.949177538
6882,5010803.027600618
6883,5014098.777049588
6884,5017400.207092168
6885,5020667.059809444
6886,5023933.192444358
6887,5027204.954006553
6888,5030482.353989841
6889,5033728.68122527
6890,5036970.9523978215
6891,5040218.810550779
6892,5043472.26510433
6893,5046696.780932092
6894,5049915.274266589
6895,5053139.312785168
6896,5056368.905834668
6897,5059570.364045788
6898,5062765.162467258
6899,5065965.464425848
6900,5069171.279195336
6901,5072348.472477015
6902,5075519.658213316
6903,5078696.30598796
6904,5081878.42500194
6905,5085030.184131255
6906,5088177.838715252
6907,5091330.913985841
6908,5094489.419071495
6909,5097614.612123128
6910,5100738.816394812
6911,5103868.400147197
6912,5107003.372436484
6913,5110100.904004282
6914,5113201.73811286
6915,5116307.91064092
6916,5119415.986202476
6917,5122488.241004954
6918,5125565.784410966
6919,5128648.625318771
6920,5131726.753711145
6921,5134775.837288958
6922,5137830.168766328
6923,5140889.756970173
6924,5143936.948920123
6925,5146962.939221686
6926,5149994.136859777
6927,5153030.55059025
6928,5156045.850358765
6929,5159048.824651111
6930,5162056.96585677
6931,5165070.2826607935
6932,5168052.767330688
6933,5171032.802201473
6934,5174017.963701038
6935,5177004.945811683
6936,5179957.039220023
6937,5182914.210579577
6938,5185876.4684209125
6939,5188828.689737369
6940,5191758.034810056
6941,5194692.417893279
6942,5197631.847447693
6943,5200548.4804502195
6944,5203455.151613721
6945,5206366.820982111
6946,5209283.496946372
6947,5212163.744205942
6948,5215047.815216389
6949,5217936.844759983
6950,5220817.301494883
6951,5223673.934685045
6952,5226535.478630115
6953,5229401.94156938
6954,5232244.314474172
6955,5235078.5323586
6956,5237917.621659461
6957,5240756.190420489
6958,5243540.004556479
6959,5246328.602879027
6960,5249121.993410229
6961,5251920.184184918
6962,5254723.183250716
6963,5257500.24355856
6964,5260248.420507315
6965,5263001.319210524
6966,5265758.947581463
6967,5268521.313545967
6968,5271288.425042455
6969,5274001.16280735
6970,5276713.901037201
6971,5279431.298948974
6972,5282153.364347782
6973,5284880.105051136
6974,5287584.384038581
6975,5290257.289017281
6976,5292934.78427489
6977,5295616.877496867
6978,5298303.576380843
6979,5300994.888636648
6980,5303629.1867026575
6981,5306267.103009369
6982,5308909.5483345315
6983,5311556.530256942
6984,5314208.056367408
6985,5316827.445795962
6986,5319426.102790731
6987,5322029.220427757
6988,5324636.806168037
6989,5327248.867484375
6990,5329850.061022916
6991,5332409.774317346
6992,5334973.880440601
6993,5337542.3867369
6994,5340115.300562053
6995,5342692.629283494
6996,5345216.246362232
6997,5347741.653148486
6998,5350271.392734437
6999,5352805.472359917
7000,5355343.899276193
7001,5357843.780927021
7002,5360330.796591656
7003,5362822.078232667
7004,5365317.63297491
7005,5367817.467954463
7006,5370290.7685313355
7007,5372739.6973642
7008,5375192.825893373
7009,5377650.161129711
7010,5380111.710095099
7011,5382555.7236345075
7012,5384966.866035393
7013,5387382.1423890665
7014,5389801.559593341
7015,5392225.124556896
7016,5394637.280186232
7017,5397010.93269991
7018,5399388.653952738
7019,5401770.450730464
7020,5404156.329829506
7021,5406534.187302554
7022,5408870.642653454
7023,5411211.102053168
7024,5413555.572176331
7025,5415904.059708048
7026,5418245.30506448
7027,5420544.852190981
7028,5422848.339192747
7029,5425155.772634229
7030,5427467.159090164
7031,5429769.600435796
7032,5432032.524524108
7033,5434299.324824459
7034,5436570.00779204
7035,5438844.579892154
7036,5441106.143296942
7037,5443332.725814648
7038,5445563.121385088
7039,5447797.336355113
7040,5450035.3770815
7041,5452254.1025923295
7042,5454444.621321534
7043,5456638.890441745
7044,5458836.916192385
7045,5461038.704822615
7046,5463212.742587915
7047,5465367.471658025
7048,5467525.888948726
7049,5469688.000592893
7050,5471853.81273297
7051,5473981.4192363145
7052,5476100.629156452
7053,5478223.465611852
7054,5480349.934629726
7055,5482479.178371143
7056,5484559.576646591
7057,5486643.534337655
7058,5488731.057357568
7059,5490822.151628762
7060,5492901.273615568
7061,5494946.743656151
7062,5496995.712482512
7063,5499048.1859041285
7064,5501104.169739518
7065,5503131.729323118
7066,5505142.530502105
7067,5507156.770302947
7068,5509174.4544322295
7069,5511195.588605406
7070,5513170.237386952
7071,5515146.625589387
7072,5517126.392709696
7073,5519109.5443524225
7074,5521077.651219804
7075,5523016.564699955
7076,5524958.792353248
7077,5526904.339674464
7078,5528853.212166927
7079,5530765.489476879
7080,5532670.550109485
7081,5534578.866213667
7082,5536490.443183985
7083,5538392.387494058
7084,5540260.648515552
7085,5542132.101461634
7086,5544006.751619266
7087,5545884.6042835945
7088,5547728.1528146155
7089,5549563.10567424
7090,5551401.192732674
7091,5553242.419178429
7092,5555072.207959347
7093,5556871.018874344
7094,5558672.9016086925
7095,5560477.861245388
7096,5562285.902875269
7097,5564055.057940214
7098,5565821.090244119
7099,5567590.137591311
7100,5569362.204968062
7101,5571111.8252254585
7102,5572836.7401879085
7103,5574564.599366339
7104,5576295.407627702
7105,5578029.169846437
7106,5579734.609912523
7107,5581421.778085409
7108,5583111.82526888
7109,5584804.756219411
7110,5586500.575700783
7111,5588160.205219293
7112,5589809.981586511
7113,5591462.572392755
7114,5593117.982285153
7115,5594776.215917971
7116,5596388.517302274
7117,5598001.251407503
7118,5599616.736004629
7119,5601234.975632575
7120,5602846.185539197
7121,5604419.538813175
7122,5605995.574822039
7123,5607574.297990849
7124,5609155.71275143
7125,5610716.288187758
7126,5612253.344834547
7127,5613793.021596105
7128,5615335.3227916565
7129,5616880.252747043
7130,5618388.995934865
7131,5619890.088951638
7132,5621393.740058931
7133,5622899.953471233
7134,5624401.5776111735
7135,5625864.5422591595
7136,5627329.99945583
7137,5628797.9533057315
7138,5630268.407919678
7139,5631715.519351948
7140,5633143.231618118
7141,5634573.375676267
7142,5636005.955528488
7143,5637440.97518297
7144,5638832.658977275
7145,5640225.435904673
7146,5641620.584435736
7147,5643018.108471125
7148,5644397.591950132
7149,5645753.437396971
7150,5647111.591024447
7151,5648472.056627057
7152,5649834.838005058
7153,5651156.767954925
7154,5652478.356171055
7155,5653802.1935898205
7156,5655128.283906479
7157,5656434.896207504
7158,5657720.341675384
7159,5659007.974318257
7160,5660297.797727676
7161,5661587.368158643
7162,5662837.086807041
7163,5664088.93133594
7164,5665342.905234484
7165,5666599.01199712
7166,5667828.204964773
7167,5669044.671389229
7168,5670263.206509333
7169,5671483.813718239
7170,5672693.380445629
7171,5673874.872215017
7172,5675058.37271757
7173,5676243.885246403
7174,5677431.413099612
7175,5678579.279414946
7176,5679728.142980368
7177,5680878.95921108
7178,5682031.731306229
7179,5683157.70343308
7180,5684272.321351066
7181,5685388.833263801
7182,5686507.242272697
7183,5687610.016633906
7184,5688690.773891918
7185,5689773.367153663
7186,5690857.79942401
7187,5691936.150477908
7188,5692983.425848293
7189,5694032.479900139
7190,5695083.315542971
7191,5696135.935690691
7192,5697150.258917319
7193,5698166.147060551
7194,5699183.760036446
7195,5700203.10066457
7196,5701191.30860846
7197,5702174.398089371
7198,5703159.156293424
7199,5704145.585947007
7200,5705106.661693128
7201,5706057.31378657
7202,5707009.5791321015
7203,5707963.460364061
7204,5708896.453740647
7205,5709815.023832406
7206,5710735.152333484
7207,5711656.841787278
7208,5712560.866738165
7209,5713447.704406115
7210,5714336.046258837
7211,5715225.894749883
7212,5716100.126791829
7213,5716955.575885933
7214,5717812.475548577
7215,5718670.828144557
7216,5719514.501907032
7217,5720338.9006281365
7218,5721164.69690011
7219,5721991.893000045
7220,5722804.29984509
7221,5723597.980822646
7222,5724393.006922315
7223,5725189.380334548
7224,5725969.866054362
7225,5726733.1564229205
7226,5727497.740064273
7227,5728263.619083241
7228,5729011.581673221
7229,5729744.803147911
7230,5730479.266616146
7231,5731214.974098139
7232,5731929.861603125
7233,5732633.330553957
7234,5733337.990779925
7235,5734043.84421764
7236,5734725.1526492415
7237,5735399.180174382
7238,5736074.348808004
7239,5736750.660404084
7240,5737397.931726977
7241,5738042.82372492
7242,5738688.80720746
7243,5739333.687596899
7244,5739948.704132082
7245,5740564.761372784
7246,5741181.86100814
7247,5741791.475898094
7248,5742378.001872643
7249,5742965.5200676285
7250,5743554.032092541
7251,5744128.056408734
7252,5744686.381962967
7253,5745245.651768145
7254,5745805.8673550375
7255,5746344.014704193
7256,5746874.425127171
7257,5747405.732338837
7258,5747937.937792148
7259,5748439.958348078
7260,5748942.734082611
7261,5749446.35964247
7262,5749941.900804114
7263,5750416.515458097
7264,5750891.932166621
7265,5751368.152227782
7266,5751826.760830251
7267,5752274.333320375
7268,5752722.661949974
7269,5753171.747942084
7270,5753593.280906948
7271,5754014.077055211
7272,5754435.583901604
7273,5754848.530885092
7274,5755242.14728434
7275,5755636.428332334
7276,5756031.375102967
7277,5756406.658996148
7278,5756774.061463277
7279,5757142.084134195
7280,5757507.433583486
7281,5757848.298654805
7282,5758189.7390061105
7283,5758531.755565882
7284,5758858.988865644
7285,5759174.182730399
7286,5759489.908392653
7287,5759806.013170797
7288,5760095.290529302
7289,5760385.05585004
7290,5760675.309919691
7291,5760946.637844865
7292,5761197.654669651
7293,5761449.094791035
7294,5761700.958891012
7295,5761953.247652558
7296,5762196.506954561
7297,5762410.386299529
7298,5762624.626179332
7299,5762839.227174369
7300,5763054.18986589
7301,5763267.728556999
7302,5763445.089828935
7303,5763622.749963881
7304,5763800.70944257
7305,5763978.968746427
7306,5764157.5283575775
7307,5764302.742009053
7308,5764444.426767331
7309,5764586.350161943
7310,5764728.512576366
7311,5764870.914394624
7312,5764984.406568309
7313,5765090.704551234
7314,5765197.181500029
7315,5765303.837702048
7316,5765410.673445055
7317,5765491.226633106
7318,5765562.711028434
7319,5765634.315729609
7320,5765706.040929629
7321,5765777.886821775
7322,5765824.417555523
7323,5765861.646482601
7324,5765898.93804002
7325,5765936.292328168
7326,5765973.709447583
7327,5765985.260129389
7328,5765988.776976302
7329,5765992.299737264
7330,5765995.82842175
7331,5765999.363039241
7332,5765975.094176971
7333,5765945.427929943
7334,5765915.711815155
7335,5765885.945752813
7336,5765856.129663
7337,5765795.312489299
7338,5765732.978054389
7339,5765670.538880224
7340,5765607.994799351
7341,5765541.69811515
7342,5765447.355103463
7343,5765352.85362091
7344,5765258.193414314
7345,5765163.374230133
7346,5765058.673243035
7347,5764932.703901855
7348,5764806.523053096
7349,5764680.130359139
7350,5764553.525481899
7351,5764409.999505501
7352,5764252.877517805
7353,5764095.491825418
7354,5763937.842007782
7355,5763779.927643751
7356,5763597.240328726
7357,5763409.426533596
7358,5763221.297654283
7359,5763032.853188749
7360,5762839.6785140345
7361,5762621.986278647
7362,5762403.928957016
7363,5762185.505967854
7364,5761966.71672906
7365,5761733.30084003
7366,5761485.850809633
7367,5761237.9859633725
7368,5760989.705641389
7369,5760741.009182898
7370,5760467.250848915
7371,5760190.466265703
7372,5759913.2178903045
7373,5759635.504985638
7374,5759348.384126914
7375,5759043.187736363
7376,5758737.480122458
7377,5758431.260473347
7378,5758124.527976041
7379,5757796.453945523
7380,5757462.782040854
7381,5757128.5514580915
7382,5756793.761310862
7383,5756450.62637176
7384,5756089.471595884
7385,5755727.71233891
7386,5755365.347642525
7387,5755002.3765470795
7388,5754617.950426955
7389,5754229.131535069
7390,5753839.66214752
7391,5753449.541234033
7392,5753048.669543476
7393,5752633.247158785
7394,5752217.130018799
7395,5751800.3170239935
7396,5751382.125234208
7397,5750940.542916581
7398,5750498.22235912
7399,5750055.162394396
7400,5749611.361853373
7401,5749151.544228944
7402,5748683.452292874
7403,5748214.57815251
7404,5747744.9205721235
7405,5747266.814558303
7406,5746773.3712864285
7407,5746279.103748148
7408,5745784.0106423125
7409,5745286.951935837
7410,5744768.5656674765
7411,5744249.313785517
7412,5743729.194924633
7413,5743208.207717626
7414,5742669.653334154
7415,5742125.81472509
7416,5741581.068422379
7417,5741035.412995769
7418,5740477.280645352
7419,5739909.241766841
7420,5739340.255157555
7421,5738770.319325376
7422,5738192.119483718
7423,5737600.255906255
7424,5737007.405219932
7425,5736413.565871907
7426,5735814.864483235
7427,5735199.541155265
7428,5734583.191981279
7429,5733965.81534884
7430,5733346.230414051
7431,5732707.801920397
7432,5732068.309466869
7433,5731427.7513825055
7434,5730786.125994072
7435,5730120.335700804
7436,5729452.357885197
7437,5728783.267400243
7438,5728113.062500325
7439,5727441.741437455
7440,5726755.848140235
7441,5726058.918139286
7442,5725360.827805746
7443,5724661.57532115
7444,5723961.158864567
7445,5723253.991745283
7446,5722528.684339572
7447,5721802.169946213
7448,5721074.446675647
7449,5720345.512635769
7450,5719615.365931921
7451,5718862.914751347
7452,5718108.53041812
7453,5717352.891454653
7454,5716595.995899352
7455,5715837.84178799
7456,5715062.915887062
7457,5714281.194766416
7458,5713498.174199994
7459,5712713.852158356
7460,5711928.226609354
7461,5711130.034769866
7462,5710321.489724865
7463,5709511.601321624
7464,5708700.367464441
7465,5707887.786054823
7466,5707065.651783209
7467,5706230.776043255
7468,5705394.513902377
7469,5704556.863200142
7470,5703717.821773235
7471,5702871.174070172
7472,5702010.441865066
7473,5701148.281053952
7474,5700284.689413133
7475,5699419.6647159625
7476,5698548.029448207
7477,5697661.896621308
7478,5696774.293789789
7479,5695885.218668127
7480,5694994.668967757
7481,5694097.660806984
7482,5693186.565408101
7483,5692273.959382387
7484,5691359.8403838435
7485,5690444.206063392
7486,5689521.520958658
7487,5688585.883817409
7488,5687648.696174411
7489,5686709.95562455
7490,5685769.659759532
7491,5684821.067911887
7492,5683861.293192118
7493,5682899.928814881
7494,5681936.972317208
7495,5680972.421232887
7496,5679997.760542374
7497,5679014.236278342
7498,5678029.083893117
7499,5677042.300867113
7500,5676053.884677454
7501,5675053.054634382
7502,5674046.1532492
7503,5673037.585944817
7504,5672027.3501462275
7505,5671015.443275082
7506,5669988.399269021
7507,5668958.478076087
7508,5667926.853806243
7509,5666893.523830233
7510,5665856.094909
7511,5664805.233536786
7512,5663752.635224625
7513,5662698.297293592
7514,5661642.217061288
7515,5660578.157613542
7516,5659504.983552624
7517,5658430.0366538055
7518,5657353.314186144
7519,5656274.813415176
7520,5655183.8799117
7521,5654088.259052168
7522,5652990.8292845
7523,5651891.587825654
7524,5650790.531888989
7525,5649674.801071871
7526,5648557.0670607155
7527,5647437.4886717135
7528,5646316.0630707955
7529,5645189.934991357
7530,5644052.28339483
7531,5642912.755407384
7532,5641771.348148673
7533,5640628.058734664
7534,5639476.778993952
7535,5638317.67289939
7536,5637156.656122303
7537,5635993.725733447
7538,5634828.878799835
7539,5633652.566322851
7540,5632472.296865256
7541,5631290.0829629
7542,5630105.9216386145
7543,5628917.796425806
7544,5627718.6163691655
7545,5626517.461633474
7546,5625314.329198403
7547,5624109.2160398
7548,5622895.992334602
7549,5621676.225190933
7550,5620454.450646238
7551,5619230.665634166
7552,5618004.83008702
7553,5616766.765213454
7554,5615526.663789973
7555,5614284.522708978
7556,5613040.3388589695
7557,5611789.497614271
7558,5610531.371262541
7559,5609271.17659463
7560,5608008.910458678
7561,5606744.569698875
7562,5605468.996993265
7563,5604191.038391201
7564,5602910.980132988
7565,5601628.819023319
7566,5600339.982948079
7567,5599044.537691701
7568,5597746.965081286
7569,5596447.261882902
7570,5595144.786121628
7571,5593832.119557784
7572,5592517.2984123165
7573,5591200.319413476
7574,5589881.179285462
7575,5588554.241731861
7576,5587222.426340476
7577,5585888.426282213
7578,5584552.238244226
7579,5583211.372070439
7580,5581862.805604057
7581,5580512.028090639
7582,5579159.0361810755
7583,5577803.826522121
7584,5576438.901091
7585,5575071.578985714
7586,5573702.0164841
7587,5572330.210197366
7588,5570951.18365877
7589,5569567.53946568
7590,5568181.6292750975
7591,5566793.449663389
7592,5565400.128135865
7593,5564000.374367989
7594,5562598.3293838715
7595,5561193.98972574
7596,5559786.21149287
7597,5558370.551027342
7598,5556952.574493258
7599,5555532.278399366
7600,5554109.659250178
7601,5552678.537592782
7602,5551244.8234436745
7603,5549808.765200649
7604,5548370.359335353
7605,5546924.801493289
7606,5545475.53468668
7607,5544023.899588863
7608,5542569.89263925
7609,5541109.808042025
7610,5539645.164877677
7611,5538178.129547345
7612,5536708.698458807
7613,5535234.019170104
7614,5533754.167598589
7615,5532271.90029506
7616,5530787.2136362335
7617,5529297.892281089
7618,5527802.992201724
7619,5526305.653119794
7620,5524805.871381512
7621,5523301.879218151
7622,5521792.082766803
7623,5520279.824325048
7624,5518765.100209135
7625,5517246.42533649
7626,5515721.877163673
7627,5514194.844283028
7628,5512665.32298135
7629,5511131.968673865
7630,5509592.806213511
7631,5508051.136586485
7632,5506506.956050645
7633,5504958.939212429
7634,5503405.292941867
7635,5501849.117292992
7636,5500290.408495203
7637,5498727.758226186
7638,5497159.75191771
7639,5495589.194255534
7640,5494016.08144105
7641,5492438.837708098
7642,5490856.588672574
7643,5489271.766533676
7644,5487684.367465241
7645,5486092.579871689
7646,5484496.199194603
7647,5482897.223880041
7648,5481295.650074741
7649,5479689.376722255
7650,5478078.969492723
7651,5476465.946297457
7652,5474850.303256516
7653,5473229.609693492
7654,5471605.275226544
7655,5469978.303662103
7656,5468348.691093935
7657,5466713.64934506
7658,5465075.481397832
7659,5463434.655408853
7660,5461791.093281827
7661,5460141.855117994
7662,5458489.942100126
7663,5456835.35027512
7664,5455177.455391124
7665,5453514.5799842365
7666,5451849.009160131
7667,5450180.738940587
7668,5448508.593817159
7669,5446832.163759361
7670,5445153.017890657
7671,5443471.152208064
7672,5441784.248933223
7673,5440093.450020915
7674,5438399.913621608
7675,5436703.635705797
7676,5435004.61223941
7677,5433301.166932295
7678,5431593.443729559
7679,5429882.957675126
7680,5428169.7047090465
7681,5426453.680766801
7682,5424733.630693259
7683,5423009.1273494745
7684,5421281.8360793805
7685,5419551.752793211
7686,5417818.873396599
7687,5416082.187260684
7688,5414341.036305266
7689,5412597.072620355
7690,5410850.29208693
7691,5409100.690581376
7692,5407347.364502849
7693,5405589.68742185
7694,5403829.173061888
7695,5402065.817275254
7696,5400299.615909635
7697,5398529.669795381
7698,5396755.577578924
7699,5394978.623770995
7700,5393198.804195726
7701,5391416.114672656
7702,5389629.588948084
7703,5387839.182610211
7704,5386045.890589439
7705,5384249.708682266
7706,5382450.632680576
7707,5380647.585349808
7708,5378840.956422066
7709,5377031.417926058
7710,5375218.965631131
7711,5373403.595302012
7712,5371584.099308136
7713,5369761.330308284
7714,5367935.628046636
7715,5366106.988265848
7716,5364275.406703966
7717,5362439.547562951
7718,5360600.712440051
7719,5358758.920540187
7720,5356914.167579783
7721,5355066.182575874
7722,5353214.322954701
7723,5351359.487511776
7724,5349501.67194234
7725,5347640.871937018
7726,5345776.523986557
7727,5343908.649626714
7728,5342037.776120952
7729,5340163.899138906
7730,5338287.0143455975
7731,5336406.867846574
7732,5334523.068719479
7733,5332636.247327553
7734,5330746.39931532
7735,5328853.520322685
7736,5326957.537539433
7737,5325057.893709119
7738,5323155.204684728
7739,5321249.466086138
7740,5319340.673528616
7741,5317428.822622825
7742,5315513.423252079
7743,5313594.937483983
7744,5311673.379363259
7745,5309748.744480989
7746,5307821.028423646
7747,5305889.940031162
7748,5303955.719569381
7749,5302018.404138232
7750,5300077.989305039
7751,5298134.4706325205
7752,5296187.709837719
7753,5294237.80838972
7754,5292284.78950437
7755,5290328.648725641
7756,5288369.381592921
7757,5286406.980862261
7758,5284441.444260936
7759,5282472.767890882
7760,5280500.947273126
7761,5278525.977924119
7762,5276547.983169395
7763,5274566.8498143805
7764,5272582.5544844745
7765,5270595.092678147
7766,5268604.459889296
7767,5266610.928334638
7768,5264614.229608511
7769,5262614.346815871
7770,5260611.275432998
7771,5258605.047049678
7772,5256596.009223175
7773,5254583.769884066
7774,5252568.324491342
7775,5250549.668499444
7776,5248527.937957913
7777,5246503.399892824
7778,5244475.638444667
7779,5242444.649050928
7780,5240410.427144544
7781,5238373.281395317
7782,5236333.255604642
7783,5234289.984646452
7784,5232243.463937047
7785,5230193.688888206
7786,5228141.219497438
7787,5226085.712926961
7788,5224026.939482301
7789,5221964.89455891
7790,5219899.577352407
7791,5217831.875581148
7792,5215760.889919718
7793,5213686.615747535
7794,5211609.048439519
7795,5209528.516999274
7796,5207445.354415107
7797,5205358.886387364
7798,5203269.1082752105
7799,5201176.015433332
7800,5199080.373963697
7801,5196981.742547391
7802,5194879.784189994
7803,5192774.494230722
7804,5190665.990345748
7805,5188555.221369918
7806,5186441.10868112
7807,5184323.647603352
7808,5182202.833456164
7809,5180079.360146459
7810,5177953.114666904
7811,5175823.504089683
7812,5173690.523719402
7813,5171554.195517977
7814,5169415.8346710205
7815,5167274.092089881
7816,5165128.963064447
7817,5162980.442880201
7818,5160829.300119274
7819,5158675.439147504
7820,5156518.175146793
7821,5154357.503388163
7822,5152193.540737156
7823,5150027.571333014
7824,5147858.182376409
7825,5145685.36912413
7826,5143509.126828597
7827,5141330.512718463
7828,5139149.005379078
7829,5136964.057262517
7830,5134775.663607211
7831,5132584.284933603
7832,5130390.662539994
7833,5128193.582939188
7834,5125993.041355847
7835,5123789.03301028
7836,5121583.169620894
7837,5119373.958856791
7838,5117161.269713602
7839,5114945.097398098
7840,5112726.539442694
7841,5110505.194956254
7842,5108280.355737262
7843,5106052.0169791635
7844,5103820.781626434
7845,5101587.298147338
7846,5099350.303621442
7847,5097109.793229057
7848,5094865.902386125
7849,5092620.272091591
7850,5090371.114471617
7851,5088118.424693574
7852,5085862.197920593
7853,5083604.11703168
7854,5081342.786124234
7855,5079077.906799587
7856,5076809.474208149
7857,5074538.829661872
7858,5072265.31300848
7859,5069988.231708066
7860,5067707.5808985215
7861,5065424.733470033
7862,5063139.675078581
7863,5060851.0368684735
7864,5058558.813966676
7865,5056263.001495969
7866,5053963.885553285
7867,5051663.704716333
7868,5049359.92407562
7869,5047052.538743277
7870,5044741.543827288
7871,5042426.9344314905
7872,5040110.89486392
7873,5037791.946900674
7874,5035469.374285181
7875,5033143.17211093
7876,5030813.3354672715
7877,5028481.215067055
7878,5026147.07117731
7879,5023809.282709141
7880,5021467.844741804
7881,5019122.752350483
7882,5016774.627849481
7883,5014425.256000478
7884,5012072.219676869
7885,5009715.513943986
7886,5007355.133863125
7887,5004991.088544866
7888,5002626.453537131
7889,5000258.134184625
7890,4997886.125539048
7891,4995510.422648077
7892,4993131.020555408
7893,4990750.60893161
7894,4988366.968449048
7895,4985979.618812336
7896,4983588.555055835
7897,4981193.772209959
7898,4978797.660290632
7899,4976398.657874152
7900,4973995.926461971
7901,4971589.461075414
7902,4969179.256731891
7903,4966767.711245814
7904,4964353.558042904
7905,4961935.656414492
7906,4959514.001369679
7907,4957088.5879136715
7908,4954660.410687107
7909,4952231.069034565
7910,4949797.959552317
7911,4947361.077237517
7912,4944920.417083474
7913,4942475.974079659
7914,4940031.137716109
7915,4937582.7801205395
7916,4935130.630299105
7917,4932674.683233512
7918,4930214.933901659
7919,4927753.706261748
7920,4925290.057892865
7921,4922822.597924969
7922,4920351.321328451
7923,4917876.22306994
7924,4915398.712054626
7925,4912919.728055739
7926,4910436.913102531
7927,4907950.26215436
7928,4905459.770166878
7929,4902966.087659971
7930,4900471.72116533
7931,4897973.504376876
7932,4895471.432243229
7933,4892965.499709354
7934,4890455.760857019
7935,4887945.963164608
7936,4885432.295852978
7937,4882914.753860319
7938,4880393.332121186
7939,4877868.0255665295
7940,4875342.375449745
7941,4872813.207248494
7942,4870280.145043299
7943,4867743.183758607
7944,4865202.318315319
7945,4862660.874976673
7946,4860116.153987819
7947,4857567.519683823
7948,4855014.966979334
7949,4852458.490785476
7950,4849901.37439976
7951,4847341.047329277
7952,4844776.787643203
7953,4842208.590246677
7954,4839636.450041352
7955,4837063.782235716
7956,4834487.794518574
7957,4831907.854895386
7958,4829323.958262056
7959,4826736.099511081
7960,4824148.003047199
7961,4821556.29896272
7962,4818960.623691142
7963,4816360.972119456
7964,4813757.429521632
7965,4811153.937640832
7966,4808546.460419217
7967,4805934.992738483
7968,4803319.529477013
7969,4800700.786759394
7970,4798081.4832758065
7971,4795458.1751965685
7972,4792830.857395012
7973,4790199.524741209
7974,4787565.707554414
7975,4784930.533879433
7976,4782291.336362414
7977,4779648.109868645
7978,4777000.849260184
7979,4774352.083497343
7980,4771700.980266785
7981,4769045.833956354
7982,4766386.639423587
7983,4763723.39152285
7984,4761059.803210016
7985,4758392.710361955
7986,4755721.555204955
7987,4753046.332589108
7988,4750367.8193502845
7989,4747688.752572091
7990,4745005.609418961
7991,4742318.3847369375
7992,4739627.073368996
7993,4736933.974071344
7994,4734238.814945298
7995,4731539.560240812
7996,4728836.204797057
7997,4726128.743450225
7998,4723421.184620789
7999,4720709.871394083
8000,4717994.443395269
8001,4715274.895456987
8002,4712552.7311563855
8003,4709829.330421177
8004,4707101.800901383
8005,4704370.137426332
8006,4701634.334822467
8007,4698897.949411422
8008,4696158.288970566
8009,4693414.480579223
8010,4690666.519060773
8011,4687915.740271384
8012,4685163.919123597
8013,4682407.936050682
8014,4679647.785873198
8015,4676883.46340894
8016,4674118.702711085
8017,4671350.514850274
8018,4668578.145928374
8019,4665801.590760611
8020,4663022.650891308
8021,4660242.22783646
8022,4657457.609785121
8023,4654668.791550194
8024,4651875.774619455
8025,4649083.085702677
8026,4646286.187875387
8027,4643485.075948385
8028,4640679.744729873
8029,4637873.098973313
8030,4635063.890497312
8031,4632250.454027401
8032,4629432.784369949
8033,4626612.278007936
8034,4623790.727816782
8035,4620964.935759796
8036,4618134.89664177
8037,4615300.6330122305
8038,4612466.709875991
8039,4609628.531024701
8040,4606786.091261806
8041,4603939.385388314
8042,4601091.846607922
8043,4598241.249619941
8044,4595386.377893193
8045,4592527.226227624
8046,4589666.147855399
8047,4586803.101279174
8048,4583935.766160937
8049,4581064.137299816
8050,4578189.623394258
8051,4575314.09569314
8052,4572434.265671238
8053,4569550.128127102
8054,4566662.282959462
8055,4563774.242534034
8056,4560881.886034125
8057,4557985.20825793
8058,4555084.20400148
8059,4552183.551482421
8060,4549278.636888883
8061,4546369.387290956
8062,4543455.797484628
8063,4540542.032256264
8064,4537624.527931562
8065,4534702.674900974
8066,4531776.467960695
8067,4528849.694641256
8068,4525919.568944117
8069,4522985.080866907
8070,4520046.225206267
8071,4517106.548522464
8072,4514163.769824731
8073,4511216.615100761
8074,4508265.079147908
8075,4505312.603916389
8076,4502357.140618887
8077,4499397.287677769
8078,4496433.039891359
8079,4493467.871003797
8080,4490499.691551134
8081,4487527.108867038
8082,4484550.117751062
8083,4481572.360162486
8084,4478591.4330569655
8085,4475606.089162575
8086,4472616.3232803475
8087,4469626.0820002025
8088,4466632.375814931
8089,4463634.239314564
8090,4460631.667301864
8091,4457629.047387367
8092,4454622.530778528
8093,4451611.5703604175
8094,4448596.173691747
8095,4445581.267489392
8096,4442561.909207927
8097,4439538.0936559355
8098,4436510.519387305
8099,4433482.753798865
8100,4430450.522701418
8101,4427413.820906024
8102,4424374.174203199
8103,4421333.518166994
8104,4418288.383226354
8105,4415238.764195088
8106,4412187.150255242
8107,4409133.572834679
8108,4406075.5031496445
8109,4403012.936016986
8110,4399949.46006997
8111,4396882.93046294
8112,4393811.895267755
8113,4390736.349304564
8114,4387661.116614981
8115,4384581.604162807
8116,4381497.57283611
8117,4378410.1850140765
8118,4375322.4272032725
8119,4372230.142794519
8120,4369133.326616929
8121,4366033.757393542
8122,4362933.212259798
8123,4359828.127670789
8124,4356718.498460105
8125,4353606.866396161
8126,4350493.505843042
8127,4347375.593019536
8128,4344253.12276398
8129,4341129.546433573
8130,4338003.342541294
8131,4334872.5736066885
8132,4331737.234473141
8133,4328601.832465361
8134,4325462.757498607
8135,4322319.104761797
8136,4319171.148301695
8137,4316023.760024861
8138,4312871.786440348
8139,4309715.22240329
8140,4306555.666841195
8141,4303395.3652445655
8142,4300230.46569822
8143,4297060.963063137
8144,4293889.926982189
8145,4290716.684880886
8146,4287538.832234874
8147,4284356.363911296
8148,4281173.965917643
8149,4277987.756338687
8150,4274796.923668163
8151,4271602.394847482
8152,4268407.821506358
8153,4265208.617695203
8154,4262004.778294846
8155,4258800.348903244
8156,4255595.198911959
8157,4252385.409516118
8158,4249170.9756074045
8159,4245951.892077078
8160,4242730.384165772
8161,4239510.001734024
8162,4236284.965934594
8163,4233055.271669964
8164,4229820.913842312
8165,4226582.662026337
8166,4223347.017201229
8167,4220106.705137431
8168,4216861.720748718
8169,4213612.058948658
8170,4210357.714650618
8171,4207106.460666336
8172,4203850.842981485
8173,4200590.539206719
8174,4197325.544267481
8175,4194055.85308911
8176,4190788.5490053804
8177,4187517.5968620596
8178,4184241.9449606794
8179,4180961.5882390346
8180,4177676.5216349447
8181,4174393.500675521
8182,4171107.185770175
8183,4167816.1575376294
8184,4164520.4109285465
8185,4161219.940893702
8186,4157921.535772875
8187,4154619.830349849
8188,4151313.3981316914
8189,4148002.234082421
8190,4144686.3331662617
8191,4141372.8760900544
8192,4138055.752955132
8193,4134733.8896605624
8194,4131407.2811842086
8195,4128075.922504259
8196,4124747.7451731414
8197,4121415.177706748
8198,4118077.856821822
8199,4114735.777510588
8200,4111389.644632399
8201,4108046.368378451
8202,4104698.3305484084
8203,4101345.526148847
8204,4097987.950186851
8205,4094627.7319222735
8206,4091268.972928536
8207,4087905.4393026005
8208,4084537.1260663075
8209,4081164.0282421475
8210,4077790.054633392
8211,4074415.787967844
8212,4071036.7337259254
8213,4067652.886945277
8214,4064264.242664298
8215,4060876.843265262
8216,4057487.044617754
8217,4054092.445563948
8218,4050693.0411578105
8219,4047288.8764534644
8220,4043888.330337061
8221,4040482.976031148
8222,4037072.8086055834
8223,4033657.8231311766
8224,4030240.8626361033
8225,4026824.7504419102
8226,4023403.8174465015
8227,4019978.0587369995
8228,4016547.469401583
8229,4013118.041067487
8230,4009686.3403005274
8231,4006249.8062413842
8232,4002808.4339949773
8233,3999363.1203700243
8234,3995920.649983268
8235,3992473.338814498
8236,3989021.181985691
8237,3985564.174620097
8238,3982107.0195209184
8239,3978648.9298415994
8240,3975185.987119156
8241,3971718.186494318
8242,3968245.722165374
8243,3964776.8529381515
8244,3961303.1233754903
8245,3957824.5286359577
8246,3954341.0638795886
8247,3950857.3819651846
8248,3947372.864984693
8249,3943883.4756450644
8250,3940389.2091245875
8251,3936890.791044691
8252,3933395.486441976
8253,3929895.302391187
8254,3926390.2340892134
8255,3922880.276734645
8256,3919371.262523331
8257,3915860.284028805
8258,3912344.4143075477
8259,3908823.6485771695
8260,3905300.468301104
8261,3901778.696012833
8262,3898252.02561819
8263,3894720.4523541657
8264,3891183.9714596574
8265,3887650.814114188
8266,3884113.3441797774
8267,3880570.964613093
8268,3877023.670672848
8269,3873476.9144353746
8270,3869928.646486474
8271,3866375.462240926
8272,3862817.356977601
8273,3859257.2734260596
8274,3855698.209383545
8275,3852134.2224796508
8276,3848565.308013754
8277,3844992.1678986694
8278,3841422.3100828608
8279,3837847.522941733
8280,3834267.8017955064
8281,3830683.141966744
8282,3827101.2261784067
8283,3823515.6416255967
8284,3819925.1167268646
8285,3816329.6468260814
8286,3812735.2356617525
8287,3809138.856931018
8288,3805537.5316169704
8289,3801931.2550851204
8290,3798324.6169373826
8291,3794717.4476744705
8292,3791105.3256954225
8293,3787488.2463877467
8294,3783869.6488380567
8295,3780251.693104475
8296,3776628.778627654
8297,3773000.9008174553
8298,3769370.610640184
8299,3765741.872916883
8300,3762108.1705301097
8301,3758469.498912445
8302,3754827.782078919
8303,3751188.2672699788
8304,3747543.7819853597
8305,3743894.321680716
8306,3740241.4433632637
8307,3736591.1567996093
8308,3732935.8940572604
8309,3729275.650615295
8310,3725611.875191296
8311,3721950.822634314
8312,3718284.7883059788
8313,3714613.767709136
8314,3710939.3587649814
8315,3707267.5464101885
8316,3703590.746802879
8317,3699908.9554700493
8318,3696224.17580514
8319,3692541.6102857874
8320,3688854.052145426
8321,3685161.4969355664
8322,3681468.059390291
8323,3677779.7777249804
8324,3674086.5049906373
8325,3670388.2367696757
8326,3666684.968647996
8327,3662976.6962150494
8328,3659267.2233062787
8329,3655563.274277823
8330,3651854.3270856105
8331,3648140.3773504626
8332,3644421.4206968825
8333,3640697.45275305
8334,3636972.871980698
8335,3633253.2777652624
8336,3629528.6785555477
8337,3625799.0700116116
8338,3622064.447797352
8339,3618324.8075805195
8340,3614586.0410377583
8341,3610850.825339098
8342,3607110.5980836884
8343,3603365.354971656
8344,3599615.091707099
8345,3595859.8039981495
8346,3592107.7683946555
8347,3588356.9564613006
8348,3584601.1266806456
8349,3580840.2747936873
8350,3577074.3965455675
8351,3573303.487685596
8352,3569539.094370217
8353,3565772.7130126082
8354,3562001.3077929257
8355,3558224.874493844
8356,3554443.408902363
8357,3550657.958767197
8358,3546881.0617926996
8359,3543099.1394002195
8360,3539312.1874104934
8361,3535520.2016487275
8362,3531723.177944583
8363,3527927.118635717
8364,3524134.716106428
8365,3520337.2826642897
8366,3516534.814173214
8367,3512727.3065017457
8368,3508914.755523047
8369,3505109.686019989
8370,3501302.6884695995
8371,3497490.655960798
8372,3493673.5844024606
8373,3489851.4697082182
8374,3486024.3077965276
8375,3482206.5097817997
8376,3478384.9575173333
8377,3474558.366541825
8378,3470726.732809896
8379,3466890.052281107
8380,3463049.8260513498
8381,3459218.799162492
8382,3455382.734110412
8383,3451541.6268912214
8384,3447695.473506087
8385,3443844.2699613003
8386,3439993.2575533083
8387,3436147.7646407937
8388,3432297.230361961
8389,3428441.650760105
8390,3424581.02188378
8391,3420715.3397867996
8392,3416854.532065176
8393,3412994.618036058
8394,3409129.6597404927
8395,3405259.653269789
8396,3401384.5947206784
8397,3397504.480195318
8398,3393634.861188414
8399,3389760.5726099606
8400,3385881.2371714977
8401,3381996.851013169
8402,3378107.410280682
8403,3374219.0276109353
8404,3370335.4580525914
8405,3366446.843166793
8406,3362553.179137588
8407,3358654.462154744
8408,3354750.6884137783
8409,3350855.3813290354
8410,3346957.537414361
8411,3343054.646152279
8412,3339146.7037771204
8413,3335233.7065290855
8414,3331321.4043309144
8415,3327414.3827080177
8416,3323502.31575485
8417,3319585.1997507997
8418,3315663.0309812655
8419,3311735.8057377064
8420,3307818.438530244
8421,3303897.2483356437
8422,3299971.0113755674
8423,3296039.7239811257
8424,3292103.3824895998
8425,3288170.7611049656
8426,3284240.501030376
8427,3280305.1967005115
8428,3276364.8444926795
8429,3272419.4407905024
8430,3268472.4034494297
8431,3264533.127771965
8432,3260588.810575769
8433,3256639.4482848328
8434,3252685.0373296277
8435,3248725.574147107
8436,3244776.1793415556
8437,3240822.904703432
8438,3236864.587982179
8439,3232901.2256555953
8440,3228932.814208105
8441,3224970.7034187056
8442,3221008.527687661
8443,3217041.31311499
8444,3213069.056226308
8445,3209091.75355401
8446,3205117.744630714
8447,3201146.725083907
8448,3197170.670168365
8449,3193189.5764580187
8450,3189203.4405337237
8451,3185218.3446011962
8452,3181238.5394473635
8453,3177253.702630547
8454,3173263.8307735086
8455,3169268.9205060326
8456,3165273.5419976898
8457,3161285.010380468
8458,3157291.4510403667
8459,3153292.860649441
8460,3149289.2358869133
8461,3145284.3725785213
8462,3141287.174579673
8463,3137284.953033842
8464,3133277.70466285
8465,3129265.4261958506
8466,3125252.2701651594
8467,3121248.2334103957
8468,3117239.1797352433
8469,3113225.105913211
8470,3109206.0087252776
8471,3105181.884959895
8472,3101166.265120672
8473,3097150.4491974204
8474,3093129.6200407096
8475,3089103.774483761
8476,3085072.9093674277
8477,3081042.5456795534
8478,3077020.03825142
8479,3072992.524739431
8480,3068960.002029497
8481,3064922.467015296
8482,3060879.9165982795
8483,3056849.217352856
8484,3052815.0913290638
8485,3048775.9635472773
8486,3044731.8309544213
8487,3040682.690505327
8488,3036639.2506457153
8489,3032598.584818534
8490,3028552.924911973
8491,3024502.267926616
8492,3020446.610871119
8493,3016391.3960249354
8494,3012344.2639684756
8495,3008292.145750888
8496,3004235.0384268533
8497,3000172.9390592473
8498,2996106.9051979324
8499,2992053.381352609
8500,2987994.879505009
8501,2983931.396764333
8502,2979862.930248081
8503,2975789.477082123
8504,2971727.1834179033
8505,2967662.3734890274
8506,2963592.591122384
8507,2959517.8334905235
8508,2955438.0977744972
8509,2951366.9105436206
8510,2947295.868950232
8511,2943219.863617222
8512,2939138.8917726125
8513,2935052.950653025
8514,2930973.797099146
8515,2926896.6011262224
8516,2922814.4503555475
8517,2918727.342071004
8518,2914635.273565196
8519,2910549.0715007703
8520,2906465.7993015368
8521,2902377.5814909944
8522,2898284.4154092604
8523,2894186.29840534
8524,2890093.9562671636
8525,2886004.68686299
8526,2881910.481279322
8527,2877811.336912921
8528,2873707.2511695707
8529,2869609.6680737417
8530,2865514.481353891
8531,2861414.3681325144
8532,2857309.3258634256
8533,2853199.3520095497
8534,2849097.417805869
8535,2844996.394527096
8536,2840890.4546716986
8537,2836779.5957509056
8538,2832663.8152851844
8539,2828558.4106109124
8540,2824451.6323968973
8541,2820339.947778821
8542,2816223.354325686
8543,2812101.8496158896
8544,2807993.8459489504
8545,2803881.3952896353
8546,2799764.048647161
8547,2795641.8036486926
8548,2791518.0744024846
8549,2787404.9176425277
8550,2783286.877893232
8551,2779163.9528306867
8552,2775036.1401405944
8553,2770911.486416069
8554,2766792.8139250106
8555,2762669.269305415
8556,2758540.850292134
8557,2754407.5546297627
8558,2750282.8208770338
8559,2746158.7174878926
8560,2742029.753080903
8561,2737895.9254500517
8562,2733757.8552125455
8563,2729633.2541197846
8564,2725503.8055268503
8565,2721369.507277236
8566,2717230.3572243904
8567,2713094.5025650943
8568,2708966.344025652
8569,2704833.3515441013
8570,2700695.5230245064
8571,2696552.8563809744
8572,2692413.190488888
8573,2688281.665028948
8574,2684145.3195419367
8575,2680004.15199281
8576,2675858.1603566874
8577,2671715.2956304634
8578,2667580.605728741
8579,2663441.110083858
8580,2659296.806721978
8581,2655147.6936795716
8582,2651002.2054318218
8583,2646864.566855585
8584,2642722.1372021553
8585,2638574.914559244
8586,2634422.897024985
8587,2630275.3199613225
8588,2626134.9632878746
8589,2621989.83059995
8590,2617839.920047142
8591,2613685.2297895444
8592,2609536.053732345
8593,2605393.2260875185
8594,2601245.63790408
8595,2597093.2873938023
8596,2592936.172779067
8597,2588785.8374282494
8598,2584640.804479835
8599,2580491.026900162
8600,2576336.5029634605
8601,2572177.2309547216
8602,2568026.11941236
8603,2563879.1676649395
8604,2559727.48764565
8605,2555571.0776915057
8606,2551409.936150386
8607,2547258.3668477023
8608,2543109.8062956915
8609,2538956.5343064135
8610,2534798.5492799683
8611,2530635.849627391
8612,2526484.066171937
8613,2522334.2333811643
8614,2518179.706489128
8615,2514020.4839592776
8616,2509856.5642661033
8617,2505704.722560824
8618,2501553.9842663114
8619,2497398.5697376356
8620,2493238.4775018524
8621,2489073.7060971903
8622,2484921.667652847
8623,2480770.1776540843
8624,2476614.0295756487
8625,2472453.2220084034
8626,2468287.7535544853
8627,2464136.342667435
8628,2459984.1951469844
8629,2455827.4079202386
8630,2451665.979642028
8631,2447499.9089785386
8632,2443350.220658465
8633,2439197.510575802
8634,2435040.1793788983
8635,2430878.2257866818
8636,2426713.335831706
8637,2422564.759986516
8638,2418411.583065893
8639,2414253.8038414787
8640,2410091.421096415
8641,2405930.3697250844
8642,2401781.4045546595
8643,2397627.857273047
8644,2393469.7267161473
8645,2389307.0117314626
8646,2385150.8415301037
8647,2381001.584034513
8648,2376847.763609559
8649,2372689.3791555054
8650,2368526.4295843393
8651,2364376.1661743526
8652,2360226.714082724
8653,2356072.7184607005
8654,2351914.178273041
8655,2347752.7700990057
8656,2343607.7447898476
8657,2339458.196548456
8658,2335304.1243923237
8659,2331145.5273508206
8660,2326992.006986852
8661,2322846.964912128
8662,2318697.419672413
8663,2314543.3703498016
8664,2310384.816038349
8665,2306240.1598820076
8666,2302095.200670917
8667,2297945.758277604
8668,2293791.831848864
8669,2289638.9028619356
8670,2285498.5890095523
8671,2281353.8129732
8672,2277204.5739523335
8673,2273050.87115851
8674,2268908.691602931
8675,2264768.6415591994
8676,2260624.1496787313
8677,2256475.215225744
8678,2252326.6008797684
8679,2248191.336663173
8680,2244051.6518538157
8681,2239907.5457684826
8682,2235759.017736204
8683,2231622.976631768
8684,2227488.1590134213
8685,2223348.941511068
8686,2219205.323506293
8687,2215065.8869706276
8688,2210939.878157927
8689,2206809.495062747
8690,2202674.737119675
8691,2198535.6037756386
8692,2194396.7471010247
8693,2190275.2533516106
8694,2186149.410466037
8695,2182019.2179440884
8696,2177884.67529794
8697,2173747.7274448588
8698,2169630.8544238964
8699,2165509.6575868963
8700,2161384.136498738
8701,2157254.2907367595
8702,2153120.556942759
8703,2149008.4104596665
8704,2144891.965652723
8705,2140771.222151796
8706,2136646.1795992963
8707,2132516.9416280896
8708,2128409.6276264754
8709,2124298.0409635
8710,2120182.1813339116
8711,2116062.048445066
8712,2111938.564833245
8713,2107836.1893806946
8714,2103729.5670977626
8715,2099618.6977439737
8716,2095503.5810914843
8717,2091387.0873927653
8718,2087289.7566705062
8719,2083188.2051155139
8720,2079082.4325519383
8721,2074972.438816616
8722,2070864.1478437476
8723,2066771.968136245
8724,2062675.5937584348
8725,2058575.0245989412
8726,2054470.2605591551
8727,2050371.3626234983
8728,2046284.440307858
8729,2042193.3496471976
8730,2038098.0905944689
8731,2033998.6631154455
8732,2029910.3262642133
8733,2025828.76779952
8734,2021743.067475987
8735,2017653.2253107538
8736,2013559.2413337957
8737,2009482.6115850057
8738,2005406.5235015089
8739,2001326.3202042743
8740,1997242.0017744417
8741,1993156.1924492335
8742,1989089.7698812147
8743,1985019.2587694211
8744,1980944.6592458868
8745,1976865.9714555477
8746,1972794.0969607495
8747,1968733.3311109517
8748,1964668.5036106089
8749,1960599.6146553308
8750,1956526.6644536748
8751,1952469.806685711
8752,1948414.8040790558
8753,1944355.7668680002
8754,1940292.6953115186
8755,1936229.9345209906
8756,1932184.8094279952
8757,1928135.6766183763
8758,1924082.536401276
8759,1920025.389098841
8760,1915979.748216578
8761,1911940.572209524
8762,1907897.4157684736
8763,1903850.2792654717
8764,1899800.8290000795
8765,1895771.6619364878
8766,1891738.5414464874
8767,1887701.4679517455
8768,1883660.441887001
8769,1879630.1342978014
8770,1875607.1016680107
8771,1871580.1431230672
8772,1867549.259147052
8773,1863517.1582047148
8774,1859504.2650743101
8775,1855487.4731492389
8776,1851466.7829626503
8777,1847442.1950608043
8778,1843431.1809222365
8779,1839424.607011489
8780,1835414.162037929
8781,1831399.846596587
8782,1827388.9792890777
8783,1823392.6745073148
8784,1819392.5258890914
8785,1815388.534077929
8786,1811380.6997304922
8787,1807392.7864531206
8788,1803402.9850470829
8789,1799409.3677488216
8790,1795411.9352631792
8791,1791426.0348847664
8792,1787446.6312581357
8793,1783463.4390643465
8794,1779476.459056129
8795,1775493.4932559775
8796,1771524.5376821498
8797,1767551.820889073
8798,1763575.3436770663
8799,1759596.2166346374
8800,1755637.7590890145
8801,1751675.5676933834
8802,1747709.6432953281
8803,1743739.9867555664
8804,1739787.3320528534
8805,1735835.7157477033
8806,1731880.393876118
8807,1727921.3673457657
8808,1723974.275144224
8809,1720033.2833147172
8810,1716088.6133727124
8811,1712140.2662725004
8812,1708199.5891202912
8813,1704269.270839529
8814,1700335.30191662
8815,1696397.6833521375
8816,1692464.2571129804
8817,1688544.661137845
8818,1684621.4420057784
8819,1680694.6007632995
8820,1676769.2448151947
8821,1672860.4195821807
8822,1668947.9986907511
8823,1665031.9832330416
8824,1661115.5006650323
8825,1657217.4942860818
8826,1653315.9197589713
8827,1649410.7782211262
8828,1645503.9974360438
8829,1641617.409718794
8830,1637727.2818766325
8831,1633833.6150917534
8832,1629936.4105594396
8833,1626060.412185185
8834,1622181.7756416814
8835,1618299.6282241407
8836,1614413.9711722415
8837,1610547.4471382198
8838,1606680.3461446455
8839,1602809.7623447867
8840,1598935.6970223465
8841,1595079.4421160498
8842,1591223.920557287
8843,1587364.9442574757
8844,1583502.5145439673
8845,1579657.306938695
8846,1575813.4083293276
8847,1571966.0830400367
8848,1568115.3324414387
8849,1564281.9339026983
8850,1560449.7013831104
8851,1556614.0702389968
8852,1552775.0418838724
8853,1548954.1979736974
8854,1545133.6743061752
8855,1541309.780062195
8856,1537482.516697801
8857,1533674.9569769688
8858,1529866.1845418264
8859,1526054.0695693586
8860,1522238.714958537
8861,1518445.0517859706
8862,1514648.072577684
8863,1510847.778860664
8864,1507047.162824833
8865,1503265.3065088748
8866,1499480.1621322397
8867,1495691.7312633104
8868,1491906.5369078226
8869,1488136.5286731485
8870,1484363.2603394655
8871,1480586.733516145
8872,1476817.6287326128
8873,1473059.509408209
8874,1469298.1579314652
8875,1465533.5759523413
8876,1461781.213610773
8877,1458035.0236261373
8878,1454285.6294192232
8879,1450533.0326801694
8880,1446798.0508191334
8881,1443063.830200525
8882,1439326.4332714577
8883,1435587.945234958
8884,1431868.8837767374
8885,1428146.672143422
8886,1424421.312091602
8887,1420701.4813158014
8888,1416994.4402199357
8889,1413284.2767804514
8890,1409570.9927929454
8891,1405870.4142923285
8892,1402175.4323756325
8893,1398477.3559240995
8894,1394776.1867719323
8895,1391100.8089548498
8896,1387423.5089409747
8897,1383743.1468268181
8898,1380059.7244819244
8899,1376387.0841350723
8900,1372727.5248186577
8901,1369064.9357741035
8902,1365399.3189057338
8903,1361730.6761303754
8904,1358088.5599383626
8905,1354443.8070817986
8906,1350796.058747116
8907,1347145.3168853044
8908,1343507.6655328528
8909,1339880.8168204608
8910,1336251.004916476
8911,1332618.2318054594
8912,1328985.8645551233
8913,1325376.993277451
8914,1321765.1910378805
8915,1318150.4598539483
8916,1314532.8017555403
8917,1310933.337384263
8918,1307339.6239264521
8919,1303743.0137321989
8920,1300143.5088637217
8921,1296550.8230964404
8922,1292975.2840241885
8923,1289396.880371687
8924,1285815.614232874
8925,1282231.4877139095
8926,1278673.1257787556
8927,1275113.0213752768
8928,1271550.0866244815
8929,1267984.3236635868
8930,1264434.0779451446
8931,1260892.3733890415
8932,1257347.8705795368
8933,1253800.5716842816
8934,1250259.0437844365
8935,1246735.8483798879
8936,1243209.8867750918
8937,1239681.1611675003
8938,1236149.673766577
8939,1232651.549469838
8940,1229151.6622744862
8941,1225649.048898002
8942,1222143.7115742113
8943,1218635.6525488428
8944,1215146.6057063416
8945,1211669.9971025486
8946,1208190.702108597
8947,1204708.7229938142
8948,1201224.0620393178
8949,1197746.0845315356
8950,1194292.7237809063
8951,1190836.7162006078
8952,1187378.0640945935
8953,1183916.7697785164
8954,1180452.8355797573
8955,1177021.6401822055
8956,1173588.8879261832
8957,1170153.530505895
8958,1166715.5702706752
8959,1163275.0095814578
8960,1159858.472626616
8961,1156448.942487723
8962,1153036.8463100942
8963,1149622.1864758634
8964,1146204.965378665
8965,1142804.8773483753
8966,1139418.5350046037
8967,1136029.6655094626
8968,1132638.2712770137
8969,1129244.3547327423
8970,1125862.441937659
8971,1122499.2519551679
8972,1119133.573468309
8973,1115765.408922221
8974,1112394.7607733607
8975,1109032.6867581217
8976,1105692.6125944364
8977,1102350.0883308556
8978,1099005.1164427479
8979,1095657.6994166675
8980,1092317.0663405443
8981,1089000.0703478812
8982,1085680.662415161
8983,1082358.8450471065
8984,1079034.6207595214
8985,1075717.212375094
8986,1072424.199667863
8987,1069128.813613947
8988,1065831.0567458335
8989,1062530.9316070026
8990,1059234.1525686565
8991,1055965.0706788385
8992,1052693.6537657436
8993,1049419.904388763
8994,1046143.8251181698
8995,1042869.2762837711
8996,1039624.0716664218
8997,1036376.5700774207
8998,1033126.7741022094
8999,1029874.6863369712
9000,1026623.9062255454
9001,1023402.5242642516
9002,1020178.8831093884
9003,1016952.9853715722
9004,1013724.8336720438
9005,1010499.2998998642
9006,1007301.6849123762
9007,1004101.8482341294
9008,1000899.7925000407
9009,997695.5203555597
9010,994496.6510461243
9011,991322.746290129
9012,988146.6570692159
9013,984968.3860417556
9014,981787.935876537
9015,978617.091044884
9016,975466.8387239187
9017,972314.4388852593
9018,969159.8942098941
9019,966003.2073890818
9020,962861.6903008282
9021,959735.0315703428
9022,956606.2619891871
9023,953475.3842601024
9024,950342.4010959843
9025,947231.4596015372
9026,944128.3345751179
9027,941023.1350832961
9028,937915.8638497101
9029,934806.5236080531
9030,931727.3514523659
9031,928647.6992081093
9032,925566.0086004388
9033,922482.2823730634
9034,919404.4975016104
9035,916350.2613879421
9036,913294.0199749682
9037,910235.7760158262
9038,907175.5322734714
9039,904131.9530287479
9040,901101.029260596
9041,898068.1357057091
9042,895033.27513575
9043,891996.4503320765
9044,888988.11563076
9045,885980.4405061471
9046,882970.8308206582
9047,879959.2893636697
9048,876956.3073480483
9049,873973.7185776558
9050,870989.2273874081
9051,868002.8365741115
9052,865014.5489440234
9053,862048.9483586423
9054,859089.4431810123
9055,856128.0702158345
9056,853164.8322761187
9057,850207.0597243475
9058,847272.4079912101
9059,844335.9199938988
9060,841397.5985515988
9061,838457.4464927006
9062,835539.0041899397
9063,832627.2682034486
9064,829713.7299896796
9065,826798.3923825339
9066,823890.0678476775
9067,821002.9508460338
9068,818114.0625238529
9069,815223.4057199915
9070,812330.9832822526
9071,809463.7587251676
9072,806599.3868974353
9073,803733.2771890996
9074,800865.4324522616
9075,798010.4385214917
9076,795170.4497386897
9077,792328.7533666721
9078,789485.3522612925
9079,786643.6938478424
9080,783827.9546158861
9081,781010.537777361
9082,778191.4461913354
9083,775370.6827254697
9084,772572.5630726444
9085,769779.2919289517
9086,766984.3757153199
9087,764187.817301988
9088,761404.8956438407
9089,758635.6363282597
9090,755864.7613129991
9091,753092.2734703465
9092,750325.5328524805
9093,747580.1514779741
9094,744833.1834677524
9095,742084.6316956519
9096,739335.016187814
9097,736613.3788547287
9098,733890.1836446377
9099,731165.4334324294
9100,728439.1311010789
9101,725735.8218687484
9102,723036.265250016
9103,720335.1820842248
9104,717632.5752547847
9105,714947.9468053872
9106,712271.8945730214
9107,709594.3439450592
9108,706915.2978048441
9109,704250.1837488158
9110,701597.5017092584
9111,698943.3491230807
9112,696287.7288730589
9113,693642.9274882247
9114,691013.4814669716
9115,688382.5924466936
9116,685750.2633091372
9117,683126.5384067994
9118,680520.1942559597
9119,677912.4343534615
9120,675303.2615795669
9121,672701.3433537573
9122,670117.9669596038
9123,667533.2017621076
9124,664947.0506395639
9125,662367.6364997538
9126,659807.0937902376
9127,657245.1889278226
9128,654681.9247883765
9129,652125.6801759283
9130,649587.8371281564
9131,647048.6582812645
9132,644508.1465082456
9133,641975.7056968628
9134,639460.4283445467
9135,636943.8412514479
9136,634425.9472872398
9137,631917.9141677334
9138,629425.0686086062
9139,626930.9390728299
9140,624435.5284263256
9141,621952.4772759414
9142,619481.9296791231
9143,617010.1235768568
9144,614537.0618308755
9145,612079.5380674249
9146,609631.154680775
9147,607181.5379682303
9148,604730.6907868963
9149,602299.2117079955
9150,599872.8588654343
9151,597445.2975861605
9152,595016.5307222507
9153,592611.5862298983
9154,590207.1303586642
9155,587801.4906508544
9156,585398.2532773588
9157,583016.7232638634
9158,580634.0308917555
9159,578250.178995492
9160,575874.5826678926
9161,573514.6587568957
9162,571153.5965194765
9163,568791.3987839624
9164,566443.8544494538
9165,564105.4036760476
9166,561765.8383238033
9167,559425.1612145298
9168,557106.0551784569
9169,554788.9446984165
9170,552470.7431038894
9171,550155.9799602511
9172,547861.1477907595
9173,545565.2448875955
9174,543268.2740524652
9175,540982.8523487498
9176,538709.0722647957
9177,536434.2443568
9178,534158.3714189422
9179,531902.6064314079
9180,529649.746271698
9181,527395.8609189464
9182,525147.7223734272
9183,522923.8403865618
9184,520698.95602638484
9185,518473.07205638225
9186,516246.19124561554
9187,514035.6172884997
9188,511838.44357455085
9189,509640.29541593185
9190,507441.1755642004
9191,505241.08677635656
9192,503068.7414470807
9193,500898.06648499117
9194,498726.444563876
9195,496553.87842281617
9196,494390.3232787336
9197,492246.86195436405
9198,490102.477996284
9199,487957.17412538145
9200,485810.95306772896
9201,483687.10174377315
9202,481569.69895024516
9203,479451.4001467694
9204,477332.20804083016
9205,475219.15098354727
9206,473128.47584305104
9207,471036.9281960388
9208,468944.51073114784
9209,466851.2261419481
9210,464779.12437059724
9211,462714.0773892751
9212,460648.1836797677
9213,458581.4459164249
9214,456521.9094180739
9215,454483.11617187096
9216,452443.49889709865
9217,450403.0602486368
9218,448361.8028860487
9219,446344.2642042049
9220,444330.67976139707
9221,442316.2962395502
9222,440301.11627840594
9223,438297.69421239494
9224,436309.90288361284
9225,434321.3343897697
9226,432331.99135054817
9227,430343.81346386246
9228,428386.41382445587
9229,426428.26041971194
9230,424469.3558426274
9231,422509.70269051567
9232,420549.3035649785
9233,418620.01630732697
9234,416691.14702295564
9235,414761.55201691185
9236,412831.23386381986
9237,410900.195142459
9238,408998.29093160084
9239,407098.35463334643
9240,405197.7175291457
9241,403296.3821706229
9242,401394.35111344774
9243,399520.949447602
9244,397649.5976754575
9245,395777.5694852255
9246,393904.8674052578
9247,392031.49396782217
9248,390187.6296236184
9249,388344.5165962256
9250,386500.751017793
9251,384656.3353931421
9252,382812.4843779604
9253,380997.8986716245
9254,379182.68129018
9255,377366.8347109794
9256,375550.3614150497
9257,373738.30990697973
9258,371951.2565634133
9259,370163.5944151599
9260,368375.3259156734
9261,366586.4535219439
9262,364806.9974451728
9263,363047.13924023684
9264,361286.69460148615
9265,359525.66595823556
9266,357764.0557432187
9267,356017.919324505
9268,354284.9217187926
9269,352551.3595575089
9270,350817.2352456228
9271,349082.5511914048
9272,347370.38995544583
9273,345663.92109643336
9274,343956.9090743734
9275,342249.3562696918
9276,340543.4134087139
9277,338863.66873451025
9278,337183.3994583172
9279,335502.60793275567
9280,333821.29651352734
9281,332150.85488832154
9282,330496.96285655326
9283,328842.56668925297
9284,327187.66871425987
9285,325532.2712623792
9286,323897.7927416442
9287,322269.4300342861
9288,320640.5831928181
9289,319011.2545201409
9290,317386.0222944545
9291,315783.3351440818
9292,314180.1811276879
9293,312576.56252032996
9294,310972.4815998244
9295,309384.3614847553
9296,307806.5459598941
9297,306228.2826857184
9298,304649.57391217985
9299,303072.5333375511
9300,301519.7059180987
9301,299966.44719913736
9302,298412.75940283155
9303,296858.6447539029
9304,295319.63646248676
9305,293791.0354472926
9306,292262.0213916982
9307,290732.5964926362
9308,289206.26264973043
9309,287701.97638559813
9310,286197.29273954435
9311,284692.2138808042
9312,283186.7419809775
9313,281699.1508262697
9314,280218.458136015
9315,278737.3854920296
9316,277255.9350382329
9317,275782.39365185384
9318,274325.35631305526
9319,272867.95391411975
9320,271410.1885713951
9321,269952.0624033968
9322,268517.7821858375
9323,267083.7178899447
9324,265649.3051574269
9325,264214.54607926816
9326,262795.48892325413
9327,261384.43438783995
9328,259973.04557043492
9329,258561.32453460514
9330,257158.1899499203
9331,255769.82060355745
9332,254381.13078355225
9333,252992.12252617866
9334,251605.56088167866
9335,250239.555895696
9336,248873.24390430714
9337,247506.6269166296
9338,246139.70694362407
9339,244793.2836564788
9340,243449.0320453612
9341,242104.48854515917
9342,240759.65513973645
9343,239430.61311975474
9344,238108.1081324499
9345,236785.3240354188
9346,235462.26278557585
9347,234151.12110795482
9348,232850.05265131444
9349,231548.71754241548
9350,230247.11771137288
9351,228954.3537198104
9352,227674.41533537424
9353,226394.22244013523
9354,225113.77693756623
9355,223839.82796046915
9356,222580.71679581917
9357,221321.3629516239
9358,220061.76830487052
9359,218807.0333157081
9360,217568.45009580156
9361,216329.6357231466
9362,215090.59204840104
9363,213855.43327182057
9364,212637.0822703193
9365,211418.5113440589
9366,210199.7223175421
9367,208984.46678278863
9368,207786.05579335286
9369,206587.4358139343
9370,205388.60864305217
9371,204193.5496861956
9372,203014.78999379635
9373,201835.8319584933
9374,200656.67735300472
9375,199482.07606945874
9376,198322.68242167533
9377,197163.10079582117
9378,196003.3329389853
9379,194849.41958773485
9380,193709.11016607104
9381,192568.62285429644
9382,191427.95937405044
9383,190294.93473499676
9384,189173.43112619495
9385,188051.7594436733
9386,186929.92138380941
9387,185817.95806956946
9388,184714.98523695522
9389,183611.85388067653
9390,182508.5656720385
9391,181417.80939554723
9392,180333.09565038182
9393,179248.23267043318
9394,178163.2221021278
9395,177093.79290131616
9396,176027.06987418127
9397,174960.20664506842
9398,173894.06262762603
9399,172845.19825650324
9400,171796.20086871265
9401,170747.07206069972
9402,169702.7107767133
9403,168671.301668552
9404,167639.76810361265
9405,166608.11165410408
9406,165585.57908677007
9407,164571.36690015782
9408,163557.0385752444
9409,162542.59566020156
9410,161541.91665477128
9411,160544.64624869
9412,159547.2677861887
9413,158551.4409713617
9414,157570.96208331472
9415,156590.3814887821
9416,155609.70068786398
9417,154635.9899353632
9418,153671.94438738297
9419,152707.80477916184
9420,151743.57258742285
9421,150791.94156137508
9422,149844.08386647617
9423,148896.13953481935
9424,147950.3365735448
9425,147018.50518911888
9426,146086.59294308303
9427,145154.60126556203
9428,144231.015414573
9429,143314.88311526037
9430,142398.6769685791
9431,141482.39838195516
9432,140580.9406950668
9433,139680.2713676115
9434,138779.5349975049
9435,137887.1539867544
9436,137008.2285297189
9437,136129.24171768324
9438,135250.19490302098
9439,134371.0894384738
9440,133499.12141972047
9441,132641.4457992766
9442,131783.71692689083
9443,130925.93612352441
9444,130068.10471045713
9445,129216.58098419243
9446,128379.8129983341
9447,127542.99951892426
9448,126706.14183582488
9449,125869.24123917073
9450,125038.12092063877
9451,124221.93245069128
9452,123405.70590910496
9453,122589.44255494962
9454,121773.14364752392
9455,120962.31443453794
9456,120166.3920121708
9457,119370.43861141066
9458,118574.45546082975
9459,117778.44378918568
9460,116987.72196543838
9461,116211.76742972157
9462,115435.788687595
9463,114659.78693741767
9464,113883.76337768609
9465,113112.89289937443
9466,112356.62415969322
9467,111600.33767129859
9468,110844.03460260386
9469,110087.71612212065
9470,109336.36658812562
9471,108599.51851231421
9472,107862.65883771855
9473,107125.7887030562
9474,106388.90924711403
9475,105656.67248906336
9476,104938.997940639
9477,104221.31764161402
9478,103503.63270125599
9479,102785.94422885972
9480,102072.3291708196
9481,101373.60022497881
9482,100674.87108047772
9483,99976.14281734721
9484,99277.41651561111
9485,98581.8418344707
9486,97901.8512099994
9487,97221.86564747704
9488,96541.88619789227
9489,95861.91391219605
9490,95183.69190230033
9491,94522.19148838366
9492,93860.70111092165
9493,93199.22179213149
9494,92537.75455416329
9495,91876.36484535002
9496,91232.886774769
9497,90589.42343965815
9498,89945.97583408158
9499,89302.54495200732
9500,88659.13178729633
9501,88032.48363409047
9502,87406.58994774212
9503,86780.71639727791
9504,86154.8639490927
9505,85529.03356945474
9506,84919.50198055165
9507,84310.73108517843
9508,83701.98447757706
9509,83093.26309717771
9510,82484.56788325866
9511,81892.43904288244
9512,81300.35440640611
9513,80708.29796488049
9514,80116.27063137194
9515,79525.6288540474
9516,78949.77308380726
9517,78373.94829297498
9518,77798.15536903159
9519,77222.39519926503
9520,76649.98277956205
9521,76089.96688580605
9522,75529.98544250507
9523,74970.03931196757
9524,74410.12935628291
9525,73856.05359771421
9526,73311.47101469441
9527,72766.92613544299
9528,72222.4197976637
9529,71677.95283882164
9530,71142.27320148461
9531,70612.72687208425
9532,70083.22129066683
9533,69553.75727089414
9534,69024.33562617286
9535,68507.06736546385
9536,67992.16954723668
9537,67477.31532047765
9538,66962.50547536282
9539,66449.53180462652
9540,65948.85840411752
9541,65448.23047842352
9542,64947.64879506684
9543,64447.114121286046
9544,63952.843328285875
9545,63466.067649201104
9546,62979.33993342878
9547,62492.66092610655
9548,62006.0313720733
9549,61530.35646686254
9550,61057.11775556609
9551,60583.92931840687
9552,60110.79187866811
9553,59640.594426369535
9554,59180.48877905499
9555,58720.4348441401
9556,58260.433323894955
9557,57800.48492026851
9558,57348.9301334299
9559,56901.663456668626
9560,56454.45049050282
9561,56007.2919163939
9562,55561.89235203389
9563,55127.074312658755
9564,54692.31116384712
9565,54257.60356709404
9566,53822.95218355466
9567,53396.102408246654
9568,52973.45877204396
9569,52550.871737638205
9570,52128.34194672408
9571,51708.16106310531
9572,51297.31487396486
9573,50886.52623108766
9574,50475.79575720843
9575,50065.12407470673
9576,49663.28150238004
9577,49263.977135312874
9578,48864.73176278753
9579,48465.54598871045
9580,48070.74336923327
9581,47682.61703208195
9582,47294.55041969134
9583,46906.54411797562
9584,46519.06993973725
9585,46141.823074905034
9586,45764.63657420198
9587,45387.51100601982
9588,45010.44693837915
9589,44640.95894202221
9590,44274.36141933972
9591,43907.825364950084
9592,43541.35132980961
9593,43179.37667064856
9594,42823.084332744416
9595,42466.85391698096
9596,42110.685957700356
9597,41756.78832567288
9598,41412.49322386095
9599,41068.260065919705
9600,40724.0893670729
9601,40379.98164216505
9602,40036.92858264773
9603,39704.30314732222
9604,39371.74009847567
9605,39039.23993245779
9606,38706.80314523695
9607,38374.78154057745
9608,38053.4486164122
9609,37732.17841425856
9610,37410.971412198116
9611,37089.828087927126
9612,36768.97452867167
9613,36458.56843237928
9614,36148.22529302452
9615,35837.945571009404
9616,35527.72972634994
9617,35218.13485567832
9618,34918.3010544809
9619,34618.53035072392
9620,34318.82318770161
9621,34019.18000832564
9622,33720.892579975516
9623,33431.28737805129
9624,33141.74532555313
9625,32852.266849227344
9626,32562.85237543818
9627,32275.883041609995
9628,31996.17327435634
9629,31716.52662563803
9630,31436.943506198248
9631,31157.424326396518
9632,30881.749171254876
9633,30611.611907209146
9634,30341.537653319567
9635,30071.526804852372
9636,29801.57975669174
9637,29537.143590256146
9638,29276.265840525055
9639,29015.45092022057
9640,28754.699209645052
9641,28494.011088721756
9642,28240.730515148054
9643,27988.808950187424
9644,27736.94996647394
9645,27485.153929845826
9646,27234.50872374949
9647,26991.187479283697
9648,26747.928152876884
9649,26504.731096761207
9650,26261.59666279654
9651,26022.15036552108
9652,25787.20688351937
9653,25552.324963807347
9654,25317.504945106815
9655,25082.74716577028
9656,24855.554537568292
9657,24630.219091261362
9658,24404.944390893666
9659,24179.730759972554
9660,23954.578521639836
9661,23731.945498015553
9662,23515.864899480828
9663,23299.84418112566
9664,23083.883651828426
9665,22867.983620108167
9666,22652.144394125382
9667,22443.074615623715
9668,22235.967948997888
9669,22028.92054662676
9670,21821.932702973223
9671,21615.004712146292
9672,21410.771685638538
9673,21212.25200923377
9674,21013.790631993186
9675,20815.38783486754
9676,20617.04389846028
9677,20418.75910302694
9678,20227.62890151659
9679,20037.438896604755
9680,19847.306457297294
9681,19657.231851217966
9682,19467.21534564937
9683,19281.030570839917
9684,19098.809324833088
9685,18916.644597588514
9686,18734.536644257303
9687,18552.485719654993
9688,18371.39122568653
9689,18196.847768863223
9690,18022.359754958063
9691,17847.927427136237
9692,17673.551028236736
9693,17499.23080076964
9694,17330.50451872837
9695,17163.413484160796
9696,16996.377022408018
9697,16829.395364801687
9698,16662.468742351957
9699,16498.7365889752
9700,16338.773695435762
9701,16178.864238853213
9702,16019.008439504421
9703,15859.206517352633
9704,15700.509738957748
9705,15547.416687755887
9706,15394.375917697158
9707,15241.387638439914
9708,15088.452059336802
9709,14935.56938943244
9710,14788.328930708525
9711,14641.90872713548
9712,14495.539830823793
9713,14349.222440934756
9714,14202.956756329457
9715,14060.508608619608
9716,13920.470718787385
9717,13780.482937784029
9718,13640.54545498229
9719,13500.65845946428
9720,13362.96693881078
9721,13229.082657969366
9722,13095.247274658543
9723,12961.460968851641
9724,12827.723920239201
9725,12694.729274109683
9726,12566.779137903854
9727,12438.876676911592
9728,12311.022062080883
9729,12183.21546408372
9730,12055.457053315517
9731,11932.609486118772
9732,11810.429417917727
9733,11688.295955551164
9734,11566.209261031614
9735,11444.169496103284
9736,11325.862727568254
9737,11209.545621667377
9738,11093.273740643088
9739,10977.047237742117
9740,10860.866265951627
9741,10745.085622032006
9742,10634.35610390186
9743,10523.67045095426
9744,10413.028808114688
9745,10302.431320056769
9746,10191.878131202868
9747,10084.091956305932
9748,9978.730059326668
9749,9873.410827208632
9750,9768.13439673604
9751,9662.900904449494
9752,9557.97836907892
9753,9457.690037683074
9754,9357.443049584028
9755,9257.237534078413
9756,9157.073620227533
9757,9056.951436857207
9758,8959.785158673603
9759,8864.371959190623
9760,8768.99892808991
9761,8673.666187336328
9762,8578.373858667399
9763,8484.25084255724
9764,8393.444143115246
9765,8302.676333316214
9766,8211.94752839302
9767,8121.257843358428
9768,8030.607393005716
9769,7943.909252506887
9770,7857.5300493374625
9771,7771.188591906148
9772,7684.884988847913
9773,7598.619348586051
9774,7515.02259016245
9775,7432.825532685294
9776,7350.664988533963
9777,7268.541060295612
9778,7186.4538503526865
9779,7106.047360751778
9780,7027.835670224782
9781,6949.659287632344
9782,6871.51830982667
9783,6793.412833462719
9784,6716.256616468378
9785,6641.842746849962
9786,6567.463007001525
9787,6493.117488338173
9788,6418.806282085181
9789,6344.934927975542
9790,6274.14013741812
9791,6203.378325816717
9792,6132.649579432856
9793,6061.9539843454495
9794,5991.379807862996
9795,5924.033750190623
9796,5856.7195480607625
9797,5789.437282850862
9798,5722.187035762086
9799,5654.968887819812
9800,5590.8432466109525
9801,5526.81434134252
9802,5462.8162723344
9803,5398.849116166311
9804,5334.912949248887
9805,5273.903060034138
9806,5213.004773761755
9807,5152.13625063475
9808,5091.2975628549475
9809,5030.506947747147
9810,4972.563233989335
9811,4914.648169447732
9812,4856.76182233297
9813,4798.904260699651
9814,4741.290030495517
9815,4686.19009870714
9816,4631.1178015468595
9817,4576.073203291833
9818,4521.056368068887
9819,4466.556812943179
9820,4414.16680294632
9821,4361.803439732952
9822,4309.466783855166
9823,4257.156895720664
9824,4205.701350858851
9825,4155.893716610246
9826,4106.111767768569
9827,4056.3555613589997
9828,4006.6251542682135
9829,3958.1355014069136
9830,3910.788718223538
9831,3863.4666852257733
9832,3816.169456100286
9833,3768.8970844009355
9834,3723.289094694397
9835,3678.2873800501256
9836,3633.3095061796466
9837,3588.3555236099087
9838,3543.425482740469
9839,3500.6100151876954
9840,3457.8430624469247
9841,3415.0990665021836
9842,3372.3780748905347
9843,3330.223532026877
9844,3289.564203484445
9845,3248.9269279675755
9846,3208.3117503014278
9847,3167.7187151942203
9848,3128.264512498286
9849,3089.6355879342327
9850,3051.0278847390846
9851,3012.441445057271
9852,2973.876310920879
9853,2937.0198553960395
9854,2900.325954697112
9855,2863.6524677284046
9856,2826.9994340986013
9857,2790.873812285501
9858,2756.004491973761
9859,2721.154764002872
9860,2686.3246656867705
9861,2651.5142342364898
9862,2617.8619282163263
9863,2584.7510070999124
9864,2551.6589196138525
9865,2518.585700800587
9866,2485.6973391975885
9867,2454.244316651476
9868,2422.809358522473
9869,2391.392497800033
9870,2359.9937673795334
9871,2329.438920904795
9872,2299.5840652243146
9873,2269.7465617705075
9874,2239.9264414992563
9875,2210.1407353431464
9876,2181.792630133569
9877,2153.461157232095
9878,2125.1463457589607
9879,2096.8482247485235
9880,2069.24666220539
9881,2042.3513960220623
9882,2015.4720940627878
9883,1988.6087836283352
9884,1961.761491937766
9885,1936.2346866080134
9886,1910.7244337318948
9887,1885.2294972869897
9888,1859.7499028554585
9889,1834.9311196779126
9890,1810.7266387071443
9891,1786.5368221304768
9892,1762.3616939814624
9893,1738.2637957455936
9894,1715.3048444018066
9895,1692.3599277007181
9896,1669.4290682109502
9897,1646.5122884299226
9898,1624.288329445633
9899,1602.5309853174526
9900,1580.7870887950814
9901,1559.0566609934056
9902,1537.5182436629223
9903,1516.947814255522
9904,1496.3902101052515
9905,1475.845450967608
9906,1455.3135565338516
9907,1435.319561159719
9908,1415.8844504732256
9909,1396.4615882132757
9910,1377.0509927982548
9911,1357.6526825854992
9912,1339.1382401432763
9913,1320.7768761220343
9914,1302.427207218327
9915,1284.0892505981728
9916,1266.019992844507
9917,1248.6629266630857
9918,1231.3170089649714
9919,1213.982255798346
9920,1196.6586831563568
9921,1179.991745528037
9922,1163.5954349107653
9923,1147.2097652313887
9924,1130.834751437372
9925,1114.636242221781
9926,1099.1382681378573
9927,1083.650434582567
9928,1068.1727555226146
9929,1052.7052448751215
9930,1037.822488173897
9931,1023.1839664150932
9932,1008.5551200662737
9933,993.9359621275921
9934,979.5502668754592
9935,965.8052936896947
9936,952.0694781387252
9937,938.3428322838929
9938,924.6253681422012
9939,911.1532787265603
9940,898.2570328194276
9941,885.3694642281675
9942,872.4905840981579
9943,859.6204035328874
9944,847.0357234060486
9945,834.9369632713772
9946,822.8464234736938
9947,810.7641143074436
9948,798.6900460276115
9949,786.963825118021
9950,775.6143627208565
9951,764.2726859902751
9952,752.9388044304918
9953,741.6127275085859
9954,730.7138863766135
9955,720.0684091989426
9956,709.4303043313548
9957,698.799580544482
9958,688.176246574012
9959,678.0721206636892
9960,668.0880238848572
9961,658.1109064153385
9962,648.1407763449763
9963,638.2038241487486
9964,628.8344541488094
9965,619.4716824013756
9966,610.1155163956089
9967,600.7659635897173
9968,591.591647508307
9969,582.8063018617318
9970,574.0272000330024
9971,565.254348923642
9972,556.4877554059898
9973,548.0390575487284
9974,539.8023230945516
9975,531.5714956723461
9976,523.3465816387532
9977,515.1275873229658
9978,507.3675688461422
9979,499.64616025704066
9980,491.9303387451821
9981,484.2201101621061
9982,476.6637494057332
9983,469.4671073201305
9984,462.27570947366513
9985,455.0895612398096
9986,447.90866796793244
9987,440.8231972503715
9988,434.1209454791864
9989,427.4236204667503
9990,420.731227123294
9991,414.043770336626
9992,407.4203447183306
9993,401.178929685244
9994,394.9421423510679
9995,388.70998720038756
9996,382.4824686968589
9997,376.2817826226957
9998,370.2440517767575
9999,364.2108358668134
