,0
0,2.0302022762406783e-06
1,2.089922625517793e-06
2,2.151135063375283e-06
3,2.2138734131935857e-06
4,2.278172114302536e-06
5,2.344066243416933e-06
6,2.4115915287689248e-06
7,2.480784358483205e-06
8,2.5516817842989413e-06
9,2.6243215214364672e-06
10,2.698741945200736e-06
11,2.7749820847834156e-06
12,2.8530876326714535e-06
13,2.9331912513574588e-06
14,3.01522658405771e-06
15,3.0992345125315286e-06
16,3.185256515631891e-06
17,3.2733346551363724e-06
18,3.3635115603806037e-06
19,3.4558304119136173e-06
20,3.5503349243793274e-06
21,3.6470693288139236e-06
22,3.746078354542314e-06
23,3.8474072108417546e-06
24,3.9511015685255364e-06
25,4.057207541597141e-06
26,4.16673221842801e-06
27,4.278220090574377e-06
28,4.392438984521215e-06
29,4.509752003769985e-06
30,4.6291636172008e-06
31,4.751386356396705e-06
32,4.876970117029562e-06
33,5.004795983876051e-06
34,5.1354604222862844e-06
35,5.269822000666855e-06
36,5.406681176417066e-06
37,5.546514285251863e-06
38,5.690286686488948e-06
39,5.836330902044017e-06
40,5.986131082599147e-06
41,6.1394894637914005e-06
42,6.295246065258515e-06
43,6.455569401264178e-06
44,6.61906372036918e-06
45,6.785121665906908e-06
46,6.956523018212073e-06
47,7.130905446075526e-06
48,7.308516027131004e-06
49,7.4913454875875945e-06
50,7.676715875648214e-06
51,7.866934920389948e-06
52,8.061469572147819e-06
53,8.258804288132007e-06
54,8.46249608963764e-06
55,8.668526908246893e-06
56,8.880355447480593e-06
57,9.09604700776072e-06
58,9.315622803156545e-06
59,9.54134091212387e-06
60,9.769673897306023e-06
61,1.0005009844611784e-05
62,1.0243912316524532e-05
63,1.0487671118025695e-05
64,1.0737536283833053e-05
65,1.0990318022272533e-05
66,1.1251190798140609e-05
67,1.1515519710121891e-05
68,1.178553797387512e-05
69,1.2061825618071626e-05
70,1.234137894087533e-05
71,1.2629908186660472e-05
72,1.2922063658781786e-05
73,1.322045524181715e-05
74,1.3525663923098883e-05
75,1.3834577090500217e-05
76,1.4152894319080938e-05
77,1.4475554408058627e-05
78,1.480448527184704e-05
79,1.5141373639876468e-05
80,1.5482451488026797e-05
81,1.5832792980366907e-05
82,1.6188925512226656e-05
83,1.6550834335150568e-05
84,1.6922497571093728e-05
85,1.7298546511384104e-05
86,1.76839837658501e-05
87,1.8076253142566172e-05
88,1.847423356779068e-05
89,1.888327710035748e-05
90,1.9297228426489673e-05
91,1.9720500693710428e-05
92,2.0152072315976977e-05
93,2.0588833097539827e-05
94,2.103860799827798e-05
95,2.1493871214179306e-05
96,2.1957771588366276e-05
97,2.2432150930516862e-05
98,2.2912324031229298e-05
99,2.3404643422431892e-05
100,2.390487605235666e-05
101,2.441234075367087e-05
102,2.4933285787176286e-05
103,2.546068572441365e-05
104,2.5998581749835693e-05
105,2.654770164014847e-05
106,2.710364283827916e-05
107,2.767334770814052e-05
108,2.8252057223442866e-05
109,2.883871199229449e-05
110,2.9440909815418716e-05
111,3.0050686873662303e-05
112,3.0671327464277426e-05
113,3.13057101560498e-05
114,3.1948097881482846e-05
115,3.2604212009946174e-05
116,3.3272366603396236e-05
117,3.39489754024446e-05
118,3.464209573029139e-05
119,3.534567776345535e-05
120,3.6058516584234854e-05
121,3.6789892347157514e-05
122,3.753062797244861e-05
123,3.828289263833669e-05
124,3.905270423511299e-05
125,3.983239235003121e-05
126,4.0625732831147746e-05
127,4.143582750988633e-05
128,4.225634190981505e-05
129,4.3092455995262186e-05
130,4.394832162197649e-05
131,4.481203669349812e-05
132,4.569882827892445e-05
133,4.659083851146117e-05
134,4.750955714275331e-05
135,4.843317972211871e-05
136,4.938224157381549e-05
137,5.033919389209038e-05
138,5.131865361147632e-05
139,5.231000452406589e-05
140,5.3320604552304374e-05
141,5.434745003955532e-05
142,5.5389945528684565e-05
143,5.6453409140856573e-05
144,5.7528568089342686e-05
145,5.862980139376505e-05
146,5.9738404782656995e-05
147,6.0878587813413953e-05
148,6.202617253009301e-05
149,6.320349569634962e-05
150,6.439061506048818e-05
151,6.560528917818271e-05
152,6.683320518004162e-05
153,6.808610624782019e-05
154,6.935611222467269e-05
155,7.064813025805966e-05
156,7.196155135985165e-05
157,7.329359053828909e-05
158,7.465178419529083e-05
159,7.602476301001471e-05
160,7.742911940324473e-05
161,7.884397080629327e-05
162,8.02959133409859e-05
163,8.1755754192899e-05
164,8.325457067765751e-05
165,8.476404745107012e-05
166,8.630754502576581e-05
167,8.786817034570951e-05
168,8.945733957740043e-05
169,9.107066109129631e-05
170,9.270650774531208e-05
171,9.437410861228516e-05
172,9.605765380890107e-05
173,9.778115319265372e-05
174,9.951554976609254e-05
175,0.00010129448713054488
176,0.00010308715174826624
177,0.0001049168553979994
178,0.00010677136708202713
179,0.00010865720732912621
180,0.00011057030090315165
181,0.00011251357596421523
182,0.0001144870105284694
183,0.0001164890398185709
184,0.00011852574126358034
185,0.00012058985008885605
186,0.0001226886932617405
187,0.00012481633113491783
188,0.0001269791720696366
189,0.0001291718123967966
190,0.00013140055414788917
191,0.0001336596945054526
192,0.0001359562879288789
193,0.00013828345034321742
194,0.00014064989488161037
195,0.00014304662611294136
196,0.0001454849705861558
197,0.0001479528424174129
198,0.0001504651858186355
199,0.00015300579534961573
200,0.00015559428764748222
201,0.00015820925759512107
202,0.00016087610054200832
203,0.00016356707954680877
204,0.00016631452749339551
205,0.00016908319043249943
206,0.0001719135511490422
207,0.0001747615994566318
208,0.00017767723496133522
209,0.00018060639695685488
210,0.00018360972435166857
211,0.00018662400415264641
212,0.00018971524789081096
213,0.00019282043898221125
214,0.00019599690816620303
215,0.0001991963046383644
216,0.00020245873435195845
217,0.00020575558665393082
218,0.0002091047605468272
219,0.0002125022569500729
220,0.0002159390030282122
221,0.00021944028625988418
222,0.00022296547413113647
223,0.0002265736547490863
224,0.00023020803196301462
225,0.00023390636120783315
226,0.00023765297928523684
227,0.00024144243106330782
228,0.00024530433043964354
229,0.0002491983436338242
230,0.00025316614918830487
231,0.00025718062217436886
232,0.00026124254525074675
233,0.000265380518412289
234,0.0002695561352067815
235,0.00027380221439731324
236,0.000278106467009885
237,0.00028245162550513805
238,0.00028688592716132077
239,0.0002913648580175707
240,0.00029589885238911774
241,0.0003005146839577772
242,0.00030517662942153523
243,0.0003099055475109707
244,0.00031470961535370683
245,0.00031956290670134504
246,0.0003244913813290694
247,0.0003294920837858802
248,0.0003345513994828351
249,0.0003397147444201241
250,0.0003449121206722773
251,0.00035021602613317677
252,0.0003555590163015571
253,0.0003610247121100525
254,0.0003665000261917138
255,0.00037212143427256425
256,0.0003777626055832439
257,0.0003835131920339883
258,0.00038932406814066447
259,0.00039520713687251296
260,0.00040119163160664076
261,0.00040721057490916327
262,0.00041337266922448113
263,0.00041954560730211556
264,0.000425879666929976
265,0.00043224003648837804
266,0.0004387123893466035
267,0.0004452643611570642
268,0.00045187879718167783
269,0.0004586266044581023
270,0.0004653870252501738
271,0.0004723349642215291
272,0.00047929512984744966
273,0.0004863978154494715
274,0.0004935628324405837
275,0.000500823712818792
276,0.0005081980129374165
277,0.0005156213931947644
278,0.0005232094730567188
279,0.0005308109060628886
280,0.0005386061998133492
281,0.0005464263588424674
282,0.0005543973680582176
283,0.0005624408893293298
284,0.0005705923430296506
285,0.0005788639294918675
286,0.0005872006829161959
287,0.0005957051048436999
288,0.0006042321414309945
289,0.0006129742370217274
290,0.0006217317165389479
291,0.0006306813463757594
292,0.000639681833161944
293,0.0006488366545696865
294,0.0006580851332379574
295,0.0006674505871942496
296,0.000676952112223308
297,0.0006865337763914864
298,0.0006962934727406594
299,0.0007060970634906809
300,0.0007161201272189951
301,0.0007261608290608977
302,0.0007364432005453547
303,0.0007467530102796034
304,0.0007572740327282856
305,0.0007678582998836154
306,0.0007786241815730821
307,0.0007894883287873375
308,0.0008005054253690015
309,0.0008116549490254266
310,0.0008229297655884298
311,0.0008343702364559221
312,0.0008459094295978975
313,0.0008576464934755319
314,0.0008694568733812885
315,0.0008814962517470983
316,0.000893584784275237
317,0.0009059322749391302
318,0.0009183060837165474
319,0.000930967561477694
320,0.0009436513203085456
321,0.0009566479345885043
322,0.0009696870414366606
323,0.0009829412656807246
324,0.0009963430736648444
325,0.0010098614569011217
326,0.0010236334220721408
327,0.0010374296224960303
328,0.0010515723795816911
329,0.0010657469617308623
330,0.0010801745308771451
331,0.0010947351727370323
332,0.0011094547563304928
333,0.0011244092415711674
334,0.0011394282359423337
335,0.001154784454773623
336,0.0011701676967523532
337,0.0011858764033246413
338,0.0012016700975278445
339,0.001217722945343953
340,0.0012339732709979523
341,0.001250290968822175
342,0.001267010907412469
343,0.0012837602689596535
344,0.0013007927805640542
345,0.0013180229494794884
346,0.001335334841037081
347,0.0013530563574696657
348,0.0013708090593883887
349,0.0013888769481852886
350,0.0014071325961883985
351,0.0014255015136420718
352,0.0014442710197463278
353,0.0014630735555393034
354,0.0014822416440878163
355,0.0015015700548501056
356,0.0015210621313934856
357,0.0015409277141809838
358,0.0015608282554810265
359,0.0015811647356971385
360,0.0016016148991907853
361,0.0016222996813859561
362,0.001643311163162041
363,0.001664359619949421
364,0.0016859361680531984
365,0.0017075588425049357
366,0.001729509406320168
367,0.0017517184084458006
368,0.0017740592703629843
369,0.0017969195610204678
370,0.0018198200801355226
371,0.0018430688389557534
372,0.0018666376556616495
373,0.001890247947655679
374,0.0019144548751917425
375,0.0019387719295501699
376,0.001963241535564971
377,0.0019882814744780126
378,0.0020133654774903403
379,0.0020387953800982397
380,0.002064619630112882
381,0.0020904893244203153
382,0.002116914278628802
383,0.002143541538497707
384,0.002170270934391065
385,0.002197672000161589
386,0.002225121285030541
387,0.002252902982354458
388,0.0022811439301677777
389,0.0023094345750641326
390,0.00233830663843281
391,0.0023674070921811184
392,0.0023966330141533495
393,0.0024265602595465517
394,0.0024565401694893445
395,0.002486918479342844
396,0.0025177438805911263
397,0.0025486235269210874
398,0.002580195101680678
399,0.002611939236292302
400,0.0026439196334141404
401,0.0026765460011172
402,0.0027092297831573377
403,0.0027424704563686507
404,0.00277605603778762
405,0.0028097398448393225
406,0.0028442454787932507
407,0.002878811834127906
408,0.002913826207008721
409,0.0029493327606723023
410,0.002984901797087649
411,0.0030212924729613668
412,0.003057822165089934
413,0.003094720581529013
414,0.003132229977440388
415,0.003169805380610346
416,0.0032081557394845056
417,0.0032467318993706067
418,0.003285630615394987
419,0.003325227109883061
420,0.0033648932844068218
421,0.003405374323833234
422,0.0034461491101979475
423,0.003487078680684022
424,0.0035290189096569566
425,0.0035710329430583684
426,0.003613448208960447
427,0.003656653677893392
428,0.0036999351777640783
429,0.003743889651402384
430,0.003788388978516531
431,0.00383296661343867
432,0.0038785152161872473
433,0.003924337472704369
434,0.003970347601600443
435,0.0040174394464014265
436,0.00406461416120006
437,0.004112307382608496
438,0.004160779248424114
439,0.004209336412732883
440,0.004258771628777319
441,0.004308653920412652
442,0.004358628152499574
443,0.004409861587610352
444,0.004461185180892921
445,0.004512997449421062
446,0.0045657009508752
447,0.004618497197454118
448,0.004672262985514658
449,0.004726546161608117
450,0.004780924862662822
451,0.004836546245745219
452,0.004892445046418023
453,0.004948534369665826
454,0.005005984235295364
455,0.005063535198476144
456,0.0051215806743311635
457,0.005180716867639897
458,0.005239957126019281
459,0.005300026814974976
460,0.005360887003920971
461,0.005421854291743315
462,0.005484018032610796
463,0.005546640492496694
464,0.0056093921384704785
465,0.005673702588379112
466,0.005738126208769585
467,0.005803083915800331
468,0.005869231803591969
469,0.005935496095301402
470,0.006002734705780034
471,0.006070760100066108
472,0.006138905202216769
473,0.0062085268605290645
474,0.006278500227547572
475,0.006348775426505309
476,0.0064206117429543895
477,0.006492574473547972
478,0.00656528972309774
479,0.006639153839039339
480,0.006713147937550694
481,0.006788386365678999
482,0.006864320830219862
483,0.006940388920631634
484,0.007018235641964665
485,0.007096283628926574
486,0.007174946679542952
487,0.007255011100103301
488,0.007335216414235055
489,0.007416627262516695
490,0.007498889584423778
491,0.007581296667664667
492,0.007665546041837149
493,0.0077500512713344705
494,0.007835244588551823
495,0.007921885913315935
496,0.008008679705375117
497,0.008096861074845842
498,0.00818583317069622
499,0.008275038500305148
500,0.008366227785843804
501,0.008457577541962897
502,0.008549965282976697
503,0.008643663963127933
504,0.00873752752977302
505,0.008833047309899795
506,0.008929307707804235
507,0.00902578988326933
508,0.00912449140676593
509,0.009223366620522451
510,0.009323142833594799
511,0.009424508365859672
512,0.009526052276380523
513,0.009629228874877266
514,0.009733312991473366
515,0.009837595711406275
516,0.009944266071689214
517,0.010051124145412435
518,0.010158981059983413
519,0.010268476583836797
520,0.01037816479271903
521,0.010489709133584126
522,0.010602086712234391
523,0.010714894829146367
524,0.010830009600318102
525,0.010945326945003109
526,0.01106200854397547
527,0.011180116353628198
528,0.011298432003801014
529,0.011419107439006062
530,0.011540267558780893
531,0.011662378914567407
532,0.011786433154697946
533,0.011910705699594303
534,0.012037009631177127
535,0.012164231688623028
536,0.01229207941551728
537,0.012422301849432387
538,0.012552753442607511
539,0.012685000783309893
540,0.01281850955551819
541,0.012952414718966956
542,0.013089032765654637
543,0.013225891226297639
544,0.013364411523637024
545,0.013504437494862284
546,0.013644742698938053
547,0.013788695923874352
548,0.013932902470863942
549,0.014077362785690831
550,0.014225100101596215
551,0.01437358352942436
552,0.014522328251341343
553,0.014673941633249032
554,0.014826799918288626
555,0.014979927196082723
556,0.015135545142224953
557,0.015292877954963641
558,0.015450487634517894
559,0.015610242413680408
560,0.0157721511412613
561,0.015934344788135046
562,0.016098372510044718
563,0.01626496027903317
564,0.016431841201268976
565,0.016600281887849188
566,0.01677165358722508
567,0.016943326858381454
568,0.017116324515887068
569,0.017292586820259356
570,0.01746915930266616
571,0.017646861994708246
572,0.017828123387749105
573,0.018009703755982896
574,0.018192263677451616
575,0.018378634475547873
576,0.018565333240124913
577,0.018752906792017916
578,0.018944499168139235
579,0.019136428699425945
580,0.019329204451464903
581,0.019526383273814313
582,0.019723909082091283
583,0.01992178248690509
584,0.02012436488708564
585,0.020327611419915778
586,0.020531215616341532
587,0.020738855689759597
588,0.02094794943342243
589,0.021157411130324252
590,0.021370276235326134
591,0.02158534574045172
592,0.02180079371467685
593,0.022019080328162903
594,0.02224030570850296
595,0.022461920390758762
596,0.022685667993529893
597,0.022913179103231315
598,0.02314109057617576
599,0.023370490489470177
600,0.023604419025287825
601,0.023838759217429516
602,0.024074008304880663
603,0.024314487822449996
604,0.024555390524449078
605,0.024796717155577644
606,0.025043857192073065
607,0.02529145807314138
608,0.025539494670475664
609,0.025793008283559755
610,0.026047444907994915
611,0.02630232927791175
612,0.026562431800908313
613,0.026823843644762087
614,0.027085715508756412
615,0.0273526281053492
616,0.027621156573233052
617,0.02789015758475346
618,0.02816410731808468
619,0.028439895760113257
620,0.02871616952153514
621,0.02899738942313951
622,0.029280583152012277
623,0.029564275231749333
624,0.029853004370334304
625,0.030143750678558935
626,0.030435008628317217
627,0.030731492178395492
628,0.03102994035565204
629,0.031328913727824335
630,0.0316334030382091
631,0.031939704388857716
632,0.032246544754062446
633,0.03255929741623245
634,0.03287360527696498
635,0.03318846624172842
636,0.03350974615807282
637,0.033832215915709896
638,0.03415525314029516
639,0.034485330592245504
640,0.03481611970168107
641,0.03514797061075284
642,0.035486642634121095
643,0.03582591063641269
644,0.0361669875068814
645,0.036514284890072427
646,0.03686219343068386
647,0.037212784538247785
648,0.0375688707618363
649,0.037925583609027494
650,0.0382859838689551
651,0.03865102455109417
652,0.03901670761446521
653,0.03938721864920512
654,0.039761381564288115
655,0.040136202913473515
656,0.040517133120202053
657,0.04090058821767985
658,0.04128471810119957
659,0.041676813789628314
660,0.0420702005878694
661,0.04246427964948571
662,0.04286660848200473
663,0.0432701158749508
664,0.04367433334101199
665,0.044087221502939
666,0.04450104082087508
667,0.04491579011938561
668,0.04533936975464942
669,0.04576369478520335
670,0.04618952003924107
671,0.04662378285327699
672,0.047058809862351295
673,0.047496058836978404
674,0.047941203245900774
675,0.04838713099877311
676,0.0488361593916168
677,0.049292386327760444
678,0.04974941611035661
679,0.05021106539262683
680,0.050679848545099666
681,0.051149456639855574
682,0.05162089637315034
683,0.05210248806510736
684,0.05258492723920403
685,0.05306821538679859
686,0.05356115514070237
687,0.05405668158040794
688,0.054553080023956854
689,0.055056716928854325
690,0.055565590271806596
691,0.056075359105845685
692,0.05659036851235662
693,0.05711369351056973
694,0.05763793943120284
695,0.058163107894850956
696,0.05870022168722464
697,0.05923924129513913
698,0.059779209444098286
699,0.06032611797254947
700,0.06088021181743299
701,0.06143528073028396
702,0.061992345391969794
703,0.06256181800545708
704,0.06313229274973459
705,0.06370377138830385
706,0.06428504696118323
707,0.06487123662618838
708,0.06545845783985241
709,0.06605090608763894
710,0.06665312381752514
711,0.0672564013014936
712,0.06786074040444823
713,0.06847898632229067
714,0.06909863786719264
715,0.06971937984537144
716,0.07035035694862452
717,0.07098744811235948
718,0.07162566039877961
719,0.07226723965265734
720,0.07292211662016751
721,0.07357814600897086
722,0.07423532984704286
723,0.07490376561681834
724,0.07557796331334264
725,0.0762533474308555
726,0.07693354021585469
727,0.07762626187451489
728,0.07832020255174761
729,0.0790153643927225
730,0.07972421438807818
731,0.08043707240011735
732,0.0811511848657209
733,0.08187301689050015
734,0.08260515754551172
735,0.08333858658676117
736,0.08407389551542858
737,0.08482586603038146
738,0.08557915982721247
739,0.08633377923456872
740,0.08710013516093613
741,0.08787367958690641
742,0.08864858525949153
743,0.08942923637942116
744,0.09022342223068033
745,0.09101900565234781
746,0.09181598910380051
747,0.09262968915815645
748,0.09344634678548472
749,0.09426444152797761
750,0.09509380704319469
751,0.0959319403472344
752,0.09677154855830815
753,0.0976171280734865
754,0.09847714358189283
755,0.09933867250458989
756,0.1002017175048111
757,0.10108333952997514
758,0.1019672015154272
759,0.10285261887905904
760,0.10375291243945502
761,0.10466095312899189
762,0.10557059174523595
763,0.10648524181592384
764,0.1074179565519837
765,0.10835231263495745
766,0.10928831295320826
767,0.11023967717329715
768,0.11119925457003235
769,0.11216052058530608
770,0.11312761031408033
771,0.11411292061642758
772,0.1150999648208495
773,0.11608874597858311
774,0.11709484429079071
775,0.11810818704817135
776,0.11912331303779883
777,0.12014658997349975
778,0.12118675963449398
779,0.12222875973643647
780,0.1232725935004483
781,0.12433728634774757
782,0.12540669796065923
783,0.1264779914731056
784,0.12756140278540554
785,0.128658771545527
786,0.1297580714028323
787,0.13086077681054156
788,0.13198665671309043
789,0.13311451788536724
790,0.13424436381391427
791,0.1353927536027183
792,0.1365507484462816
793,0.13771078107390766
794,0.13887723358440499
795,0.14006593579834806
796,0.14125672983371365
797,0.14244961937158787
798,0.14366191577424145
799,0.14488405294227727
800,0.14610834076896542
801,0.1473405606418494
802,0.14859462973885906
803,0.14985090568680073
804,0.1511093923691833
805,0.1523903763756591
806,0.1536792374162713
807,0.15497036653301
808,0.15627324613978028
809,0.15759529643907486
810,0.15891967321936318
811,0.160246380574674
812,0.16160108074943932
813,0.1629593176859393
814,0.164319944782942
815,0.16569906039738988
816,0.16709253419571035
817,0.16848846016267505
818,0.16989026064802604
819,0.1713196175580611
820,0.17275148978212052
821,0.17418588174653155
822,0.17564271196295578
823,0.17711118566082906
824,0.17858224350857366
825,0.1800640015251405
826,0.1815697398130756
827,0.18307812782732066
828,0.18458917023073612
829,0.18612938459368428
830,0.1876757750413253
831,0.1892248867529965
832,0.19079239304564777
833,0.19237746624826685
834,0.19396532878697403
835,0.19556107924956828
836,0.19718552365506886
837,0.1988128266802115
838,0.20044299335545687
839,0.2021023109299071
840,0.2037697523139735
841,0.20544012798170103
842,0.20713023355617452
843,0.2088385194579117
844,0.21054981151953334
845,0.21227173918844422
846,0.21402158412675154
847,0.21577450835854134
848,0.2175305173026052
849,0.2193214449390559
850,0.22111672556690465
851,0.2229151654437803
852,0.2247439807629008
853,0.22658704678379804
854,0.22843335614416468
855,0.23028419957332552
856,0.23217593467865988
857,0.23407099876898307
858,0.23596939770248093
859,0.23788613879316226
860,0.23983085370204632
861,0.24177899082723228
862,0.2437305561909708
863,0.24571573488481624
864,0.2477145188533437
865,0.2497168201863068
866,0.2517285102459833
867,0.2537788608207736
868,0.25583281950443854
869,0.2578903926463517
870,0.25997525785302694
871,0.2620823557835908
872,0.2641931616842985
873,0.2663076820802555
874,0.2684669805991223
875,0.2706320142982289
876,0.2728008579200602
877,0.2749897019420879
878,0.27720997159139726
879,0.2794341483650039
880,0.28166223913847427
881,0.2839301130362306
882,0.2862106461960257
883,0.2884951925289468
884,0.2907955770423919
885,0.29313350330846305
886,0.29547554374529034
887,0.2978217055927917
888,0.3002059312916792
889,0.3026065180680227
890,0.3050113292820745
891,0.30743120201667823
892,0.3098914012454923
893,0.3123559298151439
894,0.314824795344196
895,0.31733354009456105
896,0.3198588681017261
897,0.3223886400602193
898,0.32493634311045444
899,0.3275235669257219
900,0.33011534361358424
901,0.3327116811859655
902,0.33535351156964155
903,0.33800840580164365
904,0.3406679719893833
905,0.34335225044949585
906,0.3460713897612763
907,0.34879531408419717
908,0.3515240318386861
909,0.35430792261997013
910,0.35709734955621186
911,0.359891685192371
912,0.3627216961587057
913,0.3655777853615822
914,0.3684389005734259
915,0.3713164674872897
916,0.3742403940075924
917,0.37716946591370987
918,0.38010369226023966
919,0.3830890142466824
920,0.38608723561855823
921,0.38909073311674924
922,0.392127551784387
923,0.39519613128050807
924,0.3982701107157847
925,0.4013599800018775
926,0.4045001424077712
927,0.4076458307209789
928,0.4107970546657227
929,0.41400332716817895
930,0.4172219677021733
931,0.42044627224550873
932,0.4237098131493215
933,0.4270026659018422
934,0.4303013132587937
935,0.4336237981356119
936,0.43699214001862163
937,0.44036640934819693
938,0.44374955090304286
939,0.4471946760086985
940,0.4506458636803366
941,0.4541031245865641
942,0.4576146319058532
943,0.46114405177269613
944,0.4646796825433768
945,0.4682564386609339
946,0.4718654223401082
947,0.4754807569356824
948,0.4791246010015773
949,0.4828144981616819
950,0.48651088862583114
951,0.4902236983130272
952,0.49399587696899877
953,0.4977746937240238
954,0.5015601602595054
955,0.5054142323564029
956,0.5092768645062052
957,0.5131462939307534
958,0.5170743147142878
959,0.5210221703551303
960,0.5249769732429098
961,0.5289809521862221
962,0.5330154587254654
963,0.5370570649957171
964,0.5411438500275859
965,0.5452760837061781
966,0.549415589091287
967,0.5535623789793046
968,0.5577880266607848
969,0.5620270919384868
970,0.5662736169197963
971,0.5705566852155595
972,0.5748969890569896
973,0.5792449307567679
974,0.5836005237556235
975,0.5880307928775058
976,0.5924818509847638
977,0.5969407418503787
978,0.6014341133922294
979,0.6059900057963005
980,0.6105539154410644
981,0.61512585643487
982,0.6197751217316879
983,0.6244457894378875
984,0.629124676360811
985,0.633843024329144
986,0.638622207887561
987,0.6434098016236619
988,0.6482058203372637
989,0.6530891146250136
990,0.6579871947394621
991,0.6628938942600074
992,0.6678525539257182
993,0.6728629188060766
994,0.6778821006858383
995,0.6829186711588153
996,0.6880431381575633
997,0.6931766229471141
998,0.6983191413965302
999,0.7035341190195231
1000,0.7087837464117823
1001,0.7140426118460504
1002,0.7193422301655382
1003,0.7247098591411175
1004,0.7300869338121895
1005,0.7354739435748913
1006,0.7409614525487158
1007,0.7464586181770617
1008,0.7519654574532333
1009,0.7575451220609111
1010,0.7631642799836909
1011,0.7687933262304406
1012,0.7744675677787283
1013,0.7802106390992662
1014,0.7859638168005794
1015,0.7917355951415238
1016,0.7976045208800875
1017,0.8034837744719461
1018,0.8093733740915474
1019,0.8153528568383464
1020,0.821360150861079
1021,0.827378016230913
1022,0.8334626853108519
1023,0.8396000045628049
1024,0.8457481239739667
1025,0.8519411521298306
1026,0.8582105018223526
1027,0.8644908840148635
1028,0.8707955112959364
1029,0.8771989172096983
1030,0.8836135915291019
1031,0.8900395540837301
1032,0.8965726342962348
1033,0.9031236508515121
1034,0.9096861955704826
1035,0.9163419686999952
1036,0.923035112444801
1037,0.9297400344618462
1038,0.9365101666691468
1039,0.9433476285103382
1040,0.9501971225877687
1041,0.9570850853810895
1042,0.9640690785823359
1043,0.9710653618786114
1044,0.9780747007679642
1045,0.9852074611216223
1046,0.992352773363541
1047,0.9995106595819119
1048,1.0067708942459506
1049,1.0140674979011899
1050,1.021376941768183
1051,1.0287676164616124
1052,1.036217796912643
1053,1.0436810878324296
1054,1.0512066358832508
1055,1.0588142598990429
1056,1.0664352714451477
1057,1.0740952240830164
1058,1.0818626446204054
1059,1.0896437338902771
1060,1.097442058307798
1061,1.1053716520052959
1062,1.113315199819742
1063,1.1212727263069013
1064,1.1293501074343895
1065,1.1374585185282313
1066,1.1455811984131916
1067,1.153806961497553
1068,1.162082664711524
1069,1.17037293110917
1070,1.1787512907556699
1071,1.1871967392299434
1072,1.1956570495973677
1073,1.2041922985079183
1074,1.2128099698772843
1075,1.2214428062092915
1076,1.2301393155645834
1077,1.2389317121552783
1078,1.2477395811815797
1079,1.256601801025536
1080,1.2655714500538289
1081,1.2745568834379644
1082,1.2835893430646232
1083,1.2927387968370643
1084,1.3019043513770043
1085,1.3111116597198775
1086,1.3204434958353017
1087,1.3297917536658173
1088,1.3391785996898218
1089,1.3486954212431133
1090,1.3582289900398794
1091,1.3678001431359434
1092,1.3775045789235048
1093,1.3872260921089574
1094,1.3969864024913083
1095,1.4068811072183776
1096,1.416793224169369
1097,1.4267476232756926
1098,1.4368352777653626
1099,1.4469406840225718
1100,1.4570941849169872
1101,1.4673774963211168
1102,1.4776789038003066
1103,1.4880366015793791
1104,1.4985183035912393
1105,1.509018450796306
1106,1.5195855229980375
1107,1.5302683760668523
1108,1.5409700283047167
1109,1.5517687992141893
1110,1.5626966855843523
1111,1.5736438023212662
1112,1.5846101832655721
1113,1.5957336796640198
1114,1.6069319521862262
1115,1.618149930887573
1116,1.6293880717569764
1117,1.6408434637991567
1118,1.6523190144869075
1119,1.6638147592944152
1120,1.6753869357625744
1121,1.6871263323904557
1122,1.698886387441347
1123,1.71066713726892
1124,1.7225803092029592
1125,1.734611289957121
1126,1.7466634422498375
1127,1.7587368033377317
1128,1.7709966030656277
1129,1.7833258073020442
1130,1.795676707876174
1131,1.8080528849750441
1132,1.8206635142632785
1133,1.833296335127336
1134,1.845951386618852
1135,1.858690490367043
1136,1.8716096556830626
1137,1.8845515555215686
1138,1.8975162298896442
1139,1.9106308824325104
1140,1.9238641063330362
1141,1.9371206174210343
1142,1.9504004566761386
1143,1.9639035395778701
1144,1.977456415158
1145,1.9910331404330384
1146,2.0046846008913684
1147,2.0185384132565507
1148,2.0324166048905297
1149,2.0463192186947365
1150,2.060381648574545
1151,2.074565931849191
1152,2.0887751759392126
1153,2.1030094247694153
1154,2.1174964514157373
1155,2.1320170045821043
1156,2.1465631103151868
1157,2.1612237432698356
1158,2.176060330023673
1159,2.1909230254847287
1160,2.2058118755978016
1161,2.220921028865094
1162,2.2361050930354827
1163,2.2513158773868747
1164,2.2666152301922744
1165,2.282125488568425
1166,2.2976630411462304
1167,2.313227935956668
1168,2.3290006418227973
1169,2.3448698435749558
1170,2.36076697117978
1171,2.376747237978662
1172,2.3929530171794897
1173,2.4091873145255565
1174,2.425450180201664
1175,2.4419295515880135
1176,2.458506003402644
1177,2.475111625654051
1178,2.4918166948733815
1179,2.5087403340388112
1180,2.5256937546043643
1181,2.5426770089778543
1182,2.559907862816594
1183,2.5772141720536226
1184,2.594550936094837
1185,2.6120264076182993
1186,2.6296907448851563
1187,2.6473861669964274
1188,2.6651140491807643
1189,2.6831416032230857
1190,2.701200881280958
1191,2.7192919391807093
1192,2.737601422451505
1193,2.7560559585803497
1194,2.774542970106919
1195,2.7930625141797907
1196,2.8119011681715302
1197,2.830790075785891
1198,2.84971222318365
1199,2.8687561980125937
1200,2.888053000441926
1201,2.9073837604480097
1202,2.9267485377876854
1203,2.94635180496923
1204,2.96609724365276
1205,2.9858774294011385
1206,3.005706868362396
1207,3.0258731089975184
1208,3.0460748372041873
1209,3.0663121154316473
1210,3.0867321126410343
1211,3.1073615750842163
1212,3.12802734025397
1213,3.148729472034013
1214,3.169758778760878
1215,3.190859291804327
1216,3.2119969365060927
1217,3.233287907244189
1218,3.2548294877803126
1219,3.276408976143721
1220,3.2980264390427187
1221,3.3199597710699758
1222,3.341987493060364
1223,3.364053978365915
1224,3.386272311230007
1225,3.408754716476198
1226,3.4312766851668712
1227,3.4538382869237814
1228,3.476733204208606
1229,3.4997171774737525
1230,3.522741596818148
1231,3.5459458441717002
1232,3.5693984038573365
1233,3.592892234217632
1234,3.6164274078786454
1235,3.640343644943414
1236,3.664313540961561
1237,3.6883256180374286
1238,3.712576514934899
1239,3.7370291929200565
1240,3.7615249015389542
1241,3.7861209631438117
1242,3.8110632015295756
1243,3.8360493320534563
1244,3.8610794319546256
1245,3.886439915338597
1246,3.911923320824699
1247,3.9374515707681668
1248,3.963184021563656
1249,3.9891716182296637
1250,4.015204946603907
1251,4.041320547656126
1252,4.067819315348841
1253,4.0943647142834685
1254,4.120956826519305
1255,4.147891845547401
1256,4.174956371386133
1257,4.202068524060106
1258,4.229414986067334
1259,4.257005759844772
1260,4.284645086522709
1261,4.312414859631042
1262,4.340539067552857
1263,4.36871276708636
1264,4.396936045324387
1265,4.425582829983058
1266,4.454298166994251
1267,4.483064035856975
1268,4.512163931817461
1269,4.541428237187349
1270,4.570744040456262
1271,4.600309608589687
1272,4.630130279950059
1273,4.66000342827496
1274,4.690047448338937
1275,4.720431950568068
1276,4.750869921963531
1277,4.7814096514462925
1278,4.812405318049852
1279,4.843455529316749
1280,4.874560381231922
1281,4.906010037326283
1282,4.937681012337636
1283,4.969407720386742
1284,5.0012762965807696
1285,5.033576636481315
1286,5.065933816944972
1287,5.098347937996878
1288,5.131173090485984
1289,5.16416943762603
1290,5.197223850128369
1291,5.230501488163969
1292,5.264145774797099
1293,5.297849267004497
1294,5.331612068973153
1295,5.365894448278186
1296,5.400255887716567
1297,5.434677794739296
1298,5.469447507161102
1299,5.504475841209935
1300,5.539565816411376
1301,5.57484195895255
1302,5.610564744273934
1303,5.646350392809037
1304,5.682199015181352
1305,5.718518290421088
1306,5.755008996530735
1307,5.791563917203136
1308,5.828370754111112
1309,5.865575986277645
1310,5.90284669039464
1311,5.940182981676316
1312,5.978086170317509
1313,6.016082228129945
1314,6.054145149548684
1315,6.092574808317949
1316,6.131305875905005
1317,6.170105100532256
1318,6.209077613214955
1319,6.248553433214178
1320,6.288098720832125
1321,6.327713598314364
1322,6.367861155463975
1323,6.408162353304263
1324,6.44853447122232
1325,6.489265755924102
1326,6.5303327994146025
1327,6.571472110680179
1328,6.6128044077167685
1329,6.654647321236993
1330,6.696563867870023
1331,6.7385541771916575
1332,6.781143643490195
1333,6.82384755738354
1334,6.866626619535444
1335,6.90985995561411
1336,6.953361459307179
1337,6.996939514817871
1338,7.04083491388649
1339,7.085144321347456
1340,7.129531702335093
1341,7.174107643580408
1342,7.219235360998232
1343,7.2644424919640755
1344,7.30972917622585
1345,7.355674267749733
1346,7.401711666379731
1347,7.447830079369575
1348,7.494501205339311
1349,7.541379483315738
1350,7.588340255389809
1351,7.635756814046988
1352,7.683486677870473
1353,7.731300534370177
1354,7.7794822130360135
1355,7.82807446485615
1356,7.87675222694011
1357,7.925719002736664
1358,7.975184541194055
1359,8.0247371266818
1360,8.074509267279064
1361,8.1248590883571
1362,8.175297512582155
1363,8.225895576971652
1364,8.277140774859383
1365,8.32847615153381
1366,8.379920990829431
1367,8.432072758795552
1368,8.484316300885348
1369,8.536651778598262
1370,8.589698690429545
1371,8.642861711040807
1372,8.696118285327781
1373,8.750160859286337
1374,8.804362101573506
1375,8.858658724547372
1376,8.91334739830808
1377,8.968601113237222
1378,9.023952060942166
1379,9.07940041252817
1380,9.135627683973356
1381,9.192047375995221
1382,9.248566352621312
1383,9.305491416651497
1384,9.36299441801377
1385,9.420598610334224
1386,9.478304171683513
1387,9.536843605875978
1388,9.595547752184897
1389,9.65435520316701
1390,9.713646032884578
1391,9.773465021112504
1392,9.833389275857002
1393,9.893453470741168
1394,9.954402340505535
1395,10.015458465095762
1396,10.076622033253416
1397,10.13841231835881
1398,10.200615532943191
1399,10.262928209686848
1400,10.325548251565097
1401,10.388913932525426
1402,10.452391121295506
1403,10.515980014101029
1404,10.580536145690917
1405,10.645342459824207
1406,10.710262816921666
1407,10.775297417670226
1408,10.841369378480849
1409,10.907639714726395
1410,10.97402667024919
1411,11.040531967394012
1412,11.108170953750685
1413,11.175928967866922
1414,11.243806219201657
1415,11.311917724921548
1416,11.381065658931995
1417,11.45033527607275
1418,11.519726790475497
1419,11.589499039543073
1420,11.66018007584128
1421,11.730985493146598
1422,11.801915510338311
1423,11.873404024203742
1424,11.945642591540494
1425,12.018008280749626
1426,12.090501315533638
1427,12.163762605438944
1428,12.237583409312261
1429,12.311534119398669
1430,12.385614964300428
1431,12.460706534443291
1432,12.536134559752732
1433,12.61169531958313
1434,12.687444253614776
1435,12.764369398261621
1436,12.841429911985287
1437,12.91862603300129
1438,12.996306358890353
1439,13.07488663109834
1440,13.15360518499373
1441,13.232462263917492
1442,13.312134332109647
1443,13.392395525749544
1444,13.472797959078148
1445,13.55334188064177
1446,13.635067046472134
1447,13.717035245157259
1448,13.799147687432987
1449,13.881690709541756
1450,13.965245254232954
1451,14.048946834087129
1452,14.132795707849128
1453,14.217500093005906
1454,14.302811598481135
1455,14.388273230930741
1456,14.473885254540388
1457,14.560815236613324
1458,14.647910625041858
1459,14.73515927963243
1460,14.823031984958766
1461,14.91178230052174
1462,15.000688794504565
1463,15.089751741741985
1464,15.179963651783185
1465,15.270549368946845
1466,15.361294494377841
1467,15.45253105974901
1468,15.544817560473904
1469,15.637266462419806
1470,15.72987805137191
1471,15.823570916805812
1472,15.917745371714982
1473,16.012085550171935
1474,16.106928862482008
1475,16.203023267728287
1476,16.29928677515472
1477,16.395719682338544
1478,16.492719221882627
1479,16.590932282220415
1480,16.68931817304104
1481,16.78787719848259
1482,16.887106300200696
1483,16.987471724957565
1484,17.08801376781985
1485,17.188732739590897
1486,17.290265933038757
1487,17.392817877015773
1488,17.495550286824656
1489,17.598463480039744
1490,17.702376497480568
1491,17.80714956972328
1492,17.912107016427484
1493,18.017249162045704
1494,18.123618947327177
1495,18.230648220223234
1496,18.337865837928963
1497,18.44527213188368
1498,18.554176850133153
1499,18.663497868852964
1500,18.77301126528114
1501,18.88278376271363
1502,18.994236426145335
1503,19.10588521844657
1504,19.21773048475462
1505,19.330173784975823
1506,19.443986589260266
1507,19.55799967567091
1508,19.672213396653795
1509,19.78740908612517
1510,19.903618990108967
1511,20.02003339451393
1512,20.136652659209194
1513,20.25468358541332
1514,20.373328061401565
1515,20.49218132204772
1516,20.611289736632866
1517,20.73219402046541
1518,20.85331106565183
1519,20.974641246598356
1520,21.09672902120873
1521,21.22013999706678
1522,21.343768145428466
1523,21.46761384846257
1524,21.592767359217557
1525,21.718724041589788
1526,21.84490237627108
1527,21.971302753313527
1528,22.099609691760666
1529,22.228151656213985
1530,22.356919822424793
1531,22.48652700029413
1532,22.617463980505175
1533,22.74863137710139
1534,22.88002959555749
1535,23.012942801068085
1536,23.146541268411625
1537,23.280374835690484
1538,23.414692731584395
1539,23.55075452027324
1540,23.687055743725647
1541,23.823596823286387
1542,23.961377332143844
1543,24.100178941702634
1544,24.23922480742263
1545,24.378517081859194
1546,24.5198522422023
1547,24.661436117121077
1548,24.803269144290294
1549,24.946184651891183
1550,25.09034020731132
1551,25.23474944049502
1552,25.379412797850996
1553,25.52604774406087
1554,25.673067376240684
1555,25.820345726240664
1556,25.968670609049628
1557,26.118335309633018
1558,26.268263382693817
1559,26.418455291701008
1560,26.57066683368455
1561,26.723279852170986
1562,26.87616143143454
1563,27.030176781788484
1564,27.18551047539075
1565,27.341117517476153
1566,27.496998389068857
1567,27.65507185518731
1568,27.8134406770071
1569,27.972088188373938
1570,28.132081863039065
1571,28.29324932274499
1572,28.454700396898616
1573,28.61665964574227
1574,28.7806631604154
1575,28.94495528028161
1576,29.109536513212994
1577,29.275803196372458
1578,29.4429744233477
1579,29.610439829894403
1580,29.778791745330246
1581,29.948880738716866
1582,30.119269046211713
1583,30.289957194531947
1584,30.46279847551983
1585,30.636149030640933
1586,30.809804639399914
1587,30.98485322817041
1588,31.16120601828806
1589,31.337869145223817
1590,31.515171945133446
1591,31.694567620659978
1592,31.874278987719208
1593,32.054306601848346
1594,32.236362835404854
1595,32.41916385217979
1596,32.60228655303261
1597,32.78692837105678
1598,32.97331209616263
1599,33.160023810013996
1600,33.34706408978809
1601,33.535622156520155
1602,33.72604481738057
1603,33.91680257449915
1604,34.10789601756061
1605,34.300232842326565
1606,34.49475382748673
1607,34.6896171209266
1608,34.88482332502209
1609,35.081080705037074
1610,35.27976000751232
1611,35.47878893586119
1612,35.67816810533675
1613,35.87848995558016
1614,36.0813881785362
1615,36.284643451606016
1616,36.48825640310744
1617,36.69278875466843
1618,36.89996711714978
1619,37.10751006171507
1620,37.31541822993647
1621,37.5243092286308
1622,37.73582957133987
1623,37.947722136926956
1624,38.15998758041005
1625,38.37338748566624
1626,38.589312276790224
1627,38.80561704151442
1628,39.022302448496134
1629,39.24036363250529
1630,39.460755973597706
1631,39.68153615005527
1632,39.902704844369964
1633,40.12558179150107
1634,40.35050542341316
1635,40.57582486462299
1636,40.801540811654675
1637,41.02939011812962
1638,41.25890942699767
1639,41.48883263239933
1640,41.719160445090154
1641,41.95214081892063
1642,42.18632084220724
1643,42.42091296371282
1644,42.65591790862567
1645,42.89419016980696
1646,43.13309660239702
1647,43.37242345049762
1648,43.61262743077729
1649,43.85589853489776
1650,44.09959773525347
1651,44.343725785185285
1652,44.58950802254514
1653,44.83763038568744
1654,45.0861893820603
1655,45.33518578002751
1656,45.586713113148996
1657,45.83975432069122
1658,46.093240817392385
1659,46.347173386848496
1660,46.604614767003326
1661,46.86264308551693
1662,47.12112546924962
1663,47.38096697547237
1664,47.64358920974877
1665,47.90667359338075
1666,48.17022093963373
1667,48.43627790570626
1668,48.70401684914859
1669,48.9722269460665
1670,49.24090997846548
1671,49.51335641870696
1672,49.7862822964342
1673,50.05968845533528
1674,50.334895575870924
1675,50.61259064511449
1676,50.890774388109094
1677,51.16944766479637
1678,51.45135774060854
1679,51.73437295647768
1680,52.01788620821595
1681,52.30279142538223
1682,52.59069238987369
1683,52.87909998792226
1684,53.16801511107423
1685,53.459943014645766
1686,53.753299720826455
1687,54.047172661295185
1688,54.34233725432768
1689,54.640698223974475
1690,54.93958423415307
1691,55.23899620880137
1692,55.541714697430095
1693,55.84594610735011
1694,56.15071288829786
1695,56.45603208899769
1696,56.76567111951949
1697,57.075855037119744
1698,57.386584800661204
1699,57.69898701549408
1700,58.01465083968199
1701,58.33087015306672
1702,58.647645933168114
1703,58.967331076148234
1704,59.289103262838005
1705,59.611441687902804
1706,59.93434734777832
1707,60.26151795038472
1708,60.589482901893895
1709,60.91802498948297
1710,61.24843683741399
1711,61.582375590986125
1712,61.916901993025284
1713,62.25201707764315
1714,62.58957221252488
1715,62.930153365432375
1716,63.271333855754925
1717,63.613114738173735
1718,63.95802956514371
1719,64.30534652682655
1720,64.65327467924932
1721,65.00181509795196
1722,65.35430902622846
1723,65.708456149873
1724,66.06322648361979
1725,66.41862112415973
1726,66.77891656698456
1727,67.13998915899867
1728,67.50169714819226
1729,67.86491631393075
1730,68.23236402777106
1731,68.6004583573983
1732,68.96920044069154
1733,69.34061496023399
1734,69.71516914793305
1735,70.09038245701971
1736,70.46625604737973
1737,70.84609688323845
1738,71.22785559661666
1739,71.61028610952933
1740,71.99351189039565
1741,72.38189072285253
1742,72.77095300458411
1743,73.16069993828673
1744,73.552761664282
1745,73.94853110324078
1746,74.34499699707567
1747,74.74216057136957
1748,75.14329774344108
1749,75.54655866660016
1750,75.95052922775572
1751,76.3555332278375
1752,76.76566580276334
1753,77.17652010805915
1754,77.58809741378612
1755,78.00260222921293
1756,78.42041759540513
1757,78.83896821173914
1758,79.25825537206748
1759,79.6825090442748
1760,80.10811098987301
1761,80.53446188802546
1762,80.96308477921575
1763,81.39581664408489
1764,81.82931000836611
1765,82.26356621210422
1766,82.70237904504565
1767,83.14309418175624
1768,83.5845848664197
1769,84.02809503778468
1770,84.47611183700037
1771,84.92491703325125
1772,85.3745120139146
1773,85.82866338315881
1774,86.28486371238682
1775,86.7418668395938
1776,87.20105221007955
1777,87.66472889047877
1778,88.12922152534648
1779,88.59453155055408
1780,89.06481954215826
1781,89.53688364989343
1782,90.0097784718478
1783,90.48556952995575
1784,90.96561704433977
1785,91.44650932172208
1786,91.92824784866951
1787,92.4149391884072
1788,92.90391650685866
1789,93.39375430250479
1790,93.88518084284757
1791,94.38233136248486
1792,94.88035674208517
1793,95.37925852117858
1794,95.88208856800469
1795,96.38839042586103
1796,96.89558324772034
1797,97.40366860145119
1798,97.9181939542771
1799,98.43376745329856
1800,98.95024823206481
1801,99.47010926426701
1802,99.99415366212435
1803,100.51912024636636
1804,101.04501063980538
1805,101.57708773327373
1806,102.11063109538829
1807,102.64511335965969
1808,103.18291885569153
1809,103.72513056369412
1810,104.26829642794989
1811,104.81241812752941
1812,105.36297176464421
1813,105.9149135583956
1814,106.46782663088659
1815,107.02451113590134
1816,107.58532179273396
1817,108.14711933526121
1818,108.71010843517594
1819,109.2798814964814
1820,109.8506572150454
1821,110.42243735528771
1822,110.99895635493634
1823,111.5788045681786
1824,112.15967316839351
1825,112.74291336942129
1826,113.33192901240969
1827,113.9219811747261
1828,114.51307168037923
1829,115.11149960050223
1830,115.71213185591967
1831,116.3138210729604
1832,116.91656911160625
1833,117.52633254145067
1834,118.1387981923273
1835,118.75234162860517
1836,119.36696474691063
1837,119.988542772624
1838,120.61348251095741
1839,121.23952198592575
1840,121.86666313278388
1841,122.49848342277859
1842,123.13606688167442
1843,123.77477232694945
1844,124.41460173301239
1845,125.05705327002792
1846,125.70745157558989
1847,126.35899441841363
1848,127.0116838125909
1849,127.66552177575778
1850,128.328546836949
1851,128.99310001247895
1852,129.6588226342496
1853,130.32571676018597
1854,131.0002728830453
1855,131.67801084675287
1856,132.3569414585847
1857,133.0370668172955
1858,133.72355990529772
1859,134.4146586454589
1860,135.1069735453223
1861,135.80050674501658
1862,136.4993480714475
1863,137.2039851217338
1864,137.90986215571348
1865,138.61698135543926
1866,139.32858752888515
1867,140.04694198105173
1868,140.76656055605818
1869,141.48744547843577
1870,142.21223840909462
1871,142.94449092576087
1872,143.67803202233281
1873,144.41286396638012
1874,145.15127083318842
1875,145.89760366072466
1876,146.6452498459392
1877,147.39421170000378
1878,148.1466649185744
1879,148.90726190008263
1880,149.6691973405581
1881,150.4324735953441
1882,151.1995115901715
1883,151.97495315387152
1884,152.75175929923364
1885,153.5299324275705
1886,154.31067688295624
1887,155.10115749441331
1888,155.8930291524365
1889,156.68629430490984
1890,157.48120440183382
1891,158.2869202022915
1892,159.09405385937728
1893,159.90260786815375
1894,160.71258472807423
1895,161.53329722660422
1896,162.35589106149266
1897,163.17993245405546
1898,164.00542395162188
1899,164.84135518728158
1900,165.67960908488766
1901,166.5193380978977
1902,167.3605448221353
1903,168.21217137871486
1904,169.0662869440608
1905,169.92190553731285
1906,170.77902980341312
1907,171.64683377461927
1908,172.51701434688044
1909,173.38872621737397
1910,174.26197208079054
1911,175.14644103416546
1912,176.03289170082041
1913,176.92090229693483
1914,177.81076103175835
1915,178.71210250934712
1916,179.61503012043917
1917,180.5195466562202
1918,181.4269405153695
1919,182.3449382535898
1920,183.2645514360928
1921,184.18578290564366
1922,185.11121498397554
1923,186.04607903158154
1924,186.98258820388105
1925,187.92074539586892
1926,188.86472412176624
1927,189.8166663303404
1928,190.7702837168227
1929,191.72557922909357
1930,192.6886183328636
1931,193.65785237149225
1932,194.6287920172454
1933,195.6014402715511
1934,196.5840587547009
1935,197.57080012476163
1936,198.5592779103899
1937,199.54951572396428
1938,200.5522172726081
1939,201.5566833226724
1940,202.562916979224
1941,203.57366261737687
1942,204.59427653559806
1943,205.6166864764444
1944,206.64089560045176
1945,207.67268298579955
1946,208.71142997334158
1947,209.75200489308762
1948,210.79441096172542
1949,211.84777916847207
1950,212.90488181433594
1951,213.96384469368107
1952,215.02637111428004
1953,216.10016430747152
1954,217.17584710525637
1955,218.25342283285005
1956,219.33849564599905
1957,220.43106236813492
1958,221.5255517314848
1959,222.6219671193999
1960,223.73013996141253
1961,224.84170816062803
1962,225.95523243880768
1963,227.07373464375902
1964,228.20254779039448
1965,229.3333473627061
1966,230.46613685628867
1967,231.608731549274
1968,232.75697373853143
1969,233.9072365436187
1970,235.06092559782684
1971,236.2267786517213
1972,237.39468331207567
1973,238.564643189187
1974,239.7437400259547
1975,240.92998106795855
1976,242.1183095940738
1977,243.3087292777325
1978,244.51236705394066
1979,245.7192501686169
1980,246.9282570921787
1981,248.1425315298688
1982,249.36815683062702
1983,250.59593892173663
1984,251.8258815985894
1985,253.06572639295885
1986,254.31247329194733
1987,255.56141414990074
1988,256.81266051687606
1989,258.07856363174426
1990,259.3466944156275
1991,260.6170567886455
1992,261.89491822975555
1993,263.18243251365743
1994,264.4722124967048
1995,265.7642621659402
1996,267.0693434395948
1997,268.3787368421204
1998,269.69043444544303
1999,271.0081470260219
2000,272.3373516183593
2001,273.668895274127
2002,275.0027821094689
2003,276.34878348507164
2004,277.7003733464655
2005,279.0543416636331
2006,280.41376393084533
2007,281.78560226087376
2008,283.15985467880563
2009,284.53652543280833
2010,285.925320486855
2011,287.32006181802484
2012,288.71725754051505
2013,290.12027133182863
2014,291.5357086674449
2015,292.95363681405576
2016,294.3740601548427
2017,295.8075457082161
2018,297.2464161082846
2019,298.6878185555372
2020,300.1363282879709
2021,301.59635324150935
2022,303.0589474688338
2023,304.5241154911977
2024,306.00421097273806
2025,307.4882122323845
2026,308.974824957969
2027,310.4707569783424
2028,311.97638321179915
2029,313.48465896561214
2030,314.9967638277461
2031,316.524235783813
2032,318.05439570311523
2033,319.5872483157678
2034,321.13255031854527
2035,322.68481847920464
2036,324.2398182380576
2037,325.80211216029704
2038,327.37671571183256
2039,328.954090166127
2040,330.5342403992481
2041,332.1308809161876
2042,333.730860838867
2043,335.333656320204
2044,336.94811269048375
2045,338.57093223293185
2046,340.19660752591517
2047,341.82921469859474
2048,343.47511155624557
2049,345.1239047745902
2050,346.77559945046744
2051,348.444211238079
2052,350.11636422343395
2053,351.7914597735216
2054,353.4814545475864
2055,355.1809332796338
2056,356.8834026627287
2057,358.58886795963656
2058,360.3069911410205
2059,362.03708797529777
2060,363.77022934062313
2061,365.50642059457664
2062,367.2535496845788
2063,369.01462223422897
2064,370.7787938242328
2065,372.5460699080922
2066,374.32308988645264
2067,376.11549844007936
2068,377.91106117737786
2069,379.7097836488877
2070,381.5175868711346
2071,383.34169441515814
2072,385.1690119249318
2073,386.99954504915644
2074,388.8390311467761
2075,390.6952033879421
2076,392.5546420204838
2077,394.417352792396
2078,396.28942857576516
2079,398.17803396380793
2080,400.06996281722576
2081,401.96522098444814
2082,403.87080034849134
2083,405.7922100989619
2084,407.71700104204746
2085,409.64517912776313
2086,411.5851829602884
2087,413.5397710775331
2088,415.49779877278155
2089,417.4592720987914
2090,419.4346281914608
2091,421.4227714917668
2092,423.41441341856233
2093,425.4095601285143
2094,427.421203090411
2095,429.44328122531306
2096,431.46891770327613
2097,433.49811878605186
2098,435.54698995979527
2099,437.6033854395389
2100,439.6633996520316
2101,441.72703896529396
2102,443.81408634567293
2103,445.9051845628534
2104,447.9999625806589
2105,450.10215075550974
2106,452.22460502964816
2107,454.350794283006
2108,456.4807250881677
2109,458.62279981470584
2110,460.78067402391645
2111,462.9423455423001
2112,465.1078210521246
2113,467.2907489342776
2114,469.4844365692185
2115,471.68198453572427
2116,473.8833996269658
2117,476.10815361102334
2118,478.3380511356655
2119,480.57187271193567
2120,482.814659142551
2121,485.0771845503158
2122,487.34369142637917
2123,489.61418677707957
2124,491.90055544599306
2125,494.20002767238867
2126,496.50354638394435
2127,498.8111187014108
2128,501.1420602575185
2129,503.47888412137183
2130,505.8198201996193
2131,508.17097482439146
2132,510.54138689024217
2133,512.9159702770614
2134,515.2947323252794
2135,517.6922483684648
2136,520.1007638823413
2137,522.5135177694065
2138,524.9326689448893
2139,527.3754026852417
2140,529.8224350140339
2141,532.2737734956495
2142,534.741095012752
2143,537.2226936796435
2144,539.7086593271935
2145,542.1990557871391
2146,544.715509992326
2147,547.2363925149202
2148,549.7617111475939
2149,552.3046665449052
2150,554.8660234830983
2151,557.4318877559051
2152,560.0022672950473
2153,562.5813721754995
2154,565.1881365291136
2155,567.7994881226556
2156,570.4154350284572
2157,573.0359853330591
2158,575.6845985537914
2159,578.3419472189821
2160,581.0039721393833
2161,583.6706815439721
2162,586.3584975445079
2163,589.0629075696095
2164,591.7720766657408
2165,594.4860132076128
2166,597.2119893011837
2167,599.9639743096353
2168,602.7208021087749
2169,605.4824812206379
2170,608.2490201822529
2171,611.0480131085886
2172,613.85301769703
2173,616.66295837687
2174,619.4778438343249
2175,622.3179082715526
2176,625.1716113443761
2177,628.0303362053158
2178,630.8940916913924
2179,633.77656266296
2180,636.6794895755168
2181,639.5875248973922
2182,642.5006776180363
2183,645.4268976423937
2184,648.3795774636733
2185,651.3374532464932
2186,654.3005341343705
2187,657.2718530128544
2188,660.274818580887
2189,663.2830686003316
2190,666.2966123704248
2191,669.3154592067671
2192,672.3681749614768
2193,675.4273368266029
2194,678.4918820340147
2195,681.5618200569701
2196,684.6626270792583
2197,687.7732422925911
2198,690.8893313927455
2199,694.0109040123126
2200,697.1611738392326
2201,700.3237878594456
2202,703.4919672708758
2203,706.6657218671362
2204,709.8668325845354
2205,713.0819948919435
2206,716.3028150619015
2207,719.5293030507463
2208,722.7826391195828
2209,726.0509032846694
2210,729.3249187577716
2211,732.6046956596658
2212,735.9116477503896
2213,739.2335715056372
2214,742.5613409958253
2215,745.8949665078951
2216,749.2569313432668
2217,752.6330766585726
2218,756.0151631246579
2219,759.40320119637
2220,762.8215814031788
2221,766.2525145651532
2222,769.6894852902572
2223,773.1325042029972
2224,776.6087081732215
2225,780.0949998687087
2226,783.5874265439279
2227,787.0859989948141
2228,790.6214407568682
2229,794.1636661610517
2230,797.7121249737238
2231,801.2705101282224
2232,804.8629272648208
2233,808.4616661343086
2234,812.0667378612546
2235,815.6869202509856
2236,819.3363349885011
2237,822.9921717598228
2238,826.6544418660212
2239,830.3378500782723
2240,834.044850602481
2241,837.7583744964584
2242,841.478433239599
2243,845.2265010152183
2244,848.9916803983543
2245,852.763485530868
2246,856.5419280723131
2247,860.3560942346677
2248,864.1800505529451
2249,868.0107360526598
2250,871.8533561872786
2251,875.7298709752691
2252,879.613207433911
2253,883.5033775675262
2254,887.4155671973458
2255,891.3539490809943
2256,895.2992615052242
2257,899.251516665938
2258,903.2286625906443
2259,907.2295628104209
2260,911.2375035867142
2261,915.2524973090249
2262,919.2961004498287
2263,923.360178086489
2264,927.4314074554042
2265,931.509801141713
2266,935.6213632581678
2267,939.7492855121542
2268,943.884471848223
2269,948.0269350492183
2270,952.2079588002274
2271,956.4004012855926
2272,960.6002213917644
2273,964.8092532776928
2274,969.05942112887
2275,973.3170681824271
2276,977.5822075997627
2277,981.8633615565824
2278,986.1793116011867
2279,990.5028566076012
2280,994.8340099409287
2281,999.1887862084412
2282,1003.5712199861101
2283,1007.9613657195423
2284,1012.3592369797117
2285,1016.7891368644327
2286,1021.2387656460243
2287,1025.6962246289665
2288,1030.1615275923182
2289,1034.6680536309575
2290,1039.18559879451
2291,1043.7110936744361
2292,1048.2510713242496
2293,1052.8292084069517
2294,1057.4154018319507
2295,1062.0096657762454
2296,1066.628900037222
2297,1071.2763062798033
2298,1075.931890760214
2299,1080.5956678699638
2300,1085.2956587822887
2301,1090.0130870006506
2302,1094.7388166771325
2303,1099.4753081860924
2304,1104.2551117513603
2305,1109.0433265390166
2306,1113.8399673505485
2307,1118.6598192528866
2308,1123.51106051737
2309,1128.3708387158072
2310,1133.2391688709135
2311,1138.1438785680818
2312,1143.0673457241378
2313,1147.9994769127252
2314,1152.9436370346489
2315,1157.931354590049
2316,1162.9278492418262
2317,1167.9331364353056
2318,1172.9647269812356
2319,1178.0261556233238
2320,1183.0964910738949
2321,1188.1757490065377
2322,1193.296263628125
2323,1198.4322226569448
2324,1203.5772196481005
2325,1208.740052015642
2326,1213.942220637892
2327,1219.1535437339626
2328,1224.3740374132656
2329,1229.6283703471415
2330,1234.9066176100675
2331,1240.1941532251678
2332,1245.4925527147354
2333,1250.838333765684
2334,1256.193522010519
2335,1261.5581340033596
2336,1266.950580018951
2337,1272.3740437579927
2338,1277.8070513919477
2339,1283.2496197154999
2340,1288.7400771721773
2341,1294.2448869218783
2342,1299.7593837140162
2343,1305.2872113691205
2344,1310.8643700059768
2345,1316.4513430002744
2346,1322.0481476226275
2347,1327.6677021342618
2348,1333.3277034292755
2349,1338.9976648629267
2350,1344.6776039623744
2351,1350.3906746585058
2352,1356.1343504774275
2353,1361.8881336800455
2354,1367.652042052617
2355,1373.460422438996
2356,1379.288612947162
2357,1385.127059562529
2358,1390.9781024150548
2359,1396.881268217842
2360,1402.7948220645806
2361,1408.7187822354208
2362,1414.6683296727838
2363,1420.6575646783374
2364,1426.6573391868678
2365,1432.6676717450382
2366,1438.7175262958033
2367,1444.7936951751908
2368,1450.8805565381479
2369,1456.9781292005523
2370,1463.130098020356
2371,1469.2940744994337
2372,1475.4688979801988
2373,1481.6687992910709
2374,1487.9104826121668
2375,1494.1631496784603
2376,1500.4268198183563
2377,1506.7340849768689
2378,1513.0682308438743
2379,1519.4135231656498
2380,1525.7699815569335
2381,1532.1767192102632
2382,1538.6041604864718
2383,1545.0429123926338
2384,1551.4929948323788
2385,1558.0013585483973
2386,1564.5229332361419
2387,1571.0559842036646
2388,1577.6077473424218
2389,1584.2126756748771
2390,1590.829226967469
2391,1597.4574216734488
2392,1604.1147743905683
2393,1610.8153594338698
2394,1617.5277357677076
2395,1624.2519241415428
2396,1631.0170208866716
2397,1637.8141148728457
2398,1644.6231699796422
2399,1651.4442072553823
2400,1658.3192027943217
2401,1665.2136632937488
2402,1672.120256252962
2403,1679.0456460662094
2404,1686.0260523384882
2405,1693.0187423123198
2406,1700.0237376036764
2407,1707.0629880008034
2408,1714.1423180724942
2409,1721.2341059252897
2410,1728.3383734814875
2411,1735.4936387160844
2412,1742.6727649527822
2413,1749.86452458524
2414,1757.0753618596327
2415,1764.3423741144504
2416,1771.6221744210723
2417,1778.9147852829794
2418,1786.247226865478
2419,1793.6188404450065
2420,1801.0034261467952
2421,1808.4010067982267
2422,1815.847805493655
2423,1823.3250221477658
2424,1830.8153967573753
2425,1838.318952476889
2426,1845.882226529799
2427,1853.4660594393617
2428,1861.063237920585
2429,1868.6776883398686
2430,1876.3556511826228
2431,1884.0471252406726
2432,1891.7521342900513
2433,1899.4868242641317
2434,1907.273274242091
2435,1915.0734263437091
2436,1922.8873046809763
2437,1930.7443408107658
2438,1938.640325276637
2439,1946.5502046175875
2440,1954.4740032847808
2441,1962.4554909767073
2442,1970.4620698692336
2443,1978.4827382534343
2444,1986.5215794731105
2445,1994.6255647322155
2446,2002.7438108922224
2447,2010.876343048408
2448,2019.0433497974263
2449,2027.2598903251237
2450,2035.4908898208512
2451,2043.7363737284143
2452,2052.0336421280854
2453,2060.3638356231263
2454,2068.7086880849542
2455,2077.068225309323
2456,2085.4978514504064
2457,2093.9428094935706
2458,2102.402628458351
2459,2110.8956047991105
2460,2119.4414148124974
2461,2128.0022632200034
2462,2136.5781764850544
2463,2145.207177556168
2464,2153.8698127677744
2465,2162.547691954472
2466,2171.2427677610694
2467,2180.007957085021
2468,2188.788570851851
2469,2197.584636204335
2470,2206.4193728202795
2471,2215.3035000854925
2472,2224.203261092379
2473,2233.1186833520196
2474,2242.095163367074
2475,2251.0994108979853
2476,2260.1195035499272
2477,2269.1662410330414
2478,2278.2757768481074
2479,2287.4013430633554
2480,2296.542967887855
2481,2305.735046908892
2482,2314.9669010853
2483,2324.2150009092516
2484,2333.4799055644844
2485,2342.8188736505745
2486,2352.1742758759306
2487,2361.5461411601023
2488,2370.9599533929522
2489,2380.4234973235207
2490,2389.903694613255
2491,2399.400574567449
2492,2408.965366450181
2493,2418.5547487866543
2494,2428.161005923917
2495,2437.8025808159
2496,2447.5020138442837
2497,2457.21851533308
2498,2466.9521153180553
2499,2476.7481963244354
2500,2486.5758223091793
2501,2496.4207423393077
2502,2506.2959987696186
2503,2516.2356427255954
2504,2526.1927778484114
2505,2536.1674349176697
2506,2546.2017722117603
2507,2556.2736278486427
2508,2566.3632073091712
2509,2576.4739482707346
2510,2586.661160427163
2511,2596.866299403619
2512,2607.089396746334
2513,2617.3586368175497
2514,2627.6799746411334
2515,2638.019475309591
2516,2648.377170784485
2517,2658.8074936097787
2518,2669.264040306681
2519,2679.738987779434
2520,2690.2521140259646
2521,2700.826351736283
2522,2711.4191973268557
2523,2722.0306835423585
2524,2732.7096667489263
2525,2743.4210588990854
2526,2754.1513002840784
2527,2764.9172396420654
2528,2775.747829150669
2529,2786.5974776492158
2530,2797.4662186762257
2531,2808.402761920222
2532,2819.3724718726367
2533,2830.361485629177
2534,2841.3891082391474
2535,2852.479536416729
2536,2863.5894808298162
2537,2874.7189758215213
2538,2885.93207124025
2539,2897.175446025085
2540,2908.4386061899245
2541,2919.7215865515136
2542,2931.0830333958165
2543,2942.480733799048
2544,2953.8984911534444
2545,2965.336340753622
2546,2976.8487884237766
2547,2988.4022138311425
2548,2999.9759702233337
2549,3011.5700933771955
2550,3023.2361617625147
2551,3034.9467326786744
2552,3046.6779111129936
2553,3058.4297333289187
2554,3070.252012415344
2555,3082.1211712426216
2556,3094.011216659584
2557,3105.9221854207794
2558,3117.903234826374
2559,3129.932446677389
2560,3141.9828267677926
2561,3154.0544123477325
2562,3166.1967607819543
2563,3178.387514327137
2564,3190.5997203810116
2565,3202.833416693981
2566,3215.13956132962
2567,3227.493369680736
2568,3239.8689174725023
2569,3252.2662429602083
2570,3264.738648705711
2571,3277.2570503364173
2572,3289.7974810469595
2573,3302.3599796023345
2574,3315.001078260726
2575,3327.6856379649043
2576,3340.3925191417065
2577,3353.121761070626
2578,3365.933950369765
2579,3378.786260258611
2580,3391.6611868144896
2581,3404.5587698363665
2582,3417.5441538018263
2583,3430.5655232195368
2584,3443.609806802756
2585,3456.677044873936
2586,3469.838733168013
2587,3483.0304049627434
2588,3496.2452906084645
2589,3509.4850413372606
2590,3522.824791530018
2591,3536.1880161513127
2592,3549.5747565095135
2593,3562.997177855049
2594,3576.509435440654
2595,3590.045471020447
2596,3603.6053264369584
2597,3617.2137467293383
2598,3630.899775379303
2599,3644.609887812763
2600,3658.3441264103667
2601,3672.141854978022
2602,3686.002926194206
2603,3699.888389220655
2604,3713.798286980031
2605,3727.7886143561814
2606,3741.8260075514872
2607,3755.8881028351866
2608,3769.974943675959
2609,3784.161141811264
2610,3798.376144390339
2611,3812.61616160138
2612,3826.897937465249
2613,3841.2665599443403
2614,3855.660467384255
2615,3870.079704279324
2616,3884.56348306688
2617,3899.111997476846
2618,3913.686113407763
2619,3928.285875911036
2620,3942.97487382232
2621,3957.704589722839
2622,3972.4602260088686
2623,3987.2532040373194
2624,4002.139243815486
2625,4017.05147906615
2626,4031.9899558858933
2627,4046.9941721815753
2628,4062.063734601251
2629,4077.1598154424837
2630,4092.2824613701428
2631,4107.501078274053
2632,4122.755495692503
2633,4138.036756826088
2634,4153.3675820854
2635,4168.781071748768
2636,4184.221685050523
2637,4199.689469720535
2638,4215.240605311398
2639,4230.841310902528
2640,4246.469469580133
2641,4262.138144877154
2642,4277.899686079057
2643,4293.688963393654
2644,4309.506025628557
2645,4325.400849328573
2646,4341.351993156106
2647,4357.33120674422
2648,4373.348826669106
2649,4389.462588172515
2650,4405.604705598598
2651,4421.7752288456695
2652,4438.02476527998
2653,4454.330542361825
2654,4470.665013260292
2655,4487.042529073651
2656,4503.512725001711
2657,4520.011904077938
2658,4536.540117304368
2659,4553.155249512923
2660,4569.819900711407
2661,4586.513877245086
2662,4603.262100149835
2663,4620.092990872425
2664,4636.9534994655805
2665,4653.843678048249
2666,4670.857147895823
2667,4687.908975791379
2668,4704.990810345452
2669,4722.102704361131
2670,4739.294862202593
2671,4756.56901498618
2672,4773.873565658174
2673,4791.20856771011
2674,4808.584396177648
2675,4826.082270032781
2676,4843.610935463022
2677,4861.17044665268
2678,4878.760857881399
2679,4896.457874547901
2680,4914.212061980106
2681,4931.997492027502
2682,4949.814219668056
2683,4967.704935117262
2684,4985.686060518338
2685,5003.698827882
2686,5021.743292888968
2687,5039.832532241096
2688,5058.04202041981
2689,5076.283552415724
2690,5094.557184616666
2691,5112.862973509728
2692,5131.289006018256
2693,5149.7607389373425
2694,5168.264977150614
2695,5186.801777857953
2696,5205.436057609694
2697,5224.139436834552
2698,5242.8757289861105
2699,5261.6449919816
2700,5280.492192435012
2701,5299.428672555287
2702,5318.398475794417
2703,5337.401660791398
2704,5356.466405672029
2705,5375.637450599001
2706,5394.842231412939
2707,5414.080807479228
2708,5433.367671436876
2709,5452.774754516897
2710,5472.215988844639
2711,5491.691434516344
2712,5511.204943792986
2713,5530.849547920272
2714,5550.528721265395
2715,5570.242524660122
2716,5589.991019043263
2717,5609.8707754959005
2718,5629.789383038668
2719,5649.74304196768
2720,5669.731813963163
2721,5689.8473640275315
2722,5710.006910736098
2723,5730.2019328158085
2724,5750.432492692971
2725,5770.788223422522
2726,5791.190224163402
2727,5811.628126925958
2728,5832.101994887274
2729,5852.70224774287
2730,5873.348227390838
2731,5894.030538394318
2732,5914.749244685871
2733,5935.598316240417
2734,5956.489809787675
2735,5977.418066725316
2736,5998.383874531307
2737,6019.485294394478
2738,6040.62384705914
2739,6061.7995978681465
2740,6083.022437142081
2741,6104.372034952144
2742,6125.759202286425
2743,6147.184005256238
2744,6168.668039970647
2745,6190.2673789704895
2746,6211.904726968017
2747,6233.580150847908
2748,6255.329502897037
2749,6277.180156859602
2750,6299.069262062664
2751,6320.996886169077
2752,6343.015636092181
2753,6365.119189426877
2754,6387.261639032866
2755,6409.443053356145
2756,6431.7352410622625
2757,6454.093288920881
2758,6476.490680888554
2759,6498.927486199303
2760,6521.497111692991
2761,6544.111260075585
2762,6566.765203230973
2763,6589.478347014823
2764,6612.31003529367
2765,6635.18190115367
2766,6658.094015295515
2767,6681.092215443208
2768,6704.1827936393
2769,6727.3140049887
2770,6750.485920993719
2771,6773.773059602791
2772,6797.124164012187
2773,6820.516360026312
2774,6843.957843870623
2775,6867.529642074547
2776,6891.142920241314
2777,6914.797751363394
2778,6938.535555515675
2779,6962.370722919311
2780,6986.247833739938
2781,7010.166961785499
2782,7034.204856691456
2783,7058.30506071361
2784,7082.447674540931
2785,7106.650378209217
2786,7130.9744939827715
2787,7155.341413582078
2788,7179.7512123291635
2789,7204.261163983648
2790,7228.853214448953
2791,7253.488540227829
2792,7278.170070559273
2793,7302.988082135368
2794,7327.849766651729
2795,7352.755200959729
2796,7377.750991756259
2797,7402.839871922054
2798,7427.972901678564
2799,7453.150158715907
2800,7478.463807193511
2801,7503.8252760446685
2802,7529.231374163729
2803,7554.72649511879
2804,7580.317252017503
2805,7605.953041665051
2806,7631.633943305641
2807,7657.453729761935
2808,7683.320066745607
2809,7709.231921419166
2810,7735.239582308511
2811,7761.337327841193
2812,7787.480998276009
2813,7813.68211767927
2814,7840.037969905642
2815,7866.440201227761
2816,7892.888893258905
2817,7919.384127756014
2818,7946.014083482508
2819,7972.722402510554
2820,7999.477720873363
2821,8026.280121275617
2822,8053.178672669774
2823,8080.194694470487
2824,8107.258257073563
2825,8134.369444136528
2826,8161.542430459498
2827,8188.867783361855
2828,8216.241221399483
2829,8243.662829187722
2830,8271.132691490846
2831,8298.752321290634
2832,8326.437279356338
2833,8354.17095535728
2834,8381.95343502235
2835,8409.85890857149
2836,8437.857044770943
2837,8465.90445000788
2838,8494.001210980956
2839,8522.198096059597
2840,8550.51108212302
2841,8578.873891267838
2842,8607.286611167634
2843,8635.780387457999
2844,8664.409908852467
2845,8693.089810338011
2846,8721.82018056836
2847,8750.616241600765
2848,8779.563997641886
2849,8808.56269377395
2850,8837.612419636102
2851,8866.716074711243
2852,8895.983778674601
2853,8925.302985743472
2854,8954.673786547715
2855,8984.09627187666
2856,9013.679641867797
2857,9043.321090259798
2858,9073.014699437326
2859,9102.760561187473
2860,9132.66193908197
2861,9162.627373390511
2862,9192.645538604522
2863,9222.716527514365
2864,9252.940986305395
2865,9283.232165442252
2866,9313.576648699593
2867,9343.974529876392
2868,9374.527065815448
2869,9405.145763121369
2870,9435.818340883152
2871,9466.544893913982
2872,9497.430428314454
2873,9528.378431670175
2874,9559.380894963195
2875,9590.43791402633
2876,9621.661295043266
2877,9652.940406980253
2878,9684.27456150769
2879,9715.67335278349
2880,9747.229859870293
2881,9778.841897681437
2882,9810.509563933998
2883,9842.255614271407
2884,9874.146291357476
2885,9906.093087207999
2886,9938.096100574765
2887,9970.194043814023
2888,10002.420734803023
2889,10034.704135841142
2890,10067.04434672066
2891,10099.49875039784
2892,10132.063314261039
2893,10164.685182729128
2894,10197.364456640571
2895,10230.17982365191
2896,10263.084134538949
2897,10296.046347884418
2898,10329.066565578838
2899,10362.247335821818
2900,10395.493283171732
2901,10428.797734158348
2902,10462.185149709934
2903,10495.73887682507
2904,10529.351649178347
2905,10563.023570671185
2906,10596.754745387821
2907,10630.63076573414
2908,10664.612268497473
2909,10698.65356925604
2910,10732.754773235793
2911,10766.934828449394
2912,10801.286994435592
2913,10835.69961067366
2914,10870.17278353734
2915,10904.706619587494
2916,10939.38761146574
2917,10974.173507502703
2918,11009.020617026072
2919,11043.929047752621
2920,11078.925839341915
2921,11114.087008288725
2922,11149.31005108991
2923,11184.595076624208
2924,11219.942193961975
2925,11255.451801628466
2926,11291.052803884417
2927,11326.716453968724
2928,11362.442862122085
2929,11398.279520202002
2930,11434.260538396451
2931,11470.30487313308
2932,11506.412635829285
2933,11542.58393809851
2934,11578.949169331021
2935,11615.380665463486
2936,11651.876270843119
2937,11688.436098282127
2938,11725.121848664974
2939,11761.942193200628
2940,11798.827331239416
2941,11835.777376797665
2942,11872.792444092254
2943,11910.001897581462
2944,11947.27827796335
2945,11984.620254333026
2946,12022.027942118904
2947,12059.572118119473
2948,12097.241470340628
2949,12134.977110061156
2950,12172.779153926216
2951,12210.665097238478
2952,12248.729170710923
2953,12286.86022627247
2954,12325.058381790595
2955,12363.323755340085
2956,12401.75354898337
2957,12440.281792930724
2958,12478.877835765537
2959,12517.541796792544
2960,12556.32668711599
2961,12595.253912151089
2962,12634.249638159034
2963,12673.31398567988
2964,12712.46058351718
2965,12751.788602602266
2966,12791.185827935524
2967,12830.652381298127
2968,12870.188384685514
2969,12909.897803833399
2970,12949.698365042681
2971,12989.568964029286
2972,13029.509724037485
2973,13069.593380526312
2974,13109.799134663235
2975,13150.075639593028
2976,13190.423019814692
2977,13230.891950322588
2978,13271.517783876914
2979,13312.215107435473
2980,13352.984046797934
2981,13393.824727985419
2982,13434.83764390815
2983,13475.957710311202
2984,13517.15013641608
2985,13558.415049552783
2986,13599.771524401189
2987,13641.31629002195
2988,13682.934162684733
2989,13724.6252710347
2990,13766.389743943273
2991,13808.304388796192
2992,13850.351115801315
2993,13892.471833145319
2994,13934.666671027604
2995,13976.935759876673
2996,14019.409618695792
2997,14061.961760397764
2998,14104.588781811879
2999,14147.290814702515
3000,14190.122723755137
3001,14233.108131261444
3002,14276.169180893921
3003,14319.306005758523
3004,14362.51873919532
3005,14405.923915654412
3006,14449.420864464719
3007,14492.994355554747
3008,14536.644523614379
3009,14580.421981002142
3010,14624.356726369646
3011,14668.368784403077
3012,14712.458291147828
3013,14756.625382888764
3014,14800.98956405927
3015,14845.442116369535
3016,14889.97289252418
3017,14934.582030171936
3018,14979.332084431742
3019,15024.227085119244
3020,15069.201088222435
3021,15114.254232760106
3022,15159.396909569916
3023,15204.736339655481
3024,15250.15555421386
3025,15295.654693639894
3026,15341.233898575532
3027,15386.982449955543
3028,15432.848887599535
3029,15478.796037083974
3030,15524.824040435577
3031,15570.977912504197
3032,15617.293612146792
3033,15663.69081419016
3034,15710.169662052102
3035,15756.7354879345
3036,15803.511029664332
3037,15850.368882972896
3038,15897.309192701852
3039,15944.332103947632
3040,15991.49698306975
3041,16038.81725852796
3042,16086.220804124232
3043,16133.707766386913
3044,16181.278292102108
3045,16229.04951055441
3046,16276.91809470157
3047,16324.870913836472
3048,16372.908116185261
3049,16421.079077059698
3050,16469.41453116005
3051,16517.835041791976
3052,16566.340758627106
3053,16614.931831600526
3054,16663.723455886262
3055,16712.61352144628
3056,16761.58961947768
3057,16810.65190136937
3058,16859.858094070936
3059,16909.21960683479
3060,16958.66798166759
3061,17008.203371418098
3062,17057.83156068428
3063,17107.666441811798
3064,17157.589017986254
3065,17207.599443522045
3066,17257.697873005178
3067,17307.9670668623
3068,17358.36579789433
3069,17408.85321616862
3070,17459.429477745532
3071,17510.1344257517
3072,17561.01129417547
3073,17611.97769121075
3074,17663.033774398293
3075,17714.181372018826
3076,17765.538389430403
3077,17816.98578036213
3078,17868.52370384154
3079,17920.152319175922
3080,17971.95988241687
3081,18023.890311539057
3082,18075.91212320123
3083,18128.025478206415
3084,18180.288494239543
3085,18232.704035051356
3086,18285.211812043908
3087,18337.81198752221
3088,18390.536874392263
3089,18443.439629646633
3090,18496.435478422227
3091,18549.524584532748
3092,18602.717606657407
3093,18656.10970841107
3094,18709.59576477795
3095,18763.17594108683
3096,18816.85040295744
3097,18870.72682453065
3098,18924.705253703927
3099,18978.77866923611
3100,19032.947238271398
3101,19087.303476914585
3102,19141.776473570197
3103,19196.345326863087
3104,19251.010205468898
3105,19305.85211568701
3106,19360.82190401645
3107,19415.88842317517
3108,19471.05184337694
3109,19526.385147546825
3110,19581.853981314373
3111,19637.42042406863
3112,19693.08464756864
3113,19748.91494100206
3114,19804.885103603123
3115,19860.953757366104
3116,19917.12107560225
3117,19973.453831479426
3118,20029.927636001255
3119,20086.50081793002
3120,20143.17355213649
3121,20200.014126314018
3122,20256.993915597566
3123,20314.07397265544
3124,20371.254473925026
3125,20428.608109620374
3126,20486.09625632469
3127,20543.685565345375
3128,20601.376214693904
3129,20659.248047050056
3130,20717.24695371773
3131,20775.34792147121
3132,20833.551129903408
3133,20891.946190435803
3134,20950.458289560982
3135,21009.07335282134
3136,21067.791561398793
3137,21126.714782328178
3138,21185.742536425747
3139,21244.874162040764
3140,21304.12475797413
3141,21363.56606042506
3142,21423.111962102506
3143,21482.762647065414
3144,21542.551203692423
3145,21602.512261898468
3146,21662.578833928535
3147,21722.751105450992
3148,21783.082265128614
3149,21843.565627619333
3150,21904.155423015898
3151,21964.85183860375
3152,22025.730160716463
3153,22086.73840628605
3154,22147.85400838061
3155,22209.079477409086
3156,22270.507120669325
3157,22332.04285845526
3158,22393.686880976224
3159,22455.46854709442
3160,22517.425390917037
3161,22579.49126048124
3162,22641.666347634735
3163,22704.00852718866
3164,22766.497236952655
3165,22829.095908363703
3166,22891.804734916484
3167,22954.711675967745
3168,23017.734947589786
3169,23080.869121508025
3170,23144.14136986803
3171,23207.590278614127
3172,23271.150838635218
3173,23334.823246398875
3174,23398.668645033405
3175,23462.65665080325
3176,23526.757256476754
3177,23590.976724268465
3178,23655.393256255775
3179,23719.92314220877
3180,23784.56658159113
3181,23849.36729041531
3182,23914.327559792426
3183,23979.40213992868
3184,24044.591231971164
3185,24109.97710587465
3186,24175.48395257982
3187,24241.10607183439
3188,24306.895433562484
3189,24372.878648313035
3190,24438.977973861234
3191,24505.19361452158
3192,24571.525774968002
3193,24637.98898262364
3194,24704.682337262097
3195,24771.493052302787
3196,24838.421334258972
3197,24905.467390007194
3198,24972.631426788128
3199,25040.023148759417
3200,25107.549171508756
3201,25175.194019870916
3202,25242.957902937196
3203,25310.841030166925
3204,25378.927748451893
3205,25447.173074657858
3206,25515.538492204334
3207,25584.024212409866
3208,25652.630446964667
3209,25721.422736416895
3210,25790.39143926076
3211,25859.481506339514
3212,25928.69315121139
3213,25998.026587810324
3214,26067.534667780194
3215,26137.230897790407
3216,26207.049772232556
3217,26276.991506917508
3218,26347.056318035728
3219,26417.290072558142
3220,26487.71805753681
3221,26558.26997458317
3222,26628.946041773754
3223,26699.74647756878
3224,26770.715474755332
3225,26841.87951971817
3226,26913.168791959044
3227,26984.58351183346
3228,27056.123900084614
3229,27127.837410749587
3230,27199.741897878346
3231,27271.77291520584
3232,27343.930685380023
3233,27416.215431440705
3234,27488.682446988998
3235,27561.33183559713
3236,27634.10906517067
3237,27707.014360663925
3238,27780.04794742711
3239,27853.277197031264
3240,27926.67602354172
3241,28000.204009765905
3242,28073.861382978615
3243,28147.64837085449
3244,28221.648337947492
3245,28295.80121588374
3246,28370.08458039944
3247,28444.498661104084
3248,28519.043688011043
3249,28593.822626082685
3250,28668.73424603418
3251,28743.777687683734
3252,28818.953182990088
3253,28894.284713822508
3254,28969.826911732165
3255,29045.50204093536
3256,29121.3103353431
3257,29197.252029278
3258,29273.378952640527
3259,29349.68815451599
3260,29426.131637340208
3261,29502.709637398915
3262,29579.422391393713
3263,29656.352318463043
3264,29733.43343720081
3265,29810.650195186576
3266,29888.002831096153
3267,29965.51069379551
3268,30043.23195370869
3269,30121.089979291042
3270,30199.0850112004
3271,30277.217290517976
3272,30355.54329194587
3273,30434.045155093954
3274,30512.685157493874
3275,30591.463542220165
3276,30670.383448527533
3277,30749.5317740285
3278,30828.81937632411
3279,30908.246500490604
3280,30987.813392035245
3281,31067.5658047293
3282,31147.503693139693
3283,31227.58224769143
3284,31307.80171590529
3285,31388.163139059216
3286,31468.754056253634
3287,31549.486788685484
3288,31630.36158589732
3289,31711.378697870903
3290,31792.58634883128
3291,31873.97606283636
3292,31955.50899767219
3293,32037.18540535462
3294,32119.016400405795
3295,32201.065955537277
3296,32283.259892581336
3297,32365.598465596748
3298,32448.081929089327
3299,32530.772309285527
3300,32613.630168753516
3301,32696.63383245555
3302,32779.78355695291
3303,32863.11093432055
3304,32946.63569174524
3305,33030.307426901774
3306,33114.12639841633
3307,33198.097618841726
3308,33282.29230477095
3309,33366.635147261884
3310,33451.126407014766
3311,33535.7663451887
3312,33620.61583853023
3313,33705.63287905598
3314,33790.799523185546
3315,33876.116034165294
3316,33961.62212064516
3317,34047.31650444827
3318,34133.16168373071
3319,34219.1579238361
3320,34305.3269847271
3321,34391.701911324104
3322,34478.228830905406
3323,34564.90801092144
3324,34651.74627908237
3325,34738.80500200833
3326,34826.01692114768
3327,34913.382306068146
3328,35000.90142681158
3329,35088.641701639426
3330,35176.541933464374
3331,35264.596842245766
3332,35352.8067001567
3333,35441.227966212944
3334,35529.81987748475
3335,35618.567682812034
3336,35707.47165650935
3337,35796.57979030621
3338,35885.86680119722
3339,35975.31092926012
3340,36064.912450961565
3341,36154.713214499454
3342,36244.69879838034
3343,36334.84272866075
3344,36425.14528397013
3345,36515.644332503114
3346,36606.33201574167
3347,36697.179280811615
3348,36788.186408516165
3349,36879.38929800504
3350,36970.78265977446
3351,37062.3368451045
3352,37154.052136983184
3353,37245.967154748105
3354,37338.0749404698
3355,37430.34480686947
3356,37522.777039147004
3357,37615.39001256882
3358,37708.21569583591
3359,37801.20472300983
3360,37894.357381513124
3361,37987.67475384496
3362,38081.221867550325
3363,38174.93359460708
3364,38268.810224671295
3365,38362.85204790878
3366,38457.1104343831
3367,38551.548459515405
3368,38646.15266566404
3369,38740.923345243296
3370,38835.89842084148
3371,38931.066401014876
3372,39026.401846647444
3373,39121.90505241356
3374,39217.6054721935
3375,39313.513111069755
3376,39409.58951692245
3377,39505.834986715745
3378,39602.24981793659
3379,39698.89284786772
3380,39795.71371597961
3381,39892.70495800078
3382,39989.86687372287
3383,40087.223703697666
3384,40184.79260684047
3385,40282.53320014692
3386,40380.445785724674
3387,40478.53066621291
3388,40576.844347774284
3389,40675.33794152074
3390,40774.00485252904
3391,40872.84538576966
3392,40971.88710546051
3393,41071.13741816673
3394,41170.56237966772
3395,41270.16229727677
3396,41369.93906740311
3397,41469.94988625432
3398,41570.136692096225
3399,41670.49979459665
3400,41771.03950396821
3401,41871.79363383764
3402,41972.74614598628
3403,42073.87630213865
3404,42175.18441487783
3405,42276.686991972
3406,42378.40913987325
3407,42480.310286036714
3408,42582.390745428434
3409,42684.65083356845
3410,42787.1441251926
3411,42889.82026471698
3412,42992.677081154274
3413,43095.714892424054
3414,43198.969616241
3415,43302.424818887324
3416,43406.062069291664
3417,43509.88168778536
3418,43613.904199591525
3419,43718.14260098115
3420,43822.5644282498
3421,43927.17000415383
3422,44031.96654299297
3423,44136.99234408302
3424,44242.20295656448
3425,44347.59870563114
3426,44453.17991704923
3427,44558.99287036572
3428,44664.99654135994
3429,44771.18674440783
3430,44877.56380773067
3431,44984.16825781662
3432,45090.97658297678
3433,45197.97285606216
3434,45305.15740778537
3435,45412.53056944081
3436,45520.14195565995
3437,45627.9481948431
3438,45735.944137881415
3439,45844.13011857679
3440,45952.513256301594
3441,46061.13343869651
3442,46169.94475716093
3443,46278.94754801686
3444,46388.14214817776
3445,46497.549237454215
3446,46607.17999563079
3447,46717.003668083526
3448,46827.02059426306
3449,46937.23111421711
3450,47047.6705706032
3451,47158.31927539835
3452,47269.16268564451
3453,47380.201143943734
3454,47491.43720221203
3455,47602.91516843298
3456,47714.58929926974
3457,47826.45993989153
3458,47938.52743607502
3459,48050.8121621891
3460,48163.32132768098
3461,48276.02847227988
3462,48388.93394434772
3463,48502.03809285902
3464,48615.37969290743
3465,48728.92773991675
3466,48842.67559404038
3467,48956.62360685647
3468,49070.785359574875
3469,49185.178783345465
3470,49299.77350174786
3471,49414.56986897718
3472,49529.568239851964
3473,49644.80269725195
3474,49760.248837380546
3475,49875.898124488944
3476,49991.7509160313
3477,50107.820642169616
3478,50224.12283590572
3479,50340.62968292331
3480,50457.34154332706
3481,50574.25877785488
3482,50691.416808423775
3483,50808.785929187456
3484,50926.36158058245
3485,51044.144126016414
3486,51162.152152617724
3487,51280.38833404571
3488,51398.832571772284
3489,51517.48523188931
3490,51636.35036260759
3491,51755.458464007716
3492,51874.776155922715
3493,51994.30380714383
3494,52114.04178711115
3495,52234.01799065346
3496,52354.2140764685
3497,52474.62166719606
3498,52595.24113499541
3499,52716.08869942882
3500,52837.16819007894
3501,52958.46074006388
3502,53079.966724277925
3503,53201.69249793839
3504,53323.6604749807
3505,53445.84307472044
3506,53568.24067480231
3507,53690.853653535705
3508,53813.71303880724
3509,53936.79084897179
3510,54060.0852346711
3511,54183.596576985736
3512,54307.349437439836
3513,54431.329514809455
3514,54555.52775532213
3515,54679.94454285189
3516,54804.58957448936
3517,54929.47708876714
3518,55054.58436289176
3519,55179.91178354618
3520,55305.45973809401
3521,55431.25646706613
3522,55557.2780283629
3523,55683.521344945286
3524,55809.98680700703
3525,55936.69066810862
3526,56063.63184419747
3527,56190.796393700504
3528,56318.18470965861
3529,56445.80284115164
3530,56573.66903303326
3531,56701.760225960046
3532,56830.07681583631
3533,56958.619199263136
3534,57087.41295584233
3535,57216.43627555733
3536,57345.686632363424
3537,57475.164425747316
3538,57604.889578766226
3539,57734.85449140498
3540,57865.04809793181
3541,57995.4708007481
3542,58126.12300296359
3543,58257.02758285075
3544,58388.16976369501
3545,58519.542709908346
3546,58651.14682753671
3547,58782.9825233406
3548,58915.07652649111
3549,59047.405137652095
3550,59179.966601782384
3551,59312.76132860083
3552,59445.7933417669
3553,59579.08312576363
3554,59712.60745397378
3555,59846.366739091885
3556,59980.36139453861
3557,60114.60178856103
3558,60249.094583695034
3559,60383.82403981385
3560,60518.79057333618
3561,60653.994601413375
3562,60789.453276032866
3563,60925.158600095994
3564,61061.102718660346
3565,61197.2860518981
3566,61333.70902072096
3567,61470.395886880884
3568,61607.323380725895
3569,61744.49181954989
3570,61881.901627308536
3571,62019.56147710316
3572,62157.47821867843
3573,62295.6376458694
3574,62434.04018569442
3575,62572.686265922835
3576,62711.59359532439
3577,62850.750740990334
3578,62990.15275483004
3579,63129.800067701624
3580,63269.69384608139
3581,63409.85472370252
3582,63550.262235616945
3583,63690.91681578979
3584,63831.81889894993
3585,63972.9758575125
3586,64114.394971569796
3587,64256.06293385111
3588,64397.98018221682
3589,64540.14715529757
3590,64682.57810868906
3591,64825.266643908464
3592,64968.206260960396
3593,65111.39740163503
3594,65254.84050849959
3595,65398.551343402534
3596,65542.51947066424
3597,65686.74093126079
3598,65831.21617094344
3599,65975.9456362478
3600,66120.94718079847
3601,66266.20520143409
3602,66411.71882503011
3603,66557.48850133081
3604,66703.51686679394
3605,66849.81777412233
3606,66996.37611941589
3607,67143.1923556473
3608,67290.26693658605
3609,67437.60632947157
3610,67585.21581973741
3611,67733.08505047447
3612,67881.21447870639
3613,68029.60456226057
3614,68178.26582115258
3615,68327.19456547435
3616,68476.38537154713
3617,68625.8387004784
3618,68775.55501418676
3619,68925.54902037642
3620,69075.80781841623
3621,69226.33101848666
3622,69377.11908581248
3623,69528.1766858019
3624,69679.51017250109
3625,69831.10995218462
3626,69982.97649340382
3627,70135.11026553462
3628,70287.52094695586
3629,70440.20409648535
3630,70593.15591377688
3631,70746.37687155997
3632,70899.8688242471
3633,71053.64221472036
3634,71207.68619126997
3635,71362.00123000043
3636,71516.58780785382
3637,71671.45324735361
3638,71826.59634651465
3639,71982.01244179637
3640,72137.70201354302
3641,72293.6663200602
3642,72449.91558456744
3643,72606.43979152502
3644,72763.23942470175
3645,72920.31496871712
3646,73077.67330244737
3647,73235.31275499152
3648,73393.22959605916
3649,73551.4243137223
3650,73709.89909612748
3651,73868.6610062688
3652,74027.7022799261
3653,74187.0234086458
3654,74346.6248848393
3655,74506.5144242305
3656,74666.68743277453
3657,74827.14228769463
3658,74987.87948490558
3659,75148.90318338897
3660,75310.21551346942
3661,75471.81169458649
3662,75633.69222618165
3663,75795.85760857513
3664,75958.31642035156
3665,76121.06136429921
3666,76284.09267999537
3667,76447.41087131601
3668,76611.02081427317
3669,76774.92203632016
3670,76939.11166460723
3671,77103.59020658974
3672,77268.359571927
3673,77433.42466533517
3674,77598.78021283359
3675,77764.42672548011
3676,77930.36471523206
3677,78096.60042713697
3678,78263.12957800008
3679,78429.95175898263
3680,78597.06748567446
3681,78764.48072407131
3682,78932.1912394369
3683,79100.19686354669
3684,79268.49811564773
3685,79437.09719006826
3686,79605.99690755502
3687,79775.19382619936
3688,79944.68846892913
3689,80114.48169529322
3690,80284.57852854395
3691,80454.97466928739
3692,80625.67064415717
3693,80796.66698071343
3694,80967.96828872299
3695,81139.5716548721
3696,81311.47697926809
3697,81483.68479320794
3698,81656.19861857791
3699,81829.01728880657
3700,82002.14005561508
3701,82175.5674540623
3702,82349.30219651143
3703,82523.34432452681
3704,82697.69270179908
3705,82872.34786717428
3706,83047.31195233589
3707,83222.5857665809
3708,83398.16799723587
3709,83574.05918695925
3710,83750.26107052913
3711,83926.77487392123
3712,84103.59927548275
3713,84280.73482171055
3714,84458.18299327498
3715,84635.94516297984
3716,84814.02012735122
3717,84992.40843675006
3718,85171.1114233167
3719,85350.13041055444
3720,85529.46440382315
3721,85709.11395737407
3722,85889.08032663068
3723,86069.364656514
3724,86249.96621879043
3725,86430.885571628
3726,86612.12393494954
3727,86793.68220635214
3728,86975.55995163719
3729,87157.7577329159
3730,87340.27674814087
3731,87523.11763359344
3732,87706.28024967473
3733,87889.76516246614
3734,88073.5736092341
3735,88257.70598119537
3736,88442.16235614008
3737,88626.94330414716
3738,88812.0493975095
3739,88997.48196533762
3740,89183.24082382556
3741,89369.32654707681
3742,89555.7397102046
3743,89742.4810623232
3744,89929.55120917554
3745,90116.95052798124
3746,90304.67959791275
3747,90492.73899916098
3748,90681.12931870819
3749,90869.8511332778
3750,91058.90502587921
3751,91248.29158079729
3752,91438.01121392549
3753,91628.06450400116
3754,91818.45221481235
3755,92009.17493476468
3756,92200.23321583128
3757,92391.62704035826
3758,92583.35764426028
3759,92775.4256200927
3760,92967.83156145329
3761,93160.57540594602
3762,93353.6580568678
3763,93547.08045861237
3764,93740.84320896251
3765,93934.94653166985
3766,94129.39046233155
3767,94324.17653895068
3768,94519.30536352351
3769,94714.77753910497
3770,94910.59214108778
3771,95106.75122025554
3772,95303.25546313396
3773,95500.10547702806
3774,95697.30064775537
3775,95894.84213567535
3776,96092.73121961032
3777,96290.96851114379
3778,96489.55381436269
3779,96688.48719561992
3780,96887.7706218813
3781,97087.40470903883
3782,97287.38975337545
3783,97487.72459082284
3784,97688.4119390863
3785,97889.45241839538
3786,98090.84665007115
3787,98292.59279522764
3788,98494.69372348816
3789,98697.15026993415
3790,98899.96306026154
3791,99103.13056870866
3792,99306.65481322825
3793,99510.53718020034
3794,99714.77829972663
3795,99919.37695965699
3796,100124.33433493678
3797,100329.65235420171
3798,100535.33165198896
3799,100741.37130743153
3800,100947.77170621134
3801,101154.53528791136
3802,101361.66269153544
3803,101569.15324469608
3804,101777.00663797799
3805,101985.22577065609
3806,102193.81128623108
3807,102402.76269965504
3808,102612.07913675191
3809,102821.76388739857
3810,103031.81759962448
3811,103242.23989819892
3812,103453.0295068005
3813,103664.1900209221
3814,103875.72209315238
3815,104087.62536595912
3816,104299.8983522227
3817,104512.54485392997
3818,104725.56552826117
3819,104938.95993029857
3820,105152.72657895455
3821,105366.8693710705
3822,105581.38896844939
3823,105796.28472222877
3824,106011.55539670588
3825,106227.20486088941
3826,106443.23378123777
3827,106659.64117827034
3828,106876.42632083452
3829,107093.59291772125
3830,107311.14164007598
3831,107529.0708117758
3832,107747.38041486104
3833,107966.07415446217
3834,108185.15270644327
3835,108404.61600038774
3836,108624.46063607879
3837,108844.69210907692
3838,109065.31109999683
3839,109286.31829065114
3840,109507.70939397908
3841,109729.48927310182
3842,109951.659394463
3843,110174.22044466747
3844,110397.16940662383
3845,110620.50844678108
3846,110844.24047241238
3847,111068.36617494786
3848,111292.88335970385
3849,111517.79157478047
3850,111743.0955361816
3851,111968.79594019422
3852,112194.8934843299
3853,112421.38395508054
3854,112648.27075034467
3855,112875.556773098
3856,113103.24272575132
3857,113331.32929756168
3858,113559.80946801315
3859,113788.69166937475
3860,114017.97660898847
3861,114247.66499544066
3862,114477.75692807404
3863,114708.24637550964
3864,114939.14138901833
3865,115170.44268216068
3866,115402.15096975278
3867,115634.2653881426
3868,115866.78164941035
3869,116099.70704276275
3870,116333.04228803355
3871,116566.7881063225
3872,116800.94228134028
3873,117035.50305548313
3874,117270.47655885617
3875,117505.86351762095
3876,117741.6646592158
3877,117977.87601053569
3878,118214.49915965936
3879,118451.53866657939
3880,118688.99526384025
3881,118926.86968527445
3882,119165.15578401358
3883,119403.8593341982
3884,119642.98290245439
3885,119882.52722776511
3886,120122.49244550495
3887,120362.87162157854
3888,120603.67376382949
3889,120844.8996164263
3890,121086.54992484685
3891,121328.62195361001
3892,121571.1143606491
3893,121814.03345189027
3894,122057.37997804253
3895,122301.15469113519
3896,122545.35153302738
3897,122789.97566237894
3898,123035.0302264843
3899,123280.51598265018
3900,123526.43238623257
3901,123772.7729451363
3902,124019.54695867484
3903,124266.75518946632
3904,124514.3984014709
3905,124762.47413478597
3906,125010.97958145106
3907,125259.9222916419
3908,125509.3030346766
3909,125759.12258122703
3910,126009.37608595297
3911,126260.06537006992
3912,126511.19575993637
3913,126762.76803162956
3914,127014.78296259142
3915,127267.2328425642
3916,127520.1250851929
3917,127773.4623094295
3918,128027.24529816884
3919,128281.47346729095
3920,128536.13985898522
3921,128791.25435369821
3922,129046.81773981506
3923,129302.83080710813
3924,129559.28927375129
3925,129816.19344768138
3926,130073.54966174392
3927,130331.35871124946
3928,130589.62139290785
3929,130848.32922199134
3930,131107.49078583674
3931,131367.10836141845
3932,131627.18275103287
3933,131887.7116576761
3934,132148.69118474156
3935,132410.12992202296
3936,132672.02867744333
3937,132934.38826034692
3938,133197.2012848663
3939,133460.47391158718
3940,133724.20978294095
3941,133988.40971394713
3942,134253.07186928578
3943,134518.19120567988
3944,134783.7770357515
3945,135049.83018023547
3946,135316.35146130953
3947,135583.33303976906
3948,135850.7817644024
3949,136118.7010809612
3950,136387.091817389
3951,136655.9510120128
3952,136925.27566053416
3953,137195.07420141302
3954,137465.34746839764
3955,137736.09629670336
3956,138007.31078166043
3957,138279.00169319325
3958,138551.17066019322
3959,138823.81852373146
3960,139096.93955387952
3961,139370.53607695468
3962,139644.614008148
3963,139919.1741944281
3964,140194.21477456094
3965,140469.73024510025
3966,140745.73049986648
3967,141022.21639176647
3968,141299.18877520735
3969,141576.63746445515
3970,141854.57349787338
3971,142132.99857413908
3972,142411.9135536502
3973,142691.31137891635
3974,142971.19674227806
3975,143251.57457803685
3976,143532.44575262294
3977,143813.8060120857
3978,144095.65435342724
3979,144377.99862072166
3980,144660.83968647386
3981,144944.17576990588
3982,145228.00083455027
3983,145512.32530288034
3984,145797.15005351786
3985,146082.47544327413
3986,146368.2910743882
3987,146654.60961126993
3988,146941.43193870105
3989,147228.75894301923
3990,147516.58034983175
3991,147804.90692137135
3992,148093.74081626718
3993,148383.08292707123
3994,148672.92432856178
3995,148963.27300003736
3996,149254.1325524159
3997,149545.50388450644
3998,149837.3790716875
3999,150129.7640081464
4000,150422.66340796964
4001,150716.078176268
4002,151010.0010364005
4003,151304.43650326683
4004,151599.39004105085
4005,151894.8625612081
4006,152190.8470786375
4007,152487.34744232974
4008,152784.3695097616
4009,153081.91419877877
4010,153379.97445575235
4011,153678.55418431407
4012,153977.65927488537
4013,154277.2906517459
4014,154577.44082921237
4015,154878.11449294974
4016,155179.3172025935
4017,155481.04988890365
4018,155783.3042672979
4019,156086.08653942778
4020,156389.40156716996
4021,156693.2502878087
4022,156997.62324782743
4023,157302.52890513832
4024,157607.97105375724
4025,157913.95063753967
4026,158220.45666090547
4027,158527.50058442188
4028,158835.0847611164
4029,159143.20972197084
4030,159451.8638116781
4031,159761.06098733738
4032,160070.80220440237
4033,160381.08579780586
4034,160691.90442311735
4035,161003.26994245432
4036,161315.18331796906
4037,161627.6403067703
4038,161940.63863882623
4039,162254.1876996655
4040,162568.2884581844
4041,162882.93370911843
4042,163198.1270258626
4043,163513.87493301896
4044,163830.17840627622
4045,164147.0268907008
4046,164464.430577585
4047,164782.3927435709
4048,165100.91302248306
4049,165419.98116582131
4050,165739.61071652282
4051,166059.80266226587
4052,166380.55145069357
4053,166701.85411171635
4054,167023.7221112609
4055,167346.15644392007
4056,167669.1581060357
4057,167992.71251999322
4058,168316.83463703448
4059,168641.52705282124
4060,168966.7907706706
4061,169292.61875297155
4062,169619.01076637796
4063,169945.97707191322
4064,170273.51867991735
4065,170601.6356104704
4066,170930.31341004907
4067,171259.56952308622
4068,171589.40496699535
4069,171919.8207609787
4070,172250.80592010095
4071,172582.3678702598
4072,172914.51320788584
4073,173247.24295931653
4074,173580.55072580287
4075,173914.43065386152
4076,174248.8980473333
4077,174583.95393972736
4078,174919.59936637108
4079,175255.83390025783
4080,175592.6395766786
4081,175930.03786567936
4082,176268.02980982265
4083,176606.61645350402
4084,176945.7988429563
4085,177285.55943513574
4086,177625.9142953676
4087,177966.8680121194
4088,178308.4216389347
4089,178650.57623121035
4090,178993.31808791534
4091,179336.6554204631
4092,179680.59685646195
4093,180025.1434586836
4094,180370.2962917693
4095,180716.04451544522
4096,181062.39044869243
4097,181409.3457782753
4098,181756.9115762747
4099,182105.08891665647
4100,182453.86882960703
4101,182803.2497211771
4102,183153.24534832328
4103,183503.85679251712
4104,183855.0851371314
4105,184206.922283535
4106,184559.36472225044
4107,184912.42728254542
4108,185266.1110553638
4109,185620.41713356806
4110,185975.33728148806
4111,186330.86808935425
4112,186687.0244519759
4113,187043.80746985239
4114,187401.21824541825
4115,187759.24738881286
4116,188117.89362302088
4117,188477.17089274657
4118,188837.08030812762
4119,189197.62298125515
4120,189558.78734199042
4121,189920.57629694574
4122,190283.00181618312
4123,190646.06501956412
4124,191009.7670289199
4125,191374.09305878865
4126,191739.0522681545
4127,192104.65361899056
4128,192470.89824096655
4129,192837.78726573975
4130,193205.30164848664
4131,193573.45888725514
4132,193942.26389352896
4133,194311.71780687312
4134,194681.82043092346
4135,195052.551422215
4136,195423.93470879493
4137,195795.9714381911
4138,196168.66275994928
4139,196542.00231530756
4140,196915.98190338002
4141,197290.6195017082
4142,197665.9162678701
4143,198041.8733614802
4144,198418.4771917969
4145,198795.73383819064
4146,199173.65425986124
4147,199552.23962452525
4148,199931.49110195364
4149,200311.38679065095
4150,200691.94920627808
4151,201073.18121269552
4152,201455.08398784787
4153,201837.6512078587
4154,202220.87408410895
4155,202604.7712314221
4156,202989.34383597373
4157,203374.59308602524
4158,203760.50238051114
4159,204147.08329718962
4160,204534.3443923709
4161,204922.28686261908
4162,205310.90809637157
4163,205700.19154110382
4164,206090.15991859237
4165,206480.8144337628
4166,206872.15629365883
4167,207264.17061247898
4168,207656.8651953027
4169,208050.2507117007
4170,208444.3283771519
4171,208839.0956824521
4172,209234.53552589417
4173,209630.67113231437
4174,210027.50372568387
4175,210425.03453212665
4176,210823.2467401289
4177,211222.15165877386
4178,211621.75843606898
4179,212022.06830670513
4180,212423.0751978083
4181,212824.7687852117
4182,213227.16913700543
4183,213630.27749650838
4184,214034.0951092255
4185,214438.59954041708
4186,214843.81299278568
4187,215249.73940156904
4188,215656.38002097487
4189,216063.72149156462
4190,216471.7677070264
4191,216880.53186218705
4192,217290.01522001755
4193,217700.21274796108
4194,218111.11152642517
4195,218522.7332626909
4196,218935.079228554
4197,219348.15069804678
4198,219761.9232445383
4199,220176.42253522636
4200,220591.65111756357
4201,221007.61027448365
4202,221424.28220559444
4203,221841.67916357645
4204,222259.81051062833
4205,222678.67753864834
4206,223098.26830833036
4207,223518.5831870009
4208,223939.63758777877
4209,224361.43281158822
4210,224783.9620098466
4211,225207.2152041043
4212,225631.21308937093
4213,226055.95697566116
4214,226481.44432950334
4215,226907.65637673452
4216,227334.61831999227
4217,227762.33147844352
4218,228190.796852834
4219,228619.988433907
4220,229049.93515239056
4221,229480.63833666983
4222,229912.0993174645
4223,230344.29367575466
4224,230777.24603143468
4225,231210.9601401972
4226,231645.4373420603
4227,232080.6549775095
4228,232516.63397809886
4229,232953.38005600008
4230,233390.8945605932
4231,233829.15579350732
4232,234268.1825934793
4233,234707.98183219138
4234,235148.5548684521
4235,235589.8801612269
4236,236031.9760628371
4237,236474.84980207562
4238,236918.50274724432
4239,237362.91270535268
4240,237808.09915966948
4241,238254.068888223
4242,238700.8232688757
4243,239148.33864186623
4244,239596.6372498086
4245,240045.72460658083
4246,240495.60209967155
4247,240946.23702804954
4248,241397.66227149448
4249,241849.88176381995
4250,242302.89690218688
4251,242756.7064992006
4252,243211.28018031642
4253,243666.65364870173
4254,244122.82831125616
4255,244579.80557735253
4256,245037.57752517244
4257,245496.12696230662
4258,245955.48318040956
4259,246415.6475986785
4260,246876.62163880598
4261,247338.38901025287
4262,247800.94896877735
4263,248264.32276310114
4264,248728.5118248273
4265,249193.51758807505
4266,249659.3137453008
4267,250125.91929441143
4268,250593.34579581776
4269,251061.5946936363
4270,251530.66619297487
4271,252000.52603152813
4272,252471.21254689601
4273,252942.72719326025
4274,253415.07142736003
4275,253888.2324327786
4276,254362.20169367155
4277,254837.0048601157
4278,255312.64339900433
4279,255789.1187798092
4280,256266.40152914895
4281,256744.51353570062
4282,257223.46673513236
4283,257703.26260715086
4284,258183.9026340643
4285,258665.35262715447
4286,259147.6435815566
4287,259630.78307982307
4288,260114.77261458687
4289,260599.61357510946
4290,261085.2655397077
4291,261571.77196033948
4292,262059.13434003218
4293,262547.3541844568
4294,263036.424849196
4295,263526.321650512
4296,264017.08037470066
4297,264508.7025379186
4298,265001.18965898885
4299,265494.525195895
4300,265988.70392776135
4301,266483.7521145622
4302,266979.6712856983
4303,267476.4629732593
4304,267974.0988577388
4305,268472.596937958
4306,268971.9720709649
4307,269472.2257995203
4308,269973.3596690963
4309,270475.33168669033
4310,270978.1868598556
4311,271481.92675002816
4312,271986.55291344447
4313,272492.0516989106
4314,272998.41115816165
4315,273505.6614985112
4316,274013.80428703275
4317,274522.8410935561
4318,275032.7411369945
4319,275543.5263851797
4320,276055.2102994687
4321,276567.7944606242
4322,277081.27363740414
4323,277595.618421361
4324,278110.86813265516
4325,278627.02436305786
4326,279144.0887071393
4327,279662.0352941635
4328,280180.8756454601
4329,280700.6288317881
4330,281221.29645882105
4331,281742.87537117535
4332,282265.3313784236
4333,282788.70658060873
4334,283313.002594588
4335,283838.22104006034
4336,284364.33455849113
4337,284891.3570109254
4338,285419.30669060873
4339,285948.18522852106
4340,286477.9851037863
4341,287008.6802165289
4342,287540.3090166526
4343,288072.8731464945
4344,288606.3742512803
4345,289140.7769884094
4346,289676.1105409082
4347,290212.38593968126
4348,290749.60484141065
4349,291287.7459294182
4350,291826.80331434216
4351,292366.8090956336
4352,292907.76494149165
4353,293449.672523048
4354,293992.50793734955
4355,294536.2700435743
4356,295080.9888215865
4357,295626.66595413396
4358,296173.30312692415
4359,296720.87148127524
4360,297269.3793600948
4361,297818.8522582958
4362,298369.29187330237
4363,298920.69990552386
4364,299473.0401508246
4365,300026.3352115447
4366,300580.6037120437
4367,301135.8473645497
4368,301692.0678843025
4369,302249.2193115322
4370,302807.3433245901
4371,303366.44927126134
4372,303926.5388787084
4373,304487.609782555
4374,305049.6161203087
4375,305612.61122042
4376,306176.5968220569
4377,306741.57466744556
4378,307307.5282415419
4379,307874.4395410493
4380,308442.3482303823
4381,309011.25606387603
4382,309581.16479895095
4383,310152.0413015355
4384,310723.90036037937
4385,311296.7655117578
4386,311870.6385253061
4387,312445.5211737714
4388,313021.36121454684
4389,313598.21120353916
4390,314176.0760636723
4391,314754.95758001495
4392,315334.8395463614
4393,315915.70208396675
4394,316497.5865504002
4395,317080.49474313867
4396,317664.4284628201
4397,318249.34785530594
4398,318835.2798806934
4399,319422.24275162333
4400,320010.2382812486
4401,320599.25846280926
4402,321189.26292176574
4403,321780.30538922804
4404,322372.3876909421
4405,322965.5116558627
4406,323559.655107125
4407,324154.80551334156
4408,324751.0029791908
4409,325348.2493463312
4410,325946.54645965755
4411,326545.85525440075
4412,327146.1964730831
4413,327747.59388139844
4414,328350.04933705536
4415,328953.5647010282
4416,329558.0812805113
4417,330163.65856726567
4418,330770.30125321174
4419,331378.01121224853
4420,331986.7712956009
4421,332596.5574976769
4422,333207.4165018413
4423,333819.3501950071
4424,334432.36046740337
4425,335046.40555938304
4426,335661.51017098565
4427,336277.6969389885
4428,336894.9677667489
4429,337513.3184376355
4430,338132.6981485055
4431,338753.1675350201
4432,339374.728513754
4433,339997.3830046526
4434,340621.09712760895
4435,341245.8788805986
4436,341871.7598105647
4437,342498.74185078504
4438,343126.82461240736
4439,343755.94868544897
4440,344386.1795728789
4441,345017.5192214018
4442,345649.9695811432
4443,346283.4954771049
4444,346918.10653552867
4445,347553.8340589951
4446,348190.68001117295
4447,348828.63860651775
4448,349467.6602580862
4449,350107.80613212625
4450,350749.07820594264
4451,351391.4784603172
4452,352034.96113049437
4453,352679.5560410448
4454,353325.2849763786
4455,353972.14993103273
4456,354620.1303787077
4457,355269.2052233308
4458,355919.42197205743
4459,356570.78263327415
4460,357223.2892188994
4461,357876.8759595501
4462,358531.61168685195
4463,359187.4992745982
4464,359844.54074867687
4465,360502.69137891626
4466,361161.97746459016
4467,361822.4234138206
4468,362484.0312665661
4469,363146.7754649647
4470,363810.6435047113
4471,364475.67946666776
4472,365141.8854049557
4473,365809.2530612148
4474,366477.73486792366
4475,367147.3927114142
4476,367818.22866007313
4477,368490.24478592246
4478,369163.37748184963
4479,369837.6892945217
4480,370513.1873976006
4481,371189.8738774968
4482,371867.69814665883
4483,372546.6962362471
4484,373226.88885827095
4485,373908.27811362693
4486,374590.82454066974
4487,375274.5414362294
4488,375959.46116342954
4489,376645.5858377561
4490,377332.8852259233
4491,378021.35367903305
4492,378711.03332055797
4493,379401.9262806716
4494,380094.00965370185
4495,380787.26263964496
4496,381481.73522873764
4497,382177.4295659453
4498,382874.32816999813
4499,383572.39888890606
4500,384271.69768405496
4501,384972.22671530244
4502,385673.972020905
4503,386376.89389886876
4504,387081.05238491594
4505,387786.449653902
4506,388493.07335792173
4507,389200.88004805456
4508,389909.93193726556
4509,390620.23121550994
4510,391331.7652431433
4511,392044.49062660086
4512,392758.4698596819
4513,393473.70514754613
4514,394190.1816543291
4515,394907.85984126985
4516,395626.8005883333
4517,396347.00611598935
4518,397068.4574898172
4519,397791.1228203003
4520,398515.05948176136
4521,399240.2697100863
4522,399966.7285732492
4523,400694.41561806196
4524,401423.38282547065
4525,402153.63244688394
4526,402885.1316581037
4527,403617.87521950505
4528,404351.90783628804
4529,405087.2317754909
4530,405823.8044319632
4531,406561.6395443359
4532,407300.7726664518
4533,408041.2060810874
4534,408782.88552051573
4535,409525.84745091223
4536,410270.11640739697
4537,411015.69468859344
4538,411762.5144912167
4539,412510.63873978367
4540,413260.0790931778
4541,414010.83247611806
4542,414762.83185657754
4543,415516.1541568487
4544,416270.80170348764
4545,417026.7548664126
4546,417783.9790770257
4547,418542.5353960541
4548,419302.42616620456
4549,420063.61338547297
4550,420826.0985632635
4551,421589.92510158423
4552,422355.09535940393
4553,423121.5511632425
4554,423889.33367806696
4555,424658.46686945774
4556,425428.9531127541
4557,426200.7122833582
4558,426973.8287374432
4559,427748.3052484553
4560,428524.12165445
4561,429301.2417838374
4562,430079.72901104763
4563,430859.5857402799
4564,431640.7671835048
4565,432423.2856569581
4566,433207.1807217837
4567,433992.45479886484
4568,434779.0368024157
4569,435566.99084826274
4570,436356.3310444561
4571,437147.0444320088
4572,437939.07818084565
4573,438732.5052545357
4574,439527.328103373
4575,440323.5051556892
4576,441121.0399387392
4577,441919.9777206607
4578,442720.32096874644
4579,443521.9835364921
4580,444325.04005196656
4581,445129.5092766726
4582,445935.3936949683
4583,446742.64486348134
4584,447551.2613077685
4585,448361.3002387721
4586,449172.7641580325
4587,449985.63943453896
4588,450799.8542662615
4589,451615.50142976973
4590,452432.58344390744
4591,453251.10283194314
4592,454070.9705280762
4593,454892.26471462066
4594,455715.0036823328
4595,456539.1899719319
4596,457364.76274125517
4597,458191.74300730164
4598,459020.1780536889
4599,459850.0704387076
4600,460681.38460812886
4601,461514.09027769323
4602,462348.2607958739
4603,463183.89873865724
4604,464020.9908922156
4605,464859.4615584588
4606,465699.4072111722
4607,466540.8304441549
4608,467383.7338557643
4609,468228.0129519045
4610,469073.7736730908
4611,469921.0222003864
4612,470769.7611501211
4613,471619.90163680585
4614,472471.5176331789
4615,473324.6317321569
4616,474179.2465681598
4617,475035.28587521607
4618,475892.7976278184
4619,476751.8178506529
4620,477612.34919635794
4621,478474.3250192251
4622,479337.77328495233
4623,480202.740460156
4624,481069.22921581834
4625,481937.1795176585
4626,482806.6053307619
4627,483677.56056469
4628,484550.04790889844
4629,485424.01092270616
4630,486299.4555962663
4631,487176.44027459616
4632,488054.9676657461
4633,488934.9818964699
4634,489816.4870238388
4635,490699.5428130055
4636,491584.15199074673
4637,492470.25623716717
4638,493357.8637311292
4639,494247.03261756216
4640,495137.7656420979
4641,496029.99886741774
4642,496923.7509530211
4643,497819.0752359623
4644,498715.9744808609
4645,499614.37583885575
4646,500514.3150329553
4647,501415.837303968
4648,502318.9454356274
4649,503223.5543515835
4650,504129.72346484446
4651,505037.4866098134
4652,505946.8465894724
4653,506857.7027620523
4654,507770.1449009641
4655,508684.1921021177
4656,509599.8453542458
4657,510516.9905910038
4658,511435.7491599062
4659,512356.1238978472
4660,513278.09432443697
4661,514201.58853144833
4662,515126.7072345741
4663,516053.4532903264
4664,516981.78135044145
4665,517911.6684567039
4666,518843.1913002365
4667,519776.35275729944
4668,520711.0791904895
4669,521647.40342848364
4670,522585.3747226169
4671,523524.99596903677
4672,524466.1282916764
4673,525408.8958414586
4674,526353.3217770256
4675,527299.4090144305
4676,528247.1597562442
4677,529196.4149315977
4678,530147.3399002374
4679,531099.9375982615
4680,532054.2109669235
4681,533010.1341169099
4682,533967.6028149191
4683,534926.7557483829
4684,535887.595878771
4685,536850.1261727561
4686,537814.2854393816
4687,538780.0386903536
4688,539747.490743739
4689,540716.6445866025
4690,541687.5032112536
4691,542659.9628556446
4692,543634.0723031608
4693,544609.8952459192
4694,545587.4346967947
4695,546566.6936739591
4696,547547.5185146244
4697,548530.056420785
4698,549514.3226419693
4699,550500.3202170887
4700,551488.0085602981
4701,552477.3076079597
4702,553468.3468586744
4703,554461.1293722392
4704,555455.6582138259
4705,556451.8295392625
4706,557449.6883959845
4707,558449.302506294
4708,559450.6749564322
4709,560453.8041900129
4710,561458.5295485943
4711,562465.022233889
4712,563473.2853533443
4713,564483.3220198664
4714,565495.0538653224
4715,566508.4724259102
4716,567523.6735980844
4717,568540.6605161467
4718,569559.4363199025
4719,570579.8382180523
4720,571602.0251511362
4721,572626.0101127368
4722,573651.7962642359
4723,574679.3060194217
4724,575708.5267485535
4725,576739.5578732108
4726,577772.4025765014
4727,578807.0635211917
4728,579843.3664106192
4729,580881.4921475406
4730,581921.4439369411
4731,582963.2249894325
4732,584006.7334505463
4733,585052.0025808134
4734,586099.1103230924
4735,587148.0599100587
4736,588198.8184832314
4737,589251.2801219797
4738,590305.5930185491
4739,591361.7604278284
4740,592419.785610427
4741,593479.5170326511
4742,594541.0846217657
4743,595604.5194786332
4744,596669.8248862659
4745,597736.9056434663
4746,598805.7754295446
4747,599876.525321855
4748,600949.1586259606
4749,602023.6436055623
4750,603099.8657850442
4751,604177.9809974093
4752,605257.9925709273
4753,606339.9038397187
4754,607423.552075918
4755,608509.083237734
4756,609596.5237989938
4757,610685.8771167157
4758,611777.0320397126
4759,612870.0301274739
4760,613964.950742505
4761,615061.7972648841
4762,616160.5047730244
4763,617261.021112639
4764,618363.4731975017
4765,619467.8644309108
4766,620574.1707406995
4767,621682.2570098238
4768,622792.2923329457
4769,623904.2801367369
4770,625018.223853888
4771,626133.9400154689
4772,627251.6106999888
4773,628371.2472888505
4774,629492.8532383221
4775,630616.2737151654
4776,631741.632241288
4777,632868.9701875998
4778,633998.2910341115
4779,635129.4630929976
4780,636262.5623003617
4781,637397.6545365708
4782,638534.7433055342
4783,639673.7145409378
4784,640814.6076309899
4785,641957.507451979
4786,643102.4175318812
4787,644249.2358682654
4788,645397.9764066375
4789,646548.7374721173
4790,647701.5226169103
4791,648856.2363110282
4792,650012.8782299277
4793,651171.5545668245
4794,652332.2688983243
4795,653494.9265415272
4796,654659.5241421285
4797,655826.1701469878
4798,656994.868157271
4799,658165.5186778276
4800,659338.1266326781
4801,660512.797074061
4802,661689.5336278762
4803,662868.2262933027
4804,664048.8996487189
4805,665231.6496696164
4806,666416.4800067954
4807,667603.2644261775
4808,668792.0586046546
4809,669982.9437248923
4810,671175.9234627674
4811,672370.8495890881
4812,673567.8203917074
4813,674766.8965103662
4814,675968.0816461812
4815,677171.1997786467
4816,678376.4033874859
4817,679583.7267853037
4818,680793.1721201633
4819,682004.5344849969
4820,683218.0274655357
4821,684433.6548073278
4822,685651.3806601084
4823,686871.0747013604
4824,688092.9140048834
4825,689316.902341944
4826,690542.959976902
4827,691771.0429335494
4828,693001.2858995466
4829,694233.6926720621
4830,695468.1337085242
4831,696704.6632094559
4832,697943.3675680185
4833,699184.2506074518
4834,700427.1270220861
4835,701672.1610884881
4836,702919.3849626849
4837,704168.7705669139
4838,705420.1666232233
4839,706673.7636709388
4840,707929.5655791909
4841,709187.4780443682
4842,710447.4807654027
4843,711709.6996072883
4844,712974.1384657244
4845,714240.6307649731
4846,715509.2992591417
4847,716780.1991073994
4848,718053.302011971
4849,719328.3947982546
4850,720605.730231466
4851,721885.3122538854
4852,723167.1448147122
4853,724451.0789373295
4854,725737.140476388
4855,727025.4639436597
4856,728316.053315278
4857,729608.9124317172
4858,730903.7596467918
4859,732200.884233679
4860,733500.2901956289
4861,734801.981542925
4862,736105.8189646035
4863,737411.8047526842
4864,738720.0874920386
4865,740030.6712202963
4866,741343.5512314492
4867,742658.4587118843
4868,743975.6788260099
4869,745295.2156389896
4870,746617.07322313
4871,747941.0809157036
4872,749267.2994150538
4873,750595.8504303297
4874,751926.7380616083
4875,753259.9077726128
4876,754595.1860835326
4877,755932.8128352981
4878,757272.792155943
4879,758615.1281807494
4880,759959.5772735772
4881,761306.3417154737
4882,762655.4747878964
4883,764006.9806543307
4884,765360.7130560714
4885,766716.67756404
4886,768075.0268736951
4887,769435.7651769101
4888,770798.8272916186
4889,772164.0161990494
4890,773531.6061219252
4891,774901.6012805845
4892,776274.005902776
4893,777648.6887062705
4894,779025.5820558186
4895,780404.8969936454
4896,781786.637776212
4897,783170.8086674487
4898,784557.1972588353
4899,785945.8953266699
4900,787337.0357316618
4901,788730.6227666955
4902,790126.6607321949
4903,791524.8409444971
4904,792925.4448647237
4905,794328.5120485269
4906,795734.0468255332
4907,797141.9801774264
4908,798552.1119393662
4909,799964.723711344
4910,801379.8198523795
4911,802797.4047291463
4912,804217.2853992246
4913,805639.5066361513
4914,807064.2291318774
4915,808491.4572827291
4916,809921.1954927468
4917,811353.111397939
4918,812787.5256801224
4919,814224.4626516796
4920,815663.926746554
4921,817105.7902771435
4922,818549.9622216357
4923,819996.674005387
4924,821445.9300924446
4925,822897.7349546984
4926,824351.7932009283
4927,825808.3462362384
4928,827267.460871469
4929,828729.141608868
4930,830193.2747941351
4931,831659.7359712803
4932,833128.7761623679
4933,834600.3999002118
4934,836074.6117255874
4935,837551.1015839388
4936,839030.1347933167
4937,840511.7691124564
4938,841996.009112958
4939,843482.700213419
4940,844971.7872531891
4941,846463.4930724371
4942,847957.8222737787
4943,849454.7794679068
4944,850954.0121804101
4945,852455.8579061365
4946,853960.3448347502
4947,855467.4776082289
4948,856977.0731108043
4949,858489.1276128738
4950,860003.8412595055
4951,861521.2187241637
4952,863041.2353734168
4953,864563.5679883267
4954,866088.5778111614
4955,867616.269547091
4956,869146.647909543
4957,870679.4466365257
4958,872214.8225643515
4959,873752.8986230682
4960,875293.6795580826
4961,876837.0329819494
4962,878382.845417324
4963,879931.3763249486
4964,881482.630482416
4965,883036.5982816854
4966,884592.9181041466
4967,886151.9748646052
4968,887713.7733730623
4969,889278.3184479659
4970,890845.314206988
4971,892414.9683052284
4972,893987.3827750806
4973,895562.5624676726
4974,897140.309168473
4975,898720.6325737165
4976,900303.7351004819
4977,901889.6216328032
4978,903478.1803041513
4979,905069.245473142
4980,906663.1086407163
4981,908259.7747240366
4982,909859.2037286197
4983,911461.0535947558
4984,913065.7204117674
4985,914673.2091300815
4986,916283.5247088077
4987,917896.3898155399
4988,919511.9334443259
4989,921130.3180883505
4990,922751.5487402676
4991,924375.5350774731
4992,926002.0291749665
4993,927631.3835308864
4994,929263.6031716538
4995,930898.6931325153
4996,932536.2909490913
4997,934176.689301874
4998,935819.9723468125
4999,937466.1451532043
5000,939115.0040337461
5001,940766.5211705317
5002,942420.9425380048
5003,944078.2732397479
5004,945738.4556306127
5005,947401.1668440663
5006,949066.8019588512
5007,950735.366113067
5008,952406.8644538351
5009,954080.9159806931
5010,955757.8407774126
5011,957437.7144519626
5012,959120.5421862681
5013,960806.0602028079
5014,962494.3511293518
5015,964185.6109062524
5016,965879.8447504798
5017,967576.8931101664
5018,969276.6271311574
5019,970979.3501100685
5020,972685.0672991549
5021,974393.7102932344
5022,976104.9648934929
5023,977819.2286951853
5024,979536.5069860815
5025,981256.8050632305
5026,982979.6625345971
5027,984705.5453044794
5028,986434.4629796961
5029,988166.4208931163
5030,989901.0201938264
5031,991638.6006054598
5032,993379.236476582
5033,995122.9331761291
5034,996869.3400452114
5035,998618.697303881
5036,1000371.1307151546
5037,1002126.6456842677
5038,1003884.9263111905
5039,1005646.1401574856
5040,1007410.450989385
5041,1009177.8642486766
5042,1010948.0852763762
5043,1012721.2359897838
5044,1014497.5046626328
5045,1016276.896773504
5046,1018059.1253014224
5047,1019844.2937039612
5048,1021632.6011815579
5049,1023424.0532498426
5050,1025218.3568369932
5051,1027015.6242968738
5052,1028816.0520901716
5053,1030619.6457698052
5054,1032426.0924378537
5055,1034235.5408731437
5056,1036048.1710439037
5057,1037863.9885405989
5058,1039682.6467769761
5059,1041504.3586593098
5060,1043329.2738238351
5061,1045157.3978988117
5062,1046988.3366598351
5063,1048822.395018137
5064,1050659.6783509897
5065,1052500.192324712
5066,1054343.481038725
5067,1056189.9694629568
5068,1058039.7047007256
5069,1059892.661449251
5070,1061748.401027203
5071,1063607.4036721506
5072,1065469.6751172256
5073,1067335.1034890073
5074,1069203.4199146358
5075,1071075.0215036944
5076,1072949.9140280755
5077,1074827.8847610056
5078,1076708.8631808106
5079,1078593.1490098233
5080,1080480.7480589554
5081,1082371.332374916
5082,1084265.058510692
5083,1086162.114451801
5084,1088062.5060484419
5085,1089965.7756565395
5086,1091872.3358092385
5087,1093782.24831476
5088,1095695.4342425626
5089,1097611.546162684
5090,1099531.0272163202
5091,1101453.8833226433
5092,1103379.8802173943
5093,1105308.9776961843
5094,1107241.4671217485
5095,1109177.3544532703
5096,1111116.2353757797
5097,1113058.4063209973
5098,1115003.992180414
5099,1116952.9365582662
5100,1118904.8374641377
5101,1120860.170377397
5102,1122818.9413274862
5103,1124780.8977812238
5104,1126746.026516491
5105,1128714.610497273
5106,1130686.6557937742
5107,1132661.6987608825
5108,1134640.1448698759
5109,1136622.069619542
5110,1138607.289007488
5111,1140595.5155937073
5112,1142587.2380017596
5113,1144582.4623730052
5114,1146581.1948595704
5115,1148582.8590549077
5116,1150587.9467396014
5117,1152596.559866025
5118,1154608.704627476
5119,1156624.031059072
5120,1158642.4974345823
5121,1160664.5127535132
5122,1162690.083250381
5123,1164719.2151706277
5124,1166751.430446412
5125,1168786.9341445086
5126,1170826.0167145447
5127,1172868.684443512
5128,1174914.9436294262
5129,1176964.1708864495
5130,1179016.8555353733
5131,1181073.1492365852
5132,1183133.0583300022
5133,1185196.5617603222
5134,1187262.9390914284
5135,1189332.949527034
5136,1191406.5994492248
5137,1193483.895251275
5138,1195564.6090328353
5139,1197648.4275675272
5140,1199735.909843361
5141,1201827.0622961463
5142,1203921.8913729694
5143,1206019.927901203
5144,1208121.3346631033
5145,1210226.436060562
5146,1212335.2385835487
5147,1214447.7487334132
5148,1216563.2213686532
5149,1218682.3646173212
5150,1220805.2336558767
5151,1222931.8350289192
5152,1225061.9197449202
5153,1227195.198367925
5154,1229332.2276091322
5155,1231473.0140566626
5156,1233617.5643101877
5157,1235765.2900578887
5158,1237916.5738105413
5159,1240071.6398066753
5160,1242230.494689856
5161,1244392.9879774658
5162,1246558.5840282436
5163,1248727.9874607613
5164,1250901.2049626608
5165,1253078.2432333007
5166,1255258.7056661667
5167,1257442.541780949
5168,1259630.2173143919
5169,1261821.7390102914
5170,1264017.1136242743
5171,1266215.660678771
5172,1268417.8902887672
5173,1270623.9916232885
5174,1272833.9714827645
5175,1275047.7044557729
5176,1277264.584823686
5177,1279485.3626476428
5178,1281710.0447731793
5179,1283938.6380578303
5180,1286170.664266975
5181,1288406.216072848
5182,1290645.6981277962
5183,1292889.1173348422
5184,1295136.480609104
5185,1297386.9183184293
5186,1299641.2986131671
5187,1301899.6422252792
5188,1304161.9561157457
5189,1306427.8382499458
5190,1308697.2157461303
5191,1310970.5828984026
5192,1313247.946713913
5193,1315529.3142120882
5194,1317813.821509949
5195,1320102.3119942027
5196,1322394.8257014584
5197,1324691.3696976951
5198,1326991.4903705323
5199,1329295.204639634
5200,1331602.9688675383
5201,1333914.7901670795
5202,1336230.5992927717
5203,1338549.6384649973
5204,1340872.754509024
5205,1343199.954584861
5206,1345531.2458650598
5207,1347865.970677735
5208,1350204.507428481
5209,1352547.1552917345
5210,1354893.9214875083
5211,1357244.6353582738
5212,1359598.695017406
5213,1361956.8930488278
5214,1364319.2367203224
5215,1366685.7333124187
5216,1369055.700349438
5217,1371429.5516061988
5218,1373807.5759911668
5219,1376189.7808330343
5220,1378575.9090509894
5221,1380965.5172711546
5222,1383359.3262894189
5223,1385757.3434829607
5224,1388159.576241895
5225,1390565.1789249517
5226,1392974.8771829016
5227,1395388.8115177918
5228,1397806.9893686227
5229,1400228.9280396109
5230,1402654.6208347226
5231,1405084.5777929188
5232,1407518.8064024094
5233,1409957.1586948347
5234,1412398.9520202244
5235,1414845.0377805335
5236,1417295.4235135096
5237,1419750.1167701175
5238,1422208.2681440618
5239,1424670.589586721
5240,1427137.2395106703
5241,1429608.225516817
5242,1432082.969257389
5243,1434561.6339687037
5244,1437044.6558583975
5245,1439532.0425776604
5246,1442023.458075211
5247,1444518.5743521599
5248,1447018.076694295
5249,1449521.9728034106
5250,1452030.1399937228
5251,1454541.8168486748
5252,1457057.9088465762
5253,1459578.4237401711
5254,1462103.3692957822
5255,1464631.7706226911
5256,1467164.5625701298
5257,1469701.8067351677
5258,1472243.5109354942
5259,1474788.8471330013
5260,1477338.4501562438
5261,1479892.5349136447
5262,1482451.109274601
5263,1485013.4605243276
5264,1487579.9864815867
5265,1490151.023885489
5266,1492726.5806574894
5267,1495306.0277840698
5268,1497889.589270374
5269,1500477.6921130265
5270,1503070.344285866
5271,1505666.9687585293
5272,1508267.6791106323
5273,1510872.9609272853
5274,1513482.8222350646
5275,1516096.706169335
5276,1518714.6794706613
5277,1521337.2545445429
5278,1523964.4394706537
5279,1526595.665630117
5280,1529231.0167157184
5281,1531871.0000829992
5282,1534515.6238650715
5283,1537164.275663257
5284,1539817.1201248087
5285,1542474.6275796036
5286,1545136.8062145347
5287,1547802.9677168631
5288,1550473.4219076878
5289,1553148.5700070711
5290,1555828.420256052
5291,1558512.1761819003
5292,1561200.357222023
5293,1563893.2632911145
5294,1566590.9026847272
5295,1569292.3012948467
5296,1571998.2836832406
5297,1574709.0223511881
5298,1577424.5256489678
5299,1580143.8130122176
5300,1582867.7144091101
5301,1585596.403542168
5302,1588329.8888167487
5303,1591067.1507578986
5304,1593809.089598223
5305,1596555.847838687
5306,1599307.433940098
5307,1602062.7568715937
5308,1604822.8523700058
5309,1607587.7991412596
5310,1610357.5792695964
5311,1613131.0766277406
5312,1615909.448783719
5313,1618692.7042953426
5314,1621480.695687339
5315,1624272.5582545996
5316,1627069.3278575174
5317,1629871.0131103613
5318,1632677.3038050274
5319,1635487.6529533353
5320,1638302.9415876165
5321,1641123.1783789515
5322,1643947.857017227
5323,1646776.8149173388
5324,1649610.7449676092
5325,1652449.6558963086
5326,1655292.8117249291
5327,1658140.5013515858
5328,1660993.1960078627
5329,1663850.9044796035
5330,1666712.6273549453
5331,1669579.172492098
5332,1672450.7557550187
5333,1675327.3036869003
5334,1678207.7663794942
5335,1681093.2916255612
5336,1683983.8883116522
5337,1686879.1595914252
5338,1689778.694335895
5339,1692683.3251090182
5340,1695593.0608559432
5341,1698507.1470273342
5342,1701425.8798462935
5343,1704349.7423896613
5344,1707278.7436615718
5345,1710211.7368926131
5346,1713149.7946375979
5347,1716093.0160247732
5348,1719041.0815238622
5349,1721993.4032045852
5350,1724950.9135614252
5351,1727913.6217017071
5352,1730880.7546080465
5353,1733852.623119993
5354,1736829.714614195
5355,1739812.036282356
5356,1742798.3324674016
5357,1745789.8769551641
5358,1748786.6789573426
5359,1751788.2302934176
5360,1754794.2977490453
5361,1757805.6482063073
5362,1760822.2909376277
5363,1763842.7521107804
5364,1766868.2221453374
5365,1769899.0092315162
5366,1772935.122701334
5367,1775976.5719031417
5368,1779021.7359982934
5369,1782072.0848402742
5370,1785127.794394393
5371,1788188.8740690849
5372,1791255.2888431961
5373,1794325.3253697397
5374,1797400.7571572461
5375,1800481.5936746008
5376,1803567.8444072641
5377,1806659.184103404
5378,1809754.4650817304
5379,1812855.185621286
5380,1815961.3552684889
5381,1819072.983586458
5382,1822189.3752297473
5383,1825310.1077859525
5384,1828436.324566046
5385,1831568.035194593
5386,1834705.249313001
5387,1837846.82103942
5388,1840993.2139922683
5389,1844145.1361969777
5390,1847302.5973569127
5391,1850465.6071924074
5392,1853632.488257645
5393,1856804.7521322733
5394,1859982.590655035
5395,1863166.0136087164
5396,1866354.6151099082
5397,1869547.3515816005
5398,1872745.6986233455
5399,1875949.666080774
5400,1879159.2638167543
5401,1882373.4061877832
5402,1885592.3937448275
5403,1888817.0379331878
5404,1892047.348679081
5405,1895283.3359260922
5406,1898523.1515888444
5407,1901768.605582251
5408,1905019.7626449075
5409,1908276.63278428
5410,1911538.4508305902
5411,1914804.8485555
5412,1918076.9860956003
5413,1921354.873522627
5414,1924638.5209259426
5415,1927926.2495113772
5416,1931219.5025488005
5417,1934518.5425194781
5418,1937823.3795775708
5419,1941133.2942589438
5420,1944447.7986782345
5421,1947768.1273147224
5422,1951094.290387791
5423,1954426.2981346927
5424,1957762.3643336378
5425,1961104.1186297568
5426,1964451.7449511546
5427,1967805.2536008277
5428,1971163.6925608048
5429,1974527.0103875538
5430,1977896.238069346
5431,1981271.3859753492
5432,1984652.279621765
5433,1988037.2997328725
5434,1991428.2677713903
5435,1994825.1941730697
5436,1998228.0893919056
5437,2001635.4870525447
5438,2005048.3353339813
5439,2008467.1803620893
5440,2011892.0326579898
5441,2015322.075995936
5442,2018756.9453019912
5443,2022197.8499843476
5444,2025644.8006316873
5445,2029097.5734955391
5446,2032554.6055090807
5447,2036017.7117762454
5448,2039486.9029536876
5449,2042962.1897167035
5450,2046441.8270984078
5451,2049927.27778938
5452,2053418.852585615
5453,2056916.5622309386
5454,2060419.1245434706
5455,2063927.0634114463
5456,2067441.1658309433
5457,2070961.4426147665
5458,2074487.0156690879
5459,2078017.587387244
5460,2081554.36235606
5461,2085097.351457738
5462,2088646.0216725082
5463,2092199.371839831
5464,2095758.9652114164
5465,2099324.812739323
5466,2102896.6671446473
5467,2106472.942291752
5468,2110055.5008528205
5469,2113644.3538501984
5470,2117239.480091378
5471,2120838.827686432
5472,2124444.4991628625
5473,2128056.505613767
5474,2131674.858151632
5475,2135297.560409701
5476,2138926.4934724662
5477,2142561.8023076616
5478,2146203.4980990826
5479,2149849.676311394
5480,2153502.020582519
5481,2157160.7816854753
5482,2160825.9708758392
5483,2164495.7147271144
5484,2168171.6207856736
5485,2171853.9849985763
5486,2175542.8186936206
5487,2179236.2185000856
5488,2182935.83788825
5489,2186641.9570180466
5490,2190354.5872899434
5491,2194071.73400317
5492,2197795.219232261
5493,2201525.2460567066
5494,2205261.825950117
5495,2209002.811160917
5496,2212750.3157174923
5497,2216504.403991274
5498,2220264.939627665
5499,2224030.00347178
5500,2227801.6818237714
5501,2231579.9862846476
5502,2235364.5175242233
5503,2239153.868030416
5504,2242949.87563327
5505,2246752.552008215
5506,2250561.1722054016
5507,2254374.965550054
5508,2258195.458852924
5509,2262022.663864305
5510,2265855.467027279
5511,2269693.860384959
5512,2273538.996836867
5513,2277390.888208649
5514,2281247.9690032746
5515,2285111.120552942
5516,2288981.0586090414
5517,2292857.795073037
5518,2296739.248826745
5519,2300627.3177579646
5520,2304522.216885721
5521,2308423.4712662073
5522,2312328.955381222
5523,2316241.300223175
5524,2320160.5178231187
5525,2324086.620233107
5526,2328019.1823481787
5527,2331955.9540304663
5528,2335899.6412954777
5529,2339850.2562700044
5530,2343807.8111020196
5531,2347771.792806453
5532,2351740.1018617484
5533,2355715.3817913174
5534,2359697.644818429
5535,2363686.903187683
5536,2367682.4173958492
5537,2371682.515610211
5538,2375689.640429422
5539,2379703.8041739445
5540,2383725.0191857466
5541,2387752.1798787056
5542,2391784.3210331164
5543,2395823.5449652257
5544,2399869.8640934112
5545,2403923.290857697
5546,2407982.2130899997
5547,2412046.6529748393
5548,2416118.232255676
5549,2420196.963449517
5550,2424282.8590951613
5551,2428373.6590013783
5552,2432470.655430549
5553,2436574.8483226225
5554,2440686.2502938993
5555,2444804.8739826363
5556,2448927.668783449
5557,2453057.481608201
5558,2457194.548414371
5559,2461338.881918248
5560,2465489.8109036074
5561,2469645.4028659444
5562,2473808.2939880937
5563,2477978.497064733
5564,2482156.024912755
5565,2486339.1550993402
5566,2490528.0309947566
5567,2494724.2643792625
5568,2498927.8681486244
5569,2503138.855220965
5570,2507354.306876115
5571,2511576.7322850847
5572,2515806.5739717167
5573,2520043.844933429
5574,2524287.6024553427
5575,2528536.1144147147
5576,2532792.088353896
5577,2537055.537349082
5578,2541326.4744990384
5579,2545603.706698825
5580,2549885.9734713836
5581,2554175.761356489
5582,2558473.0835320028
5583,2562777.9531984315
5584,2567088.765492679
5585,2571405.0540844067
5586,2575728.9233786426
5587,2580060.3866552613
5588,2584399.4572168775
5589,2588743.956021157
5590,2593094.535489181
5591,2597452.75570806
5592,2601818.6300599314
5593,2606192.171949711
5594,2610570.464673196
5595,2614955.6061285688
5596,2619348.4488420757
5597,2623749.0062982454
5598,2628157.2590943114
5599,2632569.487041377
5600,2636989.4636486084
5601,2641417.202480066
5602,2645852.7171226074
5603,2650294.9509126334
5604,2654742.2279034946
5605,2659197.3148762565
5606,2663660.2254971233
5607,2668130.9734550645
5608,2672607.298350829
5609,2677089.9011831796
5610,2681580.375775346
5611,2686078.735895266
5612,2690584.995333534
5613,2695095.5223852666
5614,2699613.72988552
5615,2704139.871376654
5616,2708673.9607276777
5617,2713214.7427195855
5618,2717760.8529991265
5619,2722314.946002621
5620,2726877.0356768193
5621,2731447.135990777
5622,2736022.3134835707
5623,2740604.529059841
5624,2745194.7903835285
5625,2749793.111500359
5626,2754398.682843887
5627,2759009.1929569957
5628,2763627.7981559704
5629,2768254.512562098
5630,2772889.350318396
5631,2777529.513150565
5632,2782176.6353302035
5633,2786831.9163862774
5634,2791495.3705356275
5635,2796166.068055979
5636,2800841.881177379
5637,2805525.903093393
5638,2810218.1480929814
5639,2814918.6304859426
5640,2819623.879712678
5641,2824336.519632702
5642,2829057.4323428264
5643,2833786.632221466
5644,2838523.7862395816
5645,2843265.2162531023
5646,2848014.968986745
5647,2852773.0588850672
5648,2857539.500412117
5649,2862312.554950311
5650,2867091.3207199047
5651,2871878.4738601367
5652,2876674.0288975146
5653,2881478.0003770534
5654,2886287.052359265
5655,2891103.442601556
5656,2895928.285202768
5657,2900761.594766003
5658,2905602.7306279275
5659,2910448.532412738
5660,2915302.8371962053
5661,2920165.659635431
5662,2925037.014403749
5663,2929914.312191282
5664,2934798.254272465
5665,2939690.764858885
5666,2944591.858671946
5667,2949501.3521401645
5668,2954415.1070545153
5669,2959337.4814588176
5670,2964268.49011709
5671,2969208.1478065765
5672,2974153.967057053
5673,2979106.381259744
5674,2984067.4808496656
5675,2989037.2806388736
5676,2994015.40630765
5677,2998998.036498345
5678,3003989.403288665
5679,3008989.521518384
5680,3013998.406036555
5681,3019013.019386704
5682,3024034.829712474
5683,3029065.4427590403
5684,3034104.8733931165
5685,3039151.901624761
5686,3044204.3317580763
5687,3049265.615900576
5688,3054335.7689275895
5689,3059414.805718644
5690,3064497.970450036
5691,3069589.537747684
5692,3074690.0241958494
5693,3079799.44466826
5694,3084917.4790135124
5695,3090039.4981281264
5696,3095170.4865630227
5697,3100310.4591747117
5698,3105459.43081755
5699,3110616.0129744564
5700,3115777.671262551
5701,3120948.363723686
5702,3126128.105179217
5703,3131316.910444173
5704,3136512.0896027707
5705,3141713.668668306
5706,3146924.346467777
5707,3152144.1377654765
5708,3157373.0573147247
5709,3162606.879346493
5710,3167848.6587793785
5711,3173099.601100304
5712,3178359.7209921083
5713,3183628.4951175796
5714,3188901.5399786625
5715,3194183.796752299
5716,3199475.2800334264
5717,3204776.004396279
5718,3210083.4806281943
5719,3215397.213442519
5720,3220720.2212448055
5721,3226052.5184976305
5722,3231394.1196366632
5723,3236740.3311250415
5724,3242095.0223555923
5725,3247459.050849176
5726,3252832.430903612
5727,3258213.619706795
5728,3263600.1507137017
5729,3268996.066152526
5730,3274401.3801604966
5731,3279816.1068351665
5732,3285236.0618802756
5733,3290664.016956191
5734,3296101.416847761
5735,3301548.275461144
5736,3307003.1225768467
5737,3312462.962287565
5738,3317932.2916628006
5739,3323411.124389843
5740,3328899.4741013627
5741,3334394.05632332
5742,3339895.4558121413
5743,3345406.402274562
5744,3350926.9090886754
5745,3356456.98956867
5746,3361991.2847288395
5747,3367534.479989342
5748,3373087.277811698
5749,3378649.691216939
5750,3384220.134267615
5751,3389795.7083360944
5752,3395380.925892194
5753,3400975.799630858
5754,3406580.3421646156
5755,3412190.415997985
5756,3417808.1763023827
5757,3423435.6319350223
5758,3429072.7951385253
5759,3434718.907374018
5760,3440369.3271695143
5761,3446029.479840787
5762,3451699.3772233822
5763,3457379.031049569
5764,3463064.649460606
5765,3468757.6073007407
5766,3474460.34520384
5767,3480172.8744459813
5768,3485894.384547002
5769,3491620.2480431763
5770,3497355.9250041028
5771,3503101.4262083117
5772,3508856.762307758
5773,3514617.6029869798
5774,3520386.3090729294
5775,3526164.8701449567
5776,3531953.2963031693
5777,3537749.8375382293
5778,3543551.6536507187
5779,3549363.3531531943
5780,3555184.9455484236
5781,3561016.4401870104
5782,3566852.075920801
5783,3572696.98234166
5784,3578551.8068912253
5785,3584416.558263514
5786,3590287.651047682
5787,3596165.8220406803
5788,3602053.933634719
5789,3607951.9938179147
5790,3613858.4091058564
5791,3619769.890704126
5792,3625691.3324126243
5793,3631622.741462724
5794,3637564.1248929035
5795,3643509.157707322
5796,3649463.9599617715
5797,3655428.745089141
5798,3661403.519305494
5799,3667383.5400463883
5800,3673371.719797405
5801,3679369.8945187735
5802,3685378.0695500504
5803,3691392.898945011
5804,3697414.4587975857
5805,3703446.022066046
5806,3709487.5931581585
5807,3715537.036375531
5808,3721591.963703687
5809,3727656.899018692
5810,3733731.845740107
5811,3739815.6915019588
5812,3745903.957544906
5813,3752002.232044236
5814,3758110.5173739586
5815,3764228.53705339
5816,3770350.095995283
5817,3776481.659531266
5818,3782623.2289315932
5819,3788774.805185577
5820,3794929.963672558
5821,3801094.7478749263
5822,3807269.528351594
5823,3813454.3049144754
5824,3819643.070388852
5825,3825840.9877168774
5826,3832048.886869098
5827,3838266.7664206824
5828,3844488.8473638184
5829,3850719.790150435
5830,3856960.6952137197
5831,3863211.559832461
5832,3869466.643411543
5833,3875730.4829024104
5834,3882004.259787028
5835,3888287.9699881864
5836,3894575.7211131165
5837,3900872.3065035907
5838,3907178.7988318237
5839,3913495.192605173
5840,3919815.252987061
5841,3926144.410460298
5842,3932483.438605634
5843,3938832.3304559183
5844,3945184.3176705535
5845,3951545.849439998
5846,3957917.2095715753
5847,3964298.0022322773
5848,3970681.8961246163
5849,3977075.579484228
5850,3983479.042619884
5851,3989891.017501118
5852,3996306.867876708
5853,4002732.45426232
5854,4009167.765333748
5855,4015610.469129949
5856,4022058.007314433
5857,4028515.2213798016
5858,4034982.098313285
5859,4041455.050193985
5860,4047933.9800443393
5861,4054422.518755353
5862,4060920.651571596
5863,4067423.342315577
5864,4073933.3393296064
5865,4080452.871080152
5866,4086981.921016701
5867,4093513.812170313
5868,4100054.522620501
5869,4106604.686373535
5870,4113163.1521784477
5871,4119724.808096433
5872,4126295.8481914224
5873,4132876.25264874
5874,4139462.89121303
5875,4146054.5568206464
5876,4152655.5118979234
5877,4159265.7347019627
5878,4165879.9234938025
5879,4172501.160313844
5880,4179131.5840669144
5881,4185771.0197178265
5882,4192412.255443347
5883,4199062.59278945
5884,4205722.006532756
5885,4212387.489051868
5886,4219056.51535202
5887,4225734.525063993
5888,4232421.490921647
5889,4239115.165507419
5890,4245811.451813249
5891,4252516.595060984
5892,4259230.565906365
5893,4265951.620670702
5894,4272674.602918437
5895,4279406.307242987
5896,4286146.702189997
5897,4292894.291319001
5898,4299643.371438924
5899,4306401.030255445
5900,4313167.234175772
5901,4319940.477456435
5902,4326715.0229194425
5903,4333497.995078636
5904,4340289.358178178
5905,4347087.340587302
5906,4353886.684012124
5907,4360694.293422989
5908,4367510.130880439
5909,4374331.902238599
5910,4381155.341062541
5911,4387986.876379452
5912,4394826.468049779
5913,4401671.042743035
5914,4408517.838958871
5915,4415372.553335337
5916,4422235.143520629
5917,4429101.500292432
5918,4435970.880253892
5919,4442847.99116557
5920,4449732.788455593
5921,4456619.870271198
5922,4463511.024569184
5923,4470409.713708026
5924,4477315.890892573
5925,4484222.604877824
5926,4491134.688289302
5927,4498054.101530973
5928,4504980.795585791
5929,4511906.013042053
5930,4518838.144553402
5931,4525777.391999436
5932,4532721.943814477
5933,4539666.260644008
5934,4546617.523550136
5935,4553575.679646292
5936,4560536.645690826
5937,4567499.371040413
5938,4574468.813120937
5939,4581444.91685275
5940,4588421.070775462
5941,4595401.225902173
5942,4602387.859675357
5943,4609380.714859657
5944,4616370.995223647
5945,4623367.566366068
5946,4630370.369421349
5947,4637376.154595564
5948,4644382.055732921
5949,4651393.994502621
5950,4658411.909911823
5951,4665429.303439775
5952,4672449.751248724
5953,4679475.975100434
5954,4686507.2425167
5955,4693535.558359518
5956,4700569.444986145
5957,4707608.837766593
5958,4714649.29265898
5959,4721690.182320908
5960,4728736.3667663885
5961,4735787.7793411175
5962,4742836.00883899
5963,4749888.30685969
5964,4756945.615664938
5965,4764004.705978726
5966,4771062.425938476
5967,4778124.9349608
5968,4785192.162967578
5969,4792256.452630326
5970,4799323.452654498
5971,4806394.944241722
5972,4813468.077151025
5973,4820538.846034614
5974,4827613.874906512
5975,4834693.090433566
5976,4841768.755176647
5977,4848846.582506598
5978,4855928.359535501
5979,4863010.783921456
5980,4870090.658663286
5981,4877174.242250067
5982,4884261.458286746
5983,4891343.660120709
5984,4898428.283546746
5985,4905516.2935462715
5986,4912603.109843396
5987,4919687.994960378
5988,4926776.017162243
5989,4933866.498163876
5990,4940950.85575174
5991,4948038.097455158
5992,4955128.142889726
5993,4962214.314115889
5994,4969299.972054874
5995,4976388.176313411
5996,4983475.788436683
5997,4990559.049166122
5998,4997644.595648016
5999,5004732.344999327
6000,5011812.708877689
6001,5018894.771347024
6002,5025978.772125018
6003,5033058.3045131
6004,5040136.04750837
6005,5047215.461446235
6006,5054293.164020949
6007,5061365.743272629
6008,5068439.723453008
6009,5075514.591402898
6010,5082581.154257548
6011,5089648.845540553
6012,5096717.578459387
6013,5103777.331417603
6014,5110834.984428609
6015,5117893.3995785145
6016,5124952.489076628
6017,5132004.64748105
6018,5139051.856886217
6019,5146099.458419679
6020,5153147.363392843
6021,5160190.008482361
6022,5167225.226415297
6023,5174260.4631572515
6024,5181295.629224394
6025,5188326.829095693
6026,5195348.4952728795
6027,5202369.804052834
6028,5209390.665261251
6029,5216408.363769211
6030,5223414.316224018
6031,5230419.531855933
6032,5237423.919909571
6033,5244427.389484907
6034,5251416.896532788
6035,5258404.431544889
6036,5265390.757074516
6037,5272375.781775802
6038,5279349.471527498
6039,5286317.731770184
6040,5293284.399174502
6041,5300249.382058884
6042,5307205.2523640515
6043,5314152.638825697
6044,5321098.048091979
6045,5328041.388256874
6046,5334977.433392639
6047,5341902.344033762
6048,5348824.892575922
6049,5355744.98700062
6050,5362659.199594739
6051,5369560.031196441
6052,5376458.115706192
6053,5383353.36110558
6054,5390243.734073552
6055,5397118.884095831
6056,5403990.902402789
6057,5410859.697088848
6058,5417724.225580653
6059,5424572.094026511
6060,5431416.446962911
6061,5438257.192709935
6062,5445093.876062091
6063,5451912.867343078
6064,5458727.960609044
6065,5465539.0645182915
6066,5472345.9082069015
6067,5479134.433006155
6068,5485918.679031338
6069,5492698.555391062
6070,5499473.572981705
6071,5506230.050110204
6072,5512981.869907719
6073,5519728.942044469
6074,5526470.1571347015
6075,5533193.015376897
6076,5539910.84038554
6077,5546623.542502849
6078,5553328.990653319
6079,5560016.670598033
6080,5566698.94450896
6081,5573375.7235094495
6082,5580043.454159494
6083,5586694.410012427
6084,5593339.590576369
6085,5599978.907863574
6086,5606606.986227469
6087,5613219.687601462
6088,5619826.248412927
6089,5626426.581669051
6090,5633013.090609135
6091,5639586.024288685
6092,5646152.456543383
6093,5652712.301479597
6094,5659255.343352574
6095,5665787.015028971
6096,5672311.829251192
6097,5678829.701326939
6098,5685327.399799718
6099,5691816.335773665
6100,5698298.063510204
6101,5704770.550260252
6102,5711220.772116132
6103,5717663.521096279
6104,5724098.714891636
6105,5730526.271524646
6106,5736931.5073584495
6107,5743326.625597468
6108,5749713.847827153
6109,5756093.09357889
6110,5762453.3716575345
6111,5768799.441034524
6112,5775137.28008613
6113,5781466.809945288
6114,5787780.2375246575
6115,5794075.86708723
6116,5800362.938890886
6117,5806641.375759828
6118,5812906.090105181
6119,5819149.917562824
6120,5825384.867072452
6121,5831610.863236104
6122,5837825.0332370745
6123,5844015.726403365
6124,5850197.229026113
6125,5856369.467568599
6126,5862531.295304242
6127,5868667.553485364
6128,5874794.316456934
6129,5880911.512623513
6130,5887019.070852777
6131,5893099.790202169
6132,5899170.553905748
6133,5905231.456407908
6134,5911282.428612338
6135,5917306.964820178
6136,5923320.504046961
6137,5929323.896308665
6138,5935317.074617151
6139,5941283.747600665
6140,5947238.8727500625
6141,5953183.574093326
6142,5959117.786819021
6143,5965024.955679503
6144,5970920.513897282
6145,5976805.380665368
6146,5982679.493413765
6147,5988525.557697662
6148,5994360.433950494
6149,6000184.360567131
6150,6005996.420435975
6151,6011780.678176028
6152,6017553.796260926
6153,6023315.716224269
6154,6029063.89752997
6155,6034785.601628533
6156,6040495.925115916
6157,6046194.8119259095
6158,6051877.631823282
6159,6057535.776408068
6160,6063182.309517379
6161,6068817.177535505
6162,6074433.197825999
6163,6080026.81828037
6164,6085608.606687158
6165,6091178.511927461
6166,6096726.340004524
6167,6102254.513721215
6168,6107770.645294774
6169,6113274.686145492
6170,6118752.975868174
6171,6124214.8229329055
6172,6129664.428403779
6173,6135101.746278726
6174,6140509.198772033
6175,6145903.882576248
6176,6151286.136132878
6177,6156651.986054192
6178,6161991.280432395
6179,6167318.008214619
6180,6172632.128028629
6181,6177924.913909863
6182,6183195.673151722
6183,6188453.696466958
6184,6193698.9451465225
6185,6198917.50250954
6186,6204119.011749924
6187,6209307.626866697
6188,6214481.929420783
6189,6219626.525879781
6190,6224758.1151991105
6191,6229876.663423707
6192,6234974.75304923
6193,6240048.943267762
6194,6245109.9879588075
6195,6250157.8558864705
6196,6255178.706921713
6197,6260181.900247746
6198,6265171.821008911
6199,6270146.065215506
6200,6275091.0782656865
6201,6280022.72952256
6202,6284940.992577243
6203,6289833.045049851
6204,6294699.963317547
6205,6299553.411095932
6206,6304393.364775072
6207,6309219.801393239
6208,6314014.735087475
6209,6318789.522930111
6210,6323550.72253065
6211,6328298.313729322
6212,6333032.277014708
6213,6337728.415921383
6214,6342410.464930536
6215,6347078.825955228
6216,6351733.482283449
6217,6356367.641866026
6218,6360970.191985643
6219,6365558.986284019
6220,6370134.010842531
6221,6374695.252387777
6222,6379227.704663836
6223,6383736.643836642
6224,6388231.759935806
6225,6392713.042469159
6226,6397180.481586274
6227,6401609.848386352
6228,6406024.8273391295
6229,6410425.933825613
6230,6414813.160759341
6231,6419176.849878848
6232,6423511.510824781
6233,6427832.271995376
6234,6432139.129050621
6235,6436432.078282973
6236,6440690.30740836
6237,6444930.60151688
6238,6449156.9784447225
6239,6453369.437204844
6240,6457559.912383777
6241,6461719.664911645
6242,6465865.49860166
6243,6469997.415163036
6244,6474115.416924541
6245,6478198.401462874
6246,6482263.675585363
6247,6486315.0448982855
6248,6490352.514392703
6249,6494365.945796074
6250,6498350.690395914
6251,6502321.553669901
6252,6506278.543240928
6253,6510221.626268147
6254,6514125.91731208
6255,6518016.361552119
6256,6521892.969209989
6257,6525755.751102506
6258,6529588.9220507145
6259,6533399.079549213
6260,6537195.448452234
6261,6540978.042131104
6262,6544739.459750098
6263,6548469.507536307
6264,6552185.825430311
6265,6555888.429319591
6266,6559577.3356662905
6267,6563227.632032874
6268,6566864.130650535
6269,6570486.987000155
6270,6574096.220009489
6271,6577673.623816167
6272,6581230.578238033
6273,6584773.972475966
6274,6588303.827880187
6275,6591807.835381796
6276,6595285.563360958
6277,6598749.823409448
6278,6602200.63925493
6279,6605630.798258779
6280,6609029.659511047
6281,6612415.155068918
6282,6615787.310990653
6283,6619143.220186434
6284,6622463.615648008
6285,6625770.757440875
6286,6629064.673905349
6287,6632345.393899224
6288,6635588.353215064
6289,6638817.5922154095
6290,6642033.729733848
6291,6645236.796847951
6292,6648404.963033115
6293,6651556.789652099
6294,6654695.647965924
6295,6657821.57122006
6296,6660914.702080882
6297,6663989.645333829
6298,6667051.762574254
6299,6670101.089162308
6300,6673118.990168443
6301,6676117.61681587
6302,6679103.568639496
6303,6682076.883059745
6304,6685019.406511546
6305,6687942.320177617
6306,6690852.718879903
6307,6693750.642043632
6308,6696617.6862139115
6309,6699465.526484073
6310,6702301.020092502
6311,6705124.208412768
6312,6707915.716664653
6313,6710689.1581644295
6314,6713450.42951322
6315,6716199.5739756
6316,6718915.533858208
6317,6721615.28531484
6318,6724303.051102953
6319,6726978.876320048
6320,6729619.318643576
6321,6732246.1219322635
6322,6734861.131766463
6323,6737463.121779688
6324,6740029.392909801
6325,6742584.022086321
6326,6745127.057511027
6327,6747653.518716274
6328,6750148.215714605
6329,6752631.4760360485
6330,6755103.349551715
6331,6757554.428083691
6332,6759978.379362797
6333,6762391.106297871
6334,6764792.6603693245
6335,6767168.542006379
6336,6769522.605440754
6337,6771865.663671594
6338,6774197.769728293
6339,6776498.6788919885
6340,6778783.740813984
6341,6781058.023230774
6342,6783320.2020851495
6343,6785547.779403431
6344,6787764.753593162
6345,6789971.180283183
6346,6792158.709284714
6347,6794318.902404356
6348,6796468.729075345
6349,6798608.246308024
6350,6800721.452198944
6351,6802815.220884333
6352,6804898.865666042
6353,6806972.444875339
6354,6809011.68920504
6355,6811040.017868931
6356,6813058.470787807
6357,6815059.206200489
6358,6817032.785636722
6359,6818996.682320708
6360,6820950.956780989
6361,6822876.241723149
6362,6824783.183132471
6363,6826680.700894281
6364,6828568.856705493
6365,6830429.009634717
6366,6832270.355768097
6367,6834102.542375831
6368,6835925.632262618
6369,6837720.919899715
6370,6839497.734770378
6371,6841265.659002964
6372,6843024.756449772
6373,6844755.477879196
6374,6846468.845722899
6375,6848173.596331824
6376,6849869.794546103
6377,6851536.2802217575
6378,6853187.304459674
6379,6854829.98913352
6380,6856464.400012066
6381,6858067.01075883
6382,6859656.812963894
6383,6861238.557296713
6384,6862812.310396022
6385,6864351.436407856
6386,6865881.155275685
6387,6867403.101740075
6388,6868915.0613139
6389,6870393.403086987
6390,6871864.19341195
6391,6873327.500337626
6392,6874776.540127777
6393,6876196.83164362
6394,6877609.863300783
6395,6879015.703859161
6396,6880402.29171267
6397,6881765.713799332
6398,6883122.170733028
6399,6884471.7319287155
6400,6885796.361329316
6401,6887104.108113559
6402,6888405.187333028
6403,6889699.669002536
6404,6890962.858060007
6405,6892216.135967127
6406,6893463.046549563
6407,6894699.788427855
6408,6895905.950805664
6409,6897105.977567353
6410,6898299.939669216
6411,6899476.029433825
6412,6900629.86430546
6413,6901777.8679754445
6414,6902920.1118516885
6415,6904027.890182036
6416,6905119.315649304
6417,6906205.224518889
6418,6907285.688630043
6419,6908360.7798939925
6420,6909407.415796425
6421,6910432.493666058
6422,6911452.443790627
6423,6912467.338446676
6424,6913477.249968243
6425,6914462.8930334905
6426,6915423.604903356
6427,6916379.580383845
6428,6917330.892109889
6429,6918277.612759864
6430,6919202.464284013
6431,6920100.806850662
6432,6920994.806472037
6433,6921884.536064657
6434,6922770.0685748495
6435,6923632.703366798
6436,6924466.826941009
6437,6925297.005665098
6438,6926123.312670455
6439,6926945.821104844
6440,6927764.604130203
6441,6928537.152149456
6442,6929305.539297641
6443,6930070.4543293435
6444,6930831.97052035
6445,6931590.16114777
6446,6932319.673729072
6447,6933028.308072669
6448,6933733.870806499
6449,6934436.435263236
6450,6935136.074764422
6451,6935822.371679244
6452,6936473.29944905
6453,6937121.55664358
6454,6937767.2165835025
6455,6938410.352566393
6456,6939051.037864826
6457,6939648.577554744
6458,6940241.581123748
6459,6940832.388556393
6460,6941421.073060197
6461,6942007.707806268
6462,6942562.273329314
6463,6943102.07846737
6464,6943640.088331391
6465,6944176.375975119
6466,6944711.014404908
6467,6945222.574903141
6468,6945711.238265411
6469,6946198.506619996
6470,6946684.452805473
6471,6947169.149602547
6472,6947637.718219638
6473,6948077.296156673
6474,6948515.878428026
6475,6948953.537598114
6476,6949390.346163461
6477,6949815.977905599
6478,6950208.524753862
6479,6950600.474037525
6480,6950991.897990236
6481,6951382.868768191
6482,6951765.658394562
6483,6952113.224823279
6484,6952460.59024283
6485,6952807.826501863
6486,6953155.005362472
6487,6953495.085307155
6488,6953799.716721861
6489,6954104.541844316
6490,6954409.632086313
6491,6954715.058764447
6492,6955012.430916692
6493,6955275.313050753
6494,6955538.782221142
6495,6955802.909353343
6496,6956067.765269442
6497,6956326.168016896
6498,6956549.334039059
6499,6956773.4780424405
6500,6956998.670418825
6501,6957224.981448797
6502,6957444.526691159
6503,6957630.000224559
6504,6957816.840041452
6505,6958005.115954812
6506,6958194.897659116
6507,6958375.729661304
6508,6958525.523407214
6509,6958677.068849025
6510,6958830.435178151
6511,6958985.6914606225
6512,6959126.280976402
6513,6959237.4704279015
6514,6959350.798155157
6515,6959466.332684618
6516,6959584.142410711
6517,6959704.295594937
6518,6959781.97510617
6519,6959859.086135345
6520,6959938.786500141
6521,6960021.143884068
6522,6960106.225831587
6523,6960166.4972533295
6524,6960209.378590132
6525,6960255.228195547
6526,6960304.11300512
6527,6960356.09980964
6528,6960398.481100439
6529,6960409.104551045
6530,6960423.071395149
6531,6960440.447785529
6532,6960461.299724891
6533,6960485.348659252
6534,6960465.669695692
6535,6960449.7052459465
6536,6960437.520647346
6537,6960429.181082298
6538,6960424.751577711
6539,6960384.875210823
6540,6960338.934920196
6541,6960297.142301474
6542,6960259.561683851
6543,6960226.257236533
6544,6960176.717276356
6545,6960102.723968939
6546,6960033.241753317
6547,6959968.334076908
6548,6959908.064223056
6549,6959848.2015184965
6550,6959748.058786032
6551,6959652.785999195
6552,6959562.4456971465
6553,6959477.100251262
6554,6959396.8118647905
6555,6959281.886745007
6556,6959162.702092478
6557,6959048.803125062
6558,6958940.251278066
6559,6958837.107815407
6560,6958711.110710103
6561,6958569.871705071
6562,6958434.266697701
6563,6958304.356165108
6564,6958180.200410092
6565,6958042.583784328
6566,6957881.125925234
6567,6957725.645356047
6568,6957576.201575463
6569,6957432.853905305
6570,6957283.104292429
6571,6957103.2402893305
6572,6956929.691725304
6573,6956762.5171022825
6574,6956601.774743084
6575,6956439.4109955365
6576,6956242.930044591
6577,6956053.097425583
6578,6955869.970627122
6579,6955693.606956827
6580,6955518.178535541
6581,6955306.845640392
6582,6955102.48860981
6583,6954905.163904322
6584,6954714.92780187
6585,6954526.013104623
6586,6954301.568443904
6587,6954084.421725315
6588,6953874.628368205
6589,6953672.243608088
6590,6953469.448337441
6591,6953233.606677374
6592,6953005.379495891
6593,6952784.821159762
6594,6952571.985850953
6595,6952354.941422054
6596,6952109.391573024
6597,6951871.767120487
6598,6951642.121368833
6599,6951420.507436942
6600,6951188.869425469
6601,6950935.273741558
6602,6950689.908684406
6603,6950452.826487755
6604,6950224.079199423
6605,6949977.525829902
6606,6949717.519750355
6607,6949466.0437791655
6608,6949223.14907266
6609,6948988.886601092
6610,6948727.117275768
6611,6948462.308907215
6612,6948206.324326754
6613,6947959.213607978
6614,6947720.853215888
6615,6947443.760506675
6616,6947175.730244918
6617,6946916.811603504
6618,6946667.053569364
6619,6946412.5248050885
6620,6946133.479511826
6621,6945863.779702303
6622,6945603.473459608
6623,6945352.608681407
6624,6945081.670831116
6625,6944802.202862072
6626,6944532.357497581
6627,6944272.181729398
6628,6944021.722364611
6629,6943734.150563333
6630,6943455.761233806
6631,6943187.265688525
6632,6942928.70982762
6633,6942661.675538604
6634,6942375.723321988
6635,6942099.885116762
6636,6941834.205915317
6637,6941578.730527041
6638,6941294.26430857
6639,6941012.046330471
6640,6940740.202700487
6641,6940478.777320978
6642,6940213.3854702795
6643,6939925.736253209
6644,6939648.67274273
6645,6939382.237934764
6646,6939126.4746445315
6647,6938842.921311672
6648,6938561.567995395
6649,6938291.049840794
6650,6938031.408758984
6651,6937765.546378033
6652,6937480.818758613
6653,6937207.128762096
6654,6936944.517397354
6655,6936693.025495479
6656,6936408.332677895
6657,6936132.367681335
6658,6935867.678877357
6659,6935614.306198623
6660,6935345.993787491
6661,6935068.63589432
6662,6934802.747756604
6663,6934548.368411622
6664,6934295.661597808
6665,6934017.778107347
6666,6933751.553939777
6667,6933497.027240563
6668,6933254.235982447
6669,6932981.613577668
6670,6932715.901828648
6671,6932462.072236905
6672,6932220.16188909
6673,6931961.935296185
6674,6931697.569514108
6675,6931445.266598802
6676,6931205.06275543
6677,6930960.5092118345
6678,6930698.308009572
6679,6930448.346413457
6680,6930210.659752193
6681,6929979.0734966155
6682,6929719.840524886
6683,6929473.019939818
6684,6929238.646199096
6685,6929016.753595658
6686,6928756.646487956
6687,6928506.1131462185
6688,6928268.199887875
6689,6928042.940107743
6690,6927825.342188005
6691,6927571.899232234
6692,6927331.245523854
6693,6927103.413565198
6694,6926888.4356985185
6695,6926671.13501479
6696,6926428.525509794
6697,6926198.90196975
6698,6925982.295852584
6699,6925778.73845896
6700,6925560.776138423
6701,6925330.127176116
6702,6925112.654932725
6703,6924908.389833263
6704,6924717.362148401
6705,6924497.803804
6706,6924280.213108717
6707,6924075.983966818
6708,6923885.145782505
6709,6923702.638192327
6710,6923485.662250065
6711,6923282.198278673
6712,6923092.27482322
6713,6922915.920279741
6714,6922729.684929291
6715,6922527.700880461
6716,6922339.402942148
6717,6922164.818661263
6718,6922003.975438843
6719,6921813.149627626
6720,6921627.173553006
6721,6921455.051947839
6722,6921296.811374467
6723,6921139.191210442
6724,6920956.218909454
6725,6920787.237980565
6726,6920632.274155743
6727,6920491.3530267505
6728,6920327.1592417685
6729,6920161.982590425
6730,6920010.955240029
6731,6919874.101963087
6732,6919740.6019317275
6733,6919579.878779514
6734,6919433.433276676
6735,6919301.289385339
6736,6919183.470933302
6737,6919041.50593927
6738,6918900.2733313255
6739,6918773.466061729
6740,6918661.1071596015
6741,6918547.4291050285
6742,6918412.026146467
6743,6918291.168471441
6744,6918184.878319737
6745,6918093.177802848
6746,6917969.227437255
6747,6917854.9181058295
6748,6917755.291712088
6749,6917670.369590396
6750,6917572.397221652
6751,6917465.220804084
6752,6917372.839028921
6753,6917295.272463146
6754,6917222.039184523
6755,6917122.566122337
6756,6917037.995730458
6757,6916968.347818402
6758,6916913.642076269
6759,6916827.426735196
6760,6916751.220451223
6761,6916690.040284494
6762,6916643.905180445
6763,6916580.257868994
6764,6916512.954437987
6765,6916460.777163395
6766,6916423.744256206
6767,6916381.4967660885
6768,6916323.621018346
6769,6916280.967903483
6770,6916253.5549083995
6771,6916231.562178776
6772,6916183.625098721
6773,6916151.003601624
6774,6916133.714460763
6775,6916130.853892156
6776,6916093.352691157
6777,6916071.256533842
6778,6916064.581490422
6779,6916073.343526286
6780,6916053.170467958
6781,6916042.079713491
6782,6916046.495389574
6783,6916066.432771981
6784,6916063.425342961
6785,6916063.806475861
6786,6916079.775953345
6787,6916111.348372319
6788,6916124.4440784855
6789,6916136.750088189
6790,6916164.722992843
6791,6916208.3767213
6792,6916236.5329169305
6793,6916261.203384155
6794,6916301.6159724975
6795,6916357.783953626
6796,6916399.977236077
6797,6916437.438421621
6798,6916490.713670201
6799,6916559.815607234
6800,6916615.041226427
6801,6916665.706162356
6802,6916732.253859377
6803,6916814.696307615
6804,6916881.967590005
6805,6916946.23617283
6806,6917026.453011732
6807,6917122.629472525
6808,6917200.977258961
6809,6917279.236344534
6810,6917373.506019228
6811,6917483.797035567
6812,6917572.269132697
6813,6917664.8926325785
6814,6917773.585934149
6815,6917898.359187671
6816,6917987.870168582
6817,6918085.859996217
6818,6918199.97877843
6819,6918330.236021594
6820,6918460.411892808
6821,6918564.17039663
6822,6918684.113725674
6823,6918820.250753552
6824,6918972.590280199
6825,6919099.03312604
6826,6919225.187777116
6827,6919367.588134686
6828,6919526.242379753
6829,6919689.6622529775
6830,6919822.4027887415
6831,6919971.4378496865
6832,6920136.775009038
6833,6920318.4217724
6834,6920474.964629072
6835,6920630.9936781265
6836,6920803.369900251
6837,6920992.100207079
6838,6921182.082372861
6839,6921345.452691763
6840,6921525.212164018
6841,6921721.367118404
6842,6921933.923822053
6843,6922114.014486885
6844,6922301.489524851
6845,6922505.398401215
6846,6922725.7468139855
6847,6922935.880450635
6848,6923131.391590796
6849,6923343.371926755
6850,6923571.8265984785
6851,6923810.253061086
6852,6924014.109156347
6853,6924234.4668484265
6854,6924471.330730297
6855,6924724.70534169
6856,6924948.833537683
6857,6925177.862939931
6858,6925423.427483253
6859,6925685.531173936
6860,6925934.755939645
6861,6926172.739964859
6862,6926427.285222396
6863,6926698.395196059
6864,6926971.066853402
6865,6927218.277076951
6866,6927482.071806841
6867,6927762.4540152745
6868,6928056.955484315
6869,6928313.652250317
6870,6928586.954022289
6871,6928876.863271687
6872,6929183.382427377
6873,6929458.041738666
6874,6929741.097042543
6875,6930040.7771020215
6876,6930357.083858439
6877,6930650.619562904
6878,6930943.663919215
6879,6931253.347631407
6880,6931579.6721640015
6881,6931890.557026322
6882,6932193.8150988575
6883,6932513.724492468
6884,6932850.28620549
6885,6933177.022256477
6886,6933490.707966721
6887,6933821.054370902
6888,6934168.062011739
6889,6934509.17977317
6890,6934833.496416468
6891,6935174.480576947
6892,6935532.132352151
6893,6935886.190081732
6894,6936221.330445059
6895,6936573.142641753
6896,6936941.626334605
6897,6937307.209290733
6898,6937653.355771994
6899,6938016.175938249
6900,6938395.669027844
6901,6938771.38875378
6902,6939128.713482388
6903,6939502.711325407
6904,6939893.381106962
6905,6940277.874733976
6906,6940646.539692823
6907,6941031.8748154845
6908,6941433.878521998
6909,6941825.808091229
6910,6942205.9652397325
6911,6942602.787263475
6912,6943016.272188429
6913,6943414.323990974
6914,6943806.115389209
6915,6944214.564077957
6916,6944639.667699068
6917,6945042.55163398
6918,6945446.109567745
6919,6945866.314952781
6920,6946303.16505665
6921,6946709.614006504
6922,6947125.061113257
6923,6947557.143618938
6924,6948003.802869979
6925,6948414.627650122
6926,6948842.077045644
6927,6949286.147615814
6928,6949733.755652291
6929,6950156.70245052
6930,6950596.257856256
6931,6951052.418081334
6932,6951499.776073587
6933,6951934.941444712
6934,6952386.697315663
6935,6952855.039560272
6936,6953300.969325706
6937,6953748.440645962
6938,6954212.4822990345
6939,6954693.089830066
6940,6955136.4332897
6941,6955596.288885855
6942,6956072.69262867
6943,6956549.47817956
6944,6957005.258394265
6945,6957477.567672945
6946,6957966.40093286
6947,6958438.20717467
6948,6958906.52748988
6949,6959391.351067198
6950,6959892.672520607
6951,6960358.401458143
6952,6960839.315738559
6953,6961336.705569849
6954,6961832.0353759015
6955,6962309.136977973
6956,6962802.690518377
6957,6963312.690028074
6958,6963799.67283528
6959,6964289.481686932
6960,6964795.711342382
6961,6965309.796969275
6962,6965795.949026503
6963,6966298.495475095
6964,6966817.4297910305
6965,6967303.155861753
6966,6967772.512278394
6967,6968258.223949059
6968,6968760.28392364
6969,6969278.685259891
6970,6969807.658032752
6971,6970276.782458957
6972,6970762.213273787
6973,6971263.943121149
6974,6971781.964654946
6975,6972316.270539397
6976,6972818.610328193
6977,6973303.903306849
6978,6973805.442940815
6979,6974323.221494258
6980,6974857.23124372
6981,6975394.063341993
6982,6975879.345227514
6983,6976380.818362731
6984,6976898.474635981
6985,6977432.305949976
6986,6977982.304222129
6987,6978484.652119965
6988,6978986.166510506
6989,6979503.805319718
6990,6980037.560090091
6991,6980587.4223807445
6992,6981115.996147354
6993,6981617.643829892
6994,6982135.354349692
6995,6982669.118902387
6996,6983218.928702128
6997,6983769.60586354
6998,6984271.463404485
6999,6984789.319414371
7000,6985323.164755108
7001,6985872.990308951
7002,6986438.786978767
7003,6986943.892403162
7004,6987461.952537563
7005,6987995.93460112
7006,6988545.82915702
7007,6989111.626790837
7008,6989631.249654654
7009,6990149.557656155
7010,6990683.717558792
7011,6991233.719619277
7012,6991799.554118422
7013,6992329.903344219
7014,6992848.4883196475
7015,6993382.852614361
7016,6993932.986190947
7017,6994498.879037739
7018,6995036.268827987
7019,6995555.145506949
7020,6996089.726441161
7021,6996640.001311177
7022,6997205.959824907
7023,6997746.8065603
7024,6998265.975555822
7025,6998800.771331136
7026,6999351.183296612
7027,6999917.200891525
7028,7000458.0201296015
7029,7000977.4682005495
7030,7001512.463234268
7031,7002062.994382541
7032,7002629.050827562
7033,7003166.454398695
7034,7003686.154713674
7035,7004221.319901767
7036,7004771.938867539
7037,7005338.00054738
7038,7005868.69374523
7039,7006388.6061476
7040,7006923.899128797
7041,7007474.56135724
7042,7008040.581534604
7043,7008561.360398151
7044,7009081.431671892
7045,7009616.797092553
7046,7010167.445103277
7047,7010733.364181809
7048,7011241.1128662955
7049,7011761.277002418
7050,7012296.646782
7051,7012847.210433508
7052,7013399.593138346
7053,7013904.644455321
7054,7014424.822918616
7055,7014960.1165154
7056,7015510.513269831
7057,7016039.068484956
7058,7016533.537193053
7059,7017043.036219219
7060,7017567.553301599
7061,7018107.076216586
7062,7018656.799082726
7063,7019140.536420629
7064,7019639.205047792
7065,7020152.792463588
7066,7020681.286206852
7067,7021224.673856051
7068,7021721.168136001
7069,7022208.829160396
7070,7022711.307570157
7071,7023228.590676479
7072,7023760.665831352
7073,7024271.023043961
7074,7024747.4718657145
7075,7025238.634586272
7076,7025744.498298796
7077,7026265.050138345
7078,7026785.751299739
7079,7027250.754618625
7080,7027730.366316446
7081,7028224.573277605
7082,7028733.362429486
7083,7029256.72074258
7084,7029714.351500534
7085,7030182.146715352
7086,7030664.429487922
7087,7031161.186546882
7088,7031672.404665005
7089,7032133.983575239
7090,7032589.665051683
7091,7033059.724447591
7092,7033544.148301474
7093,7034042.923196939
7094,7034505.413115156
7095,7034948.649916527
7096,7035406.153107586
7097,7035877.909045005
7098,7036363.904131481
7099,7036824.437700935
7100,7037254.863075254
7101,7037699.44145594
7102,7038158.159025767
7103,7038631.002014426
7104,7039086.928396746
7105,7039504.256592562
7106,7039935.622658463
7107,7040381.012611502
7108,7040840.41251652
7109,7041288.782620502
7110,7041692.939346763
7111,7042111.017232122
7112,7042543.002136952
7113,7042988.879970206
7114,7043425.838586362
7115,7043816.738893053
7116,7044221.442132448
7117,7044639.934017021
7118,7045072.200308579
7119,7045494.013624294
7120,7045871.562138149
7121,7046262.793901185
7122,7046667.694486525
7123,7047086.249517353
7124,7047489.301612329
7125,7047853.39277315
7126,7048231.046099772
7127,7048622.247034294
7128,7049026.981069567
7129,7049407.770524156
7130,7049758.288821511
7131,7050122.24685769
7132,7050499.629951872
7133,7050890.423474615
7134,7051243.782231647
7135,7051577.675741481
7136,7051924.883432713
7137,7052285.390495964
7138,7052659.182173873
7139,7052994.351480992
7140,7053310.850550225
7141,7053640.536532394
7142,7053983.394494491
7143,7054339.409556096
7144,7054655.305315409
7145,7054953.56633628
7146,7055264.885279944
7147,7055589.247094217
7148,7055926.636780063
7149,7056222.455987552
7150,7056501.553418524
7151,7056793.578040786
7152,7057098.5146869635
7153,7057416.348243358
7154,7057691.603431474
7155,7057950.520531109
7156,7058222.232319258
7157,7058506.72351683
7158,7058803.97889888
7159,7059059.117766741
7160,7059297.619340511
7161,7059548.781893963
7162,7059812.590043134
7163,7060089.028458677
7164,7060320.948640521
7165,7060538.9328263495
7166,7060769.443224195
7167,7061012.464352518
7168,7061267.980784813
7169,7061473.0369864525
7170,7061670.393071181
7171,7061880.139593046
7172,7062102.2609800035
7173,7062336.741715439
7174,7062511.413546397
7175,7062688.022190535
7176,7062876.884540322
7177,7063077.984940074
7178,7063288.594548054
7179,7063432.196154306
7180,7063587.929616487
7181,7063755.77914582
7182,7063935.729009637
7183,7064108.858202698
7184,7064231.587133822
7185,7064366.30949479
7186,7064513.009425986
7187,7064671.671124211
7188,7064804.157605926
7189,7064905.870805101
7190,7065019.438190909
7191,7065144.843839198
7192,7065282.071882478
7193,7065370.864464748
7194,7065451.411096022
7195,7065543.671900393
7196,7065647.630895243
7197,7065757.795440089
7198,7065805.427583211
7199,7065864.649253683
7200,7065935.4443591675
7201,7066017.796864475
7202,7066078.0878468165
7203,7066104.370670977
7204,7066142.10165171
7205,7066191.264649618
7206,7066251.843582625
7207,7066259.528942908
7208,7066264.290244029
7209,7066280.357689445
7210,7066307.71509824
7211,7066326.9121572785
7212,7066298.792981161
7213,7066281.853613316
7214,7066276.0777790025
7215,7066281.449261131
7216,7066242.485445142
7217,7066192.622865397
7218,7066153.796957799
7219,7066125.991416499
7220,7066092.333398461
7221,7066009.62614953
7222,7065937.82830599
7223,7065876.923478044
7224,7065826.895333742
7225,7065729.911951776
7226,7065625.215357244
7227,7065531.284052681
7228,7065448.101626968
7229,7065342.459841564
7230,7065180.248261267
7231,7065028.6534500215
7232,7064887.658822412
7233,7064757.247851181
7234,7064637.404067152
7235,7064479.42182634
7236,7064281.142255114
7237,7064093.297270979
7238,7063915.870238216
7239,7063748.844579312
7240,7063592.203774876
7241,7063376.199015588
7242,7063141.706298477
7243,7062917.465394587
7244,7062703.459625502
7245,7062499.672371019
7246,7062306.087069067
7247,7062026.649413158
7248,7061755.786726512
7249,7061494.992558112
7250,7061244.250194138
7251,7061003.542978963
7252,7060742.137726761
7253,7060424.835439407
7254,7060117.434723498
7255,7059819.918778583
7256,7059532.270862428
7257,7059254.474290947
7258,7058918.851875362
7259,7058565.016803202
7260,7058220.899191419
7261,7057886.482217933
7262,7057561.749118817
7263,7057232.3071755
7264,7056832.200479479
7265,7056441.6437011575
7266,7056060.619945159
7267,7055689.112374229
7268,7055327.104209169
7269,7054913.670412607
7270,7054476.827757756
7271,7054049.350327676
7272,7053631.221218124
7273,7053222.423582859
7274,7052804.326517799
7275,7052321.342271791
7276,7051847.555314406
7277,7051382.948680539
7278,7050927.505463016
7279,7050481.208812522
7280,7049970.28618128
7281,7049450.325088268
7282,7048939.376231105
7283,7048437.4226476075
7284,7047944.447433356
7285,7047418.9592948975
7286,7046852.950910807
7287,7046295.786625082
7288,7045747.449426262
7289,7045207.922360535
7290,7044662.8554008035
7291,7044050.918232138
7292,7043447.657014424
7293,7042853.054692456
7294,7042267.09426857
7295,7041689.758802512
7296,7041039.900055965
7297,7040390.652313431
7298,7039749.895309838
7299,7039117.612009007
7300,7038493.785432028
7301,7037815.7505495325
7302,7037120.618809177
7303,7036433.809723082
7304,7035755.306221732
7305,7035085.091292716
7306,7034374.498889341
7307,7033633.578007237
7308,7032900.811803674
7309,7032176.1831808
7310,7031459.675097682
7311,7030712.343333103
7312,7029925.720703486
7313,7029147.08492154
7314,7028376.418865905
7315,7027613.705471956
7316,7026825.645509462
7317,7025993.4012733195
7318,7025168.976233767
7319,7024352.353250624
7320,7023543.515240215
7321,7022710.924916754
7322,7021833.132169702
7323,7020962.991181982
7324,7020100.484799091
7325,7019245.595922819
7326,7018364.853622902
7327,7017441.578622093
7328,7016525.788190282
7329,7015617.465163005
7330,7014716.592431851
7331,7013784.251158445
7332,7012815.553528352
7333,7011854.173556035
7334,7010900.094071278
7335,7009953.297959657
7336,7008966.0795954475
7337,7007952.012532234
7338,7006945.096525979
7339,7005945.314404774
7340,7004952.6490522185
7341,7003907.438804781
7342,7002848.049279136
7343,7001795.644550448
7344,7000750.207449009
7345,6999711.720860354
7346,6998605.561885118
7347,6997500.8908434
7348,6996403.038708954
7349,6995311.988318073
7350,6994214.398818919
7351,6993057.810756905
7352,6991907.893320352
7353,6990764.629300388
7354,6989628.001542907
7355,6988463.311800977
7356,6987261.671914835
7357,6986066.537576815
7358,6984877.891591488
7359,6983695.716817857
7360,6982461.420432929
7361,6981214.752332849
7362,6979974.425153932
7363,6978740.421717546
7364,6977504.325439124
7365,6976206.453485787
7366,6974914.775515747
7367,6973629.27431652
7368,6972349.932729558
7369,6971038.957145217
7370,6969696.252262692
7371,6968359.577691645
7372,6967028.9162431415
7373,6965704.250781812
7374,6964316.296881887
7375,6962928.766929259
7376,6961547.104139962
7377,6960171.291351623
7378,6958772.47849857
7379,6957334.4048622
7380,6955902.0529745575
7381,6954475.405649743
7382,6953054.445754841
7383,6951574.177938138
7384,6950091.443024529
7385,6948614.267797329
7386,6947142.635103256
7387,6945645.892215106
7388,6944113.07428614
7389,6942585.671742154
7390,6941063.667412796
7391,6939547.044180104
7392,6937964.8625930725
7393,6936387.527377328
7394,6934815.446648819
7395,6933248.603275465
7396,6931644.835854449
7397,6930017.856779205
7398,6928395.989067355
7399,6926779.215575852
7400,6925151.13040846
7401,6923474.790560786
7402,6921803.419568368
7403,6920137.000280183
7404,6918475.515596708
7405,6916756.564337116
7406,6915035.968160762
7407,6913320.181802931
7408,6911609.188158824
7409,6909861.51529898
7410,6908091.966535746
7411,6906327.086347023
7412,6904566.857625634
7413,6902788.07889172
7414,6900969.844745194
7415,6899156.138581879
7416,6897346.943295006
7417,6895534.785595995
7418,6893668.127981865
7419,6891805.858422992
7420,6889947.9598157145
7421,6888094.415106635
7422,6886185.433458102
7423,6884274.857910091
7424,6882368.514065138
7425,6880466.38487532
7426,6878513.7225394305
7427,6876545.974124984
7428,6874582.308918074
7429,6872622.709852048
7430,6870666.488927583
7431,6868635.22623957
7432,6866607.891710338
7433,6864584.468238102
7434,6862564.938770445
7435,6860549.286304187
7436,6858469.389149126
7437,6856382.844504024
7438,6854300.039873778
7439,6852220.958223964
7440,6850145.582569013
7441,6848014.186595817
7442,6845868.798644956
7443,6843726.980792301
7444,6841588.716025034
7445,6839453.987378825
7446,6837267.7821291275
7447,6835063.908737439
7448,6832863.43666914
7449,6830666.348936519
7450,6828472.628599964
7451,6826228.519716985
7452,6823966.510045126
7453,6821707.734079284
7454,6819452.174860202
7455,6817199.8154763775
7456,6814894.916239672
7457,6812575.110981986
7458,6810258.37298524
7459,6807944.685321912
7460,6805634.031111834
7461,6803265.654269417
7462,6800888.385888822
7463,6798514.01951058
7464,6796142.538242036
7465,6793773.925237474
7466,6791339.575124941
7467,6788905.168084732
7468,6786473.498988242
7469,6784044.550980693
7470,6781609.493156346
7471,6779115.67219056
7472,6776624.443182892
7473,6774135.789273056
7474,6771649.693647074
7475,6769141.222806653
7476,6766584.9053606
7477,6764031.011290627
7478,6761479.523763885
7479,6758930.425993472
7480,6756372.950078623
7481,6753754.644788226
7482,6751138.595720817
7483,6748524.786074565
7484,6745913.199093202
7485,6743303.34359664
7486,6740623.547886925
7487,6737945.84268556
7488,6735270.21122517
7489,6732596.636783565
7490,6729925.102683635
7491,6727190.469511149
7492,6724451.596113013
7493,6721714.632226289
7494,6718979.561166189
7495,6716246.366292625
7496,6713454.452861084
7497,6710654.8885478685
7498,6707857.0709752
7499,6705060.983498907
7500,6702266.60951912
7501,6699414.720746475
7502,6696554.93241082
7503,6693696.72951101
7504,6690840.095446569
7505,6687985.013660963
7506,6685070.667195604
7507,6682151.111602969
7508,6679232.981614505
7509,6676316.260676409
7510,6673400.932278441
7511,6670421.849395231
7512,6667442.973441174
7513,6664465.364738872
7514,6661489.006784078
7515,6658506.865865029
7516,6655467.979948549
7517,6652430.220911223
7518,6649393.5722581865
7519,6646358.017537515
7520,6643306.105096828
7521,6640208.919438313
7522,6637112.705226157
7523,6634017.446020869
7524,6630923.125425539
7525,6627799.737393881
7526,6624644.669282744
7527,6621490.418677205
7528,6618336.969195744
7529,6615184.304499034
7530,6611987.907040098
7531,6608775.364872452
7532,6605563.487765791
7533,6602352.259399055
7534,6599141.0323692225
7535,6595870.885465136
7536,6592601.268976972
7537,6589332.166604943
7538,6586063.562090822
7539,6582775.745327564
7540,6579449.064914522
7541,6576122.765409846
7542,6572796.830579275
7543,6569471.244229764
7544,6566105.784698261
7545,6562722.952367956
7546,6559340.35294166
7547,6555957.97025288
7548,6552570.487536401
7549,6549131.774344685
7550,6545693.163695178
7551,6542254.639450714
7552,6538816.18551472
7553,6535348.421820617
7554,6531854.441191177
7555,6528360.418039751
7556,6524866.336301538
7557,6521372.179951945
7558,6517823.501159941
7559,6514274.609830409
7560,6510725.532421113
7561,6507176.252941579
7562,6503599.7904913
7563,6499996.650003773
7564,6496393.197339798
7565,6492789.416545581
7566,6489182.881242575
7567,6485526.099115555
7568,6481868.880105614
7569,6478211.208298059
7570,6474553.067817581
7571,6470862.637319049
7572,6467152.249567096
7573,6463441.285736506
7574,6459729.729993212
7575,6456006.058799049
7576,6452243.088803202
7577,6448479.42082756
7578,6444715.039081648
7579,6440949.927813756
7580,6437141.289756294
7581,6433325.494595869
7582,6429508.865183165
7583,6425691.385812041
7584,6421846.8480609665
7585,6417979.491948675
7586,6414111.1824709
7587,6410241.903969274
7588,6406359.8580613565
7589,6402441.496688792
7590,6398522.064199476
7591,6394601.544984917
7592,6390679.9234745735
7593,6386711.686708863
7594,6382741.677894986
7595,6378770.466011467
7596,6374798.035539455
7597,6370790.329360387
7598,6366770.280719608
7599,6362748.914014604
7600,6358726.2137802215
7601,6354677.776990575
7602,6350608.215003986
7603,6346537.221301149
7604,6342464.780472524
7605,6338374.462640762
7606,6334255.903941275
7607,6330135.80120866
7608,6326014.139090894
7609,6321880.89590048
7610,6317713.847436576
7611,6313545.143950345
7612,6309374.770149073
7613,6305197.6589106945
7614,6300982.618105707
7615,6296765.81260925
7616,6292547.227189704
7617,6288325.402510885
7618,6284062.857417683
7619,6279798.43927625
7620,6275532.132917775
7621,6271263.923209672
7622,6266955.2719753785
7623,6262643.721326047
7624,6258330.1754719475
7625,6254014.619344743
7626,6249660.629928905
7627,6245302.417825988
7628,6240942.10482887
7629,6236579.675935071
7630,6232179.757516671
7631,6227775.346072456
7632,6223368.729334867
7633,6218959.892368856
7634,6214513.535729171
7635,6210063.378250142
7636,6205610.9123606905
7637,6201155.960549975
7638,6196662.89709105
7639,6192167.43820945
7640,6187669.569074276
7641,6183166.650683638
7642,6178628.822556764
7643,6174088.498357619
7644,6169545.663327343
7645,6164994.504906201
7646,6160412.338515899
7647,6155827.576659532
7648,6151240.204651683
7649,6146640.600451677
7650,6142014.513904238
7651,6137385.73374434
7652,6132754.245361313
7653,6128106.0541998
7654,6123436.457417106
7655,6118764.070114397
7656,6114088.87775705
7657,6109392.0199927585
7658,6104679.31482173
7659,6099963.72345337
7660,6095245.231430373
7661,6090499.686047972
7662,6085744.2663659705
7663,6080985.86603087
7664,6076224.47066392
7665,6071430.272464819
7666,6066632.524281001
7667,6061831.7022011215
7668,6057021.575586923
7669,6052185.028823127
7670,6047345.330376121
7671,6042502.465994043
7672,6037643.2674111305
7673,6032765.231872452
7674,6027883.953724431
7675,6022999.418797353
7676,6018091.345833064
7677,6013172.183311176
7678,6008249.688438776
7679,6003323.671179258
7680,5998367.142857581
7681,5993407.207655628
7682,5988443.851537959
7683,5983464.7349485755
7684,5978454.387403469
7685,5973440.529525208
7686,5968423.147339986
7687,5963402.226907083
7688,5958377.754318812
7689,5953323.9881180385
7690,5948253.97651384
7691,5943180.325754475
7692,5938103.021996876
7693,5933022.051430808
7694,5927934.126908154
7695,5922809.10620137
7696,5917680.334031774
7697,5912547.796656745
7698,5907411.480366288
7699,5902271.371483037
7700,5897107.777927713
7701,5891925.001182356
7702,5886738.34953022
7703,5881547.809364281
7704,5876353.3671099115
7705,5871152.069113111
7706,5865916.375191227
7707,5860676.699130218
7708,5855433.027428559
7709,5850185.346616968
7710,5844933.643258351
7711,5839656.705203479
7712,5834365.0660000285
7713,5829069.3264642265
7714,5823769.473234559
7715,5818465.492981563
7716,5813148.424754442
7717,5807805.855921804
7718,5802459.084464384
7719,5797108.097130826
7720,5791752.880701615
7721,5786393.42198905
7722,5781001.644109728
7723,5775604.84968145
7724,5770203.739560994
7725,5764798.300641066
7726,5759388.519846037
7727,5753955.160339144
7728,5748509.325734826
7729,5743059.077953732
7730,5737604.404002932
7731,5732145.290921005
7732,5726669.274963572
7733,5721175.3576069
7734,5715676.931886024
7735,5710173.98492446
7736,5704666.50387704
7737,5699146.985773305
7738,5693605.918481154
7739,5688060.249900856
7740,5682509.967274306
7741,5676955.057874598
7742,5671391.405652442
7743,5665804.097379018
7744,5660212.097123835
7745,5654615.392249051
7746,5649013.97014786
7747,5643405.750992117
7748,5637773.087553544
7749,5632135.643637308
7750,5626493.406727612
7751,5620846.364339585
7752,5615193.330821085
7753,5609516.175600662
7754,5603834.153572321
7755,5598147.2523440095
7756,5592455.459554491
7757,5586757.536615308
7758,5581036.731250076
7759,5575310.974880734
7760,5569580.25524065
7761,5563844.560093841
7762,5558101.832751288
7763,5552338.19780018
7764,5546569.529751862
7765,5540795.816466631
7766,5535017.045835342
7767,5529229.747568928
7768,5523424.083163036
7769,5517613.305639377
7770,5511797.402986707
7771,5505976.3632241795
7772,5500144.865011349
7773,5494297.951486659
7774,5488445.846866213
7775,5482588.53926862
7776,5476726.016842804
7777,5470850.8168111285
7778,5464963.415324155
7779,5459070.746776525
7780,5453172.799418072
7781,5447269.561528803
7782,5441351.2751935115
7783,5435424.128320308
7784,5429491.640405637
7785,5423553.79983184
7786,5417610.595011342
7787,5411649.946068834
7788,5405683.778387636
7789,5399712.197639787
7790,5393735.192341346
7791,5387749.572244141
7792,5381750.562687527
7793,5375746.081345602
7794,5369736.116839434
7795,5363720.6578200115
7796,5357693.444348846
7797,5351656.879732721
7798,5345614.77499767
7799,5339567.11890089
7800,5333513.900229394
7801,5327446.115449896
7802,5321372.667826417
7803,5315293.61362238
7804,5309208.941732176
7805,5303115.396975115
7806,5297011.382800569
7807,5290901.7084264085
7808,5284786.362855559
7809,5278665.335120593
7810,5272532.586270893
7811,5266393.049249522
7812,5260247.789092577
7813,5254096.794942207
7814,5247938.016317071
7815,5241769.354359107
7816,5235594.918869713
7817,5229414.699101692
7818,5223228.684337378
7819,5217032.407609556
7820,5210829.516786643
7821,5204620.792915982
7822,5198406.225391463
7823,5192184.052097248
7824,5185953.4072552025
7825,5179716.882084987
7826,5173474.466093036
7827,5167226.148815195
7828,5160968.27900579
7829,5154704.445507459
7830,5148434.675261373
7831,5142158.95791653
7832,5135876.511424783
7833,5129586.163610017
7834,5123289.8347050045
7835,5116987.514472889
7836,5110679.192706139
7837,5104363.770133659
7838,5098041.655671927
7839,5091713.507206828
7840,5085379.314645898
7841,5079039.067925907
7842,5072691.926036846
7843,5066338.702180681
7844,5059979.393188805
7845,5053613.989113928
7846,5047242.502674992
7847,5040864.935149302
7848,5034481.242938487
7849,5028091.416212036
7850,5021695.445168584
7851,5015294.461103618
7852,5008887.519657067
7853,5002474.406205114
7854,4996055.111064377
7855,4989629.62458059
7856,4983198.840114356
7857,4976763.523177597
7858,4970321.989055008
7859,4963874.228211435
7860,4957420.231140775
7861,4950959.98836598
7862,4944496.904048161
7863,4938027.916838787
7864,4931552.659966881
7865,4925071.124075519
7866,4918583.299836772
7867,4912091.696446809
7868,4905596.192030082
7869,4899094.377051219
7870,4892586.242303355
7871,4886071.778608594
7872,4879551.997063765
7873,4873030.880850614
7874,4866503.415170344
7875,4859969.590967021
7876,4853429.399213613
7877,4846882.830912023
7878,4840336.100989213
7879,4833783.862689817
7880,4827225.229062832
7881,4820660.191232897
7882,4814088.740353529
7883,4807516.0103413295
7884,4800939.849331013
7885,4794357.258093586
7886,4787768.2279060185
7887,4781172.750074147
7888,4774574.796699701
7889,4767975.535819987
7890,4761369.811675373
7891,4754757.615695846
7892,4748138.939340184
7893,4741516.6683309525
7894,4734895.104423708
7895,4728267.046033589
7896,4721632.484744153
7897,4714991.412167741
7898,4708345.845377813
7899,4701702.750313246
7900,4695053.1313269595
7901,4688396.980156608
7902,4681734.28856859
7903,4675066.552029164
7904,4668402.673696172
7905,4661732.243742234
7906,4655055.254059563
7907,4648371.696569128
7908,4641683.009404314
7909,4634999.07266452
7910,4628308.558305872
7911,4621611.458375554
7912,4614907.764949479
7913,4608199.429101924
7914,4601496.136708599
7915,4594786.242362593
7916,4588069.73826646
7917,4581346.616651442
7918,4574620.007365494
7919,4567898.04084857
7920,4561169.449673174
7921,4554434.226197507
7922,4547692.362808461
7923,4540948.919821958
7924,4534208.940340466
7925,4527462.31508764
7926,4520709.036577652
7927,4513949.097353293
7928,4507190.31675181
7929,4500432.96591463
7930,4493668.949752205
7931,4486898.260934853
7932,4480120.892161556
7933,4473348.318851845
7934,4466574.2195081
7935,4459793.436811069
7936,4453005.963587463
7937,4446211.792692584
7938,4439427.013454446
7939,4432636.770454479
7940,4425839.827566994
7941,4419036.177775217
7942,4412229.542171124
7943,4405430.451169452
7944,4398624.6520974245
7945,4391812.138066313
7946,4384992.902215954
7947,4378176.705171191
7948,4371362.642916696
7949,4364541.858795924
7950,4357714.346076852
7951,4350880.098056049
7952,4344056.037088721
7953,4337227.557319761
7954,4330392.343291522
7955,4323550.388428765
7956,4316707.097092185
7957,4309871.477177915
7958,4303029.118432776
7959,4296180.014409746
7960,4289324.158690368
7961,4282475.88262522
7962,4275626.917529711
7963,4268771.203774612
7964,4261908.735069684
7965,4255043.0536020985
7966,4248188.00301064
7967,4241326.201412668
7968,4234457.642646153
7969,4227582.320577572
7970,4220714.649058275
7971,4213847.264655156
7972,4206973.121873495
7973,4200092.214707913
7974,4193209.1373497583
7975,4186336.6589892
7976,4179457.4220236456
7977,4172571.420575781
7978,4165678.6487967577
7979,4158796.654131737
7980,4151912.797235652
7981,4145022.1767178965
7982,4138124.7868575566
7983,4131230.2125862963
7984,4124343.9784532525
7985,4117450.984400928
7986,4110551.224837302
7987,4103644.694198811
7988,4096748.9238086618
7989,4089854.0676654275
7990,4082952.4508143147
7991,4076044.067820415
7992,4069129.973048848
7993,4062233.7482769527
7994,4055330.76854546
7995,4048421.0285479617
7996,4041504.523006473
7997,4034592.358734001
7998,4027688.493278153
7999,4020777.874351412
8000,4013860.4968040218
8001,4006936.3555146256
8002,4000027.9470731495
8003,3993116.9107415043
8004,3986199.1236052117
8005,3979274.5806708797
8006,3972351.45454281
8007,3965440.446478067
8008,3958522.6962928185
8009,3951598.199121341
8010,3944666.9501262754
8011,3937750.789665245
8012,3930833.507763577
8013,3923909.4885315844
8014,3916978.7272592727
8015,3910050.2442055754
8016,3903133.847354661
8017,3896210.7236505435
8018,3889280.868510246
8019,3882344.2773791407
8020,3875425.997604187
8021,3868504.1730444212
8022,3861575.628451346
8023,3854640.359396967
8024,3847712.2313211956
8025,3840792.096141232
8026,3833865.2531081415
8027,3826931.697920233
8028,3819994.808942406
8029,3813076.740563071
8030,3806151.977267462
8031,3799220.514879776
8032,3792282.349252514
8033,3785360.3397248387
8034,3778438.022052548
8035,3771509.019087205
8036,3764573.3268067483
8037,3757645.110679396
8038,3750725.592745678
8039,3743799.404034835
8040,3736866.5406498793
8041,3729933.2521905927
8042,3723016.8768394976
8043,3716093.8459254513
8044,3709164.1556760906
8045,3702227.802347241
8046,3695314.042299812
8047,3688394.501914167
8048,3681468.3182116696
8049,3674535.4875723105
8050,3667619.236023408
8051,3660703.5085462765
8052,3653781.154432953
8053,3646852.170187093
8054,3639934.5824759803
8055,3633022.980376025
8056,3626104.7689657765
8057,3619179.944872074
8058,3612262.182495871
8059,3605355.0087518985
8060,3598441.243652353
8061,3591520.883946746
8062,3584604.1122505614
8063,3577701.660755436
8064,3570792.63647237
8065,3563877.036273082
8066,3556962.4223336615
8067,3550064.9782812004
8068,3543160.9806059888
8069,3536250.4263014146
8070,3529339.136990885
8071,3522446.9772465625
8072,3515548.283627322
8073,3508643.053247687
8074,3501736.253464643
8075,3494849.646920552
8076,3487956.526817554
8077,3481056.8903907384
8078,3474155.7414469053
8079,3467274.9493617928
8080,3460387.6645879257
8081,3453493.8844804578
8082,3446599.5426317784
8083,3439724.8189565954
8084,3432843.6240034066
8085,3425955.955246829
8086,3419069.5703586405
8087,3412201.1620483445
8088,3405326.3043981753
8089,3398444.995001652
8090,3391567.70933827
8091,3384705.856650346
8092,3377837.5770752667
8093,3370962.868324849
8094,3364095.8154545696
8095,3357240.7522347476
8096,3350379.2850826276
8097,3343511.411827775
8098,3336655.7156347185
8099,3329807.66959055
8100,3322953.24305905
8101,3316092.4339868966
8102,3309249.2077819426
8103,3302408.4007446687
8104,3295561.23714338
8105,3288707.7150412803
8106,3281878.0607646205
8107,3275044.708939672
8108,3268205.0249409913
8109,3261363.394655041
8110,3254544.014456259
8111,3247718.3286631433
8112,3240886.3355424358
8113,3234060.895285129
8114,3227250.92876418
8115,3220434.683338808
8116,3213612.1573906587
8117,3206799.241020669
8118,3199998.8971382827
8119,3193192.301473739
8120,3186379.45252288
8121,3179580.2145662354
8122,3172789.696648812
8123,3165992.9544925513
8124,3159189.9867067966
8125,3152405.5683262385
8126,3145625.074313488
8127,3138838.384015299
8128,3132045.496153808
8129,3125277.024480245
8130,3118506.7471614988
8131,3111730.3019101243
8132,3104950.0097543914
8133,3098196.2751033357
8134,3091436.402343183
8135,3084670.3903922895
8136,3077909.8041591397
8137,3071172.454716685
8138,3064429.001679133
8139,3057679.4440758424
8140,3050923.78096338
8141,3044203.0370511473
8142,3037480.774103664
8143,3030752.4458570587
8144,3024018.0514780153
8145,3017280.6051344923
8146,3010579.7265867484
8147,3003872.822305599
8148,2997159.891566865
8149,2990440.9336733837
8150,2983728.4071695376
8151,2977043.111416647
8152,2970351.8291634354
8153,2963654.5598207354
8154,2956951.3028263035
8155,2950265.814249661
8156,2943596.355817856
8157,2936920.950628189
8158,2930239.598225294
8159,2923552.298180668
8160,2916895.9248429006
8161,2910242.5504053873
8162,2903583.2694441164
8163,2896918.0816362794
8164,2890252.949742979
8165,2883621.7641448136
8166,2876984.7129495223
8167,2870341.795938984
8168,2863693.0129217436
8169,2857060.956177441
8170,2850446.2850103
8171,2843825.7892821333
8172,2837199.4689050126
8173,2830567.3238175726
8174,2823979.361493906
8175,2817391.578769262
8176,2810798.02217973
8177,2804198.691765401
8178,2797593.5875928216
8179,2791000.5204957956
8180,2784439.8355598007
8181,2777873.4277730146
8182,2771301.2973019225
8183,2764723.4443393564
8184,2758139.869104482
8185,2751595.156963749
8186,2745056.095718991
8187,2738511.363225369
8188,2731960.959800382
8189,2725404.8857877194
8190,2718861.542958914
8191,2712350.0148342676
8192,2705832.8671706794
8193,2699310.100408697
8194,2692781.715014936
8195,2686247.7114820885
8196,2679759.0724513894
8197,2673269.685999525
8198,2666774.732535545
8199,2660274.212647357
8200,2653768.1269488153
8201,2647287.0541584017
8202,2640825.595489747
8203,2634358.622129856
8204,2627886.1347862915
8205,2621408.1341924043
8206,2614941.862767814
8207,2608526.518235263
8208,2602105.7273394335
8209,2595679.490902284
8210,2589247.8097713827
8211,2582810.6848198897
8212,2576368.116946611
8213,2569938.718268508
8214,2563558.7608367046
8215,2557173.4271685146
8216,2550782.71824888
8217,2544386.635088138
8218,2537985.178722077
8219,2531578.3502119156
8220,2525192.3173155407
8221,2518848.0341093633
8222,2512498.445214382
8223,2506143.5517755067
8224,2499783.354962851
8225,2493417.8559717867
8226,2487047.056022934
8227,2480710.656841268
8228,2474402.319065733
8229,2468088.746530979
8230,2461769.9405388464
8231,2455445.9024162157
8232,2449116.633515015
8233,2442782.135212206
8234,2436501.4112877855
8235,2430229.275425049
8236,2423951.976077624
8237,2417669.5147012635
8238,2411381.8927765726
8239,2405089.1118089976
8240,2398802.5373072936
8241,2392571.939682711
8242,2386336.248575357
8243,2380095.465567248
8244,2373849.592265044
8245,2367598.630300031
8246,2361342.581328119
8247,2355123.2873953306
8248,2348929.2929975125
8249,2342730.2768280907
8250,2336526.2406171593
8251,2330317.186119226
8252,2324103.115113201
8253,2317889.61603674
8254,2311737.394693786
8255,2305580.221685002
8256,2299418.098861284
8257,2293251.028097749
8258,2287079.0112937116
8259,2280902.0503726816
8260,2274766.592477157
8261,2268651.327713216
8262,2262531.183311757
8263,2256406.161265889
8264,2250276.2635927093
8265,2244141.492333284
8266,2238022.6822380796
8267,2231949.380392322
8268,2225871.269015207
8269,2219788.3502152483
8270,2213700.6261247103
8271,2207608.098899628
8272,2201511.2209846526
8273,2195479.92706997
8274,2189443.893637781
8275,2183403.122909391
8276,2177357.6171296528
8277,2171307.378566959
8278,2165252.40951323
8279,2159248.2812649035
8280,2153254.361698563
8281,2147255.7748476197
8282,2141252.5230669263
8283,2135244.6087346463
8284,2129232.0342522417
8285,2123259.5272296304
8286,2117307.7490689694
8287,2111351.3735009874
8288,2105390.4029879486
8289,2099424.8400152107
8290,2093454.6870912148
8291,2087518.524705372
8292,2081608.9076701303
8293,2075694.762952034
8294,2069776.0931182099
8295,2063852.9007586474
8296,2057925.1884861793
8297,2052031.9889525548
8298,2046168.4369154782
8299,2040300.4297709905
8300,2034427.9701865767
8301,2028551.0608523325
8302,2022669.7044809428
8303,2016801.2717096023
8304,2010983.7409695962
8305,2005161.8274181644
8306,1999335.5338205043
8307,1993504.8629641337
8308,1987669.8176589257
8309,1981831.3594196984
8310,1976059.7990331769
8311,1970283.9278352992
8312,1964503.748686307
8313,1958719.26446851
8314,1952930.478086313
8315,1947137.3924662075
8316,1941401.3460917
8317,1935671.4592342484
8318,1929937.3362064864
8319,1924198.979982879
8320,1918456.3935597274
8321,1912709.579955158
8322,1907012.8787276344
8323,1901328.9118622446
8324,1895640.7802779553
8325,1889948.4870387882
8326,1884252.0352303104
8327,1878551.4279596675
8328,1872898.6609730264
8329,1867260.5438120095
8330,1861618.3330396726
8331,1855972.031806979
8332,1850321.6432861716
8333,1844667.1706708118
8334,1839062.7301669077
8335,1833470.386840871
8336,1827874.0206533903
8337,1822273.634839776
8338,1816669.2326563809
8339,1811060.8173805801
8340,1805508.902788812
8341,1799962.252169638
8342,1794411.649067852
8343,1788857.0968005634
8344,1783298.5987056526
8345,1777737.938388524
8346,1772240.780244539
8347,1766739.7362371006
8348,1761234.8097420398
8349,1755726.0041557124
8350,1750213.3228949797
8351,1744713.466438104
8352,1739261.7545854396
8353,1733806.226391146
8354,1728346.8853080377
8355,1722883.7348091928
8356,1717416.7783879144
8357,1711981.3745659278
8358,1706575.0141461722
8359,1701164.9065010531
8360,1695751.055157886
8361,1690333.4636639378
8362,1684912.1355864606
8363,1679544.6571732545
8364,1674183.5490892422
8365,1668818.7624791295
8366,1663450.3009422205
8367,1658078.1680975053
8368,1652718.4607232728
8369,1647406.115737474
8370,1642090.1568473782
8371,1636770.587702379
8372,1631447.4119712997
8373,1626120.6333423948
8374,1620835.734732339
8375,1615568.364164338
8376,1610297.4474571731
8377,1605022.9883275707
8378,1599744.9905114316
8379,1594475.3642915671
8380,1589256.34044996
8381,1584033.8340249595
8382,1578807.8487793312
8383,1573578.3884947195
8384,1568345.4569716726
8385,1563156.87611749
8386,1557982.5357881438
8387,1552804.7796746118
8388,1547623.6116024456
8389,1542439.0354158154
8390,1537272.6002194562
8391,1532146.179924059
8392,1527016.4063123341
8393,1521883.2832518674
8394,1516746.8146286148
8395,1511607.0043468769
8396,1506527.2365974025
8397,1501445.1971210488
8398,1496359.8701324412
8399,1491271.2595574807
8400,1486179.3693401625
8401,1481128.0231049918
8402,1476093.4677914972
8403,1471055.6863260474
8404,1466014.6826727223
8405,1460970.460813396
8406,1455950.7079656569
8407,1450963.385355365
8408,1445972.8973747238
8409,1440979.2480241857
8410,1435982.4413217567
8411,1430997.3149493833
8412,1426056.9722044375
8413,1421113.5242897156
8414,1416166.9752403179
8415,1411217.3291085986
8416,1406269.7270409265
8417,1401376.110045191
8418,1396479.4474971124
8419,1391579.7434646871
8420,1386677.0020329216
8421,1381771.2273038053
8422,1376922.5437853525
8423,1372072.4107162168
8424,1367219.2952262957
8425,1362363.2014315077
8426,1357504.133464513
8427,1352697.8853496155
8428,1347894.024767917
8429,1343087.2402404877
8430,1338277.5359124963
8431,1333464.915945563
8432,1328706.8105708635
8433,1323952.5320556962
8434,1319195.3896579985
8435,1314435.387547295
8436,1309672.5299093002
8437,1304946.564696685
8438,1300241.5420713422
8439,1295533.7149481014
8440,1290823.087519169
8441,1286109.663992651
8442,1281418.8876456146
8443,1276762.7942853058
8444,1272103.9551332714
8445,1267442.37440275
8446,1262778.0563226172
8447,1258125.3712843484
8448,1253517.8801932784
8449,1248907.7013385147
8450,1244294.8389526883
8451,1239679.2972838096
8452,1235067.4639005505
8453,1230508.2477831584
8454,1225946.401252392
8455,1221381.928558705
8456,1216814.8339676333
8457,1212246.4745792106
8458,1207735.2059060659
8459,1203221.363492789
8460,1198704.9516060597
8461,1194185.9745273937
8462,1189664.4365531162
8463,1185199.928551297
8464,1180733.7618770162
8465,1176265.0817409041
8466,1171793.8924388862
8467,1167320.1982814367
8468,1162903.4590251148
8469,1158484.639596395
8470,1154063.3620405213
8471,1149639.630666338
8472,1145216.1069979237
8473,1140846.7140341
8474,1136474.9132957223
8475,1132100.7090890277
8476,1127724.105734256
8477,1123353.244488559
8478,1119030.4876738198
8479,1114705.3770585107
8480,1110377.9169590764
8481,1106048.1117057146
8482,1101731.9038502811
8483,1097455.4553237609
8484,1093176.7062988225
8485,1088895.661100666
8486,1084612.3240679903
8487,1080352.6454721072
8488,1076122.1774499426
8489,1071889.4615611066
8490,1067654.5021381583
8491,1063417.3035268828
8492,1059215.9184999338
8493,1055031.1033164733
8494,1050844.0922292846
8495,1046654.889576874
8496,1042463.4997107259
8497,1038322.0644608167
8498,1034182.5746076466
8499,1030040.9401465682
8500,1025897.1654206945
8501,1021763.7143249688
8502,1017671.3207991818
8503,1013576.8289621276
8504,1009480.2431476937
8505,1005381.567702243
8506,1001314.8454772097
8507,997272.8831625368
8508,993228.8754738573
8509,989182.8267409323
8510,985134.7413057197
8511,981110.9660762924
8512,977118.979281641
8513,973124.9992450972
8514,969129.0302909986
8515,965131.0767556144
8516,961152.6810736615
8517,957210.215790195
8518,953265.8085969363
8519,949319.463811563
8520,945371.1857633924
8521,941440.4575659547
8522,937547.0615037007
8523,933651.774068986
8524,929754.5995715918
8525,925855.5423326829
8526,921974.6298427203
8527,918129.8524649875
8528,914283.2334626921
8529,910434.7771365269
8530,906584.4877982939
8531,902755.4042983328
8532,898958.7968542309
8533,895160.3967494314
8534,891360.2082743717
8535,887558.2357303516
8536,883782.8642111301
8537,880033.9797662791
8538,876283.3508460777
8539,872530.9817295609
8540,868776.8767063834
8541,865056.9743925146
8542,861355.3678582234
8543,857652.0642609596
8544,853947.0678672782
8545,850240.3829540807
8546,846577.5857090191
8547,842922.8138699742
8548,839266.3916130541
8549,835608.3231912288
8550,831951.2091765983
8551,828344.4394801587
8552,824736.061020862
8553,821126.0780272024
8554,817514.4947375439
8555,813918.0326053018
8556,810357.1717550021
8557,806794.7472849889
8558,803230.7634083554
8559,799665.2243478242
8560,796130.7061668776
8561,792615.317470352
8562,789098.4095483323
8563,785579.986597535
8564,782060.0528240533
8565,778592.7165713173
8566,775126.621526272
8567,771659.0527338773
8568,768190.0143683074
8569,764719.5106128678
8570,761301.0419764818
8571,757883.9177984499
8572,754465.3646001559
8573,751045.3865320914
8574,747623.987753611
8575,744255.4113334547
8576,740886.9533230928
8577,737517.1102786397
8578,734145.8863257328
8579,730774.2097353911
8580,727455.4787250919
8581,724135.401845045
8582,720813.9831865011
8583,717491.2268491149
8584,714171.486253959
8585,710900.8301998804
8586,707628.8708385816
8587,704355.612234403
8588,701081.0584598571
8589,697813.8110402664
8590,694590.990444064
8591,691366.9083951872
8592,688141.568929928
8593,684914.9760925064
8594,681700.6282198491
8595,678525.4292067093
8596,675349.0098986125
8597,672171.3743026309
8598,668992.5264335328
8599,665831.3305177641
8600,662703.5673566111
8601,659574.6243728275
8602,656444.5055431068
8603,653313.2148515896
8604,650205.2644360578
8605,647124.7824005273
8606,644043.1603410923
8607,640960.4022028751
8608,637876.5119382213
8609,634821.7345942509
8610,631788.4132247599
8611,628753.9909686671
8612,625718.4717383129
8613,622681.8594530263
8614,619680.0068875039
8615,616693.7637284064
8616,613706.4581711643
8617,610718.0940941052
8618,607728.6753823255
8619,604779.3099836977
8620,601840.10488651
8621,598899.8752438838
8622,595958.6248988545
8623,593016.3577010147
8624,590118.8344927304
8625,587226.6745986753
8626,584333.5273897481
8627,581439.3966723983
8628,578544.2862594078
8629,575697.0637708434
8630,572851.3109729248
8631,570004.60724748
8632,567156.9563639341
8633,564311.9463525179
8634,561512.8857052461
8635,558712.9059604048
8636,555912.0108440882
8637,553110.2040883127
8638,550319.0323102835
8639,547565.0830006319
8640,544810.2493686737
8641,542054.5351029162
8642,539297.9438975872
8643,536561.7937276472
8644,533852.3366440306
8645,531142.0292081338
8646,528430.8750705404
8647,525718.8778873463
8648,523038.8087959852
8649,520373.23176019103
8650,517706.8375495806
8651,515039.6297764771
8652,512371.6120585211
8653,509748.56553469837
8654,507126.2632267191
8655,504503.17614135257
8656,501879.3078523745
8657,499268.33661178005
8658,496689.467174124
8659,494109.8410589132
8660,491529.46179614245
8661,488948.3329207571
8662,486396.6532975582
8663,483859.83731775486
8664,481322.29557383107
8665,478784.0315568939
8666,476247.9197651339
8667,473753.27184941375
8668,471257.9248927788
8669,468761.8823426169
8670,466265.1476509
8671,463790.15094405774
8672,461336.3647017955
8673,458881.90889757976
8674,456426.7869396406
8675,453971.0022406182
8676,451557.5342024295
8677,449144.0389791859
8678,446729.9029543215
8679,444315.12949671486
8680,441921.2616617933
8681,439548.1092976423
8682,437174.34086011705
8683,434799.9596744882
8684,432427.28903488285
8685,430093.8701404629
8686,427759.8592887454
8687,425425.2597615763
8688,423090.0748447313
8689,420780.9898140228
8690,418486.1347821357
8691,416190.71454699116
8692,413894.7323509586
8693,411609.0589094718
8694,409352.76606033376
8695,407095.9308910354
8696,404838.5566007419
8697,402580.6463922439
8698,400359.27812061453
8699,398140.4418263759
8700,395921.0886733428
8701,393701.2218211634
8702,391505.12617441965
8703,389323.7104968482
8704,387141.79965603346
8705,384959.3967686877
8706,382789.6994284705
8707,380645.13394037314
8708,378500.0944288061
8709,376354.5839677815
8710,374212.3247160687
8711,372104.04672199907
8712,369995.3152991872
8713,367886.1334791693
8714,365776.5042965439
8715,363699.72442290664
8716,361626.74549290596
8717,359553.3361837001
8718,357479.49948751874
8719,355435.86200316536
8720,353404.40387156955
8721,351372.53613978927
8722,349340.2617487665
8723,347307.58364222565
8724,345309.9837736355
8725,343318.89471975615
8726,341327.41910140554
8727,339335.55981140904
8728,337343.6145592741
8729,335392.5536841541
8730,333441.1257213506
8731,331489.33351333305
8732,329537.1799050884
8733,327593.53766588564
8734,325681.418491444
8735,323768.9538954852
8736,321856.1466730612
8737,319942.9996215906
8738,318048.2233642516
8739,316174.35901072476
8740,314300.170216734
8741,312425.6597302019
8742,310550.8303012881
8743,308705.38192709826
8744,306869.09555563703
8745,305032.50505510456
8746,303195.6131266013
8747,301361.7565921729
8748,299562.6684269369
8749,297763.29313697165
8750,295963.6333748748
8751,294163.6917952459
8752,292380.54091420345
8753,290617.6877021344
8754,288854.5664288516
8755,287091.1797009153
8756,285327.530126754
8757,283595.264064111
8758,281867.9990988646
8759,280140.48451086204
8760,278412.72286096466
8761,276695.5143044848
8762,275003.4348051356
8763,273311.1209970834
8764,271618.5753941896
8765,269925.8005119718
8766,268260.2985472289
8767,266602.5253539165
8768,264944.5351284156
8769,263286.33033971995
8770,261637.94166812635
8771,260014.05996356506
8772,258389.97549768392
8773,256765.69069354353
8774,255141.20797565216
8775,253545.01796353175
8776,251954.20053699284
8777,250363.19651830674
8778,248772.00828652826
8779,247194.62762301654
8780,245636.44926012962
8781,244078.09758451543
8782,242519.57493036386
8783,240962.0565350371
8784,239435.899853267
8785,237909.58268338724
8786,236383.10731531194
8787,234856.47604012646
8788,233351.67369088717
8789,231856.78364424082
8790,230361.74773717896
8791,228866.56821700363
8792,227382.83918042146
8793,225918.77918060194
8794,224454.58522700256
8795,222990.25952373573
8796,221528.47184596176
8797,220095.319550614
8798,218662.04484572634
8799,217228.6498917972
8800,215795.13685024568
8801,214384.24814047167
8802,212981.28817010118
8803,211578.21903264037
8804,210175.04284643847
8805,208784.5922426504
8806,207411.3531353879
8807,206038.01553559236
8808,204664.5815191746
8809,203295.3326512194
8810,201951.2310186848
8811,200607.0411718363
8812,199262.76514476212
8813,197918.40497224042
8814,196599.86993419705
8815,195284.25439142188
8816,193968.56251990257
8817,192652.79631314692
8818,191356.17817160397
8819,190068.5736633927
8820,188780.90230357836
8821,187493.16604501905
8822,186219.0273833978
8823,184958.88066486557
8824,183698.67620788494
8825,182438.41592527422
8826,181187.25562684005
8827,179954.02332474847
8828,178720.7420434947
8829,177487.41365646417
8830,176259.67026602844
8831,175052.81872753162
8832,173845.92662518995
8833,172638.99579356707
8834,171435.0507393146
8835,170254.0558824508
8836,169073.02854277223
8837,167891.9705166286
8838,166712.1511972096
8839,165556.49836311597
8840,164400.82080242614
8841,163245.12027387042
8842,162089.703015689
8843,160958.88682255533
8844,159828.05334348587
8845,158697.2043001853
8846,157566.41718967888
8847,156459.94138840208
8848,155353.45543534236
8849,154246.96101577394
8850,153140.9866112756
8851,152058.3639428416
8852,150975.7379591172
8853,149893.1103095359
8854,148812.08823720829
8855,147752.84029176552
8856,146693.59557851663
8857,145634.35571163477
8858,144578.38514975834
8859,143542.04222740265
8860,142505.70880416466
8861,141469.38645953248
8862,140438.52851533928
8863,139424.62948857655
8864,138410.74595554965
8865,137396.87946164116
8866,136391.15944468672
8867,135399.2516225797
8868,134407.36502459308
8869,133415.5011625709
8870,132434.91075855066
8871,131464.54975254275
8872,130494.21544468708
8873,129523.90931385236
8874,128568.4086625962
8875,127619.15825399668
8876,126669.9397689244
8877,125720.7546538296
8878,124793.99903995259
8879,123869.53003334145
8880,122945.09777471607
8881,122020.70367241208
8882,121105.16082648144
8883,120204.86665115296
8884,119304.61377258551
8885,118404.40356183457
8886,117504.23738977933
8887,116624.24225073628
8888,115747.57621546905
8889,114870.9570949219
8890,113994.3862234859
8891,113126.68611925255
8892,112273.02842455757
8893,111419.42163682722
8894,110565.86705478033
8895,109712.36597689464
8896,108879.97283726855
8897,108048.81339962095
8898,107217.70987999109
8899,106386.66354195338
8900,105567.37502797823
8901,104758.11146965675
8902,103948.90730675306
8903,103139.76376872028
8904,102334.16751219115
8905,101546.26161843834
8906,100758.41837156849
8907,99970.63896768935
8908,99182.92460258667
8909,98412.17990726871
8910,97645.17215121271
8911,96878.23123980105
8912,96111.3583362049
8913,95354.75609557786
8914,94608.07117787247
8915,93861.45589840673
8916,93114.9113884853
8917,92372.8568624241
8918,91645.9946675443
8919,90919.20470457395
8920,90192.48807367937
8921,89465.84587463932
8922,88757.80157083856
8923,88050.34892487865
8924,87342.97198217051
8925,86635.67181205189
8926,85942.33345496184
8927,85253.742220498
8928,84565.22887667616
8929,83876.79446310074
8930,83198.41722532864
8931,82528.22337604826
8932,81858.10942832723
8933,81188.0763927236
8934,80524.8676948841
8935,79872.61887629742
8936,79220.4518007624
8937,78568.3674504681
8938,77920.49000892631
8939,77285.74533853117
8940,76651.08409005353
8941,76016.50721797344
8942,75384.0819328422
8943,74766.41180804465
8944,74148.82662794985
8945,73531.32731998166
8946,72914.43600989439
8947,72313.42192390417
8948,71712.49415562936
8949,71111.65360607018
8950,70510.90117574185
8951,69925.57596181614
8952,69340.8978748083
8953,68756.30821001666
8954,68171.80784214484
8955,67601.67276059747
8956,67032.84738276368
8957,66464.11149336926
8958,65895.46594191929
8959,65340.511538433064
8960,64787.15249748594
8961,64233.883879507564
8962,63680.70650939891
8963,63140.89360475379
8964,62602.62497886272
8965,62064.44758412396
8966,61526.36222141527
8967,61001.623973218346
8968,60478.0801514168
8969,59954.62824772649
8970,59431.26903957328
8971,58925.78145867112
8972,58421.029611419865
8973,57916.369451647195
8974,57411.80172732334
8975,56907.3271858938
8976,56416.02008170084
8977,55929.498791849524
8978,55443.06957047866
8979,54956.73313660297
8980,54470.49020871068
8981,53993.83833353131
8982,53524.91642211316
8983,53056.0868047047
8984,52587.35017236165
8985,52118.70721561009
8986,51657.08962433638
8987,51205.156637950524
8988,50753.316025958906
8989,50301.56845242164
8990,49849.91458086905
8991,49403.62299181524
8992,48968.088567861814
8993,48532.64646336902
8994,48097.297316340635
8995,47662.04176424755
8996,47231.28834590893
8997,46811.58159541963
8998,46391.96698349059
8999,45972.445122977195
9000,45553.016626203564
9001,45137.941244702226
9002,44733.5101523515
9003,44329.17090058655
9004,43924.924077996875
9005,43520.77027264113
9006,43121.447232653416
9007,42731.75807355216
9008,42342.160348438265
9009,41952.65462249112
9010,41563.241460362726
9011,41179.685770513075
9012,40804.222543373326
9013,40428.85024302985
9014,40053.569412080935
9015,39678.380592601505
9016,39310.55378454227
9017,38948.81766083306
9018,38587.1718637582
9019,38225.616914141785
9020,37864.15333228714
9021,37511.968861053436
9022,37163.47764975109
9023,36815.07607918799
9024,36466.76464919284
9025,36118.54385907832
9026,35781.87211074186
9027,35446.15973830044
9028,35110.53624183191
9029,34775.002100927406
9030,34441.70229890868
9031,34118.230725822825
9032,33794.846730990255
9033,33471.550774999945
9034,33148.34331793725
9035,32830.61790224879
9036,32519.040251636652
9037,32207.549294748438
9038,31896.1454733727
9039,31584.82922879883
9040,31282.430954812935
9041,30982.326593062
9042,30682.307979456993
9043,30382.375537671214
9044,30084.307174952588
9045,29795.18530473538
9046,29506.147774870336
9047,29217.194992067543
9048,28928.32736255226
9049,28645.40563463994
9050,28366.958901400478
9051,28088.595473981317
9052,27810.315742281135
9053,27532.248931141752
9054,27264.016091685105
9055,26995.865103410568
9056,26727.796340497418
9057,26459.810176656105
9058,26196.578080238152
9059,25938.27556331991
9060,25680.05379149237
9061,25421.913123343485
9062,25163.890655164127
9063,24915.08516490246
9064,24666.358932238734
9065,24417.712301204756
9066,24169.14561537942
9067,23925.54166956618
9068,23685.971637547933
9069,23446.47970095436
9070,23207.066189365596
9071,22968.884883140734
9072,22738.143427077244
9073,22507.478558409028
9074,22276.89059324684
9075,22046.37984726348
9076,21822.11985880083
9077,21599.965760402327
9078,21377.887044872372
9079,21155.884014934712
9080,20937.142722728895
9081,20723.194050588027
9082,20509.31924354947
9083,20295.51859187999
9084,20082.45204785899
9085,19876.41404813281
9086,19670.448400479952
9087,19464.555383185765
9088,19258.735274123865
9089,19058.876091539227
9090,18860.535093992523
9091,18662.265208722718
9092,18464.06670209088
9093,18269.8319191383
9094,18078.840961111833
9095,17887.919605798947
9096,17697.06810849027
9097,17508.536197111767
9098,17324.630236338347
9099,17140.79237870128
9100,16957.022868847365
9101,16774.24790527415
9102,16597.171147871373
9103,16420.161005366957
9104,16243.217712177537
9105,16066.341502342842
9106,15895.737180912758
9107,15725.307910832524
9108,15554.944004581068
9109,15384.645686373151
9110,15219.608217116385
9111,15055.521616523998
9112,14891.498908385573
9113,14727.540307475045
9114,14568.071558708672
9115,14410.097773935451
9116,14252.186425385635
9117,14094.3377187595
9118,13940.422845304907
9119,13788.340090717342
9120,13636.318332205075
9121,13484.357766751735
9122,13335.96687095832
9123,13189.561156719674
9124,13043.215015345238
9125,12896.928635446122
9126,12754.018308524834
9127,12613.083177088714
9128,12472.206213015408
9129,12331.38759687199
9130,12193.902348006108
9131,12058.23861907841
9132,11922.631670414168
9133,11787.081674857367
9134,11654.955255119581
9135,11524.370778831846
9136,11393.841714733935
9137,11263.368228251744
9138,11136.524855961312
9139,11010.834274016173
9140,10885.197755763602
9141,10759.61545950799
9142,10637.970953277976
9143,10516.995467817693
9144,10396.072717617679
9145,10275.202854146419
9146,10158.665679505431
9147,10042.232829476474
9148,9925.851406767812
9149,9810.100347999596
9150,9697.99379142562
9151,9585.93723620977
9152,9473.930821234191
9153,9363.24234239944
9154,9255.352910981755
9155,9147.512221069428
9156,9039.72040549315
9157,8933.980764853653
9158,8830.153716502282
9159,8726.374170998655
9160,8622.642255367542
9161,8521.733983184942
9162,8421.820088324874
9163,8321.952479076223
9164,8222.13127689242
9165,8126.9087936516935
9166,8031.740746850979
9167,7936.6173321841525
9168,7841.538664581299
9169,7747.421072956027
9170,7656.777645641109
9171,7566.17724668272
9172,7475.619984819569
9173,7385.105968556646
9174,7296.555111970984
9175,7210.266634866365
9176,7124.01973398739
9177,7037.814511974701
9178,6951.651071243398
9179,6868.510298531517
9180,6786.372350329339
9181,6704.274562702216
9182,6622.217032510367
9183,6540.525791882052
9184,6462.304596066986
9185,6384.1220899876425
9186,6305.978365236109
9187,6227.873513195901
9188,6151.43770027925
9189,6076.987119913807
9190,6002.573891485988
9191,5928.198101391181
9192,5853.859835825039
9193,5782.495676057869
9194,5711.638038452591
9195,5640.816450747485
9196,5570.030994416081
9197,5500.271517478022
9198,5432.802593383082
9199,5365.368375648038
9200,5297.968941271072
9201,5230.604367065166
9202,5165.698271785302
9203,5101.49225954663
9204,5037.319726720412
9205,4973.180745884665
9206,4909.956114376313
9207,4848.826467483706
9208,4787.729039058919
9209,4726.6638976670365
9210,4665.631111702418
9211,4607.010601016161
9212,4548.843474398938
9213,4490.707412000106
9214,4432.602478418329
9215,4375.686608842336
9216,4320.311661597244
9217,4264.966596824252
9218,4209.651475526529
9219,4154.499765417496
9220,4101.785254574855
9221,4049.099484457216
9222,3996.4425126615065
9223,3943.8143966342645
9224,3892.919803424782
9225,3842.7677158338042
9226,3792.6433205290523
9227,3742.54667173807
9228,3693.375514848054
9229,3645.6373135227536
9230,3597.925736504487
9231,3550.240834972191
9232,3502.85966686589
9233,3457.8103191040027
9234,3412.7863454983553
9235,3367.787793928604
9236,3322.814712142792
9237,3278.009541271878
9238,3235.523940006405
9239,3193.0625621380796
9240,3150.6254523259267
9241,3108.2126551043652
9242,3065.948433681956
9243,3025.8831994075213
9244,2985.841084337005
9245,2945.8221301134804
9246,2905.8263782613794
9247,2866.0561845266343
9248,2828.2757950109562
9249,2790.517465578555
9250,2752.7812350489125
9251,2715.067142128575
9252,2677.734170684054
9253,2642.110540664315
9254,2606.5079552053644
9255,2570.926450483184
9256,2535.3660625669413
9257,2500.405390805018
9258,2466.8174735146663
9259,2433.2496274063437
9260,2399.701886182401
9261,2366.17428344357
9262,2333.5144354925424
9263,2301.847844924658
9264,2270.200392872518
9265,2238.5721107241866
9266,2206.9630297712624
9267,2176.5273575222664
9268,2146.6740103900033
9269,2116.838908413383
9270,2087.0220808159684
9271,2057.2235567296357
9272,2028.931455786536
9273,2000.7892321898064
9274,1972.6643983154331
9275,1944.556981362612
9276,1916.7791088833135
9277,1890.2349852647715
9278,1863.7074071210047
9279,1837.1963998413269
9280,1810.7019887326144
9281,1784.9866413722746
9282,1759.966804070776
9283,1734.962730411295
9284,1709.9744440101224
9285,1685.0019684056972
9286,1661.257644856985
9287,1637.6759674810319
9288,1614.1093057585135
9289,1590.557681649152
9290,1567.3952929013735
9291,1545.156145468708
9292,1522.931277808719
9293,1500.7207104036718
9294,1478.5244636659397
9295,1457.2241773751596
9296,1436.2656891122251
9297,1415.3207980399748
9298,1394.389523191751
9299,1373.7025804402595
9300,1353.939232863122
9301,1334.188812231436
9302,1314.4513362887333
9303,1294.726822715612
9304,1275.7806032827204
9305,1257.1573945067353
9306,1238.5464903679265
9307,1219.9479073436444
9308,1201.621040387053
9309,1184.061517122324
9310,1166.5136885558447
9311,1148.9775700398675
9312,1131.4531768702518
9313,1114.7389566962856
9314,1098.1942348041678
9315,1081.660640766671
9316,1065.1381888306707
9317,1049.0306932044052
9318,1033.4324437639775
9319,1017.8447675793016
9320,1002.2676779168398
9321,986.7812421688733
9322,972.0759832866111
9323,957.3807694369549
9324,942.6956129699746
9325,928.0205261880668
9326,913.9761567044785
9327,900.1229282551857
9328,886.279253311813
9329,872.4451433233005
9330,858.9881313960018
9331,845.9292267317568
9332,832.8793958295478
9333,819.8386493409255
9334,806.9711195446793
9335,794.6615378813708
9336,782.3605732844554
9337,770.0682356610158
9338,757.7885164571541
9339,746.1857716684686
9340,734.5912092585799
9341,723.0048384393086
9342,711.4266683843803
9343,700.3719836273494
9344,689.4437346508502
9345,678.5232629384981
9346,667.6105770172378
9347,657.0944498997683
9348,646.794670176699
9349,636.5022734881412
9350,626.2172677573257
9351,616.2317127026187
9352,606.5246789037851
9353,596.8246530868141
9354,587.1316426117293
9355,577.6665998534713
9356,568.5185924720964
9357,559.3772363157647
9358,550.2425382192047
9359,541.2862216320702
9360,532.6654142961521
9361,524.0509188802506
9362,515.4427417291153
9363,506.98194793597963
9364,498.85830272506104
9365,490.74064677250044
9366,482.62898596631936
9367,474.6493683955188
9368,466.99453684321156
9369,459.3453877572913
9370,451.70192659996087
9371,444.1882378473008
9372,436.97546732752863
9373,429.7680876111438
9374,422.56610376358174
9375,415.50240932168265
9376,408.70645453181425
9377,401.9156133027224
9378,395.12989033023365
9379,388.499756478475
9380,382.096795747807
9381,375.69868507786373
9382,369.305428820134
9383,363.0920872227161
9384,357.05964338867705
9385,351.0317992095094
9386,345.0085587161058
9387,339.19505004926833
9388,333.5119156568918
9389,327.8331429879468
9390,322.158735774909
9391,316.7280344970964
9392,311.3742010906688
9393,306.0245033581895
9394,300.67894475434497
9395,295.61406694343765
9396,290.5706582306516
9397,285.5311704580072
9398,280.53420815749143
9399,275.77970282907347
9400,271.02891150976524
9401,266.2818371715316
9402,261.63340875138755
9403,257.15491628161885
9404,252.67994434429045
9405,248.20849568690062
9406,243.89132249570588
9407,239.67298799048288
9408,235.4579902896441
9409,231.24633193203383
9410,227.24352350126418
9411,223.27039208412953
9412,219.3004230217915
9413,215.37374440769446
9414,211.6287162591761
9415,207.88668266804498
9416,204.14764581176203
9417,200.5156961794333
9418,196.98861963526303
9419,193.4643805978167
9420,189.94298107645434
9421,186.62048604921756
9422,183.33518538469144
9423,180.05254371483184
9424,176.77256287261935
9425,173.60033194881083
9426,170.54037616579723
9427,167.48291184177572
9428,164.42794064792594
9429,161.40773537196847
9430,158.55779927879203
9431,155.71019742931756
9432,152.86493134629941
9433,150.02200254281962
9434,147.34280967084302
9435,144.69078701723055
9436,142.04095248086875
9437,139.3933074394476
9438,136.8525343871541
9439,134.38277051866118
9440,131.91505624922775
9441,129.44939283247868
9442,127.06339212222925
9443,124.81055670407451
9444,122.55960164460679
9445,120.31052806047651
9446,118.06333706067288
9447,115.81802974654428
9448,113.73294175986689
9449,111.68156307958945
9450,109.63191127352034
9451,107.58398732164773
9452,105.53779219698616
9453,103.55331828808058
9454,101.6839589848809
9455,99.81618441539632
9456,97.94999544460413
9457,96.08539293115133
9458,94.22237772733762
9459,92.50510556476397
9460,90.80319365995311
9461,89.10273659048701
9462,87.40373511313406
9463,85.70618997890307
9464,84.08641100294457
9465,82.53574507160035
9466,80.98641379705714
9467,79.43841784542305
9468,77.89175787756639
9469,76.37240685821878
9470,74.95964727361819
9471,73.54811191435222
9472,72.13780136591603
9473,70.72871620902279
9474,69.32085701961698
9475,68.0237136789633
9476,66.73781015391485
9477,65.45302991043197
9478,64.16937345802748
9479,62.88684130186727
9480,61.679732084064185
9481,60.50836113093942
9482,59.338020198410824
9483,58.16870973279929
9484,57.00043017646331
9485,55.88240826457265
9486,54.81544311046821
9487,53.749422325119816
9488,52.684346298795106
9489,51.62021541817034
9490,50.58928920463337
9491,49.6174911555905
9492,48.64655882459897
9493,47.67649255226962
9494,46.70729267594245
9495,45.760670718853966
9496,44.87561199770887
9497,43.99134678440054
9498,43.10787537559483
9499,42.22519806497814
9500,41.35949347204194
9501,40.55348668986954
9502,39.74820712895975
9503,38.943655047118654
9504,38.13983069944356
9505,37.351230750740044
9506,36.61726444862238
9507,35.88396452843966
9508,35.151331213672705
9509,34.41936472534999
9510,33.70377078005333
9511,33.03545052496079
9512,32.36774082072474
9513,31.70064186055098
9514,31.03415383541286
9515,30.38729589717598
9516,29.77879045908706
9517,29.170844344575986
9518,28.56345772017877
9519,27.956630750399803
9520,27.374160479812332
9521,26.82015265684752
9522,26.266657161453427
9523,25.713674136693495
9524,25.161203723792404
9525,24.638769173975724
9526,24.134410868804874
9527,23.630521783393966
9528,23.127102040185942
9529,22.624151759951317
9530,22.15745666406477
9531,21.69832784820868
9532,21.239628716622967
9533,20.781359373663758
9534,20.326692078622088
9535,19.908369971482934
9536,19.490441204792383
9537,19.072905868439626
9538,18.655764050936806
9539,18.252115964343215
9540,17.871354050616457
9541,17.49095225133222
9542,17.110910642400615
9543,16.731229298479228
9544,16.37439373519489
9545,16.027841267365062
9546,15.681618453897949
9547,15.33572535850179
9548,14.99184084015393
9549,14.676142175714157
9550,14.360745191044535
9551,14.045649940251744
9552,13.730856476409864
9553,13.42868461422338
9554,13.14138375777696
9555,12.854359001351797
9556,12.567610389717995
9557,12.281137966707684
9558,12.016889126954366
9559,11.755447586336594
9560,11.494258704692088
9561,11.233322518687565
9562,10.983399143340826
9563,10.752029528861645
9564,10.52088450586347
9565,10.28996410391083
9566,10.059268351817737
9567,9.828797277650295
9568,9.60752902041444
9569,9.403504699290528
9570,9.199679733935112
9571,8.99605414659834
9572,8.792627958872792
9573,8.589401191695982
9574,8.393356081684914
9575,8.21377860961058
9576,8.034377750834182
9577,7.855153521576042
9578,7.6761059374804885
9579,7.497235013618111
9580,7.323230227362746
9581,7.165500229779704
9582,7.007926358418697
9583,6.850508624570342
9584,6.693247039021911
9585,6.5361416120593585
9586,6.381243242086194
9587,6.243029577503857
9588,6.104953592145447
9589,5.9670152933128024
9590,5.829214687869
9591,5.691551782240221
9592,5.554026582414736
9593,5.432281453386266
9594,5.31161458310996
9595,5.191068794407654
9596,5.070644091013472
9597,4.9503404762817445
9598,4.830157953186341
9599,4.720580564725102
9600,4.615449486315689
9601,4.510424554201878
9602,4.4055057696643125
9603,4.300693133654656
9604,4.195986646794819
9605,4.096527497797858
9606,4.005251966118355
9607,3.9140691556946914
9608,3.8229790659263467
9609,3.7319816959278
9610,3.6410770445296974
9611,3.5502651102799283
9612,3.4709476705301086
9613,3.392101060583914
9614,3.313335111054084
9615,3.2346498196952216
9616,3.1560451840180157
9617,3.077521201290232
9618,3.0034820892908987
9619,2.935620475208778
9620,2.8678286978873526
9621,2.8001067541206637
9622,2.7324546404941894
9623,2.6648723533856904
9624,2.5973598889648546
9625,2.536627761298025
9626,2.478598478640901
9627,2.4206293245300343
9628,2.3627202949540216
9629,2.304871385724871
9630,2.2470825924776707
9631,2.1893539106713233
9632,2.1385749147937325
9633,2.0892714652528306
9634,2.0400194488443173
9635,1.990818861081724
9636,1.9416696973291916
9637,1.892571952802065
9638,1.8435256225675314
9639,1.7997829315098746
9640,1.7582149389269566
9641,1.7166905995523636
9642,1.6752099086944596
9643,1.6337728615372067
9644,1.5923794531399416
9645,1.551029678437915
9646,1.511656393615665
9647,1.4766152843712315
9648,1.4416112164359973
9649,1.4066441850896276
9650,1.3717141855074184
9651,1.3368212127607477
9652,1.301965261817529
9653,1.2671700608461902
9654,1.2376352189279216
9655,1.2081318005489898
9656,1.1786598010858989
9657,1.1492192158281598
9658,1.1198100399786801
9659,1.090432268653609
9660,1.0610858968827215
9661,1.035271480322791
9662,1.0104078161157828
9663,0.9855707991181355
9664,0.9607604248181579
9665,0.935976688631562
9666,0.911219585901799
9667,0.8864891119003712
9668,0.8642779258631708
9669,0.8433272606137241
9670,0.822399190458732
9671,0.8014937111400929
9672,0.7806108183394295
9673,0.7597505076779348
9674,0.7389127747166688
9675,0.7200893526441794
9676,0.7024382723014192
9677,0.6848063468633215
9678,0.6671935723586184
9679,0.64959994476553
9680,0.6320254600119879
9681,0.6144701139758804
9682,0.5987482053919007
9683,0.5838790455835394
9684,0.5690261207167574
9685,0.5541894271231391
9686,0.5393689610922431
9687,0.5245647188718072
9688,0.5097766966676729
9689,0.4968355546032586
9690,0.48431152501527014
9691,0.471801252556505
9692,0.45930473386551984
9693,0.4468219655459333
9694,0.43435294416636866
9695,0.42196620141774616
9696,0.41140715118811266
9697,0.40085975899925713
9698,0.39032402182115183
9699,0.37979993659459943
9700,0.36928750023117224
9701,0.3587867096133676
9702,0.34882640219257766
9703,0.33993494651936207
9704,0.33105336562527543
9705,0.32218165676667876
9706,0.3133198171755185
9707,0.30446784405954097
9708,0.2956257346022342
9709,0.28774044667492654
9710,0.2802541707968299
9711,0.27277625748622836
9712,0.26530670427151515
9713,0.25784550866087924
9714,0.25039266814226724
9715,0.24312769906826603
9716,0.23681823738079405
9717,0.2305158583880997
9718,0.22422055989063683
9719,0.21793233967200804
9720,0.21165119549893385
9721,0.20537712512133827
9722,0.1997606743922881
9723,0.19444962600835577
9724,0.18914457336856436
9725,0.18384551450731884
9726,0.17855244744494783
9727,0.17326537018778035
9728,0.16821124989091102
9729,0.1637360921942317
9730,0.1592660108369863
9731,0.15480100408067046
9732,0.1503410701750501
9733,0.1458862073582234
9734,0.14143641385668215
9735,0.13763452399987994
9736,0.1338684036601563
9737,0.13010657900391084
9738,0.1263490484874723
9739,0.12259581055744968
9740,0.11884686365078521
9741,0.11549591415631252
9742,0.11232323135313255
9743,0.10915418428987074
9744,0.10598877160803483
9745,0.10282699194105796
9746,0.09966884391428638
9747,0.09675399182979069
9748,0.09408151801744073
9749,0.0914121209001993
9750,0.08874579928495675
9751,0.08608255197188312
9752,0.0834223777544172
9753,0.0809165255696323
9754,0.0786656305736815
9755,0.07641733878153535
9756,0.07417164914728949
9757,0.0719285606194482
9758,0.06968807214091516
9759,0.06755709480952507
9760,0.06566146903559668
9761,0.06376804550273531
9762,0.06187682329566529
9763,0.0599878014944609
9764,0.058100979174538395
9765,0.05630743570024057
9766,0.05471116636474335
9767,0.0531167597828972
9768,0.05152421515502792
9769,0.04993353167759491
9770,0.048344708543185275
9771,0.04685041565485274
9772,0.045506362250143914
9773,0.04416388420883996
9774,0.042822980833321526
9775,0.04148365142274056
9776,0.04014589527303881
9777,0.03891365425984386
9778,0.037782076904807435
9779,0.03665183166475449
9780,0.03552291793194181
9781,0.034395335095943676
9782,0.03326908254366797
9783,0.03226378261300331
9784,0.03131118408573784
9785,0.03035971181975312
9786,0.029409365286297482
9787,0.028460143954392125
9788,0.027512047290844267
9789,0.026701315939610587
9790,0.025899464238638856
9791,0.025098564618687817
9792,0.02429861662029807
9793,0.023499619782161522
9794,0.022731805095921955
9795,0.022056103376293414
9796,0.021381206777617987
9797,0.02070711490264265
9798,0.02003382735258319
9799,0.019361343727121418
9800,0.018751981960230472
9801,0.018183312449127742
9802,0.01761532336031317
9803,0.017048014349314203
9804,0.016481385070388217
9805,0.015917572752762232
9806,0.01543845012039031
9807,0.014959902742651288
9808,0.0144819303222111
9809,0.01400453256068012
9810,0.013527709158610221
9811,0.013087370943481683
9812,0.012684213753525634
9813,0.012281542593590308
9814,0.011879357206332875
9815,0.011477657333535087
9816,0.011077541093630107
9817,0.01073792453079248
9818,0.010398718778639389
9819,0.010059923615380679
9820,0.009721538818496333
9821,0.009383564164741153
9822,0.009076550478055933
9823,0.00879083001884636
9824,0.008505456562520232
9825,0.008220429917445548
9826,0.007935749891386111
9827,0.007660961773200087
9828,0.007420312051571874
9829,0.007179955561919149
9830,0.006939892139313809
9831,0.0067001216183242875
9832,0.006460643833018885
9833,0.006254210785234467
9834,0.006051785635603657
9835,0.005849608110564705
9836,0.005647678067838143
9837,0.005445995364728008
9838,0.005263731091229818
9839,0.005093264274665801
9840,0.004923006664084796
9841,0.004752958137186599
9842,0.004583118571327222
9843,0.004423801513097486
9844,0.004280258381660653
9845,0.004136891979510987
9846,0.00399370220158019
9847,0.0038506889425147135
9848,0.0037126630971421317
9849,0.0035918003183941774
9850,0.003471086818260567
9851,0.0033505225065244416
9852,0.003230107292731554
9853,0.00311148722433421
9854,0.0030097287168990533
9855,0.002908096288198669
9856,0.0028065898608082606
9857,0.0027052093571055397
9858,0.002604024901312175
9859,0.002518357169160725
9860,0.0024327959105744945
9861,0.0023473410591384196
9862,0.0022619925482747476
9863,0.0021767503112427537
9864,0.0021041720780504685
9865,0.0020321458271292865
9866,0.001960209427189358
9867,0.0018883628211519448
9868,0.0018166059518041294
9869,0.0017555596593564796
9870,0.0016949316067698032
9871,0.001634379417460919
9872,0.0015739030425174151
9873,0.0015136553361032885
9874,0.0014625612011430976
9875,0.0014115311548168565
9876,0.001360565155321599
9877,0.0013096631607613235
9878,0.0012596577312065835
9879,0.0012166551094493923
9880,0.0011737065891378798
9881,0.0011308121344779805
9882,0.001087971709599144
9883,0.0010467539593047243
9884,0.0010105639192327044
9885,0.0009744195453662001
9886,0.000938320807069244
9887,0.0009022676736423978
9888,0.0008685389278180374
9889,0.0008380842653203109
9890,0.0008076681453025413
9891,0.0007772905415543034
9892,0.0007469514278125002
9893,0.0007195642527554009
9894,0.0006939377430864077
9895,0.0006683437603811249
9896,0.0006427822822238063
9897,0.0006172532861554878
9898,0.0005952029726415258
9899,0.0005736406069732442
9900,0.0005521056890702697
9901,0.0005305981997695658
9902,0.0005096966538493784
9903,0.0004915319039145251
9904,0.0004733903298968046
9905,0.0004552719154496568
9906,0.0004371766441968874
9907,0.0004205116961270947
9908,0.0004052296502552679
9909,0.0003899671578962721
9910,0.00037472420508481003
9911,0.00035950077783115974
9912,0.00034634442883052545
9913,0.0003334884301240972
9914,0.0003206489272237011
9915,0.0003078259082026408
9916,0.0002956382047958322
9917,0.0002850105117876989
9918,0.00027439648593783613
9919,0.00026379611726914866
9920,0.0002532093957881256
9921,0.0002429365124833265
9922,0.0002341633167598132
9923,0.000225401434649779
9924,0.00021665085779612174
9925,0.00020791157782840597
9926,0.00019932213587515747
9927,0.00019208082072681365
9928,0.0001848488694235715
9929,0.00017762627496810903
9930,0.00017041303035228845
9931,0.00016328561944506647
9932,0.00015730955176741814
9933,0.00015134123289247252
9934,0.00014538065696369172
9935,0.00013942781811586611
9936,0.0001335569034814803
9937,0.0001286257409521213
9938,0.0001237009896314692
9939,0.00011878264461974753
9940,0.0001138707010101536
9941,0.00010906972865829671
9942,0.00010500140138839234
9943,0.00010093837767577987
9944,9.688065342278705e-05
9945,9.282822452603962e-05
9946,8.893080386104329e-05
9947,8.55748819031494e-05
9948,8.222334639758157e-05
9949,7.887619391879927e-05
9950,7.553342103667204e-05
9951,7.239322743097204e-05
9952,6.962543515422984e-05
9953,6.686127010443294e-05
9954,6.410072941904726e-05
9955,6.134381023187423e-05
9956,5.8833672157391395e-05
9957,5.65513516174638e-05
9958,5.427202987510304e-05
9959,5.1995704539222284e-05
9960,4.9722373215770594e-05
9961,4.773287535640544e-05
9962,4.585123484828312e-05
9963,4.397207305256932e-05
9964,4.2095387972800346e-05
9965,4.022117761011863e-05
9966,3.8659012391059455e-05
9967,3.710802458468541e-05
9968,3.5559085140035785e-05
9969,3.401219239080965e-05
9970,3.253342790366216e-05
9971,3.125357161673374e-05
9972,2.9975409040596547e-05
9973,2.869893878665974e-05
9974,2.7424159464776843e-05
9975,2.627387263342195e-05
9976,2.5219388648810143e-05
9977,2.4166303635209076e-05
9978,2.3114616434605095e-05
9979,2.2064325887737146e-05
9980,2.1179119488129557e-05
9981,2.0310536505127637e-05
9982,1.944310873176493e-05
9983,1.8576835202738458e-05
9984,1.7755290296555785e-05
9985,1.703907022516017e-05
9986,1.6323804604535758e-05
9987,1.5609492631196706e-05
9988,1.4896133500851322e-05
9989,1.428298548671087e-05
9990,1.3711680830075773e-05
9991,1.3141139372776576e-05
9992,1.2571360466430204e-05
9993,1.2002343462035947e-05
9994,1.146671572322437e-05
9995,1.1009914896479342e-05
9996,1.0553725786834687e-05
9997,1.0098147869915149e-05
9998,9.643180620863688e-06
9999,9.188823514347774e-06
