,0
0,2.0472608513839856e-07
1,2.1244095228908687e-07
2,2.203972406961598e-07
3,2.2860047022534068e-07
4,2.3705623689193822e-07
5,2.4577021705539236e-07
6,2.547481699526565e-07
7,2.640186858703674e-07
8,2.735813727223889e-07
9,2.8342832443695e-07
10,2.9356568777571105e-07
11,3.0400486491011396e-07
12,3.1479685975108733e-07
13,3.2590852108786e-07
14,3.373479908357065e-07
15,3.491237484074842e-07
16,3.612446494810469e-07
17,3.737199687361385e-07
18,3.865771430756921e-07
19,3.998266215324634e-07
20,4.1346063657566824e-07
21,4.274879527220574e-07
22,4.4191785801235836e-07
23,4.567598683418284e-07
24,4.7202367199796717e-07
25,4.877191323649974e-07
26,5.0385629059185e-07
27,5.204520640623344e-07
28,5.375458114748236e-07
29,5.551550938083252e-07
30,5.732433523264678e-07
31,5.919379594632452e-07
32,6.111153325485068e-07
33,6.307861209039602e-07
34,6.509623004644283e-07
35,6.717208173361644e-07
36,6.931189658374048e-07
37,7.150591978917243e-07
38,7.375534592536721e-07
39,7.606139556862354e-07
40,7.843713924072734e-07
41,8.08800858262276e-07
42,8.338424051143916e-07
43,8.595091313536508e-07
44,8.858148372757656e-07
45,9.128963163640966e-07
46,9.407202784580603e-07
47,9.692368944345598e-07
48,9.98466537330761e-07
49,1.0284297635673226e-06
50,1.0591473239158167e-06
51,1.090716697098672e-06
52,1.1231387022520392e-06
53,1.156370945297821e-06
54,1.1904348140057358e-06
55,1.2253518903394577e-06
56,1.261143946621878e-06
57,1.297832941720736e-06
58,1.335441017675298e-06
59,1.3739904970276e-06
60,1.4135038810324942e-06
61,1.4540090008953267e-06
62,1.4955666639445912e-06
63,1.5381483419496494e-06
64,1.5817772102819298e-06
65,1.6264766418454792e-06
66,1.6722702125112759e-06
67,1.7191817081544375e-06
68,1.7672351334254787e-06
69,1.8164547224094794e-06
70,1.8668649513436045e-06
71,1.918490553592107e-06
72,1.9713565371014234e-06
73,2.0254882045962577e-06
74,2.080943724505768e-06
75,2.1377460599380998e-06
76,2.1959001795205758e-06
77,2.2554327247453434e-06
78,2.316485972605747e-06
79,2.3788907454574524e-06
80,2.443056950936767e-06
81,2.5086679614814065e-06
82,2.5757369871128085e-06
83,2.644388175486446e-06
84,2.714446145199108e-06
85,2.7866592210892617e-06
86,2.8603393732623222e-06
87,2.935510409636505e-06
88,3.012374741165596e-06
89,3.091397261393422e-06
90,3.1720153964856597e-06
91,3.254255173052662e-06
92,3.338444984613538e-06
93,3.4248439991997997e-06
94,3.512976833954454e-06
95,3.6028718715202087e-06
96,3.6949338329638395e-06
97,3.789530881246924e-06
98,3.885832527268911e-06
99,3.984107389934073e-06
100,4.085209571771979e-06
101,4.188035383558271e-06
102,4.292916739580504e-06
103,4.400820165043405e-06
104,4.510568299311832e-06
105,4.622391974934572e-06
106,4.737506799571171e-06
107,4.854594257934147e-06
108,4.9737072987855e-06
109,5.0964628308320924e-06
110,5.2214815268151794e-06
111,5.3485382283785855e-06
112,5.479534933316262e-06
113,5.612461396123623e-06
114,5.748176103886381e-06
115,5.887414723448507e-06
116,6.0287078705048015e-06
117,6.173529479318381e-06
118,6.321483559692921e-06
119,6.471624673687928e-06
120,6.626017077525554e-06
121,6.783182933824696e-06
122,6.94267959687472e-06
123,7.107118670671754e-06
124,7.274016072055756e-06
125,7.443817014517374e-06
126,7.618376652024583e-06
127,7.795549502426291e-06
128,7.976157472011176e-06
129,8.161397596090727e-06
130,8.349414613234427e-06
131,8.54134808555283e-06
132,8.73785381481678e-06
133,8.937309208683822e-06
134,9.141102585862488e-06
135,9.349484913083162e-06
136,9.560999064284496e-06
137,9.777202874019848e-06
138,9.998099344465859e-06
139,1.022231948244056e-05
140,1.0451500577338839e-05
141,1.0685575966577106e-05
142,1.0923176847030835e-05
143,1.116591860358222e-05
144,1.1413997003129849e-05
145,1.1665634011012182e-05
146,1.1922893015564774e-05
147,1.2185386633832578e-05
148,1.2451653205459769e-05
149,1.2724072951274923e-05
150,1.3001848270392632e-05
151,1.3283431046981752e-05
152,1.357203786632829e-05
153,1.3865555490025203e-05
154,1.4163105650890722e-05
155,1.4468610471085962e-05
156,1.4778671859613106e-05
157,1.5093174683022768e-05
158,1.541655119448064e-05
159,1.574391233837515e-05
160,1.6077261631335146e-05
161,1.6418077116383623e-05
162,1.676318999702544e-05
163,1.7116106334703494e-05
164,1.7475326135657042e-05
165,1.783913764402843e-05
166,1.821238701260676e-05
167,1.8591068788604203e-05
168,1.897530783697175e-05
169,1.9369183365114817e-05
170,1.976798252456314e-05
171,2.0174162695495477e-05
172,2.05888671712274e-05
173,2.1008812329218654e-05
174,2.1437783559011964e-05
175,2.1874367084030234e-05
176,2.2316624060098568e-05
177,2.2770381911389053e-05
178,2.3229756433085248e-05
179,2.369724012809423e-05
180,2.4174261947945542e-05
181,2.465605045877775e-05
182,2.5150960325978977e-05
183,2.565122121344557e-05
184,2.616068515911663e-05
185,2.6679973455176256e-05
186,2.720465751183592e-05
187,2.7743165040228573e-05
188,2.8287741693078403e-05
189,2.8841668712589673e-05
190,2.94067192851381e-05
191,2.997782642768677e-05
192,3.056248894429916e-05
193,3.115497616360342e-05
194,3.1755965388886524e-05
195,3.237044167219303e-05
196,3.2991665078092e-05
197,3.362516557290406e-05
198,3.426932669801102e-05
199,3.4920689718791084e-05
200,3.559008021080561e-05
201,3.626445367589962e-05
202,3.6954044306928175e-05
203,3.76521042072842e-05
204,3.8362348651948474e-05
205,3.908478487695902e-05
206,3.981614278449441e-05
207,4.056365923509559e-05
208,4.131659622652684e-05
209,4.208991093463744e-05
210,4.286862892947005e-05
211,4.3664743851070875e-05
212,4.4470295911261057e-05
213,4.5289382209546706e-05
214,4.612252435221599e-05
215,4.696507071996184e-05
216,4.782657358578278e-05
217,4.869433222024112e-05
218,4.958372370345029e-05
219,5.048096581522839e-05
220,5.139527571156453e-05
221,5.2322811429997146e-05
222,5.32625516940368e-05
223,5.4221545573793494e-05
224,5.518767924336255e-05
225,5.6178397003937425e-05
226,5.717601549223777e-05
227,5.819476326077148e-05
228,5.922533857685815e-05
229,6.0272064888678335e-05
230,6.1336482608791e-05
231,6.241174571414938e-05
232,6.351090763291103e-05
233,6.461804871823253e-05
234,6.575009745727875e-05
235,6.68933084036683e-05
236,6.805555994009002e-05
237,6.923578584279104e-05
238,7.042882728106498e-05
239,7.164703019630454e-05
240,7.287440925709822e-05
241,7.412861547213564e-05
242,7.539539423867046e-05
243,7.668214082887232e-05
244,7.798932664146468e-05
245,7.930923088437214e-05
246,8.066040576733636e-05
247,8.201750622569917e-05
248,8.340887261154982e-05
249,8.480720008608532e-05
250,8.623651193681719e-05
251,8.767770951284477e-05
252,8.914775508750608e-05
253,9.063063984967802e-05
254,9.214221101933368e-05
255,9.366791937838603e-05
256,9.522181688968335e-05
257,9.679150750176769e-05
258,9.838854106230964e-05
259,0.00010000339502889315
260,0.00010164438337796135
261,0.00010330560443415345
262,0.0001049913754069292
263,0.00010670019010484147
264,0.0001084315806945549
265,0.00011018923858524071
266,0.00011196709500467911
267,0.00011377486881974897
268,0.0001156000465625654
269,0.00011745923239582305
270,0.00011933259629786315
271,0.00012124451378714761
272,0.00012316693808792762
273,0.0001251329305971577
274,0.00012710708222171146
275,0.00012912673380283156
276,0.00013115690715351786
277,0.00013322820799877534
278,0.00013531581066360935
279,0.00013743967164144637
280,0.00013958613561882062
281,0.00014176347729336
282,0.00014397071311815615
283,0.00014620329435365942
284,0.00014847172992609668
285,0.0001507605250398367
286,0.00015309167882074357
287,0.00015543769095861012
288,0.00015783309627603076
289,0.00016023932958886104
290,0.00016269856360746524
291,0.00016517119642584462
292,0.000167690708101985
293,0.00017023131042255736
294,0.00017281220417244802
295,0.00017542236889256605
296,0.00017806577453129396
297,0.00018074711832945868
298,0.00018345419138205243
299,0.00018620835550475315
300,0.0001889802776302886
301,0.00019180892861331013
302,0.00019465233568403335
303,0.00019756190231220704
304,0.0002004765891605342
305,0.00020346036797724823
306,0.00020645319761701062
307,0.00020950747304433615
308,0.00021257989667548157
309,0.00021570641714745736
310,0.00021885990189409688
311,0.00022206045262803341
312,0.00022529648165550435
313,0.0002285728849854414
314,0.00023189295759340996
315,0.00023524707329815266
316,0.00023865270500503903
317,0.0002420864306318917
318,0.00024557915325606214
319,0.0002490944244411812
320,0.0002526757861808899
321,0.00025627457696680514
322,0.0002599461424799394
323,0.00026363046563064184
324,0.000267393816114542
325,0.0002711657234282673
326,0.00027502245669980735
327,0.00027888597700385036
328,0.0002828377435629366
329,0.0002867984536926962
330,0.0002908412514649785
331,0.00029490085980329265
332,0.0002990368341747396
333,0.0003031970669087292
334,0.0003074284053527163
335,0.00031169100656594945
336,0.00031601993898820415
337,0.0003203866707432014
338,0.00032481546982125894
339,0.00032928811223782934
340,0.00033381909375597766
341,0.0003383994450879547
342,0.0003430349682682285
343,0.00034772484497953046
344,0.00035246913716559713
345,0.0003572742763210086
346,0.0003621235054724481
347,0.00036704583188285864
348,0.00037200250028264476
349,0.0003770439573274146
350,0.0003821106140732681
351,0.00038727316381228106
352,0.00039245240512053174
353,0.0003977380283863739
354,0.0004030329532279403
355,0.0004084431943666621
356,0.00041386341252662006
357,0.00041939337170446755
358,0.00042494090536238663
359,0.00043059333734566806
360,0.0004362702277328125
361,0.0004420479355865876
362,0.00044785624306630434
363,0.00045377530232244747
364,0.00045973422747729953
365,0.00046576098505976256
366,0.0004718731326350731
367,0.00047801025153095146
368,0.00048427825089783776
369,0.0004905572806139392
370,0.0004969549616803309
371,0.0005033927763627766
372,0.0005099087319934775
373,0.0005165080156082966
374,0.0005231451169622573
375,0.0005299085786418451
376,0.0005366839425791839
377,0.0005436001344600597
378,0.0005505427045875941
379,0.0005575884412400389
380,0.0005647009821636522
381,0.0005718793468064869
382,0.0005791646486221888
383,0.0005864787890913062
384,0.0005939396674767834
385,0.0006014136754254194
386,0.000609032092943691
387,0.0006166848328500774
388,0.0006244490295112205
389,0.0006322849022555521
390,0.0006401950387967734
391,0.0006482169663000618
392,0.0006562764790399179
393,0.0006644874098062813
394,0.0006727127900688255
395,0.0006811027104503033
396,0.0006895204069310248
397,0.00069806943920174
398,0.0007066824590154093
399,0.0007153942607920883
400,0.0007242056379305115
401,0.0007330839341827346
402,0.0007420967296284818
403,0.0007511453130324077
404,0.0007603626148759442
405,0.0007695961372151855
406,0.0007790102697273349
407,0.0007884517791548715
408,0.0007980467660020242
409,0.0008076994107260231
410,0.0008174792717664971
411,0.0008273462275343674
412,0.0008373150518228374
413,0.0008473995220614149
414,0.000857561468204719
415,0.0008678666841669535
416,0.0008782259806818386
417,0.0008887552016002499
418,0.0008993162265676562
419,0.0009100738827574448
420,0.000920850470139676
421,0.0009318289684732703
422,0.000942837774087997
423,0.0009540282527673292
424,0.0009652726860220949
425,0.000976691753632775
426,0.000988192191745376
427,0.0009998091637696315
428,0.0010115696356414001
429,0.0010233887099966492
430,0.0010354132859086297
431,0.0010474590225228696
432,0.0010597315286094357
433,0.0010720459534431293
434,0.0010845328687074053
435,0.0010971201436053716
436,0.0011098259311148175
437,0.0011226902607950806
438,0.0011356194617480394
439,0.0011487650942340573
440,0.0011619338602439598
441,0.0011753535556465772
442,0.0011888084188064008
443,0.0012024646803438775
444,0.0012162099842059793
445,0.0012301092471875732
446,0.0012441524927099422
447,0.001258293520809981
448,0.0012726390239141835
449,0.0012870270672470296
450,0.0013016791802612309
451,0.0013163570778852813
452,0.0013312928271151702
453,0.0013462941387997625
454,0.0013614738917620563
455,0.0013768034398923094
456,0.00139223241337717
457,0.0014078950639675786
458,0.0014235852774994622
459,0.0014395792358369633
460,0.0014556080567377067
461,0.0014718955348445874
462,0.0014883096025629663
463,0.001504789748645911
464,0.0015215949794338164
465,0.0015384297838618023
466,0.0015554751325165509
467,0.0015727077637865956
468,0.0015899707208308338
469,0.0016075976696855979
470,0.0016252651889898597
471,0.0016431108569246095
472,0.0016611890236178607
473,0.001679299004048157
474,0.0016977538119759053
475,0.0017162813085081902
476,0.0017349713241866563
477,0.0017539225334143418
478,0.001772907092748599
479,0.0017922346833771149
480,0.001811649959470893
481,0.0018312299477618776
482,0.0018510822502529926
483,0.0018709694885835227
484,0.0018912163915346938
485,0.0019115477976812893
486,0.0019320649964224838
487,0.0019528469946290426
488,0.0019736655647421006
489,0.001994879932208406
490,0.0020161563751637307
491,0.0020376722719638953
492,0.002059439080187676
493,0.002081244193374505
494,0.002103462314294453
495,0.0021257661071178297
496,0.002148239175633463
497,0.002171049166551182
498,0.0021938992982120102
499,0.002217106746368455
500,0.00224047156640544
501,0.002263952431809141
502,0.0022878396080540995
503,0.0023117688206596427
504,0.002336017288962663
505,0.002360477527350533
506,0.002385018688293796
507,0.0024100177723571613
508,0.00243506084950279
509,0.0024604039194576423
510,0.0024859946944162403
511,0.002511650548656037
512,0.002537796996103545
513,0.0025639894557492526
514,0.0025904928165555656
515,0.0026172689005028284
516,0.0026440921046748346
517,0.00267143495428432
518,0.002698851565424861
519,0.0027265026307486634
520,0.00275452148086728
521,0.0027825896382152196
522,0.0028111171868272747
523,0.002839797567635522
524,0.002868654266268122
525,0.00289795587286917
526,0.0029273090440785736
527,0.002957080463628978
528,0.0029870650503763
529,0.003017187500129919
530,0.003047812677832873
531,0.0030784917493482645
532,0.0031095684180472223
533,0.0031408984789900265
534,0.003172349016537336
535,0.003204339418256639
536,0.0032363861162927384
537,0.0032688316487945886
538,0.0033015492983864765
539,0.0033343925096528636
540,0.003367790641037979
541,0.003401247546045159
542,0.00343512782429455
543,0.0034692760378844576
544,0.003503578789167643
545,0.0035384280235307808
546,0.0035733385851490665
547,0.0036087187415174667
548,0.0036443370033345046
549,0.0036801713228394642
550,0.0037164981931388703
551,0.003752888991018853
552,0.0037898524869755894
553,0.0038269549096453686
554,0.0038644279384761624
555,0.0039022444338596505
556,0.003940251004221912
557,0.0039787846657721926
558,0.004017386138386977
559,0.004056601409649036
560,0.004095925044558798
561,0.004135719415673793
562,0.004175769576909391
563,0.004216162582986186
564,0.00425694426344386
565,0.004297954132020121
566,0.00433947295631337
567,0.004381116750658874
568,0.004423378982093769
569,0.004465715586084268
570,0.004508685269344855
571,0.004551773514226239
572,0.004595492870382972
573,0.004639440234760777
574,0.0046836868739776535
575,0.004728504493028498
576,0.004773400981574399
577,0.004819019008742904
578,0.004864833823841479
579,0.0049109419182544346
580,0.0049576894259734244
581,0.005004519199381611
582,0.0050519862831767395
583,0.005099762997078965
584,0.005147747813352211
585,0.005196484171117802
586,0.0052453062945262115
587,0.005294706589053883
588,0.0053445028684322585
589,0.0053944544729467
590,0.005445237829831062
591,0.0054961105546418735
592,0.005547535855769953
593,0.005599410438361824
594,0.005651421981798363
595,0.005704311564932408
596,0.005757294222503686
597,0.005810839430239143
598,0.005864852140714726
599,0.005919019892701322
600,0.005974076023123298
601,0.006029229040645496
602,0.006084992193862973
603,0.006141203959714708
604,0.006197643833414045
605,0.0062550558725966866
606,0.00631256894477849
607,0.006370506832769316
608,0.006429238705581936
609,0.0064880739340205254
610,0.006547551103228519
611,0.006607623844673162
612,0.006667802301387698
613,0.00672886072443389
614,0.006790295593443022
615,0.006851838574777163
616,0.006914520934546742
617,0.006977339416003976
618,0.007040507153656085
619,0.007104618138691064
620,0.007168841945446733
621,0.0072337041718550585
622,0.007299239918461493
623,0.007364890994066247
624,0.007431511836149087
625,0.007498520104002504
626,0.007565646292178777
627,0.007634014642760668
628,0.007702518878324318
629,0.007771404533145192
630,0.007841305436567664
631,0.007911329350737014
632,0.007982036520892433
633,0.008053478369447557
634,0.008125045940485574
635,0.008197621912718433
636,0.008270628912395894
637,0.008343791652157172
638,0.008418257238178694
639,0.008492853867818582
640,0.008567963232975288
641,0.008644040367720752
642,0.008720251382067876
643,0.008797356852171654
644,0.008875070525424019
645,0.008952920958238055
646,0.009032072818781276
647,0.009111448302010374
648,0.009191311017175472
649,0.009272303196328132
650,0.009353437904516204
651,0.009435325131080839
652,0.009518100693906085
653,0.00960102192414303
654,0.009684987276447482
655,0.00976957377322454
656,0.009854309124272218
657,0.009940407096766732
658,0.010026832382105472
659,0.01011355859869223
660,0.010201695732028103
661,0.010289987968000432
662,0.010378936605272992
663,0.010468965832248725
664,0.01055915349154358
665,0.010650381514623863
666,0.010742331571162595
667,0.010834443440272231
668,0.010928008721599734
669,0.011021908660089062
670,0.011116224407522189
671,0.01121193516944485
672,0.011307814361980681
673,0.011404563182051478
674,0.011502279363985147
675,0.011600167505644967
676,0.01169940981742263
677,0.011799161387991787
678,0.011899255331015463
679,0.012000971743721289
680,0.012102867155709286
681,0.01220543245966471
682,0.012309292464964447
683,0.012413335241813686
684,0.01251847514681482
685,0.012624487757741618
686,0.01273068692834623
687,0.012838493106074645
688,0.012946669670936948
689,0.013055436029386514
690,0.013165595928797517
691,0.013275949686232557
692,0.013387684186884711
693,0.01350024482714377
694,0.013613003550220467
695,0.013727359788782265
696,0.013842358824069046
697,0.013957560233230408
698,0.014074606179222716
699,0.014192081720351997
700,0.014309790849823843
701,0.014429715126707888
702,0.014549850444844846
703,0.014670197175622332
704,0.01479270114420384
705,0.01491553793915337
706,0.01503859090076835
707,0.01516372054490047
708,0.015289300941709055
709,0.015415102333339132
710,0.01554293189524892
711,0.015671298447730228
712,0.015799890898074712
713,0.01593049602916497
714,0.016061691723324816
715,0.016193118294035733
716,0.016326576062063527
717,0.01646064431955508
718,0.016594948508698457
719,0.016731337404991622
720,0.016868322086607223
721,0.017005547832161072
722,0.01714494777887617
723,0.017284893188075884
724,0.017425084871464946
725,0.01756757722888944
726,0.017710528115365484
727,0.017853730565031863
728,0.017999398138930436
729,0.018145399702205026
730,0.018291749272854544
731,0.01844058524622081
732,0.018589683139279122
733,0.018739342763066096
734,0.01889131565601847
735,0.01904355598897439
736,0.019196612554777392
737,0.01935176885644733
738,0.019507198200243252
739,0.019663740070182036
740,0.019822126733446136
741,0.01998079212358574
742,0.02014090914059651
743,0.020302573585836006
744,0.02046452252615029
745,0.0206283060216154
746,0.020793296140508597
747,0.020958576606954965
748,0.021126119408387895
749,0.021294483567735646
750,0.021463144012230272
751,0.021634540451016822
752,0.021806327496600848
753,0.021978811386866758
754,0.022153762770080406
755,0.022329022030554212
756,0.022505515245861644
757,0.022683982472278545
758,0.022862763763091928
759,0.02304336487875437
760,0.023225398166204243
761,0.023407751793559597
762,0.023592826458297182
763,0.023778806679686952
764,0.023965114186746527
765,0.024153894482107526
766,0.024343882601228033
767,0.02453420505906597
768,0.0247267914504207
769,0.024920849135502094
770,0.02511524832087152
771,0.02531174309848472
772,0.025509932729816078
773,0.025708471132782084
774,0.0259089784301354
775,0.026111363107468352
776,0.026314103938824596
777,0.02651872975126438
778,0.026725373301296203
779,0.02693238050006143
780,0.0271412327036826
781,0.027352199687626207
782,0.02756353792862733
783,0.027776726299400773
784,0.027992082020633892
785,0.02820781672216862
786,0.02842545295533689
787,0.02864526346716864
788,0.028865460798785842
789,0.029087658528469694
790,0.029311990641838297
791,0.02953671753204915
792,0.02976359235111889
793,0.029992513642512538
794,0.030221837786725544
795,0.030453507266941838
796,0.03068708608633204
797,0.030921075954800096
798,0.031157659667201416
799,0.03139596514604701
800,0.03163468999188561
801,0.03187649515497559
802,0.032119862482258364
803,0.03236365808431043
804,0.032610087002371654
805,0.03285859776616953
806,0.03310754585609077
807,0.03335871199965861
808,0.03361244886245616
809,0.03386663224819951
810,0.034122651250670294
811,0.034381697962058394
812,0.03464120054059619
813,0.034902190229914955
814,0.035166631639139564
815,0.03543153840903416
816,0.03569761884000536
817,0.03596754090855531
818,0.03623793798256959
819,0.03650923146980984
820,0.03678472128403921
821,0.037060695901780745
822,0.03733732705331875
823,0.03761847283708838
824,0.03790011337767306
825,0.03818224954573914
826,0.03846910025652457
827,0.03875649625125169
828,0.03904439800183487
829,0.03933691290870896
830,0.03963015505373635
831,0.03992391324260033
832,0.0402222248983861
833,0.04052140506740142
834,0.04082111172991194
835,0.04112535513013779
836,0.041430566387016345
837,0.041736314750821214
838,0.04204675404020412
839,0.042358232579962365
840,0.0426702592557311
841,0.04298660490586756
842,0.0433044399147357
843,0.04362283424564731
844,0.043945247493953905
845,0.04426952902727025
846,0.044594381227141176
847,0.044923026052444366
848,0.04525384504223663
849,0.04558524620311536
850,0.045920289339056536
851,0.046257737601610845
852,0.04659577970136076
853,0.04693739064998063
854,0.047281560893498165
855,0.04762633680346714
856,0.04797468784897907
857,0.04832567368132024
858,0.048677277174098546
859,0.049032543396854936
860,0.04939043933336586
861,0.04974896509062625
862,0.05011132438128014
863,0.05047622585269974
864,0.05084176947311913
865,0.05121147263324649
866,0.05158358117979439
867,0.05195634455826022
868,0.05233330115099288
869,0.05271271585758681
870,0.05309279825338504
871,0.05347719635590228
872,0.053864017263797935
873,0.05425151889423549
874,0.05464354951410535
875,0.05503787762900063
876,0.05543289967752385
877,0.055832756768534234
878,0.05623469406867974
879,0.05663733869299941
880,0.05704521917115057
881,0.05745486861553008
882,0.05786523895581575
883,0.05828134271550089
884,0.058698808252084775
885,0.05911700843923298
886,0.059542352048669554
887,0.05996856967058766
888,0.06039553734487697
889,0.06082769989539629
890,0.06126279626005652
891,0.061698658301784774
892,0.06213784455180063
893,0.06258194753871575
894,0.06302683205243662
895,0.06347325081031253
896,0.06392648953174818
897,0.0643805258569372
898,0.06483536118949174
899,0.06529689480922204
900,0.06576021353063129
901,0.06622434759444705
902,0.06669364252407443
903,0.06716637548227353
904,0.06763994034993132
905,0.06811732367155893
906,0.06859986145659618
907,0.06908324840549958
908,0.06956819559072809
909,0.0700606866851926
910,0.07055404445922824
911,0.07104827043800613
912,0.0715493546932349
913,0.07205283372735777
914,0.07255719877748527
915,0.07306637662371766
916,0.07358012906020901
917,0.07409478559170528
918,0.07461227131680503
919,0.07513645102157325
920,0.07566155317111792
921,0.07618757938874483
922,0.07672287799551467
923,0.07725913362705018
924,0.07779633295442105
925,0.07833901245781291
926,0.0788865837974535
927,0.07943511874616564
928,0.07998542311869927
929,0.08054447395512479
930,0.08110450860209124
931,0.0816655287908952
932,0.08223347204708363
933,0.08280530492132766
934,0.08337814409977616
935,0.0839539628902153
936,0.0845377615858357
937,0.08512258764295749
938,0.08570844286951752
939,0.08630248369944735
940,0.0868994661137176
941,0.08749749909002533
942,0.08810008489877084
943,0.08870939475143991
944,0.08931977685981195
945,0.089931233110828
946,0.09055299738940338
947,0.09117590163129792
948,0.09179990205212399
949,0.09243090650279157
950,0.09306650751255882
951,0.09370322704486402
952,0.09434376325715131
953,0.09499223731596737
954,0.09564185255114524
955,0.09629261097091163
956,0.09695374260732356
957,0.0976164318006255
958,0.09828028718589683
959,0.09895168375550452
960,0.0996276268403391
961,0.10030475944116822
962,0.100986745583822
963,0.10167616637606526
964,0.10236680040219656
965,0.10305956811610478
966,0.10376265406841918
967,0.10446697730239168
968,0.10517253999537322
969,0.10588777807261052
970,0.10660598010645606
971,0.10732544602304118
972,0.10805223591789866
973,0.10878450816938799
974,0.10951806906420168
975,0.11025673456684137
976,0.11100327029585608
977,0.11175111976887607
978,0.11250199047531236
979,0.11326298480036859
980,0.11402531831347794
981,0.11478899337132471
982,0.1155643795682514
983,0.11634139446193695
984,0.11711977673646105
985,0.11790819211743518
986,0.11870008762763828
987,0.11949337670539353
988,0.12029533132884107
989,0.12110255638048625
990,0.12191120197640899
991,0.1227263102827455
992,0.12354907248603228
993,0.12437328257567197
994,0.125201906746737
995,0.12604041575044556
996,0.12688040035151937
997,0.12772290860891433
998,0.12857737612027567
999,0.12943334731257414
1000,0.1302908248319663
1001,0.1311607537563978
1002,0.1320329257017992
1003,0.13290663248416634
1004,0.1337913591090064
1005,0.13467994807172146
1006,0.13557010076185286
1007,0.13647001299382394
1008,0.13737523736085672
1009,0.13828205473007113
1010,0.13919754666951076
1011,0.14011962697132932
1012,0.14104332993818083
1013,0.14197480191626902
1014,0.14291396084768337
1015,0.14385477249887746
1016,0.14480263111564476
1017,0.14575909355689234
1018,0.14671723916840793
1019,0.14768189733153372
1020,0.14865589036958868
1021,0.1496315974280238
1022,0.1506134743924157
1023,0.15160522734246124
1024,0.15259872556654472
1025,0.15359824697470292
1026,0.154607991401866
1027,0.15561951276423036
1028,0.15663711068742933
1029,0.15766508042871732
1030,0.1586948591778727
1031,0.15973097215813792
1032,0.16077740334458673
1033,0.16182567602710946
1034,0.16288074911999978
1035,0.163945880199049
1036,0.16501288568199465
1037,0.16608737050020111
1038,0.16717144225828848
1039,0.16825742175182778
1040,0.16935177650958727
1041,0.1704550320949687
1042,0.1715602291752463
1043,0.17267491873357985
1044,0.17379760367937935
1045,0.1749222643116052
1046,0.1760577602243868
1047,0.1772001224718775
1048,0.17834449503364797
1049,0.1795032353785118
1050,0.1806681434837934
1051,0.1818351015792557
1052,0.1830096184005506
1053,0.1841973929705127
1054,0.18538725777075638
1055,0.18657921647963932
1056,0.18778956645141098
1057,0.1890033053616836
1058,0.19021918019393685
1059,0.19144460586261083
1060,0.1926825389440625
1061,0.19392265052407498
1062,0.19516494443633967
1063,0.19642614300634495
1064,0.19769081495567026
1065,0.19895771245825844
1066,0.20023531771416825
1067,0.2015248766791494
1068,0.20281670499323165
1069,0.20411127899986395
1070,0.20542605467943603
1071,0.20674314408414723
1072,0.20806255128565856
1073,0.2093955838273765
1074,0.21073826768800732
1075,0.21208331438621955
1076,0.21343471497295213
1077,0.2148033297693957
1078,0.21617435303633487
1079,0.21754778901216268
1080,0.21894126396879804
1081,0.22034059153304272
1082,0.22174238161570015
1083,0.22314962833640783
1084,0.2245776604347798
1085,0.2260082055654197
1086,0.22744126815072607
1087,0.22888691219320545
1088,0.23034661723169805
1089,0.2318088910400732
1090,0.23327373813881494
1091,0.2347589936608344
1092,0.23625088822782508
1093,0.2377454082113972
1094,0.2392467327003714
1095,0.24076866156221935
1096,0.24229326869459852
1097,0.24382055881069056
1098,0.24536363385799762
1099,0.24691874644905526
1100,0.24847659570692296
1101,0.25003724902625196
1102,0.2516232894703629
1103,0.2532121210077046
1104,0.25480374855000315
1105,0.2564083670214772
1106,0.2580286081067426
1107,0.2596517004710649
1108,0.26127764913208407
1109,0.2629275518390938
1110,0.26458254122331026
1111,0.2662404430361703
1112,0.26791046861825324
1113,0.2695977914376076
1114,0.27128808358554884
1115,0.2729813502874592
1116,0.2746989935027331
1117,0.2764221174340835
1118,0.27814827369633316
1119,0.2798877117071595
1120,0.28164411317598914
1121,0.2834036055370797
1122,0.2851661942297381
1123,0.28695566149016083
1124,0.2887489408430118
1125,0.2905453759853231
1126,0.2923584758755033
1127,0.29418618332080065
1128,0.2960171071416505
1129,0.2978539361037753
1130,0.29971655137733383
1131,0.3015824444567686
1132,0.30345162111031476
1133,0.3053416942265492
1134,0.30724304241989664
1135,0.3091477365807854
1136,0.31106328471290096
1137,0.31300057920395663
1138,0.31494128292036166
1139,0.3168854018616204
1140,0.31885692473472477
1141,0.32083432038276355
1142,0.32281519582561996
1143,0.3248134911776823
1144,0.32682806755758054
1145,0.3288461891624442
1146,0.3308720544322689
1147,0.33292430506386966
1148,0.3349801672190723
1149,0.33703964725338326
1150,0.339124837612299
1151,0.34121893947686965
1152,0.3433167265142688
1153,0.34543149404176
1154,0.34756433932524466
1155,0.34970093796169965
1156,0.35184612782775343
1157,0.354018224213953
1158,0.35619414302667884
1159,0.3583738909925812
1160,0.3605824780097126
1161,0.3627982305041875
1162,0.3650178822506085
1163,0.3672590092292493
1164,0.36951511388317587
1165,0.37177518880022864
1166,0.37404975121643474
1167,0.37634673152403403
1168,0.37864775402717654
1169,0.380956662321294
1170,0.3832950468378959
1171,0.3856375464126016
1172,0.38798416828703014
1173,0.3903620484677837
1174,0.3927465597145396
1175,0.3951352671925843
1176,0.3975497504715893
1177,0.3999768131512046
1178,0.40240814694353677
1179,0.40486019250686467
1180,0.40733035158611
1181,0.4098048576185248
1182,0.412295440017454
1183,0.4148092457150156
1184,0.4173274751744675
1185,0.4198575844219191
1186,0.42241559225468917
1187,0.4249781016356602
1188,0.42754874330378695
1189,0.43015151413347563
1190,0.43275886528467256
1191,0.43537106060360126
1192,0.4380191606836898
1193,0.4406719208550768
1194,0.443329349318521
1195,0.4460207078358022
1196,0.44871944972596506
1197,0.45142294082618123
1198,0.4541583583144263
1199,0.456903660118278
1200,0.45965379306767756
1201,0.46243434183612253
1202,0.4652267872929526
1203,0.4680241468580792
1204,0.4708509153089877
1205,0.47369109375084373
1206,0.47653627030084433
1207,0.47941036303403206
1208,0.48229886943446426
1209,0.4851924589899148
1210,0.48811499690837984
1211,0.49105243193152065
1212,0.4939950362135925
1213,0.4969671566302309
1214,0.499954126680238
1215,0.5029463531602288
1216,0.5059692099056453
1217,0.5090063271764894
1218,0.5120487891257022
1219,0.5151293544751588
1220,0.5182247085817132
1221,0.5213255098510141
1222,0.5244403995707028
1223,0.5275947753968288
1224,0.5307547022513086
1225,0.533920189902757
1226,0.5371192834625216
1227,0.5403391298888005
1228,0.5435646425576813
1229,0.5468010279918682
1230,0.550081595768433
1231,0.5533679366441909
1232,0.5566600607785543
1233,0.5599849426100793
1234,0.5633329227575502
1235,0.5666867946355616
1236,0.570052053123648
1237,0.573462491553904
1238,0.5768789316279197
1239,0.5803013839072974
1240,0.5837595740296331
1241,0.5872394107838951
1242,0.5907253713081145
1243,0.5942271418040086
1244,0.5977712118268584
1245,0.601321518656478
1246,0.604878073268305
1247,0.6084773554617452
1248,0.6120928548485666
1249,0.6157147167425482
1250,0.6193609036647371
1251,0.6230424501251846
1252,0.6267304753215113
1253,0.6304249906548995
1254,0.634173416365145
1255,0.6379284692372003
1256,0.6416901302006831
1257,0.6454889073818223
1258,0.6493118607307105
1259,0.6531415416613349
1260,0.6569921192228685
1261,0.6608838543524527
1262,0.6647824381049889
1263,0.6686878825325809
1264,0.6726476972655103
1265,0.6766160752881297
1266,0.6805914368087818
1267,0.6846066795521085
1268,0.6886457519625946
1269,0.6926919322781038
1270,0.6967641345232177
1271,0.7008748101856784
1272,0.7049927197595606
1273,0.7091234390312062
1274,0.7133066356333291
1275,0.7174971937682036
1276,0.7216951263905423
1277,0.7259446579164255
1278,0.7302087928319395
1279,0.7344804317143007
1280,0.7387923939993654
1281,0.7431311112662029
1282,0.7474774637488596
1283,0.751853289427696
1284,0.7562675338803215
1285,0.7606895464604404
1286,0.7651309121084842
1287,0.7696216377753422
1288,0.7741202661602533
1289,0.778628874943734
1290,0.783197045126709
1291,0.7877732543135023
1292,0.7923575166510297
1293,0.7969974235272441
1294,0.8016521878829314
1295,0.8063151436296254
1296,0.8110264863327621
1297,0.8157607896750154
1298,0.8205034243798569
1299,0.8252879930103718
1300,0.8301028286888479
1301,0.8349261374495747
1302,0.8397857494894495
1303,0.8446821204677134
1304,0.8495871080128905
1305,0.8545236085153132
1306,0.8595025274533323
1307,0.8644902082249928
1308,0.869508885877226
1309,0.8745817731242721
1310,0.8796635875690566
1311,0.8847543449215229
1312,0.8899032774333921
1313,0.8950804864235891
1314,0.9002668061954353
1315,0.9054714329413434
1316,0.9107453098457591
1317,0.9160284676466455
1318,0.9213209226763804
1319,0.9266625261411574
1320,0.9320438102121642
1321,0.9374345641932361
1322,0.9428366673185938
1323,0.9483173786441259
1324,0.9538077348503865
1325,0.959307752910288
1326,0.9648537819689011
1327,0.9704450565531837
1328,0.976046170585828
1329,0.981657693950978
1330,0.987351216059101
1331,0.9930547575493205
1332,0.998768336053585
1333,1.0045315856144017
1334,1.0103400697861116
1335,1.0161587756485002
1336,1.0219892334574372
1337,1.0279040221589026
1338,1.0338292196242367
1339,1.039764844170618
1340,1.0457515814438776
1341,1.0517846482009792
1342,1.0578283318659607
1343,1.0638877806473446
1344,1.0700301079484353
1345,1.076183244432545
1346,1.0823472091215056
1347,1.0885707122875514
1348,1.0948347089987676
1349,1.1011097290050675
1350,1.1074116419967888
1351,1.1137879201715617
1352,1.1201754192327231
1353,1.1265741589266118
1354,1.1330481405481905
1355,1.1395495563765738
1356,1.1460624133067683
1357,1.1526207012326937
1358,1.1592374856383834
1359,1.1658659141698458
1360,1.1725110023569818
1361,1.1792446213715286
1362,1.1859900901157059
1363,1.1927474294424791
1364,1.199576447607525
1365,1.206440439547116
1366,1.2133165106447061
1367,1.2202385185871647
1368,1.2272225312017746
1369,1.2342188341850322
1370,1.2412364592962686
1371,1.2483420046889164
1372,1.2554600543218317
1373,1.2625906301997791
1374,1.2698045710304453
1375,1.2770458968537572
1376,1.2842999658617484
1377,1.2916160132066998
1378,1.2989821596664195
1379,1.3063612689683621
1380,1.3137821867067672
1381,1.3212747132835159
1382,1.3287804251043793
1383,1.3363090200831964
1384,1.3439295014225865
1385,1.3515633931790156
1386,1.3592107189519231
1387,1.3669525415553558
1388,1.374716205987056
1389,1.382493532807295
1390,1.390349925472502
1391,1.3982449707746496
1392,1.4061539096674716
1393,1.4141403867173157
1394,1.4221908981717464
1395,1.4302555768039242
1396,1.4383344475450233
1397,1.4465019670222174
1398,1.454724568741479
1399,1.4629616404804142
1400,1.4712132077031252
1401,1.4795678380513793
1402,1.4879653225326763
1403,1.4963775847897571
1404,1.5048046508283155
1405,1.5133525771123664
1406,1.521927774921709
1407,1.5305180632441318
1408,1.5391305949509073
1409,1.547870993992957
1410,1.556626774266801
1411,1.565397962840081
1412,1.5742145665605323
1413,1.5831381339455806
1414,1.5920774048993702
1415,1.6010324070567812
1416,1.6100596023581848
1417,1.6191692807175113
1418,1.6282949901609163
1419,1.6374367588996406
1420,1.6466811876159684
1421,1.6559799596267926
1422,1.6652950954858976
1423,1.67462662399012
1424,1.6840950517713977
1425,1.6935859406850633
1426,1.703093531531484
1427,1.7126481168796603
1428,1.722317171590466
1429,1.7320032417675681
1430,1.7417063573545095
1431,1.7514967807220088
1432,1.7613637743781545
1433,1.77124813183061
1434,1.7811498836358945
1435,1.79118326595357
1436,1.8012513412372064
1437,1.8113371341775992
1438,1.8214699711923297
1439,1.8317242681007349
1440,1.8419966103759557
1441,1.85228702977393
1442,1.8626753145871364
1443,1.8731367425897147
1444,1.8836165804653062
1445,1.8941148606113023
1446,1.9047671156573731
1447,1.915439990823877
1448,1.9261316479649493
1449,1.936894077622684
1450,1.947762488995169
1451,1.9586500264439268
1452,1.9695567236267097
1453,1.9805951816624878
1454,1.9916837299485193
1455,2.0027917917044546
1456,2.013942133619192
1457,2.025234347879609
1458,2.036546434018275
1459,2.047878427005395
1460,2.0593112178805186
1461,2.070830014970913
1462,2.082369082676611
1463,2.0939284566694982
1464,2.105652030442981
1465,2.1174008912010382
1466,2.1291704274369634
1467,2.1410221088388037
1468,2.152983508251556
1469,2.164965957164518
1470,2.176969492620251
1471,2.1891267233102667
1472,2.2013248628843756
1473,2.213544468570442
1474,2.2258404607291737
1475,2.238257096734055
1476,2.2506955833576328
1477,2.263155959052264
1478,2.275772747025565
1479,2.2884329533658363
1480,2.301115438956178
1481,2.313882039321259
1482,2.3267668324686452
1483,2.339674300090578
1484,2.3526044820892227
1485,2.365724452392199
1486,2.3788776987565554
1487,2.3920540920153597
1488,2.405277510253802
1489,2.4186798451624707
1490,2.432105765307853
1491,2.4455553121948497
1492,2.4590919823301016
1493,2.4727707798243324
1494,2.4864736490699206
1495,2.500200632427928
1496,2.514060575931509
1497,2.528020159163519
1498,2.542004308269344
1499,2.5560130664795886
1500,2.570206482321983
1501,2.5844512304763705
1502,2.5987210463334347
1503,2.613044423958373
1504,2.6275532405435045
1505,2.642087589534937
1506,2.6566475158641656
1507,2.6713223472906895
1508,2.6861247414312235
1509,2.7009531846113326
1510,2.715807722671671
1511,2.7308447164841936
1512,2.745945231689499
1513,2.761072320563245
1514,2.7762598996985957
1515,2.79163607947514
1516,2.807039318030439
1517,2.8224696629820607
1518,2.8380383227344366
1519,2.8537213476750236
1520,2.869431971375746
1521,2.8851702424044325
1522,2.9011312163677974
1523,2.917125800227292
1524,2.9331485311234893
1525,2.9492819067519673
1526,2.9655641708949556
1527,2.981875088329998
1528,2.99821470948067
1529,3.0147602824496285
1530,3.031363152292971
1531,3.0479952396253056
1532,3.064727513229264
1533,3.0816261409687034
1534,3.098554506667336
1535,3.1155126626575123
1536,3.1326776535842855
1537,3.14990614994846
1538,3.1671649647694977
1539,3.184531472245108
1540,3.202063992120484
1541,3.2196273654686043
1542,3.2372216465848793
1543,3.255042040783087
1544,3.2729139134107217
1545,3.2908172366987802
1546,3.3088544901467265
1547,3.3270388443066055
1548,3.3452551990270685
1549,3.3635157227210213
1550,3.382016582616148
1551,3.4005500000537423
1552,3.419116032327999
1553,3.437889181095303
1554,3.456785378901582
1555,3.475714829959827
1556,3.4946775927885145
1557,3.5138507934917533
1558,3.533148654404195
1559,3.552480475409053
1560,3.5718463162687044
1561,3.5914337791507767
1562,3.6111397120666755
1563,3.63088032319371
1564,3.650655673557992
1565,3.670671873735078
1566,3.690792372384944
1567,3.7109482787922152
1568,3.7311396552668383
1569,3.751599335526322
1570,3.7721409796168524
1571,3.792718772589911
1572,3.813332778059663
1573,3.834250951716144
1574,3.8552204080934165
1575,3.8762267662105327
1576,3.8972956213034755
1577,3.918662044821169
1578,3.94006606865529
1579,3.96150775897421
1580,3.9830614189783455
1581,4.004868479228505
1582,4.02671391522064
1583,4.0485977944877005
1584,4.070652047616009
1585,4.092906667877678
1586,4.1152004514903355
1587,4.137533467372947
1588,4.160104383678598
1589,4.182813579084508
1590,4.2055627377955185
1591,4.228351930138341
1592,4.251475333729588
1593,4.274667579263457
1594,4.297900638166382
1595,4.3211745822609915
1596,4.344789930888588
1597,4.3684730129094715
1598,4.392197772065647
1599,4.415964281699797
1600,4.440088712842094
1601,4.464270516836201
1602,4.488494875608578
1603,4.51276771571257
1604,4.537412857243206
1605,4.562101368926198
1606,4.586833327083555
1607,4.611646908099005
1608,4.636822326302253
1609,4.662042047830266
1610,4.687306150647244
1611,4.712628426153034
1612,4.738343035183641
1613,4.764102896398416
1614,4.789908089431314
1615,4.8157586940564565
1616,4.842019533323185
1617,4.868328595298481
1618,4.894683955566597
1619,4.921085695602419
1620,4.947897131602107
1621,4.974764588540843
1622,5.001679326426873
1623,5.028641428464349
1624,5.056021913705842
1625,5.08345709485949
1626,5.110940556032349
1627,5.138477585199071
1628,5.166440747662262
1629,5.1944531192777434
1630,5.22251478664289
1631,5.250652370244768
1632,5.279201297567972
1633,5.307800464863008
1634,5.336449960541235
1635,5.365207614250022
1636,5.394352035505296
1637,5.423547744672962
1638,5.452794832008532
1639,5.482192466636118
1640,5.5119422536538485
1641,5.541744393896796
1642,5.571598979495201
1643,5.601656907170257
1644,5.632022076599665
1645,5.662440682194229
1646,5.692912817989925
1647,5.723651758444889
1648,5.754642473844954
1649,5.7856877262357616
1650,5.816787611590496
1651,5.848228698560941
1652,5.879855272521989
1653,5.911537502447254
1654,5.943275486279089
1655,5.975440274017579
1656,6.00771317031394
1657,6.040042859961995
1658,6.072468348750353
1659,6.105345058221152
1660,6.1382796236242605
1661,6.1712721467734735
1662,6.204446141018905
1663,6.237993753132042
1664,6.271600401820925
1665,6.305266190977001
1666,6.339212579789817
1667,6.373441621121216
1668,6.407730898196239
1669,6.442080517016624
1670,6.47682363320787
1671,6.511744762460252
1672,6.5467273453811385
1673,6.581774685051022
1674,6.617336114045258
1675,6.652960123497024
1676,6.688646823534236
1677,6.724533705366502
1678,6.760807687937852
1679,6.797145504906678
1680,6.833547268607548
1681,6.870299301152378
1682,6.907296881699989
1683,6.944359570020753
1684,6.981487480690088
1685,7.019130731026777
1686,7.056863091717491
1687,7.094661853235183
1688,7.1326772627257435
1689,7.171088130147218
1690,7.209566592420627
1691,7.2481127684981175
1692,7.287065418317895
1693,7.326232518748407
1694,7.365468544837031
1695,7.404826128926932
1696,7.444690893146588
1697,7.484625810761532
1698,7.52463100522637
1699,7.564973420128573
1700,7.605616359914079
1701,7.646330822515149
1702,7.687116933796245
1703,7.72847243345353
1704,7.769905400939259
1705,7.811411281517961
1706,7.853226723266028
1707,7.895387523177142
1708,7.937622517008598
1709,7.979931835325417
1710,8.02283986114497
1711,8.065844049846296
1712,8.108923916649301
1713,8.152231189160895
1714,8.196014849931721
1715,8.239875560506169
1716,8.283813456474975
1717,8.328169902582859
1718,8.372821863572359
1719,8.417552402385462
1720,8.4623616573019
1721,8.507809594396212
1722,8.553354856498697
1723,8.598980268440892
1724,8.644848554002058
1725,8.69121909917267
1726,8.737671246502263
1727,8.784205139592737
1728,8.83118280430909
1729,8.878472368378837
1730,8.925845151881362
1731,8.973301301264563
1732,9.021421927746147
1733,9.069644405868786
1734,9.117951745150366
1735,9.166558738620965
1736,9.215641820522498
1737,9.264811278058952
1738,9.314067263232468
1739,9.363876839641367
1740,9.413919449824723
1741,9.464050124204354
1742,9.51438943548638
1743,9.565316339652375
1744,9.616332864180208
1745,9.667439166781975
1746,9.719042559787372
1747,9.770956203453798
1748,9.82296120392917
1749,9.875139259219129
1750,9.927961399987657
1751,9.98087649632283
1752,10.033884711805998
1753,10.087390253157018
1754,10.141226953436156
1755,10.195158394686135
1756,10.249285107527253
1757,10.304055030873924
1758,10.358921337461414
1759,10.413884196903036
1760,10.469403734191586
1761,10.525216657872422
1762,10.581127800247868
1763,10.637316622748092
1764,10.694088028421723
1765,10.750959339510057
1766,10.807930731824666
1767,10.86557968026946
1768,10.923423160160546
1769,10.981368432083785
1770,11.039736407163574
1771,11.09856417123378
1772,11.157495459462389
1773,11.216603569404567
1774,11.276427849300816
1775,11.336357407006746
1776,11.396392427788134
1777,11.45706024247833
1778,11.518000440302886
1779,11.579047879709835
1780,11.640507974473305
1781,11.702471301528837
1782,11.764543670651767
1783,11.826818248662763
1784,11.889817313543487
1785,11.952927243164948
1786,12.016148232624653
1787,12.080086384012223
1788,12.144246625627494
1789,12.208519775401669
1790,12.27332700956916
1791,12.338550436415229
1792,12.403888642394953
1793,12.469588280016255
1794,12.535887888109675
1795,12.602304169181608
1796,12.668919882560402
1797,12.736308791743843
1798,12.803816290838705
1799,12.871442588537017
1800,12.939863561086074
1801,13.00847554623536
1802,13.077208273643183
1803,13.146603216961761
1804,13.216333082363914
1805,13.2861856572505
1806,13.35657939161447
1807,13.427440658709559
1808,13.498426626309762
1809,13.569844333105884
1810,13.641850651659603
1811,13.713983685759628
1812,13.786512191312092
1813,13.859907389414428
1814,13.9334317471889
1815,14.007085491928024
1816,14.081114654891673
1817,14.156049538707068
1818,14.231116291706003
1819,14.306315145949112
1820,14.381897997523769
1821,14.458397187040502
1822,14.535030998577952
1823,14.61179966904107
1824,14.688990301759747
1825,14.767078727109565
1826,14.845304571188727
1827,14.923668075823842
1828,15.002521652401848
1829,15.082224557252244
1830,15.162067721963908
1831,15.242051393363175
1832,15.322624155615353
1833,15.403967100593997
1834,15.485453191546876
1835,15.56708268037925
1836,15.649434205595071
1837,15.732447330693558
1838,15.815606540918957
1839,15.898912093348793
1840,15.98308685379733
1841,16.067796333088467
1842,16.152654882719833
1843,16.23766276502219
1844,16.3237207091743
1845,16.41015304513638
1846,16.496737483290445
1847,16.58347429130266
1848,16.67147646961408
1849,16.759658496688477
1850,16.84799570502926
1851,16.936696084290286
1852,17.026496942417932
1853,17.116455830601677
1854,17.206573026939406
1855,17.29732500625381
1856,17.388927064952433
1857,17.480690323426785
1858,17.572615065352764
1859,17.665482863107865
1860,17.75891392547975
1861,17.852509406274347
1862,17.946269594831602
1863,18.041318569079355
1864,18.136606784167352
1865,18.23206268586106
1866,18.32798006578148
1867,18.42498322776164
1868,18.522157094279795
1869,18.619501965738063
1870,18.71772448557993
1871,18.816653966752355
1872,18.915757542363473
1873,19.015035518780916
1874,19.11558797096369
1875,19.2164734375079
1876,19.317536440597472
1877,19.419038801937816
1878,19.52172957315453
1879,19.624601057858598
1880,19.727653574065652
1881,19.8316070232661
1882,19.936310673773324
1883,20.041198579995175
1884,20.146271066180798
1885,20.25274775335492
1886,20.359495007013123
1887,20.466430112680346
1888,20.573995931415393
1889,20.682626723403672
1890,20.791448682016913
1891,20.900462143665877
1892,21.010678777233984
1893,21.12141205807725
1894,21.232340205465626
1895,21.343737404477526
1896,21.456406714604856
1897,21.56927429826561
1898,21.682340504377144
1899,21.796520323395622
1900,21.911352334018765
1901,22.026386424054568
1902,22.141841762552236
1903,22.258663432968397
1904,22.375690684163324
1905,22.49292387791348
1906,22.611297931976107
1907,22.730343866133133
1908,22.849599295285774
1909,22.969352080549495
1910,23.09046591811369
1911,23.211792889731022
1912,23.333333370470033
1913,23.456099638279635
1914,23.579524476244696
1915,23.703166515117122
1916,23.82734043932659
1917,23.95288972656278
1918,24.078659953272005
1919,24.20465150825853
1920,24.33198556531736
1921,24.459910871411687
1922,24.588061298251173
1923,24.716910179417415
1924,24.847017720661764
1925,24.97735422290721
1926,25.107920089074142
1927,25.240080226296435
1928,25.372630274583635
1929,25.50541358214853
1930,25.639199397335148
1931,25.773990731809075
1932,25.909019269733257
1933,26.044477536237157
1934,26.181538169004238
1935,26.318839998689242
1936,26.45638344974498
1937,26.595376466303687
1938,26.734979924074043
1939,26.874829053576075
1940,27.01561081948038
1941,27.15754451909376
1942,27.299727991153528
1943,27.442347749975056
1944,27.586640585159383
1945,27.7311873443513
1946,27.875988474400433
1947,28.022376262051388
1948,28.1693155359827
1949,28.31651339107238
1950,28.4648610381944
1951,28.61422234010289
1952,28.76384648540755
1953,28.91420576104314
1954,29.06601889242496
1955,29.21809918188471
1956,29.370522647585556
1957,29.524817700851106
1958,29.679384279832366
1959,29.834222862353943
1960,29.99073265612145
1961,30.147815964108837
1962,30.30517570452698
1963,30.463879042584015
1964,30.623509815902548
1965,30.783421504631367
1966,30.944468169936616
1967,31.106893663064632
1968,31.269604989696333
1969,31.432602652834696
1970,31.597623803960147
1971,31.763170827352294
1972,31.929009177454766
1973,32.09582801489228
1974,32.2642471417595
1975,32.43296264960838
1976,32.60197506000312
1977,32.77296380949212
1978,32.94459329721112
1979,33.116524815440314
1980,33.28945247138774
1981,33.464033115333656
1982,33.63892098317631
1983,33.814116615560984
1984,33.99141587815699
1985,34.16929769516714
1986,34.34749254541172
1987,34.52687715101289
1988,34.70779087746015
1989,34.889022972635814
1990,35.07057399679756
1991,35.255002729188604
1992,35.439780121455776
1993,35.62488268165318
1994,35.810310982003365
1995,35.99824949148
1996,36.18695414853957
1997,36.375990884650975
1998,36.56536028419876
1999,36.75693627155362
2000,36.94963268693981
2001,37.14266820599361
2002,37.33604342546142
2003,37.531420539163584
2004,37.728229403180066
2005,37.92538460786811
2006,38.122886762709605
2007,38.322129985195176
2008,38.52344008881734
2009,38.72510445430195
2010,38.927123705070315
2011,39.129498465640864
2012,39.33491423420352
2013,39.54116338499769
2014,39.74777548928812
2015,39.95475118579141
2016,40.16302168385732
2017,40.37393221276003
2018,40.585213898157576
2019,40.796867393202035
2020,41.0088933521948
2021,41.223788119335346
2022,41.43981709395858
2023,41.65622623241151
2024,41.87301620369707
2025,42.09111471550856
2026,42.311969678654094
2027,42.533213298305384
2028,42.75484625841033
2029,42.976869244120586
2030,43.20206275459585
2031,43.4282206969253
2032,43.6547766278326
2033,43.881731247688
2034,44.11049398574015
2035,44.34164710679218
2036,44.57320700683471
2037,44.80517440170703
2038,45.0376676593833
2039,45.27389784074962
2040,45.510543735612075
2041,45.747606075532836
2042,45.98508559336129
2043,46.22538490833229
2044,46.467199862162104
2045,46.709440357452756
2046,46.952107143061376
2047,47.19652707866613
2048,47.44359520529527
2049,47.691098117809204
2050,47.93903658133311
2051,48.18774994390823
2052,48.440156418186085
2053,48.69300707266124
2054,48.94630268899066
2055,49.20004405020678
2056,49.45731705246868
2057,49.71560184799449
2058,49.9743411682617
2059,50.23353581313135
2060,50.49551762288665
2061,50.7593240444841
2062,51.02359470766404
2063,51.28833042938683
2064,51.555205672499504
2065,51.824622302817964
2066,52.094513047445574
2067,52.36487874071623
2068,52.63683583845781
2069,52.911952369587915
2070,53.18755304559147
2071,53.463638718453915
2072,53.74086991834859
2073,54.021777163753484
2074,54.303178744407184
2075,54.58507553022809
2076,54.86777693712273
2077,55.15456684368804
2078,55.44186143768335
2079,55.729661607244374
2080,56.018033214606795
2081,56.31079887481186
2082,56.6040797384498
2083,56.89787671216198
2084,57.19219070418539
2085,57.49095809782193
2086,57.79031964732761
2087,58.09020800756728
2088,58.39062410560856
2089,58.695536797524035
2090,59.0010746214845
2091,59.30715012505282
2092,59.61377165520603
2093,59.92503477227577
2094,60.23684564420247
2095,60.54920523491051
2096,60.86233645977242
2097,61.17995940404852
2098,61.498141295066674
2099,61.81688311644642
2100,62.13674395030896
2101,62.46082572911499
2102,62.78547782077862
2103,63.1107012289211
2104,63.437515667483964
2105,63.768156509368914
2106,64.09937920660651
2107,64.43118478313009
2108,64.7651809365011
2109,65.1024823042922
2110,65.44037724848235
2111,65.77886681363132
2112,66.12027693958422
2113,66.46434154356906
2114,66.80901162574638
2115,67.15428825162002
2116,67.50334878911453
2117,67.85428060035937
2118,68.20582997455521
2119,68.55799799847256
2120,68.91494960144274
2121,69.2728538652429
2122,69.63138796196033
2123,69.99129848396302
2124,70.35564057137125
2125,70.72062382083767
2126,71.08624936066167
2127,71.45447476458284
2128,71.82599104732088
2129,72.19816111710493
2130,72.57098612445121
2131,72.94777917081315
2132,73.32657860719434
2133,73.7060446473508
2134,74.08628180483687
2135,74.47179625953014
2136,74.85798913493933
2137,75.24486162493024
2138,75.63411262055482
2139,76.0271189568112
2140,76.4208168978264
2141,76.8152076606671
2142,77.21373763441076
2143,77.61434863579244
2144,78.01566462444899
2145,78.41815286856752
2146,78.8257653777255
2147,79.23409519525507
2148,79.64314358345553
2149,80.05537987643129
2150,80.4708129722622
2151,80.88697713895341
2152,81.30387366302288
2153,81.72613580337756
2154,82.14950621015818
2155,82.57362165569582
2156,83.00038581340955
2157,83.43105378359188
2158,83.86247963461834
2159,84.2946647001859
2160,84.73194715804169
2161,85.17077576883428
2162,85.61037662137666
2163,86.05251797315269
2164,86.49884257533145
2165,86.94595261053487
2166,87.39384946094552
2167,87.84701694788076
2168,88.30173044747517
2169,88.75724414267934
2170,89.21564018606874
2171,89.678052325046
2172,90.14127820752225
2173,90.60531926549997
2174,91.07526487841743
2175,91.54629919277039
2176,92.01816242372323
2177,92.49371921456668
2178,92.97265911488321
2179,93.4524418438673
2180,93.93377094196828
2181,94.42071449923631
2182,94.908514969822
2183,95.39717386169626
2184,95.89082641007994
2185,96.38674379184656
2186,96.8835338788534
2187,97.38336048070785
2188,97.88749487680731
2189,98.3925164382569
2190,98.89868694384465
2191,99.41113939862639
2192,99.92449365668342
2193,100.43875130498235
2194,100.9580531689525
2195,101.47984229634397
2196,102.00254965746235
2197,102.52861666805433
2198,103.0589437958467
2199,103.59020418233777
2200,104.12321507594281
2201,104.66218430138655
2202,105.20210199368816
2203,105.74296982193114
2204,106.28995469817085
2205,106.83863495253428
2206,107.38828076298783
2207,107.94265064208113
2208,108.50019969857347
2209,109.05872991826269
2210,109.62104980494777
2211,110.1885107019249
2212,110.75697020472164
2213,111.32643007065445
2214,111.90182565060132
2215,112.48033939786043
2216,113.05987120147687
2217,113.64060716749076
2218,114.22985359495723
2219,114.82013696589769
2220,115.41145910509394
2221,116.00453258824118
2222,116.60571008926982
2223,117.20794552978572
2224,117.81124077151857
2225,118.41706065889711
2226,119.03035356741172
2227,119.6447257358117
2228,120.26017906334572
2229,120.87916178560907
2230,121.50475666722495
2231,122.13145245743709
2232,122.75925109359025
2233,123.39182067902449
2234,124.02990635444912
2235,124.66911491946125
2236,125.3094483500874
2237,125.95603647917848
2238,126.60680404783473
2239,127.25871682336034
2240,127.91177682105503
2241,128.57282288153644
2242,129.23646574541254
2243,129.90127647378287
2244,130.56768315106072
2245,131.24320826419995
2246,131.91992215192687
2247,132.59782690620932
2248,133.27946490932695
2249,133.96823581628234
2250,134.6582188074417
2251,135.3494160157924
2252,136.04674686376038
2253,136.7489636674686
2254,137.45241621713149
2255,138.15710668737634
2256,138.87059981931898
2257,139.5864650187655
2258,140.30358998226893
2259,141.0236731310357
2260,141.7521097592743
2261,142.48182827445936
2262,143.21283093241493
2263,143.94990536810474
2264,144.69237797813733
2265,145.43615717528036
2266,146.1812452588238
2267,146.935803154717
2268,147.69252121581167
2269,148.4505709327971
2270,149.2126755578924
2271,149.98249631858698
2272,150.75367179297547
2273,151.52620436503943
2274,152.30686512976828
2275,153.09161488042983
2276,153.87774561643812
2277,154.6656666591762
2278,155.46416113710183
2279,156.26406078799968
2280,157.06536808464793
2281,157.87192223958908
2282,158.68576317765866
2283,159.50103629500325
2284,160.31774411192583
2285,161.14347400733925
2286,161.9728872605099
2287,162.80376009671093
2288,163.6378224719011
2289,164.4815518310798
2290,165.32676596640786
2291,166.1734674907458
2292,167.02766889496866
2293,167.8874022830183
2294,168.74864861068758
2295,169.61188542937163
2296,170.48631771348082
2297,171.36228880395
2298,172.2398014087198
2299,173.12416908124266
2300,174.01504660294725
2301,174.90749187090657
2302,175.80162141860805
2303,176.70758876542598
2304,177.6151504131823
2305,178.5243091674749
2306,179.44059032784924
2307,180.36345381722796
2308,181.28794134092624
2309,182.21473465962353
2310,183.15308721463867
2311,184.09309106122836
2312,185.0347491052789
2313,185.98474414225404
2314,186.94045364775366
2315,187.89784498912218
2316,188.85912659838215
2317,189.8307328988367
2318,190.80404900992252
2319,191.77907794050648
2320,192.76464114917658
2321,193.75407532334052
2322,194.74525068114434
2323,195.7428993282055
2324,196.7486466977926
2325,197.75616395854945
2326,198.7662370194523
2327,199.78849457407503
2328,200.81255107405252
2329,201.83840968510728
2330,202.87435912601552
2331,203.91515408059024
2332,204.95778060212731
2333,206.00698932219186
2334,207.06472384468645
2335,208.12431974394173
2336,209.18714298874795
2337,210.26202010954069
2338,211.33878877417794
2339,212.41745231133348
2340,213.50781155924764
2341,214.60195831676825
2342,215.69803052830545
2343,216.80469421780103
2344,217.91956096850245
2345,219.036389635715
2346,220.15518367195108
2347,221.28331795749273
2348,222.4211792103606
2349,223.56104284483587
2350,224.70291238463992
2351,225.8532853063356
2352,227.01449687446512
2353,228.17775191544504
2354,229.3430540253069
2355,230.5164481903154
2356,231.70137118481955
2357,232.8883793788876
2358,234.07747644197994
2359,235.27468786770686
2360,236.48368812248498
2361,237.69481594732093
2362,238.90807508623774
2363,240.12991431274412
2364,241.36336203830223
2365,242.5989803558966
2366,243.8367730852576
2367,245.08514521034434
2368,246.34579146914368
2369,247.6086561832063
2370,248.8737432564907
2371,250.14105659982366
2372,251.42856168613918
2373,252.71910366280324
2374,254.01191670436575
2375,255.30700480736456
2376,256.61387356377287
2377,257.93252881334547
2378,259.2535046007687
2379,260.57680500964165
2380,261.9039616591398
2381,263.25117139079066
2382,264.6007519096677
2383,265.9527073877959
2384,267.3070420045422
2385,268.6773051519403
2386,270.0559376513627
2387,271.4369962348912
2388,272.8204851718594
2389,274.2132381213314
2390,275.6213751699856
2391,277.03199022401395
2392,278.44508764411916
2393,279.8613128615559
2394,281.29941240440655
2395,282.74004267977386
2396,284.18320814114725
2397,285.62891324985344
2398,287.09243216262445
2399,288.56354185328905
2400,290.0372403667592
2401,291.51353225874965
2402,293.0028523996764
2403,294.50491120068546
2404,296.00961328785235
2405,297.51696331273337
2406,299.03312649909793
2407,300.5666096651671
2408,302.1027914170819
2409,303.6416765037107
2410,305.1857435579846
2411,306.75113196268364
2412,308.3192750991368
2413,309.8901778150171
2414,311.46384496652814
2415,313.0610088712388
2416,314.661600800672
2417,316.2650094119669
2418,317.87123966181423
2419,319.4988075238866
2420,321.132341403928
2421,322.76874993610556
2422,324.40803817912246
2423,326.0671317054503
2424,327.73410650408283
2425,329.4040148031898
2426,331.07686176503296
2427,332.7686221530013
2428,334.46954271037447
2429,336.17345650495764
2430,337.88036880413466
2431,339.60595686015296
2432,341.34133395104806
2433,343.07976491473073
2434,344.82125512528813
2435,346.5818513852232
2436,348.3522017821774
2437,350.1256675968922
2438,351.90225431175907
2439,353.6990591632951
2440,355.504905700396
2441,357.31393012029247
2442,359.1261380152978
2443,360.96136639355245
2444,362.80446719686927
2445,364.65081144191373
2446,366.50040483636695
2447,368.37062303988205
2448,370.2515528990503
2449,372.1357927703701
2450,374.02334847866973
2451,375.9298067678055
2452,377.8491472419861
2453,379.77186532214625
2454,381.6979669520625
2455,383.64193914692663
2456,385.60027863330095
2457,387.56206435492106
2458,389.527302376332
2459,391.51169575286036
2460,393.51257465740713
2461,395.5169746567695
2462,397.5249019472289
2463,399.5393072768397
2464,401.58340735008244
2465,403.6311045774287
2466,405.68240528900515
2467,407.7373158260792
2468,409.8161658266674
2469,411.9078516812041
2470,414.0032184298005
2471,416.10227254994487
2472,418.21429298287376
2473,420.35066740782423
2474,422.49080136839484
2475,424.6347014804634
2476,426.7823743715494
2477,428.9630575567181
2478,431.1486685597889
2479,433.33812574343796
2480,435.5314358760164
2481,437.7485827774532
2482,439.98038940684484
2483,442.21612351042927
2484,444.45579199961355
2485,446.7108590666977
2486,448.9895887584676
2487,451.27232849815465
2488,453.5590853424765
2489,455.8535582718131
2490,458.1799474144339
2491,460.51043047456403
2492,462.84501465650925
2493,465.18370717725276
2494,467.55520263706273
2495,469.93417577177826
2496,472.31733535959705
2497,474.70468876766125
2498,477.11914866985563
2499,479.5473678060074
2500,481.9798600567955
2501,484.41663294186696
2502,486.87563726324635
2503,489.35386760460966
2504,491.836459068716
2505,494.32341933008456
2506,496.82857820766964
2507,499.3575943404877
2508,501.891060967239
2509,504.4289859197134
2510,506.98193987406603
2511,509.56252587393715
2512,512.147653118714
2513,514.7373295998842
2514,517.3397497620149
2515,519.9726993021586
2516,522.6102822348524
2517,525.2525067137389
2518,527.9062790935078
2519,530.593343527522
2520,533.2851365836987
2521,535.9816665832626
2522,538.6853559576316
2523,541.4273780109538
2524,544.1742253990428
2525,546.9259066133149
2526,549.6824301601245
2527,552.4790962550478
2528,555.2818531557588
2529,558.0895422703544
2530,560.9021722783294
2531,563.7551390997185
2532,566.6172227700878
2533,569.4843430556239
2534,572.3565088195409
2535,575.2567475096529
2536,578.1790814052039
2537,581.1065579422593
2538,584.0391861706132
2539,586.9886148189468
2540,589.9721331235035
2541,592.9609017398366
2542,595.9549299072127
2543,598.9555051535835
2544,602.001152885707
2545,605.0521602628817
2546,608.1085367167691
2547,611.1702916956316
2548,614.2709870519344
2549,617.3851908329624
2550,620.5048749015918
2551,623.6300489017874
2552,626.7865538877334
2553,629.9649227857112
2554,633.1488848868769
2555,636.3384500338932
2556,639.5528440750168
2557,642.796357982736
2558,646.0455797335945
2559,649.3005193719964
2560,652.5749212279189
2561,655.8845713284858
2562,659.2000456563834
2563,662.5213544608217
2564,665.857922413688
2565,669.234711292141
2566,672.6174425464179
2567,676.0061266336394
2568,679.4070586785487
2569,682.8520004344971
2570,686.3030044993271
2571,689.7600815412104
2572,693.2276155786952
2573,696.7417359399765
2574,700.2620403482251
2575,703.7885396858367
2576,707.3249537163643
2577,710.9092901537338
2578,714.4999342018441
2579,718.096896960535
2580,721.7045092810782
2581,725.3601111239414
2582,729.0221459878791
2583,732.6906251934206
2584,736.3717945961096
2585,740.0997231492946
2586,743.8342120015203
2587,747.575272697293
2588,751.3323986701433
2589,755.1337273317474
2590,758.9417454592715
2591,762.7564648245215
2592,766.5919877543075
2593,770.4678021345933
2594,774.35043705808
2595,778.239904527237
2596,782.1563059044586
2597,786.1077039458281
2598,790.0660555397874
2599,794.0313729228651
2600,798.0311755488817
2601,802.0592676469549
2602,806.0944482610224
2603,810.1367298651164
2604,814.222498061436
2605,818.3284071871947
2606,822.4415417684997
2607,826.5619145203596
2608,830.7362543401101
2609,834.9211161631657
2610,839.113342379814
2611,843.3210345465319
2612,847.5785053911475
2613,851.8434684041102
2614,856.1159367697667
2615,860.4168021947966
2616,864.7553929186815
2617,869.1016185626545
2618,873.4554925622722
2619,877.8522568638476
2620,882.2731399200112
2621,886.701802711226
2622,891.1382589278862
2623,895.6336902653442
2624,900.1380512864775
2625,904.6503389440406
2626,909.1865000171576
2627,913.7674764828784
2628,918.3565144100816
2629,922.9536279849269
2630,927.5958718249365
2631,932.2664756788397
2632,936.9452987171242
2633,941.6323554034931
2634,946.3712869455244
2635,951.1328246234644
2636,955.9027415076746
2637,960.6810523434611
2638,965.5197120357632
2639,970.3735046930611
2640,975.2358389034207
2641,980.1095133685046
2642,985.0482060655613
2643,989.9955897196152
2644,994.9516796245733
2645,999.9304530632186
2646,1004.9639209987371
2647,1010.0062466730645
2648,1015.0574456735967
2649,1020.1444955313991
2650,1025.2741024803925
2651,1030.4127363498994
2652,1035.5604130250363
2653,1040.7589655215888
2654,1045.9860905301498
2655,1051.2224140677022
2656,1056.4679523213424
2657,1061.7812827086339
2658,1067.1073202415707
2659,1072.442730365878
2660,1077.8021346687356
2661,1083.2189623979248
2662,1088.6453224876054
2663,1094.0812317123314
2664,1099.562173153763
2665,1105.082321707515
2666,1110.6121844416637
2667,1116.1517784507164
2668,1121.7524944473225
2669,1127.3774497541672
2670,1133.0123036761668
2671,1138.659975411092
2672,1144.383847940867
2673,1150.117793156521
2674,1155.8618287834336
2675,1161.6284653041428
2676,1167.4627151824966
2677,1173.307231984374
2678,1179.162033776962
2679,1185.0512864485995
2680,1190.9975101142402
2681,1196.9541977503761
2682,1202.9213677709354
2683,1208.9373228618222
2684,1214.9978466827142
2685,1221.0690356148925
2686,1227.1509084262466
2687,1233.2950954577082
2688,1239.4715537137033
2689,1245.658881097691
2690,1251.8570967365752
2691,1258.1333909951402
2692,1264.427436102829
2693,1270.7325572630448
2694,1277.0590719547884
2695,1283.461108551703
2696,1289.8744112402765
2697,1296.2989998459618
2698,1302.7644894092791
2699,1309.2872603431545
2700,1315.8215098319881
2701,1322.3672580751058
2702,1328.9757623919052
2703,1335.6209725511947
2704,1342.2778767288992
2705,1348.9464955035066
2706,1355.7021130690312
2707,1362.4714861590535
2708,1369.2527717642251
2709,1376.0697131087343
2710,1382.952879070499
2711,1389.8481577954828
2712,1396.755570599055
2713,1403.7269051259007
2714,1410.7375143401948
2715,1417.760460586961
2716,1424.798471169299
2717,1431.9257594023861
2718,1439.0655899948938
2719,1446.2179850181612
2720,1453.4178684735853
2721,1460.6759455744825
2722,1467.9467951914637
2723,1475.2304398008787
2724,1482.5965718745158
2725,1489.987252005988
2726,1497.3909380026573
2727,1504.8325714724174
2728,1512.3444694819068
2729,1519.8695866707587
2730,1527.4079463013338
2731,1535.0236199840258
2732,1542.6715697153438
2733,1550.3329780439358
2734,1558.0315088471957
2735,1565.809683108133
2736,1573.6015451300248
2737,1581.407118999803
2738,1589.2744562040064
2739,1597.1983095035732
2740,1605.1361069237205
2741,1613.0878730025067
2742,1621.1288562335856
2743,1629.2004304130246
2744,1637.2862086657813
2745,1645.400253137287
2746,1653.617571175253
2747,1661.8493497604597
2748,1670.0956143397311
2749,1678.3635317323806
2750,1686.7430624085691
2751,1695.13733908671
2752,1703.5463877159484
2753,1711.9735377552843
2754,1720.517595479444
2755,1729.0766887330196
2756,1737.6508439746449
2757,1746.2426675573938
2758,1754.9535917261524
2759,1763.6798450685178
2760,1772.4214545598468
2761,1781.1834740296474
2762,1790.0636292640834
2763,1798.9594114774154
2764,1807.8708481690662
2765,1816.8086675978982
2766,1825.860443983098
2767,1834.9281493584078
2768,1844.011811754708
2769,1853.1311172297578
2770,1862.356930556445
2771,1871.5989791356037
2772,1880.8572915370494
2773,1890.1642981636614
2774,1899.5681469949538
2775,1908.9885443775395
2776,1918.425519432551
2777,1927.9213215528953
2778,1937.5057404333209
2779,1947.107025623981
2780,1956.7252068051787
2781,1966.4235646029797
2782,1976.2075308551132
2783,1986.0087145719501
2784,1995.8271460517262
2785,2005.6726049422903
2786,2015.660208037146
2787,2025.6653869475917
2788,2035.6881726024617
2789,2045.7285959850035
2790,2055.877775211884
2791,2066.091224474014
2792,2076.3226469852266
2793,2086.572074373722
2794,2096.8743165375295
2795,2107.3005060887162
2796,2117.745043259591
2797,2128.207960337141
2798,2138.6892896651743
2799,2149.3075755102627
2800,2159.969918551724
2801,2170.651024784577
2802,2181.3509272271044
2803,2192.1267984626643
2804,2203.011872511241
2805,2213.9161017029087
2806,2224.839519745669
2807,2235.7821604068445
2808,2246.885493946727
2809,2258.0180373489693
2810,2269.170171378999
2811,2280.3419305111456
2812,2291.6052003043947
2813,2302.9713367922086
2814,2314.3574749739705
2815,2325.7636500473686
2816,2337.1898972720323
2817,2348.7889020994726
2818,2360.4125358334504
2819,2372.0566243925164
2820,2383.721203771743
2821,2395.488451680771
2822,2407.3531095335334
2823,2419.2386463541666
2824,2431.1450988841125
2825,2443.0881697006953
2826,2455.1996623453138
2827,2467.3324683258807
2828,2479.486625148192
2829,2491.6621703840633
2830,2503.966153299397
2831,2516.3498895274242
2832,2528.75541817217
2833,2541.1827775824877
2834,2553.6712618831198
2835,2566.3096281412036
2836,2578.9702349015906
2837,2591.6531213016447
2838,2604.3583265475795
2839,2617.2306621969724
2840,2630.150092482004
2841,2643.0922578716936
2842,2656.057198373755
2843,2669.1322307496434
2844,2682.3142694398757
2845,2695.5195053601287
2846,2708.7479793313305
2847,2722.033835074656
2848,2735.4823068809624
2849,2748.9544447731046
2850,2762.4502903970574
2851,2775.969885472077
2852,2789.6740097059665
2853,2803.4169212741144
2854,2817.1840170680875
2855,2830.975339645632
2856,2844.909447843675
2857,2858.9270454201624
2858,2872.969310601126
2859,2887.0362867949198
2860,2901.2089575015316
2861,2915.505194415449
2862,2929.826589269273
2863,2944.1731863342056
2864,2958.593142434024
2865,2973.172013382774
2866,2987.77653963644
2867,3002.4067663414335
2868,3017.082875228455
2869,3031.9484166524994
2870,3046.8401178494883
2871,3061.758024853556
2872,3076.7021837798525
2873,3091.8555890694943
2874,3107.0385509483717
2875,3122.2482311798663
2876,3137.484676781035
2877,3152.914987317938
2878,3168.393338193967
2879,3183.8989272328236
2880,3199.4318023663004
2881,3215.1519591118363
2882,3230.9342747220817
2883,3246.744363396462
2884,3262.582274008034
2885,3278.584220624077
2886,3294.6748038305177
2887,3310.7937025742385
2888,3326.9409666828997
2889,3343.2344234170196
2890,3359.6376218878395
2891,3376.0696860197827
2892,3392.5306666085567
2893,3409.125504271325
2894,3425.845710880071
2895,3442.595341004027
2896,3459.374446420543
2897,3476.280686645859
2898,3493.3223398739556
2899,3510.393982281821
2900,3527.4956666422263
2901,3544.723482153691
2902,3562.0910664965054
2903,3579.4892135751184
2904,3596.917977171588
2905,3614.477692055057
2906,3632.1757384315606
2907,3649.90492907304
2908,3667.665318784875
2909,3685.567408767185
2910,3703.600494932892
2911,3721.6653149483227
2912,3739.7619246563463
2913,3758.017017390458
2914,3776.3897683541168
2915,3794.7948508909512
2916,3813.2323218956535
2917,3831.8511972522174
2918,3850.568285695882
2919,3869.318311658793
2920,3888.1013331019226
2921,3907.0949234675004
2922,3926.1610701704226
2923,3945.260768645892
2924,3964.3940779357963
2925,3983.773468517695
2926,4003.1934427835718
2927,4022.647591467925
2928,4042.168528160838
2929,4061.9124038462764
2930,4081.6910239343433
2931,4101.504449565588
2932,4121.43085088259
2933,4141.53760147301
2934,4161.679735032761
2935,4181.857313826053
2936,4202.200701290546
2937,4222.675235625866
2938,4243.1858001353585
2939,4263.732458222143
2940,4284.504507288556
2941,4305.351784391199
2942,4326.235747599327
2943,4347.181257583362
2944,4368.369001862642
2945,4389.594031382608
2946,4410.856411754928
2947,4432.251339810171
2948,4453.821224764317
2949,4475.429067428112
2950,4497.07493459655
2951,4518.931395308498
2952,4540.8885242129045
2953,4562.884292276218
2954,4584.9387631597865
2955,4607.2490305922565
2956,4629.598558616814
2957,4651.987416321131
2958,4674.524988024193
2959,4697.232163645173
2960,4719.979298313777
2961,4742.766462346735
2962,4765.799690765832
2963,4788.909025676516
2964,4812.059027330756
2965,4835.315876988211
2966,4858.791364403439
2967,4882.308162896302
2968,4905.866345162695
2969,4929.641234510712
2970,4953.5288182803915
2971,4977.458438310015
2972,5001.473710275973
2973,5025.736097167684
2974,5050.04117987599
2975,5074.389033533519
2976,5098.94525793653
2977,5123.629857885415
2978,5148.357896635678
2979,5173.17171391082
2980,5198.239915497637
2981,5223.35223092535
2982,5248.508737821856
2983,5273.886951265238
2984,5299.387665033565
2985,5324.933253751006
2986,5350.586719398454
2987,5376.479983440792
2988,5402.418813218769
2989,5428.403288915169
2990,5454.645126748662
2991,5480.981387343696
2992,5507.363993232021
2993,5533.914577705507
2994,5560.690512759954
2995,5587.513566820695
2996,5614.383822803786
2997,5641.461463212975
2998,5668.729858294496
2999,5696.046238982882
3000,5723.410689719136
3001,5751.030736421024
3002,5778.798177929841
3003,5806.614483236207
3004,5834.479738326483
3005,5862.657743893918
3006,5890.930883509476
3007,5919.253776818289
3008,5947.643241898031
3009,5976.378230722211
3010,6005.163785973763
3011,6033.99999663513
3012,6062.9750660147
3013,6092.2283423798235
3014,6121.533097221706
3015,6150.88942112771
3016,6180.46622377816
3017,6210.244626609007
3018,6240.075432000473
3019,6269.958732166012
3020,6300.153599640722
3021,6330.464035333027
3022,6360.827809822994
3023,6391.279232525007
3024,6422.074483588478
3025,6452.923926597435
3026,6483.827656914078
3027,6514.926230833691
3028,6546.266573105794
3029,6577.662066539244
3030,6609.112808184158
3031,6640.875441821887
3032,6672.767975167649
3033,6704.716631384246
3034,6736.770427110701
3035,6769.1653142451405
3036,6801.617208260635
3037,6834.126209472792
3038,6866.874217389453
3039,6899.834709813258
3040,6932.853204432606
3041,6965.929803314549
3042,6999.389509508773
3043,7032.922905263399
3044,7066.515311370391
3045,7100.30218335074
3046,7134.3559258936975
3047,7168.469594461549
3048,7202.6432945066545
3049,7237.173083111036
3050,7271.813507608201
3051,7306.514890533314
3052,7341.4036538330065
3053,7376.60078229634
3054,7411.859848839035
3055,7447.180962454017
3056,7482.790870385343
3057,7518.614752439015
3058,7554.501675490333
3059,7590.451750472996
3060,7626.799601284288
3061,7663.2596049584345
3062,7699.783769033443
3063,7736.434504931527
3064,7773.474992194637
3065,7810.580661355194
3066,7847.751627114186
3067,7885.168186256695
3068,7922.862913846566
3069,7960.623974620644
3070,7998.451485305829
3071,8036.651118482124
3072,8075.009984118507
3073,8113.436351642887
3074,8151.965964541647
3075,8190.930493997893
3076,8229.963591148498
3077,8269.06537665236
3078,8308.40643705409
3079,8348.054292189943
3080,8387.771917488482
3081,8427.559435724505
3082,8467.729634343748
3083,8508.071304280847
3084,8548.483965306608
3085,8589.013084042175
3086,8630.00860447182
3087,8671.076266591686
3088,8712.216197349726
3089,8753.549278876046
3090,8795.278905674093
3091,8837.081965990335
3092,8878.95858904593
3093,8921.117994311675
3094,8963.591206263614
3095,9006.139160241466
3096,9048.761987768916
3097,9091.770344241659
3098,9134.996710186675
3099,9178.29914350351
3100,9221.677778047959
3101,9265.557979545187
3102,9309.547159141877
3103,9353.613748454214
3104,9397.849976596714
3105,9442.53309024312
3106,9487.294834741439
3107,9532.1353484584
3108,9577.284259932896
3109,9622.748407694256
3110,9668.292560713688
3111,9713.916859776424
3112,9760.002105637419
3113,9806.257206832232
3114,9852.593705146193
3115,9899.083834132101
3116,9946.057240717044
3117,9993.11330844337
3118,10040.252182769766
3119,10087.720883524822
3120,10135.503939554417
3121,10183.371081485535
3122,10231.322457283943
3123,10279.887631751306
3124,10328.594030710092
3125,10377.386140401191
3126,10426.264111649529
3127,10475.553330688483
3128,10525.195085338606
3129,10574.924196690481
3130,10624.740818465416
3131,10674.783819311195
3132,10725.377055859019
3133,10776.059323455327
3134,10826.830778767695
3135,10877.691578739366
3136,10929.198270351988
3137,10980.845885251169
3138,11032.584386611803
3139,11084.413934366312
3140,11136.725569546228
3141,11189.350832130487
3142,11242.068701566297
3143,11294.879340813419
3144,11348.026456234451
3145,11401.64177714748
3146,11455.351447140945
3147,11509.15563224031
3148,11563.169096668864
3149,11617.786997760224
3150,11672.50101219531
3151,11727.311309104096
3152,11782.222322032861
3153,11837.855437309603
3154,11893.586452425136
3155,11949.415539653062
3156,12005.342871570114
3157,12061.916706575636
3158,12118.677491925095
3159,12175.538161495875
3160,12232.498891053443
3161,12290.041085408184
3162,12347.844524826814
3163,12405.749683247135
3164,12463.756739663131
3165,12522.299524433874
3166,12581.158617012967
3167,12640.121286248253
3168,12699.1877144025
3169,12758.763646836946
3170,12818.691507904865
3171,12878.724826362113
3172,12938.863787780947
3173,12999.505750213453
3174,13060.515612324278
3175,13121.63283584254
3176,13182.857609690918
3177,13244.598808499788
3178,13306.70402242904
3179,13368.918525276802
3180,13431.242509357504
3181,13494.116473972894
3182,13557.3305097206
3183,13620.655785600646
3184,13684.092497360894
3185,13748.133079323188
3186,13812.469527124542
3187,13876.919190186396
3188,13941.482267732086
3189,14006.72363979925
3190,14072.196211142484
3191,14137.783997001985
3192,14203.487200119098
3193,14269.96385542311
3194,14336.586384075337
3195,14403.326150842404
3196,14470.262746972992
3197,14537.93011327739
3198,14605.716556317448
3199,14673.622285630721
3200,14741.867982273736
3201,14810.750714042928
3202,14879.754661245683
3203,14948.880037182866
3204,15018.348663819806
3205,15088.461976640545
3206,15158.698670367083
3207,15229.058962110672
3208,15299.78677228343
3209,15371.146016371986
3210,15442.630833849744
3211,15514.241445685995
3212,15586.265092221536
3213,15658.885753533072
3214,15731.634207967325
3215,15804.510680399502
3216,15877.867213770814
3217,15951.764915118645
3218,16025.792656813546
3219,16099.95066768507
3220,16174.677534427336
3221,16249.86803661078
3222,16325.190854099339
3223,16400.646219725644
3224,16476.78126090692
3225,16553.280463848136
3226,16629.914285030987
3227,16706.682961340375
3228,16784.26441108553
3229,16862.088354974945
3230,16940.049248267704
3231,17018.188013898776
3232,17097.213816018928
3233,17176.378682469785
3234,17255.68285795983
3235,17335.33645732731
3236,17415.71712204268
3237,17496.23923525432
3238,17576.90304586594
3239,17658.11082660875
3240,17739.862792950065
3241,17821.75862088022
3242,17903.798563549095
3243,17986.600260566745
3244,18069.74011225022
3245,18153.02626779676
3246,18236.49876651188
3247,18320.894718889016
3248,18405.43918550477
3249,18490.13242769598
3250,18575.270037577044
3251,18661.08498453247
3252,18747.050942742168
3253,18833.16817793678
3254,18920.011729638925
3255,19007.26266620787
3256,19094.667140952024
3257,19182.276342733043
3258,19270.991183029735
3259,19359.86213755154
3260,19448.889481008457
3261,19538.073488593825
3262,19628.13687518119
3263,19718.648094084467
3264,19809.318588309394
3265,19900.14863812834
3266,19991.55687063644
3267,20083.728776872118
3268,20176.06288075325
3269,20268.559467694377
3270,20361.360291018333
3271,20455.213486048742
3272,20549.23183729979
3273,20643.415635391997
3274,20737.765171457264
3275,20833.212582114742
3276,20928.935999329446
3277,21024.827863799874
3278,21120.88847193748
3279,21217.83748754069
3280,21315.28697230211
3281,21412.90794168921
3282,21510.70069745806
3283,21609.2006886987
3284,21708.397427744996
3285,21807.76872606801
3286,21907.314890834114
3287,22007.415738135573
3288,22108.38110558431
3289,22209.524144571795
3290,22310.845167740692
3291,22412.597257202768
3292,22515.352816837687
3293,22618.289198217844
3294,22721.406719529165
3295,22824.86093906009
3296,22929.4284466829
3297,23034.17996453991
3298,23139.11581642747
3299,23244.323552071215
3300,23350.724957922546
3301,23457.313601121517
3302,23564.089811142978
3303,23671.102943610542
3304,23779.3603948635
3305,23887.80834954852
3306,23996.447142887562
3307,24105.318044302272
3308,24215.45388763247
3309,24325.78353980134
3310,24436.30734184699
3311,24547.088872714252
3312,24659.125656951517
3313,24771.359595111753
3314,24883.791034119044
3315,24996.536540532863
3316,25110.497019397797
3317,25224.658037308196
3318,25339.019947144698
3319,25453.783258243846
3320,25569.690393175108
3321,25685.801492678027
3322,25802.11691566088
3323,25918.952341349213
3324,26036.829304426265
3325,26154.91369837551
3326,26273.205888204557
3327,26392.168217150953
3328,26512.038394117404
3329,26632.119509406875
3330,26752.411934198684
3331,26873.55643213453
3332,26995.44342552893
3333,27117.544906228963
3334,27239.86125165859
3335,27363.243659990763
3336,27487.171292389525
3337,27611.31700299524
3338,27735.681175550566
3339,27861.48539523491
3340,27987.616671383206
3341,28113.969903480534
3342,28240.545482092923
3343,28368.28806224158
3344,28496.653004297594
3345,28625.243832872937
3346,28754.06094544971
3347,28883.791126687225
3348,29014.420404176522
3349,29145.279552722626
3350,29276.36897681887
3351,29408.135546049325
3352,29541.06052136446
3353,29674.219407460325
3354,29807.61261593862
3355,29941.463802764647
3356,30076.716581379904
3357,30212.207366993905
3358,30347.93657841602
3359,30483.91993815043
3360,30621.533424117933
3361,30759.3890712014
3362,30897.48730551975
3363,31035.82855394154
3364,31175.695304093253
3365,31315.992903676703
3366,31456.537387577504
3367,31597.329190225428
3368,31739.292652886783
3369,31882.06216480284
3370,32025.08291083675
3371,32168.355333072173
3372,32312.479869042436
3373,32457.75163227254
3374,32603.279032806113
3375,32749.062520474625
3376,32895.41277341185
3377,33043.21752262471
3378,33191.282366408006
3379,33339.60776243618
3380,33488.24863149264
3381,33638.61751499548
3382,33789.25100514483
3383,33940.14956755456
3384,34091.31366865775
3385,34244.22946200701
3386,34397.596695396285
3387,34551.23381158197
3388,34705.1412854617
3389,34860.02866409383
3390,35016.194125318354
3391,35172.63439334663
3392,35329.34995174037
3393,35486.341284912276
3394,35645.13995901325
3395,35804.41588759198
3396,35963.97209641034
3397,36123.80907866114
3398,36284.612613433914
3399,36446.75694767556
3400,36609.18660964949
3401,36771.90210143007
3402,36934.903925974795
3403,37099.837690216365
3404,37265.17384696284
3405,37430.800948030235
3406,37596.71950537561
3407,37763.83968888213
3408,37932.11562298522
3409,38100.68767448774
3410,38269.556364449214
3411,38438.9459685656
3412,38610.19520567079
3413,38781.745792245696
3414,38953.59825855607
3415,39125.75313580068
3416,39299.59731086088
3417,39474.1602627463
3418,39649.030395171394
3419,39824.208248662086
3420,40000.508097227204
3421,40178.11749238728
3422,40356.03942885476
3423,40534.27445658817
3424,40713.115161580376
3425,40893.805327844624
3426,41074.81345658708
3427,41256.14010730523
3428,41437.78584048102
3429,41621.413902277505
3430,41805.54380742086
3431,41989.99772786329
3432,42174.776233752666
3433,42361.13265310315
3434,42548.419229245024
3435,42736.035375409745
3436,42923.98167151901
3437,43113.15381216187
3438,43303.632211757045
3439,43494.44579795266
3440,43685.595160553275
3441,43877.671033996725
3442,44071.37666952619
3443,44265.42317054498
3444,44459.81113685003
3445,44654.88103568799
3446,44851.858787966776
3447,45049.18316359667
3448,45246.85477250576
3449,45444.976571535866
3450,45645.262800659744
3451,45845.90147497498
3452,46046.89321465371
3453,46248.23864095906
3454,46451.787594737085
3455,46655.77727302681
3456,46860.125913350275
3457,47064.83414734611
3458,47271.63352873036
3459,47479.01120029864
3460,47686.7537956564
3461,47894.8619569325
3462,48105.23171776544
3463,48316.30462385146
3464,48527.748956132375
3465,48739.56536817826
3466,48952.4036165548
3467,49167.21271179747
3468,49382.39980770325
3469,49597.96556941052
3470,49813.91066322756
3471,50031.96334703328
3472,50250.93452083587
3473,50470.29101917187
3474,50690.03352006619
3475,50910.78605399247
3476,51133.582910608806
3477,51356.77182369752
3478,51580.353483128725
3479,51804.3285799864
3480,52030.57642866844
3481,52257.6397289283
3482,52485.10259316831
3483,52712.96572446831
3484,52942.14815585174
3485,53173.128113179926
3486,53404.51452650276
3487,53636.308111026956
3488,53868.53279549986
3489,54103.471980501236
3490,54338.82458841768
3491,54574.59134671447
3492,54810.77298413685
3493,55048.907954723145
3494,55288.269707259606
3495,55528.0526649288
3496,55768.25756888906
3497,56009.67427419981
3498,56253.088429223426
3499,56496.93092024694
3500,56741.20250097585
3501,56986.01078723904
3502,57233.52091383077
3503,57481.46658395225
3504,57729.84856399087
3505,57978.66762168232
3506,58229.80893010374
3507,58481.901740257585
3508,58734.43815789219
3509,58987.41896358326
3510,59242.19585342948
3511,59498.48008322155
3512,59755.215295970134
3513,60012.40228522871
3514,60270.92666311953
3515,60531.446914362066
3516,60792.42560251635
3517,61053.863534251315
3518,61316.247940668465
3519,61581.049140971314
3520,61846.316311193565
3521,62112.05027125869
3522,62378.40786871241
3523,62647.53527513207
3524,62917.13626411086
3525,63187.21166896676
3526,63457.76232448408
3527,63731.16696610044
3528,64005.159515183426
3529,64279.63420777827
3530,64554.591892266144
3531,64832.1825752865
3532,65110.61302565193
3533,65389.53342870326
3534,65668.94464656207
3535,65950.83640131277
3536,66233.75144007853
3537,66517.16432285238
3538,66801.07592564051
3539,67087.40542225316
3540,67374.88019348947
3541,67662.86083227908
3542,67951.34822874602
3543,68242.12414623227
3544,68534.20600450535
3545,68826.80183719913
3546,69119.91254870189
3547,69415.254135451
3548,69711.99077731409
3549,70009.24958438899
3550,70307.0314754758
3551,70607.0585526108
3552,70908.4980200968
3553,71210.46792811739
3554,71512.96921003294
3555,71817.80216206785
3556,72123.99284622815
3557,72430.72233139125
3558,72737.99156562767
3559,73047.75133159387
3560,73358.74197608142
3561,73670.27986780545
3562,73982.36596969803
3563,74297.17403474492
3564,74613.01373944306
3565,74929.40922400405
3566,75246.36146637324
3567,75566.33985384133
3568,75887.07807853902
3569,76208.38070275146
3570,76530.40551561223
3571,76855.5199835563
3572,77181.20655167144
3573,77507.46622661856
3574,77834.88301312101
3575,78164.98723512144
3576,78495.6723374732
3577,78826.93934228555
3578,79159.87159185557
3579,79495.01604114726
3580,79830.7502397787
3581,80167.07522546432
3582,80505.64693680652
3583,80845.88246106508
3584,81186.71669311897
3585,81528.15068644505
3586,81872.48636193117
3587,82217.86418719564
3588,82563.8497688438
3589,82910.71289435268
3590,83260.66881679739
3591,83611.2405514476
3592,83962.42918187512
3593,84315.28228194147
3594,84670.47489386176
3595,85026.29253265327
3596,85382.7362981006
3597,85741.70524177866
3598,86102.18683638965
3599,86463.30276454735
3600,86825.08462034611
3601,87190.26528257724
3602,87556.08854702517
3603,87922.55554439848
3604,88290.68163619997
3605,88661.2475774469
3606,89032.46559701966
3607,89404.3368422998
3608,89778.93435970356
3609,90154.93897372359
3610,90531.60523612473
3611,90909.30396423227
3612,91290.1309168799
3613,91671.62800347415
3614,92053.79640316493
3615,92438.19723275874
3616,92824.56112527245
3617,93211.60489468816
3618,93599.32973729823
3619,93990.56114415704
3620,94382.51650576002
3621,94775.16158316386
3622,95169.78516024703
3623,95566.68851643661
3624,95964.29029508332
3625,96362.59172511012
3626,96765.01763191073
3627,97168.40831700261
3628,97572.50883985616
3629,97977.32044947904
3630,98384.59027509761
3631,98794.53104203937
3632,99205.19317246004
3633,99616.57793564642
3634,100028.86759883437
3635,100445.44094788277
3636,100862.74733128851
3637,101280.78803887308
3638,101699.56436272703
3639,102121.46833226515
3640,102545.4834370319
3641,102970.24467082112
3642,103395.7533464937
3643,103822.98142018587
3644,104253.77015799994
3645,104685.31694389047
3646,105117.62311168964
3647,105550.6899975761
3648,105987.97783720864
3649,106426.3756509915
3650,106865.54490191114
3651,107305.48694735675
3652,107748.47849486356
3653,108193.79326816519
3654,108639.89164983643
3655,109086.77501868077
3656,109535.64583196581
3657,109987.94395830184
3658,110441.03798105693
3659,110894.9293006554
3660,111349.8552351078
3661,111809.20357604718
3662,112269.36021909576
3663,112730.32658650505
3664,113192.10410302888
3665,113657.94967393346
3666,114125.23639164338
3667,114593.3453799144
3668,115062.27808557461
3669,115534.56150974281
3670,116009.04623803329
3671,116484.36590261554
3672,116960.52197260223
3673,117439.42005512632
3674,117921.17121797476
3675,118403.77010323452
3676,118887.21820251447
3677,119372.90800548038
3678,119861.99452154685
3679,120351.94166740292
3680,120842.75095736721
3681,121335.40979109882
3682,121831.90108047203
3683,122329.26602915426
3684,122827.5061743882
3685,123327.31158960928
3686,123831.27758067999
3687,124336.13038361359
3688,124841.87155879443
3689,125349.00133971278
3690,125860.51247617626
3691,126372.92370099833
3692,126886.23659792225
3693,127400.89769540934
3694,127920.30363722966
3695,128440.62355917224
3696,128961.85906942177
3697,129484.01177899266
3698,130010.66214622182
3699,130538.96362356562
3700,131068.19473361068
3701,131598.3571120812
3702,132132.00541087528
3703,132668.36175925704
3704,133205.66191372793
3705,133743.907534949
3706,134284.75242925543
3707,134829.23742661966
3708,135374.68053326738
3709,135921.08343502483
3710,136469.32378882656
3711,137022.01168048123
3712,137575.67211524246
3713,138130.30680433143
3714,138686.14166642947
3715,139247.1071701591
3716,139809.05978227797
3717,140372.00123963362
3718,140935.93328212952
3719,141504.94814045678
3720,142075.26825764572
3721,142646.5919435129
3722,143218.9209638666
3723,143795.96043364206
3724,144374.72386726967
3725,144954.5057264001
3726,145535.30780298053
3727,146120.57149239402
3728,146707.85454269918
3729,147296.17100957478
3730,147885.52271134325
3731,148479.89685839316
3732,149076.70273686905
3733,149674.55878827
3734,150273.46686040002
3735,150873.4288043134
3736,151479.30962155294
3737,152086.78790552504
3738,152695.33514147255
3739,153304.95321023892
3740,153916.1950607714
3741,154533.37865329307
3742,155151.6482751993
3743,155771.0058373797
3744,156391.45325408533
3745,157014.8524236945
3746,157642.92808901187
3747,158272.10894924426
3748,158902.39694900048
3749,159533.79403631025
3750,160169.69749474825
3751,160808.78590038948
3752,161448.99887877578
3753,162090.3384086092
3754,162732.80647207232
3755,163381.56111633923
3756,164031.7839190683
3757,164683.15088641318
3758,165335.66403154508
3759,165990.96007580645
3760,166651.27800533918
3761,167312.7578627354
3762,167975.40169241783
3763,168639.21154240696
3764,169308.0081172898
3765,169979.6867814285
3766,170652.54736351222
3767,171326.59194313415
3768,172002.5022654613
3769,172684.46612376528
3770,173367.6299976592
3771,174051.9959985773
3772,174737.56624166726
3773,175427.62539710122
3774,176121.17958033681
3775,176815.95417317643
3776,177511.95132293433
3777,178209.69512554223
3778,178913.7271203161
3779,179618.99796122135
3780,180325.50982800915
3781,181033.2649042644
3782,181745.80464224337
3783,182461.65987940796
3784,183178.77476650194
3785,183897.15151987714
3786,184617.94518107103
3787,185344.47346125115
3788,186072.28017136757
3789,186801.367560813
3790,187531.7378829377
3791,188267.97325328484
3792,189006.56109508488
3793,189746.44858638567
3794,190487.63801391234
3795,191232.83773095303
3796,191982.61204355062
3797,192733.70568904388
3798,193486.12098878817
3799,194239.86026822226
3800,195000.2312133945
3801,195762.6225558766
3802,196526.35543168802
3803,197291.43220124187
3804,198059.98780845953
3805,198833.76891996915
3806,199608.91160587073
3807,200385.41826183637
3808,201163.29128775274
3809,201947.71515598622
3810,202734.36042272334
3811,203522.38989905897
3812,204311.80602048794
3813,205105.0322886196
3814,205903.27345023316
3815,206702.91922514772
3816,207503.97208475528
3817,208306.43450479556
3818,209116.22292274277
3819,209927.57902529417
3820,210740.36281756335
3821,211554.57681154137
3822,212373.7817519803
3823,213196.9427686794
3824,214021.55224652795
3825,214847.61273406033
3826,215676.52353934303
3827,216511.58462076995
3828,217348.11510217536
3829,218186.11756893215
3830,219025.5946109601
3831,219872.07945683293
3832,220720.62683146476
3833,221570.6673358124
3834,222422.20359699623
3835,223279.0028766396
3836,224139.66361250027
3837,225001.8387921562
3838,225865.53108022566
3839,226732.93122032416
3840,227605.80237039842
3841,228480.20944909062
3842,229356.1551588177
3843,230234.44158535096
3844,231119.6207942668
3845,232006.35758840712
3846,232894.6547082893
3847,233784.51489925187
3848,234681.69735527004
3849,235580.86228063735
3850,236481.60939959346
3851,237383.941495949
3852,238292.61132573598
3853,239204.30340417632
3854,240117.59971825796
3855,241032.50309057007
3856,241952.94279928866
3857,242877.2616654282
3858,243803.2069845452
3859,244730.78161831453
3860,245663.2727119568
3861,246600.31861993388
3862,247539.0133745961
3863,248479.35987701642
3864,249424.18286424305
3865,250374.05669445923
3866,251325.6019425427
3867,252278.82154927542
3868,253236.25594412792
3869,254199.05921002055
3870,255163.5566435494
3871,256129.75122551966
3872,257100.35832603864
3873,258076.9190884874
3874,259055.1982253742
3875,260035.19876009086
3876,261016.92372134712
3877,262006.89461806443
3878,262999.0628319768
3879,263992.9768820021
3880,264988.63983984466
3881,265989.63518220326
3882,266995.800566901
3883,268003.7364161575
3884,269013.4458450048
3885,270025.79059400794
3886,271046.06197725807
3887,272068.12864496553
3888,273091.99375582585
3889,274117.6604740927
3890,275150.49808936846
3891,276186.8053444958
3892,277224.9360994469
3893,278264.89356255595
3894,279309.76044681616
3895,280360.4188230198
3896,281412.92595016956
3897,282467.28508102376
3898,283524.5011512149
3899,284589.62196223915
3900,285656.6169711562
3901,286725.48947549134
3902,287796.2427785703
3903,288875.06826140237
3904,289956.6634590239
3905,291040.1618413484
3906,292125.5667568954
3907,293217.4118844501
3908,294313.72039149277
3909,295411.95797152526
3910,296512.1280186105
3911,297617.3077102923
3912,298728.4434781939
3913,299841.53440783435
3914,300956.5839391732
3915,302075.7498593653
3916,303203.1512488009
3917,304332.53641962423
3918,305463.9088621429
3919,306597.2720728055
3920,307735.41299517005
3921,308881.20548488473
3922,310029.0141152123
3923,311178.8424333885
3924,312330.6939928884
3925,313488.3402247044
3926,314652.69894717686
3927,315819.10647757474
3928,316987.56642060296
3929,318158.082387307
3930,319335.7608031784
3931,320518.862291584
3932,321704.0455657791
3933,322891.31428848306
3934,324080.67212885787
3935,325278.9061986296
3936,326480.9284062041
3937,327685.06569047814
3938,328891.32177273714
3939,330100.0327902426
3940,331319.0102004135
3941,332540.1325200068
3942,333763.4035227895
3943,334988.8269891667
3944,336219.0845220855
3945,337457.3090314313
3946,338697.7123152588
3947,339940.2982069088
3948,341185.0705464666
3949,342437.38784418756
3950,343695.0414640624
3951,344954.9080436595
3952,346216.9914764589
3953,347481.2956627894
3954,348756.18270120403
3955,350033.44893982145
3956,351312.96264621615
3957,352594.7277745746
3958,353881.92622000235
3959,355176.71180989896
3960,356473.77569269796
3961,357773.12187681266
3962,359074.754377707
3963,360385.4860885721
3964,361700.2207859628
3965,363017.2688762342
3966,364336.63442954415
3967,365660.59917819133
3968,366993.27594716544
3969,368328.2976778219
3970,369665.66849585506
3971,371005.39253421716
3972,372353.3729490966
3973,373706.4848847235
3974,375061.97773710615
3975,376419.85569519084
3976,377781.32296647126
3977,379152.6424784473
3978,380526.37494301784
3979,381902.52460548456
3980,383281.0957186171
3981,384667.5795758517
3982,386059.6700463757
3983,387454.2100152488
3984,388851.2037920618
3985,390252.10254618333
3986,391662.67024003854
3987,393075.719942401
3988,394491.2560200516
3989,395909.28284745314
3990,397336.18009299325
3991,398767.859788642
3992,400202.0586384659
3993,401638.78107458993
3994,403081.0016654598
3995,404531.43245453184
3996,405984.41538968135
3997,407439.9549610713
3998,408898.0556667623
3999,410367.2710364683
4000,411839.1933236375
4001,413313.70557011996
4002,414790.812332596
4003,416276.1218396922
4004,417767.11029953684
4005,419260.72226484487
4006,420756.9623513099
4007,422258.96145037544
4008,423769.6753687267
4009,425283.04749868205
4010,426799.0825169866
4011,428317.78510861157
4012,429846.53975541465
4013,431379.7995721688
4014,432915.7572687738
4015,434454.4175917537
4016,435998.5525316462
4017,437551.828337116
4018,439107.83723961556
4019,440666.5840476215
4020,442228.0735780684
4021,443799.9813691552
4022,445376.17079658486
4023,446955.1336361188
4024,448536.87476715253
4025,450125.1040422366
4026,451721.6041152677
4027,453320.9133358776
4028,454923.0366463228
4029,456528.03960447613
4030,458144.9812555409
4031,459764.7680199624
4032,461387.4049032633
4033,463012.89691977383
4034,464647.144238652
4035,466287.5405328756
4036,467930.82320717885
4037,469576.99733967724
4038,471228.9331254656
4039,472890.07176873344
4040,474554.13328690134
4041,476221.1228222811
4042,477891.18609579076
4043,479573.20075052645
4044,481258.175010083
4045,482946.1140813841
4046,484637.0231805106
4047,486337.7647103485
4048,488043.7864633767
4049,489752.81005969987
4050,491464.84078053985
4051,493184.5991705548
4052,494911.80403354036
4053,496642.0480099086
4054,498375.33644644025
4055,500114.53802571836
4056,501863.0624893479
4057,503614.66357652063
4058,505369.34670000104
4059,507128.49772327003
4060,508899.07067385357
4061,510672.7590405642
4062,512449.5683044063
4063,514229.50395602116
4064,516019.65629649855
4065,517815.5682909756
4066,519614.6402832236
4067,521416.877832665
4068,523225.707724575
4069,525043.9805799273
4070,526865.4527750636
4071,528690.1299386108
4072,530518.1106278612
4073,532358.8824721568
4074,534202.8932411949
4075,536050.148633235
4076,537900.6543565574
4077,539761.1579456967
4078,541627.8465661793
4079,543497.8197092203
4080,545371.0831532856
4081,547251.6884931717
4082,549141.1951590825
4083,551034.0264936854
4084,552930.1883460643
4085,554831.3532235621
4086,556743.8190551646
4087,558659.6499497998
4088,560578.8518276047
4089,562501.4306191286
4090,564436.5960179844
4091,566375.568778812
4092,568317.953238494
4093,570263.7553991969
4094,572220.4016418073
4095,574182.6595223945
4096,576148.3700694747
4097,578117.539357278
4098,580096.1094542705
4099,582081.7966652496
4100,584070.9777639984
4101,586063.6588972554
4102,588064.591019233
4103,590073.8527378888
4104,592086.6498209276
4105,594102.9884880432
4106,596127.1051879943
4107,598161.0542754228
4108,600198.5821618527
4109,602239.695143379
4110,604284.3995271694
4111,606342.3841322599
4112,608404.7851909723
4113,610470.815106187
4114,612540.4802620487
4115,614618.8052950107
4116,616706.2228835998
4117,618797.3133422238
4118,620892.0831324445
4119,622991.2766010363
4120,625103.8550763096
4121,627220.1506890322
4122,629340.1699786285
4123,631463.9194960268
4124,633598.6376093107
4125,635740.2839982241
4126,637885.6986653951
4127,640034.8882402031
4128,642191.5224687604
4129,644358.6662777017
4130,646529.6232241845
4131,648704.4000164941
4132,650883.4579289006
4133,653076.2468337024
4134,655272.8939950445
4135,657473.4062005724
4136,659677.7902498691
4137,661893.9714126046
4138,664116.4577683542
4139,666342.854628656
4140,668573.1688730556
4141,670812.7823424207
4142,673061.2579262566
4143,675313.68973887
4144,677570.0847402298
4145,679833.6186739054
4146,682108.2345836743
4147,684386.8527121744
4148,686669.4801002679
4149,688957.4163211605
4150,691258.3247288724
4151,693563.2816128858
4152,695872.2940954256
4153,698185.369311242
4154,700512.462363535
4155,702843.911528696
4156,705179.4629013129
4157,707519.1236981162
4158,709871.5786422932
4159,712229.6747101345
4160,714591.919866285
4161,716958.3214099298
4162,719336.6020115963
4163,721721.500709406
4164,724110.5956502403
4165,726503.8942162264
4166,728908.4583479665
4167,731320.3165185956
4168,733736.4183627922
4169,736156.7713461088
4170,738588.0710955664
4171,741027.0467072134
4172,743470.3137007748
4173,745917.879625713
4174,748376.3614030473
4175,750842.6135589847
4176,753313.2050849805
4177,755788.143614903
4178,758274.2482595999
4179,760767.9372078961
4180,763266.0137962054
4181,765768.485743295
4182,768282.6486302845
4183,770803.9357734884
4184,773329.6591105012
4185,775859.8264454871
4186,778402.4775905256
4187,780951.5254953394
4188,783505.0584336419
4189,786063.0842954991
4190,788634.6484597966
4191,791211.6208667253
4192,793793.1274347707
4193,796379.586631007
4194,798980.0729344449
4195,801585.1347674228
4196,804194.7801791725
4197,806810.9689956692
4198,809439.6612196675
4199,812072.9785957115
4200,814710.9292603054
4201,817357.6801324646
4202,820015.8580275438
4203,822678.7129487151
4204,825346.2531237234
4205,828020.181440577
4206,830708.0047203576
4207,833400.5571811277
4208,836097.8471423619
4209,838799.8829381628
4210,841517.1011005357
4211,844239.5123414296
4212,846966.7136129454
4213,849698.713341576
4214,852444.1428346082
4215,855196.5753523381
4216,857953.8507165874
4217,860715.9774467406
4218,863490.1216437094
4219,866272.7392012647
4220,869060.2527092015
4221,871852.670780302
4222,874656.0254923607
4223,877468.9931290722
4224,880286.9101102353
4225,883109.7851425384
4226,885942.8387755807
4227,888786.3228171599
4228,891634.8098897296
4229,894488.308794396
4230,897351.5425042679
4231,900225.710572818
4232,903104.9356536394
4233,905989.2266427827
4234,908883.1144888424
4235,911788.1355128721
4236,914698.2678274993
4237,917613.5204242339
4238,920538.529521235
4239,923474.573745646
4240,926415.7838383348
4241,929362.1688867986
4242,932318.759555065
4243,935285.9985511446
4244,938258.4582948687
4245,941236.1479702507
4246,944224.7738841688
4247,947223.380559582
4248,950227.2631660387
4249,953236.4309846044
4250,956259.1666676291
4251,959291.8575359388
4252,962329.8842980933
4253,965373.2563406159
4254,968421.9830665346
4255,971486.367402347
4256,974558.6851736685
4257,977636.4085517912
4258,980719.547045838
4259,983808.1547485664
4260,986914.9120331994
4261,990027.1355121403
4262,993144.8348010691
4263,996268.0195325759
4264,999399.798407612
4265,1002546.6724227926
4266,1005699.0832064935
4267,1008857.0404985128
4268,1012020.5540557707
4269,1015196.2422224008
4270,1018383.516891003
4271,1021576.3994015657
4272,1024774.8996188777
4273,1027979.027425075
4274,1031199.3486637056
4275,1034427.3107617061
4276,1037660.9522793499
4277,1040900.283207301
4278,1044147.7806573382
4279,1047410.9820924898
4280,1050679.9249410208
4281,1053954.619302624
4282,1057235.075294751
4283,1060528.595474621
4284,1063832.9956076862
4285,1067143.2096307494
4286,1070459.247770963
4287,1073781.336635455
4288,1077121.3516409858
4289,1080467.2431904755
4290,1083819.021621259
4291,1087176.6972888499
4292,1090546.1700933613
4293,1093927.8986807342
4294,1097315.5771939615
4295,1100709.2160994275
4296,1104108.82588192
4297,1107526.3448945323
4298,1110950.084940795
4299,1114379.8488185497
4300,1117815.6471241477
4301,1121264.2855135857
4302,1124725.301086237
4303,1128192.406065326
4304,1131665.611162523
4305,1135144.9271083365
4306,1138639.4560578081
4307,1142144.0500030124
4308,1145654.8100164968
4309,1149171.746944747
4310,1152694.8716533198
4311,1156236.0715972066
4312,1159784.5365098012
4313,1163339.2446669387
4314,1166900.2070508234
4315,1170469.804210446
4316,1174056.4412691705
4317,1177649.38872404
4318,1181248.6576753485
4319,1184854.2592429074
4320,1188470.9356164
4321,1192102.2706389334
4322,1195739.9946882029
4323,1199384.119002775
4324,1203034.6548409788
4325,1206699.192058931
4326,1210375.5216874133
4327,1214058.3194947406
4328,1217747.5968586693
4329,1221443.365176961
4330,1225156.527255603
4331,1228878.1512628852
4332,1232606.32312814
4333,1236341.0543692391
4334,1240084.2855288729
4335,1243844.8904120736
4336,1247612.1117264777
4337,1251385.9611105456
4338,1255166.4502231986
4339,1258959.7991662368
4340,1262766.226857139
4341,1266579.3515873428
4342,1270399.1851370502
4343,1274225.7393071812
4344,1278069.9193978333
4345,1281922.4786676608
4346,1285781.81612771
4347,1289647.943700887
4348,1293524.4274381022
4349,1297416.582438678
4350,1301315.5852835064
4351,1305221.4480179753
4352,1309134.1827086532
4353,1313062.8907342278
4354,1317001.7224468004
4355,1320947.4841128623
4356,1324900.1879221853
4357,1328862.619652342
4358,1332841.4457314978
4359,1336827.272118873
4360,1340820.1111279533
4361,1344819.975093876
4362,1348835.962030785
4363,1352862.0209560592
4364,1356895.163276437
4365,1360935.4014514985
4366,1364986.4675152586
4367,1369052.9288293142
4368,1373126.5446103928
4369,1377207.327443052
4370,1381295.289933978
4371,1385401.18371699
4372,1389515.4451535644
4373,1393636.945141259
4374,1397765.696412488
4375,1401908.5282945542
4376,1406064.6739687459
4377,1410228.1318724165
4378,1414398.9148675313
4379,1418577.035838671
4380,1422772.628526846
4381,1426978.2248611809
4382,1431191.2204121398
4383,1435411.628194643
4384,1439640.560106327
4385,1443888.443272403
4386,1448143.8000410432
4387,1452406.6435579672
4388,1456676.9869920039
4389,1460960.1030519186
4390,1465257.9724704463
4391,1469563.4034200842
4392,1473876.4092011563
4393,1478197.0031373745
4394,1482535.0385075489
4395,1486883.2113525968
4396,1491239.0342148151
4397,1495602.5205501162
4398,1499976.2819612413
4399,1504367.353918616
4400,1508766.1513551532
4401,1513172.6878594495
4402,1517586.9770439926
4403,1522017.1015538233
4404,1526459.033807395
4405,1530908.781004976
4406,1535366.3568924677
4407,1539833.7094184582
4408,1544318.9394724153
4409,1548812.0606330223
4410,1553313.086780096
4411,1557822.0318178546
4412,1562347.111791445
4413,1566883.7729219839
4414,1571428.4156272446
4415,1575981.0539461134
4416,1580544.7805439972
4417,1585125.1503808275
4418,1589713.5786771423
4419,1594310.0796070057
4420,1598914.6673694034
4421,1603537.4126219004
4422,1608169.7982692653
4423,1612810.3338719315
4424,1617459.033764837
4425,1622121.767109005
4426,1626798.284587979
4427,1631483.029650606
4428,1636176.016768308
4429,1640879.4098817608
4430,1645600.2363874523
4431,1650329.3684165094
4432,1655066.820577393
4433,1659812.6075042374
4434,1664576.8416937299
4435,1669350.540909516
4436,1674132.6386505533
4437,1678923.149688814
4438,1683729.2784849005
4439,1688547.7278165668
4440,1693374.6543883523
4441,1698210.0731106226
4442,1703058.7153501909
4443,1707922.100431273
4444,1712794.0417935345
4445,1717674.5544863103
4446,1722566.3121287487
4447,1727474.8212931806
4448,1732391.9661107897
4449,1737317.761770458
4450,1742253.2205289311
4451,1747207.044807563
4452,1752169.5844470486
4453,1757140.8547764043
4454,1762120.871151598
4455,1767120.7948393766
4456,1772129.8264060642
4457,1777147.6704401753
4458,1782174.3424414531
4459,1787215.8436486346
4460,1792271.5470535832
4461,1797336.145019605
4462,1802409.6531907688
4463,1807493.4250489275
4464,1812595.9829491056
4465,1817707.5178249204
4466,1822828.045465337
4467,1827957.5816870783
4468,1833104.3598390208
4469,1838263.0173554935
4470,1843430.750522348
4471,1848607.5753020288
4472,1853797.8933052346
4473,1859003.8619486191
4474,1864218.9894593228
4475,1869443.2919460922
4476,1874677.7893979708
4477,1879931.260412509
4478,1885193.9738473133
4479,1890465.9459580209
4480,1895747.1930288356
4481,1901046.412643978
4482,1906356.9063487637
4483,1911676.7427707436
4484,1917005.9383418723
4485,1922350.5102310746
4486,1927708.981320317
4487,1933076.8795143657
4488,1938454.2213935321
4489,1943844.7370411207
4490,1949251.385401051
4491,1954667.5456045924
4492,1960093.2343810222
4493,1965530.2697944876
4494,1970985.2980864523
4495,1976449.9233168936
4496,1981924.1623646887
4497,1987408.284089319
4498,1992912.121594604
4499,1998425.641887979
4500,2003948.861999246
4501,2009481.7989881325
4502,2015032.7132805905
4503,2020595.3314116823
4504,2026167.7357174465
4505,2031749.943409428
4506,2037348.2572693434
4507,2042960.1788945869
4508,2048581.9734125969
4509,2054213.658187362
4510,2059859.9312515894
4511,2065521.3649118454
4512,2071192.7585493391
4513,2076874.1296811479
4514,2082568.9070475886
4515,2088280.0641710816
4516,2094001.2687277356
4517,2099732.538388367
4518,2105476.351156833
4519,2111237.446062327
4520,2117008.676233436
4521,2122790.059495369
4522,2128583.4252942023
4523,2134394.6751943585
4524,2140216.1485741907
4525,2146047.8634139826
4526,2151891.286912799
4527,2157752.9119177186
4528,2163624.8490030807
4529,2169507.1163049173
4530,2175401.0897138007
4531,2181313.312834787
4532,2187235.9370287806
4533,2193168.980588246
4534,2199113.9841437517
4535,2205077.0312972576
4536,2211050.568913238
4537,2217034.6154412883
4538,2223031.117879549
4539,2229045.217891336
4540,2235069.8981570727
4541,2241105.1772841946
4542,2247153.6363014765
4543,2253219.0209109266
4544,2259295.075972941
4545,2265381.8202534993
4546,2271482.6829544813
4547,2277599.5868191905
4548,2283727.2517473293
4549,2289865.6966641545
4550,2296019.399998295
4551,2302188.060698771
4552,2308367.573490939
4553,2314557.9574600463
4554,2320764.928646246
4555,2326985.5866908724
4556,2333217.1882779677
4557,2339459.752653548
4558,2345720.409593489
4559,2351993.30842363
4560,2358277.242674712
4561,2364572.7056361646
4562,2370886.9834346576
4563,2377212.3694300028
4564,2383548.8831576137
4565,2389898.869370679
4566,2396265.791071321
4567,2402643.913555398
4568,2409033.2565210825
4569,2415438.156676008
4570,2421857.97410946
4571,2428289.085355362
4572,2434731.5102753984
4573,2441191.7073001107
4574,2447664.6752473307
4575,2454149.0304836296
4576,2460645.7473200276
4577,2467160.6624555206
4578,2473687.0386538473
4579,2480224.896070662
4580,2486778.3365472783
4581,2493348.297432571
4582,2499929.816190316
4583,2506522.9131463217
4584,2513128.3016547635
4585,2519753.52009502
4586,2526390.393589319
4587,2533038.942634252
4588,2539699.187762455
4589,2546377.6020451062
4590,2553070.046330153
4591,2559774.2638976444
4592,2566490.2754519884
4593,2573221.8069146597
4594,2579970.041911663
4595,2586730.1483091507
4596,2593502.146983957
4597,2600287.391177618
4598,2607091.6406652206
4599,2613907.8600643324
4600,2620736.070424926
4601,2627576.292833991
4602,2634436.0965423435
4603,2641308.656969761
4604,2648193.307443293
4605,2655090.0692240433
4606,2662004.6578776254
4607,2668933.791206434
4608,2675875.1140731866
4609,2682828.647913849
4610,2689798.568127939
4611,2696784.510069397
4612,2703782.7414545864
4613,2710793.2838950627
4614,2717819.066588423
4615,2724862.056684202
4616,2731917.436550172
4617,2738985.2279742253
4618,2746067.3890860556
4619,2753167.6707009156
4620,2760280.4428398362
4621,2767405.727467784
4622,2774544.7686515735
4623,2781702.5889664963
4624,2788873.0009934693
4625,2796056.0268752594
4626,2803252.4361702786
4627,2810468.0461760587
4628,2817696.349522657
4629,2824937.368531445
4630,2832191.621012585
4631,2839465.2755037774
4632,2846751.725412035
4633,2854050.9932381217
4634,2861363.551644631
4635,2868695.509214008
4636,2876040.364730829
4637,2883398.1408760613
4638,2890769.4562199516
4639,2898159.9792533033
4640,2905563.503225298
4641,2912980.0509978947
4642,2920410.5631524846
4643,2927859.9178238832
4644,2935322.376892603
4645,2942797.9634023854
4646,2950288.101671659
4647,2957796.5579391164
4648,2965318.222536665
4649,2972853.1186906854
4650,2980403.302360072
4651,2987971.1339615867
4652,2995552.2783066933
4653,3003146.7588052875
4654,3010757.3976743547
4655,3018384.88212434
4656,3026025.7842188072
4657,3033680.127551994
4658,3041351.6224496686
4659,3049039.041035778
4660,3056739.9826612673
4661,3064454.4711055756
4662,3072187.214388326
4663,3079934.8521686546
4664,3087696.118883901
4665,3095471.038499551
4666,3103265.4145331434
4667,3111073.5603338378
4668,3118895.441472209
4669,3126732.3392694867
4670,3134587.467725977
4671,3142456.4141391
4672,3150339.2028064993
4673,3158238.504875059
4674,3166154.623051634
4675,3174084.666433477
4676,3182028.659506676
4677,3189991.9428336886
4678,3197970.96424595
4679,3205964.0214772862
4680,3213971.139208163
4681,3221992.342162402
4682,3230033.9312597653
4683,3238090.212851902
4684,3246160.6661211746
4685,3254245.3159867525
4686,3262345.0146858147
4687,3270464.7371407025
4688,3278598.7428302527
4689,3286747.056869656
4690,3294909.7044182597
4691,3303089.074001533
4692,3311286.854933751
4693,3319499.056360426
4694,3327725.7036379217
4695,3335966.822167186
4696,3344226.4726466956
4697,3352502.790565891
4698,3360793.667079624
4699,3369099.1277869334
4700,3377419.198331815
4701,3385759.934875406
4702,3394115.4949002457
4703,3402485.752858611
4704,3410870.734594358
4705,3419271.402721354
4706,3427691.8700327217
4707,3436127.1494102464
4708,3444577.26689832
4709,3453042.248587066
4710,3461524.297962383
4711,3470024.829191006
4712,3478540.313267691
4713,3487070.776484177
4714,3495616.245178361
4715,3504180.28846983
4716,3512761.376179371
4717,3521357.558383816
4718,3529968.86162373
4719,3538595.312486344
4720,3547241.944184193
4721,3555904.0889906846
4722,3564581.4708179566
4723,3573274.1164569804
4724,3581983.4934561807
4725,3590711.8505696654
4726,3599455.561127444
4727,3608214.652125028
4728,3616989.150605389
4729,3625782.314428321
4730,3634592.6099001593
4731,3643418.4028894757
4732,3652259.720644894
4733,3661116.94233348
4734,3669994.0848841
4735,3678886.8424899536
4736,3687795.2426061686
4737,3696719.312736123
4738,3705661.4455825496
4739,3714621.4363639336
4740,3723597.187871275
4741,3732588.727815609
4742,3741596.144548766
4743,3750623.6429431303
4744,3759667.020760711
4745,3768726.3059210614
4746,3777801.5263928156
4747,3786894.914891909
4748,3796006.1997737554
4749,3805133.511396909
4750,3814276.877939728
4751,3823436.7002901523
4752,3832616.1787729235
4753,3841811.8038984477
4754,3851023.6040557087
4755,3860251.607683593
4756,3869498.4081150633
4757,3878762.6395248002
4758,3888043.166592227
4759,3897340.0179681065
4760,3906654.3357314947
4761,3915987.4719006447
4762,3925337.0248773172
4763,3934703.0235250797
4764,3944085.49675824
4765,3953487.753208995
4766,3962906.636750048
4767,3972342.0878595556
4768,3981794.1356659504
4769,3991264.9351770887
4770,4000753.4595480226
4771,4010258.6739293695
4772,4019780.607664605
4773,4029320.470017409
4774,4038878.951050001
4775,4048454.245089294
4776,4058046.3816948202
4777,4067655.8113257894
4778,4077284.570375533
4779,4086930.265992301
4780,4096592.9279527003
4781,4106272.5860856026
4782,4115971.7788434126
4783,4125688.203449485
4784,4135421.718751254
4785,4145172.3547960087
4786,4154942.040790815
4787,4164729.5272507477
4788,4174534.229342674
4789,4184356.177333373
4790,4194196.8243548297
4791,4204055.710947685
4792,4213931.938702611
4793,4223825.538106877
4794,4233737.699717297
4795,4243668.531611429
4796,4253616.831155356
4797,4263582.629058519
4798,4273565.956084263
4799,4283569.143389031
4800,4293589.960888568
4801,4303628.404240699
4802,4313684.504432726
4803,4323758.789414152
4804,4333852.424259631
4805,4343963.812976376
4806,4354092.986776541
4807,4364239.976927066
4808,4374405.817894245
4809,4384590.458901173
4810,4394793.013773548
4811,4405013.51400453
4812,4415251.991142539
4813,4425509.938563962
4814,4435786.188901697
4815,4446080.51415791
4816,4456392.946108582
4817,4466723.842944827
4818,4477074.109980209
4819,4487442.582057573
4820,4497829.291181458
4821,4508234.269412581
4822,4518658.370610073
4823,4529101.318068737
4824,4539562.633502501
4825,4550042.349202006
4826,4560540.561537946
4827,4571058.31961847
4828,4581594.577190883
4829,4592149.366776847
4830,4602722.720955094
4831,4613315.182489642
4832,4623926.724640681
4833,4634556.931153939
4834,4645205.834840577
4835,4655873.502045696
4836,4666560.6777484445
4837,4677266.650774412
4838,4687991.4541683
4839,4698735.1210328
4840,4709498.051676989
4841,4720280.168677094
4842,4731081.249902077
4843,4741901.328689688
4844,4752740.438436272
4845,4763599.020031963
4846,4774476.724323011
4847,4785373.56087445
4848,4796289.563319122
4849,4807224.847452535
4850,4818179.526976226
4851,4829153.474075959
4852,4840146.72262219
4853,4851159.306544894
4854,4862191.306166674
4855,4873242.723450986
4856,4884313.578366076
4857,4895403.905081029
4858,4906513.710233755
4859,4917642.964102247
4860,4928791.792428681
4861,4939960.229622393
4862,4951148.310153185
4863,4962355.852284227
4864,4973583.027754406
4865,4984829.949815042
4866,4996096.653177734
4867,5007383.046540397
4868,5018688.949494473
4869,5030014.737429533
4870,5041360.4453001665
4871,5052726.1081223795
4872,5064111.226082275
4873,5075516.267439621
4874,5086941.368046054
4875,5098386.563162198
4876,5109851.53024726
4877,5121336.219039039
4878,5132841.107084786
4879,5144366.229890905
4880,5155911.5399701875
4881,5167476.276599796
4882,5179061.353190795
4883,5190666.805496639
4884,5202292.669333605
4885,5213938.130575226
4886,5225603.803149645
4887,5237289.99310831
4888,5248996.736516188
4889,5260723.379018658
4890,5272469.846788007
4891,5284236.973959636
4892,5296024.796847854
4893,5307833.351830779
4894,5319661.717397991
4895,5331510.155834949
4896,5343379.432912027
4897,5355269.585258229
4898,5367180.649566903
4899,5379111.320213863
4900,5391062.434008283
4901,5403034.5669172695
4902,5415027.755886716
4903,5427042.037927334
4904,5439075.585329985
4905,5451130.089697631
4906,5463205.794909391
4907,5475302.738230207
4908,5487420.6696360335
4909,5499557.943922815
4910,5511716.56453636
4911,5523896.568997018
4912,5536097.994890954
4913,5548319.918919034
4914,5560561.861545365
4915,5572825.33447011
4916,5585110.375536587
4917,5597417.022654496
4918,5609743.483062545
4919,5622090.8391189575
4920,5634459.910752942
4921,5646850.736133011
4922,5659263.227938579
4923,5671694.889021397
4924,5684148.413857682
4925,5696623.840876127
4926,5709121.208572825
4927,5721639.293154327
4928,5734177.70095617
4929,5746738.160130111
4930,5759320.709434136
4931,5771925.3876943225
4932,5784549.592152086
4933,5797195.521032788
4934,5809863.690262974
4935,5822554.138932367
4936,5835265.8552561365
4937,5847997.50863763
4938,5860751.553034122
4939,5873528.027799788
4940,5886326.972357951
4941,5899146.4366841605
4942,5911986.791307316
4943,5924849.727992743
4944,5937735.286429982
4945,5950643.506378285
4946,5963571.267371833
4947,5976521.109165373
4948,5989493.725447446
4949,6002489.156245388
4950,6015506.846744139
4951,6028544.04407799
4952,6041604.169427174
4953,6054687.263088499
4954,6067793.36542946
4955,6080920.409841921
4956,6094068.502621213
4957,6107239.718312879
4958,6120434.097555809
4959,6133651.681060166
4960,6146888.546778346
4961,6160148.27556186
4962,6173431.323453835
4963,6186737.731437476
4964,6200066.355285997
4965,6213415.065474281
4966,6226787.251149624
4967,6240182.953569719
4968,6253602.214064627
4969,6267041.998718146
4970,6280503.798358704
4971,6293989.272232313
4972,6307498.461945438
4973,6321030.992972961
4974,6334582.889702863
4975,6348158.619001485
4976,6361758.222753206
4977,6375381.742915865
4978,6389026.457703187
4979,6402692.933252354
4980,6416383.442729086
4981,6430098.028371095
4982,6443836.44370277
4983,6457594.163086438
4984,6471376.076744858
4985,6485182.2271971945
4986,6499012.657037169
4987,6512864.266193154
4988,6526738.089169078
4989,6540636.310453511
4990,6554558.972923619
4991,6568505.210649809
4992,6582471.454671526
4993,6596462.259413868
4994,6610477.668039061
4995,6624517.723785011
4996,6638578.158969991
4997,6652662.066317624
4998,6666770.7411558
4999,6680904.227009529
5000,6695060.199523342
5001,6709237.73506684
5002,6723440.2026303895
5003,6737667.646027766
5004,6751919.586174285
5005,6766191.281873139
5006,6780488.075054588
5007,6794810.009822743
5008,6809157.130359053
5009,6823524.7358579105
5010,6837916.393859275
5011,6852333.360145924
5012,6866775.6791918175
5013,6881240.139608573
5014,6895727.207874619
5015,6910239.752081134
5016,6924777.816996291
5017,6939339.549694457
5018,6953922.579849411
5019,6968531.254567504
5020,6983165.618912781
5021,6997825.037144699
5022,7012504.586932585
5023,7027209.950884508
5024,7041941.17436202
5025,7056698.302806327
5026,7071475.32111946
5027,7086277.939101426
5028,7101106.587497955
5029,7115961.312050077
5030,7130836.8896650905
5031,7145737.332494144
5032,7160663.977627832
5033,7175616.871108725
5034,7190591.415467484
5035,7205590.259931325
5036,7220615.479601423
5037,7235667.120823672
5038,7250741.037422308
5039,7265838.866232276
5040,7280963.244172028
5041,7296114.217892598
5042,7311287.910751784
5043,7326485.312498585
5044,7341709.438330892
5045,7356960.335206699
5046,7372234.207309018
5047,7387531.7764213905
5048,7402856.245617449
5049,7418207.662163955
5050,7433582.1158603635
5051,7448980.452566366
5052,7464405.86640686
5053,7479858.404959139
5054,7495333.84234664
5055,7510833.552637651
5056,7526360.518176623
5057,7541914.786853299
5058,7557491.610125675
5059,7573093.305722809
5060,7588722.435754089
5061,7604379.048423594
5062,7620057.660196967
5063,7635761.958519994
5064,7651493.871546009
5065,7667253.447795354
5066,7683034.251410241
5067,7698841.775548779
5068,7714677.095751797
5069,7730540.211428099
5070,7746423.660659102
5071,7762335.039346171
5072,7778274.396561739
5073,7794240.428184134
5074,7810228.183060928
5075,7826244.050648665
5076,7842288.08034122
5077,7858357.432772852
5078,7874450.132124324
5079,7890571.1285618
5080,7906720.471802499
5081,7922893.551682975
5082,7939091.839904992
5083,7955318.610717983
5084,7971573.914164509
5085,7987851.130113731
5086,8004155.657151131
5087,8020488.8534240695
5088,8036849.917197734
5089,8053232.532109153
5090,8069643.953439413
5091,8086084.23179904
5092,8102550.159105157
5093,8119040.140683158
5094,8135559.117302015
5095,8152107.139903035
5096,8168678.344357675
5097,8185276.357937126
5098,8201903.556345964
5099,8218559.4966437435
5100,8235236.888769389
5101,8251943.605170348
5102,8268679.697365316
5103,8285441.648036496
5104,8302228.2274656035
5105,8319044.322984009
5106,8335889.986446782
5107,8352758.367675767
5108,8369654.8149794685
5109,8386580.971379592
5110,8403534.973803626
5111,8420512.124141555
5112,8437519.125343652
5113,8454556.029852057
5114,8471614.89300629
5115,8488699.568603178
5116,8505814.283946272
5117,8522959.091808898
5118,8540134.045057023
5119,8557330.766234446
5120,8574553.809179675
5121,8591807.134932803
5122,8609090.796693368
5123,8626404.847754294
5124,8643739.983887458
5125,8661102.44684159
5126,8678495.43751046
5127,8695919.009523118
5128,8713373.216602603
5129,8730847.32970433
5130,8748350.274200434
5131,8765883.99317883
5132,8783448.540701242
5133,8801043.970924124
5134,8818657.628625458
5135,8836302.124849891
5136,8853977.64419998
5137,8871684.241173329
5138,8889419.838624425
5139,8907175.746370299
5140,8924962.872934861
5141,8942781.273158886
5142,8960631.001979226
5143,8978507.216015732
5144,8996406.588904047
5145,9014337.432607852
5146,9032299.802409645
5147,9050293.753688926
5148,9068310.994782794
5149,9086354.637826277
5150,9104430.005091242
5151,9122537.152304439
5152,9140676.135290414
5153,9158836.217964184
5154,9177025.25097471
5155,9195246.263575269
5156,9213499.311940381
5157,9231784.452342993
5158,9250087.888909139
5159,9268423.442543946
5160,9286791.233118925
5161,9305191.31725974
5162,9323620.281307463
5163,9342071.057740018
5164,9360554.273483
5165,9379069.985516803
5166,9397618.25092164
5167,9416191.491745576
5168,9434790.821671097
5169,9453422.851819636
5170,9472087.63962895
5171,9490785.242637414
5172,9509503.280820841
5173,9528252.325307561
5174,9547034.3329646
5175,9565849.361690555
5176,9584694.069038162
5177,9603560.83002813
5178,9622460.760928165
5179,9641393.919999294
5180,9660360.365604594
5181,9679350.47033489
5182,9698368.509564016
5183,9717419.984387454
5184,9736504.953531824
5185,9755623.47582677
5186,9774761.559981462
5187,9793932.058479292
5188,9813136.260325052
5189,9832374.22471465
5190,9851642.346538737
5191,9870932.582520476
5192,9890256.732127601
5193,9909614.854924535
5194,9929007.010580188
5195,9948424.012071237
5196,9967868.830344485
5197,9987347.833716404
5198,10006861.08222721
5199,10026408.636022426
5200,10045975.032032868
5201,10065575.643954221
5202,10085210.714569889
5203,10104880.30439963
5204,10124577.830256129
5205,10144300.784464717
5206,10164058.412208358
5207,10183850.774383219
5208,10203677.931992264
5209,10223525.77036285
5210,10243406.69599171
5211,10263322.572566511
5212,10283273.461469611
5213,10303253.133347634
5214,10323258.103318024
5215,10343298.242056588
5216,10363373.611327298
5217,10383484.273002427
5218,10403615.188407417
5219,10423780.342751289
5220,10443980.947150853
5221,10464217.063863035
5222,10484480.522551116
5223,10504771.451591957
5224,10525098.05154158
5225,10545460.385043863
5226,10565856.694338951
5227,10586274.162794426
5228,10606727.52435115
5229,10627216.842042215
5230,10647742.17901125
5231,10668291.088060811
5232,10688871.982896585
5233,10709489.057799898
5234,10730142.376306707
5235,10750824.856774075
5236,10771534.062157983
5237,10792279.672903903
5238,10813061.752942419
5239,10833878.116177158
5240,10854716.414960617
5241,10875591.345771506
5242,10896502.972937476
5243,10917451.360899009
5244,10938421.712143525
5245,10959426.752821708
5246,10980468.718300594
5247,11001547.673420776
5248,11022652.64271598
5249,11043788.588634163
5250,11064961.689191464
5251,11086172.009631079
5252,11107411.914002987
5253,11128679.56609745
5254,11149984.604071934
5255,11171327.09357471
5256,11192702.253870672
5257,11214102.426141951
5258,11235540.216959493
5259,11257015.692379182
5260,11278526.40369042
5261,11300059.916123543
5262,11321631.281205028
5263,11343240.565400822
5264,11364887.124723382
5265,11386554.802878829
5266,11408260.569230339
5267,11430004.490656313
5268,11451786.63415242
5269,11473589.249810418
5270,11495429.604748702
5271,11517308.351045175
5272,11539225.556109343
5273,11561166.820851613
5274,11583142.586176734
5275,11605156.980582546
5276,11627210.071894811
5277,11649290.289234687
5278,11671402.292295853
5279,11693553.163608612
5280,11715742.971417582
5281,11737962.446875926
5282,11760211.520573996
5283,11782499.70315264
5284,11804827.063277887
5285,11827186.104489116
5286,11849573.087281002
5287,11871999.421050152
5288,11894465.174886607
5289,11916964.091694398
5290,11939489.827599507
5291,11962055.158056054
5292,11984660.15258062
5293,12007299.25712414
5294,12029964.59573208
5295,12052669.773952827
5296,12075414.861731987
5297,12098194.468523528
5298,12121000.265003823
5299,12143846.147655113
5300,12166732.186854728
5301,12189652.61285011
5302,12212599.72796324
5303,12235587.177312141
5304,12258615.031708505
5305,12281676.596370487
5306,12304765.89648026
5307,12327895.780406872
5308,12351066.319399076
5309,12374269.344754681
5310,12397501.701842044
5311,12420774.89385348
5312,12444088.992477382
5313,12467433.803169843
5314,12490810.094848122
5315,12514227.474093676
5316,12537686.013037117
5317,12561172.936372839
5318,12584694.045903958
5319,12608256.497191254
5320,12631860.362810347
5321,12655489.728801638
5322,12679156.545113664
5323,12702864.958926339
5324,12726615.04326307
5325,12750387.18466692
5326,12774200.602372574
5327,12798055.874888863
5328,12821949.448525166
5329,12845868.328043083
5330,12869829.247459326
5331,12893832.280571619
5332,12917869.175704613
5333,12941936.202959443
5334,12966045.530128196
5335,12990197.23146383
5336,13014377.788304375
5337,13038593.873491812
5338,13062852.52020141
5339,13087153.803144032
5340,13111478.364779584
5341,13135844.423854217
5342,13160253.30766187
5343,13184700.063148145
5344,13209174.00379303
5345,13233690.95849157
5346,13258251.00274666
5347,13282842.326476369
5348,13307467.824307326
5349,13332136.60217267
5350,13356848.736040816
5351,13381584.978917204
5352,13406362.965678047
5353,13431184.500084098
5354,13456041.414955378
5355,13480921.909365818
5356,13505846.131282298
5357,13530814.15745622
5358,13555826.064773267
5359,13580868.510508595
5360,13605939.820458924
5361,13631055.192770371
5362,13656214.704780243
5363,13681418.433961255
5364,13706646.616603049
5365,13731910.194678742
5366,13757218.172511354
5367,13782570.628028568
5368,13807967.639294587
5369,13833381.768555
5370,13858839.07861158
5371,13884341.128381182
5372,13909887.996386383
5373,13935472.536642939
5374,13961080.050602855
5375,13986732.567828331
5376,14012430.167302985
5377,14038172.928148782
5378,14063943.733024783
5379,14089747.596206145
5380,14115596.807186196
5381,14141491.445551474
5382,14167431.591027712
5383,14193388.880511254
5384,14219390.588348875
5385,14245437.991133561
5386,14271531.169059189
5387,14297659.105027054
5388,14323814.200403154
5389,14350015.25984531
5390,14376262.364018152
5391,14402555.593727376
5392,14428870.350382261
5393,14455225.964071644
5394,14481627.893650455
5395,14508076.220398778
5396,14534561.762856118
5397,14561072.83374963
5398,14587630.493269734
5399,14614234.823173573
5400,14640885.905361256
5401,14667558.616481695
5402,14694272.915871568
5403,14721034.160449801
5404,14747842.432597201
5405,14774686.07764442
5406,14801557.93224334
5407,14828477.008435143
5408,14855443.389084069
5409,14882457.157199224
5410,14909488.331071135
5411,14936566.161255078
5412,14963691.574396083
5413,14990864.65399042
5414,15018066.919043867
5415,15045304.431057937
5416,15072589.806150591
5417,15099923.128307946
5418,15127296.520955168
5419,15154694.6481178
5420,15182140.920111593
5421,15209635.421415268
5422,15237178.236655425
5423,15264739.66093524
5424,15292347.770291647
5425,15320004.392846562
5426,15347709.613723
5427,15375441.551706517
5428,15403211.267180331
5429,15431029.779325694
5430,15458897.173761154
5431,15486804.746181315
5432,15514737.005069891
5433,15542718.345740661
5434,15570748.854310615
5435,15598828.617047513
5436,15626927.79118003
5437,15655072.90478574
5438,15683267.473549666
5439,15711511.58424176
5440,15739786.450825369
5441,15768096.287273372
5442,15796455.867798135
5443,15824865.279674575
5444,15853315.827512633
5445,15881791.34223218
5446,15910316.891616005
5447,15938892.563446984
5448,15967518.445661662
5449,15996160.937004218
5450,16024853.41790166
5451,16053596.314023325
5452,16082389.713817418
5453,16111207.957341483
5454,16140068.33798875
5455,16168979.428328456
5456,16197941.317323472
5457,16226935.307501847
5458,16255964.561743014
5459,16285044.821845701
5460,16314176.177290492
5461,16343345.910345362
5462,16372545.017658968
5463,16401795.42871377
5464,16431097.233511046
5465,16460442.707429858
5466,16489812.652956033
5467,16519234.20182358
5468,16548707.444557367
5469,16578228.659106923
5470,16607770.43367517
5471,16637364.1129153
5472,16667009.787878612
5473,16696706.74461783
5474,16726421.344775356
5475,16756188.152675357
5476,16786007.259898722
5477,16815878.758186627
5478,16845768.390230566
5479,16875709.330833763
5480,16905702.87611367
5481,16935749.11834488
5482,16965814.593126487
5483,16995930.67626167
5484,17026099.671189923
5485,17056321.67072245
5486,17086562.995758668
5487,17116855.237069216
5488,17147200.699062314
5489,17177599.475088846
5490,17208016.65972973
5491,17238486.080703814
5492,17269009.03303304
5493,17299584.787594285
5494,17330178.66604829
5495,17360826.29404876
5496,17391527.76587031
5497,17422279.3101998
5498,17453052.11522709
5499,17483878.983522154
5500,17514760.00990773
5501,17545687.35838788
5502,17576640.127382413
5503,17607647.2751766
5504,17638708.897144247
5505,17669812.066021092
5506,17700945.842333794
5507,17732134.314798716
5508,17763377.5793438
5509,17794656.586733248
5510,17825972.419703227
5511,17857343.26800888
5512,17888769.228135474
5513,17920224.09402927
5514,17951723.039015274
5515,17983277.320361495
5516,18014887.035113674
5517,18046517.78138514
5518,18078200.899797034
5519,18109939.677444957
5520,18141728.388985913
5521,18173540.862347707
5522,18205409.221678022
5523,18237333.5649818
5524,18269298.108787503
5525,18301296.570634224
5526,18333351.244489722
5527,18365462.228927866
5528,18397602.63202572
5529,18429788.160231106
5530,18462030.22836419
5531,18494328.318470996
5532,18526645.226887483
5533,18559018.905492175
5534,18591449.453832384
5535,18623923.364068113
5536,18656429.181993224
5537,18688992.101235855
5538,18721612.22192072
5539,18754261.984496687
5540,18786957.806492086
5541,18819711.062840004
5542,18852517.747680124
5543,18885341.614313386
5544,18918223.1396658
5545,18951162.42483277
5546,18984159.418813553
5547,19017169.721604798
5548,19050238.009850126
5549,19083364.385213748
5550,19116548.949536815
5551,19149749.216443624
5552,19183005.332828995
5553,19216319.865486104
5554,19249692.91682838
5555,19283083.030418195
5556,19316528.04592815
5557,19350031.808720913
5558,19383594.42178496
5559,19417174.116612516
5560,19450809.10799328
5561,19484503.179533146
5562,19518256.434798
5563,19552025.44958185
5564,19585851.49936452
5565,19619736.96405465
5566,19653681.475791622
5567,19687640.025324393
5568,19721658.221844897
5569,19755736.16989966
5570,19789869.408741787
5571,19824020.86124366
5572,19858232.298660602
5573,19892503.82612242
5574,19926825.54252354
5575,19961170.996102944
5576,19995576.774411455
5577,20030042.98316392
5578,20064552.931358255
5579,20099093.48996662
5580,20133694.715008665
5581,20168356.712785803
5582,20203054.650689248
5583,20237791.424127433
5584,20272589.207596842
5585,20307448.107986707
5586,20342327.333096206
5587,20377252.548414398
5588,20412239.10364388
5589,20447287.10623513
5590,20482382.775730148
5591,20517497.437399987
5592,20552673.770549484
5593,20587911.88319017
5594,20623211.883517213
5595,20658528.461697508
5596,20693895.58388548
5597,20729324.819377284
5598,20764816.276928574
5599,20800348.00727168
5600,20835906.934541404
5601,20871528.31060353
5602,20907212.24477257
5603,20942958.475255825
5604,20978710.228530925
5605,21014524.767752547
5606,21050402.202791706
5607,21086342.64370255
5608,21122307.886750348
5609,21158316.61653042
5610,21194388.581487305
5611,21230523.892227773
5612,21266700.537165467
5613,21302899.295056574
5614,21339161.619991116
5615,21375487.62310782
5616,21411877.415726643
5617,21448287.08683544
5618,21484740.751862973
5619,21521258.428970125
5620,21557840.230001427
5621,21594481.998234194
5622,21631127.987486728
5623,21667838.324184265
5624,21704613.120688163
5625,21741452.489537045
5626,21778325.348726436
5627,21815229.33445045
5628,21852198.1172844
5629,21889231.810271963
5630,21926330.526631095
5631,21963433.49610011
5632,22000597.25973576
5633,22037826.272697285
5634,22075120.648692686
5635,22112452.855280943
5636,22149812.597589117
5637,22187237.929702733
5638,22224728.965805322
5639,22262285.82024707
5640,22299846.18901106
5641,22337468.842538994
5642,22375157.542235523
5643,22412912.402904693
5644,22450700.09965616
5645,22488521.079644963
5646,22526408.44912753
5647,22564362.323341098
5648,22602375.99373295
5649,22640392.056446493
5650,22678474.845568918
5651,22716624.47673356
5652,22754841.06572316
5653,22793092.832720596
5654,22831372.005225454
5655,22869718.357924763
5656,22908132.006962687
5657,22946613.06862375
5658,22985094.459593594
5659,23023629.876207806
5660,23062232.91321859
5661,23100903.687204164
5662,23139642.314872622
5663,23178391.039381504
5664,23217184.338565987
5665,23256045.699417938
5666,23294975.23889059
5667,23333973.074054334
5668,23372987.17322827
5669,23412039.994228717
5670,23451161.31891474
5671,23490351.264545787
5672,23529609.948483445
5673,23568887.450810462
5674,23608201.431923952
5675,23647584.359116223
5676,23687036.349873047
5677,23726557.52176529
5678,23766096.441037115
5679,23805673.217614047
5680,23845319.382609475
5681,23885035.053643603
5682,23924820.348402523
5683,23964618.681369312
5684,24004459.883522686
5685,24044370.91588989
5686,24084351.896120846
5687,24124402.941909038
5688,24164458.665617004
5689,24204565.915608652
5690,24244743.43650609
5691,24284991.34586988
5692,24325309.761278395
5693,24365620.830060467
5694,24405995.739333924
5695,24446441.35846845
5696,24486957.80480004
5697,24527536.401282556
5698,24568109.53774144
5699,24608753.703569733
5700,24649469.015763182
5701,24690255.59128108
5702,24731085.52218017
5703,24771929.060764533
5704,24812844.06248058
5705,24853830.64381253
5706,24894888.921172764
5707,24935968.058600567
5708,24977083.560446355
5709,25018270.955222767
5710,25059530.358716365
5711,25100861.886602826
5712,25142188.064792633
5713,25183577.06514876
5714,25225038.383294947
5715,25266572.134113625
5716,25308158.062088236
5717,25349749.442519076
5718,25391413.445635475
5719,25433150.185380157
5720,25474959.775503073
5721,25516788.476484057
5722,25558655.91431774
5723,25600596.387792986
5724,25642610.009520203
5725,25684694.466614544
5726,25726766.065786082
5727,25768910.994003057
5728,25811129.36256266
5729,25853421.282472078
5730,25895739.20460058
5731,25938079.12351382
5732,25980492.75053006
5733,26022980.19507761
5734,26065541.56623366
5735,26108131.12834766
5736,26150740.113339636
5737,26193423.173573326
5738,26236180.41628983
5739,26279011.94831233
5740,26321871.79580179
5741,26364750.69957551
5742,26407704.032466464
5743,26450731.899183724
5744,26493834.403946545
5745,26536962.394746643
5746,26580112.271860372
5747,26623336.91740698
5748,26666636.43319214
5749,26710010.920454577
5750,26753403.581820026
5751,26796825.405719172
5752,26840322.32089252
5753,26883894.425843343
5754,26927541.81842478
5755,26971195.57644997
5756,27014890.229602713
5757,27058660.278342687
5758,27102505.817443553
5759,27146426.940939616
5760,27190338.11003409
5761,27234306.37336895
5762,27278350.315881327
5763,27322470.02815935
5764,27366663.68286138
5765,27410830.371626142
5766,27455072.91326847
5767,27499391.394620497
5768,27543785.90160068
5769,27588229.679770146
5770,27632670.95012685
5771,27677188.313436814
5772,27721781.851455525
5773,27766451.644920025
5774,27811141.487502668
5775,27855857.77300572
5776,27900650.36392642
5777,27945519.336409736
5778,27990464.765472434
5779,28035396.45543323
5780,28080388.04161265
5781,28125456.11534386
5782,28170600.746601347
5783,28215800.7140966
5784,28260991.152658906
5785,28306258.1631712
5786,28351601.81019143
5787,28397022.156938154
5788,28442455.607280217
5789,28487921.29743205
5790,28533463.679582942
5791,28579082.811049324
5792,28624776.933496308
5793,28670440.947300617
5794,28716181.68353256
5795,28761999.193205826
5796,28807893.52576807
5797,28853812.128390394
5798,28899750.730842482
5799,28945766.103772555
5800,28991858.28980906
5801,29038027.329882666
5802,29084165.284315187
5803,29130377.890517995
5804,29176667.270867467
5805,29223033.458944045
5806,29269419.334093317
5807,29315828.42180936
5808,29362314.21382683
5809,29408876.73594224
5810,29455506.370448247
5811,29502111.05927377
5812,29548792.3499322
5813,29595550.259995516
5814,29642384.804980505
5815,29689212.00523566
5816,29736078.144206334
5817,29783020.740361944
5818,29830039.800411925
5819,29877135.3288683
5820,29924190.286481712
5821,29971316.183789134
5822,30018518.336656496
5823,30065796.740223516
5824,30113119.538322352
5825,30160427.184985492
5826,30207810.839746498
5827,30255270.48791888
5828,30302806.11236073
5829,30350343.724201556
5830,30397907.1130015
5831,30445546.196515124
5832,30493260.94720542
5833,30541051.334935952
5834,30588796.307266887
5835,30636612.829748526
5836,30684504.666625384
5837,30732471.77679876
5838,30780466.89119132
5839,30828458.660734925
5840,30876525.346388124
5841,30924666.89564143
5842,30972883.253129862
5843,31021071.242334444
5844,31069310.33354241
5845,31117623.830907393
5846,31166011.66709862
5847,31214437.377787527
5848,31262846.217023607
5849,31311328.95545807
5850,31359885.513360377
5851,31408515.807895616
5852,31457118.798661187
5853,31505767.84657313
5854,31554490.142917622
5855,31603285.59192847
5856,31652113.064707235
5857,31700925.257489003
5858,31749810.07430529
5859,31798767.40604835
5860,31847797.140269868
5861,31896785.08959613
5862,31945828.96582084
5863,31994944.66383596
5864,32044132.057355367
5865,32093330.365420382
5866,32142529.588551413
5867,32191799.88337409
5868,32241141.109387275
5869,32290543.202515133
5870,32339893.800326712
5871,32389314.661268145
5872,32438805.630263895
5873,32488366.54858991
5874,32537902.52072868
5875,32587469.647730652
5876,32637105.99941982
5877,32686811.4020734
5878,32736535.707291007
5879,32786244.522866137
5880,32836021.61820306
5881,32885866.804267697
5882,32935772.33303539
5883,32985617.974294156
5884,33035530.88759211
5885,33085510.868294787
5886,33135557.707864255
5887,33185567.676253114
5888,33235611.187395
5889,33285720.678413335
5890,33335895.92484135
5891,33386070.270339016
5892,33436238.857079823
5893,33486472.270947635
5894,33536770.27131709
5895,33587101.348042935
5896,33637389.17839386
5897,33687740.616993904
5898,33738155.40685846
5899,33788633.28691234
5900,33839036.359940566
5901,33889499.60707121
5902,33940024.90313816
5903,33990611.97049561
5904,34041153.52390474
5905,34091722.03789894
5906,34142351.23076914
5907,34193040.80816869
5908,34243712.695134394
5909,34294379.601501636
5910,34345105.74843732
5911,34395890.82479765
5912,34446684.79281757
5913,34497442.876872115
5914,34548258.69455541
5915,34599131.917864785
5916,34650039.62503135
5917,34700881.32445982
5918,34751779.18169434
5919,34802732.85184753
5920,34853741.985813625
5921,34904663.283798784
5922,34955635.19409623
5923,35006661.25561895
5924,35057741.102390364
5925,35108755.97465176
5926,35159793.588633254
5927,35210883.62322452
5928,35262025.69563576
5929,35313125.50212754
5930,35364220.09965413
5931,35415365.31845948
5932,35466560.75903631
5933,35517736.8663298
5934,35568879.34826182
5935,35620070.58377654
5936,35671310.15678375
5937,35722553.97723303
5938,35773734.85669764
5939,35824962.55417883
5940,35876236.63717773
5941,35927539.67565029
5942,35978749.068676405
5943,36030003.2769227
5944,36081301.85169527
5945,36132644.340255626
5946,36183883.37673549
5947,36235153.73806522
5948,36286466.38073678
5949,36337820.836132616
5950,36389098.15794165
5951,36440373.897176474
5952,36491689.7673412
5953,36543045.28424228
5954,36594352.81967059
5955,36645622.73189211
5956,36696930.560510166
5957,36748275.80609787
5958,36799605.85763458
5959,36850858.29444736
5960,36902146.37024503
5961,36953469.57074898
5962,37004815.016662516
5963,37056039.061620645
5964,37107296.40847872
5965,37158586.528525025
5966,37209908.889435545
5967,37261121.58796651
5968,37312338.0316097
5969,37363584.84111214
5970,37414861.47028271
5971,37466059.88413586
5972,37517225.03131485
5973,37568418.08320705
5974,37619638.48025303
5975,37670807.10521506
5976,37721910.35213408
5977,37773038.990940824
5978,37824192.449241124
5979,37875315.58582212
5980,37926346.127144635
5981,37977399.49812702
5982,38028475.11410787
5983,38079536.877525486
5984,38130483.71593956
5985,38181450.77479524
5986,38232437.45776402
5987,38283421.78850897
5988,38334273.744831726
5989,38385143.26792938
5990,38436029.750437036
5991,38486919.44243416
5992,38537651.19054145
5993,38588397.78980354
5994,38639158.62252179
5995,38689933.0683796
5996,38740585.45142024
5997,38791197.471791215
5998,38841820.961602174
5999,38892455.291065834
6000,38943023.98523824
6001,38993489.626778424
6002,39043963.93862542
6003,39094446.28224783
6004,39144913.701947734
6005,39195221.0320585
6006,39245534.20127434
6007,39295852.56307059
6008,39346175.46887319
6009,39396337.97996698
6010,39446477.92500525
6011,39496620.19527831
6012,39546764.1351803
6013,39596786.330124855
6014,39646740.8656641
6015,39696694.83419531
6016,39746647.57387952
6017,39796511.563166775
6018,39846268.41355655
6019,39896021.7831301
6020,39945771.00463267
6021,39995458.83582898
6022,40045005.648844145
6023,40094546.04907226
6024,40144079.36467598
6025,40193573.03726168
6026,40242897.39813445
6027,40292212.399551466
6028,40341517.36594019
6029,40390798.84643899
6030,40439888.29213226
6031,40488965.42052212
6032,40538029.55315996
6033,40587080.01078452
6034,40635914.150526114
6035,40684732.18169102
6036,40733534.23859317
6037,40782319.64021695
6038,40830930.30729298
6039,40879476.66449587
6040,40928004.06603629
6041,40976511.83002592
6042,41024880.40014146
6043,41073142.5067923
6044,41121382.67714138
6045,41169600.22931422
6046,41217708.113489464
6047,41265673.40812441
6048,41313613.79024513
6049,41361528.57888101
6050,41409357.23955967
6051,41457013.19088099
6052,41504641.261577785
6053,41552240.772474
6054,41599771.73970065
6055,41647105.86164165
6056,41694409.14662519
6057,41741680.91815928
6058,41788895.805789195
6059,41835895.67257036
6060,41882861.761505544
6061,41929793.39967274
6062,41976673.92157791
6063,42023327.18271863
6064,42069943.74421917
6065,42116522.93760806
6066,42163050.923842706
6067,42209345.31909589
6068,42255600.11563366
6069,42301814.65030876
6070,42347972.06320005
6071,42393895.43737517
6072,42439776.340070404
6073,42485614.114326805
6074,42531383.06445458
6075,42576923.38209725
6076,42622418.385356806
6077,42667867.424315736
6078,42713230.186347604
6079,42758375.54624356
6080,42803472.78221657
6081,42848521.25223039
6082,42893460.2805785
6083,42938198.930051565
6084,42982886.68287108
6085,43027522.90570719
6086,43072020.84997405
6087,43116341.19894763
6088,43160607.918728784
6089,43204820.38550294
6090,43248860.105685495
6091,43292750.740479834
6092,43336585.0570471
6093,43380362.441879
6094,43423927.02329959
6095,43467376.72013531
6096,43510767.456449844
6097,43554098.629812025
6098,43597171.39774749
6099,43640169.13593183
6100,43683105.32119427
6101,43725945.41064398
6102,43768543.89691157
6103,43811078.87167921
6104,43853549.75408229
6105,43895868.470729336
6106,43937996.11382325
6107,43980057.74881065
6108,44022052.807918705
6109,44063834.211433046
6110,44105480.617361195
6111,44147058.57668995
6112,44188567.535423145
6113,44229753.72808822
6114,44270865.83850364
6115,44311907.08856252
6116,44352876.93903335
6117,44393627.323360585
6118,44434195.07991729
6119,44474689.6278558
6120,44515110.443350926
6121,44555406.84405719
6122,44595420.4673782
6123,44635358.60193564
6124,44675220.73992404
6125,44715006.37712825
6126,44754495.32813943
6127,44793867.630231686
6128,44833161.74283219
6129,44872377.17846426
6130,44911374.234268874
6131,44950171.58708877
6132,44988888.63104804
6133,45027524.89595504
6134,45066013.04402782
6135,45104226.64264545
6136,45142357.888812825
6137,45180406.33013862
6138,45218368.94123375
6139,45255990.30168411
6140,45293527.34397079
6141,45330979.63398647
6142,45368346.7417354
6143,45405421.44040097
6144,45442356.20421257
6145,45479204.34861798
6146,45515965.462460384
6147,45552480.34105206
6148,45588805.091186166
6149,45625041.43687416
6150,45661188.98620962
6151,45697128.72443815
6152,45732836.072438575
6153,45768453.31471493
6154,45803980.07898968
6155,45839329.78019589
6156,45874412.69115734
6157,45909403.8804094
6158,45944302.99564905
6159,45979048.194867685
6160,46013499.99368694
6161,46047858.541498475
6162,46082123.506286405
6163,46116250.17773432
6164,46150064.55480357
6165,46183784.23951141
6166,46217408.920408025
6167,46250903.48439121
6168,46284074.50073258
6169,46317149.47242368
6170,46350128.10882687
6171,46382977.43806209
6172,46415499.529902615
6173,46447924.31485246
6174,46480251.52329928
6175,46512442.94864818
6176,46544310.93143553
6177,46576080.435987554
6178,46607751.21389752
6179,46639272.529510885
6180,46670481.601373106
6181,46701591.11526298
6182,46732600.84412725
6183,46763422.22024914
6184,46793900.04337301
6185,46824277.29312661
6186,46854553.76450614
6187,46884729.257325836
6188,46914682.70363117
6189,46944323.6658824
6190,46973862.952378996
6191,47003300.38508518
6192,47032635.790801436
6193,47061701.632580556
6194,47090500.21006573
6195,47119196.15484556
6196,47147789.315921575
6197,47176279.54713848
6198,47204439.09107745
6199,47232390.52481606
6200,47260238.51459654
6201,47287982.93646747
6202,47315623.67131621
6203,47342859.21102877
6204,47369959.50815154
6205,47396955.69571837
6206,47423847.67677661
6207,47450579.690642454
6208,47476930.17899955
6209,47503176.112377904
6210,47529317.41591533
6211,47555354.01955285
6212,47581130.17128835
6213,47606624.234987356
6214,47632013.341334075
6215,47657297.442234576
6216,47682476.494363844
6217,47707281.87119369
6218,47731917.663435504
6219,47756448.239919074
6220,47780873.57911604
6221,47805132.583760396
6222,47829014.34594547
6223,47852790.77669768
6224,47876461.876118116
6225,47900027.64899041
6226,47923289.09945271
6227,47946311.161142506
6228,47969227.89118988
6229,47992039.315766014
6230,48014729.373013474
6231,48036997.23745174
6232,48059159.86282811
6233,48081217.29647677
6234,48103169.59029817
6235,48124838.57472597
6236,48146247.751041144
6237,48167551.94106697
6238,48188751.217557184
6239,48209826.45442843
6240,48230483.22438266
6241,48251035.30410944
6242,48271482.786938995
6243,48291825.77062445
6244,48311859.6452417
6245,48331661.12968843
6246,48351358.42303444
6247,48370951.643237874
6248,48390372.053448014
6249,48409424.83461261
6250,48428373.91835221
6251,48447219.44250565
6252,48465961.54916682
6253,48484323.49002
6254,48502526.71455307
6255,48520626.9792265
6256,48538624.44558818
6257,48556355.801438
6258,48573815.88215373
6259,48591173.68744071
6260,48608429.3979342
6261,48625522.08735927
6262,48642242.09876558
6263,48658860.602335915
6264,48675377.7974089
6265,48691793.88729734
6266,48707807.625934176
6267,48723690.33676801
6268,48739472.606547184
6269,48755154.65679279
6270,48770516.284642465
6271,48785667.056465186
6272,48800718.33412404
6273,48815670.35692971
6274,48830372.354878046
6275,48844793.00530852
6276,48859115.18647422
6277,48873339.15506044
6278,48887384.724710084
6279,48901079.859812945
6280,48914677.62650523
6281,48928178.298400424
6282,48941561.47021252
6283,48954536.017732605
6284,48967414.37177045
6285,48980196.82240962
6286,48992883.66317844
6287,49005171.339532875
6288,49017335.59491745
6289,49029405.20997606
6290,49041380.49412869
6291,49052997.116968915
6292,49064452.8920551
6293,49075815.35957573
6294,49087084.84436173
6295,49098026.04079355
6296,49108779.25026603
6297,49119440.5525936
6298,49130010.287529066
6299,49140272.167656936
6300,49150329.0143277
6301,49160295.41987043
6302,49170171.7384631
6303,49179750.88626385
6304,49189117.852708
6305,49198395.90754047
6306,49207585.41886101
6307,49216478.88285328
6308,49225162.722899176
6309,49233759.242223576
6310,49242268.82233917
6311,49250474.10606354
6312,49258481.836153276
6313,49266403.895635046
6314,49274240.678920954
6315,49281755.731245495
6316,49289094.621681385
6317,49296349.54867458
6318,49303520.919019274
6319,49310344.12428521
6320,49317021.69037769
6321,49323617.055055596
6322,49330130.63697473
6323,49336260.80499736
6324,49342284.79812992
6325,49348228.40453589
6326,49354071.05128978
6327,49359528.410149254
6328,49364906.808774084
6329,49370206.68580695
6330,49375352.59830811
6331,49380170.65617216
6332,49384911.656751975
6333,49389576.04910101
6334,49394025.18590311
6335,49398212.30161957
6336,49402324.3095291
6337,49406361.66857176
6338,49410114.37499765
6339,49413679.10942553
6340,49417170.72982555
6341,49420589.70450123
6342,49423646.70214897
6343,49426597.8090179
6344,49429477.837716736
6345,49432233.738492206
6346,49434649.64157591
6347,49436996.058341324
6348,49439273.472654745
6349,49441333.347551495
6350,49443151.56713079
6351,49444902.40583735
6352,49446586.355460085
6353,49447951.936638474
6354,49449181.7142677
6355,49450346.25243374
6356,49451405.10133163
6357,49452119.40624247
6358,49452770.142056406
6359,49453357.81359008
6360,49453723.83914808
6361,49453866.45162976
6362,49453947.69528818
6363,49453968.0814472
6364,49453643.94474317
6365,49453224.52503372
6366,49452745.966716126
6367,49452111.711430445
6368,49451197.455955334
6369,49450225.79801345
6370,49449197.25947657
6371,49447875.95489559
6372,49446417.10141379
6373,49444903.124025
6374,49443243.92447734
6375,49441177.02779366
6376,49439056.85412994
6377,49436883.93490218
6378,49434658.80229479
6379,49432257.9053186
6380,49429487.177564666
6381,49426666.10765473
6382,49423795.23243968
6383,49420875.08940451
6384,49417730.254033424
6385,49414271.94525823
6386,49410766.261601605
6387,49407213.74459585
6388,49403614.936275974
6389,49399724.63515982
6390,49395595.18666166
6391,49391421.35896253
6392,49387203.697538085
6393,49382942.74823828
6394,49378306.14100293
6395,49373522.16424735
6396,49368696.82840798
6397,49363830.682181776
6398,49358924.02937286
6399,49353488.39926112
6400,49348013.93510378
6401,49342501.18814682
6402,49336950.70978113
6403,49331363.05152291
6404,49325392.753311895
6405,49319245.096124895
6406,49313062.25043667
6407,49306844.76962437
6408,49300593.20706995
6409,49294081.05743118
6410,49287277.62270401
6411,49280442.10796334
6412,49273575.06788343
6413,49266677.05702669
6414,49259616.42768733
6415,49252174.73198797
6416,49244704.0752192
6417,49237205.01268255
6418,49229678.09945482
6419,49222063.1339968
6420,49214000.77535998
6421,49205912.58141682
6422,49197799.10744607
6423,49189660.90839298
6424,49181486.49403199
6425,49172821.1327955
6426,49164133.06529601
6427,49155422.846160054
6428,49146691.02957572
6429,49137938.1692769
6430,49128702.1092084
6431,49119431.87193929
6432,49110142.61065953
6433,49100834.87819534
6434,49091509.22681865
6435,49081710.83289434
6436,49071876.151700564
6437,49062025.570045225
6438,49052159.63880905
6439,49042278.90822267
6440,49031915.15616878
6441,49021533.761343114
6442,49011139.58232333
6443,49000733.16748266
6444,48990283.72465617
6445,48979383.5582882
6446,48968473.16747328
6447,48957553.0983536
6448,48946623.89625464
6449,48935599.62067963
6450,48924185.050733715
6451,48912763.352347635
6452,48901335.06818149
6453,48889900.73999436
6454,48878300.3995606
6455,48866389.084928535
6456,48854473.7221233
6457,48842554.84982213
6458,48830633.00572123
6459,48818455.92085903
6460,48806065.46245134
6461,48793674.017611586
6462,48781282.12055538
6463,48768890.30444153
6464,48756136.32212026
6465,48743284.24779917
6466,48730434.22758725
6467,48717586.79078179
6468,48704712.72937668
6469,48691411.93368251
6470,48678115.683746114
6471,48664824.504698835
6472,48651538.92048482
6473,48638083.82492591
6474,48624353.19611701
6475,48610630.10933736
6476,48596915.0840164
6477,48583208.638332464
6478,48569140.83390745
6479,48554953.14760194
6480,48540776.0089001
6481,48526609.93115783
6482,48512455.426417686
6483,48497972.625314355
6484,48483345.470692106
6485,48468731.838979624
6486,48454132.23707012
6487,48439547.17048526
6488,48424644.49104697
6489,48409595.325001456
6490,48394562.62468122
6491,48379546.89014929
6492,48364548.62004311
6493,48349221.77535542
6494,48333767.91011432
6495,48318333.41881292
6496,48302918.79433825
6497,48287524.52810174
6498,48271769.79913532
6499,48255928.390434586
6500,48240109.22728769
6501,48224312.79508114
6502,48208539.57767961
6503,48192353.78692902
6504,48176141.82273943
6505,48159954.937228344
6506,48143793.60797808
6507,48127631.907278106
6508,48111038.79664142
6509,48094473.08644335
6510,48077935.24777847
6511,48061425.75014192
6512,48044822.64702973
6513,48027889.65196871
6514,48010986.81657209
6515,47994114.60362019
6516,47977273.47425826
6517,47960227.29126222
6518,47942970.877539285
6519,47925747.33944238
6520,47908557.131191134
6521,47891400.70533806
6522,47873910.209311284
6523,47856346.63675307
6524,47838818.611035414
6525,47821326.57759032
6526,47803827.77845151
6527,47785935.35849441
6528,47768080.67230859
6529,47750264.15805023
6530,47732486.25215608
6531,47714536.52478182
6532,47696366.22678228
6533,47678236.24939569
6534,47660147.02161623
6535,47642098.97069627
6536,47623630.46039254
6537,47605117.35048969
6538,47586647.17034995
6539,47568220.33952427
6540,47549837.27579959
6541,47531232.6576237
6542,47512388.079934634
6543,47493588.99517944
6544,47474835.81327991
6545,47456128.94237477
6546,47437400.74314296
6547,47418240.91614878
6548,47399129.09365256
6549,47380065.67578557
6550,47361051.06088007
6551,47342085.64547063
6552,47322726.43949621
6553,47303317.79991191
6554,47283960.01393375
6555,47264653.46994715
6556,47245398.55452745
6557,47225895.024430275
6558,47206205.235471286
6559,47186568.69536422
6560,47166985.78242429
6561,47147456.87314734
6562,47127796.78151285
6563,47107841.2517177
6564,47087941.31144602
6565,47068097.3288362
6566,47048309.67020098
6567,47028481.50205866
6568,47008275.37502828
6569,46988127.122864895
6570,46968037.1034397
6571,46948005.67279466
6572,46927998.60537323
6573,46907556.75447261
6574,46887175.00778739
6575,46866853.71284698
6576,46846593.215350345
6577,46826393.85916954
6578,46805734.11206911
6579,46785133.41256758
6580,46764595.32717997
6581,46744120.19120529
6582,46723708.33811761
6583,46702855.695555665
6584,46682050.304958016
6585,46661309.63371964
6586,46640634.006696984
6587,46620023.7469258
6588,46598969.23363835
6589,46577973.12978815
6590,46557043.79301099
6591,46536181.53769211
6592,46515363.47149948
6593,46494121.893675774
6594,46472948.7670669
6595,46451844.397381745
6596,46430809.08851896
6597,46409767.38448837
6598,46388360.241755016
6599,46367023.49246536
6600,46345757.4318287
6601,46324562.35325484
6602,46303289.74744738
6603,46281730.2051118
6604,46260242.94013233
6605,46238828.23722651
6606,46217486.37932518
6607,46195976.10872266
6608,46174277.03684884
6609,46152652.06779606
6610,46131101.47581001
6611,46109625.53336417
6612,46087871.31147432
6613,46066045.28290035
6614,46044295.12410015
6615,46022621.098878756
6616,46001023.469285175
6617,45979019.46247364
6618,45957078.75119187
6619,45935215.618123315
6620,45913430.316674255
6621,45891586.30658512
6622,45869463.90305731
6623,45847420.48294424
6624,45825456.29103034
6625,45803571.57037522
6626,45781462.22366731
6627,45759247.182180695
6628,45737112.72606474
6629,45715059.089798436
6630,45693085.434761986
6631,45670707.28155809
6632,45648411.03151772
6633,45626196.91057259
6634,45604065.14296607
6635,45581812.40431673
6636,45559362.67390597
6637,45536996.34255055
6638,45514713.62600189
6639,45492514.738346584
6640,45469979.15799284
6641,45447468.73323409
6642,45425043.145593174
6643,45402702.60072704
6644,45380272.00897088
6645,45357625.45006846
6646,45335064.91154956
6647,45312590.59069194
6648,45290202.6831521
6649,45267477.86343513
6650,45244790.13626325
6651,45222189.76278255
6652,45199676.93034473
6653,45177037.33033165
6654,45154230.018494815
6655,45131511.157681815
6656,45108880.926999874
6657,45086315.17872661
6658,45063395.72783094
6659,45040565.786774404
6660,45017825.526483834
6661,44995175.116333246
6662,44972298.38980298
6663,44949364.617364906
6664,44926521.53807781
6665,44903769.31322523
6666,44880949.07165459
6667,44857918.558541276
6668,44834979.7129357
6669,44812132.68810362
6670,44789358.76874373
6671,44766238.447670676
6672,44743210.73067357
6673,44720275.763076305
6674,44697433.688725196
6675,44674335.037516765
6676,44651225.18657634
6677,44628208.97620934
6678,44605286.54242335
6679,44582218.98396463
6680,44559033.57940909
6681,44535942.66942408
6682,44512946.38226114
6683,44489876.995366454
6684,44466548.32169136
6685,44443315.01144596
6686,44420177.18487512
6687,44397134.96082586
6688,44373956.41902996
6689,44350587.96752248
6690,44327315.82212369
6691,44304140.09378349
6692,44281060.8920859
6693,44257762.00867549
6694,44234362.60426484
6695,44211060.39342589
6696,44187855.47795905
6697,44164747.958331496
6698,44141318.11396151
6699,44117896.28198998
6700,44094572.47651177
6701,44071346.790327474
6702,44048183.18402728
6703,44024648.43196406
6704,44001212.40024773
6705,43977875.17410725
6706,43954636.83749693
6707,43931317.74472911
6708,43907775.99074435
6709,43884333.6918009
6710,43860990.924404494
6711,43837747.763820365
6712,43814264.198158845
6713,43790723.1343739
6714,43767282.207805194
6715,43743941.486395165
6716,43720678.16151309
6717,43697044.48196811
6718,43673511.50934375
6719,43650079.30436175
6720,43626747.926563784
6721,43603298.884995095
6722,43579679.82130827
6723,43556162.05228046
6724,43532745.63036315
6725,43509430.606862195
6726,43485788.28849851
6727,43462190.71765335
6728,43438694.97888996
6729,43415301.11655643
6730,43391838.19079693
6731,43368166.42353353
6732,43344596.93878545
6733,43321129.77405025
6734,43297764.965741575
6735,43274090.41180724
6736,43250452.59603572
6737,43226917.50985723
6738,43203485.18297062
6739,43179964.027123846
6740,43156263.139928274
6741,43132665.35833894
6742,43109170.70544967
6743,43085779.20333213
6744,43062029.847624615
6745,43038374.442298606
6746,43014822.50206822
6747,42991374.0425382
6748,42967754.069321856
6749,42944045.95815634
6750,42920441.615920804
6751,42896941.051864855
6752,42873437.21397345
6753,42849681.16167746
6754,42826029.150042385
6755,42802481.18207515
6756,42779037.25984979
6757,42755281.35422487
6758,42731586.25366021
6759,42707995.430725046
6760,42684508.881391
6761,42660847.86950345
6762,42637114.108930744
6763,42613484.82889192
6764,42589960.01936973
6765,42566382.06076437
6766,42542613.91812755
6767,42518950.42834571
6768,42495391.57552678
6769,42471885.2884325
6770,42448086.89124478
6771,42424393.28912801
6772,42400804.460429594
6773,42377320.38267908
6774,42353534.23398046
6775,42329814.46750147
6776,42306199.58138734
6777,42282689.54754802
6778,42258957.13605911
6779,42235215.00422866
6780,42211577.83068559
6781,42188045.581834584
6782,42164308.98176356
6783,42140468.03509885
6784,42116732.13051317
6785,42093101.22858088
6786,42069575.28914464
6787,42045783.54724844
6788,42021953.96335951
6789,41998229.42971693
6790,41974609.90047822
6791,41951095.32910227
6792,41927233.60678886
6793,41903420.31939173
6794,41879712.048566654
6795,41856108.74223238
6796,41832561.80742097
6797,41808664.5019846
6798,41784872.19606105
6799,41761184.83214832
6800,41737602.3521036
6801,41713953.02679501
6802,41690081.25176549
6803,41666314.36767361
6804,41642652.31110005
6805,41619095.01801662
6806,41595330.54637618
6807,41571488.540810406
6808,41547751.27845574
6809,41524118.69015131
6810,41500590.70615861
6811,41476698.9434937
6812,41452890.709265485
6813,41429187.03232655
6814,41405587.83794862
6815,41381937.545282476
6816,41358062.43763079
6817,41334291.74370555
6818,41310625.38390622
6819,41287063.27811008
6820,41263258.65530359
6821,41239424.882528365
6822,41215695.26927894
6823,41192069.7307016
6824,41168471.891210966
6825,41144578.84567698
6826,41120789.75942332
6827,41097104.54298143
6828,41073523.106414616
6829,41049746.34909239
6830,41025901.44025894
6831,41002160.17136661
6832,40978522.448003046
6833,40954920.409018435
6834,40931023.19954759
6835,40907229.37565521
6836,40883538.838567875
6837,40859951.4890966
6838,40836148.208971575
6839,40812305.201136366
6840,40788565.197521694
6841,40764928.0947142
6842,40741269.90698679
6843,40717380.96147378
6844,40693594.714251526
6845,40669911.05779487
6846,40646329.884214245
6847,40622450.222337656
6848,40598620.83177717
6849,40574893.69922106
6850,40551268.712801844
6851,40527506.785760865
6852,40503637.23113332
6853,40479869.57954024
6854,40456203.71524684
6855,40432544.675198205
6856,40408637.816451356
6857,40384832.48406928
6858,40361128.55855932
6859,40337525.92013512
6860,40313616.70071803
6861,40289776.40867394
6862,40266037.121989325
6863,40242398.717249535
6864,40218568.192189656
6865,40194695.54620162
6866,40170923.483478025
6867,40147251.87708277
6868,40123486.78143935
6869,40099584.27354536
6870,40075781.90673803
6871,40052079.550665386
6872,40028367.12901615
6873,40004437.13931817
6874,39980606.8289423
6875,39956876.06422556
6876,39933204.05369602
6877,39909248.85211687
6878,39885392.84900145
6879,39861635.907479174
6880,39837977.890492745
6881,39814014.26935587
6882,39790134.716407984
6883,39766353.72248467
6884,39742671.14744236
6885,39718728.386649944
6886,39694827.320628814
6887,39671024.29304501
6888,39647319.16076919
6889,39623386.32772768
6890,39599465.681026444
6891,39575642.534636386
6892,39551916.74254164
6893,39527983.33485675
6894,39504044.93729037
6895,39480203.484845646
6896,39456458.82871796
6897,39432514.75976188
6898,39408560.34035978
6899,39384702.29429746
6900,39360940.47007799
6901,39336976.0550185
6902,39313007.24382038
6903,39289134.21805422
6904,39265356.823625855
6905,39241362.765904136
6906,39217381.09575776
6907,39193494.60747109
6908,39169703.144446395
6909,39145670.52269082
6910,39121677.43104979
6911,39097778.902488455
6912,39073974.77799784
6913,39049895.033361286
6914,39025891.864082426
6915,39001982.624347135
6916,38978137.51684417
6917,38954032.07673411
6918,38930020.0818723
6919,38906101.36870822
6920,38882189.94007304
6921,38858077.49598037
6922,38834057.83758034
6923,38810130.79916356
6924,38786145.55325231
6925,38762027.19251839
6926,38738000.94440177
6927,38714066.64112095
6928,38690000.397177294
6929,38665877.12027022
6930,38641845.26981707
6931,38617904.676049456
6932,38593750.55797134
6933,38569623.28026661
6934,38545586.73019034
6935,38521612.7985941
6936,38497392.16203234
6937,38473261.71558524
6938,38449221.28569947
6939,38425143.70496345
6940,38400921.371299416
6941,38376788.50660971
6942,38352744.93558713
6943,38328557.72739907
6944,38304334.37882936
6945,38280199.766595565
6946,38256153.71371653
6947,38231851.16440639
6948,38207627.404666506
6949,38183491.637530625
6950,38159331.39817532
6951,38135020.33589319
6952,38110796.69199652
6953,38086660.28627686
6954,38062371.31075254
6955,38038061.57960509
6956,38013838.503570065
6957,37989657.48498526
6958,37965072.66025322
6959,37940573.87532557
6960,37916160.94596595
6961,37891833.688073374
6962,37867591.9176847
6963,37843184.10669023
6964,37818586.551339485
6965,37794073.85242445
6966,37769645.823663615
6967,37745302.278928824
6968,37721043.03224773
6969,37696387.76419811
6970,37671778.5359641
6971,37647252.95975313
6972,37622810.847401775
6973,37598452.010916956
6974,37573957.07061702
6975,37549254.36922949
6976,37524634.2857493
6977,37500096.630104415
6978,37475641.2124073
6979,37451267.84295738
6980,37426481.797346994
6981,37401770.06788359
6982,37377139.71518866
6983,37352590.54760328
6984,37328122.373668864
6985,37303442.2780433
6986,37278641.5893317
6987,37253921.21207921
6988,37229280.952975295
6989,37204720.61892271
6990,37180118.22491013
6991,37155231.09347504
6992,37130423.19473107
6993,37105694.333832845
6994,37081044.316160895
6995,37056472.947323576
6996,37031521.73015838
6997,37006628.64787716
6998,36981813.51056216
6999,36957076.12218475
7000,36932416.286956035
7001,36907497.504804745
7002,36882521.41612891
7003,36857622.16771217
7004,36832799.56222673
7005,36808053.402596086
7006,36783143.23025567
7007,36758086.1557964
7008,36733104.8057943
7009,36708198.9817296
7010,36683368.48534464
7011,36658444.481206186
7012,36633308.28929921
7013,36608246.695669495
7014,36583259.500709325
7015,36558346.50508337
7016,36533387.55111364
7017,36508173.96204666
7018,36483033.835399605
7019,36457966.970577806
7020,36432973.16726883
7021,36407959.41146153
7022,36382670.001669094
7023,36357452.90944614
7024,36332307.93330887
7025,36307234.87206549
7026,36282147.6732644
7027,36256783.87948671
7028,36231491.25010277
7029,36206269.58283492
7030,36181118.67570658
7031,36155940.55070697
7032,36130503.674108796
7033,36105136.801055156
7034,36079839.72856678
7035,36054612.25397385
7036,36029326.826811604
7037,36003818.037058294
7038,35978378.08296236
7039,35953006.7609322
7040,35927703.867693745
7041,35902295.8210348
7042,35876716.160322644
7043,35851204.16096222
7044,35825759.61883593
7045,35800382.33015157
7046,35774837.358698085
7047,35749187.745736234
7048,35723604.61400515
7049,35698087.75894499
7050,35672636.97632864
7051,35646941.74216117
7052,35621222.97610244
7053,35595569.50592543
7054,35569981.12670905
7055,35544451.27075683
7056,35518599.72364958
7057,35492812.487967886
7058,35467089.3581623
7059,35441430.12902866
7060,35415720.73087296
7061,35389802.47965308
7062,35363947.345965795
7063,35338155.12404803
7064,35312425.60848799
7065,35286526.074987344
7066,35260541.58681521
7067,35234619.018648416
7068,35208758.164583474
7069,35182958.8190739
7070,35156859.36211347
7071,35130808.99923733
7072,35104819.355732016
7073,35078890.22562426
7074,35052888.702770546
7075,35026713.00370574
7076,35000597.02712322
7077,34974540.56668135
7078,34948543.416405335
7079,34922319.68767347
7080,34896079.74363748
7081,34869898.316695064
7082,34843775.200563975
7083,34817618.392129585
7084,34791256.757477656
7085,34764952.63938404
7086,34738705.83131398
7087,34712516.127108164
7088,34686117.97714026
7089,34659693.35669608
7090,34633325.04434782
7091,34607012.83374068
7092,34580653.93767407
7093,34554110.919055276
7094,34527623.20575127
7095,34501190.59126347
7096,34474812.86947631
7097,34448196.376845494
7098,34421591.28347371
7099,34395040.28546937
7100,34368543.17662636
7101,34341922.73183606
7102,34315163.3351657
7103,34288457.008859664
7104,34261803.54648302
7105,34235202.741990395
7106,34208438.44724909
7107,34181580.13544181
7108,34154773.662531674
7109,34128018.82230318
7110,34101315.40893362
7111,34074395.225573756
7112,34047438.97809847
7113,34020533.338633694
7114,33993678.10124321
7115,33966873.06038622
7116,33939785.9324445
7117,33912732.625743635
7118,33885728.6971846
7119,33858773.941167705
7120,33831801.90448175
7121,33804603.96029011
7122,33777454.371420324
7123,33750352.93226399
7124,33723299.43761291
7125,33696135.51648303
7126,33668843.19838983
7127,33641598.008595884
7128,33614399.74193507
7129,33587248.19364333
7130,33559884.10982763
7131,33532498.004581038
7132,33505157.8028017
7133,33477863.299816553
7134,33450566.854080856
7135,33423042.57343508
7136,33395563.1785333
7137,33368128.46483876
7138,33340738.228219926
7139,33313222.14819853
7140,33285606.209435284
7141,33258033.93650847
7142,33230505.125468075
7143,33203019.572770707
7144,33175277.98046291
7145,33147570.70940784
7146,33119905.887529828
7147,33092283.31151032
7148,33064570.285475787
7149,33036730.489136733
7150,33008932.131958526
7151,32981175.010888305
7152,32953458.923281718
7153,32925505.658071283
7154,32897576.15516857
7155,32869686.8815628
7156,32841837.634915274
7157,32813889.242586456
7158,32785830.89963512
7159,32757811.78230805
7160,32729831.688610137
7161,32701874.88168332
7162,32673689.922497522
7163,32645543.18859432
7164,32617434.478358828
7165,32589363.59058595
7166,32561147.36551042
7167,32532875.16251426
7168,32504639.98677697
7169,32476441.637508996
7170,32448197.926287815
7171,32419802.324001618
7172,32391442.75629691
7173,32363119.02283368
7174,32334830.92368165
7175,32306319.823290277
7176,32277837.86160075
7177,32249390.7458616
7178,32220978.276624463
7179,32192423.31456322
7180,32163820.88324247
7181,32135252.313683443
7182,32106717.406950954
7183,32078108.930743564
7184,32049387.88241202
7185,32020699.715915576
7186,31992044.23286229
7187,31963373.25938095
7188,31934535.376793783
7189,31905729.400531005
7190,31876955.132772796
7191,31848212.376107644
7192,31819260.317475915
7193,31790338.25074068
7194,31761446.922163203
7195,31732586.134931266
7196,31703560.06686759
7197,31674523.562882364
7198,31645516.831441298
7199,31616539.67635806
7200,31587432.377583
7201,31558283.025275767
7202,31529162.48476828
7203,31500070.5605254
7204,31470875.372252237
7205,31441614.69800472
7206,31412381.879812088
7207,31383176.722814985
7208,31353887.524222117
7209,31324516.99358848
7210,31295173.368389647
7211,31265856.454465512
7212,31236467.6391094
7213,31206988.658505782
7214,31177535.637961626
7215,31148108.3840385
7216,31118614.83717227
7217,31089028.755536683
7218,31059467.69394487
7219,31029931.459701527
7220,31000328.536465958
7221,30970636.646888718
7222,30940968.842809115
7223,30911324.932295356
7224,30881608.436750308
7225,30851811.978074677
7226,30822038.675924957
7227,30792288.33915257
7228,30762454.50411784
7229,30732554.66251131
7230,30702677.05413351
7231,30672821.488637887
7232,30642866.95631384
7233,30612864.866809446
7234,30582884.093006607
7235,30552924.445378616
7236,30522846.248718016
7237,30492742.99672643
7238,30462660.14877013
7239,30432597.516159136
7240,30402393.060961902
7241,30372189.68375374
7242,30342005.80486185
7243,30311829.58198027
7244,30281508.284153838
7245,30251205.772313066
7246,30220921.859098613
7247,30190611.601358335
7248,30160193.008688346
7249,30129792.30753606
7250,30099409.31142687
7251,30068963.504676677
7252,30038448.512110535
7253,30007950.522760216
7254,29977469.351049624
7255,29946886.789098613
7256,29916276.249336623
7257,29885681.830724824
7258,29855103.348598905
7259,29824383.116394777
7260,29793677.840906043
7261,29762987.810804218
7262,29732268.1017396
7263,29701454.30290147
7264,29670655.063236866
7265,29639870.199560437
7266,29609008.476098478
7267,29578102.30992702
7268,29547209.839004
7269,29516330.88109329
7270,29485327.079040274
7271,29454329.23460956
7272,29423344.227969136
7273,29392327.208369184
7274,29361226.17102145
7275,29330137.301206723
7276,29299060.41824262
7277,29267898.729611427
7278,29236708.130115256
7279,29205528.852798104
7280,29174345.27500911
7281,29143055.02831809
7282,29111775.444137633
7283,29080506.343384672
7284,29049176.580768272
7285,29017798.727258615
7286,28986430.70315238
7287,28955071.631247465
7288,28923597.497011136
7289,28892132.54318897
7290,28860676.59233829
7291,28829143.017287325
7292,28797525.571571942
7293,28765916.431953523
7294,28734315.421795007
7295,28702722.36482406
7296,28671095.978857756
7297,28639347.687566955
7298,28607606.66265258
7299,28575872.72867121
7300,28544145.710541062
7301,28512417.859322466
7302,28480541.698938802
7303,28448671.77766521
7304,28416807.921270926
7305,28384949.95588345
7306,28353097.707987983
7307,28321112.08758492
7308,28289116.132458694
7309,28257125.22866876
7310,28225139.203569382
7311,28193157.884869367
7312,28161064.035023373
7313,28128944.78671346
7314,28096829.58873707
7315,28064718.26969143
7316,28032610.658524793
7317,28000403.363641042
7318,27968163.4454464
7319,27935926.58914485
7320,27903692.624591175
7321,27871461.381987855
7322,27839136.48155302
7323,27806778.403746992
7324,27774422.411970623
7325,27742068.337349493
7326,27709716.011353854
7327,27677270.33087437
7328,27644796.494927797
7329,27612323.781731743
7330,27579852.02369499
7331,27547381.053567633
7332,27514812.339218173
7333,27482225.041902617
7334,27449637.916643523
7335,27417050.79714406
7336,27384463.51744504
7337,27351770.374241065
7338,27319071.811614346
7339,27286372.482929446
7340,27253672.223193757
7341,27220958.902197424
7342,27188152.70106808
7343,27155344.97234453
7344,27122535.552015584
7345,27089724.27640162
7346,27056880.389214847
7347,27023967.942438334
7348,26991053.053745326
7349,26958135.56044906
7350,26925215.300190866
7351,26892241.829676203
7352,26859225.04141913
7353,26826204.909442198
7354,26793181.27238985
7355,26760153.969231386
7356,26727052.537994765
7357,26693933.226546057
7358,26660809.682064764
7359,26627681.744532693
7360,26594537.225949444
7361,26561322.07804824
7362,26528101.979253255
7363,26494876.770570315
7364,26461646.293323766
7365,26428373.64560566
7366,26395060.23287551
7367,26361741.003465172
7368,26328415.799730644
7369,26295084.46434298
7370,26261687.085499812
7371,26228276.976411283
7372,26194860.1972287
7373,26161436.591661848
7374,26127985.710586946
7375,26094487.75683468
7376,26060982.447143115
7377,26027469.626269627
7378,25993949.139280356
7379,25960376.905911744
7380,25926786.007803783
7381,25893186.923581712
7382,25859579.499364868
7383,25825948.440330643
7384,25792274.796224236
7385,25758592.300867606
7386,25724900.801440828
7387,25691200.145426232
7388,25657453.15191499
7389,25623690.000983793
7390,25589917.19163957
7391,25556134.572429568
7392,25522325.80272654
7393,25488484.65813668
7394,25454633.210451316
7395,25420771.309288785
7396,25386897.832620103
7397,25352981.26557576
7398,25319053.760340743
7399,25285115.167610034
7400,25251165.33837202
7401,25217185.145121884
7402,25183184.07519855
7403,25149171.293279275
7404,25115146.651431434
7405,25081101.918438558
7406,25047029.691537894
7407,25012945.137583897
7408,24978848.109727316
7409,24944737.47996005
7410,24910596.421348974
7411,24876442.42999365
7412,24842275.36013229
7413,24808095.066287532
7414,24773890.32652854
7415,24739669.15251843
7416,24705434.304691974
7417,24671185.63865981
7418,24636917.69480613
7419,24602631.51556388
7420,24568331.076409936
7421,24534016.234045994
7422,24499685.017090842
7423,24465335.935209148
7424,24430972.016456768
7425,24396593.118629012
7426,24362198.966167938
7427,24327789.01183592
7428,24293363.652731474
7429,24258922.74774552
7430,24224466.376676153
7431,24189997.510039445
7432,24155512.679706305
7433,24121011.74566476
7434,24086494.568172693
7435,24051972.273684822
7436,24017433.995284952
7437,23982879.06876988
7438,23948307.355505154
7439,23913718.71712281
7440,23879123.77736282
7441,23844519.56066043
7442,23809898.025895774
7443,23775259.035814587
7444,23740602.453426022
7445,23705934.418638766
7446,23671267.58446884
7447,23636582.776576206
7448,23601879.85908883
7449,23567158.696394883
7450,23532419.15314175
7451,23497691.88239607
7452,23462946.990047522
7453,23428183.347929128
7454,23393400.821809098
7455,23358599.27771169
7456,23323806.643366806
7457,23289004.714919783
7458,23254183.410445694
7459,23219342.59709313
7460,23184482.142263744
7461,23149626.370435234
7462,23114770.3198476
7463,23079894.28070879
7464,23044998.12154768
7465,23010081.711142857
7466,22975165.82637789
7467,22940258.43890995
7468,22905330.46391603
7469,22870381.771304186
7470,22835412.231228895
7471,22800439.98367849
7472,22765483.92138887
7473,22730506.68596441
7474,22695508.148690652
7475,22660488.181096457
7476,22625463.97861281
7477,22590461.7856542
7478,22555437.84713533
7479,22520392.03571695
7480,22485324.224300217
7481,22450253.06915921
7482,22415207.17688016
7483,22380138.979617335
7484,22345048.35140396
7485,22309935.166510575
7486,22274822.59647721
7487,22239735.328336623
7488,22204625.20861004
7489,22169492.11269998
7490,22134335.916243006
7491,22099187.94971346
7492,22064061.526013196
7493,22028911.716766775
7494,21993738.39874204
7495,21958541.448937904
7496,21923364.53390784
7497,21888201.07634982
7498,21853013.711749207
7499,21817802.318234798
7500,21782566.7741638
7501,21747367.74078701
7502,21712169.276860226
7503,21676946.396681093
7504,21641698.97973481
7505,21606426.905732073
7506,21571212.922247086
7507,21535981.38945018
7508,21500724.943302196
7509,21465443.464639794
7510,21430152.83595717
7511,21394915.366336923
7512,21359652.616241626
7513,21324364.467633463
7514,21289050.80269492
7515,21253756.718190555
7516,21218490.275567435
7517,21183198.07772862
7518,21147880.00797931
7519,21112535.949841943
7520,21077249.46918873
7521,21041959.53137391
7522,21006643.379574116
7523,20971300.89844065
7524,20935931.972839355
7525,20900645.60072188
7526,20865334.053958848
7527,20829995.84621463
7528,20794630.863480628
7529,20759265.081141856
7530,20723960.712124787
7531,20688629.35960716
7532,20653270.910704747
7533,20617885.25274296
7534,20582532.30964943
7535,20547210.2844323
7536,20511860.850395508
7537,20476483.895984787
7538,20441079.309853174
7539,20405747.7068723
7540,20370409.66343937
7541,20335043.79711313
7542,20299649.99766272
7543,20264250.91739707
7544,20228926.53949799
7545,20193574.04482165
7546,20158193.324250914
7547,20122784.268871136
7548,20087420.843527965
7549,20052083.907450374
7550,20016718.46118467
7551,19981324.396925252
7552,19945902.084877364
7553,19910582.801949378
7554,19875234.73286321
7555,19839857.77091918
7556,19804451.809615616
7557,19769080.265266974
7558,19733751.58778027
7559,19698393.75074244
7560,19663006.648752518
7561,19627590.176604964
7562,19592278.57206814
7563,19556941.797904156
7564,19521575.50121655
7565,19486179.57789508
7566,19450825.305183455
7567,19415511.45110742
7568,19380167.82481412
7569,19344794.323284857
7570,19309401.457604177
7571,19274112.303842023
7572,19238793.135907125
7573,19203443.851868268
7574,19168064.34998356
7575,19132753.983874112
7576,19097460.98880574
7577,19062137.644363016
7578,19026783.84988557
7579,18991446.134519458
7580,18956180.956952244
7581,18920885.20420465
7582,18885558.776693333
7583,18850201.5750202
7584,18814962.615791447
7585,18779696.04033569
7586,18744398.572717115
7587,18709070.114608422
7588,18673815.52723083
7589,18638579.65159221
7590,18603312.6735948
7591,18568014.495977286
7592,18532749.225601237
7593,18497545.5125992
7594,18462310.494121905
7595,18427044.07396934
7596,18391773.20503636
7597,18356603.061093394
7598,18321401.41551815
7599,18286168.17316693
7600,18250903.239073765
7601,18215761.68660048
7602,18180594.774056643
7603,18145396.076473705
7604,18110165.49993506
7605,18075030.720399115
7606,18039899.850989856
7607,18004737.01500224
7608,17969542.119563926
7609,17934419.42671289
7610,17899325.863713138
7611,17864200.159209404
7612,17829042.22136845
7613,17793936.99507803
7614,17758881.95811476
7615,17723794.61122888
7616,17688674.86362066
7617,17653592.53384172
7618,17618577.20206753
7619,17583529.39835574
7620,17548449.03293453
7621,17513395.06475243
7622,17478420.580024943
7623,17443413.4676485
7624,17408373.63887373
7625,17373353.518613145
7626,17338420.98869197
7627,17303455.68161797
7628,17268457.509658583
7629,17233476.731971804
7630,17198587.233748224
7631,17163664.81498276
7632,17128709.38895407
7633,17093773.444835648
7634,17058928.02760899
7635,17024049.55247748
7636,16989137.93372513
7637,16954252.299399268
7638,16919451.988216866
7639,16884618.487707783
7640,16849751.713155445
7641,16814921.83978745
7642,16780167.638865978
7643,16745380.123056013
7644,16710559.208634725
7645,16675790.512821063
7646,16641083.409068262
7647,16606342.870648429
7648,16571568.81482665
7649,16536866.669822015
7650,16502207.636481056
7651,16467515.054405259
7652,16432788.841841917
7653,16398158.569484746
7654,16363548.569924373
7655,16328904.913204247
7656,16294227.518547913
7657,16259674.38184829
7658,16225114.373525575
7659,16190520.605197942
7660,16155897.476457438
7661,16121422.193415975
7662,16086913.132041018
7663,16052370.213337397
7664,16017833.240144514
7665,15983409.681645792
7666,15948952.251674287
7667,15914460.872194348
7668,15880015.724755649
7669,15845644.490580808
7670,15811239.296794035
7671,15776800.066312669
7672,15742499.949562026
7673,15708252.9793318
7674,15673972.050831607
7675,15639657.08805488
7676,15605308.01514488
7677,15571061.874699688
7678,15536906.370230539
7679,15502716.839405961
7680,15468493.207436083
7681,15434235.39967933
7682,15400056.009273993
7683,15365992.980142785
7684,15331895.864176558
7685,15297764.587791553
7686,15263599.077550473
7687,15229499.142631782
7688,15195529.528365104
7689,15161525.774195261
7690,15127487.80773365
7691,15093415.556736693
7692,15059407.687658178
7693,15025532.36205429
7694,14991622.850701733
7695,14957679.08239611
7696,14923700.986076841
7697,14889797.674324319
7698,14856017.449542012
7699,14822203.000204777
7700,14788354.256281737
7701,14754471.147884417
7702,14720684.745068226
7703,14687000.375494253
7704,14653281.74942045
7705,14619528.797978714
7706,14585741.452441718
7707,14552084.1518117
7708,14518496.337717794
7709,14484874.241867889
7710,14451217.796545666
7711,14417526.934174266
7712,14384010.754432766
7713,14350520.145433072
7714,14316995.235942168
7715,14283435.95938455
7716,14249842.24932311
7717,14216479.020530105
7718,14183086.218849277
7719,14149659.10429987
7720,14116197.611436505
7721,14082763.2081862
7722,14049503.026331695
7723,14016208.589892635
7724,13982879.834407108
7725,13949516.695549192
7726,13916274.149017602
7727,13883144.865184307
7728,13849981.363321869
7729,13816783.580129137
7730,13783551.452439709
7731,13750370.362303764
7732,13717372.524818571
7733,13684340.511807462
7734,13651274.26111827
7735,13618173.710732033
7736,13585068.914843312
7737,13552203.011742342
7738,13519302.981387513
7739,13486368.76276362
7740,13453400.294987403
7741,13420397.517307777
7742,13387652.868231209
7743,13354885.258016871
7744,13322083.514526214
7745,13289247.577999938
7746,13256377.388809586
7747,13223738.169712989
7748,13191103.364727935
7749,13158434.486875879
7750,13125731.477509586
7751,13092994.278111374
7752,13060474.523840738
7753,13027972.860457119
7754,12995437.189870596
7755,12962867.454534072
7756,12930263.597029079
7757,12897877.071110245
7758,12865508.84043768
7759,12833106.673324509
7760,12800670.513312135
7761,12768200.304069543
7762,12735960.486815305
7763,12703725.937943688
7764,12671457.52834047
7765,12639155.20262401
7766,12606818.905539013
7767,12574738.984169872
7768,12542638.327212255
7769,12510503.89003234
7770,12478335.618313726
7771,12446159.267824788
7772,12414226.318440126
7773,12382259.727387836
7774,12350259.441280816
7775,12318225.406856267
7776,12286234.623525133
7777,12254435.791947877
7778,12222603.407348067
7779,12190737.41738179
7780,12158837.769828323
7781,12127044.868374838
7782,12095380.259819193
7783,12063682.191284977
7784,12031950.611459898
7785,12000185.469154086
7786,11968602.445136966
7787,11937072.136364913
7788,11905508.46492779
7789,11873911.380533686
7790,11842282.107145905
7791,11810919.360471226
7792,11779523.401992397
7793,11748094.182306115
7794,11716631.652129665
7795,11685235.666971954
7796,11654007.192426449
7797,11622745.610558156
7798,11591450.872962628
7799,11560122.931355126
7800,11528971.300563999
7801,11497877.098285092
7802,11466749.897080302
7803,11435589.649532998
7804,11404426.882957958
7805,11373499.772907687
7806,11342539.822687224
7807,11311546.985738704
7808,11280521.215622246
7809,11249624.454787591
7810,11218831.443004742
7811,11188005.705972292
7812,11157147.198099134
7813,11126261.656631581
7814,11095635.245550195
7815,11064976.272483539
7816,11034284.692680005
7817,11003560.461504253
7818,10972961.412214512
7819,10942468.843730597
7820,10911943.834314987
7821,10881386.340162009
7822,10850819.82004702
7823,10820493.27505352
7824,10790134.456562154
7825,10759743.32158774
7826,10729319.827259794
7827,10699059.119980603
7828,10668866.092788171
7829,10638640.918916447
7830,10608383.556305736
7831,10578175.632091878
7832,10548147.977932803
7833,10518088.348379804
7834,10487996.70217502
7835,10457872.998173632
7836,10427989.050769348
7837,10398094.531473015
7838,10368168.169019334
7839,10338209.923055727
7840,10308397.956599234
7841,10278668.097560976
7842,10248906.57020383
7843,10219113.3349586
7844,10189383.05032462
7845,10159817.386867948
7846,10130220.231213741
7847,10100591.544567332
7848,10070952.39984917
7849,10041550.453799926
7850,10012117.192898063
7851,9982652.579114852
7852,9953156.574531773
7853,9923875.070553217
7854,9894605.215004532
7855,9865304.185843106
7856,9835971.945906932
7857,9806798.730968704
7858,9777691.779964399
7859,9748553.835718159
7860,9719384.86181602
7861,9690372.514791416
7862,9661515.347852094
7863,9632627.468629083
7864,9603708.841540806
7865,9574759.431113416
7866,9545817.494143907
7867,9517178.142888116
7868,9488508.32503643
7869,9459808.005934265
7870,9431077.15103405
7871,9402315.725895057
7872,9373802.535545867
7873,9345349.750008758
7874,9316866.71097377
7875,9288353.384805685
7876,9259809.737975255
7877,9231403.20903884
7878,9203166.410352487
7879,9174899.606962329
7880,9146602.766131708
7881,9118275.855229307
7882,9089994.125328159
7883,9061972.253677797
7884,9033920.627066527
7885,9005839.213642856
7886,8977727.981659811
7887,8949588.540636754
7888,8921780.523742324
7889,8893943.002489798
7890,8866075.945899589
7891,8838179.323095547
7892,8810253.103305228
7893,8782603.77618499
7894,8754979.27804879
7895,8727325.496810796
7896,8699642.402452592
7897,8671929.965058671
7898,8644453.89453633
7899,8617041.32803816
7900,8589599.73135317
7901,8562129.075307658
7902,8534629.330829948
7903,8507360.364610268
7904,8480185.550668646
7905,8452981.990155727
7906,8425749.654753806
7907,8398488.516246207
7908,8371304.063200558
7909,8344365.508355995
7910,8317398.490498537
7911,8290402.982152284
7912,8263378.955941504
7913,8236326.384590932
7914,8209595.164420172
7915,8182863.1892046025
7916,8156103.007754749
7917,8129314.593521985
7918,8102497.920057076
7919,8075887.680389741
7920,8049389.242873434
7921,8022862.883160654
7922,7996308.575515942
7923,7969726.294302406
7924,7943255.43643359
7925,7916989.028169866
7926,7890694.9814625615
7927,7864373.271375683
7928,7838023.873071167
7929,7811710.0518667335
7930,7785674.162197639
7931,7759610.917487596
7932,7733520.293586691
7933,7707402.266442114
7934,7681262.405637999
7935,7655455.522866443
7936,7629621.568043679
7937,7603760.517792648
7938,7577872.348832408
7939,7551957.037978418
7940,7526343.269176064
7941,7500737.092092474
7942,7475104.102857094
7943,7449444.278947814
7944,7423757.597938126
7945,7398346.8613520125
7946,7372966.950782719
7947,7347560.51079447
7948,7322127.519611125
7949,7296667.955551141
7950,7271475.080777074
7951,7246319.927288485
7952,7221138.526515005
7953,7195930.857413534
7954,7170696.899034826
7955,7145736.049675085
7956,7120804.146406858
7957,7095846.277335947
7958,7070862.422139576
7959,7045852.560588208
7960,7021137.250506899
7961,6996427.0938755665
7962,6971691.252220802
7963,6946929.705927749
7964,6922150.068735221
7965,6897685.545050598
7966,6873195.635380614
7967,6848680.320714431
7968,6824139.582132885
7969,6799633.243608053
7970,6775387.193138419
7971,6751116.035227365
7972,6726819.751548226
7973,6702498.3238652665
7974,6678276.937680127
7975,6654247.87103358
7976,6630193.974656955
7977,6606115.230895819
7978,6582011.622185739
7979,6558086.25617507
7980,6534272.689430584
7981,6510434.569790959
7982,6486571.880262041
7983,6462684.603938933
7984,6439065.755963672
7985,6415466.211068269
7986,6391842.38919402
7987,6368194.2739952225
7988,6344582.471484314
7989,6321219.462829234
7990,6297832.467948598
7991,6274421.471045958
7992,6250986.456412589
7993,6227703.085608047
7994,6204550.88832863
7995,6181374.978155641
7996,6158175.339918804
7997,6134951.958535068
7998,6112005.889637443
7999,6089063.04624856
8000,6066096.762272902
8001,6043107.023155184
8002,6020205.193181839
8003,5997493.40857116
8004,5974758.468655771
8005,5952000.359398627
8006,5929219.066848415
8007,5906673.2949736975
8008,5884167.7011341145
8009,5861639.2215443505
8010,5839087.842760925
8011,5816609.445992811
8012,5794331.2127085095
8013,5772030.375053295
8014,5749706.920082261
8015,5727360.834934733
8016,5705255.281149357
8017,5683180.110373259
8018,5661082.601934932
8019,5638962.743462142
8020,5616945.722608366
8021,5595094.256521224
8022,5573220.730199107
8023,5551325.1317491885
8024,5529407.904993905
8025,5507778.194432422
8026,5486126.698835549
8027,5464453.406780844
8028,5442758.30692788
8029,5421236.870068341
8030,5399805.466969338
8031,5378352.540845135
8032,5356878.080815983
8033,5335474.807276417
8034,5314261.571727421
8035,5293027.084348271
8036,5271771.3347112145
8037,5250496.120396295
8038,5229499.140824805
8039,5208481.178381025
8040,5187442.223080628
8041,5166382.265018996
8042,5145521.904896585
8043,5124718.567031981
8044,5103894.503467206
8045,5083049.704731721
8046,5062333.209572255
8047,5041742.609445103
8048,5021131.548530855
8049,5000500.017784719
8050,4979936.027292287
8051,4959556.29162099
8052,4939156.35783425
8053,4918736.21730467
8054,4898332.968866232
8055,4878162.237960732
8056,4857971.569372359
8057,4837760.954882907
8058,4817530.386351114
8059,4797562.722552973
8060,4777579.4708470935
8061,4757576.531837478
8062,4737553.897783313
8063,4717759.680205963
8064,4697982.010687334
8065,4678184.910221161
8066,4658368.371459089
8067,4638754.717225256
8068,4619180.808816419
8069,4599587.723578714
8070,4579975.4545483645
8071,4560549.121940851
8072,4541177.167169401
8073,4521786.287454138
8074,4502376.476208193
8075,4483143.874984955
8076,4463972.079962179
8077,4444781.609651345
8078,4425572.45783494
8079,4406539.6593248565
8080,4387566.24371653
8081,4368574.400251266
8082,4349564.123073351
8083,4330736.870053701
8084,4311960.067043493
8085,4293165.081387801
8086,4274351.9075852595
8087,4255735.623942401
8088,4237153.680189137
8089,4218553.7967874445
8090,4199935.968582963
8091,4181535.7687578714
8092,4163146.944346732
8093,4144740.4210752784
8094,4126316.868237872
8095,4108136.8923500604
8096,4089939.4607385914
8097,4071724.568851812
8098,4053528.8638918735
8099,4035538.331513383
8100,4017530.579472825
8101,3999505.6035449924
8102,3981541.967289303
8103,3963739.1806258154
8104,3945919.4081781
8105,3928082.646040489
8106,3910355.02563546
8107,3892738.300070284
8108,3875104.8204214135
8109,3857454.5830959883
8110,3839966.660419484
8111,3822534.324443064
8112,3805085.4639129764
8113,3787620.0755423936
8114,3770375.275416158
8115,3753125.670552851
8116,3735859.768502367
8117,3718634.035037208
8118,3701593.080870802
8119,3684536.0685479576
8120,3667462.9953096067
8121,3650458.822494184
8122,3633608.3501813076
8123,3616742.053229209
8124,3599859.929166853
8125,3583081.435279514
8126,3566419.5861385954
8127,3549742.143428577
8128,3533049.104959743
8129,3516500.1234466545
8130,3500025.054717279
8131,3483534.6210544114
8132,3467028.820543137
8133,3450712.909260879
8134,3434422.793994425
8135,3418117.5400083945
8136,3401809.655465346
8137,3385717.5958814337
8138,3369610.6228300333
8139,3353488.73486426
8140,3337422.709991757
8141,3321511.7758098855
8142,3305586.14931376
8143,3289645.829312861
8144,3273824.425698826
8145,3258092.8391098287
8146,3242346.778983561
8147,3226586.244379768
8148,3211011.9828630686
8149,3195457.981404109
8150,3179889.722821959
8151,3164346.4962352263
8152,3148982.3752151253
8153,3133604.211653974
8154,3118212.0050341547
8155,3102972.871512384
8156,3087881.5045416853
8157,3072776.3981410437
8158,3057657.552023427
8159,3042524.9659602395
8160,3027468.673255245
8161,3012632.0707726455
8162,2997782.0262073316
8163,2982918.53955176
8164,2968041.61085596
8165,2953181.8382183467
8166,2938596.1070723017
8167,2923997.226068236
8168,2909385.195467956
8169,2894760.0155898947
8170,2880121.686809035
8171,2865770.724310396
8172,2851419.1624499923
8173,2837054.7384190126
8174,2822677.4527943106
8175,2808287.306208359
8176,2794152.274547751
8177,2780044.240617369
8178,2765923.6269375524
8179,2751790.43433385
8180,2737644.6636865814
8181,2723736.391892093
8182,2709868.147231327
8183,2695987.6003013104
8184,2682094.7521668957
8185,2668189.6039467147
8186,2654518.0317957895
8187,2640885.8896494564
8188,2627241.7178363707
8189,2613585.517651414
8190,2599917.290442275
8191,2586491.508846536
8192,2573091.833720056
8193,2559680.396714442
8194,2546257.199345565
8195,2532822.243181208
8196,2519650.5331001785
8197,2506479.7401187597
8198,2493297.448293375
8199,2480103.6593520627
8200,2466922.4483507886
8201,2453988.2450038297
8202,2441042.799276057
8203,2428086.1130490643
8204,2415118.1882545273
8205,2402209.8441092717
8206,2389497.2489564694
8207,2376773.664942692
8208,2364039.0941456496
8209,2351293.5386923486
8210,2338664.0647659586
8211,2326169.645552319
8212,2313664.486438141
8213,2301148.5896891695
8214,2288621.9576195218
8215,2276276.6900372976
8216,2263997.06255146
8217,2251706.9396268036
8218,2239406.323709122
8219,2227096.771714927
8220,2215038.8571614167
8221,2202970.6846208367
8222,2190892.2566646268
8223,2178803.5759108565
8224,2166791.274494915
8225,2154941.2894451525
8226,2143081.281887168
8227,2131211.2545579835
8228,2119331.210240366
8229,2107619.6186429537
8230,2095974.3236633511
8231,2084319.237342357
8232,2072654.362575183
8233,2061005.9664822945
8234,2049571.7351310833
8235,2038127.9363498867
8236,2026674.573140838
8237,2015211.6485501402
8238,2003873.3271270245
8239,1992637.2205008336
8240,1981391.7690183874
8241,1970136.9758266131
8242,1958878.395951901
8243,1947846.4433256004
8244,1936805.3610439482
8245,1925755.1523494567
8246,1914695.8205270802
8247,1903754.46969357
8248,1892914.270548107
8249,1882065.1559855212
8250,1871207.1293804587
8251,1860359.701529276
8252,1849716.9550824706
8253,1839065.4999875065
8254,1828405.3397038826
8255,1817736.4777319494
8256,1807211.433166853
8257,1796754.257751721
8258,1786288.579843193
8259,1775814.4030209014
8260,1765395.3080893
8261,1755129.086628551
8262,1744854.56128314
8263,1734571.7357074255
8264,1724280.6135950785
8265,1714187.2508171739
8266,1704100.601552598
8267,1694005.846721147
8268,1683902.9900859597
8269,1673925.6433748084
8270,1664023.6462442202
8271,1654113.7342602126
8272,1644195.9112511196
8273,1634340.807370069
8274,1624620.2901783022
8275,1614892.0449656374
8276,1605156.075621393
8277,1595428.9562092277
8278,1585886.7977393002
8279,1576337.0942680673
8280,1566779.8497417588
8281,1557215.0681429647
8282,1547819.12241277
8283,1538444.8859351703
8284,1529063.2877291234
8285,1519674.3318294946
8286,1510412.9255499486
8287,1501211.1308463602
8288,1492002.1500572124
8289,1482785.9872658316
8290,1473663.5943856803
8291,1464631.2650209747
8292,1455591.921594996
8293,1446545.5682358185
8294,1437566.2593354138
8295,1428700.4669253295
8296,1419827.8289237942
8297,1410948.3495000913
8298,1402115.810595541
8299,1393413.6740830606
8300,1384704.8569576945
8301,1375989.36342651
8302,1367306.9140710686
8303,1358765.5990126904
8304,1350217.7648910037
8305,1341663.4159474922
8306,1333134.0266534225
8307,1324750.7445152693
8308,1316361.1014957214
8309,1307965.101867427
8310,1299591.410870983
8311,1291363.4183346457
8312,1283129.2197915693
8313,1274888.819542414
8314,1266673.1489338337
8315,1258597.7472118542
8316,1250516.2911099764
8317,1242428.7849538713
8318,1234373.1561937046
8319,1226447.690354533
8320,1218516.3185730798
8321,1210579.0451971157
8322,1202711.1818765076
8323,1195023.103769733
8324,1187329.3323352502
8325,1179629.8718877798
8326,1171924.7267706837
8327,1164213.9013560247
8328,1156564.7506792299
8329,1149096.1829440286
8330,1141622.1359269714
8331,1134142.6139628051
8332,1126657.6214140565
8333,1119167.162670972
8334,1111746.5665362626
8335,1104491.6089803744
8336,1097231.3792150838
8337,1089965.881589398
8338,1082695.1204791951
8339,1075419.100287208
8340,1068235.4016271431
8341,1061188.3028258986
8342,1054136.1321114807
8343,1047078.8938416931
8344,1040016.5924002875
8345,1032949.2321970203
8346,1026009.385523835
8347,1019164.5393071322
8348,1012314.8148896815
8349,1005460.2166328607
8350,998600.7489231694
8351,991736.416172207
8352,985046.0916760237
8353,978398.0336924709
8354,971745.2848245233
8355,965087.8494322126
8356,958425.7318998916
8357,951774.6996999834
8358,945322.6181682925
8359,938866.0225249963
8360,932404.9171006903
8361,925939.3062494834
8362,919469.1943489385
8363,913081.6480483984
8364,906815.6630578883
8365,900545.3390344196
8366,894270.6802990665
8367,887991.6911956223
8368,881708.3760905471
8369,875596.0811189099
8370,869523.0578128088
8371,863445.8729267115
8372,857364.5307594431
8373,851279.0356316904
8374,845189.3918860428
8375,839290.3874439092
8376,833404.6951639585
8377,827515.0124113512
8378,821621.3434588526
8379,815723.6926003257
8380,809841.7067957608
8381,804141.6997537566
8382,798437.8629778867
8383,792730.2006910046
8384,787018.7171362829
8385,781303.4165772498
8386,775650.3948969567
8387,770126.7599042847
8388,764599.4542202139
8389,759068.4820354627
8390,753533.8475603703
8391,747995.5550248438
8392,742574.4292306914
8393,737221.9948155808
8394,731866.0429923299
8395,726506.577916478
8396,721143.6037624638
8397,715777.1247235722
8398,710589.8489642404
8399,705403.586820059
8400,700213.9549753363
8401,695020.9575476085
8402,689824.5986725703
8403,684694.2647937181
8404,679672.5174946743
8405,674647.5387461149
8406,669619.3326073972
8407,664587.9031554001
8408,659553.2544845027
8409,654663.5366042438
8410,649798.1824854736
8411,644929.7340461807
8412,640058.1953033234
8413,635183.5702906906
8414,630366.7185134537
8415,625656.1079781872
8416,620942.5312423473
8417,616225.9922619993
8418,611506.4950094158
8419,606784.0434731006
8420,602210.9758248131
8421,597647.5282492635
8422,593081.2417058594
8423,588512.1201045632
8424,583940.1673709182
8425,579451.9510159239
8426,575034.0294799568
8427,570613.3876334255
8428,566190.0293232609
8429,561763.958411395
8430,557367.7640581834
8431,553090.9009409713
8432,548811.4317090232
8433,544529.3601456521
8434,540244.690048631
8435,535957.425230149
8436,531806.6272670022
8437,527663.9904025801
8438,523518.8610299892
8439,519371.2428823728
8440,515221.13970673835
8441,511169.3647950924
8442,507159.34816637455
8443,503146.9446920491
8444,499132.1580402611
8445,495114.9918925122
8446,491166.9909048141
8447,487285.5068751848
8448,483401.73764539056
8449,479515.68681833666
8450,475627.35800977214
8451,471787.1498392608
8452,468030.2317446795
8453,464271.12621731055
8454,460509.8367946671
8455,456746.36702657695
8456,453017.2952102058
8457,449381.0939315662
8458,445742.7992441118
8459,442102.4146198675
8460,438459.9435426888
8461,434844.7293806078
8462,431325.51000865764
8463,427804.28763883054
8464,424281.06567764573
8465,420755.84754301026
8466,417259.52228332503
8467,413866.3561442074
8468,410471.28111355234
8469,407074.3005198821
8470,403675.41770262044
8471,400274.63601205143
8472,396968.7186710004
8473,393695.41212765244
8474,390420.2900356788
8475,387143.35565670463
8476,383864.6122627659
8477,380622.0702895406
8478,377466.3003193618
8479,374308.8009589961
8480,371149.5753930463
8481,367988.6268160737
8482,364825.9584325599
8483,361773.2277211038
8484,358729.25765878457
8485,355683.64376941376
8486,352636.3891709056
8487,349587.49699066055
8488,346605.1938484212
8489,343670.7973757366
8490,340734.8358983559
8491,337797.312458423
8492,334858.2301071689
8493,331950.96645782597
8494,329122.3211235642
8495,326292.18619209464
8496,323460.56463073083
8497,320627.4594154657
8498,317799.12825031346
8499,315072.5405317249
8500,312344.53534465603
8501,309615.11558256805
8502,306884.28414718946
8503,304152.0439485284
8504,301510.02089063963
8505,298880.5735123419
8506,296249.78046721884
8507,293617.644583767
8508,290984.16869838734
8509,288423.2206453708
8510,285888.879938612
8511,283353.259452792
8512,280816.3619442382
8513,278278.19017680135
8514,275800.5275692917
8515,273357.9592550822
8516,270914.1741507142
8517,268469.1749414163
8518,266022.96431959583
8519,263630.29183602775
8520,261276.27467698118
8521,258921.10093484435
8522,256564.77322484387
8523,254207.2941690704
8524,251900.856194936
8525,249632.2782984479
8526,247362.6013567468
8527,245091.8279161955
8528,242819.96052970385
8529,240600.58344351436
8530,238414.43868116473
8531,236227.24985071982
8532,234039.01943083495
8533,231849.74990638916
8534,229717.8813786245
8535,227611.26591830872
8536,225503.6589106218
8537,223395.06276766607
8538,221285.47990747425
8539,219241.22539763272
8540,217211.33434504565
8541,215180.50190984184
8542,213148.73043873932
8543,211116.0222841194
8544,209159.17891041958
8545,207203.30305659305
8546,205246.533725555
8547,203288.87319983557
8548,201344.03908936668
8549,199460.41171362365
8550,197575.9343852934
8551,195690.60931877577
8552,193804.438733616
8553,191948.5162305796
8554,190133.71646924937
8555,188318.110478957
8556,186501.7004125629
8557,184684.4884278262
8558,182916.4342309729
8559,181168.02342134804
8560,179418.84811426894
8561,177668.9104022616
8562,175920.44063229932
8563,174236.79040641786
8564,172552.41347627493
8565,170867.31187081226
8566,169181.48762341274
8567,167522.90594792747
8568,165906.63979020691
8569,164289.68739295297
8570,162672.05072047553
8571,161053.73174127904
8572,159460.53170681375
8573,157909.33541573834
8574,156357.4914646385
8575,154805.0017544112
8576,153251.86818992402
8577,151723.17986115246
8578,150234.83411715514
8579,148745.87749124362
8580,147256.31182210104
8581,145766.13895217885
8582,144300.86761043346
8583,142873.24553444987
8584,141445.04763372592
8585,140016.2756859196
8586,138586.93147225273
8587,137183.77800428492
8588,135814.84288465907
8589,134445.36535377864
8590,133075.3471294401
8591,131704.78993279694
8592,130362.26864458088
8593,129050.07183928574
8594,127737.3644666943
8595,126424.14818586662
8596,125110.42465903195
8597,123826.87847741882
8598,122569.55750064754
8599,121311.7563021966
8600,120053.47648348508
8601,118794.71964893084
8602,117568.3326232424
8603,116364.10942801883
8604,115159.43492672384
8605,113954.31066420965
8606,112748.73818815655
8607,111577.54514043019
8608,110424.72461204029
8609,109271.48032879083
8610,108117.81378000572
8611,106963.72645766263
8612,105845.6195494267
8613,104742.58822844947
8614,103639.15940243517
8615,102535.3345061704
8616,101431.11497693871
8617,100363.84685559581
8618,99309.07191422883
8619,98253.92447676742
8620,97198.40592441255
8621,96142.51764072006
8622,95123.31327485945
8623,94114.83833785406
8624,93106.01455610507
8625,92096.84325881145
8626,91087.32577738422
8627,90115.5381487454
8628,89151.36158533757
8629,88186.85849543061
8630,87222.03015793412
8631,86256.87785383064
8632,85332.28211026218
8633,84410.48785325397
8634,83488.38812446894
8635,82565.98415419146
8636,81646.41422375993
8637,80765.45491921152
8638,79884.20881877028
8639,79002.67710388711
8640,78120.86095784022
8641,77249.31142223907
8642,76407.12578475472
8643,75564.67211948511
8644,74721.95156257386
8645,73878.96525187658
8646,73054.62355285427
8647,72249.53202711044
8648,71444.19016535954
8649,70638.59905996619
8650,69832.75980490434
8651,69054.69136688503
8652,68285.08623532686
8653,67515.24744000996
8654,66745.1760310137
8655,65977.4784450275
8656,65242.03973756452
8657,64506.38206520363
8658,63770.50643577563
8659,63034.413858527114
8660,62312.361256203854
8661,61609.382099487215
8662,60906.198809623726
8663,60202.81235510954
8664,59499.22370576518
8665,58821.55254414956
8666,58149.62378756207
8667,57477.50486265041
8668,56805.196699943685
8669,56140.14081717827
8670,55498.09156027259
8671,54855.864386527166
8672,54213.460188666366
8673,53570.87986057462
8674,52948.86695416443
8675,52335.21583047873
8676,51721.39919281143
8677,51107.41789861009
8678,50499.18301208982
8679,49912.849697547215
8680,49326.36171338284
8681,48739.71988199624
8682,48152.925026801364
8683,47586.03440809412
8684,47025.67116444489
8685,46465.16425429231
8686,45904.514467282876
8687,45353.38787210565
8688,44822.1826886793
8689,44290.844476886756
8690,43759.37398797375
8691,43227.77197406101
8692,42701.011864444685
8693,42197.343197362614
8694,41693.552144658686
8695,41189.63942176823
8696,40685.60574493212
8697,40183.425138810904
8698,39705.88972804824
8699,39228.24183957713
8700,38750.48215459951
8701,38272.611355060144
8702,37795.05086184841
8703,37342.315658340696
8704,36889.47719656731
8705,36436.53612501167
8706,35983.49309284444
8707,35530.44374664124
8708,35101.242468077326
8709,34671.94650584332
8710,34242.55647716104
8711,33813.07299988499
8712,33384.29683765252
8713,32977.42668963452
8714,32570.46982873394
8715,32163.426842310553
8716,31756.298318302237
8717,31351.446897261147
8718,30965.765452071668
8719,30580.00469958169
8720,30194.165198628376
8721,29808.24750857955
8722,29426.8785416569
8723,29061.30076724321
8724,28695.650562202813
8725,28329.928458136612
8726,27964.134987134436
8727,27605.727261046864
8728,27259.22269315132
8729,26912.652076520335
8730,26566.01591675435
8731,26219.314719901315
8732,25883.281447268033
8733,25554.871497972985
8734,25226.40141912732
8735,24897.871691516404
8736,24569.282796331998
8737,24254.983541027643
8738,23943.738937282586
8739,23632.439690609728
8740,23321.086258113202
8741,23011.34206025129
8742,22716.430400967587
8743,22421.468746967497
8744,22126.457532420212
8745,21831.397191835353
8746,21542.84426149508
8747,21263.37298751447
8748,20983.856445075027
8749,20704.295046825813
8750,20424.689205725717
8751,20156.541468794792
8752,19891.715446003323
8753,19626.84852735095
8754,19361.941104962385
8755,19099.34779787174
8756,18848.44934468165
8757,18597.513665762992
8758,18346.541133414623
8759,18095.532120192256
8760,17852.46393636877
8761,17614.735396918168
8762,17376.973384686495
8763,17139.178253341182
8764,16902.163618704635
8765,16676.955278475045
8766,16451.716594419355
8767,16226.447902235093
8768,16001.149537832645
8769,15782.618288074264
8770,15569.251036163749
8771,15355.85665313794
8772,15142.435457793235
8773,14930.178781822475
8774,14728.064573723095
8775,14525.92589330194
8776,14323.763043078854
8777,14121.576325747443
8778,13926.657947774143
8779,13735.188186905994
8780,13543.696696096915
8781,13352.1837625447
8782,13163.549368230702
8783,12982.19195235003
8784,12800.815057531547
8785,12619.418956239613
8786,12438.003921078827
8787,12265.5055067137
8788,12093.715131615852
8789,11921.907611109997
8790,11750.083203778868
8791,11583.720537767935
8792,11421.015834979798
8793,11258.295884717038
8794,11095.560932234135
8795,10935.455058909438
8796,10781.36102463569
8797,10627.253488992601
8798,10473.132684567225
8799,10319.355897763395
8800,10173.422056033713
8801,10027.47631779296
8802,9881.518903589515
8803,9735.550034059677
8804,9595.899917837021
8805,9457.688647741521
8806,9319.467163756708
8807,9181.23567506982
8808,9047.52698611876
8809,8916.644955231626
8810,8785.754051017693
8811,8654.854471786408
8812,8527.068437043477
8813,8403.13138880848
8814,8279.186694935534
8815,8155.234543400325
8816,8033.323353737913
8817,7915.96693278709
8818,7798.60398908901
8819,7681.234700803714
8820,7565.125559963824
8821,7454.004294861052
8822,7342.877532651354
8823,7231.745442172952
8824,7121.344210352332
8825,7016.130547599431
8826,6910.912323182993
8827,6805.689697089415
8828,6700.89295579048
8829,6601.393489625806
8830,6501.890318049498
8831,6402.383592464455
8832,6302.873464305594
8833,6208.596190621018
8834,6114.501012679581
8835,6020.403049555045
8836,5926.3024445379615
8837,5836.743069805431
8838,5747.765132904479
8839,5658.785106781183
8840,5569.803127004322
8841,5484.871094796839
8842,5400.735097755168
8843,5316.597640156873
8844,5232.458850250496
8845,5152.049888126819
8846,5072.495170226409
8847,4992.939558327851
8848,4913.383173740887
8849,4837.381681256198
8850,4762.161453283822
8851,4686.940840594258
8852,4611.719957921231
8853,4540.001135157622
8854,4468.881750294916
8855,4397.762437213965
8856,4326.643304417017
8857,4259.075044738364
8858,4191.835307266175
8859,4124.596049475059
8860,4057.372178714865
8861,3993.8019427305258
8862,3930.2324526142434
8863,3866.663805368199
8864,3803.5101589047563
8865,3743.411617165858
8866,3683.3141486864715
8867,3623.2178451719774
8868,3563.9790051213076
8869,3507.164555172713
8870,3450.3514678605143
8871,3393.5398298725895
8872,3338.05926148539
8873,3284.3513245674367
8874,3230.645004782478
8875,3176.940384066222
8876,3125.0614116278534
8877,3074.2919035565274
8878,3023.524235144748
8879,2972.758483827837
8880,2924.325138194607
8881,2876.3349678101367
8882,2828.3468303421437
8883,2780.582085926528
8884,2735.2185494341566
8885,2689.8571432013614
8886,2644.4979363773
8887,2600.0148049225545
8888,2557.137380210937
8889,2514.2622316270654
8890,2471.389424501966
8891,2430.0303309551555
8892,2389.504173987712
8893,2348.980416521619
8894,2308.45912027385
8895,2270.5265205098767
8896,2232.698616243662
8897,2194.8731835070785
8898,2157.050279873494
8899,2120.3917211568014
8900,2085.088734477706
8901,2049.7882706398013
8902,2014.4903833373105
8903,1979.1951262514604
8904,1946.2264617789858
8905,1913.2887360221666
8906,1880.3536160900721
8907,1847.4211520324475
8908,1815.6766388743843
8909,1784.9498393051686
8910,1754.2256588041316
8911,1723.504144021875
8912,1693.0177222706557
8913,1664.3597942093004
8914,1635.704484316125
8915,1607.0518360603578
8916,1578.4018928973298
8917,1551.1203329044683
8918,1524.4009636414614
8919,1497.6842397190717
8920,1470.9702016154545
8921,1444.8471061619623
8922,1419.9393051688728
8923,1395.0341225515194
8924,1370.131596002123
8925,1345.2317631987007
8926,1321.9573485662986
8927,1298.7473386223487
8928,1275.539945904878
8929,1252.335205485409
8930,1230.1067326182915
8931,1208.4830306830816
8932,1186.8618992924244
8933,1165.2433710792836
8934,1144.0529541255596
8935,1123.913721265039
8936,1103.777005552795
8937,1083.6428373404735
8938,1063.511246965748
8939,1045.0347314992655
8940,1026.6048205639208
8941,1008.1773538509785
8942,989.7523590861799
8943,971.3298639815383
8944,953.8253663219654
8945,936.9607370019423
8946,920.0984730054233
8947,903.2385996547614
8948,886.3811422588793
8949,869.889341488107
8950,854.4579985682866
8951,839.0289376322381
8952,823.6021818029899
8953,808.1777541905784
8954,792.7556778920182
8955,778.5991403283683
8956,764.4823302225774
8957,750.3677367488847
8958,736.2553810056714
8959,722.1452840786334
8960,708.9128113486647
8961,695.9974302128076
8962,683.0841754120119
8963,670.1730662045109
8964,657.2641218363456
8965,644.9536032060912
8966,633.1381179510406
8967,621.3246678591038
8968,609.5132705056036
8969,597.7039434542484
8970,586.3016535820364
8971,575.4930475984731
8972,564.6863855326294
8973,553.8816834210636
8974,543.0789572892137
8975,532.5620706971303
8976,522.6751352180297
8977,512.7900530109383
8978,502.90683870571564
8979,493.02550692151704
8980,483.36421759186925
8981,474.32090151153056
8982,465.2793492177703
8983,456.2395740546311
8984,447.2015893559653
8985,438.36573465441046
8986,430.1134644634243
8987,421.8628663667877
8988,413.6139525056244
8989,405.36673501144395
8990,397.2352652059272
8991,389.70530196553005
8992,382.17692152374053
8993,374.65013492516334
8994,367.1249532052951
8995,359.6721656001914
8996,352.8017015544819
8997,345.93273369246083
8998,339.0652720593975
8999,332.1993266918897
9000,325.39554925762644
9001,319.1271999038121
9002,312.86026301675446
9003,306.5947477310743
9004,300.33066317319924
9005,294.1434575252058
9006,288.424796830412
9007,282.70746794276454
9008,276.9914791672057
9009,271.2768388009988
9010,265.67199185591807
9011,260.4551269873434
9012,255.2395164334411
9013,250.02516774343223
9014,244.81208845930584
9015,239.75442362899014
9016,234.99560586728242
9017,230.2379681625651
9018,225.4815173758309
9019,220.72626036123015
9020,216.18029505918366
9021,211.83956384295075
9022,207.4999416927377
9023,203.16143484285337
9024,198.82404952117867
9025,194.75452217881755
9026,190.79537948321837
9027,186.83727813116397
9028,182.88022378642833
9029,178.924222106782
9030,175.29650876694657
9031,171.6856212532266
9032,168.07571060567275
9033,164.4667819687721
9034,160.9332626260824
9035,157.63927830102122
9036,154.34620488844772
9037,151.05404706553495
9038,147.76280950421273
9039,144.6325399735388
9040,141.62862947613965
9041,138.62557218461745
9042,135.6233723458332
9043,132.6220342017415
9044,129.86154197368396
9045,127.12231954090583
9046,124.38389563301652
9047,121.64627410542371
9048,118.9854482290467
9049,116.48699177550036
9050,113.98927860525771
9051,111.49231222193595
9052,108.99609612488503
9053,106.66428440805183
9054,104.38622342224784
9055,102.10885715745813
9056,99.8321887932339
9057,97.60107041517281
9058,95.52343607314374
9059,93.44644772539445
9060,91.37010826051475
9061,89.2944205633942
9062,87.35176897880669
9063,85.45761048495534
9064,83.5640550392515
9065,81.67110526217492
9066,79.82431486948647
9067,78.09696727833648
9068,76.37017990499939
9069,74.64395512946196
9070,72.91829532850315
9071,71.32130113748802
9072,69.74666229445724
9073,68.17254583273171
9074,66.59895391061762
9075,65.08958776867217
9076,63.653753212071734
9077,62.218403507763846
9078,60.78354061539896
9079,59.362998807410634
9080,58.05378892870097
9081,56.745028901105385
9082,55.436720503661284
9083,54.1288655128473
9084,52.9111808622577
9085,51.717896799308605
9086,50.52503157655536
9087,49.332586806485736
9088,48.19238625126018
9089,47.10443543213575
9090,46.01687290837131
9091,44.9297001433993
9092,43.86586355413702
9093,42.8739898523223
9094,41.88247600665745
9095,40.89132334512227
9096,39.902015917509765
9097,38.99777269900645
9098,38.093862870670876
9099,37.19028763740509
9100,36.28704820222119
9101,35.44880523476922
9102,34.624793696562946
9103,33.80109202336997
9104,32.97770130652514
9105,32.20185109767384
9106,31.450706724205745
9107,30.699849224937594
9108,29.949279589754884
9109,29.23334482137209
9110,28.548652327745064
9111,27.864225343587872
9112,27.18006476663885
9113,26.52131684077749
9114,25.897223112168394
9115,25.273375047589017
9116,24.64977346109858
9117,24.045316411314428
9118,23.476481484931817
9119,22.90787379577175
9120,22.3394940819142
9121,21.786333620656542
9122,21.267885919112
9123,20.749648351838417
9124,20.231621587930658
9125,19.72672145795034
9126,19.25421690740387
9127,18.78190662287727
9128,18.30979121084146
9129,17.85011872232027
9130,17.419503420193646
9131,16.989067666754977
9132,16.558812011635005
9133,16.141374396013475
9134,15.74895052181161
9135,15.356692551222944
9136,14.964600982293934
9137,14.586473974362736
9138,14.228868663442702
9139,13.871416609525676
9140,13.514118263850841
9141,13.172468131793078
9142,12.846605055972022
9143,12.520883519842684
9144,12.19530393217604
9145,11.88740400764503
9146,11.590477428554475
9147,11.293681536361388
9148,10.99701670130958
9149,10.72025931536719
9150,10.44971039657583
9151,10.179282115771489
9152,9.908974808254499
9153,9.660879411467233
9154,9.414374593801924
9155,9.167981112392969
9156,8.924608596736412
9157,8.69991740480459
9158,8.475328666142776
9159,8.25084265618703
9160,8.03348502103396
9161,7.828777340727413
9162,7.624164176917719
9163,7.419645778942237
9164,7.2260546549431695
9165,7.0395604568376955
9166,6.853153434485689
9167,6.666833813564713
9168,6.4949091200436175
9169,6.3250144766160386
9170,6.1552002213433195
9171,5.9880930475370215
9172,5.833252500861542
9173,5.678485882700735
9174,5.523793378250908
9175,5.37590370163164
9176,5.234855323210626
9177,5.093875092387436
9178,4.952963176714628
9179,4.822491256187921
9180,4.694011446554517
9181,4.565594443108133
9182,4.440225400630123
9183,4.326057362454599
9184,4.211945621095108
9185,4.097890310521403
9186,3.983891564399986
9187,3.876803161066374
9188,3.775463542348231
9189,3.6741746129292547
9190,3.5729364906642593
9191,3.4717492931362175
9192,3.3808296079104454
9193,3.2908882444401746
9194,3.200992504837755
9195,3.1111424927487157
9196,3.024521060550271
9197,2.944665487682695
9198,2.864850873311557
9199,2.7850773087749547
9200,2.705344885192836
9201,2.6323416815202556
9202,2.561486604348703
9203,2.4906683679415442
9204,2.4198870525752905
9205,2.350955975202401
9206,2.288063104900345
9207,2.225203288843179
9208,2.162376597736013
9209,2.0995831021090874
9210,2.041932813124479
9211,1.986145008403146
9212,1.9303869145826222
9213,1.8746585937645146
9214,1.820634731425187
9215,1.7711308233269496
9216,1.7216535563704223
9217,1.6722029852201996
9218,1.6227791644009393
9219,1.5779689250722975
9220,1.534072113419716
9221,1.4901992314437496
9222,1.446350327123397
9223,1.404633065012501
9224,1.3656940738052172
9225,1.3267765263168327
9226,1.2878804647533042
9227,1.249293181399607
9228,1.2154032055956585
9229,1.1815320812624985
9230,1.1476798448226397
9231,1.113846532600608
9232,1.080032180822573
9233,1.050404668379348
9234,1.0209438015147647
9235,0.9914995670898077
9236,0.9620719963580965
9237,0.932661120487002
9238,0.9067146939455942
9239,0.8810915379811691
9240,0.8554830246655623
9241,0.8298891808813637
9242,0.8043100334358813
9243,0.7817349469053877
9244,0.7594510518114269
9245,0.7371800444568168
9246,0.7149219479577217
9247,0.6926767853643324
9248,0.6731603005419217
9249,0.6537817552963164
9250,0.6344145504755626
9251,0.6150587059512309
9252,0.5958105751974826
9253,0.5789497193288454
9254,0.5620988228599988
9255,0.5452579029185811
9256,0.5284269765816565
9257,0.5119600542655511
9258,0.4972992976421408
9259,0.4826473009352867
9260,0.46800407886034406
9261,0.45336964608826785
9262,0.4393643725893799
9263,0.426617451568856
9264,0.41387823368739435
9265,0.40114673158373076
9266,0.3884229578577714
9267,0.3765844298431493
9268,0.36550221580104064
9269,0.35442677409166673
9270,0.343358115566744
9271,0.3322962510440291
9272,0.32235486838360594
9273,0.3127205657319562
9274,0.3030922157718632
9275,0.2934698278176551
9276,0.2839449601841118
9277,0.2755647001517031
9278,0.26718966322166277
9279,0.25881985741205926
9280,0.2504552907149969
9281,0.2425243213300108
9282,0.23523982148173192
9283,0.2279599107971405
9284,0.2206845961541822
9285,0.21341388440809753
9286,0.20685890550935537
9287,0.20052728282143772
9288,0.19419969145808477
9289,0.18787613731721786
9290,0.18169081614070956
9291,0.1761842296771055
9292,0.17068117870681113
9293,0.1651816683029142
9294,0.15968570352117106
9295,0.1546183599390489
9296,0.14983264016447628
9297,0.14505002496566471
9298,0.14027051869005755
9299,0.13554239578060057
9300,0.13138070542055563
9301,0.1272217369598172
9302,0.12306549413583337
9303,0.11891198067283039
9304,0.11507462150412358
9305,0.11145815257253767
9306,0.10784407292175918
9307,0.10423238575250138
9308,0.10068546693397407
9309,0.09754088495430285
9310,0.09439839712768353
9311,0.09125800620420584
9312,0.08811971492388317
9313,0.08527098330084866
9314,0.0825386812335915
9315,0.07980821676669607
9316,0.0770795922536773
9317,0.07446791935040206
9318,0.0720923747787224
9319,0.06971844036104922
9320,0.067346118118386
9321,0.06497541006404431
9322,0.06290318782079013
9323,0.06083932694353744
9324,0.058776878480074374
9325,0.056715844158709866
9326,0.05483003601685079
9327,0.05303583220829291
9328,0.05124286564821605
9329,0.04945113781985391
9330,0.047745948705784615
9331,0.046186242061157214
9332,0.044627619088417704
9333,0.04307008106011753
9334,0.041536972604239726
9335,0.04018117769201713
9336,0.038826331821397116
9337,0.037472436083865746
9338,0.036119491566471415
9339,0.03492260720641852
9340,0.03374495030384058
9341,0.032568125373318046
9342,0.03139213334689159
9343,0.030322882729935843
9344,0.029299288387664994
9345,0.02827642246398993
9346,0.02725428575780947
9347,0.02630381633285578
9348,0.025414170172476488
9349,0.024525161690812168
9350,0.023636791572429455
9351,0.022795803760261583
9352,0.02202261201501367
9353,0.021249978446894784
9354,0.020477903642319675
9355,0.019737001563568238
9356,0.019065050406217997
9357,0.018393587779695224
9358,0.0177226141861734
9359,0.01707256062600107
9360,0.01648861967970036
9361,0.01590510625918778
9362,0.015322020794352655
9363,0.01475391710115652
9364,0.014246481417206828
9365,0.013739419829746809
9366,0.013232732706665412
9367,0.012738140314402263
9368,0.012297205838376145
9369,0.011856598670250318
9370,0.011416319124746787
9371,0.010987336107629201
9372,0.010604204298020134
9373,0.010221358828022147
9374,0.009838799966780859
9375,0.009468103354924755
9376,0.009135211178379636
9377,0.008802569473730329
9378,0.0084701784710606
9379,0.008151040871247895
9380,0.007861812886295817
9381,0.007572803974786196
9382,0.007284014333335904
9383,0.0070103016232231
9384,0.0067590212893565505
9385,0.0065079325460640465
9386,0.006257035561299389
9387,0.006023190985707198
9388,0.005804888704885432
9389,0.005586753961833394
9390,0.005368786899963637
9391,0.005169805734322079
9392,0.004980161454403363
9393,0.0047906636638185675
9394,0.004601312484975357
9395,0.004432710493781501
9396,0.004267968984260557
9397,0.0041033555468171145
9398,0.00393986316635012
9399,0.003796648452039624
9400,0.003653545607067174
9401,0.0035105547209789817
9402,0.003372682332973453
9403,0.003248283282945925
9404,0.00312398201963971
9405,0.002999778619394142
9406,0.0028840203440041665
9407,0.0027759693812368647
9408,0.0026680038867957444
9409,0.00256012392573098
9410,0.0024633951439641
9411,0.0023695476923482725
9412,0.002275774935033287
9413,0.0021832452566385016
9414,0.0021016723197069044
9415,0.002020164607365767
9416,0.0019387221670571942
9417,0.001861743849033736
9418,0.0017908992203327235
9419,0.0017201115840545364
9420,0.0016493809805704863
9421,0.0015856831877536822
9422,0.0015241583684672975
9423,0.0014626833436453361
9424,0.0014023394313463454
9425,0.0013488670311906019
9426,0.0012954381031042763
9427,0.0012420526764573205
9428,0.0011923495910190118
9429,0.001145915098878428
9430,0.001099518581924712
9431,0.0010531600651132748
9432,0.0010124808957048498
9433,0.0009721595866295307
9434,0.0009318714478152708
9435,0.0008943061435390064
9436,0.0008610878902413078
9437,0.0008278970838209025
9438,0.0007947337414405548
9439,0.0007615978801501732
9440,0.0007304236489744017
9441,0.0007031306806242658
9442,0.0006758604269625912
9443,0.0006486129016844049
9444,0.0006213881183920055
9445,0.0005956230738331955
9446,0.000573224373526086
9447,0.0005508444483642524
9448,0.0005284833092523302
9449,0.0005061409670189168
9450,0.0004849228845692982
9451,0.0004665642594639949
9452,0.0004482211321667314
9453,0.0004298935113402795
9454,0.00041158140558514116
9455,0.00039416165947676543
9456,0.0003791356590440427
9457,0.0003641224320804928
9458,0.0003491219854506289
9459,0.00033413432596802025
9460,0.0003198692316739857
9461,0.0003075901579580549
9462,0.0002953215949666363
9463,0.0002830635481243977
9464,0.00027081602281429966
9465,0.0002591568652271828
9466,0.0002491400162075499
9467,0.00023913180028267675
9468,0.000229132221726536
9469,0.00021914128477911057
9470,0.00020962391107423503
9471,0.00020146834268927022
9472,0.00019331985091341805
9473,0.00018517843910294854
9474,0.00017704411058658127
9475,0.00016927867258365506
9476,0.00016265288521083004
9477,0.0001560328856153123
9478,0.0001494186764232941
9479,0.00014281026023855092
9480,0.00013647147757766946
9481,0.00013110153281596954
9482,0.0001257363099426734
9483,0.00012037581100451036
9484,0.00011502003803006718
9485,0.00010983820064415148
9486,0.00010549785749179657
9487,0.00010116135592278451
9488,9.68286975252279e-05
9489,9.249988387260465e-05
9490,8.825248437472813e-05
9491,8.475268012398346e-05
9492,8.125599360971776e-05
9493,7.776242605901612e-05
9494,7.427197868718864e-05
9495,7.078702951946696e-05
9496,6.79651895953884e-05
9497,6.514587959300726e-05
9498,6.232910045849987e-05
9499,5.9514853128562816e-05
9500,5.670313853040394e-05
9501,5.440561657335406e-05
9502,5.213262301354004e-05
9503,4.9861682827505614e-05
9504,4.7592796735542376e-05
9505,4.5325965450332964e-05
9506,4.347321415531399e-05
9507,4.164080222805227e-05
9508,3.981005603858081e-05
9509,3.798097613940321e-05
9510,3.615356307690227e-05
9511,3.467473031871229e-05
9512,3.319760332726112e-05
9513,3.172182743134853e-05
9514,3.0247403053615274e-05
9515,2.87978988812897e-05
9516,2.7606157459145735e-05
9517,2.6415511449365766e-05
9518,2.522596117822126e-05
9519,2.403750696801861e-05
9520,2.2897892179092365e-05
9521,2.1937342848847626e-05
9522,2.0977681796300162e-05
9523,2.0018909269597956e-05
9524,1.9061025513693117e-05
9525,1.8173227793228863e-05
9526,1.739907273092761e-05
9527,1.662563788440841e-05
9528,1.585292344169314e-05
9529,1.5080929588234782e-05
9530,1.4396166755011144e-05
9531,1.3772277998226535e-05
9532,1.3148973116500041e-05
9533,1.2526252251694774e-05
9534,1.1904115543611581e-05
9535,1.138180337722171e-05
9536,1.0879047051043275e-05
9537,1.0376764008265178e-05
9538,9.87495435541085e-06
9539,9.385784387353448e-06
9540,8.980284897029306e-06
9541,8.5751689158601e-06
9542,8.170436524726346e-06
9543,7.766087803175332e-06
9544,7.397110449444381e-06
9545,7.070382545120105e-06
9546,6.743965436293156e-06
9547,6.417859183055789e-06
9548,6.092063844429378e-06
9549,5.817435237077484e-06
9550,5.554193897275102e-06
9551,5.2912043944812095e-06
9552,5.028466773017729e-06
9553,4.7771471574489734e-06
9554,4.564865864662177e-06
9555,4.352788576675501e-06
9556,4.140915326586393e-06
9557,3.9292461468007425e-06
9558,3.744496590258592e-06
9559,3.5734845890755647e-06
9560,3.4026378548816445e-06
9561,3.231956411676168e-06
9562,3.0659650079661886e-06
9563,2.928074009593011e-06
9564,2.7903168623969634e-06
9565,2.6526935840091103e-06
9566,2.515204191614222e-06
9567,2.394889677917644e-06
9568,2.283819179711597e-06
9569,2.1728570918832604e-06
9570,2.062003426902007e-06
9571,1.9554369971572845e-06
9572,1.865888019693992e-06
9573,1.7764268279630524e-06
9574,1.6870534308992885e-06
9575,1.5977678371497985e-06
9576,1.5218244713915813e-06
9577,1.4497017200744681e-06
9578,1.3776500536819047e-06
9579,1.305669478283978e-06
9580,1.2391761976423105e-06
9581,1.1810345085983208e-06
9582,1.1229503700784334e-06
9583,1.0649237862493558e-06
9584,1.0074441838281854e-06
9585,9.605756944281331e-07
9586,9.137537940750956e-07
9587,8.669784855418203e-07
9588,8.20249771452108e-07
9589,7.800343975870899e-07
9590,7.42292939016974e-07
9591,7.045891943769574e-07
9592,6.669231653099741e-07
9593,6.324602502404685e-07
9594,6.02039727018878e-07
9595,5.716497289208187e-07
9596,5.412902568899359e-07
9597,5.122236778885462e-07
9598,4.886396371500445e-07
9599,4.6507935945525266e-07
9600,4.415428452406524e-07
9601,4.1803009486869027e-07
9602,3.949953107850952e-07
9603,3.7673103569399057e-07
9604,3.584852578470658e-07
9605,3.402579772967e-07
9606,3.220491940382121e-07
9607,3.0398790221325084e-07
9608,2.8984445611945756e-07
9609,2.757154065663133e-07
9610,2.6160075337319704e-07
9611,2.475004963154149e-07
9612,2.3348101352295205e-07
9613,2.225294293485421e-07
9614,2.1158904873384607e-07
9615,2.006598713677221e-07
9616,1.8974189690507972e-07
9617,1.7896635403799086e-07
9618,1.7048690016529604e-07
9619,1.6201616397992024e-07
9620,1.5355414510830287e-07
9621,1.4510084315083993e-07
9622,1.3690019915224893e-07
9623,1.3033529532992584e-07
9624,1.237771740809867e-07
9625,1.1722583501357115e-07
9626,1.106812777157695e-07
9627,1.0450387438857025e-07
9628,9.942159288020693e-08
9629,9.434458775412496e-08
9630,8.927285862755172e-08
9631,8.420640510223907e-08
9632,7.960368229116203e-08
9633,7.56694568916082e-08
9634,7.173933567884732e-08
9635,6.781331829509629e-08
9636,6.389140437066349e-08
9637,6.05029834549269e-08
9638,5.7457682391148256e-08
9639,5.441557336246431e-08
9640,5.137665604435991e-08
9641,4.834093010317002e-08
9642,4.5880340277403926e-08
9643,4.3523272858363217e-08
9644,4.116868776306486e-08
9645,3.881658470353512e-08
9646,3.653486243540372e-08
9647,3.470867994649724e-08
9648,3.2884427893023077e-08
9649,3.106210602906867e-08
9650,2.9241714103296227e-08
9651,2.7604620951026914e-08
9652,2.6191333490471357e-08
9653,2.477954693848755e-08
9654,2.336926108272221e-08
9655,2.1960475706650695e-08
9656,2.0842937159096743e-08
9657,1.979593371251227e-08
9658,1.8750047295638137e-08
9659,1.770527773484028e-08
9660,1.66616248534065e-08
9661,1.5692301435181112e-08
9662,1.4917318580573335e-08
9663,1.4143166306901687e-08
9664,1.3369844473573826e-08
9665,1.2597352937734607e-08
9666,1.1825691554280732e-08
9667,1.1208857631491817e-08
9668,1.0636369788431547e-08
9669,1.0064498822005594e-08
9670,9.493244617668343e-09
9671,8.922607059218668e-09
9672,8.399175719730126e-09
9673,7.976241132447955e-09
9674,7.55376430337514e-09
9675,7.1317451413148885e-09
9676,6.7101835538560885e-09
9677,6.289079447378329e-09
9678,5.964950269924657e-09
9679,5.6531754329475186e-09
9680,5.341739827350653e-09
9681,5.0306433800968096e-09
9682,4.719886017262811e-09
9683,4.448936138732975e-09
9684,4.2191225432970385e-09
9685,3.989560090404903e-09
9686,3.760248722655842e-09
9687,3.531188381999191e-09
9688,3.3096033763623186e-09
9689,3.140416506316304e-09
9690,2.971415323667566e-09
9691,2.8025997835359912e-09
9692,2.6339698405687176e-09
9693,2.4655254489400103e-09
9694,2.331393286300718e-09
9695,2.207144830381397e-09
9696,2.0830334399434825e-09
9697,1.959059079721692e-09
9698,1.8352217141058344e-09
9699,1.726348782944319e-09
9700,1.635135809809063e-09
9701,1.54402388407592e-09
9702,1.4530129784465417e-09
9703,1.362103065371606e-09
9704,1.2750941300358241e-09
9705,1.2082391048837677e-09
9706,1.1414584529031585e-09
9707,1.0747521530539462e-09
9708,1.0081201841137797e-09
9709,9.415625246779798e-10
9710,8.905192312046026e-10
9711,8.416561972417836e-10
9712,7.928477913523455e-10
9713,7.440939972553131e-10
9714,6.953947985374333e-10
9715,6.5468984796121e-10
9716,6.190035455561481e-10
9717,5.833573032850063e-10
9718,5.477511087081099e-10
9719,5.121849492904558e-10
9720,4.801046299238123e-10
9721,4.540943555202029e-10
9722,4.281133977481142e-10
9723,4.021617471413153e-10
9724,3.762393941647095e-10
9725,3.511931270527771e-10
9726,3.3227689038294504e-10
9727,3.1338206019282726e-10
9728,2.94508629308075e-10
9729,2.756565905045524e-10
9730,2.56825936508526e-10
9731,2.425256005395955e-10
9732,2.2881697457824646e-10
9733,2.1512393595500378e-10
9734,2.0144647921881166e-10
9735,1.8778459888298953e-10
9736,1.7668756466990913e-10
9737,1.6694709433687165e-10
9738,1.572177429298874e-10
9739,1.4749950642698132e-10
9740,1.3779238078110694e-10
9741,1.282793200846671e-10
9742,1.2135844657870233e-10
9743,1.144455041539303e-10
9744,1.075404898471e-10
9745,1.0064340067726445e-10
9746,9.375423364591584e-11
9747,8.792032308965625e-11
9748,8.300864016622303e-11
9749,7.810261190567458e-11
9750,7.320223611532706e-11
9751,6.830751059010525e-11
9752,6.349530734370114e-11
9753,6.000568005584077e-11
9754,5.652008558721296e-11
9755,5.303852232697708e-11
9756,4.9560988655576996e-11
9757,4.608748294478299e-11
9758,4.324161239403553e-11
9759,4.0765344326691673e-11
9760,3.8291950945890813e-11
9761,3.5821431063537576e-11
9762,3.3353783485438555e-11
9763,3.106921327587994e-11
9764,2.931013697100669e-11
9765,2.7553110395050484e-11
9766,2.5798132677427907e-11
9767,2.404520294325481e-11
9768,2.22943203133821e-11
9769,2.101133693933776e-11
9770,1.9763317093228797e-11
9771,1.8516757928811402e-11
9772,1.7271658805832644e-11
9773,1.602801908104309e-11
9774,1.5019487682236382e-11
9775,1.4133119852108545e-11
9776,1.3247793220176171e-11
9777,1.236350731838691e-11
9778,1.1480261676576523e-11
9779,1.0706964813630108e-11
9780,1.007753604275354e-11
9781,9.448849327293918e-12
9782,8.820904325426986e-12
9783,8.193700693845647e-12
9784,7.612388233710297e-12
9785,7.165489105455505e-12
9786,6.719118732517197e-12
9787,6.273276865502329e-12
9788,5.827963253977912e-12
9789,5.398121361289966e-12
9790,5.080878172087099e-12
9791,4.7640116679114884e-12
9792,4.447521666983807e-12
9793,4.131407986795823e-12
9794,3.818094274184308e-12
9795,3.5929380936476313e-12
9796,3.3680501980013516e-12
9797,3.1434304548753604e-12
9798,2.9190787313866003e-12
9799,2.6949948941435447e-12
9800,2.533881058295925e-12
9801,2.374310508705674e-12
9802,2.214930890629443e-12
9803,2.055742107407268e-12
9804,1.8967440620228515e-12
9805,1.7821623337486989e-12
9806,1.6689682747042148e-12
9807,1.5559101231521034e-12
9808,1.4429878088473328e-12
9809,1.3304081753334345e-12
9810,1.2500392107534099e-12
9811,1.1697670057608625e-12
9812,1.089591509529417e-12
9813,1.009512671057246e-12
9814,9.313511348446728e-13
9815,8.743756746053018e-13
9816,8.174690420597046e-13
9817,7.60631200335345e-13
9818,7.038621124364688e-13
9819,6.502574995973484e-13
9820,6.098810754217866e-13
9821,5.695535907101839e-13
9822,5.292750187380329e-13
9823,4.890453326946411e-13
9824,4.527631516342327e-13
9825,4.2416146219616816e-13
9826,3.955945556270557e-13
9827,3.670624125759981e-13
9828,3.3856501363192517e-13
9829,3.1436444696593537e-13
9830,2.9411275217183845e-13
9831,2.7388576687850304e-13
9832,2.5368347708789684e-13
9833,2.335058687600039e-13
9834,2.176343053111969e-13
9835,2.0330194896772801e-13
9836,1.8898713691207673e-13
9837,1.7468985902846747e-13
9838,1.6041010517182645e-13
9839,1.5021017220425948e-13
9840,1.4007246908377517e-13
9841,1.2994721569717643e-13
9842,1.1983440474173846e-13
9843,1.105196448280593e-13
9844,1.0334434694449631e-13
9845,9.617788337759452e-14
9846,8.902024887525756e-14
9847,8.187143817109727e-14
9848,7.593159829240884e-14
9849,7.08625527994618e-14
9850,6.579976822661612e-14
9851,6.07432407901063e-14
9852,5.569296669618017e-14
9853,5.199641064512969e-14
9854,4.841787275773683e-14
9855,4.484376874819193e-14
9856,4.127409589363532e-14
9857,3.80095609901886e-14
9858,3.548206833434516e-14
9859,3.29577151158618e-14
9860,3.0436499382512664e-14
9861,2.7918419177225756e-14
9862,2.5904628669428436e-14
9863,2.4123190348691706e-14
9864,2.2343971635062744e-14
9865,2.0566971126982145e-14
9866,1.884638208417452e-14
9867,1.7590362710952237e-14
9868,1.6335912137251944e-14
9869,1.508302936051537e-14
9870,1.3831713375844043e-14
9871,1.2781773318013271e-14
9872,1.1898190787212504e-14
9873,1.1015715235233314e-14
9874,1.0134345944180778e-14
9875,9.25712885669001e-15
9876,8.635442175776059e-15
9877,8.014536244619916e-15
9878,7.39441055103742e-15
9879,6.775064581720136e-15
9880,6.246617045889714e-15
9881,5.810263878564657e-15
9882,5.374460350318133e-15
9883,4.9392060954608935e-15
9884,4.504500747533071e-15
9885,4.198114175621009e-15
9886,3.8922379184317294e-15
9887,3.5867480926493054e-15
9888,3.2816444376058125e-15
9889,3.023605185420075e-15
9890,2.8092195114237938e-15
9891,2.5951053210520242e-15
9892,2.3812624291867395e-15
9893,2.1530898129775875e-15
9894,1.662727195515185e-15
9895,1.1729869907549938e-15
9896,6.838687697678209e-16
9897,1.9537210279149527e-16
9898,1.3097643972045042e-91
9899,1.3077805252408968e-91
9900,1.3057991788597924e-91
9901,1.3038203562971762e-91
9902,1.301844055785758e-91
9903,1.2998702755549628e-91
9904,1.297899013830958e-91
9905,1.2959302688366484e-91
9906,1.29396403879173e-91
9907,1.292000321912675e-91
9908,1.290039116412762e-91
9909,1.2880804205020915e-91
9910,1.2861242323875897e-91
9911,1.284170550273047e-91
9912,1.282219372359114e-91
9913,1.280270696843335e-91
9914,1.2783245219201363e-91
9915,1.2763808457808807e-91
9916,1.2744396666138508e-91
9917,1.2725009826042845e-91
9918,1.270564791934386e-91
9919,1.268631092783326e-91
9920,1.266699883327286e-91
9921,1.264771161739459e-91
9922,1.2628449261900617e-91
9923,1.260921174846352e-91
9924,1.2589999058726563e-91
9925,1.2570811174303687e-91
9926,1.2551648076779865e-91
9927,1.253250974771104e-91
9928,1.251339616862441e-91
9929,1.2494307321018545e-91
9930,1.2475243186363652e-91
9931,1.2456203746101583e-91
9932,1.2437188981645984e-91
9933,1.24181988743826e-91
9934,1.2399233405669365e-91
9935,1.2380292556836477e-91
9936,1.23613763091867e-91
9937,1.2342484643995292e-91
9938,1.232361754251045e-91
9939,1.2304774985953248e-91
9940,1.2285956955517883e-91
9941,1.2267163432371774e-91
9942,1.2248394397655791e-91
9943,1.2229649832484344e-91
9944,1.2210929717945573e-91
9945,1.2192234035101538e-91
9946,1.217356276498815e-91
9947,1.2154915888615642e-91
9948,1.2136293386968571e-91
9949,1.2117695241005923e-91
9950,1.20991214316613e-91
9951,1.2080571939843106e-91
9952,1.2062046746434693e-91
9953,1.2043545832294479e-91
9954,1.2025069178256177e-91
9955,1.2006616765128688e-91
9956,1.1988188573696675e-91
9957,1.1969784584720319e-91
9958,1.1951404778935773e-91
9959,1.1933049137055007e-91
9960,1.191471763976623e-91
9961,1.1896410267733921e-91
9962,1.187812700159897e-91
9963,1.1859867821978781e-91
9964,1.1841632709467535e-91
9965,1.1823421644636276e-91
9966,1.1805234608033069e-91
9967,1.1787071580183143e-91
9968,1.1768932541588964e-91
9969,1.1750817472730522e-91
9970,1.1732726354065409e-91
9971,1.1714659166028933e-91
9972,1.1696615889034236e-91
9973,1.1678596503472593e-91
9974,1.166060098971344e-91
9975,1.1642629328104457e-91
9976,1.1624681498971929e-91
9977,1.1606757482620557e-91
9978,1.1588857259333975e-91
9979,1.1570980809374639e-91
9980,1.155312811298406e-91
9981,1.1535299150382853e-91
9982,1.1517493901771082e-91
9983,1.1499712347328212e-91
9984,1.1481954467213305e-91
9985,1.1464220241565262e-91
9986,1.1446509650502713e-91
9987,1.1428822674124444e-91
9988,1.14111592925094e-91
9989,1.1393519485716832e-91
9990,1.1375903233786359e-91
9991,1.1358310516738306e-91
9992,1.1340741314573656e-91
9993,1.1323195607274336e-91
9994,1.1305673374803238e-91
9995,1.1288174597104313e-91
9996,1.1270699254102974e-91
9997,1.1253247325705917e-91
9998,1.1235818791801487e-91
9999,1.1218413632259614e-91
