,0
0,19522.61598162495
1,19795.44809486926
2,20070.1572667746
3,20346.737495716014
4,20625.182987255463
5,20905.488151142836
6,21187.64759054164
7,21471.773774737365
8,21757.821418368665
9,22045.711413022244
10,22335.438812564593
11,22627.022597534626
12,22920.65879402327
13,23216.153639955035
14,23513.507072395423
15,23812.71968103959
16,24113.79277128814
17,24416.728428156905
18,24721.596539594917
19,25028.396716494717
20,25337.06199117124
21,25647.589083644518
22,25959.975751542956
23,26274.219958173344
24,26590.319679858458
25,26908.27290687545
26,27228.07764420504
27,27549.751686013813
28,27873.37512178127
29,28198.957259914303
30,28526.369519137792
31,28855.915667805082
32,29187.22271345952
33,29520.293617055926
34,29855.133899947486
35,30191.90249002866
36,30530.69146432133
37,30871.236879897166
38,31213.542151866644
39,31557.610558394514
40,31903.690283210188
41,32251.685154945302
42,32601.441784133447
43,32952.9625754171
44,33306.250610972944
45,33661.5318812417
46,34018.70403158775
47,34377.64780885235
48,34738.374116484134
49,35100.892511489394
50,35465.211348307246
51,35831.45773307928
52,36199.5967649209
53,36569.532807093565
54,36941.271828072815
55,37314.81894736436
56,37690.17850627504
57,38067.35413241839
58,38446.34879913506
59,38827.16488062349
60,39209.80420334501
61,39594.27439439014
62,39980.621067574364
63,40368.78091979836
64,40758.75488005351
65,41150.54349782351
66,41544.14698205475
67,41939.565238155425
68,42336.79790329515
69,42735.844380167306
70,43136.703869434336
71,43539.37540105465
72,43943.857864667465
73,44350.15003924099
74,44758.279666006696
75,45168.24081621169
76,45580.01221795669
77,45993.59204782258
78,46409.07117930649
79,46826.2919659603
80,47245.550059858084
81,47666.56655268174
82,48089.33152395825
83,48513.91467950149
84,48940.17376359814
85,49368.60388306615
86,49798.69584508877
87,50230.45412172105
88,50663.996298240156
89,51099.587153121545
90,51536.84511131324
91,51975.77431912865
92,52416.55345472368
93,52859.30063482603
94,53303.71944207195
95,53749.81371596801
96,54197.785376169275
97,54647.79481923438
98,55099.386214302394
99,55552.69021535064
100,56008.097267892794
101,56465.04615520286
102,56923.69023322202
103,57384.44541454038
104,57846.75155539184
105,58310.70779999513
106,58776.81059097913
107,59244.47261511032
108,59713.71427631362
109,60185.16308947747
110,60658.23801579488
111,61132.852431982894
112,61609.69735587411
113,62088.00030293585
114,62568.071033168235
115,63050.1369679212
116,63533.6735143811
117,64019.17059481175
118,64506.46280266328
119,64995.237362185675
120,65486.13190679701
121,65978.65454626568
122,66472.67143846538
123,66968.9346877925
124,67466.69092034681
125,67966.06868700248
126,68467.55779554199
127,68970.54988691064
128,69475.26232194898
129,69981.97942549501
130,70490.20884283919
131,71000.23081891082
132,71512.17730063095
133,72025.6448058796
134,72540.95227126434
135,73058.1288529258
136,73576.83459224434
137,74097.40456691815
138,74619.81139609215
139,75143.75498527804
140,75669.56555583751
141,76197.20228880171
142,76726.38289429742
143,77257.4132074353
144,77790.30337785587
145,78324.71105912942
146,78861.00519541887
147,79399.08970785109
148,79938.70044086181
149,80480.23648687953
150,81023.53668651255
151,81568.34036631585
152,82115.155288206
153,82663.6205322937
154,83213.59886625328
155,83765.67089665234
156,84319.30491103274
157,84874.48556601514
158,85431.82758679657
159,85990.62217799728
160,86551.14637711199
161,87113.57613516165
162,87677.48239544827
163,88243.31289176412
164,88810.85254920358
165,89379.88615062479
166,89950.99227071406
167,90523.66719380283
168,91097.92729407568
169,91674.2237072604
170,92252.00705347347
171,92831.54879911199
172,93412.95168553057
173,93995.85692269928
174,94580.65425634717
175,95167.17651992221
176,95755.22494948703
177,96345.36234661883
178,96936.99686994929
179,97530.36746038194
180,98125.58570253954
181,98722.21258126071
182,99320.98554362696
183,99921.19996259578
184,100523.19094840424
185,101126.99031495722
186,101732.2273034734
187,102339.57876663933
188,102948.40310387536
189,103558.96094360379
190,104171.37001580403
191,104785.24095921754
192,105401.12432145452
193,106018.58140922851
194,106637.66282634895
195,107258.70358801493
196,107881.2265163554
197,108505.6050225513
198,109131.71241333074
199,109759.32098244152
200,110389.11343721514
201,111020.24965745036
202,111653.36479126393
203,112288.02872533457
204,112924.4658559266
205,113562.65764618908
206,114202.41626436952
207,114844.13613737082
208,115487.21590666162
209,116132.46417888689
210,116779.06163059484
211,117427.64201888733
212,118077.77444818414
213,118729.67017959873
214,119383.33803458049
215,120038.5494635562
216,120695.75330528832
217,121354.3395452764
218,122015.02146832284
219,122677.15012974471
220,123341.144030685
221,124006.81587387786
222,124674.12280462324
223,125343.35284364942
224,126013.99254961833
225,126686.75705381497
226,127360.91281481802
227,128037.03104915541
228,128714.72932072777
229,129394.17772386126
230,130075.42022449762
231,130758.2003256132
232,131442.98891156918
233,132129.20132401426
234,132817.43912925958
235,133507.20545791727
236,134198.774988651
237,134892.09732499364
238,135587.00096589836
239,136283.88155950973
240,136982.21578408888
241,137682.56316457022
242,138384.46350382434
243,139088.14751189481
244,139793.61651230976
245,140500.6403411702
246,141209.75385130077
247,141920.21836487358
248,142632.8369271935
249,143346.83377605863
250,144062.87235256075
251,144780.42122214072
252,145499.93542653843
253,146220.98134418574
254,146943.9715124204
255,147668.52237971147
256,148394.9891571547
257,149123.052815731
258,149852.99715054763
259,150584.5813960364
260,151318.00453182263
261,152053.11712600154
262,152790.02059427707
263,153528.66927605664
264,154269.054888902
265,155011.24738440407
266,155755.11722728366
267,156500.8612591393
268,157248.21768397078
269,157997.52097990728
270,158748.36659833603
271,159501.23689910743
272,160255.57457601948
273,161012.0196427463
274,161769.88616869994
275,162529.88011094442
276,163291.3395770189
277,164054.82947811353
278,164819.8895223474
279,165586.8791928741
280,166355.54750358826
281,167126.04097769168
282,167898.3328463581
283,168672.3481535569
284,169448.25351006107
285,170225.79496427238
286,171005.32228516767
287,171786.39470250122
288,172569.55231841953
289,173354.19116322347
290,174140.95711263857
291,174929.24294677802
292,175719.55052544986
293,176511.491231437
294,177305.34676772324
295,178100.950262722
296,178898.36040166274
297,179697.63465062308
298,180498.60633858904
299,181301.5593646453
300,182106.09983645275
301,182912.7397292574
302,183720.92612304466
303,184531.3192783369
304,185343.1385537001
305,186157.1845103908
306,186972.7104278709
307,187790.35343791664
308,188609.5903783499
309,189430.8441919102
310,190253.7967789003
311,191078.67503081253
312,191905.34812553588
313,192733.86434687156
314,193564.26304239407
315,194396.43067121806
316,195230.56028677194
317,196066.39267819157
318,196904.2587536009
319,197743.76918918462
320,198585.37747949548
321,199428.57917611842
322,200273.9356464222
323,201120.8417645715
324,201969.95258504845
325,202820.5762366445
326,203673.4477778137
327,204527.82019199213
328,205384.45897725597
329,206242.6238979237
330,207102.98522937635
331,207964.94919169886
332,208829.04696308204
333,209694.8166961031
334,210562.6647513375
335,211432.2471741675
336,212303.85931439218
337,213177.26153229625
338,214052.65152247087
339,214929.8808230102
340,215809.06239812504
341,216690.12624740478
342,217573.11311834745
343,218458.01915741072
344,219344.83883334493
345,220233.62442906998
346,221124.24272483092
347,222016.91503295983
348,222911.3473310237
349,223807.9137043699
350,224706.17529371104
351,225606.6432782885
352,226508.74936436902
353,227413.12669524126
354,228319.09553837302
355,229227.38700637704
356,230137.28000935353
357,231049.4473780555
358,231963.27265605133
359,232879.3310960378
360,233797.09694159983
361,234717.06156935618
362,235638.77644870026
363,236562.74376322198
364,237488.52173948317
365,238416.27971324272
366,239346.12785155082
367,240277.69719116954
368,241211.62278812157
369,242147.1918960049
370,243085.03449195344
371,244024.69577183947
372,244966.39086071958
373,245910.1520740545
374,246855.7197610604
375,247803.58888758352
376,248753.12606268763
377,249705.0342739876
378,250658.6947985563
379,251614.51628352187
380,252572.30857314097
381,253532.06296640256
382,254493.99564016343
383,255457.70238334438
384,256423.7842591868
385,257391.56623417986
386,258361.70270627446
387,259333.65021396027
388,260307.7838568298
389,261283.913405873
390,262262.04799509404
391,263242.3687914622
392,264224.52384772344
393,265209.04529140645
394,266195.299283962
395,267183.9718489538
396,268174.4434867942
397,269167.17743904307
398,270161.8765130828
399,271158.6910772093
400,272157.6275597553
401,273158.5418279629
402,274161.725869103
403,275166.75881268014
404,276174.2007368471
405,277183.4155450621
406,278195.08151976386
407,279208.5722179765
408,280224.3976429062
409,281242.1749134461
410,282262.17860645615
411,283284.2532970819
412,284308.4539922392
413,285334.83711339504
414,286363.2534699214
415,287393.9561921532
416,288426.60680292704
417,289461.640454436
418,290498.5441397674
419,291537.92432199116
420,292579.13359281054
421,293622.83258855663
422,294668.40775702073
423,295716.39556389034
424,296766.3484942479
425,297818.68497702444
426,298873.0853974934
427,299929.6681875098
428,300988.5280211259
429,302049.37744883064
430,303112.70879260654
431,304177.91137393255
432,305245.66021024296
433,306315.35446176754
434,307387.41485141276
435,308461.61323517235
436,309538.00538022065
437,310616.7205270507
438,311697.464554656
439,312780.7092620592
440,313865.86025030067
441,314953.6124633633
442,316043.31396810344
443,317135.4632590383
444,318229.7284278898
445,319326.29956083
446,320425.1506867584
447,321526.14595690044
448,322629.5958657939
449,323735.0365561677
450,324843.0982354754
451,325953.10986821743
452,327065.71991146205
453,328180.3971086851
454,329297.4511819477
455,330416.80721475685
456,331538.32753885543
457,332662.37584597646
458,333788.4022395986
459,334917.13873529347
460,336047.8792889554
461,337181.2062036017
462,338316.781009025
463,339454.4486320554
464,340594.8701783637
465,341737.2986245939
466,342882.18835229013
467,344029.48480262567
468,345178.80025125266
469,346330.9543362761
470,347485.1593317768
471,348641.74870207964
472,349800.85643578385
473,350962.0039531274
474,352125.93313012656
475,353292.00543889584
476,354460.4308760213
477,355631.4416079258
478,356804.51307021634
479,357980.35403572046
480,359158.3864695487
481,360338.7842230083
482,361521.7916840121
483,362706.88098709506
484,363894.7703493696
485,365084.85770900815
486,366277.3640539094
487,367472.46393453114
488,368669.66693731956
489,369869.74140509224
490,371071.9804263049
491,372276.7578756293
492,373484.1013165716
493,374693.5694257439
494,375905.9366591697
495,377120.5332139412
496,378337.5302327779
497,379557.2704757463
498,380779.1572026806
499,382003.82512105495
500,383230.8800539794
501,384460.2410069449
502,385692.4798049631
503,386926.88708174636
504,388164.00046438316
505,389403.61660544144
506,390645.4860136414
507,391890.3270824042
508,393137.35880724917
509,394387.0626635748
510,395639.3447865254
511,396893.86749532324
512,398151.4164729997
513,399411.1784699757
514,400673.63639099535
515,401938.7249318338
516,403206.0397599999
517,404476.42614941584
518,405749.0938183544
519,407024.3276526213
520,408302.365260894
521,409582.65194409917
522,410865.8998108652
523,412151.58318538574
524,413439.74321986124
525,414730.84075884375
526,416024.2103554598
527,417320.4706231857
528,418619.2815851628
529,419920.5187825743
530,421224.7889501478
531,422531.3543563799
532,423840.7786741222
533,425152.8309300258
534,426467.29704185476
535,427784.85434795835
536,429104.73027525836
537,430427.4711259026
538,431752.88018564496
539,433080.7278549482
540,434411.68860188674
541,435744.9915572271
542,437081.2023565504
543,438420.08551514527
544,439761.46837070875
545,441105.9506361164
546,442452.79890492203
547,443802.6295736088
548,445155.0994217596
549,446510.17645472474
550,447868.2741386732
551,449228.7617862608
552,450592.3874658466
553,451958.5208784816
554,453327.4994637639
555,454699.2880808166
556,456073.66708572226
557,457451.12164725515
558,458831.0002364143
559,460214.0772818721
560,461599.6437731497
561,462988.20863697527
562,464379.4761839128
563,465773.5677192027
564,467170.55059104617
565,468570.20522527996
566,469972.91876483965
567,471378.1708195766
568,472786.6314095003
569,474197.57059106446
570,475611.7383997467
571,477028.45217272354
572,478448.3914188678
573,479871.0287036068
574,481296.45871498174
575,482725.03971957054
576,484156.13472344924
577,485590.5750069444
578,487027.68953543267
579,488467.6033732944
580,489910.7607437059
581,491356.45776471036
582,492805.3956411377
583,494257.1672318809
584,495711.64749232045
585,497169.5149037789
586,498629.9478523727
587,500093.5542969141
588,501560.1152379978
589,503029.3390299234
590,504502.049562492
591,505977.3517529315
592,507455.8047068892
593,508937.28910117154
594,510421.4346669188
595,511909.1232074035
596,513399.42976386595
597,514892.9083392125
598,516389.4520917004
599,517888.69889035035
600,519391.50212026964
601,520896.9499648038
602,522405.63452377514
603,523917.37533025414
604,525431.9225783166
605,526950.1222210552
606,528470.9935728192
607,529994.9028353584
608,531522.2669223957
609,533052.3188459307
610,534585.6575463432
611,536122.2363879436
612,537661.5192820487
613,539204.3551419909
614,540750.1994198104
615,542298.7640553304
616,543851.1651029749
617,545406.3258695403
618,546964.4776898102
619,548526.2579663742
620,550090.7866446052
621,551658.6218987759
622,553229.8053335523
623,554803.7537175529
624,556381.361242293
625,557962.0263089011
626,559545.4730103879
627,561132.8631620955
628,562723.0628111736
629,564316.3263618815
630,565913.3035857374
631,567513.091150397
632,569116.2576454342
633,570722.859563354
634,572332.2887594904
635,573945.4286588607
636,575561.7092748572
637,577180.8610471318
638,578804.0183360275
639,580430.0320370693
640,582059.2788041674
641,583692.2067543182
642,585328.0083108989
643,586967.4214725663
644,588610.1751417787
645,590255.8197085945
646,591905.4710539758
647,593558.1058843439
648,595213.9769577413
649,596873.6951937823
650,598536.3341814536
651,600202.4682676395
652,601872.2291586999
653,603544.9284743255
654,605221.4010123821
655,606901.2610313579
656,608584.0772472137
657,610270.964022146
658,611960.9800431473
659,613654.1047724009
660,615351.3472846682
661,617051.5765833039
662,618755.2465295114
663,620462.7419539521
664,622173.2422077036
665,623887.5340444654
666,625605.3403588602
667,627326.1696475365
668,629051.1604273074
669,630779.336011593
670,632510.7705407165
671,634246.3199791899
672,635984.9236160653
673,637727.189946264
674,639473.208200585
675,641222.299076195
676,642975.4752436093
677,644732.021799448
678,646491.8002705439
679,648255.8959512289
680,650023.0960656247
681,651793.8160044265
682,653568.5830722935
683,655346.4733532405
684,657128.2489074962
685,658913.7292177225
686,660702.3515940539
687,662495.2861979227
688,664291.5241546014
689,666091.2477240472
690,667895.1154110295
691,669702.1575219841
692,671513.3344185998
693,673328.2051515678
694,675146.2696715256
695,676968.6483165179
696,678794.5857698784
697,680623.7364852999
698,682457.4014933135
699,684294.4697978792
700,686134.7919223431
701,687979.920613569
702,689828.2963393475
703,691679.9248137684
704,693536.3153864788
705,695396.0634317963
706,697259.0842386163
707,699126.8067458544
708,700997.9924429134
709,702872.471029306
710,704751.6168863372
711,706634.3060017208
712,708520.3082500043
713,710410.9692728652
714,712305.228008019
715,714202.8202361397
716,716105.0886497622
717,718010.9836416148
718,719920.2326037666
719,721834.2010497344
720,723751.7993713589
721,725672.7722586502
722,727598.533802664
723,729527.902964067
724,731460.667405307
725,733398.3155443502
726,735339.5234933157
727,737284.1475558631
728,739233.7762250941
729,741186.891348107
730,743143.5080629217
731,745105.1471181934
732,747070.238241442
733,749038.9976657673
734,751012.660828367
735,752989.7972188102
736,754970.7944437494
737,756956.551300076
738,758945.8026665703
739,760939.1332470074
740,762937.0538257812
741,764938.4903202825
742,766944.2502806347
743,768954.4050541411
744,770968.097272952
745,772986.383112745
746,775008.8429981582
747,777034.8619832507
748,779065.7706825315
749,781100.6070432641
750,783139.0242836352
751,785182.6533082406
752,787229.937955374
753,789281.0859531686
754,791337.2726951597
755,793397.0778889111
756,795461.1140665867
757,797529.871943548
758,799602.2703947882
759,801679.2935100552
760,803760.6955565553
761,805845.7604283785
762,807936.0393429409
763,810030.3699181806
764,812128.386070199
765,814231.46229024
766,816338.7979325914
767,818449.8420378686
768,820565.8203953092
769,822686.2381704922
770,824810.3874303659
771,826939.3732327592
772,829072.950735279
773,831210.2828808049
774,833352.3819238931
775,835499.1972785163
776,837649.7905719444
777,839805.1091518796
778,841965.2410151764
779,844129.1742514945
780,846297.8191766719
781,848471.3467386698
782,850648.6992472636
783,852830.7778497996
784,855017.7808357051
785,857208.6324820799
786,859404.2526289624
787,861604.8113009762
788,863809.2424885782
789,866018.5125924867
790,868232.7077516258
791,870450.7994236633
792,872673.8284535127
793,874901.7414415681
794,877133.5750829765
795,879370.4725741958
796,881612.1852757352
797,883857.8429151811
798,886108.7189797366
799,888364.3138241513
800,890623.8780360841
801,892888.9493783816
802,895158.6608284824
803,897432.3664883188
804,899711.3309469359
805,901995.2462010675
806,904283.1806606016
807,906576.1482543565
808,908874.3551257509
809,911176.6063527465
810,913483.6877560335
811,915796.2746753288
812,918112.931256043
813,920434.2378111162
814,922761.2938288496
815,925092.4449705309
816,927428.0886996698
817,929769.7034888312
818,932115.4390222747
819,934465.5326398399
820,936821.7964983924
821,939182.2068804649
822,941546.8638048136
823,943917.8676582725
824,946293.0439744989
825,948672.4000961366
826,951058.2137437946
827,953448.247710895
828,955842.4876297044
829,958243.1335216709
830,960648.1174901352
831,963057.3337191229
832,965472.9277667574
833,967892.9547233965
834,970317.2404130094
835,972747.8992786632
836,975183.062849153
837,977622.5117898289
838,980068.4184387439
839,982518.8863256837
840,984973.6665151427
841,987434.7160361805
842,989900.578770697
843,992370.7808993813
844,994847.1043860939
845,997328.4530661446
846,999814.1683923228
847,1002305.8975022535
848,1004802.8237947925
849,1007304.144146735
850,1009811.4111103313
851,1012324.0072535315
852,1014841.0250317301
853,1017363.9626610172
854,1019892.3214665679
855,1022425.1296460392
856,1024963.8713430598
857,1027508.0861985222
858,1030056.7783311713
859,1032611.458096207
860,1035171.6229674326
861,1037736.2931844686
862,1040307.0456240649
863,1042883.2550576684
864,1045463.9980720902
865,1048050.992242868
866,1050643.3921501737
867,1053240.3541300776
868,1055843.5931235405
869,1058452.2793357347
870,1061065.5562809473
871,1063685.178785935
872,1066310.2477300153
873,1068939.9362372265
874,1071576.0815388993
875,1074217.630240019
876,1076863.827505126
877,1079516.6354941626
878,1082174.7615780267
879,1084837.565398535
880,1087507.176580103
881,1090181.978275435
882,1092861.4870529287
883,1095548.042555422
884,1098239.618696464
885,1100935.9314391117
886,1103639.9459782832
887,1106348.776924423
888,1109062.3748369429
889,1111782.7821722485
890,1114508.9717042835
891,1117239.9587501052
892,1119976.913016867
893,1122720.5655530312
894,1125469.0463341428
895,1128222.702363312
896,1130983.9229618916
897,1133750.0027214598
898,1136520.9501931013
899,1139299.4104099716
900,1142083.1950351
901,1144871.8785290862
902,1147667.3963778818
903,1150468.9924024416
904,1153275.5186401214
905,1156088.2973247906
906,1158907.9244085164
907,1161732.5134361763
908,1164562.3829209206
909,1167400.153284853
910,1170242.91752102
911,1173090.68441757
912,1175946.0567941866
913,1178807.1093883705
914,1181673.1968265441
915,1184546.0150494329
916,1187425.4698851795
917,1190309.9919489322
918,1193200.4105327718
919,1196098.3822307952
920,1199001.4537425484
921,1201909.6340426146
922,1204826.4630224295
923,1207748.4313549735
924,1210675.5417302002
925,1213609.7060562666
926,1216550.6858322306
927,1219496.8411069599
928,1222448.5157012315
929,1225408.6222460894
930,1228373.9379487415
931,1231344.471976192
932,1234322.684412872
933,1237307.3312277128
934,1240297.230385982
935,1243293.1986891234
936,1246297.2928478906
937,1249306.6735732583
938,1252321.3501684542
939,1255344.2394093585
940,1258373.2188633052
941,1261407.5286766565
942,1264448.589579732
943,1267497.285651506
944,1270551.3467797227
945,1273610.7824057331
946,1276679.2954244986
947,1279753.2266960682
948,1282832.5674326408
949,1285919.6717807453
950,1289013.5927587599
951,1292112.9583793925
952,1295218.8404506512
953,1298332.871435742
954,1301452.3824527666
955,1304577.3831454103
956,1307711.491349655
957,1310851.2690172694
958,1313996.5720254795
959,1317149.8832972916
960,1320310.0496146698
961,1323475.7771523113
962,1326648.4862355525
963,1329829.180086046
964,1333015.471280876
965,1336207.7207836702
966,1339409.0669943222
967,1342616.0468930523
968,1345828.670393948
969,1349050.1484426414
970,1352277.942851406
971,1355511.4174914274
972,1358752.864920288
973,1362001.6004084921
974,1365256.0529797773
975,1368517.6593185272
976,1371787.4632227507
977,1375063.0212859663
978,1378344.9769464454
979,1381635.9773743802
980,1384932.7692626603
981,1388235.362803016
982,1391547.591381201
983,1394865.7462041627
984,1398189.7402734002
985,1401522.7562145272
986,1404862.4038623045
987,1408207.9285791363
988,1411561.9837001027
989,1414923.3443301797
990,1418290.620239521
991,1421665.6411488003
992,1425048.8466066006
993,1428438.005785892
994,1431834.1915219082
995,1435239.374471927
996,1438650.5498191253
997,1442068.1002549871
998,1445495.3941850474
999,1448928.7194228868
1000,1452368.086582319
1001,1455817.3745038125
1002,1459272.9841841424
1003,1462734.6750019179
1004,1466205.7867054215
1005,1469683.8162135927
1006,1473167.9663133146
1007,1476661.1046067595
1008,1480161.6901660943
1009,1483668.4360108085
1010,1487183.8045847267
1011,1490707.083261027
1012,1494236.5621577422
1013,1497774.3655965168
1014,1501320.475302623
1015,1504872.8254068736
1016,1508433.269199862
1017,1512002.3487002775
1018,1515577.7090207636
1019,1519160.9995733094
1020,1522753.1884888753
1021,1526351.698892142
1022,1529958.0435364656
1023,1533573.4823490728
1024,1537195.2835642286
1025,1540824.890570228
1026,1544463.7206275978
1027,1548108.954251106
1028,1551762.0328370687
1029,1555424.3963575824
1030,1559093.2048580947
1031,1562769.9652013283
1032,1566456.0052788937
1033,1570148.5320021354
1034,1573849.185249515
1035,1577559.0458584977
1036,1581275.4350321966
1037,1585000.1933106584
1038,1588734.0193108588
1039,1592474.4160497407
1040,1596223.4924767117
1041,1599981.4296183893
1042,1603745.9799291997
1043,1607519.5886229726
1044,1611301.7835519211
1045,1615090.634338517
1046,1618888.990428589
1047,1622695.5906912612
1048,1626508.8897597473
1049,1630332.8290829018
1050,1634164.8110049118
1051,1638003.536399028
1052,1641850.7555106306
1053,1645708.2787065452
1054,1649572.5903217457
1055,1653443.702302394
1056,1657326.7332132824
1057,1661216.9920139757
1058,1665114.0968416121
1059,1669020.3651985724
1060,1672936.72772329
1061,1676859.9822119228
1062,1680790.1407928504
1063,1684732.3780361437
1064,1688681.9399804482
1065,1692638.4523125398
1066,1696604.526078726
1067,1700580.5542580995
1068,1704563.579400173
1069,1708553.757550141
1070,1712556.4117329246
1071,1716566.1097344768
1072,1720582.8639504085
1073,1724610.1017028592
1074,1728646.6336083887
1075,1732690.2689502253
1076,1736742.2161079454
1077,1740805.7439613515
1078,1744876.4227581583
1079,1748954.2650824927
1080,1753044.5281416627
1081,1757143.0012102183
1082,1761248.686718273
1083,1765362.480262775
1084,1769488.9200011385
1085,1773622.6213943542
1086,1777763.597221379
1087,1781914.808102198
1088,1786076.6991312536
1089,1790245.9142018436
1090,1794422.4662027115
1091,1798611.5531657417
1092,1802809.182592828
1093,1807014.1989533785
1094,1811227.8199738276
1095,1815454.0399324633
1096,1819687.6971377784
1097,1823928.8046777325
1098,1828181.127026745
1099,1832443.602631622
1100,1836713.579285352
1101,1840991.0879724477
1102,1845282.5606072275
1103,1849581.5853194252
1104,1853888.1753990783
1105,1858205.2195564585
1106,1862533.4723551292
1107,1866869.34195643
1108,1871212.8417643008
1109,1875569.8933160377
1110,1879935.2238749932
1111,1884308.2364854955
1112,1888691.5044970596
1113,1893086.4785469074
1114,1897489.186814498
1115,1901899.6429103978
1116,1906323.7667646653
1117,1910756.3546490488
1118,1915196.7429434683
1119,1919647.7527440893
1120,1924110.405316412
1121,1928580.9112061807
1122,1933059.284233551
1123,1937552.007596411
1124,1942052.817597974
1125,1946561.548065886
1126,1951081.860730954
1127,1955613.212337295
1128,1960152.5381566659
1129,1964700.5718690436
1130,1969262.6584828566
1131,1973832.773396729
1132,1978410.930738748
1133,1983001.8337660315
1134,1987602.932768308
1135,1992212.1287240898
1136,1996831.419783104
1137,2001463.6991245283
1138,2006104.130290173
1139,2010752.7276255023
1140,2015415.8029957395
1141,2020087.7154659575
1142,2024767.849506208
1143,2029459.852849125
1144,2034163.4414398258
1145,2038875.307343746
1146,2043596.5506364494
1147,2048332.0113285834
1148,2053075.8054220066
1149,2057827.9475817166
1150,2062594.1319091367
1151,2067370.0516913214
1152,2072154.376074118
1153,2076950.513609369
1154,2081758.757692624
1155,2086575.4632603356
1156,2091401.8706187345
1157,2096242.6385805493
1158,2101091.9252618765
1159,2105949.745653834
1160,2110822.4136976707
1161,2115704.4826267227
1162,2120595.142956134
1163,2125498.8061012733
1164,2130413.8596238177
1165,2135337.5625925357
1166,2140272.542589448
1167,2145220.7842692304
1168,2150177.73379923
1169,2155144.353727091
1170,2160125.9883521744
1171,2165116.3895918983
1172,2170115.5728736203
1173,2175130.207460959
1174,2180154.2667917814
1175,2185187.1673956285
1176,2190234.1810089173
1177,2195292.1060515996
1178,2200358.931963698
1179,2205438.6522601843
1180,2210530.6518814317
1181,2215631.612336046
1182,2220744.36835551
1183,2225870.652674548
1184,2231005.958160668
1185,2236152.0803379705
1186,2241312.8607331985
1187,2246482.7230012044
1188,2251662.5431786696
1189,2256858.0322943563
1190,2262062.664362725
1191,2267276.5158024146
1192,2272506.9275554493
1193,2277746.5437175166
1194,2282995.380486401
1195,2288260.3107000664
1196,2293535.1265308387
1197,2298819.224912294
1198,2304118.9499236383
1199,2309429.1822866676
1200,2314748.759525877
1201,2320083.6174591393
1202,2325429.484513428
1203,2330784.7591533097
1204,2336155.089602771
1205,2341536.8108097548
1206,2346928.002697946
1207,2352334.14673966
1208,2357751.9428702216
1209,2363179.273166116
1210,2368621.5733695817
1211,2374075.6665111315
1212,2379539.3576929653
1213,2385018.158132693
1214,2390508.7716962886
1215,2396009.0475682733
1216,2401524.6938352836
1217,2407052.052562801
1218,2412589.1382623096
1219,2418143.2620216724
1220,2423709.2462334065
1221,2429285.025389696
1222,2434872.5250767795
1223,2440477.3755509253
1224,2446092.089365908
1225,2451716.6838790867
1226,2457357.329507084
1227,2463011.2206203067
1228,2468675.0613753633
1229,2474350.0015133256
1230,2480043.314009429
1231,2485746.6455205367
1232,2491460.0136779626
1233,2497189.268845166
1234,2502932.337081965
1235,2508685.511893188
1236,2514449.9889230556
1237,2520233.041318529
1238,2526026.2706519617
1239,2531829.6948325783
1240,2537649.668009028
1241,2543483.2012069994
1242,2549327.000178304
1243,2555183.131480596
1244,2561057.21936737
1245,2566941.6443950213
1246,2572836.4247546922
1247,2578749.2455270216
1248,2584674.5493693394
1249,2590610.2804816137
1250,2596560.204693355
1251,2602526.6416094685
1252,2608503.578180916
1253,2614491.0328848287
1254,2620498.852273893
1255,2626517.250522766
1256,2632546.2398677557
1257,2638592.117200096
1258,2644652.234864619
1259,2650723.017042466
1260,2656807.3769333526
1261,2662909.4732800466
1262,2669022.30801353
1263,2675145.900031051
1264,2681289.9125876673
1265,2687445.061138955
1266,2693611.041437511
1267,2699794.5043801013
1268,2705992.2295592227
1269,2712200.86141133
1270,2718424.205053043
1271,2724664.7712263977
1272,2730916.3194636847
1273,2737179.9758343976
1274,2743463.6489333194
1275,2749758.3799550952
1276,2756064.188359294
1277,2762389.8303428413
1278,2768728.0121247536
1279,2775077.347753087
1280,2781444.2964221034
1281,2787826.211855014
1282,2794219.35809617
1283,2800628.0103792506
1284,2807053.9301593676
1285,2813491.1581859225
1286,2819941.955657372
1287,2826412.1520997784
1288,2832893.7347060353
1289,2839387.1206168393
1290,2845901.8676638273
1291,2852428.0792741524
1292,2858965.7756229746
1293,2865524.071798769
1294,2872095.188476
1295,2878677.8689149907
1296,2885279.764445463
1297,2891896.0638993937
1298,2898524.006627058
1299,2905169.9505722295
1300,2911831.7121681655
1301,2918505.197041432
1302,2925195.6402085726
1303,2931903.1449759575
1304,2938622.453518814
1305,2945357.8484788276
1306,2952111.379119929
1307,2958876.7945321403
1308,2965658.223149893
1309,2972459.9742064145
1310,2979273.6948916097
1311,2986099.4062694474
1312,2992946.1593987118
1313,2999808.486906458
1314,3006682.8906444
1315,3013571.063615777
1316,3020482.301275148
1317,3027405.7012360613
1318,3034341.2849015486
1319,3041296.2740645804
1320,3048268.975903292
1321,3055253.9482072764
1322,3062251.546743661
1323,3069273.857916744
1324,3076308.5268568555
1325,3083355.575311004
1326,3090421.495992697
1327,3097506.1713811276
1328,3104603.314284184
1329,3111713.0443268744
1330,3118848.037800325
1331,3125995.5873374026
1332,3133155.715034075
1333,3140335.395724302
1334,3147533.869900681
1335,3154745.0118530635
1336,3161969.1073190174
1337,3169218.8197387764
1338,3176481.290102818
1339,3183756.5408623707
1340,3191051.627587687
1341,3198365.74243018
1342,3205692.728551352
1343,3213033.4892626735
1344,3220399.5665703146
1345,3227778.6065993886
1346,3235170.632161492
1347,3242583.965401047
1348,3250015.3798167
1349,3257459.8719330234
1350,3264920.146996511
1351,3272404.2582191094
1352,3279901.539877415
1353,3287412.0151485535
1354,3294946.457081245
1355,3302496.8532237466
1356,3310060.5364491376
1357,3317643.1969890976
1358,3325247.0345219257
1359,3332864.253182983
1360,3340495.703892032
1361,3348153.311694824
1362,3355824.39524994
1363,3363508.978271794
1364,3371216.918089891
1365,3378942.197984074
1366,3386681.07271888
1367,3394439.0925302524
1368,3402218.9022049154
1369,3410012.402680871
1370,3417821.0793653955
1371,3425655.754268197
1372,3433504.216523271
1373,3441366.4903933797
1374,3449254.006116154
1375,3457157.768208064
1376,3465075.4392308095
1377,3473014.91532746
1378,3480974.3173437137
1379,3488947.726205083
1380,3496939.7451667227
1381,3504955.129234777
1382,3512984.618664291
1383,3521029.7646336816
1384,3529101.4749311553
1385,3537187.3897121153
1386,3545287.533973384
1387,3553414.631277063
1388,3561557.3182569123
1389,3569714.334623902
1390,3577895.8809596165
1391,3586095.6890603146
1392,3594309.9270690135
1393,3602548.4392535593
1394,3610809.163186125
1395,3619084.424225427
1396,3627374.2479536342
1397,3635690.0518127005
1398,3644026.7202965263
1399,3652378.0595331253
1400,3660744.0953398515
1401,3669138.2927386486
1402,3677551.535100817
1403,3685979.5829692683
1404,3694422.462398497
1405,3702896.16040806
1406,3711386.611181951
1407,3719892.0033322754
1408,3728413.4270739453
1409,3736966.674155071
1410,3745534.9731205953
1411,3754118.3504585754
1412,3762721.272045727
1413,3771352.874497042
1414,3779999.6667213044
1415,3788661.6754492284
1416,3797347.2162863445
1417,3806057.823360643
1418,3814783.759238976
1419,3823525.050896725
1420,3832294.3379979953
1421,3841084.604308407
1422,3849890.3396059154
1423,3858711.571112596
1424,3867565.7372042
1425,3876436.3227659916
1426,3885322.5186594296
1427,3894228.6908786064
1428,3903164.535977074
1429,3912116.1062498945
1430,3921083.4293699693
1431,3930076.5213531344
1432,3939093.8786654454
1433,3948127.104596011
1434,3957176.227070161
1435,3966257.3873091466
1436,3975356.932123739
1437,3984472.4901888384
1438,3993608.190297716
1439,4002774.472772391
1440,4011956.8859414556
1441,4021155.458191439
1442,4030381.2941816733
1443,4039630.9846904636
1444,4048896.9526737714
1445,4058179.2267764225
1446,4067496.504994667
1447,4076830.4379056753
1448,4086180.796539633
1449,4095554.712376072
1450,4104957.022979988
1451,4114375.8796368274
1452,4123811.31146406
1453,4133278.6133429143
1454,4142766.7342611104
1455,4152271.5522398474
1456,4161796.1550987517
1457,4171353.967007795
1458,4180928.598618475
1459,4190520.079529819
1460,4200139.232312376
1461,4209784.107578275
1462,4219445.955758499
1463,4229124.806721702
1464,4238839.742651432
1465,4248572.391439163
1466,4258322.167603647
1467,4268097.173993835
1468,4277901.059297712
1469,4287722.197339221
1470,4297560.618479445
1471,4307433.638764034
1472,4317326.577944459
1473,4327236.926578089
1474,4337171.816039829
1475,4347136.998218979
1476,4357119.716983395
1477,4367120.003193674
1478,4377155.1538128685
1479,4387210.687959811
1480,4397283.917691948
1481,4407382.747292722
1482,4417511.544700365
1483,4427658.166620706
1484,4437822.644421026
1485,4448026.110709195
1486,4458248.819935621
1487,4468489.518939243
1488,4478751.225371307
1489,4489050.487444778
1490,4499367.874011901
1491,4509703.416967857
1492,4520065.030473433
1493,4530459.573893033
1494,4540872.409480845
1495,4551303.569427117
1496,4561766.48874777
1497,4572257.090031959
1498,4582766.15252542
1499,4593293.708715875
1500,4603859.33777413
1501,4614446.7796828
1502,4625052.853219287
1503,4635681.03800857
1504,4646347.339187803
1505,4657032.410770112
1506,4667736.285787332
1507,4678469.725602787
1508,4689234.278939875
1509,4700017.775582571
1510,4710820.248866977
1511,4721660.361698809
1512,4732523.967558509
1513,4743406.6910348125
1514,4754312.569523028
1515,4765256.775239705
1516,4776220.240411292
1517,4787202.998930253
1518,4798218.118780078
1519,4809262.820221511
1520,4820326.957968571
1521,4831410.566224929
1522,4842536.360443016
1523,4853682.375957286
1524,4864848.006068009
1525,4876042.797910693
1526,4887271.192843362
1527,4898519.347342427
1528,4909787.296180428
1529,4921095.35555329
1530,4932426.540110353
1531,4943777.665121284
1532,4955156.818096719
1533,4966571.541535512
1534,4978006.352438513
1535,4989461.286155289
1536,5000956.3159864
1537,5012475.325678829
1538,5024014.606356675
1539,5035582.835138983
1540,5047186.559715318
1541,5058810.704356921
1542,5070455.304998659
1543,5082142.036849838
1544,5093851.565679749
1545,5105581.700767467
1546,5117343.746914982
1547,5129139.183398989
1548,5140955.377319667
1549,5152793.687375732
1550,5164675.558240461
1551,5176578.338647645
1552,5188502.065393524
1553,5200465.643718526
1554,5212460.011398849
1555,5224475.486591629
1556,5236512.1064415
1557,5248588.885532516
1558,5260696.661584718
1559,5272825.744723521
1560,5284976.172444762
1561,5297167.899873417
1562,5309390.003251741
1563,5321633.614907967
1564,5333898.772691987
1565,5346207.19994569
1566,5358544.55706166
1567,5370903.625277116
1568,5383284.442798866
1569,5395711.325457769
1570,5408164.8702406185
1571,5420640.330588043
1572,5433137.745066661
1573,5445684.84297926
1574,5458255.516937508
1575,5470848.31258226
1576,5483465.884269105
1577,5496132.346300331
1578,5508821.098584299
1579,5521532.180346999
1580,5534273.168688318
1581,5547058.45679289
1582,5559866.244258305
1583,5572696.570678534
1584,5585562.746665044
1585,5598467.823774226
1586,5611395.61104689
1587,5624346.148447981
1588,5637339.2880062945
1589,5650365.124873487
1590,5663413.884415123
1591,5676485.606970108
1592,5689609.398556723
1593,5702759.067170132
1594,5715931.876374959
1595,5729127.866893607
1596,5742376.495470564
1597,5755651.001583613
1598,5768948.867974975
1599,5782270.135753644
1600,5795645.507743492
1601,5809045.864700004
1602,5822469.803404981
1603,5835917.927711261
1604,5849421.393302436
1605,5862948.622090885
1606,5876499.6558946585
1607,5890078.16304991
1608,5903710.850012851
1609,5917367.5275746025
1610,5931048.237953396
1611,5944754.316192812
1612,5958517.299420237
1613,5972304.502539589
1614,5986115.968172592
1615,5999951.7390159825
1616,6013845.9150952725
1617,6027764.729582096
1618,6041708.038189978
1619,6055675.884023217
1620,6069701.904517751
1621,6083753.4252733765
1622,6097829.67368424
1623,6111930.693265621
1624,6126090.509498735
1625,6140275.840582169
1626,6154486.13479792
1627,6168721.90820497
1628,6183017.006601008
1629,6197337.26129598
1630,6211682.716559485
1631,6226055.801965845
1632,6240486.707558399
1633,6254943.008441013
1634,6269424.749303861
1635,6283937.116955954
1636,6298504.959693277
1637,6313098.438700255
1638,6327717.59909111
1639,6342371.227089146
1640,6357077.146332608
1641,6371808.944830322
1642,6386566.668124122
1643,6401363.542629541
1644,6416208.6872230815
1645,6431079.95607719
1646,6445977.395164854
1647,6460919.510604658
1648,6475905.038945038
1649,6490916.938590819
1650,6505955.2559497375
1651,6521044.615217983
1652,6536171.695325586
1653,6551325.395838873
1654,6566505.763603955
1655,6581744.378260536
1656,6597014.187850838
1657,6612310.869019643
1658,6627637.745547527
1659,6643024.788910577
1660,6658438.910158059
1661,6673880.156941121
1662,6689358.874317232
1663,6704891.134238469
1664,6720450.727593647
1665,6736037.702483623
1666,6751670.406978837
1667,6767349.050512927
1668,6783055.28508421
1669,6798789.159246886
1670,6814578.003482083
1671,6830404.206387441
1672,6846258.260002333
1673,6862140.472632226
1674,6878087.356351633
1675,6894062.30315252
1676,6910065.362419771
1677,6926107.633367825
1678,6942204.190941558
1679,6958329.074990122
1680,6974482.335361915
1681,6990686.834131197
1682,7006934.26569024
1683,7023210.28922942
1684,7039514.955064378
1685,7055883.857764283
1686,7072283.372377657
1687,7088711.746604175
1688,7105180.78312537
1689,7121704.520645367
1690,7138257.336383749
1691,7154839.2815118125
1692,7171476.678626302
1693,7188154.6729491735
1694,7204862.016948742
1695,7221602.799735606
1696,7238406.713687967
1697,7255240.1989081185
1698,7272103.307435011
1699,7289016.424895807
1700,7305976.797685104
1701,7322967.01707559
1702,7339987.135590738
1703,7357074.792570109
1704,7374192.874512906
1705,7391341.08059057
1706,7408537.171915995
1707,7425783.872146978
1708,7443060.922852955
1709,7460368.377444099
1710,7477745.1758390255
1711,7495154.085703211
1712,7512593.6314959135
1713,7530075.007694693
1714,7547616.556186313
1715,7565188.974021485
1716,7582792.315523488
1717,7600451.4809277775
1718,7618157.556367143
1719,7635894.790681549
1720,7653663.238703774
1721,7671503.33654808
1722,7689376.080381372
1723,7707280.276389662
1724,7725227.59795972
1725,7743236.626103886
1726,7761277.346253676
1727,7779349.814180052
1728,7797479.705700219
1729,7815657.730558488
1730,7833867.744819655
1731,7852109.804778033
1732,7870424.717090863
1733,7888773.064064251
1734,7907153.700170217
1735,7925581.599334837
1736,7944069.069852356
1737,7962589.07432948
1738,7981141.670018844
1739,7999759.066007863
1740,8018419.235560189
1741,8037112.242984646
1742,8055846.362407538
1743,8074647.498237659
1744,8093481.720009753
1745,8112349.085947796
1746,8131277.182973019
1747,8150253.426230369
1748,8169263.0635804385
1749,8188311.616775275
1750,8207430.693199384
1751,8226583.41507134
1752,8245769.841599749
1753,8265016.859045952
1754,8284313.48312053
1755,8303644.065087958
1756,8323015.26863274
1757,8342456.6171808615
1758,8361932.1783052385
1759,8381442.012212486
1760,8401016.173613096
1761,8420637.542230124
1762,8440293.440219302
1763,8459995.515838645
1764,8479763.524921615
1765,8499566.321431851
1766,8519403.966587571
1767,8539313.501670137
1768,8559264.035806337
1769,8579249.678573903
1770,8599290.855146391
1771,8619389.970699396
1772,8639524.456354523
1773,8659698.975548109
1774,8679947.52101531
1775,8700231.699548557
1776,8720551.573854188
1777,8740940.089351382
1778,8761374.815488806
1779,8781845.502329422
1780,8802371.08614139
1781,8822957.219365451
1782,8843579.579736013
1783,8864243.929797336
1784,8884982.334368113
1785,8905757.23404958
1786,8926568.693065083
1787,8947453.59182631
1788,8968381.901407083
1789,8989347.040289698
1790,9010374.431348508
1791,9031457.026246034
1792,9052576.721953731
1793,9073748.30095953
1794,9094986.061442113
1795,9116261.195792265
1796,9137578.65723667
1797,9158972.468445474
1798,9180403.928136898
1799,9201873.102563959
1800,9223419.717415826
1801,9245008.394051094
1802,9266635.062089328
1803,9288331.287356209
1804,9310078.0774641
1805,9331863.13721997
1806,9353710.666245596
1807,9375616.47130385
1808,9397560.825841492
1809,9419561.35117049
1810,9441627.077628523
1811,9463731.634992503
1812,9485890.287052335
1813,9508129.75477763
1814,9530408.359155389
1815,9552726.169057468
1816,9575097.011513673
1817,9597550.625013994
1818,9620043.752016298
1819,9642576.46205563
1820,9665162.758246955
1821,9687832.170944855
1822,9710541.476903904
1823,9733290.74632744
1824,9756095.76060381
1825,9778982.637606708
1826,9801909.79056015
1827,9824877.290340891
1828,9847904.28815887
1829,9871010.306337658
1830,9894156.98610726
1831,9917344.399023104
1832,9940596.64704165
1833,9963923.495109925
1834,9987291.393381061
1835,10010700.414094336
1836,10034181.298171256
1837,10057730.90019523
1838,10081321.944420021
1839,10104954.503774747
1840,10128666.558076736
1841,10152440.620346352
1842,10176256.519817438
1843,10200114.330114204
1844,10224060.859364668
1845,10248061.10045421
1846,10272103.576770158
1847,10296188.362637155
1848,10320372.671351917
1849,10344600.822195008
1850,10368871.60933548
1851,10393195.661343368
1852,10417610.500480859
1853,10442068.304446075
1854,10466569.148847593
1855,10491137.049105667
1856,10515782.890731808
1857,10540472.103699153
1858,10565204.764331669
1859,10590019.814556845
1860,10614898.424033666
1861,10639820.81447183
1862,10664787.062916117
1863,10689852.565338803
1864,10714965.720672669
1865,10740123.069716884
1866,10765338.987104492
1867,10790643.947779166
1868,10815993.439699348
1869,10841387.54123015
1870,10866860.376723845
1871,10892403.783237105
1872,10917992.140607966
1873,10943625.527939968
1874,10969356.478026427
1875,10995140.152549569
1876,11020969.200749002
1877,11046856.044842917
1878,11072836.103065835
1879,11098861.880557071
1880,11124933.457772406
1881,11151084.523635803
1882,11177308.104112368
1883,11203577.832402669
1884,11229893.78971662
1885,11256312.413759027
1886,11282781.37401041
1887,11309296.913889755
1888,11335879.357540498
1889,11362548.635967167
1890,11389264.846537607
1891,11416028.07184196
1892,11442884.177472273
1893,11469802.152222091
1894,11496767.496766256
1895,11523792.563656498
1896,11550913.401461707
1897,11578081.96605548
1898,11605298.34142635
1899,11632603.170835482
1900,11659976.061711255
1901,11687397.12293328
1902,11714876.043086989
1903,11742454.371925306
1904,11770081.232635312
1905,11797756.71062232
1906,11825521.491183653
1907,11853355.270501846
1908,11881238.03122808
1909,11909182.219866967
1910,11937225.040496157
1911,11965317.21039992
1912,11993458.81642199
1913,12021693.002394967
1914,12049995.704231823
1915,12078348.212676661
1916,12106763.851543074
1917,12135278.214030938
1918,12163842.755602734
1919,12192457.56456249
1920,12221169.445136668
1921,12249947.156535491
1922,12278775.510454025
1923,12307674.10714267
1924,12336666.131088505
1925,12365709.174696723
1926,12394803.327750573
1927,12424004.399372661
1928,12453263.28345589
1929,12482573.656816231
1930,12511966.686211806
1931,12541442.567634301
1932,12570970.320201192
1933,12600557.721355468
1934,12630251.76308538
1935,12659998.059873542
1936,12689796.70367719
1937,12719695.610823533
1938,12749661.622987606
1939,12779680.368817579
1940,12809778.857231386
1941,12839965.762091488
1942,12870205.789339699
1943,12900506.25426439
1944,12930915.235332133
1945,12961377.729592903
1946,12991893.83121798
1947,13022514.80665814
1948,13053200.95975471
1949,13083941.11380556
1950,13114769.246019961
1951,13145680.256031089
1952,13176645.662694816
1953,13207683.329567768
1954,13238820.400855009
1955,13270012.266612558
1956,13301261.839847693
1957,13332626.18308278
1958,13364045.720736379
1959,13395520.549938343
1960,13427102.398188276
1961,13458750.826889392
1962,13490454.949936327
1963,13522253.84845553
1964,13554132.393733049
1965,13586067.038310481
1966,13618088.729084052
1967,13650206.360058766
1968,13682380.511071168
1969,13714611.281583864
1970,13746960.83881118
1971,13779375.739991695
1972,13811847.684339358
1973,13844401.112319903
1974,13877058.0132693
1975,13909772.383251708
1976,13942544.323399771
1977,13975432.621462723
1978,14008390.674784495
1979,14041406.727100473
1980,14074504.857624972
1981,14107707.85792262
1982,14140969.288266713
1983,14174289.251481062
1984,14207729.234305203
1985,14241237.314507188
1986,14274804.361628348
1987,14308460.10835858
1988,14342216.116245128
1989,14376031.527348457
1990,14409906.446204904
1991,14443926.33555062
1992,14478006.896873662
1993,14512147.43255532
1994,14546348.048137002
1995,14580680.749494359
1996,14615088.204190668
1997,14649556.208505137
1998,14684084.868991537
1999,14718735.150373144
2000,14753471.855249954
2001,14788269.689151935
2002,14823128.759652436
2003,14858102.42507824
2004,14893172.502439963
2005,14928304.295488166
2006,14963497.91282859
2007,14998797.452559551
2008,15034213.289623179
2009,15069691.45083336
2010,15105232.045866586
2011,15140835.184592362
2012,15176584.464304574
2013,15212411.328833088
2014,15248301.240824783
2015,15284254.311229045
2016,15320299.156182878
2017,15356477.07445214
2018,15392718.657960922
2019,15429024.018745737
2020,15465393.269040247
2021,15501901.832204511
2022,15538497.457146375
2023,15575157.482398225
2024,15611882.02129013
2025,15648698.747154834
2026,15685650.798868874
2027,15722667.878124494
2028,15759750.099355547
2029,15796897.577197244
2030,15834191.845211837
2031,15871568.383525573
2032,15909010.696382448
2033,15946518.89953083
2034,15984133.760811647
2035,16021872.178824134
2036,16059677.008207185
2037,16097548.365829868
2038,16135489.71379414
2039,16173592.44780238
2040,16211762.23429594
2041,16249999.19127209
2042,16288303.436935753
2043,16326742.37872063
2044,16365279.578664577
2045,16403884.595656652
2046,16442557.549039567
2047,16481335.16521748
2048,16520242.250780003
2049,16559217.804306628
2050,16598261.94628553
2051,16637384.007192405
2052,16676663.46644423
2053,16716012.048954533
2054,16755429.876364654
2055,16794917.07052999
2056,16834556.448662322
2057,16874280.568611506
2058,16914074.59432233
2059,16953938.64881316
2060,16993934.428495146
2061,17034036.610421173
2062,17074209.363413267
2063,17114452.811660554
2064,17154810.645897403
2065,17195293.430499054
2066,17235847.45594218
2067,17276472.84759458
2068,17317198.3505426
2069,17358064.294758517
2070,17399002.154090952
2071,17440012.05509424
2072,17481110.802635033
2073,17522362.47972417
2074,17563686.750733167
2075,17605083.743410923
2076,17646561.273710206
2077,17688201.27333308
2078,17729914.550236356
2079,17771701.23337146
2080,17813563.04742319
2081,17855593.975724716
2082,17897698.86925336
2083,17939877.85817118
2084,17982131.07286929
2085,18024553.900020957
2086,18067053.03750305
2087,18109626.964155134
2088,18152275.811589208
2089,18195094.37309527
2090,18237990.398540962
2091,18280961.911590286
2092,18324009.2190228
2093,18367228.736333523
2094,18410524.310520966
2095,18453896.075427994
2096,18497349.309284437
2097,18540970.346385475
2098,18584668.146947768
2099,18628442.846057605
2100,18672307.32917407
2101,18716332.57590828
2102,18760435.29742175
2103,18804615.63005253
2104,18848896.65109026
2105,18893328.814302664
2106,18937839.168375745
2107,18982427.850907657
2108,19027130.66481316
2109,19071972.468441203
2110,19116893.18380477
2111,19161892.949770615
2112,19207022.778226502
2113,19252276.963390768
2114,19297610.785989154
2115,19343024.386165455
2116,19388586.418031685
2117,19434255.743128028
2118,19480005.436211195
2119,19525835.638710566
2120,19571835.030457012
2121,19617922.27124942
2122,19664090.615466017
2123,19710355.83224996
2124,19756782.081961032
2125,19803290.03167561
2126,19849879.825167146
2127,19896592.034504544
2128,19943441.05993101
2129,19990372.529350817
2130,20037386.587846614
2131,20084550.848767307
2132,20131825.47337635
2133,20179183.290937167
2134,20226626.523105536
2135,20274245.788640704
2136,20321948.85361796
2137,20369735.865505226
2138,20417640.583377592
2139,20465690.39062638
2140,20513824.754973333
2141,20562043.825219683
2142,20610414.993980642
2143,20658898.214805245
2144,20707466.75543786
2145,20756129.73340012
2146,20804963.321269944
2147,20853882.845514663
2148,20902888.457362704
2149,20952027.12876867
2150,21001299.15643047
2151,21050657.89202194
2152,21100103.48812925
2153,21149722.7277232
2154,21199436.11614666
2155,21249236.989194784
2156,21299160.577889267
2157,21349230.15486144
2158,21399387.843269534
2159,21449633.798169553
2160,21500047.01266342
2161,21550563.0615097
2162,21601168.007481173
2163,21651893.673811805
2164,21702769.634853274
2165,21753735.126383927
2166,21804790.305956963
2167,21856014.534404177
2168,21907342.13269247
2169,21958760.056249008
2170,22010304.71181095
2171,22061995.98478665
2172,22113778.223015636
2173,22165651.586575933
2174,22217703.62198566
2175,22269851.752340276
2176,22322091.65191339
2177,22374471.964917134
2178,22426987.571636125
2179,22479595.59424864
2180,22532307.91588137
2181,22585192.590010777
2182,22638170.32950862
2183,22691241.298148625
2184,22744473.698626637
2185,22797822.755697273
2186,22851265.69534469
2187,22904837.77105688
2188,22958559.753251698
2189,23012376.274286825
2190,23066291.66363692
2191,23120388.185394194
2192,23174579.905096285
2193,23228866.990269702
2194,23283314.898480397
2195,23337883.441051006
2196,23392548.01221553
2197,23447346.72234385
2198,23502293.71893024
2199,23557337.410103537
2200,23612490.470636304
2201,23667817.559355598
2202,23723242.011537433
2203,23778763.998519126
2204,23834461.76712844
2205,23890268.62832469
2206,23946173.697273593
2207,24002233.13156403
2208,24058424.05681145
2209,24114713.86567678
2210,24171143.878540486
2211,24227734.054806624
2212,24284423.817281555
2213,24341213.341214065
2214,24398173.94954929
2215,24455265.160963207
2216,24512456.840293404
2217,24569751.775667064
2218,24627253.636779565
2219,24684856.68845829
2220,24742561.108775336
2221,24800376.969467856
2222,24858392.85171849
2223,24916510.829095133
2224,24974731.08126169
2225,25033073.794899866
2226,25091606.79585133
2227,25150242.801939555
2228,25208981.994429804
2229,25267857.42135519
2230,25326910.656219084
2231,25386067.81171246
2232,25445329.07071163
2233,25504743.004637994
2234,25564319.60637444
2235,25624001.0497463
2236,25683787.51925067
2237,25743745.687916327
2238,25803848.80733403
2239,25864057.69493776
2240,25924372.53685505
2241,25984880.60267028
2242,26045513.408527423
2243,26106252.91469734
2244,26167104.639494535
2245,26228162.869637657
2246,26289328.548743
2247,26350601.86589586
2248,26412014.23312083
2249,26473607.599755928
2250,26535309.357070725
2251,26597119.69580775
2252,26659098.1744202
2253,26721229.89510129
2254,26783470.953841653
2255,26845821.54305095
2256,26908371.539217997
2257,26971044.849824846
2258,27033828.451564867
2259,27096742.295906838
2260,27159849.39624462
2261,27223067.55108603
2262,27286396.955861237
2263,27349892.553516135
2264,27413546.808064595
2265,27477313.0799823
2266,27541191.56639384
2267,27605274.137547113
2268,27669478.832003713
2269,27733796.512477163
2270,27798257.403816897
2271,27862902.082301114
2272,27927660.521072965
2273,27992532.920324225
2274,28057592.795888912
2275,28122796.572184257
2276,28188115.09265064
2277,28253552.884807374
2278,28319203.49921957
2279,28384969.644135166
2280,28450851.52286101
2281,28516889.37102404
2282,28583104.651271474
2283,28649436.455703992
2284,28715884.989377037
2285,28782528.12587477
2286,28849311.37721021
2287,28916212.152228832
2288,28983248.016325317
2289,29050484.243408114
2290,29117838.791307025
2291,29185311.868239164
2292,29252962.948101982
2293,29320772.80807158
2294,29388701.99831863
2295,29456755.324064292
2296,29525022.042945135
2297,29593408.89606977
2298,29661916.094846472
2299,29730594.276481144
2300,29799440.349704724
2301,29868407.57670176
2302,29937497.230507754
2303,30006804.088706262
2304,30076232.91155332
2305,30145783.913678326
2306,30215507.78494916
2307,30285399.778940186
2308,30355414.76728329
2309,30425559.053799212
2310,30495915.801888775
2311,30566396.36219016
2312,30637000.952583935
2313,30707788.54799081
2314,30778736.273661796
2315,30849808.85152813
2316,30921025.530459754
2317,30992442.022580236
2318,31063984.19181647
2319,31135652.25933081
2320,31207521.07648279
2321,31279534.448665626
2322,31351674.54833455
2323,31423980.850578338
2324,31496467.044961803
2325,31569080.798888847
2326,31641828.708744567
2327,31714789.352257993
2328,31787878.390235372
2329,31861096.048620887
2330,31934508.69175168
2331,32008074.65125828
2332,32081770.070444193
2333,32155632.335244633
2334,32229676.861444358
2335,32303851.689489614
2336,32378167.50608499
2337,32452692.251824714
2338,32527348.14448474
2339,32602135.4148529
2340,32677128.005898334
2341,32752266.62662323
2342,32827537.474545363
2343,32903004.336325515
2344,32978649.897553474
2345,33054428.578076184
2346,33130340.612152334
2347,33206438.96327099
2348,33282726.608173992
2349,33359148.502289407
2350,33435704.881864287
2351,33512441.272073966
2352,33589374.17159292
2353,33666442.45582191
2354,33743646.36300627
2355,33821027.19880089
2356,33898608.53985707
2357,33976326.40672911
2358,34054181.0396703
2359,34132212.56993904
2360,34210445.55540079
2361,34288816.213420376
2362,34367324.786269054
2363,34446013.11475793
2364,34524900.96425867
2365,34603927.63872487
2366,34683093.38245576
2367,34762451.05942968
2368,34842011.50572761
2369,34921711.96060417
2370,35001552.670441434
2371,35081533.882055074
2372,35161764.986385524
2373,35242141.96562425
2374,35322660.39034834
2375,35403320.509468384
2376,35484178.57210914
2377,35565234.839032404
2378,35646433.74682823
2379,35727775.54651088
2380,35809269.21909261
2381,35891007.55635475
2382,35972889.734773405
2383,36054916.00747505
2384,36137086.62803153
2385,36219476.88897856
2386,36302045.14490313
2387,36384758.70244611
2388,36467617.81730399
2389,36550659.4095795
2390,36633916.569194384
2391,36717320.24273643
2392,36800870.68803543
2393,36884571.49740105
2394,36968520.40616528
2395,37052617.04617262
2396,37136861.677395016
2397,37221254.56026199
2398,37305872.86601702
2399,37390665.34224053
2400,37475607.03418715
2401,37560698.204441175
2402,37645989.97563914
2403,37731481.17709388
2404,37817122.8238636
2405,37902915.180696376
2406,37988887.58348512
2407,38075080.41843273
2408,38161424.93340492
2409,38247921.395322524
2410,38334581.36432156
2411,38421478.76025572
2412,38508529.076075554
2413,38595732.580883816
2414,38683089.544256635
2415,38770691.72749156
2416,38858450.79605813
2417,38946364.30085056
2418,39034432.513639815
2419,39122734.680513844
2420,39211205.47297083
2421,39299831.95411946
2422,39388614.39793472
2423,39477622.81954389
2424,39566808.32627278
2425,39656150.779421374
2426,39745650.45517792
2427,39835371.188944995
2428,39925274.419560835
2429,40015335.85962043
2430,40105555.78753468
2431,40195994.681412265
2432,40286618.66476152
2433,40377402.12590855
2434,40468345.34549618
2435,40559508.04206197
2436,40650855.82622298
2437,40742364.36189944
2438,40834033.9319756
2439,40925925.87242343
2440,41018000.524708316
2441,41110237.20762388
2442,41202636.206305385
2443,41295265.92341573
2444,41388074.595271155
2445,41481046.589457355
2446,41574182.19338251
2447,41667539.023011886
2448,41761084.63042253
2449,41854794.856995255
2450,41948669.992420286
2451,42042759.69998415
2452,42137045.17443776
2453,42231496.570043266
2454,42326114.17878209
2455,42420942.31481815
2456,42515970.60337727
2457,42611166.12026407
2458,42706529.15976027
2459,42802105.5323769
2460,42897887.77435788
2461,42993838.57144477
2462,43089958.22025412
2463,43186255.152283184
2464,43282793.785351396
2465,43379502.30459332
2466,43476381.0089678
2467,43573430.19795977
2468,43670703.59229812
2469,43768172.2895295
2470,43865812.50962502
2471,43963624.554423645
2472,44061631.88500087
2473,44159863.22988677
2474,44258267.439714275
2475,44356844.81868403
2476,44455595.67153204
2477,44554589.56842153
2478,44653760.255799636
2479,44753105.461136915
2480,44852625.49154291
2481,44952365.49220192
2482,45052305.158710785
2483,45152420.6963977
2484,45252712.41475354
2485,45353204.93768129
2486,45453916.09861726
2487,45554804.488376275
2488,45655870.41883831
2489,45757121.59565808
2490,45858606.77998932
2491,45960270.55523872
2492,46062113.235683285
2493,46164135.13615284
2494,46266390.66644947
2495,46368832.37425973
2496,46471454.35623924
2497,46574256.9296269
2498,46677280.98551701
2499,46780503.18656725
2500,46883907.03526679
2501,46987492.85127157
2502,47091290.733247586
2503,47195296.00178298
2504,47299484.295977674
2505,47403855.93791244
2506,47508432.67877194
2507,47613223.60256117
2508,47718198.93457328
2509,47823358.99932198
2510,47928719.36873417
2511,48034298.54902709
2512,48140063.52468385
2513,48246014.62265911
2514,48352163.131633654
2515,48458533.18311902
2516,48565090.421710126
2517,48671835.17681082
2518,48778776.290796466
2519,48885940.916703835
2520,48993294.12797544
2521,49100836.25647576
2522,49208570.36600018
2523,49316532.05063295
2524,49424683.72326009
2525,49533025.718214214
2526,49641558.370416306
2527,49750318.406361565
2528,49859271.04097135
2529,49968415.407406755
2530,50077751.843068965
2531,50187313.472707585
2532,50297071.70114739
2533,50407023.07906212
2534,50517167.94634774
2535,50627525.62050297
2536,50738091.507174864
2537,50848851.96460365
2538,50959807.33518631
2539,51070966.398422435
2540,51182342.02276486
2541,51293913.64280519
2542,51405681.60344796
2543,51517647.05243664
2544,51629834.508962326
2545,51742219.38981248
2546,51854802.04240561
2547,51967582.81477166
2548,52080579.930890776
2549,52193780.18588782
2550,52307179.6474872
2551,52420778.66624373
2552,52534588.96439219
2553,52648606.72205099
2554,52762825.1249168
2555,52877244.526076
2556,52991872.00256349
2557,53106709.40661526
2558,53221748.89825091
2559,53336990.83309501
2560,53452439.162189886
2561,53568098.37162152
2562,53683961.114813
2563,53800027.74993377
2564,53916300.29007827
2565,54032783.47917203
2566,54149471.652027525
2567,54266365.16936576
2568,54383464.96929114
2569,54500774.32766428
2570,54618290.12365399
2571,54736012.720539704
2572,54853942.525282666
2573,54972080.257927865
2574,55090425.88592444
2575,55208979.77511697
2576,55327742.031939045
2577,55446710.359264664
2578,55565888.04358352
2579,55685275.453312285
2580,55804872.31752333
2581,55924673.4753942
2582,56044685.455834515
2583,56164908.62984003
2584,56285341.97052749
2585,56405978.21030592
2586,56526826.74219161
2587,56647887.939766236
2588,56769159.34543142
2589,56890632.934018746
2590,57012320.2882401
2591,57134221.78427003
2592,57256332.56837301
2593,57378645.78825121
2594,57501174.251306385
2595,57623918.336313255
2596,57746869.542727284
2597,57870024.69200056
2598,57993396.56603769
2599,58116985.54622042
2600,58240777.954597704
2601,58364777.347035244
2602,58488994.949894816
2603,58613431.147172645
2604,58738065.27822238
2605,58862911.2433004
2606,58987976.908557676
2607,59113262.66061203
2608,59238738.7812923
2609,59364433.664237216
2610,59490349.74124542
2611,59616481.669264205
2612,59742805.53018804
2613,59869351.69201932
2614,59996120.54595231
2615,60123096.37804701
2616,60250272.3951312
2617,60377672.21270483
2618,60505296.224601015
2619,60633115.49347822
2620,60761146.05525596
2621,60889401.921308085
2622,61017883.48811399
2623,61146545.49269883
2624,61275433.00359966
2625,61404547.326790735
2626,61533873.71470303
2627,61663392.67162004
2628,61793139.552013665
2629,61923114.75697245
2630,62053281.21824249
2631,62183656.31742538
2632,62314260.8466803
2633,62445095.20974686
2634,62576113.08871583
2635,62707346.24977831
2636,62838810.35088591
2637,62970505.79843532
2638,63102374.37078085
2639,63234467.53098796
2640,63366793.144622125
2641,63499348.32189175
2642,63632069.876884
2643,63765024.9911192
2644,63898214.075603075
2645,64031620.230040036
2646,64165204.193906866
2647,64299023.234638475
2648,64433077.76591106
2649,64567333.330395006
2650,64701781.68966636
2651,64836466.64691976
2652,64971388.61850816
2653,65106491.7605792
2654,65241806.5192824
2655,65377359.40061115
2656,65513150.823601335
2657,65649099.4517714
2658,65785282.631409466
2659,65921705.46187358
2660,66058347.25422819
2661,66195160.13481608
2662,66332213.77434323
2663,66469508.59648467
2664,66606992.0110521
2665,66744673.17553034
2666,66882596.62690654
2667,67020762.791544415
2668,67159092.8363124
2669,67297644.11880024
2670,67436439.21937194
2671,67575473.94931298
2672,67714647.89891987
2673,67854066.76234512
2674,67993730.97057514
2675,68133620.48487766
2676,68273662.00932063
2677,68413949.97429185
2678,68554484.81346425
2679,68695226.28484498
2680,68836136.91923863
2681,68977295.5235714
2682,69118702.53420757
2683,69260292.17560436
2684,69402072.20959586
2685,69544101.74344668
2686,69686381.2162133
2687,69828819.54841349
2688,69971470.48714085
2689,70114372.45829606
2690,70257525.90363245
2691,70400809.30248149
2692,70544332.67041253
2693,70688108.60602227
2694,70832118.43097422
2695,70976262.11254689
2696,71120659.45338944
2697,71265310.89987755
2698,71410160.7569612
2699,71555178.43629792
2700,71700451.31291494
2701,71845979.8358944
2702,71991665.26536214
2703,72137558.5216201
2704,72283708.51594728
2705,72430115.70013712
2706,72576631.98236997
2707,72723402.41366488
2708,72870431.12662984
2709,73017670.88677827
2710,73165060.73842075
2711,73312709.9617513
2712,73460619.01319775
2713,73608682.44205026
2714,73756951.17493369
2715,73905480.82610774
2716,74054266.22609471
2717,74203153.48512346
2718,74352302.75088677
2719,74501714.48444936
2720,74651315.36785538
2721,74801083.28031853
2722,74951114.74923667
2723,75101410.23840162
2724,75251820.67049687
2725,75402470.92227387
2726,75553386.2831926
2727,75704512.94757019
2728,75855781.0466235
2729,76007315.34206702
2730,76159116.30233791
2731,76311042.94180964
2732,76463195.25131632
2733,76615615.31319195
2734,76768250.63797295
2735,76921006.4913033
2736,77074031.15907958
2737,77227325.1143462
2738,77380779.76222834
2739,77534407.54833835
2740,77688305.68326661
2741,77842474.64275715
2742,77996741.83884417
2743,78151242.68427321
2744,78306015.4148746
2745,78461027.76796786
2746,78616105.32795596
2747,78771455.78797944
2748,78927079.6282717
2749,79082960.45432997
2750,79238886.22101626
2751,79395086.38035648
2752,79551561.41521053
2753,79708303.90558277
2754,79865077.99270554
2755,80022127.96530044
2756,80179454.30885428
2757,80337051.26409903
2758,80494673.81424217
2759,80652573.74292617
2760,80810751.5382652
2761,80969195.38221942
2762,81127666.56650047
2763,81286416.62269174
2764,81445446.04153526
2765,81604728.83495401
2766,81764048.85272156
2767,81923649.23611909
2768,82083530.47851706
2769,82243643.93230031
2770,82403813.0108385
2771,82564263.9491257
2772,82724997.24316171
2773,82885931.59306175
2774,83046946.02085459
2775,83208243.79598373
2776,83369825.41706668
2777,83531583.80283606
2778,83693443.62077472
2779,83855588.27370852
2780,84018018.26287267
2781,84180571.29194278
2782,84343233.95925549
2783,84506182.8743599
2784,84669418.54097727
2785,84832916.12918302
2786,84996377.07694137
2787,85160125.6772473
2788,85324162.43629397
2789,85488487.86116521
2790,85652863.58957584
2791,85817406.87279414
2792,85982239.71317762
2793,86147362.62027088
2794,86312684.10539584
2795,86478016.5949275
2796,86643640.03041084
2797,86809554.92383417
2798,86975761.78808689
2799,87141945.03266953
2800,87308353.04695614
2801,87475053.89982527
2802,87642048.1065957
2803,87809182.57227255
2804,87976368.55746672
2805,88143848.750257
2806,88311623.6683713
2807,88479693.83044848
2808,88647676.6658508
2809,88815928.91717596
2810,88984477.25243373
2811,89153322.19265372
2812,89322268.25689143
2813,89491285.08350252
2814,89660599.33948566
2815,89830211.54823783
2816,90000122.23407726
2817,90169912.71882492
2818,90339990.41227147
2819,90510367.4019236
2820,90681044.21446335
2821,90851794.38803309
2822,91022633.08187947
2823,91193772.41107874
2824,91365212.90466926
2825,91536911.54489073
2826,91708502.57395737
2827,91880395.56227502
2828,92052591.04121178
2829,92225089.5430708
2830,92397592.47676381
2831,92570236.56633745
2832,92743184.46825618
2833,92916436.71714894
2834,93089883.55128875
2835,93263276.23188142
2836,93436974.04212731
2837,93610977.51897323
2838,93785287.20031099
2839,93959494.89521399
2840,94133940.14628632
2841,94308692.37924208
2842,94483752.13428739
2843,94658872.44451588
2844,94834062.71552104
2845,95009561.27943234
2846,95185368.67876273
2847,95361388.3432892
2848,95537321.25939974
2849,95713563.77525923
2850,95890116.43568036
2851,96066979.78643443
2852,96243694.88500372
2853,96420679.01941717
2854,96597974.60342795
2855,96775582.18510386
2856,96953162.31896304
2857,97130885.78362043
2858,97308921.9988836
2859,97487271.51510955
2860,97665701.9288066
2861,97844162.47996022
2862,98022937.07877895
2863,98202026.27790216
2864,98381291.7436488
2865,98560487.18159997
2866,98739997.9604041
2867,98919824.63497616
2868,99099909.4742383
2869,99279837.642827
2870,99460082.4416617
2871,99640644.42792615
2872,99821524.1597846
2873,100002191.3184686
2874,100183168.02049255
2875,100364463.1978825
2876,100546077.41106883
2877,100727525.38270338
2878,100909231.91369209
2879,101091258.20433211
2880,101273604.81731391
2881,101455806.18499187
2882,101638227.65404579
2883,101820970.14083144
2884,102004034.21025316
2885,102187022.88116911
2886,102370156.99883422
2887,102553613.38828231
2888,102737392.61662409
2889,102921150.83805092
2890,103104995.35975692
2891,103289163.4033464
2892,103473655.53812987
2893,103658165.1802797
2894,103842717.90576972
2895,104027595.39937136
2896,104212798.23258793
2897,104398040.80827706
2898,104583299.58105084
2899,104768884.36436881
2900,104954795.73192051
2901,105140752.4156009
2902,105326715.1223649
2903,105513005.07838614
2904,105699622.85953394
2905,105886274.50571038
2906,106072939.07583697
2907,106259932.13028954
2908,106447254.24711062
2909,106634581.40816164
2910,106821945.81315728
2911,107009639.93397743
2912,107197664.3508315
2913,107385647.29425187
2914,107573709.54723352
2915,107762102.74404114
2916,107950827.46704493
2917,108139446.19212699
2918,108328204.34730676
2919,108517294.67088921
2920,108706717.74739937
2921,108895952.00136927
2922,109085404.15354753
2923,109275189.69535187
2924,109465309.21345636
2925,109655138.50708085
2926,109845282.79114594
2927,110035761.68277784
2928,110226480.03541587
2929,110416979.39347492
2930,110607813.9839121
2931,110798984.39664374
2932,110990261.58842137
2933,111181448.25699325
2934,111372971.36739856
2935,111564831.51168174
2936,111756646.38457233
2937,111948518.61895983
2938,112140728.50156508
2939,112333276.62655522
2940,112525607.84418866
2941,112718163.9377914
2942,112911058.88299228
2943,113104220.50775667
2944,113297119.33691417
2945,113490357.62076697
2946,113683935.95666094
2947,113877576.00090703
2948,114071154.19306123
2949,114265073.03537796
2950,114459333.1273066
2951,114653429.75164498
2952,114847685.71454287
2953,115042283.52026798
2954,115237165.26035596
2955,115431755.0077978
2956,115626687.18541096
2957,115821962.39577706
2958,116017261.75316325
2959,116212525.00991535
2960,116408131.88200334
2961,116604082.97409408
2962,116799777.71724616
2963,116995713.00103776
2964,117191993.08272052
2965,117388425.87937759
2966,117584686.37266791
2967,117781292.23610252
2968,117978244.07743612
2969,118175032.47630973
2970,118371960.9608533
2971,118569235.99099346
2972,118766731.66244808
2973,118963979.6539643
2974,119161574.75329453
2975,119359517.57125072
2976,119557328.59387629
2977,119755240.68868802
2978,119953501.05992308
2979,120151987.95117931
2980,120350214.01300052
2981,120548788.9037126
2982,120747713.23715582
2983,120946474.84388779
2984,121145361.26493031
2985,121344597.67688312
2986,121544003.2108384
2987,121743198.21706733
2988,121942743.7572028
2989,122142640.44808519
2990,122342279.75446717
2991,122542131.51589513
2992,122742334.96690601
2993,122942541.72409989
2994,123142587.91256265
2995,123342986.1327135
2996,123543737.00402816
2997,123744382.6429759
2998,123944971.5337431
2999,124145913.41116871
3000,124347208.89640863
3001,124548266.10622428
3002,124749394.95520873
3003,124950877.74099228
3004,125152715.08640267
3005,125354156.45307599
3006,125555822.5678224
3007,125757843.56476991
3008,125960172.54950511
3009,126162018.0904869
3010,126364218.82937586
3011,126566775.39121863
3012,126769438.86679333
3013,126971815.50580426
3014,127174548.27726963
3015,127377637.8078805
3016,127580608.07964666
3017,127783513.27886981
3018,127986775.5406281
3019,128190395.49324901
3020,128393644.82351662
3021,128597076.09357317
3022,128800865.35186435
3023,129004917.22963664
3024,129208513.8496729
3025,129412468.74887753
3026,129616782.55771859
3027,129821063.09682623
3028,130025180.03570785
3029,130229656.16933396
3030,130434492.1297836
3031,130638973.48218036
3032,130843608.39554349
3033,131048603.41510114
3034,131253823.29054612
3035,131458613.50003728
3036,131663764.08896336
3037,131869275.6914878
3038,132074645.69133249
3039,132279948.42036517
3040,132485612.43068238
3041,132691638.35803418
3042,132897130.63503328
3043,133102943.67737688
3044,133309118.89897144
3045,133515284.92788516
3046,133721243.68498524
3047,133927564.87771471
3048,134134249.14385477
3049,134340486.68705288
3050,134546950.58538896
3051,134753777.8082184
3052,134960624.47253433
3053,135167161.524526
3054,135374062.0296994
3055,135581326.6276258
3056,135788340.3161363
3057,135995307.27554715
3058,136202638.44460973
3059,136410334.4642265
3060,136617491.0628942
3061,136824881.84241983
3062,137032637.57735458
3063,137240591.09313554
3064,137448034.3926113
3065,137655842.73987335
3066,137864016.77729866
3067,138072073.86491734
3068,138279927.58170682
3069,138488147.06845334
3070,138696732.96880433
3071,138904869.94529325
3072,139113127.47564873
3073,139321751.48651046
3074,139530647.91063616
3075,139738935.918258
3076,139947590.4599727
3077,140156612.18077195
3078,140365550.56851703
3079,140574227.88968015
3080,140783272.4299677
3081,140992684.83557677
3082,141201642.04474962
3083,141410701.45621684
3084,141620128.75912848
3085,141829805.73492286
3086,142038815.9540618
3087,142248193.97803244
3088,142457940.4540621
3089,142667741.03191555
3090,142877066.12043196
3091,143086759.56780735
3092,143296822.02224356
3093,143506711.43754792
3094,143716348.2747739
3095,143926354.0193938
3096,144136729.3205746
3097,144346672.9399049
3098,144556618.46679252
3099,144766933.4442252
3100,144977618.5223255
3101,145187581.85673067
3102,145397833.07466674
3103,145608454.28102162
3104,145819210.74506465
3105,146029394.84445065
3106,146239948.81409538
3107,146450873.30485967
3108,146661585.4633998
3109,146872068.90658453
3110,147082922.7467313
3111,147294147.63562736
3112,147504781.43381643
3113,147715561.4015701
3114,147926712.28802714
3115,148138053.37531498
3116,148348756.32111338
3117,148559830.05002657
3118,148771275.214521
3119,148982474.67298594
3120,149193468.16006988
3121,149404832.9414799
3122,149616569.6705819
3123,149827362.79850116
3124,150038388.2342772
3125,150249785.02053362
3126,150461553.81073484
3127,150672891.99946976
3128,150883945.6208898
3129,151095370.64232194
3130,151307167.7173176
3131,151518997.1922216
3132,151730065.58040565
3133,151941505.3945194
3134,152153317.28815943
3135,152365501.91607258
3136,152576704.11306962
3137,152788155.43536448
3138,152999978.8573681
3139,153212175.0338625
3140,153423798.5571319
3141,153635258.201364
3142,153847089.95987996
3143,154059294.48748726
3144,154271286.99493557
3145,154482751.87024024
3146,154694588.86896425
3147,154906798.64593077
3148,155119108.26494384
3149,155330575.37304857
3150,155542414.60843146
3151,155754626.62592217
3152,155967201.97230476
3153,156178668.4048299
3154,156390506.9633732
3155,156602718.30276218
3156,156815303.07897633
3157,157026971.43388477
3158,157238806.4895207
3159,157451014.31976643
3160,157663595.5805903
3161,157875425.7097579
3162,158087254.5213088
3163,158299456.09640938
3164,158512031.0910081
3165,158723973.27000776
3166,158935793.17872462
3167,159147985.83525175
3168,159360551.89550975
3169,159572556.94584382
3170,159784365.3730208
3171,159996546.52773026
3172,160209101.06585717
3173,160421120.36670235
3174,160632914.81136277
3175,160845081.95887646
3176,161057622.46508458
3177,161269607.9638226
3178,161481386.00047696
3179,161693536.71103668
3180,161906060.75129157
3181,162117964.97289708
3182,162329724.2493681
3183,162541856.1666566
3184,162754361.38049415
3185,162966137.43584692
3186,163177875.6711596
3187,163389986.51018772
3188,163602470.608597
3189,163814072.20178387
3190,164025787.184121
3191,164237874.7291788
3192,164450335.4925504
3193,164661716.92721552
3194,164873406.51193336
3195,165085468.6146023
3196,165297729.7830793
3197,165509020.07553807
3198,165720682.1832412
3199,165932716.76046634
3200,166144644.5987471
3201,166355820.22934905
3202,166567367.4733437
3203,166779286.98465315
3204,166991100.75827914
3205,167202158.82737437
3206,167413588.3029075
3207,167625389.83843622
3208,167837041.73174953
3209,168047979.4215383
3210,168259288.30585107
3211,168470969.03787258
3212,168682411.7887435
3213,168893226.36111638
3214,169104411.91128066
3215,169315969.09203932
3216,169527156.00212342
3217,169737844.7965556
3218,169948904.34736446
3219,170160335.3069628
3220,170371220.2509484
3221,170581780.68245298
3222,170792711.64436993
3223,171004013.78871414
3224,171214551.22261173
3225,171424980.77974248
3226,171635780.63690135
3227,171846951.4456975
3228,172057096.41421995
3229,172267392.65712866
3230,172478058.9653873
3231,172689012.75159892
3232,172898804.1332765
3233,173108964.69182205
3234,173319495.07686815
3235,173529969.86019215
3236,173739623.49770412
3237,173949646.06960982
3238,174160038.22511476
3239,174369990.77417392
3240,174579504.43524262
3241,174789386.78430218
3242,174999638.47012398
3243,175209026.1657047
3244,175418397.68226373
3245,175628137.6365948
3246,175838167.78614885
3247,176047027.5155429
3248,176256254.78203878
3249,176465850.23238233
3250,176675233.41904488
3251,176883947.11075264
3252,177093028.0824918
3253,177302476.98055562
3254,177511172.3698648
3255,177719738.04193062
3256,177928670.73346937
3257,178137872.6197616
3258,178345602.59227192
3259,178553698.11358604
3260,178762159.82695013
3261,178970988.37674245
3262,179178800.4060039
3263,179386423.81796244
3264,179594412.59110123
3265,179802767.36833614
3266,180010694.89051318
3267,180217844.32379255
3268,180425358.2840927
3269,180633237.41286153
3270,180841216.41574422
3271,181047890.08629477
3272,181254927.44656715
3273,181462329.13653538
3274,181670095.7972994
3275,181876492.8453114
3276,182083051.89984393
3277,182289974.4422977
3278,182497261.11229128
3279,182703585.6219809
3280,182909664.74266016
3281,183116106.50662082
3282,183322911.55199477
3283,183529102.7139922
3284,183734700.34649032
3285,183940659.77489474
3286,184146981.63584575
3287,184352979.68949598
3288,184558094.34952244
3289,184763569.95546767
3290,184969407.14247635
3291,185175153.3797537
3292,185379783.64936
3293,185584774.0124022
3294,185790125.10252476
3295,185995561.8705733
3296,186199706.3945099
3297,186404210.15701488
3298,186609073.79022762
3299,186814144.4926053
3300,187017801.97472444
3301,187221817.83826295
3302,187426192.71385175
3303,187630841.81054908
3304,187834011.01024622
3305,188037537.73203036
3306,188241422.6050202
3307,188445595.6113206
3308,188648275.34001085
3309,188851311.72936416
3310,189054705.40698293
3311,189258348.89122617
3312,189460538.00885016
3313,189663082.9237069
3314,189865984.261879
3315,190069045.84218624
3316,190270743.25373802
3317,190472795.59716502
3318,190675203.4970269
3319,190877631.83703873
3320,191078836.48911285
3321,191280395.20585078
3322,191482308.61028585
3323,191684053.41396508
3324,191884764.29131353
3325,192085828.3643276
3326,192287246.2545113
3327,192488258.26005232
3328,192688474.3821492
3329,192889042.829188
3330,193089964.2211399
3331,193290195.19402808
3332,193489915.61163378
3333,193689987.4817869
3334,193890411.4229235
3335,194089814.14817932
3336,194289037.93989792
3337,194488612.31014803
3338,194688537.87582737
3339,194886864.06851566
3340,195085370.4136432
3341,195284226.07470316
3342,195483431.666371
3343,195681495.057117
3344,195879278.47953135
3345,196077409.94564223
3346,196275890.06788656
3347,196473645.88773817
3348,196670700.4950726
3349,196868101.8634993
3350,197065850.6031975
3351,197263256.4401213
3352,197459575.87889582
3353,197656240.78497794
3354,197853251.76626986
3355,198050267.6565789
3356,198245845.06331113
3357,198441766.6314883
3358,198638032.9667144
3359,198834621.4995509
3360,199029449.44738322
3361,199224620.23772898
3362,199420134.47387078
3363,199615992.7601533
3364,199810275.39978862
3365,200004623.23737362
3366,200199313.0724946
3367,200394345.506947
3368,200588352.59853294
3369,200781877.15920532
3370,200975742.2685828
3371,201169948.52591124
3372,201363617.613529
3373,201556318.47430295
3374,201749358.43420723
3375,201942738.08993647
3376,202136008.6216861
3377,202327885.24524483
3378,202520099.51741362
3379,202712652.0323344
3380,202905465.3612519
3381,203096517.0794928
3382,203287904.99464798
3383,203479629.69830453
3384,203671691.78309092
3385,203861988.94670406
3386,204052362.87028193
3387,204243071.7979273
3388,204434116.319128
3389,204624505.65143996
3390,204813824.15795487
3391,205003475.81120658
3392,205193461.19741437
3393,205383780.90382898
3394,205572321.00809035
3395,205760919.69489917
3396,205949850.26164585
3397,206139113.29232022
3398,206327774.49514425
3399,206515324.57373413
3400,206703204.68691352
3401,206891415.4154246
3402,207079957.3410315
3403,207266614.09491503
3404,207453448.16713762
3405,207640611.01386142
3406,207828103.21361095
3407,208014714.39103502
3408,208200506.87815416
3409,208386626.30678517
3410,208573073.2522268
3411,208759554.0422416
3412,208944309.44004095
3413,209129389.95427456
3414,209314796.15702933
3415,209500528.6213991
3416,209684786.8788062
3417,209868833.01917633
3418,210053203.02776882
3419,210237897.4744739
3420,210421872.5875472
3421,210604888.92841288
3422,210788227.325252
3423,210971888.34476545
3424,211155502.28718266
3425,211337493.43385604
3426,211519804.83235833
3427,211702437.04621553
3428,211885390.63994506
3429,212066583.52034476
3430,212247871.3946948
3431,212429478.28319418
3432,212611404.74719062
3433,212792101.07054293
3434,212972370.1170553
3435,213152956.38477606
3436,213333860.4318976
3437,213513988.44688094
3438,213693243.38317403
3439,213872813.75603664
3440,214052700.12052053
3441,214232190.18624437
3442,214410435.74898022
3443,214588994.97198227
3444,214767868.40717646
3445,214946651.0226492
3446,215123881.1105762
3447,215301423.0717301
3448,215479277.45489174
3449,215657324.14407486
3450,215833543.29522187
3451,216010072.54054263
3452,216186912.42568716
3453,216364063.49726543
3454,216539372.2358618
3455,216714893.32033882
3456,216890723.27047148
3457,217066862.62974745
3458,217241319.8543553
3459,217415837.33984816
3460,217590661.92485633
3461,217765794.14975962
3462,217939082.83984247
3463,218112298.4809592
3464,218285818.93062747
3465,218459644.72519553
3466,218633049.51854396
3467,218804971.8477195
3468,218977196.70949802
3469,219149724.63622263
3470,219322556.16117302
3471,219493783.41207564
3472,219664721.2162635
3473,219835959.82045546
3474,220007499.75394517
3475,220178662.26329148
3476,220348321.52025488
3477,220518279.3272569
3478,220688536.20963177
3479,220859092.69363818
3480,221027929.7378293
3481,221196615.25036785
3482,221365597.59931734
3483,221534877.3069964
3484,221703480.96515056
3485,221870902.6608292
3486,222038618.96887583
3487,222206630.4076954
3488,222374913.21131676
3489,222541079.5402454
3490,222707538.27236962
3491,222874289.92220658
3492,223041335.00517854
3493,223207086.7144582
3494,223372296.30585033
3495,223537796.6167394
3496,223703588.15867922
3497,223868867.7876979
3498,224032836.6416334
3499,224197094.03163785
3500,224361640.46542302
3501,224526369.0772803
3502,224689105.56310746
3503,224852128.41630423
3504,225015438.14076582
3505,225179035.2412739
3506,225341052.0001344
3507,225502848.66470608
3508,225664930.0427178
3509,225827296.6351539
3510,225988627.46508917
3511,226149206.25151712
3512,226310067.60818496
3513,226471212.03230578
3514,226631785.98958242
3515,226791155.16893592
3516,226950804.78988478
3517,227110735.345896
3518,227270484.06190753
3519,227428651.86422038
3520,227587097.99396712
3521,227745822.94089437
3522,227904680.56523573
3523,228061655.17796734
3524,228218906.01837972
3525,228376433.57252443
3526,228534238.327308
3527,228690115.72996557
3528,228846168.39304018
3529,229002495.6613175
3530,229159098.0179939
3531,229314009.447529
3532,229468872.03630865
3533,229624007.13602158
3534,229779415.22617826
3535,229933301.05212128
3536,230086981.6241232
3537,230240932.62696812
3538,230395154.53650627
3539,230547938.94363934
3540,230700420.80103937
3541,230853170.9798101
3542,231006189.95208955
3543,231157912.88305342
3544,231309204.67434117
3545,231460762.69274697
3546,231612587.40672362
3547,231763191.86207095
3548,231913302.1843525
3549,232063676.65462855
3550,232214315.737693
3551,232363747.02592614
3552,232512684.4240466
3553,232661883.90607506
3554,232811345.93317327
3555,232959551.61472452
3556,233107324.58044845
3557,233255357.58093783
3558,233403651.07374814
3559,233550580.9057983
3560,233697197.87704584
3561,233844072.84876516
3562,233991206.27493194
3563,234136812.15707678
3564,234282281.51721305
3565,234428006.85828057
3566,234573988.63070104
3567,234718224.55147105
3568,234862554.6286441
3569,235007138.68186358
3570,235151851.61884755
3571,235294799.1422662
3572,235437998.20879185
3573,235581449.26103663
3574,235724692.09844145
3575,235866518.7995231
3576,236008595.07131356
3577,236150921.35295442
3578,236292654.13409138
3579,236433368.1574808
3580,236574329.79351428
3581,236715539.47788715
3582,236855724.12993854
3583,236995333.56295538
3584,237135188.6647833
3585,237275289.86769694
3586,237413890.1525423
3587,237552403.02472344
3588,237691159.63601285
3589,237829958.9972016
3590,237967141.8812065
3591,238104566.16388425
3592,238242232.26999548
3593,238379366.45363647
3594,238515470.55928195
3595,238651814.1651909
3596,238788397.69278353
3597,238923835.77915785
3598,239058868.9464205
3599,239194139.7293343
3600,239329626.58310252
3601,239463361.2621166
3602,239597331.27177933
3603,239731537.02617353
3604,239865257.51805884
3605,239997938.6148194
3606,240130853.1881594
3607,240264001.64889878
3608,240395929.76603332
3609,240527564.92856327
3610,240659431.7270623
3611,240791274.40190747
3612,240921641.81321368
3613,241052238.6295772
3614,241183065.25465316
3615,241313055.03398594
3616,241442393.43780583
3617,241571959.43586037
3618,241701753.42861778
3619,241829868.81709924
3620,241958185.6677324
3621,242086728.3148954
3622,242214638.97516203
3623,242341718.04799545
3624,242469020.73919353
3625,242596547.44222838
3626,242722053.9817406
3627,242847613.1142885
3628,242973393.19049737
3629,243099394.5991327
3630,243224491.773498
3631,243348548.717688
3632,243472823.9620748
3633,243597317.89077193
3634,243721916.07172048
3635,243844476.29493082
3636,243967252.18449607
3637,244090244.11989495
3638,244213452.4812743
3639,244335385.81312567
3640,244456679.6138835
3641,244578186.85238275
3642,244699907.90418062
3643,244821247.33552465
3644,244941076.09959573
3645,245061115.72332364
3646,245181366.57772917
3647,245301829.0344852
3648,245420414.84420255
3649,245539003.72312802
3650,245657801.27979708
3651,245776807.88139075
3652,245894672.2776063
3653,246011827.07161605
3654,246129188.01975325
3655,246246755.48475793
3656,246363827.9348899
3657,246479565.0958451
3658,246595505.9162631
3659,246711650.75449407
3660,246827864.3377466
3661,246942200.11152372
3662,247056737.07868809
3663,247171475.59325054
3664,247286416.0098443
3665,247399717.30790082
3666,247512866.49196032
3667,247626214.78128257
3668,247739762.5262036
3669,247852104.63603076
3670,247963881.90483174
3671,248075855.86468384
3672,248188026.86167508
3673,248299352.70031986
3674,248409773.72140318
3675,248520389.04689762
3676,248631199.0186912
3677,248741454.65326208
3678,248850534.8958452
3679,248959807.08342138
3680,249069271.55372718
3681,249178406.0932847
3682,249286160.83022168
3683,249394105.17961082
3684,249502239.4750837
3685,249610204.96560603
3686,249716649.275331
3687,249823280.89150158
3688,249930100.1436917
3689,250036851.4660337
3690,250142000.2344826
3691,250247334.0295666
3692,250352853.17684767
3693,250458333.58483213
3694,250562063.1882557
3695,250665975.320969
3696,250770070.30413964
3697,250874348.45950028
3698,250977035.86178374
3699,251079544.83809862
3700,251182234.19569734
3701,251285104.25196746
3702,251386911.23511708
3703,251488035.3200289
3704,251589337.3491928
3705,251690817.6357082
3706,251791685.1140306
3707,251891442.3344519
3708,251991375.0938168
3709,252091483.700992
3710,252191356.01233804
3711,252289764.1599343
3712,252388345.4724747
3713,252487100.2546486
3714,252585925.03789353
3715,252683001.67188722
3716,252780249.12772578
3717,252877667.70597538
3718,252975257.7077312
3719,253071158.23210296
3720,253167089.19129243
3721,253263188.9562201
3722,253359457.82390454
3723,253454239.58173597
3724,253548871.17702335
3725,253643669.29152542
3726,253738634.21823758
3727,253832253.73764136
3728,253925602.8772102
3729,254019116.27922505
3730,254112794.23270977
3731,254204920.140174
3732,254296611.14370453
3733,254388463.49184576
3734,254480477.4684872
3735,254572653.35801807
3736,254662938.94196478
3737,254753159.14884222
3738,254843538.11212903
3739,254934076.11116064
3740,255024545.56067127
3741,255113162.03555566
3742,255201934.4447516
3743,255290863.0626286
3744,255379948.16403857
3745,255468436.47719815
3746,255555630.2957791
3747,255642977.54518586
3748,255730478.49538246
3749,255818133.41680783
3750,255904594.7839587
3751,255990388.18924713
3752,256076332.56101802
3753,256162428.16489878
3754,256248675.2669846
3755,256333068.67323032
3756,256417483.5583953
3757,256502046.98422578
3758,256586759.21208102
3759,256670997.48304826
3760,256753909.5005681
3761,256836967.4141516
3762,256920171.48050448
3763,257003521.95678392
3764,257085592.98441538
3765,257167171.58587152
3766,257248893.73694673
3767,257330759.6902179
3768,257412520.9674267
3769,257492645.9990813
3770,257572912.02250507
3771,257653319.28577352
3772,257733868.03739893
3773,257813381.30694172
3774,257892216.53953135
3775,257971190.4942008
3776,258050303.41503188
3777,258129372.10907254
3778,258206801.44451076
3779,258284367.02807006
3780,258362069.09947938
3781,258439907.898889
3782,258516664.64871573
3783,258592846.36231202
3784,258669162.1285621
3785,258745612.18333113
3786,258821807.6263874
3787,258896629.54228115
3788,258971583.1179933
3789,259046668.58517867
3790,259121886.17589974
3791,259195720.99910346
3792,259269336.076614
3793,259343080.69024414
3794,259416955.06791192
3795,259490083.00440896
3796,259562282.70334247
3797,259634609.44776246
3798,259707063.46120453
3799,259779644.96759737
3800,259850671.92709988
3801,259921607.48056662
3802,259992667.85498622
3803,260063853.26997986
3804,260134501.8888345
3805,260204072.41409183
3806,260273765.35827234
3807,260343580.93677038
3808,260413519.36535946
3809,260482005.73017496
3810,260550356.94688565
3811,260618828.43688753
3812,260687420.41179952
3813,260755412.55102977
3814,260822447.24719128
3815,260889599.89997476
3816,260956870.7169229
3817,261024259.9059433
3818,261090044.3291442
3819,261155902.909216
3820,261221877.3762858
3821,261287967.93425417
3822,261353159.50825876
3823,261417748.303082
3824,261482450.7504757
3825,261547267.050409
3826,261611807.15613145
3827,261675149.98563546
3828,261738604.275199
3829,261802170.22093356
3830,261865848.0192951
3831,261928124.74504548
3832,261990354.27958408
3833,262052693.31510755
3834,262115142.04427946
3835,262176692.07997936
3836,262237719.8123688
3837,262298854.93094754
3838,262360097.62465835
3839,262420874.03355592
3840,262480722.4756529
3841,262540676.22875848
3842,262600735.4781641
3843,262660695.034551
3844,262719386.26591116
3845,262778180.77195323
3846,262837078.73438534
3847,262896080.33523548
3848,262953737.42197722
3849,263011394.3748445
3850,263069152.78236732
3851,263127012.8230515
3852,263183804.27971485
3853,263240344.9571339
3854,263296985.12491682
3855,263353724.95811316
3856,263409617.13311505
3857,263465062.40482682
3858,263520605.23933592
3859,263576245.8083001
3860,263631208.1015561
3861,263685578.437318
3862,263740044.4443318
3863,263794606.29092693
3864,263848611.0029836
3865,263901926.48040035
3866,263955335.7728546
3867,264008839.04540962
3868,264061861.23277444
3869,264114141.5449614
3870,264166513.85062584
3871,264218978.31162584
3872,264270934.30150706
3873,264322041.2825973
3874,264373238.192488
3875,264424525.18940422
3876,264475902.4318493
3877,264525959.31331742
3878,264576005.72613764
3879,264626140.2014879
3880,264676362.8943092
3881,264725916.80651394
3882,264774837.0748508
3883,264823843.4240757
3884,264872936.00564307
3885,264921937.55184615
3886,264969755.493752
3887,265017657.5768168
3888,265065643.9490818
3889,265113714.75884905
3890,265160786.6870466
3891,265207607.83973822
3892,265254511.37955225
3893,265301497.4514438
3894,265347958.6338927
3895,265393721.67883754
3896,265439565.24898818
3897,265485489.48602358
3898,265531301.42249802
3899,265576028.67991418
3900,265620834.6398967
3901,265665719.44091722
3902,265710683.22169152
3903,265754560.39026317
3904,265798350.60679546
3905,265842217.8769984
3906,265886162.33644256
3907,265929350.16788873
3908,265972146.02518055
3909,266015017.1864056
3910,266057963.78405565
3911,266100433.0379194
3912,266142255.44769865
3913,266184151.4484721
3914,266226121.16971764
3915,266267787.66316703
3916,266308430.6909792
3917,266349145.2344856
3918,266389931.41951242
3919,266430789.37210736
3920,266471245.14999408
3921,266510810.00771794
3922,266550444.4839185
3923,266590148.70108375
3924,266629922.78191748
3925,266669142.38611153
3926,266707656.11308074
3927,266746237.6088905
3928,266784886.9927746
3929,266823604.38417614
3930,266861566.93920237
3931,266899055.88196012
3932,266936610.79028478
3933,266974231.7802369
3934,267011918.9680813
3935,267048607.86120924
3936,267085097.69104046
3937,267121651.72833875
3938,267158270.08607137
3939,267194902.10980803
3940,267230355.45618725
3941,267265871.18619147
3942,267301449.40957865
3943,267337090.2363003
3944,267372395.7765361
3945,267406901.0628936
3946,267441467.064614
3947,267476093.88852045
3948,267510781.64162338
3949,267544755.92054635
3950,267578336.85135442
3951,267611976.8709767
3952,267645676.08337408
3953,267679434.5926902
3954,267712075.96146348
3955,267744755.63268724
3956,267777492.80681837
3957,267810287.5850274
3958,267842704.71092856
3959,267874449.76704738
3960,267906250.6814885
3961,267938107.55252862
3962,267970020.47861752
3963,268001081.75888458
3964,268031971.48788548
3965,268062915.57012925
3966,268093914.10124445
3967,268124671.77234218
3968,268154655.7869253
3969,268184692.56102398
3970,268214782.18746296
3971,268244924.75922963
3972,268274376.08613056
3973,268303531.0495528
3974,268332737.3136512
3975,268361994.9686832
3976,268391156.81097278
3977,268419454.70756412
3978,268447802.3967085
3979,268476199.96601015
3980,268504647.5032273
3981,268532489.86582905
3982,268560003.0359268
3983,268587564.61773586
3984,268615174.6964307
3985,268642665.26494545
3986,268669367.26309997
3987,268696116.24560314
3988,268722912.29511803
3989,268749755.49445313
3990,268775925.3086998
3991,268801884.3919829
3992,268827889.15234834
3993,268853939.6701592
3994,268879709.3831739
3995,268904900.60043675
3996,268930136.14362395
3997,268955416.09072083
3998,268980740.51985043
3999,269005194.8185289
4000,269029679.12270874
4001,269054206.50889885
4002,269078777.0528962
4003,269102807.52563334
4004,269126561.188911
4005,269150356.6485453
4006,269174193.97807133
4007,269197757.1681006
4008,269220747.9110878
4009,269243779.10798204
4010,269266850.82995623
4011,269289963.1483085
4012,269312391.40219766
4013,269334680.8563591
4014,269357009.5304166
4015,269379377.49337184
4016,269401520.8506837
4017,269423090.40516514
4018,269444697.91279507
4019,269466343.44034636
4020,269488027.05470943
4021,269509038.0922586
4022,269529945.65708685
4023,269550890.0102066
4024,269571871.21634114
4025,269592555.8908263
4026,269612784.0982898
4027,269633047.898638
4028,269653347.3544915
4029,269673677.23044145
4030,269693246.04687315
4031,269712849.2959172
4032,269732487.0381523
4033,269752159.3342636
4034,269771365.6207186
4035,269790327.718279
4036,269809323.1808535
4037,269828352.0671424
4038,269847178.08791655
4039,269865517.8501571
4040,269883889.8823448
4041,269902294.2412533
4042,269920719.7198273
4043,269938455.39670783
4044,269956222.2805822
4045,269974020.42635393
4046,269991849.88902307
4047,270009176.946065
4048,270026356.4134571
4049,270043566.10912514
4050,270060806.0862503
4051,270077719.84078944
4052,270094329.089739
4053,270110967.5636054
4054,270127635.3138049
4055,270144122.058015
4056,270160177.7687277
4057,270176261.7303498
4058,270192373.99258363
4059,270208416.2786191
4060,270223893.69894594
4061,270239398.35262346
4062,270254930.287564
4063,270270489.5517637
4064,270285586.8623134
4065,270300530.48474437
4066,270315500.40124995
4067,270330496.6580897
4068,270345290.17191225
4069,270359690.446848
4070,270374116.05978715
4071,270388567.05530703
4072,270403037.44391465
4073,270416911.4812784
4074,270430809.9306818
4075,270444732.83507293
4076,270458680.23747563
4077,270472227.6150693
4078,270485615.48466486
4079,270499026.9108365
4080,270512461.9350277
4081,270525673.5322577
4082,270538566.86740524
4083,270551482.88895166
4084,270564421.63680893
4085,270577284.45545214
4086,270589698.78050095
4087,270602134.9490884
4088,270614592.99964356
4089,270627072.9706635
4090,270639046.3712041
4091,270651017.7333974
4092,270663010.159692
4093,270675023.68714595
4094,270686645.1303627
4095,270698166.2439075
4096,270709707.6293035
4097,270721269.3222147
4098,270732530.7980892
4099,270743615.7476688
4100,270754720.20163345
4101,270765844.1942967
4102,270776739.2766973
4103,270787401.68918145
4104,270798082.86256266
4105,270808782.8298466
4106,270819287.4429263
4107,270829493.03583384
4108,270839716.585831
4109,270849958.1245091
4110,270860217.6835154
4111,270870021.3253885
4112,270879803.2827356
4113,270889602.4517499
4114,270899418.8627117
4115,270909015.0466807
4116,270918370.85932285
4117,270927743.1338013
4118,270937131.89907664
4119,270946503.4209713
4120,270955447.9750974
4121,270964408.2674227
4122,270973384.32563466
4123,270982376.17746997
4124,270991063.91111726
4125,270999626.5912369
4126,271008204.3376187
4127,271016797.1767685
4128,271025248.4485612
4129,271033427.3635602
4130,271041620.66956276
4131,271049828.3918863
4132,271058031.7570836
4133,271065840.2500534
4134,271073662.4822466
4135,271081498.47783405
4136,271089348.2610289
4137,271096895.22055864
4138,271104359.25884813
4139,271111836.4302687
4140,271119326.75792485
4141,271126622.4545171
4142,271133740.7097029
4143,271140871.48959506
4144,271148014.8162276
4145,271155052.25440913
4146,271161836.68511
4147,271168633.0531349
4148,271175441.37948465
4149,271182214.9666819
4150,271188677.0956476
4151,271195150.59483075
4152,271201635.4842343
4153,271208131.7838965
4154,271214291.83950156
4155,271220453.5919831
4156,271226626.18615156
4157,271232809.64107984
4158,271238710.73633313
4159,271244571.4585486
4160,271250442.4927741
4161,271256323.8571508
4162,271261963.46724415
4163,271267533.4845578
4164,271273113.30237347
4165,271278702.9379321
4166,271284079.5204266
4167,271289368.78123444
4168,271294667.34854126
4169,271299975.2387191
4170,271305088.14209867
4171,271310106.2314223
4172,271315133.15010774
4173,271320168.9136878
4174,271325018.2923666
4175,271329774.4449553
4176,271334538.96601856
4177,271339311.87027836
4178,271343898.60566264
4179,271348401.7186233
4180,271352912.7548263
4181,271357431.72821087
4182,271361757.35543746
4183,271366016.0004052
4184,271370282.13846636
4185,271374555.78280276
4186,271378622.42279917
4187,271382644.85767144
4188,271386674.37001836
4189,271390710.97229093
4190,271394521.26882
4191,271398315.4490633
4192,271402116.30516124
4193,271405913.59736097
4194,271409480.91023254
4195,271413054.4997823
4196,271416634.37705207
4197,271420173.41870123
4198,271423527.8982739
4199,271426888.28004014
4200,271430254.57438284
4201,271433530.03472096
4202,271436653.74621946
4203,271439782.95387155
4204,271442917.667346
4205,271446019.91190356
4206,271448921.62087315
4207,271451828.43538034
4208,271454740.3644067
4209,271457657.4169497
4210,271460354.41163474
4211,271463047.2506869
4212,271465744.82776654
4213,271468447.15120894
4214,271470974.83456
4215,271473461.76737195
4216,271475953.07591856
4217,271478448.7678974
4218,271480805.38660175
4219,271483094.14811414
4220,271485386.93667823
4221,271487683.7593786
4222,271489868.3049693
4223,271491966.309466
4224,271494068.00537777
4225,271496173.39919853
4226,271498185.5312013
4227,271500099.88537383
4228,271502017.60782963
4229,271503938.70449406
4230,271505778.67959183
4231,271507516.19506776
4232,271509256.7676806
4233,271511000.40280855
4234,271512669.0096111
4235,271514236.2149714
4236,271515806.17780995
4237,271517378.9029779
4238,271518877.4020066
4239,271520280.5543113
4240,271521686.17544574
4241,271523094.269753
4242,271524424.3382784
4243,271525669.43412334
4244,271526916.7207005
4245,271528166.2018641
4246,271529329.88325536
4247,271530422.6693733
4248,271531517.37823814
4249,271532614.01323247
4250,271533590.54263765
4251,271534500.3954656
4252,271535411.84917504
4253,271536324.9065822
4254,271537239.5705081
4255,271538010.8487137
4256,271538747.6801043
4257,271539485.8079506
4258,271540225.2345335
4259,271540965.3627168
4260,271541535.7494199
4261,271542107.13972586
4262,271542679.53540033
4263,271543252.93821204
4264,271543787.53922784
4265,271544199.9516646
4266,271544613.0897554
4267,271545026.9547768
4268,271545441.5480077
4269,271545775.7982
4270,271546037.04138744
4271,271546298.7442539
4272,271546560.9076082
4273,271546823.5322604
4274,271546962.9501768
4275,271547079.47649145
4276,271547196.2078637
4277,271547313.1446544
4278,271547402.6850816
4279,271547380.61162305
4280,271547358.49936414
4281,271547336.3482366
4282,271547314.15817237
4283,271547214.01324147
4284,271547059.3591946
4285,271546904.4330807
4286,271546749.23442113
4287,271546591.5551067
4288,271546310.3261739
4289,271546028.60247433
4290,271545746.383138
4291,271545463.667293
4292,271545123.06291056
4293,271544720.20093405
4294,271544316.6301871
4295,271543912.3494233
4296,271543507.35739356
4297,271542990.6486062
4298,271542471.09362227
4299,271541950.6245569
4300,271541429.2398022
4301,271540846.7802878
4302,271540207.43655705
4303,271539566.96798706
4304,271538925.37259907
4305,271538282.64841133
4306,271537562.224182
4307,271536807.54587436
4308,271536051.5398076
4309,271535294.2036463
4310,271534535.5350509
4311,271533680.37351537
4312,271532815.41866124
4313,271531948.942028
4314,271531080.94093937
4315,271530193.3726897
4316,271529222.3276847
4317,271528249.5742465
4318,271527275.10937035
4319,271526298.9300457
4320,271525286.8074764
4321,271524212.89268756
4322,271523137.088479
4323,271522059.3915273
4324,271520979.79850304
4325,271519846.2090272
4326,271518673.8823569
4327,271517499.4931241
4328,271516323.0377007
4329,271515144.51245254
4330,271513892.7688294
4331,271512626.2225118
4332,271511357.44786537
4333,271510086.4409708
4334,271508801.2240584
4335,271507446.7826241
4336,271506089.9582219
4337,271504730.7466601
4338,271503369.1437399
4339,271501968.5243494
4340,271500527.66191006
4341,271499084.26445866
4342,271497638.3275364
4343,271496189.8466764
4344,271494677.7560018
4345,271493153.9482892
4346,271491627.4596366
4347,271490098.2853283
4348,271488547.48901296
4349,271486946.81768936
4350,271485343.3301968
4351,271483737.021582
4352,271482127.8868826
4353,271480469.91124165
4354,271478792.7617838
4355,271477112.6616083
4356,271475429.6055251
4357,271473730.24612606
4358,271471982.56814414
4359,271470231.8153628
4360,271468477.9823737
4361,271466721.06375897
4362,271464919.51851875
4363,271463101.0601619
4364,271461279.4024826
4365,271459454.5398534
4366,271457610.30693376
4367,271455726.9092797
4368,271453840.19805586
4369,271451950.1674338
4370,271450056.8115752
4371,271448115.78505045
4372,271446166.62089384
4373,271444214.0274668
4374,271442257.99873745
4375,271440271.90048575
4376,271438258.77201563
4377,271436242.101744
4378,271434221.8834411
4379,271432198.1108662
4380,271430133.3754612
4381,271428055.3175379
4382,271425973.603586
4383,271423888.22717506
4384,271421795.33993244
4385,271419658.5245813
4386,271417517.94983244
4387,271415373.6090734
4388,271413225.4956799
4389,271411056.20488286
4390,271408859.2215676
4391,271406658.37300587
4392,271404453.6523988
4393,271402245.0529362
4394,271400001.7702201
4395,271397746.69958425
4396,271395487.6615143
4397,271393224.6490318
4398,271390949.96082985
4399,271388642.79433215
4400,271386331.5687524
4401,271384016.27695125
4402,271381696.9117765
4403,271379350.8541933
4404,271376989.42181486
4405,271374623.8348911
4406,271372254.0861144
4407,271369875.03913504
4408,271367465.2412647
4409,271365051.203765
4410,271362632.91917884
4411,271360210.38003623
4412,271357762.995955
4413,271355302.2219667
4414,271352837.1186744
4415,271350367.67846346
4416,271347886.58246046
4417,271345380.6641815
4418,271342870.33718234
4419,271340355.59370893
4420,271337836.4259933
4421,271335290.22376084
4422,271332736.15395576
4423,271330177.5907264
4424,271327614.5261694
4425,271325034.4982294
4426,271322438.0598887
4427,271319837.053592
4428,271317231.4713051
4429,271314616.97753936
4430,271311979.445267
4431,271309337.2727497
4432,271306690.45182604
4433,271304038.97432005
4434,271301363.58995175
4435,271298681.4347292
4436,271295994.56076664
4437,271293302.95976454
4438,271290593.65569574
4439,271287872.6140241
4440,271285146.78520775
4441,271282416.1608271
4442,271279672.68030685
4443,271276913.76684976
4444,271274149.99962896
4445,271271381.3701075
4446,271268603.5734225
4447,271265807.7265382
4448,271263006.9609223
4449,271260201.2679236
4450,271257389.1136711
4451,271254557.20034754
4452,271251720.3048501
4453,271248878.418416
4454,271246031.5322672
4455,271243163.5708082
4456,271240290.11482877
4457,271237411.60360146
4458,271234528.0282356
4459,271231631.24919456
4460,271228722.13035935
4461,271225807.89354473
4462,271222888.5297496
4463,271219962.3176182
4464,271217018.3599116
4465,271214069.22294426
4466,271211114.89760685
4467,271208155.3747743
4468,271205180.7343051
4469,271202197.4538807
4470,271199208.92502856
4471,271196215.13851786
4472,271193211.10107446
4473,271190194.3698329
4474,271187172.3313247
4475,271184144.9762156
4476,271181111.22022897
4477,271178061.67111105
4478,271175006.75700146
4479,271171946.4684644
4480,271168880.7960476
4481,271165800.9715197
4482,271162713.7601224
4483,271159621.11748886
4484,271156523.0340668
4485,271153413.7960835
4486,271150294.8137504
4487,271147170.34429866
4488,271144040.3780778
4489,271140901.5796813
4490,271137751.30432093
4491,271134595.4868004
4492,271131434.1173727
4493,271128265.6664626
4494,271125084.5308121
4495,271121897.7987218
4496,271118705.460349
4497,271115507.305837
4498,271112295.53312993
4499,271109078.11009645
4500,271105855.0267991
4501,271102626.273283
4502,271099385.68350685
4503,271096137.9452431
4504,271092884.4933955
4505,271089625.3179152
4506,271086355.99309
4507,271083078.27611357
4508,271079794.7928252
4509,271076505.5330839
4510,271073207.3937968
4511,271069899.99811786
4512,271066586.7839277
4513,271063267.7409929
4514,271059940.7390256
4515,271056603.93064535
4516,271053261.2520222
4517,271049912.69283235
4518,271046556.80476344
4519,271043190.81799346
4520,271039818.9096615
4521,271036441.0693537
4522,271033056.2910212
4523,271029661.33063805
4524,271026260.3977349
4525,271022853.481808
4526,271019439.8235316
4527,271016016.0667799
4528,271012586.2868619
4529,271009150.4731851
4530,271005707.955662
4531,271002255.55411255
4532,270998797.0790178
4533,270995332.51969635
4534,270991861.1704877
4535,270988380.25176466
4536,270984893.209342
4537,270981400.0324502
4538,270977899.8829905
4539,270974390.55237615
4540,270970875.0480935
4541,270967353.359285
4542,270963824.44234955
4543,270960286.7842727
4544,270956742.90270746
4545,270953192.786709
4546,270949635.1342829
4547,270946069.2137033
4548,270942497.01992995
4549,270938918.54193085
4550,270935332.18343127
4551,270931738.0471238
4552,270928137.58800006
4553,270924530.7949406
4554,270920915.75574577
4555,270917293.4334947
4556,270913664.73885745
4557,270910029.6606275
4558,270906385.9608742
4559,270902735.46658015
4560,270899078.55035466
4561,270895415.0616916
4562,270891742.8545173
4563,270888064.18722594
4564,270884379.0484567
4565,270880686.7862936
4566,270876986.4407543
4567,270873279.5856126
4568,270869566.2094207
4569,270865845.1860426
4570,270862116.67432123
4571,270858381.60346353
4572,270854639.96193486
4573,270850890.180719
4574,270847133.46283096
4575,270843370.1362029
4576,270839599.97307485
4577,270835821.64437664
4578,270832036.6689332
4579,270828245.0350556
4580,270824445.87671286
4581,270820638.9902121
4582,270816825.40674406
4583,270813005.1145319
4584,270809177.9678668
4585,270805342.5021756
4586,270801500.2892582
4587,270797651.3172491
4588,270793795.5742625
4589,270789931.89855397
4590,270786061.019464
4591,270782183.33087075
4592,270778298.8207996
4593,270774406.8691472
4594,270770507.2730439
4595,270766600.8169366
4596,270762687.488762
4597,270758767.075336
4598,270754838.6983399
4599,270750903.4107271
4600,270746961.2003453
4601,270743012.0550205
4602,270739054.9165298
4603,270735090.7213463
4604,270731119.5525588
4605,270727141.39790386
4606,270723155.521976
4607,270719162.33198726
4608,270715162.11740625
4609,270711154.8658802
4610,270707140.0827105
4611,270703117.8003379
4612,270699088.44221365
4613,270695051.995895
4614,270691008.14102423
4615,270686956.65910006
4616,270682898.05007654
4617,270678832.3014211
4618,270674759.2141368
4619,270670678.41659355
4620,270666590.4403998
4621,270662495.27293223
4622,270658392.79492396
4623,270654282.5574256
4624,270650165.08950734
4625,270646040.3784543
4626,270641908.35268956
4627,270637768.543207
4628,270633621.45130295
4629,270629467.06417143
4630,270625305.3339576
4631,270621135.8132942
4632,270616958.95796335
4633,270612774.75506735
4634,270608583.16327804
4635,270604383.78555113
4636,270600177.0206545
4637,270595962.85559845
4638,270591741.24403864
4639,270587511.8571173
4640,270583275.030257
4641,270579030.75037515
4642,270574778.95926416
4643,270570519.40517026
4644,270566252.3580907
4645,270561977.8048496
4646,270557695.672406
4647,270553405.7876805
4648,270549108.3566354
4649,270544803.36600137
4650,270540490.72811455
4651,270536170.3441499
4652,270531842.3602356
4653,270527506.763008
4654,270523163.45298135
4655,270518812.39632684
4656,270514453.6857881
4657,270510087.30790657
4658,270505713.1562633
4659,270501331.2489025
4660,270496941.63341004
4661,270492544.2962323
4662,270488139.1305718
4663,270483726.19017583
4664,270479305.4870806
4665,270474877.00763625
4666,270470440.65253407
4667,270465996.49269193
4668,270461544.5152555
4669,270457084.693987
4670,270452616.98342127
4671,270448141.4138508
4672,270443657.9714563
4673,270439166.6285298
4674,270434667.36974543
4675,270430160.19648355
4676,270425645.09482795
4677,270421122.05394846
4678,270416591.0577869
4679,270412052.09134287
4680,270407505.14060223
4681,270402950.1915259
4682,270398387.2688292
4683,270393816.32309073
4684,270389237.3368257
4685,270384650.29589653
4686,270380055.1957191
4687,270375452.0794192
4688,270370840.866027
4689,270366221.5413055
4690,270361594.09099245
4691,270356958.5405497
4692,270352314.9036533
4693,270347663.0984176
4694,270343003.11048007
4695,270338334.9254532
4696,270333658.61743164
4697,270328974.13052285
4698,270324281.40344876
4699,270319580.42172086
4700,270314871.17082536
4701,270310153.7998609
4702,270305428.1350264
4703,270300694.1576248
4704,270295951.8530402
4705,270291201.23686004
4706,270286442.4263013
4707,270281675.2448968
4708,270276899.6779287
4709,270272115.71065277
4710,270267323.40967304
4711,270262522.812067
4712,270257713.77014333
4713,270252896.2690552
4714,270248070.2939291
4715,270243235.9803488
4716,270238393.2472699
4717,270233541.99578965
4718,270228682.21093076
4719,270223813.8776897
4720,270218937.21942693
4721,270214051.99756
4722,270209158.1825874
4723,270204255.7594005
4724,270199344.7889686
4725,270194425.37349874
4726,270189497.30480385
4727,270184560.56767
4728,270179615.14685625
4729,270174661.21492726
4730,270169698.6658444
4731,270164727.3876995
4732,270159747.36514527
4733,270154758.6051849
4734,270149761.3461398
4735,270144755.2970065
4736,270139740.44233054
4737,270134716.76663023
4738,270129684.4181519
4739,270124643.36527044
4740,270119593.44530404
4741,270114534.642663
4742,270109466.94628054
4743,270104390.65422386
4744,270099305.43312633
4745,270094211.2672897
4746,270089108.1409877
4747,270083996.21758103
4748,270078875.4569395
4749,270073745.6890753
4750,270068606.89815277
4751,270063459.10099226
4752,270058302.5599086
4753,270053136.948696
4754,270047962.2514081
4755,270042778.4520704
4756,270037585.77718836
4757,270032384.07889354
4758,270027173.2310783
4759,270021953.217657
4760,270016724.1359056
4761,270011486.10444814
4762,270006238.8595931
4763,270000982.38514256
4764,269995716.66487
4765,269990442.0421634
4766,269985158.15146166
4767,269979864.96673805
4768,269974562.47165304
4769,269969250.900861
4770,269963930.1132614
4771,269958599.96677244
4772,269953260.444941
4773,269947911.6813837
4774,269942553.7436318
4775,269937186.3816786
4776,269931809.57895595
4777,269926423.37659967
4778,269921028.03327453
4779,269915623.19998753
4780,269910208.8600549
4781,269904784.9967636
4782,269899351.964956
4783,269893909.4023251
4784,269888457.26671946
4785,269882995.54130936
4786,269877524.51351047
4787,269872043.9614108
4788,269866553.7695502
4789,269861053.9209818
4790,269855544.64584416
4791,269850025.8420565
4792,269844497.33126134
4793,269838959.0963937
4794,269833411.34118307
4795,269827854.06325495
4796,269822287.0106821
4797,269816710.1662809
4798,269811123.5128373
4799,269805527.5179756
4800,269799921.68785447
4801,269794305.9977351
4802,269788680.43028367
4803,269783045.0847531
4804,269777400.20987016
4805,269771745.40634966
4806,269766080.6567374
4807,269760405.94354874
4808,269754721.51316965
4809,269749027.3264342
4810,269743323.1243736
4811,269737608.88938135
4812,269731884.6038202
4813,269726150.6847174
4814,269720406.75780517
4815,269714652.72812796
4816,269708888.57792574
4817,269703114.4002713
4818,269697330.47400457
4819,269691536.3746572
4820,269685732.0843461
4821,269679917.5851563
4822,269674093.1822343
4823,269668258.7361393
4824,269662414.0281551
4825,269656559.0402421
4826,269650693.78398544
4827,269644818.7119815
4828,269638933.30667245
4829,269633037.5498936
4830,269627131.42344826
4831,269621215.19377035
4832,269615288.80940187
4833,269609352.0015281
4834,269603404.7518254
4835,269597447.06521684
4836,269591479.4179754
4837,269585501.2746943
4838,269579512.61692303
4839,269573513.4261785
4840,269567504.0227037
4841,269561484.2858204
4842,269555453.9613321
4843,269549413.03062737
4844,269543361.4750624
4845,269537299.8243189
4846,269531227.54463625
4847,269525144.5849875
4848,269519050.9265992
4849,269512946.7480376
4850,269506832.22258425
4851,269500706.94290507
4852,269494570.8900962
4853,269488424.04522043
4854,269482266.8429121
4855,269476098.95001185
4856,269469920.209077
4857,269463730.6010386
4858,269457530.24528474
4859,269451319.44386387
4860,269445097.7189847
4861,269438865.05144644
4862,269432621.42201406
4863,269426367.2538831
4864,269420102.2471235
4865,269413826.22162557
4866,269407539.15802103
4867,269401241.2013018
4868,269394932.6125999
4869,269388612.928554
4870,269382282.1296612
4871,269375940.19638443
4872,269369587.626268
4873,269363223.9809487
4874,269356849.1435107
4875,269350463.0942813
4876,269344066.09067297
4877,269337658.1792088
4878,269331238.997819
4879,269324808.5266942
4880,269318366.7999958
4881,269311914.31535995
4882,269305450.4824525
4883,269298975.2813265
4884,269292488.69200003
4885,269285991.1729986
4886,269279482.3788375
4887,269272962.1374305
4888,269266430.42865705
4889,269259887.5712654
4890,269253333.5990004
4891,269246768.10008186
4892,269240191.0542497
4893,269233602.4412084
4894,269227002.6594466
4895,269220391.5898335
4896,269213768.89321
4897,269207134.5491399
4898,269200488.53715104
4899,269193831.3681039
4900,269187162.70474595
4901,269180482.3131494
4902,269173790.17270017
4903,269167086.2627482
4904,269160371.2395019
4905,269153644.48165554
4906,269146905.8934632
4907,269140155.4541315
4908,269133393.2394912
4909,269126619.79443514
4910,269119834.4369763
4911,269113037.14617735
4912,269106227.9010645
4913,269099406.9825578
4914,269092574.5320559
4915,269085730.0654449
4916,269078873.5616052
4917,269072004.99938095
4918,269065124.8987324
4919,269058232.92969406
4920,269051328.8399393
4921,269044412.60816556
4922,269037484.24818486
4923,269030544.4478209
4924,269023592.4426757
4925,269016628.2112986
4926,269009651.7322018
4927,269002663.31979305
4928,268995663.0674803
4929,268988650.50414085
4930,268981625.6081377
4931,268974588.35779625
4932,268967539.40301186
4933,268960478.1730318
4934,268953404.52485687
4935,268946318.43666214
4936,268939220.1423047
4937,268932109.9530909
4938,268924987.2596378
4939,268917852.0399692
4940,268910704.2720706
4941,268903544.3988721
4942,268896372.32087153
4943,268889187.6298646
4944,268881990.30368423
4945,268874780.3201246
4946,268867558.3687414
4947,268860323.8641644
4948,268853076.63687
4949,268845816.6644986
4950,268838544.0541852
4951,268831259.39142454
4952,268823961.91779745
4953,268816651.61078984
4954,268809328.44784814
4955,268801992.8508738
4956,268794644.78329414
4957,268787283.7934204
4958,268779909.8585428
4959,268772522.9559118
4960,268765123.874313
4961,268757711.8659008
4962,268750286.8228261
4963,268742848.72218204
4964,268735397.7772151
4965,268727934.39736676
4966,268720457.89257777
4967,268712968.2397829
4968,268705465.4158764
4969,268697949.99506336
4970,268690421.6725849
4971,268682880.1110394
4972,268675325.2871614
4973,268667757.25662017
4974,268660176.75800276
4975,268652582.9286282
4976,268644975.7450701
4977,268637355.18386066
4978,268629721.73428565
4979,268622075.2755093
4980,268614415.37006366
4981,268606741.9943189
4982,268599055.1771184
4983,268591355.72485536
4984,268583642.7327988
4985,268575916.17715526
4986,268568176.03408986
4987,268560422.8399827
4988,268552656.39405984
4989,268544876.2906178
4990,268537082.50565666
4991,268529275.1742821
4992,268521454.9046876
4993,268513620.88299286
4994,268505773.08503187
4995,268497911.4865964
4996,268490036.8055081
4997,268482148.4925359
4998,268474246.3078959
4999,268466330.2272125
5000,268458400.62726426
5001,268450457.6474015
5002,268442500.6998105
5003,268434529.75994682
5004,268426544.89054245
5005,268418546.86557075
5006,268410534.77614644
5007,268402508.59755567
5008,268394468.30504104
5009,268386414.65477994
5010,268378347.04201272
5011,268370265.24251565
5012,268362169.23136032
5013,268354059.51244915
5014,268345935.9921838
5015,268337798.18695146
5016,268329646.071651
5017,268321479.92560962
5018,268313300.11102775
5019,268305105.9125628
5020,268296897.30494043
5021,268288674.3708308
5022,268280437.87243238
5023,268272186.89055175
5024,268263921.39973965
5025,268255641.37450236
5026,268247347.73973328
5027,268239039.58154982
5028,268230716.81397185
5029,268222379.41132906
5030,268214028.16564
5031,268205662.43554392
5032,268197281.99489594
5033,268188886.81784856
5034,268180477.59216046
5035,268172053.89180112
5036,268163615.37903374
5037,268155162.0278322
5038,268146694.45052847
5039,268138212.37879574
5040,268129715.3920952
5041,268121203.46422085
5042,268112677.1611284
5043,268104136.31413355
5044,268095580.44890293
5045,268087009.539049
5046,268078424.13341862
5047,268069824.1044759
5048,268061208.9533156
5049,268052578.65336812
5050,268043933.76585594
5051,268035274.14546338
5052,268026599.29815337
5053,268017909.1971726
5054,268009204.44582105
5055,268000484.82164103
5056,267991749.86512032
5057,267982999.54932076
5058,267974234.54953933
5059,267965454.5063799
5060,267956659.02472854
5061,267947848.0774605
5062,267939022.44200635
5063,267930181.56180093
5064,267921325.1362188
5065,267912453.13794798
5066,267903566.47690675
5067,267894664.33869526
5068,267885746.54748395
5069,267876813.0829064
5070,267867864.99653944
5071,267858901.1764485
5072,267849921.5949911
5073,267840926.4178672
5074,267831916.3317373
5075,267822890.40295932
5076,267813848.6036998
5077,267804791.31668755
5078,267795718.80178672
5079,267786630.33456135
5080,267777525.88698578
5081,267768406.08999938
5082,267759270.7143512
5083,267750119.27594426
5084,267740951.74655956
5085,267731769.03674915
5086,267722570.3653882
5087,267713355.52007177
5088,267704124.591806
5089,267694878.44411767
5090,267685616.03906956
5091,267676337.3481011
5092,267667042.797278
5093,267657732.58743963
5094,267648406.00770065
5095,267639063.02930298
5096,267629704.44538778
5097,267620329.7301221
5098,267610938.53163755
5099,267601530.88941863
5100,267592107.79059702
5101,267582668.12356117
5102,267573211.85920545
5103,267563739.46063036
5104,267554251.07529673
5105,267544746.00706103
5106,267535224.22661623
5107,267525686.65331405
5108,267516132.52972275
5109,267506561.6077494
5110,267496974.12031022
5111,267487370.68859065
5112,267477750.3718723
5113,267468113.1404942
5114,267458460.0559477
5115,267448790.56973514
5116,267439104.0824916
5117,267429400.56435254
5118,267419679.98540065
5119,267409943.46023214
5120,267400190.34952193
5121,267390420.09088615
5122,267380632.65420264
5123,267370828.00929606
5124,267361007.39067125
5125,267351169.9349077
5126,267341315.1830608
5127,267331443.10474816
5128,267321553.66953477
5129,267311648.29853597
5130,267301725.77119166
5131,267291785.79833195
5132,267281828.34931305
5133,267271853.39343712
5134,267261862.6050253
5135,267251854.27357134
5136,267241828.34588623
5137,267231784.79106155
5138,267221723.8581129
5139,267211646.70111158
5140,267201551.82698852
5141,267191439.20462325
5142,267181308.8028413
5143,267171161.2386259
5144,267160996.9473865
5145,267150814.7859773
5146,267140614.72300994
5147,267130396.72704086
5148,267120161.87192014
5149,267109909.73514327
5150,267099639.57390207
5151,267089351.35653773
5152,267079045.0513356
5153,267068722.0547687
5154,267058381.31424642
5155,267048022.3936363
5156,267037645.26100636
5157,267027249.88436875
5158,267016838.063391
5159,267006407.9543765
5160,266995959.50830978
5161,266985492.69298387
5162,266975007.92779717
5163,266964506.14188954
5164,266953985.8930411
5165,266943447.14882427
5166,266932889.87675458
5167,266922315.04630777
5168,266911722.50197393
5169,266901111.33529872
5170,266890481.5135752
5171,266879833.00403887
5172,266869167.408769
5173,266858483.32268167
5174,266847780.45347932
5175,266837058.76817346
5176,266826318.6738851
5177,266815561.16802114
5178,266804784.75009903
5179,266793989.3869037
5180,266783175.04516217
5181,266772342.95882788
5182,266761492.55647978
5183,266750623.0789258
5184,266739734.4926654
5185,266728826.7641387
5186,266717901.69960478
5187,266706957.5996147
5188,266695994.25986725
5189,266685011.64657325
5190,266674010.19871297
5191,266662990.9647265
5192,266651952.35903543
5193,266640894.34761924
5194,266629816.896398
5195,266618721.17642546
5196,266607606.78882325
5197,266596472.86241332
5198,266585319.36288235
5199,266574146.25585678
5200,266562955.53417584
5201,266551745.1723589
5202,266540515.1031931
5203,266529265.2920697
5204,266517996.56623477
5205,266506709.24503255
5206,266495402.0813353
5207,266484075.04029772
5208,266472728.0870131
5209,266461363.03408816
5210,266449978.24736738
5211,266438573.4469972
5212,266427148.59783235
5213,266415704.47916192
5214,266404241.53730533
5215,266392758.4445583
5216,266381255.16553476
5217,266369731.664787
5218,266358189.8730268
5219,266346627.95120752
5220,266335045.70468977
5221,266323443.09778318
5222,266311821.16217342
5223,266300179.8709113
5224,266288518.11558205
5225,266276835.86025095
5226,266265133.29805404
5227,266253412.09327814
5228,266241670.28411308
5229,266229907.83437824
5230,266218124.70782992
5231,266206322.49345878
5232,266194500.08170182
5233,266182656.88784584
5234,266170792.8753992
5235,266158908.93204898
5236,266147005.36518702
5237,266135080.87372893
5238,266123135.42093337
5239,266111169.25498962
5240,266099183.97672674
5241,266087177.63039613
5242,266075150.17900503
5243,266063101.58549583
5244,266051033.74369743
5245,266038944.9814093
5246,266026834.9693549
5247,266014703.6702229
5248,266002552.4785936
5249,265990380.735422
5250,265978187.5967886
5251,265965973.02512696
5252,265953737.97892475
5253,265941482.68607727
5254,265929205.85107625
5255,265916907.4360982
5256,265904588.0268461
5257,265892248.6106576
5258,265879887.50461864
5259,265867504.67064753
5260,265855100.38998333
5261,265842676.2728135
5262,265830230.31708518
5263,265817762.48445576
5264,265805272.82051143
5265,265792763.4207722
5266,265780232.03274745
5267,265767678.6178323
5268,265755103.13735452
5269,265742507.868216
5270,265729890.54550457
5271,265717251.04503414
5272,265704589.32786825
5273,265691907.23366293
5274,265679203.38782272
5275,265666477.21232456
5276,265653728.6679657
5277,265640959.22532862
5278,265628168.2638948
5279,265615354.81986627
5280,265602518.85377264
5281,265589661.53574646
5282,265576782.86220428
5283,265563881.55208614
5284,265550957.565652
5285,265538011.84166214
5286,265525044.85541967
5287,265512055.0775683
5288,265499042.4680964
5289,265486007.80392537
5290,265472951.90028605
5291,265459873.04894605
5292,265446771.20962018
5293,265433647.06738278
5294,265420501.63751706
5295,265407333.1027929
5296,265394141.4226497
5297,265380927.26076692
5298,265367691.6916852
5299,265354432.85951364
5300,265341150.72341487
5301,265327845.99658877
5302,265314519.6711125
5303,265301169.92323458
5304,265287796.71183854
5305,265274400.87102637
5306,265260983.16775954
5307,265247541.88169116
5308,265234076.97142398
5309,265220589.46381214
5310,265207079.75711367
5311,265193546.30611855
5312,265179989.06914675
5313,265166409.3381251
5314,265152806.9980791
5315,265139180.75113827
5316,265125530.5553384
5317,265111858.0404739
5318,265098162.43286136
5319,265084442.75464585
5320,265070698.96357635
5321,265056933.10058662
5322,265043143.58685604
5323,265029329.83769652
5324,265015491.81056818
5325,265001632.03129542
5326,264987747.96853337
5327,264973839.50439087
5328,264959907.06210187
5329,264945952.32842153
5330,264931973.0693235
5331,264917969.2417603
5332,264903941.88447174
5333,264889891.47066137
5334,264875816.36350176
5335,264861716.5196519
5336,264847593.66843954
5337,264833446.91946855
5338,264819275.30807072
5339,264805078.79060853
5340,264790859.86257252
5341,264776616.1189381
5342,264762347.34264445
5343,264748054.1404029
5344,264733737.89799315
5345,264719396.49568784
5346,264705029.88932896
5347,264690639.58561563
5348,264676225.18825686
5349,264661785.4587398
5350,264647320.3526048
5351,264632832.35347447
5352,264618319.1292371
5353,264603780.3994025
5354,264589217.19022453
5355,264574631.04139927
5356,264560019.2590022
5357,264545381.7980465
5358,264530718.61346653
5359,264516031.4122638
5360,264501320.40351143
5361,264486583.5420697
5362,264471820.78256837
5363,264457032.0795575
5364,264442219.98547813
5365,264427383.04965708
5366,264412520.0401618
5367,264397630.91123524
5368,264382715.6170401
5369,264367777.72148466
5370,264352813.78235644
5371,264337823.5466859
5372,264322806.96832606
5373,264307764.94060117
5374,264292699.3876032
5375,264277607.35975486
5376,264262488.81059697
5377,264247343.69358933
5378,264232174.21657458
5379,264216979.70647874
5380,264201758.49524614
5381,264186510.53602168
5382,264171235.78186837
5383,264155937.924966
5384,264140613.35570627
5385,264125261.8570952
5386,264109883.38187835
5387,264094479.33527422
5388,264079050.707329
5389,264063594.96744728
5390,264048112.06805512
5391,264032601.96149573
5392,264017067.8472629
5393,264001507.15948007
5394,263985919.12804613
5395,263970303.7049819
5396,263954662.05432957
5397,263938995.7072373
5398,263923301.83110875
5399,263907580.37764055
5400,263891831.29844484
5401,263876057.866281
5402,263860257.42798725
5403,263844429.22538954
5404,263828573.2097728
5405,263812690.87356755
5406,263796783.15078732
5407,263780847.47547543
5408,263764883.79858774
5409,263748892.07099402
5410,263732876.2128503
5411,263716832.33634815
5412,263700760.26843908
5413,263684659.9596612
5414,263668533.8086265
5415,263652380.99753407
5416,263636199.80392125
5417,263619990.17799178
5418,263603753.1135494
5419,263587490.6295099
5420,263571199.57054514
5421,263554879.88652247
5422,263538531.52722126
5423,263522158.38357356
5424,263505756.7146097
5425,263489326.22654447
5426,263472866.8688179
5427,263456381.4955449
5428,263439868.62335345
5429,263423326.73698112
5430,263406755.7855269
5431,263390156.873772
5432,263373532.04573065
5433,263356878.0071129
5434,263340194.7066747
5435,263323482.09308177
5436,263306744.08300573
5437,263289977.13311657
5438,263273180.72334096
5439,263256354.8019984
5440,263239501.81682
5441,263222621.19151178
5442,263205710.9069151
5443,263188770.9110009
5444,263171802.30906072
5445,263154807.2390298
5446,263137782.3089634
5447,263120727.46648166
5448,263103642.65911284
5449,263086532.31247962
5450,263069391.96109515
5451,263052221.4948411
5452,263035020.8608917
5453,263017793.42861423
5454,263000536.87482953
5455,262983250.00235534
5456,262965932.75800985
5457,262948587.58399725
5458,262931214.04145983
5459,262913809.9750385
5460,262896375.3311927
5461,262878911.75486317
5462,262861420.4319165
5463,262843898.37850764
5464,262826345.5407345
5465,262808762.8969851
5466,262791152.99663174
5467,262773512.15784436
5468,262755840.32635754
5469,262738137.945533
5470,262720408.66539848
5471,262702648.2374557
5472,262684856.607073
5473,262667033.8149342
5474,262649184.34723166
5475,262631303.52093408
5476,262613391.2810412
5477,262595447.57245687
5478,262577476.9302265
5479,262559474.89091513
5480,262541441.2254289
5481,262523375.87829942
5482,262505283.2814152
5483,262487159.20893398
5484,262469003.29626378
5485,262450815.48756203
5486,262432600.24662092
5487,262414353.3152786
5488,262396074.32828906
5489,262377763.2294327
5490,262359424.65031105
5491,262341054.02884313
5492,262322651.1348152
5493,262304216.0098625
5494,262285753.29544657
5495,262267258.1469748
5496,262248730.5075652
5497,262230170.8278096
5498,262211582.96332693
5499,262192962.44531956
5500,262174309.21652123
5501,262155624.27472663
5502,262136910.41343367
5503,262118163.67766365
5504,262099384.00976303
5505,262080573.09384003
5506,262061732.38326603
5507,262042858.57576776
5508,262023951.613301
5509,262005014.0062693
5510,261986045.58817253
5511,261967043.84919727
5512,261948008.73090607
5513,261928943.71085417
5514,261909846.721175
5515,261890716.1851441
5516,261871552.0439273
5517,261852358.88396975
5518,261833132.45278153
5519,261813872.24823612
5520,261794578.98549864
5521,261775256.1793316
5522,261755899.4307893
5523,261736508.6803385
5524,261717086.00342542
5525,261697632.22779098
5526,261678144.28007585
5527,261658622.10033956
5528,261639069.26849288
5529,261619483.63711032
5530,261599863.60236832
5531,261580209.17513746
5532,261560525.37121335
5533,261540806.99171954
5534,261521053.9759974
5535,261501268.0950659
5536,261481450.87857246
5537,261461598.8524503
5538,261441711.9556206
5539,261421793.86592385
5540,261401842.33373737
5541,261381855.75623763
5542,261361834.61531696
5543,261341783.8113107
5544,261321697.78776777
5545,261301576.48286656
5546,261281419.84138095
5547,261261233.87512696
5548,261241012.45206434
5549,261220755.50993624
5550,261200462.98637128
5551,261180140.59594494
5552,261159782.85879317
5553,261139389.36317626
5554,261118960.04627714
5555,261098500.4871842
5556,261078005.51484185
5557,261057474.54290777
5558,261036907.50810978
5559,261016310.03659913
5560,260995676.90128797
5561,260975007.523491
5562,260954301.8394704
5563,260933565.7056834
5564,260912793.4727811
5565,260891984.75268582
5566,260871139.53194812
5567,260850263.9289799
5568,260829351.65682498
5569,260808402.65090272
5570,260787417.45642105
5571,260766401.11327085
5572,260745347.85293648
5573,260724257.61033046
5574,260703131.6744399
5575,260681973.6366353
5576,260660778.43166542
5577,260639545.993917
5578,260618278.54203337
5579,260596977.84734562
5580,260575639.73344636
5581,260554264.1341736
5582,260532854.38447547
5583,260511410.06257424
5584,260489928.06725404
5585,260468408.3317781
5586,260446856.37906864
5587,260425268.6704145
5588,260403643.03400317
5589,260381979.40249604
5590,260360279.59816176
5591,260338547.53330314
5592,260316777.2839793
5593,260294968.78221354
5594,260273121.9598574
5595,260251242.9704568
5596,260229327.1268911
5597,260207372.7709753
5598,260185379.8338704
5599,260163351.26339862
5600,260141288.834094
5601,260119187.62978745
5602,260097047.58089927
5603,260074868.6531718
5604,260052658.63569704
5605,260030409.57761446
5606,260008121.4085461
5607,259985794.05789864
5608,259963432.71721038
5609,259941034.78790316
5610,259918597.4779425
5611,259896120.71585208
5612,259873607.46380904
5613,259851060.3498062
5614,259828473.58318797
5615,259805847.091518
5616,259783180.8020993
5617,259760480.7028039
5618,259737743.44030538
5619,259714966.17587203
5620,259692148.83573148
5621,259669291.91888586
5622,259646403.10525003
5623,259623474.0084406
5624,259600504.55350247
5625,259577494.66515926
5626,259554448.56721357
5627,259531366.56027249
5628,259508243.90785202
5629,259485080.53333774
5630,259461876.3597518
5631,259438639.72649857
5632,259415362.77328426
5633,259392044.80368534
5634,259368685.73920348
5635,259345289.31786802
5636,259321856.9376296
5637,259298383.2404943
5638,259274868.14627564
5639,259251311.57432964
5640,259227722.09214067
5641,259204091.50880373
5642,259180419.21907237
5643,259156705.14037502
5644,259132953.82029688
5645,259109165.1628618
5646,259085334.48179796
5647,259061461.69238812
5648,259037547.6409003
5649,259013600.28104994
5650,258989610.57254177
5651,258965578.42826918
5652,258941503.76047984
5653,258917390.9062489
5654,258893240.9113698
5655,258869048.14319372
5656,258844812.511233
5657,258820533.92426065
5658,258796221.6442841
5659,258771868.14457425
5660,258747471.43133047
5661,258723031.41019893
5662,258698547.98598114
5663,258674029.1263419
5664,258649469.97496247
5665,258624867.14956263
5666,258600220.55136678
5667,258575530.08063495
5668,258550802.91036585
5669,258526035.85431322
5670,258501224.64058325
5671,258476369.16534957
5672,258451469.32368627
5673,258426531.99720857
5674,258401554.66196802
5675,258376532.6589218
5676,258351465.87848374
5677,258326354.20981678
5678,258301204.75006574
5679,258276014.6223021
5680,258250779.2864197
5681,258225498.62627777
5682,258200172.5243138
5683,258174808.80377173
5684,258149403.2118929
5685,258123951.8372398
5686,258098454.55622914
5687,258072911.24366674
5688,258047330.96314257
5689,258021707.0555792
5690,257996036.7516109
5691,257970319.91922498
5692,257944556.42458817
5693,257918757.08958915
5694,257892911.810636
5695,257867019.47753257
5696,257841079.9487455
5697,257815094.30048475
5698,257789071.97523305
5699,257763002.0382997
5700,257736884.33968225
5701,257710718.72712505
5702,257684508.98218316
5703,257658259.2037922
5704,257631961.06192818
5705,257605614.39482248
5706,257579219.03818026
5707,257552782.00731334
5708,257526300.9975728
5709,257499770.8111359
5710,257473191.27305552
5711,257446562.20556137
5712,257419894.38993683
5713,257393178.0499489
5714,257366411.65130603
5715,257339595.00434807
5716,257312730.78327587
5717,257285825.4703727
5718,257258869.3428114
5719,257231862.19797993
5720,257204803.82984516
5721,257177701.65137222
5722,257150552.72031376
5723,257123351.9485651
5724,257096099.11572158
5725,257068794.32225597
5726,257041449.28886765
5727,257014051.53223184
5728,256986600.81636342
5729,256959096.90117627
5730,256931546.30266985
5731,256903949.4024955
5732,256876298.58214435
5733,256848593.58435023
5734,256820834.14733288
5735,256793026.51608646
5736,256765171.7294545
5737,256737261.7154411
5738,256709296.193382
5739,256681274.87765977
5740,256653204.03218466
5741,256625084.74301732
5742,256596908.798111
5743,256568675.8911621
5744,256540385.71045083
5745,256512044.95701218
5746,256483653.8824421
5747,256455204.59110913
5748,256426696.7487102
5749,256398130.01503983
5750,256369512.16666743
5751,256340841.33763924
5752,256312110.58612934
5753,256283319.54736173
5754,256254467.8501507
5755,256225564.98950315
5756,256196605.68952093
5757,256167584.60406414
5758,256138501.33530563
5759,256109355.47848114
5760,256080158.89447224
5761,256050901.595675
5762,256021580.4780491
5763,255992195.1080425
5764,255962745.2977793
5765,255933245.16655487
5766,255903679.46334994
5767,255874047.7240578
5768,255844349.4766421
5769,255814588.08363223
5770,255784770.5705021
5771,255754885.11102936
5772,255724931.20036432
5773,255694908.32515618
5774,255664824.0586562
5775,255634677.00434256
5776,255604459.42008427
5777,255574170.7574119
5778,255543810.45877358
5779,255513390.97316295
5780,255482901.14432558
5781,255452337.97822416
5782,255421700.8798488
5783,255390992.30168533
5784,255360221.0667429
5785,255329374.08319235
5786,255298450.71667948
5787,255267450.3227082
5788,255236381.44594023
5789,255205240.70270133
5790,255174020.96387476
5791,255142721.5432572
5792,255111341.98469004
5793,255079896.88107267
5794,255048369.99975073
5795,255016760.61093023
5796,254985067.97361663
5797,254953298.9557694
5798,254921453.46563557
5799,254889522.46342018
5800,254857505.16220537
5801,254825400.76329416
5802,254793224.14593044
5803,254760959.151691
5804,254728604.6198174
5805,254696159.70339975
5806,254663631.8495166
5807,254631019.72181588
5808,254598314.62246096
5809,254565515.65453973
5810,254532623.29312083
5811,254499650.09893206
5812,254466580.2965978
5813,254433412.93746495
5814,254400147.05966967
5815,254366793.94187906
5816,254333345.87997603
5817,254299796.3644638
5818,254266144.3796516
5819,254232388.89613
5820,254198545.98314598
5821,254164598.30519393
5822,254130543.9881875
5823,254096381.9469155
5824,254062115.7284084
5825,254027752.9987068
5826,253993279.23492613
5827,253958693.29456955
5828,253923994.0205877
5829,253889191.08228528
5830,253854279.8441804
5831,253819251.74474004
5832,253784105.5679115
5833,253748840.0826812
5834,253713471.8239302
5835,253677982.36515126
5836,253642369.84623942
5837,253606632.9756325
5838,253570777.38144398
5839,253534806.40300128
5840,253498707.13799387
5841,253462478.23321155
5842,253426118.31986615
5843,253389641.20981613
5844,253353033.81256136
5845,253316291.23860046
5846,253279412.0563118
5847,253242400.17441666
5848,253205262.2614051
5849,253167983.38239646
5850,253130562.0421492
5851,253092996.72940287
5852,253055300.84208322
5853,253017462.00897384
5854,252979474.6058099
5855,252941337.0569467
5856,252903053.8317832
5857,252864630.37251183
5858,252826051.97634533
5859,252787317.00282866
5860,252748423.79524955
5861,252709387.60326198
5862,252670192.25236523
5863,252630833.63274515
5864,252591310.02259097
5865,252551628.68459934
5866,252511789.38189223
5867,252471779.85880795
5868,252431598.3284123
5869,252391244.44136176
5870,252350733.15362874
5871,252310044.4337682
5872,252269176.42988646
5873,252228127.2738905
5874,252186909.2000925
5875,252145511.95721614
5876,252103927.8948231
5877,252062155.08034223
5878,252020199.0130273
5879,251978062.89415973
5880,251935732.1634378
5881,251893204.82442397
5882,251850479.97145736
5883,251807573.60633263
5884,251764464.5829323
5885,251721150.84176874
5886,251677630.30773893
5887,251633916.39652658
5888,251589996.45516962
5889,251545863.43711033
5890,251501515.20551378
5891,251456959.5661917
5892,251412195.0976811
5893,251367208.94870436
5894,251321998.92198718
5895,251276567.48649347
5896,251230923.91817197
5897,251185049.8262921
5898,251138942.95464617
5899,251092601.0325505
5900,251046042.50263855
5901,250999244.7227012
5902,250952205.02971786
5903,250904921.09625694
5904,250857406.7171452
5905,250809648.59912333
5906,250761639.21094564
5907,250713376.1704193
5908,250664868.82324937
5909,250616112.84403753
5910,250567096.02200577
5911,250517815.92240015
5912,250468277.6069899
5913,250418485.40568253
5914,250368422.5824577
5915,250318086.65240884
5916,250267478.52129036
5917,250216610.9379186
5918,250165462.75705087
5919,250114031.44624174
5920,250062314.46159196
5921,250010330.959246
5922,249958057.31814197
5923,249905490.34108147
5924,249852627.44017625
5925,249799484.0246753
5926,249746044.120907
5927,249692300.50403082
5928,249638250.54522747
5929,249583905.91007596
5930,249529258.29096135
5931,249474296.42298013
5932,249419017.63962707
5933,249363429.80855227
5934,249307532.42392403
5935,249251310.10933223
5936,249194760.16401067
5937,249137886.53831443
5938,249080696.79638544
5939,249023171.31203654
5940,248965307.35383785
5941,248907104.76143733
5942,248848579.58765814
5943,248789707.74229828
5944,248730486.46702453
5945,248670912.99738902
5946,248611007.11159506
5947,248550745.30824283
5948,248490123.0214162
5949,248429137.4646785
5950,248367804.05767623
5951,248306108.35872683
5952,248244041.0412832
5953,248181599.3010102
5954,248118793.74044663
5955,248055619.93537349
5956,247992063.31191108
5957,247928121.0520447
5958,247863798.35627303
5959,247799102.03179774
5960,247734011.64124927
5961,247668524.35726964
5962,247602639.23286113
5963,247536375.66061342
5964,247469706.74407727
5965,247402629.6509921
5966,247335141.5485892
5967,247267261.500266
5968,247198969.0618179
5969,247130257.15535605
5970,247061122.94889176
5971,246991580.28343186
5972,246921619.32143882
5973,246851227.6099469
5974,246780402.32237977
5975,246709152.83320418
5976,246637478.4140418
5977,246565361.99248847
5978,246492800.7520751
5979,246419800.35955018
5980,246346367.69238126
5981,246272481.81736687
5982,246198139.93289018
5983,246123344.75967896
5984,246048109.27207616
5985,245972409.43763256
5986,245896242.47436437
5987,245819608.92145196
5988,245742526.33564347
5989,245664968.34960246
5990,245586932.2057806
5991,245508417.1809007
5992,245429445.78720397
5993,245349988.04786795
5994,245270041.23458347
5995,245189602.6271248
5996,245108690.71122408
5997,245027289.90950534
5998,244945389.2464849
5999,244862986.0371804
6000,244780089.5195497
6001,244696702.89047417
6002,244612805.7607126
6003,244528395.48530295
6004,244443472.9184383
6005,244358058.31756496
6006,244272122.74363154
6007,244185663.59643736
6008,244098678.28773502
6009,244011190.1927039
6010,243923174.91246077
6011,243834625.82192048
6012,243745540.38345256
6013,243655935.49457404
6014,243565800.03609285
6015,243475120.73944616
6016,243383895.12223077
6017,243292134.47670844
6018,243199839.23217577
6019,243106990.3490849
6020,243013585.40479106
6021,242919630.9612217
6022,242825137.259629
6023,242730080.36453333
6024,242634457.91748852
6025,242538272.6273708
6026,242441542.8057894
6027,242344240.4987977
6028,242246363.41648424
6029,242147911.29416084
6030,242048908.76741162
6031,241949324.74354059
6032,241849157.00539312
6033,241748403.35468552
6034,241647093.91488498
6035,241545194.43047968
6036,241442702.59559026
6037,241339616.28978398
6038,241235958.6332261
6039,241131709.78825
6040,241026860.2735544
6041,240921408.05048195
6042,240815370.1810704
6043,240708739.3663433
6044,240601499.89509168
6045,240493649.81420878
6046,240385201.07481003
6047,240276157.03288046
6048,240166496.6949019
6049,240056218.1969383
6050,239945329.3282254
6051,239833842.21175918
6052,239721731.52121004
6053,239608995.48526555
6054,239495638.6819686
6055,239381680.10952044
6056,239267091.05998045
6057,239151869.85793984
6058,239036018.82237434
6059,238919561.93141392
6060,238802468.0482082
6061,238684735.5963506
6062,238566365.58910576
6063,238447385.08618137
6064,238327761.47581103
6065,238207493.28350243
6066,238086581.17117792
6067,237965053.3791124
6068,237842876.77569374
6069,237720049.99106333
6070,237596574.29096225
6071,237472477.19298673
6072,237347726.00160575
6073,237222319.4541167
6074,237096260.37580413
6075,236969573.65654483
6076,236842227.99344677
6077,236714222.2332826
6078,236585561.71693763
6079,236456266.80018523
6080,236326308.5297291
6081,236195685.86393037
6082,236064407.6154264
6083,235932487.69862428
6084,235799900.46694294
6085,235666644.99223548
6086,235532734.51489502
6087,235398174.60029894
6088,235262943.86561844
6089,235127041.49789307
6090,234990486.120879
6091,234853273.04334387
6092,234715386.1029245
6093,234576824.60332763
6094,234437613.50663555
6095,234297735.9580076
6096,234157181.9716831
6097,234015950.96930224
6098,233874075.20533738
6099,233731523.75542682
6100,233588293.76572108
6101,233444390.37876678
6102,233299837.28857192
6103,233154604.4027045
6104,233008691.35152736
6105,232862112.316107
6106,232714873.43115392
6107,232566953.48430103
6108,232418352.22622368
6109,232269093.82793558
6110,232119164.9622604
6111,231968554.24975878
6112,231817261.56188616
6113,231665329.07824796
6114,231512715.15921184
6115,231359419.09731698
6116,231205440.88500062
6117,231050805.22356436
6118,230895505.98524883
6119,230739524.79128602
6120,230582861.75514427
6121,230425525.4065294
6122,230267542.51458138
6123,230108878.33730665
6124,229949533.10904896
6125,229789507.09440702
6126,229628837.54456082
6127,229467494.46150732
6128,229305471.60047266
6129,229142769.3464549
6130,228979411.5798973
6131,228815395.59151125
6132,228650701.57801244
6133,228485330.044197
6134,228319292.8041276
6135,228152611.8247614
6136,227985255.05030283
6137,227817223.10455236
6138,227648517.03860754
6139,227479180.88443878
6140,227309171.63887852
6141,227138490.04375204
6142,226967136.87030753
6143,226795148.06327447
6144,226622498.5190114
6145,226449179.9152211
6146,226275193.13970077
6147,226100566.1555863
6148,225925290.34885982
6149,225749349.2358615
6150,225572743.81955937
6151,225395495.3778931
6152,225217609.18728268
6153,225039061.90109095
6154,224859854.63591158
6155,224680003.27847412
6156,224499524.40070057
6157,224318389.08902955
6158,224136598.57197437
6159,223954164.6362793
6160,223771112.5594023
6161,223587409.15422937
6162,223403055.7593331
6163,223218061.3495839
6164,223032457.3237059
6165,222846207.5113694
6166,222659313.35919696
6167,222471782.31483084
6168,222283649.32041487
6169,222094876.50935116
6170,221905465.43416232
6171,221715423.29609102
6172,221524786.01000372
6173,221333515.29623896
6174,221141612.81093755
6175,220949086.78560045
6176,220755971.54499513
6177,220562229.67550713
6178,220367862.93448648
6179,220172881.85583305
6180,219977316.61999112
6181,219781131.95405698
6182,219584329.71406335
6183,219386927.16143095
6184,219188953.36425245
6185,218990367.73035425
6186,218791172.21171072
6187,218591368.7839798
6188,218390980.57625195
6189,218190025.5189723
6190,217988468.6419577
6191,217786312.01336554
6192,217583557.7241577
6193,217380237.25892666
6194,217176352.41623297
6195,216971876.34107715
6196,216766811.2133292
6197,216561159.23475122
6198,216354962.7186681
6199,216148202.36604536
6200,215940861.91581362
6201,215732943.6549207
6202,215524449.89126065
6203,215315436.22450253
6204,215105857.32292673
6205,214895709.98267508
6206,214684996.5929885
6207,214473729.3957973
6208,214261950.21995553
6209,214049612.29680473
6210,213836718.09378642
6211,213623270.09752008
6212,213409298.486313
6213,213194809.71976036
6214,212979774.74640128
6215,212764196.1270432
6216,212548076.44065621
6217,212331466.2128997
6218,212114331.69088414
6219,211896663.95739004
6220,211678465.6614872
6221,211459750.3683381
6222,211240558.645667
6223,211020844.42012987
6224,210800610.40757826
6225,210579859.3401604
6226,210358629.69583094
6227,210136912.6602955
6228,209914686.87055293
6229,209691955.12134165
6230,209468723.07901844
6231,209245047.921776
6232,209020875.28707284
6233,208796208.02885625
6234,208571049.01546776
6235,208345433.33091253
6236,208119359.72205272
6237,207892803.05261457
6238,207665766.24589697
6239,207438255.67873627
6240,207210327.85062158
6241,206981928.73821214
6242,206753061.31635287
6243,206523728.5723631
6244,206293970.73924792
6245,206063776.96791178
6246,205833126.9112302
6247,205602023.60379827
6248,205370482.62644494
6249,205138542.7412996
6250,204906158.77752894
6251,204673333.81359407
6252,204440070.9385103
6253,204206423.95600834
6254,203972355.5056555
6255,203737858.47130698
6256,203502935.9815936
6257,203267621.1888922
6258,203031918.3107616
6259,202795799.41681936
6260,202559267.67193216
6261,202322337.47801018
6262,202085050.8149854
6263,201847360.84285963
6264,201609270.7593755
6265,201370783.77009022
6266,201131958.83094728
6267,200892749.07885787
6268,200653152.07679808
6269,200413171.05904245
6270,200172850.14682344
6271,199932172.3764644
6272,199691120.3260819
6273,199449697.2553764
6274,199207934.51382527
6275,198965841.34116
6276,198723386.9538141
6277,198480574.63365784
6278,198237422.65672302
6279,197993966.59973466
6280,197750162.47590378
6281,197506013.58605954
6282,197261527.0692474
6283,197016760.95298684
6284,196771659.98744863
6285,196526227.48925766
6286,196280466.77861246
6287,196034438.28542107
6288,195788093.61661372
6289,195541430.7025509
6290,195294452.87533978
6291,195047213.36364394
6292,194799678.32383013
6293,194551838.36787683
6294,194303696.8367536
6295,194055301.63807407
6296,193806629.70436835
6297,193557666.21326447
6298,193308414.5116048
6299,193058919.0481938
6300,192809163.7945057
6301,192559130.35992667
6302,192308822.09424385
6303,192058281.8315458
6304,191807496.88148665
6305,191556447.13320068
6306,191305135.93655303
6307,191053606.3366719
6308,190801845.31747442
6309,190549832.87751794
6310,190297572.3639454
6311,190045108.840166
6312,189792425.3376545
6313,189539503.77557066
6314,189286347.49560502
6315,189033005.3680066
6316,188779452.8826583
6317,188525675.67183626
6318,188271677.06911862
6319,188017511.52131668
6320,187763143.42544767
6321,187508563.9005951
6322,187253776.269635
6323,186998842.30668432
6324,186743711.802794
6325,186488383.11857238
6326,186232863.60337326
6327,185977211.971165
6328,185721372.05146298
6329,185465347.142315
6330,185209155.28835687
6331,184952833.84206933
6332,184696337.24921304
6333,184439668.79040313
6334,184182858.9025262
6335,183925920.1716339
6336,183668819.36069432
6337,183411559.73058516
6338,183154185.78796408
6339,182896681.98665103
6340,182639029.088328
6341,182381230.3319105
6342,182123345.95180756
6343,181865328.94312897
6344,181607175.72822937
6345,181348900.0519942
6346,181090547.9247185
6347,180832069.18603587
6348,180573467.0312274
6349,180314774.13231853
6350,180055998.62447578
6351,179797109.21417356
6352,179538109.06902367
6353,179279051.39102125
6354,179019903.22472066
6355,178760653.75021428
6356,178501314.23166466
6357,178241935.60564056
6358,177982465.0288831
6359,177722905.61591986
6360,177463292.25994268
6361,177203628.5923492
6362,176943885.34930182
6363,176684065.6125607
6364,176424229.4515376
6365,176164330.088977
6366,175904363.3915444
6367,175644351.91457862
6368,175384323.9068809
6369,175124237.6432308
6370,174864096.14392155
6371,174603950.13840544
6372,174343771.45585105
6373,174083546.50609675
6374,173823296.6093782
6375,173563078.21708286
6376,173302822.42472348
6377,173042532.18623605
6378,172782210.44580787
6379,172521885.37997156
6380,172261599.6893251
6381,172001291.2148167
6382,171740962.86038584
6383,171480617.51979232
6384,171220294.0584854
6385,170960013.7461377
6386,170699725.01030672
6387,170439430.70286515
6388,170179133.66510734
6389,169918887.22983533
6390,169658683.66456816
6391,169398485.77037793
6392,169138296.3451516
6393,168878118.1758304
6394,168618022.7865242
6395,168357965.98087883
6396,168097928.66580847
6397,167837913.58344516
6398,167577923.46463564
6399,167318062.70155495
6400,167058232.26805156
6401,166798434.85362273
6402,166538673.1429858
6403,166278949.80926022
6404,166019339.69722947
6405,165759802.82755038
6406,165500312.21376333
6407,165240870.48169312
6408,164981480.24528503
6409,164722191.69815084
6410,164463014.1018883
6411,164203895.6996044
6412,163944839.05689412
6413,163685846.7272204
6414,163426949.08043367
6415,163168194.95133495
6416,162909512.6492166
6417,162650904.67824507
6418,162392373.53022698
6419,162133934.50953934
6420,161875666.49520725
6421,161617482.63009822
6422,161359385.3558844
6423,161101377.10167503
6424,160843462.79530492
6425,160585741.97026768
6426,160328117.30092373
6427,160070591.1655134
6428,159813165.9295384
6429,159555843.94573078
6430,159298726.60577345
6431,159041720.28985235
6432,158784824.12994775
6433,158528040.4271688
6434,158271371.46970704
6435,158014917.5147193
6436,157758587.0889345
6437,157502378.1166681
6438,157246292.83397087
6439,156990333.46385315
6440,156734603.6007776
6441,156479004.964119
6442,156223538.75087234
6443,155968207.1314816
6444,155713019.02616858
6445,155458065.48044702
6446,155203252.88036734
6447,154948583.3435356
6448,154694058.97435516
6449,154439700.71826974
6450,154185575.41989496
6451,153931601.44135672
6452,153677780.83395448
6453,153424115.63572684
6454,153170643.08966365
6455,152917397.28597322
6456,152664312.8432545
6457,152411391.74626008
6458,152158635.96644208
6459,151906103.24783862
6460,151653786.51088214
6461,151401640.84203497
6462,151149668.15936387
6463,150897870.36761323
6464,150646329.84690535
6465,150394990.06994843
6466,150143830.73380256
6467,149892853.68980482
6468,149642067.36014882
6469,149391563.07549003
6470,149141246.47197956
6471,148891119.34758434
6472,148641183.48696128
6473,148391480.00401896
6474,148142034.65678
6475,147892785.76166174
6476,147643735.0500594
6477,147394884.24008942
6478,147146318.54403645
6479,146897985.41155168
6480,146649857.1604886
6481,146401935.4558712
6482,146154221.94949445
6483,145906795.43809143
6484,145659616.04657936
6485,145412649.63375106
6486,145165897.79855132
6487,144919362.1267597
6488,144673120.0236094
6489,144427134.23406786
6490,144181369.19011167
6491,143935826.42497548
6492,143690507.4588052
6493,143445493.24655095
6494,143200739.2641258
6495,142956213.46588317
6496,142711917.31978697
6497,142467852.28080535
6498,142224107.712643
6499,141980622.09784672
6500,141737371.7799357
6501,141494358.1621118
6502,141251582.6346888
6503,141009147.74771068
6504,140766965.42938367
6505,140525025.19749537
6506,140283328.39106035
6507,140041882.44444677
6508,139800789.4665857
6509,139559943.75650072
6510,139319346.60231975
6511,139078999.2795058
6512,138838931.72459385
6513,138599200.8500923
6514,138359723.4591018
6515,138120500.77675053
6516,137881534.01564002
6517,137642880.15939015
6518,137404541.8296054
6519,137166462.8852354
6520,136928644.48914284
6521,136691087.79181188
6522,136453881.29063445
6523,136216964.37869927
6524,135980312.4440922
6525,135743926.58819443
6526,135507818.16037002
6527,135272080.78062674
6528,135036612.61140487
6529,134801414.70551887
6530,134566488.10369784
6531,134331884.39904696
6532,134097616.51538926
6533,133863622.88661504
6534,133629904.50558682
6535,133396462.35325623
6536,133163408.99076255
6537,132930654.7744119
6538,132698179.54213466
6539,132465984.22777227
6540,132234069.75343987
6541,132002501.61473224
6542,131771285.40675703
6543,131540352.61765002
6544,131309704.12318228
6545,131079340.78758866
6546,130849280.06955527
6547,130619623.50985648
6548,130390254.51539238
6549,130161173.9048463
6550,129932382.4855599
6551,129703881.05357412
6552,129475779.65330741
6553,129247994.36917199
6554,129020501.27586082
6555,128793301.12484148
6556,128566394.65648413
6557,128339857.16296972
6558,128113674.09501645
6559,127887786.7476381
6560,127662195.81747384
6561,127436901.99027167
6562,127211952.25360784
6563,126987388.52450109
6564,126763123.77390952
6565,126539158.64471152
6566,126315493.76910707
6567,126092154.16487978
6568,125869225.5413514
6569,125646598.88792555
6570,125424274.7948085
6571,125202253.84174667
6572,124980545.30030274
6573,124759266.2209518
6574,124538291.84249361
6575,124317622.70357122
6576,124097259.33258778
6577,123877202.24774817
6578,123657584.97240928
6579,123438275.75250287
6580,123219274.19732957
6581,123000580.7850748
6582,122782195.98395142
6583,122564249.68283491
6584,122346617.23960057
6585,122129294.63799524
6586,121912282.30712727
6587,121695580.666358
6588,121479321.86351477
6589,121263376.57869409
6590,121047743.0698853
6591,120832421.71827011
6592,120617418.87931743
6593,120402856.79766147
6594,120188607.84597565
6595,119974672.36800754
6596,119761050.6981694
6597,119547762.9534289
6598,119334903.6894485
6599,119122359.06817295
6600,118910129.38751526
6601,118698214.93628198
6602,118486655.18471093
6603,118275505.81404671
6604,118064672.37274583
6605,117854155.11405371
6606,117643954.28233977
6607,117434134.19387072
6608,117224700.66838595
6609,117015584.13875736
6610,116806784.81473194
6611,116598302.89741348
6612,116390232.94471723
6613,116182520.12239417
6614,115975125.1481721
6615,115768048.18947102
6616,115561289.40529911
6617,115354978.89560167
6618,115148990.57045907
6619,114943320.73733148
6620,114737969.52248283
6621,114532974.05814984
6622,114328394.15090148
6623,114124133.08289042
6624,113920190.94838673
6625,113716567.83366418
6626,113513346.79074392
6627,113310495.61232501
6628,113107963.55716015
6629,112905750.68046366
6630,112703857.2734908
6631,112502416.60638542
6632,112301295.1298267
6633,112100492.86871436
6634,111900009.84036434
6635,111699902.29052967
6636,111500191.40436994
6637,111300799.6519378
6638,111101727.02115972
6639,110902973.49260387
6640,110704656.1256188
6641,110506674.30268201
6642,110309011.37532592
6643,110111667.29564804
6644,109914691.09489089
6645,109718118.16209571
6646,109521863.78681652
6647,109325927.89341046
6648,109130310.39928126
6649,108935130.6892194
6650,108740283.26949312
6651,108545753.85752088
6652,108351542.34387088
6653,108157709.50995749
6654,107964267.01601107
6655,107771141.95031136
6656,107578334.17730835
6657,107385850.46570186
6658,107193810.44635086
6659,107002087.17325063
6660,106810680.4854453
6661,106619590.21559902
6662,106428907.25596114
6663,106238582.81498668
6664,106048574.15299605
6665,105858881.07812685
6666,105669549.46348955
6667,105480620.49896894
6668,105292006.41105211
6669,105103706.98404637
6670,104915727.45807633
6671,104728190.23062748
6672,104540966.88414373
6673,104354057.17979074
6674,104167460.87291084
6675,103981280.44408084
6676,103795443.63682744
6677,103609919.36312681
6678,103424707.35602927
6679,103239878.04835474
6680,103055423.21977851
6681,102871279.72911906
6682,102687447.28780568
6683,102503975.62659332
6684,102320920.14008938
6685,102138174.69596975
6686,101955738.9848072
6687,101773612.69188713
6688,101591865.22692591
6689,101410512.52310571
6690,101229468.1551827
6691,101048731.7884033
6692,100868303.08292656
6693,100688277.53135054
6694,100508618.79840873
6695,100329266.57213041
6696,100150220.49344012
6697,99971480.19837031
6698,99793173.55210482
6699,99615199.37273392
6700,99437529.75308648
6701,99260164.31075123
6702,99083113.73602316
6703,98906511.21262829
6704,98730211.58949383
6705,98554214.46638674
6706,98378519.4385272
6707,98203181.8502216
6708,98028245.47671774
6709,97853609.85748295
6710,97679274.57067935
6711,97505239.19010945
6712,97331609.67772362
6713,97158328.47540577
6714,96985345.77729388
6715,96812661.14088015
6716,96640281.28624131
6717,96468347.15238793
6718,96296709.63152051
6719,96125368.26541
6720,95954322.59179494
6721,95783641.6026006
6722,95613341.59835961
6723,95443335.7818923
6724,95273623.67593609
6725,95104204.79937267
6726,94935216.07494228
6727,94766537.8503755
6728,94598151.29718292
6729,94430055.91995019
6730,94262306.43016352
6731,94094947.61224483
6732,93927878.37168302
6733,93761098.19932082
6734,93594606.58245277
6735,93428537.22905464
6736,93262776.84513544
6737,93097303.36954945
6738,92932116.27652544
6739,92767277.92071049
6740,92602817.73082487
6741,92438642.23947875
6742,92274750.90836522
6743,92111143.19592415
6744,91947971.14700364
6745,91785084.73196273
6746,91622480.20755549
6747,91460157.02033459
6748,91298206.353626
6749,91136599.92045687
6750,90975273.06313798
6751,90814225.21684213
6752,90653491.78844018
6753,90493156.06496398
6754,90333097.55941328
6755,90173315.69607897
6756,90013809.8964022
6757,89854720.6473425
6758,89695921.0111093
6759,89537395.60763365
6760,89379143.84808087
6761,89221260.40598631
6762,89063709.99792084
6763,88906431.3744517
6764,88749423.93694302
6765,88592741.369881
6766,88436430.39843254
6767,88280388.72662482
6768,88124615.74648555
6769,87969128.89205371
6770,87814047.42343476
6771,87659232.7345734
6772,87504684.20861538
6773,87350401.22634391
6774,87196525.64864297
6775,87042927.8416415
6776,86889593.63612072
6777,86736522.40453394
6778,86583829.04684237
6779,86431437.89611816
6780,86279307.7545688
6781,86127437.98675022
6782,85975938.1901569
6783,85824772.15406767
6784,85673864.49332823
6785,85523214.56517595
6786,85372821.72482915
6787,85222818.76927546
6788,85073123.05315068
6789,84923682.40209101
6790,84774496.16451016
6791,84625563.68692788
6792,84477048.62652898
6793,84328806.58298276
6794,84180816.25426802
6795,84033076.98059739
6796,83885605.86820032
6797,83738551.6623847
6798,83591746.45004037
6799,83445189.565461
6800,83298880.3412631
6801,83152881.69289966
6802,83007250.71243216
6803,82861865.3116837
6804,82716724.81782225
6805,82571828.55645405
6806,82427292.53490116
6807,82283067.62868038
6808,82139084.85697065
6809,81995343.54038537
6810,81851842.99808721
6811,81708759.49247244
6812,81565923.35839418
6813,81423325.88501512
6814,81280966.38694677
6815,81138903.47238386
6816,80997202.8211214
6817,80855738.02049881
6818,80714508.38091922
6819,80573513.2115263
6820,80432885.36940718
6821,80292542.0080645
6822,80152430.97958182
6823,80012551.5893101
6824,79872932.77797118
6825,79733699.5650969
6826,79594695.84432222
6827,79455920.91752814
6828,79317374.08551574
6829,79179172.08958173
6830,79041264.32263194
6831,78903582.49446997
6832,78766125.90281749
6833,78628920.68392041
6834,78492097.47177072
6835,78355497.33351064
6836,78219119.56408475
6837,78082963.45752692
6838,77947156.08181107
6839,77811626.18600623
6840,77676315.78316906
6841,77541224.16492273
6842,77406400.69806649
6843,77271929.56357694
6844,77137675.03917493
6845,77003636.41435593
6846,76869812.97786343
6847,76736367.75978857
6848,76603157.59799773
6849,76470160.44518559
6850,76337375.58831088
6851,76204900.87123713
6852,76072723.53326745
6853,75940756.30917653
6854,75808998.48440273
6855,75677488.81804693
6856,75546332.74670823
6857,75415383.8907195
6858,75284641.53425527
6859,75154104.96095017
6860,75023944.98791969
6861,74894002.92647739
6862,74764264.46262148
6863,74634728.87903298
6864,74505519.87359208
6865,74376573.02446619
6866,74247826.86983716
6867,74119280.69167128
6868,73991016.90616032
6869,73863053.6825779
6870,73735288.25021389
6871,73607719.8905519
6872,73480395.49191041
6873,73353404.30655675
6874,73226608.00988589
6875,73100005.88312301
6876,72973614.95854127
6877,72847584.22743422
6878,72721745.48411827
6879,72596098.00977746
6880,72470641.08535402
6881,72345552.71843436
6882,72220659.95408867
6883,72095955.56051034
6884,71971438.81886098
6885,71847269.01135951
6886,71723310.66314952
6887,71599537.79105924
6888,71475949.6766712
6889,71352692.31246081
6890,71229656.83257985
6891,71106803.93853815
6892,70984132.91253239
6893,70861781.81780905
6894,70739657.67683797
6895,70617713.23657091
6896,70495947.78000611
6897,70374496.72816855
6898,70253272.41831978
6899,70132224.92993629
6900,70011353.54699796
6901,69890796.26338756
6902,69770460.30163695
6903,69650298.28873299
6904,69530309.50981185
6905,69410639.67631418
6906,69291180.60742056
6907,69171892.62207274
6908,69052775.00673142
6909,68933986.2662429
6910,68815392.66566029
6911,68696967.29131266
6912,68578709.43114646
6913,68460795.3919074
6914,68343055.86859007
6915,68225481.72283341
6916,68108086.53188413
6917,67991026.48402181
6918,67874129.6831255
6919,67757395.420374
6920,67640864.86740996
6921,67524639.05738412
6922,67408573.66286547
6923,67292667.97693177
6924,67176995.57977349
6925,67061592.722550265
6926,66946347.459666215
6927,66831259.086237006
6928,66716438.34339428
6929,66601847.19708548
6930,66487410.834795006
6931,66373128.553810686
6932,66259152.948212095
6933,66145362.31640473
6934,66031723.669675805
6935,65918250.47260173
6936,65805099.31021713
6937,65692098.04420855
6938,65579245.97623103
6939,65466607.59984005
6940,65354237.48158246
6941,65242014.48252428
6942,65129937.90683274
6943,65018127.79421783
6944,64906527.660410635
6945,64795071.88136365
6946,64683759.763870776
6947,64572771.35571046
6948,64461930.20009944
6949,64351230.64800007
6950,64240731.42900449
6951,64130498.74668093
6952,64020405.61833671
6953,63910451.355879694
6954,63800763.42293964
6955,63691270.6005986
6956,63581914.60573482
6957,63472718.83315205
6958,63363924.96871295
6959,63255265.91610865
6960,63146740.99324639
6961,63038349.51853806
6962,62930090.8109055
6963,62822102.94210603
6964,62714398.344601616
6965,62606824.51826196
6966,62499380.78570945
6967,62392066.47010492
6968,62284880.89515374
6969,62178092.77231135
6970,62071453.361784406
6971,61964940.716334045
6972,61858554.163491204
6973,61752293.03135675
6974,61646281.587298036
6975,61540560.03808852
6976,61434961.95155627
6977,61329486.65972446
6978,61224133.49521072
6979,61118901.79123306
6980,61014077.41616527
6981,60909377.49092273
6982,60804797.08951061
6983,60700335.54917674
6984,60595992.20779118
6985,60491938.74495645
6986,60388120.717387125
6987,60284418.97037819
6988,60180832.8459122
6989,60077361.68661529
6990,59974077.67728135
6991,59871125.42101603
6992,59768286.2301633
6993,59665559.45153786
6994,59562944.432618596
6995,59460440.52155198
6996,59358325.82143688
6997,59256333.229244135
6998,59154449.86765961
6999,59052675.08910364
7000,58951008.24668235
7001,58849656.58906334
7002,58748494.78156059
7003,58647439.05218316
7004,58546488.7583748
7005,58445643.258282356
7006,58345052.86513991
7007,58244706.174459346
7008,58144462.438961014
7009,58044321.02118788
7010,57944281.284402005
7011,57844450.28064031
7012,57744903.187399745
7013,57645455.95630773
7014,57546107.955076136
7015,57446858.552149616
7016,57347784.97405847
7017,57249022.10955885
7018,57150356.04442044
7019,57051786.1515866
7020,56953311.804746635
7021,56854993.60812575
7022,56756999.756369956
7023,56659099.67173892
7024,56561292.7324643
7025,56463578.31753631
7026,56366013.38549181
7027,56268773.48503071
7028,56171624.35028238
7029,56074565.36481845
7030,55977595.912980445
7031,55880782.06340306
7032,55784281.20901499
7033,55687868.14999668
7034,55591542.27530585
7035,55495302.97468011
7036,55399237.967413515
7037,55303461.4116228
7038,55207769.71214405
7039,55112162.26336192
7040,55016638.46044942
7041,54921320.00415705
7042,54826253.15859956
7043,54731268.26177054
7044,54636364.71351672
7045,54541541.91448161
7046,54446967.673221484
7047,54352596.10986092
7048,54258303.619281836
7049,54164089.606824145
7050,54069953.4786319
7051,53976121.07814749
7052,53882430.53034904
7053,53788816.21115935
7054,53695277.53143788
7055,53601818.57386108
7056,53508720.936590396
7057,53415697.30005721
7058,53322747.07984802
7059,53229869.69236378
7060,53137150.47096969
7061,53044708.58967097
7062,52952337.923249446
7063,52860037.892845914
7064,52767807.92041981
7065,52675825.94523886
7066,52584026.01054726
7067,52492294.53690546
7068,52400630.95102248
7069,52309034.6804298
7070,52217787.44535525
7071,52126615.81223379
7072,52035509.91841898
7073,51944469.19619808
7074,51853598.49093137
7075,51762978.06649944
7076,51672421.25470082
7077,51581927.492580466
7078,51491496.218010746
7079,51401357.81198999
7080,51311341.55686003
7081,51221386.25127552
7082,51131491.33786728
7083,51041731.73001461
7084,50952247.59115004
7085,50862822.32347506
7086,50773455.37437674
7087,50684146.19207235
7088,50595116.2972138
7089,50506212.73395229
7090,50417365.437426776
7091,50328573.86060666
7092,50239924.79198648
7093,50151534.6849262
7094,50063198.81449727
7095,49974916.63841536
7096,49886687.61522702
7097,49798765.55970738
7098,49710932.97426876
7099,49623152.079516806
7100,49535422.33873572
7101,49447899.67897818
7102,49360597.29907571
7103,49273344.647029914
7104,49186141.191021465
7105,49098986.400060624
7106,49012074.44405144
7107,48925342.05951296
7108,48838656.935287766
7109,48752018.54526809
7110,48665426.36417504
7111,48579126.3730542
7112,48492951.71217755
7113,48406821.87680584
7114,48320736.34652554
7115,48234694.601750106
7116,48149007.77204175
7117,48063378.72958839
7118,47977792.11045533
7119,47892247.39990334
7120,47806807.479471
7121,47721671.55280004
7122,47636576.189673476
7123,47551520.88018152
7124,47466505.11523632
7125,47381682.91416395
7126,47297071.2364181
7127,47212497.77926233
7128,47127962.03841691
7129,47043463.51042025
7130,46959260.02547389
7131,46875160.95632304
7132,46791097.797046505
7133,46707070.04896755
7134,46623125.457975894
7135,46539493.39681395
7136,46455895.46080315
7137,46372331.15603016
7138,46288799.98939297
7139,46205478.21602592
7140,46122338.22909361
7141,46039230.11503742
7142,45956153.38549237
7143,45873107.55290093
7144,45790409.43439404
7145,45707750.34234312
7146,45625120.90265514
7147,45542520.63248178
7148,45460092.54539767
7149,45377875.39034765
7150,45295686.176885135
7151,45213524.42684661
7152,45131389.662867114
7153,45049588.95043402
7154,44967832.98296706
7155,44886102.79407315
7156,44804397.91104193
7157,44722874.85572383
7158,44641545.23719914
7159,44560239.7335239
7160,44478957.876615815
7161,44397717.08366153
7162,44316806.99995283
7163,44235919.38838095
7164,44155053.785464786
7165,44074209.72850698
7166,43993602.478063725
7167,43913126.04801588
7168,43832670.00937568
7169,43752233.904013544
7170,43671916.02706258
7171,43591844.15019864
7172,43511791.068233766
7173,43431756.3275779
7174,43351739.47541375
7175,43272058.28314948
7176,43192401.6320545
7177,43112761.75088272
7178,43033138.19132127
7179,42953753.18744099
7180,42874486.52286599
7181,42795235.07728136
7182,42715998.406848684
7183,42636913.75775417
7184,42558030.7164464
7185,42479161.363515764
7186,42400305.25956781
7187,42321525.044492334
7188,42243019.343920454
7189,42164525.82129652
7190,42086044.04163879
7191,42007573.570715316
7192,41929437.693222165
7193,41851313.81874802
7194,41773200.201237455
7195,41695096.4108341
7196,41617271.21042468
7197,41539510.881722376
7198,41461759.34385419
7199,41384016.17130701
7200,41306505.500944614
7201,41229102.69498934
7202,41151707.23346875
7203,41074318.69518023
7204,40997126.33062486
7205,40920075.10330425
7206,40843029.793603435
7207,40765989.98459787
7208,40689119.626698986
7209,40612414.112358645
7210,40535713.10826096
7211,40459016.201726384
7212,40382471.478642344
7213,40306105.889618605
7214,40229743.42274927
7215,40153383.669566624
7216,40077168.13891338
7217,40001136.76505361
7218,39925107.14439896
7219,39849078.872659616
7220,39773196.02359008
7221,39697493.23176166
7222,39621790.84317635
7223,39546088.45768803
7224,39470541.7129042
7225,39395161.94649241
7226,39319781.252195716
7227,39244399.233977765
7228,39169191.951677784
7229,39094129.730073385
7230,39019065.2681359
7231,38943998.17390459
7232,38869133.649666004
7233,38794383.56774306
7234,38719629.95156325
7235,38644872.41320704
7236,38570353.8818085
7237,38495910.60939294
7238,38421462.52716505
7239,38347009.25121184
7240,38272839.88839426
7241,38198698.16972418
7242,38124550.38389751
7243,38050417.49218291
7244,37976579.07514264
7245,37902733.72832102
7246,37828881.07505149
7247,37755104.94167935
7248,37681559.01320494
7249,37608004.92964371
7250,37534442.318237655
7251,37461025.932930276
7252,37387767.44008427
7253,37314499.584616855
7254,37241221.997643344
7255,37168168.29536251
7256,37095192.25693892
7257,37022205.6659698
7258,36949208.1574091
7259,36876520.024015866
7260,36803821.530580275
7261,36731111.31212535
7262,36658482.54381394
7263,36586069.27922273
7264,36513643.49253278
7265,36441204.82564002
7266,36368948.56994525
7267,36296804.38626066
7268,36224646.538683094
7269,36152474.67284876
7270,36080593.652339436
7271,36008713.83494548
7272,35936819.22886778
7273,35865010.92239162
7274,35793406.375293165
7275,35721786.27916312
7276,35650150.28640156
7277,35578723.79420419
7278,35507375.48724515
7279,35436010.53634645
7280,35364665.70088636
7281,35293586.49121542
7282,35222489.90020276
7283,35151375.586897925
7284,35080418.90484814
7285,35009588.020421214
7286,34938738.689116
7287,34867872.31863943
7288,34797304.51603068
7289,34726717.55169059
7290,34656111.09120431
7291,34585715.40102606
7292,34515546.4558829
7293,34445357.45976244
7294,34375148.082347184
7295,34304917.99390066
7296,34234781.662267596
7297,34164985.86730854
7298,34095168.82311347
7299,34025330.20399276
7300,33955469.68482883
7301,33885609.074231446
7302,33816179.678295575
7303,33746727.860520914
7304,33677253.29978669
7305,33607755.67553562
7306,33538234.667773083
7307,33469117.140935093
7308,33400023.951735713
7309,33330906.876805026
7310,33261765.600087665
7311,33192599.806082636
7312,33123787.63782598
7313,33055046.60560362
7314,32986280.569806468
7315,32917489.218823206
7316,32848672.241587956
7317,32780180.685518686
7318,32711785.463496093
7319,32643364.14465056
7320,32574916.421756826
7321,32506441.98812683
7322,32438285.937623534
7323,32370230.302406702
7324,32302147.501382302
7325,32234037.231653523
7326,32165899.190853108
7327,32098093.187598865
7328,32030371.037729464
7329,31962620.677000545
7330,31894841.806787115
7331,31827034.128985636
7332,31759592.371234078
7333,31692197.725732863
7334,31624773.84792396
7335,31557320.44339791
7336,31489837.218258176
7337,31422773.568842184
7338,31355700.565745767
7339,31288597.332169946
7340,31221463.57786464
7341,31154353.193229526
7342,31087627.007175706
7343,31020869.902066696
7344,30954081.591257557
7345,30887261.7886016
7346,30820558.02083907
7347,30754143.06107828
7348,30687696.225612164
7349,30621217.23185208
7350,30554705.79770011
7351,30488421.524466325
7352,30422312.25488882
7353,30356170.17531587
7354,30289995.007160585
7355,30223786.472319365
7356,30157934.265672527
7357,30092125.263604186
7358,30026282.539290335
7359,29960405.81809186
7360,29894566.66282069
7361,29829086.95909944
7362,29763572.913818862
7363,29698024.25576507
7364,29632440.714193366
7365,29567059.547409624
7366,29501870.473193735
7367,29436646.184449293
7368,29371386.413811088
7369,29306090.894375574
7370,29241179.38784865
7371,29176275.830727316
7372,29111336.207255002
7373,29046360.253862716
7374,28981503.661298856
7375,28916917.253744204
7376,28852294.20912509
7377,28787634.267168656
7378,28722937.16804974
7379,28658574.350128558
7380,28594264.370980453
7381,28529916.940609273
7382,28465531.802441943
7383,28401250.858751483
7384,28337250.486093543
7385,28273212.121685967
7386,28209135.512169894
7387,28145020.404621005
7388,28081256.194048572
7389,28017523.503678966
7390,27953752.044038434
7391,27889941.56537369
7392,27826284.98518718
7393,27762854.630088996
7394,27699384.994537253
7395,27635875.831912603
7396,27572340.20490751
7397,27509208.89893294
7398,27446037.81413267
7399,27382826.706984475
7400,27319575.334382366
7401,27256589.566897176
7402,27193713.81141819
7403,27130797.55092231
7404,27067840.54535891
7405,27004999.753354453
7406,26942416.15712821
7407,26879791.58565546
7408,26817125.801904857
7409,26754442.444246233
7410,26692147.888018522
7411,26629811.89858833
7412,26567434.241908222
7413,26505014.684329215
7414,26442911.910619166
7415,26380861.446351193
7416,26318768.87193543
7417,26256633.956666276
7418,26194711.00486252
7419,26132943.058426548
7420,26071132.57085633
7421,26009279.314354766
7422,25947547.82759106
7423,25886059.44065595
7424,25824528.09334975
7425,25762953.56074975
7426,25701424.915949844
7427,25640213.178630915
7428,25578958.073293332
7429,25517659.37785508
7430,25456344.690664627
7431,25395406.740970816
7432,25334425.027041253
7433,25273399.32960083
7434,25212329.429744758
7435,25151778.04101144
7436,25091208.96348103
7437,25030595.676083013
7438,24969937.96309219
7439,24909235.609147232
7440,24848826.73031657
7441,24788621.99256909
7442,24728372.616601344
7443,24668078.390184477
7444,24607739.10144759
7445,24547499.424225673
7446,24487654.584408235
7447,24427764.6949882
7448,24367829.54718074
7449,24307848.9325527
7450,24247822.643021397
7451,24188315.072182592
7452,24128780.333337594
7453,24069199.944780353
7454,24009573.701463446
7455,23949901.398684286
7456,23890611.37906561
7457,23831427.54242334
7458,23772197.681055974
7459,23712921.59325105
7460,23653599.07763499
7461,23594551.03071376
7462,23535713.934192378
7463,23476830.45394713
7464,23417900.39155051
7465,23358923.548907463
7466,23300141.167294968
7467,23241646.73379458
7468,23183105.573291447
7469,23124517.490593154
7470,23065882.290834073
7471,23007388.555071242
7472,22949232.791167498
7473,22891029.972410895
7474,22832779.906795144
7475,22774482.402635526
7476,22716299.59755295
7477,22658478.59219361
7478,22600610.219272386
7479,22542694.2899212
7480,22484730.615588047
7481,22426880.346242882
7482,22369390.26944793
7483,22311852.527239073
7484,22254266.933839332
7485,22196633.303781983
7486,22139136.510985777
7487,22081973.612552144
7488,22024762.76542933
7489,21967503.786884572
7490,21910196.494490065
7491,21853073.46993983
7492,21796234.07815132
7493,21739346.46869818
7494,21682410.46184575
7495,21625425.87815959
7496,21568696.279184435
7497,21512176.799528312
7498,21455608.847258408
7499,21398992.24559316
7500,21342326.81804616
7501,21286009.681981735
7502,21229806.595870845
7503,21173554.79595354
7504,21117254.10835711
7505,21060904.359498635
7506,21005018.11770053
7507,20949127.981203698
7508,20893188.903198477
7509,20837200.71267697
7510,20781257.300328065
7511,20725725.73042268
7512,20670145.17300218
7513,20614515.45959942
7514,20558836.42202807
7515,20503361.462175854
7516,20448136.377238203
7517,20392862.10049659
7518,20337538.46626792
7519,20282165.309145138
7520,20227190.82666019
7521,20172288.51420375
7522,20117336.8408899
7523,20062335.643825945
7524,20007284.76039108
7525,19952744.193339013
7526,19898161.358687993
7527,19843529.00658461
7528,19788846.97688438
7529,19734243.749220222
7530,19680026.674760025
7531,19625760.096163243
7532,19571443.855728682
7533,19517077.796018727
7534,19462946.885745823
7535,19409043.052723363
7536,19355089.580473952
7537,19301086.31396634
7538,19247033.098428562
7539,19193391.471162662
7540,19139797.7893116
7541,19086154.344907593
7542,19032460.9855492
7543,18978818.414142415
7544,18925581.588131573
7545,18872295.037831984
7546,18818958.613180753
7547,18765572.164366294
7548,18712453.563306656
7549,18659521.02218165
7550,18606538.65370824
7551,18553506.310378566
7552,18500425.79421976
7553,18447844.42041525
7554,18395213.27254145
7555,18342532.205363095
7556,18289801.073888745
7557,18237276.860333107
7558,18184994.140480727
7559,18132661.562998366
7560,18080278.98513344
7561,18027846.264372908
7562,17975892.445866093
7563,17923905.61459884
7564,17871868.8528352
7565,17819782.020267654
7566,17767918.90652619
7567,17716275.121113706
7568,17664581.480946366
7569,17612837.84789271
7570,17561083.78154625
7571,17509780.38494983
7572,17458427.2150806
7573,17407024.13595384
7574,17355571.011814244
7575,17304431.261639982
7576,17253415.954241384
7577,17202350.826812934
7578,17151235.745714318
7579,17100237.17137712
7580,17049557.162423152
7581,16998827.428156238
7582,16948047.83702269
7583,16897218.25769156
7584,16846859.880109906
7585,16796463.024566222
7586,16746016.414313264
7587,16695519.920076009
7588,16645332.735696306
7589,16595266.28902346
7590,16545150.195048481
7591,16494984.326524666
7592,16444983.95686052
7593,16395245.494368313
7594,16345457.49712931
7595,16295619.8398979
7596,16245821.381918395
7597,16196408.524752548
7598,16146946.250444636
7599,16097434.435723651
7600,16047872.957529748
7601,15998762.887116337
7602,15949624.008455576
7603,15900435.713888532
7604,15851197.882300852
7605,15802315.722726822
7606,15753497.959851557
7607,15704630.910411911
7608,15655714.455213357
7609,15607073.818819316
7610,15558574.94032103
7611,15510026.90934632
7612,15461429.608595114
7613,15413043.62038604
7614,15364861.44448203
7615,15316630.254849926
7616,15268349.936059266
7617,15220231.242159856
7618,15172363.638022052
7619,15124447.163482979
7620,15076481.704956945
7621,15028642.480847182
7622,14981087.37010294
7623,14933483.5367844
7624,14885830.869126242
7625,14838282.82766823
7626,14791038.186089747
7627,14743744.974189704
7628,14696403.08199938
7629,14649157.48126806
7630,14602221.340670016
7631,14555236.786358772
7632,14508203.710138759
7633,14461271.361069547
7634,14414641.81143556
7635,14367964.008986672
7636,14321237.847277503
7637,14274629.121143855
7638,14228304.31300557
7639,14181931.417179905
7640,14135510.328948742
7641,14089235.164683796
7642,14043213.311778933
7643,13997143.540487552
7644,13951025.747796303
7645,13905093.659171926
7646,13859373.041409979
7647,13813604.67868525
7648,13767788.469667245
7649,13722208.552344259
7650,13676787.519112976
7651,13631318.91842083
7652,13585802.650598656
7653,13540583.58906115
7654,13495460.562909711
7655,13450290.150839029
7656,13405072.254820133
7657,13360222.329205036
7658,13315395.809945285
7659,13270522.090316046
7660,13225612.68161401
7661,13181128.166738026
7662,13136596.736009907
7663,13092018.294445597
7664,13047495.151873369
7665,13003303.507299742
7666,12959065.137969995
7667,12914779.95047952
7668,12870651.668025369
7669,12826750.76047264
7670,12782803.322182769
7671,12738809.261309106
7672,12695201.910985043
7673,12651766.337589437
7674,12608284.639705574
7675,12564756.727344014
7676,12521182.510682002
7677,12477900.0592178
7678,12434879.220119243
7679,12391812.573970428
7680,12348700.032772062
7681,12305541.508688752
7682,12262610.912209036
7683,12220000.70406253
7684,12177345.009348085
7685,12134643.74202065
7686,12091896.816196602
7687,12049343.778976081
7688,12007140.155251924
7689,11964891.368329095
7690,11922597.334081443
7691,11880257.96854222
7692,11838106.98054826
7693,11796305.950562285
7694,11754460.083479648
7695,11712569.297058733
7696,11670633.509215022
7697,11628907.882646004
7698,11587505.51059894
7699,11546058.630139226
7700,11504567.160876054
7701,11463031.022573194
7702,11421752.927420588
7703,11380745.331447097
7704,11339693.558179734
7705,11298597.529045029
7706,11257457.16562188
7707,11216647.664282063
7708,11176031.015509997
7709,11135370.522853443
7710,11094666.109523425
7711,11053917.698881516
7712,11013596.779843103
7713,10973367.301463202
7714,10933094.314757697
7715,10892777.744690157
7716,10852417.51637263
7717,10812604.12700483
7718,10772758.093351003
7719,10732868.888942234
7720,10692936.440463256
7721,10653096.25803286
7722,10613672.753210627
7723,10574206.488851216
7724,10534697.393184848
7725,10495145.394586306
7726,10455887.932418965
7727,10416909.191183621
7728,10377888.111358235
7729,10338824.622944565
7730,10299718.656086478
7731,10260753.926490257
7732,10222215.012886941
7733,10183634.18158187
7734,10145011.36431332
7735,10106346.49295964
7736,10067703.503492074
7737,10029599.546430923
7738,9991454.092385035
7739,9953267.074794902
7740,9915038.427239351
7741,9876768.083435265
7742,9839070.878780184
7743,9801355.99443303
7744,9763599.968646653
7745,9725802.736666713
7746,9687964.23387495
7747,9650635.901686383
7748,9613346.842197275
7749,9576017.062953979
7750,9538646.500836043
7751,9501235.092857288
7752,9464300.356107041
7753,9427432.43836459
7754,9390524.222030064
7755,9353575.645584699
7756,9316586.647642286
7757,9280068.875294548
7758,9243617.476936704
7759,9207126.200526077
7760,9170594.986114133
7761,9134023.773882795
7762,9097945.026566407
7763,9061905.585011585
7764,9025826.685223592
7765,8989708.268792888
7766,8953550.277438624
7767,8917931.35179623
7768,8882299.363285936
7769,8846628.3355482
7770,8810918.211681904
7771,8775219.822432034
7772,8740029.406664556
7773,8704800.425317673
7774,8669532.822843652
7775,8634226.543819975
7776,8599032.011903508
7777,8564239.798706247
7778,8529409.435585031
7779,8494540.868442932
7780,8459634.043306857
7781,8424960.566682898
7782,8390562.224190816
7783,8356126.146379084
7784,8321652.280572883
7785,8287140.574219609
7786,8253004.252326345
7787,8218995.503870359
7788,8184949.43356408
7789,8150865.9901266275
7790,8116747.511651668
7791,8083160.994422025
7792,8049537.617629359
7793,8015877.331239777
7794,7982180.085338447
7795,7948633.636309583
7796,7915427.912161533
7797,7882185.73806883
7798,7848907.0653380295
7799,7815591.845392959
7800,7782630.397028063
7801,7749801.350877422
7802,7716936.263056673
7803,7684035.086185903
7804,7651154.187949904
7805,7618733.345066859
7806,7586276.913577465
7807,7553784.84727464
7808,7521257.1000656085
7809,7488989.965537552
7810,7456937.320772693
7811,7424849.491505693
7812,7392726.432792369
7813,7360578.560055095
7814,7328924.890675352
7815,7297236.483182586
7816,7265513.293758619
7817,7233755.278696725
7818,7202246.16388318
7819,7170952.420475349
7820,7139624.3387107225
7821,7108261.875985212
7822,7076906.847020937
7823,7046003.066888575
7824,7015065.388037933
7825,6984093.768945731
7826,6953088.168197406
7827,6922393.381814017
7828,6891841.457330642
7829,6861256.029373095
7830,6830637.057585004
7831,6800127.550191906
7832,6769956.787047995
7833,6739752.953251583
7834,6709516.009483645
7835,6679245.916531221
7836,6649414.871318736
7837,6619588.089562115
7838,6589728.627733674
7839,6559836.447635889
7840,6530218.485899362
7841,6500764.268246568
7842,6471277.796470172
7843,6441759.033367981
7844,6412369.715311861
7845,6383283.627351824
7846,6354165.707273455
7847,6325015.918850018
7848,6295869.979183615
7849,6267147.639376376
7850,6238393.885522116
7851,6209608.682349995
7852,6180791.994690362
7853,6152357.136840689
7854,6123963.215969855
7855,6095538.260864884
7856,6067082.237291765
7857,6038912.337102588
7858,6010873.9675676515
7859,5982804.974949231
7860,5954705.325930119
7861,5926884.657056077
7862,5899340.662531278
7863,5871766.615091788
7864,5844162.482470658
7865,5816528.232498124
7866,5788926.338921883
7867,5761838.810299958
7868,5734721.758386918
7869,5707575.152034769
7870,5680398.960191133
7871,5653193.15189913
7872,5626408.375759447
7873,5599741.107098051
7874,5573044.807627939
7875,5546319.447384712
7876,5519564.996498176
7877,5493049.351671441
7878,5466824.76648167
7879,5440571.66704926
7880,5414290.024469286
7881,5387979.809929549
7882,5361760.209920541
7883,5335971.319141901
7884,5310154.423671204
7885,5284309.495635096
7886,5258436.507251293
7887,5232537.980081909
7888,5207177.903622622
7889,5181790.325055898
7890,5156375.217512543
7891,5130932.554212989
7892,5105462.308467596
7893,5080440.289963823
7894,5055475.248535505
7895,5030483.174776832
7896,5005464.042884383
7897,4980417.827143063
7898,4955752.952328639
7899,4931203.773863823
7900,4906628.052824094
7901,4882025.7643560115
7902,4857396.883693085
7903,4833136.634380573
7904,4809037.290991884
7905,4784911.933277007
7906,4760760.537343449
7907,4736583.07938437
7908,4712538.305969847
7909,4688880.933357699
7910,4665198.066101088
7911,4641489.681240916
7912,4617755.755902287
7913,4593996.267294401
7914,4570732.272236647
7915,4547484.156868329
7916,4524211.03601565
7917,4500912.887708657
7918,4477589.690060154
7919,4454587.304860568
7920,4431766.334841264
7921,4408920.863059117
7922,4386050.868422904
7923,4363156.329922851
7924,4340440.543818541
7925,4318039.242408143
7926,4295613.934656793
7927,4273164.600326489
7928,4250691.2192591615
7929,4228285.102737906
7930,4206296.120798086
7931,4184283.619737388
7932,4162247.5801459895
7933,4140187.982692601
7934,4118112.7783824992
7935,4096528.8922132226
7936,4074921.966038752
7937,4053291.981253011
7938,4031638.9193272316
7939,4009962.7618100857
7940,3988728.238511365
7941,3967519.7788245776
7942,3946288.732414846
7943,3925035.0815322394
7944,3903758.8085028203
7945,3882883.67656838
7946,3862066.6962802205
7947,3841227.5932237273
7948,3820366.3504045536
7949,3799482.950903155
7950,3778983.6304432536
7951,3758551.2617113874
7952,3738097.226328913
7953,3717621.508034573
7954,3697124.090640729
7955,3677015.500466581
7956,3656960.992665408
7957,3636885.2665910455
7958,3616788.3066933863
7959,3596670.0974946823
7960,3576965.7293664017
7961,3557282.447090085
7962,3537578.3872738383
7963,3517853.535057337
7964,3498118.114351852
7965,3478819.8655437017
7966,3459501.286641819
7967,3440162.363384912
7968,3420803.0815814193
7969,3401503.004947439
7970,3382562.62360439
7971,3363602.3372496585
7972,3344622.1322716065
7973,3325621.9951271545
7974,3306766.750194323
7975,3288177.9422504655
7976,3269569.647038529
7977,3250941.8515766514
7978,3232294.5429504267
7979,3213892.460781809
7980,3195649.0396314785
7981,3177386.541712038
7982,3159104.954652072
7983,3140804.2661465653
7984,3122862.581589884
7985,3104958.4662507568
7986,3087035.6774902386
7987,3069094.203528552
7988,3051211.4630456697
7989,3033658.9422138273
7990,3016088.1555205574
7991,2998499.09169529
7992,2980891.7395315566
7993,2963488.261302469
7994,2946262.80522557
7995,2929019.4720542477
7996,2911758.2510744515
7997,2894479.1316350177
7998,2877559.0715537895
7999,2860654.912260393
8000,2843733.2577830344
8001,2826794.0979466466
8002,2809975.4816694665
8003,2793404.060002499
8004,2776815.5280102273
8005,2760209.8759788047
8006,2743587.0942551005
8007,2727264.6945829378
8008,2711002.959574923
8009,2694724.482204625
8010,2678429.253264655
8011,2662233.7763706474
8012,2646292.6292506163
8013,2630335.1099377614
8014,2614361.209656354
8015,2598370.9196892497
8016,2582680.840204311
8017,2567038.1768067926
8018,2551379.4956541117
8019,2535704.7884461125
8020,2520163.1674603187
8021,2504829.370253962
8022,2489479.911249799
8023,2474114.7825513217
8024,2458734.5014611646
8025,2443703.691130493
8026,2428657.5678328876
8027,2413596.124062504
8028,2398519.352369101
8029,2383655.4954579873
8030,2368906.9299860722
8031,2354143.3862513495
8032,2339364.857180678
8033,2324678.5344237518
8034,2310221.8555140067
8035,2295750.533665653
8036,2281264.562170363
8037,2266765.992674191
8038,2252595.6337699434
8039,2238410.960489296
8040,2224211.9664768633
8041,2209998.6454299325
8042,2196021.022343524
8043,2182117.527262558
8044,2168200.033713204
8045,2154268.5357331415
8046,2140490.282169702
8047,2126862.596023256
8048,2113221.2271402967
8049,2099566.1698875707
8050,2085995.211117909
8051,2072638.0639276872
8052,2059267.5433195245
8053,2045883.6439783226
8054,2032527.176117865
8055,2019435.3954074823
8056,2006330.5443008041
8057,1993212.6177902822
8058,1980081.6109172222
8059,1967245.6529168955
8060,1954401.3884008548
8061,1941544.3456173793
8062,1928674.519903989
8063,1916059.5263237858
8064,1903470.8596242522
8065,1890869.705713892
8066,1878256.0602163721
8067,1865867.3609942328
8068,1853529.3957781342
8069,1841179.2284391222
8070,1828816.8548772396
8071,1816659.1846208184
8072,1804567.11532977
8073,1792463.1231444215
8074,1780347.204231625
8075,1768424.7328413266
8076,1756573.8430542257
8077,1744711.3038497171
8078,1732837.111652145
8079,1721153.473693658
8080,1709539.1345179176
8081,1697913.4137557289
8082,1686276.308079959
8083,1674834.630951704
8084,1663452.2994423634
8085,1652058.8486357178
8086,1640654.2754444443
8087,1629457.2063838316
8088,1618302.423990343
8089,1607136.7791493488
8090,1595960.2690047792
8091,1585010.0009759432
8092,1574078.3920162695
8093,1563136.1721202887
8094,1552184.002791424
8095,1541481.635158572
8096,1530768.9053197964
8097,1520045.8108164486
8098,1509348.5119262163
8099,1498860.5680757947
8100,1488362.5029413027
8101,1477854.3142719662
8102,1467412.7669309117
8103,1457135.1159339244
8104,1446847.579536255
8105,1436550.1556873592
8106,1426364.881603658
8107,1416293.4694645759
8108,1406212.402863839
8109,1396121.6799437576
8110,1386192.8622755327
8111,1376323.7105373696
8112,1366445.1304247708
8113,1356557.1202657304
8114,1346884.6235810826
8115,1337213.8279549386
8116,1327533.825280807
8117,1317897.6284953968
8118,1308441.034722484
8119,1298975.462197451
8120,1289500.9095641037
8121,1280096.3270265514
8122,1270840.5349249823
8123,1261575.9857624131
8124,1252302.6783495294
8125,1243130.481386246
8126,1234071.379393514
8127,1225003.7370590253
8128,1215927.5533536342
8129,1206988.1613192759
8130,1198121.719372304
8131,1189246.9489319841
8132,1180363.8491227839
8133,1171657.3508550983
8134,1162979.6188182759
8135,1154293.7653648246
8136,1145610.9395605451
8137,1137125.9640780687
8138,1128633.0702008074
8139,1120132.2573092866
8140,1111685.9899505272
8141,1103381.8600609452
8142,1095070.0094642546
8143,1086750.437676868
8144,1078539.856306059
8145,1070412.8569960925
8146,1062278.3301874849
8147,1054136.2755267338
8148,1046160.2554636896
8149,1038206.7455576732
8150,1030245.896974136
8151,1022311.3260495985
8152,1014534.8907954313
8153,1006751.3015273158
8154,998960.5581056535
8155,991303.5745614354
8156,983775.8911303667
8157,976241.3103493315
8158,968699.8321912442
8159,961151.456657872
8160,953670.9898253125
8161,946377.6013205488
8162,939077.5634051374
8163,931770.8761852388
8164,924457.5397949315
8165,917162.6019610738
8166,910096.4202371043
8167,903023.82875274
8168,895944.8277387412
8169,888859.417452926
8170,881767.5981802482
8171,874911.8422999069
8172,868059.8098130056
8173,861201.5995325086
8174,854337.2118317923
8175,847466.6471105276
8176,840802.9683010897
8177,834164.8103793056
8178,827520.6986124847
8179,820870.6334817671
8180,814214.6154937295
8181,807748.5755712538
8182,801317.8049512728
8183,794881.2968913347
8184,788439.0519728644
8185,781991.0708019586
8186,775727.183054543
8187,769497.5039729349
8188,763262.2965497741
8189,757021.5614596946
8190,750775.2994012627
8191,744717.1115883606
8192,738682.4142710927
8193,732642.3906338942
8194,726597.0414378762
8195,720546.3674673269
8196,714696.5396681487
8197,708850.8949745273
8198,703000.1191289553
8199,697144.2129726091
8200,691300.9572314506
8201,685643.5549627458
8202,679981.2091796078
8203,674313.9207754248
8204,668641.6906653119
8205,663016.0705706091
8206,657536.2018319629
8207,652051.5716140647
8208,646562.1808791335
8209,641068.0306103945
8210,635660.2719707433
8211,630352.525084844
8212,625040.192537491
8213,619723.2753541643
8214,614401.7745807032
8215,609211.4864407533
8216,604070.610204167
8217,598925.3181041694
8218,593775.6112242476
8219,588622.5691509348
8220,583647.721206302
8221,578668.6202509061
8222,573685.2674021848
8223,568697.6637966462
8224,563765.274349198
8225,558947.0993658155
8226,554124.8296510269
8227,549298.4663711457
8228,544468.0107109643
8229,539754.1842827271
8230,535087.8906237573
8231,530417.6550559521
8232,525743.4787900088
8233,521082.86659309035
8234,516567.60073843074
8235,512048.5392822052
8236,507525.683457893
8237,502999.0345162706
8238,498556.7164351012
8239,494184.0296533609
8240,489807.68966210145
8241,485427.6977314004
8242,481047.6452299622
8243,476816.683144144
8244,472582.204010639
8245,468344.2091160616
8246,464102.69976320746
8247,459938.74527175317
8248,455841.6170840051
8249,451741.1044833071
8250,447637.2087858817
8251,443542.18940961524
8252,439578.0428856399
8253,435610.63863032643
8254,431639.97797088325
8255,427666.06224965234
8256,423783.3555923404
8257,419944.82222169556
8258,416103.1546291345
8259,412258.35416521406
8260,408449.22375796083
8261,404735.45612210425
8262,401018.6720895416
8263,397298.8730169032
8264,393576.0602749618
8265,389974.1633239454
8266,386378.28175194847
8267,382779.4987605398
8268,379177.8157241026
8269,375652.41860773927
8270,372173.58286929736
8271,368691.95526514243
8272,365207.5371713941
8273,361761.57606617815
8274,358396.05018979707
8275,355027.83807338995
8276,351656.9410930766
8277,348292.89461571985
8278,345037.05958323454
8279,341778.64014280296
8280,338517.6376689163
8281,335254.0535484026
8282,332087.91176899674
8283,328935.7756851894
8284,325781.1547332542
8285,322624.05029643275
8286,319539.85425716906
8287,316490.60221597174
8288,313438.9599326712
8289,310384.9287855248
8290,307384.1016084061
8291,304434.4409190473
8292,301482.4811960022
8293,298528.2238112412
8294,295611.85411243385
8295,292758.59542720823
8296,289903.12561680726
8297,287045.4460456788
8298,284214.31497994106
8299,281454.369112975
8300,278692.2968432398
8301,275928.09952652466
8302,273182.70613753545
8303,270513.0809795427
8304,267841.41106513736
8305,265167.6977403901
8306,262508.2827106185
8307,259926.08023682478
8308,257341.91168332993
8309,254755.77838552214
8310,252182.34627449626
8311,249684.75964298836
8312,247185.28274173642
8313,244683.9168945589
8314,242196.25694980065
8315,239780.56768761025
8316,237363.06119837126
8317,234943.73879349465
8318,232541.44441407188
8319,230205.019688425
8320,227866.84810733903
8321,225526.93096905324
8322,223221.86121995366
8323,221005.27780422158
8324,218787.04755697245
8325,216567.17173754072
8326,214345.65161349028
8327,212122.48846059866
8328,209929.68591126267
8329,207823.7525221106
8330,205716.2691880652
8331,203607.23714557552
8332,201496.65763887434
8333,199384.53191998493
8334,197305.86202850836
8335,195305.15840902878
8336,193302.99632650358
8337,191299.37699334478
8338,189294.30162932325
8339,187287.77146158525
8340,185324.12720076347
8341,183423.49365903653
8342,181521.48801890275
8343,179618.1114677439
8344,177713.36519992095
8345,175807.250416757
8346,173958.67824843706
8347,172153.20336326826
8348,170346.4379000155
8349,168538.3830202217
8350,166729.03989203213
8351,164918.40969017986
8352,163184.22323072044
8353,161469.23212664784
8354,159753.0273794695
8355,158035.61012422916
8356,156316.9815022005
8357,154603.83977287158
8358,152976.0250884465
8359,151347.0682541756
8360,149716.9703721623
8361,148085.73255040884
8362,146453.3559028184
8363,144856.0214613524
8364,143309.937720815
8365,141762.7803464143
8366,140214.5504131391
8367,138665.249001547
8368,137114.87719777453
8369,135634.6030133787
8370,134170.9543081438
8371,132706.29986670482
8372,131240.64073319396
8373,129773.97795700053
8374,128306.31259275805
8375,126914.85897721698
8376,125529.32463874399
8377,124142.84838212209
8378,122755.43122062407
8379,121367.07417247388
8380,119985.38173761356
8381,118674.74662097414
8382,117363.22858117252
8383,116050.82859605055
8384,114737.54764811293
8385,113423.38672451465
8386,112133.33658862974
8387,110892.77465048952
8388,109651.3861685718
8389,108409.17209039012
8390,107166.13336784106
8391,105922.27095720718
8392,104722.20415768708
8393,103548.03268733699
8394,102373.08763778958
8395,101197.36992646183
8396,100020.88047489092
8397,98843.62020874115
8398,97731.48779332379
8399,96620.21431944275
8400,95508.21701369168
8401,94395.49676368223
8402,93282.05446090954
8403,92192.33120756614
8404,91141.32180815666
8405,90089.63443900945
8406,89037.26995464497
8407,87984.22921323011
8408,86930.51307658384
8409,85927.09094674794
8410,84932.48327124641
8411,83937.24151700572
8412,82941.36650972698
8413,81944.8590785471
8414,80968.16782012896
8415,80027.58042033591
8416,79086.39935015916
8417,78144.62540370571
8418,77202.25937830696
8419,76259.30207451922
8420,75365.74644635657
8421,74475.72607708811
8422,73585.15073610262
8423,72694.02118981205
8424,71802.33820766433
8425,70937.84724453193
8426,70096.24118916238
8427,69254.11574061317
8428,68411.47163526768
8429,67568.30961235684
8430,66734.8301996252
8431,65939.03763699142
8432,65142.75907149654
8433,64345.99521037672
8434,63548.74676354296
8435,62751.01444358563
8436,61995.31341103399
8437,61242.41679891409
8438,60489.0661948876
8439,59735.26228043814
8440,58981.00573956599
8441,58256.39860881057
8442,57544.54986978751
8443,56832.276507534094
8444,56119.57917599299
8445,55406.45853146512
8446,54713.77844247697
8447,54040.76748897082
8448,53367.35946122603
8449,52693.554986515905
8450,52019.354694331014
8451,51359.11260085309
8452,50722.846835841076
8453,50086.20983458922
8454,49449.202198569146
8455,48811.82453133619
8456,48184.2513435728
8457,47582.74949492802
8458,46980.90063945904
8459,46378.705353691155
8460,45776.16421610481
8461,45181.248671557645
8462,44612.63494569302
8463,44043.69693031304
8464,43474.43517783905
8465,42904.85024252269
8466,42343.1180426704
8467,41808.8988012489
8468,41274.37842327878
8469,40739.557434649214
8470,40204.43636295781
8471,39669.01573751082
8472,39158.2518088908
8473,38656.08888154766
8474,38153.64688051714
8475,37650.92630785937
8476,37147.927667223135
8477,36654.20207036057
8478,36182.45840147984
8479,35710.45571216441
8480,35238.19448001629
8481,34765.675184118045
8482,34292.89830503457
8483,33847.201859678236
8484,33403.81375524624
8485,32960.185753007856
8486,32516.318308535196
8487,32072.211878778257
8488,31644.14179312941
8489,31227.651758586075
8490,30810.93917996137
8491,30394.004490335054
8492,29976.848124069533
8493,29567.227487662392
8494,29176.02087303214
8495,28784.607863208043
8496,28392.98886976161
8497,28001.164305461425
8498,27610.550700849126
8499,27243.108742404056
8500,26875.475413655568
8501,26507.651105620258
8502,26139.6362104288
8503,25771.431121321617
8504,25423.252592612833
8505,25077.969387217472
8506,24732.50915936952
8507,24386.87228148441
8508,24041.059127011347
8509,23710.949667351462
8510,23386.672047893924
8511,23062.230385926592
8512,22737.625035040768
8513,22412.856349790465
8514,22100.86532445561
8515,21796.32877273058
8516,21491.640247540745
8517,21186.80008451226
8518,20881.808620164265
8519,20587.83907583458
8520,20301.854382621532
8521,20015.728935761555
8522,19729.46305373967
8523,19443.05705587052
8524,19166.888825482736
8525,18898.33765447396
8526,18629.656158030277
8527,18360.84463828844
8528,18091.903398157137
8529,17833.213534320563
8530,17581.04424443085
8531,17328.75431954294
8532,17076.344046208767
8533,16823.81371169847
8534,16582.19451718187
8535,16345.418228361652
8536,16108.530307489395
8537,15871.531026265631
8538,15634.4206570575
8539,15409.395556004956
8540,15187.08244453019
8541,14964.666063423949
8542,14742.146670239194
8543,14519.524523146027
8544,14310.561994008744
8545,14101.83780401838
8546,13893.018110149938
8547,13684.10315648232
8548,13477.48767479499
8549,13281.61895815762
8550,13085.661716958079
8551,12889.616181916446
8552,12693.482584285148
8553,12502.550096150135
8554,12318.66884136674
8555,12134.7057667391
8556,11950.661090819334
8557,11766.53503265389
8558,11590.607975652008
8559,11417.988161583766
8560,11245.2927499985
8561,11072.521947872052
8562,10900.035663054061
8563,10738.064792369636
8564,10576.023901896644
8565,10413.91318717539
8566,10251.732844172493
8567,10093.873024512213
8568,9942.700281184289
8569,9791.463253183352
8570,9640.1621245551
8571,9488.79707973789
8572,9341.30528607259
8573,9200.263613209025
8574,9059.162962048866
8575,8918.003505721746
8576,8776.785417717725
8577,8639.2296126889
8578,8507.694087162723
8579,8376.104491858161
8580,8244.460989538478
8581,8112.763743298261
8582,7984.689030378628
8583,7862.074277023796
8584,7739.409993270725
8585,7616.696332039521
8586,7493.933446555215
8587,7374.868769931209
8588,7260.626535622938
8589,7146.338967864589
8590,7032.006210231264
8591,6917.628406578468
8592,6807.09223535038
8593,6700.709113502762
8594,6594.284537551121
8595,6487.8186421993
8596,6381.311562407614
8597,6278.816662642835
8598,6179.8119592562825
8599,6080.769386591016
8600,5981.6890709286645
8601,5882.571138785748
8602,5787.628524104129
8603,5695.552257064973
8604,5603.441432503011
8605,5511.29616870406
8606,5419.116584169376
8607,5331.238723263825
8608,5245.669747140065
8609,5160.069272112878
8610,5074.437408877394
8611,4988.774268326007
8612,4907.477615879353
8613,4828.02186497595
8614,4748.537439171285
8615,4669.024441954071
8616,4589.482976992592
8617,4514.28988254916
8618,4440.5787254828565
8619,4366.841500102949
8620,4293.078303055123
8621,4219.289231148761
8622,4149.686560775689
8623,4081.3197618686954
8624,4012.929280522879
8625,3944.5152069585833
8626,3876.077631545574
8627,3811.8152296270773
8628,3748.4067551695616
8629,3684.976776677992
8630,3621.5253783592425
8631,3558.052644556508
8632,3498.93134093013
8633,3440.1229769346646
8634,3381.2950972452804
8635,3322.4477804421845
8636,3263.9065526495683
8637,3209.3836749778925
8638,3154.8430226677565
8639,3100.2846689218945
8640,3045.7086870563135
8641,2992.1769537543005
8642,2941.611684784386
8643,2891.030300939357
8644,2840.4328705085927
8645,2789.819461884112
8646,2741.036307098139
8647,2694.1425800802417
8648,2647.2342516942776
8649,2600.3113856344453
8650,2553.374045688177
8651,2509.0758519494225
8652,2465.5882171663256
8653,2422.087360649262
8654,2378.573341795758
8655,2335.2855502466027
8656,2294.969710643262
8657,2254.641851127772
8658,2214.302027003959
8659,2173.9502936527906
8660,2134.8572187961713
8661,2097.4714442000322
8662,2060.0747984839695
8663,2022.6673332048333
8664,1985.2490999897468
8665,1950.078257618258
8666,1915.410566839617
8667,1880.7330509744588
8668,1846.0457580782388
8669,1811.9727459747
8670,1779.835358399938
8671,1747.6890530780022
8672,1715.5338747350957
8673,1683.3698681553863
8674,1652.8846872824283
8675,1623.0853006646287
8676,1593.2778655104946
8677,1563.4624234957514
8678,1534.1054669813093
8679,1506.4821040551985
8680,1478.8514443110466
8681,1451.213526527863
8682,1423.5683895323384
8683,1397.4517120007729
8684,1371.8392892105746
8685,1346.2202908329532
8686,1320.5947529909117
8687,1295.6771055126499
8688,1272.2359713609226
8689,1248.7889588133628
8690,1225.3361010486815
8691,1201.8774312842152
8692,1178.7677937396493
8693,1157.3094404567446
8694,1135.845865833236
8695,1114.3771003742374
8696,1092.9031746192547
8697,1071.5600317171509
8698,1051.917752769307
8699,1032.2708408942556
8700,1012.6193241336878
8701,992.9632305597671
8702,973.3305489333696
8703,955.3515670666817
8704,937.3684788911004
8705,919.38131017891
8706,901.3900867294966
8707,883.4009159418857
8708,866.9452267657492
8709,850.485902291083
8710,834.0229661999333
8711,817.5564421985448
8712,801.1359279057949
8713,786.0752388466876
8714,771.0113354807158
8715,755.944239565239
8716,740.8739728790744
8717,725.9418637812814
8718,712.1586205955325
8719,698.372539123611
8720,684.5836393509427
8721,670.7919412818673
8722,657.2646611300122
8723,644.6511547998501
8724,632.0351457902549
8725,619.4166524556103
8726,606.7956931670273
8727,594.5880399721628
8728,583.0455873926725
8729,571.5009314391982
8730,559.9540889650532
8731,548.4050768384246
8732,537.4316034065596
8733,526.8697958084819
8734,516.3060515508446
8735,505.7403861058872
8736,495.1728149589655
8737,485.34893782334296
8738,475.6849513695214
8739,466.01926572575934
8740,456.35189509384105
8741,446.7662668982232
8742,437.92573131696577
8743,429.0836947642229
8744,420.2401702630194
8745,411.3951708466217
8746,402.8661983897324
8747,394.7779252906734
8748,386.68834002528405
8749,378.59745454333955
8750,370.5052808035523
8751,362.9495585031732
8752,355.5499111496354
8753,348.1491192878201
8754,340.7471938807151
8755,333.45039074437335
8756,326.6820889606047
8757,319.9127813425768
8758,313.1424779392468
8759,306.37118880648404
8760,299.9464690724456
8761,293.7549920336634
8762,287.5626417725033
8763,281.36942750511014
8764,275.2095596545672
8765,269.54679813146726
8766,263.88327233254626
8767,258.21899070337156
8768,252.55396169480593
8769,247.1641557969824
8770,241.98448363326725
8771,236.80415168527597
8772,231.62316769616123
8773,226.48822110799665
8774,221.7512393195588
8775,217.0136829379083
8776,212.27555905693745
8777,207.53687477456435
8778,203.07356909831174
8779,198.74110196703188
8780,194.4081422237802
8781,190.07469637037735
8782,185.84669652037223
8783,181.8848260117981
8784,177.9225291507221
8785,173.95981189225708
8786,169.99668019454248
8787,166.34825097623784
8788,162.72504092644283
8789,159.10146853191176
8790,155.4775392490042
8791,152.0397677968369
8792,148.72674677488962
8793,145.41341462553808
8794,142.09977634505933
8795,138.8727276274342
8796,135.8434499819952
8797,132.81390633155868
8798,129.78410125057565
8799,126.76536561491527
8800,123.99563067915318
8801,121.22566943017915
8802,118.45548605574372
8803,115.68508474528235
8804,113.10835399599203
8805,110.5758249016471
8806,108.0431081843225
8807,105.51020767877148
8808,103.11115085716342
8809,100.7957856903114
8810,98.48026313172807
8811,96.16458669111128
8812,93.937877618502
8813,91.82113097120038
8814,89.70425336818676
8815,87.58724802128418
8816,85.52655979830152
8817,83.59146328627126
8818,81.65625888547542
8819,79.7209495348183
8820,77.81922434283084
8821,76.05025309156224
8822,74.28119403073258
8823,72.51204984922003
8824,70.7617241566066
8825,69.14467453944204
8826,67.52755454519402
8827,65.9103666337008
8828,64.30376825346212
8829,62.828447732528765
8830,61.353072030650196
8831,59.87764339361225
8832,58.4021640676749
8833,57.051776143603234
8834,55.70576927639805
8835,54.35972235506209
8836,53.013637430107764
8837,51.77227327274253
8838,50.54433587493931
8839,49.31636945487979
8840,48.08837588417197
8841,46.9504718448541
8842,45.83028746703485
8843,44.71008347376533
8844,43.58986157316096
8845,42.54967383892949
8846,41.52782380369934
8847,40.50596213394179
8848,39.484090388389866
8849,38.53580084127073
8850,37.60368644280779
8851,36.671567141772265
8852,35.73944436042024
8853,34.87724616214931
8854,34.027017578662004
8855,33.1767897325784
8856,32.32656392148279
8857,31.54472986731101
8858,30.76922120979549
8859,29.993717976868933
8860,29.21849586286801
8861,28.511157630293702
8862,27.80382760028741
8863,27.096506852540443
8864,26.396617863756642
8865,25.75148410312983
8866,25.10636177724984
8867,24.46125187085642
8868,23.830960061163353
8869,23.242581326844128
8870,22.654216627162725
8871,22.065866860155232
8872,21.49971019580759
8873,20.963112554820743
8874,20.426531001885547
8875,19.889966355877828
8876,19.38276802880086
8877,18.893411737966886
8878,18.404073117803442
8879,17.914752914921063
8880,17.46162705838103
8881,17.01536881724294
8882,16.569129425261195
8883,16.12622300238901
8884,15.719262412255558
8885,15.312320883739954
8886,14.905399037369072
8887,14.511120217727711
8888,14.14002487936094
8889,13.768949196532729
8890,13.397893734834105
8891,13.04791998474081
8892,12.709540990366893
8893,12.371181991791893
8894,12.03284350447754
8895,11.729031717785261
8896,11.426604171045875
8897,11.124196349512301
8898,10.821808713602103
8899,10.534281070802434
8900,10.264056275914184
8901,9.993850762053615
8902,9.723664940331757
8903,9.453499221761755
8904,9.211769337204043
8905,8.970405433599558
8906,8.7290605991378
8907,8.487735200675553
8908,8.26030118612709
8909,8.044766329710557
8910,7.82924982214937
8911,7.613751990761865
8912,7.400875922453203
8913,7.208469761853826
8914,7.016081159487774
8915,6.823710407277591
8916,6.631357797052328
8917,6.453661629944729
8918,6.2819805160107824
8919,6.1103163820296045
8920,5.93866948815204
8921,5.7730727792951155
8922,5.619929823890364
8923,5.466802952223026
8924,5.313692396096789
8925,5.160598387227809
8926,5.023442680617937
8927,4.886908874734267
8928,4.750390451697959
8929,4.613887617868336
8930,4.486537954395057
8931,4.364854902496794
8932,4.243186304410933
8933,4.121532343815965
8934,4.003712167326252
8935,3.895318564615871
8936,3.786938499784728
8937,3.67857213622966
8938,3.570219637272213
8939,3.475922112742306
8940,3.382012469970857
8941,3.288115273358024
8942,3.194230664212086
8943,3.100358783771637
8944,3.013863374698875
8945,2.932507378515686
8946,2.8511627857330315
8947,2.7698297185344636
8948,2.6885082990387184
8949,2.609964239430252
8950,2.5394881331157433
8951,2.469022442839432
8952,2.398567274228808
8953,2.3281227328519147
8954,2.257688924217235
8955,2.1963709018264286
8956,2.135332970889587
8957,2.074304619174767
8958,2.0132859379258483
8959,1.9522770183318858
8960,1.8972507812042672
8961,1.8443825134566718
8962,1.7915229455083905
8963,1.7386721562080176
8964,1.6858302243541397
8965,1.636848523173291
8966,1.5910592600725042
8967,1.5452778804100897
8968,1.4995044523105043
8969,1.4537390438529725
8970,1.410457820758831
8971,1.3708021194057372
8972,1.331153547099492
8973,1.2915121626882013
8974,1.2518780249791446
8975,1.2138941815212245
8976,1.1795525334258916
8977,1.145217320030391
8978,1.1108885921603913
8979,1.0765664006043816
8980,1.0434460996211954
8981,1.0137082022094694
8982,0.9839761026780772
8983,0.9542498449156439
8984,0.9245294727772259
8985,0.8958527508648177
8986,0.8701957585814137
8987,0.8445439631914811
8988,0.8188974024497512
8989,0.7932561140809421
8990,0.7681786065969199
8991,0.7460438607879828
8992,0.7239137662033927
8993,0.7017883553152229
8994,0.6796676605687558
8995,0.6578793927960153
8996,0.6387845204207591
8997,0.6196938050836398
8998,0.6006072747080896
8999,0.5815249571934398
9000,0.5627122971194937
9001,0.5462408210113906
9002,0.5297730554145266
9003,0.5133090243362787
9004,0.4968487517624812
9005,0.48070441799321434
9006,0.46649677832393716
9007,0.4522924465542106
9008,0.438091443320616
9009,0.4238937892405921
9010,0.41012370494490463
9011,0.39786950075137545
9012,0.3856182421460284
9013,0.3733699468646075
9014,0.3611246326258597
9015,0.34945237390601025
9016,0.3388836593540247
9017,0.32831756492829783
9018,0.31775410586866454
9019,0.3071932973997683
9020,0.2973627278644867
9021,0.2882482202600564
9022,0.27913604090533084
9023,0.2700262028929563
9024,0.26091871930207505
9025,0.25269527646710627
9026,0.24483535235523232
9027,0.23697749513810154
9028,0.22912171606152562
9029,0.22126802635936837
9030,0.21443902416823513
9031,0.2076613965826228
9032,0.20088560220132
9033,0.19411165068198452
9034,0.18755941411477492
9035,0.18171378228330926
9036,0.17586976667936852
9037,0.17002737560449097
9038,0.16418661735088189
9039,0.15879449580635063
9040,0.15375435342944094
9041,0.14871564234999302
9042,0.14367836969469072
9043,0.13864254258198075
9044,0.13424182459715575
9045,0.12989643542181267
9046,0.1255523127725348
9047,0.12120946276626036
9048,0.11705757827759752
9049,0.11331027895079981
9050,0.10956409424817481
9051,0.10581902942534926
9052,0.10207508973154744
9053,0.09871848466429405
9054,0.09548808038285836
9055,0.09225866109417236
9056,0.08903023130762296
9057,0.08590285395598896
9058,0.08311734059553647
9059,0.08033269319680972
9060,0.0775489156331084
9061,0.07476601177276859
9062,0.072263206292643
9063,0.06986218085340844
9064,0.06746191972413304
9065,0.06506242622696659
9066,0.06275453259761309
9067,0.06068437133177167
9068,0.05861488137259688
9069,0.05654606557278372
9070,0.0544779267811879
9071,0.05265195030983056
9072,0.05086772737883113
9073,0.04908409627954837
9074,0.04730105945787338
9075,0.045632142298856336
9076,0.04409393112402025
9077,0.04255623930586564
9078,0.0410190689440301
9079,0.03950572654955618
9080,0.03817966418296284
9081,0.0368540574023266
9082,0.03552890800980985
9083,0.03420421780498208
9084,0.033022891082826675
9085,0.03188016703886099
9086,0.030737844041791227
9087,0.029595923635968795
9088,0.028532443935599165
9089,0.027547414207260555
9090,0.026562736001707568
9091,0.025578410644090357
9092,0.024627103898955435
9093,0.02377804323357516
9094,0.022929290577841228
9095,0.022080847068661393
9096,0.02123470875082368
9097,0.02050287976918394
9098,0.01977132058131924
9099,0.019040032162504893
9100,0.01830901548648492
9101,0.017660542897318846
9102,0.01703002215136864
9103,0.01639973848568831
9104,0.015769692735446133
9105,0.015196696453550282
9106,0.014653282273864305
9107,0.014110075612958586
9108,0.013567077187041893
9109,0.013063345936943487
9110,0.012595024204387949
9111,0.012126884060454621
9112,0.01165892611925436
9113,0.011218184557676432
9114,0.010814595390691854
9115,0.010411165075664652
9116,0.010007894139088513
9117,0.009623989843617302
9118,0.009276200223298881
9119,0.008928549525461274
9120,0.008581038201420442
9121,0.008248070664302934
9122,0.007948378255414746
9123,0.007648807306083694
9124,0.007349358203126003
9125,0.007061763406030379
9126,0.006803527301930543
9127,0.0065453973608077835
9128,0.006287373914149618
9129,0.006039975249803327
9130,0.005817469953115116
9131,0.005595057424732438
9132,0.005372737948686962
9133,0.00516077198711798
9134,0.004969061442233966
9135,0.00477743194008278
9136,0.004585883723999849
9137,0.00440500749501396
9138,0.004239836423945955
9139,0.004074736134273095
9140,0.003909706834435028
9141,0.0037559918320088925
9142,0.0036136920011133142
9143,0.0034714539743205303
9144,0.0033292779301527828
9145,0.0031991948713565657
9146,0.0030766042411281926
9147,0.0029540675633408743
9148,0.002831584990870302
9149,0.0027219824265696806
9150,0.002616375417027085
9151,0.0025108154946828724
9152,0.002405302790431966
9153,0.00231338192215045
9154,0.0022224092683647352
9155,0.0021314777006709185
9156,0.002042273665496575
9157,0.001963874801129206
9158,0.0018855116823996406
9159,0.001807184405421253
9160,0.0017327428969178703
9161,0.0016652130258045746
9162,0.0015977143323698717
9163,0.001530246898873601
9164,0.001468422638618209
9165,0.001410257207932591
9166,0.0013521189648263365
9167,0.0012940079796922898
9168,0.0012429316922240217
9169,0.0011928340911865482
9170,0.0011427601932584614
9171,0.0010939261707194094
9172,0.0010507584286292373
9173,0.0010076112958401844
9174,0.0009644848239874383
9175,0.0009243244137335155
9176,0.0008871469355952633
9177,0.0008499874188400953
9178,0.0008128459076353459
9179,0.0007800145591256282
9180,0.0007479973335991702
9181,0.0007159957586136997
9182,0.0006851613294721331
9183,0.0006586391700172663
9184,0.0006321300881280713
9185,0.0006056341149293746
9186,0.0005791512814757057
9187,0.0005551459478798616
9188,0.0005332004826681954
9189,0.0005112659938934206
9190,0.0004893425070795908
9191,0.0004674300476918763
9192,0.0004489526257596314
9193,0.00043079703463728215
9194,0.00041265065274670096
9195,0.0003945135010114802
9196,0.0003773797785533098
9197,0.00036235444188200436
9198,0.00034733681147706383
9199,0.0003323269045256927
9200,0.00031732473817409315
9201,0.00030427738188624993
9202,0.00029185116368439116
9203,0.0002794314061649328
9204,0.00026701812340754205
9205,0.00025510328547270934
9206,0.0002448231819745325
9207,0.00023454848111189938
9208,0.00022427919444277977
9209,0.00021401533349655488
9210,0.00020504892271528178
9211,0.0001965504593855617
9212,0.0001880565219040639
9213,0.00017956711973181167
9214,0.0001714768208774364
9215,0.00016444900534618822
9216,0.00015742497177801808
9217,0.00015040472793395322
9218,0.00014338828155517947
9219,0.00013738263582227482
9220,0.0001315754498193208
9221,0.00012577142939997781
9222,0.00011997058091195898
9223,0.00011460403190686336
9224,0.00010980406007893905
9225,0.00010500673150443784
9226,0.0001002120513864502
9227,9.547421077132211e-05
9228,9.162111861514435e-05
9229,8.77701696880567e-05
9230,8.392136813139433e-05
9231,8.007471807535144e-05
9232,7.623022363893936e-05
9233,7.311302200601417e-05
9234,7.002366989922685e-05
9235,6.693606186162937e-05
9236,6.385020117080771e-05
9237,6.07660910953158e-05
9238,5.823694068982773e-05
9239,5.575873216766363e-05
9240,5.328193980209727e-05
9241,5.0806566193345065e-05
9242,4.833261393433157e-05
9243,4.630244711140757e-05
9244,4.4314616968349805e-05
9245,4.2327936438742484e-05
9246,4.034240758480578e-05
9247,3.83580324628733e-05
9248,3.6745438854791775e-05
9249,3.5151058671830865e-05
9250,3.3557611501367084e-05
9251,3.1965098978459695e-05
9252,3.0385646261316046e-05
9253,2.910616923935042e-05
9254,2.7827447959915557e-05
9255,2.654948372283161e-05
9256,2.5272277824072424e-05
9257,2.4036921165168898e-05
9258,2.301081795291635e-05
9259,2.1985327828801158e-05
9260,2.0960451822818667e-05
9261,1.9936190961852268e-05
9262,1.897895593557451e-05
9263,1.8156104607784905e-05
9264,1.7333750527405003e-05
9265,1.6511894510359564e-05
9266,1.5690537370064686e-05
9267,1.4956314341346879e-05
9268,1.4296497093206282e-05
9269,1.3637083048800697e-05
9270,1.2978072854267119e-05
9271,1.231946715372063e-05
9272,1.1762669263160369e-05
9273,1.1233617572190216e-05
9274,1.0704892755484506e-05
9275,1.0176495324555825e-05
9276,9.656113010575275e-06
9277,9.23167365368973e-06
9278,8.807498827787149e-06
9279,8.383588938987692e-06
9280,7.959944392098048e-06
9281,7.5697384517048055e-06
9282,7.229457309599134e-06
9283,6.889390536457966e-06
9284,6.549538453592483e-06
9285,6.209901381252606e-06
9286,5.9212697221005754e-06
9287,5.648476976149318e-06
9288,5.375857912723912e-06
9289,5.103412785947675e-06
9290,4.839980649776104e-06
9291,4.621164406009339e-06
9292,4.402488649836836e-06
9293,4.183953582862022e-06
9294,3.965559405997846e-06
9295,3.7731283601745713e-06
9296,3.5977308838563276e-06
9297,3.4224471884788973e-06
9298,3.2472774333868137e-06
9299,3.074925961739378e-06
9300,2.934248511816135e-06
9301,2.7936630683331447e-06
9302,2.653169757635322e-06
9303,2.512768705620343e-06
9304,2.3886540303800895e-06
9305,2.275903707729305e-06
9306,2.163227874053941e-06
9307,2.0506266291484737e-06
9308,1.9410721351596633e-06
9309,1.8506501605392203e-06
9310,1.7602884018605938e-06
9311,1.6699869382071914e-06
9312,1.579745848371953e-06
9313,1.5021978889452087e-06
9314,1.4297346935371402e-06
9315,1.3573202321351297e-06
9316,1.2849545671603556e-06
9317,1.217303041375986e-06
9318,1.1591959218298348e-06
9319,1.1011281868515687e-06
9320,1.0430998858790037e-06
9321,9.851110681620277e-07
9322,9.382582452917712e-07
9323,8.916970972897793e-07
9324,8.45167813117472e-07
9325,7.986704317682016e-07
9326,7.581965743014847e-07
9327,7.20863665408445e-07
9328,6.835565001557857e-07
9329,6.462751094077206e-07
9330,6.117312976085893e-07
9331,5.817990395031597e-07
9332,5.518875777682883e-07
9333,5.219969368267565e-07
9334,4.928115467481866e-07
9335,4.688140039953214e-07
9336,4.448332590036974e-07
9337,4.20869331093617e-07
9338,3.969222395069331e-07
9339,3.7718615865575686e-07
9340,3.5796110802213255e-07
9341,3.387496389920366e-07
9342,3.1955176678178645e-07
9343,3.030086090632545e-07
9344,2.8759684899257715e-07
9345,2.7219605620794987e-07
9346,2.5680624273868823e-07
9347,2.430588940284979e-07
9348,2.3070462516760248e-07
9349,2.1835921145059178e-07
9350,2.0602266238439502e-07
9351,1.9468643930067605e-07
9352,1.847835470268885e-07
9353,1.7488780368266678e-07
9354,1.6499921677912345e-07
9355,1.557166335606334e-07
9356,1.477790667926085e-07
9357,1.3984727082374525e-07
9358,1.3192125158640762e-07
9359,1.2436958911955805e-07
9360,1.1800759606513489e-07
9361,1.1165026081287207e-07
9362,1.0529758804664333e-07
9363,9.919171685251781e-08
9364,9.409278059580319e-08
9365,8.899760337804981e-08
9366,8.390618889617283e-08
9367,7.899837149995199e-08
9368,7.491191672557136e-08
9369,7.082849531076096e-08
9370,6.674811017243533e-08
9371,6.282598126771388e-08
9372,5.9551106775332914e-08
9373,5.6278679783460674e-08
9374,5.300870259278524e-08
9375,4.989224567210297e-08
9376,4.7267884521179405e-08
9377,4.4645497947217036e-08
9378,4.202508776418453e-08
9379,3.956315546194825e-08
9380,3.7460182734476944e-08
9381,3.5358802869361214e-08
9382,3.325901729628211e-08
9383,3.1325750550447986e-08
9384,2.9640653550832632e-08
9385,2.7956841352210864e-08
9386,2.627431508094999e-08
9387,2.476568179711474e-08
9388,2.3415483621753093e-08
9389,2.2066321655537436e-08
9390,2.0718196785521594e-08
9391,1.954877801539348e-08
9392,1.8466966510270956e-08
9393,1.7385990633997273e-08
9394,1.6305851084875205e-08
9395,1.5405940037611654e-08
9396,1.4539203185385648e-08
9397,1.3673140138374786e-08
9398,1.2815724005878793e-08
9399,1.2120789294571924e-08
9400,1.1426397412488998e-08
9401,1.07325487941672e-08
9402,1.0076320914845702e-08
9403,9.51958998590777e-09
9404,8.963296683932274e-09
9405,8.407441350583834e-09
9406,7.909036277823053e-09
9407,7.463042678496805e-09
9408,7.017401856927384e-09
9409,6.572114081632696e-09
9410,6.196882230643492e-09
9411,5.839614368934456e-09
9412,5.4826308584159e-09
9413,5.1327188636356556e-09
9414,4.846308434060768e-09
9415,4.560127012296279e-09
9416,4.274174764924918e-09
9417,4.01201882710961e-09
9418,3.782604407125191e-09
9419,3.553374542731231e-09
9420,3.3243293646695403e-09
9421,3.1299364356714423e-09
9422,2.9461832085628567e-09
9423,2.762578698960172e-09
9424,2.5840501834330034e-09
9425,2.436756222389122e-09
9426,2.2895820076322914e-09
9427,2.1425276200686707e-09
9428,2.0108854625776283e-09
9429,1.892916870245167e-09
9430,1.7750447545567208e-09
9431,1.6572691789153913e-09
9432,1.5614549361206262e-09
9433,1.4669769660294977e-09
9434,1.3725767174931079e-09
9435,1.2876123275674786e-09
9436,1.2177351207012334e-09
9437,1.1479156500659902e-09
9438,1.0781539517669189e-09
9439,1.0084500616714938e-09
9440,9.448421622979302e-10
9441,8.933232918400635e-10
9442,8.418472978695521e-10
9443,7.9041420623885e-10
9444,7.390240426253843e-10
9445,6.91699982463448e-10
9446,6.537801168874488e-10
9447,6.15892036459196e-10
9448,5.780357596406865e-10
9449,5.402113047652627e-10
9450,5.051926378020031e-10
9451,4.773340519785223e-10
9452,4.494989833896358e-10
9453,4.2168744518140227e-10
9454,3.938994504055075e-10
9455,3.681057971950994e-10
9456,3.476810959649684e-10
9457,3.272737574778091e-10
9458,3.0688379106504054e-10
9459,2.8651120598875635e-10
9460,2.67583882739883e-10
9461,2.5264361879467844e-10
9462,2.3771614343666434e-10
9463,2.2280146326653672e-10
9464,2.078995848342503e-10
9465,1.940501481393518e-10
9466,1.8314941666446323e-10
9467,1.7225808000745076e-10
9468,1.6137614281961894e-10
9469,1.505036097154049e-10
9470,1.4038789852222684e-10
9471,1.3245700453175327e-10
9472,1.245329921590783e-10
9473,1.1661586466822702e-10
9474,1.087056252963991e-10
9475,1.0132148052563352e-10
9476,9.556952923562897e-11
9477,8.982260237833336e-11
9478,8.408070223371542e-11
9479,7.834383106226021e-11
9480,7.294958562853456e-11
9481,6.879265718489952e-11
9482,6.463938398252191e-11
9483,6.048976760588729e-11
9484,5.6343809625435976e-11
9485,5.2394320905393524e-11
9486,4.940199492790065e-11
9487,4.6412317406472286e-11
9488,4.342528943605295e-11
9489,4.044091210150129e-11
9490,3.753781170561702e-11
9491,3.539127869887596e-11
9492,3.324665788183977e-11
9493,3.1103950007152786e-11
9494,2.896315582024498e-11
9495,2.6826417369323693e-11
9496,2.5286722103047374e-11
9497,2.374840724426092e-11
9498,2.221147330926558e-11
9499,2.0675920809187538e-11
9500,1.914175024997527e-11
9501,1.8019385128952326e-11
9502,1.6916046550041603e-11
9503,1.5813704698806418e-11
9504,1.4712359924907192e-11
9505,1.3612012574310241e-11
9506,1.2806666691422598e-11
9507,1.2015366039708999e-11
9508,1.1224784709467711e-11
9509,1.0434922939310014e-11
9510,9.645780965198312e-12
9511,9.077564961258171e-12
9512,8.510093939694274e-12
9513,7.943141969038854e-12
9514,7.37670921166934e-12
9515,6.824103442878802e-12
9516,6.41680292481861e-12
9517,6.009876783328063e-12
9518,5.603325129926699e-12
9519,5.197148074773892e-12
9520,4.815326933958434e-12
9521,4.523275517619154e-12
9522,4.231494177630882e-12
9523,3.939982989447395e-12
9524,3.648742027550619e-12
9525,3.388690683418961e-12
9526,3.1792919916872697e-12
9527,2.9700881079858598e-12
9528,2.761079083175898e-12
9529,2.5522649674227674e-12
9530,2.378032471335509e-12
9531,2.2279053414766798e-12
9532,2.077918709642406e-12
9533,1.9280726099713886e-12
9534,1.778367076106602e-12
9535,1.6638926496536914e-12
9536,1.5562671343901537e-12
9537,1.4487429349542495e-12
9538,1.3413200741516007e-12
9539,1.2378252927850923e-12
9540,1.1606011040640885e-12
9541,1.0834499513714854e-12
9542,1.006371850111609e-12
9543,9.293668154348591e-13
9544,8.6222462897995e-13
9545,8.068699564902915e-13
9546,7.515679391923998e-13
9547,6.963185872681766e-13
9548,6.411219107176319e-13
9549,5.986362969728497e-13
9550,5.589603915490744e-13
9551,5.193224430287883e-13
9552,4.797224580928324e-13
9553,4.4263281218671596e-13
9554,4.141692758506348e-13
9555,3.857330932114441e-13
9556,3.5732426870746853e-13
9557,3.289428066841957e-13
9558,3.0585080550128393e-13
9559,2.8545185650805094e-13
9560,2.6507262111189564e-13
9561,2.4471310217584836e-13
9562,2.2516609366099256e-13
9563,2.1053351444453377e-13
9564,1.9591513906767953e-13
9565,1.8131096940162308e-13
9566,1.667210072700843e-13
9567,1.5480136902914043e-13
9568,1.443159170514909e-13
9569,1.3384069936884818e-13
9570,1.2337571715851503e-13
9571,1.1350037138697087e-13
9572,1.0597977572405964e-13
9573,9.846655255161775e-14
9574,9.09607026201391e-14
9575,8.346222665592228e-14
9576,7.760594811713435e-14
9577,7.221746184465469e-14
9578,6.683428650388459e-14
9579,6.145642254840918e-14
9580,5.6678137658731596e-14
9581,5.281371392108071e-14
9582,4.895311530400105e-14
9583,4.5096342084487035e-14
9584,4.129116132370483e-14
9585,3.8519881517813106e-14
9586,3.5751356460893695e-14
9587,3.2985586316936954e-14
9588,3.0222571241103964e-14
9589,2.8023788022531114e-14
9590,2.6038515403704246e-14
9591,2.4055226604042557e-14
9592,2.207392170999262e-14
9593,2.033908562287737e-14
9594,1.891554477283247e-14
9595,1.7493432354661738e-14
9596,1.6072748412544187e-14
9597,1.4738704647287937e-14
9598,1.3774115066293078e-14
9599,1.281049739361409e-14
9600,1.1847851647114716e-14
9601,1.0886177841630725e-14
9602,9.952270717766733e-15
9603,9.299369454906534e-15
9604,8.647129419710055e-15
9605,7.995550614058778e-15
9606,7.344633037789025e-15
9607,6.672179232992716e-15
9608,5.3293253616462685e-15
9609,3.9878383656833816e-15
9610,2.6477182279949904e-15
9611,1.3089649272929975e-15
9612,3.9709786604368266e-91
9613,3.9654603460809216e-91
9614,3.959947678476374e-91
9615,3.9544406574595363e-91
9616,3.948939282849721e-91
9617,3.9434435544491876e-91
9618,3.93795347204326e-91
9619,3.9324690354003084e-91
9620,3.9269902442717706e-91
9621,3.921517098392244e-91
9622,3.916049597479479e-91
9623,3.9105877412344463e-91
9624,3.9051315293413096e-91
9625,3.89968096146754e-91
9626,3.89423603726391e-91
9627,3.88879675636455e-91
9628,3.8833631183869285e-91
9629,3.8779351229319755e-91
9630,3.8725127695840626e-91
9631,3.8670960579110306e-91
9632,3.861684987464268e-91
9633,3.856279557778727e-91
9634,3.850879768372952e-91
9635,3.8454856187491023e-91
9636,3.8400971083930333e-91
9637,3.8347142367743227e-91
9638,3.8293370033462354e-91
9639,3.823965407545878e-91
9640,3.818599448794139e-91
9641,3.8132391264957813e-91
9642,3.8078844400394393e-91
9643,3.8025353887976783e-91
9644,3.797191972127049e-91
9645,3.7918541893680866e-91
9646,3.78652203984535e-91
9647,3.781195522867496e-91
9648,3.775874637727299e-91
9649,3.770559383701637e-91
9650,3.7652497600516274e-91
9651,3.759945766022573e-91
9652,3.754647400844067e-91
9653,3.749354663729963e-91
9654,3.74406755387847e-91
9655,3.738786070472168e-91
9656,3.733510212678052e-91
9657,3.7282399796475235e-91
9658,3.7229753705165086e-91
9659,3.717716384405446e-91
9660,3.7124630204193016e-91
9661,3.7072152776476635e-91
9662,3.701973155164749e-91
9663,3.696736652029443e-91
9664,3.691505767285313e-91
9665,3.6862804999606916e-91
9666,3.6810608490687094e-91
9667,3.6758468136072605e-91
9668,3.6706383925591516e-91
9669,3.6654355848920473e-91
9670,3.6602383895585674e-91
9671,3.655046805496265e-91
9672,3.649860831627736e-91
9673,3.6446804668605923e-91
9674,3.6395057100875567e-91
9675,3.6343365601864286e-91
9676,3.6291730160201914e-91
9677,3.6240150764370337e-91
9678,3.618862740270329e-91
9679,3.6137160063387656e-91
9680,3.608574873446319e-91
9681,3.603439340382329e-91
9682,3.5983094059214677e-91
9683,3.5931850688238746e-91
9684,3.5880663278351327e-91
9685,3.582953181686332e-91
9686,3.5778456290940585e-91
9687,3.5727436687605067e-91
9688,3.567647299373479e-91
9689,3.5625565196063915e-91
9690,3.557471328118373e-91
9691,3.552391723554267e-91
9692,3.547317704544699e-91
9693,3.542249269706041e-91
9694,3.5371864176405476e-91
9695,3.5321291469363415e-91
9696,3.52707745616743e-91
9697,3.5220313438937926e-91
9698,3.516990808661399e-91
9699,3.511955849002251e-91
9700,3.5069264634343755e-91
9701,3.5019026504619356e-91
9702,3.496884408575237e-91
9703,3.4918717362507573e-91
9704,3.4868646319511603e-91
9705,3.4818630941254074e-91
9706,3.47686712120874e-91
9707,3.4718767116227025e-91
9708,3.46689186377524e-91
9709,3.4619125760606886e-91
9710,3.456938846859839e-91
9711,3.4519706745399423e-91
9712,3.4470080574547897e-91
9713,3.442050993944728e-91
9714,3.4370994823367043e-91
9715,3.4321535209442725e-91
9716,3.4272131080676923e-91
9717,3.4222782419939263e-91
9718,3.4173489209966626e-91
9719,3.412425143336402e-91
9720,3.407506907260469e-91
9721,3.4025942110030426e-91
9722,3.397687052785191e-91
9723,3.392785430814943e-91
9724,3.3878893432872914e-91
9725,3.382998788384259e-91
9726,3.3781137642748956e-91
9727,3.373234269115359e-91
9728,3.368360301048951e-91
9729,3.363491858206105e-91
9730,3.3586289387044816e-91
9731,3.353771540648987e-91
9732,3.3489196621318196e-91
9733,3.344073301232449e-91
9734,3.339232456017756e-91
9735,3.3343971245420006e-91
9736,3.3295673048468574e-91
9737,3.3247429949614905e-91
9738,3.3199241929025735e-91
9739,3.3151108966743345e-91
9740,3.3103031042685574e-91
9741,3.3055008136646816e-91
9742,3.300704022829791e-91
9743,3.2959127297186904e-91
9744,3.2911269322738833e-91
9745,3.286346628425676e-91
9746,3.281571816092204e-91
9747,3.276802493179406e-91
9748,3.272038657581155e-91
9749,3.267280307179229e-91
9750,3.2625274398433884e-91
9751,3.257780053431363e-91
9752,3.2530381457889597e-91
9753,3.2483017147500437e-91
9754,3.2435707581366217e-91
9755,3.2388452737588094e-91
9756,3.234125259414954e-91
9757,3.2294107128916317e-91
9758,3.2247016319636593e-91
9759,3.2199980143941766e-91
9760,3.2152998579346796e-91
9761,3.2106071603250273e-91
9762,3.205919919293494e-91
9763,3.2012381325568264e-91
9764,3.196561797820271e-91
9765,3.1918909127775726e-91
9766,3.187225475111078e-91
9767,3.1825654824917297e-91
9768,3.177910932579136e-91
9769,3.1732618230215386e-91
9770,3.168618151455945e-91
9771,3.1639799155081073e-91
9772,3.1593471127925847e-91
9773,3.154719740912732e-91
9774,3.1500977974608164e-91
9775,3.1454812800180026e-91
9776,3.140870186154375e-91
9777,3.1362645134290315e-91
9778,3.1316642593900846e-91
9779,3.127069421574709e-91
9780,3.1224799975091484e-91
9781,3.117895984708807e-91
9782,3.113317380678251e-91
9783,3.108744182911264e-91
9784,3.104176388890849e-91
9785,3.099613996089313e-91
9786,3.0950570019682875e-91
9787,3.090505403978727e-91
9788,3.0859591995610164e-91
9789,3.081418386144958e-91
9790,3.076882961149833e-91
9791,3.0723529219844017e-91
9792,3.067828266046988e-91
9793,3.0633089907254893e-91
9794,3.058795093397442e-91
9795,3.0542865714299915e-91
9796,3.0497834221800114e-91
9797,3.045285642994096e-91
9798,3.040793231208582e-91
9799,3.0363061841496413e-91
9800,3.0318244991332693e-91
9801,3.0273481734653386e-91
9802,3.022877204441627e-91
9803,3.0184115893478637e-91
9804,3.0139513254597884e-91
9805,3.0094964100431235e-91
9806,3.005046840353678e-91
9807,3.000602613637355e-91
9808,2.996163727130191e-91
9809,2.991730178058383e-91
9810,2.987301963638335e-91
9811,2.9828790810767075e-91
9812,2.9784615275704374e-91
9813,2.974049300306761e-91
9814,2.9696423964632873e-91
9815,2.965240813208013e-91
9816,2.96084454769934e-91
9817,2.956453597086148e-91
9818,2.952067958507824e-91
9819,2.947687629094283e-91
9820,2.943312605965991e-91
9821,2.938942886234049e-91
9822,2.934578467000188e-91
9823,2.930219345356837e-91
9824,2.9258655183871013e-91
9825,2.9215169831648745e-91
9826,2.917173736754837e-91
9827,2.912835776212469e-91
9828,2.90850309858413e-91
9829,2.904175700907074e-91
9830,2.8998535802094893e-91
9831,2.895536733510523e-91
9832,2.89122515782033e-91
9833,2.8869188501401194e-91
9834,2.882617807462151e-91
9835,2.8783220267698114e-91
9836,2.8740315050376353e-91
9837,2.869746239231351e-91
9838,2.865466226307872e-91
9839,2.8611914632153945e-91
9840,2.856921946893396e-91
9841,2.8526576742726946e-91
9842,2.8483986422754404e-91
9843,2.844144847815194e-91
9844,2.839896287796972e-91
9845,2.835652959117208e-91
9846,2.8314148586638815e-91
9847,2.827181983316495e-91
9848,2.8229543299461294e-91
9849,2.8187318954154596e-91
9850,2.8145146765788173e-91
9851,2.810302670282215e-91
9852,2.8060958733633836e-91
9853,2.801894282651775e-91
9854,2.797697894968657e-91
9855,2.793506707127112e-91
9856,2.789320715932055e-91
9857,2.7851399181803086e-91
9858,2.780964310660622e-91
9859,2.7767938901536994e-91
9860,2.7726286534322294e-91
9861,2.768468597260935e-91
9862,2.764313718396616e-91
9863,2.7601640135881427e-91
9864,2.7560194795765393e-91
9865,2.7518801130949874e-91
9866,2.747745910868892e-91
9867,2.7436168696158475e-91
9868,2.739492986045762e-91
9869,2.7353742568608326e-91
9870,2.731260678755603e-91
9871,2.727152248416964e-91
9872,2.723048962524249e-91
9873,2.7189508177492225e-91
9874,2.7148578107561067e-91
9875,2.710769938201656e-91
9876,2.7066871967351596e-91
9877,2.7026095829985015e-91
9878,2.698537093626142e-91
9879,2.69446972524522e-91
9880,2.6904074744755423e-91
9881,2.686350337929646e-91
9882,2.68229831221278e-91
9883,2.6782513939230053e-91
9884,2.6742095796512003e-91
9885,2.6701728659810676e-91
9886,2.666141249489216e-91
9887,2.6621147267451526e-91
9888,2.658093294311363e-91
9889,2.6540769487432676e-91
9890,2.650065686589354e-91
9891,2.646059504391133e-91
9892,2.6420583986832087e-91
9893,2.6380623659932817e-91
9894,2.6340714028422286e-91
9895,2.630085505744104e-91
9896,2.6261046712061547e-91
9897,2.6221288957289107e-91
9898,2.618158175806162e-91
9899,2.6141925079250293e-91
9900,2.610231888565958e-91
9901,2.606276314202802e-91
9902,2.6023257813028154e-91
9903,2.59838028632669e-91
9904,2.5944398257286114e-91
9905,2.5905043959562765e-91
9906,2.586573993450934e-91
9907,2.5826486146473793e-91
9908,2.578728255974045e-91
9909,2.5748129138530016e-91
9910,2.570902584700002e-91
9911,2.566997264924473e-91
9912,2.5630969509296175e-91
9913,2.559201639112406e-91
9914,2.5553113258635864e-91
9915,2.5514260075677627e-91
9916,2.5475456806034103e-91
9917,2.543670341342905e-91
9918,2.5397999861525364e-91
9919,2.535934611392574e-91
9920,2.5320742134172835e-91
9921,2.528218788574965e-91
9922,2.524368333207949e-91
9923,2.52052284365269e-91
9924,2.516682316239762e-91
9925,2.5128467472938623e-91
9926,2.5090161331339193e-91
9927,2.5051904700730487e-91
9928,2.5013697544186336e-91
9929,2.4975539824723136e-91
9930,2.4937431505300733e-91
9931,2.4899372548822235e-91
9932,2.4861362918134413e-91
9933,2.482340257602821e-91
9934,2.4785491485239e-91
9935,2.474762960844682e-91
9936,2.4709816908276513e-91
9937,2.4672053347298425e-91
9938,2.4634338888028484e-91
9939,2.4596673492928547e-91
9940,2.4559057124406576e-91
9941,2.45214897448172e-91
9942,2.4483971316461973e-91
9943,2.4446501801589295e-91
9944,2.4409081162395326e-91
9945,2.437170936102391e-91
9946,2.4334386359566926e-91
9947,2.4297112120064607e-91
9948,2.4259886604505853e-91
9949,2.422270977482868e-91
9950,2.4185581592920272e-91
9951,2.4148502020617347e-91
9952,2.4111471019706674e-91
9953,2.4074488551925108e-91
9954,2.4037554578959903e-91
9955,2.4000669062449318e-91
9956,2.3963831963982521e-91
9957,2.3927043245100274e-91
9958,2.389030286729465e-91
9959,2.385361079201009e-91
9960,2.3816966980643108e-91
9961,2.3780371394542978e-91
9962,2.374382399501153e-91
9963,2.3707324743304018e-91
9964,2.3670873600629215e-91
9965,2.3634470528149336e-91
9966,2.3598115486980953e-91
9967,2.3561808438194863e-91
9968,2.352554934281649e-91
9969,2.34893381618262e-91
9970,2.3453174856159518e-91
9971,2.341705938670769e-91
9972,2.338099171431742e-91
9973,2.334497179979184e-91
9974,2.3308999603890225e-91
9975,2.3273075087328763e-91
9976,2.32371982107802e-91
9977,2.3201368934874958e-91
9978,2.3165587220200716e-91
9979,2.3129853027303124e-91
9980,2.3094166316685755e-91
9981,2.3058527048810703e-91
9982,2.302293518409882e-91
9983,2.298739068292963e-91
9984,2.295189350564213e-91
9985,2.2916443612534714e-91
9986,2.2881040963865786e-91
9987,2.2845685519853543e-91
9988,2.2810377240676643e-91
9989,2.277511608647451e-91
9990,2.2739902017347472e-91
9991,2.2704734993356842e-91
9992,2.2669614974525605e-91
9993,2.2634541920838632e-91
9994,2.259951579224244e-91
9995,2.256453654864616e-91
9996,2.252960414992154e-91
9997,2.2494718555903072e-91
9998,2.2459879726388275e-91
9999,2.24250876211383e-91
