    time    temp    dens
   2.92585068385488E-02   6.55574376598959E-01   1.57746041601300E+07
     nin     zin       y       x
  1    0     8.41681839336059E-01   8.41681839336059E-01
  0    1     2.57847043903837E-15   2.57847043903837E-15
  1    1     1.03381858902426E-13   2.06763717804853E-13
  2    1     3.13141432511947E-09   9.39424297535840E-09
  1    2     1.00000000000000E-99   1.00000000000000E-99
  2    2     1.24202445520027E-06   4.96809782080109E-06
  4    2     2.67872650159385E-07   1.60723590095631E-06
  3    3     5.91300101259808E-23   3.54780060755885E-22
  4    3     5.16878261472066E-17   3.61814783030446E-16
  5    3     7.75448808485925E-17   6.20359046788740E-16
  6    3     2.44047660188860E-08   2.19642894169974E-07
  3    4     1.00000000000000E-99   1.00000000000000E-99
  5    4     6.27185254486525E-15   5.64466729037872E-14
  6    4     3.17476631880034E-14   3.17476631880034E-13
  7    4     3.61895308108174E-14   3.98084838918991E-13
  8    4     4.02774310981205E-06   4.83329173177446E-05
  3    5     1.00000000000000E-99   1.00000000000000E-99
  5    5     1.00000000000000E-99   1.00000000000000E-99
  6    5     2.46839988315397E-17   2.71523987146937E-16
  7    5     3.34039010271337E-15   4.00846812325605E-14
  8    5     2.72536985005862E-11   3.54298080507620E-10
  9    5     1.36081348140524E-06   1.90513887396733E-05
  3    6     1.00000000000000E-99   1.00000000000000E-99
  4    6     1.00000000000000E-99   1.00000000000000E-99
  5    6     1.00000000000000E-99   1.00000000000000E-99
  6    6     1.07875146620924E-21   1.29450175945109E-20
  7    6     1.07217668793642E-20   1.39382969431734E-19
  8    6     2.50159795269894E-15   3.50223713377851E-14
  9    6     1.64555120329590E-14   2.46832680494385E-13
 10    6     3.47019080185973E-10   5.55230528297556E-09
 11    6     8.67191275847387E-07   1.47422516894056E-05
 12    6     1.00000000000000E-99   1.00000000000000E-99
  4    7     1.00000000000000E-99   1.00000000000000E-99
  5    7     1.00000000000000E-99   1.00000000000000E-99
  6    7     1.00000000000000E-99   1.00000000000000E-99
  7    7     1.00000000000000E-99   1.00000000000000E-99
  8    7     1.52695626483209E-20   2.29043439724813E-19
  9    7     1.08317204933383E-16   1.73307527893413E-15
 10    7     1.22970229240223E-15   2.09049389708379E-14
 11    7     1.10787310735044E-15   1.99417159323080E-14
 12    7     2.32412008424373E-16   4.41582816006309E-15
 13    7     2.45070291032095E-08   4.90140582064190E-07
 14    7     1.00000000000000E-99   1.00000000000000E-99
  5    8     1.00000000000000E-99   1.00000000000000E-99
  6    8     1.00000000000000E-99   1.00000000000000E-99
  7    8     1.00000000000000E-99   1.00000000000000E-99
  8    8     1.00000000000000E-99   1.00000000000000E-99
  9    8     1.00000000000000E-99   1.00000000000000E-99
 10    8     1.45911807289910E-23   2.62641253121838E-22
 11    8     1.86899401819394E-19   3.55108863456848E-18
 12    8     1.17619846157698E-17   2.35239692315397E-16
 13    8     8.24693356656399E-16   1.73185604897844E-14
 14    8     7.78835101595672E-10   1.71343722351048E-08
  5    9     1.00000000000000E-99   1.00000000000000E-99
  6    9     1.00000000000000E-99   1.00000000000000E-99
  7    9     1.00000000000000E-99   1.00000000000000E-99
  8    9     1.00000000000000E-99   1.00000000000000E-99
  9    9     1.00000000000000E-99   1.00000000000000E-99
 10    9     1.00000000000000E-99   1.00000000000000E-99
 11    9     1.00000000000000E-99   1.00000000000000E-99
 12    9     3.76852909302274E-25   7.91391109534775E-24
 13    9     1.41060083716735E-19   3.10332184176817E-18
 14    9     7.85441720493867E-21   1.80651595713589E-19
 15    9     2.30396364245202E-20   5.52951274188485E-19
 16    9     1.15011491500337E-17   2.87528728750842E-16
 17    9     9.25885633324114E-13   2.40730264664270E-11
  7   10     1.00000000000000E-99   1.00000000000000E-99
  8   10     1.00000000000000E-99   1.00000000000000E-99
  9   10     1.00000000000000E-99   1.00000000000000E-99
 10   10     1.00000000000000E-99   1.00000000000000E-99
 11   10     1.00000000000000E-99   1.00000000000000E-99
 12   10     1.00000000000000E-99   1.00000000000000E-99
 13   10     1.00000000000000E-99   1.00000000000000E-99
 14   10     1.00000000000000E-99   1.00000000000000E-99
 15   10     1.88492849308690E-20   4.71232123271726E-19
 16   10     3.69820441401487E-20   9.61533147643866E-19
 17   10     5.22975401753660E-21   1.41203358473488E-19
 18   10     3.50624790614310E-20   9.81749413720069E-19
 19   10     2.40146498163631E-21   6.96424844674530E-20
 20   10     1.72119008413023E-20   5.16357025239068E-19
 21   10     6.84416915858709E-21   2.12169243916200E-19
 22   10     2.52686363076857E-13   8.08596361845942E-12
 23   10     1.00000000000000E-99   1.00000000000000E-99
 24   10     7.96282770159339E-22   2.70736141854175E-20
 25   10     1.00000000000000E-99   1.00000000000000E-99
 26   10     1.00000000000000E-99   1.00000000000000E-99
 27   10     1.00000000000000E-99   1.00000000000000E-99
 28   10     1.00000000000000E-99   1.00000000000000E-99
 29   10     1.00000000000000E-99   1.00000000000000E-99
 30   10     1.00000000000000E-99   1.00000000000000E-99
 31   10     1.00000000000000E-99   1.00000000000000E-99
  8   11     1.00000000000000E-99   1.00000000000000E-99
  9   11     1.00000000000000E-99   1.00000000000000E-99
 10   11     1.00000000000000E-99   1.00000000000000E-99
 11   11     1.00000000000000E-99   1.00000000000000E-99
 12   11     1.00000000000000E-99   1.00000000000000E-99
 13   11     1.00000000000000E-99   1.00000000000000E-99
 14   11     1.00000000000000E-99   1.00000000000000E-99
 15   11     1.00000000000000E-99   1.00000000000000E-99
 16   11     1.00000000000000E-99   1.00000000000000E-99
 17   11     1.00000000000000E-99   1.00000000000000E-99
 18   11     4.32872433510322E-25   1.25533005717993E-23
 19   11     3.20983756223972E-24   9.62951268671916E-23
 20   11     1.19393067473707E-21   3.70118509168491E-20
 21   11     1.06640788438576E-20   3.41250523003445E-19
 22   11     2.92398954433831E-20   9.64916549631641E-19
 23   11     1.08895045365007E-21   3.70243154241023E-20
 24   11     5.79095683349937E-14   2.02683489172478E-12
 25   11     3.41853173024720E-25   1.23067142288899E-23
 26   11     2.70863589514688E-20   1.00219528120435E-18
 27   11     1.00000000000000E-99   1.00000000000000E-99
 28   11     1.00000000000000E-99   1.00000000000000E-99
 29   11     1.00000000000000E-99   1.00000000000000E-99
 30   11     1.00000000000000E-99   1.00000000000000E-99
 31   11     1.00000000000000E-99   1.00000000000000E-99
 32   11     1.00000000000000E-99   1.00000000000000E-99
 33   11     1.00000000000000E-99   1.00000000000000E-99
  8   12     1.00000000000000E-99   1.00000000000000E-99
  9   12     1.00000000000000E-99   1.00000000000000E-99
 10   12     1.00000000000000E-99   1.00000000000000E-99
 11   12     1.00000000000000E-99   1.00000000000000E-99
 12   12     1.00000000000000E-99   1.00000000000000E-99
 13   12     1.00000000000000E-99   1.00000000000000E-99
 14   12     1.00000000000000E-99   1.00000000000000E-99
 15   12     1.00000000000000E-99   1.00000000000000E-99
 16   12     1.00000000000000E-99   1.00000000000000E-99
 17   12     1.00000000000000E-99   1.00000000000000E-99
 18   12     1.00000000000000E-99   1.00000000000000E-99
 19   12     1.00000000000000E-99   1.00000000000000E-99
 20   12     1.00000000000000E-99   1.00000000000000E-99
 21   12     2.00173807548563E-23   6.60573564910258E-22
 22   12     6.13265103302909E-14   2.08510135122989E-12
 23   12     1.24428904114459E-22   4.35501164400605E-21
 24   12     3.33978422384721E-16   1.20232232058500E-14
 25   12     8.70160229935911E-22   3.21959285076287E-20
 26   12     6.44761387966575E-16   2.45009327427299E-14
 27   12     1.87104889058955E-22   7.29709067329923E-21
 28   12     1.41426091588426E-14   5.65704366353703E-13
 29   12     1.00000000000000E-99   1.00000000000000E-99
 30   12     1.00000000000000E-99   1.00000000000000E-99
 31   12     1.00000000000000E-99   1.00000000000000E-99
 32   12     1.87201661005415E-20   8.23687308423825E-19
 33   12     1.00000000000000E-99   1.00000000000000E-99
 34   12     1.00000000000000E-99   1.00000000000000E-99
 35   12     1.00000000000000E-99   1.00000000000000E-99
  8   13     1.00000000000000E-99   1.00000000000000E-99
  9   13     1.00000000000000E-99   1.00000000000000E-99
 10   13     1.00000000000000E-99   1.00000000000000E-99
 11   13     1.00000000000000E-99   1.00000000000000E-99
 12   13     1.00000000000000E-99   1.00000000000000E-99
 13   13     1.00000000000000E-99   1.00000000000000E-99
 14   13     1.00000000000000E-99   1.00000000000000E-99
 15   13     1.00000000000000E-99   1.00000000000000E-99
 16   13     1.00000000000000E-99   1.00000000000000E-99
 17   13     1.00000000000000E-99   1.00000000000000E-99
 18   13     1.00000000000000E-99   1.00000000000000E-99
 19   13     1.00000000000000E-99   1.00000000000000E-99
 20   13     6.79812103340523E-24   2.24337994102372E-22
 21   13     1.75282045036547E-24   5.95958953124260E-23
 22   13     7.81371009059071E-23   2.73479853170675E-21
 23   13     6.01126194163856E-24   2.16405429898988E-22
 24   13     1.28415960016596E-21   4.75139052061404E-20
 25   13     7.86791539545945E-24   2.98980785027459E-22
 26   13     2.66626503606352E-18   1.03984336406477E-16
 27   13     9.24420071484415E-24   3.69768028593766E-22
 28   13     7.40398965652730E-15   3.03563575917619E-13
 29   13     1.00000000000000E-99   1.00000000000000E-99
 30   13     1.00000000000000E-99   1.00000000000000E-99
 31   13     1.00000000000000E-99   1.00000000000000E-99
 32   13     5.43032100012100E-20   2.44364445005445E-18
 33   13     1.00000000000000E-99   1.00000000000000E-99
 34   13     1.00000000000000E-99   1.00000000000000E-99
 35   13     1.00000000000000E-99   1.00000000000000E-99
 36   13     1.00000000000000E-99   1.00000000000000E-99
 37   13     1.00000000000000E-99   1.00000000000000E-99
 38   13     1.00000000000000E-99   1.00000000000000E-99
  8   14     1.00000000000000E-99   1.00000000000000E-99
  9   14     1.00000000000000E-99   1.00000000000000E-99
 10   14     1.00000000000000E-99   1.00000000000000E-99
 11   14     1.00000000000000E-99   1.00000000000000E-99
 12   14     1.00000000000000E-99   1.00000000000000E-99
 13   14     1.00000000000000E-99   1.00000000000000E-99
 14   14     1.00000000000000E-99   1.00000000000000E-99
 15   14     1.00000000000000E-99   1.00000000000000E-99
 16   14     1.00000000000000E-99   1.00000000000000E-99
 17   14     1.00000000000000E-99   1.00000000000000E-99
 18   14     1.00000000000000E-99   1.00000000000000E-99
 19   14     1.00000000000000E-99   1.00000000000000E-99
 20   14     1.00000000000000E-99   1.00000000000000E-99
 21   14     1.00000000000000E-99   1.00000000000000E-99
 22   14     1.00000000000000E-99   1.00000000000000E-99
 23   14     1.00000000000000E-99   1.00000000000000E-99
 24   14     1.00000000000000E-99   1.00000000000000E-99
 25   14     1.04827137869292E-24   4.08825837690238E-23
 26   14     1.21401083042641E-23   4.85604332170565E-22
 27   14     5.38545414956718E-24   2.20803620132254E-22
 28   14     3.06416646932042E-15   1.28694991711458E-13
 29   14     1.00000000000000E-99   1.00000000000000E-99
 30   14     1.92926466746779E-18   8.48876453685827E-17
 31   14     1.00000000000000E-99   1.00000000000000E-99
 32   14     8.77476454552766E-16   4.03639169094272E-14
 33   14     1.00000000000000E-99   1.00000000000000E-99
 34   14     1.00000000000000E-99   1.00000000000000E-99
 35   14     1.00000000000000E-99   1.00000000000000E-99
 36   14     1.00000000000000E-99   1.00000000000000E-99
 37   14     1.00000000000000E-99   1.00000000000000E-99
 38   14     1.00000000000000E-99   1.00000000000000E-99
 39   14     1.00000000000000E-99   1.00000000000000E-99
 40   14     1.00000000000000E-99   1.00000000000000E-99
  8   15     1.00000000000000E-99   1.00000000000000E-99
  9   15     1.00000000000000E-99   1.00000000000000E-99
 10   15     1.00000000000000E-99   1.00000000000000E-99
 11   15     1.00000000000000E-99   1.00000000000000E-99
 12   15     1.00000000000000E-99   1.00000000000000E-99
 13   15     1.00000000000000E-99   1.00000000000000E-99
 14   15     1.00000000000000E-99   1.00000000000000E-99
 15   15     1.00000000000000E-99   1.00000000000000E-99
 16   15     1.00000000000000E-99   1.00000000000000E-99
 17   15     1.00000000000000E-99   1.00000000000000E-99
 18   15     1.00000000000000E-99   1.00000000000000E-99
 19   15     1.00000000000000E-99   1.00000000000000E-99
 20   15     1.00000000000000E-99   1.00000000000000E-99
 21   15     1.00000000000000E-99   1.00000000000000E-99
 22   15     1.00000000000000E-99   1.00000000000000E-99
 23   15     1.00000000000000E-99   1.00000000000000E-99
 24   15     1.00000000000000E-99   1.00000000000000E-99
 25   15     1.00000000000000E-99   1.00000000000000E-99
 26   15     1.42819091775232E-24   5.85558276278450E-23
 27   15     3.10558032542032E-25   1.30434373667653E-23
 28   15     3.60025689794510E-16   1.54811046611639E-14
 29   15     1.05899456005580E-24   4.65957606424551E-23
 30   15     1.16979370068622E-21   5.26407165308800E-20
 31   15     1.61283241073216E-24   7.41902908936795E-23
 32   15     9.62217083251815E-16   4.52242029128353E-14
 33   15     1.00000000000000E-99   1.00000000000000E-99
 34   15     1.04163210349255E-22   5.10399730711352E-21
 35   15     1.00000000000000E-99   1.00000000000000E-99
 36   15     1.62608747154066E-25   8.29304610485737E-24
 37   15     1.00000000000000E-99   1.00000000000000E-99
 38   15     1.00000000000000E-99   1.00000000000000E-99
 39   15     1.00000000000000E-99   1.00000000000000E-99
 40   15     1.00000000000000E-99   1.00000000000000E-99
 41   15     1.00000000000000E-99   1.00000000000000E-99
 42   15     1.00000000000000E-99   1.00000000000000E-99
  8   16     1.00000000000000E-99   1.00000000000000E-99
  9   16     1.00000000000000E-99   1.00000000000000E-99
 10   16     1.00000000000000E-99   1.00000000000000E-99
 11   16     1.00000000000000E-99   1.00000000000000E-99
 12   16     1.00000000000000E-99   1.00000000000000E-99
 13   16     1.00000000000000E-99   1.00000000000000E-99
 14   16     1.00000000000000E-99   1.00000000000000E-99
 15   16     1.00000000000000E-99   1.00000000000000E-99
 16   16     1.00000000000000E-99   1.00000000000000E-99
 17   16     1.00000000000000E-99   1.00000000000000E-99
 18   16     1.00000000000000E-99   1.00000000000000E-99
 19   16     1.00000000000000E-99   1.00000000000000E-99
 20   16     1.00000000000000E-99   1.00000000000000E-99
 21   16     1.00000000000000E-99   1.00000000000000E-99
 22   16     1.00000000000000E-99   1.00000000000000E-99
 23   16     1.00000000000000E-99   1.00000000000000E-99
 24   16     1.00000000000000E-99   1.00000000000000E-99
 25   16     1.00000000000000E-99   1.00000000000000E-99
 26   16     1.00000000000000E-99   1.00000000000000E-99
 27   16     1.00000000000000E-99   1.00000000000000E-99
 28   16     9.02407411736495E-25   3.97059261164058E-23
 29   16     7.16436677527686E-25   3.22396504887459E-23
 30   16     9.89232878672244E-23   4.55047124189232E-21
 31   16     1.38210726140886E-24   6.49590412862165E-23
 32   16     1.52985883983003E-19   7.34332243118412E-18
 33   16     9.68364573300578E-24   4.74498640917283E-22
 34   16     3.26976809390961E-16   1.63488404695480E-14
 35   16     1.00000000000000E-99   1.00000000000000E-99
 36   16     4.30230276330260E-20   2.23719743691735E-18
 37   16     1.00000000000000E-99   1.00000000000000E-99
 38   16     3.75965835447033E-20   2.03021551141398E-18
 39   16     1.00000000000000E-99   1.00000000000000E-99
 40   16     1.60414091589318E-21   8.98318912900182E-20
 41   16     1.00000000000000E-99   1.00000000000000E-99
 42   16     1.00000000000000E-99   1.00000000000000E-99
 43   16     1.00000000000000E-99   1.00000000000000E-99
 44   16     1.00000000000000E-99   1.00000000000000E-99
  9   17     1.00000000000000E-99   1.00000000000000E-99
 10   17     1.00000000000000E-99   1.00000000000000E-99
 11   17     1.00000000000000E-99   1.00000000000000E-99
 12   17     1.00000000000000E-99   1.00000000000000E-99
 13   17     1.00000000000000E-99   1.00000000000000E-99
 14   17     1.00000000000000E-99   1.00000000000000E-99
 15   17     1.00000000000000E-99   1.00000000000000E-99
 16   17     1.00000000000000E-99   1.00000000000000E-99
 17   17     1.00000000000000E-99   1.00000000000000E-99
 18   17     1.00000000000000E-99   1.00000000000000E-99
 19   17     1.00000000000000E-99   1.00000000000000E-99
 20   17     1.00000000000000E-99   1.00000000000000E-99
 21   17     1.00000000000000E-99   1.00000000000000E-99
 22   17     1.00000000000000E-99   1.00000000000000E-99
 23   17     1.00000000000000E-99   1.00000000000000E-99
 24   17     1.00000000000000E-99   1.00000000000000E-99
 25   17     1.00000000000000E-99   1.00000000000000E-99
 26   17     1.00000000000000E-99   1.00000000000000E-99
 27   17     1.00000000000000E-99   1.00000000000000E-99
 28   17     1.00000000000000E-99   1.00000000000000E-99
 29   17     1.00000000000000E-99   1.00000000000000E-99
 30   17     1.00000000000000E-99   1.00000000000000E-99
 31   17     1.00000000000000E-99   1.00000000000000E-99
 32   17     1.33644370361725E-23   6.54857414772453E-22
 33   17     5.11609154721210E-25   2.55804577360605E-23
 34   17     6.96653929496360E-19   3.55293504043143E-17
 35   17     2.96275694974020E-23   1.54063361386490E-21
 36   17     2.31433279430535E-16   1.22659638098184E-14
 37   17     1.24950182817423E-22   6.74730987214082E-21
 38   17     2.47293547286524E-18   1.36011451007588E-16
 39   17     1.00000000000000E-99   1.00000000000000E-99
 40   17     6.13534956772211E-25   3.49714925360161E-23
 41   17     1.98880240477888E-25   1.15350539477175E-23
 42   17     6.25578046816126E-21   3.69091047621514E-19
 43   17     1.00000000000000E-99   1.00000000000000E-99
 44   17     3.25199921328085E-23   1.98371952010132E-21
 45   17     1.00000000000000E-99   1.00000000000000E-99
 46   17     1.00000000000000E-99   1.00000000000000E-99
  9   18     1.00000000000000E-99   1.00000000000000E-99
 10   18     1.00000000000000E-99   1.00000000000000E-99
 11   18     1.00000000000000E-99   1.00000000000000E-99
 12   18     1.00000000000000E-99   1.00000000000000E-99
 13   18     1.00000000000000E-99   1.00000000000000E-99
 14   18     1.00000000000000E-99   1.00000000000000E-99
 15   18     1.00000000000000E-99   1.00000000000000E-99
 16   18     1.00000000000000E-99   1.00000000000000E-99
 17   18     1.00000000000000E-99   1.00000000000000E-99
 18   18     1.00000000000000E-99   1.00000000000000E-99
 19   18     1.00000000000000E-99   1.00000000000000E-99
 20   18     1.00000000000000E-99   1.00000000000000E-99
 21   18     1.00000000000000E-99   1.00000000000000E-99
 22   18     1.00000000000000E-99   1.00000000000000E-99
 23   18     1.00000000000000E-99   1.00000000000000E-99
 24   18     1.00000000000000E-99   1.00000000000000E-99
 25   18     1.00000000000000E-99   1.00000000000000E-99
 26   18     1.00000000000000E-99   1.00000000000000E-99
 27   18     1.00000000000000E-99   1.00000000000000E-99
 28   18     1.00000000000000E-99   1.00000000000000E-99
 29   18     1.00000000000000E-99   1.00000000000000E-99
 30   18     1.00000000000000E-99   1.00000000000000E-99
 31   18     1.00000000000000E-99   1.00000000000000E-99
 32   18     1.00000000000000E-99   1.00000000000000E-99
 33   18     1.55504664697146E-25   7.93073789955446E-24
 34   18     4.12680331070990E-22   2.14593772156915E-20
 35   18     3.18300355289764E-24   1.68699188303575E-22
 36   18     9.50133408906545E-23   5.13072040809534E-21
 37   18     5.23367909360376E-24   2.87852350148207E-22
 38   18     1.05076136787348E-15   5.88426366009147E-14
 39   18     1.00000000000000E-99   1.00000000000000E-99
 40   18     1.26374105315442E-18   7.32969810829566E-17
 41   18     1.00000000000000E-99   1.00000000000000E-99
 42   18     3.64175596296225E-19   2.18505357777735E-17
 43   18     1.00000000000000E-99   1.00000000000000E-99
 44   18     3.46454829478802E-17   2.14801994276858E-15
 45   18     1.00000000000000E-99   1.00000000000000E-99
 46   18     1.00000000000000E-99   1.00000000000000E-99
 47   18     2.98268858169297E-21   1.93874757810043E-19
 48   18     1.00000000000000E-99   1.00000000000000E-99
 49   18     1.00000000000000E-99   1.00000000000000E-99
 10   19     1.00000000000000E-99   1.00000000000000E-99
 11   19     1.00000000000000E-99   1.00000000000000E-99
 12   19     1.00000000000000E-99   1.00000000000000E-99
 13   19     1.00000000000000E-99   1.00000000000000E-99
 14   19     1.00000000000000E-99   1.00000000000000E-99
 15   19     1.00000000000000E-99   1.00000000000000E-99
 16   19     1.00000000000000E-99   1.00000000000000E-99
 17   19     1.00000000000000E-99   1.00000000000000E-99
 18   19     1.00000000000000E-99   1.00000000000000E-99
 19   19     1.00000000000000E-99   1.00000000000000E-99
 20   19     1.00000000000000E-99   1.00000000000000E-99
 21   19     1.00000000000000E-99   1.00000000000000E-99
 22   19     1.00000000000000E-99   1.00000000000000E-99
 23   19     1.00000000000000E-99   1.00000000000000E-99
 24   19     1.00000000000000E-99   1.00000000000000E-99
 25   19     1.00000000000000E-99   1.00000000000000E-99
 26   19     1.00000000000000E-99   1.00000000000000E-99
 27   19     1.00000000000000E-99   1.00000000000000E-99
 28   19     1.00000000000000E-99   1.00000000000000E-99
 29   19     1.00000000000000E-99   1.00000000000000E-99
 30   19     1.00000000000000E-99   1.00000000000000E-99
 31   19     1.00000000000000E-99   1.00000000000000E-99
 32   19     1.00000000000000E-99   1.00000000000000E-99
 33   19     1.00000000000000E-99   1.00000000000000E-99
 34   19     1.00000000000000E-99   1.00000000000000E-99
 35   19     1.00000000000000E-99   1.00000000000000E-99
 36   19     6.26950378872925E-24   3.44822708380109E-22
 37   19     4.49561173664534E-25   2.51754257252139E-23
 38   19     4.51689334591761E-22   2.57462920717304E-20
 39   19     1.68365078016221E-24   9.76517452494079E-23
 40   19     3.70890820252203E-20   2.18825583948800E-18
 41   19     6.48439925265778E-25   3.89063955159467E-23
 42   19     8.76934757643078E-19   5.34930202162278E-17
 43   19     1.89512184982393E-23   1.17497554689084E-21
 44   19     5.19170820277381E-16   3.27077616774750E-14
 45   19     1.00000000000000E-99   1.00000000000000E-99
 46   19     2.77167580841240E-21   1.80158927546806E-19
 47   19     1.00000000000000E-99   1.00000000000000E-99
 48   19     1.00000000000000E-99   1.00000000000000E-99
 49   19     1.00000000000000E-99   1.00000000000000E-99
 50   19     1.00000000000000E-99   1.00000000000000E-99
 51   19     1.00000000000000E-99   1.00000000000000E-99
 10   20     1.00000000000000E-99   1.00000000000000E-99
 11   20     1.00000000000000E-99   1.00000000000000E-99
 12   20     1.00000000000000E-99   1.00000000000000E-99
 13   20     1.00000000000000E-99   1.00000000000000E-99
 14   20     1.00000000000000E-99   1.00000000000000E-99
 15   20     1.00000000000000E-99   1.00000000000000E-99
 16   20     1.00000000000000E-99   1.00000000000000E-99
 17   20     1.00000000000000E-99   1.00000000000000E-99
 18   20     1.00000000000000E-99   1.00000000000000E-99
 19   20     1.00000000000000E-99   1.00000000000000E-99
 20   20     1.00000000000000E-99   1.00000000000000E-99
 21   20     1.00000000000000E-99   1.00000000000000E-99
 22   20     1.00000000000000E-99   1.00000000000000E-99
 23   20     1.00000000000000E-99   1.00000000000000E-99
 24   20     1.00000000000000E-99   1.00000000000000E-99
 25   20     1.00000000000000E-99   1.00000000000000E-99
 26   20     1.00000000000000E-99   1.00000000000000E-99
 27   20     1.00000000000000E-99   1.00000000000000E-99
 28   20     1.00000000000000E-99   1.00000000000000E-99
 29   20     1.00000000000000E-99   1.00000000000000E-99
 30   20     1.00000000000000E-99   1.00000000000000E-99
 31   20     1.00000000000000E-99   1.00000000000000E-99
 32   20     1.00000000000000E-99   1.00000000000000E-99
 33   20     1.00000000000000E-99   1.00000000000000E-99
 34   20     1.00000000000000E-99   1.00000000000000E-99
 35   20     1.00000000000000E-99   1.00000000000000E-99
 36   20     1.00000000000000E-99   1.00000000000000E-99
 37   20     1.00000000000000E-99   1.00000000000000E-99
 38   20     1.00000000000000E-99   1.00000000000000E-99
 39   20     1.00000000000000E-99   1.00000000000000E-99
 40   20     5.18227204102555E-25   3.10936322461533E-23
 41   20     3.48906522582993E-22   2.12832978775625E-20
 42   20     8.79404757374605E-15   5.45230949572255E-13
 43   20     4.47516129928712E-24   2.81935161855089E-22
 44   20     3.05569292422747E-17   1.95564347150558E-15
 45   20     1.00000000000000E-99   1.00000000000000E-99
 46   20     5.34906175740319E-20   3.53038075988610E-18
 47   20     1.00000000000000E-99   1.00000000000000E-99
 48   20     2.65312922678113E-24   1.80412787421117E-22
 49   20     1.00000000000000E-99   1.00000000000000E-99
 50   20     1.00000000000000E-99   1.00000000000000E-99
 51   20     1.00000000000000E-99   1.00000000000000E-99
 52   20     1.00000000000000E-99   1.00000000000000E-99
 53   20     1.00000000000000E-99   1.00000000000000E-99
 11   21     1.00000000000000E-99   1.00000000000000E-99
 12   21     1.00000000000000E-99   1.00000000000000E-99
 13   21     1.00000000000000E-99   1.00000000000000E-99
 14   21     1.00000000000000E-99   1.00000000000000E-99
 15   21     1.00000000000000E-99   1.00000000000000E-99
 16   21     1.00000000000000E-99   1.00000000000000E-99
 17   21     1.00000000000000E-99   1.00000000000000E-99
 18   21     1.00000000000000E-99   1.00000000000000E-99
 19   21     1.00000000000000E-99   1.00000000000000E-99
 20   21     1.00000000000000E-99   1.00000000000000E-99
 21   21     1.00000000000000E-99   1.00000000000000E-99
 22   21     1.00000000000000E-99   1.00000000000000E-99
 23   21     1.00000000000000E-99   1.00000000000000E-99
 24   21     1.00000000000000E-99   1.00000000000000E-99
 25   21     1.00000000000000E-99   1.00000000000000E-99
 26   21     1.00000000000000E-99   1.00000000000000E-99
 27   21     1.00000000000000E-99   1.00000000000000E-99
 28   21     1.00000000000000E-99   1.00000000000000E-99
 29   21     1.00000000000000E-99   1.00000000000000E-99
 30   21     1.00000000000000E-99   1.00000000000000E-99
 31   21     1.00000000000000E-99   1.00000000000000E-99
 32   21     1.00000000000000E-99   1.00000000000000E-99
 33   21     1.00000000000000E-99   1.00000000000000E-99
 34   21     1.00000000000000E-99   1.00000000000000E-99
 35   21     1.00000000000000E-99   1.00000000000000E-99
 36   21     1.00000000000000E-99   1.00000000000000E-99
 37   21     1.00000000000000E-99   1.00000000000000E-99
 38   21     1.00000000000000E-99   1.00000000000000E-99
 39   21     1.84907095479398E-25   1.10944257287639E-23
 40   21     1.38366359262362E-20   8.44034791500409E-19
 41   21     5.52010340289796E-24   3.42246410979673E-22
 42   21     5.70880971316454E-22   3.59655011929366E-20
 43   21     2.07772684658808E-23   1.32974518181637E-21
 44   21     1.59853598650020E-20   1.03904839122513E-18
 45   21     5.26568985319918E-23   3.47535530311146E-21
 46   21     1.82680408163062E-18   1.22395873469252E-16
 47   21     2.48408222445754E-22   1.68917591263113E-20
 48   21     5.63317653297156E-16   3.88689180775038E-14
 49   21     4.01528644992519E-21   2.81070051494763E-19
 50   21     1.82358742245834E-15   1.29474706994542E-13
 51   21     1.00000000000000E-99   1.00000000000000E-99
 52   21     1.00000000000000E-99   1.00000000000000E-99
 53   21     1.00000000000000E-99   1.00000000000000E-99
 54   21     1.00000000000000E-99   1.00000000000000E-99
 55   21     1.00000000000000E-99   1.00000000000000E-99
 12   22     1.00000000000000E-99   1.00000000000000E-99
 13   22     1.00000000000000E-99   1.00000000000000E-99
 14   22     1.00000000000000E-99   1.00000000000000E-99
 15   22     1.00000000000000E-99   1.00000000000000E-99
 16   22     1.00000000000000E-99   1.00000000000000E-99
 17   22     1.00000000000000E-99   1.00000000000000E-99
 18   22     1.00000000000000E-99   1.00000000000000E-99
 19   22     1.00000000000000E-99   1.00000000000000E-99
 20   22     1.00000000000000E-99   1.00000000000000E-99
 21   22     1.00000000000000E-99   1.00000000000000E-99
 22   22     1.00000000000000E-99   1.00000000000000E-99
 23   22     1.00000000000000E-99   1.00000000000000E-99
 24   22     1.00000000000000E-99   1.00000000000000E-99
 25   22     1.00000000000000E-99   1.00000000000000E-99
 26   22     1.00000000000000E-99   1.00000000000000E-99
 27   22     1.00000000000000E-99   1.00000000000000E-99
 28   22     1.00000000000000E-99   1.00000000000000E-99
 29   22     1.00000000000000E-99   1.00000000000000E-99
 30   22     1.00000000000000E-99   1.00000000000000E-99
 31   22     1.00000000000000E-99   1.00000000000000E-99
 32   22     1.00000000000000E-99   1.00000000000000E-99
 33   22     1.00000000000000E-99   1.00000000000000E-99
 34   22     1.00000000000000E-99   1.00000000000000E-99
 35   22     1.00000000000000E-99   1.00000000000000E-99
 36   22     1.00000000000000E-99   1.00000000000000E-99
 37   22     1.00000000000000E-99   1.00000000000000E-99
 38   22     1.00000000000000E-99   1.00000000000000E-99
 39   22     1.00000000000000E-99   1.00000000000000E-99
 40   22     1.00000000000000E-99   1.00000000000000E-99
 41   22     1.00000000000000E-99   1.00000000000000E-99
 42   22     1.00000000000000E-99   1.00000000000000E-99
 43   22     1.00000000000000E-99   1.00000000000000E-99
 44   22     3.67515415633742E-24   2.42560174318269E-22
 45   22     1.33085672045733E-23   8.91674002706414E-22
 46   22     1.65848995826590E-20   1.12777317162081E-18
 47   22     4.38159670496669E-22   3.02330172642702E-20
 48   22     1.52610326795767E-17   1.06827228757037E-15
 49   22     3.01057566947347E-20   2.13750872532617E-18
 50   22     1.06474747069916E-14   7.66618178903396E-13
 51   22     1.00000000000000E-99   1.00000000000000E-99
 52   22     1.00000000000000E-99   1.00000000000000E-99
 53   22     1.00000000000000E-99   1.00000000000000E-99
 54   22     1.00000000000000E-99   1.00000000000000E-99
 55   22     1.00000000000000E-99   1.00000000000000E-99
 56   22     1.00000000000000E-99   1.00000000000000E-99
 57   22     1.00000000000000E-99   1.00000000000000E-99
 58   22     1.00000000000000E-99   1.00000000000000E-99
 13   23     1.00000000000000E-99   1.00000000000000E-99
 14   23     1.00000000000000E-99   1.00000000000000E-99
 15   23     1.00000000000000E-99   1.00000000000000E-99
 16   23     1.00000000000000E-99   1.00000000000000E-99
 17   23     1.00000000000000E-99   1.00000000000000E-99
 18   23     1.00000000000000E-99   1.00000000000000E-99
 19   23     1.00000000000000E-99   1.00000000000000E-99
 20   23     1.00000000000000E-99   1.00000000000000E-99
 21   23     1.00000000000000E-99   1.00000000000000E-99
 22   23     1.00000000000000E-99   1.00000000000000E-99
 23   23     1.00000000000000E-99   1.00000000000000E-99
 24   23     1.00000000000000E-99   1.00000000000000E-99
 25   23     1.00000000000000E-99   1.00000000000000E-99
 26   23     1.00000000000000E-99   1.00000000000000E-99
 27   23     1.00000000000000E-99   1.00000000000000E-99
 28   23     1.00000000000000E-99   1.00000000000000E-99
 29   23     1.00000000000000E-99   1.00000000000000E-99
 30   23     1.00000000000000E-99   1.00000000000000E-99
 31   23     1.00000000000000E-99   1.00000000000000E-99
 32   23     1.00000000000000E-99   1.00000000000000E-99
 33   23     1.00000000000000E-99   1.00000000000000E-99
 34   23     1.00000000000000E-99   1.00000000000000E-99
 35   23     1.00000000000000E-99   1.00000000000000E-99
 36   23     1.00000000000000E-99   1.00000000000000E-99
 37   23     1.00000000000000E-99   1.00000000000000E-99
 38   23     1.00000000000000E-99   1.00000000000000E-99
 39   23     1.00000000000000E-99   1.00000000000000E-99
 40   23     1.00000000000000E-99   1.00000000000000E-99
 41   23     1.00000000000000E-99   1.00000000000000E-99
 42   23     1.00000000000000E-99   1.00000000000000E-99
 43   23     1.00000000000000E-99   1.00000000000000E-99
 44   23     1.00000000000000E-99   1.00000000000000E-99
 45   23     1.00000000000000E-99   1.00000000000000E-99
 46   23     5.53826177690634E-25   3.82140062606537E-23
 47   23     5.79307543309419E-24   4.05515280316594E-22
 48   23     7.60644744036824E-22   5.40057768266145E-20
 49   23     2.31546454946076E-22   1.66713447561175E-20
 50   23     1.86015502069020E-14   1.35791316510385E-12
 51   23     1.72410808185686E-22   1.27583998057408E-20
 52   23     9.08821759831097E-20   6.81616319873323E-18
 53   23     1.00000000000000E-99   1.00000000000000E-99
 54   23     1.00000000000000E-99   1.00000000000000E-99
 55   23     1.00000000000000E-99   1.00000000000000E-99
 56   23     1.00000000000000E-99   1.00000000000000E-99
 57   23     1.00000000000000E-99   1.00000000000000E-99
 58   23     1.00000000000000E-99   1.00000000000000E-99
 59   23     1.00000000000000E-99   1.00000000000000E-99
 60   23     1.00000000000000E-99   1.00000000000000E-99
 14   24     1.00000000000000E-99   1.00000000000000E-99
 15   24     1.00000000000000E-99   1.00000000000000E-99
 16   24     1.00000000000000E-99   1.00000000000000E-99
 17   24     1.00000000000000E-99   1.00000000000000E-99
 18   24     1.00000000000000E-99   1.00000000000000E-99
 19   24     1.00000000000000E-99   1.00000000000000E-99
 20   24     1.00000000000000E-99   1.00000000000000E-99
 21   24     1.00000000000000E-99   1.00000000000000E-99
 22   24     1.00000000000000E-99   1.00000000000000E-99
 23   24     1.00000000000000E-99   1.00000000000000E-99
 24   24     1.00000000000000E-99   1.00000000000000E-99
 25   24     1.00000000000000E-99   1.00000000000000E-99
 26   24     1.00000000000000E-99   1.00000000000000E-99
 27   24     1.00000000000000E-99   1.00000000000000E-99
 28   24     1.00000000000000E-99   1.00000000000000E-99
 29   24     1.00000000000000E-99   1.00000000000000E-99
 30   24     1.00000000000000E-99   1.00000000000000E-99
 31   24     1.00000000000000E-99   1.00000000000000E-99
 32   24     1.00000000000000E-99   1.00000000000000E-99
 33   24     1.00000000000000E-99   1.00000000000000E-99
 34   24     1.00000000000000E-99   1.00000000000000E-99
 35   24     1.00000000000000E-99   1.00000000000000E-99
 36   24     1.00000000000000E-99   1.00000000000000E-99
 37   24     1.00000000000000E-99   1.00000000000000E-99
 38   24     1.00000000000000E-99   1.00000000000000E-99
 39   24     1.00000000000000E-99   1.00000000000000E-99
 40   24     1.00000000000000E-99   1.00000000000000E-99
 41   24     1.00000000000000E-99   1.00000000000000E-99
 42   24     1.00000000000000E-99   1.00000000000000E-99
 43   24     1.00000000000000E-99   1.00000000000000E-99
 44   24     1.00000000000000E-99   1.00000000000000E-99
 45   24     1.00000000000000E-99   1.00000000000000E-99
 46   24     1.00000000000000E-99   1.00000000000000E-99
 47   24     1.20464846941936E-22   8.55300413287743E-21
 48   24     1.04456208969867E-20   7.52084704583039E-19
 49   24     2.27621737981628E-21   1.66163868726589E-19
 50   24     1.09599173601727E-11   8.11033884652777E-10
 51   24     5.38154335605544E-20   4.03615751704158E-18
 52   24     1.89384955827218E-13   1.43932566428685E-11
 53   24     1.12941303650941E-23   8.69648038112243E-22
 54   24     3.10778712773445E-17   2.42407395963287E-15
 55   24     1.00000000000000E-99   1.00000000000000E-99
 56   24     1.00000000000000E-99   1.00000000000000E-99
 57   24     1.00000000000000E-99   1.00000000000000E-99
 58   24     1.00000000000000E-99   1.00000000000000E-99
 59   24     1.00000000000000E-99   1.00000000000000E-99
 60   24     1.00000000000000E-99   1.00000000000000E-99
 61   24     1.00000000000000E-99   1.00000000000000E-99
 62   24     1.00000000000000E-99   1.00000000000000E-99
 15   25     1.00000000000000E-99   1.00000000000000E-99
 16   25     1.00000000000000E-99   1.00000000000000E-99
 17   25     1.00000000000000E-99   1.00000000000000E-99
 18   25     1.00000000000000E-99   1.00000000000000E-99
 19   25     1.00000000000000E-99   1.00000000000000E-99
 20   25     1.00000000000000E-99   1.00000000000000E-99
 21   25     1.00000000000000E-99   1.00000000000000E-99
 22   25     1.00000000000000E-99   1.00000000000000E-99
 23   25     1.00000000000000E-99   1.00000000000000E-99
 24   25     1.00000000000000E-99   1.00000000000000E-99
 25   25     1.00000000000000E-99   1.00000000000000E-99
 26   25     1.00000000000000E-99   1.00000000000000E-99
 27   25     1.00000000000000E-99   1.00000000000000E-99
 28   25     1.00000000000000E-99   1.00000000000000E-99
 29   25     1.00000000000000E-99   1.00000000000000E-99
 30   25     1.00000000000000E-99   1.00000000000000E-99
 31   25     1.00000000000000E-99   1.00000000000000E-99
 32   25     1.00000000000000E-99   1.00000000000000E-99
 33   25     1.00000000000000E-99   1.00000000000000E-99
 34   25     1.00000000000000E-99   1.00000000000000E-99
 35   25     1.00000000000000E-99   1.00000000000000E-99
 36   25     1.00000000000000E-99   1.00000000000000E-99
 37   25     1.00000000000000E-99   1.00000000000000E-99
 38   25     1.00000000000000E-99   1.00000000000000E-99
 39   25     1.00000000000000E-99   1.00000000000000E-99
 40   25     1.00000000000000E-99   1.00000000000000E-99
 41   25     1.00000000000000E-99   1.00000000000000E-99
 42   25     1.00000000000000E-99   1.00000000000000E-99
 43   25     1.00000000000000E-99   1.00000000000000E-99
 44   25     1.00000000000000E-99   1.00000000000000E-99
 45   25     1.00000000000000E-99   1.00000000000000E-99
 46   25     1.00000000000000E-99   1.00000000000000E-99
 47   25     3.08090244795637E-22   2.21824976252859E-20
 48   25     2.68897845993939E-20   1.96295427575575E-18
 49   25     8.87975545688395E-21   6.57101903809412E-19
 50   25     7.84397396787614E-16   5.88298047590710E-14
 51   25     2.58861948173007E-19   1.96735080611485E-17
 52   25     5.37610796948121E-12   4.13960313650053E-10
 53   25     3.57614262148108E-18   2.78939124475525E-16
 54   25     3.88346033350974E-12   3.06793366347269E-10
 55   25     3.30252547487401E-21   2.64202037989920E-19
 56   25     2.38169216310733E-17   1.92917065211694E-15
 57   25     1.00000000000000E-99   1.00000000000000E-99
 58   25     1.00000000000000E-99   1.00000000000000E-99
 59   25     1.00000000000000E-99   1.00000000000000E-99
 60   25     1.00000000000000E-99   1.00000000000000E-99
 61   25     1.00000000000000E-99   1.00000000000000E-99
 62   25     1.00000000000000E-99   1.00000000000000E-99
 63   25     1.00000000000000E-99   1.00000000000000E-99
 64   25     1.00000000000000E-99   1.00000000000000E-99
 16   26     1.00000000000000E-99   1.00000000000000E-99
 17   26     1.00000000000000E-99   1.00000000000000E-99
 18   26     1.00000000000000E-99   1.00000000000000E-99
 19   26     1.00000000000000E-99   1.00000000000000E-99
 20   26     1.00000000000000E-99   1.00000000000000E-99
 21   26     1.00000000000000E-99   1.00000000000000E-99
 22   26     1.00000000000000E-99   1.00000000000000E-99
 23   26     1.00000000000000E-99   1.00000000000000E-99
 24   26     1.00000000000000E-99   1.00000000000000E-99
 25   26     1.00000000000000E-99   1.00000000000000E-99
 26   26     1.00000000000000E-99   1.00000000000000E-99
 27   26     1.00000000000000E-99   1.00000000000000E-99
 28   26     1.00000000000000E-99   1.00000000000000E-99
 29   26     1.00000000000000E-99   1.00000000000000E-99
 30   26     1.00000000000000E-99   1.00000000000000E-99
 31   26     1.00000000000000E-99   1.00000000000000E-99
 32   26     1.00000000000000E-99   1.00000000000000E-99
 33   26     1.00000000000000E-99   1.00000000000000E-99
 34   26     1.00000000000000E-99   1.00000000000000E-99
 35   26     1.00000000000000E-99   1.00000000000000E-99
 36   26     1.00000000000000E-99   1.00000000000000E-99
 37   26     1.00000000000000E-99   1.00000000000000E-99
 38   26     1.00000000000000E-99   1.00000000000000E-99
 39   26     1.00000000000000E-99   1.00000000000000E-99
 40   26     1.00000000000000E-99   1.00000000000000E-99
 41   26     1.00000000000000E-99   1.00000000000000E-99
 42   26     1.00000000000000E-99   1.00000000000000E-99
 43   26     1.00000000000000E-99   1.00000000000000E-99
 44   26     1.00000000000000E-99   1.00000000000000E-99
 45   26     1.00000000000000E-99   1.00000000000000E-99
 46   26     1.00000000000000E-99   1.00000000000000E-99
 47   26     1.00000000000000E-99   1.00000000000000E-99
 48   26     9.94833634188662E-24   7.36176889299610E-22
 49   26     5.00409528864051E-20   3.75307146648039E-18
 50   26     2.64809050371528E-16   2.01254878282362E-14
 51   26     3.18625477598573E-19   2.45341617750901E-17
 52   26     2.75962516758070E-14   2.15250763071295E-12
 53   26     2.98819455075610E-18   2.36067369509732E-16
 54   26     7.98832080336370E-11   6.39065664269096E-09
 55   26     1.33724645890578E-20   1.08316963171369E-18
 56   26     2.75527531015769E-14   2.25932575432930E-12
 57   26     3.74881134373206E-25   3.11151341529761E-23
 58   26     1.48568621716531E-23   1.24797642241886E-21
 59   26     1.00000000000000E-99   1.00000000000000E-99
 60   26     3.29977177534356E-20   2.83780372679547E-18
 61   26     1.00000000000000E-99   1.00000000000000E-99
 62   26     1.00000000000000E-99   1.00000000000000E-99
 63   26     1.00000000000000E-99   1.00000000000000E-99
 64   26     1.00000000000000E-99   1.00000000000000E-99
 65   26     1.00000000000000E-99   1.00000000000000E-99
 66   26     1.00000000000000E-99   1.00000000000000E-99
 17   27     1.00000000000000E-99   1.00000000000000E-99
 18   27     1.00000000000000E-99   1.00000000000000E-99
 19   27     1.00000000000000E-99   1.00000000000000E-99
 20   27     1.00000000000000E-99   1.00000000000000E-99
 21   27     1.00000000000000E-99   1.00000000000000E-99
 22   27     1.00000000000000E-99   1.00000000000000E-99
 23   27     1.00000000000000E-99   1.00000000000000E-99
 24   27     1.00000000000000E-99   1.00000000000000E-99
 25   27     1.00000000000000E-99   1.00000000000000E-99
 26   27     1.00000000000000E-99   1.00000000000000E-99
 27   27     1.00000000000000E-99   1.00000000000000E-99
 28   27     1.00000000000000E-99   1.00000000000000E-99
 29   27     1.00000000000000E-99   1.00000000000000E-99
 30   27     1.00000000000000E-99   1.00000000000000E-99
 31   27     1.00000000000000E-99   1.00000000000000E-99
 32   27     1.00000000000000E-99   1.00000000000000E-99
 33   27     1.00000000000000E-99   1.00000000000000E-99
 34   27     1.00000000000000E-99   1.00000000000000E-99
 35   27     1.00000000000000E-99   1.00000000000000E-99
 36   27     1.00000000000000E-99   1.00000000000000E-99
 37   27     1.00000000000000E-99   1.00000000000000E-99
 38   27     1.00000000000000E-99   1.00000000000000E-99
 39   27     1.00000000000000E-99   1.00000000000000E-99
 40   27     1.00000000000000E-99   1.00000000000000E-99
 41   27     1.00000000000000E-99   1.00000000000000E-99
 42   27     1.00000000000000E-99   1.00000000000000E-99
 43   27     1.00000000000000E-99   1.00000000000000E-99
 44   27     1.00000000000000E-99   1.00000000000000E-99
 45   27     1.00000000000000E-99   1.00000000000000E-99
 46   27     1.00000000000000E-99   1.00000000000000E-99
 47   27     1.00000000000000E-99   1.00000000000000E-99
 48   27     1.00000000000000E-99   1.00000000000000E-99
 49   27     6.42953290548873E-25   4.88644500817143E-23
 50   27     5.58122450909805E-22   4.29754287200550E-20
 51   27     1.09114862396814E-19   8.51095926695152E-18
 52   27     6.20063576855813E-17   4.89850225716092E-15
 53   27     5.99822631239513E-19   4.79858104991610E-17
 54   27     1.27011891719721E-13   1.02879632292974E-11
 55   27     1.52001166898475E-18   1.24640956856749E-16
 56   27     1.06698318661840E-10   8.85596044893269E-09
 57   27     4.78441655554735E-19   4.01890990665977E-17
 58   27     2.86306716261819E-16   2.43360708822546E-14
 59   27     3.36260535742135E-22   2.89184060738236E-20
 60   27     4.39937261909530E-16   3.82745417861291E-14
 61   27     2.18293108393195E-23   1.92097935386012E-21
 62   27     3.65871327645676E-21   3.25625481604652E-19
 63   27     1.00000000000000E-99   1.00000000000000E-99
 64   27     1.00000000000000E-99   1.00000000000000E-99
 65   27     1.00000000000000E-99   1.00000000000000E-99
 66   27     1.00000000000000E-99   1.00000000000000E-99
 67   27     1.00000000000000E-99   1.00000000000000E-99
 68   27     1.00000000000000E-99   1.00000000000000E-99
 69   27     1.00000000000000E-99   1.00000000000000E-99
 18   28     1.00000000000000E-99   1.00000000000000E-99
 19   28     1.00000000000000E-99   1.00000000000000E-99
 20   28     1.00000000000000E-99   1.00000000000000E-99
 21   28     1.00000000000000E-99   1.00000000000000E-99
 22   28     1.00000000000000E-99   1.00000000000000E-99
 23   28     1.00000000000000E-99   1.00000000000000E-99
 24   28     1.00000000000000E-99   1.00000000000000E-99
 25   28     1.00000000000000E-99   1.00000000000000E-99
 26   28     1.00000000000000E-99   1.00000000000000E-99
 27   28     1.00000000000000E-99   1.00000000000000E-99
 28   28     1.00000000000000E-99   1.00000000000000E-99
 29   28     1.00000000000000E-99   1.00000000000000E-99
 30   28     1.00000000000000E-99   1.00000000000000E-99
 31   28     1.00000000000000E-99   1.00000000000000E-99
 32   28     1.00000000000000E-99   1.00000000000000E-99
 33   28     1.00000000000000E-99   1.00000000000000E-99
 34   28     1.00000000000000E-99   1.00000000000000E-99
 35   28     1.00000000000000E-99   1.00000000000000E-99
 36   28     1.00000000000000E-99   1.00000000000000E-99
 37   28     1.00000000000000E-99   1.00000000000000E-99
 38   28     1.00000000000000E-99   1.00000000000000E-99
 39   28     1.00000000000000E-99   1.00000000000000E-99
 40   28     1.00000000000000E-99   1.00000000000000E-99
 41   28     1.00000000000000E-99   1.00000000000000E-99
 42   28     1.00000000000000E-99   1.00000000000000E-99
 43   28     1.00000000000000E-99   1.00000000000000E-99
 44   28     1.00000000000000E-99   1.00000000000000E-99
 45   28     1.00000000000000E-99   1.00000000000000E-99
 46   28     1.00000000000000E-99   1.00000000000000E-99
 47   28     1.00000000000000E-99   1.00000000000000E-99
 48   28     1.00000000000000E-99   1.00000000000000E-99
 49   28     1.00000000000000E-99   1.00000000000000E-99
 50   28     1.60441278136345E-23   1.25144196946349E-21
 51   28     1.33869113221020E-22   1.05756599444606E-20
 52   28     9.88102077687599E-18   7.90481662150079E-16
 53   28     9.97510372209804E-19   8.07983401489942E-17
 54   28     3.34706485497509E-09   2.74459318107957E-07
 55   28     1.25995019309588E-17   1.04575866026958E-15
 56   28     9.20296749517231E-11   7.73049269594474E-09
 57   28     1.10060189040984E-16   9.35511606848361E-15
 58   28     5.91897698521156E-11   5.09032020728194E-09
 59   28     4.71690328875142E-17   4.10370586121373E-15
 60   28     3.66061839477089E-10   3.22134418739838E-08
 61   28     5.51049622528098E-17   4.90434164050007E-15
 62   28     4.20482519040311E-11   3.78434267136280E-09
 63   28     7.90309297399676E-20   7.19181460633705E-18
 64   28     2.56161704780588E-15   2.35668768398141E-13
 65   28     1.00000000000000E-99   1.00000000000000E-99
 66   28     1.00000000000000E-99   1.00000000000000E-99
 67   28     1.00000000000000E-99   1.00000000000000E-99
 68   28     1.00000000000000E-99   1.00000000000000E-99
 69   28     1.00000000000000E-99   1.00000000000000E-99
 70   28     1.00000000000000E-99   1.00000000000000E-99
 71   28     1.00000000000000E-99   1.00000000000000E-99
 19   29     1.00000000000000E-99   1.00000000000000E-99
 20   29     1.00000000000000E-99   1.00000000000000E-99
 21   29     1.00000000000000E-99   1.00000000000000E-99
 22   29     1.00000000000000E-99   1.00000000000000E-99
 23   29     1.00000000000000E-99   1.00000000000000E-99
 24   29     1.00000000000000E-99   1.00000000000000E-99
 25   29     1.00000000000000E-99   1.00000000000000E-99
 26   29     1.00000000000000E-99   1.00000000000000E-99
 27   29     1.00000000000000E-99   1.00000000000000E-99
 28   29     1.00000000000000E-99   1.00000000000000E-99
 29   29     1.00000000000000E-99   1.00000000000000E-99
 30   29     1.00000000000000E-99   1.00000000000000E-99
 31   29     1.00000000000000E-99   1.00000000000000E-99
 32   29     1.00000000000000E-99   1.00000000000000E-99
 33   29     1.00000000000000E-99   1.00000000000000E-99
 34   29     1.00000000000000E-99   1.00000000000000E-99
 35   29     1.00000000000000E-99   1.00000000000000E-99
 36   29     1.00000000000000E-99   1.00000000000000E-99
 37   29     1.00000000000000E-99   1.00000000000000E-99
 38   29     1.00000000000000E-99   1.00000000000000E-99
 39   29     1.00000000000000E-99   1.00000000000000E-99
 40   29     1.00000000000000E-99   1.00000000000000E-99
 41   29     1.00000000000000E-99   1.00000000000000E-99
 42   29     1.00000000000000E-99   1.00000000000000E-99
 43   29     1.00000000000000E-99   1.00000000000000E-99
 44   29     1.00000000000000E-99   1.00000000000000E-99
 45   29     1.00000000000000E-99   1.00000000000000E-99
 46   29     1.00000000000000E-99   1.00000000000000E-99
 47   29     1.00000000000000E-99   1.00000000000000E-99
 48   29     1.00000000000000E-99   1.00000000000000E-99
 49   29     1.00000000000000E-99   1.00000000000000E-99
 50   29     1.00000000000000E-99   1.00000000000000E-99
 51   29     1.75581242708197E-20   1.40464994166557E-18
 52   29     1.77662469650882E-18   1.43906600417215E-16
 53   29     4.95152666635034E-19   4.06025186640728E-17
 54   29     2.45312715279029E-17   2.03609553681594E-15
 55   29     1.28234951026850E-18   1.07717358862554E-16
 56   29     5.13579591258173E-16   4.36542652569447E-14
 57   29     1.21554945542421E-17   1.04537253166482E-15
 58   29     1.72186567895891E-15   1.49802314069425E-13
 59   29     3.48829848758913E-18   3.06970266907843E-16
 60   29     3.93106723653657E-14   3.49864984051755E-12
 61   29     3.67928896582306E-17   3.31136006924075E-15
 62   29     1.19579294829974E-11   1.08817158295276E-09
 63   29     6.44743922039680E-16   5.93164408276505E-14
 64   29     6.11239320440013E-10   5.68452568009212E-08
 65   29     5.61042658684212E-20   5.27380099163159E-18
 66   29     2.72988191111989E-18   2.59338781556389E-16
 67   29     1.00000000000000E-99   1.00000000000000E-99
 68   29     1.14537965342098E-24   1.11101826381835E-22
 69   29     1.00000000000000E-99   1.00000000000000E-99
 70   29     1.00000000000000E-99   1.00000000000000E-99
 71   29     1.00000000000000E-99   1.00000000000000E-99
 72   29     1.00000000000000E-99   1.00000000000000E-99
 73   29     1.00000000000000E-99   1.00000000000000E-99
 21   30     1.00000000000000E-99   1.00000000000000E-99
 22   30     1.00000000000000E-99   1.00000000000000E-99
 23   30     1.00000000000000E-99   1.00000000000000E-99
 24   30     1.00000000000000E-99   1.00000000000000E-99
 25   30     1.00000000000000E-99   1.00000000000000E-99
 26   30     1.00000000000000E-99   1.00000000000000E-99
 27   30     1.00000000000000E-99   1.00000000000000E-99
 28   30     1.00000000000000E-99   1.00000000000000E-99
 29   30     1.00000000000000E-99   1.00000000000000E-99
 30   30     1.00000000000000E-99   1.00000000000000E-99
 31   30     1.00000000000000E-99   1.00000000000000E-99
 32   30     1.00000000000000E-99   1.00000000000000E-99
 33   30     1.00000000000000E-99   1.00000000000000E-99
 34   30     1.00000000000000E-99   1.00000000000000E-99
 35   30     1.00000000000000E-99   1.00000000000000E-99
 36   30     1.00000000000000E-99   1.00000000000000E-99
 37   30     1.00000000000000E-99   1.00000000000000E-99
 38   30     1.00000000000000E-99   1.00000000000000E-99
 39   30     1.00000000000000E-99   1.00000000000000E-99
 40   30     1.00000000000000E-99   1.00000000000000E-99
 41   30     1.00000000000000E-99   1.00000000000000E-99
 42   30     1.00000000000000E-99   1.00000000000000E-99
 43   30     1.00000000000000E-99   1.00000000000000E-99
 44   30     1.00000000000000E-99   1.00000000000000E-99
 45   30     1.00000000000000E-99   1.00000000000000E-99
 46   30     1.00000000000000E-99   1.00000000000000E-99
 47   30     1.00000000000000E-99   1.00000000000000E-99
 48   30     1.00000000000000E-99   1.00000000000000E-99
 49   30     1.00000000000000E-99   1.00000000000000E-99
 50   30     1.00000000000000E-99   1.00000000000000E-99
 51   30     1.00000000000000E-99   1.00000000000000E-99
 52   30     1.00000000000000E-99   1.00000000000000E-99
 53   30     1.00000000000000E-99   1.00000000000000E-99
 54   30     2.89495336605198E-24   2.43176082748366E-22
 55   30     1.25774709266802E-24   1.06908502876782E-22
 56   30     2.14095888834369E-21   1.84122464397557E-19
 57   30     4.75291959843700E-23   4.13504005064019E-21
 58   30     7.95177742365374E-20   6.99756413281529E-18
 59   30     1.54040775558459E-20   1.37096290247029E-18
 60   30     9.16633504521115E-16   8.24970154069004E-14
 61   30     5.33589476529633E-18   4.85566423641966E-16
 62   30     8.18199454061631E-16   7.52743497736701E-14
 63   30     2.42349824649765E-17   2.25385336924282E-15
 64   30     1.23052601419006E-09   1.15669445333866E-07
 65   30     2.29331058602295E-17   2.17864505672180E-15
 66   30     4.72464432114370E-12   4.53565854829795E-10
 67   30     5.39940415122727E-21   5.23742202669045E-19
 68   30     3.07093895113604E-15   3.00952017211332E-13
 69   30     8.48170836204993E-23   8.39689127842943E-21
 70   30     1.03898802076491E-17   1.03898802076491E-15
 71   30     1.00000000000000E-99   1.00000000000000E-99
 72   30     1.00000000000000E-99   1.00000000000000E-99
 73   30     1.00000000000000E-99   1.00000000000000E-99
 74   30     1.00000000000000E-99   1.00000000000000E-99
 75   30     1.00000000000000E-99   1.00000000000000E-99
 22   31     1.00000000000000E-99   1.00000000000000E-99
 23   31     1.00000000000000E-99   1.00000000000000E-99
 24   31     1.00000000000000E-99   1.00000000000000E-99
 25   31     1.00000000000000E-99   1.00000000000000E-99
 26   31     1.00000000000000E-99   1.00000000000000E-99
 27   31     1.00000000000000E-99   1.00000000000000E-99
 28   31     1.00000000000000E-99   1.00000000000000E-99
 29   31     1.00000000000000E-99   1.00000000000000E-99
 30   31     1.00000000000000E-99   1.00000000000000E-99
 31   31     1.00000000000000E-99   1.00000000000000E-99
 32   31     1.00000000000000E-99   1.00000000000000E-99
 33   31     1.00000000000000E-99   1.00000000000000E-99
 34   31     1.00000000000000E-99   1.00000000000000E-99
 35   31     1.00000000000000E-99   1.00000000000000E-99
 36   31     1.00000000000000E-99   1.00000000000000E-99
 37   31     1.00000000000000E-99   1.00000000000000E-99
 38   31     1.00000000000000E-99   1.00000000000000E-99
 39   31     1.00000000000000E-99   1.00000000000000E-99
 40   31     1.00000000000000E-99   1.00000000000000E-99
 41   31     1.00000000000000E-99   1.00000000000000E-99
 42   31     1.00000000000000E-99   1.00000000000000E-99
 43   31     1.00000000000000E-99   1.00000000000000E-99
 44   31     1.00000000000000E-99   1.00000000000000E-99
 45   31     1.00000000000000E-99   1.00000000000000E-99
 46   31     1.00000000000000E-99   1.00000000000000E-99
 47   31     1.00000000000000E-99   1.00000000000000E-99
 48   31     1.00000000000000E-99   1.00000000000000E-99
 49   31     1.00000000000000E-99   1.00000000000000E-99
 50   31     1.00000000000000E-99   1.00000000000000E-99
 51   31     1.00000000000000E-99   1.00000000000000E-99
 52   31     1.00000000000000E-99   1.00000000000000E-99
 53   31     1.00000000000000E-99   1.00000000000000E-99
 54   31     1.00000000000000E-99   1.00000000000000E-99
 55   31     1.00000000000000E-99   1.00000000000000E-99
 56   31     1.00000000000000E-99   1.00000000000000E-99
 57   31     1.00000000000000E-99   1.00000000000000E-99
 58   31     5.43226036902412E-24   4.83471172843147E-22
 59   31     2.07288602879784E-25   1.86559742591806E-23
 60   31     2.76912162126903E-23   2.51990067535482E-21
 61   31     4.35467148332184E-19   4.00629776465609E-17
 62   31     9.49350500692174E-17   8.82895965643722E-15
 63   31     5.57371378020358E-18   5.23929095339137E-16
 64   31     3.75874420788487E-12   3.57080699749062E-10
 65   31     1.40772814456301E-17   1.35141901878048E-15
 66   31     6.61772031498112E-13   6.41918870553169E-11
 67   31     1.03218743288509E-17   1.01154368422739E-15
 68   31     5.42719694739597E-13   5.37292497792201E-11
 69   31     1.11447842247704E-16   1.11447842247704E-14
 70   31     5.24058961140125E-10   5.29299550751526E-08
 71   31     1.17925426849435E-19   1.20283935386423E-17
 72   31     2.42897760229642E-19   2.50184693036532E-17
 73   31     1.00000000000000E-99   1.00000000000000E-99
 74   31     1.00000000000000E-99   1.00000000000000E-99
 75   31     1.00000000000000E-99   1.00000000000000E-99
 76   31     1.00000000000000E-99   1.00000000000000E-99
 77   31     1.00000000000000E-99   1.00000000000000E-99
 23   32     1.00000000000000E-99   1.00000000000000E-99
 24   32     1.00000000000000E-99   1.00000000000000E-99
 25   32     1.00000000000000E-99   1.00000000000000E-99
 26   32     1.00000000000000E-99   1.00000000000000E-99
 27   32     1.00000000000000E-99   1.00000000000000E-99
 28   32     1.00000000000000E-99   1.00000000000000E-99
 29   32     1.00000000000000E-99   1.00000000000000E-99
 30   32     1.00000000000000E-99   1.00000000000000E-99
 31   32     1.00000000000000E-99   1.00000000000000E-99
 32   32     1.00000000000000E-99   1.00000000000000E-99
 33   32     1.00000000000000E-99   1.00000000000000E-99
 34   32     1.00000000000000E-99   1.00000000000000E-99
 35   32     1.00000000000000E-99   1.00000000000000E-99
 36   32     1.00000000000000E-99   1.00000000000000E-99
 37   32     1.00000000000000E-99   1.00000000000000E-99
 38   32     1.00000000000000E-99   1.00000000000000E-99
 39   32     1.00000000000000E-99   1.00000000000000E-99
 40   32     1.00000000000000E-99   1.00000000000000E-99
 41   32     1.00000000000000E-99   1.00000000000000E-99
 42   32     1.00000000000000E-99   1.00000000000000E-99
 43   32     1.00000000000000E-99   1.00000000000000E-99
 44   32     1.00000000000000E-99   1.00000000000000E-99
 45   32     1.00000000000000E-99   1.00000000000000E-99
 46   32     1.00000000000000E-99   1.00000000000000E-99
 47   32     1.00000000000000E-99   1.00000000000000E-99
 48   32     1.00000000000000E-99   1.00000000000000E-99
 49   32     1.00000000000000E-99   1.00000000000000E-99
 50   32     1.00000000000000E-99   1.00000000000000E-99
 51   32     1.00000000000000E-99   1.00000000000000E-99
 52   32     1.00000000000000E-99   1.00000000000000E-99
 53   32     1.00000000000000E-99   1.00000000000000E-99
 54   32     1.00000000000000E-99   1.00000000000000E-99
 55   32     1.00000000000000E-99   1.00000000000000E-99
 56   32     1.00000000000000E-99   1.00000000000000E-99
 57   32     1.00000000000000E-99   1.00000000000000E-99
 58   32     1.00000000000000E-99   1.00000000000000E-99
 59   32     1.00000000000000E-99   1.00000000000000E-99
 60   32     5.14812536434603E-25   4.73627533519835E-23
 61   32     1.22146975625530E-21   1.13596687331743E-19
 62   32     3.33778486134077E-19   3.13751776966032E-17
 63   32     1.53464310295207E-20   1.45791094780447E-18
 64   32     1.95958399335026E-17   1.88120063361625E-15
 65   32     2.80055320759369E-20   2.71653661136588E-18
 66   32     2.26406830605190E-17   2.21878693993086E-15
 67   32     4.95576929971823E-18   4.90621160672104E-16
 68   32     1.22458732217324E-14   1.22458732217324E-12
 69   32     5.73606935161913E-17   5.79343004513533E-15
 70   32     9.81662590412875E-10   1.00129584222113E-07
 71   32     3.92870808655728E-18   4.04656932915400E-16
 72   32     3.70234622437892E-13   3.85044007335408E-11
 73   32     3.70282182242434E-21   3.88796291354556E-19
 74   32     1.05489767247485E-16   1.11819153282335E-14
 75   32     1.00000000000000E-99   1.00000000000000E-99
 76   32     2.47982720512139E-24   2.67821338153110E-22
 77   32     1.00000000000000E-99   1.00000000000000E-99
 78   32     1.00000000000000E-99   1.00000000000000E-99
 79   32     1.00000000000000E-99   1.00000000000000E-99
 80   32     1.00000000000000E-99   1.00000000000000E-99
 24   33     1.00000000000000E-99   1.00000000000000E-99
 25   33     1.00000000000000E-99   1.00000000000000E-99
 26   33     1.00000000000000E-99   1.00000000000000E-99
 27   33     1.00000000000000E-99   1.00000000000000E-99
 28   33     1.00000000000000E-99   1.00000000000000E-99
 29   33     1.00000000000000E-99   1.00000000000000E-99
 30   33     1.00000000000000E-99   1.00000000000000E-99
 31   33     1.00000000000000E-99   1.00000000000000E-99
 32   33     1.00000000000000E-99   1.00000000000000E-99
 33   33     1.00000000000000E-99   1.00000000000000E-99
 34   33     1.00000000000000E-99   1.00000000000000E-99
 35   33     1.00000000000000E-99   1.00000000000000E-99
 36   33     1.00000000000000E-99   1.00000000000000E-99
 37   33     1.00000000000000E-99   1.00000000000000E-99
 38   33     1.00000000000000E-99   1.00000000000000E-99
 39   33     1.00000000000000E-99   1.00000000000000E-99
 40   33     1.00000000000000E-99   1.00000000000000E-99
 41   33     1.00000000000000E-99   1.00000000000000E-99
 42   33     1.00000000000000E-99   1.00000000000000E-99
 43   33     1.00000000000000E-99   1.00000000000000E-99
 44   33     1.00000000000000E-99   1.00000000000000E-99
 45   33     1.00000000000000E-99   1.00000000000000E-99
 46   33     1.00000000000000E-99   1.00000000000000E-99
 47   33     1.00000000000000E-99   1.00000000000000E-99
 48   33     1.00000000000000E-99   1.00000000000000E-99
 49   33     1.00000000000000E-99   1.00000000000000E-99
 50   33     1.00000000000000E-99   1.00000000000000E-99
 51   33     1.00000000000000E-99   1.00000000000000E-99
 52   33     1.00000000000000E-99   1.00000000000000E-99
 53   33     1.00000000000000E-99   1.00000000000000E-99
 54   33     1.00000000000000E-99   1.00000000000000E-99
 55   33     1.00000000000000E-99   1.00000000000000E-99
 56   33     1.00000000000000E-99   1.00000000000000E-99
 57   33     1.00000000000000E-99   1.00000000000000E-99
 58   33     1.00000000000000E-99   1.00000000000000E-99
 59   33     1.00000000000000E-99   1.00000000000000E-99
 60   33     1.00000000000000E-99   1.00000000000000E-99
 61   33     1.00000000000000E-99   1.00000000000000E-99
 62   33     1.00000000000000E-99   1.00000000000000E-99
 63   33     1.00000000000000E-99   1.00000000000000E-99
 64   33     2.46507749567666E-25   2.39112517080636E-23
 65   33     1.91286395265618E-24   1.87460667360305E-22
 66   33     1.29338864773276E-22   1.28045476125543E-20
 67   33     9.58244094630186E-19   9.58244094630186E-17
 68   33     4.01900692560701E-17   4.05919699486308E-15
 69   33     4.41231661432240E-18   4.50056294660885E-16
 70   33     2.34882687858454E-12   2.41929168494208E-10
 71   33     4.54469095010478E-17   4.72647858810897E-15
 72   33     2.57543502889669E-11   2.70420678034152E-09
 73   33     1.43758989553891E-15   1.52384528927125E-13
 74   33     6.00382790966647E-10   6.42409586334312E-08
 75   33     1.74067425809240E-14   1.87992819873980E-12
 76   33     1.09672372473302E-11   1.19542885995899E-09
 77   33     2.38656731757665E-15   2.62522404933431E-13
 78   33     8.36099959587066E-15   9.28070955141643E-13
 79   33     7.38915272332000E-22   8.27585105011840E-20
 80   33     1.00000000000000E-99   1.00000000000000E-99
 81   33     6.84864513963429E-24   7.80745545918309E-22
 82   33     1.00000000000000E-99   1.00000000000000E-99
 25   34     1.00000000000000E-99   1.00000000000000E-99
 26   34     1.00000000000000E-99   1.00000000000000E-99
 27   34     1.00000000000000E-99   1.00000000000000E-99
 28   34     1.00000000000000E-99   1.00000000000000E-99
 29   34     1.00000000000000E-99   1.00000000000000E-99
 30   34     1.00000000000000E-99   1.00000000000000E-99
 31   34     1.00000000000000E-99   1.00000000000000E-99
 32   34     1.00000000000000E-99   1.00000000000000E-99
 33   34     1.00000000000000E-99   1.00000000000000E-99
 34   34     1.00000000000000E-99   1.00000000000000E-99
 35   34     1.00000000000000E-99   1.00000000000000E-99
 36   34     1.00000000000000E-99   1.00000000000000E-99
 37   34     1.00000000000000E-99   1.00000000000000E-99
 38   34     1.00000000000000E-99   1.00000000000000E-99
 39   34     1.00000000000000E-99   1.00000000000000E-99
 40   34     1.00000000000000E-99   1.00000000000000E-99
 41   34     1.00000000000000E-99   1.00000000000000E-99
 42   34     1.00000000000000E-99   1.00000000000000E-99
 43   34     1.00000000000000E-99   1.00000000000000E-99
 44   34     1.00000000000000E-99   1.00000000000000E-99
 45   34     1.00000000000000E-99   1.00000000000000E-99
 46   34     1.00000000000000E-99   1.00000000000000E-99
 47   34     1.00000000000000E-99   1.00000000000000E-99
 48   34     1.00000000000000E-99   1.00000000000000E-99
 49   34     1.00000000000000E-99   1.00000000000000E-99
 50   34     1.00000000000000E-99   1.00000000000000E-99
 51   34     1.00000000000000E-99   1.00000000000000E-99
 52   34     1.00000000000000E-99   1.00000000000000E-99
 53   34     1.00000000000000E-99   1.00000000000000E-99
 54   34     1.00000000000000E-99   1.00000000000000E-99
 55   34     1.00000000000000E-99   1.00000000000000E-99
 56   34     1.00000000000000E-99   1.00000000000000E-99
 57   34     1.00000000000000E-99   1.00000000000000E-99
 58   34     1.00000000000000E-99   1.00000000000000E-99
 59   34     1.00000000000000E-99   1.00000000000000E-99
 60   34     1.00000000000000E-99   1.00000000000000E-99
 61   34     1.00000000000000E-99   1.00000000000000E-99
 62   34     1.00000000000000E-99   1.00000000000000E-99
 63   34     1.00000000000000E-99   1.00000000000000E-99
 64   34     1.00000000000000E-99   1.00000000000000E-99
 65   34     1.00000000000000E-99   1.00000000000000E-99
 66   34     5.77104056703783E-25   5.77104056703783E-23
 67   34     2.91348326725966E-21   2.94261809993226E-19
 68   34     1.00985268642930E-19   1.03004974015789E-17
 69   34     1.46733159008845E-19   1.51135153779110E-17
 70   34     2.23974192366904E-15   2.32933160061580E-13
 71   34     1.74348466507180E-17   1.83065889832539E-15
 72   34     2.77300327840644E-13   2.93938347511082E-11
 73   34     7.10504870462057E-17   7.60240211394401E-15
 74   34     1.09392121218327E-10   1.18143490915793E-08
 75   34     7.33947959349484E-16   8.00003275690938E-14
 76   34     2.78885939571863E-11   3.06774533529049E-09
 77   34     4.47207567203097E-16   4.96400399595437E-14
 78   34     6.04648609079058E-10   6.77206442168545E-08
 79   34     8.45177900677056E-19   9.55051027765074E-17
 80   34     6.08033763831367E-20   6.93158490767759E-18
 81   34     1.58477475061115E-15   1.82249096320282E-13
 82   34     9.03104592353449E-13   1.04760132713000E-10
 83   34     1.00000000000000E-99   1.00000000000000E-99
 84   34     1.00000000000000E-99   1.00000000000000E-99
 26   35     1.00000000000000E-99   1.00000000000000E-99
 27   35     1.00000000000000E-99   1.00000000000000E-99
 28   35     1.00000000000000E-99   1.00000000000000E-99
 29   35     1.00000000000000E-99   1.00000000000000E-99
 30   35     1.00000000000000E-99   1.00000000000000E-99
 31   35     1.00000000000000E-99   1.00000000000000E-99
 32   35     1.00000000000000E-99   1.00000000000000E-99
 33   35     1.00000000000000E-99   1.00000000000000E-99
 34   35     1.00000000000000E-99   1.00000000000000E-99
 35   35     1.00000000000000E-99   1.00000000000000E-99
 36   35     1.00000000000000E-99   1.00000000000000E-99
 37   35     1.00000000000000E-99   1.00000000000000E-99
 38   35     1.00000000000000E-99   1.00000000000000E-99
 39   35     1.00000000000000E-99   1.00000000000000E-99
 40   35     1.00000000000000E-99   1.00000000000000E-99
 41   35     1.00000000000000E-99   1.00000000000000E-99
 42   35     1.00000000000000E-99   1.00000000000000E-99
 43   35     1.00000000000000E-99   1.00000000000000E-99
 44   35     1.00000000000000E-99   1.00000000000000E-99
 45   35     1.00000000000000E-99   1.00000000000000E-99
 46   35     1.00000000000000E-99   1.00000000000000E-99
 47   35     1.00000000000000E-99   1.00000000000000E-99
 48   35     1.00000000000000E-99   1.00000000000000E-99
 49   35     1.00000000000000E-99   1.00000000000000E-99
 50   35     1.00000000000000E-99   1.00000000000000E-99
 51   35     1.00000000000000E-99   1.00000000000000E-99
 52   35     1.00000000000000E-99   1.00000000000000E-99
 53   35     1.00000000000000E-99   1.00000000000000E-99
 54   35     1.00000000000000E-99   1.00000000000000E-99
 55   35     1.00000000000000E-99   1.00000000000000E-99
 56   35     1.00000000000000E-99   1.00000000000000E-99
 57   35     1.00000000000000E-99   1.00000000000000E-99
 58   35     1.00000000000000E-99   1.00000000000000E-99
 59   35     1.00000000000000E-99   1.00000000000000E-99
 60   35     1.00000000000000E-99   1.00000000000000E-99
 61   35     1.00000000000000E-99   1.00000000000000E-99
 62   35     1.00000000000000E-99   1.00000000000000E-99
 63   35     1.00000000000000E-99   1.00000000000000E-99
 64   35     1.00000000000000E-99   1.00000000000000E-99
 65   35     1.00000000000000E-99   1.00000000000000E-99
 66   35     1.00000000000000E-99   1.00000000000000E-99
 67   35     1.00000000000000E-99   1.00000000000000E-99
 68   35     3.53780066654061E-24   3.64393468653683E-22
 69   35     6.91176088525312E-23   7.18823132066324E-21
 70   35     1.03641057518261E-20   1.08823110394174E-18
 71   35     2.42817517579439E-19   2.57386568634205E-17
 72   35     2.65863657429015E-17   2.84474113449046E-15
 73   35     3.88388748829587E-18   4.19459848735954E-16
 74   35     8.29317360007603E-10   9.03955922408287E-08
 75   35     8.94924494659123E-18   9.84416944125035E-16
 76   35     1.03318404960391E-17   1.14683429506034E-15
 77   35     2.23070821005146E-17   2.49839319525763E-15
 78   35     3.39823407550825E-14   3.84000450532432E-12
 79   35     2.13246473320737E-17   2.43100979585641E-15
 80   35     5.39073832043344E-18   6.19934906849846E-16
 81   35     8.30834978116214E-15   9.63768574614808E-13
 82   35     4.72683196646573E-10   5.53039340076490E-08
 83   35     2.20325974273898E-24   2.59984649643200E-22
 84   35     1.00000000000000E-99   1.00000000000000E-99
 85   35     1.00000000000000E-99   1.00000000000000E-99
 86   35     1.00000000000000E-99   1.00000000000000E-99
 27   36     1.00000000000000E-99   1.00000000000000E-99
 28   36     1.00000000000000E-99   1.00000000000000E-99
 29   36     1.00000000000000E-99   1.00000000000000E-99
 30   36     1.00000000000000E-99   1.00000000000000E-99
 31   36     1.00000000000000E-99   1.00000000000000E-99
 32   36     1.00000000000000E-99   1.00000000000000E-99
 33   36     1.00000000000000E-99   1.00000000000000E-99
 34   36     1.00000000000000E-99   1.00000000000000E-99
 35   36     1.00000000000000E-99   1.00000000000000E-99
 36   36     1.00000000000000E-99   1.00000000000000E-99
 37   36     1.00000000000000E-99   1.00000000000000E-99
 38   36     1.00000000000000E-99   1.00000000000000E-99
 39   36     1.00000000000000E-99   1.00000000000000E-99
 40   36     1.00000000000000E-99   1.00000000000000E-99
 41   36     1.00000000000000E-99   1.00000000000000E-99
 42   36     1.00000000000000E-99   1.00000000000000E-99
 43   36     1.00000000000000E-99   1.00000000000000E-99
 44   36     1.00000000000000E-99   1.00000000000000E-99
 45   36     1.00000000000000E-99   1.00000000000000E-99
 46   36     1.00000000000000E-99   1.00000000000000E-99
 47   36     1.00000000000000E-99   1.00000000000000E-99
 48   36     1.00000000000000E-99   1.00000000000000E-99
 49   36     1.00000000000000E-99   1.00000000000000E-99
 50   36     1.00000000000000E-99   1.00000000000000E-99
 51   36     1.00000000000000E-99   1.00000000000000E-99
 52   36     1.00000000000000E-99   1.00000000000000E-99
 53   36     1.00000000000000E-99   1.00000000000000E-99
 54   36     1.00000000000000E-99   1.00000000000000E-99
 55   36     1.00000000000000E-99   1.00000000000000E-99
 56   36     1.00000000000000E-99   1.00000000000000E-99
 57   36     1.00000000000000E-99   1.00000000000000E-99
 58   36     1.00000000000000E-99   1.00000000000000E-99
 59   36     1.00000000000000E-99   1.00000000000000E-99
 60   36     1.00000000000000E-99   1.00000000000000E-99
 61   36     1.00000000000000E-99   1.00000000000000E-99
 62   36     1.00000000000000E-99   1.00000000000000E-99
 63   36     1.00000000000000E-99   1.00000000000000E-99
 64   36     1.00000000000000E-99   1.00000000000000E-99
 65   36     1.00000000000000E-99   1.00000000000000E-99
 66   36     1.00000000000000E-99   1.00000000000000E-99
 67   36     1.00000000000000E-99   1.00000000000000E-99
 68   36     1.00000000000000E-99   1.00000000000000E-99
 69   36     1.00000000000000E-99   1.00000000000000E-99
 70   36     8.40137893540466E-23   8.90546167152894E-21
 71   36     2.79950593964424E-18   2.99547135541933E-16
 72   36     4.41556993833363E-16   4.76881553340032E-14
 73   36     3.66380633035093E-16   3.99354890008251E-14
 74   36     4.15305693821436E-14   4.56836263203580E-12
 75   36     2.97435654196228E-18   3.30153576157813E-16
 76   36     3.51814842798793E-18   3.94032623934648E-16
 77   36     3.95957779347985E-17   4.47432290663223E-15
 78   36     5.62053351167669E-15   6.40740820331143E-13
 79   36     2.15997892980255E-17   2.48397576927294E-15
 80   36     2.79581911786546E-16   3.24315017672393E-14
 81   36     5.81261018736734E-14   6.80075391921979E-12
 82   36     1.61657887169356E-09   1.90756306859840E-07
 83   36     1.06586045402411E-23   1.26837394028869E-21
 84   36     1.00000000000000E-99   1.00000000000000E-99
 85   36     1.00000000000000E-99   1.00000000000000E-99
 86   36     1.00000000000000E-99   1.00000000000000E-99
 87   36     1.00000000000000E-99   1.00000000000000E-99
 88   36     1.00000000000000E-99   1.00000000000000E-99
 29   37     1.00000000000000E-99   1.00000000000000E-99
 30   37     1.00000000000000E-99   1.00000000000000E-99
 31   37     1.00000000000000E-99   1.00000000000000E-99
 32   37     1.00000000000000E-99   1.00000000000000E-99
 33   37     1.00000000000000E-99   1.00000000000000E-99
 34   37     1.00000000000000E-99   1.00000000000000E-99
 35   37     1.00000000000000E-99   1.00000000000000E-99
 36   37     1.00000000000000E-99   1.00000000000000E-99
 37   37     1.00000000000000E-99   1.00000000000000E-99
 38   37     1.00000000000000E-99   1.00000000000000E-99
 39   37     1.00000000000000E-99   1.00000000000000E-99
 40   37     1.00000000000000E-99   1.00000000000000E-99
 41   37     1.00000000000000E-99   1.00000000000000E-99
 42   37     1.00000000000000E-99   1.00000000000000E-99
 43   37     1.00000000000000E-99   1.00000000000000E-99
 44   37     1.00000000000000E-99   1.00000000000000E-99
 45   37     1.00000000000000E-99   1.00000000000000E-99
 46   37     1.00000000000000E-99   1.00000000000000E-99
 47   37     1.00000000000000E-99   1.00000000000000E-99
 48   37     1.00000000000000E-99   1.00000000000000E-99
 49   37     1.00000000000000E-99   1.00000000000000E-99
 50   37     1.00000000000000E-99   1.00000000000000E-99
 51   37     1.00000000000000E-99   1.00000000000000E-99
 52   37     1.00000000000000E-99   1.00000000000000E-99
 53   37     1.00000000000000E-99   1.00000000000000E-99
 54   37     1.00000000000000E-99   1.00000000000000E-99
 55   37     1.00000000000000E-99   1.00000000000000E-99
 56   37     1.00000000000000E-99   1.00000000000000E-99
 57   37     1.00000000000000E-99   1.00000000000000E-99
 58   37     1.00000000000000E-99   1.00000000000000E-99
 59   37     1.00000000000000E-99   1.00000000000000E-99
 60   37     1.00000000000000E-99   1.00000000000000E-99
 61   37     1.00000000000000E-99   1.00000000000000E-99
 62   37     1.00000000000000E-99   1.00000000000000E-99
 63   37     1.00000000000000E-99   1.00000000000000E-99
 64   37     1.00000000000000E-99   1.00000000000000E-99
 65   37     1.00000000000000E-99   1.00000000000000E-99
 66   37     1.00000000000000E-99   1.00000000000000E-99
 67   37     1.00000000000000E-99   1.00000000000000E-99
 68   37     1.00000000000000E-99   1.00000000000000E-99
 69   37     1.00000000000000E-99   1.00000000000000E-99
 70   37     7.43545707581947E-25   7.95593907112684E-23
 71   37     6.98076226831875E-24   7.53922324978425E-22
 72   37     1.87027319347630E-21   2.03859778088916E-19
 73   37     5.94794384789122E-22   6.54273823268035E-20
 74   37     1.29675413077635E-21   1.43939708516175E-19
 75   37     4.83191233555113E-23   5.41174181581727E-21
 76   37     6.13978687378307E-22   6.93795916737487E-20
 77   37     6.88758702702152E-23   7.85184921080453E-21
 78   37     3.40696422019199E-21   3.91800885322079E-19
 79   37     6.17305663561524E-19   7.16074569731368E-17
 80   37     3.45954643719953E-18   4.04766933152345E-16
 81   37     9.31082667271342E-17   1.09867754738018E-14
 82   37     2.84710795808289E-09   3.38805847011864E-07
 83   37     2.28636512672376E-20   2.74363815206851E-18
 84   37     9.50607608225613E-24   1.15023520595299E-21
 85   37     1.00000000000000E-99   1.00000000000000E-99
 86   37     1.00000000000000E-99   1.00000000000000E-99
 87   37     1.00000000000000E-99   1.00000000000000E-99
 88   37     1.00000000000000E-99   1.00000000000000E-99
 89   37     1.00000000000000E-99   1.00000000000000E-99
 90   37     1.00000000000000E-99   1.00000000000000E-99
 91   37     1.00000000000000E-99   1.00000000000000E-99
 30   38     1.00000000000000E-99   1.00000000000000E-99
 31   38     1.00000000000000E-99   1.00000000000000E-99
 32   38     1.00000000000000E-99   1.00000000000000E-99
 33   38     1.00000000000000E-99   1.00000000000000E-99
 34   38     1.00000000000000E-99   1.00000000000000E-99
 35   38     1.00000000000000E-99   1.00000000000000E-99
 36   38     1.00000000000000E-99   1.00000000000000E-99
 37   38     1.00000000000000E-99   1.00000000000000E-99
 38   38     1.00000000000000E-99   1.00000000000000E-99
 39   38     1.00000000000000E-99   1.00000000000000E-99
 40   38     1.00000000000000E-99   1.00000000000000E-99
 41   38     1.00000000000000E-99   1.00000000000000E-99
 42   38     1.00000000000000E-99   1.00000000000000E-99
 43   38     1.00000000000000E-99   1.00000000000000E-99
 44   38     1.00000000000000E-99   1.00000000000000E-99
 45   38     1.00000000000000E-99   1.00000000000000E-99
 46   38     1.00000000000000E-99   1.00000000000000E-99
 47   38     1.00000000000000E-99   1.00000000000000E-99
 48   38     1.00000000000000E-99   1.00000000000000E-99
 49   38     1.00000000000000E-99   1.00000000000000E-99
 50   38     1.00000000000000E-99   1.00000000000000E-99
 51   38     1.00000000000000E-99   1.00000000000000E-99
 52   38     1.00000000000000E-99   1.00000000000000E-99
 53   38     1.00000000000000E-99   1.00000000000000E-99
 54   38     1.00000000000000E-99   1.00000000000000E-99
 55   38     1.00000000000000E-99   1.00000000000000E-99
 56   38     1.00000000000000E-99   1.00000000000000E-99
 57   38     1.00000000000000E-99   1.00000000000000E-99
 58   38     1.00000000000000E-99   1.00000000000000E-99
 59   38     1.00000000000000E-99   1.00000000000000E-99
 60   38     1.00000000000000E-99   1.00000000000000E-99
 61   38     1.00000000000000E-99   1.00000000000000E-99
 62   38     1.00000000000000E-99   1.00000000000000E-99
 63   38     1.00000000000000E-99   1.00000000000000E-99
 64   38     1.00000000000000E-99   1.00000000000000E-99
 65   38     1.00000000000000E-99   1.00000000000000E-99
 66   38     1.00000000000000E-99   1.00000000000000E-99
 67   38     1.00000000000000E-99   1.00000000000000E-99
 68   38     1.00000000000000E-99   1.00000000000000E-99
 69   38     1.00000000000000E-99   1.00000000000000E-99
 70   38     1.00000000000000E-99   1.00000000000000E-99
 71   38     1.00000000000000E-99   1.00000000000000E-99
 72   38     1.00000000000000E-99   1.00000000000000E-99
 73   38     1.00000000000000E-99   1.00000000000000E-99
 74   38     1.00000000000000E-99   1.00000000000000E-99
 75   38     1.00000000000000E-99   1.00000000000000E-99
 76   38     1.00000000000000E-99   1.00000000000000E-99
 77   38     1.00000000000000E-99   1.00000000000000E-99
 78   38     2.03767069311841E-22   2.36369800401736E-20
 79   38     7.39322970898512E-18   8.65007875951259E-16
 80   38     1.68906953639514E-17   1.99310205294626E-15
 81   38     7.34799582799890E-17   8.74411503531868E-15
 82   38     1.17227598542018E-08   1.40673118250421E-06
 83   38     3.11577876166061E-19   3.77009230160934E-17
 84   38     4.08860574521911E-19   4.98809900916732E-17
 85   38     1.00000000000000E-99   1.00000000000000E-99
 86   38     1.00000000000000E-99   1.00000000000000E-99
 87   38     1.00000000000000E-99   1.00000000000000E-99
 88   38     1.00000000000000E-99   1.00000000000000E-99
 89   38     1.00000000000000E-99   1.00000000000000E-99
 90   38     1.00000000000000E-99   1.00000000000000E-99
 91   38     1.00000000000000E-99   1.00000000000000E-99
 92   38     1.00000000000000E-99   1.00000000000000E-99
 93   38     1.00000000000000E-99   1.00000000000000E-99
 31   39     1.00000000000000E-99   1.00000000000000E-99
 32   39     1.00000000000000E-99   1.00000000000000E-99
 33   39     1.00000000000000E-99   1.00000000000000E-99
 34   39     1.00000000000000E-99   1.00000000000000E-99
 35   39     1.00000000000000E-99   1.00000000000000E-99
 36   39     1.00000000000000E-99   1.00000000000000E-99
 37   39     1.00000000000000E-99   1.00000000000000E-99
 38   39     1.00000000000000E-99   1.00000000000000E-99
 39   39     1.00000000000000E-99   1.00000000000000E-99
 40   39     1.00000000000000E-99   1.00000000000000E-99
 41   39     1.00000000000000E-99   1.00000000000000E-99
 42   39     1.00000000000000E-99   1.00000000000000E-99
 43   39     1.00000000000000E-99   1.00000000000000E-99
 44   39     1.00000000000000E-99   1.00000000000000E-99
 45   39     1.00000000000000E-99   1.00000000000000E-99
 46   39     1.00000000000000E-99   1.00000000000000E-99
 47   39     1.00000000000000E-99   1.00000000000000E-99
 48   39     1.00000000000000E-99   1.00000000000000E-99
 49   39     1.00000000000000E-99   1.00000000000000E-99
 50   39     1.00000000000000E-99   1.00000000000000E-99
 51   39     1.00000000000000E-99   1.00000000000000E-99
 52   39     1.00000000000000E-99   1.00000000000000E-99
 53   39     1.00000000000000E-99   1.00000000000000E-99
 54   39     1.00000000000000E-99   1.00000000000000E-99
 55   39     1.00000000000000E-99   1.00000000000000E-99
 56   39     1.00000000000000E-99   1.00000000000000E-99
 57   39     1.00000000000000E-99   1.00000000000000E-99
 58   39     1.00000000000000E-99   1.00000000000000E-99
 59   39     1.00000000000000E-99   1.00000000000000E-99
 60   39     1.00000000000000E-99   1.00000000000000E-99
 61   39     1.00000000000000E-99   1.00000000000000E-99
 62   39     1.00000000000000E-99   1.00000000000000E-99
 63   39     1.00000000000000E-99   1.00000000000000E-99
 64   39     1.00000000000000E-99   1.00000000000000E-99
 65   39     1.00000000000000E-99   1.00000000000000E-99
 66   39     1.00000000000000E-99   1.00000000000000E-99
 67   39     1.00000000000000E-99   1.00000000000000E-99
 68   39     1.00000000000000E-99   1.00000000000000E-99
 69   39     1.00000000000000E-99   1.00000000000000E-99
 70   39     1.00000000000000E-99   1.00000000000000E-99
 71   39     1.00000000000000E-99   1.00000000000000E-99
 72   39     1.00000000000000E-99   1.00000000000000E-99
 73   39     1.00000000000000E-99   1.00000000000000E-99
 74   39     1.00000000000000E-99   1.00000000000000E-99
 75   39     1.00000000000000E-99   1.00000000000000E-99
 76   39     1.00000000000000E-99   1.00000000000000E-99
 77   39     1.00000000000000E-99   1.00000000000000E-99
 78   39     2.88294268888245E-25   3.37304294599247E-23
 79   39     5.06555389930045E-19   5.97735360117453E-17
 80   39     7.34948732769638E-18   8.74588991995870E-16
 81   39     2.68128368243354E-17   3.21754041892025E-15
 82   39     1.07190096834107E-07   1.29700017169270E-05
 83   39     8.99200676199611E-15   1.09702482496353E-12
 84   39     1.10900211424869E-13   1.36407260052589E-11
 85   39     1.09275236049650E-23   1.35501292701566E-21
 86   39     1.00000000000000E-99   1.00000000000000E-99
 87   39     1.00000000000000E-99   1.00000000000000E-99
 88   39     1.00000000000000E-99   1.00000000000000E-99
 89   39     1.00000000000000E-99   1.00000000000000E-99
 90   39     1.00000000000000E-99   1.00000000000000E-99
 91   39     1.00000000000000E-99   1.00000000000000E-99
 92   39     1.00000000000000E-99   1.00000000000000E-99
 93   39     1.00000000000000E-99   1.00000000000000E-99
 94   39     1.00000000000000E-99   1.00000000000000E-99
 95   39     1.68345067456282E-23   2.25582390391417E-21
 32   40     1.00000000000000E-99   1.00000000000000E-99
 33   40     1.00000000000000E-99   1.00000000000000E-99
 34   40     1.00000000000000E-99   1.00000000000000E-99
 35   40     1.00000000000000E-99   1.00000000000000E-99
 36   40     1.00000000000000E-99   1.00000000000000E-99
 37   40     1.00000000000000E-99   1.00000000000000E-99
 38   40     1.00000000000000E-99   1.00000000000000E-99
 39   40     1.00000000000000E-99   1.00000000000000E-99
 40   40     1.00000000000000E-99   1.00000000000000E-99
 41   40     1.00000000000000E-99   1.00000000000000E-99
 42   40     1.00000000000000E-99   1.00000000000000E-99
 43   40     1.00000000000000E-99   1.00000000000000E-99
 44   40     1.00000000000000E-99   1.00000000000000E-99
 45   40     1.00000000000000E-99   1.00000000000000E-99
 46   40     1.00000000000000E-99   1.00000000000000E-99
 47   40     1.00000000000000E-99   1.00000000000000E-99
 48   40     1.00000000000000E-99   1.00000000000000E-99
 49   40     1.00000000000000E-99   1.00000000000000E-99
 50   40     1.00000000000000E-99   1.00000000000000E-99
 51   40     1.00000000000000E-99   1.00000000000000E-99
 52   40     1.00000000000000E-99   1.00000000000000E-99
 53   40     1.00000000000000E-99   1.00000000000000E-99
 54   40     1.00000000000000E-99   1.00000000000000E-99
 55   40     1.00000000000000E-99   1.00000000000000E-99
 56   40     1.00000000000000E-99   1.00000000000000E-99
 57   40     1.00000000000000E-99   1.00000000000000E-99
 58   40     1.00000000000000E-99   1.00000000000000E-99
 59   40     1.00000000000000E-99   1.00000000000000E-99
 60   40     1.00000000000000E-99   1.00000000000000E-99
 61   40     1.00000000000000E-99   1.00000000000000E-99
 62   40     1.00000000000000E-99   1.00000000000000E-99
 63   40     1.00000000000000E-99   1.00000000000000E-99
 64   40     1.00000000000000E-99   1.00000000000000E-99
 65   40     1.00000000000000E-99   1.00000000000000E-99
 66   40     1.00000000000000E-99   1.00000000000000E-99
 67   40     1.00000000000000E-99   1.00000000000000E-99
 68   40     1.00000000000000E-99   1.00000000000000E-99
 69   40     1.00000000000000E-99   1.00000000000000E-99
 70   40     1.00000000000000E-99   1.00000000000000E-99
 71   40     1.00000000000000E-99   1.00000000000000E-99
 72   40     1.00000000000000E-99   1.00000000000000E-99
 73   40     1.00000000000000E-99   1.00000000000000E-99
 74   40     1.00000000000000E-99   1.00000000000000E-99
 75   40     1.00000000000000E-99   1.00000000000000E-99
 76   40     1.00000000000000E-99   1.00000000000000E-99
 77   40     1.00000000000000E-99   1.00000000000000E-99
 78   40     1.62235523584962E-25   1.91437917830255E-23
 79   40     3.00384848353636E-17   3.57457969540826E-15
 80   40     1.27637684804356E-16   1.53165221765227E-14
 81   40     2.24947588496547E-15   2.72186582080822E-13
 82   40     4.41789249989511E-05   5.38982884987203E-03
 83   40     5.95768557800758E-12   7.32795326094932E-10
 84   40     1.30134584561615E-06   1.61366884856403E-04
 85   40     1.85290676632649E-16   2.31613345790811E-14
 86   40     5.11857350734291E-15   6.44940261925207E-13
 87   40     1.00000000000000E-99   1.00000000000000E-99
 88   40     1.00000000000000E-99   1.00000000000000E-99
 89   40     1.00000000000000E-99   1.00000000000000E-99
 90   40     1.16827756884754E-25   1.51876083950181E-23
 91   40     1.00000000000000E-99   1.00000000000000E-99
 92   40     1.00000000000000E-99   1.00000000000000E-99
 93   40     1.00000000000000E-99   1.00000000000000E-99
 94   40     1.00000000000000E-99   1.00000000000000E-99
 95   40     1.00000000000000E-99   1.00000000000000E-99
 96   40     1.00000000000000E-99   1.00000000000000E-99
 97   40     1.00000000000000E-99   1.00000000000000E-99
 33   41     1.00000000000000E-99   1.00000000000000E-99
 34   41     1.00000000000000E-99   1.00000000000000E-99
 35   41     1.00000000000000E-99   1.00000000000000E-99
 36   41     1.00000000000000E-99   1.00000000000000E-99
 37   41     1.00000000000000E-99   1.00000000000000E-99
 38   41     1.00000000000000E-99   1.00000000000000E-99
 39   41     1.00000000000000E-99   1.00000000000000E-99
 40   41     1.00000000000000E-99   1.00000000000000E-99
 41   41     1.00000000000000E-99   1.00000000000000E-99
 42   41     1.00000000000000E-99   1.00000000000000E-99
 43   41     1.00000000000000E-99   1.00000000000000E-99
 44   41     1.00000000000000E-99   1.00000000000000E-99
 45   41     1.00000000000000E-99   1.00000000000000E-99
 46   41     1.00000000000000E-99   1.00000000000000E-99
 47   41     1.00000000000000E-99   1.00000000000000E-99
 48   41     1.00000000000000E-99   1.00000000000000E-99
 49   41     1.00000000000000E-99   1.00000000000000E-99
 50   41     1.00000000000000E-99   1.00000000000000E-99
 51   41     1.00000000000000E-99   1.00000000000000E-99
 52   41     1.00000000000000E-99   1.00000000000000E-99
 53   41     1.00000000000000E-99   1.00000000000000E-99
 54   41     1.00000000000000E-99   1.00000000000000E-99
 55   41     1.00000000000000E-99   1.00000000000000E-99
 56   41     1.00000000000000E-99   1.00000000000000E-99
 57   41     1.00000000000000E-99   1.00000000000000E-99
 58   41     1.00000000000000E-99   1.00000000000000E-99
 59   41     1.00000000000000E-99   1.00000000000000E-99
 60   41     1.00000000000000E-99   1.00000000000000E-99
 61   41     1.00000000000000E-99   1.00000000000000E-99
 62   41     1.00000000000000E-99   1.00000000000000E-99
 63   41     1.00000000000000E-99   1.00000000000000E-99
 64   41     1.00000000000000E-99   1.00000000000000E-99
 65   41     1.00000000000000E-99   1.00000000000000E-99
 66   41     1.00000000000000E-99   1.00000000000000E-99
 67   41     1.00000000000000E-99   1.00000000000000E-99
 68   41     1.00000000000000E-99   1.00000000000000E-99
 69   41     1.00000000000000E-99   1.00000000000000E-99
 70   41     1.00000000000000E-99   1.00000000000000E-99
 71   41     1.00000000000000E-99   1.00000000000000E-99
 72   41     1.00000000000000E-99   1.00000000000000E-99
 73   41     1.00000000000000E-99   1.00000000000000E-99
 74   41     1.00000000000000E-99   1.00000000000000E-99
 75   41     1.00000000000000E-99   1.00000000000000E-99
 76   41     1.00000000000000E-99   1.00000000000000E-99
 77   41     1.00000000000000E-99   1.00000000000000E-99
 78   41     1.00000000000000E-99   1.00000000000000E-99
 79   41     1.31815138979443E-16   1.58178166775331E-14
 80   41     4.12478145850169E-16   4.99098556478704E-14
 81   41     1.43408612577676E-14   1.74958507344765E-12
 82   41     6.44371659264476E-10   7.92577140895305E-08
 83   41     6.73829594322844E-12   8.35548696960327E-10
 84   41     2.10647689574236E-05   2.63309611967796E-03
 85   41     4.94960836079379E-12   6.23650653460017E-10
 86   41     9.20319712089448E-09   1.16880603435360E-06
 87   41     4.35158861091183E-22   5.57003342196714E-20
 88   41     8.18220887175051E-24   1.05550494445582E-21
 89   41     1.00000000000000E-99   1.00000000000000E-99
 90   41     1.00000000000000E-99   1.00000000000000E-99
 91   41     1.00000000000000E-99   1.00000000000000E-99
 92   41     1.00000000000000E-99   1.00000000000000E-99
 93   41     1.00000000000000E-99   1.00000000000000E-99
 94   41     1.00000000000000E-99   1.00000000000000E-99
 95   41     1.00000000000000E-99   1.00000000000000E-99
 96   41     1.00000000000000E-99   1.00000000000000E-99
 97   41     1.00000000000000E-99   1.00000000000000E-99
 98   41     1.00000000000000E-99   1.00000000000000E-99
 99   41     2.95553231339561E-25   4.13774523875385E-23
 35   42     1.00000000000000E-99   1.00000000000000E-99
 36   42     1.00000000000000E-99   1.00000000000000E-99
 37   42     1.00000000000000E-99   1.00000000000000E-99
 38   42     1.00000000000000E-99   1.00000000000000E-99
 39   42     1.00000000000000E-99   1.00000000000000E-99
 40   42     1.00000000000000E-99   1.00000000000000E-99
 41   42     1.00000000000000E-99   1.00000000000000E-99
 42   42     1.00000000000000E-99   1.00000000000000E-99
 43   42     1.00000000000000E-99   1.00000000000000E-99
 44   42     1.00000000000000E-99   1.00000000000000E-99
 45   42     1.00000000000000E-99   1.00000000000000E-99
 46   42     1.00000000000000E-99   1.00000000000000E-99
 47   42     1.00000000000000E-99   1.00000000000000E-99
 48   42     1.00000000000000E-99   1.00000000000000E-99
 49   42     1.00000000000000E-99   1.00000000000000E-99
 50   42     1.00000000000000E-99   1.00000000000000E-99
 51   42     1.00000000000000E-99   1.00000000000000E-99
 52   42     1.00000000000000E-99   1.00000000000000E-99
 53   42     1.00000000000000E-99   1.00000000000000E-99
 54   42     1.00000000000000E-99   1.00000000000000E-99
 55   42     1.00000000000000E-99   1.00000000000000E-99
 56   42     1.00000000000000E-99   1.00000000000000E-99
 57   42     1.00000000000000E-99   1.00000000000000E-99
 58   42     1.00000000000000E-99   1.00000000000000E-99
 59   42     1.00000000000000E-99   1.00000000000000E-99
 60   42     1.00000000000000E-99   1.00000000000000E-99
 61   42     1.00000000000000E-99   1.00000000000000E-99
 62   42     1.00000000000000E-99   1.00000000000000E-99
 63   42     1.00000000000000E-99   1.00000000000000E-99
 64   42     1.00000000000000E-99   1.00000000000000E-99
 65   42     1.00000000000000E-99   1.00000000000000E-99
 66   42     1.00000000000000E-99   1.00000000000000E-99
 67   42     1.00000000000000E-99   1.00000000000000E-99
 68   42     1.00000000000000E-99   1.00000000000000E-99
 69   42     1.00000000000000E-99   1.00000000000000E-99
 70   42     1.00000000000000E-99   1.00000000000000E-99
 71   42     1.00000000000000E-99   1.00000000000000E-99
 72   42     1.00000000000000E-99   1.00000000000000E-99
 73   42     1.00000000000000E-99   1.00000000000000E-99
 74   42     1.00000000000000E-99   1.00000000000000E-99
 75   42     1.00000000000000E-99   1.00000000000000E-99
 76   42     1.00000000000000E-99   1.00000000000000E-99
 77   42     1.00000000000000E-99   1.00000000000000E-99
 78   42     2.61505114746429E-24   3.13806137695715E-22
 79   42     8.03294182712719E-21   9.71985961082390E-19
 80   42     1.27213540555610E-19   1.55200519477845E-17
 81   42     8.04549752092117E-14   9.89596195073304E-12
 82   42     1.49233718126172E-10   1.85049810476454E-08
 83   42     6.11166636269978E-12   7.63958295337472E-10
 84   42     4.52773047070323E-06   5.70494039308607E-04
 85   42     4.41238252432367E-11   5.60372580589106E-09
 86   42     5.36842449334852E-05   6.87158335148610E-03
 87   42     8.31388244581914E-21   1.07249083551067E-18
 88   42     5.30072609071862E-15   6.89094391793421E-13
 89   42     4.14572785119087E-23   5.43090348506004E-21
 90   42     2.42348655021706E-16   3.19900224628652E-14
 91   42     6.19812974086908E-22   8.24351255535588E-20
 92   42     1.91710505298820E-16   2.56892077100419E-14
 93   42     8.83994755224731E-24   1.19339291955339E-21
 94   42     3.24149441731903E-20   4.40843240755387E-18
 95   42     1.00000000000000E-99   1.00000000000000E-99
 96   42     1.00000000000000E-99   1.00000000000000E-99
 97   42     1.00000000000000E-99   1.00000000000000E-99
 98   42     1.00000000000000E-99   1.00000000000000E-99
 99   42     1.00000000000000E-99   1.00000000000000E-99
100   42     1.00000000000000E-99   1.00000000000000E-99
101   42     1.00000000000000E-99   1.00000000000000E-99
102   42     1.51911696152736E-19   2.18752842459940E-17
 36   43     1.00000000000000E-99   1.00000000000000E-99
 37   43     1.00000000000000E-99   1.00000000000000E-99
 38   43     1.00000000000000E-99   1.00000000000000E-99
 39   43     1.00000000000000E-99   1.00000000000000E-99
 40   43     1.00000000000000E-99   1.00000000000000E-99
 41   43     1.00000000000000E-99   1.00000000000000E-99
 42   43     1.00000000000000E-99   1.00000000000000E-99
 43   43     1.00000000000000E-99   1.00000000000000E-99
 44   43     1.00000000000000E-99   1.00000000000000E-99
 45   43     1.00000000000000E-99   1.00000000000000E-99
 46   43     1.00000000000000E-99   1.00000000000000E-99
 47   43     1.00000000000000E-99   1.00000000000000E-99
 48   43     1.00000000000000E-99   1.00000000000000E-99
 49   43     1.00000000000000E-99   1.00000000000000E-99
 50   43     1.00000000000000E-99   1.00000000000000E-99
 51   43     1.00000000000000E-99   1.00000000000000E-99
 52   43     1.00000000000000E-99   1.00000000000000E-99
 53   43     1.00000000000000E-99   1.00000000000000E-99
 54   43     1.00000000000000E-99   1.00000000000000E-99
 55   43     1.00000000000000E-99   1.00000000000000E-99
 56   43     1.00000000000000E-99   1.00000000000000E-99
 57   43     1.00000000000000E-99   1.00000000000000E-99
 58   43     1.00000000000000E-99   1.00000000000000E-99
 59   43     1.00000000000000E-99   1.00000000000000E-99
 60   43     1.00000000000000E-99   1.00000000000000E-99
 61   43     1.00000000000000E-99   1.00000000000000E-99
 62   43     1.00000000000000E-99   1.00000000000000E-99
 63   43     1.00000000000000E-99   1.00000000000000E-99
 64   43     1.00000000000000E-99   1.00000000000000E-99
 65   43     1.00000000000000E-99   1.00000000000000E-99
 66   43     1.00000000000000E-99   1.00000000000000E-99
 67   43     1.00000000000000E-99   1.00000000000000E-99
 68   43     1.00000000000000E-99   1.00000000000000E-99
 69   43     1.00000000000000E-99   1.00000000000000E-99
 70   43     1.00000000000000E-99   1.00000000000000E-99
 71   43     1.00000000000000E-99   1.00000000000000E-99
 72   43     1.00000000000000E-99   1.00000000000000E-99
 73   43     1.00000000000000E-99   1.00000000000000E-99
 74   43     1.00000000000000E-99   1.00000000000000E-99
 75   43     1.00000000000000E-99   1.00000000000000E-99
 76   43     1.00000000000000E-99   1.00000000000000E-99
 77   43     1.00000000000000E-99   1.00000000000000E-99
 78   43     1.00000000000000E-99   1.00000000000000E-99
 79   43     4.97423568265459E-24   6.06856753283860E-22
 80   43     1.60586099576462E-22   1.97520902479048E-20
 81   43     7.79548567318923E-17   9.66640223475464E-15
 82   43     5.25908137791902E-13   6.57385172239878E-11
 83   43     3.65107909821862E-14   4.60035966375546E-12
 84   43     2.50819138504232E-08   3.18540305900374E-06
 85   43     1.77374458759568E-10   2.27039307212247E-08
 86   43     6.59179084728450E-05   8.50341019299700E-03
 87   43     3.15031090516814E-15   4.09540417671858E-13
 88   43     4.67609314662185E-09   6.12568202207463E-07
 89   43     3.59996137354524E-16   4.75194901307971E-14
 90   43     1.47797156620942E-12   1.96570218305853E-10
 91   43     3.81039143729160E-16   5.10592452597074E-14
 92   43     3.52378288370000E-09   4.75710689299499E-07
 93   43     4.73932478925356E-14   6.44548171338484E-12
 94   43     1.53025783228127E-09   2.09645323022534E-07
 95   43     1.34974565903795E-15   1.86264900947237E-13
 96   43     4.15409094768279E-12   5.77418641727908E-10
 97   43     1.00246055285144E-19   1.40344477399201E-17
 98   43     9.40936404710817E-19   1.32672033064225E-16
 99   43     1.41049481082999E-24   2.00290263137859E-22
100   43     3.91523899019810E-23   5.59879175598328E-21
101   43     1.87879839799706E-24   2.70546969311577E-22
102   43     1.00000000000000E-99   1.00000000000000E-99
103   43     1.00000000000000E-99   1.00000000000000E-99
104   43     1.00000000000000E-99   1.00000000000000E-99
 37   44     1.00000000000000E-99   1.00000000000000E-99
 38   44     1.00000000000000E-99   1.00000000000000E-99
 39   44     1.00000000000000E-99   1.00000000000000E-99
 40   44     1.00000000000000E-99   1.00000000000000E-99
 41   44     1.00000000000000E-99   1.00000000000000E-99
 42   44     1.00000000000000E-99   1.00000000000000E-99
 43   44     1.00000000000000E-99   1.00000000000000E-99
 44   44     1.00000000000000E-99   1.00000000000000E-99
 45   44     1.00000000000000E-99   1.00000000000000E-99
 46   44     1.00000000000000E-99   1.00000000000000E-99
 47   44     1.00000000000000E-99   1.00000000000000E-99
 48   44     1.00000000000000E-99   1.00000000000000E-99
 49   44     1.00000000000000E-99   1.00000000000000E-99
 50   44     1.00000000000000E-99   1.00000000000000E-99
 51   44     1.00000000000000E-99   1.00000000000000E-99
 52   44     1.00000000000000E-99   1.00000000000000E-99
 53   44     1.00000000000000E-99   1.00000000000000E-99
 54   44     1.00000000000000E-99   1.00000000000000E-99
 55   44     1.00000000000000E-99   1.00000000000000E-99
 56   44     1.00000000000000E-99   1.00000000000000E-99
 57   44     1.00000000000000E-99   1.00000000000000E-99
 58   44     1.00000000000000E-99   1.00000000000000E-99
 59   44     1.00000000000000E-99   1.00000000000000E-99
 60   44     1.00000000000000E-99   1.00000000000000E-99
 61   44     1.00000000000000E-99   1.00000000000000E-99
 62   44     1.00000000000000E-99   1.00000000000000E-99
 63   44     1.00000000000000E-99   1.00000000000000E-99
 64   44     1.00000000000000E-99   1.00000000000000E-99
 65   44     1.00000000000000E-99   1.00000000000000E-99
 66   44     1.00000000000000E-99   1.00000000000000E-99
 67   44     1.00000000000000E-99   1.00000000000000E-99
 68   44     1.00000000000000E-99   1.00000000000000E-99
 69   44     1.00000000000000E-99   1.00000000000000E-99
 70   44     1.00000000000000E-99   1.00000000000000E-99
 71   44     1.00000000000000E-99   1.00000000000000E-99
 72   44     1.00000000000000E-99   1.00000000000000E-99
 73   44     1.00000000000000E-99   1.00000000000000E-99
 74   44     1.00000000000000E-99   1.00000000000000E-99
 75   44     1.00000000000000E-99   1.00000000000000E-99
 76   44     1.00000000000000E-99   1.00000000000000E-99
 77   44     1.00000000000000E-99   1.00000000000000E-99
 78   44     1.00000000000000E-99   1.00000000000000E-99
 79   44     1.00000000000000E-99   1.00000000000000E-99
 80   44     3.20834359150566E-23   3.97834605346702E-21
 81   44     6.35011927399221E-18   7.93764909249026E-16
 82   44     1.57636343836245E-15   1.98621793233669E-13
 83   44     1.37533307670331E-12   1.74667300741321E-10
 84   44     9.37940019063275E-11   1.20056322440099E-08
 85   44     3.95132282156007E-12   5.09720643981249E-10
 86   44     2.20909889271222E-04   2.87182856052589E-02
 87   44     1.46081857869971E-15   1.91367233809662E-13
 88   44     1.74871788893225E-10   2.30830761339056E-08
 89   44     4.80321362514995E-16   6.38827412144943E-14
 90   44     2.24429583837409E-12   3.00735642342128E-10
 91   44     5.04666456011467E-16   6.81299715615480E-14
 92   44     2.14243146232219E-10   2.91370678875818E-08
 93   44     1.30418411461632E-15   1.78673223702436E-13
 94   44     2.28782699429985E-09   3.15720125213379E-07
 95   44     4.34026850663873E-15   6.03297322422784E-13
 96   44     4.82340577782438E-09   6.75276808895413E-07
 97   44     1.97958901149040E-15   2.79122050620146E-13
 98   44     6.40792381754736E-11   9.09925182091725E-09
 99   44     1.70011256193741E-18   2.43116096357050E-16
100   44     2.66295860990474E-14   3.83466039826282E-12
101   44     5.05156411769328E-22   7.32476797065526E-20
102   44     3.41245057410260E-19   4.98217783818979E-17
103   44     1.00000000000000E-99   1.00000000000000E-99
104   44     1.00000000000000E-99   1.00000000000000E-99
105   44     1.00000000000000E-99   1.00000000000000E-99
106   44     1.00000000000000E-99   1.00000000000000E-99
 38   45     1.00000000000000E-99   1.00000000000000E-99
 39   45     1.00000000000000E-99   1.00000000000000E-99
 40   45     1.00000000000000E-99   1.00000000000000E-99
 41   45     1.00000000000000E-99   1.00000000000000E-99
 42   45     1.00000000000000E-99   1.00000000000000E-99
 43   45     1.00000000000000E-99   1.00000000000000E-99
 44   45     1.00000000000000E-99   1.00000000000000E-99
 45   45     1.00000000000000E-99   1.00000000000000E-99
 46   45     1.00000000000000E-99   1.00000000000000E-99
 47   45     1.00000000000000E-99   1.00000000000000E-99
 48   45     1.00000000000000E-99   1.00000000000000E-99
 49   45     1.00000000000000E-99   1.00000000000000E-99
 50   45     1.00000000000000E-99   1.00000000000000E-99
 51   45     1.00000000000000E-99   1.00000000000000E-99
 52   45     1.00000000000000E-99   1.00000000000000E-99
 53   45     1.00000000000000E-99   1.00000000000000E-99
 54   45     1.00000000000000E-99   1.00000000000000E-99
 55   45     1.00000000000000E-99   1.00000000000000E-99
 56   45     1.00000000000000E-99   1.00000000000000E-99
 57   45     1.00000000000000E-99   1.00000000000000E-99
 58   45     1.00000000000000E-99   1.00000000000000E-99
 59   45     1.00000000000000E-99   1.00000000000000E-99
 60   45     1.00000000000000E-99   1.00000000000000E-99
 61   45     1.00000000000000E-99   1.00000000000000E-99
 62   45     1.00000000000000E-99   1.00000000000000E-99
 63   45     1.00000000000000E-99   1.00000000000000E-99
 64   45     1.00000000000000E-99   1.00000000000000E-99
 65   45     1.00000000000000E-99   1.00000000000000E-99
 66   45     1.00000000000000E-99   1.00000000000000E-99
 67   45     1.00000000000000E-99   1.00000000000000E-99
 68   45     1.00000000000000E-99   1.00000000000000E-99
 69   45     1.00000000000000E-99   1.00000000000000E-99
 70   45     1.00000000000000E-99   1.00000000000000E-99
 71   45     1.00000000000000E-99   1.00000000000000E-99
 72   45     1.00000000000000E-99   1.00000000000000E-99
 73   45     1.00000000000000E-99   1.00000000000000E-99
 74   45     1.00000000000000E-99   1.00000000000000E-99
 75   45     1.00000000000000E-99   1.00000000000000E-99
 76   45     1.00000000000000E-99   1.00000000000000E-99
 77   45     1.00000000000000E-99   1.00000000000000E-99
 78   45     1.00000000000000E-99   1.00000000000000E-99
 79   45     1.00000000000000E-99   1.00000000000000E-99
 80   45     3.73336275120829E-25   4.66670343901036E-23
 81   45     1.45520907802734E-22   1.83356343831445E-20
 82   45     2.79705127448532E-19   3.55225511859635E-17
 83   45     3.91571510943227E-14   5.01211534007330E-12
 84   45     4.75887052469480E-12   6.13894297685630E-10
 85   45     8.93691829855119E-13   1.16179937881166E-10
 86   45     4.42703797797343E-08   5.79941975114519E-06
 87   45     5.06515157943387E-13   6.68600008485270E-11
 88   45     1.75011992385812E-10   2.32765949873130E-08
 89   45     4.38795345744347E-13   5.87985763297425E-11
 90   45     5.91309334106020E-11   7.98267601043126E-09
 91   45     2.46359175522203E-13   3.35048478710197E-11
 92   45     4.82957623703318E-11   6.61651944473545E-09
 93   45     5.31615646267541E-13   7.33629591849207E-11
 94   45     8.04580954705315E-10   1.11836752704039E-07
 95   45     1.10319235268009E-12   1.54446929375212E-10
 96   45     8.14684320489556E-08   1.14870489189027E-05
 97   45     1.70559630385982E-11   2.42194675148094E-09
 98   45     3.18944525373389E-06   4.56090671283947E-04
 99   45     1.01135572870962E-09   1.45635224934185E-07
100   45     3.44978668711054E-05   5.00219069631028E-03
101   45     4.97257460528569E-10   7.25995892371711E-08
102   45     5.16492810588256E-07   7.59244431564736E-05
103   45     4.86020771151239E-16   7.19310741303834E-14
104   45     7.41912719186087E-19   1.10544995158727E-16
105   45     1.00000000000000E-99   1.00000000000000E-99
106   45     1.00000000000000E-99   1.00000000000000E-99
107   45     1.00000000000000E-99   1.00000000000000E-99
108   45     1.00000000000000E-99   1.00000000000000E-99
 40   46     1.00000000000000E-99   1.00000000000000E-99
 41   46     1.00000000000000E-99   1.00000000000000E-99
 42   46     1.00000000000000E-99   1.00000000000000E-99
 43   46     1.00000000000000E-99   1.00000000000000E-99
 44   46     1.00000000000000E-99   1.00000000000000E-99
 45   46     1.00000000000000E-99   1.00000000000000E-99
 46   46     1.00000000000000E-99   1.00000000000000E-99
 47   46     1.00000000000000E-99   1.00000000000000E-99
 48   46     1.00000000000000E-99   1.00000000000000E-99
 49   46     1.00000000000000E-99   1.00000000000000E-99
 50   46     1.00000000000000E-99   1.00000000000000E-99
 51   46     1.00000000000000E-99   1.00000000000000E-99
 52   46     1.00000000000000E-99   1.00000000000000E-99
 53   46     1.00000000000000E-99   1.00000000000000E-99
 54   46     1.00000000000000E-99   1.00000000000000E-99
 55   46     1.00000000000000E-99   1.00000000000000E-99
 56   46     1.00000000000000E-99   1.00000000000000E-99
 57   46     1.00000000000000E-99   1.00000000000000E-99
 58   46     1.00000000000000E-99   1.00000000000000E-99
 59   46     1.00000000000000E-99   1.00000000000000E-99
 60   46     1.00000000000000E-99   1.00000000000000E-99
 61   46     1.00000000000000E-99   1.00000000000000E-99
 62   46     1.00000000000000E-99   1.00000000000000E-99
 63   46     1.00000000000000E-99   1.00000000000000E-99
 64   46     1.00000000000000E-99   1.00000000000000E-99
 65   46     1.00000000000000E-99   1.00000000000000E-99
 66   46     1.00000000000000E-99   1.00000000000000E-99
 67   46     1.00000000000000E-99   1.00000000000000E-99
 68   46     1.00000000000000E-99   1.00000000000000E-99
 69   46     1.00000000000000E-99   1.00000000000000E-99
 70   46     1.00000000000000E-99   1.00000000000000E-99
 71   46     1.00000000000000E-99   1.00000000000000E-99
 72   46     1.00000000000000E-99   1.00000000000000E-99
 73   46     1.00000000000000E-99   1.00000000000000E-99
 74   46     1.00000000000000E-99   1.00000000000000E-99
 75   46     1.00000000000000E-99   1.00000000000000E-99
 76   46     1.00000000000000E-99   1.00000000000000E-99
 77   46     1.00000000000000E-99   1.00000000000000E-99
 78   46     1.00000000000000E-99   1.00000000000000E-99
 79   46     1.00000000000000E-99   1.00000000000000E-99
 80   46     1.15929517827029E-25   1.46071192462056E-23
 81   46     7.71482427701739E-23   9.79782683181209E-21
 82   46     1.25217121897105E-20   1.60277916028294E-18
 83   46     1.31516313136389E-16   1.69656043945942E-14
 84   46     1.12836711683093E-15   1.46687725188021E-13
 85   46     4.84595592987584E-16   6.34820226813735E-14
 86   46     2.16637585656802E-08   2.85961613066978E-06
 87   46     7.40635234454134E-16   9.85044861823998E-14
 88   46     3.28982895813596E-13   4.40837080390218E-11
 89   46     3.45736461352840E-16   4.66744222826335E-14
 90   46     1.74899970971047E-13   2.37863960520624E-11
 91   46     2.69741729741285E-16   3.69546169745561E-14
 92   46     4.10137542361454E-14   5.65989808458806E-12
 93   46     7.86466096176933E-16   1.09318787368594E-13
 94   46     2.48046458365605E-12   3.47265041711846E-10
 95   46     4.54417631979812E-14   6.40728861091535E-12
 96   46     8.50818910448380E-10   1.20816285283670E-07
 97   46     1.60915949229187E-12   2.30109807397737E-10
 98   46     8.44533140022281E-08   1.21612772163208E-05
 99   46     2.34903259914626E-12   3.40609726876208E-10
100   46     6.61031508945439E-06   9.65106003060341E-04
101   46     5.69658084842285E-11   8.37397384718159E-09
102   46     4.08965628001312E-05   6.05269129441942E-03
103   46     3.98043896809686E-13   5.93085406246432E-11
104   46     5.69085769318218E-12   8.53628653977327E-10
105   46     2.24457342523200E-22   3.38930587210032E-20
106   46     3.98004326673540E-22   6.04966576543780E-20
107   46     1.00000000000000E-99   1.00000000000000E-99
108   46     1.00000000000000E-99   1.00000000000000E-99
109   46     1.00000000000000E-99   1.00000000000000E-99
110   46     1.00000000000000E-99   1.00000000000000E-99
 41   47     1.00000000000000E-99   1.00000000000000E-99
 42   47     1.00000000000000E-99   1.00000000000000E-99
 43   47     1.00000000000000E-99   1.00000000000000E-99
 44   47     1.00000000000000E-99   1.00000000000000E-99
 45   47     1.00000000000000E-99   1.00000000000000E-99
 46   47     1.00000000000000E-99   1.00000000000000E-99
 47   47     1.00000000000000E-99   1.00000000000000E-99
 48   47     1.00000000000000E-99   1.00000000000000E-99
 49   47     1.00000000000000E-99   1.00000000000000E-99
 50   47     1.00000000000000E-99   1.00000000000000E-99
 51   47     1.00000000000000E-99   1.00000000000000E-99
 52   47     1.00000000000000E-99   1.00000000000000E-99
 53   47     1.00000000000000E-99   1.00000000000000E-99
 54   47     1.00000000000000E-99   1.00000000000000E-99
 55   47     1.00000000000000E-99   1.00000000000000E-99
 56   47     1.00000000000000E-99   1.00000000000000E-99
 57   47     1.00000000000000E-99   1.00000000000000E-99
 58   47     1.00000000000000E-99   1.00000000000000E-99
 59   47     1.00000000000000E-99   1.00000000000000E-99
 60   47     1.00000000000000E-99   1.00000000000000E-99
 61   47     1.00000000000000E-99   1.00000000000000E-99
 62   47     1.00000000000000E-99   1.00000000000000E-99
 63   47     1.00000000000000E-99   1.00000000000000E-99
 64   47     1.00000000000000E-99   1.00000000000000E-99
 65   47     1.00000000000000E-99   1.00000000000000E-99
 66   47     1.00000000000000E-99   1.00000000000000E-99
 67   47     1.00000000000000E-99   1.00000000000000E-99
 68   47     1.00000000000000E-99   1.00000000000000E-99
 69   47     1.00000000000000E-99   1.00000000000000E-99
 70   47     1.00000000000000E-99   1.00000000000000E-99
 71   47     1.00000000000000E-99   1.00000000000000E-99
 72   47     1.00000000000000E-99   1.00000000000000E-99
 73   47     1.00000000000000E-99   1.00000000000000E-99
 74   47     1.00000000000000E-99   1.00000000000000E-99
 75   47     1.00000000000000E-99   1.00000000000000E-99
 76   47     1.00000000000000E-99   1.00000000000000E-99
 77   47     1.00000000000000E-99   1.00000000000000E-99
 78   47     1.00000000000000E-99   1.00000000000000E-99
 79   47     1.00000000000000E-99   1.00000000000000E-99
 80   47     1.00000000000000E-99   1.00000000000000E-99
 81   47     1.00000000000000E-99   1.00000000000000E-99
 82   47     3.43779884403171E-25   4.43476050880091E-23
 83   47     2.87459120608214E-19   3.73696856790678E-17
 84   47     9.85579626234448E-18   1.29110931036713E-15
 85   47     9.42624580818263E-18   1.24426444668011E-15
 86   47     1.48046372657351E-12   1.96901675634276E-10
 87   47     5.03322502130888E-18   6.74452152855390E-16
 88   47     7.90139468437661E-16   1.06668828239084E-13
 89   47     2.99991079108659E-18   4.07987867587777E-16
 90   47     9.70469527848944E-16   1.32954325315305E-13
 91   47     4.41643488976318E-18   6.09468014787319E-16
 92   47     4.37639451781860E-17   6.08318837976786E-15
 93   47     4.10898441328093E-18   5.75257817859330E-16
 94   47     3.29431705533018E-16   4.64498704801555E-14
 95   47     1.41942361590879E-16   2.01558153459049E-14
 96   47     1.20599734656955E-14   1.72457620559446E-12
 97   47     2.72338877822057E-14   3.92167984063762E-12
 98   47     3.22316383260029E-12   4.67358755727042E-10
 99   47     3.07302784611795E-13   4.48662065533220E-11
100   47     1.29202281144530E-09   1.89927353282459E-07
101   47     8.00489345962970E-12   1.18472423202520E-09
102   47     5.09958840648727E-05   7.59838672566603E-03
103   47     1.35068048605411E-09   2.02602072908116E-07
104   47     6.73141472003808E-07   1.01644362272575E-04
105   47     2.43620660823808E-14   3.70303404452188E-12
106   47     6.93839789498328E-13   1.06157487793244E-10
107   47     6.41485708570809E-20   9.87887991199046E-18
108   47     6.87629719724892E-18   1.06582606557358E-15
109   47     2.29841724426603E-25   3.58553090105501E-23
110   47     3.32844484042155E-24   5.22565839946184E-22
111   47     1.00000000000000E-99   1.00000000000000E-99
112   47     1.00000000000000E-99   1.00000000000000E-99
113   47     1.00000000000000E-99   1.00000000000000E-99
 42   48     1.00000000000000E-99   1.00000000000000E-99
 43   48     1.00000000000000E-99   1.00000000000000E-99
 44   48     1.00000000000000E-99   1.00000000000000E-99
 45   48     1.00000000000000E-99   1.00000000000000E-99
 46   48     1.00000000000000E-99   1.00000000000000E-99
 47   48     1.00000000000000E-99   1.00000000000000E-99
 48   48     1.00000000000000E-99   1.00000000000000E-99
 49   48     1.00000000000000E-99   1.00000000000000E-99
 50   48     1.00000000000000E-99   1.00000000000000E-99
 51   48     1.00000000000000E-99   1.00000000000000E-99
 52   48     1.00000000000000E-99   1.00000000000000E-99
 53   48     1.00000000000000E-99   1.00000000000000E-99
 54   48     1.00000000000000E-99   1.00000000000000E-99
 55   48     1.00000000000000E-99   1.00000000000000E-99
 56   48     1.00000000000000E-99   1.00000000000000E-99
 57   48     1.00000000000000E-99   1.00000000000000E-99
 58   48     1.00000000000000E-99   1.00000000000000E-99
 59   48     1.00000000000000E-99   1.00000000000000E-99
 60   48     1.00000000000000E-99   1.00000000000000E-99
 61   48     1.00000000000000E-99   1.00000000000000E-99
 62   48     1.00000000000000E-99   1.00000000000000E-99
 63   48     1.00000000000000E-99   1.00000000000000E-99
 64   48     1.00000000000000E-99   1.00000000000000E-99
 65   48     1.00000000000000E-99   1.00000000000000E-99
 66   48     1.00000000000000E-99   1.00000000000000E-99
 67   48     1.00000000000000E-99   1.00000000000000E-99
 68   48     1.00000000000000E-99   1.00000000000000E-99
 69   48     1.00000000000000E-99   1.00000000000000E-99
 70   48     1.00000000000000E-99   1.00000000000000E-99
 71   48     1.00000000000000E-99   1.00000000000000E-99
 72   48     1.00000000000000E-99   1.00000000000000E-99
 73   48     1.00000000000000E-99   1.00000000000000E-99
 74   48     1.00000000000000E-99   1.00000000000000E-99
 75   48     1.00000000000000E-99   1.00000000000000E-99
 76   48     1.00000000000000E-99   1.00000000000000E-99
 77   48     1.00000000000000E-99   1.00000000000000E-99
 78   48     1.00000000000000E-99   1.00000000000000E-99
 79   48     1.00000000000000E-99   1.00000000000000E-99
 80   48     1.00000000000000E-99   1.00000000000000E-99
 81   48     1.00000000000000E-99   1.00000000000000E-99
 82   48     1.00000000000000E-99   1.00000000000000E-99
 83   48     2.52389134843318E-22   3.30629766644747E-20
 84   48     1.71682546570474E-21   2.26620961473026E-19
 85   48     1.60263493448775E-21   2.13150446286871E-19
 86   48     1.39272493840551E-20   1.86625141746339E-18
 87   48     2.63773571414175E-21   3.56094321409136E-19
 88   48     3.35543434801041E-17   4.56339071329415E-15
 89   48     9.20851613554345E-22   1.26156671056945E-19
 90   48     2.03955633881279E-18   2.81458774756165E-16
 91   48     3.74935798960318E-22   5.21160760554842E-20
 92   48     7.72109543373732E-21   1.08095336072323E-18
 93   48     3.17086611229505E-22   4.47092121833602E-20
 94   48     4.18483781386299E-20   5.94246969568544E-18
 95   48     5.97211035741563E-21   8.54011781110434E-19
 96   48     6.75219667899378E-19   9.72316321775104E-17
 97   48     4.67885982861506E-18   6.78434675149184E-16
 98   48     4.34311271777349E-14   6.34094456794929E-12
 99   48     1.99147504048139E-13   2.92746830950765E-11
100   48     2.42524509919088E-10   3.58936274680250E-08
101   48     2.20065058519492E-12   3.27896937194044E-10
102   48     1.35171550320653E-07   2.02757325480979E-05
103   48     7.36610291856472E-11   1.11228154070327E-08
104   48     6.02883615528417E-05   9.16383095603194E-03
105   48     3.50001881386325E-11   5.35502878521077E-09
106   48     9.10287109576913E-07   1.40184214874845E-04
107   48     4.73657512549475E-13   7.34169144451686E-11
108   48     6.95290988426502E-08   1.08465394194534E-05
109   48     1.46493009388090E-14   2.29994024739301E-12
110   48     3.62387912967600E-10   5.72572902488808E-08
111   48     3.72500270407175E-17   5.92275429947408E-15
112   48     3.65824131444920E-14   5.85318610311871E-12
113   48     1.00000000000000E-99   1.00000000000000E-99
114   48     1.00000000000000E-99   1.00000000000000E-99
115   48     1.00000000000000E-99   1.00000000000000E-99
 43   49     1.00000000000000E-99   1.00000000000000E-99
 44   49     1.00000000000000E-99   1.00000000000000E-99
 45   49     1.00000000000000E-99   1.00000000000000E-99
 46   49     1.00000000000000E-99   1.00000000000000E-99
 47   49     1.00000000000000E-99   1.00000000000000E-99
 48   49     1.00000000000000E-99   1.00000000000000E-99
 49   49     1.00000000000000E-99   1.00000000000000E-99
 50   49     1.00000000000000E-99   1.00000000000000E-99
 51   49     1.00000000000000E-99   1.00000000000000E-99
 52   49     1.00000000000000E-99   1.00000000000000E-99
 53   49     1.00000000000000E-99   1.00000000000000E-99
 54   49     1.00000000000000E-99   1.00000000000000E-99
 55   49     1.00000000000000E-99   1.00000000000000E-99
 56   49     1.00000000000000E-99   1.00000000000000E-99
 57   49     1.00000000000000E-99   1.00000000000000E-99
 58   49     1.00000000000000E-99   1.00000000000000E-99
 59   49     1.00000000000000E-99   1.00000000000000E-99
 60   49     1.00000000000000E-99   1.00000000000000E-99
 61   49     1.00000000000000E-99   1.00000000000000E-99
 62   49     1.00000000000000E-99   1.00000000000000E-99
 63   49     1.00000000000000E-99   1.00000000000000E-99
 64   49     1.00000000000000E-99   1.00000000000000E-99
 65   49     1.00000000000000E-99   1.00000000000000E-99
 66   49     1.00000000000000E-99   1.00000000000000E-99
 67   49     1.00000000000000E-99   1.00000000000000E-99
 68   49     1.00000000000000E-99   1.00000000000000E-99
 69   49     1.00000000000000E-99   1.00000000000000E-99
 70   49     1.00000000000000E-99   1.00000000000000E-99
 71   49     1.00000000000000E-99   1.00000000000000E-99
 72   49     1.00000000000000E-99   1.00000000000000E-99
 73   49     1.00000000000000E-99   1.00000000000000E-99
 74   49     1.00000000000000E-99   1.00000000000000E-99
 75   49     1.00000000000000E-99   1.00000000000000E-99
 76   49     1.00000000000000E-99   1.00000000000000E-99
 77   49     1.00000000000000E-99   1.00000000000000E-99
 78   49     1.00000000000000E-99   1.00000000000000E-99
 79   49     1.00000000000000E-99   1.00000000000000E-99
 80   49     1.00000000000000E-99   1.00000000000000E-99
 81   49     1.00000000000000E-99   1.00000000000000E-99
 82   49     1.00000000000000E-99   1.00000000000000E-99
 83   49     1.00000000000000E-99   1.00000000000000E-99
 84   49     1.00000000000000E-99   1.00000000000000E-99
 85   49     1.00000000000000E-99   1.00000000000000E-99
 86   49     1.00000000000000E-99   1.00000000000000E-99
 87   49     1.00000000000000E-99   1.00000000000000E-99
 88   49     5.98341552595052E-25   8.19727927055221E-23
 89   49     1.00000000000000E-99   1.00000000000000E-99
 90   49     3.40451850287642E-25   4.73228071899822E-23
 91   49     1.00000000000000E-99   1.00000000000000E-99
 92   49     1.00000000000000E-99   1.00000000000000E-99
 93   49     1.00000000000000E-99   1.00000000000000E-99
 94   49     1.00000000000000E-99   1.00000000000000E-99
 95   49     3.58655001896820E-24   5.16463202731421E-22
 96   49     1.81993814701383E-21   2.63891031317005E-19
 97   49     8.54828069613284E-20   1.24804898163539E-17
 98   49     3.53177841608199E-18   5.19171427164052E-16
 99   49     1.06980019897686E-16   1.58330429448576E-14
100   49     1.00441982734560E-14   1.49658554274495E-12
101   49     1.79412482659819E-13   2.69118723989728E-11
102   49     6.34170668521327E-11   9.57597709467203E-09
103   49     1.24005572698873E-12   1.88488470502286E-10
104   49     3.84918190567674E-09   5.88924831568541E-07
105   49     2.59421726531536E-12   3.99509458858566E-10
106   49     1.59791581229019E-07   2.47676950904979E-05
107   49     1.64365497735122E-11   2.56410176466790E-09
108   49     2.16299004753407E-06   3.39589437462850E-04
109   49     2.27444234414609E-10   3.59361890375083E-08
110   49     4.29832334127501E-05   6.83433411262726E-03
111   49     6.98937876342409E-11   1.11830060214785E-08
112   49     1.58888895436449E-08   2.55811121652683E-06
113   49     1.63200210784248E-15   2.64384341470481E-13
114   49     4.36908091845929E-12   7.12160189708865E-10
115   49     1.18589843912757E-18   1.94487344016921E-16
116   49     1.00000000000000E-99   1.00000000000000E-99
117   49     1.00000000000000E-99   1.00000000000000E-99
 44   50     1.00000000000000E-99   1.00000000000000E-99
 45   50     1.00000000000000E-99   1.00000000000000E-99
 46   50     1.00000000000000E-99   1.00000000000000E-99
 47   50     1.00000000000000E-99   1.00000000000000E-99
 48   50     1.00000000000000E-99   1.00000000000000E-99
 49   50     1.00000000000000E-99   1.00000000000000E-99
 50   50     1.00000000000000E-99   1.00000000000000E-99
 51   50     1.00000000000000E-99   1.00000000000000E-99
 52   50     1.00000000000000E-99   1.00000000000000E-99
 53   50     1.00000000000000E-99   1.00000000000000E-99
 54   50     1.00000000000000E-99   1.00000000000000E-99
 55   50     1.00000000000000E-99   1.00000000000000E-99
 56   50     1.00000000000000E-99   1.00000000000000E-99
 57   50     1.00000000000000E-99   1.00000000000000E-99
 58   50     1.00000000000000E-99   1.00000000000000E-99
 59   50     1.00000000000000E-99   1.00000000000000E-99
 60   50     1.00000000000000E-99   1.00000000000000E-99
 61   50     1.00000000000000E-99   1.00000000000000E-99
 62   50     1.00000000000000E-99   1.00000000000000E-99
 63   50     1.00000000000000E-99   1.00000000000000E-99
 64   50     1.00000000000000E-99   1.00000000000000E-99
 65   50     1.00000000000000E-99   1.00000000000000E-99
 66   50     1.00000000000000E-99   1.00000000000000E-99
 67   50     1.00000000000000E-99   1.00000000000000E-99
 68   50     1.00000000000000E-99   1.00000000000000E-99
 69   50     1.00000000000000E-99   1.00000000000000E-99
 70   50     1.00000000000000E-99   1.00000000000000E-99
 71   50     1.00000000000000E-99   1.00000000000000E-99
 72   50     1.00000000000000E-99   1.00000000000000E-99
 73   50     1.00000000000000E-99   1.00000000000000E-99
 74   50     1.00000000000000E-99   1.00000000000000E-99
 75   50     1.00000000000000E-99   1.00000000000000E-99
 76   50     1.00000000000000E-99   1.00000000000000E-99
 77   50     1.00000000000000E-99   1.00000000000000E-99
 78   50     1.00000000000000E-99   1.00000000000000E-99
 79   50     1.00000000000000E-99   1.00000000000000E-99
 80   50     1.00000000000000E-99   1.00000000000000E-99
 81   50     1.00000000000000E-99   1.00000000000000E-99
 82   50     1.00000000000000E-99   1.00000000000000E-99
 83   50     1.00000000000000E-99   1.00000000000000E-99
 84   50     1.00000000000000E-99   1.00000000000000E-99
 85   50     1.00000000000000E-99   1.00000000000000E-99
 86   50     1.00000000000000E-99   1.00000000000000E-99
 87   50     1.00000000000000E-99   1.00000000000000E-99
 88   50     1.00000000000000E-99   1.00000000000000E-99
 89   50     1.00000000000000E-99   1.00000000000000E-99
 90   50     1.00000000000000E-99   1.00000000000000E-99
 91   50     1.00000000000000E-99   1.00000000000000E-99
 92   50     1.00000000000000E-99   1.00000000000000E-99
 93   50     1.00000000000000E-99   1.00000000000000E-99
 94   50     1.00000000000000E-99   1.00000000000000E-99
 95   50     1.00000000000000E-99   1.00000000000000E-99
 96   50     8.73744522468348E-25   1.27566700280379E-22
 97   50     5.41574993607710E-24   7.96115240603333E-22
 98   50     3.32126379746157E-21   4.91547042024312E-19
 99   50     2.48765251025175E-20   3.70660224027511E-18
100   50     2.93782592188506E-18   4.40673888282760E-16
101   50     1.31789904651851E-17   1.99002756024295E-15
102   50     2.02552932466392E-15   3.07880457348916E-13
103   50     2.00275307677843E-15   3.06421220747099E-13
104   50     7.90326718021313E-12   1.21710314575282E-09
105   50     6.50905496274058E-14   1.00890351922479E-11
106   50     2.46755137068562E-09   3.84938013826957E-07
107   50     4.14339114144080E-12   6.50512409206206E-10
108   50     4.43260188065474E-08   7.00351097143449E-06
109   50     2.13279974002495E-12   3.39115158663967E-10
110   50     3.38233340348314E-05   5.41173344557303E-03
111   50     9.58893945448714E-12   1.54381925217243E-09
112   50     1.59649939726873E-05   2.58632902357535E-03
113   50     2.08140325981860E-11   3.39268731350432E-09
114   50     5.81956085274581E-06   9.54407979850314E-04
115   50     1.24325573397292E-11   2.05137196105531E-09
116   50     1.02754124751293E-08   1.70571847087146E-06
117   50     8.68698094859994E-15   1.45072581841619E-12
118   50     1.00000000000000E-99   1.00000000000000E-99
119   50     1.00000000000000E-99   1.00000000000000E-99
 46   51     1.00000000000000E-99   1.00000000000000E-99
 47   51     1.00000000000000E-99   1.00000000000000E-99
 48   51     1.00000000000000E-99   1.00000000000000E-99
 49   51     1.00000000000000E-99   1.00000000000000E-99
 50   51     1.00000000000000E-99   1.00000000000000E-99
 51   51     1.00000000000000E-99   1.00000000000000E-99
 52   51     1.00000000000000E-99   1.00000000000000E-99
 53   51     1.00000000000000E-99   1.00000000000000E-99
 54   51     1.00000000000000E-99   1.00000000000000E-99
 55   51     1.00000000000000E-99   1.00000000000000E-99
 56   51     1.00000000000000E-99   1.00000000000000E-99
 57   51     1.00000000000000E-99   1.00000000000000E-99
 58   51     1.00000000000000E-99   1.00000000000000E-99
 59   51     1.00000000000000E-99   1.00000000000000E-99
 60   51     1.00000000000000E-99   1.00000000000000E-99
 61   51     1.00000000000000E-99   1.00000000000000E-99
 62   51     1.00000000000000E-99   1.00000000000000E-99
 63   51     1.00000000000000E-99   1.00000000000000E-99
 64   51     1.00000000000000E-99   1.00000000000000E-99
 65   51     1.00000000000000E-99   1.00000000000000E-99
 66   51     1.00000000000000E-99   1.00000000000000E-99
 67   51     1.00000000000000E-99   1.00000000000000E-99
 68   51     1.00000000000000E-99   1.00000000000000E-99
 69   51     1.00000000000000E-99   1.00000000000000E-99
 70   51     1.00000000000000E-99   1.00000000000000E-99
 71   51     1.00000000000000E-99   1.00000000000000E-99
 72   51     1.00000000000000E-99   1.00000000000000E-99
 73   51     1.00000000000000E-99   1.00000000000000E-99
 74   51     1.00000000000000E-99   1.00000000000000E-99
 75   51     1.00000000000000E-99   1.00000000000000E-99
 76   51     1.00000000000000E-99   1.00000000000000E-99
 77   51     1.00000000000000E-99   1.00000000000000E-99
 78   51     1.00000000000000E-99   1.00000000000000E-99
 79   51     1.00000000000000E-99   1.00000000000000E-99
 80   51     1.00000000000000E-99   1.00000000000000E-99
 81   51     1.00000000000000E-99   1.00000000000000E-99
 82   51     1.00000000000000E-99   1.00000000000000E-99
 83   51     1.00000000000000E-99   1.00000000000000E-99
 84   51     1.00000000000000E-99   1.00000000000000E-99
 85   51     1.00000000000000E-99   1.00000000000000E-99
 86   51     1.00000000000000E-99   1.00000000000000E-99
 87   51     1.00000000000000E-99   1.00000000000000E-99
 88   51     1.00000000000000E-99   1.00000000000000E-99
 89   51     1.00000000000000E-99   1.00000000000000E-99
 90   51     1.00000000000000E-99   1.00000000000000E-99
 91   51     1.00000000000000E-99   1.00000000000000E-99
 92   51     1.00000000000000E-99   1.00000000000000E-99
 93   51     1.00000000000000E-99   1.00000000000000E-99
 94   51     1.00000000000000E-99   1.00000000000000E-99
 95   51     1.00000000000000E-99   1.00000000000000E-99
 96   51     1.00000000000000E-99   1.00000000000000E-99
 97   51     1.00000000000000E-99   1.00000000000000E-99
 98   51     1.00000000000000E-99   1.00000000000000E-99
 99   51     1.66732994410316E-25   2.50099491615474E-23
100   51     1.80247953399496E-23   2.72174409633239E-21
101   51     1.74603983231362E-21   2.65398054511671E-19
102   51     1.94902720121667E-19   2.98201161786151E-17
103   51     2.94758987141959E-18   4.53928840198616E-16
104   51     2.38852518058597E-16   3.70221402990825E-14
105   51     1.22024878111211E-16   1.90358809853489E-14
106   51     2.75432366890462E-13   4.32428816018025E-11
107   51     2.29030148549502E-13   3.61867634708213E-11
108   51     2.48656733406244E-11   3.95364206115928E-09
109   51     5.90073354006911E-13   9.44117366411057E-11
110   51     6.60224375124509E-09   1.06296124395046E-06
111   51     1.12010696223476E-12   1.81457327882031E-10
112   51     1.35866722735913E-08   2.21462758059539E-06
113   51     2.17531338309771E-12   3.56751394828024E-10
114   51     1.11962793914895E-07   1.84738609959576E-05
115   51     1.29145263093865E-11   2.14381136735816E-09
116   51     1.85753616076558E-05   3.10208538847852E-03
117   51     3.10575260658135E-09   5.21766437905666E-07
118   51     1.36207637164529E-05   2.30190906808054E-03
119   51     8.42968894786418E-12   1.43304712113691E-09
120   51     1.00000000000000E-99   1.00000000000000E-99
121   51     1.00000000000000E-99   1.00000000000000E-99
 47   52     1.00000000000000E-99   1.00000000000000E-99
 48   52     1.00000000000000E-99   1.00000000000000E-99
 49   52     1.00000000000000E-99   1.00000000000000E-99
 50   52     1.00000000000000E-99   1.00000000000000E-99
 51   52     1.00000000000000E-99   1.00000000000000E-99
 52   52     1.00000000000000E-99   1.00000000000000E-99
 53   52     1.00000000000000E-99   1.00000000000000E-99
 54   52     1.00000000000000E-99   1.00000000000000E-99
 55   52     1.00000000000000E-99   1.00000000000000E-99
 56   52     1.00000000000000E-99   1.00000000000000E-99
 57   52     1.00000000000000E-99   1.00000000000000E-99
 58   52     1.00000000000000E-99   1.00000000000000E-99
 59   52     1.00000000000000E-99   1.00000000000000E-99
 60   52     1.00000000000000E-99   1.00000000000000E-99
 61   52     1.00000000000000E-99   1.00000000000000E-99
 62   52     1.00000000000000E-99   1.00000000000000E-99
 63   52     1.00000000000000E-99   1.00000000000000E-99
 64   52     1.00000000000000E-99   1.00000000000000E-99
 65   52     1.00000000000000E-99   1.00000000000000E-99
 66   52     1.00000000000000E-99   1.00000000000000E-99
 67   52     1.00000000000000E-99   1.00000000000000E-99
 68   52     1.00000000000000E-99   1.00000000000000E-99
 69   52     1.00000000000000E-99   1.00000000000000E-99
 70   52     1.00000000000000E-99   1.00000000000000E-99
 71   52     1.00000000000000E-99   1.00000000000000E-99
 72   52     1.00000000000000E-99   1.00000000000000E-99
 73   52     1.00000000000000E-99   1.00000000000000E-99
 74   52     1.00000000000000E-99   1.00000000000000E-99
 75   52     1.00000000000000E-99   1.00000000000000E-99
 76   52     1.00000000000000E-99   1.00000000000000E-99
 77   52     1.00000000000000E-99   1.00000000000000E-99
 78   52     1.00000000000000E-99   1.00000000000000E-99
 79   52     1.00000000000000E-99   1.00000000000000E-99
 80   52     1.00000000000000E-99   1.00000000000000E-99
 81   52     1.00000000000000E-99   1.00000000000000E-99
 82   52     1.00000000000000E-99   1.00000000000000E-99
 83   52     1.00000000000000E-99   1.00000000000000E-99
 84   52     1.00000000000000E-99   1.00000000000000E-99
 85   52     1.00000000000000E-99   1.00000000000000E-99
 86   52     1.00000000000000E-99   1.00000000000000E-99
 87   52     1.00000000000000E-99   1.00000000000000E-99
 88   52     1.00000000000000E-99   1.00000000000000E-99
 89   52     1.00000000000000E-99   1.00000000000000E-99
 90   52     1.00000000000000E-99   1.00000000000000E-99
 91   52     1.00000000000000E-99   1.00000000000000E-99
 92   52     1.00000000000000E-99   1.00000000000000E-99
 93   52     1.00000000000000E-99   1.00000000000000E-99
 94   52     1.00000000000000E-99   1.00000000000000E-99
 95   52     1.00000000000000E-99   1.00000000000000E-99
 96   52     1.00000000000000E-99   1.00000000000000E-99
 97   52     1.00000000000000E-99   1.00000000000000E-99
 98   52     1.00000000000000E-99   1.00000000000000E-99
 99   52     1.00000000000000E-99   1.00000000000000E-99
100   52     1.00000000000000E-99   1.00000000000000E-99
101   52     1.00000000000000E-99   1.00000000000000E-99
102   52     4.52892887977390E-24   6.97455047485181E-22
103   52     4.68969164769493E-22   7.26902205392715E-20
104   52     5.97841281036564E-20   9.32632398417040E-18
105   52     1.10808370644173E-19   1.73969141911352E-17
106   52     2.39539061409321E-17   3.78471717026727E-15
107   52     6.60206642585688E-17   1.04972856171124E-14
108   52     8.21113363954641E-15   1.31378138232743E-12
109   52     1.51109028296462E-16   2.43285535557304E-14
110   52     1.07577819138505E-13   1.74276067004378E-11
111   52     2.98427472773296E-15   4.86436780620472E-13
112   52     4.34147829102374E-10   7.12002439727893E-08
113   52     6.13467617204672E-13   1.01222156838771E-10
114   52     4.98944328182341E-09   8.28247584782687E-07
115   52     1.13018315325401E-11   1.88740586593419E-09
116   52     3.76143856988509E-09   6.31921679740695E-07
117   52     5.32222765748347E-10   8.99456474114706E-08
118   52     4.05559497779558E-05   6.89451146225249E-03
119   52     1.94756099194935E-13   3.33032929623339E-11
120   52     4.87704804659820E-07   8.38852264014890E-05
121   52     2.56661950270650E-13   4.44025173968225E-11
122   52     1.00000000000000E-99   1.00000000000000E-99
123   52     1.00000000000000E-99   1.00000000000000E-99
124   52     1.00000000000000E-99   1.00000000000000E-99
 48   53     1.00000000000000E-99   1.00000000000000E-99
 49   53     1.00000000000000E-99   1.00000000000000E-99
 50   53     1.00000000000000E-99   1.00000000000000E-99
 51   53     1.00000000000000E-99   1.00000000000000E-99
 52   53     1.00000000000000E-99   1.00000000000000E-99
 53   53     1.00000000000000E-99   1.00000000000000E-99
 54   53     1.00000000000000E-99   1.00000000000000E-99
 55   53     1.00000000000000E-99   1.00000000000000E-99
 56   53     1.00000000000000E-99   1.00000000000000E-99
 57   53     1.00000000000000E-99   1.00000000000000E-99
 58   53     1.00000000000000E-99   1.00000000000000E-99
 59   53     1.00000000000000E-99   1.00000000000000E-99
 60   53     1.00000000000000E-99   1.00000000000000E-99
 61   53     1.00000000000000E-99   1.00000000000000E-99
 62   53     1.00000000000000E-99   1.00000000000000E-99
 63   53     1.00000000000000E-99   1.00000000000000E-99
 64   53     1.00000000000000E-99   1.00000000000000E-99
 65   53     1.00000000000000E-99   1.00000000000000E-99
 66   53     1.00000000000000E-99   1.00000000000000E-99
 67   53     1.00000000000000E-99   1.00000000000000E-99
 68   53     1.00000000000000E-99   1.00000000000000E-99
 69   53     1.00000000000000E-99   1.00000000000000E-99
 70   53     1.00000000000000E-99   1.00000000000000E-99
 71   53     1.00000000000000E-99   1.00000000000000E-99
 72   53     1.00000000000000E-99   1.00000000000000E-99
 73   53     1.00000000000000E-99   1.00000000000000E-99
 74   53     1.00000000000000E-99   1.00000000000000E-99
 75   53     1.00000000000000E-99   1.00000000000000E-99
 76   53     1.00000000000000E-99   1.00000000000000E-99
 77   53     1.00000000000000E-99   1.00000000000000E-99
 78   53     1.00000000000000E-99   1.00000000000000E-99
 79   53     1.00000000000000E-99   1.00000000000000E-99
 80   53     1.00000000000000E-99   1.00000000000000E-99
 81   53     1.00000000000000E-99   1.00000000000000E-99
 82   53     1.00000000000000E-99   1.00000000000000E-99
 83   53     1.00000000000000E-99   1.00000000000000E-99
 84   53     1.00000000000000E-99   1.00000000000000E-99
 85   53     1.00000000000000E-99   1.00000000000000E-99
 86   53     1.00000000000000E-99   1.00000000000000E-99
 87   53     1.00000000000000E-99   1.00000000000000E-99
 88   53     1.00000000000000E-99   1.00000000000000E-99
 89   53     1.00000000000000E-99   1.00000000000000E-99
 90   53     1.00000000000000E-99   1.00000000000000E-99
 91   53     1.00000000000000E-99   1.00000000000000E-99
 92   53     1.00000000000000E-99   1.00000000000000E-99
 93   53     1.00000000000000E-99   1.00000000000000E-99
 94   53     1.00000000000000E-99   1.00000000000000E-99
 95   53     1.00000000000000E-99   1.00000000000000E-99
 96   53     1.00000000000000E-99   1.00000000000000E-99
 97   53     1.00000000000000E-99   1.00000000000000E-99
 98   53     1.00000000000000E-99   1.00000000000000E-99
 99   53     1.00000000000000E-99   1.00000000000000E-99
100   53     1.00000000000000E-99   1.00000000000000E-99
101   53     1.00000000000000E-99   1.00000000000000E-99
102   53     1.00000000000000E-99   1.00000000000000E-99
103   53     1.00000000000000E-99   1.00000000000000E-99
104   53     6.52626372113148E-25   1.02462340421764E-22
105   53     3.22795972752580E-24   5.10017636949077E-22
106   53     1.50104780636452E-22   2.38666601211958E-20
107   53     9.90562284325225E-23   1.58489965492036E-20
108   53     5.64246673623372E-21   9.08437144533629E-19
109   53     6.20084043611799E-19   1.00453615065111E-16
110   53     8.33228029108281E-17   1.35816168744650E-14
111   53     2.90711868402977E-17   4.76767464180883E-15
112   53     2.13889750677245E-15   3.52918088617454E-13
113   53     4.41028453502435E-17   7.32107232814043E-15
114   53     5.62695515774437E-14   9.39701511343309E-12
115   53     9.70370586797906E-13   1.63022258582048E-10
116   53     1.37196844945271E-10   2.31862667957508E-08
117   53     1.76681003756422E-12   3.00357706385918E-10
118   53     5.45976303057917E-07   9.33619478229038E-05
119   53     2.99295303125400E-12   5.14787921375688E-10
120   53     1.19456454333428E-07   2.06659665996830E-05
121   53     3.71491625935419E-12   6.46395429127629E-10
122   53     5.59605183203432E-06   9.79309070606005E-04
123   53     2.44924248879625E-05   4.31066678028139E-03
124   53     1.00000000000000E-99   1.00000000000000E-99
125   53     1.00000000000000E-99   1.00000000000000E-99
126   53     1.00000000000000E-99   1.00000000000000E-99
 49   54     1.00000000000000E-99   1.00000000000000E-99
 50   54     1.00000000000000E-99   1.00000000000000E-99
 51   54     1.00000000000000E-99   1.00000000000000E-99
 52   54     1.00000000000000E-99   1.00000000000000E-99
 53   54     1.00000000000000E-99   1.00000000000000E-99
 54   54     1.00000000000000E-99   1.00000000000000E-99
 55   54     1.00000000000000E-99   1.00000000000000E-99
 56   54     1.00000000000000E-99   1.00000000000000E-99
 57   54     1.00000000000000E-99   1.00000000000000E-99
 58   54     1.00000000000000E-99   1.00000000000000E-99
 59   54     1.00000000000000E-99   1.00000000000000E-99
 60   54     1.00000000000000E-99   1.00000000000000E-99
 61   54     1.00000000000000E-99   1.00000000000000E-99
 62   54     1.00000000000000E-99   1.00000000000000E-99
 63   54     1.00000000000000E-99   1.00000000000000E-99
 64   54     1.00000000000000E-99   1.00000000000000E-99
 65   54     1.00000000000000E-99   1.00000000000000E-99
 66   54     1.00000000000000E-99   1.00000000000000E-99
 67   54     1.00000000000000E-99   1.00000000000000E-99
 68   54     1.00000000000000E-99   1.00000000000000E-99
 69   54     1.00000000000000E-99   1.00000000000000E-99
 70   54     1.00000000000000E-99   1.00000000000000E-99
 71   54     1.00000000000000E-99   1.00000000000000E-99
 72   54     1.00000000000000E-99   1.00000000000000E-99
 73   54     1.00000000000000E-99   1.00000000000000E-99
 74   54     1.00000000000000E-99   1.00000000000000E-99
 75   54     1.00000000000000E-99   1.00000000000000E-99
 76   54     1.00000000000000E-99   1.00000000000000E-99
 77   54     1.00000000000000E-99   1.00000000000000E-99
 78   54     1.00000000000000E-99   1.00000000000000E-99
 79   54     1.00000000000000E-99   1.00000000000000E-99
 80   54     1.00000000000000E-99   1.00000000000000E-99
 81   54     1.00000000000000E-99   1.00000000000000E-99
 82   54     1.00000000000000E-99   1.00000000000000E-99
 83   54     1.00000000000000E-99   1.00000000000000E-99
 84   54     1.00000000000000E-99   1.00000000000000E-99
 85   54     1.00000000000000E-99   1.00000000000000E-99
 86   54     1.00000000000000E-99   1.00000000000000E-99
 87   54     1.00000000000000E-99   1.00000000000000E-99
 88   54     1.00000000000000E-99   1.00000000000000E-99
 89   54     1.00000000000000E-99   1.00000000000000E-99
 90   54     1.00000000000000E-99   1.00000000000000E-99
 91   54     1.00000000000000E-99   1.00000000000000E-99
 92   54     1.00000000000000E-99   1.00000000000000E-99
 93   54     1.00000000000000E-99   1.00000000000000E-99
 94   54     1.00000000000000E-99   1.00000000000000E-99
 95   54     1.00000000000000E-99   1.00000000000000E-99
 96   54     1.00000000000000E-99   1.00000000000000E-99
 97   54     1.00000000000000E-99   1.00000000000000E-99
 98   54     1.00000000000000E-99   1.00000000000000E-99
 99   54     1.00000000000000E-99   1.00000000000000E-99
100   54     1.00000000000000E-99   1.00000000000000E-99
101   54     1.00000000000000E-99   1.00000000000000E-99
102   54     1.00000000000000E-99   1.00000000000000E-99
103   54     1.00000000000000E-99   1.00000000000000E-99
104   54     1.00000000000000E-99   1.00000000000000E-99
105   54     1.00000000000000E-99   1.00000000000000E-99
106   54     1.00000000000000E-99   1.00000000000000E-99
107   54     1.15566511969347E-25   1.86062084270649E-23
108   54     5.77863560481246E-24   9.36138967979618E-22
109   54     2.06717192699044E-24   3.36949024099442E-22
110   54     3.05199007932780E-22   5.00526373009760E-20
111   54     9.76198844928132E-25   1.61072809413142E-22
112   54     7.45863652218395E-19   1.23813366268254E-16
113   54     1.83678667665498E-18   3.06743375001381E-16
114   54     1.27968284013765E-15   2.14986717143125E-13
115   54     1.15740108417152E-14   1.95600783224987E-12
116   54     1.44495939037685E-11   2.45643096364065E-09
117   54     4.98893349431949E-14   8.53107627528633E-12
118   54     3.87141360243237E-11   6.65883139618368E-09
119   54     2.22456734041632E-13   3.84850149892024E-11
120   54     4.05922270670736E-09   7.06304750967081E-07
121   54     2.35637207971837E-12   4.12365113950715E-10
122   54     1.89866310871169E-10   3.34164707133257E-08
123   54     9.61523142239405E-12   1.70189596176375E-09
124   54     2.69260686346311E-10   4.79284021696433E-08
125   54     2.92350832119885E-10   5.23307989494595E-08
126   54     2.31662640049073E-05   4.16992752088332E-03
127   54     1.00000000000000E-99   1.00000000000000E-99
128   54     1.00000000000000E-99   1.00000000000000E-99
 51   55     1.00000000000000E-99   1.00000000000000E-99
 52   55     1.00000000000000E-99   1.00000000000000E-99
 53   55     1.00000000000000E-99   1.00000000000000E-99
 54   55     1.00000000000000E-99   1.00000000000000E-99
 55   55     1.00000000000000E-99   1.00000000000000E-99
 56   55     1.00000000000000E-99   1.00000000000000E-99
 57   55     1.00000000000000E-99   1.00000000000000E-99
 58   55     1.00000000000000E-99   1.00000000000000E-99
 59   55     1.00000000000000E-99   1.00000000000000E-99
 60   55     1.00000000000000E-99   1.00000000000000E-99
 61   55     1.00000000000000E-99   1.00000000000000E-99
 62   55     1.00000000000000E-99   1.00000000000000E-99
 63   55     1.00000000000000E-99   1.00000000000000E-99
 64   55     1.00000000000000E-99   1.00000000000000E-99
 65   55     1.00000000000000E-99   1.00000000000000E-99
 66   55     1.00000000000000E-99   1.00000000000000E-99
 67   55     1.00000000000000E-99   1.00000000000000E-99
 68   55     1.00000000000000E-99   1.00000000000000E-99
 69   55     1.00000000000000E-99   1.00000000000000E-99
 70   55     1.00000000000000E-99   1.00000000000000E-99
 71   55     1.00000000000000E-99   1.00000000000000E-99
 72   55     1.00000000000000E-99   1.00000000000000E-99
 73   55     1.00000000000000E-99   1.00000000000000E-99
 74   55     1.00000000000000E-99   1.00000000000000E-99
 75   55     1.00000000000000E-99   1.00000000000000E-99
 76   55     1.00000000000000E-99   1.00000000000000E-99
 77   55     1.00000000000000E-99   1.00000000000000E-99
 78   55     1.00000000000000E-99   1.00000000000000E-99
 79   55     1.00000000000000E-99   1.00000000000000E-99
 80   55     1.00000000000000E-99   1.00000000000000E-99
 81   55     1.00000000000000E-99   1.00000000000000E-99
 82   55     1.00000000000000E-99   1.00000000000000E-99
 83   55     1.00000000000000E-99   1.00000000000000E-99
 84   55     1.00000000000000E-99   1.00000000000000E-99
 85   55     1.00000000000000E-99   1.00000000000000E-99
 86   55     1.00000000000000E-99   1.00000000000000E-99
 87   55     1.00000000000000E-99   1.00000000000000E-99
 88   55     1.00000000000000E-99   1.00000000000000E-99
 89   55     1.00000000000000E-99   1.00000000000000E-99
 90   55     1.00000000000000E-99   1.00000000000000E-99
 91   55     1.00000000000000E-99   1.00000000000000E-99
 92   55     1.00000000000000E-99   1.00000000000000E-99
 93   55     1.00000000000000E-99   1.00000000000000E-99
 94   55     1.00000000000000E-99   1.00000000000000E-99
 95   55     1.00000000000000E-99   1.00000000000000E-99
 96   55     1.00000000000000E-99   1.00000000000000E-99
 97   55     1.00000000000000E-99   1.00000000000000E-99
 98   55     1.00000000000000E-99   1.00000000000000E-99
 99   55     1.00000000000000E-99   1.00000000000000E-99
100   55     1.00000000000000E-99   1.00000000000000E-99
101   55     1.00000000000000E-99   1.00000000000000E-99
102   55     1.00000000000000E-99   1.00000000000000E-99
103   55     1.00000000000000E-99   1.00000000000000E-99
104   55     1.00000000000000E-99   1.00000000000000E-99
105   55     1.00000000000000E-99   1.00000000000000E-99
106   55     1.00000000000000E-99   1.00000000000000E-99
107   55     1.00000000000000E-99   1.00000000000000E-99
108   55     1.00000000000000E-99   1.00000000000000E-99
109   55     1.00000000000000E-99   1.00000000000000E-99
110   55     1.00000000000000E-99   1.00000000000000E-99
111   55     3.99041316559297E-25   6.62408585488433E-23
112   55     1.40035975564937E-22   2.33860079193445E-20
113   55     1.58598141798881E-20   2.66444878222119E-18
114   55     2.61837427069555E-19   4.42505251747548E-17
115   55     1.34131777891418E-19   2.28024022415410E-17
116   55     2.35731500286706E-18   4.03100865490267E-16
117   55     2.13949865210101E-17   3.67993768161373E-15
118   55     9.80877923642910E-16   1.69691880790223E-13
119   55     1.52261561458022E-16   2.64935116936958E-14
120   55     2.50794413396364E-15   4.38890223443637E-13
121   55     4.31636909511791E-17   7.59680960740753E-15
122   55     1.41891331040331E-15   2.51147655941385E-13
123   55     1.67846049371107E-13   2.98765967880570E-11
124   55     8.14022381460437E-12   1.45710006281418E-09
125   55     2.00073538755225E-11   3.60132369759405E-09
126   55     2.51399618818157E-05   4.55033310060864E-03
127   55     9.46558381902419E-23   1.72273625506240E-20
128   55     1.00000000000000E-99   1.00000000000000E-99
129   55     1.00000000000000E-99   1.00000000000000E-99
130   55     1.00000000000000E-99   1.00000000000000E-99
 52   56     1.00000000000000E-99   1.00000000000000E-99
 53   56     1.00000000000000E-99   1.00000000000000E-99
 54   56     1.00000000000000E-99   1.00000000000000E-99
 55   56     1.00000000000000E-99   1.00000000000000E-99
 56   56     1.00000000000000E-99   1.00000000000000E-99
 57   56     1.00000000000000E-99   1.00000000000000E-99
 58   56     1.00000000000000E-99   1.00000000000000E-99
 59   56     1.00000000000000E-99   1.00000000000000E-99
 60   56     1.00000000000000E-99   1.00000000000000E-99
 61   56     1.00000000000000E-99   1.00000000000000E-99
 62   56     1.00000000000000E-99   1.00000000000000E-99
 63   56     1.00000000000000E-99   1.00000000000000E-99
 64   56     1.00000000000000E-99   1.00000000000000E-99
 65   56     1.00000000000000E-99   1.00000000000000E-99
 66   56     1.00000000000000E-99   1.00000000000000E-99
 67   56     1.00000000000000E-99   1.00000000000000E-99
 68   56     1.00000000000000E-99   1.00000000000000E-99
 69   56     1.00000000000000E-99   1.00000000000000E-99
 70   56     1.00000000000000E-99   1.00000000000000E-99
 71   56     1.00000000000000E-99   1.00000000000000E-99
 72   56     1.00000000000000E-99   1.00000000000000E-99
 73   56     1.00000000000000E-99   1.00000000000000E-99
 74   56     1.00000000000000E-99   1.00000000000000E-99
 75   56     1.00000000000000E-99   1.00000000000000E-99
 76   56     1.00000000000000E-99   1.00000000000000E-99
 77   56     1.00000000000000E-99   1.00000000000000E-99
 78   56     1.00000000000000E-99   1.00000000000000E-99
 79   56     1.00000000000000E-99   1.00000000000000E-99
 80   56     1.00000000000000E-99   1.00000000000000E-99
 81   56     1.00000000000000E-99   1.00000000000000E-99
 82   56     1.00000000000000E-99   1.00000000000000E-99
 83   56     1.00000000000000E-99   1.00000000000000E-99
 84   56     1.00000000000000E-99   1.00000000000000E-99
 85   56     1.00000000000000E-99   1.00000000000000E-99
 86   56     1.00000000000000E-99   1.00000000000000E-99
 87   56     1.00000000000000E-99   1.00000000000000E-99
 88   56     1.00000000000000E-99   1.00000000000000E-99
 89   56     1.00000000000000E-99   1.00000000000000E-99
 90   56     1.00000000000000E-99   1.00000000000000E-99
 91   56     1.00000000000000E-99   1.00000000000000E-99
 92   56     1.00000000000000E-99   1.00000000000000E-99
 93   56     1.00000000000000E-99   1.00000000000000E-99
 94   56     1.00000000000000E-99   1.00000000000000E-99
 95   56     1.00000000000000E-99   1.00000000000000E-99
 96   56     1.00000000000000E-99   1.00000000000000E-99
 97   56     1.00000000000000E-99   1.00000000000000E-99
 98   56     1.00000000000000E-99   1.00000000000000E-99
 99   56     1.00000000000000E-99   1.00000000000000E-99
100   56     1.00000000000000E-99   1.00000000000000E-99
101   56     1.00000000000000E-99   1.00000000000000E-99
102   56     1.00000000000000E-99   1.00000000000000E-99
103   56     1.00000000000000E-99   1.00000000000000E-99
104   56     1.00000000000000E-99   1.00000000000000E-99
105   56     1.00000000000000E-99   1.00000000000000E-99
106   56     1.00000000000000E-99   1.00000000000000E-99
107   56     1.00000000000000E-99   1.00000000000000E-99
108   56     1.00000000000000E-99   1.00000000000000E-99
109   56     1.00000000000000E-99   1.00000000000000E-99
110   56     1.00000000000000E-99   1.00000000000000E-99
111   56     1.00000000000000E-99   1.00000000000000E-99
112   56     1.00000000000000E-99   1.00000000000000E-99
113   56     1.00000000000000E-99   1.00000000000000E-99
114   56     2.05099874908241E-24   3.48669787344009E-22
115   56     5.52343703683098E-24   9.44507733298097E-22
116   56     1.53519401656721E-22   2.64053370849561E-20
117   56     8.02377052901330E-23   1.38811230151930E-20
118   56     9.15570328705879E-22   1.59309237194823E-19
119   56     3.75546263065723E-22   6.57205960365015E-20
120   56     8.19684984833002E-20   1.44264557330608E-17
121   56     1.93917341772278E-19   3.43233694936933E-17
122   56     5.17433274875388E-16   9.21031229278190E-14
123   56     1.49820682648598E-12   2.68179021940991E-10
124   56     7.11746872365951E-12   1.28114437025871E-09
125   56     8.72385619135746E-12   1.57901797063570E-09
126   56     2.94069007978434E-05   5.35205594520749E-03
127   56     5.71318261743514E-22   1.04551241899063E-19
128   56     1.00000000000000E-99   1.00000000000000E-99
129   56     1.00000000000000E-99   1.00000000000000E-99
130   56     1.00000000000000E-99   1.00000000000000E-99
131   56     1.00000000000000E-99   1.00000000000000E-99
132   56     1.00000000000000E-99   1.00000000000000E-99
133   56     1.00000000000000E-99   1.00000000000000E-99
 53   57     1.00000000000000E-99   1.00000000000000E-99
 54   57     1.00000000000000E-99   1.00000000000000E-99
 55   57     1.00000000000000E-99   1.00000000000000E-99
 56   57     1.00000000000000E-99   1.00000000000000E-99
 57   57     1.00000000000000E-99   1.00000000000000E-99
 58   57     1.00000000000000E-99   1.00000000000000E-99
 59   57     1.00000000000000E-99   1.00000000000000E-99
 60   57     1.00000000000000E-99   1.00000000000000E-99
 61   57     1.00000000000000E-99   1.00000000000000E-99
 62   57     1.00000000000000E-99   1.00000000000000E-99
 63   57     1.00000000000000E-99   1.00000000000000E-99
 64   57     1.00000000000000E-99   1.00000000000000E-99
 65   57     1.00000000000000E-99   1.00000000000000E-99
 66   57     1.00000000000000E-99   1.00000000000000E-99
 67   57     1.00000000000000E-99   1.00000000000000E-99
 68   57     1.00000000000000E-99   1.00000000000000E-99
 69   57     1.00000000000000E-99   1.00000000000000E-99
 70   57     1.00000000000000E-99   1.00000000000000E-99
 71   57     1.00000000000000E-99   1.00000000000000E-99
 72   57     1.00000000000000E-99   1.00000000000000E-99
 73   57     1.00000000000000E-99   1.00000000000000E-99
 74   57     1.00000000000000E-99   1.00000000000000E-99
 75   57     1.00000000000000E-99   1.00000000000000E-99
 76   57     1.00000000000000E-99   1.00000000000000E-99
 77   57     1.00000000000000E-99   1.00000000000000E-99
 78   57     1.00000000000000E-99   1.00000000000000E-99
 79   57     1.00000000000000E-99   1.00000000000000E-99
 80   57     1.00000000000000E-99   1.00000000000000E-99
 81   57     1.00000000000000E-99   1.00000000000000E-99
 82   57     1.00000000000000E-99   1.00000000000000E-99
 83   57     1.00000000000000E-99   1.00000000000000E-99
 84   57     1.00000000000000E-99   1.00000000000000E-99
 85   57     1.00000000000000E-99   1.00000000000000E-99
 86   57     1.00000000000000E-99   1.00000000000000E-99
 87   57     1.00000000000000E-99   1.00000000000000E-99
 88   57     1.00000000000000E-99   1.00000000000000E-99
 89   57     1.00000000000000E-99   1.00000000000000E-99
 90   57     1.00000000000000E-99   1.00000000000000E-99
 91   57     1.00000000000000E-99   1.00000000000000E-99
 92   57     1.00000000000000E-99   1.00000000000000E-99
 93   57     1.00000000000000E-99   1.00000000000000E-99
 94   57     1.00000000000000E-99   1.00000000000000E-99
 95   57     1.00000000000000E-99   1.00000000000000E-99
 96   57     1.00000000000000E-99   1.00000000000000E-99
 97   57     1.00000000000000E-99   1.00000000000000E-99
 98   57     1.00000000000000E-99   1.00000000000000E-99
 99   57     1.00000000000000E-99   1.00000000000000E-99
100   57     1.00000000000000E-99   1.00000000000000E-99
101   57     1.00000000000000E-99   1.00000000000000E-99
102   57     1.00000000000000E-99   1.00000000000000E-99
103   57     1.00000000000000E-99   1.00000000000000E-99
104   57     1.00000000000000E-99   1.00000000000000E-99
105   57     1.00000000000000E-99   1.00000000000000E-99
106   57     1.00000000000000E-99   1.00000000000000E-99
107   57     1.00000000000000E-99   1.00000000000000E-99
108   57     1.00000000000000E-99   1.00000000000000E-99
109   57     1.00000000000000E-99   1.00000000000000E-99
110   57     1.00000000000000E-99   1.00000000000000E-99
111   57     1.00000000000000E-99   1.00000000000000E-99
112   57     1.00000000000000E-99   1.00000000000000E-99
113   57     1.00000000000000E-99   1.00000000000000E-99
114   57     1.00000000000000E-99   1.00000000000000E-99
115   57     1.00000000000000E-99   1.00000000000000E-99
116   57     1.00000000000000E-99   1.00000000000000E-99
117   57     1.00000000000000E-99   1.00000000000000E-99
118   57     1.00000000000000E-99   1.00000000000000E-99
119   57     1.78590515357785E-24   3.14319307029701E-22
120   57     1.79734739424506E-20   3.18130488781375E-18
121   57     9.30141593701435E-21   1.65565203678855E-18
122   57     1.35531275339448E-19   2.42600982857612E-17
123   57     6.38054205058799E-14   1.14849756910584E-11
124   57     7.40030482035700E-13   1.33945517248462E-10
125   57     4.48003472762124E-13   8.15366320427066E-11
126   57     3.15632720165546E-05   5.77607877902950E-03
127   57     2.53766024189646E-17   4.66929484508948E-15
128   57     2.46024784233969E-23   4.55145850832843E-21
129   57     1.00000000000000E-99   1.00000000000000E-99
130   57     1.00000000000000E-99   1.00000000000000E-99
131   57     1.00000000000000E-99   1.00000000000000E-99
132   57     1.00000000000000E-99   1.00000000000000E-99
133   57     1.00000000000000E-99   1.00000000000000E-99
134   57     1.00000000000000E-99   1.00000000000000E-99
135   57     1.00000000000000E-99   1.00000000000000E-99
 55   58     1.00000000000000E-99   1.00000000000000E-99
 56   58     1.00000000000000E-99   1.00000000000000E-99
 57   58     1.00000000000000E-99   1.00000000000000E-99
 58   58     1.00000000000000E-99   1.00000000000000E-99
 59   58     1.00000000000000E-99   1.00000000000000E-99
 60   58     1.00000000000000E-99   1.00000000000000E-99
 61   58     1.00000000000000E-99   1.00000000000000E-99
 62   58     1.00000000000000E-99   1.00000000000000E-99
 63   58     1.00000000000000E-99   1.00000000000000E-99
 64   58     1.00000000000000E-99   1.00000000000000E-99
 65   58     1.00000000000000E-99   1.00000000000000E-99
 66   58     1.00000000000000E-99   1.00000000000000E-99
 67   58     1.00000000000000E-99   1.00000000000000E-99
 68   58     1.00000000000000E-99   1.00000000000000E-99
 69   58     1.00000000000000E-99   1.00000000000000E-99
 70   58     1.00000000000000E-99   1.00000000000000E-99
 71   58     1.00000000000000E-99   1.00000000000000E-99
 72   58     1.00000000000000E-99   1.00000000000000E-99
 73   58     1.00000000000000E-99   1.00000000000000E-99
 74   58     1.00000000000000E-99   1.00000000000000E-99
 75   58     1.00000000000000E-99   1.00000000000000E-99
 76   58     1.00000000000000E-99   1.00000000000000E-99
 77   58     1.00000000000000E-99   1.00000000000000E-99
 78   58     1.00000000000000E-99   1.00000000000000E-99
 79   58     1.00000000000000E-99   1.00000000000000E-99
 80   58     1.00000000000000E-99   1.00000000000000E-99
 81   58     1.00000000000000E-99   1.00000000000000E-99
 82   58     1.00000000000000E-99   1.00000000000000E-99
 83   58     1.00000000000000E-99   1.00000000000000E-99
 84   58     1.00000000000000E-99   1.00000000000000E-99
 85   58     1.00000000000000E-99   1.00000000000000E-99
 86   58     1.00000000000000E-99   1.00000000000000E-99
 87   58     1.00000000000000E-99   1.00000000000000E-99
 88   58     1.00000000000000E-99   1.00000000000000E-99
 89   58     1.00000000000000E-99   1.00000000000000E-99
 90   58     1.00000000000000E-99   1.00000000000000E-99
 91   58     1.00000000000000E-99   1.00000000000000E-99
 92   58     1.00000000000000E-99   1.00000000000000E-99
 93   58     1.00000000000000E-99   1.00000000000000E-99
 94   58     1.00000000000000E-99   1.00000000000000E-99
 95   58     1.00000000000000E-99   1.00000000000000E-99
 96   58     1.00000000000000E-99   1.00000000000000E-99
 97   58     1.00000000000000E-99   1.00000000000000E-99
 98   58     1.00000000000000E-99   1.00000000000000E-99
 99   58     1.00000000000000E-99   1.00000000000000E-99
100   58     1.00000000000000E-99   1.00000000000000E-99
101   58     1.00000000000000E-99   1.00000000000000E-99
102   58     1.00000000000000E-99   1.00000000000000E-99
103   58     1.00000000000000E-99   1.00000000000000E-99
104   58     1.00000000000000E-99   1.00000000000000E-99
105   58     1.00000000000000E-99   1.00000000000000E-99
106   58     1.00000000000000E-99   1.00000000000000E-99
107   58     1.00000000000000E-99   1.00000000000000E-99
108   58     1.00000000000000E-99   1.00000000000000E-99
109   58     1.00000000000000E-99   1.00000000000000E-99
110   58     1.00000000000000E-99   1.00000000000000E-99
111   58     1.00000000000000E-99   1.00000000000000E-99
112   58     1.00000000000000E-99   1.00000000000000E-99
113   58     1.00000000000000E-99   1.00000000000000E-99
114   58     1.00000000000000E-99   1.00000000000000E-99
115   58     1.00000000000000E-99   1.00000000000000E-99
116   58     1.00000000000000E-99   1.00000000000000E-99
117   58     1.00000000000000E-99   1.00000000000000E-99
118   58     1.00000000000000E-99   1.00000000000000E-99
119   58     1.00000000000000E-99   1.00000000000000E-99
120   58     1.82284099258905E-21   3.24465696680852E-19
121   58     1.95718982293659E-21   3.50336978305649E-19
122   58     1.00634067183365E-19   1.81141320930057E-17
123   58     3.10330374714876E-13   5.61697978233926E-11
124   58     1.60632899716535E-12   2.92351877484094E-10
125   58     1.52701387275685E-12   2.79443538714504E-10
126   58     3.25496376814324E-05   5.98913333338357E-03
127   58     1.44152571380632E-17   2.66682257054170E-15
128   58     2.25829886850605E-19   4.20043589542126E-17
129   58     1.00000000000000E-99   1.00000000000000E-99
130   58     1.00000000000000E-99   1.00000000000000E-99
131   58     1.00000000000000E-99   1.00000000000000E-99
132   58     1.00000000000000E-99   1.00000000000000E-99
133   58     1.00000000000000E-99   1.00000000000000E-99
134   58     1.00000000000000E-99   1.00000000000000E-99
135   58     1.00000000000000E-99   1.00000000000000E-99
136   58     1.00000000000000E-99   1.00000000000000E-99
137   58     1.00000000000000E-99   1.00000000000000E-99
 56   59     1.00000000000000E-99   1.00000000000000E-99
 57   59     1.00000000000000E-99   1.00000000000000E-99
 58   59     1.00000000000000E-99   1.00000000000000E-99
 59   59     1.00000000000000E-99   1.00000000000000E-99
 60   59     1.00000000000000E-99   1.00000000000000E-99
 61   59     1.00000000000000E-99   1.00000000000000E-99
 62   59     1.00000000000000E-99   1.00000000000000E-99
 63   59     1.00000000000000E-99   1.00000000000000E-99
 64   59     1.00000000000000E-99   1.00000000000000E-99
 65   59     1.00000000000000E-99   1.00000000000000E-99
 66   59     1.00000000000000E-99   1.00000000000000E-99
 67   59     1.00000000000000E-99   1.00000000000000E-99
 68   59     1.00000000000000E-99   1.00000000000000E-99
 69   59     1.00000000000000E-99   1.00000000000000E-99
 70   59     1.00000000000000E-99   1.00000000000000E-99
 71   59     1.00000000000000E-99   1.00000000000000E-99
 72   59     1.00000000000000E-99   1.00000000000000E-99
 73   59     1.00000000000000E-99   1.00000000000000E-99
 74   59     1.00000000000000E-99   1.00000000000000E-99
 75   59     1.00000000000000E-99   1.00000000000000E-99
 76   59     1.00000000000000E-99   1.00000000000000E-99
 77   59     1.00000000000000E-99   1.00000000000000E-99
 78   59     1.00000000000000E-99   1.00000000000000E-99
 79   59     1.00000000000000E-99   1.00000000000000E-99
 80   59     1.00000000000000E-99   1.00000000000000E-99
 81   59     1.00000000000000E-99   1.00000000000000E-99
 82   59     1.00000000000000E-99   1.00000000000000E-99
 83   59     1.00000000000000E-99   1.00000000000000E-99
 84   59     1.00000000000000E-99   1.00000000000000E-99
 85   59     1.00000000000000E-99   1.00000000000000E-99
 86   59     1.00000000000000E-99   1.00000000000000E-99
 87   59     1.00000000000000E-99   1.00000000000000E-99
 88   59     1.00000000000000E-99   1.00000000000000E-99
 89   59     1.00000000000000E-99   1.00000000000000E-99
 90   59     1.00000000000000E-99   1.00000000000000E-99
 91   59     1.00000000000000E-99   1.00000000000000E-99
 92   59     1.00000000000000E-99   1.00000000000000E-99
 93   59     1.00000000000000E-99   1.00000000000000E-99
 94   59     1.00000000000000E-99   1.00000000000000E-99
 95   59     1.00000000000000E-99   1.00000000000000E-99
 96   59     1.00000000000000E-99   1.00000000000000E-99
 97   59     1.00000000000000E-99   1.00000000000000E-99
 98   59     1.00000000000000E-99   1.00000000000000E-99
 99   59     1.00000000000000E-99   1.00000000000000E-99
100   59     1.00000000000000E-99   1.00000000000000E-99
101   59     1.00000000000000E-99   1.00000000000000E-99
102   59     1.00000000000000E-99   1.00000000000000E-99
103   59     1.00000000000000E-99   1.00000000000000E-99
104   59     1.00000000000000E-99   1.00000000000000E-99
105   59     1.00000000000000E-99   1.00000000000000E-99
106   59     1.00000000000000E-99   1.00000000000000E-99
107   59     1.00000000000000E-99   1.00000000000000E-99
108   59     1.00000000000000E-99   1.00000000000000E-99
109   59     1.00000000000000E-99   1.00000000000000E-99
110   59     1.00000000000000E-99   1.00000000000000E-99
111   59     1.00000000000000E-99   1.00000000000000E-99
112   59     1.00000000000000E-99   1.00000000000000E-99
113   59     1.00000000000000E-99   1.00000000000000E-99
114   59     1.00000000000000E-99   1.00000000000000E-99
115   59     1.00000000000000E-99   1.00000000000000E-99
116   59     1.00000000000000E-99   1.00000000000000E-99
117   59     1.00000000000000E-99   1.00000000000000E-99
118   59     1.00000000000000E-99   1.00000000000000E-99
119   59     1.00000000000000E-99   1.00000000000000E-99
120   59     2.04328070707639E-22   3.65747246566674E-20
121   59     5.60949574708339E-23   1.00970923447501E-20
122   59     1.81816853575002E-21   3.29088504970754E-19
123   59     1.51039735671763E-15   2.74892318922609E-13
124   59     1.67448105574801E-13   3.06430033201887E-11
125   59     2.72760018121207E-13   5.01878433343021E-11
126   59     2.90420920203990E-05   5.37278702377382E-03
127   59     2.73254942166985E-14   5.08254192430592E-12
128   59     4.52897586718280E-16   8.46918487163184E-14
129   59     1.00000000000000E-99   1.00000000000000E-99
130   59     1.00000000000000E-99   1.00000000000000E-99
131   59     1.00000000000000E-99   1.00000000000000E-99
132   59     1.00000000000000E-99   1.00000000000000E-99
133   59     1.00000000000000E-99   1.00000000000000E-99
134   59     1.00000000000000E-99   1.00000000000000E-99
135   59     1.00000000000000E-99   1.00000000000000E-99
136   59     1.00000000000000E-99   1.00000000000000E-99
137   59     1.00000000000000E-99   1.00000000000000E-99
138   59     1.00000000000000E-99   1.00000000000000E-99
139   59     1.00000000000000E-99   1.00000000000000E-99
 58   60     1.00000000000000E-99   1.00000000000000E-99
 59   60     1.00000000000000E-99   1.00000000000000E-99
 60   60     1.00000000000000E-99   1.00000000000000E-99
 61   60     1.00000000000000E-99   1.00000000000000E-99
 62   60     1.00000000000000E-99   1.00000000000000E-99
 63   60     1.00000000000000E-99   1.00000000000000E-99
 64   60     1.00000000000000E-99   1.00000000000000E-99
 65   60     1.00000000000000E-99   1.00000000000000E-99
 66   60     1.00000000000000E-99   1.00000000000000E-99
 67   60     1.00000000000000E-99   1.00000000000000E-99
 68   60     1.00000000000000E-99   1.00000000000000E-99
 69   60     1.00000000000000E-99   1.00000000000000E-99
 70   60     1.00000000000000E-99   1.00000000000000E-99
 71   60     1.00000000000000E-99   1.00000000000000E-99
 72   60     1.00000000000000E-99   1.00000000000000E-99
 73   60     1.00000000000000E-99   1.00000000000000E-99
 74   60     1.00000000000000E-99   1.00000000000000E-99
 75   60     1.00000000000000E-99   1.00000000000000E-99
 76   60     1.00000000000000E-99   1.00000000000000E-99
 77   60     1.00000000000000E-99   1.00000000000000E-99
 78   60     1.00000000000000E-99   1.00000000000000E-99
 79   60     1.00000000000000E-99   1.00000000000000E-99
 80   60     1.00000000000000E-99   1.00000000000000E-99
 81   60     1.00000000000000E-99   1.00000000000000E-99
 82   60     1.00000000000000E-99   1.00000000000000E-99
 83   60     1.00000000000000E-99   1.00000000000000E-99
 84   60     1.00000000000000E-99   1.00000000000000E-99
 85   60     1.00000000000000E-99   1.00000000000000E-99
 86   60     1.00000000000000E-99   1.00000000000000E-99
 87   60     1.00000000000000E-99   1.00000000000000E-99
 88   60     1.00000000000000E-99   1.00000000000000E-99
 89   60     1.00000000000000E-99   1.00000000000000E-99
 90   60     1.00000000000000E-99   1.00000000000000E-99
 91   60     1.00000000000000E-99   1.00000000000000E-99
 92   60     1.00000000000000E-99   1.00000000000000E-99
 93   60     1.00000000000000E-99   1.00000000000000E-99
 94   60     1.00000000000000E-99   1.00000000000000E-99
 95   60     1.00000000000000E-99   1.00000000000000E-99
 96   60     1.00000000000000E-99   1.00000000000000E-99
 97   60     1.00000000000000E-99   1.00000000000000E-99
 98   60     1.00000000000000E-99   1.00000000000000E-99
 99   60     1.00000000000000E-99   1.00000000000000E-99
100   60     1.00000000000000E-99   1.00000000000000E-99
101   60     1.00000000000000E-99   1.00000000000000E-99
102   60     1.00000000000000E-99   1.00000000000000E-99
103   60     1.00000000000000E-99   1.00000000000000E-99
104   60     1.00000000000000E-99   1.00000000000000E-99
105   60     1.00000000000000E-99   1.00000000000000E-99
106   60     1.00000000000000E-99   1.00000000000000E-99
107   60     1.00000000000000E-99   1.00000000000000E-99
108   60     1.00000000000000E-99   1.00000000000000E-99
109   60     1.00000000000000E-99   1.00000000000000E-99
110   60     1.00000000000000E-99   1.00000000000000E-99
111   60     1.00000000000000E-99   1.00000000000000E-99
112   60     1.00000000000000E-99   1.00000000000000E-99
113   60     1.00000000000000E-99   1.00000000000000E-99
114   60     1.00000000000000E-99   1.00000000000000E-99
115   60     1.00000000000000E-99   1.00000000000000E-99
116   60     1.00000000000000E-99   1.00000000000000E-99
117   60     1.00000000000000E-99   1.00000000000000E-99
118   60     1.00000000000000E-99   1.00000000000000E-99
119   60     1.00000000000000E-99   1.00000000000000E-99
120   60     4.97733294731724E-24   8.95919930517103E-22
121   60     5.13822785646467E-23   9.30019242020105E-21
122   60     1.26639994116632E-21   2.30484789292270E-19
123   60     5.44978236133144E-14   9.97310172123653E-12
124   60     2.82142787139710E-13   5.19142728337066E-11
125   60     3.84445766011380E-13   7.11224667121053E-11
126   60     2.44660393022349E-05   4.55068331021570E-03
127   60     4.29074637990507E-14   8.02369573042249E-12
128   60     2.00417306796659E-12   3.76784536777718E-10
129   60     1.00000000000000E-99   1.00000000000000E-99
130   60     2.19374561149534E-24   4.16811666184114E-22
131   60     1.00000000000000E-99   1.00000000000000E-99
132   60     1.00000000000000E-99   1.00000000000000E-99
133   60     1.00000000000000E-99   1.00000000000000E-99
134   60     1.00000000000000E-99   1.00000000000000E-99
135   60     1.00000000000000E-99   1.00000000000000E-99
136   60     1.00000000000000E-99   1.00000000000000E-99
137   60     1.00000000000000E-99   1.00000000000000E-99
138   60     1.00000000000000E-99   1.00000000000000E-99
139   60     1.00000000000000E-99   1.00000000000000E-99
140   60     1.00000000000000E-99   1.00000000000000E-99
141   60     1.00000000000000E-99   1.00000000000000E-99
 59   61     1.00000000000000E-99   1.00000000000000E-99
 60   61     1.00000000000000E-99   1.00000000000000E-99
 61   61     1.00000000000000E-99   1.00000000000000E-99
 62   61     1.00000000000000E-99   1.00000000000000E-99
 63   61     1.00000000000000E-99   1.00000000000000E-99
 64   61     1.00000000000000E-99   1.00000000000000E-99
 65   61     1.00000000000000E-99   1.00000000000000E-99
 66   61     1.00000000000000E-99   1.00000000000000E-99
 67   61     1.00000000000000E-99   1.00000000000000E-99
 68   61     1.00000000000000E-99   1.00000000000000E-99
 69   61     1.00000000000000E-99   1.00000000000000E-99
 70   61     1.00000000000000E-99   1.00000000000000E-99
 71   61     1.00000000000000E-99   1.00000000000000E-99
 72   61     1.00000000000000E-99   1.00000000000000E-99
 73   61     1.00000000000000E-99   1.00000000000000E-99
 74   61     1.00000000000000E-99   1.00000000000000E-99
 75   61     1.00000000000000E-99   1.00000000000000E-99
 76   61     1.00000000000000E-99   1.00000000000000E-99
 77   61     1.00000000000000E-99   1.00000000000000E-99
 78   61     1.00000000000000E-99   1.00000000000000E-99
 79   61     1.00000000000000E-99   1.00000000000000E-99
 80   61     1.00000000000000E-99   1.00000000000000E-99
 81   61     1.00000000000000E-99   1.00000000000000E-99
 82   61     1.00000000000000E-99   1.00000000000000E-99
 83   61     1.00000000000000E-99   1.00000000000000E-99
 84   61     1.00000000000000E-99   1.00000000000000E-99
 85   61     1.00000000000000E-99   1.00000000000000E-99
 86   61     1.00000000000000E-99   1.00000000000000E-99
 87   61     1.00000000000000E-99   1.00000000000000E-99
 88   61     1.00000000000000E-99   1.00000000000000E-99
 89   61     1.00000000000000E-99   1.00000000000000E-99
 90   61     1.00000000000000E-99   1.00000000000000E-99
 91   61     1.00000000000000E-99   1.00000000000000E-99
 92   61     1.00000000000000E-99   1.00000000000000E-99
 93   61     1.00000000000000E-99   1.00000000000000E-99
 94   61     1.00000000000000E-99   1.00000000000000E-99
 95   61     1.00000000000000E-99   1.00000000000000E-99
 96   61     1.00000000000000E-99   1.00000000000000E-99
 97   61     1.00000000000000E-99   1.00000000000000E-99
 98   61     1.00000000000000E-99   1.00000000000000E-99
 99   61     1.00000000000000E-99   1.00000000000000E-99
100   61     1.00000000000000E-99   1.00000000000000E-99
101   61     1.00000000000000E-99   1.00000000000000E-99
102   61     1.00000000000000E-99   1.00000000000000E-99
103   61     1.00000000000000E-99   1.00000000000000E-99
104   61     1.00000000000000E-99   1.00000000000000E-99
105   61     1.00000000000000E-99   1.00000000000000E-99
106   61     1.00000000000000E-99   1.00000000000000E-99
107   61     1.00000000000000E-99   1.00000000000000E-99
108   61     1.00000000000000E-99   1.00000000000000E-99
109   61     1.00000000000000E-99   1.00000000000000E-99
110   61     1.00000000000000E-99   1.00000000000000E-99
111   61     1.00000000000000E-99   1.00000000000000E-99
112   61     1.00000000000000E-99   1.00000000000000E-99
113   61     1.00000000000000E-99   1.00000000000000E-99
114   61     1.00000000000000E-99   1.00000000000000E-99
115   61     1.00000000000000E-99   1.00000000000000E-99
116   61     1.00000000000000E-99   1.00000000000000E-99
117   61     1.00000000000000E-99   1.00000000000000E-99
118   61     1.00000000000000E-99   1.00000000000000E-99
119   61     1.00000000000000E-99   1.00000000000000E-99
120   61     2.76276841400021E-24   5.00061082934038E-22
121   61     2.91746095055369E-24   5.30977893000771E-22
122   61     7.88832111657979E-23   1.44356276433410E-20
123   61     5.32429436338723E-17   9.79670162863251E-15
124   61     1.16561196735861E-14   2.15638213961343E-12
125   61     3.13676975354840E-14   5.83439174160002E-12
126   61     1.67184246692144E-05   3.12634541314310E-03
127   61     1.26285679991763E-11   2.37417078384515E-09
128   61     3.67079245968496E-09   6.93779774880457E-07
129   61     4.73221955486629E-18   8.99121715424596E-16
130   61     3.01725170254707E-15   5.76295075186491E-13
131   61     3.22105166115449E-21   6.18441918941661E-19
132   61     2.35492707031877E-19   4.54500924571523E-17
133   61     1.00000000000000E-99   1.00000000000000E-99
134   61     2.36665551117495E-25   4.61497824679115E-23
135   61     1.00000000000000E-99   1.00000000000000E-99
136   61     3.72672834798925E-25   7.34165484553883E-23
137   61     1.00000000000000E-99   1.00000000000000E-99
138   61     1.00000000000000E-99   1.00000000000000E-99
139   61     1.00000000000000E-99   1.00000000000000E-99
140   61     1.00000000000000E-99   1.00000000000000E-99
141   61     1.00000000000000E-99   1.00000000000000E-99
142   61     1.00000000000000E-99   1.00000000000000E-99
143   61     1.00000000000000E-99   1.00000000000000E-99
144   61     1.00000000000000E-99   1.00000000000000E-99
 61   62     1.00000000000000E-99   1.00000000000000E-99
 62   62     1.00000000000000E-99   1.00000000000000E-99
 63   62     1.00000000000000E-99   1.00000000000000E-99
 64   62     1.00000000000000E-99   1.00000000000000E-99
 65   62     1.00000000000000E-99   1.00000000000000E-99
 66   62     1.00000000000000E-99   1.00000000000000E-99
 67   62     1.00000000000000E-99   1.00000000000000E-99
 68   62     1.00000000000000E-99   1.00000000000000E-99
 69   62     1.00000000000000E-99   1.00000000000000E-99
 70   62     1.00000000000000E-99   1.00000000000000E-99
 71   62     1.00000000000000E-99   1.00000000000000E-99
 72   62     1.00000000000000E-99   1.00000000000000E-99
 73   62     1.00000000000000E-99   1.00000000000000E-99
 74   62     1.00000000000000E-99   1.00000000000000E-99
 75   62     1.00000000000000E-99   1.00000000000000E-99
 76   62     1.00000000000000E-99   1.00000000000000E-99
 77   62     1.00000000000000E-99   1.00000000000000E-99
 78   62     1.00000000000000E-99   1.00000000000000E-99
 79   62     1.00000000000000E-99   1.00000000000000E-99
 80   62     1.00000000000000E-99   1.00000000000000E-99
 81   62     1.00000000000000E-99   1.00000000000000E-99
 82   62     1.00000000000000E-99   1.00000000000000E-99
 83   62     1.00000000000000E-99   1.00000000000000E-99
 84   62     1.00000000000000E-99   1.00000000000000E-99
 85   62     1.00000000000000E-99   1.00000000000000E-99
 86   62     1.00000000000000E-99   1.00000000000000E-99
 87   62     1.00000000000000E-99   1.00000000000000E-99
 88   62     1.00000000000000E-99   1.00000000000000E-99
 89   62     1.00000000000000E-99   1.00000000000000E-99
 90   62     1.00000000000000E-99   1.00000000000000E-99
 91   62     1.00000000000000E-99   1.00000000000000E-99
 92   62     1.00000000000000E-99   1.00000000000000E-99
 93   62     1.00000000000000E-99   1.00000000000000E-99
 94   62     1.00000000000000E-99   1.00000000000000E-99
 95   62     1.00000000000000E-99   1.00000000000000E-99
 96   62     1.00000000000000E-99   1.00000000000000E-99
 97   62     1.00000000000000E-99   1.00000000000000E-99
 98   62     1.00000000000000E-99   1.00000000000000E-99
 99   62     1.00000000000000E-99   1.00000000000000E-99
100   62     1.00000000000000E-99   1.00000000000000E-99
101   62     1.00000000000000E-99   1.00000000000000E-99
102   62     1.00000000000000E-99   1.00000000000000E-99
103   62     1.00000000000000E-99   1.00000000000000E-99
104   62     1.00000000000000E-99   1.00000000000000E-99
105   62     1.00000000000000E-99   1.00000000000000E-99
106   62     1.00000000000000E-99   1.00000000000000E-99
107   62     1.00000000000000E-99   1.00000000000000E-99
108   62     1.00000000000000E-99   1.00000000000000E-99
109   62     1.00000000000000E-99   1.00000000000000E-99
110   62     1.00000000000000E-99   1.00000000000000E-99
111   62     1.00000000000000E-99   1.00000000000000E-99
112   62     1.00000000000000E-99   1.00000000000000E-99
113   62     1.00000000000000E-99   1.00000000000000E-99
114   62     1.00000000000000E-99   1.00000000000000E-99
115   62     1.00000000000000E-99   1.00000000000000E-99
116   62     1.00000000000000E-99   1.00000000000000E-99
117   62     1.00000000000000E-99   1.00000000000000E-99
118   62     1.00000000000000E-99   1.00000000000000E-99
119   62     1.00000000000000E-99   1.00000000000000E-99
120   62     1.00000000000000E-99   1.00000000000000E-99
121   62     3.82928303104528E-25   7.00758794681286E-23
122   62     2.49359032162412E-23   4.58820619178838E-21
123   62     1.33484290071286E-16   2.46945936631879E-14
124   62     2.62023195254804E-14   4.87363143173935E-12
125   62     5.47386553035233E-14   1.02361285417588E-11
126   62     6.28545729448015E-06   1.18166597136227E-03
127   62     2.83639865399604E-11   5.36079345605252E-09
128   62     2.82060139806369E-06   5.35914265632101E-04
129   62     8.31181126021719E-15   1.58755595070148E-12
130   62     2.97676921629234E-09   5.71539689528130E-07
131   62     8.34601645718195E-16   1.61078117623612E-13
132   62     1.71846509735315E-11   3.33382228886511E-09
133   62     6.07198365381812E-19   1.18403681249453E-16
134   62     1.99295958575539E-16   3.90620078808056E-14
135   62     4.32506429954550E-19   8.52037667010463E-17
136   62     4.85297613535197E-13   9.60889274799691E-11
137   62     4.60757426068155E-18   9.16907277875629E-16
138   62     1.66497413300201E-14   3.32994826600401E-12
139   62     3.15653542999520E-20   6.34463621429034E-18
140   62     8.44840529592853E-19   1.70657786977756E-16
141   62     1.87933787645159E-25   3.81505588919673E-23
142   62     8.42009431494829E-25   1.71769924024945E-22
143   62     1.00000000000000E-99   1.00000000000000E-99
144   62     1.00000000000000E-99   1.00000000000000E-99
145   62     1.00000000000000E-99   1.00000000000000E-99
146   62     1.00000000000000E-99   1.00000000000000E-99
 62   63     1.00000000000000E-99   1.00000000000000E-99
 63   63     1.00000000000000E-99   1.00000000000000E-99
 64   63     1.00000000000000E-99   1.00000000000000E-99
 65   63     1.00000000000000E-99   1.00000000000000E-99
 66   63     1.00000000000000E-99   1.00000000000000E-99
 67   63     1.00000000000000E-99   1.00000000000000E-99
 68   63     1.00000000000000E-99   1.00000000000000E-99
 69   63     1.00000000000000E-99   1.00000000000000E-99
 70   63     1.00000000000000E-99   1.00000000000000E-99
 71   63     1.00000000000000E-99   1.00000000000000E-99
 72   63     1.00000000000000E-99   1.00000000000000E-99
 73   63     1.00000000000000E-99   1.00000000000000E-99
 74   63     1.00000000000000E-99   1.00000000000000E-99
 75   63     1.00000000000000E-99   1.00000000000000E-99
 76   63     1.00000000000000E-99   1.00000000000000E-99
 77   63     1.00000000000000E-99   1.00000000000000E-99
 78   63     1.00000000000000E-99   1.00000000000000E-99
 79   63     1.00000000000000E-99   1.00000000000000E-99
 80   63     1.00000000000000E-99   1.00000000000000E-99
 81   63     1.00000000000000E-99   1.00000000000000E-99
 82   63     1.00000000000000E-99   1.00000000000000E-99
 83   63     1.00000000000000E-99   1.00000000000000E-99
 84   63     1.00000000000000E-99   1.00000000000000E-99
 85   63     1.00000000000000E-99   1.00000000000000E-99
 86   63     1.00000000000000E-99   1.00000000000000E-99
 87   63     1.00000000000000E-99   1.00000000000000E-99
 88   63     1.00000000000000E-99   1.00000000000000E-99
 89   63     1.00000000000000E-99   1.00000000000000E-99
 90   63     1.00000000000000E-99   1.00000000000000E-99
 91   63     1.00000000000000E-99   1.00000000000000E-99
 92   63     1.00000000000000E-99   1.00000000000000E-99
 93   63     1.00000000000000E-99   1.00000000000000E-99
 94   63     1.00000000000000E-99   1.00000000000000E-99
 95   63     1.00000000000000E-99   1.00000000000000E-99
 96   63     1.00000000000000E-99   1.00000000000000E-99
 97   63     1.00000000000000E-99   1.00000000000000E-99
 98   63     1.00000000000000E-99   1.00000000000000E-99
 99   63     1.00000000000000E-99   1.00000000000000E-99
100   63     1.00000000000000E-99   1.00000000000000E-99
101   63     1.00000000000000E-99   1.00000000000000E-99
102   63     1.00000000000000E-99   1.00000000000000E-99
103   63     1.00000000000000E-99   1.00000000000000E-99
104   63     1.00000000000000E-99   1.00000000000000E-99
105   63     1.00000000000000E-99   1.00000000000000E-99
106   63     1.00000000000000E-99   1.00000000000000E-99
107   63     1.00000000000000E-99   1.00000000000000E-99
108   63     1.00000000000000E-99   1.00000000000000E-99
109   63     1.00000000000000E-99   1.00000000000000E-99
110   63     1.00000000000000E-99   1.00000000000000E-99
111   63     1.00000000000000E-99   1.00000000000000E-99
112   63     1.00000000000000E-99   1.00000000000000E-99
113   63     1.00000000000000E-99   1.00000000000000E-99
114   63     1.00000000000000E-99   1.00000000000000E-99
115   63     1.00000000000000E-99   1.00000000000000E-99
116   63     1.00000000000000E-99   1.00000000000000E-99
117   63     1.00000000000000E-99   1.00000000000000E-99
118   63     1.00000000000000E-99   1.00000000000000E-99
119   63     1.00000000000000E-99   1.00000000000000E-99
120   63     1.00000000000000E-99   1.00000000000000E-99
121   63     1.00000000000000E-99   1.00000000000000E-99
122   63     5.21954397545307E-25   9.65615635458817E-23
123   63     4.79200014408113E-18   8.91312026799091E-16
124   63     8.17415638403247E-16   1.52856724381407E-13
125   63     6.37215907396106E-16   1.19796590590468E-13
126   63     2.29308262552538E-09   4.33392616224297E-07
127   63     4.92444833693844E-13   9.35645184018304E-11
128   63     7.09204071820648E-08   1.35457977717744E-05
129   63     4.62460414371245E-13   8.87923995592791E-11
130   63     1.03416170006045E-06   1.99593208111667E-04
131   63     1.15455236063084E-12   2.23983157962383E-10
132   63     7.31765796633825E-08   1.42694330343596E-05
133   63     1.20520092997884E-13   2.36219382275852E-11
134   63     3.87890379828178E-12   7.64144048261511E-10
135   63     4.38924440163987E-14   8.69070391524694E-12
136   63     5.47215390821800E-09   1.08895862773538E-06
137   63     4.77831786706067E-11   9.55663573412135E-09
138   63     8.19346014433311E-07   1.64688548901095E-04
139   63     1.85989971467104E-10   3.75699742363549E-08
140   63     2.44988609887074E-07   4.97326878070760E-05
141   63     1.64947803659647E-11   3.36493519465679E-09
142   63     2.62983831693378E-07   5.39116854971424E-05
143   63     3.31310928783716E-12   6.82500513294454E-10
144   63     3.03866525083869E-10   6.29003706923610E-08
145   63     4.25693544292787E-14   8.85442572128996E-12
146   63     2.72941801996572E-13   5.70448366172835E-11
147   63     1.00000000000000E-99   1.00000000000000E-99
148   63     1.00000000000000E-99   1.00000000000000E-99
 81   64     1.00000000000000E-99   1.00000000000000E-99
 82   64     1.00000000000000E-99   1.00000000000000E-99
 83   64     1.00000000000000E-99   1.00000000000000E-99
 84   64     1.00000000000000E-99   1.00000000000000E-99
 85   64     1.00000000000000E-99   1.00000000000000E-99
 86   64     1.00000000000000E-99   1.00000000000000E-99
 87   64     1.00000000000000E-99   1.00000000000000E-99
 88   64     1.00000000000000E-99   1.00000000000000E-99
 89   64     1.00000000000000E-99   1.00000000000000E-99
 90   64     1.00000000000000E-99   1.00000000000000E-99
 91   64     1.00000000000000E-99   1.00000000000000E-99
 92   64     1.00000000000000E-99   1.00000000000000E-99
 93   64     1.00000000000000E-99   1.00000000000000E-99
 94   64     1.00000000000000E-99   1.00000000000000E-99
 95   64     1.00000000000000E-99   1.00000000000000E-99
 96   64     1.00000000000000E-99   1.00000000000000E-99
 97   64     1.00000000000000E-99   1.00000000000000E-99
 98   64     1.00000000000000E-99   1.00000000000000E-99
 99   64     1.00000000000000E-99   1.00000000000000E-99
100   64     1.00000000000000E-99   1.00000000000000E-99
101   64     1.00000000000000E-99   1.00000000000000E-99
102   64     1.00000000000000E-99   1.00000000000000E-99
103   64     1.00000000000000E-99   1.00000000000000E-99
104   64     1.00000000000000E-99   1.00000000000000E-99
105   64     1.00000000000000E-99   1.00000000000000E-99
106   64     1.00000000000000E-99   1.00000000000000E-99
107   64     1.00000000000000E-99   1.00000000000000E-99
108   64     1.00000000000000E-99   1.00000000000000E-99
109   64     1.00000000000000E-99   1.00000000000000E-99
110   64     1.00000000000000E-99   1.00000000000000E-99
111   64     1.00000000000000E-99   1.00000000000000E-99
112   64     1.00000000000000E-99   1.00000000000000E-99
113   64     1.00000000000000E-99   1.00000000000000E-99
114   64     1.00000000000000E-99   1.00000000000000E-99
115   64     1.00000000000000E-99   1.00000000000000E-99
116   64     1.00000000000000E-99   1.00000000000000E-99
117   64     1.00000000000000E-99   1.00000000000000E-99
118   64     1.00000000000000E-99   1.00000000000000E-99
119   64     1.00000000000000E-99   1.00000000000000E-99
120   64     1.00000000000000E-99   1.00000000000000E-99
121   64     1.00000000000000E-99   1.00000000000000E-99
122   64     1.83140777188679E-25   3.40641845570944E-23
123   64     1.28321364318595E-20   2.39960951275772E-18
124   64     7.95460289201997E-19   1.49546534369976E-16
125   64     3.38748812871801E-17   6.40235256327704E-15
126   64     1.44554110000612E-11   2.74652809001162E-09
127   64     1.21968349995125E-13   2.32959548490689E-11
128   64     3.52642991969883E-09   6.77074544582175E-07
129   64     6.09417098798246E-14   1.17617500068062E-11
130   64     2.47131672241294E-08   4.79435444148110E-06
131   64     3.99185863068492E-14   7.78412432983559E-12
132   64     2.82167962286659E-10   5.53049206081852E-08
133   64     3.19856922240773E-14   6.30118136814322E-12
134   64     6.53760081384762E-13   1.29444496114183E-10
135   64     1.55830681789292E-14   3.10103056760690E-12
136   64     6.95780934244424E-11   1.39156186848885E-08
137   64     1.07313945688954E-13   2.15701030834798E-11
138   64     1.16715442998929E-09   2.35765194857837E-07
139   64     3.02096936629510E-13   6.13256781357905E-11
140   64     7.40008919289217E-09   1.50961819535000E-06
141   64     3.49679244419517E-13   7.16842451060009E-11
142   64     1.10668312476836E-07   2.27976723702282E-05
143   64     4.06374634003574E-12   8.41195492387398E-10
144   64     9.78669667403754E-07   2.03563290819981E-04
145   64     6.41770032012317E-11   1.34129936690574E-08
146   64     2.07856973108531E-08   4.36499643527916E-06
147   64     3.05700515015227E-15   6.45028086682128E-13
148   64     1.99868726230380E-15   4.23721699608406E-13
149   64     1.00000000000000E-99   1.00000000000000E-99
150   64     1.00000000000000E-99   1.00000000000000E-99
 82   65     1.00000000000000E-99   1.00000000000000E-99
 83   65     1.00000000000000E-99   1.00000000000000E-99
 84   65     1.00000000000000E-99   1.00000000000000E-99
 85   65     1.00000000000000E-99   1.00000000000000E-99
 86   65     1.00000000000000E-99   1.00000000000000E-99
 87   65     1.00000000000000E-99   1.00000000000000E-99
 88   65     1.00000000000000E-99   1.00000000000000E-99
 89   65     1.00000000000000E-99   1.00000000000000E-99
 90   65     1.00000000000000E-99   1.00000000000000E-99
 91   65     1.00000000000000E-99   1.00000000000000E-99
 92   65     1.00000000000000E-99   1.00000000000000E-99
 93   65     1.00000000000000E-99   1.00000000000000E-99
 94   65     1.00000000000000E-99   1.00000000000000E-99
 95   65     1.00000000000000E-99   1.00000000000000E-99
 96   65     1.00000000000000E-99   1.00000000000000E-99
 97   65     1.00000000000000E-99   1.00000000000000E-99
 98   65     1.00000000000000E-99   1.00000000000000E-99
 99   65     1.00000000000000E-99   1.00000000000000E-99
100   65     1.00000000000000E-99   1.00000000000000E-99
101   65     1.00000000000000E-99   1.00000000000000E-99
102   65     1.00000000000000E-99   1.00000000000000E-99
103   65     1.00000000000000E-99   1.00000000000000E-99
104   65     1.00000000000000E-99   1.00000000000000E-99
105   65     1.00000000000000E-99   1.00000000000000E-99
106   65     1.00000000000000E-99   1.00000000000000E-99
107   65     1.00000000000000E-99   1.00000000000000E-99
108   65     1.00000000000000E-99   1.00000000000000E-99
109   65     1.00000000000000E-99   1.00000000000000E-99
110   65     1.00000000000000E-99   1.00000000000000E-99
111   65     1.00000000000000E-99   1.00000000000000E-99
112   65     1.00000000000000E-99   1.00000000000000E-99
113   65     1.00000000000000E-99   1.00000000000000E-99
114   65     1.00000000000000E-99   1.00000000000000E-99
115   65     1.00000000000000E-99   1.00000000000000E-99
116   65     1.00000000000000E-99   1.00000000000000E-99
117   65     1.00000000000000E-99   1.00000000000000E-99
118   65     1.00000000000000E-99   1.00000000000000E-99
119   65     1.00000000000000E-99   1.00000000000000E-99
120   65     1.00000000000000E-99   1.00000000000000E-99
121   65     1.00000000000000E-99   1.00000000000000E-99
122   65     1.00000000000000E-99   1.00000000000000E-99
123   65     3.19230431287522E-25   6.00153210820542E-23
124   65     7.84921400134709E-23   1.48350144625460E-20
125   65     7.46222188867038E-20   1.41782215884737E-17
126   65     1.44441149518100E-15   2.75882595579571E-13
127   65     3.93293420776912E-17   7.55123367891671E-15
128   65     2.29839487019223E-14   4.43590209947101E-12
129   65     6.50722173035724E-17   1.26240101568931E-14
130   65     1.25070399745312E-14   2.43887279503359E-12
131   65     6.39920736024575E-17   1.25424464260817E-14
132   65     4.49158526944113E-09   8.84842298079902E-07
133   65     1.56564516642544E-09   3.09997742952238E-07
134   65     3.49344026969696E-16   6.95194613669696E-14
135   65     2.49161704898029E-17   4.98323409796058E-15
136   65     6.29985919322328E-15   1.26627169783788E-12
137   65     1.91476197003310E-16   3.86781917946686E-14
138   65     4.85262671826051E-14   9.85083223806884E-12
139   65     1.43283733565922E-15   2.92298816474482E-13
140   65     1.04939981522625E-12   2.15126962121380E-10
141   65     2.65000550064825E-14   5.45901133133539E-12
142   65     1.18714606556097E-12   2.45739235571120E-10
143   65     6.03514384966730E-14   1.25530992073080E-11
144   65     9.96737392066975E-08   2.08318114941998E-05
145   65     3.64593219728584E-10   7.65645761430026E-08
146   65     6.39429972462359E-07   1.34919724189558E-04
147   65     2.66928920361803E-12   5.65889311167023E-10
148   65     1.28209911474355E-11   2.73087111440376E-09
149   65     1.01259165170285E-19   2.16694613464411E-17
150   65     3.29468046648275E-21   7.08356300293791E-19
151   65     1.00000000000000E-99   1.00000000000000E-99
152   65     1.00000000000000E-99   1.00000000000000E-99
153   65     1.00000000000000E-99   1.00000000000000E-99
 82   66     1.00000000000000E-99   1.00000000000000E-99
 83   66     1.00000000000000E-99   1.00000000000000E-99
 84   66     1.00000000000000E-99   1.00000000000000E-99
 85   66     1.00000000000000E-99   1.00000000000000E-99
 86   66     1.00000000000000E-99   1.00000000000000E-99
 87   66     1.00000000000000E-99   1.00000000000000E-99
 88   66     1.00000000000000E-99   1.00000000000000E-99
 89   66     1.00000000000000E-99   1.00000000000000E-99
 90   66     1.00000000000000E-99   1.00000000000000E-99
 91   66     1.00000000000000E-99   1.00000000000000E-99
 92   66     1.00000000000000E-99   1.00000000000000E-99
 93   66     1.00000000000000E-99   1.00000000000000E-99
 94   66     1.00000000000000E-99   1.00000000000000E-99
 95   66     1.00000000000000E-99   1.00000000000000E-99
 96   66     1.00000000000000E-99   1.00000000000000E-99
 97   66     1.00000000000000E-99   1.00000000000000E-99
 98   66     1.00000000000000E-99   1.00000000000000E-99
 99   66     1.00000000000000E-99   1.00000000000000E-99
100   66     1.00000000000000E-99   1.00000000000000E-99
101   66     1.00000000000000E-99   1.00000000000000E-99
102   66     1.00000000000000E-99   1.00000000000000E-99
103   66     1.00000000000000E-99   1.00000000000000E-99
104   66     1.00000000000000E-99   1.00000000000000E-99
105   66     1.00000000000000E-99   1.00000000000000E-99
106   66     1.00000000000000E-99   1.00000000000000E-99
107   66     1.00000000000000E-99   1.00000000000000E-99
108   66     1.00000000000000E-99   1.00000000000000E-99
109   66     1.00000000000000E-99   1.00000000000000E-99
110   66     1.00000000000000E-99   1.00000000000000E-99
111   66     1.00000000000000E-99   1.00000000000000E-99
112   66     1.00000000000000E-99   1.00000000000000E-99
113   66     1.00000000000000E-99   1.00000000000000E-99
114   66     1.00000000000000E-99   1.00000000000000E-99
115   66     1.00000000000000E-99   1.00000000000000E-99
116   66     1.00000000000000E-99   1.00000000000000E-99
117   66     1.00000000000000E-99   1.00000000000000E-99
118   66     1.00000000000000E-99   1.00000000000000E-99
119   66     1.00000000000000E-99   1.00000000000000E-99
120   66     1.00000000000000E-99   1.00000000000000E-99
121   66     1.00000000000000E-99   1.00000000000000E-99
122   66     1.00000000000000E-99   1.00000000000000E-99
123   66     1.00000000000000E-99   1.00000000000000E-99
124   66     1.01102627203329E-25   1.92094991686326E-23
125   66     2.86390072786684E-24   5.47005039022567E-22
126   66     9.18341533670286E-21   1.76321574464695E-18
127   66     1.31667614943315E-21   2.54118496840597E-19
128   66     2.18936957708080E-15   4.24737697953676E-13
129   66     4.39400819612994E-17   8.56831598245337E-15
130   66     6.06362240758530E-15   1.18846999188672E-12
131   66     1.86888854549677E-17   3.68171043462864E-15
132   66     2.75638253029772E-15   5.45763740998949E-13
133   66     2.37563667943533E-17   4.72751699207631E-15
134   66     2.52498688801295E-16   5.04997377602590E-14
135   66     7.53226303191326E-18   1.51398486941457E-15
136   66     1.12068189426148E-15   2.26377742640818E-13
137   66     1.89999217055265E-17   3.85698410622188E-15
138   66     2.68739071278386E-15   5.48227705407907E-13
139   66     3.96552470500801E-17   8.12932564526643E-15
140   66     2.81886125902515E-14   5.80685419359182E-12
141   66     1.90756063917194E-15   3.94865052308592E-13
142   66     1.54916368768961E-12   3.22226047039438E-10
143   66     7.68270558522784E-15   1.60568546731262E-12
144   66     2.96958705194181E-11   6.23613280907779E-09
145   66     3.32902915065047E-13   7.02425150787249E-11
146   66     5.38684467133978E-07   1.14201107032403E-04
147   66     1.65037965337928E-11   3.51530866169786E-09
148   66     1.01557738331972E-08   2.17333560030419E-06
149   66     2.14693242191827E-15   4.61590470712428E-13
150   66     2.59474161688178E-14   5.60464189246464E-12
151   66     1.01909835420953E-20   2.21144342863468E-18
152   66     2.39247138376005E-20   5.21558761659692E-18
153   66     1.00000000000000E-99   1.00000000000000E-99
154   66     1.00000000000000E-99   1.00000000000000E-99
155   66     1.00000000000000E-99   1.00000000000000E-99
 84   67     1.00000000000000E-99   1.00000000000000E-99
 85   67     1.00000000000000E-99   1.00000000000000E-99
 86   67     1.00000000000000E-99   1.00000000000000E-99
 87   67     1.00000000000000E-99   1.00000000000000E-99
 88   67     1.00000000000000E-99   1.00000000000000E-99
 89   67     1.00000000000000E-99   1.00000000000000E-99
 90   67     1.00000000000000E-99   1.00000000000000E-99
 91   67     1.00000000000000E-99   1.00000000000000E-99
 92   67     1.00000000000000E-99   1.00000000000000E-99
 93   67     1.00000000000000E-99   1.00000000000000E-99
 94   67     1.00000000000000E-99   1.00000000000000E-99
 95   67     1.00000000000000E-99   1.00000000000000E-99
 96   67     1.00000000000000E-99   1.00000000000000E-99
 97   67     1.00000000000000E-99   1.00000000000000E-99
 98   67     1.00000000000000E-99   1.00000000000000E-99
 99   67     1.00000000000000E-99   1.00000000000000E-99
100   67     1.00000000000000E-99   1.00000000000000E-99
101   67     1.00000000000000E-99   1.00000000000000E-99
102   67     1.00000000000000E-99   1.00000000000000E-99
103   67     1.00000000000000E-99   1.00000000000000E-99
104   67     1.00000000000000E-99   1.00000000000000E-99
105   67     1.00000000000000E-99   1.00000000000000E-99
106   67     1.00000000000000E-99   1.00000000000000E-99
107   67     1.00000000000000E-99   1.00000000000000E-99
108   67     1.00000000000000E-99   1.00000000000000E-99
109   67     1.00000000000000E-99   1.00000000000000E-99
110   67     1.00000000000000E-99   1.00000000000000E-99
111   67     1.00000000000000E-99   1.00000000000000E-99
112   67     1.00000000000000E-99   1.00000000000000E-99
113   67     1.00000000000000E-99   1.00000000000000E-99
114   67     1.00000000000000E-99   1.00000000000000E-99
115   67     1.00000000000000E-99   1.00000000000000E-99
116   67     1.00000000000000E-99   1.00000000000000E-99
117   67     1.00000000000000E-99   1.00000000000000E-99
118   67     1.00000000000000E-99   1.00000000000000E-99
119   67     1.00000000000000E-99   1.00000000000000E-99
120   67     1.00000000000000E-99   1.00000000000000E-99
121   67     1.00000000000000E-99   1.00000000000000E-99
122   67     1.00000000000000E-99   1.00000000000000E-99
123   67     1.00000000000000E-99   1.00000000000000E-99
124   67     1.00000000000000E-99   1.00000000000000E-99
125   67     1.00000000000000E-99   1.00000000000000E-99
126   67     1.07644564783283E-23   2.07754010031737E-21
127   67     6.79130769691124E-25   1.31751369320078E-22
128   67     1.06256295424223E-21   2.07199776077236E-19
129   67     3.87394003249080E-24   7.59292246368198E-22
130   67     5.62502992072357E-23   1.10813089438254E-20
131   67     2.42240581584465E-24   4.79636351537240E-22
132   67     4.79024450575095E-23   9.53258656644438E-21
133   67     2.62852170233033E-24   5.25704340466066E-22
134   67     1.89564122209299E-23   3.81023885640691E-21
135   67     2.00040181192847E-24   4.04081166009551E-22
136   67     6.35524308398064E-23   1.29011434604807E-20
137   67     1.91584472478499E-23   3.90832323856139E-21
138   67     6.48556249046262E-22   1.32954031054484E-19
139   67     1.47854975401335E-21   3.04581249326750E-19
140   67     1.44250160011536E-19   2.98597831223879E-17
141   67     9.23941082821682E-20   1.92179745226910E-17
142   67     2.56229799332958E-17   5.35520280605882E-15
143   67     1.19704449007926E-15   2.51379342916645E-13
144   67     2.31943910658635E-13   4.89401651489719E-11
145   67     1.21979598828139E-14   2.58596749515655E-12
146   67     5.21044538559718E-10   1.10982486713220E-07
147   67     1.13513016265777E-11   2.42917854808764E-09
148   67     2.83675358707051E-07   6.09902021220159E-05
149   67     1.38168036740148E-11   2.98442959358720E-09
150   67     8.18161575503904E-09   1.77541061884347E-06
151   67     4.34354980776913E-13   9.46893858093670E-11
152   67     3.60075246986735E-11   7.88564790900949E-09
153   67     1.22542965083275E-18   2.69594523183204E-16
154   67     9.85593532242101E-21   2.17816170625504E-18
155   67     1.00000000000000E-99   1.00000000000000E-99
156   67     1.00000000000000E-99   1.00000000000000E-99
157   67     1.00000000000000E-99   1.00000000000000E-99
 85   68     1.00000000000000E-99   1.00000000000000E-99
 86   68     1.00000000000000E-99   1.00000000000000E-99
 87   68     1.00000000000000E-99   1.00000000000000E-99
 88   68     1.00000000000000E-99   1.00000000000000E-99
 89   68     1.00000000000000E-99   1.00000000000000E-99
 90   68     1.00000000000000E-99   1.00000000000000E-99
 91   68     1.00000000000000E-99   1.00000000000000E-99
 92   68     1.00000000000000E-99   1.00000000000000E-99
 93   68     1.00000000000000E-99   1.00000000000000E-99
 94   68     1.00000000000000E-99   1.00000000000000E-99
 95   68     1.00000000000000E-99   1.00000000000000E-99
 96   68     1.00000000000000E-99   1.00000000000000E-99
 97   68     1.00000000000000E-99   1.00000000000000E-99
 98   68     1.00000000000000E-99   1.00000000000000E-99
 99   68     1.00000000000000E-99   1.00000000000000E-99
100   68     1.00000000000000E-99   1.00000000000000E-99
101   68     1.00000000000000E-99   1.00000000000000E-99
102   68     1.00000000000000E-99   1.00000000000000E-99
103   68     1.00000000000000E-99   1.00000000000000E-99
104   68     1.00000000000000E-99   1.00000000000000E-99
105   68     1.00000000000000E-99   1.00000000000000E-99
106   68     1.00000000000000E-99   1.00000000000000E-99
107   68     1.00000000000000E-99   1.00000000000000E-99
108   68     1.00000000000000E-99   1.00000000000000E-99
109   68     1.00000000000000E-99   1.00000000000000E-99
110   68     1.00000000000000E-99   1.00000000000000E-99
111   68     1.00000000000000E-99   1.00000000000000E-99
112   68     1.00000000000000E-99   1.00000000000000E-99
113   68     1.00000000000000E-99   1.00000000000000E-99
114   68     1.00000000000000E-99   1.00000000000000E-99
115   68     1.00000000000000E-99   1.00000000000000E-99
116   68     1.00000000000000E-99   1.00000000000000E-99
117   68     1.00000000000000E-99   1.00000000000000E-99
118   68     1.00000000000000E-99   1.00000000000000E-99
119   68     1.00000000000000E-99   1.00000000000000E-99
120   68     1.00000000000000E-99   1.00000000000000E-99
121   68     1.00000000000000E-99   1.00000000000000E-99
122   68     1.00000000000000E-99   1.00000000000000E-99
123   68     1.00000000000000E-99   1.00000000000000E-99
124   68     1.00000000000000E-99   1.00000000000000E-99
125   68     1.00000000000000E-99   1.00000000000000E-99
126   68     1.00000000000000E-99   1.00000000000000E-99
127   68     1.00000000000000E-99   1.00000000000000E-99
128   68     1.00000000000000E-99   1.00000000000000E-99
129   68     1.00000000000000E-99   1.00000000000000E-99
130   68     1.00000000000000E-99   1.00000000000000E-99
131   68     1.00000000000000E-99   1.00000000000000E-99
132   68     1.00000000000000E-99   1.00000000000000E-99
133   68     1.00000000000000E-99   1.00000000000000E-99
134   68     1.00000000000000E-99   1.00000000000000E-99
135   68     1.00000000000000E-99   1.00000000000000E-99
136   68     1.00000000000000E-99   1.00000000000000E-99
137   68     1.00000000000000E-99   1.00000000000000E-99
138   68     1.00000000000000E-99   1.00000000000000E-99
139   68     1.00000000000000E-99   1.00000000000000E-99
140   68     6.78862543656777E-23   1.41203409080610E-20
141   68     7.02323618619957E-22   1.46785636291571E-19
142   68     1.85335701074292E-19   3.89204972256013E-17
143   68     1.21176258671025E-18   2.55681905795862E-16
144   68     6.04836241320604E-17   1.28225283159968E-14
145   68     3.72981763234738E-15   7.94451155689991E-13
146   68     2.60659429833998E-12   5.57811179844756E-10
147   68     2.92252116262974E-14   6.28342049965395E-12
148   68     3.14947851362043E-10   6.80287358942012E-08
149   68     1.63069636051619E-13   3.53861110232012E-11
150   68     1.42605428304000E-08   3.10879833702720E-06
151   68     1.65156430173177E-11   3.61692582079259E-09
152   68     1.48177230461164E-07   3.25989907014561E-05
153   68     7.75701661901617E-15   1.71430067280257E-12
154   68     2.05310853555463E-13   4.55790094893129E-11
155   68     5.77382977057422E-22   1.28756403883805E-19
156   68     9.74516496032279E-22   2.18291695111231E-19
157   68     1.00000000000000E-99   1.00000000000000E-99
158   68     1.00000000000000E-99   1.00000000000000E-99
159   68     1.00000000000000E-99   1.00000000000000E-99
 86   69     1.00000000000000E-99   1.00000000000000E-99
 87   69     1.00000000000000E-99   1.00000000000000E-99
 88   69     1.00000000000000E-99   1.00000000000000E-99
 89   69     1.00000000000000E-99   1.00000000000000E-99
 90   69     1.00000000000000E-99   1.00000000000000E-99
 91   69     1.00000000000000E-99   1.00000000000000E-99
 92   69     1.00000000000000E-99   1.00000000000000E-99
 93   69     1.00000000000000E-99   1.00000000000000E-99
 94   69     1.00000000000000E-99   1.00000000000000E-99
 95   69     1.00000000000000E-99   1.00000000000000E-99
 96   69     1.00000000000000E-99   1.00000000000000E-99
 97   69     1.00000000000000E-99   1.00000000000000E-99
 98   69     1.00000000000000E-99   1.00000000000000E-99
 99   69     1.00000000000000E-99   1.00000000000000E-99
100   69     1.00000000000000E-99   1.00000000000000E-99
101   69     1.00000000000000E-99   1.00000000000000E-99
102   69     1.00000000000000E-99   1.00000000000000E-99
103   69     1.00000000000000E-99   1.00000000000000E-99
104   69     1.00000000000000E-99   1.00000000000000E-99
105   69     1.00000000000000E-99   1.00000000000000E-99
106   69     1.00000000000000E-99   1.00000000000000E-99
107   69     1.00000000000000E-99   1.00000000000000E-99
108   69     1.00000000000000E-99   1.00000000000000E-99
109   69     1.00000000000000E-99   1.00000000000000E-99
110   69     1.00000000000000E-99   1.00000000000000E-99
111   69     1.00000000000000E-99   1.00000000000000E-99
112   69     1.00000000000000E-99   1.00000000000000E-99
113   69     1.00000000000000E-99   1.00000000000000E-99
114   69     1.00000000000000E-99   1.00000000000000E-99
115   69     1.00000000000000E-99   1.00000000000000E-99
116   69     1.00000000000000E-99   1.00000000000000E-99
117   69     1.00000000000000E-99   1.00000000000000E-99
118   69     1.00000000000000E-99   1.00000000000000E-99
119   69     1.00000000000000E-99   1.00000000000000E-99
120   69     1.00000000000000E-99   1.00000000000000E-99
121   69     1.00000000000000E-99   1.00000000000000E-99
122   69     1.00000000000000E-99   1.00000000000000E-99
123   69     1.00000000000000E-99   1.00000000000000E-99
124   69     1.00000000000000E-99   1.00000000000000E-99
125   69     1.00000000000000E-99   1.00000000000000E-99
126   69     1.00000000000000E-99   1.00000000000000E-99
127   69     1.00000000000000E-99   1.00000000000000E-99
128   69     1.00000000000000E-99   1.00000000000000E-99
129   69     1.00000000000000E-99   1.00000000000000E-99
130   69     1.00000000000000E-99   1.00000000000000E-99
131   69     1.00000000000000E-99   1.00000000000000E-99
132   69     1.00000000000000E-99   1.00000000000000E-99
133   69     1.00000000000000E-99   1.00000000000000E-99
134   69     1.00000000000000E-99   1.00000000000000E-99
135   69     1.00000000000000E-99   1.00000000000000E-99
136   69     1.00000000000000E-99   1.00000000000000E-99
137   69     1.00000000000000E-99   1.00000000000000E-99
138   69     1.00000000000000E-99   1.00000000000000E-99
139   69     1.00000000000000E-99   1.00000000000000E-99
140   69     1.00000000000000E-99   1.00000000000000E-99
141   69     1.00000000000000E-99   1.00000000000000E-99
142   69     2.61603981479713E-23   5.51984400922195E-21
143   69     1.42683785635185E-21   3.02489625546592E-19
144   69     4.17926448864933E-20   8.90183336082307E-18
145   69     3.37371457351560E-19   7.21974918732339E-17
146   69     3.63831023624790E-17   7.82236700793298E-15
147   69     6.36598741287075E-17   1.37505328118008E-14
148   69     1.78097195863383E-14   3.86470915023541E-12
149   69     2.94638438094143E-15   6.42311795045232E-13
150   69     7.03490855525796E-12   1.54064497360149E-09
151   69     1.96812491440488E-12   4.32987481169074E-10
152   69     1.03861809635963E-07   2.29534599295479E-05
153   69     5.68910954604385E-12   1.26298231922173E-09
154   69     4.19497322266251E-10   9.35479028653739E-08
155   69     1.78034244598892E-15   3.98796707901517E-13
156   69     6.51262524541068E-15   1.46534068021740E-12
157   69     3.50548137263186E-21   7.92238790214800E-19
158   69     3.86885642829326E-21   8.78230409222570E-19
159   69     1.00000000000000E-99   1.00000000000000E-99
160   69     1.00000000000000E-99   1.00000000000000E-99
161   69     1.00000000000000E-99   1.00000000000000E-99
 88   70     1.00000000000000E-99   1.00000000000000E-99
 89   70     1.00000000000000E-99   1.00000000000000E-99
 90   70     1.00000000000000E-99   1.00000000000000E-99
 91   70     1.00000000000000E-99   1.00000000000000E-99
 92   70     1.00000000000000E-99   1.00000000000000E-99
 93   70     1.00000000000000E-99   1.00000000000000E-99
 94   70     1.00000000000000E-99   1.00000000000000E-99
 95   70     1.00000000000000E-99   1.00000000000000E-99
 96   70     1.00000000000000E-99   1.00000000000000E-99
 97   70     1.00000000000000E-99   1.00000000000000E-99
 98   70     1.00000000000000E-99   1.00000000000000E-99
 99   70     1.00000000000000E-99   1.00000000000000E-99
100   70     1.00000000000000E-99   1.00000000000000E-99
101   70     1.00000000000000E-99   1.00000000000000E-99
102   70     1.00000000000000E-99   1.00000000000000E-99
103   70     1.00000000000000E-99   1.00000000000000E-99
104   70     1.00000000000000E-99   1.00000000000000E-99
105   70     1.00000000000000E-99   1.00000000000000E-99
106   70     1.00000000000000E-99   1.00000000000000E-99
107   70     1.00000000000000E-99   1.00000000000000E-99
108   70     1.00000000000000E-99   1.00000000000000E-99
109   70     1.00000000000000E-99   1.00000000000000E-99
110   70     1.00000000000000E-99   1.00000000000000E-99
111   70     1.00000000000000E-99   1.00000000000000E-99
112   70     1.00000000000000E-99   1.00000000000000E-99
113   70     1.00000000000000E-99   1.00000000000000E-99
114   70     1.00000000000000E-99   1.00000000000000E-99
115   70     1.00000000000000E-99   1.00000000000000E-99
116   70     1.00000000000000E-99   1.00000000000000E-99
117   70     1.00000000000000E-99   1.00000000000000E-99
118   70     1.00000000000000E-99   1.00000000000000E-99
119   70     1.00000000000000E-99   1.00000000000000E-99
120   70     1.00000000000000E-99   1.00000000000000E-99
121   70     1.00000000000000E-99   1.00000000000000E-99
122   70     1.00000000000000E-99   1.00000000000000E-99
123   70     1.00000000000000E-99   1.00000000000000E-99
124   70     1.00000000000000E-99   1.00000000000000E-99
125   70     1.00000000000000E-99   1.00000000000000E-99
126   70     1.00000000000000E-99   1.00000000000000E-99
127   70     1.00000000000000E-99   1.00000000000000E-99
128   70     1.00000000000000E-99   1.00000000000000E-99
129   70     1.00000000000000E-99   1.00000000000000E-99
130   70     1.00000000000000E-99   1.00000000000000E-99
131   70     1.00000000000000E-99   1.00000000000000E-99
132   70     1.00000000000000E-99   1.00000000000000E-99
133   70     1.00000000000000E-99   1.00000000000000E-99
134   70     1.00000000000000E-99   1.00000000000000E-99
135   70     1.00000000000000E-99   1.00000000000000E-99
136   70     1.00000000000000E-99   1.00000000000000E-99
137   70     1.00000000000000E-99   1.00000000000000E-99
138   70     1.00000000000000E-99   1.00000000000000E-99
139   70     1.00000000000000E-99   1.00000000000000E-99
140   70     1.00000000000000E-99   1.00000000000000E-99
141   70     1.00000000000000E-99   1.00000000000000E-99
142   70     1.00000000000000E-99   1.00000000000000E-99
143   70     1.00000000000000E-99   1.00000000000000E-99
144   70     1.29003234173255E-24   2.76066921130766E-22
145   70     1.98127283872868E-23   4.25973660326666E-21
146   70     2.56396344394643E-21   5.53816103892428E-19
147   70     4.03370444859528E-20   8.75313865345175E-18
148   70     2.63004511364567E-16   5.73349834774757E-14
149   70     2.02661484927331E-15   4.43828651990855E-13
150   70     1.58831224614879E-13   3.49428694152734E-11
151   70     1.15904943487021E-14   2.56149925106316E-12
152   70     1.14776137092642E-08   2.54803024345666E-06
153   70     1.03863921622427E-12   2.31616545218012E-10
154   70     4.30635532174374E-08   9.64623592070599E-06
155   70     8.22767680419410E-13   1.85122728094367E-10
156   70     2.08055985539209E-09   4.70206527318612E-07
157   70     1.25845043446624E-14   2.85668248623836E-12
158   70     4.65639284402744E-12   1.06165756843826E-09
159   70     4.19682860774831E-17   9.61073751174363E-15
160   70     7.60551052556063E-15   1.74926742087895E-12
161   70     3.46150351726314E-21   7.99607312487785E-19
162   70     1.00000000000000E-99   1.00000000000000E-99
163   70     1.00000000000000E-99   1.00000000000000E-99
164   70     1.00000000000000E-99   1.00000000000000E-99
 90   71     1.00000000000000E-99   1.00000000000000E-99
 91   71     1.00000000000000E-99   1.00000000000000E-99
 92   71     1.00000000000000E-99   1.00000000000000E-99
 93   71     1.00000000000000E-99   1.00000000000000E-99
 94   71     1.00000000000000E-99   1.00000000000000E-99
 95   71     1.00000000000000E-99   1.00000000000000E-99
 96   71     1.00000000000000E-99   1.00000000000000E-99
 97   71     1.00000000000000E-99   1.00000000000000E-99
 98   71     1.00000000000000E-99   1.00000000000000E-99
 99   71     1.00000000000000E-99   1.00000000000000E-99
100   71     1.00000000000000E-99   1.00000000000000E-99
101   71     1.00000000000000E-99   1.00000000000000E-99
102   71     1.00000000000000E-99   1.00000000000000E-99
103   71     1.00000000000000E-99   1.00000000000000E-99
104   71     1.00000000000000E-99   1.00000000000000E-99
105   71     1.00000000000000E-99   1.00000000000000E-99
106   71     1.00000000000000E-99   1.00000000000000E-99
107   71     1.00000000000000E-99   1.00000000000000E-99
108   71     1.00000000000000E-99   1.00000000000000E-99
109   71     1.00000000000000E-99   1.00000000000000E-99
110   71     1.00000000000000E-99   1.00000000000000E-99
111   71     1.00000000000000E-99   1.00000000000000E-99
112   71     1.00000000000000E-99   1.00000000000000E-99
113   71     1.00000000000000E-99   1.00000000000000E-99
114   71     1.00000000000000E-99   1.00000000000000E-99
115   71     1.00000000000000E-99   1.00000000000000E-99
116   71     1.00000000000000E-99   1.00000000000000E-99
117   71     1.00000000000000E-99   1.00000000000000E-99
118   71     1.00000000000000E-99   1.00000000000000E-99
119   71     1.00000000000000E-99   1.00000000000000E-99
120   71     1.00000000000000E-99   1.00000000000000E-99
121   71     1.00000000000000E-99   1.00000000000000E-99
122   71     1.00000000000000E-99   1.00000000000000E-99
123   71     1.00000000000000E-99   1.00000000000000E-99
124   71     1.00000000000000E-99   1.00000000000000E-99
125   71     1.00000000000000E-99   1.00000000000000E-99
126   71     1.00000000000000E-99   1.00000000000000E-99
127   71     1.00000000000000E-99   1.00000000000000E-99
128   71     1.00000000000000E-99   1.00000000000000E-99
129   71     1.00000000000000E-99   1.00000000000000E-99
130   71     1.00000000000000E-99   1.00000000000000E-99
131   71     1.00000000000000E-99   1.00000000000000E-99
132   71     1.00000000000000E-99   1.00000000000000E-99
133   71     1.00000000000000E-99   1.00000000000000E-99
134   71     1.00000000000000E-99   1.00000000000000E-99
135   71     1.00000000000000E-99   1.00000000000000E-99
136   71     1.00000000000000E-99   1.00000000000000E-99
137   71     1.00000000000000E-99   1.00000000000000E-99
138   71     1.00000000000000E-99   1.00000000000000E-99
139   71     1.00000000000000E-99   1.00000000000000E-99
140   71     1.00000000000000E-99   1.00000000000000E-99
141   71     1.00000000000000E-99   1.00000000000000E-99
142   71     1.00000000000000E-99   1.00000000000000E-99
143   71     1.00000000000000E-99   1.00000000000000E-99
144   71     1.00000000000000E-99   1.00000000000000E-99
145   71     1.00000000000000E-99   1.00000000000000E-99
146   71     6.37678216044862E-24   1.38376172881735E-21
147   71     9.69494872912319E-23   2.11349882294885E-20
148   71     1.75224744189516E-20   3.83742189775040E-18
149   71     2.12490022434701E-17   4.67478049356341E-15
150   71     4.86917744352724E-16   1.07608821501952E-13
151   71     1.51780963454631E-16   3.36953738869280E-14
152   71     7.66764732614625E-13   1.70988535373061E-10
153   71     3.91936529765681E-15   8.77937826675125E-13
154   71     3.86334694170082E-10   8.69253061882684E-08
155   71     1.06061824732771E-13   2.39699723896062E-11
156   71     5.95119264889573E-10   1.35092073129933E-07
157   71     1.33569139529796E-12   3.04537638127935E-10
158   71     2.56400220766085E-09   5.87156505554336E-07
159   71     1.24798510040035E-12   2.87036573092081E-10
160   71     2.11962774166093E-08   4.89634008323675E-06
161   71     1.87766130437879E-13   4.35617422615879E-11
162   71     1.56419475341684E-10   3.64457377546123E-08
163   71     1.06195734136255E-19   2.48498017878838E-17
164   71     1.00000000000000E-99   1.00000000000000E-99
165   71     1.00000000000000E-99   1.00000000000000E-99
166   71     1.00000000000000E-99   1.00000000000000E-99
 92   72     1.00000000000000E-99   1.00000000000000E-99
 93   72     1.00000000000000E-99   1.00000000000000E-99
 94   72     1.00000000000000E-99   1.00000000000000E-99
 95   72     1.00000000000000E-99   1.00000000000000E-99
 96   72     1.00000000000000E-99   1.00000000000000E-99
 97   72     1.00000000000000E-99   1.00000000000000E-99
 98   72     1.00000000000000E-99   1.00000000000000E-99
 99   72     1.00000000000000E-99   1.00000000000000E-99
100   72     1.00000000000000E-99   1.00000000000000E-99
101   72     1.00000000000000E-99   1.00000000000000E-99
102   72     1.00000000000000E-99   1.00000000000000E-99
103   72     1.00000000000000E-99   1.00000000000000E-99
104   72     1.00000000000000E-99   1.00000000000000E-99
105   72     1.00000000000000E-99   1.00000000000000E-99
106   72     1.00000000000000E-99   1.00000000000000E-99
107   72     1.00000000000000E-99   1.00000000000000E-99
108   72     1.00000000000000E-99   1.00000000000000E-99
109   72     1.00000000000000E-99   1.00000000000000E-99
110   72     1.00000000000000E-99   1.00000000000000E-99
111   72     1.00000000000000E-99   1.00000000000000E-99
112   72     1.00000000000000E-99   1.00000000000000E-99
113   72     1.00000000000000E-99   1.00000000000000E-99
114   72     1.00000000000000E-99   1.00000000000000E-99
115   72     1.00000000000000E-99   1.00000000000000E-99
116   72     1.00000000000000E-99   1.00000000000000E-99
117   72     1.00000000000000E-99   1.00000000000000E-99
118   72     1.00000000000000E-99   1.00000000000000E-99
119   72     1.00000000000000E-99   1.00000000000000E-99
120   72     1.00000000000000E-99   1.00000000000000E-99
121   72     1.00000000000000E-99   1.00000000000000E-99
122   72     1.00000000000000E-99   1.00000000000000E-99
123   72     1.00000000000000E-99   1.00000000000000E-99
124   72     1.00000000000000E-99   1.00000000000000E-99
125   72     1.00000000000000E-99   1.00000000000000E-99
126   72     1.00000000000000E-99   1.00000000000000E-99
127   72     1.00000000000000E-99   1.00000000000000E-99
128   72     1.00000000000000E-99   1.00000000000000E-99
129   72     1.00000000000000E-99   1.00000000000000E-99
130   72     1.00000000000000E-99   1.00000000000000E-99
131   72     1.00000000000000E-99   1.00000000000000E-99
132   72     1.00000000000000E-99   1.00000000000000E-99
133   72     1.00000000000000E-99   1.00000000000000E-99
134   72     1.00000000000000E-99   1.00000000000000E-99
135   72     1.00000000000000E-99   1.00000000000000E-99
136   72     1.00000000000000E-99   1.00000000000000E-99
137   72     1.00000000000000E-99   1.00000000000000E-99
138   72     1.00000000000000E-99   1.00000000000000E-99
139   72     1.00000000000000E-99   1.00000000000000E-99
140   72     1.00000000000000E-99   1.00000000000000E-99
141   72     1.00000000000000E-99   1.00000000000000E-99
142   72     1.00000000000000E-99   1.00000000000000E-99
143   72     1.00000000000000E-99   1.00000000000000E-99
144   72     1.00000000000000E-99   1.00000000000000E-99
145   72     1.00000000000000E-99   1.00000000000000E-99
146   72     2.07486716701221E-25   4.52321042408662E-23
147   72     4.19592906398338E-25   9.18908465012360E-23
148   72     7.46700700882307E-24   1.64274154194107E-21
149   72     1.73162851372489E-21   3.82689901533200E-19
150   72     7.02326037410927E-20   1.55916380305226E-17
151   72     2.31797265952931E-18   5.16907903075037E-16
152   72     9.71394683676392E-15   2.17592409143512E-12
153   72     1.33025808152561E-17   2.99308068343262E-15
154   72     6.54584874061902E-12   1.47936181537990E-09
155   72     2.02264094955516E-16   4.59139495549021E-14
156   72     2.60246256812039E-13   5.93361465531448E-11
157   72     7.01375078364138E-16   1.60614892945388E-13
158   72     1.18258024904714E-12   2.71993457280843E-10
159   72     1.01273559773732E-14   2.33941923077320E-12
160   72     5.31131574575640E-10   1.23222525301549E-07
161   72     7.15649553125385E-13   1.66746345878215E-10
162   72     1.40571588637219E-08   3.28937517411092E-06
163   72     2.62561216149683E-16   6.17018857951756E-14
164   72     3.53482831753143E-17   8.34219482937419E-15
165   72     1.00000000000000E-99   1.00000000000000E-99
166   72     1.00000000000000E-99   1.00000000000000E-99
167   72     1.00000000000000E-99   1.00000000000000E-99
168   72     1.00000000000000E-99   1.00000000000000E-99
 96   73     1.00000000000000E-99   1.00000000000000E-99
 97   73     1.00000000000000E-99   1.00000000000000E-99
 98   73     1.00000000000000E-99   1.00000000000000E-99
 99   73     1.00000000000000E-99   1.00000000000000E-99
100   73     1.00000000000000E-99   1.00000000000000E-99
101   73     1.00000000000000E-99   1.00000000000000E-99
102   73     1.00000000000000E-99   1.00000000000000E-99
103   73     1.00000000000000E-99   1.00000000000000E-99
104   73     1.00000000000000E-99   1.00000000000000E-99
105   73     1.00000000000000E-99   1.00000000000000E-99
106   73     1.00000000000000E-99   1.00000000000000E-99
107   73     1.00000000000000E-99   1.00000000000000E-99
108   73     1.00000000000000E-99   1.00000000000000E-99
109   73     1.00000000000000E-99   1.00000000000000E-99
110   73     1.00000000000000E-99   1.00000000000000E-99
111   73     1.00000000000000E-99   1.00000000000000E-99
112   73     1.00000000000000E-99   1.00000000000000E-99
113   73     1.00000000000000E-99   1.00000000000000E-99
114   73     1.00000000000000E-99   1.00000000000000E-99
115   73     1.00000000000000E-99   1.00000000000000E-99
116   73     1.00000000000000E-99   1.00000000000000E-99
117   73     1.00000000000000E-99   1.00000000000000E-99
118   73     1.00000000000000E-99   1.00000000000000E-99
119   73     1.00000000000000E-99   1.00000000000000E-99
120   73     1.00000000000000E-99   1.00000000000000E-99
121   73     1.00000000000000E-99   1.00000000000000E-99
122   73     1.00000000000000E-99   1.00000000000000E-99
123   73     1.00000000000000E-99   1.00000000000000E-99
124   73     1.00000000000000E-99   1.00000000000000E-99
125   73     1.00000000000000E-99   1.00000000000000E-99
126   73     1.00000000000000E-99   1.00000000000000E-99
127   73     1.00000000000000E-99   1.00000000000000E-99
128   73     1.00000000000000E-99   1.00000000000000E-99
129   73     1.00000000000000E-99   1.00000000000000E-99
130   73     1.00000000000000E-99   1.00000000000000E-99
131   73     1.00000000000000E-99   1.00000000000000E-99
132   73     1.00000000000000E-99   1.00000000000000E-99
133   73     1.00000000000000E-99   1.00000000000000E-99
134   73     1.00000000000000E-99   1.00000000000000E-99
135   73     1.00000000000000E-99   1.00000000000000E-99
136   73     1.00000000000000E-99   1.00000000000000E-99
137   73     1.00000000000000E-99   1.00000000000000E-99
138   73     1.00000000000000E-99   1.00000000000000E-99
139   73     1.00000000000000E-99   1.00000000000000E-99
140   73     1.00000000000000E-99   1.00000000000000E-99
141   73     1.00000000000000E-99   1.00000000000000E-99
142   73     1.00000000000000E-99   1.00000000000000E-99
143   73     1.00000000000000E-99   1.00000000000000E-99
144   73     1.00000000000000E-99   1.00000000000000E-99
145   73     1.00000000000000E-99   1.00000000000000E-99
146   73     1.00000000000000E-99   1.00000000000000E-99
147   73     1.00000000000000E-99   1.00000000000000E-99
148   73     1.00000000000000E-99   1.00000000000000E-99
149   73     1.78103949790922E-24   3.95390768535847E-22
150   73     3.81937522469245E-23   8.51720675106416E-21
151   73     4.45632752537430E-21   9.98217365683844E-19
152   73     8.36918360877540E-18   1.88306631197446E-15
153   73     3.68089534335553E-20   8.31882347598351E-18
154   73     1.48511488366532E-17   3.37121078592028E-15
155   73     5.56209262443252E-20   1.26815711837062E-17
156   73     4.60548678497832E-18   1.05465647376004E-15
157   73     3.25970507501901E-18   7.49732167254372E-16
158   73     1.44122976371720E-16   3.32924075418674E-14
159   73     9.64758433037148E-17   2.23823956464618E-14
160   73     3.98997133530563E-13   9.29663321126212E-11
161   73     1.15920619278489E-14   2.71254249111663E-12
162   73     9.01169421287580E-09   2.11774814002581E-06
163   73     2.40381876478452E-14   5.67301228489146E-12
164   73     5.19396068544901E-13   1.23096868245142E-10
165   73     5.16932934286231E-20   1.23030038360123E-17
166   73     2.76260533531510E-20   6.60262675140310E-18
167   73     1.00000000000000E-99   1.00000000000000E-99
168   73     1.00000000000000E-99   1.00000000000000E-99
169   73     1.00000000000000E-99   1.00000000000000E-99
170   73     1.00000000000000E-99   1.00000000000000E-99
 98   74     1.00000000000000E-99   1.00000000000000E-99
 99   74     1.00000000000000E-99   1.00000000000000E-99
100   74     1.00000000000000E-99   1.00000000000000E-99
101   74     1.00000000000000E-99   1.00000000000000E-99
102   74     1.00000000000000E-99   1.00000000000000E-99
103   74     1.00000000000000E-99   1.00000000000000E-99
104   74     1.00000000000000E-99   1.00000000000000E-99
105   74     1.00000000000000E-99   1.00000000000000E-99
106   74     1.00000000000000E-99   1.00000000000000E-99
107   74     1.00000000000000E-99   1.00000000000000E-99
108   74     1.00000000000000E-99   1.00000000000000E-99
109   74     1.00000000000000E-99   1.00000000000000E-99
110   74     1.00000000000000E-99   1.00000000000000E-99
111   74     1.00000000000000E-99   1.00000000000000E-99
112   74     1.00000000000000E-99   1.00000000000000E-99
113   74     1.00000000000000E-99   1.00000000000000E-99
114   74     1.00000000000000E-99   1.00000000000000E-99
115   74     1.00000000000000E-99   1.00000000000000E-99
116   74     1.00000000000000E-99   1.00000000000000E-99
117   74     1.00000000000000E-99   1.00000000000000E-99
118   74     1.00000000000000E-99   1.00000000000000E-99
119   74     1.00000000000000E-99   1.00000000000000E-99
120   74     1.00000000000000E-99   1.00000000000000E-99
121   74     1.00000000000000E-99   1.00000000000000E-99
122   74     1.00000000000000E-99   1.00000000000000E-99
123   74     1.00000000000000E-99   1.00000000000000E-99
124   74     1.00000000000000E-99   1.00000000000000E-99
125   74     1.00000000000000E-99   1.00000000000000E-99
126   74     1.00000000000000E-99   1.00000000000000E-99
127   74     1.00000000000000E-99   1.00000000000000E-99
128   74     1.00000000000000E-99   1.00000000000000E-99
129   74     1.00000000000000E-99   1.00000000000000E-99
130   74     1.00000000000000E-99   1.00000000000000E-99
131   74     1.00000000000000E-99   1.00000000000000E-99
132   74     1.00000000000000E-99   1.00000000000000E-99
133   74     1.00000000000000E-99   1.00000000000000E-99
134   74     1.00000000000000E-99   1.00000000000000E-99
135   74     1.00000000000000E-99   1.00000000000000E-99
136   74     1.00000000000000E-99   1.00000000000000E-99
137   74     1.00000000000000E-99   1.00000000000000E-99
138   74     1.00000000000000E-99   1.00000000000000E-99
139   74     1.00000000000000E-99   1.00000000000000E-99
140   74     1.00000000000000E-99   1.00000000000000E-99
141   74     1.00000000000000E-99   1.00000000000000E-99
142   74     1.00000000000000E-99   1.00000000000000E-99
143   74     1.00000000000000E-99   1.00000000000000E-99
144   74     1.00000000000000E-99   1.00000000000000E-99
145   74     1.00000000000000E-99   1.00000000000000E-99
146   74     1.00000000000000E-99   1.00000000000000E-99
147   74     1.00000000000000E-99   1.00000000000000E-99
148   74     1.00000000000000E-99   1.00000000000000E-99
149   74     1.00000000000000E-99   1.00000000000000E-99
150   74     1.00000000000000E-99   1.00000000000000E-99
151   74     1.00000000000000E-99   1.00000000000000E-99
152   74     2.27833517790253E-24   5.14903750205972E-22
153   74     1.77639540519387E-25   4.03241756979009E-23
154   74     8.37955542121719E-24   1.91053863603752E-21
155   74     4.99272744423411E-25   1.14333458472961E-22
156   74     1.65466488857173E-22   3.80572924371497E-20
157   74     2.09941155070812E-21   4.84964068213576E-19
158   74     4.01703688057577E-18   9.31952556293579E-16
159   74     1.65538799999860E-16   3.85705403999674E-14
160   74     1.35665840819308E-14   3.17458067517182E-12
161   74     9.59280194192659E-16   2.25430845635275E-13
162   74     4.35182188582572E-09   1.02702996505487E-06
163   74     1.20436763525571E-12   2.85435129555603E-10
164   74     4.56559619962339E-10   1.08661189551037E-07
165   74     5.92557870144276E-17   1.41621330964482E-14
166   74     1.70194545253121E-16   4.08466908607489E-14
167   74     3.00163855767149E-24   7.23394892398829E-22
168   74     1.00000000000000E-99   1.00000000000000E-99
169   74     1.00000000000000E-99   1.00000000000000E-99
170   74     1.00000000000000E-99   1.00000000000000E-99
171   74     1.00000000000000E-99   1.00000000000000E-99
172   74     1.00000000000000E-99   1.00000000000000E-99
173   74     1.00000000000000E-99   1.00000000000000E-99
 99   75     1.00000000000000E-99   1.00000000000000E-99
100   75     1.00000000000000E-99   1.00000000000000E-99
101   75     1.00000000000000E-99   1.00000000000000E-99
102   75     1.00000000000000E-99   1.00000000000000E-99
103   75     1.00000000000000E-99   1.00000000000000E-99
104   75     1.00000000000000E-99   1.00000000000000E-99
105   75     1.00000000000000E-99   1.00000000000000E-99
106   75     1.00000000000000E-99   1.00000000000000E-99
107   75     1.00000000000000E-99   1.00000000000000E-99
108   75     1.00000000000000E-99   1.00000000000000E-99
109   75     1.00000000000000E-99   1.00000000000000E-99
110   75     1.00000000000000E-99   1.00000000000000E-99
111   75     1.00000000000000E-99   1.00000000000000E-99
112   75     1.00000000000000E-99   1.00000000000000E-99
113   75     1.00000000000000E-99   1.00000000000000E-99
114   75     1.00000000000000E-99   1.00000000000000E-99
115   75     1.00000000000000E-99   1.00000000000000E-99
116   75     1.00000000000000E-99   1.00000000000000E-99
117   75     1.00000000000000E-99   1.00000000000000E-99
118   75     1.00000000000000E-99   1.00000000000000E-99
119   75     1.00000000000000E-99   1.00000000000000E-99
120   75     1.00000000000000E-99   1.00000000000000E-99
121   75     1.00000000000000E-99   1.00000000000000E-99
122   75     1.00000000000000E-99   1.00000000000000E-99
123   75     1.00000000000000E-99   1.00000000000000E-99
124   75     1.00000000000000E-99   1.00000000000000E-99
125   75     1.00000000000000E-99   1.00000000000000E-99
126   75     1.00000000000000E-99   1.00000000000000E-99
127   75     1.00000000000000E-99   1.00000000000000E-99
128   75     1.00000000000000E-99   1.00000000000000E-99
129   75     1.00000000000000E-99   1.00000000000000E-99
130   75     1.00000000000000E-99   1.00000000000000E-99
131   75     1.00000000000000E-99   1.00000000000000E-99
132   75     1.00000000000000E-99   1.00000000000000E-99
133   75     1.00000000000000E-99   1.00000000000000E-99
134   75     1.00000000000000E-99   1.00000000000000E-99
135   75     1.00000000000000E-99   1.00000000000000E-99
136   75     1.00000000000000E-99   1.00000000000000E-99
137   75     1.00000000000000E-99   1.00000000000000E-99
138   75     1.00000000000000E-99   1.00000000000000E-99
139   75     1.00000000000000E-99   1.00000000000000E-99
140   75     1.00000000000000E-99   1.00000000000000E-99
141   75     1.00000000000000E-99   1.00000000000000E-99
142   75     1.00000000000000E-99   1.00000000000000E-99
143   75     1.00000000000000E-99   1.00000000000000E-99
144   75     1.00000000000000E-99   1.00000000000000E-99
145   75     1.00000000000000E-99   1.00000000000000E-99
146   75     1.00000000000000E-99   1.00000000000000E-99
147   75     1.00000000000000E-99   1.00000000000000E-99
148   75     1.00000000000000E-99   1.00000000000000E-99
149   75     1.00000000000000E-99   1.00000000000000E-99
150   75     1.00000000000000E-99   1.00000000000000E-99
151   75     1.00000000000000E-99   1.00000000000000E-99
152   75     1.00000000000000E-99   1.00000000000000E-99
153   75     1.00000000000000E-99   1.00000000000000E-99
154   75     1.00000000000000E-99   1.00000000000000E-99
155   75     1.00000000000000E-99   1.00000000000000E-99
156   75     4.52043818154440E-24   1.04422121993676E-21
157   75     9.38828458548608E-24   2.17808202383277E-21
158   75     3.58200233257068E-21   8.34606543488969E-19
159   75     8.24295191323661E-18   1.92885074769737E-15
160   75     5.27404946559938E-16   1.23940162441585E-13
161   75     4.43340472367808E-17   1.04628351478803E-14
162   75     8.52115409589352E-11   2.01951352072676E-08
163   75     9.60532951342500E-13   2.28606842419515E-10
164   75     2.09862795021452E-09   5.01572080101270E-07
165   75     4.73793269741030E-14   1.13710384737847E-11
166   75     2.13955084827347E-15   5.15631754433905E-13
167   75     1.57560618308594E-22   3.81296696306796E-20
168   75     3.70736668021404E-20   9.00890103292012E-18
169   75     1.47947577657518E-24   3.60992089484344E-22
170   75     1.00000000000000E-99   1.00000000000000E-99
171   75     1.00000000000000E-99   1.00000000000000E-99
172   75     1.00000000000000E-99   1.00000000000000E-99
173   75     1.00000000000000E-99   1.00000000000000E-99
174   75     1.00000000000000E-99   1.00000000000000E-99
175   75     1.00000000000000E-99   1.00000000000000E-99
101   76     1.00000000000000E-99   1.00000000000000E-99
102   76     1.00000000000000E-99   1.00000000000000E-99
103   76     1.00000000000000E-99   1.00000000000000E-99
104   76     1.00000000000000E-99   1.00000000000000E-99
105   76     1.00000000000000E-99   1.00000000000000E-99
106   76     1.00000000000000E-99   1.00000000000000E-99
107   76     1.00000000000000E-99   1.00000000000000E-99
108   76     1.00000000000000E-99   1.00000000000000E-99
109   76     1.00000000000000E-99   1.00000000000000E-99
110   76     1.00000000000000E-99   1.00000000000000E-99
111   76     1.00000000000000E-99   1.00000000000000E-99
112   76     1.00000000000000E-99   1.00000000000000E-99
113   76     1.00000000000000E-99   1.00000000000000E-99
114   76     1.00000000000000E-99   1.00000000000000E-99
115   76     1.00000000000000E-99   1.00000000000000E-99
116   76     1.00000000000000E-99   1.00000000000000E-99
117   76     1.00000000000000E-99   1.00000000000000E-99
118   76     1.00000000000000E-99   1.00000000000000E-99
119   76     1.00000000000000E-99   1.00000000000000E-99
120   76     1.00000000000000E-99   1.00000000000000E-99
121   76     1.00000000000000E-99   1.00000000000000E-99
122   76     1.00000000000000E-99   1.00000000000000E-99
123   76     1.00000000000000E-99   1.00000000000000E-99
124   76     1.00000000000000E-99   1.00000000000000E-99
125   76     1.00000000000000E-99   1.00000000000000E-99
126   76     1.00000000000000E-99   1.00000000000000E-99
127   76     1.00000000000000E-99   1.00000000000000E-99
128   76     1.00000000000000E-99   1.00000000000000E-99
129   76     1.00000000000000E-99   1.00000000000000E-99
130   76     1.00000000000000E-99   1.00000000000000E-99
131   76     1.00000000000000E-99   1.00000000000000E-99
132   76     1.00000000000000E-99   1.00000000000000E-99
133   76     1.00000000000000E-99   1.00000000000000E-99
134   76     1.00000000000000E-99   1.00000000000000E-99
135   76     1.00000000000000E-99   1.00000000000000E-99
136   76     1.00000000000000E-99   1.00000000000000E-99
137   76     1.00000000000000E-99   1.00000000000000E-99
138   76     1.00000000000000E-99   1.00000000000000E-99
139   76     1.00000000000000E-99   1.00000000000000E-99
140   76     1.00000000000000E-99   1.00000000000000E-99
141   76     1.00000000000000E-99   1.00000000000000E-99
142   76     1.00000000000000E-99   1.00000000000000E-99
143   76     1.00000000000000E-99   1.00000000000000E-99
144   76     1.00000000000000E-99   1.00000000000000E-99
145   76     1.00000000000000E-99   1.00000000000000E-99
146   76     1.00000000000000E-99   1.00000000000000E-99
147   76     1.00000000000000E-99   1.00000000000000E-99
148   76     1.00000000000000E-99   1.00000000000000E-99
149   76     1.00000000000000E-99   1.00000000000000E-99
150   76     1.00000000000000E-99   1.00000000000000E-99
151   76     1.00000000000000E-99   1.00000000000000E-99
152   76     1.00000000000000E-99   1.00000000000000E-99
153   76     1.00000000000000E-99   1.00000000000000E-99
154   76     1.00000000000000E-99   1.00000000000000E-99
155   76     1.00000000000000E-99   1.00000000000000E-99
156   76     3.34794004650493E-25   7.76722090789145E-23
157   76     8.90007074138784E-25   2.07371648274337E-22
158   76     3.50042357880623E-23   8.19099117440659E-21
159   76     1.13658717218110E-19   2.67097985462559E-17
160   76     8.55431917826517E-18   2.01881932607058E-15
161   76     1.50137359765301E-17   3.55825542643763E-15
162   76     1.13278328693820E-12   2.69602422291291E-10
163   76     4.07688439197077E-14   9.74375369681013E-12
164   76     1.11035964024119E-09   2.66486313657885E-07
165   76     5.32729981214230E-15   1.28387925472629E-12
166   76     6.24114583350322E-14   1.51035729170778E-11
167   76     2.78547488613683E-17   6.76870397331251E-15
168   76     2.51435782138212E-14   6.13503308417238E-12
169   76     1.00000000000000E-99   1.00000000000000E-99
170   76     1.00000000000000E-99   1.00000000000000E-99
171   76     1.00000000000000E-99   1.00000000000000E-99
172   76     1.00000000000000E-99   1.00000000000000E-99
173   76     1.00000000000000E-99   1.00000000000000E-99
174   76     1.00000000000000E-99   1.00000000000000E-99
175   76     1.00000000000000E-99   1.00000000000000E-99
176   76     1.00000000000000E-99   1.00000000000000E-99
177   76     1.00000000000000E-99   1.00000000000000E-99
103   77     1.00000000000000E-99   1.00000000000000E-99
104   77     1.00000000000000E-99   1.00000000000000E-99
105   77     1.00000000000000E-99   1.00000000000000E-99
106   77     1.00000000000000E-99   1.00000000000000E-99
107   77     1.00000000000000E-99   1.00000000000000E-99
108   77     1.00000000000000E-99   1.00000000000000E-99
109   77     1.00000000000000E-99   1.00000000000000E-99
110   77     1.00000000000000E-99   1.00000000000000E-99
111   77     1.00000000000000E-99   1.00000000000000E-99
112   77     1.00000000000000E-99   1.00000000000000E-99
113   77     1.00000000000000E-99   1.00000000000000E-99
114   77     1.00000000000000E-99   1.00000000000000E-99
115   77     1.00000000000000E-99   1.00000000000000E-99
116   77     1.00000000000000E-99   1.00000000000000E-99
117   77     1.00000000000000E-99   1.00000000000000E-99
118   77     1.00000000000000E-99   1.00000000000000E-99
119   77     1.00000000000000E-99   1.00000000000000E-99
120   77     1.00000000000000E-99   1.00000000000000E-99
121   77     1.00000000000000E-99   1.00000000000000E-99
122   77     1.00000000000000E-99   1.00000000000000E-99
123   77     1.00000000000000E-99   1.00000000000000E-99
124   77     1.00000000000000E-99   1.00000000000000E-99
125   77     1.00000000000000E-99   1.00000000000000E-99
126   77     1.00000000000000E-99   1.00000000000000E-99
127   77     1.00000000000000E-99   1.00000000000000E-99
128   77     1.00000000000000E-99   1.00000000000000E-99
129   77     1.00000000000000E-99   1.00000000000000E-99
130   77     1.00000000000000E-99   1.00000000000000E-99
131   77     1.00000000000000E-99   1.00000000000000E-99
132   77     1.00000000000000E-99   1.00000000000000E-99
133   77     1.00000000000000E-99   1.00000000000000E-99
134   77     1.00000000000000E-99   1.00000000000000E-99
135   77     1.00000000000000E-99   1.00000000000000E-99
136   77     1.00000000000000E-99   1.00000000000000E-99
137   77     1.00000000000000E-99   1.00000000000000E-99
138   77     1.00000000000000E-99   1.00000000000000E-99
139   77     1.00000000000000E-99   1.00000000000000E-99
140   77     1.00000000000000E-99   1.00000000000000E-99
141   77     1.00000000000000E-99   1.00000000000000E-99
142   77     1.00000000000000E-99   1.00000000000000E-99
143   77     1.00000000000000E-99   1.00000000000000E-99
144   77     1.00000000000000E-99   1.00000000000000E-99
145   77     1.00000000000000E-99   1.00000000000000E-99
146   77     1.00000000000000E-99   1.00000000000000E-99
147   77     1.00000000000000E-99   1.00000000000000E-99
148   77     1.00000000000000E-99   1.00000000000000E-99
149   77     1.00000000000000E-99   1.00000000000000E-99
150   77     1.00000000000000E-99   1.00000000000000E-99
151   77     1.00000000000000E-99   1.00000000000000E-99
152   77     1.00000000000000E-99   1.00000000000000E-99
153   77     1.00000000000000E-99   1.00000000000000E-99
154   77     1.00000000000000E-99   1.00000000000000E-99
155   77     1.00000000000000E-99   1.00000000000000E-99
156   77     1.00000000000000E-99   1.00000000000000E-99
157   77     1.00000000000000E-99   1.00000000000000E-99
158   77     1.00000000000000E-99   1.00000000000000E-99
159   77     2.07133436731645E-22   4.88834910686682E-20
160   77     6.07852036796428E-21   1.44060932720753E-18
161   77     5.99963503035308E-19   1.42791313722403E-16
162   77     1.14771004327160E-15   2.74302700341912E-13
163   77     5.52265548093714E-17   1.32543731542491E-14
164   77     7.88679681024959E-11   1.90071803127015E-08
165   77     1.36027357900132E-15   3.29186206118320E-13
166   77     3.58765424313436E-10   8.71799981081650E-08
167   77     2.90514620692683E-12   7.08855674490147E-10
168   77     1.97680877559523E-16   4.84318150020831E-14
169   77     2.27042163011644E-21   5.58523721008644E-19
170   77     6.65868159299200E-22   1.64469435346902E-19
171   77     2.84809512816415E-20   7.06327591784709E-18
172   77     5.63647777441515E-15   1.40348296582937E-12
173   77     7.01433030942790E-24   1.75358257735698E-21
174   77     4.15717636888518E-21   1.04345126859018E-18
175   77     4.92877002892454E-24   1.24205004728899E-21
176   77     1.37603598983825E-20   3.48137105429077E-18
177   77     1.21081438646362E-22   3.07546854161759E-20
178   77     1.00000000000000E-99   1.00000000000000E-99
179   77     1.00000000000000E-99   1.00000000000000E-99
105   78     1.00000000000000E-99   1.00000000000000E-99
106   78     1.00000000000000E-99   1.00000000000000E-99
107   78     1.00000000000000E-99   1.00000000000000E-99
108   78     1.00000000000000E-99   1.00000000000000E-99
109   78     1.00000000000000E-99   1.00000000000000E-99
110   78     1.00000000000000E-99   1.00000000000000E-99
111   78     1.00000000000000E-99   1.00000000000000E-99
112   78     1.00000000000000E-99   1.00000000000000E-99
113   78     1.00000000000000E-99   1.00000000000000E-99
114   78     1.00000000000000E-99   1.00000000000000E-99
115   78     1.00000000000000E-99   1.00000000000000E-99
116   78     1.00000000000000E-99   1.00000000000000E-99
117   78     1.00000000000000E-99   1.00000000000000E-99
118   78     1.00000000000000E-99   1.00000000000000E-99
119   78     1.00000000000000E-99   1.00000000000000E-99
120   78     1.00000000000000E-99   1.00000000000000E-99
121   78     1.00000000000000E-99   1.00000000000000E-99
122   78     1.00000000000000E-99   1.00000000000000E-99
123   78     1.00000000000000E-99   1.00000000000000E-99
124   78     1.00000000000000E-99   1.00000000000000E-99
125   78     1.00000000000000E-99   1.00000000000000E-99
126   78     1.00000000000000E-99   1.00000000000000E-99
127   78     1.00000000000000E-99   1.00000000000000E-99
128   78     1.00000000000000E-99   1.00000000000000E-99
129   78     1.00000000000000E-99   1.00000000000000E-99
130   78     1.00000000000000E-99   1.00000000000000E-99
131   78     1.00000000000000E-99   1.00000000000000E-99
132   78     1.00000000000000E-99   1.00000000000000E-99
133   78     1.00000000000000E-99   1.00000000000000E-99
134   78     1.00000000000000E-99   1.00000000000000E-99
135   78     1.00000000000000E-99   1.00000000000000E-99
136   78     1.00000000000000E-99   1.00000000000000E-99
137   78     1.00000000000000E-99   1.00000000000000E-99
138   78     1.00000000000000E-99   1.00000000000000E-99
139   78     1.00000000000000E-99   1.00000000000000E-99
140   78     1.00000000000000E-99   1.00000000000000E-99
141   78     1.00000000000000E-99   1.00000000000000E-99
142   78     1.00000000000000E-99   1.00000000000000E-99
143   78     1.00000000000000E-99   1.00000000000000E-99
144   78     1.00000000000000E-99   1.00000000000000E-99
145   78     1.00000000000000E-99   1.00000000000000E-99
146   78     1.00000000000000E-99   1.00000000000000E-99
147   78     1.00000000000000E-99   1.00000000000000E-99
148   78     1.00000000000000E-99   1.00000000000000E-99
149   78     1.00000000000000E-99   1.00000000000000E-99
150   78     1.00000000000000E-99   1.00000000000000E-99
151   78     1.00000000000000E-99   1.00000000000000E-99
152   78     1.00000000000000E-99   1.00000000000000E-99
153   78     1.00000000000000E-99   1.00000000000000E-99
154   78     1.00000000000000E-99   1.00000000000000E-99
155   78     1.00000000000000E-99   1.00000000000000E-99
156   78     1.00000000000000E-99   1.00000000000000E-99
157   78     1.00000000000000E-99   1.00000000000000E-99
158   78     1.00000000000000E-99   1.00000000000000E-99
159   78     5.77713875678898E-25   1.36918188535899E-22
160   78     6.62992931444534E-24   1.57792317683799E-21
161   78     6.18312070216466E-20   1.47776584781735E-17
162   78     3.21066311503239E-17   7.70559147607774E-15
163   78     1.28262128125330E-17   3.09111728782045E-15
164   78     4.37404214262388E-12   1.05851819851498E-09
165   78     3.37477609116710E-17   8.20070590153606E-15
166   78     2.45091792564793E-10   5.98023973858096E-08
167   78     4.56749999143655E-24   1.11903749790195E-21
168   78     1.03120222406868E-18   2.53675747120895E-16
169   78     3.34811937115407E-22   8.26985484675056E-20
170   78     8.82967308339023E-21   2.18975892468078E-18
171   78     7.54932048909064E-23   1.87978080178357E-20
172   78     2.48035675916668E-19   6.20089189791671E-17
173   78     6.18805272765625E-21   1.55320123464172E-18
174   78     1.02839296060399E-17   2.59155026072206E-15
175   78     5.80946486142406E-22   1.46979460994029E-19
176   78     2.02051989938130E-20   5.13212054442850E-18
177   78     4.42711071843024E-18   1.12891323319971E-15
178   78     1.64250936857997E-15   4.20482398356473E-13
179   78     1.00000000000000E-99   1.00000000000000E-99
180   78     1.00000000000000E-99   1.00000000000000E-99
181   78     1.00000000000000E-99   1.00000000000000E-99
182   78     1.00000000000000E-99   1.00000000000000E-99
106   79     1.00000000000000E-99   1.00000000000000E-99
107   79     1.00000000000000E-99   1.00000000000000E-99
108   79     1.00000000000000E-99   1.00000000000000E-99
109   79     1.00000000000000E-99   1.00000000000000E-99
110   79     1.00000000000000E-99   1.00000000000000E-99
111   79     1.00000000000000E-99   1.00000000000000E-99
112   79     1.00000000000000E-99   1.00000000000000E-99
113   79     1.00000000000000E-99   1.00000000000000E-99
114   79     1.00000000000000E-99   1.00000000000000E-99
115   79     1.00000000000000E-99   1.00000000000000E-99
116   79     1.00000000000000E-99   1.00000000000000E-99
117   79     1.00000000000000E-99   1.00000000000000E-99
118   79     1.00000000000000E-99   1.00000000000000E-99
119   79     1.00000000000000E-99   1.00000000000000E-99
120   79     1.00000000000000E-99   1.00000000000000E-99
121   79     1.00000000000000E-99   1.00000000000000E-99
122   79     1.00000000000000E-99   1.00000000000000E-99
123   79     1.00000000000000E-99   1.00000000000000E-99
124   79     1.00000000000000E-99   1.00000000000000E-99
125   79     1.00000000000000E-99   1.00000000000000E-99
126   79     1.00000000000000E-99   1.00000000000000E-99
127   79     1.00000000000000E-99   1.00000000000000E-99
128   79     1.00000000000000E-99   1.00000000000000E-99
129   79     1.00000000000000E-99   1.00000000000000E-99
130   79     1.00000000000000E-99   1.00000000000000E-99
131   79     1.00000000000000E-99   1.00000000000000E-99
132   79     1.00000000000000E-99   1.00000000000000E-99
133   79     1.00000000000000E-99   1.00000000000000E-99
134   79     1.00000000000000E-99   1.00000000000000E-99
135   79     1.00000000000000E-99   1.00000000000000E-99
136   79     1.00000000000000E-99   1.00000000000000E-99
137   79     1.00000000000000E-99   1.00000000000000E-99
138   79     1.00000000000000E-99   1.00000000000000E-99
139   79     1.00000000000000E-99   1.00000000000000E-99
140   79     1.00000000000000E-99   1.00000000000000E-99
141   79     1.00000000000000E-99   1.00000000000000E-99
142   79     1.00000000000000E-99   1.00000000000000E-99
143   79     1.00000000000000E-99   1.00000000000000E-99
144   79     1.00000000000000E-99   1.00000000000000E-99
145   79     1.00000000000000E-99   1.00000000000000E-99
146   79     1.00000000000000E-99   1.00000000000000E-99
147   79     1.00000000000000E-99   1.00000000000000E-99
148   79     1.00000000000000E-99   1.00000000000000E-99
149   79     1.00000000000000E-99   1.00000000000000E-99
150   79     1.00000000000000E-99   1.00000000000000E-99
151   79     1.00000000000000E-99   1.00000000000000E-99
152   79     1.00000000000000E-99   1.00000000000000E-99
153   79     1.00000000000000E-99   1.00000000000000E-99
154   79     1.00000000000000E-99   1.00000000000000E-99
155   79     1.00000000000000E-99   1.00000000000000E-99
156   79     1.00000000000000E-99   1.00000000000000E-99
157   79     1.00000000000000E-99   1.00000000000000E-99
158   79     1.00000000000000E-99   1.00000000000000E-99
159   79     1.00000000000000E-99   1.00000000000000E-99
160   79     1.00000000000000E-99   1.00000000000000E-99
161   79     8.23796723694572E-22   1.97711213686697E-19
162   79     8.47794285382783E-20   2.04318422777251E-17
163   79     2.01979360222055E-17   4.88790051737373E-15
164   79     1.36735561251016E-11   3.32267413839970E-09
165   79     4.54002868029428E-19   1.10776699799180E-16
166   79     2.51051157534669E-18   6.15075335959940E-16
167   79     3.84077062533479E-20   9.44829573832357E-18
168   79     4.47557765569255E-18   1.10546768095606E-15
169   79     9.16191537121767E-20   2.27215501206198E-17
170   79     3.04388420199041E-19   7.57927166295611E-17
171   79     7.06855709479296E-19   1.76713927369824E-16
172   79     8.68880844593406E-16   2.18089091992945E-13
173   79     9.77001643405741E-16   2.46204414138247E-13
174   79     1.12827956037645E-16   2.85454728775242E-14
175   79     5.50195367159467E-19   1.39749623258505E-16
176   79     3.18690470712202E-13   8.12660700316115E-11
177   79     6.64714639229264E-15   1.70166947642692E-12
178   79     1.30950983939514E-11   3.36544028724550E-09
179   79     2.76332531206531E-20   7.12937930512850E-18
180   79     1.25515992004102E-17   3.25086419290625E-15
181   79     6.31688629670007E-23   1.64239043714202E-20
182   79     1.00000000000000E-99   1.00000000000000E-99
183   79     1.00000000000000E-99   1.00000000000000E-99
184   79     1.00000000000000E-99   1.00000000000000E-99
109   80     1.00000000000000E-99   1.00000000000000E-99
110   80     1.00000000000000E-99   1.00000000000000E-99
111   80     1.00000000000000E-99   1.00000000000000E-99
112   80     1.00000000000000E-99   1.00000000000000E-99
113   80     1.00000000000000E-99   1.00000000000000E-99
114   80     1.00000000000000E-99   1.00000000000000E-99
115   80     1.00000000000000E-99   1.00000000000000E-99
116   80     1.00000000000000E-99   1.00000000000000E-99
117   80     1.00000000000000E-99   1.00000000000000E-99
118   80     1.00000000000000E-99   1.00000000000000E-99
119   80     1.00000000000000E-99   1.00000000000000E-99
120   80     1.00000000000000E-99   1.00000000000000E-99
121   80     1.00000000000000E-99   1.00000000000000E-99
122   80     1.00000000000000E-99   1.00000000000000E-99
123   80     1.00000000000000E-99   1.00000000000000E-99
124   80     1.00000000000000E-99   1.00000000000000E-99
125   80     1.00000000000000E-99   1.00000000000000E-99
126   80     1.00000000000000E-99   1.00000000000000E-99
127   80     1.00000000000000E-99   1.00000000000000E-99
128   80     1.00000000000000E-99   1.00000000000000E-99
129   80     1.00000000000000E-99   1.00000000000000E-99
130   80     1.00000000000000E-99   1.00000000000000E-99
131   80     1.00000000000000E-99   1.00000000000000E-99
132   80     1.00000000000000E-99   1.00000000000000E-99
133   80     1.00000000000000E-99   1.00000000000000E-99
134   80     1.00000000000000E-99   1.00000000000000E-99
135   80     1.00000000000000E-99   1.00000000000000E-99
136   80     1.00000000000000E-99   1.00000000000000E-99
137   80     1.00000000000000E-99   1.00000000000000E-99
138   80     1.00000000000000E-99   1.00000000000000E-99
139   80     1.00000000000000E-99   1.00000000000000E-99
140   80     1.00000000000000E-99   1.00000000000000E-99
141   80     1.00000000000000E-99   1.00000000000000E-99
142   80     1.00000000000000E-99   1.00000000000000E-99
143   80     1.00000000000000E-99   1.00000000000000E-99
144   80     1.00000000000000E-99   1.00000000000000E-99
145   80     1.00000000000000E-99   1.00000000000000E-99
146   80     1.00000000000000E-99   1.00000000000000E-99
147   80     1.00000000000000E-99   1.00000000000000E-99
148   80     1.00000000000000E-99   1.00000000000000E-99
149   80     1.00000000000000E-99   1.00000000000000E-99
150   80     1.00000000000000E-99   1.00000000000000E-99
151   80     1.00000000000000E-99   1.00000000000000E-99
152   80     1.00000000000000E-99   1.00000000000000E-99
153   80     1.00000000000000E-99   1.00000000000000E-99
154   80     1.00000000000000E-99   1.00000000000000E-99
155   80     1.00000000000000E-99   1.00000000000000E-99
156   80     1.00000000000000E-99   1.00000000000000E-99
157   80     1.00000000000000E-99   1.00000000000000E-99
158   80     1.00000000000000E-99   1.00000000000000E-99
159   80     1.00000000000000E-99   1.00000000000000E-99
160   80     1.00000000000000E-99   1.00000000000000E-99
161   80     6.81105148498205E-21   1.64146340788067E-18
162   80     3.73534097399615E-18   9.03952515707069E-16
163   80     8.48071221080892E-14   2.06081306722657E-11
164   80     3.66453430443001E-19   8.94146370280921E-17
165   80     3.57046179545870E-20   8.74763139887382E-18
166   80     3.41420967516462E-19   8.39895580090497E-17
167   80     3.34787924350337E-20   8.26926173145332E-18
168   80     1.35402197559503E-18   3.35797449947568E-16
169   80     8.63794607423531E-20   2.15084857248459E-17
170   80     3.94510678094380E-18   9.86276695235951E-16
171   80     2.22508646309177E-19   5.58496702236034E-17
172   80     1.55150691475717E-17   3.90979742518807E-15
173   80     6.08498808567752E-19   1.53950198567641E-16
174   80     1.07418799456707E-17   2.72843750620036E-15
175   80     2.39546617930544E-18   6.10843875722886E-16
176   80     4.95892888853448E-15   1.26948579546483E-12
177   80     1.99035831241663E-17   5.11522086291075E-15
178   80     1.27823263441963E-11   3.29784019680265E-09
179   80     4.16991661757010E-19   1.08000840395066E-16
180   80     3.98460813567408E-14   1.03599811527526E-11
181   80     3.54869269870652E-19   9.26208794362402E-17
182   80     1.79585590982452E-16   4.70514248374024E-14
183   80     4.60457075126318E-23   1.21100210758222E-20
184   80     5.15501877490937E-24   1.36092495657607E-21
185   80     1.00000000000000E-99   1.00000000000000E-99
186   80     1.00000000000000E-99   1.00000000000000E-99
110   81     1.00000000000000E-99   1.00000000000000E-99
111   81     1.00000000000000E-99   1.00000000000000E-99
112   81     1.00000000000000E-99   1.00000000000000E-99
113   81     1.00000000000000E-99   1.00000000000000E-99
114   81     1.00000000000000E-99   1.00000000000000E-99
115   81     1.00000000000000E-99   1.00000000000000E-99
116   81     1.00000000000000E-99   1.00000000000000E-99
117   81     1.00000000000000E-99   1.00000000000000E-99
118   81     1.00000000000000E-99   1.00000000000000E-99
119   81     1.00000000000000E-99   1.00000000000000E-99
120   81     1.00000000000000E-99   1.00000000000000E-99
121   81     1.00000000000000E-99   1.00000000000000E-99
122   81     1.00000000000000E-99   1.00000000000000E-99
123   81     1.00000000000000E-99   1.00000000000000E-99
124   81     1.00000000000000E-99   1.00000000000000E-99
125   81     1.00000000000000E-99   1.00000000000000E-99
126   81     1.00000000000000E-99   1.00000000000000E-99
127   81     1.00000000000000E-99   1.00000000000000E-99
128   81     1.00000000000000E-99   1.00000000000000E-99
129   81     1.00000000000000E-99   1.00000000000000E-99
130   81     1.00000000000000E-99   1.00000000000000E-99
131   81     1.00000000000000E-99   1.00000000000000E-99
132   81     1.00000000000000E-99   1.00000000000000E-99
133   81     1.00000000000000E-99   1.00000000000000E-99
134   81     1.00000000000000E-99   1.00000000000000E-99
135   81     1.00000000000000E-99   1.00000000000000E-99
136   81     1.00000000000000E-99   1.00000000000000E-99
137   81     1.00000000000000E-99   1.00000000000000E-99
138   81     1.00000000000000E-99   1.00000000000000E-99
139   81     1.00000000000000E-99   1.00000000000000E-99
140   81     1.00000000000000E-99   1.00000000000000E-99
141   81     1.00000000000000E-99   1.00000000000000E-99
142   81     1.00000000000000E-99   1.00000000000000E-99
143   81     1.00000000000000E-99   1.00000000000000E-99
144   81     1.00000000000000E-99   1.00000000000000E-99
145   81     1.00000000000000E-99   1.00000000000000E-99
146   81     1.00000000000000E-99   1.00000000000000E-99
147   81     1.00000000000000E-99   1.00000000000000E-99
148   81     1.00000000000000E-99   1.00000000000000E-99
149   81     1.00000000000000E-99   1.00000000000000E-99
150   81     1.00000000000000E-99   1.00000000000000E-99
151   81     1.00000000000000E-99   1.00000000000000E-99
152   81     1.00000000000000E-99   1.00000000000000E-99
153   81     1.00000000000000E-99   1.00000000000000E-99
154   81     1.00000000000000E-99   1.00000000000000E-99
155   81     1.00000000000000E-99   1.00000000000000E-99
156   81     1.00000000000000E-99   1.00000000000000E-99
157   81     1.00000000000000E-99   1.00000000000000E-99
158   81     1.00000000000000E-99   1.00000000000000E-99
159   81     1.00000000000000E-99   1.00000000000000E-99
160   81     3.15899948044568E-24   7.61318874787410E-22
161   81     5.04695075970444E-25   1.22136208384847E-22
162   81     3.99089340331331E-24   9.69787097005135E-22
163   81     1.37248005731277E-23   3.34885133984316E-21
164   81     6.41928303199389E-23   1.57272434283850E-20
165   81     4.31279972531886E-24   1.06094873242844E-21
166   81     1.44537541546626E-23   3.57007727620166E-21
167   81     3.36423202231716E-24   8.34329541534656E-22
168   81     5.30062823529878E-23   1.31985643058940E-20
169   81     8.77937889685915E-24   2.19484472421479E-21
170   81     1.59125752387001E-22   3.99405638491371E-20
171   81     1.70176574398847E-23   4.28844967485094E-21
172   81     5.57652072304917E-22   1.41085974293144E-19
173   81     5.46905684973444E-23   1.38914043983255E-20
174   81     1.16323269229033E-21   2.96624336534034E-19
175   81     3.99782362743431E-20   1.02344284862318E-17
176   81     3.86285302619487E-17   9.92753227732081E-15
177   81     2.73341276143922E-19   7.05220492451320E-17
178   81     3.91488532177570E-17   1.01395529833991E-14
179   81     5.37346098161066E-18   1.39709985521877E-15
180   81     6.04025550575083E-13   1.57650668700097E-10
181   81     2.21126500950902E-15   5.79351432491364E-13
182   81     4.85808334071007E-12   1.27767591860675E-09
183   81     4.27955875312454E-17   1.12980351082488E-14
184   81     5.07511180402273E-18   1.34490462806602E-15
185   81     1.00000000000000E-99   1.00000000000000E-99
186   81     1.00000000000000E-99   1.00000000000000E-99
187   81     1.00000000000000E-99   1.00000000000000E-99
188   81     1.00000000000000E-99   1.00000000000000E-99
112   82     1.00000000000000E-99   1.00000000000000E-99
113   82     1.00000000000000E-99   1.00000000000000E-99
114   82     1.00000000000000E-99   1.00000000000000E-99
115   82     1.00000000000000E-99   1.00000000000000E-99
116   82     1.00000000000000E-99   1.00000000000000E-99
117   82     1.00000000000000E-99   1.00000000000000E-99
118   82     1.00000000000000E-99   1.00000000000000E-99
119   82     1.00000000000000E-99   1.00000000000000E-99
120   82     1.00000000000000E-99   1.00000000000000E-99
121   82     1.00000000000000E-99   1.00000000000000E-99
122   82     1.00000000000000E-99   1.00000000000000E-99
123   82     1.00000000000000E-99   1.00000000000000E-99
124   82     1.00000000000000E-99   1.00000000000000E-99
125   82     1.00000000000000E-99   1.00000000000000E-99
126   82     1.00000000000000E-99   1.00000000000000E-99
127   82     1.00000000000000E-99   1.00000000000000E-99
128   82     1.00000000000000E-99   1.00000000000000E-99
129   82     1.00000000000000E-99   1.00000000000000E-99
130   82     1.00000000000000E-99   1.00000000000000E-99
131   82     1.00000000000000E-99   1.00000000000000E-99
132   82     1.00000000000000E-99   1.00000000000000E-99
133   82     1.00000000000000E-99   1.00000000000000E-99
134   82     1.00000000000000E-99   1.00000000000000E-99
135   82     1.00000000000000E-99   1.00000000000000E-99
136   82     1.00000000000000E-99   1.00000000000000E-99
137   82     1.00000000000000E-99   1.00000000000000E-99
138   82     1.00000000000000E-99   1.00000000000000E-99
139   82     1.00000000000000E-99   1.00000000000000E-99
140   82     1.00000000000000E-99   1.00000000000000E-99
141   82     1.00000000000000E-99   1.00000000000000E-99
142   82     1.00000000000000E-99   1.00000000000000E-99
143   82     1.00000000000000E-99   1.00000000000000E-99
144   82     1.00000000000000E-99   1.00000000000000E-99
145   82     1.00000000000000E-99   1.00000000000000E-99
146   82     1.00000000000000E-99   1.00000000000000E-99
147   82     1.00000000000000E-99   1.00000000000000E-99
148   82     1.00000000000000E-99   1.00000000000000E-99
149   82     1.00000000000000E-99   1.00000000000000E-99
150   82     1.00000000000000E-99   1.00000000000000E-99
151   82     1.00000000000000E-99   1.00000000000000E-99
152   82     1.00000000000000E-99   1.00000000000000E-99
153   82     1.00000000000000E-99   1.00000000000000E-99
154   82     1.00000000000000E-99   1.00000000000000E-99
155   82     1.00000000000000E-99   1.00000000000000E-99
156   82     1.00000000000000E-99   1.00000000000000E-99
157   82     1.00000000000000E-99   1.00000000000000E-99
158   82     1.00000000000000E-99   1.00000000000000E-99
159   82     1.00000000000000E-99   1.00000000000000E-99
160   82     1.00000000000000E-99   1.00000000000000E-99
161   82     1.00000000000000E-99   1.00000000000000E-99
162   82     1.00000000000000E-99   1.00000000000000E-99
163   82     1.00000000000000E-99   1.00000000000000E-99
164   82     1.00000000000000E-99   1.00000000000000E-99
165   82     1.00000000000000E-99   1.00000000000000E-99
166   82     1.00000000000000E-99   1.00000000000000E-99
167   82     1.00000000000000E-99   1.00000000000000E-99
168   82     1.00000000000000E-99   1.00000000000000E-99
169   82     1.00000000000000E-99   1.00000000000000E-99
170   82     1.00000000000000E-99   1.00000000000000E-99
171   82     1.00000000000000E-99   1.00000000000000E-99
172   82     1.00000000000000E-99   1.00000000000000E-99
173   82     5.49915847382745E-25   1.40228541082600E-22
174   82     5.09249261036892E-24   1.30367810825444E-21
175   82     2.15210172413011E-24   5.53090143101438E-22
176   82     3.19144136511989E-22   8.23391872200931E-20
177   82     1.25127213643301E-20   3.24079483336150E-18
178   82     1.89945348445920E-18   4.93857905959391E-16
179   82     4.33378266042144E-19   1.13111727437000E-16
180   82     1.44280067665632E-15   3.78013777283955E-13
181   82     2.89616227181690E-17   7.61690677487844E-15
182   82     3.47611998004201E-12   9.17695674731091E-10
183   82     3.12705142564588E-17   8.28668627796157E-15
184   82     1.04582853678924E-15   2.78190390785938E-13
185   82     1.00000000000000E-99   1.00000000000000E-99
186   82     1.00000000000000E-99   1.00000000000000E-99
187   82     1.00000000000000E-99   1.00000000000000E-99
188   82     1.00000000000000E-99   1.00000000000000E-99
189   82     1.00000000000000E-99   1.00000000000000E-99
190   82     1.00000000000000E-99   1.00000000000000E-99
191   82     1.00000000000000E-99   1.00000000000000E-99
114   83     1.00000000000000E-99   1.00000000000000E-99
115   83     1.00000000000000E-99   1.00000000000000E-99
116   83     1.00000000000000E-99   1.00000000000000E-99
117   83     1.00000000000000E-99   1.00000000000000E-99
118   83     1.00000000000000E-99   1.00000000000000E-99
119   83     1.00000000000000E-99   1.00000000000000E-99
120   83     1.00000000000000E-99   1.00000000000000E-99
121   83     1.00000000000000E-99   1.00000000000000E-99
122   83     1.00000000000000E-99   1.00000000000000E-99
123   83     1.00000000000000E-99   1.00000000000000E-99
124   83     1.00000000000000E-99   1.00000000000000E-99
125   83     1.00000000000000E-99   1.00000000000000E-99
126   83     1.00000000000000E-99   1.00000000000000E-99
127   83     1.00000000000000E-99   1.00000000000000E-99
128   83     1.00000000000000E-99   1.00000000000000E-99
129   83     1.00000000000000E-99   1.00000000000000E-99
130   83     1.00000000000000E-99   1.00000000000000E-99
131   83     1.00000000000000E-99   1.00000000000000E-99
132   83     1.00000000000000E-99   1.00000000000000E-99
133   83     1.00000000000000E-99   1.00000000000000E-99
134   83     1.00000000000000E-99   1.00000000000000E-99
135   83     1.00000000000000E-99   1.00000000000000E-99
136   83     1.00000000000000E-99   1.00000000000000E-99
137   83     1.00000000000000E-99   1.00000000000000E-99
138   83     1.00000000000000E-99   1.00000000000000E-99
139   83     1.00000000000000E-99   1.00000000000000E-99
140   83     1.00000000000000E-99   1.00000000000000E-99
141   83     1.00000000000000E-99   1.00000000000000E-99
142   83     1.00000000000000E-99   1.00000000000000E-99
143   83     1.00000000000000E-99   1.00000000000000E-99
144   83     1.00000000000000E-99   1.00000000000000E-99
145   83     1.00000000000000E-99   1.00000000000000E-99
146   83     1.00000000000000E-99   1.00000000000000E-99
147   83     1.00000000000000E-99   1.00000000000000E-99
148   83     1.00000000000000E-99   1.00000000000000E-99
149   83     1.00000000000000E-99   1.00000000000000E-99
150   83     1.00000000000000E-99   1.00000000000000E-99
151   83     1.00000000000000E-99   1.00000000000000E-99
152   83     1.00000000000000E-99   1.00000000000000E-99
153   83     1.00000000000000E-99   1.00000000000000E-99
154   83     1.00000000000000E-99   1.00000000000000E-99
155   83     1.00000000000000E-99   1.00000000000000E-99
156   83     1.00000000000000E-99   1.00000000000000E-99
157   83     1.00000000000000E-99   1.00000000000000E-99
158   83     1.00000000000000E-99   1.00000000000000E-99
159   83     1.00000000000000E-99   1.00000000000000E-99
160   83     1.00000000000000E-99   1.00000000000000E-99
161   83     1.00000000000000E-99   1.00000000000000E-99
162   83     1.00000000000000E-99   1.00000000000000E-99
163   83     1.00000000000000E-99   1.00000000000000E-99
164   83     1.00000000000000E-99   1.00000000000000E-99
165   83     1.00000000000000E-99   1.00000000000000E-99
166   83     1.00000000000000E-99   1.00000000000000E-99
167   83     1.00000000000000E-99   1.00000000000000E-99
168   83     1.00000000000000E-99   1.00000000000000E-99
169   83     1.00000000000000E-99   1.00000000000000E-99
170   83     1.00000000000000E-99   1.00000000000000E-99
171   83     1.00000000000000E-99   1.00000000000000E-99
172   83     1.00000000000000E-99   1.00000000000000E-99
173   83     1.00000000000000E-99   1.00000000000000E-99
174   83     1.00000000000000E-99   1.00000000000000E-99
175   83     1.00000000000000E-99   1.00000000000000E-99
176   83     3.10709773815191E-25   8.04738314181345E-23
177   83     2.81145597219687E-24   7.30978552771187E-22
178   83     2.06985650736750E-22   5.40232548422916E-20
179   83     2.83918128679724E-20   7.43865497140876E-18
180   83     1.70865943332991E-17   4.49377430965766E-15
181   83     2.52391994651012E-18   6.66314865878673E-16
182   83     1.59811435806699E-12   4.23500304887752E-10
183   83     2.31344132458864E-15   6.15375392340577E-13
184   83     6.00368753875924E-14   1.60298457284872E-11
185   83     1.00000000000000E-99   1.00000000000000E-99
186   83     1.00000000000000E-99   1.00000000000000E-99
187   83     1.00000000000000E-99   1.00000000000000E-99
188   83     1.00000000000000E-99   1.00000000000000E-99
189   83     1.00000000000000E-99   1.00000000000000E-99
190   83     1.00000000000000E-99   1.00000000000000E-99
191   83     1.00000000000000E-99   1.00000000000000E-99
192   83     1.00000000000000E-99   1.00000000000000E-99
193   83     1.00000000000000E-99   1.00000000000000E-99
118   84     1.00000000000000E-99   1.00000000000000E-99
119   84     1.00000000000000E-99   1.00000000000000E-99
120   84     1.00000000000000E-99   1.00000000000000E-99
121   84     1.00000000000000E-99   1.00000000000000E-99
122   84     1.00000000000000E-99   1.00000000000000E-99
123   84     1.00000000000000E-99   1.00000000000000E-99
124   84     1.00000000000000E-99   1.00000000000000E-99
125   84     1.00000000000000E-99   1.00000000000000E-99
126   84     1.00000000000000E-99   1.00000000000000E-99
127   84     1.00000000000000E-99   1.00000000000000E-99
128   84     1.00000000000000E-99   1.00000000000000E-99
129   84     1.00000000000000E-99   1.00000000000000E-99
130   84     1.00000000000000E-99   1.00000000000000E-99
131   84     1.00000000000000E-99   1.00000000000000E-99
132   84     1.00000000000000E-99   1.00000000000000E-99
133   84     1.00000000000000E-99   1.00000000000000E-99
134   84     1.00000000000000E-99   1.00000000000000E-99
135   84     1.00000000000000E-99   1.00000000000000E-99
136   84     1.00000000000000E-99   1.00000000000000E-99
137   84     1.00000000000000E-99   1.00000000000000E-99
138   84     1.00000000000000E-99   1.00000000000000E-99
139   84     1.00000000000000E-99   1.00000000000000E-99
140   84     1.00000000000000E-99   1.00000000000000E-99
141   84     1.00000000000000E-99   1.00000000000000E-99
142   84     1.00000000000000E-99   1.00000000000000E-99
143   84     1.00000000000000E-99   1.00000000000000E-99
144   84     1.00000000000000E-99   1.00000000000000E-99
145   84     1.00000000000000E-99   1.00000000000000E-99
146   84     1.00000000000000E-99   1.00000000000000E-99
147   84     1.00000000000000E-99   1.00000000000000E-99
148   84     1.00000000000000E-99   1.00000000000000E-99
149   84     1.00000000000000E-99   1.00000000000000E-99
150   84     1.00000000000000E-99   1.00000000000000E-99
151   84     1.00000000000000E-99   1.00000000000000E-99
152   84     1.00000000000000E-99   1.00000000000000E-99
153   84     1.00000000000000E-99   1.00000000000000E-99
154   84     1.00000000000000E-99   1.00000000000000E-99
155   84     1.00000000000000E-99   1.00000000000000E-99
156   84     1.00000000000000E-99   1.00000000000000E-99
157   84     1.00000000000000E-99   1.00000000000000E-99
158   84     1.00000000000000E-99   1.00000000000000E-99
159   84     1.00000000000000E-99   1.00000000000000E-99
160   84     1.00000000000000E-99   1.00000000000000E-99
161   84     1.00000000000000E-99   1.00000000000000E-99
162   84     1.00000000000000E-99   1.00000000000000E-99
163   84     1.00000000000000E-99   1.00000000000000E-99
164   84     1.00000000000000E-99   1.00000000000000E-99
165   84     1.00000000000000E-99   1.00000000000000E-99
166   84     1.00000000000000E-99   1.00000000000000E-99
167   84     1.00000000000000E-99   1.00000000000000E-99
168   84     1.00000000000000E-99   1.00000000000000E-99
169   84     1.00000000000000E-99   1.00000000000000E-99
170   84     1.00000000000000E-99   1.00000000000000E-99
171   84     1.00000000000000E-99   1.00000000000000E-99
172   84     1.00000000000000E-99   1.00000000000000E-99
173   84     1.00000000000000E-99   1.00000000000000E-99
174   84     1.00000000000000E-99   1.00000000000000E-99
175   84     1.00000000000000E-99   1.00000000000000E-99
176   84     1.00000000000000E-99   1.00000000000000E-99
177   84     1.10307613346025E-25   2.87902870833125E-23
178   84     1.88692776719337E-23   4.94375075004663E-21
179   84     1.60219605676124E-20   4.21377562928207E-18
180   84     1.26080237560642E-18   3.32851827160094E-16
181   84     2.22931991217458E-19   5.90769776726263E-17
182   84     7.22303797567063E-13   1.92132810152839E-10
183   84     7.37818784708160E-18   1.96997615517079E-15
184   84     3.96836000264309E-14   1.06352048070835E-11
185   84     1.00000000000000E-99   1.00000000000000E-99
186   84     1.00000000000000E-99   1.00000000000000E-99
187   84     1.00000000000000E-99   1.00000000000000E-99
188   84     1.00000000000000E-99   1.00000000000000E-99
189   84     1.00000000000000E-99   1.00000000000000E-99
190   84     1.00000000000000E-99   1.00000000000000E-99
191   84     1.00000000000000E-99   1.00000000000000E-99
192   84     1.00000000000000E-99   1.00000000000000E-99
121   85     1.00000000000000E-99   1.00000000000000E-99
122   85     1.00000000000000E-99   1.00000000000000E-99
123   85     1.00000000000000E-99   1.00000000000000E-99
124   85     1.00000000000000E-99   1.00000000000000E-99
125   85     1.00000000000000E-99   1.00000000000000E-99
126   85     1.00000000000000E-99   1.00000000000000E-99
127   85     1.00000000000000E-99   1.00000000000000E-99
128   85     1.00000000000000E-99   1.00000000000000E-99
129   85     1.00000000000000E-99   1.00000000000000E-99
130   85     1.00000000000000E-99   1.00000000000000E-99
131   85     1.00000000000000E-99   1.00000000000000E-99
132   85     1.00000000000000E-99   1.00000000000000E-99
133   85     1.00000000000000E-99   1.00000000000000E-99
134   85     1.00000000000000E-99   1.00000000000000E-99
135   85     1.00000000000000E-99   1.00000000000000E-99
136   85     1.00000000000000E-99   1.00000000000000E-99
137   85     1.00000000000000E-99   1.00000000000000E-99
138   85     1.00000000000000E-99   1.00000000000000E-99
139   85     1.00000000000000E-99   1.00000000000000E-99
140   85     1.00000000000000E-99   1.00000000000000E-99
141   85     1.00000000000000E-99   1.00000000000000E-99
142   85     1.00000000000000E-99   1.00000000000000E-99
143   85     1.00000000000000E-99   1.00000000000000E-99
144   85     1.00000000000000E-99   1.00000000000000E-99
145   85     1.00000000000000E-99   1.00000000000000E-99
146   85     1.00000000000000E-99   1.00000000000000E-99
147   85     1.00000000000000E-99   1.00000000000000E-99
148   85     1.00000000000000E-99   1.00000000000000E-99
149   85     1.00000000000000E-99   1.00000000000000E-99
150   85     1.00000000000000E-99   1.00000000000000E-99
151   85     1.00000000000000E-99   1.00000000000000E-99
152   85     1.00000000000000E-99   1.00000000000000E-99
153   85     1.00000000000000E-99   1.00000000000000E-99
154   85     1.00000000000000E-99   1.00000000000000E-99
155   85     1.00000000000000E-99   1.00000000000000E-99
156   85     1.00000000000000E-99   1.00000000000000E-99
157   85     1.00000000000000E-99   1.00000000000000E-99
158   85     1.00000000000000E-99   1.00000000000000E-99
159   85     1.00000000000000E-99   1.00000000000000E-99
160   85     1.00000000000000E-99   1.00000000000000E-99
161   85     1.00000000000000E-99   1.00000000000000E-99
162   85     1.00000000000000E-99   1.00000000000000E-99
163   85     1.00000000000000E-99   1.00000000000000E-99
164   85     1.00000000000000E-99   1.00000000000000E-99
165   85     1.00000000000000E-99   1.00000000000000E-99
166   85     1.00000000000000E-99   1.00000000000000E-99
167   85     1.00000000000000E-99   1.00000000000000E-99
168   85     1.00000000000000E-99   1.00000000000000E-99
169   85     1.00000000000000E-99   1.00000000000000E-99
170   85     1.00000000000000E-99   1.00000000000000E-99
171   85     1.00000000000000E-99   1.00000000000000E-99
172   85     1.00000000000000E-99   1.00000000000000E-99
173   85     1.00000000000000E-99   1.00000000000000E-99
174   85     1.00000000000000E-99   1.00000000000000E-99
175   85     1.00000000000000E-99   1.00000000000000E-99
176   85     1.00000000000000E-99   1.00000000000000E-99
177   85     1.00000000000000E-99   1.00000000000000E-99
178   85     1.29802973452970E-25   3.41381820181311E-23
179   85     9.03517306353726E-22   2.38528568877384E-19
180   85     3.48939525703991E-20   9.24689743115575E-18
181   85     8.32121768993331E-21   2.21344390552226E-18
182   85     1.69028416402165E-16   4.51305871793781E-14
183   85     4.75741039632163E-17   1.27498598621420E-14
184   85     2.65961549243496E-13   7.15436567465004E-11
185   85     1.00000000000000E-99   1.00000000000000E-99
186   85     1.00000000000000E-99   1.00000000000000E-99
187   85     1.00000000000000E-99   1.00000000000000E-99
188   85     1.00000000000000E-99   1.00000000000000E-99
189   85     1.00000000000000E-99   1.00000000000000E-99
190   85     1.00000000000000E-99   1.00000000000000E-99
191   85     1.00000000000000E-99   1.00000000000000E-99
192   85     1.00000000000000E-99   1.00000000000000E-99
193   85     1.00000000000000E-99   1.00000000000000E-99
194   85     1.00000000000000E-99   1.00000000000000E-99
124   86     1.00000000000000E-99   1.00000000000000E-99
125   86     1.00000000000000E-99   1.00000000000000E-99
126   86     1.00000000000000E-99   1.00000000000000E-99
127   86     1.00000000000000E-99   1.00000000000000E-99
128   86     1.00000000000000E-99   1.00000000000000E-99
129   86     1.00000000000000E-99   1.00000000000000E-99
130   86     1.00000000000000E-99   1.00000000000000E-99
131   86     1.00000000000000E-99   1.00000000000000E-99
132   86     1.00000000000000E-99   1.00000000000000E-99
133   86     1.00000000000000E-99   1.00000000000000E-99
134   86     1.00000000000000E-99   1.00000000000000E-99
135   86     1.00000000000000E-99   1.00000000000000E-99
136   86     1.00000000000000E-99   1.00000000000000E-99
137   86     1.00000000000000E-99   1.00000000000000E-99
138   86     1.00000000000000E-99   1.00000000000000E-99
139   86     1.00000000000000E-99   1.00000000000000E-99
140   86     1.00000000000000E-99   1.00000000000000E-99
141   86     1.00000000000000E-99   1.00000000000000E-99
142   86     1.00000000000000E-99   1.00000000000000E-99
143   86     1.00000000000000E-99   1.00000000000000E-99
144   86     1.00000000000000E-99   1.00000000000000E-99
145   86     1.00000000000000E-99   1.00000000000000E-99
146   86     1.00000000000000E-99   1.00000000000000E-99
147   86     1.00000000000000E-99   1.00000000000000E-99
148   86     1.00000000000000E-99   1.00000000000000E-99
149   86     1.00000000000000E-99   1.00000000000000E-99
150   86     1.00000000000000E-99   1.00000000000000E-99
151   86     1.00000000000000E-99   1.00000000000000E-99
152   86     1.00000000000000E-99   1.00000000000000E-99
153   86     1.00000000000000E-99   1.00000000000000E-99
154   86     1.00000000000000E-99   1.00000000000000E-99
155   86     1.00000000000000E-99   1.00000000000000E-99
156   86     1.00000000000000E-99   1.00000000000000E-99
157   86     1.00000000000000E-99   1.00000000000000E-99
158   86     1.00000000000000E-99   1.00000000000000E-99
159   86     1.00000000000000E-99   1.00000000000000E-99
160   86     1.00000000000000E-99   1.00000000000000E-99
161   86     1.00000000000000E-99   1.00000000000000E-99
162   86     1.00000000000000E-99   1.00000000000000E-99
163   86     1.00000000000000E-99   1.00000000000000E-99
164   86     1.00000000000000E-99   1.00000000000000E-99
165   86     1.00000000000000E-99   1.00000000000000E-99
166   86     1.00000000000000E-99   1.00000000000000E-99
167   86     1.00000000000000E-99   1.00000000000000E-99
168   86     1.00000000000000E-99   1.00000000000000E-99
169   86     1.00000000000000E-99   1.00000000000000E-99
170   86     1.00000000000000E-99   1.00000000000000E-99
171   86     1.00000000000000E-99   1.00000000000000E-99
172   86     1.00000000000000E-99   1.00000000000000E-99
173   86     1.00000000000000E-99   1.00000000000000E-99
174   86     1.00000000000000E-99   1.00000000000000E-99
175   86     1.00000000000000E-99   1.00000000000000E-99
176   86     1.00000000000000E-99   1.00000000000000E-99
177   86     1.00000000000000E-99   1.00000000000000E-99
178   86     1.00000000000000E-99   1.00000000000000E-99
179   86     8.74701979030449E-25   2.31796024443069E-22
180   86     5.78879562296410E-23   1.53981963570845E-20
181   86     6.38545614489594E-21   1.70491679068722E-18
182   86     4.42653310603969E-14   1.18631087241864E-11
183   86     7.99635142185579E-14   2.15101853247921E-11
126   87     1.00000000000000E-99   1.00000000000000E-99
127   87     1.00000000000000E-99   1.00000000000000E-99
128   87     1.00000000000000E-99   1.00000000000000E-99
129   87     1.00000000000000E-99   1.00000000000000E-99
130   87     1.00000000000000E-99   1.00000000000000E-99
131   87     1.00000000000000E-99   1.00000000000000E-99
132   87     1.00000000000000E-99   1.00000000000000E-99
133   87     1.00000000000000E-99   1.00000000000000E-99
134   87     1.00000000000000E-99   1.00000000000000E-99
135   87     1.00000000000000E-99   1.00000000000000E-99
136   87     1.00000000000000E-99   1.00000000000000E-99
137   87     1.00000000000000E-99   1.00000000000000E-99
138   87     1.00000000000000E-99   1.00000000000000E-99
139   87     1.00000000000000E-99   1.00000000000000E-99
140   87     1.00000000000000E-99   1.00000000000000E-99
141   87     1.00000000000000E-99   1.00000000000000E-99
142   87     1.00000000000000E-99   1.00000000000000E-99
143   87     1.00000000000000E-99   1.00000000000000E-99
144   87     1.00000000000000E-99   1.00000000000000E-99
145   87     1.00000000000000E-99   1.00000000000000E-99
146   87     1.00000000000000E-99   1.00000000000000E-99
147   87     1.00000000000000E-99   1.00000000000000E-99
148   87     1.00000000000000E-99   1.00000000000000E-99
149   87     1.00000000000000E-99   1.00000000000000E-99
150   87     1.00000000000000E-99   1.00000000000000E-99
151   87     1.00000000000000E-99   1.00000000000000E-99
152   87     1.00000000000000E-99   1.00000000000000E-99
153   87     1.00000000000000E-99   1.00000000000000E-99
154   87     1.00000000000000E-99   1.00000000000000E-99
155   87     1.00000000000000E-99   1.00000000000000E-99
156   87     1.00000000000000E-99   1.00000000000000E-99
157   87     1.00000000000000E-99   1.00000000000000E-99
158   87     1.00000000000000E-99   1.00000000000000E-99
159   87     1.00000000000000E-99   1.00000000000000E-99
160   87     1.00000000000000E-99   1.00000000000000E-99
161   87     1.00000000000000E-99   1.00000000000000E-99
162   87     1.00000000000000E-99   1.00000000000000E-99
163   87     1.00000000000000E-99   1.00000000000000E-99
164   87     1.00000000000000E-99   1.00000000000000E-99
165   87     1.00000000000000E-99   1.00000000000000E-99
166   87     1.00000000000000E-99   1.00000000000000E-99
167   87     1.00000000000000E-99   1.00000000000000E-99
168   87     1.00000000000000E-99   1.00000000000000E-99
169   87     1.00000000000000E-99   1.00000000000000E-99
170   87     1.00000000000000E-99   1.00000000000000E-99
171   87     1.00000000000000E-99   1.00000000000000E-99
172   87     1.00000000000000E-99   1.00000000000000E-99
173   87     1.00000000000000E-99   1.00000000000000E-99
174   87     1.00000000000000E-99   1.00000000000000E-99
175   87     1.00000000000000E-99   1.00000000000000E-99
176   87     1.00000000000000E-99   1.00000000000000E-99
177   87     1.00000000000000E-99   1.00000000000000E-99
178   87     1.00000000000000E-99   1.00000000000000E-99
179   87     1.03269924335314E-23   2.74697998731934E-21
180   87     5.79767973663544E-22   1.54798048968166E-19
181   87     1.71664536867149E-22   4.60060958803960E-20
182   87     1.33411413556846E-16   3.58876702467916E-14
183   87     3.68819875055645E-14   9.95813662650241E-12
191   87     1.00000000000000E-99   1.00000000000000E-99
193   87     1.00000000000000E-99   1.00000000000000E-99
129   88     1.00000000000000E-99   1.00000000000000E-99
130   88     1.00000000000000E-99   1.00000000000000E-99
131   88     1.00000000000000E-99   1.00000000000000E-99
132   88     1.00000000000000E-99   1.00000000000000E-99
133   88     1.00000000000000E-99   1.00000000000000E-99
134   88     1.00000000000000E-99   1.00000000000000E-99
135   88     1.00000000000000E-99   1.00000000000000E-99
136   88     1.00000000000000E-99   1.00000000000000E-99
137   88     1.00000000000000E-99   1.00000000000000E-99
138   88     1.00000000000000E-99   1.00000000000000E-99
139   88     1.00000000000000E-99   1.00000000000000E-99
140   88     1.00000000000000E-99   1.00000000000000E-99
141   88     1.00000000000000E-99   1.00000000000000E-99
142   88     1.00000000000000E-99   1.00000000000000E-99
143   88     1.00000000000000E-99   1.00000000000000E-99
144   88     1.00000000000000E-99   1.00000000000000E-99
145   88     1.00000000000000E-99   1.00000000000000E-99
146   88     1.00000000000000E-99   1.00000000000000E-99
147   88     1.00000000000000E-99   1.00000000000000E-99
148   88     1.00000000000000E-99   1.00000000000000E-99
149   88     1.00000000000000E-99   1.00000000000000E-99
150   88     1.00000000000000E-99   1.00000000000000E-99
151   88     1.00000000000000E-99   1.00000000000000E-99
152   88     1.00000000000000E-99   1.00000000000000E-99
153   88     1.00000000000000E-99   1.00000000000000E-99
154   88     1.00000000000000E-99   1.00000000000000E-99
155   88     1.00000000000000E-99   1.00000000000000E-99
156   88     1.00000000000000E-99   1.00000000000000E-99
157   88     1.00000000000000E-99   1.00000000000000E-99
158   88     1.00000000000000E-99   1.00000000000000E-99
159   88     1.00000000000000E-99   1.00000000000000E-99
160   88     1.00000000000000E-99   1.00000000000000E-99
161   88     1.00000000000000E-99   1.00000000000000E-99
162   88     1.00000000000000E-99   1.00000000000000E-99
163   88     1.00000000000000E-99   1.00000000000000E-99
164   88     1.00000000000000E-99   1.00000000000000E-99
165   88     1.00000000000000E-99   1.00000000000000E-99
166   88     1.00000000000000E-99   1.00000000000000E-99
167   88     1.00000000000000E-99   1.00000000000000E-99
168   88     1.00000000000000E-99   1.00000000000000E-99
169   88     1.00000000000000E-99   1.00000000000000E-99
170   88     1.00000000000000E-99   1.00000000000000E-99
171   88     1.00000000000000E-99   1.00000000000000E-99
172   88     1.00000000000000E-99   1.00000000000000E-99
173   88     1.00000000000000E-99   1.00000000000000E-99
174   88     1.00000000000000E-99   1.00000000000000E-99
175   88     1.00000000000000E-99   1.00000000000000E-99
176   88     1.00000000000000E-99   1.00000000000000E-99
177   88     1.00000000000000E-99   1.00000000000000E-99
178   88     1.00000000000000E-99   1.00000000000000E-99
179   88     1.59378692409068E-25   4.25541108732211E-23
180   88     3.69909018655105E-22   9.91356169995680E-20
181   88     1.47076485425881E-22   3.95635745795620E-20
182   88     2.38424467495720E-17   6.43746062238445E-15
183   88     8.67026521501262E-15   2.34964187326842E-12
130   89     1.00000000000000E-99   1.00000000000000E-99
131   89     1.00000000000000E-99   1.00000000000000E-99
132   89     1.00000000000000E-99   1.00000000000000E-99
133   89     1.00000000000000E-99   1.00000000000000E-99
134   89     1.00000000000000E-99   1.00000000000000E-99
135   89     1.00000000000000E-99   1.00000000000000E-99
136   89     1.00000000000000E-99   1.00000000000000E-99
137   89     1.00000000000000E-99   1.00000000000000E-99
138   89     1.00000000000000E-99   1.00000000000000E-99
139   89     1.00000000000000E-99   1.00000000000000E-99
140   89     1.00000000000000E-99   1.00000000000000E-99
141   89     1.00000000000000E-99   1.00000000000000E-99
142   89     1.00000000000000E-99   1.00000000000000E-99
143   89     1.00000000000000E-99   1.00000000000000E-99
144   89     1.00000000000000E-99   1.00000000000000E-99
145   89     1.00000000000000E-99   1.00000000000000E-99
146   89     1.00000000000000E-99   1.00000000000000E-99
147   89     1.00000000000000E-99   1.00000000000000E-99
148   89     1.00000000000000E-99   1.00000000000000E-99
149   89     1.00000000000000E-99   1.00000000000000E-99
150   89     1.00000000000000E-99   1.00000000000000E-99
151   89     1.00000000000000E-99   1.00000000000000E-99
152   89     1.00000000000000E-99   1.00000000000000E-99
153   89     1.00000000000000E-99   1.00000000000000E-99
154   89     1.00000000000000E-99   1.00000000000000E-99
155   89     1.00000000000000E-99   1.00000000000000E-99
156   89     1.00000000000000E-99   1.00000000000000E-99
157   89     1.00000000000000E-99   1.00000000000000E-99
158   89     1.00000000000000E-99   1.00000000000000E-99
159   89     1.00000000000000E-99   1.00000000000000E-99
160   89     1.00000000000000E-99   1.00000000000000E-99
161   89     1.00000000000000E-99   1.00000000000000E-99
162   89     1.00000000000000E-99   1.00000000000000E-99
163   89     1.00000000000000E-99   1.00000000000000E-99
164   89     1.00000000000000E-99   1.00000000000000E-99
165   89     1.00000000000000E-99   1.00000000000000E-99
166   89     1.00000000000000E-99   1.00000000000000E-99
167   89     1.00000000000000E-99   1.00000000000000E-99
168   89     1.00000000000000E-99   1.00000000000000E-99
169   89     1.00000000000000E-99   1.00000000000000E-99
170   89     1.00000000000000E-99   1.00000000000000E-99
171   89     1.00000000000000E-99   1.00000000000000E-99
172   89     1.00000000000000E-99   1.00000000000000E-99
173   89     1.00000000000000E-99   1.00000000000000E-99
174   89     1.00000000000000E-99   1.00000000000000E-99
175   89     1.00000000000000E-99   1.00000000000000E-99
176   89     1.00000000000000E-99   1.00000000000000E-99
177   89     1.00000000000000E-99   1.00000000000000E-99
178   89     1.00000000000000E-99   1.00000000000000E-99
179   89     1.00000000000000E-99   1.00000000000000E-99
180   89     4.81349227728696E-24   1.29482942259019E-21
181   89     1.26669428467848E-24   3.42007456863189E-22
182   89     3.05776243433650E-20   8.28653619705192E-18
183   89     1.69963060625298E-15   4.62299524900809E-13
185   89     1.00000000000000E-99   1.00000000000000E-99
187   89     1.00000000000000E-99   1.00000000000000E-99
188   89     1.00000000000000E-99   1.00000000000000E-99
189   89     1.00000000000000E-99   1.00000000000000E-99
190   89     1.00000000000000E-99   1.00000000000000E-99
191   89     1.00000000000000E-99   1.00000000000000E-99
192   89     1.00000000000000E-99   1.00000000000000E-99
193   89     1.00000000000000E-99   1.00000000000000E-99
195   89     1.00000000000000E-99   1.00000000000000E-99
197   89     1.00000000000000E-99   1.00000000000000E-99
198   89     1.00000000000000E-99   1.00000000000000E-99
199   89     1.00000000000000E-99   1.00000000000000E-99
132   90     1.00000000000000E-99   1.00000000000000E-99
133   90     1.00000000000000E-99   1.00000000000000E-99
134   90     1.00000000000000E-99   1.00000000000000E-99
135   90     1.00000000000000E-99   1.00000000000000E-99
136   90     1.00000000000000E-99   1.00000000000000E-99
137   90     1.00000000000000E-99   1.00000000000000E-99
138   90     1.00000000000000E-99   1.00000000000000E-99
139   90     1.00000000000000E-99   1.00000000000000E-99
140   90     1.00000000000000E-99   1.00000000000000E-99
141   90     1.00000000000000E-99   1.00000000000000E-99
142   90     1.00000000000000E-99   1.00000000000000E-99
143   90     1.00000000000000E-99   1.00000000000000E-99
144   90     1.00000000000000E-99   1.00000000000000E-99
145   90     1.00000000000000E-99   1.00000000000000E-99
146   90     1.00000000000000E-99   1.00000000000000E-99
147   90     1.00000000000000E-99   1.00000000000000E-99
148   90     1.00000000000000E-99   1.00000000000000E-99
149   90     1.00000000000000E-99   1.00000000000000E-99
150   90     1.00000000000000E-99   1.00000000000000E-99
151   90     1.00000000000000E-99   1.00000000000000E-99
152   90     1.00000000000000E-99   1.00000000000000E-99
153   90     1.00000000000000E-99   1.00000000000000E-99
154   90     1.00000000000000E-99   1.00000000000000E-99
155   90     1.00000000000000E-99   1.00000000000000E-99
156   90     1.00000000000000E-99   1.00000000000000E-99
157   90     1.00000000000000E-99   1.00000000000000E-99
158   90     1.00000000000000E-99   1.00000000000000E-99
159   90     1.00000000000000E-99   1.00000000000000E-99
160   90     1.00000000000000E-99   1.00000000000000E-99
161   90     1.00000000000000E-99   1.00000000000000E-99
162   90     1.00000000000000E-99   1.00000000000000E-99
163   90     1.00000000000000E-99   1.00000000000000E-99
164   90     1.00000000000000E-99   1.00000000000000E-99
165   90     1.00000000000000E-99   1.00000000000000E-99
166   90     1.00000000000000E-99   1.00000000000000E-99
167   90     1.00000000000000E-99   1.00000000000000E-99
168   90     1.00000000000000E-99   1.00000000000000E-99
169   90     1.00000000000000E-99   1.00000000000000E-99
170   90     1.00000000000000E-99   1.00000000000000E-99
171   90     1.00000000000000E-99   1.00000000000000E-99
172   90     1.00000000000000E-99   1.00000000000000E-99
173   90     1.00000000000000E-99   1.00000000000000E-99
174   90     1.00000000000000E-99   1.00000000000000E-99
175   90     1.00000000000000E-99   1.00000000000000E-99
176   90     1.00000000000000E-99   1.00000000000000E-99
177   90     1.00000000000000E-99   1.00000000000000E-99
178   90     1.00000000000000E-99   1.00000000000000E-99
179   90     1.00000000000000E-99   1.00000000000000E-99
180   90     2.86232462019994E-24   7.72827647453983E-22
181   90     1.39805226416635E-24   3.78872163589080E-22
182   90     5.93867830138083E-21   1.61532049797558E-18
183   90     2.56243998039106E-16   6.99546114646761E-14
189   90     1.00000000000000E-99   1.00000000000000E-99
190   90     1.00000000000000E-99   1.00000000000000E-99
191   90     1.00000000000000E-99   1.00000000000000E-99
192   90     1.00000000000000E-99   1.00000000000000E-99
193   90     1.00000000000000E-99   1.00000000000000E-99
195   90     1.00000000000000E-99   1.00000000000000E-99
197   90     1.00000000000000E-99   1.00000000000000E-99
202   90     1.00000000000000E-99   1.00000000000000E-99
203   90     1.00000000000000E-99   1.00000000000000E-99
134   91     1.00000000000000E-99   1.00000000000000E-99
135   91     1.00000000000000E-99   1.00000000000000E-99
136   91     1.00000000000000E-99   1.00000000000000E-99
137   91     1.00000000000000E-99   1.00000000000000E-99
138   91     1.00000000000000E-99   1.00000000000000E-99
139   91     1.00000000000000E-99   1.00000000000000E-99
140   91     1.00000000000000E-99   1.00000000000000E-99
141   91     1.00000000000000E-99   1.00000000000000E-99
142   91     1.00000000000000E-99   1.00000000000000E-99
143   91     1.00000000000000E-99   1.00000000000000E-99
144   91     1.00000000000000E-99   1.00000000000000E-99
145   91     1.00000000000000E-99   1.00000000000000E-99
146   91     1.00000000000000E-99   1.00000000000000E-99
147   91     1.00000000000000E-99   1.00000000000000E-99
148   91     1.00000000000000E-99   1.00000000000000E-99
149   91     1.00000000000000E-99   1.00000000000000E-99
150   91     1.00000000000000E-99   1.00000000000000E-99
151   91     1.00000000000000E-99   1.00000000000000E-99
152   91     1.00000000000000E-99   1.00000000000000E-99
153   91     1.00000000000000E-99   1.00000000000000E-99
154   91     1.00000000000000E-99   1.00000000000000E-99
155   91     1.00000000000000E-99   1.00000000000000E-99
156   91     1.00000000000000E-99   1.00000000000000E-99
157   91     1.00000000000000E-99   1.00000000000000E-99
158   91     1.00000000000000E-99   1.00000000000000E-99
159   91     1.00000000000000E-99   1.00000000000000E-99
160   91     1.00000000000000E-99   1.00000000000000E-99
161   91     1.00000000000000E-99   1.00000000000000E-99
162   91     1.00000000000000E-99   1.00000000000000E-99
163   91     1.00000000000000E-99   1.00000000000000E-99
164   91     1.00000000000000E-99   1.00000000000000E-99
165   91     1.00000000000000E-99   1.00000000000000E-99
166   91     1.00000000000000E-99   1.00000000000000E-99
167   91     1.00000000000000E-99   1.00000000000000E-99
168   91     1.00000000000000E-99   1.00000000000000E-99
169   91     1.00000000000000E-99   1.00000000000000E-99
170   91     1.00000000000000E-99   1.00000000000000E-99
171   91     1.00000000000000E-99   1.00000000000000E-99
172   91     1.00000000000000E-99   1.00000000000000E-99
173   91     1.00000000000000E-99   1.00000000000000E-99
174   91     1.00000000000000E-99   1.00000000000000E-99
175   91     1.00000000000000E-99   1.00000000000000E-99
176   91     1.00000000000000E-99   1.00000000000000E-99
177   91     1.00000000000000E-99   1.00000000000000E-99
178   91     1.00000000000000E-99   1.00000000000000E-99
179   91     1.00000000000000E-99   1.00000000000000E-99
180   91     1.00000000000000E-99   1.00000000000000E-99
181   91     1.00000000000000E-99   1.00000000000000E-99
182   91     1.62449086888915E-25   4.43486007206739E-23
183   91     1.45432175619126E-25   3.98484161196406E-23
184   91     2.92095309828692E-17   8.03262102028902E-15
185   91     1.00000000000000E-99   1.00000000000000E-99
187   91     1.00000000000000E-99   1.00000000000000E-99
188   91     1.00000000000000E-99   1.00000000000000E-99
189   91     1.00000000000000E-99   1.00000000000000E-99
190   91     1.00000000000000E-99   1.00000000000000E-99
191   91     1.00000000000000E-99   1.00000000000000E-99
192   91     1.00000000000000E-99   1.00000000000000E-99
193   91     1.00000000000000E-99   1.00000000000000E-99
194   91     1.00000000000000E-99   1.00000000000000E-99
195   91     1.00000000000000E-99   1.00000000000000E-99
196   91     1.00000000000000E-99   1.00000000000000E-99
197   91     1.00000000000000E-99   1.00000000000000E-99
201   91     1.00000000000000E-99   1.00000000000000E-99
203   91     1.00000000000000E-99   1.00000000000000E-99
205   91     1.00000000000000E-99   1.00000000000000E-99
135   92     1.00000000000000E-99   1.00000000000000E-99
136   92     1.00000000000000E-99   1.00000000000000E-99
137   92     1.00000000000000E-99   1.00000000000000E-99
138   92     1.00000000000000E-99   1.00000000000000E-99
139   92     1.00000000000000E-99   1.00000000000000E-99
140   92     1.00000000000000E-99   1.00000000000000E-99
141   92     1.00000000000000E-99   1.00000000000000E-99
142   92     1.00000000000000E-99   1.00000000000000E-99
143   92     1.00000000000000E-99   1.00000000000000E-99
144   92     1.00000000000000E-99   1.00000000000000E-99
145   92     1.00000000000000E-99   1.00000000000000E-99
146   92     1.00000000000000E-99   1.00000000000000E-99
147   92     1.00000000000000E-99   1.00000000000000E-99
148   92     1.00000000000000E-99   1.00000000000000E-99
149   92     1.00000000000000E-99   1.00000000000000E-99
150   92     1.00000000000000E-99   1.00000000000000E-99
151   92     1.00000000000000E-99   1.00000000000000E-99
152   92     1.00000000000000E-99   1.00000000000000E-99
153   92     1.00000000000000E-99   1.00000000000000E-99
154   92     1.00000000000000E-99   1.00000000000000E-99
155   92     1.00000000000000E-99   1.00000000000000E-99
156   92     1.00000000000000E-99   1.00000000000000E-99
157   92     1.00000000000000E-99   1.00000000000000E-99
158   92     1.00000000000000E-99   1.00000000000000E-99
159   92     1.00000000000000E-99   1.00000000000000E-99
160   92     1.00000000000000E-99   1.00000000000000E-99
161   92     1.00000000000000E-99   1.00000000000000E-99
162   92     1.00000000000000E-99   1.00000000000000E-99
163   92     1.00000000000000E-99   1.00000000000000E-99
164   92     1.00000000000000E-99   1.00000000000000E-99
165   92     1.00000000000000E-99   1.00000000000000E-99
166   92     1.00000000000000E-99   1.00000000000000E-99
167   92     1.00000000000000E-99   1.00000000000000E-99
168   92     1.00000000000000E-99   1.00000000000000E-99
169   92     1.00000000000000E-99   1.00000000000000E-99
170   92     1.00000000000000E-99   1.00000000000000E-99
171   92     1.00000000000000E-99   1.00000000000000E-99
172   92     1.00000000000000E-99   1.00000000000000E-99
173   92     1.00000000000000E-99   1.00000000000000E-99
174   92     1.00000000000000E-99   1.00000000000000E-99
175   92     1.00000000000000E-99   1.00000000000000E-99
176   92     1.00000000000000E-99   1.00000000000000E-99
177   92     1.00000000000000E-99   1.00000000000000E-99
178   92     1.00000000000000E-99   1.00000000000000E-99
179   92     1.00000000000000E-99   1.00000000000000E-99
180   92     1.00000000000000E-99   1.00000000000000E-99
181   92     1.00000000000000E-99   1.00000000000000E-99
182   92     1.00000000000000E-99   1.00000000000000E-99
183   92     1.39501132014733E-25   3.83628113040515E-23
184   92     3.98267748280702E-18   1.09921898525474E-15
185   92     1.00000000000000E-99   1.00000000000000E-99
186   92     1.00000000000000E-99   1.00000000000000E-99
187   92     1.00000000000000E-99   1.00000000000000E-99
188   92     1.00000000000000E-99   1.00000000000000E-99
189   92     1.00000000000000E-99   1.00000000000000E-99
190   92     1.00000000000000E-99   1.00000000000000E-99
191   92     1.00000000000000E-99   1.00000000000000E-99
192   92     1.00000000000000E-99   1.00000000000000E-99
193   92     1.00000000000000E-99   1.00000000000000E-99
194   92     1.00000000000000E-99   1.00000000000000E-99
195   92     1.00000000000000E-99   1.00000000000000E-99
196   92     1.00000000000000E-99   1.00000000000000E-99
197   92     1.00000000000000E-99   1.00000000000000E-99
199   92     1.00000000000000E-99   1.00000000000000E-99
201   92     1.00000000000000E-99   1.00000000000000E-99
203   92     1.00000000000000E-99   1.00000000000000E-99
137   93     1.00000000000000E-99   1.00000000000000E-99
138   93     1.00000000000000E-99   1.00000000000000E-99
139   93     1.00000000000000E-99   1.00000000000000E-99
140   93     1.00000000000000E-99   1.00000000000000E-99
141   93     1.00000000000000E-99   1.00000000000000E-99
142   93     1.00000000000000E-99   1.00000000000000E-99
143   93     1.00000000000000E-99   1.00000000000000E-99
144   93     1.00000000000000E-99   1.00000000000000E-99
145   93     1.00000000000000E-99   1.00000000000000E-99
146   93     1.00000000000000E-99   1.00000000000000E-99
147   93     1.00000000000000E-99   1.00000000000000E-99
148   93     1.00000000000000E-99   1.00000000000000E-99
149   93     1.00000000000000E-99   1.00000000000000E-99
150   93     1.00000000000000E-99   1.00000000000000E-99
151   93     1.00000000000000E-99   1.00000000000000E-99
152   93     1.00000000000000E-99   1.00000000000000E-99
153   93     1.00000000000000E-99   1.00000000000000E-99
154   93     1.00000000000000E-99   1.00000000000000E-99
155   93     1.00000000000000E-99   1.00000000000000E-99
156   93     1.00000000000000E-99   1.00000000000000E-99
157   93     1.00000000000000E-99   1.00000000000000E-99
158   93     1.00000000000000E-99   1.00000000000000E-99
159   93     1.00000000000000E-99   1.00000000000000E-99
160   93     1.00000000000000E-99   1.00000000000000E-99
161   93     1.00000000000000E-99   1.00000000000000E-99
162   93     1.00000000000000E-99   1.00000000000000E-99
163   93     1.00000000000000E-99   1.00000000000000E-99
164   93     1.00000000000000E-99   1.00000000000000E-99
165   93     1.00000000000000E-99   1.00000000000000E-99
166   93     1.00000000000000E-99   1.00000000000000E-99
167   93     1.00000000000000E-99   1.00000000000000E-99
168   93     1.00000000000000E-99   1.00000000000000E-99
169   93     1.00000000000000E-99   1.00000000000000E-99
170   93     1.00000000000000E-99   1.00000000000000E-99
171   93     1.00000000000000E-99   1.00000000000000E-99
172   93     1.00000000000000E-99   1.00000000000000E-99
173   93     1.00000000000000E-99   1.00000000000000E-99
174   93     1.00000000000000E-99   1.00000000000000E-99
175   93     1.00000000000000E-99   1.00000000000000E-99
176   93     1.00000000000000E-99   1.00000000000000E-99
177   93     1.00000000000000E-99   1.00000000000000E-99
178   93     1.00000000000000E-99   1.00000000000000E-99
179   93     1.00000000000000E-99   1.00000000000000E-99
180   93     1.00000000000000E-99   1.00000000000000E-99
181   93     1.00000000000000E-99   1.00000000000000E-99
182   93     1.00000000000000E-99   1.00000000000000E-99
183   93     1.00000000000000E-99   1.00000000000000E-99
184   93     6.07679484957619E-25   1.68327217333260E-22
185   93     1.00000000000000E-99   1.00000000000000E-99
186   93     1.00000000000000E-99   1.00000000000000E-99
187   93     1.00000000000000E-99   1.00000000000000E-99
188   93     1.00000000000000E-99   1.00000000000000E-99
189   93     1.00000000000000E-99   1.00000000000000E-99
190   93     1.00000000000000E-99   1.00000000000000E-99
191   93     1.00000000000000E-99   1.00000000000000E-99
192   93     1.00000000000000E-99   1.00000000000000E-99
193   93     1.00000000000000E-99   1.00000000000000E-99
194   93     7.14305693494799E-25   2.05005734033007E-22
195   93     7.89861813349053E-24   2.27480202244527E-21
197   93     1.00000000000000E-99   1.00000000000000E-99
199   93     1.00000000000000E-99   1.00000000000000E-99
200   93     1.00000000000000E-99   1.00000000000000E-99
201   93     1.00000000000000E-99   1.00000000000000E-99
202   93     1.00000000000000E-99   1.00000000000000E-99
203   93     1.00000000000000E-99   1.00000000000000E-99
205   93     1.00000000000000E-99   1.00000000000000E-99
206   93     1.00000000000000E-99   1.00000000000000E-99
207   93     1.00000000000000E-99   1.00000000000000E-99
209   93     1.00000000000000E-99   1.00000000000000E-99
139   94     1.00000000000000E-99   1.00000000000000E-99
140   94     1.00000000000000E-99   1.00000000000000E-99
141   94     1.00000000000000E-99   1.00000000000000E-99
142   94     1.00000000000000E-99   1.00000000000000E-99
143   94     1.00000000000000E-99   1.00000000000000E-99
144   94     1.00000000000000E-99   1.00000000000000E-99
145   94     1.00000000000000E-99   1.00000000000000E-99
146   94     1.00000000000000E-99   1.00000000000000E-99
147   94     1.00000000000000E-99   1.00000000000000E-99
148   94     1.00000000000000E-99   1.00000000000000E-99
149   94     1.00000000000000E-99   1.00000000000000E-99
150   94     1.00000000000000E-99   1.00000000000000E-99
151   94     1.00000000000000E-99   1.00000000000000E-99
152   94     1.00000000000000E-99   1.00000000000000E-99
153   94     1.00000000000000E-99   1.00000000000000E-99
154   94     1.00000000000000E-99   1.00000000000000E-99
155   94     1.00000000000000E-99   1.00000000000000E-99
156   94     1.00000000000000E-99   1.00000000000000E-99
157   94     1.00000000000000E-99   1.00000000000000E-99
158   94     1.00000000000000E-99   1.00000000000000E-99
159   94     1.00000000000000E-99   1.00000000000000E-99
160   94     1.00000000000000E-99   1.00000000000000E-99
161   94     1.00000000000000E-99   1.00000000000000E-99
162   94     1.00000000000000E-99   1.00000000000000E-99
163   94     1.00000000000000E-99   1.00000000000000E-99
164   94     1.00000000000000E-99   1.00000000000000E-99
165   94     1.00000000000000E-99   1.00000000000000E-99
166   94     1.00000000000000E-99   1.00000000000000E-99
167   94     1.00000000000000E-99   1.00000000000000E-99
168   94     1.00000000000000E-99   1.00000000000000E-99
169   94     1.00000000000000E-99   1.00000000000000E-99
170   94     1.00000000000000E-99   1.00000000000000E-99
171   94     1.00000000000000E-99   1.00000000000000E-99
172   94     1.00000000000000E-99   1.00000000000000E-99
173   94     1.00000000000000E-99   1.00000000000000E-99
174   94     1.00000000000000E-99   1.00000000000000E-99
175   94     1.00000000000000E-99   1.00000000000000E-99
176   94     1.00000000000000E-99   1.00000000000000E-99
177   94     1.00000000000000E-99   1.00000000000000E-99
178   94     1.00000000000000E-99   1.00000000000000E-99
179   94     1.00000000000000E-99   1.00000000000000E-99
180   94     1.00000000000000E-99   1.00000000000000E-99
181   94     1.00000000000000E-99   1.00000000000000E-99
182   94     1.00000000000000E-99   1.00000000000000E-99
183   94     1.00000000000000E-99   1.00000000000000E-99
184   94     1.00000000000000E-99   1.00000000000000E-99
185   94     1.00000000000000E-99   1.00000000000000E-99
186   94     1.00000000000000E-99   1.00000000000000E-99
187   94     1.00000000000000E-99   1.00000000000000E-99
188   94     1.00000000000000E-99   1.00000000000000E-99
189   94     1.00000000000000E-99   1.00000000000000E-99
190   94     1.00000000000000E-99   1.00000000000000E-99
191   94     1.00000000000000E-99   1.00000000000000E-99
192   94     1.00000000000000E-99   1.00000000000000E-99
193   94     1.00000000000000E-99   1.00000000000000E-99
194   94     1.00000000000000E-99   1.00000000000000E-99
195   94     1.00000000000000E-99   1.00000000000000E-99
196   94     1.00000000000000E-99   1.00000000000000E-99
197   94     1.00000000000000E-99   1.00000000000000E-99
198   94     1.00000000000000E-99   1.00000000000000E-99
199   94     1.00000000000000E-99   1.00000000000000E-99
200   94     1.00000000000000E-99   1.00000000000000E-99
201   94     1.00000000000000E-99   1.00000000000000E-99
203   94     1.00000000000000E-99   1.00000000000000E-99
205   94     1.00000000000000E-99   1.00000000000000E-99
207   94     1.00000000000000E-99   1.00000000000000E-99
209   94     1.00000000000000E-99   1.00000000000000E-99
141   95     1.00000000000000E-99   1.00000000000000E-99
142   95     1.00000000000000E-99   1.00000000000000E-99
143   95     1.00000000000000E-99   1.00000000000000E-99
144   95     1.00000000000000E-99   1.00000000000000E-99
145   95     1.00000000000000E-99   1.00000000000000E-99
146   95     1.00000000000000E-99   1.00000000000000E-99
147   95     1.00000000000000E-99   1.00000000000000E-99
148   95     1.00000000000000E-99   1.00000000000000E-99
149   95     1.00000000000000E-99   1.00000000000000E-99
150   95     1.00000000000000E-99   1.00000000000000E-99
151   95     1.00000000000000E-99   1.00000000000000E-99
152   95     1.00000000000000E-99   1.00000000000000E-99
153   95     1.00000000000000E-99   1.00000000000000E-99
154   95     1.00000000000000E-99   1.00000000000000E-99
155   95     1.00000000000000E-99   1.00000000000000E-99
156   95     1.00000000000000E-99   1.00000000000000E-99
157   95     1.00000000000000E-99   1.00000000000000E-99
158   95     1.00000000000000E-99   1.00000000000000E-99
159   95     1.00000000000000E-99   1.00000000000000E-99
160   95     1.00000000000000E-99   1.00000000000000E-99
161   95     1.00000000000000E-99   1.00000000000000E-99
162   95     1.00000000000000E-99   1.00000000000000E-99
163   95     1.00000000000000E-99   1.00000000000000E-99
164   95     1.00000000000000E-99   1.00000000000000E-99
165   95     1.00000000000000E-99   1.00000000000000E-99
166   95     1.00000000000000E-99   1.00000000000000E-99
167   95     1.00000000000000E-99   1.00000000000000E-99
168   95     1.00000000000000E-99   1.00000000000000E-99
169   95     1.00000000000000E-99   1.00000000000000E-99
170   95     1.00000000000000E-99   1.00000000000000E-99
171   95     1.00000000000000E-99   1.00000000000000E-99
172   95     1.00000000000000E-99   1.00000000000000E-99
173   95     1.00000000000000E-99   1.00000000000000E-99
174   95     1.00000000000000E-99   1.00000000000000E-99
175   95     1.00000000000000E-99   1.00000000000000E-99
176   95     1.00000000000000E-99   1.00000000000000E-99
177   95     1.00000000000000E-99   1.00000000000000E-99
178   95     1.00000000000000E-99   1.00000000000000E-99
179   95     1.00000000000000E-99   1.00000000000000E-99
180   95     1.00000000000000E-99   1.00000000000000E-99
181   95     1.00000000000000E-99   1.00000000000000E-99
182   95     1.00000000000000E-99   1.00000000000000E-99
183   95     1.00000000000000E-99   1.00000000000000E-99
184   95     1.00000000000000E-99   1.00000000000000E-99
185   95     1.00000000000000E-99   1.00000000000000E-99
186   95     1.00000000000000E-99   1.00000000000000E-99
187   95     1.00000000000000E-99   1.00000000000000E-99
188   95     1.00000000000000E-99   1.00000000000000E-99
189   95     1.00000000000000E-99   1.00000000000000E-99
190   95     1.00000000000000E-99   1.00000000000000E-99
191   95     1.00000000000000E-99   1.00000000000000E-99
192   95     1.00000000000000E-99   1.00000000000000E-99
193   95     1.00000000000000E-99   1.00000000000000E-99
194   95     1.00000000000000E-99   1.00000000000000E-99
195   95     1.00000000000000E-99   1.00000000000000E-99
196   95     1.00000000000000E-99   1.00000000000000E-99
197   95     1.00000000000000E-99   1.00000000000000E-99
198   95     1.00000000000000E-99   1.00000000000000E-99
199   95     1.00000000000000E-99   1.00000000000000E-99
200   95     1.00000000000000E-99   1.00000000000000E-99
201   95     1.00000000000000E-99   1.00000000000000E-99
202   95     1.00000000000000E-99   1.00000000000000E-99
203   95     1.00000000000000E-99   1.00000000000000E-99
204   95     1.00000000000000E-99   1.00000000000000E-99
205   95     1.00000000000000E-99   1.00000000000000E-99
206   95     1.00000000000000E-99   1.00000000000000E-99
207   95     1.00000000000000E-99   1.00000000000000E-99
208   95     1.00000000000000E-99   1.00000000000000E-99
209   95     1.00000000000000E-99   1.00000000000000E-99
211   95     1.00000000000000E-99   1.00000000000000E-99
213   95     1.00000000000000E-99   1.00000000000000E-99
144   96     1.00000000000000E-99   1.00000000000000E-99
145   96     1.00000000000000E-99   1.00000000000000E-99
146   96     1.00000000000000E-99   1.00000000000000E-99
147   96     1.00000000000000E-99   1.00000000000000E-99
148   96     1.00000000000000E-99   1.00000000000000E-99
149   96     1.00000000000000E-99   1.00000000000000E-99
150   96     1.00000000000000E-99   1.00000000000000E-99
151   96     1.00000000000000E-99   1.00000000000000E-99
152   96     1.00000000000000E-99   1.00000000000000E-99
153   96     1.00000000000000E-99   1.00000000000000E-99
154   96     1.00000000000000E-99   1.00000000000000E-99
155   96     1.00000000000000E-99   1.00000000000000E-99
156   96     1.00000000000000E-99   1.00000000000000E-99
157   96     1.00000000000000E-99   1.00000000000000E-99
158   96     1.00000000000000E-99   1.00000000000000E-99
159   96     1.00000000000000E-99   1.00000000000000E-99
160   96     1.00000000000000E-99   1.00000000000000E-99
161   96     1.00000000000000E-99   1.00000000000000E-99
162   96     1.00000000000000E-99   1.00000000000000E-99
163   96     1.00000000000000E-99   1.00000000000000E-99
164   96     1.00000000000000E-99   1.00000000000000E-99
165   96     1.00000000000000E-99   1.00000000000000E-99
166   96     1.00000000000000E-99   1.00000000000000E-99
167   96     1.00000000000000E-99   1.00000000000000E-99
168   96     1.00000000000000E-99   1.00000000000000E-99
169   96     1.00000000000000E-99   1.00000000000000E-99
170   96     1.00000000000000E-99   1.00000000000000E-99
171   96     1.00000000000000E-99   1.00000000000000E-99
172   96     1.00000000000000E-99   1.00000000000000E-99
173   96     1.00000000000000E-99   1.00000000000000E-99
174   96     1.00000000000000E-99   1.00000000000000E-99
175   96     1.00000000000000E-99   1.00000000000000E-99
176   96     1.00000000000000E-99   1.00000000000000E-99
177   96     1.00000000000000E-99   1.00000000000000E-99
178   96     1.00000000000000E-99   1.00000000000000E-99
179   96     1.00000000000000E-99   1.00000000000000E-99
180   96     1.00000000000000E-99   1.00000000000000E-99
181   96     1.00000000000000E-99   1.00000000000000E-99
182   96     1.00000000000000E-99   1.00000000000000E-99
183   96     1.00000000000000E-99   1.00000000000000E-99
184   96     1.00000000000000E-99   1.00000000000000E-99
185   96     1.00000000000000E-99   1.00000000000000E-99
186   96     1.00000000000000E-99   1.00000000000000E-99
187   96     1.00000000000000E-99   1.00000000000000E-99
188   96     1.00000000000000E-99   1.00000000000000E-99
189   96     1.00000000000000E-99   1.00000000000000E-99
190   96     1.00000000000000E-99   1.00000000000000E-99
191   96     1.00000000000000E-99   1.00000000000000E-99
192   96     1.00000000000000E-99   1.00000000000000E-99
193   96     1.00000000000000E-99   1.00000000000000E-99
194   96     1.00000000000000E-99   1.00000000000000E-99
195   96     1.00000000000000E-99   1.00000000000000E-99
196   96     1.00000000000000E-99   1.00000000000000E-99
197   96     1.00000000000000E-99   1.00000000000000E-99
198   96     1.00000000000000E-99   1.00000000000000E-99
199   96     1.00000000000000E-99   1.00000000000000E-99
200   96     1.00000000000000E-99   1.00000000000000E-99
201   96     1.00000000000000E-99   1.00000000000000E-99
202   96     1.00000000000000E-99   1.00000000000000E-99
203   96     1.00000000000000E-99   1.00000000000000E-99
204   96     1.00000000000000E-99   1.00000000000000E-99
205   96     1.00000000000000E-99   1.00000000000000E-99
206   96     1.00000000000000E-99   1.00000000000000E-99
207   96     1.00000000000000E-99   1.00000000000000E-99
208   96     1.00000000000000E-99   1.00000000000000E-99
209   96     1.00000000000000E-99   1.00000000000000E-99
211   96     1.00000000000000E-99   1.00000000000000E-99
213   96     1.00000000000000E-99   1.00000000000000E-99
215   96     1.00000000000000E-99   1.00000000000000E-99
145   97     1.00000000000000E-99   1.00000000000000E-99
146   97     1.00000000000000E-99   1.00000000000000E-99
147   97     1.00000000000000E-99   1.00000000000000E-99
148   97     1.00000000000000E-99   1.00000000000000E-99
149   97     1.00000000000000E-99   1.00000000000000E-99
150   97     1.00000000000000E-99   1.00000000000000E-99
151   97     1.00000000000000E-99   1.00000000000000E-99
152   97     1.00000000000000E-99   1.00000000000000E-99
153   97     1.00000000000000E-99   1.00000000000000E-99
154   97     1.00000000000000E-99   1.00000000000000E-99
155   97     1.00000000000000E-99   1.00000000000000E-99
156   97     1.00000000000000E-99   1.00000000000000E-99
157   97     1.00000000000000E-99   1.00000000000000E-99
158   97     1.00000000000000E-99   1.00000000000000E-99
159   97     1.00000000000000E-99   1.00000000000000E-99
160   97     1.00000000000000E-99   1.00000000000000E-99
161   97     1.00000000000000E-99   1.00000000000000E-99
162   97     1.00000000000000E-99   1.00000000000000E-99
163   97     1.00000000000000E-99   1.00000000000000E-99
164   97     1.00000000000000E-99   1.00000000000000E-99
165   97     1.00000000000000E-99   1.00000000000000E-99
166   97     1.00000000000000E-99   1.00000000000000E-99
167   97     1.00000000000000E-99   1.00000000000000E-99
168   97     1.00000000000000E-99   1.00000000000000E-99
169   97     1.00000000000000E-99   1.00000000000000E-99
170   97     1.00000000000000E-99   1.00000000000000E-99
171   97     1.00000000000000E-99   1.00000000000000E-99
172   97     1.00000000000000E-99   1.00000000000000E-99
173   97     1.00000000000000E-99   1.00000000000000E-99
174   97     1.00000000000000E-99   1.00000000000000E-99
175   97     1.00000000000000E-99   1.00000000000000E-99
176   97     1.00000000000000E-99   1.00000000000000E-99
177   97     1.00000000000000E-99   1.00000000000000E-99
178   97     1.00000000000000E-99   1.00000000000000E-99
179   97     1.00000000000000E-99   1.00000000000000E-99
180   97     1.00000000000000E-99   1.00000000000000E-99
181   97     1.00000000000000E-99   1.00000000000000E-99
182   97     1.00000000000000E-99   1.00000000000000E-99
183   97     1.00000000000000E-99   1.00000000000000E-99
184   97     1.00000000000000E-99   1.00000000000000E-99
185   97     1.00000000000000E-99   1.00000000000000E-99
186   97     1.00000000000000E-99   1.00000000000000E-99
187   97     1.00000000000000E-99   1.00000000000000E-99
188   97     1.00000000000000E-99   1.00000000000000E-99
189   97     1.00000000000000E-99   1.00000000000000E-99
190   97     1.00000000000000E-99   1.00000000000000E-99
191   97     1.00000000000000E-99   1.00000000000000E-99
192   97     1.00000000000000E-99   1.00000000000000E-99
193   97     1.00000000000000E-99   1.00000000000000E-99
194   97     1.00000000000000E-99   1.00000000000000E-99
195   97     1.00000000000000E-99   1.00000000000000E-99
196   97     1.00000000000000E-99   1.00000000000000E-99
197   97     1.00000000000000E-99   1.00000000000000E-99
198   97     1.00000000000000E-99   1.00000000000000E-99
199   97     1.00000000000000E-99   1.00000000000000E-99
200   97     1.00000000000000E-99   1.00000000000000E-99
201   97     1.00000000000000E-99   1.00000000000000E-99
202   97     1.00000000000000E-99   1.00000000000000E-99
203   97     1.00000000000000E-99   1.00000000000000E-99
204   97     1.00000000000000E-99   1.00000000000000E-99
205   97     1.00000000000000E-99   1.00000000000000E-99
206   97     1.00000000000000E-99   1.00000000000000E-99
207   97     1.00000000000000E-99   1.00000000000000E-99
208   97     1.00000000000000E-99   1.00000000000000E-99
209   97     1.00000000000000E-99   1.00000000000000E-99
210   97     1.00000000000000E-99   1.00000000000000E-99
211   97     1.00000000000000E-99   1.00000000000000E-99
213   97     1.00000000000000E-99   1.00000000000000E-99
215   97     1.00000000000000E-99   1.00000000000000E-99
217   97     1.00000000000000E-99   1.00000000000000E-99
147   98     1.00000000000000E-99   1.00000000000000E-99
148   98     1.00000000000000E-99   1.00000000000000E-99
149   98     1.00000000000000E-99   1.00000000000000E-99
150   98     1.00000000000000E-99   1.00000000000000E-99
151   98     1.00000000000000E-99   1.00000000000000E-99
152   98     1.00000000000000E-99   1.00000000000000E-99
153   98     1.00000000000000E-99   1.00000000000000E-99
154   98     1.00000000000000E-99   1.00000000000000E-99
155   98     1.00000000000000E-99   1.00000000000000E-99
156   98     1.00000000000000E-99   1.00000000000000E-99
157   98     1.00000000000000E-99   1.00000000000000E-99
158   98     1.00000000000000E-99   1.00000000000000E-99
159   98     1.00000000000000E-99   1.00000000000000E-99
160   98     1.00000000000000E-99   1.00000000000000E-99
161   98     1.00000000000000E-99   1.00000000000000E-99
162   98     1.00000000000000E-99   1.00000000000000E-99
163   98     1.00000000000000E-99   1.00000000000000E-99
164   98     1.00000000000000E-99   1.00000000000000E-99
165   98     1.00000000000000E-99   1.00000000000000E-99
166   98     1.00000000000000E-99   1.00000000000000E-99
167   98     1.00000000000000E-99   1.00000000000000E-99
168   98     1.00000000000000E-99   1.00000000000000E-99
169   98     1.00000000000000E-99   1.00000000000000E-99
170   98     1.00000000000000E-99   1.00000000000000E-99
171   98     1.00000000000000E-99   1.00000000000000E-99
172   98     1.00000000000000E-99   1.00000000000000E-99
173   98     1.00000000000000E-99   1.00000000000000E-99
174   98     1.00000000000000E-99   1.00000000000000E-99
175   98     1.00000000000000E-99   1.00000000000000E-99
176   98     1.00000000000000E-99   1.00000000000000E-99
177   98     1.00000000000000E-99   1.00000000000000E-99
178   98     1.00000000000000E-99   1.00000000000000E-99
179   98     1.00000000000000E-99   1.00000000000000E-99
180   98     1.00000000000000E-99   1.00000000000000E-99
181   98     1.00000000000000E-99   1.00000000000000E-99
182   98     1.00000000000000E-99   1.00000000000000E-99
183   98     1.00000000000000E-99   1.00000000000000E-99
184   98     1.00000000000000E-99   1.00000000000000E-99
185   98     1.00000000000000E-99   1.00000000000000E-99
186   98     1.00000000000000E-99   1.00000000000000E-99
187   98     1.00000000000000E-99   1.00000000000000E-99
188   98     1.00000000000000E-99   1.00000000000000E-99
189   98     1.00000000000000E-99   1.00000000000000E-99
190   98     1.00000000000000E-99   1.00000000000000E-99
191   98     1.00000000000000E-99   1.00000000000000E-99
192   98     1.00000000000000E-99   1.00000000000000E-99
193   98     1.00000000000000E-99   1.00000000000000E-99
194   98     1.00000000000000E-99   1.00000000000000E-99
195   98     1.00000000000000E-99   1.00000000000000E-99
196   98     1.00000000000000E-99   1.00000000000000E-99
197   98     1.00000000000000E-99   1.00000000000000E-99
198   98     1.00000000000000E-99   1.00000000000000E-99
199   98     1.00000000000000E-99   1.00000000000000E-99
200   98     1.00000000000000E-99   1.00000000000000E-99
201   98     1.00000000000000E-99   1.00000000000000E-99
202   98     1.00000000000000E-99   1.00000000000000E-99
203   98     1.00000000000000E-99   1.00000000000000E-99
204   98     1.00000000000000E-99   1.00000000000000E-99
205   98     1.00000000000000E-99   1.00000000000000E-99
206   98     1.00000000000000E-99   1.00000000000000E-99
207   98     1.00000000000000E-99   1.00000000000000E-99
208   98     1.00000000000000E-99   1.00000000000000E-99
209   98     1.00000000000000E-99   1.00000000000000E-99
210   98     1.00000000000000E-99   1.00000000000000E-99
211   98     1.00000000000000E-99   1.00000000000000E-99
213   98     1.00000000000000E-99   1.00000000000000E-99
215   98     1.00000000000000E-99   1.00000000000000E-99
217   98     1.00000000000000E-99   1.00000000000000E-99
219   98     1.00000000000000E-99   1.00000000000000E-99
221   98     1.00000000000000E-99   1.00000000000000E-99
149   99     1.00000000000000E-99   1.00000000000000E-99
150   99     1.00000000000000E-99   1.00000000000000E-99
151   99     1.00000000000000E-99   1.00000000000000E-99
152   99     1.00000000000000E-99   1.00000000000000E-99
153   99     1.00000000000000E-99   1.00000000000000E-99
154   99     1.00000000000000E-99   1.00000000000000E-99
155   99     1.00000000000000E-99   1.00000000000000E-99
156   99     1.00000000000000E-99   1.00000000000000E-99
157   99     1.00000000000000E-99   1.00000000000000E-99
158   99     1.00000000000000E-99   1.00000000000000E-99
159   99     1.00000000000000E-99   1.00000000000000E-99
160   99     1.00000000000000E-99   1.00000000000000E-99
161   99     1.00000000000000E-99   1.00000000000000E-99
162   99     1.00000000000000E-99   1.00000000000000E-99
163   99     1.00000000000000E-99   1.00000000000000E-99
164   99     1.00000000000000E-99   1.00000000000000E-99
165   99     1.00000000000000E-99   1.00000000000000E-99
166   99     1.00000000000000E-99   1.00000000000000E-99
167   99     1.00000000000000E-99   1.00000000000000E-99
168   99     1.00000000000000E-99   1.00000000000000E-99
169   99     1.00000000000000E-99   1.00000000000000E-99
170   99     1.00000000000000E-99   1.00000000000000E-99
171   99     1.00000000000000E-99   1.00000000000000E-99
172   99     1.00000000000000E-99   1.00000000000000E-99
173   99     1.00000000000000E-99   1.00000000000000E-99
174   99     1.00000000000000E-99   1.00000000000000E-99
175   99     1.00000000000000E-99   1.00000000000000E-99
176   99     1.00000000000000E-99   1.00000000000000E-99
177   99     1.00000000000000E-99   1.00000000000000E-99
178   99     1.00000000000000E-99   1.00000000000000E-99
179   99     1.00000000000000E-99   1.00000000000000E-99
180   99     1.00000000000000E-99   1.00000000000000E-99
181   99     1.00000000000000E-99   1.00000000000000E-99
182   99     1.00000000000000E-99   1.00000000000000E-99
183   99     1.00000000000000E-99   1.00000000000000E-99
184   99     1.00000000000000E-99   1.00000000000000E-99
185   99     1.00000000000000E-99   1.00000000000000E-99
186   99     1.00000000000000E-99   1.00000000000000E-99
187   99     1.00000000000000E-99   1.00000000000000E-99
188   99     1.00000000000000E-99   1.00000000000000E-99
189   99     1.00000000000000E-99   1.00000000000000E-99
190   99     1.00000000000000E-99   1.00000000000000E-99
191   99     1.00000000000000E-99   1.00000000000000E-99
192   99     1.00000000000000E-99   1.00000000000000E-99
193   99     1.00000000000000E-99   1.00000000000000E-99
194   99     1.00000000000000E-99   1.00000000000000E-99
195   99     1.00000000000000E-99   1.00000000000000E-99
196   99     1.00000000000000E-99   1.00000000000000E-99
197   99     1.00000000000000E-99   1.00000000000000E-99
198   99     1.00000000000000E-99   1.00000000000000E-99
199   99     1.00000000000000E-99   1.00000000000000E-99
200   99     1.00000000000000E-99   1.00000000000000E-99
201   99     1.00000000000000E-99   1.00000000000000E-99
202   99     1.00000000000000E-99   1.00000000000000E-99
203   99     1.00000000000000E-99   1.00000000000000E-99
204   99     1.00000000000000E-99   1.00000000000000E-99
205   99     1.00000000000000E-99   1.00000000000000E-99
206   99     1.00000000000000E-99   1.00000000000000E-99
207   99     1.00000000000000E-99   1.00000000000000E-99
208   99     1.00000000000000E-99   1.00000000000000E-99
209   99     1.00000000000000E-99   1.00000000000000E-99
210   99     1.00000000000000E-99   1.00000000000000E-99
211   99     1.00000000000000E-99   1.00000000000000E-99
212   99     1.00000000000000E-99   1.00000000000000E-99
213   99     1.00000000000000E-99   1.00000000000000E-99
215   99     1.00000000000000E-99   1.00000000000000E-99
216   99     1.00000000000000E-99   1.00000000000000E-99
217   99     1.00000000000000E-99   1.00000000000000E-99
219   99     1.00000000000000E-99   1.00000000000000E-99
221   99     1.00000000000000E-99   1.00000000000000E-99
223   99     1.00000000000000E-99   1.00000000000000E-99
151  100     1.00000000000000E-99   1.00000000000000E-99
152  100     1.00000000000000E-99   1.00000000000000E-99
153  100     1.00000000000000E-99   1.00000000000000E-99
154  100     1.00000000000000E-99   1.00000000000000E-99
155  100     1.00000000000000E-99   1.00000000000000E-99
156  100     1.00000000000000E-99   1.00000000000000E-99
157  100     1.00000000000000E-99   1.00000000000000E-99
158  100     1.00000000000000E-99   1.00000000000000E-99
159  100     1.00000000000000E-99   1.00000000000000E-99
160  100     1.00000000000000E-99   1.00000000000000E-99
161  100     1.00000000000000E-99   1.00000000000000E-99
162  100     1.00000000000000E-99   1.00000000000000E-99
163  100     1.00000000000000E-99   1.00000000000000E-99
164  100     1.00000000000000E-99   1.00000000000000E-99
165  100     1.00000000000000E-99   1.00000000000000E-99
166  100     1.00000000000000E-99   1.00000000000000E-99
167  100     1.00000000000000E-99   1.00000000000000E-99
168  100     1.00000000000000E-99   1.00000000000000E-99
169  100     1.00000000000000E-99   1.00000000000000E-99
170  100     1.00000000000000E-99   1.00000000000000E-99
171  100     1.00000000000000E-99   1.00000000000000E-99
172  100     1.00000000000000E-99   1.00000000000000E-99
173  100     1.00000000000000E-99   1.00000000000000E-99
174  100     1.00000000000000E-99   1.00000000000000E-99
175  100     1.00000000000000E-99   1.00000000000000E-99
176  100     1.00000000000000E-99   1.00000000000000E-99
177  100     1.00000000000000E-99   1.00000000000000E-99
178  100     1.00000000000000E-99   1.00000000000000E-99
179  100     1.00000000000000E-99   1.00000000000000E-99
180  100     1.00000000000000E-99   1.00000000000000E-99
181  100     1.00000000000000E-99   1.00000000000000E-99
182  100     1.00000000000000E-99   1.00000000000000E-99
183  100     1.00000000000000E-99   1.00000000000000E-99
184  100     1.00000000000000E-99   1.00000000000000E-99
185  100     1.00000000000000E-99   1.00000000000000E-99
186  100     1.00000000000000E-99   1.00000000000000E-99
187  100     1.00000000000000E-99   1.00000000000000E-99
188  100     1.00000000000000E-99   1.00000000000000E-99
189  100     1.00000000000000E-99   1.00000000000000E-99
190  100     1.00000000000000E-99   1.00000000000000E-99
191  100     1.00000000000000E-99   1.00000000000000E-99
192  100     1.00000000000000E-99   1.00000000000000E-99
193  100     1.00000000000000E-99   1.00000000000000E-99
194  100     1.00000000000000E-99   1.00000000000000E-99
195  100     1.00000000000000E-99   1.00000000000000E-99
196  100     1.00000000000000E-99   1.00000000000000E-99
197  100     1.00000000000000E-99   1.00000000000000E-99
198  100     1.00000000000000E-99   1.00000000000000E-99
199  100     1.00000000000000E-99   1.00000000000000E-99
200  100     1.00000000000000E-99   1.00000000000000E-99
201  100     1.00000000000000E-99   1.00000000000000E-99
202  100     1.00000000000000E-99   1.00000000000000E-99
203  100     1.00000000000000E-99   1.00000000000000E-99
204  100     1.00000000000000E-99   1.00000000000000E-99
205  100     1.00000000000000E-99   1.00000000000000E-99
206  100     1.00000000000000E-99   1.00000000000000E-99
207  100     1.00000000000000E-99   1.00000000000000E-99
208  100     1.00000000000000E-99   1.00000000000000E-99
209  100     1.00000000000000E-99   1.00000000000000E-99
210  100     1.00000000000000E-99   1.00000000000000E-99
211  100     1.00000000000000E-99   1.00000000000000E-99
213  100     1.00000000000000E-99   1.00000000000000E-99
215  100     1.00000000000000E-99   1.00000000000000E-99
217  100     1.00000000000000E-99   1.00000000000000E-99
218  100     1.00000000000000E-99   1.00000000000000E-99
219  100     1.00000000000000E-99   1.00000000000000E-99
221  100     1.00000000000000E-99   1.00000000000000E-99
223  100     1.00000000000000E-99   1.00000000000000E-99
225  100     1.00000000000000E-99   1.00000000000000E-99
152  101     1.00000000000000E-99   1.00000000000000E-99
153  101     1.00000000000000E-99   1.00000000000000E-99
154  101     1.00000000000000E-99   1.00000000000000E-99
155  101     1.00000000000000E-99   1.00000000000000E-99
156  101     1.00000000000000E-99   1.00000000000000E-99
157  101     1.00000000000000E-99   1.00000000000000E-99
158  101     1.00000000000000E-99   1.00000000000000E-99
159  101     1.00000000000000E-99   1.00000000000000E-99
160  101     1.00000000000000E-99   1.00000000000000E-99
161  101     1.00000000000000E-99   1.00000000000000E-99
162  101     1.00000000000000E-99   1.00000000000000E-99
163  101     1.00000000000000E-99   1.00000000000000E-99
164  101     1.00000000000000E-99   1.00000000000000E-99
165  101     1.00000000000000E-99   1.00000000000000E-99
166  101     1.00000000000000E-99   1.00000000000000E-99
167  101     1.00000000000000E-99   1.00000000000000E-99
168  101     1.00000000000000E-99   1.00000000000000E-99
169  101     1.00000000000000E-99   1.00000000000000E-99
170  101     1.00000000000000E-99   1.00000000000000E-99
171  101     1.00000000000000E-99   1.00000000000000E-99
172  101     1.00000000000000E-99   1.00000000000000E-99
173  101     1.00000000000000E-99   1.00000000000000E-99
174  101     1.00000000000000E-99   1.00000000000000E-99
175  101     1.00000000000000E-99   1.00000000000000E-99
176  101     1.00000000000000E-99   1.00000000000000E-99
177  101     1.00000000000000E-99   1.00000000000000E-99
178  101     1.00000000000000E-99   1.00000000000000E-99
179  101     1.00000000000000E-99   1.00000000000000E-99
180  101     1.00000000000000E-99   1.00000000000000E-99
181  101     1.00000000000000E-99   1.00000000000000E-99
182  101     1.00000000000000E-99   1.00000000000000E-99
183  101     1.00000000000000E-99   1.00000000000000E-99
184  101     1.00000000000000E-99   1.00000000000000E-99
185  101     1.00000000000000E-99   1.00000000000000E-99
186  101     1.00000000000000E-99   1.00000000000000E-99
187  101     1.00000000000000E-99   1.00000000000000E-99
188  101     1.00000000000000E-99   1.00000000000000E-99
189  101     1.00000000000000E-99   1.00000000000000E-99
190  101     1.00000000000000E-99   1.00000000000000E-99
191  101     1.00000000000000E-99   1.00000000000000E-99
192  101     1.00000000000000E-99   1.00000000000000E-99
193  101     1.00000000000000E-99   1.00000000000000E-99
194  101     1.00000000000000E-99   1.00000000000000E-99
195  101     1.00000000000000E-99   1.00000000000000E-99
196  101     1.00000000000000E-99   1.00000000000000E-99
197  101     1.00000000000000E-99   1.00000000000000E-99
198  101     1.00000000000000E-99   1.00000000000000E-99
199  101     1.00000000000000E-99   1.00000000000000E-99
200  101     1.00000000000000E-99   1.00000000000000E-99
201  101     1.00000000000000E-99   1.00000000000000E-99
202  101     1.00000000000000E-99   1.00000000000000E-99
203  101     1.00000000000000E-99   1.00000000000000E-99
204  101     1.00000000000000E-99   1.00000000000000E-99
205  101     1.00000000000000E-99   1.00000000000000E-99
206  101     1.00000000000000E-99   1.00000000000000E-99
207  101     1.00000000000000E-99   1.00000000000000E-99
208  101     1.00000000000000E-99   1.00000000000000E-99
209  101     1.00000000000000E-99   1.00000000000000E-99
210  101     1.00000000000000E-99   1.00000000000000E-99
211  101     1.00000000000000E-99   1.00000000000000E-99
212  101     1.00000000000000E-99   1.00000000000000E-99
213  101     1.00000000000000E-99   1.00000000000000E-99
214  101     1.00000000000000E-99   1.00000000000000E-99
215  101     1.00000000000000E-99   1.00000000000000E-99
216  101     1.00000000000000E-99   1.00000000000000E-99
217  101     1.00000000000000E-99   1.00000000000000E-99
218  101     1.00000000000000E-99   1.00000000000000E-99
219  101     1.00000000000000E-99   1.00000000000000E-99
220  101     1.00000000000000E-99   1.00000000000000E-99
221  101     1.00000000000000E-99   1.00000000000000E-99
223  101     1.00000000000000E-99   1.00000000000000E-99
225  101     1.00000000000000E-99   1.00000000000000E-99
227  101     1.00000000000000E-99   1.00000000000000E-99
152  102     1.00000000000000E-99   1.00000000000000E-99
153  102     1.00000000000000E-99   1.00000000000000E-99
154  102     1.00000000000000E-99   1.00000000000000E-99
155  102     1.00000000000000E-99   1.00000000000000E-99
156  102     1.00000000000000E-99   1.00000000000000E-99
157  102     1.00000000000000E-99   1.00000000000000E-99
158  102     1.00000000000000E-99   1.00000000000000E-99
159  102     1.00000000000000E-99   1.00000000000000E-99
160  102     1.00000000000000E-99   1.00000000000000E-99
161  102     1.00000000000000E-99   1.00000000000000E-99
162  102     1.00000000000000E-99   1.00000000000000E-99
163  102     1.00000000000000E-99   1.00000000000000E-99
164  102     1.00000000000000E-99   1.00000000000000E-99
165  102     1.00000000000000E-99   1.00000000000000E-99
166  102     1.00000000000000E-99   1.00000000000000E-99
167  102     1.00000000000000E-99   1.00000000000000E-99
168  102     1.00000000000000E-99   1.00000000000000E-99
169  102     1.00000000000000E-99   1.00000000000000E-99
170  102     1.00000000000000E-99   1.00000000000000E-99
171  102     1.00000000000000E-99   1.00000000000000E-99
172  102     1.00000000000000E-99   1.00000000000000E-99
173  102     1.00000000000000E-99   1.00000000000000E-99
174  102     1.00000000000000E-99   1.00000000000000E-99
175  102     1.00000000000000E-99   1.00000000000000E-99
176  102     1.00000000000000E-99   1.00000000000000E-99
177  102     1.00000000000000E-99   1.00000000000000E-99
178  102     1.00000000000000E-99   1.00000000000000E-99
179  102     1.00000000000000E-99   1.00000000000000E-99
180  102     1.00000000000000E-99   1.00000000000000E-99
181  102     1.00000000000000E-99   1.00000000000000E-99
182  102     1.00000000000000E-99   1.00000000000000E-99
183  102     1.00000000000000E-99   1.00000000000000E-99
184  102     1.00000000000000E-99   1.00000000000000E-99
185  102     1.00000000000000E-99   1.00000000000000E-99
186  102     1.00000000000000E-99   1.00000000000000E-99
187  102     1.00000000000000E-99   1.00000000000000E-99
188  102     1.00000000000000E-99   1.00000000000000E-99
189  102     1.00000000000000E-99   1.00000000000000E-99
190  102     1.00000000000000E-99   1.00000000000000E-99
191  102     1.00000000000000E-99   1.00000000000000E-99
192  102     1.00000000000000E-99   1.00000000000000E-99
193  102     1.00000000000000E-99   1.00000000000000E-99
194  102     1.00000000000000E-99   1.00000000000000E-99
195  102     1.00000000000000E-99   1.00000000000000E-99
196  102     1.00000000000000E-99   1.00000000000000E-99
197  102     1.00000000000000E-99   1.00000000000000E-99
198  102     1.00000000000000E-99   1.00000000000000E-99
199  102     1.00000000000000E-99   1.00000000000000E-99
200  102     1.00000000000000E-99   1.00000000000000E-99
201  102     1.00000000000000E-99   1.00000000000000E-99
202  102     1.00000000000000E-99   1.00000000000000E-99
203  102     1.00000000000000E-99   1.00000000000000E-99
204  102     1.00000000000000E-99   1.00000000000000E-99
205  102     1.00000000000000E-99   1.00000000000000E-99
206  102     1.00000000000000E-99   1.00000000000000E-99
207  102     1.00000000000000E-99   1.00000000000000E-99
208  102     1.00000000000000E-99   1.00000000000000E-99
209  102     1.00000000000000E-99   1.00000000000000E-99
210  102     1.00000000000000E-99   1.00000000000000E-99
211  102     1.00000000000000E-99   1.00000000000000E-99
212  102     1.00000000000000E-99   1.00000000000000E-99
213  102     1.00000000000000E-99   1.00000000000000E-99
214  102     1.00000000000000E-99   1.00000000000000E-99
215  102     1.00000000000000E-99   1.00000000000000E-99
216  102     1.00000000000000E-99   1.00000000000000E-99
217  102     1.00000000000000E-99   1.00000000000000E-99
218  102     1.00000000000000E-99   1.00000000000000E-99
219  102     1.00000000000000E-99   1.00000000000000E-99
221  102     1.00000000000000E-99   1.00000000000000E-99
223  102     1.00000000000000E-99   1.00000000000000E-99
225  102     1.00000000000000E-99   1.00000000000000E-99
227  102     1.00000000000000E-99   1.00000000000000E-99
229  102     1.00000000000000E-99   1.00000000000000E-99
153  103     1.00000000000000E-99   1.00000000000000E-99
154  103     1.00000000000000E-99   1.00000000000000E-99
155  103     1.00000000000000E-99   1.00000000000000E-99
156  103     1.00000000000000E-99   1.00000000000000E-99
157  103     1.00000000000000E-99   1.00000000000000E-99
158  103     1.00000000000000E-99   1.00000000000000E-99
159  103     1.00000000000000E-99   1.00000000000000E-99
160  103     1.00000000000000E-99   1.00000000000000E-99
161  103     1.00000000000000E-99   1.00000000000000E-99
162  103     1.00000000000000E-99   1.00000000000000E-99
163  103     1.00000000000000E-99   1.00000000000000E-99
164  103     1.00000000000000E-99   1.00000000000000E-99
165  103     1.00000000000000E-99   1.00000000000000E-99
166  103     1.00000000000000E-99   1.00000000000000E-99
167  103     1.00000000000000E-99   1.00000000000000E-99
168  103     1.00000000000000E-99   1.00000000000000E-99
169  103     1.00000000000000E-99   1.00000000000000E-99
170  103     1.00000000000000E-99   1.00000000000000E-99
171  103     1.00000000000000E-99   1.00000000000000E-99
172  103     1.00000000000000E-99   1.00000000000000E-99
173  103     1.00000000000000E-99   1.00000000000000E-99
174  103     1.00000000000000E-99   1.00000000000000E-99
175  103     1.00000000000000E-99   1.00000000000000E-99
176  103     1.00000000000000E-99   1.00000000000000E-99
177  103     1.00000000000000E-99   1.00000000000000E-99
178  103     1.00000000000000E-99   1.00000000000000E-99
179  103     1.00000000000000E-99   1.00000000000000E-99
180  103     1.00000000000000E-99   1.00000000000000E-99
181  103     1.00000000000000E-99   1.00000000000000E-99
182  103     1.00000000000000E-99   1.00000000000000E-99
183  103     1.00000000000000E-99   1.00000000000000E-99
184  103     1.00000000000000E-99   1.00000000000000E-99
185  103     1.00000000000000E-99   1.00000000000000E-99
186  103     1.00000000000000E-99   1.00000000000000E-99
187  103     1.00000000000000E-99   1.00000000000000E-99
188  103     1.00000000000000E-99   1.00000000000000E-99
189  103     1.00000000000000E-99   1.00000000000000E-99
190  103     1.00000000000000E-99   1.00000000000000E-99
191  103     1.00000000000000E-99   1.00000000000000E-99
192  103     1.00000000000000E-99   1.00000000000000E-99
193  103     1.00000000000000E-99   1.00000000000000E-99
194  103     1.00000000000000E-99   1.00000000000000E-99
195  103     1.00000000000000E-99   1.00000000000000E-99
196  103     1.00000000000000E-99   1.00000000000000E-99
197  103     1.00000000000000E-99   1.00000000000000E-99
198  103     1.00000000000000E-99   1.00000000000000E-99
199  103     1.00000000000000E-99   1.00000000000000E-99
200  103     1.00000000000000E-99   1.00000000000000E-99
201  103     1.00000000000000E-99   1.00000000000000E-99
202  103     1.00000000000000E-99   1.00000000000000E-99
203  103     1.00000000000000E-99   1.00000000000000E-99
204  103     1.00000000000000E-99   1.00000000000000E-99
205  103     1.00000000000000E-99   1.00000000000000E-99
206  103     1.00000000000000E-99   1.00000000000000E-99
207  103     1.00000000000000E-99   1.00000000000000E-99
208  103     1.00000000000000E-99   1.00000000000000E-99
209  103     1.00000000000000E-99   1.00000000000000E-99
210  103     1.00000000000000E-99   1.00000000000000E-99
211  103     1.00000000000000E-99   1.00000000000000E-99
212  103     1.00000000000000E-99   1.00000000000000E-99
213  103     1.00000000000000E-99   1.00000000000000E-99
214  103     1.00000000000000E-99   1.00000000000000E-99
215  103     1.00000000000000E-99   1.00000000000000E-99
216  103     1.00000000000000E-99   1.00000000000000E-99
217  103     1.00000000000000E-99   1.00000000000000E-99
218  103     1.00000000000000E-99   1.00000000000000E-99
219  103     1.00000000000000E-99   1.00000000000000E-99
220  103     1.00000000000000E-99   1.00000000000000E-99
221  103     1.00000000000000E-99   1.00000000000000E-99
222  103     1.00000000000000E-99   1.00000000000000E-99
223  103     1.00000000000000E-99   1.00000000000000E-99
225  103     1.00000000000000E-99   1.00000000000000E-99
229  103     1.00000000000000E-99   1.00000000000000E-99
231  103     1.00000000000000E-99   1.00000000000000E-99
156  104     1.00000000000000E-99   1.00000000000000E-99
157  104     1.00000000000000E-99   1.00000000000000E-99
158  104     1.00000000000000E-99   1.00000000000000E-99
159  104     1.00000000000000E-99   1.00000000000000E-99
160  104     1.00000000000000E-99   1.00000000000000E-99
161  104     1.00000000000000E-99   1.00000000000000E-99
162  104     1.00000000000000E-99   1.00000000000000E-99
163  104     1.00000000000000E-99   1.00000000000000E-99
164  104     1.00000000000000E-99   1.00000000000000E-99
165  104     1.00000000000000E-99   1.00000000000000E-99
166  104     1.00000000000000E-99   1.00000000000000E-99
167  104     1.00000000000000E-99   1.00000000000000E-99
168  104     1.00000000000000E-99   1.00000000000000E-99
169  104     1.00000000000000E-99   1.00000000000000E-99
170  104     1.00000000000000E-99   1.00000000000000E-99
171  104     1.00000000000000E-99   1.00000000000000E-99
172  104     1.00000000000000E-99   1.00000000000000E-99
173  104     1.00000000000000E-99   1.00000000000000E-99
174  104     1.00000000000000E-99   1.00000000000000E-99
175  104     1.00000000000000E-99   1.00000000000000E-99
176  104     1.00000000000000E-99   1.00000000000000E-99
177  104     1.00000000000000E-99   1.00000000000000E-99
178  104     1.00000000000000E-99   1.00000000000000E-99
179  104     1.00000000000000E-99   1.00000000000000E-99
180  104     1.00000000000000E-99   1.00000000000000E-99
181  104     1.00000000000000E-99   1.00000000000000E-99
182  104     1.00000000000000E-99   1.00000000000000E-99
183  104     1.00000000000000E-99   1.00000000000000E-99
184  104     1.00000000000000E-99   1.00000000000000E-99
185  104     1.00000000000000E-99   1.00000000000000E-99
186  104     1.00000000000000E-99   1.00000000000000E-99
187  104     1.00000000000000E-99   1.00000000000000E-99
188  104     1.00000000000000E-99   1.00000000000000E-99
189  104     1.00000000000000E-99   1.00000000000000E-99
190  104     1.00000000000000E-99   1.00000000000000E-99
191  104     1.00000000000000E-99   1.00000000000000E-99
192  104     1.00000000000000E-99   1.00000000000000E-99
193  104     1.00000000000000E-99   1.00000000000000E-99
194  104     1.00000000000000E-99   1.00000000000000E-99
195  104     1.00000000000000E-99   1.00000000000000E-99
196  104     1.00000000000000E-99   1.00000000000000E-99
197  104     1.00000000000000E-99   1.00000000000000E-99
198  104     1.00000000000000E-99   1.00000000000000E-99
199  104     1.00000000000000E-99   1.00000000000000E-99
200  104     1.00000000000000E-99   1.00000000000000E-99
201  104     1.00000000000000E-99   1.00000000000000E-99
202  104     1.00000000000000E-99   1.00000000000000E-99
203  104     1.00000000000000E-99   1.00000000000000E-99
204  104     1.00000000000000E-99   1.00000000000000E-99
205  104     1.00000000000000E-99   1.00000000000000E-99
206  104     1.00000000000000E-99   1.00000000000000E-99
207  104     1.00000000000000E-99   1.00000000000000E-99
208  104     1.00000000000000E-99   1.00000000000000E-99
209  104     1.00000000000000E-99   1.00000000000000E-99
210  104     1.00000000000000E-99   1.00000000000000E-99
211  104     1.00000000000000E-99   1.00000000000000E-99
212  104     1.00000000000000E-99   1.00000000000000E-99
213  104     1.00000000000000E-99   1.00000000000000E-99
214  104     1.00000000000000E-99   1.00000000000000E-99
215  104     1.00000000000000E-99   1.00000000000000E-99
216  104     1.00000000000000E-99   1.00000000000000E-99
217  104     1.00000000000000E-99   1.00000000000000E-99
218  104     1.00000000000000E-99   1.00000000000000E-99
219  104     1.00000000000000E-99   1.00000000000000E-99
220  104     1.00000000000000E-99   1.00000000000000E-99
221  104     1.00000000000000E-99   1.00000000000000E-99
222  104     1.00000000000000E-99   1.00000000000000E-99
223  104     1.00000000000000E-99   1.00000000000000E-99
225  104     1.00000000000000E-99   1.00000000000000E-99
229  104     1.00000000000000E-99   1.00000000000000E-99
231  104     1.00000000000000E-99   1.00000000000000E-99
233  104     1.00000000000000E-99   1.00000000000000E-99
157  105     1.00000000000000E-99   1.00000000000000E-99
158  105     1.00000000000000E-99   1.00000000000000E-99
159  105     1.00000000000000E-99   1.00000000000000E-99
160  105     1.00000000000000E-99   1.00000000000000E-99
161  105     1.00000000000000E-99   1.00000000000000E-99
162  105     1.00000000000000E-99   1.00000000000000E-99
163  105     1.00000000000000E-99   1.00000000000000E-99
164  105     1.00000000000000E-99   1.00000000000000E-99
165  105     1.00000000000000E-99   1.00000000000000E-99
166  105     1.00000000000000E-99   1.00000000000000E-99
167  105     1.00000000000000E-99   1.00000000000000E-99
168  105     1.00000000000000E-99   1.00000000000000E-99
169  105     1.00000000000000E-99   1.00000000000000E-99
170  105     1.00000000000000E-99   1.00000000000000E-99
171  105     1.00000000000000E-99   1.00000000000000E-99
172  105     1.00000000000000E-99   1.00000000000000E-99
173  105     1.00000000000000E-99   1.00000000000000E-99
174  105     1.00000000000000E-99   1.00000000000000E-99
175  105     1.00000000000000E-99   1.00000000000000E-99
176  105     1.00000000000000E-99   1.00000000000000E-99
177  105     1.00000000000000E-99   1.00000000000000E-99
178  105     1.00000000000000E-99   1.00000000000000E-99
179  105     1.00000000000000E-99   1.00000000000000E-99
180  105     1.00000000000000E-99   1.00000000000000E-99
181  105     1.00000000000000E-99   1.00000000000000E-99
182  105     1.00000000000000E-99   1.00000000000000E-99
183  105     1.00000000000000E-99   1.00000000000000E-99
184  105     1.00000000000000E-99   1.00000000000000E-99
185  105     1.00000000000000E-99   1.00000000000000E-99
186  105     1.00000000000000E-99   1.00000000000000E-99
187  105     1.00000000000000E-99   1.00000000000000E-99
188  105     1.00000000000000E-99   1.00000000000000E-99
189  105     1.00000000000000E-99   1.00000000000000E-99
190  105     1.00000000000000E-99   1.00000000000000E-99
191  105     1.00000000000000E-99   1.00000000000000E-99
192  105     1.00000000000000E-99   1.00000000000000E-99
193  105     1.00000000000000E-99   1.00000000000000E-99
194  105     1.00000000000000E-99   1.00000000000000E-99
195  105     1.00000000000000E-99   1.00000000000000E-99
196  105     1.00000000000000E-99   1.00000000000000E-99
197  105     1.00000000000000E-99   1.00000000000000E-99
198  105     1.00000000000000E-99   1.00000000000000E-99
199  105     1.00000000000000E-99   1.00000000000000E-99
200  105     1.00000000000000E-99   1.00000000000000E-99
201  105     1.00000000000000E-99   1.00000000000000E-99
202  105     1.00000000000000E-99   1.00000000000000E-99
203  105     1.00000000000000E-99   1.00000000000000E-99
204  105     1.00000000000000E-99   1.00000000000000E-99
205  105     1.00000000000000E-99   1.00000000000000E-99
206  105     1.00000000000000E-99   1.00000000000000E-99
207  105     1.00000000000000E-99   1.00000000000000E-99
208  105     1.00000000000000E-99   1.00000000000000E-99
209  105     1.00000000000000E-99   1.00000000000000E-99
210  105     1.00000000000000E-99   1.00000000000000E-99
211  105     1.00000000000000E-99   1.00000000000000E-99
212  105     1.00000000000000E-99   1.00000000000000E-99
213  105     1.00000000000000E-99   1.00000000000000E-99
214  105     1.00000000000000E-99   1.00000000000000E-99
215  105     1.00000000000000E-99   1.00000000000000E-99
216  105     1.00000000000000E-99   1.00000000000000E-99
217  105     1.00000000000000E-99   1.00000000000000E-99
218  105     1.00000000000000E-99   1.00000000000000E-99
219  105     1.00000000000000E-99   1.00000000000000E-99
220  105     1.00000000000000E-99   1.00000000000000E-99
221  105     1.00000000000000E-99   1.00000000000000E-99
222  105     1.00000000000000E-99   1.00000000000000E-99
223  105     1.00000000000000E-99   1.00000000000000E-99
224  105     1.00000000000000E-99   1.00000000000000E-99
225  105     1.00000000000000E-99   1.00000000000000E-99
228  105     1.00000000000000E-99   1.00000000000000E-99
229  105     1.00000000000000E-99   1.00000000000000E-99
231  105     1.00000000000000E-99   1.00000000000000E-99
160  106     1.00000000000000E-99   1.00000000000000E-99
161  106     1.00000000000000E-99   1.00000000000000E-99
162  106     1.00000000000000E-99   1.00000000000000E-99
163  106     1.00000000000000E-99   1.00000000000000E-99
164  106     1.00000000000000E-99   1.00000000000000E-99
165  106     1.00000000000000E-99   1.00000000000000E-99
166  106     1.00000000000000E-99   1.00000000000000E-99
167  106     1.00000000000000E-99   1.00000000000000E-99
168  106     1.00000000000000E-99   1.00000000000000E-99
169  106     1.00000000000000E-99   1.00000000000000E-99
170  106     1.00000000000000E-99   1.00000000000000E-99
171  106     1.00000000000000E-99   1.00000000000000E-99
172  106     1.00000000000000E-99   1.00000000000000E-99
173  106     1.00000000000000E-99   1.00000000000000E-99
174  106     1.00000000000000E-99   1.00000000000000E-99
175  106     1.00000000000000E-99   1.00000000000000E-99
176  106     1.00000000000000E-99   1.00000000000000E-99
177  106     1.00000000000000E-99   1.00000000000000E-99
178  106     1.00000000000000E-99   1.00000000000000E-99
179  106     1.00000000000000E-99   1.00000000000000E-99
180  106     1.00000000000000E-99   1.00000000000000E-99
181  106     1.00000000000000E-99   1.00000000000000E-99
182  106     1.00000000000000E-99   1.00000000000000E-99
183  106     1.00000000000000E-99   1.00000000000000E-99
184  106     1.00000000000000E-99   1.00000000000000E-99
185  106     1.00000000000000E-99   1.00000000000000E-99
186  106     1.00000000000000E-99   1.00000000000000E-99
187  106     1.00000000000000E-99   1.00000000000000E-99
188  106     1.00000000000000E-99   1.00000000000000E-99
189  106     1.00000000000000E-99   1.00000000000000E-99
190  106     1.00000000000000E-99   1.00000000000000E-99
191  106     1.00000000000000E-99   1.00000000000000E-99
192  106     1.00000000000000E-99   1.00000000000000E-99
193  106     1.00000000000000E-99   1.00000000000000E-99
194  106     1.00000000000000E-99   1.00000000000000E-99
195  106     1.00000000000000E-99   1.00000000000000E-99
196  106     1.00000000000000E-99   1.00000000000000E-99
197  106     1.00000000000000E-99   1.00000000000000E-99
198  106     1.00000000000000E-99   1.00000000000000E-99
199  106     1.00000000000000E-99   1.00000000000000E-99
200  106     1.00000000000000E-99   1.00000000000000E-99
201  106     1.00000000000000E-99   1.00000000000000E-99
202  106     1.00000000000000E-99   1.00000000000000E-99
203  106     1.00000000000000E-99   1.00000000000000E-99
204  106     1.00000000000000E-99   1.00000000000000E-99
205  106     1.00000000000000E-99   1.00000000000000E-99
206  106     1.00000000000000E-99   1.00000000000000E-99
207  106     1.00000000000000E-99   1.00000000000000E-99
208  106     1.00000000000000E-99   1.00000000000000E-99
209  106     1.00000000000000E-99   1.00000000000000E-99
210  106     1.00000000000000E-99   1.00000000000000E-99
211  106     1.00000000000000E-99   1.00000000000000E-99
212  106     1.00000000000000E-99   1.00000000000000E-99
213  106     1.00000000000000E-99   1.00000000000000E-99
214  106     1.00000000000000E-99   1.00000000000000E-99
215  106     1.00000000000000E-99   1.00000000000000E-99
216  106     1.00000000000000E-99   1.00000000000000E-99
217  106     1.00000000000000E-99   1.00000000000000E-99
218  106     1.00000000000000E-99   1.00000000000000E-99
219  106     1.00000000000000E-99   1.00000000000000E-99
220  106     1.00000000000000E-99   1.00000000000000E-99
221  106     1.00000000000000E-99   1.00000000000000E-99
222  106     1.00000000000000E-99   1.00000000000000E-99
223  106     1.00000000000000E-99   1.00000000000000E-99
224  106     1.00000000000000E-99   1.00000000000000E-99
225  106     1.00000000000000E-99   1.00000000000000E-99
227  106     1.00000000000000E-99   1.00000000000000E-99
228  106     1.00000000000000E-99   1.00000000000000E-99
229  106     1.00000000000000E-99   1.00000000000000E-99
231  106     1.00000000000000E-99   1.00000000000000E-99
162  107     1.00000000000000E-99   1.00000000000000E-99
163  107     1.00000000000000E-99   1.00000000000000E-99
164  107     1.00000000000000E-99   1.00000000000000E-99
165  107     1.00000000000000E-99   1.00000000000000E-99
166  107     1.00000000000000E-99   1.00000000000000E-99
167  107     1.00000000000000E-99   1.00000000000000E-99
168  107     1.00000000000000E-99   1.00000000000000E-99
169  107     1.00000000000000E-99   1.00000000000000E-99
170  107     1.00000000000000E-99   1.00000000000000E-99
171  107     1.00000000000000E-99   1.00000000000000E-99
172  107     1.00000000000000E-99   1.00000000000000E-99
173  107     1.00000000000000E-99   1.00000000000000E-99
174  107     1.00000000000000E-99   1.00000000000000E-99
175  107     1.00000000000000E-99   1.00000000000000E-99
176  107     1.00000000000000E-99   1.00000000000000E-99
177  107     1.00000000000000E-99   1.00000000000000E-99
178  107     1.00000000000000E-99   1.00000000000000E-99
179  107     1.00000000000000E-99   1.00000000000000E-99
180  107     1.00000000000000E-99   1.00000000000000E-99
181  107     1.00000000000000E-99   1.00000000000000E-99
182  107     1.00000000000000E-99   1.00000000000000E-99
183  107     1.00000000000000E-99   1.00000000000000E-99
184  107     1.00000000000000E-99   1.00000000000000E-99
185  107     1.00000000000000E-99   1.00000000000000E-99
186  107     1.00000000000000E-99   1.00000000000000E-99
187  107     1.00000000000000E-99   1.00000000000000E-99
188  107     1.00000000000000E-99   1.00000000000000E-99
189  107     1.00000000000000E-99   1.00000000000000E-99
190  107     1.00000000000000E-99   1.00000000000000E-99
191  107     1.00000000000000E-99   1.00000000000000E-99
192  107     1.00000000000000E-99   1.00000000000000E-99
193  107     1.00000000000000E-99   1.00000000000000E-99
194  107     1.00000000000000E-99   1.00000000000000E-99
195  107     1.00000000000000E-99   1.00000000000000E-99
196  107     1.00000000000000E-99   1.00000000000000E-99
197  107     1.00000000000000E-99   1.00000000000000E-99
198  107     1.00000000000000E-99   1.00000000000000E-99
199  107     1.00000000000000E-99   1.00000000000000E-99
200  107     1.00000000000000E-99   1.00000000000000E-99
201  107     1.00000000000000E-99   1.00000000000000E-99
202  107     1.00000000000000E-99   1.00000000000000E-99
203  107     1.00000000000000E-99   1.00000000000000E-99
204  107     1.00000000000000E-99   1.00000000000000E-99
205  107     1.00000000000000E-99   1.00000000000000E-99
206  107     1.00000000000000E-99   1.00000000000000E-99
207  107     1.00000000000000E-99   1.00000000000000E-99
208  107     1.00000000000000E-99   1.00000000000000E-99
209  107     1.00000000000000E-99   1.00000000000000E-99
210  107     1.00000000000000E-99   1.00000000000000E-99
211  107     1.00000000000000E-99   1.00000000000000E-99
212  107     1.00000000000000E-99   1.00000000000000E-99
213  107     1.00000000000000E-99   1.00000000000000E-99
214  107     1.00000000000000E-99   1.00000000000000E-99
215  107     1.00000000000000E-99   1.00000000000000E-99
216  107     1.00000000000000E-99   1.00000000000000E-99
217  107     1.00000000000000E-99   1.00000000000000E-99
218  107     1.00000000000000E-99   1.00000000000000E-99
219  107     1.00000000000000E-99   1.00000000000000E-99
220  107     1.00000000000000E-99   1.00000000000000E-99
221  107     1.00000000000000E-99   1.00000000000000E-99
222  107     1.00000000000000E-99   1.00000000000000E-99
223  107     1.00000000000000E-99   1.00000000000000E-99
224  107     1.00000000000000E-99   1.00000000000000E-99
225  107     1.00000000000000E-99   1.00000000000000E-99
227  107     1.00000000000000E-99   1.00000000000000E-99
228  107     1.00000000000000E-99   1.00000000000000E-99
229  107     1.00000000000000E-99   1.00000000000000E-99
230  107     1.00000000000000E-99   1.00000000000000E-99
165  108     1.00000000000000E-99   1.00000000000000E-99
166  108     1.00000000000000E-99   1.00000000000000E-99
167  108     1.00000000000000E-99   1.00000000000000E-99
168  108     1.00000000000000E-99   1.00000000000000E-99
169  108     1.00000000000000E-99   1.00000000000000E-99
170  108     1.00000000000000E-99   1.00000000000000E-99
171  108     1.00000000000000E-99   1.00000000000000E-99
172  108     1.00000000000000E-99   1.00000000000000E-99
173  108     1.00000000000000E-99   1.00000000000000E-99
174  108     1.00000000000000E-99   1.00000000000000E-99
175  108     1.00000000000000E-99   1.00000000000000E-99
176  108     1.00000000000000E-99   1.00000000000000E-99
177  108     1.00000000000000E-99   1.00000000000000E-99
178  108     1.00000000000000E-99   1.00000000000000E-99
179  108     1.00000000000000E-99   1.00000000000000E-99
180  108     1.00000000000000E-99   1.00000000000000E-99
181  108     1.00000000000000E-99   1.00000000000000E-99
182  108     1.00000000000000E-99   1.00000000000000E-99
183  108     1.00000000000000E-99   1.00000000000000E-99
184  108     1.00000000000000E-99   1.00000000000000E-99
185  108     1.00000000000000E-99   1.00000000000000E-99
186  108     1.00000000000000E-99   1.00000000000000E-99
187  108     1.00000000000000E-99   1.00000000000000E-99
188  108     1.00000000000000E-99   1.00000000000000E-99
189  108     1.00000000000000E-99   1.00000000000000E-99
190  108     1.00000000000000E-99   1.00000000000000E-99
191  108     1.00000000000000E-99   1.00000000000000E-99
192  108     1.00000000000000E-99   1.00000000000000E-99
193  108     1.00000000000000E-99   1.00000000000000E-99
194  108     1.00000000000000E-99   1.00000000000000E-99
195  108     1.00000000000000E-99   1.00000000000000E-99
196  108     1.00000000000000E-99   1.00000000000000E-99
197  108     1.00000000000000E-99   1.00000000000000E-99
198  108     1.00000000000000E-99   1.00000000000000E-99
199  108     1.00000000000000E-99   1.00000000000000E-99
200  108     1.00000000000000E-99   1.00000000000000E-99
201  108     1.00000000000000E-99   1.00000000000000E-99
202  108     1.00000000000000E-99   1.00000000000000E-99
203  108     1.00000000000000E-99   1.00000000000000E-99
204  108     1.00000000000000E-99   1.00000000000000E-99
205  108     1.00000000000000E-99   1.00000000000000E-99
206  108     1.00000000000000E-99   1.00000000000000E-99
207  108     1.00000000000000E-99   1.00000000000000E-99
208  108     1.00000000000000E-99   1.00000000000000E-99
209  108     1.00000000000000E-99   1.00000000000000E-99
210  108     1.00000000000000E-99   1.00000000000000E-99
211  108     1.00000000000000E-99   1.00000000000000E-99
212  108     1.00000000000000E-99   1.00000000000000E-99
213  108     1.00000000000000E-99   1.00000000000000E-99
214  108     1.00000000000000E-99   1.00000000000000E-99
215  108     1.00000000000000E-99   1.00000000000000E-99
216  108     1.00000000000000E-99   1.00000000000000E-99
217  108     1.00000000000000E-99   1.00000000000000E-99
218  108     1.00000000000000E-99   1.00000000000000E-99
219  108     1.00000000000000E-99   1.00000000000000E-99
221  108     1.00000000000000E-99   1.00000000000000E-99
222  108     1.00000000000000E-99   1.00000000000000E-99
223  108     1.00000000000000E-99   1.00000000000000E-99
224  108     1.00000000000000E-99   1.00000000000000E-99
226  108     1.00000000000000E-99   1.00000000000000E-99
227  108     1.00000000000000E-99   1.00000000000000E-99
228  108     1.00000000000000E-99   1.00000000000000E-99
229  108     1.00000000000000E-99   1.00000000000000E-99
166  109     1.00000000000000E-99   1.00000000000000E-99
167  109     1.00000000000000E-99   1.00000000000000E-99
168  109     1.00000000000000E-99   1.00000000000000E-99
169  109     1.00000000000000E-99   1.00000000000000E-99
170  109     1.00000000000000E-99   1.00000000000000E-99
171  109     1.00000000000000E-99   1.00000000000000E-99
172  109     1.00000000000000E-99   1.00000000000000E-99
173  109     1.00000000000000E-99   1.00000000000000E-99
174  109     1.00000000000000E-99   1.00000000000000E-99
175  109     1.00000000000000E-99   1.00000000000000E-99
176  109     1.00000000000000E-99   1.00000000000000E-99
177  109     1.00000000000000E-99   1.00000000000000E-99
178  109     1.00000000000000E-99   1.00000000000000E-99
179  109     1.00000000000000E-99   1.00000000000000E-99
180  109     1.00000000000000E-99   1.00000000000000E-99
181  109     1.00000000000000E-99   1.00000000000000E-99
182  109     1.00000000000000E-99   1.00000000000000E-99
183  109     1.00000000000000E-99   1.00000000000000E-99
184  109     1.00000000000000E-99   1.00000000000000E-99
185  109     1.00000000000000E-99   1.00000000000000E-99
186  109     1.00000000000000E-99   1.00000000000000E-99
187  109     1.00000000000000E-99   1.00000000000000E-99
188  109     1.00000000000000E-99   1.00000000000000E-99
189  109     1.00000000000000E-99   1.00000000000000E-99
190  109     1.00000000000000E-99   1.00000000000000E-99
191  109     1.00000000000000E-99   1.00000000000000E-99
192  109     1.00000000000000E-99   1.00000000000000E-99
193  109     1.00000000000000E-99   1.00000000000000E-99
194  109     1.00000000000000E-99   1.00000000000000E-99
195  109     1.00000000000000E-99   1.00000000000000E-99
196  109     1.00000000000000E-99   1.00000000000000E-99
197  109     1.00000000000000E-99   1.00000000000000E-99
198  109     1.00000000000000E-99   1.00000000000000E-99
199  109     1.00000000000000E-99   1.00000000000000E-99
200  109     1.00000000000000E-99   1.00000000000000E-99
201  109     1.00000000000000E-99   1.00000000000000E-99
202  109     1.00000000000000E-99   1.00000000000000E-99
203  109     1.00000000000000E-99   1.00000000000000E-99
204  109     1.00000000000000E-99   1.00000000000000E-99
205  109     1.00000000000000E-99   1.00000000000000E-99
206  109     1.00000000000000E-99   1.00000000000000E-99
207  109     1.00000000000000E-99   1.00000000000000E-99
208  109     1.00000000000000E-99   1.00000000000000E-99
209  109     1.00000000000000E-99   1.00000000000000E-99
210  109     1.00000000000000E-99   1.00000000000000E-99
211  109     1.00000000000000E-99   1.00000000000000E-99
212  109     1.00000000000000E-99   1.00000000000000E-99
213  109     1.00000000000000E-99   1.00000000000000E-99
214  109     1.00000000000000E-99   1.00000000000000E-99
215  109     1.00000000000000E-99   1.00000000000000E-99
216  109     1.00000000000000E-99   1.00000000000000E-99
217  109     1.00000000000000E-99   1.00000000000000E-99
218  109     1.00000000000000E-99   1.00000000000000E-99
220  109     1.00000000000000E-99   1.00000000000000E-99
221  109     1.00000000000000E-99   1.00000000000000E-99
222  109     1.00000000000000E-99   1.00000000000000E-99
223  109     1.00000000000000E-99   1.00000000000000E-99
224  109     1.00000000000000E-99   1.00000000000000E-99
225  109     1.00000000000000E-99   1.00000000000000E-99
226  109     1.00000000000000E-99   1.00000000000000E-99
227  109     1.00000000000000E-99   1.00000000000000E-99
228  109     1.00000000000000E-99   1.00000000000000E-99
169  110     1.00000000000000E-99   1.00000000000000E-99
170  110     1.00000000000000E-99   1.00000000000000E-99
171  110     1.00000000000000E-99   1.00000000000000E-99
172  110     1.00000000000000E-99   1.00000000000000E-99
173  110     1.00000000000000E-99   1.00000000000000E-99
174  110     1.00000000000000E-99   1.00000000000000E-99
175  110     1.00000000000000E-99   1.00000000000000E-99
176  110     1.00000000000000E-99   1.00000000000000E-99
177  110     1.00000000000000E-99   1.00000000000000E-99
178  110     1.00000000000000E-99   1.00000000000000E-99
179  110     1.00000000000000E-99   1.00000000000000E-99
180  110     1.00000000000000E-99   1.00000000000000E-99
181  110     1.00000000000000E-99   1.00000000000000E-99
182  110     1.00000000000000E-99   1.00000000000000E-99
183  110     1.00000000000000E-99   1.00000000000000E-99
184  110     1.00000000000000E-99   1.00000000000000E-99
185  110     1.00000000000000E-99   1.00000000000000E-99
186  110     1.00000000000000E-99   1.00000000000000E-99
187  110     1.00000000000000E-99   1.00000000000000E-99
188  110     1.00000000000000E-99   1.00000000000000E-99
189  110     1.00000000000000E-99   1.00000000000000E-99
190  110     1.00000000000000E-99   1.00000000000000E-99
191  110     1.00000000000000E-99   1.00000000000000E-99
192  110     1.00000000000000E-99   1.00000000000000E-99
193  110     1.00000000000000E-99   1.00000000000000E-99
194  110     1.00000000000000E-99   1.00000000000000E-99
195  110     1.00000000000000E-99   1.00000000000000E-99
196  110     1.00000000000000E-99   1.00000000000000E-99
197  110     1.00000000000000E-99   1.00000000000000E-99
198  110     1.00000000000000E-99   1.00000000000000E-99
199  110     1.00000000000000E-99   1.00000000000000E-99
200  110     1.00000000000000E-99   1.00000000000000E-99
201  110     1.00000000000000E-99   1.00000000000000E-99
202  110     1.00000000000000E-99   1.00000000000000E-99
203  110     1.00000000000000E-99   1.00000000000000E-99
204  110     1.00000000000000E-99   1.00000000000000E-99
205  110     1.00000000000000E-99   1.00000000000000E-99
206  110     1.00000000000000E-99   1.00000000000000E-99
207  110     1.00000000000000E-99   1.00000000000000E-99
208  110     1.00000000000000E-99   1.00000000000000E-99
209  110     1.00000000000000E-99   1.00000000000000E-99
210  110     1.00000000000000E-99   1.00000000000000E-99
211  110     1.00000000000000E-99   1.00000000000000E-99
212  110     1.00000000000000E-99   1.00000000000000E-99
213  110     1.00000000000000E-99   1.00000000000000E-99
214  110     1.00000000000000E-99   1.00000000000000E-99
215  110     1.00000000000000E-99   1.00000000000000E-99
216  110     1.00000000000000E-99   1.00000000000000E-99
217  110     1.00000000000000E-99   1.00000000000000E-99
218  110     1.00000000000000E-99   1.00000000000000E-99
219  110     1.00000000000000E-99   1.00000000000000E-99
220  110     1.00000000000000E-99   1.00000000000000E-99
221  110     1.00000000000000E-99   1.00000000000000E-99
222  110     1.00000000000000E-99   1.00000000000000E-99
223  110     1.00000000000000E-99   1.00000000000000E-99
224  110     1.00000000000000E-99   1.00000000000000E-99
225  110     1.00000000000000E-99   1.00000000000000E-99
226  110     1.00000000000000E-99   1.00000000000000E-99
227  110     1.00000000000000E-99   1.00000000000000E-99
172  111     1.00000000000000E-99   1.00000000000000E-99
173  111     1.00000000000000E-99   1.00000000000000E-99
174  111     1.00000000000000E-99   1.00000000000000E-99
175  111     1.00000000000000E-99   1.00000000000000E-99
176  111     1.00000000000000E-99   1.00000000000000E-99
177  111     1.00000000000000E-99   1.00000000000000E-99
178  111     1.00000000000000E-99   1.00000000000000E-99
179  111     1.00000000000000E-99   1.00000000000000E-99
180  111     1.00000000000000E-99   1.00000000000000E-99
181  111     1.00000000000000E-99   1.00000000000000E-99
182  111     1.00000000000000E-99   1.00000000000000E-99
183  111     1.00000000000000E-99   1.00000000000000E-99
184  111     1.00000000000000E-99   1.00000000000000E-99
185  111     1.00000000000000E-99   1.00000000000000E-99
186  111     1.00000000000000E-99   1.00000000000000E-99
187  111     1.00000000000000E-99   1.00000000000000E-99
188  111     1.00000000000000E-99   1.00000000000000E-99
189  111     1.00000000000000E-99   1.00000000000000E-99
190  111     1.00000000000000E-99   1.00000000000000E-99
191  111     1.00000000000000E-99   1.00000000000000E-99
192  111     1.00000000000000E-99   1.00000000000000E-99
193  111     1.00000000000000E-99   1.00000000000000E-99
194  111     1.00000000000000E-99   1.00000000000000E-99
195  111     1.00000000000000E-99   1.00000000000000E-99
196  111     1.00000000000000E-99   1.00000000000000E-99
197  111     1.00000000000000E-99   1.00000000000000E-99
198  111     1.00000000000000E-99   1.00000000000000E-99
199  111     1.00000000000000E-99   1.00000000000000E-99
200  111     1.00000000000000E-99   1.00000000000000E-99
201  111     1.00000000000000E-99   1.00000000000000E-99
202  111     1.00000000000000E-99   1.00000000000000E-99
203  111     1.00000000000000E-99   1.00000000000000E-99
204  111     1.00000000000000E-99   1.00000000000000E-99
205  111     1.00000000000000E-99   1.00000000000000E-99
206  111     1.00000000000000E-99   1.00000000000000E-99
207  111     1.00000000000000E-99   1.00000000000000E-99
208  111     1.00000000000000E-99   1.00000000000000E-99
209  111     1.00000000000000E-99   1.00000000000000E-99
210  111     1.00000000000000E-99   1.00000000000000E-99
211  111     1.00000000000000E-99   1.00000000000000E-99
212  111     1.00000000000000E-99   1.00000000000000E-99
213  111     1.00000000000000E-99   1.00000000000000E-99
214  111     1.00000000000000E-99   1.00000000000000E-99
215  111     1.00000000000000E-99   1.00000000000000E-99
216  111     1.00000000000000E-99   1.00000000000000E-99
217  111     1.00000000000000E-99   1.00000000000000E-99
218  111     1.00000000000000E-99   1.00000000000000E-99
219  111     1.00000000000000E-99   1.00000000000000E-99
220  111     1.00000000000000E-99   1.00000000000000E-99
221  111     1.00000000000000E-99   1.00000000000000E-99
222  111     1.00000000000000E-99   1.00000000000000E-99
223  111     1.00000000000000E-99   1.00000000000000E-99
224  111     1.00000000000000E-99   1.00000000000000E-99
225  111     1.00000000000000E-99   1.00000000000000E-99
226  111     1.00000000000000E-99   1.00000000000000E-99
