    time    temp    dens
   6.31899179783096E-03   1.86726527239471E-01   1.56592721373832E+09
     nin     zin       y       x
  1    0     8.73273026002539E-01   8.73273026002539E-01
  0    1     2.05247744015593E-17   2.05247744015593E-17
  1    1     2.21241302527390E-15   4.42482605054780E-15
  2    1     6.75769592043406E-10   2.02730877613022E-09
  1    2     1.00000000000000E-99   1.00000000000000E-99
  2    2     1.55572514322577E-08   6.22290057290306E-08
  4    2     2.73242509338894E-07   1.63945505603337E-06
  3    3     1.02528835404207E-24   6.15173012425243E-24
  4    3     6.78767204608174E-21   4.75137043225722E-20
  5    3     1.34115881582599E-20   1.07292705266079E-19
  6    3     2.44203861101794E-10   2.19783474991615E-09
  3    4     1.00000000000000E-99   1.00000000000000E-99
  5    4     1.40147620542128E-16   1.26132858487915E-15
  6    4     4.14436975106656E-16   4.14436975106656E-15
  7    4     4.98343655223497E-16   5.48178020745846E-15
  8    4     1.19778750771958E-06   1.43734500926349E-05
  3    5     1.00000000000000E-99   1.00000000000000E-99
  5    5     1.00000000000000E-99   1.00000000000000E-99
  6    5     3.16152001678012E-20   3.47767201845813E-19
  7    5     1.53564929339199E-17   1.84277915207039E-16
  8    5     3.05540430626302E-15   3.97202559814193E-14
  9    5     9.58930712202211E-08   1.34250299708310E-06
  3    6     1.00000000000000E-99   1.00000000000000E-99
  4    6     1.00000000000000E-99   1.00000000000000E-99
  5    6     1.00000000000000E-99   1.00000000000000E-99
  6    6     1.00000000000000E-99   1.00000000000000E-99
  7    6     1.00000000000000E-99   1.00000000000000E-99
  8    6     5.51549014619341E-18   7.72168620467078E-17
  9    6     3.94986716919491E-17   5.92480075379236E-16
 10    6     5.69019569373661E-17   9.10431310997858E-16
 11    6     9.77298633325284E-09   1.66140767665298E-07
 12    6     1.00000000000000E-99   1.00000000000000E-99
  4    7     1.00000000000000E-99   1.00000000000000E-99
  5    7     1.00000000000000E-99   1.00000000000000E-99
  6    7     1.00000000000000E-99   1.00000000000000E-99
  7    7     1.00000000000000E-99   1.00000000000000E-99
  8    7     1.00000000000000E-99   1.00000000000000E-99
  9    7     3.47525883702170E-20   5.56041413923472E-19
 10    7     4.72399848429766E-19   8.03079742330603E-18
 11    7     4.25598217842708E-19   7.66076792116875E-18
 12    7     8.92646674135796E-20   1.69602868085801E-18
 13    7     4.78146512615059E-11   9.56293025230117E-10
 14    7     1.00000000000000E-99   1.00000000000000E-99
  5    8     1.00000000000000E-99   1.00000000000000E-99
  6    8     1.00000000000000E-99   1.00000000000000E-99
  7    8     1.00000000000000E-99   1.00000000000000E-99
  8    8     1.00000000000000E-99   1.00000000000000E-99
  9    8     1.00000000000000E-99   1.00000000000000E-99
 10    8     1.00000000000000E-99   1.00000000000000E-99
 11    8     1.96966279608163E-24   3.74235931255510E-23
 12    8     7.82332625237902E-22   1.56466525047580E-20
 13    8     5.48534148977376E-20   1.15192171285249E-18
 14    8     2.66118190738030E-13   5.85460019623665E-12
  5    9     1.00000000000000E-99   1.00000000000000E-99
  6    9     1.00000000000000E-99   1.00000000000000E-99
  7    9     1.00000000000000E-99   1.00000000000000E-99
  8    9     1.00000000000000E-99   1.00000000000000E-99
  9    9     1.00000000000000E-99   1.00000000000000E-99
 10    9     1.00000000000000E-99   1.00000000000000E-99
 11    9     1.00000000000000E-99   1.00000000000000E-99
 12    9     1.00000000000000E-99   1.00000000000000E-99
 13    9     1.63821944918336E-24   3.60408278820338E-23
 14    9     1.00000000000000E-99   1.00000000000000E-99
 15    9     2.67573742450536E-25   6.42176981881287E-24
 16    9     1.61362806248429E-25   4.03407015621072E-24
 17    9     7.06017708196942E-17   1.83564604131205E-15
  7   10     1.00000000000000E-99   1.00000000000000E-99
  8   10     1.00000000000000E-99   1.00000000000000E-99
  9   10     1.00000000000000E-99   1.00000000000000E-99
 10   10     1.00000000000000E-99   1.00000000000000E-99
 11   10     1.00000000000000E-99   1.00000000000000E-99
 12   10     1.00000000000000E-99   1.00000000000000E-99
 13   10     1.00000000000000E-99   1.00000000000000E-99
 14   10     1.00000000000000E-99   1.00000000000000E-99
 15   10     1.00000000000000E-99   1.00000000000000E-99
 16   10     1.00000000000000E-99   1.00000000000000E-99
 17   10     1.00000000000000E-99   1.00000000000000E-99
 18   10     1.00000000000000E-99   1.00000000000000E-99
 19   10     1.00000000000000E-99   1.00000000000000E-99
 20   10     1.00000000000000E-99   1.00000000000000E-99
 21   10     1.00000000000000E-99   1.00000000000000E-99
 22   10     3.48614311359876E-18   1.11556579635160E-16
 23   10     1.00000000000000E-99   1.00000000000000E-99
 24   10     7.90929347821091E-21   2.68915978259171E-19
 25   10     1.00000000000000E-99   1.00000000000000E-99
 26   10     1.00000000000000E-99   1.00000000000000E-99
 27   10     1.00000000000000E-99   1.00000000000000E-99
 28   10     1.00000000000000E-99   1.00000000000000E-99
 29   10     1.00000000000000E-99   1.00000000000000E-99
 30   10     1.00000000000000E-99   1.00000000000000E-99
 31   10     1.00000000000000E-99   1.00000000000000E-99
  8   11     1.00000000000000E-99   1.00000000000000E-99
  9   11     1.00000000000000E-99   1.00000000000000E-99
 10   11     1.00000000000000E-99   1.00000000000000E-99
 11   11     1.00000000000000E-99   1.00000000000000E-99
 12   11     1.00000000000000E-99   1.00000000000000E-99
 13   11     1.00000000000000E-99   1.00000000000000E-99
 14   11     1.00000000000000E-99   1.00000000000000E-99
 15   11     1.00000000000000E-99   1.00000000000000E-99
 16   11     1.00000000000000E-99   1.00000000000000E-99
 17   11     1.00000000000000E-99   1.00000000000000E-99
 18   11     1.00000000000000E-99   1.00000000000000E-99
 19   11     1.00000000000000E-99   1.00000000000000E-99
 20   11     1.00000000000000E-99   1.00000000000000E-99
 21   11     1.00000000000000E-99   1.00000000000000E-99
 22   11     1.00000000000000E-99   1.00000000000000E-99
 23   11     1.00000000000000E-99   1.00000000000000E-99
 24   11     3.76929359555640E-19   1.31925275844474E-17
 25   11     1.00000000000000E-99   1.00000000000000E-99
 26   11     2.65443695460091E-23   9.82141673202338E-22
 27   11     1.00000000000000E-99   1.00000000000000E-99
 28   11     1.75143740549330E-23   6.83060588142388E-22
 29   11     1.00000000000000E-99   1.00000000000000E-99
 30   11     1.00000000000000E-99   1.00000000000000E-99
 31   11     1.00000000000000E-99   1.00000000000000E-99
 32   11     1.00000000000000E-99   1.00000000000000E-99
 33   11     1.00000000000000E-99   1.00000000000000E-99
  8   12     1.00000000000000E-99   1.00000000000000E-99
  9   12     1.00000000000000E-99   1.00000000000000E-99
 10   12     1.00000000000000E-99   1.00000000000000E-99
 11   12     1.00000000000000E-99   1.00000000000000E-99
 12   12     1.00000000000000E-99   1.00000000000000E-99
 13   12     1.00000000000000E-99   1.00000000000000E-99
 14   12     1.00000000000000E-99   1.00000000000000E-99
 15   12     1.00000000000000E-99   1.00000000000000E-99
 16   12     1.00000000000000E-99   1.00000000000000E-99
 17   12     1.00000000000000E-99   1.00000000000000E-99
 18   12     1.00000000000000E-99   1.00000000000000E-99
 19   12     1.00000000000000E-99   1.00000000000000E-99
 20   12     1.00000000000000E-99   1.00000000000000E-99
 21   12     1.00000000000000E-99   1.00000000000000E-99
 22   12     9.10084430147985E-20   3.09428706250315E-18
 23   12     1.00000000000000E-99   1.00000000000000E-99
 24   12     2.32605770207896E-20   8.37380772748424E-19
 25   12     1.00000000000000E-99   1.00000000000000E-99
 26   12     2.15683089402246E-22   8.19595739728535E-21
 27   12     1.00000000000000E-99   1.00000000000000E-99
 28   12     6.62367184801969E-21   2.64946873920788E-19
 29   12     1.00000000000000E-99   1.00000000000000E-99
 30   12     1.00000000000000E-99   1.00000000000000E-99
 31   12     1.00000000000000E-99   1.00000000000000E-99
 32   12     1.00488834137057E-19   4.42150870203049E-18
 33   12     1.00000000000000E-99   1.00000000000000E-99
 34   12     1.00000000000000E-99   1.00000000000000E-99
 35   12     1.00000000000000E-99   1.00000000000000E-99
  8   13     1.00000000000000E-99   1.00000000000000E-99
  9   13     1.00000000000000E-99   1.00000000000000E-99
 10   13     1.00000000000000E-99   1.00000000000000E-99
 11   13     1.00000000000000E-99   1.00000000000000E-99
 12   13     1.00000000000000E-99   1.00000000000000E-99
 13   13     1.00000000000000E-99   1.00000000000000E-99
 14   13     1.00000000000000E-99   1.00000000000000E-99
 15   13     1.00000000000000E-99   1.00000000000000E-99
 16   13     1.00000000000000E-99   1.00000000000000E-99
 17   13     1.00000000000000E-99   1.00000000000000E-99
 18   13     1.00000000000000E-99   1.00000000000000E-99
 19   13     1.00000000000000E-99   1.00000000000000E-99
 20   13     1.00000000000000E-99   1.00000000000000E-99
 21   13     1.00000000000000E-99   1.00000000000000E-99
 22   13     1.00000000000000E-99   1.00000000000000E-99
 23   13     1.00000000000000E-99   1.00000000000000E-99
 24   13     1.00000000000000E-99   1.00000000000000E-99
 25   13     1.00000000000000E-99   1.00000000000000E-99
 26   13     3.94016243958586E-24   1.53666335143848E-22
 27   13     1.00000000000000E-99   1.00000000000000E-99
 28   13     1.26730861488466E-20   5.19596532102711E-19
 29   13     1.47729711951603E-20   6.20464790196734E-19
 30   13     1.00000000000000E-99   1.00000000000000E-99
 31   13     1.00000000000000E-99   1.00000000000000E-99
 32   13     2.38862803855646E-18   1.07488261735041E-16
 33   13     1.00000000000000E-99   1.00000000000000E-99
 34   13     1.00000000000000E-99   1.00000000000000E-99
 35   13     1.00000000000000E-99   1.00000000000000E-99
 36   13     1.00000000000000E-99   1.00000000000000E-99
 37   13     6.06030049272955E-24   3.03015024636478E-22
 38   13     3.91948492016879E-24   1.99893730928608E-22
  8   14     1.00000000000000E-99   1.00000000000000E-99
  9   14     1.00000000000000E-99   1.00000000000000E-99
 10   14     1.00000000000000E-99   1.00000000000000E-99
 11   14     1.00000000000000E-99   1.00000000000000E-99
 12   14     1.00000000000000E-99   1.00000000000000E-99
 13   14     1.00000000000000E-99   1.00000000000000E-99
 14   14     1.00000000000000E-99   1.00000000000000E-99
 15   14     1.00000000000000E-99   1.00000000000000E-99
 16   14     1.00000000000000E-99   1.00000000000000E-99
 17   14     1.00000000000000E-99   1.00000000000000E-99
 18   14     1.00000000000000E-99   1.00000000000000E-99
 19   14     1.00000000000000E-99   1.00000000000000E-99
 20   14     1.00000000000000E-99   1.00000000000000E-99
 21   14     1.00000000000000E-99   1.00000000000000E-99
 22   14     1.00000000000000E-99   1.00000000000000E-99
 23   14     1.00000000000000E-99   1.00000000000000E-99
 24   14     1.00000000000000E-99   1.00000000000000E-99
 25   14     1.00000000000000E-99   1.00000000000000E-99
 26   14     1.00000000000000E-99   1.00000000000000E-99
 27   14     1.00000000000000E-99   1.00000000000000E-99
 28   14     2.86543256656420E-20   1.20348167795697E-18
 29   14     1.00000000000000E-99   1.00000000000000E-99
 30   14     2.87028607592817E-18   1.26292587340839E-16
 31   14     1.00000000000000E-99   1.00000000000000E-99
 32   14     2.05900618359875E-15   9.47142844455425E-14
 33   14     1.00000000000000E-99   1.00000000000000E-99
 34   14     9.66162342859891E-22   4.63757924572747E-20
 35   14     1.67195608529124E-23   8.19258481792706E-22
 36   14     1.94649651230059E-22   9.73248256150297E-21
 37   14     1.00000000000000E-99   1.00000000000000E-99
 38   14     6.12145500460498E-21   3.18315660239459E-19
 39   14     7.38456143359529E-21   3.91381755980551E-19
 40   14     7.98348255710799E-23   4.31108058083832E-21
  8   15     1.00000000000000E-99   1.00000000000000E-99
  9   15     1.00000000000000E-99   1.00000000000000E-99
 10   15     1.00000000000000E-99   1.00000000000000E-99
 11   15     1.00000000000000E-99   1.00000000000000E-99
 12   15     1.00000000000000E-99   1.00000000000000E-99
 13   15     1.00000000000000E-99   1.00000000000000E-99
 14   15     1.00000000000000E-99   1.00000000000000E-99
 15   15     1.00000000000000E-99   1.00000000000000E-99
 16   15     1.00000000000000E-99   1.00000000000000E-99
 17   15     1.00000000000000E-99   1.00000000000000E-99
 18   15     1.00000000000000E-99   1.00000000000000E-99
 19   15     1.00000000000000E-99   1.00000000000000E-99
 20   15     1.00000000000000E-99   1.00000000000000E-99
 21   15     1.00000000000000E-99   1.00000000000000E-99
 22   15     1.00000000000000E-99   1.00000000000000E-99
 23   15     1.00000000000000E-99   1.00000000000000E-99
 24   15     1.00000000000000E-99   1.00000000000000E-99
 25   15     1.00000000000000E-99   1.00000000000000E-99
 26   15     1.00000000000000E-99   1.00000000000000E-99
 27   15     1.00000000000000E-99   1.00000000000000E-99
 28   15     4.22777109171885E-19   1.81794156943911E-17
 29   15     1.00000000000000E-99   1.00000000000000E-99
 30   15     4.50642691090141E-24   2.02789210990563E-22
 31   15     1.00000000000000E-99   1.00000000000000E-99
 32   15     6.23861652222966E-16   2.93214976544794E-14
 33   15     2.04481046314978E-24   9.81509022311893E-23
 34   15     1.35132523672476E-19   6.62149365995132E-18
 35   15     3.09261221088290E-20   1.54630610544145E-18
 36   15     4.02723477704135E-20   2.05388973629109E-18
 37   15     1.36706125293018E-21   7.10871851523692E-20
 38   15     4.43477059192703E-20   2.35042841372132E-18
 39   15     4.99240947331937E-21   2.69590111559246E-19
 40   15     9.86792483553817E-20   5.42735865954600E-18
 41   15     5.70767435142092E-22   3.19629763679571E-20
 42   15     1.07048303317075E-22   6.10175328907326E-21
  8   16     1.00000000000000E-99   1.00000000000000E-99
  9   16     1.00000000000000E-99   1.00000000000000E-99
 10   16     1.00000000000000E-99   1.00000000000000E-99
 11   16     1.00000000000000E-99   1.00000000000000E-99
 12   16     1.00000000000000E-99   1.00000000000000E-99
 13   16     1.00000000000000E-99   1.00000000000000E-99
 14   16     1.00000000000000E-99   1.00000000000000E-99
 15   16     1.00000000000000E-99   1.00000000000000E-99
 16   16     1.00000000000000E-99   1.00000000000000E-99
 17   16     1.00000000000000E-99   1.00000000000000E-99
 18   16     1.00000000000000E-99   1.00000000000000E-99
 19   16     1.00000000000000E-99   1.00000000000000E-99
 20   16     1.00000000000000E-99   1.00000000000000E-99
 21   16     1.00000000000000E-99   1.00000000000000E-99
 22   16     1.00000000000000E-99   1.00000000000000E-99
 23   16     1.00000000000000E-99   1.00000000000000E-99
 24   16     1.00000000000000E-99   1.00000000000000E-99
 25   16     1.00000000000000E-99   1.00000000000000E-99
 26   16     1.00000000000000E-99   1.00000000000000E-99
 27   16     1.00000000000000E-99   1.00000000000000E-99
 28   16     1.00000000000000E-99   1.00000000000000E-99
 29   16     1.00000000000000E-99   1.00000000000000E-99
 30   16     3.67774467708780E-25   1.69176255146039E-23
 31   16     1.00000000000000E-99   1.00000000000000E-99
 32   16     4.18835932828462E-18   2.01041247757662E-16
 33   16     1.00000000000000E-99   1.00000000000000E-99
 34   16     1.04320273020809E-15   5.21601365104045E-14
 35   16     1.00000000000000E-99   1.00000000000000E-99
 36   16     5.04544384507949E-17   2.62363079944134E-15
 37   16     1.16943576852716E-21   6.19800957319396E-20
 38   16     3.84747912836861E-16   2.07763872931905E-14
 39   16     7.09730756435296E-21   3.90351916039413E-19
 40   16     3.96183576738759E-17   2.21862802973705E-15
 41   16     1.00000000000000E-99   1.00000000000000E-99
 42   16     1.72158229515842E-23   9.98517731191883E-22
 43   16     1.47677124600349E-24   8.71295035142061E-23
 44   16     1.00000000000000E-99   1.00000000000000E-99
  9   17     1.00000000000000E-99   1.00000000000000E-99
 10   17     1.00000000000000E-99   1.00000000000000E-99
 11   17     1.00000000000000E-99   1.00000000000000E-99
 12   17     1.00000000000000E-99   1.00000000000000E-99
 13   17     1.00000000000000E-99   1.00000000000000E-99
 14   17     1.00000000000000E-99   1.00000000000000E-99
 15   17     1.00000000000000E-99   1.00000000000000E-99
 16   17     1.00000000000000E-99   1.00000000000000E-99
 17   17     1.00000000000000E-99   1.00000000000000E-99
 18   17     1.00000000000000E-99   1.00000000000000E-99
 19   17     1.00000000000000E-99   1.00000000000000E-99
 20   17     1.00000000000000E-99   1.00000000000000E-99
 21   17     1.00000000000000E-99   1.00000000000000E-99
 22   17     1.00000000000000E-99   1.00000000000000E-99
 23   17     1.00000000000000E-99   1.00000000000000E-99
 24   17     1.00000000000000E-99   1.00000000000000E-99
 25   17     1.00000000000000E-99   1.00000000000000E-99
 26   17     1.00000000000000E-99   1.00000000000000E-99
 27   17     1.00000000000000E-99   1.00000000000000E-99
 28   17     1.00000000000000E-99   1.00000000000000E-99
 29   17     1.00000000000000E-99   1.00000000000000E-99
 30   17     1.00000000000000E-99   1.00000000000000E-99
 31   17     1.00000000000000E-99   1.00000000000000E-99
 32   17     2.80150639513826E-25   1.37273813361775E-23
 33   17     1.00000000000000E-99   1.00000000000000E-99
 34   17     2.72872333716602E-16   1.39164890195467E-14
 35   17     2.66460900985275E-25   1.38559668512343E-23
 36   17     1.43630760998524E-15   7.61243033292177E-14
 37   17     1.29600434395908E-25   6.99842345737903E-24
 38   17     5.57181024913202E-17   3.06449563702261E-15
 39   17     1.00000000000000E-99   1.00000000000000E-99
 40   17     1.00000000000000E-99   1.00000000000000E-99
 41   17     1.00000000000000E-99   1.00000000000000E-99
 42   17     3.44939593608999E-17   2.03514360229309E-15
 43   17     1.00000000000000E-99   1.00000000000000E-99
 44   17     2.53899427657651E-16   1.54878650871167E-14
 45   17     1.63038707447339E-17   1.01083998617350E-15
 46   17     1.19628519789753E-18   7.53659674675444E-17
  9   18     1.00000000000000E-99   1.00000000000000E-99
 10   18     1.00000000000000E-99   1.00000000000000E-99
 11   18     1.00000000000000E-99   1.00000000000000E-99
 12   18     1.00000000000000E-99   1.00000000000000E-99
 13   18     1.00000000000000E-99   1.00000000000000E-99
 14   18     1.00000000000000E-99   1.00000000000000E-99
 15   18     1.00000000000000E-99   1.00000000000000E-99
 16   18     1.00000000000000E-99   1.00000000000000E-99
 17   18     1.00000000000000E-99   1.00000000000000E-99
 18   18     1.00000000000000E-99   1.00000000000000E-99
 19   18     1.00000000000000E-99   1.00000000000000E-99
 20   18     1.00000000000000E-99   1.00000000000000E-99
 21   18     1.00000000000000E-99   1.00000000000000E-99
 22   18     1.00000000000000E-99   1.00000000000000E-99
 23   18     1.00000000000000E-99   1.00000000000000E-99
 24   18     1.00000000000000E-99   1.00000000000000E-99
 25   18     1.00000000000000E-99   1.00000000000000E-99
 26   18     1.00000000000000E-99   1.00000000000000E-99
 27   18     1.00000000000000E-99   1.00000000000000E-99
 28   18     1.00000000000000E-99   1.00000000000000E-99
 29   18     1.00000000000000E-99   1.00000000000000E-99
 30   18     1.00000000000000E-99   1.00000000000000E-99
 31   18     1.00000000000000E-99   1.00000000000000E-99
 32   18     1.00000000000000E-99   1.00000000000000E-99
 33   18     1.00000000000000E-99   1.00000000000000E-99
 34   18     1.73608370038381E-22   9.02763524199581E-21
 35   18     1.50257359854556E-25   7.96364007229145E-24
 36   18     6.02207512713546E-23   3.25192056865315E-21
 37   18     2.35186736069921E-25   1.29352704838456E-23
 38   18     1.81209271860657E-15   1.01477192241968E-13
 39   18     1.30938094176423E-24   7.46347136805611E-23
 40   18     3.10538188074997E-16   1.80112149083498E-14
 41   18     6.99832969895018E-25   4.12901452238060E-23
 42   18     2.70383271172174E-15   1.62229962703305E-13
 43   18     1.00000000000000E-99   1.00000000000000E-99
 44   18     3.54502395190005E-13   2.19791485017803E-11
 45   18     1.00000000000000E-99   1.00000000000000E-99
 46   18     1.00000000000000E-99   1.00000000000000E-99
 47   18     2.33260640370114E-14   1.51619416240574E-12
 48   18     1.61656690815305E-16   1.06693415938101E-14
 49   18     1.31276656455820E-16   8.79553598253997E-15
 10   19     1.00000000000000E-99   1.00000000000000E-99
 11   19     1.00000000000000E-99   1.00000000000000E-99
 12   19     1.00000000000000E-99   1.00000000000000E-99
 13   19     1.00000000000000E-99   1.00000000000000E-99
 14   19     1.00000000000000E-99   1.00000000000000E-99
 15   19     1.00000000000000E-99   1.00000000000000E-99
 16   19     1.00000000000000E-99   1.00000000000000E-99
 17   19     1.00000000000000E-99   1.00000000000000E-99
 18   19     1.00000000000000E-99   1.00000000000000E-99
 19   19     1.00000000000000E-99   1.00000000000000E-99
 20   19     1.00000000000000E-99   1.00000000000000E-99
 21   19     1.00000000000000E-99   1.00000000000000E-99
 22   19     1.00000000000000E-99   1.00000000000000E-99
 23   19     1.00000000000000E-99   1.00000000000000E-99
 24   19     1.00000000000000E-99   1.00000000000000E-99
 25   19     1.00000000000000E-99   1.00000000000000E-99
 26   19     1.00000000000000E-99   1.00000000000000E-99
 27   19     1.00000000000000E-99   1.00000000000000E-99
 28   19     1.00000000000000E-99   1.00000000000000E-99
 29   19     1.00000000000000E-99   1.00000000000000E-99
 30   19     1.00000000000000E-99   1.00000000000000E-99
 31   19     1.00000000000000E-99   1.00000000000000E-99
 32   19     1.00000000000000E-99   1.00000000000000E-99
 33   19     1.00000000000000E-99   1.00000000000000E-99
 34   19     1.00000000000000E-99   1.00000000000000E-99
 35   19     1.00000000000000E-99   1.00000000000000E-99
 36   19     1.00000000000000E-99   1.00000000000000E-99
 37   19     1.00000000000000E-99   1.00000000000000E-99
 38   19     9.37495197756858E-24   5.34372262721409E-22
 39   19     1.00000000000000E-99   1.00000000000000E-99
 40   19     6.73535989743092E-20   3.97386233948424E-18
 41   19     2.03720061544126E-24   1.22232036926476E-22
 42   19     1.81716185786363E-14   1.10846873329682E-12
 43   19     8.75047315687380E-23   5.42529335726176E-21
 44   19     1.10186580019863E-12   6.94175454125138E-11
 45   19     2.43491523283587E-22   1.55834574901496E-20
 46   19     1.31976935251684E-14   8.57850079135949E-13
 47   19     1.00000000000000E-99   1.00000000000000E-99
 48   19     1.10718319462377E-19   7.41812740397924E-18
 49   19     1.00094761080659E-15   6.80644375348484E-14
 50   19     9.13930037191715E-16   6.30611725662283E-14
 51   19     8.20001326834303E-17   5.74000928784012E-15
 10   20     1.00000000000000E-99   1.00000000000000E-99
 11   20     1.00000000000000E-99   1.00000000000000E-99
 12   20     1.00000000000000E-99   1.00000000000000E-99
 13   20     1.00000000000000E-99   1.00000000000000E-99
 14   20     1.00000000000000E-99   1.00000000000000E-99
 15   20     1.00000000000000E-99   1.00000000000000E-99
 16   20     1.00000000000000E-99   1.00000000000000E-99
 17   20     1.00000000000000E-99   1.00000000000000E-99
 18   20     1.00000000000000E-99   1.00000000000000E-99
 19   20     1.00000000000000E-99   1.00000000000000E-99
 20   20     1.00000000000000E-99   1.00000000000000E-99
 21   20     1.00000000000000E-99   1.00000000000000E-99
 22   20     1.00000000000000E-99   1.00000000000000E-99
 23   20     1.00000000000000E-99   1.00000000000000E-99
 24   20     1.00000000000000E-99   1.00000000000000E-99
 25   20     1.00000000000000E-99   1.00000000000000E-99
 26   20     1.00000000000000E-99   1.00000000000000E-99
 27   20     1.00000000000000E-99   1.00000000000000E-99
 28   20     1.00000000000000E-99   1.00000000000000E-99
 29   20     1.00000000000000E-99   1.00000000000000E-99
 30   20     1.00000000000000E-99   1.00000000000000E-99
 31   20     1.00000000000000E-99   1.00000000000000E-99
 32   20     1.00000000000000E-99   1.00000000000000E-99
 33   20     1.00000000000000E-99   1.00000000000000E-99
 34   20     1.00000000000000E-99   1.00000000000000E-99
 35   20     1.00000000000000E-99   1.00000000000000E-99
 36   20     1.00000000000000E-99   1.00000000000000E-99
 37   20     1.00000000000000E-99   1.00000000000000E-99
 38   20     1.00000000000000E-99   1.00000000000000E-99
 39   20     5.21336565538115E-25   3.07588573667488E-23
 40   20     7.27210183801260E-22   4.36326110280756E-20
 41   20     1.68276769699966E-20   1.02648829516979E-18
 42   20     2.28537373579547E-12   1.41693171619319E-10
 43   20     6.20364345677100E-24   3.90829537776573E-22
 44   20     5.75487735088074E-14   3.68312150456367E-12
 45   20     1.00000000000000E-99   1.00000000000000E-99
 46   20     2.09892382558451E-14   1.38528972488578E-12
 47   20     1.67365809381202E-23   1.12135092285405E-21
 48   20     1.58174733800600E-14   1.07558818984408E-12
 49   20     1.00000000000000E-99   1.00000000000000E-99
 50   20     3.96751196912842E-14   2.77725837838989E-12
 51   20     1.00000000000000E-99   1.00000000000000E-99
 52   20     3.58879252449337E-15   2.58393061763522E-13
 53   20     1.99297205278281E-17   1.45486959853145E-15
 11   21     1.00000000000000E-99   1.00000000000000E-99
 12   21     1.00000000000000E-99   1.00000000000000E-99
 13   21     1.00000000000000E-99   1.00000000000000E-99
 14   21     1.00000000000000E-99   1.00000000000000E-99
 15   21     1.00000000000000E-99   1.00000000000000E-99
 16   21     1.00000000000000E-99   1.00000000000000E-99
 17   21     1.00000000000000E-99   1.00000000000000E-99
 18   21     1.00000000000000E-99   1.00000000000000E-99
 19   21     1.00000000000000E-99   1.00000000000000E-99
 20   21     1.00000000000000E-99   1.00000000000000E-99
 21   21     1.00000000000000E-99   1.00000000000000E-99
 22   21     1.00000000000000E-99   1.00000000000000E-99
 23   21     1.00000000000000E-99   1.00000000000000E-99
 24   21     1.00000000000000E-99   1.00000000000000E-99
 25   21     1.00000000000000E-99   1.00000000000000E-99
 26   21     1.00000000000000E-99   1.00000000000000E-99
 27   21     1.00000000000000E-99   1.00000000000000E-99
 28   21     1.00000000000000E-99   1.00000000000000E-99
 29   21     1.00000000000000E-99   1.00000000000000E-99
 30   21     1.00000000000000E-99   1.00000000000000E-99
 31   21     1.00000000000000E-99   1.00000000000000E-99
 32   21     1.00000000000000E-99   1.00000000000000E-99
 33   21     1.00000000000000E-99   1.00000000000000E-99
 34   21     1.00000000000000E-99   1.00000000000000E-99
 35   21     1.00000000000000E-99   1.00000000000000E-99
 36   21     1.00000000000000E-99   1.00000000000000E-99
 37   21     1.00000000000000E-99   1.00000000000000E-99
 38   21     1.00000000000000E-99   1.00000000000000E-99
 39   21     2.71432381758106E-25   1.62859429054864E-23
 40   21     3.25774063427419E-20   1.98722178690726E-18
 41   21     6.50200804080466E-24   4.03124498529889E-22
 42   21     9.27239437993416E-22   5.84160845935852E-20
 43   21     3.20196350667676E-23   2.04925664427312E-21
 44   21     3.63886316112843E-20   2.36526105473348E-18
 45   21     8.26118443492770E-23   5.45238172705228E-21
 46   21     1.11608569273752E-15   7.47777414134140E-14
 47   21     4.57314722687548E-22   3.10974011427533E-20
 48   21     1.10428641741044E-12   7.61957628013202E-11
 49   21     9.61680690392650E-23   6.73176483274855E-21
 50   21     1.01218755456514E-12   7.18653163741249E-11
 51   21     2.94084943132086E-19   2.11741159055102E-17
 52   21     2.35914757824447E-14   1.72217773211847E-12
 53   21     1.00000000000000E-99   1.00000000000000E-99
 54   21     3.98882687720579E-18   2.99162015790434E-16
 55   21     7.07636778439123E-21   5.37803951613733E-19
 12   22     1.00000000000000E-99   1.00000000000000E-99
 13   22     1.00000000000000E-99   1.00000000000000E-99
 14   22     1.00000000000000E-99   1.00000000000000E-99
 15   22     1.00000000000000E-99   1.00000000000000E-99
 16   22     1.00000000000000E-99   1.00000000000000E-99
 17   22     1.00000000000000E-99   1.00000000000000E-99
 18   22     1.00000000000000E-99   1.00000000000000E-99
 19   22     1.00000000000000E-99   1.00000000000000E-99
 20   22     1.00000000000000E-99   1.00000000000000E-99
 21   22     1.00000000000000E-99   1.00000000000000E-99
 22   22     1.00000000000000E-99   1.00000000000000E-99
 23   22     1.00000000000000E-99   1.00000000000000E-99
 24   22     1.00000000000000E-99   1.00000000000000E-99
 25   22     1.00000000000000E-99   1.00000000000000E-99
 26   22     1.00000000000000E-99   1.00000000000000E-99
 27   22     1.00000000000000E-99   1.00000000000000E-99
 28   22     1.00000000000000E-99   1.00000000000000E-99
 29   22     1.00000000000000E-99   1.00000000000000E-99
 30   22     1.00000000000000E-99   1.00000000000000E-99
 31   22     1.00000000000000E-99   1.00000000000000E-99
 32   22     1.00000000000000E-99   1.00000000000000E-99
 33   22     1.00000000000000E-99   1.00000000000000E-99
 34   22     1.00000000000000E-99   1.00000000000000E-99
 35   22     1.00000000000000E-99   1.00000000000000E-99
 36   22     1.00000000000000E-99   1.00000000000000E-99
 37   22     1.00000000000000E-99   1.00000000000000E-99
 38   22     1.00000000000000E-99   1.00000000000000E-99
 39   22     1.00000000000000E-99   1.00000000000000E-99
 40   22     1.00000000000000E-99   1.00000000000000E-99
 41   22     1.00000000000000E-99   1.00000000000000E-99
 42   22     1.00000000000000E-99   1.00000000000000E-99
 43   22     1.00000000000000E-99   1.00000000000000E-99
 44   22     1.36883460862928E-23   9.03430841695322E-22
 45   22     1.84356812355419E-22   1.23519064278131E-20
 46   22     7.17180851281618E-19   4.87682978871500E-17
 47   22     3.19047899053138E-21   2.20143050346666E-19
 48   22     2.52964253816610E-14   1.77074977671627E-12
 49   22     5.48633474264569E-19   3.89529766727844E-17
 50   22     3.02093126506790E-10   2.17507051084889E-08
 51   22     4.40848164673731E-22   3.21819160211823E-20
 52   22     7.16599319586958E-13   5.30283496494349E-11
 53   22     1.60812673116647E-15   1.20609504837485E-13
 54   22     8.48315034796021E-19   6.44719426444976E-17
 55   22     1.00000000000000E-99   1.00000000000000E-99
 56   22     6.13617297974527E-16   4.78621492420131E-14
 57   22     3.41796462225797E-15   2.70019205158380E-13
 58   22     4.16954485866956E-16   3.33563588693565E-14
 13   23     1.00000000000000E-99   1.00000000000000E-99
 14   23     1.00000000000000E-99   1.00000000000000E-99
 15   23     1.00000000000000E-99   1.00000000000000E-99
 16   23     1.00000000000000E-99   1.00000000000000E-99
 17   23     1.00000000000000E-99   1.00000000000000E-99
 18   23     1.00000000000000E-99   1.00000000000000E-99
 19   23     1.00000000000000E-99   1.00000000000000E-99
 20   23     1.00000000000000E-99   1.00000000000000E-99
 21   23     1.00000000000000E-99   1.00000000000000E-99
 22   23     1.00000000000000E-99   1.00000000000000E-99
 23   23     1.00000000000000E-99   1.00000000000000E-99
 24   23     1.00000000000000E-99   1.00000000000000E-99
 25   23     1.00000000000000E-99   1.00000000000000E-99
 26   23     1.00000000000000E-99   1.00000000000000E-99
 27   23     1.00000000000000E-99   1.00000000000000E-99
 28   23     1.00000000000000E-99   1.00000000000000E-99
 29   23     1.00000000000000E-99   1.00000000000000E-99
 30   23     1.00000000000000E-99   1.00000000000000E-99
 31   23     1.00000000000000E-99   1.00000000000000E-99
 32   23     1.00000000000000E-99   1.00000000000000E-99
 33   23     1.00000000000000E-99   1.00000000000000E-99
 34   23     1.00000000000000E-99   1.00000000000000E-99
 35   23     1.00000000000000E-99   1.00000000000000E-99
 36   23     1.00000000000000E-99   1.00000000000000E-99
 37   23     1.00000000000000E-99   1.00000000000000E-99
 38   23     1.00000000000000E-99   1.00000000000000E-99
 39   23     1.00000000000000E-99   1.00000000000000E-99
 40   23     1.00000000000000E-99   1.00000000000000E-99
 41   23     1.00000000000000E-99   1.00000000000000E-99
 42   23     1.00000000000000E-99   1.00000000000000E-99
 43   23     1.00000000000000E-99   1.00000000000000E-99
 44   23     1.00000000000000E-99   1.00000000000000E-99
 45   23     1.00000000000000E-99   1.00000000000000E-99
 46   23     6.07113728168221E-24   4.18908472436072E-22
 47   23     1.00447879580726E-21   7.03135157065084E-20
 48   23     1.63617807858000E-19   1.16168643579180E-17
 49   23     4.52977496427320E-20   3.26143797427670E-18
 50   23     7.58541236254187E-10   5.53735102465556E-08
 51   23     2.79263431493519E-21   2.06654939305204E-19
 52   23     2.01733540899610E-11   1.51300155674707E-09
 53   23     1.58697828042574E-20   1.20610349312356E-18
 54   23     1.94342418131774E-13   1.49643661961466E-11
 55   23     2.03586861969529E-14   1.58797752336233E-12
 56   23     3.61302001441943E-15   2.85428581139135E-13
 57   23     9.12271258231327E-15   7.29817006585061E-13
 58   23     5.45728124697988E-17   4.42039781005370E-15
 59   23     1.06846763125122E-18   8.76143457625999E-17
 60   23     5.68586717722523E-21   4.71926975709694E-19
 14   24     1.00000000000000E-99   1.00000000000000E-99
 15   24     1.00000000000000E-99   1.00000000000000E-99
 16   24     1.00000000000000E-99   1.00000000000000E-99
 17   24     1.00000000000000E-99   1.00000000000000E-99
 18   24     1.00000000000000E-99   1.00000000000000E-99
 19   24     1.00000000000000E-99   1.00000000000000E-99
 20   24     1.00000000000000E-99   1.00000000000000E-99
 21   24     1.00000000000000E-99   1.00000000000000E-99
 22   24     1.00000000000000E-99   1.00000000000000E-99
 23   24     1.00000000000000E-99   1.00000000000000E-99
 24   24     1.00000000000000E-99   1.00000000000000E-99
 25   24     1.00000000000000E-99   1.00000000000000E-99
 26   24     1.00000000000000E-99   1.00000000000000E-99
 27   24     1.00000000000000E-99   1.00000000000000E-99
 28   24     1.00000000000000E-99   1.00000000000000E-99
 29   24     1.00000000000000E-99   1.00000000000000E-99
 30   24     1.00000000000000E-99   1.00000000000000E-99
 31   24     1.00000000000000E-99   1.00000000000000E-99
 32   24     1.00000000000000E-99   1.00000000000000E-99
 33   24     1.00000000000000E-99   1.00000000000000E-99
 34   24     1.00000000000000E-99   1.00000000000000E-99
 35   24     1.00000000000000E-99   1.00000000000000E-99
 36   24     1.00000000000000E-99   1.00000000000000E-99
 37   24     1.00000000000000E-99   1.00000000000000E-99
 38   24     1.00000000000000E-99   1.00000000000000E-99
 39   24     1.00000000000000E-99   1.00000000000000E-99
 40   24     1.00000000000000E-99   1.00000000000000E-99
 41   24     1.00000000000000E-99   1.00000000000000E-99
 42   24     1.00000000000000E-99   1.00000000000000E-99
 43   24     1.00000000000000E-99   1.00000000000000E-99
 44   24     1.00000000000000E-99   1.00000000000000E-99
 45   24     1.00000000000000E-99   1.00000000000000E-99
 46   24     1.00000000000000E-99   1.00000000000000E-99
 47   24     3.49297561562541E-20   2.48001268709404E-18
 48   24     9.90255427976744E-18   7.12983908143255E-16
 49   24     3.13106124776015E-18   2.28567471086491E-16
 50   24     2.95459240502953E-09   2.18639837972186E-07
 51   24     1.90799616585726E-20   1.43099712439294E-18
 52   24     4.57886505225796E-10   3.47993743971605E-08
 53   24     1.86215902027527E-21   1.43386244561196E-19
 54   24     1.17138837739850E-10   9.13682934370830E-09
 55   24     2.28295470818933E-13   1.80353421946957E-11
 56   24     1.64114177727236E-18   1.31291342181789E-16
 57   24     1.56368535411984E-22   1.26658513683707E-20
 58   24     5.33237110719071E-15   4.37254430789639E-13
 59   24     1.89522386976256E-17   1.57303581190292E-15
 60   24     7.41664169095504E-21   6.22997902040223E-19
 61   24     5.96477998975540E-16   5.07006299129209E-14
 62   24     1.06207473368727E-15   9.13384270971051E-14
 15   25     1.00000000000000E-99   1.00000000000000E-99
 16   25     1.00000000000000E-99   1.00000000000000E-99
 17   25     1.00000000000000E-99   1.00000000000000E-99
 18   25     1.00000000000000E-99   1.00000000000000E-99
 19   25     1.00000000000000E-99   1.00000000000000E-99
 20   25     1.00000000000000E-99   1.00000000000000E-99
 21   25     1.00000000000000E-99   1.00000000000000E-99
 22   25     1.00000000000000E-99   1.00000000000000E-99
 23   25     1.00000000000000E-99   1.00000000000000E-99
 24   25     1.00000000000000E-99   1.00000000000000E-99
 25   25     1.00000000000000E-99   1.00000000000000E-99
 26   25     1.00000000000000E-99   1.00000000000000E-99
 27   25     1.00000000000000E-99   1.00000000000000E-99
 28   25     1.00000000000000E-99   1.00000000000000E-99
 29   25     1.00000000000000E-99   1.00000000000000E-99
 30   25     1.00000000000000E-99   1.00000000000000E-99
 31   25     1.00000000000000E-99   1.00000000000000E-99
 32   25     1.00000000000000E-99   1.00000000000000E-99
 33   25     1.00000000000000E-99   1.00000000000000E-99
 34   25     1.00000000000000E-99   1.00000000000000E-99
 35   25     1.00000000000000E-99   1.00000000000000E-99
 36   25     1.00000000000000E-99   1.00000000000000E-99
 37   25     1.00000000000000E-99   1.00000000000000E-99
 38   25     1.00000000000000E-99   1.00000000000000E-99
 39   25     1.00000000000000E-99   1.00000000000000E-99
 40   25     1.00000000000000E-99   1.00000000000000E-99
 41   25     1.00000000000000E-99   1.00000000000000E-99
 42   25     1.00000000000000E-99   1.00000000000000E-99
 43   25     1.00000000000000E-99   1.00000000000000E-99
 44   25     1.00000000000000E-99   1.00000000000000E-99
 45   25     1.00000000000000E-99   1.00000000000000E-99
 46   25     1.00000000000000E-99   1.00000000000000E-99
 47   25     5.64782072019647E-22   4.06643091854146E-20
 48   25     4.79931553678306E-20   3.50350034185164E-18
 49   25     1.71540949273781E-20   1.26940302462598E-18
 50   25     5.76967966915304E-15   4.32725975186478E-13
 51   25     4.86109974531916E-19   3.69443580644256E-17
 52   25     2.17608607983322E-09   1.67558628147158E-07
 53   25     5.81901297285900E-20   4.53883011883002E-18
 54   25     1.98675402969444E-10   1.56953568345861E-08
 55   25     2.91721850471580E-23   2.33377480377264E-21
 56   25     3.59452636181138E-11   2.91156635306722E-09
 57   25     3.16174931514473E-20   2.59263443841868E-18
 58   25     2.15663099456523E-14   1.79000372548914E-12
 59   25     2.07762586655835E-23   1.74520572790902E-21
 60   25     8.22575140510939E-14   6.99188869434298E-12
 61   25     1.57782946981381E-14   1.35693334403988E-12
 62   25     1.85298013186299E-19   1.61209271472080E-17
 63   25     2.66236596556235E-18   2.34288204969487E-16
 64   25     1.58823432840313E-18   1.41352855227878E-16
 16   26     1.00000000000000E-99   1.00000000000000E-99
 17   26     1.00000000000000E-99   1.00000000000000E-99
 18   26     1.00000000000000E-99   1.00000000000000E-99
 19   26     1.00000000000000E-99   1.00000000000000E-99
 20   26     1.00000000000000E-99   1.00000000000000E-99
 21   26     1.00000000000000E-99   1.00000000000000E-99
 22   26     1.00000000000000E-99   1.00000000000000E-99
 23   26     1.00000000000000E-99   1.00000000000000E-99
 24   26     1.00000000000000E-99   1.00000000000000E-99
 25   26     1.00000000000000E-99   1.00000000000000E-99
 26   26     1.00000000000000E-99   1.00000000000000E-99
 27   26     1.00000000000000E-99   1.00000000000000E-99
 28   26     1.00000000000000E-99   1.00000000000000E-99
 29   26     1.00000000000000E-99   1.00000000000000E-99
 30   26     1.00000000000000E-99   1.00000000000000E-99
 31   26     1.00000000000000E-99   1.00000000000000E-99
 32   26     1.00000000000000E-99   1.00000000000000E-99
 33   26     1.00000000000000E-99   1.00000000000000E-99
 34   26     1.00000000000000E-99   1.00000000000000E-99
 35   26     1.00000000000000E-99   1.00000000000000E-99
 36   26     1.00000000000000E-99   1.00000000000000E-99
 37   26     1.00000000000000E-99   1.00000000000000E-99
 38   26     1.00000000000000E-99   1.00000000000000E-99
 39   26     1.00000000000000E-99   1.00000000000000E-99
 40   26     1.00000000000000E-99   1.00000000000000E-99
 41   26     1.00000000000000E-99   1.00000000000000E-99
 42   26     1.00000000000000E-99   1.00000000000000E-99
 43   26     1.00000000000000E-99   1.00000000000000E-99
 44   26     1.00000000000000E-99   1.00000000000000E-99
 45   26     1.00000000000000E-99   1.00000000000000E-99
 46   26     1.00000000000000E-99   1.00000000000000E-99
 47   26     1.00000000000000E-99   1.00000000000000E-99
 48   26     6.07722067270915E-25   4.49714329780477E-23
 49   26     1.18770536674960E-19   8.90779025062202E-18
 50   26     3.15414565676794E-15   2.39715069914363E-13
 51   26     5.60245651442447E-19   4.31389151610684E-17
 52   26     6.25944510651021E-10   4.88236718307797E-08
 53   26     2.21829764457713E-18   1.75245513921593E-16
 54   26     3.56756382158043E-09   2.85405105726434E-07
 55   26     4.26806557682511E-20   3.45713311722834E-18
 56   26     4.13393757615175E-10   3.38982881244444E-08
 57   26     5.09634300321804E-21   4.22996469267097E-19
 58   26     6.10937955929736E-12   5.13187882980978E-10
 59   26     8.86943953368896E-22   7.53902360363562E-20
 60   26     3.07633974830153E-11   2.64565218353931E-09
 61   26     3.30466007461661E-25   2.87505426491645E-23
 62   26     1.16912074575632E-14   1.02882625626556E-12
 63   26     3.00496844465731E-23   2.67442191574501E-21
 64   26     9.53889557525848E-16   8.58500601773263E-14
 65   26     3.20786530691867E-16   2.91915742929599E-14
 66   26     4.21962414802565E-12   3.88205421618360E-10
 17   27     1.00000000000000E-99   1.00000000000000E-99
 18   27     1.00000000000000E-99   1.00000000000000E-99
 19   27     1.00000000000000E-99   1.00000000000000E-99
 20   27     1.00000000000000E-99   1.00000000000000E-99
 21   27     1.00000000000000E-99   1.00000000000000E-99
 22   27     1.00000000000000E-99   1.00000000000000E-99
 23   27     1.00000000000000E-99   1.00000000000000E-99
 24   27     1.00000000000000E-99   1.00000000000000E-99
 25   27     1.00000000000000E-99   1.00000000000000E-99
 26   27     1.00000000000000E-99   1.00000000000000E-99
 27   27     1.00000000000000E-99   1.00000000000000E-99
 28   27     1.00000000000000E-99   1.00000000000000E-99
 29   27     1.00000000000000E-99   1.00000000000000E-99
 30   27     1.00000000000000E-99   1.00000000000000E-99
 31   27     1.00000000000000E-99   1.00000000000000E-99
 32   27     1.00000000000000E-99   1.00000000000000E-99
 33   27     1.00000000000000E-99   1.00000000000000E-99
 34   27     1.00000000000000E-99   1.00000000000000E-99
 35   27     1.00000000000000E-99   1.00000000000000E-99
 36   27     1.00000000000000E-99   1.00000000000000E-99
 37   27     1.00000000000000E-99   1.00000000000000E-99
 38   27     1.00000000000000E-99   1.00000000000000E-99
 39   27     1.00000000000000E-99   1.00000000000000E-99
 40   27     1.00000000000000E-99   1.00000000000000E-99
 41   27     1.00000000000000E-99   1.00000000000000E-99
 42   27     1.00000000000000E-99   1.00000000000000E-99
 43   27     1.00000000000000E-99   1.00000000000000E-99
 44   27     1.00000000000000E-99   1.00000000000000E-99
 45   27     1.00000000000000E-99   1.00000000000000E-99
 46   27     1.00000000000000E-99   1.00000000000000E-99
 47   27     1.00000000000000E-99   1.00000000000000E-99
 48   27     1.00000000000000E-99   1.00000000000000E-99
 49   27     1.02286319512892E-22   7.77376028297979E-21
 50   27     8.26015078636128E-20   6.36031610549819E-18
 51   27     3.97303473699941E-20   3.09896709485954E-18
 52   27     2.60198790065207E-17   2.05557044151513E-15
 53   27     1.91357276993076E-19   1.53085821594461E-17
 54   27     8.17296823020265E-11   6.62010426646415E-09
 55   27     4.70663167545483E-19   3.85943797387296E-17
 56   27     2.90288760059110E-09   2.40939670849061E-07
 57   27     1.59185850159948E-19   1.33716114134357E-17
 58   27     7.10008814045994E-11   6.03507491939095E-09
 59   27     4.54453195094917E-20   3.90829747781629E-18
 60   27     1.10824939182282E-10   9.64176970885854E-09
 61   27     3.02013097111795E-22   2.65771525458380E-20
 62   27     8.17494904656813E-12   7.27570465144564E-10
 63   27     8.14423831110482E-20   7.32981447999433E-18
 64   27     1.15491607513462E-10   1.05097362837250E-08
 65   27     1.17159806655125E-11   1.07787022122715E-09
 66   27     2.02644803939203E-25   1.88459667663459E-23
 67   27     2.20915183076372E-16   2.07660272091790E-14
 68   27     1.47538869405510E-16   1.40161925935235E-14
 69   27     2.41357479436680E-17   2.31703180259212E-15
 18   28     1.00000000000000E-99   1.00000000000000E-99
 19   28     1.00000000000000E-99   1.00000000000000E-99
 20   28     1.00000000000000E-99   1.00000000000000E-99
 21   28     1.00000000000000E-99   1.00000000000000E-99
 22   28     1.00000000000000E-99   1.00000000000000E-99
 23   28     1.00000000000000E-99   1.00000000000000E-99
 24   28     1.00000000000000E-99   1.00000000000000E-99
 25   28     1.00000000000000E-99   1.00000000000000E-99
 26   28     1.00000000000000E-99   1.00000000000000E-99
 27   28     1.00000000000000E-99   1.00000000000000E-99
 28   28     1.00000000000000E-99   1.00000000000000E-99
 29   28     1.00000000000000E-99   1.00000000000000E-99
 30   28     1.00000000000000E-99   1.00000000000000E-99
 31   28     1.00000000000000E-99   1.00000000000000E-99
 32   28     1.00000000000000E-99   1.00000000000000E-99
 33   28     1.00000000000000E-99   1.00000000000000E-99
 34   28     1.00000000000000E-99   1.00000000000000E-99
 35   28     1.00000000000000E-99   1.00000000000000E-99
 36   28     1.00000000000000E-99   1.00000000000000E-99
 37   28     1.00000000000000E-99   1.00000000000000E-99
 38   28     1.00000000000000E-99   1.00000000000000E-99
 39   28     1.00000000000000E-99   1.00000000000000E-99
 40   28     1.00000000000000E-99   1.00000000000000E-99
 41   28     1.00000000000000E-99   1.00000000000000E-99
 42   28     1.00000000000000E-99   1.00000000000000E-99
 43   28     1.00000000000000E-99   1.00000000000000E-99
 44   28     1.00000000000000E-99   1.00000000000000E-99
 45   28     1.00000000000000E-99   1.00000000000000E-99
 46   28     1.00000000000000E-99   1.00000000000000E-99
 47   28     1.00000000000000E-99   1.00000000000000E-99
 48   28     1.00000000000000E-99   1.00000000000000E-99
 49   28     1.00000000000000E-99   1.00000000000000E-99
 50   28     1.00000000000000E-99   1.00000000000000E-99
 51   28     5.33186925391596E-22   4.21217671059361E-20
 52   28     2.98679967251582E-18   2.38943973801265E-16
 53   28     1.71928213173085E-19   1.39261852670199E-17
 54   28     2.16409054759538E-09   1.77455424902821E-07
 55   28     2.35614781486787E-19   1.95560268634033E-17
 56   28     1.90487999849498E-09   1.60009919873578E-07
 57   28     1.86230640718867E-19   1.58296044611037E-17
 58   28     3.59115972341037E-10   3.08839736213292E-08
 59   28     5.67557499652889E-20   4.93775024698013E-18
 60   28     4.50382826713342E-10   3.96336887507741E-08
 61   28     2.99565389786133E-19   2.66613196909659E-17
 62   28     3.18700437469441E-09   2.86830393722497E-07
 63   28     7.05507173400395E-18   6.42011527794359E-16
 64   28     2.70276897612809E-09   2.48654745803784E-07
 65   28     7.62262050690148E-24   7.08903707141838E-22
 66   28     1.65058875213306E-13   1.55155342700507E-11
 67   28     4.39461787108373E-24   4.17488697752954E-22
 68   28     1.10323957361821E-13   1.05910999067348E-11
 69   28     1.57705422840022E-13   1.52974260154821E-11
 70   28     8.85069302197259E-12   8.67367916153314E-10
 71   28     8.82780145123904E-13   8.73952343672665E-11
 19   29     1.00000000000000E-99   1.00000000000000E-99
 20   29     1.00000000000000E-99   1.00000000000000E-99
 21   29     1.00000000000000E-99   1.00000000000000E-99
 22   29     1.00000000000000E-99   1.00000000000000E-99
 23   29     1.00000000000000E-99   1.00000000000000E-99
 24   29     1.00000000000000E-99   1.00000000000000E-99
 25   29     1.00000000000000E-99   1.00000000000000E-99
 26   29     1.00000000000000E-99   1.00000000000000E-99
 27   29     1.00000000000000E-99   1.00000000000000E-99
 28   29     1.00000000000000E-99   1.00000000000000E-99
 29   29     1.00000000000000E-99   1.00000000000000E-99
 30   29     1.00000000000000E-99   1.00000000000000E-99
 31   29     1.00000000000000E-99   1.00000000000000E-99
 32   29     1.00000000000000E-99   1.00000000000000E-99
 33   29     1.00000000000000E-99   1.00000000000000E-99
 34   29     1.00000000000000E-99   1.00000000000000E-99
 35   29     1.00000000000000E-99   1.00000000000000E-99
 36   29     1.00000000000000E-99   1.00000000000000E-99
 37   29     1.00000000000000E-99   1.00000000000000E-99
 38   29     1.00000000000000E-99   1.00000000000000E-99
 39   29     1.00000000000000E-99   1.00000000000000E-99
 40   29     1.00000000000000E-99   1.00000000000000E-99
 41   29     1.00000000000000E-99   1.00000000000000E-99
 42   29     1.00000000000000E-99   1.00000000000000E-99
 43   29     1.00000000000000E-99   1.00000000000000E-99
 44   29     1.00000000000000E-99   1.00000000000000E-99
 45   29     1.00000000000000E-99   1.00000000000000E-99
 46   29     1.00000000000000E-99   1.00000000000000E-99
 47   29     1.00000000000000E-99   1.00000000000000E-99
 48   29     1.00000000000000E-99   1.00000000000000E-99
 49   29     1.00000000000000E-99   1.00000000000000E-99
 50   29     1.00000000000000E-99   1.00000000000000E-99
 51   29     7.03458256983448E-23   5.62766605586758E-21
 52   29     7.62755169370729E-21   6.17831687190290E-19
 53   29     2.63341843762367E-21   2.15940311885141E-19
 54   29     2.10983064633320E-19   1.75115943645655E-17
 55   29     1.77447576168052E-20   1.49055963981163E-18
 56   29     9.69326410639643E-18   8.23927449043696E-16
 57   29     1.59213216856804E-19   1.36923366496852E-17
 58   29     2.76777678107748E-17   2.40796579953741E-15
 59   29     7.46202055011888E-20   6.56657808410462E-18
 60   29     2.31602780931395E-15   2.06126475028942E-13
 61   29     3.09283151940396E-18   2.78354836746356E-16
 62   29     1.64473409249723E-08   1.49670802417248E-06
 63   29     7.05598581035369E-18   6.49150694552539E-16
 64   29     1.41894578756372E-08   1.31961958243426E-06
 65   29     3.90853197772214E-21   3.67402005905881E-19
 66   29     2.40636733536540E-11   2.28604896859713E-09
 67   29     4.52370387919496E-20   4.34275572402716E-18
 68   29     4.44416625320732E-10   4.31084126561110E-08
 69   29     1.06865557638026E-18   1.04728246485265E-16
 70   29     5.39343616998544E-11   5.33950180828559E-09
 71   29     1.00000000000000E-99   1.00000000000000E-99
 72   29     2.50464525170922E-16   2.52969170422631E-14
 73   29     3.67951274947002E-16   3.75310300445942E-14
 21   30     1.00000000000000E-99   1.00000000000000E-99
 22   30     1.00000000000000E-99   1.00000000000000E-99
 23   30     1.00000000000000E-99   1.00000000000000E-99
 24   30     1.00000000000000E-99   1.00000000000000E-99
 25   30     1.00000000000000E-99   1.00000000000000E-99
 26   30     1.00000000000000E-99   1.00000000000000E-99
 27   30     1.00000000000000E-99   1.00000000000000E-99
 28   30     1.00000000000000E-99   1.00000000000000E-99
 29   30     1.00000000000000E-99   1.00000000000000E-99
 30   30     1.00000000000000E-99   1.00000000000000E-99
 31   30     1.00000000000000E-99   1.00000000000000E-99
 32   30     1.00000000000000E-99   1.00000000000000E-99
 33   30     1.00000000000000E-99   1.00000000000000E-99
 34   30     1.00000000000000E-99   1.00000000000000E-99
 35   30     1.00000000000000E-99   1.00000000000000E-99
 36   30     1.00000000000000E-99   1.00000000000000E-99
 37   30     1.00000000000000E-99   1.00000000000000E-99
 38   30     1.00000000000000E-99   1.00000000000000E-99
 39   30     1.00000000000000E-99   1.00000000000000E-99
 40   30     1.00000000000000E-99   1.00000000000000E-99
 41   30     1.00000000000000E-99   1.00000000000000E-99
 42   30     1.00000000000000E-99   1.00000000000000E-99
 43   30     1.00000000000000E-99   1.00000000000000E-99
 44   30     1.00000000000000E-99   1.00000000000000E-99
 45   30     1.00000000000000E-99   1.00000000000000E-99
 46   30     1.00000000000000E-99   1.00000000000000E-99
 47   30     1.00000000000000E-99   1.00000000000000E-99
 48   30     1.00000000000000E-99   1.00000000000000E-99
 49   30     1.00000000000000E-99   1.00000000000000E-99
 50   30     1.00000000000000E-99   1.00000000000000E-99
 51   30     1.00000000000000E-99   1.00000000000000E-99
 52   30     1.00000000000000E-99   1.00000000000000E-99
 53   30     1.00000000000000E-99   1.00000000000000E-99
 54   30     1.00000000000000E-99   1.00000000000000E-99
 55   30     1.00000000000000E-99   1.00000000000000E-99
 56   30     3.05398385686936E-25   2.62642611690765E-23
 57   30     1.00000000000000E-99   1.00000000000000E-99
 58   30     4.20235230069266E-23   3.69807002460954E-21
 59   30     1.30403252703661E-19   1.16058894906258E-17
 60   30     4.29678631490314E-14   3.86710768341283E-12
 61   30     2.08294001757334E-18   1.89547541599174E-16
 62   30     6.23133128375723E-16   5.73282478105665E-14
 63   30     7.32225028934757E-18   6.80969276909324E-16
 64   30     9.04654561616025E-08   8.50375287919064E-06
 65   30     1.96628120241619E-17   1.86796714229538E-15
 66   30     1.67170443368749E-08   1.60483625633999E-06
 67   30     9.04410297677083E-19   8.77277988746770E-17
 68   30     1.09704620340184E-08   1.07510527933380E-06
 69   30     4.99569083146682E-20   4.94573392315215E-18
 70   30     5.56312496095386E-09   5.56312496095386E-07
 71   30     5.09346614174830E-17   5.14440080316578E-15
 72   30     7.01834121498026E-14   7.15870803927987E-12
 73   30     1.00000000000000E-99   1.00000000000000E-99
 74   30     2.06412549633054E-12   2.14669051618376E-10
 75   30     2.00950155745871E-13   2.10997663533164E-11
 22   31     1.00000000000000E-99   1.00000000000000E-99
 23   31     1.00000000000000E-99   1.00000000000000E-99
 24   31     1.00000000000000E-99   1.00000000000000E-99
 25   31     1.00000000000000E-99   1.00000000000000E-99
 26   31     1.00000000000000E-99   1.00000000000000E-99
 27   31     1.00000000000000E-99   1.00000000000000E-99
 28   31     1.00000000000000E-99   1.00000000000000E-99
 29   31     1.00000000000000E-99   1.00000000000000E-99
 30   31     1.00000000000000E-99   1.00000000000000E-99
 31   31     1.00000000000000E-99   1.00000000000000E-99
 32   31     1.00000000000000E-99   1.00000000000000E-99
 33   31     1.00000000000000E-99   1.00000000000000E-99
 34   31     1.00000000000000E-99   1.00000000000000E-99
 35   31     1.00000000000000E-99   1.00000000000000E-99
 36   31     1.00000000000000E-99   1.00000000000000E-99
 37   31     1.00000000000000E-99   1.00000000000000E-99
 38   31     1.00000000000000E-99   1.00000000000000E-99
 39   31     1.00000000000000E-99   1.00000000000000E-99
 40   31     1.00000000000000E-99   1.00000000000000E-99
 41   31     1.00000000000000E-99   1.00000000000000E-99
 42   31     1.00000000000000E-99   1.00000000000000E-99
 43   31     1.00000000000000E-99   1.00000000000000E-99
 44   31     1.00000000000000E-99   1.00000000000000E-99
 45   31     1.00000000000000E-99   1.00000000000000E-99
 46   31     1.00000000000000E-99   1.00000000000000E-99
 47   31     1.00000000000000E-99   1.00000000000000E-99
 48   31     1.00000000000000E-99   1.00000000000000E-99
 49   31     1.00000000000000E-99   1.00000000000000E-99
 50   31     1.00000000000000E-99   1.00000000000000E-99
 51   31     1.00000000000000E-99   1.00000000000000E-99
 52   31     1.00000000000000E-99   1.00000000000000E-99
 53   31     1.00000000000000E-99   1.00000000000000E-99
 54   31     1.00000000000000E-99   1.00000000000000E-99
 55   31     1.00000000000000E-99   1.00000000000000E-99
 56   31     1.00000000000000E-99   1.00000000000000E-99
 57   31     1.00000000000000E-99   1.00000000000000E-99
 58   31     1.52052686815458E-24   1.35326891265758E-22
 59   31     1.00000000000000E-99   1.00000000000000E-99
 60   31     2.54777105089692E-24   2.31847165631620E-22
 61   31     1.54680155027675E-19   1.42305742625461E-17
 62   31     3.94995509871836E-17   3.67345824180808E-15
 63   31     2.13241816663198E-18   2.00447307663406E-16
 64   31     1.79532698000090E-08   1.70556063100085E-06
 65   31     3.48660667571643E-18   3.34714240868777E-16
 66   31     2.89701611206049E-12   2.81010562869868E-10
 67   31     2.52363426077391E-18   2.47316157555843E-16
 68   31     1.94557193723099E-11   1.92611621785868E-09
 69   31     3.48370420864748E-17   3.48370420864748E-15
 70   31     1.00110201229126E-07   1.01111303241417E-05
 71   31     5.73888277465080E-19   5.85366043014381E-17
 72   31     4.28474641823326E-11   4.41328881078025E-09
 73   31     2.69465529886943E-19   2.80244151082421E-17
 74   31     1.88267496972769E-11   1.97680871821407E-09
 75   31     1.00000000000000E-99   1.00000000000000E-99
 76   31     1.53917604858803E-13   1.64691837198919E-11
 77   31     3.91541096594939E-13   4.22864384322534E-11
 23   32     1.00000000000000E-99   1.00000000000000E-99
 24   32     1.00000000000000E-99   1.00000000000000E-99
 25   32     1.00000000000000E-99   1.00000000000000E-99
 26   32     1.00000000000000E-99   1.00000000000000E-99
 27   32     1.00000000000000E-99   1.00000000000000E-99
 28   32     1.00000000000000E-99   1.00000000000000E-99
 29   32     1.00000000000000E-99   1.00000000000000E-99
 30   32     1.00000000000000E-99   1.00000000000000E-99
 31   32     1.00000000000000E-99   1.00000000000000E-99
 32   32     1.00000000000000E-99   1.00000000000000E-99
 33   32     1.00000000000000E-99   1.00000000000000E-99
 34   32     1.00000000000000E-99   1.00000000000000E-99
 35   32     1.00000000000000E-99   1.00000000000000E-99
 36   32     1.00000000000000E-99   1.00000000000000E-99
 37   32     1.00000000000000E-99   1.00000000000000E-99
 38   32     1.00000000000000E-99   1.00000000000000E-99
 39   32     1.00000000000000E-99   1.00000000000000E-99
 40   32     1.00000000000000E-99   1.00000000000000E-99
 41   32     1.00000000000000E-99   1.00000000000000E-99
 42   32     1.00000000000000E-99   1.00000000000000E-99
 43   32     1.00000000000000E-99   1.00000000000000E-99
 44   32     1.00000000000000E-99   1.00000000000000E-99
 45   32     1.00000000000000E-99   1.00000000000000E-99
 46   32     1.00000000000000E-99   1.00000000000000E-99
 47   32     1.00000000000000E-99   1.00000000000000E-99
 48   32     1.00000000000000E-99   1.00000000000000E-99
 49   32     1.00000000000000E-99   1.00000000000000E-99
 50   32     1.00000000000000E-99   1.00000000000000E-99
 51   32     1.00000000000000E-99   1.00000000000000E-99
 52   32     1.00000000000000E-99   1.00000000000000E-99
 53   32     1.00000000000000E-99   1.00000000000000E-99
 54   32     1.00000000000000E-99   1.00000000000000E-99
 55   32     1.00000000000000E-99   1.00000000000000E-99
 56   32     1.00000000000000E-99   1.00000000000000E-99
 57   32     1.00000000000000E-99   1.00000000000000E-99
 58   32     1.00000000000000E-99   1.00000000000000E-99
 59   32     1.00000000000000E-99   1.00000000000000E-99
 60   32     1.00000000000000E-99   1.00000000000000E-99
 61   32     4.26433997300392E-20   3.96583617489364E-18
 62   32     1.65792326235235E-17   1.55844786661121E-15
 63   32     4.10278143550182E-19   3.89764236372673E-17
 64   32     1.69475714324569E-15   1.62696685751586E-13
 65   32     5.51577140367528E-19   5.35029826156502E-17
 66   32     5.09397045723526E-16   4.99209104809055E-14
 67   32     6.49650164781355E-18   6.43153663133541E-16
 68   32     1.14714442267816E-13   1.14714442267816E-11
 69   32     7.74161829652445E-17   7.81903447948970E-15
 70   32     3.85992643972821E-07   3.93712496852277E-05
 71   32     3.48461735016381E-19   3.58915587066872E-17
 72   32     9.72038196384916E-10   1.01091972424031E-07
 73   32     2.89451317201846E-19   3.03923883061938E-17
 74   32     9.68039837821905E-10   1.02612222809122E-07
 75   32     2.62378438771348E-21   2.80744929485343E-19
 76   32     5.21955233250088E-11   5.63711651910095E-09
 77   32     6.15315901016315E-23   6.70694332107784E-21
 78   32     8.69395713094374E-11   9.56335284403812E-09
 79   32     2.33709729575811E-11   2.59417799829150E-09
 80   32     3.99988894519080E-11   4.47987561861369E-09
 24   33     1.00000000000000E-99   1.00000000000000E-99
 25   33     1.00000000000000E-99   1.00000000000000E-99
 26   33     1.00000000000000E-99   1.00000000000000E-99
 27   33     1.00000000000000E-99   1.00000000000000E-99
 28   33     1.00000000000000E-99   1.00000000000000E-99
 29   33     1.00000000000000E-99   1.00000000000000E-99
 30   33     1.00000000000000E-99   1.00000000000000E-99
 31   33     1.00000000000000E-99   1.00000000000000E-99
 32   33     1.00000000000000E-99   1.00000000000000E-99
 33   33     1.00000000000000E-99   1.00000000000000E-99
 34   33     1.00000000000000E-99   1.00000000000000E-99
 35   33     1.00000000000000E-99   1.00000000000000E-99
 36   33     1.00000000000000E-99   1.00000000000000E-99
 37   33     1.00000000000000E-99   1.00000000000000E-99
 38   33     1.00000000000000E-99   1.00000000000000E-99
 39   33     1.00000000000000E-99   1.00000000000000E-99
 40   33     1.00000000000000E-99   1.00000000000000E-99
 41   33     1.00000000000000E-99   1.00000000000000E-99
 42   33     1.00000000000000E-99   1.00000000000000E-99
 43   33     1.00000000000000E-99   1.00000000000000E-99
 44   33     1.00000000000000E-99   1.00000000000000E-99
 45   33     1.00000000000000E-99   1.00000000000000E-99
 46   33     1.00000000000000E-99   1.00000000000000E-99
 47   33     1.00000000000000E-99   1.00000000000000E-99
 48   33     1.00000000000000E-99   1.00000000000000E-99
 49   33     1.00000000000000E-99   1.00000000000000E-99
 50   33     1.00000000000000E-99   1.00000000000000E-99
 51   33     1.00000000000000E-99   1.00000000000000E-99
 52   33     1.00000000000000E-99   1.00000000000000E-99
 53   33     1.00000000000000E-99   1.00000000000000E-99
 54   33     1.00000000000000E-99   1.00000000000000E-99
 55   33     1.00000000000000E-99   1.00000000000000E-99
 56   33     1.00000000000000E-99   1.00000000000000E-99
 57   33     1.00000000000000E-99   1.00000000000000E-99
 58   33     1.00000000000000E-99   1.00000000000000E-99
 59   33     1.00000000000000E-99   1.00000000000000E-99
 60   33     1.00000000000000E-99   1.00000000000000E-99
 61   33     1.00000000000000E-99   1.00000000000000E-99
 62   33     1.00000000000000E-99   1.00000000000000E-99
 63   33     1.00000000000000E-99   1.00000000000000E-99
 64   33     1.00000000000000E-99   1.00000000000000E-99
 65   33     1.00000000000000E-99   1.00000000000000E-99
 66   33     5.05263758619448E-24   5.00211121033254E-22
 67   33     1.76187182464050E-18   1.76187182464050E-16
 68   33     6.94439873731477E-17   7.01384272468792E-15
 69   33     7.67733888872318E-18   7.83088566649764E-16
 70   33     6.89087476490391E-09   7.09760100785102E-07
 71   33     6.66222292835089E-17   6.92871184548493E-15
 72   33     3.06539338305215E-07   3.21866305220476E-05
 73   33     6.67116773485430E-18   7.07143779894556E-16
 74   33     4.23361567820795E-08   4.52996877568250E-06
 75   33     9.29695131304552E-19   1.00407074180892E-16
 76   33     2.10755349620999E-10   2.29723331086889E-08
 77   33     7.64896047311459E-18   8.41385652042604E-16
 78   33     7.68843131531911E-09   8.53415876000421E-07
 79   33     5.20230067564906E-15   5.82657675672694E-13
 80   33     2.10410711684225E-12   2.37764104203174E-10
 81   33     1.50507644010201E-09   1.71578714171629E-07
 82   33     5.16995725800550E-12   5.94545084670633E-10
 25   34     1.00000000000000E-99   1.00000000000000E-99
 26   34     1.00000000000000E-99   1.00000000000000E-99
 27   34     1.00000000000000E-99   1.00000000000000E-99
 28   34     1.00000000000000E-99   1.00000000000000E-99
 29   34     1.00000000000000E-99   1.00000000000000E-99
 30   34     1.00000000000000E-99   1.00000000000000E-99
 31   34     1.00000000000000E-99   1.00000000000000E-99
 32   34     1.00000000000000E-99   1.00000000000000E-99
 33   34     1.00000000000000E-99   1.00000000000000E-99
 34   34     1.00000000000000E-99   1.00000000000000E-99
 35   34     1.00000000000000E-99   1.00000000000000E-99
 36   34     1.00000000000000E-99   1.00000000000000E-99
 37   34     1.00000000000000E-99   1.00000000000000E-99
 38   34     1.00000000000000E-99   1.00000000000000E-99
 39   34     1.00000000000000E-99   1.00000000000000E-99
 40   34     1.00000000000000E-99   1.00000000000000E-99
 41   34     1.00000000000000E-99   1.00000000000000E-99
 42   34     1.00000000000000E-99   1.00000000000000E-99
 43   34     1.00000000000000E-99   1.00000000000000E-99
 44   34     1.00000000000000E-99   1.00000000000000E-99
 45   34     1.00000000000000E-99   1.00000000000000E-99
 46   34     1.00000000000000E-99   1.00000000000000E-99
 47   34     1.00000000000000E-99   1.00000000000000E-99
 48   34     1.00000000000000E-99   1.00000000000000E-99
 49   34     1.00000000000000E-99   1.00000000000000E-99
 50   34     1.00000000000000E-99   1.00000000000000E-99
 51   34     1.00000000000000E-99   1.00000000000000E-99
 52   34     1.00000000000000E-99   1.00000000000000E-99
 53   34     1.00000000000000E-99   1.00000000000000E-99
 54   34     1.00000000000000E-99   1.00000000000000E-99
 55   34     1.00000000000000E-99   1.00000000000000E-99
 56   34     1.00000000000000E-99   1.00000000000000E-99
 57   34     1.00000000000000E-99   1.00000000000000E-99
 58   34     1.00000000000000E-99   1.00000000000000E-99
 59   34     1.00000000000000E-99   1.00000000000000E-99
 60   34     1.00000000000000E-99   1.00000000000000E-99
 61   34     1.00000000000000E-99   1.00000000000000E-99
 62   34     1.00000000000000E-99   1.00000000000000E-99
 63   34     1.00000000000000E-99   1.00000000000000E-99
 64   34     1.00000000000000E-99   1.00000000000000E-99
 65   34     1.00000000000000E-99   1.00000000000000E-99
 66   34     1.00000000000000E-99   1.00000000000000E-99
 67   34     5.97928406565360E-20   6.03907690631013E-18
 68   34     2.96340428640368E-18   3.02267237213176E-16
 69   34     1.11651533466535E-17   1.15001079470531E-15
 70   34     1.07213227646760E-12   1.11501756752631E-10
 71   34     1.05436479447774E-16   1.10708303420163E-14
 72   34     9.28478289744738E-09   9.84186987129422E-07
 73   34     2.18494919562389E-16   2.33789563931756E-14
 74   34     4.50713619532691E-07   4.86770709095306E-05
 75   34     7.15061134641287E-17   7.79416636759003E-15
 76   34     2.47740241946124E-07   2.72514266140737E-05
 77   34     4.04930408251764E-17   4.49472753159458E-15
 78   34     2.03594408697463E-07   2.28025737741159E-05
 79   34     2.70387423680288E-20   3.05537788758726E-18
 80   34     2.51108002303820E-19   2.86263122626355E-17
 81   34     3.04683248134890E-14   3.50385735355123E-12
 82   34     2.70326647448250E-09   3.13578911039970E-07
 83   34     2.50433048639179E-11   2.93006666907839E-09
 84   34     2.89487806797514E-11   3.41595612021067E-09
 26   35     1.00000000000000E-99   1.00000000000000E-99
 27   35     1.00000000000000E-99   1.00000000000000E-99
 28   35     1.00000000000000E-99   1.00000000000000E-99
 29   35     1.00000000000000E-99   1.00000000000000E-99
 30   35     1.00000000000000E-99   1.00000000000000E-99
 31   35     1.00000000000000E-99   1.00000000000000E-99
 32   35     1.00000000000000E-99   1.00000000000000E-99
 33   35     1.00000000000000E-99   1.00000000000000E-99
 34   35     1.00000000000000E-99   1.00000000000000E-99
 35   35     1.00000000000000E-99   1.00000000000000E-99
 36   35     1.00000000000000E-99   1.00000000000000E-99
 37   35     1.00000000000000E-99   1.00000000000000E-99
 38   35     1.00000000000000E-99   1.00000000000000E-99
 39   35     1.00000000000000E-99   1.00000000000000E-99
 40   35     1.00000000000000E-99   1.00000000000000E-99
 41   35     1.00000000000000E-99   1.00000000000000E-99
 42   35     1.00000000000000E-99   1.00000000000000E-99
 43   35     1.00000000000000E-99   1.00000000000000E-99
 44   35     1.00000000000000E-99   1.00000000000000E-99
 45   35     1.00000000000000E-99   1.00000000000000E-99
 46   35     1.00000000000000E-99   1.00000000000000E-99
 47   35     1.00000000000000E-99   1.00000000000000E-99
 48   35     1.00000000000000E-99   1.00000000000000E-99
 49   35     1.00000000000000E-99   1.00000000000000E-99
 50   35     1.00000000000000E-99   1.00000000000000E-99
 51   35     1.00000000000000E-99   1.00000000000000E-99
 52   35     1.00000000000000E-99   1.00000000000000E-99
 53   35     1.00000000000000E-99   1.00000000000000E-99
 54   35     1.00000000000000E-99   1.00000000000000E-99
 55   35     1.00000000000000E-99   1.00000000000000E-99
 56   35     1.00000000000000E-99   1.00000000000000E-99
 57   35     1.00000000000000E-99   1.00000000000000E-99
 58   35     1.00000000000000E-99   1.00000000000000E-99
 59   35     1.00000000000000E-99   1.00000000000000E-99
 60   35     1.00000000000000E-99   1.00000000000000E-99
 61   35     1.00000000000000E-99   1.00000000000000E-99
 62   35     1.00000000000000E-99   1.00000000000000E-99
 63   35     1.00000000000000E-99   1.00000000000000E-99
 64   35     1.00000000000000E-99   1.00000000000000E-99
 65   35     1.00000000000000E-99   1.00000000000000E-99
 66   35     1.00000000000000E-99   1.00000000000000E-99
 67   35     1.00000000000000E-99   1.00000000000000E-99
 68   35     6.89838142649281E-24   7.10533286928759E-22
 69   35     1.13251707949618E-20   1.17781776267602E-18
 70   35     1.40154773218293E-18   1.47162511879208E-16
 71   35     4.71791371447923E-18   5.00098853734799E-16
 72   35     5.68991192750914E-16   6.08820576243478E-14
 73   35     8.66798207518391E-17   9.36142064119863E-15
 74   35     5.88882719223711E-07   6.41882163953845E-05
 75   35     1.17836474281999E-17   1.29620121710199E-15
 76   35     2.32972673153489E-17   2.58599667200372E-15
 77   35     5.98667484376086E-17   6.70507582501216E-15
 78   35     1.67524267068380E-13   1.89302421787270E-11
 79   35     4.79153328094348E-17   5.46234794027556E-15
 80   35     1.16649932692067E-17   1.34147422595877E-15
 81   35     3.14091060355292E-15   3.64345630012139E-13
 82   35     6.28247377063956E-07   7.35049431164828E-05
 83   35     2.34886234560001E-10   2.77165756780801E-08
 84   35     1.00000000000000E-99   1.00000000000000E-99
 85   35     1.60858842007396E-14   1.93030610408875E-12
 86   35     3.26714841504649E-15   3.95324958220625E-13
 27   36     1.00000000000000E-99   1.00000000000000E-99
 28   36     1.00000000000000E-99   1.00000000000000E-99
 29   36     1.00000000000000E-99   1.00000000000000E-99
 30   36     1.00000000000000E-99   1.00000000000000E-99
 31   36     1.00000000000000E-99   1.00000000000000E-99
 32   36     1.00000000000000E-99   1.00000000000000E-99
 33   36     1.00000000000000E-99   1.00000000000000E-99
 34   36     1.00000000000000E-99   1.00000000000000E-99
 35   36     1.00000000000000E-99   1.00000000000000E-99
 36   36     1.00000000000000E-99   1.00000000000000E-99
 37   36     1.00000000000000E-99   1.00000000000000E-99
 38   36     1.00000000000000E-99   1.00000000000000E-99
 39   36     1.00000000000000E-99   1.00000000000000E-99
 40   36     1.00000000000000E-99   1.00000000000000E-99
 41   36     1.00000000000000E-99   1.00000000000000E-99
 42   36     1.00000000000000E-99   1.00000000000000E-99
 43   36     1.00000000000000E-99   1.00000000000000E-99
 44   36     1.00000000000000E-99   1.00000000000000E-99
 45   36     1.00000000000000E-99   1.00000000000000E-99
 46   36     1.00000000000000E-99   1.00000000000000E-99
 47   36     1.00000000000000E-99   1.00000000000000E-99
 48   36     1.00000000000000E-99   1.00000000000000E-99
 49   36     1.00000000000000E-99   1.00000000000000E-99
 50   36     1.00000000000000E-99   1.00000000000000E-99
 51   36     1.00000000000000E-99   1.00000000000000E-99
 52   36     1.00000000000000E-99   1.00000000000000E-99
 53   36     1.00000000000000E-99   1.00000000000000E-99
 54   36     1.00000000000000E-99   1.00000000000000E-99
 55   36     1.00000000000000E-99   1.00000000000000E-99
 56   36     1.00000000000000E-99   1.00000000000000E-99
 57   36     1.00000000000000E-99   1.00000000000000E-99
 58   36     1.00000000000000E-99   1.00000000000000E-99
 59   36     1.00000000000000E-99   1.00000000000000E-99
 60   36     1.00000000000000E-99   1.00000000000000E-99
 61   36     1.00000000000000E-99   1.00000000000000E-99
 62   36     1.00000000000000E-99   1.00000000000000E-99
 63   36     1.00000000000000E-99   1.00000000000000E-99
 64   36     1.00000000000000E-99   1.00000000000000E-99
 65   36     1.00000000000000E-99   1.00000000000000E-99
 66   36     1.00000000000000E-99   1.00000000000000E-99
 67   36     1.00000000000000E-99   1.00000000000000E-99
 68   36     1.00000000000000E-99   1.00000000000000E-99
 69   36     1.00000000000000E-99   1.00000000000000E-99
 70   36     2.66574050772622E-25   2.82568493818979E-23
 71   36     1.36957819293405E-17   1.46544866643944E-15
 72   36     4.23123997338324E-15   4.56973917125390E-13
 73   36     1.83209630028512E-15   1.99698496731078E-13
 74   36     9.21199825744640E-13   1.01331980831910E-10
 75   36     9.78282006475766E-18   1.08589302718810E-15
 76   36     1.65337770734457E-17   1.85178303222592E-15
 77   36     1.53215329880981E-16   1.73133322765508E-14
 78   36     3.08658254447262E-14   3.51870410069879E-12
 79   36     1.64897733649513E-16   1.89632393696940E-14
 80   36     9.86945479457824E-15   1.14485675617108E-12
 81   36     4.12712997839989E-12   4.82874207472788E-10
 82   36     9.05220296669943E-06   1.06815995007053E-03
 83   36     4.54874079369069E-13   5.41300154449192E-11
 84   36     8.51953292351903E-18   1.02234395082228E-15
 85   36     5.52589544947973E-13   6.68633349387048E-11
 86   36     1.00000000000000E-99   1.00000000000000E-99
 87   36     8.23141197514669E-13   1.01246367294304E-10
 88   36     4.97300158066992E-14   6.16652196003071E-12
 29   37     1.00000000000000E-99   1.00000000000000E-99
 30   37     1.00000000000000E-99   1.00000000000000E-99
 31   37     1.00000000000000E-99   1.00000000000000E-99
 32   37     1.00000000000000E-99   1.00000000000000E-99
 33   37     1.00000000000000E-99   1.00000000000000E-99
 34   37     1.00000000000000E-99   1.00000000000000E-99
 35   37     1.00000000000000E-99   1.00000000000000E-99
 36   37     1.00000000000000E-99   1.00000000000000E-99
 37   37     1.00000000000000E-99   1.00000000000000E-99
 38   37     1.00000000000000E-99   1.00000000000000E-99
 39   37     1.00000000000000E-99   1.00000000000000E-99
 40   37     1.00000000000000E-99   1.00000000000000E-99
 41   37     1.00000000000000E-99   1.00000000000000E-99
 42   37     1.00000000000000E-99   1.00000000000000E-99
 43   37     1.00000000000000E-99   1.00000000000000E-99
 44   37     1.00000000000000E-99   1.00000000000000E-99
 45   37     1.00000000000000E-99   1.00000000000000E-99
 46   37     1.00000000000000E-99   1.00000000000000E-99
 47   37     1.00000000000000E-99   1.00000000000000E-99
 48   37     1.00000000000000E-99   1.00000000000000E-99
 49   37     1.00000000000000E-99   1.00000000000000E-99
 50   37     1.00000000000000E-99   1.00000000000000E-99
 51   37     1.00000000000000E-99   1.00000000000000E-99
 52   37     1.00000000000000E-99   1.00000000000000E-99
 53   37     1.00000000000000E-99   1.00000000000000E-99
 54   37     1.00000000000000E-99   1.00000000000000E-99
 55   37     1.00000000000000E-99   1.00000000000000E-99
 56   37     1.00000000000000E-99   1.00000000000000E-99
 57   37     1.00000000000000E-99   1.00000000000000E-99
 58   37     1.00000000000000E-99   1.00000000000000E-99
 59   37     1.00000000000000E-99   1.00000000000000E-99
 60   37     1.00000000000000E-99   1.00000000000000E-99
 61   37     1.00000000000000E-99   1.00000000000000E-99
 62   37     1.00000000000000E-99   1.00000000000000E-99
 63   37     1.00000000000000E-99   1.00000000000000E-99
 64   37     1.00000000000000E-99   1.00000000000000E-99
 65   37     1.00000000000000E-99   1.00000000000000E-99
 66   37     1.00000000000000E-99   1.00000000000000E-99
 67   37     1.00000000000000E-99   1.00000000000000E-99
 68   37     1.00000000000000E-99   1.00000000000000E-99
 69   37     1.00000000000000E-99   1.00000000000000E-99
 70   37     1.00000000000000E-99   1.00000000000000E-99
 71   37     7.56864786255965E-25   8.17413969156442E-23
 72   37     2.35487001710189E-22   2.56680831864106E-20
 73   37     7.59406328161829E-23   8.35346960978012E-21
 74   37     1.71214234258975E-22   1.90047800027462E-20
 75   37     1.50154301017448E-24   1.68172817139542E-22
 76   37     1.13148210740768E-22   1.27857478137068E-20
 77   37     5.88221114616948E-24   6.70572070663321E-22
 78   37     8.30117969344557E-22   9.54635664746240E-20
 79   37     1.61017165540873E-17   1.86779912027412E-15
 80   37     1.11619430173673E-16   1.30594733303197E-14
 81   37     3.92603189033322E-15   4.63271763059321E-13
 82   37     4.73157888867867E-05   5.63057887752762E-03
 83   37     5.13620695882869E-12   6.16344835059442E-10
 84   37     1.63647615000896E-12   1.98013614151084E-10
 85   37     2.15785706060215E-11   2.63258561393462E-09
 86   37     1.09232395168361E-16   1.34355846057084E-14
 87   37     3.27459015629107E-12   4.06049179380093E-10
 88   37     1.00000000000000E-99   1.00000000000000E-99
 89   37     4.73684673985991E-17   5.96842689222348E-15
 90   37     2.13682598140573E-15   2.71376899638528E-13
 91   37     2.16554245885313E-16   2.77189434733200E-14
 30   38     1.00000000000000E-99   1.00000000000000E-99
 31   38     1.00000000000000E-99   1.00000000000000E-99
 32   38     1.00000000000000E-99   1.00000000000000E-99
 33   38     1.00000000000000E-99   1.00000000000000E-99
 34   38     1.00000000000000E-99   1.00000000000000E-99
 35   38     1.00000000000000E-99   1.00000000000000E-99
 36   38     1.00000000000000E-99   1.00000000000000E-99
 37   38     1.00000000000000E-99   1.00000000000000E-99
 38   38     1.00000000000000E-99   1.00000000000000E-99
 39   38     1.00000000000000E-99   1.00000000000000E-99
 40   38     1.00000000000000E-99   1.00000000000000E-99
 41   38     1.00000000000000E-99   1.00000000000000E-99
 42   38     1.00000000000000E-99   1.00000000000000E-99
 43   38     1.00000000000000E-99   1.00000000000000E-99
 44   38     1.00000000000000E-99   1.00000000000000E-99
 45   38     1.00000000000000E-99   1.00000000000000E-99
 46   38     1.00000000000000E-99   1.00000000000000E-99
 47   38     1.00000000000000E-99   1.00000000000000E-99
 48   38     1.00000000000000E-99   1.00000000000000E-99
 49   38     1.00000000000000E-99   1.00000000000000E-99
 50   38     1.00000000000000E-99   1.00000000000000E-99
 51   38     1.00000000000000E-99   1.00000000000000E-99
 52   38     1.00000000000000E-99   1.00000000000000E-99
 53   38     1.00000000000000E-99   1.00000000000000E-99
 54   38     1.00000000000000E-99   1.00000000000000E-99
 55   38     1.00000000000000E-99   1.00000000000000E-99
 56   38     1.00000000000000E-99   1.00000000000000E-99
 57   38     1.00000000000000E-99   1.00000000000000E-99
 58   38     1.00000000000000E-99   1.00000000000000E-99
 59   38     1.00000000000000E-99   1.00000000000000E-99
 60   38     1.00000000000000E-99   1.00000000000000E-99
 61   38     1.00000000000000E-99   1.00000000000000E-99
 62   38     1.00000000000000E-99   1.00000000000000E-99
 63   38     1.00000000000000E-99   1.00000000000000E-99
 64   38     1.00000000000000E-99   1.00000000000000E-99
 65   38     1.00000000000000E-99   1.00000000000000E-99
 66   38     1.00000000000000E-99   1.00000000000000E-99
 67   38     1.00000000000000E-99   1.00000000000000E-99
 68   38     1.00000000000000E-99   1.00000000000000E-99
 69   38     1.00000000000000E-99   1.00000000000000E-99
 70   38     1.00000000000000E-99   1.00000000000000E-99
 71   38     1.00000000000000E-99   1.00000000000000E-99
 72   38     1.00000000000000E-99   1.00000000000000E-99
 73   38     1.00000000000000E-99   1.00000000000000E-99
 74   38     1.00000000000000E-99   1.00000000000000E-99
 75   38     1.00000000000000E-99   1.00000000000000E-99
 76   38     1.00000000000000E-99   1.00000000000000E-99
 77   38     1.00000000000000E-99   1.00000000000000E-99
 78   38     1.97130390942900E-24   2.28671253493765E-22
 79   38     8.99934937869421E-16   1.05292387730722E-13
 80   38     1.99342982893831E-15   2.35224719814720E-13
 81   38     6.18879868446376E-15   7.36467043451187E-13
 82   38     2.14429411669501E-04   2.57315294003402E-02
 83   38     4.64345043594056E-19   5.61857502748808E-17
 84   38     4.76571955986374E-10   5.81417786303376E-08
 85   38     3.21855332675663E-11   3.95882059191065E-09
 86   38     4.13569238823258E-13   5.12825856140840E-11
 87   38     1.02486748958176E-13   1.28108436197720E-11
 88   38     2.37011338093992E-15   2.98634285998430E-13
 89   38     6.59536086954753E-23   8.37610830432536E-21
 90   38     2.48532132738815E-13   3.18121129905683E-11
 91   38     4.99881712488601E-15   6.44847409110296E-13
 92   38     2.25493815213380E-13   2.93141959777394E-11
 93   38     5.72693056018703E-14   7.50227903384502E-12
 31   39     1.00000000000000E-99   1.00000000000000E-99
 32   39     1.00000000000000E-99   1.00000000000000E-99
 33   39     1.00000000000000E-99   1.00000000000000E-99
 34   39     1.00000000000000E-99   1.00000000000000E-99
 35   39     1.00000000000000E-99   1.00000000000000E-99
 36   39     1.00000000000000E-99   1.00000000000000E-99
 37   39     1.00000000000000E-99   1.00000000000000E-99
 38   39     1.00000000000000E-99   1.00000000000000E-99
 39   39     1.00000000000000E-99   1.00000000000000E-99
 40   39     1.00000000000000E-99   1.00000000000000E-99
 41   39     1.00000000000000E-99   1.00000000000000E-99
 42   39     1.00000000000000E-99   1.00000000000000E-99
 43   39     1.00000000000000E-99   1.00000000000000E-99
 44   39     1.00000000000000E-99   1.00000000000000E-99
 45   39     1.00000000000000E-99   1.00000000000000E-99
 46   39     1.00000000000000E-99   1.00000000000000E-99
 47   39     1.00000000000000E-99   1.00000000000000E-99
 48   39     1.00000000000000E-99   1.00000000000000E-99
 49   39     1.00000000000000E-99   1.00000000000000E-99
 50   39     1.00000000000000E-99   1.00000000000000E-99
 51   39     1.00000000000000E-99   1.00000000000000E-99
 52   39     1.00000000000000E-99   1.00000000000000E-99
 53   39     1.00000000000000E-99   1.00000000000000E-99
 54   39     1.00000000000000E-99   1.00000000000000E-99
 55   39     1.00000000000000E-99   1.00000000000000E-99
 56   39     1.00000000000000E-99   1.00000000000000E-99
 57   39     1.00000000000000E-99   1.00000000000000E-99
 58   39     1.00000000000000E-99   1.00000000000000E-99
 59   39     1.00000000000000E-99   1.00000000000000E-99
 60   39     1.00000000000000E-99   1.00000000000000E-99
 61   39     1.00000000000000E-99   1.00000000000000E-99
 62   39     1.00000000000000E-99   1.00000000000000E-99
 63   39     1.00000000000000E-99   1.00000000000000E-99
 64   39     1.00000000000000E-99   1.00000000000000E-99
 65   39     1.00000000000000E-99   1.00000000000000E-99
 66   39     1.00000000000000E-99   1.00000000000000E-99
 67   39     1.00000000000000E-99   1.00000000000000E-99
 68   39     1.00000000000000E-99   1.00000000000000E-99
 69   39     1.00000000000000E-99   1.00000000000000E-99
 70   39     1.00000000000000E-99   1.00000000000000E-99
 71   39     1.00000000000000E-99   1.00000000000000E-99
 72   39     1.00000000000000E-99   1.00000000000000E-99
 73   39     1.00000000000000E-99   1.00000000000000E-99
 74   39     1.00000000000000E-99   1.00000000000000E-99
 75   39     1.00000000000000E-99   1.00000000000000E-99
 76   39     1.00000000000000E-99   1.00000000000000E-99
 77   39     1.00000000000000E-99   1.00000000000000E-99
 78   39     1.74789129427288E-25   2.04503281429927E-23
 79   39     6.04926093154255E-17   7.13812789922021E-15
 80   39     8.41543398462798E-16   1.00143664417073E-13
 81   39     3.70208524885969E-15   4.44250229863162E-13
 82   39     3.05331071402177E-04   3.69450596396634E-02
 83   39     4.36140870203941E-18   5.32091861648809E-16
 84   39     5.02324071770533E-07   6.17858608277755E-05
 85   39     3.54473696183098E-16   4.39547383267042E-14
 86   39     3.59306987269659E-16   4.49133734087074E-14
 87   39     8.13539857437724E-13   1.02506022037153E-10
 88   39     4.69306583144684E-19   5.96019360593749E-17
 89   39     3.24239066198136E-21   4.15026004733614E-19
 90   39     1.82514338801816E-11   2.35443497054343E-09
 91   39     2.58354024288961E-16   3.35860231575650E-14
 92   39     2.55625737443222E-13   3.34869716050621E-11
 93   39     1.00000000000000E-99   1.00000000000000E-99
 94   39     2.75880030398473E-16   3.66920440429969E-14
 95   39     1.21783027489750E-16   1.63189256836265E-14
 32   40     1.00000000000000E-99   1.00000000000000E-99
 33   40     1.00000000000000E-99   1.00000000000000E-99
 34   40     1.00000000000000E-99   1.00000000000000E-99
 35   40     1.00000000000000E-99   1.00000000000000E-99
 36   40     1.00000000000000E-99   1.00000000000000E-99
 37   40     1.00000000000000E-99   1.00000000000000E-99
 38   40     1.00000000000000E-99   1.00000000000000E-99
 39   40     1.00000000000000E-99   1.00000000000000E-99
 40   40     1.00000000000000E-99   1.00000000000000E-99
 41   40     1.00000000000000E-99   1.00000000000000E-99
 42   40     1.00000000000000E-99   1.00000000000000E-99
 43   40     1.00000000000000E-99   1.00000000000000E-99
 44   40     1.00000000000000E-99   1.00000000000000E-99
 45   40     1.00000000000000E-99   1.00000000000000E-99
 46   40     1.00000000000000E-99   1.00000000000000E-99
 47   40     1.00000000000000E-99   1.00000000000000E-99
 48   40     1.00000000000000E-99   1.00000000000000E-99
 49   40     1.00000000000000E-99   1.00000000000000E-99
 50   40     1.00000000000000E-99   1.00000000000000E-99
 51   40     1.00000000000000E-99   1.00000000000000E-99
 52   40     1.00000000000000E-99   1.00000000000000E-99
 53   40     1.00000000000000E-99   1.00000000000000E-99
 54   40     1.00000000000000E-99   1.00000000000000E-99
 55   40     1.00000000000000E-99   1.00000000000000E-99
 56   40     1.00000000000000E-99   1.00000000000000E-99
 57   40     1.00000000000000E-99   1.00000000000000E-99
 58   40     1.00000000000000E-99   1.00000000000000E-99
 59   40     1.00000000000000E-99   1.00000000000000E-99
 60   40     1.00000000000000E-99   1.00000000000000E-99
 61   40     1.00000000000000E-99   1.00000000000000E-99
 62   40     1.00000000000000E-99   1.00000000000000E-99
 63   40     1.00000000000000E-99   1.00000000000000E-99
 64   40     1.00000000000000E-99   1.00000000000000E-99
 65   40     1.00000000000000E-99   1.00000000000000E-99
 66   40     1.00000000000000E-99   1.00000000000000E-99
 67   40     1.00000000000000E-99   1.00000000000000E-99
 68   40     1.00000000000000E-99   1.00000000000000E-99
 69   40     1.00000000000000E-99   1.00000000000000E-99
 70   40     1.00000000000000E-99   1.00000000000000E-99
 71   40     1.00000000000000E-99   1.00000000000000E-99
 72   40     1.00000000000000E-99   1.00000000000000E-99
 73   40     1.00000000000000E-99   1.00000000000000E-99
 74   40     1.00000000000000E-99   1.00000000000000E-99
 75   40     1.00000000000000E-99   1.00000000000000E-99
 76   40     1.00000000000000E-99   1.00000000000000E-99
 77   40     1.00000000000000E-99   1.00000000000000E-99
 78   40     1.43750343661219E-25   1.69625405520239E-23
 79   40     7.00840435583640E-16   8.34000118344532E-14
 80   40     4.91420237018155E-15   5.89704284421786E-13
 81   40     8.40219507272936E-14   1.01666560380025E-11
 82   40     3.47099400035169E-04   4.23461268042906E-02
 83   40     2.60615141374770E-15   3.20556623890967E-13
 84   40     2.93012498803627E-06   3.63335498516498E-04
 85   40     1.19533011302373E-23   1.49416264127966E-21
 86   40     1.28915148364409E-08   1.62433086939155E-06
 87   40     9.06859752694267E-11   1.15171188592172E-08
 88   40     3.30905483476816E-15   4.23559018850324E-13
 89   40     1.42813175958129E-19   1.84228996985986E-17
 90   40     1.42790486038331E-10   1.85627631849830E-08
 91   40     2.15956787592961E-20   2.82903391746778E-18
 92   40     9.26254247920344E-13   1.22265560725485E-10
 93   40     6.38208818011954E-23   8.48817727955899E-21
 94   40     1.81675487576692E-14   2.43445153352767E-12
 95   40     1.00000000000000E-99   1.00000000000000E-99
 96   40     3.05907844045571E-14   4.16034667901976E-12
 97   40     7.71339465030468E-15   1.05673506709174E-12
 33   41     1.00000000000000E-99   1.00000000000000E-99
 34   41     1.00000000000000E-99   1.00000000000000E-99
 35   41     1.00000000000000E-99   1.00000000000000E-99
 36   41     1.00000000000000E-99   1.00000000000000E-99
 37   41     1.00000000000000E-99   1.00000000000000E-99
 38   41     1.00000000000000E-99   1.00000000000000E-99
 39   41     1.00000000000000E-99   1.00000000000000E-99
 40   41     1.00000000000000E-99   1.00000000000000E-99
 41   41     1.00000000000000E-99   1.00000000000000E-99
 42   41     1.00000000000000E-99   1.00000000000000E-99
 43   41     1.00000000000000E-99   1.00000000000000E-99
 44   41     1.00000000000000E-99   1.00000000000000E-99
 45   41     1.00000000000000E-99   1.00000000000000E-99
 46   41     1.00000000000000E-99   1.00000000000000E-99
 47   41     1.00000000000000E-99   1.00000000000000E-99
 48   41     1.00000000000000E-99   1.00000000000000E-99
 49   41     1.00000000000000E-99   1.00000000000000E-99
 50   41     1.00000000000000E-99   1.00000000000000E-99
 51   41     1.00000000000000E-99   1.00000000000000E-99
 52   41     1.00000000000000E-99   1.00000000000000E-99
 53   41     1.00000000000000E-99   1.00000000000000E-99
 54   41     1.00000000000000E-99   1.00000000000000E-99
 55   41     1.00000000000000E-99   1.00000000000000E-99
 56   41     1.00000000000000E-99   1.00000000000000E-99
 57   41     1.00000000000000E-99   1.00000000000000E-99
 58   41     1.00000000000000E-99   1.00000000000000E-99
 59   41     1.00000000000000E-99   1.00000000000000E-99
 60   41     1.00000000000000E-99   1.00000000000000E-99
 61   41     1.00000000000000E-99   1.00000000000000E-99
 62   41     1.00000000000000E-99   1.00000000000000E-99
 63   41     1.00000000000000E-99   1.00000000000000E-99
 64   41     1.00000000000000E-99   1.00000000000000E-99
 65   41     1.00000000000000E-99   1.00000000000000E-99
 66   41     1.00000000000000E-99   1.00000000000000E-99
 67   41     1.00000000000000E-99   1.00000000000000E-99
 68   41     1.00000000000000E-99   1.00000000000000E-99
 69   41     1.00000000000000E-99   1.00000000000000E-99
 70   41     1.00000000000000E-99   1.00000000000000E-99
 71   41     1.00000000000000E-99   1.00000000000000E-99
 72   41     1.00000000000000E-99   1.00000000000000E-99
 73   41     1.00000000000000E-99   1.00000000000000E-99
 74   41     1.00000000000000E-99   1.00000000000000E-99
 75   41     1.00000000000000E-99   1.00000000000000E-99
 76   41     1.00000000000000E-99   1.00000000000000E-99
 77   41     1.00000000000000E-99   1.00000000000000E-99
 78   41     1.00000000000000E-99   1.00000000000000E-99
 79   41     7.61976785443217E-18   9.14372142531860E-16
 80   41     2.13674015290637E-17   2.58545558501671E-15
 81   41     8.69270854156318E-16   1.06051044207071E-13
 82   41     2.00508880877043E-10   2.46625923478763E-08
 83   41     3.93374413659317E-14   4.87784272937553E-12
 84   41     6.21648150885408E-05   7.77060188606761E-03
 85   41     5.60291514442387E-17   7.05967308197407E-15
 86   41     8.43920195920427E-08   1.07177864881894E-05
 87   41     1.04172825558037E-14   1.33341216714288E-12
 88   41     2.60427656157593E-10   3.35951676443294E-08
 89   41     5.24720043106810E-20   6.82136056038853E-18
 90   41     2.39732078368742E-10   3.14049022663052E-08
 91   41     4.69495023212616E-22   6.19733430640654E-20
 92   41     9.88873044253908E-11   1.31520114885770E-08
 93   41     6.95694267753607E-22   9.32230318789834E-20
 94   41     1.21051102986523E-11   1.63418989031806E-09
 95   41     8.15892741213335E-19   1.10961412805014E-16
 96   41     1.76998844867096E-13   2.42488417467922E-11
 97   41     1.00000000000000E-99   1.00000000000000E-99
 98   41     5.78720674699872E-17   8.04421737832822E-15
 99   41     7.08842586231227E-17   9.92379620723718E-15
 35   42     1.00000000000000E-99   1.00000000000000E-99
 36   42     1.00000000000000E-99   1.00000000000000E-99
 37   42     1.00000000000000E-99   1.00000000000000E-99
 38   42     1.00000000000000E-99   1.00000000000000E-99
 39   42     1.00000000000000E-99   1.00000000000000E-99
 40   42     1.00000000000000E-99   1.00000000000000E-99
 41   42     1.00000000000000E-99   1.00000000000000E-99
 42   42     1.00000000000000E-99   1.00000000000000E-99
 43   42     1.00000000000000E-99   1.00000000000000E-99
 44   42     1.00000000000000E-99   1.00000000000000E-99
 45   42     1.00000000000000E-99   1.00000000000000E-99
 46   42     1.00000000000000E-99   1.00000000000000E-99
 47   42     1.00000000000000E-99   1.00000000000000E-99
 48   42     1.00000000000000E-99   1.00000000000000E-99
 49   42     1.00000000000000E-99   1.00000000000000E-99
 50   42     1.00000000000000E-99   1.00000000000000E-99
 51   42     1.00000000000000E-99   1.00000000000000E-99
 52   42     1.00000000000000E-99   1.00000000000000E-99
 53   42     1.00000000000000E-99   1.00000000000000E-99
 54   42     1.00000000000000E-99   1.00000000000000E-99
 55   42     1.00000000000000E-99   1.00000000000000E-99
 56   42     1.00000000000000E-99   1.00000000000000E-99
 57   42     1.00000000000000E-99   1.00000000000000E-99
 58   42     1.00000000000000E-99   1.00000000000000E-99
 59   42     1.00000000000000E-99   1.00000000000000E-99
 60   42     1.00000000000000E-99   1.00000000000000E-99
 61   42     1.00000000000000E-99   1.00000000000000E-99
 62   42     1.00000000000000E-99   1.00000000000000E-99
 63   42     1.00000000000000E-99   1.00000000000000E-99
 64   42     1.00000000000000E-99   1.00000000000000E-99
 65   42     1.00000000000000E-99   1.00000000000000E-99
 66   42     1.00000000000000E-99   1.00000000000000E-99
 67   42     1.00000000000000E-99   1.00000000000000E-99
 68   42     1.00000000000000E-99   1.00000000000000E-99
 69   42     1.00000000000000E-99   1.00000000000000E-99
 70   42     1.00000000000000E-99   1.00000000000000E-99
 71   42     1.00000000000000E-99   1.00000000000000E-99
 72   42     1.00000000000000E-99   1.00000000000000E-99
 73   42     1.00000000000000E-99   1.00000000000000E-99
 74   42     1.00000000000000E-99   1.00000000000000E-99
 75   42     1.00000000000000E-99   1.00000000000000E-99
 76   42     1.00000000000000E-99   1.00000000000000E-99
 77   42     1.00000000000000E-99   1.00000000000000E-99
 78   42     1.00000000000000E-99   1.00000000000000E-99
 79   42     2.07529962754959E-23   2.51111254933500E-21
 80   42     4.45725049501071E-22   5.43784560391307E-20
 81   42     1.68382237080125E-15   2.07110151608553E-13
 82   42     5.56364638537342E-12   6.89892151786304E-10
 83   42     1.81820658436096E-13   2.27275823045121E-11
 84   42     3.67847683526845E-05   4.63488081243825E-03
 85   42     1.47883194881540E-16   1.87811657499556E-14
 86   42     4.16327288123720E-07   5.32898928798361E-05
 87   42     1.30035191095748E-18   1.67745396513515E-16
 88   42     6.71142476719763E-10   8.72485219735692E-08
 89   42     1.42898348680400E-19   1.87196836771324E-17
 90   42     1.20063444722411E-09   1.58483747033583E-07
 91   42     1.65264207648992E-19   2.19801396173159E-17
 92   42     1.03872434561177E-09   1.39189062311977E-07
 93   42     6.10822373983445E-20   8.24610204877651E-18
 94   42     3.32003439789747E-10   4.51524678114055E-08
 95   42     1.79639940162506E-20   2.46106718022633E-18
 96   42     4.03441631467891E-11   5.56749451425690E-09
 97   42     8.67500144007712E-24   1.20582520017072E-21
 98   42     1.36746770015346E-14   1.91445478021484E-12
 99   42     1.00000000000000E-99   1.00000000000000E-99
100   42     5.95275882280475E-15   8.45291752838275E-13
101   42     2.62741960552995E-15   3.75721003590783E-13
102   42     1.75911511575318E-14   2.53312576668457E-12
 36   43     1.00000000000000E-99   1.00000000000000E-99
 37   43     1.00000000000000E-99   1.00000000000000E-99
 38   43     1.00000000000000E-99   1.00000000000000E-99
 39   43     1.00000000000000E-99   1.00000000000000E-99
 40   43     1.00000000000000E-99   1.00000000000000E-99
 41   43     1.00000000000000E-99   1.00000000000000E-99
 42   43     1.00000000000000E-99   1.00000000000000E-99
 43   43     1.00000000000000E-99   1.00000000000000E-99
 44   43     1.00000000000000E-99   1.00000000000000E-99
 45   43     1.00000000000000E-99   1.00000000000000E-99
 46   43     1.00000000000000E-99   1.00000000000000E-99
 47   43     1.00000000000000E-99   1.00000000000000E-99
 48   43     1.00000000000000E-99   1.00000000000000E-99
 49   43     1.00000000000000E-99   1.00000000000000E-99
 50   43     1.00000000000000E-99   1.00000000000000E-99
 51   43     1.00000000000000E-99   1.00000000000000E-99
 52   43     1.00000000000000E-99   1.00000000000000E-99
 53   43     1.00000000000000E-99   1.00000000000000E-99
 54   43     1.00000000000000E-99   1.00000000000000E-99
 55   43     1.00000000000000E-99   1.00000000000000E-99
 56   43     1.00000000000000E-99   1.00000000000000E-99
 57   43     1.00000000000000E-99   1.00000000000000E-99
 58   43     1.00000000000000E-99   1.00000000000000E-99
 59   43     1.00000000000000E-99   1.00000000000000E-99
 60   43     1.00000000000000E-99   1.00000000000000E-99
 61   43     1.00000000000000E-99   1.00000000000000E-99
 62   43     1.00000000000000E-99   1.00000000000000E-99
 63   43     1.00000000000000E-99   1.00000000000000E-99
 64   43     1.00000000000000E-99   1.00000000000000E-99
 65   43     1.00000000000000E-99   1.00000000000000E-99
 66   43     1.00000000000000E-99   1.00000000000000E-99
 67   43     1.00000000000000E-99   1.00000000000000E-99
 68   43     1.00000000000000E-99   1.00000000000000E-99
 69   43     1.00000000000000E-99   1.00000000000000E-99
 70   43     1.00000000000000E-99   1.00000000000000E-99
 71   43     1.00000000000000E-99   1.00000000000000E-99
 72   43     1.00000000000000E-99   1.00000000000000E-99
 73   43     1.00000000000000E-99   1.00000000000000E-99
 74   43     1.00000000000000E-99   1.00000000000000E-99
 75   43     1.00000000000000E-99   1.00000000000000E-99
 76   43     1.00000000000000E-99   1.00000000000000E-99
 77   43     1.00000000000000E-99   1.00000000000000E-99
 78   43     1.00000000000000E-99   1.00000000000000E-99
 79   43     1.00000000000000E-99   1.00000000000000E-99
 80   43     1.00000000000000E-99   1.00000000000000E-99
 81   43     4.82753896610162E-18   5.98614831796601E-16
 82   43     3.24138040901212E-14   4.05172551126515E-12
 83   43     1.77224757258177E-16   2.23303194145303E-14
 84   43     1.65402550803688E-11   2.10061239520684E-09
 85   43     1.45844841154655E-15   1.86681396677959E-13
 86   43     8.92000319642675E-06   1.15068041233905E-03
 87   43     9.50148188218582E-20   1.23519264468416E-17
 88   43     1.66400470618349E-09   2.17984616510037E-07
 89   43     3.68159869565956E-20   4.85971027827061E-18
 90   43     2.64775162889666E-15   3.52150966643256E-13
 91   43     1.02901130967889E-19   1.37887515496971E-17
 92   43     4.74215932050905E-09   6.40191508268722E-07
 93   43     1.20006220773415E-19   1.63208460251845E-17
 94   43     1.34012693029415E-09   1.83597389450299E-07
 95   43     2.55648554365906E-20   3.52795005024950E-18
 96   43     2.71843662347681E-10   3.77862690663277E-08
 97   43     2.58622291129010E-22   3.62071207580615E-20
 98   43     4.46149374420274E-12   6.29070617932586E-10
 99   43     6.73352639585180E-22   9.56160748210956E-20
100   43     5.82429631152595E-12   8.32874372548212E-10
101   43     1.34277134433083E-17   1.93359073583640E-15
102   43     7.90437488621076E-17   1.14613435850056E-14
103   43     3.98842243975034E-18   5.82309676203549E-16
104   43     8.60554857153553E-19   1.26501564001572E-16
 37   44     1.00000000000000E-99   1.00000000000000E-99
 38   44     1.00000000000000E-99   1.00000000000000E-99
 39   44     1.00000000000000E-99   1.00000000000000E-99
 40   44     1.00000000000000E-99   1.00000000000000E-99
 41   44     1.00000000000000E-99   1.00000000000000E-99
 42   44     1.00000000000000E-99   1.00000000000000E-99
 43   44     1.00000000000000E-99   1.00000000000000E-99
 44   44     1.00000000000000E-99   1.00000000000000E-99
 45   44     1.00000000000000E-99   1.00000000000000E-99
 46   44     1.00000000000000E-99   1.00000000000000E-99
 47   44     1.00000000000000E-99   1.00000000000000E-99
 48   44     1.00000000000000E-99   1.00000000000000E-99
 49   44     1.00000000000000E-99   1.00000000000000E-99
 50   44     1.00000000000000E-99   1.00000000000000E-99
 51   44     1.00000000000000E-99   1.00000000000000E-99
 52   44     1.00000000000000E-99   1.00000000000000E-99
 53   44     1.00000000000000E-99   1.00000000000000E-99
 54   44     1.00000000000000E-99   1.00000000000000E-99
 55   44     1.00000000000000E-99   1.00000000000000E-99
 56   44     1.00000000000000E-99   1.00000000000000E-99
 57   44     1.00000000000000E-99   1.00000000000000E-99
 58   44     1.00000000000000E-99   1.00000000000000E-99
 59   44     1.00000000000000E-99   1.00000000000000E-99
 60   44     1.00000000000000E-99   1.00000000000000E-99
 61   44     1.00000000000000E-99   1.00000000000000E-99
 62   44     1.00000000000000E-99   1.00000000000000E-99
 63   44     1.00000000000000E-99   1.00000000000000E-99
 64   44     1.00000000000000E-99   1.00000000000000E-99
 65   44     1.00000000000000E-99   1.00000000000000E-99
 66   44     1.00000000000000E-99   1.00000000000000E-99
 67   44     1.00000000000000E-99   1.00000000000000E-99
 68   44     1.00000000000000E-99   1.00000000000000E-99
 69   44     1.00000000000000E-99   1.00000000000000E-99
 70   44     1.00000000000000E-99   1.00000000000000E-99
 71   44     1.00000000000000E-99   1.00000000000000E-99
 72   44     1.00000000000000E-99   1.00000000000000E-99
 73   44     1.00000000000000E-99   1.00000000000000E-99
 74   44     1.00000000000000E-99   1.00000000000000E-99
 75   44     1.00000000000000E-99   1.00000000000000E-99
 76   44     1.00000000000000E-99   1.00000000000000E-99
 77   44     1.00000000000000E-99   1.00000000000000E-99
 78   44     1.00000000000000E-99   1.00000000000000E-99
 79   44     1.00000000000000E-99   1.00000000000000E-99
 80   44     1.00000000000000E-99   1.00000000000000E-99
 81   44     3.06510055051087E-23   3.83137568813858E-21
 82   44     9.16761994855494E-21   1.15512011351792E-18
 83   44     1.67707193422257E-15   2.12988135646266E-13
 84   44     1.11628397865633E-13   1.42884349268010E-11
 85   44     2.92526056686191E-15   3.77358613125186E-13
 86   44     3.74323940201034E-06   4.86621122261344E-04
 87   44     3.21601066093929E-19   4.21297396583047E-17
 88   44     8.02282154510443E-10   1.05901244395378E-07
 89   44     3.91519429380650E-19   5.20720841076264E-17
 90   44     7.51453272909420E-14   1.00694738569862E-11
 91   44     8.67284736128412E-19   1.17083439377336E-16
 92   44     1.00103793542807E-08   1.36141159218218E-06
 93   44     4.12222785154494E-19   5.64745215661656E-17
 94   44     5.69063343764959E-09   7.85307414395644E-07
 95   44     2.97165007317277E-19   4.13059360171016E-17
 96   44     1.20650571820375E-09   1.68910800548524E-07
 97   44     4.60072438957788E-20   6.48702138930481E-18
 98   44     1.91557723153151E-10   2.72011966877474E-08
 99   44     3.50817191066614E-20   5.01668583225259E-18
100   44     7.01062910167576E-11   1.00953059064131E-08
101   44     1.18605222050655E-22   1.71977571973449E-20
102   44     7.51247966977379E-12   1.09682203178697E-09
103   44     6.47412909798411E-18   9.51696977403664E-16
104   44     8.18185984682034E-18   1.21091525732941E-15
105   44     8.82993307308498E-18   1.31566002788966E-15
106   44     5.01787765097627E-17   7.52681647646441E-15
 38   45     1.00000000000000E-99   1.00000000000000E-99
 39   45     1.00000000000000E-99   1.00000000000000E-99
 40   45     1.00000000000000E-99   1.00000000000000E-99
 41   45     1.00000000000000E-99   1.00000000000000E-99
 42   45     1.00000000000000E-99   1.00000000000000E-99
 43   45     1.00000000000000E-99   1.00000000000000E-99
 44   45     1.00000000000000E-99   1.00000000000000E-99
 45   45     1.00000000000000E-99   1.00000000000000E-99
 46   45     1.00000000000000E-99   1.00000000000000E-99
 47   45     1.00000000000000E-99   1.00000000000000E-99
 48   45     1.00000000000000E-99   1.00000000000000E-99
 49   45     1.00000000000000E-99   1.00000000000000E-99
 50   45     1.00000000000000E-99   1.00000000000000E-99
 51   45     1.00000000000000E-99   1.00000000000000E-99
 52   45     1.00000000000000E-99   1.00000000000000E-99
 53   45     1.00000000000000E-99   1.00000000000000E-99
 54   45     1.00000000000000E-99   1.00000000000000E-99
 55   45     1.00000000000000E-99   1.00000000000000E-99
 56   45     1.00000000000000E-99   1.00000000000000E-99
 57   45     1.00000000000000E-99   1.00000000000000E-99
 58   45     1.00000000000000E-99   1.00000000000000E-99
 59   45     1.00000000000000E-99   1.00000000000000E-99
 60   45     1.00000000000000E-99   1.00000000000000E-99
 61   45     1.00000000000000E-99   1.00000000000000E-99
 62   45     1.00000000000000E-99   1.00000000000000E-99
 63   45     1.00000000000000E-99   1.00000000000000E-99
 64   45     1.00000000000000E-99   1.00000000000000E-99
 65   45     1.00000000000000E-99   1.00000000000000E-99
 66   45     1.00000000000000E-99   1.00000000000000E-99
 67   45     1.00000000000000E-99   1.00000000000000E-99
 68   45     1.00000000000000E-99   1.00000000000000E-99
 69   45     1.00000000000000E-99   1.00000000000000E-99
 70   45     1.00000000000000E-99   1.00000000000000E-99
 71   45     1.00000000000000E-99   1.00000000000000E-99
 72   45     1.00000000000000E-99   1.00000000000000E-99
 73   45     1.00000000000000E-99   1.00000000000000E-99
 74   45     1.00000000000000E-99   1.00000000000000E-99
 75   45     1.00000000000000E-99   1.00000000000000E-99
 76   45     1.00000000000000E-99   1.00000000000000E-99
 77   45     1.00000000000000E-99   1.00000000000000E-99
 78   45     1.00000000000000E-99   1.00000000000000E-99
 79   45     1.00000000000000E-99   1.00000000000000E-99
 80   45     1.00000000000000E-99   1.00000000000000E-99
 81   45     1.00000000000000E-99   1.00000000000000E-99
 82   45     2.35623074232869E-24   2.99241304275743E-22
 83   45     4.20152528494971E-18   5.37795236473563E-16
 84   45     5.25271837023515E-16   6.77600669760335E-14
 85   45     9.23836296370666E-17   1.20098718528187E-14
 86   45     1.28437453599722E-10   1.68253064215636E-08
 87   45     3.18287497400844E-17   4.20139496569114E-15
 88   45     2.43990745253937E-14   3.24507691187736E-12
 89   45     2.91166686701109E-17   3.90163360179487E-15
 90   45     6.78937611738086E-15   9.16565775846416E-13
 91   45     1.08299063234895E-17   1.47286725999457E-15
 92   45     3.39112995216525E-15   4.64584803446639E-13
 93   45     2.55732142039668E-17   3.52910356014742E-15
 94   45     1.02769676077842E-13   1.42849849748200E-11
 95   45     5.96085743802938E-17   8.34520041324113E-15
 96   45     6.64364092243779E-10   9.36753370063729E-08
 97   45     1.67918781613349E-16   2.38444669890956E-14
 98   45     4.59093905252060E-08   6.56504284510445E-06
 99   45     6.79324698382600E-17   9.78227565670944E-15
100   45     2.98997105473744E-07   4.33545802936928E-05
101   45     2.26071743970669E-19   3.30064746197177E-17
102   45     2.28923898945842E-10   3.36518131450387E-08
103   45     5.89300777204919E-20   8.72165150263280E-18
104   45     9.44197463119859E-20   1.40685422004859E-17
105   45     2.24128075094137E-18   3.36192112641206E-16
106   45     2.48067816833090E-16   3.74582403417966E-14
107   45     6.03721328445049E-20   9.17656419236475E-18
108   45     1.66235389358189E-19   2.54340145718030E-17
 40   46     1.00000000000000E-99   1.00000000000000E-99
 41   46     1.00000000000000E-99   1.00000000000000E-99
 42   46     1.00000000000000E-99   1.00000000000000E-99
 43   46     1.00000000000000E-99   1.00000000000000E-99
 44   46     1.00000000000000E-99   1.00000000000000E-99
 45   46     1.00000000000000E-99   1.00000000000000E-99
 46   46     1.00000000000000E-99   1.00000000000000E-99
 47   46     1.00000000000000E-99   1.00000000000000E-99
 48   46     1.00000000000000E-99   1.00000000000000E-99
 49   46     1.00000000000000E-99   1.00000000000000E-99
 50   46     1.00000000000000E-99   1.00000000000000E-99
 51   46     1.00000000000000E-99   1.00000000000000E-99
 52   46     1.00000000000000E-99   1.00000000000000E-99
 53   46     1.00000000000000E-99   1.00000000000000E-99
 54   46     1.00000000000000E-99   1.00000000000000E-99
 55   46     1.00000000000000E-99   1.00000000000000E-99
 56   46     1.00000000000000E-99   1.00000000000000E-99
 57   46     1.00000000000000E-99   1.00000000000000E-99
 58   46     1.00000000000000E-99   1.00000000000000E-99
 59   46     1.00000000000000E-99   1.00000000000000E-99
 60   46     1.00000000000000E-99   1.00000000000000E-99
 61   46     1.00000000000000E-99   1.00000000000000E-99
 62   46     1.00000000000000E-99   1.00000000000000E-99
 63   46     1.00000000000000E-99   1.00000000000000E-99
 64   46     1.00000000000000E-99   1.00000000000000E-99
 65   46     1.00000000000000E-99   1.00000000000000E-99
 66   46     1.00000000000000E-99   1.00000000000000E-99
 67   46     1.00000000000000E-99   1.00000000000000E-99
 68   46     1.00000000000000E-99   1.00000000000000E-99
 69   46     1.00000000000000E-99   1.00000000000000E-99
 70   46     1.00000000000000E-99   1.00000000000000E-99
 71   46     1.00000000000000E-99   1.00000000000000E-99
 72   46     1.00000000000000E-99   1.00000000000000E-99
 73   46     1.00000000000000E-99   1.00000000000000E-99
 74   46     1.00000000000000E-99   1.00000000000000E-99
 75   46     1.00000000000000E-99   1.00000000000000E-99
 76   46     1.00000000000000E-99   1.00000000000000E-99
 77   46     1.00000000000000E-99   1.00000000000000E-99
 78   46     1.00000000000000E-99   1.00000000000000E-99
 79   46     1.00000000000000E-99   1.00000000000000E-99
 80   46     1.00000000000000E-99   1.00000000000000E-99
 81   46     1.00000000000000E-99   1.00000000000000E-99
 82   46     1.00000000000000E-99   1.00000000000000E-99
 83   46     3.62826609009178E-21   4.68046325621840E-19
 84   46     2.45367256145507E-20   3.18977432989159E-18
 85   46     7.89668470775612E-21   1.03446569671605E-18
 86   46     1.84000862904019E-11   2.42881139033305E-09
 87   46     5.82404931846110E-25   7.74598559355327E-23
 88   46     6.59427107553220E-22   8.83632324121315E-20
 89   46     4.12210745785341E-25   5.56484506810210E-23
 90   46     4.52387717704985E-22   6.15247296078779E-20
 91   46     1.35533784688058E-24   1.85681285022640E-22
 92   46     4.12743270041355E-22   5.69585712657070E-20
 93   46     1.50540047996918E-20   2.09250666715717E-18
 94   46     1.87455480912874E-16   2.62437673278024E-14
 95   46     3.47578769892483E-18   4.90086065548401E-16
 96   46     9.53566383692365E-12   1.35406426484316E-09
 97   46     8.49973607406265E-17   1.21546225859096E-14
 98   46     2.01043491468961E-08   2.89502627715304E-06
 99   46     7.40942498399812E-17   1.07436662267973E-14
100   46     1.90630412165066E-07   2.78320401760997E-05
101   46     4.62633002124608E-19   6.80070513123174E-17
102   46     8.82249706034925E-10   1.30572956493169E-07
103   46     2.40553392491507E-23   3.58424554812345E-21
104   46     1.89179159952835E-12   2.83768739929253E-10
105   46     1.89718827890700E-21   2.86475430114958E-19
106   46     1.21894606559897E-15   1.85279801971043E-13
107   46     1.00000000000000E-99   1.00000000000000E-99
108   46     2.32198648958905E-17   3.57585919396713E-15
109   46     1.08721633851907E-18   1.68518532470456E-16
110   46     1.30743712150787E-17   2.03960190955228E-15
 41   47     1.00000000000000E-99   1.00000000000000E-99
 42   47     1.00000000000000E-99   1.00000000000000E-99
 43   47     1.00000000000000E-99   1.00000000000000E-99
 44   47     1.00000000000000E-99   1.00000000000000E-99
 45   47     1.00000000000000E-99   1.00000000000000E-99
 46   47     1.00000000000000E-99   1.00000000000000E-99
 47   47     1.00000000000000E-99   1.00000000000000E-99
 48   47     1.00000000000000E-99   1.00000000000000E-99
 49   47     1.00000000000000E-99   1.00000000000000E-99
 50   47     1.00000000000000E-99   1.00000000000000E-99
 51   47     1.00000000000000E-99   1.00000000000000E-99
 52   47     1.00000000000000E-99   1.00000000000000E-99
 53   47     1.00000000000000E-99   1.00000000000000E-99
 54   47     1.00000000000000E-99   1.00000000000000E-99
 55   47     1.00000000000000E-99   1.00000000000000E-99
 56   47     1.00000000000000E-99   1.00000000000000E-99
 57   47     1.00000000000000E-99   1.00000000000000E-99
 58   47     1.00000000000000E-99   1.00000000000000E-99
 59   47     1.00000000000000E-99   1.00000000000000E-99
 60   47     1.00000000000000E-99   1.00000000000000E-99
 61   47     1.00000000000000E-99   1.00000000000000E-99
 62   47     1.00000000000000E-99   1.00000000000000E-99
 63   47     1.00000000000000E-99   1.00000000000000E-99
 64   47     1.00000000000000E-99   1.00000000000000E-99
 65   47     1.00000000000000E-99   1.00000000000000E-99
 66   47     1.00000000000000E-99   1.00000000000000E-99
 67   47     1.00000000000000E-99   1.00000000000000E-99
 68   47     1.00000000000000E-99   1.00000000000000E-99
 69   47     1.00000000000000E-99   1.00000000000000E-99
 70   47     1.00000000000000E-99   1.00000000000000E-99
 71   47     1.00000000000000E-99   1.00000000000000E-99
 72   47     1.00000000000000E-99   1.00000000000000E-99
 73   47     1.00000000000000E-99   1.00000000000000E-99
 74   47     1.00000000000000E-99   1.00000000000000E-99
 75   47     1.00000000000000E-99   1.00000000000000E-99
 76   47     1.00000000000000E-99   1.00000000000000E-99
 77   47     1.00000000000000E-99   1.00000000000000E-99
 78   47     1.00000000000000E-99   1.00000000000000E-99
 79   47     1.00000000000000E-99   1.00000000000000E-99
 80   47     1.00000000000000E-99   1.00000000000000E-99
 81   47     1.00000000000000E-99   1.00000000000000E-99
 82   47     1.00000000000000E-99   1.00000000000000E-99
 83   47     1.94207123947795E-24   2.52469261132133E-22
 84   47     6.18019674328827E-23   8.09605773370763E-21
 85   47     5.10706706353211E-23   6.74132852386238E-21
 86   47     3.84105072168491E-16   5.10859745984093E-14
 87   47     1.41156688818750E-23   1.89149963017125E-21
 88   47     4.44789474760298E-21   6.00465790926402E-19
 89   47     6.70943888366551E-24   9.12483688178510E-22
 90   47     5.14627211265152E-21   7.05039279433258E-19
 91   47     1.40514790671860E-23   1.93910411127167E-21
 92   47     1.31089137806566E-22   1.82213901551127E-20
 93   47     2.20259897745207E-23   3.08363856843289E-21
 94   47     2.16685476706966E-21   3.05526522156822E-19
 95   47     9.77672024594685E-20   1.38829427492445E-17
 96   47     8.48371397191694E-18   1.21317109798412E-15
 97   47     3.02897441792461E-18   4.36172316181144E-16
 98   47     3.90716358417761E-16   5.66538719705753E-14
 99   47     4.45797378443272E-18   6.50864172527177E-16
100   47     6.04106028560835E-14   8.88035861984427E-12
101   47     2.42509148356637E-17   3.58913539567823E-15
102   47     8.55970566256204E-08   1.27539614372174E-05
103   47     6.98722679919705E-19   1.04808401987956E-16
104   47     1.04916390479077E-09   1.58423749623407E-07
105   47     3.32449190024158E-23   5.05322768836720E-21
106   47     1.70946225761037E-13   2.61547725414386E-11
107   47     5.41272518361254E-25   8.33559678276330E-23
108   47     8.56487337745832E-14   1.32755537350604E-11
109   47     6.57102983292106E-24   1.02508065393569E-21
110   47     6.29716730148695E-14   9.88655266333451E-12
111   47     3.70735185299767E-20   5.85761592773632E-18
112   47     4.32958200252178E-19   6.88403538400963E-17
113   47     3.19185377947526E-19   5.10696604716041E-17
 42   48     1.00000000000000E-99   1.00000000000000E-99
 43   48     1.00000000000000E-99   1.00000000000000E-99
 44   48     1.00000000000000E-99   1.00000000000000E-99
 45   48     1.00000000000000E-99   1.00000000000000E-99
 46   48     1.00000000000000E-99   1.00000000000000E-99
 47   48     1.00000000000000E-99   1.00000000000000E-99
 48   48     1.00000000000000E-99   1.00000000000000E-99
 49   48     1.00000000000000E-99   1.00000000000000E-99
 50   48     1.00000000000000E-99   1.00000000000000E-99
 51   48     1.00000000000000E-99   1.00000000000000E-99
 52   48     1.00000000000000E-99   1.00000000000000E-99
 53   48     1.00000000000000E-99   1.00000000000000E-99
 54   48     1.00000000000000E-99   1.00000000000000E-99
 55   48     1.00000000000000E-99   1.00000000000000E-99
 56   48     1.00000000000000E-99   1.00000000000000E-99
 57   48     1.00000000000000E-99   1.00000000000000E-99
 58   48     1.00000000000000E-99   1.00000000000000E-99
 59   48     1.00000000000000E-99   1.00000000000000E-99
 60   48     1.00000000000000E-99   1.00000000000000E-99
 61   48     1.00000000000000E-99   1.00000000000000E-99
 62   48     1.00000000000000E-99   1.00000000000000E-99
 63   48     1.00000000000000E-99   1.00000000000000E-99
 64   48     1.00000000000000E-99   1.00000000000000E-99
 65   48     1.00000000000000E-99   1.00000000000000E-99
 66   48     1.00000000000000E-99   1.00000000000000E-99
 67   48     1.00000000000000E-99   1.00000000000000E-99
 68   48     1.00000000000000E-99   1.00000000000000E-99
 69   48     1.00000000000000E-99   1.00000000000000E-99
 70   48     1.00000000000000E-99   1.00000000000000E-99
 71   48     1.00000000000000E-99   1.00000000000000E-99
 72   48     1.00000000000000E-99   1.00000000000000E-99
 73   48     1.00000000000000E-99   1.00000000000000E-99
 74   48     1.00000000000000E-99   1.00000000000000E-99
 75   48     1.00000000000000E-99   1.00000000000000E-99
 76   48     1.00000000000000E-99   1.00000000000000E-99
 77   48     1.00000000000000E-99   1.00000000000000E-99
 78   48     1.00000000000000E-99   1.00000000000000E-99
 79   48     1.00000000000000E-99   1.00000000000000E-99
 80   48     1.00000000000000E-99   1.00000000000000E-99
 81   48     1.00000000000000E-99   1.00000000000000E-99
 82   48     1.00000000000000E-99   1.00000000000000E-99
 83   48     1.00000000000000E-99   1.00000000000000E-99
 84   48     1.00000000000000E-99   1.00000000000000E-99
 85   48     1.00000000000000E-99   1.00000000000000E-99
 86   48     1.00000000000000E-99   1.00000000000000E-99
 87   48     1.00000000000000E-99   1.00000000000000E-99
 88   48     3.50380837699595E-21   4.76517939271449E-19
 89   48     1.00000000000000E-99   1.00000000000000E-99
 90   48     9.16120572050841E-24   1.26424638943016E-21
 91   48     1.00000000000000E-99   1.00000000000000E-99
 92   48     1.00000000000000E-99   1.00000000000000E-99
 93   48     1.00000000000000E-99   1.00000000000000E-99
 94   48     1.38057467043257E-25   1.96041603201425E-23
 95   48     1.00000000000000E-99   1.00000000000000E-99
 96   48     9.46035223262068E-25   1.36229072149738E-22
 97   48     1.20566569557810E-24   1.74821525858825E-22
 98   48     3.57090002577399E-22   5.21351403763003E-20
 99   48     1.35524893105780E-18   1.99221592865497E-16
100   48     5.97737849467935E-15   8.84652017212544E-13
101   48     2.07235609075939E-17   3.08781057523149E-15
102   48     3.25062570996219E-09   4.87593856494329E-07
103   48     1.17779014300135E-16   1.77846311593204E-14
104   48     4.07448550347950E-08   6.19321796528883E-06
105   48     8.94492246137281E-22   1.36857313659004E-19
106   48     2.71226615826550E-12   4.17688988372887E-10
107   48     1.66942910957794E-21   2.58761511984581E-19
108   48     2.09000558657467E-12   3.26040871505648E-10
109   48     3.62061613608048E-22   5.68436733364636E-20
110   48     8.22313711471666E-13   1.29925566412523E-10
111   48     1.00000000000000E-99   1.00000000000000E-99
112   48     1.80396755743431E-13   2.88634809189489E-11
113   48     4.70549073365947E-19   7.57584008119175E-17
114   48     8.96112009332023E-18   1.45170145511788E-15
115   48     1.23981001500034E-17   2.02089032445055E-15
 43   49     1.00000000000000E-99   1.00000000000000E-99
 44   49     1.00000000000000E-99   1.00000000000000E-99
 45   49     1.00000000000000E-99   1.00000000000000E-99
 46   49     1.00000000000000E-99   1.00000000000000E-99
 47   49     1.00000000000000E-99   1.00000000000000E-99
 48   49     1.00000000000000E-99   1.00000000000000E-99
 49   49     1.00000000000000E-99   1.00000000000000E-99
 50   49     1.00000000000000E-99   1.00000000000000E-99
 51   49     1.00000000000000E-99   1.00000000000000E-99
 52   49     1.00000000000000E-99   1.00000000000000E-99
 53   49     1.00000000000000E-99   1.00000000000000E-99
 54   49     1.00000000000000E-99   1.00000000000000E-99
 55   49     1.00000000000000E-99   1.00000000000000E-99
 56   49     1.00000000000000E-99   1.00000000000000E-99
 57   49     1.00000000000000E-99   1.00000000000000E-99
 58   49     1.00000000000000E-99   1.00000000000000E-99
 59   49     1.00000000000000E-99   1.00000000000000E-99
 60   49     1.00000000000000E-99   1.00000000000000E-99
 61   49     1.00000000000000E-99   1.00000000000000E-99
 62   49     1.00000000000000E-99   1.00000000000000E-99
 63   49     1.00000000000000E-99   1.00000000000000E-99
 64   49     1.00000000000000E-99   1.00000000000000E-99
 65   49     1.00000000000000E-99   1.00000000000000E-99
 66   49     1.00000000000000E-99   1.00000000000000E-99
 67   49     1.00000000000000E-99   1.00000000000000E-99
 68   49     1.00000000000000E-99   1.00000000000000E-99
 69   49     1.00000000000000E-99   1.00000000000000E-99
 70   49     1.00000000000000E-99   1.00000000000000E-99
 71   49     1.00000000000000E-99   1.00000000000000E-99
 72   49     1.00000000000000E-99   1.00000000000000E-99
 73   49     1.00000000000000E-99   1.00000000000000E-99
 74   49     1.00000000000000E-99   1.00000000000000E-99
 75   49     1.00000000000000E-99   1.00000000000000E-99
 76   49     1.00000000000000E-99   1.00000000000000E-99
 77   49     1.00000000000000E-99   1.00000000000000E-99
 78   49     1.00000000000000E-99   1.00000000000000E-99
 79   49     1.00000000000000E-99   1.00000000000000E-99
 80   49     1.00000000000000E-99   1.00000000000000E-99
 81   49     1.00000000000000E-99   1.00000000000000E-99
 82   49     1.00000000000000E-99   1.00000000000000E-99
 83   49     1.00000000000000E-99   1.00000000000000E-99
 84   49     1.00000000000000E-99   1.00000000000000E-99
 85   49     1.00000000000000E-99   1.00000000000000E-99
 86   49     1.00000000000000E-99   1.00000000000000E-99
 87   49     1.00000000000000E-99   1.00000000000000E-99
 88   49     1.00000000000000E-99   1.00000000000000E-99
 89   49     1.00000000000000E-99   1.00000000000000E-99
 90   49     1.00000000000000E-99   1.00000000000000E-99
 91   49     1.00000000000000E-99   1.00000000000000E-99
 92   49     1.00000000000000E-99   1.00000000000000E-99
 93   49     1.00000000000000E-99   1.00000000000000E-99
 94   49     1.00000000000000E-99   1.00000000000000E-99
 95   49     1.00000000000000E-99   1.00000000000000E-99
 96   49     1.00000000000000E-99   1.00000000000000E-99
 97   49     1.00000000000000E-99   1.00000000000000E-99
 98   49     4.28713159790502E-25   6.30208344892039E-23
 99   49     9.31281596457214E-21   1.37829676275668E-18
100   49     1.12550310622800E-18   1.67699962827972E-16
101   49     5.16191906162755E-19   7.74287859244132E-17
102   49     1.72317500844160E-16   2.60199426274681E-14
103   49     2.95946360366694E-18   4.49838467757375E-16
104   49     3.63797047549065E-14   5.56609482750069E-12
105   49     5.95609754413180E-18   9.17239021796298E-16
106   49     1.39040693158959E-09   2.15513074396386E-07
107   49     1.19967166431599E-17   1.87148779633295E-15
108   49     6.93048310236213E-09   1.08808584707085E-06
109   49     9.13221364697235E-19   1.44288975622163E-16
110   49     8.32889443176136E-09   1.32429421465006E-06
111   49     5.99672962475683E-19   9.59476739961093E-17
112   49     8.19962823673833E-13   1.32014014611487E-10
113   49     4.50647119196066E-22   7.30048333097627E-20
114   49     4.41730723168868E-14   7.20021078765254E-12
115   49     1.00000000000000E-99   1.00000000000000E-99
116   49     4.77305843043344E-20   7.87554641021517E-18
117   49     8.27312912426911E-20   1.37333943462867E-17
 44   50     1.00000000000000E-99   1.00000000000000E-99
 45   50     1.00000000000000E-99   1.00000000000000E-99
 46   50     1.00000000000000E-99   1.00000000000000E-99
 47   50     1.00000000000000E-99   1.00000000000000E-99
 48   50     1.00000000000000E-99   1.00000000000000E-99
 49   50     1.00000000000000E-99   1.00000000000000E-99
 50   50     1.00000000000000E-99   1.00000000000000E-99
 51   50     1.00000000000000E-99   1.00000000000000E-99
 52   50     1.00000000000000E-99   1.00000000000000E-99
 53   50     1.00000000000000E-99   1.00000000000000E-99
 54   50     1.00000000000000E-99   1.00000000000000E-99
 55   50     1.00000000000000E-99   1.00000000000000E-99
 56   50     1.00000000000000E-99   1.00000000000000E-99
 57   50     1.00000000000000E-99   1.00000000000000E-99
 58   50     1.00000000000000E-99   1.00000000000000E-99
 59   50     1.00000000000000E-99   1.00000000000000E-99
 60   50     1.00000000000000E-99   1.00000000000000E-99
 61   50     1.00000000000000E-99   1.00000000000000E-99
 62   50     1.00000000000000E-99   1.00000000000000E-99
 63   50     1.00000000000000E-99   1.00000000000000E-99
 64   50     1.00000000000000E-99   1.00000000000000E-99
 65   50     1.00000000000000E-99   1.00000000000000E-99
 66   50     1.00000000000000E-99   1.00000000000000E-99
 67   50     1.00000000000000E-99   1.00000000000000E-99
 68   50     1.00000000000000E-99   1.00000000000000E-99
 69   50     1.00000000000000E-99   1.00000000000000E-99
 70   50     1.00000000000000E-99   1.00000000000000E-99
 71   50     1.00000000000000E-99   1.00000000000000E-99
 72   50     1.00000000000000E-99   1.00000000000000E-99
 73   50     1.00000000000000E-99   1.00000000000000E-99
 74   50     1.00000000000000E-99   1.00000000000000E-99
 75   50     1.00000000000000E-99   1.00000000000000E-99
 76   50     1.00000000000000E-99   1.00000000000000E-99
 77   50     1.00000000000000E-99   1.00000000000000E-99
 78   50     1.00000000000000E-99   1.00000000000000E-99
 79   50     1.00000000000000E-99   1.00000000000000E-99
 80   50     1.00000000000000E-99   1.00000000000000E-99
 81   50     1.00000000000000E-99   1.00000000000000E-99
 82   50     1.00000000000000E-99   1.00000000000000E-99
 83   50     1.00000000000000E-99   1.00000000000000E-99
 84   50     1.00000000000000E-99   1.00000000000000E-99
 85   50     1.00000000000000E-99   1.00000000000000E-99
 86   50     1.00000000000000E-99   1.00000000000000E-99
 87   50     1.00000000000000E-99   1.00000000000000E-99
 88   50     1.00000000000000E-99   1.00000000000000E-99
 89   50     1.00000000000000E-99   1.00000000000000E-99
 90   50     1.00000000000000E-99   1.00000000000000E-99
 91   50     1.00000000000000E-99   1.00000000000000E-99
 92   50     1.00000000000000E-99   1.00000000000000E-99
 93   50     1.00000000000000E-99   1.00000000000000E-99
 94   50     1.00000000000000E-99   1.00000000000000E-99
 95   50     1.00000000000000E-99   1.00000000000000E-99
 96   50     1.00000000000000E-99   1.00000000000000E-99
 97   50     1.00000000000000E-99   1.00000000000000E-99
 98   50     1.00000000000000E-99   1.00000000000000E-99
 99   50     1.00000000000000E-99   1.00000000000000E-99
100   50     1.14624524214726E-25   1.71936786322090E-23
101   50     6.67928065188118E-25   1.00857137843406E-22
102   50     1.77598639249375E-22   2.69949931659050E-20
103   50     9.18364728698666E-20   1.40509803490896E-17
104   50     3.11314420306321E-15   4.79424207271734E-13
105   50     1.27138216891094E-18   1.97064236181196E-16
106   50     3.87041795288519E-11   6.03785200650090E-09
107   50     1.02568411897564E-17   1.61032406679176E-15
108   50     7.97994946198001E-11   1.26083201499284E-08
109   50     2.29778752518288E-18   3.65348216504078E-16
110   50     9.21927999290141E-09   1.47508479886423E-06
111   50     6.57716638680286E-22   1.05892378827526E-19
112   50     3.51203893938174E-12   5.68950308179841E-10
113   50     1.84089066270831E-22   3.00065178021455E-20
114   50     4.40282608703367E-13   7.22063478273523E-11
115   50     1.97441402041919E-24   3.25778313369166E-22
116   50     3.58620616154321E-14   5.95310222816172E-12
117   50     1.00000000000000E-99   1.00000000000000E-99
118   50     1.91592845628173E-18   3.21875980655331E-16
119   50     2.70858601838631E-18   4.57751037107287E-16
 46   51     1.00000000000000E-99   1.00000000000000E-99
 47   51     1.00000000000000E-99   1.00000000000000E-99
 48   51     1.00000000000000E-99   1.00000000000000E-99
 49   51     1.00000000000000E-99   1.00000000000000E-99
 50   51     1.00000000000000E-99   1.00000000000000E-99
 51   51     1.00000000000000E-99   1.00000000000000E-99
 52   51     1.00000000000000E-99   1.00000000000000E-99
 53   51     1.00000000000000E-99   1.00000000000000E-99
 54   51     1.00000000000000E-99   1.00000000000000E-99
 55   51     1.00000000000000E-99   1.00000000000000E-99
 56   51     1.00000000000000E-99   1.00000000000000E-99
 57   51     1.00000000000000E-99   1.00000000000000E-99
 58   51     1.00000000000000E-99   1.00000000000000E-99
 59   51     1.00000000000000E-99   1.00000000000000E-99
 60   51     1.00000000000000E-99   1.00000000000000E-99
 61   51     1.00000000000000E-99   1.00000000000000E-99
 62   51     1.00000000000000E-99   1.00000000000000E-99
 63   51     1.00000000000000E-99   1.00000000000000E-99
 64   51     1.00000000000000E-99   1.00000000000000E-99
 65   51     1.00000000000000E-99   1.00000000000000E-99
 66   51     1.00000000000000E-99   1.00000000000000E-99
 67   51     1.00000000000000E-99   1.00000000000000E-99
 68   51     1.00000000000000E-99   1.00000000000000E-99
 69   51     1.00000000000000E-99   1.00000000000000E-99
 70   51     1.00000000000000E-99   1.00000000000000E-99
 71   51     1.00000000000000E-99   1.00000000000000E-99
 72   51     1.00000000000000E-99   1.00000000000000E-99
 73   51     1.00000000000000E-99   1.00000000000000E-99
 74   51     1.00000000000000E-99   1.00000000000000E-99
 75   51     1.00000000000000E-99   1.00000000000000E-99
 76   51     1.00000000000000E-99   1.00000000000000E-99
 77   51     1.00000000000000E-99   1.00000000000000E-99
 78   51     1.00000000000000E-99   1.00000000000000E-99
 79   51     1.00000000000000E-99   1.00000000000000E-99
 80   51     1.00000000000000E-99   1.00000000000000E-99
 81   51     1.00000000000000E-99   1.00000000000000E-99
 82   51     1.00000000000000E-99   1.00000000000000E-99
 83   51     1.00000000000000E-99   1.00000000000000E-99
 84   51     1.00000000000000E-99   1.00000000000000E-99
 85   51     1.00000000000000E-99   1.00000000000000E-99
 86   51     1.00000000000000E-99   1.00000000000000E-99
 87   51     1.00000000000000E-99   1.00000000000000E-99
 88   51     1.00000000000000E-99   1.00000000000000E-99
 89   51     1.00000000000000E-99   1.00000000000000E-99
 90   51     1.00000000000000E-99   1.00000000000000E-99
 91   51     1.00000000000000E-99   1.00000000000000E-99
 92   51     1.00000000000000E-99   1.00000000000000E-99
 93   51     1.00000000000000E-99   1.00000000000000E-99
 94   51     1.00000000000000E-99   1.00000000000000E-99
 95   51     1.00000000000000E-99   1.00000000000000E-99
 96   51     1.00000000000000E-99   1.00000000000000E-99
 97   51     1.00000000000000E-99   1.00000000000000E-99
 98   51     1.00000000000000E-99   1.00000000000000E-99
 99   51     1.00000000000000E-99   1.00000000000000E-99
100   51     1.00000000000000E-99   1.00000000000000E-99
101   51     1.00000000000000E-99   1.00000000000000E-99
102   51     3.75858552162735E-25   5.75063584808985E-23
103   51     1.59110003290111E-22   2.45029405066771E-20
104   51     1.42426153373663E-20   2.20760537729178E-18
105   51     8.82999040487608E-22   1.37747850316067E-19
106   51     4.76158815282058E-19   7.47569339992831E-17
107   51     1.84739361492609E-19   2.91888191158322E-17
108   51     2.88811479204318E-17   4.59210251934865E-15
109   51     3.34957463201483E-19   5.35931941122374E-17
110   51     2.86582921242523E-14   4.61398503200463E-12
111   51     1.56732370317466E-19   2.53906439914295E-17
112   51     6.85166979019079E-14   1.11682217580110E-11
113   51     8.53018474093661E-19   1.39895029751360E-16
114   51     1.59471976699640E-10   2.63128761554407E-08
115   51     3.29174234128653E-18   5.46429228653563E-16
116   51     2.85842788346283E-09   4.77357456538293E-07
117   51     3.00580115808712E-17   5.04974594558637E-15
118   51     2.39517132942188E-10   4.04783954672298E-08
119   51     2.30085769844962E-23   3.91145808736435E-21
120   51     1.22012356308361E-21   2.08641129287297E-19
121   51     5.48480906717713E-21   9.43387159554466E-19
 47   52     1.00000000000000E-99   1.00000000000000E-99
 48   52     1.00000000000000E-99   1.00000000000000E-99
 49   52     1.00000000000000E-99   1.00000000000000E-99
 50   52     1.00000000000000E-99   1.00000000000000E-99
 51   52     1.00000000000000E-99   1.00000000000000E-99
 52   52     1.00000000000000E-99   1.00000000000000E-99
 53   52     1.00000000000000E-99   1.00000000000000E-99
 54   52     1.00000000000000E-99   1.00000000000000E-99
 55   52     1.00000000000000E-99   1.00000000000000E-99
 56   52     1.00000000000000E-99   1.00000000000000E-99
 57   52     1.00000000000000E-99   1.00000000000000E-99
 58   52     1.00000000000000E-99   1.00000000000000E-99
 59   52     1.00000000000000E-99   1.00000000000000E-99
 60   52     1.00000000000000E-99   1.00000000000000E-99
 61   52     1.00000000000000E-99   1.00000000000000E-99
 62   52     1.00000000000000E-99   1.00000000000000E-99
 63   52     1.00000000000000E-99   1.00000000000000E-99
 64   52     1.00000000000000E-99   1.00000000000000E-99
 65   52     1.00000000000000E-99   1.00000000000000E-99
 66   52     1.00000000000000E-99   1.00000000000000E-99
 67   52     1.00000000000000E-99   1.00000000000000E-99
 68   52     1.00000000000000E-99   1.00000000000000E-99
 69   52     1.00000000000000E-99   1.00000000000000E-99
 70   52     1.00000000000000E-99   1.00000000000000E-99
 71   52     1.00000000000000E-99   1.00000000000000E-99
 72   52     1.00000000000000E-99   1.00000000000000E-99
 73   52     1.00000000000000E-99   1.00000000000000E-99
 74   52     1.00000000000000E-99   1.00000000000000E-99
 75   52     1.00000000000000E-99   1.00000000000000E-99
 76   52     1.00000000000000E-99   1.00000000000000E-99
 77   52     1.00000000000000E-99   1.00000000000000E-99
 78   52     1.00000000000000E-99   1.00000000000000E-99
 79   52     1.00000000000000E-99   1.00000000000000E-99
 80   52     1.00000000000000E-99   1.00000000000000E-99
 81   52     1.00000000000000E-99   1.00000000000000E-99
 82   52     1.00000000000000E-99   1.00000000000000E-99
 83   52     1.00000000000000E-99   1.00000000000000E-99
 84   52     1.00000000000000E-99   1.00000000000000E-99
 85   52     1.00000000000000E-99   1.00000000000000E-99
 86   52     1.00000000000000E-99   1.00000000000000E-99
 87   52     1.00000000000000E-99   1.00000000000000E-99
 88   52     1.00000000000000E-99   1.00000000000000E-99
 89   52     1.00000000000000E-99   1.00000000000000E-99
 90   52     1.00000000000000E-99   1.00000000000000E-99
 91   52     1.00000000000000E-99   1.00000000000000E-99
 92   52     1.00000000000000E-99   1.00000000000000E-99
 93   52     1.00000000000000E-99   1.00000000000000E-99
 94   52     1.00000000000000E-99   1.00000000000000E-99
 95   52     1.00000000000000E-99   1.00000000000000E-99
 96   52     1.00000000000000E-99   1.00000000000000E-99
 97   52     1.00000000000000E-99   1.00000000000000E-99
 98   52     1.00000000000000E-99   1.00000000000000E-99
 99   52     1.00000000000000E-99   1.00000000000000E-99
100   52     1.00000000000000E-99   1.00000000000000E-99
101   52     1.00000000000000E-99   1.00000000000000E-99
102   52     1.00000000000000E-99   1.00000000000000E-99
103   52     1.00000000000000E-99   1.00000000000000E-99
104   52     1.00000000000000E-99   1.00000000000000E-99
105   52     1.00000000000000E-99   1.00000000000000E-99
106   52     3.39724632211808E-25   5.36764918894657E-23
107   52     1.53043711701610E-24   2.43339501605560E-22
108   52     3.35420134241042E-22   5.36672214785668E-20
109   52     2.70932460793494E-24   4.36201261877525E-22
110   52     5.40246921161256E-21   8.75200012281235E-19
111   52     1.63062947827548E-20   2.65792604958904E-18
112   52     6.61980840511672E-13   1.08564857843914E-10
113   52     4.40821756949675E-19   7.27355898966964E-17
114   52     9.90968945681248E-13   1.64500844983087E-10
115   52     7.14710857039243E-18   1.19356713125554E-15
116   52     2.90949819861642E-15   4.88795697367558E-13
117   52     1.07978673867660E-15   1.82483958836346E-13
118   52     1.95630728379037E-09   3.32572238244363E-07
119   52     1.00000000000000E-99   1.00000000000000E-99
120   52     3.14011293116326E-15   5.40099424160081E-13
121   52     1.00000000000000E-99   1.00000000000000E-99
122   52     4.25529287195667E-19   7.40420959720461E-17
123   52     6.71560751706666E-19   1.17523131548667E-16
124   52     8.09659205064681E-18   1.42500020091384E-15
 48   53     1.00000000000000E-99   1.00000000000000E-99
 49   53     1.00000000000000E-99   1.00000000000000E-99
 50   53     1.00000000000000E-99   1.00000000000000E-99
 51   53     1.00000000000000E-99   1.00000000000000E-99
 52   53     1.00000000000000E-99   1.00000000000000E-99
 53   53     1.00000000000000E-99   1.00000000000000E-99
 54   53     1.00000000000000E-99   1.00000000000000E-99
 55   53     1.00000000000000E-99   1.00000000000000E-99
 56   53     1.00000000000000E-99   1.00000000000000E-99
 57   53     1.00000000000000E-99   1.00000000000000E-99
 58   53     1.00000000000000E-99   1.00000000000000E-99
 59   53     1.00000000000000E-99   1.00000000000000E-99
 60   53     1.00000000000000E-99   1.00000000000000E-99
 61   53     1.00000000000000E-99   1.00000000000000E-99
 62   53     1.00000000000000E-99   1.00000000000000E-99
 63   53     1.00000000000000E-99   1.00000000000000E-99
 64   53     1.00000000000000E-99   1.00000000000000E-99
 65   53     1.00000000000000E-99   1.00000000000000E-99
 66   53     1.00000000000000E-99   1.00000000000000E-99
 67   53     1.00000000000000E-99   1.00000000000000E-99
 68   53     1.00000000000000E-99   1.00000000000000E-99
 69   53     1.00000000000000E-99   1.00000000000000E-99
 70   53     1.00000000000000E-99   1.00000000000000E-99
 71   53     1.00000000000000E-99   1.00000000000000E-99
 72   53     1.00000000000000E-99   1.00000000000000E-99
 73   53     1.00000000000000E-99   1.00000000000000E-99
 74   53     1.00000000000000E-99   1.00000000000000E-99
 75   53     1.00000000000000E-99   1.00000000000000E-99
 76   53     1.00000000000000E-99   1.00000000000000E-99
 77   53     1.00000000000000E-99   1.00000000000000E-99
 78   53     1.00000000000000E-99   1.00000000000000E-99
 79   53     1.00000000000000E-99   1.00000000000000E-99
 80   53     1.00000000000000E-99   1.00000000000000E-99
 81   53     1.00000000000000E-99   1.00000000000000E-99
 82   53     1.00000000000000E-99   1.00000000000000E-99
 83   53     1.00000000000000E-99   1.00000000000000E-99
 84   53     1.00000000000000E-99   1.00000000000000E-99
 85   53     1.00000000000000E-99   1.00000000000000E-99
 86   53     1.00000000000000E-99   1.00000000000000E-99
 87   53     1.00000000000000E-99   1.00000000000000E-99
 88   53     1.00000000000000E-99   1.00000000000000E-99
 89   53     1.00000000000000E-99   1.00000000000000E-99
 90   53     1.00000000000000E-99   1.00000000000000E-99
 91   53     1.00000000000000E-99   1.00000000000000E-99
 92   53     1.00000000000000E-99   1.00000000000000E-99
 93   53     1.00000000000000E-99   1.00000000000000E-99
 94   53     1.00000000000000E-99   1.00000000000000E-99
 95   53     1.00000000000000E-99   1.00000000000000E-99
 96   53     1.00000000000000E-99   1.00000000000000E-99
 97   53     1.00000000000000E-99   1.00000000000000E-99
 98   53     1.00000000000000E-99   1.00000000000000E-99
 99   53     1.00000000000000E-99   1.00000000000000E-99
100   53     1.00000000000000E-99   1.00000000000000E-99
101   53     1.00000000000000E-99   1.00000000000000E-99
102   53     1.00000000000000E-99   1.00000000000000E-99
103   53     1.00000000000000E-99   1.00000000000000E-99
104   53     1.00000000000000E-99   1.00000000000000E-99
105   53     1.00000000000000E-99   1.00000000000000E-99
106   53     1.00000000000000E-99   1.00000000000000E-99
107   53     1.00000000000000E-99   1.00000000000000E-99
108   53     1.00000000000000E-99   1.00000000000000E-99
109   53     2.94472037447777E-24   4.77044700665398E-22
110   53     6.50781142739072E-22   1.06077326266469E-19
111   53     3.88242799779137E-23   6.36718191637785E-21
112   53     3.12891308917873E-21   5.16270659714490E-19
113   53     7.85361430994323E-24   1.30369997545058E-21
114   53     3.46113078923576E-21   5.78008841802372E-19
115   53     2.36534231884367E-19   3.97377509565736E-17
116   53     4.59662251066057E-17   7.76829204301637E-15
117   53     3.30312348625205E-19   5.61530992662849E-17
118   53     8.56932372296456E-10   1.46535435662694E-07
119   53     5.06400362342213E-20   8.71008623228607E-18
120   53     6.51311538868732E-13   1.12676896224291E-10
121   53     4.00717361678049E-20   6.97248209319805E-18
122   53     2.68602063174766E-18   4.70053610555841E-16
123   53     1.33950079247178E-10   2.35752139475033E-08
124   53     3.43903293069065E-21   6.08708828732245E-19
125   53     7.63932935837751E-21   1.35980062579120E-18
126   53     6.73220192662847E-21   1.20506414486650E-18
 49   54     1.00000000000000E-99   1.00000000000000E-99
 50   54     1.00000000000000E-99   1.00000000000000E-99
 51   54     1.00000000000000E-99   1.00000000000000E-99
 52   54     1.00000000000000E-99   1.00000000000000E-99
 53   54     1.00000000000000E-99   1.00000000000000E-99
 54   54     1.00000000000000E-99   1.00000000000000E-99
 55   54     1.00000000000000E-99   1.00000000000000E-99
 56   54     1.00000000000000E-99   1.00000000000000E-99
 57   54     1.00000000000000E-99   1.00000000000000E-99
 58   54     1.00000000000000E-99   1.00000000000000E-99
 59   54     1.00000000000000E-99   1.00000000000000E-99
 60   54     1.00000000000000E-99   1.00000000000000E-99
 61   54     1.00000000000000E-99   1.00000000000000E-99
 62   54     1.00000000000000E-99   1.00000000000000E-99
 63   54     1.00000000000000E-99   1.00000000000000E-99
 64   54     1.00000000000000E-99   1.00000000000000E-99
 65   54     1.00000000000000E-99   1.00000000000000E-99
 66   54     1.00000000000000E-99   1.00000000000000E-99
 67   54     1.00000000000000E-99   1.00000000000000E-99
 68   54     1.00000000000000E-99   1.00000000000000E-99
 69   54     1.00000000000000E-99   1.00000000000000E-99
 70   54     1.00000000000000E-99   1.00000000000000E-99
 71   54     1.00000000000000E-99   1.00000000000000E-99
 72   54     1.00000000000000E-99   1.00000000000000E-99
 73   54     1.00000000000000E-99   1.00000000000000E-99
 74   54     1.00000000000000E-99   1.00000000000000E-99
 75   54     1.00000000000000E-99   1.00000000000000E-99
 76   54     1.00000000000000E-99   1.00000000000000E-99
 77   54     1.00000000000000E-99   1.00000000000000E-99
 78   54     1.00000000000000E-99   1.00000000000000E-99
 79   54     1.00000000000000E-99   1.00000000000000E-99
 80   54     1.00000000000000E-99   1.00000000000000E-99
 81   54     1.00000000000000E-99   1.00000000000000E-99
 82   54     1.00000000000000E-99   1.00000000000000E-99
 83   54     1.00000000000000E-99   1.00000000000000E-99
 84   54     1.00000000000000E-99   1.00000000000000E-99
 85   54     1.00000000000000E-99   1.00000000000000E-99
 86   54     1.00000000000000E-99   1.00000000000000E-99
 87   54     1.00000000000000E-99   1.00000000000000E-99
 88   54     1.00000000000000E-99   1.00000000000000E-99
 89   54     1.00000000000000E-99   1.00000000000000E-99
 90   54     1.00000000000000E-99   1.00000000000000E-99
 91   54     1.00000000000000E-99   1.00000000000000E-99
 92   54     1.00000000000000E-99   1.00000000000000E-99
 93   54     1.00000000000000E-99   1.00000000000000E-99
 94   54     1.00000000000000E-99   1.00000000000000E-99
 95   54     1.00000000000000E-99   1.00000000000000E-99
 96   54     1.00000000000000E-99   1.00000000000000E-99
 97   54     1.00000000000000E-99   1.00000000000000E-99
 98   54     1.00000000000000E-99   1.00000000000000E-99
 99   54     1.00000000000000E-99   1.00000000000000E-99
100   54     1.00000000000000E-99   1.00000000000000E-99
101   54     1.00000000000000E-99   1.00000000000000E-99
102   54     1.00000000000000E-99   1.00000000000000E-99
103   54     1.00000000000000E-99   1.00000000000000E-99
104   54     1.00000000000000E-99   1.00000000000000E-99
105   54     1.00000000000000E-99   1.00000000000000E-99
106   54     1.00000000000000E-99   1.00000000000000E-99
107   54     1.00000000000000E-99   1.00000000000000E-99
108   54     1.00000000000000E-99   1.00000000000000E-99
109   54     1.00000000000000E-99   1.00000000000000E-99
110   54     1.00000000000000E-99   1.00000000000000E-99
111   54     1.00000000000000E-99   1.00000000000000E-99
112   54     1.00000000000000E-99   1.00000000000000E-99
113   54     1.00000000000000E-99   1.00000000000000E-99
114   54     1.11094905503395E-24   1.86639441245704E-22
115   54     9.86711363387650E-20   1.66754220412513E-17
116   54     1.17041976279319E-15   1.98971359674842E-13
117   54     3.69476908699868E-19   6.31805513876775E-17
118   54     7.75263634160728E-16   1.33345345075645E-13
119   54     1.35814025227625E-19   2.34958263643791E-17
120   54     5.71843758505928E-15   9.95008139800315E-13
121   54     2.80608711665904E-19   4.91065245415332E-17
122   54     3.68745624489779E-17   6.48992299102010E-15
123   54     1.25077410220548E-18   2.21387016090370E-16
124   54     2.40398808679406E-17   4.27909879449343E-15
125   54     3.32490860483943E-18   5.95158640266258E-16
126   54     3.28625184944089E-10   5.91525332899361E-08
127   54     8.16330943840600E-24   1.47755900835149E-21
128   54     5.38500147664134E-23   9.80070268748723E-21
 51   55     1.00000000000000E-99   1.00000000000000E-99
 52   55     1.00000000000000E-99   1.00000000000000E-99
 53   55     1.00000000000000E-99   1.00000000000000E-99
 54   55     1.00000000000000E-99   1.00000000000000E-99
 55   55     1.00000000000000E-99   1.00000000000000E-99
 56   55     1.00000000000000E-99   1.00000000000000E-99
 57   55     1.00000000000000E-99   1.00000000000000E-99
 58   55     1.00000000000000E-99   1.00000000000000E-99
 59   55     1.00000000000000E-99   1.00000000000000E-99
 60   55     1.00000000000000E-99   1.00000000000000E-99
 61   55     1.00000000000000E-99   1.00000000000000E-99
 62   55     1.00000000000000E-99   1.00000000000000E-99
 63   55     1.00000000000000E-99   1.00000000000000E-99
 64   55     1.00000000000000E-99   1.00000000000000E-99
 65   55     1.00000000000000E-99   1.00000000000000E-99
 66   55     1.00000000000000E-99   1.00000000000000E-99
 67   55     1.00000000000000E-99   1.00000000000000E-99
 68   55     1.00000000000000E-99   1.00000000000000E-99
 69   55     1.00000000000000E-99   1.00000000000000E-99
 70   55     1.00000000000000E-99   1.00000000000000E-99
 71   55     1.00000000000000E-99   1.00000000000000E-99
 72   55     1.00000000000000E-99   1.00000000000000E-99
 73   55     1.00000000000000E-99   1.00000000000000E-99
 74   55     1.00000000000000E-99   1.00000000000000E-99
 75   55     1.00000000000000E-99   1.00000000000000E-99
 76   55     1.00000000000000E-99   1.00000000000000E-99
 77   55     1.00000000000000E-99   1.00000000000000E-99
 78   55     1.00000000000000E-99   1.00000000000000E-99
 79   55     1.00000000000000E-99   1.00000000000000E-99
 80   55     1.00000000000000E-99   1.00000000000000E-99
 81   55     1.00000000000000E-99   1.00000000000000E-99
 82   55     1.00000000000000E-99   1.00000000000000E-99
 83   55     1.00000000000000E-99   1.00000000000000E-99
 84   55     1.00000000000000E-99   1.00000000000000E-99
 85   55     1.00000000000000E-99   1.00000000000000E-99
 86   55     1.00000000000000E-99   1.00000000000000E-99
 87   55     1.00000000000000E-99   1.00000000000000E-99
 88   55     1.00000000000000E-99   1.00000000000000E-99
 89   55     1.00000000000000E-99   1.00000000000000E-99
 90   55     1.00000000000000E-99   1.00000000000000E-99
 91   55     1.00000000000000E-99   1.00000000000000E-99
 92   55     1.00000000000000E-99   1.00000000000000E-99
 93   55     1.00000000000000E-99   1.00000000000000E-99
 94   55     1.00000000000000E-99   1.00000000000000E-99
 95   55     1.00000000000000E-99   1.00000000000000E-99
 96   55     1.00000000000000E-99   1.00000000000000E-99
 97   55     1.00000000000000E-99   1.00000000000000E-99
 98   55     1.00000000000000E-99   1.00000000000000E-99
 99   55     1.00000000000000E-99   1.00000000000000E-99
100   55     1.00000000000000E-99   1.00000000000000E-99
101   55     1.00000000000000E-99   1.00000000000000E-99
102   55     1.00000000000000E-99   1.00000000000000E-99
103   55     1.00000000000000E-99   1.00000000000000E-99
104   55     1.00000000000000E-99   1.00000000000000E-99
105   55     1.00000000000000E-99   1.00000000000000E-99
106   55     1.00000000000000E-99   1.00000000000000E-99
107   55     1.00000000000000E-99   1.00000000000000E-99
108   55     1.00000000000000E-99   1.00000000000000E-99
109   55     1.00000000000000E-99   1.00000000000000E-99
110   55     1.00000000000000E-99   1.00000000000000E-99
111   55     1.00000000000000E-99   1.00000000000000E-99
112   55     1.00000000000000E-99   1.00000000000000E-99
113   55     1.00000000000000E-99   1.00000000000000E-99
114   55     1.00000000000000E-99   1.00000000000000E-99
115   55     1.00000000000000E-99   1.00000000000000E-99
116   55     2.68380908678971E-25   4.58931353841040E-23
117   55     1.66634777837690E-25   2.86611817880827E-23
118   55     9.74150935874394E-24   1.68528111906270E-21
119   55     1.37347875754564E-24   2.38985303812941E-22
120   55     2.23297087748576E-23   3.90769903560009E-21
121   55     2.27331351963667E-25   4.00103179456055E-23
122   55     8.85606617405023E-24   1.56752371280689E-21
123   55     6.13584584579147E-21   1.09218056055088E-18
124   55     6.52947069494094E-19   1.16877525439443E-16
125   55     4.81863005110298E-19   8.67353409198537E-17
126   55     2.09955112568478E-10   3.80018753748946E-08
127   55     3.97984647479261E-22   7.24332058412256E-20
128   55     1.00000000000000E-99   1.00000000000000E-99
129   55     1.00000000000000E-99   1.00000000000000E-99
130   55     1.00000000000000E-99   1.00000000000000E-99
 52   56     1.00000000000000E-99   1.00000000000000E-99
 53   56     1.00000000000000E-99   1.00000000000000E-99
 54   56     1.00000000000000E-99   1.00000000000000E-99
 55   56     1.00000000000000E-99   1.00000000000000E-99
 56   56     1.00000000000000E-99   1.00000000000000E-99
 57   56     1.00000000000000E-99   1.00000000000000E-99
 58   56     1.00000000000000E-99   1.00000000000000E-99
 59   56     1.00000000000000E-99   1.00000000000000E-99
 60   56     1.00000000000000E-99   1.00000000000000E-99
 61   56     1.00000000000000E-99   1.00000000000000E-99
 62   56     1.00000000000000E-99   1.00000000000000E-99
 63   56     1.00000000000000E-99   1.00000000000000E-99
 64   56     1.00000000000000E-99   1.00000000000000E-99
 65   56     1.00000000000000E-99   1.00000000000000E-99
 66   56     1.00000000000000E-99   1.00000000000000E-99
 67   56     1.00000000000000E-99   1.00000000000000E-99
 68   56     1.00000000000000E-99   1.00000000000000E-99
 69   56     1.00000000000000E-99   1.00000000000000E-99
 70   56     1.00000000000000E-99   1.00000000000000E-99
 71   56     1.00000000000000E-99   1.00000000000000E-99
 72   56     1.00000000000000E-99   1.00000000000000E-99
 73   56     1.00000000000000E-99   1.00000000000000E-99
 74   56     1.00000000000000E-99   1.00000000000000E-99
 75   56     1.00000000000000E-99   1.00000000000000E-99
 76   56     1.00000000000000E-99   1.00000000000000E-99
 77   56     1.00000000000000E-99   1.00000000000000E-99
 78   56     1.00000000000000E-99   1.00000000000000E-99
 79   56     1.00000000000000E-99   1.00000000000000E-99
 80   56     1.00000000000000E-99   1.00000000000000E-99
 81   56     1.00000000000000E-99   1.00000000000000E-99
 82   56     1.00000000000000E-99   1.00000000000000E-99
 83   56     1.00000000000000E-99   1.00000000000000E-99
 84   56     1.00000000000000E-99   1.00000000000000E-99
 85   56     1.00000000000000E-99   1.00000000000000E-99
 86   56     1.00000000000000E-99   1.00000000000000E-99
 87   56     1.00000000000000E-99   1.00000000000000E-99
 88   56     1.00000000000000E-99   1.00000000000000E-99
 89   56     1.00000000000000E-99   1.00000000000000E-99
 90   56     1.00000000000000E-99   1.00000000000000E-99
 91   56     1.00000000000000E-99   1.00000000000000E-99
 92   56     1.00000000000000E-99   1.00000000000000E-99
 93   56     1.00000000000000E-99   1.00000000000000E-99
 94   56     1.00000000000000E-99   1.00000000000000E-99
 95   56     1.00000000000000E-99   1.00000000000000E-99
 96   56     1.00000000000000E-99   1.00000000000000E-99
 97   56     1.00000000000000E-99   1.00000000000000E-99
 98   56     1.00000000000000E-99   1.00000000000000E-99
 99   56     1.00000000000000E-99   1.00000000000000E-99
100   56     1.00000000000000E-99   1.00000000000000E-99
101   56     1.00000000000000E-99   1.00000000000000E-99
102   56     1.00000000000000E-99   1.00000000000000E-99
103   56     1.00000000000000E-99   1.00000000000000E-99
104   56     1.00000000000000E-99   1.00000000000000E-99
105   56     1.00000000000000E-99   1.00000000000000E-99
106   56     1.00000000000000E-99   1.00000000000000E-99
107   56     1.00000000000000E-99   1.00000000000000E-99
108   56     1.00000000000000E-99   1.00000000000000E-99
109   56     1.00000000000000E-99   1.00000000000000E-99
110   56     1.00000000000000E-99   1.00000000000000E-99
111   56     1.00000000000000E-99   1.00000000000000E-99
112   56     1.00000000000000E-99   1.00000000000000E-99
113   56     1.00000000000000E-99   1.00000000000000E-99
114   56     1.00000000000000E-99   1.00000000000000E-99
115   56     1.00000000000000E-99   1.00000000000000E-99
116   56     1.00000000000000E-99   1.00000000000000E-99
117   56     1.00000000000000E-99   1.00000000000000E-99
118   56     1.00000000000000E-99   1.00000000000000E-99
119   56     1.00000000000000E-99   1.00000000000000E-99
120   56     1.00000000000000E-99   1.00000000000000E-99
121   56     1.00000000000000E-99   1.00000000000000E-99
122   56     1.00000000000000E-99   1.00000000000000E-99
123   56     7.87047106493078E-20   1.40881432062261E-17
124   56     3.57294335079466E-19   6.43129803143038E-17
125   56     3.66663775126575E-19   6.63661432979101E-17
126   56     1.27477439200538E-10   2.32008939344979E-08
127   56     1.00000000000000E-99   1.00000000000000E-99
128   56     1.00000000000000E-99   1.00000000000000E-99
129   56     1.00000000000000E-99   1.00000000000000E-99
130   56     1.00000000000000E-99   1.00000000000000E-99
131   56     1.00000000000000E-99   1.00000000000000E-99
132   56     1.00000000000000E-99   1.00000000000000E-99
133   56     1.00000000000000E-99   1.00000000000000E-99
 53   57     1.00000000000000E-99   1.00000000000000E-99
 54   57     1.00000000000000E-99   1.00000000000000E-99
 55   57     1.00000000000000E-99   1.00000000000000E-99
 56   57     1.00000000000000E-99   1.00000000000000E-99
 57   57     1.00000000000000E-99   1.00000000000000E-99
 58   57     1.00000000000000E-99   1.00000000000000E-99
 59   57     1.00000000000000E-99   1.00000000000000E-99
 60   57     1.00000000000000E-99   1.00000000000000E-99
 61   57     1.00000000000000E-99   1.00000000000000E-99
 62   57     1.00000000000000E-99   1.00000000000000E-99
 63   57     1.00000000000000E-99   1.00000000000000E-99
 64   57     1.00000000000000E-99   1.00000000000000E-99
 65   57     1.00000000000000E-99   1.00000000000000E-99
 66   57     1.00000000000000E-99   1.00000000000000E-99
 67   57     1.00000000000000E-99   1.00000000000000E-99
 68   57     1.00000000000000E-99   1.00000000000000E-99
 69   57     1.00000000000000E-99   1.00000000000000E-99
 70   57     1.00000000000000E-99   1.00000000000000E-99
 71   57     1.00000000000000E-99   1.00000000000000E-99
 72   57     1.00000000000000E-99   1.00000000000000E-99
 73   57     1.00000000000000E-99   1.00000000000000E-99
 74   57     1.00000000000000E-99   1.00000000000000E-99
 75   57     1.00000000000000E-99   1.00000000000000E-99
 76   57     1.00000000000000E-99   1.00000000000000E-99
 77   57     1.00000000000000E-99   1.00000000000000E-99
 78   57     1.00000000000000E-99   1.00000000000000E-99
 79   57     1.00000000000000E-99   1.00000000000000E-99
 80   57     1.00000000000000E-99   1.00000000000000E-99
 81   57     1.00000000000000E-99   1.00000000000000E-99
 82   57     1.00000000000000E-99   1.00000000000000E-99
 83   57     1.00000000000000E-99   1.00000000000000E-99
 84   57     1.00000000000000E-99   1.00000000000000E-99
 85   57     1.00000000000000E-99   1.00000000000000E-99
 86   57     1.00000000000000E-99   1.00000000000000E-99
 87   57     1.00000000000000E-99   1.00000000000000E-99
 88   57     1.00000000000000E-99   1.00000000000000E-99
 89   57     1.00000000000000E-99   1.00000000000000E-99
 90   57     1.00000000000000E-99   1.00000000000000E-99
 91   57     1.00000000000000E-99   1.00000000000000E-99
 92   57     1.00000000000000E-99   1.00000000000000E-99
 93   57     1.00000000000000E-99   1.00000000000000E-99
 94   57     1.00000000000000E-99   1.00000000000000E-99
 95   57     1.00000000000000E-99   1.00000000000000E-99
 96   57     1.00000000000000E-99   1.00000000000000E-99
 97   57     1.00000000000000E-99   1.00000000000000E-99
 98   57     1.00000000000000E-99   1.00000000000000E-99
 99   57     1.00000000000000E-99   1.00000000000000E-99
100   57     1.00000000000000E-99   1.00000000000000E-99
101   57     1.00000000000000E-99   1.00000000000000E-99
102   57     1.00000000000000E-99   1.00000000000000E-99
103   57     1.00000000000000E-99   1.00000000000000E-99
104   57     1.00000000000000E-99   1.00000000000000E-99
105   57     1.00000000000000E-99   1.00000000000000E-99
106   57     1.00000000000000E-99   1.00000000000000E-99
107   57     1.00000000000000E-99   1.00000000000000E-99
108   57     1.00000000000000E-99   1.00000000000000E-99
109   57     1.00000000000000E-99   1.00000000000000E-99
110   57     1.00000000000000E-99   1.00000000000000E-99
111   57     1.00000000000000E-99   1.00000000000000E-99
112   57     1.00000000000000E-99   1.00000000000000E-99
113   57     1.00000000000000E-99   1.00000000000000E-99
114   57     1.00000000000000E-99   1.00000000000000E-99
115   57     1.00000000000000E-99   1.00000000000000E-99
116   57     1.00000000000000E-99   1.00000000000000E-99
117   57     1.00000000000000E-99   1.00000000000000E-99
118   57     1.00000000000000E-99   1.00000000000000E-99
119   57     1.00000000000000E-99   1.00000000000000E-99
120   57     1.00000000000000E-99   1.00000000000000E-99
121   57     1.00000000000000E-99   1.00000000000000E-99
122   57     1.00000000000000E-99   1.00000000000000E-99
123   57     1.44012187060767E-21   2.59221936709380E-19
124   57     1.44932522654396E-20   2.62327866004456E-18
125   57     7.00967062170009E-21   1.27576005314942E-18
126   57     6.30104857217159E-11   1.15309188870740E-08
127   57     1.00000000000000E-99   1.00000000000000E-99
128   57     1.00000000000000E-99   1.00000000000000E-99
129   57     3.53202186968975E-25   6.56956067762294E-23
130   57     1.00000000000000E-99   1.00000000000000E-99
131   57     1.00000000000000E-99   1.00000000000000E-99
132   57     1.00000000000000E-99   1.00000000000000E-99
133   57     1.00000000000000E-99   1.00000000000000E-99
134   57     1.00000000000000E-99   1.00000000000000E-99
135   57     1.00000000000000E-99   1.00000000000000E-99
 55   58     1.00000000000000E-99   1.00000000000000E-99
 56   58     1.00000000000000E-99   1.00000000000000E-99
 57   58     1.00000000000000E-99   1.00000000000000E-99
 58   58     1.00000000000000E-99   1.00000000000000E-99
 59   58     1.00000000000000E-99   1.00000000000000E-99
 60   58     1.00000000000000E-99   1.00000000000000E-99
 61   58     1.00000000000000E-99   1.00000000000000E-99
 62   58     1.00000000000000E-99   1.00000000000000E-99
 63   58     1.00000000000000E-99   1.00000000000000E-99
 64   58     1.00000000000000E-99   1.00000000000000E-99
 65   58     1.00000000000000E-99   1.00000000000000E-99
 66   58     1.00000000000000E-99   1.00000000000000E-99
 67   58     1.00000000000000E-99   1.00000000000000E-99
 68   58     1.00000000000000E-99   1.00000000000000E-99
 69   58     1.00000000000000E-99   1.00000000000000E-99
 70   58     1.00000000000000E-99   1.00000000000000E-99
 71   58     1.00000000000000E-99   1.00000000000000E-99
 72   58     1.00000000000000E-99   1.00000000000000E-99
 73   58     1.00000000000000E-99   1.00000000000000E-99
 74   58     1.00000000000000E-99   1.00000000000000E-99
 75   58     1.00000000000000E-99   1.00000000000000E-99
 76   58     1.00000000000000E-99   1.00000000000000E-99
 77   58     1.00000000000000E-99   1.00000000000000E-99
 78   58     1.00000000000000E-99   1.00000000000000E-99
 79   58     1.00000000000000E-99   1.00000000000000E-99
 80   58     1.00000000000000E-99   1.00000000000000E-99
 81   58     1.00000000000000E-99   1.00000000000000E-99
 82   58     1.00000000000000E-99   1.00000000000000E-99
 83   58     1.00000000000000E-99   1.00000000000000E-99
 84   58     1.00000000000000E-99   1.00000000000000E-99
 85   58     1.00000000000000E-99   1.00000000000000E-99
 86   58     1.00000000000000E-99   1.00000000000000E-99
 87   58     1.00000000000000E-99   1.00000000000000E-99
 88   58     1.00000000000000E-99   1.00000000000000E-99
 89   58     1.00000000000000E-99   1.00000000000000E-99
 90   58     1.00000000000000E-99   1.00000000000000E-99
 91   58     1.00000000000000E-99   1.00000000000000E-99
 92   58     1.00000000000000E-99   1.00000000000000E-99
 93   58     1.00000000000000E-99   1.00000000000000E-99
 94   58     1.00000000000000E-99   1.00000000000000E-99
 95   58     1.00000000000000E-99   1.00000000000000E-99
 96   58     1.00000000000000E-99   1.00000000000000E-99
 97   58     1.00000000000000E-99   1.00000000000000E-99
 98   58     1.00000000000000E-99   1.00000000000000E-99
 99   58     1.00000000000000E-99   1.00000000000000E-99
100   58     1.00000000000000E-99   1.00000000000000E-99
101   58     1.00000000000000E-99   1.00000000000000E-99
102   58     1.00000000000000E-99   1.00000000000000E-99
103   58     1.00000000000000E-99   1.00000000000000E-99
104   58     1.00000000000000E-99   1.00000000000000E-99
105   58     1.00000000000000E-99   1.00000000000000E-99
106   58     1.00000000000000E-99   1.00000000000000E-99
107   58     1.00000000000000E-99   1.00000000000000E-99
108   58     1.00000000000000E-99   1.00000000000000E-99
109   58     1.00000000000000E-99   1.00000000000000E-99
110   58     1.00000000000000E-99   1.00000000000000E-99
111   58     1.00000000000000E-99   1.00000000000000E-99
112   58     1.00000000000000E-99   1.00000000000000E-99
113   58     1.00000000000000E-99   1.00000000000000E-99
114   58     1.00000000000000E-99   1.00000000000000E-99
115   58     1.00000000000000E-99   1.00000000000000E-99
116   58     1.00000000000000E-99   1.00000000000000E-99
117   58     1.00000000000000E-99   1.00000000000000E-99
118   58     1.00000000000000E-99   1.00000000000000E-99
119   58     1.00000000000000E-99   1.00000000000000E-99
120   58     1.00000000000000E-99   1.00000000000000E-99
121   58     1.00000000000000E-99   1.00000000000000E-99
122   58     1.00000000000000E-99   1.00000000000000E-99
123   58     4.13185137710544E-21   7.47865099256085E-19
124   58     1.95766715217085E-20   3.56295421695094E-18
125   58     1.68649720989711E-20   3.08628989411172E-18
126   58     2.61005519956868E-11   4.80250156720637E-09
127   58     1.00000000000000E-99   1.00000000000000E-99
128   58     1.43999984729451E-24   2.67839971596778E-22
129   58     1.00000000000000E-99   1.00000000000000E-99
130   58     1.00000000000000E-99   1.00000000000000E-99
131   58     1.00000000000000E-99   1.00000000000000E-99
132   58     1.00000000000000E-99   1.00000000000000E-99
133   58     1.00000000000000E-99   1.00000000000000E-99
134   58     1.00000000000000E-99   1.00000000000000E-99
135   58     1.00000000000000E-99   1.00000000000000E-99
136   58     1.00000000000000E-99   1.00000000000000E-99
137   58     1.00000000000000E-99   1.00000000000000E-99
 56   59     1.00000000000000E-99   1.00000000000000E-99
 57   59     1.00000000000000E-99   1.00000000000000E-99
 58   59     1.00000000000000E-99   1.00000000000000E-99
 59   59     1.00000000000000E-99   1.00000000000000E-99
 60   59     1.00000000000000E-99   1.00000000000000E-99
 61   59     1.00000000000000E-99   1.00000000000000E-99
 62   59     1.00000000000000E-99   1.00000000000000E-99
 63   59     1.00000000000000E-99   1.00000000000000E-99
 64   59     1.00000000000000E-99   1.00000000000000E-99
 65   59     1.00000000000000E-99   1.00000000000000E-99
 66   59     1.00000000000000E-99   1.00000000000000E-99
 67   59     1.00000000000000E-99   1.00000000000000E-99
 68   59     1.00000000000000E-99   1.00000000000000E-99
 69   59     1.00000000000000E-99   1.00000000000000E-99
 70   59     1.00000000000000E-99   1.00000000000000E-99
 71   59     1.00000000000000E-99   1.00000000000000E-99
 72   59     1.00000000000000E-99   1.00000000000000E-99
 73   59     1.00000000000000E-99   1.00000000000000E-99
 74   59     1.00000000000000E-99   1.00000000000000E-99
 75   59     1.00000000000000E-99   1.00000000000000E-99
 76   59     1.00000000000000E-99   1.00000000000000E-99
 77   59     1.00000000000000E-99   1.00000000000000E-99
 78   59     1.00000000000000E-99   1.00000000000000E-99
 79   59     1.00000000000000E-99   1.00000000000000E-99
 80   59     1.00000000000000E-99   1.00000000000000E-99
 81   59     1.00000000000000E-99   1.00000000000000E-99
 82   59     1.00000000000000E-99   1.00000000000000E-99
 83   59     1.00000000000000E-99   1.00000000000000E-99
 84   59     1.00000000000000E-99   1.00000000000000E-99
 85   59     1.00000000000000E-99   1.00000000000000E-99
 86   59     1.00000000000000E-99   1.00000000000000E-99
 87   59     1.00000000000000E-99   1.00000000000000E-99
 88   59     1.00000000000000E-99   1.00000000000000E-99
 89   59     1.00000000000000E-99   1.00000000000000E-99
 90   59     1.00000000000000E-99   1.00000000000000E-99
 91   59     1.00000000000000E-99   1.00000000000000E-99
 92   59     1.00000000000000E-99   1.00000000000000E-99
 93   59     1.00000000000000E-99   1.00000000000000E-99
 94   59     1.00000000000000E-99   1.00000000000000E-99
 95   59     1.00000000000000E-99   1.00000000000000E-99
 96   59     1.00000000000000E-99   1.00000000000000E-99
 97   59     1.00000000000000E-99   1.00000000000000E-99
 98   59     1.00000000000000E-99   1.00000000000000E-99
 99   59     1.00000000000000E-99   1.00000000000000E-99
100   59     1.00000000000000E-99   1.00000000000000E-99
101   59     1.00000000000000E-99   1.00000000000000E-99
102   59     1.00000000000000E-99   1.00000000000000E-99
103   59     1.00000000000000E-99   1.00000000000000E-99
104   59     1.00000000000000E-99   1.00000000000000E-99
105   59     1.00000000000000E-99   1.00000000000000E-99
106   59     1.00000000000000E-99   1.00000000000000E-99
107   59     1.00000000000000E-99   1.00000000000000E-99
108   59     1.00000000000000E-99   1.00000000000000E-99
109   59     1.00000000000000E-99   1.00000000000000E-99
110   59     1.00000000000000E-99   1.00000000000000E-99
111   59     1.00000000000000E-99   1.00000000000000E-99
112   59     1.00000000000000E-99   1.00000000000000E-99
113   59     1.00000000000000E-99   1.00000000000000E-99
114   59     1.00000000000000E-99   1.00000000000000E-99
115   59     1.00000000000000E-99   1.00000000000000E-99
116   59     1.00000000000000E-99   1.00000000000000E-99
117   59     1.00000000000000E-99   1.00000000000000E-99
118   59     1.00000000000000E-99   1.00000000000000E-99
119   59     1.00000000000000E-99   1.00000000000000E-99
120   59     1.00000000000000E-99   1.00000000000000E-99
121   59     1.00000000000000E-99   1.00000000000000E-99
122   59     1.00000000000000E-99   1.00000000000000E-99
123   59     6.47376264005897E-24   1.17822480049073E-21
124   59     7.70782795658018E-22   1.41053251605417E-19
125   59     1.20440291090238E-21   2.21610135606037E-19
126   59     8.44314319756929E-12   1.56198149155032E-09
127   59     1.00000000000000E-99   1.00000000000000E-99
128   59     1.00000000000000E-99   1.00000000000000E-99
129   59     1.00000000000000E-99   1.00000000000000E-99
130   59     1.00000000000000E-99   1.00000000000000E-99
131   59     1.00000000000000E-99   1.00000000000000E-99
132   59     1.00000000000000E-99   1.00000000000000E-99
133   59     1.00000000000000E-99   1.00000000000000E-99
134   59     1.00000000000000E-99   1.00000000000000E-99
135   59     1.00000000000000E-99   1.00000000000000E-99
136   59     1.00000000000000E-99   1.00000000000000E-99
137   59     1.00000000000000E-99   1.00000000000000E-99
138   59     1.00000000000000E-99   1.00000000000000E-99
139   59     1.00000000000000E-99   1.00000000000000E-99
 58   60     1.00000000000000E-99   1.00000000000000E-99
 59   60     1.00000000000000E-99   1.00000000000000E-99
 60   60     1.00000000000000E-99   1.00000000000000E-99
 61   60     1.00000000000000E-99   1.00000000000000E-99
 62   60     1.00000000000000E-99   1.00000000000000E-99
 63   60     1.00000000000000E-99   1.00000000000000E-99
 64   60     1.00000000000000E-99   1.00000000000000E-99
 65   60     1.00000000000000E-99   1.00000000000000E-99
 66   60     1.00000000000000E-99   1.00000000000000E-99
 67   60     1.00000000000000E-99   1.00000000000000E-99
 68   60     1.00000000000000E-99   1.00000000000000E-99
 69   60     1.00000000000000E-99   1.00000000000000E-99
 70   60     1.00000000000000E-99   1.00000000000000E-99
 71   60     1.00000000000000E-99   1.00000000000000E-99
 72   60     1.00000000000000E-99   1.00000000000000E-99
 73   60     1.00000000000000E-99   1.00000000000000E-99
 74   60     1.00000000000000E-99   1.00000000000000E-99
 75   60     1.00000000000000E-99   1.00000000000000E-99
 76   60     1.00000000000000E-99   1.00000000000000E-99
 77   60     1.00000000000000E-99   1.00000000000000E-99
 78   60     1.00000000000000E-99   1.00000000000000E-99
 79   60     1.00000000000000E-99   1.00000000000000E-99
 80   60     1.00000000000000E-99   1.00000000000000E-99
 81   60     1.00000000000000E-99   1.00000000000000E-99
 82   60     1.00000000000000E-99   1.00000000000000E-99
 83   60     1.00000000000000E-99   1.00000000000000E-99
 84   60     1.00000000000000E-99   1.00000000000000E-99
 85   60     1.00000000000000E-99   1.00000000000000E-99
 86   60     1.00000000000000E-99   1.00000000000000E-99
 87   60     1.00000000000000E-99   1.00000000000000E-99
 88   60     1.00000000000000E-99   1.00000000000000E-99
 89   60     1.00000000000000E-99   1.00000000000000E-99
 90   60     1.00000000000000E-99   1.00000000000000E-99
 91   60     1.00000000000000E-99   1.00000000000000E-99
 92   60     1.00000000000000E-99   1.00000000000000E-99
 93   60     1.00000000000000E-99   1.00000000000000E-99
 94   60     1.00000000000000E-99   1.00000000000000E-99
 95   60     1.00000000000000E-99   1.00000000000000E-99
 96   60     1.00000000000000E-99   1.00000000000000E-99
 97   60     1.00000000000000E-99   1.00000000000000E-99
 98   60     1.00000000000000E-99   1.00000000000000E-99
 99   60     1.00000000000000E-99   1.00000000000000E-99
100   60     1.00000000000000E-99   1.00000000000000E-99
101   60     1.00000000000000E-99   1.00000000000000E-99
102   60     1.00000000000000E-99   1.00000000000000E-99
103   60     1.00000000000000E-99   1.00000000000000E-99
104   60     1.00000000000000E-99   1.00000000000000E-99
105   60     1.00000000000000E-99   1.00000000000000E-99
106   60     1.00000000000000E-99   1.00000000000000E-99
107   60     1.00000000000000E-99   1.00000000000000E-99
108   60     1.00000000000000E-99   1.00000000000000E-99
109   60     1.00000000000000E-99   1.00000000000000E-99
110   60     1.00000000000000E-99   1.00000000000000E-99
111   60     1.00000000000000E-99   1.00000000000000E-99
112   60     1.00000000000000E-99   1.00000000000000E-99
113   60     1.00000000000000E-99   1.00000000000000E-99
114   60     1.00000000000000E-99   1.00000000000000E-99
115   60     1.00000000000000E-99   1.00000000000000E-99
116   60     1.00000000000000E-99   1.00000000000000E-99
117   60     1.00000000000000E-99   1.00000000000000E-99
118   60     1.00000000000000E-99   1.00000000000000E-99
119   60     1.00000000000000E-99   1.00000000000000E-99
120   60     1.00000000000000E-99   1.00000000000000E-99
121   60     1.00000000000000E-99   1.00000000000000E-99
122   60     1.00000000000000E-99   1.00000000000000E-99
123   60     1.07636584103389E-22   1.96974948909202E-20
124   60     5.13517019937553E-22   9.44871316685098E-20
125   60     6.18281436351336E-22   1.14382065724997E-19
126   60     2.26741316222128E-12   4.21738848173157E-10
127   60     1.00000000000000E-99   1.00000000000000E-99
128   60     2.15021878460924E-19   4.04241131506537E-17
129   60     1.00000000000000E-99   1.00000000000000E-99
130   60     3.36532554023570E-24   6.39411852644783E-22
131   60     1.00000000000000E-99   1.00000000000000E-99
132   60     2.58254023659818E-23   4.95847725426851E-21
133   60     1.00000000000000E-99   1.00000000000000E-99
134   60     1.00000000000000E-99   1.00000000000000E-99
135   60     1.00000000000000E-99   1.00000000000000E-99
136   60     4.92912145737869E-22   9.66107805646222E-20
137   60     1.00000000000000E-99   1.00000000000000E-99
138   60     1.96516128074542E-22   3.89101933587593E-20
139   60     1.00000000000000E-99   1.00000000000000E-99
140   60     1.00000000000000E-99   1.00000000000000E-99
141   60     1.00000000000000E-99   1.00000000000000E-99
 59   61     1.00000000000000E-99   1.00000000000000E-99
 60   61     1.00000000000000E-99   1.00000000000000E-99
 61   61     1.00000000000000E-99   1.00000000000000E-99
 62   61     1.00000000000000E-99   1.00000000000000E-99
 63   61     1.00000000000000E-99   1.00000000000000E-99
 64   61     1.00000000000000E-99   1.00000000000000E-99
 65   61     1.00000000000000E-99   1.00000000000000E-99
 66   61     1.00000000000000E-99   1.00000000000000E-99
 67   61     1.00000000000000E-99   1.00000000000000E-99
 68   61     1.00000000000000E-99   1.00000000000000E-99
 69   61     1.00000000000000E-99   1.00000000000000E-99
 70   61     1.00000000000000E-99   1.00000000000000E-99
 71   61     1.00000000000000E-99   1.00000000000000E-99
 72   61     1.00000000000000E-99   1.00000000000000E-99
 73   61     1.00000000000000E-99   1.00000000000000E-99
 74   61     1.00000000000000E-99   1.00000000000000E-99
 75   61     1.00000000000000E-99   1.00000000000000E-99
 76   61     1.00000000000000E-99   1.00000000000000E-99
 77   61     1.00000000000000E-99   1.00000000000000E-99
 78   61     1.00000000000000E-99   1.00000000000000E-99
 79   61     1.00000000000000E-99   1.00000000000000E-99
 80   61     1.00000000000000E-99   1.00000000000000E-99
 81   61     1.00000000000000E-99   1.00000000000000E-99
 82   61     1.00000000000000E-99   1.00000000000000E-99
 83   61     1.00000000000000E-99   1.00000000000000E-99
 84   61     1.00000000000000E-99   1.00000000000000E-99
 85   61     1.00000000000000E-99   1.00000000000000E-99
 86   61     1.00000000000000E-99   1.00000000000000E-99
 87   61     1.00000000000000E-99   1.00000000000000E-99
 88   61     1.00000000000000E-99   1.00000000000000E-99
 89   61     1.00000000000000E-99   1.00000000000000E-99
 90   61     1.00000000000000E-99   1.00000000000000E-99
 91   61     1.00000000000000E-99   1.00000000000000E-99
 92   61     1.00000000000000E-99   1.00000000000000E-99
 93   61     1.00000000000000E-99   1.00000000000000E-99
 94   61     1.00000000000000E-99   1.00000000000000E-99
 95   61     1.00000000000000E-99   1.00000000000000E-99
 96   61     1.00000000000000E-99   1.00000000000000E-99
 97   61     1.00000000000000E-99   1.00000000000000E-99
 98   61     1.00000000000000E-99   1.00000000000000E-99
 99   61     1.00000000000000E-99   1.00000000000000E-99
100   61     1.00000000000000E-99   1.00000000000000E-99
101   61     1.00000000000000E-99   1.00000000000000E-99
102   61     1.00000000000000E-99   1.00000000000000E-99
103   61     1.00000000000000E-99   1.00000000000000E-99
104   61     1.00000000000000E-99   1.00000000000000E-99
105   61     1.00000000000000E-99   1.00000000000000E-99
106   61     1.00000000000000E-99   1.00000000000000E-99
107   61     1.00000000000000E-99   1.00000000000000E-99
108   61     1.00000000000000E-99   1.00000000000000E-99
109   61     1.00000000000000E-99   1.00000000000000E-99
110   61     1.00000000000000E-99   1.00000000000000E-99
111   61     1.00000000000000E-99   1.00000000000000E-99
112   61     1.00000000000000E-99   1.00000000000000E-99
113   61     1.00000000000000E-99   1.00000000000000E-99
114   61     1.00000000000000E-99   1.00000000000000E-99
115   61     1.00000000000000E-99   1.00000000000000E-99
116   61     1.00000000000000E-99   1.00000000000000E-99
117   61     1.00000000000000E-99   1.00000000000000E-99
118   61     1.00000000000000E-99   1.00000000000000E-99
119   61     1.00000000000000E-99   1.00000000000000E-99
120   61     1.00000000000000E-99   1.00000000000000E-99
121   61     1.00000000000000E-99   1.00000000000000E-99
122   61     1.00000000000000E-99   1.00000000000000E-99
123   61     1.00000000000000E-99   1.00000000000000E-99
124   61     6.21493925208775E-24   1.14976376163623E-21
125   61     1.61213214584449E-23   2.99856579127076E-21
126   61     4.49650309154992E-13   8.40846078119835E-11
127   61     1.00000000000000E-99   1.00000000000000E-99
128   61     7.72084012761217E-19   1.45923878411870E-16
129   61     1.00000000000000E-99   1.00000000000000E-99
130   61     1.21402278721839E-22   2.31878352358712E-20
131   61     1.00000000000000E-99   1.00000000000000E-99
132   61     1.72761413905756E-21   3.33429528838108E-19
133   61     1.00000000000000E-99   1.00000000000000E-99
134   61     3.02910203754978E-25   5.90674897322206E-23
135   61     1.00000000000000E-99   1.00000000000000E-99
136   61     4.25839873255030E-21   8.38904550312409E-19
137   61     1.00000000000000E-99   1.00000000000000E-99
138   61     2.66512288806188E-21   5.30359454724314E-19
139   61     1.00000000000000E-99   1.00000000000000E-99
140   61     1.66812784697979E-22   3.35293697242939E-20
141   61     1.00000000000000E-99   1.00000000000000E-99
142   61     1.00000000000000E-99   1.00000000000000E-99
143   61     1.00000000000000E-99   1.00000000000000E-99
144   61     1.00000000000000E-99   1.00000000000000E-99
 61   62     1.00000000000000E-99   1.00000000000000E-99
 62   62     1.00000000000000E-99   1.00000000000000E-99
 63   62     1.00000000000000E-99   1.00000000000000E-99
 64   62     1.00000000000000E-99   1.00000000000000E-99
 65   62     1.00000000000000E-99   1.00000000000000E-99
 66   62     1.00000000000000E-99   1.00000000000000E-99
 67   62     1.00000000000000E-99   1.00000000000000E-99
 68   62     1.00000000000000E-99   1.00000000000000E-99
 69   62     1.00000000000000E-99   1.00000000000000E-99
 70   62     1.00000000000000E-99   1.00000000000000E-99
 71   62     1.00000000000000E-99   1.00000000000000E-99
 72   62     1.00000000000000E-99   1.00000000000000E-99
 73   62     1.00000000000000E-99   1.00000000000000E-99
 74   62     1.00000000000000E-99   1.00000000000000E-99
 75   62     1.00000000000000E-99   1.00000000000000E-99
 76   62     1.00000000000000E-99   1.00000000000000E-99
 77   62     1.00000000000000E-99   1.00000000000000E-99
 78   62     1.00000000000000E-99   1.00000000000000E-99
 79   62     1.00000000000000E-99   1.00000000000000E-99
 80   62     1.00000000000000E-99   1.00000000000000E-99
 81   62     1.00000000000000E-99   1.00000000000000E-99
 82   62     1.00000000000000E-99   1.00000000000000E-99
 83   62     1.00000000000000E-99   1.00000000000000E-99
 84   62     1.00000000000000E-99   1.00000000000000E-99
 85   62     1.00000000000000E-99   1.00000000000000E-99
 86   62     1.00000000000000E-99   1.00000000000000E-99
 87   62     1.00000000000000E-99   1.00000000000000E-99
 88   62     1.00000000000000E-99   1.00000000000000E-99
 89   62     1.00000000000000E-99   1.00000000000000E-99
 90   62     1.00000000000000E-99   1.00000000000000E-99
 91   62     1.00000000000000E-99   1.00000000000000E-99
 92   62     1.00000000000000E-99   1.00000000000000E-99
 93   62     1.00000000000000E-99   1.00000000000000E-99
 94   62     1.00000000000000E-99   1.00000000000000E-99
 95   62     1.00000000000000E-99   1.00000000000000E-99
 96   62     1.00000000000000E-99   1.00000000000000E-99
 97   62     1.00000000000000E-99   1.00000000000000E-99
 98   62     1.00000000000000E-99   1.00000000000000E-99
 99   62     1.00000000000000E-99   1.00000000000000E-99
100   62     1.00000000000000E-99   1.00000000000000E-99
101   62     1.00000000000000E-99   1.00000000000000E-99
102   62     1.00000000000000E-99   1.00000000000000E-99
103   62     1.00000000000000E-99   1.00000000000000E-99
104   62     1.00000000000000E-99   1.00000000000000E-99
105   62     1.00000000000000E-99   1.00000000000000E-99
106   62     1.00000000000000E-99   1.00000000000000E-99
107   62     1.00000000000000E-99   1.00000000000000E-99
108   62     1.00000000000000E-99   1.00000000000000E-99
109   62     1.00000000000000E-99   1.00000000000000E-99
110   62     1.00000000000000E-99   1.00000000000000E-99
111   62     1.00000000000000E-99   1.00000000000000E-99
112   62     1.00000000000000E-99   1.00000000000000E-99
113   62     1.00000000000000E-99   1.00000000000000E-99
114   62     1.00000000000000E-99   1.00000000000000E-99
115   62     1.00000000000000E-99   1.00000000000000E-99
116   62     1.00000000000000E-99   1.00000000000000E-99
117   62     1.00000000000000E-99   1.00000000000000E-99
118   62     1.00000000000000E-99   1.00000000000000E-99
119   62     1.00000000000000E-99   1.00000000000000E-99
120   62     1.00000000000000E-99   1.00000000000000E-99
121   62     1.00000000000000E-99   1.00000000000000E-99
122   62     1.00000000000000E-99   1.00000000000000E-99
123   62     1.00000000000000E-99   1.00000000000000E-99
124   62     7.14532010763883E-24   1.32902954002082E-21
125   62     8.38566405251663E-24   1.56811917782061E-21
126   62     6.69379288860122E-14   1.25843306305703E-11
127   62     1.00000000000000E-99   1.00000000000000E-99
128   62     9.45604665592988E-19   1.79664886462668E-16
129   62     1.00000000000000E-99   1.00000000000000E-99
130   62     4.75852430524821E-21   9.13636666607655E-19
131   62     1.00000000000000E-99   1.00000000000000E-99
132   62     4.05984775916504E-21   7.87610465278019E-19
133   62     1.00000000000000E-99   1.00000000000000E-99
134   62     1.00000000000000E-99   1.00000000000000E-99
135   62     1.00000000000000E-99   1.00000000000000E-99
136   62     2.71167526943524E-20   5.36911703348178E-18
137   62     1.00000000000000E-99   1.00000000000000E-99
138   62     1.25177986569101E-20   2.50355973138201E-18
139   62     1.00000000000000E-99   1.00000000000000E-99
140   62     1.80220140833948E-21   3.64044684484575E-19
141   62     1.00000000000000E-99   1.00000000000000E-99
142   62     3.17851380612422E-22   6.48416816449341E-20
143   62     1.00000000000000E-99   1.00000000000000E-99
144   62     1.00000000000000E-99   1.00000000000000E-99
145   62     1.00000000000000E-99   1.00000000000000E-99
146   62     1.00000000000000E-99   1.00000000000000E-99
 62   63     1.00000000000000E-99   1.00000000000000E-99
 63   63     1.00000000000000E-99   1.00000000000000E-99
 64   63     1.00000000000000E-99   1.00000000000000E-99
 65   63     1.00000000000000E-99   1.00000000000000E-99
 66   63     1.00000000000000E-99   1.00000000000000E-99
 67   63     1.00000000000000E-99   1.00000000000000E-99
 68   63     1.00000000000000E-99   1.00000000000000E-99
 69   63     1.00000000000000E-99   1.00000000000000E-99
 70   63     1.00000000000000E-99   1.00000000000000E-99
 71   63     1.00000000000000E-99   1.00000000000000E-99
 72   63     1.00000000000000E-99   1.00000000000000E-99
 73   63     1.00000000000000E-99   1.00000000000000E-99
 74   63     1.00000000000000E-99   1.00000000000000E-99
 75   63     1.00000000000000E-99   1.00000000000000E-99
 76   63     1.00000000000000E-99   1.00000000000000E-99
 77   63     1.00000000000000E-99   1.00000000000000E-99
 78   63     1.00000000000000E-99   1.00000000000000E-99
 79   63     1.00000000000000E-99   1.00000000000000E-99
 80   63     1.00000000000000E-99   1.00000000000000E-99
 81   63     1.00000000000000E-99   1.00000000000000E-99
 82   63     1.00000000000000E-99   1.00000000000000E-99
 83   63     1.00000000000000E-99   1.00000000000000E-99
 84   63     1.00000000000000E-99   1.00000000000000E-99
 85   63     1.00000000000000E-99   1.00000000000000E-99
 86   63     1.00000000000000E-99   1.00000000000000E-99
 87   63     1.00000000000000E-99   1.00000000000000E-99
 88   63     1.00000000000000E-99   1.00000000000000E-99
 89   63     1.00000000000000E-99   1.00000000000000E-99
 90   63     1.00000000000000E-99   1.00000000000000E-99
 91   63     1.00000000000000E-99   1.00000000000000E-99
 92   63     1.00000000000000E-99   1.00000000000000E-99
 93   63     1.00000000000000E-99   1.00000000000000E-99
 94   63     1.00000000000000E-99   1.00000000000000E-99
 95   63     1.00000000000000E-99   1.00000000000000E-99
 96   63     1.00000000000000E-99   1.00000000000000E-99
 97   63     1.00000000000000E-99   1.00000000000000E-99
 98   63     1.00000000000000E-99   1.00000000000000E-99
 99   63     1.00000000000000E-99   1.00000000000000E-99
100   63     1.00000000000000E-99   1.00000000000000E-99
101   63     1.00000000000000E-99   1.00000000000000E-99
102   63     1.00000000000000E-99   1.00000000000000E-99
103   63     1.00000000000000E-99   1.00000000000000E-99
104   63     1.00000000000000E-99   1.00000000000000E-99
105   63     1.00000000000000E-99   1.00000000000000E-99
106   63     1.00000000000000E-99   1.00000000000000E-99
107   63     1.00000000000000E-99   1.00000000000000E-99
108   63     1.00000000000000E-99   1.00000000000000E-99
109   63     1.00000000000000E-99   1.00000000000000E-99
110   63     1.00000000000000E-99   1.00000000000000E-99
111   63     1.00000000000000E-99   1.00000000000000E-99
112   63     1.00000000000000E-99   1.00000000000000E-99
113   63     1.00000000000000E-99   1.00000000000000E-99
114   63     1.00000000000000E-99   1.00000000000000E-99
115   63     1.00000000000000E-99   1.00000000000000E-99
116   63     1.00000000000000E-99   1.00000000000000E-99
117   63     1.00000000000000E-99   1.00000000000000E-99
118   63     1.00000000000000E-99   1.00000000000000E-99
119   63     1.00000000000000E-99   1.00000000000000E-99
120   63     1.00000000000000E-99   1.00000000000000E-99
121   63     1.00000000000000E-99   1.00000000000000E-99
122   63     1.00000000000000E-99   1.00000000000000E-99
123   63     1.00000000000000E-99   1.00000000000000E-99
124   63     1.00000000000000E-99   1.00000000000000E-99
125   63     1.00000000000000E-99   1.00000000000000E-99
126   63     2.89027009137753E-17   5.46261047270354E-15
127   63     9.01153207639516E-24   1.71219109451508E-21
128   63     6.46285572598531E-15   1.23440544366319E-12
129   63     1.00000000000000E-99   1.00000000000000E-99
130   63     3.72317909449717E-16   7.18573565237954E-14
131   63     1.00000000000000E-99   1.00000000000000E-99
132   63     7.65594787665598E-21   1.49290983594792E-18
133   63     1.00000000000000E-99   1.00000000000000E-99
134   63     1.00000000000000E-99   1.00000000000000E-99
135   63     1.00000000000000E-99   1.00000000000000E-99
136   63     1.00000000000000E-99   1.00000000000000E-99
137   63     1.00000000000000E-99   1.00000000000000E-99
138   63     5.04473528399801E-21   1.01399179208360E-18
139   63     1.00000000000000E-99   1.00000000000000E-99
140   63     4.52747442570749E-20   9.19077308418621E-18
141   63     1.00000000000000E-99   1.00000000000000E-99
142   63     1.33655315468191E-20   2.73993396709791E-18
143   63     1.00000000000000E-99   1.00000000000000E-99
144   63     1.20680344520618E-24   2.49808313157679E-22
145   63     1.00000000000000E-99   1.00000000000000E-99
146   63     7.11945577490715E-22   1.48796625695559E-19
147   63     1.00000000000000E-99   1.00000000000000E-99
148   63     1.00000000000000E-99   1.00000000000000E-99
 81   64     1.00000000000000E-99   1.00000000000000E-99
 82   64     1.00000000000000E-99   1.00000000000000E-99
 83   64     1.00000000000000E-99   1.00000000000000E-99
 84   64     1.00000000000000E-99   1.00000000000000E-99
 85   64     1.00000000000000E-99   1.00000000000000E-99
 86   64     1.00000000000000E-99   1.00000000000000E-99
 87   64     1.00000000000000E-99   1.00000000000000E-99
 88   64     1.00000000000000E-99   1.00000000000000E-99
 89   64     1.00000000000000E-99   1.00000000000000E-99
 90   64     1.00000000000000E-99   1.00000000000000E-99
 91   64     1.00000000000000E-99   1.00000000000000E-99
 92   64     1.00000000000000E-99   1.00000000000000E-99
 93   64     1.00000000000000E-99   1.00000000000000E-99
 94   64     1.00000000000000E-99   1.00000000000000E-99
 95   64     1.00000000000000E-99   1.00000000000000E-99
 96   64     1.00000000000000E-99   1.00000000000000E-99
 97   64     1.00000000000000E-99   1.00000000000000E-99
 98   64     1.00000000000000E-99   1.00000000000000E-99
 99   64     1.00000000000000E-99   1.00000000000000E-99
100   64     1.00000000000000E-99   1.00000000000000E-99
101   64     1.00000000000000E-99   1.00000000000000E-99
102   64     1.00000000000000E-99   1.00000000000000E-99
103   64     1.00000000000000E-99   1.00000000000000E-99
104   64     1.00000000000000E-99   1.00000000000000E-99
105   64     1.00000000000000E-99   1.00000000000000E-99
106   64     1.00000000000000E-99   1.00000000000000E-99
107   64     1.00000000000000E-99   1.00000000000000E-99
108   64     1.00000000000000E-99   1.00000000000000E-99
109   64     1.00000000000000E-99   1.00000000000000E-99
110   64     1.00000000000000E-99   1.00000000000000E-99
111   64     1.00000000000000E-99   1.00000000000000E-99
112   64     1.00000000000000E-99   1.00000000000000E-99
113   64     1.00000000000000E-99   1.00000000000000E-99
114   64     1.00000000000000E-99   1.00000000000000E-99
115   64     1.00000000000000E-99   1.00000000000000E-99
116   64     1.00000000000000E-99   1.00000000000000E-99
117   64     1.00000000000000E-99   1.00000000000000E-99
118   64     1.00000000000000E-99   1.00000000000000E-99
119   64     1.00000000000000E-99   1.00000000000000E-99
120   64     1.00000000000000E-99   1.00000000000000E-99
121   64     1.00000000000000E-99   1.00000000000000E-99
122   64     1.00000000000000E-99   1.00000000000000E-99
123   64     1.00000000000000E-99   1.00000000000000E-99
124   64     1.00000000000000E-99   1.00000000000000E-99
125   64     1.00000000000000E-99   1.00000000000000E-99
126   64     4.83124126100245E-20   9.17935839590465E-18
127   64     1.70906101104426E-23   3.26430653109454E-21
128   64     6.61193876222945E-16   1.26949224234805E-13
129   64     1.00000000000000E-99   1.00000000000000E-99
130   64     4.62899293846960E-17   8.98024630063102E-15
131   64     1.00000000000000E-99   1.00000000000000E-99
132   64     2.02240515649185E-22   3.96391410672402E-20
133   64     1.00000000000000E-99   1.00000000000000E-99
134   64     1.00000000000000E-99   1.00000000000000E-99
135   64     1.00000000000000E-99   1.00000000000000E-99
136   64     1.00000000000000E-99   1.00000000000000E-99
137   64     1.00000000000000E-99   1.00000000000000E-99
138   64     5.12454479146689E-22   1.03515804787631E-19
139   64     1.00000000000000E-99   1.00000000000000E-99
140   64     5.16180932423612E-20   1.05300910214417E-17
141   64     1.00000000000000E-99   1.00000000000000E-99
142   64     7.72690617139764E-20   1.59174267130791E-17
143   64     1.00000000000000E-99   1.00000000000000E-99
144   64     8.92025925235491E-21   1.85541392448982E-18
145   64     1.00000000000000E-99   1.00000000000000E-99
146   64     5.56531341980247E-21   1.16871581815852E-18
147   64     1.00000000000000E-99   1.00000000000000E-99
148   64     1.02519851660597E-23   2.17342085520466E-21
149   64     1.00000000000000E-99   1.00000000000000E-99
150   64     1.00000000000000E-99   1.00000000000000E-99
 82   65     1.00000000000000E-99   1.00000000000000E-99
 83   65     1.00000000000000E-99   1.00000000000000E-99
 84   65     1.00000000000000E-99   1.00000000000000E-99
 85   65     1.00000000000000E-99   1.00000000000000E-99
 86   65     1.00000000000000E-99   1.00000000000000E-99
 87   65     1.00000000000000E-99   1.00000000000000E-99
 88   65     1.00000000000000E-99   1.00000000000000E-99
 89   65     1.00000000000000E-99   1.00000000000000E-99
 90   65     1.00000000000000E-99   1.00000000000000E-99
 91   65     1.00000000000000E-99   1.00000000000000E-99
 92   65     1.00000000000000E-99   1.00000000000000E-99
 93   65     1.00000000000000E-99   1.00000000000000E-99
 94   65     1.00000000000000E-99   1.00000000000000E-99
 95   65     1.00000000000000E-99   1.00000000000000E-99
 96   65     1.00000000000000E-99   1.00000000000000E-99
 97   65     1.00000000000000E-99   1.00000000000000E-99
 98   65     1.00000000000000E-99   1.00000000000000E-99
 99   65     1.00000000000000E-99   1.00000000000000E-99
100   65     1.00000000000000E-99   1.00000000000000E-99
101   65     1.00000000000000E-99   1.00000000000000E-99
102   65     1.00000000000000E-99   1.00000000000000E-99
103   65     1.00000000000000E-99   1.00000000000000E-99
104   65     1.00000000000000E-99   1.00000000000000E-99
105   65     1.00000000000000E-99   1.00000000000000E-99
106   65     1.00000000000000E-99   1.00000000000000E-99
107   65     1.00000000000000E-99   1.00000000000000E-99
108   65     1.00000000000000E-99   1.00000000000000E-99
109   65     1.00000000000000E-99   1.00000000000000E-99
110   65     1.00000000000000E-99   1.00000000000000E-99
111   65     1.00000000000000E-99   1.00000000000000E-99
112   65     1.00000000000000E-99   1.00000000000000E-99
113   65     1.00000000000000E-99   1.00000000000000E-99
114   65     1.00000000000000E-99   1.00000000000000E-99
115   65     1.00000000000000E-99   1.00000000000000E-99
116   65     1.00000000000000E-99   1.00000000000000E-99
117   65     1.00000000000000E-99   1.00000000000000E-99
118   65     1.00000000000000E-99   1.00000000000000E-99
119   65     1.00000000000000E-99   1.00000000000000E-99
120   65     1.00000000000000E-99   1.00000000000000E-99
121   65     1.00000000000000E-99   1.00000000000000E-99
122   65     1.00000000000000E-99   1.00000000000000E-99
123   65     1.00000000000000E-99   1.00000000000000E-99
124   65     1.00000000000000E-99   1.00000000000000E-99
125   65     1.00000000000000E-99   1.00000000000000E-99
126   65     3.59428952137178E-24   6.86509298582009E-22
127   65     1.00000000000000E-99   1.00000000000000E-99
128   65     8.88716411309204E-24   1.71522267382676E-21
129   65     1.00000000000000E-99   1.00000000000000E-99
130   65     1.57589453449394E-24   3.07299434226318E-22
131   65     1.00000000000000E-99   1.00000000000000E-99
132   65     4.42881839325414E-24   8.72477223471065E-22
133   65     4.53497595235862E-17   8.97925238567008E-15
134   65     1.00000000000000E-99   1.00000000000000E-99
135   65     1.00000000000000E-99   1.00000000000000E-99
136   65     1.00000000000000E-99   1.00000000000000E-99
137   65     1.00000000000000E-99   1.00000000000000E-99
138   65     1.00000000000000E-99   1.00000000000000E-99
139   65     1.00000000000000E-99   1.00000000000000E-99
140   65     1.00000000000000E-99   1.00000000000000E-99
141   65     1.00000000000000E-99   1.00000000000000E-99
142   65     1.00000000000000E-99   1.00000000000000E-99
143   65     1.00000000000000E-99   1.00000000000000E-99
144   65     1.23779621454235E-24   2.58699408839351E-22
145   65     1.00000000000000E-99   1.00000000000000E-99
146   65     1.36865617053425E-19   2.88786451982727E-17
147   65     1.00000000000000E-99   1.00000000000000E-99
148   65     1.87876678430566E-22   4.00177325057106E-20
149   65     1.00000000000000E-99   1.00000000000000E-99
150   65     1.00000000000000E-99   1.00000000000000E-99
151   65     1.00000000000000E-99   1.00000000000000E-99
152   65     1.00000000000000E-99   1.00000000000000E-99
153   65     1.00000000000000E-99   1.00000000000000E-99
 82   66     1.00000000000000E-99   1.00000000000000E-99
 83   66     1.00000000000000E-99   1.00000000000000E-99
 84   66     1.00000000000000E-99   1.00000000000000E-99
 85   66     1.00000000000000E-99   1.00000000000000E-99
 86   66     1.00000000000000E-99   1.00000000000000E-99
 87   66     1.00000000000000E-99   1.00000000000000E-99
 88   66     1.00000000000000E-99   1.00000000000000E-99
 89   66     1.00000000000000E-99   1.00000000000000E-99
 90   66     1.00000000000000E-99   1.00000000000000E-99
 91   66     1.00000000000000E-99   1.00000000000000E-99
 92   66     1.00000000000000E-99   1.00000000000000E-99
 93   66     1.00000000000000E-99   1.00000000000000E-99
 94   66     1.00000000000000E-99   1.00000000000000E-99
 95   66     1.00000000000000E-99   1.00000000000000E-99
 96   66     1.00000000000000E-99   1.00000000000000E-99
 97   66     1.00000000000000E-99   1.00000000000000E-99
 98   66     1.00000000000000E-99   1.00000000000000E-99
 99   66     1.00000000000000E-99   1.00000000000000E-99
100   66     1.00000000000000E-99   1.00000000000000E-99
101   66     1.00000000000000E-99   1.00000000000000E-99
102   66     1.00000000000000E-99   1.00000000000000E-99
103   66     1.00000000000000E-99   1.00000000000000E-99
104   66     1.00000000000000E-99   1.00000000000000E-99
105   66     1.00000000000000E-99   1.00000000000000E-99
106   66     1.00000000000000E-99   1.00000000000000E-99
107   66     1.00000000000000E-99   1.00000000000000E-99
108   66     1.00000000000000E-99   1.00000000000000E-99
109   66     1.00000000000000E-99   1.00000000000000E-99
110   66     1.00000000000000E-99   1.00000000000000E-99
111   66     1.00000000000000E-99   1.00000000000000E-99
112   66     1.00000000000000E-99   1.00000000000000E-99
113   66     1.00000000000000E-99   1.00000000000000E-99
114   66     1.00000000000000E-99   1.00000000000000E-99
115   66     1.00000000000000E-99   1.00000000000000E-99
116   66     1.00000000000000E-99   1.00000000000000E-99
117   66     1.00000000000000E-99   1.00000000000000E-99
118   66     1.00000000000000E-99   1.00000000000000E-99
119   66     1.00000000000000E-99   1.00000000000000E-99
120   66     1.00000000000000E-99   1.00000000000000E-99
121   66     1.00000000000000E-99   1.00000000000000E-99
122   66     1.00000000000000E-99   1.00000000000000E-99
123   66     1.00000000000000E-99   1.00000000000000E-99
124   66     1.00000000000000E-99   1.00000000000000E-99
125   66     1.00000000000000E-99   1.00000000000000E-99
126   66     1.00000000000000E-99   1.00000000000000E-99
127   66     1.00000000000000E-99   1.00000000000000E-99
128   66     1.00000000000000E-99   1.00000000000000E-99
129   66     1.00000000000000E-99   1.00000000000000E-99
130   66     5.50114977916673E-25   1.07822535671668E-22
131   66     1.00000000000000E-99   1.00000000000000E-99
132   66     2.67338173413158E-25   5.29329583358053E-23
133   66     1.00000000000000E-99   1.00000000000000E-99
134   66     1.00000000000000E-99   1.00000000000000E-99
135   66     1.00000000000000E-99   1.00000000000000E-99
136   66     1.00000000000000E-99   1.00000000000000E-99
137   66     1.00000000000000E-99   1.00000000000000E-99
138   66     3.07331305520036E-25   6.26955863260873E-23
139   66     1.00000000000000E-99   1.00000000000000E-99
140   66     4.05864378332931E-24   8.36080619365838E-22
141   66     1.00000000000000E-99   1.00000000000000E-99
142   66     1.56432951090901E-23   3.25380538269075E-21
143   66     1.00000000000000E-99   1.00000000000000E-99
144   66     1.14013761315172E-22   2.39428898761861E-20
145   66     1.00000000000000E-99   1.00000000000000E-99
146   66     4.26155821346049E-18   9.03450341253623E-16
147   66     1.00000000000000E-99   1.00000000000000E-99
148   66     2.15626657527428E-21   4.61441047108697E-19
149   66     1.00000000000000E-99   1.00000000000000E-99
150   66     6.71517971974872E-25   1.45047881946572E-22
151   66     1.00000000000000E-99   1.00000000000000E-99
152   66     4.41855938563707E-25   9.63245946068880E-23
153   66     1.00000000000000E-99   1.00000000000000E-99
154   66     1.00000000000000E-99   1.00000000000000E-99
155   66     1.00000000000000E-99   1.00000000000000E-99
 84   67     1.00000000000000E-99   1.00000000000000E-99
 85   67     1.00000000000000E-99   1.00000000000000E-99
 86   67     1.00000000000000E-99   1.00000000000000E-99
 87   67     1.00000000000000E-99   1.00000000000000E-99
 88   67     1.00000000000000E-99   1.00000000000000E-99
 89   67     1.00000000000000E-99   1.00000000000000E-99
 90   67     1.00000000000000E-99   1.00000000000000E-99
 91   67     1.00000000000000E-99   1.00000000000000E-99
 92   67     1.00000000000000E-99   1.00000000000000E-99
 93   67     1.00000000000000E-99   1.00000000000000E-99
 94   67     1.00000000000000E-99   1.00000000000000E-99
 95   67     1.00000000000000E-99   1.00000000000000E-99
 96   67     1.00000000000000E-99   1.00000000000000E-99
 97   67     1.00000000000000E-99   1.00000000000000E-99
 98   67     1.00000000000000E-99   1.00000000000000E-99
 99   67     1.00000000000000E-99   1.00000000000000E-99
100   67     1.00000000000000E-99   1.00000000000000E-99
101   67     1.00000000000000E-99   1.00000000000000E-99
102   67     1.00000000000000E-99   1.00000000000000E-99
103   67     1.00000000000000E-99   1.00000000000000E-99
104   67     1.00000000000000E-99   1.00000000000000E-99
105   67     1.00000000000000E-99   1.00000000000000E-99
106   67     1.00000000000000E-99   1.00000000000000E-99
107   67     1.00000000000000E-99   1.00000000000000E-99
108   67     1.00000000000000E-99   1.00000000000000E-99
109   67     1.00000000000000E-99   1.00000000000000E-99
110   67     1.00000000000000E-99   1.00000000000000E-99
111   67     1.00000000000000E-99   1.00000000000000E-99
112   67     1.00000000000000E-99   1.00000000000000E-99
113   67     1.00000000000000E-99   1.00000000000000E-99
114   67     1.00000000000000E-99   1.00000000000000E-99
115   67     1.00000000000000E-99   1.00000000000000E-99
116   67     1.00000000000000E-99   1.00000000000000E-99
117   67     1.00000000000000E-99   1.00000000000000E-99
118   67     1.00000000000000E-99   1.00000000000000E-99
119   67     1.00000000000000E-99   1.00000000000000E-99
120   67     1.00000000000000E-99   1.00000000000000E-99
121   67     1.00000000000000E-99   1.00000000000000E-99
122   67     1.00000000000000E-99   1.00000000000000E-99
123   67     1.00000000000000E-99   1.00000000000000E-99
124   67     1.00000000000000E-99   1.00000000000000E-99
125   67     1.00000000000000E-99   1.00000000000000E-99
126   67     1.00000000000000E-99   1.00000000000000E-99
127   67     1.00000000000000E-99   1.00000000000000E-99
128   67     1.00000000000000E-99   1.00000000000000E-99
129   67     1.00000000000000E-99   1.00000000000000E-99
130   67     1.00000000000000E-99   1.00000000000000E-99
131   67     1.00000000000000E-99   1.00000000000000E-99
132   67     1.00000000000000E-99   1.00000000000000E-99
133   67     1.00000000000000E-99   1.00000000000000E-99
134   67     1.00000000000000E-99   1.00000000000000E-99
135   67     1.00000000000000E-99   1.00000000000000E-99
136   67     1.00000000000000E-99   1.00000000000000E-99
137   67     1.00000000000000E-99   1.00000000000000E-99
138   67     1.00000000000000E-99   1.00000000000000E-99
139   67     1.00000000000000E-99   1.00000000000000E-99
140   67     1.00000000000000E-99   1.00000000000000E-99
141   67     1.00000000000000E-99   1.00000000000000E-99
142   67     1.00000000000000E-99   1.00000000000000E-99
143   67     1.00000000000000E-99   1.00000000000000E-99
144   67     1.00000000000000E-99   1.00000000000000E-99
145   67     1.00000000000000E-99   1.00000000000000E-99
146   67     1.26182373621571E-24   2.68768455813946E-22
147   67     1.00000000000000E-99   1.00000000000000E-99
148   67     1.11043785882999E-18   2.38744139648449E-16
149   67     1.00000000000000E-99   1.00000000000000E-99
150   67     1.01232982213032E-20   2.19675571402279E-18
151   67     1.00000000000000E-99   1.00000000000000E-99
152   67     1.36406069317607E-21   2.98729291805559E-19
153   67     1.00000000000000E-99   1.00000000000000E-99
154   67     1.00000000000000E-99   1.00000000000000E-99
155   67     1.00000000000000E-99   1.00000000000000E-99
156   67     1.00000000000000E-99   1.00000000000000E-99
157   67     1.00000000000000E-99   1.00000000000000E-99
 85   68     1.00000000000000E-99   1.00000000000000E-99
 86   68     1.00000000000000E-99   1.00000000000000E-99
 87   68     1.00000000000000E-99   1.00000000000000E-99
 88   68     1.00000000000000E-99   1.00000000000000E-99
 89   68     1.00000000000000E-99   1.00000000000000E-99
 90   68     1.00000000000000E-99   1.00000000000000E-99
 91   68     1.00000000000000E-99   1.00000000000000E-99
 92   68     1.00000000000000E-99   1.00000000000000E-99
 93   68     1.00000000000000E-99   1.00000000000000E-99
 94   68     1.00000000000000E-99   1.00000000000000E-99
 95   68     1.00000000000000E-99   1.00000000000000E-99
 96   68     1.00000000000000E-99   1.00000000000000E-99
 97   68     1.00000000000000E-99   1.00000000000000E-99
 98   68     1.00000000000000E-99   1.00000000000000E-99
 99   68     1.00000000000000E-99   1.00000000000000E-99
100   68     1.00000000000000E-99   1.00000000000000E-99
101   68     1.00000000000000E-99   1.00000000000000E-99
102   68     1.00000000000000E-99   1.00000000000000E-99
103   68     1.00000000000000E-99   1.00000000000000E-99
104   68     1.00000000000000E-99   1.00000000000000E-99
105   68     1.00000000000000E-99   1.00000000000000E-99
106   68     1.00000000000000E-99   1.00000000000000E-99
107   68     1.00000000000000E-99   1.00000000000000E-99
108   68     1.00000000000000E-99   1.00000000000000E-99
109   68     1.00000000000000E-99   1.00000000000000E-99
110   68     1.00000000000000E-99   1.00000000000000E-99
111   68     1.00000000000000E-99   1.00000000000000E-99
112   68     1.00000000000000E-99   1.00000000000000E-99
113   68     1.00000000000000E-99   1.00000000000000E-99
114   68     1.00000000000000E-99   1.00000000000000E-99
115   68     1.00000000000000E-99   1.00000000000000E-99
116   68     1.00000000000000E-99   1.00000000000000E-99
117   68     1.00000000000000E-99   1.00000000000000E-99
118   68     1.00000000000000E-99   1.00000000000000E-99
119   68     1.00000000000000E-99   1.00000000000000E-99
120   68     1.00000000000000E-99   1.00000000000000E-99
121   68     1.00000000000000E-99   1.00000000000000E-99
122   68     1.00000000000000E-99   1.00000000000000E-99
123   68     1.00000000000000E-99   1.00000000000000E-99
124   68     1.00000000000000E-99   1.00000000000000E-99
125   68     1.00000000000000E-99   1.00000000000000E-99
126   68     1.00000000000000E-99   1.00000000000000E-99
127   68     1.00000000000000E-99   1.00000000000000E-99
128   68     1.00000000000000E-99   1.00000000000000E-99
129   68     1.00000000000000E-99   1.00000000000000E-99
130   68     1.00000000000000E-99   1.00000000000000E-99
131   68     1.00000000000000E-99   1.00000000000000E-99
132   68     1.00000000000000E-99   1.00000000000000E-99
133   68     1.00000000000000E-99   1.00000000000000E-99
134   68     1.00000000000000E-99   1.00000000000000E-99
135   68     1.00000000000000E-99   1.00000000000000E-99
136   68     1.00000000000000E-99   1.00000000000000E-99
137   68     1.00000000000000E-99   1.00000000000000E-99
138   68     1.00000000000000E-99   1.00000000000000E-99
139   68     1.00000000000000E-99   1.00000000000000E-99
140   68     1.00000000000000E-99   1.00000000000000E-99
141   68     1.00000000000000E-99   1.00000000000000E-99
142   68     1.00000000000000E-99   1.00000000000000E-99
143   68     1.00000000000000E-99   1.00000000000000E-99
144   68     1.00000000000000E-99   1.00000000000000E-99
145   68     1.00000000000000E-99   1.00000000000000E-99
146   68     1.76924613716417E-25   3.78618673353133E-23
147   68     1.00000000000000E-99   1.00000000000000E-99
148   68     9.71071668281604E-21   2.09751480348827E-18
149   68     1.00000000000000E-99   1.00000000000000E-99
150   68     3.52802071518920E-20   7.69108515911246E-18
151   68     1.00000000000000E-99   1.00000000000000E-99
152   68     3.06725682133894E-19   6.74796500694567E-17
153   68     1.00000000000000E-99   1.00000000000000E-99
154   68     1.00000000000000E-99   1.00000000000000E-99
155   68     1.00000000000000E-99   1.00000000000000E-99
156   68     1.00000000000000E-99   1.00000000000000E-99
157   68     1.00000000000000E-99   1.00000000000000E-99
158   68     1.00000000000000E-99   1.00000000000000E-99
159   68     1.00000000000000E-99   1.00000000000000E-99
 86   69     1.00000000000000E-99   1.00000000000000E-99
 87   69     1.00000000000000E-99   1.00000000000000E-99
 88   69     1.00000000000000E-99   1.00000000000000E-99
 89   69     1.00000000000000E-99   1.00000000000000E-99
 90   69     1.00000000000000E-99   1.00000000000000E-99
 91   69     1.00000000000000E-99   1.00000000000000E-99
 92   69     1.00000000000000E-99   1.00000000000000E-99
 93   69     1.00000000000000E-99   1.00000000000000E-99
 94   69     1.00000000000000E-99   1.00000000000000E-99
 95   69     1.00000000000000E-99   1.00000000000000E-99
 96   69     1.00000000000000E-99   1.00000000000000E-99
 97   69     1.00000000000000E-99   1.00000000000000E-99
 98   69     1.00000000000000E-99   1.00000000000000E-99
 99   69     1.00000000000000E-99   1.00000000000000E-99
100   69     1.00000000000000E-99   1.00000000000000E-99
101   69     1.00000000000000E-99   1.00000000000000E-99
102   69     1.00000000000000E-99   1.00000000000000E-99
103   69     1.00000000000000E-99   1.00000000000000E-99
104   69     1.00000000000000E-99   1.00000000000000E-99
105   69     1.00000000000000E-99   1.00000000000000E-99
106   69     1.00000000000000E-99   1.00000000000000E-99
107   69     1.00000000000000E-99   1.00000000000000E-99
108   69     1.00000000000000E-99   1.00000000000000E-99
109   69     1.00000000000000E-99   1.00000000000000E-99
110   69     1.00000000000000E-99   1.00000000000000E-99
111   69     1.00000000000000E-99   1.00000000000000E-99
112   69     1.00000000000000E-99   1.00000000000000E-99
113   69     1.00000000000000E-99   1.00000000000000E-99
114   69     1.00000000000000E-99   1.00000000000000E-99
115   69     1.00000000000000E-99   1.00000000000000E-99
116   69     1.00000000000000E-99   1.00000000000000E-99
117   69     1.00000000000000E-99   1.00000000000000E-99
118   69     1.00000000000000E-99   1.00000000000000E-99
119   69     1.00000000000000E-99   1.00000000000000E-99
120   69     1.00000000000000E-99   1.00000000000000E-99
121   69     1.00000000000000E-99   1.00000000000000E-99
122   69     1.00000000000000E-99   1.00000000000000E-99
123   69     1.00000000000000E-99   1.00000000000000E-99
124   69     1.00000000000000E-99   1.00000000000000E-99
125   69     1.00000000000000E-99   1.00000000000000E-99
126   69     1.00000000000000E-99   1.00000000000000E-99
127   69     1.00000000000000E-99   1.00000000000000E-99
128   69     1.00000000000000E-99   1.00000000000000E-99
129   69     1.00000000000000E-99   1.00000000000000E-99
130   69     1.00000000000000E-99   1.00000000000000E-99
131   69     1.00000000000000E-99   1.00000000000000E-99
132   69     1.00000000000000E-99   1.00000000000000E-99
133   69     1.00000000000000E-99   1.00000000000000E-99
134   69     1.00000000000000E-99   1.00000000000000E-99
135   69     1.00000000000000E-99   1.00000000000000E-99
136   69     1.00000000000000E-99   1.00000000000000E-99
137   69     1.00000000000000E-99   1.00000000000000E-99
138   69     1.00000000000000E-99   1.00000000000000E-99
139   69     1.00000000000000E-99   1.00000000000000E-99
140   69     1.00000000000000E-99   1.00000000000000E-99
141   69     1.00000000000000E-99   1.00000000000000E-99
142   69     1.00000000000000E-99   1.00000000000000E-99
143   69     1.00000000000000E-99   1.00000000000000E-99
144   69     1.00000000000000E-99   1.00000000000000E-99
145   69     1.00000000000000E-99   1.00000000000000E-99
146   69     1.00000000000000E-99   1.00000000000000E-99
147   69     1.00000000000000E-99   1.00000000000000E-99
148   69     1.00000000000000E-99   1.00000000000000E-99
149   69     1.00000000000000E-99   1.00000000000000E-99
150   69     1.00000000000000E-99   1.00000000000000E-99
151   69     1.00000000000000E-99   1.00000000000000E-99
152   69     1.36626544638790E-19   3.01944663651726E-17
153   69     1.00000000000000E-99   1.00000000000000E-99
154   69     4.31206127471110E-21   9.61589664260576E-19
155   69     1.00000000000000E-99   1.00000000000000E-99
156   69     1.11473994061153E-24   2.50816486637593E-22
157   69     1.00000000000000E-99   1.00000000000000E-99
158   69     1.00000000000000E-99   1.00000000000000E-99
159   69     1.00000000000000E-99   1.00000000000000E-99
160   69     1.00000000000000E-99   1.00000000000000E-99
161   69     1.00000000000000E-99   1.00000000000000E-99
 88   70     1.00000000000000E-99   1.00000000000000E-99
 89   70     1.00000000000000E-99   1.00000000000000E-99
 90   70     1.00000000000000E-99   1.00000000000000E-99
 91   70     1.00000000000000E-99   1.00000000000000E-99
 92   70     1.00000000000000E-99   1.00000000000000E-99
 93   70     1.00000000000000E-99   1.00000000000000E-99
 94   70     1.00000000000000E-99   1.00000000000000E-99
 95   70     1.00000000000000E-99   1.00000000000000E-99
 96   70     1.00000000000000E-99   1.00000000000000E-99
 97   70     1.00000000000000E-99   1.00000000000000E-99
 98   70     1.00000000000000E-99   1.00000000000000E-99
 99   70     1.00000000000000E-99   1.00000000000000E-99
100   70     1.00000000000000E-99   1.00000000000000E-99
101   70     1.00000000000000E-99   1.00000000000000E-99
102   70     1.00000000000000E-99   1.00000000000000E-99
103   70     1.00000000000000E-99   1.00000000000000E-99
104   70     1.00000000000000E-99   1.00000000000000E-99
105   70     1.00000000000000E-99   1.00000000000000E-99
106   70     1.00000000000000E-99   1.00000000000000E-99
107   70     1.00000000000000E-99   1.00000000000000E-99
108   70     1.00000000000000E-99   1.00000000000000E-99
109   70     1.00000000000000E-99   1.00000000000000E-99
110   70     1.00000000000000E-99   1.00000000000000E-99
111   70     1.00000000000000E-99   1.00000000000000E-99
112   70     1.00000000000000E-99   1.00000000000000E-99
113   70     1.00000000000000E-99   1.00000000000000E-99
114   70     1.00000000000000E-99   1.00000000000000E-99
115   70     1.00000000000000E-99   1.00000000000000E-99
116   70     1.00000000000000E-99   1.00000000000000E-99
117   70     1.00000000000000E-99   1.00000000000000E-99
118   70     1.00000000000000E-99   1.00000000000000E-99
119   70     1.00000000000000E-99   1.00000000000000E-99
120   70     1.00000000000000E-99   1.00000000000000E-99
121   70     1.00000000000000E-99   1.00000000000000E-99
122   70     1.00000000000000E-99   1.00000000000000E-99
123   70     1.00000000000000E-99   1.00000000000000E-99
124   70     1.00000000000000E-99   1.00000000000000E-99
125   70     1.00000000000000E-99   1.00000000000000E-99
126   70     1.00000000000000E-99   1.00000000000000E-99
127   70     1.00000000000000E-99   1.00000000000000E-99
128   70     1.00000000000000E-99   1.00000000000000E-99
129   70     1.00000000000000E-99   1.00000000000000E-99
130   70     1.00000000000000E-99   1.00000000000000E-99
131   70     1.00000000000000E-99   1.00000000000000E-99
132   70     1.00000000000000E-99   1.00000000000000E-99
133   70     1.00000000000000E-99   1.00000000000000E-99
134   70     1.00000000000000E-99   1.00000000000000E-99
135   70     1.00000000000000E-99   1.00000000000000E-99
136   70     1.00000000000000E-99   1.00000000000000E-99
137   70     1.00000000000000E-99   1.00000000000000E-99
138   70     1.00000000000000E-99   1.00000000000000E-99
139   70     1.00000000000000E-99   1.00000000000000E-99
140   70     1.00000000000000E-99   1.00000000000000E-99
141   70     1.00000000000000E-99   1.00000000000000E-99
142   70     1.00000000000000E-99   1.00000000000000E-99
143   70     1.00000000000000E-99   1.00000000000000E-99
144   70     1.00000000000000E-99   1.00000000000000E-99
145   70     1.00000000000000E-99   1.00000000000000E-99
146   70     1.00000000000000E-99   1.00000000000000E-99
147   70     1.00000000000000E-99   1.00000000000000E-99
148   70     1.00000000000000E-99   1.00000000000000E-99
149   70     1.00000000000000E-99   1.00000000000000E-99
150   70     1.00000000000000E-99   1.00000000000000E-99
151   70     1.00000000000000E-99   1.00000000000000E-99
152   70     5.53760061118394E-20   1.22934733568283E-17
153   70     1.00000000000000E-99   1.00000000000000E-99
154   70     5.21082019564747E-21   1.16722372382503E-18
155   70     1.00000000000000E-99   1.00000000000000E-99
156   70     5.64735724769387E-24   1.27630273797882E-21
157   70     1.00000000000000E-99   1.00000000000000E-99
158   70     1.00000000000000E-99   1.00000000000000E-99
159   70     1.00000000000000E-99   1.00000000000000E-99
160   70     1.00000000000000E-99   1.00000000000000E-99
161   70     1.00000000000000E-99   1.00000000000000E-99
162   70     1.00000000000000E-99   1.00000000000000E-99
163   70     1.00000000000000E-99   1.00000000000000E-99
164   70     1.00000000000000E-99   1.00000000000000E-99
 90   71     1.00000000000000E-99   1.00000000000000E-99
 91   71     1.00000000000000E-99   1.00000000000000E-99
 92   71     1.00000000000000E-99   1.00000000000000E-99
 93   71     1.00000000000000E-99   1.00000000000000E-99
 94   71     1.00000000000000E-99   1.00000000000000E-99
 95   71     1.00000000000000E-99   1.00000000000000E-99
 96   71     1.00000000000000E-99   1.00000000000000E-99
 97   71     1.00000000000000E-99   1.00000000000000E-99
 98   71     1.00000000000000E-99   1.00000000000000E-99
 99   71     1.00000000000000E-99   1.00000000000000E-99
100   71     1.00000000000000E-99   1.00000000000000E-99
101   71     1.00000000000000E-99   1.00000000000000E-99
102   71     1.00000000000000E-99   1.00000000000000E-99
103   71     1.00000000000000E-99   1.00000000000000E-99
104   71     1.00000000000000E-99   1.00000000000000E-99
105   71     1.00000000000000E-99   1.00000000000000E-99
106   71     1.00000000000000E-99   1.00000000000000E-99
107   71     1.00000000000000E-99   1.00000000000000E-99
108   71     1.00000000000000E-99   1.00000000000000E-99
109   71     1.00000000000000E-99   1.00000000000000E-99
110   71     1.00000000000000E-99   1.00000000000000E-99
111   71     1.00000000000000E-99   1.00000000000000E-99
112   71     1.00000000000000E-99   1.00000000000000E-99
113   71     1.00000000000000E-99   1.00000000000000E-99
114   71     1.00000000000000E-99   1.00000000000000E-99
115   71     1.00000000000000E-99   1.00000000000000E-99
116   71     1.00000000000000E-99   1.00000000000000E-99
117   71     1.00000000000000E-99   1.00000000000000E-99
118   71     1.00000000000000E-99   1.00000000000000E-99
119   71     1.00000000000000E-99   1.00000000000000E-99
120   71     1.00000000000000E-99   1.00000000000000E-99
121   71     1.00000000000000E-99   1.00000000000000E-99
122   71     1.00000000000000E-99   1.00000000000000E-99
123   71     1.00000000000000E-99   1.00000000000000E-99
124   71     1.00000000000000E-99   1.00000000000000E-99
125   71     1.00000000000000E-99   1.00000000000000E-99
126   71     1.00000000000000E-99   1.00000000000000E-99
127   71     1.00000000000000E-99   1.00000000000000E-99
128   71     1.00000000000000E-99   1.00000000000000E-99
129   71     1.00000000000000E-99   1.00000000000000E-99
130   71     1.00000000000000E-99   1.00000000000000E-99
131   71     1.00000000000000E-99   1.00000000000000E-99
132   71     1.00000000000000E-99   1.00000000000000E-99
133   71     1.00000000000000E-99   1.00000000000000E-99
134   71     1.00000000000000E-99   1.00000000000000E-99
135   71     1.00000000000000E-99   1.00000000000000E-99
136   71     1.00000000000000E-99   1.00000000000000E-99
137   71     1.00000000000000E-99   1.00000000000000E-99
138   71     1.00000000000000E-99   1.00000000000000E-99
139   71     1.00000000000000E-99   1.00000000000000E-99
140   71     1.00000000000000E-99   1.00000000000000E-99
141   71     1.00000000000000E-99   1.00000000000000E-99
142   71     1.00000000000000E-99   1.00000000000000E-99
143   71     1.00000000000000E-99   1.00000000000000E-99
144   71     1.00000000000000E-99   1.00000000000000E-99
145   71     1.00000000000000E-99   1.00000000000000E-99
146   71     1.00000000000000E-99   1.00000000000000E-99
147   71     1.00000000000000E-99   1.00000000000000E-99
148   71     1.00000000000000E-99   1.00000000000000E-99
149   71     1.00000000000000E-99   1.00000000000000E-99
150   71     1.00000000000000E-99   1.00000000000000E-99
151   71     1.00000000000000E-99   1.00000000000000E-99
152   71     1.00000000000000E-99   1.00000000000000E-99
153   71     1.00000000000000E-99   1.00000000000000E-99
154   71     4.15986586905536E-23   9.35969820537457E-21
155   71     1.00000000000000E-99   1.00000000000000E-99
156   71     3.95614343900246E-22   8.98044560653558E-20
157   71     1.00000000000000E-99   1.00000000000000E-99
158   71     1.56862587887301E-22   3.59215326261920E-20
159   71     1.00000000000000E-99   1.00000000000000E-99
160   71     1.72690684308980E-20   3.98915480753743E-18
161   71     1.00000000000000E-99   1.00000000000000E-99
162   71     3.97023515947375E-22   9.25064792157384E-20
163   71     1.00000000000000E-99   1.00000000000000E-99
164   71     1.00000000000000E-99   1.00000000000000E-99
165   71     1.00000000000000E-99   1.00000000000000E-99
166   71     1.00000000000000E-99   1.00000000000000E-99
 92   72     1.00000000000000E-99   1.00000000000000E-99
 93   72     1.00000000000000E-99   1.00000000000000E-99
 94   72     1.00000000000000E-99   1.00000000000000E-99
 95   72     1.00000000000000E-99   1.00000000000000E-99
 96   72     1.00000000000000E-99   1.00000000000000E-99
 97   72     1.00000000000000E-99   1.00000000000000E-99
 98   72     1.00000000000000E-99   1.00000000000000E-99
 99   72     1.00000000000000E-99   1.00000000000000E-99
100   72     1.00000000000000E-99   1.00000000000000E-99
101   72     1.00000000000000E-99   1.00000000000000E-99
102   72     1.00000000000000E-99   1.00000000000000E-99
103   72     1.00000000000000E-99   1.00000000000000E-99
104   72     1.00000000000000E-99   1.00000000000000E-99
105   72     1.00000000000000E-99   1.00000000000000E-99
106   72     1.00000000000000E-99   1.00000000000000E-99
107   72     1.00000000000000E-99   1.00000000000000E-99
108   72     1.00000000000000E-99   1.00000000000000E-99
109   72     1.00000000000000E-99   1.00000000000000E-99
110   72     1.00000000000000E-99   1.00000000000000E-99
111   72     1.00000000000000E-99   1.00000000000000E-99
112   72     1.00000000000000E-99   1.00000000000000E-99
113   72     1.00000000000000E-99   1.00000000000000E-99
114   72     1.00000000000000E-99   1.00000000000000E-99
115   72     1.00000000000000E-99   1.00000000000000E-99
116   72     1.00000000000000E-99   1.00000000000000E-99
117   72     1.00000000000000E-99   1.00000000000000E-99
118   72     1.00000000000000E-99   1.00000000000000E-99
119   72     1.00000000000000E-99   1.00000000000000E-99
120   72     1.00000000000000E-99   1.00000000000000E-99
121   72     1.00000000000000E-99   1.00000000000000E-99
122   72     1.00000000000000E-99   1.00000000000000E-99
123   72     1.00000000000000E-99   1.00000000000000E-99
124   72     1.00000000000000E-99   1.00000000000000E-99
125   72     1.00000000000000E-99   1.00000000000000E-99
126   72     1.00000000000000E-99   1.00000000000000E-99
127   72     1.00000000000000E-99   1.00000000000000E-99
128   72     1.00000000000000E-99   1.00000000000000E-99
129   72     1.00000000000000E-99   1.00000000000000E-99
130   72     1.00000000000000E-99   1.00000000000000E-99
131   72     1.00000000000000E-99   1.00000000000000E-99
132   72     1.00000000000000E-99   1.00000000000000E-99
133   72     1.00000000000000E-99   1.00000000000000E-99
134   72     1.00000000000000E-99   1.00000000000000E-99
135   72     1.00000000000000E-99   1.00000000000000E-99
136   72     1.00000000000000E-99   1.00000000000000E-99
137   72     1.00000000000000E-99   1.00000000000000E-99
138   72     1.00000000000000E-99   1.00000000000000E-99
139   72     1.00000000000000E-99   1.00000000000000E-99
140   72     1.00000000000000E-99   1.00000000000000E-99
141   72     1.00000000000000E-99   1.00000000000000E-99
142   72     1.00000000000000E-99   1.00000000000000E-99
143   72     1.00000000000000E-99   1.00000000000000E-99
144   72     1.00000000000000E-99   1.00000000000000E-99
145   72     1.00000000000000E-99   1.00000000000000E-99
146   72     1.00000000000000E-99   1.00000000000000E-99
147   72     1.00000000000000E-99   1.00000000000000E-99
148   72     1.00000000000000E-99   1.00000000000000E-99
149   72     1.00000000000000E-99   1.00000000000000E-99
150   72     1.00000000000000E-99   1.00000000000000E-99
151   72     1.00000000000000E-99   1.00000000000000E-99
152   72     1.00000000000000E-99   1.00000000000000E-99
153   72     1.00000000000000E-99   1.00000000000000E-99
154   72     6.74626895334485E-23   1.52465678345594E-20
155   72     1.00000000000000E-99   1.00000000000000E-99
156   72     1.00000000000000E-99   1.00000000000000E-99
157   72     1.00000000000000E-99   1.00000000000000E-99
158   72     1.00000000000000E-99   1.00000000000000E-99
159   72     1.00000000000000E-99   1.00000000000000E-99
160   72     4.72097605819124E-22   1.09526644550037E-19
161   72     1.00000000000000E-99   1.00000000000000E-99
162   72     8.80446718073250E-21   2.06024532029141E-18
163   72     1.00000000000000E-99   1.00000000000000E-99
164   72     1.00000000000000E-99   1.00000000000000E-99
165   72     1.00000000000000E-99   1.00000000000000E-99
166   72     1.00000000000000E-99   1.00000000000000E-99
167   72     1.00000000000000E-99   1.00000000000000E-99
168   72     1.00000000000000E-99   1.00000000000000E-99
 96   73     1.00000000000000E-99   1.00000000000000E-99
 97   73     1.00000000000000E-99   1.00000000000000E-99
 98   73     1.00000000000000E-99   1.00000000000000E-99
 99   73     1.00000000000000E-99   1.00000000000000E-99
100   73     1.00000000000000E-99   1.00000000000000E-99
101   73     1.00000000000000E-99   1.00000000000000E-99
102   73     1.00000000000000E-99   1.00000000000000E-99
103   73     1.00000000000000E-99   1.00000000000000E-99
104   73     1.00000000000000E-99   1.00000000000000E-99
105   73     1.00000000000000E-99   1.00000000000000E-99
106   73     1.00000000000000E-99   1.00000000000000E-99
107   73     1.00000000000000E-99   1.00000000000000E-99
108   73     1.00000000000000E-99   1.00000000000000E-99
109   73     1.00000000000000E-99   1.00000000000000E-99
110   73     1.00000000000000E-99   1.00000000000000E-99
111   73     1.00000000000000E-99   1.00000000000000E-99
112   73     1.00000000000000E-99   1.00000000000000E-99
113   73     1.00000000000000E-99   1.00000000000000E-99
114   73     1.00000000000000E-99   1.00000000000000E-99
115   73     1.00000000000000E-99   1.00000000000000E-99
116   73     1.00000000000000E-99   1.00000000000000E-99
117   73     1.00000000000000E-99   1.00000000000000E-99
118   73     1.00000000000000E-99   1.00000000000000E-99
119   73     1.00000000000000E-99   1.00000000000000E-99
120   73     1.00000000000000E-99   1.00000000000000E-99
121   73     1.00000000000000E-99   1.00000000000000E-99
122   73     1.00000000000000E-99   1.00000000000000E-99
123   73     1.00000000000000E-99   1.00000000000000E-99
124   73     1.00000000000000E-99   1.00000000000000E-99
125   73     1.00000000000000E-99   1.00000000000000E-99
126   73     1.00000000000000E-99   1.00000000000000E-99
127   73     1.00000000000000E-99   1.00000000000000E-99
128   73     1.00000000000000E-99   1.00000000000000E-99
129   73     1.00000000000000E-99   1.00000000000000E-99
130   73     1.00000000000000E-99   1.00000000000000E-99
131   73     1.00000000000000E-99   1.00000000000000E-99
132   73     1.00000000000000E-99   1.00000000000000E-99
133   73     1.00000000000000E-99   1.00000000000000E-99
134   73     1.00000000000000E-99   1.00000000000000E-99
135   73     1.00000000000000E-99   1.00000000000000E-99
136   73     1.00000000000000E-99   1.00000000000000E-99
137   73     1.00000000000000E-99   1.00000000000000E-99
138   73     1.00000000000000E-99   1.00000000000000E-99
139   73     1.00000000000000E-99   1.00000000000000E-99
140   73     1.00000000000000E-99   1.00000000000000E-99
141   73     1.00000000000000E-99   1.00000000000000E-99
142   73     1.00000000000000E-99   1.00000000000000E-99
143   73     1.00000000000000E-99   1.00000000000000E-99
144   73     1.00000000000000E-99   1.00000000000000E-99
145   73     1.00000000000000E-99   1.00000000000000E-99
146   73     1.00000000000000E-99   1.00000000000000E-99
147   73     1.00000000000000E-99   1.00000000000000E-99
148   73     1.00000000000000E-99   1.00000000000000E-99
149   73     1.00000000000000E-99   1.00000000000000E-99
150   73     1.00000000000000E-99   1.00000000000000E-99
151   73     1.00000000000000E-99   1.00000000000000E-99
152   73     1.00000000000000E-99   1.00000000000000E-99
153   73     1.00000000000000E-99   1.00000000000000E-99
154   73     1.00000000000000E-99   1.00000000000000E-99
155   73     1.00000000000000E-99   1.00000000000000E-99
156   73     1.00000000000000E-99   1.00000000000000E-99
157   73     1.00000000000000E-99   1.00000000000000E-99
158   73     1.00000000000000E-99   1.00000000000000E-99
159   73     1.00000000000000E-99   1.00000000000000E-99
160   73     1.00000000000000E-99   1.00000000000000E-99
161   73     1.00000000000000E-99   1.00000000000000E-99
162   73     4.75640634751827E-21   1.11775549166679E-18
163   73     1.00000000000000E-99   1.00000000000000E-99
164   73     1.00000000000000E-99   1.00000000000000E-99
165   73     1.00000000000000E-99   1.00000000000000E-99
166   73     1.00000000000000E-99   1.00000000000000E-99
167   73     1.00000000000000E-99   1.00000000000000E-99
168   73     1.00000000000000E-99   1.00000000000000E-99
169   73     1.00000000000000E-99   1.00000000000000E-99
170   73     1.00000000000000E-99   1.00000000000000E-99
 98   74     1.00000000000000E-99   1.00000000000000E-99
 99   74     1.00000000000000E-99   1.00000000000000E-99
100   74     1.00000000000000E-99   1.00000000000000E-99
101   74     1.00000000000000E-99   1.00000000000000E-99
102   74     1.00000000000000E-99   1.00000000000000E-99
103   74     1.00000000000000E-99   1.00000000000000E-99
104   74     1.00000000000000E-99   1.00000000000000E-99
105   74     1.00000000000000E-99   1.00000000000000E-99
106   74     1.00000000000000E-99   1.00000000000000E-99
107   74     1.00000000000000E-99   1.00000000000000E-99
108   74     1.00000000000000E-99   1.00000000000000E-99
109   74     1.00000000000000E-99   1.00000000000000E-99
110   74     1.00000000000000E-99   1.00000000000000E-99
111   74     1.00000000000000E-99   1.00000000000000E-99
112   74     1.00000000000000E-99   1.00000000000000E-99
113   74     1.00000000000000E-99   1.00000000000000E-99
114   74     1.00000000000000E-99   1.00000000000000E-99
115   74     1.00000000000000E-99   1.00000000000000E-99
116   74     1.00000000000000E-99   1.00000000000000E-99
117   74     1.00000000000000E-99   1.00000000000000E-99
118   74     1.00000000000000E-99   1.00000000000000E-99
119   74     1.00000000000000E-99   1.00000000000000E-99
120   74     1.00000000000000E-99   1.00000000000000E-99
121   74     1.00000000000000E-99   1.00000000000000E-99
122   74     1.00000000000000E-99   1.00000000000000E-99
123   74     1.00000000000000E-99   1.00000000000000E-99
124   74     1.00000000000000E-99   1.00000000000000E-99
125   74     1.00000000000000E-99   1.00000000000000E-99
126   74     1.00000000000000E-99   1.00000000000000E-99
127   74     1.00000000000000E-99   1.00000000000000E-99
128   74     1.00000000000000E-99   1.00000000000000E-99
129   74     1.00000000000000E-99   1.00000000000000E-99
130   74     1.00000000000000E-99   1.00000000000000E-99
131   74     1.00000000000000E-99   1.00000000000000E-99
132   74     1.00000000000000E-99   1.00000000000000E-99
133   74     1.00000000000000E-99   1.00000000000000E-99
134   74     1.00000000000000E-99   1.00000000000000E-99
135   74     1.00000000000000E-99   1.00000000000000E-99
136   74     1.00000000000000E-99   1.00000000000000E-99
137   74     1.00000000000000E-99   1.00000000000000E-99
138   74     1.00000000000000E-99   1.00000000000000E-99
139   74     1.00000000000000E-99   1.00000000000000E-99
140   74     1.00000000000000E-99   1.00000000000000E-99
141   74     1.00000000000000E-99   1.00000000000000E-99
142   74     1.00000000000000E-99   1.00000000000000E-99
143   74     1.00000000000000E-99   1.00000000000000E-99
144   74     1.00000000000000E-99   1.00000000000000E-99
145   74     1.00000000000000E-99   1.00000000000000E-99
146   74     1.00000000000000E-99   1.00000000000000E-99
147   74     1.00000000000000E-99   1.00000000000000E-99
148   74     1.00000000000000E-99   1.00000000000000E-99
149   74     1.00000000000000E-99   1.00000000000000E-99
150   74     1.00000000000000E-99   1.00000000000000E-99
151   74     1.00000000000000E-99   1.00000000000000E-99
152   74     1.00000000000000E-99   1.00000000000000E-99
153   74     1.00000000000000E-99   1.00000000000000E-99
154   74     1.00000000000000E-99   1.00000000000000E-99
155   74     1.00000000000000E-99   1.00000000000000E-99
156   74     1.00000000000000E-99   1.00000000000000E-99
157   74     1.00000000000000E-99   1.00000000000000E-99
158   74     1.00000000000000E-99   1.00000000000000E-99
159   74     1.00000000000000E-99   1.00000000000000E-99
160   74     1.00000000000000E-99   1.00000000000000E-99
161   74     1.00000000000000E-99   1.00000000000000E-99
162   74     1.93652522202343E-21   4.57019952397530E-19
163   74     1.00000000000000E-99   1.00000000000000E-99
164   74     9.82138058599170E-23   2.33748857946602E-20
165   74     1.00000000000000E-99   1.00000000000000E-99
166   74     1.00000000000000E-99   1.00000000000000E-99
167   74     1.00000000000000E-99   1.00000000000000E-99
168   74     1.00000000000000E-99   1.00000000000000E-99
169   74     1.00000000000000E-99   1.00000000000000E-99
170   74     1.00000000000000E-99   1.00000000000000E-99
171   74     1.00000000000000E-99   1.00000000000000E-99
172   74     1.00000000000000E-99   1.00000000000000E-99
173   74     1.00000000000000E-99   1.00000000000000E-99
 99   75     1.00000000000000E-99   1.00000000000000E-99
100   75     1.00000000000000E-99   1.00000000000000E-99
101   75     1.00000000000000E-99   1.00000000000000E-99
102   75     1.00000000000000E-99   1.00000000000000E-99
103   75     1.00000000000000E-99   1.00000000000000E-99
104   75     1.00000000000000E-99   1.00000000000000E-99
105   75     1.00000000000000E-99   1.00000000000000E-99
106   75     1.00000000000000E-99   1.00000000000000E-99
107   75     1.00000000000000E-99   1.00000000000000E-99
108   75     1.00000000000000E-99   1.00000000000000E-99
109   75     1.00000000000000E-99   1.00000000000000E-99
110   75     1.00000000000000E-99   1.00000000000000E-99
111   75     1.00000000000000E-99   1.00000000000000E-99
112   75     1.00000000000000E-99   1.00000000000000E-99
113   75     1.00000000000000E-99   1.00000000000000E-99
114   75     1.00000000000000E-99   1.00000000000000E-99
115   75     1.00000000000000E-99   1.00000000000000E-99
116   75     1.00000000000000E-99   1.00000000000000E-99
117   75     1.00000000000000E-99   1.00000000000000E-99
118   75     1.00000000000000E-99   1.00000000000000E-99
119   75     1.00000000000000E-99   1.00000000000000E-99
120   75     1.00000000000000E-99   1.00000000000000E-99
121   75     1.00000000000000E-99   1.00000000000000E-99
122   75     1.00000000000000E-99   1.00000000000000E-99
123   75     1.00000000000000E-99   1.00000000000000E-99
124   75     1.00000000000000E-99   1.00000000000000E-99
125   75     1.00000000000000E-99   1.00000000000000E-99
126   75     1.00000000000000E-99   1.00000000000000E-99
127   75     1.00000000000000E-99   1.00000000000000E-99
128   75     1.00000000000000E-99   1.00000000000000E-99
129   75     1.00000000000000E-99   1.00000000000000E-99
130   75     1.00000000000000E-99   1.00000000000000E-99
131   75     1.00000000000000E-99   1.00000000000000E-99
132   75     1.00000000000000E-99   1.00000000000000E-99
133   75     1.00000000000000E-99   1.00000000000000E-99
134   75     1.00000000000000E-99   1.00000000000000E-99
135   75     1.00000000000000E-99   1.00000000000000E-99
136   75     1.00000000000000E-99   1.00000000000000E-99
137   75     1.00000000000000E-99   1.00000000000000E-99
138   75     1.00000000000000E-99   1.00000000000000E-99
139   75     1.00000000000000E-99   1.00000000000000E-99
140   75     1.00000000000000E-99   1.00000000000000E-99
141   75     1.00000000000000E-99   1.00000000000000E-99
142   75     1.00000000000000E-99   1.00000000000000E-99
143   75     1.00000000000000E-99   1.00000000000000E-99
144   75     1.00000000000000E-99   1.00000000000000E-99
145   75     1.00000000000000E-99   1.00000000000000E-99
146   75     1.00000000000000E-99   1.00000000000000E-99
147   75     1.00000000000000E-99   1.00000000000000E-99
148   75     1.00000000000000E-99   1.00000000000000E-99
149   75     1.00000000000000E-99   1.00000000000000E-99
150   75     1.00000000000000E-99   1.00000000000000E-99
151   75     1.00000000000000E-99   1.00000000000000E-99
152   75     1.00000000000000E-99   1.00000000000000E-99
153   75     1.00000000000000E-99   1.00000000000000E-99
154   75     1.00000000000000E-99   1.00000000000000E-99
155   75     1.00000000000000E-99   1.00000000000000E-99
156   75     1.00000000000000E-99   1.00000000000000E-99
157   75     1.00000000000000E-99   1.00000000000000E-99
158   75     1.00000000000000E-99   1.00000000000000E-99
159   75     1.00000000000000E-99   1.00000000000000E-99
160   75     1.00000000000000E-99   1.00000000000000E-99
161   75     1.00000000000000E-99   1.00000000000000E-99
162   75     1.00000000000000E-99   1.00000000000000E-99
163   75     1.00000000000000E-99   1.00000000000000E-99
164   75     6.73406782850829E-22   1.60944221101348E-19
165   75     1.00000000000000E-99   1.00000000000000E-99
166   75     6.50893344059830E-24   1.56865295918419E-21
167   75     1.00000000000000E-99   1.00000000000000E-99
168   75     1.00000000000000E-99   1.00000000000000E-99
169   75     1.00000000000000E-99   1.00000000000000E-99
170   75     1.00000000000000E-99   1.00000000000000E-99
171   75     1.00000000000000E-99   1.00000000000000E-99
172   75     1.00000000000000E-99   1.00000000000000E-99
173   75     1.00000000000000E-99   1.00000000000000E-99
174   75     1.00000000000000E-99   1.00000000000000E-99
175   75     1.00000000000000E-99   1.00000000000000E-99
101   76     1.00000000000000E-99   1.00000000000000E-99
102   76     1.00000000000000E-99   1.00000000000000E-99
103   76     1.00000000000000E-99   1.00000000000000E-99
104   76     1.00000000000000E-99   1.00000000000000E-99
105   76     1.00000000000000E-99   1.00000000000000E-99
106   76     1.00000000000000E-99   1.00000000000000E-99
107   76     1.00000000000000E-99   1.00000000000000E-99
108   76     1.00000000000000E-99   1.00000000000000E-99
109   76     1.00000000000000E-99   1.00000000000000E-99
110   76     1.00000000000000E-99   1.00000000000000E-99
111   76     1.00000000000000E-99   1.00000000000000E-99
112   76     1.00000000000000E-99   1.00000000000000E-99
113   76     1.00000000000000E-99   1.00000000000000E-99
114   76     1.00000000000000E-99   1.00000000000000E-99
115   76     1.00000000000000E-99   1.00000000000000E-99
116   76     1.00000000000000E-99   1.00000000000000E-99
117   76     1.00000000000000E-99   1.00000000000000E-99
118   76     1.00000000000000E-99   1.00000000000000E-99
119   76     1.00000000000000E-99   1.00000000000000E-99
120   76     1.00000000000000E-99   1.00000000000000E-99
121   76     1.00000000000000E-99   1.00000000000000E-99
122   76     1.00000000000000E-99   1.00000000000000E-99
123   76     1.00000000000000E-99   1.00000000000000E-99
124   76     1.00000000000000E-99   1.00000000000000E-99
125   76     1.00000000000000E-99   1.00000000000000E-99
126   76     1.00000000000000E-99   1.00000000000000E-99
127   76     1.00000000000000E-99   1.00000000000000E-99
128   76     1.00000000000000E-99   1.00000000000000E-99
129   76     1.00000000000000E-99   1.00000000000000E-99
130   76     1.00000000000000E-99   1.00000000000000E-99
131   76     1.00000000000000E-99   1.00000000000000E-99
132   76     1.00000000000000E-99   1.00000000000000E-99
133   76     1.00000000000000E-99   1.00000000000000E-99
134   76     1.00000000000000E-99   1.00000000000000E-99
135   76     1.00000000000000E-99   1.00000000000000E-99
136   76     1.00000000000000E-99   1.00000000000000E-99
137   76     1.00000000000000E-99   1.00000000000000E-99
138   76     1.00000000000000E-99   1.00000000000000E-99
139   76     1.00000000000000E-99   1.00000000000000E-99
140   76     1.00000000000000E-99   1.00000000000000E-99
141   76     1.00000000000000E-99   1.00000000000000E-99
142   76     1.00000000000000E-99   1.00000000000000E-99
143   76     1.00000000000000E-99   1.00000000000000E-99
144   76     1.00000000000000E-99   1.00000000000000E-99
145   76     1.00000000000000E-99   1.00000000000000E-99
146   76     1.00000000000000E-99   1.00000000000000E-99
147   76     1.00000000000000E-99   1.00000000000000E-99
148   76     1.00000000000000E-99   1.00000000000000E-99
149   76     1.00000000000000E-99   1.00000000000000E-99
150   76     1.00000000000000E-99   1.00000000000000E-99
151   76     1.00000000000000E-99   1.00000000000000E-99
152   76     1.00000000000000E-99   1.00000000000000E-99
153   76     1.00000000000000E-99   1.00000000000000E-99
154   76     1.00000000000000E-99   1.00000000000000E-99
155   76     1.00000000000000E-99   1.00000000000000E-99
156   76     1.00000000000000E-99   1.00000000000000E-99
157   76     1.00000000000000E-99   1.00000000000000E-99
158   76     1.00000000000000E-99   1.00000000000000E-99
159   76     1.00000000000000E-99   1.00000000000000E-99
160   76     1.00000000000000E-99   1.00000000000000E-99
161   76     1.00000000000000E-99   1.00000000000000E-99
162   76     1.00000000000000E-99   1.00000000000000E-99
163   76     1.00000000000000E-99   1.00000000000000E-99
164   76     2.31228073472801E-22   5.54947376334722E-20
165   76     1.00000000000000E-99   1.00000000000000E-99
166   76     1.02035394440811E-24   2.46925654546763E-22
167   76     1.00000000000000E-99   1.00000000000000E-99
168   76     1.00000000000000E-99   1.00000000000000E-99
169   76     1.00000000000000E-99   1.00000000000000E-99
170   76     1.00000000000000E-99   1.00000000000000E-99
171   76     1.00000000000000E-99   1.00000000000000E-99
172   76     1.00000000000000E-99   1.00000000000000E-99
173   76     1.00000000000000E-99   1.00000000000000E-99
174   76     1.00000000000000E-99   1.00000000000000E-99
175   76     1.00000000000000E-99   1.00000000000000E-99
176   76     1.00000000000000E-99   1.00000000000000E-99
177   76     1.00000000000000E-99   1.00000000000000E-99
103   77     1.00000000000000E-99   1.00000000000000E-99
104   77     1.00000000000000E-99   1.00000000000000E-99
105   77     1.00000000000000E-99   1.00000000000000E-99
106   77     1.00000000000000E-99   1.00000000000000E-99
107   77     1.00000000000000E-99   1.00000000000000E-99
108   77     1.00000000000000E-99   1.00000000000000E-99
109   77     1.00000000000000E-99   1.00000000000000E-99
110   77     1.00000000000000E-99   1.00000000000000E-99
111   77     1.00000000000000E-99   1.00000000000000E-99
112   77     1.00000000000000E-99   1.00000000000000E-99
113   77     1.00000000000000E-99   1.00000000000000E-99
114   77     1.00000000000000E-99   1.00000000000000E-99
115   77     1.00000000000000E-99   1.00000000000000E-99
116   77     1.00000000000000E-99   1.00000000000000E-99
117   77     1.00000000000000E-99   1.00000000000000E-99
118   77     1.00000000000000E-99   1.00000000000000E-99
119   77     1.00000000000000E-99   1.00000000000000E-99
120   77     1.00000000000000E-99   1.00000000000000E-99
121   77     1.00000000000000E-99   1.00000000000000E-99
122   77     1.00000000000000E-99   1.00000000000000E-99
123   77     1.00000000000000E-99   1.00000000000000E-99
124   77     1.00000000000000E-99   1.00000000000000E-99
125   77     1.00000000000000E-99   1.00000000000000E-99
126   77     1.00000000000000E-99   1.00000000000000E-99
127   77     1.00000000000000E-99   1.00000000000000E-99
128   77     1.00000000000000E-99   1.00000000000000E-99
129   77     1.00000000000000E-99   1.00000000000000E-99
130   77     1.00000000000000E-99   1.00000000000000E-99
131   77     1.00000000000000E-99   1.00000000000000E-99
132   77     1.00000000000000E-99   1.00000000000000E-99
133   77     1.00000000000000E-99   1.00000000000000E-99
134   77     1.00000000000000E-99   1.00000000000000E-99
135   77     1.00000000000000E-99   1.00000000000000E-99
136   77     1.00000000000000E-99   1.00000000000000E-99
137   77     1.00000000000000E-99   1.00000000000000E-99
138   77     1.00000000000000E-99   1.00000000000000E-99
139   77     1.00000000000000E-99   1.00000000000000E-99
140   77     1.00000000000000E-99   1.00000000000000E-99
141   77     1.00000000000000E-99   1.00000000000000E-99
142   77     1.00000000000000E-99   1.00000000000000E-99
143   77     1.00000000000000E-99   1.00000000000000E-99
144   77     1.00000000000000E-99   1.00000000000000E-99
145   77     1.00000000000000E-99   1.00000000000000E-99
146   77     1.00000000000000E-99   1.00000000000000E-99
147   77     1.00000000000000E-99   1.00000000000000E-99
148   77     1.00000000000000E-99   1.00000000000000E-99
149   77     1.00000000000000E-99   1.00000000000000E-99
150   77     1.00000000000000E-99   1.00000000000000E-99
151   77     1.00000000000000E-99   1.00000000000000E-99
152   77     1.00000000000000E-99   1.00000000000000E-99
153   77     1.00000000000000E-99   1.00000000000000E-99
154   77     1.00000000000000E-99   1.00000000000000E-99
155   77     1.00000000000000E-99   1.00000000000000E-99
156   77     1.00000000000000E-99   1.00000000000000E-99
157   77     1.00000000000000E-99   1.00000000000000E-99
158   77     1.00000000000000E-99   1.00000000000000E-99
159   77     1.00000000000000E-99   1.00000000000000E-99
160   77     1.00000000000000E-99   1.00000000000000E-99
161   77     1.00000000000000E-99   1.00000000000000E-99
162   77     1.00000000000000E-99   1.00000000000000E-99
163   77     1.00000000000000E-99   1.00000000000000E-99
164   77     5.71180488228557E-23   1.37654497663082E-20
165   77     1.00000000000000E-99   1.00000000000000E-99
166   77     1.00000000000000E-99   1.00000000000000E-99
167   77     1.00000000000000E-99   1.00000000000000E-99
168   77     1.00000000000000E-99   1.00000000000000E-99
169   77     1.00000000000000E-99   1.00000000000000E-99
170   77     1.00000000000000E-99   1.00000000000000E-99
171   77     1.00000000000000E-99   1.00000000000000E-99
172   77     1.00000000000000E-99   1.00000000000000E-99
173   77     1.00000000000000E-99   1.00000000000000E-99
174   77     1.00000000000000E-99   1.00000000000000E-99
175   77     1.00000000000000E-99   1.00000000000000E-99
176   77     1.00000000000000E-99   1.00000000000000E-99
177   77     1.00000000000000E-99   1.00000000000000E-99
178   77     1.00000000000000E-99   1.00000000000000E-99
179   77     1.00000000000000E-99   1.00000000000000E-99
105   78     1.00000000000000E-99   1.00000000000000E-99
106   78     1.00000000000000E-99   1.00000000000000E-99
107   78     1.00000000000000E-99   1.00000000000000E-99
108   78     1.00000000000000E-99   1.00000000000000E-99
109   78     1.00000000000000E-99   1.00000000000000E-99
110   78     1.00000000000000E-99   1.00000000000000E-99
111   78     1.00000000000000E-99   1.00000000000000E-99
112   78     1.00000000000000E-99   1.00000000000000E-99
113   78     1.00000000000000E-99   1.00000000000000E-99
114   78     1.00000000000000E-99   1.00000000000000E-99
115   78     1.00000000000000E-99   1.00000000000000E-99
116   78     1.00000000000000E-99   1.00000000000000E-99
117   78     1.00000000000000E-99   1.00000000000000E-99
118   78     1.00000000000000E-99   1.00000000000000E-99
119   78     1.00000000000000E-99   1.00000000000000E-99
120   78     1.00000000000000E-99   1.00000000000000E-99
121   78     1.00000000000000E-99   1.00000000000000E-99
122   78     1.00000000000000E-99   1.00000000000000E-99
123   78     1.00000000000000E-99   1.00000000000000E-99
124   78     1.00000000000000E-99   1.00000000000000E-99
125   78     1.00000000000000E-99   1.00000000000000E-99
126   78     1.00000000000000E-99   1.00000000000000E-99
127   78     1.00000000000000E-99   1.00000000000000E-99
128   78     1.00000000000000E-99   1.00000000000000E-99
129   78     1.00000000000000E-99   1.00000000000000E-99
130   78     1.00000000000000E-99   1.00000000000000E-99
131   78     1.00000000000000E-99   1.00000000000000E-99
132   78     1.00000000000000E-99   1.00000000000000E-99
133   78     1.00000000000000E-99   1.00000000000000E-99
134   78     1.00000000000000E-99   1.00000000000000E-99
135   78     1.00000000000000E-99   1.00000000000000E-99
136   78     1.00000000000000E-99   1.00000000000000E-99
137   78     1.00000000000000E-99   1.00000000000000E-99
138   78     1.00000000000000E-99   1.00000000000000E-99
139   78     1.00000000000000E-99   1.00000000000000E-99
140   78     1.00000000000000E-99   1.00000000000000E-99
141   78     1.00000000000000E-99   1.00000000000000E-99
142   78     1.00000000000000E-99   1.00000000000000E-99
143   78     1.00000000000000E-99   1.00000000000000E-99
144   78     1.00000000000000E-99   1.00000000000000E-99
145   78     1.00000000000000E-99   1.00000000000000E-99
146   78     1.00000000000000E-99   1.00000000000000E-99
147   78     1.00000000000000E-99   1.00000000000000E-99
148   78     1.00000000000000E-99   1.00000000000000E-99
149   78     1.00000000000000E-99   1.00000000000000E-99
150   78     1.00000000000000E-99   1.00000000000000E-99
151   78     1.00000000000000E-99   1.00000000000000E-99
152   78     1.00000000000000E-99   1.00000000000000E-99
153   78     1.00000000000000E-99   1.00000000000000E-99
154   78     1.00000000000000E-99   1.00000000000000E-99
155   78     1.00000000000000E-99   1.00000000000000E-99
156   78     1.00000000000000E-99   1.00000000000000E-99
157   78     1.00000000000000E-99   1.00000000000000E-99
158   78     1.00000000000000E-99   1.00000000000000E-99
159   78     1.00000000000000E-99   1.00000000000000E-99
160   78     1.00000000000000E-99   1.00000000000000E-99
161   78     1.00000000000000E-99   1.00000000000000E-99
162   78     1.00000000000000E-99   1.00000000000000E-99
163   78     1.00000000000000E-99   1.00000000000000E-99
164   78     1.14573041375200E-23   2.77266760127985E-21
165   78     1.00000000000000E-99   1.00000000000000E-99
166   78     1.00000000000000E-99   1.00000000000000E-99
167   78     1.00000000000000E-99   1.00000000000000E-99
168   78     1.00000000000000E-99   1.00000000000000E-99
169   78     1.00000000000000E-99   1.00000000000000E-99
170   78     1.00000000000000E-99   1.00000000000000E-99
171   78     1.00000000000000E-99   1.00000000000000E-99
172   78     1.00000000000000E-99   1.00000000000000E-99
173   78     1.00000000000000E-99   1.00000000000000E-99
174   78     1.00000000000000E-99   1.00000000000000E-99
175   78     1.00000000000000E-99   1.00000000000000E-99
176   78     1.00000000000000E-99   1.00000000000000E-99
177   78     1.00000000000000E-99   1.00000000000000E-99
178   78     1.00000000000000E-99   1.00000000000000E-99
179   78     1.00000000000000E-99   1.00000000000000E-99
180   78     1.00000000000000E-99   1.00000000000000E-99
181   78     1.00000000000000E-99   1.00000000000000E-99
182   78     1.00000000000000E-99   1.00000000000000E-99
106   79     1.00000000000000E-99   1.00000000000000E-99
107   79     1.00000000000000E-99   1.00000000000000E-99
108   79     1.00000000000000E-99   1.00000000000000E-99
109   79     1.00000000000000E-99   1.00000000000000E-99
110   79     1.00000000000000E-99   1.00000000000000E-99
111   79     1.00000000000000E-99   1.00000000000000E-99
112   79     1.00000000000000E-99   1.00000000000000E-99
113   79     1.00000000000000E-99   1.00000000000000E-99
114   79     1.00000000000000E-99   1.00000000000000E-99
115   79     1.00000000000000E-99   1.00000000000000E-99
116   79     1.00000000000000E-99   1.00000000000000E-99
117   79     1.00000000000000E-99   1.00000000000000E-99
118   79     1.00000000000000E-99   1.00000000000000E-99
119   79     1.00000000000000E-99   1.00000000000000E-99
120   79     1.00000000000000E-99   1.00000000000000E-99
121   79     1.00000000000000E-99   1.00000000000000E-99
122   79     1.00000000000000E-99   1.00000000000000E-99
123   79     1.00000000000000E-99   1.00000000000000E-99
124   79     1.00000000000000E-99   1.00000000000000E-99
125   79     1.00000000000000E-99   1.00000000000000E-99
126   79     1.00000000000000E-99   1.00000000000000E-99
127   79     1.00000000000000E-99   1.00000000000000E-99
128   79     1.00000000000000E-99   1.00000000000000E-99
129   79     1.00000000000000E-99   1.00000000000000E-99
130   79     1.00000000000000E-99   1.00000000000000E-99
131   79     1.00000000000000E-99   1.00000000000000E-99
132   79     1.00000000000000E-99   1.00000000000000E-99
133   79     1.00000000000000E-99   1.00000000000000E-99
134   79     1.00000000000000E-99   1.00000000000000E-99
135   79     1.00000000000000E-99   1.00000000000000E-99
136   79     1.00000000000000E-99   1.00000000000000E-99
137   79     1.00000000000000E-99   1.00000000000000E-99
138   79     1.00000000000000E-99   1.00000000000000E-99
139   79     1.00000000000000E-99   1.00000000000000E-99
140   79     1.00000000000000E-99   1.00000000000000E-99
141   79     1.00000000000000E-99   1.00000000000000E-99
142   79     1.00000000000000E-99   1.00000000000000E-99
143   79     1.00000000000000E-99   1.00000000000000E-99
144   79     1.00000000000000E-99   1.00000000000000E-99
145   79     1.00000000000000E-99   1.00000000000000E-99
146   79     1.00000000000000E-99   1.00000000000000E-99
147   79     1.00000000000000E-99   1.00000000000000E-99
148   79     1.00000000000000E-99   1.00000000000000E-99
149   79     1.00000000000000E-99   1.00000000000000E-99
150   79     1.00000000000000E-99   1.00000000000000E-99
151   79     1.00000000000000E-99   1.00000000000000E-99
152   79     1.00000000000000E-99   1.00000000000000E-99
153   79     1.00000000000000E-99   1.00000000000000E-99
154   79     1.00000000000000E-99   1.00000000000000E-99
155   79     1.00000000000000E-99   1.00000000000000E-99
156   79     1.00000000000000E-99   1.00000000000000E-99
157   79     1.00000000000000E-99   1.00000000000000E-99
158   79     1.00000000000000E-99   1.00000000000000E-99
159   79     1.00000000000000E-99   1.00000000000000E-99
160   79     1.00000000000000E-99   1.00000000000000E-99
161   79     1.00000000000000E-99   1.00000000000000E-99
162   79     1.00000000000000E-99   1.00000000000000E-99
163   79     1.00000000000000E-99   1.00000000000000E-99
164   79     1.00387272963030E-24   2.43941073300163E-22
165   79     1.00000000000000E-99   1.00000000000000E-99
166   79     1.00000000000000E-99   1.00000000000000E-99
167   79     1.00000000000000E-99   1.00000000000000E-99
168   79     1.00000000000000E-99   1.00000000000000E-99
169   79     1.00000000000000E-99   1.00000000000000E-99
170   79     1.00000000000000E-99   1.00000000000000E-99
171   79     1.00000000000000E-99   1.00000000000000E-99
172   79     1.00000000000000E-99   1.00000000000000E-99
173   79     1.00000000000000E-99   1.00000000000000E-99
174   79     1.00000000000000E-99   1.00000000000000E-99
175   79     1.00000000000000E-99   1.00000000000000E-99
176   79     1.00000000000000E-99   1.00000000000000E-99
177   79     1.00000000000000E-99   1.00000000000000E-99
178   79     1.00000000000000E-99   1.00000000000000E-99
179   79     1.00000000000000E-99   1.00000000000000E-99
180   79     1.00000000000000E-99   1.00000000000000E-99
181   79     1.00000000000000E-99   1.00000000000000E-99
182   79     1.00000000000000E-99   1.00000000000000E-99
183   79     1.00000000000000E-99   1.00000000000000E-99
184   79     1.00000000000000E-99   1.00000000000000E-99
109   80     1.00000000000000E-99   1.00000000000000E-99
110   80     1.00000000000000E-99   1.00000000000000E-99
111   80     1.00000000000000E-99   1.00000000000000E-99
112   80     1.00000000000000E-99   1.00000000000000E-99
113   80     1.00000000000000E-99   1.00000000000000E-99
114   80     1.00000000000000E-99   1.00000000000000E-99
115   80     1.00000000000000E-99   1.00000000000000E-99
116   80     1.00000000000000E-99   1.00000000000000E-99
117   80     1.00000000000000E-99   1.00000000000000E-99
118   80     1.00000000000000E-99   1.00000000000000E-99
119   80     1.00000000000000E-99   1.00000000000000E-99
120   80     1.00000000000000E-99   1.00000000000000E-99
121   80     1.00000000000000E-99   1.00000000000000E-99
122   80     1.00000000000000E-99   1.00000000000000E-99
123   80     1.00000000000000E-99   1.00000000000000E-99
124   80     1.00000000000000E-99   1.00000000000000E-99
125   80     1.00000000000000E-99   1.00000000000000E-99
126   80     1.00000000000000E-99   1.00000000000000E-99
127   80     1.00000000000000E-99   1.00000000000000E-99
128   80     1.00000000000000E-99   1.00000000000000E-99
129   80     1.00000000000000E-99   1.00000000000000E-99
130   80     1.00000000000000E-99   1.00000000000000E-99
131   80     1.00000000000000E-99   1.00000000000000E-99
132   80     1.00000000000000E-99   1.00000000000000E-99
133   80     1.00000000000000E-99   1.00000000000000E-99
134   80     1.00000000000000E-99   1.00000000000000E-99
135   80     1.00000000000000E-99   1.00000000000000E-99
136   80     1.00000000000000E-99   1.00000000000000E-99
137   80     1.00000000000000E-99   1.00000000000000E-99
138   80     1.00000000000000E-99   1.00000000000000E-99
139   80     1.00000000000000E-99   1.00000000000000E-99
140   80     1.00000000000000E-99   1.00000000000000E-99
141   80     1.00000000000000E-99   1.00000000000000E-99
142   80     1.00000000000000E-99   1.00000000000000E-99
143   80     1.00000000000000E-99   1.00000000000000E-99
144   80     1.00000000000000E-99   1.00000000000000E-99
145   80     1.00000000000000E-99   1.00000000000000E-99
146   80     1.00000000000000E-99   1.00000000000000E-99
147   80     1.00000000000000E-99   1.00000000000000E-99
148   80     1.00000000000000E-99   1.00000000000000E-99
149   80     1.00000000000000E-99   1.00000000000000E-99
150   80     1.00000000000000E-99   1.00000000000000E-99
151   80     1.00000000000000E-99   1.00000000000000E-99
152   80     1.00000000000000E-99   1.00000000000000E-99
153   80     1.00000000000000E-99   1.00000000000000E-99
154   80     1.00000000000000E-99   1.00000000000000E-99
155   80     1.00000000000000E-99   1.00000000000000E-99
156   80     1.00000000000000E-99   1.00000000000000E-99
157   80     1.00000000000000E-99   1.00000000000000E-99
158   80     1.00000000000000E-99   1.00000000000000E-99
159   80     1.00000000000000E-99   1.00000000000000E-99
160   80     1.00000000000000E-99   1.00000000000000E-99
161   80     1.00000000000000E-99   1.00000000000000E-99
162   80     1.00000000000000E-99   1.00000000000000E-99
163   80     1.00000000000000E-99   1.00000000000000E-99
164   80     1.00000000000000E-99   1.00000000000000E-99
165   80     1.00000000000000E-99   1.00000000000000E-99
166   80     1.00000000000000E-99   1.00000000000000E-99
167   80     1.00000000000000E-99   1.00000000000000E-99
168   80     1.00000000000000E-99   1.00000000000000E-99
169   80     1.00000000000000E-99   1.00000000000000E-99
170   80     1.00000000000000E-99   1.00000000000000E-99
171   80     1.00000000000000E-99   1.00000000000000E-99
172   80     1.00000000000000E-99   1.00000000000000E-99
173   80     1.00000000000000E-99   1.00000000000000E-99
174   80     1.00000000000000E-99   1.00000000000000E-99
175   80     1.00000000000000E-99   1.00000000000000E-99
176   80     1.00000000000000E-99   1.00000000000000E-99
177   80     1.00000000000000E-99   1.00000000000000E-99
178   80     1.00000000000000E-99   1.00000000000000E-99
179   80     1.00000000000000E-99   1.00000000000000E-99
180   80     1.00000000000000E-99   1.00000000000000E-99
181   80     1.00000000000000E-99   1.00000000000000E-99
182   80     1.00000000000000E-99   1.00000000000000E-99
183   80     1.00000000000000E-99   1.00000000000000E-99
184   80     1.00000000000000E-99   1.00000000000000E-99
185   80     1.00000000000000E-99   1.00000000000000E-99
186   80     1.00000000000000E-99   1.00000000000000E-99
110   81     1.00000000000000E-99   1.00000000000000E-99
111   81     1.00000000000000E-99   1.00000000000000E-99
112   81     1.00000000000000E-99   1.00000000000000E-99
113   81     1.00000000000000E-99   1.00000000000000E-99
114   81     1.00000000000000E-99   1.00000000000000E-99
115   81     1.00000000000000E-99   1.00000000000000E-99
116   81     1.00000000000000E-99   1.00000000000000E-99
117   81     1.00000000000000E-99   1.00000000000000E-99
118   81     1.00000000000000E-99   1.00000000000000E-99
119   81     1.00000000000000E-99   1.00000000000000E-99
120   81     1.00000000000000E-99   1.00000000000000E-99
121   81     1.00000000000000E-99   1.00000000000000E-99
122   81     1.00000000000000E-99   1.00000000000000E-99
123   81     1.00000000000000E-99   1.00000000000000E-99
124   81     1.00000000000000E-99   1.00000000000000E-99
125   81     1.00000000000000E-99   1.00000000000000E-99
126   81     1.00000000000000E-99   1.00000000000000E-99
127   81     1.00000000000000E-99   1.00000000000000E-99
128   81     1.00000000000000E-99   1.00000000000000E-99
129   81     1.00000000000000E-99   1.00000000000000E-99
130   81     1.00000000000000E-99   1.00000000000000E-99
131   81     1.00000000000000E-99   1.00000000000000E-99
132   81     1.00000000000000E-99   1.00000000000000E-99
133   81     1.00000000000000E-99   1.00000000000000E-99
134   81     1.00000000000000E-99   1.00000000000000E-99
135   81     1.00000000000000E-99   1.00000000000000E-99
136   81     1.00000000000000E-99   1.00000000000000E-99
137   81     1.00000000000000E-99   1.00000000000000E-99
138   81     1.00000000000000E-99   1.00000000000000E-99
139   81     1.00000000000000E-99   1.00000000000000E-99
140   81     1.00000000000000E-99   1.00000000000000E-99
141   81     1.00000000000000E-99   1.00000000000000E-99
142   81     1.00000000000000E-99   1.00000000000000E-99
143   81     1.00000000000000E-99   1.00000000000000E-99
144   81     1.00000000000000E-99   1.00000000000000E-99
145   81     1.00000000000000E-99   1.00000000000000E-99
146   81     1.00000000000000E-99   1.00000000000000E-99
147   81     1.00000000000000E-99   1.00000000000000E-99
148   81     1.00000000000000E-99   1.00000000000000E-99
149   81     1.00000000000000E-99   1.00000000000000E-99
150   81     1.00000000000000E-99   1.00000000000000E-99
151   81     1.00000000000000E-99   1.00000000000000E-99
152   81     1.00000000000000E-99   1.00000000000000E-99
153   81     1.00000000000000E-99   1.00000000000000E-99
154   81     1.00000000000000E-99   1.00000000000000E-99
155   81     1.00000000000000E-99   1.00000000000000E-99
156   81     1.00000000000000E-99   1.00000000000000E-99
157   81     1.00000000000000E-99   1.00000000000000E-99
158   81     1.00000000000000E-99   1.00000000000000E-99
159   81     1.00000000000000E-99   1.00000000000000E-99
160   81     1.00000000000000E-99   1.00000000000000E-99
161   81     1.00000000000000E-99   1.00000000000000E-99
162   81     1.00000000000000E-99   1.00000000000000E-99
163   81     1.00000000000000E-99   1.00000000000000E-99
164   81     1.00000000000000E-99   1.00000000000000E-99
165   81     1.00000000000000E-99   1.00000000000000E-99
166   81     1.00000000000000E-99   1.00000000000000E-99
167   81     1.00000000000000E-99   1.00000000000000E-99
168   81     1.00000000000000E-99   1.00000000000000E-99
169   81     1.00000000000000E-99   1.00000000000000E-99
170   81     1.00000000000000E-99   1.00000000000000E-99
171   81     1.00000000000000E-99   1.00000000000000E-99
172   81     1.00000000000000E-99   1.00000000000000E-99
173   81     1.00000000000000E-99   1.00000000000000E-99
174   81     1.00000000000000E-99   1.00000000000000E-99
175   81     1.00000000000000E-99   1.00000000000000E-99
176   81     1.00000000000000E-99   1.00000000000000E-99
177   81     1.00000000000000E-99   1.00000000000000E-99
178   81     1.00000000000000E-99   1.00000000000000E-99
179   81     1.00000000000000E-99   1.00000000000000E-99
180   81     1.00000000000000E-99   1.00000000000000E-99
181   81     1.00000000000000E-99   1.00000000000000E-99
182   81     1.00000000000000E-99   1.00000000000000E-99
183   81     1.00000000000000E-99   1.00000000000000E-99
184   81     1.00000000000000E-99   1.00000000000000E-99
185   81     1.00000000000000E-99   1.00000000000000E-99
186   81     1.00000000000000E-99   1.00000000000000E-99
187   81     1.00000000000000E-99   1.00000000000000E-99
188   81     1.00000000000000E-99   1.00000000000000E-99
112   82     1.00000000000000E-99   1.00000000000000E-99
113   82     1.00000000000000E-99   1.00000000000000E-99
114   82     1.00000000000000E-99   1.00000000000000E-99
115   82     1.00000000000000E-99   1.00000000000000E-99
116   82     1.00000000000000E-99   1.00000000000000E-99
117   82     1.00000000000000E-99   1.00000000000000E-99
118   82     1.00000000000000E-99   1.00000000000000E-99
119   82     1.00000000000000E-99   1.00000000000000E-99
120   82     1.00000000000000E-99   1.00000000000000E-99
121   82     1.00000000000000E-99   1.00000000000000E-99
122   82     1.00000000000000E-99   1.00000000000000E-99
123   82     1.00000000000000E-99   1.00000000000000E-99
124   82     1.00000000000000E-99   1.00000000000000E-99
125   82     1.00000000000000E-99   1.00000000000000E-99
126   82     1.00000000000000E-99   1.00000000000000E-99
127   82     1.00000000000000E-99   1.00000000000000E-99
128   82     1.00000000000000E-99   1.00000000000000E-99
129   82     1.00000000000000E-99   1.00000000000000E-99
130   82     1.00000000000000E-99   1.00000000000000E-99
131   82     1.00000000000000E-99   1.00000000000000E-99
132   82     1.00000000000000E-99   1.00000000000000E-99
133   82     1.00000000000000E-99   1.00000000000000E-99
134   82     1.00000000000000E-99   1.00000000000000E-99
135   82     1.00000000000000E-99   1.00000000000000E-99
136   82     1.00000000000000E-99   1.00000000000000E-99
137   82     1.00000000000000E-99   1.00000000000000E-99
138   82     1.00000000000000E-99   1.00000000000000E-99
139   82     1.00000000000000E-99   1.00000000000000E-99
140   82     1.00000000000000E-99   1.00000000000000E-99
141   82     1.00000000000000E-99   1.00000000000000E-99
142   82     1.00000000000000E-99   1.00000000000000E-99
143   82     1.00000000000000E-99   1.00000000000000E-99
144   82     1.00000000000000E-99   1.00000000000000E-99
145   82     1.00000000000000E-99   1.00000000000000E-99
146   82     1.00000000000000E-99   1.00000000000000E-99
147   82     1.00000000000000E-99   1.00000000000000E-99
148   82     1.00000000000000E-99   1.00000000000000E-99
149   82     1.00000000000000E-99   1.00000000000000E-99
150   82     1.00000000000000E-99   1.00000000000000E-99
151   82     1.00000000000000E-99   1.00000000000000E-99
152   82     1.00000000000000E-99   1.00000000000000E-99
153   82     1.00000000000000E-99   1.00000000000000E-99
154   82     1.00000000000000E-99   1.00000000000000E-99
155   82     1.00000000000000E-99   1.00000000000000E-99
156   82     1.00000000000000E-99   1.00000000000000E-99
157   82     1.00000000000000E-99   1.00000000000000E-99
158   82     1.00000000000000E-99   1.00000000000000E-99
159   82     1.00000000000000E-99   1.00000000000000E-99
160   82     1.00000000000000E-99   1.00000000000000E-99
161   82     1.00000000000000E-99   1.00000000000000E-99
162   82     1.00000000000000E-99   1.00000000000000E-99
163   82     1.00000000000000E-99   1.00000000000000E-99
164   82     1.00000000000000E-99   1.00000000000000E-99
165   82     1.00000000000000E-99   1.00000000000000E-99
166   82     1.00000000000000E-99   1.00000000000000E-99
167   82     1.00000000000000E-99   1.00000000000000E-99
168   82     1.00000000000000E-99   1.00000000000000E-99
169   82     1.00000000000000E-99   1.00000000000000E-99
170   82     1.00000000000000E-99   1.00000000000000E-99
171   82     1.00000000000000E-99   1.00000000000000E-99
172   82     1.00000000000000E-99   1.00000000000000E-99
173   82     1.00000000000000E-99   1.00000000000000E-99
174   82     1.00000000000000E-99   1.00000000000000E-99
175   82     1.00000000000000E-99   1.00000000000000E-99
176   82     1.00000000000000E-99   1.00000000000000E-99
177   82     1.00000000000000E-99   1.00000000000000E-99
178   82     1.00000000000000E-99   1.00000000000000E-99
179   82     1.00000000000000E-99   1.00000000000000E-99
180   82     1.00000000000000E-99   1.00000000000000E-99
181   82     1.00000000000000E-99   1.00000000000000E-99
182   82     1.00000000000000E-99   1.00000000000000E-99
183   82     1.00000000000000E-99   1.00000000000000E-99
184   82     1.00000000000000E-99   1.00000000000000E-99
185   82     1.00000000000000E-99   1.00000000000000E-99
186   82     1.00000000000000E-99   1.00000000000000E-99
187   82     1.00000000000000E-99   1.00000000000000E-99
188   82     1.00000000000000E-99   1.00000000000000E-99
189   82     1.00000000000000E-99   1.00000000000000E-99
190   82     1.00000000000000E-99   1.00000000000000E-99
191   82     1.00000000000000E-99   1.00000000000000E-99
114   83     1.00000000000000E-99   1.00000000000000E-99
115   83     1.00000000000000E-99   1.00000000000000E-99
116   83     1.00000000000000E-99   1.00000000000000E-99
117   83     1.00000000000000E-99   1.00000000000000E-99
118   83     1.00000000000000E-99   1.00000000000000E-99
119   83     1.00000000000000E-99   1.00000000000000E-99
120   83     1.00000000000000E-99   1.00000000000000E-99
121   83     1.00000000000000E-99   1.00000000000000E-99
122   83     1.00000000000000E-99   1.00000000000000E-99
123   83     1.00000000000000E-99   1.00000000000000E-99
124   83     1.00000000000000E-99   1.00000000000000E-99
125   83     1.00000000000000E-99   1.00000000000000E-99
126   83     1.00000000000000E-99   1.00000000000000E-99
127   83     1.00000000000000E-99   1.00000000000000E-99
128   83     1.00000000000000E-99   1.00000000000000E-99
129   83     1.00000000000000E-99   1.00000000000000E-99
130   83     1.00000000000000E-99   1.00000000000000E-99
131   83     1.00000000000000E-99   1.00000000000000E-99
132   83     1.00000000000000E-99   1.00000000000000E-99
133   83     1.00000000000000E-99   1.00000000000000E-99
134   83     1.00000000000000E-99   1.00000000000000E-99
135   83     1.00000000000000E-99   1.00000000000000E-99
136   83     1.00000000000000E-99   1.00000000000000E-99
137   83     1.00000000000000E-99   1.00000000000000E-99
138   83     1.00000000000000E-99   1.00000000000000E-99
139   83     1.00000000000000E-99   1.00000000000000E-99
140   83     1.00000000000000E-99   1.00000000000000E-99
141   83     1.00000000000000E-99   1.00000000000000E-99
142   83     1.00000000000000E-99   1.00000000000000E-99
143   83     1.00000000000000E-99   1.00000000000000E-99
144   83     1.00000000000000E-99   1.00000000000000E-99
145   83     1.00000000000000E-99   1.00000000000000E-99
146   83     1.00000000000000E-99   1.00000000000000E-99
147   83     1.00000000000000E-99   1.00000000000000E-99
148   83     1.00000000000000E-99   1.00000000000000E-99
149   83     1.00000000000000E-99   1.00000000000000E-99
150   83     1.00000000000000E-99   1.00000000000000E-99
151   83     1.00000000000000E-99   1.00000000000000E-99
152   83     1.00000000000000E-99   1.00000000000000E-99
153   83     1.00000000000000E-99   1.00000000000000E-99
154   83     1.00000000000000E-99   1.00000000000000E-99
155   83     1.00000000000000E-99   1.00000000000000E-99
156   83     1.00000000000000E-99   1.00000000000000E-99
157   83     1.00000000000000E-99   1.00000000000000E-99
158   83     1.00000000000000E-99   1.00000000000000E-99
159   83     1.00000000000000E-99   1.00000000000000E-99
160   83     1.00000000000000E-99   1.00000000000000E-99
161   83     1.00000000000000E-99   1.00000000000000E-99
162   83     1.00000000000000E-99   1.00000000000000E-99
163   83     1.00000000000000E-99   1.00000000000000E-99
164   83     1.00000000000000E-99   1.00000000000000E-99
165   83     1.00000000000000E-99   1.00000000000000E-99
166   83     1.00000000000000E-99   1.00000000000000E-99
167   83     1.00000000000000E-99   1.00000000000000E-99
168   83     1.00000000000000E-99   1.00000000000000E-99
169   83     1.00000000000000E-99   1.00000000000000E-99
170   83     1.00000000000000E-99   1.00000000000000E-99
171   83     1.00000000000000E-99   1.00000000000000E-99
172   83     1.00000000000000E-99   1.00000000000000E-99
173   83     1.00000000000000E-99   1.00000000000000E-99
174   83     1.00000000000000E-99   1.00000000000000E-99
175   83     1.00000000000000E-99   1.00000000000000E-99
176   83     1.00000000000000E-99   1.00000000000000E-99
177   83     1.00000000000000E-99   1.00000000000000E-99
178   83     1.00000000000000E-99   1.00000000000000E-99
179   83     1.00000000000000E-99   1.00000000000000E-99
180   83     1.00000000000000E-99   1.00000000000000E-99
181   83     1.00000000000000E-99   1.00000000000000E-99
182   83     1.00000000000000E-99   1.00000000000000E-99
183   83     1.00000000000000E-99   1.00000000000000E-99
184   83     1.00000000000000E-99   1.00000000000000E-99
185   83     1.00000000000000E-99   1.00000000000000E-99
186   83     1.00000000000000E-99   1.00000000000000E-99
187   83     1.00000000000000E-99   1.00000000000000E-99
188   83     1.00000000000000E-99   1.00000000000000E-99
189   83     1.00000000000000E-99   1.00000000000000E-99
190   83     1.00000000000000E-99   1.00000000000000E-99
191   83     1.00000000000000E-99   1.00000000000000E-99
192   83     1.00000000000000E-99   1.00000000000000E-99
193   83     1.00000000000000E-99   1.00000000000000E-99
118   84     1.00000000000000E-99   1.00000000000000E-99
119   84     1.00000000000000E-99   1.00000000000000E-99
120   84     1.00000000000000E-99   1.00000000000000E-99
121   84     1.00000000000000E-99   1.00000000000000E-99
122   84     1.00000000000000E-99   1.00000000000000E-99
123   84     1.00000000000000E-99   1.00000000000000E-99
124   84     1.00000000000000E-99   1.00000000000000E-99
125   84     1.00000000000000E-99   1.00000000000000E-99
126   84     1.00000000000000E-99   1.00000000000000E-99
127   84     1.00000000000000E-99   1.00000000000000E-99
128   84     1.00000000000000E-99   1.00000000000000E-99
129   84     1.00000000000000E-99   1.00000000000000E-99
130   84     1.00000000000000E-99   1.00000000000000E-99
131   84     1.00000000000000E-99   1.00000000000000E-99
132   84     1.00000000000000E-99   1.00000000000000E-99
133   84     1.00000000000000E-99   1.00000000000000E-99
134   84     1.00000000000000E-99   1.00000000000000E-99
135   84     1.00000000000000E-99   1.00000000000000E-99
136   84     1.00000000000000E-99   1.00000000000000E-99
137   84     1.00000000000000E-99   1.00000000000000E-99
138   84     1.00000000000000E-99   1.00000000000000E-99
139   84     1.00000000000000E-99   1.00000000000000E-99
140   84     1.00000000000000E-99   1.00000000000000E-99
141   84     1.00000000000000E-99   1.00000000000000E-99
142   84     1.00000000000000E-99   1.00000000000000E-99
143   84     1.00000000000000E-99   1.00000000000000E-99
144   84     1.00000000000000E-99   1.00000000000000E-99
145   84     1.00000000000000E-99   1.00000000000000E-99
146   84     1.00000000000000E-99   1.00000000000000E-99
147   84     1.00000000000000E-99   1.00000000000000E-99
148   84     1.00000000000000E-99   1.00000000000000E-99
149   84     1.00000000000000E-99   1.00000000000000E-99
150   84     1.00000000000000E-99   1.00000000000000E-99
151   84     1.00000000000000E-99   1.00000000000000E-99
152   84     1.00000000000000E-99   1.00000000000000E-99
153   84     1.00000000000000E-99   1.00000000000000E-99
154   84     1.00000000000000E-99   1.00000000000000E-99
155   84     1.00000000000000E-99   1.00000000000000E-99
156   84     1.00000000000000E-99   1.00000000000000E-99
157   84     1.00000000000000E-99   1.00000000000000E-99
158   84     1.00000000000000E-99   1.00000000000000E-99
159   84     1.00000000000000E-99   1.00000000000000E-99
160   84     1.00000000000000E-99   1.00000000000000E-99
161   84     1.00000000000000E-99   1.00000000000000E-99
162   84     1.00000000000000E-99   1.00000000000000E-99
163   84     1.00000000000000E-99   1.00000000000000E-99
164   84     1.00000000000000E-99   1.00000000000000E-99
165   84     1.00000000000000E-99   1.00000000000000E-99
166   84     1.00000000000000E-99   1.00000000000000E-99
167   84     1.00000000000000E-99   1.00000000000000E-99
168   84     1.00000000000000E-99   1.00000000000000E-99
169   84     1.00000000000000E-99   1.00000000000000E-99
170   84     1.00000000000000E-99   1.00000000000000E-99
171   84     1.00000000000000E-99   1.00000000000000E-99
172   84     1.00000000000000E-99   1.00000000000000E-99
173   84     1.00000000000000E-99   1.00000000000000E-99
174   84     1.00000000000000E-99   1.00000000000000E-99
175   84     1.00000000000000E-99   1.00000000000000E-99
176   84     1.00000000000000E-99   1.00000000000000E-99
177   84     1.00000000000000E-99   1.00000000000000E-99
178   84     1.00000000000000E-99   1.00000000000000E-99
179   84     1.00000000000000E-99   1.00000000000000E-99
180   84     1.00000000000000E-99   1.00000000000000E-99
181   84     1.00000000000000E-99   1.00000000000000E-99
182   84     1.00000000000000E-99   1.00000000000000E-99
183   84     1.00000000000000E-99   1.00000000000000E-99
184   84     1.00000000000000E-99   1.00000000000000E-99
185   84     1.00000000000000E-99   1.00000000000000E-99
186   84     1.00000000000000E-99   1.00000000000000E-99
187   84     1.00000000000000E-99   1.00000000000000E-99
188   84     1.00000000000000E-99   1.00000000000000E-99
189   84     1.00000000000000E-99   1.00000000000000E-99
190   84     1.00000000000000E-99   1.00000000000000E-99
191   84     1.00000000000000E-99   1.00000000000000E-99
192   84     1.00000000000000E-99   1.00000000000000E-99
121   85     1.00000000000000E-99   1.00000000000000E-99
122   85     1.00000000000000E-99   1.00000000000000E-99
123   85     1.00000000000000E-99   1.00000000000000E-99
124   85     1.00000000000000E-99   1.00000000000000E-99
125   85     1.00000000000000E-99   1.00000000000000E-99
126   85     1.00000000000000E-99   1.00000000000000E-99
127   85     1.00000000000000E-99   1.00000000000000E-99
128   85     1.00000000000000E-99   1.00000000000000E-99
129   85     1.00000000000000E-99   1.00000000000000E-99
130   85     1.00000000000000E-99   1.00000000000000E-99
131   85     1.00000000000000E-99   1.00000000000000E-99
132   85     1.00000000000000E-99   1.00000000000000E-99
133   85     1.00000000000000E-99   1.00000000000000E-99
134   85     1.00000000000000E-99   1.00000000000000E-99
135   85     1.00000000000000E-99   1.00000000000000E-99
136   85     1.00000000000000E-99   1.00000000000000E-99
137   85     1.00000000000000E-99   1.00000000000000E-99
138   85     1.00000000000000E-99   1.00000000000000E-99
139   85     1.00000000000000E-99   1.00000000000000E-99
140   85     1.00000000000000E-99   1.00000000000000E-99
141   85     1.00000000000000E-99   1.00000000000000E-99
142   85     1.00000000000000E-99   1.00000000000000E-99
143   85     1.00000000000000E-99   1.00000000000000E-99
144   85     1.00000000000000E-99   1.00000000000000E-99
145   85     1.00000000000000E-99   1.00000000000000E-99
146   85     1.00000000000000E-99   1.00000000000000E-99
147   85     1.00000000000000E-99   1.00000000000000E-99
148   85     1.00000000000000E-99   1.00000000000000E-99
149   85     1.00000000000000E-99   1.00000000000000E-99
150   85     1.00000000000000E-99   1.00000000000000E-99
151   85     1.00000000000000E-99   1.00000000000000E-99
152   85     1.00000000000000E-99   1.00000000000000E-99
153   85     1.00000000000000E-99   1.00000000000000E-99
154   85     1.00000000000000E-99   1.00000000000000E-99
155   85     1.00000000000000E-99   1.00000000000000E-99
156   85     1.00000000000000E-99   1.00000000000000E-99
157   85     1.00000000000000E-99   1.00000000000000E-99
158   85     1.00000000000000E-99   1.00000000000000E-99
159   85     1.00000000000000E-99   1.00000000000000E-99
160   85     1.00000000000000E-99   1.00000000000000E-99
161   85     1.00000000000000E-99   1.00000000000000E-99
162   85     1.00000000000000E-99   1.00000000000000E-99
163   85     1.00000000000000E-99   1.00000000000000E-99
164   85     1.00000000000000E-99   1.00000000000000E-99
165   85     1.00000000000000E-99   1.00000000000000E-99
166   85     1.00000000000000E-99   1.00000000000000E-99
167   85     1.00000000000000E-99   1.00000000000000E-99
168   85     1.00000000000000E-99   1.00000000000000E-99
169   85     1.00000000000000E-99   1.00000000000000E-99
170   85     1.00000000000000E-99   1.00000000000000E-99
171   85     1.00000000000000E-99   1.00000000000000E-99
172   85     1.00000000000000E-99   1.00000000000000E-99
173   85     1.00000000000000E-99   1.00000000000000E-99
174   85     1.00000000000000E-99   1.00000000000000E-99
175   85     1.00000000000000E-99   1.00000000000000E-99
176   85     1.00000000000000E-99   1.00000000000000E-99
177   85     1.00000000000000E-99   1.00000000000000E-99
178   85     1.00000000000000E-99   1.00000000000000E-99
179   85     1.00000000000000E-99   1.00000000000000E-99
180   85     1.00000000000000E-99   1.00000000000000E-99
181   85     1.00000000000000E-99   1.00000000000000E-99
182   85     1.00000000000000E-99   1.00000000000000E-99
183   85     1.00000000000000E-99   1.00000000000000E-99
184   85     1.00000000000000E-99   1.00000000000000E-99
185   85     1.00000000000000E-99   1.00000000000000E-99
186   85     1.00000000000000E-99   1.00000000000000E-99
187   85     1.00000000000000E-99   1.00000000000000E-99
188   85     1.00000000000000E-99   1.00000000000000E-99
189   85     1.00000000000000E-99   1.00000000000000E-99
190   85     1.00000000000000E-99   1.00000000000000E-99
191   85     1.00000000000000E-99   1.00000000000000E-99
192   85     1.00000000000000E-99   1.00000000000000E-99
193   85     1.00000000000000E-99   1.00000000000000E-99
194   85     1.00000000000000E-99   1.00000000000000E-99
124   86     1.00000000000000E-99   1.00000000000000E-99
125   86     1.00000000000000E-99   1.00000000000000E-99
126   86     1.00000000000000E-99   1.00000000000000E-99
127   86     1.00000000000000E-99   1.00000000000000E-99
128   86     1.00000000000000E-99   1.00000000000000E-99
129   86     1.00000000000000E-99   1.00000000000000E-99
130   86     1.00000000000000E-99   1.00000000000000E-99
131   86     1.00000000000000E-99   1.00000000000000E-99
132   86     1.00000000000000E-99   1.00000000000000E-99
133   86     1.00000000000000E-99   1.00000000000000E-99
134   86     1.00000000000000E-99   1.00000000000000E-99
135   86     1.00000000000000E-99   1.00000000000000E-99
136   86     1.00000000000000E-99   1.00000000000000E-99
137   86     1.00000000000000E-99   1.00000000000000E-99
138   86     1.00000000000000E-99   1.00000000000000E-99
139   86     1.00000000000000E-99   1.00000000000000E-99
140   86     1.00000000000000E-99   1.00000000000000E-99
141   86     1.00000000000000E-99   1.00000000000000E-99
142   86     1.00000000000000E-99   1.00000000000000E-99
143   86     1.00000000000000E-99   1.00000000000000E-99
144   86     1.00000000000000E-99   1.00000000000000E-99
145   86     1.00000000000000E-99   1.00000000000000E-99
146   86     1.00000000000000E-99   1.00000000000000E-99
147   86     1.00000000000000E-99   1.00000000000000E-99
148   86     1.00000000000000E-99   1.00000000000000E-99
149   86     1.00000000000000E-99   1.00000000000000E-99
150   86     1.00000000000000E-99   1.00000000000000E-99
151   86     1.00000000000000E-99   1.00000000000000E-99
152   86     1.00000000000000E-99   1.00000000000000E-99
153   86     1.00000000000000E-99   1.00000000000000E-99
154   86     1.00000000000000E-99   1.00000000000000E-99
155   86     1.00000000000000E-99   1.00000000000000E-99
156   86     1.00000000000000E-99   1.00000000000000E-99
157   86     1.00000000000000E-99   1.00000000000000E-99
158   86     1.00000000000000E-99   1.00000000000000E-99
159   86     1.00000000000000E-99   1.00000000000000E-99
160   86     1.00000000000000E-99   1.00000000000000E-99
161   86     1.00000000000000E-99   1.00000000000000E-99
162   86     1.00000000000000E-99   1.00000000000000E-99
163   86     1.00000000000000E-99   1.00000000000000E-99
164   86     1.00000000000000E-99   1.00000000000000E-99
165   86     1.00000000000000E-99   1.00000000000000E-99
166   86     1.00000000000000E-99   1.00000000000000E-99
167   86     1.00000000000000E-99   1.00000000000000E-99
168   86     1.00000000000000E-99   1.00000000000000E-99
169   86     1.00000000000000E-99   1.00000000000000E-99
170   86     1.00000000000000E-99   1.00000000000000E-99
171   86     1.00000000000000E-99   1.00000000000000E-99
172   86     1.00000000000000E-99   1.00000000000000E-99
173   86     1.00000000000000E-99   1.00000000000000E-99
174   86     1.00000000000000E-99   1.00000000000000E-99
175   86     1.00000000000000E-99   1.00000000000000E-99
176   86     1.00000000000000E-99   1.00000000000000E-99
177   86     1.00000000000000E-99   1.00000000000000E-99
178   86     1.00000000000000E-99   1.00000000000000E-99
179   86     1.00000000000000E-99   1.00000000000000E-99
180   86     1.00000000000000E-99   1.00000000000000E-99
181   86     1.00000000000000E-99   1.00000000000000E-99
182   86     1.00000000000000E-99   1.00000000000000E-99
183   86     1.00000000000000E-99   1.00000000000000E-99
126   87     1.00000000000000E-99   1.00000000000000E-99
127   87     1.00000000000000E-99   1.00000000000000E-99
128   87     1.00000000000000E-99   1.00000000000000E-99
129   87     1.00000000000000E-99   1.00000000000000E-99
130   87     1.00000000000000E-99   1.00000000000000E-99
131   87     1.00000000000000E-99   1.00000000000000E-99
132   87     1.00000000000000E-99   1.00000000000000E-99
133   87     1.00000000000000E-99   1.00000000000000E-99
134   87     1.00000000000000E-99   1.00000000000000E-99
135   87     1.00000000000000E-99   1.00000000000000E-99
136   87     1.00000000000000E-99   1.00000000000000E-99
137   87     1.00000000000000E-99   1.00000000000000E-99
138   87     1.00000000000000E-99   1.00000000000000E-99
139   87     1.00000000000000E-99   1.00000000000000E-99
140   87     1.00000000000000E-99   1.00000000000000E-99
141   87     1.00000000000000E-99   1.00000000000000E-99
142   87     1.00000000000000E-99   1.00000000000000E-99
143   87     1.00000000000000E-99   1.00000000000000E-99
144   87     1.00000000000000E-99   1.00000000000000E-99
145   87     1.00000000000000E-99   1.00000000000000E-99
146   87     1.00000000000000E-99   1.00000000000000E-99
147   87     1.00000000000000E-99   1.00000000000000E-99
148   87     1.00000000000000E-99   1.00000000000000E-99
149   87     1.00000000000000E-99   1.00000000000000E-99
150   87     1.00000000000000E-99   1.00000000000000E-99
151   87     1.00000000000000E-99   1.00000000000000E-99
152   87     1.00000000000000E-99   1.00000000000000E-99
153   87     1.00000000000000E-99   1.00000000000000E-99
154   87     1.00000000000000E-99   1.00000000000000E-99
155   87     1.00000000000000E-99   1.00000000000000E-99
156   87     1.00000000000000E-99   1.00000000000000E-99
157   87     1.00000000000000E-99   1.00000000000000E-99
158   87     1.00000000000000E-99   1.00000000000000E-99
159   87     1.00000000000000E-99   1.00000000000000E-99
160   87     1.00000000000000E-99   1.00000000000000E-99
161   87     1.00000000000000E-99   1.00000000000000E-99
162   87     1.00000000000000E-99   1.00000000000000E-99
163   87     1.00000000000000E-99   1.00000000000000E-99
164   87     1.00000000000000E-99   1.00000000000000E-99
165   87     1.00000000000000E-99   1.00000000000000E-99
166   87     1.00000000000000E-99   1.00000000000000E-99
167   87     1.00000000000000E-99   1.00000000000000E-99
168   87     1.00000000000000E-99   1.00000000000000E-99
169   87     1.00000000000000E-99   1.00000000000000E-99
170   87     1.00000000000000E-99   1.00000000000000E-99
171   87     1.00000000000000E-99   1.00000000000000E-99
172   87     1.00000000000000E-99   1.00000000000000E-99
173   87     1.00000000000000E-99   1.00000000000000E-99
174   87     1.00000000000000E-99   1.00000000000000E-99
175   87     1.00000000000000E-99   1.00000000000000E-99
176   87     1.00000000000000E-99   1.00000000000000E-99
177   87     1.00000000000000E-99   1.00000000000000E-99
178   87     1.00000000000000E-99   1.00000000000000E-99
179   87     1.00000000000000E-99   1.00000000000000E-99
180   87     1.00000000000000E-99   1.00000000000000E-99
181   87     1.00000000000000E-99   1.00000000000000E-99
182   87     1.00000000000000E-99   1.00000000000000E-99
183   87     1.00000000000000E-99   1.00000000000000E-99
191   87     1.00000000000000E-99   1.00000000000000E-99
193   87     1.00000000000000E-99   1.00000000000000E-99
129   88     1.00000000000000E-99   1.00000000000000E-99
130   88     1.00000000000000E-99   1.00000000000000E-99
131   88     1.00000000000000E-99   1.00000000000000E-99
132   88     1.00000000000000E-99   1.00000000000000E-99
133   88     1.00000000000000E-99   1.00000000000000E-99
134   88     1.00000000000000E-99   1.00000000000000E-99
135   88     1.00000000000000E-99   1.00000000000000E-99
136   88     1.00000000000000E-99   1.00000000000000E-99
137   88     1.00000000000000E-99   1.00000000000000E-99
138   88     1.00000000000000E-99   1.00000000000000E-99
139   88     1.00000000000000E-99   1.00000000000000E-99
140   88     1.00000000000000E-99   1.00000000000000E-99
141   88     1.00000000000000E-99   1.00000000000000E-99
142   88     1.00000000000000E-99   1.00000000000000E-99
143   88     1.00000000000000E-99   1.00000000000000E-99
144   88     1.00000000000000E-99   1.00000000000000E-99
145   88     1.00000000000000E-99   1.00000000000000E-99
146   88     1.00000000000000E-99   1.00000000000000E-99
147   88     1.00000000000000E-99   1.00000000000000E-99
148   88     1.00000000000000E-99   1.00000000000000E-99
149   88     1.00000000000000E-99   1.00000000000000E-99
150   88     1.00000000000000E-99   1.00000000000000E-99
151   88     1.00000000000000E-99   1.00000000000000E-99
152   88     1.00000000000000E-99   1.00000000000000E-99
153   88     1.00000000000000E-99   1.00000000000000E-99
154   88     1.00000000000000E-99   1.00000000000000E-99
155   88     1.00000000000000E-99   1.00000000000000E-99
156   88     1.00000000000000E-99   1.00000000000000E-99
157   88     1.00000000000000E-99   1.00000000000000E-99
158   88     1.00000000000000E-99   1.00000000000000E-99
159   88     1.00000000000000E-99   1.00000000000000E-99
160   88     1.00000000000000E-99   1.00000000000000E-99
161   88     1.00000000000000E-99   1.00000000000000E-99
162   88     1.00000000000000E-99   1.00000000000000E-99
163   88     1.00000000000000E-99   1.00000000000000E-99
164   88     1.00000000000000E-99   1.00000000000000E-99
165   88     1.00000000000000E-99   1.00000000000000E-99
166   88     1.00000000000000E-99   1.00000000000000E-99
167   88     1.00000000000000E-99   1.00000000000000E-99
168   88     1.00000000000000E-99   1.00000000000000E-99
169   88     1.00000000000000E-99   1.00000000000000E-99
170   88     1.00000000000000E-99   1.00000000000000E-99
171   88     1.00000000000000E-99   1.00000000000000E-99
172   88     1.00000000000000E-99   1.00000000000000E-99
173   88     1.00000000000000E-99   1.00000000000000E-99
174   88     1.00000000000000E-99   1.00000000000000E-99
175   88     1.00000000000000E-99   1.00000000000000E-99
176   88     1.00000000000000E-99   1.00000000000000E-99
177   88     1.00000000000000E-99   1.00000000000000E-99
178   88     1.00000000000000E-99   1.00000000000000E-99
179   88     1.00000000000000E-99   1.00000000000000E-99
180   88     1.00000000000000E-99   1.00000000000000E-99
181   88     1.00000000000000E-99   1.00000000000000E-99
182   88     1.00000000000000E-99   1.00000000000000E-99
183   88     1.00000000000000E-99   1.00000000000000E-99
130   89     1.00000000000000E-99   1.00000000000000E-99
131   89     1.00000000000000E-99   1.00000000000000E-99
132   89     1.00000000000000E-99   1.00000000000000E-99
133   89     1.00000000000000E-99   1.00000000000000E-99
134   89     1.00000000000000E-99   1.00000000000000E-99
135   89     1.00000000000000E-99   1.00000000000000E-99
136   89     1.00000000000000E-99   1.00000000000000E-99
137   89     1.00000000000000E-99   1.00000000000000E-99
138   89     1.00000000000000E-99   1.00000000000000E-99
139   89     1.00000000000000E-99   1.00000000000000E-99
140   89     1.00000000000000E-99   1.00000000000000E-99
141   89     1.00000000000000E-99   1.00000000000000E-99
142   89     1.00000000000000E-99   1.00000000000000E-99
143   89     1.00000000000000E-99   1.00000000000000E-99
144   89     1.00000000000000E-99   1.00000000000000E-99
145   89     1.00000000000000E-99   1.00000000000000E-99
146   89     1.00000000000000E-99   1.00000000000000E-99
147   89     1.00000000000000E-99   1.00000000000000E-99
148   89     1.00000000000000E-99   1.00000000000000E-99
149   89     1.00000000000000E-99   1.00000000000000E-99
150   89     1.00000000000000E-99   1.00000000000000E-99
151   89     1.00000000000000E-99   1.00000000000000E-99
152   89     1.00000000000000E-99   1.00000000000000E-99
153   89     1.00000000000000E-99   1.00000000000000E-99
154   89     1.00000000000000E-99   1.00000000000000E-99
155   89     1.00000000000000E-99   1.00000000000000E-99
156   89     1.00000000000000E-99   1.00000000000000E-99
157   89     1.00000000000000E-99   1.00000000000000E-99
158   89     1.00000000000000E-99   1.00000000000000E-99
159   89     1.00000000000000E-99   1.00000000000000E-99
160   89     1.00000000000000E-99   1.00000000000000E-99
161   89     1.00000000000000E-99   1.00000000000000E-99
162   89     1.00000000000000E-99   1.00000000000000E-99
163   89     1.00000000000000E-99   1.00000000000000E-99
164   89     1.00000000000000E-99   1.00000000000000E-99
165   89     1.00000000000000E-99   1.00000000000000E-99
166   89     1.00000000000000E-99   1.00000000000000E-99
167   89     1.00000000000000E-99   1.00000000000000E-99
168   89     1.00000000000000E-99   1.00000000000000E-99
169   89     1.00000000000000E-99   1.00000000000000E-99
170   89     1.00000000000000E-99   1.00000000000000E-99
171   89     1.00000000000000E-99   1.00000000000000E-99
172   89     1.00000000000000E-99   1.00000000000000E-99
173   89     1.00000000000000E-99   1.00000000000000E-99
174   89     1.00000000000000E-99   1.00000000000000E-99
175   89     1.00000000000000E-99   1.00000000000000E-99
176   89     1.00000000000000E-99   1.00000000000000E-99
177   89     1.00000000000000E-99   1.00000000000000E-99
178   89     1.00000000000000E-99   1.00000000000000E-99
179   89     1.00000000000000E-99   1.00000000000000E-99
180   89     1.00000000000000E-99   1.00000000000000E-99
181   89     1.00000000000000E-99   1.00000000000000E-99
182   89     1.00000000000000E-99   1.00000000000000E-99
183   89     1.00000000000000E-99   1.00000000000000E-99
185   89     1.00000000000000E-99   1.00000000000000E-99
187   89     1.00000000000000E-99   1.00000000000000E-99
188   89     1.00000000000000E-99   1.00000000000000E-99
189   89     1.00000000000000E-99   1.00000000000000E-99
190   89     1.00000000000000E-99   1.00000000000000E-99
191   89     1.00000000000000E-99   1.00000000000000E-99
192   89     1.00000000000000E-99   1.00000000000000E-99
193   89     1.00000000000000E-99   1.00000000000000E-99
195   89     1.00000000000000E-99   1.00000000000000E-99
197   89     1.00000000000000E-99   1.00000000000000E-99
198   89     1.00000000000000E-99   1.00000000000000E-99
199   89     1.00000000000000E-99   1.00000000000000E-99
132   90     1.00000000000000E-99   1.00000000000000E-99
133   90     1.00000000000000E-99   1.00000000000000E-99
134   90     1.00000000000000E-99   1.00000000000000E-99
135   90     1.00000000000000E-99   1.00000000000000E-99
136   90     1.00000000000000E-99   1.00000000000000E-99
137   90     1.00000000000000E-99   1.00000000000000E-99
138   90     1.00000000000000E-99   1.00000000000000E-99
139   90     1.00000000000000E-99   1.00000000000000E-99
140   90     1.00000000000000E-99   1.00000000000000E-99
141   90     1.00000000000000E-99   1.00000000000000E-99
142   90     1.00000000000000E-99   1.00000000000000E-99
143   90     1.00000000000000E-99   1.00000000000000E-99
144   90     1.00000000000000E-99   1.00000000000000E-99
145   90     1.00000000000000E-99   1.00000000000000E-99
146   90     1.00000000000000E-99   1.00000000000000E-99
147   90     1.00000000000000E-99   1.00000000000000E-99
148   90     1.00000000000000E-99   1.00000000000000E-99
149   90     1.00000000000000E-99   1.00000000000000E-99
150   90     1.00000000000000E-99   1.00000000000000E-99
151   90     1.00000000000000E-99   1.00000000000000E-99
152   90     1.00000000000000E-99   1.00000000000000E-99
153   90     1.00000000000000E-99   1.00000000000000E-99
154   90     1.00000000000000E-99   1.00000000000000E-99
155   90     1.00000000000000E-99   1.00000000000000E-99
156   90     1.00000000000000E-99   1.00000000000000E-99
157   90     1.00000000000000E-99   1.00000000000000E-99
158   90     1.00000000000000E-99   1.00000000000000E-99
159   90     1.00000000000000E-99   1.00000000000000E-99
160   90     1.00000000000000E-99   1.00000000000000E-99
161   90     1.00000000000000E-99   1.00000000000000E-99
162   90     1.00000000000000E-99   1.00000000000000E-99
163   90     1.00000000000000E-99   1.00000000000000E-99
164   90     1.00000000000000E-99   1.00000000000000E-99
165   90     1.00000000000000E-99   1.00000000000000E-99
166   90     1.00000000000000E-99   1.00000000000000E-99
167   90     1.00000000000000E-99   1.00000000000000E-99
168   90     1.00000000000000E-99   1.00000000000000E-99
169   90     1.00000000000000E-99   1.00000000000000E-99
170   90     1.00000000000000E-99   1.00000000000000E-99
171   90     1.00000000000000E-99   1.00000000000000E-99
172   90     1.00000000000000E-99   1.00000000000000E-99
173   90     1.00000000000000E-99   1.00000000000000E-99
174   90     1.00000000000000E-99   1.00000000000000E-99
175   90     1.00000000000000E-99   1.00000000000000E-99
176   90     1.00000000000000E-99   1.00000000000000E-99
177   90     1.00000000000000E-99   1.00000000000000E-99
178   90     1.00000000000000E-99   1.00000000000000E-99
179   90     1.00000000000000E-99   1.00000000000000E-99
180   90     1.00000000000000E-99   1.00000000000000E-99
181   90     1.00000000000000E-99   1.00000000000000E-99
182   90     1.00000000000000E-99   1.00000000000000E-99
183   90     1.00000000000000E-99   1.00000000000000E-99
189   90     1.00000000000000E-99   1.00000000000000E-99
190   90     1.00000000000000E-99   1.00000000000000E-99
191   90     1.00000000000000E-99   1.00000000000000E-99
192   90     1.00000000000000E-99   1.00000000000000E-99
193   90     1.00000000000000E-99   1.00000000000000E-99
195   90     1.00000000000000E-99   1.00000000000000E-99
197   90     1.00000000000000E-99   1.00000000000000E-99
202   90     1.00000000000000E-99   1.00000000000000E-99
203   90     1.00000000000000E-99   1.00000000000000E-99
134   91     1.00000000000000E-99   1.00000000000000E-99
135   91     1.00000000000000E-99   1.00000000000000E-99
136   91     1.00000000000000E-99   1.00000000000000E-99
137   91     1.00000000000000E-99   1.00000000000000E-99
138   91     1.00000000000000E-99   1.00000000000000E-99
139   91     1.00000000000000E-99   1.00000000000000E-99
140   91     1.00000000000000E-99   1.00000000000000E-99
141   91     1.00000000000000E-99   1.00000000000000E-99
142   91     1.00000000000000E-99   1.00000000000000E-99
143   91     1.00000000000000E-99   1.00000000000000E-99
144   91     1.00000000000000E-99   1.00000000000000E-99
145   91     1.00000000000000E-99   1.00000000000000E-99
146   91     1.00000000000000E-99   1.00000000000000E-99
147   91     1.00000000000000E-99   1.00000000000000E-99
148   91     1.00000000000000E-99   1.00000000000000E-99
149   91     1.00000000000000E-99   1.00000000000000E-99
150   91     1.00000000000000E-99   1.00000000000000E-99
151   91     1.00000000000000E-99   1.00000000000000E-99
152   91     1.00000000000000E-99   1.00000000000000E-99
153   91     1.00000000000000E-99   1.00000000000000E-99
154   91     1.00000000000000E-99   1.00000000000000E-99
155   91     1.00000000000000E-99   1.00000000000000E-99
156   91     1.00000000000000E-99   1.00000000000000E-99
157   91     1.00000000000000E-99   1.00000000000000E-99
158   91     1.00000000000000E-99   1.00000000000000E-99
159   91     1.00000000000000E-99   1.00000000000000E-99
160   91     1.00000000000000E-99   1.00000000000000E-99
161   91     1.00000000000000E-99   1.00000000000000E-99
162   91     1.00000000000000E-99   1.00000000000000E-99
163   91     1.00000000000000E-99   1.00000000000000E-99
164   91     1.00000000000000E-99   1.00000000000000E-99
165   91     1.00000000000000E-99   1.00000000000000E-99
166   91     1.00000000000000E-99   1.00000000000000E-99
167   91     1.00000000000000E-99   1.00000000000000E-99
168   91     1.00000000000000E-99   1.00000000000000E-99
169   91     1.00000000000000E-99   1.00000000000000E-99
170   91     1.00000000000000E-99   1.00000000000000E-99
171   91     1.00000000000000E-99   1.00000000000000E-99
172   91     1.00000000000000E-99   1.00000000000000E-99
173   91     1.00000000000000E-99   1.00000000000000E-99
174   91     1.00000000000000E-99   1.00000000000000E-99
175   91     1.00000000000000E-99   1.00000000000000E-99
176   91     1.00000000000000E-99   1.00000000000000E-99
177   91     1.00000000000000E-99   1.00000000000000E-99
178   91     1.00000000000000E-99   1.00000000000000E-99
179   91     1.00000000000000E-99   1.00000000000000E-99
180   91     1.00000000000000E-99   1.00000000000000E-99
181   91     1.00000000000000E-99   1.00000000000000E-99
182   91     1.00000000000000E-99   1.00000000000000E-99
183   91     1.00000000000000E-99   1.00000000000000E-99
184   91     1.00000000000000E-99   1.00000000000000E-99
185   91     1.00000000000000E-99   1.00000000000000E-99
187   91     1.00000000000000E-99   1.00000000000000E-99
188   91     1.00000000000000E-99   1.00000000000000E-99
189   91     1.00000000000000E-99   1.00000000000000E-99
190   91     1.00000000000000E-99   1.00000000000000E-99
191   91     1.00000000000000E-99   1.00000000000000E-99
192   91     1.00000000000000E-99   1.00000000000000E-99
193   91     1.00000000000000E-99   1.00000000000000E-99
194   91     1.00000000000000E-99   1.00000000000000E-99
195   91     1.00000000000000E-99   1.00000000000000E-99
196   91     1.00000000000000E-99   1.00000000000000E-99
197   91     1.00000000000000E-99   1.00000000000000E-99
201   91     1.00000000000000E-99   1.00000000000000E-99
203   91     1.00000000000000E-99   1.00000000000000E-99
205   91     1.00000000000000E-99   1.00000000000000E-99
135   92     1.00000000000000E-99   1.00000000000000E-99
136   92     1.00000000000000E-99   1.00000000000000E-99
137   92     1.00000000000000E-99   1.00000000000000E-99
138   92     1.00000000000000E-99   1.00000000000000E-99
139   92     1.00000000000000E-99   1.00000000000000E-99
140   92     1.00000000000000E-99   1.00000000000000E-99
141   92     1.00000000000000E-99   1.00000000000000E-99
142   92     1.00000000000000E-99   1.00000000000000E-99
143   92     1.00000000000000E-99   1.00000000000000E-99
144   92     1.00000000000000E-99   1.00000000000000E-99
145   92     1.00000000000000E-99   1.00000000000000E-99
146   92     1.00000000000000E-99   1.00000000000000E-99
147   92     1.00000000000000E-99   1.00000000000000E-99
148   92     1.00000000000000E-99   1.00000000000000E-99
149   92     1.00000000000000E-99   1.00000000000000E-99
150   92     1.00000000000000E-99   1.00000000000000E-99
151   92     1.00000000000000E-99   1.00000000000000E-99
152   92     1.00000000000000E-99   1.00000000000000E-99
153   92     1.00000000000000E-99   1.00000000000000E-99
154   92     1.00000000000000E-99   1.00000000000000E-99
155   92     1.00000000000000E-99   1.00000000000000E-99
156   92     1.00000000000000E-99   1.00000000000000E-99
157   92     1.00000000000000E-99   1.00000000000000E-99
158   92     1.00000000000000E-99   1.00000000000000E-99
159   92     1.00000000000000E-99   1.00000000000000E-99
160   92     1.00000000000000E-99   1.00000000000000E-99
161   92     1.00000000000000E-99   1.00000000000000E-99
162   92     1.00000000000000E-99   1.00000000000000E-99
163   92     1.00000000000000E-99   1.00000000000000E-99
164   92     1.00000000000000E-99   1.00000000000000E-99
165   92     1.00000000000000E-99   1.00000000000000E-99
166   92     1.00000000000000E-99   1.00000000000000E-99
167   92     1.00000000000000E-99   1.00000000000000E-99
168   92     1.00000000000000E-99   1.00000000000000E-99
169   92     1.00000000000000E-99   1.00000000000000E-99
170   92     1.00000000000000E-99   1.00000000000000E-99
171   92     1.00000000000000E-99   1.00000000000000E-99
172   92     1.00000000000000E-99   1.00000000000000E-99
173   92     1.00000000000000E-99   1.00000000000000E-99
174   92     1.00000000000000E-99   1.00000000000000E-99
175   92     1.00000000000000E-99   1.00000000000000E-99
176   92     1.00000000000000E-99   1.00000000000000E-99
177   92     1.00000000000000E-99   1.00000000000000E-99
178   92     1.00000000000000E-99   1.00000000000000E-99
179   92     1.00000000000000E-99   1.00000000000000E-99
180   92     1.00000000000000E-99   1.00000000000000E-99
181   92     1.00000000000000E-99   1.00000000000000E-99
182   92     1.00000000000000E-99   1.00000000000000E-99
183   92     1.00000000000000E-99   1.00000000000000E-99
184   92     1.00000000000000E-99   1.00000000000000E-99
185   92     1.00000000000000E-99   1.00000000000000E-99
186   92     1.00000000000000E-99   1.00000000000000E-99
187   92     1.00000000000000E-99   1.00000000000000E-99
188   92     1.00000000000000E-99   1.00000000000000E-99
189   92     1.00000000000000E-99   1.00000000000000E-99
190   92     1.00000000000000E-99   1.00000000000000E-99
191   92     1.00000000000000E-99   1.00000000000000E-99
192   92     1.00000000000000E-99   1.00000000000000E-99
193   92     1.00000000000000E-99   1.00000000000000E-99
194   92     1.00000000000000E-99   1.00000000000000E-99
195   92     1.00000000000000E-99   1.00000000000000E-99
196   92     1.00000000000000E-99   1.00000000000000E-99
197   92     1.00000000000000E-99   1.00000000000000E-99
199   92     1.00000000000000E-99   1.00000000000000E-99
201   92     1.00000000000000E-99   1.00000000000000E-99
203   92     1.00000000000000E-99   1.00000000000000E-99
137   93     1.00000000000000E-99   1.00000000000000E-99
138   93     1.00000000000000E-99   1.00000000000000E-99
139   93     1.00000000000000E-99   1.00000000000000E-99
140   93     1.00000000000000E-99   1.00000000000000E-99
141   93     1.00000000000000E-99   1.00000000000000E-99
142   93     1.00000000000000E-99   1.00000000000000E-99
143   93     1.00000000000000E-99   1.00000000000000E-99
144   93     1.00000000000000E-99   1.00000000000000E-99
145   93     1.00000000000000E-99   1.00000000000000E-99
146   93     1.00000000000000E-99   1.00000000000000E-99
147   93     1.00000000000000E-99   1.00000000000000E-99
148   93     1.00000000000000E-99   1.00000000000000E-99
149   93     1.00000000000000E-99   1.00000000000000E-99
150   93     1.00000000000000E-99   1.00000000000000E-99
151   93     1.00000000000000E-99   1.00000000000000E-99
152   93     1.00000000000000E-99   1.00000000000000E-99
153   93     1.00000000000000E-99   1.00000000000000E-99
154   93     1.00000000000000E-99   1.00000000000000E-99
155   93     1.00000000000000E-99   1.00000000000000E-99
156   93     1.00000000000000E-99   1.00000000000000E-99
157   93     1.00000000000000E-99   1.00000000000000E-99
158   93     1.00000000000000E-99   1.00000000000000E-99
159   93     1.00000000000000E-99   1.00000000000000E-99
160   93     1.00000000000000E-99   1.00000000000000E-99
161   93     1.00000000000000E-99   1.00000000000000E-99
162   93     1.00000000000000E-99   1.00000000000000E-99
163   93     1.00000000000000E-99   1.00000000000000E-99
164   93     1.00000000000000E-99   1.00000000000000E-99
165   93     1.00000000000000E-99   1.00000000000000E-99
166   93     1.00000000000000E-99   1.00000000000000E-99
167   93     1.00000000000000E-99   1.00000000000000E-99
168   93     1.00000000000000E-99   1.00000000000000E-99
169   93     1.00000000000000E-99   1.00000000000000E-99
170   93     1.00000000000000E-99   1.00000000000000E-99
171   93     1.00000000000000E-99   1.00000000000000E-99
172   93     1.00000000000000E-99   1.00000000000000E-99
173   93     1.00000000000000E-99   1.00000000000000E-99
174   93     1.00000000000000E-99   1.00000000000000E-99
175   93     1.00000000000000E-99   1.00000000000000E-99
176   93     1.00000000000000E-99   1.00000000000000E-99
177   93     1.00000000000000E-99   1.00000000000000E-99
178   93     1.00000000000000E-99   1.00000000000000E-99
179   93     1.00000000000000E-99   1.00000000000000E-99
180   93     1.00000000000000E-99   1.00000000000000E-99
181   93     1.00000000000000E-99   1.00000000000000E-99
182   93     1.00000000000000E-99   1.00000000000000E-99
183   93     1.00000000000000E-99   1.00000000000000E-99
184   93     1.00000000000000E-99   1.00000000000000E-99
185   93     1.00000000000000E-99   1.00000000000000E-99
186   93     1.00000000000000E-99   1.00000000000000E-99
187   93     1.00000000000000E-99   1.00000000000000E-99
188   93     1.00000000000000E-99   1.00000000000000E-99
189   93     1.00000000000000E-99   1.00000000000000E-99
190   93     1.00000000000000E-99   1.00000000000000E-99
191   93     1.00000000000000E-99   1.00000000000000E-99
192   93     1.00000000000000E-99   1.00000000000000E-99
193   93     1.00000000000000E-99   1.00000000000000E-99
194   93     1.00000000000000E-99   1.00000000000000E-99
195   93     1.00000000000000E-99   1.00000000000000E-99
197   93     1.00000000000000E-99   1.00000000000000E-99
199   93     1.00000000000000E-99   1.00000000000000E-99
200   93     1.00000000000000E-99   1.00000000000000E-99
201   93     1.00000000000000E-99   1.00000000000000E-99
202   93     1.00000000000000E-99   1.00000000000000E-99
203   93     1.00000000000000E-99   1.00000000000000E-99
205   93     1.00000000000000E-99   1.00000000000000E-99
206   93     1.00000000000000E-99   1.00000000000000E-99
207   93     1.00000000000000E-99   1.00000000000000E-99
209   93     1.00000000000000E-99   1.00000000000000E-99
139   94     1.00000000000000E-99   1.00000000000000E-99
140   94     1.00000000000000E-99   1.00000000000000E-99
141   94     1.00000000000000E-99   1.00000000000000E-99
142   94     1.00000000000000E-99   1.00000000000000E-99
143   94     1.00000000000000E-99   1.00000000000000E-99
144   94     1.00000000000000E-99   1.00000000000000E-99
145   94     1.00000000000000E-99   1.00000000000000E-99
146   94     1.00000000000000E-99   1.00000000000000E-99
147   94     1.00000000000000E-99   1.00000000000000E-99
148   94     1.00000000000000E-99   1.00000000000000E-99
149   94     1.00000000000000E-99   1.00000000000000E-99
150   94     1.00000000000000E-99   1.00000000000000E-99
151   94     1.00000000000000E-99   1.00000000000000E-99
152   94     1.00000000000000E-99   1.00000000000000E-99
153   94     1.00000000000000E-99   1.00000000000000E-99
154   94     1.00000000000000E-99   1.00000000000000E-99
155   94     1.00000000000000E-99   1.00000000000000E-99
156   94     1.00000000000000E-99   1.00000000000000E-99
157   94     1.00000000000000E-99   1.00000000000000E-99
158   94     1.00000000000000E-99   1.00000000000000E-99
159   94     1.00000000000000E-99   1.00000000000000E-99
160   94     1.00000000000000E-99   1.00000000000000E-99
161   94     1.00000000000000E-99   1.00000000000000E-99
162   94     1.00000000000000E-99   1.00000000000000E-99
163   94     1.00000000000000E-99   1.00000000000000E-99
164   94     1.00000000000000E-99   1.00000000000000E-99
165   94     1.00000000000000E-99   1.00000000000000E-99
166   94     1.00000000000000E-99   1.00000000000000E-99
167   94     1.00000000000000E-99   1.00000000000000E-99
168   94     1.00000000000000E-99   1.00000000000000E-99
169   94     1.00000000000000E-99   1.00000000000000E-99
170   94     1.00000000000000E-99   1.00000000000000E-99
171   94     1.00000000000000E-99   1.00000000000000E-99
172   94     1.00000000000000E-99   1.00000000000000E-99
173   94     1.00000000000000E-99   1.00000000000000E-99
174   94     1.00000000000000E-99   1.00000000000000E-99
175   94     1.00000000000000E-99   1.00000000000000E-99
176   94     1.00000000000000E-99   1.00000000000000E-99
177   94     1.00000000000000E-99   1.00000000000000E-99
178   94     1.00000000000000E-99   1.00000000000000E-99
179   94     1.00000000000000E-99   1.00000000000000E-99
180   94     1.00000000000000E-99   1.00000000000000E-99
181   94     1.00000000000000E-99   1.00000000000000E-99
182   94     1.00000000000000E-99   1.00000000000000E-99
183   94     1.00000000000000E-99   1.00000000000000E-99
184   94     1.00000000000000E-99   1.00000000000000E-99
185   94     1.00000000000000E-99   1.00000000000000E-99
186   94     1.00000000000000E-99   1.00000000000000E-99
187   94     1.00000000000000E-99   1.00000000000000E-99
188   94     1.00000000000000E-99   1.00000000000000E-99
189   94     1.00000000000000E-99   1.00000000000000E-99
190   94     1.00000000000000E-99   1.00000000000000E-99
191   94     1.00000000000000E-99   1.00000000000000E-99
192   94     1.00000000000000E-99   1.00000000000000E-99
193   94     1.00000000000000E-99   1.00000000000000E-99
194   94     1.00000000000000E-99   1.00000000000000E-99
195   94     1.00000000000000E-99   1.00000000000000E-99
196   94     1.00000000000000E-99   1.00000000000000E-99
197   94     1.00000000000000E-99   1.00000000000000E-99
198   94     1.00000000000000E-99   1.00000000000000E-99
199   94     1.00000000000000E-99   1.00000000000000E-99
200   94     1.00000000000000E-99   1.00000000000000E-99
201   94     1.00000000000000E-99   1.00000000000000E-99
203   94     1.00000000000000E-99   1.00000000000000E-99
205   94     1.00000000000000E-99   1.00000000000000E-99
207   94     1.00000000000000E-99   1.00000000000000E-99
209   94     1.00000000000000E-99   1.00000000000000E-99
141   95     1.00000000000000E-99   1.00000000000000E-99
142   95     1.00000000000000E-99   1.00000000000000E-99
143   95     1.00000000000000E-99   1.00000000000000E-99
144   95     1.00000000000000E-99   1.00000000000000E-99
145   95     1.00000000000000E-99   1.00000000000000E-99
146   95     1.00000000000000E-99   1.00000000000000E-99
147   95     1.00000000000000E-99   1.00000000000000E-99
148   95     1.00000000000000E-99   1.00000000000000E-99
149   95     1.00000000000000E-99   1.00000000000000E-99
150   95     1.00000000000000E-99   1.00000000000000E-99
151   95     1.00000000000000E-99   1.00000000000000E-99
152   95     1.00000000000000E-99   1.00000000000000E-99
153   95     1.00000000000000E-99   1.00000000000000E-99
154   95     1.00000000000000E-99   1.00000000000000E-99
155   95     1.00000000000000E-99   1.00000000000000E-99
156   95     1.00000000000000E-99   1.00000000000000E-99
157   95     1.00000000000000E-99   1.00000000000000E-99
158   95     1.00000000000000E-99   1.00000000000000E-99
159   95     1.00000000000000E-99   1.00000000000000E-99
160   95     1.00000000000000E-99   1.00000000000000E-99
161   95     1.00000000000000E-99   1.00000000000000E-99
162   95     1.00000000000000E-99   1.00000000000000E-99
163   95     1.00000000000000E-99   1.00000000000000E-99
164   95     1.00000000000000E-99   1.00000000000000E-99
165   95     1.00000000000000E-99   1.00000000000000E-99
166   95     1.00000000000000E-99   1.00000000000000E-99
167   95     1.00000000000000E-99   1.00000000000000E-99
168   95     1.00000000000000E-99   1.00000000000000E-99
169   95     1.00000000000000E-99   1.00000000000000E-99
170   95     1.00000000000000E-99   1.00000000000000E-99
171   95     1.00000000000000E-99   1.00000000000000E-99
172   95     1.00000000000000E-99   1.00000000000000E-99
173   95     1.00000000000000E-99   1.00000000000000E-99
174   95     1.00000000000000E-99   1.00000000000000E-99
175   95     1.00000000000000E-99   1.00000000000000E-99
176   95     1.00000000000000E-99   1.00000000000000E-99
177   95     1.00000000000000E-99   1.00000000000000E-99
178   95     1.00000000000000E-99   1.00000000000000E-99
179   95     1.00000000000000E-99   1.00000000000000E-99
180   95     1.00000000000000E-99   1.00000000000000E-99
181   95     1.00000000000000E-99   1.00000000000000E-99
182   95     1.00000000000000E-99   1.00000000000000E-99
183   95     1.00000000000000E-99   1.00000000000000E-99
184   95     1.00000000000000E-99   1.00000000000000E-99
185   95     1.00000000000000E-99   1.00000000000000E-99
186   95     1.00000000000000E-99   1.00000000000000E-99
187   95     1.00000000000000E-99   1.00000000000000E-99
188   95     1.00000000000000E-99   1.00000000000000E-99
189   95     1.00000000000000E-99   1.00000000000000E-99
190   95     1.00000000000000E-99   1.00000000000000E-99
191   95     1.00000000000000E-99   1.00000000000000E-99
192   95     1.00000000000000E-99   1.00000000000000E-99
193   95     1.00000000000000E-99   1.00000000000000E-99
194   95     1.00000000000000E-99   1.00000000000000E-99
195   95     1.00000000000000E-99   1.00000000000000E-99
196   95     1.00000000000000E-99   1.00000000000000E-99
197   95     1.00000000000000E-99   1.00000000000000E-99
198   95     1.00000000000000E-99   1.00000000000000E-99
199   95     1.00000000000000E-99   1.00000000000000E-99
200   95     1.00000000000000E-99   1.00000000000000E-99
201   95     1.00000000000000E-99   1.00000000000000E-99
202   95     1.00000000000000E-99   1.00000000000000E-99
203   95     1.00000000000000E-99   1.00000000000000E-99
204   95     1.00000000000000E-99   1.00000000000000E-99
205   95     1.00000000000000E-99   1.00000000000000E-99
206   95     1.00000000000000E-99   1.00000000000000E-99
207   95     1.00000000000000E-99   1.00000000000000E-99
208   95     1.00000000000000E-99   1.00000000000000E-99
209   95     1.00000000000000E-99   1.00000000000000E-99
211   95     1.00000000000000E-99   1.00000000000000E-99
213   95     1.00000000000000E-99   1.00000000000000E-99
144   96     1.00000000000000E-99   1.00000000000000E-99
145   96     1.00000000000000E-99   1.00000000000000E-99
146   96     1.00000000000000E-99   1.00000000000000E-99
147   96     1.00000000000000E-99   1.00000000000000E-99
148   96     1.00000000000000E-99   1.00000000000000E-99
149   96     1.00000000000000E-99   1.00000000000000E-99
150   96     1.00000000000000E-99   1.00000000000000E-99
151   96     1.00000000000000E-99   1.00000000000000E-99
152   96     1.00000000000000E-99   1.00000000000000E-99
153   96     1.00000000000000E-99   1.00000000000000E-99
154   96     1.00000000000000E-99   1.00000000000000E-99
155   96     1.00000000000000E-99   1.00000000000000E-99
156   96     1.00000000000000E-99   1.00000000000000E-99
157   96     1.00000000000000E-99   1.00000000000000E-99
158   96     1.00000000000000E-99   1.00000000000000E-99
159   96     1.00000000000000E-99   1.00000000000000E-99
160   96     1.00000000000000E-99   1.00000000000000E-99
161   96     1.00000000000000E-99   1.00000000000000E-99
162   96     1.00000000000000E-99   1.00000000000000E-99
163   96     1.00000000000000E-99   1.00000000000000E-99
164   96     1.00000000000000E-99   1.00000000000000E-99
165   96     1.00000000000000E-99   1.00000000000000E-99
166   96     1.00000000000000E-99   1.00000000000000E-99
167   96     1.00000000000000E-99   1.00000000000000E-99
168   96     1.00000000000000E-99   1.00000000000000E-99
169   96     1.00000000000000E-99   1.00000000000000E-99
170   96     1.00000000000000E-99   1.00000000000000E-99
171   96     1.00000000000000E-99   1.00000000000000E-99
172   96     1.00000000000000E-99   1.00000000000000E-99
173   96     1.00000000000000E-99   1.00000000000000E-99
174   96     1.00000000000000E-99   1.00000000000000E-99
175   96     1.00000000000000E-99   1.00000000000000E-99
176   96     1.00000000000000E-99   1.00000000000000E-99
177   96     1.00000000000000E-99   1.00000000000000E-99
178   96     1.00000000000000E-99   1.00000000000000E-99
179   96     1.00000000000000E-99   1.00000000000000E-99
180   96     1.00000000000000E-99   1.00000000000000E-99
181   96     1.00000000000000E-99   1.00000000000000E-99
182   96     1.00000000000000E-99   1.00000000000000E-99
183   96     1.00000000000000E-99   1.00000000000000E-99
184   96     1.00000000000000E-99   1.00000000000000E-99
185   96     1.00000000000000E-99   1.00000000000000E-99
186   96     1.00000000000000E-99   1.00000000000000E-99
187   96     1.00000000000000E-99   1.00000000000000E-99
188   96     1.00000000000000E-99   1.00000000000000E-99
189   96     1.00000000000000E-99   1.00000000000000E-99
190   96     1.00000000000000E-99   1.00000000000000E-99
191   96     1.00000000000000E-99   1.00000000000000E-99
192   96     1.00000000000000E-99   1.00000000000000E-99
193   96     1.00000000000000E-99   1.00000000000000E-99
194   96     1.00000000000000E-99   1.00000000000000E-99
195   96     1.00000000000000E-99   1.00000000000000E-99
196   96     1.00000000000000E-99   1.00000000000000E-99
197   96     1.00000000000000E-99   1.00000000000000E-99
198   96     1.00000000000000E-99   1.00000000000000E-99
199   96     1.00000000000000E-99   1.00000000000000E-99
200   96     1.00000000000000E-99   1.00000000000000E-99
201   96     1.00000000000000E-99   1.00000000000000E-99
202   96     1.00000000000000E-99   1.00000000000000E-99
203   96     1.00000000000000E-99   1.00000000000000E-99
204   96     1.00000000000000E-99   1.00000000000000E-99
205   96     1.00000000000000E-99   1.00000000000000E-99
206   96     1.00000000000000E-99   1.00000000000000E-99
207   96     1.00000000000000E-99   1.00000000000000E-99
208   96     1.00000000000000E-99   1.00000000000000E-99
209   96     1.00000000000000E-99   1.00000000000000E-99
211   96     1.00000000000000E-99   1.00000000000000E-99
213   96     1.00000000000000E-99   1.00000000000000E-99
215   96     1.00000000000000E-99   1.00000000000000E-99
145   97     1.00000000000000E-99   1.00000000000000E-99
146   97     1.00000000000000E-99   1.00000000000000E-99
147   97     1.00000000000000E-99   1.00000000000000E-99
148   97     1.00000000000000E-99   1.00000000000000E-99
149   97     1.00000000000000E-99   1.00000000000000E-99
150   97     1.00000000000000E-99   1.00000000000000E-99
151   97     1.00000000000000E-99   1.00000000000000E-99
152   97     1.00000000000000E-99   1.00000000000000E-99
153   97     1.00000000000000E-99   1.00000000000000E-99
154   97     1.00000000000000E-99   1.00000000000000E-99
155   97     1.00000000000000E-99   1.00000000000000E-99
156   97     1.00000000000000E-99   1.00000000000000E-99
157   97     1.00000000000000E-99   1.00000000000000E-99
158   97     1.00000000000000E-99   1.00000000000000E-99
159   97     1.00000000000000E-99   1.00000000000000E-99
160   97     1.00000000000000E-99   1.00000000000000E-99
161   97     1.00000000000000E-99   1.00000000000000E-99
162   97     1.00000000000000E-99   1.00000000000000E-99
163   97     1.00000000000000E-99   1.00000000000000E-99
164   97     1.00000000000000E-99   1.00000000000000E-99
165   97     1.00000000000000E-99   1.00000000000000E-99
166   97     1.00000000000000E-99   1.00000000000000E-99
167   97     1.00000000000000E-99   1.00000000000000E-99
168   97     1.00000000000000E-99   1.00000000000000E-99
169   97     1.00000000000000E-99   1.00000000000000E-99
170   97     1.00000000000000E-99   1.00000000000000E-99
171   97     1.00000000000000E-99   1.00000000000000E-99
172   97     1.00000000000000E-99   1.00000000000000E-99
173   97     1.00000000000000E-99   1.00000000000000E-99
174   97     1.00000000000000E-99   1.00000000000000E-99
175   97     1.00000000000000E-99   1.00000000000000E-99
176   97     1.00000000000000E-99   1.00000000000000E-99
177   97     1.00000000000000E-99   1.00000000000000E-99
178   97     1.00000000000000E-99   1.00000000000000E-99
179   97     1.00000000000000E-99   1.00000000000000E-99
180   97     1.00000000000000E-99   1.00000000000000E-99
181   97     1.00000000000000E-99   1.00000000000000E-99
182   97     1.00000000000000E-99   1.00000000000000E-99
183   97     1.00000000000000E-99   1.00000000000000E-99
184   97     1.00000000000000E-99   1.00000000000000E-99
185   97     1.00000000000000E-99   1.00000000000000E-99
186   97     1.00000000000000E-99   1.00000000000000E-99
187   97     1.00000000000000E-99   1.00000000000000E-99
188   97     1.00000000000000E-99   1.00000000000000E-99
189   97     1.00000000000000E-99   1.00000000000000E-99
190   97     1.00000000000000E-99   1.00000000000000E-99
191   97     1.00000000000000E-99   1.00000000000000E-99
192   97     1.00000000000000E-99   1.00000000000000E-99
193   97     1.00000000000000E-99   1.00000000000000E-99
194   97     1.00000000000000E-99   1.00000000000000E-99
195   97     1.00000000000000E-99   1.00000000000000E-99
196   97     1.00000000000000E-99   1.00000000000000E-99
197   97     1.00000000000000E-99   1.00000000000000E-99
198   97     1.00000000000000E-99   1.00000000000000E-99
199   97     1.00000000000000E-99   1.00000000000000E-99
200   97     1.00000000000000E-99   1.00000000000000E-99
201   97     1.00000000000000E-99   1.00000000000000E-99
202   97     1.00000000000000E-99   1.00000000000000E-99
203   97     1.00000000000000E-99   1.00000000000000E-99
204   97     1.00000000000000E-99   1.00000000000000E-99
205   97     1.00000000000000E-99   1.00000000000000E-99
206   97     1.00000000000000E-99   1.00000000000000E-99
207   97     1.00000000000000E-99   1.00000000000000E-99
208   97     1.00000000000000E-99   1.00000000000000E-99
209   97     1.00000000000000E-99   1.00000000000000E-99
210   97     1.00000000000000E-99   1.00000000000000E-99
211   97     1.00000000000000E-99   1.00000000000000E-99
213   97     1.00000000000000E-99   1.00000000000000E-99
215   97     1.00000000000000E-99   1.00000000000000E-99
217   97     1.00000000000000E-99   1.00000000000000E-99
147   98     1.00000000000000E-99   1.00000000000000E-99
148   98     1.00000000000000E-99   1.00000000000000E-99
149   98     1.00000000000000E-99   1.00000000000000E-99
150   98     1.00000000000000E-99   1.00000000000000E-99
151   98     1.00000000000000E-99   1.00000000000000E-99
152   98     1.00000000000000E-99   1.00000000000000E-99
153   98     1.00000000000000E-99   1.00000000000000E-99
154   98     1.00000000000000E-99   1.00000000000000E-99
155   98     1.00000000000000E-99   1.00000000000000E-99
156   98     1.00000000000000E-99   1.00000000000000E-99
157   98     1.00000000000000E-99   1.00000000000000E-99
158   98     1.00000000000000E-99   1.00000000000000E-99
159   98     1.00000000000000E-99   1.00000000000000E-99
160   98     1.00000000000000E-99   1.00000000000000E-99
161   98     1.00000000000000E-99   1.00000000000000E-99
162   98     1.00000000000000E-99   1.00000000000000E-99
163   98     1.00000000000000E-99   1.00000000000000E-99
164   98     1.00000000000000E-99   1.00000000000000E-99
165   98     1.00000000000000E-99   1.00000000000000E-99
166   98     1.00000000000000E-99   1.00000000000000E-99
167   98     1.00000000000000E-99   1.00000000000000E-99
168   98     1.00000000000000E-99   1.00000000000000E-99
169   98     1.00000000000000E-99   1.00000000000000E-99
170   98     1.00000000000000E-99   1.00000000000000E-99
171   98     1.00000000000000E-99   1.00000000000000E-99
172   98     1.00000000000000E-99   1.00000000000000E-99
173   98     1.00000000000000E-99   1.00000000000000E-99
174   98     1.00000000000000E-99   1.00000000000000E-99
175   98     1.00000000000000E-99   1.00000000000000E-99
176   98     1.00000000000000E-99   1.00000000000000E-99
177   98     1.00000000000000E-99   1.00000000000000E-99
178   98     1.00000000000000E-99   1.00000000000000E-99
179   98     1.00000000000000E-99   1.00000000000000E-99
180   98     1.00000000000000E-99   1.00000000000000E-99
181   98     1.00000000000000E-99   1.00000000000000E-99
182   98     1.00000000000000E-99   1.00000000000000E-99
183   98     1.00000000000000E-99   1.00000000000000E-99
184   98     1.00000000000000E-99   1.00000000000000E-99
185   98     1.00000000000000E-99   1.00000000000000E-99
186   98     1.00000000000000E-99   1.00000000000000E-99
187   98     1.00000000000000E-99   1.00000000000000E-99
188   98     1.00000000000000E-99   1.00000000000000E-99
189   98     1.00000000000000E-99   1.00000000000000E-99
190   98     1.00000000000000E-99   1.00000000000000E-99
191   98     1.00000000000000E-99   1.00000000000000E-99
192   98     1.00000000000000E-99   1.00000000000000E-99
193   98     1.00000000000000E-99   1.00000000000000E-99
194   98     1.00000000000000E-99   1.00000000000000E-99
195   98     1.00000000000000E-99   1.00000000000000E-99
196   98     1.00000000000000E-99   1.00000000000000E-99
197   98     1.00000000000000E-99   1.00000000000000E-99
198   98     1.00000000000000E-99   1.00000000000000E-99
199   98     1.00000000000000E-99   1.00000000000000E-99
200   98     1.00000000000000E-99   1.00000000000000E-99
201   98     1.00000000000000E-99   1.00000000000000E-99
202   98     1.00000000000000E-99   1.00000000000000E-99
203   98     1.00000000000000E-99   1.00000000000000E-99
204   98     1.00000000000000E-99   1.00000000000000E-99
205   98     1.00000000000000E-99   1.00000000000000E-99
206   98     1.00000000000000E-99   1.00000000000000E-99
207   98     1.00000000000000E-99   1.00000000000000E-99
208   98     1.00000000000000E-99   1.00000000000000E-99
209   98     1.00000000000000E-99   1.00000000000000E-99
210   98     1.00000000000000E-99   1.00000000000000E-99
211   98     1.00000000000000E-99   1.00000000000000E-99
213   98     1.00000000000000E-99   1.00000000000000E-99
215   98     1.00000000000000E-99   1.00000000000000E-99
217   98     1.00000000000000E-99   1.00000000000000E-99
219   98     1.00000000000000E-99   1.00000000000000E-99
221   98     1.00000000000000E-99   1.00000000000000E-99
149   99     1.00000000000000E-99   1.00000000000000E-99
150   99     1.00000000000000E-99   1.00000000000000E-99
151   99     1.00000000000000E-99   1.00000000000000E-99
152   99     1.00000000000000E-99   1.00000000000000E-99
153   99     1.00000000000000E-99   1.00000000000000E-99
154   99     1.00000000000000E-99   1.00000000000000E-99
155   99     1.00000000000000E-99   1.00000000000000E-99
156   99     1.00000000000000E-99   1.00000000000000E-99
157   99     1.00000000000000E-99   1.00000000000000E-99
158   99     1.00000000000000E-99   1.00000000000000E-99
159   99     1.00000000000000E-99   1.00000000000000E-99
160   99     1.00000000000000E-99   1.00000000000000E-99
161   99     1.00000000000000E-99   1.00000000000000E-99
162   99     1.00000000000000E-99   1.00000000000000E-99
163   99     1.00000000000000E-99   1.00000000000000E-99
164   99     1.00000000000000E-99   1.00000000000000E-99
165   99     1.00000000000000E-99   1.00000000000000E-99
166   99     1.00000000000000E-99   1.00000000000000E-99
167   99     1.00000000000000E-99   1.00000000000000E-99
168   99     1.00000000000000E-99   1.00000000000000E-99
169   99     1.00000000000000E-99   1.00000000000000E-99
170   99     1.00000000000000E-99   1.00000000000000E-99
171   99     1.00000000000000E-99   1.00000000000000E-99
172   99     1.00000000000000E-99   1.00000000000000E-99
173   99     1.00000000000000E-99   1.00000000000000E-99
174   99     1.00000000000000E-99   1.00000000000000E-99
175   99     1.00000000000000E-99   1.00000000000000E-99
176   99     1.00000000000000E-99   1.00000000000000E-99
177   99     1.00000000000000E-99   1.00000000000000E-99
178   99     1.00000000000000E-99   1.00000000000000E-99
179   99     1.00000000000000E-99   1.00000000000000E-99
180   99     1.00000000000000E-99   1.00000000000000E-99
181   99     1.00000000000000E-99   1.00000000000000E-99
182   99     1.00000000000000E-99   1.00000000000000E-99
183   99     1.00000000000000E-99   1.00000000000000E-99
184   99     1.00000000000000E-99   1.00000000000000E-99
185   99     1.00000000000000E-99   1.00000000000000E-99
186   99     1.00000000000000E-99   1.00000000000000E-99
187   99     1.00000000000000E-99   1.00000000000000E-99
188   99     1.00000000000000E-99   1.00000000000000E-99
189   99     1.00000000000000E-99   1.00000000000000E-99
190   99     1.00000000000000E-99   1.00000000000000E-99
191   99     1.00000000000000E-99   1.00000000000000E-99
192   99     1.00000000000000E-99   1.00000000000000E-99
193   99     1.00000000000000E-99   1.00000000000000E-99
194   99     1.00000000000000E-99   1.00000000000000E-99
195   99     1.00000000000000E-99   1.00000000000000E-99
196   99     1.00000000000000E-99   1.00000000000000E-99
197   99     1.00000000000000E-99   1.00000000000000E-99
198   99     1.00000000000000E-99   1.00000000000000E-99
199   99     1.00000000000000E-99   1.00000000000000E-99
200   99     1.00000000000000E-99   1.00000000000000E-99
201   99     1.00000000000000E-99   1.00000000000000E-99
202   99     1.00000000000000E-99   1.00000000000000E-99
203   99     1.00000000000000E-99   1.00000000000000E-99
204   99     1.00000000000000E-99   1.00000000000000E-99
205   99     1.00000000000000E-99   1.00000000000000E-99
206   99     1.00000000000000E-99   1.00000000000000E-99
207   99     1.00000000000000E-99   1.00000000000000E-99
208   99     1.00000000000000E-99   1.00000000000000E-99
209   99     1.00000000000000E-99   1.00000000000000E-99
210   99     1.00000000000000E-99   1.00000000000000E-99
211   99     1.00000000000000E-99   1.00000000000000E-99
212   99     1.00000000000000E-99   1.00000000000000E-99
213   99     1.00000000000000E-99   1.00000000000000E-99
215   99     1.00000000000000E-99   1.00000000000000E-99
216   99     1.00000000000000E-99   1.00000000000000E-99
217   99     1.00000000000000E-99   1.00000000000000E-99
219   99     1.00000000000000E-99   1.00000000000000E-99
221   99     1.00000000000000E-99   1.00000000000000E-99
223   99     1.00000000000000E-99   1.00000000000000E-99
151  100     1.00000000000000E-99   1.00000000000000E-99
152  100     1.00000000000000E-99   1.00000000000000E-99
153  100     1.00000000000000E-99   1.00000000000000E-99
154  100     1.00000000000000E-99   1.00000000000000E-99
155  100     1.00000000000000E-99   1.00000000000000E-99
156  100     1.00000000000000E-99   1.00000000000000E-99
157  100     1.00000000000000E-99   1.00000000000000E-99
158  100     1.00000000000000E-99   1.00000000000000E-99
159  100     1.00000000000000E-99   1.00000000000000E-99
160  100     1.00000000000000E-99   1.00000000000000E-99
161  100     1.00000000000000E-99   1.00000000000000E-99
162  100     1.00000000000000E-99   1.00000000000000E-99
163  100     1.00000000000000E-99   1.00000000000000E-99
164  100     1.00000000000000E-99   1.00000000000000E-99
165  100     1.00000000000000E-99   1.00000000000000E-99
166  100     1.00000000000000E-99   1.00000000000000E-99
167  100     1.00000000000000E-99   1.00000000000000E-99
168  100     1.00000000000000E-99   1.00000000000000E-99
169  100     1.00000000000000E-99   1.00000000000000E-99
170  100     1.00000000000000E-99   1.00000000000000E-99
171  100     1.00000000000000E-99   1.00000000000000E-99
172  100     1.00000000000000E-99   1.00000000000000E-99
173  100     1.00000000000000E-99   1.00000000000000E-99
174  100     1.00000000000000E-99   1.00000000000000E-99
175  100     1.00000000000000E-99   1.00000000000000E-99
176  100     1.00000000000000E-99   1.00000000000000E-99
177  100     1.00000000000000E-99   1.00000000000000E-99
178  100     1.00000000000000E-99   1.00000000000000E-99
179  100     1.00000000000000E-99   1.00000000000000E-99
180  100     1.00000000000000E-99   1.00000000000000E-99
181  100     1.00000000000000E-99   1.00000000000000E-99
182  100     1.00000000000000E-99   1.00000000000000E-99
183  100     1.00000000000000E-99   1.00000000000000E-99
184  100     1.00000000000000E-99   1.00000000000000E-99
185  100     1.00000000000000E-99   1.00000000000000E-99
186  100     1.00000000000000E-99   1.00000000000000E-99
187  100     1.00000000000000E-99   1.00000000000000E-99
188  100     1.00000000000000E-99   1.00000000000000E-99
189  100     1.00000000000000E-99   1.00000000000000E-99
190  100     1.00000000000000E-99   1.00000000000000E-99
191  100     1.00000000000000E-99   1.00000000000000E-99
192  100     1.00000000000000E-99   1.00000000000000E-99
193  100     1.00000000000000E-99   1.00000000000000E-99
194  100     1.00000000000000E-99   1.00000000000000E-99
195  100     1.00000000000000E-99   1.00000000000000E-99
196  100     1.00000000000000E-99   1.00000000000000E-99
197  100     1.00000000000000E-99   1.00000000000000E-99
198  100     1.00000000000000E-99   1.00000000000000E-99
199  100     1.00000000000000E-99   1.00000000000000E-99
200  100     1.00000000000000E-99   1.00000000000000E-99
201  100     1.00000000000000E-99   1.00000000000000E-99
202  100     1.00000000000000E-99   1.00000000000000E-99
203  100     1.00000000000000E-99   1.00000000000000E-99
204  100     1.00000000000000E-99   1.00000000000000E-99
205  100     1.00000000000000E-99   1.00000000000000E-99
206  100     1.00000000000000E-99   1.00000000000000E-99
207  100     1.00000000000000E-99   1.00000000000000E-99
208  100     1.00000000000000E-99   1.00000000000000E-99
209  100     1.00000000000000E-99   1.00000000000000E-99
210  100     1.00000000000000E-99   1.00000000000000E-99
211  100     1.00000000000000E-99   1.00000000000000E-99
213  100     1.00000000000000E-99   1.00000000000000E-99
215  100     1.00000000000000E-99   1.00000000000000E-99
217  100     1.00000000000000E-99   1.00000000000000E-99
218  100     1.00000000000000E-99   1.00000000000000E-99
219  100     1.00000000000000E-99   1.00000000000000E-99
221  100     1.00000000000000E-99   1.00000000000000E-99
223  100     1.00000000000000E-99   1.00000000000000E-99
225  100     1.00000000000000E-99   1.00000000000000E-99
152  101     1.00000000000000E-99   1.00000000000000E-99
153  101     1.00000000000000E-99   1.00000000000000E-99
154  101     1.00000000000000E-99   1.00000000000000E-99
155  101     1.00000000000000E-99   1.00000000000000E-99
156  101     1.00000000000000E-99   1.00000000000000E-99
157  101     1.00000000000000E-99   1.00000000000000E-99
158  101     1.00000000000000E-99   1.00000000000000E-99
159  101     1.00000000000000E-99   1.00000000000000E-99
160  101     1.00000000000000E-99   1.00000000000000E-99
161  101     1.00000000000000E-99   1.00000000000000E-99
162  101     1.00000000000000E-99   1.00000000000000E-99
163  101     1.00000000000000E-99   1.00000000000000E-99
164  101     1.00000000000000E-99   1.00000000000000E-99
165  101     1.00000000000000E-99   1.00000000000000E-99
166  101     1.00000000000000E-99   1.00000000000000E-99
167  101     1.00000000000000E-99   1.00000000000000E-99
168  101     1.00000000000000E-99   1.00000000000000E-99
169  101     1.00000000000000E-99   1.00000000000000E-99
170  101     1.00000000000000E-99   1.00000000000000E-99
171  101     1.00000000000000E-99   1.00000000000000E-99
172  101     1.00000000000000E-99   1.00000000000000E-99
173  101     1.00000000000000E-99   1.00000000000000E-99
174  101     1.00000000000000E-99   1.00000000000000E-99
175  101     1.00000000000000E-99   1.00000000000000E-99
176  101     1.00000000000000E-99   1.00000000000000E-99
177  101     1.00000000000000E-99   1.00000000000000E-99
178  101     1.00000000000000E-99   1.00000000000000E-99
179  101     1.00000000000000E-99   1.00000000000000E-99
180  101     1.00000000000000E-99   1.00000000000000E-99
181  101     1.00000000000000E-99   1.00000000000000E-99
182  101     1.00000000000000E-99   1.00000000000000E-99
183  101     1.00000000000000E-99   1.00000000000000E-99
184  101     1.00000000000000E-99   1.00000000000000E-99
185  101     1.00000000000000E-99   1.00000000000000E-99
186  101     1.00000000000000E-99   1.00000000000000E-99
187  101     1.00000000000000E-99   1.00000000000000E-99
188  101     1.00000000000000E-99   1.00000000000000E-99
189  101     1.00000000000000E-99   1.00000000000000E-99
190  101     1.00000000000000E-99   1.00000000000000E-99
191  101     1.00000000000000E-99   1.00000000000000E-99
192  101     1.00000000000000E-99   1.00000000000000E-99
193  101     1.00000000000000E-99   1.00000000000000E-99
194  101     1.00000000000000E-99   1.00000000000000E-99
195  101     1.00000000000000E-99   1.00000000000000E-99
196  101     1.00000000000000E-99   1.00000000000000E-99
197  101     1.00000000000000E-99   1.00000000000000E-99
198  101     1.00000000000000E-99   1.00000000000000E-99
199  101     1.00000000000000E-99   1.00000000000000E-99
200  101     1.00000000000000E-99   1.00000000000000E-99
201  101     1.00000000000000E-99   1.00000000000000E-99
202  101     1.00000000000000E-99   1.00000000000000E-99
203  101     1.00000000000000E-99   1.00000000000000E-99
204  101     1.00000000000000E-99   1.00000000000000E-99
205  101     1.00000000000000E-99   1.00000000000000E-99
206  101     1.00000000000000E-99   1.00000000000000E-99
207  101     1.00000000000000E-99   1.00000000000000E-99
208  101     1.00000000000000E-99   1.00000000000000E-99
209  101     1.00000000000000E-99   1.00000000000000E-99
210  101     1.00000000000000E-99   1.00000000000000E-99
211  101     1.00000000000000E-99   1.00000000000000E-99
212  101     1.00000000000000E-99   1.00000000000000E-99
213  101     1.00000000000000E-99   1.00000000000000E-99
214  101     1.00000000000000E-99   1.00000000000000E-99
215  101     1.00000000000000E-99   1.00000000000000E-99
216  101     1.00000000000000E-99   1.00000000000000E-99
217  101     1.00000000000000E-99   1.00000000000000E-99
218  101     1.00000000000000E-99   1.00000000000000E-99
219  101     1.00000000000000E-99   1.00000000000000E-99
220  101     1.00000000000000E-99   1.00000000000000E-99
221  101     1.00000000000000E-99   1.00000000000000E-99
223  101     1.00000000000000E-99   1.00000000000000E-99
225  101     1.00000000000000E-99   1.00000000000000E-99
227  101     1.00000000000000E-99   1.00000000000000E-99
152  102     1.00000000000000E-99   1.00000000000000E-99
153  102     1.00000000000000E-99   1.00000000000000E-99
154  102     1.00000000000000E-99   1.00000000000000E-99
155  102     1.00000000000000E-99   1.00000000000000E-99
156  102     1.00000000000000E-99   1.00000000000000E-99
157  102     1.00000000000000E-99   1.00000000000000E-99
158  102     1.00000000000000E-99   1.00000000000000E-99
159  102     1.00000000000000E-99   1.00000000000000E-99
160  102     1.00000000000000E-99   1.00000000000000E-99
161  102     1.00000000000000E-99   1.00000000000000E-99
162  102     1.00000000000000E-99   1.00000000000000E-99
163  102     1.00000000000000E-99   1.00000000000000E-99
164  102     1.00000000000000E-99   1.00000000000000E-99
165  102     1.00000000000000E-99   1.00000000000000E-99
166  102     1.00000000000000E-99   1.00000000000000E-99
167  102     1.00000000000000E-99   1.00000000000000E-99
168  102     1.00000000000000E-99   1.00000000000000E-99
169  102     1.00000000000000E-99   1.00000000000000E-99
170  102     1.00000000000000E-99   1.00000000000000E-99
171  102     1.00000000000000E-99   1.00000000000000E-99
172  102     1.00000000000000E-99   1.00000000000000E-99
173  102     1.00000000000000E-99   1.00000000000000E-99
174  102     1.00000000000000E-99   1.00000000000000E-99
175  102     1.00000000000000E-99   1.00000000000000E-99
176  102     1.00000000000000E-99   1.00000000000000E-99
177  102     1.00000000000000E-99   1.00000000000000E-99
178  102     1.00000000000000E-99   1.00000000000000E-99
179  102     1.00000000000000E-99   1.00000000000000E-99
180  102     1.00000000000000E-99   1.00000000000000E-99
181  102     1.00000000000000E-99   1.00000000000000E-99
182  102     1.00000000000000E-99   1.00000000000000E-99
183  102     1.00000000000000E-99   1.00000000000000E-99
184  102     1.00000000000000E-99   1.00000000000000E-99
185  102     1.00000000000000E-99   1.00000000000000E-99
186  102     1.00000000000000E-99   1.00000000000000E-99
187  102     1.00000000000000E-99   1.00000000000000E-99
188  102     1.00000000000000E-99   1.00000000000000E-99
189  102     1.00000000000000E-99   1.00000000000000E-99
190  102     1.00000000000000E-99   1.00000000000000E-99
191  102     1.00000000000000E-99   1.00000000000000E-99
192  102     1.00000000000000E-99   1.00000000000000E-99
193  102     1.00000000000000E-99   1.00000000000000E-99
194  102     1.00000000000000E-99   1.00000000000000E-99
195  102     1.00000000000000E-99   1.00000000000000E-99
196  102     1.00000000000000E-99   1.00000000000000E-99
197  102     1.00000000000000E-99   1.00000000000000E-99
198  102     1.00000000000000E-99   1.00000000000000E-99
199  102     1.00000000000000E-99   1.00000000000000E-99
200  102     1.00000000000000E-99   1.00000000000000E-99
201  102     1.00000000000000E-99   1.00000000000000E-99
202  102     1.00000000000000E-99   1.00000000000000E-99
203  102     1.00000000000000E-99   1.00000000000000E-99
204  102     1.00000000000000E-99   1.00000000000000E-99
205  102     1.00000000000000E-99   1.00000000000000E-99
206  102     1.00000000000000E-99   1.00000000000000E-99
207  102     1.00000000000000E-99   1.00000000000000E-99
208  102     1.00000000000000E-99   1.00000000000000E-99
209  102     1.00000000000000E-99   1.00000000000000E-99
210  102     1.00000000000000E-99   1.00000000000000E-99
211  102     1.00000000000000E-99   1.00000000000000E-99
212  102     1.00000000000000E-99   1.00000000000000E-99
213  102     1.00000000000000E-99   1.00000000000000E-99
214  102     1.00000000000000E-99   1.00000000000000E-99
215  102     1.00000000000000E-99   1.00000000000000E-99
216  102     1.00000000000000E-99   1.00000000000000E-99
217  102     1.00000000000000E-99   1.00000000000000E-99
218  102     1.00000000000000E-99   1.00000000000000E-99
219  102     1.00000000000000E-99   1.00000000000000E-99
221  102     1.00000000000000E-99   1.00000000000000E-99
223  102     1.00000000000000E-99   1.00000000000000E-99
225  102     1.00000000000000E-99   1.00000000000000E-99
227  102     1.00000000000000E-99   1.00000000000000E-99
229  102     1.00000000000000E-99   1.00000000000000E-99
153  103     1.00000000000000E-99   1.00000000000000E-99
154  103     1.00000000000000E-99   1.00000000000000E-99
155  103     1.00000000000000E-99   1.00000000000000E-99
156  103     1.00000000000000E-99   1.00000000000000E-99
157  103     1.00000000000000E-99   1.00000000000000E-99
158  103     1.00000000000000E-99   1.00000000000000E-99
159  103     1.00000000000000E-99   1.00000000000000E-99
160  103     1.00000000000000E-99   1.00000000000000E-99
161  103     1.00000000000000E-99   1.00000000000000E-99
162  103     1.00000000000000E-99   1.00000000000000E-99
163  103     1.00000000000000E-99   1.00000000000000E-99
164  103     1.00000000000000E-99   1.00000000000000E-99
165  103     1.00000000000000E-99   1.00000000000000E-99
166  103     1.00000000000000E-99   1.00000000000000E-99
167  103     1.00000000000000E-99   1.00000000000000E-99
168  103     1.00000000000000E-99   1.00000000000000E-99
169  103     1.00000000000000E-99   1.00000000000000E-99
170  103     1.00000000000000E-99   1.00000000000000E-99
171  103     1.00000000000000E-99   1.00000000000000E-99
172  103     1.00000000000000E-99   1.00000000000000E-99
173  103     1.00000000000000E-99   1.00000000000000E-99
174  103     1.00000000000000E-99   1.00000000000000E-99
175  103     1.00000000000000E-99   1.00000000000000E-99
176  103     1.00000000000000E-99   1.00000000000000E-99
177  103     1.00000000000000E-99   1.00000000000000E-99
178  103     1.00000000000000E-99   1.00000000000000E-99
179  103     1.00000000000000E-99   1.00000000000000E-99
180  103     1.00000000000000E-99   1.00000000000000E-99
181  103     1.00000000000000E-99   1.00000000000000E-99
182  103     1.00000000000000E-99   1.00000000000000E-99
183  103     1.00000000000000E-99   1.00000000000000E-99
184  103     1.00000000000000E-99   1.00000000000000E-99
185  103     1.00000000000000E-99   1.00000000000000E-99
186  103     1.00000000000000E-99   1.00000000000000E-99
187  103     1.00000000000000E-99   1.00000000000000E-99
188  103     1.00000000000000E-99   1.00000000000000E-99
189  103     1.00000000000000E-99   1.00000000000000E-99
190  103     1.00000000000000E-99   1.00000000000000E-99
191  103     1.00000000000000E-99   1.00000000000000E-99
192  103     1.00000000000000E-99   1.00000000000000E-99
193  103     1.00000000000000E-99   1.00000000000000E-99
194  103     1.00000000000000E-99   1.00000000000000E-99
195  103     1.00000000000000E-99   1.00000000000000E-99
196  103     1.00000000000000E-99   1.00000000000000E-99
197  103     1.00000000000000E-99   1.00000000000000E-99
198  103     1.00000000000000E-99   1.00000000000000E-99
199  103     1.00000000000000E-99   1.00000000000000E-99
200  103     1.00000000000000E-99   1.00000000000000E-99
201  103     1.00000000000000E-99   1.00000000000000E-99
202  103     1.00000000000000E-99   1.00000000000000E-99
203  103     1.00000000000000E-99   1.00000000000000E-99
204  103     1.00000000000000E-99   1.00000000000000E-99
205  103     1.00000000000000E-99   1.00000000000000E-99
206  103     1.00000000000000E-99   1.00000000000000E-99
207  103     1.00000000000000E-99   1.00000000000000E-99
208  103     1.00000000000000E-99   1.00000000000000E-99
209  103     1.00000000000000E-99   1.00000000000000E-99
210  103     1.00000000000000E-99   1.00000000000000E-99
211  103     1.00000000000000E-99   1.00000000000000E-99
212  103     1.00000000000000E-99   1.00000000000000E-99
213  103     1.00000000000000E-99   1.00000000000000E-99
214  103     1.00000000000000E-99   1.00000000000000E-99
215  103     1.00000000000000E-99   1.00000000000000E-99
216  103     1.00000000000000E-99   1.00000000000000E-99
217  103     1.00000000000000E-99   1.00000000000000E-99
218  103     1.00000000000000E-99   1.00000000000000E-99
219  103     1.00000000000000E-99   1.00000000000000E-99
220  103     1.00000000000000E-99   1.00000000000000E-99
221  103     1.00000000000000E-99   1.00000000000000E-99
222  103     1.00000000000000E-99   1.00000000000000E-99
223  103     1.00000000000000E-99   1.00000000000000E-99
225  103     1.00000000000000E-99   1.00000000000000E-99
229  103     1.00000000000000E-99   1.00000000000000E-99
231  103     1.00000000000000E-99   1.00000000000000E-99
156  104     1.00000000000000E-99   1.00000000000000E-99
157  104     1.00000000000000E-99   1.00000000000000E-99
158  104     1.00000000000000E-99   1.00000000000000E-99
159  104     1.00000000000000E-99   1.00000000000000E-99
160  104     1.00000000000000E-99   1.00000000000000E-99
161  104     1.00000000000000E-99   1.00000000000000E-99
162  104     1.00000000000000E-99   1.00000000000000E-99
163  104     1.00000000000000E-99   1.00000000000000E-99
164  104     1.00000000000000E-99   1.00000000000000E-99
165  104     1.00000000000000E-99   1.00000000000000E-99
166  104     1.00000000000000E-99   1.00000000000000E-99
167  104     1.00000000000000E-99   1.00000000000000E-99
168  104     1.00000000000000E-99   1.00000000000000E-99
169  104     1.00000000000000E-99   1.00000000000000E-99
170  104     1.00000000000000E-99   1.00000000000000E-99
171  104     1.00000000000000E-99   1.00000000000000E-99
172  104     1.00000000000000E-99   1.00000000000000E-99
173  104     1.00000000000000E-99   1.00000000000000E-99
174  104     1.00000000000000E-99   1.00000000000000E-99
175  104     1.00000000000000E-99   1.00000000000000E-99
176  104     1.00000000000000E-99   1.00000000000000E-99
177  104     1.00000000000000E-99   1.00000000000000E-99
178  104     1.00000000000000E-99   1.00000000000000E-99
179  104     1.00000000000000E-99   1.00000000000000E-99
180  104     1.00000000000000E-99   1.00000000000000E-99
181  104     1.00000000000000E-99   1.00000000000000E-99
182  104     1.00000000000000E-99   1.00000000000000E-99
183  104     1.00000000000000E-99   1.00000000000000E-99
184  104     1.00000000000000E-99   1.00000000000000E-99
185  104     1.00000000000000E-99   1.00000000000000E-99
186  104     1.00000000000000E-99   1.00000000000000E-99
187  104     1.00000000000000E-99   1.00000000000000E-99
188  104     1.00000000000000E-99   1.00000000000000E-99
189  104     1.00000000000000E-99   1.00000000000000E-99
190  104     1.00000000000000E-99   1.00000000000000E-99
191  104     1.00000000000000E-99   1.00000000000000E-99
192  104     1.00000000000000E-99   1.00000000000000E-99
193  104     1.00000000000000E-99   1.00000000000000E-99
194  104     1.00000000000000E-99   1.00000000000000E-99
195  104     1.00000000000000E-99   1.00000000000000E-99
196  104     1.00000000000000E-99   1.00000000000000E-99
197  104     1.00000000000000E-99   1.00000000000000E-99
198  104     1.00000000000000E-99   1.00000000000000E-99
199  104     1.00000000000000E-99   1.00000000000000E-99
200  104     1.00000000000000E-99   1.00000000000000E-99
201  104     1.00000000000000E-99   1.00000000000000E-99
202  104     1.00000000000000E-99   1.00000000000000E-99
203  104     1.00000000000000E-99   1.00000000000000E-99
204  104     1.00000000000000E-99   1.00000000000000E-99
205  104     1.00000000000000E-99   1.00000000000000E-99
206  104     1.00000000000000E-99   1.00000000000000E-99
207  104     1.00000000000000E-99   1.00000000000000E-99
208  104     1.00000000000000E-99   1.00000000000000E-99
209  104     1.00000000000000E-99   1.00000000000000E-99
210  104     1.00000000000000E-99   1.00000000000000E-99
211  104     1.00000000000000E-99   1.00000000000000E-99
212  104     1.00000000000000E-99   1.00000000000000E-99
213  104     1.00000000000000E-99   1.00000000000000E-99
214  104     1.00000000000000E-99   1.00000000000000E-99
215  104     1.00000000000000E-99   1.00000000000000E-99
216  104     1.00000000000000E-99   1.00000000000000E-99
217  104     1.00000000000000E-99   1.00000000000000E-99
218  104     1.00000000000000E-99   1.00000000000000E-99
219  104     1.00000000000000E-99   1.00000000000000E-99
220  104     1.00000000000000E-99   1.00000000000000E-99
221  104     1.00000000000000E-99   1.00000000000000E-99
222  104     1.00000000000000E-99   1.00000000000000E-99
223  104     1.00000000000000E-99   1.00000000000000E-99
225  104     1.00000000000000E-99   1.00000000000000E-99
229  104     1.00000000000000E-99   1.00000000000000E-99
231  104     1.00000000000000E-99   1.00000000000000E-99
233  104     1.00000000000000E-99   1.00000000000000E-99
157  105     1.00000000000000E-99   1.00000000000000E-99
158  105     1.00000000000000E-99   1.00000000000000E-99
159  105     1.00000000000000E-99   1.00000000000000E-99
160  105     1.00000000000000E-99   1.00000000000000E-99
161  105     1.00000000000000E-99   1.00000000000000E-99
162  105     1.00000000000000E-99   1.00000000000000E-99
163  105     1.00000000000000E-99   1.00000000000000E-99
164  105     1.00000000000000E-99   1.00000000000000E-99
165  105     1.00000000000000E-99   1.00000000000000E-99
166  105     1.00000000000000E-99   1.00000000000000E-99
167  105     1.00000000000000E-99   1.00000000000000E-99
168  105     1.00000000000000E-99   1.00000000000000E-99
169  105     1.00000000000000E-99   1.00000000000000E-99
170  105     1.00000000000000E-99   1.00000000000000E-99
171  105     1.00000000000000E-99   1.00000000000000E-99
172  105     1.00000000000000E-99   1.00000000000000E-99
173  105     1.00000000000000E-99   1.00000000000000E-99
174  105     1.00000000000000E-99   1.00000000000000E-99
175  105     1.00000000000000E-99   1.00000000000000E-99
176  105     1.00000000000000E-99   1.00000000000000E-99
177  105     1.00000000000000E-99   1.00000000000000E-99
178  105     1.00000000000000E-99   1.00000000000000E-99
179  105     1.00000000000000E-99   1.00000000000000E-99
180  105     1.00000000000000E-99   1.00000000000000E-99
181  105     1.00000000000000E-99   1.00000000000000E-99
182  105     1.00000000000000E-99   1.00000000000000E-99
183  105     1.00000000000000E-99   1.00000000000000E-99
184  105     1.00000000000000E-99   1.00000000000000E-99
185  105     1.00000000000000E-99   1.00000000000000E-99
186  105     1.00000000000000E-99   1.00000000000000E-99
187  105     1.00000000000000E-99   1.00000000000000E-99
188  105     1.00000000000000E-99   1.00000000000000E-99
189  105     1.00000000000000E-99   1.00000000000000E-99
190  105     1.00000000000000E-99   1.00000000000000E-99
191  105     1.00000000000000E-99   1.00000000000000E-99
192  105     1.00000000000000E-99   1.00000000000000E-99
193  105     1.00000000000000E-99   1.00000000000000E-99
194  105     1.00000000000000E-99   1.00000000000000E-99
195  105     1.00000000000000E-99   1.00000000000000E-99
196  105     1.00000000000000E-99   1.00000000000000E-99
197  105     1.00000000000000E-99   1.00000000000000E-99
198  105     1.00000000000000E-99   1.00000000000000E-99
199  105     1.00000000000000E-99   1.00000000000000E-99
200  105     1.00000000000000E-99   1.00000000000000E-99
201  105     1.00000000000000E-99   1.00000000000000E-99
202  105     1.00000000000000E-99   1.00000000000000E-99
203  105     1.00000000000000E-99   1.00000000000000E-99
204  105     1.00000000000000E-99   1.00000000000000E-99
205  105     1.00000000000000E-99   1.00000000000000E-99
206  105     1.00000000000000E-99   1.00000000000000E-99
207  105     1.00000000000000E-99   1.00000000000000E-99
208  105     1.00000000000000E-99   1.00000000000000E-99
209  105     1.00000000000000E-99   1.00000000000000E-99
210  105     1.00000000000000E-99   1.00000000000000E-99
211  105     1.00000000000000E-99   1.00000000000000E-99
212  105     1.00000000000000E-99   1.00000000000000E-99
213  105     1.00000000000000E-99   1.00000000000000E-99
214  105     1.00000000000000E-99   1.00000000000000E-99
215  105     1.00000000000000E-99   1.00000000000000E-99
216  105     1.00000000000000E-99   1.00000000000000E-99
217  105     1.00000000000000E-99   1.00000000000000E-99
218  105     1.00000000000000E-99   1.00000000000000E-99
219  105     1.00000000000000E-99   1.00000000000000E-99
220  105     1.00000000000000E-99   1.00000000000000E-99
221  105     1.00000000000000E-99   1.00000000000000E-99
222  105     1.00000000000000E-99   1.00000000000000E-99
223  105     1.00000000000000E-99   1.00000000000000E-99
224  105     1.00000000000000E-99   1.00000000000000E-99
225  105     1.00000000000000E-99   1.00000000000000E-99
228  105     1.00000000000000E-99   1.00000000000000E-99
229  105     1.00000000000000E-99   1.00000000000000E-99
231  105     1.00000000000000E-99   1.00000000000000E-99
160  106     1.00000000000000E-99   1.00000000000000E-99
161  106     1.00000000000000E-99   1.00000000000000E-99
162  106     1.00000000000000E-99   1.00000000000000E-99
163  106     1.00000000000000E-99   1.00000000000000E-99
164  106     1.00000000000000E-99   1.00000000000000E-99
165  106     1.00000000000000E-99   1.00000000000000E-99
166  106     1.00000000000000E-99   1.00000000000000E-99
167  106     1.00000000000000E-99   1.00000000000000E-99
168  106     1.00000000000000E-99   1.00000000000000E-99
169  106     1.00000000000000E-99   1.00000000000000E-99
170  106     1.00000000000000E-99   1.00000000000000E-99
171  106     1.00000000000000E-99   1.00000000000000E-99
172  106     1.00000000000000E-99   1.00000000000000E-99
173  106     1.00000000000000E-99   1.00000000000000E-99
174  106     1.00000000000000E-99   1.00000000000000E-99
175  106     1.00000000000000E-99   1.00000000000000E-99
176  106     1.00000000000000E-99   1.00000000000000E-99
177  106     1.00000000000000E-99   1.00000000000000E-99
178  106     1.00000000000000E-99   1.00000000000000E-99
179  106     1.00000000000000E-99   1.00000000000000E-99
180  106     1.00000000000000E-99   1.00000000000000E-99
181  106     1.00000000000000E-99   1.00000000000000E-99
182  106     1.00000000000000E-99   1.00000000000000E-99
183  106     1.00000000000000E-99   1.00000000000000E-99
184  106     1.00000000000000E-99   1.00000000000000E-99
185  106     1.00000000000000E-99   1.00000000000000E-99
186  106     1.00000000000000E-99   1.00000000000000E-99
187  106     1.00000000000000E-99   1.00000000000000E-99
188  106     1.00000000000000E-99   1.00000000000000E-99
189  106     1.00000000000000E-99   1.00000000000000E-99
190  106     1.00000000000000E-99   1.00000000000000E-99
191  106     1.00000000000000E-99   1.00000000000000E-99
192  106     1.00000000000000E-99   1.00000000000000E-99
193  106     1.00000000000000E-99   1.00000000000000E-99
194  106     1.00000000000000E-99   1.00000000000000E-99
195  106     1.00000000000000E-99   1.00000000000000E-99
196  106     1.00000000000000E-99   1.00000000000000E-99
197  106     1.00000000000000E-99   1.00000000000000E-99
198  106     1.00000000000000E-99   1.00000000000000E-99
199  106     1.00000000000000E-99   1.00000000000000E-99
200  106     1.00000000000000E-99   1.00000000000000E-99
201  106     1.00000000000000E-99   1.00000000000000E-99
202  106     1.00000000000000E-99   1.00000000000000E-99
203  106     1.00000000000000E-99   1.00000000000000E-99
204  106     1.00000000000000E-99   1.00000000000000E-99
205  106     1.00000000000000E-99   1.00000000000000E-99
206  106     1.00000000000000E-99   1.00000000000000E-99
207  106     1.00000000000000E-99   1.00000000000000E-99
208  106     1.00000000000000E-99   1.00000000000000E-99
209  106     1.00000000000000E-99   1.00000000000000E-99
210  106     1.00000000000000E-99   1.00000000000000E-99
211  106     1.00000000000000E-99   1.00000000000000E-99
212  106     1.00000000000000E-99   1.00000000000000E-99
213  106     1.00000000000000E-99   1.00000000000000E-99
214  106     1.00000000000000E-99   1.00000000000000E-99
215  106     1.00000000000000E-99   1.00000000000000E-99
216  106     1.00000000000000E-99   1.00000000000000E-99
217  106     1.00000000000000E-99   1.00000000000000E-99
218  106     1.00000000000000E-99   1.00000000000000E-99
219  106     1.00000000000000E-99   1.00000000000000E-99
220  106     1.00000000000000E-99   1.00000000000000E-99
221  106     1.00000000000000E-99   1.00000000000000E-99
222  106     1.00000000000000E-99   1.00000000000000E-99
223  106     1.00000000000000E-99   1.00000000000000E-99
224  106     1.00000000000000E-99   1.00000000000000E-99
225  106     1.00000000000000E-99   1.00000000000000E-99
227  106     1.00000000000000E-99   1.00000000000000E-99
228  106     1.00000000000000E-99   1.00000000000000E-99
229  106     1.00000000000000E-99   1.00000000000000E-99
231  106     1.00000000000000E-99   1.00000000000000E-99
162  107     1.00000000000000E-99   1.00000000000000E-99
163  107     1.00000000000000E-99   1.00000000000000E-99
164  107     1.00000000000000E-99   1.00000000000000E-99
165  107     1.00000000000000E-99   1.00000000000000E-99
166  107     1.00000000000000E-99   1.00000000000000E-99
167  107     1.00000000000000E-99   1.00000000000000E-99
168  107     1.00000000000000E-99   1.00000000000000E-99
169  107     1.00000000000000E-99   1.00000000000000E-99
170  107     1.00000000000000E-99   1.00000000000000E-99
171  107     1.00000000000000E-99   1.00000000000000E-99
172  107     1.00000000000000E-99   1.00000000000000E-99
173  107     1.00000000000000E-99   1.00000000000000E-99
174  107     1.00000000000000E-99   1.00000000000000E-99
175  107     1.00000000000000E-99   1.00000000000000E-99
176  107     1.00000000000000E-99   1.00000000000000E-99
177  107     1.00000000000000E-99   1.00000000000000E-99
178  107     1.00000000000000E-99   1.00000000000000E-99
179  107     1.00000000000000E-99   1.00000000000000E-99
180  107     1.00000000000000E-99   1.00000000000000E-99
181  107     1.00000000000000E-99   1.00000000000000E-99
182  107     1.00000000000000E-99   1.00000000000000E-99
183  107     1.00000000000000E-99   1.00000000000000E-99
184  107     1.00000000000000E-99   1.00000000000000E-99
185  107     1.00000000000000E-99   1.00000000000000E-99
186  107     1.00000000000000E-99   1.00000000000000E-99
187  107     1.00000000000000E-99   1.00000000000000E-99
188  107     1.00000000000000E-99   1.00000000000000E-99
189  107     1.00000000000000E-99   1.00000000000000E-99
190  107     1.00000000000000E-99   1.00000000000000E-99
191  107     1.00000000000000E-99   1.00000000000000E-99
192  107     1.00000000000000E-99   1.00000000000000E-99
193  107     1.00000000000000E-99   1.00000000000000E-99
194  107     1.00000000000000E-99   1.00000000000000E-99
195  107     1.00000000000000E-99   1.00000000000000E-99
196  107     1.00000000000000E-99   1.00000000000000E-99
197  107     1.00000000000000E-99   1.00000000000000E-99
198  107     1.00000000000000E-99   1.00000000000000E-99
199  107     1.00000000000000E-99   1.00000000000000E-99
200  107     1.00000000000000E-99   1.00000000000000E-99
201  107     1.00000000000000E-99   1.00000000000000E-99
202  107     1.00000000000000E-99   1.00000000000000E-99
203  107     1.00000000000000E-99   1.00000000000000E-99
204  107     1.00000000000000E-99   1.00000000000000E-99
205  107     1.00000000000000E-99   1.00000000000000E-99
206  107     1.00000000000000E-99   1.00000000000000E-99
207  107     1.00000000000000E-99   1.00000000000000E-99
208  107     1.00000000000000E-99   1.00000000000000E-99
209  107     1.00000000000000E-99   1.00000000000000E-99
210  107     1.00000000000000E-99   1.00000000000000E-99
211  107     1.00000000000000E-99   1.00000000000000E-99
212  107     1.00000000000000E-99   1.00000000000000E-99
213  107     1.00000000000000E-99   1.00000000000000E-99
214  107     1.00000000000000E-99   1.00000000000000E-99
215  107     1.00000000000000E-99   1.00000000000000E-99
216  107     1.00000000000000E-99   1.00000000000000E-99
217  107     1.00000000000000E-99   1.00000000000000E-99
218  107     1.00000000000000E-99   1.00000000000000E-99
219  107     1.00000000000000E-99   1.00000000000000E-99
220  107     1.00000000000000E-99   1.00000000000000E-99
221  107     1.00000000000000E-99   1.00000000000000E-99
222  107     1.00000000000000E-99   1.00000000000000E-99
223  107     1.00000000000000E-99   1.00000000000000E-99
224  107     1.00000000000000E-99   1.00000000000000E-99
225  107     1.00000000000000E-99   1.00000000000000E-99
227  107     1.00000000000000E-99   1.00000000000000E-99
228  107     1.00000000000000E-99   1.00000000000000E-99
229  107     1.00000000000000E-99   1.00000000000000E-99
230  107     1.00000000000000E-99   1.00000000000000E-99
165  108     1.00000000000000E-99   1.00000000000000E-99
166  108     1.00000000000000E-99   1.00000000000000E-99
167  108     1.00000000000000E-99   1.00000000000000E-99
168  108     1.00000000000000E-99   1.00000000000000E-99
169  108     1.00000000000000E-99   1.00000000000000E-99
170  108     1.00000000000000E-99   1.00000000000000E-99
171  108     1.00000000000000E-99   1.00000000000000E-99
172  108     1.00000000000000E-99   1.00000000000000E-99
173  108     1.00000000000000E-99   1.00000000000000E-99
174  108     1.00000000000000E-99   1.00000000000000E-99
175  108     1.00000000000000E-99   1.00000000000000E-99
176  108     1.00000000000000E-99   1.00000000000000E-99
177  108     1.00000000000000E-99   1.00000000000000E-99
178  108     1.00000000000000E-99   1.00000000000000E-99
179  108     1.00000000000000E-99   1.00000000000000E-99
180  108     1.00000000000000E-99   1.00000000000000E-99
181  108     1.00000000000000E-99   1.00000000000000E-99
182  108     1.00000000000000E-99   1.00000000000000E-99
183  108     1.00000000000000E-99   1.00000000000000E-99
184  108     1.00000000000000E-99   1.00000000000000E-99
185  108     1.00000000000000E-99   1.00000000000000E-99
186  108     1.00000000000000E-99   1.00000000000000E-99
187  108     1.00000000000000E-99   1.00000000000000E-99
188  108     1.00000000000000E-99   1.00000000000000E-99
189  108     1.00000000000000E-99   1.00000000000000E-99
190  108     1.00000000000000E-99   1.00000000000000E-99
191  108     1.00000000000000E-99   1.00000000000000E-99
192  108     1.00000000000000E-99   1.00000000000000E-99
193  108     1.00000000000000E-99   1.00000000000000E-99
194  108     1.00000000000000E-99   1.00000000000000E-99
195  108     1.00000000000000E-99   1.00000000000000E-99
196  108     1.00000000000000E-99   1.00000000000000E-99
197  108     1.00000000000000E-99   1.00000000000000E-99
198  108     1.00000000000000E-99   1.00000000000000E-99
199  108     1.00000000000000E-99   1.00000000000000E-99
200  108     1.00000000000000E-99   1.00000000000000E-99
201  108     1.00000000000000E-99   1.00000000000000E-99
202  108     1.00000000000000E-99   1.00000000000000E-99
203  108     1.00000000000000E-99   1.00000000000000E-99
204  108     1.00000000000000E-99   1.00000000000000E-99
205  108     1.00000000000000E-99   1.00000000000000E-99
206  108     1.00000000000000E-99   1.00000000000000E-99
207  108     1.00000000000000E-99   1.00000000000000E-99
208  108     1.00000000000000E-99   1.00000000000000E-99
209  108     1.00000000000000E-99   1.00000000000000E-99
210  108     1.00000000000000E-99   1.00000000000000E-99
211  108     1.00000000000000E-99   1.00000000000000E-99
212  108     1.00000000000000E-99   1.00000000000000E-99
213  108     1.00000000000000E-99   1.00000000000000E-99
214  108     1.00000000000000E-99   1.00000000000000E-99
215  108     1.00000000000000E-99   1.00000000000000E-99
216  108     1.00000000000000E-99   1.00000000000000E-99
217  108     1.00000000000000E-99   1.00000000000000E-99
218  108     1.00000000000000E-99   1.00000000000000E-99
219  108     1.00000000000000E-99   1.00000000000000E-99
221  108     1.00000000000000E-99   1.00000000000000E-99
222  108     1.00000000000000E-99   1.00000000000000E-99
223  108     1.00000000000000E-99   1.00000000000000E-99
224  108     1.00000000000000E-99   1.00000000000000E-99
226  108     1.00000000000000E-99   1.00000000000000E-99
227  108     1.00000000000000E-99   1.00000000000000E-99
228  108     1.00000000000000E-99   1.00000000000000E-99
229  108     1.00000000000000E-99   1.00000000000000E-99
166  109     1.00000000000000E-99   1.00000000000000E-99
167  109     1.00000000000000E-99   1.00000000000000E-99
168  109     1.00000000000000E-99   1.00000000000000E-99
169  109     1.00000000000000E-99   1.00000000000000E-99
170  109     1.00000000000000E-99   1.00000000000000E-99
171  109     1.00000000000000E-99   1.00000000000000E-99
172  109     1.00000000000000E-99   1.00000000000000E-99
173  109     1.00000000000000E-99   1.00000000000000E-99
174  109     1.00000000000000E-99   1.00000000000000E-99
175  109     1.00000000000000E-99   1.00000000000000E-99
176  109     1.00000000000000E-99   1.00000000000000E-99
177  109     1.00000000000000E-99   1.00000000000000E-99
178  109     1.00000000000000E-99   1.00000000000000E-99
179  109     1.00000000000000E-99   1.00000000000000E-99
180  109     1.00000000000000E-99   1.00000000000000E-99
181  109     1.00000000000000E-99   1.00000000000000E-99
182  109     1.00000000000000E-99   1.00000000000000E-99
183  109     1.00000000000000E-99   1.00000000000000E-99
184  109     1.00000000000000E-99   1.00000000000000E-99
185  109     1.00000000000000E-99   1.00000000000000E-99
186  109     1.00000000000000E-99   1.00000000000000E-99
187  109     1.00000000000000E-99   1.00000000000000E-99
188  109     1.00000000000000E-99   1.00000000000000E-99
189  109     1.00000000000000E-99   1.00000000000000E-99
190  109     1.00000000000000E-99   1.00000000000000E-99
191  109     1.00000000000000E-99   1.00000000000000E-99
192  109     1.00000000000000E-99   1.00000000000000E-99
193  109     1.00000000000000E-99   1.00000000000000E-99
194  109     1.00000000000000E-99   1.00000000000000E-99
195  109     1.00000000000000E-99   1.00000000000000E-99
196  109     1.00000000000000E-99   1.00000000000000E-99
197  109     1.00000000000000E-99   1.00000000000000E-99
198  109     1.00000000000000E-99   1.00000000000000E-99
199  109     1.00000000000000E-99   1.00000000000000E-99
200  109     1.00000000000000E-99   1.00000000000000E-99
201  109     1.00000000000000E-99   1.00000000000000E-99
202  109     1.00000000000000E-99   1.00000000000000E-99
203  109     1.00000000000000E-99   1.00000000000000E-99
204  109     1.00000000000000E-99   1.00000000000000E-99
205  109     1.00000000000000E-99   1.00000000000000E-99
206  109     1.00000000000000E-99   1.00000000000000E-99
207  109     1.00000000000000E-99   1.00000000000000E-99
208  109     1.00000000000000E-99   1.00000000000000E-99
209  109     1.00000000000000E-99   1.00000000000000E-99
210  109     1.00000000000000E-99   1.00000000000000E-99
211  109     1.00000000000000E-99   1.00000000000000E-99
212  109     1.00000000000000E-99   1.00000000000000E-99
213  109     1.00000000000000E-99   1.00000000000000E-99
214  109     1.00000000000000E-99   1.00000000000000E-99
215  109     1.00000000000000E-99   1.00000000000000E-99
216  109     1.00000000000000E-99   1.00000000000000E-99
217  109     1.00000000000000E-99   1.00000000000000E-99
218  109     1.00000000000000E-99   1.00000000000000E-99
220  109     1.00000000000000E-99   1.00000000000000E-99
221  109     1.00000000000000E-99   1.00000000000000E-99
222  109     1.00000000000000E-99   1.00000000000000E-99
223  109     1.00000000000000E-99   1.00000000000000E-99
224  109     1.00000000000000E-99   1.00000000000000E-99
225  109     1.00000000000000E-99   1.00000000000000E-99
226  109     1.00000000000000E-99   1.00000000000000E-99
227  109     1.00000000000000E-99   1.00000000000000E-99
228  109     1.00000000000000E-99   1.00000000000000E-99
169  110     1.00000000000000E-99   1.00000000000000E-99
170  110     1.00000000000000E-99   1.00000000000000E-99
171  110     1.00000000000000E-99   1.00000000000000E-99
172  110     1.00000000000000E-99   1.00000000000000E-99
173  110     1.00000000000000E-99   1.00000000000000E-99
174  110     1.00000000000000E-99   1.00000000000000E-99
175  110     1.00000000000000E-99   1.00000000000000E-99
176  110     1.00000000000000E-99   1.00000000000000E-99
177  110     1.00000000000000E-99   1.00000000000000E-99
178  110     1.00000000000000E-99   1.00000000000000E-99
179  110     1.00000000000000E-99   1.00000000000000E-99
180  110     1.00000000000000E-99   1.00000000000000E-99
181  110     1.00000000000000E-99   1.00000000000000E-99
182  110     1.00000000000000E-99   1.00000000000000E-99
183  110     1.00000000000000E-99   1.00000000000000E-99
184  110     1.00000000000000E-99   1.00000000000000E-99
185  110     1.00000000000000E-99   1.00000000000000E-99
186  110     1.00000000000000E-99   1.00000000000000E-99
187  110     1.00000000000000E-99   1.00000000000000E-99
188  110     1.00000000000000E-99   1.00000000000000E-99
189  110     1.00000000000000E-99   1.00000000000000E-99
190  110     1.00000000000000E-99   1.00000000000000E-99
191  110     1.00000000000000E-99   1.00000000000000E-99
192  110     1.00000000000000E-99   1.00000000000000E-99
193  110     1.00000000000000E-99   1.00000000000000E-99
194  110     1.00000000000000E-99   1.00000000000000E-99
195  110     1.00000000000000E-99   1.00000000000000E-99
196  110     1.00000000000000E-99   1.00000000000000E-99
197  110     1.00000000000000E-99   1.00000000000000E-99
198  110     1.00000000000000E-99   1.00000000000000E-99
199  110     1.00000000000000E-99   1.00000000000000E-99
200  110     1.00000000000000E-99   1.00000000000000E-99
201  110     1.00000000000000E-99   1.00000000000000E-99
202  110     1.00000000000000E-99   1.00000000000000E-99
203  110     1.00000000000000E-99   1.00000000000000E-99
204  110     1.00000000000000E-99   1.00000000000000E-99
205  110     1.00000000000000E-99   1.00000000000000E-99
206  110     1.00000000000000E-99   1.00000000000000E-99
207  110     1.00000000000000E-99   1.00000000000000E-99
208  110     1.00000000000000E-99   1.00000000000000E-99
209  110     1.00000000000000E-99   1.00000000000000E-99
210  110     1.00000000000000E-99   1.00000000000000E-99
211  110     1.00000000000000E-99   1.00000000000000E-99
212  110     1.00000000000000E-99   1.00000000000000E-99
213  110     1.00000000000000E-99   1.00000000000000E-99
214  110     1.00000000000000E-99   1.00000000000000E-99
215  110     1.00000000000000E-99   1.00000000000000E-99
216  110     1.00000000000000E-99   1.00000000000000E-99
217  110     1.00000000000000E-99   1.00000000000000E-99
218  110     1.00000000000000E-99   1.00000000000000E-99
219  110     1.00000000000000E-99   1.00000000000000E-99
220  110     1.00000000000000E-99   1.00000000000000E-99
221  110     1.00000000000000E-99   1.00000000000000E-99
222  110     1.00000000000000E-99   1.00000000000000E-99
223  110     1.00000000000000E-99   1.00000000000000E-99
224  110     1.00000000000000E-99   1.00000000000000E-99
225  110     1.00000000000000E-99   1.00000000000000E-99
226  110     1.00000000000000E-99   1.00000000000000E-99
227  110     1.00000000000000E-99   1.00000000000000E-99
172  111     1.00000000000000E-99   1.00000000000000E-99
173  111     1.00000000000000E-99   1.00000000000000E-99
174  111     1.00000000000000E-99   1.00000000000000E-99
175  111     1.00000000000000E-99   1.00000000000000E-99
176  111     1.00000000000000E-99   1.00000000000000E-99
177  111     1.00000000000000E-99   1.00000000000000E-99
178  111     1.00000000000000E-99   1.00000000000000E-99
179  111     1.00000000000000E-99   1.00000000000000E-99
180  111     1.00000000000000E-99   1.00000000000000E-99
181  111     1.00000000000000E-99   1.00000000000000E-99
182  111     1.00000000000000E-99   1.00000000000000E-99
183  111     1.00000000000000E-99   1.00000000000000E-99
184  111     1.00000000000000E-99   1.00000000000000E-99
185  111     1.00000000000000E-99   1.00000000000000E-99
186  111     1.00000000000000E-99   1.00000000000000E-99
187  111     1.00000000000000E-99   1.00000000000000E-99
188  111     1.00000000000000E-99   1.00000000000000E-99
189  111     1.00000000000000E-99   1.00000000000000E-99
190  111     1.00000000000000E-99   1.00000000000000E-99
191  111     1.00000000000000E-99   1.00000000000000E-99
192  111     1.00000000000000E-99   1.00000000000000E-99
193  111     1.00000000000000E-99   1.00000000000000E-99
194  111     1.00000000000000E-99   1.00000000000000E-99
195  111     1.00000000000000E-99   1.00000000000000E-99
196  111     1.00000000000000E-99   1.00000000000000E-99
197  111     1.00000000000000E-99   1.00000000000000E-99
198  111     1.00000000000000E-99   1.00000000000000E-99
199  111     1.00000000000000E-99   1.00000000000000E-99
200  111     1.00000000000000E-99   1.00000000000000E-99
201  111     1.00000000000000E-99   1.00000000000000E-99
202  111     1.00000000000000E-99   1.00000000000000E-99
203  111     1.00000000000000E-99   1.00000000000000E-99
204  111     1.00000000000000E-99   1.00000000000000E-99
205  111     1.00000000000000E-99   1.00000000000000E-99
206  111     1.00000000000000E-99   1.00000000000000E-99
207  111     1.00000000000000E-99   1.00000000000000E-99
208  111     1.00000000000000E-99   1.00000000000000E-99
209  111     1.00000000000000E-99   1.00000000000000E-99
210  111     1.00000000000000E-99   1.00000000000000E-99
211  111     1.00000000000000E-99   1.00000000000000E-99
212  111     1.00000000000000E-99   1.00000000000000E-99
213  111     1.00000000000000E-99   1.00000000000000E-99
214  111     1.00000000000000E-99   1.00000000000000E-99
215  111     1.00000000000000E-99   1.00000000000000E-99
216  111     1.00000000000000E-99   1.00000000000000E-99
217  111     1.00000000000000E-99   1.00000000000000E-99
218  111     1.00000000000000E-99   1.00000000000000E-99
219  111     1.00000000000000E-99   1.00000000000000E-99
220  111     1.00000000000000E-99   1.00000000000000E-99
221  111     1.00000000000000E-99   1.00000000000000E-99
222  111     1.00000000000000E-99   1.00000000000000E-99
223  111     1.00000000000000E-99   1.00000000000000E-99
224  111     1.00000000000000E-99   1.00000000000000E-99
225  111     1.00000000000000E-99   1.00000000000000E-99
226  111     1.00000000000000E-99   1.00000000000000E-99
