,0
0,5.493370559950554e-10
1,5.864638463338792e-10
2,6.258433349136355e-10
3,6.676012469128196e-10
4,7.118698088862226e-10
5,7.5878807002177e-10
6,8.085022256501837e-10
7,8.6116594325509e-10
8,9.169406908702349e-10
9,9.759960674825234e-10
10,1.0385101348713077e-09
11,1.1046697501994051e-09
12,1.1746843256999092e-09
13,1.2489734270501876e-09
14,1.327519080241399e-09
15,1.4105434222370648e-09
16,1.4982787659791195e-09
17,1.590967921898741e-09
18,1.6888645159656583e-09
19,1.7922333037087126e-09
20,1.9013504796998082e-09
21,2.016503982063542e-09
22,2.137993791650719e-09
23,2.2661322255851163e-09
24,2.4012442249588593e-09
25,2.543667636537653e-09
26,2.6971321903931984e-09
27,2.8569711034480493e-09
28,3.025983869580504e-09
29,3.2058658263531423e-09
30,3.3931501050499964e-09
31,3.590659720640392e-09
32,3.800973799527284e-09
33,4.019872685693553e-09
34,4.2499230184877955e-09
35,4.4952295652372205e-09
36,4.750969776365514e-09
37,5.019380300000319e-09
38,5.305457799290761e-09
39,5.6016625566597604e-09
40,5.915347437634644e-09
41,6.246196818075087e-09
42,6.58848602281223e-09
43,6.953883823687396e-09
44,7.335665152375421e-09
45,7.730544503615196e-09
46,8.154706037973877e-09
47,8.595415514376024e-09
48,9.054128206429583e-09
49,9.543729417386048e-09
50,1.004812833527258e-08
51,1.0582226476753392e-08
52,1.1143716224857088e-08
53,1.172252497363892e-08
54,1.2343896861068799e-08
55,1.2980430314291606e-08
56,1.3657150717295807e-08
57,1.4361133348442178e-08
58,1.509253386736996e-08
59,1.5869879680340454e-08
60,1.666603184638902e-08
61,1.7516754141825693e-08
62,1.839531906507868e-08
63,1.9312502482089946e-08
64,2.028050661126083e-08
65,2.1271795371826914e-08
66,2.2333520991110104e-08
67,2.3425010495002186e-08
68,2.4567045554353307e-08
69,2.5766930388362217e-08
70,2.6995762758444378e-08
71,2.831136804341405e-08
72,2.9661455391345407e-08
73,3.1072940400014556e-08
74,3.2554000869016584e-08
75,3.407158569367302e-08
76,3.5689458073181823e-08
77,3.735321462095157e-08
78,3.908478369019692e-08
79,4.0906051408293884e-08
80,4.277323320825779e-08
81,4.4748663505727494e-08
82,4.6792281102271076e-08
83,4.8903894107994376e-08
84,5.1136866394364134e-08
85,5.342279422914977e-08
86,5.582883755512176e-08
87,5.8323485201783376e-08
88,6.089135814812767e-08
89,6.361010568388685e-08
90,6.639409061955481e-08
91,6.930793140419471e-08
92,7.233997586775575e-08
93,7.544366301837975e-08
94,7.874138851137279e-08
95,8.211930205023744e-08
96,8.562726087914839e-08
97,8.929870896145984e-08
98,9.305816552440202e-08
99,9.701331364295072e-08
100,1.0109652837492764e-07
101,1.0529608933363865e-07
102,1.0972516922534527e-07
103,1.1426184359055964e-07
104,1.1897981534809793e-07
105,1.2389710845039691e-07
106,1.2893275286831892e-07
107,1.3422100669836624e-07
108,1.3967499393014307e-07
109,1.4527398716583567e-07
110,1.5117358938059757e-07
111,1.5721706644093433e-07
112,1.6347219518663036e-07
113,1.7000438021601042e-07
114,1.7669477770973033e-07
115,1.8366822373351122e-07
116,1.9089394061229657e-07
117,1.982936601323058e-07
118,2.0605207331821874e-07
119,2.1403746754501152e-07
120,2.2222200477647707e-07
121,2.3082894706710748e-07
122,2.3964572229620673e-07
123,2.487248365634277e-07
124,2.582202011925142e-07
125,2.679459974987144e-07
126,2.7799852946955656e-07
127,2.8846433408897676e-07
128,2.991831230514482e-07
129,3.1029316115273273e-07
130,3.219192831315916e-07
131,3.337381640788362e-07
132,3.461783849022716e-07
133,3.587424082288322e-07
134,3.7204656581343415e-07
135,3.85469882544652e-07
136,3.9961393130909443e-07
137,4.1396942264005024e-07
138,4.289746838627922e-07
139,4.4431864505777453e-07
140,4.602272559556042e-07
141,4.766187808901427e-07
142,4.934744464708253e-07
143,5.109755287503463e-07
144,5.288235603039089e-07
145,5.474991968287888e-07
146,5.66386551065283e-07
147,5.863048479987468e-07
148,6.064438602421814e-07
149,6.275750103911536e-07
150,6.490161018523571e-07
151,6.71394142345904e-07
152,6.942125774565262e-07
153,7.178954254617762e-07
154,7.421700778162016e-07
155,7.672176418359547e-07
156,7.930311172786234e-07
157,8.195053413073778e-07
158,8.469441037074644e-07
159,8.749090121195701e-07
160,9.040635117174573e-07
161,9.335852548433147e-07
162,9.64550059126205e-07
163,9.957859807158517e-07
164,1.0285708865685724e-06
165,1.0617494340801184e-06
166,1.0962997402407718e-06
167,1.1315264604040626e-06
168,1.1679171577484385e-06
169,1.205302218372842e-06
170,1.2436106570385932e-06
171,1.2832689897692253e-06
172,1.3235749283951276e-06
173,1.3656263739218323e-06
174,1.4081096464238235e-06
175,1.4525814851849646e-06
176,1.497629542093697e-06
177,1.5443491534333953e-06
178,1.5921885546688932e-06
179,1.6414610085526863e-06
180,1.6919934013403295e-06
181,1.7439291318738465e-06
182,1.797292681743043e-06
183,1.8520057052522685e-06
184,1.9084047025570594e-06
185,1.9661187691004377e-06
186,2.0255530218934235e-06
187,2.08639819356946e-06
188,2.1490194824162483e-06
189,2.2131300372790144e-06
190,2.2790968404900343e-06
191,2.346611362368636e-06
192,2.416089079498736e-06
193,2.4871505494526906e-06
194,2.5603117292907643e-06
195,2.6350676185139174e-06
196,2.7120921914103595e-06
197,2.7906945554673518e-06
198,2.8717700699432897e-06
199,2.9543756443683918e-06
200,3.0396975078370395e-06
201,3.12646780486235e-06
202,3.216239528511763e-06
203,3.307340935231379e-06
204,3.401774383144067e-06
205,3.4973782610871614e-06
206,3.596693903517455e-06
207,3.696976689613766e-06
208,3.801403860430188e-06
209,3.906547169460517e-06
210,4.0163243277918935e-06
211,4.126662392348772e-06
212,4.241890052525464e-06
213,4.357886622180122e-06
214,4.4784669207662055e-06
215,4.600430654603357e-06
216,4.726486912806781e-06
217,4.854731291637633e-06
218,4.9863905744763156e-06
219,5.121232367819082e-06
220,5.258625363699623e-06
221,5.400385437740166e-06
222,5.543646420217725e-06
223,5.692650413201089e-06
224,5.843355008932036e-06
225,5.998496160749991e-06
226,6.156978499671321e-06
227,6.318401065880595e-06
228,6.4850010036274796e-06
229,6.653789292623497e-06
230,6.827917769394601e-06
231,7.005379916229408e-06
232,7.1862350376444615e-06
233,7.372729005684236e-06
234,7.561912897448642e-06
235,7.756362235948009e-06
236,7.955163241084666e-06
237,8.156951498152295e-06
238,8.365614925725313e-06
239,8.577625637035015e-06
240,8.793827549725724e-06
241,9.016454449438303e-06
242,9.242606893638548e-06
243,9.47402049649721e-06
244,9.711432141172031e-06
245,9.952691292468148e-06
246,1.020001062712571e-05
247,1.0453197020928577e-05
248,1.0711129915297168e-05
249,1.0977813742326472e-05
250,1.1247173022182384e-05
251,1.152561890995396e-05
252,1.1807237117507236e-05
253,1.2099566178842134e-05
254,1.2392409667043211e-05
255,1.2698263072490883e-05
256,1.3005558517907055e-05
257,1.3322643938953428e-05
258,1.3644951562973814e-05
259,1.3973674389222007e-05
260,1.4311570566793169e-05
261,1.465235212256084e-05
262,1.5006429674842333e-05
263,1.53611303160644e-05
264,1.573107814436016e-05
265,1.6103152688500713e-05
266,1.6485836801264456e-05
267,1.6875933152913004e-05
268,1.7271820262443886e-05
269,1.768060311065849e-05
270,1.80901804436882e-05
271,1.851833148543255e-05
272,1.8947235967141006e-05
273,1.9390325656039955e-05
274,1.9839332573042928e-05
275,2.0297832396182922e-05
276,2.0767659393408944e-05
277,2.1242138820940445e-05
278,2.1733521253773428e-05
279,2.2225768398181666e-05
280,2.2738264497025354e-05
281,2.3252859624095444e-05
282,2.3783277940801392e-05
283,2.4320993853698996e-05
284,2.4869993839966038e-05
285,2.543162175227191e-05
286,2.5999888853792242e-05
287,2.6586238610655305e-05
288,2.717448501746976e-05
289,2.778638531581136e-05
290,2.839936240736689e-05
291,2.9033649325322668e-05
292,2.9673071180795804e-05
293,3.03296656454679e-05
294,3.099640084789998e-05
295,3.1676117812522785e-05
296,3.237105448587035e-05
297,3.307473887694315e-05
298,3.379878490275236e-05
299,3.4527312390073556e-05
300,3.5281395623164643e-05
301,3.603680585627098e-05
302,3.682074187622014e-05
303,3.7607191885763695e-05
304,3.841873158531755e-05
305,3.923719151993009e-05
306,4.0077326359487696e-05
307,4.092878701838317e-05
308,4.179854248599685e-05
309,4.268401553102525e-05
310,4.358445192389967e-05
311,4.4504970090592016e-05
312,4.54371832982374e-05
313,4.639380060586947e-05
314,4.735892289462102e-05
315,4.835271485529851e-05
316,4.935191565391803e-05
317,5.038397948068532e-05
318,5.141846616676684e-05
319,5.24899209807714e-05
320,5.356326129028028e-05
321,5.467743374544081e-05
322,5.5796196966627415e-05
323,5.6942970967036684e-05
324,5.810860196084746e-05
325,5.928902201449259e-05
326,6.050299604797148e-05
327,6.171910637553145e-05
328,6.298197071496324e-05
329,6.424801773452922e-05
330,6.554819058420268e-05
331,6.686571384894314e-05
332,6.820439483811086e-05
333,6.957496513106159e-05
334,7.095339864501433e-05
335,7.237861823494862e-05
336,7.380634585889428e-05
337,7.527959747955414e-05
338,7.676370745306181e-05
339,7.828421897892311e-05
340,7.983212185160429e-05
341,8.138847303767147e-05
342,8.300270605968098e-05
343,8.461977973259126e-05
344,8.627753960319404e-05
345,8.79632300564446e-05
346,8.965963300900546e-05
347,9.141615954234757e-05
348,9.317577712797433e-05
349,9.498171124137747e-05
350,9.681456295668264e-05
351,9.86631129742385e-05
352,0.00010057152313560684
353,0.00010248329162687631
354,0.00010445002355048245
355,0.00010643986361867644
356,0.00010845351886288141
357,0.00011052386320215247
358,0.00011259785083542245
359,0.0001147388887465799
360,0.00011689601270074658
361,0.00011908863142537941
362,0.00012133143629659122
363,0.00012357818794967828
364,0.0001259079622345493
365,0.00012824314977684894
366,0.00013062952799033477
367,0.0001330558116236691
368,0.00013550161663456587
369,0.0001380306518361779
370,0.00014056413751424395
371,0.00014315318044143583
372,0.00014579310026828783
373,0.00014843766570110434
374,0.00015117996139457607
375,0.0001539384059813846
376,0.0001567202802952126
377,0.00015959628475678566
378,0.00016247735027488056
379,0.00016541501853750806
380,0.00016841755888674165
381,0.00017142538296435725
382,0.000174526321649538
383,0.00017765956050276404
384,0.00018080791943148673
385,0.0001840703677031895
386,0.0001873385570769226
387,0.00019066228805280608
388,0.0001940637843907575
389,0.00019747126652093757
390,0.00020097868519132703
391,0.00020452365507867126
392,0.0002080880908742285
393,0.0002117745641981077
394,0.0002154675248032127
395,0.00021922903958947998
396,0.00022306784522438869
397,0.00022691340620770425
398,0.00023088108846354262
399,0.0002348769211045268
400,0.00023891267021369152
401,0.00024306301490836397
402,0.0002472206631831179
403,0.0002514773289668354
404,0.0002557940798207149
405,0.00026012566311427193
406,0.00026460590614984543
407,0.0002690940333049652
408,0.0002736621749042925
409,0.00027831855059026403
410,0.0002829831203456705
411,0.00028779824830669365
412,0.00029263591082470496
413,0.0002975395642796505
414,0.0003025549395684462
415,0.0003075791406771607
416,0.00031274688803520996
417,0.00031795381496239823
418,0.00032321861254528783
419,0.0003286130379844952
420,0.00033401695627810685
421,0.00033957410563322085
422,0.0003451839561374721
423,0.00035081981877873073
424,0.00035664805848930844
425,0.00036248655446007857
426,0.0003683993685348285
427,0.00037446260481240865
428,0.00038053651088599627
429,0.00038673863791031455
430,0.0003930437469743711
431,0.00039935995147069537
432,0.00040586414226065283
433,0.00041241812465761735
434,0.0004190050213902317
435,0.0004258030400351592
436,0.0004326130215112627
437,0.00043952233227965233
438,0.000446583139383275
439,0.0004536563717607394
440,0.0004609019433187404
441,0.0004682329046953283
442,0.00047557761067689423
443,0.00048317285400175183
444,0.0004907814630759682
445,0.0004984847202467162
446,0.0005063647320655574
447,0.0005142586107558441
448,0.0005223465190042281
449,0.0005305355351945995
450,0.000538738962027651
451,0.0005471938270041866
452,0.0005557006683002458
453,0.0005642416242342958
454,0.0005730597517426438
455,0.0005818933969739293
456,0.0005908247095720909
457,0.0005999781890729892
458,0.0006091477764333501
459,0.0006184857180094646
460,0.0006279838320404334
461,0.0006374986604023589
462,0.0006472599869601197
463,0.0006571121797818363
464,0.0006669857343821226
465,0.0006771836674786508
466,0.0006873995464145245
467,0.0006977229982127072
468,0.0007082937331238464
469,0.0007188830699132727
470,0.000729674532022927
471,0.0007406279888155775
472,0.0007516007209823178
473,0.0007628844513869491
474,0.0007742373166072152
475,0.0007856487492966876
476,0.0007973906791732788
477,0.0008091532719414755
478,0.0008210722963536867
479,0.000833233694656039
480,0.0008454164940106207
481,0.0008578633418045837
482,0.0008704548298722302
483,0.0008830684758436598
484,0.0008960639156727814
485,0.0009090962766654425
486,0.0009222564208556059
487,0.0009357169137434303
488,0.00094920109376847
489,0.0009629434957142652
490,0.0009768661046236128
491,0.0009908132138800093
492,0.0010051601562250075
493,0.0010195561368000826
494,0.0010340971381330038
495,0.0010489517716767438
496,0.0010638325457002359
497,0.0010790144600428904
498,0.001094364604174525
499,0.0011097588883182317
500,0.0011255884239786702
501,0.0011414458157053176
502,0.0011575279931575987
503,0.0011738962021555182
504,0.0011902932151514015
505,0.0012070548282915212
506,0.0012239748568767044
507,0.0012409364937297285
508,0.0012583909699968002
509,0.0012758761618233908
510,0.0012935568616685648
511,0.001311589027046864
512,0.0013296529245745419
513,0.0013480790765456046
514,0.0013667026496809493
515,0.0013853625154048455
516,0.0014045576377931823
517,0.0014237865388474064
518,0.0014432346178736282
519,0.001463048103252827
520,0.001482896455463724
521,0.0015031609473377186
522,0.001523607098432575
523,0.0015441427287539319
524,0.0015651990003572285
525,0.0015862923257883848
526,0.0016076903587716742
527,0.0016294073581320948
528,0.001651162574037679
529,0.0016734530696315276
530,0.0016958456958304992
531,0.0017184486164512056
532,0.0017414914293810162
533,0.0017645747919597138
534,0.0017881194864411943
535,0.001811867117135537
536,0.00183575000099598
537,0.0018601749758030636
538,0.001884642932521823
539,0.0019095190676321537
540,0.0019346787989527978
541,0.001959920523331208
542,0.0019857854078221006
543,0.0020116958081092965
544,0.0020379844655238166
545,0.0020646148028002054
546,0.002091299757074642
547,0.002118835189263298
548,0.0021464190769987014
549,0.0021740515055506
550,0.002202448449992092
551,0.0022310104968836855
552,0.0022596228059097623
553,0.0022889043182647752
554,0.002318469549995982
555,0.0023480868092186583
556,0.0023782846730603254
557,0.002408878535675669
558,0.0024395262359182108
559,0.002470673224169468
560,0.0025023215889173707
561,0.0025340256469551844
562,0.0025661555377196606
563,0.002598884705928585
564,0.002631671469373956
565,0.0026648190618912505
566,0.002698655769879955
567,0.0027325520221009405
568,0.0027667531528308203
569,0.0028017245768638117
570,0.0028367575419484168
571,0.002872049100792105
572,0.0029081828620872645
573,0.0029443802098598703
574,0.0029808001565263045
575,0.0030181243263170824
576,0.0030555141774095437
577,0.003093101557932834
578,0.0031316446625852296
579,0.003170255593562901
580,0.003209057525473814
581,0.003248911226330532
582,0.00328883505983737
583,0.003328829149410414
584,0.0033699506927827535
585,0.003411219172649113
586,0.003452560274826362
587,0.003494866977271798
588,0.0035375123423423117
589,0.003580232752700796
590,0.003623766229501441
591,0.003667821218141807
592,0.003711953732658616
593,0.003756762964507647
594,0.00380227327566853
595,0.00384786367371318
596,0.003893959384597804
597,0.003940958066750451
598,0.0039880394549513
599,0.004035469228507127
600,0.004083989766038545
601,0.004132595687706839
602,0.0041814085361184875
603,0.004231484852096509
604,0.0042816492899962425
605,0.004331902004890436
606,0.004383562126216392
607,0.004435319505604363
608,0.004487167965169373
609,0.004540342731512462
610,0.004593727923215683
611,0.004647207059642571
612,0.0047019501719442166
613,0.004756998495469746
614,0.004812143690419122
615,0.004868510331262994
616,0.004925257557936755
617,0.004982104645683228
618,0.005040151491878122
619,0.005098633848009523
620,0.005157219118611845
621,0.0052170043536368255
622,0.005277258523705246
623,0.005337618726198361
624,0.005399202052511196
625,0.005461265182372362
626,0.005523437527979511
627,0.0055868801791873245
628,0.005650789879296193
629,0.005714812044657392
630,0.005780176797548773
631,0.0058459711461970165
632,0.005911881276612321
633,0.005979232463049291
634,0.006046950009615486
635,0.006114786722300799
636,0.006184190240968254
637,0.0062538700091781686
638,0.006323672396531369
639,0.006395195724541465
640,0.006466877215737371
641,0.006538803363221024
642,0.00661239705296147
643,0.006686120249377844
644,0.0067602727255402515
645,0.006835944929239663
646,0.006911750297284815
647,0.006988201038341021
648,0.007065992637924089
649,0.007143921131464739
650,0.007222743695389128
651,0.00730269606266389
652,0.007382789126312242
653,0.007464058703674512
654,0.007546213703613695
655,0.0076285132760144
656,0.007712306700647879
657,0.007796706694669591
658,0.007881255211786389
659,0.007967761123779062
660,0.008054568402520886
661,0.00814152844058265
662,0.008230516717234371
663,0.0083197783683075
664,0.008409197097787981
665,0.008500748871711995
666,0.008592512534074639
667,0.008684487768778676
668,0.00877863595559428
669,0.008872949819909897
670,0.008967616757073672
671,0.009064359325581212
672,0.009161272137057907
673,0.009258717176020916
674,0.009358103342333769
675,0.009457664403693113
676,0.009557975846398545
677,0.00966005538620518
678,0.009762314560728477
679,0.009865705432189382
680,0.009970855196589285
681,0.010076189998540677
682,0.01018196093435172
683,0.010290243574188594
684,0.010398716764661678
685,0.010507380841092802
686,0.010618431643186432
687,0.010730106741752794
688,0.010841978360842285
689,0.010955634521979842
690,0.011070575800539861
691,0.011185719347290748
692,0.011302151693198963
693,0.01142064176630173
694,0.011539340352594659
695,0.011658247819009237
696,0.011780120126598312
697,0.0119024470827394
698,0.012024989304034232
699,0.01214924456869338
700,0.012275274066594344
701,0.012401525345205375
702,0.012528253448638636
703,0.012658060495789757
704,0.012788095971201802
705,0.012918360276851813
706,0.013051050242689481
707,0.013184945892050494
708,0.013319077164599312
709,0.013454491881503836
710,0.013592324520845717
711,0.013730399711502457
712,0.013868717880304103
713,0.014010485994728528
714,0.014152582896604062
715,0.014294929853839927
716,0.014439813412804004
717,0.014586203081298123
718,0.014732850359358299
719,0.014880316485933362
720,0.01503108330073763
721,0.015182115427801
722,0.015333413334007197
723,0.015487499153011482
724,0.015643001538393094
725,0.015798777569464604
726,0.01595573144874824
727,0.01611579037587022
728,0.016276130967066687
729,0.01643675371799639
730,0.016600768838698887
731,0.016765761300568803
732,0.0169310441083118
733,0.017098229048474384
734,0.01726796156706858
735,0.017437992772861163
736,0.017608470048183313
737,0.017783077445009215
738,0.017957992107611367
739,0.018133214576701175
740,0.018311337605608543
741,0.018491228490012085
742,0.018671435937820665
743,0.018853050910424347
744,0.01903801171795389
745,0.019223298010696856
746,0.01940891036142642
747,0.019598657052534316
748,0.01978911699236594
749,0.01997991209452096
750,0.020173485226392562
751,0.02036921455091371
752,0.02056528831056959
753,0.020762822452127815
754,0.020963917833911765
755,0.021165367093761437
756,0.021367170854414336
757,0.02157355947541652
758,0.021780482014231876
759,0.021987768685465044
760,0.0221987280837961
761,0.022411589447567444
762,0.022624825394616858
763,0.022839282813727012
764,0.023058200286694117
765,0.02327750300019059
766,0.023497191632144122
767,0.02372066625443577
768,0.02394615468312875
769,0.024172039915604546
770,0.02439934549402138
771,0.02463114003392564
772,0.024863342474805542
773,0.025095953534465504
774,0.025332825079606266
775,0.025571466791037948
776,0.025810528452769904
777,0.026051582314568545
778,0.026296786819064166
779,0.026542422822749368
780,0.026788491084955433
781,0.02703968301887601
782,0.0272920185742854
783,0.02754479817776626
784,0.02780054238688898
785,0.028059704181035646
786,0.028319322035741945
787,0.028579758486532623
788,0.028845874691162246
789,0.029112459194390285
790,0.029379512820305875
791,0.02965110768900633
792,0.029925045569155963
793,0.030199465512113943
794,0.030475443342144595
795,0.03075686543264013
796,0.031038782756299017
797,0.03132119618460857
798,0.03160834863326234
799,0.03189789545826172
800,0.03218795181394286
801,0.032479932196120706
802,0.032777241674621795
803,0.03307507434415065
804,0.03337343112539333
805,0.033677266580708326
806,0.03398300997139411
807,0.034289291394702034
808,0.034598422438785865
809,0.034912211967709904
810,0.03522655368846466
811,0.035541448572770626
812,0.03586314064761189
813,0.03618567932234057
814,0.036508785585227285
815,0.03683637260258707
816,0.03716743634895482
817,0.0374990826854933
818,0.03783214177314248
819,0.038171873116782135
820,0.038512202303414796
821,0.03885313038509546
822,0.039199478859131984
823,0.03954863470124875
824,0.03989840497113892
825,0.04025074995998688
826,0.040608877269492825
827,0.04096763479433034
828,0.04132702364352188
829,0.04169343447124201
830,0.04206132531372441
831,0.04242986355293524
832,0.042802817788201566
833,0.04317998899580414
834,0.043557823931276836
835,0.04393754566483631
836,0.044324145259150086
837,0.044711425172956586
838,0.04509938660344921
839,0.04549432041668394
840,0.045891194556259465
841,0.04628876709597931
842,0.04669104761544937
843,0.04709766618317
844,0.04750500029881225
845,0.04791486677387797
846,0.04833138091661166
847,0.04874862802102498
848,0.049166609376948396
849,0.049592886315124096
850,0.05002019875678128
851,0.05044826316244594
852,0.050883557885796155
853,0.05132224470544414
854,0.05176170350518438
855,0.0522022405792972
856,0.05265248359499921
857,0.05310351892683277
858,0.053555347969077294
859,0.05401152080727628
860,0.05447431588155943
861,0.0549379253604838
862,0.055402350677199265
863,0.05587470948380629
864,0.05635028389770828
865,0.056826695204719425
866,0.057305323367680946
867,0.05779304814604531
868,0.058281631199147046
869,0.05877107403733616
870,0.05926692581401369
871,0.05976800083434336
872,0.06026995762252459
873,0.06077279773024949
874,0.06128611199023826
875,0.061800781575703304
876,0.06231635685208214
877,0.06283660607506099
878,0.0633641884211174
879,0.06389269918134358
880,0.0644221399895174
881,0.06496082937969191
882,0.06550247703125976
883,0.0660450778484458
884,0.066591364252038
885,0.06714635127848738
886,0.06770231494454568
887,0.06825925696885592
888,0.06882499124731221
889,0.06939452166550679
890,0.06996505431607154
891,0.0705390745904072
892,0.07112237671393933
893,0.07170670530462679
894,0.07229206216879655
895,0.07288656698593664
896,0.07348489786969449
897,0.07408428166749681
898,0.07468778744676328
899,0.07530032800354317
900,0.07591394647986671
901,0.07652864477260435
902,0.07715369962919277
903,0.07778176154623372
904,0.07841092869656102
905,0.0790457244716699
906,0.07968843959801114
907,0.08033228574365192
908,0.08097726489890442
909,0.08163470102737078
910,0.08229343730384275
911,0.08295333279286267
912,0.08362127375500868
913,0.08429511228587364
914,0.08497013660550702
915,0.08564889309625666
916,0.08633804698397346
917,0.08702841361168683
918,0.087719995113517
919,0.08842298494318064
920,0.08912890832854324
921,0.08983607396405621
922,0.0905506768235183
923,0.09127237238034464
924,0.09199533794242933
925,0.09272188026327177
926,0.0934595643624358
927,0.094198546602725
928,0.09493882926854494
929,0.0956912497045593
930,0.09644646632693261
931,0.09720301194332008
932,0.09796820053380381
933,0.09873987018861158
934,0.09951289779068784
935,0.1002911955374267
936,0.10107953781643739
937,0.10186926738239713
938,0.10266101982578002
939,0.10346625525789216
940,0.10427290770471032
941,0.10508097965982754
942,0.10590081484334617
943,0.10672461202323735
944,0.10754985888190272
945,0.1083840150507583
946,0.10922517974843207
947,0.1100678246874004
948,0.11091666037126813
949,0.1117754163019838
950,0.11263568343019797
951,0.11349956117590591
952,0.11437613298433218
953,0.11525424734177916
954,0.11613390696274956
955,0.11702814684353757
956,0.11792433440093397
957,0.1188220990261989
958,0.11973228054576422
959,0.12064676820509025
960,0.12156286513592164
961,0.1224893622475963
962,0.12342237784346233
963,0.1243570353154023
964,0.12530125875390583
965,0.1262551046089049
966,0.12721062899606347
967,0.12816783486917993
968,0.12914152156099556
969,0.13011815848008954
970,0.1310965140379568
971,0.13208256354314285
972,0.13308055836703295
973,0.1340803094143064
974,0.13508181977547903
975,0.1360987701067718
976,0.13712016195609641
977,0.1381433512017593
978,0.13917374153047907
979,0.14021701893566282
980,0.14126213225032933
981,0.14230908470522238
982,0.14337183357366826
983,0.1444391155415765
984,0.14550827566103638
985,0.14658556467594777
986,0.14767525925296252
987,0.14876687142215633
988,0.14986040455801358
989,0.1509715267687828
990,0.15208583472159604
991,0.15320210358001674
992,0.1543288863335866
993,0.15546613313462654
994,0.15660538120795017
995,0.1577483107100209
996,0.1589087387392853
997,0.16007120883403905
998,0.16123572458780805
999,0.16241462778109636
1000,0.1636005620048417
1001,0.16478858317864264
1002,0.1659847803425465
1003,0.1671944200927016
1004,0.1684061885087515
1005,0.16962018001779325
1006,0.17085376597229612
1007,0.17208952273206635
1008,0.17332745411717992
1009,0.17457958570280155
1010,0.17583957117945828
1011,0.17710177391798276
1012,0.17837286821615403
1013,0.17965732204875323
1014,0.18094403620144855
1015,0.18223460501186725
1016,0.18354376610127587
1017,0.184855230989416
1018,0.18616900373039896
1019,0.1874998963653565
1020,0.1888363505683254
1021,0.1901751565991243
1022,0.19152670784721884
1023,0.1928883892018155
1024,0.19425246677776184
1025,0.1956251972496939
1026,0.19701234285107955
1027,0.19840192948456303
1028,0.19979636269908466
1029,0.20120920890337282
1030,0.20262454136643548
1031,0.20404236446346763
1032,0.20547998590905261
1033,0.20692130023762467
1034,0.2083651509217948
1035,0.20982619935682745
1036,0.21129442305304502
1037,0.21276523045866183
1038,0.2142481324477082
1039,0.21574350710599396
1040,0.21724151325262628
1041,0.21874681850637112
1042,0.22026958489646714
1043,0.22179503097755116
1044,0.22332329169437892
1045,0.2248736896940233
1046,0.22642681600942285
1047,0.22798267544173273
1048,0.22955685516743715
1049,0.23113790112297314
1050,0.23272172932704846
1051,0.23432011510872947
1052,0.2359293192259703
1053,0.2375413551431172
1054,0.23916461837876077
1055,0.24080249512533958
1056,0.24244325412852666
1057,0.24409122361417795
1058,0.24575800873654474
1059,0.24742772698707594
1060,0.24910097819084984
1061,0.2507969066170381
1062,0.25249581945636257
1063,0.25419772196064583
1064,0.2559202343567965
1065,0.2576485762993161
1066,0.2593799596947016
1067,0.2611290363298816
1068,0.2628870410848287
1069,0.26464813949181776
1070,0.26642435550429383
1071,0.26821225600282966
1072,0.27000330276248535
1073,0.27180723327255746
1074,0.2736252616979584
1075,0.27544648940214006
1076,0.27727870929950743
1077,0.27912709711959033
1078,0.2809787376434413
1079,0.28283982138583985
1080,0.284718799387181
1081,0.2866010839234043
1082,0.28849160534665697
1083,0.29040140367047945
1084,0.29231456276528855
1085,0.29423509490488375
1086,0.29617594308443196
1087,0.2981202066749929
1088,0.3000713215992383
1089,0.30204344859862703
1090,0.3040190460519733
1091,0.30600131470683206
1092,0.3080049489613109
1093,0.310012109114682
1094,0.31202610118032914
1095,0.31406147063785955
1096,0.31610042184034726
1097,0.3181467055994566
1098,0.32021403776367874
1099,0.3222850079192736
1100,0.3243641501371196
1101,0.3264636721114993
1102,0.3285668887233111
1103,0.33067945453957587
1104,0.33281139307286606
1105,0.33494708328866996
1106,0.3370936361210648
1107,0.33925821765393344
1108,0.34142660831287547
1109,0.3436103191475433
1110,0.3458140539951769
1111,0.34802166686898184
1112,0.3502331645933155
1113,0.3524685764385752
1114,0.3547159418643586
1115,0.35696726209527707
1116,0.359222604601223
1117,0.3615102781026642
1118,0.3638019773414283
1119,0.3660977094018089
1120,0.36840546051279943
1121,0.3707381221887214
1122,0.3730748887699607
1123,0.37541576748012684
1124,0.3777764387193924
1125,0.3801548539901899
1126,0.38253745468124817
1127,0.3849242481578622
1128,0.387338143689387
1129,0.38976291815526914
1130,0.39219195962206066
1131,0.39462576053365106
1132,0.3970929613491912
1133,0.3995645038254619
1134,0.4020403956027026
1135,0.40452899751377097
1136,0.4070432926720885
1137,0.4095620123654603
1138,0.4120851643799636
1139,0.41462973509486706
1140,0.4171915335990956
1141,0.4197578402324457
1142,0.4223286629280979
1143,0.4249303638784855
1144,0.427540075416245
1145,0.4301543793981399
1146,0.4327799043652324
1147,0.4354332702258402
1148,0.4380913053513281
1149,0.4407540179584372
1150,0.44343882150485925
1151,0.44614083695250495
1152,0.44884760727619377
1153,0.45155914084332066
1154,0.4543043669380451
1155,0.4570554441093057
1156,0.4598113624930291
1157,0.46258328449858266
1158,0.46537891735879794
1159,0.46817946983840103
1160,0.4709849505946917
1161,0.4738194125116936
1162,0.4766648482750653
1163,0.47951529129853404
1164,0.4823783116261825
1165,0.48526887997006213
1166,0.48816453499614654
1167,0.49106528565572577
1168,0.49399294389744985
1169,0.49693406097228104
1170,0.4998803536824961
1171,0.5028384159222178
1172,0.5058252456052241
1173,0.5088173313664262
1174,0.5118146824552066
1175,0.5148394624987883
1176,0.5178775930290719
1177,0.5209210699142653
1178,0.5239780826605354
1179,0.52706251059981
1180,0.530152366365908
1181,0.5332476595104468
1182,0.5363734538395376
1183,0.5395099426991009
1184,0.5426519509997388
1185,0.5458117906083022
1186,0.5489951681068223
1187,0.5521841475587445
1188,0.5553788871757919
1189,0.558609410396457
1190,0.5618456185352562
1191,0.565087521596223
1192,0.5683559577708142
1193,0.5716427405965733
1194,0.5749353073433565
1195,0.5782336681894177
1196,0.5815694035230272
1197,0.5849128933341871
1198,0.5882622668565382
1199,0.5916271643877572
1200,0.595021839743233
1201,0.5984224888837104
1202,0.6018291223215563
1203,0.6052637045565491
1204,0.6087158950839865
1205,0.6121741606087965
1206,0.6156400437725343
1207,0.6191440444696517
1208,0.6226542113371367
1209,0.6261705552259066
1210,0.6297084946924809
1211,0.6332708354212682
1212,0.6368394449843396
1213,0.640414334413276
1214,0.6440255931697897
1215,0.6476467449372554
1216,0.6512742690317761
1217,0.6549200448459982
1218,0.658594019149514
1219,0.662274458734587
1220,0.6659613749784968
1221,0.6696828325281104
1222,0.6734164725087951
1223,0.6771566827677563
1224,0.6809147514919964
1225,0.6847018811248465
1226,0.6884956751644333
1227,0.6922961453384434
1228,0.6961322578557819
1229,0.6999799300713311
1230,0.7038343732334679
1231,0.7077091792445565
1232,0.7116110289298134
1233,0.7155197449005035
1234,0.7194353392395697
1235,0.723390557530815
1236,0.7273538513043238
1237,0.7313241194895402
1238,0.7353201068694089
1239,0.7393382888781123
1240,0.7433635418881361
1241,0.7474012740407172
1242,0.7514746604166794
1243,0.7555552149398891
1244,0.7596429502244895
1245,0.7637645760086412
1246,0.7679007547022807
1247,0.7720442120419858
1248,0.7762096540053836
1249,0.7804017857518507
1250,0.784601294607805
1251,0.7888115220247333
1252,0.7930599421847966
1253,0.7973158385079219
1254,0.8015792241502835
1255,0.8058768686499679
1256,0.8101894951315588
1257,0.8145097107633205
1258,0.8188542214121994
1259,0.8232239277315171
1260,0.8276013236472856
1261,0.8319936694439984
1262,0.8364208125125909
1263,0.8408557462519909
1264,0.8452984843718269
1265,0.8497818397462316
1266,0.8542746763356206
1267,0.8587754192000218
1268,0.8633087149094845
1269,0.8678598271004031
1270,0.8724189481168548
1271,0.8770031598461832
1272,0.8816129283507014
1273,0.8862308089012348
1274,0.8908669139487021
1275,0.8955357276715401
1276,0.9002127573452479
1277,0.9049021212287158
1278,0.9096339842064479
1279,0.9143741740860137
1280,0.9191227055206738
1281,0.923904062785198
1282,0.9287078354499316
1283,0.9335200615596
1284,0.9383479486515376
1285,0.9432157385673482
1286,0.9480920945824864
1287,0.9529770317711397
1288,0.9578999011925747
1289,0.9628408338705445
1290,0.9677904613608459
1291,0.9727623626384216
1292,0.9777683304391601
1293,0.9827831074978159
1294,0.9878067093164783
1295,0.992876658535032
1296,0.9979570563894145
1297,1.003046394480027
1298,1.0081679171863185
1299,1.0133144192810237
1300,1.0184699779389264
1301,1.0236446212849193
1302,1.0288593176144163
1303,1.0340831905119463
1304,1.0393162561259686
1305,1.0445910808783028
1306,1.0498837748831669
1307,1.0551857827124962
1308,1.0605119942874794
1309,1.0658740310807826
1310,1.0712455037245527
1311,1.076626428823521
1312,1.0820562878934525
1313,1.0874977627525446
1314,1.0929488132532592
1315,1.0984329045690826
1316,1.1039449340566316
1317,1.1094666633443344
1318,1.1150062727068593
1319,1.1205894244832009
1320,1.126182401217172
1321,1.1317852201982304
1322,1.1374336753966836
1323,1.143098483750822
1324,1.1487732607577685
1325,1.1544801646206846
1326,1.1602174045236073
1327,1.1659647405407776
1328,1.1717314083833759
1329,1.1775416957555067
1330,1.1833622077871926
1331,1.1891929624712674
1332,1.1950739302498308
1333,1.2009682515539735
1334,1.2068729453963924
1335,1.212816723331647
1336,1.2187855036492456
1337,1.2247647875343888
1338,1.2307727347806654
1339,1.2368166405609122
1340,1.242871182110752
1341,1.2489446707567347
1342,1.2550643853777508
1343,1.2611948691729853
1344,1.2673361410934807
1345,1.2735315097011666
1346,1.2797386374980069
1347,1.2859566882944067
1348,1.2922208355459588
1349,1.2985053264887356
1350,1.3048008765708807
1351,1.311135237228701
1352,1.317497828058415
1353,1.3238716154637877
1354,1.33027764324237
1355,1.336719088501346
1356,1.343171869100071
1357,1.3496510381159752
1358,1.3561721103485964
1359,1.3627046580445452
1360,1.36925846425781
1361,1.375859954207876
1362,1.3824730611363554
1363,1.3891030237820734
1364,1.3957857405864686
1365,1.4024802173082431
1366,1.4091878803168982
1367,1.415952651696143
1368,1.4227293273883073
1369,1.429517928341997
1370,1.4363639332395537
1371,1.4432236558831826
1372,1.4500954499302083
1373,1.457030609350847
1374,1.4639826809039012
1375,1.470946986371359
1376,1.4779454814573936
1377,1.4849909724992953
1378,1.4920488618505552
1379,1.4991191713290835
1380,1.506252285996704
1381,1.513404862565731
1382,1.5205700258878652
1383,1.5277704529264688
1384,1.53501884984522
1385,1.5422800021369438
1386,1.5495539322478928
1387,1.5568947627194554
1388,1.5642530690707246
1389,1.5716243242080787
1390,1.5790366205907247
1391,1.586493276300208
1392,1.5939630538660634
1393,1.6014485259486628
1394,1.609004756815804
1395,1.616574284766696
1396,1.624157133200869
1397,1.6317917297407565
1398,1.639462266900789
1399,1.647146302295051
1400,1.654858503074361
1401,1.6626313394583114
1402,1.670417854097551
1403,1.6782180710623675
1404,1.686096163203474
1405,1.693998362052004
1406,1.7019144668014035
1407,1.7098445019225623
1408,1.7178578171900825
1409,1.7258914012733901
1410,1.733939122462717
1411,1.742001119818737
1412,1.750153820632324
1413,1.7583208681675953
1414,1.7665022876711736
1415,1.7747067651084338
1416,1.78299482322349
1417,1.7912974662552186
1418,1.7996147198694021
1419,1.8079661708976404
1420,1.8163917684624074
1421,1.8248321929788642
1422,1.8332874705387172
1423,1.8417905255685496
1424,1.8503558988727031
1425,1.8589363450988734
1426,1.8675318907716096
1427,1.8761913218854738
1428,1.8848987617094926
1429,1.8936215244570493
1430,1.9023596370926352
1431,1.9111803627561963
1432,1.9200322147397706
1433,1.9288996437761416
1434,1.9377869095208011
1435,1.94676976694589
1436,1.9557684319605837
1437,1.9647829323822628
1438,1.9738401099655822
1439,1.9829719746801855
1440,1.9921199091999249
1441,2.0012839418036115
1442,2.010516373076599
1443,2.019799753108906
1444,2.029099469575378
1445,2.0384155512240283
1446,2.047828742010529
1447,2.0572662016162706
1448,2.066720268797653
1449,2.0762132906141173
1450,2.0857905969570316
1451,2.0953847569708532
1452,2.104995800313797
1453,2.1146792555974163
1454,2.124415660133096
1455,2.134169198312664
1456,2.1439399002870143
1457,2.153819767670876
1458,2.1637180006129806
1459,2.1736336519764428
1460,2.183604017887943
1461,2.1936491899427555
1462,2.203712038994981
1463,2.213792596151691
1464,2.2239699017159253
1465,2.2341822412259917
1466,2.244412551906323
1467,2.2546874277077085
1468,2.26505159487374
1469,2.275434000388709
1470,2.285834676347511
1471,2.296327596012554
1472,2.3068644821338156
1473,2.3174199105461066
1474,2.328021413049392
1475,2.338730010410116
1476,2.3494574522306744
1477,2.360203771672571
1478,2.371001589056599
1479,2.381904020694257
1480,2.392825637891529
1481,2.4037664744101637
1482,2.4147676055808267
1483,2.425867570158675
1484,2.436987067904631
1485,2.4481261331921456
1486,2.45933779388902
1487,2.47063907424389
1488,2.4819602420322027
1489,2.493301332250826
1490,2.5047309587627065
1491,2.516237422463766
1492,2.5277641346695523
1493,2.539311131012324
1494,2.5509663850597164
1495,2.5626819851681297
1496,2.5744182018089456
1497,2.586175071262055
1498,2.5980638448614517
1499,2.6099926207925055
1500,2.6219423883919877
1501,2.633918862901066
1502,2.646043604838668
1503,2.658189683295795
1504,2.670357135819337
1505,2.6825805634096294
1506,2.6949264337302448
1507,2.7072940297009156
1508,2.7196833895533064
1509,2.7321623144400586
1510,2.7447336099089665
1511,2.7573270277196875
1512,2.7699426068019597
1513,2.782685821359808
1514,2.7954869290366675
1515,2.808310563467217
1516,2.821160813749571
1517,2.8341733134120597
1518,2.8472087118251777
1519,2.8602670492849427
1520,2.8733966095067416
1521,2.886647551542075
1522,2.8999218119268297
1523,2.9132194316954108
1524,2.926637794913109
1525,2.9401318363750715
1526,2.953649623980487
1527,2.9671911995165745
1528,2.9809081232099133
1529,2.9946500163770287
1530,3.0084160918444454
1531,3.022261892303276
1532,3.0362319024020366
1533,3.0502264962297216
1534,3.0642457170474935
1535,3.0784067984744867
1536,3.092634003799504
1537,3.106886245452543
1538,3.1211864464839936
1539,3.1356504321593834
1540,3.150139870836851
1541,3.1646548073072602
1542,3.1792878278661703
1543,3.1940187166941727
1544,3.2087755282068464
1545,3.2235584687364036
1546,3.23853513894818
1547,3.2535381643582495
1548,3.268567591345098
1549,3.283701728189166
1550,3.2989553858556917
1551,3.3142358861489325
1552,3.3295432763051225
1553,3.3450401008988986
1554,3.3605761816300905
1555,3.3761396019817207
1556,3.3918054578336814
1557,3.407601708581806
1558,3.423425756784354
1559,3.4392776513578194
1560,3.4553259414013855
1561,3.47141529925692
1562,3.4875329703618214
1563,3.5037625999738666
1564,3.5201220350925833
1565,3.5365102587289154
1566,3.5529273215433714
1567,3.5695600190093475
1568,3.5862236589127825
1569,3.6029166226578884
1570,3.6197435565144764
1571,3.6366875660513265
1572,3.653661392810059
1573,3.6706872055609177
1574,3.687916629747047
1575,3.7051763734132432
1576,3.7224664899141167
1577,3.739925755747337
1578,3.757476564178166
1579,3.775058257644635
1580,3.792730107526211
1581,3.810577224831545
1582,3.8284557486017805
1583,3.8463657341043547
1584,3.8644938767428987
1585,3.882674583013534
1586,3.900887282781874
1587,3.91924230445945
1588,3.937730646872259
1589,3.9562515241451783
1590,3.9748385571473848
1591,3.993640093532299
1592,4.012474715920101
1593,4.03134248253378
1594,4.050419345217664
1595,4.069573387614688
1596,4.088761136336627
1597,4.108107211273647
1598,4.127634799062331
1599,4.147196750522086
1600,4.166793126124275
1601,4.186548738671994
1602,4.206499986685468
1603,4.226486343905617
1604,4.2465078721157665
1605,4.266660550914868
1606,4.287043858105011
1607,4.307463034817471
1608,4.327918144173535
1609,4.348484630289241
1610,4.36930850548258
1611,4.390169025487261
1612,4.411066254788879
1613,4.432063757334611
1614,4.4533368176481885
1615,4.4746473132260824
1616,4.495995309944881
1617,4.517441505500094
1618,4.539172475678984
1619,4.560941686928513
1620,4.582749206543277
1621,4.60466223860539
1622,4.62685995054428
1623,4.649096724902023
1624,4.671372630418588
1625,4.69377110855181
1626,4.716444500915847
1627,4.73915779277674
1628,4.761911054347508
1629,4.784814053020601
1630,4.807972170934504
1631,4.831171041340404
1632,4.854410735952368
1633,4.877837793079115
1634,4.901489787869813
1635,4.925183404251667
1636,4.948918715468133
1637,4.972889830670192
1638,4.997044959656193
1639,5.021242595623043
1640,5.045482813372257
1641,5.070018445987213
1642,5.094686072310818
1643,5.119397107481738
1644,5.144151627888523
1645,5.16927269474653
1646,5.194462287247097
1647,5.2196962071241915
1648,5.245026455491742
1649,5.270702405375409
1650,5.296423538502358
1651,5.3221899343836485
1652,5.348141956351828
1653,5.374358176133198
1654,5.400620529896977
1655,5.426929098827276
1656,5.45352511413307
1657,5.480291372183163
1658,5.507104732144645
1659,5.533965276904935
1660,5.561227952554543
1661,5.588554122635192
1662,5.615928379931524
1663,5.643456198768128
1664,5.671303256247817
1665,5.699199317574054
1666,5.727144468981159
1667,5.755378553080793
1668,5.783804567753428
1669,5.81228060509157
1670,5.840806865397614
1671,5.869771040121162
1672,5.898786184536565
1673,5.927852388337522
1674,5.957126073933739
1675,5.986688603662586
1676,6.016303156037472
1677,6.045969822605029
1678,6.076015685771026
1679,6.10618693634859
1680,6.13641128076762
1681,6.166795678724543
1682,6.197532033628923
1683,6.228322476816214
1684,6.259167103468046
1685,6.290367173981322
1686,6.321732193150439
1687,6.353152406893252
1688,6.384721502654916
1689,6.416669631051463
1690,6.4486739801471975
1691,6.48073464887626
1692,6.51318980522786
1693,6.545821291864374
1694,6.5785102017384895
1695,6.6112586045379995
1696,6.644526959565228
1697,6.677853858558132
1698,6.711239404539216
1699,6.744821947829085
1700,6.778796647565615
1701,6.812831134256562
1702,6.846925513111782
1703,6.881370104276828
1704,6.91606342222564
1705,6.950817791715867
1706,6.985633320182702
1707,7.020968369061888
1708,7.056392698318723
1709,7.091879365512666
1710,7.1275895621643715
1711,7.163729940680977
1712,7.19993391720112
1713,7.236201603641106
1714,7.272764946476809
1715,7.3096973458900925
1716,7.346694737064101
1717,7.383757234367773
1718,7.421203693506926
1719,7.458941990110266
1720,7.496746696650263
1721,7.534617929991474
1722,7.572978054322842
1723,7.611536256221549
1724,7.650162310883534
1725,7.688856337712371
1726,7.7281612482672575
1727,7.767553495651846
1728,7.807015063509484
1729,7.846657581578209
1730,7.886827458235506
1731,7.927068023797447
1732,7.967379402658501
1733,8.008020741438044
1734,8.049051826458385
1735,8.090155115892884
1736,8.131330736802916
1737,8.173003643476651
1738,8.214910450585643
1739,8.256891003158767
1740,8.298961206228963
1741,8.341683203118167
1742,8.384480380000067
1743,8.427352869172266
1744,8.470511724435639
1745,8.514137283373536
1746,8.557839612345328
1747,8.601618846446694
1748,8.64590067907533
1749,8.690444691529917
1750,8.735067090264797
1751,8.77981007778962
1752,8.82520768272872
1753,8.870685176055657
1754,8.916242698353589
1755,8.962168702039621
1756,9.008513285466572
1757,9.054939423724418
1758,9.101447260328845
1759,9.148592135498992
1760,9.195898972156831
1761,9.243289056968287
1762,9.290962973631235
1763,9.339162657150027
1764,9.387447160007637
1765,9.43581663146447
1766,9.484772318033775
1767,9.533963475152202
1768,9.583241196352555
1769,9.632770315129125
1770,9.682880429375254
1771,9.733078724835957
1772,9.783365356687634
1773,9.834240966131818
1774,9.885372227453535
1775,9.93659346695068
1776,9.988088540598344
1777,10.040165226818576
1778,10.092333554923385
1779,10.144593686179073
1780,10.19750175293052
1781,10.250629718549384
1782,10.303851176038853
1783,10.357443254098209
1784,10.411588441037104
1785,10.465828909899336
1786,10.520164828356712
1787,10.57514871362834
1788,10.630421703228565
1789,10.685791959399733
1790,10.741357699901336
1791,10.79767677781831
1792,10.854094963157438
1793,10.910612430322475
1794,10.967641931827453
1795,11.025121694781639
1796,11.082702607670196
1797,11.140384848491106
1798,11.198920577780385
1799,11.257578665774677
1800,11.316339977257385
1801,11.375540596919384
1802,11.435289646232269
1803,11.495143838849799
1804,11.555103359797327
1805,11.61588514477783
1806,11.676846085888165
1807,11.737914302926109
1808,11.79941530427272
1809,11.861496918096698
1810,11.923687779949004
1811,11.985988082078187
1812,12.049147075339675
1813,12.112474587687093
1814,12.175913540528914
1815,12.239847830688403
1816,12.30432605617306
1817,12.368917747116294
1818,12.433650983523357
1819,12.499294041761056
1820,12.565052615268405
1821,12.63092690732267
1822,12.69743092027162
1823,12.764370577897735
1824,12.831428032480085
1825,12.898789580173379
1826,12.96692458058789
1827,13.035179481459524
1828,13.103554493782386
1829,13.172922709290802
1830,13.242572574090246
1831,13.312345005124678
1832,13.382240218079302
1833,13.453085598230508
1834,13.524281959583819
1835,13.595603608614539
1836,13.667050765796906
1837,13.73944204342203
1838,13.812276720385562
1839,13.885239568047217
1840,13.95833081195461
1841,14.032049840028542
1842,14.106547942829257
1843,14.181177143536374
1844,14.25593767284863
1845,14.331039012155538
1846,14.40722579416987
1847,14.483546645738388
1848,14.560001802789083
1849,14.63659150166514
1850,14.714441823720508
1851,14.792479765726727
1852,14.870655034859299
1853,14.948967872778718
1854,15.028328934917115
1855,15.108109548426848
1856,15.188030555723202
1857,15.268092203863205
1858,15.34902136061341
1859,15.430570368061408
1860,15.512262881221178
1861,15.594099152625908
1862,15.676654638850602
1863,15.759997903964885
1864,15.843487832229583
1865,15.927124681734153
1866,16.01136558883999
1867,16.0965291165678
1868,16.18184251064668
1869,16.267306034802882
1870,16.353292287035146
1871,16.440302223451326
1872,16.527465275429574
1873,16.614781712413944
1874,16.702574043227667
1875,16.79145667541393
1876,16.880495718631767
1877,16.96969144812437
1878,17.059351376618675
1879,17.15013313250756
1880,17.241074641403852
1881,17.332176184431752
1882,17.42378051956354
1883,17.516544891329005
1884,17.609472505002728
1885,17.70256364784848
1886,17.795988951032122
1887,17.89076378869823
1888,17.985705406182305
1889,18.08081409697393
1890,18.176125470815812
1891,18.272938758169204
1892,18.369922412494535
1893,18.467076733593796
1894,18.564402021796578
1895,18.663219949962755
1896,18.762273807135525
1897,18.86150197411351
1898,18.960904757637135
1899,19.061758699780313
1900,19.162911057988303
1901,19.2642414188303
1902,19.365750095545142
1903,19.468707498252012
1904,19.571986787077357
1905,19.67544782139422
1906,19.779090921027862
1907,19.884219960376353
1908,19.989654739967232
1909,20.095275058165573
1910,20.20108124147156
1911,20.3084507947859
1912,20.416069754966234
1913,20.523878097356636
1914,20.631916750449513
1915,20.741555772751692
1916,20.851387732060388
1917,20.961412967894965
1918,21.071814667550047
1919,21.183691696873417
1920,21.295765601526504
1921,21.408036727959086
1922,21.520872311361494
1923,21.63501636941112
1924,21.74936129218435
1925,21.863907433151223
1926,21.97924832660513
1927,22.095688560225067
1928,22.212333699253342
1929,22.32918410427059
1930,22.44710229439764
1931,22.565867974286515
1932,22.684842651777306
1933,22.804026694651814
1934,22.92459469938754
1935,23.04571521872671
1936,23.16704887958573
1937,23.288598978999698
1938,23.411886896402617
1939,23.535391769394856
1940,23.659113979762207
1941,23.78344341239066
1942,23.90914107657637
1943,24.03505993689197
1944,24.16120038258549
1945,24.288383122724255
1946,24.416520232920462
1947,24.544882832050014
1948,24.673471316915137
1949,24.80358175400881
1950,24.934188125316666
1951,25.065024330828148
1952,25.19633194246074
1953,25.329203683340047
1954,25.46230924489682
1955,25.595649038594992
1956,25.730017455358144
1957,25.865413984739426
1958,26.001048777782184
1959,26.13692225376883
1960,26.274426976108302
1961,26.412378392326232
1962,26.550572568154887
1963,26.689437118829378
1964,26.829726753672002
1965,26.970263262794553
1966,27.11104708063183
1967,27.253183178629335
1968,27.396083623578043
1969,27.539235537166267
1970,27.682837402883038
1971,27.828123352698732
1972,27.973664969034488
1973,28.11946270179726
1974,28.266516349919605
1975,28.414544499863904
1976,28.562833141900533
1977,28.711382734428216
1978,28.861762251905052
1979,29.012565354009098
1980,29.163633831412803
1981,29.315410332230723
1982,29.468751475251256
1983,29.622362459876353
1984,29.776243760957257
1985,29.931483948859498
1986,30.08766109683266
1987,30.244113077054603
1988,30.40085549355849
1989,30.559622496671615
1990,30.718668889517886
1991,30.87799516375078
1992,31.03833965963605
1993,31.200004236478556
1994,31.361953302043368
1995,31.524187356956844
1996,31.68821237249414
1997,31.8528080829736
1998,32.01769344022119
1999,32.18338673663018
2000,32.3506529886681
2001,32.5182135869455
2002,32.68606904943531
2003,32.85558165645271
2004,33.02584148055713
2005,33.19640091882204
2006,33.36768784650372
2007,33.5406709305861
2008,33.71395842107095
2009,33.88755085363442
2010,34.0627958402435
2011,34.23883551241022
2012,34.41518496979211
2013,34.592310173601994
2014,34.771126213838144
2015,34.95025692498755
2016,35.12970286078937
2017,35.310924578228146
2018,35.49286083339728
2019,35.67511725025892
2020,35.85832465698472
2021,36.043090812388144
2022,36.228182109384846
2023,36.41359912013945
2024,36.6010409490888
2025,36.788991596454814
2026,36.97727298930401
2027,37.16680526644289
2028,37.35763981109255
2029,37.548810176146695
2030,37.740477688687136
2031,37.93422076020437
2032,38.1283047703891
2033,38.322730319204545
2034,38.518828323308334
2035,38.71585074085727
2036,38.91321986788173
2037,39.11155621717133
2038,39.31154190066066
2039,39.51187950821467
2040,39.71256965912815
2041,39.915471871617115
2042,40.11880296613564
2043,40.32249187178382
2044,40.52773404782824
2045,40.73408374806757
2046,40.94079657140929
2047,41.148421558289954
2048,41.35781510416542
2049,41.56757712953154
2050,41.77770828281605
2051,41.990089990487355
2052,42.20292663310983
2053,42.41613781418893
2054,42.63132851042744
2055,42.84777176274904
2056,43.0645959002368
2057,43.28180159314927
2058,43.50067961949858
2059,43.72113853500791
2060,43.94198540222014
2061,44.1632209038291
2062,44.38589357249152
2063,44.61040292276201
2064,44.83530735246085
2065,45.06060755682476
2066,45.287181524257605
2067,45.51577569835536
2068,45.74477214012248
2069,45.97417155744501
2070,46.204752714736046
2071,46.437465700335366
2072,46.670588201654176
2073,46.90412093933322
2074,47.13881428700311
2075,47.375679651329435
2076,47.612961838494726
2077,47.85066158199827
2078,48.089571102547794
2079,48.330621972937585
2080,48.57209703158095
2081,48.81399702493836
2082,49.05722555299254
2083,49.30249459699167
2084,49.54819525214509
2085,49.794328277975566
2086,50.041977367911485
2087,50.29149677286595
2088,50.54145526851645
2089,50.7918536275477
2090,51.044023418509546
2091,51.29782487063944
2092,51.55207294876624
2093,51.80676843883478
2094,52.0635575170451
2095,52.3216721799652
2096,52.58024105902261
2097,52.83926495351873
2098,53.10077021180629
2099,53.363228704513496
2100,53.62614905737947
2101,53.88953208315702
2102,54.15584857761585
2103,54.4226809518989
2104,54.689982883245136
2105,54.95821675171803
2106,55.228976001647865
2107,55.50021171893169
2108,55.77192474202716
2109,56.045148310077444
2110,56.32033196452253
2111,56.595999872132495
2112,56.87215288506594
2113,57.15045559822759
2114,57.43009181650982
2115,57.710220123320525
2116,57.99084138460637
2117,58.27431026948822
2118,58.558426548697
2119,58.84304280018508
2120,59.12876327113466
2121,59.41687940959721
2122,59.705502559060676
2123,59.99463361173124
2124,60.28568415686376
2125,60.57832529814958
2126,60.8714814132724
2127,61.16515340845082
2128,61.46161371040865
2129,61.75880516463435
2130,62.05651960007175
2131,62.355468417062944
2132,62.65670462853878
2133,62.95847093895546
2134,63.260768281147975
2135,63.56527734363158
2136,63.871104081423205
2137,64.17746899629459
2138,64.48461849154225
2139,64.79451330401285
2140,65.1049534523244
2141,65.41593989612437
2142,65.72879036761394
2143,66.04331248015382
2144,66.35838807138485
2145,66.67402437907481
2146,66.99263423288248
2147,67.31180475874957
2148,67.63153694331129
2149,67.95329141059807
2150,68.27715289913738
2151,68.60158430125479
2152,68.92658661984802
2153,69.25261870341608
2154,69.5817436632593
2155,69.911447799028
2156,70.24173212991901
2157,70.57259767692308
2158,70.90655979527719
2159,71.24154645385602
2160,71.57712260342942
2161,71.91328928134624
2162,72.25177848080962
2163,72.59211449062572
2164,72.93304940490887
2165,73.27458427757306
2166,73.6174724559171
2167,73.96316091181413
2168,74.30945769109591
2169,74.6563638642513
2170,75.00388050365258
2171,75.35481198141915
2172,75.706471385542
2173,76.05874962036734
2174,76.41164777487363
2175,76.7671817395599
2176,77.12420212677003
2177,77.4818507786216
2178,77.84012880069436
2179,78.20037142084547
2180,78.56274866815818
2181,78.92576360679513
2182,79.28941735892451
2183,79.6544688169269
2184,80.02219623803906
2185,80.39057076539132
2186,80.75959353771948
2187,81.12954762163021
2188,81.50261588235485
2189,81.87634064780877
2190,82.25072307326657
2191,82.62576431603586
2192,83.00406378931363
2193,83.38312670239834
2194,83.76285666923798
2195,84.14325486367053
2196,84.52658059533744
2197,84.91096673573905
2198,85.29602929738988
2199,85.68176947061215
2200,86.07019067165928
2201,86.45988219645685
2202,86.85025947859805
2203,87.24132372483405
2204,87.63490139080461
2205,88.02987743878231
2206,88.4255485434869
2207,88.82191592803386
2208,89.22070237210139
2209,89.62093896505657
2210,90.02187987192544
2211,90.42352633211368
2212,90.82756470553177
2213,91.23303464647198
2214,91.63921811065222
2215,92.04611635368401
2216,92.45544015310195
2217,92.86611292114796
2218,93.27750836805055
2219,93.68962776553249
2220,94.10426032668913
2221,94.52010196857402
2222,94.936675385182
2223,95.35398186424224
2224,95.77393584155269
2225,96.19490885959415
2226,96.61662268223806
2227,97.03907861310368
2228,97.46435544461893
2229,97.89041868100361
2230,98.3172316794422
2231,98.74503390705866
2232,99.17538511649933
2233,99.6064936337056
2234,100.03836079133768
2235,100.47152827370921
2236,100.90686714614037
2237,101.3429721033157
2238,101.77984449334066
2239,102.21834542073984
2240,102.65861917709593
2241,103.09966770229643
2242,103.54149235972825
2243,103.98528151922508
2244,104.43043322453711
2245,104.87636828260193
2246,105.32308807191163
2247,105.7721062346937
2248,106.22207466154255
2249,106.6728349173071
2250,107.12464098285879
2251,107.57856168635232
2252,108.03328117373057
2253,108.48880085063999
2254,108.94580792716496
2255,109.40449186334287
2256,109.86398296544009
2257,110.32428265385329
2258,110.78613516687344
2259,111.24949435592335
2260,111.71366893810453
2261,112.17866034829129
2262,112.64527845062706
2263,113.11321896086669
2264,113.58198292615312
2265,114.05157179554728
2266,114.52285837199278
2267,114.99528019723019
2268,115.46853336344375
2269,115.9426193335715
2270,116.4184593373434
2271,116.89525614867728
2272,117.37289199980431
2273,117.85141423623209
2274,118.33162806736075
2275,118.81268695133302
2276,119.29459237521625
2277,119.77752317785531
2278,120.261872031826
2279,120.74707321518201
2280,121.23312822779528
2281,121.72030064082163
2282,122.20865781820858
2283,122.69787437856401
2284,123.18795183417137
2285,123.67917807020947
2286,124.17140943145877
2287,124.66450699320684
2288,125.15847227973468
2289,125.65354287632451
2290,126.14950652286043
2291,126.64634293772043
2292,127.14406819553326
2293,127.64273660718491
2294,128.14228254682322
2295,128.64270755866175
2296,129.1439667952225
2297,129.64605304844005
2298,130.14902284412733
2299,130.65287773708263
2300,131.15739911057048
2301,131.66273624926245
2302,132.16896265110782
2303,132.67604780571583
2304,133.18356658930503
2305,133.6919784751518
2306,134.20128503487578
2307,134.71121444525016
2308,135.2216171783034
2309,135.7329180885827
2310,136.24511875663927
2311,136.75755185397168
2312,137.27064315326353
2313,137.78463736092627
2314,138.2995677402934
2315,138.81573387329453
2316,139.332808325551
2317,139.85079269546006
2318,140.37166432847982
2319,140.89582225599534
2320,141.42090256622237
2321,141.9469068823066
2322,142.4775129914754
2323,143.00978464137805
2324,143.54299295200892
2325,144.07813796654173
2326,144.61766402098624
2327,145.15813950200643
2328,145.69956608033758
2329,146.24474463638325
2330,146.79254807147498
2331,147.3413154991525
2332,147.8912253713193
2333,148.44641734469752
2334,149.00258631254823
2335,149.5597339941176
2336,150.1199436382595
2337,150.68357537459218
2338,151.24819895715453
2339,151.81381613132876
2340,152.3847616028393
2341,152.95724227651365
2342,153.53073036821564
2343,154.10563695498416
2344,154.6860247253947
2345,155.26743382824435
2346,155.84986606080173
2347,156.4347759581687
2348,157.0241561613072
2349,157.61457352119314
2350,158.20602986294267
2351,158.8011263892323
2352,159.3995791058388
2353,159.9990849444218
2354,160.59964575819063
2355,161.20511123730122
2356,161.81271696616238
2357,162.4213919238833
2358,163.03139764077105
2359,163.64715374726816
2360,164.26399342514216
2361,164.88191858118608
2362,165.50262238486894
2363,166.12767746936333
2364,166.7538324889775
2365,167.38108937929874
2366,168.01267051826966
2367,168.6471063029803
2368,169.28265853036044
2369,169.9193291650471
2370,170.5619658434005
2371,171.20586454021415
2372,171.85089633191794
2373,172.49863612855293
2374,173.15093258366886
2375,173.80437691151195
2376,174.45897113202616
2377,175.11831727929805
2378,175.78056792553286
2379,176.44398396123444
2380,177.1085674371724
2381,177.77862817793914
2382,178.4509070930062
2383,179.1243690446359
2384,179.79901611465053
2385,180.48000590747094
2386,181.16238718174233
2387,181.84596927004927
2388,182.53154447911635
2389,183.22288567374784
2390,183.91544344950512
2391,184.60921994724023
2392,185.30612700001964
2393,186.00770089328063
2394,186.7105093744997
2395,187.4145546162159
2396,188.12300244964734
2397,188.83488318616773
2398,189.5480166479522
2399,190.26240503945658
2400,190.98260056682045
2401,191.70486237170186
2402,192.4283951697675
2403,193.15391921806307
2404,193.88534927955166
2405,194.6180664679256
2406,195.35207304817754
2407,196.08973334581103
2408,196.83167470853377
2409,197.57492169523442
2410,198.3194766034552
2411,199.0694741172873
2412,199.8220011746482
2413,200.5758524839895
2414,201.33171733320842
2415,202.09356394585367
2416,202.85675121042138
2417,203.62128148609287
2418,204.39003864620338
2419,205.16295234106482
2420,205.93722616296463
2421,206.71286250535414
2422,207.4937127998889
2423,208.27777807037373
2424,209.06322309169556
2425,209.8500502918388
2426,210.64318863863144
2427,211.4384905296905
2428,212.235191945041
2429,213.03370709886872
2430,213.8389143163901
2431,214.64553848894192
2432,215.45358210997642
2433,216.26474177708533
2434,217.0813375383434
2435,217.89937029542529
2436,218.71884257705054
2437,219.54283454713755
2438,220.3709056704579
2439,221.20043398317182
2440,222.03142204953235
2441,222.86843185410555
2442,223.70806585095195
2443,224.54917738475496
2444,225.39219031045303
2445,226.24198000380264
2446,227.0932651054258
2447,227.9460482468309
2448,228.80241612805125
2449,229.66392528118217
2450,230.52695046569661
2451,231.3914943493925
2452,232.26139586458686
2453,233.1347140723119
2454,234.0095690921901
2455,234.88596362858863
2456,235.76957533170432
2457,236.65479298970195
2458,237.54156839969335
2459,238.4317684134825
2460,239.32740066767246
2461,240.22460900075998
2462,241.12339618620902
2463,242.02762468144556
2464,242.93531846829208
2465,243.8446095590928
2466,244.755695517919
2467,245.6739277947187
2468,246.59377592039286
2469,247.51524273839064
2470,248.44066593124322
2471,249.37112475228082
2472,250.30322093762132
2473,251.236957368575
2474,252.17688352375725
2475,253.11966338795807
2476,254.06410229818158
2477,255.0112776944996
2478,255.96479613046696
2479,256.9199925094624
2480,257.87686978420123
2481,258.83884322572254
2482,259.80485267029746
2483,260.772562038708
2484,261.74202675776445
2485,262.7189054969562
2486,263.69750328702133
2487,264.6778231530153
2488,265.6623717577611
2489,266.65191495577847
2490,267.64319949069966
2491,268.63622842679456
2492,269.63601655174836
2493,270.6383235266222
2494,271.6423942991982
2495,272.65002566417786
2496,273.6634135593879
2497,274.6785847517372
2498,275.6955423793353
2499,276.7186859962524
2500,277.74501692710965
2501,278.7731539313487
2502,279.8043553531763
2503,280.84190610139535
2504,281.88128266684924
2505,282.92248826246976
2506,283.9695723834618
2507,285.02040667245575
2508,286.0730901541198
2509,287.1279515546677
2510,288.1902757006592
2511,289.2544692583687
2512,290.32053551744184
2513,291.39115343812267
2514,292.46688928396367
2515,293.54451814247705
2516,294.6240433448389
2517,295.71061113614076
2518,296.7998349425769
2519,297.89097549683584
2520,298.98589296418845
2521,300.08674416405773
2522,301.18953257281765
2523,302.29426159941545
2524,303.4055013522037
2525,304.51997023146174
2526,305.63640028302353
2527,306.7563593922959
2528,307.88254148727174
2529,309.01070536663747
2530,310.1408545177824
2531,311.27749675444466
2532,312.4174274094436
2533,313.5593640425565
2534,314.70508389373623
2535,315.8568144324272
2536,317.01057171382575
2537,318.1663593044317
2538,319.33007040007584
2539,320.49679970305175
2540,321.66558214248033
2541,322.83642133130854
2542,324.0146794711128
2543,325.1964976519521
2544,326.3803955215622
2545,327.5663767396125
2546,328.7593933737179
2547,329.956391619973
2548,331.15549626777755
2549,332.356711023809
2550,333.564692225509
2551,334.7769631678302
2552,335.99136738748155
2553,337.2079086384321
2554,338.43105523938056
2555,339.6586930227084
2556,340.88849112481154
2557,342.12045334724604
2558,343.35896102401335
2559,344.60206137396335
2560,345.84734925258266
2561,347.0948285093063
2562,348.34888786466496
2563,349.60754815487826
2564,350.8684233549997
2565,352.1315173626499
2566,353.40131400198607
2567,354.67563332290655
2568,355.9521951093452
2569,357.2310033074094
2570,358.5167179093782
2571,359.80679713862366
2572,361.09914656650733
2573,362.3937701879417
2574,363.6955785682966
2575,365.001520442671
2576,366.30976042959145
2577,367.62030257308766
2578,368.9383757405137
2579,370.2602849297262
2580,371.5845203295761
2581,372.9110860335392
2582,374.2455673086944
2583,375.58352289735325
2584,376.9238329339058
2585,378.2665015615152
2586,379.6176181626774
2587,380.97169337722255
2588,382.3281514057698
2589,383.6871326836181
2590,385.0549944988002
2591,386.42526338862507
2592,387.7979435888648
2593,389.1740583488447
2594,390.5581601611977
2595,391.9446976261159
2596,393.33367502965734
2597,394.72715945037595
2598,396.12757690108407
2599,397.53045871538177
2600,398.93580922985143
2601,400.3468949997002
2602,401.7637046261703
2603,403.18300746193523
2604,404.6048078943354
2605,406.0337223899065
2606,407.4670016483792
2607,408.902803098148
2608,410.34113117755504
2609,411.7880976421746
2610,413.2379249296993
2611,414.6903035284749
2612,416.1465970121351
2613,417.6104756501478
2614,419.0769303259167
2615,420.54596557253495
2616,422.0207534028577
2617,423.5013104218259
2618,424.98447282787873
2619,426.47024520575695
2620,427.9637387167029
2621,429.46105531872934
2622,430.9610068000582
2623,432.4645063120693
2624,433.9760048842283
2625,435.49016329203636
2626,437.00698621604806
2627,438.52960973059066
2628,440.0580036396535
2629,441.58908711546394
2630,443.12286489089365
2631,444.66481333305467
2632,446.21018675086884
2633,447.7582796146418
2634,449.31087454707637
2635,450.87056807365127
2636,452.4330062456074
2637,453.9981938927376
2638,455.5705108830208
2639,457.147325371635
2640,458.72691463375287
2641,460.31029197737985
2642,461.90151458981353
2643,463.49553733004785
2644,465.09236512550535
2645,466.6958486565704
2646,468.30433754752914
2647,469.9156569501151
2648,471.53059963692033
2649,473.1535881694459
2650,474.7794327289346
2651,476.40813834117665
2652,478.04355954394794
2653,479.683963637939
2654,481.32725440540906
2655,482.974519630361
2656,484.62951847178874
2657,486.2874296693809
2658,487.94825834804965
2659,489.61636378800347
2660,491.288931534356
2661,492.96444255322075
2662,494.64476404949215
2663,496.3320253133541
2664,498.02225570621516
2665,499.7154604528895
2666,501.4186957755102
2667,503.12556275059603
2668,504.8354333552497
2669,506.5483128749958
2670,508.26795978512473
2671,509.9945049756216
2672,511.7240884238374
2673,513.4567154762312
2674,515.1931585640675
2675,516.9394551410269
2676,518.6888247326086
2677,520.4412727464334
2678,522.1968045996372
2679,523.9610097750727
2680,525.7302407490685
2681,527.5025850957666
2682,529.2780482938025
2683,531.0597619081774
2684,532.8489314893634
2685,534.6412495295967
2686,536.4367215692564
2687,538.2363016452468
2688,540.0454890561444
2689,541.857860151839
2690,543.6734205346924
2691,545.4921758169298
2692,547.3205031123387
2693,549.1530086349129
2694,550.9887388755666
2695,552.8276995088679
2696,554.6745613364736
2697,556.527284673016
2698,558.3832683052858
2699,560.2425179704601
2700,562.1082498621582
2701,563.9812764198335
2702,565.8575990011734
2703,567.7372234062211
2704,569.6221537017523
2705,571.5155709106144
2706,573.4123200249196
2707,575.3124069078555
2708,577.2168571540758
2709,579.1307544683332
2710,581.0480197272228
2711,582.9686588573462
2712,584.8929441958362
2713,586.8274130936833
2714,588.7652861363171
2715,590.7065693140422
2716,592.6512686277042
2717,594.6061328386525
2718,596.5647073301573
2719,598.5267283854262
2720,600.4922020694073
2721,602.4675001634862
2722,604.4468717920445
2723,606.429726581418
2724,608.4160706609545
2725,610.4121022769094
2726,612.4123687495734
2727,614.4161551520314
2728,616.4234676783325
2729,618.4405274595177
2730,620.4617884968274
2731,622.4866064083843
2732,624.5149874532478
2733,626.553365370368
2734,628.5957226997982
2735,630.6416740269303
2736,632.6912749132252
2737,634.7512073366613
2738,636.8147646849725
2739,638.8819533369652
2740,640.9534458931447
2741,643.0346466266849
2742,645.119509711247
2743,647.2080415914922
2744,649.3017021533088
2745,651.4042787060647
2746,653.5105552251628
2747,655.6205382214587
2748,657.7366396295031
2749,659.8607014774307
2750,661.9885010996644
2751,664.1200450735852
2752,666.2588569293098
2753,668.4045155037276
2754,670.5539498564899
2755,672.7071666318556
2756,674.8689555400134
2757,677.0363242152612
2758,679.2075068723942
2759,681.3825102228951
2760,683.5675400204706
2761,685.7567341008149
2762,687.9497805694758
2763,690.1479656375438
2764,692.3552181772563
2765,694.5663548829997
2766,696.7813825897604
2767,699.0033256924139
2768,701.2326012251874
2769,703.465799678111
2770,705.7029279543622
2771,707.9488846114036
2772,710.2003039327134
2773,712.4556851408447
2774,714.7155672485138
2775,716.9852589799214
2776,719.258944752338
2777,721.5366315940951
2778,723.821025836262
2779,726.1130691996542
2780,728.4091459364613
2781,730.7092631442216
2782,733.0184184702525
2783,735.332939590736
2784,737.6515336389707
2785,739.9753503311067
2786,742.3083716641023
2787,744.6454984798846
2788,746.9867380028853
2789,749.3357992062314
2790,751.6915160305
2791,754.0513782750295
2792,756.4155773896143
2793,758.7899427482157
2794,761.1684863431017
2795,763.5512155267241
2796,765.9411333534766
2797,768.3384181855157
2798,770.7399215854412
2799,773.145650976674
2800,775.5615281728454
2801,777.9818670120508
2802,780.4064649874725
2803,782.8381692155683
2804,785.2774059183066
2805,787.7209350120138
2806,790.1687640500171
2807,792.6268910636193
2808,795.0894149834286
2809,797.5562722729062
2810,800.0306739821908
2811,802.5122575799271
2812,804.9982080868175
2813,807.4892732335582
2814,809.991746924042
2815,812.4986242841891
2816,815.0099130631356
2817,817.5256210236573
2818,820.0514402866258
2819,822.5837369205872
2820,825.120489703851
2821,827.6617064778998
2822,830.2105480140367
2823,832.7683890311775
2824,835.3307311482649
2825,837.8975822858815
2826,840.4698551766731
2827,843.0533678044445
2828,845.641426706682
2829,848.2340398834588
2830,850.8312153489269
2831,853.4394593085357
2832,856.0533645991336
2833,858.6718696463345
2834,861.2949825443247
2835,863.9274489041914
2836,866.5673322679014
2837,869.2118611019915
2838,871.8610435810886
2839,874.5181213929728
2840,877.1841165207142
2841,879.8548030678612
2842,882.5301892898956
2843,885.2122611169358
2844,887.9045036303886
2845,890.6014837509136
2846,893.3032098152668
2847,896.0106520238396
2848,898.7292794005017
2849,901.4526908138133
2850,904.18089468223
2851,906.9140777007397
2852,909.6592291995814
2853,912.4092114096902
2854,915.1640328316541
2855,917.9237019810181
2856,920.6951379654417
2857,923.4718321871757
2858,926.2534126260017
2859,929.0398878801736
2860,931.8377901813899
2861,934.6413392673448
2862,937.4498218269922
2863,940.2632465417456
2864,943.087969825751
2865,945.9185181940366
2866,948.7540475467389
2867,951.5945666488706
2868,954.4464602962735
2869,957.3041538590805
2870,960.1668761737751
2871,963.0346360894292
2872,965.9140443108448
2873,968.7990304039223
2874,971.689093275619
2875,974.584241859511
2876,977.4915037861061
2877,980.4039310991421
2878,983.3214834791597
2879,986.2447657185511
2880,989.1796196952572
2881,992.1196382032185
2882,995.0648303304291
2883,998.0166242749033
2884,1000.9791719065789
2885,1003.9469328020645
2886,1006.919916135103
2887,1009.9005456413744
2888,1012.8909390039901
2889,1015.8865946305639
2890,1018.8875217810656
2891,1021.8973058379356
2892,1024.915698090947
2893,1027.9394018775693
2894,1030.968426544465
2895,1034.0076792571751
2896,1037.0542245791003
2897,1040.1061309755808
2898,1043.1634078804598
2899,1046.2324384377257
2900,1049.307291962835
2901,1052.3875563764252
2902,1055.4747765319053
2903,1058.574208994144
2904,1061.6790955964623
2905,1064.7894459364636
2906,1067.9052696286415
2907,1071.0319541300196
2908,1074.167026285895
2909,1077.3076152969595
2910,1080.4537308711685
2911,1083.6065650592097
2912,1086.7719727777733
2913,1089.9429507329833
2914,1093.1195087267326
2915,1096.301656578158
2916,1099.4948098852433
2917,1102.6963278314058
2918,1105.9034795572782
2919,1109.116274976567
2920,1112.336404443333
2921,1115.5686142562913
2922,1118.8065118573772
2923,1122.050107255328
2924,1125.2994104764966
2925,1128.560669794086
2926,1131.8294661384032
2927,1135.1040146520231
2928,1138.384325456975
2929,1141.6733461469707
2930,1144.9731947128982
2931,1148.2788500906224
2932,1151.5903224983235
2933,1154.9076221721625
2934,1158.238830301298
2935,1161.57604119612
2936,1164.919124649053
2937,1168.2680909939613
2938,1171.6267501226193
2939,1174.9956403738138
2940,1178.3704589291508
2941,1181.7512162205942
2942,1185.137922698458
2943,1188.5385260262817
2944,1191.9452024261896
2945,1195.3578736222992
2946,1198.7765501635765
2947,1202.2055604673983
2948,1205.6442168063404
2949,1209.0889242164176
2950,1212.539693345613
2951,1215.9975911645658
2952,1219.4683488120684
2953,1222.9452140191881
2954,1226.4281975333147
2955,1229.9173101207414
2956,1233.4184299514711
2957,1236.9275736983632
2958,1240.4428925525945
2959,1243.964397380414
2960,1247.4952760984577
2961,1251.0368181756467
2962,1254.5845923712932
2963,1258.1386096519573
2964,1261.69968706629
2965,1265.2737462050015
2966,1268.8540946821927
2967,1272.4407435651149
2968,1276.0337039404938
2969,1279.6391399328768
2970,1283.25218046803
2971,1286.8715789368596
2972,1290.4973465273135
2973,1294.133764443968
2974,1297.7796135519775
2975,1301.4318783266153
2976,1305.090570057424
2977,1308.7586755507455
2978,1312.438279720567
2979,1316.1243589555045
2980,1319.8169246496145
2981,1323.5159882170083
2982,1327.2274143742777
2983,1330.9474115525925
2984,1334.6739548751657
2985,1338.4070558611252
2986,1342.1478196131284
2987,1345.9018331862833
2988,1349.662452761999
2989,1353.4296899647402
2990,1357.2035564394162
2991,1360.9884444977606
2992,1364.783324963775
2993,1368.5848833453301
2994,1372.3931313934274
2995,1376.208080879746
2996,1380.037101264698
2997,1383.873059451162
2998,1387.7157678371066
2999,1391.5652383007262
3000,1395.4245302632885
3001,1399.294963574134
3002,1403.1722077499187
3003,1407.0562747755848
3004,1410.9471766571585
3005,1414.851314053212
3006,1418.7631663846532
3007,1422.6819024654967
3008,1426.6075344089368
3009,1430.5428022083063
3010,1434.489331876883
3011,1438.4428063161029
3012,1442.403237746526
3013,1446.3706384102231
3014,1450.3513646904023
3015,1454.3396434857664
3016,1458.3349405170618
3017,1462.337268134118
3018,1466.3498970339278
3019,1470.3730427647376
3020,1474.403268086295
3021,1478.4405854563954
3022,1482.4855322719607
3023,1486.543603989525
3024,1490.6088167565474
3025,1494.681183138963
3026,1498.7607157248233
3027,1502.8518974560925
3028,1506.9521531831062
3029,1511.0596241900287
3030,1515.1743231734183
3031,1519.29846333423
3032,1523.4338137915468
3033,1527.5764412843591
3034,1531.7263586178915
3035,1535.883828795912
3036,1540.0547757927181
3037,1544.2330624636238
3038,1548.4187017240731
3039,1552.6117065122278
3040,1556.8148673504743
3041,1561.0288202098916
3042,1565.2501884199805
3043,1569.478985029345
3044,1573.7152231095438
3045,1577.9642381066433
3046,1582.2213353566485
3047,1586.4859238776212
3048,1590.7580168517584
3049,1595.0397944347421
3050,1599.3326162397786
3051,1603.6329921795625
3052,1607.9409355468983
3053,1612.2564596579857
3054,1616.5844637015232
3055,1620.9206181358122
3056,1625.2644029563148
3057,1629.615831590008
3058,1633.977269059267
3059,1638.3491886262027
3060,1642.7288015144654
3061,1647.1161212617774
3062,1651.511381852074
3063,1655.9190487398885
3064,1660.3344718527778
3065,1664.7576648391448
3066,1669.1886413714117
3067,1673.6305013219257
3068,1678.0817123514912
3069,1682.5407562296796
3070,1687.0076467397264
3071,1691.483806551672
3072,1695.9707787240977
3073,1700.4656466731492
3074,1704.9684242927826
3075,1709.479181556899
3076,1714.0018836372028
3077,1718.5325443671354
3078,1723.0711777512915
3079,1727.6177978189014
3080,1732.1751963677532
3081,1736.7416141297751
3082,1741.3160674667154
3083,1745.8985705185262
3084,1750.490842499247
3085,1755.0929771011095
3086,1759.7032101278355
3087,1764.3215558299598
3088,1768.9489036580953
3089,1773.58671048437
3090,1778.232678506904
3091,1782.886822086693
3092,1787.5494172912222
3093,1792.222847328155
3094,1796.9045012464696
3095,1801.5943935174541
3096,1806.2925386378643
3097,1811.0013763502707
3098,1815.718662687501
3099,1820.4442500786877
3100,1825.1781531309095
3101,1829.9222418036693
3102,1834.6751027394594
3103,1839.436327328707
3104,1844.2059302886444
3105,1848.9853433849419
3106,1853.773716792543
3107,1858.5705163437524
3108,1863.375756865754
3109,1868.1905361852305
3110,1873.0143556722244
3111,1877.8466636761068
3112,1882.6874751338173
3113,1887.537630683725
3114,1892.39682563604
3115,1897.2645713542388
3116,1902.1408828847864
3117,1907.0263927833169
3118,1911.9208884123834
3119,1916.8239969246792
3120,1921.735733475979
3121,1926.6565438881257
3122,1931.5862612808796
3123,1936.5246535353224
3124,1941.471735916277
3125,1946.4277610222928
3126,1951.3926171939079
3127,1956.3662100595993
3128,1961.3485549929947
3129,1966.3396769894796
3130,1971.3395849385045
3131,1976.3482912608688
3132,1981.3658114387301
3133,1986.3918805721644
3134,1991.426749338036
3135,1996.470477996408
3136,2001.5230821376845
3137,2006.5839167701208
3138,2011.653651492651
3139,2016.732307459887
3140,2021.8197517407937
3141,2026.9152870767828
3142,2032.019789057728
3143,2037.1332734618657
3144,2042.255310562701
3145,2047.385449792963
3146,2052.524616559167
3147,2057.672826746695
3148,2062.8291832483187
3149,2067.9938203762126
3150,2073.167545744485
3151,2078.3503753453238
3152,2083.5407464338236
3153,2088.739771825322
3154,2093.947945968667
3155,2099.1652270838567
3156,2104.3893346471827
3157,2109.6226350982593
3158,2114.8651446134195
3159,2120.116034841141
3160,2125.37424075737
3161,2130.6416995626105
3162,2135.918427538757
3163,2141.2025321120313
3164,2146.494716454988
3165,2151.7962134771324
3166,2157.1070395655765
3167,2162.423933274715
3168,2167.749972762771
3169,2173.0853845032298
3170,2178.42905947608
3171,2183.779412507591
3172,2189.1391805747503
3173,2194.5083802447593
3174,2199.884211541207
3175,2205.2681043550238
3176,2210.661471222685
3177,2216.06402059137
3178,2221.471804408595
3179,2226.889104319319
3180,2232.3159370685685
3181,2237.7499014936993
3182,2243.1908982173018
3183,2248.6414694773407
3184,2254.1016321216607
3185,2259.5664441111703
3186,2265.0405152480275
3187,2270.524219120504
3188,2276.0142554801405
3189,2281.50894914226
3190,2287.0133118280287
3191,2292.5273605515576
3192,2298.051112356886
3193,2303.583558494937
3194,2309.1176328841602
3195,2314.6614455928893
3196,2320.2150137571607
3197,2325.7783545431535
3198,2331.351485147265
3199,2336.9256913256277
3200,2342.508453575943
3201,2348.101039818826
3202,2353.7034673410512
3203,2359.3157534598176
3204,2364.9304958788343
3205,2370.551697359317
3206,2376.18279047134
3207,2381.8237926206957
3208,2387.474721243795
3209,2393.129261411233
3210,2398.788385779452
3211,2404.4574685095185
3212,2410.136527124637
3213,2415.8255791788397
3214,2421.5190635822873
3215,2427.2155892236365
3216,2432.9221390391945
3217,2438.6387306679676
3218,2444.3653817799845
3219,2450.0968445489175
3220,2455.8302450062015
3221,2461.5737345235925
3222,2467.3273308542607
3223,2473.0910517826146
3224,2478.8594174726454
3225,2484.6291618341247
3226,2490.4090592073067
3227,2496.199127457885
3228,2501.999384482986
3229,2507.803470994277
3230,2513.609024271272
3231,2519.424793570094
3232,2525.250796867292
3233,2531.0870521710553
3234,2536.9255737972135
3235,2542.766397294571
3236,2548.6174988758758
3237,2554.478896626873
3238,2560.3506086651387
3239,2566.222179261542
3240,2572.097730940791
3241,2577.983621812219
3242,2583.8798700690986
3243,2589.786493936707
3244,2595.6896301960537
3245,2601.599365031183
3246,2607.519499207587
3247,2613.45005102437
3248,2619.3910388128243
3249,2625.3241636421835
3250,2631.2675339741704
3251,2637.221362832751
3252,2643.1856686211668
3253,2649.155958134129
3254,2655.1219158236636
3255,2661.098371784297
3256,2667.0853444891877
3257,2673.082852444006
3258,2679.0804925398247
3259,2685.0789268965405
3260,2691.0879166703853
3261,2697.1074804350615
3262,2703.1376367969647
3263,2709.1607873854227
3264,2715.1911459448556
3265,2721.2321160952165
3266,2727.2837165090514
3267,2733.341625987229
3268,2739.392706929504
3269,2745.454435925289
3270,2751.526831711284
3271,2757.6099130571547
3272,2763.6901910464167
3273,2769.77203285489
3274,2775.8645768434603
3275,2781.967841844047
3276,2788.0811121077045
3277,2794.1824236409097
3278,2800.294471612421
3279,2806.417274914441
3280,2812.550852472405
3281,2818.6830479552773
3282,2824.813958425515
3283,2830.95565741589
3284,2837.1081639102413
3285,2843.271273381553
3286,2849.4204078739067
3287,2855.580362952484
3288,2861.751157657526
3289,2867.932811062789
3290,2874.1111222479735
3291,2880.2886970864993
3292,2886.477142554213
3293,2892.6764777794115
3294,2898.883339067128
3295,2905.0779008567115
3296,2911.2833631646167
3297,2917.499745171722
3298,2923.7270660926633
3299,2929.945154305873
3300,2936.1670032937004
3301,2942.3998008135322
3302,2948.6435661307155
3303,2954.887580009947
3304,2961.125189505288
3305,2967.3737752635266
3306,2973.633356598805
3307,2979.902246601645
3308,2986.1549946347263
3309,2992.4187455670967
3310,2998.693518759752
3311,3004.9793336077655
3312,3011.2534412890973
3313,3017.5317387456926
3314,3023.8210840571646
3315,3030.121496663599
3316,3036.4175053281956
3317,3042.7097352672777
3318,3049.013037575257
3319,3055.327431735362
3320,3061.644119320295
3321,3067.9496724915
3322,3074.2663214735153
3323,3080.5940857907945
3324,3086.930175966442
3325,3093.248448083787
3326,3099.577838390455
3327,3105.91836645028
3328,3112.270051861502
3329,3118.60292339289
3330,3124.944454810993
3331,3131.2971453439154
3332,3137.6610146274834
3333,3144.0099267866353
3334,3150.363004392106
3335,3156.727261427151
3336,3163.102717563336
3337,3169.466256941042
3338,3175.8302912421073
3339,3182.2055242501483
3340,3188.591975670639
3341,3194.968686078452
3342,3201.3430931489925
3343,3207.7287171763546
3344,3214.1255778981185
3345,3220.5139631502925
3346,3226.8981647535966
3347,3233.2936005460183
3348,3239.7002902954496
3349,3246.09881696062
3350,3252.492240663618
3351,3258.8969147807047
3352,3265.31285910831
3353,3271.718338103393
3354,3278.117481376563
3355,3284.527885125407
3356,3290.949569164047
3357,3297.371865591465
3358,3303.776075510312
3359,3310.191554817455
3360,3316.6183233426923
3361,3323.055912321378
3362,3329.4645296975264
3363,3335.8844242145983
3364,3342.3156157160215
3365,3348.7581240801346
3366,3355.179291263397
3367,3361.6029459416463
3368,3368.037904217806
3369,3374.4841859818325
3370,3380.916781086065
3371,3387.343548429385
3372,3393.7816248447534
3373,3400.23103023176
3374,3406.6716025556816
3375,3413.09664151758
3376,3419.532986506945
3377,3425.980657417985
3378,3432.4396741799255
3379,3438.8678380476463
3380,3445.301704498583
3381,3451.7468925065455
3382,3458.2034219930556
3383,3464.6533249354948
3384,3471.083954674611
3385,3477.525900271929
3386,3483.9791816389384
3387,3490.4438187221645
3388,3496.8758569326164
3389,3503.313805753916
3390,3509.763083308584
3391,3516.2237095307532
3392,3522.6735066033107
3393,3529.106712311384
3394,3535.551238403177
3395,3542.0071047981173
3396,3548.4729857496372
3397,3554.900710301403
3398,3561.3397455884906
3399,3567.790111513341
3400,3574.2518280134127
3401,3580.6918825088133
3402,3587.1246956791483
3403,3593.5688285349743
3404,3600.0243009944606
3405,3606.4763085083655
3406,3612.9021758666277
3407,3619.339350684619
3408,3625.7878528589904
3409,3632.2477023213896
3410,3638.6682735789173
3411,3645.0977725549797
3412,3651.538585377009
3413,3657.9907319528816
3414,3664.4190800656843
3415,3670.8401920594843
3416,3677.2726031374596
3417,3683.7163331814845
3418,3690.1506937354275
3419,3696.562713736646
3420,3702.986016819627
3421,3709.4206228380926
3422,3715.8592232528963
3423,3722.2614518142636
3424,3728.6749462241846
3425,3735.099726306027
3426,3741.5358119180487
3427,3747.9325330365496
3428,3754.3355230659795
3429,3760.749780279551
3430,3767.1753245029677
3431,3773.566079215709
3432,3779.949403866903
3433,3786.3439610940536
3434,3792.749770661966
3435,3799.166852370218
3436,3805.5363746625458
3437,3811.910546958211
3438,3818.295935720268
3439,3824.692560685154
3440,3831.092002922929
3441,3837.4450893226726
3442,3843.809355080965
3443,3850.1848198689436
3444,3856.571503392344
3445,3862.9430831804643
3446,3869.285539598935
3447,3875.639156666208
3448,3882.0039540204857
3449,3888.37995133451
3450,3894.7199953659183
3451,3901.0510997247093
3452,3907.393344751914
3453,3913.746750050559
3454,3920.108238492025
3455,3926.4161889279135
3456,3932.735239285308
3457,3939.0654090955177
3458,3945.4067179242184
3459,3951.7299839433535
3460,3958.0252211160414
3461,3964.3315358345426
3462,3970.6489475907847
3463,3976.9774759109796
3464,3983.2589005913387
3465,3989.5407642197656
3466,3995.833681856415
3467,4002.137672951784
3468,4008.4319214677566
3469,4014.688761278354
3470,4020.956611059853
3471,4027.2354901852395
3472,4033.5254180615984
3473,4039.7712332350893
3474,4046.0134643810306
3475,4052.266679786854
3476,4058.530898780291
3477,4064.7839312837027
3478,4071.000015602683
3479,4077.22703816809
3480,4083.4650182266905
3481,4089.713975059095
3482,4095.9120885378293
3483,4102.112411397499
3484,4108.323644764019
3485,4114.545807835321
3486,4120.745562130672
3487,4126.918700296509
3488,4133.102701129453
3489,4139.297583743247
3490,4145.49637523799
3491,4151.641865216758
3492,4157.798169207294
3493,4163.965306237716
3494,4170.143295369619
3495,4176.277930505981
3496,4182.406094491426
3497,4188.545041995987
3498,4194.694791994103
3499,4200.822988669973
3500,4206.9225902444705
3501,4213.032925074028
3502,4219.154012044635
3503,4225.273204238171
3504,4231.343841361232
3505,4237.4251607678525
3506,4243.517181254312
3507,4249.619921649972
3508,4255.666107944464
3509,4261.718029187616
3510,4267.780599775925
3511,4273.853838447693
3512,4279.882669121921
3513,4285.900568044894
3514,4291.929056441381
3515,4297.968152944334
3516,4303.99585075493
3517,4309.979403561693
3518,4315.973485400582
3519,4321.978114798178
3520,4327.993310313661
3521,4333.9507091901905
3522,4339.910065286963
3523,4345.879907833053
3524,4351.860255280094
3525,4357.810704057464
3526,4363.7350329304845
3527,4369.669786612929
3528,4375.614983447972
3529,4381.555686104873
3530,4387.444707091349
3531,4393.344090753524
3532,4399.253855325214
3533,4405.174019072328
3534,4411.0354987241635
3535,4416.899252574363
3536,4422.7733246338785
3537,4428.657733058278
3538,4434.4967062822525
3539,4440.313126416397
3540,4446.1397814648
3541,4451.976689436444
3542,4457.823868372007
3543,4463.614398470111
3544,4469.393513624991
3545,4475.1827980452845
3546,4480.982269624445
3547,4486.791946287415
3548,4492.530098861754
3549,4498.271615942966
3550,4504.023236125024
3551,4509.784977184941
3552,4515.545154978774
3553,4521.238776893545
3554,4526.942417626231
3555,4532.6560948055485
3556,4538.379826091214
3557,4544.080012045699
3558,4549.73557070578
3559,4555.401081200709
3560,4561.07656104131
3561,4566.762027769226
3562,4572.398568153981
3563,4578.015836589683
3564,4583.6429894777975
3565,4589.280044210564
3566,4594.927018210836
3567,4600.496385447079
3568,4606.075163217585
3569,4611.663757705378
3570,4617.2621861835005
3571,4622.838881963936
3572,4628.369263075084
3573,4633.909375738277
3574,4639.4592370766995
3575,4645.018864243657
3576,4650.519195439841
3577,4656.007667781609
3578,4661.505797925684
3579,4667.013602865466
3580,4672.528031799907
3581,4677.9647670635795
3582,4683.411069086436
3583,4688.866954701657
3584,4694.332440772051
3585,4699.777290958358
3586,4705.1716749289235
3587,4710.5755511303205
3588,4715.988936264582
3589,4721.411847063127
3590,4726.781222436608
3591,4732.128301080117
3592,4737.484788708772
3593,4742.850701878121
3594,4748.226057172829
3595,4753.53762460063
3596,4758.8374434381485
3597,4764.1465880952765
3598,4769.46507498121
3599,4774.792920534011
3600,4780.042928640942
3601,4785.295539111695
3602,4790.55739232708
3603,4795.828504550101
3604,4801.09741110857
3605,4806.293741231556
3606,4811.499215061728
3607,4816.713848687817
3608,4821.93765822685
3609,4827.137542610583
3610,4832.286914475668
3611,4837.445347413159
3612,4842.612857366374
3613,4847.789460306668
3614,4852.91703195996
3615,4858.019565598611
3616,4863.131077886152
3617,4868.251584620851
3618,4873.38110162877
3619,4878.433241477687
3620,4883.489080840865
3621,4888.553816682763
3622,4893.627464657049
3623,4898.683289008331
3624,4903.6838020106115
3625,4908.693114133068
3626,4913.7112408580415
3627,4918.738197695125
3628,4923.7123534151915
3629,4928.66660977806
3630,4933.629583861115
3631,4938.601291003469
3632,4943.57202423068
3633,4948.471612504911
3634,4953.3798222992145
3635,4958.296668783421
3636,4963.222167154046
3637,4968.105607675105
3638,4972.959460224024
3639,4977.8218538097635
3640,4982.6928034605135
3641,4987.566257034377
3642,4992.3661770450035
3643,4997.17454318675
3644,5001.991370320818
3645,5006.816673334536
3646,5011.597827026411
3647,5016.352607876469
3648,5021.115755424233
3649,5025.887284391113
3650,5030.652438376657
3651,5035.354091819776
3652,5040.064018471766
3653,5044.782232889528
3654,5049.508749655572
3655,5054.177210681698
3656,5058.834389952961
3657,5063.499764169922
3658,5068.173347751765
3659,5072.819478988652
3660,5077.422267365709
3661,5082.03315497646
3662,5086.652156071667
3663,5091.279284927168
3664,5095.831002249723
3665,5100.387999351075
3666,5104.953015105441
3667,5109.526063621781
3668,5114.059050559629
3669,5118.5627557803255
3670,5123.074385876021
3671,5127.593954790656
3672,5132.1050320980185
3673,5136.556050888903
3674,5141.014901842209
3675,5145.481598738731
3676,5149.956155383517
3677,5154.366685151374
3678,5158.773371438182
3679,5163.187811873801
3680,5167.610020101745
3681,5171.99363332076
3682,5176.348777328208
3683,5180.71158478529
3684,5185.082069175932
3685,5189.436042334574
3686,5193.740273884365
3687,5198.052079292939
3688,5202.371471886556
3689,5206.693228009292
3690,5210.947183734848
3691,5215.208624848625
3692,5219.477564521211
3693,5223.754015946375
3694,5227.968993813367
3695,5232.180714547261
3696,5236.399846346848
3697,5240.6264022519235
3698,5244.805351122284
3699,5248.968000892796
3700,5253.137975378668
3701,5257.315287467755
3702,5261.456058316915
3703,5265.570291401103
3704,5269.691764001664
3705,5273.820488856532
3706,5277.9210691691915
3707,5281.987544087939
3708,5286.0611744828875
3709,5290.141972944089
3710,5294.200483946177
3711,5298.2198628734795
3712,5302.246314402042
3713,5306.279850976091
3714,5310.294544728021
3715,5314.267492926455
3716,5318.247432021886
3717,5322.2343743147685
3718,5326.203630684606
3719,5330.130815966491
3720,5334.064911616263
3721,5338.005929792671
3722,5341.928253326794
3723,5345.81034554039
3724,5349.699268771502
3725,5353.595035039254
3726,5357.469051746725
3727,5361.306722286597
3728,5365.15114567507
3729,5369.002333793723
3730,5372.82678785953
3731,5376.62070920036
3732,5380.42130640424
3733,5384.228591217273
3734,5387.99516598737
3735,5391.733553506138
3736,5395.478519166001
3737,5399.2300745411085
3738,5402.988102376887
3739,5406.672062903495
3740,5410.362505796922
3741,5414.059442462793
3742,5417.762884326797
3743,5421.436125813323
3744,5425.073107157081
3745,5428.716488197893
3746,5432.366280195914
3747,5436.022494431105
3748,5439.610280039909
3749,5443.201145821304
3750,5446.798330149697
3751,5450.401844142458
3752,5453.974127986419
3753,5457.513506408506
3754,5461.059112776185
3755,5464.610958047388
3756,5468.16491481359
3757,5471.6538253619265
3758,5475.148875048407
3759,5478.650074674709
3760,5482.157435061497
3761,5485.62252340752
3762,5489.06803067258
3763,5492.519600698526
3764,5495.977244152633
3765,5499.420183818869
3766,5502.817156181235
3767,5506.220105898483
3768,5509.629043487601
3769,5513.043979484072
3770,5516.396985610267
3771,5519.752317358371
3772,5523.11355318585
3773,5526.480703480756
3774,5529.808404380052
3775,5533.1171131535775
3776,5536.431643964866
3777,5539.7520070575965
3778,5543.052442763365
3779,5546.315515749793
3780,5549.584330469498
3781,5552.858897024863
3782,5556.13026915999
3783,5559.348685263163
3784,5562.572764517688
3785,5565.802516887669
3786,5569.037952354745
3787,5572.217912675511
3788,5575.398228324825
3789,5578.58414007956
3790,5581.775657785837
3791,5584.92461306164
3792,5588.062127750102
3793,5591.20516322788
3794,5594.3537292085775
3795,5597.4703188647445
3796,5600.565985594508
3797,5603.6670994744645
3798,5606.773670088641
3799,5609.85667324349
3800,5612.911434971306
3801,5615.971571869484
3802,5619.037093395393
3803,5622.08542350734
3804,5625.100212764081
3805,5628.120306852302
3806,5631.145715105601
3807,5634.158414652068
3808,5637.134153183835
3809,5640.115127830167
3810,5643.101347803743
3811,5646.07758300469
3812,5649.015181434062
3813,5651.95794886348
3814,5654.905894387525
3815,5657.844949985112
3816,5660.745307490865
3817,5663.650768464395
3818,5666.561341884972
3819,5669.462615989732
3820,5672.326620003482
3821,5675.19566351432
3822,5678.069755388955
3823,5680.93275440166
3824,5683.7612803196
3825,5686.594783304343
3826,5689.433272112744
3827,5692.257605730108
3828,5695.05151663823
3829,5697.850343701609
3830,5700.654095569922
3831,5703.437074841111
3832,5706.191721396033
3833,5708.951215013756
3834,5711.715564222387
3835,5714.477059806211
3836,5717.19359947856
3837,5719.914919158007
3838,5722.641027254659
3839,5725.371932193422
3840,5728.059114682986
3841,5730.743385990128
3842,5733.432380521379
3843,5736.126106586932
3844,5738.790291305282
3845,5741.438613535624
3846,5744.091595731348
3847,5746.749246091336
3848,5749.38636988654
3849,5751.99297418934
3850,5754.60416504805
3851,5757.219950532376
3852,5759.840338726227
3853,5762.424841001103
3854,5764.995707297605
3855,5767.571097262073
3856,5770.151018853559
3857,5772.735368112034
3858,5775.264056797307
3859,5777.797194932367
3860,5780.334790345671
3861,5782.876850879451
3862,5785.41889653771
3863,5787.911369856201
3864,5790.408228896729
3865,5792.909481375615
3866,5795.41513502276
3867,5797.914203701648
3868,5800.371861811926
3869,5802.833844380265
3870,5805.300159015185
3871,5807.770813338592
3872,5810.226425313711
3873,5812.650631007831
3874,5815.07910229405
3875,5817.511846677312
3876,5819.948871675752
3877,5822.360734752405
3878,5824.752818062178
3879,5827.1491104384595
3880,5829.549619286725
3881,5831.954352025474
3882,5834.322351723321
3883,5836.683612364977
3884,5839.049027834567
3885,5841.418605442129
3886,5843.788927446964
3887,5846.1165405767215
3888,5848.448249326079
3889,5850.784060900892
3890,5853.1239825196935
3891,5855.449250099945
3892,5857.748603747785
3893,5860.052003286904
3894,5862.359455835659
3895,5864.670968524916
3896,5866.951565852211
3897,5869.223873060327
3898,5871.500178565901
3899,5873.780489403535
3900,5876.058445770308
3901,5878.298626612041
3902,5880.542749219655
3903,5882.790820528278
3904,5885.042847485237
3905,5887.283846652016
3906,5889.497210612996
3907,5891.714469150077
3908,5893.935629115341
3909,5896.160697372936
3910,5898.3648226038695
3911,5900.552648596648
3912,5902.744324226127
3913,5904.939856265324
3914,5907.1392514991585
3915,5909.306728890748
3916,5911.470260317871
3917,5913.637598630206
3918,5915.80875052554
3919,5917.978224231613
3920,5920.114911632844
3921,5922.2553586825925
3922,5924.39957199552
3923,5926.547558197932
3924,5928.679886389965
3925,5930.794706376551
3926,5932.913247530996
3927,5935.035516400255
3928,5937.161519542793
3929,5939.257334816138
3930,5941.351433237723
3931,5943.449216362753
3932,5945.550690674012
3933,5947.64504830196
3934,5949.715897519487
3935,5951.790390529224
3936,5953.868533741967
3937,5955.950333579795
3938,5958.008509537435
3939,5960.060873077635
3940,5962.116847879891
3941,5964.176440297758
3942,5966.231228254132
3943,5968.262588894114
3944,5970.297523837516
3945,5972.33603937285
3946,5974.378141799699
3947,5976.397543146007
3948,5978.412533514246
3949,5980.431069377996
3950,5982.453156975085
3951,5984.467811435467
3952,5986.463920088811
3953,5988.463541011446
3954,5990.466680382728
3955,5992.4733443928835
3956,5994.453788725517
3957,5996.435527787303
3958,5998.420753830842
3959,6000.40947299099
3960,6002.384297840773
3961,6004.349157290428
3962,6006.317474018482
3963,6008.289254107529
3964,6010.257650913594
3965,6012.206602977127
3966,6014.158984326422
3967,6016.114800994809
3968,6018.074059026229
3969,6020.010076503225
3970,6021.947467135894
3971,6023.888266707965
3972,6025.8324812169585
3973,6027.761820560624
3974,6029.685136655897
3975,6031.6118369229625
3976,6033.541927315761
3977,6035.464102203114
3978,6037.374232239224
3979,6039.287723242866
3980,6041.20458112715
3981,6043.119206641537
3982,6045.017012167442
3983,6046.918156972574
3984,6048.822646931866
3985,6050.729431488556
3986,6052.615747884796
3987,6054.505383341861
3988,6056.398343699109
3989,6058.294634806163
3990,6060.17271866121
3991,6062.051656157047
3992,6063.933899726767
3993,6065.819455186869
3994,6067.690206664565
3995,6069.559232861238
3996,6071.431547689677
3997,6073.307156935682
3998,6075.170492422548
3999,6077.03036998383
4000,6078.893520076706
4001,6080.759948458645
4002,6082.615850655132
4003,6084.467318960148
4004,6086.322044997569
4005,6088.180034498803
4006,6090.0285464587405
4007,6091.872322302343
4008,6093.719342340388
4009,6095.569612280461
4010,6097.410831823477
4011,6099.247610103162
4012,6101.087620262027
4013,6102.930867985982
4014,6104.764942465944
4015,6106.595396854948
4016,6108.429071993223
4017,6110.265973547095
4018,6112.093094959888
4019,6113.917878566319
4020,6115.745872941286
4021,6117.577083733535
4022,6119.3974841480085
4023,6121.217230159831
4024,6123.040178073557
4025,6124.866333522332
4026,6126.680280818536
4027,6128.495603134272
4028,6130.314119565455
4029,6132.135317564336
4030,6133.943629630911
4031,6135.755123476059
4032,6137.569804697508
4033,6139.384580811434
4034,6141.189647275501
4035,6142.997889804563
4036,6144.809313986287
4037,6146.618041302942
4038,6148.420420852618
4039,6150.225971736734
4040,6152.034699534617
4041,6153.837772013892
4042,6155.638006456986
4043,6157.441408457275
4044,6159.247983587431
4045,6161.0458131322475
4046,6162.844427954298
4047,6164.646207480886
4048,6166.449823314901
4049,6168.244171028763
4050,6170.04167593691
4051,6171.842343593765
4052,6173.640040078841
4053,6175.43105331877
4054,6177.225217882991
4055,6179.022539315587
4056,6180.823023170394
4057,6182.6128318513765
4058,6184.404370453702
4059,6186.199061301026
4060,6187.996909939043
4061,6189.791150572135
4062,6191.58074461265
4063,6193.3734874737165
4064,6195.1693846949875
4065,6196.967650439158
4066,6198.755951305535
4067,6200.547398714119
4068,6202.341998200551
4069,6204.139755310202
4070,6205.931599062153
4071,6207.722375798108
4072,6209.516303428843
4073,6211.313387497639
4074,6213.108366314978
4075,6214.896363627988
4076,6216.687506942322
4077,6218.481801792643
4078,6220.279253723349
4079,6222.078896343959
4080,6223.868120074307
4081,6225.660491960058
4082,6227.456017539649
4083,6229.254702361269
4084,6231.056551982848
4085,6232.850014422959
4086,6234.644429896428
4087,6236.4420026555845
4088,6238.24273825491
4089,6240.046642258666
4090,6241.8451246918075
4091,6243.642356795661
4092,6245.442751137174
4093,6247.24631327953
4094,6249.053048795695
4095,6250.856464268622
4096,6252.6572478931075
4097,6254.461200000218
4098,6256.268326164111
4099,6258.078631968745
4100,6259.886983038036
4101,6261.692017974532
4102,6263.500228869853
4103,6265.311621311292
4104,6267.126200895975
4105,6268.939567246832
4106,6270.749520729046
4107,6272.562658820226
4108,6274.378987122869
4109,6276.198511249326
4110,6278.017038748162
4111,6279.832547640305
4112,6281.651250912054
4113,6283.473154183083
4114,6285.29826308295
4115,6287.122154031436
4116,6288.943826763929
4117,6290.768704717144
4118,6292.596793529805
4119,6294.42809885056
4120,6296.257603287243
4121,6298.08602160446
4122,6299.917657007015
4123,6301.752515154495
4124,6303.5906017164425
4125,6305.426009653375
4126,6307.261730215321
4127,6309.100680706595
4128,6310.942866809363
4129,6312.788294215787
4130,6314.629928720062
4131,6316.473484585968
4132,6318.320284163027
4133,6320.170333157641
4134,6322.023198986363
4135,6323.87184832944
4136,6325.7237503420965
4137,6327.578910746478
4138,6329.4373352748
4139,6331.296718776784
4140,6333.154188676188
4141,6335.014926760405
4142,6336.878938778852
4143,6338.746230491071
4144,6340.6125428414025
4145,6342.479302700276
4146,6344.349347085012
4147,6346.222681773763
4148,6348.099312554856
4149,6349.972976041103
4150,6351.849476752283
4151,6353.729279123629
4152,6355.612388963428
4153,6357.496895166899
4154,6359.3802564729385
4155,6361.266931506541
4156,6363.156926097209
4157,6365.050246084694
4158,6366.942622556412
4159,6368.83655666303
4160,6370.733823095151
4161,6372.6344277149765
4162,6374.5375149766805
4163,6376.439077091224
4164,6378.343984948787
4165,6380.252244435163
4166,6382.163861446489
4167,6384.075416543284
4168,6385.988318938006
4169,6387.904587023875
4170,6389.824226721763
4171,6391.746496985875
4172,6393.667731534427
4173,6395.592346430434
4174,6397.52034762053
4175,6399.45174106181
4176,6401.383125726992
4177,6403.316411046377
4178,6405.253097911251
4179,6407.193192305524
4180,6409.13539872818
4181,6411.077664360619
4182,6413.023347335121
4183,6414.972453663371
4184,6416.924989367631
4185,6418.876982959979
4186,6420.831959558213
4187,6422.790375857943
4188,6424.752237910174
4189,6426.715234840205
4190,6428.679790436704
4191,6430.6478025844835
4192,6432.619277364181
4193,6434.5932779955265
4194,6436.567686563023
4195,6438.545569013562
4196,6440.526931458252
4197,6442.511780018936
4198,6444.4964840634675
4199,6446.484500547538
4200,6448.476014851943
4201,6450.471033129876
4202,6452.4670076205675
4203,6454.465411804022
4204,6456.467332080234
4205,6458.472774634531
4206,6460.480069695719
4207,6462.489105801592
4208,6464.501676702274
4209,6466.5177886159745
4210,6468.536469929606
4211,6470.556373325329
4212,6472.5798306319475
4213,6474.606848101288
4214,6476.636994700203
4215,6478.667992451801
4216,6480.702563629823
4217,6482.740714520402
4218,6484.782416819953
4219,6486.824728215002
4220,6488.870632937741
4221,6490.9201373092965
4222,6492.973247661918
4223,6495.027332396213
4224,6497.084783039106
4225,6499.145853640655
4226,6501.210550568827
4227,6503.27654342267
4228,6505.345745529561
4229,6507.41858826651
4230,6509.4950780378185
4231,6511.5730863611425
4232,6513.654239084068
4233,6515.739053458754
4234,6517.827535926482
4235,6519.917672993872
4236,6522.010969507898
4237,6524.107949035197
4238,6526.208618054594
4239,6528.311001965804
4240,6530.416629860188
4241,6532.525962459307
4242,6534.6390062801265
4243,6536.753758992669
4244,6538.871900639693
4245,6540.993769003699
4246,6543.1193706403565
4247,6545.246123927212
4248,6547.376425970562
4249,6549.5104761213415
4250,6551.648280972834
4251,6553.789661299577
4252,6555.932341138622
4253,6558.078790857951
4254,6560.229017089137
4255,6562.383026475407
4256,6564.540190111394
4257,6566.699247669474
4258,6568.862103916893
4259,6571.028765535873
4260,6573.199239220388
4261,6575.372386022109
4262,6577.548072258739
4263,6579.7275864351495
4264,6581.910935284996
4265,6584.098125553773
4266,6586.287456586908
4267,6588.480015740421
4268,6590.676432513716
4269,6592.876713692633
4270,6595.08079322759
4271,6597.286582568903
4272,6599.496252802112
4273,6601.709810753979
4274,6603.927263263265
4275,6606.1478170300925
4276,6608.370919668928
4277,6610.597933654183
4278,6612.828865866175
4279,6615.063723197309
4280,6617.3008564881975
4281,6619.541365124895
4282,6621.785815725481
4283,6624.0342152241
4284,6626.286570567085
4285,6628.541062772766
4286,6630.799209146742
4287,6633.06132850962
4288,6635.327427850104
4289,6637.597508968669
4290,6639.86952214797
4291,6642.145532707863
4292,6644.425547679925
4293,6646.709574108108
4294,6648.997234778476
4295,6651.28730210089
4296,6653.581398561231
4297,6655.879531246919
4298,6658.1817072578315
4299,6660.487114023389
4300,6662.7954525929945
4301,6665.107852439661
4302,6667.424320707317
4303,6669.744864552447
4304,6672.068184125881
4305,6674.395007285276
4306,6676.725924236038
4307,6679.060942179264
4308,6681.400068328708
4309,6683.7414669860655
4310,6686.086984736474
4311,6688.436629161847
4312,6690.790407521101
4313,6693.14770341916
4314,6695.507970187048
4315,6697.872389573061
4316,6700.240968881722
4317,6702.613715430403
4318,6704.989348870068
4319,6707.3686881663
4320,6709.752213628857
4321,6712.1399326212495
4322,6714.531588748072
4323,6716.925989720208
4324,6719.324603351637
4325,6721.727437052453
4326,6724.13449824577
4327,6726.544758521585
4328,6728.9585994641975
4329,6731.376687260428
4330,6733.799029380479
4331,6736.225457966298
4332,6738.654662780501
4333,6741.088141472685
4334,6743.525901560573
4335,6745.96795057511
4336,6748.413253192011
4337,6750.862257261724
4338,6753.3155700354955
4339,6755.7731990922775
4340,6758.234829432833
4341,6760.699491288492
4342,6763.16848938939
4343,6765.641831362898
4344,6768.119524849801
4345,6770.600299121958
4346,6773.0851133407905
4347,6775.574299251808
4348,6778.067864544709
4349,6780.565038697745
4350,6783.065573639562
4351,6785.5705079251775
4352,6788.079849292893
4353,6790.593605494632
4354,6793.11093399731
4355,6795.631748902238
4356,6798.156998822023
4357,6800.686691557686
4358,6803.220834923964
4359,6805.758438308082
4360,6808.299726949195
4361,6810.845486616929
4362,6813.395725175605
4363,6815.950450503395
4364,6818.508450431934
4365,6821.070405406688
4366,6823.636867758443
4367,6826.207845415438
4368,6828.783346319854
4369,6831.361865180071
4370,6833.944678159606
4371,6836.532035203512
4372,6839.123944304536
4373,6841.720285142569
4374,6844.319574054095
4375,6846.923436009436
4376,6849.53187905228
4377,6852.144911240456
4378,6854.761974836636
4379,6857.382465908004
4380,6860.007567315638
4381,6862.637287168781
4382,6865.271633590938
4383,6867.909544522252
4384,6870.551427588858
4385,6873.197958617921
4386,6875.849145784831
4387,6878.504997279361
4388,6881.163879793871
4389,6883.827344554645
4390,6886.49549523757
4391,6889.168340084774
4392,6891.84534504255
4393,6894.525865295055
4394,6897.21110146807
4395,6899.901061856465
4396,6902.595754769686
4397,6905.293942316032
4398,6907.996385301013
4399,6910.703582765756
4400,6913.415543072915
4401,6916.13198276651
4402,6918.851656700003
4403,6921.576115419951
4404,6924.305367342278
4405,6927.039420897713
4406,6929.777575630654
4407,6932.5194158017675
4408,6935.266079746528
4409,6938.01757594941
4410,6940.773912909791
4411,6943.533897684085
4412,6946.298093562998
4413,6949.067152535835
4414,6951.841083156188
4415,6954.619893992687
4416,6957.40182379886
4417,6960.188565289738
4418,6962.980209528649
4419,6965.7767651389
4420,6968.5776870453765
4421,6971.382230537889
4422,6974.191708088999
4423,6977.006128377045
4424,6979.825500095624
4425,6982.648566189295
4426,6985.475996580593
4427,6988.308401284546
4428,6991.145789050248
4429,6993.987991661382
4430,6996.833494344815
4431,6999.684003126593
4432,7002.5395268116845
4433,7005.400074220552
4434,7008.264622269815
4435,7011.133354796042
4436,7014.007134277507
4437,7016.885969590995
4438,7019.769802765619
4439,7022.656878780604
4440,7025.549034013215
4441,7028.446277396974
4442,7031.348617881087
4443,7034.254999152257
4444,7037.16565023445
4445,7040.081421998005
4446,7043.002323449314
4447,7045.928141574707
4448,7048.857408807855
4449,7051.791829464033
4450,7054.731412607197
4451,7057.676167317222
4452,7060.624737266931
4453,7063.577927585234
4454,7066.536313402026
4455,7069.49990385522
4456,7072.468064839676
4457,7075.440145894215
4458,7078.417455671559
4459,7081.4000033680195
4460,7084.387798196073
4461,7087.37891569787
4462,7090.37527107079
4463,7093.37689785934
4464,7096.383805334873
4465,7099.394670116501
4466,7102.410193106518
4467,7105.4310212231385
4468,7108.457163796982
4469,7111.487844128389
4470,7114.522657177544
4471,7117.5628092795
4472,7120.608309824498
4473,7123.658874617801
4474,7126.713100618818
4475,7129.772699814819
4476,7132.837681656063
4477,7135.908055609417
4478,7138.981962748031
4479,7142.061132624664
4480,7145.145719565957
4481,7148.23573309927
4482,7151.329684913303
4483,7154.428549557951
4484,7157.532865904762
4485,7160.64264354198
4486,7163.756710540866
4487,7166.875394561314
4488,7169.999565140429
4489,7173.129231927733
4490,7176.26348518174
4491,7179.402113722563
4492,7182.54626389851
4493,7185.695945420749
4494,7188.850456556353
4495,7192.00915531223
4496,7195.173411000593
4497,7198.343233394653
4498,7201.518074596353
4499,7204.696969822403
4500,7207.8814575002
4501,7211.071547465375
4502,7214.266791482947
4503,7217.466010002048
4504,7220.6708567150345
4505,7223.881341520369
4506,7227.097061680646
4507,7230.316730887774
4508,7233.542064254823
4509,7236.773071743473
4510,7240.009341965878
4511,7243.249589829517
4512,7246.495538044015
4513,7249.747196634642
4514,7253.004091449824
4515,7256.265046510218
4516,7259.531738338299
4517,7262.804177023347
4518,7266.081771594212
4519,7269.363562958524
4520,7272.6511277342415
4521,7275.944476075049
4522,7279.242846219769
4523,7282.545603553884
4524,7285.8541711709995
4525,7289.168559289602
4526,7292.487781505954
4527,7295.811635022811
4528,7299.141335923095
4529,7302.476894490487
4530,7305.817045981168
4531,7309.162126425368
4532,7312.513091583177
4533,7315.869951803892
4534,7319.231110502334
4535,7322.5975491307645
4536,7325.969910033645
4537,7329.348203626287
4538,7332.730448222596
4539,7336.118376780704
4540,7339.512265405622
4541,7342.911971413742
4542,7346.315534545685
4543,7349.72508523907
4544,7353.140634023938
4545,7356.561567356853
4546,7359.986847065587
4547,7363.418152526386
4548,7366.85549433642
4549,7370.297736418121
4550,7373.744865489685
4551,7377.198058737277
4552,7380.657326825597
4553,7384.120959982082
4554,7387.590071543502
4555,7391.0652859388465
4556,7394.546613900746
4557,7398.031721388261
4558,7401.522948854932
4559,7405.020318047856
4560,7408.523198788003
4561,7412.030505800385
4562,7415.543982815505
4563,7419.06364068403
4564,7422.588148981712
4565,7426.117800050949
4566,7429.653660416137
4567,7433.195740996989
4568,7436.74196368668
4569,7440.294092458472
4570,7443.8524700542475
4571,7447.416669944994
4572,7450.985132506001
4573,7454.559872614164
4574,7458.140901309158
4575,7461.726978683604
4576,7465.318146171999
4577,7468.915631134826
4578,7472.519444681917
4579,7476.127080057654
4580,7479.740598450456
4581,7483.3604736218895
4582,7486.986716750852
4583,7490.61789215468
4584,7494.253898341463
4585,7497.8963008515975
4586,7501.545110933462
4587,7505.199881525652
4588,7508.858513259628
4589,7512.523581103711
4590,7516.195096376202
4591,7519.87307041529
4592,7523.554913682739
4593,7527.242785724756
4594,7530.937145295833
4595,7534.638003804624
4596,7538.343573189396
4597,7542.05438916451
4598,7545.771733014858
4599,7549.495616219984
4600,7553.224968494528
4601,7556.958869010658
4602,7560.699337995234
4603,7564.446386999138
4604,7568.199579483026
4605,7571.956706021308
4606,7575.720441869831
4607,7579.490798651232
4608,7583.267788008578
4609,7587.048384154928
4610,7590.835529471346
4611,7594.6293368847355
4612,7598.429818110505
4613,7602.234390597565
4614,7606.045088858451
4615,7609.862490632497
4616,7613.686607707863
4617,7617.515215786924
4618,7621.349611338833
4619,7625.190752073675
4620,7629.038649852834
4621,7632.891353433122
4622,7636.749591488686
4623,7640.61461665207
4624,7644.486440858324
4625,7648.363300535523
4626,7652.24552716839
4627,7656.134583090598
4628,7660.030480311319
4629,7663.931557395569
4630,7667.837919533999
4631,7671.751153401431
4632,7675.671271081592
4633,7679.596627624886
4634,7683.527273043987
4635,7687.464832891347
4636,7691.409319325726
4637,7695.359018707208
4638,7699.314097087213
4639,7703.2761328576935
4640,7707.245138252893
4641,7711.219241487549
4642,7715.198904159397
4643,7719.185567449798
4644,7723.179243668946
4645,7727.177810118531
4646,7731.182209434301
4647,7735.193652864357
4648,7739.212152795303
4649,7743.235242422543
4650,7747.264531761143
4651,7751.300908979201
4652,7755.344386540213
4653,7759.392059926011
4654,7763.446393698836
4655,7767.507859387545
4656,7771.5764178653835
4657,7775.648787893044
4658,7779.728321549514
4659,7783.815031431374
4660,7787.9082734600215
4661,7792.005955358067
4662,7796.110845391142
4663,7800.222956234036
4664,7804.34094412363
4665,7808.464095157733
4666,7812.594499109368
4667,7816.732168731987
4668,7820.874965473637
4669,7825.023743961992
4670,7829.179820428482
4671,7833.343207705724
4672,7837.509935857687
4673,7841.683423750703
4674,7845.864253067162
4675,7850.052436716006
4676,7854.247967463901
4677,7858.4463124434205
4678,7862.652042551091
4679,7866.8651707726385
4680,7871.085710116591
4681,7875.312865364901
4682,7879.5436452394
4683,7883.781867270928
4684,7888.027544545385
4685,7892.280690171668
4686,7896.539520922577
4687,7900.802987040557
4688,7905.073952785938
4689,7909.352431345595
4690,7913.63843592955
4691,7917.928994402081
4692,7922.225400202563
4693,7926.5293635459975
4694,7930.840897720987
4695,7935.160016039492
4696,7939.4823557075215
4697,7943.811956733159
4698,7948.149173666163
4699,7952.49401989766
4700,7956.845291813382
4701,7961.200684469876
4702,7965.563738379927
4703,7969.934467014314
4704,7974.312883867488
4705,7978.696023971523
4706,7983.085070131696
4707,7987.4818367147545
4708,7991.886337295433
4709,7996.298456154007
4710,8000.713650893218
4711,8005.136612028437
4712,8009.567353215139
4713,8014.005888132788
4714,8018.44996638424
4715,8022.899279734361
4716,8027.356419466728
4717,8031.821399342195
4718,8036.294233145782
4719,8040.77033040438
4720,8045.2540276846385
4721,8049.745611799391
4722,8054.245096615665
4723,8058.750258444359
4724,8063.260673338581
4725,8067.779022039789
4726,8072.305318497526
4727,8076.839562133203
4728,8081.376855772371
4729,8085.922130473993
4730,8090.475400270636
4731,8095.036679219481
4732,8099.603078240554
4733,8104.175441424279
4734,8108.755847326838
4735,8113.344310089077
4736,8117.93984794295
4737,8122.539463158932
4738,8127.147169004781
4739,8131.7629797055
4740,8136.386909511072
4741,8141.014707924448
4742,8145.649878621884
4743,8150.29320245898
4744,8154.944693770521
4745,8159.60165754125
4746,8164.264393832023
4747,8168.935331723965
4748,8173.614485636968
4749,8178.300907350359
4750,8182.991375881264
4751,8187.69009476748
4752,8192.39707851454
4753,8197.112341653463
4754,8201.831344309776
4755,8206.558012227428
4756,8211.292994140791
4757,8216.036304667157
4758,8220.784822759735
4759,8225.539608845527
4760,8230.302758358883
4761,8235.074286003919
4762,8239.852339002719
4763,8244.635413494554
4764,8249.426901144747
4765,8254.226816744758
4766,8259.034424965204
4767,8263.845959203903
4768,8268.665956632623
4769,8273.49443213069
4770,8278.331400603562
4771,8283.171783183476
4772,8288.020463138782
4773,8292.87767158629
4774,8297.743423520002
4775,8302.613426845699
4776,8307.49096318347
4777,8312.377078741569
4778,8317.271788603106
4779,8322.171435825923
4780,8327.078003511235
4781,8331.993201452227
4782,8336.917044821621
4783,8341.846360001113
4784,8346.782135109432
4785,8351.726591817933
4786,8356.679745389507
4787,8361.638753506748
4788,8366.603913225
4789,8371.577806199046
4790,8376.560447782484
4791,8381.549174751988
4792,8386.543897379452
4793,8391.547405231377
4794,8396.55971375263
4795,8401.57818643301
4796,8406.602651382054
4797,8411.635953839246
4798,8416.678109341248
4799,8421.726355544588
4800,8426.78074334118
4801,8431.844021246543
4802,8436.91620488971
4803,8441.994253389654
4804,8447.0787456736
4805,8452.172180985855
4806,8457.274575048372
4807,8462.382455586914
4808,8467.497235111878
4809,8472.621010905536
4810,8477.753798783344
4811,8482.891542076335
4812,8488.036792709536
4813,8493.191093174639
4814,8498.354459381137
4815,8503.522097122433
4816,8508.698003843994
4817,8513.8830142854
4818,8519.077102276568
4819,8524.274709315108
4820,8529.48145821706
4821,8534.697365053513
4822,8539.92138959437
4823,8545.149971568078
4824,8550.387749852896
4825,8555.634740615511
4826,8560.888736224446
4827,8566.14848111434
4828,8571.417477093042
4829,8576.695740423444
4830,8581.979742607527
4831,8587.270839498802
4832,8592.571242588545
4833,8597.880968236384
4834,8603.195013488585
4835,8608.517652567625
4836,8613.84965328864
4837,8619.190186247946
4838,8624.535157903232
4839,8629.889530453915
4840,8635.253320425876
4841,8640.623947674912
4842,8646.000789160216
4843,8651.387087559558
4844,8656.782859497183
4845,8662.183620378428
4846,8667.5925248197
4847,8673.010942532675
4848,8678.438041168734
4849,8683.868116327722
4850,8689.307741967004
4851,8694.756934875095
4852,8700.215711869976
4853,8705.680068348836
4854,8711.150596839581
4855,8716.630746915074
4856,8722.12053548864
4857,8727.619975760545
4858,8733.121589844246
4859,8738.632880149355
4860,8744.153863685124
4861,8749.68455749068
4862,8755.2212258675
4863,8760.76384055629
4864,8766.316203531536
4865,8771.878331929016
4866,8777.450014283342
4867,8783.02413860373
4868,8788.608066591501
4869,8794.201815479633
4870,8799.805402531376
4871,8805.414289255574
4872,8811.029968926825
4873,8816.655525304186
4874,8822.290975748874
4875,8827.934811977068
4876,8833.582431102936
4877,8839.239983070222
4878,8844.907485338654
4879,8850.58495539863
4880,8856.265978193209
4881,8861.955714955602
4882,8867.655458585015
4883,8873.365226671145
4884,8879.081139782184
4885,8884.803251651934
4886,8890.535427288574
4887,8896.27768438166
4888,8902.028247335124
4889,8907.78193277565
4890,8913.545737472497
4891,8919.31967921261
4892,8925.10377581417
4893,8930.89455066875
4894,8936.690168211495
4895,8942.495978706816
4896,8948.312000071042
4897,8954.138250251934
4898,8959.969173082154
4899,8965.807037464927
4900,8971.655169048889
4901,8977.513585880679
4902,8983.382306038628
4903,8989.253314733589
4904,8995.133743021355
4905,9001.024513315326
4906,9006.925643793447
4907,9012.835274397714
4908,9018.748186901703
4909,9024.67149849929
4910,9030.605227468603
4911,9036.549392119841
4912,9042.498970233972
4913,9048.455012008324
4914,9054.421528673362
4915,9060.398538640251
4916,9066.386060352466
4917,9072.375529040643
4918,9078.37502364122
4919,9084.385069497332
4920,9090.405685154163
4921,9096.433529406075
4922,9102.466193219214
4923,9108.509466577174
4924,9114.563368127425
4925,9120.6279165502
4926,9126.69552285642
4927,9132.772216370044
4928,9138.859596805542
4929,9144.957682946197
4930,9151.063502591689
4931,9157.173809958373
4932,9163.294863316323
4933,9169.42668155247
4934,9175.569283586914
4935,9181.714743004084
4936,9187.869664369642
4937,9194.035410128705
4938,9200.211999305795
4939,9206.395440450591
4940,9212.584247128205
4941,9218.783937744207
4942,9224.994531427596
4943,9231.216047340955
4944,9237.439527158434
4945,9243.673358595779
4946,9249.918153093631
4947,9256.173929919873
4948,9262.435998491492
4949,9268.704167743881
4950,9274.983360395492
4951,9281.27359582006
4952,9287.574159739495
4953,9293.876864833053
4954,9300.190654011896
4955,9306.515546756244
4956,9312.851562580492
4957,9319.191954072383
4958,9325.54053918936
4959,9331.900289014166
4960,9338.271223168504
4961,9344.649944216153
4962,9351.033525722964
4963,9357.428333431562
4964,9363.834387071514
4965,9370.251348544793
4966,9376.670127937485
4967,9383.100195379326
4968,9389.541570708396
4969,9395.99427379762
4970,9402.450864668708
4971,9408.916394743057
4972,9415.393295016409
4973,9421.88158547099
4974,9428.376259245224
4975,9434.87745590497
4976,9441.390085433197
4977,9447.914167922081
4978,9454.446839470622
4979,9460.98390772618
4980,9467.532471879253
4981,9474.092552132599
4982,9480.663061662468
4983,9487.235469058829
4984,9493.819434444413
4985,9500.414978130913
4986,9507.022120465672
4987,9513.633940372589
4988,9520.253507727884
4989,9526.884715936763
4990,9533.527585456302
4991,9540.179798159083
4992,9546.835169218728
4993,9553.5022440384
4994,9560.181043185521
4995,9566.871587263606
4996,9573.564900895546
4997,9580.268045417972
4998,9586.982977640779
4999,9593.709718278646
5000,9600.44318920187
5001,9607.182607527031
5002,9613.933877283402
5003,9620.697019297442
5004,9627.470525022252
5005,9634.246422262822
5006,9641.03423502509
5007,9647.833984247934
5008,9654.645690907015
5009,9661.459985945461
5010,9668.284548205249
5011,9675.121111490613
5012,9681.969696890435
5013,9688.823799295982
5014,9695.685318569218
5015,9702.558903796862
5016,9709.444576181671
5017,9716.338367415323
5018,9723.23705224735
5019,9730.14786832826
5020,9737.070836975367
5021,9744.004199764318
5022,9750.940259735191
5023,9757.888516616902
5024,9764.848991841905
5025,9771.821706880271
5026,9778.795455874642
5027,9785.781364546641
5028,9792.779557708951
5029,9799.790056947653
5030,9806.803159836138
5031,9813.826932335447
5032,9820.863055843818
5033,9827.911552064012
5034,9834.963895101891
5035,9842.025744518776
5036,9849.10001183708
5037,9856.186718876841
5038,9863.278189450324
5039,9870.378329934161
5040,9877.490955587164
5041,9884.616088347355
5042,9891.746574941533
5043,9898.885221706703
5044,9906.036421286068
5045,9913.200195736275
5046,9920.36958790384
5047,9927.546957235825
5048,9934.736947406176
5049,9941.939580590855
5050,9949.147768921572
5051,9956.364078183125
5052,9963.593076688261
5053,9970.834786732874
5054,9978.081662823886
5055,9985.337130461337
5056,9992.605356130473
5057,9999.886362247824
5058,10007.171818674777
5059,10014.46666422438
5060,10021.77433697859
5061,10029.094859475234
5062,10036.41878976419
5063,10043.753233858637
5064,10051.100574717328
5065,10058.460835000074
5066,10065.823133600246
5067,10073.197397975211
5068,10080.584629062714
5069,10087.984118587452
5070,10095.385411902555
5071,10102.799719403389
5072,10110.227063955619
5073,10117.664700801564
5074,10125.106190596736
5075,10132.56076518521
5076,10140.028447556451
5077,10147.504128843486
5078,10154.986039809914
5079,10162.481106571011
5080,10169.989352240731
5081,10177.502975910185
5082,10185.025533867263
5083,10192.561319016128
5084,10200.110354595932
5085,10207.661819387476
5086,10215.225251289752
5087,10222.80198217868
5088,10230.390054635143
5089,10237.981240848585
5090,10245.585774792808
5091,10253.20367991826
5092,10260.829381021595
5093,10268.461826053779
5094,10276.107691285995
5095,10283.767000295742
5096,10291.430231100587
5097,10299.104164951028
5098,10306.791591873784
5099,10314.491086575521
5100,10322.193197847744
5101,10329.908851677636
5102,10337.638071857169
5103,10345.374888396887
5104,10353.118878423249
5105,10360.876484562756
5106,10368.647730736362
5107,10376.421772296771
5108,10384.207874175358
5109,10392.00766613101
5110,10399.81678294099
5111,10407.628471047878
5112,10415.453894158381
5113,10423.293076401827
5114,10431.14604194981
5115,10438.999394819759
5116,10446.864345813094
5117,10454.74312535716
5118,10462.635757745224
5119,10470.534082413462
5120,10478.437022031841
5121,10486.35385691096
5122,10494.284611461011
5123,10502.229310134973
5124,10510.17687466812
5125,10518.131886922662
5126,10526.100885888227
5127,10534.083896135271
5128,10542.080942277345
5129,10550.077648689863
5130,10558.085085652883
5131,10566.106601393893
5132,10574.14222064472
5133,10582.191342941042
5134,10590.2374121514
5135,10598.29762797637
5136,10606.372015266625
5137,10614.46059891641
5138,10622.55807125232
5139,10630.657182429473
5140,10638.770533369232
5141,10646.898149085542
5142,10655.040054636178
5143,10663.185475709823
5144,10671.337986597684
5145,10679.504831022736
5146,10687.686034163227
5147,10695.88162124156
5148,10704.074590948734
5149,10712.28086142335
5150,10720.501559839977
5151,10728.736711542322
5152,10736.98056670767
5153,10745.226461280048
5154,10753.48685336772
5155,10761.761768436236
5156,10770.051231995823
5157,10778.341855823457
5158,10786.64214069433
5159,10794.957018589716
5160,10803.28651514254
5161,10811.627121501853
5162,10819.966665158707
5163,10828.320870767537
5164,10836.689764082033
5165,10845.073370901004
5166,10853.462666796093
5167,10861.856394041977
5168,10870.264878381106
5169,10878.688145733826
5170,10887.126222065956
5171,10895.563748402967
5172,10904.012018707113
5173,10912.47514187512
5174,10920.953143995135
5175,10929.443098135069
5176,10937.931350032433
5177,10946.434524986242
5178,10954.952649207582
5179,10963.485748953486
5180,10972.023041575412
5181,10980.566464984764
5182,10989.12490832129
5183,10997.69839796581
5184,11006.28696034535
5185,11014.871135989522
5186,11023.470096165713
5187,11032.084173779242
5188,11040.713395381721
5189,11049.348716269766
5190,11057.98839173067
5191,11066.643256105464
5192,11075.313336070956
5193,11083.998658350692
5194,11092.679978119253
5195,11101.375828779337
5196,11110.08696698092
5197,11118.813419573558
5198,11127.54504250431
5199,11136.282079715242
5200,11145.03447676881
5201,11153.802260641172
5202,11162.583776088457
5203,11171.362200866968
5204,11180.156058140903
5205,11188.965375013666
5206,11197.790178636156
5207,11206.615885054338
5208,11215.450679320818
5209,11224.301005044548
5210,11233.166889502234
5211,11242.0444596993
5212,11250.920387527438
5213,11259.811919015034
5214,11268.719081565208
5215,11277.641902629142
5216,11286.56532109857
5217,11295.49825597282
5218,11304.44689458391
5219,11313.411264510227
5220,11322.385622441403
5221,11331.360159045094
5222,11340.350472406717
5223,11349.356590232497
5224,11358.378540277248
5225,11367.397775399364
5226,11376.429962932287
5227,11385.478028427046
5228,11394.5419997671
5229,11403.611256207814
5230,11412.685518073731
5231,11421.775731749141
5232,11430.881925246775
5233,11440.000756614789
5234,11449.117293725903
5235,11458.249856845445
5236,11467.398474116038
5237,11476.563173729646
5238,11485.725449735872
5239,11494.900564324287
5240,11504.091807745826
5241,11513.299208323147
5242,11522.510149876196
5243,11531.728018728847
5244,11540.962091451202
5245,11550.212396497287
5246,11559.471561820963
5247,11568.732388512866
5248,11578.009494466967
5249,11587.302908269228
5250,11596.609857124073
5251,11605.913846019055
5252,11615.234189925966
5253,11624.57091756338
5254,11633.924057700171
5255,11643.27257493246
5256,11652.636370207701
5257,11662.01662546889
5258,11671.413369618358
5259,11680.80875361817
5260,11690.216216704539
5261,11699.640216410731
5262,11709.080781773191
5263,11718.522563164612
5264,11727.973911278132
5265,11737.441873025093
5266,11746.926477576751
5267,11756.414190330937
5268,11765.909641471559
5269,11775.421783640375
5270,11784.950646144058
5271,11794.483827477785
5272,11804.02360043986
5273,11813.58014220734
5274,11823.153482222986
5275,11832.731672501888
5276,11842.315986884409
5277,11851.917148233384
5278,11861.535186128394
5279,11871.157928774455
5280,11880.787004991089
5281,11890.433006720523
5282,11900.09596367977
5283,11909.76280508298
5284,11919.436864371872
5285,11929.127928106605
5286,11938.836026142273
5287,11948.546515576107
5288,11958.265780009458
5289,11968.002128209793
5290,11977.755590170984
5291,11987.509279711603
5292,11997.273972205068
5293,12007.055828176222
5294,12016.854877758438
5295,12026.650545353892
5296,12036.459981413765
5297,12046.286659456664
5298,12056.130609753272
5299,12065.971166067717
5300,12075.825553189601
5301,12085.697261162293
5302,12095.586320394415
5303,12105.471296668462
5304,12115.370843172803
5305,12125.287789759572
5306,12135.222166975978
5307,12145.15109576486
5308,12155.096010803876
5309,12165.05840552222
5310,12175.037761059468
5311,12185.010725753491
5312,12195.001219318074
5313,12205.009272525638
5314,12215.031678950078
5315,12225.050352814207
5316,12235.086635740467
5317,12245.140558641579
5318,12255.2055525528
5319,12265.270146905968
5320,12275.352430881898
5321,12285.452435534162
5322,12295.559554746022
5323,12305.670281763934
5324,12315.798779335697
5325,12325.945078656414
5326,12336.093862175445
5327,12346.250934896732
5328,12356.425859474934
5329,12366.618667247369
5330,12376.808655252007
5331,12387.01228758431
5332,12397.233853450083
5333,12407.471695440983
5334,12417.704118150335
5335,12427.954524876337
5336,12438.222947187345
5337,12448.501108325441
5338,12458.780438807766
5339,12469.077835590891
5340,12479.393330387044
5341,12489.711354495374
5342,12500.037808923218
5343,12510.382412313367
5344,12520.745196522577
5345,12531.102628520342
5346,12541.476423956641
5347,12551.868451395658
5348,12562.272057653274
5349,12572.675128724779
5350,12583.096483128233
5351,12593.53615295524
5352,12603.978291945821
5353,12614.42905718761
5354,12624.898189417927
5355,12635.385680851781
5356,12645.86594094691
5357,12656.364619741831
5358,12666.881749564762
5359,12677.406903669582
5360,12687.93521333351
5361,12698.482025973839
5362,12709.047374066087
5363,12719.60139808368
5364,12730.167935788648
5365,12740.753043483272
5366,12751.356753760088
5367,12761.979099268674
5368,12772.587353326604
5369,12783.210897295632
5370,12793.853111222863
5371,12804.514027875553
5372,12815.192789557199
5373,12825.854911360633
5374,12836.535770744627
5375,12847.235400594484
5376,12857.953833853064
5377,12868.684416142762
5378,12879.404063139687
5379,12890.142548590193
5380,12900.899905555883
5381,12911.67616715618
5382,12922.457325680502
5383,12933.234809494661
5384,12944.031233178783
5385,12954.846629971635
5386,12965.68103317015
5387,12976.511527345323
5388,12987.347161127904
5389,12998.20183674272
5390,13009.075587606714
5391,13019.968447195271
5392,13030.847040165678
5393,13041.74113860949
5394,13052.6543813964
5395,13063.586802122423
5396,13074.530227356958
5397,13085.463893022137
5398,13096.416772375485
5399,13107.38889913403
5400,13118.380307073841
5401,13129.369463690422
5402,13140.362124647332
5403,13151.37410272776
5404,13162.405431829418
5405,13173.456145909338
5406,13184.489808534625
5407,13195.541783627683
5408,13206.613179835256
5409,13217.704031236728
5410,13228.799200534393
5411,13239.891318739275
5412,13251.002928405982
5413,13262.13406373661
5414,13273.284758993159
5415,13284.422091107112
5416,13295.57406100178
5417,13306.745627285563
5418,13317.936824343833
5419,13329.133489874797
5420,13340.325967188306
5421,13351.538111871934
5422,13362.769958434943
5423,13374.02154144693
5424,13385.25804259874
5425,13396.510913557746
5426,13407.783557757992
5427,13419.076009893579
5428,13430.369688898018
5429,13441.663434442558
5430,13452.977024847929
5431,13464.310494933217
5432,13475.660313748867
5433,13486.995082629339
5434,13498.349768248701
5435,13509.724405551471
5436,13521.119029543197
5437,13532.505272191891
5438,13543.901202480474
5439,13555.317156715555
5440,13566.75317002879
5441,13578.193423143972
5442,13589.630748008465
5443,13601.088169343011
5444,13612.56572240579
5445,13624.058961409739
5446,13635.53783121333
5447,13647.03687027176
5448,13658.556113970099
5449,13670.095597755322
5450,13681.621884362667
5451,13693.162692231339
5452,13704.723777914038
5453,13716.305176985341
5454,13727.882345583559
5455,13739.465073815463
5456,13751.068153298693
5457,13762.691619735931
5458,13774.318658836415
5459,13785.94345945555
5460,13797.588685027335
5461,13809.254371382931
5462,13820.930273889611
5463,13832.597299395278
5464,13844.28482381966
5465,13855.992883122908
5466,13867.716646294974
5467,13879.426049665755
5468,13891.15602618692
5469,13902.906611948029
5470,13914.677237363807
5471,13926.429172061633
5472,13938.201754407886
5473,13949.99502062204
5474,13961.809006986867
5475,13973.606134117868
5476,13985.421476505358
5477,13997.257577656324
5478,14009.114473984097
5479,14020.956409086795
5480,14032.814666223205
5481,14044.693757287127
5482,14056.593718822942
5483,14068.479475916092
5484,14080.380803004055
5485,14092.303039452872
5486,14104.246221938385
5487,14116.174819226697
5488,14128.119371967232
5489,14140.084909772078
5490,14152.07146944896
5491,14164.041929291485
5492,14176.029863887185
5493,14188.03885952151
5494,14200.068953134574
5495,14212.080302013881
5496,14224.11177517191
5497,14236.164385614607
5498,14248.235446633593
5499,14260.289438906742
5500,14272.364607841797
5501,14284.46099058007
5502,14296.57107795452
5503,14308.66884707129
5504,14320.787869508309
5505,14332.928182540421
5506,14345.076335251524
5507,14357.218039176048
5508,14369.381073352826
5509,14381.565475190602
5510,14393.750736224718
5511,14405.936533435586
5512,14418.14373810503
5513,14430.3723877762
5514,14442.593804096536
5515,14454.823853588976
5516,14467.075388021447
5517,14479.348445071892
5518,14491.60506759026
5519,14503.879528878064
5520,14516.175552863118
5521,14528.484372417646
5522,14540.76737297481
5523,14553.071951031734
5524,14565.398144426683
5525,14577.74599106393
5526,14590.107654006468
5527,14602.442421606424
5528,14614.798857308562
5529,14627.176999108382
5530,14639.57688506768
5531,14651.989130206945
5532,14664.375881206863
5533,14676.784391283163
5534,14689.214698589058
5535,14701.666841344291
5536,14714.127420521523
5537,14726.56637208328
5538,14739.02717406774
5539,14751.50986478626
5540,14764.014482616956
5541,14776.521160589231
5542,14789.012530680138
5543,14801.525842912351
5544,14814.061135755692
5545,14826.618447746921
5546,14839.16900207076
5547,14851.71300946259
5548,14864.279051086201
5549,14876.867165570198
5550,14889.477391610248
5551,14902.069612525216
5552,14914.666476790488
5553,14927.285467749216
5554,14939.926624188798
5555,14952.58998496392
5556,14965.221675275272
5557,14977.871616780852
5558,14990.543777811157
5559,15003.238197312457
5560,15015.942923047241
5561,15028.623889257888
5562,15041.32712915448
5563,15054.05268177449
5564,15066.800586222778
5565,15079.540575738989
5566,15092.274968855661
5567,15105.03172906287
5568,15117.810895556222
5569,15130.612507598828
5570,15143.385601374257
5571,15156.173643704411
5572,15168.984146889874
5573,15181.81715028374
5574,15194.656135157504
5575,15207.470905932469
5576,15220.308184110498
5577,15233.168009119625
5578,15246.050420455196
5579,15258.934646605165
5580,15271.798753360707
5581,15284.685453635382
5582,15297.594786998094
5583,15310.526793084793
5584,15323.45371068953
5585,15336.36733981511
5586,15349.30364884855
5587,15362.262677497654
5588,15375.244465537015
5589,15388.211541470346
5590,15401.174879722892
5591,15414.16098453217
5592,15427.169895742329
5593,15440.201653263859
5594,15453.206370885378
5595,15466.219605319264
5596,15479.255693203015
5597,15492.314674513937
5598,15505.396030872962
5599,15518.43644822553
5600,15531.499766104595
5601,15544.586024551356
5602,15557.695263672042
5603,15570.809438547338
5604,15583.900039516217
5605,15597.013628204939
5606,15610.150244779472
5607,15623.309929469862
5608,15636.45445504771
5609,15649.595426787404
5610,15662.759473616912
5611,15675.946635820826
5612,15689.156953746582
5613,15702.32937770797
5614,15715.520907211096
5615,15728.735599315582
5616,15741.973494417194
5617,15755.213454043771
5618,15768.432518175663
5619,15781.674792081722
5620,15794.940316199985
5621,15808.229131028167
5622,15821.49229422221
5623,15834.762201246991
5624,15848.055405611807
5625,15861.371947847845
5626,15874.698237616187
5627,15887.995828379831
5628,15901.316763493001
5629,15914.661083511974
5630,15928.028829048311
5631,15941.373688865417
5632,15954.722404365524
5633,15968.09455164228
5634,15981.490171320218
5635,15994.893811208927
5636,16008.270355716366
5637,16021.670378665305
5638,16035.093920681878
5639,16048.54102244148
5640,16061.954783201976
5641,16075.37788187632
5642,16088.824537506402
5643,16102.294790737938
5644,16115.783030738623
5645,16129.229232195124
5646,16142.699028139323
5647,16156.192459172107
5648,16169.70956593535
5649,16183.221998819474
5650,16196.714959970725
5651,16210.23159326045
5652,16223.771939263941
5653,16237.336038591737
5654,16250.869914353236
5655,16264.409772198393
5656,16277.973379209076
5657,16291.560775904096
5658,16305.16148524323
5659,16318.72458746612
5660,16332.311474688824
5661,16345.922187315455
5662,16359.55676577267
5663,16373.173641285981
5664,16386.78382499541
5665,16400.417869088993
5666,16414.075813846186
5667,16427.754544917912
5668,16441.388038047397
5669,16455.04542569177
5670,16468.72674795389
5671,16482.43204494292
5672,16496.121728462072
5673,16509.80246781923
5674,16523.507174743685
5675,16537.235889126747
5676,16550.98251543274
5677,16564.68661022121
5678,16578.41470438272
5679,16592.16683755376
5680,16605.943049356545
5681,16619.695469313785
5682,16633.446948112673
5683,16647.222496133836
5684,16661.022152693105
5685,16674.826660560913
5686,16688.601515571238
5687,16702.400468505166
5688,16716.223558326317
5689,16730.070823958387
5690,16743.868126432968
5691,16757.681737609433
5692,16771.519496946905
5693,16785.381442926762
5694,16799.26243073219
5695,16813.09065098008
5696,16826.94302865655
5697,16840.81960174449
5698,16854.720408155437
5699,16868.62388211923
5700,16882.490818262537
5701,16896.381956287893
5702,16910.2973335314
5703,16924.23698723758
5704,16938.159525118685
5705,16952.065155986576
5706,16965.995029345326
5707,16979.94918177873
5708,16993.927649756777
5709,17007.86583936787
5710,17021.810122840758
5711,17035.778685020472
5712,17049.77156162243
5713,17063.780629261717
5714,17077.739224378027
5715,17091.72209454248
5716,17105.729274634286
5717,17119.760799372896
5718,17133.77892219386
5719,17147.775984500535
5720,17161.797348526834
5721,17175.843048045554
5722,17189.91311664103
5723,17203.936899920685
5724,17217.97231248509
5725,17232.032047214798
5726,17246.11613662725
5727,17260.20135060841
5728,17274.25065895554
5729,17288.32427157212
5730,17302.422219805492
5731,17316.5445347563
5732,17330.628837059514
5733,17344.716150839497
5734,17358.827776070473
5735,17372.963742544624
5736,17387.102134073244
5737,17401.198473906483
5738,17415.319087619755
5739,17429.4640035654
5740,17443.633249782386
5741,17457.778340122368
5742,17471.907704812005
5743,17486.06132654817
5744,17500.239231773066
5745,17514.4414465748
5746,17528.58938638365
5747,17542.75144403922
5748,17556.937731579626
5749,17571.148273328807
5750,17585.359819939193
5751,17599.530015318553
5752,17613.72437961148
5753,17627.942935236613
5754,17642.185704178595
5755,17656.392617352943
5756,17670.594721698602
5757,17684.82094641277
5758,17699.071311388958
5759,17713.33473533726
5760,17727.54420952852
5761,17741.77772443365
5762,17756.035297699436
5763,17770.316946450723
5764,17784.568190681723
5765,17798.8085802713
5766,17813.072936839213
5767,17827.361275060248
5768,17841.661898276005
5769,17855.908707839764
5770,17870.179382860464
5771,17884.473935393973
5772,17898.79237687827
5773,17913.073173168592
5774,17927.349659218868
5775,17941.64990764793
5776,17955.973927055707
5777,17970.29690322191
5778,17984.578647504295
5779,17998.884027331478
5780,18013.21304828449
5781,18027.565715223773
5782,18041.861075843943
5783,18056.17097358916
5784,18070.504369996703
5785,18084.861266675456
5786,18099.191507002844
5787,18113.50525722706
5788,18127.84235029296
5789,18142.20278436742
5790,18156.564326210613
5791,18170.881208472627
5792,18185.221263637264
5793,18199.584486235668
5794,18213.970869920522
5795,18228.29296450021
5796,18242.635188326294
5797,18257.00039092285
5798,18271.388562060063
5799,18285.734456758095
5800,18300.077993769155
5801,18314.444305013327
5802,18328.83337617894
5803,18343.19939813509
5804,18357.543327616724
5805,18371.90981012781
5806,18386.298827074283
5807,18400.681270008106
5808,18415.02460278227
5809,18429.390249920165
5810,18443.778188344135
5811,18458.173309214017
5812,18472.514984398258
5813,18486.878717021995
5814,18501.26447932305
5815,18515.668494993733
5816,18530.007376756097
5817,18544.368039981407
5818,18558.750452022887
5819,18573.154579037327
5820,18587.49441027684
5821,18601.85077024607
5822,18616.228578131922
5823,18630.627794958258
5824,18644.96842856576
5825,18659.319169242746
5826,18673.691036122505
5827,18688.083984901423
5828,18702.421475601714
5829,18716.76519560431
5830,18731.12969851961
5831,18745.514934525694
5832,18759.845283114526
5833,18774.180492599513
5834,18788.536119386412
5835,18802.912107949032
5836,18817.23125820732
5837,18831.556375820383
5838,18845.901522080647
5839,18860.266635577504
5840,18874.57047127645
5841,18888.883821181884
5842,18903.21678733782
5843,18917.56930227564
5844,18931.853644286082
5845,18946.153453289557
5846,18960.472441735626
5847,18974.8055407687
5848,18989.07113945098
5849,19003.355534229613
5850,19017.658646595126
5851,19031.964259013825
5852,19046.212948382778
5853,19060.47995283583
5854,19074.76518737226
5855,19089.038957022534
5856,19103.268681751993
5857,19117.51621448567
5858,19131.781463591647
5859,19146.018961887672
5860,19160.227559517127
5861,19174.45343147624
5862,19188.696479373182
5863,19202.893203090956
5864,19217.07840176983
5865,19231.280314028874
5866,19245.498834599515
5867,19259.650203842837
5868,19273.809620242326
5869,19287.985161967255
5870,19302.162562480287
5871,19316.278073116613
5872,19330.40921052018
5873,19344.555857112668
5874,19358.67924139
5875,19372.764498416593
5876,19386.864744998576
5877,19400.97985643127
5878,19415.044435957632
5879,19429.09673931463
5880,19443.163366617515
5881,19457.24232507949
5882,19471.245089897224
5883,19485.26162178866
5884,19499.291783405817
5885,19513.298982365992
5886,19527.252530744372
5887,19541.219111542898
5888,19555.198580139986
5889,19569.163815997617
5890,19583.065225924987
5891,19596.978905088934
5892,19610.90470157811
5893,19624.821757852937
5894,19638.66799285165
5895,19652.5257053628
5896,19666.394736186594
5897,19680.25733751071
5898,19694.04524677492
5899,19707.84381334853
5900,19721.65287076283
5901,19735.454682481646
5902,19749.181001307978
5903,19762.917128897716
5904,19776.662891551092
5905,19790.3975196602
5906,19804.058870177192
5907,19817.72915278018
5908,19831.408186595152
5909,19845.06917801725
5910,19858.662070220144
5911,19872.26298998884
5912,19885.871749351045
5913,19899.452592557434
5914,19912.97342565218
5915,19926.501354316388
5916,19940.036183574714
5917,19953.530309553025
5918,19966.975373612506
5919,19980.42657421421
5920,19993.883709494392
5921,20007.284493064002
5922,20020.649970998915
5923,20034.020599942152
5924,20047.396171275792
5925,20060.696932750303
5926,20073.978902594405
5927,20087.265012009597
5928,20100.555045777382
5929,20113.749052972114
5930,20126.94349048178
5931,20140.141030903986
5932,20153.321409730856
5933,20166.421923174064
5934,20179.524704739477
5935,20192.62952809788
5936,20205.690553128254
5937,20218.696269539243
5938,20231.703175404058
5939,20244.711038318634
5940,20257.645857961747
5941,20270.552487896053
5942,20283.459205680512
5943,20296.363536113055
5944,20309.167493613655
5945,20321.97065785418
5946,20334.77278637562
5947,20347.538158607473
5948,20360.23532454604
5949,20372.93055814042
5950,20385.62361152367
5951,20398.243078426738
5952,20410.82892651963
5953,20423.411683101076
5954,20435.983739023588
5955,20448.45767797092
5956,20460.92760394837
5957,20473.393260329667
5958,20485.806551422334
5959,20498.16108194848
5960,20510.51040834469
5961,20522.854269374897
5962,20535.10178341744
5963,20547.332176611686
5964,20559.556157808467
5965,20571.739337762767
5966,20583.84816725266
5967,20595.949629993156
5968,20608.043457503438
5969,20620.04795202068
5970,20632.024232678898
5971,20643.991913084294
5972,20655.921077396513
5973,20667.769489080776
5974,20679.608328799346
5975,20691.437321895213
5976,20703.17490419366
5977,20714.882188793374
5978,20726.57864674115
5979,20738.229970276938
5980,20749.80296629564
5981,20761.364150463087
5982,20772.91324308418
5983,20784.360129290533
5984,20795.783284538105
5985,20807.193356789943
5986,20818.54314633384
5987,20829.82550289368
5988,20841.093781436288
5989,20852.341492505042
5990,20863.480267873972
5991,20874.603967339695
5992,20885.71230614407
5993,20896.73705632494
5994,20907.713381230555
5995,20918.673344455743
5996,20929.58536578713
5997,20940.41151244801
5998,20951.220295231396
5999,20962.011427342775
6000,20972.68787922418
6001,20983.342671149698
6002,20993.97880934034
6003,21004.532035045642
6004,21015.030022048715
6005,21025.508352807654
6006,21035.933575080802
6007,21046.271941332772
6008,21056.58965013926
6009,21066.882142658666
6010,21077.058072424097
6011,21087.212345609267
6012,21097.344675227418
6013,21107.356189155096
6014,21117.3157408753
6015,21127.25231471
6016,21137.165624570687
6017,21146.981350866197
6018,21156.719597523843
6019,21166.433551773698
6020,21176.122928870453
6021,21185.733939138176
6022,21195.245987247214
6023,21204.73243703721
6024,21214.193005551107
6025,21223.59049492793
6026,21232.87149198011
6027,21242.125595239206
6028,21251.352523980386
6029,21260.526739992347
6030,21269.566237960848
6031,21278.577551638275
6032,21287.560403000378
6033,21296.514514611084
6034,21305.315950859105
6035,21314.079775816386
6036,21322.813865411103
6037,21331.517945452364
6038,21340.09757381366
6039,21348.609276389205
6040,21357.08998709869
6041,21365.53943543079
6042,21373.888418303457
6043,21382.143437586714
6044,21390.366226815855
6045,21398.556519587783
6046,21406.666192348926
6047,21414.660047358848
6048,21422.620454187698
6049,21430.54715096223
6050,21438.409028323753
6051,21446.137325074378
6052,21453.830977293186
6053,21461.48972805054
6054,21469.09551030616
6055,21476.55394874248
6056,21483.97656975301
6057,21491.363121756414
6058,21498.704700901824
6059,21505.889081687706
6060,21513.03649725252
6061,21520.146701758076
6062,21527.216167465278
6063,21534.12239860924
6064,21540.990543435102
6065,21547.820362231865
6066,21554.610007661722
6067,21561.234110963884
6068,21567.819035102617
6069,21574.364546866545
6070,21580.866874301944
6071,21587.204991608105
6072,21593.50286666125
6073,21599.760273109445
6074,21605.967999394004
6075,21612.016398643034
6076,21618.023523756387
6077,21623.98915558828
6078,21629.895217355417
6079,21635.650298406512
6080,21641.363106041685
6081,21647.033428653947
6082,21652.630987332166
6083,21658.08928756054
6084,21663.50434903192
6085,21668.87596799631
6086,21674.15841457785
6087,21679.316614226755
6088,21684.43064499238
6089,21689.50031128458
6090,21694.46127084495
6091,21699.31619812422
6092,21704.126062820655
6093,21708.8906777911
6094,21713.52401374817
6095,21718.07264966927
6096,21722.575366880807
6097,21727.03198695754
6098,21731.331805060057
6099,21735.57128799977
6100,21739.764034754473
6101,21743.893634441276
6102,21747.852100790504
6103,21751.763200365345
6104,21755.626770946026
6105,21759.442652410602
6106,21763.090118827953
6107,21766.67044679527
6108,21770.20249446217
6109,21773.686111260187
6110,21777.03186468353
6111,21780.279203108385
6112,21783.47755229879
6113,21786.62677144405
6114,21789.66416061699
6115,21792.576465232196
6116,21795.43911484618
6117,21798.2519785921
6118,21800.97465737401
6119,21803.550060628942
6120,21806.075187002967
6121,21808.549915740947
6122,21810.9518446839
6123,21813.18865847655
6124,21815.374618039845
6125,21817.50961287973
6126,21819.58506049693
6127,21821.481778587855
6128,21823.327110200255
6129,21825.12095523207
6130,21826.863215928122
6131,21828.419799058585
6132,21829.923226026847
6133,21831.374690260833
6134,21832.774104533935
6135,21833.993962633227
6136,21835.154394405126
6137,21836.262433389697
6138,21837.3180029785
6139,21838.196381784663
6140,21839.012915320684
6141,21839.776672438245
6142,21840.487587218384
6143,21841.02004250489
6144,21841.491963327222
6145,21841.910770767776
6146,21842.276409650287
6147,21842.45880680596
6148,21842.585589726605
6149,21842.658969141285
6150,21842.672493742768
6151,21842.507413935982
6152,21842.288723465164
6153,21842.016386300777
6154,21841.671972188986
6155,21841.161480313855
6156,21840.5971707514
6157,21839.979018269114
6158,21839.273405196058
6159,21838.41749819145
6160,21837.507613403704
6161,21836.543736384418
6162,21835.473969114424
6163,21834.27283305199
6164,21833.01760593797
6165,21831.70828407829
6166,21830.271710444522
6167,21828.725719757163
6168,21827.125571407993
6169,21825.47127241095
6170,21823.66554104982
6171,21821.775257455396
6172,21819.83079601053
6173,21817.832174374937
6174,21815.655232139365
6175,21813.421403265183
6176,21811.13342247129
6177,21808.763732728625
6178,21806.24140703826
6179,21803.664964750595
6180,21801.034442227206
6181,21798.289464333655
6182,21795.425532759487
6183,21792.50759120318
6184,21789.535686420506
6185,21786.414198629456
6186,21783.20991039418
6187,21779.95176374812
6188,21776.630372270403
6189,21773.140881969564
6190,21769.597664337758
6191,21766.00078429118
6192,21762.30032176219
6193,21758.47327483085
6194,21754.59273036778
6195,21750.6587633233
6196,21746.5788110888
6197,21742.41593902978
6198,21738.199842589645
6199,21733.914814852447
6200,21729.471019807836
6201,21724.974223816116
6202,21720.424519265427
6203,21715.73795574389
6204,21710.921864252803
6205,21706.053108633474
6206,21701.13179119199
6207,21696.15801634413
6208,21691.015330672926
6209,21685.777675895013
6210,21680.487849361278
6211,21675.145965163127
6212,21669.752139443503
6213,21664.151497094932
6214,21658.49642770953
6215,21652.789742639445
6216,21647.031567444294
6217,21641.179113953305
6218,21635.162226909648
6219,21629.09420746242
6220,21622.97519036594
6221,21616.80531231195
6222,21610.490891616042
6223,21604.06515858884
6224,21597.588960481204
6225,21591.06244289369
6226,21584.485753296365
6227,21577.709311809213
6228,21570.879742974987
6229,21564.00043496567
6230,21557.071543861195
6231,21550.034275851795
6232,21542.85529189109
6233,21535.627186820937
6234,21528.350125079243
6235,21521.02427284367
6236,21513.524225664274
6237,21505.95145688816
6238,21498.330394268305
6239,21490.661212020732
6240,21482.89600227452
6241,21474.98283875372
6242,21467.02207948848
6243,21459.013906466134
6244,21450.958503276244
6245,21442.731735853595
6246,21434.435714115643
6247,21426.093018331787
6248,21417.70383952661
6249,21409.209335872412
6250,21400.582611133843
6251,21391.90998471517
6252,21383.19165479709
6253,21374.427584888395
6254,21365.474837183447
6255,21356.476991613297
6256,21347.434253231422
6257,21338.34682848418
6258,21329.125186401965
6259,21319.806947680507
6260,21310.444656774467
6261,21301.038526649496
6262,21291.547154095344
6263,21281.91345782755
6264,21272.236578701566
6265,21262.516735911497
6266,21252.754149894754
6267,21242.810796698624
6268,21232.824397035463
6269,21222.795936417348
6270,21212.725641149216
6271,21202.513882062027
6272,21192.223127887664
6273,21181.89124135887
6274,21171.518454352852
6275,21161.03824815134
6276,21150.448398759763
6277,21139.81837023668
6278,21129.14839973504
6279,21118.400018991983
6280,21107.516421839784
6281,21096.593622128254
6282,21085.631861988928
6283,21074.615881747042
6284,21063.443967327737
6285,21052.23384899557
6286,21040.98577356336
6287,21029.699988730532
6288,21018.248336824898
6289,21006.75642906424
6290,20995.22758803395
6291,20983.662065749788
6292,20971.947336817528
6293,20960.17924030702
6294,20948.375253588332
6295,20936.53563269776
6296,20924.55925228913
6297,20912.520634063432
6298,20900.44718665513
6299,20888.339169826733
6300,20876.10282049031
6301,20863.799408825984
6302,20851.462245708397
6303,20839.091594333844
6304,20826.597204897655
6305,20814.03478422221
6306,20801.439705274697
6307,20788.812234394947
6308,20776.061969387854
6309,20763.246375220537
6310,20750.399230172236
6311,20737.52080343876
6312,20724.517052657426
6313,20711.454166588366
6314,20698.36085000911
6315,20685.237374687003
6316,20671.982742913093
6317,20658.67848762775
6318,20645.34493396583
6319,20631.982355985067
6320,20618.47965285762
6321,20604.939987213023
6322,20591.372165886096
6323,20577.770499642953
6324,20564.028694995613
6325,20550.259609155088
6326,20536.46351970106
6327,20522.617424201282
6328,20508.651057283045
6329,20494.65856791463
6330,20480.640235207444
6331,20466.553077210207
6332,20452.368179140398
6333,20438.15832468486
6334,20423.92379422136
6335,20409.59910770229
6336,20395.201727850614
6337,20380.780563864144
6338,20366.335897126508
6339,20351.7773739724
6340,20337.173575360874
6341,20322.54716993778
6342,20307.892357738925
6343,20293.109920718565
6344,20278.305775506396
6345,20263.480204785563
6346,20248.596847269877
6347,20233.618956615657
6348,20218.62054167164
6349,20203.601885431493
6350,20188.49410148826
6351,20173.326832339106
6352,20158.140224905615
6353,20142.934562251663
6354,20127.606594397097
6355,20112.256019052544
6356,20096.887292504405
6357,20081.467473059205
6358,20065.956903619135
6359,20050.429087371947
6360,20034.88430707404
6361,20019.24223987687
6362,20003.54708394834
6363,19987.835874687808
6364,19972.108894344386
6365,19956.289862107773
6366,19940.416450448916
6367,19924.528177506658
6368,19908.625324800563
6369,19892.632365482685
6370,19876.58700746873
6371,19860.527977838712
6372,19844.45555716669
6373,19828.291861203757
6374,19812.080840933548
6375,19795.857335405948
6376,19779.62162404033
6377,19763.290524768025
6378,19746.92009727891
6379,19730.538366683097
6380,19714.145611042662
6381,19697.650575348736
6382,19681.12696294197
6383,19664.593224500142
6384,19648.0496365321
6385,19631.394255740328
6386,19614.723644417634
6387,19598.044078210005
6388,19581.347212945497
6389,19564.54381286877
6390,19547.73234888138
6391,19530.913094424002
6392,19514.06078740611
6393,19497.121478870344
6394,19480.175265381156
6395,19463.222418317273
6396,19446.21860477901
6397,19429.14945273954
6398,19412.07454659894
6399,19394.99415550379
6400,19377.842861823287
6401,19360.649882545167
6402,19343.452291180147
6403,19326.250354479398
6404,19308.955690181032
6405,19291.64484821261
6406,19274.330526629605
6407,19256.99931472802
6408,19239.57913961023
6409,19222.15634486969
6410,19204.731192770345
6411,19187.262551387306
6412,19169.735161777087
6413,19152.20626675165
6414,19134.67612576135
6415,19117.04658404218
6416,19099.379597056453
6417,19081.71223504327
6418,19064.04475460803
6419,19046.377411529425
6420,19028.632749430817
6421,19010.83392948987
6422,18993.03610642666
6423,18975.239533001
6424,18957.444461111743
6425,18939.587381988946
6426,18921.6661242791
6427,18903.74721549473
6428,18885.830904352806
6429,18867.91743867742
6430,18849.950979227062
6431,18831.91653863183
6432,18813.88577808883
6433,18795.858942088067
6434,18777.83627419729
6435,18759.75856898617
6436,18741.608061432093
6437,18723.46255236334
6438,18705.32228189655
6439,18687.187489198393
6440,18669.058412481747
6441,18650.803196861532
6442,18632.55236596175
6443,18614.308064593613
6444,18596.070527361764
6445,18577.83998789213
6446,18559.539416076885
6447,18541.192522651705
6448,18522.853425690868
6449,18504.52235508877
6450,18486.199539738565
6451,18467.853978108422
6452,18449.42011025584
6453,18430.99528100467
6454,18412.579715403448
6455,18394.173637479165
6456,18375.777270234823
6457,18357.271951429288
6458,18338.77027777841
6459,18320.27907941793
6460,18301.798575387675
6461,18283.3289836857
6462,18264.784557343177
6463,18246.2147487044
6464,18227.656600691425
6465,18209.110327247756
6466,18190.576141259597
6467,18171.994084208665
6468,18153.36466877899
6469,18134.748072414808
6470,18116.14450386577
6471,18097.55417081072
6472,18078.93629257209
6473,18060.255614921225
6474,18041.588887350936
6475,18022.936313330807
6476,18004.29809524831
6477,17985.64650930997
6478,17966.92272828266
6479,17948.21400045786
6480,17929.52052394987
6481,17910.842495781428
6482,17892.159592250347
6483,17873.400679175924
6484,17854.65789412252
6485,17835.931429784672
6486,17817.221477757736
6487,17798.50989734821
6488,17779.723634547503
6489,17760.954545929424
6490,17742.202818714424
6491,17723.46863901797
6492,17704.730837544234
6493,17685.922708789043
6494,17667.132773229878
6495,17648.361212568918
6496,17629.60820739913
6497,17610.856015549612
6498,17592.033515523028
6499,17573.230198441906
6500,17554.44624045467
6501,17535.681816598008
6502,17516.91785321085
6503,17498.088282084416
6504,17479.278854191864
6505,17460.489740101533
6506,17441.721109269216
6507,17422.948192150074
6508,17404.11865522803
6509,17385.310192219265
6510,17366.5229680947
6511,17347.757146713513
6512,17328.974408478993
6513,17310.140653538463
6514,17291.328883211096
6515,17272.539256854903
6516,17253.771932717853
6517,17235.027067939278
6518,17216.203325945753
6519,17197.39546212565
6520,17178.61061718542
6521,17159.848943759498
6522,17141.110593377063
6523,17122.334744921576
6524,17103.53779025406
6525,17084.76469918749
6526,17066.015618748384
6527,17047.29069486282
6528,17028.56250727207
6529,17009.78325415671
6530,16991.02867920897
6531,16972.29892386062
6532,16953.594128449102
6533,16934.913706203217
6534,16916.158737939386
6535,16897.42923232896
6536,16878.725325229494
6537,16860.04715141148
6538,16841.394844560604
6539,16822.687433051648
6540,16803.98536610921
6541,16785.309650137817
6542,16766.660414363803
6543,16748.037786937264
6544,16729.400581325088
6545,16710.7322948727
6546,16692.09108188545
6547,16673.47706607953
6548,16654.890370104516
6549,16636.322701372617
6550,16617.694325896973
6551,16599.09371660449
6552,16580.520991741483
6553,16561.976268498267
6554,16543.459663011938
6555,16524.895257185337
6556,16506.341143260615
6557,16487.815571506137
6558,16469.318653699902
6559,16450.850500578457
6560,16432.35835594638
6561,16413.856422288114
6562,16395.383659292445
6563,16376.940173377325
6564,16358.526069931948
6565,16340.106339451198
6566,16321.662066592982
6567,16303.247563928599
6568,16284.862932573453
6569,16266.508272627527
6570,16248.16135815041
6571,16229.78002480588
6572,16211.429032539514
6573,16193.108477226158
6574,16174.818453739501
6575,16156.544980937579
6576,16138.231666672142
6577,16119.949236061322
6578,16101.697779805909
6579,16083.477387620367
6580,16065.278182447431
6581,16047.03777046715
6582,16028.828756772287
6583,16010.651226960039
6584,15992.505265656866
6585,15974.38133228096
6586,15956.218512329106
6587,15938.087577731583
6588,15919.988609056203
6589,15901.921685916137
6590,15883.874186051582
6591,15865.793457404568
6592,15847.745074022334
6593,15829.729111521001
6594,15811.74564457875
6595,15793.775878152443
6596,15775.78155270569
6597,15757.820005697566
6598,15739.891307873224
6599,15721.995529057129
6600,15704.104916145026
6601,15686.201121580967
6602,15668.330512331033
6603,15650.493154353208
6604,15632.689112702317
6605,15614.879176674423
6606,15597.069859703877
6607,15579.294109078273
6608,15561.551986054576
6609,15543.843551004658
6610,15526.11590281939
6611,15508.404832488914
6612,15490.727684156645
6613,15473.084514467231
6614,15455.47513151001
6615,15437.831702788564
6616,15420.222473845435
6617,15402.647497655804
6618,15385.10682634261
6619,15367.581024142231
6620,15350.042549876223
6621,15332.5385861844
6622,15315.069181593866
6623,15297.634383798368
6624,15280.19402296673
6625,15262.76378359734
6626,15245.368341596713
6627,15228.00774113773
6628,15210.682025579
6629,15193.329000387275
6630,15176.010111920388
6631,15158.72628412259
6632,15141.47755690789
6633,15124.240043931937
6634,15107.000196998344
6635,15089.795614523116
6636,15072.626333037557
6637,15055.49238829323
6638,15038.344190937894
6639,15021.221225765728
6640,15004.133746997959
6641,14987.081787081457
6642,14970.04756915565
6643,14953.008494567197
6644,14936.005077092574
6645,14919.037345937164
6646,14902.10532956143
6647,14885.162673349345
6648,14868.245479309522
6649,14851.36412470344
6650,14834.518634829314
6651,14817.688883393323
6652,14800.859980471068
6653,14784.067056033962
6654,14767.310132281928
6655,14750.589230705256
6656,14733.853472081877
6657,14717.150939233676
6658,14700.484529315949
6659,14683.85426080054
6660,14667.23070483727
6661,14650.62043475924
6662,14634.046396441337
6663,14617.508605401581
6664,14600.996283756394
6665,14584.480059342066
6666,14568.000162394217
6667,14551.556605541557
6668,14535.149400753944
6669,14518.734181699461
6670,14502.350109836878
6671,14486.002458120072
6672,14469.691235709784
6673,14453.38701880058
6674,14437.100371611043
6675,14420.850212143447
6676,14404.63654681397
6677,14388.442632654718
6678,14372.25492751259
6679,14356.103765485519
6680,14339.989150309546
6681,14323.90492759173
6682,14307.81760155741
6683,14291.766862138633
6684,14275.752710455557
6685,14259.775147035314
6686,14243.78527177183
6687,14227.829115915916
6688,14211.909582098444
6689,14196.026668277076
6690,14180.175663360997
6691,14164.31576557118
6692,14148.492512475652
6693,14132.70589952742
6694,14116.955921620534
6695,14101.22871921705
6696,14085.503319111189
6697,14069.81456802432
6698,14054.162458425304
6699,14038.546982242917
6700,14022.943793606371
6701,14007.35437744518
6702,13991.801598303293
6703,13976.285445763
6704,13960.805908885199
6705,13945.326997289452
6706,13929.874925456948
6707,13914.459462856925
6708,13899.080596281965
6709,13883.73405322027
6710,13868.383982546275
6711,13853.070493475854
6712,13837.793570596123
6713,13822.55319800562
6714,13807.330261897558
6715,13792.119949493943
6716,13776.946163540513
6717,13761.808886007055
6718,13746.708098392875
6719,13731.609186728248
6720,13716.539652990366
6721,13701.50657624648
6722,13686.50993594281
6723,13671.539497752061
6724,13656.57525576095
6725,13641.647410065048
6726,13626.755938118355
6727,13611.900816936191
6728,13597.054121128827
6729,13582.232463410375
6730,13567.447107818038
6731,13552.698029448913
6732,13537.977325049802
6733,13523.262741018412
6734,13508.584378834206
6735,13493.942211735373
6736,13479.336212552307
6737,13464.739171247249
6738,13450.168610650508
6739,13435.63415467674
6740,13421.135774369495
6741,13406.662601520837
6742,13392.200583849095
6743,13377.774572281445
6744,13363.384536132311
6745,13349.03044433825
6746,13334.68099608759
6747,13320.364097625468
6748,13306.083066598507
6749,13291.837870284111
6750,13277.61045860838
6751,13263.403279324624
6752,13249.231852016923
6753,13235.096142359413
6754,13220.989493244106
6755,13206.89257850322
6756,13192.831293058905
6757,13178.805601037197
6758,13164.815466227912
6759,13150.832366225171
6760,13136.881702212684
6761,13122.966500480468
6762,13109.086723336972
6763,13095.222921356013
6764,13081.38330160822
6765,13067.57900633004
6766,13053.809996401777
6767,13040.064428825035
6768,13026.33622124254
6769,13012.643193892744
6770,12998.98530628018
6771,12985.356978259091
6772,12971.74049757677
6773,12958.159046701792
6774,12944.612583814542
6775,12931.100562961445
6776,12917.596072478327
6777,12904.12645542238
6778,12890.691668700456
6779,12877.291668946105
6780,12863.902792482428
6781,12850.54521707645
6782,12837.22230867499
6783,12823.934022699128
6784,12810.660408348638
6785,12797.415034563295
6786,12784.204159001112
6787,12771.027735919473
6788,12757.868574890577
6789,12744.735516452844
6790,12731.636782224814
6791,12718.572325347886
6792,12705.526851056007
6793,12692.50617703046
6794,12679.519648184283
6795,12666.567216589809
6796,12653.634700238963
6797,12640.726436573168
6798,12627.852134250497
6799,12615.011744320132
6800,12602.191490802814
6801,12589.395621837743
6802,12576.633525780164
6803,12563.905152701238
6804,12551.196496797884
6805,12538.512966743483
6806,12525.863016763822
6807,12513.24659599617
6808,12500.64889885618
6809,12488.07761323238
6810,12475.53971065131
6811,12463.035139359583
6812,12450.547785247112
6813,12438.088612290807
6814,12425.662621339514
6815,12413.269759791474
6816,12400.888902091743
6817,12388.537940664228
6818,12376.219957591808
6819,12363.934899444888
6820,12351.676272485518
6821,12339.43356851722
6822,12327.22363545434
6823,12315.046419081238
6824,12302.901865024312
6825,12290.773760464408
6826,12278.671874277752
6827,12266.602492978456
6828,12254.56556145673
6829,12242.556758385032
6830,12230.562872466518
6831,12218.601276252726
6832,12206.671913937505
6833,12194.774729576702
6834,12182.894803508732
6835,12171.04090083783
6836,12159.219013026935
6837,12147.429083482788
6838,12135.665812509946
6839,12123.919471969319
6840,12112.204924266758
6841,12100.522112197667
6842,12088.870978438323
6843,12077.235065135
6844,12065.627685082123
6845,12054.051815254472
6846,12042.507397761805
6847,12030.98572345604
6848,12019.485302115218
6849,12008.016162982642
6850,11996.578247637175
6851,11985.169455465266
6852,11973.775748956834
6853,11962.413094192627
6854,11951.081432255412
6855,11939.780704134404
6856,11928.496964244076
6857,11917.240514228428
6858,11906.014823823818
6859,11894.819833564654
6860,11883.646850095478
6861,11872.49629335778
6862,11861.376260911447
6863,11850.286692868853
6864,11839.22327085484
6865,11828.178265472827
6866,11817.163547106578
6867,11806.17905547844
6868,11795.22405211981
6869,11784.284227075777
6870,11773.374449959709
6871,11762.494660134942
6872,11751.644796901546
6873,11740.811936524897
6874,11730.00670018788
6875,11719.23121005283
6876,11708.485405097741
6877,11697.759113518692
6878,11687.057991118425
6879,11676.386372322935
6880,11665.744195817304
6881,11655.123438797806
6882,11644.525978351174
6883,11633.957777534883
6884,11623.418774769529
6885,11612.902554044413
6886,11602.408279619061
6887,11591.943019599104
6888,11581.506712168217
6889,11571.094061961163
6890,11560.702474829353
6891,11550.339655750373
6892,11540.005542697789
6893,11529.695526512969
6894,11519.406106268658
6895,11509.145206716132
6896,11498.912765644844
6897,11488.704473315862
6898,11478.516678955611
6899,11468.357157033055
6900,11458.22584517879
6901,11448.118390157344
6902,11438.03166112653
6903,11427.972955498077
6904,11417.942210768164
6905,11407.934727636426
6906,11397.948484840916
6907,11387.990015739408
6908,11378.05925771748
6909,11368.150899908425
6910,11358.264546693326
6911,11348.405716895662
6912,11338.574347813395
6913,11328.764285525143
6914,11318.977208620856
6915,11309.217404390598
6916,11299.484810066991
6917,11289.772228357255
6918,11280.083798794156
6919,11270.422390792846
6920,11260.787941542161
6921,11251.17203859058
6922,11241.581612582846
6923,11232.017956750537
6924,11222.480655443711
6925,11212.96099378588
6926,11203.467913585431
6927,11194.001351991554
6928,11184.559075054467
6929,11175.136339994096
6930,11165.73993471555
6931,11156.369796380603
6932,11147.02178458016
6933,11137.695292918723
6934,11128.394879335783
6935,11119.120481024744
6936,11109.86598223366
6937,11100.635039117775
6938,11091.429922432304
6939,11082.250569420632
6940,11073.088837572663
6941,11063.952737239222
6942,11054.84221182339
6943,11045.754852547421
6944,11036.687492787929
6945,11027.645519283169
6946,11018.628869395754
6947,11009.63277128232
6948,11000.659064011801
6949,10991.710491884833
6950,10982.786992361884
6951,10973.881432044538
6952,10965.000642641671
6953,10956.144737613713
6954,10947.31122185019
6955,10938.49791108332
6956,10929.709296674268
6957,10920.945316283578
6958,10912.200898218793
6959,10903.479261962391
6960,10894.782072045235
6961,10886.108215472133
6962,10877.453236727484
6963,10868.822516924312
6964,10860.215993970785
6965,10851.627824757381
6966,10843.059911063283
6967,10834.516006716078
6968,10825.996049772077
6969,10817.499978339774
6970,10809.027092658933
6971,10800.569536747607
6972,10792.135679422508
6973,10783.725458958597
6974,10775.338813686725
6975,10766.97568199438
6976,10758.630931740268
6977,10750.306070285225
6978,10742.004536263112
6979,10733.726268248109
6980,10725.47120487453
6981,10717.237947413383
6982,10709.021009045744
6983,10700.827089907847
6984,10692.656128837083
6985,10684.50806473431
6986,10676.382836564459
6987,10668.274336671651
6988,10660.186941367956
6989,10652.122197540708
6990,10644.080044375985
6991,10636.060421127086
6992,10628.059903014262
6993,10620.077922921375
6994,10612.11828916208
6995,10604.180941225417
6996,10596.265818670616
6997,10588.37156511124
6998,10580.493875848648
6999,10572.638229317705
7000,10564.804565327171
7001,10556.99282375879
7002,10549.202944567789
7003,10541.42864920225
7004,10533.675853108814
7005,10525.944737918093
7006,10518.235243850006
7007,10510.547311200608
7008,10502.876099072111
7009,10495.225004293847
7010,10487.59529050682
7011,10479.986898283987
7012,10472.399768276882
7013,10464.830088282406
7014,10457.279534896226
7015,10449.750064392943
7016,10442.24161771247
7017,10434.75413587561
7018,10427.284486460178
7019,10419.833305188446
7020,10412.40291056655
7021,10404.993243914512
7022,10397.604246635367
7023,10390.2331704232
7024,10382.880183999352
7025,10375.547689935214
7026,10368.235629943212
7027,10360.943945820867
7028,10353.670024839861
7029,10346.41404929714
7030,10339.178273830259
7031,10331.962640555612
7032,10324.767091676593
7033,10317.588943118095
7034,10310.428789005498
7035,10303.288544750232
7036,10296.168152883505
7037,10289.067556025284
7038,10281.983828486726
7039,10274.918302015076
7040,10267.872397302806
7041,10260.846057305978
7042,10253.839225071128
7043,10246.848595233638
7044,10239.876499355876
7045,10232.92373931131
7046,10225.99025849033
7047,10219.076000375338
7048,10212.177170072848
7049,10205.297305501053
7050,10198.436493055691
7051,10191.594676570216
7052,10184.771153942098
7053,10177.963493611898
7054,10171.174659774668
7055,10164.404596620561
7056,10157.653248434232
7057,10150.91887606498
7058,10144.200866359355
7059,10137.501403352204
7060,10130.820431688804
7061,10124.157896110179
7062,10117.513535438346
7063,10110.88402096389
7064,10104.272775736461
7065,10097.67974486378
7066,10091.104873550421
7067,10084.54810709804
7068,10078.006888196334
7069,10071.482704785321
7070,10064.976461124726
7071,10058.48810288928
7072,10052.017575851798
7073,10045.563432162175
7074,10039.125152754643
7075,10032.704540909217
7076,10026.301542776753
7077,10019.916104607133
7078,10013.547649973843
7079,10007.194115901548
7080,10000.857979647351
7081,9994.539187843746
7082,9988.237687223063
7083,9981.953424617619
7084,9975.683624343925
7085,9969.430807555811
7086,9963.195068430728
7087,9956.976354188322
7088,9950.774612148962
7089,9944.58774213598
7090,9938.417089651613
7091,9932.263250539934
7092,9926.126172512253
7093,9920.005803381242
7094,9913.90056752534
7095,9907.81092595099
7096,9901.73783597601
7097,9895.681245807282
7098,9889.641103753605
7099,9883.616233360704
7100,9877.606451821928
7101,9871.61296264368
7102,9865.635714531827
7103,9859.674656294626
7104,9853.728908733345
7105,9847.79784256995
7106,9841.88281207949
7107,9835.98376646984
7108,9830.100655051636
7109,9824.232798311743
7110,9818.379312175763
7111,9812.54160759249
7112,9806.719634274408
7113,9800.913342037114
7114,9795.122141297381
7115,9789.345103536321
7116,9783.58359578581
7117,9777.837568265153
7118,9772.106971297017
7119,9766.391215756857
7120,9760.689499049155
7121,9755.003063396573
7122,9749.33185952706
7123,9743.675838272144
7124,9738.034339057274
7125,9732.406821000828
7126,9726.79433763762
7127,9721.196840205681
7128,9715.614280046784
7129,9710.045868381174
7130,9704.491432037647
7131,9698.951786623968
7132,9693.4268838894
7133,9687.916675686965
7134,9682.42017021764
7135,9676.937653446046
7136,9671.46968641049
7137,9666.016221371954
7138,9660.577210695219
7139,9655.151701942323
7140,9649.73999586984
7141,9644.342600938988
7142,9638.95946992292
7143,9633.590555698524
7144,9628.234939382832
7145,9622.892942362389
7146,9617.565020488739
7147,9612.251127047328
7148,9606.951215427245
7149,9601.664400881762
7150,9596.391018838374
7151,9591.131478545218
7152,9585.885733799872
7153,9580.653738503399
7154,9575.434648169152
7155,9570.228794916882
7156,9565.036552613821
7157,9559.857875569245
7158,9554.692718195716
7159,9549.540294506322
7160,9544.400903209165
7161,9539.274894659377
7162,9534.162223677245
7163,9529.062845186152
7164,9523.975991347448
7165,9518.902004417841
7166,9513.8411746285
7167,9508.793457309865
7168,9503.758807895189
7169,9498.736435402043
7170,9493.72680281833
7171,9488.73010435562
7172,9483.746295853349
7173,9478.775333253445
7174,9473.816370344573
7175,9468.87004998569
7176,9463.936443308308
7177,9459.015506659507
7178,9454.10716820726
7179,9449.210587095247
7180,9444.326545044563
7181,9439.454998806534
7182,9434.595905234284
7183,9429.749036548883
7184,9424.913924120645
7185,9420.091134940754
7186,9415.280626265232
7187,9410.482355451466
7188,9405.695930749855
7189,9400.921267743555
7190,9396.158714724112
7191,9391.40822945025
7192,9386.669769781616
7193,9381.942776339434
7194,9377.227552454668
7195,9372.524227834963
7196,9367.83276073965
7197,9363.153065436738
7198,9358.484547121481
7199,9353.827761219032
7200,9349.182666386983
7201,9344.549221382922
7202,9339.927131447641
7203,9335.316265491867
7204,9330.716925771641
7205,9326.129071440895
7206,9321.552661752987
7207,9316.98720114173
7208,9312.43300273933
7209,9307.890126897435
7210,9303.358533263683
7211,9298.83805266982
7212,9294.328385331004
7213,9289.829879324952
7214,9285.34249469187
7215,9280.866191570358
7216,9276.400585261232
7217,9271.945844135467
7218,9267.502065138415
7219,9263.069208798957
7220,9258.64713746658
7221,9254.235560114674
7222,9249.834787229298
7223,9245.44477972774
7224,9241.065498624555
7225,9236.696589018145
7226,9232.338226697879
7227,9227.990474058779
7228,9223.65329250134
7229,9219.326476827167
7230,9215.009817403048
7231,9210.703613422998
7232,9206.407826670958
7233,9202.122419026899
7234,9197.847352466672
7235,9193.582364383608
7236,9189.327407058183
7237,9185.082676932641
7238,9180.848136363178
7239,9176.623747801164
7240,9172.40947379303
7241,9168.204981312885
7242,9164.010406481786
7243,9159.82583405722
7244,9155.651226962686
7245,9151.486548215998
7246,9147.33176092915
7247,9143.186454149372
7248,9139.050959125054
7249,9134.925245132466
7250,9130.809275657304
7251,9126.703014278692
7252,9122.606314708837
7253,9118.519014766016
7254,9114.4413139156
7255,9110.373176107552
7256,9106.314565384497
7257,9102.265445881583
7258,9098.225559264514
7259,9094.195000210599
7260,9090.173825058864
7261,9086.161998311714
7262,9082.159484563317
7263,9078.166205047435
7264,9074.1819252377
7265,9070.206852504063
7266,9066.240951804939
7267,9062.284188189686
7268,9058.33652679844
7269,9054.397763698511
7270,9050.467942069667
7271,9046.547118394528
7272,9042.63525817377
7273,9038.732326998057
7274,9034.838243043427
7275,9030.952830259152
7276,9027.076243615791
7277,9023.208449061403
7278,9019.349412633208
7279,9015.499100457437
7280,9011.657305786654
7281,9007.824125320516
7282,9003.99956782052
7283,9000.183599766433
7284,8996.376187726204
7285,8992.577208983515
7286,8988.786613063567
7287,8985.004473207862
7288,8981.23075633465
7289,8977.465429449514
7290,8973.708431264004
7291,8969.959607550383
7292,8966.219075198262
7293,8962.486801560233
7294,8958.762754075391
7295,8955.046900269163
7296,8951.339060132606
7297,8947.63933446355
7298,8943.947705413257
7299,8940.264140850159
7300,8936.588608728176
7301,8932.92097234126
7302,8929.261261890902
7303,8925.609488114967
7304,8921.965619307048
7305,8918.329623845333
7306,8914.701395449705
7307,8911.08091813197
7308,8907.4682196732
7309,8903.863268787856
7310,8900.266034274176
7311,8896.676430058062
7312,8893.094413175008
7313,8889.520019442069
7314,8885.953217990356
7315,8882.393978033848
7316,8878.842225693768
7317,8875.297905934078
7318,8871.761055700024
7319,8868.231644535035
7320,8864.709642064567
7321,8861.194980422953
7322,8857.687603850316
7323,8854.187545240851
7324,8850.694774546024
7325,8847.209261798418
7326,8843.730940468844
7327,8840.259762501108
7328,8836.795752973763
7329,8833.338882241958
7330,8829.889120741107
7331,8826.446399834029
7332,8823.010685213936
7333,8819.581991528765
7334,8816.160289533
7335,8812.74555006051
7336,8809.337699923333
7337,8805.936722681803
7338,8802.542620864635
7339,8799.155365621313
7340,8795.774928179811
7341,8792.401229166078
7342,8789.034272578574
7343,8785.674047877452
7344,8782.320526602789
7345,8778.973680372324
7346,8775.633422635505
7347,8772.299779172467
7348,8768.97272600801
7349,8765.652235068488
7350,8762.338268799866
7351,8759.03076166485
7352,8755.729732936341
7353,8752.435154846507
7354,8749.146999703571
7355,8745.865217036231
7356,8742.589773458112
7357,8739.32067015378
7358,8736.057879733806
7359,8732.801374883938
7360,8729.551092900703
7361,8726.307030696293
7362,8723.069172520687
7363,8719.83749135848
7364,8716.611955596838
7365,8713.392505182863
7366,8710.179151137583
7367,8706.971866741662
7368,8703.770625349387
7369,8700.575381087341
7370,8697.386107416525
7371,8694.202797212198
7372,8691.025424121237
7373,8687.853961863233
7374,8684.688351722061
7375,8681.528597471563
7376,8678.37467561109
7377,8675.226560149371
7378,8672.084212738246
7379,8668.94760052799
7380,8665.816717139995
7381,8662.69153686934
7382,8659.57203408228
7383,8656.458157491756
7384,8653.349904115403
7385,8650.247251716433
7386,8647.150174944016
7387,8644.058637379843
7388,8640.97260983339
7389,8637.89208225457
7390,8634.817029572696
7391,8631.747426786724
7392,8628.683225289227
7393,8625.624423726598
7394,8622.570997447554
7395,8619.522921727763
7396,8616.48015899479
7397,8613.442688869643
7398,8610.41049551979
7399,8607.383554494914
7400,8604.36183680169
7401,8601.34530773645
7402,8598.33395803221
7403,8595.327763509922
7404,8592.326700057976
7405,8589.330727521774
7406,8586.339836343903
7407,8583.354004285231
7408,8580.373207502023
7409,8577.39741239294
7410,8574.42659875943
7411,8571.460749251626
7412,8568.499840291022
7413,8565.543843323896
7414,8562.59273036148
7415,8559.646487589682
7416,8556.705091692533
7417,8553.768517932096
7418,8550.836732846736
7419,8547.909725064463
7420,8544.987471529168
7421,8542.069949249299
7422,8539.157124364252
7423,8536.248983862837
7424,8533.345506014875
7425,8530.446668085362
7426,8527.552438331299
7427,8524.662800023232
7428,8521.77773379703
7429,8518.897217171621
7430,8516.021227629144
7431,8513.149731146776
7432,8510.28271718682
7433,8507.420163519491
7434,8504.562047977439
7435,8501.70834845557
7436,8498.859033816329
7437,8496.01408977232
7438,8493.173495793635
7439,8490.337230022586
7440,8487.505270662912
7441,8484.67758882962
7442,8481.854167883694
7443,8479.034988317315
7444,8476.220028578411
7445,8473.409267175562
7446,8470.602676776776
7447,8467.800239640916
7448,8465.001936720115
7449,8462.207746763937
7450,8459.417648581788
7451,8456.631615880526
7452,8453.849630711225
7453,8451.071674093746
7454,8448.297725075308
7455,8445.5277627622
7456,8442.761761532302
7457,8439.999703844247
7458,8437.241570526136
7459,8434.487340918917
7460,8431.736994421839
7461,8428.990505830834
7462,8426.247858410055
7463,8423.509032639031
7464,8420.774008148552
7465,8418.042764626909
7466,8415.315277124142
7467,8412.59152994074
7468,8409.871503129085
7469,8407.155176605937
7470,8404.442529807382
7471,8401.733539554114
7472,8399.028189674656
7473,8396.326460311802
7474,8393.62833166447
7475,8390.933782650474
7476,8388.242792214602
7477,8385.555343421704
7478,8382.871416693688
7479,8380.190992507829
7480,8377.514050890222
7481,8374.840569958606
7482,8372.170533327793
7483,8369.50392169505
7484,8366.840715812266
7485,8364.180896466256
7486,8361.524441564416
7487,8358.871334991085
7488,8356.221557715182
7489,8353.575090759488
7490,8350.93191520054
7491,8348.292009828756
7492,8345.655357942958
7493,8343.021941001554
7494,8340.391740294554
7495,8337.76473716499
7496,8335.140911120292
7497,8332.520245201564
7498,8329.902721203465
7499,8327.28832067962
7500,8324.677025235911
7501,8322.06881493771
7502,8319.463672830056
7503,8316.861580930401
7504,8314.262521052364
7505,8311.66647506112
7506,8309.07342347202
7507,8306.48334949915
7508,8303.896235314854
7509,8301.31206298918
7510,8298.730814643039
7511,8296.1524711731
7512,8293.577016054003
7513,8291.0044315795
7514,8288.43470007257
7515,8285.867803790974
7516,8283.30372432019
7517,8280.74244508514
7518,8278.18394860864
7519,8275.628217463114
7520,8273.075234033155
7521,8270.524980596645
7522,8267.977440503726
7523,8265.432596523919
7524,8262.890431475675
7525,8260.350927894897
7526,8257.814068668793
7527,8255.279837121047
7528,8252.74821626448
7529,8250.219189160165
7530,8247.69273852901
7531,8245.16884776906
7532,8242.647500232179
7533,8240.12867917113
7534,8237.612367882095
7535,8235.098549323218
7536,8232.587207283013
7537,8230.078325203807
7538,8227.571886574991
7539,8225.067874840448
7540,8222.566273491151
7541,8220.067066341147
7542,8217.570237066757
7543,8215.075769390725
7544,8212.583646963842
7545,8210.093853667478
7546,8207.606373414646
7547,8205.121190112424
7548,8202.63828770657
7549,8200.157650133971
7550,8197.679261507225
7551,8195.203105915698
7552,8192.729167494042
7553,8190.257430425988
7554,8187.787878935895
7555,8185.3204972898475
7556,8182.855269802259
7557,8180.392180832145
7558,8177.93121486417
7559,8175.472356265269
7560,8173.015589527551
7561,8170.560899187301
7562,8168.108269898761
7563,8165.6576862846905
7564,8163.209132940698
7565,8160.762594578371
7566,8158.31805596222
7567,8155.875502075992
7568,8153.434917567044
7569,8150.9962873203
7570,8148.5595962637235
7571,8146.12482952664
7572,8143.691972061187
7573,8141.261008827064
7574,8138.831924923149
7575,8136.404705559711
7576,8133.9793360831745
7577,8131.555801487976
7578,8129.134087042032
7579,8126.714178055208
7580,8124.296060176126
7581,8121.87971854571
7582,8119.465138555001
7583,8117.052305680543
7584,8114.641205645485
7585,8112.231823975654
7586,8109.824146099929
7587,8107.418157659674
7588,8105.0138444394715
7589,8102.61119236677
7590,8100.210186899105
7591,8097.810813840812
7592,8095.413059036682
7593,8093.016908803791
7594,8090.622348641641
7595,8088.229364510171
7596,8085.837942414885
7597,8083.448068750785
7598,8081.059729367386
7599,8078.6729102761665
7600,8076.28759764157
7601,8073.903777936163
7602,8071.521437352197
7603,8069.140561954992
7604,8066.761138066139
7605,8064.3831522389655
7606,8062.006590994496
7607,8059.631440457391
7608,8057.257687104655
7609,8054.885317576419
7610,8052.514318703182
7611,8050.144676676994
7612,8047.776378128537
7613,8045.409409793023
7614,8043.043758786959
7615,8040.679411379823
7616,8038.316354354285
7617,8035.954574550703
7618,8033.594059344844
7619,8031.234795095209
7620,8028.87676873478
7621,8026.519967233822
7622,8024.164378158127
7623,8021.809988008
7624,8019.456783851729
7625,8017.10475280781
7626,8014.753882583529
7627,8012.404159852
7628,8010.055571809432
7629,8007.708105720903
7630,8005.361749447609
7631,8003.016489804789
7632,8000.67231412996
7633,7998.3292098332
7634,7995.987164942723
7635,7993.646166383911
7636,7991.306201649634
7637,7988.967258296129
7638,7986.629324523998
7639,7984.292387344159
7640,7981.956434416539
7641,7979.621453483247
7642,7977.287432807647
7643,7974.954359576265
7644,7972.622221589672
7645,7970.2910067909015
7646,7967.960703470747
7647,7965.631299006971
7648,7963.302781339243
7649,7960.975138626727
7650,7958.648359152125
7651,7956.322430500164
7652,7953.997340748088
7653,7951.673078286484
7654,7949.349631354451
7655,7947.026987759373
7656,7944.7051357145565
7657,7942.38406385736
7658,7940.063760347806
7659,7937.744213231597
7660,7935.425410856636
7661,7933.107342122347
7662,7930.7899950743595
7663,7928.473358012297
7664,7926.157419417213
7665,7923.842168465847
7666,7921.5275930543385
7667,7919.2136817517185
7668,7916.900423313991
7669,7914.5878067806725
7670,7912.275820293294
7671,7909.964452562437
7672,7907.653692645144
7673,7905.343529376183
7674,7903.033951190566
7675,7900.72494692809
7676,7898.4165059618945
7677,7896.108616887646
7678,7893.801268448943
7679,7891.494449617932
7680,7889.188150085234
7681,7886.88235818697
7682,7884.577062985757
7683,7882.272253909124
7684,7879.967920500709
7685,7877.664051167076
7686,7875.360635096301
7687,7873.057661507607
7688,7870.7551196512995
7689,7868.452999543606
7690,7866.151290123586
7691,7863.84998037374
7692,7861.549059667836
7693,7859.248517410293
7694,7856.948343134908
7695,7854.648527216512
7696,7852.349058144199
7697,7850.04992544424
7698,7847.751118673128
7699,7845.452627417564
7700,7843.154441922227
7701,7840.856551696243
7702,7838.558945927461
7703,7836.261614322496
7704,7833.964546617735
7705,7831.667732678519
7706,7829.371163229825
7707,7827.074827069746
7708,7824.778714053037
7709,7822.482814063824
7710,7820.18711701557
7711,7817.891613608769
7712,7815.596293438265
7713,7813.301146125579
7714,7811.006161700668
7715,7808.711330222445
7716,7806.41664211773
7717,7804.12208797291
7718,7801.82765712574
7719,7799.533339750135
7720,7797.239126048585
7721,7794.94500625206
7722,7792.65097174841
7723,7790.357011727003
7724,7788.063116475157
7725,7785.769276337083
7726,7783.475481685144
7727,7781.18172374108
7728,7778.8879924583325
7729,7776.594277948202
7730,7774.300570694848
7731,7772.006861210196
7732,7769.7131405999
7733,7767.419399476015
7734,7765.125627823936
7735,7762.831816265988
7736,7760.537955451903
7737,7758.2440364216345
7738,7755.950050339759
7739,7753.655987116214
7740,7751.36183750975
7741,7749.067592306188
7742,7746.773242530567
7743,7744.478779793249
7744,7742.184193979511
7745,7739.889475982828
7746,7737.594616723403
7747,7735.299607262468
7748,7733.004439548885
7749,7730.709103494411
7750,7728.413590125568
7751,7726.117890495294
7752,7723.821995752427
7753,7721.525898076533
7754,7719.2295874572765
7755,7716.9330550525965
7756,7714.63629204653
7757,7712.3392897272115
7758,7710.042040396644
7759,7707.744534174117
7760,7705.446762347387
7761,7703.148716229988
7762,7700.8503873013815
7763,7698.551767877236
7764,7696.252848258475
7765,7693.953619861086
7766,7691.654074126539
7767,7689.3542027778885
7768,7687.053998035299
7769,7684.753450433555
7770,7682.452551515364
7771,7680.151292848581
7772,7677.849666452407
7773,7675.547664341819
7774,7673.245277338043
7775,7670.942497108978
7776,7668.63931534739
7777,7666.3357244214485
7778,7664.031716030855
7779,7661.72728133606
7780,7659.4224121286925
7781,7657.11710022493
7782,7654.811338395031
7783,7652.50511791286
7784,7650.198430331176
7785,7647.8912675638785
7786,7645.583621549142
7787,7643.275485512624
7788,7640.9668501913975
7789,7638.657707583883
7790,7636.348049724825
7791,7634.0378690402285
7792,7631.727158163096
7793,7629.415908283963
7794,7627.104111533279
7795,7624.791760065253
7796,7622.47884685984
7797,7620.1653638087555
7798,7617.851302646669
7799,7615.5366556224035
7800,7613.221415008293
7801,7610.905574392346
7802,7608.589124812765
7803,7606.2720586024325
7804,7603.954368127217
7805,7601.63604630313
7806,7599.3170857999985
7807,7596.997478270439
7808,7594.677216173034
7809,7592.356291989398
7810,7590.034699343506
7811,7587.712429844891
7812,7585.38947584422
7813,7583.065829914796
7814,7580.741485092092
7815,7578.416434444761
7816,7576.090669726686
7817,7573.76418360206
7818,7571.436968757661
7819,7569.109019037716
7820,7566.780326242315
7821,7564.450882924118
7822,7562.120681859793
7823,7559.7897163893185
7824,7557.45797959816
7825,7555.125463526396
7826,7552.792161039838
7827,7550.45806502645
7828,7548.123169836815
7829,7545.787466979045
7830,7543.4509493925525
7831,7541.113610053499
7832,7538.775442378075
7833,7536.436440015742
7834,7534.096594962413
7835,7531.755900281695
7836,7529.414349058945
7837,7527.071935315173
7838,7524.728651827422
7839,7522.384491185453
7840,7520.0394465611735
7841,7517.693511148015
7842,7515.346679633876
7843,7512.998943795897
7844,7510.650296879741
7845,7508.300732164519
7846,7505.950243550499
7847,7503.598824655258
7848,7501.246467927618
7849,7498.893166731658
7850,7496.538914452591
7851,7494.183706050278
7852,7491.827533679601
7853,7489.470390509944
7854,7487.112270010651
7855,7484.753165671988
7856,7482.393071651697
7857,7480.031982036798
7858,7477.669889180614
7859,7475.306786656716
7860,7472.94266805941
7861,7470.577527003683
7862,7468.2113588105385
7863,7465.844155629414
7864,7463.475910960664
7865,7461.106618501618
7866,7458.736271970099
7867,7456.364866064666
7868,7453.992394501052
7869,7451.618850143096
7870,7449.244226790176
7871,7446.868518261972
7872,7444.491718718287
7873,7442.113823270934
7874,7439.734824230863
7875,7437.354715498562
7876,7434.9734909946155
7877,7432.591144659679
7878,7430.207672124112
7879,7427.823065936648
7880,7425.43731986237
7881,7423.050427921864
7882,7420.662384155587
7883,7418.273183837316
7884,7415.882820541506
7885,7413.491287662437
7886,7411.09857931977
7887,7408.704689652864
7888,7406.309613663776
7889,7403.913345780365
7890,7401.515879110907
7891,7399.117207873258
7892,7396.71732630481
7893,7394.316229221111
7894,7391.913911730486
7895,7389.51036674032
7896,7387.105588565826
7897,7384.699571541578
7898,7382.292310382163
7899,7379.883800702721
7900,7377.474035295332
7901,7375.063008571716
7902,7372.6507149627905
7903,7370.237149168131
7904,7367.822307135474
7905,7365.4061816274
7906,7362.988767151323
7907,7360.570058233731
7908,7358.150049645451
7909,7355.728737491854
7910,7353.306114592308
7911,7350.882175549144
7912,7348.456914983586
7913,7346.030327824397
7914,7343.602410159015
7915,7341.173154950158
7916,7338.742556894319
7917,7336.310610706708
7918,7333.87731156102
7919,7331.442655350513
7920,7329.0066352682525
7921,7326.569246104106
7922,7324.130482666538
7923,7321.690340461532
7924,7319.248815011297
7925,7316.80589982653
7926,7314.361589789775
7927,7311.915879802014
7928,7309.4687657892455
7929,7307.020242725082
7930,7304.570304525547
7931,7302.11894616513
7932,7299.66616263664
7933,7297.211950374159
7934,7294.756303624533
7935,7292.299216797103
7936,7289.840684957647
7937,7287.380703190095
7938,7284.919268525061
7939,7282.456374303776
7940,7279.9920155172895
7941,7277.526187321972
7942,7275.058885325349
7943,7272.590105943995
7944,7270.119842733378
7945,7267.648090921888
7946,7265.174845755846
7947,7262.700103602679
7948,7260.223859643185
7949,7257.746108177818
7950,7255.266844524417
7951,7252.786064018635
7952,7250.3037638772075
7953,7247.819937864486
7954,7245.3345811153
7955,7242.847689036324
7956,7240.359257633528
7957,7237.869283317902
7958,7235.377760000889
7959,7232.884683159792
7960,7230.390048289516
7961,7227.893852410548
7962,7225.396090183917
7963,7222.896756520531
7964,7220.395846985464
7965,7217.893357527119
7966,7215.389285173389
7967,7212.883623750376
7968,7210.376368892968
7969,7207.867516253437
7970,7205.357062961028
7971,7202.8450039580375
7972,7200.33133423629
7973,7197.816049517426
7974,7195.299145998218
7975,7192.780620706289
7976,7190.260467688198
7977,7187.738682734626
7978,7185.215261653442
7979,7182.690201989743
7980,7180.1634983478
7981,7177.635146107273
7982,7175.105141144645
7983,7172.57348027901
7984,7170.040159954697
7985,7167.505174642829
7986,7164.968520288187
7987,7162.430192852572
7988,7159.89018998359
7989,7157.3485067406045
7990,7154.805138406529
7991,7152.260081011041
7992,7149.713330700335
7993,7147.164885754032
7994,7144.61473993943
7995,7142.062889353809
7996,7139.509330111285
7997,7136.954059374765
7998,7134.397073660022
7999,7131.838367734249
8000,7129.27793777878
8001,7126.71577999172
8002,7124.151892655548
8003,7121.586270315154
8004,7119.018908840416
8005,7116.449804496288
8006,7113.878954308626
8007,7111.3063555500385
8008,7108.732002819472
8009,7106.155892448457
8010,7103.578020785127
8011,7100.998386164998
8012,7098.416983507383
8013,7095.833808703887
8014,7093.248858168886
8015,7090.662129141066
8016,7088.073618946102
8017,7085.483322364403
8018,7082.891235876311
8019,7080.297355978632
8020,7077.701681411002
8021,7075.1042067610915
8022,7072.504928293175
8023,7069.903842569706
8024,7067.300947394288
8025,7064.696239437731
8026,7062.089714013801
8027,7059.4813677503835
8028,7056.871197588657
8029,7054.259202134646
8030,7051.645375825202
8031,7049.029715353359
8032,7046.412217428416
8033,7043.792880773149
8034,7041.171700691432
8035,7038.548673384515
8036,7035.92379562656
8037,7033.297065440164
8038,7030.66847973847
8039,7028.038034007943
8040,7025.405725087399
8041,7022.771550373484
8042,7020.135508239474
8043,7017.497593531277
8044,7014.857803152152
8045,7012.216134021422
8046,7009.572585600449
8047,7006.927152391541
8048,7004.279831287978
8049,7001.630619273258
8050,6998.979515346418
8051,6996.3265151412925
8052,6993.671615074147
8053,6991.014812192432
8054,6988.35610510774
8055,6985.695490435095
8056,6983.032964188608
8057,6980.36852347948
8058,6977.702166606934
8059,6975.033891016499
8060,6972.363692395137
8061,6969.691567917612
8062,6967.017515646033
8063,6964.3415337053575
8064,6961.663617530641
8065,6958.983764360028
8066,6956.301972093953
8067,6953.61823938539
8068,6950.932561492893
8069,6948.244935717798
8070,6945.555359874523
8071,6942.86383299222
8072,6940.170350228585
8073,6937.474908947971
8074,6934.777506954586
8075,6932.078143501664
8076,6929.3768137217985
8077,6926.6735150421655
8078,6923.968245332814
8079,6921.261003918507
8080,6918.5517859827305
8081,6915.840589015343
8082,6913.127411028403
8083,6910.412251265336
8084,6907.695105036713
8085,6904.975969894881
8086,6902.254844070314
8087,6899.531726571868
8088,6896.80661291355
8089,6894.079500710052
8090,6891.350388486801
8091,6888.61927486456
8092,6885.886155637271
8093,6883.15102848181
8094,6880.413892295315
8095,6877.674745156518
8096,6874.933583216023
8097,6872.1904042127535
8098,6869.445207492481
8099,6866.697990437646
8100,6863.9487496324045
8101,6861.197482877561
8102,6858.444190044615
8103,6855.688867665125
8104,6852.9315128338685
8105,6850.172123413404
8106,6847.410699878204
8107,6844.647237754038
8108,6841.8817347235345
8109,6839.114189088473
8110,6836.344600870926
8111,6833.572965568431
8112,6830.799281151272
8113,6828.023546714464
8114,6825.245761028607
8115,6822.465920233932
8116,6819.684022362096
8117,6816.900066834167
8118,6814.114051968765
8119,6811.325974215995
8120,6808.535831668774
8121,6805.743624157522
8122,6802.949349381841
8123,6800.15300418506
8124,6797.3545867212115
8125,6794.554097313635
8126,6791.751532875509
8127,6788.946890726864
8128,6786.140169082738
8129,6783.331368843075
8130,6780.520485966902
8131,6777.707518334621
8132,6774.89246442531
8133,6772.075325189969
8134,6769.256096074808
8135,6766.434775401324
8136,6763.611362522013
8137,6760.785857353089
8138,6757.958255684842
8139,6755.128555899461
8140,6752.296756394299
8141,6749.462859201685
8142,6746.626859534259
8143,6743.788755433738
8144,6740.948545358013
8145,6738.106228047432
8146,6735.261805503073
8147,6732.41527245169
8148,6729.566627411617
8149,6726.715868916284
8150,6723.862996624552
8151,6721.0080109536775
8152,6718.150907522135
8153,6715.291684923662
8154,6712.43034176706
8155,6709.566878804627
8156,6706.701294519583
8157,6703.833585596929
8158,6700.963750705661
8159,6698.091788529803
8160,6695.2177010903915
8161,6692.3414845855405
8162,6689.463136942089
8163,6686.582656904112
8164,6683.700043770964
8165,6680.815299387333
8166,6677.928418935212
8167,6675.039401218653
8168,6672.148245056681
8169,6669.254951342305
8170,6666.359518984575
8171,6663.461944732126
8172,6660.562227463839
8173,6657.660366073528
8174,6654.756364061462
8175,6651.850216311136
8176,6648.94192121456
8177,6646.031477725288
8178,6643.118884811804
8179,6640.204143105354
8180,6637.287253486582
8181,6634.368211443166
8182,6631.447016003198
8183,6628.523666209679
8184,6625.598161120485
8185,6622.670503965973
8186,6619.740690736682
8187,6616.808719479297
8188,6613.874589311196
8189,6610.938299364606
8190,6607.999850516412
8191,6605.0592437224595
8192,6602.116474640496
8193,6599.171542462133
8194,6596.224446393825
8195,6593.275185656836
8196,6590.323764319416
8197,6587.370177261885
8198,6584.414423293106
8199,6581.456501693613
8200,6578.496411758743
8201,6575.534155721298
8202,6572.569732390112
8203,6569.603138703005
8204,6566.634374014465
8205,6563.663437693748
8206,6560.690330791759
8207,6557.715056496733
8208,6554.737608772171
8209,6551.7579870463815
8210,6548.776190762433
8211,6545.792219378131
8212,6542.806072366032
8213,6539.81775103377
8214,6536.827258430999
8215,6533.834588712716
8216,6530.83974141038
8217,6527.842716070154
8218,6524.843512252932
8219,6521.842129534295
8220,6518.838570094435
8221,6515.832835612185
8222,6512.8249210497115
8223,6509.814826041378
8224,6506.802550236211
8225,6503.78809329792
8226,6500.77145490489
8227,6497.752638727313
8228,6494.731643837691
8229,6491.708466622684
8230,6488.6831068193
8231,6485.6555641791865
8232,6482.625838468634
8233,6479.593929468567
8234,6476.559842958187
8235,6473.5235741650185
8236,6470.485121519121
8237,6467.4444848599
8238,6464.401664041378
8239,6461.356658932184
8240,6458.309470582404
8241,6455.260104000187
8242,6452.208552827002
8243,6449.154816989824
8244,6446.098896430231
8245,6443.040791104366
8246,6439.9805009829315
8247,6436.918030401778
8248,6433.85337816942
8249,6430.786541147238
8250,6427.717519364166
8251,6424.64631286369
8252,6421.572921703815
8253,6418.497346545418
8254,6415.419593868339
8255,6412.339656799332
8256,6409.257535454506
8257,6406.173229964493
8258,6403.0867404744195
8259,6399.998067143914
8260,6396.907215101474
8261,6393.814182262359
8262,6390.718966154917
8263,6387.6215669967305
8264,6384.521985019863
8265,6381.420220470836
8266,6378.316275861868
8267,6375.2101546610975
8268,6372.101851720766
8269,6368.991367345227
8270,6365.878701853278
8271,6362.763855578145
8272,6359.646828916787
8273,6356.527629887671
8274,6353.406251167881
8275,6350.282693148342
8276,6347.156956234385
8277,6344.029040845746
8278,6340.898947416562
8279,6337.766682559758
8280,6334.63224223058
8281,6331.495625255836
8282,6328.3568321272
8283,6325.215863350713
8284,6322.0727194467845
8285,6318.927405977786
8286,6315.779921318683
8287,6312.630263185721
8288,6309.478432156697
8289,6306.32442882375
8290,6303.16825379336
8291,6300.0099120810655
8292,6296.849403473547
8293,6293.686725080128
8294,6290.521877564531
8295,6287.354861604777
8296,6284.185677893197
8297,6281.014331646039
8298,6277.840823021738
8299,6274.665148814835
8300,6271.487309774744
8301,6268.307306665165
8302,6265.12514026404
8303,6261.940813399079
8304,6258.754331327442
8305,6255.565688390141
8306,6252.374885422081
8307,6249.181923272388
8308,6245.986802804417
8309,6242.7895250097035
8310,6239.590099138728
8311,6236.388517631313
8312,6233.184781407616
8313,6229.978891401966
8314,6226.770848562885
8315,6223.560653853066
8316,6220.348315646854
8317,6217.133828798453
8318,6213.917193058882
8319,6210.698409447435
8320,6207.477478997555
8321,6204.254402756823
8322,6201.029188435463
8323,6197.801832535402
8324,6194.572334078439
8325,6191.3406941686035
8326,6188.1069139240135
8327,6184.870994476865
8328,6181.63294342789
8329,6178.392757816747
8330,6175.150436490631
8331,6171.905980638037
8332,6168.659391461487
8333,6165.41067017756
8334,6162.159824832744
8335,6158.906851893124
8336,6155.651750586547
8337,6152.394522185691
8338,6149.135167977231
8339,6145.8736892618435
8340,6142.610095087612
8341,6139.34438023457
8342,6136.076544867031
8343,6132.806590341584
8344,6129.534518028782
8345,6126.260329543986
8346,6122.9840348006455
8347,6119.705626471732
8348,6116.425105983547
8349,6113.142474776303
8350,6109.85773430414
8351,6106.570888232277
8352,6103.28194269
8353,6099.990892335011
8354,6096.697738676977
8355,6093.402483239453
8356,6090.105127559848
8357,6086.805677910563
8358,6083.504135521154
8359,6080.200497591381
8360,6076.894765714002
8361,6073.586941495575
8362,6070.277026556489
8363,6066.965030333998
8364,6063.650948041603
8365,6060.334779978828
8366,6057.016527821182
8367,6053.696193257931
8368,6050.373780205222
8369,6047.049295183837
8370,6043.722732913518
8371,6040.394095138487
8372,6037.063383616678
8373,6033.730600119731
8374,6030.395752780101
8375,6027.058839997704
8376,6023.719860643581
8377,6020.378816544083
8378,6017.035709539218
8379,6013.690543169054
8380,6010.343325281746
8381,6006.9940500973025
8382,6003.642719510263
8383,6000.289335428758
8384,5996.933899774532
8385,5993.576421356514
8386,5990.2168977948695
8387,5986.855328513513
8388,5983.491715488464
8389,5980.126060709278
8390,5976.758369322229
8391,5973.388646534495
8392,5970.016888048772
8393,5966.643095908677
8394,5963.267272171327
8395,5959.889418907328
8396,5956.50954758511
8397,5953.1276510750895
8398,5949.743731337253
8399,5946.357790496004
8400,5942.9698306891705
8401,5939.579860653041
8402,5936.187878982138
8403,5932.793884845826
8404,5929.3978804355065
8405,5925.9998679559585
8406,5922.599853847639
8407,5919.197841555682
8408,5915.79382789514
8409,5912.387815124143
8410,5908.979805514122
8411,5905.569803646138
8412,5902.157816942144
8413,5898.743840299365
8414,5895.327876042353
8415,5891.909926508891
8416,5888.489994857172
8417,5885.068091611943
8418,5881.644210189193
8419,5878.218352979581
8420,5874.79052238696
8421,5871.360720828344
8422,5867.928960321779
8423,5864.495233973993
8424,5861.059543996327
8425,5857.621892858361
8426,5854.182283042793
8427,5850.7407260760665
8428,5847.297216302943
8429,5843.851755384919
8430,5840.404345856999
8431,5836.954990267209
8432,5833.503700619909
8433,5830.050471153272
8434,5826.59530335344
8435,5823.1381998204815
8436,5819.679163167445
8437,5816.2182026598775
8438,5812.755318271469
8439,5809.29050868623
8440,5805.823776568963
8441,5802.3551245973695
8442,5798.884559779505
8443,5795.412086860823
8444,5791.937702204594
8445,5788.461408540001
8446,5784.983208609049
8447,5781.503107643591
8448,5778.0211141971195
8449,5774.53722279353
8450,5771.051436226009
8451,5767.563757300505
8452,5764.0741899538725
8453,5760.582745584038
8454,5757.089417356806
8455,5753.5942081290095
8456,5750.097120770167
8457,5746.598158403207
8458,5743.097334307102
8459,5739.594640770742
8460,5736.090080714215
8461,5732.583657070227
8462,5729.075372784077
8463,5725.565241586635
8464,5722.053255836879
8465,5718.539418362466
8466,5715.023732158877
8467,5711.506200234119
8468,5707.986836529403
8469,5704.465633233405
8470,5700.942593321347
8471,5697.417719851116
8472,5693.891016388856
8473,5690.362496078997
8474,5686.832151465259
8475,5683.299985655134
8476,5679.7660017684675
8477,5676.230204480097
8478,5672.692604965029
8479,5669.153196813093
8480,5665.611983193406
8481,5662.068967287371
8482,5658.524155358516
8483,5654.977555650989
8484,5651.429163280875
8485,5647.878981478479
8486,5644.327013486318
8487,5640.773267636314
8488,5637.217748280921
8489,5633.660452542283
8490,5630.10138371148
8491,5626.54054509169
8492,5622.977947562553
8493,5619.413590624693
8494,5615.847473885785
8495,5612.279600697206
8496,5608.709974422355
8497,5605.138608967536
8498,5601.5654980221225
8499,5597.990644158409
8500,5594.414050787627
8501,5590.835723889724
8502,5587.255673205731
8503,5583.673893325666
8504,5580.090387708269
8505,5576.505159824135
8506,5572.918220264241
8507,5569.329571019629
8508,5565.739209997386
8509,5562.14714071524
8510,5558.553366702667
8511,5554.957897099513
8512,5551.360737047115
8513,5547.761882929395
8514,5544.161338322566
8515,5540.559106814484
8516,5536.955196663168
8517,5533.349615020008
8518,5529.742357315206
8519,5526.1334271829655
8520,5522.522828269014
8521,5518.910568518276
8522,5515.296655953007
8523,5511.681085618612
8524,5508.063861206759
8525,5504.444986420551
8526,5500.824469459985
8527,5497.202318080093
8528,5493.578527509833
8529,5489.953101497821
8530,5486.326043803983
8531,5482.697363450959
8532,5479.067066789655
8533,5475.435149800331
8534,5471.801616288007
8535,5468.166470068922
8536,5464.529721555222
8537,5460.891374558072
8538,5457.251426376156
8539,5453.609880870331
8540,5449.9667419125935
8541,5446.322021870818
8542,5442.675720882191
8543,5439.027838130154
8544,5435.378377530902
8545,5431.727343011606
8546,5428.074749461289
8547,5424.420592210358
8548,5420.764872892738
8549,5417.107595479325
8550,5413.448764586866
8551,5409.788396285387
8552,5406.126481872084
8553,5402.463025361245
8554,5398.798030777956
8555,5395.131506318638
8556,5391.463461125944
8557,5387.793890006458
8558,5384.122797028151
8559,5380.450186269671
8560,5376.776070070324
8561,5373.100449517012
8562,5369.423323489112
8563,5365.7446961076885
8564,5362.064571504364
8565,5358.382967787745
8566,5354.699875852217
8567,5351.015299158961
8568,5347.329241881519
8569,5343.6417082038515
8570,5339.952716395614
8571,5336.262257323341
8572,5332.57033447131
8573,5328.876952064922
8574,5325.182114339872
8575,5321.485840088605
8576,5317.788119431427
8577,5314.088956230456
8578,5310.388354762314
8579,5306.686319566474
8580,5302.98286953788
8581,5299.277994139128
8582,5295.571697687375
8583,5291.863984509842
8584,5288.154860156113
8585,5284.444341813525
8586,5280.732419793118
8587,5277.019098462104
8588,5273.304382197647
8589,5269.588277830343
8590,5265.870800306172
8591,5262.151941045503
8592,5258.431704464961
8593,5254.710094990992
8594,5250.987120970913
8595,5247.262794647216
8596,5243.537108774016
8597,5239.810067816683
8598,5236.081676250256
8599,5232.3519441346525
8600,5228.620880627903
8601,5224.88848000096
8602,5221.154746767248
8603,5217.419685449733
8604,5213.683307971165
8605,5209.945620117089
8606,5206.206617811008
8607,5202.466305613726
8608,5198.724688095445
8609,5194.981779139473
8610,5191.237580977814
8611,5187.4920912677735
8612,5183.745314616817
8613,5179.997255641671
8614,5176.247930222945
8615,5172.497336982355
8616,5168.745475328894
8617,5164.992349915999
8618,5161.23796540621
8619,5157.482339642625
8620,5153.725467725682
8621,5149.967350759732
8622,5146.207993443427
8623,5142.447400484411
8624,5138.685591568774
8625,5134.9225585372205
8626,5131.158304045226
8627,5127.392832835956
8628,5123.626149661415
8629,5119.858275602959
8630,5116.089199925096
8631,5112.318926596322
8632,5108.547460403575
8633,5104.774807364672
8634,5101.00098705041
8635,5097.225988290596
8636,5093.449815906654
8637,5089.6724747285425
8638,5085.893973613116
8639,5082.114326661837
8640,5078.333525462858
8641,5074.551574880008
8642,5070.7684797855045
8643,5066.9842526351795
8644,5063.19890053866
8645,5059.4124186027175
8646,5055.624811732824
8647,5051.836084842696
8648,5048.0462547435545
8649,5044.255320037709
8650,5040.4632801072985
8651,5036.670139898658
8652,5032.875904366215
8653,5029.0805954295
8654,5025.284201674971
8655,5021.486727513405
8656,5017.688177931232
8657,5013.888563094062
8658,5010.087895265346
8659,5006.286167027939
8660,5002.4833833997545
8661,4998.67954940651
8662,4994.874681739043
8663,4991.068779806216
8664,4987.261842637052
8665,4983.453875288115
8666,4979.644883955163
8667,4975.834889202445
8668,4972.0238794903735
8669,4968.211859905848
8670,4964.398835543268
8671,4960.584820528073
8672,4956.769819755944
8673,4952.953829538604
8674,4949.136855000136
8675,4945.318901271975
8676,4941.4999911455725
8677,4937.6801123724745
8678,4933.859269852485
8679,4930.037468746043
8680,4926.214723253023
8681,4922.391038467032
8682,4918.566410623565
8683,4914.740844911535
8684,4910.914347520054
8685,4907.086939721341
8686,4903.258609667591
8687,4899.429362575683
8688,4895.5992036694015
8689,4891.768149839717
8690,4887.936201135424
8691,4884.103356333715
8692,4880.269620685632
8693,4876.435004297226
8694,4872.599520939983
8695,4868.763162534227
8696,4864.925934357728
8697,4861.087841694856
8698,4857.248906721411
8699,4853.409119244287
8700,4849.568483177466
8701,4845.727003831361
8702,4841.884697811946
8703,4838.041566214256
8704,4834.197607311127
8705,4830.352826438444
8706,4826.507235200658
8707,4822.660844842427
8708,4818.813648563986
8709,4814.965651726151
8710,4811.116861497783
8711,4807.267298139306
8712,4803.416950344598
8713,4799.565823498832
8714,4795.71392299317
8715,4791.861270691775
8716,4788.007857628902
8717,4784.153687119224
8718,4780.298764577544
8719,4776.443110941783
8720,4772.5867225060365
8721,4768.729598322029
8722,4764.871743827659
8723,4761.013164466509
8724,4757.153884105508
8725,4753.293893368177
8726,4749.4331941328655
8727,4745.571791865506
8728,4741.709692194327
8729,4737.846922383786
8730,4733.983465976093
8731,4730.119328458956
8732,4726.254515325451
8733,4722.389036906732
8734,4718.52291124278
8735,4714.656126477542
8736,4710.788688125141
8737,4706.920601704881
8738,4703.051883183685
8739,4699.182539507962
8740,4695.312564356906
8741,4691.441963270149
8742,4687.570741792319
8743,4683.698922455474
8744,4679.8264992502
8745,4675.953472321081
8746,4672.079847232322
8747,4668.205631506248
8748,4664.330849306006
8749,4660.455485671101
8750,4656.57954618473
8751,4652.70303643476
8752,4648.825972259
8753,4644.948361357811
8754,4641.070196987704
8755,4637.191484754794
8756,4633.312230269672
8757,4629.432458604946
8758,4625.552159156045
8759,4621.671334316513
8760,4617.78998971445
8761,4613.9081377841885
8762,4610.025793342864
8763,4606.1429460520785
8764,4602.259601556829
8765,4598.375765506257
8766,4594.491461301163
8767,4590.606681983955
8768,4586.72142808633
8769,4582.835705273567
8770,4578.94952584531
8771,4575.062905186298
8772,4571.175832634462
8773,4567.288313870635
8774,4563.400354579454
8775,4559.511979746139
8776,4555.623179535931
8777,4551.733955877405
8778,4547.844314469959
8779,4543.954270724541
8780,4540.063834089746
8781,4536.172996828387
8782,4532.281764654037
8783,4528.390144117606
8784,4524.498162520166
8785,4520.60580317355
8786,4516.713071804903
8787,4512.819974144675
8788,4508.926531937451
8789,4505.032742239086
8790,4501.138603462225
8791,4497.244121350104
8792,4493.349310298664
8793,4489.454182188153
8794,4485.558727992793
8795,4481.662953468005
8796,4477.766866412461
8797,4473.870492546384
8798,4469.973815636807
8799,4466.076841450705
8800,4462.179575757867
8801,4458.282042159039
8802,4454.384234906552
8803,4450.486153475005
8804,4446.587803644961
8805,4442.689201510374
8806,4438.790356460233
8807,4434.891260370565
8808,4430.9919190321025
8809,4427.092341763165
8810,4423.192551624636
8811,4419.292533625712
8812,4415.392293566676
8813,4411.491837250098
8814,4407.59119235535
8815,4403.690345347621
8816,4399.789299504939
8817,4395.888060638648
8818,4391.986651196892
8819,4388.085068222419
8820,4384.183309672137
8821,4380.281381365547
8822,4376.379301242768
8823,4372.477075475244
8824,4368.574697422571
8825,4364.672172911769
8826,4360.769516095555
8827,4356.866740830352
8828,4352.963836599656
8829,4349.060809237367
8830,4345.157669826914
8831,4341.254438471036
8832,4337.351101495823
8833,4333.447664741443
8834,4329.544136937472
8835,4325.640542999568
8836,4321.736866812472
8837,4317.833114222017
8838,4313.929292316744
8839,4310.025429397097
8840,4306.121507619915
8841,4302.217532836045
8842,4298.313511203146
8843,4294.409472983645
8844,4290.505399317255
8845,4286.601296059212
8846,4282.697169143742
8847,4278.793049377869
8848,4274.888917592238
8849,4270.984779645858
8850,4267.080641954219
8851,4263.1765344570185
8852,4259.27243838118
8853,4255.368359588858
8854,4251.464305678726
8855,4247.560304316796
8856,4243.656337828827
8857,4239.752412079505
8858,4235.848536549786
8859,4231.9447352312545
8860,4228.040992248274
8861,4224.137313467408
8862,4220.233710948208
8863,4216.330203612718
8864,4212.426778080839
8865,4208.523440220408
8866,4204.620205362969
8867,4200.717085971686
8868,4196.81407185606
8869,4192.911168884579
8870,4189.008396351263
8871,4185.105758876848
8872,4181.20325015163
8873,4177.3008760441135
8874,4173.398660498374
8875,4169.496598915055
8876,4165.594689553463
8877,4161.692938281495
8878,4157.791379189347
8879,4153.889992757851
8880,4149.988782016895
8881,4146.087752833162
8882,4142.186922512846
8883,4138.286305225514
8884,4134.385887091503
8885,4130.485673975642
8886,4126.5856717422075
8887,4122.68591317205
8888,4118.786381601036
8889,4114.887078499954
8890,4110.988009730447
8891,4107.089193307657
8892,4103.190642215608
8893,4099.292343033636
8894,4095.394301620152
8895,4091.496523832676
8896,4087.5990454120774
8897,4083.7018440012466
8898,4079.8049237811015
8899,4075.9082906051503
8900,4072.0119674346192
8901,4068.1159575848596
8902,4064.2202523308215
8903,4060.324857521364
8904,4056.4297842552332
8905,4052.5350596847115
8906,4048.640663095299
8907,4044.746600330635
8908,4040.8528772329632
8909,4036.9595258799786
8910,4033.066531569812
8911,4029.173894441866
8912,4025.2816203323764
8913,4021.3897313896664
8914,4017.498232879875
8915,4013.6071148846386
8916,4009.7163832335873
8917,4005.826051033754
8918,4001.9361417423484
8919,3998.0466362702764
8920,3994.157540439954
8921,3990.2688600719102
8922,3986.380632426679
8923,3982.492832753239
8924,3978.6054659885235
8925,3974.7185379450857
8926,3970.832078716444
8927,3966.9460779926294
8928,3963.060533411513
8929,3959.175450777084
8930,3955.2908538709034
8931,3951.406745113862
8932,3947.5231156981004
8933,3943.6399714184286
8934,3939.757330586865
8935,3935.8752066705915
8936,3931.993585256378
8937,3928.112472129272
8938,3924.2318809607555
8939,3920.3518346068536
8940,3916.472313875624
8941,3912.593324541741
8942,3908.7148764509748
8943,3904.8370002194715
8944,3900.9596726886875
8945,3897.0828996223663
8946,3893.2066878403207
8947,3889.331074120575
8948,3885.4560321347067
8949,3881.581567634912
8950,3877.70768637043
8951,3873.834426200586
8952,3869.9617619220926
8953,3866.0896981034525
8954,3862.218240481624
8955,3858.3474255913616
8956,3854.477230991838
8957,3850.6076597757615
8958,3846.7387176672564
8959,3842.8704406297106
8960,3839.002807481041
8961,3835.135820586935
8962,3831.2694856580915
8963,3827.403838821095
8964,3823.5388586868603
8965,3819.6745476235033
8966,3815.810911327713
8967,3811.9479868039343
8968,3808.0857510308037
8969,3804.2242070877746
8970,3800.363360656957
8971,3796.5032611338324
8972,3792.6438720534093
8973,3788.785197500891
8974,3784.927243143253
8975,3781.0700146435984
8976,3777.213551124974
8977,3773.357836786575
8978,3769.502865263378
8979,3765.6486422026273
8980,3761.795173247531
8981,3757.942489340787
8982,3754.090591156784
8983,3750.239463974551
8984,3746.389113420747
8985,3742.5395451178174
8986,3738.690783906816
8987,3734.842842775049
8988,3730.995700726561
8989,3727.149363366547
8990,3723.3038362958278
8991,3719.4591403190934
8992,3715.6152966012023
8993,3711.7722799387143
8994,3707.930095914524
8995,3704.088750106955
8996,3700.2482613359966
8997,3696.4086548359105
8998,3692.5699032497027
8999,3688.73201213711
9000,3684.894987053138
9001,3681.058846871023
9002,3677.223616813682
9003,3673.389269410827
9004,3669.5558101982006
9005,3665.72324470663
9006,3661.8915938867317
9007,3658.0608788970226
9008,3654.2310741803467
9009,3650.402185247608
9010,3646.574217604647
9011,3642.7471962896543
9012,3638.921134371545
9013,3635.0960102188255
9014,3631.2718293167245
9015,3627.448597145269
9016,3623.6263448263767
9017,3619.8050733422992
9018,3615.9847669856517
9019,3612.165431215202
9020,3608.347071484345
9021,3604.529726980689
9022,3600.713382631106
9023,3596.898030636644
9024,3593.083676428803
9025,3589.270325433541
9026,3585.458026871866
9027,3581.6467456750916
9028,3577.83648392278
9029,3574.0272470183613
9030,3570.2190488929464
9031,3566.4119251541447
9032,3562.6058424264406
9033,3558.8008060902253
9034,3554.9968215200734
9035,3551.1939164230257
9036,3547.3920989174812
9037,3543.591349253312
9038,3539.7916727814413
9039,3535.9930748468205
9040,3532.1955988590857
9041,3528.399221589353
9042,3524.6039388419795
9043,3520.809755937635
9044,3517.0166861682046
9045,3513.224766625981
9046,3509.433962838035
9047,3505.6442801002972
9048,3501.8557237024506
9049,3498.068326305395
9050,3494.282086312767
9051,3490.496988476983
9052,3486.7130380623707
9053,3482.9302409533734
9054,3479.1486491852456
9055,3475.3682205781547
9056,3471.588960370602
9057,3467.810873794586
9058,3464.0339897199456
9059,3460.2583142520843
9060,3456.483828057342
9061,3452.7105363413166
9062,3448.938444496511
9063,3445.1676056547612
9064,3441.397976853071
9065,3437.62956327016
9066,3433.8623700779895
9067,3430.0964292201675
9068,3426.3317407588765
9069,3422.5682881475063
9070,3418.806076530588
9071,3415.045117630894
9072,3411.285452017193
9073,3407.5270427738265
9074,3403.769895017449
9075,3400.0140138576776
9076,3396.2594410828756
9077,3392.506157154864
9078,3388.754155093413
9079,3385.0034399797305
9080,3381.254036594679
9081,3377.505959473173
9082,3373.759184483114
9083,3370.0137166768473
9084,3366.2695653470614
9085,3362.526776060077
9086,3358.785309052996
9087,3355.045169348877
9088,3351.306361963389
9089,3347.5689313679845
9090,3343.8328527837543
9091,3340.0981215030974
9092,3336.3647425118797
9093,3332.632747943104
9094,3328.902137743089
9095,3325.172894727048
9096,3321.4450238506206
9097,3317.718546398462
9098,3313.993484058915
9099,3310.2698086618802
9100,3306.5475251323537
9101,3302.8266453875026
9102,3299.1072098930053
9103,3295.389180976055
9104,3291.672563530628
9105,3287.957362442881
9106,3284.2436314149386
9107,3280.5313273394167
9108,3276.820454213944
9109,3273.1110168931414
9110,3269.4030627764696
9111,3265.696561397636
9112,3261.9915103203243
9113,3258.2879143672712
9114,3254.5858160863413
9115,3250.885194747179
9116,3247.1860429324565
9117,3243.488365432587
9118,3239.7922013855546
9119,3236.097536910623
9120,3232.40436105293
9121,3228.712678570208
9122,3225.0225266228736
9123,3221.3338953122875
9124,3217.6467715801477
9125,3213.961160151174
9126,3210.2770976309585
9127,3206.594575254469
9128,3202.9135792846087
9129,3199.2341144126713
9130,3195.55621810277
9131,3191.87987989398
9132,3188.2050867854955
9133,3184.5318434348783
9134,3180.860189568475
9135,3177.190110219076
9136,3173.5215945277905
9137,3169.854647118056
9138,3166.189311372671
9139,3162.5255650268978
9140,3158.8634007597525
9141,3155.2028231602226
9142,3151.5438806521884
9143,3147.8865409012933
9144,3144.230801510903
9145,3140.5766670352536
9146,3136.9241923142213
9147,3133.273332191079
9148,3129.6240905703885
9149,3125.9764790515674
9150,3122.3305390148685
9151,3118.6862309887388
9152,3115.0435594657165
9153,3111.402545071249
9154,3107.763211138188
9155,3104.125527109477
9156,3100.4894974419963
9157,3096.8551531350095
9158,3093.2224967756033
9159,3089.591508070858
9160,3085.9621914416944
9161,3082.3345895991692
9162,3078.708681705816
9163,3075.084459072744
9164,3071.461926084571
9165,3067.841153231621
9166,3064.2220788786103
9167,3060.604707238659
9168,3056.9890426598126
9169,3053.375103488584
9170,3049.7629324745353
9171,3046.1524814790605
9172,3042.5437548133073
9173,3038.9367567791783
9174,3035.3315225662914
9175,3031.7280612718537
9176,3028.1263414270406
9177,3024.5263672965407
9178,3020.9281431356926
9179,3017.331723689087
9180,3013.737078972704
9181,3010.144196903212
9182,3006.5530816983733
9183,3002.9637433791604
9184,2999.3762414938856
9185,2995.7905190369047
9186,2992.206580188165
9187,2988.6244291181124
9188,2985.0441005887806
9189,2981.4656046857563
9190,2977.8889089820623
9191,2974.3140176099832
9192,2970.740934692271
9193,2967.169722371553
9194,2963.6003359865995
9195,2960.032770332476
9196,2956.46702949343
9197,2952.903138133443
9198,2949.341126621725
9199,2945.7809520852975
9200,2942.22261856973
9201,2938.6661301108734
9202,2935.1115438050188
9203,2931.558825161999
9204,2928.0079635896923
9205,2924.4589630849537
9206,2920.911847936487
9207,2917.366649334772
9208,2913.8233236968085
9209,2910.281874980244
9210,2906.7423071328826
9211,2903.204681839775
9212,2899.668955494929
9213,2896.1351217673664
9214,2892.603184565396
9215,2889.073177362847
9216,2885.545113034082
9217,2882.0189568597093
9218,2878.4947127083487
9219,2874.9723880257243
9220,2871.452047796821
9221,2867.933631099834
9222,2864.417141763455
9223,2860.9025836063897
9224,2857.390008684966
9225,2853.8793927463125
9226,2850.3707193452647
9227,2846.8639922604016
9228,2843.359242006789
9229,2839.856487461067
9230,2836.3556904686116
9231,2832.856854767633
9232,2829.3599928562926
9233,2825.865172660088
9234,2822.3723248633837
9235,2818.881453163887
9236,2815.392561249147
9237,2811.90565758693
9238,2808.420818228517
9239,2804.937969609865
9240,2801.457115377779
9241,2797.9782591688872
9242,2794.5014090501422
9243,2791.0266419336153
9244,2787.553883641492
9245,2784.083137769431
9246,2780.6144079028586
9247,2777.147705301965
9248,2773.683100545732
9249,2770.220522441646
9250,2766.759974534011
9251,2763.301460356819
9252,2759.844997921966
9253,2756.3906443525775
9254,2752.938335005047
9255,2749.488073372044
9256,2746.0398629359283
9257,2742.593731983241
9258,2739.149717129644
9259,2735.7077638084434
9260,2732.2678754604785
9261,2728.830055516221
9262,2725.3943460241762
9263,2721.960756112262
9264,2718.5292447830466
9265,2715.099815425346
9266,2711.672471417559
9267,2708.247272021786
9268,2704.82419196926
9269,2701.403207288518
9270,2697.9843213161757
9271,2694.5675373783824
9272,2691.152935366795
9273,2687.7404487784033
9274,2684.3300740887753
9275,2680.9218145821114
9276,2677.515690597966
9277,2674.111754840443
9278,2670.7099440035126
9279,2667.310261329352
9280,2663.91271004961
9281,2660.5173376859525
9282,2657.1241425927983
9283,2653.7330884731646
9284,2650.3441785165237
9285,2646.957415901845
9286,2643.572878646863
9287,2640.1905041229143
9288,2636.8102863610734
9289,2633.432228497994
9290,2630.056358207829
9291,2626.6827136384954
9292,2623.3112382605227
9293,2619.9419351682145
9294,2616.5748074453104
9295,2613.20991962486
9296,2609.8472361359304
9297,2606.486737149371
9298,2603.1284257064385
9299,2599.772321927047
9300,2596.418479147297
9301,2593.0668329161012
9302,2589.717386232232
9303,2586.3701420838183
9304,2583.0251636890966
9305,2579.68241817653
9306,2576.3418840441636
9307,2573.003564237536
9308,2569.667483386314
9309,2566.333685868301
9310,2563.0021113923394
9311,2559.672762861349
9312,2556.3456431675822
9313,2553.020826155091
9314,2549.698257752104
9315,2546.3779267420414
9316,2543.059835974461
9317,2539.744026423557
9318,2536.4305098210507
9319,2533.1192418880087
9320,2529.810225431269
9321,2526.503471280675
9322,2523.1990515165144
9323,2519.896891526816
9324,2516.596994075644
9325,2513.2993619163803
9326,2510.004063973419
9327,2506.7110561031136
9328,2503.4203216618675
9329,2500.1318633602914
9330,2496.845725542503
9331,2493.5619132770134
9332,2490.280385159369
9333,2487.0011438573474
9334,2483.7242117890355
9335,2480.4496379229126
9336,2477.177358751581
9337,2473.9073769000274
9338,2470.6396954919387
9339,2467.3744021286416
9340,2464.1114138352614
9341,2460.8507331939395
9342,2457.592362776137
9343,2454.3363751950546
9344,2451.082719020101
9345,2447.8313806576457
9346,2444.582362636342
9347,2441.3357236359893
9348,2438.0914401288633
9349,2434.849484422871
9350,2431.6098590038423
9351,2428.3726111786787
9352,2425.1377401978657
9353,2421.9052068350325
9354,2418.675013533218
9355,2415.4471987645124
9356,2412.221779477789
9357,2408.9987074541964
9358,2405.7779850940237
9359,2402.5596445501506
9360,2399.3437154349476
9361,2396.130143056452
9362,2392.9189297721905
9363,2389.7101039090803
9364,2386.5037027529393
9365,2383.2996676355847
9366,2380.0980008718484
9367,2376.898729433549
9368,2373.7018933346285
9369,2370.5074324052644
9370,2367.3153489176084
9371,2364.1256709368663
9372,2360.93843630459
9373,2357.7535858014667
9374,2354.5711216570216
9375,2351.391075456046
9376,2348.2134780117844
9377,2345.0382734853038
9378,2341.8654640635746
9379,2338.6950872548186
9380,2335.5271620327344
9381,2332.361638346324
9382,2329.198518340023
9383,2326.037847827111
9384,2322.87962917506
9385,2319.72382050604
9386,2316.570423922029
9387,2313.419495900769
9388,2310.271017481258
9389,2307.1249573218747
9390,2303.9813174822284
9391,2300.840167441674
9392,2297.7014622329516
9393,2294.5651833914903
9394,2291.4313329345737
9395,2288.29999565822
9396,2285.1710959554794
9397,2282.044630557441
9398,2278.9206137190454
9399,2275.799111006217
9400,2272.680048422773
9401,2269.563427912136
9402,2266.4492834958105
9403,2263.337641193948
9404,2260.228446662653
9405,2257.1217018032476
9406,2254.017462656187
9407,2250.915711187798
9408,2247.8164149624117
9409,2244.719575839349
9410,2241.6252741084163
9411,2238.5334432180384
9412,2235.444074874741
9413,2232.3571871706113
9414,2229.272838029268
9415,2226.1909567850726
9416,2223.111545224097
9417,2220.0346499825737
9418,2216.9602718705205
9419,2213.88836866594
9420,2210.818942113174
9421,2207.75208480392
9422,2204.687723522562
9423,2201.6258439772846
9424,2198.566447870813
9425,2195.5095892579616
9426,2192.4552720746324
9427,2189.403443289026
9428,2186.3541045623933
9429,2183.307274835322
9430,2180.2630283451686
9431,2177.221276747922
9432,2174.1820216634387
9433,2171.1452647012698
9434,2168.1111004369764
9435,2165.079451787032
9436,2162.0503059377916
9437,2159.023664457591
9438,2155.999593745246
9439,2152.978073133882
9440,2149.959061445814
9441,2146.9425602082865
9442,2143.9286237864662
9443,2140.917290118316
9444,2137.9084713024745
9445,2134.9021688252396
9446,2131.8983841626996
9447,2128.8971187807465
9448,2125.8984926609382
9449,2122.902412545316
9450,2119.9088559270785
9451,2116.917824231382
9452,2113.9293188732213
9453,2110.9433906265667
9454,2107.9600848247233
9455,2104.979309423671
9456,2102.0010657978382
9457,2099.0253553115704
9458,2096.052179319102
9459,2093.0816695786393
9460,2090.1137094688174
9461,2087.1482877329468
9462,2084.185405684928
9463,2081.2250646286425
9464,2078.2673417506194
9465,2075.3122297280297
9466,2072.359662425389
9467,2069.4096411064193
9468,2066.4621670248785
9469,2063.5172698209158
9470,2060.575037409809
9471,2057.6353558131823
9472,2054.6982262448514
9473,2051.763649908692
9474,2048.831627998658
9475,2045.9022932979728
9476,2042.9755274161996
9477,2040.0513193574648
9478,2037.129670276044
9479,2034.2105813163384
9480,2031.2941517850452
9481,2028.3803303697555
9482,2025.4690723237125
9483,2022.5603787518883
9484,2019.6542507494105
9485,2016.750760906592
9486,2013.8499114591204
9487,2010.951630679999
9488,2008.0559196251422
9489,2005.1627793407156
9490,2002.2722623765803
9491,1999.3844111550968
9492,1996.4991336553892
9493,1993.6164308846153
9494,1990.7363038402323
9495,1987.858791623663
9496,1984.983963650501
9497,1982.111714208307
9498,1979.2420442558068
9499,1976.3749547420584
9500,1973.5104778283928
9501,1970.6486968975069
9502,1967.7894990640907
9503,1964.932885238721
9504,1962.0788563223696
9505,1959.2274439613873
9506,1956.378732646031
9507,1953.5326087535009
9508,1950.6890731465078
9509,1947.848126678266
9510,1945.0098068223103
9511,1942.1741864828919
9512,1939.3411576520652
9513,1936.5107211450286
9514,1933.6828777675146
9515,1930.857677079798
9516,1928.0351678718846
9517,1925.2152540203417
9518,1922.3979362931866
9519,1919.5832154490233
9520,1916.7711593121385
9521,1913.9617801946195
9522,1911.1550000449415
9523,1908.3508195842364
9524,1905.5492395243218
9525,1902.7503520489151
9526,1899.954120792332
9527,1897.1604918804114
9528,1894.3694659877417
9529,1891.5810437796663
9530,1888.7953478132226
9531,1886.012281008303
9532,1883.231819691888
9533,1880.4539644924018
9534,1877.6787279081223
9535,1874.9062331649013
9536,1872.1363462311342
9537,1869.3690676985134
9538,1866.6043981496207
9539,1863.8423920880673
9540,1861.0830887443412
9541,1858.326395938814
9542,1855.5723142176205
9543,1852.8208441178415
9544,1850.0720879297469
9545,1847.3259893171341
9546,1844.5825037434304
9547,1841.8416317095862
9548,1839.103382059964
9549,1836.3678855154567
9550,1833.6350038193357
9551,1830.9047374366346
9552,1828.1770868234514
9553,1825.452119809186
9554,1822.7298491348088
9555,1820.010195403485
9556,1817.2931590357186
9557,1814.57874044314
9558,1811.8670719920285
9559,1809.1580373312318
9560,1806.4516214852833
9561,1803.747824830501
9562,1801.0467210650638
9563,1798.3483619395554
9564,1795.6526228892835
9565,1792.959504255508
9566,1790.2690063707448
9567,1787.5811295588012
9568,1784.8959436004404
9569,1782.2135110178008
9570,1779.5337002307856
9571,1776.8565115284912
9572,1774.1819451913848
9573,1771.5100014913298
9574,1768.840742138896
9575,1766.1742491102782
9576,1763.5103792814841
9577,1760.849132890028
9578,1758.190510164882
9579,1755.534511326506
9580,1752.881183627605
9581,1750.2306417135128
9582,1747.58272409016
9583,1744.9374309440366
9584,1742.294762453184
9585,1739.6547187872343
9586,1737.017323613261
9587,1734.3827430168383
9588,1731.750787491629
9589,1729.1214571736723
9590,1726.4947521906547
9591,1723.8706726619462
9592,1721.2492186985767
9593,1718.630595806405
9594,1716.0146110272221
9595,1713.401251878241
9596,1710.790518437371
9597,1708.1824107742998
9598,1705.5769289504763
9599,1702.9742312395165
9600,1700.3742247402743
9601,1697.7768439898177
9602,1695.1820890168633
9603,1692.5899598420049
9604,1690.0004564776905
9605,1687.4136684210155
9606,1684.8296467800951
9607,1682.2482507047614
9608,1679.6694801751507
9609,1677.093335163336
9610,1674.5198156333631
9611,1671.9489215412896
9612,1669.3808827101843
9613,1666.8154768284203
9614,1664.252695961831
9615,1661.6925400345938
9616,1659.135008962946
9617,1656.5801026552429
9618,1654.0279243547102
9619,1651.4785136706182
9620,1648.931727174623
9621,1646.3875647435952
9622,1643.846026246581
9623,1641.3071115448315
9624,1638.770820491791
9625,1636.2373372279274
9626,1633.706549608788
9627,1631.1783848862276
9628,1628.6528428826964
9629,1626.129923412965
9630,1623.6096262840867
9631,1621.091951295443
9632,1618.5771211798713
9633,1616.0649585829728
9634,1613.5554171982483
9635,1611.0484967945883
9636,1608.5441971332837
9637,1606.0425179680497
9638,1603.5434590450602
9639,1601.0472219676124
9640,1598.5536862090382
9641,1596.0627695883513
9642,1593.5744718216963
9643,1591.088792617759
9644,1588.6057316777608
9645,1586.1252886954846
9646,1583.6475515914178
9647,1581.172627580583
9648,1578.700320264191
9649,1576.230629306507
9650,1573.76355436444
9651,1571.2990950875608
9652,1568.8372511181458
9653,1566.3780233779637
9654,1563.9216934148249
9655,1561.4679773395474
9656,1559.016874765349
9657,1556.5683852982227
9658,1554.1225085369679
9659,1551.6792440731735
9660,1549.2385914912506
9661,1546.8007757984913
9662,1544.3656303403677
9663,1541.93309516945
9664,1539.503169841688
9665,1537.0758539059336
9666,1534.6511469039685
9667,1532.2290483705303
9668,1529.8097484922018
9669,1527.393150509442
9670,1524.9791592498589
9671,1522.5677742201935
9672,1520.158994920243
9673,1517.7528208428384
9674,1515.349251473888
9675,1512.9484672365825
9676,1510.5503911127228
9677,1508.1549178039288
9678,1505.7620467686374
9679,1503.371777458432
9680,1500.9841093180662
9681,1498.599041785508
9682,1496.2167700598045
9683,1493.837187747002
9684,1491.4602040032462
9685,1489.0858182395045
9686,1486.7140298600282
9687,1484.344838262382
9688,1481.97824283743
9689,1479.6144775863715
9690,1477.2533586489471
9691,1474.8948337027564
9692,1472.538902112187
9693,1470.1855632350403
9694,1467.8348164225374
9695,1465.4866714517107
9696,1463.1413933470863
9697,1460.7987050051056
9698,1458.4586057509323
9699,1456.1210949032643
9700,1453.7861717743042
9701,1451.4538356698083
9702,1449.1241815014625
9703,1446.7973040897455
9704,1444.4730112627733
9705,1442.1513023007699
9706,1439.8321764775746
9707,1437.5156330607044
9708,1435.2016713113292
9709,1432.8904938325154
9710,1430.581980090713
9711,1428.2760454416457
9712,1425.9726891214436
9713,1423.6719103600142
9714,1421.3737083810252
9715,1419.0781281884672
9716,1416.7853647808372
9717,1414.4951754669437
9718,1412.207559445843
9719,1409.9225159104797
9720,1407.6400440476657
9721,1405.3601430381132
9722,1403.0830091290409
9723,1400.8085347914277
9724,1398.5366284883305
9725,1396.2672893763768
9726,1394.0005166061637
9727,1391.736309322303
9728,1389.4747483278531
9729,1387.2159572504186
9730,1384.9597287309336
9731,1382.706061890353
9732,1380.4549558437152
9733,1378.2064097001735
9734,1375.9604225630292
9735,1373.7172682466235
9736,1371.4766842469671
9737,1369.2386562002578
9738,1367.003183186614
9739,1364.770264280377
9740,1362.539898550144
9741,1360.3122848969394
9742,1358.0873108478315
9743,1355.8648868159037
9744,1353.6450118469993
9745,1351.4276849813048
9746,1349.2129052533426
9747,1347.0008161791836
9748,1344.791416229711
9749,1342.584560155758
9750,1340.3802469695397
9751,1338.1784756777192
9752,1335.9792452813977
9753,1333.7826630786462
9754,1331.5888001201074
9755,1329.3974746934384
9756,1327.2086857778643
9757,1325.0224323471662
9758,1322.8387133696715
9759,1320.6576187344642
9760,1318.4792544241604
9761,1316.3034211039837
9762,1314.1301177208104
9763,1311.9593432161782
9764,1309.7910965262809
9765,1307.6254685857273
9766,1305.4625633707258
9767,1303.3021824098967
9768,1301.1443246184122
9769,1298.988988906207
9770,1296.8361741779775
9771,1294.6859905173199
9772,1292.538503658127
9773,1290.3935341268232
9774,1288.2510808075162
9775,1286.1111425791707
9776,1283.9737183156174
9777,1281.8389550053357
9778,1279.7068445995496
9779,1277.5772444089007
9780,1275.450153287072
9781,1273.3255700826912
9782,1271.203493639368
9783,1269.0841252622101
9784,1266.9673482680532
9785,1264.8530741936793
9786,1262.7413018629634
9787,1260.6320300948396
9788,1258.525257703325
9789,1256.4212573812729
9790,1254.3197696410878
9791,1252.2207773465545
9792,1250.1242792923783
9793,1248.0302742684264
9794,1245.9388332429444
9795,1243.8501004809086
9796,1241.763856744546
9797,1239.680100804751
9798,1237.5988314276942
9799,1235.5200473747996
9800,1233.4439241335228
9801,1231.3703968481614
9802,1229.29935079627
9803,1227.2307847207271
9804,1225.164697359781
9805,1223.101094647121
9806,1221.0402510877957
9807,1218.98188208173
9808,1216.9259863489535
9809,1214.872562604959
9810,1212.8216095606888
9811,1210.7732695917737
9812,1208.7275441851823
9813,1206.684285234352
9814,1204.6434914324311
9815,1202.605161468137
9816,1200.569299244958
9817,1198.5361833984707
9818,1196.5055270779228
9819,1194.4773289545722
9820,1192.451587695311
9821,1190.4283019626898
9822,1188.4076428395067
9823,1186.3895544179486
9824,1184.3739171321963
9825,1182.360729627753
9826,1180.3499905458646
9827,1178.341762510302
9828,1176.3362066879756
9829,1174.3330948325397
9830,1172.332425568551
9831,1170.3341975163814
9832,1168.3384092922324
9833,1166.3453202745495
9834,1164.354697886931
9835,1162.3665107959605
9836,1160.3807576015654
9837,1158.3974368995819
9838,1156.4167285746876
9839,1154.4385591481935
9840,1152.4628176207696
9841,1150.4895025723008
9842,1148.5186125786918
9843,1146.5502620530847
9844,1144.5845085477968
9845,1142.6211754433484
9846,1140.660261300012
9847,1138.70176467416
9848,1136.7457482989769
9849,1134.792373152686
9850,1132.8414108104755
9851,1130.892859813422
9852,1128.94671869877
9853,1127.0030120827887
9854,1125.061977221845
9855,1123.1233474717899
9856,1121.187121354928
9857,1119.253297389802
9858,1117.3218754123823
9859,1115.3931422624853
9860,1113.4668064359723
9861,1111.5428664367626
9862,1109.621320765117
9863,1107.7021679176312
9864,1105.78568708602
9865,1103.8716060265847
9866,1101.9599128967377
9867,1100.0506061788496
9868,1098.1436843517215
9869,1096.2394278636
9870,1094.3375619376043
9871,1092.438075953721
9872,1090.540968376838
9873,1088.6462424898482
9874,1086.7541781814011
9875,1084.8644872886186
9876,1082.9771682627554
9877,1081.0922195516227
9878,1079.2096707829396
9879,1077.3297490955088
9880,1075.4521926796356
9881,1073.5769999698084
9882,1071.7041693971746
9883,1069.8337691707911
9884,1067.9659491864802
9885,1066.1004862455816
9886,1064.2373787662236
9887,1062.376625163259
9888,1060.51834424992
9889,1058.6625846135767
9890,1056.8091737104571
9891,1054.9581099427367
9892,1053.1093917093824
9893,1051.2632002390258
9894,1049.419459168531
9895,1047.5780584410556
9896,1045.7389964431904
9897,1043.9022715584215
9898,1042.068139032544
9899,1040.2363743290693
9900,1038.406941500366
9901,1036.5798389178422
9902,1034.7551161664423
9903,1032.9329602537753
9904,1031.113129311958
9905,1029.2956217005835
9906,1027.4804357762716
9907,1025.6677178565706
9908,1023.8574613076797
9909,1022.049521125694
9910,1020.2438956557108
9911,1018.4405832399333
9912,1016.6398379340555
9913,1014.8414374332406
9914,1013.0453446228231
9915,1011.2515578337934
9916,1009.460168986741
9917,1007.6713162574446
9918,1005.8847641050246
9919,1004.100510849542
9920,1002.3185548082965
9921,1000.5389492799036
9922,998.7619097752713
9923,996.9871619983726
9924,995.21470425587
9925,993.4445348517248
9926,991.676682821534
9927,989.9114122809825
9928,988.1484245514375
9929,986.3877179265421
9930,984.6292906973111
9931,982.87316170408
9932,981.1196155207707
9933,979.3683431660523
9934,977.6193429209058
9935,975.8726130637635
9936,974.1281760176304
9937,972.3863092494518
9938,970.6467072636157
9939,968.9093683288072
9940,967.1742907112288
9941,965.4415139058607
9942,963.7112812864568
9943,961.983304341135
9944,960.2575813266618
9945,958.5341104973804
9946,956.8129616222453
9947,955.0943175720421
9948,953.3779200274942
9949,951.6637672337962
9950,949.951857433792
9951,948.24230358649
9952,946.5352022238441
9953,944.8303381400518
9954,943.1277095690839
9955,941.42731474265
9956,939.7293224414221
9957,938.0337175937949
9958,936.340340741631
9959,934.6491901080384
9960,932.9602639139205
9961,931.2737991102845
9962,929.5896443255584
9963,927.9077081980612
9964,926.2279889403968
9965,924.550484763029
9966,922.8755128546925
9967,921.2027614125427
9968,919.5322192363133
9969,917.863884528427
9970,916.1978380384787
9971,914.5342413332964
9972,912.8728462567335
9973,911.2136510034136
9974,909.5566537659308
9975,907.9020387400257
9976,906.2497606612833
9977,904.5996747283632
9978,902.9517791263319
9979,901.306072038299
9980,899.6628523300525
9981,898.0218454710238
9982,896.3830212266973
9983,894.7463777729038
9984,893.112010379396
9985,891.4800522425631
9986,889.8502689738525
9987,888.2226587420502
9988,886.5972197141015
9989,884.9742272973265
9990,883.3535166293667
9991,881.7349711323584
9992,880.1185889665239
9993,878.5043682903336
9994,876.8924212068807
9995,875.2829045546987
9996,873.6755433394537
9997,872.0703357131374
9998,870.4672798260477
9999,868.8663738268054
