,0
0,2.2861122747787467e-06
1,2.3679327888771434e-06
2,2.452259736647493e-06
3,2.539162008682838e-06
4,2.6287100753200414e-06
5,2.7209760349505717e-06
6,2.8160336503574925e-06
7,2.9139583753201495e-06
8,3.014827373064889e-06
9,3.118719527687532e-06
10,3.225715449379954e-06
11,3.3358974740937844e-06
12,3.449360439836817e-06
13,3.5663564898526605e-06
14,3.686781527359793e-06
15,3.810723254383072e-06
16,3.9382710224134564e-06
17,4.069515813270608e-06
18,4.204550216851685e-06
19,4.343468406123359e-06
20,4.4863661097222435e-06
21,4.633340582509471e-06
22,4.784490574421615e-06
23,4.939916297944464e-06
24,5.099719394533042e-06
25,5.26400290026684e-06
26,5.434694610641087e-06
27,5.609052613880751e-06
28,5.7885485301183875e-06
29,5.973905986628056e-06
30,6.1632289572461965e-06
31,6.357898995746036e-06
32,6.559009776464697e-06
33,6.764406329720486e-06
34,6.975258421165549e-06
35,7.193275747662691e-06
36,7.416125677612333e-06
37,7.644752750353346e-06
38,7.881099249836551e-06
39,8.121874112794227e-06
40,8.370042792627827e-06
41,8.625246473147304e-06
42,8.88516845458333e-06
43,9.154190382577227e-06
44,9.429532127264772e-06
45,9.7099656011392e-06
46,1.000116710776346e-05
47,1.0298359293188336e-05
48,1.0602047133600197e-05
49,1.0916352504319317e-05
50,1.1235786068692012e-05
51,1.1565123178436376e-05
52,1.1903304863296972e-05
53,1.2247184371966616e-05
54,1.260421134712607e-05
55,1.2966014558227764e-05
56,1.3339855241256443e-05
57,1.3721711522955427e-05
58,1.4111627899771239e-05
59,1.4514423795346369e-05
60,1.492263442375763e-05
61,1.534561450745455e-05
62,1.5776080677104184e-05
63,1.6216791078778085e-05
64,1.6670474910823257e-05
65,1.7130282163236668e-05
66,1.760740085162012e-05
67,1.8091856263374393e-05
68,1.8588489347695248e-05
69,1.9098611934039894e-05
70,1.961568525143414e-05
71,2.0152219118911393e-05
72,2.0696544323276014e-05
73,2.125439101406279e-05
74,2.182709096115414e-05
75,2.2407785260591985e-05
76,2.3009113589997755e-05
77,2.3619905672129694e-05
78,2.424444521148446e-05
79,2.4886542739414434e-05
80,2.553780351268799e-05
81,2.620960751604882e-05
82,2.6894222162821055e-05
83,2.759161395363496e-05
84,2.831079736926609e-05
85,2.9039680822312183e-05
86,2.9789600303524018e-05
87,3.0554818327667e-05
88,3.1332787914863905e-05
89,3.2135747394910816e-05
90,3.2949689902529e-05
91,3.3784716555993395e-05
92,3.463854755325731e-05
93,3.550404572901507e-05
94,3.6399256960986684e-05
95,3.730689013759786e-05
96,3.823421659011576e-05
97,3.9185558337395827e-05
98,4.015007431270484e-05
99,4.1142546359619026e-05
100,4.2153186984919526e-05
101,4.318040831683435e-05
102,4.423885593239584e-05
103,4.531213914409606e-05
104,4.640973650562995e-05
105,4.753342015027058e-05
106,4.8672853888691794e-05
107,4.984442383926381e-05
108,5.103696403506699e-05
109,5.224797064910253e-05
110,5.349548546697339e-05
111,5.47606757442338e-05
112,5.6051345927074945e-05
113,5.737440705905058e-05
114,5.8716219564889793e-05
115,6.0090457433205276e-05
116,6.14931578257338e-05
117,6.291574894611142e-05
118,6.437758352224948e-05
119,6.586420357513688e-05
120,6.73727124706116e-05
121,6.892550660040405e-05
122,7.050051981109328e-05
123,7.210298969330955e-05
124,7.374752625085264e-05
125,7.54156048718736e-05
126,7.711638884160668e-05
127,7.88574724015636e-05
128,8.062349311133101e-05
129,8.242707572314873e-05
130,8.427842034920398e-05
131,8.614849524195173e-05
132,8.807456300138699e-05
133,9.001296359948707e-05
134,9.201637359102833e-05
135,9.403137793676265e-05
136,9.610840825706685e-05
137,9.820440150077067e-05
138,0.00010035532816609789
139,0.00010253511333123458
140,0.00010476190092223525
141,0.00010702835452616231
142,0.00010933300196772608
143,0.00011168907512161423
144,0.00011407361597925159
145,0.00011652233548669986
146,0.00011898883826275082
147,0.00012153330771812879
148,0.00012409568306210545
149,0.00012673157251714775
150,0.00012939136449004619
151,0.0001321193464191995
152,0.0001348798703168425
153,0.00013770227258397665
154,0.0001405669281248543
155,0.00014348611579557158
156,0.00014645838821662226
157,0.0001494767638627912
158,0.00015256022501540815
159,0.00015568022902054298
160,0.00015887853846574863
161,0.00016210264933189675
162,0.00016541955543566885
163,0.00016875575977119676
164,0.00017218963112160135
165,0.00017564980127734192
166,0.0001791952504566065
167,0.00018278337305392708
168,0.0001864430295224356
169,0.00019016318413112498
170,0.00019393971696566895
171,0.0001977960772041227
172,0.00020169219541832085
173,0.00020568903005581252
174,0.00020971285846765105
175,0.00021384915698426262
176,0.00021801968120785641
177,0.00022228371023527585
178,0.00022661019851412305
179,0.00023101574370952522
180,0.00023549003645782836
181,0.00024004053762314084
182,0.0002446672604041341
183,0.000249366211781524
184,0.00025415297318082553
185,0.0002590089923077805
186,0.00026395305509383226
187,0.0002689699782384329
188,0.00027407621502159303
189,0.00027925793930801547
190,0.00028453134560452506
191,0.00028988182956434807
192,0.00029532752555934
193,0.0003008507896901373
194,0.00030647402200047565
195,0.00031217414933246764
196,0.00031798029277023925
197,0.00032386142944307056
198,0.0003298559887804726
199,0.00033592234463083906
200,0.0003421109563678537
201,0.0003483668055306686
202,0.0003547552396657438
203,0.0003612049211882706
204,0.00036779908299206556
205,0.0003744470014624843
206,0.00038125293325592686
207,0.0003881035594481456
208,0.00039512744238567605
209,0.0004021853139215301
210,0.0004094334697802166
211,0.00041670898968049636
212,0.0004241820847862762
213,0.000431690276024725
214,0.0004393814477494771
215,0.00044713089295034963
216,0.00045504210246245124
217,0.0004630412703057865
218,0.00047117459823906846
219,0.0004794317944869232
220,0.00048778943045898316
221,0.0004963128399372216
222,0.000504897075756935
223,0.0005136947960903474
224,0.0005225592821811412
225,0.0005315880906953155
226,0.0005407407666764881
227,0.0005500032101468377
228,0.0005594519809201029
229,0.0005689828256897239
230,0.0005787034933406772
231,0.0005885438707729975
232,0.0005985059798819531
233,0.0006086637782331025
234,0.0006189179606821897
235,0.0006293533916982572
236,0.0006399382980133209
237,0.0006506280249597294
238,0.0006615473153901298
239,0.0006725810541081582
240,0.0006837562229342075
241,0.0006951420552247972
242,0.000706646166716015
243,0.0007183224938092571
244,0.0007301921717870016
245,0.0007421881555177914
246,0.000754377562217432
247,0.0007667527350836382
248,0.0007792784568590566
249,0.0007920720991589635
250,0.0008049527214960841
251,0.0008181076807959433
252,0.0008313626540283608
253,0.0008449336809875969
254,0.0008585285895986862
255,0.000872499881908377
256,0.0008865212559686649
257,0.000900824196357563
258,0.0009152818525375693
259,0.0009299249052696402
260,0.0009448288128125319
261,0.0009598206628279341
262,0.0009751809450472482
263,0.0009905682575651873
264,0.0010063702054165747
265,0.0010222390716949279
266,0.0010383957150612516
267,0.001054756694294166
268,0.001071277718608064
269,0.0010881415083167862
270,0.0011050368775846072
271,0.001122414314377372
272,0.0011398223311619555
273,0.0011575963351975616
274,0.0011755298987276969
275,0.0011937092200297668
276,0.0012121794669266981
277,0.0012307750490585777
278,0.0012497932575568234
279,0.0012688449333993035
280,0.0012883939284920743
281,0.0013080059709221841
282,0.001328004578043667
283,0.0013481885711664587
284,0.0013686487493003833
285,0.0013894164213871993
286,0.0014103504344484504
287,0.0014317136587096142
288,0.0014531340790705086
289,0.001475104874431111
290,0.0014971143329585925
291,0.0015196151183025585
292,0.001542245403930025
293,0.0015652699027895044
294,0.0015885333498751582
295,0.0016120952073134006
296,0.0016360042985321306
297,0.00166011748247247
298,0.0016846848496032045
299,0.0017093636542433565
300,0.0017346020789587094
301,0.001759884917060431
302,0.0017857835428212328
303,0.0018117515745192621
304,0.0018382572819306412
305,0.0018649236140891715
306,0.001892051825689702
307,0.0019194297177198393
308,0.0019471961962904969
309,0.0019752990609526754
310,0.002003719912822317
311,0.0020325613170312845
312,0.002061652995360491
313,0.0020912466609932993
314,0.0021210259690368173
315,0.0021513857737442115
316,0.002181869868092215
317,0.0022130098461128275
318,0.00224421623991087
319,0.0022761505828886516
320,0.0023081411224127888
321,0.00234092248362129
322,0.0023738111393770142
323,0.002407242943235687
324,0.00244104735924531
325,0.0024751458025066508
326,0.0025098838271419366
327,0.0025446829821098105
328,0.0025803552238381
329,0.002616107715684785
330,0.002652496871617547
331,0.0026892209920565038
332,0.0027263447400913293
333,0.0027640589880369394
334,0.002801935451961855
335,0.0028406585343459406
336,0.002879449759778533
337,0.002919057121323808
338,0.0029588779055454272
339,0.0029993477699990327
340,0.003040312365365667
341,0.0030814459439015493
342,0.0031235853044867955
343,0.0031657988199251374
344,0.003208719568728095
345,0.0032521342385497696
346,0.003295753364166554
347,0.003340393847174345
348,0.0033851128863920076
349,0.003430616915101276
350,0.0034765889687497762
351,0.003522843443708937
352,0.003570093902368893
353,0.0036174275101502383
354,0.0036656687775004
355,0.003714308827018415
356,0.0037633554324410356
357,0.003813328067415586
358,0.0038633886418684444
359,0.003914528184897906
360,0.0039659502419232915
361,0.004017952897118458
362,0.004070763356436532
363,0.004123666749101745
364,0.004177872845603056
365,0.0042321944246428225
366,0.004287324349917272
367,0.004343091835542793
368,0.004399185175237918
369,0.004456555640605651
370,0.004514027063803121
371,0.004572354003522009
372,0.004631467425618786
373,0.00469068487271795
374,0.004751363625941578
375,0.00481231425548985
376,0.0048736399447078796
377,0.004936360040780604
378,0.004999190508709674
379,0.0050628662960105295
380,0.00512750537465541
381,0.005192258202091214
382,0.005258363580858286
383,0.005324963876570378
384,0.005391815413944264
385,0.005460299228467589
386,0.005528903557565825
387,0.0055983160864629435
388,0.0056688437395912535
389,0.005739495503944769
390,0.005811555303268632
391,0.005884170708888215
392,0.005957092825404621
393,0.006031709183084431
394,0.006106456847097909
395,0.006182167086037642
396,0.006258956978922278
397,0.006335882003024776
398,0.006414472050770345
399,0.006493481099860828
400,0.0065730610470078514
401,0.006654192703998962
402,0.006735467132638577
403,0.006818077421079674
404,0.006901517225365063
405,0.006985197108723128
406,0.007070841703196346
407,0.007156637010971488
408,0.007243504069279304
409,0.0073315479141571735
410,0.007419746694424039
411,0.007509901733632007
412,0.0076003933292558175
413,0.007691764915790115
414,0.007784590032755998
415,0.007877578498966774
416,0.007972404932143419
417,0.00806777218941563
418,0.008163907461083317
419,0.00826169505880605
420,0.008359654738511961
421,0.008459538376208334
422,0.00856012088628751
423,0.008661075093768634
424,0.008764407944705623
425,0.008867922635899417
426,0.008972384994986675
427,0.009078704790654292
428,0.009185211682862363
429,0.009293298259230611
430,0.009402665653838283
431,0.009512225508006442
432,0.009624054873960912
433,0.009736531265516804
434,0.00984945445486035
435,0.009964898835687276
436,0.01008054637006676
437,0.010197405430920278
438,0.010316078171301077
439,0.010434959746348386
440,0.010555880317109814
441,0.010677844959172216
442,0.010800033806688964
443,0.010925134505211515
444,0.011050455350016357
445,0.011176911520365942
446,0.01130542747580995
447,0.011434169587543324
448,0.011565145642685291
449,0.01169732028684559
450,0.011829727525682001
451,0.011964986785309604
452,0.012100894022003175
453,0.01223725024568679
454,0.012376719474213765
455,0.012516434134080287
456,0.012657287446634089
457,0.012800633040412575
458,0.012944230886974181
459,0.013089723124642232
460,0.013237021651409185
461,0.013384579387143072
462,0.013534855371530761
463,0.01368618434244953
464,0.01383782234768995
465,0.01399298717182636
466,0.014148425047666476
467,0.01430508064553693
468,0.014464426433749188
469,0.0146240526311272
470,0.014785879030259047
471,0.014949486020113723
472,0.015113380917794442
473,0.015280590927434569
474,0.015448606519611096
475,0.015617315262803296
476,0.015789518310292294
477,0.015962024392541525
478,0.01613622206752855
479,0.016312990360196015
480,0.016490069721325364
481,0.016669924076934135
482,0.016851341162510528
483,0.017033077497273768
484,0.017218759390128652
485,0.017404909725613968
486,0.01759243755427025
487,0.017783071043115294
488,0.01797403999973601
489,0.018167677243283352
490,0.018363207027452564
491,0.018559080895665384
492,0.018759007167774695
493,0.018959520308796333
494,0.019161561013354176
495,0.019366784358183824
496,0.019572368845324716
497,0.01978099630242238
498,0.019991370850665748
499,0.02020228156062087
500,0.020417518251286702
501,0.020633133705274136
502,0.02085102146239126
503,0.02107177055698691
504,0.021292908115370664
505,0.021517641890565167
506,0.021744002589582402
507,0.02197087393730913
508,0.022202538842975846
509,0.022434611421556394
510,0.02266864611572748
511,0.022906114044612323
512,0.023143999858295444
513,0.02338540175709413
514,0.02362877497094563
515,0.023872609249140034
516,0.02412155302034797
517,0.02437093487099617
518,0.0246224717378367
519,0.024877517855023915
520,0.025133012790269794
521,0.025392466196520462
522,0.025653720023999377
523,0.025915923136318707
524,0.026183021118050296
525,0.026450589126139006
526,0.02672106238386146
527,0.02699457084774487
528,0.027268560618847068
529,0.027547528150061992
530,0.02782755560578668
531,0.028109612907726705
532,0.028395765429830116
533,0.028682421509564956
534,0.02897334506307241
535,0.029266225131296845
536,0.029560451975678127
537,0.029859644784185242
538,0.030159364097999804
539,0.030462841052020653
540,0.03076897373265101
541,0.03107597703057804
542,0.031388613205785544
543,0.031701799543297944
544,0.032018448742007224
545,0.03233824091660032
546,0.03265866282135278
547,0.032986588949253506
548,0.03331509214599091
549,0.03364417342706308
550,0.033979976809093315
551,0.03431735905357021
552,0.0346553350073078
553,0.03499918175274233
554,0.03534561313444771
555,0.035692654149655056
556,0.036044782765436434
557,0.03640043545359723
558,0.03675671400247645
559,0.037117368462167157
560,0.037482416721035576
561,0.03784810737450084
562,0.03821753716306969
563,0.0385921573672863
564,0.03896743681035385
565,0.0393458969689605
566,0.039730267618983045
567,0.040115314666227114
568,0.04050306583701743
569,0.040897367574608226
570,0.041292363185675814
571,0.041689671656597815
572,0.042094087280360494
573,0.042499214575535696
574,0.04290635232518203
575,0.04332106680614477
576,0.04373651108195886
577,0.044153755824441754
578,0.0445789563216766
579,0.0450049050665549
580,0.04543259441558865
581,0.045868957040888
582,0.04630608755641277
583,0.046743987313459134
584,0.04719111953548696
585,0.04763963555643364
586,0.048088940854572604
587,0.04854614141020946
588,0.0490062489281596
589,0.04946716612146645
590,0.049934731299426285
591,0.050406638578314684
592,0.05087937629721741
593,0.05135765514641442
594,0.05184166703285617
595,0.05232653066042443
596,0.05281556980888219
597,0.05331189281084268
598,0.053809089218444336
599,0.05430922398870569
600,0.0548180664461515
601,0.055327804340380406
602,0.05583937723066832
603,0.05636094932161482
604,0.056883439250346945
605,0.057406848632031694
606,0.05794131367750421
607,0.05847676803609534
608,0.05901316466182508
609,0.0595599426193954
610,0.06010857565705382
611,0.06065817415306266
612,0.06121763012552173
613,0.06177965795185784
614,0.06234267480805553
615,0.06291518105367426
616,0.06349082164542864
617,0.06406747522214026
618,0.06465341114770567
619,0.06524288435565341
620,0.0658333948905376
621,0.06643314704368503
622,0.06703667459971732
623,0.06764126421485783
624,0.06825522627575406
625,0.06887303180013392
626,0.06949192450931058
627,0.07012049728173476
628,0.07075280629053383
629,0.0713862280066703
630,0.0720298194085401
631,0.07267685932124408
632,0.07332503786402772
633,0.0739840629174167
634,0.07464606306470892
635,0.07530922816838873
636,0.07598410898908267
637,0.07666130062080508
638,0.0773396839421649
639,0.07803084972879454
640,0.07872346602207395
641,0.07941815630487806
642,0.08012518817137387
643,0.08083346423893017
644,0.08154513751403823
645,0.08226803828625398
646,0.08299221118487385
647,0.08372131671498428
648,0.08446032498256345
649,0.08520063372174852
650,0.08594762780362203
651,0.08670298411429675
652,0.0874596696650842
653,0.08822501561703892
654,0.08899696248560432
655,0.08977026778955437
656,0.09055443593877345
657,0.09134321785622714
658,0.09213338783458182
659,0.0929376003010692
660,0.09374427126747584
661,0.09455236177507782
662,0.09537492756513195
663,0.09619975375078268
664,0.09702603142631773
665,0.09786744864145167
666,0.0987106982968597
667,0.09955577715684713
668,0.10041620648011652
669,0.10127814994597384
670,0.10214289380902906
671,0.10302225606621887
672,0.1039031657832696
673,0.10478809515536242
674,0.10568666441502311
675,0.1065868149341115
676,0.1074924581201943
677,0.1084105105674857
678,0.10933017855978783
679,0.11025786994062682
680,0.11119780630354846
681,0.11213939672175134
682,0.11308432280826203
683,0.114046479571136
684,0.1150103294916908
685,0.11597587554946319
686,0.1169577408743496
687,0.1179441899765351
688,0.11893237498489971
689,0.11993281663049773
690,0.12094220721137149
691,0.1219533740697427
692,0.12297345718716514
693,0.12400750971004122
694,0.12504338190932351
695,0.1260810769871902
696,0.12713860520105236
697,0.1281995639422041
698,0.12926238970803922
699,0.13033681791447976
700,0.13142324709302153
701,0.1325115881179062
702,0.13360349056648027
703,0.13471577678460056
704,0.13583002035104674
705,0.13694622471026663
706,0.1380785168884069
707,0.13921905300225637
708,0.14036159617724808
709,0.14151284967494798
710,0.14268007107760514
711,0.1438493465009015
712,0.14502067955940304
713,0.14621447794561168
714,0.14741088180273593
715,0.1486093910343876
716,0.1498244492218672
717,0.1510495483402198
718,0.15227680332964968
719,0.1535097411987628
720,0.15476395544617605
721,0.15602037680007874
722,0.1572790091444311
723,0.15855561546466
724,0.1598416265416178
725,0.1611299006796051
726,0.16242606015377972
727,0.16374208708336535
728,0.16506042989444392
729,0.1663810926623914
730,0.16772331230033866
731,0.16907215345879653
732,0.17042336824365764
733,0.1717868753288753
734,0.1731666473231221
735,0.1745488473743785
736,0.17593437841337983
737,0.17734578545566418
738,0.17875967622480235
739,0.18017605509153745
740,0.18161070892289624
741,0.18305674242660058
742,0.18450532059114844
743,0.1859630535891781
744,0.18744168488205856
745,0.1889229181998137
746,0.19040675812136051
747,0.1919161626021112
748,0.19343050999007919
749,0.1949475222543964
750,0.1964818546468334
751,0.19802977810222977
752,0.19958042551953262
753,0.20114046006774794
754,0.20272242468696672
755,0.20430717317210267
756,0.20589471042206897
757,0.20751017185006293
758,0.20912949044188436
759,0.2107516586333551
760,0.21239618118366202
761,0.2140526210498355
762,0.2157119758399014
763,0.21737921388248063
764,0.21907333101858173
765,0.22077042938123112
766,0.22247051421664785
767,0.22419342905348985
768,0.2259288330391231
769,0.2276672909059258
770,0.229414747740598
771,0.2311890245408342
772,0.2329664236287571
773,0.23474695049881858
774,0.236552865621485
775,0.23836977933535902
776,0.2401898903673177
777,0.24202224209252296
778,0.24387924911794898
779,0.24573952401575042
780,0.2476030725365699
781,0.24949674828629556
782,0.2513977721106502
783,0.25330214126603323
784,0.25522421644951354
785,0.25716657968553486
786,0.2591123609997006
787,0.2610636176041782
788,0.2630479162299507
789,0.26503570672975746
790,0.26702699524843054
791,0.2690447275382318
792,0.2710765192527697
793,0.2731118864174024
794,0.2751568642152979
795,0.27723325058544374
796,0.2793132908812243
797,0.2813969915326398
798,0.2835080416893175
799,0.28563335313507
800,0.28776240460245867
801,0.28990305920540976
802,0.29207424338016924
803,0.2942492483011938
804,0.2964280806920484
805,0.29863815739425403
806,0.3008597219994066
807,0.3030851960078896
808,0.30532731640560296
809,0.3075960505449274
810,0.3098687770942659
811,0.31214550307927
812,0.3144604841411255
813,0.31678107780764675
814,0.31910575514409
815,0.32145587062743836
816,0.32382594741787984
817,0.3262001949562731
818,0.3285831258350398
819,0.33100332039159397
820,0.3334277738909402
821,0.33585649382775956
822,0.33831557233762094
823,0.340790871523049
824,0.3432705266217507
825,0.3457651041171023
826,0.3482918927181011
827,0.35082312784097525
828,0.35335881731049973
829,0.35593326754460214
830,0.35851673160339276
831,0.36110474191880726
832,0.36371745119255083
833,0.3663537971867536
834,0.3689947824966746
835,0.3716469238978096
836,0.37433680895329563
837,0.3770314275399686
838,0.3797307879876683
839,0.3824682762802546
840,0.3852171905985457
841,0.3879709423248854
842,0.3907507334961565
843,0.3935546102128866
844,0.3963634210578544
845,0.39918673982283154
846,0.40204624985642173
847,0.4049107919190903
848,0.4077803748659556
849,0.41069469788350477
850,0.41361564756208974
851,0.41654173738828604
852,0.41950667557007654
853,0.42249049452990817
854,0.425479564271692
855,0.42847547461245017
856,0.43152294838764854
857,0.4345757849614873
858,0.43763399377115975
859,0.44071591122125314
860,0.4438333064653859
861,0.44695618755259814
862,0.4500845641366109
863,0.45325506630667695
864,0.45644341791607573
865,0.4596373802341533
866,0.4628440323569633
867,0.4660986578268882
868,0.46935901063104907
869,0.47262510084812787
870,0.4759252762151792
871,0.4792534825621021
872,0.4825875457273488
873,0.4859274760174607
874,0.48932210335007587
875,0.49272500567433425
876,0.4961338962633015
877,0.4995679000659641
878,0.503040513949041
879,0.506519238771879
880,0.5100040852882101
881,0.5135371375856784
882,0.5170865768804837
883,0.5206422623087112
884,0.5242179772977809
885,0.5278390177109109
886,0.5314664302576668
887,0.5351002261514197
888,0.5387797020898114
889,0.5424797364889062
890,0.546186282031439
891,0.5499118044823136
892,0.5536853621047627
893,0.5574655602532826
894,0.5612524106135485
895,0.565086521905534
896,0.5689412823787902
897,0.5728028262749809
898,0.5766864643525506
899,0.5806167037459805
900,0.5845538593865194
901,0.5884979434450391
902,0.5924951134484612
903,0.59650880604847
904,0.6005295617525188
905,0.6045798343288238
906,0.6086709962306499
907,0.6127693575632619
908,0.6168749309958689
909,0.6210437937826081
910,0.6252207019899662
911,0.6294049605203269
912,0.6336305964582686
913,0.6378870001758119
914,0.6421508941087263
915,0.6464348359551546
916,0.6507716913364491
917,0.6551161785080792
918,0.6594683109000953
919,0.6638782488168148
920,0.668304294726616
921,0.6727381293799428
922,0.6772101801629488
923,0.6817187581084979
924,0.6862352700334704
925,0.6907710272090157
926,0.6953631184237745
927,0.6999632905805836
928,0.704571557899892
929,0.7092409599738001
930,0.7139257834135136
931,0.7186188509809712
932,0.7233559017122846
933,0.7281263757209212
934,0.7329052445810447
935,0.7377115973821743
936,0.7425687296279401
937,0.7474344092221785
938,0.7523117356686306
939,0.7572565423523053
940,0.7622100506697028
941,0.7671722759335281
942,0.7721935463767778
943,0.7772359101078802
944,0.7822871471488843
945,0.7873835096380948
946,0.7925157643322057
947,0.7976570505219975
948,0.8028302357326756
949,0.8080534259584344
950,0.8132858077038319
951,0.8185375641391905
952,0.8238527436486122
953,0.8291772765559771
954,0.8345111793209334
955,0.8399176023543333
956,0.8453353513973729
957,0.850762634335263
958,0.8562519235773742
959,0.8617639632685203
960,0.8672857027826437
961,0.8728596656479727
962,0.878467080213353
963,0.8840843624378087
964,0.8897495929692883
965,0.8954630466838932
966,0.901186554660151
967,0.906920134591056
968,0.9127348679278993
969,0.918565773809012
970,0.9244069406384219
971,0.9302870582970276
972,0.9362265405530369
973,0.9421764748248012
974,0.9481368795052679
975,0.9541734174978359
976,0.9602333061672645
977,0.9663038587378294
978,0.9724110089588176
979,0.9785820454717037
980,0.9847639414783321
981,0.9909567160887096
982,0.9972273451175016
983,1.0035217866866524
984,1.0098273049117905
985,1.0161738988560793
986,1.0225820947731463
987,1.029001567525607
988,1.0354323369578786
989,1.0419496074107693
990,1.0484842523523896
991,1.0550303966482748
992,1.0616291073604907
993,1.0682801489811096
994,1.0749428947852377
995,1.0816254183097747
996,1.0883940880061083
997,1.0951746688821518
998,1.10196718189861
999,1.1088309408785268
1000,1.1157305973883278
1001,1.1226423955820835
1002,1.129595619770227
1003,1.1366155995531415
1004,1.143647932759086
1005,1.1506930774500201
1006,1.1578346353023767
1007,1.1649887605249636
1008,1.172155475233223
1009,1.1793927051265884
1010,1.1866698866196437
1011,1.1939598741468367
1012,1.201294849981237
1013,1.2086963593278883
1014,1.2161108934948168
1015,1.2235461511982544
1016,1.2310732673910678
1017,1.2386136294410028
1018,1.2461672606574634
1019,1.2538057399301712
1020,1.2614732186092803
1021,1.2691541901486039
1022,1.2768989463797968
1023,1.2846948380177445
1024,1.2925044484908066
1025,1.3003580964329198
1026,1.30828370502364
1027,1.316223260719084
1028,1.3241884399961796
1029,1.3322450772788346
1030,1.3403158922441496
1031,1.3484009098413163
1032,1.3565842526955478
1033,1.364787648818342
1034,1.3730054808828798
1035,1.38130901606484
1036,1.3896495426691522
1037,1.398004746530776
1038,1.4064209461887907
1039,1.4148999866474603
1040,1.4233939481134081
1041,1.4319256084976748
1042,1.4405445543690945
1043,1.4491786674465474
1044,1.4578286110658762
1045,1.4665888621832794
1046,1.4753645291688342
1047,1.4841556391506205
1048,1.4930385691424755
1049,1.5019572007105733
1050,1.5108915268570389
1051,1.519899376981661
1052,1.5289623922729842
1053,1.538041356222144
1054,1.5471775716551213
1055,1.5563876996932329
1056,1.5656140352710441
1057,1.5748779259598746
1058,1.5842366049017145
1059,1.5936117527959266
1060,1.6030063385702915
1061,1.6125150154667685
1062,1.622040425274727
1063,1.6315825974399218
1064,1.6412288808540947
1065,1.650906011177727
1066,1.6606001708489821
1067,1.6703841924905127
1068,1.6802145110309525
1069,1.6900621284921975
1070,1.699986983837168
1071,1.7099719674894946
1072,1.7199745222347735
1073,1.730043330472606
1074,1.7401844654206844
1075,1.7503434462491678
1076,1.7605593501854766
1077,1.7708581319969674
1078,1.7811750371081512
1079,1.791541203076693
1080,1.8019991367982577
1081,1.812475473887298
1082,1.8229950916708346
1083,1.8336136919235009
1084,1.8442509782767935
1085,1.8549272610365353
1086,1.8657080521112934
1087,1.8765078147021919
1088,1.8873439989156664
1089,1.8982885148693003
1090,1.9092522904541431
1091,1.920251635861221
1092,1.9313614206123064
1093,1.9424907558265883
1094,1.953656545383415
1095,1.9649331528086451
1096,1.9762296042634828
1097,1.9875651441042037
1098,1.9990101381348897
1099,2.010475272513735
1100,2.0219838919196764
1101,2.0335988466385735
1102,2.0452342407941613
1103,2.056919292170402
1104,2.0687057919087697
1105,2.080513032960396
1106,2.092377891819424
1107,2.1043375312543873
1108,2.116318216685407
1109,2.128379094260372
1110,2.1405443351021187
1111,2.1527309837472597
1112,2.164939077868195
1113,2.1772719762194828
1114,2.1896679619241612
1115,2.2020857614857876
1116,2.214525726763817
1117,2.2271345796328688
1118,2.2397656209521415
1119,2.252418889767764
1120,2.265135963034938
1121,2.277983954249776
1122,2.290854554738821
1123,2.3037478042887547
1124,2.3167457020184656
1125,2.329837538105759
1126,2.3429524125735566
1127,2.356090365963664
1128,2.369371793575172
1129,2.382711441267432
1130,2.396074563426959
1131,2.4094637635357445
1132,2.4230303773182187
1133,2.4366208649718226
1134,2.4502352685086
1135,2.4639180107376664
1136,2.477738073455784
1137,2.4915824560520825
1138,2.505451201323467
1139,2.5194350625346367
1140,2.5335116506948423
1141,2.547613010154155
1142,2.561739184503882
1143,2.5760318098712234
1144,2.590368027186065
1145,2.6047294726827035
1146,2.6191519615380674
1147,2.6337252937969677
1148,2.6483242715009703
1149,2.6629489397796555
1150,2.67769392188283
1151,2.692532706474821
1152,2.707397603641937
1153,2.722288659335795
1154,2.737363973663379
1155,2.752471392222053
1156,2.7676053960847575
1157,2.782827339546752
1158,2.7981795859947827
1159,2.813558848583007
1160,2.8289651748530744
1161,2.8445315359364227
1162,2.8601583820011927
1163,2.8758127274331122
1164,2.8915366634571784
1165,2.9074134321186027
1166,2.923318139948736
1167,2.939250836113531
1168,2.9553335052813914
1169,2.9714909333152533
1170,2.987676794408437
1171,3.003928178386128
1172,3.0203406991728996
1173,3.0367821019187287
1174,3.0532524374486556
1175,3.0698770998946054
1176,3.086576435961643
1177,3.1033051587112017
1178,3.1201098686175652
1179,3.1370695447931443
1180,3.15405906578503
1181,3.171078484112633
1182,3.18827124766236
1183,3.2055239932393667
1184,3.222807099361828
1185,3.240191434888243
1186,3.257709846887942
1187,3.2752590869398537
1188,3.292840067957915
1189,3.3106266038872505
1190,3.328444439700142
1191,3.3462936304765667
1192,3.364294764829597
1193,3.382400464925205
1194,3.4005380265537997
1195,3.4187075057837237
1196,3.4370927992468046
1197,3.4555214198672375
1198,3.4739824702803404
1199,3.4925324311938604
1200,3.511254815576901
1201,3.5300101467036815
1202,3.548798482552239
1203,3.567749300121162
1204,3.5868016383560386
1205,3.605887503971226
1206,3.625016041185224
1207,3.6443681299846853
1208,3.663754273650804
1209,3.6831745321116207
1210,3.702720887777106
1211,3.7224100750676623
1212,3.7421339104342235
1213,3.761892454848732
1214,3.7818662733582205
1215,3.801896473586807
1216,3.8219619219891934
1217,3.8421343153681944
1218,3.8624736861268483
1219,3.8828488491224085
1220,3.903259867340256
1221,3.923877094591812
1222,3.944564800724092
1223,3.965288912076725
1224,3.9861183275993346
1225,4.007121423544827
1226,4.028161479718161
1227,4.049238561160099
1228,4.0705304467338035
1229,4.091889317773099
1230,4.113285775115715
1231,4.134803681985966
1232,4.156484256489767
1233,4.17820298341484
1234,4.199959929899886
1235,4.221958209025221
1236,4.244002117994243
1237,4.266084818762608
1238,4.288323171636063
1239,4.310695194083699
1240,4.333106585728638
1241,4.3555912238901735
1242,4.378294310417181
1243,4.4010373487317525
1244,4.42382040913904
1245,4.446811649464249
1246,4.469889309634309
1247,4.49300758074814
1248,4.51625947768091
1249,4.539674754477672
1250,4.563131236339328
1251,4.586650145779055
1252,4.610406053751487
1253,4.6342037662147595
1254,4.658043356734315
1255,4.68209566268093
1256,4.706237645604526
1257,4.730422112414598
1258,4.754756121531407
1259,4.779245434971141
1260,4.803777843512452
1261,4.828400055930076
1262,4.853239780330823
1263,4.878123216469083
1264,4.90305044126656
1265,4.928233413591025
1266,4.953470983809028
1267,4.9787529658739444
1268,5.004239152903558
1269,5.0298339844933215
1270,5.055473856620906
1271,5.08126990303296
1272,5.107225144287596
1273,5.1332260603111886
1274,5.1593386557392495
1275,5.185657476144904
1276,5.212022611128153
1277,5.238460835625454
1278,5.2651683490794765
1279,5.291922861113927
1280,5.318724454434536
1281,5.3457329048166455
1282,5.372880259416491
1283,5.4000753866074245
1284,5.427365454312621
1285,5.4549091401247845
1286,5.4825012959721375
1287,5.510142007149785
1288,5.538023936060292
1289,5.566016638753446
1290,5.59405860163944
1291,5.622239179128669
1292,5.650635970485922
1293,5.679082733131273
1294,5.707579555001656
1295,5.7363739463823045
1296,5.7652290807334206
1297,5.794134992941906
1298,5.823245321721698
1299,5.852512423844773
1300,5.881831028785701
1301,5.911267344457563
1302,5.940959825322976
1303,5.970704557566717
1304,6.000501633138101
1305,6.030566460038047
1306,6.0607409950497
1307,6.090968629734639
1308,6.121347982567633
1309,6.151956022044202
1310,6.182617924053745
1311,6.213333783380807
1312,6.244365413988901
1313,6.275465318070501
1314,6.306619950243982
1315,6.337985041701834
1316,6.369526709397082
1317,6.401123882577905
1318,6.432830872146752
1319,6.464818092049365
1320,6.496861601498246
1321,6.528961499548868
1322,6.561355557230548
1323,6.593849225567566
1324,6.626400074673624
1325,6.659155294130867
1326,6.692102971595713
1327,6.725108628772331
1328,6.758233590742867
1329,6.791639155456471
1330,6.8251035056490785
1331,6.858626744768407
1332,6.892474192919698
1333,6.926401149267071
1334,6.960387808612484
1335,6.994624600498878
1336,7.029018104597855
1337,7.063472132702445
1338,7.098106996314005
1339,7.1329710184852955
1340,7.167896392656494
1341,7.202938100968746
1342,7.23827664052446
1343,7.27367736711219
1344,7.3091403901655285
1345,7.344951823955437
1346,7.380831938621469
1347,7.416775193356381
1348,7.453013526571655
1349,7.489377094561102
1350,7.525804653376544
1351,7.562478811643184
1352,7.599329928057697
1353,7.636245893261646
1354,7.673364848854221
1355,7.710707638927004
1356,7.748116143012053
1357,7.785688915254996
1358,7.8235275346281625
1359,7.861432740549287
1360,7.899468396228679
1361,7.937807031232596
1362,7.976213132687052
1363,8.014720786472553
1364,8.053563654407313
1365,8.092474876116604
1366,8.131463690993376
1367,8.170815040413215
1368,8.210235638407923
1369,8.249725606837623
1370,8.28957893711856
1371,8.32951319902524
1372,8.369517735287012
1373,8.409919284533302
1374,8.450421921684473
1375,8.490995833389183
1376,8.531780245941954
1377,8.572856364521092
1378,8.614004766837773
1379,8.655225580093228
1380,8.696836796169318
1381,8.738564846748961
1382,8.780366328303488
1383,8.822383629102342
1384,8.86469652870171
1385,8.907083888464062
1386,8.949545839420587
1387,8.992420413921819
1388,9.035398905615942
1389,9.078453028748687
1390,9.12175725051061
1391,9.165332172321639
1392,9.20898377513923
1393,9.252727934722715
1394,9.296904629957064
1395,9.341159065168759
1396,9.385491377160632
1397,9.43013737005403
1398,9.475000036245545
1399,9.519941649551726
1400,9.565051635694317
1401,9.61052797801987
1402,9.656084347376627
1403,9.701720884592069
1404,9.747821635168846
1405,9.794064814926854
1406,9.840389371158155
1407,9.886795447064916
1408,9.933694905449496
1409,9.98071352458634
1410,10.027814884775829
1411,10.07499980285745
1412,10.122718571208196
1413,10.170521312699169
1414,10.218408175101994
1415,10.266429911393566
1416,10.31494017408709
1417,10.363535802752859
1418,10.412216947613537
1419,10.461097087299283
1420,10.51040767627161
1421,10.559805039590183
1422,10.609289329956052
1423,10.659049633569643
1424,10.709169464083287
1425,10.759377493005788
1426,10.809673875544176
1427,10.860336280153321
1428,10.91127435161381
1429,10.962302061382443
1430,11.013419567200122
1431,11.065006187620442
1432,11.116771584397545
1433,11.1686280753683
1434,11.22059946223035
1435,11.27310895087413
1436,11.325710843127087
1437,11.378405301596336
1438,11.431340847701561
1439,11.484694602901211
1440,11.538142247407814
1441,11.591683946442952
1442,11.645606268990424
1443,11.699813618561635
1444,11.754116359552183
1445,11.808514659826974
1446,11.863446558523309
1447,11.918516918417456
1448,11.973684188412985
1449,12.029068394882898
1450,12.084912997454087
1451,12.140855872600014
1452,12.196897193255703
1453,12.253332156554572
1454,12.310057319564287
1455,12.366882304714583
1456,12.423807287667302
1457,12.4813163233375
1458,12.538931715200022
1459,12.596648495782912
1460,12.654660865832572
1461,12.713073454745754
1462,12.771588835246563
1463,12.830207188222277
1464,12.889335742692253
1465,12.948656573982019
1466,13.00808179513843
1467,13.067746988757403
1468,13.12788017066808
1469,13.18811917197911
1470,13.248464178905934
1471,13.309288275830642
1472,13.370348018696179
1473,13.431515211477159
1474,13.492926158558271
1475,13.554882935221817
1476,13.616948740355658
1477,13.679123765822471
1478,13.741567570130822
1479,13.804539953903124
1480,13.86762315335976
1481,13.930817363508426
1482,13.994321068706208
1483,14.058320504374347
1484,14.122432563080768
1485,14.186657443013647
1486,14.251248270118243
1487,14.316286337574185
1488,14.381438855800074
1489,14.446706026200388
1490,14.512411377938808
1491,14.578499794722653
1492,14.644704510627985
1493,14.711025730311894
1494,14.777873195663227
1495,14.845023819596845
1496,14.912292611870233
1497,14.97967978042984
1498,15.047697139365093
1499,15.115921971279615
1500,15.184266861870626
1501,15.252757820409078
1502,15.32194725084535
1503,15.391258437409814
1504,15.460691594362501
1505,15.530402060738933
1506,15.600688211312157
1507,15.671098047965975
1508,15.74163178835664
1509,15.812590059518994
1510,15.88398535561672
1511,15.955506289612973
1512,16.027153082598698
1513,16.099387665373406
1514,16.17190468708449
1515,16.24454932064979
1516,16.31733930274415
1517,16.390861407584733
1518,16.464512892973836
1519,16.538293986588602
1520,16.612411059648988
1521,16.687078512086956
1522,16.761877360597882
1523,16.836807836405644
1524,16.91228107671354
1525,16.98810691815902
1526,17.064066194151412
1527,17.14015913950181
1528,17.217017855692628
1529,17.29401529585253
1530,17.371148232279058
1531,17.44864556265655
1532,17.526690643501876
1533,17.604873064198625
1534,17.683193066430313
1535,17.76212793722221
1536,17.841369451093076
1537,17.920750410237197
1538,18.000363077523737
1539,18.080673412290984
1540,18.1611250731881
1541,18.241718308913406
1542,18.32282117302217
1543,18.404353402792236
1544,18.486029108920558
1545,18.567849166837725
1546,18.650471958276626
1547,18.733240145188713
1548,18.816153983433246
1549,18.89951751317008
1550,18.983388320698726
1551,19.06740671989544
1552,19.15157297048422
1553,19.23651075904661
1554,19.321644010271093
1555,19.406927074747422
1556,19.492644807222604
1557,19.578903338837705
1558,19.66531366391569
1559,19.751876049574644
1560,19.83922242012436
1561,19.926770594114902
1562,20.014472831014885
1563,20.102639201900054
1564,20.191335958962757
1565,20.280188800152676
1566,20.36919800013848
1567,20.45904809276168
1568,20.549062441846914
1569,20.63923519369022
1570,20.729945573705933
1571,20.82113248949901
1572,20.91247987147311
1573,21.004067227093643
1574,21.096437928474444
1575,21.18897117920161
1576,21.281667265320838
1577,21.375017999528826
1578,21.468748523068026
1579,21.56264398889871
1580,21.656912202227012
1581,21.75185157338881
1582,21.846958014110186
1583,21.94223181839136
1584,22.038320268240227
1585,22.134649455647093
1586,22.23114815834065
1587,22.328194817067253
1588,22.425758705380094
1589,22.523494281742998
1590,22.621515704245915
1591,22.72032643617997
1592,22.81931105029554
1593,22.91846985258118
1594,23.018393605682338
1595,23.118639616808096
1596,23.21906203584571
1597,23.320071995734843
1598,23.421746142771802
1599,23.523599210880953
1600,23.625631514918155
1601,23.728249363689308
1602,23.831571393199038
1603,23.935075243639755
1604,24.03876123497031
1605,24.14293801161602
1606,24.247925545521802
1607,24.353097831227462
1608,24.45845519384938
1609,24.564237337919213
1610,24.670908170764694
1611,24.777766717592844
1612,24.884813308732625
1613,24.992247522716735
1614,25.10061962314533
1615,25.20918243135954
1616,25.317936282956666
1617,25.42706953751296
1618,25.53716104976118
1619,25.647446295527175
1620,25.757925615732777
1621,25.868805154850048
1622,25.98063440025672
1623,26.09266043715421
1624,26.204883611845617
1625,26.317556957947694
1626,26.43114243647961
1627,26.544927797030574
1628,26.6589133913423
1629,26.77342835033784
1630,26.888788742131034
1631,27.004352139343805
1632,27.120118899214276
1633,27.236523565495574
1634,27.35367773241459
1635,27.471038061345766
1636,27.58860491508205
1637,27.70694767647813
1638,27.825914663691496
1639,27.94509100302425
1640,28.064477062883075
1641,28.18480660557011
1642,28.305605643143526
1643,28.4266172567836
1644,28.547841820570248
1645,28.670207133942963
1646,28.792857638449433
1647,28.915723977137983
1648,29.038954077048757
1649,29.16325691133093
1650,29.287778487479628
1651,29.41251919042512
1652,29.537874086919075
1653,29.6640644657321
1654,29.79047690801445
1655,29.917111804541488
1656,30.044641338959583
1657,30.17273921313371
1658,30.301062507488236
1659,30.429611618705515
1660,30.55936595411307
1661,30.68939146726927
1662,30.81964579276466
1663,30.950417301233397
1664,31.08215895916142
1665,31.21413244941114
1666,31.346338179948674
1667,31.479425585197315
1668,31.613132296540808
1669,31.747074298204588
1670,31.88125227826198
1671,32.016706373592505
1672,32.15239883419893
1673,32.28833007954357
1674,32.42491605561991
1675,32.562373270429774
1676,32.70007237550062
1677,32.83801379649778
1678,32.97705942976219
1679,33.11654082332232
1680,33.256267669187366
1681,33.396519479449495
1682,33.53779769933228
1683,33.679324533481484
1684,33.821100419394966
1685,33.963905628970984
1686,34.10724712481682
1687,34.25084086577413
1688,34.3949275907776
1689,34.540098532475696
1690,34.68552493864866
1691,34.83120725884906
1692,34.978005127903295
1693,35.12536434893049
1694,35.272982885251935
1695,35.42086612388933
1696,35.5701744814542
1697,35.719745584302196
1698,35.86957989479825
1699,36.02002321490245
1700,36.17156335464762
1701,36.323370167049156
1702,36.475444121383205
1703,36.628504643055
1704,36.78230057766676
1705,36.93636715456432
1706,37.0907048500093
1707,37.246440146602765
1708,37.4025161175578
1709,37.55886674308689
1710,37.71588441509532
1711,37.8740722346349
1712,38.0325384250694
1713,38.191283476260615
1714,38.35086723774342
1715,38.51146709996988
1716,38.67234957767714
1717,38.83351516819654
1718,38.9957271453985
1719,39.158765326513425
1720,39.322090413934504
1721,39.48570291254385
1722,39.65060573657299
1723,39.81610876955698
1724,39.9819030463637
1725,40.14798907950814
1726,40.315645891066154
1727,40.48364056829248
1728,40.65193087400577
1729,40.820777940413244
1730,40.99099178264234
1731,41.16150515852863
1732,41.33231859517504
1733,41.50403350435789
1734,41.67678889192328
1735,41.84984828562315
1736,42.02321222043093
1737,42.19785954844115
1738,42.373184019503555
1739,42.548817017637916
1740,42.724795121264926
1741,42.9024039368102
1742,43.08032529929681
1743,43.2585597587276
1744,43.437586701405706
1745,43.61781587770858
1746,43.79836221212497
1747,43.979226262772215
1748,44.16136809408269
1749,44.34424593727192
1750,44.52744559955835
1751,44.71106182225994
1752,44.896290959531854
1753,45.08184605358442
1754,45.26772767801835
1755,45.45457784213017
1756,45.64250834132245
1757,45.830769551008785
1758,46.01936205315515
1759,46.20951372245582
1760,46.400174680921474
1761,46.59117115479842
1762,46.782944003832974
1763,46.976025031132465
1764,47.16944583255242
1765,47.36320700600864
1766,47.558403117755546
1767,47.75426876089067
1768,47.95047907836519
1769,48.147392013762186
1770,48.3457231727347
1771,48.54440334473077
1772,48.74343314392426
1773,48.94389286368162
1774,49.145063762564284
1775,49.346588671693496
1776,49.548862196309805
1777,49.752544857971664
1778,49.956585949947126
1779,50.16098610298186
1780,50.366931730131746
1781,50.57351024338849
1782,50.78045228292395
1783,50.98834517477442
1784,51.197575877903475
1785,51.40717477449423
1786,51.61714251247299
1787,51.82864316654305
1788,52.040921206621945
1789,52.2535728027034
1790,52.46680395249997
1791,52.68178358380097
1792,52.897141525221095
1793,53.11287844248951
1794,53.329854526331225
1795,53.547941462996455
1796,53.766412177850555
1797,53.985267346245074
1798,54.20606601984482
1799,54.4272933860978
1800,54.648910056899446
1801,54.87160922440595
1802,55.09561626101993
1803,55.320017493698394
1804,55.54481361612564
1805,55.77147562634019
1806,55.998684646912544
1807,56.22629349822894
1808,56.45496693975097
1809,56.685007141896946
1810,56.915452156949286
1811,57.14630269727499
1812,57.379081243159106
1813,57.61238602587701
1814,57.84610136633471
1815,58.08100385845095
1816,58.31719218297832
1817,58.55379613954808
1818,58.79087254288589
1819,59.029968354719514
1820,59.2694849150361
1821,59.50942296424534
1822,59.7508129202171
1823,59.99326624471768
1824,60.2361462260711
1825,60.479824915412934
1826,60.72523933849312
1827,60.97108562920877
1828,61.21736454753608
1829,61.465804644262086
1830,61.71499786258328
1831,61.964629598260586
1832,62.21470062297204
1833,62.466840787501596
1834,62.71987042981434
1835,62.97334534061562
1836,63.227266303463736
1837,63.4832360786479
1838,63.74027494708454
1839,63.997766139230045
1840,64.25571045105822
1841,64.51508102950542
1842,64.7761730628131
1843,65.03772455237083
1844,65.29973630670386
1845,65.56261481474672
1846,65.82780437185643
1847,66.0934605958176
1848,66.3595843078443
1849,66.62617633059541
1850,66.89541059804924
1851,67.16521641807634
1852,67.43549702840406
1853,67.70625326454132
1854,67.9792356123356
1855,68.2532363185396
1856,68.52771919697798
1857,68.80268509615028
1858,69.07952545104423
1859,69.35776676579573
1860,69.63649771517505
1861,69.91571916081355
1862,70.19652833431856
1863,70.47905641608898
1864,70.76208167610763
1865,71.04560498928058
1866,71.33049468469198
1867,71.61735613192968
1868,71.90472238303707
1869,72.19259432633936
1870,72.48167714582303
1871,72.77291900086028
1872,73.06467336817101
1873,73.3569411496452
1874,73.65033060137911
1875,73.94600035437452
1876,74.24219041161768
1877,74.53890168871017
1878,74.8367121940825
1879,75.13685778699534
1880,75.43753156049537
1881,75.73873444404452
1882,76.04110798327919
1883,76.34588219921841
1884,76.65119274094369
1885,76.9570405522503
1886,77.26374414588672
1887,77.57319730940124
1888,77.88319503245877
1889,78.19373827334383
1890,78.50489358185318
1891,78.81907649691657
1892,79.13381229468156
1893,79.4491019480796
1894,79.76494643175384
1895,80.08379556450132
1896,80.40332081488219
1897,80.72340834911314
1898,81.04405915666875
1899,81.36763275887009
1900,81.6919993286101
1901,82.01693670168913
1902,82.3424458825739
1903,82.6708687914991
1904,83.00012904051253
1905,83.32996870449372
1906,83.66038880306361
1907,83.99378685957728
1908,84.32799364532592
1909,84.66278855068627
1910,84.99817261059754
1911,85.33667266713717
1912,85.67587934904003
1913,86.01568294909741
1914,86.35615874975443
1915,86.69981444635008
1916,87.0440748902336
1917,87.38894114560416
1918,87.73474811693853
1919,88.08350297900543
1920,88.43287156159106
1921,88.78285494468511
1922,89.1341227949122
1923,89.48803161816629
1924,89.84256323159615
1925,90.19771873115158
1926,90.55457821077387
1927,90.91369631000185
1928,91.27344636640193
1929,91.63382949205582
1930,91.9964124021452
1931,92.36079561579942
1932,92.72582005188336
1933,93.09148683878313
1934,93.45992603932886
1935,93.82963073416217
1936,94.19998601587358
1937,94.5709982638868
1938,94.9454224476492
1939,95.32050552338711
1940,95.69624865058003
1941,96.07335717674232
1942,96.45320762997409
1943,96.83372652402957
1944,97.21491503519205
1945,97.59825568872544
1946,97.98359028942852
1947,98.36960298165364
1948,98.75629495866687
1949,99.14600467984035
1950,99.53688185228995
1951,99.92844686977153
1952,100.3211355286446
1953,100.71691777150977
1954,101.11339649107913
1955,101.51057291297147
1956,101.90987797303485
1957,102.31131134980866
1958,102.71345114783739
1959,103.1162986102397
1960,103.52236009156152
1961,103.92950458889601
1962,104.33736555759683
1963,104.74671248748203
1964,105.1589033052585
1965,105.57181947463664
1966,105.98546227204743
1967,106.40181850078046
1968,106.8198318657044
1969,107.23858082842311
1970,107.65842252132383
1971,108.08157537916458
1972,108.50547287899424
1973,108.93011633118998
1974,109.35730118521747
1975,109.78652282208049
1976,110.2164997804301
1977,110.64723338943675
1978,111.0815407341649
1979,111.51689777116378
1980,111.95302092638293
1981,112.39070532581637
1982,112.83148950562399
1983,113.27304935403552
1984,113.71538623602689
1985,114.16045525263607
1986,114.60749944705644
1987,115.05533032610292
1988,115.50397635129296
1989,115.95655306447006
1990,116.40992619809131
1991,116.86409715364998
1992,117.32039315387479
1993,117.77935733541817
1994,118.23912917771297
1995,118.6997101020325
1996,119.1638083298894
1997,119.6292304908224
1998,120.09547167689477
1999,120.56346488625526
2000,121.03458736732695
2001,121.50653890464248
2002,121.97932095712554
2003,122.45538721675248
2004,122.93309978339553
2005,123.41165300314269
2006,123.8918185888723
2007,124.37534347064798
2008,124.85971923371363
2009,125.34494737539956
2010,125.83346028925969
2011,126.32371060086892
2012,126.81482362879869
2013,127.30764173319406
2014,127.80381924942995
2015,128.30086991234774
2016,128.79879525845877
2017,129.30023852384335
2018,129.80328024563093
2019,130.30720719333956
2020,130.81316297474686
2021,131.3222498790723
2022,131.83223264729043
2023,132.3431128558886
2024,132.85797530178843
2025,133.37406883676405
2026,133.89107056550236
2027,134.41065424913617
2028,134.93291425252727
2029,135.45609330108346
2030,135.980485709864
2031,136.50896866869525
2032,137.03838162349663
2033,137.56872621081916
2034,138.10243315139118
2035,138.63813741765563
2036,139.17478438753432
2037,139.7135100668966
2038,140.2555639028655
2039,140.7985716160618
2040,141.3425348850606
2041,141.89086564266358
2042,142.44029335111586
2043,142.99068791291404
2044,143.54424855397156
2045,144.10015643999725
2046,144.65704258281684
2047,145.21591991534152
2048,145.77836913358365
2049,146.34180811968406
2050,146.90623861537637
2051,147.47514109635648
2052,148.04519520702334
2053,148.61625246820117
2054,149.19127998093197
2055,149.7689352593824
2056,150.3476070644485
2057,150.92729718495153
2058,151.510401821499
2059,152.09675259901206
2060,152.6841352049826
2061,153.2725514551589
2062,153.8639564937858
2063,154.45909659596762
2064,155.05528399355674
2065,155.65252052951936
2066,156.25245104010406
2067,156.85647518304165
2068,157.46156225501124
2069,158.06771412649067
2070,158.67639698478746
2071,159.28940078294588
2072,159.90348331201736
2073,160.51864647028685
2074,161.13631037230294
2075,161.7583903464957
2076,162.38156502333354
2077,163.00583632920748
2078,163.63271180569674
2079,164.26396539111778
2080,164.89632982237615
2081,165.52980705427032
2082,166.16612648534064
2083,166.8066520396687
2084,167.4483047561095
2085,168.09108661817385
2086,168.7370842480143
2087,169.38698105958636
2088,170.03802152426798
2089,170.69020765458913
2090,171.34611960631347
2091,172.0054879023647
2092,172.6660165188953
2093,173.32770749776518
2094,173.99377178837494
2095,174.66271274335236
2096,175.33283086421898
2097,176.00412822247822
2098,176.68058477794568
2099,177.35920052189044
2100,178.03901045685592
2101,178.72001668430497
2102,179.4071073547774
2103,180.0955009817797
2104,180.7851060063519
2105,181.47684418734187
2106,182.17389313536245
2107,182.87216871208733
2108,183.57167307606102
2109,184.27448221208635
2110,184.98150061400577
2111,185.68976318829252
2112,186.3992721243634
2113,187.11339949700735
2114,187.8304932042412
2115,188.54884881377572
2116,189.26846854622755
2117,189.9941634197905
2118,190.7214392805931
2119,191.44999496165389
2120,192.18107613215628
2121,192.91734635241625
2122,193.65491222068596
2123,194.39377601696503
2124,195.13687487458262
2125,195.8835257035453
2126,196.6314904477032
2127,197.38077141920152
2128,198.13614282472992
2129,198.89328396125575
2130,199.651757473203
2131,200.4130730460658
2132,201.17946656249362
2133,201.94720873614088
2134,202.71630194029007
2135,203.4903503203961
2136,204.26743782464465
2137,205.04589280476148
2138,205.82624938129644
2139,206.61275943637204
2140,207.40065354856952
2141,208.18993415346563
2142,208.98349036336197
2143,209.78090151975115
2144,210.5797159163752
2145,211.37994950547196
2146,212.18695617789209
2147,212.99538297617346
2148,213.80523239936335
2149,214.61977310044344
2150,215.43919604112372
2151,216.26006095708283
2152,217.08237038581674
2153,217.9071673730069
2154,218.73914424409267
2155,219.57258518212276
2156,220.40749276346955
2157,221.24386956903814
2158,222.0875307867303
2159,222.93368717091712
2160,223.78133257431068
2161,224.63046961719184
2162,225.48517162199622
2163,226.34432099851307
2164,227.20498225853552
2165,228.0671580625791
2166,228.9326534273306
2167,229.8049373592519
2168,230.67875628809043
2169,231.55411291503538
2170,232.43100994602975
2171,233.3163015176812
2172,234.203421327052
2173,235.09210224062852
2174,235.98234700554178
2175,236.87918556812426
2176,237.77975088606172
2177,238.68190096881054
2178,239.5856386051378
2179,240.4943685019158
2180,241.40852539010416
2181,242.32429096073855
2182,243.24166804467464
2183,244.1626362764408
2184,245.09053224811834
2185,246.02006107946028
2186,246.9512256438675
2187,247.88478188610307
2188,248.8265659245854
2189,249.77000726212108
2190,250.7151088151175
2191,251.66187350511467
2192,252.61742801328924
2193,253.5749325943959
2194,254.53412213861617
2195,255.49499961103868
2196,256.46392731346543
2197,257.4356473873574
2198,258.4090774399331
2199,259.38422048030174
2200,260.3668799085663
2201,261.35296925702096
2202,262.34079387034353
2203,263.3303568021401
2204,264.3271092479156
2205,265.32772320683785
2206,266.3300979901616
2207,267.33423669647055
2208,268.3454462315367
2209,269.36074171343876
2210,270.377823855399
2211,271.39669580146557
2212,272.42272929850134
2213,273.4528648159591
2214,274.4848131080712
2215,275.5185773648405
2216,276.55980451913314
2217,277.60494020931617
2218,278.6519150705477
2219,279.70073233928116
2220,280.7575256915157
2221,281.8178233418692
2222,282.8799868443676
2223,283.94401948241557
2224,285.0167544427267
2225,286.0923775179042
2226,287.1698934139769
2227,288.24930546180593
2228,289.3383603353115
2229,290.4294740054698
2230,291.5225077559276
2231,292.61839402111775
2232,293.7232209795705
2233,294.8299921501384
2234,295.9387109541183
2235,297.05159682235296
2236,298.1722221522778
2237,299.29481949532504
2238,300.4193923217138
2239,301.54966404875944
2240,302.68625792252266
2241,303.82485190987245
2242,304.96544953047714
2243,306.1134963639571
2244,307.2662307854556
2245,308.4209937236859
2246,309.57778874829665
2247,310.7440029631336
2248,311.9130518047936
2249,313.0841578722979
2250,314.2586452605262
2251,315.4421017230313
2252,316.6276407650331
2253,317.8152660513169
2254,319.0088468450395
2255,320.20944827054694
2256,321.41216244620045
2257,322.61699308987755
2258,323.82852111723065
2259,325.0464584751627
2260,326.26653908994444
2261,327.48876673313646
2262,328.7186529930134
2263,329.95411998720454
2264,331.1917610858158
2265,332.4315801146897
2266,333.6802378076158
2267,334.9334309625525
2268,336.18882941530853
2269,337.44643704661803
2270,338.71428164453494
2271,339.98540039640346
2272,341.2587559904437
2273,342.5348196491204
2274,343.82180168447326
2275,345.11104847722805
2276,346.402564012753
2277,347.69854315151684
2278,349.00382657517247
2279,350.31140696187396
2280,351.62128835366093
2281,352.9376036090066
2282,354.2613968232631
2283,355.5875195729384
2284,356.9159759573915
2285,358.2530504793082
2286,359.59556520922655
2287,360.94044241951593
2288,362.28768626750895
2289,363.6459458146572
2290,365.0073972265356
2291,366.37124444237116
2292,367.73918313839226
2293,369.1173647198375
2294,370.49797154595495
2295,371.88100788452397
2296,373.27087045083863
2297,374.66839583602723
2298,376.06838050589624
2299,377.4708287881272
2300,378.8830467950418
2301,380.30014185124
2302,381.71973062959245
2303,383.14245502505014
2304,384.5768254703575
2305,386.01372003797195
2306,387.45314316967034
2307,388.89896604383193
2308,390.3533347741282
2309,391.8102628184485
2310,393.26975468049744
2311,394.73911374155796
2312,396.2137185874549
2313,397.69091835760975
2314,399.17159678524155
2315,400.66405283883046
2316,402.1591352301131
2317,403.6568485807371
2318,405.16180742596885
2319,406.67494850955484
2320,408.19075233103496
2321,409.70922357611073
2322,411.23890428394276
2323,412.77297918455776
2324,414.3097536610639
2325,415.85155583836587
2326,417.40408614156325
2327,418.9593484973043
2328,420.5173477132671
2329,422.0846312323998
2330,423.65856993536244
2331,425.2352783640014
2332,426.815173436221
2333,428.4079809527704
2334,430.0035913991406
2335,431.60200970773406
2336,433.2081454355638
2337,434.82285490457446
2338,436.4404058450565
2339,438.06080325723417
2340,439.6942983733206
2341,441.3319265664959
2342,442.97243656204347
2343,444.61680262604807
2344,446.2746906259214
2345,447.93549608009084
2346,449.5992241224873
2347,451.2693465674544
2348,452.95063244865145
2349,454.6348769582293
2350,456.3220853025764
2351,458.01850019723406
2352,459.72344861395703
2353,461.4313972988649
2354,463.1423515316197
2355,464.86559972423436
2356,466.59447872054244
2357,468.3264000965221
2358,470.0619948998587
2359,471.81199643253177
2360,473.5650775149663
2361,475.3212435663358
2362,477.08462134807854
2363,478.8590570134298
2364,480.63661522614404
2365,482.41730148105717
2366,484.20901594272584
2367,486.00816391075523
2368,487.8104779132496
2369,489.61596352157306
2370,491.436573550004
2371,493.260715679993
2372,495.0880678275441
2373,496.922532300891
2374,498.76870543815875
2375,500.61812736173636
2376,502.47080378860494
2377,504.33570627335155
2378,506.2082427201771
2379,508.0840743457447
2380,509.9632069486736
2381,511.85644345382906
2382,513.7556227326498
2383,515.6581440745267
2384,517.5640133605813
2385,519.4862420751214
2386,521.4123463359699
2387,523.3418400406923
2388,525.2767307614332
2389,527.2266135173094
2390,529.179927560915
2391,531.1366789303828
2392,533.1017507081464
2393,535.0790824186616
2394,537.059893719771
2395,539.044190734605
2396,541.0401164598147
2397,543.0451867875244
2398,545.0537855184161
2399,547.0659188615176
2400,549.0933767912004
2401,551.1264781151307
2402,553.1631571693355
2403,555.205287814663
2404,557.2630940498196
2405,559.3245214893403
2406,561.3895765055566
2407,563.4644643179928
2408,565.5508442704011
2409,567.6408957093034
2410,569.7346250955138
2411,571.8429634763153
2412,573.9582172902973
2413,576.0771934010733
2414,578.2017226208907
2415,580.3423862377166
2416,582.4868168658361
2417,584.6350211341601
2418,586.7947211341741
2419,588.9657404525789
2420,591.1405802002178
2421,593.319247100001
2422,595.5121343441292
2423,597.7138572176806
2424,599.9194545505312
2425,602.128933160669
2426,604.3556981933033
2427,606.58847749827
2428,608.8251859135643
2429,611.0669526167992
2430,613.327168984908
2431,615.5913627452737
2432,617.8595408970173
2433,620.1363856273508
2434,622.4283239302475
2435,624.7242954475287
2436,627.0243072765468
2437,629.3369334130756
2438,631.6609617168448
2439,633.9890797048196
2440,636.3212945737209
2441,638.6704111848261
2442,641.0269030978751
2443,643.3875418223963
2444,645.753519088024
2445,648.1386566856738
2446,650.52799150356
2447,652.9215309276373
2448,655.3252235537301
2449,657.7435308194634
2450,660.1660936751645
2451,662.5929196095019
2452,665.035050929341
2453,667.4869183023993
2454,669.9431003222195
2455,672.4036045813926
2456,674.884904274378
2457,677.3707283382462
2458,679.8609268035452
2459,682.3609550926212
2460,684.8767116678287
2461,687.396895317687
2462,689.9215138326279
2463,692.461962460793
2464,695.0124269259462
2465,697.5673795423181
2466,700.1273969705904
2467,702.7084426747434
2468,705.2940303449142
2469,707.8841679737094
2470,710.4858678147125
2471,713.1023964385313
2472,715.72352946877
2473,718.349275007913
2474,720.9934123267974
2475,723.645852304457
2476,726.3029598828606
2477,728.9680167633039
2478,731.6520804992468
2479,734.3408674852735
2480,737.0343860329992
2481,739.7431624169054
2482,742.463951615978
2483,745.1895286920625
2484,747.920050692077
2485,750.6731705152505
2486,753.4311351086569
2487,756.1939529977557
2488,758.9694867803929
2489,761.7601736702486
2490,764.5557714382501
2491,767.3562887261867
2492,770.177617204548
2493,773.0063362008975
2494,775.8400330016459
2495,778.6844428719976
2496,781.5466306142059
2497,784.4138550568092
2498,787.286125063007
2499,790.1776424073427
2500,793.0787489930191
2501,795.9849607657472
2502,798.9003635723532
2503,801.8357133738858
2504,804.7762286213185
2505,807.7219184044017
2506,810.6860947135748
2507,813.6617889653567
2508,816.6427196583694
2509,819.6299579417291
2510,822.6411199121328
2511,825.6575807374038
2512,828.6793497420532
2513,831.7154045227045
2514,834.767686769647
2515,837.8253402320197
2516,840.8883743616673
2517,843.9742307077794
2518,847.068062514318
2519,850.1673386522637
2520,853.2784133787428
2521,856.4087195141818
2522,859.5445341660082
2523,862.6858670276769
2524,865.8485220950695
2525,869.0211738822802
2526,872.1994087027474
2527,875.3886891090806
2528,878.5984787831453
2529,881.8139168431168
2530,885.0350132285787
2531,888.2776779041822
2532,891.5306226322369
2533,894.7892916873813
2534,898.0600083856119
2535,901.3507653724372
2536,904.6473132257032
2537,907.9496621357164
2538,911.2789604695208
2539,914.6176287338991
2540,917.9621721755797
2541,921.3126011332309
2542,924.688390436714
2543,928.0755526011495
2544,931.468675278998
2545,934.8677689590938
2546,938.291037716371
2547,941.7272870938865
2548,945.1695833649843
2549,948.6179371705036
2550,952.089674952932
2551,955.5756159509523
2552,959.0676912863095
2553,962.5659117537178
2554,966.087109021722
2555,969.6233575686542
2556,973.1658289805347
2557,976.7145342078611
2558,980.2861820811592
2559,983.8733660761495
2560,987.466862568622
2561,991.0666826667976
2562,994.6897726605931
2563,998.3285324476687
2564,1001.9736954915819
2565,1005.6252730602629
2566,1009.300796782548
2567,1012.9917856504209
2568,1016.6892696840862
2569,1020.3932603132072
2570,1024.122209117633
2571,1027.8660938264395
2572,1031.6165667832995
2573,1035.3736395816734
2574,1039.157004169629
2575,1042.9544655059537
2576,1046.7586093705825
2577,1050.5694475228797
2578,1054.40821748759
2579,1058.2599508490962
2580,1062.1184622428539
2581,1065.9837635962922
2582,1069.8788347867783
2583,1073.7854397544072
2584,1077.6989193133243
2585,1081.6192855608745
2586,1085.571921806773
2587,1089.5339777753002
2588,1093.5030059137166
2589,1097.4795567209756
2590,1101.4905902002195
2591,1105.5086820364356
2592,1109.5338446503356
2593,1113.570418378563
2594,1117.637978639501
2595,1121.7126967290706
2596,1125.7945852430228
2597,1129.892571108726
2598,1134.0172530563523
2599,1138.1491933511247
2600,1142.2884047656833
2601,1146.449202739406
2602,1150.6316068827812
2603,1154.8213709485374
2604,1159.0185078880565
2605,1163.2435287929234
2606,1167.4842612932705
2607,1171.732456357898
2608,1175.988127118807
2609,1180.278792729115
2610,1184.5784654483737
2611,1188.8857044505078
2612,1193.2066932531732
2613,1197.5582661899114
2614,1201.9174967397093
2615,1206.2843983777966
2616,1210.6736007836585
2617,1215.085249245313
2618,1219.5046610364257
2619,1223.931849818253
2620,1228.3907184999275
2621,1232.863070640916
2622,1237.3432929331248
2623,1241.8356723936593
2624,1246.3613981831904
2625,1250.8950880469322
2626,1255.436755999385
2627,1260.0014261159026
2628,1264.5890207392076
2629,1269.1846883088115
2630,1273.7884430307954
2631,1278.4268881537073
2632,1283.0769964500332
2633,1287.735287699468
2634,1292.4104990822034
2635,1297.1154923870251
2636,1301.8287652274903
2637,1306.5503321732158
2638,1311.3019998356692
2639,1316.0707025286756
2640,1320.8477968682398
2641,1325.6383543476593
2642,1330.462938372997
2643,1335.2960123806588
2644,1340.1375913105846
2645,1345.007323470688
2646,1349.8968326652005
2647,1354.7949460923621
2648,1359.7057205563906
2649,1364.6521237216493
2650,1369.6072312372664
2651,1374.571058420402
2652,1379.5637636792344
2653,1384.5763281663615
2654,1389.5977134294278
2655,1394.633642881133
2656,1399.7041305356406
2657,1404.7835408948754
2658,1409.871889660235
2659,1414.9925443207687
2660,1420.130450132352
2661,1425.2773972858981
2662,1430.4434879019848
2663,1435.6403628834441
2664,1440.8463829762975
2665,1446.0615642733164
2666,1451.3242934563386
2667,1456.5997902784793
2668,1461.884570564698
2669,1467.178650651218
2670,1472.5027680804048
2671,1477.8577336300912
2672,1483.222122486801
2673,1488.5959512328382
2674,1493.9834986287758
2675,1499.4187878011585
2676,1504.86364162787
2677,1510.3180769399412
2678,1515.7821105980224
2679,1521.287587882169
2680,1526.8137711707334
2681,1532.3496790619345
2682,1537.8953286682647
2683,1543.4688095290055
2684,1549.077194935005
2685,1554.6954495965292
2686,1560.3235908806118
2687,1565.9671693052771
2688,1571.6586377199828
2689,1577.3601215932022
2690,1583.0716385492422
2691,1588.7932062434325
2692,1594.5628656503593
2693,1600.3484694995857
2694,1606.1442544593701
2695,1611.950238445525
2696,1617.7946865249155
2697,1623.6653095107492
2698,1629.5462632171286
2699,1635.4375658231331
2700,1641.3589501680162
2701,1647.3154999212843
2702,1653.2825316022406
2703,1659.260063656042
2704,1665.2605487839255
2705,1671.3039414802809
2706,1677.3579689236622
2707,1683.422649828132
2708,1689.5044173141655
2709,1695.6355777493425
2710,1701.777527378238
2711,1707.9302851866903
2712,1714.0955337978774
2713,1720.3153954634868
2714,1726.5462024121657
2715,1732.787973904422
2716,1739.0407292346588
2717,1745.3484248949312
2718,1751.669033085528
2719,1758.000763844737
2720,1764.3436367450327
2721,1770.7397402200884
2722,1777.15110243984
2723,1783.5737469298526
2724,1790.0076935436234
2725,1796.4944598893392
2726,1802.9975378685142
2727,1809.5120595119472
2728,1816.0380449571405
2729,1822.6177470000018
2730,1829.2135114905122
2731,1835.820882747504
2732,1842.4398811954877
2733,1849.1148096723796
2734,1855.8042405269857
2735,1862.5054429745353
2736,1869.2187323655417
2737,1875.990901428768
2738,1882.7749876810362
2739,1889.5710120931026
2740,1896.3836668478261
2741,1903.2513215757763
2742,1910.1310615206405
2743,1917.0229079488508
2744,1923.9372693293708
2745,1930.9014155895838
2746,1937.8778168645988
2747,1944.8664947196378
2748,1951.8849224364067
2749,1958.946575504481
2750,1966.020655171815
2751,1973.1071833055662
2752,1980.2320556625991
2753,1987.3922403046356
2754,1994.5650249336627
2755,2001.750431721942
2756,2008.9841457631003
2757,2016.2438963189154
2758,2023.5164220695635
2759,2030.801745495627
2760,2038.1467171521274
2761,2045.5070776191717
2762,2052.8803903260045
2763,2060.276426258524
2764,2067.7253423037387
2765,2075.187366421617
2766,2082.662521678493
2767,2090.174179345723
2768,2097.725642155696
2769,2105.2903934915503
2770,2112.868456737157
2771,2120.4982053472604
2772,2128.1532865169643
2773,2135.8218385514324
2774,2143.5080633841926
2775,2151.2542133711427
2776,2159.013994478254
2777,2166.787430692256
2778,2174.59620639793
2779,2182.447962133918
2780,2190.3135348261394
2781,2198.1929487883344
2782,2206.126799021983
2783,2214.085260377353
2784,2222.0577264604535
2785,2230.053582659114
2786,2238.105690214569
2787,2246.1719672885374
2788,2254.2524388151614
2789,2262.3779273816826
2790,2270.5387797134304
2791,2278.713992923466
2792,2286.9050952254665
2793,2295.161292514592
2794,2303.4320184620656
2795,2311.717298634001
2796,2320.042654938776
2797,2328.409670156028
2798,2336.7914090394975
2799,2345.187897498445
2800,2353.6501233634663
2801,2362.1291043815286
2802,2370.6230060935677
2803,2379.1565742060484
2804,2387.7335863426006
2805,2396.3256916799974
2806,2404.9329167777546
2807,2413.608077536883
2808,2422.2991824793667
2809,2431.00558139331
2810,2439.7558216425396
2811,2448.546727814429
2812,2457.353103579475
2813,2466.1814993098365
2814,2475.088015648955
2815,2484.0102050222936
2816,2492.948095009704
2817,2501.901713239555
2818,2510.9223132598963
2819,2519.977190460291
2820,2529.0480017673713
2821,2538.1347752203737
2822,2547.2663231801102
2823,2556.455306148977
2824,2565.660459212267
2825,2574.881810824481
2826,2584.127719919372
2827,2593.4522400262513
2828,2602.7931687340433
2829,2612.150534916946
2830,2621.5243674999642
2831,2630.975746535579
2832,2640.4538983430734
2833,2649.9487290989296
2834,2659.4602681530614
2835,2669.0336472195677
2836,2678.6504832651617
2837,2688.2842423035013
2838,2697.9349541139422
2839,2707.6338313161755
2840,2717.390826538918
2841,2727.164991394213
2842,2736.956356095418
2843,2746.784256357883
2844,2756.682899616021
2845,2766.598961766429
2846,2776.5324734610926
2847,2786.4929487737213
2848,2796.5347429644025
2849,2806.59420795169
2850,2816.671374830841
2851,2826.768004494494
2852,2836.9544666745574
2853,2847.1588542250925
2854,2857.3811986893274
2855,2867.6215316659745
2856,2877.9502510690854
2857,2888.301095216018
2858,2898.6701539978876
2859,2909.0574594669133
2860,2919.5303473157055
2861,2930.0291965222314
2862,2940.5465208097316
2863,2951.0823526887198
2864,2961.70307804371
2865,2972.3514953275544
2866,2983.0186508888078
2867,2993.7045777011263
2868,3004.4768379642564
2869,3015.2764010232204
2870,3026.0949683322688
2871,3036.932573333086
2872,3047.8600944942973
2873,3058.81239583305
2874,3069.7839701968574
2875,3080.774851500355
2876,3091.8613883845564
2877,3102.968035442487
2878,3114.0942271290073
2879,3125.2465033439807
2880,3136.489334351387
2881,3147.7519496317373
2882,3159.0343839992947
2883,3170.352461639175
2884,3181.7526217130453
2885,3193.1728429131185
2886,3204.6131605408264
2887,3216.1008757704403
2888,3227.66001502988
2889,3239.2394951724527
2890,3250.839351991865
2891,3262.500570754013
2892,3274.2203547491195
2893,3285.960762315107
2894,3297.7218297431236
2895,3309.5604480087536
2896,3321.4425578541345
2897,3333.345576916359
2898,3345.2695419892
2899,3357.2894860085394
2900,3369.3356185181196
2901,3381.40294887634
2902,3393.5095360624014
2903,3405.7174230315964
2904,3417.946792490386
2905,3430.1976822413226
2906,3442.470130153465
2907,3454.8285124010763
2908,3467.243287278375
2909,3479.6799087071286
2910,3492.1384151305083
2911,3504.633161039288
2912,3517.235544255335
2913,3529.8601041585766
2914,3542.5068797731096
2915,3555.175910191718
2916,3567.9341042516835
2917,3580.748845210323
2918,3593.5861365431483
2919,3606.446017931815
2920,3619.349609289642
2921,3632.3568110279734
2922,3645.386901814945
2923,3658.4399219281645
2924,3671.515911716122
2925,3684.6947852057274
2926,3697.9199978396086
2927,3711.1684831567995
2928,3724.44028210998
2929,3737.773657712409
2930,3751.1963547837067
2931,3764.642672052768
2932,3778.112651083775
2933,3791.6063335140607
2934,3805.230590850155
2935,3818.880799222298
2936,3832.5550281446463
2937,3846.253319885878
2938,3860.026914205202
2939,3873.883204539669
2940,3887.7638780677844
2941,3901.6689776963553
2942,3915.598546407671
2943,3929.6617968040514
2944,3943.751130339536
2945,3957.865257155416
2946,3972.0042208800933
2947,3986.2285881025527
2948,4000.528817915706
2949,4014.8542121242826
2950,4029.2048150097194
2951,4043.5956946793485
2952,4058.109078092778
2953,4072.648000988787
2954,4087.2125083088395
2955,4101.802645073467
2956,4116.504153386828
2957,4131.258887539764
2958,4146.039585880482
2959,4160.8462940977715
2960,4175.726392419552
2961,4190.699241860761
2962,4205.69843930781
2963,4220.724031124876
2964,4235.788250811815
2965,4250.9815412230455
2966,4266.201567550591
2967,4281.448376841216
2968,4296.722016224488
2969,4312.118370987907
2970,4327.561577849241
2971,4343.031960404845
2972,4358.529566475335
2973,4374.122425516603
2974,4389.79118663627
2975,4405.487520358336
2976,4421.211475201836
2977,4437.011164246254
2978,4452.920462046997
2979,4468.857755722963
2980,4484.823094537999
2981,4500.816527842645
2982,4516.935235806446
2983,4533.116331339401
2984,4549.325901029862
2985,4565.563994983285
2986,4581.849196124099
2987,4598.27698057251
2988,4614.733673277123
2989,4631.219325107254
2990,4647.73398702175
2991,4664.354375824844
2992,4681.0625711394
2993,4697.80016814872
2994,4714.567218590428
2995,4731.363774293144
2996,4748.322545170299
2997,4765.314907054665
2998,4782.337170681138
2999,4799.389388667216
3000,4816.528152376048
3001,4833.7781314219665
3002,4851.058465538773
3003,4868.3692081416575
3004,4885.710412739809
3005,4903.204566155732
3006,4920.745861317303
3007,4938.318024177823
3008,4955.921109054524
3009,4973.609073409082
3010,4991.41425404123
3011,5009.250766731183
3012,5027.118666613283
3013,5045.018008918909
3014,5063.078679640093
3015,5081.182506307926
3016,5099.318190559756
3017,5117.485788454685
3018,5135.754316060991
3019,5154.128456100608
3020,5172.534929393978
3021,5190.973792837212
3022,5209.456485463451
3023,5228.103974207303
3024,5246.78427721582
3025,5265.497452231496
3026,5284.243557098436
3027,5303.124565938694
3028,5322.081776057259
3029,5341.072345455441
3030,5360.096332834766
3031,5379.205886217409
3032,5398.443118308293
3033,5417.714202432335
3034,5437.019198158125
3035,5456.364130464061
3036,5475.894803537898
3037,5495.459845011861
3038,5515.05931536316
3039,5534.693275175443
3040,5554.433097894833
3041,5574.295255525069
3042,5594.192364866626
3043,5614.124487423157
3044,5634.0916848065
3045,5654.237636693084
3046,5674.435579177922
3047,5694.669064252308
3048,5714.938154459591
3049,5735.304339706736
3050,5755.806339536159
3051,5776.344417003167
3052,5796.918635592602
3053,5817.529058901014
3054,5838.322177158622
3055,5859.168107258096
3056,5880.050720206394
3057,5900.970080553306
3058,5922.00077450066
3059,5943.157848103804
3060,5964.352152072947
3061,5985.583751921303
3062,6006.85996652609
3063,6028.331505403935
3064,6049.840828010092
3065,6071.388000831492
3066,6092.973090472086
3067,6114.707099081993
3068,6136.534799166803
3069,6158.400909713255
3070,6180.305498311124
3071,6202.302804414869
3072,6224.452272318899
3073,6246.640716896781
3074,6268.868206734583
3075,6291.1369533367115
3076,6313.611611175269
3077,6336.125817921566
3078,6358.679643168592
3079,6381.273156631806
3080,6404.031337694728
3081,6426.874766855723
3082,6449.758393847051
3083,6472.682289403575
3084,6495.730133413791
3085,6518.906277625906
3086,6542.123205143747
3087,6565.380987732393
3088,6588.726840784907
3089,6612.239225358049
3090,6635.7929849155835
3091,6659.38819226371
3092,6683.0404645259405
3093,6706.892647729097
3094,6730.786803856585
3095,6754.723006766748
3096,6778.70133044794
3097,6802.88574632963
3098,6827.123896863029
3099,6851.404699502088
3100,6875.728229300285
3101,6900.2378880378155
3102,6924.823664409748
3103,6949.452704600315
3104,6974.125084739387
3105,6998.9686064042635
3106,7023.905673937382
3107,7048.886623451746
3108,7073.91153216496
3109,7099.097603048191
3110,7124.3896612510825
3111,7149.726226107646
3112,7175.1073759346355
3113,7200.644749065133
3114,7226.295531930737
3115,7251.991452692872
3116,7277.7325907790355
3117,7303.63008644603
3118,7329.643362752411
3119,7355.702414829852
3120,7381.80732322826
3121,7408.073829507704
3122,7434.453403121411
3123,7460.879397074105
3124,7487.351893049899
3125,7513.996366335016
3126,7540.746076517121
3127,7567.542858361815
3128,7594.3867946993
3129,7621.4182602352175
3130,7648.541981949665
3131,7675.713433468819
3132,7702.93269878096
3133,7730.360251203324
3134,7757.861895427992
3135,7785.411934481367
3136,7813.0104535219
3137,7840.843257399946
3138,7868.726771440518
3139,7896.659352279568
3140,7924.668667232126
3141,7952.888376641436
3142,7981.157744447429
3143,8009.476858031948
3144,8037.907988664219
3145,8066.5168879011635
3146,8095.176130385056
3147,8123.8858047028225
3148,8152.748112690879
3149,8181.750252824093
3150,8210.803428182891
3151,8239.907728571827
3152,8269.210647612126
3153,8298.610117253027
3154,8328.061321292576
3155,8357.56881022599
3156,8387.317387138302
3157,8417.11831276762
3158,8446.9716792297
3159,8476.93682686768
3160,8507.090311938897
3161,8537.29685823576
3162,8567.556559127755
3163,8597.98900214696
3164,8628.551591203634
3165,8659.167961377638
3166,8689.838207305203
3167,8720.74765655123
3168,8751.723584216723
3169,8782.754020342578
3170,8813.896908165694
3171,8845.235301912053
3172,8876.628841943617
3173,8908.077625298769
3174,8939.71506480788
3175,8971.474643002488
3176,9003.290108631038
3177,9035.17489980335
3178,9067.303471103316
3179,9099.488579147146
3180,9131.73032341987
3181,9164.12745100169
3182,9196.685182460047
3183,9229.3002058452
3184,9261.972621971005
3185,9294.892141975652
3186,9327.883451749381
3187,9360.932816407105
3188,9394.163072516794
3189,9427.637634684232
3190,9461.171102106997
3191,9494.763578437822
3192,9528.415167511748
3193,9562.160664872585
3194,9596.242209381277
3195,9630.383727238057
3196,9664.585323975009
3197,9698.847105309913
3198,9733.169177146618
3199,9767.826091733477
3200,9802.583692619199
3201,9837.40245649149
3202,9872.28249097578
3203,9907.223903886803
3204,9942.443438230006
3205,9977.825248453415
3206,10013.269320069012
3207,10048.775762634932
3208,10084.344685902066
3209,10120.1489852645
3210,10156.16322587373
3211,10192.240840746583
3212,10228.381941399388
3213,10264.586639544701
3214,10300.998055210715
3215,10337.653043031667
3216,10374.372532622048
3217,10411.156637482183
3218,10448.005471312059
3219,10485.046562569187
3220,10522.350711256016
3221,10559.720504022884
3222,10597.15605638006
3223,10634.657484041089
3224,10672.351020181704
3225,10710.312841278897
3226,10748.341463743665
3227,10786.43700512265
3228,10824.599583169309
3229,10862.968545512393
3230,10901.596649528803
3231,10940.292727351438
3232,10979.056898589984
3233,11017.889283064545
3234,11056.95686699789
3235,11096.259964492936
3236,11135.632223560056
3237,11175.073765898866
3238,11214.584713423126
3239,11254.37433046688
3240,11294.361233149382
3241,11334.41850067486
3242,11374.546256860209
3243,11414.74462574016
3244,11455.279905632047
3245,11495.959527471205
3246,11536.710733109316
3247,11577.533648508104
3248,11618.428399850987
3249,11659.733192533335
3250,11701.114550761105
3251,11742.568727610547
3252,11784.095851216152
3253,11825.776150962765
3254,11867.794426289778
3255,11909.886641002275
3256,11952.052925206826
3257,11994.29340923896
3258,12036.787393625202
3259,12079.524486129641
3260,12122.336782897584
3261,12165.224416261291
3262,12208.187518785831
3263,12251.519675696065
3264,12294.984901175112
3265,12338.526612187752
3266,12382.144943320714
3267,12425.909940296437
3268,12470.035075377156
3269,12514.237857212862
3270,12558.518422433615
3271,12602.87690790979
3272,12647.525428500794
3273,12692.396350758345
3274,12737.346232105267
3275,12782.375211480705
3276,12827.494381908924
3277,12873.04057211815
3278,12918.66690966267
3279,12964.373535572427
3280,13010.160591125537
3281,13056.209351268137
3282,13102.51935207271
3283,13148.910844260774
3284,13195.38397122721
3285,13241.941847984193
3286,13288.942786714
3287,13336.026432646002
3288,13383.192931314396
3289,13430.442428509547
3290,13477.97677415751
3291,13525.759929641506
3292,13573.627168763158
3293,13621.578639478674
3294,13669.661210975019
3295,13718.151300790632
3296,13766.726718209737
3297,13815.38761337739
3298,13864.134136702754
3299,13913.240851112661
3300,13962.5319544054
3301,14011.90979481162
3302,14061.374524956433
3303,14111.06922797935
3304,14161.083595101962
3305,14211.185972037054
3306,14261.376513649153
3307,14311.677424022955
3308,14362.422703969454
3309,14413.25727988651
3310,14464.181308901747
3311,14515.194948419223
3312,14566.590693547969
3313,14618.16520273216
3314,14669.830467044841
3315,14721.586646181055
3316,14773.629328235445
3317,14825.951577483567
3318,14878.365897627174
3319,14930.872450676528
3320,14983.580727312306
3321,15036.658596624075
3322,15089.82986646384
3323,15143.0947011815
3324,15196.487368007362
3325,15250.328811288433
3326,15304.264998725579
3327,15358.296097032877
3328,15412.422273217653
3329,15467.005134383326
3330,15521.714282072135
3331,15576.519700775047
3332,15631.421559892664
3333,15686.730843754607
3334,15742.221069832953
3335,15797.80894135385
3336,15853.494630136272
3337,15909.549585403967
3338,15965.829084238343
3339,16022.207617362303
3340,16078.685359038613
3341,16135.505376759633
3342,16192.582419705399
3343,16249.759900341885
3344,16307.037995401226
3345,16364.642610004432
3346,16422.525546182624
3347,16480.510338143562
3348,16538.597165114577
3349,16597.006055466758
3350,16655.703312558246
3351,16714.503858353622
3352,16773.407874601508
3353,16832.65932061772
3354,16892.212871556887
3355,16951.871217979253
3356,17011.634544284665
3357,17071.621386999188
3358,17132.04034725238
3359,17192.56562580739
3360,17253.197409743545
3361,17313.940952690195
3362,17375.23453079168
3363,17436.635966216694
3364,17498.145448752537
3365,17559.76316852053
3366,17621.844635855443
3367,17684.13154766544
3368,17746.528064714275
3369,17809.03437986486
3370,17871.920303743234
3371,17935.102107863517
3372,17998.39509191862
3373,18061.79945154219
3374,18125.53118168482
3375,18189.663127335185
3376,18253.907924836367
3377,18318.26577276375
3378,18382.736870042132
3379,18447.769480777362
3380,18512.976454036918
3381,18578.29817081363
3382,18643.734833011356
3383,18709.475797863448
3384,18775.655450308994
3385,18841.951557844142
3386,18908.364325384337
3387,18974.893958205546
3388,19042.00011309635
3389,19109.281278788843
3390,19176.68083784037
3391,19244.198998576896
3392,19312.06608102001
3393,19380.343122177102
3394,19448.740309080993
3395,19517.25785314105
3396,19585.909442773827
3397,19655.193331312807
3398,19724.59913729215
3399,19794.12707523858
3400,19863.777360056156
3401,19933.88861593843
3402,20004.314192106674
3403,20074.863694674008
3404,20145.537341701853
3405,20216.48616444064
3406,20287.942827128252
3407,20359.52523055874
3408,20431.23359598592
3409,20503.068145052905
3410,20575.54289306535
3411,20648.169704787404
3412,20720.924316290344
3413,20793.806952450912
3414,20867.172751521888
3415,20940.8556561958
3416,21014.668218994637
3417,21088.610668064965
3418,21162.891289490944
3419,21237.642155449284
3420,21312.524558759626
3421,21387.53873087507
3422,21462.75793459892
3423,21538.588820711142
3424,21614.553144620706
3425,21690.651141124603
3426,21766.88304543303
3427,21843.755834140138
3428,21920.814356941788
3429,21998.008477731408
3430,22075.33843510688
3431,22153.26509571428
3432,22231.51643914869
3433,22309.905479505367
3434,22388.43245907529
3435,22467.09762057579
3436,22546.488487052942
3437,22626.08524301111
3438,22705.822063325177
3439,22785.699194451692
3440,22865.800371499754
3441,22946.61776042015
3442,23027.57736156776
3443,23108.679425178354
3444,23189.92420192807
3445,23271.573610087587
3446,23353.769054834444
3447,23436.109136679323
3448,23518.59411012472
3449,23601.224230120722
3450,23684.468436668314
3451,23768.059746565268
3452,23851.798149767317
3453,23935.683905098518
3454,24019.747398360792
3455,24104.603271390646
3456,24189.60846289382
3457,24274.76323560957
3458,24360.06785273947
3459,24445.8123319729
3460,24532.09779702003
3461,24618.53509609096
3462,24705.12449635108
3463,24791.86626543595
3464,24879.339510545276
3465,24967.072973097325
3466,25054.96081760863
3467,25143.003315727798
3468,25231.407578230774
3469,25320.450970795973
3470,25409.651050313194
3471,25499.008092486678
3472,25588.52237350566
3473,25678.743816538063
3474,25769.270052720498
3475,25859.955585103227
3476,25950.80069398134
3477,26042.026866508386
3478,26133.893313208697
3479,26225.921414381475
3480,26318.11145447121
3481,26410.46371842283
3482,26503.596956028105
3483,26596.981838307336
3484,26690.53104693204
3485,26784.24487104785
3486,26878.457747136068
3487,26973.213757902467
3488,27068.13650768745
3489,27163.226289881768
3490,27258.553100119923
3491,27354.694723167053
3492,27451.005523390482
3493,27547.485798470854
3494,27644.13584661267
3495,27741.50293911479
3496,27839.216437078772
3497,27937.101878119658
3498,28035.15956478464
3499,28133.71727190364
3500,28232.848254326524
3501,28332.153674063684
3502,28431.63383805095
3503,28531.417255066175
3504,28631.98064949622
3505,28732.721001743234
3506,28833.63862317779
3507,28934.733825718373
3508,29036.69397209539
3509,29138.884353181933
3510,29241.254554955733
3511,29343.80489382458
3512,29447.10118705476
3513,29550.801370622514
3514,29654.684031556397
3515,29758.749490938542
3516,29863.224950306478
3517,29968.450822238006
3518,30073.86185616597
3519,30179.458377896062
3520,30285.240713807354
3521,30391.919114008455
3522,30498.874582036777
3523,30606.01825548076
3524,30713.35046550109
3525,30821.293370454277
3526,30929.80948223114
3527,31038.51654555822
3528,31147.414896427956
3529,31256.66144062483
3530,31366.754555631174
3531,31477.04139710691
3532,31587.522305926876
3533,31698.197623565477
3534,31809.79853299899
3535,31921.681692292666
3536,32033.761727833695
3537,32146.038986038737
3538,32259.10923338524
3539,32372.73017446896
3540,32486.551049628895
3541,32600.572210661878
3542,32714.79400998367
3543,32829.93778158852
3544,32945.518007727806
3545,33061.30161552003
3546,33177.28896282786
3547,33293.48040814376
3548,33410.764695727004
3549,33528.32946591908
3550,33646.10110978392
3551,33764.07999132826
3552,33882.394044797256
3553,34001.758866191754
3554,34121.33372865087
3555,34241.11900175426
3556,34361.115055731905
3557,34481.69376661734
3558,34603.0909446606
3559,34724.70173991401
3560,34846.52652824944
3561,34968.5656861999
3562,35091.477737473266
3563,35214.933362234384
3564,35338.60622625641
3565,35462.49671178393
3566,35586.605201734266
3567,35711.91988814242
3568,35837.46034778048
3569,35963.22171515979
3570,36089.20437897945
3571,36215.768207187895
3572,36343.19596250793
3573,36470.847946466885
3574,36598.72455360685
3575,36726.8261791641
3576,36855.949344478475
3577,36985.549110136875
3578,37115.37692630436
3579,37245.43319424748
3580,37375.753174373844
3581,37507.32337676839
3582,37639.12509686168
3583,37771.158742020605
3584,37903.424720328694
3585,38036.27963667098
3586,38170.0783023954
3587,38304.11240701729
3588,38438.382364802776
3589,38572.88859074667
3590,38708.38490279484
3591,38844.500480746465
3592,38980.85557442846
3593,39117.45060527971
3594,39254.28599548067
3595,39392.248788360484
3596,39530.71113191478
3597,39669.41712055831
3598,39808.36718299538
3599,39947.56174868452
3600,40088.07119511517
3601,40228.910498892576
3602,40369.99763024454
3603,40511.33302523435
3604,40653.05891532443
3605,40796.05409777807
3606,40939.30090128734
3607,41082.79976858997
3608,41226.551143202334
3609,41370.972278089204
3610,41516.40156533122
3611,41662.08675665837
3612,41808.028302343875
3613,41954.22665345312
3614,42101.42520500817
3615,42249.31978256051
3616,42397.474602096976
3617,42545.890121523036
3618,42694.56679954968
3619,42844.62566298931
3620,42995.017071821865
3621,43145.67311603252
3622,43296.5942612567
3623,43448.13224663479
3624,43600.78377469895
3625,43753.70391502987
3626,43906.893140260036
3627,44060.351923853224
3628,44214.90381623652
3629,44370.111840732505
3630,44525.59297586758
3631,44681.34770218853
3632,44837.50735284662
3633,44995.027268117985
3634,45152.82436200691
3635,45310.89912221747
3636,45469.252037311875
3637,45628.58163358339
3638,45788.71895590036
3639,45949.13806237619
3640,46109.839448817955
3641,46270.90744367474
3642,46433.4094868093
3643,46596.197475033056
3644,46759.27191147398
3645,46922.63330014543
3646,47087.02976484772
3647,47252.21139531872
3648,47417.68368582291
3649,47583.44714778405
3650,47749.714689867484
3651,47917.31495002608
3652,48085.21012599809
3653,48253.40073669482
3654,48421.887301940296
3655,48591.64436658136
3656,48761.987688710054
3657,48932.630753276
3658,49103.574087682304
3659,49275.350259186554
3660,49448.19976195914
3661,49621.353416996186
3662,49794.81175945953
3663,49968.57532545238
3664,50143.914010676126
3665,50319.603867721176
3666,50495.60287484026
3667,50671.91157598819
3668,50849.273767243845
3669,51027.52567842041
3670,51206.091247803866
3671,51384.97102728057
3672,51564.42340141041
3673,51745.26346132312
3674,51926.421733487026
3675,52107.898777801216
3676,52289.69515514953
3677,52472.96288082637
3678,52656.740241115425
3679,52840.84098203467
3680,53025.26567257606
3681,53210.770666341254
3682,53397.19374687102
3683,53583.94486336804
3684,53771.02459301488
3685,53958.83462508236
3686,54147.930306702285
3687,54337.358726921295
3688,54527.120471195645
3689,54717.30365480501
3690,54909.09906908261
3691,55101.23197232689
3692,55293.702958351896
3693,55486.512622016366
3694,55680.85028772433
3695,55875.71510646405
3696,56070.922814974954
3697,56266.47401657306
3698,56463.33533425296
3699,56660.95975615364
3700,56858.93192353001
3701,57057.25244824108
3702,57256.70671084912
3703,57457.11868082069
3704,57657.88330113896
3705,57859.0011922925
3706,58061.118062862915
3707,58264.34578512907
3708,58467.9311122356
3709,58671.87467338812
3710,58876.72419140626
3711,59082.79613159457
3712,59289.230681199486
3713,59496.02847823161
3714,59703.6810659283
3715,59912.6259531807
3716,60121.938504972095
3717,60331.61936820697
3718,60542.14583677948
3719,60753.99266588342
3720,60966.212265662165
3721,61178.805292003664
3722,61392.276847767534
3723,61607.05488130774
3724,61822.21084314297
3725,62037.7453982353
3726,62254.23364871162
3727,62471.972419242265
3728,62690.09432764777
3729,62908.60004805539
3730,63128.17700799729
3731,63348.9063202354
3732,63570.02403236614
3733,63791.53082777446
3734,64014.423000632916
3735,64238.44077727682
3736,64462.852740054775
3737,64687.659582531865
3738,64912.86346743775
3739,65140.204159141
3740,65367.94488383211
3741,65596.08634536291
3742,65824.62924882348
3743,66054.38414145584
3744,66285.48847425556
3745,66516.99946234368
3746,66748.91782122286
3747,66981.2442676548
3748,67215.67302345336
3749,67450.58878610062
3750,67685.91791041532
3751,67921.66112369916
3752,68158.6895587763
3753,68397.0456897414
3754,68635.8212358735
3755,68875.01693512453
3756,69114.73063691064
3757,69356.56308126728
3758,69598.82105753178
3759,69841.50531441745
3760,70084.61660195452
3761,70329.33541852969
3762,70575.1121910677
3763,70821.32143571097
3764,71067.96391338266
3765,71315.55872480255
3766,71564.89102383138
3767,71814.66205107191
3768,72064.87257845397
3769,72315.52337926524
3770,72568.35553150947
3771,72821.72550755671
3772,73075.54131624776
3773,73329.80374201137
3774,73585.70529562418
3775,73842.71176514265
3776,74100.17046586238
3777,74358.08219346908
3778,74617.14152198313
3779,74877.82241565263
3780,75138.96200581461
3781,75400.56109952989
3782,75662.86706020728
3783,75927.26070280855
3784,76192.11957462107
3785,76457.44449419876
3786,76723.23628153505
3787,76991.23154356975
3788,77259.84849271245
3789,77528.93810208778
3790,77798.50120332271
3791,78069.94155092673
3792,78342.35578586909
3793,78615.24936249347
3794,78888.6231241815
3795,79163.59905835566
3796,79439.85021038126
3797,79716.58745526375
3798,79993.81164826217
3799,80272.41414615458
3800,80552.54228016573
3801,80833.16332869674
3802,81114.27815900838
3803,81396.59866991815
3804,81680.6442961026
3805,81965.18972974188
3806,82250.2358502233
3807,82536.36629143705
3808,82824.37037789232
3809,83112.88123681441
3810,83401.89975984413
3811,83691.93251235709
3812,83983.93649876963
3813,84276.4542955677
3814,84569.48680677373
3815,84863.51471095538
3816,85159.56052345355
3817,85456.12725801834
3818,85753.21583118376
3819,86051.33218246336
3820,86351.46224976961
3821,86652.12042547013
3822,86953.3076387418
3823,87255.60618340119
3824,87559.86345442526
3825,87864.65609573293
3826,88169.98504927671
3827,88476.55998045225
3828,88784.98794348702
3829,89093.9586152051
3830,89403.4729504693
3831,89714.51281514493
3832,90027.37130935234
3833,90340.78030784278
3834,90654.7407791942
3835,90969.55644583987
3836,91286.89112461415
3837,91604.78418359053
3838,91923.23660520285
3839,92242.24937361274
3840,92563.79480981821
3841,92886.21809002206
3842,93209.20870384834
3843,93532.76764948196
3844,93858.33175816479
3845,94185.33185101954
3846,94512.90733045236
3847,94841.05920881542
3848,95170.88087933448
3849,95502.8109419743
3850,95835.32506554668
3851,96168.42427766437
3852,96502.1096077476
3853,96838.20234673389
3854,97175.70627512924
3855,97513.80407169269
3856,97852.49678129032
3857,98191.7888693662
3858,98534.49205981201
3859,98877.798266593
3860,99221.70855066928
3861,99566.22397486778
3862,99911.56149974087
3863,100260.13037555957
3864,100609.31258839282
3865,100959.1092173579
3866,101309.52134346987
3867,101661.1020824731
3868,102015.61107220045
3869,102370.74385056378
3870,102726.50151506685
3871,103082.88516514411
3872,103440.90850616005
3873,103801.43287739647
3874,104162.59162130742
3875,104524.38585401651
3876,104886.8166936113
3877,105251.48365108993
3878,105618.09951935659
3879,105985.36047824507
3880,106353.26766273496
3881,106721.82220980164
3882,107093.33544074789
3883,107466.11977846254
3884,107839.56006016294
3885,108213.65743992155
3886,108588.6120112443
3887,108966.97689386384
3888,109346.0075394249
3889,109725.70511927399
3890,110106.07080681811
3891,110488.24738221243
3892,110872.92617700413
3893,111258.28184397465
3894,111644.31557401405
3895,112031.0285601076
3896,112420.63449252094
3897,112811.70665771175
3898,113203.46694410671
3899,113595.91656238571
3900,113989.4743157299
3901,114386.48037590375
3902,114784.1849979253
3903,115182.589410842
3904,115581.69484586264
3905,115982.52973541015
3906,116386.2400735614
3907,116790.66076960372
3908,117195.79307333576
3909,117601.63823675462
3910,118009.97351287026
3911,118420.47253323748
3912,118831.69385602746
3913,119243.63875205148
3914,119656.30849435709
3915,120072.36919042972
3916,120489.74224096721
3917,120907.84968860717
3918,121326.69282543856
3919,121746.69784501307
3920,122170.28589503372
3921,122594.61927733703
3922,123019.69930324859
3923,123445.52728640077
3924,123873.67512618963
3925,124304.29839499362
3926,124735.67937433039
3927,125167.81939730137
3928,125600.71979935266
3929,126037.24058561091
3930,126474.98715731542
3931,126913.50397276366
3932,127352.79238710503
3933,127793.80208211976
3934,128237.97946458173
3935,128682.938405632
3936,129128.68028032497
3937,129575.20646613439
3938,130025.01582408563
3939,130476.48280923153
3940,130928.74417873657
3941,131381.80133021783
3942,131836.45850137016
3943,132294.50003942612
3944,132753.34752956196
3945,133213.0023897444
3946,133673.46604043472
3947,134137.35571685474
3948,134602.85654980305
3949,135069.17645912766
3950,135536.31688588334
3951,136005.41824935036
3952,136477.6402487089
3953,136950.69315009032
3954,137424.5784153529
3955,137899.29750892578
3956,138378.0704504315
3957,138857.92489436982
3958,139338.62366923448
3959,139820.16826050737
3960,140304.52181687634
3961,140791.24696662082
3962,141278.82853601009
3963,141767.26803179222
3964,142257.37187075207
3965,142751.03750751464
3966,143245.57177540028
3967,143740.97620263914
3968,144237.2523201483
3969,144737.67754703877
3970,145239.2350417194
3971,145741.67505278726
3972,146244.9991328975
3973,146751.55102800758
3974,147260.20290744363
3975,147769.74978548184
3976,148280.1932367356
3977,148793.04482979383
3978,149308.86288699813
3979,149825.58855131784
3980,150343.2234195466
3981,150862.54879227668
3982,151385.60546076324
3983,151909.5824723029
3984,152434.48144609353
3985,152960.45574001226
3986,153490.824099311
3987,154022.12566616113
3988,154554.36208239075
3989,155087.5349927158
3990,155624.91528789426
3991,156163.6152708848
3992,156703.26312031783
3993,157243.86050380865
3994,157788.27855117767
3995,158334.45146952698
3996,158881.58540247448
3997,159429.6820407646
3998,159981.31647822272
3999,160535.03751526793
4000,161089.7328473273
4001,161645.40418850712
4002,162204.4347477727
4003,162765.77975675865
4004,163328.1124746134
4005,163891.4346390397
4006,164458.04215378984
4007,165027.08766375048
4008,165597.13443106163
4009,166168.1842172592
4010,166742.5506313389
4011,167319.37385304595
4012,167897.21201641153
4013,168476.0669070427
4014,169058.37528275364
4015,169643.05411475705
4016,170228.76170976198
4017,170815.49987768836
4018,171405.93440416816
4019,171998.5474389264
4020,172592.2031962848
4021,173186.90351071963
4022,173785.64951241488
4023,174386.27604251672
4024,174987.95939430423
4025,175590.7014270552
4026,176197.94537229862
4027,176806.66539678443
4028,177416.4564827707
4029,178027.4393305269
4030,178643.2500242964
4031,179260.1442550919
4032,179878.12392918588
4033,180497.9429808289
4034,181121.99481271877
4035,181747.14468117518
4036,182373.39451797612
4037,183002.23943116283
4038,183634.61441434457
4039,184268.1020779045
4040,184902.70437937992
4041,185540.7659883569
4042,186181.54686759898
4043,186823.4552165889
4044,187466.49301887906
4045,188113.96334371192
4046,188763.23360229842
4047,189413.64626685844
4048,190065.5871940155
4049,190722.27560323308
4050,191380.11947003286
4051,192039.1208271999
4052,192701.14795926498
4053,193367.33919608142
4054,194034.702609826
4055,194703.24026269396
4056,195372.954220508
4057,196048.28703251947
4058,196725.26600604938
4059,197403.43613635638
4060,198082.79951902214
4061,198765.64683128253
4062,199452.3382263054
4063,200140.2378661491
4064,200829.34787645368
4065,201519.95019821305
4066,202216.45173236952
4067,202914.1787712858
4068,203613.133470963
4069,204313.31799119533
4070,205018.142911959
4071,205725.79610408482
4072,206434.69442098957
4073,207144.84005318716
4074,207858.33887160348
4075,208577.15140330387
4076,209297.2286935643
4077,210018.5729674356
4078,210741.1864538806
4079,211465.48311876136
4080,212196.85308546107
4081,212929.5099041039
4082,213663.45583860273
4083,214398.6931568517
4084,215135.22413073463
4085,215878.3053354268
4086,216623.69882141676
4087,217370.40383192693
4088,218118.42267426968
4089,218867.75765981412
4090,219622.57534582153
4091,220380.86436438633
4092,221140.48759559123
4093,221901.44738665607
4094,222663.74608892895
4095,223430.74022323103
4096,224202.0853835827
4097,224974.7877272145
4098,225748.8496417515
4099,226524.27351901896
4100,227303.88708749504
4101,228088.4507607239
4102,228874.3948734924
4103,229661.7218543341
4104,230450.43413605235
4105,231243.11317194946
4106,232041.05950910284
4107,232840.40983080535
4108,233641.16660700506
4109,234443.3323119936
4110,235249.5259246503
4111,236061.0208749851
4112,236873.94364678868
4113,237688.29675193783
4114,238504.08270672587
4115,239324.24311055132
4116,240149.45443997043
4117,240976.11772288338
4118,241804.23551361496
4119,242633.8103709807
4120,243468.39291469005
4121,244307.49022436197
4122,245148.0639178866
4123,245990.1165925591
4124,246833.650850243
4125,247683.11404635583
4126,248536.26879151922
4127,249390.92465248506
4128,250247.08427005116
4129,251104.75028965928
4130,251969.55584426687
4131,252836.94135322174
4132,253705.8530148147
4133,254576.29351388296
4134,255448.63566255354
4135,256328.8783827787
4136,257210.66987606665
4137,258094.01286704306
4138,258978.91008512344
4139,259867.45235396698
4140,260762.25257910634
4141,261658.62718888407
4142,262556.5789529729
4143,263456.11064591707
4144,264361.3238226263
4145,265270.860301597
4146,266181.99709119694
4147,267094.73700670106
4148,268009.0828683349
4149,268931.44104981836
4150,269855.89447904733
4151,270781.9744627379
4152,271709.68386232597
4153,272641.1033409332
4154,273579.0061677449
4155,274518.55921109556
4156,275459.7653740415
4157,276402.62756474287
4158,277352.07232116506
4159,278305.232570801
4160,279260.06987969147
4161,280216.58719810436
4162,281175.8382568325
4163,282142.74102391687
4164,283111.3450279239
4165,284081.65326164826
4166,285053.66872314824
4167,286031.8362569325
4168,287014.3436812896
4169,287998.57979605376
4170,288984.54764230724
4171,289973.2752024704
4172,290969.8239580272
4173,291968.1261072613
4174,292968.18473470514
4175,293970.00293031696
4176,294978.5492741768
4177,295991.0568086634
4178,297005.3458131919
4179,298021.41942167806
4180,299041.2883860189
4181,300068.1418636206
4182,301096.80205033027
4183,302127.2721244562
4184,303159.555269895
4185,304200.1566283115
4186,305243.3300213349
4187,306288.3388350444
4188,307335.1862982468
4189,308387.88189493003
4190,309445.71174733783
4191,310505.4028056747
4192,311566.95834409987
4193,312632.10393519746
4194,313704.7347389996
4195,314779.25278812426
4196,315855.66140252986
4197,316933.96390801336
4198,318021.19204047683
4199,319110.6830777574
4200,320202.09102230927
4201,321295.41924626083
4202,322395.88227372814
4203,323500.49355792225
4204,324607.0483503922
4205,325715.55007005495
4206,326829.6096831871
4207,327949.4897447094
4208,329071.34017676313
4209,330195.16444551124
4210,331323.1841807982
4211,332458.48283207224
4212,333595.778979638
4213,334735.0761373676
4214,335877.4213914119
4215,337028.289737318
4216,338181.1829710521
4217,339336.1046546636
4218,340493.14269857376
4219,341659.73314698297
4220,342828.376142824
4221,343999.07529679453
4222,345171.83422593947
4223,346353.64156308305
4224,347538.1883128935
4225,348724.819199937
4226,349913.5378904685
4227,351110.8493497536
4228,352311.4551720614
4229,353514.17338389036
4230,354719.0077011858
4231,355932.1967802977
4232,357149.0183311292
4233,358367.98079930636
4234,359589.0879509485
4235,360818.53008463257
4236,362051.7253684478
4237,363287.09037533886
4238,364524.62892208766
4239,365770.7014971613
4240,367020.42987787945
4241,368272.35706769995
4242,369526.48693456023
4243,370789.5693050537
4244,372055.9915171867
4245,373324.6419071543
4246,374595.5243945461
4247,375877.81202088256
4248,377163.04358914593
4249,378450.536425986
4250,379740.29450919246
4251,381033.01324935246
4252,382337.2389815279
4253,383643.7593980699
4254,384952.578535539
4255,386263.70043759485
4256,387579.6285381127
4257,388905.36324919126
4258,390233.43048415857
4259,391563.83434612455
4260,392896.5789454148
4261,394236.4071362372
4262,395583.9111099404
4263,396933.7859048411
4264,398286.0356914039
4265,399640.66464742593
4266,401005.08796641487
4267,402374.6242814979
4268,403746.5701777882
4269,405120.9298939177
4270,406498.03546051186
4271,407887.42551084235
4272,409279.260069994
4273,410673.5434380273
4274,412070.2799225658
4275,413473.2725500175
4276,414885.1899696387
4277,416299.5915287392
4278,417716.4815970775
4279,419135.8645520961
4280,420565.9680875477
4281,422001.3767803928
4282,423439.3109390977
4283,424879.77500610164
4284,426322.7734316552
4285,427777.77379304566
4286,429236.9573944172
4287,430698.7082868766
4288,432163.0309864196
4289,433629.95443272707
4290,435110.594566983
4291,436593.8397393388
4292,438079.6945321786
4293,439568.1635359418
4294,441061.403350501
4295,442566.35201221105
4296,444073.9484757537
4297,445584.1973987179
4298,447097.10344688274
4299,448617.4351171965
4300,450146.9846011674
4301,451679.2251647696
4302,453214.1615417032
4303,454751.79847399093
4304,456300.0021294299
4305,457854.44784491265
4306,459411.6284373687
4307,460971.54871752125
4308,462534.2135045541
4309,464111.0739617392
4310,465690.71446397656
4311,467273.1341656023
4312,468858.33795528597
4313,470450.31961053004
4314,472052.6375390242
4315,473657.7745611483
4316,475265.7356357322
4317,476876.5257303253
4318,478498.623228978
4319,480126.6973109278
4320,481757.6357961973
4321,483391.4437232993
4322,485029.9048113686
4323,486681.13754783274
4324,488335.2754281964
4325,489992.3235626195
4326,491652.28707024653
4327,493322.33819369366
4328,494999.8993274212
4329,496680.4119211327
4330,498363.8811664407
4331,500051.5500226402
4332,501752.7601572936
4333,503456.9633548746
4334,505164.16488015954
4335,506874.37000717886
4336,508595.1185131178
4337,510323.2403673941
4338,512054.40262655227
4339,513788.61063861946
4340,515528.24298684223
4341,517280.51347470353
4342,519035.8668490761
4343,520794.3085326955
4344,522555.84395783045
4345,524330.0612708742
4346,526109.8380852973
4347,527892.7461738832
4348,529678.7910444589
4349,531473.9160457308
4350,533280.0879393193
4351,535089.4375406434
4352,536901.9704391874
4353,538717.6922342665
4354,540543.2051157142
4355,542379.2501133374
4356,544218.5253699019
4357,546061.0365673089
4358,547906.789397446
4359,549763.6523392465
4360,551629.9263923445
4361,553499.4838815733
4362,555372.3305823442
4363,557248.4722802236
4364,559137.652572006
4365,561034.5153709657
4366,562934.7154157943
4367,564838.2585765291
4368,566745.1507335302
4369,568667.6208254463
4370,570595.435836332
4371,572526.6425420123
4372,574461.2469082759
4373,576400.2987015618
4374,578355.9924655963
4375,580315.12696721
4376,582277.7082584348
4377,584243.7424019404
4378,586217.894679464
4379,588205.2234135842
4380,590196.0485348956
4381,592190.3761932862
4382,594188.2125494559
4383,596198.4522852707
4384,598217.7903480465
4385,600240.681105952
4386,602267.1308078918
4387,604297.1457137582
4388,606344.4652401478
4389,608396.1909093186
4390,610451.5262467762
4391,612510.4776016113
4392,614577.6137582082
4393,616658.4483946176
4394,618742.9439055083
4395,620831.106730017
4396,622922.9433185986
4397,625029.0054484328
4398,627142.9379361137
4399,629260.5895204223
4400,631381.966742873
4401,633509.5539654655
4402,635654.027606809
4403,637802.2740701734
4404,639954.2999915475
4405,642110.1120185856
4406,644275.7655717697
4407,646454.8978372195
4408,648637.8638921421
4409,650824.6704797324
4410,653015.3243550425
4411,655220.119803134
4412,657434.3199367912
4413,659652.4155470256
4414,661874.413485506
4415,664100.3206159417
4416,666345.3389744898
4417,668595.0206163989
4418,670848.6601493694
4419,673106.2645348153
4420,675372.6012869045
4421,677654.1685500254
4422,679939.7497938499
4423,682229.352078422
4424,684522.9824761961
4425,686831.5517553006
4426,689149.3774467448
4427,691471.2808995643
4428,693797.2692859515
4429,696128.8722656427
4430,698479.2477991731
4431,700833.7583517324
4432,703192.4111961963
4433,705555.2136182266
4434,707931.0752906443
4435,710318.5015762709
4436,712710.1280548575
4437,715105.962113876
4438,717506.5841967914
4439,719927.2375924508
4440,722352.1496296634
4441,724781.3277986757
4442,727214.7796029022
4443,729661.7033908841
4444,732120.2157041185
4445,734583.0532539298
4446,737050.2236476598
4447,739523.6460307848
4448,742016.0761776009
4449,744512.8912241706
4450,747014.0988827433
4451,749519.7068791295
4452,752041.4911701885
4453,754572.6047250904
4454,757108.1712245507
4455,759648.1985004649
4456,762198.2311329062
4457,764763.9671572582
4458,767334.2170283764
4459,769908.9886852421
4460,772488.2900807884
4461,775088.7624264355
4462,777694.0232125008
4463,780303.867369555
4464,782918.3029588158
4465,785548.7850714261
4466,788189.3873902813
4467,790834.6352467166
4468,793484.5368112571
4469,796145.8404006693
4470,798822.118011355
4471,801503.1039130804
4472,804188.8063867117
4473,806881.7446386906
4474,809594.0345132368
4475,812311.0960248014
4476,815032.9375656287
4477,817759.5675427135
4478,820506.9674848416
4479,823260.4454670191
4480,826018.7675351661
4481,828781.9422089062
4482,831562.7588435602
4483,834352.9975372417
4484,837148.1449788888
4485,839948.2098018164
4486,842763.2620278713
4487,845590.6091449084
4488,848422.9302832957
4489,851260.2341911178
4490,854110.3422075986
4491,856975.1490293619
4492,859844.9957635232
4493,862719.8912740168
4494,865605.8765142887
4495,868508.4979987753
4496,871416.2259108303
4497,874329.0692313361
4498,877251.754294508
4499,880192.5491929295
4500,883138.5176648793
4501,886089.6688092954
4502,889049.8773891774
4503,892029.2083730763
4504,895013.7807141457
4505,898003.6036304943
4506,901002.1604425292
4507,904020.3942425894
4508,907043.9378282707
4509,910072.8005379908
4510,913110.5312446658
4511,916168.0388024957
4512,919230.9252266119
4513,922299.1999768849
4514,925376.9311122159
4515,928474.0877466174
4516,931576.6929878751
4517,934684.756418473
4518,937803.3153122893
4519,940940.5009016034
4520,944083.205506263
4521,947231.4388325386
4522,950391.6535353418
4523,953569.2527177308
4524,956752.4420002376
4525,959941.2312141095
4526,963143.9304234415
4527,966362.3328171865
4528,969586.3970808607
4529,972816.133171891
4530,976062.1461612209
4531,979321.7466073787
4532,982587.0813874964
4533,985858.1605863979
4534,989148.3171376386
4535,992449.5159676605
4536,995756.5222995408
4537,999069.3463467374
4538,1002404.4766875933
4539,1005747.6800189408
4540,1009096.7647340827
4541,1012453.0013950476
4542,1015832.6759237634
4543,1019218.2959868625
4544,1022609.872040477
4545,1026012.5499146221
4546,1029434.9846699825
4547,1032863.4401703902
4548,1036297.9270041999
4549,1039747.8726915352
4550,1043213.4925090417
4551,1046685.2090292025
4552,1050163.0329739053
4553,1053661.0729336473
4554,1057170.3099591674
4555,1060685.720404738
4556,1064207.3151271252
4557,1067754.275609519
4558,1071307.569795069
4559,1074867.11489159
4560,1078438.1472977377
4561,1082029.6288750446
4562,1085627.4285313762
4563,1089231.5573778106
4564,1092852.9402843
4565,1096489.3056744877
4566,1100132.0680880419
4567,1103781.2387748165
4568,1107453.7902008558
4569,1111135.5055365697
4570,1114823.6976595314
4571,1118521.9187963502
4572,1122242.9147535565
4573,1125970.4565882294
4574,1129704.5558119074
4575,1133455.3326552417
4576,1137222.5616360293
4577,1140996.417810799
4578,1144776.9128340452
4579,1148584.3513997754
4580,1152402.2287680833
4581,1156226.8224137633
4582,1160058.1441479067
4583,1163907.8337646923
4584,1167776.8193365983
4585,1171652.611077619
4586,1175535.2209568804
4587,1179428.3312177546
4588,1183348.8888075575
4589,1187276.343273612
4590,1191210.7067444916
4591,1195151.991370085
4592,1199121.0059051558
4593,1203100.5917980308
4594,1207087.1783862887
4595,1211080.777981002
4596,1215095.7527863658
4597,1219127.942950923
4598,1223167.2263326668
4599,1227213.615405313
4600,1231275.725226103
4601,1235360.9967256594
4602,1239453.4548028593
4603,1243553.112095537
4604,1247663.5328142126
4605,1251802.3670107895
4606,1255948.4819916736
4607,1260101.8905603017
4608,1264262.6055426048
4609,1268454.6818056204
4610,1272654.9402903696
4611,1276862.5875905342
4612,1281077.6366994455
4613,1285320.5834513078
4614,1289575.476523593
4615,1293837.85450224
4616,1298107.7305495024
4617,1302402.7288792932
4618,1306712.752204151
4619,1311030.3573976536
4620,1315355.5577924864
4621,1319703.7898792648
4622,1324069.4438079959
4623,1328442.7774472034
4624,1332823.8043015688
4625,1337226.453389055
4626,1341648.2430717165
4627,1346077.8111946825
4628,1350515.171436171
4629,1354973.4218090486
4630,1359451.8573153734
4631,1363938.1708884588
4632,1368432.3763816382
4633,1372947.4133442224
4634,1377483.0097937318
4635,1382026.584841947
4636,1386578.1525189162
4637,1391151.1580417862
4638,1395744.4274568462
4639,1400345.776902602
4640,1404955.2205873888
4641,1409587.4022051166
4642,1414238.8556223935
4643,1418898.491400637
4644,1423566.3239280535
4645,1428258.9091837166
4646,1432969.0616399786
4647,1437687.4996927935
4648,1442414.2379118255
4649,1447168.4569398125
4650,1451937.8275032414
4651,1456715.5878112002
4652,1461501.752616411
4653,1466318.838177686
4654,1471147.9499795344
4655,1475985.556593411
4656,1480832.0659170572
4657,1485712.8604746684
4658,1490602.240741349
4659,1495500.2218142683
4660,1500411.858777957
4661,1505353.3464139127
4662,1510303.5264994996
4663,1515262.4143194957
4664,1520240.4184296937
4665,1525243.133719086
4666,1530254.6491382765
4667,1535274.9801613071
4668,1540320.593686456
4669,1545385.075391071
4670,1550458.4658526168
4671,1555540.78073606
4672,1560662.4050456702
4673,1565797.3905355881
4674,1570941.4087783694
4675,1576094.4756569231
4676,1581256.754231263
4677,1586462.849291517
4678,1591678.1021653162
4679,1596902.5289553825
4680,1602136.145792731
4681,1607385.0939770525
4682,1612672.192896566
4683,1617968.5920874658
4684,1623274.3079028644
4685,1628589.3567245887
4686,1633927.3400524019
4687,1639296.3287440913
4688,1644674.7617220965
4689,1650062.6555926288
4690,1655460.0269910744
4691,1660889.4149928316
4692,1666341.1879752048
4693,1671802.550830995
4694,1677273.5204222826
4695,1682754.113640776
4696,1688277.2799461363
4697,1693812.7404283877
4698,1699357.937958583
4699,1704912.8896574744
4700,1710486.7436235363
4701,1716096.9351184324
4702,1721716.9950869256
4703,1727346.9408807415
4704,1732986.7898820913
4705,1738658.8585279176
4706,1744354.420228597
4707,1750060.000534802
4708,1755775.6170621018
4709,1761502.247326883
4710,1767273.9548903594
4711,1773055.814971604
4712,1778847.8454215424
4713,1784650.064122461
4714,1790479.3538176734
4715,1796338.143825094
4716,1802207.2394914257
4717,1808086.6589367262
4718,1813976.4203128817
4719,1819910.7601680197
4720,1825857.5772860327
4721,1831814.8548642907
4722,1837782.6112949043
4723,1843777.450671303
4724,1849802.650463485
4725,1855838.4485592472
4726,1861884.8635929404
4727,1867942.0157664786
4728,1874046.2644894326
4729,1880161.250530172
4730,1886286.992767366
4731,1892423.5101128302
4732,1898592.2388039385
4733,1904787.0853084738
4734,1910992.828449846
4735,1917209.4873866842
4736,1923444.4069921277
4737,1929719.791620375
4738,1936006.21451674
4739,1942303.69508875
4740,1948612.252778027
4741,1954963.2225630772
4742,1961331.0092668585
4743,1967709.996728575
4744,1974100.2046412842
4745,1980521.4971707975
4746,1986971.813402349
4747,1993433.4755234504
4748,1999906.5034822111
4749,2006397.9474672237
4750,2012931.4885805852
4751,2019476.5219370448
4752,2026033.0677419126
4753,2032601.1462359717
4754,2039213.9824593817
4755,2045843.088826548
4756,2052483.8554860638
4757,2059136.3029385228
4758,2065823.2573237857
4759,2072537.1437206392
4760,2079262.8394962014
4761,2086000.3654130457
4762,2092763.2902573035
4763,2099562.668991884
4764,2106374.007443206
4765,2113197.3266380276
4766,2120038.0733165
4767,2126923.6620323737
4768,2133821.3620640794
4769,2140731.194704762
4770,2147653.181284972
4771,2154624.1354331104
4772,2161608.92134257
4773,2168605.992999201
4774,2175615.3720026426
4775,2182668.117167303
4776,2189740.718693783
4777,2196825.760387895
4778,2203923.264120631
4779,2211059.6507782014
4780,2218220.803153465
4781,2225394.551408725
4782,2232580.9176885723
4783,2239802.7955717626
4784,2247053.239572181
4785,2254316.436466587
4786,2261592.4086754713
4787,2268901.626814764
4788,2276242.1088150926
4789,2283595.5020348406
4790,2290961.829172707
4791,2298360.2359388117
4792,2305791.5079677524
4793,2313235.8508629245
4794,2320693.287603529
4795,2328182.7307510846
4796,2335705.5505487854
4797,2343241.602190902
4798,2350790.9089395003
4799,2358373.235652306
4800,2365988.3667299403
4801,2373616.8919717013
4802,2381258.834924836
4803,2388935.8918629345
4804,2396644.1035645166
4805,2404365.873101674
4806,2412101.2243092204
4807,2419874.857658219
4808,2427676.925224939
4809,2435492.715660753
4810,2443322.253090445
4811,2451194.3086135006
4812,2459091.0132505773
4813,2467001.607162827
4814,2474926.114767397
4815,2482898.437860344
4816,2490890.5668069
4817,2498896.7528178226
4818,2506917.3110354072
4819,2514991.456355266
4820,2523079.8029571753
4821,2531182.3758065025
4822,2539306.6009463393
4823,2547477.5931619694
4824,2555662.956948207
4825,2563862.717569581
4826,2572092.4522587387
4827,2580361.0957489666
4828,2588644.282511548
4829,2596942.0381126646
4830,2605279.1248245644
4831,2613646.230304134
4832,2622028.052182095
4833,2630424.616328791
4834,2638870.897460336
4835,2647337.282068034
4836,2655818.5576357497
4837,2664320.6214340054
4838,2672872.068296766
4839,2681438.5556883547
4840,2690020.1100485716
4841,2698634.752389986
4842,2707286.955151344
4843,2715954.3755975394
4844,2724637.0404795897
4845,2733366.1017449303
4846,2742119.895926414
4847,2750889.0864165444
4848,2759679.546823171
4849,2768530.7651504287
4850,2777397.5510936044
4851,2786279.932018527
4852,2795177.935339051
4853,2804119.2272642185
4854,2813099.892938283
4855,2822096.3538270313
4856,2831108.637696101
4857,2840136.79052277
4858,2849232.229969388
4859,2858343.666434134
4860,2867471.1280371686
4861,2876614.6429480356
4862,2885799.8806992793
4863,2895027.19447468
4864,2904270.737130322
4865,2913530.53719366
4866,2922808.1738480465
4867,2932152.2728308863
4868,2941512.8060306967
4869,2950889.8023356656
4870,2960283.290684707
4871,2969724.246837705
4872,2979202.686286126
4873,2988697.7961456156
4874,2998209.6057192776
4875,3007748.4724886524
4876,3017345.740143209
4877,3026959.887134189
4878,3036590.9431316894
4879,3046238.9378579054
4880,3055947.34075417
4881,3065681.454758203
4882,3075432.6886944287
4883,3085201.072655561
4884,3095012.872384307
4885,3104867.8896284224
4886,3114740.2393748295
4887,3124629.952089652
4888,3134549.0843505654
4889,3144532.5856022956
4890,3154533.6452568425
4891,3164552.294177156
4892,3174588.5632803654
4893,3184665.845655158
4894,3194796.5839785333
4895,3204945.1395664774
4896,3215111.543736649
4897,3225295.827861661
4898,3235535.166712836
4899,3245814.6057883617
4900,3256112.12356101
4901,3266427.7518076175
4902,3276761.52236081
4903,3287166.813961483
4904,3297596.430280449
4905,3308044.38932231
4906,3318510.7233276474
4907,3329007.8890409404
4908,3339570.595298025
4909,3350151.8782680514
4910,3360751.7706026
4911,3371370.3050106014
4912,3382040.7541416255
4913,3392756.360671945
4914,3403490.8127233977
4915,3414244.143419702
4916,3425016.3859427213
4917,3435863.982975238
4918,3446734.0026820814
4919,3457623.1393752936
4920,3468531.426655359
4921,3479480.8962827185
4922,3490487.498174832
4923,3501513.4571764506
4924,3512558.807309825
4925,3523623.582656945
4926,3534757.461851848
4927,3545921.266117069
4928,3557104.703855354
4929,3568307.809574332
4930,3579550.0615676027
4931,3590852.740736366
4932,3602175.297527605
4933,3613517.76687775
4934,3624880.183784588
4935,3636314.061069441
4936,3647776.7750995243
4937,3659259.648089824
4938,3670762.715470864
4939,3682311.896695862
4940,3693916.962485376
4941,3705542.437493003
4942,3717188.357588822
4943,3728854.7587058363
4944,3740599.4128281544
4945,3752368.5450873403
4946,3764158.3749850653
4947,3775968.938897892
4948,3787830.446630538
4949,3799744.2982841674
4950,3811679.10199172
4951,3823634.8945765723
4952,3835616.3891025973
4953,3847676.0292435903
4954,3859756.8777310853
4955,3871858.971838553
4956,3883982.3489048774
4957,3896170.075160457
4958,3908398.0464020455
4959,3920647.5218990273
4960,3932918.5394445024
4961,3945232.778549139
4962,3957608.957565432
4963,3970006.9013776043
4964,3982426.6482363227
4965,3994870.4875271674
4966,4007395.966428086
4967,4019943.472582886
4968,4032513.044703114
4969,4045104.7215682613
4970,4057765.4341261797
4971,4070463.603796217
4972,4083184.1042839484
4973,4095926.974833944
4974,4108723.7280077133
4975,4121573.6695548557
4976,4134446.20871787
4977,4147341.3852098514
4978,4160277.221914625
4979,4173280.0509343995
4980,4186305.746326859
4981,4199354.348277019
4982,4212432.765517359
4983,4225594.171486924
4984,4238778.722587954
4985,4251986.45949498
4986,4265217.422953898
4987,4278514.578207445
4988,4291859.1211670805
4989,4305227.131175545
4990,4318618.6494726
4991,4332048.111746887
4992,4345553.789869644
4993,4359083.218291125
4994,4372636.438748448
4995,4386213.493052014
4996,4399869.577166471
4997,4413561.5765223075
4998,4427277.653684451
4999,4441017.8509650575
5000,4454813.332495949
5001,4468669.062560248
5002,4482549.158237199
5003,4496453.662344292
5004,4510391.906565746
5005,4524412.534408725
5006,4538457.817719324
5007,4552527.7998239705
5008,4566622.524125134
5009,4580798.851685992
5010,4595010.499101551
5011,4609247.137740168
5012,4623508.811517743
5013,4637834.875926593
5014,4652214.071314792
5015,4666618.552433086
5016,4681048.3637144435
5017,4695527.470882773
5018,4710075.405551822
5019,4724648.922549057
5020,4739248.066828199
5021,4753883.502826045
5022,4768601.375569129
5023,4783345.12934263
5024,4798114.809624681
5025,4812910.461973256
5026,4827798.85798835
5027,4842714.0569782695
5028,4857655.483824431
5029,4872623.184613831
5030,4887674.732597843
5031,4902762.592832226
5032,4917876.9844047995
5033,4933017.953935388
5034,4948235.882654011
5035,4963497.627794098
5036,4978786.209902
5037,4994101.676134059
5038,5009489.195182732
5039,5024926.05656854
5040,5040390.062712861
5041,5055881.261312348
5042,5071441.56128053
5043,5087054.77797679
5044,5102695.449396803
5045,5118363.623781377
5046,5134099.876415999
5047,5149890.695258151
5048,5165709.280977496
5049,5181555.682362799
5050,5197471.040730853
5051,5213440.716371627
5052,5229438.473244836
5053,5245464.360691089
5054,5261561.959341393
5055,5277711.754297349
5056,5293889.94705659
5057,5310096.587515422
5058,5326379.542639638
5059,5342710.727338221
5060,5359070.628640357
5061,5375459.297001951
5062,5391930.706594629
5063,5408444.55942139
5064,5424987.449895304
5065,5441559.4290358005
5066,5458222.373053866
5067,5474920.180399997
5068,5491647.348694205
5069,5508408.048187842
5070,5525261.470044583
5071,5542144.526354707
5072,5559057.269185239
5073,5576015.285991878
5074,5593054.932075334
5075,5610124.539895625
5076,5627224.162094226
5077,5644382.521726999
5078,5661609.700437447
5079,5678867.170463984
5080,5696154.985026541
5081,5713516.695584776
5082,5730932.723506786
5083,5748379.374634241
5084,5765856.702769571
5085,5783424.755094137
5086,5801030.957045416
5087,5818668.116415984
5088,5836347.185431177
5089,5854113.655423038
5090,5871911.364503606
5091,5889740.367556279
5092,5907631.379439779
5093,5925590.359680101
5094,5943580.917321734
5095,5961603.107841809
5096,5979709.001278607
5097,5997861.839216629
5098,6016046.595232601
5099,6034271.175480484
5100,6052587.022426723
5101,6070935.073928507
5102,6089315.386563634
5103,6107760.343160483
5104,6126272.423159898
5105,6144817.052558611
5106,6163394.288539593
5107,6182062.509353497
5108,6200772.19285264
5109,6219514.772999066
5110,6238313.702870343
5111,6257205.193570743
5112,6276129.900436412
5113,6295087.881820482
5114,6314079.196178438
5115,6333174.987683479
5116,6352316.06985254
5117,6371490.806782276
5118,6390699.257595449
5119,6409984.518387895
5120,6429352.459513454
5121,6448754.454068708
5122,6468190.561876046
5123,6487660.842862825
5124,6507223.313425203
5125,6526854.257938094
5126,6546519.7180409655
5127,6566219.754367195
5128,6585954.427656483
5129,6605798.418458389
5130,6625694.561819676
5131,6645625.68678198
5132,6665591.854796358
5133,6685596.335391702
5134,6705724.500221944
5135,6725888.054377172
5136,6746087.060023934
5137,6766321.579437784
5138,6786618.893641312
5139,6807016.224846941
5140,6827449.418346738
5141,6847918.537137096
5142,6868423.64432489
5143,6889019.52006932
5144,6909688.258996945
5145,6930393.337118719
5146,6951134.81826782
5147,6971912.766389285
5148,6992812.866186889
5149,7013755.271003166
5150,7034734.495873813
5151,7055750.605475612
5152,7076832.479860616
5153,7098013.586184043
5154,7119231.9319991
5155,7140487.582718488
5156,7161780.60386962
5157,7183177.486575791
5158,7204636.338062654
5159,7226132.917054494
5160,7247667.289820159
5161,7269256.878482767
5162,7290961.691632552
5163,7312704.66447308
5164,7334485.864031492
5165,7356305.357452443
5166,7378207.303905425
5167,7400198.041740586
5168,7422227.441640877
5169,7444295.571514799
5170,7466402.499389832
5171,7488622.640368819
5172,7510901.621442249
5173,7533219.771020463
5174,7555577.1579003185
5175,7577987.997663541
5176,7600517.9480609875
5177,7623087.507927253
5178,7645696.746832796
5179,7668345.734470044
5180,7691085.91281264
5181,7713908.280921024
5182,7736770.7722562635
5183,7759673.457289991
5184,7782616.406617437
5185,7805691.536268171
5186,7828808.687858439
5187,7851966.480581157
5188,7875164.985816412
5189,7898446.668662573
5190,7921819.895792895
5191,7945234.213969711
5192,7968689.695362377
5193,7992186.412266693
5194,8015813.7475199
5195,8039486.016427244
5196,8063199.90175124
5197,8086955.476582669
5198,8110799.544641659
5199,8134731.197105915
5200,8158704.92169832
5201,8182720.7923089955
5202,8206786.539731618
5203,8230979.016168236
5204,8255214.022968377
5205,8279491.634825918
5206,8303811.9265656145
5207,8328240.937051222
5208,8352741.922853375
5209,8377285.981000413
5210,8401873.187136743
5211,8426521.061664348
5212,8451289.455091713
5213,8476101.390654197
5214,8500956.944820222
5215,8525856.19419216
5216,8550866.111255927
5217,8575947.362846168
5218,8601072.706174312
5219,8626242.218672557
5220,8651481.32572492
5221,8676833.339477707
5222,8702229.92063604
5223,8727671.147466319
5224,8753157.09837214
5225,8778768.706229515
5226,8804437.981458412
5227,8830152.381411929
5228,8855911.985333756
5229,8881762.793489955
5230,8907706.226639116
5231,8933695.26612962
5232,8959729.992049787
5233,8985824.877275871
5234,9012043.939841492
5235,9038309.092942538
5236,9064620.41751639
5237,9090977.994642345
5238,9117460.35130722
5239,9144003.099789852
5240,9170592.507383715
5241,9197228.656023154
5242,9223964.638761949
5243,9250786.472132476
5244,9277655.454861285
5245,9304571.66974242
5246,9331565.928312609
5247,9358668.343850866
5248,9385818.40161669
5249,9413016.18526829
5250,9440273.295338303
5251,9467657.798135905
5252,9495090.438666116
5253,9522571.301455947
5254,9550100.471180521
5255,9577763.838229578
5256,9605480.545264881
5257,9633245.973531675
5258,9661060.20857994
5259,9688995.45627192
5260,9716997.713522002
5261,9745049.193573268
5262,9773149.982855089
5263,9801361.60047774
5264,9829650.900952179
5265,9857989.928411517
5266,9886378.770169027
5267,9914871.164187614
5268,9943449.010212252
5269,9972077.09003573
5270,10000755.491859859
5271,10029532.987312311
5272,10058400.890546883
5273,10087319.537040709
5274,10116289.015888698
5275,10145355.857745336
5276,10174515.339201909
5277,10203726.07604089
5278,10232988.158254987
5279,10262348.512744507
5280,10291801.102807011
5281,10321305.463054102
5282,10350861.68438098
5283,10380519.640283896
5284,10410266.878728678
5285,10440066.404855676
5286,10469918.310467148
5287,10499877.88037794
5288,10529921.316395158
5289,10560017.560303917
5290,10590166.704818387
5291,10620431.826377437
5292,10650773.018593377
5293,10681167.541638434
5294,10711615.4891433
5295,10742192.858093726
5296,10772836.685734168
5297,10803534.375705818
5298,10834286.022571018
5299,10865167.139388531
5300,10896115.171534283
5301,10927117.600259487
5302,10958174.521062791
5303,10989363.400417002
5304,11020617.214211844
5305,11051925.961594477
5306,11083289.739004696
5307,11114790.32209842
5308,11146351.502789978
5309,11177968.156851767
5310,11209642.313823592
5311,11241456.53702798
5312,11273326.678008536
5313,11305252.834930077
5314,11337246.389728857
5315,11369370.630381443
5316,11401551.333229385
5317,11433788.597391497
5318,11466105.275718814
5319,11498541.140813544
5320,11531034.01533467
5321,11563583.999359926
5322,11596227.45656359
5323,11628976.561349213
5324,11661783.22561837
5325,11694647.55041271
5326,11727621.372246234
5327,11760685.340268107
5328,11793807.420671286
5329,11826987.715466186
5330,11860295.418841053
5331,11893675.881983226
5332,11927115.013259428
5333,11960618.473832207
5334,11994257.94938452
5335,12027956.547911894
5336,12061714.373195587
5337,12095558.575639077
5338,12129517.274740752
5339,12163535.657341823
5340,12197613.82820565
5341,12231802.087548457
5342,12266081.664460288
5343,12300421.488289706
5344,12334821.664787134
5345,12369357.23015493
5346,12403959.347632194
5347,12438622.278353672
5348,12473367.130001917
5349,12508232.184394877
5350,12543158.513730425
5351,12578146.225560192
5352,12613244.71744913
5353,12648435.092386644
5354,12683687.313454313
5355,12719001.607098557
5356,12754456.67723175
5357,12789974.058264157
5358,12825553.85956227
5359,12861227.873331502
5360,12897011.067674039
5361,12932857.14900521
5362,12968766.227700554
5363,13004827.427964464
5364,13040969.980509609
5365,13077176.051009545
5366,13113445.750945276
5367,13149779.191992844
5368,13186272.358799217
5369,13222839.479633091
5370,13259470.863823382
5371,13296166.624156643
5372,13332929.428291293
5373,13369858.666614193
5374,13406852.804073522
5375,13443911.954569567
5376,13481036.232201962
5377,13518244.637084223
5378,13555602.60284626
5379,13593026.220411697
5380,13630515.604999028
5381,13668070.8720285
5382,13705731.08815866
5383,13743520.255748607
5384,13781375.832132658
5385,13819297.933855092
5386,13857286.677664137
5387,13895404.694941089
5388,13933627.55404151
5389,13971917.5832769
5390,14010274.900524812
5391,14048699.6238691
5392,14087281.214842968
5393,14125940.270518828
5394,14164667.262047254
5395,14203462.30864664
5396,14242347.065652862
5397,14281376.25282327
5398,14320474.025610952
5399,14359640.504372245
5400,14398875.809674101
5401,14438235.597726623
5402,14477705.264908953
5403,14517244.290906047
5404,14556852.797428176
5405,14596530.906398444
5406,14636370.867180249
5407,14676283.561673509
5408,14716266.392628761
5409,14756319.483117737
5410,14796480.53639977
5411,14836768.026855277
5412,14877126.311673
5413,14917555.515076661
5414,14958055.761507312
5415,14998707.216535298
5416,15039442.090880815
5417,15080248.544841824
5418,15121126.70401673
5419,15162110.483806489
5420,15203223.089600649
5421,15244407.938027991
5422,15285665.155847747
5423,15326994.870040925
5424,15368478.493274432
5425,15410042.88636272
5426,15451680.315024288
5427,15493390.90740638
5428,15535217.3164609
5429,15577162.410710577
5430,15619181.208727514
5431,15661273.83982872
5432,15703448.405820433
5433,15745775.364056936
5434,15788176.6962788
5435,15830652.532976227
5436,15873203.004867706
5437,15915890.434451742
5438,15958675.472083906
5439,16001535.687621377
5440,16044471.212961394
5441,16087516.147913922
5442,16130686.068537595
5443,16173931.842545731
5444,16217253.603017917
5445,16260660.871298071
5446,16304216.858889922
5447,16347849.3774058
5448,16391558.561111072
5449,16435344.544506092
5450,16479276.06007327
5451,16523296.515560651
5452,16567394.317037849
5453,16611569.60019659
5454,16655871.735492857
5455,16700281.32686186
5456,16744768.947107038
5457,16789334.733115297
5458,16834011.79777793
5459,16878811.73040537
5460,16923690.376892608
5461,16968647.875325084
5462,17013704.011498384
5463,17058895.49724757
5464,17104166.383948393
5465,17149516.810888566
5466,17194955.99584239
5467,17240540.25308354
5468,17286204.600487508
5469,17331949.17854799
5470,17377775.227260232
5471,17423753.480890308
5472,17469812.516025092
5473,17515952.474367816
5474,17562173.497869555
5475,17608542.523534145
5476,17654997.479985524
5477,17701534.05434178
5478,17748152.389769305
5479,17794914.586341843
5480,17841766.70427415
5481,17888701.136965025
5482,17935718.02879998
5483,17982876.739638746
5484,18030127.2658149
5485,18077460.805771347
5486,18124877.505116366
5487,18172435.921250667
5488,18220086.10905248
5489,18267820.011835672
5490,18315637.7764351
5491,18363598.938973244
5492,18411650.048421625
5493,18459785.576243095
5494,18508005.670502905
5495,18556372.4730066
5496,18604825.770781726
5497,18653364.19252379
5498,18701992.00039573
5499,18750763.078357346
5500,18799619.83781873
5501,18848562.429054193
5502,18897602.076292392
5503,18946777.187206727
5504,18996038.688413322
5505,19045386.731425982
5506,19094840.682834085
5507,19144421.111247297
5508,19194088.640977584
5509,19243843.42478195
5510,19293714.006800108
5511,19343701.04398616
5512,19393775.895757757
5513,19443938.71611904
5514,19494228.11903591
5515,19544623.06301643
5516,19595106.53710593
5517,19645678.69655953
5518,19696388.97669293
5519,19747193.132256538
5520,19798086.53571899
5521,19849080.263499472
5522,19900222.429789618
5523,19951454.436940093
5524,20002776.442497194
5525,20054188.604282558
5526,20105700.40499213
5527,20157360.27622177
5528,20209110.896359906
5529,20260952.42453968
5530,20312885.020172186
5531,20364919.47687507
5532,20417098.732454
5533,20469369.647895597
5534,20521732.383924525
5535,20574187.10154608
5536,20626748.384763364
5537,20679448.716684133
5538,20732241.622347806
5539,20785127.2640751
5540,20838105.80447023
5541,20891197.681075424
5542,20944420.79393708
5543,20997737.39736734
5544,21051147.655287724
5545,21104651.73190566
5546,21158277.573849857
5547,21212025.184879076
5548,21265867.20626708
5549,21319803.803540483
5550,21373835.142514497
5551,21427997.935382597
5552,21482271.774450887
5553,21536640.94665064
5554,21591105.61911778
5555,21645665.959279597
5556,21700368.310678728
5557,21755170.120315146
5558,21810068.188855205
5559,21865062.685048282
5560,21920163.40794288
5561,21975397.92572039
5562,22030729.461118005
5563,22086158.184206583
5564,22141684.265352566
5565,22197330.614345554
5566,22253095.695541922
5567,22308958.724556535
5568,22364919.87307825
5569,22420979.313093986
5570,22477172.81002313
5571,22533470.232108057
5572,22589866.535246897
5573,22646361.892749514
5574,22702967.102202926
5575,22759701.74335891
5576,22816536.032016654
5577,22873470.142815538
5578,22930504.25069743
5579,22987650.724340495
5580,23044922.618742835
5581,23102295.102323882
5582,23159768.35135307
5583,23217342.54240423
5584,23275032.60460307
5585,23332843.09068589
5586,23390755.10984602
5587,23448768.839982398
5588,23506884.459300127
5589,23565119.993972592
5590,23623470.42237395
5591,23681923.329970274
5592,23740478.896288276
5593,23799137.301162645
5594,23857919.762257606
5595,23916811.495693672
5596,23975806.656652637
5597,24034905.42628616
5598,24094108.190258626
5599,24153438.40778189
5600,24212872.820888113
5601,24272411.6120393
5602,24332054.964007396
5603,24391808.734207794
5604,24451682.066678874
5605,24511660.545810726
5606,24571744.355678573
5607,24631933.68066804
5608,24692238.678652003
5609,24752656.521757822
5610,24813180.46474374
5611,24873810.69328969
5612,24934547.393386167
5613,24995403.45026355
5614,25056367.21090438
5615,25117438.026739847
5616,25178616.085043587
5617,25239904.86710383
5618,25301308.139033426
5619,25362819.234963067
5620,25424438.343436297
5621,25486165.6533058
5622,25548006.428020574
5623,25609957.50566496
5624,25672017.36505118
5625,25734186.196285624
5626,25796464.89930509
5627,25858855.66881497
5628,25921355.988344293
5629,25983966.04923553
5630,26046686.04313604
5631,26109516.204819996
5632,26172456.701878443
5633,26235507.70881843
5634,26298669.418500315
5635,26361941.252356276
5636,26425321.65211367
5637,26488813.329211105
5638,26552416.477698054
5639,26616131.291921094
5640,26679952.055204973
5641,26743883.388574753
5642,26807926.95950477
5643,26872082.96349625
5644,26936350.707361903
5645,27000720.933578108
5646,27065204.161378734
5647,27129800.587385945
5648,27194510.408506967
5649,27259327.84670115
5650,27324249.97500376
5651,27389286.06436481
5652,27454436.312767245
5653,27519700.91846987
5654,27585065.865149904
5655,27650540.86759906
5656,27716130.790548254
5657,27781835.833279043
5658,27847652.8787796
5659,27913566.051673997
5660,27979594.903899815
5661,28045739.635710765
5662,28112000.447613906
5663,28178362.26102427
5664,28244829.303837985
5665,28311412.98317455
5666,28378113.50044356
5667,28444929.73773955
5668,28511834.238051217
5669,28578856.12874372
5670,28645995.612063486
5671,28713252.89048008
5672,28780609.55793951
5673,28848068.92808421
5674,28915646.642154846
5675,28983342.90336786
5676,29051154.72494947
5677,29119050.845668588
5678,29187066.057933204
5679,29255200.56562307
5680,29323454.57280033
5681,29391800.96023935
5682,29460252.939477235
5683,29528824.958333116
5684,29597517.221417755
5685,29666317.96947977
5686,29735205.984253325
5687,29804214.778381664
5688,29873344.55691859
5689,29942595.525047302
5690,30011917.800628874
5691,30081356.309806354
5692,30150916.52749508
5693,30220598.65915773
5694,30290399.128965613
5695,30360265.694316465
5696,30430254.685228903
5697,30500366.307311296
5698,30570600.766233776
5699,30640941.33009016
5700,30711357.428978957
5701,30781896.868534863
5702,30852559.854391914
5703,30923346.59220131
5704,30994222.57950042
5705,31065188.161218688
5706,31136277.990270566
5707,31207492.272067603
5708,31278831.211988367
5709,31350237.429438077
5710,31421752.412191696
5711,31493392.539235234
5712,31565158.015480984
5713,31637041.34795391
5714,31708979.78611938
5715,31781044.050157454
5716,31853234.34431247
5717,31925550.872689545
5718,31997956.209047653
5719,32070442.888960578
5720,32143056.268945545
5721,32215796.55216708
5722,32288663.94158246
5723,32361584.569143254
5724,32434619.285524957
5725,32507781.562092874
5726,32581071.600563284
5727,32654464.033798993
5728,32727918.315818917
5729,32801500.801954146
5730,32875211.692416184
5731,32949051.18706788
5732,33022947.705628164
5733,33096948.59093112
5734,33171078.50864972
5735,33245337.656788144
5736,33319699.828702074
5737,33394111.660094727
5738,33468653.12668566
5739,33543324.424295116
5740,33618125.748227894
5741,33692996.36506911
5742,33767947.01571358
5743,33843028.08014568
5744,33918239.751073085
5745,33993582.22058358
5746,34068952.85101036
5747,34144441.25967674
5748,34220060.835513115
5749,34295811.76756292
5750,34371662.60023554
5751,34447555.8846642
5752,34523580.876021445
5753,34599737.75992123
5754,34676026.72114827
5755,34752363.15642918
5756,34828791.02023215
5757,34905351.290075265
5758,34982044.14680386
5759,35058853.54708816
5760,35135681.6798293
5761,35212642.707656115
5762,35289736.807038955
5763,35366964.153380126
5764,35444242.51956998
5765,35521601.60816796
5766,35599094.2263704
5767,35676720.544630624
5768,35754462.444439635
5769,35832216.819775864
5770,35910105.15431817
5771,35988127.613083385
5772,36066284.35975234
5773,36144476.388233945
5774,36222757.5499654
5775,36301173.22921279
5776,36379723.5835824
5777,36458367.55996779
5778,36537038.564677276
5779,36615844.447295874
5780,36694785.35881786
5781,36773861.44860422
5782,36852934.5230024
5783,36932127.48595498
5784,37011455.7960182
5785,37090919.59524073
5786,37170430.9017938
5787,37250007.70692647
5788,37329720.13958169
5789,37409568.333909966
5790,37489512.30758919
5791,37569469.592098035
5792,37649562.74444282
5793,37729791.89027028
5794,37810157.1531163
5795,37890496.71887148
5796,37970967.051106825
5797,38051573.56552974
5798,38132316.3763897
5799,38213071.73391145
5800,38293915.55908482
5801,38374895.709572405
5802,38456012.28969
5803,38537176.325354345
5804,38618389.79880482
5805,38699739.69257714
5806,38781226.100389384
5807,38862791.193557575
5808,38944370.30208304
5809,39026085.87521514
5810,39107937.99539566
5811,39189896.020478226
5812,39271836.57124457
5813,39353913.57752043
5814,39436127.10977902
5815,39518469.437783025
5816,39600767.04699965
5817,39683201.04653809
5818,39765771.49419935
5819,39848478.44462271
5820,39931139.07517929
5821,40013925.4228591
5822,40096848.08124765
5823,40179907.091419354
5824,40262928.87245257
5825,40346062.70616405
5826,40429332.65082466
5827,40512738.733220994
5828,40596111.49114608
5829,40679587.719899714
5830,40763199.79468287
5831,40846947.72726711
5832,40930660.78330092
5833,41014474.075223684
5834,41098422.88026848
5835,41182507.19446191
5836,41266549.36410039
5837,41350694.13435437
5838,41434974.01400338
5839,41519388.98259878
5840,41603748.5748161
5841,41688218.97347241
5842,41772824.0041514
5843,41857563.629202135
5844,41942228.44541337
5845,42027018.34531791
5846,42111942.323419034
5847,42196988.18703772
5848,42281957.65697036
5849,42367060.64163722
5850,42452297.07143995
5851,42537626.97134984
5852,42622903.504058905
5853,42708312.85562961
5854,42793854.93729895
5855,42879455.208952405
5856,42965031.857241966
5857,43050740.544545636
5858,43136581.16224335
5859,43222437.631627105
5860,43308307.12583418
5861,43394307.79258827
5862,43480439.502735294
5863,43566537.48477738
5864,43652692.22107721
5865,43738977.17426363
5866,43825392.193990715
5867,43911716.49095992
5868,43998148.51987184
5869,44084709.71832565
5870,44171362.01610404
5871,44257934.81407541
5872,44344635.82920237
5873,44431464.87244695
5874,44518316.699544966
5875,44605151.02434659
5876,44692112.35138458
5877,44779200.468746856
5878,44866235.16750084
5879,44953322.06420775
5880,45040534.650252245
5881,45127867.49135001
5882,45215073.08841259
5883,45302403.215208136
5884,45389857.61839005
5885,45477332.48027391
5886,45564740.735732265
5887,45652271.97577907
5888,45739925.922706604
5889,45827624.4926527
5890,45915224.75658049
5891,46002946.35594713
5892,46090788.98822805
5893,46178691.739953995
5894,46266472.99013104
5895,46354373.82103606
5896,46442393.904914245
5897,46530480.67806382
5898,46618431.51344555
5899,46706500.06790205
5900,46794685.98807761
5901,46882935.997153796
5902,46971044.63207862
5903,47059269.016285315
5904,47147608.77049368
5905,47236000.61409516
5906,47324254.873269275
5907,47412622.80278988
5908,47501103.997177035
5909,47589615.66759841
5910,47678002.98189483
5911,47766501.77766093
5912,47855111.62299246
5913,47943720.51624474
5914,48032227.9193526
5915,48120844.50452456
5916,48209569.813260645
5917,48298252.73956354
5918,48386866.86551691
5919,48475587.76323337
5920,48564414.94750026
5921,48653148.14229478
5922,48741855.22391269
5923,48830666.555957586
5924,48919581.62644348
5925,49008340.76196674
5926,49097126.63022746
5927,49186014.116638124
5928,49275002.68243683
5929,49363762.879899085
5930,49452612.96427241
5931,49541561.9239114
5932,49630542.31373252
5933,49719345.03572942
5934,49808244.36548484
5935,49897239.717592105
5936,49986176.51114155
5937,50075016.04554467
5938,50163949.25205002
5939,50252975.51878979
5940,50341842.33175136
5941,50430703.02367827
5942,50519654.34370023
5943,50608687.93672887
5944,50697465.60521515
5945,50786331.408223
5946,50875284.68823587
5947,50964200.93153084
5948,51052970.50913203
5949,51141824.99028334
5950,51230763.69178918
5951,51319534.82350303
5952,51408279.60104132
5953,51497105.94697869
5954,51585986.92623982
5955,51674610.96117093
5956,51763313.85415863
5957,51852094.87818413
5958,51940780.929039955
5959,52029349.1403706
5960,52117992.696831815
5961,52206710.846981235
5962,52295172.97123836
5963,52383667.64638983
5964,52472234.05566465
5965,52560745.97039633
5966,52649080.224909574
5967,52737483.29973048
5968,52825954.40224632
5969,52914190.41100032
5970,53002418.436169274
5971,53090711.5054054
5972,53178957.684440516
5973,53266998.82601428
5974,53355101.976977184
5975,53443266.305665806
5976,53531183.35560922
5977,53619084.58912116
5978,53707043.900271766
5979,53794930.458355434
5980,53882617.66431419
5981,53970359.80038622
5982,54058155.99829186
5983,54145659.09770163
5984,54233171.79531624
5985,54320735.346766524
5986,54408166.3798948
5987,54495437.273411915
5988,54582755.76932931
5989,54670096.62020568
5990,54757113.24539388
5991,54844174.179963596
5992,54931278.50830363
5993,55018156.36808003
5994,55104947.1425579
5995,55191777.96526564
5996,55278522.96849593
5997,55365030.895063125
5998,55451575.48724853
5999,55538155.799968995
6000,55624381.37398489
6001,55710626.92762047
6002,55796904.77275183
6003,55882954.23918732
6004,55968887.86703626
6005,56054850.32510288
6006,56140704.89897971
6007,56226313.63848503
6008,56311947.71687724
6009,56397588.535454996
6010,56482859.352558844
6011,56568151.989400975
6012,56653465.45575502
6013,56738387.8106302
6014,56823206.251733996
6015,56908041.806794725
6016,56992893.474390015
6017,57077448.55054364
6018,57161791.85546535
6019,57246147.52902796
6020,57330514.55990553
6021,57414664.44926978
6022,57498509.80041466
6023,57582362.74104304
6024,57666222.25124813
6025,57749928.84476917
6026,57833253.38980134
6027,57916580.71712727
6028,57999909.79960851
6029,58083130.114253156
6030,58165886.29260843
6031,58248640.39208633
6032,58331391.379806235
6033,58414138.22099017
6034,58496338.56435472
6035,58578496.26067917
6036,58660645.96409626
6037,58742786.635813385
6038,58824501.08325661
6039,58906039.25574351
6040,58987564.546086974
6041,59069075.912902504
6042,59150264.830937736
6043,59231160.43776348
6044,59312038.27132522
6045,59392897.28908162
6046,59473521.012440614
6047,59553751.115109086
6048,59633958.55774971
6049,59714142.298107654
6050,59794161.176309206
6051,59873702.9642859
6052,59953217.21609223
6053,60032702.89120777
6054,60112077.33451573
6055,60190908.14996511
6056,60269706.56999584
6057,60348471.55727135
6058,60427162.08200409
6059,60505259.44456809
6060,60583319.57562623
6061,60661341.442472495
6062,60739308.71561942
6063,60816650.34717477
6064,60893949.94054363
6065,60971206.469091736
6066,61048411.35219699
6067,61124975.20152995
6068,61201492.24161227
6069,61277961.45331299
6070,61354365.04558197
6071,61430129.312919565
6072,61505842.04171871
6073,61581502.22177094
6074,61657065.902357
6075,61732009.0636951
6076,61806896.005079165
6077,61881725.72662609
6078,61956411.19605435
6079,62030512.02722419
6080,62104552.010914855
6081,62178530.158952154
6082,62252299.479637325
6083,62325537.08005343
6084,62398709.2652825
6085,62471815.06022095
6086,62544630.69603759
6087,62616984.51207133
6088,62689268.41085113
6089,62761481.431679495
6090,62833306.28654223
6091,62904756.13446789
6092,62976131.6344201
6093,63047431.84141552
6094,63118229.29682969
6095,63188755.385290906
6096,63259202.771985434
6097,63329570.52892051
6098,63399304.480463676
6099,63468887.43241026
6100,63538387.41116204
6101,63607721.54523968
6102,63676344.72521135
6103,63744881.56551913
6104,63813331.17263462
6105,63881692.65685936
6106,63949351.64510963
6107,64016823.362436354
6108,64084203.68283247
6109,64151491.73785036
6110,64218228.70764096
6111,64284616.80283272
6112,64350909.43870608
6113,64417105.769212626
6114,64482881.52679877
6115,64548168.03145588
6116,64613355.12066265
6117,64678441.97187394
6118,64743217.96050994
6119,64807385.45476075
6120,64871449.6883949
6121,64935409.863428496
6122,64999148.203847386
6123,65062179.83328554
6124,65125104.47241285
6125,65187921.348816894
6126,65250584.87789364
6127,65312464.36964028
6128,65374233.261150174
6129,65435890.80654281
6130,65497436.26528323
6131,65558154.79198106
6132,65618752.383518964
6133,65679235.170302615
6134,65739602.43944137
6135,65799169.432851754
6136,65858580.78679833
6137,65917874.00591394
6138,65977048.405797824
6139,66035429.30328006
6140,66093640.109744385
6141,66151729.58343607
6142,66209697.06923556
6143,66266858.16202324
6144,66323854.75082135
6145,66380726.94438066
6146,66437474.1175999
6147,66493382.579864934
6148,66549151.931455165
6149,66604793.96391924
6150,66660272.711400054
6151,66714931.9988703
6152,66769461.754219905
6153,66823861.40799831
6154,66878028.11488041
6155,66931438.78651175
6156,66984717.25587179
6157,67037862.98527846
6158,67090687.387509935
6159,67142838.28458513
6160,67194854.45515189
6161,67246735.39382291
6162,67298188.20775303
6163,67349068.85283715
6164,67399812.39527802
6165,67450418.36245209
6166,67500471.30466633
6167,67550071.90722798
6168,67599533.18105699
6169,67648854.68670636
6170,67697480.49190353
6171,67745791.95276317
6172,67793962.01054457
6173,67841990.25933342
6174,67889162.69622225
6175,67936176.61081442
6176,67983047.20118089
6177,68029614.57402706
6178,68075467.98043582
6179,68121176.64086992
6180,68166740.21034054
6181,68211806.77327654
6182,68256349.56073304
6183,68300745.95663269
6184,68344995.65021174
6185,68388538.11900187
6186,68431763.81828582
6187,68474841.6363978
6188,68517715.66615824
6189,68559767.46825437
6190,68601670.3050742
6191,68643423.92762631
6192,68684731.78316404
6193,68725456.85151492
6194,68766031.74383555
6195,68806456.24563205
6196,68846177.68402931
6197,68885571.4679653
6198,68924814.02204946
6199,68963810.4365484
6200,69002021.04273401
6201,69040079.67470217
6202,69077986.17984912
6203,69115232.24896161
6204,69151861.45968562
6205,69188337.85226665
6206,69224661.31054197
6207,69260831.72537197
6208,69296138.76610574
6209,69331032.20347562
6210,69365772.06743516
6211,69400358.28507908
6212,69434790.79047553
6213,69468117.88829467
6214,69501274.42551108
6215,69534276.88085493
6216,69567125.2243442
6217,69599553.95871009
6218,69631128.24427651
6219,69662548.17861153
6220,69693813.76739007
6221,69724925.02312702
6222,69755297.26443838
6223,69785136.71692097
6224,69814821.75466585
6225,69844352.42542559
6226,69873728.78369695
6227,69902010.89691974
6228,69930118.37424053
6229,69958071.61315754
6230,69985870.70291619
6231,70013142.96649668
6232,70039676.65062183
6233,70066056.3856028
6234,70092282.29498038
6235,70118354.50882734
6236,70143473.42272632
6237,70168284.34520134
6238,70192941.92376803
6239,70217446.32218714
6240,70241489.31663597
6241,70264736.8696018
6242,70287831.7162242
6243,70310774.05340613
6244,70333564.08432575
6245,70355399.078759
6246,70376937.52878737
6247,70398324.29292023
6248,70419559.6067638
6249,70440259.79731558
6250,70460248.90912788
6251,70480087.3087736
6252,70499775.2636587
6253,70519311.51249778
6254,70537759.05343126
6255,70556057.00329864
6256,70574205.66064301
6257,70592205.32983914
6258,70609464.75945912
6259,70626230.86560301
6260,70642848.9751753
6261,70659319.42284015
6262,70675366.37561426
6263,70690609.92009172
6264,70705706.904528
6265,70720657.69314557
6266,70735462.6556524
6267,70749198.671251
6268,70762784.6100703
6269,70776225.95571397
6270,70789523.10652345
6271,70802005.04491742
6272,70814090.65806688
6273,70826033.413824
6274,70837833.73837413
6275,70849040.32624935
6276,70859636.95721301
6277,70870092.59618199
6278,70880407.69637302
6279,70890319.09462033
6280,70899438.69312388
6281,70908419.29101586
6282,70917261.36771041
6283,70925859.15564494
6284,70933514.25998914
6285,70941032.47736672
6286,70948414.31253621
6287,70955660.27482383
6288,70961885.18960264
6289,70967954.2537898
6290,70973889.19234018
6291,70979690.5388656
6292,70984576.07797344
6293,70989209.76466763
6294,70993711.69597591
6295,70998082.42890696
6296,71001614.50971639
6297,71004827.12433733
6298,71007910.46353269
6299,71010865.10680655
6300,71013030.98042291
6301,71014837.33922866
6302,71016517.0082496
6303,71018070.58857223
6304,71018858.81720135
6305,71019274.22820473
6306,71019565.63666397
6307,71019733.66432612
6308,71019134.09757647
6309,71018174.34129216
6310,71017093.3671807
6311,71015891.81671973
6312,71013895.56693007
6313,71011576.87698573
6314,71009139.84724812
6315,71006585.1379898
6316,71003184.55466613
6317,70999523.59830455
6318,70995747.26931275
6319,70991856.24581851
6320,70987044.88926525
6321,70982058.74776998
6322,70976960.28572844
6323,70971706.7671594
6324,70965522.81240623
6325,70959228.9614795
6326,70952825.92278913
6327,70946143.900047
6328,70938666.89231406
6329,70931083.18243352
6330,70923393.49404167
6331,70915279.8647674
6332,70906527.93649101
6333,70897672.57327521
6334,70888714.51304105
6335,70879167.28060585
6336,70869158.90398952
6337,70859050.42859821
6338,70848842.60569938
6339,70837860.84990837
6340,70826614.81737193
6341,70815272.08696653
6342,70803787.8551491
6343,70791417.26978949
6344,70778952.67449795
6345,70766394.84278746
6346,70753468.42441748
6347,70739895.14378329
6348,70726231.36028029
6349,70712477.85817789
6350,70698111.28593564
6351,70683354.89357169
6352,70668511.55854046
6353,70653582.0749527
6354,70637778.3442912
6355,70621858.67091367
6356,70605855.66408743
6357,70589515.57136208
6358,70572533.16535836
6359,70555470.26990016
6360,70538327.69514558
6361,70520484.88497554
6362,70502281.17532769
6363,70484000.7155734
6364,70465644.32365996
6365,70446619.01881413
6366,70427215.59973265
6367,70407739.20992509
6368,70388190.67422038
6369,70367979.31075454
6370,70347397.96455906
6371,70326747.46294142
6372,70306028.63671808
6373,70284628.74978751
6374,70262891.42699133
6375,70241088.79594752
6376,70219221.69257958
6377,70196631.88404141
6378,70173760.6836761
6379,70150828.05011468
6380,70127834.82352254
6381,70104054.7292491
6382,70080071.8794424
6383,70056031.49543849
6384,70031934.42079535
6385,70006964.67775811
6386,69981892.51657681
6387,69956766.7402826
6388,69931518.9235555
6389,69905430.40817016
6390,69879291.36473691
6391,69853102.64156939
6392,69826658.63859478
6393,69799521.79568896
6394,69772338.37158522
6395,69745109.21570352
6396,69717472.44766824
6397,69689309.82325396
6398,69661104.57421346
6399,69632857.55028974
6400,69604032.31370074
6401,69574866.49351199
6402,69545662.01141252
6403,69516419.71670362
6404,69486411.14997795
6405,69456264.74168271
6406,69426083.63684005
6407,69395755.53859459
6408,69364682.73364319
6409,69333578.34935932
6410,69302443.23312783
6411,69270933.76470149
6412,69238921.62015864
6413,69206881.85927354
6414,69174815.32695267
6415,69141897.3579616
6416,69108646.31061222
6417,69075371.83544119
6418,69042074.7750833
6419,69008755.97070317
6420,68974759.24217609
6421,68940279.08099604
6422,68905780.51206017
6423,68871264.37333968
6424,68836731.50116964
6425,68801639.41872023
6426,68765968.30452201
6427,68730283.78166364
6428,68694586.68240003
6429,68658877.83719169
6430,68622676.40683307
6431,68585852.37173471
6432,68549019.90002196
6433,68512179.81722419
6434,68475332.94692585
6435,68437965.20662938
6436,68399921.42825599
6437,68361874.2329042
6438,68323824.43862751
6439,68285772.86138633
6440,68247720.31503086
6441,68208513.76716541
6442,68169292.0958735
6443,68130072.79852779
6444,68090856.68250896
6445,68051644.55294897
6446,68011756.60776505
6447,67971400.45703188
6448,67931051.60827528
6449,67890710.85938624
6450,67850379.0058766
6451,67809779.4330341
6452,67768328.51376028
6453,67726889.77435155
6454,67685464.00234519
6455,67644051.98277657
6456,67602654.49816634
6457,67560207.42247607
6458,67517718.12967846
6459,67475246.61580789
6460,67432793.65461282
6461,67390360.0172139
6462,67347170.03588405
6463,67303669.17241625
6464,67260190.8386375
6465,67216735.79624447
6466,67173304.80420038
6467,67129350.64800645
6468,67084876.81253527
6469,67040430.19225079
6470,66996011.53607802
6471,66951621.590110704
6472,66906884.747232564
6473,66861476.12639619
6474,66816099.33672763
6475,66770755.11370504
6476,66725444.189885415
6477,66679908.77757912
6478,66633603.119529076
6479,66587333.835107155
6480,66541101.645713925
6481,66494907.26974629
6482,66448559.90832126
6483,66401394.497767515
6484,66354269.92602289
6485,66307186.89982332
6486,66260146.12282565
6487,66212975.81211055
6488,66164987.446852565
6489,66117044.30478972
6490,66069147.07744892
6491,66021296.45321034
6492,65973290.522825934
6493,65924495.32670167
6494,65875749.67137535
6495,65827054.232664295
6496,65778409.683177285
6497,65729645.262771614
6498,65680079.57052494
6499,65630567.64924905
6500,65581110.15858454
6501,65531707.754908636
6502,65482175.46460632
6503,65431875.05574166
6504,65381632.557748705
6505,65331448.61366521
6506,65281323.863217615
6507,65231016.46603796
6508,65180016.54675417
6509,65129078.58535913
6510,65078203.207901575
6511,65027391.037077725
6512,64976265.12094216
6513,64924489.89302106
6514,64872780.670978606
6515,64821138.06346191
6516,64769562.67572605
6517,64718055.1096361
6518,64665611.15000214
6519,64613167.9621153
6520,64560795.31912118
6521,64508493.80849963
6522,64456264.01430828
6523,64403497.44472284
6524,64350356.91722685
6525,64297290.76270751
6526,64244299.55057354
6527,64191383.84678606
6528,64138266.387720644
6529,64084464.464290015
6530,64030740.63779416
6531,63977095.45931318
6532,63923529.47645965
6533,63870035.85789469
6534,63815607.7870422
6535,63761261.43132839
6536,63706997.32328318
6537,63652815.991955414
6538,63598717.96291874
6539,63543871.34860347
6540,63488895.72605685
6541,63434005.87960913
6542,63379202.31950669
6543,63324485.55251178
6544,63269428.14866928
6545,63213858.3473822
6546,63158377.740853295
6547,63102986.82037042
6548,63047686.073734164
6549,62992388.0334798
6550,62936258.39239235
6551,62880221.25392259
6552,62824277.09027774
6553,62768426.370179474
6554,62712669.55887183
6555,62656205.00914664
6556,62599644.80922274
6557,62543180.76117588
6558,62486813.31456368
6559,62430542.91547391
6560,62373807.20464815
6561,62316756.64985912
6562,62259805.311651394
6563,62202953.62036424
6564,62146202.002879485
6565,62089173.66315276
6566,62031664.69113141
6567,61974257.887603596
6568,61916953.66366535
6569,61859752.42697197
6570,61802412.574632205
6571,61744476.35013761
6572,61686645.13298233
6573,61628919.31502238
6574,61571299.28469432
6575,61513631.47318465
6576,61455298.38528086
6577,61397073.03038447
6578,61338955.781141765
6579,61280947.00680483
6580,61222937.08517483
6581,61164236.74546188
6582,61105646.751291886
6583,61047167.456157245
6584,60988799.21018533
6585,60930435.186869964
6586,60871396.428722866
6587,60812470.51571604
6588,60753657.78226827
6589,60694958.55946603
6590,60636230.47132334
6591,60576881.35009643
6592,60517647.46100569
6593,60458529.11949985
6594,60399526.63773142
6595,60340426.42426121
6596,60280794.21841242
6597,60221279.51956706
6598,60161882.62432909
6599,60102603.826045744
6600,60043125.20869909
6601,59983236.421793096
6602,59923467.30523051
6603,59863818.136916734
6604,59804289.19154279
6605,59744427.55802706
6606,59684307.92157396
6607,59624310.00800089
6608,59564434.07668034
6609,59504680.38381555
6610,59444432.67729196
6611,59384107.15437938
6612,59323905.2969196
6613,59263827.345936246
6614,59203870.63576611
6615,59143238.152395524
6616,59082730.9420735
6617,59022349.23076179
6618,58962093.24133639
6619,58901732.34118135
6620,58840939.866934694
6621,58780274.4093128
6622,58719736.17629481
6623,58659325.37282659
6624,58598561.59754573
6625,58537631.926406644
6626,58476830.908422165
6627,58416158.733819485
6628,58355615.58984657
6629,58294451.4115356
6630,58233406.589493334
6631,58172491.951313645
6632,58111707.669716075
6633,58050762.9939406
6634,57989492.874193564
6635,57928354.206154644
6636,57867347.14817379
6637,57806471.85572045
6638,57745119.83954494
6639,57683775.10498702
6640,57622563.16224921
6641,57561484.152641684
6642,57500317.90829962
6643,57438784.603894316
6644,57377385.202155866
6645,57316119.83040978
6646,57254988.613205545
6647,57193412.93588488
6648,57131843.039007515
6649,57070408.19908311
6650,57009108.526904315
6651,56947690.54211103
6652,56885966.656255715
6653,56824378.785282604
6654,56762927.02641612
6655,56701611.47421348
6656,56639786.18473827
6657,56578061.267443314
6658,56516473.33867871
6659,56455022.47967587
6660,56393331.841229714
6661,56331485.41455472
6662,56269776.78582886
6663,56208206.02315778
6664,56146633.870380305
6665,56084681.028279096
6666,56022866.72749814
6667,55961191.02322237
6668,55899653.968132
6669,55837677.888340615
6670,55775772.50636636
6671,55714006.38648965
6672,55652379.56872965
6673,55590505.70107397
6674,55528523.396863915
6675,55466680.95649152
6676,55404978.4075286
6677,55343194.05102728
6678,55281148.5569168
6679,55219243.465556845
6680,55157478.79228891
6681,55095772.355510876
6682,55033676.98262779
6683,54971722.48962277
6684,54909908.87982753
6685,54848236.15428911
6686,54786045.2159933
6687,54723956.49493685
6688,54662009.12907582
6689,54600203.10727495
6690,54538474.34499926
6691,54476267.61335311
6692,54414202.64524074
6693,54352279.417577915
6694,54290497.90511255
6695,54228667.745408
6696,54166500.83535237
6697,54104475.99990835
6698,54042593.20216168
6699,53980852.403097
6700,53918916.00201043
6701,53856804.67152768
6702,53794835.640451744
6703,53733008.85839485
6704,53671324.2729342
6705,53609278.05557919
6706,53547237.366100214
6707,53485339.11663752
6708,53423583.243687816
6709,53361909.48960706
6710,53299811.24684167
6711,53237855.57697059
6712,53176042.4056518
6713,53114371.656625934
6714,53052570.78563447
6715,52990571.281079836
6716,52928714.34046708
6717,52866999.87699259
6718,52805427.80200193
6719,52743499.83166826
6720,52681612.19819426
6721,52619867.04153062
6722,52558264.262773514
6723,52496655.31552789
6724,52434749.620451964
6725,52372986.347921975
6726,52311365.38902867
6727,52249886.63312888
6728,52188140.66795709
6729,52126371.42047685
6730,52064744.36990923
6731,52003259.39590077
6732,51941799.75228882
6733,51880036.2419435
6734,51818414.76057131
6735,51756935.17835235
6736,51695597.363848336
6737,51633995.08936059
6738,51572390.41807329
6739,51510927.41879883
6740,51449605.95092628
6741,51388262.473781906
6742,51326685.44112729
6743,51265249.80484577
6744,51203955.41539608
6745,51142802.121733144
6746,51081314.11355348
6747,51019916.216859885
6748,50958659.23540173
6749,50897543.009494826
6750,50836290.851277515
6751,50774940.67497575
6752,50713731.036512606
6753,50652661.76780472
6754,50591630.15271797
6755,50530337.28948329
6756,50469184.54211012
6757,50408171.734354764
6758,50347298.68863017
6759,50286120.2144492
6760,50225033.52700277
6761,50164086.30590726
6762,50103278.36570056
6763,50042303.60442796
6764,49981291.77412163
6765,49920418.89497437
6766,49859684.77388398
6767,49798901.57412172
6768,49737973.03415958
6769,49677182.88943544
6770,49616530.93944027
6771,49555928.160854906
6772,49495090.98801755
6773,49434391.61495473
6774,49373829.83398144
6775,49313397.28973161
6776,49252659.21192926
6777,49192058.30007179
6778,49131594.33952741
6779,49071267.11456892
6780,49010691.14513745
6781,48950196.04383726
6782,48889837.216099985
6783,48829614.4395234
6784,48769200.05999873
6785,48708817.78587285
6786,48648571.07173793
6787,48588459.688740246
6788,48528199.034403786
6789,48467936.278739944
6790,48407808.334813125
6791,48347814.967539065
6792,48287700.926392354
6793,48227564.06249976
6794,48167561.22853528
6795,48107692.18340241
6796,48047718.35086072
6797,47987713.441361085
6798,47927841.74753952
6799,47868103.022502646
6800,47808263.658252425
6801,47748396.46230583
6802,47688661.63644607
6803,47629058.92819575
6804,47569348.915129825
6805,47509624.895593435
6806,47450032.37029737
6807,47390571.08138962
6808,47330985.88653235
6809,47271410.21704669
6810,47211965.136770666
6811,47152650.38268452
6812,47093186.02002409
6813,47033763.59202325
6814,46974470.820073456
6815,46915307.43619054
6816,46855902.86024945
6817,46796572.17436326
6818,46737370.205609776
6819,46678296.680868775
6820,46619237.121719606
6821,46560005.85588069
6822,46500902.339544386
6823,46441926.294669025
6824,46383077.442589305
6825,46324066.38269281
6826,46265068.606176905
6827,46206197.301209085
6828,46147452.18445099
6829,46088755.96322186
6830,46029870.86125575
6831,45971111.20468078
6832,45912476.70569196
6833,45853967.07594437
6834,45795311.37067239
6835,45736669.92843493
6836,45678152.58821671
6837,45619759.05744505
6838,45561392.75320098
6839,45502875.757606626
6840,45444481.784596
6841,45386210.537567236
6842,45328061.719458036
6843,45269731.28557794
6844,45211466.56441278
6845,45153323.46314594
6846,45095301.68091498
6847,45037239.36408005
6848,44979109.4642427
6849,44921100.056632936
6850,44863210.83677828
6851,44805403.05674662
6852,44747413.24108479
6853,44689542.76940391
6854,44631791.33380807
6855,44574158.62604975
6856,44516380.82906118
6857,44458654.238331884
6858,44401045.51261576
6859,44343554.340456195
6860,44286015.29921357
6861,44228437.245455585
6862,44170975.86720441
6863,44113630.849972464
6864,44056319.82223473
6865,43998894.680580154
6866,43941585.00743869
6867,43884390.48546598
6868,43827297.63397378
6869,43770029.506650746
6870,43712875.62428651
6871,43655835.66685048
6872,43598909.31409037
6873,43541844.72775266
6874,43484850.457686335
6875,43427968.870820075
6876,43371199.64441061
6877,43314343.35959269
6878,43257512.26689267
6879,43200792.60105965
6880,43144184.037021175
6881,43087528.40232459
6882,43030863.803167515
6883,42974309.360801354
6884,42917864.74798303
6885,42861402.81559234
6886,42804907.784686394
6887,42748521.627594545
6888,42692244.01505738
6889,42635969.495662816
6890,42579646.873534225
6891,42523431.830164276
6892,42467324.03442778
6893,42411231.25453037
6894,42355083.65467331
6895,42299042.3272426
6896,42243106.93939421
6897,42187190.80088202
6898,42131220.61677086
6899,42075355.38825934
6900,42019594.78092774
6901,41963850.72281551
6902,41908060.13477977
6903,41852373.175784774
6904,41796789.50997474
6905,41741213.47220468
6906,41685604.454166695
6907,41630097.72962159
6908,41574692.96141314
6909,41519281.350618884
6910,41463855.67669488
6911,41408530.95245019
6912,41353306.839560494
6913,41298056.49669996
6914,41242815.7476645
6915,41187674.59693358
6916,41132632.70514331
6917,41077540.874911785
6918,41022486.444526576
6919,40967530.25419517
6920,40912671.963639095
6921,40857736.26557493
6922,40802869.36678205
6923,40748099.34358272
6924,40693418.43256104
6925,40638644.256108694
6926,40583965.927090116
6927,40529383.103643164
6928,40474849.596360244
6929,40420266.23340444
6930,40365777.3435076
6931,40311382.58422824
6932,40256995.215977475
6933,40202603.377257235
6934,40148304.63278839
6935,40094098.63966199
6936,40039856.416508734
6937,39985656.65478726
6938,39931548.604673535
6939,39877531.922899686
6940,39823434.100173086
6941,39769426.815787666
6942,39715509.857109256
6943,39661632.7773547
6944,39607728.94265251
6945,39553914.38893494
6946,39500188.77232809
6947,39446450.99197147
6948,39392741.39023501
6949,39339119.67880471
6950,39285585.513737604
6951,39231987.04968282
6952,39178471.65770577
6953,39125042.763636276
6954,39071647.85015916
6955,39018241.06437596
6956,38964919.72693435
6957,38911683.4937954
6958,38858424.53036446
6959,38805212.911319524
6960,38752085.34610656
6961,38699018.943086185
6962,38645919.083683565
6963,38592902.22711598
6964,38539968.02955512
6965,38486992.24830325
6966,38434016.626207754
6967,38381122.600578494
6968,38328309.827549145
6969,38275577.96353533
6970,38222913.02918759
6971,38170148.06517545
6972,38117462.94755536
6973,38064857.33284011
6974,38012330.87784065
6975,37959883.239669226
6976,37907406.12178173
6977,37854932.58219551
6978,37802536.79735875
6979,37750218.42462237
6980,37697977.12165366
6981,37645784.233433
6982,37593524.55636222
6983,37541340.88837938
6984,37489232.88751316
6985,37437200.212123066
6986,37385242.52090192
6987,37333232.409271054
6988,37281262.778533265
6989,37229367.073463045
6990,37177544.95324269
6991,37125796.07740139
6992,37074050.07104897
6993,37022296.04876158
6994,36970614.21508728
6995,36919004.23015568
6996,36867465.75445585
6997,36815971.77597797
6998,36764434.6009657
6999,36712967.882724606
7000,36661571.28244993
7001,36610244.46170819
7002,36558987.082439624
7003,36507672.57960537
7004,36456421.90545441
7005,36405239.624595575
7006,36354125.399784714
7007,36303078.89416229
7008,36252004.301542476
7009,36200970.30037407
7010,36150002.97465739
7011,36099101.9884435
7012,36048267.006178364
7013,35997424.193485506
7014,35946607.209488615
7015,35895855.190630436
7016,35845167.80235755
7017,35794544.71052127
7018,35743926.73642398
7019,35693326.843604326
7020,35642790.213793896
7021,35592316.51393006
7022,35541905.411363795
7023,35491506.41649126
7024,35441123.43266362
7025,35390802.018519744
7026,35340541.84257756
7027,35290342.57377695
7028,35240157.6817311
7029,35189991.181996636
7030,35139884.56801004
7031,35089837.50995453
7032,35039849.67844308
7033,34989874.90427839
7034,34939924.234001495
7035,34890031.775477804
7036,34840197.20063592
7037,34790420.18184115
7038,34740652.34750453
7039,34690916.634801075
7040,34641237.470316775
7041,34591614.52780065
7042,34542047.48144503
7043,34492484.137701645
7044,34442962.30545278
7045,34393495.36883731
7046,34344083.00349526
7047,34294724.88551603
7048,34245364.23991827
7049,34196055.017323345
7050,34146799.04918157
7051,34097596.01309031
7052,34048436.44985199
7053,33999286.4375838
7054,33950188.371264145
7055,33901141.93005098
7056,33852146.79356092
7057,33803180.861851245
7058,33754236.601010196
7059,33705342.66460318
7060,33656498.73383337
7061,33607704.49036719
7062,33558957.227848016
7063,33510218.67287733
7064,33461528.834010184
7065,33412887.394558426
7066,33364294.03830123
7067,33315748.44948566
7068,33267225.02559108
7069,33218739.036434878
7070,33170299.85410867
7071,33121907.164563045
7072,33073560.65421998
7073,33025248.22793662
7074,32976965.641665358
7075,32928728.28363813
7076,32880535.842031643
7077,32832388.00549686
7078,32784280.99721308
7079,32736201.18422695
7080,32688165.03523721
7081,32640172.24069731
7082,32592222.491537575
7083,32544315.479165725
7084,32496438.322295338
7085,32448602.600673467
7086,32400808.686231844
7087,32353056.27222661
7088,32305345.052393265
7089,32257669.803139888
7090,32210033.57673496
7091,32162437.62523316
7092,32114881.644259278
7093,32067365.329919275
7094,32019888.43466024
7095,31972450.63674267
7096,31925051.596714947
7097,31877691.012610245
7098,31830368.582944095
7099,31783087.06259809
7100,31735846.50782815
7101,31688643.209452197
7102,31641476.867948003
7103,31594347.18427651
7104,31547258.543199256
7105,31500213.917182893
7106,31453205.061804254
7107,31406231.680018768
7108,31359293.475265704
7109,31312395.72716677
7110,31265545.530353818
7111,31218729.634326693
7112,31171947.74454848
7113,31125199.566966064
7114,31078491.480087157
7115,31031834.055962466
7116,30985209.47882991
7117,30938617.456686698
7118,30892057.69801375
7119,30845538.643011358
7120,30799072.188663572
7121,30752637.14370665
7122,30706233.218695417
7123,30659860.12466819
7124,30613530.008116096
7125,30567252.584324017
7126,30521005.148629464
7127,30474787.41416589
7128,30428599.09454935
7129,30382458.29818815
7130,30336367.83904207
7131,30290305.963106398
7132,30244272.38611116
7133,30198266.824267916
7134,30152317.245951917
7135,30106413.372906223
7136,30060536.695807427
7137,30014686.933005765
7138,29968863.803331852
7139,29923099.164878916
7140,29877380.371366475
7141,29831687.403637175
7142,29786019.982678052
7143,29740377.82995486
7144,29694796.975321956
7145,29649261.80367258
7146,29603751.10491757
7147,29558264.602695387
7148,29512802.02112137
7149,29467403.637544647
7150,29422050.70463446
7151,29376720.909183923
7152,29331413.977495886
7153,29286129.636348274
7154,29240912.15896544
7155,29195740.184639238
7156,29150590.029978424
7157,29105461.42396219
7158,29060354.0960424
7159,29015315.0675097
7160,28970322.09380444
7161,28925349.639251262
7162,28880397.435512442
7163,28835465.214720525
7164,28790605.223480865
7165,28745789.0711132
7166,28700992.1545797
7167,28656214.208230093
7168,28611454.966881502
7169,28566775.524321686
7170,28522133.915708244
7171,28477510.276785158
7172,28432904.344591655
7173,28388315.856631707
7174,28343818.808690332
7175,28299349.37614212
7176,28254896.664281886
7177,28210460.41283875
7178,28166043.298133966
7179,28121727.844808687
7180,28077428.138309065
7181,28033143.920593362
7182,27988874.93407905
7183,27944642.356059916
7184,27900495.321365707
7185,27856362.815949824
7186,27812244.584458932
7187,27768140.371995598
7188,27724095.066664595
7189,27680113.840699136
7190,27636145.943452053
7191,27592191.122253753
7192,27548249.124887124
7193,27504394.00239133
7194,27460575.91400565
7195,27416769.97069625
7196,27372975.92247104
7197,27329200.538207915
7198,27285531.63525852
7199,27241873.95835136
7200,27198227.2597183
7201,27154591.292037096
7202,27111010.449645545
7203,27067500.335793678
7204,27024000.29527164
7205,26980510.082975868
7206,26937029.454244975
7207,26893646.53321996
7208,26850292.373350702
7209,26806947.150770597
7210,26763610.623030625
7211,26720310.133533783
7212,26677100.996555824
7213,26633899.917640924
7214,26590706.65654814
7215,26547520.973471552
7216,26504423.801444896
7217,26461365.945166707
7218,26418315.04131904
7219,26375270.85229557
7220,26332258.53665435
7221,26289342.912151523
7222,26246433.386231516
7223,26203529.723481663
7224,26160631.68891692
7225,26117828.594826918
7226,26075059.40249918
7227,26032295.233140517
7228,25989535.853949223
7229,25946834.253697913
7230,25904244.868075408
7231,25861659.710196905
7232,25819078.54960038
7233,25776501.15624351
7234,25733927.300502937
7235,25691437.416977327
7236,25649034.826260384
7237,25606635.22519785
7238,25564238.386494435
7239,25521844.08326929
7240,25479452.089055292
7241,25437181.331262764
7242,25394961.7102458
7243,25352743.864557527
7244,25310527.570045926
7245,25268312.60296802
7246,25226098.739989232
7247,25184054.743831705
7248,25142014.211071476
7249,25099974.26282254
7250,25057934.678051036
7251,25015895.23612672
7252,24973911.29328575
7253,24932046.2861699
7254,24890180.914334618
7255,24848314.95943876
7256,24806448.20354023
7257,24764580.429095265
7258,24722837.136516944
7259,24681144.474385038
7260,24639450.29986901
7261,24597754.39769741
7262,24556056.552992385
7263,24514383.949762687
7264,24472862.04362654
7265,24431337.712792456
7266,24389810.744641118
7267,24348280.92694218
7268,24306748.047853302
7269,24265330.833987255
7270,24223974.332164522
7271,24182614.30014792
7272,24141250.528335165
7273,24099882.807507314
7274,24058548.13500147
7275,24017357.378178895
7276,23976162.214864146
7277,23934962.43806289
7278,23893757.8411593
7279,23852548.217915233
7280,23811484.128274143
7281,23770451.70475003
7282,23729413.810399797
7283,23688370.241189815
7284,23647320.793459374
7285,23606351.89281356
7286,23565480.026229784
7287,23524601.847623687
7288,23483717.155522306
7289,23442825.748820618
7290,23401957.99489616
7291,23361244.455503322
7292,23320523.77882839
7293,23279795.765936747
7294,23239060.21825706
7295,23198316.93758051
7296,23157742.271529716
7297,23117176.84243804
7298,23076603.27011544
7299,23036021.358501393
7300,22995430.911893077
7301,22954970.742245317
7302,22914558.271983102
7303,22874136.86697662
7304,22833706.33365285
7305,22793266.47879182
7306,22752927.113619134
7307,22712665.28473962
7308,22672393.744897727
7309,22632112.302984424
7310,22591820.768238917
7311,22551608.601190478
7312,22511495.07287647
7313,22471371.07247278
7314,22431236.411310297
7315,22391090.90106328
7316,22351012.383776065
7317,22311044.796793606
7318,22271065.991481543
7319,22231075.78158621
7320,22191073.98119271
7321,22151135.599054657
7322,22111311.580361508
7323,22071475.61178382
7324,22031627.50945894
7325,21991767.089858096
7326,21951975.34078171
7327,21912292.507810254
7328,21872597.00788356
7329,21832888.659504954
7330,21793167.281507026
7331,21753528.657402784
7332,21713984.622037478
7333,21674427.21693083
7334,21634856.26292709
7335,21595271.581195172
7336,21555792.5518648
7337,21516384.924132235
7338,21476963.237958726
7339,21437527.31650435
7340,21398076.98324911
7341,21358763.98244371
7342,21319490.373933163
7343,21280202.032172184
7344,21240898.782611277
7345,21201580.451016266
7346,21162439.864429783
7347,21123297.891460218
7348,21084140.52412603
7349,21044967.59014264
7350,21005813.914352786
7351,20966817.072526783
7352,20927804.359075997
7353,20888775.603648473
7354,20849730.636199187
7355,20810761.755284186
7356,20771892.443839446
7357,20733006.62425008
7358,20694104.12838263
7359,20655184.788406126
7360,20616406.928345602
7361,20577662.781338945
7362,20538901.502814706
7363,20500122.92683239
7364,20461349.946169246
7365,20422746.190870065
7366,20384124.857706897
7367,20345485.7826123
7368,20306828.801813155
7369,20268258.946726166
7370,20229776.27192461
7371,20191275.419472314
7372,20152756.227448102
7373,20114218.534220852
7374,20075857.79748743
7375,20037493.87683821
7376,19999111.191366468
7377,19960709.581271954
7378,19922371.453253906
7379,19884143.16334881
7380,19845895.69186934
7381,19807628.880828705
7382,19769342.572522175
7383,19731225.251434166
7384,19693111.69326338
7385,19654978.388958275
7386,19616825.182606574
7387,19578742.072840463
7388,19540761.121233925
7389,19502760.02517091
7390,19464738.630514037
7391,19426696.783400342
7392,19388845.859065577
7393,19350975.668497767
7394,19313084.79090999
7395,19275173.07419324
7396,19237367.744614262
7397,19199627.15432897
7398,19161865.49660783
7399,19124082.621078603
7400,19086328.567941707
7401,19048716.271922097
7402,19011082.535951976
7403,18973427.211378526
7404,18935750.14981232
7405,18898244.762502298
7406,18860737.65079905
7407,18823208.587473746
7408,18785657.42583572
7409,18748214.31788218
7410,18710832.535026785
7411,18673428.445201382
7412,18636001.903396893
7413,18598626.579536498
7414,18561368.833504044
7415,18524088.43272026
7416,18486785.23384052
7417,18449483.138074156
7418,18412348.14146475
7419,18375190.149786644
7420,18338009.02134256
7421,18300804.614684902
7422,18263772.00423203
7423,18226735.147386283
7424,18189674.82245046
7425,18152590.889604185
7426,18115664.54688543
7427,18078778.153212998
7428,18041868.000699442
7429,18004933.951224744
7430,17967978.125222053
7431,17931264.25489001
7432,17894526.36776105
7433,17857764.32746555
7434,17820977.997873418
7435,17784167.243093304
7436,17747564.73678915
7437,17710973.39533046
7438,17674357.51734603
7439,17637716.968669616
7440,17601051.615369946
7441,17564568.623706233
7442,17528121.886827394
7443,17491650.240845248
7444,17455153.55353171
7445,17418631.69288997
7446,17382278.433872174
7447,17345974.38195715
7448,17309645.058961675
7449,17273290.334570415
7450,17236910.07869553
7451,17200696.57565633
7452,17164533.31207752
7453,17128344.425863612
7454,17092129.788586654
7455,17055889.27204259
7456,17019825.350959692
7457,16983801.003428545
7458,16947750.691954922
7459,16911674.289973292
7460,16875571.671138566
7461,16839666.95888151
7462,16803779.68064736
7463,16767866.107238602
7464,16731926.113927461
7465,16695959.5762031
7466,16660223.499581777
7467,16624471.470491476
7468,16588692.824900597
7469,16552887.439894678
7470,16517088.744095342
7471,16481496.978275066
7472,16445878.405704074
7473,16410232.905046316
7474,16374560.355176436
7475,16338957.071602926
7476,16303521.451824013
7477,16268058.748698622
7478,16232568.842724293
7479,16197051.614605963
7480,16161549.253278634
7481,16126267.980014319
7482,16090959.356340295
7483,16055623.264562873
7484,16020259.587192351
7485,15984870.10544262
7486,15949741.40490921
7487,15914585.096267184
7488,15879401.063606897
7489,15844189.191219434
7490,15808949.363596095
7491,15773946.402088316
7492,15738940.670703536
7493,15703906.968560321
7494,15668845.181706283
7495,15633755.196386058
7496,15598887.485207608
7497,15564030.620891714
7498,15529145.548090167
7499,15494232.154583061
7500,15459290.328344459
7501,15424569.01076094
7502,15389859.33173796
7503,15355121.21535606
7504,15320354.551104194
7505,15285559.228662184
7506,15250995.182984687
7507,15216431.036611572
7508,15181838.232704297
7509,15147216.662437331
7510,15112566.217173
7511,15078170.058856688
7512,15043749.822249047
7513,15009300.716476997
7514,14974822.634377416
7515,14940346.505882729
7516,14906097.553149903
7517,14871819.633722818
7518,14837512.641895616
7519,14803176.47214495
7520,14768889.444275744
7521,14734781.44351097
7522,14700644.279443104
7523,14666477.847986408
7524,14632282.045234913
7525,14598193.96312165
7526,14564225.375539163
7527,14530227.436168944
7528,14496200.042523375
7529,14462143.092291735
7530,14428263.549396025
7531,14394432.867848687
7532,14360572.654010676
7533,14326682.806970622
7534,14292766.213159796
7535,14259101.567843197
7536,14225407.317103246
7537,14191683.361411393
7538,14157929.601411082
7539,14124240.757111643
7540,14090711.266022285
7541,14057152.003016453
7542,14023562.870101819
7543,13989943.769455405
7544,13956491.534485903
7545,13923095.779310735
7546,13889670.093316302
7547,13856214.380025625
7548,13822754.958606714
7549,13789521.54079641
7550,13756258.135868685
7551,13722964.648676649
7552,13689640.984238105
7553,13656435.943991635
7554,13623333.669137144
7555,13590201.261570726
7556,13557038.62762248
7557,13523845.673784748
7558,13490903.174224108
7559,13457930.715113208
7560,13424927.984915724
7561,13391894.891418701
7562,13358972.945248462
7563,13326159.319220044
7564,13293315.38175794
7565,13260441.041928789
7566,13227549.092746679
7567,13194893.200699743
7568,13162206.961158462
7569,13129490.284453856
7570,13096743.081072925
7571,13064138.306732932
7572,13031608.686961241
7573,12999048.599431615
7574,12966457.955878638
7575,12933900.408434335
7576,12901526.347399214
7577,12869121.792144839
7578,12836686.655638747
7579,12804220.85100024
7580,12771965.558725992
7581,12739715.496350205
7582,12707434.831546376
7583,12675123.47865046
7584,12642931.768918928
7585,12610835.177984027
7586,12578707.967431657
7587,12546550.05280007
7588,12514430.261448557
7589,12482486.138939848
7590,12450511.383547444
7591,12418505.911997898
7592,12386469.641163703
7593,12354673.52091819
7594,12322850.240432803
7595,12290996.235559437
7596,12259111.424343245
7597,12227402.309349552
7598,12195729.54285552
7599,12164026.047529332
7600,12132291.742575131
7601,12100677.33739676
7602,12069154.143839614
7603,12037600.220734008
7604,12006015.488429496
7605,11974503.290043341
7606,11943128.748785742
7607,11911723.480933806
7608,11880287.407969236
7609,11848884.708279818
7610,11817657.919695081
7611,11786400.411085054
7612,11755112.105050396
7613,11723825.993400583
7614,11692746.079511596
7615,11661635.45572724
7616,11630494.045754215
7617,11599331.411428139
7618,11568397.516598247
7619,11537432.925511647
7620,11506437.562968303
7621,11475411.353902461
7622,11444616.389368767
7623,11413797.001893211
7624,11382946.861138633
7625,11352065.893118402
7626,11321406.731096888
7627,11290731.742008306
7628,11260026.021215986
7629,11229289.495800022
7630,11198772.454931099
7631,11168241.083767159
7632,11137679.005826004
7633,11107086.149242347
7634,11076717.359144522
7635,11046328.851191165
7636,11015909.664694313
7637,10985460.928153228
7638,10955245.132655187
7639,10924998.760031493
7640,10894721.74036315
7641,10864433.754580533
7642,10834359.360855088
7643,10804254.423708037
7644,10774118.874240814
7645,10743997.197452221
7646,10714063.531791985
7647,10684099.359614132
7648,10654104.61302898
7649,10624154.623219334
7650,10594361.042752024
7651,10564536.995836403
7652,10534682.415580276
7653,10504909.313005092
7654,10475255.207298338
7655,10445570.678345893
7656,10415855.660242014
7657,10386264.469988398
7658,10356749.262824604
7659,10327203.67872228
7660,10297627.652751077
7661,10268223.227351313
7662,10238846.378691927
7663,10209439.202479899
7664,10180001.634749599
7665,10150788.65686128
7666,10121549.665021999
7667,10092280.398072524
7668,10063035.216662895
7669,10033963.778168775
7670,10004862.182229783
7671,9975730.366661096
7672,9946686.086553643
7673,9917751.568907635
7674,9888786.951386172
7675,9859792.172738945
7676,9830952.946597852
7677,9802154.97569579
7678,9773326.965510972
7679,9744470.507120658
7680,9715838.674705712
7681,9687176.9261431
7682,9658485.201908102
7683,9629883.40368406
7684,9601521.9046634
7685,9573130.714479225
7686,9544709.774750574
7687,9516259.027208533
7688,9487778.413696153
7689,9459527.789010078
7690,9431375.135267487
7691,9403192.901158093
7692,9374981.029647948
7693,9346739.463813508
7694,9318502.503308097
7695,9290586.307818703
7696,9262640.70361724
7697,9234665.634884262
7698,9206661.045909176
7699,9178626.881090313
7700,9150777.863711052
7701,9123066.840913486
7702,9095326.528814921
7703,9067556.87289771
7704,9039757.818751626
7705,9011962.716359966
7706,8984484.253337754
7707,8956976.678512929
7708,8929439.93854096
7709,8901873.980183305
7710,8874278.750307316
7711,8846905.183213936
7712,8819628.352756962
7713,8792322.537980994
7714,8764987.686799819
7715,8737623.747231716
7716,8710341.194856301
7717,8683293.141970526
7718,8656216.287660979
7719,8629110.580974652
7720,8601975.971061643
7721,8574812.407175286
7722,8547981.97767614
7723,8521132.144768918
7724,8494253.645473575
7725,8467346.430053392
7726,8440410.448873505
7727,8413705.151450822
7728,8387080.426184607
7729,8360427.222393296
7730,8333745.4914348675
7731,8307035.184767881
7732,8280472.333392286
7733,8254070.826938923
7734,8227641.031613586
7735,8201182.8998507485
7736,8174696.384184325
7737,8148292.590105218
7738,8122112.438194651
7739,8095904.188772582
7740,8069667.79533229
7741,8043403.211465186
7742,8017174.402217577
7743,7991213.764758659
7744,7965225.222775158
7745,7939208.730801556
7746,7913164.243469283
7747,7887125.681438531
7748,7861382.742136825
7749,7835612.092844477
7750,7809813.689119942
7751,7783987.486617399
7752,7758153.787168402
7753,7732626.753142023
7754,7707072.2051281445
7755,7681490.099692176
7756,7655880.393494228
7757,7630265.542671778
7758,7604952.644066172
7759,7579612.428869158
7760,7554244.854636459
7761,7528849.879017405
7762,7503467.250825506
7763,7478366.740427902
7764,7453239.112153254
7765,7428084.324531217
7766,7402902.336183888
7767,7377764.709452236
7768,7352874.86230663
7769,7327958.097243451
7770,7303014.37375008
7771,7278043.651405386
7772,7253163.2262508515
7773,7228482.339273988
7774,7203774.735512458
7775,7179040.375395536
7776,7154279.219442983
7777,7129667.633334635
7778,7105194.024933609
7779,7080693.901984122
7780,7056167.225841747
7781,7031613.9579514805
7782,7007282.301387974
7783,6983014.311079992
7784,6958720.009494351
7785,6934399.358897521
7786,6910052.321644516
7787,6886011.153451864
7788,6861947.141486504
7789,6837857.022481635
7790,6813740.759599567
7791,6789693.465507964
7792,6765857.678348767
7793,6741996.025333184
7794,6718108.470417819
7795,6694194.977645961
7796,6670460.176482729
7797,6646824.943756916
7798,6623164.050284355
7799,6599477.460888899
7800,6575765.140480172
7801,6552351.867812959
7802,6528915.60894329
7803,6505453.895225095
7804,6481966.692335055
7805,6458584.415060198
7806,6435370.783440304
7807,6412131.937165374
7808,6388867.842666815
7809,6365578.46646004
7810,6342536.751535385
7811,6319518.78373769
7812,6296475.807750483
7813,6273407.790830783
7814,6250420.244793479
7815,6227621.185577198
7816,6204797.357271127
7817,6181948.727861855
7818,6159075.265418291
7819,6136445.459701701
7820,6113838.82709919
7821,6091207.632256731
7822,6068551.843960092
7823,6045997.501978838
7824,6023606.131757759
7825,6001190.437174896
7826,5978750.387721168
7827,5956285.9529682435
7828,5934127.407224233
7829,5911948.185997413
7830,5889744.873858845
7831,5867517.441100256
7832,5845360.186811631
7833,5823415.098453574
7834,5801446.181522154
7835,5779453.407016653
7836,5757436.746015314
7837,5735599.040744971
7838,5713862.200486271
7839,5692101.764056179
7840,5670317.703227279
7841,5648509.989850269
7842,5627000.295743353
7843,5605469.900534375
7844,5583916.141358577
7845,5562338.990748036
7846,5540867.323597321
7847,5519564.695838859
7848,5498238.962871621
7849,5476890.097897015
7850,5455518.074193066
7851,5434450.170080109
7852,5413418.272196592
7853,5392363.577867226
7854,5371286.061101638
7855,5350185.695985031
7856,5329196.01863793
7857,5308431.649828966
7858,5287644.79104956
7859,5266835.41710017
7860,5246003.5028558755
7861,5225149.023266416
7862,5204613.286476223
7863,5184091.0991569385
7864,5163546.701608905
7865,5142980.069480096
7866,5122391.178492187
7867,5101970.687461994
7868,5081710.045989838
7869,5061427.496886204
7870,5041123.01655523
7871,5020796.58147387
7872,5000510.442557471
7873,4980508.259279271
7874,4960484.468604859
7875,4940439.047678183
7876,4920371.97371508
7877,4900283.224003335
7878,4880491.486396102
7879,4860723.4015656095
7880,4840933.985062942
7881,4821123.214826789
7882,4801291.068866897
7883,4781664.62893583
7884,4762149.23428633
7885,4742612.804134161
7886,4723055.3171251165
7887,4703476.751975127
7888,4684031.776211931
7889,4664766.092500381
7890,4645479.667030478
7891,4626172.479139617
7892,4606844.508234536
7893,4587596.237691102
7894,4568577.321596529
7895,4549537.955049119
7896,4530478.118062713
7897,4511397.790719658
7898,4492360.574400289
7899,4473585.518031446
7900,4454790.300063829
7901,4435974.901172866
7902,4417139.302101585
7903,4398326.629338226
7904,4379792.559746457
7905,4361238.614946852
7906,4342664.776261768
7907,4324071.025080388
7908,4305495.556919249
7909,4287199.635616956
7910,4268884.123023869
7911,4250549.001094964
7912,4232194.251851226
7913,4213867.851479437
7914,4195807.27396403
7915,4177727.3865912077
7916,4159628.171934468
7917,4141509.612632493
7918,4123443.374871991
7919,4105615.3701559026
7920,4087768.3345231228
7921,4069902.2511518467
7922,4052017.103284741
7923,4034221.3831801475
7924,4016623.213326451
7925,3999006.2889960925
7926,3981370.5939584593
7927,3963716.112046611
7928,3946200.552572881
7929,3928829.5122368415
7930,3911439.9913563654
7931,3894031.974278705
7932,3876605.4454139993
7933,3859379.004329073
7934,3842232.4203059208
7935,3825067.627156366
7936,3807884.6097924663
7937,3790683.3531884653
7938,3773754.329055419
7939,3756829.559833992
7940,3739886.8503845204
7941,3722926.186171085
7942,3706011.515002293
7943,3689323.6101216255
7944,3672618.0454441034
7945,3655894.806912577
7946,3639153.880530583
7947,3622554.9894291405
7948,3606083.4463359327
7949,3589594.5067638285
7950,3573088.1571835103
7951,3556564.384125617
7952,3540287.7017176715
7953,3524029.9738840116
7954,3507755.1103701876
7955,3491463.098162579
7956,3475234.880977745
7957,3459205.316682916
7958,3443158.8875530357
7959,3427095.581019878
7960,3411015.384573703
7961,3395124.08653942
7962,3379303.0786880557
7963,3363465.461261995
7964,3347611.222185902
7965,3331789.2998169907
7966,3316190.7382446155
7967,3300575.8314956003
7968,3284944.567918951
7969,3269296.9359207666
7970,3253824.4065421433
7971,3238429.269710913
7972,3223018.037465283
7973,3207590.698625135
7974,3192206.130422495
7975,3177027.8599588643
7976,3161833.752116204
7977,3146623.7961185733
7978,3131397.981245666
7979,3116373.2123831403
7980,3101393.3587985053
7981,3086397.9121422935
7982,3071386.8620882267
7983,3056474.4629382095
7984,3041726.5920566167
7985,3026963.4018417457
7986,3012184.8823643997
7987,2997391.0237496165
7988,2982783.52405846
7989,2968249.1884979024
7990,2953699.793750531
7991,2939135.330327639
7992,2924567.570964616
7993,2910258.735910789
7994,2895935.1077341093
7995,2881596.6773223
7996,2867243.435615861
7997,2852994.9173195595
7998,2838893.744603345
7999,2824778.0321186953
8000,2810647.7711721333
8001,2796502.9531223294
8002,2782578.058901481
8003,2768681.795725332
8004,2754771.2429843056
8005,2740846.392392946
8006,2726989.864029681
8007,2713309.8273845296
8008,2699615.7561829775
8009,2685907.642486274
8010,2672185.478406342
8011,2658663.468357084
8012,2645182.6972998716
8013,2631688.1352519384
8014,2618179.774662149
8015,2604743.5649064854
8016,2591472.9572592853
8017,2578188.806321618
8018,2564891.104870472
8019,2551579.845732147
8020,2538486.953592895
8021,2525410.1173312142
8022,2512319.974817809
8023,2499216.5191977355
8024,2486224.6519018835
8025,2473352.0773901185
8026,2460466.4371676804
8027,2447567.724689984
8028,2434685.5865884726
8029,2422014.263819971
8030,2409330.112206752
8031,2396633.1255062674
8032,2383923.2975232895
8033,2371395.842185593
8034,2358910.207882799
8035,2346411.9720227057
8036,2333901.128703362
8037,2321495.5856392216
8038,2309205.5391562656
8039,2296903.121052842
8040,2284588.3257123805
8041,2272311.8935991297
8042,2260214.546685801
8043,2248105.0545402574
8044,2235983.411823563
8045,2223849.6132421102
8046,2211935.314868555
8047,2200015.897605994
8048,2188084.55292616
8049,2176141.275804835
8050,2164365.5892546345
8051,2152633.435970009
8052,2140889.574953912
8053,2129134.001444092
8054,2117502.7933550095
8055,2105955.1327659823
8056,2094395.9807066983
8057,2082825.332669673
8058,2071344.0448610585
8059,2059978.1447679803
8060,2048600.9660844628
8061,2037212.5045506451
8062,2025886.1712947546
8063,2014699.338047241
8064,2003501.4357504104
8065,1992292.4603851328
8066,1981125.7251053513
8067,1970115.3030759892
8068,1959094.0182421529
8069,1948061.866818603
8070,1937058.9982317446
8071,1926222.369296277
8072,1915375.0805468282
8073,1904517.1284254598
8074,1893682.03614466
8075,1883016.6191690995
8076,1872340.7421573282
8077,1861654.401772202
8078,1850990.6513868396
8079,1840493.9017210708
8080,1829986.8886253852
8081,1819469.6089770522
8082,1808980.4366252562
8083,1798649.8456033934
8084,1788309.1846272268
8085,1777958.4507822457
8086,1767646.7772313931
8087,1757479.871678481
8088,1747303.0865567
8089,1737116.4191536664
8090,1726984.863403688
8091,1716979.205149043
8092,1706963.8546608537
8093,1696938.8094229246
8094,1686989.7018468387
8095,1677142.8872436874
8096,1667286.5647319264
8097,1657420.731985746
8098,1647656.127021579
8099,1637965.7864730752
8100,1628266.1193698582
8101,1618557.1235708154
8102,1608978.8119782892
8103,1599442.6094698089
8104,1589897.2588284456
8105,1580342.7580922402
8106,1570952.2787877661
8107,1561567.9114254173
8108,1552174.5714585553
8109,1542796.9127499105
8110,1533570.9085814792
8111,1524336.106136727
8112,1515092.503760612
8113,1505910.9425646616
8114,1496840.565718537
8115,1487761.5684675283
8116,1478673.949321404
8117,1469663.5221773474
8118,1460746.2936145647
8119,1451820.619417686
8120,1442886.498255942
8121,1434049.123106132
8122,1425282.6013686568
8123,1416507.8057126957
8124,1407724.7349617193
8125,1399062.0648091375
8126,1390443.8454701614
8127,1381817.5209180748
8128,1373183.0901255005
8129,1364696.5255456832
8130,1356224.240667592
8131,1347744.016315948
8132,1339267.4593262104
8133,1330946.5528063949
8134,1322617.8704064484
8135,1314281.4113505909
8136,1305993.73308937
8137,1297841.936738584
8138,1289682.550727233
8139,1281515.5744158467
8140,1273341.0071962138
8141,1265354.6864977651
8142,1257382.676054385
8143,1249403.2777414147
8144,1241416.4910814082
8145,1233436.3683648084
8146,1225647.5783241855
8147,1217851.5978788668
8148,1210048.4266763239
8149,1202238.0643939318
8150,1194477.2255558805
8151,1186860.591971376
8152,1179236.960360622
8153,1171606.330519541
8154,1163968.7022733095
8155,1156429.7116214025
8156,1148981.6311300152
8157,1141526.7405037382
8158,1134065.0396801503
8159,1126596.5286254345
8160,1119281.4086327
8161,1111998.3496890222
8162,1104708.6641045648
8163,1097412.351951982
8164,1090134.7294460894
8165,1083019.6785733837
8166,1075898.1800711309
8167,1068770.234113326
8168,1061635.8409013578
8169,1054588.747434142
8170,1047631.6901427384
8171,1040668.3600618666
8172,1033698.757488715
8173,1026722.8827472428
8174,1019942.5871266718
8175,1013180.2560023367
8176,1006411.85917382
8177,999637.3970519031
8178,992856.8700733945
8179,986140.2271860798
8180,979567.369790039
8181,972988.6475258131
8182,966404.0609108245
8183,959813.6104878241
8184,953217.296824881
8185,946785.5234750222
8186,940391.3539082969
8187,933991.5148503096
8188,927586.0069431104
8189,921174.8308533753
8190,914826.4436525295
8191,908611.8383041534
8192,902391.7524095379
8193,896166.1867036913
8194,889935.141945553
8195,883698.61891801
8196,877641.2621222237
8197,871596.0651981848
8198,865545.5717447288
8199,859489.7826070035
8200,853428.6986534313
8201,847470.1542544897
8202,841595.1090343255
8203,835714.9449708386
8204,829829.6629895933
8205,823939.264038751
8206,818102.4682670283
8207,812452.7675609101
8208,806798.1726388339
8209,801138.6844892104
8210,795474.3041221987
8211,789805.032569725
8212,784130.8708854762
8213,778513.0463966517
8214,773070.8828409046
8215,767624.0424467339
8216,762172.5263007769
8217,756716.3355106086
8218,751255.471204756
8219,745789.9345327159
8220,740402.8973968418
8221,735160.9597084619
8222,729914.5538512985
8223,724663.6810009661
8224,719408.3423532338
8225,714148.5391240336
8226,708884.2725494769
8227,703737.4888634137
8228,698688.713142159
8229,693635.6695286081
8230,688578.3592786386
8231,683516.7836675199
8232,678450.9439899246
8233,673380.8415599408
8234,668481.6492647975
8235,663619.2109291046
8236,658752.6968889687
8237,653882.1084723239
8238,649007.4470257593
8239,644128.7139145293
8240,639278.5260137108
8241,634599.7246747287
8242,629917.0306507878
8243,625230.445316216
8244,620539.970063287
8245,615845.6063022121
8246,611147.3554611534
8247,606561.3245598122
8248,602055.7215743513
8249,597546.4027309086
8250,593033.3694615798
8251,588516.6232157161
8252,583996.1654599155
8253,579486.9888219323
8254,575151.9866252153
8255,570813.436704407
8256,566471.3405259742
8257,562125.6995729532
8258,557776.5153449435
8259,553423.7893581385
8260,549188.0555380817
8261,545014.0077766085
8262,540836.5748857587
8263,536655.7583771528
8264,532471.559778336
8265,528283.9806327699
8266,524145.3149490865
8267,520129.72544433107
8268,516110.905172354
8269,512088.85566859815
8270,508063.5784837976
8271,504035.07518398244
8272,500004.4407057007
8273,496141.4807354734
8274,492275.437858056
8275,488406.31362826773
8276,484534.1096156089
8277,480658.82740426745
8278,476780.4685931233
8279,473029.5677589045
8280,469310.6750620761
8281,465588.8426403783
8282,461864.0720779578
8283,458136.364973055
8284,454405.72293801425
8285,450773.7949864065
8286,447196.62608052406
8287,443616.6530707608
8288,440033.8775520527
8289,436448.3011328782
8290,432859.9254352465
8291,429353.5869761577
8292,425912.9093500314
8293,422469.5574708821
8294,419023.5329408841
8295,415574.83737519814
8296,412123.47240196116
8297,408752.3427303368
8298,405451.11008324946
8299,402147.3337024678
8300,398841.0151900671
8301,395532.1561605476
8302,392220.7582408381
8303,388942.4590173643
8304,385775.1794867505
8305,382605.48082523263
8306,379433.36463173636
8307,376258.83251707413
8308,373081.88610394765
8309,369904.4273336813
8310,366865.81919560494
8311,363824.9108635571
8312,360781.7039305143
8313,357736.20000081963
8314,354688.4006901885
8315,351638.30762570945
8316,348703.37840863917
8317,345786.1755847496
8318,342866.78766313585
8319,339945.2162391261
8320,337021.4629189191
8321,334095.5293195903
8322,331267.9488378832
8323,328469.5617304608
8324,325669.0978322213
8325,322866.5587271438
8326,320061.94600959524
8327,317255.2612843491
8328,314539.4506722475
8329,311855.17725256877
8330,309168.93037469866
8331,306480.7116091423
8332,303790.5225363405
8333,301098.3647466751
8334,298497.7102269096
8335,295923.0292252625
8336,293346.473336967
8337,290768.0441171265
8338,288187.7431303394
8339,285605.5719506994
8340,283122.5299050552
8341,280653.0940603503
8342,278181.87734408834
8343,275708.88129422424
8344,273234.1074577838
8345,270760.4287752472
8346,268393.7510564117
8347,266025.3806104855
8348,263655.31894803833
8349,261283.56758829614
8350,258910.12805915537
8351,256561.0266257404
8352,254291.3102776863
8353,252019.9867057337
8354,249747.05740070177
8355,247472.52386168414
8356,245196.3875960397
8357,242971.90398394657
8358,240795.28966297404
8359,238617.14963182854
8360,236437.48536030008
8361,234256.29832607723
8362,232073.59001474237
8363,229973.18391888446
8364,227885.96147768525
8365,225797.29102393767
8366,223707.17400526517
8367,221615.61187682784
8368,219545.246545208
8369,217545.2248120963
8370,215543.82769702256
8371,213541.05661724167
8372,211536.91299720647
8373,209531.39826855762
8374,207586.35031372504
8375,205668.65496703316
8376,203749.6548197049
8377,201829.3512652758
8378,199907.7457041434
8379,198000.48594129886
8380,196163.06387134836
8381,194324.4028831638
8382,192484.50433923455
8383,190643.36960859317
8384,188801.00006681422
8385,187018.13035461341
8386,185256.51437157756
8387,183493.72355027727
8388,181729.7592283352
8389,179964.62274960993
8390,178224.76386079748
8391,176537.0309493625
8392,174848.18292483536
8393,173158.22109343918
8394,171467.14676733944
8395,169774.96126465264
8396,168156.8666737684
8397,166538.92368416165
8398,164919.92372467543
8399,163299.86807587242
8400,161678.7580239828
8401,160106.84810775972
8402,158556.8945566784
8403,157005.93814559514
8404,155453.98012360255
8405,153901.02174519398
8406,152377.75056621182
8407,150892.98821618315
8408,149407.2745129743
8409,147920.6106743881
8410,146432.9979233775
8411,144960.33078723526
8412,143538.0741379941
8413,142114.91515801128
8414,140690.85503403365
8415,139265.89495770977
8416,137845.3563007815
8417,136483.02814545526
8418,135119.84431097016
8419,133755.8059532815
8420,132390.91423301288
8421,131025.17031545368
8422,129718.75890085616
8423,128413.07476350757
8424,127106.58046177392
8425,125799.27712556926
8426,124491.16588924851
8427,123236.23157746118
8428,121985.67170570255
8429,120734.34387028828
8430,119482.24917076666
8431,118229.38871091587
8432,117029.37022356976
8433,115834.8744157802
8434,114639.6527517658
8435,113443.70629818313
8436,112247.0361257019
8437,111085.43518228323
8438,109944.53684207545
8439,108802.95257847103
8440,107660.68342580342
8441,106517.7304222177
8442,105396.19632474858
8443,104306.53529698943
8444,103216.22621079594
8445,102125.2700687727
8446,101033.66787713877
8447,99953.46207167796
8448,98912.78013980389
8449,97871.48604832741
8450,96829.58076872832
8451,95787.06527591322
8452,94749.10232124735
8453,93755.23889113746
8454,92760.79733107759
8455,91765.77858203999
8456,90770.18358824939
8457,89775.068690647
8458,88825.95665349209
8459,87876.2987392417
8460,86926.09585899494
8461,85975.34892693251
8462,85024.05886030938
8463,84117.07406349493
8464,83210.22051739464
8465,82302.85254014633
8466,81394.97101653318
8467,80486.57683425446
8468,79620.84298501666
8469,78754.90033256794
8470,77888.47217955586
8471,77021.55938202124
8472,76156.02429392282
8473,75329.64013693869
8474,74502.79706027237
8475,73675.4958892589
8476,72847.73745185457
8477,72025.02205736298
8478,71235.97883499331
8479,70446.50267816985
8480,69656.59438494295
8481,68866.25475584404
8482,68085.87726821206
8483,67332.51901382371
8484,66578.75243375897
8485,65824.57829943721
8486,65069.99738462919
8487,64331.332901468595
8488,63612.07568289147
8489,62892.43343998066
8490,62172.406918182714
8491,61451.99686516783
8492,60754.29711087643
8493,60067.62595832615
8494,59380.591841072564
8495,58693.19547924201
8496,58005.43759506475
8497,57347.84883965819
8498,56692.31480202565
8499,56036.438680180974
8500,55380.221169580254
8501,54730.70194787816
8502,54105.242264982364
8503,53479.459589243605
8504,52853.354590213006
8505,52226.92793932644
8506,51618.664545060376
8507,51024.65644674482
8508,50430.34563420589
8509,49835.73275040569
8510,49240.81844007848
8511,48659.353078913955
8512,48095.23966320259
8513,47530.84261392863
8514,46966.16254834515
8515,46401.20008537048
8516,45846.76122449254
8517,45311.06141785292
8518,44775.0959277186
8519,44238.865346495426
8520,43702.37026815664
8521,43175.00391547126
8522,42666.30884114709
8523,42157.36496653973
8524,41648.17286005346
8525,41138.73309156489
8526,40638.32643555784
8527,40155.29595282251
8528,39672.03254645522
8529,39188.536761683536
8530,38704.80914511735
8531,38231.11191281432
8532,37772.471319251155
8533,37313.61272917635
8534,36854.53666544689
8535,36395.2436522192
8536,35947.88737732248
8537,35512.424266585345
8538,35076.757190863726
8539,34640.88665143191
8540,34204.813150783746
8541,33783.32852916913
8542,33369.88979703019
8543,32956.26028684732
8544,32542.44047907898
8545,32128.430855328967
8546,31732.26335128331
8547,31339.752343100296
8548,30947.06294745275
8549,30554.195624731692
8550,30162.133709465437
8551,29789.67469019811
8552,29417.048483236053
8553,29044.255528621063
8554,28671.296267405483
8555,28304.27886587265
8556,27950.701917206654
8557,27596.968731555695
8558,27243.07973039496
8559,26889.03533614615
8560,26546.279086591905
8561,26210.641772605988
8562,25874.85850472478
8563,25538.929686541775
8564,25202.855722537493
8565,24884.85311769597
8566,24567.637081223056
8567,24250.285336234414
8568,23932.798267430164
8569,23615.17626033889
8570,23314.675984770616
8571,23014.951989880417
8572,22715.101887016568
8573,22415.126042701213
8574,22115.02482422802
8575,21831.55797594161
8576,21548.445743797554
8577,21265.216398261968
8578,20981.87028836783
8579,20698.675587804733
8580,20431.450416257307
8581,20164.11622503352
8582,19896.673345671446
8583,19629.12211037911
8584,19362.690215277646
8585,19110.445738266397
8586,18858.1001481494
8587,18605.653760327394
8588,18353.1068908252
8589,18102.787461942262
8590,17864.776869330883
8591,17626.67256725688
8592,17388.47485559833
8593,17150.18403481323
8594,16915.29946715057
8595,16690.816004416065
8596,16466.24576357298
8597,16241.589029567082
8598,16016.846087883268
8599,15796.697783199148
8600,15585.072822910883
8601,15373.367572429206
8602,15161.582302335808
8603,14949.717283712449
8604,14743.590978535003
8605,14544.192197744076
8606,14344.719198400322
8607,14145.172237267008
8608,13945.551571570852
8609,13752.721774525184
8610,13564.951434319551
8611,13377.112556500097
8612,13189.205384534533
8613,13001.230162320328
8614,12820.963741310752
8615,12644.257065240918
8616,12467.487165864179
8617,12290.654273854598
8618,12113.758620283628
8619,11945.317565351947
8620,11779.141213911691
8621,11612.906609492658
8622,11446.61397045555
8623,11280.26351552814
8624,11122.906886304198
8625,10966.75752520006
8626,10810.55455878372
8627,10654.298193561326
8628,10497.988636378144
8629,10350.853844070063
8630,10204.13093135407
8631,10057.358715963079
8632,9910.537393155206
8633,9764.310428124556
8634,9626.494198198596
8635,9488.632463127318
8636,9350.725407209613
8637,9212.773215034065
8638,9076.760491419469
8639,8947.270215080718
8640,8817.738127475985
8641,8688.164402808385
8642,8558.549215547571
8643,8432.39337637286
8644,8310.729530055172
8645,8189.027288986277
8646,8067.286817796055
8647,7945.5082813598765
8648,7828.831141484213
8649,7714.524020145482
8650,7600.1816629787745
8651,7485.804225538602
8652,7371.391863605069
8653,7263.800310640263
8654,7156.4082512505565
8655,7048.98387577879
8656,6941.52733117756
8657,6835.9923903302415
8658,6735.129858487241
8659,6634.2375696674035
8660,6533.315662480463
8661,6432.364275727885
8662,6335.504659286444
8663,6240.7489083104065
8664,6145.965899712047
8665,6051.155764394148
8666,5956.691012597145
8667,5867.700141213987
8668,5778.684196509312
8669,5689.643301923041
8670,5600.577581057565
8671,5514.276797915099
8672,5430.678542809175
8673,5347.057351260384
8674,5263.413339807947
8675,5179.746625140413
8676,5101.162812512846
8677,5022.632902227659
8678,4944.082027139308
8679,4865.51029725301
8680,4789.360208044816
8681,4715.612998304849
8682,4641.846538481696
8683,4568.060932268807
8684,4494.506168608471
8685,4425.251722081281
8686,4355.97960994566
8687,4286.689929934606
8688,4217.382779896874
8689,4150.816699878036
8690,4085.766395480024
8691,4020.6999812349454
8692,3955.61754935433
8693,3891.591180033094
8694,3830.506613267517
8695,3769.407282946511
8696,3708.2932759598525
8697,3647.164679294371
8698,3589.5163106844057
8699,3532.1433666030107
8700,3474.7569835227737
8701,3417.357243399104
8702,3362.12929219928
8703,3308.256586502372
8704,3254.371583718272
8705,3200.474361053431
8706,3147.6982501102943
8707,3097.1133068961603
8708,3046.517119767143
8709,2995.90976144826
8710,2945.59563396048
8711,2898.098824426154
8712,2850.5917419308976
8713,2803.0744549709816
8714,2755.547032111023
8715,2710.6180581917597
8716,2666.0124474143768
8717,2621.3975229778916
8718,2576.773349451301
8719,2534.413223483321
8720,2492.9806883303127
8721,2451.539751130387
8722,2410.0904720320536
8723,2368.6329112401086
8724,2329.6627499924643
8725,2291.171431195909
8726,2252.672595924189
8727,2214.166300251973
8728,2175.6714507575716
8729,2139.9211364564803
8730,2104.164056312766
8731,2068.400262548129
8732,2032.629807429887
8733,1997.4123521211284
8734,1964.2030011966956
8735,1930.9876153046725
8736,1897.766243113804
8737,1864.5389333336504
8738,1832.4248864616077
8739,1801.5774600214825
8740,1770.7246603152232
8741,1739.866532692107
8742,1709.0031225378434
8743,1679.818216122771
8744,1651.1661767656835
8745,1622.5093627309693
8746,1593.847816267199
8747,1565.3601807418218
8748,1538.7529008146357
8749,1512.141347919098
8750,1485.5255613787062
8751,1458.9055805463179
8752,1433.1501359121833
8753,1408.4387818450655
8754,1383.7236460810816
8755,1359.004765243208
8756,1334.2821759804604
8757,1311.082218851847
8758,1288.1328503004493
8759,1265.18014335001
8760,1242.2241321023298
8761,1219.7580372398313
8762,1198.4490622844696
8763,1177.1371168132548
8764,1155.822232554104
8765,1134.5044412555214
8766,1114.3746040854783
8767,1094.586855154553
8768,1074.7964977514998
8769,1055.0035614105411
8770,1035.619302684502
8771,1017.2474129135968
8772,998.8732129289004
8773,980.4967302015207
8774,962.1179922188483
8775,944.8446222589056
8776,927.7858638965492
8777,910.7250899409413
8778,893.6623259557099
8779,877.1127900769832
8780,861.2758742978694
8781,845.4371836463652
8782,829.5967418942436
8783,813.7952255791386
8784,799.0931706090502
8785,784.3895574529026
8786,769.6844082136594
8787,754.9777450054603
8788,740.9965981744465
8789,727.3472114752003
8790,713.6964819796851
8791,700.0444302466817
8792,686.7542089248793
8793,674.0839199433229
8794,661.4124617148568
8795,648.7398533500897
8796,636.1450199261797
8797,624.4027031237509
8798,612.659374325345
8799,600.915051265178
8800,589.169751684912
8801,578.0618448053193
8802,567.1790610617327
8803,556.2954223289869
8804,545.4109450686209
8805,534.8664446784759
8806,524.7815127924803
8807,514.6958501709564
8808,504.60947208591773
8809,494.62985403602283
8810,485.2846202811704
8811,475.93876646706707
8812,466.59230676055597
8813,457.2452553332289
8814,448.5142365262018
8815,439.8542384108102
8816,431.19373178771525
8817,422.5327298011368
8818,414.3041708924145
8819,406.2799861938296
8820,398.2553793746654
8821,390.23036262485
8822,382.4961260710332
8823,375.061341658094
8824,367.62621159529226
8825,360.190747186282
8826,352.9395875411046
8827,346.0511579094274
8828,339.1624501649904
8829,332.2734747884105
8830,325.4916739908462
8831,319.10967845939473
8832,312.72746431159885
8833,306.3450412638607
8834,300.0169560783
8835,294.10437337577406
8836,288.19162432345564
8837,282.278717928265
8838,276.3872499507422
8839,270.90974895507145
8840,265.4321273822322
8841,259.9543935805069
8842,254.48139109207736
8843,249.40713657351372
8844,244.3328014239821
8845,239.25839338044307
8846,234.18499331241117
8847,229.4844656119629
8848,224.7838920054815
8849,220.08327966255888
8850,215.39019702692036
8851,211.0360246773415
8852,206.68183647365535
8853,202.327639058941
8854,197.99541038065612
8855,193.96221474748248
8856,189.9290291354913
8857,185.89585969923195
8858,181.9050462553433
8859,178.16929734060614
8860,174.43358059485132
8861,170.69790171938166
8862,167.0292577351428
8863,163.56914034729533
8864,160.109073954811
8865,156.6490638385422
8866,153.28367420480416
8867,150.07896375459922
8868,146.874320171628
8869,143.66974834674724
8870,140.58913989905597
8871,137.6210871338086
8872,134.65311448437163
8873,131.68522647990645
8874,128.87145641171128
8875,126.12268044895696
8876,123.37399552608261
8877,120.62540583683705
8878,118.09554606905226
8879,115.58781841365192
8880,113.08018919032504
8881,110.57266222399475
8882,108.14576899660392
8883,105.858097622078
8884,103.57053006753341
8885,101.28306982101861
8886,98.99572037011644
8887,96.88077289363375
8888,94.79409325746407
8889,92.7075242976251
8890,90.62106919400439
8891,88.60542075829682
8892,86.70211849390286
8893,84.79892884573401
8894,82.89585471270081
8895,80.99289899317205
8896,79.24809469102107
8897,77.51229221623109
8898,75.7766057344669
8899,74.04103788753953
8900,72.38780592574169
8901,70.80478703958062
8902,69.22188363628253
8903,67.63909812344806
8904,66.07934565701964
8905,64.6357753289342
8906,63.192319153927706
8907,61.748979325816
8908,60.30575803781972
8909,58.96680709371361
8910,57.650621317437455
8911,56.33454969020503
8912,55.018594210119204
8913,53.76159714430626
8914,52.56156369462753
8915,51.36164166766011
8916,50.1618328834527
8917,48.98598443013597
8918,47.89195236008837
8919,46.79802856683846
8920,45.70421470796783
8921,44.61051244046988
8922,43.610579357763775
8923,42.6133859103467
8924,41.61629877756605
8925,40.61931946820588
8926,39.6881648607215
8927,38.77924081186386
8928,37.87041922612423
8929,36.96170147708601
8930,36.09729074134913
8931,35.26891214494522
8932,34.44063199645973
8933,33.61245154616083
8934,32.81232784016147
8935,32.057443844416966
8936,31.302654175716118
8937,30.54795997186207
8938,29.809358853420044
8939,29.121533308897256
8940,28.433797914006544
8941,27.746153703996278
8942,27.06609844193826
8943,26.439456550962902
8944,25.81290061705068
8945,25.18643158194193
8946,24.561811889390047
8947,23.99099146374971
8948,23.42025282203627
8949,22.849596820741002
8950,22.2790243158919
8951,21.757340333540142
8952,21.237524923287467
8953,20.717787950706526
8954,20.19813019413566
8955,19.72105252251918
8956,19.247693705788162
8957,18.77440920247187
8958,18.301199720101188
8959,17.86594806983196
8960,17.43496946568879
8961,17.004061147625315
8962,16.57322375864142
8963,16.17704280877124
8964,15.784724343980848
8965,15.392472249459336
8966,15.000287109406226
8967,14.640475469865406
8968,14.283422369051104
8969,13.926431845524196
8970,13.569504429908822
8971,13.252355295638333
8972,12.936711559105115
8973,12.621125063791942
8974,12.305596277804835
8975,11.990125668920674
8976,11.701478457496844
8977,11.422503732419425
8978,11.143581718419908
8979,10.864712828103153
8980,10.585897473770402
8981,10.324953588454846
8982,10.07839951918955
8983,9.831893907000877
8984,9.585437115510858
8985,9.339029508061287
8986,9.104588032276164
8987,8.886696638275383
8988,8.668849720725165
8989,8.451047600024781
8990,8.23329059631671
8991,8.023879027967066
8992,7.831326321824547
8993,7.638814379048784
8994,7.446343481906745
8995,7.253913912429853
8996,7.067890526832505
8997,6.897736588484958
8998,6.727619959805076
8999,6.557540889424712
9000,6.387499625759417
9001,6.2231327350510695
9002,6.072777506033031
9003,5.922456382499255
9004,5.772169583418167
9005,5.621917327560946
9006,5.477445807128374
9007,5.344589952325048
9008,5.211765237260636
9009,5.078971854748287
9010,4.946209997421001
9011,4.819888697120594
9012,4.702498955572101
9013,4.585137614579729
9014,4.4678048438987785
9015,4.350500813119887
9016,4.240633840437896
9017,4.136912352483011
9018,4.033216740122619
9019,3.9295471527882384
9020,3.8259037397617215
9021,3.730868074598538
9022,3.6392252309447173
9023,3.5476059396040998
9024,3.4560103320980136
9025,3.3644385398115277
9026,3.2827000001173694
9027,3.2017304101237336
9028,3.120782238313995
9029,3.0398556004289095
9030,2.960631959010876
9031,2.8890738224154733
9032,2.8175350447242957
9033,2.74601572788832
9034,2.6745159737467255
9035,2.606913452902533
9036,2.5436895936179336
9037,2.4804833129176376
9038,2.4172947004982146
9039,2.354123845954951
9040,2.296790262296649
9041,2.2409296821338116
9042,2.18508505188093
9043,2.129256450443175
9044,2.0745167424130226
9045,2.0251467910227787
9046,1.9757912320241298
9047,1.9264501349036036
9048,1.8771235690648171
9049,1.831055566777494
9050,1.7874334261520022
9051,1.7438243283954376
9052,1.700228334622243
9053,1.6567100517364302
9054,1.6181534429612092
9055,1.5796085928784354
9056,1.5410755553011741
9057,1.5025543839749111
9058,1.4662169290196647
9059,1.4321461640718314
9060,1.3980860437975897
9061,1.364036615518826
9062,1.3300129459172119
9063,1.2998947024161553
9064,1.2697860482153531
9065,1.2396870249801593
9066,1.2095976743209509
9067,1.1814249159686145
9068,1.1548069135687185
9069,1.1281975839745424
9070,1.1015969638216143
9071,1.0754175931336043
9072,1.0518830334894134
9073,1.0283562818759318
9074,1.004837370549137
9075,0.9813263317203978
9076,0.9598485406981508
9077,0.9390446293072794
9078,0.918247774281388
9079,0.8974580039813344
9080,0.877633097703557
9081,0.8592341681290356
9082,0.8408415882408813
9083,0.8224553830111041
9084,0.8042570770354517
9085,0.7879822880037666
9086,0.7717132119331539
9087,0.7554498708135269
9088,0.739192286602302
9089,0.7244275887686797
9090,0.710033956375662
9091,0.6956454828937267
9092,0.6812621876596653
9093,0.6677849776668187
9094,0.6550476392119992
9095,0.6423149412036073
9096,0.6295869006728891
9097,0.6173406492377628
9098,0.6060660049899557
9099,0.5947955347583345
9100,0.5835292535460578
9101,0.5724470618926415
9102,0.5624640912463285
9103,0.5524848751855762
9104,0.5425094269296735
9105,0.532537759676791
9106,0.5236756327421234
9107,0.5148366454108103
9108,0.5060010473132008
9109,0.4971688500808119
9110,0.4891885731728522
9111,0.48135641599024726
9112,0.47352730794062603
9113,0.4657012592778108
9114,0.4585407350545702
9115,0.45159758438305797
9116,0.4446571774318967
9117,0.4377195232436411
9118,0.4313156835089541
9119,0.42515747694972217
9120,0.419001739960525
9121,0.4128484805190302
9122,0.4071388077110134
9123,0.4016736410366524
9124,0.39621069794358427
9125,0.390749985473278
9126,0.3856736342953472
9127,0.3808203446258433
9128,0.375969057905566
9129,0.37111978035308124
9130,0.3666183795972534
9131,0.3623052932423274
9132,0.35799401202561515
9133,0.35368454144244793
9134,0.34970274186494216
9135,0.3458665677481071
9136,0.342032021488739
9137,0.3381991079465029
9138,0.3346849302087787
9139,0.3312697819941566
9140,0.3278561028179693
9141,0.3244438969812298
9142,0.3213489237966872
9143,0.31830545579057906
9144,0.31526331459878354
9145,0.31222250403140456
9146,0.3095019524462767
9147,0.30678659607221564
9148,0.30407243919938387
9149,0.3013989815301231
9150,0.2989721881277789
9151,0.29654647730092637
9152,0.2941218520552033
9153,0.2917776417653303
9154,0.28960663582949653
9155,0.28743661090768097
9156,0.28526756967190425
9157,0.2832144206505612
9158,0.28126921162937657
9159,0.2793248928131511
9160,0.27738146658073326
9161,0.2755848824946693
9162,0.2738389955621583
9163,0.27209391767358637
9164,0.2703496509501708
9165,0.2688206820661857
9166,0.26729292498799845
9167,0.265765884673293
9168,0.2642395629659287
9169,0.2627526262770046
9170,0.26141124308771924
9171,0.26007049693916146
9172,0.2587303894393107
9173,0.2573909221926811
9174,0.2561247221293862
9175,0.2549431515965405
9176,0.25376215067524555
9177,0.2525817207697409
9178,0.2514018632811884
9179,0.25032363784083234
9180,0.2492785867849758
9181,0.24823404700160362
9182,0.2471900197218075
9183,0.24615639504554462
9184,0.24522751335938342
9185,0.24429909142669565
9186,0.2433711303338471
9187,0.24244363116472917
9188,0.2415609683305442
9189,0.2407317758281733
9190,0.2399029996455681
9191,0.2390746407436459
9192,0.2382467000811049
9193,0.23749082002888436
9194,0.23674681059875283
9195,0.236003180008605
9196,0.23525992911260343
9197,0.23453869143181633
9198,0.23386713505587464
9199,0.23319592444653545
9200,0.23252506036888185
9201,0.23185454358616173
9202,0.2312318538898047
9203,0.23062255213280858
9204,0.2300135684014777
9205,0.22940490338324654
9206,0.22881201524525713
9207,0.2282556465434991
9208,0.2276995713882954
9209,0.22714379040237714
9210,0.22658830420692458
9211,0.22607055286493014
9212,0.22555972551653303
9213,0.2250491712844646
9214,0.22453889073473407
9215,0.2240452051629965
9216,0.22357308469852002
9217,0.22310121931433158
9218,0.22262960952924707
9219,0.2221599374272951
9220,0.22172093943618038
9221,0.2212821810958169
9222,0.22084366288458734
9223,0.22040538527962286
9224,0.21998664512814362
9225,0.2195762286295436
9226,0.21916603904703105
9227,0.2187560768231131
9228,0.21835544736112364
9229,0.21796930492067101
9230,0.21758337813178777
9231,0.2171976674072019
9232,0.21681464323985553
9233,0.21645241624280115
9234,0.21609039356112472
9235,0.2157285755785778
9236,0.21536696267786212
9237,0.2150066714157885
9238,0.2146646073984062
9239,0.214322738695469
9240,0.2139810656653295
9241,0.21363958866534138
9242,0.21329916467563098
9243,0.21297396868871168
9244,0.21264896063185473
9245,0.2123241408418766
9246,0.21199950965463296
9247,0.21167629615696706
9248,0.2113652322889279
9249,0.211054350325722
9250,0.21074365058580244
9251,0.21043313338669548
9252,0.21012471838500194
9253,0.20982551523089188
9254,0.20952648909829155
9255,0.20922764028990104
9256,0.2089289691075228
9257,0.2086331986897247
9258,0.20834397077367292
9259,0.20805491595441844
9260,0.2077660345210531
9261,0.20747732676179706
9262,0.20719230322083815
9263,0.20691148568460851
9264,0.2066308381244763
9265,0.2063503608176893
9266,0.2060700540406456
9267,0.20579412424530288
9268,0.2055204185674085
9269,0.20524688041857495
9270,0.20497351006565537
9271,0.20470030777466858
9272,0.20443204569319612
9273,0.20416437457902223
9274,0.2038968691106668
9275,0.20362952954577807
9276,0.20336323636584996
9277,0.2031005422785647
9278,0.20283801217484423
9279,0.20257564630491537
9280,0.2023134449181958
9281,0.20205330094870624
9282,0.20179500792381175
9283,0.20153687787112323
9284,0.2012789110334286
9285,0.2010211076527165
9286,0.20076611616533419
9287,0.20051160963117481
9288,0.20025726538476085
9289,0.20000308366210154
9290,0.1997497836901005
9291,0.19949839270002248
9292,0.19924716335440526
9293,0.19899609588380351
9294,0.1987451905179855
9295,0.19849593839761734
9296,0.19824740287509313
9297,0.1979990288153983
9298,0.19775081644328596
9299,0.1975031091209801
9300,0.1972569182859194
9301,0.19701088869783032
9302,0.19676502057680223
9303,0.19651931414214804
9304,0.196274771589002
9305,0.1960307972510403
9306,0.19578698432248956
9307,0.19554333301829382
9308,0.19530014226973708
9309,0.1950579835546879
9310,0.19481598632590716
9311,0.1945741507942102
9312,0.19433247716964103
9313,0.19409177496878496
9314,0.19385139510647942
9315,0.19361117712490578
9316,0.1933711212301754
9317,0.1931315877234753
9318,0.19289266106975758
9319,0.1926538965713582
9320,0.19241529443061822
9321,0.19217691760873387
9322,0.19193930837922749
9323,0.19170186165381528
9324,0.19146457763120125
9325,0.1912274565093212
9326,0.19099092701200673
9327,0.19075468588927244
9328,0.19051860787473504
9329,0.19028269316280094
9330,0.19004716520833045
9331,0.18981203705673955
9332,0.1895770724672188
9333,0.18934227163073628
9334,0.18910772244126545
9335,0.188873630844758
9336,0.18863970330279964
9337,0.18840594000298955
9338,0.1881723429731834
9339,0.1879392249710167
9340,0.18770627154621147
9341,0.18747348288305984
9342,0.1872408591650929
9343,0.18700861381775383
9344,0.18677658273576433
9345,0.1865447169583927
9346,0.18631301666591202
9347,0.18608162359443045
9348,0.18585047233444688
9349,0.1856194869396954
9350,0.18538866758723416
9351,0.18515810801729352
9352,0.18492780173214945
9353,0.18469766188564068
9354,0.18446768865164723
9355,0.18423794448123118
9356,0.1840084546855301
9357,0.18377913191059123
9358,0.18354997632714268
9359,0.18332103069070496
9360,0.18309233417155646
9361,0.18286380526061824
9362,0.18263544412548927
9363,0.1824072817119278
9364,0.18217935962456622
9365,0.18195160573533706
9366,0.1817240202087334
9367,0.18149662740667455
9368,0.18126946452362297
9369,0.18104247042872237
9370,0.18081564528337812
9371,0.18058901020828166
9372,0.18036259429602625
9373,0.1801363477600514
9374,0.1799102707586892
9375,0.17968438320184232
9376,0.17945870450339485
9377,0.17923319576581076
9378,0.17900785714436002
9379,0.1787827084728823
9380,0.1785577592782704
9381,0.17833298062417138
9382,0.17810837266280807
9383,0.17788395569154197
9384,0.17765972998129978
9385,0.1774356753851337
9386,0.17721179205223112
9387,0.17698810090220526
9388,0.17676459405148248
9389,0.17654125888135472
9390,0.17631809553798083
9391,0.17609512549155334
9392,0.17587233402455038
9393,0.17564971479681613
9394,0.17542726795149224
9395,0.1752050153108971
9396,0.17498293669708093
9397,0.17476103087269843
9398,0.17453930063910492
9399,0.17431775993144338
9400,0.17409639241644326
9401,0.17387519823198477
9402,0.1736541832756442
9403,0.17343335201369525
9404,0.17321269447899654
9405,0.17299221080643654
9406,0.1727719091799883
9407,0.17255178677457778
9408,0.17233183862111098
9409,0.17211206485149408
9410,0.17189247525284393
9411,0.1716730615379796
9412,0.17145382258955266
9413,0.17123476019469974
9414,0.17101588020363537
9415,0.17079717535634686
9416,0.170578645779537
9417,0.17036029538503994
9418,0.1701421242187735
9419,0.16992412869262818
9420,0.1697063089303455
9421,0.16948867119157218
9422,0.16927121053783267
9423,0.1690539260089202
9424,0.16883681772562373
9425,0.1686198886380425
9426,0.16840313898833564
9427,0.16818656593749387
9428,0.16797016960336308
9429,0.1677539508506103
9430,0.16753791293695702
9431,0.16732205208535683
9432,0.16710636841072288
9433,0.16689086202723574
9434,0.1666755362668472
9435,0.166460388519288
9436,0.1662454183979709
9437,0.16603062601415558
9438,0.1658160132745445
9439,0.16560157967398303
9440,0.16538732413785812
9441,0.1651732467745164
9442,0.16495934879260848
9443,0.16474563105870038
9444,0.16453209181578635
9445,0.1643187311693081
9446,0.16410554922398582
9447,0.16389254608381418
9448,0.16367972370963602
9449,0.16346708072000657
9450,0.16325461684130388
9451,0.16304233217463635
9452,0.16283022682039125
9453,0.1626183014601188
9454,0.16240655671104384
9455,0.16219499156981565
9456,0.16198360613394674
9457,0.16177240050023428
9458,0.16156137476475826
9459,0.16135053017919584
9460,0.16113986579246245
9461,0.16092938158683323
9462,0.16071907765553137
9463,0.16050895409106533
9464,0.16029901149132697
9465,0.16008924989015433
9466,0.15987966892825484
9467,0.1596702686952947
9468,0.15946104928022953
9469,0.15925201091370178
9470,0.15904315411820794
9471,0.15883447840260734
9472,0.158625983853026
9473,0.15841767055488484
9474,0.15820953859290135
9475,0.15800158854759702
9476,0.15779382005122447
9477,0.15758623314046383
9478,0.1573788278972209
9479,0.15717160440269867
9480,0.15696456301598752
9481,0.1567577036681367
9482,0.15655102630806153
9483,0.1563445310141709
9484,0.1561382178641747
9485,0.15593208708770342
9486,0.15572613876359992
9487,0.15552037281207778
9488,0.15531478930806686
9489,0.15510938832580448
9490,0.1549041700215293
9491,0.15469913453459513
9492,0.15449428178776659
9493,0.15428961185251616
9494,0.15408512479962974
9495,0.1538808207452184
9496,0.15367669984136811
9497,0.15347276202795396
9498,0.15326900737301216
9499,0.1530654359438964
9500,0.1528620478356255
9501,0.15265884318910325
9502,0.15245582196624588
9503,0.15225298423167574
9504,0.15205033004933527
9505,0.151847859503492
9506,0.15164557271386947
9507,0.15144346966413835
9508,0.15124155041552842
9509,0.1510398150285922
9510,0.15083826358202698
9511,0.15063689617208492
9512,0.1504357128013607
9513,0.15023471352771298
9514,0.15003389840832781
9515,0.14983326751856713
9516,0.1496328209328406
9517,0.14943255866886537
9518,0.14923248078115106
9519,0.14903258732354008
9520,0.14883287836870887
9521,0.14863335397253963
9522,0.14843401416397145
9523,0.14823485899418815
9524,0.1480358885137127
9525,0.14783710279241022
9526,0.14763850187138056
9527,0.1474400857872319
9528,0.14724185458784625
9529,0.14704380832044964
9530,0.14684594705166149
9531,0.14664827081132303
9532,0.14645077964069084
9533,0.14625347358437094
9534,0.14605635268778386
9535,0.14585941700940508
9536,0.1456626665752245
9537,0.14546610142724212
9538,0.14526972160680987
9539,0.14507352715965022
9540,0.14487751812942215
9541,0.14468169454690388
9542,0.14448605645086168
9543,0.14429060387941953
9544,0.1440953368771814
9545,0.14390025547700735
9546,0.14370535971193968
9547,0.1435106496175373
9548,0.143316125229159
9549,0.14312178658794764
9550,0.14292763372024112
9551,0.14273366665904857
9552,0.14253988543674603
9553,0.142346290087744
9554,0.142152880643641
9555,0.14195965713175054
9556,0.1417666195819196
9557,0.14157376802336677
9558,0.14138110248861552
9559,0.14118862300214857
9560,0.140996329590843
9561,0.1408042222814105
9562,0.14061230110145365
9563,0.14042056607750003
9564,0.14022901723180792
9565,0.14003765458859785
9566,0.1398464781714718
9567,0.1396554880034113
9568,0.13946468410777355
9569,0.13927406650719495
9570,0.13908363522092498
9571,0.13889339026948128
9572,0.1387033316727679
9573,0.13851345945007829
9574,0.1383237736206958
9575,0.1381342742034951
9576,0.13794496121452915
9577,0.13775583467065294
9578,0.13756689458811305
9579,0.13737814098255066
9580,0.1371895738693195
9581,0.13700119326362115
9582,0.13681299917820072
9583,0.13662499162628705
9584,0.1364371706205102
9585,0.1362495361728998
9586,0.13606208829499633
9587,0.13587482699839404
9588,0.1356877522924646
9589,0.1355008641868544
9590,0.13531416269061378
9591,0.13512764781220338
9592,0.13494131955949004
9593,0.13475517794038858
9594,0.13456922296099028
9595,0.13438345462735682
9596,0.13419787294500374
9597,0.13401247791885923
9598,0.13382726955326868
9599,0.13364224785232193
9600,0.1334574128190057
9601,0.13327276445578132
9602,0.13308830276466727
9603,0.13290402774710372
9604,0.13271993940395244
9605,0.13253603773562447
9606,0.13235232274190126
9607,0.1321687944217241
9608,0.13198545277365634
9609,0.13180229779568972
9610,0.1316193294852468
9611,0.13143654783917869
9612,0.1312539528539827
9613,0.13107154452516961
9614,0.13088932284788385
9615,0.13070728781671126
9616,0.13052543942567507
9617,0.13034377766823532
9618,0.13016230253735422
9619,0.12998101402539616
9620,0.1297999121240532
9621,0.12961899682454886
9622,0.12943826811754872
9623,0.1292577259931647
9624,0.12907737044095352
9625,0.12889720144999345
9626,0.12871721900869215
9627,0.12853742310492186
9628,0.12835781372603602
9629,0.12817839085883834
9630,0.1279991544895869
9631,0.1278201046039937
9632,0.127641241187285
9633,0.1274625642240384
9634,0.12728407369832287
9635,0.12710576959368008
9636,0.1269276518931106
9637,0.12674972057907796
9638,0.12657197563350722
9639,0.12639441703782392
9640,0.12621704477286122
9641,0.12603985881892504
9642,0.12586285915580456
9643,0.12568604576275608
9644,0.12550941861850765
9645,0.1253329777012567
9646,0.12515672298868563
9647,0.12498065445795162
9648,0.12480477208564959
9649,0.12462907584787518
9650,0.12445356572020053
9651,0.12427824167767706
9652,0.12410310369483502
9653,0.12392815174568703
9654,0.12375338580375171
9655,0.12357880584198064
9656,0.12340441183283644
9657,0.12323020374826628
9658,0.12305618155970573
9659,0.12288234523807728
9660,0.12270869475379428
9661,0.12253523007677555
9662,0.12236195117640465
9663,0.12218885802156729
9664,0.1220159505806457
9665,0.1218432288215198
9666,0.12167069271156464
9667,0.1214983422176553
9668,0.12132617730617522
9669,0.12115419794299405
9670,0.12098240409348218
9671,0.12081079572251857
9672,0.12063937279448744
9673,0.1204681352732777
9674,0.12029708312228607
9675,0.12012621630442495
9676,0.11995553478210505
9677,0.1197850385172452
9678,0.11961472747128127
9679,0.11944460160516295
9680,0.11927466087935343
9681,0.1191049052538323
9682,0.11893533468810365
9683,0.11876594914117741
9684,0.11859674857158294
9685,0.11842773293737373
9686,0.11825890219612643
9687,0.11809025630493905
9688,0.11792179522043582
9689,0.11775351889877422
9690,0.11758542729562323
9691,0.11741752036618394
9692,0.11724979806519004
9693,0.11708226034690483
9694,0.11691490716512348
9695,0.1167477384731759
9696,0.1165807542239345
9697,0.11641395436978803
9698,0.11624733886267115
9699,0.11608090765405821
9700,0.11591466069496181
9701,0.11574859793593499
9702,0.11558271932707782
9703,0.11541702481803164
9704,0.11525151435797301
9705,0.11508618789562983
9706,0.11492104537927851
9707,0.11475608675674223
9708,0.11459131197539386
9709,0.11442672098216554
9710,0.11426231372352776
9711,0.11409809014550731
9712,0.11393405019368688
9713,0.11377019381320616
9714,0.11360652094876095
9715,0.11344303154460719
9716,0.11327972554456625
9717,0.11311660289200332
9718,0.11295366352985549
9719,0.11279090740062218
9720,0.11262833444636808
9721,0.11246594460872297
9722,0.11230373782889172
9723,0.11214171404763562
9724,0.11197987320528599
9725,0.11181821524174926
9726,0.1116567400965029
9727,0.11149544770859864
9728,0.11133433801666451
9729,0.1111734109589076
9730,0.11101266647309856
9731,0.11085210449659437
9732,0.11069172496633226
9733,0.11053152781882948
9734,0.11037151299018602
9735,0.11021168041609442
9736,0.11005203003181378
9737,0.10989256177219686
9738,0.10973327557168418
9739,0.1095741713643057
9740,0.10941524908367946
9741,0.10925650866302362
9742,0.10909795003513521
9743,0.1089395731324071
9744,0.10878137788682898
9745,0.1086233642299874
9746,0.10846553209306559
9747,0.10830788140685002
9748,0.10815041210172278
9749,0.1079931241076604
9750,0.10783601735424833
9751,0.10767909177067404
9752,0.1075223472857309
9753,0.10736578382782135
9754,0.1072094013249538
9755,0.1070531997047367
9756,0.10689717889439374
9757,0.1067413388207607
9758,0.10658567941028446
9759,0.10643020058902983
9760,0.10627490228267583
9761,0.10611978441650684
9762,0.1059648469154321
9763,0.10581008970397832
9764,0.10565551270629317
9765,0.10550111584614727
9766,0.10534689904693526
9767,0.10519286223166324
9768,0.10503900532296913
9769,0.10488532824311798
9770,0.1047318309140003
9771,0.10457851325714097
9772,0.10442537519369074
9773,0.10427241664442453
9774,0.1041196375297544
9775,0.10396703776972659
9776,0.1038146172840217
9777,0.10366237599196092
9778,0.1035103138124983
9779,0.1033584306642199
9780,0.10320672646535789
9781,0.10305520113378382
9782,0.10290385458701291
9783,0.1027526867422093
9784,0.10260169751617113
9785,0.10245088682534353
9786,0.10230025458582044
9787,0.10214980071334602
9788,0.10199952512331173
9789,0.10184942773077162
9790,0.10169950845041104
9791,0.10154976719657732
9792,0.10140020388327337
9793,0.10125081842415727
9794,0.10110161073254673
9795,0.10095258072141963
9796,0.10080372830340097
9797,0.10065505339078296
9798,0.10050655589552043
9799,0.10035823572923061
9800,0.10021009280320123
9801,0.10006212702837737
9802,0.0999143383153679
9803,0.09976672657445454
9804,0.09961929171558706
9805,0.09947203364838679
9806,0.09932495228215553
9807,0.0991780475258473
9808,0.09903131928810145
9809,0.0988847674772306
9810,0.09873839200122533
9811,0.09859219276775812
9812,0.09844616968417533
9813,0.09830032265749776
9814,0.09815465159443203
9815,0.09800915640136838
9816,0.09786383698437932
9817,0.09771869324923371
9818,0.09757372510136413
9819,0.0974289324459022
9820,0.09728431518766693
9821,0.09713987323116662
9822,0.09699560648060813
9823,0.09685151483988018
9824,0.09670759821256358
9825,0.0965638565019368
9826,0.09642028961097485
9827,0.0962768974423509
9828,0.09613367989844049
9829,0.09599063688130346
9830,0.09584776829270768
9831,0.09570507403412412
9832,0.09556255400672463
9833,0.09542020811139611
9834,0.09527803624871067
9835,0.09513603831895595
9836,0.09499421422212667
9837,0.09485256385792637
9838,0.09471108712577567
9839,0.09456978392479595
9840,0.09442865415382018
9841,0.09428769771139757
9842,0.09414691449579315
9843,0.094006304404991
9844,0.09386586733668927
9845,0.09372560318829715
9846,0.09358551185694777
9847,0.09344559323949599
9848,0.09330584723251945
9849,0.09316627373232257
9850,0.09302687263491895
9851,0.09288764383605613
9852,0.09274858723120691
9853,0.0926097027155724
9854,0.09247099018409105
9855,0.09233244953141106
9856,0.09219408065192224
9857,0.09205588343974547
9858,0.09191785778873532
9859,0.0917800035924911
9860,0.09164232074432538
9861,0.09150480913729922
9862,0.09136746866421003
9863,0.09123029921759539
9864,0.09109330068974204
9865,0.09095647297265827
9866,0.09081981595810375
9867,0.09068332953758161
9868,0.09054701360234042
9869,0.09041086804338394
9870,0.090274892751443
9871,0.09013908761700515
9872,0.09000345253030839
9873,0.0898679873813404
9874,0.08973269205985028
9875,0.08959756645531938
9876,0.08946261045699207
9877,0.08932782395386872
9878,0.08919320683470545
9879,0.08905875898802373
9880,0.08892448030208401
9881,0.08879037066491619
9882,0.08865642996431031
9883,0.0885226580878199
9884,0.08838905492276532
9885,0.08825562035621506
9886,0.08812235427501229
9887,0.08798925656576441
9888,0.08785632711485152
9889,0.08772356580841884
9890,0.08759097253237183
9891,0.0874585471723937
9892,0.0873262896139383
9893,0.08719419974223937
9894,0.08706227744229367
9895,0.08693052259887267
9896,0.08679893509652654
9897,0.08666751481958264
9898,0.08653626165215647
9899,0.08640517547812349
9900,0.0862742561811478
9901,0.08614350364467475
9902,0.08601291775193468
9903,0.08588249838594587
9904,0.08575224542949585
9905,0.08562215876516602
9906,0.08549223827532416
9907,0.08536248384213234
9908,0.08523289534753471
9909,0.08510347267326082
9910,0.08497421570083563
9911,0.08484512431157747
9912,0.0847161983866058
9913,0.0845874378068172
9914,0.08445884245291055
9915,0.08433041220538166
9916,0.0842021469445281
9917,0.08407404655044641
9918,0.08394611090301962
9919,0.08381833988193964
9920,0.08369073336669931
9921,0.08356329123659738
9922,0.08343601337074112
9923,0.08330889964802547
9924,0.08318194994715956
9925,0.08305516414666127
9926,0.08292854212485604
9927,0.08280208375988746
9928,0.08267578892968848
9929,0.08254965751201311
9930,0.0824236893844285
9931,0.08229788442431456
9932,0.08217224250887632
9933,0.08204676351511048
9934,0.08192144731984262
9935,0.08179629379971445
9936,0.08167130283118701
9937,0.08154647429055076
9938,0.08142180805389376
9939,0.08129730399713722
9940,0.08117296199602415
9941,0.08104878192612329
9942,0.0809247636628342
9943,0.08080090708136253
9944,0.08067721205675098
9945,0.08055367846386897
9946,0.08043030617741818
9947,0.08030709507193254
9948,0.08018404502176094
9949,0.08006115590109256
9950,0.07993842758394867
9951,0.0798158599441894
9952,0.07969345285550715
9953,0.07957120619141936
9954,0.07944911982528666
9955,0.07932719363030798
9956,0.07920542747952625
9957,0.07908382124581748
9958,0.07896237480189208
9959,0.07884108802030736
9960,0.07871996077346385
9961,0.07859899293361347
9962,0.07847818437283863
9963,0.07835753496306784
9964,0.07823704457608079
9965,0.07811671308350306
9966,0.07799654035682062
9967,0.07787652626734569
9968,0.07775667068625063
9969,0.07763697348456015
9970,0.07751743453315336
9971,0.07739805370276617
9972,0.07727883086397214
9973,0.07715976588720896
9974,0.0770408586427711
9975,0.07692210900081577
9976,0.07680351683135013
9977,0.07668508200423516
9978,0.07656680438919812
9979,0.07644868385582605
9980,0.07633072027357853
9981,0.07621291351175719
9982,0.07609526343953506
9983,0.07597776992595105
9984,0.07586043283991308
9985,0.0757432520501968
9986,0.07562622742543042
9987,0.07550935883412024
9988,0.07539264614464015
9989,0.07527608922524537
9990,0.07515968794404508
9991,0.07504344216902183
9992,0.0749273517680357
9993,0.07481141660881935
9994,0.0746956365589859
9995,0.07458001148602399
9996,0.07446454125728312
9997,0.0743492257400004
9998,0.07423406480129052
9999,0.07411905830814791
