,0
0,3.904604444128839e-92
1,3.904604443763481e-92
2,3.90460444339748e-92
3,3.904604443030833e-92
4,3.904604442663543e-92
5,3.9046044422956055e-92
6,3.904604441927021e-92
7,3.9046044415577876e-92
8,3.904604441187905e-92
9,3.904604440817371e-92
10,3.904604440446185e-92
11,3.9046044400743464e-92
12,3.9046044397018526e-92
13,3.904604439328704e-92
14,3.904604438954899e-92
15,3.9046044385804354e-92
16,3.9046044382053125e-92
17,3.90460443782953e-92
18,3.904604437453087e-92
19,3.90460443707598e-92
20,3.904604436698211e-92
21,3.9046044363197755e-92
22,3.9046044359406754e-92
23,3.904604435560908e-92
24,3.904604435180472e-92
25,3.904604434799367e-92
26,3.904604434417591e-92
27,3.904604434035143e-92
28,3.9046044336520226e-92
29,3.904604433268227e-92
30,3.904604432883757e-92
31,3.90460443249861e-92
32,3.904604432112786e-92
33,3.904604431726282e-92
34,3.904604431339098e-92
35,3.904604430951233e-92
36,3.9046044305626854e-92
37,3.904604430173454e-92
38,3.904604429783538e-92
39,3.904604429392935e-92
40,3.904604429001646e-92
41,3.904604428609667e-92
42,3.9046044282169985e-92
43,3.90460442782364e-92
44,3.904604427429588e-92
45,3.904604427034843e-92
46,3.904604426639403e-92
47,3.9046044262432686e-92
48,3.904604425846436e-92
49,3.9046044254489056e-92
50,3.9046044250506753e-92
51,3.904604424651744e-92
52,3.904604424252111e-92
53,3.9046044238517756e-92
54,3.904604423450734e-92
55,3.904604423048987e-92
56,3.9046044226465345e-92
57,3.9046044222433724e-92
58,3.9046044218395005e-92
59,3.9046044214349194e-92
60,3.904604421029625e-92
61,3.904604420623618e-92
62,3.904604420216897e-92
63,3.904604419809459e-92
64,3.9046044194013055e-92
65,3.904604418992433e-92
66,3.9046044185828405e-92
67,3.9046044181725285e-92
68,3.9046044177614937e-92
69,3.904604417349736e-92
70,3.904604416937253e-92
71,3.904604416524045e-92
72,3.904604416110108e-92
73,3.904604415695445e-92
74,3.9046044152800514e-92
75,3.904604414863926e-92
76,3.904604414447069e-92
77,3.9046044140294784e-92
78,3.904604413611153e-92
79,3.9046044131920916e-92
80,3.904604412772292e-92
81,3.904604412351755e-92
82,3.904604411930477e-92
83,3.904604411508458e-92
84,3.904604411085696e-92
85,3.904604410662191e-92
86,3.90460441023794e-92
87,3.904604409812942e-92
88,3.904604409387197e-92
89,3.904604408960703e-92
90,3.904604408533458e-92
91,3.90460440810546e-92
92,3.9046044076767106e-92
93,3.904604407247206e-92
94,3.9046044068169454e-92
95,3.9046044063859275e-92
96,3.904604405954152e-92
97,3.904604405521616e-92
98,3.904604405088319e-92
99,3.9046044046542595e-92
100,1.227613153437381e-15
101,2.0289365220358284e-15
102,2.9670527131268197e-15
103,4.2575441323601884e-15
104,6.0365046447103186e-15
105,8.462339245978653e-15
106,1.1722663687723036e-14
107,1.6087855846178408e-14
108,2.186736875025119e-14
109,2.944084157832437e-14
110,3.9336410402875085e-14
111,5.208169583995432e-14
112,6.856752519949143e-14
113,8.955772072525401e-14
114,1.1613138377830962e-13
115,1.4963180989627176e-13
116,1.91706611805434e-13
117,2.4413438202727315e-13
118,3.0919199833434755e-13
119,3.897491660920417e-13
120,4.893881176665125e-13
121,6.106348935007726e-13
122,7.587542501373063e-13
123,9.383284766280314e-13
124,1.1547833639504065e-12
125,1.4170309916221621e-12
126,1.7300851463817508e-12
127,2.1069156719221357e-12
128,2.554100064442054e-12
129,3.0890606057931248e-12
130,3.71969483074396e-12
131,4.469114178031078e-12
132,5.3503458501214265e-12
133,6.3883352910316225e-12
134,7.608923297903379e-12
135,9.035971895660523e-12
136,1.07019034287981e-11
137,1.2640357123935846e-11
138,1.4895544338397173e-11
139,1.751586070406334e-11
140,2.0548849811349026e-11
141,2.4051056822850018e-11
142,2.808778658604739e-11
143,3.2734123235844394e-11
144,3.80719795134149e-11
145,4.419076048985731e-11
146,5.1196924003919676e-11
147,5.920383321766746e-11
148,6.833495324229473e-11
149,7.873669123069797e-11
150,9.056897295849748e-11
151,1.0398514120238707e-10
152,1.193096890865388e-10
153,1.366183589936648e-10
154,1.56101770543641e-10
155,1.7815836342090618e-10
156,2.0307109896881208e-10
157,2.3100291794980843e-10
158,2.6239596602844344e-10
159,2.978106063699645e-10
160,3.3738959776692966e-10
161,3.8155842354938544e-10
162,4.313236945668506e-10
163,4.867980205425098e-10
164,5.485196703793364e-10
165,6.175098941039906e-10
166,6.945355404925491e-10
167,7.798035532680146e-10
168,8.747551311919883e-10
169,9.802954044073713e-10
170,1.0968535488257692e-09
171,1.2264742414651934e-09
172,1.3698155872347668e-09
173,1.527502326074224e-09
174,1.7030728975725739e-09
175,1.895255636447912e-09
176,2.1086177321382277e-09
177,2.3419300755708365e-09
178,2.5997559578560764e-09
179,2.8820070497039946e-09
180,3.192324367353478e-09
181,3.5325746317457437e-09
182,3.9054072037659995e-09
183,4.314391756879246e-09
184,4.761966335146322e-09
185,5.248931741914561e-09
186,5.784214010583593e-09
187,6.36366462783634e-09
188,7.000874939302828e-09
189,7.693619127891075e-09
190,8.443533896498227e-09
191,9.262811214601703e-09
192,1.0152921743073415e-08
193,1.1114234523040851e-08
194,1.2161073173921456e-08
195,1.3296465564396499e-08
196,1.452687907000337e-08
197,1.5855723227339012e-08
198,1.7296823082856034e-08
199,1.8858012631368704e-08
200,2.054076490384088e-08
201,2.235312067927676e-08
202,2.430354409113505e-08
203,2.6400938247830838e-08
204,2.8669035246384277e-08
205,3.111228820539947e-08
206,3.373554825828391e-08
207,3.654963981253242e-08
208,3.9566225911297616e-08
209,4.2797543167346354e-08
210,4.6283723486617954e-08
211,5.001701086320819e-08
212,5.4008895614413904e-08
213,5.827432282571985e-08
214,6.282891952297211e-08
215,6.770164013026105e-08
216,7.293025460103227e-08
217,7.85048193135353e-08
218,8.44443030083777e-08
219,9.076849964666225e-08
220,9.749804880591244e-08
221,1.0469676201574134e-07
222,1.1236615579312799e-07
223,1.2051421471543087e-07
224,1.291655520978585e-07
225,1.383457666436205e-07
226,1.4811641542580208e-07
227,1.5852042418422405e-07
228,1.695440055351425e-07
229,1.8124203136366341e-07
230,1.9363423784895935e-07
231,2.0675470853440995e-07
232,2.2063892239900985e-07
233,2.3540506527913683e-07
234,2.5101895219679227e-07
235,2.6752016114427253e-07
236,2.849503791711865e-07
237,3.0335281379066207e-07
238,3.22772230877625e-07
239,3.4325499412063344e-07
240,3.6505972130100894e-07
241,3.880504893721817e-07
242,4.1228176661892293e-07
243,4.3781033607938756e-07
244,4.6469527504730275e-07
245,4.930404989828154e-07
246,5.228557550714457e-07
247,5.54205902987104e-07
248,5.871905682324549e-07
249,6.218133905947186e-07
250,6.582720954182165e-07
251,6.967556529763829e-07
252,7.37119215571611e-07
253,7.794399200822389e-07
254,8.237976061573127e-07
255,8.702748901808725e-07
256,9.189572430438581e-07
257,9.70070565431414e-07
258,1.023889024216763e-06
259,1.0802212058470401e-06
260,1.139166192146909e-06
261,1.2008263932379567e-06
262,1.2653076463587174e-06
263,1.33271931730016e-06
264,1.403174404492489e-06
265,1.4771847530838477e-06
266,1.554651001926081e-06
267,1.6355616386958956e-06
268,1.7200467078856953e-06
269,1.8082404775004164e-06
270,1.900281559839524e-06
271,1.9963130351302887e-06
272,2.0964825780508905e-06
273,2.2012682534613847e-06
274,2.3108545066314077e-06
275,2.4250941717218885e-06
276,2.544280128368413e-06
277,2.6684107708723817e-06
278,2.797661201145001e-06
279,2.932226997518733e-06
280,3.072252628369576e-06
281,3.218934185489912e-06
282,3.371668047506704e-06
283,3.5306365642363398e-06
284,3.695880557206725e-06
285,3.867611604428803e-06
286,4.046047819215078e-06
287,4.231929970173081e-06
288,4.426054125648035e-06
289,4.627675525998905e-06
290,4.837042969460784e-06
291,5.0544127048283006e-06
292,5.28004862614223e-06
293,5.51422246773334e-06
294,5.758320230365273e-06
295,6.0122583771499605e-06
296,6.275702451383756e-06
297,6.548960430345273e-06
298,6.832349232258362e-06
299,7.126194948608225e-06
300,7.430833081288154e-06
301,7.747401891002225e-06
302,8.076725661539844e-06
303,8.418015409890713e-06
304,8.771649290642676e-06
305,9.13801612462712e-06
306,9.51751566435329e-06
307,9.910558864611391e-06
308,1.031756815830836e-05
309,1.0740118474739122e-05
310,1.1178700862035866e-05
311,1.163270032217395e-05
312,1.210259029048941e-05
313,1.2588857122989902e-05
314,1.3093842614768253e-05
315,1.3613778227419176e-05
316,1.4158594424723908e-05
317,1.4719830712495834e-05
318,1.5297643036328743e-05
319,1.589658113899172e-05
320,1.65194338828787e-05
321,1.716064428577137e-05
322,1.782061725795988e-05
323,1.8508290112594944e-05
324,1.9218871409481372e-05
325,1.9950207775028892e-05
326,2.070322376396205e-05
327,2.148961681899017e-05
328,2.229892982442662e-05
329,2.313168296175952e-05
330,2.3991426081682036e-05
331,2.4885829815913764e-05
332,2.5806080272599213e-05
333,2.675277002222359e-05
334,2.7731295619519728e-05
335,2.8746883561472622e-05
336,2.979158049082179e-05
337,3.086605924875444e-05
338,3.197646194280697e-05
339,3.3127790728093114e-05
340,3.431185737938874e-05
341,3.5529423521967305e-05
342,3.6785902505966114e-05
343,3.80890292146156e-05
344,3.942892273810561e-05
345,4.080644264439844e-05
346,4.222437108749868e-05
347,4.369697877359996e-05
348,4.521081804815652e-05
349,4.676685623573766e-05
350,4.836608336652927e-05
351,5.0024385249193224e-05
352,5.173208661625971e-05
353,5.348704376005218e-05
354,5.529036768692435e-05
355,5.715085138409633e-05
356,5.907427210371598e-05
357,6.105053074337296e-05
358,6.308087061135571e-05
359,6.516656412899168e-05
360,6.732644252895077e-05
361,6.954852022675022e-05
362,7.183097399390426e-05
363,7.417933865900227e-05
364,7.66078410769411e-05
365,7.911067921144832e-05
366,8.166570700302998e-05
367,8.43150591693007e-05
368,8.703659492093048e-05
369,8.981504163035785e-05
370,9.270113235165658e-05
371,9.565898446663461e-05
372,9.867888987461356e-05
373,0.0001018185349481802
374,0.00010503162437454429
375,0.00010831242311621081
376,0.00011172595926647333
377,0.00011521406100110887
378,0.00011877506064540471
379,0.0001224791657314788
380,0.00012626167339365444
381,0.00013012643233443184
382,0.00013413475132258498
383,0.00013823805415930657
384,0.00014243407695252534
385,0.00014675765350660397
386,0.00015120858967810363
387,0.00015576288529624757
388,0.00016042448992914074
389,0.00016524001523197533
390,0.00017018014682228813
391,0.00017524856581572647
392,0.00018043498742398664
393,0.0001858072699025877
394,0.00019128962822784516
395,0.00019689439202440328
396,0.00020270222083228025
397,0.00020862895478841915
398,0.00021467968157815086
399,0.0002209548105538627
400,0.0002273765993080102
401,0.00023393861029387855
402,0.00024072782500492225
403,0.0002476105932312882
404,0.0002547573231154057
405,0.00026203284226094663
406,0.0002694939191423369
407,0.0002771807857290034
408,0.0002849754531786292
409,0.0002930849467739961
410,0.00030131902396277754
411,0.00030977687065718843
412,0.0003184707908410932
413,0.00032728914018730743
414,0.00033650416507897035
415,0.0003457919820346734
416,0.0003554365706402249
417,0.0003652155459027673
418,0.00037530688811242144
419,0.000385599265996455
420,0.0003961554623068849
421,0.0004069843333498557
422,0.00041802413454292115
423,0.00042941345372283097
424,0.0004409562775789731
425,0.0004529308838269269
426,0.00046499683280155137
427,0.00047758246958381925
428,0.000490263491735715
429,0.0005034156861309764
430,0.0005167403183776324
431,0.0005304775168980851
432,0.0005444744680385408
433,0.0005588175646159123
434,0.0005735167777269135
435,0.0005884872176719597
436,0.0006039196993328492
437,0.0006195394867413779
438,0.0006357373295935916
439,0.0006520685122144151
440,0.0006690254406875878
441,0.0006861670557958736
442,0.0007038415113531246
443,0.0007218285011879378
444,0.0007402447584493085
445,0.0007591132377942546
446,0.0007782961688954872
447,0.0007980834490396425
448,0.0008180585319387612
449,0.0008388031448424285
450,0.0008597379193706415
451,0.0008813381943549496
452,0.0009032853113869333
453,0.0009257563589467183
454,0.000948757568533644
455,0.0009721273254117777
456,0.0009963400807852449
457,0.0010207777278388468
458,0.001046017253732888
459,0.0010715607196563222
460,0.0010978684083773815
461,0.001124556610599204
462,0.0011519753666864672
463,0.001179848214459596
464,0.0012084224857781339
465,0.001237520884102949
466,0.0012672966933857776
467,0.0012976625483753982
468,0.001328687525346894
469,0.0013603637507788417
470,0.0013926871647994225
471,0.0014257176896118556
472,0.0014593904827723747
473,0.0014938202593135577
474,0.0015288950799115097
475,0.0015647700927910757
476,0.001601301329126709
477,0.0016386686045516436
478,0.0016767344812017937
479,0.0017156929810843908
480,0.001755295553762273
481,0.00179595129087416
482,0.0018370647362161753
483,0.0018794776945396164
484,0.0019221531163567116
485,0.0019663810980131637
486,0.00201068690909468
487,0.0020567789347679093
488,0.00210296213444421
489,0.0021507919459372335
490,0.0021989129774785767
491,0.002248544228541723
492,0.0022986648123997336
493,0.002350163284216477
494,0.0024023464238294378
495,0.0024557800683308447
496,0.0025100900563901924
497,0.002565529039384787
498,0.002622031464455733
499,0.0026795482085761138
500,0.0027383099619902223
501,0.0027979791894493424
502,0.0028590684724015343
503,0.0029209672475482736
504,0.002984453578351961
505,0.0030486613500144964
506,0.0031146155714761843
507,0.0031812142150807687
508,0.003249708501970778
509,0.0033187823614269888
510,0.0033898902280295783
511,0.0034615261573741367
512,0.003535322465106658
513,0.003609609869900824
514,0.0036861708350006232
515,0.003763201713481273
516,0.0038426049147604812
517,0.003922473898746304
518,0.0040047982854211584
519,0.004087602680980655
520,0.004172928580583117
521,0.004258768408473412
522,0.004347177534857867
523,0.004436155570747996
524,0.004527731032203484
525,0.004619952846695967
526,0.004714779154180273
527,0.004810403204992624
528,0.004908825041333479
529,0.005007626324344363
530,0.0051097439979903275
531,0.005212041371440975
532,0.005317742737869347
533,0.005423844696536445
534,0.005533032903344508
535,0.005643043454150346
536,0.005755831121695956
537,0.005869856038283533
538,0.005986359061518183
539,0.006104505889061286
540,0.0062248434895566945
541,0.006347221550380318
542,0.006471516328066025
543,0.006598236728005925
544,0.006726644868671179
545,0.0068579047727384814
546,0.006990426023232739
547,0.007126344980237595
548,0.007263108034187861
549,0.007403807679846976
550,0.007544949250686689
551,0.007690660108534863
552,0.00783662737853478
553,0.007987029315202544
554,0.00813814619190852
555,0.00829318343285913
556,0.008449581530502903
557,0.00860939653060911
558,0.008771209508963436
559,0.008935948679704
560,0.00910331225193384
561,0.009273126019559319
562,0.00944617796056755
563,0.009621220823859801
564,0.009800100979095304
565,0.009980531566757272
566,0.010165381861414394
567,0.010351362989108569
568,0.010542327437635727
569,0.01073402616467296
570,0.010931250880518965
571,0.01112883856619088
572,0.011332471771719128
573,0.011536463317240793
574,0.011746316167762916
575,0.011956878086051989
576,0.012173116665674095
577,0.012390401695336718
578,0.012613212468167505
579,0.012837375490645139
580,0.013066949448326773
581,0.013298147497932995
582,0.013534680213684104
583,0.013773072487554187
584,0.014016764169623731
585,0.014262512037538179
586,0.014513567582026576
587,0.014766834596072951
588,0.015025463639080246
589,0.015286415543129577
590,0.015552832512185004
591,0.01582163725115404
592,0.016096061415883926
593,0.016372889144765042
594,0.01665574516939724
595,0.01694103932890753
596,0.01723208888849818
597,0.017526047616479478
598,0.017825512559512827
599,0.018128349042524618
600,0.0184364403970511
601,0.018748380612078976
602,0.019065302794227044
603,0.01938658541217407
604,0.0197125367470209
605,0.020043413872695776
606,0.020378585645469457
607,0.0207193239682353
608,0.021063898648267722
609,0.021414780871626318
610,0.0217689059396725
611,0.022130150070720757
612,0.02249408006257332
613,0.02286589897829703
614,0.023239905446231588
615,0.023622514501262588
616,0.024006874985095454
617,0.024400492012823148
618,0.024795490081528503
619,0.02520033539558214
620,0.025606260687848405
621,0.0260225570840666
622,0.026439705347957452
623,0.0268676781068996
624,0.027296403983443764
625,0.027736228128799768
626,0.028176879084540033
627,0.02862874549258595
628,0.029081552192674748
629,0.029545777261356366
630,0.030010972871328236
631,0.030487879261014962
632,0.03096579512292327
633,0.03145561612330865
634,0.03194665988323621
635,0.032449561329537614
636,0.0329540725640061
637,0.033470297255089494
638,0.03398862195081705
639,0.03451841521492578
640,0.035050905806315744
641,0.0355945155101355
642,0.036141530917119524
643,0.03669920747565647
644,0.03726220513622668
645,0.03783835578966006
646,0.0384155203141496
647,0.03900536597824506
648,0.039601454693969265
649,0.04020086190310593
650,0.04081629774366843
651,0.041432816586706195
652,0.04206063260859104
653,0.04269685730932552
654,0.04333527345773093
655,0.0439913530956458
656,0.044648587258245276
657,0.045317414756039134
658,0.045994719056279026
659,0.046676076621961625
660,0.04737365587209138
661,0.048072462675119956
662,0.048786403473489844
663,0.049505748931420665
664,0.05023392770362677
665,0.050974062156613154
666,0.0517171631367288
667,0.052478359120542106
668,0.05324089460568429
669,0.05401957208117786
670,0.05480350152346721
671,0.05559861428588126
672,0.056404255697152184
673,0.05721638440505799
674,0.05804407892351885
675,0.058873770060834545
676,0.05972388261025167
677,0.06057549113036172
678,0.061444570692959354
679,0.06231902693569275
680,0.06320704183116
681,0.0641047617611542
682,0.06501219092378914
683,0.06593361748601287
684,0.06686090995588287
685,0.067806514560188
686,0.06875408815892611
687,0.06972437241097502
688,0.07069636410375747
689,0.07168810913907762
690,0.07268535865079774
691,0.07369864044158404
692,0.07472171709271656
693,0.07575686204728647
694,0.07680633776313206
695,0.07786369962101147
696,0.07894019023249901
697,0.08002006666902117
698,0.08112425178374709
699,0.08223037996889311
700,0.08335945915450411
701,0.08449406515389796
702,0.08564672141155204
703,0.08681059374922269
704,0.08798691603080773
705,0.08918090089853306
706,0.09038087813743277
707,0.09160588469756227
708,0.09283304694152203
709,0.09408639179514648
710,0.09534561052955055
711,0.09662319810149657
712,0.09791553030871454
713,0.09921698381713473
714,0.10054357160369719
715,0.1018724938298628
716,0.1032303815245703
717,0.10459485850215702
718,0.10597644945241767
719,0.10737782562497424
720,0.10878205663126088
721,0.11022179420241433
722,0.11166406532650917
723,0.11312690482068884
724,0.11460920142077369
725,0.11609410646629949
726,0.11761702626724295
727,0.11914377424996646
728,0.12068706920667849
729,0.12225757234179471
730,0.12383083914224541
731,0.12543466966858854
732,0.12705386930410648
733,0.12867591829776515
734,0.13034099576747024
735,0.1320113700262423
736,0.13368996293606095
737,0.135410329430215
738,0.13713372330910334
739,0.13887198982824356
740,0.14064646176688653
741,0.14242405630136343
742,0.1442240676479737
743,0.14605384069842142
744,0.14788683365985691
745,0.1497507123148047
746,0.15163699891805746
747,0.15352660488102302
748,0.15545652496289164
749,0.1574005544062534
750,0.15934800482126937
751,0.16134619245830936
752,0.16334921095409197
753,0.16536484158350265
754,0.1674244879276249
755,0.16948775869819818
756,0.1715752004475545
757,0.17369627129933526
758,0.1758210746682569
759,0.1779826992562717
760,0.18016648985794698
761,0.182354123346732
762,0.18459235594651927
763,0.1868401788098537
764,0.18910015527047222
765,0.1914092768472549
766,0.1937224618601122
767,0.1960629433453378
768,0.19843865726185028
769,0.20081855179912708
770,0.20324211322436167
771,0.20568578205974108
772,0.20813443267698997
773,0.21064302225357964
774,0.21315602627652236
775,0.21569191983961705
776,0.21827111843094957
777,0.2208548557215961
778,0.2234807198823547
779,0.22613194101760628
780,0.22878782759256583
781,0.23150644591432123
782,0.23423112115535497
783,0.2369801422019782
784,0.23977480341794047
785,0.24257438248974778
786,0.24542069196454508
787,0.2482915908744585
788,0.25117063917151056
789,0.2541140799488154
790,0.2570627003941582
791,0.2600437484691446
792,0.26306627399201865
793,0.26609411835090624
794,0.26918020804287535
795,0.2722833366938133
796,0.27540648353779257
797,0.27858615710994306
798,0.28177142605659616
799,0.28500706662834163
800,0.28827416790648763
801,0.29154701840848657
802,0.29489028497174946
803,0.2982458213764985
804,0.3016232833048099
805,0.30506241640789605
806,0.308507601464782
807,0.31199991209335604
808,0.3155298634542474
809,0.31906602658475114
810,0.32267698689518487
811,0.3262991790906774
812,0.3299517235715328
813,0.3336611429538741
814,0.337377089921486
815,0.3411545971722515
816,0.34495920953530834
817,0.34878207718157256
818,0.352676725785126
819,0.3565782279277754
820,0.36053212488143244
821,0.36452528409856416
822,0.368527758330996
823,0.3726141300776299
824,0.3767076927447465
825,0.38084707614858626
826,0.38503567181741744
827,0.38923163829345425
828,0.39353224277522286
829,0.39784721006365104
830,0.4021697705394907
831,0.40657590522546677
832,0.4110198443199313
833,0.41547160355764434
834,0.4199884448941257
835,0.424567116018533
836,0.4291538443784761
837,0.43377575019835163
838,0.43849205682944564
839,0.44321666289770406
840,0.44794958300790877
841,0.45280384062641577
842,0.4576693379846407
843,0.4625433973157458
844,0.4675117513065335
845,0.4725212590802591
846,0.47753958224662335
847,0.4826251903418324
848,0.48778193287002586
849,0.4929477498845881
850,0.49815368482407185
851,0.5034609914560156
852,0.5087776375268206
853,0.5141068943622037
854,0.519568199634253
855,0.5250391153415189
856,0.530519658395787
857,0.5361134609076058
858,0.5417421928324453
859,0.5473808298185561
860,0.5531068223159294
861,0.5588970242299751
862,0.5646974153492181
863,0.5705584778769609
864,0.5765139122429547
865,0.5824798265789978
866,0.5884787372639284
867,0.5946030698238608
868,0.6007381795694174
869,0.6068840854655507
870,0.613174704079456
871,0.61948223360256
872,0.6258008626888558
873,0.6322399901468055
874,0.6387231985586344
875,0.6452178156814338
876,0.6518102865956278
877,0.65847246786974
878,0.6651463727991115
879,0.6718971358348845
880,0.6787416189404054
881,0.685598146503567
882,0.6925122645097344
883,0.69954241355668
884,0.7065849337835777
885,0.7136675838880496
886,0.7208867982845364
887,0.7281187165653328
888,0.7353751902383124
889,0.7427869048593689
890,0.7502116621135526
891,0.7576494849523921
892,0.7652550505680434
893,0.7728761234248223
894,0.7805106073291149
895,0.7883037386248963
896,0.796124639614842
897,0.8039593032962712
898,0.8119456585433917
899,0.8199699363013385
900,0.828008334639382
901,0.8361936865052751
902,0.8444249259847268
903,0.8526706502414443
904,0.861055368713004
905,0.8694901019980229
906,0.8779396781548715
907,0.8865402073553329
908,0.8951723451701987
909,0.9038467697083145
910,0.9126552541817599
911,0.9214792392289668
912,0.9304085633196347
913,0.9394035391097426
914,0.9484474007395717
915,0.9576082358262342
916,0.9667851915293038
917,0.9761049764815174
918,0.9854434432586442
919,0.9949022722827555
920,1.0043980701008366
921,1.014006218211384
922,1.023655585398256
923,1.0334210675916045
924,1.0432206201027814
925,1.0531496830646454
926,1.0631205201412088
927,1.0731938863401536
928,1.0833820117485569
929,1.09367924336825
930,1.1039945953576715
931,1.1144453818865345
932,1.1249881340430121
933,1.135549438619553
934,1.1462699068486717
935,1.1570621800346266
936,1.1678734447307688
937,1.1788707284574185
938,1.1899165639839098
939,1.2009818372223369
940,1.2122631832124642
941,1.2235666636282927
942,1.2349178694558154
943,1.246462802987564
944,1.2580280525099572
945,1.2696749139234549
946,1.2814853157465818
947,1.2933165007133771
948,1.3052665746527987
949,1.3173466463098087
950,1.3294479756570978
951,1.3417089311229276
952,1.3540629171838465
953,1.3664386429509598
954,1.3790182608674892
955,1.3916504494625332
956,1.40431900357211
957,1.417211040422878
958,1.4301257638049907
959,1.443125501751917
960,1.4563039463580851
961,1.4695055814964524
962,1.4828445894873339
963,1.4963138563919929
964,1.5098068255981179
965,1.5234933009371114
966,1.5372578506049386
967,1.551049239721572
968,1.565088873239675
969,1.57915321275156
970,1.5933053047296226
971,1.6076487478975743
972,1.6220174316828224
973,1.636538724995189
974,1.6511905722774034
975,1.665868202885453
976,1.6808032974183171
977,1.6958115261690112
978,1.7108461653813654
979,1.7260852842826202
980,1.7414556256427116
981,1.7568530146855552
982,1.7724046085993346
983,1.7881428646906627
984,1.8039088158960113
985,1.819781433970053
986,1.8358934803993228
987,1.8520338797133686
988,1.8682361640738432
989,1.8847279529206704
990,1.9012487628970913
991,1.9177986450724844
992,1.934667005862663
993,1.9515742689569662
994,1.9685112843040906
995,1.9857316068851802
996,2.0030314490814694
997,2.0203617343645086
998,2.0379429685245327
999,2.0556416033272544
1000,2.073371382984759
1001,2.0913225492642913
1002,2.1094262820905656
1003,2.1275618726354866
1004,2.145892054867147
1005,2.1644072878789427
1006,2.1829551027393395
1007,2.2016734399792623
1008,2.220606677399355
1009,2.2395732322436883
1010,2.258688910015059
1011,2.2780467639758553
1012,2.2974386825721016
1013,2.316960923325427
1014,2.3367501203054553
1015,2.35657414096894
1016,2.3765121936453197
1017,2.3967395815552144
1018,2.417002564247054
1019,2.437365692808503
1020,2.4580382487953876
1021,2.478747182940607
1022,2.4995446537043495
1023,2.5206694927527153
1024,2.541831505856271
1025,2.563081137903786
1026,2.5847367635216476
1027,2.606430497236677
1028,2.6281624061088724
1029,2.650135583702279
1030,2.6723689847763175
1031,2.6946415106773003
1032,2.716953230254392
1033,2.7396733161052893
1034,2.7624944579421267
1035,2.7853557588719395
1036,2.808379054817042
1037,2.8317911481232665
1038,2.8552444404385207
1039,2.878739004261971
1040,2.9024662120841525
1041,2.9265209764677973
1042,2.9506180707891114
1043,2.9747575695373953
1044,2.9992117532315126
1045,3.0239209384173824
1046,3.0486736051459253
1047,3.0734698299329506
1048,3.098674424698416
1049,3.1240498983986513
1050,3.149470026130535
1051,3.1749348864731375
1052,3.2009136928433586
1053,3.226967440351796
1054,3.253067035471747
1055,3.2792925928690893
1056,3.3059897368650555
1057,3.3327338606777115
1058,3.359525046978889
1059,3.3865649362143597
1060,3.4139634416459472
1061,3.4414101611021075
1062,3.468905179426543
1063,3.4967842094690664
1064,3.524896390505265
1065,3.5530580414435398
1066,3.5812692493375975
1067,3.6100125710755537
1068,3.638850857846578
1069,3.667739892270863
1070,3.6967878812002604
1071,3.7263128634160703
1072,3.755889801684832
1073,3.7855187874352056
1074,3.815473630208222
1075,3.8457486052034584
1076,3.8760768560375976
1077,3.906458476461769
1078,3.9373462623528606
1079,3.968383983725205
1080,3.9994763231653083
1081,4.030713059965686
1082,4.0624705111460075
1083,4.094283846925364
1084,4.126153165645593
1085,4.158367100592115
1086,4.190911763010778
1087,4.223513695308895
1088,4.256172998266022
1089,4.289391102527296
1090,4.322736049008356
1091,4.35613967365394
1092,4.3897532074195285
1093,4.423851619858688
1094,4.458010036360187
1095,4.492228562515006
1096,4.526892105727205
1097,4.561815834539274
1098,4.596801019748874
1099,4.631889503990197
1100,4.667589114863476
1101,4.703351547478403
1102,4.739176912384318
1103,4.775362217149396
1104,4.81191253388893
1105,4.848527169383974
1106,4.885206236818206
1107,4.922516653791687
1108,4.959931262727405
1109,4.997411711340771
1110,5.035196863012498
1111,5.0734221945894635
1112,5.111714792498235
1113,5.150074775109429
1114,5.189033241350142
1115,5.228148802005559
1116,5.2673331955568425
1117,5.306797947745638
1118,5.3467473288075125
1119,5.386767010065256
1120,5.426857115228262
1121,5.467544223093607
1122,5.508410111949815
1123,5.549347913809406
1124,5.590573590207968
1125,5.632296648485063
1126,5.674093128153515
1127,5.7159631584151835
1128,5.758461014674028
1129,5.80112719403442
1130,5.843868454425901
1131,5.886937846910911
1132,5.9304847873465265
1133,5.974108358716158
1134,6.017808695869587
1135,6.062200817622131
1136,6.106717819076315
1137,6.1513131585112495
1138,6.196310421440256
1139,6.2417320089923605
1140,6.287233526353773
1141,6.332853646320268
1142,6.3792846480469905
1143,6.425797355880846
1144,6.472391913602544
1145,6.519187237809215
1146,6.56672169568367
1147,6.614339801451586
1148,6.662041702310695
1149,6.7100485520861355
1150,6.758700716209589
1151,6.807438495089167
1152,6.856262039383747
1153,6.905516909286556
1154,6.955301023951691
1155,7.005172745301714
1156,7.055132227500769
1157,7.105671757618908
1158,7.156602059009903
1159,7.2076219840664
1160,7.258731690501867
1161,7.310592639752091
1162,7.362683353749477
1163,7.414865733426683
1164,7.4671873876425625
1165,7.520359159674728
1166,7.573624499758374
1167,7.626983572548025
1168,7.6806924411885165
1169,7.735050950045773
1170,7.7895051152923305
1171,7.844055105257628
1172,7.899188236535477
1173,7.954747640068634
1174,8.010404813242907
1175,8.066159928106492
1176,8.122754385965383
1177,8.179528823929557
1178,8.236403169668808
1179,8.293568736624755
1180,8.351470437505093
1181,8.409474029840277
1182,8.467579692931777
1183,8.526273074719656
1184,8.585415844521872
1185,8.64466268972655
1186,8.704013793478325
1187,8.764272046481837
1188,8.824669936004193
1189,8.885174109602248
1190,8.946086143033527
1191,9.007644851896968
1192,9.069311887566114
1193,9.131087440666887
1194,9.193630908990032
1195,9.25647051068397
1196,9.31942069321053
1197,9.382686887103636
1198,9.446777025094082
1199,9.510979944524856
1200,9.575295843860859
1201,9.640097884713729
1202,9.705563539043318
1203,9.771144395352099
1204,9.836840656364428
1205,9.903218457499237
1206,9.970074162321819
1207,10.037047515238587
1208,10.104138723278432
1209,10.172132064208487
1210,10.240392292108726
1211,10.308772639685996
1212,10.377365054548132
1213,10.446921814021689
1214,10.516600974719235
1215,10.586402752033866
1216,10.65668291311334
1217,10.727670433346495
1218,10.798782872557688
1219,10.87002045057059
1220,10.942027697283129
1221,11.01446023391347
1222,11.087020232361962
1223,11.159719397508388
1224,11.233481339235276
1225,11.307373082175749
1226,11.38139485474488
1227,11.455892613885267
1228,11.53112529728841
1229,11.60649037001475
1230,11.681988065033764
1231,11.758323070943666
1232,11.835040527784352
1233,11.911892986749969
1234,11.98901246665298
1235,12.067091263606745
1236,12.145307458277832
1237,12.223661292449101
1238,12.302688358543364
1239,12.38227713284873
1240,12.462005962025179
1241,12.541877414783572
1242,12.622847485283478
1243,12.703960041364136
1244,12.78521533376169
1245,12.86706378836137
1246,12.949568676216561
1247,13.03221875051794
1248,13.11501426675442
1249,13.198876787988565
1250,13.282930137614231
1251,13.36713139856198
1252,13.45192905156107
1253,13.537394044088959
1254,13.623009432050566
1255,13.708775480101187
1256,13.795654751813952
1257,13.882692523862998
1258,13.969883459014271
1259,14.057756254820683
1260,14.146224543715398
1261,14.234848513036992
1262,14.32374223935689
1263,14.413649054528591
1264,14.50371408154622
1265,14.593937598819862
1266,14.685009293297057
1267,14.776523279053103
1268,14.868198304842528
1269,14.960348152704231
1270,15.053318876885328
1271,15.146453204567276
1272,15.239751423647979
1273,15.334206600672271
1274,15.428874281786795
1275,15.523708552589385
1276,15.619102941434377
1277,15.715311454826454
1278,15.811689269356549
1279,15.90823668294893
1280,16.005810326444834
1281,16.10373902733594
1282,16.20184005643174
1283,16.30041609397901
1284,16.399902875278933
1285,16.499564726585575
1286,16.599401955974773
1287,16.70022543534523
1288,16.801455168576684
1289,16.902863038940712
1290,17.00475088217611
1291,17.10755541198901
1292,17.21054085015237
1293,17.313707515015928
1294,17.417909020965883
1295,17.522478810451947
1296,17.627232614669857
1297,17.732559075343257
1298,17.838719858447607
1299,17.945067456004047
1300,18.051602196755468
1301,18.159306432690627
1302,18.267254338222983
1303,18.37539220306128
1304,18.48428045483111
1305,18.593835045803473
1306,18.70358242341533
1307,18.813683313744402
1308,18.924850832659033
1309,19.036213976531826
1310,19.147773089609753
1311,19.260342407260374
1312,19.37332743793079
1313,19.48651129189013
1314,19.600349918702463
1315,19.714962826038477
1316,19.829777421287694
1317,19.944917746285157
1318,20.06120590416051
1319,20.177698697938613
1320,20.294396487723265
1321,20.412017051094274
1322,20.530193127589882
1323,20.648577162216014
1324,20.767437721874703
1325,20.887302036923554
1326,21.00737728094778
1327,21.127663825125275
1328,21.249066050188837
1329,21.37083734173764
1330,21.492822918026217
1331,21.61552507886371
1332,21.738997132563195
1333,21.862686463885392
1334,21.986718313122786
1335,22.111895723083645
1336,22.23729341163451
1337,22.362911766406043
1338,22.48957145728259
1339,22.616681987579128
1340,22.74401619823603
1341,22.872061947212778
1342,23.000889689205817
1343,23.129944133388808
1344,23.259459170286995
1345,23.390329678509897
1346,23.521430483640714
1347,23.65276199093963
1348,23.784324606379982
1349,23.917303339212705
1350,24.050693999276255
1351,24.184319391035046
1352,24.31817992755326
1353,24.453054505751865
1354,24.588751743668617
1355,24.724687772235498
1356,24.860863011659355
1357,24.99765340230998
1358,25.13567386279637
1359,25.27393720217794
1360,25.41244384785572
1361,25.55119422798288
1362,25.69152909626962
1363,25.832136339565096
1364,25.97299101379536
1365,26.11409355437179
1366,26.25638474577402
1367,26.399352402287516
1368,26.54257164342619
1369,26.686042911910793
1370,26.830306644204008
1371,26.97565113611477
1372,27.12125139523966
1373,27.26710787165961
1374,27.413359125390098
1375,27.561096783895458
1376,27.709094420942304
1377,27.857352494022393
1378,28.005871461432537
1379,28.155752055269804
1380,28.306163334556594
1381,28.45683929723557
1382,28.607780409077648
1383,28.75967809694325
1384,28.912519182016837
1385,29.065629226284866
1386,29.219008703042572
1387,29.372934463637346
1388,29.52822141137404
1389,29.683781622363163
1390,29.839615577473904
1391,29.995723758421732
1392,30.15332784376925
1393,30.311354193032354
1394,30.469658626154594
1395,30.628241632488166
1396,30.787887871776334
1397,30.948384505199787
1398,31.109163569515463
1399,31.27022556172512
1400,31.431974071529197
1401,31.59496845101825
1402,31.75824965675804
1403,31.921818193484956
1404,32.08567456682359
1405,32.251135720703495
1406,32.41693467786202
1407,32.583025396570115
1408,32.74940839024897
1409,32.917004560857634
1410,33.08544433782778
1411,33.254180523477096
1412,33.42321363940448
1413,33.59254420812661
1414,33.76351537411742
1415,33.93489503866149
1416,34.10657628529233
1417,34.27855964471263
1418,34.45122653105783
1419,34.62524761451649
1420,34.79957492824562
1421,34.97420901112732
1422,35.14915040299209
1423,35.325313251097405
1424,35.502284504935815
1425,35.679567180546954
1426,35.85716182594866
1427,36.03516335851939
1428,36.21477637559604
1429,36.394705463234764
1430,36.57495117763397
1431,36.755514075970765
1432,36.93711841515976
1433,37.119691697652335
1434,37.30258625997356
1435,37.4858026674887
1436,37.66937510766358
1437,37.854590344767935
1438,38.040131510826775
1439,38.2259991793866
1440,38.41219392500315
1441,38.59953062090177
1442,38.787837836345254
1443,38.976476421788846
1444,39.16544696035372
1445,39.354750036187205
1446,39.54541160949325
1447,39.73681519486663
1448,39.928555599013535
1449,40.120633414643514
1450,40.31304923550913
1451,40.50709039420214
1452,40.7015947184297
1453,40.89644131789218
1454,41.091630794901
1455,41.28737305220505
1456,41.48463534782909
1457,41.68224477197172
1458,41.88020193548476
1459,42.078507450295064
1460,42.27776987077164
1461,42.47819488860022
1462,42.67897260048241
1463,42.88010362706394
1464,43.08158859008269
1465,43.284178816059864
1466,43.48777537483208
1467,43.69173020871147
1468,43.89604394816483
1469,44.100717224768424
1470,44.3066722857229
1471,44.51346024187197
1472,44.72061208912351
1473,44.928128467826966
1474,45.136010019458574
1475,45.34529991234065
1476,45.55527843657228
1477,45.7656264664422
1478,45.97634465217988
1479,46.18743364515898
1480,46.40011875007154
1481,46.6132874295462
1482,46.82683122846829
1483,47.040750806946015
1484,47.25520303676988
1485,47.471181805038114
1486,47.687540637749144
1487,47.90428020371302
1488,48.12140117291674
1489,48.33937467331156
1490,48.55853839644269
1491,48.77808778867414
1492,48.998023528678594
1493,49.21834629632311
1494,49.43988501455704
1495,49.66223450451991
1496,49.884975269669255
1497,50.10810799854299
1498,50.331636337919505
1499,50.55677662673679
1500,50.78231310179044
1501,51.00824646026039
1502,51.23457740055351
1503,51.46176608563772
1504,51.69008938358478
1505,51.91881446900122
1506,52.147942048923625
1507,52.37747283163279
1508,52.60835243028897
1509,52.83986076743544
1510,53.07177649685646
1511,53.304100335451615
1512,53.5371468012294
1513,53.771430341246244
1514,54.00612615714234
1515,54.241234974410986
1516,54.47675751982212
1517,54.713564691940654
1518,54.951032957657965
1519,55.18891910350766
1520,55.42722386484504
1521,55.66630209602224
1522,55.90653560077465
1523,56.14719185173017
1524,56.38827159280698
1525,56.62977556923234
1526,56.87266981019539
1527,57.11608936903673
1528,57.35993728067157
1529,57.60421429888415
1530,57.84946856618124
1531,58.09564506166176
1532,58.34225476139619
1533,58.58929842770596
1534,58.83696232997721
1535,59.08588981656007
1536,59.33525534839452
1537,59.58505969632089
1538,59.835303632535975
1539,60.08685221566445
1540,60.33896804977006
1541,60.59152753975296
1542,60.844531466326615
1543,61.098558740533974
1544,61.353419772906875
1545,61.608729291960636
1546,61.864488086909624
1547,62.12103396788823
1548,62.37863551992156
1549,62.636690381206094
1550,62.895199349442585
1551,63.15430075646053
1552,63.414638574412066
1553,63.67543451669959
1554,63.93668938949702
1555,64.19840400039695
1556,64.46145067988503
1557,64.72498386691012
1558,64.9889808012522
1559,65.2534422989801
1560,65.5190922102122
1561,65.78535922989865
1562,66.05209480770458
1563,66.31929976816456
1564,66.58758233243049
1565,66.85658019598351
1566,67.12605142319894
1567,67.39599684706775
1568,67.6669391621653
1569,67.93866530303255
1570,68.21086960858855
1571,68.48355292027273
1572,68.75717991195651
1573,69.0316321846556
1574,69.30656741929417
1575,69.58198646575345
1576,69.85832103273684
1577,70.13549771155004
1578,70.41316214651648
1579,70.69131519595393
1580,70.97046627762539
1581,71.2505263729073
1582,71.5310792983714
1583,71.81212592126424
1584,72.09366711035862
1585,72.37639929478851
1586,72.65991911209476
1587,72.94393784775258
1588,73.22845637972215
1589,73.51347558750854
1590,73.79937329985981
1591,74.08634718770905
1592,74.37382607213407
1593,74.66181084179092
1594,74.95030238689951
1595,75.23942620325687
1596,75.52984955483821
1597,75.82078397311238
1598,76.11223035741725
1599,76.40418960867325
1600,76.6966626293861
1601,76.990463727095
1602,77.2848500854549
1603,77.57975448432006
1604,77.87517783530026
1605,78.17112105160942
1606,78.46822611982446
1607,78.76606183635798
1608,79.06442166332751
1609,79.36330652302428
1610,79.66271733936242
1611,79.96317242715567
1612,80.2644559226305
1613,80.56626959569292
1614,80.86861437931059
1615,81.17149120809293
1616,81.47533798092032
1617,81.78006866965168
1618,82.08533560209126
1619,82.39113972188133
1620,82.69748197432492
1621,83.0047580916061
1622,83.31293637227154
1623,83.62165696346707
1624,83.93092081951089
1625,84.24072889640073
1626,84.55146837144117
1627,84.86309561778646
1628,85.17527124390095
1629,85.48799621478301
1630,85.80127149712922
1631,86.11550503979183
1632,86.430583591192
1633,86.74621659571672
1634,87.0624050290519
1635,87.37914986860032
1636,87.6969052111063
1637,88.0154383629571
1638,88.33453204708668
1639,88.6541872498785
1640,88.97440495945177
1641,89.29570716567824
1642,89.61769915961432
1643,89.94025777244714
1644,90.26338400127088
1645,90.58707884493451
1646,90.91195060358687
1647,91.23740661753135
1648,91.56343534610211
1649,91.89003779712
1650,92.217328548485
1651,92.54567688221758
1652,92.87460302026975
1653,93.20410797941881
1654,93.53419277823157
1655,93.86510986800319
1656,94.19692923779647
1657,94.52933251998468
1658,94.86232074209354
1659,95.19589493345727
1660,95.53045467394388
1661,95.8657529914641
1662,96.20164134337656
1663,96.5381207679802
1664,96.87521872412924
1665,97.21340966994794
1666,97.55219574039432
1667,97.89157798272473
1668,98.23155744603844
1669,98.57234177970444
1670,98.91402402295195
1671,99.25630753455613
1672,99.59919337258455
1673,99.94268259696673
1674,100.28716544334134
1675,100.63234952620047
1676,100.97814103969631
1677,101.32454105274036
1678,101.67165863394744
1679,102.01974342397003
1680,102.36844074908078
1681,102.71775168717356
1682,103.06767731803905
1683,103.41852826254555
1684,103.77013235442246
1685,104.12235517439574
1686,104.47519781125742
1687,104.8287428372473
1688,105.18325545383908
1689,105.53839191673504
1690,105.8941533237336
1691,106.2505407745651
1692,106.60784957030211
1693,106.96590222533939
1694,107.32458495617942
1695,107.68389887158276
1696,108.04395432046405
1697,108.4049264892403
1698,108.76653387136416
1699,109.1287775846369
1700,109.49165874882686
1701,109.85550533331735
1702,110.2200414523434
1703,110.5852190562933
1704,110.95103927400453
1705,111.31767976562756
1706,111.68514945007237
1707,112.05326578171261
1708,112.42202989847
1709,112.79149131455515
1710,113.16190012086498
1711,113.53296074641946
1712,113.90467433824162
1713,114.27704204537287
1714,114.65033635416704
1715,115.02434755441153
1716,115.39901691312647
1717,115.77434558849018
1718,116.15050179111043
1719,116.52747054707062
1720,116.90510266598871
1721,117.28339931520125
1722,117.66244093430547
1723,118.04237491332837
1724,118.42297747328844
1725,118.80424979070476
1726,119.18619924931544
1727,119.5691067915434
1728,119.95268814736434
1729,120.33694450250515
1730,120.72187704477925
1731,121.10771336355094
1732,121.49428253089471
1733,121.88153195528696
1734,122.26946283379314
1735,122.65824294130849
1736,123.04780958399056
1737,123.43806175845519
1738,123.82900067104977
1739,124.22074504660243
1740,124.61331946435398
1741,125.00658470674658
1742,125.40054198944162
1743,125.79527048420698
1744,126.19086360092366
1745,126.58715285436267
1746,126.98413946953329
1747,127.38187140895411
1748,127.78049476144609
1749,128.17981958304324
1750,128.57984710813832
1751,128.9806013871039
1752,129.3822671143677
1753,129.7846396644806
1754,130.1877202812564
1755,130.59151545240601
1756,130.9962362854533
1757,131.40166931749647
1758,131.80781580180968
1759,132.21467699387276
1760,132.62245940954293
1761,133.03096626037043
1762,133.44019197254428
1763,133.85013781106272
1764,134.26099517780585
1765,134.6725897587069
1766,135.08490863451033
1767,135.49795307977598
1768,135.91190388089416
1769,136.32660066922793
1770,136.74202721149612
1771,137.1581847918649
1772,137.5752474483484
1773,137.9930614798585
1774,138.4116107507937
1775,138.83089655497298
1776,139.25108948462056
1777,139.6720363464718
1778,140.09372396066777
1779,140.51615363072838
1780,140.9394953020646
1781,141.36359112665005
1782,141.78843324488793
1783,142.21402297004963
1784,142.64053195123347
1785,143.0677934108095
1786,143.49580673468418
1787,143.92458008123882
1788,144.35426824881543
1789,144.78471255102897
1790,145.21591431846795
1791,145.64789167602368
1792,146.08077480352128
1793,146.5144196879054
1794,146.94882766965824
1795,147.38402771592763
1796,147.82012404022663
1797,148.25698777575352
1798,148.69462027294043
1799,149.13306193744518
1800,149.57239022265335
1801,150.0124916064503
1802,150.45336744927621
1803,150.8950699373964
1804,151.33764947484605
1805,151.78100783219242
1806,152.2251463799437
1807,152.67012919198345
1808,153.11597980165615
1809,153.56261498741117
1810,154.01003612988572
1811,154.45831907487099
1812,154.9074611084183
1813,155.35739351004628
1814,155.80811767058478
1815,156.25972087435477
1816,156.71217521992202
1817,157.16542576232575
1818,157.61947390265257
1819,158.07441780960437
1820,158.53020589869047
1821,158.98679605108205
1822,159.44418967818916
1823,159.9024950457871
1824,160.3616388624453
1825,160.8215906475636
1826,161.28235182294353
1827,161.7440397077616
1828,162.20656180047723
1829,162.66989780648655
1830,163.13404915805216
1831,163.59914089167117
1832,164.06506438834765
1833,164.5318077838497
1834,164.99937252097303
1835,165.46788967346006
1836,165.93723830002273
1837,166.40741285269405
1838,166.8784147848758
1839,167.35037911276427
1840,167.82317721600762
1841,168.2968073154859
1842,168.77127087528254
1843,169.24670424988733
1844,169.7229768253331
1845,170.20008751112508
1846,170.6780377821059
1847,171.15696209251163
1848,171.63673481821976
1849,172.11735181357156
1850,172.59881456424816
1851,173.08126205864087
1852,173.56457292201327
1853,174.04873428117384
1854,174.5337476327599
1855,175.01968470336868
1856,175.5065583750528
1857,175.99428881208283
1858,176.4828775221289
1859,176.97233441108173
1860,177.46279624404852
1861,177.95412115653298
1862,178.4463106673164
1863,178.93936629785227
1864,179.43339363218539
1865,179.92833905308018
1866,180.4241554433674
1867,180.92084433571188
1868,181.4184596701169
1869,181.9170522485222
1870,182.41652221430795
1871,182.91687111143315
1872,183.41810555755805
1873,183.92037254132998
1874,184.42352337841908
1875,184.92755962416257
1876,185.43248283663434
1877,185.93841381989026
1878,186.44527340801488
1879,186.95302493116913
1880,187.46166995891136
1881,187.97129209606075
1882,188.48188888440248
1883,188.99338418421155
1884,189.5057795766189
1885,190.01912553468438
1886,190.53348852866455
1887,191.04875666159074
1888,191.56493152625677
1889,192.08203447957578
1890,192.60019322881703
1891,193.11926379648224
1892,193.6392477871191
1893,194.16014680809863
1894,194.68212606385364
1895,195.2050292020507
1896,195.72885250748146
1897,196.2535975993851
1898,196.77941232509562
1899,197.3061786937893
1900,197.83387202793156
1901,198.3624939587246
1902,198.89217953523774
1903,199.42284030947707
1904,199.95443490223923
1905,200.48696495678564
1906,201.02055746543184
1907,201.55514432711803
1908,202.09067191615225
1909,202.6271418879535
1910,203.16467815073725
1911,203.70322328117146
1912,204.24271610440877
1913,204.7831582881254
1914,205.3246759041726
1915,205.86721197734562
1916,206.41070276627363
1917,206.95514995099134
1918,207.50068732966
1919,208.04724750622617
1920,208.59476947985266
1921,209.14325494303534
1922,209.69285133405415
1923,210.24346925595063
1924,210.79505611541288
1925,211.34761361750188
1926,211.901309138471
1927,212.45601892414058
1928,213.0117048479201
1929,213.56836862754133
1930,214.12620428909105
1931,214.68504052927327
1932,215.2448601689795
1933,215.80567389584004
1934,216.36768266760123
1935,216.93068042166104
1936,217.49466889835324
1937,218.0596940636138
1938,218.62589250142872
1939,219.1930872941903
1940,219.76128019520613
1941,220.33056034564433
1942,220.90098437388923
1943,221.4724121929455
1944,222.04484556920593
1945,222.61842523159203
1946,223.193111234367
1947,223.76880852784393
1948,224.34551889161295
1949,224.9234435893209
1950,225.50242840864743
1951,226.08243208339755
1952,226.6634764232684
1953,227.24577267506567
1954,227.8290936094871
1955,228.413441029689
1956,228.99890970626254
1957,229.58557214393883
1958,230.17326694751193
1959,230.7619959336584
1960,231.35193729550465
1961,231.9430040608656
1962,232.53511094251456
1963,233.1282597707664
1964,233.72272322337483
1965,234.31823291200539
1966,234.9147905352323
1967,235.5125150200023
1968,236.11150588037566
1969,236.71155080123924
1970,237.31265163744555
1971,237.91482865842036
1972,238.51838932843728
1973,239.12301210053732
1974,239.72869884372378
1975,240.33545143028908
1976,240.94354974425198
1977,241.55279361725755
1978,242.16310959320012
1979,242.7744995586819
1980,243.38716643222307
1981,244.00107523536366
1982,244.61606435041898
1983,245.2321356784366
1984,245.84942172591016
1985,246.46803986318443
1986,247.0877465994895
1987,247.70854385045575
1988,248.33050100887755
1989,248.95387345654683
1990,249.57834286950802
1991,250.20391117811403
1992,250.83059273939435
1993,251.45876504450717
1994,252.08804276132312
1995,252.71842783505798
1996,253.3499222143504
1997,253.98290675565423
1998,254.6170389747196
1999,255.252287093274
2000,255.8886530749888
2001,256.5264938450425
2002,257.16552733614964
2003,257.8056853516174
2004,258.4469698702947
2005,259.08972472190084
2006,259.73370682715984
2007,260.3788221649599
2008,261.02507272947315
2009,261.6728009782219
2010,262.32177961363897
2011,262.9719002740955
2012,263.6231649692363
2013,264.27592741833996
2014,264.9299510759963
2015,265.58512563652295
2016,266.2414531251868
2017,266.8993120895713
2018,267.5584298403534
2019,268.2187074581873
2020,268.8801469841145
2021,269.5431663139803
2022,270.2074278108221
2023,270.8728582262721
2024,271.53945961729977
2025,272.20770472133853
2026,272.8771602029351
2027,273.5477937431018
2028,274.2196301907022
2029,274.89314528331323
2030,275.56784557827615
2031,276.24373316121495
2032,276.9209073233851
2033,277.5997093489313
2034,278.27970588035345
2035,278.96089901964723
2036,279.64348079171936
2037,280.3276216813418
2038,281.0129664717484
2039,281.699517281467
2040,282.38757820738766
2041,283.07711049591387
2042,283.7678561725783
2043,284.459817372604
2044,285.15343066810044
2045,285.8484074996875
2046,286.5446073002853
2047,287.24203222197673
2048,287.9412727980801
2049,288.6417479321849
2050,289.34345571077444
2051,290.04655520548914
2052,290.75134278995364
2053,291.4573706076095
2054,292.1646408409189
2055,292.8734970214896
2056,293.58388244804644
2057,294.29551795842946
2058,295.0084057524351
2059,295.7230984180134
2060,296.4391372330833
2061,297.15643608035987
2062,297.875127374753
2063,298.59560791732633
2064,299.31735630830366
2065,300.0403747787417
2066,300.7650409596156
2067,301.4912777843748
2068,302.21879258698175
2069,302.9475876163183
2070,303.6783135778695
2071,304.41036407547455
2072,305.143702781362
2073,305.87857850082014
2074,306.6152044647051
2075,307.3531266884118
2076,308.09234745299267
2077,308.83343074394924
2078,309.5759767402391
2079,310.3198294139478
2080,311.06516169342115
2081,311.81237213504335
2082,312.5608974622007
2083,313.3107399887221
2084,314.0624338890388
2085,314.815673037342
2086,315.57023768001307
2087,316.32628485936254
2088,317.0842794246877
2089,317.8436078525813
2090,318.60427249026577
2091,319.3668417786784
2092,320.1309760947465
2093,320.89645507762106
2094,321.66348714665827
2095,322.4324698928245
2096,323.202805837674
2097,323.9744973624553
2098,324.74821865544084
2099,325.52345462400837
2100,326.3000547951746
2101,327.07835373827146
2102,327.85853324260626
2103,328.6400856487754
2104,329.4230133726988
2105,330.208175477152
2106,330.9947241635027
2107,331.7826569596585
2108,332.5725171147915
2109,333.36410658863764
2110,334.15708904265927
2111,334.95184298443417
2112,335.7490955419243
2113,336.5477510450302
2114,337.34781196254056
2115,338.14928076758764
2116,338.9521599376563
2117,339.7577238275674
2118,340.5649610376881
2119,341.3736187636064
2120,342.1836995050288
2121,342.99520576606074
2122,343.80886879385315
2123,344.62481510763627
2124,345.4421972627917
2125,346.2610177859946
2126,347.0812792083663
2127,347.9032126600829
2128,348.72799767558917
2129,349.554234086098
2130,350.3819244456541
2131,351.2110713127967
2132,352.04167725056743
2133,352.8752542423995
2134,353.7105284527586
2135,354.547272516151
2136,355.385489019102
2137,356.22518055268927
2138,357.06723263088634
2139,357.91169025081405
2140,358.75763388399224
2141,359.60506614538366
2142,360.4539896545528
2143,361.30466488833207
2144,362.158455053748
2145,363.01374765506824
2146,363.87054533615424
2147,364.72885074552056
2148,365.58866653634175
2149,366.45157727545137
2150,367.316371915747
2151,368.1826883567218
2152,369.05052927631397
2153,369.91989735717385
2154,370.79183079158685
2155,371.6662843607844
2156,372.5422767276556
2157,373.41981060004855
2158,374.29888869057555
2159,375.18000958914723
2160,376.0642829511579
2161,376.95011239091133
2162,377.83750064666265
2163,378.7264504614864
2164,379.6169645832831
2165,380.5111866051161
2166,381.4070184080359
2167,382.3044266282937
2168,383.2034140399369
2169,384.1039834218936
2170,385.00783591969434
2171,385.91383968894354
2172,386.82143777532343
2173,387.7306329843797
2174,388.6414281265944
2175,389.55509392298546
2176,390.471443751548
2177,391.38940610338756
2178,392.30898381608716
2179,393.2301797322229
2180,394.1538468574242
2181,395.08072151254987
2182,396.009227211678
2183,396.93936682498236
2184,397.87114322768696
2185,398.8050049944596
2186,399.7425881097019
2187,400.6818211128138
2188,401.62270690712904
2189,402.56524840108995
2190,403.5095034808274
2191,404.4579837557005
2192,405.408133094368
2193,406.3599544339066
2194,407.3134507165625
2195,408.2686248897586
2196,409.22787462373793
2197,410.18913461210803
2198,411.15208615295455
2199,412.1167322229285
2200,413.08307580391846
2201,414.0532537647835
2202,415.0258242148485
2203,416.00010612060674
2204,416.97610249373275
2205,417.9538163512006
2206,418.9355371774496
2207,419.9202354262574
2208,420.90666647226067
2209,421.8948333646884
2210,422.88473915813535
2211,423.8763869125716
2212,424.8716641162305
2213,425.8704549943617
2214,426.87100346873115
2215,427.8733126322065
2216,428.8773855830986
2217,429.88322542517005
2218,430.89266333511597
2219,431.9058097315512
2220,432.92073898587563
2221,433.9374542354102
2222,434.9559586229963
2223,435.9762552970064
2224,437.000473028802
2225,438.0282435301763
2226,439.05782262372514
2227,440.0892134920539
2228,441.12241932336866
2229,442.157443311486
2230,443.19708106221674
2231,444.23974948940014
2232,445.28425272488835
2233,446.33059399741956
2234,447.3787765414137
2235,448.42880359698216
2236,449.4845257970758
2237,450.54237091458356
2238,451.6020775470712
2239,452.66364897027256
2240,453.7270884656863
2241,454.7934766217339
2242,455.864896529101
2243,456.938201839235
2244,458.01339586990525
2245,459.0904819447192
2246,460.1694633931331
2247,461.2531930629935
2248,462.34033358186275
2249,463.429387167317
2250,464.5203571858053
2251,465.6132470097013
2252,466.70865966612274
2253,467.8098749818738
2254,468.91302813186405
2255,470.01812252612615
2256,471.12516158069405
2257,472.2341487176125
2258,473.3482640284002
2259,474.4657596752486
2260,475.58522180509755
2261,476.706653878393
2262,477.83005936167046
2263,478.95697449556104
2264,480.0890583632564
2265,481.22313438508337
2266,482.35920606666133
2267,483.4972769197789
2268,484.6375157178693
2269,485.7844361954655
2270,486.93337493541674
2271,488.0843354892855
2272,489.23732141488335
2273,490.39233627628295
2274,491.55344018589557
2275,492.71749301433096
2276,493.88359425318873
2277,495.05174750708164
2278,496.2219563869682
2279,497.397651764054
2280,498.57707246959757
2281,499.75856862866146
2282,500.9421438934484
2283,502.12780192258566
2284,503.31868600913066
2285,504.51373067125985
2286,505.71087828063463
2287,506.9101325378358
2288,508.11149714995895
2289,509.31819072581806
2290,510.52911758556945
2291,511.74217534071795
2292,512.9573677410273
2293,514.174698542857
2294,515.3983566018844
2295,516.6261843804989
2296,517.8561727953273
2297,519.0883256484657
2298,520.3226467487029
2299,521.5601403004615
2300,522.80521041052
2301,524.0524714983939
2302,525.3019274195738
2303,526.5535820363325
2304,527.8074392177415
2305,529.0680506118268
2306,530.3329327684152
2307,531.6000407663787
2308,532.8693785225574
2309,534.1409499606809
2310,535.4166116605178
2311,536.6994695807792
2312,537.984584974647
2313,539.2719618146224
2314,540.5616040801988
2315,541.8535157578694
2316,543.1540467702229
2317,544.4575310754706
2318,545.7633091508816
2319,547.0713850328301
2320,548.3817627647901
2321,549.6986810729259
2322,551.0209019096308
2323,552.3454494874604
2324,553.6723279008053
2325,555.0015412512631
2326,556.3354411389278
2327,557.6767721235732
2328,559.020463477759
2329,560.3665193550538
2330,561.7149439163327
2331,563.0664473952255
2332,564.4272680119028
2333,565.7904832943194
2334,567.156097456393
2335,568.5241147194585
2336,569.8945393122757
2337,571.2745671845473
2338,572.6576922745077
2339,574.0432512797105
2340,575.4312484831396
2341,576.8216881753191
2342,578.220995602317
2343,579.6245467282387
2344,581.0305677133983
2345,582.4390629040339
2346,583.8500366540277
2347,585.2686699223109
2348,586.6929921596844
2349,588.1198208075261
2350,589.5491602763899
2351,590.9810149845936
2352,592.4199481763887
2353,593.8653874127357
2354,595.3133702194384
2355,596.7639010724433
2356,598.2169844555709
2357,599.6772168553885
2358,601.1441193471437
2359,602.6136031784541
2360,604.0856728917257
2361,605.5603330373606
2362,607.0428873888083
2363,608.5315993960371
2364,610.0229311213326
2365,611.5168871746386
2366,613.0134721740075
2367,614.5193924090365
2368,616.0302598622179
2369,617.5437860207161
2370,619.059975563078
2371,620.5788331760843
2372,622.1091818669587
2373,623.642550050541
2374,625.1786165342853
2375,626.7173860664157
2376,628.2612394301922
2377,629.81471899102
2378,631.3709322422893
2379,632.9298839944998
2380,634.4915790666145
2381,636.0618491291638
2382,637.6384761287374
2383,639.2178775516152
2384,640.8000582799717
2385,642.3855104441601
2386,643.9828150718155
2387,645.5829305094879
2388,647.1858617033813
2389,648.7916136084066
2390,650.4055263973725
2391,652.0266168489941
2392,653.65055996686
2393,655.2773607708314
2394,656.9081947864937
2395,658.5505176853793
2396,660.1957306135388
2397,661.8438386565804
2398,663.4948469090592
2399,665.1562088728276
2400,666.8229334271243
2401,668.4925909506043
2402,670.1651866044332
2403,671.8452725836107
2404,673.533714996864
2405,675.2251285965071
2406,676.9195186109587
2407,678.6193178682969
2408,680.3296792795034
2409,682.0430504482487
2410,683.7594366708273
2411,685.4799301218209
2412,687.2124065251311
2413,688.9479316020208
2414,690.6865107172654
2415,692.4286678149581
2416,694.1834500778048
2417,695.9413202661398
2418,697.7022838138091
2419,699.4670594608998
2420,701.244333374434
2421,703.0247347923004
2422,704.8082692179912
2423,706.5966008473582
2424,708.3965472001212
2425,710.1996609541919
2426,712.0059476832693
2427,713.818752543982
2428,715.6415472140176
2429,717.467549491827
2430,719.2967650218607
2431,721.1349376922087
2432,722.9807517541267
2433,724.8298139313232
2434,726.6821299395282
2435,728.5465400781834
2436,730.4155399219133
2437,732.2878286812195
2438,734.1658791744646
2439,736.0549024823322
2440,737.9472499413239
2441,739.842927400966
2442,741.7491665171113
2443,743.6621357633232
2444,745.5784712986095
2445,747.5004985351472
2446,749.4361984028158
2447,751.3753045589312
2448,753.3178229975604
2449,755.2678634660474
2450,757.2232316731732
2451,759.1872820326253
2452,761.1568452891706
2453,763.1331538260985
2454,765.1166979578455
2455,767.1055046143086
2456,769.1024802171916
2457,771.10500882358
2458,773.1138970213084
2459,775.1299617933922
2460,777.1512359148753
2461,779.1800828933581
2462,781.2146501043434
2463,783.2550989918628
2464,785.3027841334454
2465,787.3556180063117
2466,789.4153760661795
2467,791.481095371104
2468,793.5521705861262
2469,795.630609467869
2470,797.7141298713793
2471,799.803915179378
2472,801.9022928755294
2473,804.006547245964
2474,806.1145045120489
2475,808.230403468391
2476,810.3550945819176
2477,812.4835245538478
2478,814.6156999634677
2479,816.7516274016373
2480,818.8980187354732
2481,821.049976664002
2482,823.2057214325811
2483,825.3652597049244
2484,827.5293798737289
2485,829.7042399864808
2486,831.8829272404529
2487,834.0654483702772
2488,836.2518101224401
2489,838.4447277030915
2490,840.6457307749104
2491,842.8506069919043
2492,845.0593631696614
2493,847.2720061357597
2494,849.4936600582998
2495,851.7217227233964
2496,853.9537061506333
2497,856.1896172393897
2498,858.4294629011813
2499,860.6732500596893
2500,862.9250652512285
2501,865.1832623180833
2502,867.4454331747696
2503,869.7115848139781
2504,871.9817242406998
2505,874.2558584722572
2506,876.5368737397123
2507,878.8244225613317
2508,881.1159968232218
2509,883.411603608962
2510,885.7112500145912
2511,888.01494314864
2512,890.3244613889198
2513,892.6406055649729
2514,894.9608255006726
2515,897.2851283681433
2516,899.6135213521259
2517,901.9460116500077
2518,904.2834733031144
2519,906.6274825061972
2520,908.9756165031184
2521,911.3278825522866
2522,913.6842879248788
2523,916.0448399048712
2524,918.409808082062
2525,920.7809887765567
2526,923.1563420786415
2527,925.5358753308622
2528,927.9195958886799
2529,930.307511120504
2530,932.699628407705
2531,935.0972912348163
2532,937.4992103224707
2533,939.905356108126
2534,942.3157360295057
2535,944.7303575374236
2536,947.149228095801
2537,949.5727662034319
2538,952.0006410397149
2539,954.4327882483593
2540,956.8692153474592
2541,959.3099298683431
2542,961.7549393555861
2543,964.2039818008006
2544,966.6572463854046
2545,969.1148280207168
2546,971.5767343034504
2547,974.0429728436902
2548,976.5135512649086
2549,978.9876840931815
2550,981.4658157640126
2551,983.9483082441484
2552,986.4351692073016
2553,988.9264063406945
2554,991.42202734507
2555,993.9207861751374
2556,996.4233040445588
2557,998.9302256356416
2558,1001.4415586976104
2559,1003.9573109933309
2560,1006.4774902993244
2561,1009.0003592665903
2562,1011.526822107217
2563,1014.0577308054135
2564,1016.5930931845503
2565,1019.1329170817679
2566,1021.6772103479935
2567,1024.223625072615
2568,1026.7736288939752
2569,1029.3281199978937
2570,1031.8871062806322
2571,1034.450595652355
2572,1037.0185960371402
2573,1039.587948861943
2574,1042.161124353887
2575,1044.7388279034815
2576,1047.3210674787395
2577,1049.9078510617007
2578,1052.4991866484463
2579,1055.090832914187
2580,1057.6868428792022
2581,1060.2874210835746
2582,1062.8925755660243
2583,1065.5023143794222
2584,1068.1159730673023
2585,1070.729910136771
2586,1073.3484469917998
2587,1075.971591726619
2588,1078.5993524497076
2589,1081.2317372838063
2590,1083.8667932240103
2591,1086.5029377576093
2592,1089.1437211550945
2593,1091.7891515794602
2594,1094.4392372080706
2595,1097.0939862326725
2596,1099.749693963336
2597,1102.4077910655274
2598,1105.0705656613732
2599,1107.7380259818426
2600,1110.4101802723947
2601,1113.087036792991
2602,1115.7626395416548
2603,1118.4424572074051
2604,1121.1269905883023
2605,1123.8162479825723
2606,1126.5102377030478
2607,1129.207039470553
2608,1131.903321419968
2609,1134.6043480565402
2610,1137.31012772948
2611,1140.0206688026863
2612,1142.7359796547792
2613,1145.4528502060052
2614,1148.1700707926307
2615,1150.8920729119125
2616,1153.6188649778976
2617,1156.3504554194326
2618,1159.0868526802024
2619,1161.823147808514
2620,1164.561093908972
2621,1167.3038580125356
2622,1170.0514485974277
2623,1172.8038741567823
2624,1175.5611431986858
2625,1178.3162064084502
2626,1181.0746830793944
2627,1183.8380138808366
2628,1186.6062073545693
2629,1189.3792720574104
2630,1192.1564333709941
2631,1194.930381108688
2632,1197.7092102010738
2633,1200.4929292378438
2634,1203.2815468238098
2635,1206.0750715789206
2636,1208.870000960912
2637,1211.6641030422204
2638,1214.4631219435348
2639,1217.2670663169533
2640,1220.0759448298045
2641,1222.8897661646631
2642,1225.701766372247
2643,1228.5158748094086
2644,1231.3349352714602
2645,1234.1589564724482
2646,1236.987947141757
2647,1239.8212842082
2648,1242.6502860239398
2649,1245.4842660721604
2650,1248.3232331130284
2651,1251.1671959221203
2652,1254.01616329046
2653,1256.865463931385
2654,1259.714180136936
2655,1262.5679092660487
2656,1265.426660139933
2657,1268.2904415953176
2658,1271.1592624844848
2659,1274.0238132434565
2660,1276.8921376020864
2661,1279.7655093883977
2662,1282.643937484317
2663,1285.5274307873922
2664,1288.4123055670182
2665,1291.2950862553957
2666,1294.1829398099374
2667,1297.0758751573258
2668,1299.9739012399552
2669,1302.8770270159514
2670,1305.7758874416686
2671,1308.678094975589
2672,1311.5854095607187
2673,1314.4978401838937
2674,1317.4153958477636
2675,1320.3336864835592
2676,1323.2501306444708
2677,1326.1717069084352
2678,1329.0984243063697
2679,1332.0302918850862
2680,1334.9673187073124
2681,1337.8982153322083
2682,1340.8339453291962
2683,1343.7748413661188
2684,1346.720912533608
2685,1349.6721679382988
2686,1352.6215306619724
2687,1355.5713152801218
2688,1358.5262906697462
2689,1361.4864659650023
2690,1364.4518503161125
2691,1367.4192715008708
2692,1370.3830197388108
2693,1373.351983319627
2694,1376.3261714207047
2695,1379.3055932355874
2696,1382.2902579739857
2697,1385.268274200325
2698,1388.2511422617379
2699,1391.2392593107327
2700,1394.232634583899
2701,1397.231277334083
2702,1400.226163259126
2703,1403.2226573475955
2704,1406.2244244009541
2705,1409.2314736979858
2706,1412.2438145337974
2707,1415.2552210645706
2708,1418.2629328550072
2709,1421.275937349677
2710,1424.2942438620921
2711,1427.3178617221604
2712,1430.3468002761979
2713,1433.3779234241454
2714,1436.4020582587725
2715,1439.4315146967467
2716,1442.466302102431
2717,1445.5064298566717
2718,1448.5519073568182
2719,1451.6017857324073
2720,1454.642296204019
2721,1457.6881570946516
2722,1460.7393778193737
2723,1463.7959678098255
2724,1466.8579365142375
2725,1469.9252933974717
2726,1472.9824408924349
2727,1476.0446668118755
2728,1479.1122813623952
2729,1482.1852940263047
2730,1485.263714302596
2731,1488.3475517069794
2732,1491.4213134960062
2733,1494.4998718345541
2734,1497.5838475437713
2735,1500.6732501565386
2736,1503.7680892225071
2737,1506.8683311176067
2738,1509.957758687664
2739,1513.0526227544674
2740,1516.152932884546
2741,1519.2586986612687
2742,1522.3699296848624
2743,1525.4849335382705
2744,1528.590364079468
2745,1531.7012592772405
2746,1534.8176287476672
2747,1537.939482123754
2748,1541.0668290554527
2749,1544.1968180727147
2750,1547.3182039901003
2751,1550.4450826401212
2752,1553.5774636882584
2753,1556.7153568170083
2754,1559.8587717258968
2755,1563.0028289192953
2756,1566.1401247729186
2757,1569.2829413552597
2758,1572.4312883810617
2759,1575.5851755821682
2760,1578.744612707541
2761,1581.90181700005
2762,1585.0549786873466
2763,1588.213689021818
2764,1591.3779577673363
2765,1594.5477947049505
2766,1597.7232096329278
2767,1600.8926360265573
2768,1604.0616201282305
2769,1607.2361807191148
2770,1610.416327612073
2771,1613.602070637232
2772,1616.7934196420206
2773,1619.9741392570872
2774,1623.1589024452744
2775,1626.3492698884486
2776,1629.5452514483297
2777,1632.7468570039844
2778,1635.9502999428607
2779,1639.1451763779523
2780,1642.3456748637077
2781,1645.5518052931523
2782,1648.7635775767271
2783,1651.9810016423069
2784,1655.1940510074642
2785,1658.404590407944
2786,1661.6207794204936
2787,1664.8426279866346
2788,1668.0701460653902
2789,1671.3033436333023
2790,1674.5250584116748
2791,1677.7512146133606
2792,1680.9830479072684
2793,1684.2205682832757
2794,1687.4637857488433
2795,1690.7061141068407
2796,1693.9421445390801
2797,1697.1838694385751
2798,1700.4312988257818
2799,1703.684442738779
2800,1706.943311233318
2801,1710.1925949648041
2802,1713.4441163487647
2803,1716.7013594586458
2804,1719.9643343628645
2805,1723.2330511475504
2806,1726.5015828624473
2807,1729.7628032030964
2808,1733.0297623362503
2809,1736.3024703603494
2810,1739.5809373916106
2811,1742.8651735640456
2812,1746.1389344005536
2813,1749.415509059922
2814,1752.6978495299925
2815,1755.9859659567476
2816,1759.2798685040261
2817,1762.5715031364166
2818,1765.8575896602085
2819,1769.149458732028
2820,1772.4471205273123
2821,1775.750585239398
2822,1779.059490306525
2823,1782.3549815189906
2824,1785.6562718282084
2825,1788.9633714387242
2826,1792.2762905730513
2827,1795.59503947168
2828,1798.9066482451926
2829,1802.217248573738
2830,1805.5336745857
2831,1808.8559365324084
2832,1812.1840446832373
2833,1815.511538515856
2834,1818.8313334732431
2835,1822.1569702930951
2836,1825.4884592552132
2837,1828.8258106574838
2838,1832.16858536866
2839,1835.4974764745539
2840,1838.8322254486582
2841,1842.1728425989309
2842,1845.5193382514742
2843,1848.8717227505558
2844,1852.2146044670792
2845,1855.558407515829
2846,1858.9080946724405
2847,1862.2636762910417
2848,1865.625162743987
2849,1868.9815655808823
2850,1872.3343632574226
2851,1875.6930608688924
2852,1879.0576687972682
2853,1882.4281974428018
2854,1885.7971992802443
2855,1889.1589306147532
2856,1892.526577603958
2857,1895.9001506575007
2858,1899.2796602033327
2859,1902.6603356640608
2860,1906.030938044515
2861,1909.407471689248
2862,1912.7899470353582
2863,1916.178374538317
2864,1919.5697948707925
2865,1922.9492039436172
2866,1926.334559777039
2867,1929.7258728354313
2868,1933.12315360157
2869,1936.524386536337
2870,1939.9125361216927
2871,1943.3066478475034
2872,1946.706732205195
2873,1950.1127997046603
2874,1953.5229092935047
2875,1956.919731313008
2876,1960.3225307330067
2877,1963.731318071785
2878,1967.1461038661241
2879,1970.5641503120664
2880,1973.9695747275732
2881,1977.3809916803666
2882,1980.798411715352
2883,1984.2218453960015
2884,1987.6468848809861
2885,1991.0608396435389
2886,1994.480801953363
2887,1997.9067823817818
2888,2001.3387915187138
2889,2004.7698760349742
2890,2008.1922870429428
2891,2011.6207204777645
2892,2015.0551869369383
2893,2018.495697036614
2894,2021.9318742266223
2895,2025.3626652923986
2896,2028.7994935305242
2897,2032.242369564448
2898,2035.6913040363047
2899,2039.1316170455473
2900,2042.5707098699727
2901,2046.0158544744554
2902,2049.467061508138
2903,2052.9243416389086
2904,2056.3678289848403
2905,2059.8151431388337
2906,2063.268523539042
2907,2066.7279808600656
2908,2070.189838228664
2909,2073.6392212553174
2910,2077.094674168029
2911,2080.5562076478063
2912,2084.023832394439
2913,2087.4870687271437
2914,2090.9444916471907
2915,2094.407998600167
2916,2097.877600291959
2917,2101.3533074473
2918,2104.8169483390398
2919,2108.2823244386977
2920,2111.7537985655413
2921,2115.231381450088
2922,2118.7110106281107
2923,2122.1781499250033
2924,2125.6513903510054
2925,2129.130742642091
2926,2132.6162175531153
2927,2136.0944337933847
2928,2139.569332779391
2929,2143.050346548267
2930,2146.5374858599976
2931,2150.0301287014986
2932,2153.5065769316716
2933,2156.9891426701283
2934,2160.4778366816495
2935,2163.9726697499655
2936,2167.462067812565
2937,2170.9460744631597
2938,2174.436211921593
2939,2177.932490976053
2940,2181.434744344557
2941,2184.920079334076
2942,2188.4115474681116
2943,2191.909159538952
2944,2195.4129263578834
2945,2198.9100886587917
2946,2202.4027732150876
2947,2205.9016038479126
2948,2209.4065913723175
2949,2212.915027821587
2950,2216.4088131037547
2951,2219.908746398578
2952,2223.4148385245103
2953,2226.9271003190347
2954,2230.428585185647
2955,2233.929503838198
2956,2237.436583054963
2957,2240.9498336764705
2958,2244.4610017068717
2959,2247.962787051905
2960,2251.4707344854337
2961,2254.984854850667
2962,2258.5049692135985
2963,2262.0075012698944
2964,2265.5161967278327
2965,2269.031066432929
2966,2272.5521212497906
2967,2276.0625461952977
2968,2279.5718682136294
2969,2283.0873655808273
2970,2286.6090491634327
2971,2290.1268161524176
2972,2293.6366420433533
2973,2297.152644168961
2974,2300.6748333973396
2975,2304.199200254718
2976,2307.709406155647
2977,2311.225788959089
2978,2314.7483595343147
2979,2318.2771287697115
2980,2321.789043515324
2981,2325.3056817891083
2982,2328.8285082833536
2983,2332.3575338872374
2984,2335.874432319778
2985,2339.391199780185
2986,2342.9141556875056
2987,2346.443310931309
2988,2349.9644462229235
2989,2353.481215561262
2990,2357.0041733489347
2991,2360.5333304755127
2992,2364.05795457586
2993,2367.574597510185
2994,2371.0974286705205
2995,2374.6264589460425
2996,2378.1538226835055
2997,2381.6702100106154
2998,2385.1927851130486
2999,2388.721558879183
3000,2392.250912076169
3001,2395.766913723808
3002,2399.2891024671894
3003,2402.8174891934914
3004,2406.3480807952624
3005,2409.8635658743947
3006,2413.385237139356
3007,2416.9131054757204
3008,2420.444183692157
3009,2423.959020549235
3010,2427.480042450553
3011,2431.0072602796736
3012,2434.538072739338
3013,2438.052129008452
3014,2441.572368947286
3015,2445.098803436984
3016,2448.6285973527924
3017,2452.141740007647
3018,2455.6610647236116
3019,2459.186582378993
3020,2462.714604724841
3021,2466.226700130468
3022,2469.7449757534305
3023,2473.2694424687884
3024,2476.7949401664
3025,2480.305854130543
3026,2483.822946232104
3027,2487.3462273424807
3028,2490.868447457782
3029,2494.3780452819146
3030,2497.893818926512
3031,2501.415779258894
3032,2504.933969207201
3033,2508.442115737102
3034,2511.9564355326793
3035,2515.4769394567566
3036,2518.990347216063
3037,2522.496906891913
3038,2526.0096370401006
3039,2529.5285485185336
3040,2533.0364228501876
3041,2536.5412597561563
3042,2540.0522641019506
3043,2543.569446740136
3044,2547.0710374162218
3045,2550.5740153294932
3046,2554.0831574103604
3047,2557.5981999367596
3048,2561.093032542359
3049,2564.5940149815797
3050,2568.1011580759955
3051,2571.608546376849
3052,2575.1012505626877
3053,2578.6001008358026
3054,2582.105108011169
3055,2585.597846297147
3056,2589.074484043517
3057,2592.5572396041757
3058,2596.046123744347
3059,2599.541147248203
3060,2603.0423209188825
3061,2606.517870587678
3062,2609.9904669729044
3063,2613.4691740593807
3064,2616.9540025998067
3065,2620.4449633658114
3066,2623.9355329578793
3067,2627.3977649435446
3068,2630.866089391055
3069,2634.340517021019
3070,2637.8210585729007
3071,2641.3077248050704
3072,2644.7760061850986
3073,2648.233746547739
3074,2651.697571466842
3075,2655.167491649101
3076,2658.64351782004
3077,2662.122097912454
3078,2665.5690566121484
3079,2669.022080894643
3080,2672.4811814332297
3081,2675.946368919993
3082,2679.41765406582
3083,2682.868963888192
3084,2686.3109935235047
3085,2689.7590800664548
3086,2693.2132341750653
3087,2696.6734665261206
3088,2700.1304466721635
3089,2703.561291703592
3090,2706.998173959925
3091,2710.4411040645573
3092,2713.8900926595616
3093,2717.3451504057493
3094,2720.7699935472374
3095,2724.195485448468
3096,2727.6270051531983
3097,2731.064563268239
3098,2734.50817041905
3099,2737.9341549012324
3100,2741.348074759195
3101,2744.768002056151
3102,2748.1939473630628
3103,2751.625921269498
3104,2755.0508714531857
3105,2758.4530421056693
3106,2761.8611995208807
3107,2765.2753542334003
3108,2768.695516796337
3109,2772.117280868312
3110,2775.5075298101856
3111,2778.9037445349677
3112,2782.3059355403107
3113,2785.7141133423456
3114,2789.128288475699
3115,2792.5087244027322
3116,2795.8928284104063
3117,2799.2828873862254
3118,2802.678911808807
3119,2806.080912175207
3120,2809.4538586677295
3121,2812.825688816254
3122,2816.2034523334232
3123,2819.587159659839
3124,2822.9768212544855
3125,2826.340213621082
3126,2829.6996117423196
3127,2833.0649213543684
3128,2836.4361528593367
3129,2839.8133166776297
3130,2843.165120406281
3131,2846.511933382581
3132,2849.8646357024227
3133,2853.2232377289342
3134,2856.5877498434834
3135,2859.925962101255
3136,2863.260041930082
3137,2866.5999886947393
3138,2869.9458127189228
3139,2873.2975243444926
3140,2876.6201754301464
3141,2879.941379277354
3142,2883.268427401337
3143,2886.601330085913
3144,2889.9400976330016
3145,2893.245252375249
3146,2896.5534426175946
3147,2899.8674542354825
3148,2903.1872974724333
3149,2906.5094854845142
3150,2909.7987416855312
3151,2913.0937859430287
3152,2916.394628441894
3153,2919.701279384928
3154,2923.002243860202
3155,2926.278250279167
3156,2929.560021437793
3157,2932.847567479921
3158,2936.140898567254
3159,2939.418809521494
3160,2942.6814445379337
3161,2945.949820763189
3162,2949.223948299699
3163,2952.503837267674
3164,2955.7569042236405
3165,2959.006051492277
3166,2962.2609162341573
3167,2965.521508509946
3168,2968.7844465424414
3169,2972.014311448759
3170,2975.2498598963375
3171,2978.4911018861285
3172,2981.738047436689
3173,2984.9726930302904
3174,2988.1888773783094
3175,2991.410721192729
3176,2994.6382344321414
3177,2997.8714270726523
3178,3001.0761083578377
3179,3004.278511755209
3180,3007.4865503674696
3181,3010.7002341105253
3182,3013.909735049869
3183,3017.092661373013
3184,3020.2811886364425
3185,3023.4753266957523
3186,3026.6750854238785
3187,3029.8514011952198
3188,3033.0203859132216
3189,3036.194947037294
3190,3039.375094379859
3191,3042.553006525299
3192,3045.7024229515728
3193,3048.857381348813
3194,3052.0178914688413
3195,3055.183963080636
3196,3058.3256253125533
3197,3061.46096057131
3198,3064.6018130212406
3199,3067.748192370555
3200,3070.8883640199797
3201,3074.004061023948
3202,3077.1252406608796
3203,3080.2519125781746
3204,3083.3840864402077
3205,3086.48510498278
3206,3089.5866018795195
3207,3092.693556420138
3208,3095.8059782080563
3209,3098.902561187503
3210,3101.9843705397166
3211,3105.0716028908764
3212,3108.164267783439
3213,3111.254937480013
3214,3114.3170160268287
3215,3117.3844828515425
3216,3120.4573474355057
3217,3123.53561927676
3218,3126.5831851946414
3219,3129.630892953747
3220,3132.6839637013277
3221,3135.7424068742366
3222,3138.781488037335
3223,3141.809448011823
3224,3144.8427362238663
3225,3147.881362049169
3226,3150.9105825750903
3227,3153.9188107595664
3228,3156.932332458832
3229,3159.95115698749
3230,3162.969174994572
3231,3165.9576919892193
3232,3168.951467812149
3233,3171.950511716922
3234,3174.954832973372
3235,3177.924850626414
3236,3180.8989057134168
3237,3183.8781941789607
3238,3186.862725231811
3239,3189.8190937423374
3240,3192.7734576267185
3241,3195.733020238316
3242,3198.697790724916
3243,3201.6392765046917
3244,3204.573983000398
3245,3207.513853631503
3246,3210.4588974849235
3247,3213.3843020692393
3248,3216.2993891576584
3249,3219.219605856502
3250,3222.1449611919297
3251,3225.0531214140087
3252,3227.9486311299943
3253,3230.849236005404
3254,3233.754945005777
3255,3236.6447331181266
3256,3239.5207114354794
3257,3242.4017505421634
3258,3245.2878593432356
3259,3248.1581830875875
3260,3251.0146798042006
3261,3253.8762030276885
3262,3256.7427616027794
3263,3259.592564230232
3264,3262.4296328530813
3265,3265.2716937945106
3266,3268.118755839088
3267,3270.947016082233
3268,3273.7647137124045
3269,3276.58736957335
3270,3279.4149923896493
3271,3282.2207243884923
3272,3285.01911160642
3273,3287.8224230739224
3274,3290.630667455785
3275,3293.4129206393372
3276,3296.192061390418
3277,3298.976092522408
3278,3301.7650226404903
3279,3304.5228815659257
3280,3307.282843046667
3281,3310.047661157902
3282,3312.8138905840888
3283,3315.5499285967767
3284,3318.2907811416053
3285,3321.036456690287
3286,3323.776391402332
3287,3326.4934272777955
3288,3329.2152442466963
3289,3331.941850721909
3290,3334.6546767798677
3291,3337.3527866582094
3292,3340.055644325277
3293,3342.7632581353378
3294,3345.448195824625
3295,3348.1274586447507
3296,3350.81143608781
3297,3353.5001364496975
3298,3356.1564399358394
3299,3358.81693732641
3300,3361.4821163177658
3301,3364.141766489979
3302,3366.7789421003845
3303,3369.4207582720446
3304,3372.0672231705325
3305,3374.692844896005
3306,3377.3049137652033
3307,3379.9215790149087
3308,3382.5428487329477
3309,3385.157255141531
3310,3387.744394122609
3311,3390.336085614662
3312,3392.9323376283205
3313,3395.5331581883056
3314,3398.096498600063
3315,3400.6633966772765
3316,3403.234811646726
3317,3405.8107514563553
3318,3408.3604068984714
3319,3410.9026947598227
3320,3413.4494562064224
3321,3416.0006991100095
3322,3418.5353615898835
3323,3421.0532250122355
3324,3423.5755190397654
3325,3426.102251468585
3326,3428.6206667399033
3327,3431.1142938296734
3328,3433.6123088755753
3329,3436.114719598666
3330,3438.615686536788
3331,3441.0852675024453
3332,3443.5591941099024
3333,3446.037474005759
3334,3448.5198439148044
3335,3450.9655708543623
3336,3453.4156014594323
3337,3455.869943302748
3338,3458.3286039703717
3339,3460.7546858640035
3340,3463.1810145940444
3341,3465.61161285379
3342,3468.0464881559083
3343,3470.452150265965
3344,3472.8549727470327
3345,3475.262023393517
3346,3477.6733096452954
3347,3480.057557738896
3348,3482.4370729797147
3349,3484.8207753718634
3350,3487.2086722830472
3351,3489.5705564350815
3352,3491.9269689554867
3353,3494.2875279730356
3354,3496.652240783896
3355,3498.990843236914
3356,3501.324358741229
3357,3503.6619804504876
3358,3506.0037155899554
3359,3508.31816608414
3360,3510.6289913032033
3361,3512.9438827987997
3362,3515.2628477259336
3363,3517.5523225215893
3364,3519.840665060564
3365,3522.1330343129903
3366,3524.429437364256
3367,3526.693158238296
3368,3528.959226430044
3369,3531.2292821387737
3370,3533.500504589314
3371,3535.7405656008864
3372,3537.9845683647372
3373,3540.232519816744
3374,3542.4762388377862
3375,3544.694482184138
3376,3546.9166288899337
3377,3549.1426858234886
3378,3551.358254299221
3379,3553.5548893015457
3380,3555.755389638826
3381,3557.9597621124694
3382,3560.1465743655
3383,3562.3218105386027
3384,3564.5008743908643
3385,3566.68377265743
3386,3568.841263359708
3387,3570.995310291438
3388,3573.153147615344
3389,3575.3131047231573
3390,3577.442425077732
3391,3579.5754923132827
3392,3581.712313022773
3393,3583.8416148045717
3394,3585.95020134015
3395,3588.0624982711424
3396,3590.1785121263083
3397,3592.2767090755015
3398,3594.3647705565313
3399,3596.4565063147807
3400,3598.5519228154503
3401,3600.6186014741147
3402,3602.6863463042496
3403,3604.7577296601394
3404,3606.823500484717
3405,3608.8675397985317
3406,3610.915175923675
3407,3612.9664151890397
3408,3614.9996313522224
3409,3617.0238043157187
3410,3619.0515391314852
3411,3621.082201436899
3412,3623.083193383146
3413,3625.087706390206
3414,3627.0957466536743
3415,3629.0843856701354
3416,3631.045943200344
3417,3633.0109523992523
3418,3634.9794193403445
3419,3636.9513501078045
3420,3638.9267507965073
3421,3640.8697480215164
3422,3642.799370804779
3423,3644.7323890609823
3424,3646.668808764726
3425,3648.608635901128
3426,3650.5518764658336
3427,3652.4476851472136
3428,3654.345842089367
3429,3656.24733913385
3430,3658.152182157826
3431,3660.0603770488106
3432,3661.9553165384705
3433,3663.819191264582
3434,3665.686345766854
3435,3667.556785816302
3436,3669.430517194095
3437,3671.3075456915763
3438,3673.1520164032463
3439,3674.9854013251343
3440,3676.8220123701303
3441,3678.6618552148366
3442,3680.5049355458477
3443,3682.3440496620965
3444,3684.14423155302
3445,3685.947581139947
3446,3687.754103996671
3447,3689.563805706793
3448,3691.3766918637352
3449,3693.1627033574046
3450,3694.9333530902254
3451,3696.707118551191
3452,3698.4840052226505
3453,3700.264018596596
3454,3702.0408149375226
3455,3703.7793207771197
3456,3705.520885781544
3457,3707.2655153336127
3458,3709.0132148256116
3459,3710.763989659312
3460,3712.4855997476484
3461,3714.1955157533184
3462,3715.9084406141897
3463,3717.6243796245517
3464,3719.343338088002
3465,3721.0524209579635
3466,3722.731234021457
3467,3724.4130012086175
3468,3726.097727717419
3469,3727.785418754989
3470,3729.476079537612
3471,3731.128374720795
3472,3732.779525855846
3473,3734.4335824377954
3474,3736.0905495789643
3475,3737.75043240067
3476,3739.3873742257356
3477,3741.008445502324
3478,3742.632369294609
3479,3744.2591506217727
3480,3745.8887945118304
3481,3747.5087652472957
3482,3749.1002873657276
3483,3750.6946100025357
3484,3752.291738085406
3485,3753.8916765506947
3486,3755.4930581658828
3487,3757.0516864335564
3488,3758.6130573368428
3489,3760.1771757015727
3490,3761.744046362071
3491,3763.3136741611684
3492,3764.871066897351
3493,3766.4002305937834
3494,3767.9320850771887
3495,3769.4666350821594
3496,3771.003885351628
3497,3772.5438406368676
3498,3774.0561000734047
3499,3775.556420350507
3500,3777.0593806589845
3501,3778.5649856441237
3502,3780.0732399593835
3503,3781.5807973280466
3504,3783.0502970047405
3505,3784.5223824783484
3506,3785.9970582987253
3507,3787.4743290237275
3508,3788.9541992192335
3509,3790.4139802547265
3510,3791.8558897872404
3511,3793.3003365664704
3512,3794.7473250568373
3513,3796.1968597306186
3514,3797.647874013979
3515,3799.060290691895
3516,3800.475192718503
3517,3801.8925844668997
3518,3803.3124703178814
3519,3804.7348546599496
3520,3806.133857162262
3521,3807.5159552780615
3522,3808.9004853913925
3523,3810.2874517814735
3524,3811.676858735054
3525,3813.0687105464312
3526,3814.4347146807186
3527,3815.7869781912173
3528,3817.1416211997166
3529,3818.4986478930628
3530,3819.8580624654614
3531,3821.2198691185
3532,3822.5525170170686
3533,3823.875447948118
3534,3825.2007067610757
3535,3826.5282975519553
3536,3827.8582244239797
3537,3829.190491487591
3538,3830.4895164084587
3539,3831.7837713250124
3540,3833.0803036627394
3541,3834.379117428858
3542,3835.680216637647
3543,3836.9836053104377
3544,3838.247666287006
3545,3839.5136062911224
3546,3840.7817738911285
3547,3842.05217300657
3548,3843.324807563892
3549,3844.5933784051604
3550,3845.8294581970727
3551,3847.0677130406757
3552,3848.30814676306
3553,3849.550763198051
3554,3850.795566186219
3555,3852.028173847721
3556,3853.2372296094723
3557,3854.4484128692006
3558,3855.661727370319
3559,3856.8771768628308
3560,3858.0947651033316
3561,3859.290749955822
3562,3860.47338116124
3563,3861.658093365818
3564,3862.8448902311493
3565,3864.033775425273
3566,3865.224752622674
3567,3866.382811843103
3568,3867.538752467779
3569,3868.6967271247336
3570,3869.8567393929184
3571,3871.0187928575792
3572,3872.179372954171
3573,3873.3073433781155
3574,3874.4372986160397
3575,3875.56924216029
3576,3876.7031775093537
3577,3877.839108167878
3578,3878.9641642833117
3579,3880.066874036304
3580,3881.1715241525962
3581,3882.278118046318
3582,3883.386659137604
3583,3884.497150852608
3584,3885.585887852413
3585,3886.6639946777673
3586,3887.743998573168
3587,3888.825902876569
3588,3889.9097109317854
3589,3890.9949140439458
3590,3892.0472047398493
3591,3893.1013470779963
3592,3894.1573443163984
3593,3895.2151997188025
3594,3896.274916554696
3595,3897.3213888122577
3596,3898.349342245807
3597,3899.3791044959
3598,3900.410678745192
3599,3901.4440681819406
3600,3902.4792760000114
3601,3903.491508343671
3602,3904.495708374793
3603,3905.501675424176
3604,3906.509412600929
3605,3907.5189230196283
3606,3908.528594558888
3607,3909.507887521269
3608,3910.4889036738327
3609,3911.4716460485683
3610,3912.4561176827956
3611,3913.442321619185
3612,3914.4164583258694
3613,3915.3731627087277
3614,3916.331550533219
3615,3917.291624761395
3616,3918.253388360508
3617,3919.2168443030387
3618,3920.155329412039
3619,3921.0899861915245
3620,3922.02628761605
3621,3922.964236579399
3622,3923.90383598044
3623,3924.83635125088
3624,3925.7478841903367
3625,3926.6610210846898
3626,3927.5757647561163
3627,3928.4921180317647
3628,3929.4100837437545
3629,3930.306240125184
3630,3931.1968048685007
3631,3932.088936669547
3632,3932.9826382855763
3633,3933.8779124786993
3634,3934.766107874454
3635,3935.6346773741816
3636,3936.504775227464
3637,3937.3764041234567
3638,3938.2495667560434
3639,3939.1242658238484
3640,3939.975766925031
3641,3940.82443714558
3642,3941.6746007034826
3643,3942.5262602262806
3644,3943.3794183461287
3645,3944.2211752566964
3646,3945.0490423294914
3647,3945.878366133179
3648,3946.709149230885
3649,3947.541394190241
3650,3948.372007420371
3651,3949.1796752258037
3652,3949.988764218297
3653,3950.7992768984354
3654,3951.6112157711996
3655,3952.424583345982
3656,3953.2174862095017
3657,3954.0069254134205
3658,3954.7977537280603
3659,3955.5899735975627
3660,3956.383587470369
3661,3957.1636836059456
3662,3957.9340388231385
3663,3958.705749569755
3664,3959.4788182308516
3665,3960.253247195671
3666,3961.019526331969
3667,3961.771344822086
3668,3962.5244862233308
3669,3963.2789528633607
3670,3964.034747073927
3671,3964.7863171160247
3672,3965.520128253641
3673,3966.255230615613
3674,3966.991626473842
3675,3967.72931810423
3676,3968.465396257914
3677,3969.1817121683707
3678,3969.899288517585
3679,3970.618127523286
3680,3971.3382314071146
3681,3972.0581358921263
3682,3972.7574520660523
3683,3973.4579987650377
3684,3974.1597781541823
3685,3974.8627924023917
3686,3975.565934719249
3687,3976.2487306061585
3688,3976.9327279481035
3689,3977.6179288590365
3690,3978.3043354566194
3691,3978.990213173436
3692,3979.6569527545876
3693,3980.3248655372126
3694,3980.9939535855387
3695,3981.6642189674344
3696,3982.332408994435
3697,3982.983541335405
3698,3983.6358194144896
3699,3984.289245247594
3700,3984.9438208541746
3701,3985.593973175395
3702,3986.2299329587972
3703,3986.8670117818524
3704,3987.505211613489
3705,3988.1445344261033
3706,3988.776366259344
3707,3989.3975742982007
3708,3990.0198754187422
3709,3990.643271544225
3710,3991.2677646012858
3711,3991.8810549588907
3712,3992.487918691098
3713,3993.0958502639796
3714,3993.7048515563793
3715,3994.314924450439
3716,3994.909509075016
3717,3995.50242303951
3718,3996.0963802979268
3719,3996.6913826859127
3720,3997.2848700270624
3721,3997.8631986931355
3722,3998.4425449882538
3723,3999.022910702907
3724,3999.60429763074
3725,4000.1784373574656
3726,4000.7435916353475
3727,4001.309740359932
3728,4001.876885280919
3729,4002.4450281510885
3730,4002.9998133659255
3731,4003.552151149701
3732,4004.105460827613
3733,4004.659744109677
3734,4005.211546028513
3735,4005.750465781907
3736,4006.2903338185565
3737,4006.8311518069363
3738,4007.372921418451
3739,4007.905046075472
3740,4008.4318533874475
3741,4008.9595876690087
3742,4009.4882505511273
3743,4010.016289140343
3744,4010.530404416866
3745,4011.0454243295994
3746,4011.561350470218
3747,4012.078184433193
3748,4012.586403972412
3749,4013.089067046133
3750,4013.5926146041925
3751,4014.0970482028097
3752,4014.6002979904606
3753,4015.090950370131
3754,4015.582466099691
3755,4016.0748466981727
3756,4016.5680936872773
3757,4017.0515350551036
3758,4017.53135471272
3759,4018.0120186584363
3760,4018.493528377742
3761,4018.9713051863687
3762,4019.439753922434
3763,4019.9090269379312
3764,4020.379125683144
3765,4020.850051610905
3766,4021.308158252817
3767,4021.7663558124386
3768,4022.2253596130286
3769,4022.6851710731244
3770,4023.137080788515
3771,4023.5845084802468
3772,4024.0327234619244
3773,4024.4817271187467
3774,4024.927050871962
3775,4025.364004745062
3776,4025.8017274780354
3777,4026.2402204236473
3778,4026.678611969647
3779,4027.10537886868
3780,4027.5328967022547
3781,4027.9611667915997
3782,4028.3901904602667
3783,4028.809177582202
3784,4029.2267689664172
3785,4029.6450951395077
3786,4030.0641573942944
3787,4030.475958245282
3788,4030.883893039865
3789,4031.292545631289
3790,4031.701917282474
3791,4032.1062871431186
3792,4032.5048269146027
3793,4032.904067951157
3794,4033.304011486614
3795,4033.700737912684
3796,4034.0901362198997
3797,4034.480219706594
3798,4034.870989578293
3799,4035.259890088787
3800,4035.6403927574333
3801,4036.021564952526
3802,4036.403407852056
3803,4036.784327762531
3804,4037.1561731491106
3805,4037.5286728285323
3806,4037.9018279519855
3807,4038.2746383441777
3808,4038.638057589869
3809,4039.002116301529
3810,4039.3668156042513
3811,4039.7314114236806
3812,4040.086628698526
3813,4040.4424710069216
3814,4040.798939448573
3815,4041.155237722249
3816,4041.5024704600282
3817,4041.8503141815513
3818,4042.198769961796
3819,4042.5467081286665
3820,4042.886167252911
3821,4043.2262236822417
3822,4043.5668784675686
3823,4043.906412814822
3824,4044.2383029562975
3825,4044.5707770842796
3826,4044.903836226245
3827,4045.234940425007
3828,4045.559460131072
3829,4045.8845508544364
3830,4046.2102135997593
3831,4046.5328773340893
3832,4046.85021927014
3833,4047.168119593305
3834,4047.48657928602
3835,4047.800806969507
3836,4048.1111581130767
3837,4048.422055342595
3838,4048.7334996188492
3839,4049.0393091935266
3840,4049.342851021071
3841,4049.6469269527265
3842,4049.951537928204
3843,4050.248959740692
3844,4050.545868407571
3845,4050.8432995066973
3846,4051.1403933573592
3847,4051.4303297074744
3848,4051.7207762212993
3849,4052.01173379642
3850,4052.3003338067965
3851,4052.5839850901066
3852,4052.868135477782
3853,4053.152785847949
3854,4053.432959226987
3855,4053.7104863675086
3856,4053.988501836219
3857,4054.2670064922872
3858,4054.538828860761
3859,4054.8103881261277
3860,4055.0824252184866
3861,4055.353219193744
3862,4055.6184955729486
3863,4055.884238723749
3864,4056.1504494673827
3865,4056.4128879364816
3866,4056.6725055558677
3867,4056.9325799895814
3868,4057.193112041344
3869,4057.447296286943
3870,4057.7013980682677
3871,4057.9559469581454
3872,4058.2086925202457
3873,4058.4569804237017
3874,4058.7057052055975
3875,4058.9548676345757
3876,4059.1994140357892
3877,4059.4424690322335
3878,4059.6859516991963
3879,4059.9287952649606
3880,4060.166330221496
3881,4060.404283135484
3882,4060.642654742274
3883,4060.8773892620366
3884,4061.109957996291
3885,4061.342935949344
3886,4061.575754569986
3887,4061.8030804056816
3888,4062.030806234776
3889,4062.2589327610103
3890,4062.4837618250217
3891,4062.7063728993653
3892,4062.929375670936
3893,4063.1520457808147
3894,4063.368969277976
3895,4063.58627446454
3896,4063.8039620120467
3897,4064.0204430033154
3898,4064.232217936139
3899,4064.444365498913
3900,4064.6568863472344
3901,4064.8672052597044
3902,4065.073975019305
3903,4065.2811086017177
3904,4065.488606647044
3905,4065.692799660731
3906,4065.8947031766875
3907,4066.0969619527805
3908,4066.2995766140484
3909,4066.497688193499
3910,4066.694860079866
3911,4066.8923789005707
3912,4067.0900949093516
3913,4067.2823273633303
3914,4067.4748980602753
3915,4067.6678075952796
3916,4067.8594023498927
3917,4068.047167877934
3918,4068.235263788918
3919,4068.4236906641095
3920,4068.609233483744
3921,4068.7926543702897
3922,4068.976397994928
3923,4069.1604649254764
3924,4069.3400303964913
3925,4069.5192251573567
3926,4069.698735220013
3927,4069.877452545173
3928,4070.052228525153
3929,4070.2273120316995
3930,4070.4027036058637
3931,4070.5754733857025
3932,4070.746256484354
3933,4070.917340083691
3934,4071.0887247124024
3935,4071.255637953808
3936,4071.4225359204484
3937,4071.589727551489
3938,4071.7555333110727
3939,4071.9183640971205
3940,4072.081481391027
3941,4072.24488569686
3942,4072.404904515731
3943,4072.5640623694358
3944,4072.723500268109
3945,4072.882243334043
3946,4073.037553009564
3947,4073.193135958866
3948,4073.3489926627353
3949,4073.5006266180562
3950,4073.6503645652465
3951,4073.8003659823357
3952,4073.9506313328625
3953,4074.101161081174
3954,4074.2488186185446
3955,4074.393440825448
3956,4074.538317500665
3957,4074.6834490918914
3958,4074.8288360476117
3959,4074.9724570860108
3960,4075.1121400743687
3961,4075.252068840064
3962,4075.3922438154996
3963,4075.5326654338437
3964,4075.6722091799143
3965,4075.807123009793
3966,4075.942274225274
3967,4076.0776632439943
3968,4076.2132904843347
3969,4076.3487334913207
3970,4076.479041974783
3971,4076.6095797403564
3972,4076.740347191427
3973,4076.8713447320865
3974,4077.0025727671405
3975,4077.128540020289
3976,4077.25462239256
3977,4077.380926610699
3978,4077.507453065012
3979,4077.634202146477
3980,4077.7562768381154
3981,4077.8780854445263
3982,4078.000108376775
3983,4078.122346011929
3984,4078.244798727722
3985,4078.3628727076543
3986,4078.480584324227
3987,4078.598503057657
3988,4078.7166292723346
3989,4078.834963333281
3990,4078.948939560139
3991,4079.062722323941
3992,4079.1767052914793
3993,4079.2908888149746
3994,4079.4052629184453
3995,4079.5150835632962
3996,4079.6250974402806
3997,4079.735304889352
3998,4079.845706251067
3999,4079.9556930629255
4000,4080.061903410994
4001,4080.1683006386015
4002,4080.274885074527
4003,4080.3816570481304
4004,4080.4872441744387
4005,4080.5899888985023
4006,4080.692914404079
4007,4080.7960210092174
4008,4080.8993090325284
4009,4081.0005028778014
4010,4081.099919747702
4011,4081.1995115435075
4012,4081.2992785729652
4013,4081.3992211443656
4014,4081.4960443950617
4015,4081.59226464994
4016,4081.6886542060442
4017,4081.785213361227
4018,4081.8814467090933
4019,4081.9744317995505
4020,4082.0675804987736
4021,4082.1608930946004
4022,4082.254369875369
4023,4082.346177501852
4024,4082.4362154328687
4025,4082.5264117869137
4026,4082.6167668427
4027,4082.707280879429
4028,4082.794728218498
4029,4082.881932463888
4030,4082.969290146235
4031,4083.0568015354816
4032,4083.143297351257
4033,4083.2276277705446
4034,4083.3121065701393
4035,4083.396734011078
4036,4083.481510354866
4037,4083.5636782268543
4038,4083.6453910883456
4039,4083.7272477243678
4040,4083.8092483878604
4041,4083.8902706805106
4042,4083.969325298857
4043,4084.0485190144145
4044,4084.1278520718947
4045,4084.2073247164403
4046,4084.2840960359413
4047,4084.3607297359026
4048,4084.437498273308
4049,4084.5144018853753
4050,4084.5898941419123
4051,4084.664066014619
4052,4084.738368393061
4053,4084.8128015068332
4054,4084.8869133821527
4055,4084.958717146992
4056,4085.030647250765
4057,4085.1027039157334
4058,4085.174887364556
4059,4085.2448746287255
4060,4085.314522098933
4061,4085.3842921139358
4062,4085.454184889322
4063,4085.5227312992643
4064,4085.590181753784
4065,4085.6577508873484
4066,4085.7254389087425
4067,4085.79248058973
4068,4085.857815830573
4069,4085.923266028647
4070,4085.9888313861875
4071,4086.0543158640194
4072,4086.1176140726116
4073,4086.181023654182
4074,4086.244544804664
4075,4086.30817772034
4076,4086.369765763834
4077,4086.431209605419
4078,4086.492761557112
4079,4086.5544218091077
4080,4086.614459216559
4081,4086.6740089261557
4082,4086.7336634130556
4083,4086.7934228615895
4084,4086.8518813262626
4085,4086.9096054074107
4086,4086.967431053593
4087,4087.0253584434904
4088,4087.082217186236
4089,4087.138181192774
4090,4087.1942436674226
4091,4087.250404783418
4092,4087.3056497557227
4093,4087.359916437968
4094,4087.4142786018197
4095,4087.468736415252
4096,4087.522359576199
4097,4087.574989018836
4098,4087.627711062296
4099,4087.680525869484
4100,4087.7325245298957
4101,4087.7835742823167
4102,4087.834713856036
4103,4087.8859434090737
4104,4087.936130822452
4105,4087.9852788212447
4106,4088.0345132951556
4107,4088.0838343963164
4108,4088.133242277123
4109,4088.1809901658658
4110,4088.2282274266126
4111,4088.275547800474
4112,4088.32295143367
4113,4088.3704384726675
4114,4088.4165709314657
4115,4088.4619786619496
4116,4088.5074662864404
4117,4088.553033945486
4118,4088.598681779887
4119,4088.643175308976
4120,4088.686830800636
4121,4088.730563103184
4122,4088.7743723517547
4123,4088.8182586817106
4124,4088.8610996519055
4125,4088.9030764653244
4126,4088.9451271359567
4127,4088.987251793737
4128,4089.029450568823
4129,4089.070634018004
4130,4089.111002162822
4131,4089.1514413343657
4132,4089.191951657584
4133,4089.2325332576493
4134,4089.272061803929
4135,4089.3108879125107
4136,4089.349782334568
4137,4089.3887451902824
4138,4089.4277766000414
4139,4089.4656594625753
4140,4089.5030069569943
4141,4089.540420163241
4142,4089.577899196913
4143,4089.6154441738177
4144,4089.6516962924966
4145,4089.6876255446623
4146,4089.723618013233
4147,4089.759673809417
4148,4089.79579304462
4149,4089.830434290238
4150,4089.8650027750364
4151,4089.899632081946
4152,4089.934322317963
4153,4089.9689240371304
4154,4090.0021280571664
4155,4090.0353904985363
4156,4090.0687114640145
4157,4090.1020910565567
4158,4090.135072461774
4159,4090.1670247529933
4160,4090.1990332631135
4161,4090.2310980910365
4162,4090.2632193358327
4163,4090.294613981683
4164,4090.325364089649
4165,4090.3561683012604
4166,4090.387026711699
4167,4090.41793941631
4168,4090.447783238638
4169,4090.4773783593796
4170,4090.50702555156
4171,4090.5367249067795
4172,4090.5663723243424
4173,4090.5948073930876
4174,4090.623292492169
4175,4090.6518277095993
4176,4090.680413133544
4177,4090.7085364425416
4178,4090.735906212061
4179,4090.7633241375183
4180,4090.790790303625
4181,4090.818304795249
4182,4090.84494694155
4183,4090.8712921776278
4184,4090.8976837669725
4185,4090.9241217911285
4186,4090.9504960276063
4187,4090.9758110495754
4188,4091.0011706121636
4189,4091.0265747937283
4190,4091.0520236727616
4191,4091.076960813885
4192,4091.101328878444
4193,4091.1257398174544
4194,4091.1501937063385
4195,4091.1746906206545
4196,4091.198237203464
4197,4091.2216935790466
4198,4091.2451912249708
4199,4091.2687302138315
4200,4091.291974512461
4201,4091.3145131810466
4202,4091.337091505284
4203,4091.3597095549344
4204,4091.382367399883
4205,4091.4042758331143
4206,4091.425970024077
4207,4091.447702384843
4208,4091.469472982557
4209,4091.49105860765
4210,4091.51190220876
4211,4091.532782483081
4212,4091.5536994951262
4213,4091.5746533095253
4214,4091.5949632189686
4215,4091.6150234445627
4216,4091.6351189650304
4217,4091.6552498424603
4218,4091.675227756367
4219,4091.694498484954
4220,4091.713803119318
4221,4091.733141719105
4222,4091.7525143440666
4223,4091.7712802717842
4224,4091.7898232113457
4225,4091.808398776155
4226,4091.8270070236035
4227,4091.845440778694
4228,4091.863249871077
4229,4091.8810902975288
4230,4091.8989621131727
4231,4091.9168653732254
4232,4091.934152976641
4233,4091.95128488206
4234,4091.968446930055
4235,4091.9856391736525
4236,4092.0026015450308
4237,4092.019050330665
4238,4092.0355280569547
4239,4092.0520347748097
4240,4092.0685705352303
4241,4092.0844535510646
4242,4092.100271243308
4243,4092.116116765818
4244,4092.1319901675515
4245,4092.1475604783304
4246,4092.1627413227175
4247,4092.177948876867
4248,4092.193183187767
4249,4092.208436009776
4250,4092.2230021448977
4251,4092.2375939082303
4252,4092.2522113448604
4253,4092.26685449995
4254,4092.281116520753
4255,4092.295113672521
4256,4092.309135451399
4257,4092.3231819007083
4258,4092.3371212396323
4259,4092.350386941943
4260,4092.363675984425
4261,4092.37698840814
4262,4092.3903242542146
4263,4092.403683563855
4264,4092.416551019425
4265,4092.429168712264
4266,4092.4418086051346
4267,4092.4544707370897
4268,4092.467155147253
4269,4092.479710294961
4270,4092.4916912776835
4271,4092.5036933401852
4272,4092.515716519551
4273,4092.527760852927
4274,4092.539826377526
4275,4092.5513428776326
4276,4092.5627398060237
4277,4092.5741567865834
4278,4092.5855938545888
4279,4092.597051045376
4280,4092.6082219856576
4281,4092.6190445879774
4282,4092.6298862319854
4283,4092.6407469511732
4284,4092.651626779098
4285,4092.6624259344626
4286,4092.6727032420754
4287,4092.682998631966
4288,4092.693312135946
4289,4092.7036437858806
4290,4092.713993613689
4291,4092.72376789711
4292,4092.733497972291
4293,4092.743245166934
4294,4092.7530095111592
4295,4092.7627910351307
4296,4092.7724091997798
4297,4092.781601551179
4298,4092.790810075961
4299,4092.800034802582
4300,4092.8092757595423
4301,4092.8185329753915
4302,4092.8273911681686
4303,4092.8360871369714
4304,4092.844798405815
4305,4092.8535250016153
4306,4092.8622669513375
4307,4092.8709473822096
4308,4092.879155469475
4309,4092.8873779984
4310,4092.895614994393
4311,4092.9038664829
4312,4092.9121324894195
4313,4092.920092824824
4314,4092.9278499727197
4315,4092.9356207688916
4316,4092.943405237347
4317,4092.951203402141
4318,4092.9589754112653
4319,4092.9662892572733
4320,4092.973615971616
4321,4092.980955576927
4322,4092.988308095887
4323,4092.995673551213
4324,4093.0027691719247
4325,4093.0096727159626
4326,4093.0165884064504
4327,4093.0235162647564
4328,4093.030456312285
4329,4093.0373613133074
4330,4093.043861463593
4331,4093.0503730506066
4332,4093.0568960944624
4333,4093.063430615323
4334,4093.06997663337
4335,4093.0762509319034
4336,4093.082377157585
4337,4093.088514162119
4338,4093.0946619644646
4339,4093.100820583616
4340,4093.1069080245593
4341,4093.112666625707
4342,4093.1184353589174
4343,4093.1242142420147
4344,4093.130003292853
4345,4093.1358025293202
4346,4093.1413055497956
4347,4093.1467228328206
4348,4093.152149647406
4349,4093.1575860103153
4350,4093.1630319383485
4351,4093.168356184804
4352,4093.1734379486506
4353,4093.1785286537565
4354,4093.183628315852
4355,4093.1887369506926
4356,4093.1938545740663
4357,4093.1986410042095
4358,4093.2034115159777
4359,4093.208190421403
4360,4093.21297773525
4361,4093.2177734723136
4362,4093.2223898330762
4363,4093.226857122624
4364,4093.2313322723558
4365,4093.2358152961
4366,4093.2403062077096
4367,4093.244737626303
4368,4093.248917616221
4369,4093.253104960866
4370,4093.2572996731783
4371,4093.2615017661183
4372,4093.26571125267
4373,4093.2696442223696
4374,4093.273558732241
4375,4093.2774801297737
4376,4093.2814084270844
4377,4093.2853436363102
4378,4093.2890871020923
4379,4093.2927428324733
4380,4093.2964049952398
4381,4093.300073601706
4382,4093.3037486632093
4383,4093.3072952342486
4384,4093.310705386125
4385,4093.314121538334
4386,4093.317543701435
4387,4093.3209718860003
4388,4093.324316323848
4389,4093.327493300416
4390,4093.33067586709
4391,4093.3338640337092
4392,4093.337057810122
4393,4093.3401967326836
4394,4093.3431521918214
4395,4093.3461128513522
4396,4093.349078720425
4397,4093.3520498082057
4398,4093.354981428598
4399,4093.3577263317256
4400,4093.3604760648177
4401,4093.3632306363716
4402,4093.365990054899
4403,4093.3687139513486
4404,4093.3712586087204
4405,4093.3738077437697
4406,4093.3763613643723
4407,4093.3789194784226
4408,4093.381436391587
4409,4093.383790504491
4410,4093.386148759851
4411,4093.3885111649565
4412,4093.39087772711
4413,4093.3931893818894
4414,4093.395362081823
4415,4093.39753860506
4416,4093.3997189583297
4417,4093.4019031483704
4418,4093.404012097273
4419,4093.4060119823685
4420,4093.408015386745
4421,4093.4100223165924
4422,4093.4120327781184
4423,4093.4139422638127
4424,4093.4157774327377
4425,4093.417615831167
4426,4093.419457464784
4427,4093.421302339285
4428,4093.4230161741416
4429,4093.4246942576456
4430,4093.4263752943084
4431,4093.4280592893247
4432,4093.429743203029
4433,4093.4312687085076
4434,4093.4327968987222
4435,4093.4343277783973
4436,4093.435861352272
4437,4093.437350715753
4438,4093.4387333601744
4439,4093.4401184380135
4440,4093.4415059535513
4441,4093.442895911079
4442,4093.444196097696
4443,4093.4454422649105
4444,4093.446690625452
4445,4093.4479411831817
4446,4093.449193941968
4447,4093.450310520465
4448,4093.451426232888
4449,4093.452543909145
4450,4093.453663552696
4451,4093.4547346431827
4452,4093.455723842627
4453,4093.456714783345
4454,4093.457707468405
4455,4093.4587019008786
4456,4093.4595946455934
4457,4093.460464647299
4458,4093.4613361805946
4459,4093.4622092481773
4460,4093.463049889517
4461,4093.4638044209064
4462,4093.4645602807536
4463,4093.465317471402
4464,4093.4660759951926
4465,4093.4667450429897
4466,4093.4673903993366
4467,4093.46803689209
4468,4093.4686845232536
4469,4093.4692974199743
4470,4093.469837153158
4471,4093.4703778369485
4472,4093.470919473017
4473,4093.4714620630457
4474,4093.4719111002455
4475,4093.472350591388
4476,4093.4727908567997
4477,4093.4732318978486
4478,4093.473622701157
4479,4093.4739653597444
4480,4093.4743086222643
4481,4093.4746524897832
4482,4093.4749822862177
4483,4093.475232231399
4484,4093.4754826174244
4485,4093.475733445072
4486,4093.4759847151217
4487,4093.4761611520566
4488,4093.476322560934
4489,4093.4764842549157
4490,4093.476646234509
4491,4093.4767618996466
4492,4093.476838017081
4493,4093.476914269586
4494,4093.476990657408
4495,4093.4770440643274
4496,4093.477038374878
4497,4093.4770326766015
4498,4093.477026969488
4499,4093.477017031934
4500,4093.4769328307516
4501,4093.47684848264
4502,4093.476763987343
4503,4093.47667934461
4504,4093.4765303744853
4505,4093.476370498747
4506,4093.4762103429766
4507,4093.476049906681
4508,4093.47583977801
4509,4093.4756073284207
4510,4093.475374471139
4511,4093.475141205455
4512,4093.474869586585
4513,4093.4745673580815
4514,4093.474264599149
4515,4093.473961308861
4516,4093.473628112081
4517,4093.4732587498697
4518,4093.4728887391448
4519,4093.472518078772
4520,4093.4721234284134
4521,4093.4716894364237
4522,4093.4712546822466
4523,4093.470819164544
4524,4093.470363368403
4525,4093.469867117257
4526,4093.469369994417
4527,4093.4688719983506
4528,4093.46835552214
4529,4093.46779925657
4530,4093.467242013748
4531,4093.4666837919603
4532,4093.46610723646
4533,4093.465493082397
4534,4093.464877849265
4535,4093.464261535171
4536,4093.463625615879
4537,4093.4629555869396
4538,4093.4622843806596
4539,4093.461611994974
4540,4093.4609175238893
4541,4093.460193527663
4542,4093.4594682591787
4543,4093.4587417162047
4544,4093.4579895856687
4545,4093.4572134294294
4546,4093.456435909198
4547,4093.4556570225777
4548,4093.45484819083
4549,4093.454021587049
4550,4093.453193530549
4551,4093.452364018784
4552,4093.4514994972037
4553,4093.4506240686837
4554,4093.4497471015807
4555,4093.448868593191
4556,4093.4479494349393
4557,4093.4470267196266
4558,4093.4461023825675
4559,4093.4451705559986
4560,4093.4442037108975
4561,4093.4432351664364
4562,4093.44226491963
4563,4093.4412790281076
4564,4093.4402678135107
4565,4093.439254821524
4566,4093.438240049029
4567,4093.4372012945937
4568,4093.4361470178314
4569,4093.4350908879564
4570,4093.4340329017095
4571,4093.432942490437
4572,4093.431846390744
4573,4093.4307483643884
4574,4093.4296422974912
4575,4093.428507544223
4576,4093.4273707963134
4577,4093.4262320502626
4578,4093.4250754024424
4579,4093.4239011839472
4580,4093.422724901413
4581,4093.4215465512143
4582,4093.420340572754
4583,4093.419127942738
4584,4093.4179131811375
4585,4093.4166900564446
4586,4093.415442207272
4587,4093.4141921645846
4588,4093.4129399245257
4589,4093.4116687699066
4590,4093.4103845188056
4591,4093.4090980101796
4592,4093.4078087385424
4593,4093.406491297124
4594,4093.4051715398164
4595,4093.4038494625515
4596,4093.402513580922
4597,4093.4011615430495
4598,4093.399807128456
4599,4093.398450332969
4600,4093.3970690730207
4601,4093.3956832416534
4602,4093.3942949741486
4603,4093.3928951998478
4604,4093.391478825659
4605,4093.390059961626
4606,4093.3886386033773
4607,4093.3871949176055
4608,4093.385746288201
4609,4093.3842951122415
4610,4093.382832562897
4611,4093.3813549572124
4612,4093.379874754023
4613,4093.3783919487714
4614,4093.3768869777236
4615,4093.375378497839
4616,4093.3738673661724
4617,4093.3723433602368
4618,4093.370807316226
4619,4093.369268571968
4620,4093.3677247004975
4621,4093.3661579176796
4622,4093.364588380567
4623,4093.363016084322
4624,4093.3614410240993
4625,4093.359841924019
4626,4093.3582397714154
4627,4093.3566348023396
4628,4093.3550270118435
4629,4093.3533980237285
4630,4093.3517640803047
4631,4093.3501272645212
4632,4093.348487571332
4633,4093.3468287629566
4634,4093.3451638033084
4635,4093.3434959167716
4636,4093.3418250982054
4637,4093.340136588945
4638,4093.3384413402664
4639,4093.336743111457
4640,4093.335041897277
4641,4093.3333238499304
4642,4093.331598994621
4643,4093.3298711071325
4644,4093.328140182139
4645,4093.3263927957596
4646,4093.3246389739693
4647,4093.322882069084
4648,4093.321122075684
4649,4093.3193455791
4650,4093.317563390994
4651,4093.3157780699266
4652,4093.3139896103994
4653,4093.312184256571
4654,4093.3103742645926
4655,4093.3085610907815
4656,4093.3067447295507
4657,4093.3049107905604
4658,4093.303073521507
4659,4093.301233022678
4660,4093.2993878329266
4661,4093.2975270510447
4662,4093.2956629980554
4663,4093.2937956682135
4664,4093.291921876
4665,4093.290034817719
4666,4093.2881444421478
4667,4093.2862507434616
4668,4093.284348686354
4669,4093.282435782175
4670,4093.280519515281
4671,4093.2785998797676
4672,4093.2766698980035
4673,4093.2747315500787
4674,4093.272789794725
4675,4093.270844625956
4676,4093.2688870600145
4677,4093.2669236436845
4678,4093.264956775869
4679,4093.2629862849226
4680,4093.2610016389217
4681,4093.2590135041205
4682,4093.2570218743936
4683,4093.255024016898
4684,4093.2530150211674
4685,4093.251002493848
4686,4093.248986428737
4687,4093.2469615585383
4688,4093.2449285157404
4689,4093.2428918990954
4690,4093.24085170233
4691,4093.2388001652416
4692,4093.236743356569
4693,4093.2346829322855
4694,4093.2326176820384
4695,4093.230541018807
4696,4093.2284607050774
4697,4093.226376734438
4698,4093.224285115805
4699,4093.2221852298685
4700,4093.2200816526256
4701,4093.2179743775973
4702,4093.2158567262095
4703,4093.2137338403913
4704,4093.211607222856
4705,4093.2094754212517
4706,4093.2073335062405
4707,4093.205187826074
4708,4093.2030383741426
4709,4093.200880864829
4710,4093.1987163841754
4711,4093.196548098721
4712,4093.194376001785
4713,4093.1921930989674
4714,4093.1900062258596
4715,4093.1878155086088
4716,4093.185617422548
4717,4093.1834103399365
4718,4093.1811993776664
4719,4093.17898452893
4720,4093.1767657869013
4721,4093.1745363242394
4722,4093.172301618354
4723,4093.1700629842862
4724,4093.1678204151362
4725,4093.1655715701636
4726,4093.163313435897
4727,4093.1610513322844
4728,4093.1587852523576
4729,4093.156515189133
4730,4093.1542353055956
4731,4093.151950019841
4732,4093.1496607170466
4733,4093.147367390157
4734,4093.1450676860636
4735,4093.142759478938
4736,4093.140447214504
4737,4093.138130885638
4738,4093.1358104852034
4739,4093.133480123094
4740,4093.1311451333436
4741,4093.1288060392376
4742,4093.126462833572
4743,4093.1241123446193
4744,4093.121754842528
4745,4093.119393196537
4746,4093.1170273993716
4747,4093.1146565122326
4748,4093.11227668898
4749,4093.109892682618
4750,4093.107504485804
4751,4093.105112091178
4752,4093.102710995722
4753,4093.1003048000416
4754,4093.0978943749324
4755,4093.0954797129684
4756,4093.093058060372
4757,4093.090629827307
4758,4093.0881973261066
4759,4093.085760549275
4760,4093.083318154112
4761,4093.0808680176633
4762,4093.0784135746067
4763,4093.0759548173837
4764,4093.0734915207863
4765,4093.0710195981924
4766,4093.06854333073
4767,4093.0660627107677
4768,4093.063577730667
4769,4093.061084769257
4770,4093.058586779047
4771,4093.056084398187
4772,4093.0535776189695
4773,4093.0510637040106
4774,4093.048544077958
4775,4093.0460200232583
4776,4093.043491532137
4777,4093.040956548329
4778,4093.0384153594473
4779,4093.035869704052
4780,4093.0333195743
4781,4093.0307634206656
4782,4093.0282007289406
4783,4093.0256335329423
4784,4093.0230618247583
4785,4093.020484412201
4786,4093.0179002653795
4787,4093.015311576606
4788,4093.0127183379077
4789,4093.010119587088
4790,4093.0075140214217
4791,4093.0049038761904
4792,4093.002289143356
4793,4092.999668982809
4794,4092.997042023665
4795,4092.99441044739
4796,4092.991774245881
4797,4092.9891326103534
4798,4092.9864842729485
4799,4092.983831280876
4800,4092.9811736259658
4801,4092.978510455021
4802,4092.9758407449035
4803,4092.9731663425914
4804,4092.9704872398484
4805,4092.967802476562
4806,4092.9651113902396
4807,4092.9624155741903
4808,4092.9597150201103
4809,4092.957008610018
4810,4092.9542961354177
4811,4092.951578893537
4812,4092.948856876008
4813,4092.9461287661293
4814,4092.943394883092
4815,4092.9406561951896
4816,4092.937912693988
4817,4092.9351628320087
4818,4092.93240751272
4819,4092.929647350931
4820,4092.9268823381394
4821,4092.924110671707
4822,4092.921333881113
4823,4092.9185522103226
4824,4092.915765521345
4825,4092.912972126872
4826,4092.9101738230493
4827,4092.9073706012637
4828,4092.9045619356643
4829,4092.901747017341
4830,4092.898927151886
4831,4092.8961023306156
4832,4092.8932716384925
4833,4092.890435141819
4834,4092.887593660131
4835,4092.8847471846825
4836,4092.881894413774
4837,4092.8790362784057
4838,4092.876173120038
4839,4092.8733047666606
4840,4092.8704293615224
4841,4092.8675489030666
4842,4092.8646633824255
4843,4092.8617727907117
4844,4092.858877119026
4845,4092.8559746723126
4846,4092.8530667973937
4847,4092.8501538121623
4848,4092.847235707649
4849,4092.8443124748683
4850,4092.84138289699
4851,4092.8384475131197
4852,4092.835506970649
4853,4092.832561260526
4854,4092.8296103736798
4855,4092.826653428821
4856,4092.823690431115
4857,4092.8207222263404
4858,4092.81774880536
4859,4092.814770159017
4860,4092.811785624773
4861,4092.808794896729
4862,4092.805798912945
4863,4092.802797664196
4864,4092.7997911412417
4865,4092.7967788055935
4866,4092.793760219903
4867,4092.790736329579
4868,4092.787707125309
4869,4092.78467259777
4870,4092.7816322565272
4871,4092.7785856757587
4872,4092.775533741221
4873,4092.7724764435197
4874,4092.7694137732433
4875,4092.766345227862
4876,4092.763270505117
4877,4092.7601903792115
4878,4092.757104840667
4879,4092.754013879984
4880,4092.7509169357277
4881,4092.7478139151954
4882,4092.744705441845
4883,4092.741591506103
4884,4092.738472098388
4885,4092.735346562777
4886,4092.7322150803247
4887,4092.7290780951025
4888,4092.7259355974556
4889,4092.722787577711
4890,4092.719633259244
4891,4092.7164731428643
4892,4092.713307473467
4893,4092.710136241308
4894,4092.7069594366267
4895,4092.703776143679
4896,4092.7005872139425
4897,4092.6973926806254
4898,4092.6941925338965
4899,4092.6909865888088
4900,4092.687774303844
4901,4092.6845563743145
4902,4092.6813327903196
4903,4092.6781035419344
4904,4092.6748682243547
4905,4092.6716267976544
4906,4092.668379675257
4907,4092.6651268471646
4908,4092.6618683033676
4909,4092.6586033235108
4910,4092.655332434094
4911,4092.6520557972804
4912,4092.6487734029843
4913,4092.645485241107
4914,4092.642190999392
4915,4092.6388904607447
4916,4092.6355841226787
4917,4092.632271975016
4918,4092.6289540075672
4919,4092.6256302101165
4920,4092.6222998334833
4921,4092.618963599426
4922,4092.6156215033166
4923,4092.6122735348754
4924,4092.608919683795
4925,4092.60555948678
4926,4092.6021931545247
4927,4092.5988209074126
4928,4092.5954427350653
4929,4092.5920586270886
4930,4092.58866833324
4931,4092.5852716936274
4932,4092.581869085987
4933,4092.578460499844
4934,4092.5750459247115
4935,4092.5716252508896
4936,4092.5681980023387
4937,4092.5647647320575
4938,4092.56132542948
4939,4092.5578800840253
4940,4092.554428685093
4941,4092.550971140244
4942,4092.54750699998
4943,4092.5440367732654
4944,4092.5405604494217
4945,4092.5370780177527
4946,4092.533589467545
4947,4092.530094686823
4948,4092.5265933203086
4949,4092.523085802039
4950,4092.5195721212194
4951,4092.5160522670417
4952,4092.5125262286756
4953,4092.5089938482415
4954,4092.505454912099
4955,4092.5019097582945
4956,4092.4983583759195
4957,4092.4948007540515
4958,4092.4912368817436
4959,4092.4876665371735
4960,4092.4840896796177
4961,4092.480506537882
4962,4092.476917100939
4963,4092.4733213577492
4964,4092.469719297252
4965,4092.46611062226
4966,4092.462495483514
4967,4092.4588739934375
4968,4092.4552461408903
4969,4092.451611914711
4970,4092.447971303724
4971,4092.4443239291236
4972,4092.4406701417142
4973,4092.4370099351863
4974,4092.4333432982758
4975,4092.4296702197084
4976,4092.425990575767
4977,4092.4223042410913
4978,4092.418611430209
4979,4092.4149121317582
4980,4092.4112063343614
4981,4092.4074940266228
4982,4092.4037749713566
4983,4092.40004930026
4984,4092.3963170839647
4985,4092.392578310987
4986,4092.3888329698307
4987,4092.385080996115
4988,4092.381322203797
4989,4092.3775568081896
4990,4092.373784797711
4991,4092.3700061607597
4992,4092.3662208857168
4993,4092.362428783067
4994,4092.358629941701
4995,4092.354824426806
4996,4092.3510122266803
4997,4092.3471933296
4998,4092.3433676636078
4999,4092.3395351053314
5000,4092.335695814396
5001,4092.3318497789974
5002,4092.327996987306
5003,4092.3241374274744
5004,4092.320270903365
5005,4092.316397560216
5006,4092.3125174128854
5007,4092.308630449443
5008,4092.304736657937
5009,4092.3008359232676
5010,4092.2969282473514
5011,4092.2930137070493
5012,4092.289092290323
5013,4092.285163985114
5014,4092.281228735581
5015,4092.277286442132
5016,4092.273337223594
5017,4092.2693810678206
5018,4092.26541796265
5019,4092.2614478939113
5020,4092.2574706940654
5021,4092.253486507921
5022,4092.249495323227
5023,4092.2454971277134
5024,4092.2414919090897
5025,4092.237479535739
5026,4092.2334600886375
5027,4092.229433581159
5028,4092.225400000926
5029,4092.221359335536
5030,4092.2173114733937
5031,4092.2132564541994
5032,4092.209194312258
5033,4092.205125035083
5034,4092.2010486101617
5035,4092.1969650249052
5036,4092.1928741352417
5037,4092.1887760599407
5038,4092.184670786403
5039,4092.1805583020073
5040,4092.176438594113
5041,4092.172311605259
5042,4092.168177293603
5043,4092.1640357201795
5044,4092.159886872257
5045,4092.1557307370813
5046,4092.1515673018766
5047,4092.1473964672186
5048,4092.1432182864196
5049,4092.139032766944
5050,4092.1348398959253
5051,4092.130639660473
5052,4092.1264320191285
5053,4092.122216919585
5054,4092.117994416642
5055,4092.1137644973187
5056,4092.109527148615
5057,4092.105282357508
5058,4092.1010300383364
5059,4092.0967702362113
5060,4092.0925029523196
5061,4092.088228173548
5062,4092.083945886754
5063,4092.079656045371
5064,4092.075358624638
5065,4092.0710536561946
5066,4092.0667411268096
5067,4092.0624210232286
5068,4092.058093327323
5069,4092.053757964897
5070,4092.0494149882516
5071,4092.045064384041
5072,4092.040706138893
5073,4092.0363402394146
5074,4092.031966621795
5075,4092.027585307055
5076,4092.02319629755
5077,4092.0187995797883
5078,4092.014395140264
5079,4092.0099829497735
5080,4092.005562966685
5081,4092.001135221055
5082,4091.9966996992734
5083,4091.992256387713
5084,4091.987805272721
5085,4091.983346297007
5086,4091.9788794808037
5087,4091.974404819971
5088,4091.9699223007606
5089,4091.965431909398
5090,4091.960933611751
5091,4091.956427386979
5092,4091.951913248507
5093,4091.9473911824675
5094,4091.9428611749663
5095,4091.9383232084697
5096,4091.933777233598
5097,4091.9292232753614
5098,4091.92466131977
5099,4091.9200913528084
5100,4091.9155133604368
5101,4091.9109272983537
5102,4091.9063331747307
5103,4091.901730983362
5104,4091.897120710109
5105,4091.8925023408115
5106,4091.887875842569
5107,4091.8832412044585
5108,4091.878598427604
5109,4091.8739474977433
5110,4091.869288400589
5111,4091.8646211110777
5112,4091.8599456059014
5113,4091.855261890367
5114,4091.8505699500884
5115,4091.84586977065
5116,4091.841161332067
5117,4091.8364446038163
5118,4091.831719592971
5119,4091.826986285018
5120,4091.822244665419
5121,4091.8174947171433
5122,4091.8127364063525
5123,4091.8079697401045
5124,4091.803194703759
5125,4091.7984112826493
5126,4091.7936194611193
5127,4091.788819204881
5128,4091.784010519691
5129,4091.7791933907774
5130,4091.7743678033485
5131,4091.7695337419445
5132,4091.7646911733204
5133,4091.7598401016085
5134,4091.7549805119083
5135,4091.7501123892966
5136,4091.7452357188245
5137,4091.7403504701224
5138,4091.7354566415956
5139,4091.7305542201707
5140,4091.725643190793
5141,4091.720723538381
5142,4091.715795235813
5143,4091.710858276713
5144,4091.705912649151
5145,4091.7009583379413
5146,4091.6959953278697
5147,4091.6910235938944
5148,4091.6860431269774
5149,4091.6810539153794
5150,4091.6760559437776
5151,4091.67104919683
5152,4091.666033650722
5153,4091.66100929527
5154,4091.6559761182525
5155,4091.6509341042115
5156,4091.645883237669
5157,4091.6408234954442
5158,4091.635754867222
5159,4091.6306773398787
5160,4091.6255908978223
5161,4091.62049552544
5162,4091.6153911997903
5163,4091.610277911058
5164,4091.6051556449706
5165,4091.600024385804
5166,4091.594884117806
5167,4091.5897348180524
5168,4091.5845764775354
5169,4091.579409080752
5170,4091.5742326118375
5171,4091.5690470541563
5172,4091.5638523868693
5173,4091.558648599687
5174,4091.553435676637
5175,4091.548213601716
5176,4091.542982357514
5177,4091.5377419253755
5178,4091.5324922931845
5179,4091.527233444828
5180,4091.5219653641657
5181,4091.516688033065
5182,4091.5114014348223
5183,4091.506105555671
5184,4091.50080037936
5185,4091.495485889602
5186,4091.490162067694
5187,4091.4848288985195
5188,4091.479486366878
5189,4091.4741344563686
5190,4091.46877315057
5191,4091.4634024303773
5192,4091.458022281796
5193,4091.4526326884743
5194,4091.4472336338695
5195,4091.441825100872
5196,4091.436407071871
5197,4091.430979531791
5198,4091.425542463977
5199,4091.420095851746
5200,4091.4146396774713
5201,4091.409173924752
5202,4091.403698577383
5203,4091.398213618563
5204,4091.3927190314553
5205,4091.387214798316
5206,4091.381700903148
5207,4091.3761773290307
5208,4091.3706440590163
5209,4091.365101075955
5210,4091.3595483627964
5211,4091.3539859027183
5212,4091.3484136786547
5213,4091.342831673512
5214,4091.337239870228
5215,4091.3316382515873
5216,4091.3260268003983
5217,4091.3204054994453
5218,4091.3147743316977
5219,4091.3091332799468
5220,4091.303482326605
5221,4091.2978214543396
5222,4091.2921506457824
5223,4091.2864698844246
5224,4091.2807791519685
5225,4091.2750784309433
5226,4091.2693677038615
5227,4091.2636469539575
5228,4091.257916163496
5229,4091.252175314334
5230,4091.246424388864
5231,4091.2406633694486
5232,4091.23489223998
5233,4091.2291109813
5234,4091.2233195755716
5235,4091.2175180050285
5236,4091.211706252559
5237,4091.2058843009845
5238,4091.200052131129
5239,4091.194209725098
5240,4091.1883570649775
5241,4091.1824941346
5242,4091.176620914716
5243,4091.170737386802
5244,4091.164843532815
5245,4091.158939335324
5246,4091.1530247774967
5247,4091.1470998392824
5248,4091.141164502509
5249,4091.135218748979
5250,4091.129262562584
5251,4091.123295923605
5252,4091.117318813076
5253,4091.1113312126727
5254,4091.1053331049693
5255,4091.0993244727442
5256,4091.093305295471
5257,4091.0872755546957
5258,4091.081235231928
5259,4091.075184311509
5260,4091.0691227723914
5261,4091.0630505956283
5262,4091.056967762605
5263,4091.05087425639
5264,4091.044770058293
5265,4091.0386551478928
5266,4091.0325295064417
5267,4091.026393115701
5268,4091.0202459593647
5269,4091.0140880155486
5270,4091.0079192653707
5271,4091.0017396899234
5272,4090.995549274501
5273,4090.9893479967554
5274,4090.9831358368183
5275,4090.9769127756463
5276,4090.970678794164
5277,4090.964433873563
5278,4090.9581779994487
5279,4090.9519111476047
5280,4090.945633298823
5281,4090.9393444338607
5282,4090.93304453344
5283,4090.9267335801537
5284,4090.920411556451
5285,4090.914078439272
5286,4090.907734209206
5287,4090.901378846806
5288,4090.8950123325963
5289,4090.888634651003
5290,4090.8822457803963
5291,4090.8758456993514
5292,4090.869434388255
5293,4090.863011827459
5294,4090.8565779977384
5295,4090.8501328844377
5296,4090.843676462298
5297,4090.837208711534
5298,4090.8307296123253
5299,4090.8242391448175
5300,4090.8177372923756
5301,4090.8112240347423
5302,4090.8046993490498
5303,4090.7981632153064
5304,4090.7916156134884
5305,4090.7850565237336
5306,4090.7784859318485
5307,4090.771903811609
5308,4090.765310142843
5309,4090.758704905352
5310,4090.752088078897
5311,4090.7454596470184
5312,4090.738819588263
5313,4090.7321678796334
5314,4090.7255045007514
5315,4090.7188294312014
5316,4090.7121426518397
5317,4090.7054441461682
5318,4090.698733888388
5319,4090.692011857942
5320,4090.685278034239
5321,4090.6785323966515
5322,4090.6717749302884
5323,4090.66500560965
5324,4090.6582244130427
5325,4090.6514313196926
5326,4090.6446263087937
5327,4090.6378093633775
5328,4090.630980461669
5329,4090.6241395797833
5330,4090.617286696769
5331,4090.610421791637
5332,4090.603544845613
5333,4090.596655840095
5334,4090.589754749283
5335,4090.5828415520473
5336,4090.575916227212
5337,4090.5689787544843
5338,4090.5620291178657
5339,4090.555067289924
5340,4090.5480932493406
5341,4090.5411069747593
5342,4090.534108444786
5343,4090.52709764503
5344,4090.5200745471257
5345,4090.513039129438
5346,4090.5059913704235
5347,4090.4989312485036
5348,4090.4918587484663
5349,4090.484773843129
5350,4090.477676509932
5351,4090.4705667271483
5352,4090.4634444730063
5353,4090.4563097317737
5354,4090.4491624768348
5355,4090.4420026850216
5356,4090.4348303344104
5357,4090.4276454030482
5358,4090.4204478750034
5359,4090.4132377235774
5360,4090.406014925309
5361,4090.398779458088
5362,4090.391531299764
5363,4090.3842704345275
5364,4090.3769968349475
5365,4090.3697104776006
5366,4090.362411340182
5367,4090.3550994003513
5368,4090.347774642748
5369,4090.340437038541
5370,4090.3330865646763
5371,4090.3257231986536
5372,4090.3183469182386
5373,4090.310957707972
5374,4090.303555537836
5375,4090.296140385172
5376,4090.28871222729
5377,4090.2812710429985
5378,4090.273816814227
5379,4090.266349511931
5380,4090.25886911326
5381,4090.2513755953237
5382,4090.2438689383266
5383,4090.2363491209057
5384,4090.228816115318
5385,4090.2212698985154
5386,4090.213710447407
5387,4090.2061377439313
5388,4090.198551762726
5389,4090.190952477715
5390,4090.1833398656495
5391,4090.1757139032325
5392,4090.1680745745066
5393,4090.160421849393
5394,4090.152755703827
5395,4090.1450761143547
5396,4090.1373830594002
5397,4090.1296765196907
5398,4090.1219564654843
5399,4090.1142228731624
5400,4090.106475719066
5401,4090.0987149843463
5402,4090.0909406437377
5403,4090.083152670151
5404,4090.0753510397594
5405,4090.067535728702
5406,4090.0597067212266
5407,4090.0518639853403
5408,4090.04400749696
5409,4090.036137232058
5410,4090.0282531700555
5411,4090.020355288181
5412,4090.012443557457
5413,4090.004517953687
5414,4089.9965784526316
5415,4089.988625037451
5416,4089.9806576773344
5417,4089.972676346977
5418,4089.964681021969
5419,4089.9566716811746
5420,4089.948648301943
5421,4089.940610854599
5422,4089.9325593145663
5423,4089.924493657225
5424,4089.91641386585
5425,4089.908319908403
5426,4089.9002117595487
5427,4089.8920893944905
5428,4089.8839527927285
5429,4089.875801929326
5430,4089.867636775102
5431,4089.8594573050955
5432,4089.8512634952676
5433,4089.843055327305
5434,4089.834832768422
5435,4089.826595793482
5436,4089.8183443773014
5437,4089.810078501237
5438,4089.801798135606
5439,4089.7935032529444
5440,4089.7851938278986
5441,4089.776869838837
5442,4089.76853126159
5443,4089.7601780656387
5444,4089.7518102254526
5445,4089.743427716656
5446,4089.7350305201085
5447,4089.726618602477
5448,4089.718191938052
5449,4089.7097505010734
5450,4089.70129427357
5451,4089.6928232230034
5452,4089.6843373223705
5453,4089.675836545732
5454,4089.667320872938
5455,4089.658790275339
5456,4089.650244723681
5457,4089.641684191846
5458,4089.63310865774
5459,4089.624518096108
5460,4089.6159124756946
5461,4089.607291770205
5462,4089.5986559558705
5463,4089.5900050103096
5464,4089.5813389005193
5465,4089.5726576000197
5466,4089.5639610836165
5467,4089.5552493313003
5468,4089.546522308568
5469,4089.537779988753
5470,4089.5290223454954
5471,4089.520249360607
5472,4089.5114609983702
5473,4089.502657231936
5474,4089.4938380343965
5475,4089.4850033878033
5476,4089.4761532565453
5477,4089.4672876132126
5478,4089.4584064307164
5479,4089.4495096905102
5480,4089.440597357653
5481,4089.4316694040845
5482,4089.422725802522
5483,4089.413766534104
5484,4089.4047915640112
5485,4089.395800863798
5486,4089.3867944059866
5487,4089.377772171669
5488,4089.368734125604
5489,4089.3596802392244
5490,4089.350610484854
5491,4089.3415248437846
5492,4089.332423279834
5493,4089.323305764573
5494,4089.3141722701384
5495,4089.305022778257
5496,4089.295857251292
5497,4089.286675661207
5498,4089.2774779808174
5499,4089.2682641899464
5500,4089.2590342515564
5501,4089.2497881373993
5502,4089.240525821241
5503,4089.2312472804347
5504,4089.2219524788175
5505,4089.2126413879278
5506,4089.2033139827404
5507,4089.1939702375826
5508,4089.184610117441
5509,4089.175233593625
5510,4089.1658406426027
5511,4089.156431235111
5512,4089.1470053375424
5513,4089.1375629209697
5514,4089.12810396361
5515,4089.1186284320406
5516,4089.109136294336
5517,4089.099627521322
5518,4089.0901020932474
5519,4089.0805599719392
5520,4089.071001127422
5521,4089.061425532133
5522,4089.0518331629587
5523,4089.042223982061
5524,4089.0325979597856
5525,4089.022955071066
5526,4089.0132952870244
5527,4089.003618572223
5528,4088.993924896702
5529,4088.984214238158
5530,4088.974486561334
5531,4088.964741833458
5532,4088.9549800249592
5533,4088.945201114406
5534,4088.935405061694
5535,4088.9255918362687
5536,4088.915761411759
5537,4088.9059137592762
5538,4088.896048841841
5539,4088.8861666284965
5540,4088.8762670963238
5541,4088.866350208362
5542,4088.8564159309794
5543,4088.846464234518
5544,4088.8364950945256
5545,4088.826508470541
5546,4088.8165043307795
5547,4088.8064826494533
5548,4088.7964433928814
5549,4088.7863865243635
5550,4088.7763120116624
5551,4088.7662198327344
5552,4088.7561099443396
5553,4088.7459823136355
5554,4088.7358369126264
5555,4088.7256737088346
5556,4088.715492663155
5557,4088.7052937420062
5558,4088.695076921857
5559,4088.684842159069
5560,4088.67458941883
5561,4088.664318671538
5562,4088.654029883716
5563,4088.64372301439
5564,4088.6333980283634
5565,4088.6230549007687
5566,4088.6126935856455
5567,4088.6023140465777
5568,4088.59191625282
5569,4088.5815001675255
5570,4088.571065748275
5571,4088.560612958513
5572,4088.5501417700198
5573,4088.5396521344182
5574,4088.529144013213
5575,4088.518617378242
5576,4088.508072185084
5577,4088.497508388314
5578,4088.4869259476745
5579,4088.4763248224126
5580,4088.465704982534
5581,4088.455066380244
5582,4088.4444089679446
5583,4088.433732702697
5584,4088.4230375409543
5585,4088.412323451062
5586,4088.4015903798063
5587,4088.390838277522
5588,4088.3800670979535
5589,4088.3692767940893
5590,4088.3584673326523
5591,4088.3476386528196
5592,4088.336790702837
5593,4088.3259234323386
5594,4088.3150367903995
5595,4088.3041307446783
5596,4088.2932052216393
5597,4088.282260166949
5598,4088.271295525174
5599,4088.2603112397283
5600,4088.2493072563652
5601,4088.238283529857
5602,4088.2272399825843
5603,4088.216176552869
5604,4088.2050931776175
5605,4088.1939897922716
5606,4088.1828663387514
5607,4088.1717227544364
5608,4088.1605589569394
5609,4088.1493748751836
5610,4088.1381704362957
5611,4088.126945565529
5612,4088.11570020002
5613,4088.1044342546993
5614,4088.0931476412834
5615,4088.0818402767454
5616,4088.070512075778
5617,4088.0591629506985
5618,4088.0477928323494
5619,4088.0364016075687
5620,4088.0249891804706
5621,4088.013555452909
5622,4088.0021003238544
5623,4087.990623697085
5624,4087.9791254716265
5625,4087.9676055232358
5626,4087.9560637382237
5627,4087.9444999994234
5628,4087.932914186066
5629,4087.921306191103
5630,4087.9096758731694
5631,4087.898023095377
5632,4087.886347721128
5633,4087.8746496094855
5634,4087.8629286215855
5635,4087.851184617032
5636,4087.8394174247064
5637,4087.827626884697
5638,4087.8158128319155
5639,4087.8039750958974
5640,4087.7921135160573
5641,4087.7802279028115
5642,4087.7683180608374
5643,4087.756383796225
5644,4087.74442490868
5645,4087.7324411937925
5646,4087.7204324560903
5647,4087.708398454033
5648,4087.696338959489
5649,4087.684253736759
5650,4087.6721425423248
5651,4087.6600051386285
5652,4087.647841261117
5653,4087.6356506317734
5654,4087.623432973077
5655,4087.6111879982864
5656,4087.5989154145163
5657,4087.5866149326384
5658,4087.574286216118
5659,4087.561928938237
5660,4087.5495427614624
5661,4087.537127337102
5662,4087.524682322613
5663,4087.51220733455
5664,4087.499701982316
5665,4087.4871658689435
5666,4087.474598584436
5667,4087.461999714666
5668,4087.449368827964
5669,4087.4367054579607
5670,4087.424009138441
5671,4087.411279388042
5672,4087.398515711795
5673,4087.385717617126
5674,4087.37288455212
5675,4087.360015970214
5676,4087.3471113073288
5677,4087.334169981351
5678,4087.3211914119556
5679,4087.3081749633507
5680,4087.295119991898
5681,4087.2820258380198
5682,4087.268891821385
5683,4087.2557172557176
5684,4087.2425014114524
5685,4087.229243533
5686,4087.2159428510167
5687,4087.2025985723535
5688,4087.189209890955
5689,4087.1757759660663
5690,4087.1622959156853
5691,4087.1487688448033
5692,4087.135193831225
5693,4087.1215699336585
5694,4087.1078961810495
5695,4087.0941715488075
5696,4087.0803949986507
5697,4087.066565461373
5698,4087.0526818432213
5699,4087.038743021927
5700,4087.024747812389
5701,4087.0106950136296
5702,4086.996583389637
5703,4086.982411675155
5704,4086.968178573913
5705,4086.9538827204788
5706,4086.9395227298587
5707,4086.9250971775273
5708,4086.910604605756
5709,4086.8960435195227
5710,4086.8814123512916
5711,4086.866709508757
5712,4086.8519333551885
5713,4086.8370822174143
5714,4086.822154374873
5715,4086.807148034138
5716,4086.7920613702727
5717,4086.7768925085747
5718,4086.7616395354244
5719,4086.7463004758242
5720,4086.730873284618
5721,4086.7153558767936
5722,4086.6997461118453
5723,4086.6840418085876
5724,4086.6682407065737
5725,4086.6523404809373
5726,4086.636338757041
5727,4086.620233098591
5728,4086.6040210275946
5729,4086.5876999649718
5730,4086.571267276051
5731,4086.554720264877
5732,4086.538056167801
5733,4086.5212721769312
5734,4086.5043653609305
5735,4086.487332742521
5736,4086.4701712705787
5737,4086.4528778266495
5738,4086.4354492190346
5739,4086.417882147048
5740,4086.4001732496527
5741,4086.3823190846074
5742,4086.364316143474
5743,4086.346160811563
5744,4086.3278493828334
5745,4086.309378074871
5746,4086.290743016293
5747,4086.2719402714597
5748,4086.2529657614373
5749,4086.233815336815
5750,4086.2144847541767
5751,4086.194969682283
5752,4086.17526569121
5753,4086.155368222461
5754,4086.1352726340037
5755,4086.1149741798936
5756,4086.0944680298176
5757,4086.0737492104563
5758,4086.0528126467357
5759,4086.0316531595645
5760,4086.0102654631946
5761,4085.9886441676413
5762,4085.96678372789
5763,4085.944678503131
5764,4085.922322732567
5765,4085.8997105538547
5766,4085.876835948787
5767,4085.853692777117
5768,4085.830274779511
5769,4085.8065755742014
5770,4085.782588656467
5771,4085.758307351304
5772,4085.7337248706494
5773,4085.708834289465
5774,4085.683628567193
5775,4085.6581004814316
5776,4085.632242678865
5777,4085.60604766715
5778,4085.579507819041
5779,4085.5526153525716
5780,4085.525362311837
5781,4085.4977406058206
5782,4085.469741989945
5783,4085.4413580894557
5784,4085.4125803150714
5785,4085.3833999453946
5786,4085.35380809645
5787,4085.3237957406095
5788,4085.2933536507576
5789,4085.26247243431
5790,4085.231142536986
5791,4085.199354243954
5792,4085.167097659754
5793,4085.134362688412
5794,4085.1011390733293
5795,4085.067416381335
5796,4085.03318401496
5797,4084.998431143695
5798,4084.963146776705
5799,4084.9273197346297
5800,4084.890938674901
5801,4084.8539920111334
5802,4084.8164679833853
5803,4084.7783546385012
5804,4084.7396398461674
5805,4084.700311242986
5806,4084.6603562654627
5807,4084.619762155469
5808,4084.57851596476
5809,4084.536604520294
5810,4084.494014425133
5811,4084.4507320855787
5812,4084.4067437059116
5813,4084.3620352714674
5814,4084.3165925226785
5815,4084.270401000439
5816,4084.2234460327923
5817,4084.175712732289
5818,4084.127185948449
5819,4084.0778503278348
5820,4084.027690294468
5821,4083.97669005795
5822,4083.924833549645
5823,4083.872104493938
5824,4083.818486384185
5825,4083.763962498036
5826,4083.7085158226732
5827,4083.6521291337353
5828,4083.59478496857
5829,4083.536465645215
5830,4083.477153182038
5831,4083.416829380787
5832,4083.3554757989436
5833,4083.2930737687484
5834,4083.229604316725
5835,4083.1650482471937
5836,4083.0993861155725
5837,4083.0325982438494
5838,4082.9646646453575
5839,4082.895565105229
5840,4082.8252791564328
5841,4082.753786088051
5842,4082.681064880844
5843,4082.607094280936
5844,4082.531852780468
5845,4082.455318614995
5846,4082.3774697153694
5847,4082.2982837710047
5848,4082.2177382169903
5849,4082.1358102169197
5850,4082.0524766366266
5851,4081.96771409337
5852,4081.8814989512603
5853,4081.793807285818
5854,4081.704614885164
5855,4081.6138972813897
5856,4081.5216297561824
5857,4081.4277872833604
5858,4081.3323445631668
5859,4081.2352760320714
5860,4081.1365558805032
5861,4081.0361579695827
5862,4080.9340559041816
5863,4080.830223020027
5864,4080.724632402362
5865,4080.617256799205
5866,4080.508068712774
5867,4080.3970403787644
5868,4080.284143757183
5869,4080.1693504944255
5870,4080.052631982719
5871,4079.9339593567324
5872,4079.8133034481375
5873,4079.6906348022467
5874,4079.5659237016307
5875,4079.4391401820417
5876,4079.3102539467754
5877,4079.1792344437285
5878,4079.0460508564774
5879,4078.9106721110443
5880,4078.773066800748
5881,4078.633203276612
5882,4078.491049617084
5883,4078.3465736625803
5884,4078.199742905632
5885,4078.0505246050257
5886,4077.8988857483214
5887,4077.7447930897597
5888,4077.588213043014
5889,4077.4291117841894
5890,4077.2674552248386
5891,4077.103209044062
5892,4076.9363385937827
5893,4076.7668089831113
5894,4076.5945850644025
5895,4076.4196314604815
5896,4076.2419124776643
5897,4076.061392178681
5898,4075.8780343769663
5899,4075.6918026614735
5900,4075.5026603124347
5901,4075.3105703702954
5902,4075.115495633307
5903,4074.9173986823484
5904,4074.7162417946397
5905,4074.511987015921
5906,4074.3045961564853
5907,4074.0940308184845
5908,4073.8802523026097
5909,4073.6632216909347
5910,4073.4428998364906
5911,4073.2192473954638
5912,4072.992224721978
5913,4072.761791968969
5914,4072.5279090663275
5915,4072.290535760521
5916,4072.049631492466
5917,4071.8051555238694
5918,4071.5570669040662
5919,4071.3053244943167
5920,4071.0498868741684
5921,4070.7907124503645
5922,4070.5277594340873
5923,4070.260985839767
5924,4069.9903494302025
5925,4069.715807800251
5926,4069.4373183683447
5927,4069.154838344546
5928,4068.8683247219456
5929,4068.5777343300715
5930,4068.283023843243
5931,4067.984149712788
5932,4067.68106821224
5933,4067.373735455483
5934,4067.0621074244186
5935,4066.7461398603396
5936,4066.4257883704468
5937,4066.101008412631
5938,4065.771755310266
5939,4065.4379841670543
5940,4065.0996499730763
5941,4064.756707591463
5942,4064.409111727693
5943,4064.056816919271
5944,4063.6997775924474
5945,4063.3379480752246
5946,4062.971282511646
5947,4062.5997349339805
5948,4062.2232592692735
5949,4061.841809359733
5950,4061.455338859919
5951,4061.0638013560488
5952,4060.667150350628
5953,4060.2653392292714
5954,4059.858321253997
5955,4059.4460496189968
5956,4059.028477468669
5957,4058.605557795159
5958,4058.1772435355006
5959,4057.74348757023
5960,4057.3042427194723
5961,4056.859461681916
5962,4056.4090971276228
5963,4055.953101700412
5964,4055.491427942307
5965,4055.0240283501043
5966,4054.55085539711
5967,4054.071861541807
5968,4053.5869991371364
5969,4053.0962205439187
5970,4052.5994781257587
5971,4052.0967241838052
5972,4051.5879109975335
5973,4051.07299085719
5974,4050.551916072533
5975,4050.0246388772935
5976,4049.4911115465275
5977,4048.951286392338
5978,4048.405115692294
5979,4047.8525517392995
5980,4047.2935468722576
5981,4046.7280534723454
5982,4046.15602388757
5983,4045.577410537405
5984,4044.992165917598
5985,4044.400242505505
5986,4043.801592844062
5987,4043.196169558111
5988,4042.5839253256017
5989,4041.964812847332
5990,4041.3387849220517
5991,4040.7057944687112
5992,4040.0657943918836
5993,4039.4187377249955
5994,4038.7645776196705
5995,4038.1032672791744
5996,4037.434759998554
5997,4036.7590092066885
5998,4036.075968447655
5999,4035.3855913227167
6000,4034.6878315846684
6001,4033.9826431542497
6002,4033.269979989722
6003,4032.5497962227564
6004,4031.8220461551996
6005,4031.0866841842917
6006,4030.343664851612
6007,4029.5929428897516
6008,4028.834473180448
6009,4028.068210710307
6010,4027.2941106709673
6011,4026.51212843311
6012,4025.722219579476
6013,4024.9243397725386
6014,4024.1184449136986
6015,4023.304491093628
6016,4022.4824346566215
6017,4021.6522320303734
6018,4020.813839897606
6019,4019.9672151529576
6020,4019.112314952874
6021,4018.249096587541
6022,4017.3775175884825
6023,4016.497535728408
6024,4015.6091090515133
6025,4014.7121957803115
6026,4013.80675437007
6027,4012.8927435443425
6028,4011.9701223092993
6029,4011.0388498881716
6030,4010.0988857334396
6031,4009.1501895907445
6032,4008.1927215009227
6033,4007.226441754662
6034,4006.2513108734647
6035,4005.2672896946056
6036,4004.274339364498
6037,4003.2724213062284
6038,4002.2614971803164
6039,4001.241528983327
6040,4000.212479040752
6041,3999.1743099742653
6042,3998.126984643677
6043,3997.0704662704493
6044,3996.0047183922625
6045,3994.9297049172196
6046,3993.845390005485
6047,3992.75173813834
6048,3991.6487141572497
6049,3990.536283239162
6050,3989.4144109754284
6051,3988.283063154207
6052,3987.142205977019
6053,3985.99180599974
6054,3984.831830155608
6055,3983.6622457443277
6056,3982.4830203374545
6057,3981.2941219270356
6058,3980.0955188727908
6059,3978.8871799602316
6060,3977.669074265471
6061,3976.441171245641
6062,3975.2034407643973
6063,3973.9558530778386
6064,3972.6983788851
6065,3971.4309891389526
6066,3970.153655258016
6067,3968.866349057284
6068,3967.569042796928
6069,3966.2617090833796
6070,3964.944320902725
6071,3963.616851684584
6072,3962.27927527402
6073,3960.931565997305
6074,3959.573698447105
6075,3958.205647711987
6076,3956.827389301802
6077,3955.4388991987785
6078,3954.040153748374
6079,3952.6311297053467
6080,3951.211804289491
6081,3949.7821551667885
6082,3948.342160483678
6083,3946.8917986968
6084,3945.4310487730895
6085,3943.959890121699
6086,3942.478302659012
6087,3940.9862666425015
6088,3939.483762799601
6089,3937.9707723285246
6090,3936.4472769120453
6091,3934.9132586733517
6092,3933.368700120726
6093,3931.813584271259
6094,3930.2478946055785
6095,3928.67161513584
6096,3927.0847301809295
6097,3925.4872246033196
6098,3923.8790837305637
6099,3922.2602934207507
6100,3920.630839892749
6101,3918.990709856561
6102,3917.3398905135123
6103,3915.6783695779254
6104,3914.006135197943
6105,3912.3231759488135
6106,3910.629480924565
6107,3908.9250397163396
6108,3907.2098424138503
6109,3905.483879476478
6110,3903.7471419065323
6111,3901.9996211891926
6112,3900.241309364655
6113,3898.472198792013
6114,3896.692282394087
6115,3894.9015535753533
6116,3893.100006298012
6117,3891.2876348671625
6118,3889.464434123681
6119,3887.6303994031773
6120,3885.7855265883136
6121,3883.9298119429363
6122,3882.063252230345
6123,3880.185844722085
6124,3878.2975872277857
6125,3876.3984779682023
6126,3874.488515633918
6127,3872.5676994339774
6128,3870.63602910823
6129,3868.6935048293003
6130,3866.7401272167203
6131,3864.7758974154085
6132,3862.8008170955136
6133,3860.81488837331
6134,3858.818113795811
6135,3856.8104964390395
6136,3854.7920399004256
6137,3852.762748228558
6138,3850.722625893369
6139,3848.671677894153
6140,3846.6099097495444
6141,3844.5373274260783
6142,3842.4539373090274
6143,3840.3597463101273
6144,3838.254761860157
6145,3836.1389918262594
6146,3834.0124444985418
6147,3831.8751286874194
6148,3829.727053723862
6149,3827.5682293554028
6150,3825.3986657636033
6151,3823.218373640969
6152,3821.027364203879
6153,3818.825649057247
6154,3816.613240257941
6155,3814.3901503612087
6156,3812.1563924513284
6157,3809.9119799648774
6158,3807.656926815201
6159,3805.391247398289
6160,3803.114956646184
6161,3800.8280697987902
6162,3798.530602604516
6163,3796.222571278392
6164,3793.903992568943
6165,3791.5748834971755
6166,3789.2352616197772
6167,3786.885144958472
6168,3784.5245520091485
6169,3782.15350158467
6170,3779.7720130090593
6171,3777.380106083843
6172,3774.9778010172868
6173,3772.5651183861287
6174,3770.142079250646
6175,3767.7087051630597
6176,3765.2650180068263
6177,3762.811040092347
6178,3760.3467941829044
6179,3757.8723035553426
6180,3755.3875917241603
6181,3752.8926827008017
6182,3750.3876009172163
6183,3747.8723713133854
6184,3745.3470190415987
6185,3742.8115697592884
6186,3740.266049538636
6187,3737.7104849214393
6188,3735.1449026804644
6189,3732.5693300745015
6190,3729.9837947796386
6191,3727.388324894469
6192,3724.7829487750905
6193,3722.1676952412895
6194,3719.542593535062
6195,3716.9076732651192
6196,3714.262964332058
6197,3711.608497074681
6198,3708.944302261273
6199,3706.270410962431
6200,3703.586854582889
6201,3700.893664937006
6202,3698.1908742782634
6203,3695.4785150894763
6204,3692.7566202377297
6205,3690.025222968071
6206,3687.2843569767197
6207,3684.53405610773
6208,3681.774354647456
6209,3679.0052872497886
6210,3676.2268889370953
6211,3673.439194935381
6212,3670.6422408817016
6213,3667.8360627957377
6214,3665.020696968516
6215,3662.196179967381
6216,3659.3625487305135
6217,3656.5198405977653
6218,3653.668093074821
6219,3650.8073440243043
6220,3647.9376316507687
6221,3645.0589945248694
6222,3642.1714713549045
6223,3639.2751012375415
6224,3636.369923615809
6225,3633.4559781778935
6226,3630.5333048449834
6227,3627.6019438780927
6228,3624.6619359108076
6229,3621.7133216927227
6230,3618.7561423096854
6231,3615.790439162286
6232,3612.8162539472664
6233,3609.833628497783
6234,3606.8426049892523
6235,3603.8432259278434
6236,3600.835533971535
6237,3597.819572032742
6238,3594.795383323917
6239,3591.763011395863
6240,3588.7224998188567
6241,3585.673892523697
6242,3582.6172336788445
6243,3579.5525677699948
6244,3576.479939399909
6245,3573.3993933787397
6246,3570.310974792772
6247,3567.2147289712957
6248,3564.110701531166
6249,3560.9989380992815
6250,3557.879484627037
6251,3554.752387273873
6252,3551.617692504504
6253,3548.4754468188685
6254,3545.3256969458175
6255,3542.168489843934
6256,3539.00387271211
6257,3535.831892927089
6258,3532.652597925044
6259,3529.4660354109687
6260,3526.272253269596
6261,3523.0712996930597
6262,3519.8632227766075
6263,3516.6480709190673
6264,3513.425892684521
6265,3510.196736894194
6266,3506.9606523794573
6267,3503.717688138882
6268,3500.4678933649716
6269,3497.2113174560486
6270,3493.948009922902
6271,3490.6780203147587
6272,3487.401398400569
6273,3484.118194108168
6274,3480.8284575673783
6275,3477.5322388307127
6276,3474.2295881919863
6277,3470.9205560682317
6278,3467.6051931278157
6279,3464.283549900177
6280,3460.9556771460375
6281,3457.621625743505
6282,3454.281446784326
6283,3450.935191284246
6284,3447.5829104017284
6285,3444.22465542555
6286,3440.860477824789
6287,3437.4904290429513
6288,3434.1145605905117
6289,3430.73292411713
6290,3427.345571423796
6291,3423.9525543239156
6292,3420.55392463491
6293,3417.149734318208
6294,3413.740035461962
6295,3410.3248801924
6296,3406.9043205895055
6297,3403.478408878128
6298,3400.0471973895437
6299,3396.610738506551
6300,3393.169084528078
6301,3389.722287894828
6302,3386.270401137979
6303,3382.813476841496
6304,3379.351567480455
6305,3375.8847256646964
6306,3372.413004082882
6307,3368.9364554656927
6308,3365.4551324223953
6309,3361.969087686148
6310,3358.4783740615744
6311,3354.9830443725764
6312,3351.4831513215645
6313,3347.978747720122
6314,3344.469886448228
6315,3340.956620370536
6316,3337.439002242476
6317,3333.917084910165
6318,3330.390921289277
6319,3326.8605642337916
6320,3323.3260665130333
6321,3319.7874809647533
6322,3316.2448605016675
6323,3312.6982579167525
6324,3309.1477259550943
6325,3305.593317404231
6326,3302.0350851362987
6327,3298.473081834047
6328,3294.90736018125
6329,3291.337972874471
6330,3287.764972708675
6331,3284.188412208341
6332,3280.6083439599047
6333,3277.024820540868
6334,3273.4378945987833
6335,3269.8476184877227
6336,3266.2540446502785
6337,3262.657225526031
6338,3259.0572135217208
6339,3255.4540608343286
6340,3251.8478197091245
6341,3248.2385424142076
6342,3244.626281070732
6343,3241.0110876856347
6344,3237.393014270341
6345,3233.772112889042
6346,3230.148435333785
6347,3226.522033389628
6348,3222.8929588134533
6349,3219.261263390411
6350,3215.6269985850104
6351,3211.9902159151384
6352,3208.35096688045
6353,3204.709302862506
6354,3201.0652750516956
6355,3197.41893463776
6356,3193.7703328339016
6357,3190.11952057803
6358,3186.4665487577713
6359,3182.811468220961
6360,3179.1543298114416
6361,3175.495184039519
6362,3171.83408144433
6363,3168.171072539583
6364,3164.5062076571235
6365,3160.839536957879
6366,3157.171110567656
6367,3153.50097864001
6368,3149.8291909582454
6369,3146.1557973085487
6370,3142.4808474278075
6371,3138.804390925314
6372,3135.1264771598653
6373,3131.447155465607
6374,3127.766475177291
6375,3124.08448529349
6376,3120.4012347573403
6377,3116.7167724578953
6378,3113.0311471723244
6379,3109.3444073881547
6380,3105.656601566495
6381,3101.9677781558817
6382,3098.2779852645094
6383,3094.5872709269343
6384,3090.895683119685
6385,3087.2032696850556
6386,3083.510078176502
6387,3079.8161561071734
6388,3076.121550978278
6389,3072.426309908778
6390,3068.7304799654107
6391,3065.0341081537144
6392,3061.3372412851795
6393,3057.6399259225755
6394,3053.9422085667516
6395,3050.2441357042067
6396,3046.545753385041
6397,3042.8471076509218
6398,3039.1482444841386
6399,3035.4492095761407
6400,3031.750048448535
6401,3028.0508065589897
6402,3024.3515292364887
6403,3020.652261470826
6404,3016.9530482002483
6405,3013.253934337514
6406,3009.5549643714453
6407,3005.856182738014
6408,3002.1576338080135
6409,2998.4593616730867
6410,2994.761410220784
6411,2991.063823273506
6412,2987.366644511142
6413,2983.669917266724
6414,2979.9736848109974
6415,2976.277990390014
6416,2972.582876784634
6417,2968.888386744028
6418,2965.1945629520133
6419,2961.501447746889
6420,2957.8090833101774
6421,2954.1175117980974
6422,2950.4267751008215
6423,2946.736914780606
6424,2943.0479723489184
6425,2939.359989136908
6426,2935.6730063829855
6427,2931.9870651163715
6428,2928.3022059734362
6429,2924.61846955681
6430,2920.9358962852734
6431,2917.254526472063
6432,2913.574400246567
6433,2909.8955573127428
6434,2906.2180373475667
6435,2902.5418798410433
6436,2898.867124175726
6437,2895.1938095444852
6438,2891.521974714143
6439,2887.851658421159
6440,2884.1828992122596
6441,2880.515735535642
6442,2876.8502056130583
6443,2873.1863472712794
6444,2869.5241982932403
6445,2865.8637962697917
6446,2862.205178712819
6447,2858.5483828404363
6448,2854.8934455381436
6449,2851.2404036242096
6450,2847.589293722782
6451,2843.940152409181
6452,2840.2930158673444
6453,2836.647920041993
6454,2833.0049007773077
6455,2829.363993721681
6456,2825.72523451524
6457,2822.088658279179
6458,2818.4543000194926
6459,2814.8221945985742
6460,2811.1923766816767
6461,2807.564880976679
6462,2803.939741515332
6463,2800.316992368528
6464,2796.6966674107994
6465,2793.0788003784587
6466,2789.4634248718103
6467,2785.8505739880557
6468,2782.2402808081397
6469,2778.6325782142644
6470,2775.0274990210323
6471,2771.425075692822
6472,2767.825340403397
6473,2764.2283252388784
6474,2760.634062086152
6475,2757.042582845112
6476,2753.453918822452
6477,2749.868101276119
6478,2746.285161295596
6479,2742.7051298301617
6480,2739.12803769567
6481,2735.553915198692
6482,2731.982792631043
6483,2728.4147000851663
6484,2724.849667613009
6485,2721.287724834777
6486,2717.7289011596126
6487,2714.1732258829434
6488,2710.6207281242523
6489,2707.0714369792936
6490,2703.5253809247656
6491,2699.9825884603397
6492,2696.4430878870153
6493,2692.9069074482736
6494,2689.374075011243
6495,2685.8446181774407
6496,2682.3185644545715
6497,2678.7959411747847
6498,2675.2767756510384
6499,2671.7610945742645
6500,2668.2489246615182
6501,2664.740292432691
6502,2661.235224368807
6503,2657.7337465258647
6504,2654.2358847453597
6505,2650.7416647606415
6506,2647.251112165237
6507,2643.764252434883
6508,2640.2811105249516
6509,2636.8017113861756
6510,2633.3260797743173
6511,2629.854240459884
6512,2626.386217637595
6513,2622.9220354422755
6514,2619.46171785268
6515,2616.005288842282
6516,2612.5527720025375
6517,2609.104190544872
6518,2605.6595676760912
6519,2602.2189264108524
6520,2598.782289572025
6521,2595.3496797910316
6522,2591.9211198718444
6523,2588.4966317135677
6524,2585.0762373621847
6525,2581.65995868711
6526,2578.247817368231
6527,2574.8398348962933
6528,2571.436032763418
6529,2568.0364320809317
6530,2564.641053586542
6531,2561.2499180185528
6532,2557.863045928224
6533,2554.4804576801894
6534,2551.1021734960073
6535,2547.7282136612866
6536,2544.3585976472136
6537,2540.993345076439
6538,2537.6324753872723
6539,2534.276007834142
6540,2530.923961488075
6541,2527.5763555395465
6542,2524.2332084693057
6543,2520.894538723263
6544,2517.5603646436803
6545,2514.230704391859
6546,2510.905575948664
6547,2507.5849973234235
6548,2504.268986101814
6549,2500.957559553524
6550,2497.650734942781
6551,2494.3485293559643
6552,2491.0509597021355
6553,2487.758042853402
6554,2484.469795468203
6555,2481.1862336843346
6556,2477.90737370701
6557,2474.6332315668496
6558,2471.363823120454
6559,2468.099164147301
6560,2464.839270348036
6561,2461.58415677344
6562,2458.333838589653
6563,2455.0883307916233
6564,2451.847648203702
6565,2448.6118055578345
6566,2445.380817567813
6567,2442.1546982428326
6568,2438.9334617306995
6569,2435.7171220115556
6570,2432.505692898503
6571,2429.2991881215203
6572,2426.0976213799063
6573,2422.9010056870616
6574,2419.7093541939344
6575,2416.5226798874573
6576,2413.3409955911766
6577,2410.1643140789984
6578,2406.9926480093873
6579,2403.826009446111
6580,2400.6644105653686
6581,2397.507863383075
6582,2394.3563797555216
6583,2391.2099715467484
6584,2388.0686503492566
6585,2384.9324273235607
6586,2381.801313693768
6587,2378.6753205275368
6588,2375.5544587367303
6589,2372.4387393219017
6590,2369.3281727855815
6591,2366.2227694316075
6592,2363.1225395551273
6593,2360.0274932987404
6594,2356.9376406531474
6595,2353.852991801951
6596,2350.773556134726
6597,2347.6993431453075
6598,2344.6303622234086
6599,2341.566622610156
6600,2338.5081334758775
6601,2335.4549040024212
6602,2332.4069426757464
6603,2329.3642581492636
6604,2326.326858931117
6605,2323.2947533848665
6606,2320.26794995215
6607,2317.24645665638
6608,2314.230281262007
6609,2311.219431560943
6610,2308.213915203865
6611,2305.2137397009033
6612,2302.2189128115415
6613,2299.2294413802847
6614,2296.245332496654
6615,2293.2665931153397
6616,2290.293230053858
6617,2287.325250178674
6618,2284.3626600572284
6619,2281.4054658916416
6620,2278.4536739575587
6621,2275.507290396863
6622,2272.566321219758
6623,2269.630772693998
6624,2266.7006501711226
6625,2263.775959264744
6626,2260.856705458103
6627,2257.942894104764
6628,2255.0345306616655
6629,2252.131620155345
6630,2249.2341673914134
6631,2246.342177211521
6632,2243.4556543310373
6633,2240.5746034281915
6634,2237.699029187093
6635,2234.8289356403457
6636,2231.964327005024
6637,2229.1052073753276
6638,2226.2515807232544
6639,2223.4034512602357
6640,2220.560822390986
6641,2217.723697688682
6642,2214.892080643333
6643,2212.06597462615
6644,2209.245383146426
6645,2206.430309225421
6646,2203.6207557398407
6647,2200.8167255924477
6648,2198.0182215705754
6649,2195.2252465170022
6650,2192.437803048946
6651,2189.6558933822776
6652,2186.879519849356
6653,2184.108684670476
6654,2181.3433900572527
6655,2178.583638202598
6656,2175.829430696856
6657,2173.080769318745
6658,2170.3376557382508
6659,2167.60009157089
6660,2164.868078565266
6661,2162.1416177212177
6662,2159.4207102804603
6663,2156.705357379304
6664,2153.995560071904
6665,2151.2913196428035
6666,2148.5926365360406
6667,2145.8995114728564
6668,2143.2119450723644
6669,2140.5299378617824
6670,2137.8534906420814
6671,2135.1826033358775
6672,2132.5172761602976
6673,2129.8575092335977
6674,2127.2033025901414
6675,2124.5546565280374
6676,2121.911570482501
6677,2119.274044182756
6678,2116.6420772623596
6679,2114.0156692965875
6680,2111.3948200615355
6681,2108.7795285387233
6682,2106.1697939854953
6683,2103.5656155667193
6684,2100.966992431969
6685,2098.373923816377
6686,2095.786408281087
6687,2093.2044446274017
6688,2090.6280315673116
6689,2088.0571678577267
6690,2085.4918521739874
6691,2082.9320826898193
6692,2080.3778577661483
6693,2077.829175677676
6694,2075.2860348213294
6695,2072.7484332939375
6696,2070.2163689144227
6697,2067.689839618756
6698,2065.1688432597552
6699,2062.6533779066526
6700,2060.1434410591805
6701,2057.6390302136615
6702,2055.140142896333
6703,2052.646776553288
6704,2050.1589289580047
6705,2047.676596994587
6706,2045.199777868602
6707,2042.728468711535
6708,2040.262666697646
6709,2037.8023689763972
6710,2035.3475721576074
6711,2032.8982730675998
6712,2030.454468457875
6713,2028.0161553139121
6714,2025.5833301118041
6715,2023.1559892009798
6716,2020.7341290394045
6717,2018.3177460130946
6718,2015.9068365281582
6719,2013.5013972368542
6720,2011.101423812502
6721,2008.7069123590104
6722,2006.3178589111756
6723,2003.9342594352274
6724,2001.556109829407
6725,1999.1834062950584
6726,1996.8161444484074
6727,1994.4543197638047
6728,1992.097927873042
6729,1989.746964342667
6730,1987.40142467454
6731,1985.0613044063552
6732,1982.7265993080216
6733,1980.397304194423
6734,1978.0734143140623
6735,1975.7549248534388
6736,1973.441830937593
6737,1971.1341276306307
6738,1968.8318104051095
6739,1966.5348738649554
6740,1964.2433127653433
6741,1961.9571219319093
6742,1959.6762961319823
6743,1957.4008300750886
6744,1955.130718696192
6745,1952.865956625538
6746,1950.606538084563
6747,1948.3524575567494
6748,1946.1037094703474
6749,1943.8602881988693
6750,1941.6221881984914
6751,1939.3894040634984
6752,1937.1619295402552
6753,1934.9397587883402
6754,1932.722885915086
6755,1930.5113049760678
6756,1928.3050100065743
6757,1926.103995503062
6758,1923.9082547945738
6759,1921.7177817345419
6760,1919.5325701270708
6761,1917.3526137274125
6762,1915.1779062424432
6763,1913.0084419028653
6764,1910.844213783653
6765,1908.6852154139176
6766,1906.531440311745
6767,1904.3828819491807
6768,1902.2395337527091
6769,1900.1013896504005
6770,1897.9684424948205
6771,1895.8406855156743
6772,1893.718111961744
6773,1891.6007150385312
6774,1889.4884879086922
6775,1887.3814242528517
6776,1885.2795166401795
6777,1883.182758055986
6778,1881.0911414960128
6779,1879.0046599153738
6780,1876.9233062289843
6781,1874.8470739243423
6782,1872.7759552265156
6783,1870.709942930595
6784,1868.6490297950368
6785,1866.593208540258
6786,1864.542471934827
6787,1862.4968130692778
6788,1860.4562240214127
6789,1858.4206973636587
6790,1856.3902256324873
6791,1854.364801328823
6792,1852.3444171294923
6793,1850.329065662314
6794,1848.3187389159696
6795,1846.313429253275
6796,1844.3131290035187
6797,1842.3178304628718
6798,1840.3275262683983
6799,1838.3422085251584
6800,1836.3618691845086
6801,1834.3865004140712
6802,1832.4160943503034
6803,1830.4506430988854
6804,1828.4901393083003
6805,1826.5345745009458
6806,1824.5839406419
6807,1822.6382297175421
6808,1820.6974336853639
6809,1818.7615446577495
6810,1816.830554794865
6811,1814.9044555268442
6812,1812.9832386993503
6813,1811.0668961310096
6814,1809.155419613768
6815,1807.2488013670463
6816,1805.3470328513915
6817,1803.4501056059692
6818,1801.5580113195797
6819,1799.6707416561278
6820,1797.7882884237827
6821,1795.9106437239009
6822,1794.0377984924664
6823,1792.1697442972516
6824,1790.3064726828418
6825,1788.4479751709937
6826,1786.594243260962
6827,1784.7452684975704
6828,1782.9010430287344
6829,1781.0615575275706
6830,1779.226803406663
6831,1777.3967720577516
6832,1775.5714548520482
6833,1773.7508431405736
6834,1771.9349282934133
6835,1770.1237023766655
6836,1768.3171558889758
6837,1766.5152801037598
6838,1764.718066275814
6839,1762.9255056416341
6840,1761.1375894197124
6841,1759.3543088926485
6842,1757.5756559169872
6843,1755.8016209039567
6844,1754.0321950031196
6845,1752.267369347562
6846,1750.507135054184
6847,1748.7514832239985
6848,1747.0004051380424
6849,1745.2538923161908
6850,1743.5119351679627
6851,1741.7745247337298
6852,1740.041652039418
6853,1738.3133080967984
6854,1736.5894839037628
6855,1734.8701708244673
6856,1733.155359915517
6857,1731.4450416691861
6858,1729.7392070306441
6859,1728.0378469325622
6860,1726.34095229539
6861,1724.6485140276116
6862,1722.960523659972
6863,1721.2769716596774
6864,1719.5978486850163
6865,1717.923145599302
6866,1716.25285325521
6867,1714.5869624950335
6868,1712.9254642540434
6869,1711.2683500025635
6870,1709.615609801994
6871,1707.9672344556395
6872,1706.323214757688
6873,1704.6835414934478
6874,1703.048205439604
6875,1701.4171978554216
6876,1699.7905093777922
6877,1698.1681303911512
6878,1696.5500516400946
6879,1694.9362638617888
6880,1693.3267577862084
6881,1691.7215242203551
6882,1690.1205545757534
6883,1688.523838782867
6884,1686.9313675452215
6885,1685.3431315602948
6886,1683.759121519751
6887,1682.179328109659
6888,1680.6037426144574
6889,1679.0323553698965
6890,1677.465156782549
6891,1675.9021375183067
6892,1674.3432882385596
6893,1672.788599600402
6894,1671.2380625756405
6895,1669.6916680481445
6896,1668.1494061098383
6897,1666.6112674027604
6898,1665.077242565708
6899,1663.5473222344306
6900,1662.021497133757
6901,1660.4997585870135
6902,1658.982096437001
6903,1657.4685013093067
6904,1655.9589638274697
6905,1654.4534746131694
6906,1652.9520242864303
6907,1651.4546042700692
6908,1649.961204454322
6909,1648.471815378117
6910,1646.9864276567364
6911,1645.5050319047407
6912,1644.0276187361596
6913,1642.5541794617177
6914,1641.0847041869615
6915,1639.619183336293
6916,1638.157607523413
6917,1636.6999673623782
6918,1635.2462534677893
6919,1633.7964571017922
6920,1632.3505684777363
6921,1630.9085779688776
6922,1629.4704761936891
6923,1628.036253772036
6924,1626.6059013253396
6925,1625.1794101300466
6926,1623.7567704001287
6927,1622.3379725204481
6928,1620.9230071202999
6929,1619.511864831346
6930,1618.1045362877774
6931,1616.7010128426139
6932,1615.3012846035829
6933,1613.9053420292878
6934,1612.5131757655954
6935,1611.1247764616696
6936,1609.7401347701243
6937,1608.3592421822439
6938,1606.9820885928975
6939,1605.608664596014
6940,1604.2389608594897
6941,1602.8729680553927
6942,1601.5106769601916
6943,1600.1520789644114
6944,1598.7971639438688
6945,1597.4459225887792
6946,1596.0983455942426
6947,1594.7544236603735
6948,1593.4141478180775
6949,1592.077509041253
6950,1590.744497456986
6951,1589.4151037868044
6952,1588.089318757917
6953,1586.7671331033412
6954,1585.4485381686038
6955,1584.1335244050565
6956,1582.8220822511087
6957,1581.5142024642819
6958,1580.2098758085335
6959,1578.9090930728003
6960,1577.6118459216918
6961,1576.318124233488
6962,1575.0279187990984
6963,1573.7412204164668
6964,1572.4580198906865
6965,1571.1783084387246
6966,1569.90207700029
6967,1568.6293158781696
6968,1567.3600159071934
6969,1566.0941679299083
6970,1564.8317627966762
6971,1563.5727922113967
6972,1562.3172462833695
6973,1561.065115798673
6974,1559.816391640034
6975,1558.5710646985385
6976,1557.3291262759883
6977,1556.090567414975
6978,1554.8553784956766
6979,1553.623550443613
6980,1552.3950741931599
6981,1551.1699406912237
6982,1549.9481418269165
6983,1548.7296676216604
6984,1547.5145090462315
6985,1546.3026570807451
6986,1545.0941027147394
6987,1543.888837545378
6988,1542.6868523341066
6989,1541.4881377486445
6990,1540.2926848171596
6991,1539.1004845777006
6992,1537.911528371322
6993,1536.7258076238893
6994,1535.5433127429837
6995,1534.36403480703
6996,1533.187964904754
6997,1532.01509416738
6998,1530.8454145990804
6999,1529.678916393516
7000,1528.515590681441
7001,1527.3554286043163
7002,1526.1984213143821
7003,1525.0445607536772
7004,1523.893837502409
7005,1522.7462425607828
7006,1521.6017671249308
7007,1520.4604024021469
7008,1519.3221402217378
7009,1518.1869715610014
7010,1517.054887303154
7011,1515.9258787008355
7012,1514.7999370181994
7013,1513.6770540173313
7014,1512.5572209869702
7015,1511.4404287387842
7016,1510.3266685836466
7017,1509.2159318442725
7018,1508.108210260799
7019,1507.003495347912
7020,1505.9017778909392
7021,1504.8030492606033
7022,1503.7073008397833
7023,1502.614524391744
7024,1501.524711571726
7025,1500.4378531837149
7026,1499.3539406598047
7027,1498.2729654445388
7028,1497.1949193691746
7029,1496.1197941442254
7030,1495.0475806371358
7031,1493.9782703427984
7032,1492.9118547688254
7033,1491.8483258591548
7034,1490.7876752943719
7035,1489.7298940499973
7036,1488.674973685049
7037,1487.6229057715213
7038,1486.5736824105481
7039,1485.5272951676507
7040,1484.4837351708738
7041,1483.4429940446014
7042,1482.4050634264322
7043,1481.3699356976579
7044,1480.337602187619
7045,1479.308054178649
7046,1478.2812833616501
7047,1477.2572814409605
7048,1476.2360404098933
7049,1475.2175525811579
7050,1474.2018088432226
7051,1473.1888009545796
7052,1472.1785206873574
7053,1471.1709598273626
7054,1470.1661111861586
7055,1469.1639656921411
7056,1468.164515045688
7057,1467.1677510876905
7058,1466.1736656729042
7059,1465.1822513388272
7060,1464.1934997759583
7061,1463.2074024045755
7062,1462.223951135228
7063,1461.2431378924941
7064,1460.2649549931932
7065,1459.2893947857604
7066,1458.3164484637014
7067,1457.3461080080383
7068,1456.3783654139818
7069,1455.4132128308815
7070,1454.4506431610832
7071,1453.4906474244567
7072,1452.533217673248
7073,1451.578345974027
7074,1450.626024407717
7075,1449.6762461886576
7076,1448.7290023540743
7077,1447.7842849821063
7078,1446.8420862113483
7079,1445.9023981948699
7080,1444.965214092152
7081,1444.0305252736437
7082,1443.0983237563053
7083,1442.1686017513514
7084,1441.241351484585
7085,1440.3165661134049
7086,1439.3942372376562
7087,1438.4743568658405
7088,1437.5569172823261
7089,1436.6419107861675
7090,1435.7293305853557
7091,1434.8191684053427
7092,1433.911416298774
7093,1433.0060666236393
7094,1432.1031117527043
7095,1431.2025449971084
7096,1430.304358104164
7097,1429.4085432231532
7098,1428.5150927861023
7099,1427.623999239883
7100,1426.7352560512584
7101,1425.8488548856546
7102,1424.9647880413984
7103,1424.0830480249003
7104,1423.2036273574893
7105,1422.3265197139515
7106,1421.4517165740642
7107,1420.5792104375203
7108,1419.7089938854228
7109,1418.8410596261333
7110,1417.975401257914
7111,1417.1120103079809
7112,1416.2508794173698
7113,1415.392001242119
7114,1414.5353687963209
7115,1413.6809752986262
7116,1412.8288125752147
7117,1411.9788733422208
7118,1411.1311503308177
7119,1410.2856369130245
7120,1409.442325824082
7121,1408.601209241269
7122,1407.7622799559763
7123,1406.9255307746587
7124,1406.0909554794505
7125,1405.2585462182851
7126,1404.428295571643
7127,1403.6001964062852
7128,1402.7742417127217
7129,1401.95042540935
7130,1401.1287392788072
7131,1400.3091762482024
7132,1399.4917292597324
7133,1398.6763918112829
7134,1397.8631570399075
7135,1397.0520172285885
7136,1396.242965379893
7137,1395.4359945114822
7138,1394.6310986807378
7139,1393.8282701392147
7140,1393.027501722298
7141,1392.228786508008
7142,1391.4321178909581
7143,1390.6374896356594
7144,1389.8448939083692
7145,1389.0543238474406
7146,1388.2657726063019
7147,1387.479234236198
7148,1386.6947014217435
7149,1385.9121669786089
7150,1385.131624120488
7151,1384.3530663194178
7152,1383.576487605578
7153,1382.8018802089932
7154,1382.029237403552
7155,1381.2585524781762
7156,1380.4898196586466
7157,1379.7230317005367
7158,1378.9581815802708
7159,1378.19526264685
7160,1377.434268630288
7161,1376.6751934643034
7162,1375.9180296230297
7163,1375.162770515435
7164,1374.4094095654573
7165,1373.6579413540283
7166,1372.9083583451072
7167,1372.1606538562678
7168,1371.4148213712515
7169,1370.6708550586031
7170,1369.9287483928822
7171,1369.188494272663
7172,1368.4500862413447
7173,1367.713518093497
7174,1366.978784237025
7175,1366.2458771898805
7176,1365.5147905549559
7177,1364.785517949995
7178,1364.058054162731
7179,1363.3323918451085
7180,1362.6085245005859
7181,1361.8864458061782
7182,1361.166150661553
7183,1360.4476323396505
7184,1359.730883789032
7185,1359.0158987457946
7186,1358.3026709607684
7187,1357.5911941995098
7188,1356.881462772417
7189,1356.1734714113516
7190,1355.4672124604172
7191,1354.7626797439361
7192,1354.0598671008838
7193,1353.3587683848782
7194,1352.6593774641626
7195,1351.9616902165976
7196,1351.265698563509
7197,1350.5713963995895
7198,1349.8787776514491
7199,1349.18783626025
7200,1348.4985661816852
7201,1347.8109629791068
7202,1347.1250194801858
7203,1346.4407292496232
7204,1345.758086301106
7205,1345.0770846627827
7206,1344.3977183772374
7207,1343.7199828232842
7208,1343.0438714733934
7209,1342.3693776921173
7210,1341.696495579638
7211,1341.025219250496
7212,1340.3555428335662
7213,1339.6874616532093
7214,1339.020969564829
7215,1338.356059862781
7216,1337.6927267331223
7217,1337.0309643761545
7218,1336.3707670064143
7219,1335.7121300240458
7220,1335.0550474051274
7221,1334.3995125039128
7222,1333.7455195916793
7223,1333.0930629538414
7224,1332.442136889928
7225,1331.7927370062805
7226,1331.1448571369458
7227,1330.498490826357
7228,1329.8536324303298
7229,1329.2102763186992
7230,1328.5684168753012
7231,1327.9280500433017
7232,1327.2891692515018
7233,1326.6517683649995
7234,1326.0158418234416
7235,1325.3813840803741
7236,1324.7483896032218
7237,1324.1168548028575
7238,1323.486772439043
7239,1322.8581368282796
7240,1322.2309424933092
7241,1321.6051839706515
7242,1320.9808561180794
7243,1320.357955022825
7244,1319.7364734336995
7245,1319.116405942118
7246,1318.4977471531663
7247,1317.8804916855756
7248,1317.2646351112521
7249,1316.6501723516292
7250,1316.0370968530865
7251,1315.4254032887354
7252,1314.815086345226
7253,1314.2061407227218
7254,1313.5985628389365
7255,1312.99234618394
7256,1312.3874850332122
7257,1311.783974140764
7258,1311.1818082740135
7259,1310.580982629416
7260,1309.9814933555679
7261,1309.3833334917904
7262,1308.786497858897
7263,1308.1909812909932
7264,1307.5967786354497
7265,1307.0038861824214
7266,1306.4122981491612
7267,1305.8220086517092
7268,1305.2330125902827
7269,1304.6453048782487
7270,1304.05888080169
7271,1303.4737367984321
7272,1302.8898659653364
7273,1302.3072632681485
7274,1301.725923685649
7275,1301.1458422096282
7276,1300.56701546891
7277,1299.989437467545
7278,1299.413102627881
7279,1298.8380059935162
7280,1298.2641426209423
7281,1297.6915083528747
7282,1297.1200989743145
7283,1296.5499081061791
7284,1295.98093085629
7285,1295.4131623452352
7286,1294.8465977314158
7287,1294.2812343754827
7288,1293.7170651986244
7289,1293.1540853722752
7290,1292.5922900805188
7291,1292.0316745200626
7292,1291.472235559549
7293,1290.9139673843208
7294,1290.3568646081405
7295,1289.8009224779732
7296,1289.246136253284
7297,1288.6925023377353
7298,1288.140016049835
7299,1287.5886715227234
7300,1287.0384640656314
7301,1286.489389000162
7302,1285.9414423674034
7303,1285.3946204124532
7304,1284.8489168901433
7305,1284.3043271713454
7306,1283.7608466391814
7307,1283.2184710747777
7308,1282.677197442826
7309,1282.1370192223608
7310,1281.5979318452682
7311,1281.0599307555638
7312,1280.5230115772465
7313,1279.9871717871606
7314,1279.4524046912666
7315,1278.9187057818417
7316,1278.3860705631628
7317,1277.854494605174
7318,1277.3239756889318
7319,1276.7945070503022
7320,1276.2660842413202
7321,1275.7387028258943
7322,1275.2123584232352
7323,1274.6870489101875
7324,1274.162767555727
7325,1273.6395099710137
7326,1273.1172717789516
7327,1272.5960487516095
7328,1272.0758386526343
7329,1271.5566348876055
7330,1271.0384331261698
7331,1270.5212290495963
7332,1270.0050186866783
7333,1269.4897994783348
7334,1268.9755650705022
7335,1268.4623111906799
7336,1267.950033577863
7337,1267.4387286217323
7338,1266.9283932303522
7339,1266.4190213940687
7340,1265.9106088976002
7341,1265.4031515370261
7342,1264.8966461673883
7343,1264.3910889531558
7344,1263.8864743334432
7345,1263.3827981495451
7346,1262.8800562539927
7347,1262.3782460719776
7348,1261.8773628129932
7349,1261.377401469598
7350,1260.8783579390272
7351,1260.3802281296255
7352,1259.8830101418519
7353,1259.3866980181836
7354,1258.8912874096327
7355,1258.396774268739
7356,1257.9031549775218
7357,1257.4104271616943
7358,1256.9185847394654
7359,1256.4276237071579
7360,1255.9375400719782
7361,1255.448331085847
7362,1254.9599928149566
7363,1254.4725200304044
7364,1253.9859087826724
7365,1253.5001551329976
7366,1253.0152573092844
7367,1252.5312096042624
7368,1252.0480077478715
7369,1251.5656478441178
7370,1251.0841266563891
7371,1250.603441548765
7372,1250.1235867720782
7373,1249.6445584727005
7374,1249.1663528075267
7375,1248.6889677122479
7376,1248.2123983816384
7377,1247.7366402214811
7378,1247.2616894305324
7379,1246.7875426454882
7380,1246.3141977988578
7381,1245.841648982685
7382,1245.3698924371822
7383,1244.8989244128634
7384,1244.4287429161902
7385,1243.959343312245
7386,1243.490721045281
7387,1243.022872406768
7388,1242.5557942705125
7389,1242.0894844041077
7390,1241.6239371042425
7391,1241.1591487029423
7392,1240.695115542305
7393,1240.2318360646098
7394,1239.7693050694634
7395,1239.307518404249
7396,1238.8464724511234
7397,1238.3861646869245
7398,1237.9265919768104
7399,1237.4677491876594
7400,1237.00963274129
7401,1236.552239225628
7402,1236.0955674172105
7403,1235.639611278866
7404,1235.1843672716823
7405,1234.7298318665005
7406,1234.2760035113424
7407,1233.8228774270094
7408,1233.3704494183285
7409,1232.9187159949172
7410,1232.4676748844518
7411,1232.0173228794988
7412,1231.5676550492358
7413,1231.1186679416667
7414,1230.670358641231
7415,1230.2227253569415
7416,1229.7757624993676
7417,1229.3294666545098
7418,1228.8838344178064
7419,1228.4388650282267
7420,1227.994552545764
7421,1227.550893517091
7422,1227.1078845751595
7423,1226.6655244857373
7424,1226.2238083827642
7425,1225.7827323241636
7426,1225.3422929800179
7427,1224.9024887206417
7428,1224.463315597351
7429,1224.024769256991
7430,1223.586846406397
7431,1223.1495450983796
7432,1222.7128621446684
7433,1222.2767928589033
7434,1221.8413339842878
7435,1221.4064833342807
7436,1220.972238323661
7437,1220.5385940109427
7438,1220.105547175323
7439,1219.6730954692687
7440,1219.2412367528389
7441,1218.8099659077018
7442,1218.3792797486756
7443,1217.9491758458087
7444,1217.5196523462555
7445,1217.0907040333293
7446,1216.6623277570939
7447,1216.2345210839735
7448,1215.8072822895865
7449,1215.3806061376185
7450,1214.954489513009
7451,1214.5289300575782
7452,1214.1039260163568
7453,1213.679472212328
7454,1213.2555655649412
7455,1212.8322038706528
7456,1212.409385184393
7457,1211.9871044676174
7458,1211.565358673922
7459,1211.144145833879
7460,1210.7234636523588
7461,1210.3033073086788
7462,1209.8836737902182
7463,1209.4645614413812
7464,1209.0459674565438
7465,1208.6278873125243
7466,1208.2103180301262
7467,1207.7932583475422
7468,1207.376704787749
7469,1206.9606532049409
7470,1206.5451006529872
7471,1206.1300463440743
7472,1205.7154859683926
7473,1205.301415837627
7474,1204.8878330383639
7475,1204.4747383179968
7476,1204.0621254884238
7477,1203.6499913032715
7478,1203.238332881492
7479,1202.8271473500702
7480,1202.4164347578435
7481,1202.0061904633544
7482,1201.5964104927373
7483,1201.1870920049096
7484,1200.7782321667155
7485,1200.3698305077849
7486,1199.9618835731528
7487,1199.5543868406414
7488,1199.1473375085968
7489,1198.7407327831845
7490,1198.3345718548253
7491,1197.9288520936263
7492,1197.523568608916
7493,1197.1187186379373
7494,1196.7142994256446
7495,1196.3103100039023
7496,1195.9067482051732
7497,1195.50360895077
7498,1195.1008895163047
7499,1194.698587184998
7500,1194.2967010114758
7501,1193.8952289265228
7502,1193.4941658445803
7503,1193.0935090791097
7504,1192.6932559510747
7505,1192.2934057198777
7506,1191.8939560492352
7507,1191.4949020285449
7508,1191.0962410085983
7509,1190.6979703475924
7510,1190.3000896924113
7511,1189.902596072936
7512,1189.5054849360433
7513,1189.1087536693524
7514,1188.7123996677835
7515,1188.316423149123
7516,1187.920820141239
7517,1187.5255866317302
7518,1187.1307200445372
7519,1186.7362178108008
7520,1186.3420809033603
7521,1185.9483039784618
7522,1185.5548837483875
7523,1185.1618176729014
7524,1184.7691033524645
7525,1184.376742299069
7526,1183.9847278270568
7527,1183.5930574245008
7528,1183.2017285864974
7529,1182.810740008634
7530,1182.4200911488088
7531,1182.0297763857948
7532,1181.6397932426069
7533,1181.2501392491913
7534,1180.860814382477
7535,1180.4718156725864
7536,1180.0831387487392
7537,1179.6947811684183
7538,1179.3067404959374
7539,1178.9190181765512
7540,1178.531608437391
7541,1178.1445083449294
7542,1177.7577154906376
7543,1177.3712285457007
7544,1176.9850473925546
7545,1176.5991662974934
7546,1176.2135828788455
7547,1175.828294761607
7548,1175.4433024304444
7549,1175.0586022723
7550,1174.674190335537
7551,1174.2900642716386
7552,1173.9062220804033
7553,1173.522665223942
7554,1173.1393872393767
7555,1172.7563858043861
7556,1172.3736586031469
7557,1171.9912057965973
7558,1171.6090246539256
7559,1171.2271108416303
7560,1170.8454620697248
7561,1170.4640763053822
7562,1170.082955309062
7563,1169.702092526867
7564,1169.3214856943569
7565,1168.9411325534347
7566,1168.5610335826198
7567,1168.181185646971
7568,1167.8015846718283
7569,1167.4222284242912
7570,1167.0431154821924
7571,1166.6642466140777
7572,1166.2856158176958
7573,1165.9072208850637
7574,1165.5290596143839
7575,1165.151133447681
7576,1164.7734375504199
7577,1164.3959687520742
7578,1164.0187248754223
7579,1163.6417057569
7580,1163.2649098736758
7581,1162.8883324224632
7582,1162.5119712503435
7583,1162.1358247229339
7584,1161.7598943588848
7585,1161.384173856792
7586,1161.0086610877731
7587,1160.6333539289103
7588,1160.2582541279642
7589,1159.883356561823
7590,1159.5086582782546
7591,1159.134157178046
7592,1158.7598538362472
7593,1158.3857455735094
7594,1158.0118282373082
7595,1157.6380997518759
7596,1157.2645596556367
7597,1156.8912074401649
7598,1156.51803788862
7599,1156.1450489484214
7600,1155.7722392578783
7601,1155.399610205832
7602,1155.0271556475034
7603,1154.654873553243
7604,1154.282761899094
7605,1153.910823393905
7606,1153.539051404537
7607,1153.1674438230948
7608,1152.7959986482376
7609,1152.4247179908755
7610,1152.0535965093632
7611,1151.6826314697678
7612,1151.3118208931203
7613,1150.9411664302977
7614,1150.570663754732
7615,1150.2003096442245
7616,1149.83010214193
7617,1149.4600425770166
7618,1149.090127360739
7619,1148.7203529208343
7620,1148.3507173223416
7621,1147.9812217114847
7622,1147.6118629592174
7623,1147.2426372818509
7624,1146.8735427660697
7625,1146.5045805143573
7626,1146.1357475783745
7627,1145.7670401020835
7628,1145.3984561935783
7629,1145.0299970512526
7630,1144.6616596276017
7631,1144.2934401337595
7632,1143.9253366989965
7633,1143.5573507577085
7634,1143.1894788824693
7635,1142.8217174915542
7636,1142.454064735183
7637,1142.086522424308
7638,1141.7190864699237
7639,1141.3517536378672
7640,1140.9845220990792
7641,1140.6173941820732
7642,1140.2503648537067
7643,1139.883431368257
7644,1139.5165919171627
7645,1139.1498495717674
7646,1138.78319799327
7647,1138.416635060081
7648,1138.0501590689469
7649,1137.6837732991298
7650,1137.3174708310487
7651,1136.951249891485
7652,1136.5851093577664
7653,1136.2190514377787
7654,1135.853069762791
7655,1135.4871625794856
7656,1135.1213294931702
7657,1134.7555713450338
7658,1134.3898824644746
7659,1134.0242611178614
7660,1133.6587077862926
7661,1133.2932216481638
7662,1132.9277978786565
7663,1132.562434763616
7664,1132.1971338081457
7665,1131.831892230929
7666,1131.4667062010124
7667,1131.1015740235111
7668,1130.7364983761602
7669,1130.3714742202
7670,1130.0064988670301
7671,1129.6415709051405
7672,1129.2766935410339
7673,1128.9118599728556
7674,1128.5470685389585
7675,1128.1823192685843
7676,1127.8176125737427
7677,1127.4529430628056
7678,1127.088309092843
7679,1126.7237122836214
7680,1126.3591499526665
7681,1125.9946182682045
7682,1125.6301156058248
7683,1125.2656453260345
7684,1124.901201351008
7685,1124.5367815588932
7686,1124.1723856746496
7687,1123.8080149570485
7688,1123.443663624298
7689,1123.0793300839418
7690,1122.7150160724882
7691,1122.350718910986
7692,1121.9864347981284
7693,1121.6221621594564
7694,1121.2579048944394
7695,1120.893656083152
7696,1120.5294140560495
7697,1120.1651794138477
7698,1119.8009518987767
7699,1119.4367265178466
7700,1119.072501727653
7701,1118.7082805647499
7702,1118.344057983928
7703,1117.9798313965878
7704,1117.6156007580414
7705,1117.2513672496868
7706,1116.887125176805
7707,1116.522873026492
7708,1116.1586162089957
7709,1115.7943488258989
7710,1115.4300668636477
7711,1115.06576882653
7712,1114.7014532231005
7713,1114.3371185661695
7714,1113.9727722435355
7715,1113.6084045595383
7716,1113.2440133971595
7717,1112.8795972861421
7718,1112.515154760432
7719,1112.1506861799473
7720,1111.7861960381465
7721,1111.4216751199363
7722,1111.0571219759838
7723,1110.6925351611064
7724,1110.327913234263
7725,1109.9632596408094
7726,1109.5985728600272
7727,1109.2338466803162
7728,1108.8690796771084
7729,1108.5042704299249
7730,1108.1394175223654
7731,1107.7745280838797
7732,1107.409593381676
7733,1107.044610805786
7734,1106.6795789560429
7735,1106.3144964363073
7736,1105.949364827269
7737,1105.584186625595
7738,1105.2189536011806
7739,1104.853664373921
7740,1104.488317567695
7741,1104.1229118103493
7742,1103.7574551795437
7743,1103.3919394935865
7744,1103.0263607780057
7745,1102.6607176764562
7746,1102.2950088365158
7747,1101.929232909676
7748,1101.5633901580218
7749,1101.1974882074817
7750,1100.8315151622392
7751,1100.4654696893658
7752,1100.0993504598027
7753,1099.7331561483486
7754,1099.3668854336518
7755,1099.0005438526427
7756,1098.6341286835907
7757,1098.2676331846994
7758,1097.9010560499423
7759,1097.5343959770946
7760,1097.1676516677287
7761,1096.8008225539932
7762,1096.4339182993886
7763,1096.0669259502272
7764,1095.6998442231916
7765,1095.3326718387161
7766,1094.9654075209776
7767,1094.598049997886
7768,1094.2306059239918
7769,1093.8630707191624
7770,1093.495438529718
7771,1093.1277080984369
7772,1092.7598781717884
7773,1092.3919474999268
7774,1092.0239183600208
7775,1091.655795101681
7776,1091.2875673853944
7777,1090.91923397598
7778,1090.5507936418996
7779,1090.182245155245
7780,1089.8135872917371
7781,1089.4448315181535
7782,1089.075964005334
7783,1088.7069834794027
7784,1088.3378887305155
7785,1087.968678552413
7786,1087.5993517424129
7787,1087.2299171341263
7788,1086.860366339136
7789,1086.4906953406041
7790,1086.1209029500951
7791,1085.7509879827085
7792,1085.3809492570763
7793,1085.0107937969294
7794,1084.6405170077962
7795,1084.2701129525383
7796,1083.8995804638482
7797,1083.5289183779096
7798,1083.1581255343901
7799,1082.7872079740362
7800,1082.4161632423197
7801,1082.0449843080853
7802,1081.6736700248805
7803,1081.3022192496987
7804,1080.930630842974
7805,1080.5589106929979
7806,1080.1870568239535
7807,1079.8150619405685
7808,1079.4429249169812
7809,1079.0706446307333
7810,1078.6982199627637
7811,1078.325657483068
7812,1077.9529540260507
7813,1077.5801028658718
7814,1077.2071028970036
7815,1076.8339530172775
7816,1076.4606521278822
7817,1076.0872083183365
7818,1075.7136155574935
7819,1075.3398685261418
7820,1074.965966138836
7821,1074.5919073134507
7822,1074.2176909711748
7823,1073.8433275625262
7824,1073.468806507734
7825,1073.094124735075
7826,1072.7192811789444
7827,1072.3442747770152
7828,1071.969105539782
7829,1071.593783915274
7830,1071.21829629334
7831,1070.8426416247275
7832,1070.4668188634364
7833,1070.0908269667043
7834,1069.7146698853608
7835,1069.3383503599741
7836,1068.961858606084
7837,1068.5851935938517
7838,1068.2083542966502
7839,1067.8313396910553
7840,1067.454158520109
7841,1067.0768041130932
7842,1066.6992713625077
7843,1066.321559257704
7844,1065.9436667912048
7845,1065.5655943779366
7846,1065.1873521510138
7847,1064.8089265749645
7848,1064.430316654965
7849,1064.0515213993378
7850,1063.6725398195417
7851,1063.2933787211537
7852,1062.9140356290607
7853,1062.5345032820628
7854,1062.1547807041338
7855,1061.7748669223552
7856,1061.3947618022119
7857,1061.0144768963444
7858,1060.6339979026702
7859,1060.2533238606704
7860,1059.8724538129081
7861,1059.4913868050223
7862,1059.1101307039678
7863,1058.72868123251
7864,1058.3470319725407
7865,1057.965181981965
7866,1057.5831303217392
7867,1057.2008793170805
7868,1056.8184359218162
7869,1056.43578807438
7870,1056.0529348478856
7871,1055.6698753184696
7872,1055.2866085652865
7873,1054.9031481826682
7874,1054.5194806159216
7875,1054.1356030994973
7876,1053.7515147245845
7877,1053.3672145853657
7878,1052.9827017790114
7879,1052.597990651893
7880,1052.2130663365353
7881,1051.827926682101
7882,1051.4425707976739
7883,1051.0569977953014
7884,1050.671207168905
7885,1050.2852139197287
7886,1049.8990009252414
7887,1049.5125673093062
7888,1049.1259121987257
7889,1048.7390347232351
7890,1048.3519370735153
7891,1047.9646290488674
7892,1047.5770960849447
7893,1047.1893373231865
7894,1046.801351907941
7895,1046.4131389864644
7896,1046.0247044933878
7897,1045.6360509318474
7898,1045.2471673422076
7899,1044.858052883316
7900,1044.468706716903
7901,1044.0791280075796
7902,1043.6893274852525
7903,1043.2992982544256
7904,1042.9090340108287
7905,1042.5185339305592
7906,1042.1277971925713
7907,1041.7368231941962
7908,1041.3456278694905
7909,1040.9541934601975
7910,1040.5625191566735
7911,1040.1706041521093
7912,1039.7784476425277
7913,1039.3860557943703
7914,1038.9934311957525
7915,1038.600562716409
7916,1038.2074495636614
7917,1037.8140909476485
7918,1037.4204860813118
7919,1037.0266489631886
7920,1036.6325667097053
7921,1036.2382358809061
7922,1035.8436557009416
7923,1035.4488253967475
7924,1035.0537502767404
7925,1034.6584350025055
7926,1034.262867320997
7927,1033.8670464702786
7928,1033.4709716911862
7929,1033.0746422273169
7930,1032.678073214335
7931,1032.2812498522524
7932,1031.8841695722974
7933,1031.4868316291063
7934,1031.0892352800645
7935,1030.6913887063088
7936,1030.2932911822056
7937,1029.8949330604823
7938,1029.4963136094889
7939,1029.0974321003036
7940,1028.6982905694142
7941,1028.2989007459826
7942,1027.8992467136518
7943,1027.4993277543958
7944,1027.0991431529005
7945,1026.6986921965604
7946,1026.2979896950833
7947,1025.8970220247782
7948,1025.4957858978403
7949,1025.0942806124783
7950,1024.6925054695926
7951,1024.29047088645
7952,1023.8881721901545
7953,1023.4856015750463
7954,1023.082758352777
7955,1022.6796418376719
7956,1022.2762588719598
7957,1021.8726120989303
7958,1021.4686900120352
7959,1021.0644919362858
7960,1020.6600171993546
7961,1020.2552698881727
7962,1019.8502583229359
7963,1019.4449681155111
7964,1019.0393986041961
7965,1018.63354912993
7966,1018.2274218464203
7967,1017.8210291068427
7968,1017.414354463108
7969,1017.0073972667235
7970,1016.6001568718278
7971,1016.1926343232801
7972,1015.7848443586855
7973,1015.3767692939502
7974,1014.9684084937217
7975,1014.5597613252643
7976,1014.1508285512707
7977,1013.7416256406322
7978,1013.3321344995026
7979,1012.9223545055996
7980,1012.5122850392437
7981,1012.1019274099248
7982,1011.6912961601125
7983,1011.2803736147488
7984,1010.8691591645546
7985,1010.4576522028394
7986,1010.0458554171219
7987,1009.6337807612128
7988,1009.2214118096523
7989,1008.8087479660977
7990,1008.3957886367878
7991,1007.9825387207432
7992,1007.5690059163817
7993,1007.1551758809073
7994,1006.741048030855
7995,1006.3266217853292
7996,1005.9119050905673
7997,1005.4968997183992
7998,1005.0815942439915
7999,1004.6659880966965
8000,1004.2500807084216
8001,1003.8338839105409
8002,1003.4173918726829
8003,1003.0005969254933
8004,1002.5834985110854
8005,1002.1660960741121
8006,1001.7484061712014
8007,1001.330413689777
8008,1000.9121155556816
8009,1000.4935112237285
8010,1000.0746030492539
8011,999.6554044624597
8012,999.2358980781871
8013,998.8160833613771
8014,998.3959597794939
8015,997.9755359690338
8016,997.5548129665998
8017,997.133779537423
8018,996.7124351590519
8019,996.2907793115489
8020,995.8688277587501
8021,995.4465674515385
8022,995.0239941513227
8023,994.6011073482105
8024,994.1779106401858
8025,993.7544154505892
8026,993.3306052643636
8027,992.9064795816297
8028,992.4820379050054
8029,992.0572925265807
8030,991.6322376508652
8031,991.2068653250627
8032,990.7811750617661
8033,990.3551683146612
8034,989.9288611061855
8035,989.5022345339561
8036,989.0752881205138
8037,988.64802139088
8038,988.2204460664453
8039,987.7925578040531
8040,987.3643478365005
8041,986.9358156987217
8042,986.5069636066719
8043,986.0778063695454
8044,985.6483256029719
8045,985.2185208517719
8046,984.7883916632301
8047,984.3579521012842
8048,983.9271934494022
8049,983.4961090380212
8050,983.0646984242798
8051,982.632967505059
8052,982.2009240397844
8053,981.7685530795645
8054,981.3358541913676
8055,980.9028269446144
8056,980.4694906709692
8057,980.0358264309452
8058,979.6018325766298
8059,979.1675086872424
8060,978.7328672710448
8061,978.2979031775551
8062,977.862607822667
8063,977.4269807953751
8064,976.9910283977871
8065,976.5547580340956
8066,976.1181548010125
8067,975.6812182972888
8068,975.2439492371506
8069,974.8063663430719
8070,974.3684490106364
8071,973.9301968483262
8072,973.4916094670524
8073,973.0527040733367
8074,972.6134665765076
8075,972.173892729489
8076,971.7339821528991
8077,971.2937478186992
8078,970.8531842482081
8079,970.4122828460503
8080,969.9710432425288
8081,969.5294747965551
8082,969.0875793985755
8083,968.6453447262082
8084,968.2027704194229
8085,967.759862846566
8086,967.3166300223953
8087,966.8730565197945
8088,966.4291419883825
8089,965.9848904293898
8090,965.5403147351415
8091,965.0953969970271
8092,964.6501368742942
8093,964.2045366254538
8094,963.7586127717595
8095,963.3123455472935
8096,962.865734620917
8097,962.4187811337525
8098,961.971503985462
8099,961.5238821779571
8100,961.0759153896962
8101,960.6276042706628
8102,960.1789688465802
8103,959.7299875132353
8104,959.2806599586662
8105,958.8309869688751
8106,958.380988441476
8107,957.9306427930959
8108,957.4799497213376
8109,957.0289107762675
8110,956.5775444714416
8111,956.1258298721835
8112,955.6737666856444
8113,955.2213578548755
8114,954.7686192516737
8115,954.3155312187927
8116,953.8620934729191
8117,953.4083109798664
8118,952.9541957102501
8119,952.4997299138548
8120,952.0449133168868
8121,951.5897535385421
8122,951.134257387147
8123,950.6784096499617
8124,950.2222100626974
8125,949.7656695293838
8126,949.3087884332974
8127,948.8515547304421
8128,948.3939681660235
8129,947.9360435611541
8130,947.4777736096775
8131,947.0191500684329
8132,946.5601726921068
8133,946.1008608519428
8134,945.641198286381
8135,945.1811811859804
8136,944.7208108015903
8137,944.2601072283247
8138,943.7990484417811
8139,943.3376342132043
8140,942.8758714952589
8141,942.4137691245127
8142,941.9513106616749
8143,941.4884958874376
8144,941.0253380914463
8145,940.5618335815044
8146,940.0979721384501
8147,939.6337535524088
8148,939.1691980859032
8149,938.7042882462968
8150,938.2390206703014
8151,937.7733994798954
8152,937.3074395797837
8153,936.8411213710928
8154,936.3744446604351
8155,935.9074216992782
8156,935.4400512788612
8157,934.9723218125376
8158,934.5042331163248
8159,934.0358062090019
8160,933.5670224927941
8161,933.0978790309749
8162,932.6283821680457
8163,932.1585427713045
8164,931.6883431343764
8165,931.2177830897114
8166,930.7468789090727
8167,930.2756217510233
8168,929.8040037188231
8169,929.3320273578278
8170,928.8597113960857
8171,928.3870341148818
8172,927.9139953630719
8173,927.4406087752307
8174,926.9668710469186
8175,926.492771430798
8176,926.0183107844557
8177,925.5435114742414
8178,925.0683498800812
8179,924.5928258672013
8180,924.1169525462669
8181,923.640727923577
8182,923.1641405140856
8183,922.6871916023523
8184,922.2099029638305
8185,921.7322511914513
8186,921.2542361667855
8187,920.775887403457
8188,920.2971951866605
8189,919.8181394207453
8190,919.3387199966081
8191,918.8589368074752
8192,918.3787897489045
8193,917.8982787187849
8194,917.4174448289974
8195,916.9362613184006
8196,916.4547135934174
8197,915.972801561243
8198,915.4905251314007
8199,915.0078842157401
8200,914.524878728437
8201,914.0415198936576
8202,913.557841267529
8203,913.0737978757977
8204,912.5893896419294
8205,912.1046164917159
8206,911.6194783532719
8207,911.1339751570339
8208,910.6481068357602
8209,910.1619165237283
8210,909.6753745558337
8211,909.1884673246799
8212,908.7011947722973
8213,908.2135568430374
8214,907.7255534835712
8215,907.2371846428881
8216,906.7484741660701
8217,906.2594315093868
8218,905.7700232819399
8219,905.2802494419766
8220,904.7901099500557
8221,904.2996047690555
8222,903.8087338641664
8223,903.3175068521906
8224,902.8259621894035
8225,902.3340517617705
8226,901.8417755437227
8227,901.349133512004
8228,900.8561256456688
8229,900.3627519260845
8230,899.8690128074386
8231,899.3749656150628
8232,898.8805525769734
8233,898.3857736837614
8234,897.8906289283249
8235,897.3951183058698
8236,896.8992418139097
8237,896.4029994522654
8238,895.9064463608075
8239,895.4095310941154
8240,894.912250020574
8241,894.4146031492099
8242,893.9165904913513
8243,893.418212060631
8244,892.9194678729832
8245,892.4204145452283
8246,891.9209982223756
8247,891.4212162537235
8248,890.9210686643926
8249,890.4205554818053
8250,889.9196767356843
8251,889.4184358261615
8252,888.916885819711
8253,888.4149704021706
8254,887.9126896124354
8255,887.4100434916935
8256,886.9070320834315
8257,886.4036554334299
8258,885.8999280789608
8259,885.395881356818
8260,884.8914695934833
8261,884.3866928438911
8262,883.8815511652678
8263,883.3760446171339
8264,882.8701732612966
8265,882.3639678536442
8266,881.8574278383265
8267,881.3505232638512
8268,880.8432542011604
8269,880.3356207234879
8270,879.8276229063508
8271,879.3192608275564
8272,878.8105896516693
8273,878.3015642118469
8274,877.7921748097448
8275,877.2824215322829
8276,876.7723044686609
8277,876.2618237103633
8278,875.7509793511583
8279,875.2398289569876
8280,874.7283231418625
8281,874.2164540729777
8282,873.7042218531916
8283,873.1916265876391
8284,872.6786683837372
8285,872.165347351175
8286,871.6517290515363
8287,871.1377486909448
8288,870.623405896492
8289,870.1087007869397
8290,869.5936334833225
8291,869.0782041089485
8292,868.5624253383379
8293,868.0463386760099
8294,867.5298903784683
8295,867.0130805780707
8296,866.4959094094453
8297,865.9783770094849
8298,865.4604835173523
8299,864.942260255393
8300,864.4237120152777
8301,863.9048031659436
8302,863.3855338555793
8303,862.8659042346371
8304,862.3459144558311
8305,861.8255646741354
8306,861.3049104519464
8307,860.7839086831399
8308,860.2625474416726
8309,859.74082689152
8310,859.218747198917
8311,858.6963085323547
8312,858.1735282547022
8313,857.6504401822014
8314,857.1269937063737
8315,856.6031890046894
8316,856.07902625687
8317,855.5545056448861
8318,855.0296273529602
8319,854.5044477408106
8320,853.9789286291572
8321,853.4530524592624
8322,852.926819424297
8323,852.4002297196768
8324,851.8732835430611
8325,851.3459810943527
8326,850.8183848394091
8327,850.2904450240287
8328,849.7621496050859
8329,849.2334987914022
8330,848.7044927940385
8331,848.1751318262931
8332,847.6454161036985
8333,847.1154205395193
8334,846.5850711212267
8335,846.054367663277
8336,845.5233103900922
8337,844.991899528325
8338,844.4601353068588
8339,843.9280357281461
8340,843.3956411750722
8341,842.8628940173435
8342,842.3297944927051
8343,841.7963428411233
8344,841.2625393047903
8345,840.7283841281173
8346,840.193919839535
8347,839.6591384046122
8348,839.1240061307227
8349,838.5885232711056
8350,838.0526900812168
8351,837.5165068187267
8352,836.9799737435198
8353,836.4431642347962
8354,835.9060091900174
8355,835.3685051800286
8356,834.830652473506
8357,834.2924513413312
8358,833.7539020565946
8359,833.2150460584127
8360,832.675898221905
8361,832.1364031334435
8362,831.5965610748627
8363,831.0563723301972
8364,830.5158371856805
8365,829.9749559297413
8366,829.4337288530055
8367,828.89219079964
8368,828.3503706180909
8369,827.8082055684534
8370,827.2656959500549
8371,826.7228420644091
8372,826.1796442152188
8373,825.6361027083734
8374,825.0922178519445
8375,824.5480299637268
8376,824.003557728359
8377,823.458743147926
8378,822.9135865391504
8379,822.3680882209364
8380,821.8222485143626
8381,821.2760677426826
8382,820.7295462313213
8383,820.1827417170035
8384,819.6356388296568
8385,819.0881962586467
8386,818.5404143379984
8387,817.992293403906
8388,817.4438337947262
8389,816.8950358509776
8390,816.3458999153397
8391,815.7965129703487
8392,815.2468019368335
8393,814.6967540186205
8394,814.146369566935
8395,813.5956489351587
8396,813.0445924788206
8397,812.493200555603
8398,811.9415005908556
8399,811.3895393291721
8400,810.8372437522796
8401,810.2846142263569
8402,809.7316511197228
8403,809.1783548028351
8404,808.62472564829
8405,808.0707640308175
8406,807.5165492072263
8407,806.962025040116
8408,806.4071696122685
8409,805.851983306855
8410,805.2964665091713
8411,804.7406196066398
8412,804.184442988804
8413,803.6279773315055
8414,803.0712443675833
8415,802.5141829344258
8416,801.9567934299624
8417,801.3990762542372
8418,800.8410318094052
8419,800.2826604997296
8420,799.7239744225731
8421,799.1650531753664
8422,798.6058063529606
8423,798.0462343679507
8424,797.4863376350302
8425,796.92611657099
8426,796.3655715947161
8427,795.8047031271888
8428,795.2436078285461
8429,794.6821969473546
8430,794.1204639139945
8431,793.558409157708
8432,792.9960331098215
8433,792.4333362037429
8434,791.870318874956
8435,791.3070695840307
8436,790.7435166836613
8437,790.1796447425584
8438,789.615454204409
8439,789.0509455149677
8440,788.4861191220563
8441,787.9209754755605
8442,787.3556045562334
8443,786.7899323799828
8444,786.2239443746682
8445,785.6576409983115
8446,785.0910227109864
8447,784.5240899748181
8448,783.9568432539787
8449,783.3893836810075
8450,782.8216156701938
8451,782.2535351414225
8452,781.6851425669371
8453,781.1164384210166
8454,780.5474231799736
8455,779.9781127971847
8456,779.4085826778265
8457,778.8387429659047
8458,778.2685941457423
8459,777.6981367036856
8460,777.1273711280996
8461,776.5562979093668
8462,775.9849625046593
8463,775.4133820102141
8464,774.8414954166757
8465,774.2693032223655
8466,773.6968059276098
8467,773.1240040347359
8468,772.5508980480706
8469,771.9775723117143
8470,771.403966844407
8471,770.8300588684626
8472,770.255848896075
8473,769.6813374414219
8474,769.1065250206672
8475,768.5314363879021
8476,767.9561313701191
8477,767.3805270062634
8478,766.8046238202976
8479,766.2284223381516
8480,765.6519230877268
8481,765.0751265988866
8482,764.498114391811
8483,763.9208334531345
8484,763.343256936404
8485,762.7653853792038
8486,762.1872193210701
8487,761.6087593034849
8488,761.0300437437787
8489,760.4511064589002
8490,759.8718769091245
8491,759.2923556435835
8492,758.7125432133457
8493,758.1324401714089
8494,757.5520496752971
8495,756.9714766844178
8496,756.390614810254
8497,755.8094646133815
8498,755.2280266562927
8499,754.6463015033928
8500,754.0642897209976
8501,753.4820771793496
8502,752.899604096329
8503,752.3168461513419
8504,751.7338039181968
8505,751.1504779725951
8506,750.5668688921318
8507,749.9830433591553
8508,749.3989805855026
8509,748.8146364776327
8510,748.2300116205553
8511,747.6451066011551
8512,747.0599220081898
8513,746.4745129812842
8514,745.8888824336391
8515,745.302974145831
8516,744.7167887139551
8517,744.1303267359633
8518,743.5435888116614
8519,742.9566261206091
8520,742.3694501096318
8521,741.7820000181341
8522,741.1942764531785
8523,740.6062800236623
8524,740.0180113403177
8525,739.4295251440732
8526,738.8408263699504
8527,738.2518572398011
8528,737.6626183715313
8529,737.0731103848635
8530,736.4833339013344
8531,735.893354684592
8532,735.3031562324257
8533,734.7126912128238
8534,734.1219602544118
8535,733.5309639876098
8536,732.9397030446312
8537,732.3482616141777
8538,731.7565869492754
8539,731.1646495688509
8540,730.5724501121204
8541,729.9799892200754
8542,729.3872675354777
8543,728.7943950163366
8544,728.2012679793816
8545,727.6078821413512
8546,727.0142381519223
8547,726.4203366625222
8548,725.8262058724031
8549,725.2319061577016
8550,724.6373509598274
8551,724.0425409370482
8552,723.4474767493637
8553,722.852159058506
8554,722.2566683990887
8555,721.6609827128018
8556,721.0650455798201
8557,720.4688576685959
8558,719.8724196492914
8559,719.2757321937786
8560,718.6787959756292
8561,718.0817412191161
8562,717.4844473919319
8563,716.8869068929823
8564,716.2891204024494
8565,715.6910886022011
8566,715.092812175786
8567,714.4943435814745
8568,713.8957186527089
8569,713.2968512175931
8570,712.6977419661868
8571,712.09839159021
8572,711.4988007830375
8573,710.8989702396981
8574,710.2990236685627
8575,709.6988552942349
8576,709.0984493368064
8577,708.4978064977017
8578,707.8969274799772
8579,707.295812988316
8580,706.6945287618722
8581,706.0930857851193
8582,705.4914095154415
8583,704.8895006638176
8584,704.2873599428303
8585,703.6849880666679
8586,703.0824022364353
8587,702.4797113282184
8588,701.8767914733054
8589,701.2736433920742
8590,700.6702678064837
8591,700.0666654400702
8592,699.4628370179411
8593,698.8589025019771
8594,698.2547661162965
8595,697.6504059148748
8596,697.0458226288872
8597,696.4410169910615
8598,695.835989735671
8599,695.2308317894067
8600,694.6255062489898
8601,694.0199613573877
8602,693.4141978548321
8603,692.8082164830824
8604,692.2020179854151
8605,691.5956735415514
8606,690.9891865380015
8607,690.3824847008143
8608,689.7755687791151
8609,689.1684395235311
8610,688.5610976861789
8611,687.9536039403512
8612,687.345983474745
8613,686.7381527450374
8614,686.1301125090852
8615,685.5218635262142
8616,684.9134065572148
8617,684.3048009608841
8618,683.6960753375779
8619,683.0871440706776
8620,682.4780079265972
8621,681.8686676731965
8622,681.2591240797695
8623,680.6494443330308
8624,680.0396421533651
8625,679.4296390005424
8626,678.8194356493681
8627,678.2090328760606
8628,677.598431458247
8629,676.987715502531
8630,676.3768656584361
8631,675.7658195605032
8632,675.1545779917504
8633,674.5431417365835
8634,673.9315115807863
8635,673.3197975914813
8636,672.7079292589887
8637,672.0958694397866
8638,671.4836189249328
8639,670.8711785068407
8640,670.2585489792752
8641,669.6458753582433
8642,669.0330179909023
8643,668.4199739507072
8644,667.8067440365755
8645,667.1933290487488
8646,666.5797692159463
8647,665.9661351568125
8648,665.3523184790141
8649,664.7383199878426
8650,664.1241404898932
8651,663.5097807930545
8652,662.8953331732291
8653,662.2807648956307
8654,661.6660188958369
8655,661.0510959866637
8656,660.4359969821988
8657,659.8207249826945
8658,659.2054262898107
8659,658.5899539958598
8660,657.9743089197511
8661,657.3584918816377
8662,656.7425037029124
8663,656.1264164369114
8664,655.5102392059189
8665,654.8938933491422
8666,654.2773796926715
8667,653.6606990638072
8668,653.0438522910598
8669,652.4269891091523
8670,651.8099639965162
8671,651.1927752748418
8672,650.5754237772061
8673,649.9579103378669
8674,649.340318936096
8675,648.7226362274738
8676,648.1047941281329
8677,647.4867934767902
8678,646.868635113319
8679,646.2503445467869
8680,645.6320260336117
8681,645.0135523750106
8682,644.3949244152071
8683,643.7761429995513
8684,643.1572089745162
8685,642.5382500144361
8686,641.919166742309
8687,641.2999334459196
8688,640.6805509759595
8689,640.0610201842119
8690,639.4414253591325
8691,638.8217545429651
8692,638.2019380049155
8693,637.5819766008744
8694,636.9618711878015
8695,636.341669828182
8696,635.7214336576092
8697,635.101056092263
8698,634.4805379930967
8699,633.8598802221039
8700,633.2391017348398
8701,632.6183225160111
8702,631.9974062535347
8703,631.3763538132847
8704,630.7551660621473
8705,630.1338438680123
8706,629.5125400783929
8707,628.8911075610895
8708,628.269543245213
8709,627.6478480023972
8710,627.0260227052561
8711,626.4042058166087
8712,625.7822795952256
8713,625.1602259768945
8714,624.5380458378587
8715,623.9157400553087
8716,623.2934396951933
8717,622.6710424252014
8718,622.0485221815846
8719,621.4258798450472
8720,620.8031162972137
8721,620.1803621522903
8722,619.5575165901457
8723,618.9345524986571
8724,618.3114707628458
8725,617.6882722686222
8726,617.0650940804654
8727,616.4418230798389
8728,615.818438014367
8729,615.1949397732408
8730,614.5713292465109
8731,613.9477568074004
8732,613.3240833153894
8733,612.7003002425041
8734,612.0764084819548
8735,611.4524190487058
8736,610.8284720764844
8737,610.2044191298025
8738,609.5802611049353
8739,608.9559988989691
8740,608.3316698485986
8741,607.7073620272992
8742,607.0829527484401
8743,606.4584429120528
8744,605.8338334189476
8745,605.209194659318
8746,604.5845491760069
8747,603.9598067693966
8748,603.3349683431214
8749,602.710034801568
8750,602.0851162750816
8751,601.4601563956498
8752,600.8351041437734
8753,600.2099604265411
8754,599.5847261517612
8755,598.9595578310852
8756,598.3343068963577
8757,597.708968155871
8758,597.0835425200139
8759,596.458077224913
8760,595.832642783639
8761,595.2071242054767
8762,594.5815224032985
8763,593.9558382906478
8764,593.330178088981
8765,592.7044948902412
8766,592.0787321476182
8767,591.4528907770153
8768,590.8269791896221
8769,590.2011466172833
8770,589.5752381895695
8771,588.9492548246471
8772,588.3231974412935
8773,587.6971458792118
8774,587.0711070495953
8775,586.4449969814167
8776,585.8188165955933
8777,585.1925668136239
8778,584.5664053252233
8779,583.9401838706331
8780,583.3138958065578
8781,582.6875420565121
8782,582.0611996842936
8783,581.4348821842643
8784,580.8085017898784
8785,580.1820594265672
8786,579.5555568581736
8787,578.9291586761503
8788,578.3027013214619
8789,577.6761857213568
8790,577.049612803583
8791,576.4230801552071
8792,575.7965612306316
8793,575.1699877902057
8794,574.54336076337
8795,573.9167134786235
8796,573.2901483933213
8797,572.6635325273861
8798,572.0368668118501
8799,571.4101521781943
8800,570.7835297252637
8801,570.1568868653037
8802,569.5301978976963
8803,568.9034637553881
8804,568.2767721751712
8805,567.6501177676797
8806,567.0234209992286
8807,566.3966828041312
8808,565.7699427179169
8809,565.1432922227273
8810,564.5166031175919
8811,563.8898763380915
8812,563.26311282017
8813,562.6364772363273
8814,562.0098112699313
8815,561.3831113852679
8816,560.7563785194228
8817,560.1297398252038
8818,559.5031124825639
8819,558.8764549811626
8820,558.2497682591255
8821,557.6231470100987
8822,556.9965737841562
8823,556.3699741619573
8824,555.7433490825672
8825,555.1167658089504
8826,554.4902621989004
8827,553.8637359576895
8828,553.237188025221
8829,552.6106632300703
8830,551.9842447396951
8831,551.3578073854341
8832,550.7313521079286
8833,550.1049062653325
8834,549.4785884013296
8835,548.8522554424883
8836,548.2259083300863
8837,547.5995618833588
8838,546.9733601536773
8839,546.347147099567
8840,545.7209236628408
8841,545.0946970227224
8842,544.468626934894
8843,543.8425492939997
8844,543.2164650422884
8845,542.5903785851473
8846,541.9644556446236
8847,541.3385289229419
8848,540.7125993626859
8849,540.0866734287289
8850,539.4609131372177
8851,538.8351528365944
8852,538.2093934696752
8853,537.5836483611573
8854,536.958066214964
8855,536.3324878314338
8856,535.7069141535159
8857,535.08137013296
8858,534.4559816213283
8859,533.830600643457
8860,533.2052281423297
8861,532.5799054307481
8862,531.9547260342069
8863,531.3295579414416
8864,530.7044020953663
8865,530.0793208704911
8866,529.4543660592035
8867,528.829426320216
8868,528.204502596277
8869,527.5796829907948
8870,526.9549682229092
8871,526.3302722939547
8872,525.7055961464129
8873,525.0810582462063
8874,524.4565989662128
8875,523.8321622894848
8876,523.207749158135
8877,522.583513000532
8878,521.9593246376248
8879,521.3351626396152
8880,520.7110447360036
8881,520.0871135201795
8882,519.4632114866196
8883,518.8393395764871
8884,518.2155592159619
8885,517.5919259675176
8886,516.9683256570041
8887,516.3447592249448
8888,515.7213362980109
8889,515.0980163942626
8890,514.474733180308
8891,513.8514875959307
8892,513.2284419380296
8893,512.6054507348862
8894,511.9824999691961
8895,511.3596323816781
8896,510.73694196970166
8897,510.11429480004915
8898,509.491691810909
8899,508.86923690727184
8900,508.2469020979678
8901,507.62461427006065
8902,507.00237436072956
8903,506.3803518118274
8904,505.75838789250906
8905,505.13647468836814
8906,504.51467382832624
8907,503.8930425507132
8908,503.2714647812589
8909,502.6499414550757
8910,502.0286080528735
8911,501.4073744326809
8912,500.78619804394094
8913,500.1651141413774
8914,499.5442333695875
8915,498.9234126134275
8916,498.3026528056424
8917,497.68214506053226
8918,497.0618019375052
8919,496.44152253052437
8920,495.8213077707184
8921,495.20115858890915
8922,494.5810759156029
8923,493.961326339616
8924,493.3416723075764
8925,492.72208754200426
8926,492.1025729716458
8927,491.48312952490386
8928,490.8638228546405
8929,490.2448181279073
8930,489.62588727392233
8931,489.00703121920867
8932,488.3882508899135
8933,487.76954721180766
8934,487.1510948559519
8935,486.53284174654186
8936,485.91466802654827
8937,485.2965746197195
8938,484.67856244939503
8939,484.0606367740484
8940,483.443085154025
8941,482.82561749890954
8942,482.20823472990224
8943,481.59093776776655
8944,480.9737275328196
8945,480.3567510854647
8946,479.74001313269406
8947,479.12336462343484
8948,478.5068064757268
8949,477.8903396071393
8950,477.27397250589166
8951,476.65798779650396
8952,476.0420970717564
8953,475.4263012468245
8954,474.81060123638247
8955,474.1949979545982
8956,473.57967371236913
8957,472.96456419603766
8958,472.34955410064407
8959,471.7346443378267
8960,471.11983581868554
8961,470.50520243717
8962,469.89089744863395
8963,469.2766963842993
8964,468.66260015262384
8965,468.04860966150255
8966,467.4347258182613
8967,466.821227594736
8968,466.207858754116
8969,465.59459922752785
8970,464.98144991952023
8971,464.3684117340448
8972,463.7556846942216
8973,463.14317115752556
8974,462.53077139682034
8975,461.9184863131686
8976,461.3063168070081
8977,460.6943980837155
8978,460.0827628151615
8979,459.4712457644461
8980,458.85984782900834
8981,458.2485699056371
8982,457.6374963588597
8983,457.0267622031687
8984,456.41615068636264
8985,455.80566270212427
8986,455.19529914345713
8987,454.58510735680477
8988,453.9752970357318
8989,453.3656137531121
8990,452.7560583987349
8991,452.14663186168497
8992,451.5373581389156
8993,450.92849424783094
8994,450.3197617726133
8995,449.7111615990263
8996,449.1026946121027
8997,448.49437497371184
8998,447.8864799782162
8999,447.27872075318254
9000,446.6710981802175
9001,446.06361314016857
9002,445.4562833200362
9003,444.84937955262234
9004,444.2426158867894
9005,443.6359931998554
9006,443.0295123683569
9007,442.42320781045606
9008,441.81731746721624
9009,441.2115715325487
9010,440.60597087935895
9011,440.00051637974076
9012,439.3952722349128
9013,438.79041737228494
9014,438.18571120045755
9015,437.58115458779315
9016,436.9767484018191
9017,436.372599524606
9018,435.7688020561754
9019,435.16515753537533
9020,434.5616668259017
9021,433.9583307905875
9022,433.355311736138
9023,432.7525934294767
9024,432.1500323012559
9025,431.54762921037974
9026,430.9453850148677
9027,430.3435300359
9028,429.74191250945927
9029,429.14045636563316
9030,428.53916245841486
9031,427.93803467433963
9032,427.3373746847244
9033,426.73687940477095
9034,426.1365496843688
9035,425.5363863724777
9036,424.936485609074
9037,424.3369650227916
9038,423.7376133003989
9039,423.1384312866584
9040,422.5394198253808
9041,421.9407794565361
9042,421.3424194548063
9043,420.74423244289005
9044,420.14621926030645
9045,419.54838848003374
9046,418.95103383188786
9047,418.3538554354404
9048,417.75685412584727
9049,417.160030737268
9050,416.5635216473755
9051,415.9673653888419
9052,415.3713894550449
9053,414.7755946756898
9054,414.1799818794675
9055,413.58482695343343
9056,412.9898898055994
9057,412.3951370256393
9058,411.800569437701
9059,411.20630430098
9060,410.6124192555068
9061,410.0187217710624
9062,409.4252126671816
9063,408.83189276234236
9064,408.2390413987805
9065,407.64641241081586
9066,407.0539749713348
9067,406.4617298941157
9068,405.86981934125345
9069,405.27827195448725
9070,404.68691926323095
9071,404.0957620764967
9072,403.5048156964623
9073,402.91436291829945
9074,402.3241079615123
9075,401.7340516302812
9076,401.14419472767514
9077,400.5547473210973
9078,399.96560298639776
9079,399.3766603768004
9080,398.7879202904593
9081,398.19948668041866
9082,397.6114657557733
9083,397.02364963403056
9084,396.4360391083665
9085,395.8486420086492
9086,395.2617571813644
9087,394.67508021278655
9088,394.0886118910508
9089,393.5023530031279
9090,392.9165376649974
9091,392.3310124130009
9092,391.7456988363031
9093,391.160597716756
9094,390.57586709494143
9095,389.99150602008586
9096,389.40735962643714
9097,388.82342869066844
9098,388.2398048423376
9099,387.6566203013836
9100,387.0736534247586
9101,386.490904983898
9102,385.90840975771744
9103,385.32641400270273
9104,384.74463887212073
9105,384.1630851321089
9106,383.58175354757486
9107,383.00094534493576
9108,382.42037408356236
9109,381.84002714426265
9110,381.25990528657496
9111,380.68027202077013
9112,380.1009166450399
9113,379.5217884993598
9114,378.9428883378447
9115,378.36445119148703
9116,377.78632361024324
9117,377.20842614328404
9118,376.630759539244
9119,376.05353948383356
9120,375.4766514974937
9121,374.89999648571563
9122,374.32357519160144
9123,373.74759298700405
9124,373.1719562867404
9125,372.5965553971516
9126,372.02139105575435
9127,371.44666724968755
9128,370.8722934166302
9129,370.2981582059941
9130,369.7242623496588
9131,369.1508172772212
9132,368.57771778168365
9133,368.0048596957471
9134,367.4322437456044
9135,366.8600975288156
9136,366.2882837295371
9137,365.71671410228015
9138,365.1453893675016
9139,364.5745619148854
9140,364.00404505829636
9141,363.43377511120076
9142,362.8637527882725
9143,362.29426379444914
9144,361.7250550139567
9145,361.1560958552979
9146,360.5873972618647
9147,360.0192559726376
9148,359.4513662879311
9149,358.88372891208775
9150,358.3164046538667
9151,357.74959069827054
9152,357.1830310146494
9153,356.61672630143505
9154,356.0507954676373
9155,355.4853196615417
9156,354.9201007692616
9157,354.3551394832773
9158,353.7906209480118
9159,353.22649399177203
9160,352.6626265654142
9161,352.09901935542274
9162,351.53593177742266
9163,350.9731642552743
9164,350.41065885313435
9165,349.8484397026214
9166,349.28677807382815
9167,348.7253804532812
9168,348.1642475167783
9169,347.6034933095799
9170,347.04320938871143
9171,346.4831920199862
9172,345.9234418730947
9173,345.3641706594093
9174,344.8052747051879
9175,344.2466478206521
9176,343.6882906693514
9177,343.13052028327195
9178,342.57302243618045
9179,342.0157961498235
9180,341.45895323170436
9181,340.902590140936
9182,340.3465004227019
9183,339.7906847296198
9184,339.23537512244053
9185,338.68042761911084
9186,338.12575593220964
9187,337.57140133433506
9188,337.0176016361683
9189,336.46407952988295
9190,335.91083565706185
9191,335.3580461368454
9192,334.8056791289174
9193,334.25359210922466
9194,333.7017857130488
9195,333.1505781012258
9196,332.5996533796582
9197,332.04901101560677
9198,331.49879958426385
9199,330.94904254885097
9200,330.3995695889595
9201,329.85038132868226
9202,329.3017824626632
9203,328.75348422185795
9204,328.20547237775816
9205,327.65789573227295
9206,327.1107774682761
9207,326.5639472819782
9208,326.01740578619575
9209,325.47147164738163
9210,324.9258283031797
9211,324.380475309443
9212,323.8355888435338
9213,323.291137468304
9214,322.74697808730326
9215,322.2031718274592
9216,321.6600861375785
9217,321.1172939784813
9218,320.5747959464962
9219,320.0325926364192
9220,319.4906846415133
9221,318.9495229722856
9222,318.4086952369002
9223,317.8681643199581
9224,317.3279308080331
9225,316.78799528615565
9226,316.2487336647963
9227,315.70988391215644
9228,315.1713336246072
9229,314.63308338046323
9230,314.09513375649203
9231,313.5578081014424
9232,313.0209496327631
9233,312.4843932309955
9234,311.9481394661675
9235,311.4121889067507
9236,310.87683450421866
9237,310.3419803624442
9238,309.80743084445186
9239,309.27318651195253
9240,308.73924792509393
9241,308.2058994311433
9242,307.67306240055524
9243,307.14053250555446
9244,306.60831029950884
9245,306.07639633421263
9246,305.54508777694815
9247,305.0142803828427
9248,304.48378259096086
9249,303.9535949463006
9250,303.42371799228306
9251,302.8944827741077
9252,302.36571728253256
9253,301.8372638145571
9254,301.30912290678845
9255,300.7812950942508
9256,300.2541659942104
9257,299.72745441176323
9258,299.2010572289553
9259,298.6749749739803
9260,298.14920817344677
9261,297.6242173496527
9262,297.0995714233501
9263,296.5752422273182
9264,296.05123028132124
9265,295.52760238099637
9266,295.00471509566694
9267,294.4821463128662
9268,293.9598965455056
9269,293.4379663049042
9270,292.91653699494344
9271,292.39573583268225
9272,291.8752554210682
9273,291.35509626455723
9274,290.83525886600677
9275,290.31605853459246
9276,289.7973545089897
9277,289.2789734366259
9278,288.7609158134862
9279,288.24318213395793
9280,287.72624055859774
9281,287.2096444237505
9282,286.6933733991793
9283,286.17742797239373
9284,285.6619594700726
9285,285.14715497962374
9286,284.63267723029395
9287,284.11852670271406
9288,283.60470387590817
9289,283.0915500116074
9290,282.5788720679204
9291,282.0665229397498
9292,281.55450309923657
9293,281.0428735834464
9294,280.5320018297691
9295,280.02146045519436
9296,279.51124992497904
9297,279.0013707027703
9298,278.49210959297733
9299,277.9833821804269
9300,277.4749871387801
9301,276.9669249248017
9302,276.4592375970119
9303,275.9523302094389
9304,275.4457566891838
9305,274.939517486128
9306,274.43361304854125
9307,273.9283458018269
9308,273.4235996906422
9309,272.9191893560944
9310,272.41511523957183
9311,271.91146938587536
9312,271.4085564266224
9313,270.9059806733846
9314,270.40374256067724
9315,269.9018425214024
9316,269.40066635278004
9317,268.8999307492261
9318,268.39953417869555
9319,267.89947706722216
9320,267.39996810022143
9321,266.90107807065726
9322,266.40252843665036
9323,265.90431961737
9324,265.40649947883287
9325,264.9094603038919
9326,264.4127628571298
9327,263.9164075508612
9328,263.4203947957877
9329,262.92511429773674
9330,262.4302741457258
9331,261.935777430131
9332,261.4416245548077
9333,260.9480760871061
9334,260.4550981945654
9335,259.96246500458017
9336,259.47017691417
9337,258.97838089658853
9338,258.4872700858966
9339,257.9965052141832
9340,257.5060866716419
9341,257.01606314410884
9342,256.52682409576715
9343,256.03793219317976
9344,255.54938781972697
9345,255.06119135718234
9346,254.5737936977506
9347,254.0867792738232
9348,253.60011354943265
9349,253.11379689955555
9350,252.62821156676637
9351,252.14307899021392
9352,251.65829625412064
9353,251.1738637266767
9354,250.69010958294555
9355,250.2068630821856
9356,249.72396753340993
9357,249.24142329803826
9358,248.75951883558622
9359,248.2781624992744
9360,247.79715819716174
9361,247.31650628391347
9362,246.836469627152
9363,246.35700740473607
9364,245.8778982695152
9365,245.39914256941702
9366,244.92099147735823
9367,244.4434271796467
9368,243.9662169930022
9369,243.4893612586321
9370,243.01311312730067
9371,242.53745042704932
9372,242.06214283271157
9373,241.5871906787927
9374,241.1128625436659
9375,240.63910497617817
9376,240.16570348052704
9377,239.69265838453623
9378,239.2202669229844
9379,238.74841788672853
9380,238.27692585941583
9381,237.80579116220733
9382,237.33535269596308
9383,236.86541545320304
9384,236.39583612778512
9385,235.92661503422906
9386,235.45814553185463
9387,234.99012320929853
9388,234.52245968388922
9389,234.05515526352727
9390,233.58867034290864
9391,233.1225659323683
9392,232.6568211703017
9393,232.19149510493423
9394,231.72695128885405
9395,231.26276764792235
9396,230.79894447843367
9397,230.3356329051563
9398,229.87301178145938
9399,229.41075163419885
9400,228.94885275311617
9401,228.4875703010728
9402,228.02687448912693
9403,227.56654042677425
9404,227.1065683972272
9405,226.6473293546191
9406,226.18856134155706
9407,225.73015582323998
9408,225.27213219181525
9409,224.81493139300613
9410,224.35809353444674
9411,223.901618887915
9412,223.44575873759038
9413,222.99076925001987
9414,222.53614317546356
9415,222.08188077907937
9416,221.627982324489
9417,221.1744480737757
9418,220.7216517280493
9419,220.26960322573208
9420,219.81791909478846
9421,219.36659959073083
9422,218.91564496754185
9423,218.4650554776728
9424,218.015371594387
9425,217.56626824520134
9426,217.11753016364577
9427,216.66915759565188
9428,216.22115078562936
9429,215.77350997646724
9430,215.3269855913388
9431,214.88083112020837
9432,214.4350427513713
9433,213.98962072124567
9434,213.54456526473834
9435,213.10012611666602
9436,212.65655716244626
9437,212.21335485563236
9438,211.77051942470507
9439,211.32805109663997
9440,210.8859500969123
9441,210.44476064263836
9442,210.004145982273
9443,209.56389869175297
9444,209.1240189901799
9445,208.6845070951624
9446,208.24549158861035
9447,207.807465883365
9448,207.369807999065
9449,206.9325181469946
9450,206.49559653695238
9451,206.05904337725346
9452,205.62336201464566
9453,205.18829452970468
9454,204.75359547783933
9455,204.31926506109664
9456,203.88530348004707
9457,203.4518795610432
9458,203.0194031986809
9459,202.58729562817524
9460,202.15555704387884
9461,201.72418763867958
9462,201.2931876040021
9463,200.86317667857364
9464,200.4336610038258
9465,200.0045146247471
9466,199.57573772660135
9467,199.1473304931984
9468,198.71965542524487
9469,198.29273179671353
9470,197.86617773206794
9471,197.43999340900996
9472,197.01417900379477
9473,196.5888777036119
9474,196.1645460106604
9475,195.7405841089587
9476,195.31699216870706
9477,194.893770358671
9478,194.47091884618533
9479,194.04913948724143
9480,193.6277693391643
9481,193.20676933200596
9482,192.78613962710503
9483,192.36588038437893
9484,191.94654593169545
9485,191.52776687299234
9486,191.1093580946845
9487,190.6913197507482
9488,190.27365199374694
9489,189.8567969388819
9490,189.4406080532925
9491,189.02478954798872
9492,188.6093415696486
9493,188.19426426355042
9494,187.77992201926534
9495,187.3663221414631
9496,186.95309270466146
9497,186.54023384830796
9498,186.1277457104601
9499,185.71594862494302
9500,185.3049363434945
9501,184.8942945250043
9502,184.4840233017547
9503,184.07412280465118
9504,183.66490217568386
9505,183.2564758360356
9506,182.84841994296386
9507,182.4407346216546
9508,182.0334199959271
9509,181.62680608499534
9510,181.22096379247023
9511,180.81549189222628
9512,180.4103905024196
9513,180.00565973985422
9514,179.6016817861969
9515,179.19842140901167
9516,178.79553133232338
9517,178.39301166733202
9518,177.99086252389432
9519,177.5895487584943
9520,177.18886793078946
9521,176.7885572747439
9522,176.38861689466938
9523,175.98904689354669
9524,175.59042455305377
9525,175.19232067794172
9526,174.7945868090312
9527,174.39722304381826
9528,174.0002294784765
9529,173.6043248190745
9530,173.20879507169684
9531,172.81363512888197
9532,172.41884508137974
9533,172.0245914810429
9534,171.63126332983137
9535,171.23830466043012
9536,170.84571555821432
9537,170.45349610725913
9538,170.0620120874611
9539,169.67125200871175
9540,169.28086114571198
9541,168.89083957722391
9542,168.50118738072396
9543,168.11249641688127
9544,167.72430095521483
9545,167.33647440831558
9546,166.94901684840715
9547,166.56205601529547
9548,166.17605298696105
9549,165.79041847092154
9550,165.40515253419653
9551,165.02025524254384
9552,164.63621156471123
9553,164.25290165692962
9554,163.86995976811693
9555,163.48738595886851
9556,163.1051802885298
9557,162.72351758802677
9558,162.34338992529774
9559,161.963629277033
9560,161.58423569741072
9561,161.2052092393736
9562,160.82654995463378
9563,160.44825789367272
9564,160.07033310574383
9565,159.69277563887493
9566,159.316384838721
9567,158.94089633025624
9568,158.56577397883592
9569,158.1910178274505
9570,157.81662791788065
9571,157.44260429069817
9572,157.06894698526816
9573,156.6956560397507
9574,156.32298809955745
9575,155.9517578349982
9576,155.58089273172925
9577,155.21039282299316
9578,154.84025814084436
9579,154.47048871614982
9580,154.10108457859081
9581,153.73204575666577
9582,153.3633722776922
9583,152.99626656976045
9584,152.62964383657086
9585,152.26338521052955
9586,151.89749071417106
9587,151.5319603688629
9588,151.16679419480957
9589,150.80199221105386
9590,150.4375544354796
9591,150.0744612278009
9592,149.71206511349672
9593,149.35003193914935
9594,148.98836171797925
9595,148.6270544620631
9596,148.2661101823349
9597,147.90552888858966
9598,147.54531058948496
9599,147.1863667957458
9600,146.82818070084548
9601,146.47035630098136
9602,146.1128936002691
9603,145.75579260170153
9604,145.39905330715092
9605,145.04267571737253
9606,144.68665983200648
9607,144.33199492871282
9608,143.9780014301948
9609,143.62436830614587
9610,143.27109555178447
9611,142.91818316122823
9612,142.5656311274969
9613,142.21343944251504
9614,141.86160809711373
9615,141.51134432180575
9616,141.16152519775773
9617,140.81206505404575
9618,140.4629638771999
9619,140.1142216526725
9620,139.7658383648394
9621,139.41781399700378
9622,139.0704223593196
9623,138.72440107785945
9624,138.37873733200757
9625,138.03343110087388
9626,137.6884823625079
9627,137.34389109390582
9628,136.99965727100982
9629,136.6557808687108
9630,136.31302319407433
9631,135.9711390713105
9632,135.6296109574174
9633,135.28843882321377
9634,134.94762263847986
9635,134.6071623719654
9636,134.26705799138736
9637,133.9274094958601
9638,133.58928767654973
9639,133.25152030807442
9640,132.91410735418535
9641,132.57704877761904
9642,132.24034454009634
9643,131.90399460232896
9644,131.56799892401918
9645,131.23319152487733
9646,130.8991670036209
9647,130.56549528132803
9648,130.23217631385535
9649,129.89921005606598
9650,129.56659646183004
9651,129.23433548403105
9652,128.9028502163185
9653,128.5725501345434
9654,128.24260118708457
9655,127.913003323085
9656,127.58375649071432
9657,127.25486063717169
9658,126.92631570868527
9659,126.59825482078796
9660,126.27166027790389
9661,125.94541515715123
9662,125.61951940112597
9663,125.29397295147078
9664,124.96877574887654
9665,124.64392773308633
9666,124.31942884289434
9667,123.99647974086294
9668,123.67391902384543
9669,123.35170590693134
9670,123.02984032540095
9671,122.7083222136039
9672,122.38715150495977
9673,122.06632813196296
9674,121.74698280084343
9675,121.42808660610547
9676,121.109536202424
9677,120.79133151888212
9678,120.47347248365186
9679,120.15595902399555
9680,119.83879106626897
9681,119.52313594230894
9682,119.20788394610014
9683,118.8929758889379
9684,118.57841169387201
9685,118.26419128306053
9686,117.95031457777212
9687,117.63686876531477
9688,117.324898090138
9689,117.01326954243065
9690,116.7019830402451
9691,116.39103850076118
9692,116.08043584028643
9693,115.7701749742582
9694,115.46058729885446
9695,115.15222083958184
9696,114.84419457990543
9697,114.53650843215127
9698,114.22916230778888
9699,113.92215611743735
9700,113.61548977086457
9701,113.3098324425932
9702,113.0050486827808
9703,112.70060315587989
9704,112.39649576864855
9705,112.09272642701043
9706,111.78929503605477
9707,111.48620150004153
9708,111.18454218937201
9709,110.88331923184076
9710,110.58243250313737
9711,110.28188190461296
9712,109.98166733680293
9713,109.6817886994287
9714,109.38266656604917
9715,109.08464785632509
9716,108.78696343844645
9717,108.48961320931427
9718,108.19259706503126
9719,107.89591490090318
9720,107.59956661144169
9721,107.30457501470246
9722,107.0100743012268
9723,106.71590581001355
9724,106.42206943285417
9725,106.12856506075985
9726,105.83539258396469
9727,105.54308163163348
9728,105.25174576765865
9729,104.96074013536969
9730,104.6700646223665
9731,104.37971911548495
9732,104.08970350080159
9733,103.80014371882044
9734,103.51195361106608
9735,103.22409172127401
9736,102.9365579329719
9737,102.64935212894068
9738,102.36247419121851
9739,102.07592400109998
9740,101.7906688470836
9741,101.50593135587334
9742,101.22151992626624
9743,100.9374344371061
9744,100.65367476650943
9745,100.37024079186769
9746,100.0878578763968
9747,99.80622522216595
9748,99.52491656848564
9749,99.24393179037914
9750,98.96327076215906
9751,98.6829333574292
9752,98.40348262506397
9753,98.12493503817835
9754,97.84670937053957
9755,97.56880549346506
9756,97.29122327757966
9757,97.01396259281499
9758,96.73750068243848
9759,96.46201819474187
9760,96.18685552563856
9761,95.91201254285738
9762,95.63748911344919
9763,95.36328510378698
9764,95.08986543669928
9765,94.81742789087606
9766,94.54530804453671
9767,94.27350576193348
9768,94.00202090665604
9769,93.73085334163405
9770,93.46052620801333
9771,93.19111326680529
9772,92.9220158883952
9773,92.6532339336709
9774,92.38476726287385
9775,92.116615735601
9776,91.84942837934388
9777,91.58301953461843
9778,91.3169240992976
9779,91.05114193101504
9780,90.78567288677525
9781,90.52051682295286
9782,90.25651352491965
9783,89.9930881065905
9784,89.7299739284206
9785,89.46717084490113
9786,89.20467870990831
9787,88.94249737670374
9788,88.68171953637895
9789,88.42125672117885
9790,88.16110296188688
9791,87.90125810995912
9792,87.64172201625152
9793,87.38280893487882
9794,87.12498074661615
9795,86.86745956672121
9796,86.6102452443097
9797,86.35333762790945
9798,86.09673656546396
9799,85.84113349925983
9800,85.58622805133803
9801,85.3316274028438
9802,85.07733140005479
9803,84.8233398886774
9804,84.56969961526652
9805,84.31739295494528
9806,84.06538902835685
9807,83.81368767960552
9808,83.56228875223597
9809,83.31119208923644
9810,83.06093604683113
9811,82.81151179926427
9812,82.56238805463065
9813,82.3135646543904
9814,82.06504143945907
9815,81.81683640767683
9816,81.56997471081253
9817,81.32341143546314
9818,81.07714642107774
9819,80.83117950657424
9820,80.58551053033938
9821,80.34075415480777
9822,80.09673413433171
9823,79.85301028545962
9824,79.60958244518454
9825,79.36645044998188
9826,79.12382399787298
9827,78.88232994352101
9828,78.6411299659844
9829,78.40022390040461
9830,78.15961158141765
9831,77.91929284315675
9832,77.6801702120871
9833,77.4414767430065
9834,77.20307508438043
9835,76.96496506907721
9836,76.72714652947344
9837,76.49022392114063
9838,76.25401953397443
9839,76.01810485138354
9840,75.78247970453842
9841,75.54714392413084
9842,75.31245775771231
9843,75.07872496720147
9844,74.84527977148673
9845,74.6121220001111
9846,74.37925148215031
9847,74.14683618722547
9848,73.91555745424162
9849,73.68456420284507
9850,73.45385626101923
9851,73.22343345629267
9852,72.99332152458054
9853,72.76447926088512
9854,72.53592036259872
9855,72.30764465621306
9856,72.07965196777612
9857,71.85194212289422
9858,71.62545057678827
9859,71.39930839640931
9860,71.1734472878114
9861,70.94786707562938
9862,70.7225675840674
9863,70.49842958376095
9864,70.27468644665372
9865,70.05122225920347
9866,69.82803684469683
9867,69.60513002600123
9868,69.38337252271941
9869,69.1620107192898
9870,68.94092574182369
9871,68.72011741232417
9872,68.49958555238591
9873,68.2802337593315
9874,68.06123554940596
9875,67.84251204060988
9876,67.62406305372559
9877,67.40589098680618
9878,67.18896584836371
9879,66.9723134654808
9880,66.75593365817157
9881,66.53982624606182
9882,66.32415743162208
9883,66.10989839469212
9884,65.89590956491884
9885,65.68219076149397
9886,65.4687418032315
9887,65.25556250857036
9888,65.04265269557614
9889,64.83079659043615
9890,64.61971588604777
9891,64.40890248090405
9892,64.19835619270935
9893,63.988076838804275
9894,63.778064236170266
9895,63.56852381363727
9896,63.360323014942416
9897,63.15238679124412
9898,62.94471495922401
9899,62.73730733521414
9900,62.530163735198755
9901,62.32328397481451
9902,62.11766413072153
9903,61.91257684638273
9904,61.70775123212186
9905,61.503187103347216
9906,61.29888427513114
9907,61.09484256221216
9908,60.89166760224435
9909,60.68940100003975
9910,60.487393350690326
9911,60.28564446876442
9912,60.08415416850644
9913,59.882922263839546
9914,59.68225719628598
9915,59.482783013669426
9916,59.283565071750765
9917,59.08460318433965
9918,58.885897164935166
9919,58.68744682672623
9920,58.48935228018674
9921,58.29264225882089
9922,58.09618577172857
9923,57.899982632042786
9924,57.70403265259691
9925,57.508335645924625
9926,57.31289142426413
9927,57.118893914077425
9928,56.92517064331195
9929,56.731698019313555
9930,56.53847585432762
9931,56.345503960312314
9932,56.15278214894123
9933,55.96144915668517
9934,55.7704308867971
9935,55.579660570128176
9936,55.389138018412055
9937,55.198863043107025
9938,55.008835455397076
9939,54.82021534897083
9940,54.63187389623388
9941,54.443777710869156
9942,54.25592660417422
9943,54.068320387181096
9944,53.881031777475634
9945,53.69509621965342
9946,53.50940344046333
9947,53.32395325109361
9948,53.13874546247758
9949,52.95377988529306
9950,52.769304351384974
9951,52.585992040145285
9952,52.402919839157335
9953,52.22008755930575
9954,52.03749501122971
9955,51.8551420053253
9956,51.67351690917565
9957,51.49279979595037
9958,51.31232013395145
9959,51.13207773382867
9960,50.95207240599717
9961,50.77230396063912
9962,50.593563253825664
9963,50.41541335325407
9964,50.2374982547788
9965,50.0598177688814
9966,49.88237170582083
9967,49.70517717896741
9968,49.5293342234917
9969,49.353723620801425
9970,49.17834518149383
9971,49.00319871595008
9972,48.82828403433765
9973,48.654046715924125
9974,48.480717849021026
9975,48.30761870715993
9976,48.13474910089096
9977,47.96210884055805
9978,47.78969773630062
9979,47.61844204906395
9980,47.44759950694151
9981,47.27698407346611
9982,47.1065955592026
9983,46.93643377452046
9984,46.76685454196263
9985,46.59824595837074
9986,46.42986206802075
9987,46.26170268174326
9988,46.093767610180095
9989,45.926056663786305
9990,45.75951377104914
9991,45.59333885585796
9992,45.42738604148575
9993,45.2616551388891
9994,45.09614595884545
9995,44.93127355614119
9996,44.76710638360846
9997,44.6031591602759
9998,44.439431697249816
9999,44.27592380546537
